Info    : Meshing 1D...
Info    : [  0%] Meshing curve 64 (Line)
Info    : [ 10%] Meshing curve 65 (Line)
Info    : [ 10%] Meshing curve 67 (Line)
Info    : [ 10%] Meshing curve 69 (Line)
Info    : [ 10%] Meshing curve 70 (Line)
Info    : [ 10%] Meshing curve 71 (Line)
Info    : [ 10%] Meshing curve 72 (Line)
Info    : [ 10%] Meshing curve 76 (Line)
Info    : [ 10%] Meshing curve 77 (Line)
Info    : [ 10%] Meshing curve 79 (Line)
Info    : [ 10%] Meshing curve 81 (Line)
Info    : [ 10%] Meshing curve 82 (Line)
Info    : [ 10%] Meshing curve 83 (Line)
Info    : [ 10%] Meshing curve 84 (Line)
Info    : [ 10%] Meshing curve 85 (Line)
Info    : [ 10%] Meshing curve 86 (Line)
Info    : [ 10%] Meshing curve 87 (Line)
Info    : [ 10%] Meshing curve 88 (Line)
Info    : [ 10%] Meshing curve 89 (Line)
Info    : [ 10%] Meshing curve 90 (Line)
Info    : [ 10%] Meshing curve 91 (Line)
Info    : [ 10%] Meshing curve 92 (Line)
Info    : [ 10%] Meshing curve 93 (Line)
Info    : [ 10%] Meshing curve 94 (Line)
Info    : [ 10%] Meshing curve 95 (Line)
Info    : [ 10%] Meshing curve 96 (Line)
Info    : [ 10%] Meshing curve 97 (Line)
Info    : [ 10%] Meshing curve 98 (Line)
Info    : [ 10%] Meshing curve 99 (Line)
Info    : [ 10%] Meshing curve 100 (Line)
Info    : [ 10%] Meshing curve 101 (Line)
Info    : [ 10%] Meshing curve 102 (Line)
Info    : [ 10%] Meshing curve 103 (Line)
Info    : [ 10%] Meshing curve 104 (Line)
Info    : [ 20%] Meshing curve 105 (Line)
Info    : [ 20%] Meshing curve 106 (Line)
Info    : [ 20%] Meshing curve 107 (Line)
Info    : [ 20%] Meshing curve 108 (Line)
Info    : [ 20%] Meshing curve 109 (Line)
Info    : [ 20%] Meshing curve 110 (Line)
Info    : [ 20%] Meshing curve 111 (Line)
Info    : [ 20%] Meshing curve 112 (Line)
Info    : [ 20%] Meshing curve 113 (Line)
Info    : [ 20%] Meshing curve 114 (Line)
Info    : [ 20%] Meshing curve 115 (Line)
Info    : [ 20%] Meshing curve 116 (Line)
Info    : [ 20%] Meshing curve 117 (Line)
Info    : [ 20%] Meshing curve 118 (Line)
Info    : [ 20%] Meshing curve 119 (Line)
Info    : [ 20%] Meshing curve 120 (Line)
Info    : [ 20%] Meshing curve 121 (Line)
Info    : [ 20%] Meshing curve 122 (Line)
Info    : [ 20%] Meshing curve 123 (Line)
Info    : [ 20%] Meshing curve 124 (Line)
Info    : [ 20%] Meshing curve 125 (Line)
Info    : [ 20%] Meshing curve 126 (Line)
Info    : [ 20%] Meshing curve 127 (Line)
Info    : [ 20%] Meshing curve 128 (Line)
Info    : [ 20%] Meshing curve 129 (Line)
Info    : [ 20%] Meshing curve 130 (Line)
Info    : [ 20%] Meshing curve 131 (Line)
Info    : [ 20%] Meshing curve 132 (Line)
Info    : [ 20%] Meshing curve 133 (Line)
Info    : [ 20%] Meshing curve 134 (Line)
Info    : [ 20%] Meshing curve 135 (Line)
Info    : [ 20%] Meshing curve 136 (Line)
Info    : [ 20%] Meshing curve 137 (Line)
Info    : [ 20%] Meshing curve 138 (Line)
Info    : [ 30%] Meshing curve 139 (Line)
Info    : [ 30%] Meshing curve 140 (Line)
Info    : [ 30%] Meshing curve 141 (Line)
Info    : [ 30%] Meshing curve 142 (Line)
Info    : [ 30%] Meshing curve 143 (Line)
Info    : [ 30%] Meshing curve 144 (Line)
Info    : [ 30%] Meshing curve 145 (Line)
Info    : [ 30%] Meshing curve 146 (Line)
Info    : [ 30%] Meshing curve 147 (Line)
Info    : [ 30%] Meshing curve 148 (Line)
Info    : [ 30%] Meshing curve 149 (Line)
Info    : [ 30%] Meshing curve 150 (Line)
Info    : [ 30%] Meshing curve 151 (Line)
Info    : [ 30%] Meshing curve 152 (Line)
Info    : [ 30%] Meshing curve 153 (Line)
Info    : [ 30%] Meshing curve 154 (Line)
Info    : [ 30%] Meshing curve 155 (Line)
Info    : [ 30%] Meshing curve 156 (Line)
Info    : [ 30%] Meshing curve 397 (Line)
Info    : [ 30%] Meshing curve 398 (Line)
Info    : [ 30%] Meshing curve 399 (Line)
Info    : [ 30%] Meshing curve 400 (Line)
Info    : [ 30%] Meshing curve 401 (Line)
Info    : [ 30%] Meshing curve 402 (Line)
Info    : [ 30%] Meshing curve 403 (Line)
Info    : [ 30%] Meshing curve 404 (Line)
Info    : [ 30%] Meshing curve 405 (Line)
Info    : [ 30%] Meshing curve 406 (Line)
Info    : [ 30%] Meshing curve 407 (Line)
Info    : [ 30%] Meshing curve 408 (Line)
Info    : [ 30%] Meshing curve 409 (TrimmedCurve)
Info    : [ 30%] Meshing curve 410 (Line)
Info    : [ 30%] Meshing curve 411 (TrimmedCurve)
Info    : [ 30%] Meshing curve 412 (Line)
Info    : [ 40%] Meshing curve 413 (Line)
Info    : [ 40%] Meshing curve 414 (Line)
Info    : [ 40%] Meshing curve 415 (Line)
Info    : [ 40%] Meshing curve 416 (Line)
Info    : [ 40%] Meshing curve 417 (Line)
Info    : [ 40%] Meshing curve 418 (Line)
Info    : [ 40%] Meshing curve 419 (Line)
Info    : [ 40%] Meshing curve 420 (TrimmedCurve)
Info    : [ 40%] Meshing curve 421 (Line)
Info    : [ 40%] Meshing curve 422 (TrimmedCurve)
Info    : [ 40%] Meshing curve 423 (Line)
Info    : [ 40%] Meshing curve 424 (Line)
Info    : [ 40%] Meshing curve 425 (Line)
Info    : [ 40%] Meshing curve 426 (Line)
Info    : [ 40%] Meshing curve 427 (Line)
Info    : [ 40%] Meshing curve 428 (Line)
Info    : [ 40%] Meshing curve 429 (Line)
Info    : [ 40%] Meshing curve 430 (Line)
Info    : [ 40%] Meshing curve 431 (Line)
Info    : [ 40%] Meshing curve 432 (Line)
Info    : [ 40%] Meshing curve 433 (TrimmedCurve)
Info    : [ 40%] Meshing curve 434 (Line)
Info    : [ 40%] Meshing curve 435 (TrimmedCurve)
Info    : [ 40%] Meshing curve 436 (Line)
Info    : [ 40%] Meshing curve 437 (Line)
Info    : [ 40%] Meshing curve 438 (Line)
Info    : [ 40%] Meshing curve 439 (Line)
Info    : [ 40%] Meshing curve 440 (TrimmedCurve)
Info    : [ 40%] Meshing curve 441 (Line)
Info    : [ 40%] Meshing curve 442 (TrimmedCurve)
Info    : [ 40%] Meshing curve 443 (Line)
Info    : [ 40%] Meshing curve 444 (TrimmedCurve)
Info    : [ 40%] Meshing curve 445 (Line)
Info    : [ 40%] Meshing curve 446 (TrimmedCurve)
Info    : [ 50%] Meshing curve 447 (Line)
Info    : [ 50%] Meshing curve 448 (TrimmedCurve)
Info    : [ 50%] Meshing curve 449 (Line)
Info    : [ 50%] Meshing curve 450 (Line)
Info    : [ 50%] Meshing curve 451 (Line)
Info    : [ 50%] Meshing curve 452 (Line)
Info    : [ 50%] Meshing curve 453 (Line)
Info    : [ 50%] Meshing curve 454 (TrimmedCurve)
Info    : [ 50%] Meshing curve 455 (Line)
Info    : [ 50%] Meshing curve 456 (TrimmedCurve)
Info    : [ 50%] Meshing curve 457 (Line)
Info    : [ 50%] Meshing curve 458 (TrimmedCurve)
Info    : [ 50%] Meshing curve 459 (Line)
Info    : [ 50%] Meshing curve 460 (TrimmedCurve)
Info    : [ 50%] Meshing curve 461 (Line)
Info    : [ 50%] Meshing curve 462 (TrimmedCurve)
Info    : [ 50%] Meshing curve 463 (Line)
Info    : [ 50%] Meshing curve 464 (TrimmedCurve)
Info    : [ 50%] Meshing curve 465 (Line)
Info    : [ 50%] Meshing curve 466 (Line)
Info    : [ 50%] Meshing curve 467 (Line)
Info    : [ 50%] Meshing curve 468 (Line)
Info    : [ 50%] Meshing curve 469 (Line)
Info    : [ 50%] Meshing curve 470 (TrimmedCurve)
Info    : [ 50%] Meshing curve 471 (Line)
Info    : [ 50%] Meshing curve 472 (Line)
Info    : [ 50%] Meshing curve 473 (Line)
Info    : [ 50%] Meshing curve 474 (Line)
Info    : [ 50%] Meshing curve 475 (TrimmedCurve)
Info    : [ 50%] Meshing curve 476 (Line)
Info    : [ 50%] Meshing curve 477 (TrimmedCurve)
Info    : [ 50%] Meshing curve 478 (Line)
Info    : [ 50%] Meshing curve 479 (TrimmedCurve)
Info    : [ 50%] Meshing curve 480 (Line)
Info    : [ 60%] Meshing curve 481 (TrimmedCurve)
Info    : [ 60%] Meshing curve 482 (Line)
Info    : [ 60%] Meshing curve 483 (TrimmedCurve)
Info    : [ 60%] Meshing curve 484 (Line)
Info    : [ 60%] Meshing curve 485 (Line)
Info    : [ 60%] Meshing curve 486 (Line)
Info    : [ 60%] Meshing curve 487 (Line)
Info    : [ 60%] Meshing curve 488 (Line)
Info    : [ 60%] Meshing curve 489 (TrimmedCurve)
Info    : [ 60%] Meshing curve 490 (Line)
Info    : [ 60%] Meshing curve 491 (TrimmedCurve)
Info    : [ 60%] Meshing curve 492 (Line)
Info    : [ 60%] Meshing curve 493 (TrimmedCurve)
Info    : [ 60%] Meshing curve 494 (Line)
Info    : [ 60%] Meshing curve 495 (TrimmedCurve)
Info    : [ 60%] Meshing curve 496 (Line)
Info    : [ 60%] Meshing curve 497 (TrimmedCurve)
Info    : [ 60%] Meshing curve 498 (Line)
Info    : [ 60%] Meshing curve 499 (TrimmedCurve)
Info    : [ 60%] Meshing curve 500 (Line)
Info    : [ 60%] Meshing curve 501 (Line)
Info    : [ 60%] Meshing curve 502 (Line)
Info    : [ 60%] Meshing curve 503 (Line)
Info    : [ 60%] Meshing curve 504 (Line)
Info    : [ 60%] Meshing curve 505 (TrimmedCurve)
Info    : [ 60%] Meshing curve 506 (Line)
Info    : [ 60%] Meshing curve 507 (Line)
Info    : [ 60%] Meshing curve 508 (Line)
Info    : [ 60%] Meshing curve 509 (Line)
Info    : [ 60%] Meshing curve 510 (Line)
Info    : [ 60%] Meshing curve 511 (Line)
Info    : [ 60%] Meshing curve 512 (Line)
Info    : [ 60%] Meshing curve 513 (Line)
Info    : [ 70%] Meshing curve 514 (Line)
Info    : [ 70%] Meshing curve 515 (Line)
Info    : [ 70%] Meshing curve 516 (Line)
Info    : [ 70%] Meshing curve 517 (Line)
Info    : [ 70%] Meshing curve 518 (Line)
Info    : [ 70%] Meshing curve 519 (Line)
Info    : [ 70%] Meshing curve 520 (Line)
Info    : [ 70%] Meshing curve 521 (Line)
Info    : [ 70%] Meshing curve 522 (Line)
Info    : [ 70%] Meshing curve 523 (Line)
Info    : [ 70%] Meshing curve 524 (Line)
Info    : [ 70%] Meshing curve 525 (Line)
Info    : [ 70%] Meshing curve 526 (Line)
Info    : [ 70%] Meshing curve 527 (Line)
Info    : [ 70%] Meshing curve 528 (Line)
Info    : [ 70%] Meshing curve 529 (Line)
Info    : [ 70%] Meshing curve 530 (Line)
Info    : [ 70%] Meshing curve 531 (Line)
Info    : [ 70%] Meshing curve 532 (Line)
Info    : [ 70%] Meshing curve 533 (Line)
Info    : [ 70%] Meshing curve 534 (Line)
Info    : [ 70%] Meshing curve 535 (Line)
Info    : [ 70%] Meshing curve 536 (Line)
Info    : [ 70%] Meshing curve 537 (Line)
Info    : [ 70%] Meshing curve 538 (Line)
Info    : [ 70%] Meshing curve 539 (Line)
Info    : [ 70%] Meshing curve 540 (Line)
Info    : [ 70%] Meshing curve 541 (Line)
Info    : [ 70%] Meshing curve 542 (Line)
Info    : [ 70%] Meshing curve 543 (Line)
Info    : [ 70%] Meshing curve 544 (Line)
Info    : [ 70%] Meshing curve 545 (Line)
Info    : [ 70%] Meshing curve 546 (Line)
Info    : [ 70%] Meshing curve 547 (Line)
Info    : [ 80%] Meshing curve 548 (Line)
Info    : [ 80%] Meshing curve 549 (Line)
Info    : [ 80%] Meshing curve 550 (Line)
Info    : [ 80%] Meshing curve 551 (Line)
Info    : [ 80%] Meshing curve 552 (TrimmedCurve)
Info    : [ 80%] Meshing curve 553 (Line)
Info    : [ 80%] Meshing curve 554 (Line)
Info    : [ 80%] Meshing curve 555 (Line)
Info    : [ 80%] Meshing curve 556 (Line)
Info    : [ 80%] Meshing curve 557 (Line)
Info    : [ 80%] Meshing curve 558 (TrimmedCurve)
Info    : [ 80%] Meshing curve 559 (Line)
Info    : [ 80%] Meshing curve 560 (Line)
Info    : [ 80%] Meshing curve 561 (TrimmedCurve)
Info    : [ 80%] Meshing curve 562 (Line)
Info    : [ 80%] Meshing curve 563 (Line)
Info    : [ 80%] Meshing curve 564 (Line)
Info    : [ 80%] Meshing curve 565 (Line)
Info    : [ 80%] Meshing curve 566 (Line)
Info    : [ 80%] Meshing curve 567 (TrimmedCurve)
Info    : [ 80%] Meshing curve 568 (Line)
Info    : [ 80%] Meshing curve 569 (Line)
Info    : [ 80%] Meshing curve 570 (Line)
Info    : [ 80%] Meshing curve 571 (Line)
Info    : [ 80%] Meshing curve 572 (Line)
Info    : [ 80%] Meshing curve 573 (Line)
Info    : [ 80%] Meshing curve 574 (Line)
Info    : [ 80%] Meshing curve 575 (Line)
Info    : [ 80%] Meshing curve 576 (Line)
Info    : [ 80%] Meshing curve 577 (Line)
Info    : [ 80%] Meshing curve 578 (Line)
Info    : [ 80%] Meshing curve 579 (Line)
Info    : [ 80%] Meshing curve 580 (Line)
Info    : [ 80%] Meshing curve 581 (Line)
Info    : [ 90%] Meshing curve 582 (Line)
Info    : [ 90%] Meshing curve 583 (Line)
Info    : [ 90%] Meshing curve 584 (Line)
Info    : [ 90%] Meshing curve 585 (Line)
Info    : [ 90%] Meshing curve 586 (Line)
Info    : [ 90%] Meshing curve 587 (Line)
Info    : [ 90%] Meshing curve 588 (Line)
Info    : [ 90%] Meshing curve 589 (Line)
Info    : [ 90%] Meshing curve 590 (Line)
Info    : [ 90%] Meshing curve 591 (Line)
Info    : [ 90%] Meshing curve 592 (Line)
Info    : [ 90%] Meshing curve 593 (Line)
Info    : [ 90%] Meshing curve 594 (Line)
Info    : [ 90%] Meshing curve 595 (Line)
Info    : [ 90%] Meshing curve 596 (Line)
Info    : [ 90%] Meshing curve 597 (Line)
Info    : [ 90%] Meshing curve 598 (Line)
Info    : [ 90%] Meshing curve 599 (Line)
Info    : [ 90%] Meshing curve 600 (Line)
Info    : [ 90%] Meshing curve 601 (Line)
Info    : [ 90%] Meshing curve 602 (Line)
Info    : [ 90%] Meshing curve 603 (Line)
Info    : [ 90%] Meshing curve 604 (Line)
Info    : [ 90%] Meshing curve 605 (Line)
Info    : [ 90%] Meshing curve 606 (Line)
Info    : [ 90%] Meshing curve 607 (Line)
Info    : [ 90%] Meshing curve 608 (Line)
Info    : [ 90%] Meshing curve 609 (Line)
Info    : [ 90%] Meshing curve 610 (Line)
Info    : [ 90%] Meshing curve 611 (Line)
Info    : [ 90%] Meshing curve 612 (Line)
Info    : [ 90%] Meshing curve 613 (Line)
Info    : [ 90%] Meshing curve 614 (Line)
Info    : [ 90%] Meshing curve 615 (Line)
Info    : [100%] Meshing curve 616 (Line)
Info    : [100%] Meshing curve 617 (Line)
Info    : [100%] Meshing curve 618 (Line)
Info    : [100%] Meshing curve 619 (Line)
Info    : [100%] Meshing curve 620 (Line)
Info    : [100%] Meshing curve 621 (Line)
Info    : [100%] Meshing curve 622 (Line)
Info    : [100%] Meshing curve 623 (Line)
Info    : [100%] Meshing curve 624 (Line)
Info    : [100%] Meshing curve 625 (Line)
Info    : [100%] Meshing curve 626 (Line)
Info    : [100%] Meshing curve 627 (Line)
Info    : [100%] Meshing curve 628 (Line)
Info    : [100%] Meshing curve 629 (Line)
Info    : [100%] Meshing curve 630 (Line)
Info    : [100%] Meshing curve 631 (Line)
Info    : [100%] Meshing curve 632 (Line)
Info    : [100%] Meshing curve 633 (Line)
Info    : [100%] Meshing curve 634 (Line)
Info    : [100%] Meshing curve 635 (Line)
Info    : [100%] Meshing curve 636 (Line)
Info    : [100%] Meshing curve 637 (Line)
Info    : [100%] Meshing curve 638 (Line)
Info    : [100%] Meshing curve 639 (Line)
Info    : [100%] Meshing curve 640 (Line)
Info    : [100%] Meshing curve 641 (Line)
Info    : [100%] Meshing curve 642 (Line)
Info    : [100%] Meshing curve 643 (Line)
Info    : [100%] Meshing curve 644 (Line)
Info    : [100%] Meshing curve 645 (Line)
Info    : [100%] Meshing curve 646 (Line)
Info    : [100%] Meshing curve 647 (Line)
Info    : [100%] Meshing curve 648 (Line)
Info    : Done meshing 1D (Wall 1.87938s, CPU 1.87371s)
Info    : Meshing 2D...
Info    : [  0%] Meshing surface 35 (Plane, Delaunay)
Info    : [ 10%] Meshing surface 41 (Plane, Delaunay)
Info    : [ 10%] Meshing surface 43 (Plane, Delaunay)
Info    : [ 10%] Meshing surface 44 (Plane, Delaunay)
Info    : [ 10%] Meshing surface 45 (Plane, Delaunay)
Info    : [ 10%] Meshing surface 46 (Plane, Delaunay)
Info    : [ 10%] Meshing surface 47 (Plane, Delaunay)
Info    : [ 10%] Meshing surface 48 (Plane, Delaunay)
Info    : [ 10%] Meshing surface 49 (Plane, Delaunay)
Info    : [ 10%] Meshing surface 50 (Plane, Delaunay)
Info    : [ 10%] Meshing surface 51 (Plane, Delaunay)
Info    : [ 10%] Meshing surface 53 (Plane, Delaunay)
Info    : [ 10%] Meshing surface 54 (Plane, Delaunay)
Info    : [ 10%] Meshing surface 55 (Plane, Delaunay)
Info    : [ 10%] Meshing surface 56 (Plane, Delaunay)
Info    : [ 20%] Meshing surface 57 (Plane, Delaunay)
Info    : [ 20%] Meshing surface 58 (Plane, Delaunay)
Info    : [ 20%] Meshing surface 59 (Plane, Delaunay)
Info    : [ 20%] Meshing surface 60 (Plane, Delaunay)
Info    : [ 20%] Meshing surface 61 (Plane, Delaunay)
Info    : [ 20%] Meshing surface 62 (Plane, Delaunay)
Info    : [ 20%] Meshing surface 63 (Plane, Delaunay)
Info    : [ 20%] Meshing surface 64 (Plane, Delaunay)
Info    : [ 20%] Meshing surface 65 (Plane, Delaunay)
Info    : [ 20%] Meshing surface 66 (Plane, Delaunay)
Info    : [ 20%] Meshing surface 67 (Plane, Delaunay)
Info    : [ 20%] Meshing surface 68 (Plane, Delaunay)
Info    : [ 20%] Meshing surface 69 (Plane, Delaunay)
Info    : [ 20%] Meshing surface 70 (Plane, Delaunay)
Info    : [ 20%] Meshing surface 71 (Plane, Delaunay)
Info    : [ 30%] Meshing surface 72 (Plane, Delaunay)
Info    : [ 30%] Meshing surface 73 (Plane, Delaunay)
Info    : [ 30%] Meshing surface 74 (Plane, Delaunay)
Info    : [ 30%] Meshing surface 75 (Plane, Delaunay)
Info    : [ 30%] Meshing surface 76 (Plane, Delaunay)
Info    : [ 30%] Meshing surface 179 (Plane, Delaunay)
Info    : [ 30%] Meshing surface 180 (Plane, Delaunay)
Info    : [ 30%] Meshing surface 181 (Plane, Delaunay)
Info    : [ 30%] Meshing surface 183 (Plane, Delaunay)
Info    : [ 30%] Meshing surface 184 (Plane, Delaunay)
Info    : [ 30%] Meshing surface 185 (Plane, Delaunay)
Info    : [ 30%] Meshing surface 186 (Plane, Delaunay)
Info    : [ 30%] Meshing surface 187 (Plane, Delaunay)
Info    : [ 30%] Meshing surface 188 (Plane, Delaunay)
Info    : [ 40%] Meshing surface 189 (Plane, Delaunay)
Info    : [ 40%] Meshing surface 190 (Plane, Delaunay)
Info    : [ 40%] Meshing surface 191 (Plane, Delaunay)
Info    : [ 40%] Meshing surface 192 (Plane, Delaunay)
Info    : [ 40%] Meshing surface 193 (Plane, Delaunay)
Info    : [ 40%] Meshing surface 195 (Plane, Delaunay)
Info    : [ 40%] Meshing surface 196 (Plane, Delaunay)
Info    : [ 40%] Meshing surface 197 (Plane, Delaunay)
Info    : [ 40%] Meshing surface 198 (Plane, Delaunay)
Info    : [ 40%] Meshing surface 199 (Plane, Delaunay)
Info    : [ 40%] Meshing surface 200 (Plane, Delaunay)
Info    : [ 40%] Meshing surface 201 (Plane, Delaunay)
Info    : [ 40%] Meshing surface 202 (Plane, Delaunay)
Info    : [ 40%] Meshing surface 203 (Plane, Delaunay)
Info    : [ 40%] Meshing surface 204 (Plane, Delaunay)
Info    : [ 50%] Meshing surface 205 (Plane, Delaunay)
Info    : [ 50%] Meshing surface 206 (Plane, Delaunay)
Info    : [ 50%] Meshing surface 207 (Plane, Delaunay)
Info    : [ 50%] Meshing surface 208 (Plane, Delaunay)
Info    : [ 50%] Meshing surface 209 (Plane, Delaunay)
Info    : [ 50%] Meshing surface 210 (Plane, Delaunay)
Info    : [ 50%] Meshing surface 211 (Plane, Delaunay)
Info    : [ 50%] Meshing surface 212 (Plane, Delaunay)
Info    : [ 50%] Meshing surface 213 (Plane, Delaunay)
Info    : [ 50%] Meshing surface 214 (Plane, Delaunay)
Info    : [ 50%] Meshing surface 215 (Plane, Delaunay)
Info    : [ 50%] Meshing surface 216 (Plane, Delaunay)
Info    : [ 50%] Meshing surface 217 (Plane, Delaunay)
Info    : [ 50%] Meshing surface 218 (Plane, Delaunay)
Info    : [ 50%] Meshing surface 219 (Plane, Delaunay)
Info    : [ 60%] Meshing surface 220 (Plane, Delaunay)
Info    : [ 60%] Meshing surface 221 (Plane, Delaunay)
Info    : [ 60%] Meshing surface 222 (Plane, Delaunay)
Info    : [ 60%] Meshing surface 223 (Plane, Delaunay)
Info    : [ 60%] Meshing surface 224 (Plane, Delaunay)
Info    : [ 60%] Meshing surface 225 (Plane, Delaunay)
Info    : [ 60%] Meshing surface 226 (Plane, Delaunay)
Info    : [ 60%] Meshing surface 227 (Plane, Delaunay)
Info    : [ 60%] Meshing surface 228 (Plane, Delaunay)
Info    : [ 60%] Meshing surface 229 (Plane, Delaunay)
Info    : [ 60%] Meshing surface 230 (Plane, Delaunay)
Info    : [ 60%] Meshing surface 231 (Plane, Delaunay)
Info    : [ 60%] Meshing surface 232 (Plane, Delaunay)
Info    : [ 60%] Meshing surface 233 (Plane, Delaunay)
Info    : [ 70%] Meshing surface 235 (Plane, Delaunay)
Info    : [ 70%] Meshing surface 236 (Plane, Delaunay)
Info    : [ 70%] Meshing surface 237 (Plane, Delaunay)
Info    : [ 70%] Meshing surface 238 (Plane, Delaunay)
Info    : [ 70%] Meshing surface 239 (Plane, Delaunay)
Info    : [ 70%] Meshing surface 240 (Plane, Delaunay)
Info    : [ 70%] Meshing surface 241 (Plane, Delaunay)
Info    : [ 70%] Meshing surface 242 (Plane, Delaunay)
Info    : [ 70%] Meshing surface 243 (Plane, Delaunay)
Info    : [ 70%] Meshing surface 244 (Plane, Delaunay)
Info    : [ 70%] Meshing surface 245 (Plane, Delaunay)
Info    : [ 70%] Meshing surface 246 (Plane, Delaunay)
Info    : [ 70%] Meshing surface 247 (Plane, Delaunay)
Info    : [ 70%] Meshing surface 248 (Plane, Delaunay)
Info    : [ 70%] Meshing surface 249 (Plane, Delaunay)
Info    : [ 80%] Meshing surface 250 (Plane, Delaunay)
Info    : [ 80%] Meshing surface 251 (Plane, Delaunay)
Info    : [ 80%] Meshing surface 252 (Plane, Delaunay)
Info    : [ 80%] Meshing surface 253 (Plane, Delaunay)
Info    : [ 80%] Meshing surface 254 (Plane, Delaunay)
Info    : [ 80%] Meshing surface 255 (Plane, Delaunay)
Info    : [ 80%] Meshing surface 256 (Plane, Delaunay)
Info    : [ 80%] Meshing surface 257 (Plane, Delaunay)
Info    : [ 80%] Meshing surface 258 (Plane, Delaunay)
Info    : [ 80%] Meshing surface 259 (Plane, Delaunay)
Info    : [ 80%] Meshing surface 260 (Plane, Delaunay)
Info    : [ 80%] Meshing surface 261 (Plane, Delaunay)
Info    : [ 80%] Meshing surface 262 (Plane, Delaunay)
Info    : [ 80%] Meshing surface 263 (Plane, Delaunay)
Info    : [ 90%] Meshing surface 264 (Plane, Delaunay)
Info    : [ 90%] Meshing surface 265 (Plane, Delaunay)
Info    : [ 90%] Meshing surface 266 (Plane, Delaunay)
Info    : [ 90%] Meshing surface 267 (Plane, Delaunay)
Info    : [ 90%] Meshing surface 268 (Plane, Delaunay)
Info    : [ 90%] Meshing surface 269 (Plane, Delaunay)
Info    : [ 90%] Meshing surface 270 (Plane, Delaunay)
Info    : [ 90%] Meshing surface 271 (Plane, Delaunay)
Info    : [ 90%] Meshing surface 272 (Plane, Delaunay)
Info    : [ 90%] Meshing surface 273 (Plane, Delaunay)
Info    : [ 90%] Meshing surface 274 (Plane, Delaunay)
Info    : [ 90%] Meshing surface 275 (Plane, Delaunay)
Info    : [ 90%] Meshing surface 276 (Plane, Delaunay)
Info    : [ 90%] Meshing surface 277 (Plane, Delaunay)
Info    : [ 90%] Meshing surface 278 (Plane, Delaunay)
Info    : [100%] Meshing surface 279 (Plane, Delaunay)
Info    : [100%] Meshing surface 280 (Plane, Delaunay)
Info    : [100%] Meshing surface 281 (Plane, Delaunay)
Info    : [100%] Meshing surface 282 (Plane, Delaunay)
Info    : [100%] Meshing surface 283 (Plane, Delaunay)
Info    : [100%] Meshing surface 284 (Plane, Delaunay)
Info    : [100%] Meshing surface 285 (Plane, Delaunay)
Info    : [100%] Meshing surface 286 (Plane, Delaunay)
Info    : [100%] Meshing surface 287 (Plane, Delaunay)
Info    : [100%] Meshing surface 288 (Plane, Delaunay)
Info    : [100%] Meshing surface 289 (Plane, Delaunay)
Info    : [100%] Meshing surface 290 (Plane, Delaunay)
Info    : [100%] Meshing surface 291 (Plane, Delaunay)
Info    : [100%] Meshing surface 292 (Plane, Delaunay)
Info    : Done meshing 2D (Wall 0.665637s, CPU 0.663641s)
Info    : Meshing 3D...
Info    : 3D Meshing 16 volumes with 1 connected component
Info    : Tetrahedrizing 5889 nodes...
Info    : Done tetrahedrizing 5897 nodes (Wall 0.0688788s, CPU 0.068667s)
Info    : Reconstructing mesh...
Info    :  - Creating surface mesh
Info    :  - Identifying boundary edges
Info    :  - Recovering boundary
Info    :  - Added 40 Steiner points
Info    : Done reconstructing mesh (Wall 0.258951s, CPU 0.217746s)
Info    : Found volume 28
Info    : Found volume 29
Info    : Found volume 24
Info    : Found volume 27
Info    : Found volume 11
Info    : Found volume 31
Info    : Found volume 30
Info    : Found volume 7
Info    : Found volume 6
Info    : Found volume 8
Info    : Found volume 32
Info    : Found volume 26
Info    : Found volume 25
Info    : Found volume 9
Info    : Found volume 10
Info    : Found volume 12
Info    : It. 0 - 0 nodes created - worst tet radius 16.5194 (nodes removed 0 0)
Info    : It. 500 - 0 nodes created - worst tet radius 4.88398 (nodes removed 0 500)
Info    : It. 1000 - 9 nodes created - worst tet radius 3.03083 (nodes removed 0 991)
Info    : It. 1500 - 35 nodes created - worst tet radius 2.02616 (nodes removed 0 1465)
Info    : It. 2000 - 93 nodes created - worst tet radius 1.52825 (nodes removed 0 1907)
Info    : It. 2500 - 176 nodes created - worst tet radius 1.26797 (nodes removed 0 2324)
Info    : It. 3000 - 292 nodes created - worst tet radius 1.12773 (nodes removed 1 2707)
Info    : It. 3500 - 434 nodes created - worst tet radius 1.03413 (nodes removed 2 3064)
Info    : 3D refinement terminated (6438 nodes total):
Info    :  - 1 Delaunay cavities modified for star shapeness
Info    :  - 3222 nodes could not be inserted
Info    :  - 38131 tetrahedra created in 0.170631 sec. (223470 tets/s)
Info    : 644 node relocations
Info    : Done meshing 3D (Wall 0.92716s, CPU 0.883942s)
Info    : Optimizing mesh...
Info    : Optimizing volume 6
Info    : Optimization starts (volume = 234) with worst = 0.209192 / average = 0.599769:
Info    : 0.00 < quality < 0.10 :         0 elements
Info    : 0.10 < quality < 0.20 :         0 elements
Info    : 0.20 < quality < 0.30 :        35 elements
Info    : 0.30 < quality < 0.40 :         7 elements
Info    : 0.40 < quality < 0.50 :         3 elements
Info    : 0.50 < quality < 0.60 :         6 elements
Info    : 0.60 < quality < 0.70 :        60 elements
Info    : 0.70 < quality < 0.80 :        46 elements
Info    : 0.80 < quality < 0.90 :        10 elements
Info    : 0.90 < quality < 1.00 :         1 elements
Info    : No ill-shaped tets in the mesh :-)
Info    : 0.00 < quality < 0.10 :         0 elements
Info    : 0.10 < quality < 0.20 :         0 elements
Info    : 0.20 < quality < 0.30 :        35 elements
Info    : 0.30 < quality < 0.40 :         7 elements
Info    : 0.40 < quality < 0.50 :         3 elements
Info    : 0.50 < quality < 0.60 :         6 elements
Info    : 0.60 < quality < 0.70 :        60 elements
Info    : 0.70 < quality < 0.80 :        46 elements
Info    : 0.80 < quality < 0.90 :        10 elements
Info    : 0.90 < quality < 1.00 :         1 elements
Info    : Optimizing volume 7
Info    : Optimization starts (volume = 234) with worst = 0.209192 / average = 0.599961:
Info    : 0.00 < quality < 0.10 :         0 elements
Info    : 0.10 < quality < 0.20 :         0 elements
Info    : 0.20 < quality < 0.30 :        35 elements
Info    : 0.30 < quality < 0.40 :         7 elements
Info    : 0.40 < quality < 0.50 :         3 elements
Info    : 0.50 < quality < 0.60 :         6 elements
Info    : 0.60 < quality < 0.70 :        60 elements
Info    : 0.70 < quality < 0.80 :        46 elements
Info    : 0.80 < quality < 0.90 :        10 elements
Info    : 0.90 < quality < 1.00 :         1 elements
Info    : No ill-shaped tets in the mesh :-)
Info    : 0.00 < quality < 0.10 :         0 elements
Info    : 0.10 < quality < 0.20 :         0 elements
Info    : 0.20 < quality < 0.30 :        35 elements
Info    : 0.30 < quality < 0.40 :         7 elements
Info    : 0.40 < quality < 0.50 :         3 elements
Info    : 0.50 < quality < 0.60 :         6 elements
Info    : 0.60 < quality < 0.70 :        60 elements
Info    : 0.70 < quality < 0.80 :        46 elements
Info    : 0.80 < quality < 0.90 :        10 elements
Info    : 0.90 < quality < 1.00 :         1 elements
Info    : Optimizing volume 8
Info    : Optimization starts (volume = 109.224) with worst = 0.219132 / average = 0.608138:
Info    : 0.00 < quality < 0.10 :         0 elements
Info    : 0.10 < quality < 0.20 :         0 elements
Info    : 0.20 < quality < 0.30 :         6 elements
Info    : 0.30 < quality < 0.40 :        10 elements
Info    : 0.40 < quality < 0.50 :        24 elements
Info    : 0.50 < quality < 0.60 :        14 elements
Info    : 0.60 < quality < 0.70 :        18 elements
Info    : 0.70 < quality < 0.80 :        18 elements
Info    : 0.80 < quality < 0.90 :        20 elements
Info    : 0.90 < quality < 1.00 :         4 elements
Info    : No ill-shaped tets in the mesh :-)
Info    : 0.00 < quality < 0.10 :         0 elements
Info    : 0.10 < quality < 0.20 :         0 elements
Info    : 0.20 < quality < 0.30 :         6 elements
Info    : 0.30 < quality < 0.40 :        10 elements
Info    : 0.40 < quality < 0.50 :        24 elements
Info    : 0.50 < quality < 0.60 :        14 elements
Info    : 0.60 < quality < 0.70 :        18 elements
Info    : 0.70 < quality < 0.80 :        18 elements
Info    : 0.80 < quality < 0.90 :        20 elements
Info    : 0.90 < quality < 1.00 :         4 elements
Info    : Optimizing volume 9
Info    : Optimization starts (volume = 2.268) with worst = 0.266475 / average = 0.325093:
Info    : 0.00 < quality < 0.10 :         0 elements
Info    : 0.10 < quality < 0.20 :         0 elements
Info    : 0.20 < quality < 0.30 :         4 elements
Info    : 0.30 < quality < 0.40 :         8 elements
Info    : 0.40 < quality < 0.50 :         0 elements
Info    : 0.50 < quality < 0.60 :         0 elements
Info    : 0.60 < quality < 0.70 :         0 elements
Info    : 0.70 < quality < 0.80 :         0 elements
Info    : 0.80 < quality < 0.90 :         0 elements
Info    : 0.90 < quality < 1.00 :         0 elements
Info    : No ill-shaped tets in the mesh :-)
Info    : 0.00 < quality < 0.10 :         0 elements
Info    : 0.10 < quality < 0.20 :         0 elements
Info    : 0.20 < quality < 0.30 :         4 elements
Info    : 0.30 < quality < 0.40 :         8 elements
Info    : 0.40 < quality < 0.50 :         0 elements
Info    : 0.50 < quality < 0.60 :         0 elements
Info    : 0.60 < quality < 0.70 :         0 elements
Info    : 0.70 < quality < 0.80 :         0 elements
Info    : 0.80 < quality < 0.90 :         0 elements
Info    : 0.90 < quality < 1.00 :         0 elements
Info    : Optimizing volume 10
Info    : Optimization starts (volume = 2.268) with worst = 0.266475 / average = 0.325093:
Info    : 0.00 < quality < 0.10 :         0 elements
Info    : 0.10 < quality < 0.20 :         0 elements
Info    : 0.20 < quality < 0.30 :         4 elements
Info    : 0.30 < quality < 0.40 :         8 elements
Info    : 0.40 < quality < 0.50 :         0 elements
Info    : 0.50 < quality < 0.60 :         0 elements
Info    : 0.60 < quality < 0.70 :         0 elements
Info    : 0.70 < quality < 0.80 :         0 elements
Info    : 0.80 < quality < 0.90 :         0 elements
Info    : 0.90 < quality < 1.00 :         0 elements
Info    : No ill-shaped tets in the mesh :-)
Info    : 0.00 < quality < 0.10 :         0 elements
Info    : 0.10 < quality < 0.20 :         0 elements
Info    : 0.20 < quality < 0.30 :         4 elements
Info    : 0.30 < quality < 0.40 :         8 elements
Info    : 0.40 < quality < 0.50 :         0 elements
Info    : 0.50 < quality < 0.60 :         0 elements
Info    : 0.60 < quality < 0.70 :         0 elements
Info    : 0.70 < quality < 0.80 :         0 elements
Info    : 0.80 < quality < 0.90 :         0 elements
Info    : 0.90 < quality < 1.00 :         0 elements
Info    : Optimizing volume 11
Info    : Optimization starts (volume = 2.268) with worst = 0.0280207 / average = 0.26468:
Info    : 0.00 < quality < 0.10 :         6 elements
Info    : 0.10 < quality < 0.20 :         0 elements
Info    : 0.20 < quality < 0.30 :         2 elements
Info    : 0.30 < quality < 0.40 :         7 elements
Info    : 0.40 < quality < 0.50 :         0 elements
Info    : 0.50 < quality < 0.60 :         0 elements
Info    : 0.60 < quality < 0.70 :         2 elements
Info    : 0.70 < quality < 0.80 :         0 elements
Info    : 0.80 < quality < 0.90 :         0 elements
Info    : 0.90 < quality < 1.00 :         0 elements
Info    : 2 edge swaps, 0 node relocations (volume = 2.268): worst = 0.0280207 / average = 0.278119 (Wall 8.2008e-05s, CPU 8.2e-05s)
Info    : No ill-shaped tets in the mesh :-)
Info    : 0.00 < quality < 0.10 :         6 elements
Info    : 0.10 < quality < 0.20 :         0 elements
Info    : 0.20 < quality < 0.30 :         4 elements
Info    : 0.30 < quality < 0.40 :         4 elements
Info    : 0.40 < quality < 0.50 :         0 elements
Info    : 0.50 < quality < 0.60 :         2 elements
Info    : 0.60 < quality < 0.70 :         2 elements
Info    : 0.70 < quality < 0.80 :         0 elements
Info    : 0.80 < quality < 0.90 :         0 elements
Info    : 0.90 < quality < 1.00 :         0 elements
Info    : Optimizing volume 12
Info    : Optimization starts (volume = 2.268) with worst = 0.266475 / average = 0.325093:
Info    : 0.00 < quality < 0.10 :         0 elements
Info    : 0.10 < quality < 0.20 :         0 elements
Info    : 0.20 < quality < 0.30 :         4 elements
Info    : 0.30 < quality < 0.40 :         8 elements
Info    : 0.40 < quality < 0.50 :         0 elements
Info    : 0.50 < quality < 0.60 :         0 elements
Info    : 0.60 < quality < 0.70 :         0 elements
Info    : 0.70 < quality < 0.80 :         0 elements
Info    : 0.80 < quality < 0.90 :         0 elements
Info    : 0.90 < quality < 1.00 :         0 elements
Info    : No ill-shaped tets in the mesh :-)
Info    : 0.00 < quality < 0.10 :         0 elements
Info    : 0.10 < quality < 0.20 :         0 elements
Info    : 0.20 < quality < 0.30 :         4 elements
Info    : 0.30 < quality < 0.40 :         8 elements
Info    : 0.40 < quality < 0.50 :         0 elements
Info    : 0.50 < quality < 0.60 :         0 elements
Info    : 0.60 < quality < 0.70 :         0 elements
Info    : 0.70 < quality < 0.80 :         0 elements
Info    : 0.80 < quality < 0.90 :         0 elements
Info    : 0.90 < quality < 1.00 :         0 elements
Info    : Optimizing volume 24
Info    : Optimization starts (volume = 7507.71) with worst = 0.00171472 / average = 0.150258:
Info    : 0.00 < quality < 0.10 :       181 elements
Info    : 0.10 < quality < 0.20 :      3288 elements
Info    : 0.20 < quality < 0.30 :        88 elements
Info    : 0.30 < quality < 0.40 :         2 elements
Info    : 0.40 < quality < 0.50 :         2 elements
Info    : 0.50 < quality < 0.60 :         0 elements
Info    : 0.60 < quality < 0.70 :         0 elements
Info    : 0.70 < quality < 0.80 :         0 elements
Info    : 0.80 < quality < 0.90 :         0 elements
Info    : 0.90 < quality < 1.00 :         0 elements
Info    : 281 edge swaps, 42 node relocations (volume = 7507.71): worst = 0.00361961 / average = 0.150404 (Wall 0.027883s, CPU 0.0278s)
Info    : 289 edge swaps, 77 node relocations (volume = 7507.71): worst = 0.00361961 / average = 0.150421 (Wall 0.0524953s, CPU 0.052335s)
Info    : No ill-shaped tets in the mesh :-)
Info    : 0.00 < quality < 0.10 :       168 elements
Info    : 0.10 < quality < 0.20 :      3268 elements
Info    : 0.20 < quality < 0.30 :        79 elements
Info    : 0.30 < quality < 0.40 :         2 elements
Info    : 0.40 < quality < 0.50 :         2 elements
Info    : 0.50 < quality < 0.60 :         0 elements
Info    : 0.60 < quality < 0.70 :         0 elements
Info    : 0.70 < quality < 0.80 :         0 elements
Info    : 0.80 < quality < 0.90 :         0 elements
Info    : 0.90 < quality < 1.00 :         0 elements
Info    : Optimizing volume 25
Info    : Optimization starts (volume = 5956.14) with worst = 0.0280073 / average = 0.748043:
Info    : 0.00 < quality < 0.10 :         3 elements
Info    : 0.10 < quality < 0.20 :         2 elements
Info    : 0.20 < quality < 0.30 :         9 elements
Info    : 0.30 < quality < 0.40 :        16 elements
Info    : 0.40 < quality < 0.50 :        42 elements
Info    : 0.50 < quality < 0.60 :       308 elements
Info    : 0.60 < quality < 0.70 :       292 elements
Info    : 0.70 < quality < 0.80 :       254 elements
Info    : 0.80 < quality < 0.90 :       540 elements
Info    : 0.90 < quality < 1.00 :       323 elements
Info    : 5 edge swaps, 0 node relocations (volume = 5956.14): worst = 0.13506 / average = 0.748828 (Wall 0.00077036s, CPU 0.000768s)
Info    : 9 edge swaps, 0 node relocations (volume = 5956.14): worst = 0.259797 / average = 0.748772 (Wall 0.000939164s, CPU 0.000941s)
Info    : 10 edge swaps, 0 node relocations (volume = 5956.14): worst = 0.259797 / average = 0.748754 (Wall 0.00108117s, CPU 0.001082s)
Info    : No ill-shaped tets in the mesh :-)
Info    : 0.00 < quality < 0.10 :         0 elements
Info    : 0.10 < quality < 0.20 :         0 elements
Info    : 0.20 < quality < 0.30 :         7 elements
Info    : 0.30 < quality < 0.40 :        20 elements
Info    : 0.40 < quality < 0.50 :        40 elements
Info    : 0.50 < quality < 0.60 :       312 elements
Info    : 0.60 < quality < 0.70 :       291 elements
Info    : 0.70 < quality < 0.80 :       253 elements
Info    : 0.80 < quality < 0.90 :       539 elements
Info    : 0.90 < quality < 1.00 :       323 elements
Info    : Optimizing volume 26
Info    : Optimization starts (volume = 1712.52) with worst = 0.0808331 / average = 0.740061:
Info    : 0.00 < quality < 0.10 :         2 elements
Info    : 0.10 < quality < 0.20 :         2 elements
Info    : 0.20 < quality < 0.30 :        11 elements
Info    : 0.30 < quality < 0.40 :        13 elements
Info    : 0.40 < quality < 0.50 :        10 elements
Info    : 0.50 < quality < 0.60 :        91 elements
Info    : 0.60 < quality < 0.70 :        75 elements
Info    : 0.70 < quality < 0.80 :        73 elements
Info    : 0.80 < quality < 0.90 :       158 elements
Info    : 0.90 < quality < 1.00 :       102 elements
Info    : 4 edge swaps, 0 node relocations (volume = 1712.52): worst = 0.111823 / average = 0.742787 (Wall 0.000225011s, CPU 0.000227s)
Info    : 8 edge swaps, 0 node relocations (volume = 1712.52): worst = 0.259797 / average = 0.745027 (Wall 0.000357191s, CPU 0.000359s)
Info    : No ill-shaped tets in the mesh :-)
Info    : 0.00 < quality < 0.10 :         0 elements
Info    : 0.10 < quality < 0.20 :         0 elements
Info    : 0.20 < quality < 0.30 :        11 elements
Info    : 0.30 < quality < 0.40 :        13 elements
Info    : 0.40 < quality < 0.50 :        10 elements
Info    : 0.50 < quality < 0.60 :        91 elements
Info    : 0.60 < quality < 0.70 :        75 elements
Info    : 0.70 < quality < 0.80 :        72 elements
Info    : 0.80 < quality < 0.90 :       159 elements
Info    : 0.90 < quality < 1.00 :       102 elements
Info    : Optimizing volume 27
Info    : Optimization starts (volume = 3.21602e+07) with worst = 0.0250801 / average = 0.611415:
Info    : 0.00 < quality < 0.10 :        12 elements
Info    : 0.10 < quality < 0.20 :        39 elements
Info    : 0.20 < quality < 0.30 :        43 elements
Info    : 0.30 < quality < 0.40 :       154 elements
Info    : 0.40 < quality < 0.50 :       398 elements
Info    : 0.50 < quality < 0.60 :       581 elements
Info    : 0.60 < quality < 0.70 :       543 elements
Info    : 0.70 < quality < 0.80 :       414 elements
Info    : 0.80 < quality < 0.90 :       269 elements
Info    : 0.90 < quality < 1.00 :       111 elements
Info    : 86 edge swaps, 0 node relocations (volume = 3.21602e+07): worst = 0.278249 / average = 0.627525 (Wall 0.00289406s, CPU 0.002885s)
Info    : 87 edge swaps, 0 node relocations (volume = 3.21602e+07): worst = 0.278249 / average = 0.627364 (Wall 0.00349564s, CPU 0.003486s)
Info    : No ill-shaped tets in the mesh :-)
Info    : 0.00 < quality < 0.10 :         0 elements
Info    : 0.10 < quality < 0.20 :         0 elements
Info    : 0.20 < quality < 0.30 :         1 elements
Info    : 0.30 < quality < 0.40 :       162 elements
Info    : 0.40 < quality < 0.50 :       388 elements
Info    : 0.50 < quality < 0.60 :       584 elements
Info    : 0.60 < quality < 0.70 :       552 elements
Info    : 0.70 < quality < 0.80 :       418 elements
Info    : 0.80 < quality < 0.90 :       269 elements
Info    : 0.90 < quality < 1.00 :       112 elements
Info    : Optimizing volume 28
Info    : Optimization starts (volume = 64320.4) with worst = 0.000510953 / average = 0.0311131:
Info    : 0.00 < quality < 0.10 :      2995 elements
Info    : 0.10 < quality < 0.20 :       192 elements
Info    : 0.20 < quality < 0.30 :         4 elements
Info    : 0.30 < quality < 0.40 :         0 elements
Info    : 0.40 < quality < 0.50 :         0 elements
Info    : 0.50 < quality < 0.60 :         0 elements
Info    : 0.60 < quality < 0.70 :         0 elements
Info    : 0.70 < quality < 0.80 :         0 elements
Info    : 0.80 < quality < 0.90 :         0 elements
Info    : 0.90 < quality < 1.00 :         0 elements
Info    : 392 edge swaps, 0 node relocations (volume = 64320.4): worst = 0.000617573 / average = 0.0297575 (Wall 0.0416648s, CPU 0.041536s)
Info    : 403 edge swaps, 0 node relocations (volume = 64320.4): worst = 0.000617573 / average = 0.0297419 (Wall 0.0801206s, CPU 0.079879s)
Warning : 10 ill-shaped tets are still in the mesh
Info    : 0.00 < quality < 0.10 :      2868 elements
Info    : 0.10 < quality < 0.20 :       154 elements
Info    : 0.20 < quality < 0.30 :         2 elements
Info    : 0.30 < quality < 0.40 :         0 elements
Info    : 0.40 < quality < 0.50 :         0 elements
Info    : 0.50 < quality < 0.60 :         0 elements
Info    : 0.60 < quality < 0.70 :         0 elements
Info    : 0.70 < quality < 0.80 :         0 elements
Info    : 0.80 < quality < 0.90 :         0 elements
Info    : 0.90 < quality < 1.00 :         0 elements
Info    : Optimizing volume 29
Info    : Optimization starts (volume = 2.51369e+06) with worst = 0.000447744 / average = 0.451219:
Info    : 0.00 < quality < 0.10 :       677 elements
Info    : 0.10 < quality < 0.20 :      2777 elements
Info    : 0.20 < quality < 0.30 :      1874 elements
Info    : 0.30 < quality < 0.40 :      1974 elements
Info    : 0.40 < quality < 0.50 :      2306 elements
Info    : 0.50 < quality < 0.60 :      2470 elements
Info    : 0.60 < quality < 0.70 :      1726 elements
Info    : 0.70 < quality < 0.80 :      1335 elements
Info    : 0.80 < quality < 0.90 :      1148 elements
Info    : 0.90 < quality < 1.00 :       493 elements
Info    : 990 edge swaps, 49 node relocations (volume = 2.51369e+06): worst = 0.00181378 / average = 0.465874 (Wall 0.076879s, CPU 0.076632s)
Info    : 1076 edge swaps, 58 node relocations (volume = 2.51369e+06): worst = 0.00181378 / average = 0.466545 (Wall 0.143841s, CPU 0.143454s)
Info    : No ill-shaped tets in the mesh :-)
Info    : 0.00 < quality < 0.10 :       388 elements
Info    : 0.10 < quality < 0.20 :      2506 elements
Info    : 0.20 < quality < 0.30 :      1566 elements
Info    : 0.30 < quality < 0.40 :      2003 elements
Info    : 0.40 < quality < 0.50 :      2271 elements
Info    : 0.50 < quality < 0.60 :      2436 elements
Info    : 0.60 < quality < 0.70 :      1742 elements
Info    : 0.70 < quality < 0.80 :      1399 elements
Info    : 0.80 < quality < 0.90 :      1136 elements
Info    : 0.90 < quality < 1.00 :       475 elements
Info    : Optimizing volume 30
Info    : Optimization starts (volume = 603004) with worst = 0.028541 / average = 0.490821:
Info    : 0.00 < quality < 0.10 :        18 elements
Info    : 0.10 < quality < 0.20 :       322 elements
Info    : 0.20 < quality < 0.30 :       596 elements
Info    : 0.30 < quality < 0.40 :       614 elements
Info    : 0.40 < quality < 0.50 :       699 elements
Info    : 0.50 < quality < 0.60 :       882 elements
Info    : 0.60 < quality < 0.70 :       963 elements
Info    : 0.70 < quality < 0.80 :       492 elements
Info    : 0.80 < quality < 0.90 :       113 elements
Info    : 0.90 < quality < 1.00 :         3 elements
Info    : 235 edge swaps, 0 node relocations (volume = 603004): worst = 0.0517619 / average = 0.499997 (Wall 0.0149978s, CPU 0.014964s)
Info    : 252 edge swaps, 0 node relocations (volume = 603004): worst = 0.0517619 / average = 0.500201 (Wall 0.0279073s, CPU 0.027815s)
Info    : No ill-shaped tets in the mesh :-)
Info    : 0.00 < quality < 0.10 :         4 elements
Info    : 0.10 < quality < 0.20 :       253 elements
Info    : 0.20 < quality < 0.30 :       506 elements
Info    : 0.30 < quality < 0.40 :       631 elements
Info    : 0.40 < quality < 0.50 :       683 elements
Info    : 0.50 < quality < 0.60 :       846 elements
Info    : 0.60 < quality < 0.70 :       958 elements
Info    : 0.70 < quality < 0.80 :       503 elements
Info    : 0.80 < quality < 0.90 :       114 elements
Info    : 0.90 < quality < 1.00 :         3 elements
Info    : Optimizing volume 31
Info    : Optimization starts (volume = 2.89442e+07) with worst = 0.0281353 / average = 0.602112:
Info    : 0.00 < quality < 0.10 :         9 elements
Info    : 0.10 < quality < 0.20 :        31 elements
Info    : 0.20 < quality < 0.30 :        73 elements
Info    : 0.30 < quality < 0.40 :       161 elements
Info    : 0.40 < quality < 0.50 :       500 elements
Info    : 0.50 < quality < 0.60 :       771 elements
Info    : 0.60 < quality < 0.70 :       585 elements
Info    : 0.70 < quality < 0.80 :       523 elements
Info    : 0.80 < quality < 0.90 :       270 elements
Info    : 0.90 < quality < 1.00 :        79 elements
Info    : 101 edge swaps, 3 node relocations (volume = 2.89442e+07): worst = 0.248905 / average = 0.616728 (Wall 0.00286929s, CPU 0.00286s)
Info    : 105 edge swaps, 3 node relocations (volume = 2.89442e+07): worst = 0.277565 / average = 0.6169 (Wall 0.00389719s, CPU 0.00389s)
Info    : No ill-shaped tets in the mesh :-)
Info    : 0.00 < quality < 0.10 :         0 elements
Info    : 0.10 < quality < 0.20 :         0 elements
Info    : 0.20 < quality < 0.30 :         8 elements
Info    : 0.30 < quality < 0.40 :       170 elements
Info    : 0.40 < quality < 0.50 :       492 elements
Info    : 0.50 < quality < 0.60 :       776 elements
Info    : 0.60 < quality < 0.70 :       589 elements
Info    : 0.70 < quality < 0.80 :       527 elements
Info    : 0.80 < quality < 0.90 :       278 elements
Info    : 0.90 < quality < 1.00 :        79 elements
Info    : Optimizing volume 32
Info    : Optimization starts (volume = 6.11693e+07) with worst = 0.00808329 / average = 0.535305:
Info    : 0.00 < quality < 0.10 :       109 elements
Info    : 0.10 < quality < 0.20 :        56 elements
Info    : 0.20 < quality < 0.30 :        61 elements
Info    : 0.30 < quality < 0.40 :        95 elements
Info    : 0.40 < quality < 0.50 :       193 elements
Info    : 0.50 < quality < 0.60 :       344 elements
Info    : 0.60 < quality < 0.70 :       329 elements
Info    : 0.70 < quality < 0.80 :       184 elements
Info    : 0.80 < quality < 0.90 :        83 elements
Info    : 0.90 < quality < 1.00 :        48 elements
Info    : 47 edge swaps, 0 node relocations (volume = 6.11693e+07): worst = 0.00808329 / average = 0.543555 (Wall 0.00465809s, CPU 0.004646s)
Info    : 53 edge swaps, 0 node relocations (volume = 6.11693e+07): worst = 0.00808329 / average = 0.543919 (Wall 0.00758587s, CPU 0.007568s)
Info    : No ill-shaped tets in the mesh :-)
Info    : 0.00 < quality < 0.10 :       104 elements
Info    : 0.10 < quality < 0.20 :        48 elements
Info    : 0.20 < quality < 0.30 :        31 elements
Info    : 0.30 < quality < 0.40 :        97 elements
Info    : 0.40 < quality < 0.50 :       188 elements
Info    : 0.50 < quality < 0.60 :       353 elements
Info    : 0.60 < quality < 0.70 :       315 elements
Info    : 0.70 < quality < 0.80 :       186 elements
Info    : 0.80 < quality < 0.90 :        85 elements
Info    : 0.90 < quality < 1.00 :        48 elements
Info    : Done optimizing mesh (Wall 0.419939s, CPU 0.418756s)
Info    : 6438 nodes 51176 elements
Warning : ------------------------------
Warning : Mesh generation error summary
Warning :     1 warning
Warning :     0 errors
Warning : Check the full log for details
Warning : ------------------------------
Info    : Writing '/foss/designs/inductor_synth/palace_model/inductor3_N2_do135.5_w6_s3_data/inductor3_N2_do135.5_w6_s3.msh'...
Info    : Done writing '/foss/designs/inductor_synth/palace_model/inductor3_N2_do135.5_w6_s3_data/inductor3_N2_do135.5_w6_s3.msh'
Info    : Clearing all models and views...
Info    : Done clearing all models and views
>> /usr/bin/mpirun -n 1 /foss/tools/bin/palace-x86_64.bin config.json

_____________     _______
_____   __   \____ __   /____ ____________
____   /_/  /  __ ` /  /  __ ` /  ___/  _ \
___   _____/  /_/  /  /  /_/  /  /__/  ___/
  /__/     \___,__/__/\___,__/\_____\_____/

Git changeset ID: v0.17.0-227-gc531cf3e
Running with 1 MPI process
Device configuration: cpu
Memory configuration: host-std
libCEED backend: /cpu/self/xsmm/blocked

Added 5826 boundary elements for material interfaces to the mesh

Characteristic length and time scales:
 Lc = 5.010e-04 m, tc = 1.671e-03 ns
Finished partitioning mesh into 1 subdomain

Mesh curvature order: 1
Mesh bounding box:
 (Xmin, Ymin, Zmin) = (-2.505e-04, -2.505e-04, -5.000e-05) m
 (Xmax, Ymax, Zmax) = (+2.505e-04, +2.505e-04, +4.499e-04) m

Parallel Mesh Stats:

                minimum     average     maximum       total
 vertices          6399        6399        6399        6399
 edges            40023       40023       40023       40023
 faces            64228       64228       64228       64228
 elements         30598       30598       30598       30598
 neighbors            0           0           0

            minimum     maximum
 h       0.00161994    0.220072
 kappa      1.07143     356.131

Estimated current per-rank memory usage is: Min. 53.4M, Max. 53.4M, Avg. 53.4M, Total 53.4M
Estimated current per-node memory usage is: Min. 53.4M, Max. 53.4M, Avg. 53.4M, Total 53.4M

Configuring Robin absorbing BC (order 2) at attributes:
 22

Configuring Robin finite conductivity BC at attributes:
 2: σ = 2.164e+07 S/m, h = 4.200e-07 m, n = (+0.0,+0.0,+1.0)
 3: σ = 2.164e+07 S/m, h = 4.200e-07 m, n = (+0.7,+0.7,+0.0)
 4: σ = 2.780e+07 S/m, h = 2.000e-06 m, n = (+0.0,+0.0,-1.0)
 5: σ = 2.780e+07 S/m, h = 2.000e-06 m, n = (+1.0,-0.1,+0.0)
 6: σ = 2.780e+07 S/m, h = 2.000e-06 m, n = (+0.0,+0.0,-1.0)
 7: σ = 2.780e+07 S/m, h = 2.000e-06 m, n = (+1.0,-0.1,+0.0)
 8: σ = 2.780e+07 S/m, h = 2.000e-06 m, n = (+0.0,+0.0,+1.0)
 9: σ = 2.780e+07 S/m, h = 2.000e-06 m, n = (+0.5,+0.9,-0.0)
 10: σ = 3.030e+07 S/m, h = 3.000e-06 m, n = (+0.0,+0.0,+1.0)
 11: σ = 3.030e+07 S/m, h = 3.000e-06 m, n = (+0.9,+0.3,+0.0)
 12: σ = 3.030e+07 S/m, h = 3.000e-06 m, n = (-0.0,-0.0,+1.0)
 13: σ = 3.030e+07 S/m, h = 3.000e-06 m, n = (+0.9,-0.3,+0.0)

Configuring Robin impedance BC for lumped ports at attributes:
 20: Rs = 3.018e+01 Ω/sq, n = (+0.0,+1.0,+0.0)
 21: Rs = 3.018e+01 Ω/sq, n = (+0.0,+1.0,+0.0)

Configuring lumped port circuit properties:
 Index = 1: R = 5.000e+01 Ω
 Index = 2: R = 5.000e+01 Ω

Configuring lumped port excitation source term at attributes:
 20: Index = 1
 21: Index = 2

[38;2;255;255;000m--> Warning![0m
Adaptive frequency sweep requires > 2 total frequency samples!
Reverting to uniform sweep!


Computing frequency response for:
Excitation 1/2 with index 1 has contributions from:
 Lumped port  1
Excitation 2/2 with index 2 has contributions from:
 Lumped port  2

Assembling system matrices, number of global unknowns:
 H1 (p = 1): 6399, ND (p = 1): 40023, RT (p = 1): 64228
 Operator assembly level: Partial
 Mesh geometries:
  Tetrahedron: P = 6, Q = 4 (quadrature order = 2)
 SuperLUSolver: Using 2D processor grid 1 x 1

Sweeping excitation index 1 (1/2):

Assembling multigrid hierarchy:
 Level 0 (p = 1): 40023 unknowns
 Level 0 (auxiliary) (p = 1): 6399 unknowns

It 1/2: ω/2π = 1.000e-01 GHz (total elapsed time = 4.01e-01 s, solve 1/4)

  Residual norms for GMRES solve

** Memory Usage **********************************
** Total highmark (MB):
    Sum-of-all :   220.42 | Avg :   220.42  | Max :   220.42
    Max at rank 0, different stages (MB):
	. symbfact           18.98
	. distribution      220.42
	. numfact           156.10
** NUMfact space (MB): (sum-of-all-processes)
    L\U :          104.43 |  Total :   156.10
	. max at rank 0, max L+U memory (MB):   104.43
	. max at rank 0, peak buffer (MB):       51.68
**************************************************

** number of Tiny Pivots:        0

  0 (restart 0) KSP residual norm 1.157052e+01
  1 (restart 0) KSP residual norm 3.599958e-01
  2 (restart 0) KSP residual norm 1.630461e-01
  3 (restart 0) KSP residual norm 1.014691e-01
  4 (restart 0) KSP residual norm 1.813259e-02
  5 (restart 0) KSP residual norm 1.262152e-03
  6 (restart 0) KSP residual norm 3.080502e-04
  7 (restart 0) KSP residual norm 1.403394e-04
  8 (restart 0) KSP residual norm 7.362237e-05
  9 (restart 0) KSP residual norm 1.825337e-05
 10 (restart 0) KSP residual norm 9.333227e-06
GMRES solver converged in 10 iterations (avg. reduction factor: 2.458e-01)
 Sol. ||E|| = 1.123394e+01 (||RHS|| = 4.076075e-03)
 Field energy E (1.511e-12 J) + H (7.997e-12 J) = 9.509e-12 J
 S[1][1] = +6.022e-02+4.334e-03i, |S[1][1]| = -2.438e+01, arg(S[1][1]) = +4.117e+00
 S[2][1] = +9.397e-01-6.208e-03i, |S[2][1]| = -5.397e-01, arg(S[2][1]) = -3.785e-01
 Updating solution error estimates

It 2/2: ω/2π = 2.000e+01 GHz (total elapsed time = 6.22e+00 s, solve 2/4)

  Residual norms for GMRES solve

** Memory Usage **********************************
** Total highmark (MB):
    Sum-of-all :   186.42 | Avg :   186.42  | Max :   186.42
    Max at rank 0, different stages (MB):
	. symbfact            0.00
	. distribution      186.42
	. numfact           156.10
** NUMfact space (MB): (sum-of-all-processes)
    L\U :          104.43 |  Total :   156.10
	. max at rank 0, max L+U memory (MB):   104.43
	. max at rank 0, peak buffer (MB):       51.68
**************************************************

** number of Tiny Pivots:        0

  0 (restart 0) KSP residual norm 1.296526e+01
  1 (restart 0) KSP residual norm 5.121846e+00
  2 (restart 0) KSP residual norm 1.639064e+00
  3 (restart 0) KSP residual norm 2.669342e-01
  4 (restart 0) KSP residual norm 1.520716e-01
  5 (restart 0) KSP residual norm 6.001307e-02
  6 (restart 0) KSP residual norm 2.528105e-02
  7 (restart 0) KSP residual norm 1.181100e-02
  8 (restart 0) KSP residual norm 6.236951e-03
  9 (restart 0) KSP residual norm 4.276775e-03
 10 (restart 0) KSP residual norm 2.530664e-03
 11 (restart 0) KSP residual norm 8.076577e-04
 12 (restart 0) KSP residual norm 6.058974e-04
 13 (restart 0) KSP residual norm 2.060405e-04
 14 (restart 0) KSP residual norm 1.382928e-04
 15 (restart 0) KSP residual norm 6.811264e-05
 16 (restart 0) KSP residual norm 4.392392e-05
 17 (restart 0) KSP residual norm 1.597371e-05
 18 (restart 0) KSP residual norm 8.539932e-06
GMRES solver converged in 18 iterations (avg. reduction factor: 4.535e-01)
 Sol. ||E|| = 1.514640e+01 (||RHS|| = 8.152150e-01)
 Field energy E (2.454e-12 J) + H (4.571e-12 J) = 7.026e-12 J
 S[1][1] = +6.869e-01+2.921e-01i, |S[1][1]| = -2.540e+00, arg(S[1][1]) = +2.304e+01
 S[2][1] = +2.688e-01-5.087e-01i, |S[2][1]| = -4.802e+00, arg(S[2][1]) = -6.214e+01
 Updating solution error estimates

Sweeping excitation index 2 (2/2):

It 1/2: ω/2π = 1.000e-01 GHz (total elapsed time = 1.20e+01 s, solve 3/4)

  Residual norms for GMRES solve

** Memory Usage **********************************
** Total highmark (MB):
    Sum-of-all :   186.42 | Avg :   186.42  | Max :   186.42
    Max at rank 0, different stages (MB):
	. symbfact            0.00
	. distribution      186.42
	. numfact           156.10
** NUMfact space (MB): (sum-of-all-processes)
    L\U :          104.43 |  Total :   156.10
	. max at rank 0, max L+U memory (MB):   104.43
	. max at rank 0, peak buffer (MB):       51.68
**************************************************

** number of Tiny Pivots:        0

  0 (restart 0) KSP residual norm 1.138308e+01
  1 (restart 0) KSP residual norm 3.540193e-01
  2 (restart 0) KSP residual norm 1.615083e-01
  3 (restart 0) KSP residual norm 9.952772e-02
  4 (restart 0) KSP residual norm 1.785645e-02
  5 (restart 0) KSP residual norm 1.132766e-03
  6 (restart 0) KSP residual norm 2.363999e-04
  7 (restart 0) KSP residual norm 1.359125e-04
  8 (restart 0) KSP residual norm 7.063265e-05
  9 (restart 0) KSP residual norm 1.791343e-05
 10 (restart 0) KSP residual norm 8.581461e-06
GMRES solver converged in 10 iterations (avg. reduction factor: 2.442e-01)
 Sol. ||E|| = 1.104909e+01 (||RHS|| = 4.076075e-03)
 Field energy E (1.454e-12 J) + H (7.997e-12 J) = 9.451e-12 J
 S[1][2] = +9.397e-01-6.208e-03i, |S[1][2]| = -5.397e-01, arg(S[1][2]) = -3.785e-01
 S[2][2] = +6.022e-02+4.370e-03i, |S[2][2]| = -2.438e+01, arg(S[2][2]) = +4.150e+00
 Updating solution error estimates

It 2/2: ω/2π = 2.000e+01 GHz (total elapsed time = 1.69e+01 s, solve 4/4)

  Residual norms for GMRES solve

** Memory Usage **********************************
** Total highmark (MB):
    Sum-of-all :   186.42 | Avg :   186.42  | Max :   186.42
    Max at rank 0, different stages (MB):
	. symbfact            0.00
	. distribution      186.42
	. numfact           156.10
** NUMfact space (MB): (sum-of-all-processes)
    L\U :          104.43 |  Total :   156.10
	. max at rank 0, max L+U memory (MB):   104.43
	. max at rank 0, peak buffer (MB):       51.68
**************************************************

** number of Tiny Pivots:        0

  0 (restart 0) KSP residual norm 1.298678e+01
  1 (restart 0) KSP residual norm 5.064250e+00
  2 (restart 0) KSP residual norm 1.713844e+00
  3 (restart 0) KSP residual norm 2.957841e-01
  4 (restart 0) KSP residual norm 1.874895e-01
  5 (restart 0) KSP residual norm 6.764206e-02
  6 (restart 0) KSP residual norm 3.608355e-02
  7 (restart 0) KSP residual norm 1.234701e-02
  8 (restart 0) KSP residual norm 6.317575e-03
  9 (restart 0) KSP residual norm 4.441156e-03
 10 (restart 0) KSP residual norm 2.565835e-03
 11 (restart 0) KSP residual norm 8.183654e-04
 12 (restart 0) KSP residual norm 6.108478e-04
 13 (restart 0) KSP residual norm 2.117696e-04
 14 (restart 0) KSP residual norm 1.471274e-04
 15 (restart 0) KSP residual norm 5.663925e-05
 16 (restart 0) KSP residual norm 3.682339e-05
 17 (restart 0) KSP residual norm 1.614776e-05
 18 (restart 0) KSP residual norm 8.435425e-06
GMRES solver converged in 18 iterations (avg. reduction factor: 4.532e-01)
 Sol. ||E|| = 1.519397e+01 (||RHS|| = 8.152150e-01)
 Field energy E (2.488e-12 J) + H (4.568e-12 J) = 7.056e-12 J
 S[1][2] = +2.688e-01-5.087e-01i, |S[1][2]| = -4.802e+00, arg(S[1][2]) = -6.214e+01
 S[2][2] = +6.925e-01+2.874e-01i, |S[2][2]| = -2.501e+00, arg(S[2][2]) = +2.254e+01
 Updating solution error estimates

Completed 0 iterations of adaptive mesh refinement (AMR):
 Indicator norm = 5.161e-01, global unknowns = 40023
 Max. iterations = 0, tol. = 1.000e-02, max. size = 2000000

Estimated peak per-rank memory usage is: Min. 556.2M, Max. 556.2M, Avg. 556.2M, Total 556.2M
Estimated peak per-node memory usage is: Min. 556.2M, Max. 556.2M, Avg. 556.2M, Total 556.2M

Elapsed Time Report (s)           Min.        Max.        Avg.
==============================================================
Initialization                   0.119       0.119       0.119
  Mesh Preprocessing             0.359       0.359       0.359
Operator Construction            0.306       0.306       0.306
Linear Solve                     3.821       3.821       3.821
  Setup                          1.441       1.441       1.441
  Preconditioner                 3.626       3.626       3.626
Estimation                       0.196       0.196       0.196
  Construction                   1.934       1.934       1.934
  Solve                         12.433      12.433      12.433
Postprocessing                   0.757       0.757       0.757
Disk IO                          0.380       0.380       0.380
--------------------------------------------------------------
Total                           25.825      25.825      25.825

Peak Memory                   Per-Node       Total   Total HWM
==============================================================
Initialization                    1.6M        1.6M        1.6M
  Mesh Preprocessing             16.7M       16.7M       18.3M
Operator Construction            16.0M       16.0M       34.2M
Linear Solve                     12.4M       12.4M       46.7M
  Setup                         135.0M      135.0M      181.7M
  Preconditioner                229.2M      229.2M      410.9M
Estimation                       21.0M       21.0M      431.9M
  Construction                   47.1M       47.1M      479.0M
  Solve                          21.2M       21.2M      500.2M
Postprocessing                   20.6M       20.6M      520.8M
Disk IO                          11.8M       11.8M      532.6M
--------------------------------------------------------------
Total                           546.4M      546.4M      546.4M

Found extra file with port information: /foss/designs/inductor_synth/palace_model/inductor3_N2_do135.5_w6_s3_data/port_information.json
Port Z0 values found: [50, 50]
Port impedance for Touchstone header:  50
Number of ports:  2
Created combined S-parameter file for  2 ports, filename:  /foss/designs/inductor_synth/palace_model/inductor3_N2_do135.5_w6_s3_data/output/inductor3_N2_do135.5_w6_s3/inductor3_N2_do135.5_w6_s3.s2p
Skipping DC extrapolation, not enough frequency points
Port de-embedding based on port geometry data
Cascading L= -1.82 pH at port 1
Cascading L= -1.82 pH at port 2
Created file with de-embedding (cascaded negative port L):  /foss/designs/inductor_synth/palace_model/inductor3_N2_do135.5_w6_s3_data/output/inductor3_N2_do135.5_w6_s3/inductor3_N2_do135.5_w6_s3_deembedded 

Info    : Meshing 1D...
Info    : [  0%] Meshing curve 64 (Line)
Info    : [ 10%] Meshing curve 65 (Line)
Info    : [ 10%] Meshing curve 67 (Line)
Info    : [ 10%] Meshing curve 69 (Line)
Info    : [ 10%] Meshing curve 70 (Line)
Info    : [ 10%] Meshing curve 71 (Line)
Info    : [ 10%] Meshing curve 72 (Line)
Info    : [ 10%] Meshing curve 76 (Line)
Info    : [ 10%] Meshing curve 77 (Line)
Info    : [ 10%] Meshing curve 79 (Line)
Info    : [ 10%] Meshing curve 81 (Line)
Info    : [ 10%] Meshing curve 82 (Line)
Info    : [ 10%] Meshing curve 83 (Line)
Info    : [ 10%] Meshing curve 84 (Line)
Info    : [ 10%] Meshing curve 85 (Line)
Info    : [ 10%] Meshing curve 86 (Line)
Info    : [ 10%] Meshing curve 87 (Line)
Info    : [ 10%] Meshing curve 88 (Line)
Info    : [ 10%] Meshing curve 89 (Line)
Info    : [ 10%] Meshing curve 90 (Line)
Info    : [ 10%] Meshing curve 91 (Line)
Info    : [ 10%] Meshing curve 92 (Line)
Info    : [ 10%] Meshing curve 93 (Line)
Info    : [ 10%] Meshing curve 94 (Line)
Info    : [ 10%] Meshing curve 95 (Line)
Info    : [ 10%] Meshing curve 96 (Line)
Info    : [ 10%] Meshing curve 97 (Line)
Info    : [ 10%] Meshing curve 98 (Line)
Info    : [ 10%] Meshing curve 99 (Line)
Info    : [ 10%] Meshing curve 100 (Line)
Info    : [ 10%] Meshing curve 101 (Line)
Info    : [ 10%] Meshing curve 102 (Line)
Info    : [ 10%] Meshing curve 103 (Line)
Info    : [ 10%] Meshing curve 104 (Line)
Info    : [ 20%] Meshing curve 105 (Line)
Info    : [ 20%] Meshing curve 106 (Line)
Info    : [ 20%] Meshing curve 107 (Line)
Info    : [ 20%] Meshing curve 108 (Line)
Info    : [ 20%] Meshing curve 109 (Line)
Info    : [ 20%] Meshing curve 110 (Line)
Info    : [ 20%] Meshing curve 111 (Line)
Info    : [ 20%] Meshing curve 112 (Line)
Info    : [ 20%] Meshing curve 113 (Line)
Info    : [ 20%] Meshing curve 114 (Line)
Info    : [ 20%] Meshing curve 115 (Line)
Info    : [ 20%] Meshing curve 116 (Line)
Info    : [ 20%] Meshing curve 117 (Line)
Info    : [ 20%] Meshing curve 118 (Line)
Info    : [ 20%] Meshing curve 119 (Line)
Info    : [ 20%] Meshing curve 120 (Line)
Info    : [ 20%] Meshing curve 121 (Line)
Info    : [ 20%] Meshing curve 122 (Line)
Info    : [ 20%] Meshing curve 123 (Line)
Info    : [ 20%] Meshing curve 124 (Line)
Info    : [ 20%] Meshing curve 125 (Line)
Info    : [ 20%] Meshing curve 126 (Line)
Info    : [ 20%] Meshing curve 127 (Line)
Info    : [ 20%] Meshing curve 128 (Line)
Info    : [ 20%] Meshing curve 129 (Line)
Info    : [ 20%] Meshing curve 130 (Line)
Info    : [ 20%] Meshing curve 131 (Line)
Info    : [ 20%] Meshing curve 132 (Line)
Info    : [ 20%] Meshing curve 133 (Line)
Info    : [ 20%] Meshing curve 134 (Line)
Info    : [ 20%] Meshing curve 135 (Line)
Info    : [ 20%] Meshing curve 136 (Line)
Info    : [ 20%] Meshing curve 137 (Line)
Info    : [ 20%] Meshing curve 138 (Line)
Info    : [ 30%] Meshing curve 139 (Line)
Info    : [ 30%] Meshing curve 140 (Line)
Info    : [ 30%] Meshing curve 141 (Line)
Info    : [ 30%] Meshing curve 142 (Line)
Info    : [ 30%] Meshing curve 143 (Line)
Info    : [ 30%] Meshing curve 144 (Line)
Info    : [ 30%] Meshing curve 145 (Line)
Info    : [ 30%] Meshing curve 146 (Line)
Info    : [ 30%] Meshing curve 147 (Line)
Info    : [ 30%] Meshing curve 148 (Line)
Info    : [ 30%] Meshing curve 149 (Line)
Info    : [ 30%] Meshing curve 150 (Line)
Info    : [ 30%] Meshing curve 151 (Line)
Info    : [ 30%] Meshing curve 152 (Line)
Info    : [ 30%] Meshing curve 153 (Line)
Info    : [ 30%] Meshing curve 154 (Line)
Info    : [ 30%] Meshing curve 155 (Line)
Info    : [ 30%] Meshing curve 156 (Line)
Info    : [ 30%] Meshing curve 397 (Line)
Info    : [ 30%] Meshing curve 398 (Line)
Info    : [ 30%] Meshing curve 399 (Line)
Info    : [ 30%] Meshing curve 400 (Line)
Info    : [ 30%] Meshing curve 401 (Line)
Info    : [ 30%] Meshing curve 402 (Line)
Info    : [ 30%] Meshing curve 403 (Line)
Info    : [ 30%] Meshing curve 404 (Line)
Info    : [ 30%] Meshing curve 405 (Line)
Info    : [ 30%] Meshing curve 406 (Line)
Info    : [ 30%] Meshing curve 407 (Line)
Info    : [ 30%] Meshing curve 408 (Line)
Info    : [ 30%] Meshing curve 409 (TrimmedCurve)
Info    : [ 30%] Meshing curve 410 (Line)
Info    : [ 30%] Meshing curve 411 (TrimmedCurve)
Info    : [ 30%] Meshing curve 412 (Line)
Info    : [ 40%] Meshing curve 413 (Line)
Info    : [ 40%] Meshing curve 414 (Line)
Info    : [ 40%] Meshing curve 415 (Line)
Info    : [ 40%] Meshing curve 416 (Line)
Info    : [ 40%] Meshing curve 417 (Line)
Info    : [ 40%] Meshing curve 418 (Line)
Info    : [ 40%] Meshing curve 419 (Line)
Info    : [ 40%] Meshing curve 420 (TrimmedCurve)
Info    : [ 40%] Meshing curve 421 (Line)
Info    : [ 40%] Meshing curve 422 (TrimmedCurve)
Info    : [ 40%] Meshing curve 423 (Line)
Info    : [ 40%] Meshing curve 424 (Line)
Info    : [ 40%] Meshing curve 425 (Line)
Info    : [ 40%] Meshing curve 426 (Line)
Info    : [ 40%] Meshing curve 427 (Line)
Info    : [ 40%] Meshing curve 428 (Line)
Info    : [ 40%] Meshing curve 429 (Line)
Info    : [ 40%] Meshing curve 430 (Line)
Info    : [ 40%] Meshing curve 431 (Line)
Info    : [ 40%] Meshing curve 432 (Line)
Info    : [ 40%] Meshing curve 433 (TrimmedCurve)
Info    : [ 40%] Meshing curve 434 (Line)
Info    : [ 40%] Meshing curve 435 (TrimmedCurve)
Info    : [ 40%] Meshing curve 436 (Line)
Info    : [ 40%] Meshing curve 437 (Line)
Info    : [ 40%] Meshing curve 438 (Line)
Info    : [ 40%] Meshing curve 439 (Line)
Info    : [ 40%] Meshing curve 440 (TrimmedCurve)
Info    : [ 40%] Meshing curve 441 (Line)
Info    : [ 40%] Meshing curve 442 (TrimmedCurve)
Info    : [ 40%] Meshing curve 443 (Line)
Info    : [ 40%] Meshing curve 444 (TrimmedCurve)
Info    : [ 40%] Meshing curve 445 (Line)
Info    : [ 40%] Meshing curve 446 (TrimmedCurve)
Info    : [ 50%] Meshing curve 447 (Line)
Info    : [ 50%] Meshing curve 448 (TrimmedCurve)
Info    : [ 50%] Meshing curve 449 (Line)
Info    : [ 50%] Meshing curve 450 (Line)
Info    : [ 50%] Meshing curve 451 (Line)
Info    : [ 50%] Meshing curve 452 (Line)
Info    : [ 50%] Meshing curve 453 (Line)
Info    : [ 50%] Meshing curve 454 (TrimmedCurve)
Info    : [ 50%] Meshing curve 455 (Line)
Info    : [ 50%] Meshing curve 456 (TrimmedCurve)
Info    : [ 50%] Meshing curve 457 (Line)
Info    : [ 50%] Meshing curve 458 (TrimmedCurve)
Info    : [ 50%] Meshing curve 459 (Line)
Info    : [ 50%] Meshing curve 460 (TrimmedCurve)
Info    : [ 50%] Meshing curve 461 (Line)
Info    : [ 50%] Meshing curve 462 (TrimmedCurve)
Info    : [ 50%] Meshing curve 463 (Line)
Info    : [ 50%] Meshing curve 464 (TrimmedCurve)
Info    : [ 50%] Meshing curve 465 (Line)
Info    : [ 50%] Meshing curve 466 (Line)
Info    : [ 50%] Meshing curve 467 (Line)
Info    : [ 50%] Meshing curve 468 (Line)
Info    : [ 50%] Meshing curve 469 (Line)
Info    : [ 50%] Meshing curve 470 (TrimmedCurve)
Info    : [ 50%] Meshing curve 471 (Line)
Info    : [ 50%] Meshing curve 472 (Line)
Info    : [ 50%] Meshing curve 473 (Line)
Info    : [ 50%] Meshing curve 474 (Line)
Info    : [ 50%] Meshing curve 475 (TrimmedCurve)
Info    : [ 50%] Meshing curve 476 (Line)
Info    : [ 50%] Meshing curve 477 (TrimmedCurve)
Info    : [ 50%] Meshing curve 478 (Line)
Info    : [ 50%] Meshing curve 479 (TrimmedCurve)
Info    : [ 50%] Meshing curve 480 (Line)
Info    : [ 60%] Meshing curve 481 (TrimmedCurve)
Info    : [ 60%] Meshing curve 482 (Line)
Info    : [ 60%] Meshing curve 483 (TrimmedCurve)
Info    : [ 60%] Meshing curve 484 (Line)
Info    : [ 60%] Meshing curve 485 (Line)
Info    : [ 60%] Meshing curve 486 (Line)
Info    : [ 60%] Meshing curve 487 (Line)
Info    : [ 60%] Meshing curve 488 (Line)
Info    : [ 60%] Meshing curve 489 (TrimmedCurve)
Info    : [ 60%] Meshing curve 490 (Line)
Info    : [ 60%] Meshing curve 491 (TrimmedCurve)
Info    : [ 60%] Meshing curve 492 (Line)
Info    : [ 60%] Meshing curve 493 (TrimmedCurve)
Info    : [ 60%] Meshing curve 494 (Line)
Info    : [ 60%] Meshing curve 495 (TrimmedCurve)
Info    : [ 60%] Meshing curve 496 (Line)
Info    : [ 60%] Meshing curve 497 (TrimmedCurve)
Info    : [ 60%] Meshing curve 498 (Line)
Info    : [ 60%] Meshing curve 499 (TrimmedCurve)
Info    : [ 60%] Meshing curve 500 (Line)
Info    : [ 60%] Meshing curve 501 (Line)
Info    : [ 60%] Meshing curve 502 (Line)
Info    : [ 60%] Meshing curve 503 (Line)
Info    : [ 60%] Meshing curve 504 (Line)
Info    : [ 60%] Meshing curve 505 (TrimmedCurve)
Info    : [ 60%] Meshing curve 506 (Line)
Info    : [ 60%] Meshing curve 507 (Line)
Info    : [ 60%] Meshing curve 508 (Line)
Info    : [ 60%] Meshing curve 509 (Line)
Info    : [ 60%] Meshing curve 510 (Line)
Info    : [ 60%] Meshing curve 511 (Line)
Info    : [ 60%] Meshing curve 512 (Line)
Info    : [ 60%] Meshing curve 513 (Line)
Info    : [ 70%] Meshing curve 514 (Line)
Info    : [ 70%] Meshing curve 515 (Line)
Info    : [ 70%] Meshing curve 516 (Line)
Info    : [ 70%] Meshing curve 517 (Line)
Info    : [ 70%] Meshing curve 518 (Line)
Info    : [ 70%] Meshing curve 519 (Line)
Info    : [ 70%] Meshing curve 520 (Line)
Info    : [ 70%] Meshing curve 521 (Line)
Info    : [ 70%] Meshing curve 522 (Line)
Info    : [ 70%] Meshing curve 523 (Line)
Info    : [ 70%] Meshing curve 524 (Line)
Info    : [ 70%] Meshing curve 525 (Line)
Info    : [ 70%] Meshing curve 526 (Line)
Info    : [ 70%] Meshing curve 527 (Line)
Info    : [ 70%] Meshing curve 528 (Line)
Info    : [ 70%] Meshing curve 529 (Line)
Info    : [ 70%] Meshing curve 530 (Line)
Info    : [ 70%] Meshing curve 531 (Line)
Info    : [ 70%] Meshing curve 532 (Line)
Info    : [ 70%] Meshing curve 533 (Line)
Info    : [ 70%] Meshing curve 534 (Line)
Info    : [ 70%] Meshing curve 535 (Line)
Info    : [ 70%] Meshing curve 536 (Line)
Info    : [ 70%] Meshing curve 537 (Line)
Info    : [ 70%] Meshing curve 538 (Line)
Info    : [ 70%] Meshing curve 539 (Line)
Info    : [ 70%] Meshing curve 540 (Line)
Info    : [ 70%] Meshing curve 541 (Line)
Info    : [ 70%] Meshing curve 542 (Line)
Info    : [ 70%] Meshing curve 543 (Line)
Info    : [ 70%] Meshing curve 544 (Line)
Info    : [ 70%] Meshing curve 545 (Line)
Info    : [ 70%] Meshing curve 546 (Line)
Info    : [ 70%] Meshing curve 547 (Line)
Info    : [ 80%] Meshing curve 548 (Line)
Info    : [ 80%] Meshing curve 549 (Line)
Info    : [ 80%] Meshing curve 550 (Line)
Info    : [ 80%] Meshing curve 551 (Line)
Info    : [ 80%] Meshing curve 552 (TrimmedCurve)
Info    : [ 80%] Meshing curve 553 (Line)
Info    : [ 80%] Meshing curve 554 (Line)
Info    : [ 80%] Meshing curve 555 (Line)
Info    : [ 80%] Meshing curve 556 (Line)
Info    : [ 80%] Meshing curve 557 (Line)
Info    : [ 80%] Meshing curve 558 (TrimmedCurve)
Info    : [ 80%] Meshing curve 559 (Line)
Info    : [ 80%] Meshing curve 560 (Line)
Info    : [ 80%] Meshing curve 561 (TrimmedCurve)
Info    : [ 80%] Meshing curve 562 (Line)
Info    : [ 80%] Meshing curve 563 (Line)
Info    : [ 80%] Meshing curve 564 (Line)
Info    : [ 80%] Meshing curve 565 (Line)
Info    : [ 80%] Meshing curve 566 (Line)
Info    : [ 80%] Meshing curve 567 (TrimmedCurve)
Info    : [ 80%] Meshing curve 568 (Line)
Info    : [ 80%] Meshing curve 569 (Line)
Info    : [ 80%] Meshing curve 570 (Line)
Info    : [ 80%] Meshing curve 571 (Line)
Info    : [ 80%] Meshing curve 572 (Line)
Info    : [ 80%] Meshing curve 573 (Line)
Info    : [ 80%] Meshing curve 574 (Line)
Info    : [ 80%] Meshing curve 575 (Line)
Info    : [ 80%] Meshing curve 576 (Line)
Info    : [ 80%] Meshing curve 577 (Line)
Info    : [ 80%] Meshing curve 578 (Line)
Info    : [ 80%] Meshing curve 579 (Line)
Info    : [ 80%] Meshing curve 580 (Line)
Info    : [ 80%] Meshing curve 581 (Line)
Info    : [ 90%] Meshing curve 582 (Line)
Info    : [ 90%] Meshing curve 583 (Line)
Info    : [ 90%] Meshing curve 584 (Line)
Info    : [ 90%] Meshing curve 585 (Line)
Info    : [ 90%] Meshing curve 586 (Line)
Info    : [ 90%] Meshing curve 587 (Line)
Info    : [ 90%] Meshing curve 588 (Line)
Info    : [ 90%] Meshing curve 589 (Line)
Info    : [ 90%] Meshing curve 590 (Line)
Info    : [ 90%] Meshing curve 591 (Line)
Info    : [ 90%] Meshing curve 592 (Line)
Info    : [ 90%] Meshing curve 593 (Line)
Info    : [ 90%] Meshing curve 594 (Line)
Info    : [ 90%] Meshing curve 595 (Line)
Info    : [ 90%] Meshing curve 596 (Line)
Info    : [ 90%] Meshing curve 597 (Line)
Info    : [ 90%] Meshing curve 598 (Line)
Info    : [ 90%] Meshing curve 599 (Line)
Info    : [ 90%] Meshing curve 600 (Line)
Info    : [ 90%] Meshing curve 601 (Line)
Info    : [ 90%] Meshing curve 602 (Line)
Info    : [ 90%] Meshing curve 603 (Line)
Info    : [ 90%] Meshing curve 604 (Line)
Info    : [ 90%] Meshing curve 605 (Line)
Info    : [ 90%] Meshing curve 606 (Line)
Info    : [ 90%] Meshing curve 607 (Line)
Info    : [ 90%] Meshing curve 608 (Line)
Info    : [ 90%] Meshing curve 609 (Line)
Info    : [ 90%] Meshing curve 610 (Line)
Info    : [ 90%] Meshing curve 611 (Line)
Info    : [ 90%] Meshing curve 612 (Line)
Info    : [ 90%] Meshing curve 613 (Line)
Info    : [ 90%] Meshing curve 614 (Line)
Info    : [ 90%] Meshing curve 615 (Line)
Info    : [100%] Meshing curve 616 (Line)
Info    : [100%] Meshing curve 617 (Line)
Info    : [100%] Meshing curve 618 (Line)
Info    : [100%] Meshing curve 619 (Line)
Info    : [100%] Meshing curve 620 (Line)
Info    : [100%] Meshing curve 621 (Line)
Info    : [100%] Meshing curve 622 (Line)
Info    : [100%] Meshing curve 623 (Line)
Info    : [100%] Meshing curve 624 (Line)
Info    : [100%] Meshing curve 625 (Line)
Info    : [100%] Meshing curve 626 (Line)
Info    : [100%] Meshing curve 627 (Line)
Info    : [100%] Meshing curve 628 (Line)
Info    : [100%] Meshing curve 629 (Line)
Info    : [100%] Meshing curve 630 (Line)
Info    : [100%] Meshing curve 631 (Line)
Info    : [100%] Meshing curve 632 (Line)
Info    : [100%] Meshing curve 633 (Line)
Info    : [100%] Meshing curve 634 (Line)
Info    : [100%] Meshing curve 635 (Line)
Info    : [100%] Meshing curve 636 (Line)
Info    : [100%] Meshing curve 637 (Line)
Info    : [100%] Meshing curve 638 (Line)
Info    : [100%] Meshing curve 639 (Line)
Info    : [100%] Meshing curve 640 (Line)
Info    : [100%] Meshing curve 641 (Line)
Info    : [100%] Meshing curve 642 (Line)
Info    : [100%] Meshing curve 643 (Line)
Info    : [100%] Meshing curve 644 (Line)
Info    : [100%] Meshing curve 645 (Line)
Info    : [100%] Meshing curve 646 (Line)
Info    : [100%] Meshing curve 647 (Line)
Info    : [100%] Meshing curve 648 (Line)
Info    : Done meshing 1D (Wall 1.77328s, CPU 1.77305s)
Info    : Meshing 2D...
Info    : [  0%] Meshing surface 35 (Plane, Delaunay)
Info    : [ 10%] Meshing surface 41 (Plane, Delaunay)
Info    : [ 10%] Meshing surface 43 (Plane, Delaunay)
Info    : [ 10%] Meshing surface 44 (Plane, Delaunay)
Info    : [ 10%] Meshing surface 45 (Plane, Delaunay)
Info    : [ 10%] Meshing surface 46 (Plane, Delaunay)
Info    : [ 10%] Meshing surface 47 (Plane, Delaunay)
Info    : [ 10%] Meshing surface 48 (Plane, Delaunay)
Info    : [ 10%] Meshing surface 49 (Plane, Delaunay)
Info    : [ 10%] Meshing surface 50 (Plane, Delaunay)
Info    : [ 10%] Meshing surface 51 (Plane, Delaunay)
Info    : [ 10%] Meshing surface 53 (Plane, Delaunay)
Info    : [ 10%] Meshing surface 54 (Plane, Delaunay)
Info    : [ 10%] Meshing surface 55 (Plane, Delaunay)
Info    : [ 10%] Meshing surface 56 (Plane, Delaunay)
Info    : [ 20%] Meshing surface 57 (Plane, Delaunay)
Info    : [ 20%] Meshing surface 58 (Plane, Delaunay)
Info    : [ 20%] Meshing surface 59 (Plane, Delaunay)
Info    : [ 20%] Meshing surface 60 (Plane, Delaunay)
Info    : [ 20%] Meshing surface 61 (Plane, Delaunay)
Info    : [ 20%] Meshing surface 62 (Plane, Delaunay)
Info    : [ 20%] Meshing surface 63 (Plane, Delaunay)
Info    : [ 20%] Meshing surface 64 (Plane, Delaunay)
Info    : [ 20%] Meshing surface 65 (Plane, Delaunay)
Info    : [ 20%] Meshing surface 66 (Plane, Delaunay)
Info    : [ 20%] Meshing surface 67 (Plane, Delaunay)
Info    : [ 20%] Meshing surface 68 (Plane, Delaunay)
Info    : [ 20%] Meshing surface 69 (Plane, Delaunay)
Info    : [ 20%] Meshing surface 70 (Plane, Delaunay)
Info    : [ 20%] Meshing surface 71 (Plane, Delaunay)
Info    : [ 30%] Meshing surface 72 (Plane, Delaunay)
Info    : [ 30%] Meshing surface 73 (Plane, Delaunay)
Info    : [ 30%] Meshing surface 74 (Plane, Delaunay)
Info    : [ 30%] Meshing surface 75 (Plane, Delaunay)
Info    : [ 30%] Meshing surface 76 (Plane, Delaunay)
Info    : [ 30%] Meshing surface 179 (Plane, Delaunay)
Info    : [ 30%] Meshing surface 180 (Plane, Delaunay)
Info    : [ 30%] Meshing surface 181 (Plane, Delaunay)
Info    : [ 30%] Meshing surface 183 (Plane, Delaunay)
Info    : [ 30%] Meshing surface 184 (Plane, Delaunay)
Info    : [ 30%] Meshing surface 185 (Plane, Delaunay)
Info    : [ 30%] Meshing surface 186 (Plane, Delaunay)
Info    : [ 30%] Meshing surface 187 (Plane, Delaunay)
Info    : [ 30%] Meshing surface 188 (Plane, Delaunay)
Info    : [ 40%] Meshing surface 189 (Plane, Delaunay)
Info    : [ 40%] Meshing surface 190 (Plane, Delaunay)
Info    : [ 40%] Meshing surface 191 (Plane, Delaunay)
Info    : [ 40%] Meshing surface 192 (Plane, Delaunay)
Info    : [ 40%] Meshing surface 193 (Plane, Delaunay)
Info    : [ 40%] Meshing surface 195 (Plane, Delaunay)
Info    : [ 40%] Meshing surface 196 (Plane, Delaunay)
Info    : [ 40%] Meshing surface 197 (Plane, Delaunay)
Info    : [ 40%] Meshing surface 198 (Plane, Delaunay)
Info    : [ 40%] Meshing surface 199 (Plane, Delaunay)
Info    : [ 40%] Meshing surface 200 (Plane, Delaunay)
Info    : [ 40%] Meshing surface 201 (Plane, Delaunay)
Info    : [ 40%] Meshing surface 202 (Plane, Delaunay)
Info    : [ 40%] Meshing surface 203 (Plane, Delaunay)
Info    : [ 40%] Meshing surface 204 (Plane, Delaunay)
Info    : [ 50%] Meshing surface 205 (Plane, Delaunay)
Info    : [ 50%] Meshing surface 206 (Plane, Delaunay)
Info    : [ 50%] Meshing surface 207 (Plane, Delaunay)
Info    : [ 50%] Meshing surface 208 (Plane, Delaunay)
Info    : [ 50%] Meshing surface 209 (Plane, Delaunay)
Info    : [ 50%] Meshing surface 210 (Plane, Delaunay)
Info    : [ 50%] Meshing surface 211 (Plane, Delaunay)
Info    : [ 50%] Meshing surface 212 (Plane, Delaunay)
Info    : [ 50%] Meshing surface 213 (Plane, Delaunay)
Info    : [ 50%] Meshing surface 214 (Plane, Delaunay)
Info    : [ 50%] Meshing surface 215 (Plane, Delaunay)
Info    : [ 50%] Meshing surface 216 (Plane, Delaunay)
Info    : [ 50%] Meshing surface 217 (Plane, Delaunay)
Info    : [ 50%] Meshing surface 218 (Plane, Delaunay)
Info    : [ 50%] Meshing surface 219 (Plane, Delaunay)
Info    : [ 60%] Meshing surface 220 (Plane, Delaunay)
Info    : [ 60%] Meshing surface 221 (Plane, Delaunay)
Info    : [ 60%] Meshing surface 222 (Plane, Delaunay)
Info    : [ 60%] Meshing surface 223 (Plane, Delaunay)
Info    : [ 60%] Meshing surface 224 (Plane, Delaunay)
Info    : [ 60%] Meshing surface 225 (Plane, Delaunay)
Info    : [ 60%] Meshing surface 226 (Plane, Delaunay)
Info    : [ 60%] Meshing surface 227 (Plane, Delaunay)
Info    : [ 60%] Meshing surface 228 (Plane, Delaunay)
Info    : [ 60%] Meshing surface 229 (Plane, Delaunay)
Info    : [ 60%] Meshing surface 230 (Plane, Delaunay)
Info    : [ 60%] Meshing surface 231 (Plane, Delaunay)
Info    : [ 60%] Meshing surface 232 (Plane, Delaunay)
Info    : [ 60%] Meshing surface 233 (Plane, Delaunay)
Info    : [ 70%] Meshing surface 235 (Plane, Delaunay)
Info    : [ 70%] Meshing surface 236 (Plane, Delaunay)
Info    : [ 70%] Meshing surface 237 (Plane, Delaunay)
Info    : [ 70%] Meshing surface 238 (Plane, Delaunay)
Info    : [ 70%] Meshing surface 239 (Plane, Delaunay)
Info    : [ 70%] Meshing surface 240 (Plane, Delaunay)
Info    : [ 70%] Meshing surface 241 (Plane, Delaunay)
Info    : [ 70%] Meshing surface 242 (Plane, Delaunay)
Info    : [ 70%] Meshing surface 243 (Plane, Delaunay)
Info    : [ 70%] Meshing surface 244 (Plane, Delaunay)
Info    : [ 70%] Meshing surface 245 (Plane, Delaunay)
Info    : [ 70%] Meshing surface 246 (Plane, Delaunay)
Info    : [ 70%] Meshing surface 247 (Plane, Delaunay)
Info    : [ 70%] Meshing surface 248 (Plane, Delaunay)
Info    : [ 70%] Meshing surface 249 (Plane, Delaunay)
Info    : [ 80%] Meshing surface 250 (Plane, Delaunay)
Info    : [ 80%] Meshing surface 251 (Plane, Delaunay)
Info    : [ 80%] Meshing surface 252 (Plane, Delaunay)
Info    : [ 80%] Meshing surface 253 (Plane, Delaunay)
Info    : [ 80%] Meshing surface 254 (Plane, Delaunay)
Info    : [ 80%] Meshing surface 255 (Plane, Delaunay)
Info    : [ 80%] Meshing surface 256 (Plane, Delaunay)
Info    : [ 80%] Meshing surface 257 (Plane, Delaunay)
Info    : [ 80%] Meshing surface 258 (Plane, Delaunay)
Info    : [ 80%] Meshing surface 259 (Plane, Delaunay)
Info    : [ 80%] Meshing surface 260 (Plane, Delaunay)
Info    : [ 80%] Meshing surface 261 (Plane, Delaunay)
Info    : [ 80%] Meshing surface 262 (Plane, Delaunay)
Info    : [ 80%] Meshing surface 263 (Plane, Delaunay)
Info    : [ 90%] Meshing surface 264 (Plane, Delaunay)
Info    : [ 90%] Meshing surface 265 (Plane, Delaunay)
Info    : [ 90%] Meshing surface 266 (Plane, Delaunay)
Info    : [ 90%] Meshing surface 267 (Plane, Delaunay)
Info    : [ 90%] Meshing surface 268 (Plane, Delaunay)
Info    : [ 90%] Meshing surface 269 (Plane, Delaunay)
Info    : [ 90%] Meshing surface 270 (Plane, Delaunay)
Info    : [ 90%] Meshing surface 271 (Plane, Delaunay)
Info    : [ 90%] Meshing surface 272 (Plane, Delaunay)
Info    : [ 90%] Meshing surface 273 (Plane, Delaunay)
Info    : [ 90%] Meshing surface 274 (Plane, Delaunay)
Info    : [ 90%] Meshing surface 275 (Plane, Delaunay)
Info    : [ 90%] Meshing surface 276 (Plane, Delaunay)
Info    : [ 90%] Meshing surface 277 (Plane, Delaunay)
Info    : [ 90%] Meshing surface 278 (Plane, Delaunay)
Info    : [100%] Meshing surface 279 (Plane, Delaunay)
Info    : [100%] Meshing surface 280 (Plane, Delaunay)
Info    : [100%] Meshing surface 281 (Plane, Delaunay)
Info    : [100%] Meshing surface 282 (Plane, Delaunay)
Info    : [100%] Meshing surface 283 (Plane, Delaunay)
Info    : [100%] Meshing surface 284 (Plane, Delaunay)
Info    : [100%] Meshing surface 285 (Plane, Delaunay)
Info    : [100%] Meshing surface 286 (Plane, Delaunay)
Info    : [100%] Meshing surface 287 (Plane, Delaunay)
Info    : [100%] Meshing surface 288 (Plane, Delaunay)
Info    : [100%] Meshing surface 289 (Plane, Delaunay)
Info    : [100%] Meshing surface 290 (Plane, Delaunay)
Info    : [100%] Meshing surface 291 (Plane, Delaunay)
Info    : [100%] Meshing surface 292 (Plane, Delaunay)
Info    : Done meshing 2D (Wall 0.505711s, CPU 0.505636s)
Info    : Meshing 3D...
Info    : 3D Meshing 16 volumes with 1 connected component
Info    : Tetrahedrizing 4837 nodes...
Info    : Done tetrahedrizing 4845 nodes (Wall 0.0551424s, CPU 0.052288s)
Info    : Reconstructing mesh...
Info    :  - Creating surface mesh
Info    :  - Identifying boundary edges
Info    :  - Recovering boundary
Info    :  - Added 28 Steiner points
Info    : Done reconstructing mesh (Wall 0.188574s, CPU 0.174095s)
Info    : Found volume 28
Info    : Found volume 29
Info    : Found volume 24
Info    : Found volume 27
Info    : Found volume 11
Info    : Found volume 31
Info    : Found volume 30
Info    : Found volume 6
Info    : Found volume 7
Info    : Found volume 32
Info    : Found volume 8
Info    : Found volume 26
Info    : Found volume 25
Info    : Found volume 9
Info    : Found volume 10
Info    : Found volume 12
Info    : It. 0 - 0 nodes created - worst tet radius 9.72441 (nodes removed 0 0)
Info    : It. 500 - 78 nodes created - worst tet radius 1.57851 (nodes removed 0 422)
Info    : It. 1000 - 198 nodes created - worst tet radius 1.17238 (nodes removed 0 802)
Info    : It. 1500 - 331 nodes created - worst tet radius 1.02005 (nodes removed 0 1169)
Info    : 3D refinement terminated (5221 nodes total):
Info    :  - 1 Delaunay cavities modified for star shapeness
Info    :  - 1226 nodes could not be inserted
Info    :  - 30975 tetrahedra created in 0.0934666 sec. (331401 tets/s)
Info    : 220 node relocations
Info    : Done meshing 3D (Wall 0.553929s, CPU 0.539184s)
Info    : Optimizing mesh...
Info    : Optimizing volume 6
Info    : Optimization starts (volume = 234) with worst = 0.209192 / average = 0.599913:
Info    : 0.00 < quality < 0.10 :         0 elements
Info    : 0.10 < quality < 0.20 :         0 elements
Info    : 0.20 < quality < 0.30 :        35 elements
Info    : 0.30 < quality < 0.40 :         7 elements
Info    : 0.40 < quality < 0.50 :         3 elements
Info    : 0.50 < quality < 0.60 :         6 elements
Info    : 0.60 < quality < 0.70 :        60 elements
Info    : 0.70 < quality < 0.80 :        46 elements
Info    : 0.80 < quality < 0.90 :        10 elements
Info    : 0.90 < quality < 1.00 :         1 elements
Info    : No ill-shaped tets in the mesh :-)
Info    : 0.00 < quality < 0.10 :         0 elements
Info    : 0.10 < quality < 0.20 :         0 elements
Info    : 0.20 < quality < 0.30 :        35 elements
Info    : 0.30 < quality < 0.40 :         7 elements
Info    : 0.40 < quality < 0.50 :         3 elements
Info    : 0.50 < quality < 0.60 :         6 elements
Info    : 0.60 < quality < 0.70 :        60 elements
Info    : 0.70 < quality < 0.80 :        46 elements
Info    : 0.80 < quality < 0.90 :        10 elements
Info    : 0.90 < quality < 1.00 :         1 elements
Info    : Optimizing volume 7
Info    : Optimization starts (volume = 234) with worst = 0.209192 / average = 0.599817:
Info    : 0.00 < quality < 0.10 :         0 elements
Info    : 0.10 < quality < 0.20 :         0 elements
Info    : 0.20 < quality < 0.30 :        35 elements
Info    : 0.30 < quality < 0.40 :         7 elements
Info    : 0.40 < quality < 0.50 :         3 elements
Info    : 0.50 < quality < 0.60 :         6 elements
Info    : 0.60 < quality < 0.70 :        60 elements
Info    : 0.70 < quality < 0.80 :        46 elements
Info    : 0.80 < quality < 0.90 :        10 elements
Info    : 0.90 < quality < 1.00 :         1 elements
Info    : No ill-shaped tets in the mesh :-)
Info    : 0.00 < quality < 0.10 :         0 elements
Info    : 0.10 < quality < 0.20 :         0 elements
Info    : 0.20 < quality < 0.30 :        35 elements
Info    : 0.30 < quality < 0.40 :         7 elements
Info    : 0.40 < quality < 0.50 :         3 elements
Info    : 0.50 < quality < 0.60 :         6 elements
Info    : 0.60 < quality < 0.70 :        60 elements
Info    : 0.70 < quality < 0.80 :        46 elements
Info    : 0.80 < quality < 0.90 :        10 elements
Info    : 0.90 < quality < 1.00 :         1 elements
Info    : Optimizing volume 8
Info    : Optimization starts (volume = 109.224) with worst = 0.219132 / average = 0.608138:
Info    : 0.00 < quality < 0.10 :         0 elements
Info    : 0.10 < quality < 0.20 :         0 elements
Info    : 0.20 < quality < 0.30 :         6 elements
Info    : 0.30 < quality < 0.40 :        10 elements
Info    : 0.40 < quality < 0.50 :        24 elements
Info    : 0.50 < quality < 0.60 :        14 elements
Info    : 0.60 < quality < 0.70 :        18 elements
Info    : 0.70 < quality < 0.80 :        18 elements
Info    : 0.80 < quality < 0.90 :        20 elements
Info    : 0.90 < quality < 1.00 :         4 elements
Info    : No ill-shaped tets in the mesh :-)
Info    : 0.00 < quality < 0.10 :         0 elements
Info    : 0.10 < quality < 0.20 :         0 elements
Info    : 0.20 < quality < 0.30 :         6 elements
Info    : 0.30 < quality < 0.40 :        10 elements
Info    : 0.40 < quality < 0.50 :        24 elements
Info    : 0.50 < quality < 0.60 :        14 elements
Info    : 0.60 < quality < 0.70 :        18 elements
Info    : 0.70 < quality < 0.80 :        18 elements
Info    : 0.80 < quality < 0.90 :        20 elements
Info    : 0.90 < quality < 1.00 :         4 elements
Info    : Optimizing volume 9
Info    : Optimization starts (volume = 2.268) with worst = 0.266475 / average = 0.325093:
Info    : 0.00 < quality < 0.10 :         0 elements
Info    : 0.10 < quality < 0.20 :         0 elements
Info    : 0.20 < quality < 0.30 :         4 elements
Info    : 0.30 < quality < 0.40 :         8 elements
Info    : 0.40 < quality < 0.50 :         0 elements
Info    : 0.50 < quality < 0.60 :         0 elements
Info    : 0.60 < quality < 0.70 :         0 elements
Info    : 0.70 < quality < 0.80 :         0 elements
Info    : 0.80 < quality < 0.90 :         0 elements
Info    : 0.90 < quality < 1.00 :         0 elements
Info    : No ill-shaped tets in the mesh :-)
Info    : 0.00 < quality < 0.10 :         0 elements
Info    : 0.10 < quality < 0.20 :         0 elements
Info    : 0.20 < quality < 0.30 :         4 elements
Info    : 0.30 < quality < 0.40 :         8 elements
Info    : 0.40 < quality < 0.50 :         0 elements
Info    : 0.50 < quality < 0.60 :         0 elements
Info    : 0.60 < quality < 0.70 :         0 elements
Info    : 0.70 < quality < 0.80 :         0 elements
Info    : 0.80 < quality < 0.90 :         0 elements
Info    : 0.90 < quality < 1.00 :         0 elements
Info    : Optimizing volume 10
Info    : Optimization starts (volume = 2.268) with worst = 0.266475 / average = 0.325093:
Info    : 0.00 < quality < 0.10 :         0 elements
Info    : 0.10 < quality < 0.20 :         0 elements
Info    : 0.20 < quality < 0.30 :         4 elements
Info    : 0.30 < quality < 0.40 :         8 elements
Info    : 0.40 < quality < 0.50 :         0 elements
Info    : 0.50 < quality < 0.60 :         0 elements
Info    : 0.60 < quality < 0.70 :         0 elements
Info    : 0.70 < quality < 0.80 :         0 elements
Info    : 0.80 < quality < 0.90 :         0 elements
Info    : 0.90 < quality < 1.00 :         0 elements
Info    : No ill-shaped tets in the mesh :-)
Info    : 0.00 < quality < 0.10 :         0 elements
Info    : 0.10 < quality < 0.20 :         0 elements
Info    : 0.20 < quality < 0.30 :         4 elements
Info    : 0.30 < quality < 0.40 :         8 elements
Info    : 0.40 < quality < 0.50 :         0 elements
Info    : 0.50 < quality < 0.60 :         0 elements
Info    : 0.60 < quality < 0.70 :         0 elements
Info    : 0.70 < quality < 0.80 :         0 elements
Info    : 0.80 < quality < 0.90 :         0 elements
Info    : 0.90 < quality < 1.00 :         0 elements
Info    : Optimizing volume 11
Info    : Optimization starts (volume = 2.268) with worst = 0.0280207 / average = 0.26468:
Info    : 0.00 < quality < 0.10 :         6 elements
Info    : 0.10 < quality < 0.20 :         0 elements
Info    : 0.20 < quality < 0.30 :         2 elements
Info    : 0.30 < quality < 0.40 :         7 elements
Info    : 0.40 < quality < 0.50 :         0 elements
Info    : 0.50 < quality < 0.60 :         0 elements
Info    : 0.60 < quality < 0.70 :         2 elements
Info    : 0.70 < quality < 0.80 :         0 elements
Info    : 0.80 < quality < 0.90 :         0 elements
Info    : 0.90 < quality < 1.00 :         0 elements
Info    : 2 edge swaps, 0 node relocations (volume = 2.268): worst = 0.0280207 / average = 0.278119 (Wall 8.8257e-05s, CPU 9e-05s)
Info    : No ill-shaped tets in the mesh :-)
Info    : 0.00 < quality < 0.10 :         6 elements
Info    : 0.10 < quality < 0.20 :         0 elements
Info    : 0.20 < quality < 0.30 :         4 elements
Info    : 0.30 < quality < 0.40 :         4 elements
Info    : 0.40 < quality < 0.50 :         0 elements
Info    : 0.50 < quality < 0.60 :         2 elements
Info    : 0.60 < quality < 0.70 :         2 elements
Info    : 0.70 < quality < 0.80 :         0 elements
Info    : 0.80 < quality < 0.90 :         0 elements
Info    : 0.90 < quality < 1.00 :         0 elements
Info    : Optimizing volume 12
Info    : Optimization starts (volume = 2.268) with worst = 0.266475 / average = 0.325093:
Info    : 0.00 < quality < 0.10 :         0 elements
Info    : 0.10 < quality < 0.20 :         0 elements
Info    : 0.20 < quality < 0.30 :         4 elements
Info    : 0.30 < quality < 0.40 :         8 elements
Info    : 0.40 < quality < 0.50 :         0 elements
Info    : 0.50 < quality < 0.60 :         0 elements
Info    : 0.60 < quality < 0.70 :         0 elements
Info    : 0.70 < quality < 0.80 :         0 elements
Info    : 0.80 < quality < 0.90 :         0 elements
Info    : 0.90 < quality < 1.00 :         0 elements
Info    : No ill-shaped tets in the mesh :-)
Info    : 0.00 < quality < 0.10 :         0 elements
Info    : 0.10 < quality < 0.20 :         0 elements
Info    : 0.20 < quality < 0.30 :         4 elements
Info    : 0.30 < quality < 0.40 :         8 elements
Info    : 0.40 < quality < 0.50 :         0 elements
Info    : 0.50 < quality < 0.60 :         0 elements
Info    : 0.60 < quality < 0.70 :         0 elements
Info    : 0.70 < quality < 0.80 :         0 elements
Info    : 0.80 < quality < 0.90 :         0 elements
Info    : 0.90 < quality < 1.00 :         0 elements
Info    : Optimizing volume 24
Info    : Optimization starts (volume = 6260.49) with worst = 0.00633238 / average = 0.136806:
Info    : 0.00 < quality < 0.10 :       138 elements
Info    : 0.10 < quality < 0.20 :      2339 elements
Info    : 0.20 < quality < 0.30 :       124 elements
Info    : 0.30 < quality < 0.40 :         2 elements
Info    : 0.40 < quality < 0.50 :         2 elements
Info    : 0.50 < quality < 0.60 :         0 elements
Info    : 0.60 < quality < 0.70 :         0 elements
Info    : 0.70 < quality < 0.80 :         0 elements
Info    : 0.80 < quality < 0.90 :         0 elements
Info    : 0.90 < quality < 1.00 :         0 elements
Info    : 226 edge swaps, 10 node relocations (volume = 6260.49): worst = 0.00633238 / average = 0.136788 (Wall 0.0153946s, CPU 0.015393s)
Info    : 235 edge swaps, 20 node relocations (volume = 6260.49): worst = 0.00633238 / average = 0.136818 (Wall 0.0284525s, CPU 0.028449s)
Info    : No ill-shaped tets in the mesh :-)
Info    : 0.00 < quality < 0.10 :       130 elements
Info    : 0.10 < quality < 0.20 :      2315 elements
Info    : 0.20 < quality < 0.30 :       114 elements
Info    : 0.30 < quality < 0.40 :         2 elements
Info    : 0.40 < quality < 0.50 :         2 elements
Info    : 0.50 < quality < 0.60 :         0 elements
Info    : 0.60 < quality < 0.70 :         0 elements
Info    : 0.70 < quality < 0.80 :         0 elements
Info    : 0.80 < quality < 0.90 :         0 elements
Info    : 0.90 < quality < 1.00 :         0 elements
Info    : Optimizing volume 25
Info    : Optimization starts (volume = 4926.34) with worst = 0.0351189 / average = 0.74527:
Info    : 0.00 < quality < 0.10 :         1 elements
Info    : 0.10 < quality < 0.20 :         4 elements
Info    : 0.20 < quality < 0.30 :         8 elements
Info    : 0.30 < quality < 0.40 :        15 elements
Info    : 0.40 < quality < 0.50 :        42 elements
Info    : 0.50 < quality < 0.60 :       251 elements
Info    : 0.60 < quality < 0.70 :       250 elements
Info    : 0.70 < quality < 0.80 :       227 elements
Info    : 0.80 < quality < 0.90 :       426 elements
Info    : 0.90 < quality < 1.00 :       276 elements
Info    : 4 edge swaps, 0 node relocations (volume = 4926.34): worst = 0.119307 / average = 0.746191 (Wall 0.000215342s, CPU 0.000218s)
Info    : 7 edge swaps, 0 node relocations (volume = 4926.34): worst = 0.25794 / average = 0.746578 (Wall 0.000329081s, CPU 0.000332s)
Info    : No ill-shaped tets in the mesh :-)
Info    : 0.00 < quality < 0.10 :         0 elements
Info    : 0.10 < quality < 0.20 :         0 elements
Info    : 0.20 < quality < 0.30 :         9 elements
Info    : 0.30 < quality < 0.40 :        15 elements
Info    : 0.40 < quality < 0.50 :        42 elements
Info    : 0.50 < quality < 0.60 :       254 elements
Info    : 0.60 < quality < 0.70 :       250 elements
Info    : 0.70 < quality < 0.80 :       226 elements
Info    : 0.80 < quality < 0.90 :       425 elements
Info    : 0.90 < quality < 1.00 :       276 elements
Info    : Optimizing volume 26
Info    : Optimization starts (volume = 1369.25) with worst = 0.101502 / average = 0.734314:
Info    : 0.00 < quality < 0.10 :         0 elements
Info    : 0.10 < quality < 0.20 :         5 elements
Info    : 0.20 < quality < 0.30 :        11 elements
Info    : 0.30 < quality < 0.40 :        10 elements
Info    : 0.40 < quality < 0.50 :        12 elements
Info    : 0.50 < quality < 0.60 :        63 elements
Info    : 0.60 < quality < 0.70 :        69 elements
Info    : 0.70 < quality < 0.80 :        56 elements
Info    : 0.80 < quality < 0.90 :       129 elements
Info    : 0.90 < quality < 1.00 :        86 elements
Info    : 5 edge swaps, 0 node relocations (volume = 1369.25): worst = 0.119307 / average = 0.73558 (Wall 0.000120537s, CPU 0.000121s)
Info    : 7 edge swaps, 0 node relocations (volume = 1369.25): worst = 0.25794 / average = 0.737137 (Wall 0.000204285s, CPU 0.000205s)
Info    : 8 edge swaps, 0 node relocations (volume = 1369.25): worst = 0.25794 / average = 0.737044 (Wall 0.000280451s, CPU 0.000281s)
Info    : No ill-shaped tets in the mesh :-)
Info    : 0.00 < quality < 0.10 :         0 elements
Info    : 0.10 < quality < 0.20 :         0 elements
Info    : 0.20 < quality < 0.30 :        10 elements
Info    : 0.30 < quality < 0.40 :        14 elements
Info    : 0.40 < quality < 0.50 :        10 elements
Info    : 0.50 < quality < 0.60 :        65 elements
Info    : 0.60 < quality < 0.70 :        69 elements
Info    : 0.70 < quality < 0.80 :        54 elements
Info    : 0.80 < quality < 0.90 :       129 elements
Info    : 0.90 < quality < 1.00 :        86 elements
Info    : Optimizing volume 27
Info    : Optimization starts (volume = 2.51993e+07) with worst = 0.0335529 / average = 0.606064:
Info    : 0.00 < quality < 0.10 :         9 elements
Info    : 0.10 < quality < 0.20 :        17 elements
Info    : 0.20 < quality < 0.30 :        49 elements
Info    : 0.30 < quality < 0.40 :       155 elements
Info    : 0.40 < quality < 0.50 :       349 elements
Info    : 0.50 < quality < 0.60 :       490 elements
Info    : 0.60 < quality < 0.70 :       379 elements
Info    : 0.70 < quality < 0.80 :       362 elements
Info    : 0.80 < quality < 0.90 :       225 elements
Info    : 0.90 < quality < 1.00 :        76 elements
Info    : 68 edge swaps, 1 node relocations (volume = 2.51993e+07): worst = 0.229007 / average = 0.620583 (Wall 0.000789152s, CPU 0.000791s)
Info    : 69 edge swaps, 1 node relocations (volume = 2.51993e+07): worst = 0.245986 / average = 0.620516 (Wall 0.000929286s, CPU 0.000931s)
Info    : No ill-shaped tets in the mesh :-)
Info    : 0.00 < quality < 0.10 :         0 elements
Info    : 0.10 < quality < 0.20 :         0 elements
Info    : 0.20 < quality < 0.30 :         3 elements
Info    : 0.30 < quality < 0.40 :       155 elements
Info    : 0.40 < quality < 0.50 :       345 elements
Info    : 0.50 < quality < 0.60 :       498 elements
Info    : 0.60 < quality < 0.70 :       384 elements
Info    : 0.70 < quality < 0.80 :       368 elements
Info    : 0.80 < quality < 0.90 :       228 elements
Info    : 0.90 < quality < 1.00 :        73 elements
Info    : Optimizing volume 28
Info    : Optimization starts (volume = 50398.6) with worst = 0.000421322 / average = 0.0562088:
Info    : 0.00 < quality < 0.10 :      2195 elements
Info    : 0.10 < quality < 0.20 :       485 elements
Info    : 0.20 < quality < 0.30 :         1 elements
Info    : 0.30 < quality < 0.40 :         0 elements
Info    : 0.40 < quality < 0.50 :         0 elements
Info    : 0.50 < quality < 0.60 :         0 elements
Info    : 0.60 < quality < 0.70 :         0 elements
Info    : 0.70 < quality < 0.80 :         0 elements
Info    : 0.80 < quality < 0.90 :         0 elements
Info    : 0.90 < quality < 1.00 :         0 elements
Info    : 412 edge swaps, 0 node relocations (volume = 50398.6): worst = 0.00178932 / average = 0.05722 (Wall 0.0164041s, CPU 0.0164s)
Info    : 438 edge swaps, 0 node relocations (volume = 50398.6): worst = 0.00178932 / average = 0.0573181 (Wall 0.0357093s, CPU 0.035704s)
Info    : No ill-shaped tets in the mesh :-)
Info    : 0.00 < quality < 0.10 :      1944 elements
Info    : 0.10 < quality < 0.20 :       446 elements
Info    : 0.20 < quality < 0.30 :         0 elements
Info    : 0.30 < quality < 0.40 :         0 elements
Info    : 0.40 < quality < 0.50 :         0 elements
Info    : 0.50 < quality < 0.60 :         0 elements
Info    : 0.60 < quality < 0.70 :         0 elements
Info    : 0.70 < quality < 0.80 :         0 elements
Info    : 0.80 < quality < 0.90 :         0 elements
Info    : 0.90 < quality < 1.00 :         0 elements
Info    : Optimizing volume 29
Info    : Optimization starts (volume = 1.96882e+06) with worst = 0.000781721 / average = 0.436965:
Info    : 0.00 < quality < 0.10 :       499 elements
Info    : 0.10 < quality < 0.20 :      2350 elements
Info    : 0.20 < quality < 0.30 :      1708 elements
Info    : 0.30 < quality < 0.40 :      1722 elements
Info    : 0.40 < quality < 0.50 :      1939 elements
Info    : 0.50 < quality < 0.60 :      1820 elements
Info    : 0.60 < quality < 0.70 :      1123 elements
Info    : 0.70 < quality < 0.80 :       986 elements
Info    : 0.80 < quality < 0.90 :       880 elements
Info    : 0.90 < quality < 1.00 :       383 elements
Info    : 860 edge swaps, 21 node relocations (volume = 1.96882e+06): worst = 0.00379399 / average = 0.4501 (Wall 0.0418939s, CPU 0.041884s)
Info    : 928 edge swaps, 31 node relocations (volume = 1.96882e+06): worst = 0.00379399 / average = 0.450524 (Wall 0.0769098s, CPU 0.076893s)
Info    : No ill-shaped tets in the mesh :-)
Info    : 0.00 < quality < 0.10 :       277 elements
Info    : 0.10 < quality < 0.20 :      2089 elements
Info    : 0.20 < quality < 0.30 :      1542 elements
Info    : 0.30 < quality < 0.40 :      1704 elements
Info    : 0.40 < quality < 0.50 :      1883 elements
Info    : 0.50 < quality < 0.60 :      1821 elements
Info    : 0.60 < quality < 0.70 :      1168 elements
Info    : 0.70 < quality < 0.80 :       973 elements
Info    : 0.80 < quality < 0.90 :       869 elements
Info    : 0.90 < quality < 1.00 :       364 elements
Info    : Optimizing volume 30
Info    : Optimization starts (volume = 472487) with worst = 0.00621664 / average = 0.494655:
Info    : 0.00 < quality < 0.10 :        54 elements
Info    : 0.10 < quality < 0.20 :       224 elements
Info    : 0.20 < quality < 0.30 :       460 elements
Info    : 0.30 < quality < 0.40 :       479 elements
Info    : 0.40 < quality < 0.50 :       571 elements
Info    : 0.50 < quality < 0.60 :       755 elements
Info    : 0.60 < quality < 0.70 :       763 elements
Info    : 0.70 < quality < 0.80 :       442 elements
Info    : 0.80 < quality < 0.90 :        93 elements
Info    : 0.90 < quality < 1.00 :         5 elements
Info    : 191 edge swaps, 0 node relocations (volume = 472487): worst = 0.0360708 / average = 0.506264 (Wall 0.00498201s, CPU 0.004981s)
Info    : 198 edge swaps, 0 node relocations (volume = 472487): worst = 0.0500225 / average = 0.506254 (Wall 0.00896756s, CPU 0.008964s)
Info    : No ill-shaped tets in the mesh :-)
Info    : 0.00 < quality < 0.10 :        28 elements
Info    : 0.10 < quality < 0.20 :       165 elements
Info    : 0.20 < quality < 0.30 :       398 elements
Info    : 0.30 < quality < 0.40 :       495 elements
Info    : 0.40 < quality < 0.50 :       562 elements
Info    : 0.50 < quality < 0.60 :       751 elements
Info    : 0.60 < quality < 0.70 :       763 elements
Info    : 0.70 < quality < 0.80 :       442 elements
Info    : 0.80 < quality < 0.90 :        94 elements
Info    : 0.90 < quality < 1.00 :         5 elements
Info    : Optimizing volume 31
Info    : Optimization starts (volume = 2.26794e+07) with worst = 0.0631959 / average = 0.59602:
Info    : 0.00 < quality < 0.10 :        10 elements
Info    : 0.10 < quality < 0.20 :        28 elements
Info    : 0.20 < quality < 0.30 :        64 elements
Info    : 0.30 < quality < 0.40 :       180 elements
Info    : 0.40 < quality < 0.50 :       400 elements
Info    : 0.50 < quality < 0.60 :       575 elements
Info    : 0.60 < quality < 0.70 :       476 elements
Info    : 0.70 < quality < 0.80 :       388 elements
Info    : 0.80 < quality < 0.90 :       243 elements
Info    : 0.90 < quality < 1.00 :        64 elements
Info    : 87 edge swaps, 0 node relocations (volume = 2.26794e+07): worst = 0.262032 / average = 0.610109 (Wall 0.00110008s, CPU 0.001102s)
Info    : 90 edge swaps, 1 node relocations (volume = 2.26794e+07): worst = 0.268797 / average = 0.610198 (Wall 0.00134216s, CPU 0.001345s)
Info    : No ill-shaped tets in the mesh :-)
Info    : 0.00 < quality < 0.10 :         0 elements
Info    : 0.10 < quality < 0.20 :         0 elements
Info    : 0.20 < quality < 0.30 :         6 elements
Info    : 0.30 < quality < 0.40 :       187 elements
Info    : 0.40 < quality < 0.50 :       413 elements
Info    : 0.50 < quality < 0.60 :       568 elements
Info    : 0.60 < quality < 0.70 :       493 elements
Info    : 0.70 < quality < 0.80 :       391 elements
Info    : 0.80 < quality < 0.90 :       243 elements
Info    : 0.90 < quality < 1.00 :        61 elements
Info    : Optimizing volume 32
Info    : Optimization starts (volume = 5.3086e+07) with worst = 0.00739742 / average = 0.564633:
Info    : 0.00 < quality < 0.10 :       116 elements
Info    : 0.10 < quality < 0.20 :        52 elements
Info    : 0.20 < quality < 0.30 :        28 elements
Info    : 0.30 < quality < 0.40 :       104 elements
Info    : 0.40 < quality < 0.50 :       158 elements
Info    : 0.50 < quality < 0.60 :       174 elements
Info    : 0.60 < quality < 0.70 :       339 elements
Info    : 0.70 < quality < 0.80 :       321 elements
Info    : 0.80 < quality < 0.90 :       115 elements
Info    : 0.90 < quality < 1.00 :        43 elements
Info    : 36 edge swaps, 0 node relocations (volume = 5.3086e+07): worst = 0.00739742 / average = 0.576603 (Wall 0.0019951s, CPU 0.001997s)
Info    : No ill-shaped tets in the mesh :-)
Info    : 0.00 < quality < 0.10 :       112 elements
Info    : 0.10 < quality < 0.20 :        32 elements
Info    : 0.20 < quality < 0.30 :        12 elements
Info    : 0.30 < quality < 0.40 :       103 elements
Info    : 0.40 < quality < 0.50 :       152 elements
Info    : 0.50 < quality < 0.60 :       181 elements
Info    : 0.60 < quality < 0.70 :       337 elements
Info    : 0.70 < quality < 0.80 :       323 elements
Info    : 0.80 < quality < 0.90 :       116 elements
Info    : 0.90 < quality < 1.00 :        46 elements
Info    : Done optimizing mesh (Wall 0.21451s, CPU 0.214479s)
Info    : 5221 nodes 41712 elements
Info    : Writing '/foss/designs/inductor_synth/palace_model/inductor3_N2_do112.48_w6_s3_data/inductor3_N2_do112.48_w6_s3.msh'...
Info    : Done writing '/foss/designs/inductor_synth/palace_model/inductor3_N2_do112.48_w6_s3_data/inductor3_N2_do112.48_w6_s3.msh'
Info    : Clearing all models and views...
Info    : Done clearing all models and views
>> /usr/bin/mpirun -n 1 /foss/tools/bin/palace-x86_64.bin config.json

_____________     _______
_____   __   \____ __   /____ ____________
____   /_/  /  __ ` /  /  __ ` /  ___/  _ \
___   _____/  /_/  /  /  /_/  /  /__/  ___/
  /__/     \___,__/__/\___,__/\_____\_____/

Git changeset ID: v0.17.0-227-gc531cf3e
Running with 1 MPI process
Device configuration: cpu
Memory configuration: host-std
libCEED backend: /cpu/self/xsmm/blocked

Added 4830 boundary elements for material interfaces to the mesh

Characteristic length and time scales:
 Lc = 4.999e-04 m, tc = 1.667e-03 ns
Finished partitioning mesh into 1 subdomain

Mesh curvature order: 1
Mesh bounding box:
 (Xmin, Ymin, Zmin) = (-2.275e-04, -2.275e-04, -5.000e-05) m
 (Xmax, Ymax, Zmax) = (+2.275e-04, +2.275e-04, +4.499e-04) m

Parallel Mesh Stats:

                minimum     average     maximum       total
 vertices          5194        5194        5194        5194
 edges            32526       32526       32526       32526
 faces            52202       52202       52202       52202
 elements         24864       24864       24864       24864
 neighbors            0           0           0

            minimum     maximum
 h       0.00162356     0.22337
 kappa      1.07143     975.605

Estimated current per-rank memory usage is: Min. 48.7M, Max. 48.7M, Avg. 48.7M, Total 48.7M
Estimated current per-node memory usage is: Min. 48.7M, Max. 48.7M, Avg. 48.7M, Total 48.7M

Configuring Robin absorbing BC (order 2) at attributes:
 22

Configuring Robin finite conductivity BC at attributes:
 2: σ = 2.164e+07 S/m, h = 4.200e-07 m, n = (+0.0,+0.0,+1.0)
 3: σ = 2.164e+07 S/m, h = 4.200e-07 m, n = (+0.7,+0.7,+0.0)
 4: σ = 2.780e+07 S/m, h = 2.000e-06 m, n = (+0.0,+0.0,-1.0)
 5: σ = 2.780e+07 S/m, h = 2.000e-06 m, n = (+1.0,-0.1,+0.0)
 6: σ = 2.780e+07 S/m, h = 2.000e-06 m, n = (+0.0,+0.0,-1.0)
 7: σ = 2.780e+07 S/m, h = 2.000e-06 m, n = (+1.0,-0.1,+0.0)
 8: σ = 2.780e+07 S/m, h = 2.000e-06 m, n = (+0.0,+0.0,+1.0)
 9: σ = 2.780e+07 S/m, h = 2.000e-06 m, n = (+0.5,+0.9,+0.0)
 10: σ = 3.030e+07 S/m, h = 3.000e-06 m, n = (+0.0,+0.0,+1.0)
 11: σ = 3.030e+07 S/m, h = 3.000e-06 m, n = (+1.0,+0.3,-0.0)
 12: σ = 3.030e+07 S/m, h = 3.000e-06 m, n = (+0.0,+0.0,+1.0)
 13: σ = 3.030e+07 S/m, h = 3.000e-06 m, n = (+1.0,-0.3,+0.0)

Configuring Robin impedance BC for lumped ports at attributes:
 20: Rs = 3.018e+01 Ω/sq, n = (+0.0,+1.0,+0.0)
 21: Rs = 3.018e+01 Ω/sq, n = (-0.0,+1.0,+0.0)

Configuring lumped port circuit properties:
 Index = 1: R = 5.000e+01 Ω
 Index = 2: R = 5.000e+01 Ω

Configuring lumped port excitation source term at attributes:
 20: Index = 1
 21: Index = 2

[38;2;255;255;000m--> Warning![0m
Adaptive frequency sweep requires > 2 total frequency samples!
Reverting to uniform sweep!


Computing frequency response for:
Excitation 1/2 with index 1 has contributions from:
 Lumped port  1
Excitation 2/2 with index 2 has contributions from:
 Lumped port  2

Assembling system matrices, number of global unknowns:
 H1 (p = 2): 37720, ND (p = 2): 169456, RT (p = 2): 231198
 Operator assembly level: Partial
 Mesh geometries:
  Tetrahedron: P = 20, Q = 14 (quadrature order = 4)
 SuperLUSolver: Using 2D processor grid 1 x 1

Sweeping excitation index 1 (1/2):

Assembling multigrid hierarchy:
 Level 0 (p = 1): 32526 unknowns
 Level 1 (p = 2): 169456 unknowns
 Level 0 (auxiliary) (p = 1): 5194 unknowns
 Level 1 (auxiliary) (p = 2): 37720 unknowns

It 1/2: ω/2π = 1.000e-01 GHz (total elapsed time = 1.32e+01 s, solve 1/4)

  Residual norms for GMRES solve

** Memory Usage **********************************
** Total highmark (MB):
    Sum-of-all :   176.54 | Avg :   176.54  | Max :   176.54
    Max at rank 0, different stages (MB):
	. symbfact           15.16
	. distribution      176.54
	. numfact           132.00
** NUMfact space (MB): (sum-of-all-processes)
    L\U :           82.83 |  Total :   132.00
	. max at rank 0, max L+U memory (MB):    82.83
	. max at rank 0, peak buffer (MB):       49.17
**************************************************

** number of Tiny Pivots:        0

  0 (restart 0) KSP residual norm 2.701721e+01
  1 (restart 0) KSP residual norm 2.628674e+00
  2 (restart 0) KSP residual norm 1.038324e+00
  3 (restart 0) KSP residual norm 6.408728e-01
  4 (restart 0) KSP residual norm 4.835866e-01
  5 (restart 0) KSP residual norm 2.939950e-01
  6 (restart 0) KSP residual norm 2.032440e-01
  7 (restart 0) KSP residual norm 1.508596e-01
  8 (restart 0) KSP residual norm 9.149762e-02
  9 (restart 0) KSP residual norm 7.778338e-02
 10 (restart 0) KSP residual norm 5.623409e-02
 11 (restart 0) KSP residual norm 4.489000e-02
 12 (restart 0) KSP residual norm 3.217269e-02
 13 (restart 0) KSP residual norm 2.567237e-02
 14 (restart 0) KSP residual norm 1.796290e-02
 15 (restart 0) KSP residual norm 1.510141e-02
 16 (restart 0) KSP residual norm 1.187246e-02
 17 (restart 0) KSP residual norm 1.001943e-02
 18 (restart 0) KSP residual norm 7.274243e-03
 19 (restart 0) KSP residual norm 5.882010e-03
 20 (restart 0) KSP residual norm 4.451982e-03
 21 (restart 0) KSP residual norm 3.679759e-03
 22 (restart 0) KSP residual norm 2.760745e-03
 23 (restart 0) KSP residual norm 2.232347e-03
 24 (restart 0) KSP residual norm 1.774860e-03
 25 (restart 0) KSP residual norm 1.446399e-03
 26 (restart 0) KSP residual norm 1.174568e-03
 27 (restart 0) KSP residual norm 9.692951e-04
 28 (restart 0) KSP residual norm 7.916490e-04
 29 (restart 0) KSP residual norm 6.477994e-04
 30 (restart 0) KSP residual norm 5.289553e-04
 31 (restart 0) KSP residual norm 4.370965e-04
 32 (restart 0) KSP residual norm 3.622884e-04
 33 (restart 0) KSP residual norm 2.987191e-04
 34 (restart 0) KSP residual norm 2.497871e-04
 35 (restart 0) KSP residual norm 2.062282e-04
 36 (restart 0) KSP residual norm 1.702434e-04
 37 (restart 0) KSP residual norm 1.389716e-04
 38 (restart 0) KSP residual norm 1.129460e-04
 39 (restart 0) KSP residual norm 9.074612e-05
 40 (restart 0) KSP residual norm 7.261075e-05
 41 (restart 0) KSP residual norm 5.802085e-05
 42 (restart 0) KSP residual norm 4.680550e-05
 43 (restart 0) KSP residual norm 3.780263e-05
 44 (restart 0) KSP residual norm 3.106873e-05
 45 (restart 0) KSP residual norm 2.524182e-05
GMRES solver converged in 45 iterations (avg. reduction factor: 7.345e-01)
 Sol. ||E|| = 2.777474e+01 (||RHS|| = 2.768948e-03)
 Field energy E (9.616e-13 J) + H (7.174e-12 J) = 8.135e-12 J
 S[1][1] = +5.844e-02+4.123e-03i, |S[1][1]| = -2.464e+01, arg(S[1][1]) = +4.036e+00
 S[2][1] = +9.415e-01-5.316e-03i, |S[2][1]| = -5.231e-01, arg(S[2][1]) = -3.235e-01
 Updating solution error estimates

It 2/2: ω/2π = 2.000e+01 GHz (total elapsed time = 1.40e+02 s, solve 2/4)

  Residual norms for GMRES solve

** Memory Usage **********************************
** Total highmark (MB):
    Sum-of-all :   149.47 | Avg :   149.47  | Max :   149.47
    Max at rank 0, different stages (MB):
	. symbfact            0.00
	. distribution      149.47
	. numfact           132.00
** NUMfact space (MB): (sum-of-all-processes)
    L\U :           82.83 |  Total :   132.00
	. max at rank 0, max L+U memory (MB):    82.83
	. max at rank 0, peak buffer (MB):       49.17
**************************************************

** number of Tiny Pivots:        0

  0 (restart 0) KSP residual norm 2.699160e+01
  1 (restart 0) KSP residual norm 1.189777e+01
  2 (restart 0) KSP residual norm 3.189991e+00
  3 (restart 0) KSP residual norm 8.925118e-01
  4 (restart 0) KSP residual norm 4.712568e-01
  5 (restart 0) KSP residual norm 3.805320e-01
  6 (restart 0) KSP residual norm 1.882265e-01
  7 (restart 0) KSP residual norm 1.138367e-01
  8 (restart 0) KSP residual norm 8.814081e-02
  9 (restart 0) KSP residual norm 5.570302e-02
 10 (restart 0) KSP residual norm 4.263337e-02
 11 (restart 0) KSP residual norm 2.608803e-02
 12 (restart 0) KSP residual norm 1.965195e-02
 13 (restart 0) KSP residual norm 1.472191e-02
 14 (restart 0) KSP residual norm 1.134369e-02
 15 (restart 0) KSP residual norm 9.316665e-03
 16 (restart 0) KSP residual norm 7.154543e-03
 17 (restart 0) KSP residual norm 5.435475e-03
 18 (restart 0) KSP residual norm 4.138378e-03
 19 (restart 0) KSP residual norm 3.283283e-03
 20 (restart 0) KSP residual norm 2.684410e-03
 21 (restart 0) KSP residual norm 2.047028e-03
 22 (restart 0) KSP residual norm 1.622039e-03
 23 (restart 0) KSP residual norm 1.265931e-03
 24 (restart 0) KSP residual norm 1.061449e-03
 25 (restart 0) KSP residual norm 8.972932e-04
 26 (restart 0) KSP residual norm 7.401088e-04
 27 (restart 0) KSP residual norm 5.995382e-04
 28 (restart 0) KSP residual norm 4.657340e-04
 29 (restart 0) KSP residual norm 3.810317e-04
 30 (restart 0) KSP residual norm 3.037121e-04
 31 (restart 0) KSP residual norm 2.406197e-04
 32 (restart 0) KSP residual norm 1.946085e-04
 33 (restart 0) KSP residual norm 1.567677e-04
 34 (restart 0) KSP residual norm 1.287843e-04
 35 (restart 0) KSP residual norm 1.050616e-04
 36 (restart 0) KSP residual norm 8.478724e-05
 37 (restart 0) KSP residual norm 6.978813e-05
 38 (restart 0) KSP residual norm 5.761457e-05
 39 (restart 0) KSP residual norm 4.852749e-05
 40 (restart 0) KSP residual norm 4.056905e-05
 41 (restart 0) KSP residual norm 3.375900e-05
 42 (restart 0) KSP residual norm 2.790904e-05
 43 (restart 0) KSP residual norm 2.297370e-05
GMRES solver converged in 43 iterations (avg. reduction factor: 7.225e-01)
 Sol. ||E|| = 3.258104e+01 (||RHS|| = 5.537897e-01)
 Field energy E (1.245e-12 J) + H (4.054e-12 J) = 5.299e-12 J
 S[1][1] = +5.596e-01+3.747e-01i, |S[1][1]| = -3.433e+00, arg(S[1][1]) = +3.381e+01
 S[2][1] = +4.180e-01-5.209e-01i, |S[2][1]| = -3.506e+00, arg(S[2][1]) = -5.125e+01
 Updating solution error estimates

Sweeping excitation index 2 (2/2):

It 1/2: ω/2π = 1.000e-01 GHz (total elapsed time = 2.57e+02 s, solve 3/4)

  Residual norms for GMRES solve

** Memory Usage **********************************
** Total highmark (MB):
    Sum-of-all :   149.47 | Avg :   149.47  | Max :   149.47
    Max at rank 0, different stages (MB):
	. symbfact            0.00
	. distribution      149.47
	. numfact           132.00
** NUMfact space (MB): (sum-of-all-processes)
    L\U :           82.83 |  Total :   132.00
	. max at rank 0, max L+U memory (MB):    82.83
	. max at rank 0, peak buffer (MB):       49.17
**************************************************

** number of Tiny Pivots:        0

  0 (restart 0) KSP residual norm 2.653846e+01
  1 (restart 0) KSP residual norm 2.588029e+00
  2 (restart 0) KSP residual norm 1.018486e+00
  3 (restart 0) KSP residual norm 6.251247e-01
  4 (restart 0) KSP residual norm 4.721196e-01
  5 (restart 0) KSP residual norm 2.821091e-01
  6 (restart 0) KSP residual norm 1.963029e-01
  7 (restart 0) KSP residual norm 1.453659e-01
  8 (restart 0) KSP residual norm 9.098365e-02
  9 (restart 0) KSP residual norm 7.687125e-02
 10 (restart 0) KSP residual norm 5.568583e-02
 11 (restart 0) KSP residual norm 4.357058e-02
 12 (restart 0) KSP residual norm 3.135926e-02
 13 (restart 0) KSP residual norm 2.496845e-02
 14 (restart 0) KSP residual norm 1.761916e-02
 15 (restart 0) KSP residual norm 1.486340e-02
 16 (restart 0) KSP residual norm 1.174153e-02
 17 (restart 0) KSP residual norm 9.813490e-03
 18 (restart 0) KSP residual norm 7.086712e-03
 19 (restart 0) KSP residual norm 5.738519e-03
 20 (restart 0) KSP residual norm 4.354318e-03
 21 (restart 0) KSP residual norm 3.601469e-03
 22 (restart 0) KSP residual norm 2.712298e-03
 23 (restart 0) KSP residual norm 2.196251e-03
 24 (restart 0) KSP residual norm 1.739585e-03
 25 (restart 0) KSP residual norm 1.419005e-03
 26 (restart 0) KSP residual norm 1.150284e-03
 27 (restart 0) KSP residual norm 9.451099e-04
 28 (restart 0) KSP residual norm 7.694102e-04
 29 (restart 0) KSP residual norm 6.279846e-04
 30 (restart 0) KSP residual norm 5.116916e-04
 31 (restart 0) KSP residual norm 4.235129e-04
 32 (restart 0) KSP residual norm 3.504829e-04
 33 (restart 0) KSP residual norm 2.885962e-04
 34 (restart 0) KSP residual norm 2.415095e-04
 35 (restart 0) KSP residual norm 1.993030e-04
 36 (restart 0) KSP residual norm 1.649048e-04
 37 (restart 0) KSP residual norm 1.348546e-04
 38 (restart 0) KSP residual norm 1.100617e-04
 39 (restart 0) KSP residual norm 8.879570e-05
 40 (restart 0) KSP residual norm 7.142331e-05
 41 (restart 0) KSP residual norm 5.703310e-05
 42 (restart 0) KSP residual norm 4.613635e-05
 43 (restart 0) KSP residual norm 3.733951e-05
 44 (restart 0) KSP residual norm 3.061523e-05
 45 (restart 0) KSP residual norm 2.486615e-05
GMRES solver converged in 45 iterations (avg. reduction factor: 7.346e-01)
 Sol. ||E|| = 2.727079e+01 (||RHS|| = 2.768948e-03)
 Field energy E (9.251e-13 J) + H (7.174e-12 J) = 8.099e-12 J
 S[1][2] = +9.415e-01-5.316e-03i, |S[1][2]| = -5.231e-01, arg(S[1][2]) = -3.235e-01
 S[2][2] = +5.844e-02+4.146e-03i, |S[2][2]| = -2.464e+01, arg(S[2][2]) = +4.058e+00
 Updating solution error estimates

It 2/2: ω/2π = 2.000e+01 GHz (total elapsed time = 3.75e+02 s, solve 4/4)

  Residual norms for GMRES solve

** Memory Usage **********************************
** Total highmark (MB):
    Sum-of-all :   149.47 | Avg :   149.47  | Max :   149.47
    Max at rank 0, different stages (MB):
	. symbfact            0.00
	. distribution      149.47
	. numfact           132.00
** NUMfact space (MB): (sum-of-all-processes)
    L\U :           82.83 |  Total :   132.00
	. max at rank 0, max L+U memory (MB):    82.83
	. max at rank 0, peak buffer (MB):       49.17
**************************************************

** number of Tiny Pivots:        0

  0 (restart 0) KSP residual norm 2.708186e+01
  1 (restart 0) KSP residual norm 1.175505e+01
  2 (restart 0) KSP residual norm 3.193585e+00
  3 (restart 0) KSP residual norm 8.931797e-01
  4 (restart 0) KSP residual norm 5.859142e-01
  5 (restart 0) KSP residual norm 4.104259e-01
  6 (restart 0) KSP residual norm 1.760462e-01
  7 (restart 0) KSP residual norm 1.067475e-01
  8 (restart 0) KSP residual norm 8.201365e-02
  9 (restart 0) KSP residual norm 5.246388e-02
 10 (restart 0) KSP residual norm 3.964348e-02
 11 (restart 0) KSP residual norm 2.452849e-02
 12 (restart 0) KSP residual norm 1.864449e-02
 13 (restart 0) KSP residual norm 1.399965e-02
 14 (restart 0) KSP residual norm 1.076314e-02
 15 (restart 0) KSP residual norm 9.069586e-03
 16 (restart 0) KSP residual norm 7.061221e-03
 17 (restart 0) KSP residual norm 5.384567e-03
 18 (restart 0) KSP residual norm 4.195093e-03
 19 (restart 0) KSP residual norm 3.364549e-03
 20 (restart 0) KSP residual norm 2.801089e-03
 21 (restart 0) KSP residual norm 2.195202e-03
 22 (restart 0) KSP residual norm 1.784622e-03
 23 (restart 0) KSP residual norm 1.384912e-03
 24 (restart 0) KSP residual norm 1.120989e-03
 25 (restart 0) KSP residual norm 9.597818e-04
 26 (restart 0) KSP residual norm 7.871166e-04
 27 (restart 0) KSP residual norm 6.324883e-04
 28 (restart 0) KSP residual norm 4.908989e-04
 29 (restart 0) KSP residual norm 3.997403e-04
 30 (restart 0) KSP residual norm 3.176517e-04
 31 (restart 0) KSP residual norm 2.522330e-04
 32 (restart 0) KSP residual norm 2.055736e-04
 33 (restart 0) KSP residual norm 1.683111e-04
 34 (restart 0) KSP residual norm 1.370971e-04
 35 (restart 0) KSP residual norm 1.131531e-04
 36 (restart 0) KSP residual norm 9.174920e-05
 37 (restart 0) KSP residual norm 7.595551e-05
 38 (restart 0) KSP residual norm 6.217124e-05
 39 (restart 0) KSP residual norm 5.176803e-05
 40 (restart 0) KSP residual norm 4.272062e-05
 41 (restart 0) KSP residual norm 3.507093e-05
 42 (restart 0) KSP residual norm 2.908313e-05
 43 (restart 0) KSP residual norm 2.340108e-05
GMRES solver converged in 43 iterations (avg. reduction factor: 7.228e-01)
 Sol. ||E|| = 3.270719e+01 (||RHS|| = 5.537897e-01)
 Field energy E (1.247e-12 J) + H (4.052e-12 J) = 5.300e-12 J
 S[1][2] = +4.180e-01-5.209e-01i, |S[1][2]| = -3.506e+00, arg(S[1][2]) = -5.125e+01
 S[2][2] = +5.627e-01+3.742e-01i, |S[2][2]| = -3.404e+00, arg(S[2][2]) = +3.362e+01
 Updating solution error estimates

Completed 0 iterations of adaptive mesh refinement (AMR):
 Indicator norm = 1.586e-01, global unknowns = 169456
 Max. iterations = 0, tol. = 1.000e-02, max. size = 2000000

Estimated peak per-rank memory usage is: Min. 1.2G, Max. 1.2G, Avg. 1.2G, Total 1.2G
Estimated peak per-node memory usage is: Min. 1.2G, Max. 1.2G, Avg. 1.2G, Total 1.2G

Elapsed Time Report (s)           Min.        Max.        Avg.
==============================================================
Initialization                   0.050       0.050       0.050
  Mesh Preprocessing             0.251       0.251       0.251
Operator Construction            0.739       0.739       0.739
Linear Solve                    23.333      23.333      23.333
  Setup                         56.453      56.453      56.453
  Preconditioner               242.787     242.787     242.787
  Coarse Solve                   8.675       8.675       8.675
Estimation                       2.505       2.505       2.505
  Construction                   2.859       2.859       2.859
  Solve                        136.357     136.357     136.357
Postprocessing                   3.543       3.543       3.543
Disk IO                          0.258       0.258       0.258
--------------------------------------------------------------
Total                          478.122     478.122     478.122

Peak Memory                   Per-Node       Total   Total HWM
==============================================================
Initialization                    1.6M        1.6M        1.6M
  Mesh Preprocessing             14.5M       14.5M       16.1M
Operator Construction            78.9M       78.9M       95.0M
Linear Solve                     88.8M       88.8M      183.8M
  Setup                         266.9M      266.9M      450.7M
  Preconditioner                114.7M      114.7M      565.4M
  Coarse Solve                  226.5M      226.5M      791.8M
Estimation                       81.2M       81.2M      873.1M
  Construction                  172.1M      172.1M        1.0G
  Solve                          86.4M       86.4M        1.1G
Postprocessing                   84.2M       84.2M        1.2G
Disk IO                           9.9M        9.9M        1.2G
--------------------------------------------------------------
Total                             1.2G        1.2G        1.2G

Found extra file with port information: /foss/designs/inductor_synth/palace_model/inductor3_N2_do112.48_w6_s3_data/port_information.json
Port Z0 values found: [50, 50]
Port impedance for Touchstone header:  50
Number of ports:  2
Created combined S-parameter file for  2 ports, filename:  /foss/designs/inductor_synth/palace_model/inductor3_N2_do112.48_w6_s3_data/output/inductor3_N2_do112.48_w6_s3/inductor3_N2_do112.48_w6_s3.s2p
Skipping DC extrapolation, not enough frequency points
Port de-embedding based on port geometry data
Cascading L= -1.82 pH at port 1
Cascading L= -1.82 pH at port 2
Created file with de-embedding (cascaded negative port L):  /foss/designs/inductor_synth/palace_model/inductor3_N2_do112.48_w6_s3_data/output/inductor3_N2_do112.48_w6_s3/inductor3_N2_do112.48_w6_s3_deembedded 

Found extra file with port information: /foss/designs/inductor_synth/palace_model/inductor3_N2_do135.5_w6_s3_data/port_information.json
Port Z0 values found: [50, 50]
Port impedance for Touchstone header:  50
Number of ports:  2
Created combined S-parameter file for  2 ports, filename:  /foss/designs/inductor_synth/palace_model/inductor3_N2_do135.5_w6_s3_data/output/inductor3_N2_do135.5_w6_s3/inductor3_N2_do135.5_w6_s3.s2p
Skipping DC extrapolation, not enough frequency points
Port de-embedding based on port geometry data
Cascading L= -1.82 pH at port 1
Cascading L= -1.82 pH at port 2
Created file with de-embedding (cascaded negative port L):  /foss/designs/inductor_synth/palace_model/inductor3_N2_do135.5_w6_s3_data/output/inductor3_N2_do135.5_w6_s3/inductor3_N2_do135.5_w6_s3_deembedded 

cp: './inductor3_N2_do135.5_w6_s3.s2p' and './inductor3_N2_do135.5_w6_s3.s2p' are the same file
Info    : Meshing 1D...
Info    : [  0%] Meshing curve 64 (Line)
Info    : [ 10%] Meshing curve 65 (Line)
Info    : [ 10%] Meshing curve 67 (Line)
Info    : [ 10%] Meshing curve 69 (Line)
Info    : [ 10%] Meshing curve 70 (Line)
Info    : [ 10%] Meshing curve 71 (Line)
Info    : [ 10%] Meshing curve 72 (Line)
Info    : [ 10%] Meshing curve 76 (Line)
Info    : [ 10%] Meshing curve 77 (Line)
Info    : [ 10%] Meshing curve 79 (Line)
Info    : [ 10%] Meshing curve 81 (Line)
Info    : [ 10%] Meshing curve 82 (Line)
Info    : [ 10%] Meshing curve 83 (Line)
Info    : [ 10%] Meshing curve 84 (Line)
Info    : [ 10%] Meshing curve 85 (Line)
Info    : [ 10%] Meshing curve 86 (Line)
Info    : [ 10%] Meshing curve 87 (Line)
Info    : [ 10%] Meshing curve 88 (Line)
Info    : [ 10%] Meshing curve 89 (Line)
Info    : [ 10%] Meshing curve 90 (Line)
Info    : [ 10%] Meshing curve 91 (Line)
Info    : [ 10%] Meshing curve 92 (Line)
Info    : [ 10%] Meshing curve 93 (Line)
Info    : [ 10%] Meshing curve 94 (Line)
Info    : [ 10%] Meshing curve 95 (Line)
Info    : [ 10%] Meshing curve 96 (Line)
Info    : [ 10%] Meshing curve 97 (Line)
Info    : [ 10%] Meshing curve 98 (Line)
Info    : [ 10%] Meshing curve 99 (Line)
Info    : [ 10%] Meshing curve 100 (Line)
Info    : [ 10%] Meshing curve 101 (Line)
Info    : [ 10%] Meshing curve 102 (Line)
Info    : [ 10%] Meshing curve 103 (Line)
Info    : [ 10%] Meshing curve 104 (Line)
Info    : [ 20%] Meshing curve 105 (Line)
Info    : [ 20%] Meshing curve 106 (Line)
Info    : [ 20%] Meshing curve 107 (Line)
Info    : [ 20%] Meshing curve 108 (Line)
Info    : [ 20%] Meshing curve 109 (Line)
Info    : [ 20%] Meshing curve 110 (Line)
Info    : [ 20%] Meshing curve 111 (Line)
Info    : [ 20%] Meshing curve 112 (Line)
Info    : [ 20%] Meshing curve 113 (Line)
Info    : [ 20%] Meshing curve 114 (Line)
Info    : [ 20%] Meshing curve 115 (Line)
Info    : [ 20%] Meshing curve 116 (Line)
Info    : [ 20%] Meshing curve 117 (Line)
Info    : [ 20%] Meshing curve 118 (Line)
Info    : [ 20%] Meshing curve 119 (Line)
Info    : [ 20%] Meshing curve 120 (Line)
Info    : [ 20%] Meshing curve 121 (Line)
Info    : [ 20%] Meshing curve 122 (Line)
Info    : [ 20%] Meshing curve 123 (Line)
Info    : [ 20%] Meshing curve 124 (Line)
Info    : [ 20%] Meshing curve 125 (Line)
Info    : [ 20%] Meshing curve 126 (Line)
Info    : [ 20%] Meshing curve 127 (Line)
Info    : [ 20%] Meshing curve 128 (Line)
Info    : [ 20%] Meshing curve 129 (Line)
Info    : [ 20%] Meshing curve 130 (Line)
Info    : [ 20%] Meshing curve 131 (Line)
Info    : [ 20%] Meshing curve 132 (Line)
Info    : [ 20%] Meshing curve 133 (Line)
Info    : [ 20%] Meshing curve 134 (Line)
Info    : [ 20%] Meshing curve 135 (Line)
Info    : [ 20%] Meshing curve 136 (Line)
Info    : [ 20%] Meshing curve 137 (Line)
Info    : [ 20%] Meshing curve 138 (Line)
Info    : [ 30%] Meshing curve 139 (Line)
Info    : [ 30%] Meshing curve 140 (Line)
Info    : [ 30%] Meshing curve 141 (Line)
Info    : [ 30%] Meshing curve 142 (Line)
Info    : [ 30%] Meshing curve 143 (Line)
Info    : [ 30%] Meshing curve 144 (Line)
Info    : [ 30%] Meshing curve 145 (Line)
Info    : [ 30%] Meshing curve 146 (Line)
Info    : [ 30%] Meshing curve 147 (Line)
Info    : [ 30%] Meshing curve 148 (Line)
Info    : [ 30%] Meshing curve 149 (Line)
Info    : [ 30%] Meshing curve 150 (Line)
Info    : [ 30%] Meshing curve 151 (Line)
Info    : [ 30%] Meshing curve 152 (Line)
Info    : [ 30%] Meshing curve 153 (Line)
Info    : [ 30%] Meshing curve 154 (Line)
Info    : [ 30%] Meshing curve 155 (Line)
Info    : [ 30%] Meshing curve 156 (Line)
Info    : [ 30%] Meshing curve 397 (Line)
Info    : [ 30%] Meshing curve 398 (Line)
Info    : [ 30%] Meshing curve 399 (Line)
Info    : [ 30%] Meshing curve 400 (Line)
Info    : [ 30%] Meshing curve 401 (Line)
Info    : [ 30%] Meshing curve 402 (Line)
Info    : [ 30%] Meshing curve 403 (Line)
Info    : [ 30%] Meshing curve 404 (Line)
Info    : [ 30%] Meshing curve 405 (Line)
Info    : [ 30%] Meshing curve 406 (Line)
Info    : [ 30%] Meshing curve 407 (Line)
Info    : [ 30%] Meshing curve 408 (Line)
Info    : [ 30%] Meshing curve 409 (TrimmedCurve)
Info    : [ 30%] Meshing curve 410 (Line)
Info    : [ 30%] Meshing curve 411 (TrimmedCurve)
Info    : [ 30%] Meshing curve 412 (Line)
Info    : [ 40%] Meshing curve 413 (Line)
Info    : [ 40%] Meshing curve 414 (Line)
Info    : [ 40%] Meshing curve 415 (Line)
Info    : [ 40%] Meshing curve 416 (Line)
Info    : [ 40%] Meshing curve 417 (Line)
Info    : [ 40%] Meshing curve 418 (Line)
Info    : [ 40%] Meshing curve 419 (Line)
Info    : [ 40%] Meshing curve 420 (TrimmedCurve)
Info    : [ 40%] Meshing curve 421 (Line)
Info    : [ 40%] Meshing curve 422 (TrimmedCurve)
Info    : [ 40%] Meshing curve 423 (Line)
Info    : [ 40%] Meshing curve 424 (Line)
Info    : [ 40%] Meshing curve 425 (Line)
Info    : [ 40%] Meshing curve 426 (Line)
Info    : [ 40%] Meshing curve 427 (Line)
Info    : [ 40%] Meshing curve 428 (Line)
Info    : [ 40%] Meshing curve 429 (Line)
Info    : [ 40%] Meshing curve 430 (Line)
Info    : [ 40%] Meshing curve 431 (Line)
Info    : [ 40%] Meshing curve 432 (Line)
Info    : [ 40%] Meshing curve 433 (TrimmedCurve)
Info    : [ 40%] Meshing curve 434 (Line)
Info    : [ 40%] Meshing curve 435 (TrimmedCurve)
Info    : [ 40%] Meshing curve 436 (Line)
Info    : [ 40%] Meshing curve 437 (Line)
Info    : [ 40%] Meshing curve 438 (Line)
Info    : [ 40%] Meshing curve 439 (Line)
Info    : [ 40%] Meshing curve 440 (TrimmedCurve)
Info    : [ 40%] Meshing curve 441 (Line)
Info    : [ 40%] Meshing curve 442 (TrimmedCurve)
Info    : [ 40%] Meshing curve 443 (Line)
Info    : [ 40%] Meshing curve 444 (TrimmedCurve)
Info    : [ 40%] Meshing curve 445 (Line)
Info    : [ 40%] Meshing curve 446 (TrimmedCurve)
Info    : [ 50%] Meshing curve 447 (Line)
Info    : [ 50%] Meshing curve 448 (TrimmedCurve)
Info    : [ 50%] Meshing curve 449 (Line)
Info    : [ 50%] Meshing curve 450 (Line)
Info    : [ 50%] Meshing curve 451 (Line)
Info    : [ 50%] Meshing curve 452 (Line)
Info    : [ 50%] Meshing curve 453 (Line)
Info    : [ 50%] Meshing curve 454 (TrimmedCurve)
Info    : [ 50%] Meshing curve 455 (Line)
Info    : [ 50%] Meshing curve 456 (TrimmedCurve)
Info    : [ 50%] Meshing curve 457 (Line)
Info    : [ 50%] Meshing curve 458 (TrimmedCurve)
Info    : [ 50%] Meshing curve 459 (Line)
Info    : [ 50%] Meshing curve 460 (TrimmedCurve)
Info    : [ 50%] Meshing curve 461 (Line)
Info    : [ 50%] Meshing curve 462 (TrimmedCurve)
Info    : [ 50%] Meshing curve 463 (Line)
Info    : [ 50%] Meshing curve 464 (TrimmedCurve)
Info    : [ 50%] Meshing curve 465 (Line)
Info    : [ 50%] Meshing curve 466 (Line)
Info    : [ 50%] Meshing curve 467 (Line)
Info    : [ 50%] Meshing curve 468 (Line)
Info    : [ 50%] Meshing curve 469 (Line)
Info    : [ 50%] Meshing curve 470 (TrimmedCurve)
Info    : [ 50%] Meshing curve 471 (Line)
Info    : [ 50%] Meshing curve 472 (Line)
Info    : [ 50%] Meshing curve 473 (Line)
Info    : [ 50%] Meshing curve 474 (Line)
Info    : [ 50%] Meshing curve 475 (TrimmedCurve)
Info    : [ 50%] Meshing curve 476 (Line)
Info    : [ 50%] Meshing curve 477 (TrimmedCurve)
Info    : [ 50%] Meshing curve 478 (Line)
Info    : [ 50%] Meshing curve 479 (TrimmedCurve)
Info    : [ 50%] Meshing curve 480 (Line)
Info    : [ 60%] Meshing curve 481 (TrimmedCurve)
Info    : [ 60%] Meshing curve 482 (Line)
Info    : [ 60%] Meshing curve 483 (TrimmedCurve)
Info    : [ 60%] Meshing curve 484 (Line)
Info    : [ 60%] Meshing curve 485 (Line)
Info    : [ 60%] Meshing curve 486 (Line)
Info    : [ 60%] Meshing curve 487 (Line)
Info    : [ 60%] Meshing curve 488 (Line)
Info    : [ 60%] Meshing curve 489 (TrimmedCurve)
Info    : [ 60%] Meshing curve 490 (Line)
Info    : [ 60%] Meshing curve 491 (TrimmedCurve)
Info    : [ 60%] Meshing curve 492 (Line)
Info    : [ 60%] Meshing curve 493 (TrimmedCurve)
Info    : [ 60%] Meshing curve 494 (Line)
Info    : [ 60%] Meshing curve 495 (TrimmedCurve)
Info    : [ 60%] Meshing curve 496 (Line)
Info    : [ 60%] Meshing curve 497 (TrimmedCurve)
Info    : [ 60%] Meshing curve 498 (Line)
Info    : [ 60%] Meshing curve 499 (TrimmedCurve)
Info    : [ 60%] Meshing curve 500 (Line)
Info    : [ 60%] Meshing curve 501 (Line)
Info    : [ 60%] Meshing curve 502 (Line)
Info    : [ 60%] Meshing curve 503 (Line)
Info    : [ 60%] Meshing curve 504 (Line)
Info    : [ 60%] Meshing curve 505 (TrimmedCurve)
Info    : [ 60%] Meshing curve 506 (Line)
Info    : [ 60%] Meshing curve 507 (Line)
Info    : [ 60%] Meshing curve 508 (Line)
Info    : [ 60%] Meshing curve 509 (Line)
Info    : [ 60%] Meshing curve 510 (Line)
Info    : [ 60%] Meshing curve 511 (Line)
Info    : [ 60%] Meshing curve 512 (Line)
Info    : [ 60%] Meshing curve 513 (Line)
Info    : [ 70%] Meshing curve 514 (Line)
Info    : [ 70%] Meshing curve 515 (Line)
Info    : [ 70%] Meshing curve 516 (Line)
Info    : [ 70%] Meshing curve 517 (Line)
Info    : [ 70%] Meshing curve 518 (Line)
Info    : [ 70%] Meshing curve 519 (Line)
Info    : [ 70%] Meshing curve 520 (Line)
Info    : [ 70%] Meshing curve 521 (Line)
Info    : [ 70%] Meshing curve 522 (Line)
Info    : [ 70%] Meshing curve 523 (Line)
Info    : [ 70%] Meshing curve 524 (Line)
Info    : [ 70%] Meshing curve 525 (Line)
Info    : [ 70%] Meshing curve 526 (Line)
Info    : [ 70%] Meshing curve 527 (Line)
Info    : [ 70%] Meshing curve 528 (Line)
Info    : [ 70%] Meshing curve 529 (Line)
Info    : [ 70%] Meshing curve 530 (Line)
Info    : [ 70%] Meshing curve 531 (Line)
Info    : [ 70%] Meshing curve 532 (Line)
Info    : [ 70%] Meshing curve 533 (Line)
Info    : [ 70%] Meshing curve 534 (Line)
Info    : [ 70%] Meshing curve 535 (Line)
Info    : [ 70%] Meshing curve 536 (Line)
Info    : [ 70%] Meshing curve 537 (Line)
Info    : [ 70%] Meshing curve 538 (Line)
Info    : [ 70%] Meshing curve 539 (Line)
Info    : [ 70%] Meshing curve 540 (Line)
Info    : [ 70%] Meshing curve 541 (Line)
Info    : [ 70%] Meshing curve 542 (Line)
Info    : [ 70%] Meshing curve 543 (Line)
Info    : [ 70%] Meshing curve 544 (Line)
Info    : [ 70%] Meshing curve 545 (Line)
Info    : [ 70%] Meshing curve 546 (Line)
Info    : [ 70%] Meshing curve 547 (Line)
Info    : [ 80%] Meshing curve 548 (Line)
Info    : [ 80%] Meshing curve 549 (Line)
Info    : [ 80%] Meshing curve 550 (Line)
Info    : [ 80%] Meshing curve 551 (Line)
Info    : [ 80%] Meshing curve 552 (TrimmedCurve)
Info    : [ 80%] Meshing curve 553 (Line)
Info    : [ 80%] Meshing curve 554 (Line)
Info    : [ 80%] Meshing curve 555 (Line)
Info    : [ 80%] Meshing curve 556 (Line)
Info    : [ 80%] Meshing curve 557 (Line)
Info    : [ 80%] Meshing curve 558 (TrimmedCurve)
Info    : [ 80%] Meshing curve 559 (Line)
Info    : [ 80%] Meshing curve 560 (Line)
Info    : [ 80%] Meshing curve 561 (TrimmedCurve)
Info    : [ 80%] Meshing curve 562 (Line)
Info    : [ 80%] Meshing curve 563 (Line)
Info    : [ 80%] Meshing curve 564 (Line)
Info    : [ 80%] Meshing curve 565 (Line)
Info    : [ 80%] Meshing curve 566 (Line)
Info    : [ 80%] Meshing curve 567 (TrimmedCurve)
Info    : [ 80%] Meshing curve 568 (Line)
Info    : [ 80%] Meshing curve 569 (Line)
Info    : [ 80%] Meshing curve 570 (Line)
Info    : [ 80%] Meshing curve 571 (Line)
Info    : [ 80%] Meshing curve 572 (Line)
Info    : [ 80%] Meshing curve 573 (Line)
Info    : [ 80%] Meshing curve 574 (Line)
Info    : [ 80%] Meshing curve 575 (Line)
Info    : [ 80%] Meshing curve 576 (Line)
Info    : [ 80%] Meshing curve 577 (Line)
Info    : [ 80%] Meshing curve 578 (Line)
Info    : [ 80%] Meshing curve 579 (Line)
Info    : [ 80%] Meshing curve 580 (Line)
Info    : [ 80%] Meshing curve 581 (Line)
Info    : [ 90%] Meshing curve 582 (Line)
Info    : [ 90%] Meshing curve 583 (Line)
Info    : [ 90%] Meshing curve 584 (Line)
Info    : [ 90%] Meshing curve 585 (Line)
Info    : [ 90%] Meshing curve 586 (Line)
Info    : [ 90%] Meshing curve 587 (Line)
Info    : [ 90%] Meshing curve 588 (Line)
Info    : [ 90%] Meshing curve 589 (Line)
Info    : [ 90%] Meshing curve 590 (Line)
Info    : [ 90%] Meshing curve 591 (Line)
Info    : [ 90%] Meshing curve 592 (Line)
Info    : [ 90%] Meshing curve 593 (Line)
Info    : [ 90%] Meshing curve 594 (Line)
Info    : [ 90%] Meshing curve 595 (Line)
Info    : [ 90%] Meshing curve 596 (Line)
Info    : [ 90%] Meshing curve 597 (Line)
Info    : [ 90%] Meshing curve 598 (Line)
Info    : [ 90%] Meshing curve 599 (Line)
Info    : [ 90%] Meshing curve 600 (Line)
Info    : [ 90%] Meshing curve 601 (Line)
Info    : [ 90%] Meshing curve 602 (Line)
Info    : [ 90%] Meshing curve 603 (Line)
Info    : [ 90%] Meshing curve 604 (Line)
Info    : [ 90%] Meshing curve 605 (Line)
Info    : [ 90%] Meshing curve 606 (Line)
Info    : [ 90%] Meshing curve 607 (Line)
Info    : [ 90%] Meshing curve 608 (Line)
Info    : [ 90%] Meshing curve 609 (Line)
Info    : [ 90%] Meshing curve 610 (Line)
Info    : [ 90%] Meshing curve 611 (Line)
Info    : [ 90%] Meshing curve 612 (Line)
Info    : [ 90%] Meshing curve 613 (Line)
Info    : [ 90%] Meshing curve 614 (Line)
Info    : [ 90%] Meshing curve 615 (Line)
Info    : [100%] Meshing curve 616 (Line)
Info    : [100%] Meshing curve 617 (Line)
Info    : [100%] Meshing curve 618 (Line)
Info    : [100%] Meshing curve 619 (Line)
Info    : [100%] Meshing curve 620 (Line)
Info    : [100%] Meshing curve 621 (Line)
Info    : [100%] Meshing curve 622 (Line)
Info    : [100%] Meshing curve 623 (Line)
Info    : [100%] Meshing curve 624 (Line)
Info    : [100%] Meshing curve 625 (Line)
Info    : [100%] Meshing curve 626 (Line)
Info    : [100%] Meshing curve 627 (Line)
Info    : [100%] Meshing curve 628 (Line)
Info    : [100%] Meshing curve 629 (Line)
Info    : [100%] Meshing curve 630 (Line)
Info    : [100%] Meshing curve 631 (Line)
Info    : [100%] Meshing curve 632 (Line)
Info    : [100%] Meshing curve 633 (Line)
Info    : [100%] Meshing curve 634 (Line)
Info    : [100%] Meshing curve 635 (Line)
Info    : [100%] Meshing curve 636 (Line)
Info    : [100%] Meshing curve 637 (Line)
Info    : [100%] Meshing curve 638 (Line)
Info    : [100%] Meshing curve 639 (Line)
Info    : [100%] Meshing curve 640 (Line)
Info    : [100%] Meshing curve 641 (Line)
Info    : [100%] Meshing curve 642 (Line)
Info    : [100%] Meshing curve 643 (Line)
Info    : [100%] Meshing curve 644 (Line)
Info    : [100%] Meshing curve 645 (Line)
Info    : [100%] Meshing curve 646 (Line)
Info    : [100%] Meshing curve 647 (Line)
Info    : [100%] Meshing curve 648 (Line)
Info    : Done meshing 1D (Wall 1.73152s, CPU 1.72282s)
Info    : Meshing 2D...
Info    : [  0%] Meshing surface 35 (Plane, Delaunay)
Info    : [ 10%] Meshing surface 41 (Plane, Delaunay)
Info    : [ 10%] Meshing surface 43 (Plane, Delaunay)
Info    : [ 10%] Meshing surface 44 (Plane, Delaunay)
Info    : [ 10%] Meshing surface 45 (Plane, Delaunay)
Info    : [ 10%] Meshing surface 46 (Plane, Delaunay)
Info    : [ 10%] Meshing surface 47 (Plane, Delaunay)
Info    : [ 10%] Meshing surface 48 (Plane, Delaunay)
Info    : [ 10%] Meshing surface 49 (Plane, Delaunay)
Info    : [ 10%] Meshing surface 50 (Plane, Delaunay)
Info    : [ 10%] Meshing surface 51 (Plane, Delaunay)
Info    : [ 10%] Meshing surface 53 (Plane, Delaunay)
Info    : [ 10%] Meshing surface 54 (Plane, Delaunay)
Info    : [ 10%] Meshing surface 55 (Plane, Delaunay)
Info    : [ 10%] Meshing surface 56 (Plane, Delaunay)
Info    : [ 20%] Meshing surface 57 (Plane, Delaunay)
Info    : [ 20%] Meshing surface 58 (Plane, Delaunay)
Info    : [ 20%] Meshing surface 59 (Plane, Delaunay)
Info    : [ 20%] Meshing surface 60 (Plane, Delaunay)
Info    : [ 20%] Meshing surface 61 (Plane, Delaunay)
Info    : [ 20%] Meshing surface 62 (Plane, Delaunay)
Info    : [ 20%] Meshing surface 63 (Plane, Delaunay)
Info    : [ 20%] Meshing surface 64 (Plane, Delaunay)
Info    : [ 20%] Meshing surface 65 (Plane, Delaunay)
Info    : [ 20%] Meshing surface 66 (Plane, Delaunay)
Info    : [ 20%] Meshing surface 67 (Plane, Delaunay)
Info    : [ 20%] Meshing surface 68 (Plane, Delaunay)
Info    : [ 20%] Meshing surface 69 (Plane, Delaunay)
Info    : [ 20%] Meshing surface 70 (Plane, Delaunay)
Info    : [ 20%] Meshing surface 71 (Plane, Delaunay)
Info    : [ 30%] Meshing surface 72 (Plane, Delaunay)
Info    : [ 30%] Meshing surface 73 (Plane, Delaunay)
Info    : [ 30%] Meshing surface 74 (Plane, Delaunay)
Info    : [ 30%] Meshing surface 75 (Plane, Delaunay)
Info    : [ 30%] Meshing surface 76 (Plane, Delaunay)
Info    : [ 30%] Meshing surface 179 (Plane, Delaunay)
Info    : [ 30%] Meshing surface 180 (Plane, Delaunay)
Info    : [ 30%] Meshing surface 181 (Plane, Delaunay)
Info    : [ 30%] Meshing surface 183 (Plane, Delaunay)
Info    : [ 30%] Meshing surface 184 (Plane, Delaunay)
Info    : [ 30%] Meshing surface 185 (Plane, Delaunay)
Info    : [ 30%] Meshing surface 186 (Plane, Delaunay)
Info    : [ 30%] Meshing surface 187 (Plane, Delaunay)
Info    : [ 30%] Meshing surface 188 (Plane, Delaunay)
Info    : [ 40%] Meshing surface 189 (Plane, Delaunay)
Info    : [ 40%] Meshing surface 190 (Plane, Delaunay)
Info    : [ 40%] Meshing surface 191 (Plane, Delaunay)
Info    : [ 40%] Meshing surface 192 (Plane, Delaunay)
Info    : [ 40%] Meshing surface 193 (Plane, Delaunay)
Info    : [ 40%] Meshing surface 195 (Plane, Delaunay)
Info    : [ 40%] Meshing surface 196 (Plane, Delaunay)
Info    : [ 40%] Meshing surface 197 (Plane, Delaunay)
Info    : [ 40%] Meshing surface 198 (Plane, Delaunay)
Info    : [ 40%] Meshing surface 199 (Plane, Delaunay)
Info    : [ 40%] Meshing surface 200 (Plane, Delaunay)
Info    : [ 40%] Meshing surface 201 (Plane, Delaunay)
Info    : [ 40%] Meshing surface 202 (Plane, Delaunay)
Info    : [ 40%] Meshing surface 203 (Plane, Delaunay)
Info    : [ 40%] Meshing surface 204 (Plane, Delaunay)
Info    : [ 50%] Meshing surface 205 (Plane, Delaunay)
Info    : [ 50%] Meshing surface 206 (Plane, Delaunay)
Info    : [ 50%] Meshing surface 207 (Plane, Delaunay)
Info    : [ 50%] Meshing surface 208 (Plane, Delaunay)
Info    : [ 50%] Meshing surface 209 (Plane, Delaunay)
Info    : [ 50%] Meshing surface 210 (Plane, Delaunay)
Info    : [ 50%] Meshing surface 211 (Plane, Delaunay)
Info    : [ 50%] Meshing surface 212 (Plane, Delaunay)
Info    : [ 50%] Meshing surface 213 (Plane, Delaunay)
Info    : [ 50%] Meshing surface 214 (Plane, Delaunay)
Info    : [ 50%] Meshing surface 215 (Plane, Delaunay)
Info    : [ 50%] Meshing surface 216 (Plane, Delaunay)
Info    : [ 50%] Meshing surface 217 (Plane, Delaunay)
Info    : [ 50%] Meshing surface 218 (Plane, Delaunay)
Info    : [ 50%] Meshing surface 219 (Plane, Delaunay)
Info    : [ 60%] Meshing surface 220 (Plane, Delaunay)
Info    : [ 60%] Meshing surface 221 (Plane, Delaunay)
Info    : [ 60%] Meshing surface 222 (Plane, Delaunay)
Info    : [ 60%] Meshing surface 223 (Plane, Delaunay)
Info    : [ 60%] Meshing surface 224 (Plane, Delaunay)
Info    : [ 60%] Meshing surface 225 (Plane, Delaunay)
Info    : [ 60%] Meshing surface 226 (Plane, Delaunay)
Info    : [ 60%] Meshing surface 227 (Plane, Delaunay)
Info    : [ 60%] Meshing surface 228 (Plane, Delaunay)
Info    : [ 60%] Meshing surface 229 (Plane, Delaunay)
Info    : [ 60%] Meshing surface 230 (Plane, Delaunay)
Info    : [ 60%] Meshing surface 231 (Plane, Delaunay)
Info    : [ 60%] Meshing surface 232 (Plane, Delaunay)
Info    : [ 60%] Meshing surface 233 (Plane, Delaunay)
Info    : [ 70%] Meshing surface 235 (Plane, Delaunay)
Info    : [ 70%] Meshing surface 236 (Plane, Delaunay)
Info    : [ 70%] Meshing surface 237 (Plane, Delaunay)
Info    : [ 70%] Meshing surface 238 (Plane, Delaunay)
Info    : [ 70%] Meshing surface 239 (Plane, Delaunay)
Info    : [ 70%] Meshing surface 240 (Plane, Delaunay)
Info    : [ 70%] Meshing surface 241 (Plane, Delaunay)
Info    : [ 70%] Meshing surface 242 (Plane, Delaunay)
Info    : [ 70%] Meshing surface 243 (Plane, Delaunay)
Info    : [ 70%] Meshing surface 244 (Plane, Delaunay)
Info    : [ 70%] Meshing surface 245 (Plane, Delaunay)
Info    : [ 70%] Meshing surface 246 (Plane, Delaunay)
Info    : [ 70%] Meshing surface 247 (Plane, Delaunay)
Info    : [ 70%] Meshing surface 248 (Plane, Delaunay)
Info    : [ 70%] Meshing surface 249 (Plane, Delaunay)
Info    : [ 80%] Meshing surface 250 (Plane, Delaunay)
Info    : [ 80%] Meshing surface 251 (Plane, Delaunay)
Info    : [ 80%] Meshing surface 252 (Plane, Delaunay)
Info    : [ 80%] Meshing surface 253 (Plane, Delaunay)
Info    : [ 80%] Meshing surface 254 (Plane, Delaunay)
Info    : [ 80%] Meshing surface 255 (Plane, Delaunay)
Info    : [ 80%] Meshing surface 256 (Plane, Delaunay)
Info    : [ 80%] Meshing surface 257 (Plane, Delaunay)
Info    : [ 80%] Meshing surface 258 (Plane, Delaunay)
Info    : [ 80%] Meshing surface 259 (Plane, Delaunay)
Info    : [ 80%] Meshing surface 260 (Plane, Delaunay)
Info    : [ 80%] Meshing surface 261 (Plane, Delaunay)
Info    : [ 80%] Meshing surface 262 (Plane, Delaunay)
Info    : [ 80%] Meshing surface 263 (Plane, Delaunay)
Info    : [ 90%] Meshing surface 264 (Plane, Delaunay)
Info    : [ 90%] Meshing surface 265 (Plane, Delaunay)
Info    : [ 90%] Meshing surface 266 (Plane, Delaunay)
Info    : [ 90%] Meshing surface 267 (Plane, Delaunay)
Info    : [ 90%] Meshing surface 268 (Plane, Delaunay)
Info    : [ 90%] Meshing surface 269 (Plane, Delaunay)
Info    : [ 90%] Meshing surface 270 (Plane, Delaunay)
Info    : [ 90%] Meshing surface 271 (Plane, Delaunay)
Info    : [ 90%] Meshing surface 272 (Plane, Delaunay)
Info    : [ 90%] Meshing surface 273 (Plane, Delaunay)
Info    : [ 90%] Meshing surface 274 (Plane, Delaunay)
Info    : [ 90%] Meshing surface 275 (Plane, Delaunay)
Info    : [ 90%] Meshing surface 276 (Plane, Delaunay)
Info    : [ 90%] Meshing surface 277 (Plane, Delaunay)
Info    : [ 90%] Meshing surface 278 (Plane, Delaunay)
Info    : [100%] Meshing surface 279 (Plane, Delaunay)
Info    : [100%] Meshing surface 280 (Plane, Delaunay)
Info    : [100%] Meshing surface 281 (Plane, Delaunay)
Info    : [100%] Meshing surface 282 (Plane, Delaunay)
Info    : [100%] Meshing surface 283 (Plane, Delaunay)
Info    : [100%] Meshing surface 284 (Plane, Delaunay)
Info    : [100%] Meshing surface 285 (Plane, Delaunay)
Info    : [100%] Meshing surface 286 (Plane, Delaunay)
Info    : [100%] Meshing surface 287 (Plane, Delaunay)
Info    : [100%] Meshing surface 288 (Plane, Delaunay)
Info    : [100%] Meshing surface 289 (Plane, Delaunay)
Info    : [100%] Meshing surface 290 (Plane, Delaunay)
Info    : [100%] Meshing surface 291 (Plane, Delaunay)
Info    : [100%] Meshing surface 292 (Plane, Delaunay)
Info    : Done meshing 2D (Wall 0.573883s, CPU 0.573803s)
Info    : Meshing 3D...
Info    : 3D Meshing 16 volumes with 1 connected component
Info    : Tetrahedrizing 4898 nodes...
Info    : Done tetrahedrizing 4906 nodes (Wall 0.0722741s, CPU 0.071151s)
Info    : Reconstructing mesh...
Info    :  - Creating surface mesh
Info    :  - Identifying boundary edges
Info    :  - Recovering boundary
Info    :  - Added 33 Steiner points
Info    : Done reconstructing mesh (Wall 0.249913s, CPU 0.245014s)
Info    : Found volume 28
Info    : Found volume 29
Info    : Found volume 24
Info    : Found volume 27
Info    : Found volume 11
Info    : Found volume 9
Info    : Found volume 31
Info    : Found volume 30
Info    : Found volume 7
Info    : Found volume 6
Info    : Found volume 32
Info    : Found volume 8
Info    : Found volume 26
Info    : Found volume 25
Info    : Found volume 10
Info    : Found volume 12
Info    : It. 0 - 0 nodes created - worst tet radius 11.509 (nodes removed 0 0)
Info    : It. 500 - 4 nodes created - worst tet radius 3.14216 (nodes removed 0 496)
Info    : It. 1000 - 33 nodes created - worst tet radius 1.8738 (nodes removed 0 967)
Info    : It. 1500 - 105 nodes created - worst tet radius 1.41165 (nodes removed 0 1395)
Info    : It. 2000 - 181 nodes created - worst tet radius 1.18213 (nodes removed 1 1818)
Info    : It. 2500 - 322 nodes created - worst tet radius 5.61856 (nodes removed 1 2177)
Info    : 3D refinement terminated (5343 nodes total):
Info    :  - 1 Delaunay cavities modified for star shapeness
Info    :  - 2375 nodes could not be inserted
Info    :  - 31643 tetrahedra created in 0.0992548 sec. (318805 tets/s)
Info    : 261 node relocations
Info    : Done meshing 3D (Wall 0.638808s, CPU 0.633003s)
Info    : Optimizing mesh...
Info    : Optimizing volume 6
Info    : Optimization starts (volume = 234) with worst = 0.209192 / average = 0.599865:
Info    : 0.00 < quality < 0.10 :         0 elements
Info    : 0.10 < quality < 0.20 :         0 elements
Info    : 0.20 < quality < 0.30 :        35 elements
Info    : 0.30 < quality < 0.40 :         7 elements
Info    : 0.40 < quality < 0.50 :         3 elements
Info    : 0.50 < quality < 0.60 :         6 elements
Info    : 0.60 < quality < 0.70 :        60 elements
Info    : 0.70 < quality < 0.80 :        46 elements
Info    : 0.80 < quality < 0.90 :        10 elements
Info    : 0.90 < quality < 1.00 :         1 elements
Info    : No ill-shaped tets in the mesh :-)
Info    : 0.00 < quality < 0.10 :         0 elements
Info    : 0.10 < quality < 0.20 :         0 elements
Info    : 0.20 < quality < 0.30 :        35 elements
Info    : 0.30 < quality < 0.40 :         7 elements
Info    : 0.40 < quality < 0.50 :         3 elements
Info    : 0.50 < quality < 0.60 :         6 elements
Info    : 0.60 < quality < 0.70 :        60 elements
Info    : 0.70 < quality < 0.80 :        46 elements
Info    : 0.80 < quality < 0.90 :        10 elements
Info    : 0.90 < quality < 1.00 :         1 elements
Info    : Optimizing volume 7
Info    : Optimization starts (volume = 234) with worst = 0.209192 / average = 0.59972:
Info    : 0.00 < quality < 0.10 :         0 elements
Info    : 0.10 < quality < 0.20 :         0 elements
Info    : 0.20 < quality < 0.30 :        35 elements
Info    : 0.30 < quality < 0.40 :         7 elements
Info    : 0.40 < quality < 0.50 :         3 elements
Info    : 0.50 < quality < 0.60 :         6 elements
Info    : 0.60 < quality < 0.70 :        60 elements
Info    : 0.70 < quality < 0.80 :        46 elements
Info    : 0.80 < quality < 0.90 :        10 elements
Info    : 0.90 < quality < 1.00 :         1 elements
Info    : No ill-shaped tets in the mesh :-)
Info    : 0.00 < quality < 0.10 :         0 elements
Info    : 0.10 < quality < 0.20 :         0 elements
Info    : 0.20 < quality < 0.30 :        35 elements
Info    : 0.30 < quality < 0.40 :         7 elements
Info    : 0.40 < quality < 0.50 :         3 elements
Info    : 0.50 < quality < 0.60 :         6 elements
Info    : 0.60 < quality < 0.70 :        60 elements
Info    : 0.70 < quality < 0.80 :        46 elements
Info    : 0.80 < quality < 0.90 :        10 elements
Info    : 0.90 < quality < 1.00 :         1 elements
Info    : Optimizing volume 8
Info    : Optimization starts (volume = 109.224) with worst = 0.219132 / average = 0.608138:
Info    : 0.00 < quality < 0.10 :         0 elements
Info    : 0.10 < quality < 0.20 :         0 elements
Info    : 0.20 < quality < 0.30 :         6 elements
Info    : 0.30 < quality < 0.40 :        10 elements
Info    : 0.40 < quality < 0.50 :        24 elements
Info    : 0.50 < quality < 0.60 :        14 elements
Info    : 0.60 < quality < 0.70 :        18 elements
Info    : 0.70 < quality < 0.80 :        18 elements
Info    : 0.80 < quality < 0.90 :        20 elements
Info    : 0.90 < quality < 1.00 :         4 elements
Info    : No ill-shaped tets in the mesh :-)
Info    : 0.00 < quality < 0.10 :         0 elements
Info    : 0.10 < quality < 0.20 :         0 elements
Info    : 0.20 < quality < 0.30 :         6 elements
Info    : 0.30 < quality < 0.40 :        10 elements
Info    : 0.40 < quality < 0.50 :        24 elements
Info    : 0.50 < quality < 0.60 :        14 elements
Info    : 0.60 < quality < 0.70 :        18 elements
Info    : 0.70 < quality < 0.80 :        18 elements
Info    : 0.80 < quality < 0.90 :        20 elements
Info    : 0.90 < quality < 1.00 :         4 elements
Info    : Optimizing volume 9
Info    : Optimization starts (volume = 2.268) with worst = 0.0280207 / average = 0.26468:
Info    : 0.00 < quality < 0.10 :         6 elements
Info    : 0.10 < quality < 0.20 :         0 elements
Info    : 0.20 < quality < 0.30 :         2 elements
Info    : 0.30 < quality < 0.40 :         7 elements
Info    : 0.40 < quality < 0.50 :         0 elements
Info    : 0.50 < quality < 0.60 :         0 elements
Info    : 0.60 < quality < 0.70 :         2 elements
Info    : 0.70 < quality < 0.80 :         0 elements
Info    : 0.80 < quality < 0.90 :         0 elements
Info    : 0.90 < quality < 1.00 :         0 elements
Info    : 2 edge swaps, 0 node relocations (volume = 2.268): worst = 0.0280207 / average = 0.278119 (Wall 0.000314051s, CPU 0.000313s)
Info    : No ill-shaped tets in the mesh :-)
Info    : 0.00 < quality < 0.10 :         6 elements
Info    : 0.10 < quality < 0.20 :         0 elements
Info    : 0.20 < quality < 0.30 :         4 elements
Info    : 0.30 < quality < 0.40 :         4 elements
Info    : 0.40 < quality < 0.50 :         0 elements
Info    : 0.50 < quality < 0.60 :         2 elements
Info    : 0.60 < quality < 0.70 :         2 elements
Info    : 0.70 < quality < 0.80 :         0 elements
Info    : 0.80 < quality < 0.90 :         0 elements
Info    : 0.90 < quality < 1.00 :         0 elements
Info    : Optimizing volume 10
Info    : Optimization starts (volume = 2.268) with worst = 0.266475 / average = 0.325093:
Info    : 0.00 < quality < 0.10 :         0 elements
Info    : 0.10 < quality < 0.20 :         0 elements
Info    : 0.20 < quality < 0.30 :         4 elements
Info    : 0.30 < quality < 0.40 :         8 elements
Info    : 0.40 < quality < 0.50 :         0 elements
Info    : 0.50 < quality < 0.60 :         0 elements
Info    : 0.60 < quality < 0.70 :         0 elements
Info    : 0.70 < quality < 0.80 :         0 elements
Info    : 0.80 < quality < 0.90 :         0 elements
Info    : 0.90 < quality < 1.00 :         0 elements
Info    : No ill-shaped tets in the mesh :-)
Info    : 0.00 < quality < 0.10 :         0 elements
Info    : 0.10 < quality < 0.20 :         0 elements
Info    : 0.20 < quality < 0.30 :         4 elements
Info    : 0.30 < quality < 0.40 :         8 elements
Info    : 0.40 < quality < 0.50 :         0 elements
Info    : 0.50 < quality < 0.60 :         0 elements
Info    : 0.60 < quality < 0.70 :         0 elements
Info    : 0.70 < quality < 0.80 :         0 elements
Info    : 0.80 < quality < 0.90 :         0 elements
Info    : 0.90 < quality < 1.00 :         0 elements
Info    : Optimizing volume 11
Info    : Optimization starts (volume = 2.268) with worst = 0.0280207 / average = 0.26468:
Info    : 0.00 < quality < 0.10 :         6 elements
Info    : 0.10 < quality < 0.20 :         0 elements
Info    : 0.20 < quality < 0.30 :         2 elements
Info    : 0.30 < quality < 0.40 :         7 elements
Info    : 0.40 < quality < 0.50 :         0 elements
Info    : 0.50 < quality < 0.60 :         0 elements
Info    : 0.60 < quality < 0.70 :         2 elements
Info    : 0.70 < quality < 0.80 :         0 elements
Info    : 0.80 < quality < 0.90 :         0 elements
Info    : 0.90 < quality < 1.00 :         0 elements
Info    : 2 edge swaps, 0 node relocations (volume = 2.268): worst = 0.0280207 / average = 0.278119 (Wall 6.192e-05s, CPU 6.2e-05s)
Info    : No ill-shaped tets in the mesh :-)
Info    : 0.00 < quality < 0.10 :         6 elements
Info    : 0.10 < quality < 0.20 :         0 elements
Info    : 0.20 < quality < 0.30 :         4 elements
Info    : 0.30 < quality < 0.40 :         4 elements
Info    : 0.40 < quality < 0.50 :         0 elements
Info    : 0.50 < quality < 0.60 :         2 elements
Info    : 0.60 < quality < 0.70 :         2 elements
Info    : 0.70 < quality < 0.80 :         0 elements
Info    : 0.80 < quality < 0.90 :         0 elements
Info    : 0.90 < quality < 1.00 :         0 elements
Info    : Optimizing volume 12
Info    : Optimization starts (volume = 2.268) with worst = 0.266475 / average = 0.325093:
Info    : 0.00 < quality < 0.10 :         0 elements
Info    : 0.10 < quality < 0.20 :         0 elements
Info    : 0.20 < quality < 0.30 :         4 elements
Info    : 0.30 < quality < 0.40 :         8 elements
Info    : 0.40 < quality < 0.50 :         0 elements
Info    : 0.50 < quality < 0.60 :         0 elements
Info    : 0.60 < quality < 0.70 :         0 elements
Info    : 0.70 < quality < 0.80 :         0 elements
Info    : 0.80 < quality < 0.90 :         0 elements
Info    : 0.90 < quality < 1.00 :         0 elements
Info    : No ill-shaped tets in the mesh :-)
Info    : 0.00 < quality < 0.10 :         0 elements
Info    : 0.10 < quality < 0.20 :         0 elements
Info    : 0.20 < quality < 0.30 :         4 elements
Info    : 0.30 < quality < 0.40 :         8 elements
Info    : 0.40 < quality < 0.50 :         0 elements
Info    : 0.50 < quality < 0.60 :         0 elements
Info    : 0.60 < quality < 0.70 :         0 elements
Info    : 0.70 < quality < 0.80 :         0 elements
Info    : 0.80 < quality < 0.90 :         0 elements
Info    : 0.90 < quality < 1.00 :         0 elements
Info    : Optimizing volume 24
Info    : Optimization starts (volume = 6168.38) with worst = 2.42797e-05 / average = 0.150086:
Info    : 0.00 < quality < 0.10 :       163 elements
Info    : 0.10 < quality < 0.20 :      2646 elements
Info    : 0.20 < quality < 0.30 :        93 elements
Info    : 0.30 < quality < 0.40 :         2 elements
Info    : 0.40 < quality < 0.50 :         2 elements
Info    : 0.50 < quality < 0.60 :         0 elements
Info    : 0.60 < quality < 0.70 :         0 elements
Info    : 0.70 < quality < 0.80 :         0 elements
Info    : 0.80 < quality < 0.90 :         0 elements
Info    : 0.90 < quality < 1.00 :         0 elements
Info    : 231 edge swaps, 10 node relocations (volume = 6168.38): worst = 2.42797e-05 / average = 0.150369 (Wall 0.0130796s, CPU 0.013076s)
Info    : 237 edge swaps, 18 node relocations (volume = 6168.38): worst = 2.42797e-05 / average = 0.150388 (Wall 0.0274246s, CPU 0.02742s)
Warning : 1 ill-shaped tets are still in the mesh
Info    : 0.00 < quality < 0.10 :       145 elements
Info    : 0.10 < quality < 0.20 :      2631 elements
Info    : 0.20 < quality < 0.30 :        89 elements
Info    : 0.30 < quality < 0.40 :         2 elements
Info    : 0.40 < quality < 0.50 :         2 elements
Info    : 0.50 < quality < 0.60 :         0 elements
Info    : 0.60 < quality < 0.70 :         0 elements
Info    : 0.70 < quality < 0.80 :         0 elements
Info    : 0.80 < quality < 0.90 :         0 elements
Info    : 0.90 < quality < 1.00 :         0 elements
Info    : Optimizing volume 25
Info    : Optimization starts (volume = 4850.36) with worst = 0.0352908 / average = 0.748853:
Info    : 0.00 < quality < 0.10 :         1 elements
Info    : 0.10 < quality < 0.20 :         3 elements
Info    : 0.20 < quality < 0.30 :         9 elements
Info    : 0.30 < quality < 0.40 :        15 elements
Info    : 0.40 < quality < 0.50 :        40 elements
Info    : 0.50 < quality < 0.60 :       229 elements
Info    : 0.60 < quality < 0.70 :       274 elements
Info    : 0.70 < quality < 0.80 :       193 elements
Info    : 0.80 < quality < 0.90 :       458 elements
Info    : 0.90 < quality < 1.00 :       275 elements
Info    : 4 edge swaps, 0 node relocations (volume = 4850.36): worst = 0.261328 / average = 0.750169 (Wall 0.000200094s, CPU 0.000203s)
Info    : 5 edge swaps, 0 node relocations (volume = 4850.36): worst = 0.261328 / average = 0.750156 (Wall 0.000306834s, CPU 0.00031s)
Info    : No ill-shaped tets in the mesh :-)
Info    : 0.00 < quality < 0.10 :         0 elements
Info    : 0.10 < quality < 0.20 :         0 elements
Info    : 0.20 < quality < 0.30 :         8 elements
Info    : 0.30 < quality < 0.40 :        15 elements
Info    : 0.40 < quality < 0.50 :        40 elements
Info    : 0.50 < quality < 0.60 :       232 elements
Info    : 0.60 < quality < 0.70 :       274 elements
Info    : 0.70 < quality < 0.80 :       192 elements
Info    : 0.80 < quality < 0.90 :       457 elements
Info    : 0.90 < quality < 1.00 :       275 elements
Info    : Optimizing volume 26
Info    : Optimization starts (volume = 1343.93) with worst = 0.0989338 / average = 0.739412:
Info    : 0.00 < quality < 0.10 :         1 elements
Info    : 0.10 < quality < 0.20 :         2 elements
Info    : 0.20 < quality < 0.30 :        11 elements
Info    : 0.30 < quality < 0.40 :        11 elements
Info    : 0.40 < quality < 0.50 :        10 elements
Info    : 0.50 < quality < 0.60 :        66 elements
Info    : 0.60 < quality < 0.70 :        66 elements
Info    : 0.70 < quality < 0.80 :        58 elements
Info    : 0.80 < quality < 0.90 :       128 elements
Info    : 0.90 < quality < 1.00 :        84 elements
Info    : 4 edge swaps, 0 node relocations (volume = 1343.93): worst = 0.261328 / average = 0.742579 (Wall 0.000136646s, CPU 0.000138s)
Info    : 6 edge swaps, 0 node relocations (volume = 1343.93): worst = 0.261328 / average = 0.74223 (Wall 0.000211103s, CPU 0.000213s)
Info    : No ill-shaped tets in the mesh :-)
Info    : 0.00 < quality < 0.10 :         0 elements
Info    : 0.10 < quality < 0.20 :         0 elements
Info    : 0.20 < quality < 0.30 :         7 elements
Info    : 0.30 < quality < 0.40 :        13 elements
Info    : 0.40 < quality < 0.50 :         9 elements
Info    : 0.50 < quality < 0.60 :        67 elements
Info    : 0.60 < quality < 0.70 :        66 elements
Info    : 0.70 < quality < 0.80 :        57 elements
Info    : 0.80 < quality < 0.90 :       128 elements
Info    : 0.90 < quality < 1.00 :        84 elements
Info    : Optimizing volume 27
Info    : Optimization starts (volume = 2.47189e+07) with worst = 0.0272453 / average = 0.615691:
Info    : 0.00 < quality < 0.10 :         6 elements
Info    : 0.10 < quality < 0.20 :        19 elements
Info    : 0.20 < quality < 0.30 :        37 elements
Info    : 0.30 < quality < 0.40 :       119 elements
Info    : 0.40 < quality < 0.50 :       330 elements
Info    : 0.50 < quality < 0.60 :       472 elements
Info    : 0.60 < quality < 0.70 :       374 elements
Info    : 0.70 < quality < 0.80 :       349 elements
Info    : 0.80 < quality < 0.90 :       240 elements
Info    : 0.90 < quality < 1.00 :        74 elements
Info    : 57 edge swaps, 2 node relocations (volume = 2.47189e+07): worst = 0.213804 / average = 0.627876 (Wall 0.00080572s, CPU 0.000806s)
Info    : 59 edge swaps, 4 node relocations (volume = 2.47189e+07): worst = 0.213804 / average = 0.628114 (Wall 0.000982952s, CPU 0.000984s)
Info    : No ill-shaped tets in the mesh :-)
Info    : 0.00 < quality < 0.10 :         0 elements
Info    : 0.10 < quality < 0.20 :         0 elements
Info    : 0.20 < quality < 0.30 :         4 elements
Info    : 0.30 < quality < 0.40 :       130 elements
Info    : 0.40 < quality < 0.50 :       318 elements
Info    : 0.50 < quality < 0.60 :       469 elements
Info    : 0.60 < quality < 0.70 :       384 elements
Info    : 0.70 < quality < 0.80 :       351 elements
Info    : 0.80 < quality < 0.90 :       241 elements
Info    : 0.90 < quality < 1.00 :        75 elements
Info    : Optimizing volume 28
Info    : Optimization starts (volume = 49437.8) with worst = 0.00115516 / average = 0.0331793:
Info    : 0.00 < quality < 0.10 :      2449 elements
Info    : 0.10 < quality < 0.20 :       148 elements
Info    : 0.20 < quality < 0.30 :         2 elements
Info    : 0.30 < quality < 0.40 :         0 elements
Info    : 0.40 < quality < 0.50 :         0 elements
Info    : 0.50 < quality < 0.60 :         0 elements
Info    : 0.60 < quality < 0.70 :         0 elements
Info    : 0.70 < quality < 0.80 :         0 elements
Info    : 0.80 < quality < 0.90 :         0 elements
Info    : 0.90 < quality < 1.00 :         0 elements
Info    : 393 edge swaps, 0 node relocations (volume = 49437.8): worst = 0.00115516 / average = 0.0323264 (Wall 0.0123616s, CPU 0.012358s)
Info    : 406 edge swaps, 0 node relocations (volume = 49437.8): worst = 0.00115516 / average = 0.0323672 (Wall 0.0261969s, CPU 0.026194s)
Info    : No ill-shaped tets in the mesh :-)
Info    : 0.00 < quality < 0.10 :      2259 elements
Info    : 0.10 < quality < 0.20 :       114 elements
Info    : 0.20 < quality < 0.30 :         0 elements
Info    : 0.30 < quality < 0.40 :         0 elements
Info    : 0.40 < quality < 0.50 :         0 elements
Info    : 0.50 < quality < 0.60 :         0 elements
Info    : 0.60 < quality < 0.70 :         0 elements
Info    : 0.70 < quality < 0.80 :         0 elements
Info    : 0.80 < quality < 0.90 :         0 elements
Info    : 0.90 < quality < 1.00 :         0 elements
Info    : Optimizing volume 29
Info    : Optimization starts (volume = 1.93123e+06) with worst = 0.000210513 / average = 0.446527:
Info    : 0.00 < quality < 0.10 :       530 elements
Info    : 0.10 < quality < 0.20 :      2281 elements
Info    : 0.20 < quality < 0.30 :      1634 elements
Info    : 0.30 < quality < 0.40 :      1815 elements
Info    : 0.40 < quality < 0.50 :      1899 elements
Info    : 0.50 < quality < 0.60 :      2019 elements
Info    : 0.60 < quality < 0.70 :      1376 elements
Info    : 0.70 < quality < 0.80 :      1122 elements
Info    : 0.80 < quality < 0.90 :       886 elements
Info    : 0.90 < quality < 1.00 :       376 elements
Info    : 809 edge swaps, 40 node relocations (volume = 1.93123e+06): worst = 0.00356378 / average = 0.461027 (Wall 0.041247s, CPU 0.041243s)
Info    : 882 edge swaps, 66 node relocations (volume = 1.93123e+06): worst = 0.00356378 / average = 0.461568 (Wall 0.0744081s, CPU 0.074401s)
Info    : No ill-shaped tets in the mesh :-)
Info    : 0.00 < quality < 0.10 :       295 elements
Info    : 0.10 < quality < 0.20 :      2053 elements
Info    : 0.20 < quality < 0.30 :      1385 elements
Info    : 0.30 < quality < 0.40 :      1825 elements
Info    : 0.40 < quality < 0.50 :      1835 elements
Info    : 0.50 < quality < 0.60 :      2049 elements
Info    : 0.60 < quality < 0.70 :      1377 elements
Info    : 0.70 < quality < 0.80 :      1147 elements
Info    : 0.80 < quality < 0.90 :       890 elements
Info    : 0.90 < quality < 1.00 :       367 elements
Info    : Optimizing volume 30
Info    : Optimization starts (volume = 463479) with worst = 0.0128601 / average = 0.500849:
Info    : 0.00 < quality < 0.10 :        34 elements
Info    : 0.10 < quality < 0.20 :       213 elements
Info    : 0.20 < quality < 0.30 :       422 elements
Info    : 0.30 < quality < 0.40 :       542 elements
Info    : 0.40 < quality < 0.50 :       569 elements
Info    : 0.50 < quality < 0.60 :       713 elements
Info    : 0.60 < quality < 0.70 :       782 elements
Info    : 0.70 < quality < 0.80 :       453 elements
Info    : 0.80 < quality < 0.90 :       106 elements
Info    : 0.90 < quality < 1.00 :         4 elements
Info    : 197 edge swaps, 0 node relocations (volume = 463479): worst = 0.0605024 / average = 0.512268 (Wall 0.00446563s, CPU 0.004465s)
Info    : 213 edge swaps, 0 node relocations (volume = 463479): worst = 0.0638057 / average = 0.512738 (Wall 0.00809436s, CPU 0.008094s)
Info    : 215 edge swaps, 0 node relocations (volume = 463479): worst = 0.0638057 / average = 0.51292 (Wall 0.0122279s, CPU 0.012226s)
Info    : No ill-shaped tets in the mesh :-)
Info    : 0.00 < quality < 0.10 :        12 elements
Info    : 0.10 < quality < 0.20 :       156 elements
Info    : 0.20 < quality < 0.30 :       350 elements
Info    : 0.30 < quality < 0.40 :       560 elements
Info    : 0.40 < quality < 0.50 :       563 elements
Info    : 0.50 < quality < 0.60 :       696 elements
Info    : 0.60 < quality < 0.70 :       773 elements
Info    : 0.70 < quality < 0.80 :       465 elements
Info    : 0.80 < quality < 0.90 :       106 elements
Info    : 0.90 < quality < 1.00 :         4 elements
Info    : Optimizing volume 31
Info    : Optimization starts (volume = 2.2247e+07) with worst = 0.047238 / average = 0.604115:
Info    : 0.00 < quality < 0.10 :         7 elements
Info    : 0.10 < quality < 0.20 :        21 elements
Info    : 0.20 < quality < 0.30 :        48 elements
Info    : 0.30 < quality < 0.40 :       164 elements
Info    : 0.40 < quality < 0.50 :       417 elements
Info    : 0.50 < quality < 0.60 :       568 elements
Info    : 0.60 < quality < 0.70 :       494 elements
Info    : 0.70 < quality < 0.80 :       418 elements
Info    : 0.80 < quality < 0.90 :       249 elements
Info    : 0.90 < quality < 1.00 :        66 elements
Info    : 71 edge swaps, 3 node relocations (volume = 2.2247e+07): worst = 0.297891 / average = 0.61734 (Wall 0.00107521s, CPU 0.001077s)
Info    : 72 edge swaps, 3 node relocations (volume = 2.2247e+07): worst = 0.300966 / average = 0.617507 (Wall 0.0013104s, CPU 0.001314s)
Info    : No ill-shaped tets in the mesh :-)
Info    : 0.00 < quality < 0.10 :         0 elements
Info    : 0.10 < quality < 0.20 :         0 elements
Info    : 0.20 < quality < 0.30 :         0 elements
Info    : 0.30 < quality < 0.40 :       168 elements
Info    : 0.40 < quality < 0.50 :       410 elements
Info    : 0.50 < quality < 0.60 :       566 elements
Info    : 0.60 < quality < 0.70 :       507 elements
Info    : 0.70 < quality < 0.80 :       422 elements
Info    : 0.80 < quality < 0.90 :       258 elements
Info    : 0.90 < quality < 1.00 :        61 elements
Info    : Optimizing volume 32
Info    : Optimization starts (volume = 5.25058e+07) with worst = 0.00785938 / average = 0.562713:
Info    : 0.00 < quality < 0.10 :       120 elements
Info    : 0.10 < quality < 0.20 :        36 elements
Info    : 0.20 < quality < 0.30 :        57 elements
Info    : 0.30 < quality < 0.40 :        97 elements
Info    : 0.40 < quality < 0.50 :       143 elements
Info    : 0.50 < quality < 0.60 :       162 elements
Info    : 0.60 < quality < 0.70 :       391 elements
Info    : 0.70 < quality < 0.80 :       292 elements
Info    : 0.80 < quality < 0.90 :       111 elements
Info    : 0.90 < quality < 1.00 :        39 elements
Info    : 43 edge swaps, 0 node relocations (volume = 5.25058e+07): worst = 0.00785938 / average = 0.574845 (Wall 0.00200446s, CPU 0.002007s)
Info    : No ill-shaped tets in the mesh :-)
Info    : 0.00 < quality < 0.10 :       118 elements
Info    : 0.10 < quality < 0.20 :        26 elements
Info    : 0.20 < quality < 0.30 :        26 elements
Info    : 0.30 < quality < 0.40 :       105 elements
Info    : 0.40 < quality < 0.50 :       126 elements
Info    : 0.50 < quality < 0.60 :       160 elements
Info    : 0.60 < quality < 0.70 :       400 elements
Info    : 0.70 < quality < 0.80 :       290 elements
Info    : 0.80 < quality < 0.90 :       113 elements
Info    : 0.90 < quality < 1.00 :        44 elements
Info    : Done optimizing mesh (Wall 0.190552s, CPU 0.190527s)
Info    : 5343 nodes 42529 elements
Warning : ------------------------------
Warning : Mesh generation error summary
Warning :     1 warning
Warning :     0 errors
Warning : Check the full log for details
Warning : ------------------------------
Info    : Writing '/foss/designs/inductor_synth/palace_model/inductor3_N2_do110.78_w6_s3_data/inductor3_N2_do110.78_w6_s3.msh'...
Info    : Done writing '/foss/designs/inductor_synth/palace_model/inductor3_N2_do110.78_w6_s3_data/inductor3_N2_do110.78_w6_s3.msh'
Info    : Clearing all models and views...
Info    : Done clearing all models and views
>> /usr/bin/mpirun -n 1 /foss/tools/bin/palace-x86_64.bin config.json

_____________     _______
_____   __   \____ __   /____ ____________
____   /_/  /  __ ` /  /  __ ` /  ___/  _ \
___   _____/  /_/  /  /  /_/  /  /__/  ___/
  /__/     \___,__/__/\___,__/\_____\_____/

Git changeset ID: v0.17.0-227-gc531cf3e
Running with 1 MPI process
Device configuration: cpu
Memory configuration: host-std
libCEED backend: /cpu/self/xsmm/blocked

Added 4784 boundary elements for material interfaces to the mesh

Characteristic length and time scales:
 Lc = 4.999e-04 m, tc = 1.667e-03 ns
Finished partitioning mesh into 1 subdomain

Mesh curvature order: 1
Mesh bounding box:
 (Xmin, Ymin, Zmin) = (-2.258e-04, -2.258e-04, -5.000e-05) m
 (Xmax, Ymax, Zmax) = (+2.258e-04, +2.258e-04, +4.499e-04) m

Parallel Mesh Stats:

                minimum     average     maximum       total
 vertices          5311        5311        5311        5311
 edges            33142       33142       33142       33142
 faces            53116       53116       53116       53116
 elements         25279       25279       25279       25279
 neighbors            0           0           0

            minimum     maximum
 h       0.00162356    0.220532
 kappa      1.07143     374.539

Estimated current per-rank memory usage is: Min. 49.9M, Max. 49.9M, Avg. 49.9M, Total 49.9M
Estimated current per-node memory usage is: Min. 49.9M, Max. 49.9M, Avg. 49.9M, Total 49.9M

Configuring Robin absorbing BC (order 2) at attributes:
 22

Configuring Robin finite conductivity BC at attributes:
 2: σ = 2.164e+07 S/m, h = 4.200e-07 m, n = (+0.0,+0.0,+1.0)
 3: σ = 2.164e+07 S/m, h = 4.200e-07 m, n = (+0.7,+0.7,+0.0)
 4: σ = 2.780e+07 S/m, h = 2.000e-06 m, n = (+0.0,+0.0,-1.0)
 5: σ = 2.780e+07 S/m, h = 2.000e-06 m, n = (+1.0,-0.1,+0.0)
 6: σ = 2.780e+07 S/m, h = 2.000e-06 m, n = (+0.0,+0.0,-1.0)
 7: σ = 2.780e+07 S/m, h = 2.000e-06 m, n = (+1.0,-0.1,+0.0)
 8: σ = 2.780e+07 S/m, h = 2.000e-06 m, n = (+0.0,+0.0,+1.0)
 9: σ = 2.780e+07 S/m, h = 2.000e-06 m, n = (+0.5,+0.9,-0.0)
 10: σ = 3.030e+07 S/m, h = 3.000e-06 m, n = (+0.0,-0.0,+1.0)
 11: σ = 3.030e+07 S/m, h = 3.000e-06 m, n = (+1.0,+0.3,-0.0)
 12: σ = 3.030e+07 S/m, h = 3.000e-06 m, n = (+0.0,+0.0,+1.0)
 13: σ = 3.030e+07 S/m, h = 3.000e-06 m, n = (+1.0,-0.3,+0.0)

Configuring Robin impedance BC for lumped ports at attributes:
 20: Rs = 3.018e+01 Ω/sq, n = (+0.0,+1.0,+0.0)
 21: Rs = 3.018e+01 Ω/sq, n = (+0.0,+1.0,+0.0)

Configuring lumped port circuit properties:
 Index = 1: R = 5.000e+01 Ω
 Index = 2: R = 5.000e+01 Ω

Configuring lumped port excitation source term at attributes:
 20: Index = 1
 21: Index = 2

[38;2;255;255;000m--> Warning![0m
Adaptive frequency sweep requires > 2 total frequency samples!
Reverting to uniform sweep!


Computing frequency response for:
Excitation 1/2 with index 1 has contributions from:
 Lumped port  1
Excitation 2/2 with index 2 has contributions from:
 Lumped port  2

Assembling system matrices, number of global unknowns:
 H1 (p = 2): 38453, ND (p = 2): 172516, RT (p = 2): 235185
 Operator assembly level: Partial
 Mesh geometries:
  Tetrahedron: P = 20, Q = 14 (quadrature order = 4)
 SuperLUSolver: Using 2D processor grid 1 x 1

Sweeping excitation index 1 (1/2):

Assembling multigrid hierarchy:
 Level 0 (p = 1): 33142 unknowns
 Level 1 (p = 2): 172516 unknowns
 Level 0 (auxiliary) (p = 1): 5311 unknowns
 Level 1 (auxiliary) (p = 2): 38453 unknowns

It 1/2: ω/2π = 1.000e-01 GHz (total elapsed time = 9.40e+00 s, solve 1/4)

  Residual norms for GMRES solve

** Memory Usage **********************************
** Total highmark (MB):
    Sum-of-all :   180.17 | Avg :   180.17  | Max :   180.17
    Max at rank 0, different stages (MB):
	. symbfact           15.03
	. distribution      180.17
	. numfact           134.79
** NUMfact space (MB): (sum-of-all-processes)
    L\U :           84.55 |  Total :   134.79
	. max at rank 0, max L+U memory (MB):    84.55
	. max at rank 0, peak buffer (MB):       50.24
**************************************************

** number of Tiny Pivots:        0

  0 (restart 0) KSP residual norm 2.602315e+01
  1 (restart 0) KSP residual norm 2.885521e+00
  2 (restart 0) KSP residual norm 1.065858e+00
  3 (restart 0) KSP residual norm 6.715932e-01
  4 (restart 0) KSP residual norm 4.752240e-01
  5 (restart 0) KSP residual norm 2.939919e-01
  6 (restart 0) KSP residual norm 1.883922e-01
  7 (restart 0) KSP residual norm 1.291347e-01
  8 (restart 0) KSP residual norm 6.995782e-02
  9 (restart 0) KSP residual norm 5.727598e-02
 10 (restart 0) KSP residual norm 3.883155e-02
 11 (restart 0) KSP residual norm 3.178035e-02
 12 (restart 0) KSP residual norm 2.310618e-02
 13 (restart 0) KSP residual norm 1.862953e-02
 14 (restart 0) KSP residual norm 1.305779e-02
 15 (restart 0) KSP residual norm 1.073800e-02
 16 (restart 0) KSP residual norm 8.290686e-03
 17 (restart 0) KSP residual norm 6.968845e-03
 18 (restart 0) KSP residual norm 5.243587e-03
 19 (restart 0) KSP residual norm 4.287445e-03
 20 (restart 0) KSP residual norm 3.344418e-03
 21 (restart 0) KSP residual norm 2.775665e-03
 22 (restart 0) KSP residual norm 2.164353e-03
 23 (restart 0) KSP residual norm 1.764510e-03
 24 (restart 0) KSP residual norm 1.376047e-03
 25 (restart 0) KSP residual norm 1.113379e-03
 26 (restart 0) KSP residual norm 8.715057e-04
 27 (restart 0) KSP residual norm 7.109470e-04
 28 (restart 0) KSP residual norm 5.684353e-04
 29 (restart 0) KSP residual norm 4.547950e-04
 30 (restart 0) KSP residual norm 3.596916e-04
 31 (restart 0) KSP residual norm 2.929470e-04
 32 (restart 0) KSP residual norm 2.382171e-04
 33 (restart 0) KSP residual norm 1.923682e-04
 34 (restart 0) KSP residual norm 1.554812e-04
 35 (restart 0) KSP residual norm 1.265628e-04
 36 (restart 0) KSP residual norm 1.035795e-04
 37 (restart 0) KSP residual norm 8.485347e-05
 38 (restart 0) KSP residual norm 6.934255e-05
 39 (restart 0) KSP residual norm 5.634227e-05
 40 (restart 0) KSP residual norm 4.525707e-05
 41 (restart 0) KSP residual norm 3.660470e-05
 42 (restart 0) KSP residual norm 2.967624e-05
 43 (restart 0) KSP residual norm 2.441393e-05
GMRES solver converged in 43 iterations (avg. reduction factor: 7.241e-01)
 Sol. ||E|| = 2.699703e+01 (||RHS|| = 2.768948e-03)
 Field energy E (9.487e-13 J) + H (7.030e-12 J) = 7.978e-12 J
 S[1][1] = +5.825e-02+4.037e-03i, |S[1][1]| = -2.467e+01, arg(S[1][1]) = +3.964e+00
 S[2][1] = +9.417e-01-5.214e-03i, |S[2][1]| = -5.214e-01, arg(S[2][1]) = -3.172e-01
 Updating solution error estimates

It 2/2: ω/2π = 2.000e+01 GHz (total elapsed time = 1.18e+02 s, solve 2/4)

  Residual norms for GMRES solve

** Memory Usage **********************************
** Total highmark (MB):
    Sum-of-all :   152.45 | Avg :   152.45  | Max :   152.45
    Max at rank 0, different stages (MB):
	. symbfact            0.00
	. distribution      152.45
	. numfact           134.79
** NUMfact space (MB): (sum-of-all-processes)
    L\U :           84.55 |  Total :   134.79
	. max at rank 0, max L+U memory (MB):    84.55
	. max at rank 0, peak buffer (MB):       50.24
**************************************************

** number of Tiny Pivots:        0

  0 (restart 0) KSP residual norm 2.640005e+01
  1 (restart 0) KSP residual norm 1.166668e+01
  2 (restart 0) KSP residual norm 3.237920e+00
  3 (restart 0) KSP residual norm 8.856850e-01
  4 (restart 0) KSP residual norm 4.153081e-01
  5 (restart 0) KSP residual norm 3.230375e-01
  6 (restart 0) KSP residual norm 1.392486e-01
  7 (restart 0) KSP residual norm 8.414988e-02
  8 (restart 0) KSP residual norm 6.312786e-02
  9 (restart 0) KSP residual norm 3.982278e-02
 10 (restart 0) KSP residual norm 2.948347e-02
 11 (restart 0) KSP residual norm 1.852762e-02
 12 (restart 0) KSP residual norm 1.407356e-02
 13 (restart 0) KSP residual norm 1.065323e-02
 14 (restart 0) KSP residual norm 8.213420e-03
 15 (restart 0) KSP residual norm 6.542538e-03
 16 (restart 0) KSP residual norm 5.148583e-03
 17 (restart 0) KSP residual norm 3.967811e-03
 18 (restart 0) KSP residual norm 2.998316e-03
 19 (restart 0) KSP residual norm 2.348485e-03
 20 (restart 0) KSP residual norm 1.998436e-03
 21 (restart 0) KSP residual norm 1.541607e-03
 22 (restart 0) KSP residual norm 1.280321e-03
 23 (restart 0) KSP residual norm 9.710643e-04
 24 (restart 0) KSP residual norm 7.573446e-04
 25 (restart 0) KSP residual norm 6.167566e-04
 26 (restart 0) KSP residual norm 5.127461e-04
 27 (restart 0) KSP residual norm 4.386709e-04
 28 (restart 0) KSP residual norm 3.668427e-04
 29 (restart 0) KSP residual norm 3.014362e-04
 30 (restart 0) KSP residual norm 2.440945e-04
 31 (restart 0) KSP residual norm 1.948935e-04
 32 (restart 0) KSP residual norm 1.604261e-04
 33 (restart 0) KSP residual norm 1.338394e-04
 34 (restart 0) KSP residual norm 1.093723e-04
 35 (restart 0) KSP residual norm 8.868614e-05
 36 (restart 0) KSP residual norm 7.125331e-05
 37 (restart 0) KSP residual norm 5.845533e-05
 38 (restart 0) KSP residual norm 4.865014e-05
 39 (restart 0) KSP residual norm 4.031886e-05
 40 (restart 0) KSP residual norm 3.367409e-05
 41 (restart 0) KSP residual norm 2.879032e-05
 42 (restart 0) KSP residual norm 2.451313e-05
GMRES solver converged in 42 iterations (avg. reduction factor: 7.184e-01)
 Sol. ||E|| = 3.187811e+01 (||RHS|| = 5.537897e-01)
 Field energy E (1.215e-12 J) + H (4.038e-12 J) = 5.253e-12 J
 S[1][1] = +5.479e-01+3.766e-01i, |S[1][1]| = -3.546e+00, arg(S[1][1]) = +3.450e+01
 S[2][1] = +4.302e-01-5.212e-01i, |S[2][1]| = -3.403e+00, arg(S[2][1]) = -5.046e+01
 Updating solution error estimates

Sweeping excitation index 2 (2/2):

It 1/2: ω/2π = 1.000e-01 GHz (total elapsed time = 2.30e+02 s, solve 3/4)

  Residual norms for GMRES solve

** Memory Usage **********************************
** Total highmark (MB):
    Sum-of-all :   152.45 | Avg :   152.45  | Max :   152.45
    Max at rank 0, different stages (MB):
	. symbfact            0.00
	. distribution      152.45
	. numfact           134.79
** NUMfact space (MB): (sum-of-all-processes)
    L\U :           84.55 |  Total :   134.79
	. max at rank 0, max L+U memory (MB):    84.55
	. max at rank 0, peak buffer (MB):       50.24
**************************************************

** number of Tiny Pivots:        0

  0 (restart 0) KSP residual norm 2.554468e+01
  1 (restart 0) KSP residual norm 2.831789e+00
  2 (restart 0) KSP residual norm 1.040733e+00
  3 (restart 0) KSP residual norm 6.508070e-01
  4 (restart 0) KSP residual norm 4.616685e-01
  5 (restart 0) KSP residual norm 2.815229e-01
  6 (restart 0) KSP residual norm 1.822092e-01
  7 (restart 0) KSP residual norm 1.250527e-01
  8 (restart 0) KSP residual norm 6.722373e-02
  9 (restart 0) KSP residual norm 5.441452e-02
 10 (restart 0) KSP residual norm 3.448104e-02
 11 (restart 0) KSP residual norm 2.904396e-02
 12 (restart 0) KSP residual norm 2.181954e-02
 13 (restart 0) KSP residual norm 1.794953e-02
 14 (restart 0) KSP residual norm 1.260337e-02
 15 (restart 0) KSP residual norm 1.030953e-02
 16 (restart 0) KSP residual norm 7.887526e-03
 17 (restart 0) KSP residual norm 6.665901e-03
 18 (restart 0) KSP residual norm 5.046270e-03
 19 (restart 0) KSP residual norm 4.134474e-03
 20 (restart 0) KSP residual norm 3.235131e-03
 21 (restart 0) KSP residual norm 2.688339e-03
 22 (restart 0) KSP residual norm 2.098934e-03
 23 (restart 0) KSP residual norm 1.712428e-03
 24 (restart 0) KSP residual norm 1.337906e-03
 25 (restart 0) KSP residual norm 1.080450e-03
 26 (restart 0) KSP residual norm 8.450401e-04
 27 (restart 0) KSP residual norm 6.891235e-04
 28 (restart 0) KSP residual norm 5.515901e-04
 29 (restart 0) KSP residual norm 4.407093e-04
 30 (restart 0) KSP residual norm 3.489504e-04
 31 (restart 0) KSP residual norm 2.838677e-04
 32 (restart 0) KSP residual norm 2.312337e-04
 33 (restart 0) KSP residual norm 1.869020e-04
 34 (restart 0) KSP residual norm 1.511412e-04
 35 (restart 0) KSP residual norm 1.232173e-04
 36 (restart 0) KSP residual norm 1.010233e-04
 37 (restart 0) KSP residual norm 8.270708e-05
 38 (restart 0) KSP residual norm 6.753890e-05
 39 (restart 0) KSP residual norm 5.485617e-05
 40 (restart 0) KSP residual norm 4.408475e-05
 41 (restart 0) KSP residual norm 3.565842e-05
 42 (restart 0) KSP residual norm 2.898145e-05
 43 (restart 0) KSP residual norm 2.386149e-05
GMRES solver converged in 43 iterations (avg. reduction factor: 7.241e-01)
 Sol. ||E|| = 2.650140e+01 (||RHS|| = 2.768948e-03)
 Field energy E (9.123e-13 J) + H (7.030e-12 J) = 7.942e-12 J
 S[1][2] = +9.417e-01-5.214e-03i, |S[1][2]| = -5.214e-01, arg(S[1][2]) = -3.172e-01
 S[2][2] = +5.825e-02+4.060e-03i, |S[2][2]| = -2.467e+01, arg(S[2][2]) = +3.987e+00
 Updating solution error estimates

It 2/2: ω/2π = 2.000e+01 GHz (total elapsed time = 3.41e+02 s, solve 4/4)

  Residual norms for GMRES solve

** Memory Usage **********************************
** Total highmark (MB):
    Sum-of-all :   152.45 | Avg :   152.45  | Max :   152.45
    Max at rank 0, different stages (MB):
	. symbfact            0.00
	. distribution      152.45
	. numfact           134.79
** NUMfact space (MB): (sum-of-all-processes)
    L\U :           84.55 |  Total :   134.79
	. max at rank 0, max L+U memory (MB):    84.55
	. max at rank 0, peak buffer (MB):       50.24
**************************************************

** number of Tiny Pivots:        0

  0 (restart 0) KSP residual norm 2.625335e+01
  1 (restart 0) KSP residual norm 1.164143e+01
  2 (restart 0) KSP residual norm 3.313077e+00
  3 (restart 0) KSP residual norm 9.248507e-01
  4 (restart 0) KSP residual norm 5.584950e-01
  5 (restart 0) KSP residual norm 3.562340e-01
  6 (restart 0) KSP residual norm 1.396591e-01
  7 (restart 0) KSP residual norm 8.410260e-02
  8 (restart 0) KSP residual norm 6.341246e-02
  9 (restart 0) KSP residual norm 3.917573e-02
 10 (restart 0) KSP residual norm 2.889505e-02
 11 (restart 0) KSP residual norm 1.811455e-02
 12 (restart 0) KSP residual norm 1.381959e-02
 13 (restart 0) KSP residual norm 1.029047e-02
 14 (restart 0) KSP residual norm 7.953387e-03
 15 (restart 0) KSP residual norm 6.368836e-03
 16 (restart 0) KSP residual norm 5.055110e-03
 17 (restart 0) KSP residual norm 3.891625e-03
 18 (restart 0) KSP residual norm 2.933338e-03
 19 (restart 0) KSP residual norm 2.267698e-03
 20 (restart 0) KSP residual norm 1.909464e-03
 21 (restart 0) KSP residual norm 1.486227e-03
 22 (restart 0) KSP residual norm 1.220226e-03
 23 (restart 0) KSP residual norm 9.324559e-04
 24 (restart 0) KSP residual norm 7.155567e-04
 25 (restart 0) KSP residual norm 5.846715e-04
 26 (restart 0) KSP residual norm 4.771974e-04
 27 (restart 0) KSP residual norm 4.094275e-04
 28 (restart 0) KSP residual norm 3.436632e-04
 29 (restart 0) KSP residual norm 2.884848e-04
 30 (restart 0) KSP residual norm 2.381315e-04
 31 (restart 0) KSP residual norm 1.906114e-04
 32 (restart 0) KSP residual norm 1.571066e-04
 33 (restart 0) KSP residual norm 1.302716e-04
 34 (restart 0) KSP residual norm 1.065709e-04
 35 (restart 0) KSP residual norm 8.828910e-05
 36 (restart 0) KSP residual norm 7.174170e-05
 37 (restart 0) KSP residual norm 5.911517e-05
 38 (restart 0) KSP residual norm 4.881648e-05
 39 (restart 0) KSP residual norm 4.077469e-05
 40 (restart 0) KSP residual norm 3.427159e-05
 41 (restart 0) KSP residual norm 2.915168e-05
 42 (restart 0) KSP residual norm 2.462679e-05
GMRES solver converged in 42 iterations (avg. reduction factor: 7.186e-01)
 Sol. ||E|| = 3.190357e+01 (||RHS|| = 5.537897e-01)
 Field energy E (1.215e-12 J) + H (4.036e-12 J) = 5.251e-12 J
 S[1][2] = +4.302e-01-5.212e-01i, |S[1][2]| = -3.403e+00, arg(S[1][2]) = -5.046e+01
 S[2][2] = +5.508e-01+3.763e-01i, |S[2][2]| = -3.516e+00, arg(S[2][2]) = +3.434e+01
 Updating solution error estimates

Completed 0 iterations of adaptive mesh refinement (AMR):
 Indicator norm = 1.583e-01, global unknowns = 172516
 Max. iterations = 0, tol. = 1.000e-02, max. size = 2000000

Estimated peak per-rank memory usage is: Min. 1.2G, Max. 1.2G, Avg. 1.2G, Total 1.2G
Estimated peak per-node memory usage is: Min. 1.2G, Max. 1.2G, Avg. 1.2G, Total 1.2G

Elapsed Time Report (s)           Min.        Max.        Avg.
==============================================================
Initialization                   0.059       0.059       0.059
  Mesh Preprocessing             0.271       0.271       0.271
Operator Construction            0.913       0.913       0.913
Linear Solve                    21.439      21.439      21.439
  Setup                         39.440      39.440      39.440
  Preconditioner               236.257     236.257     236.257
  Coarse Solve                   5.296       5.296       5.296
Estimation                       1.410       1.410       1.410
  Construction                   3.770       3.770       3.770
  Solve                        133.705     133.705     133.705
Postprocessing                   2.131       2.131       2.131
Disk IO                          0.241       0.241       0.241
--------------------------------------------------------------
Total                          445.293     445.293     445.293

Peak Memory                   Per-Node       Total   Total HWM
==============================================================
Initialization                    1.7M        1.7M        1.7M
  Mesh Preprocessing             14.4M       14.4M       16.1M
Operator Construction            80.1M       80.1M       96.2M
Linear Solve                     95.7M       95.7M      191.8M
  Setup                         270.4M      270.4M      462.3M
  Preconditioner                109.5M      109.5M      571.8M
  Coarse Solve                  229.4M      229.4M      801.2M
Estimation                       82.6M       82.6M      883.8M
  Construction                  175.1M      175.1M        1.0G
  Solve                          87.6M       87.6M        1.1G
Postprocessing                   85.5M       85.5M        1.2G
Disk IO                           9.9M        9.9M        1.2G
--------------------------------------------------------------
Total                             1.2G        1.2G        1.2G

Found extra file with port information: /foss/designs/inductor_synth/palace_model/inductor3_N2_do110.78_w6_s3_data/port_information.json
Port Z0 values found: [50, 50]
Port impedance for Touchstone header:  50
Number of ports:  2
Created combined S-parameter file for  2 ports, filename:  /foss/designs/inductor_synth/palace_model/inductor3_N2_do110.78_w6_s3_data/output/inductor3_N2_do110.78_w6_s3/inductor3_N2_do110.78_w6_s3.s2p
Skipping DC extrapolation, not enough frequency points
Port de-embedding based on port geometry data
Cascading L= -1.82 pH at port 1
Cascading L= -1.82 pH at port 2
Created file with de-embedding (cascaded negative port L):  /foss/designs/inductor_synth/palace_model/inductor3_N2_do110.78_w6_s3_data/output/inductor3_N2_do110.78_w6_s3/inductor3_N2_do110.78_w6_s3_deembedded 

Found extra file with port information: /foss/designs/inductor_synth/palace_model/inductor3_N2_do112.48_w6_s3_data/port_information.json
Port Z0 values found: [50, 50]
Port impedance for Touchstone header:  50
Number of ports:  2
Created combined S-parameter file for  2 ports, filename:  /foss/designs/inductor_synth/palace_model/inductor3_N2_do112.48_w6_s3_data/output/inductor3_N2_do112.48_w6_s3/inductor3_N2_do112.48_w6_s3.s2p
Skipping DC extrapolation, not enough frequency points
Port de-embedding based on port geometry data
Cascading L= -1.82 pH at port 1
Cascading L= -1.82 pH at port 2
Created file with de-embedding (cascaded negative port L):  /foss/designs/inductor_synth/palace_model/inductor3_N2_do112.48_w6_s3_data/output/inductor3_N2_do112.48_w6_s3/inductor3_N2_do112.48_w6_s3_deembedded 

Found extra file with port information: /foss/designs/inductor_synth/palace_model/inductor3_N2_do135.5_w6_s3_data/port_information.json
Port Z0 values found: [50, 50]
Port impedance for Touchstone header:  50
Number of ports:  2
Created combined S-parameter file for  2 ports, filename:  /foss/designs/inductor_synth/palace_model/inductor3_N2_do135.5_w6_s3_data/output/inductor3_N2_do135.5_w6_s3/inductor3_N2_do135.5_w6_s3.s2p
Skipping DC extrapolation, not enough frequency points
Port de-embedding based on port geometry data
Cascading L= -1.82 pH at port 1
Cascading L= -1.82 pH at port 2
Created file with de-embedding (cascaded negative port L):  /foss/designs/inductor_synth/palace_model/inductor3_N2_do135.5_w6_s3_data/output/inductor3_N2_do135.5_w6_s3/inductor3_N2_do135.5_w6_s3_deembedded 

cp: './inductor3_N2_do112.48_w6_s3.s2p' and './inductor3_N2_do112.48_w6_s3.s2p' are the same file
cp: './inductor3_N2_do135.5_w6_s3.s2p' and './inductor3_N2_do135.5_w6_s3.s2p' are the same file
Info    : Meshing 1D...
Info    : [  0%] Meshing curve 64 (Line)
Info    : [ 10%] Meshing curve 65 (Line)
Info    : [ 10%] Meshing curve 67 (Line)
Info    : [ 10%] Meshing curve 69 (Line)
Info    : [ 10%] Meshing curve 70 (Line)
Info    : [ 10%] Meshing curve 71 (Line)
Info    : [ 10%] Meshing curve 72 (Line)
Info    : [ 10%] Meshing curve 76 (Line)
Info    : [ 10%] Meshing curve 77 (Line)
Info    : [ 10%] Meshing curve 79 (Line)
Info    : [ 10%] Meshing curve 81 (Line)
Info    : [ 10%] Meshing curve 82 (Line)
Info    : [ 10%] Meshing curve 83 (Line)
Info    : [ 10%] Meshing curve 84 (Line)
Info    : [ 10%] Meshing curve 85 (Line)
Info    : [ 10%] Meshing curve 86 (Line)
Info    : [ 10%] Meshing curve 87 (Line)
Info    : [ 10%] Meshing curve 88 (Line)
Info    : [ 10%] Meshing curve 89 (Line)
Info    : [ 10%] Meshing curve 90 (Line)
Info    : [ 10%] Meshing curve 91 (Line)
Info    : [ 10%] Meshing curve 92 (Line)
Info    : [ 10%] Meshing curve 93 (Line)
Info    : [ 10%] Meshing curve 94 (Line)
Info    : [ 10%] Meshing curve 95 (Line)
Info    : [ 10%] Meshing curve 96 (Line)
Info    : [ 10%] Meshing curve 97 (Line)
Info    : [ 10%] Meshing curve 98 (Line)
Info    : [ 10%] Meshing curve 99 (Line)
Info    : [ 10%] Meshing curve 100 (Line)
Info    : [ 10%] Meshing curve 101 (Line)
Info    : [ 10%] Meshing curve 102 (Line)
Info    : [ 10%] Meshing curve 103 (Line)
Info    : [ 10%] Meshing curve 104 (Line)
Info    : [ 10%] Meshing curve 105 (Line)
Info    : [ 20%] Meshing curve 106 (Line)
Info    : [ 20%] Meshing curve 107 (Line)
Info    : [ 20%] Meshing curve 108 (Line)
Info    : [ 20%] Meshing curve 109 (Line)
Info    : [ 20%] Meshing curve 110 (Line)
Info    : [ 20%] Meshing curve 111 (Line)
Info    : [ 20%] Meshing curve 112 (Line)
Info    : [ 20%] Meshing curve 113 (Line)
Info    : [ 20%] Meshing curve 114 (Line)
Info    : [ 20%] Meshing curve 115 (Line)
Info    : [ 20%] Meshing curve 116 (Line)
Info    : [ 20%] Meshing curve 117 (Line)
Info    : [ 20%] Meshing curve 118 (Line)
Info    : [ 20%] Meshing curve 119 (Line)
Info    : [ 20%] Meshing curve 120 (Line)
Info    : [ 20%] Meshing curve 121 (Line)
Info    : [ 20%] Meshing curve 122 (Line)
Info    : [ 20%] Meshing curve 123 (Line)
Info    : [ 20%] Meshing curve 124 (Line)
Info    : [ 20%] Meshing curve 125 (Line)
Info    : [ 20%] Meshing curve 126 (Line)
Info    : [ 20%] Meshing curve 127 (Line)
Info    : [ 20%] Meshing curve 128 (Line)
Info    : [ 20%] Meshing curve 129 (Line)
Info    : [ 20%] Meshing curve 130 (Line)
Info    : [ 20%] Meshing curve 131 (Line)
Info    : [ 20%] Meshing curve 132 (Line)
Info    : [ 20%] Meshing curve 133 (Line)
Info    : [ 20%] Meshing curve 134 (Line)
Info    : [ 20%] Meshing curve 135 (Line)
Info    : [ 20%] Meshing curve 136 (Line)
Info    : [ 20%] Meshing curve 137 (Line)
Info    : [ 20%] Meshing curve 138 (Line)
Info    : [ 20%] Meshing curve 139 (Line)
Info    : [ 30%] Meshing curve 140 (Line)
Info    : [ 30%] Meshing curve 141 (Line)
Info    : [ 30%] Meshing curve 142 (Line)
Info    : [ 30%] Meshing curve 143 (Line)
Info    : [ 30%] Meshing curve 144 (Line)
Info    : [ 30%] Meshing curve 145 (Line)
Info    : [ 30%] Meshing curve 146 (Line)
Info    : [ 30%] Meshing curve 147 (Line)
Info    : [ 30%] Meshing curve 148 (Line)
Info    : [ 30%] Meshing curve 149 (Line)
Info    : [ 30%] Meshing curve 150 (Line)
Info    : [ 30%] Meshing curve 151 (Line)
Info    : [ 30%] Meshing curve 152 (Line)
Info    : [ 30%] Meshing curve 153 (Line)
Info    : [ 30%] Meshing curve 154 (Line)
Info    : [ 30%] Meshing curve 155 (Line)
Info    : [ 30%] Meshing curve 156 (Line)
Info    : [ 30%] Meshing curve 397 (Line)
Info    : [ 30%] Meshing curve 398 (Line)
Info    : [ 30%] Meshing curve 399 (Line)
Info    : [ 30%] Meshing curve 400 (Line)
Info    : [ 30%] Meshing curve 401 (Line)
Info    : [ 30%] Meshing curve 402 (Line)
Info    : [ 30%] Meshing curve 403 (Line)
Info    : [ 30%] Meshing curve 404 (Line)
Info    : [ 30%] Meshing curve 405 (Line)
Info    : [ 30%] Meshing curve 406 (Line)
Info    : [ 30%] Meshing curve 407 (Line)
Info    : [ 30%] Meshing curve 408 (Line)
Info    : [ 30%] Meshing curve 409 (TrimmedCurve)
Info    : [ 30%] Meshing curve 410 (Line)
Info    : [ 30%] Meshing curve 411 (TrimmedCurve)
Info    : [ 30%] Meshing curve 412 (Line)
Info    : [ 30%] Meshing curve 413 (Line)
Info    : [ 40%] Meshing curve 414 (Line)
Info    : [ 40%] Meshing curve 415 (Line)
Info    : [ 40%] Meshing curve 416 (Line)
Info    : [ 40%] Meshing curve 417 (Line)
Info    : [ 40%] Meshing curve 418 (Line)
Info    : [ 40%] Meshing curve 419 (Line)
Info    : [ 40%] Meshing curve 420 (TrimmedCurve)
Info    : [ 40%] Meshing curve 421 (Line)
Info    : [ 40%] Meshing curve 422 (TrimmedCurve)
Info    : [ 40%] Meshing curve 423 (Line)
Info    : [ 40%] Meshing curve 424 (Line)
Info    : [ 40%] Meshing curve 425 (Line)
Info    : [ 40%] Meshing curve 426 (Line)
Info    : [ 40%] Meshing curve 427 (Line)
Info    : [ 40%] Meshing curve 428 (Line)
Info    : [ 40%] Meshing curve 429 (Line)
Info    : [ 40%] Meshing curve 430 (Line)
Info    : [ 40%] Meshing curve 431 (Line)
Info    : [ 40%] Meshing curve 432 (Line)
Info    : [ 40%] Meshing curve 433 (TrimmedCurve)
Info    : [ 40%] Meshing curve 434 (Line)
Info    : [ 40%] Meshing curve 435 (TrimmedCurve)
Info    : [ 40%] Meshing curve 436 (Line)
Info    : [ 40%] Meshing curve 440 (TrimmedCurve)
Info    : [ 40%] Meshing curve 441 (Line)
Info    : [ 40%] Meshing curve 442 (TrimmedCurve)
Info    : [ 40%] Meshing curve 443 (Line)
Info    : [ 40%] Meshing curve 444 (TrimmedCurve)
Info    : [ 40%] Meshing curve 445 (Line)
Info    : [ 40%] Meshing curve 446 (TrimmedCurve)
Info    : [ 40%] Meshing curve 447 (Line)
Info    : [ 40%] Meshing curve 448 (TrimmedCurve)
Info    : [ 40%] Meshing curve 449 (Line)
Info    : [ 40%] Meshing curve 450 (Line)
Info    : [ 50%] Meshing curve 451 (Line)
Info    : [ 50%] Meshing curve 452 (Line)
Info    : [ 50%] Meshing curve 453 (Line)
Info    : [ 50%] Meshing curve 454 (TrimmedCurve)
Info    : [ 50%] Meshing curve 455 (Line)
Info    : [ 50%] Meshing curve 456 (TrimmedCurve)
Info    : [ 50%] Meshing curve 457 (Line)
Info    : [ 50%] Meshing curve 458 (TrimmedCurve)
Info    : [ 50%] Meshing curve 459 (Line)
Info    : [ 50%] Meshing curve 460 (TrimmedCurve)
Info    : [ 50%] Meshing curve 461 (Line)
Info    : [ 50%] Meshing curve 462 (TrimmedCurve)
Info    : [ 50%] Meshing curve 463 (Line)
Info    : [ 50%] Meshing curve 464 (TrimmedCurve)
Info    : [ 50%] Meshing curve 465 (Line)
Info    : [ 50%] Meshing curve 466 (Line)
Info    : [ 50%] Meshing curve 467 (Line)
Info    : [ 50%] Meshing curve 468 (Line)
Info    : [ 50%] Meshing curve 469 (Line)
Info    : [ 50%] Meshing curve 470 (TrimmedCurve)
Info    : [ 50%] Meshing curve 471 (Line)
Info    : [ 50%] Meshing curve 472 (Line)
Info    : [ 50%] Meshing curve 473 (Line)
Info    : [ 50%] Meshing curve 474 (Line)
Info    : [ 50%] Meshing curve 475 (TrimmedCurve)
Info    : [ 50%] Meshing curve 476 (Line)
Info    : [ 50%] Meshing curve 477 (TrimmedCurve)
Info    : [ 50%] Meshing curve 478 (Line)
Info    : [ 50%] Meshing curve 479 (TrimmedCurve)
Info    : [ 50%] Meshing curve 480 (Line)
Info    : [ 50%] Meshing curve 481 (TrimmedCurve)
Info    : [ 50%] Meshing curve 482 (Line)
Info    : [ 50%] Meshing curve 483 (TrimmedCurve)
Info    : [ 50%] Meshing curve 484 (Line)
Info    : [ 60%] Meshing curve 485 (Line)
Info    : [ 60%] Meshing curve 486 (Line)
Info    : [ 60%] Meshing curve 487 (Line)
Info    : [ 60%] Meshing curve 488 (Line)
Info    : [ 60%] Meshing curve 489 (TrimmedCurve)
Info    : [ 60%] Meshing curve 490 (Line)
Info    : [ 60%] Meshing curve 491 (TrimmedCurve)
Info    : [ 60%] Meshing curve 492 (Line)
Info    : [ 60%] Meshing curve 493 (TrimmedCurve)
Info    : [ 60%] Meshing curve 494 (Line)
Info    : [ 60%] Meshing curve 495 (TrimmedCurve)
Info    : [ 60%] Meshing curve 496 (Line)
Info    : [ 60%] Meshing curve 497 (TrimmedCurve)
Info    : [ 60%] Meshing curve 498 (Line)
Info    : [ 60%] Meshing curve 499 (TrimmedCurve)
Info    : [ 60%] Meshing curve 500 (Line)
Info    : [ 60%] Meshing curve 501 (Line)
Info    : [ 60%] Meshing curve 502 (Line)
Info    : [ 60%] Meshing curve 503 (Line)
Info    : [ 60%] Meshing curve 504 (Line)
Info    : [ 60%] Meshing curve 505 (TrimmedCurve)
Info    : [ 60%] Meshing curve 506 (Line)
Info    : [ 60%] Meshing curve 507 (Line)
Info    : [ 60%] Meshing curve 508 (Line)
Info    : [ 60%] Meshing curve 510 (Line)
Info    : [ 60%] Meshing curve 511 (Line)
Info    : [ 60%] Meshing curve 512 (Line)
Info    : [ 60%] Meshing curve 513 (Line)
Info    : [ 60%] Meshing curve 515 (Line)
Info    : [ 60%] Meshing curve 516 (Line)
Info    : [ 60%] Meshing curve 517 (Line)
Info    : [ 60%] Meshing curve 518 (Line)
Info    : [ 60%] Meshing curve 519 (Line)
Info    : [ 60%] Meshing curve 520 (Line)
Info    : [ 70%] Meshing curve 521 (Line)
Info    : [ 70%] Meshing curve 522 (Line)
Info    : [ 70%] Meshing curve 523 (Line)
Info    : [ 70%] Meshing curve 524 (Line)
Info    : [ 70%] Meshing curve 525 (Line)
Info    : [ 70%] Meshing curve 526 (Line)
Info    : [ 70%] Meshing curve 527 (Line)
Info    : [ 70%] Meshing curve 528 (Line)
Info    : [ 70%] Meshing curve 529 (Line)
Info    : [ 70%] Meshing curve 530 (Line)
Info    : [ 70%] Meshing curve 531 (Line)
Info    : [ 70%] Meshing curve 532 (Line)
Info    : [ 70%] Meshing curve 533 (Line)
Info    : [ 70%] Meshing curve 534 (Line)
Info    : [ 70%] Meshing curve 535 (Line)
Info    : [ 70%] Meshing curve 536 (Line)
Info    : [ 70%] Meshing curve 537 (Line)
Info    : [ 70%] Meshing curve 538 (Line)
Info    : [ 70%] Meshing curve 539 (Line)
Info    : [ 70%] Meshing curve 540 (Line)
Info    : [ 70%] Meshing curve 541 (Line)
Info    : [ 70%] Meshing curve 542 (Line)
Info    : [ 70%] Meshing curve 543 (Line)
Info    : [ 70%] Meshing curve 544 (Line)
Info    : [ 70%] Meshing curve 545 (Line)
Info    : [ 70%] Meshing curve 546 (Line)
Info    : [ 70%] Meshing curve 547 (Line)
Info    : [ 70%] Meshing curve 548 (Line)
Info    : [ 70%] Meshing curve 549 (Line)
Info    : [ 70%] Meshing curve 550 (Line)
Info    : [ 70%] Meshing curve 551 (Line)
Info    : [ 70%] Meshing curve 552 (TrimmedCurve)
Info    : [ 70%] Meshing curve 553 (Line)
Info    : [ 70%] Meshing curve 554 (Line)
Info    : [ 80%] Meshing curve 555 (Line)
Info    : [ 80%] Meshing curve 556 (Line)
Info    : [ 80%] Meshing curve 557 (Line)
Info    : [ 80%] Meshing curve 558 (TrimmedCurve)
Info    : [ 80%] Meshing curve 559 (Line)
Info    : [ 80%] Meshing curve 560 (Line)
Info    : [ 80%] Meshing curve 561 (TrimmedCurve)
Info    : [ 80%] Meshing curve 562 (Line)
Info    : [ 80%] Meshing curve 563 (Line)
Info    : [ 80%] Meshing curve 564 (Line)
Info    : [ 80%] Meshing curve 565 (Line)
Info    : [ 80%] Meshing curve 566 (Line)
Info    : [ 80%] Meshing curve 567 (TrimmedCurve)
Info    : [ 80%] Meshing curve 568 (Line)
Info    : [ 80%] Meshing curve 569 (Line)
Info    : [ 80%] Meshing curve 570 (Line)
Info    : [ 80%] Meshing curve 571 (Line)
Info    : [ 80%] Meshing curve 572 (Line)
Info    : [ 80%] Meshing curve 573 (Line)
Info    : [ 80%] Meshing curve 574 (Line)
Info    : [ 80%] Meshing curve 575 (Line)
Info    : [ 80%] Meshing curve 576 (Line)
Info    : [ 80%] Meshing curve 577 (Line)
Info    : [ 80%] Meshing curve 578 (Line)
Info    : [ 80%] Meshing curve 579 (Line)
Info    : [ 80%] Meshing curve 580 (Line)
Info    : [ 80%] Meshing curve 581 (Line)
Info    : [ 80%] Meshing curve 582 (Line)
Info    : [ 80%] Meshing curve 583 (Line)
Info    : [ 80%] Meshing curve 584 (Line)
Info    : [ 80%] Meshing curve 585 (Line)
Info    : [ 80%] Meshing curve 586 (Line)
Info    : [ 80%] Meshing curve 587 (Line)
Info    : [ 80%] Meshing curve 588 (Line)
Info    : [ 90%] Meshing curve 589 (Line)
Info    : [ 90%] Meshing curve 590 (Line)
Info    : [ 90%] Meshing curve 591 (Line)
Info    : [ 90%] Meshing curve 592 (Line)
Info    : [ 90%] Meshing curve 593 (Line)
Info    : [ 90%] Meshing curve 594 (Line)
Info    : [ 90%] Meshing curve 595 (Line)
Info    : [ 90%] Meshing curve 596 (Line)
Info    : [ 90%] Meshing curve 597 (Line)
Info    : [ 90%] Meshing curve 598 (Line)
Info    : [ 90%] Meshing curve 599 (Line)
Info    : [ 90%] Meshing curve 600 (Line)
Info    : [ 90%] Meshing curve 601 (Line)
Info    : [ 90%] Meshing curve 602 (Line)
Info    : [ 90%] Meshing curve 603 (Line)
Info    : [ 90%] Meshing curve 604 (Line)
Info    : [ 90%] Meshing curve 605 (Line)
Info    : [ 90%] Meshing curve 606 (Line)
Info    : [ 90%] Meshing curve 607 (Line)
Info    : [ 90%] Meshing curve 608 (Line)
Info    : [ 90%] Meshing curve 609 (Line)
Info    : [ 90%] Meshing curve 610 (Line)
Info    : [ 90%] Meshing curve 611 (Line)
Info    : [ 90%] Meshing curve 612 (Line)
Info    : [ 90%] Meshing curve 613 (Line)
Info    : [ 90%] Meshing curve 614 (Line)
Info    : [ 90%] Meshing curve 615 (Line)
Info    : [ 90%] Meshing curve 616 (Line)
Info    : [ 90%] Meshing curve 617 (Line)
Info    : [ 90%] Meshing curve 618 (Line)
Info    : [ 90%] Meshing curve 619 (Line)
Info    : [ 90%] Meshing curve 620 (Line)
Info    : [ 90%] Meshing curve 621 (Line)
Info    : [ 90%] Meshing curve 622 (Line)
Info    : [100%] Meshing curve 623 (Line)
Info    : [100%] Meshing curve 624 (Line)
Info    : [100%] Meshing curve 625 (Line)
Info    : [100%] Meshing curve 626 (Line)
Info    : [100%] Meshing curve 627 (Line)
Info    : [100%] Meshing curve 628 (Line)
Info    : [100%] Meshing curve 629 (Line)
Info    : [100%] Meshing curve 630 (Line)
Info    : [100%] Meshing curve 631 (Line)
Info    : [100%] Meshing curve 632 (Line)
Info    : [100%] Meshing curve 633 (Line)
Info    : [100%] Meshing curve 634 (Line)
Info    : [100%] Meshing curve 635 (Line)
Info    : [100%] Meshing curve 636 (Line)
Info    : [100%] Meshing curve 637 (Line)
Info    : [100%] Meshing curve 638 (Line)
Info    : [100%] Meshing curve 639 (Line)
Info    : [100%] Meshing curve 640 (Line)
Info    : [100%] Meshing curve 641 (Line)
Info    : [100%] Meshing curve 642 (Line)
Info    : [100%] Meshing curve 643 (Line)
Info    : [100%] Meshing curve 644 (Line)
Info    : [100%] Meshing curve 645 (Line)
Info    : [100%] Meshing curve 646 (Line)
Info    : [100%] Meshing curve 647 (Line)
Info    : [100%] Meshing curve 648 (Line)
Info    : [100%] Meshing curve 649 (Line)
Info    : [100%] Meshing curve 650 (Line)
Info    : [100%] Meshing curve 651 (Line)
Info    : [100%] Meshing curve 652 (Line)
Info    : [100%] Meshing curve 653 (Line)
Info    : [100%] Meshing curve 654 (Line)
Info    : [100%] Meshing curve 655 (Line)
Info    : [100%] Meshing curve 656 (Line)
Info    : Done meshing 1D (Wall 1.90399s, CPU 1.90389s)
Info    : Meshing 2D...
Info    : [  0%] Meshing surface 35 (Plane, Delaunay)
Info    : [ 10%] Meshing surface 41 (Plane, Delaunay)
Info    : [ 10%] Meshing surface 43 (Plane, Delaunay)
Info    : [ 10%] Meshing surface 44 (Plane, Delaunay)
Info    : [ 10%] Meshing surface 45 (Plane, Delaunay)
Info    : [ 10%] Meshing surface 46 (Plane, Delaunay)
Info    : [ 10%] Meshing surface 47 (Plane, Delaunay)
Info    : [ 10%] Meshing surface 48 (Plane, Delaunay)
Info    : [ 10%] Meshing surface 49 (Plane, Delaunay)
Info    : [ 10%] Meshing surface 50 (Plane, Delaunay)
Info    : [ 10%] Meshing surface 51 (Plane, Delaunay)
Info    : [ 10%] Meshing surface 53 (Plane, Delaunay)
Info    : [ 10%] Meshing surface 54 (Plane, Delaunay)
Info    : [ 10%] Meshing surface 55 (Plane, Delaunay)
Info    : [ 10%] Meshing surface 56 (Plane, Delaunay)
Info    : [ 20%] Meshing surface 57 (Plane, Delaunay)
Info    : [ 20%] Meshing surface 58 (Plane, Delaunay)
Info    : [ 20%] Meshing surface 59 (Plane, Delaunay)
Info    : [ 20%] Meshing surface 60 (Plane, Delaunay)
Info    : [ 20%] Meshing surface 61 (Plane, Delaunay)
Info    : [ 20%] Meshing surface 62 (Plane, Delaunay)
Info    : [ 20%] Meshing surface 63 (Plane, Delaunay)
Info    : [ 20%] Meshing surface 64 (Plane, Delaunay)
Info    : [ 20%] Meshing surface 65 (Plane, Delaunay)
Info    : [ 20%] Meshing surface 66 (Plane, Delaunay)
Info    : [ 20%] Meshing surface 67 (Plane, Delaunay)
Info    : [ 20%] Meshing surface 68 (Plane, Delaunay)
Info    : [ 20%] Meshing surface 69 (Plane, Delaunay)
Info    : [ 20%] Meshing surface 70 (Plane, Delaunay)
Info    : [ 20%] Meshing surface 71 (Plane, Delaunay)
Info    : [ 30%] Meshing surface 72 (Plane, Delaunay)
Info    : [ 30%] Meshing surface 73 (Plane, Delaunay)
Info    : [ 30%] Meshing surface 74 (Plane, Delaunay)
Info    : [ 30%] Meshing surface 75 (Plane, Delaunay)
Info    : [ 30%] Meshing surface 76 (Plane, Delaunay)
Info    : [ 30%] Meshing surface 179 (Plane, Delaunay)
Info    : [ 30%] Meshing surface 180 (Plane, Delaunay)
Info    : [ 30%] Meshing surface 181 (Plane, Delaunay)
Info    : [ 30%] Meshing surface 183 (Plane, Delaunay)
Info    : [ 30%] Meshing surface 184 (Plane, Delaunay)
Info    : [ 30%] Meshing surface 185 (Plane, Delaunay)
Info    : [ 30%] Meshing surface 186 (Plane, Delaunay)
Info    : [ 30%] Meshing surface 187 (Plane, Delaunay)
Info    : [ 30%] Meshing surface 188 (Plane, Delaunay)
Info    : [ 30%] Meshing surface 189 (Plane, Delaunay)
Info    : [ 40%] Meshing surface 190 (Plane, Delaunay)
Info    : [ 40%] Meshing surface 191 (Plane, Delaunay)
Info    : [ 40%] Meshing surface 192 (Plane, Delaunay)
Info    : [ 40%] Meshing surface 193 (Plane, Delaunay)
Info    : [ 40%] Meshing surface 195 (Plane, Delaunay)
Info    : [ 40%] Meshing surface 196 (Plane, Delaunay)
Info    : [ 40%] Meshing surface 198 (Plane, Delaunay)
Info    : [ 40%] Meshing surface 199 (Plane, Delaunay)
Info    : [ 40%] Meshing surface 200 (Plane, Delaunay)
Info    : [ 40%] Meshing surface 201 (Plane, Delaunay)
Info    : [ 40%] Meshing surface 204 (Plane, Delaunay)
Info    : [ 40%] Meshing surface 205 (Plane, Delaunay)
Info    : [ 40%] Meshing surface 206 (Plane, Delaunay)
Info    : [ 40%] Meshing surface 207 (Plane, Delaunay)
Info    : [ 50%] Meshing surface 208 (Plane, Delaunay)
Info    : [ 50%] Meshing surface 209 (Plane, Delaunay)
Info    : [ 50%] Meshing surface 210 (Plane, Delaunay)
Info    : [ 50%] Meshing surface 211 (Plane, Delaunay)
Info    : [ 50%] Meshing surface 212 (Plane, Delaunay)
Info    : [ 50%] Meshing surface 213 (Plane, Delaunay)
Info    : [ 50%] Meshing surface 214 (Plane, Delaunay)
Info    : [ 50%] Meshing surface 215 (Plane, Delaunay)
Info    : [ 50%] Meshing surface 216 (Plane, Delaunay)
Info    : [ 50%] Meshing surface 217 (Plane, Delaunay)
Info    : [ 50%] Meshing surface 218 (Plane, Delaunay)
Info    : [ 50%] Meshing surface 219 (Plane, Delaunay)
Info    : [ 50%] Meshing surface 220 (Plane, Delaunay)
Info    : [ 50%] Meshing surface 221 (Plane, Delaunay)
Info    : [ 50%] Meshing surface 222 (Plane, Delaunay)
Info    : [ 60%] Meshing surface 223 (Plane, Delaunay)
Info    : [ 60%] Meshing surface 224 (Plane, Delaunay)
Info    : [ 60%] Meshing surface 225 (Plane, Delaunay)
Info    : [ 60%] Meshing surface 226 (Plane, Delaunay)
Info    : [ 60%] Meshing surface 227 (Plane, Delaunay)
Info    : [ 60%] Meshing surface 228 (Plane, Delaunay)
Info    : [ 60%] Meshing surface 229 (Plane, Delaunay)
Info    : [ 60%] Meshing surface 230 (Plane, Delaunay)
Info    : [ 60%] Meshing surface 231 (Plane, Delaunay)
Info    : [ 60%] Meshing surface 232 (Plane, Delaunay)
Info    : [ 60%] Meshing surface 233 (Plane, Delaunay)
Info    : [ 60%] Meshing surface 235 (Plane, Delaunay)
Info    : [ 60%] Meshing surface 236 (Plane, Delaunay)
Info    : [ 60%] Meshing surface 237 (Plane, Delaunay)
Info    : [ 60%] Meshing surface 238 (Plane, Delaunay)
Info    : [ 70%] Meshing surface 239 (Plane, Delaunay)
Info    : [ 70%] Meshing surface 240 (Plane, Delaunay)
Info    : [ 70%] Meshing surface 241 (Plane, Delaunay)
Info    : [ 70%] Meshing surface 242 (Plane, Delaunay)
Info    : [ 70%] Meshing surface 243 (Plane, Delaunay)
Info    : [ 70%] Meshing surface 244 (Plane, Delaunay)
Info    : [ 70%] Meshing surface 245 (Plane, Delaunay)
Info    : [ 70%] Meshing surface 246 (Plane, Delaunay)
Info    : [ 70%] Meshing surface 247 (Plane, Delaunay)
Info    : [ 70%] Meshing surface 248 (Plane, Delaunay)
Info    : [ 70%] Meshing surface 249 (Plane, Delaunay)
Info    : [ 70%] Meshing surface 250 (Plane, Delaunay)
Info    : [ 70%] Meshing surface 251 (Plane, Delaunay)
Info    : [ 70%] Meshing surface 252 (Plane, Delaunay)
Info    : [ 80%] Meshing surface 253 (Plane, Delaunay)
Info    : [ 80%] Meshing surface 254 (Plane, Delaunay)
Info    : [ 80%] Meshing surface 255 (Plane, Delaunay)
Info    : [ 80%] Meshing surface 256 (Plane, Delaunay)
Info    : [ 80%] Meshing surface 257 (Plane, Delaunay)
Info    : [ 80%] Meshing surface 258 (Plane, Delaunay)
Info    : [ 80%] Meshing surface 259 (Plane, Delaunay)
Info    : [ 80%] Meshing surface 260 (Plane, Delaunay)
Info    : [ 80%] Meshing surface 261 (Plane, Delaunay)
Info    : [ 80%] Meshing surface 262 (Plane, Delaunay)
Info    : [ 80%] Meshing surface 263 (Plane, Delaunay)
Info    : [ 80%] Meshing surface 264 (Plane, Delaunay)
Info    : [ 80%] Meshing surface 265 (Plane, Delaunay)
Info    : [ 80%] Meshing surface 266 (Plane, Delaunay)
Info    : [ 80%] Meshing surface 267 (Plane, Delaunay)
Info    : [ 90%] Meshing surface 268 (Plane, Delaunay)
Info    : [ 90%] Meshing surface 269 (Plane, Delaunay)
Info    : [ 90%] Meshing surface 270 (Plane, Delaunay)
Info    : [ 90%] Meshing surface 271 (Plane, Delaunay)
Info    : [ 90%] Meshing surface 272 (Plane, Delaunay)
Info    : [ 90%] Meshing surface 273 (Plane, Delaunay)
Info    : [ 90%] Meshing surface 274 (Plane, Delaunay)
Info    : [ 90%] Meshing surface 275 (Plane, Delaunay)
Info    : [ 90%] Meshing surface 276 (Plane, Delaunay)
Info    : [ 90%] Meshing surface 277 (Plane, Delaunay)
Info    : [ 90%] Meshing surface 279 (Plane, Delaunay)
Info    : [ 90%] Meshing surface 280 (Plane, Delaunay)
Info    : [ 90%] Meshing surface 281 (Plane, Delaunay)
Info    : [ 90%] Meshing surface 282 (Plane, Delaunay)
Info    : [ 90%] Meshing surface 283 (Plane, Delaunay)
Info    : [100%] Meshing surface 284 (Plane, Delaunay)
Info    : [100%] Meshing surface 285 (Plane, Delaunay)
Info    : [100%] Meshing surface 286 (Plane, Delaunay)
Info    : [100%] Meshing surface 287 (Plane, Delaunay)
Info    : [100%] Meshing surface 288 (Plane, Delaunay)
Info    : [100%] Meshing surface 289 (Plane, Delaunay)
Info    : [100%] Meshing surface 290 (Plane, Delaunay)
Info    : [100%] Meshing surface 291 (Plane, Delaunay)
Info    : [100%] Meshing surface 292 (Plane, Delaunay)
Info    : [100%] Meshing surface 293 (Plane, Delaunay)
Info    : [100%] Meshing surface 294 (Plane, Delaunay)
Info    : [100%] Meshing surface 295 (Plane, Delaunay)
Info    : [100%] Meshing surface 296 (Plane, Delaunay)
Info    : [100%] Meshing surface 297 (Plane, Delaunay)
Info    : Done meshing 2D (Wall 0.614559s, CPU 0.614488s)
Info    : Meshing 3D...
Info    : 3D Meshing 16 volumes with 1 connected component
Info    : Tetrahedrizing 4888 nodes...
Info    : Done tetrahedrizing 4896 nodes (Wall 0.0593949s, CPU 0.059389s)
Info    : Reconstructing mesh...
Info    :  - Creating surface mesh
Info    :  - Identifying boundary edges
Info    :  - Recovering boundary
Info    :  - Added 33 Steiner points
Info    : Done reconstructing mesh (Wall 0.263198s, CPU 0.260908s)
Info    : Found volume 29
Info    : Found volume 28
Info    : Found volume 24
Info    : Found volume 27
Info    : Found volume 31
Info    : Found volume 30
Info    : Found volume 7
Info    : Found volume 6
Info    : Found volume 32
Info    : Found volume 8
Info    : Found volume 26
Info    : Found volume 25
Info    : Found volume 11
Info    : Found volume 10
Info    : Found volume 9
Info    : Found volume 12
Info    : It. 0 - 0 nodes created - worst tet radius 13.5838 (nodes removed 0 0)
Info    : It. 500 - 5 nodes created - worst tet radius 3.17437 (nodes removed 0 495)
Info    : It. 1000 - 35 nodes created - worst tet radius 1.96127 (nodes removed 0 965)
Info    : It. 1500 - 96 nodes created - worst tet radius 1.4193 (nodes removed 0 1404)
Info    : It. 2000 - 209 nodes created - worst tet radius 1.18565 (nodes removed 0 1791)
Info    : It. 2500 - 330 nodes created - worst tet radius 1.04081 (nodes removed 0 2170)
Info    : 3D refinement terminated (5330 nodes total):
Info    :  - 1 Delaunay cavities modified for star shapeness
Info    :  - 2334 nodes could not be inserted
Info    :  - 31536 tetrahedra created in 0.118135 sec. (266948 tets/s)
Info    : 453 node relocations
Info    : Done meshing 3D (Wall 0.720477s, CPU 0.718048s)
Info    : Optimizing mesh...
Info    : Optimizing volume 6
Info    : Optimization starts (volume = 234) with worst = 0.209192 / average = 0.599817:
Info    : 0.00 < quality < 0.10 :         0 elements
Info    : 0.10 < quality < 0.20 :         0 elements
Info    : 0.20 < quality < 0.30 :        35 elements
Info    : 0.30 < quality < 0.40 :         7 elements
Info    : 0.40 < quality < 0.50 :         3 elements
Info    : 0.50 < quality < 0.60 :         6 elements
Info    : 0.60 < quality < 0.70 :        60 elements
Info    : 0.70 < quality < 0.80 :        46 elements
Info    : 0.80 < quality < 0.90 :        10 elements
Info    : 0.90 < quality < 1.00 :         1 elements
Info    : No ill-shaped tets in the mesh :-)
Info    : 0.00 < quality < 0.10 :         0 elements
Info    : 0.10 < quality < 0.20 :         0 elements
Info    : 0.20 < quality < 0.30 :        35 elements
Info    : 0.30 < quality < 0.40 :         7 elements
Info    : 0.40 < quality < 0.50 :         3 elements
Info    : 0.50 < quality < 0.60 :         6 elements
Info    : 0.60 < quality < 0.70 :        60 elements
Info    : 0.70 < quality < 0.80 :        46 elements
Info    : 0.80 < quality < 0.90 :        10 elements
Info    : 0.90 < quality < 1.00 :         1 elements
Info    : Optimizing volume 7
Info    : Optimization starts (volume = 234) with worst = 0.209192 / average = 0.599961:
Info    : 0.00 < quality < 0.10 :         0 elements
Info    : 0.10 < quality < 0.20 :         0 elements
Info    : 0.20 < quality < 0.30 :        35 elements
Info    : 0.30 < quality < 0.40 :         7 elements
Info    : 0.40 < quality < 0.50 :         3 elements
Info    : 0.50 < quality < 0.60 :         6 elements
Info    : 0.60 < quality < 0.70 :        60 elements
Info    : 0.70 < quality < 0.80 :        46 elements
Info    : 0.80 < quality < 0.90 :        10 elements
Info    : 0.90 < quality < 1.00 :         1 elements
Info    : No ill-shaped tets in the mesh :-)
Info    : 0.00 < quality < 0.10 :         0 elements
Info    : 0.10 < quality < 0.20 :         0 elements
Info    : 0.20 < quality < 0.30 :        35 elements
Info    : 0.30 < quality < 0.40 :         7 elements
Info    : 0.40 < quality < 0.50 :         3 elements
Info    : 0.50 < quality < 0.60 :         6 elements
Info    : 0.60 < quality < 0.70 :        60 elements
Info    : 0.70 < quality < 0.80 :        46 elements
Info    : 0.80 < quality < 0.90 :        10 elements
Info    : 0.90 < quality < 1.00 :         1 elements
Info    : Optimizing volume 8
Info    : Optimization starts (volume = 109.224) with worst = 0.219132 / average = 0.608138:
Info    : 0.00 < quality < 0.10 :         0 elements
Info    : 0.10 < quality < 0.20 :         0 elements
Info    : 0.20 < quality < 0.30 :         6 elements
Info    : 0.30 < quality < 0.40 :        10 elements
Info    : 0.40 < quality < 0.50 :        24 elements
Info    : 0.50 < quality < 0.60 :        14 elements
Info    : 0.60 < quality < 0.70 :        18 elements
Info    : 0.70 < quality < 0.80 :        18 elements
Info    : 0.80 < quality < 0.90 :        20 elements
Info    : 0.90 < quality < 1.00 :         4 elements
Info    : No ill-shaped tets in the mesh :-)
Info    : 0.00 < quality < 0.10 :         0 elements
Info    : 0.10 < quality < 0.20 :         0 elements
Info    : 0.20 < quality < 0.30 :         6 elements
Info    : 0.30 < quality < 0.40 :        10 elements
Info    : 0.40 < quality < 0.50 :        24 elements
Info    : 0.50 < quality < 0.60 :        14 elements
Info    : 0.60 < quality < 0.70 :        18 elements
Info    : 0.70 < quality < 0.80 :        18 elements
Info    : 0.80 < quality < 0.90 :        20 elements
Info    : 0.90 < quality < 1.00 :         4 elements
Info    : Optimizing volume 9
Info    : Optimization starts (volume = 2.268) with worst = 0.266475 / average = 0.325093:
Info    : 0.00 < quality < 0.10 :         0 elements
Info    : 0.10 < quality < 0.20 :         0 elements
Info    : 0.20 < quality < 0.30 :         4 elements
Info    : 0.30 < quality < 0.40 :         8 elements
Info    : 0.40 < quality < 0.50 :         0 elements
Info    : 0.50 < quality < 0.60 :         0 elements
Info    : 0.60 < quality < 0.70 :         0 elements
Info    : 0.70 < quality < 0.80 :         0 elements
Info    : 0.80 < quality < 0.90 :         0 elements
Info    : 0.90 < quality < 1.00 :         0 elements
Info    : No ill-shaped tets in the mesh :-)
Info    : 0.00 < quality < 0.10 :         0 elements
Info    : 0.10 < quality < 0.20 :         0 elements
Info    : 0.20 < quality < 0.30 :         4 elements
Info    : 0.30 < quality < 0.40 :         8 elements
Info    : 0.40 < quality < 0.50 :         0 elements
Info    : 0.50 < quality < 0.60 :         0 elements
Info    : 0.60 < quality < 0.70 :         0 elements
Info    : 0.70 < quality < 0.80 :         0 elements
Info    : 0.80 < quality < 0.90 :         0 elements
Info    : 0.90 < quality < 1.00 :         0 elements
Info    : Optimizing volume 10
Info    : Optimization starts (volume = 2.268) with worst = 0.266475 / average = 0.325093:
Info    : 0.00 < quality < 0.10 :         0 elements
Info    : 0.10 < quality < 0.20 :         0 elements
Info    : 0.20 < quality < 0.30 :         4 elements
Info    : 0.30 < quality < 0.40 :         8 elements
Info    : 0.40 < quality < 0.50 :         0 elements
Info    : 0.50 < quality < 0.60 :         0 elements
Info    : 0.60 < quality < 0.70 :         0 elements
Info    : 0.70 < quality < 0.80 :         0 elements
Info    : 0.80 < quality < 0.90 :         0 elements
Info    : 0.90 < quality < 1.00 :         0 elements
Info    : No ill-shaped tets in the mesh :-)
Info    : 0.00 < quality < 0.10 :         0 elements
Info    : 0.10 < quality < 0.20 :         0 elements
Info    : 0.20 < quality < 0.30 :         4 elements
Info    : 0.30 < quality < 0.40 :         8 elements
Info    : 0.40 < quality < 0.50 :         0 elements
Info    : 0.50 < quality < 0.60 :         0 elements
Info    : 0.60 < quality < 0.70 :         0 elements
Info    : 0.70 < quality < 0.80 :         0 elements
Info    : 0.80 < quality < 0.90 :         0 elements
Info    : 0.90 < quality < 1.00 :         0 elements
Info    : Optimizing volume 11
Info    : Optimization starts (volume = 2.268) with worst = 0.266475 / average = 0.325093:
Info    : 0.00 < quality < 0.10 :         0 elements
Info    : 0.10 < quality < 0.20 :         0 elements
Info    : 0.20 < quality < 0.30 :         4 elements
Info    : 0.30 < quality < 0.40 :         8 elements
Info    : 0.40 < quality < 0.50 :         0 elements
Info    : 0.50 < quality < 0.60 :         0 elements
Info    : 0.60 < quality < 0.70 :         0 elements
Info    : 0.70 < quality < 0.80 :         0 elements
Info    : 0.80 < quality < 0.90 :         0 elements
Info    : 0.90 < quality < 1.00 :         0 elements
Info    : No ill-shaped tets in the mesh :-)
Info    : 0.00 < quality < 0.10 :         0 elements
Info    : 0.10 < quality < 0.20 :         0 elements
Info    : 0.20 < quality < 0.30 :         4 elements
Info    : 0.30 < quality < 0.40 :         8 elements
Info    : 0.40 < quality < 0.50 :         0 elements
Info    : 0.50 < quality < 0.60 :         0 elements
Info    : 0.60 < quality < 0.70 :         0 elements
Info    : 0.70 < quality < 0.80 :         0 elements
Info    : 0.80 < quality < 0.90 :         0 elements
Info    : 0.90 < quality < 1.00 :         0 elements
Info    : Optimizing volume 12
Info    : Optimization starts (volume = 2.268) with worst = 0.266475 / average = 0.325093:
Info    : 0.00 < quality < 0.10 :         0 elements
Info    : 0.10 < quality < 0.20 :         0 elements
Info    : 0.20 < quality < 0.30 :         4 elements
Info    : 0.30 < quality < 0.40 :         8 elements
Info    : 0.40 < quality < 0.50 :         0 elements
Info    : 0.50 < quality < 0.60 :         0 elements
Info    : 0.60 < quality < 0.70 :         0 elements
Info    : 0.70 < quality < 0.80 :         0 elements
Info    : 0.80 < quality < 0.90 :         0 elements
Info    : 0.90 < quality < 1.00 :         0 elements
Info    : No ill-shaped tets in the mesh :-)
Info    : 0.00 < quality < 0.10 :         0 elements
Info    : 0.10 < quality < 0.20 :         0 elements
Info    : 0.20 < quality < 0.30 :         4 elements
Info    : 0.30 < quality < 0.40 :         8 elements
Info    : 0.40 < quality < 0.50 :         0 elements
Info    : 0.50 < quality < 0.60 :         0 elements
Info    : 0.60 < quality < 0.70 :         0 elements
Info    : 0.70 < quality < 0.80 :         0 elements
Info    : 0.80 < quality < 0.90 :         0 elements
Info    : 0.90 < quality < 1.00 :         0 elements
Info    : Optimizing volume 24
Info    : Optimization starts (volume = 6158.63) with worst = 0.00543198 / average = 0.147406:
Info    : 0.00 < quality < 0.10 :       163 elements
Info    : 0.10 < quality < 0.20 :      2574 elements
Info    : 0.20 < quality < 0.30 :        84 elements
Info    : 0.30 < quality < 0.40 :         5 elements
Info    : 0.40 < quality < 0.50 :         4 elements
Info    : 0.50 < quality < 0.60 :         0 elements
Info    : 0.60 < quality < 0.70 :         0 elements
Info    : 0.70 < quality < 0.80 :         0 elements
Info    : 0.80 < quality < 0.90 :         0 elements
Info    : 0.90 < quality < 1.00 :         0 elements
Info    : 225 edge swaps, 30 node relocations (volume = 6158.63): worst = 0.00619523 / average = 0.147818 (Wall 0.015722s, CPU 0.012357s)
Info    : 234 edge swaps, 45 node relocations (volume = 6158.63): worst = 0.00619523 / average = 0.147804 (Wall 0.0303901s, CPU 0.027025s)
Info    : No ill-shaped tets in the mesh :-)
Info    : 0.00 < quality < 0.10 :       139 elements
Info    : 0.10 < quality < 0.20 :      2553 elements
Info    : 0.20 < quality < 0.30 :        80 elements
Info    : 0.30 < quality < 0.40 :         5 elements
Info    : 0.40 < quality < 0.50 :         4 elements
Info    : 0.50 < quality < 0.60 :         0 elements
Info    : 0.60 < quality < 0.70 :         0 elements
Info    : 0.70 < quality < 0.80 :         0 elements
Info    : 0.80 < quality < 0.90 :         0 elements
Info    : 0.90 < quality < 1.00 :         0 elements
Info    : Optimizing volume 25
Info    : Optimization starts (volume = 4842.23) with worst = 0.0353085 / average = 0.748813:
Info    : 0.00 < quality < 0.10 :         1 elements
Info    : 0.10 < quality < 0.20 :         3 elements
Info    : 0.20 < quality < 0.30 :         9 elements
Info    : 0.30 < quality < 0.40 :        15 elements
Info    : 0.40 < quality < 0.50 :        41 elements
Info    : 0.50 < quality < 0.60 :       232 elements
Info    : 0.60 < quality < 0.70 :       272 elements
Info    : 0.70 < quality < 0.80 :       187 elements
Info    : 0.80 < quality < 0.90 :       463 elements
Info    : 0.90 < quality < 1.00 :       275 elements
Info    : 4 edge swaps, 0 node relocations (volume = 4842.23): worst = 0.261704 / average = 0.750128 (Wall 0.000195907s, CPU 0.000197s)
Info    : 5 edge swaps, 0 node relocations (volume = 4842.23): worst = 0.261704 / average = 0.750115 (Wall 0.000308263s, CPU 0.00031s)
Info    : No ill-shaped tets in the mesh :-)
Info    : 0.00 < quality < 0.10 :         0 elements
Info    : 0.10 < quality < 0.20 :         0 elements
Info    : 0.20 < quality < 0.30 :         8 elements
Info    : 0.30 < quality < 0.40 :        15 elements
Info    : 0.40 < quality < 0.50 :        41 elements
Info    : 0.50 < quality < 0.60 :       235 elements
Info    : 0.60 < quality < 0.70 :       272 elements
Info    : 0.70 < quality < 0.80 :       186 elements
Info    : 0.80 < quality < 0.90 :       462 elements
Info    : 0.90 < quality < 1.00 :       275 elements
Info    : Optimizing volume 26
Info    : Optimization starts (volume = 1341.22) with worst = 0.0986305 / average = 0.73984:
Info    : 0.00 < quality < 0.10 :         1 elements
Info    : 0.10 < quality < 0.20 :         2 elements
Info    : 0.20 < quality < 0.30 :        11 elements
Info    : 0.30 < quality < 0.40 :        11 elements
Info    : 0.40 < quality < 0.50 :        10 elements
Info    : 0.50 < quality < 0.60 :        65 elements
Info    : 0.60 < quality < 0.70 :        67 elements
Info    : 0.70 < quality < 0.80 :        52 elements
Info    : 0.80 < quality < 0.90 :       134 elements
Info    : 0.90 < quality < 1.00 :        84 elements
Info    : 4 edge swaps, 0 node relocations (volume = 1341.22): worst = 0.261704 / average = 0.74301 (Wall 0.000218297s, CPU 0.000218s)
Info    : 6 edge swaps, 0 node relocations (volume = 1341.22): worst = 0.261704 / average = 0.742658 (Wall 0.00031645s, CPU 0.000317s)
Info    : No ill-shaped tets in the mesh :-)
Info    : 0.00 < quality < 0.10 :         0 elements
Info    : 0.10 < quality < 0.20 :         0 elements
Info    : 0.20 < quality < 0.30 :         7 elements
Info    : 0.30 < quality < 0.40 :        13 elements
Info    : 0.40 < quality < 0.50 :         9 elements
Info    : 0.50 < quality < 0.60 :        66 elements
Info    : 0.60 < quality < 0.70 :        67 elements
Info    : 0.70 < quality < 0.80 :        51 elements
Info    : 0.80 < quality < 0.90 :       134 elements
Info    : 0.90 < quality < 1.00 :        84 elements
Info    : Optimizing volume 27
Info    : Optimization starts (volume = 2.46683e+07) with worst = 0.0344599 / average = 0.612684:
Info    : 0.00 < quality < 0.10 :         6 elements
Info    : 0.10 < quality < 0.20 :        17 elements
Info    : 0.20 < quality < 0.30 :        39 elements
Info    : 0.30 < quality < 0.40 :       126 elements
Info    : 0.40 < quality < 0.50 :       335 elements
Info    : 0.50 < quality < 0.60 :       513 elements
Info    : 0.60 < quality < 0.70 :       348 elements
Info    : 0.70 < quality < 0.80 :       349 elements
Info    : 0.80 < quality < 0.90 :       238 elements
Info    : 0.90 < quality < 1.00 :        81 elements
Info    : 59 edge swaps, 0 node relocations (volume = 2.46683e+07): worst = 0.28696 / average = 0.623936 (Wall 0.000884495s, CPU 0.000883s)
Info    : No ill-shaped tets in the mesh :-)
Info    : 0.00 < quality < 0.10 :         0 elements
Info    : 0.10 < quality < 0.20 :         0 elements
Info    : 0.20 < quality < 0.30 :         1 elements
Info    : 0.30 < quality < 0.40 :       133 elements
Info    : 0.40 < quality < 0.50 :       331 elements
Info    : 0.50 < quality < 0.60 :       515 elements
Info    : 0.60 < quality < 0.70 :       359 elements
Info    : 0.70 < quality < 0.80 :       351 elements
Info    : 0.80 < quality < 0.90 :       235 elements
Info    : 0.90 < quality < 1.00 :        80 elements
Info    : Optimizing volume 28
Info    : Optimization starts (volume = 49336.6) with worst = 0.00115275 / average = 0.0341367:
Info    : 0.00 < quality < 0.10 :      2457 elements
Info    : 0.10 < quality < 0.20 :       155 elements
Info    : 0.20 < quality < 0.30 :         2 elements
Info    : 0.30 < quality < 0.40 :         0 elements
Info    : 0.40 < quality < 0.50 :         0 elements
Info    : 0.50 < quality < 0.60 :         0 elements
Info    : 0.60 < quality < 0.70 :         0 elements
Info    : 0.70 < quality < 0.80 :         0 elements
Info    : 0.80 < quality < 0.90 :         0 elements
Info    : 0.90 < quality < 1.00 :         0 elements
Info    : 405 edge swaps, 0 node relocations (volume = 49336.6): worst = 0.00115275 / average = 0.0330644 (Wall 0.012778s, CPU 0.012775s)
Info    : 418 edge swaps, 0 node relocations (volume = 49336.6): worst = 0.00115275 / average = 0.0331144 (Wall 0.0294489s, CPU 0.029444s)
Info    : No ill-shaped tets in the mesh :-)
Info    : 0.00 < quality < 0.10 :      2276 elements
Info    : 0.10 < quality < 0.20 :       122 elements
Info    : 0.20 < quality < 0.30 :         0 elements
Info    : 0.30 < quality < 0.40 :         0 elements
Info    : 0.40 < quality < 0.50 :         0 elements
Info    : 0.50 < quality < 0.60 :         0 elements
Info    : 0.60 < quality < 0.70 :         0 elements
Info    : 0.70 < quality < 0.80 :         0 elements
Info    : 0.80 < quality < 0.90 :         0 elements
Info    : 0.90 < quality < 1.00 :         0 elements
Info    : Optimizing volume 29
Info    : Optimization starts (volume = 1.92727e+06) with worst = 0.000191387 / average = 0.447908:
Info    : 0.00 < quality < 0.10 :       526 elements
Info    : 0.10 < quality < 0.20 :      2258 elements
Info    : 0.20 < quality < 0.30 :      1591 elements
Info    : 0.30 < quality < 0.40 :      1822 elements
Info    : 0.40 < quality < 0.50 :      1929 elements
Info    : 0.50 < quality < 0.60 :      1969 elements
Info    : 0.60 < quality < 0.70 :      1356 elements
Info    : 0.70 < quality < 0.80 :      1127 elements
Info    : 0.80 < quality < 0.90 :       922 elements
Info    : 0.90 < quality < 1.00 :       369 elements
Info    : 806 edge swaps, 35 node relocations (volume = 1.92727e+06): worst = 0.00128726 / average = 0.461656 (Wall 0.0408341s, CPU 0.04083s)
Info    : 880 edge swaps, 41 node relocations (volume = 1.92727e+06): worst = 0.00128726 / average = 0.462309 (Wall 0.0754549s, CPU 0.075446s)
Info    : No ill-shaped tets in the mesh :-)
Info    : 0.00 < quality < 0.10 :       302 elements
Info    : 0.10 < quality < 0.20 :      2025 elements
Info    : 0.20 < quality < 0.30 :      1357 elements
Info    : 0.30 < quality < 0.40 :      1831 elements
Info    : 0.40 < quality < 0.50 :      1886 elements
Info    : 0.50 < quality < 0.60 :      1951 elements
Info    : 0.60 < quality < 0.70 :      1406 elements
Info    : 0.70 < quality < 0.80 :      1133 elements
Info    : 0.80 < quality < 0.90 :       913 elements
Info    : 0.90 < quality < 1.00 :       361 elements
Info    : Optimizing volume 30
Info    : Optimization starts (volume = 462530) with worst = 0.0493935 / average = 0.504275:
Info    : 0.00 < quality < 0.10 :        29 elements
Info    : 0.10 < quality < 0.20 :       212 elements
Info    : 0.20 < quality < 0.30 :       447 elements
Info    : 0.30 < quality < 0.40 :       462 elements
Info    : 0.40 < quality < 0.50 :       559 elements
Info    : 0.50 < quality < 0.60 :       755 elements
Info    : 0.60 < quality < 0.70 :       784 elements
Info    : 0.70 < quality < 0.80 :       485 elements
Info    : 0.80 < quality < 0.90 :        97 elements
Info    : 0.90 < quality < 1.00 :         5 elements
Info    : 174 edge swaps, 0 node relocations (volume = 462530): worst = 0.0580586 / average = 0.513928 (Wall 0.00476101s, CPU 0.004761s)
Info    : 184 edge swaps, 0 node relocations (volume = 462530): worst = 0.0580586 / average = 0.514187 (Wall 0.00868388s, CPU 0.008682s)
Info    : No ill-shaped tets in the mesh :-)
Info    : 0.00 < quality < 0.10 :         7 elements
Info    : 0.10 < quality < 0.20 :       146 elements
Info    : 0.20 < quality < 0.30 :       392 elements
Info    : 0.30 < quality < 0.40 :       498 elements
Info    : 0.40 < quality < 0.50 :       528 elements
Info    : 0.50 < quality < 0.60 :       751 elements
Info    : 0.60 < quality < 0.70 :       774 elements
Info    : 0.70 < quality < 0.80 :       491 elements
Info    : 0.80 < quality < 0.90 :        98 elements
Info    : 0.90 < quality < 1.00 :         5 elements
Info    : Optimizing volume 31
Info    : Optimization starts (volume = 2.22015e+07) with worst = 0.0819629 / average = 0.60578:
Info    : 0.00 < quality < 0.10 :         4 elements
Info    : 0.10 < quality < 0.20 :        23 elements
Info    : 0.20 < quality < 0.30 :        45 elements
Info    : 0.30 < quality < 0.40 :       129 elements
Info    : 0.40 < quality < 0.50 :       427 elements
Info    : 0.50 < quality < 0.60 :       617 elements
Info    : 0.60 < quality < 0.70 :       490 elements
Info    : 0.70 < quality < 0.80 :       406 elements
Info    : 0.80 < quality < 0.90 :       218 elements
Info    : 0.90 < quality < 1.00 :        90 elements
Info    : 68 edge swaps, 2 node relocations (volume = 2.22015e+07): worst = 0.270516 / average = 0.618634 (Wall 0.000941904s, CPU 0.000941s)
Info    : 70 edge swaps, 2 node relocations (volume = 2.22015e+07): worst = 0.300991 / average = 0.618177 (Wall 0.0011015s, CPU 0.001103s)
Info    : No ill-shaped tets in the mesh :-)
Info    : 0.00 < quality < 0.10 :         0 elements
Info    : 0.10 < quality < 0.20 :         0 elements
Info    : 0.20 < quality < 0.30 :         0 elements
Info    : 0.30 < quality < 0.40 :       133 elements
Info    : 0.40 < quality < 0.50 :       417 elements
Info    : 0.50 < quality < 0.60 :       628 elements
Info    : 0.60 < quality < 0.70 :       505 elements
Info    : 0.70 < quality < 0.80 :       402 elements
Info    : 0.80 < quality < 0.90 :       216 elements
Info    : 0.90 < quality < 1.00 :        91 elements
Info    : Optimizing volume 32
Info    : Optimization starts (volume = 5.24445e+07) with worst = 0.00786156 / average = 0.560871:
Info    : 0.00 < quality < 0.10 :       116 elements
Info    : 0.10 < quality < 0.20 :        40 elements
Info    : 0.20 < quality < 0.30 :        58 elements
Info    : 0.30 < quality < 0.40 :        92 elements
Info    : 0.40 < quality < 0.50 :       160 elements
Info    : 0.50 < quality < 0.60 :       156 elements
Info    : 0.60 < quality < 0.70 :       384 elements
Info    : 0.70 < quality < 0.80 :       308 elements
Info    : 0.80 < quality < 0.90 :       101 elements
Info    : 0.90 < quality < 1.00 :        39 elements
Info    : 49 edge swaps, 0 node relocations (volume = 5.24445e+07): worst = 0.00786156 / average = 0.575158 (Wall 0.00224856s, CPU 0.002247s)
Info    : No ill-shaped tets in the mesh :-)
Info    : 0.00 < quality < 0.10 :       113 elements
Info    : 0.10 < quality < 0.20 :        31 elements
Info    : 0.20 < quality < 0.30 :        21 elements
Info    : 0.30 < quality < 0.40 :       100 elements
Info    : 0.40 < quality < 0.50 :       138 elements
Info    : 0.50 < quality < 0.60 :       163 elements
Info    : 0.60 < quality < 0.70 :       389 elements
Info    : 0.70 < quality < 0.80 :       300 elements
Info    : 0.80 < quality < 0.90 :       106 elements
Info    : 0.90 < quality < 1.00 :        46 elements
Info    : Done optimizing mesh (Wall 0.202489s, CPU 0.199097s)
Info    : 5330 nodes 42444 elements
Info    : Writing '/foss/designs/inductor_synth/palace_model/inductor3_N2_do110.59_w6_s3_data/inductor3_N2_do110.59_w6_s3.msh'...
Info    : Done writing '/foss/designs/inductor_synth/palace_model/inductor3_N2_do110.59_w6_s3_data/inductor3_N2_do110.59_w6_s3.msh'
Info    : Clearing all models and views...
Info    : Done clearing all models and views
>> /usr/bin/mpirun -n 1 /foss/tools/bin/palace-x86_64.bin config.json

_____________     _______
_____   __   \____ __   /____ ____________
____   /_/  /  __ ` /  /  __ ` /  ___/  _ \
___   _____/  /_/  /  /  /_/  /  /__/  ___/
  /__/     \___,__/__/\___,__/\_____\_____/

Git changeset ID: v0.17.0-227-gc531cf3e
Running with 1 MPI process
Device configuration: cpu
Memory configuration: host-std
libCEED backend: /cpu/self/xsmm/blocked

Added 4812 boundary elements for material interfaces to the mesh

Characteristic length and time scales:
 Lc = 4.999e-04 m, tc = 1.667e-03 ns
Finished partitioning mesh into 1 subdomain

Mesh curvature order: 1
Mesh bounding box:
 (Xmin, Ymin, Zmin) = (-2.256e-04, -2.256e-04, -5.000e-05) m
 (Xmax, Ymax, Zmax) = (+2.256e-04, +2.256e-04, +4.499e-04) m

Parallel Mesh Stats:

                minimum     average     maximum       total
 vertices          5296        5296        5296        5296
 edges            33101       33101       33101       33101
 faces            53092       53092       53092       53092
 elements         25281       25281       25281       25281
 neighbors            0           0           0

            minimum     maximum
 h       0.00184956    0.220386
 kappa      1.07143     374.494

Estimated current per-rank memory usage is: Min. 49.2M, Max. 49.2M, Avg. 49.2M, Total 49.2M
Estimated current per-node memory usage is: Min. 49.2M, Max. 49.2M, Avg. 49.2M, Total 49.2M

Configuring Robin absorbing BC (order 2) at attributes:
 23

Configuring Robin finite conductivity BC at attributes:
 2: σ = 2.164e+07 S/m, h = 4.200e-07 m, n = (+0.0,+0.0,+1.0)
 3: σ = 2.164e+07 S/m, h = 4.200e-07 m, n = (+0.7,+0.7,+0.0)
 4: σ = 2.780e+07 S/m, h = 2.000e-06 m, n = (+0.0,+0.0,-1.0)
 5: σ = 2.780e+07 S/m, h = 2.000e-06 m, n = (+1.0,-0.1,+0.0)
 6: σ = 2.780e+07 S/m, h = 2.000e-06 m, n = (+0.0,+0.0,-1.0)
 7: σ = 2.780e+07 S/m, h = 2.000e-06 m, n = (+1.0,-0.1,+0.0)
 8: σ = 2.780e+07 S/m, h = 2.000e-06 m, n = (+0.0,+0.0,+1.0)
 9: σ = 2.780e+07 S/m, h = 2.000e-06 m, n = (+0.5,+0.9,-0.0)
 10: σ = 3.030e+07 S/m, h = 3.000e-06 m, n = (+0.0,+0.0,+1.0)
 11: σ = 3.030e+07 S/m, h = 3.000e-06 m, n = (+1.0,+0.3,+0.0)
 12: σ = 3.030e+07 S/m, h = 3.000e-06 m, n = (+0.0,+0.0,+1.0)
 13: σ = 3.030e+07 S/m, h = 3.000e-06 m, n = (+1.0,-0.3,-0.0)

Configuring Robin impedance BC for lumped ports at attributes:
 20: Rs = 3.018e+01 Ω/sq, n = (+0.0,+1.0,+0.0)
 21: Rs = 3.018e+01 Ω/sq, n = (+0.0,+1.0,+0.0)
 22: Rs = 1.535e+01 Ω/sq, n = (-0.0,+1.0,+0.0)

Configuring lumped port circuit properties:
 Index = 1: R = 5.000e+01 Ω
 Index = 2: R = 5.000e+01 Ω
 Index = 3: R = 5.000e+01 Ω

Configuring lumped port excitation source term at attributes:
 20: Index = 1
 21: Index = 2
 22: Index = 3

Computing adaptive fast frequency response for:
Excitation 1/3 with index 1 has contributions from:
 Lumped port  1
Excitation 2/3 with index 2 has contributions from:
 Lumped port  2
Excitation 3/3 with index 3 has contributions from:
 Lumped port  3

Beginning PROM construction offline phase:
 82 points for frequency sweep over [1.000e-02, 4.000e+01] GHz

Assembling system matrices, number of global unknowns:
 H1 (p = 2): 38397, ND (p = 2): 172386, RT (p = 2): 235119
 Operator assembly level: Partial
 Mesh geometries:
  Tetrahedron: P = 20, Q = 14 (quadrature order = 4)
 SuperLUSolver: Using 2D processor grid 1 x 1

Adding excitation index 1 (1/3):

Assembling multigrid hierarchy:
 Level 0 (p = 1): 33101 unknowns
 Level 1 (p = 2): 172386 unknowns
 Level 0 (auxiliary) (p = 1): 5296 unknowns
 Level 1 (auxiliary) (p = 2): 38397 unknowns

  Residual norms for GMRES solve

** Memory Usage **********************************
** Total highmark (MB):
    Sum-of-all :   183.28 | Avg :   183.28  | Max :   183.28
    Max at rank 0, different stages (MB):
	. symbfact           16.19
	. distribution      183.28
	. numfact           136.73
** NUMfact space (MB): (sum-of-all-processes)
    L\U :           86.26 |  Total :   136.73
	. max at rank 0, max L+U memory (MB):    86.26
	. max at rank 0, peak buffer (MB):       50.47
**************************************************

** number of Tiny Pivots:        0

  0 (restart 0) KSP residual norm 1.688592e+01
  1 (restart 0) KSP residual norm 1.843037e+00
  2 (restart 0) KSP residual norm 3.778784e-01
  3 (restart 0) KSP residual norm 1.700881e-01
  4 (restart 0) KSP residual norm 1.313312e-01
  5 (restart 0) KSP residual norm 6.782475e-02
  6 (restart 0) KSP residual norm 3.563600e-02
  7 (restart 0) KSP residual norm 2.867150e-02
  8 (restart 0) KSP residual norm 1.675107e-02
  9 (restart 0) KSP residual norm 1.244584e-02
 10 (restart 0) KSP residual norm 9.205479e-03
 11 (restart 0) KSP residual norm 6.137720e-03
 12 (restart 0) KSP residual norm 5.032068e-03
 13 (restart 0) KSP residual norm 3.437101e-03
 14 (restart 0) KSP residual norm 2.571782e-03
 15 (restart 0) KSP residual norm 1.996317e-03
 16 (restart 0) KSP residual norm 1.496713e-03
 17 (restart 0) KSP residual norm 1.251695e-03
 18 (restart 0) KSP residual norm 9.943634e-04
 19 (restart 0) KSP residual norm 8.002868e-04
 20 (restart 0) KSP residual norm 6.148906e-04
 21 (restart 0) KSP residual norm 4.845974e-04
 22 (restart 0) KSP residual norm 3.859601e-04
 23 (restart 0) KSP residual norm 3.076168e-04
 24 (restart 0) KSP residual norm 2.426500e-04
 25 (restart 0) KSP residual norm 1.902163e-04
 26 (restart 0) KSP residual norm 1.492269e-04
 27 (restart 0) KSP residual norm 1.203979e-04
 28 (restart 0) KSP residual norm 9.608143e-05
 29 (restart 0) KSP residual norm 7.880323e-05
 30 (restart 0) KSP residual norm 6.314855e-05
 31 (restart 0) KSP residual norm 5.121578e-05
 32 (restart 0) KSP residual norm 4.036660e-05
 33 (restart 0) KSP residual norm 3.319426e-05
 34 (restart 0) KSP residual norm 2.641992e-05
 35 (restart 0) KSP residual norm 2.198780e-05
 36 (restart 0) KSP residual norm 1.803764e-05
 37 (restart 0) KSP residual norm 1.502565e-05
GMRES solver converged in 37 iterations (avg. reduction factor: 6.862e-01)
 Field energy E (4.105e-13 J) + H (7.481e-12 J) = 7.892e-12 J

  Residual norms for GMRES solve

** Memory Usage **********************************
** Total highmark (MB):
    Sum-of-all :   154.07 | Avg :   154.07  | Max :   154.07
    Max at rank 0, different stages (MB):
	. symbfact            0.00
	. distribution      154.07
	. numfact           136.73
** NUMfact space (MB): (sum-of-all-processes)
    L\U :           86.26 |  Total :   136.73
	. max at rank 0, max L+U memory (MB):    86.26
	. max at rank 0, peak buffer (MB):       50.47
**************************************************

** number of Tiny Pivots:        0

  0 (restart 0) KSP residual norm 3.657776e+01
  1 (restart 0) KSP residual norm 7.311456e+00
  2 (restart 0) KSP residual norm 4.059379e+00
  3 (restart 0) KSP residual norm 1.300866e+00
  4 (restart 0) KSP residual norm 8.272779e-01
  5 (restart 0) KSP residual norm 5.227797e-01
  6 (restart 0) KSP residual norm 2.812033e-01
  7 (restart 0) KSP residual norm 2.012068e-01
  8 (restart 0) KSP residual norm 9.271763e-02
  9 (restart 0) KSP residual norm 7.194003e-02
 10 (restart 0) KSP residual norm 4.762564e-02
 11 (restart 0) KSP residual norm 3.020119e-02
 12 (restart 0) KSP residual norm 2.441743e-02
 13 (restart 0) KSP residual norm 1.750017e-02
 14 (restart 0) KSP residual norm 1.139378e-02
 15 (restart 0) KSP residual norm 8.246940e-03
 16 (restart 0) KSP residual norm 6.259521e-03
 17 (restart 0) KSP residual norm 4.412909e-03
 18 (restart 0) KSP residual norm 3.375343e-03
 19 (restart 0) KSP residual norm 2.466855e-03
 20 (restart 0) KSP residual norm 1.953355e-03
 21 (restart 0) KSP residual norm 1.444511e-03
 22 (restart 0) KSP residual norm 1.136924e-03
 23 (restart 0) KSP residual norm 8.801629e-04
 24 (restart 0) KSP residual norm 6.892111e-04
 25 (restart 0) KSP residual norm 5.478699e-04
 26 (restart 0) KSP residual norm 4.428243e-04
 27 (restart 0) KSP residual norm 3.588782e-04
 28 (restart 0) KSP residual norm 2.926382e-04
 29 (restart 0) KSP residual norm 2.426346e-04
 30 (restart 0) KSP residual norm 1.955112e-04
 31 (restart 0) KSP residual norm 1.639455e-04
 32 (restart 0) KSP residual norm 1.375234e-04
 33 (restart 0) KSP residual norm 1.207905e-04
 34 (restart 0) KSP residual norm 1.058847e-04
 35 (restart 0) KSP residual norm 9.411762e-05
 36 (restart 0) KSP residual norm 8.237829e-05
 37 (restart 0) KSP residual norm 7.066226e-05
 38 (restart 0) KSP residual norm 6.039511e-05
 39 (restart 0) KSP residual norm 5.090597e-05
 40 (restart 0) KSP residual norm 4.232833e-05
 41 (restart 0) KSP residual norm 3.545429e-05
GMRES solver converged in 41 iterations (avg. reduction factor: 7.134e-01)
 Field energy E (1.477e-12 J) + H (2.168e-12 J) = 3.645e-12 J

  Residual norms for GMRES solve

** Memory Usage **********************************
** Total highmark (MB):
    Sum-of-all :   154.07 | Avg :   154.07  | Max :   154.07
    Max at rank 0, different stages (MB):
	. symbfact            0.00
	. distribution      154.07
	. numfact           136.73
** NUMfact space (MB): (sum-of-all-processes)
    L\U :           86.26 |  Total :   136.73
	. max at rank 0, max L+U memory (MB):    86.26
	. max at rank 0, peak buffer (MB):       50.47
**************************************************

** number of Tiny Pivots:        0

  0 (restart 0) KSP residual norm 2.697531e+01
  1 (restart 0) KSP residual norm 9.216482e+00
  2 (restart 0) KSP residual norm 3.587570e+00
  3 (restart 0) KSP residual norm 1.022391e+00
  4 (restart 0) KSP residual norm 4.566482e-01
  5 (restart 0) KSP residual norm 3.609865e-01
  6 (restart 0) KSP residual norm 1.718156e-01
  7 (restart 0) KSP residual norm 1.327214e-01
  8 (restart 0) KSP residual norm 7.180119e-02
  9 (restart 0) KSP residual norm 4.229646e-02
 10 (restart 0) KSP residual norm 2.802718e-02
 11 (restart 0) KSP residual norm 2.151042e-02
 12 (restart 0) KSP residual norm 1.557306e-02
 13 (restart 0) KSP residual norm 1.085997e-02
 14 (restart 0) KSP residual norm 7.774538e-03
 15 (restart 0) KSP residual norm 6.044116e-03
 16 (restart 0) KSP residual norm 4.741428e-03
 17 (restart 0) KSP residual norm 3.800612e-03
 18 (restart 0) KSP residual norm 2.841944e-03
 19 (restart 0) KSP residual norm 2.154925e-03
 20 (restart 0) KSP residual norm 1.731703e-03
 21 (restart 0) KSP residual norm 1.345200e-03
 22 (restart 0) KSP residual norm 1.103525e-03
 23 (restart 0) KSP residual norm 8.595820e-04
 24 (restart 0) KSP residual norm 6.781663e-04
 25 (restart 0) KSP residual norm 5.199393e-04
 26 (restart 0) KSP residual norm 4.241442e-04
 27 (restart 0) KSP residual norm 3.365721e-04
 28 (restart 0) KSP residual norm 2.725493e-04
 29 (restart 0) KSP residual norm 2.170174e-04
 30 (restart 0) KSP residual norm 1.754518e-04
 31 (restart 0) KSP residual norm 1.434595e-04
 32 (restart 0) KSP residual norm 1.168803e-04
 33 (restart 0) KSP residual norm 9.509551e-05
 34 (restart 0) KSP residual norm 7.831353e-05
 35 (restart 0) KSP residual norm 6.630380e-05
 36 (restart 0) KSP residual norm 5.553777e-05
 37 (restart 0) KSP residual norm 4.653145e-05
 38 (restart 0) KSP residual norm 3.885511e-05
 39 (restart 0) KSP residual norm 3.340284e-05
 40 (restart 0) KSP residual norm 2.925771e-05
 41 (restart 0) KSP residual norm 2.592525e-05
GMRES solver converged in 41 iterations (avg. reduction factor: 7.132e-01)

Greedy iteration 1 (n = 4): ω* = 2.810e+01 GHz (2.944e-01), error = 4.173e-02, memory = 0/2
 Field energy E (1.168e-12 J) + H (3.233e-12 J) = 4.401e-12 J

  Residual norms for GMRES solve

** Memory Usage **********************************
** Total highmark (MB):
    Sum-of-all :   154.07 | Avg :   154.07  | Max :   154.07
    Max at rank 0, different stages (MB):
	. symbfact            0.00
	. distribution      154.07
	. numfact           136.73
** NUMfact space (MB): (sum-of-all-processes)
    L\U :           86.26 |  Total :   136.73
	. max at rank 0, max L+U memory (MB):    86.26
	. max at rank 0, peak buffer (MB):       50.47
**************************************************

** number of Tiny Pivots:        0

  0 (restart 0) KSP residual norm 1.517014e+01
  1 (restart 0) KSP residual norm 8.831450e+00
  2 (restart 0) KSP residual norm 2.883696e+00
  3 (restart 0) KSP residual norm 1.136615e+00
  4 (restart 0) KSP residual norm 4.272827e-01
  5 (restart 0) KSP residual norm 2.165313e-01
  6 (restart 0) KSP residual norm 1.711287e-01
  7 (restart 0) KSP residual norm 9.909198e-02
  8 (restart 0) KSP residual norm 5.482197e-02
  9 (restart 0) KSP residual norm 3.963802e-02
 10 (restart 0) KSP residual norm 2.791481e-02
 11 (restart 0) KSP residual norm 1.814074e-02
 12 (restart 0) KSP residual norm 1.260372e-02
 13 (restart 0) KSP residual norm 9.703228e-03
 14 (restart 0) KSP residual norm 7.386760e-03
 15 (restart 0) KSP residual norm 5.894974e-03
 16 (restart 0) KSP residual norm 4.624951e-03
 17 (restart 0) KSP residual norm 3.517058e-03
 18 (restart 0) KSP residual norm 2.760420e-03
 19 (restart 0) KSP residual norm 2.188906e-03
 20 (restart 0) KSP residual norm 1.742958e-03
 21 (restart 0) KSP residual norm 1.385334e-03
 22 (restart 0) KSP residual norm 1.144174e-03
 23 (restart 0) KSP residual norm 9.167328e-04
 24 (restart 0) KSP residual norm 7.672464e-04
 25 (restart 0) KSP residual norm 6.565809e-04
 26 (restart 0) KSP residual norm 5.539348e-04
 27 (restart 0) KSP residual norm 4.681838e-04
 28 (restart 0) KSP residual norm 3.869109e-04
 29 (restart 0) KSP residual norm 3.168948e-04
 30 (restart 0) KSP residual norm 2.601213e-04
 31 (restart 0) KSP residual norm 2.183477e-04
 32 (restart 0) KSP residual norm 1.851904e-04
 33 (restart 0) KSP residual norm 1.501891e-04
 34 (restart 0) KSP residual norm 1.255735e-04
 35 (restart 0) KSP residual norm 1.070846e-04
 36 (restart 0) KSP residual norm 8.667085e-05
 37 (restart 0) KSP residual norm 7.547199e-05
 38 (restart 0) KSP residual norm 6.395992e-05
 39 (restart 0) KSP residual norm 5.334370e-05
 40 (restart 0) KSP residual norm 4.584490e-05
 41 (restart 0) KSP residual norm 3.846077e-05
 42 (restart 0) KSP residual norm 3.173330e-05
 43 (restart 0) KSP residual norm 2.677882e-05
 44 (restart 0) KSP residual norm 2.265852e-05
 45 (restart 0) KSP residual norm 1.917235e-05
 46 (restart 0) KSP residual norm 1.641285e-05
 47 (restart 0) KSP residual norm 1.395183e-05
GMRES solver converged in 47 iterations (avg. reduction factor: 7.440e-01)

Greedy iteration 2 (n = 6): ω* = 9.347e+00 GHz (9.793e-02), error = 2.042e-01, memory = 0/2
 Field energy E (4.521e-13 J) + H (6.032e-12 J) = 6.484e-12 J

  Residual norms for GMRES solve

** Memory Usage **********************************
** Total highmark (MB):
    Sum-of-all :   154.07 | Avg :   154.07  | Max :   154.07
    Max at rank 0, different stages (MB):
	. symbfact            0.00
	. distribution      154.07
	. numfact           136.73
** NUMfact space (MB): (sum-of-all-processes)
    L\U :           86.26 |  Total :   136.73
	. max at rank 0, max L+U memory (MB):    86.26
	. max at rank 0, peak buffer (MB):       50.47
**************************************************

** number of Tiny Pivots:        0

  0 (restart 0) KSP residual norm 2.062524e+01
  1 (restart 0) KSP residual norm 9.821907e+00
  2 (restart 0) KSP residual norm 2.861194e+00
  3 (restart 0) KSP residual norm 7.844821e-01
  4 (restart 0) KSP residual norm 3.288128e-01
  5 (restart 0) KSP residual norm 2.530142e-01
  6 (restart 0) KSP residual norm 1.208764e-01
  7 (restart 0) KSP residual norm 6.527779e-02
  8 (restart 0) KSP residual norm 4.796662e-02
  9 (restart 0) KSP residual norm 3.114604e-02
 10 (restart 0) KSP residual norm 2.311206e-02
 11 (restart 0) KSP residual norm 1.544832e-02
 12 (restart 0) KSP residual norm 1.053041e-02
 13 (restart 0) KSP residual norm 7.938812e-03
 14 (restart 0) KSP residual norm 6.005124e-03
 15 (restart 0) KSP residual norm 4.676792e-03
 16 (restart 0) KSP residual norm 3.630455e-03
 17 (restart 0) KSP residual norm 2.711723e-03
 18 (restart 0) KSP residual norm 2.056433e-03
 19 (restart 0) KSP residual norm 1.511154e-03
 20 (restart 0) KSP residual norm 1.204083e-03
 21 (restart 0) KSP residual norm 9.774972e-04
 22 (restart 0) KSP residual norm 7.948393e-04
 23 (restart 0) KSP residual norm 6.824249e-04
 24 (restart 0) KSP residual norm 5.442257e-04
 25 (restart 0) KSP residual norm 4.348470e-04
 26 (restart 0) KSP residual norm 3.583594e-04
 27 (restart 0) KSP residual norm 3.056930e-04
 28 (restart 0) KSP residual norm 2.593341e-04
 29 (restart 0) KSP residual norm 2.099607e-04
 30 (restart 0) KSP residual norm 1.723158e-04
 31 (restart 0) KSP residual norm 1.380045e-04
 32 (restart 0) KSP residual norm 1.093552e-04
 33 (restart 0) KSP residual norm 9.036099e-05
 34 (restart 0) KSP residual norm 7.451718e-05
 35 (restart 0) KSP residual norm 6.185054e-05
 36 (restart 0) KSP residual norm 5.063042e-05
 37 (restart 0) KSP residual norm 4.034497e-05
 38 (restart 0) KSP residual norm 3.317174e-05
 39 (restart 0) KSP residual norm 2.718610e-05
 40 (restart 0) KSP residual norm 2.248040e-05
 41 (restart 0) KSP residual norm 1.879257e-05
GMRES solver converged in 41 iterations (avg. reduction factor: 7.123e-01)

Greedy iteration 3 (n = 8): ω* = 1.807e+01 GHz (1.894e-01), error = 1.811e-03, memory = 1/2
 Field energy E (7.996e-13 J) + H (4.612e-12 J) = 5.411e-12 J

  Residual norms for GMRES solve

** Memory Usage **********************************
** Total highmark (MB):
    Sum-of-all :   154.07 | Avg :   154.07  | Max :   154.07
    Max at rank 0, different stages (MB):
	. symbfact            0.00
	. distribution      154.07
	. numfact           136.73
** NUMfact space (MB): (sum-of-all-processes)
    L\U :           86.26 |  Total :   136.73
	. max at rank 0, max L+U memory (MB):    86.26
	. max at rank 0, peak buffer (MB):       50.47
**************************************************

** number of Tiny Pivots:        0

  0 (restart 0) KSP residual norm 1.449636e+02
  1 (restart 0) KSP residual norm 1.231246e+02
  2 (restart 0) KSP residual norm 7.761466e+01
  3 (restart 0) KSP residual norm 6.498238e+01
  4 (restart 0) KSP residual norm 5.855614e+01
  5 (restart 0) KSP residual norm 4.202114e+01
  6 (restart 0) KSP residual norm 4.195109e+01
  7 (restart 0) KSP residual norm 3.228020e+01
  8 (restart 0) KSP residual norm 3.095898e+01
  9 (restart 0) KSP residual norm 1.803697e+01
 10 (restart 0) KSP residual norm 1.696730e+01
 11 (restart 0) KSP residual norm 1.410849e+01
 12 (restart 0) KSP residual norm 1.320899e+01
 13 (restart 0) KSP residual norm 1.226501e+01
 14 (restart 0) KSP residual norm 1.107692e+01
 15 (restart 0) KSP residual norm 1.096744e+01
 16 (restart 0) KSP residual norm 1.056670e+01
 17 (restart 0) KSP residual norm 9.716709e+00
 18 (restart 0) KSP residual norm 9.615483e+00
 19 (restart 0) KSP residual norm 8.521373e+00
 20 (restart 0) KSP residual norm 8.399745e+00
 21 (restart 0) KSP residual norm 7.176364e+00
 22 (restart 0) KSP residual norm 7.068020e+00
 23 (restart 0) KSP residual norm 5.829595e+00
 24 (restart 0) KSP residual norm 5.756540e+00
 25 (restart 0) KSP residual norm 5.094057e+00
 26 (restart 0) KSP residual norm 4.888566e+00
 27 (restart 0) KSP residual norm 4.554087e+00
 28 (restart 0) KSP residual norm 4.427033e+00
 29 (restart 0) KSP residual norm 3.974324e+00
 30 (restart 0) KSP residual norm 3.794990e+00
 31 (restart 0) KSP residual norm 3.407290e+00
 32 (restart 0) KSP residual norm 3.309466e+00
 33 (restart 0) KSP residual norm 2.881992e+00
 34 (restart 0) KSP residual norm 2.752272e+00
 35 (restart 0) KSP residual norm 2.329623e+00
 36 (restart 0) KSP residual norm 2.280225e+00
 37 (restart 0) KSP residual norm 1.776297e+00
 38 (restart 0) KSP residual norm 1.712883e+00
 39 (restart 0) KSP residual norm 1.390650e+00
 40 (restart 0) KSP residual norm 1.268404e+00
 41 (restart 0) KSP residual norm 1.133831e+00
 42 (restart 0) KSP residual norm 9.069602e-01
 43 (restart 0) KSP residual norm 8.813556e-01
 44 (restart 0) KSP residual norm 7.207933e-01
 45 (restart 0) KSP residual norm 6.514245e-01
 46 (restart 0) KSP residual norm 6.130323e-01
 47 (restart 0) KSP residual norm 5.492383e-01
 48 (restart 0) KSP residual norm 5.076333e-01
 49 (restart 0) KSP residual norm 4.538905e-01
 50 (restart 0) KSP residual norm 4.203818e-01
 51 (restart 0) KSP residual norm 3.692821e-01
 52 (restart 0) KSP residual norm 3.551999e-01
 53 (restart 0) KSP residual norm 2.999454e-01
 54 (restart 0) KSP residual norm 2.669272e-01
 55 (restart 0) KSP residual norm 2.521219e-01
 56 (restart 0) KSP residual norm 2.194018e-01
 57 (restart 0) KSP residual norm 2.047608e-01
 58 (restart 0) KSP residual norm 1.866455e-01
 59 (restart 0) KSP residual norm 1.703845e-01
 60 (restart 0) KSP residual norm 1.577958e-01
 61 (restart 0) KSP residual norm 1.415264e-01
 62 (restart 0) KSP residual norm 1.324780e-01
 63 (restart 0) KSP residual norm 1.184853e-01
 64 (restart 0) KSP residual norm 1.100295e-01
 65 (restart 0) KSP residual norm 1.004413e-01
 66 (restart 0) KSP residual norm 9.171345e-02
 67 (restart 0) KSP residual norm 8.469530e-02
 68 (restart 0) KSP residual norm 7.640720e-02
 69 (restart 0) KSP residual norm 7.064485e-02
 70 (restart 0) KSP residual norm 6.188847e-02
 71 (restart 0) KSP residual norm 5.553971e-02
 72 (restart 0) KSP residual norm 5.140966e-02
 73 (restart 0) KSP residual norm 4.537548e-02
 74 (restart 0) KSP residual norm 4.117921e-02
 75 (restart 0) KSP residual norm 3.765730e-02
 76 (restart 0) KSP residual norm 3.398112e-02
 77 (restart 0) KSP residual norm 3.095071e-02
 78 (restart 0) KSP residual norm 2.741509e-02
 79 (restart 0) KSP residual norm 2.548133e-02
 80 (restart 0) KSP residual norm 2.267808e-02
 81 (restart 0) KSP residual norm 2.010255e-02
 82 (restart 0) KSP residual norm 1.864127e-02
 83 (restart 0) KSP residual norm 1.656755e-02
 84 (restart 0) KSP residual norm 1.525555e-02
 85 (restart 0) KSP residual norm 1.375272e-02
 86 (restart 0) KSP residual norm 1.278937e-02
 87 (restart 0) KSP residual norm 1.179155e-02
 88 (restart 0) KSP residual norm 1.049053e-02
 89 (restart 0) KSP residual norm 9.518686e-03
 90 (restart 0) KSP residual norm 8.787171e-03
 91 (restart 0) KSP residual norm 8.035676e-03
 92 (restart 0) KSP residual norm 7.303127e-03
 93 (restart 0) KSP residual norm 6.747252e-03
 94 (restart 0) KSP residual norm 6.236306e-03
 95 (restart 0) KSP residual norm 5.742904e-03
 96 (restart 0) KSP residual norm 5.280264e-03
 97 (restart 0) KSP residual norm 4.888571e-03
 98 (restart 0) KSP residual norm 4.500568e-03
 99 (restart 0) KSP residual norm 4.103707e-03
100 (restart 0) KSP residual norm 3.758677e-03
101 (restart 0) KSP residual norm 3.422711e-03
102 (restart 0) KSP residual norm 3.075850e-03
103 (restart 0) KSP residual norm 2.809878e-03
104 (restart 0) KSP residual norm 2.571621e-03
105 (restart 0) KSP residual norm 2.408476e-03
106 (restart 0) KSP residual norm 2.195609e-03
107 (restart 0) KSP residual norm 1.988528e-03
108 (restart 0) KSP residual norm 1.810291e-03
109 (restart 0) KSP residual norm 1.633551e-03
110 (restart 0) KSP residual norm 1.491395e-03
111 (restart 0) KSP residual norm 1.367052e-03
112 (restart 0) KSP residual norm 1.254515e-03
113 (restart 0) KSP residual norm 1.159179e-03
114 (restart 0) KSP residual norm 1.060725e-03
115 (restart 0) KSP residual norm 9.628934e-04
116 (restart 0) KSP residual norm 8.806289e-04
117 (restart 0) KSP residual norm 8.085817e-04
118 (restart 0) KSP residual norm 7.480303e-04
119 (restart 0) KSP residual norm 6.906893e-04
120 (restart 0) KSP residual norm 6.386964e-04
121 (restart 0) KSP residual norm 5.894398e-04
122 (restart 0) KSP residual norm 5.486647e-04
123 (restart 0) KSP residual norm 5.073854e-04
124 (restart 0) KSP residual norm 4.694070e-04
125 (restart 0) KSP residual norm 4.278350e-04
126 (restart 0) KSP residual norm 3.910051e-04
127 (restart 0) KSP residual norm 3.587760e-04
128 (restart 0) KSP residual norm 3.296904e-04
129 (restart 0) KSP residual norm 3.044704e-04
130 (restart 0) KSP residual norm 2.785188e-04
131 (restart 0) KSP residual norm 2.558692e-04
132 (restart 0) KSP residual norm 2.327784e-04
133 (restart 0) KSP residual norm 2.137344e-04
134 (restart 0) KSP residual norm 1.960102e-04
135 (restart 0) KSP residual norm 1.797046e-04
136 (restart 0) KSP residual norm 1.648543e-04
137 (restart 0) KSP residual norm 1.520326e-04
138 (restart 0) KSP residual norm 1.400029e-04
GMRES solver converged in 138 iterations (avg. reduction factor: 9.045e-01)

Greedy iteration 4 (n = 10): ω* = 1.967e+00 GHz (2.061e-02), error = 2.131e-02, memory = 0/2
 Field energy E (3.331e-13 J) + H (6.964e-12 J) = 7.297e-12 J

  Residual norms for GMRES solve

** Memory Usage **********************************
** Total highmark (MB):
    Sum-of-all :   154.07 | Avg :   154.07  | Max :   154.07
    Max at rank 0, different stages (MB):
	. symbfact            0.00
	. distribution      154.07
	. numfact           136.73
** NUMfact space (MB): (sum-of-all-processes)
    L\U :           86.26 |  Total :   136.73
	. max at rank 0, max L+U memory (MB):    86.26
	. max at rank 0, peak buffer (MB):       50.47
**************************************************

** number of Tiny Pivots:        0

  0 (restart 0) KSP residual norm 3.259436e+01
  1 (restart 0) KSP residual norm 8.105535e+00
  2 (restart 0) KSP residual norm 3.950552e+00
  3 (restart 0) KSP residual norm 1.192202e+00
  4 (restart 0) KSP residual norm 6.395767e-01
  5 (restart 0) KSP residual norm 4.660048e-01
  6 (restart 0) KSP residual norm 2.383292e-01
  7 (restart 0) KSP residual norm 1.797348e-01
  8 (restart 0) KSP residual norm 8.358325e-02
  9 (restart 0) KSP residual norm 5.588920e-02
 10 (restart 0) KSP residual norm 4.200394e-02
 11 (restart 0) KSP residual norm 2.584597e-02
 12 (restart 0) KSP residual norm 1.825263e-02
 13 (restart 0) KSP residual norm 1.452547e-02
 14 (restart 0) KSP residual norm 1.101165e-02
 15 (restart 0) KSP residual norm 7.420740e-03
 16 (restart 0) KSP residual norm 5.866268e-03
 17 (restart 0) KSP residual norm 4.201945e-03
 18 (restart 0) KSP residual norm 3.376595e-03
 19 (restart 0) KSP residual norm 2.461158e-03
 20 (restart 0) KSP residual norm 1.929329e-03
 21 (restart 0) KSP residual norm 1.450864e-03
 22 (restart 0) KSP residual norm 1.123444e-03
 23 (restart 0) KSP residual norm 8.665399e-04
 24 (restart 0) KSP residual norm 6.774695e-04
 25 (restart 0) KSP residual norm 5.361845e-04
 26 (restart 0) KSP residual norm 4.306091e-04
 27 (restart 0) KSP residual norm 3.516566e-04
 28 (restart 0) KSP residual norm 2.840752e-04
 29 (restart 0) KSP residual norm 2.294344e-04
 30 (restart 0) KSP residual norm 1.863399e-04
 31 (restart 0) KSP residual norm 1.500911e-04
 32 (restart 0) KSP residual norm 1.265269e-04
 33 (restart 0) KSP residual norm 1.071372e-04
 34 (restart 0) KSP residual norm 9.231475e-05
 35 (restart 0) KSP residual norm 8.032040e-05
 36 (restart 0) KSP residual norm 6.984699e-05
 37 (restart 0) KSP residual norm 6.104979e-05
 38 (restart 0) KSP residual norm 5.385903e-05
 39 (restart 0) KSP residual norm 4.682938e-05
 40 (restart 0) KSP residual norm 3.973879e-05
 41 (restart 0) KSP residual norm 3.373620e-05
 42 (restart 0) KSP residual norm 2.833194e-05
GMRES solver converged in 42 iterations (avg. reduction factor: 7.173e-01)

Greedy iteration 5 (n = 12): ω* = 3.559e+01 GHz (3.729e-01), error = 6.860e-05, memory = 1/2
 Field energy E (1.378e-12 J) + H (2.498e-12 J) = 3.875e-12 J

  Residual norms for GMRES solve

** Memory Usage **********************************
** Total highmark (MB):
    Sum-of-all :   154.07 | Avg :   154.07  | Max :   154.07
    Max at rank 0, different stages (MB):
	. symbfact            0.00
	. distribution      154.07
	. numfact           136.73
** NUMfact space (MB): (sum-of-all-processes)
    L\U :           86.26 |  Total :   136.73
	. max at rank 0, max L+U memory (MB):    86.26
	. max at rank 0, peak buffer (MB):       50.47
**************************************************

** number of Tiny Pivots:        0

  0 (restart 0) KSP residual norm 2.249491e+01
  1 (restart 0) KSP residual norm 2.161373e+01
  2 (restart 0) KSP residual norm 6.691176e+00
  3 (restart 0) KSP residual norm 6.261107e+00
  4 (restart 0) KSP residual norm 5.637225e+00
  5 (restart 0) KSP residual norm 4.311589e+00
  6 (restart 0) KSP residual norm 3.357346e+00
  7 (restart 0) KSP residual norm 2.890682e+00
  8 (restart 0) KSP residual norm 2.706836e+00
  9 (restart 0) KSP residual norm 2.387314e+00
 10 (restart 0) KSP residual norm 2.151772e+00
 11 (restart 0) KSP residual norm 1.494374e+00
 12 (restart 0) KSP residual norm 7.044251e-01
 13 (restart 0) KSP residual norm 6.358311e-01
 14 (restart 0) KSP residual norm 5.022438e-01
 15 (restart 0) KSP residual norm 4.325221e-01
 16 (restart 0) KSP residual norm 3.552807e-01
 17 (restart 0) KSP residual norm 2.830533e-01
 18 (restart 0) KSP residual norm 2.306730e-01
 19 (restart 0) KSP residual norm 1.744653e-01
 20 (restart 0) KSP residual norm 1.358820e-01
 21 (restart 0) KSP residual norm 9.445015e-02
 22 (restart 0) KSP residual norm 7.806968e-02
 23 (restart 0) KSP residual norm 6.022985e-02
 24 (restart 0) KSP residual norm 5.129578e-02
 25 (restart 0) KSP residual norm 4.313478e-02
 26 (restart 0) KSP residual norm 3.510729e-02
 27 (restart 0) KSP residual norm 2.757010e-02
 28 (restart 0) KSP residual norm 2.058966e-02
 29 (restart 0) KSP residual norm 1.777762e-02
 30 (restart 0) KSP residual norm 1.408299e-02
 31 (restart 0) KSP residual norm 1.126773e-02
 32 (restart 0) KSP residual norm 9.137132e-03
 33 (restart 0) KSP residual norm 7.278460e-03
 34 (restart 0) KSP residual norm 6.095396e-03
 35 (restart 0) KSP residual norm 4.927612e-03
 36 (restart 0) KSP residual norm 4.106326e-03
 37 (restart 0) KSP residual norm 3.372160e-03
 38 (restart 0) KSP residual norm 2.728908e-03
 39 (restart 0) KSP residual norm 2.285187e-03
 40 (restart 0) KSP residual norm 1.904634e-03
 41 (restart 0) KSP residual norm 1.587091e-03
 42 (restart 0) KSP residual norm 1.319648e-03
 43 (restart 0) KSP residual norm 1.130725e-03
 44 (restart 0) KSP residual norm 9.577548e-04
 45 (restart 0) KSP residual norm 8.004888e-04
 46 (restart 0) KSP residual norm 6.774018e-04
 47 (restart 0) KSP residual norm 5.629911e-04
 48 (restart 0) KSP residual norm 4.654971e-04
 49 (restart 0) KSP residual norm 3.876775e-04
 50 (restart 0) KSP residual norm 3.211500e-04
 51 (restart 0) KSP residual norm 2.663910e-04
 52 (restart 0) KSP residual norm 2.230608e-04
 53 (restart 0) KSP residual norm 1.883460e-04
 54 (restart 0) KSP residual norm 1.583533e-04
 55 (restart 0) KSP residual norm 1.327163e-04
 56 (restart 0) KSP residual norm 1.132808e-04
 57 (restart 0) KSP residual norm 9.664278e-05
 58 (restart 0) KSP residual norm 8.260020e-05
 59 (restart 0) KSP residual norm 6.967759e-05
 60 (restart 0) KSP residual norm 5.921413e-05
 61 (restart 0) KSP residual norm 4.996575e-05
 62 (restart 0) KSP residual norm 4.221938e-05
 63 (restart 0) KSP residual norm 3.553180e-05
 64 (restart 0) KSP residual norm 3.039504e-05
 65 (restart 0) KSP residual norm 2.568470e-05
 66 (restart 0) KSP residual norm 2.178603e-05
GMRES solver converged in 66 iterations (avg. reduction factor: 8.107e-01)

Greedy iteration 6 (n = 14): ω* = 7.013e-01 GHz (7.347e-03), error = 5.959e-03, memory = 2/2
 Field energy E (3.890e-13 J) + H (7.206e-12 J) = 7.595e-12 J

Adaptive sampling converged with 8 frequency samples:
 n = 16, error = 5.959e-03, tol = 2.000e-02, memory = 2/2
 Sampled frequencies (GHz): 1.000e-02, 4.000e+01, 2.810e+01, 9.347e+00,
                            1.807e+01, 1.967e+00, 3.559e+01, 7.013e-01
 Sample errors: inf, inf, 4.173e-02, 2.042e-01, 1.811e-03,
                2.131e-02, 6.860e-05, 5.959e-03

Adding excitation index 2 (2/3):

  Residual norms for GMRES solve

** Memory Usage **********************************
** Total highmark (MB):
    Sum-of-all :   154.07 | Avg :   154.07  | Max :   154.07
    Max at rank 0, different stages (MB):
	. symbfact            0.00
	. distribution      154.07
	. numfact           136.73
** NUMfact space (MB): (sum-of-all-processes)
    L\U :           86.26 |  Total :   136.73
	. max at rank 0, max L+U memory (MB):    86.26
	. max at rank 0, peak buffer (MB):       50.47
**************************************************

** number of Tiny Pivots:        0

  0 (restart 0) KSP residual norm 1.687047e+01
  1 (restart 0) KSP residual norm 1.833948e+00
  2 (restart 0) KSP residual norm 3.703947e-01
  3 (restart 0) KSP residual norm 1.675564e-01
  4 (restart 0) KSP residual norm 1.299413e-01
  5 (restart 0) KSP residual norm 6.664547e-02
  6 (restart 0) KSP residual norm 3.585769e-02
  7 (restart 0) KSP residual norm 2.880367e-02
  8 (restart 0) KSP residual norm 1.656776e-02
  9 (restart 0) KSP residual norm 1.265024e-02
 10 (restart 0) KSP residual norm 9.124088e-03
 11 (restart 0) KSP residual norm 6.051439e-03
 12 (restart 0) KSP residual norm 4.939183e-03
 13 (restart 0) KSP residual norm 3.354900e-03
 14 (restart 0) KSP residual norm 2.523929e-03
 15 (restart 0) KSP residual norm 1.955056e-03
 16 (restart 0) KSP residual norm 1.469386e-03
 17 (restart 0) KSP residual norm 1.225738e-03
 18 (restart 0) KSP residual norm 9.726887e-04
 19 (restart 0) KSP residual norm 7.856264e-04
 20 (restart 0) KSP residual norm 6.034224e-04
 21 (restart 0) KSP residual norm 4.768093e-04
 22 (restart 0) KSP residual norm 3.792712e-04
 23 (restart 0) KSP residual norm 3.025588e-04
 24 (restart 0) KSP residual norm 2.391222e-04
 25 (restart 0) KSP residual norm 1.877706e-04
 26 (restart 0) KSP residual norm 1.472461e-04
 27 (restart 0) KSP residual norm 1.187636e-04
 28 (restart 0) KSP residual norm 9.472756e-05
 29 (restart 0) KSP residual norm 7.757347e-05
 30 (restart 0) KSP residual norm 6.222857e-05
 31 (restart 0) KSP residual norm 5.034034e-05
 32 (restart 0) KSP residual norm 3.972451e-05
 33 (restart 0) KSP residual norm 3.270752e-05
 34 (restart 0) KSP residual norm 2.609357e-05
 35 (restart 0) KSP residual norm 2.173212e-05
 36 (restart 0) KSP residual norm 1.779145e-05
 37 (restart 0) KSP residual norm 1.482264e-05
GMRES solver converged in 37 iterations (avg. reduction factor: 6.860e-01)
 Field energy E (4.067e-13 J) + H (7.399e-12 J) = 7.805e-12 J

  Residual norms for GMRES solve

** Memory Usage **********************************
** Total highmark (MB):
    Sum-of-all :   154.07 | Avg :   154.07  | Max :   154.07
    Max at rank 0, different stages (MB):
	. symbfact            0.00
	. distribution      154.07
	. numfact           136.73
** NUMfact space (MB): (sum-of-all-processes)
    L\U :           86.26 |  Total :   136.73
	. max at rank 0, max L+U memory (MB):    86.26
	. max at rank 0, peak buffer (MB):       50.47
**************************************************

** number of Tiny Pivots:        0

  0 (restart 0) KSP residual norm 3.736003e+01
  1 (restart 0) KSP residual norm 6.802874e+00
  2 (restart 0) KSP residual norm 4.037358e+00
  3 (restart 0) KSP residual norm 1.225435e+00
  4 (restart 0) KSP residual norm 7.601568e-01
  5 (restart 0) KSP residual norm 4.857547e-01
  6 (restart 0) KSP residual norm 2.595190e-01
  7 (restart 0) KSP residual norm 1.659703e-01
  8 (restart 0) KSP residual norm 9.147853e-02
  9 (restart 0) KSP residual norm 6.733013e-02
 10 (restart 0) KSP residual norm 4.369235e-02
 11 (restart 0) KSP residual norm 2.931219e-02
 12 (restart 0) KSP residual norm 2.278043e-02
 13 (restart 0) KSP residual norm 1.771373e-02
 14 (restart 0) KSP residual norm 1.183536e-02
 15 (restart 0) KSP residual norm 8.406756e-03
 16 (restart 0) KSP residual norm 6.572067e-03
 17 (restart 0) KSP residual norm 4.415159e-03
 18 (restart 0) KSP residual norm 3.328129e-03
 19 (restart 0) KSP residual norm 2.386901e-03
 20 (restart 0) KSP residual norm 1.890035e-03
 21 (restart 0) KSP residual norm 1.394271e-03
 22 (restart 0) KSP residual norm 1.096132e-03
 23 (restart 0) KSP residual norm 8.542246e-04
 24 (restart 0) KSP residual norm 6.677641e-04
 25 (restart 0) KSP residual norm 5.281221e-04
 26 (restart 0) KSP residual norm 4.269332e-04
 27 (restart 0) KSP residual norm 3.533270e-04
 28 (restart 0) KSP residual norm 2.925001e-04
 29 (restart 0) KSP residual norm 2.444599e-04
 30 (restart 0) KSP residual norm 1.972210e-04
 31 (restart 0) KSP residual norm 1.628216e-04
 32 (restart 0) KSP residual norm 1.369838e-04
 33 (restart 0) KSP residual norm 1.191663e-04
 34 (restart 0) KSP residual norm 1.047733e-04
 35 (restart 0) KSP residual norm 9.170631e-05
 36 (restart 0) KSP residual norm 8.005403e-05
 37 (restart 0) KSP residual norm 6.895721e-05
 38 (restart 0) KSP residual norm 5.990243e-05
 39 (restart 0) KSP residual norm 5.183420e-05
 40 (restart 0) KSP residual norm 4.402902e-05
 41 (restart 0) KSP residual norm 3.703218e-05
GMRES solver converged in 41 iterations (avg. reduction factor: 7.138e-01)
 Field energy E (1.500e-12 J) + H (2.112e-12 J) = 3.612e-12 J

  Residual norms for GMRES solve

** Memory Usage **********************************
** Total highmark (MB):
    Sum-of-all :   154.07 | Avg :   154.07  | Max :   154.07
    Max at rank 0, different stages (MB):
	. symbfact            0.00
	. distribution      154.07
	. numfact           136.73
** NUMfact space (MB): (sum-of-all-processes)
    L\U :           86.26 |  Total :   136.73
	. max at rank 0, max L+U memory (MB):    86.26
	. max at rank 0, peak buffer (MB):       50.47
**************************************************

** number of Tiny Pivots:        0

  0 (restart 0) KSP residual norm 2.730011e+01
  1 (restart 0) KSP residual norm 8.829508e+00
  2 (restart 0) KSP residual norm 3.575019e+00
  3 (restart 0) KSP residual norm 9.875779e-01
  4 (restart 0) KSP residual norm 4.744881e-01
  5 (restart 0) KSP residual norm 3.424564e-01
  6 (restart 0) KSP residual norm 1.621232e-01
  7 (restart 0) KSP residual norm 1.252721e-01
  8 (restart 0) KSP residual norm 6.634612e-02
  9 (restart 0) KSP residual norm 4.029043e-02
 10 (restart 0) KSP residual norm 2.715533e-02
 11 (restart 0) KSP residual norm 2.049424e-02
 12 (restart 0) KSP residual norm 1.544387e-02
 13 (restart 0) KSP residual norm 1.108877e-02
 14 (restart 0) KSP residual norm 8.077809e-03
 15 (restart 0) KSP residual norm 6.058014e-03
 16 (restart 0) KSP residual norm 4.587092e-03
 17 (restart 0) KSP residual norm 3.692149e-03
 18 (restart 0) KSP residual norm 2.747178e-03
 19 (restart 0) KSP residual norm 2.125278e-03
 20 (restart 0) KSP residual norm 1.664589e-03
 21 (restart 0) KSP residual norm 1.329258e-03
 22 (restart 0) KSP residual norm 1.063228e-03
 23 (restart 0) KSP residual norm 8.349828e-04
 24 (restart 0) KSP residual norm 6.488053e-04
 25 (restart 0) KSP residual norm 5.015840e-04
 26 (restart 0) KSP residual norm 4.064260e-04
 27 (restart 0) KSP residual norm 3.223448e-04
 28 (restart 0) KSP residual norm 2.637653e-04
 29 (restart 0) KSP residual norm 2.170182e-04
 30 (restart 0) KSP residual norm 1.764468e-04
 31 (restart 0) KSP residual norm 1.431914e-04
 32 (restart 0) KSP residual norm 1.152407e-04
 33 (restart 0) KSP residual norm 9.430653e-05
 34 (restart 0) KSP residual norm 7.715573e-05
 35 (restart 0) KSP residual norm 6.539339e-05
 36 (restart 0) KSP residual norm 5.500954e-05
 37 (restart 0) KSP residual norm 4.558638e-05
 38 (restart 0) KSP residual norm 3.771529e-05
 39 (restart 0) KSP residual norm 3.218641e-05
 40 (restart 0) KSP residual norm 2.789499e-05
 41 (restart 0) KSP residual norm 2.468675e-05
GMRES solver converged in 41 iterations (avg. reduction factor: 7.122e-01)

Greedy iteration 1 (n = 20): ω* = 2.773e+01 GHz (2.906e-01), error = 1.338e-02, memory = 1/2
 Field energy E (1.171e-12 J) + H (3.187e-12 J) = 4.358e-12 J

  Residual norms for GMRES solve

** Memory Usage **********************************
** Total highmark (MB):
    Sum-of-all :   154.07 | Avg :   154.07  | Max :   154.07
    Max at rank 0, different stages (MB):
	. symbfact            0.00
	. distribution      154.07
	. numfact           136.73
** NUMfact space (MB): (sum-of-all-processes)
    L\U :           86.26 |  Total :   136.73
	. max at rank 0, max L+U memory (MB):    86.26
	. max at rank 0, peak buffer (MB):       50.47
**************************************************

** number of Tiny Pivots:        0

  0 (restart 0) KSP residual norm 1.551242e+01
  1 (restart 0) KSP residual norm 8.707197e+00
  2 (restart 0) KSP residual norm 2.957315e+00
  3 (restart 0) KSP residual norm 1.162654e+00
  4 (restart 0) KSP residual norm 4.397471e-01
  5 (restart 0) KSP residual norm 2.669512e-01
  6 (restart 0) KSP residual norm 1.995059e-01
  7 (restart 0) KSP residual norm 1.017033e-01
  8 (restart 0) KSP residual norm 5.619720e-02
  9 (restart 0) KSP residual norm 4.085662e-02
 10 (restart 0) KSP residual norm 2.865154e-02
 11 (restart 0) KSP residual norm 1.831302e-02
 12 (restart 0) KSP residual norm 1.281032e-02
 13 (restart 0) KSP residual norm 9.772492e-03
 14 (restart 0) KSP residual norm 7.246163e-03
 15 (restart 0) KSP residual norm 5.794989e-03
 16 (restart 0) KSP residual norm 4.746746e-03
 17 (restart 0) KSP residual norm 3.605486e-03
 18 (restart 0) KSP residual norm 2.788506e-03
 19 (restart 0) KSP residual norm 2.225849e-03
 20 (restart 0) KSP residual norm 1.753224e-03
 21 (restart 0) KSP residual norm 1.380384e-03
 22 (restart 0) KSP residual norm 1.123615e-03
 23 (restart 0) KSP residual norm 8.956910e-04
 24 (restart 0) KSP residual norm 7.595691e-04
 25 (restart 0) KSP residual norm 6.508434e-04
 26 (restart 0) KSP residual norm 5.455292e-04
 27 (restart 0) KSP residual norm 4.618609e-04
 28 (restart 0) KSP residual norm 3.777369e-04
 29 (restart 0) KSP residual norm 3.097733e-04
 30 (restart 0) KSP residual norm 2.546317e-04
 31 (restart 0) KSP residual norm 2.144880e-04
 32 (restart 0) KSP residual norm 1.837295e-04
 33 (restart 0) KSP residual norm 1.507291e-04
 34 (restart 0) KSP residual norm 1.263575e-04
 35 (restart 0) KSP residual norm 1.084618e-04
 36 (restart 0) KSP residual norm 8.752509e-05
 37 (restart 0) KSP residual norm 7.522137e-05
 38 (restart 0) KSP residual norm 6.372533e-05
 39 (restart 0) KSP residual norm 5.321639e-05
 40 (restart 0) KSP residual norm 4.587231e-05
 41 (restart 0) KSP residual norm 3.841190e-05
 42 (restart 0) KSP residual norm 3.157510e-05
 43 (restart 0) KSP residual norm 2.668795e-05
 44 (restart 0) KSP residual norm 2.238072e-05
 45 (restart 0) KSP residual norm 1.891662e-05
 46 (restart 0) KSP residual norm 1.619925e-05
 47 (restart 0) KSP residual norm 1.387205e-05
GMRES solver converged in 47 iterations (avg. reduction factor: 7.435e-01)

Greedy iteration 2 (n = 22): ω* = 9.323e+00 GHz (9.767e-02), error = 1.882e-02, memory = 2/2
 Field energy E (4.528e-13 J) + H (5.875e-12 J) = 6.328e-12 J

Adaptive sampling converged with 4 frequency samples:
 n = 24, error = 1.882e-02, tol = 2.000e-02, memory = 2/2
 Sampled frequencies (GHz): 1.000e-02, 4.000e+01, 2.773e+01, 9.323e+00
 Sample errors: inf, inf, 1.338e-02, 1.882e-02

Adding excitation index 3 (3/3):

  Residual norms for GMRES solve

** Memory Usage **********************************
** Total highmark (MB):
    Sum-of-all :   154.07 | Avg :   154.07  | Max :   154.07
    Max at rank 0, different stages (MB):
	. symbfact            0.00
	. distribution      154.07
	. numfact           136.73
** NUMfact space (MB): (sum-of-all-processes)
    L\U :           86.26 |  Total :   136.73
	. max at rank 0, max L+U memory (MB):    86.26
	. max at rank 0, peak buffer (MB):       50.47
**************************************************

** number of Tiny Pivots:        0

  0 (restart 0) KSP residual norm 1.715262e+01
  1 (restart 0) KSP residual norm 1.867190e+00
  2 (restart 0) KSP residual norm 3.874050e-01
  3 (restart 0) KSP residual norm 1.734260e-01
  4 (restart 0) KSP residual norm 1.333571e-01
  5 (restart 0) KSP residual norm 6.952139e-02
  6 (restart 0) KSP residual norm 3.593599e-02
  7 (restart 0) KSP residual norm 2.869627e-02
  8 (restart 0) KSP residual norm 1.696227e-02
  9 (restart 0) KSP residual norm 1.215946e-02
 10 (restart 0) KSP residual norm 9.353989e-03
 11 (restart 0) KSP residual norm 6.292418e-03
 12 (restart 0) KSP residual norm 5.144435e-03
 13 (restart 0) KSP residual norm 3.536269e-03
 14 (restart 0) KSP residual norm 2.686239e-03
 15 (restart 0) KSP residual norm 2.039658e-03
 16 (restart 0) KSP residual norm 1.548240e-03
 17 (restart 0) KSP residual norm 1.280665e-03
 18 (restart 0) KSP residual norm 1.014348e-03
 19 (restart 0) KSP residual norm 8.288022e-04
 20 (restart 0) KSP residual norm 6.219322e-04
 21 (restart 0) KSP residual norm 5.023224e-04
 22 (restart 0) KSP residual norm 3.899140e-04
 23 (restart 0) KSP residual norm 3.148205e-04
 24 (restart 0) KSP residual norm 2.448431e-04
 25 (restart 0) KSP residual norm 1.951161e-04
 26 (restart 0) KSP residual norm 1.518483e-04
 27 (restart 0) KSP residual norm 1.220529e-04
 28 (restart 0) KSP residual norm 9.864868e-05
 29 (restart 0) KSP residual norm 7.925033e-05
 30 (restart 0) KSP residual norm 6.451558e-05
 31 (restart 0) KSP residual norm 5.127250e-05
 32 (restart 0) KSP residual norm 4.113456e-05
 33 (restart 0) KSP residual norm 3.336381e-05
 34 (restart 0) KSP residual norm 2.691797e-05
 35 (restart 0) KSP residual norm 2.221292e-05
 36 (restart 0) KSP residual norm 1.826608e-05
 37 (restart 0) KSP residual norm 1.518692e-05
GMRES solver converged in 37 iterations (avg. reduction factor: 6.861e-01)
 Field energy E (4.262e-13 J) + H (1.227e-12 J) = 1.654e-12 J

  Residual norms for GMRES solve

** Memory Usage **********************************
** Total highmark (MB):
    Sum-of-all :   154.07 | Avg :   154.07  | Max :   154.07
    Max at rank 0, different stages (MB):
	. symbfact            0.00
	. distribution      154.07
	. numfact           136.73
** NUMfact space (MB): (sum-of-all-processes)
    L\U :           86.26 |  Total :   136.73
	. max at rank 0, max L+U memory (MB):    86.26
	. max at rank 0, peak buffer (MB):       50.47
**************************************************

** number of Tiny Pivots:        0

  0 (restart 0) KSP residual norm 1.591342e+01
  1 (restart 0) KSP residual norm 4.867351e+00
  2 (restart 0) KSP residual norm 9.600902e-01
  3 (restart 0) KSP residual norm 6.965670e-01
  4 (restart 0) KSP residual norm 3.540393e-01
  5 (restart 0) KSP residual norm 2.244215e-01
  6 (restart 0) KSP residual norm 1.367226e-01
  7 (restart 0) KSP residual norm 1.066490e-01
  8 (restart 0) KSP residual norm 5.440512e-02
  9 (restart 0) KSP residual norm 3.750012e-02
 10 (restart 0) KSP residual norm 2.762266e-02
 11 (restart 0) KSP residual norm 2.000224e-02
 12 (restart 0) KSP residual norm 1.608738e-02
 13 (restart 0) KSP residual norm 1.189229e-02
 14 (restart 0) KSP residual norm 7.839489e-03
 15 (restart 0) KSP residual norm 5.299975e-03
 16 (restart 0) KSP residual norm 4.361977e-03
 17 (restart 0) KSP residual norm 3.187885e-03
 18 (restart 0) KSP residual norm 2.448861e-03
 19 (restart 0) KSP residual norm 1.887408e-03
 20 (restart 0) KSP residual norm 1.517127e-03
 21 (restart 0) KSP residual norm 1.167585e-03
 22 (restart 0) KSP residual norm 8.959207e-04
 23 (restart 0) KSP residual norm 6.925253e-04
 24 (restart 0) KSP residual norm 5.437662e-04
 25 (restart 0) KSP residual norm 4.445893e-04
 26 (restart 0) KSP residual norm 3.640978e-04
 27 (restart 0) KSP residual norm 3.021596e-04
 28 (restart 0) KSP residual norm 2.443731e-04
 29 (restart 0) KSP residual norm 1.991217e-04
 30 (restart 0) KSP residual norm 1.627054e-04
 31 (restart 0) KSP residual norm 1.357435e-04
 32 (restart 0) KSP residual norm 1.169785e-04
 33 (restart 0) KSP residual norm 1.006948e-04
 34 (restart 0) KSP residual norm 8.842614e-05
 35 (restart 0) KSP residual norm 7.802113e-05
 36 (restart 0) KSP residual norm 6.800057e-05
 37 (restart 0) KSP residual norm 5.902046e-05
 38 (restart 0) KSP residual norm 5.062480e-05
 39 (restart 0) KSP residual norm 4.314197e-05
 40 (restart 0) KSP residual norm 3.680136e-05
 41 (restart 0) KSP residual norm 3.113702e-05
 42 (restart 0) KSP residual norm 2.618901e-05
 43 (restart 0) KSP residual norm 2.239651e-05
 44 (restart 0) KSP residual norm 1.906702e-05
 45 (restart 0) KSP residual norm 1.664669e-05
 46 (restart 0) KSP residual norm 1.485605e-05
GMRES solver converged in 46 iterations (avg. reduction factor: 7.395e-01)
 Field energy E (3.593e-13 J) + H (9.325e-13 J) = 1.292e-12 J

  Residual norms for GMRES solve

** Memory Usage **********************************
** Total highmark (MB):
    Sum-of-all :   154.07 | Avg :   154.07  | Max :   154.07
    Max at rank 0, different stages (MB):
	. symbfact            0.00
	. distribution      154.07
	. numfact           136.73
** NUMfact space (MB): (sum-of-all-processes)
    L\U :           86.26 |  Total :   136.73
	. max at rank 0, max L+U memory (MB):    86.26
	. max at rank 0, peak buffer (MB):       50.47
**************************************************

** number of Tiny Pivots:        0

  0 (restart 0) KSP residual norm 1.277422e+01
  1 (restart 0) KSP residual norm 3.055354e+00
  2 (restart 0) KSP residual norm 6.152946e-01
  3 (restart 0) KSP residual norm 2.260129e-01
  4 (restart 0) KSP residual norm 1.603242e-01
  5 (restart 0) KSP residual norm 9.969615e-02
  6 (restart 0) KSP residual norm 5.697230e-02
  7 (restart 0) KSP residual norm 4.100967e-02
  8 (restart 0) KSP residual norm 2.749804e-02
  9 (restart 0) KSP residual norm 2.079919e-02
 10 (restart 0) KSP residual norm 1.495770e-02
 11 (restart 0) KSP residual norm 1.031886e-02
 12 (restart 0) KSP residual norm 7.536023e-03
 13 (restart 0) KSP residual norm 5.847163e-03
 14 (restart 0) KSP residual norm 4.491154e-03
 15 (restart 0) KSP residual norm 3.505528e-03
 16 (restart 0) KSP residual norm 2.697460e-03
 17 (restart 0) KSP residual norm 1.894967e-03
 18 (restart 0) KSP residual norm 1.479946e-03
 19 (restart 0) KSP residual norm 1.135689e-03
 20 (restart 0) KSP residual norm 9.635414e-04
 21 (restart 0) KSP residual norm 7.928807e-04
 22 (restart 0) KSP residual norm 6.559724e-04
 23 (restart 0) KSP residual norm 5.258086e-04
 24 (restart 0) KSP residual norm 4.210537e-04
 25 (restart 0) KSP residual norm 3.462409e-04
 26 (restart 0) KSP residual norm 2.943138e-04
 27 (restart 0) KSP residual norm 2.411255e-04
 28 (restart 0) KSP residual norm 1.986559e-04
 29 (restart 0) KSP residual norm 1.597426e-04
 30 (restart 0) KSP residual norm 1.315522e-04
 31 (restart 0) KSP residual norm 1.060098e-04
 32 (restart 0) KSP residual norm 8.669009e-05
 33 (restart 0) KSP residual norm 7.076745e-05
 34 (restart 0) KSP residual norm 5.649125e-05
 35 (restart 0) KSP residual norm 4.563873e-05
 36 (restart 0) KSP residual norm 3.737283e-05
 37 (restart 0) KSP residual norm 3.038174e-05
 38 (restart 0) KSP residual norm 2.526630e-05
 39 (restart 0) KSP residual norm 2.080236e-05
 40 (restart 0) KSP residual norm 1.721703e-05
 41 (restart 0) KSP residual norm 1.456015e-05
 42 (restart 0) KSP residual norm 1.206426e-05
GMRES solver converged in 42 iterations (avg. reduction factor: 7.187e-01)

Greedy iteration 1 (n = 28): ω* = 1.939e+01 GHz (2.031e-01), error = 1.062e-02, memory = 1/2
 Field energy E (2.837e-13 J) + H (9.121e-13 J) = 1.196e-12 J

  Residual norms for GMRES solve

** Memory Usage **********************************
** Total highmark (MB):
    Sum-of-all :   154.07 | Avg :   154.07  | Max :   154.07
    Max at rank 0, different stages (MB):
	. symbfact            0.00
	. distribution      154.07
	. numfact           136.73
** NUMfact space (MB): (sum-of-all-processes)
    L\U :           86.26 |  Total :   136.73
	. max at rank 0, max L+U memory (MB):    86.26
	. max at rank 0, peak buffer (MB):       50.47
**************************************************

** number of Tiny Pivots:        0

  0 (restart 0) KSP residual norm 2.893928e+01
  1 (restart 0) KSP residual norm 2.542470e+01
  2 (restart 0) KSP residual norm 2.002757e+01
  3 (restart 0) KSP residual norm 1.855240e+01
  4 (restart 0) KSP residual norm 1.596832e+01
  5 (restart 0) KSP residual norm 1.451792e+01
  6 (restart 0) KSP residual norm 1.375154e+01
  7 (restart 0) KSP residual norm 1.307181e+01
  8 (restart 0) KSP residual norm 1.280392e+01
  9 (restart 0) KSP residual norm 1.216342e+01
 10 (restart 0) KSP residual norm 1.155551e+01
 11 (restart 0) KSP residual norm 1.062727e+01
 12 (restart 0) KSP residual norm 1.046865e+01
 13 (restart 0) KSP residual norm 9.590150e+00
 14 (restart 0) KSP residual norm 9.480652e+00
 15 (restart 0) KSP residual norm 8.189230e+00
 16 (restart 0) KSP residual norm 7.736140e+00
 17 (restart 0) KSP residual norm 7.424872e+00
 18 (restart 0) KSP residual norm 6.836209e+00
 19 (restart 0) KSP residual norm 6.760085e+00
 20 (restart 0) KSP residual norm 5.961274e+00
 21 (restart 0) KSP residual norm 5.742300e+00
 22 (restart 0) KSP residual norm 5.116407e+00
 23 (restart 0) KSP residual norm 4.982483e+00
 24 (restart 0) KSP residual norm 4.592321e+00
 25 (restart 0) KSP residual norm 4.484664e+00
 26 (restart 0) KSP residual norm 4.070517e+00
 27 (restart 0) KSP residual norm 3.926299e+00
 28 (restart 0) KSP residual norm 3.590696e+00
 29 (restart 0) KSP residual norm 3.554149e+00
 30 (restart 0) KSP residual norm 3.030256e+00
 31 (restart 0) KSP residual norm 2.946646e+00
 32 (restart 0) KSP residual norm 2.694155e+00
 33 (restart 0) KSP residual norm 2.556798e+00
 34 (restart 0) KSP residual norm 2.398572e+00
 35 (restart 0) KSP residual norm 2.205279e+00
 36 (restart 0) KSP residual norm 2.087988e+00
 37 (restart 0) KSP residual norm 1.876113e+00
 38 (restart 0) KSP residual norm 1.823002e+00
 39 (restart 0) KSP residual norm 1.668361e+00
 40 (restart 0) KSP residual norm 1.577451e+00
 41 (restart 0) KSP residual norm 1.484295e+00
 42 (restart 0) KSP residual norm 1.394018e+00
 43 (restart 0) KSP residual norm 1.242646e+00
 44 (restart 0) KSP residual norm 1.175782e+00
 45 (restart 0) KSP residual norm 1.110712e+00
 46 (restart 0) KSP residual norm 1.006231e+00
 47 (restart 0) KSP residual norm 9.245525e-01
 48 (restart 0) KSP residual norm 8.565485e-01
 49 (restart 0) KSP residual norm 8.218670e-01
 50 (restart 0) KSP residual norm 7.511368e-01
 51 (restart 0) KSP residual norm 7.194834e-01
 52 (restart 0) KSP residual norm 6.615766e-01
 53 (restart 0) KSP residual norm 6.275261e-01
 54 (restart 0) KSP residual norm 5.776746e-01
 55 (restart 0) KSP residual norm 5.366420e-01
 56 (restart 0) KSP residual norm 5.059065e-01
 57 (restart 0) KSP residual norm 4.593602e-01
 58 (restart 0) KSP residual norm 4.268076e-01
 59 (restart 0) KSP residual norm 3.844815e-01
 60 (restart 0) KSP residual norm 3.590840e-01
 61 (restart 0) KSP residual norm 3.342043e-01
 62 (restart 0) KSP residual norm 3.052078e-01
 63 (restart 0) KSP residual norm 2.837389e-01
 64 (restart 0) KSP residual norm 2.645894e-01
 65 (restart 0) KSP residual norm 2.398860e-01
 66 (restart 0) KSP residual norm 2.212265e-01
 67 (restart 0) KSP residual norm 2.044311e-01
 68 (restart 0) KSP residual norm 1.876483e-01
 69 (restart 0) KSP residual norm 1.720760e-01
 70 (restart 0) KSP residual norm 1.460645e-01
 71 (restart 0) KSP residual norm 1.336383e-01
 72 (restart 0) KSP residual norm 1.213450e-01
 73 (restart 0) KSP residual norm 1.075540e-01
 74 (restart 0) KSP residual norm 9.799010e-02
 75 (restart 0) KSP residual norm 8.716718e-02
 76 (restart 0) KSP residual norm 7.668256e-02
 77 (restart 0) KSP residual norm 6.851118e-02
 78 (restart 0) KSP residual norm 6.026021e-02
 79 (restart 0) KSP residual norm 5.278525e-02
 80 (restart 0) KSP residual norm 4.730753e-02
 81 (restart 0) KSP residual norm 4.193242e-02
 82 (restart 0) KSP residual norm 3.827146e-02
 83 (restart 0) KSP residual norm 3.438397e-02
 84 (restart 0) KSP residual norm 3.048247e-02
 85 (restart 0) KSP residual norm 2.735157e-02
 86 (restart 0) KSP residual norm 2.415739e-02
 87 (restart 0) KSP residual norm 2.087628e-02
 88 (restart 0) KSP residual norm 1.879048e-02
 89 (restart 0) KSP residual norm 1.681099e-02
 90 (restart 0) KSP residual norm 1.525957e-02
 91 (restart 0) KSP residual norm 1.363588e-02
 92 (restart 0) KSP residual norm 1.203979e-02
 93 (restart 0) KSP residual norm 1.068721e-02
 94 (restart 0) KSP residual norm 9.617486e-03
 95 (restart 0) KSP residual norm 8.780480e-03
 96 (restart 0) KSP residual norm 7.949708e-03
 97 (restart 0) KSP residual norm 7.256950e-03
 98 (restart 0) KSP residual norm 6.577457e-03
 99 (restart 0) KSP residual norm 5.884956e-03
100 (restart 0) KSP residual norm 5.298423e-03
101 (restart 0) KSP residual norm 4.809966e-03
102 (restart 0) KSP residual norm 4.319151e-03
103 (restart 0) KSP residual norm 3.859126e-03
104 (restart 0) KSP residual norm 3.454858e-03
105 (restart 0) KSP residual norm 3.083213e-03
106 (restart 0) KSP residual norm 2.740456e-03
107 (restart 0) KSP residual norm 2.460676e-03
108 (restart 0) KSP residual norm 2.158044e-03
109 (restart 0) KSP residual norm 1.931262e-03
110 (restart 0) KSP residual norm 1.767570e-03
111 (restart 0) KSP residual norm 1.601579e-03
112 (restart 0) KSP residual norm 1.459842e-03
113 (restart 0) KSP residual norm 1.322981e-03
114 (restart 0) KSP residual norm 1.197851e-03
115 (restart 0) KSP residual norm 1.089921e-03
116 (restart 0) KSP residual norm 9.820138e-04
117 (restart 0) KSP residual norm 8.753429e-04
118 (restart 0) KSP residual norm 7.833463e-04
119 (restart 0) KSP residual norm 6.968163e-04
120 (restart 0) KSP residual norm 6.185580e-04
121 (restart 0) KSP residual norm 5.569212e-04
122 (restart 0) KSP residual norm 5.122110e-04
123 (restart 0) KSP residual norm 4.732043e-04
124 (restart 0) KSP residual norm 4.341124e-04
125 (restart 0) KSP residual norm 4.004283e-04
126 (restart 0) KSP residual norm 3.683002e-04
127 (restart 0) KSP residual norm 3.369679e-04
128 (restart 0) KSP residual norm 3.082521e-04
129 (restart 0) KSP residual norm 2.802074e-04
130 (restart 0) KSP residual norm 2.583731e-04
131 (restart 0) KSP residual norm 2.372332e-04
132 (restart 0) KSP residual norm 2.170296e-04
133 (restart 0) KSP residual norm 1.980469e-04
134 (restart 0) KSP residual norm 1.811749e-04
135 (restart 0) KSP residual norm 1.640221e-04
136 (restart 0) KSP residual norm 1.469040e-04
137 (restart 0) KSP residual norm 1.328082e-04
138 (restart 0) KSP residual norm 1.199638e-04
139 (restart 0) KSP residual norm 1.086649e-04
140 (restart 0) KSP residual norm 1.001076e-04
141 (restart 0) KSP residual norm 9.095101e-05
142 (restart 0) KSP residual norm 8.310568e-05
143 (restart 0) KSP residual norm 7.640480e-05
144 (restart 0) KSP residual norm 6.922995e-05
145 (restart 0) KSP residual norm 6.258093e-05
146 (restart 0) KSP residual norm 5.614897e-05
147 (restart 0) KSP residual norm 5.034723e-05
148 (restart 0) KSP residual norm 4.556416e-05
149 (restart 0) KSP residual norm 4.125305e-05
150 (restart 0) KSP residual norm 3.746250e-05
151 (restart 0) KSP residual norm 3.458069e-05
152 (restart 0) KSP residual norm 3.190409e-05
153 (restart 0) KSP residual norm 2.946744e-05
154 (restart 0) KSP residual norm 2.684657e-05
GMRES solver converged in 154 iterations (avg. reduction factor: 9.137e-01)

Greedy iteration 2 (n = 30): ω* = 6.714e+00 GHz (7.034e-02), error = 2.064e-02, memory = 0/2
 Field energy E (2.751e-13 J) + H (9.267e-13 J) = 1.202e-12 J

  Residual norms for GMRES solve

** Memory Usage **********************************
** Total highmark (MB):
    Sum-of-all :   154.07 | Avg :   154.07  | Max :   154.07
    Max at rank 0, different stages (MB):
	. symbfact            0.00
	. distribution      154.07
	. numfact           136.73
** NUMfact space (MB): (sum-of-all-processes)
    L\U :           86.26 |  Total :   136.73
	. max at rank 0, max L+U memory (MB):    86.26
	. max at rank 0, peak buffer (MB):       50.47
**************************************************

** number of Tiny Pivots:        0

  0 (restart 0) KSP residual norm 1.448295e+01
  1 (restart 0) KSP residual norm 4.140867e+00
  2 (restart 0) KSP residual norm 7.679885e-01
  3 (restart 0) KSP residual norm 3.775197e-01
  4 (restart 0) KSP residual norm 2.649730e-01
  5 (restart 0) KSP residual norm 1.567827e-01
  6 (restart 0) KSP residual norm 9.739412e-02
  7 (restart 0) KSP residual norm 7.200185e-02
  8 (restart 0) KSP residual norm 4.526153e-02
  9 (restart 0) KSP residual norm 2.793666e-02
 10 (restart 0) KSP residual norm 2.092812e-02
 11 (restart 0) KSP residual norm 1.567585e-02
 12 (restart 0) KSP residual norm 1.124774e-02
 13 (restart 0) KSP residual norm 8.029254e-03
 14 (restart 0) KSP residual norm 6.927822e-03
 15 (restart 0) KSP residual norm 5.047791e-03
 16 (restart 0) KSP residual norm 4.062233e-03
 17 (restart 0) KSP residual norm 2.958742e-03
 18 (restart 0) KSP residual norm 2.086945e-03
 19 (restart 0) KSP residual norm 1.570719e-03
 20 (restart 0) KSP residual norm 1.292679e-03
 21 (restart 0) KSP residual norm 1.059973e-03
 22 (restart 0) KSP residual norm 8.296519e-04
 23 (restart 0) KSP residual norm 6.489035e-04
 24 (restart 0) KSP residual norm 5.061853e-04
 25 (restart 0) KSP residual norm 3.982675e-04
 26 (restart 0) KSP residual norm 3.349587e-04
 27 (restart 0) KSP residual norm 2.722969e-04
 28 (restart 0) KSP residual norm 2.192032e-04
 29 (restart 0) KSP residual norm 1.739497e-04
 30 (restart 0) KSP residual norm 1.369103e-04
 31 (restart 0) KSP residual norm 1.102137e-04
 32 (restart 0) KSP residual norm 9.036023e-05
 33 (restart 0) KSP residual norm 7.485441e-05
 34 (restart 0) KSP residual norm 6.268384e-05
 35 (restart 0) KSP residual norm 5.356403e-05
 36 (restart 0) KSP residual norm 4.518505e-05
 37 (restart 0) KSP residual norm 3.892745e-05
 38 (restart 0) KSP residual norm 3.428446e-05
 39 (restart 0) KSP residual norm 3.026692e-05
 40 (restart 0) KSP residual norm 2.668457e-05
 41 (restart 0) KSP residual norm 2.375263e-05
 42 (restart 0) KSP residual norm 2.101914e-05
 43 (restart 0) KSP residual norm 1.833393e-05
 44 (restart 0) KSP residual norm 1.565225e-05
 45 (restart 0) KSP residual norm 1.341363e-05
GMRES solver converged in 45 iterations (avg. reduction factor: 7.344e-01)

Greedy iteration 3 (n = 32): ω* = 3.192e+01 GHz (3.344e-01), error = 7.338e-04, memory = 1/2
 Field energy E (3.213e-13 J) + H (9.184e-13 J) = 1.240e-12 J

  Residual norms for GMRES solve

** Memory Usage **********************************
** Total highmark (MB):
    Sum-of-all :   154.07 | Avg :   154.07  | Max :   154.07
    Max at rank 0, different stages (MB):
	. symbfact            0.00
	. distribution      154.07
	. numfact           136.73
** NUMfact space (MB): (sum-of-all-processes)
    L\U :           86.26 |  Total :   136.73
	. max at rank 0, max L+U memory (MB):    86.26
	. max at rank 0, peak buffer (MB):       50.47
**************************************************

** number of Tiny Pivots:        0

  0 (restart 0) KSP residual norm 2.231773e+02
  1 (restart 0) KSP residual norm 2.231115e+02
  2 (restart 0) KSP residual norm 1.198093e+02
  3 (restart 0) KSP residual norm 1.146802e+02
  4 (restart 0) KSP residual norm 1.602906e+01
  5 (restart 0) KSP residual norm 1.358665e+01
  6 (restart 0) KSP residual norm 1.328781e+01
  7 (restart 0) KSP residual norm 1.255610e+01
  8 (restart 0) KSP residual norm 1.030629e+01
  9 (restart 0) KSP residual norm 1.004539e+01
 10 (restart 0) KSP residual norm 9.377962e+00
 11 (restart 0) KSP residual norm 9.166815e+00
 12 (restart 0) KSP residual norm 8.550825e+00
 13 (restart 0) KSP residual norm 7.193472e+00
 14 (restart 0) KSP residual norm 7.114490e+00
 15 (restart 0) KSP residual norm 5.479001e+00
 16 (restart 0) KSP residual norm 5.330134e+00
 17 (restart 0) KSP residual norm 3.815708e+00
 18 (restart 0) KSP residual norm 3.765596e+00
 19 (restart 0) KSP residual norm 3.090247e+00
 20 (restart 0) KSP residual norm 2.780394e+00
 21 (restart 0) KSP residual norm 2.533046e+00
 22 (restart 0) KSP residual norm 2.068732e+00
 23 (restart 0) KSP residual norm 2.006875e+00
 24 (restart 0) KSP residual norm 1.840196e+00
 25 (restart 0) KSP residual norm 1.754385e+00
 26 (restart 0) KSP residual norm 1.606665e+00
 27 (restart 0) KSP residual norm 1.492243e+00
 28 (restart 0) KSP residual norm 1.161472e+00
 29 (restart 0) KSP residual norm 1.133411e+00
 30 (restart 0) KSP residual norm 9.060666e-01
 31 (restart 0) KSP residual norm 8.856982e-01
 32 (restart 0) KSP residual norm 6.770107e-01
 33 (restart 0) KSP residual norm 6.568004e-01
 34 (restart 0) KSP residual norm 5.608212e-01
 35 (restart 0) KSP residual norm 5.272959e-01
 36 (restart 0) KSP residual norm 4.619026e-01
 37 (restart 0) KSP residual norm 4.094528e-01
 38 (restart 0) KSP residual norm 3.857419e-01
 39 (restart 0) KSP residual norm 3.344250e-01
 40 (restart 0) KSP residual norm 3.120888e-01
 41 (restart 0) KSP residual norm 2.759686e-01
 42 (restart 0) KSP residual norm 2.462336e-01
 43 (restart 0) KSP residual norm 2.230969e-01
 44 (restart 0) KSP residual norm 1.906450e-01
 45 (restart 0) KSP residual norm 1.797347e-01
 46 (restart 0) KSP residual norm 1.571671e-01
 47 (restart 0) KSP residual norm 1.445525e-01
 48 (restart 0) KSP residual norm 1.300127e-01
 49 (restart 0) KSP residual norm 1.120723e-01
 50 (restart 0) KSP residual norm 1.015303e-01
 51 (restart 0) KSP residual norm 9.227276e-02
 52 (restart 0) KSP residual norm 8.450929e-02
 53 (restart 0) KSP residual norm 7.239688e-02
 54 (restart 0) KSP residual norm 6.519526e-02
 55 (restart 0) KSP residual norm 6.020172e-02
 56 (restart 0) KSP residual norm 5.235640e-02
 57 (restart 0) KSP residual norm 4.896312e-02
 58 (restart 0) KSP residual norm 4.328946e-02
 59 (restart 0) KSP residual norm 3.902804e-02
 60 (restart 0) KSP residual norm 3.422500e-02
 61 (restart 0) KSP residual norm 3.058603e-02
 62 (restart 0) KSP residual norm 2.709904e-02
 63 (restart 0) KSP residual norm 2.319839e-02
 64 (restart 0) KSP residual norm 2.022374e-02
 65 (restart 0) KSP residual norm 1.795901e-02
 66 (restart 0) KSP residual norm 1.563102e-02
 67 (restart 0) KSP residual norm 1.378323e-02
 68 (restart 0) KSP residual norm 1.219284e-02
 69 (restart 0) KSP residual norm 1.125353e-02
 70 (restart 0) KSP residual norm 1.032216e-02
 71 (restart 0) KSP residual norm 9.299646e-03
 72 (restart 0) KSP residual norm 8.422165e-03
 73 (restart 0) KSP residual norm 7.721502e-03
 74 (restart 0) KSP residual norm 6.972308e-03
 75 (restart 0) KSP residual norm 6.295601e-03
 76 (restart 0) KSP residual norm 5.710906e-03
 77 (restart 0) KSP residual norm 5.168026e-03
 78 (restart 0) KSP residual norm 4.642921e-03
 79 (restart 0) KSP residual norm 4.119936e-03
 80 (restart 0) KSP residual norm 3.688225e-03
 81 (restart 0) KSP residual norm 3.278731e-03
 82 (restart 0) KSP residual norm 2.932335e-03
 83 (restart 0) KSP residual norm 2.637993e-03
 84 (restart 0) KSP residual norm 2.372061e-03
 85 (restart 0) KSP residual norm 2.175218e-03
 86 (restart 0) KSP residual norm 1.943953e-03
 87 (restart 0) KSP residual norm 1.736385e-03
 88 (restart 0) KSP residual norm 1.535294e-03
 89 (restart 0) KSP residual norm 1.353945e-03
 90 (restart 0) KSP residual norm 1.191223e-03
 91 (restart 0) KSP residual norm 1.055556e-03
 92 (restart 0) KSP residual norm 9.412470e-04
 93 (restart 0) KSP residual norm 8.450311e-04
 94 (restart 0) KSP residual norm 7.629677e-04
 95 (restart 0) KSP residual norm 6.888820e-04
 96 (restart 0) KSP residual norm 6.220431e-04
 97 (restart 0) KSP residual norm 5.606318e-04
 98 (restart 0) KSP residual norm 5.022661e-04
 99 (restart 0) KSP residual norm 4.506632e-04
100 (restart 0) KSP residual norm 4.100146e-04
101 (restart 0) KSP residual norm 3.712783e-04
102 (restart 0) KSP residual norm 3.324666e-04
103 (restart 0) KSP residual norm 2.974355e-04
104 (restart 0) KSP residual norm 2.641025e-04
105 (restart 0) KSP residual norm 2.352857e-04
106 (restart 0) KSP residual norm 2.067835e-04
GMRES solver converged in 106 iterations (avg. reduction factor: 8.772e-01)

Greedy iteration 4 (n = 34): ω* = 1.688e+00 GHz (1.768e-02), error = 4.821e-03, memory = 2/2
 Field energy E (3.473e-13 J) + H (9.766e-13 J) = 1.324e-12 J

Adaptive sampling converged with 6 frequency samples:
 n = 36, error = 4.821e-03, tol = 2.000e-02, memory = 2/2
 Sampled frequencies (GHz): 1.000e-02, 4.000e+01, 1.939e+01, 6.714e+00,
                            3.192e+01, 1.688e+00
 Sample errors: inf, inf, 1.062e-02, 2.064e-02, 7.338e-04,
                4.821e-03
 Total offline phase elapsed time: 2.42e+03 s

Beginning fast frequency sweep online phase

Sweeping excitation index 1 (1/3):

It 1/82: ω/2π = 1.000e-02 GHz (total elapsed time = 2.42e+03 s)

 Sol. ||E|| = 1.791448e+01
 Field energy E (4.105e-13 J) + H (7.482e-12 J) = 7.892e-12 J
 S[1][1] = -2.820e-01+4.692e-04i, |S[1][1]| = -1.099e+01, arg(S[1][1]) = +1.799e+02
 S[2][1] = +6.157e-01-4.728e-04i, |S[2][1]| = -4.212e+00, arg(S[2][1]) = -4.399e-02
 S[3][1] = +6.663e-01-7.382e-05i, |S[3][1]| = -3.527e+00, arg(S[3][1]) = -6.348e-03

It 2/82: ω/2π = 2.000e-02 GHz (total elapsed time = 2.42e+03 s)

 Sol. ||E|| = 1.791405e+01
 Field energy E (4.105e-13 J) + H (7.456e-12 J) = 7.867e-12 J
 S[1][1] = -2.820e-01+9.352e-04i, |S[1][1]| = -1.099e+01, arg(S[1][1]) = +1.798e+02
 S[2][1] = +6.157e-01-9.435e-04i, |S[2][1]| = -4.212e+00, arg(S[2][1]) = -8.780e-02
 S[3][1] = +6.663e-01-1.466e-04i, |S[3][1]| = -3.527e+00, arg(S[3][1]) = -1.260e-02

It 3/82: ω/2π = 5.000e-01 GHz (total elapsed time = 2.42e+03 s)

 Sol. ||E|| = 1.755080e+01
 Field energy E (3.985e-13 J) + H (7.257e-12 J) = 7.655e-12 J
 S[1][1] = -2.811e-01+2.282e-02i, |S[1][1]| = -1.099e+01, arg(S[1][1]) = +1.754e+02
 S[2][1] = +6.146e-01-2.305e-02i, |S[2][1]| = -4.222e+00, arg(S[2][1]) = -2.148e+00
 S[3][1] = +6.661e-01-3.514e-03i, |S[3][1]| = -3.530e+00, arg(S[3][1]) = -3.023e-01

It 4/82: ω/2π = 1.000e+00 GHz (total elapsed time = 2.42e+03 s)

 Sol. ||E|| = 1.677887e+01
 Field energy E (3.735e-13 J) + H (7.135e-12 J) = 7.508e-12 J
 S[1][1] = -2.790e-01+4.511e-02i, |S[1][1]| = -1.098e+01, arg(S[1][1]) = +1.708e+02
 S[2][1] = +6.121e-01-4.531e-02i, |S[2][1]| = -4.240e+00, arg(S[2][1]) = -4.233e+00
 S[3][1] = +6.656e-01-6.781e-03i, |S[3][1]| = -3.535e+00, arg(S[3][1]) = -5.837e-01

It 5/82: ω/2π = 1.500e+00 GHz (total elapsed time = 2.42e+03 s)

 Sol. ||E|| = 1.601081e+01
 Field energy E (3.495e-13 J) + H (7.036e-12 J) = 7.386e-12 J
 S[1][1] = -2.760e-01+6.704e-02i, |S[1][1]| = -1.093e+01, arg(S[1][1]) = +1.663e+02
 S[2][1] = +6.086e-01-6.691e-02i, |S[2][1]| = -4.261e+00, arg(S[2][1]) = -6.274e+00
 S[3][1] = +6.651e-01-9.820e-03i, |S[3][1]| = -3.541e+00, arg(S[3][1]) = -8.458e-01

It 6/82: ω/2π = 2.000e+00 GHz (total elapsed time = 2.43e+03 s)

 Sol. ||E|| = 1.543682e+01
 Field energy E (3.322e-13 J) + H (6.960e-12 J) = 7.292e-12 J
 S[1][1] = -2.720e-01+8.869e-02i, |S[1][1]| = -1.087e+01, arg(S[1][1]) = +1.619e+02
 S[2][1] = +6.043e-01-8.807e-02i, |S[2][1]| = -4.284e+00, arg(S[2][1]) = -8.292e+00
 S[3][1] = +6.647e-01-1.272e-02i, |S[3][1]| = -3.546e+00, arg(S[3][1]) = -1.097e+00

It 7/82: ω/2π = 2.500e+00 GHz (total elapsed time = 2.43e+03 s)

 Sol. ||E|| = 1.508613e+01
 Field energy E (3.219e-13 J) + H (6.897e-12 J) = 7.218e-12 J
 S[1][1] = -2.670e-01+1.101e-01i, |S[1][1]| = -1.079e+01, arg(S[1][1]) = +1.576e+02
 S[2][1] = +5.991e-01-1.089e-01i, |S[2][1]| = -4.309e+00, arg(S[2][1]) = -1.030e+01
 S[3][1] = +6.643e-01-1.556e-02i, |S[3][1]| = -3.551e+00, arg(S[3][1]) = -1.342e+00

It 8/82: ω/2π = 3.000e+00 GHz (total elapsed time = 2.43e+03 s)

 Sol. ||E|| = 1.492756e+01
 Field energy E (3.171e-13 J) + H (6.840e-12 J) = 7.157e-12 J
 S[1][1] = -2.611e-01+1.311e-01i, |S[1][1]| = -1.069e+01, arg(S[1][1]) = +1.533e+02
 S[2][1] = +5.931e-01-1.293e-01i, |S[2][1]| = -4.335e+00, arg(S[2][1]) = -1.230e+01
 S[3][1] = +6.639e-01-1.836e-02i, |S[3][1]| = -3.555e+00, arg(S[3][1]) = -1.584e+00

It 9/82: ω/2π = 3.500e+00 GHz (total elapsed time = 2.43e+03 s)

 Sol. ||E|| = 1.492016e+01
 Field energy E (3.167e-13 J) + H (6.787e-12 J) = 7.103e-12 J
 S[1][1] = -2.543e-01+1.518e-01i, |S[1][1]| = -1.057e+01, arg(S[1][1]) = +1.492e+02
 S[2][1] = +5.863e-01-1.493e-01i, |S[2][1]| = -4.365e+00, arg(S[2][1]) = -1.429e+01
 S[3][1] = +6.635e-01-2.115e-02i, |S[3][1]| = -3.559e+00, arg(S[3][1]) = -1.826e+00

It 10/82: ω/2π = 4.000e+00 GHz (total elapsed time = 2.43e+03 s)

 Sol. ||E|| = 1.502893e+01
 Field energy E (3.195e-13 J) + H (6.733e-12 J) = 7.053e-12 J
 S[1][1] = -2.465e-01+1.720e-01i, |S[1][1]| = -1.044e+01, arg(S[1][1]) = +1.451e+02
 S[2][1] = +5.785e-01-1.690e-01i, |S[2][1]| = -4.398e+00, arg(S[2][1]) = -1.628e+01
 S[3][1] = +6.631e-01-2.393e-02i, |S[3][1]| = -3.562e+00, arg(S[3][1]) = -2.066e+00

It 11/82: ω/2π = 4.500e+00 GHz (total elapsed time = 2.43e+03 s)

 Sol. ||E|| = 1.522705e+01
 Field energy E (3.250e-13 J) + H (6.679e-12 J) = 7.004e-12 J
 S[1][1] = -2.378e-01+1.916e-01i, |S[1][1]| = -1.030e+01, arg(S[1][1]) = +1.411e+02
 S[2][1] = +5.700e-01-1.881e-01i, |S[2][1]| = -4.434e+00, arg(S[2][1]) = -1.826e+01
 S[3][1] = +6.628e-01-2.670e-02i, |S[3][1]| = -3.566e+00, arg(S[3][1]) = -2.307e+00

It 12/82: ω/2π = 5.000e+00 GHz (total elapsed time = 2.43e+03 s)

 Sol. ||E|| = 1.549439e+01
 Field energy E (3.325e-13 J) + H (6.622e-12 J) = 6.955e-12 J
 S[1][1] = -2.283e-01+2.108e-01i, |S[1][1]| = -1.015e+01, arg(S[1][1]) = +1.373e+02
 S[2][1] = +5.606e-01-2.067e-01i, |S[2][1]| = -4.473e+00, arg(S[2][1]) = -2.024e+01
 S[3][1] = +6.624e-01-2.945e-02i, |S[3][1]| = -3.569e+00, arg(S[3][1]) = -2.546e+00

It 13/82: ω/2π = 5.500e+00 GHz (total elapsed time = 2.43e+03 s)

 Sol. ||E|| = 1.581581e+01
 Field energy E (3.419e-13 J) + H (6.564e-12 J) = 6.905e-12 J
 S[1][1] = -2.180e-01+2.293e-01i, |S[1][1]| = -9.995e+00, arg(S[1][1]) = +1.335e+02
 S[2][1] = +5.505e-01-2.247e-01i, |S[2][1]| = -4.516e+00, arg(S[2][1]) = -2.221e+01
 S[3][1] = +6.620e-01-3.220e-02i, |S[3][1]| = -3.573e+00, arg(S[3][1]) = -2.785e+00

It 14/82: ω/2π = 6.000e+00 GHz (total elapsed time = 2.43e+03 s)

 Sol. ||E|| = 1.617969e+01
 Field energy E (3.527e-13 J) + H (6.502e-12 J) = 6.855e-12 J
 S[1][1] = -2.069e-01+2.473e-01i, |S[1][1]| = -9.832e+00, arg(S[1][1]) = +1.299e+02
 S[2][1] = +5.396e-01-2.421e-01i, |S[2][1]| = -4.561e+00, arg(S[2][1]) = -2.417e+01
 S[3][1] = +6.615e-01-3.494e-02i, |S[3][1]| = -3.577e+00, arg(S[3][1]) = -3.023e+00

It 15/82: ω/2π = 6.500e+00 GHz (total elapsed time = 2.43e+03 s)

 Sol. ||E|| = 1.657696e+01
 Field energy E (3.648e-13 J) + H (6.438e-12 J) = 6.803e-12 J
 S[1][1] = -1.952e-01+2.645e-01i, |S[1][1]| = -9.664e+00, arg(S[1][1]) = +1.264e+02
 S[2][1] = +5.281e-01-2.589e-01i, |S[2][1]| = -4.610e+00, arg(S[2][1]) = -2.612e+01
 S[3][1] = +6.611e-01-3.766e-02i, |S[3][1]| = -3.581e+00, arg(S[3][1]) = -3.261e+00

It 16/82: ω/2π = 7.000e+00 GHz (total elapsed time = 2.43e+03 s)

 Sol. ||E|| = 1.700040e+01
 Field energy E (3.780e-13 J) + H (6.372e-12 J) = 6.750e-12 J
 S[1][1] = -1.827e-01+2.811e-01i, |S[1][1]| = -9.493e+00, arg(S[1][1]) = +1.230e+02
 S[2][1] = +5.160e-01-2.750e-01i, |S[2][1]| = -4.662e+00, arg(S[2][1]) = -2.806e+01
 S[3][1] = +6.606e-01-4.037e-02i, |S[3][1]| = -3.585e+00, arg(S[3][1]) = -3.497e+00

It 17/82: ω/2π = 7.500e+00 GHz (total elapsed time = 2.43e+03 s)

 Sol. ||E|| = 1.744418e+01
 Field energy E (3.923e-13 J) + H (6.304e-12 J) = 6.696e-12 J
 S[1][1] = -1.697e-01+2.969e-01i, |S[1][1]| = -9.320e+00, arg(S[1][1]) = +1.198e+02
 S[2][1] = +5.032e-01-2.904e-01i, |S[2][1]| = -4.716e+00, arg(S[2][1]) = -2.999e+01
 S[3][1] = +6.601e-01-4.307e-02i, |S[3][1]| = -3.589e+00, arg(S[3][1]) = -3.733e+00

It 18/82: ω/2π = 8.000e+00 GHz (total elapsed time = 2.43e+03 s)

 Sol. ||E|| = 1.790354e+01
 Field energy E (4.074e-13 J) + H (6.233e-12 J) = 6.640e-12 J
 S[1][1] = -1.561e-01+3.120e-01i, |S[1][1]| = -9.146e+00, arg(S[1][1]) = +1.166e+02
 S[2][1] = +4.899e-01-3.051e-01i, |S[2][1]| = -4.774e+00, arg(S[2][1]) = -3.192e+01
 S[3][1] = +6.596e-01-4.575e-02i, |S[3][1]| = -3.593e+00, arg(S[3][1]) = -3.967e+00

It 19/82: ω/2π = 8.500e+00 GHz (total elapsed time = 2.43e+03 s)

 Sol. ||E|| = 1.837452e+01
 Field energy E (4.234e-13 J) + H (6.160e-12 J) = 6.583e-12 J
 S[1][1] = -1.420e-01+3.264e-01i, |S[1][1]| = -8.972e+00, arg(S[1][1]) = +1.135e+02
 S[2][1] = +4.762e-01-3.191e-01i, |S[2][1]| = -4.834e+00, arg(S[2][1]) = -3.383e+01
 S[3][1] = +6.591e-01-4.841e-02i, |S[3][1]| = -3.598e+00, arg(S[3][1]) = -4.201e+00

It 20/82: ω/2π = 9.000e+00 GHz (total elapsed time = 2.43e+03 s)

 Sol. ||E|| = 1.885383e+01
 Field energy E (4.401e-13 J) + H (6.085e-12 J) = 6.525e-12 J
 S[1][1] = -1.275e-01+3.400e-01i, |S[1][1]| = -8.799e+00, arg(S[1][1]) = +1.106e+02
 S[2][1] = +4.620e-01-3.323e-01i, |S[2][1]| = -4.896e+00, arg(S[2][1]) = -3.573e+01
 S[3][1] = +6.586e-01-5.106e-02i, |S[3][1]| = -3.602e+00, arg(S[3][1]) = -4.433e+00

It 21/82: ω/2π = 9.500e+00 GHz (total elapsed time = 2.43e+03 s)

 Sol. ||E|| = 1.933872e+01
 Field energy E (4.574e-13 J) + H (6.009e-12 J) = 6.466e-12 J
 S[1][1] = -1.126e-01+3.528e-01i, |S[1][1]| = -8.628e+00, arg(S[1][1]) = +1.077e+02
 S[2][1] = +4.474e-01-3.448e-01i, |S[2][1]| = -4.961e+00, arg(S[2][1]) = -3.762e+01
 S[3][1] = +6.580e-01-5.369e-02i, |S[3][1]| = -3.607e+00, arg(S[3][1]) = -4.665e+00

It 22/82: ω/2π = 1.000e+01 GHz (total elapsed time = 2.43e+03 s)

 Sol. ||E|| = 1.982684e+01
 Field energy E (4.753e-13 J) + H (5.931e-12 J) = 6.406e-12 J
 S[1][1] = -9.728e-02+3.649e-01i, |S[1][1]| = -8.459e+00, arg(S[1][1]) = +1.049e+02
 S[2][1] = +4.324e-01-3.566e-01i, |S[2][1]| = -5.029e+00, arg(S[2][1]) = -3.951e+01
 S[3][1] = +6.574e-01-5.631e-02i, |S[3][1]| = -3.611e+00, arg(S[3][1]) = -4.895e+00

It 23/82: ω/2π = 1.050e+01 GHz (total elapsed time = 2.43e+03 s)

 Sol. ||E|| = 2.031625e+01
 Field energy E (4.937e-13 J) + H (5.851e-12 J) = 6.345e-12 J
 S[1][1] = -8.168e-02+3.762e-01i, |S[1][1]| = -8.292e+00, arg(S[1][1]) = +1.023e+02
 S[2][1] = +4.172e-01-3.676e-01i, |S[2][1]| = -5.098e+00, arg(S[2][1]) = -4.138e+01
 S[3][1] = +6.569e-01-5.891e-02i, |S[3][1]| = -3.616e+00, arg(S[3][1]) = -5.125e+00

It 24/82: ω/2π = 1.100e+01 GHz (total elapsed time = 2.43e+03 s)

 Sol. ||E|| = 2.080528e+01
 Field energy E (5.126e-13 J) + H (5.771e-12 J) = 6.284e-12 J
 S[1][1] = -6.581e-02+3.867e-01i, |S[1][1]| = -8.129e+00, arg(S[1][1]) = +9.966e+01
 S[2][1] = +4.017e-01-3.778e-01i, |S[2][1]| = -5.170e+00, arg(S[2][1]) = -4.324e+01
 S[3][1] = +6.563e-01-6.149e-02i, |S[3][1]| = -3.620e+00, arg(S[3][1]) = -5.353e+00

It 25/82: ω/2π = 1.150e+01 GHz (total elapsed time = 2.43e+03 s)

 Sol. ||E|| = 2.129251e+01
 Field energy E (5.318e-13 J) + H (5.690e-12 J) = 6.222e-12 J
 S[1][1] = -4.972e-02+3.964e-01i, |S[1][1]| = -7.968e+00, arg(S[1][1]) = +9.715e+01
 S[2][1] = +3.860e-01-3.873e-01i, |S[2][1]| = -5.243e+00, arg(S[2][1]) = -4.510e+01
 S[3][1] = +6.557e-01-6.406e-02i, |S[3][1]| = -3.625e+00, arg(S[3][1]) = -5.580e+00

It 26/82: ω/2π = 1.200e+01 GHz (total elapsed time = 2.43e+03 s)

 Sol. ||E|| = 2.177675e+01
 Field energy E (5.514e-13 J) + H (5.608e-12 J) = 6.160e-12 J
 S[1][1] = -3.345e-02+4.055e-01i, |S[1][1]| = -7.812e+00, arg(S[1][1]) = +9.472e+01
 S[2][1] = +3.701e-01-3.960e-01i, |S[2][1]| = -5.319e+00, arg(S[2][1]) = -4.694e+01
 S[3][1] = +6.550e-01-6.661e-02i, |S[3][1]| = -3.630e+00, arg(S[3][1]) = -5.807e+00

It 27/82: ω/2π = 1.250e+01 GHz (total elapsed time = 2.43e+03 s)

 Sol. ||E|| = 2.225699e+01
 Field energy E (5.712e-13 J) + H (5.526e-12 J) = 6.097e-12 J
 S[1][1] = -1.704e-02+4.137e-01i, |S[1][1]| = -7.659e+00, arg(S[1][1]) = +9.236e+01
 S[2][1] = +3.541e-01-4.041e-01i, |S[2][1]| = -5.396e+00, arg(S[2][1]) = -4.877e+01
 S[3][1] = +6.544e-01-6.915e-02i, |S[3][1]| = -3.635e+00, arg(S[3][1]) = -6.032e+00

It 28/82: ω/2π = 1.300e+01 GHz (total elapsed time = 2.43e+03 s)

 Sol. ||E|| = 2.273239e+01
 Field energy E (5.913e-13 J) + H (5.443e-12 J) = 6.034e-12 J
 S[1][1] = -5.298e-04+4.212e-01i, |S[1][1]| = -7.509e+00, arg(S[1][1]) = +9.007e+01
 S[2][1] = +3.380e-01-4.114e-01i, |S[2][1]| = -5.475e+00, arg(S[2][1]) = -5.060e+01
 S[3][1] = +6.538e-01-7.168e-02i, |S[3][1]| = -3.640e+00, arg(S[3][1]) = -6.257e+00

It 29/82: ω/2π = 1.350e+01 GHz (total elapsed time = 2.43e+03 s)

 Sol. ||E|| = 2.320222e+01
 Field energy E (6.116e-13 J) + H (5.360e-12 J) = 5.972e-12 J
 S[1][1] = +1.606e-02+4.281e-01i, |S[1][1]| = -7.364e+00, arg(S[1][1]) = +8.785e+01
 S[2][1] = +3.218e-01-4.180e-01i, |S[2][1]| = -5.555e+00, arg(S[2][1]) = -5.241e+01
 S[3][1] = +6.531e-01-7.419e-02i, |S[3][1]| = -3.644e+00, arg(S[3][1]) = -6.481e+00

It 30/82: ω/2π = 1.400e+01 GHz (total elapsed time = 2.43e+03 s)

 Sol. ||E|| = 2.366588e+01
 Field energy E (6.320e-13 J) + H (5.277e-12 J) = 5.909e-12 J
 S[1][1] = +3.268e-02+4.342e-01i, |S[1][1]| = -7.223e+00, arg(S[1][1]) = +8.570e+01
 S[2][1] = +3.056e-01-4.239e-01i, |S[2][1]| = -5.637e+00, arg(S[2][1]) = -5.422e+01
 S[3][1] = +6.525e-01-7.669e-02i, |S[3][1]| = -3.649e+00, arg(S[3][1]) = -6.704e+00

It 31/82: ω/2π = 1.450e+01 GHz (total elapsed time = 2.43e+03 s)

 Sol. ||E|| = 2.412289e+01
 Field energy E (6.525e-13 J) + H (5.194e-12 J) = 5.846e-12 J
 S[1][1] = +4.931e-02+4.396e-01i, |S[1][1]| = -7.085e+00, arg(S[1][1]) = +8.360e+01
 S[2][1] = +2.893e-01-4.292e-01i, |S[2][1]| = -5.720e+00, arg(S[2][1]) = -5.601e+01
 S[3][1] = +6.518e-01-7.917e-02i, |S[3][1]| = -3.654e+00, arg(S[3][1]) = -6.926e+00

It 32/82: ω/2π = 1.500e+01 GHz (total elapsed time = 2.43e+03 s)

 Sol. ||E|| = 2.457283e+01
 Field energy E (6.731e-13 J) + H (5.111e-12 J) = 5.784e-12 J
 S[1][1] = +6.592e-02+4.443e-01i, |S[1][1]| = -6.952e+00, arg(S[1][1]) = +8.156e+01
 S[2][1] = +2.731e-01-4.338e-01i, |S[2][1]| = -5.804e+00, arg(S[2][1]) = -5.780e+01
 S[3][1] = +6.511e-01-8.165e-02i, |S[3][1]| = -3.659e+00, arg(S[3][1]) = -7.147e+00

It 33/82: ω/2π = 1.550e+01 GHz (total elapsed time = 2.43e+03 s)

 Sol. ||E|| = 2.501537e+01
 Field energy E (6.938e-13 J) + H (5.029e-12 J) = 5.722e-12 J
 S[1][1] = +8.247e-02+4.484e-01i, |S[1][1]| = -6.823e+00, arg(S[1][1]) = +7.958e+01
 S[2][1] = +2.570e-01-4.377e-01i, |S[2][1]| = -5.890e+00, arg(S[2][1]) = -5.959e+01
 S[3][1] = +6.504e-01-8.411e-02i, |S[3][1]| = -3.664e+00, arg(S[3][1]) = -7.368e+00

It 34/82: ω/2π = 1.600e+01 GHz (total elapsed time = 2.43e+03 s)

 Sol. ||E|| = 2.545024e+01
 Field energy E (7.144e-13 J) + H (4.946e-12 J) = 5.661e-12 J
 S[1][1] = +9.896e-02+4.518e-01i, |S[1][1]| = -6.697e+00, arg(S[1][1]) = +7.765e+01
 S[2][1] = +2.409e-01-4.411e-01i, |S[2][1]| = -5.976e+00, arg(S[2][1]) = -6.136e+01
 S[3][1] = +6.497e-01-8.656e-02i, |S[3][1]| = -3.669e+00, arg(S[3][1]) = -7.588e+00

It 35/82: ω/2π = 1.650e+01 GHz (total elapsed time = 2.43e+03 s)

 Sol. ||E|| = 2.587724e+01
 Field energy E (7.351e-13 J) + H (4.865e-12 J) = 5.600e-12 J
 S[1][1] = +1.153e-01+4.546e-01i, |S[1][1]| = -6.576e+00, arg(S[1][1]) = +7.576e+01
 S[2][1] = +2.249e-01-4.438e-01i, |S[2][1]| = -6.063e+00, arg(S[2][1]) = -6.313e+01
 S[3][1] = +6.490e-01-8.900e-02i, |S[3][1]| = -3.674e+00, arg(S[3][1]) = -7.808e+00

It 36/82: ω/2π = 1.700e+01 GHz (total elapsed time = 2.43e+03 s)

 Sol. ||E|| = 2.629620e+01
 Field energy E (7.557e-13 J) + H (4.784e-12 J) = 5.539e-12 J
 S[1][1] = +1.316e-01+4.569e-01i, |S[1][1]| = -6.458e+00, arg(S[1][1]) = +7.393e+01
 S[2][1] = +2.090e-01-4.459e-01i, |S[2][1]| = -6.152e+00, arg(S[2][1]) = -6.488e+01
 S[3][1] = +6.483e-01-9.142e-02i, |S[3][1]| = -3.678e+00, arg(S[3][1]) = -8.026e+00

It 37/82: ω/2π = 1.750e+01 GHz (total elapsed time = 2.43e+03 s)

 Sol. ||E|| = 2.670703e+01
 Field energy E (7.762e-13 J) + H (4.703e-12 J) = 5.479e-12 J
 S[1][1] = +1.477e-01+4.585e-01i, |S[1][1]| = -6.344e+00, arg(S[1][1]) = +7.214e+01
 S[2][1] = +1.933e-01-4.475e-01i, |S[2][1]| = -6.241e+00, arg(S[2][1]) = -6.664e+01
 S[3][1] = +6.476e-01-9.384e-02i, |S[3][1]| = -3.683e+00, arg(S[3][1]) = -8.245e+00

It 38/82: ω/2π = 1.800e+01 GHz (total elapsed time = 2.43e+03 s)

 Sol. ||E|| = 2.710963e+01
 Field energy E (7.966e-13 J) + H (4.623e-12 J) = 5.420e-12 J
 S[1][1] = +1.637e-01+4.596e-01i, |S[1][1]| = -6.234e+00, arg(S[1][1]) = +7.039e+01
 S[2][1] = +1.777e-01-4.485e-01i, |S[2][1]| = -6.330e+00, arg(S[2][1]) = -6.838e+01
 S[3][1] = +6.469e-01-9.625e-02i, |S[3][1]| = -3.688e+00, arg(S[3][1]) = -8.463e+00

It 39/82: ω/2π = 1.850e+01 GHz (total elapsed time = 2.43e+03 s)

 Sol. ||E|| = 2.750397e+01
 Field energy E (8.169e-13 J) + H (4.544e-12 J) = 5.361e-12 J
 S[1][1] = +1.795e-01+4.601e-01i, |S[1][1]| = -6.128e+00, arg(S[1][1]) = +6.869e+01
 S[2][1] = +1.623e-01-4.490e-01i, |S[2][1]| = -6.421e+00, arg(S[2][1]) = -7.012e+01
 S[3][1] = +6.462e-01-9.866e-02i, |S[3][1]| = -3.693e+00, arg(S[3][1]) = -8.680e+00

It 40/82: ω/2π = 1.900e+01 GHz (total elapsed time = 2.43e+03 s)

 Sol. ||E|| = 2.789003e+01
 Field energy E (8.371e-13 J) + H (4.466e-12 J) = 5.304e-12 J
 S[1][1] = +1.951e-01+4.601e-01i, |S[1][1]| = -6.025e+00, arg(S[1][1]) = +6.702e+01
 S[2][1] = +1.471e-01-4.490e-01i, |S[2][1]| = -6.512e+00, arg(S[2][1]) = -7.186e+01
 S[3][1] = +6.455e-01-1.010e-01i, |S[3][1]| = -3.697e+00, arg(S[3][1]) = -8.898e+00

It 41/82: ω/2π = 1.950e+01 GHz (total elapsed time = 2.43e+03 s)

 Sol. ||E|| = 2.826782e+01
 Field energy E (8.572e-13 J) + H (4.389e-12 J) = 5.246e-12 J
 S[1][1] = +2.105e-01+4.596e-01i, |S[1][1]| = -5.925e+00, arg(S[1][1]) = +6.539e+01
 S[2][1] = +1.321e-01-4.485e-01i, |S[2][1]| = -6.603e+00, arg(S[2][1]) = -7.359e+01
 S[3][1] = +6.447e-01-1.034e-01i, |S[3][1]| = -3.702e+00, arg(S[3][1]) = -9.114e+00

It 42/82: ω/2π = 2.000e+01 GHz (total elapsed time = 2.43e+03 s)

 Sol. ||E|| = 2.863738e+01
 Field energy E (8.770e-13 J) + H (4.313e-12 J) = 5.190e-12 J
 S[1][1] = +2.257e-01+4.586e-01i, |S[1][1]| = -5.829e+00, arg(S[1][1]) = +6.379e+01
 S[2][1] = +1.173e-01-4.475e-01i, |S[2][1]| = -6.695e+00, arg(S[2][1]) = -7.531e+01
 S[3][1] = +6.440e-01-1.058e-01i, |S[3][1]| = -3.707e+00, arg(S[3][1]) = -9.331e+00

It 43/82: ω/2π = 2.050e+01 GHz (total elapsed time = 2.43e+03 s)

 Sol. ||E|| = 2.899876e+01
 Field energy E (8.967e-13 J) + H (4.238e-12 J) = 5.135e-12 J
 S[1][1] = +2.407e-01+4.572e-01i, |S[1][1]| = -5.736e+00, arg(S[1][1]) = +6.223e+01
 S[2][1] = +1.027e-01-4.461e-01i, |S[2][1]| = -6.787e+00, arg(S[2][1]) = -7.703e+01
 S[3][1] = +6.432e-01-1.082e-01i, |S[3][1]| = -3.711e+00, arg(S[3][1]) = -9.547e+00

It 44/82: ω/2π = 2.100e+01 GHz (total elapsed time = 2.43e+03 s)

 Sol. ||E|| = 2.935202e+01
 Field energy E (9.162e-13 J) + H (4.164e-12 J) = 5.080e-12 J
 S[1][1] = +2.554e-01+4.553e-01i, |S[1][1]| = -5.646e+00, arg(S[1][1]) = +6.071e+01
 S[2][1] = +8.841e-02-4.442e-01i, |S[2][1]| = -6.879e+00, arg(S[2][1]) = -7.874e+01
 S[3][1] = +6.425e-01-1.106e-01i, |S[3][1]| = -3.716e+00, arg(S[3][1]) = -9.763e+00

It 45/82: ω/2π = 2.150e+01 GHz (total elapsed time = 2.43e+03 s)

 Sol. ||E|| = 2.969725e+01
 Field energy E (9.355e-13 J) + H (4.091e-12 J) = 5.026e-12 J
 S[1][1] = +2.699e-01+4.530e-01i, |S[1][1]| = -5.559e+00, arg(S[1][1]) = +5.921e+01
 S[2][1] = +7.431e-02-4.420e-01i, |S[2][1]| = -6.971e+00, arg(S[2][1]) = -8.045e+01
 S[3][1] = +6.417e-01-1.129e-01i, |S[3][1]| = -3.721e+00, arg(S[3][1]) = -9.979e+00

It 46/82: ω/2π = 2.200e+01 GHz (total elapsed time = 2.43e+03 s)

 Sol. ||E|| = 3.003454e+01
 Field energy E (9.546e-13 J) + H (4.019e-12 J) = 4.973e-12 J
 S[1][1] = +2.841e-01+4.502e-01i, |S[1][1]| = -5.475e+00, arg(S[1][1]) = +5.774e+01
 S[2][1] = +6.047e-02-4.393e-01i, |S[2][1]| = -7.064e+00, arg(S[2][1]) = -8.216e+01
 S[3][1] = +6.410e-01-1.153e-01i, |S[3][1]| = -3.725e+00, arg(S[3][1]) = -1.019e+01

It 47/82: ω/2π = 2.250e+01 GHz (total elapsed time = 2.43e+03 s)

 Sol. ||E|| = 3.036400e+01
 Field energy E (9.735e-13 J) + H (3.948e-12 J) = 4.921e-12 J
 S[1][1] = +2.981e-01+4.471e-01i, |S[1][1]| = -5.395e+00, arg(S[1][1]) = +5.631e+01
 S[2][1] = +4.688e-02-4.362e-01i, |S[2][1]| = -7.156e+00, arg(S[2][1]) = -8.387e+01
 S[3][1] = +6.402e-01-1.176e-01i, |S[3][1]| = -3.730e+00, arg(S[3][1]) = -1.041e+01

It 48/82: ω/2π = 2.300e+01 GHz (total elapsed time = 2.44e+03 s)

 Sol. ||E|| = 3.068572e+01
 Field energy E (9.921e-13 J) + H (3.878e-12 J) = 4.870e-12 J
 S[1][1] = +3.118e-01+4.436e-01i, |S[1][1]| = -5.317e+00, arg(S[1][1]) = +5.490e+01
 S[2][1] = +3.356e-02-4.328e-01i, |S[2][1]| = -7.249e+00, arg(S[2][1]) = -8.557e+01
 S[3][1] = +6.394e-01-1.200e-01i, |S[3][1]| = -3.734e+00, arg(S[3][1]) = -1.063e+01

It 49/82: ω/2π = 2.350e+01 GHz (total elapsed time = 2.44e+03 s)

 Sol. ||E|| = 3.099985e+01
 Field energy E (1.011e-12 J) + H (3.809e-12 J) = 4.820e-12 J
 S[1][1] = +3.252e-01+4.397e-01i, |S[1][1]| = -5.241e+00, arg(S[1][1]) = +5.351e+01
 S[2][1] = +2.051e-02-4.290e-01i, |S[2][1]| = -7.341e+00, arg(S[2][1]) = -8.726e+01
 S[3][1] = +6.386e-01-1.223e-01i, |S[3][1]| = -3.738e+00, arg(S[3][1]) = -1.084e+01

It 50/82: ω/2π = 2.400e+01 GHz (total elapsed time = 2.44e+03 s)

 Sol. ||E|| = 3.130649e+01
 Field energy E (1.029e-12 J) + H (3.742e-12 J) = 4.770e-12 J
 S[1][1] = +3.384e-01+4.355e-01i, |S[1][1]| = -5.169e+00, arg(S[1][1]) = +5.215e+01
 S[2][1] = +7.730e-03-4.249e-01i, |S[2][1]| = -7.433e+00, arg(S[2][1]) = -8.896e+01
 S[3][1] = +6.379e-01-1.246e-01i, |S[3][1]| = -3.743e+00, arg(S[3][1]) = -1.106e+01

It 51/82: ω/2π = 2.450e+01 GHz (total elapsed time = 2.44e+03 s)

 Sol. ||E|| = 3.160578e+01
 Field energy E (1.047e-12 J) + H (3.675e-12 J) = 4.722e-12 J
 S[1][1] = +3.513e-01+4.310e-01i, |S[1][1]| = -5.099e+00, arg(S[1][1]) = +5.082e+01
 S[2][1] = -4.771e-03-4.205e-01i, |S[2][1]| = -7.525e+00, arg(S[2][1]) = -9.065e+01
 S[3][1] = +6.371e-01-1.270e-01i, |S[3][1]| = -3.747e+00, arg(S[3][1]) = -1.127e+01

It 52/82: ω/2π = 2.500e+01 GHz (total elapsed time = 2.44e+03 s)

 Sol. ||E|| = 3.189786e+01
 Field energy E (1.064e-12 J) + H (3.610e-12 J) = 4.675e-12 J
 S[1][1] = +3.638e-01+4.262e-01i, |S[1][1]| = -5.031e+00, arg(S[1][1]) = +4.951e+01
 S[2][1] = -1.699e-02-4.157e-01i, |S[2][1]| = -7.616e+00, arg(S[2][1]) = -9.234e+01
 S[3][1] = +6.363e-01-1.293e-01i, |S[3][1]| = -3.752e+00, arg(S[3][1]) = -1.149e+01

It 53/82: ω/2π = 2.550e+01 GHz (total elapsed time = 2.44e+03 s)

 Sol. ||E|| = 3.218286e+01
 Field energy E (1.082e-12 J) + H (3.546e-12 J) = 4.628e-12 J
 S[1][1] = +3.761e-01+4.210e-01i, |S[1][1]| = -4.966e+00, arg(S[1][1]) = +4.822e+01
 S[2][1] = -2.893e-02-4.107e-01i, |S[2][1]| = -7.707e+00, arg(S[2][1]) = -9.403e+01
 S[3][1] = +6.355e-01-1.316e-01i, |S[3][1]| = -3.756e+00, arg(S[3][1]) = -1.170e+01

It 54/82: ω/2π = 2.600e+01 GHz (total elapsed time = 2.44e+03 s)

 Sol. ||E|| = 3.246092e+01
 Field energy E (1.099e-12 J) + H (3.484e-12 J) = 4.582e-12 J
 S[1][1] = +3.882e-01+4.156e-01i, |S[1][1]| = -4.903e+00, arg(S[1][1]) = +4.696e+01
 S[2][1] = -4.058e-02-4.055e-01i, |S[2][1]| = -7.798e+00, arg(S[2][1]) = -9.572e+01
 S[3][1] = +6.346e-01-1.339e-01i, |S[3][1]| = -3.760e+00, arg(S[3][1]) = -1.192e+01

It 55/82: ω/2π = 2.650e+01 GHz (total elapsed time = 2.44e+03 s)

 Sol. ||E|| = 3.273219e+01
 Field energy E (1.116e-12 J) + H (3.422e-12 J) = 4.538e-12 J
 S[1][1] = +3.999e-01+4.099e-01i, |S[1][1]| = -4.842e+00, arg(S[1][1]) = +4.571e+01
 S[2][1] = -5.195e-02-3.999e-01i, |S[2][1]| = -7.888e+00, arg(S[2][1]) = -9.740e+01
 S[3][1] = +6.338e-01-1.363e-01i, |S[3][1]| = -3.764e+00, arg(S[3][1]) = -1.213e+01

It 56/82: ω/2π = 2.700e+01 GHz (total elapsed time = 2.44e+03 s)

 Sol. ||E|| = 3.299680e+01
 Field energy E (1.132e-12 J) + H (3.362e-12 J) = 4.494e-12 J
 S[1][1] = +4.113e-01+4.040e-01i, |S[1][1]| = -4.784e+00, arg(S[1][1]) = +4.449e+01
 S[2][1] = -6.303e-02-3.942e-01i, |S[2][1]| = -7.977e+00, arg(S[2][1]) = -9.908e+01
 S[3][1] = +6.330e-01-1.386e-01i, |S[3][1]| = -3.768e+00, arg(S[3][1]) = -1.235e+01

It 57/82: ω/2π = 2.750e+01 GHz (total elapsed time = 2.44e+03 s)

 Sol. ||E|| = 3.325489e+01
 Field energy E (1.149e-12 J) + H (3.302e-12 J) = 4.451e-12 J
 S[1][1] = +4.225e-01+3.978e-01i, |S[1][1]| = -4.727e+00, arg(S[1][1]) = +4.328e+01
 S[2][1] = -7.382e-02-3.881e-01i, |S[2][1]| = -8.066e+00, arg(S[2][1]) = -1.008e+02
 S[3][1] = +6.322e-01-1.409e-01i, |S[3][1]| = -3.773e+00, arg(S[3][1]) = -1.257e+01

It 58/82: ω/2π = 2.800e+01 GHz (total elapsed time = 2.44e+03 s)

 Sol. ||E|| = 3.350662e+01
 Field energy E (1.165e-12 J) + H (3.244e-12 J) = 4.409e-12 J
 S[1][1] = +4.333e-01+3.914e-01i, |S[1][1]| = -4.673e+00, arg(S[1][1]) = +4.209e+01
 S[2][1] = -8.432e-02-3.819e-01i, |S[2][1]| = -8.154e+00, arg(S[2][1]) = -1.025e+02
 S[3][1] = +6.313e-01-1.432e-01i, |S[3][1]| = -3.777e+00, arg(S[3][1]) = -1.278e+01

It 59/82: ω/2π = 2.850e+01 GHz (total elapsed time = 2.44e+03 s)

 Sol. ||E|| = 3.375212e+01
 Field energy E (1.181e-12 J) + H (3.187e-12 J) = 4.368e-12 J
 S[1][1] = +4.439e-01+3.848e-01i, |S[1][1]| = -4.621e+00, arg(S[1][1]) = +4.092e+01
 S[2][1] = -9.454e-02-3.755e-01i, |S[2][1]| = -8.240e+00, arg(S[2][1]) = -1.041e+02
 S[3][1] = +6.305e-01-1.455e-01i, |S[3][1]| = -3.781e+00, arg(S[3][1]) = -1.300e+01

It 60/82: ω/2π = 2.900e+01 GHz (total elapsed time = 2.44e+03 s)

 Sol. ||E|| = 3.399154e+01
 Field energy E (1.196e-12 J) + H (3.132e-12 J) = 4.328e-12 J
 S[1][1] = +4.541e-01+3.780e-01i, |S[1][1]| = -4.570e+00, arg(S[1][1]) = +3.977e+01
 S[2][1] = -1.045e-01-3.689e-01i, |S[2][1]| = -8.327e+00, arg(S[2][1]) = -1.058e+02
 S[3][1] = +6.297e-01-1.479e-01i, |S[3][1]| = -3.785e+00, arg(S[3][1]) = -1.321e+01

It 61/82: ω/2π = 2.950e+01 GHz (total elapsed time = 2.44e+03 s)

 Sol. ||E|| = 3.422502e+01
 Field energy E (1.211e-12 J) + H (3.077e-12 J) = 4.288e-12 J
 S[1][1] = +4.641e-01+3.710e-01i, |S[1][1]| = -4.522e+00, arg(S[1][1]) = +3.864e+01
 S[2][1] = -1.141e-01-3.621e-01i, |S[2][1]| = -8.412e+00, arg(S[2][1]) = -1.075e+02
 S[3][1] = +6.288e-01-1.502e-01i, |S[3][1]| = -3.789e+00, arg(S[3][1]) = -1.343e+01

It 62/82: ω/2π = 3.000e+01 GHz (total elapsed time = 2.44e+03 s)

 Sol. ||E|| = 3.445269e+01
 Field energy E (1.226e-12 J) + H (3.023e-12 J) = 4.250e-12 J
 S[1][1] = +4.738e-01+3.638e-01i, |S[1][1]| = -4.475e+00, arg(S[1][1]) = +3.752e+01
 S[2][1] = -1.235e-01-3.552e-01i, |S[2][1]| = -8.496e+00, arg(S[2][1]) = -1.092e+02
 S[3][1] = +6.279e-01-1.525e-01i, |S[3][1]| = -3.793e+00, arg(S[3][1]) = -1.365e+01

It 63/82: ω/2π = 3.050e+01 GHz (total elapsed time = 2.44e+03 s)

 Sol. ||E|| = 3.467470e+01
 Field energy E (1.241e-12 J) + H (2.971e-12 J) = 4.212e-12 J
 S[1][1] = +4.833e-01+3.565e-01i, |S[1][1]| = -4.430e+00, arg(S[1][1]) = +3.641e+01
 S[2][1] = -1.326e-01-3.481e-01i, |S[2][1]| = -8.579e+00, arg(S[2][1]) = -1.109e+02
 S[3][1] = +6.271e-01-1.548e-01i, |S[3][1]| = -3.797e+00, arg(S[3][1]) = -1.387e+01

It 64/82: ω/2π = 3.100e+01 GHz (total elapsed time = 2.44e+03 s)

 Sol. ||E|| = 3.489117e+01
 Field energy E (1.256e-12 J) + H (2.920e-12 J) = 4.176e-12 J
 S[1][1] = +4.924e-01+3.490e-01i, |S[1][1]| = -4.386e+00, arg(S[1][1]) = +3.533e+01
 S[2][1] = -1.414e-01-3.408e-01i, |S[2][1]| = -8.660e+00, arg(S[2][1]) = -1.125e+02
 S[3][1] = +6.262e-01-1.571e-01i, |S[3][1]| = -3.801e+00, arg(S[3][1]) = -1.408e+01

It 65/82: ω/2π = 3.150e+01 GHz (total elapsed time = 2.44e+03 s)

 Sol. ||E|| = 3.510226e+01
 Field energy E (1.270e-12 J) + H (2.870e-12 J) = 4.140e-12 J
 S[1][1] = +5.012e-01+3.413e-01i, |S[1][1]| = -4.345e+00, arg(S[1][1]) = +3.425e+01
 S[2][1] = -1.499e-01-3.334e-01i, |S[2][1]| = -8.741e+00, arg(S[2][1]) = -1.142e+02
 S[3][1] = +6.253e-01-1.594e-01i, |S[3][1]| = -3.805e+00, arg(S[3][1]) = -1.430e+01

It 66/82: ω/2π = 3.200e+01 GHz (total elapsed time = 2.44e+03 s)

 Sol. ||E|| = 3.530808e+01
 Field energy E (1.284e-12 J) + H (2.820e-12 J) = 4.105e-12 J
 S[1][1] = +5.098e-01+3.335e-01i, |S[1][1]| = -4.305e+00, arg(S[1][1]) = +3.319e+01
 S[2][1] = -1.582e-01-3.259e-01i, |S[2][1]| = -8.820e+00, arg(S[2][1]) = -1.159e+02
 S[3][1] = +6.244e-01-1.617e-01i, |S[3][1]| = -3.809e+00, arg(S[3][1]) = -1.452e+01

It 67/82: ω/2π = 3.250e+01 GHz (total elapsed time = 2.44e+03 s)

 Sol. ||E|| = 3.550878e+01
 Field energy E (1.298e-12 J) + H (2.772e-12 J) = 4.070e-12 J
 S[1][1] = +5.181e-01+3.256e-01i, |S[1][1]| = -4.266e+00, arg(S[1][1]) = +3.215e+01
 S[2][1] = -1.662e-01-3.182e-01i, |S[2][1]| = -8.898e+00, arg(S[2][1]) = -1.176e+02
 S[3][1] = +6.235e-01-1.641e-01i, |S[3][1]| = -3.813e+00, arg(S[3][1]) = -1.474e+01

It 68/82: ω/2π = 3.300e+01 GHz (total elapsed time = 2.44e+03 s)

 Sol. ||E|| = 3.570447e+01
 Field energy E (1.311e-12 J) + H (2.725e-12 J) = 4.037e-12 J
 S[1][1] = +5.261e-01+3.176e-01i, |S[1][1]| = -4.229e+00, arg(S[1][1]) = +3.112e+01
 S[2][1] = -1.739e-01-3.105e-01i, |S[2][1]| = -8.974e+00, arg(S[2][1]) = -1.192e+02
 S[3][1] = +6.226e-01-1.664e-01i, |S[3][1]| = -3.816e+00, arg(S[3][1]) = -1.496e+01

It 69/82: ω/2π = 3.350e+01 GHz (total elapsed time = 2.44e+03 s)

 Sol. ||E|| = 3.589529e+01
 Field energy E (1.325e-12 J) + H (2.679e-12 J) = 4.004e-12 J
 S[1][1] = +5.339e-01+3.094e-01i, |S[1][1]| = -4.193e+00, arg(S[1][1]) = +3.010e+01
 S[2][1] = -1.813e-01-3.027e-01i, |S[2][1]| = -9.049e+00, arg(S[2][1]) = -1.209e+02
 S[3][1] = +6.217e-01-1.687e-01i, |S[3][1]| = -3.820e+00, arg(S[3][1]) = -1.518e+01

It 70/82: ω/2π = 3.400e+01 GHz (total elapsed time = 2.44e+03 s)

 Sol. ||E|| = 3.608135e+01
 Field energy E (1.338e-12 J) + H (2.634e-12 J) = 3.972e-12 J
 S[1][1] = +5.414e-01+3.012e-01i, |S[1][1]| = -4.159e+00, arg(S[1][1]) = +2.909e+01
 S[2][1] = -1.885e-01-2.947e-01i, |S[2][1]| = -9.122e+00, arg(S[2][1]) = -1.226e+02
 S[3][1] = +6.208e-01-1.710e-01i, |S[3][1]| = -3.824e+00, arg(S[3][1]) = -1.540e+01

It 71/82: ω/2π = 3.450e+01 GHz (total elapsed time = 2.44e+03 s)

 Sol. ||E|| = 3.626279e+01
 Field energy E (1.351e-12 J) + H (2.591e-12 J) = 3.941e-12 J
 S[1][1] = +5.486e-01+2.929e-01i, |S[1][1]| = -4.126e+00, arg(S[1][1]) = +2.809e+01
 S[2][1] = -1.954e-01-2.867e-01i, |S[2][1]| = -9.194e+00, arg(S[2][1]) = -1.243e+02
 S[3][1] = +6.198e-01-1.733e-01i, |S[3][1]| = -3.828e+00, arg(S[3][1]) = -1.562e+01

It 72/82: ω/2π = 3.500e+01 GHz (total elapsed time = 2.44e+03 s)

 Sol. ||E|| = 3.643971e+01
 Field energy E (1.363e-12 J) + H (2.548e-12 J) = 3.911e-12 J
 S[1][1] = +5.556e-01+2.844e-01i, |S[1][1]| = -4.094e+00, arg(S[1][1]) = +2.711e+01
 S[2][1] = -2.021e-01-2.786e-01i, |S[2][1]| = -9.264e+00, arg(S[2][1]) = -1.260e+02
 S[3][1] = +6.189e-01-1.756e-01i, |S[3][1]| = -3.831e+00, arg(S[3][1]) = -1.585e+01

It 73/82: ω/2π = 3.550e+01 GHz (total elapsed time = 2.44e+03 s)

 Sol. ||E|| = 3.661224e+01
 Field energy E (1.375e-12 J) + H (2.506e-12 J) = 3.881e-12 J
 S[1][1] = +5.623e-01+2.759e-01i, |S[1][1]| = -4.064e+00, arg(S[1][1]) = +2.614e+01
 S[2][1] = -2.085e-01-2.704e-01i, |S[2][1]| = -9.332e+00, arg(S[2][1]) = -1.276e+02
 S[3][1] = +6.179e-01-1.780e-01i, |S[3][1]| = -3.835e+00, arg(S[3][1]) = -1.607e+01

It 74/82: ω/2π = 3.600e+01 GHz (total elapsed time = 2.44e+03 s)

 Sol. ||E|| = 3.678049e+01
 Field energy E (1.388e-12 J) + H (2.464e-12 J) = 3.852e-12 J
 S[1][1] = +5.687e-01+2.673e-01i, |S[1][1]| = -4.035e+00, arg(S[1][1]) = +2.518e+01
 S[2][1] = -2.147e-01-2.622e-01i, |S[2][1]| = -9.399e+00, arg(S[2][1]) = -1.293e+02
 S[3][1] = +6.170e-01-1.803e-01i, |S[3][1]| = -3.839e+00, arg(S[3][1]) = -1.629e+01

It 75/82: ω/2π = 3.650e+01 GHz (total elapsed time = 2.44e+03 s)

 Sol. ||E|| = 3.694457e+01
 Field energy E (1.400e-12 J) + H (2.424e-12 J) = 3.824e-12 J
 S[1][1] = +5.749e-01+2.587e-01i, |S[1][1]| = -4.007e+00, arg(S[1][1]) = +2.422e+01
 S[2][1] = -2.206e-01-2.539e-01i, |S[2][1]| = -9.464e+00, arg(S[2][1]) = -1.310e+02
 S[3][1] = +6.160e-01-1.826e-01i, |S[3][1]| = -3.842e+00, arg(S[3][1]) = -1.651e+01

It 76/82: ω/2π = 3.700e+01 GHz (total elapsed time = 2.44e+03 s)

 Sol. ||E|| = 3.710458e+01
 Field energy E (1.411e-12 J) + H (2.385e-12 J) = 3.796e-12 J
 S[1][1] = +5.809e-01+2.500e-01i, |S[1][1]| = -3.981e+00, arg(S[1][1]) = +2.328e+01
 S[2][1] = -2.263e-01-2.456e-01i, |S[2][1]| = -9.526e+00, arg(S[2][1]) = -1.327e+02
 S[3][1] = +6.150e-01-1.850e-01i, |S[3][1]| = -3.846e+00, arg(S[3][1]) = -1.674e+01

It 77/82: ω/2π = 3.750e+01 GHz (total elapsed time = 2.44e+03 s)

 Sol. ||E|| = 3.726065e+01
 Field energy E (1.423e-12 J) + H (2.347e-12 J) = 3.770e-12 J
 S[1][1] = +5.866e-01+2.412e-01i, |S[1][1]| = -3.955e+00, arg(S[1][1]) = +2.235e+01
 S[2][1] = -2.318e-01-2.372e-01i, |S[2][1]| = -9.587e+00, arg(S[2][1]) = -1.343e+02
 S[3][1] = +6.140e-01-1.873e-01i, |S[3][1]| = -3.850e+00, arg(S[3][1]) = -1.696e+01

It 78/82: ω/2π = 3.800e+01 GHz (total elapsed time = 2.44e+03 s)

 Sol. ||E|| = 3.741286e+01
 Field energy E (1.434e-12 J) + H (2.309e-12 J) = 3.743e-12 J
 S[1][1] = +5.920e-01+2.324e-01i, |S[1][1]| = -3.931e+00, arg(S[1][1]) = +2.143e+01
 S[2][1] = -2.370e-01-2.288e-01i, |S[2][1]| = -9.646e+00, arg(S[2][1]) = -1.360e+02
 S[3][1] = +6.130e-01-1.896e-01i, |S[3][1]| = -3.853e+00, arg(S[3][1]) = -1.719e+01

It 79/82: ω/2π = 3.850e+01 GHz (total elapsed time = 2.44e+03 s)

 Sol. ||E|| = 3.756133e+01
 Field energy E (1.445e-12 J) + H (2.273e-12 J) = 3.718e-12 J
 S[1][1] = +5.973e-01+2.235e-01i, |S[1][1]| = -3.907e+00, arg(S[1][1]) = +2.052e+01
 S[2][1] = -2.419e-01-2.203e-01i, |S[2][1]| = -9.703e+00, arg(S[2][1]) = -1.377e+02
 S[3][1] = +6.120e-01-1.920e-01i, |S[3][1]| = -3.857e+00, arg(S[3][1]) = -1.741e+01

It 80/82: ω/2π = 3.900e+01 GHz (total elapsed time = 2.44e+03 s)

 Sol. ||E|| = 3.770615e+01
 Field energy E (1.456e-12 J) + H (2.237e-12 J) = 3.693e-12 J
 S[1][1] = +6.023e-01+2.146e-01i, |S[1][1]| = -3.885e+00, arg(S[1][1]) = +1.961e+01
 S[2][1] = -2.467e-01-2.119e-01i, |S[2][1]| = -9.758e+00, arg(S[2][1]) = -1.393e+02
 S[3][1] = +6.110e-01-1.943e-01i, |S[3][1]| = -3.860e+00, arg(S[3][1]) = -1.764e+01

It 81/82: ω/2π = 3.950e+01 GHz (total elapsed time = 2.44e+03 s)

 Sol. ||E|| = 3.784741e+01
 Field energy E (1.467e-12 J) + H (2.202e-12 J) = 3.669e-12 J
 S[1][1] = +6.070e-01+2.057e-01i, |S[1][1]| = -3.864e+00, arg(S[1][1]) = +1.872e+01
 S[2][1] = -2.512e-01-2.034e-01i, |S[2][1]| = -9.810e+00, arg(S[2][1]) = -1.410e+02
 S[3][1] = +6.100e-01-1.967e-01i, |S[3][1]| = -3.864e+00, arg(S[3][1]) = -1.787e+01

It 82/82: ω/2π = 4.000e+01 GHz (total elapsed time = 2.44e+03 s)

 Sol. ||E|| = 3.798522e+01
 Field energy E (1.477e-12 J) + H (2.168e-12 J) = 3.645e-12 J
 S[1][1] = +6.116e-01+1.967e-01i, |S[1][1]| = -3.843e+00, arg(S[1][1]) = +1.783e+01
 S[2][1] = -2.555e-01-1.949e-01i, |S[2][1]| = -9.861e+00, arg(S[2][1]) = -1.427e+02
 S[3][1] = +6.090e-01-1.990e-01i, |S[3][1]| = -3.868e+00, arg(S[3][1]) = -1.810e+01

Sweeping excitation index 2 (2/3):

It 1/82: ω/2π = 1.000e-02 GHz (total elapsed time = 2.44e+03 s)

 Sol. ||E|| = 1.788428e+01
 Field energy E (4.067e-13 J) + H (7.399e-12 J) = 7.805e-12 J
 S[1][2] = +6.157e-01-4.728e-04i, |S[1][2]| = -4.212e+00, arg(S[1][2]) = -4.399e-02
 S[2][2] = -2.544e-01+4.636e-04i, |S[2][2]| = -1.189e+01, arg(S[2][2]) = +1.799e+02
 S[3][2] = +6.386e-01-6.761e-05i, |S[3][2]| = -3.895e+00, arg(S[3][2]) = -6.066e-03

It 2/82: ω/2π = 2.000e-02 GHz (total elapsed time = 2.44e+03 s)

 Sol. ||E|| = 1.788364e+01
 Field energy E (4.067e-13 J) + H (7.304e-12 J) = 7.711e-12 J
 S[1][2] = +6.157e-01-9.435e-04i, |S[1][2]| = -4.212e+00, arg(S[1][2]) = -8.780e-02
 S[2][2] = -2.544e-01+9.153e-04i, |S[2][2]| = -1.189e+01, arg(S[2][2]) = +1.798e+02
 S[3][2] = +6.386e-01-1.254e-04i, |S[3][2]| = -3.895e+00, arg(S[3][2]) = -1.125e-02

It 3/82: ω/2π = 5.000e-01 GHz (total elapsed time = 2.44e+03 s)

 Sol. ||E|| = 1.752810e+01
 Field energy E (3.952e-13 J) + H (7.061e-12 J) = 7.456e-12 J
 S[1][2] = +6.146e-01-2.305e-02i, |S[1][2]| = -4.222e+00, arg(S[1][2]) = -2.148e+00
 S[2][2] = -2.535e-01+2.218e-02i, |S[2][2]| = -1.189e+01, arg(S[2][2]) = +1.750e+02
 S[3][2] = +6.384e-01-2.849e-03i, |S[3][2]| = -3.898e+00, arg(S[3][2]) = -2.556e-01

It 4/82: ω/2π = 1.000e+00 GHz (total elapsed time = 2.44e+03 s)

 Sol. ||E|| = 1.677551e+01
 Field energy E (3.713e-13 J) + H (6.943e-12 J) = 7.314e-12 J
 S[1][2] = +6.121e-01-4.531e-02i, |S[1][2]| = -4.240e+00, arg(S[1][2]) = -4.233e+00
 S[2][2] = -2.514e-01+4.385e-02i, |S[2][2]| = -1.186e+01, arg(S[2][2]) = +1.701e+02
 S[3][2] = +6.381e-01-5.478e-03i, |S[3][2]| = -3.902e+00, arg(S[3][2]) = -4.919e-01

It 5/82: ω/2π = 1.500e+00 GHz (total elapsed time = 2.44e+03 s)

 Sol. ||E|| = 1.601790e+01
 Field energy E (3.478e-13 J) + H (6.847e-12 J) = 7.195e-12 J
 S[1][2] = +6.086e-01-6.691e-02i, |S[1][2]| = -4.261e+00, arg(S[1][2]) = -6.274e+00
 S[2][2] = -2.485e-01+6.517e-02i, |S[2][2]| = -1.181e+01, arg(S[2][2]) = +1.653e+02
 S[3][2] = +6.377e-01-7.898e-03i, |S[3][2]| = -3.908e+00, arg(S[3][2]) = -7.096e-01

It 6/82: ω/2π = 2.000e+00 GHz (total elapsed time = 2.44e+03 s)

 Sol. ||E|| = 1.544032e+01
 Field energy E (3.304e-13 J) + H (6.774e-12 J) = 7.104e-12 J
 S[1][2] = +6.043e-01-8.807e-02i, |S[1][2]| = -4.284e+00, arg(S[1][2]) = -8.292e+00
 S[2][2] = -2.446e-01+8.624e-02i, |S[2][2]| = -1.172e+01, arg(S[2][2]) = +1.606e+02
 S[3][2] = +6.373e-01-1.019e-02i, |S[3][2]| = -3.912e+00, arg(S[3][2]) = -9.163e-01

It 7/82: ω/2π = 2.500e+00 GHz (total elapsed time = 2.44e+03 s)

 Sol. ||E|| = 1.508786e+01
 Field energy E (3.200e-13 J) + H (6.713e-12 J) = 7.033e-12 J
 S[1][2] = +5.991e-01-1.089e-01i, |S[1][2]| = -4.309e+00, arg(S[1][2]) = -1.030e+01
 S[2][2] = -2.397e-01+1.070e-01i, |S[2][2]| = -1.162e+01, arg(S[2][2]) = +1.559e+02
 S[3][2] = +6.370e-01-1.243e-02i, |S[3][2]| = -3.915e+00, arg(S[3][2]) = -1.118e+00

It 8/82: ω/2π = 3.000e+00 GHz (total elapsed time = 2.44e+03 s)

 Sol. ||E|| = 1.493277e+01
 Field energy E (3.154e-13 J) + H (6.658e-12 J) = 6.974e-12 J
 S[1][2] = +5.931e-01-1.293e-01i, |S[1][2]| = -4.335e+00, arg(S[1][2]) = -1.230e+01
 S[2][2] = -2.339e-01+1.275e-01i, |S[2][2]| = -1.149e+01, arg(S[2][2]) = +1.514e+02
 S[3][2] = +6.368e-01-1.465e-02i, |S[3][2]| = -3.917e+00, arg(S[3][2]) = -1.318e+00

It 9/82: ω/2π = 3.500e+00 GHz (total elapsed time = 2.44e+03 s)

 Sol. ||E|| = 1.493130e+01
 Field energy E (3.151e-13 J) + H (6.606e-12 J) = 6.921e-12 J
 S[1][2] = +5.863e-01-1.493e-01i, |S[1][2]| = -4.365e+00, arg(S[1][2]) = -1.429e+01
 S[2][2] = -2.272e-01+1.476e-01i, |S[2][2]| = -1.134e+01, arg(S[2][2]) = +1.470e+02
 S[3][2] = +6.366e-01-1.686e-02i, |S[3][2]| = -3.919e+00, arg(S[3][2]) = -1.517e+00

It 10/82: ω/2π = 4.000e+00 GHz (total elapsed time = 2.45e+03 s)

 Sol. ||E|| = 1.504626e+01
 Field energy E (3.182e-13 J) + H (6.554e-12 J) = 6.872e-12 J
 S[1][2] = +5.785e-01-1.690e-01i, |S[1][2]| = -4.398e+00, arg(S[1][2]) = -1.628e+01
 S[2][2] = -2.196e-01+1.672e-01i, |S[2][2]| = -1.118e+01, arg(S[2][2]) = +1.427e+02
 S[3][2] = +6.364e-01-1.907e-02i, |S[3][2]| = -3.921e+00, arg(S[3][2]) = -1.716e+00

It 11/82: ω/2π = 4.500e+00 GHz (total elapsed time = 2.45e+03 s)

 Sol. ||E|| = 1.525017e+01
 Field energy E (3.238e-13 J) + H (6.501e-12 J) = 6.824e-12 J
 S[1][2] = +5.700e-01-1.881e-01i, |S[1][2]| = -4.434e+00, arg(S[1][2]) = -1.826e+01
 S[2][2] = -2.111e-01+1.863e-01i, |S[2][2]| = -1.101e+01, arg(S[2][2]) = +1.386e+02
 S[3][2] = +6.363e-01-2.128e-02i, |S[3][2]| = -3.922e+00, arg(S[3][2]) = -1.916e+00

It 12/82: ω/2π = 5.000e+00 GHz (total elapsed time = 2.45e+03 s)

 Sol. ||E|| = 1.552295e+01
 Field energy E (3.316e-13 J) + H (6.446e-12 J) = 6.777e-12 J
 S[1][2] = +5.606e-01-2.067e-01i, |S[1][2]| = -4.473e+00, arg(S[1][2]) = -2.024e+01
 S[2][2] = -2.018e-01+2.049e-01i, |S[2][2]| = -1.082e+01, arg(S[2][2]) = +1.346e+02
 S[3][2] = +6.361e-01-2.350e-02i, |S[3][2]| = -3.923e+00, arg(S[3][2]) = -2.116e+00

It 13/82: ω/2π = 5.500e+00 GHz (total elapsed time = 2.45e+03 s)

 Sol. ||E|| = 1.584961e+01
 Field energy E (3.411e-13 J) + H (6.389e-12 J) = 6.730e-12 J
 S[1][2] = +5.505e-01-2.247e-01i, |S[1][2]| = -4.516e+00, arg(S[1][2]) = -2.221e+01
 S[2][2] = -1.917e-01+2.229e-01i, |S[2][2]| = -1.063e+01, arg(S[2][2]) = +1.307e+02
 S[3][2] = +6.360e-01-2.572e-02i, |S[3][2]| = -3.924e+00, arg(S[3][2]) = -2.316e+00

It 14/82: ω/2π = 6.000e+00 GHz (total elapsed time = 2.45e+03 s)

 Sol. ||E|| = 1.621863e+01
 Field energy E (3.522e-13 J) + H (6.329e-12 J) = 6.681e-12 J
 S[1][2] = +5.396e-01-2.421e-01i, |S[1][2]| = -4.561e+00, arg(S[1][2]) = -2.417e+01
 S[2][2] = -1.808e-01+2.403e-01i, |S[2][2]| = -1.044e+01, arg(S[2][2]) = +1.270e+02
 S[3][2] = +6.358e-01-2.794e-02i, |S[3][2]| = -3.925e+00, arg(S[3][2]) = -2.516e+00

It 15/82: ω/2π = 6.500e+00 GHz (total elapsed time = 2.45e+03 s)

 Sol. ||E|| = 1.662098e+01
 Field energy E (3.646e-13 J) + H (6.267e-12 J) = 6.631e-12 J
 S[1][2] = +5.281e-01-2.589e-01i, |S[1][2]| = -4.610e+00, arg(S[1][2]) = -2.612e+01
 S[2][2] = -1.693e-01+2.571e-01i, |S[2][2]| = -1.023e+01, arg(S[2][2]) = +1.234e+02
 S[3][2] = +6.356e-01-3.017e-02i, |S[3][2]| = -3.926e+00, arg(S[3][2]) = -2.717e+00

It 16/82: ω/2π = 7.000e+00 GHz (total elapsed time = 2.45e+03 s)

 Sol. ||E|| = 1.704947e+01
 Field energy E (3.781e-13 J) + H (6.202e-12 J) = 6.580e-12 J
 S[1][2] = +5.160e-01-2.750e-01i, |S[1][2]| = -4.662e+00, arg(S[1][2]) = -2.806e+01
 S[2][2] = -1.571e-01+2.731e-01i, |S[2][2]| = -1.003e+01, arg(S[2][2]) = +1.199e+02
 S[3][2] = +6.355e-01-3.240e-02i, |S[3][2]| = -3.927e+00, arg(S[3][2]) = -2.918e+00

It 17/82: ω/2π = 7.500e+00 GHz (total elapsed time = 2.45e+03 s)

 Sol. ||E|| = 1.749825e+01
 Field energy E (3.927e-13 J) + H (6.135e-12 J) = 6.528e-12 J
 S[1][2] = +5.032e-01-2.904e-01i, |S[1][2]| = -4.716e+00, arg(S[1][2]) = -2.999e+01
 S[2][2] = -1.443e-01+2.885e-01i, |S[2][2]| = -9.827e+00, arg(S[2][2]) = +1.166e+02
 S[3][2] = +6.353e-01-3.463e-02i, |S[3][2]| = -3.928e+00, arg(S[3][2]) = -3.120e+00

It 18/82: ω/2π = 8.000e+00 GHz (total elapsed time = 2.45e+03 s)

 Sol. ||E|| = 1.796255e+01
 Field energy E (4.082e-13 J) + H (6.067e-12 J) = 6.475e-12 J
 S[1][2] = +4.899e-01-3.051e-01i, |S[1][2]| = -4.774e+00, arg(S[1][2]) = -3.192e+01
 S[2][2] = -1.310e-01+3.031e-01i, |S[2][2]| = -9.623e+00, arg(S[2][2]) = +1.134e+02
 S[3][2] = +6.351e-01-3.686e-02i, |S[3][2]| = -3.928e+00, arg(S[3][2]) = -3.322e+00

It 19/82: ω/2π = 8.500e+00 GHz (total elapsed time = 2.45e+03 s)

 Sol. ||E|| = 1.843840e+01
 Field energy E (4.245e-13 J) + H (5.996e-12 J) = 6.420e-12 J
 S[1][2] = +4.762e-01-3.191e-01i, |S[1][2]| = -4.834e+00, arg(S[1][2]) = -3.383e+01
 S[2][2] = -1.172e-01+3.170e-01i, |S[2][2]| = -9.421e+00, arg(S[2][2]) = +1.103e+02
 S[3][2] = +6.349e-01-3.910e-02i, |S[3][2]| = -3.929e+00, arg(S[3][2]) = -3.524e+00

It 20/82: ω/2π = 9.000e+00 GHz (total elapsed time = 2.45e+03 s)

 Sol. ||E|| = 1.892250e+01
 Field energy E (4.415e-13 J) + H (5.923e-12 J) = 6.364e-12 J
 S[1][2] = +4.620e-01-3.323e-01i, |S[1][2]| = -4.896e+00, arg(S[1][2]) = -3.573e+01
 S[2][2] = -1.030e-01+3.302e-01i, |S[2][2]| = -9.221e+00, arg(S[2][2]) = +1.073e+02
 S[3][2] = +6.347e-01-4.133e-02i, |S[3][2]| = -3.930e+00, arg(S[3][2]) = -3.726e+00

It 21/82: ω/2π = 9.500e+00 GHz (total elapsed time = 2.45e+03 s)

 Sol. ||E|| = 1.941209e+01
 Field energy E (4.591e-13 J) + H (5.848e-12 J) = 6.307e-12 J
 S[1][2] = +4.474e-01-3.448e-01i, |S[1][2]| = -4.961e+00, arg(S[1][2]) = -3.762e+01
 S[2][2] = -8.835e-02+3.426e-01i, |S[2][2]| = -9.024e+00, arg(S[2][2]) = +1.045e+02
 S[3][2] = +6.345e-01-4.357e-02i, |S[3][2]| = -3.930e+00, arg(S[3][2]) = -3.928e+00

It 22/82: ω/2π = 1.000e+01 GHz (total elapsed time = 2.45e+03 s)

 Sol. ||E|| = 1.990481e+01
 Field energy E (4.774e-13 J) + H (5.772e-12 J) = 6.250e-12 J
 S[1][2] = +4.324e-01-3.566e-01i, |S[1][2]| = -5.029e+00, arg(S[1][2]) = -3.951e+01
 S[2][2] = -7.336e-02+3.543e-01i, |S[2][2]| = -8.831e+00, arg(S[2][2]) = +1.017e+02
 S[3][2] = +6.343e-01-4.581e-02i, |S[3][2]| = -3.931e+00, arg(S[3][2]) = -4.131e+00

It 23/82: ω/2π = 1.050e+01 GHz (total elapsed time = 2.45e+03 s)

 Sol. ||E|| = 2.039871e+01
 Field energy E (4.961e-13 J) + H (5.695e-12 J) = 6.191e-12 J
 S[1][2] = +4.172e-01-3.676e-01i, |S[1][2]| = -5.098e+00, arg(S[1][2]) = -4.138e+01
 S[2][2] = -5.807e-02+3.651e-01i, |S[2][2]| = -8.642e+00, arg(S[2][2]) = +9.904e+01
 S[3][2] = +6.341e-01-4.805e-02i, |S[3][2]| = -3.932e+00, arg(S[3][2]) = -4.334e+00

It 24/82: ω/2π = 1.100e+01 GHz (total elapsed time = 2.45e+03 s)

 Sol. ||E|| = 2.089211e+01
 Field energy E (5.153e-13 J) + H (5.617e-12 J) = 6.132e-12 J
 S[1][2] = +4.017e-01-3.778e-01i, |S[1][2]| = -5.170e+00, arg(S[1][2]) = -4.324e+01
 S[2][2] = -4.252e-02+3.753e-01i, |S[2][2]| = -8.457e+00, arg(S[2][2]) = +9.646e+01
 S[3][2] = +6.339e-01-5.030e-02i, |S[3][2]| = -3.932e+00, arg(S[3][2]) = -4.537e+00

It 25/82: ω/2π = 1.150e+01 GHz (total elapsed time = 2.45e+03 s)

 Sol. ||E|| = 2.138361e+01
 Field energy E (5.349e-13 J) + H (5.538e-12 J) = 6.073e-12 J
 S[1][2] = +3.860e-01-3.873e-01i, |S[1][2]| = -5.243e+00, arg(S[1][2]) = -4.510e+01
 S[2][2] = -2.676e-02+3.847e-01i, |S[2][2]| = -8.277e+00, arg(S[2][2]) = +9.398e+01
 S[3][2] = +6.337e-01-5.255e-02i, |S[3][2]| = -3.933e+00, arg(S[3][2]) = -4.740e+00

It 26/82: ω/2π = 1.200e+01 GHz (total elapsed time = 2.45e+03 s)

 Sol. ||E|| = 2.187201e+01
 Field energy E (5.549e-13 J) + H (5.458e-12 J) = 6.013e-12 J
 S[1][2] = +3.701e-01-3.960e-01i, |S[1][2]| = -5.319e+00, arg(S[1][2]) = -4.694e+01
 S[2][2] = -1.082e-02+3.933e-01i, |S[2][2]| = -8.102e+00, arg(S[2][2]) = +9.158e+01
 S[3][2] = +6.335e-01-5.479e-02i, |S[3][2]| = -3.933e+00, arg(S[3][2]) = -4.944e+00

It 27/82: ω/2π = 1.250e+01 GHz (total elapsed time = 2.45e+03 s)

 Sol. ||E|| = 2.235631e+01
 Field energy E (5.751e-13 J) + H (5.378e-12 J) = 5.953e-12 J
 S[1][2] = +3.541e-01-4.041e-01i, |S[1][2]| = -5.396e+00, arg(S[1][2]) = -4.877e+01
 S[2][2] = +5.266e-03+4.012e-01i, |S[2][2]| = -7.931e+00, arg(S[2][2]) = +8.925e+01
 S[3][2] = +6.332e-01-5.705e-02i, |S[3][2]| = -3.934e+00, arg(S[3][2]) = -5.148e+00

It 28/82: ω/2π = 1.300e+01 GHz (total elapsed time = 2.45e+03 s)

 Sol. ||E|| = 2.283564e+01
 Field energy E (5.955e-13 J) + H (5.298e-12 J) = 5.893e-12 J
 S[1][2] = +3.380e-01-4.114e-01i, |S[1][2]| = -5.475e+00, arg(S[1][2]) = -5.060e+01
 S[2][2] = +2.145e-02+4.084e-01i, |S[2][2]| = -7.766e+00, arg(S[2][2]) = +8.699e+01
 S[3][2] = +6.330e-01-5.930e-02i, |S[3][2]| = -3.934e+00, arg(S[3][2]) = -5.352e+00

It 29/82: ω/2π = 1.350e+01 GHz (total elapsed time = 2.45e+03 s)

 Sol. ||E|| = 2.330931e+01
 Field energy E (6.162e-13 J) + H (5.217e-12 J) = 5.833e-12 J
 S[1][2] = +3.218e-01-4.180e-01i, |S[1][2]| = -5.555e+00, arg(S[1][2]) = -5.241e+01
 S[2][2] = +3.770e-02+4.149e-01i, |S[2][2]| = -7.605e+00, arg(S[2][2]) = +8.481e+01
 S[3][2] = +6.327e-01-6.155e-02i, |S[3][2]| = -3.935e+00, arg(S[3][2]) = -5.556e+00

It 30/82: ω/2π = 1.400e+01 GHz (total elapsed time = 2.45e+03 s)

 Sol. ||E|| = 2.377672e+01
 Field energy E (6.370e-13 J) + H (5.136e-12 J) = 5.773e-12 J
 S[1][2] = +3.056e-01-4.239e-01i, |S[1][2]| = -5.637e+00, arg(S[1][2]) = -5.422e+01
 S[2][2] = +5.399e-02+4.207e-01i, |S[2][2]| = -7.450e+00, arg(S[2][2]) = +8.269e+01
 S[3][2] = +6.325e-01-6.381e-02i, |S[3][2]| = -3.935e+00, arg(S[3][2]) = -5.761e+00

It 31/82: ω/2π = 1.450e+01 GHz (total elapsed time = 2.45e+03 s)

 Sol. ||E|| = 2.423736e+01
 Field energy E (6.579e-13 J) + H (5.055e-12 J) = 5.713e-12 J
 S[1][2] = +2.893e-01-4.292e-01i, |S[1][2]| = -5.720e+00, arg(S[1][2]) = -5.601e+01
 S[2][2] = +7.028e-02+4.258e-01i, |S[2][2]| = -7.299e+00, arg(S[2][2]) = +8.063e+01
 S[3][2] = +6.322e-01-6.607e-02i, |S[3][2]| = -3.936e+00, arg(S[3][2]) = -5.967e+00

It 32/82: ω/2π = 1.500e+01 GHz (total elapsed time = 2.45e+03 s)

 Sol. ||E|| = 2.469085e+01
 Field energy E (6.789e-13 J) + H (4.974e-12 J) = 5.653e-12 J
 S[1][2] = +2.731e-01-4.338e-01i, |S[1][2]| = -5.804e+00, arg(S[1][2]) = -5.780e+01
 S[2][2] = +8.655e-02+4.303e-01i, |S[2][2]| = -7.153e+00, arg(S[2][2]) = +7.863e+01
 S[3][2] = +6.319e-01-6.834e-02i, |S[3][2]| = -3.936e+00, arg(S[3][2]) = -6.172e+00

It 33/82: ω/2π = 1.550e+01 GHz (total elapsed time = 2.45e+03 s)

 Sol. ||E|| = 2.513684e+01
 Field energy E (6.999e-13 J) + H (4.894e-12 J) = 5.594e-12 J
 S[1][2] = +2.570e-01-4.377e-01i, |S[1][2]| = -5.890e+00, arg(S[1][2]) = -5.959e+01
 S[2][2] = +1.028e-01+4.341e-01i, |S[2][2]| = -7.012e+00, arg(S[2][2]) = +7.668e+01
 S[3][2] = +6.316e-01-7.060e-02i, |S[3][2]| = -3.937e+00, arg(S[3][2]) = -6.378e+00

It 34/82: ω/2π = 1.600e+01 GHz (total elapsed time = 2.45e+03 s)

 Sol. ||E|| = 2.557508e+01
 Field energy E (7.210e-13 J) + H (4.814e-12 J) = 5.535e-12 J
 S[1][2] = +2.409e-01-4.411e-01i, |S[1][2]| = -5.976e+00, arg(S[1][2]) = -6.136e+01
 S[2][2] = +1.189e-01+4.372e-01i, |S[2][2]| = -6.876e+00, arg(S[2][2]) = +7.478e+01
 S[3][2] = +6.313e-01-7.287e-02i, |S[3][2]| = -3.937e+00, arg(S[3][2]) = -6.584e+00

It 35/82: ω/2π = 1.650e+01 GHz (total elapsed time = 2.45e+03 s)

 Sol. ||E|| = 2.600537e+01
 Field energy E (7.420e-13 J) + H (4.734e-12 J) = 5.476e-12 J
 S[1][2] = +2.249e-01-4.438e-01i, |S[1][2]| = -6.063e+00, arg(S[1][2]) = -6.313e+01
 S[2][2] = +1.350e-01+4.398e-01i, |S[2][2]| = -6.744e+00, arg(S[2][2]) = +7.294e+01
 S[3][2] = +6.310e-01-7.515e-02i, |S[3][2]| = -3.938e+00, arg(S[3][2]) = -6.791e+00

It 36/82: ω/2π = 1.700e+01 GHz (total elapsed time = 2.45e+03 s)

 Sol. ||E|| = 2.642754e+01
 Field energy E (7.630e-13 J) + H (4.655e-12 J) = 5.418e-12 J
 S[1][2] = +2.090e-01-4.459e-01i, |S[1][2]| = -6.152e+00, arg(S[1][2]) = -6.488e+01
 S[2][2] = +1.509e-01+4.418e-01i, |S[2][2]| = -6.616e+00, arg(S[2][2]) = +7.114e+01
 S[3][2] = +6.307e-01-7.742e-02i, |S[3][2]| = -3.938e+00, arg(S[3][2]) = -6.998e+00

It 37/82: ω/2π = 1.750e+01 GHz (total elapsed time = 2.45e+03 s)

 Sol. ||E|| = 2.684148e+01
 Field energy E (7.839e-13 J) + H (4.577e-12 J) = 5.361e-12 J
 S[1][2] = +1.933e-01-4.475e-01i, |S[1][2]| = -6.241e+00, arg(S[1][2]) = -6.664e+01
 S[2][2] = +1.667e-01+4.432e-01i, |S[2][2]| = -6.494e+00, arg(S[2][2]) = +6.939e+01
 S[3][2] = +6.304e-01-7.970e-02i, |S[3][2]| = -3.939e+00, arg(S[3][2]) = -7.206e+00

It 38/82: ω/2π = 1.800e+01 GHz (total elapsed time = 2.45e+03 s)

 Sol. ||E|| = 2.724713e+01
 Field energy E (8.047e-13 J) + H (4.499e-12 J) = 5.304e-12 J
 S[1][2] = +1.777e-01-4.485e-01i, |S[1][2]| = -6.330e+00, arg(S[1][2]) = -6.838e+01
 S[2][2] = +1.823e-01+4.440e-01i, |S[2][2]| = -6.375e+00, arg(S[2][2]) = +6.768e+01
 S[3][2] = +6.301e-01-8.198e-02i, |S[3][2]| = -3.939e+00, arg(S[3][2]) = -7.414e+00

It 39/82: ω/2π = 1.850e+01 GHz (total elapsed time = 2.45e+03 s)

 Sol. ||E|| = 2.764444e+01
 Field energy E (8.254e-13 J) + H (4.423e-12 J) = 5.248e-12 J
 S[1][2] = +1.623e-01-4.490e-01i, |S[1][2]| = -6.421e+00, arg(S[1][2]) = -7.012e+01
 S[2][2] = +1.978e-01+4.444e-01i, |S[2][2]| = -6.260e+00, arg(S[2][2]) = +6.600e+01
 S[3][2] = +6.297e-01-8.427e-02i, |S[3][2]| = -3.940e+00, arg(S[3][2]) = -7.622e+00

It 40/82: ω/2π = 1.900e+01 GHz (total elapsed time = 2.45e+03 s)

 Sol. ||E|| = 2.803340e+01
 Field energy E (8.460e-13 J) + H (4.347e-12 J) = 5.192e-12 J
 S[1][2] = +1.471e-01-4.490e-01i, |S[1][2]| = -6.512e+00, arg(S[1][2]) = -7.186e+01
 S[2][2] = +2.131e-01+4.442e-01i, |S[2][2]| = -6.150e+00, arg(S[2][2]) = +6.437e+01
 S[3][2] = +6.294e-01-8.656e-02i, |S[3][2]| = -3.940e+00, arg(S[3][2]) = -7.831e+00

It 41/82: ω/2π = 1.950e+01 GHz (total elapsed time = 2.45e+03 s)

 Sol. ||E|| = 2.841403e+01
 Field energy E (8.664e-13 J) + H (4.271e-12 J) = 5.138e-12 J
 S[1][2] = +1.321e-01-4.485e-01i, |S[1][2]| = -6.603e+00, arg(S[1][2]) = -7.359e+01
 S[2][2] = +2.282e-01+4.435e-01i, |S[2][2]| = -6.043e+00, arg(S[2][2]) = +6.277e+01
 S[3][2] = +6.290e-01-8.885e-02i, |S[3][2]| = -3.941e+00, arg(S[3][2]) = -8.040e+00

It 42/82: ω/2π = 2.000e+01 GHz (total elapsed time = 2.45e+03 s)

 Sol. ||E|| = 2.878636e+01
 Field energy E (8.866e-13 J) + H (4.197e-12 J) = 5.084e-12 J
 S[1][2] = +1.173e-01-4.475e-01i, |S[1][2]| = -6.695e+00, arg(S[1][2]) = -7.531e+01
 S[2][2] = +2.430e-01+4.423e-01i, |S[2][2]| = -5.940e+00, arg(S[2][2]) = +6.121e+01
 S[3][2] = +6.287e-01-9.115e-02i, |S[3][2]| = -3.941e+00, arg(S[3][2]) = -8.250e+00

It 43/82: ω/2π = 2.050e+01 GHz (total elapsed time = 2.45e+03 s)

 Sol. ||E|| = 2.915044e+01
 Field energy E (9.067e-13 J) + H (4.124e-12 J) = 5.031e-12 J
 S[1][2] = +1.027e-01-4.461e-01i, |S[1][2]| = -6.787e+00, arg(S[1][2]) = -7.703e+01
 S[2][2] = +2.577e-01+4.406e-01i, |S[2][2]| = -5.841e+00, arg(S[2][2]) = +5.968e+01
 S[3][2] = +6.283e-01-9.345e-02i, |S[3][2]| = -3.942e+00, arg(S[3][2]) = -8.460e+00

It 44/82: ω/2π = 2.100e+01 GHz (total elapsed time = 2.45e+03 s)

 Sol. ||E|| = 2.950635e+01
 Field energy E (9.266e-13 J) + H (4.052e-12 J) = 4.978e-12 J
 S[1][2] = +8.841e-02-4.442e-01i, |S[1][2]| = -6.879e+00, arg(S[1][2]) = -7.874e+01
 S[2][2] = +2.721e-01+4.386e-01i, |S[2][2]| = -5.745e+00, arg(S[2][2]) = +5.819e+01
 S[3][2] = +6.279e-01-9.575e-02i, |S[3][2]| = -3.943e+00, arg(S[3][2]) = -8.671e+00

It 45/82: ω/2π = 2.150e+01 GHz (total elapsed time = 2.45e+03 s)

 Sol. ||E|| = 2.985417e+01
 Field energy E (9.463e-13 J) + H (3.981e-12 J) = 4.927e-12 J
 S[1][2] = +7.431e-02-4.420e-01i, |S[1][2]| = -6.971e+00, arg(S[1][2]) = -8.045e+01
 S[2][2] = +2.862e-01+4.361e-01i, |S[2][2]| = -5.653e+00, arg(S[2][2]) = +5.672e+01
 S[3][2] = +6.275e-01-9.806e-02i, |S[3][2]| = -3.943e+00, arg(S[3][2]) = -8.882e+00

It 46/82: ω/2π = 2.200e+01 GHz (total elapsed time = 2.45e+03 s)

 Sol. ||E|| = 3.019399e+01
 Field energy E (9.657e-13 J) + H (3.910e-12 J) = 4.876e-12 J
 S[1][2] = +6.047e-02-4.393e-01i, |S[1][2]| = -7.064e+00, arg(S[1][2]) = -8.216e+01
 S[2][2] = +3.001e-01+4.332e-01i, |S[2][2]| = -5.564e+00, arg(S[2][2]) = +5.528e+01
 S[3][2] = +6.271e-01-1.004e-01i, |S[3][2]| = -3.944e+00, arg(S[3][2]) = -9.094e+00

It 47/82: ω/2π = 2.250e+01 GHz (total elapsed time = 2.45e+03 s)

 Sol. ||E|| = 3.052592e+01
 Field energy E (9.849e-13 J) + H (3.841e-12 J) = 4.826e-12 J
 S[1][2] = +4.688e-02-4.362e-01i, |S[1][2]| = -7.156e+00, arg(S[1][2]) = -8.387e+01
 S[2][2] = +3.138e-01+4.299e-01i, |S[2][2]| = -5.478e+00, arg(S[2][2]) = +5.387e+01
 S[3][2] = +6.267e-01-1.027e-01i, |S[3][2]| = -3.944e+00, arg(S[3][2]) = -9.306e+00

It 48/82: ω/2π = 2.300e+01 GHz (total elapsed time = 2.45e+03 s)

 Sol. ||E|| = 3.085007e+01
 Field energy E (1.004e-12 J) + H (3.773e-12 J) = 4.777e-12 J
 S[1][2] = +3.356e-02-4.328e-01i, |S[1][2]| = -7.249e+00, arg(S[1][2]) = -8.557e+01
 S[2][2] = +3.272e-01+4.262e-01i, |S[2][2]| = -5.395e+00, arg(S[2][2]) = +5.249e+01
 S[3][2] = +6.262e-01-1.050e-01i, |S[3][2]| = -3.945e+00, arg(S[3][2]) = -9.519e+00

It 49/82: ω/2π = 2.350e+01 GHz (total elapsed time = 2.45e+03 s)

 Sol. ||E|| = 3.116658e+01
 Field energy E (1.023e-12 J) + H (3.707e-12 J) = 4.729e-12 J
 S[1][2] = +2.051e-02-4.290e-01i, |S[1][2]| = -7.341e+00, arg(S[1][2]) = -8.726e+01
 S[2][2] = +3.403e-01+4.222e-01i, |S[2][2]| = -5.315e+00, arg(S[2][2]) = +5.113e+01
 S[3][2] = +6.258e-01-1.073e-01i, |S[3][2]| = -3.946e+00, arg(S[3][2]) = -9.732e+00

It 50/82: ω/2π = 2.400e+01 GHz (total elapsed time = 2.45e+03 s)

 Sol. ||E|| = 3.147555e+01
 Field energy E (1.041e-12 J) + H (3.641e-12 J) = 4.682e-12 J
 S[1][2] = +7.730e-03-4.249e-01i, |S[1][2]| = -7.433e+00, arg(S[1][2]) = -8.896e+01
 S[2][2] = +3.531e-01+4.179e-01i, |S[2][2]| = -5.238e+00, arg(S[2][2]) = +4.980e+01
 S[3][2] = +6.253e-01-1.097e-01i, |S[3][2]| = -3.946e+00, arg(S[3][2]) = -9.946e+00

It 51/82: ω/2π = 2.450e+01 GHz (total elapsed time = 2.45e+03 s)

 Sol. ||E|| = 3.177714e+01
 Field energy E (1.059e-12 J) + H (3.576e-12 J) = 4.636e-12 J
 S[1][2] = -4.771e-03-4.205e-01i, |S[1][2]| = -7.525e+00, arg(S[1][2]) = -9.065e+01
 S[2][2] = +3.657e-01+4.132e-01i, |S[2][2]| = -5.164e+00, arg(S[2][2]) = +4.849e+01
 S[3][2] = +6.249e-01-1.120e-01i, |S[3][2]| = -3.947e+00, arg(S[3][2]) = -1.016e+01

It 52/82: ω/2π = 2.500e+01 GHz (total elapsed time = 2.45e+03 s)

 Sol. ||E|| = 3.207147e+01
 Field energy E (1.078e-12 J) + H (3.513e-12 J) = 4.591e-12 J
 S[1][2] = -1.699e-02-4.157e-01i, |S[1][2]| = -7.616e+00, arg(S[1][2]) = -9.234e+01
 S[2][2] = +3.780e-01+4.082e-01i, |S[2][2]| = -5.093e+00, arg(S[2][2]) = +4.720e+01
 S[3][2] = +6.244e-01-1.143e-01i, |S[3][2]| = -3.948e+00, arg(S[3][2]) = -1.038e+01

It 53/82: ω/2π = 2.550e+01 GHz (total elapsed time = 2.45e+03 s)

 Sol. ||E|| = 3.235868e+01
 Field energy E (1.095e-12 J) + H (3.451e-12 J) = 4.546e-12 J
 S[1][2] = -2.893e-02-4.107e-01i, |S[1][2]| = -7.707e+00, arg(S[1][2]) = -9.403e+01
 S[2][2] = +3.900e-01+4.030e-01i, |S[2][2]| = -5.024e+00, arg(S[2][2]) = +4.594e+01
 S[3][2] = +6.239e-01-1.167e-01i, |S[3][2]| = -3.948e+00, arg(S[3][2]) = -1.059e+01

It 54/82: ω/2π = 2.600e+01 GHz (total elapsed time = 2.45e+03 s)

 Sol. ||E|| = 3.263891e+01
 Field energy E (1.113e-12 J) + H (3.390e-12 J) = 4.502e-12 J
 S[1][2] = -4.058e-02-4.055e-01i, |S[1][2]| = -7.798e+00, arg(S[1][2]) = -9.572e+01
 S[2][2] = +4.017e-01+3.974e-01i, |S[2][2]| = -4.958e+00, arg(S[2][2]) = +4.469e+01
 S[3][2] = +6.234e-01-1.190e-01i, |S[3][2]| = -3.949e+00, arg(S[3][2]) = -1.081e+01

It 55/82: ω/2π = 2.650e+01 GHz (total elapsed time = 2.46e+03 s)

 Sol. ||E|| = 3.291232e+01
 Field energy E (1.130e-12 J) + H (3.330e-12 J) = 4.460e-12 J
 S[1][2] = -5.195e-02-3.999e-01i, |S[1][2]| = -7.888e+00, arg(S[1][2]) = -9.740e+01
 S[2][2] = +4.131e-01+3.916e-01i, |S[2][2]| = -4.894e+00, arg(S[2][2]) = +4.347e+01
 S[3][2] = +6.229e-01-1.213e-01i, |S[3][2]| = -3.950e+00, arg(S[3][2]) = -1.102e+01

It 56/82: ω/2π = 2.700e+01 GHz (total elapsed time = 2.46e+03 s)

 Sol. ||E|| = 3.317903e+01
 Field energy E (1.147e-12 J) + H (3.271e-12 J) = 4.418e-12 J
 S[1][2] = -6.303e-02-3.942e-01i, |S[1][2]| = -7.977e+00, arg(S[1][2]) = -9.908e+01
 S[2][2] = +4.243e-01+3.856e-01i, |S[2][2]| = -4.832e+00, arg(S[2][2]) = +4.227e+01
 S[3][2] = +6.224e-01-1.237e-01i, |S[3][2]| = -3.951e+00, arg(S[3][2]) = -1.124e+01

It 57/82: ω/2π = 2.750e+01 GHz (total elapsed time = 2.46e+03 s)

 Sol. ||E|| = 3.343921e+01
 Field energy E (1.164e-12 J) + H (3.213e-12 J) = 4.377e-12 J
 S[1][2] = -7.382e-02-3.881e-01i, |S[1][2]| = -8.066e+00, arg(S[1][2]) = -1.008e+02
 S[2][2] = +4.351e-01+3.793e-01i, |S[2][2]| = -4.773e+00, arg(S[2][2]) = +4.108e+01
 S[3][2] = +6.219e-01-1.261e-01i, |S[3][2]| = -3.951e+00, arg(S[3][2]) = -1.146e+01

It 58/82: ω/2π = 2.800e+01 GHz (total elapsed time = 2.46e+03 s)

 Sol. ||E|| = 3.369298e+01
 Field energy E (1.180e-12 J) + H (3.157e-12 J) = 4.337e-12 J
 S[1][2] = -8.432e-02-3.819e-01i, |S[1][2]| = -8.154e+00, arg(S[1][2]) = -1.025e+02
 S[2][2] = +4.457e-01+3.728e-01i, |S[2][2]| = -4.715e+00, arg(S[2][2]) = +3.991e+01
 S[3][2] = +6.213e-01-1.284e-01i, |S[3][2]| = -3.952e+00, arg(S[3][2]) = -1.168e+01

It 59/82: ω/2π = 2.850e+01 GHz (total elapsed time = 2.46e+03 s)

 Sol. ||E|| = 3.394050e+01
 Field energy E (1.196e-12 J) + H (3.102e-12 J) = 4.298e-12 J
 S[1][2] = -9.454e-02-3.755e-01i, |S[1][2]| = -8.240e+00, arg(S[1][2]) = -1.041e+02
 S[2][2] = +4.560e-01+3.661e-01i, |S[2][2]| = -4.660e+00, arg(S[2][2]) = +3.876e+01
 S[3][2] = +6.207e-01-1.308e-01i, |S[3][2]| = -3.953e+00, arg(S[3][2]) = -1.190e+01

It 60/82: ω/2π = 2.900e+01 GHz (total elapsed time = 2.46e+03 s)

 Sol. ||E|| = 3.418192e+01
 Field energy E (1.212e-12 J) + H (3.047e-12 J) = 4.259e-12 J
 S[1][2] = -1.045e-01-3.689e-01i, |S[1][2]| = -8.327e+00, arg(S[1][2]) = -1.058e+02
 S[2][2] = +4.660e-01+3.592e-01i, |S[2][2]| = -4.607e+00, arg(S[2][2]) = +3.763e+01
 S[3][2] = +6.202e-01-1.331e-01i, |S[3][2]| = -3.954e+00, arg(S[3][2]) = -1.212e+01

It 61/82: ω/2π = 2.950e+01 GHz (total elapsed time = 2.46e+03 s)

 Sol. ||E|| = 3.441736e+01
 Field energy E (1.228e-12 J) + H (2.994e-12 J) = 4.222e-12 J
 S[1][2] = -1.141e-01-3.621e-01i, |S[1][2]| = -8.412e+00, arg(S[1][2]) = -1.075e+02
 S[2][2] = +4.757e-01+3.521e-01i, |S[2][2]| = -4.556e+00, arg(S[2][2]) = +3.651e+01
 S[3][2] = +6.196e-01-1.355e-01i, |S[3][2]| = -3.955e+00, arg(S[3][2]) = -1.234e+01

It 62/82: ω/2π = 3.000e+01 GHz (total elapsed time = 2.46e+03 s)

 Sol. ||E|| = 3.464698e+01
 Field energy E (1.243e-12 J) + H (2.942e-12 J) = 4.185e-12 J
 S[1][2] = -1.235e-01-3.552e-01i, |S[1][2]| = -8.496e+00, arg(S[1][2]) = -1.092e+02
 S[2][2] = +4.851e-01+3.448e-01i, |S[2][2]| = -4.507e+00, arg(S[2][2]) = +3.541e+01
 S[3][2] = +6.190e-01-1.379e-01i, |S[3][2]| = -3.956e+00, arg(S[3][2]) = -1.256e+01

It 63/82: ω/2π = 3.050e+01 GHz (total elapsed time = 2.46e+03 s)

 Sol. ||E|| = 3.487091e+01
 Field energy E (1.258e-12 J) + H (2.891e-12 J) = 4.150e-12 J
 S[1][2] = -1.326e-01-3.481e-01i, |S[1][2]| = -8.579e+00, arg(S[1][2]) = -1.109e+02
 S[2][2] = +4.942e-01+3.374e-01i, |S[2][2]| = -4.460e+00, arg(S[2][2]) = +3.432e+01
 S[3][2] = +6.184e-01-1.403e-01i, |S[3][2]| = -3.957e+00, arg(S[3][2]) = -1.278e+01

It 64/82: ω/2π = 3.100e+01 GHz (total elapsed time = 2.46e+03 s)

 Sol. ||E|| = 3.508929e+01
 Field energy E (1.273e-12 J) + H (2.841e-12 J) = 4.115e-12 J
 S[1][2] = -1.414e-01-3.408e-01i, |S[1][2]| = -8.660e+00, arg(S[1][2]) = -1.125e+02
 S[2][2] = +5.031e-01+3.298e-01i, |S[2][2]| = -4.414e+00, arg(S[2][2]) = +3.325e+01
 S[3][2] = +6.178e-01-1.426e-01i, |S[3][2]| = -3.958e+00, arg(S[3][2]) = -1.300e+01

It 65/82: ω/2π = 3.150e+01 GHz (total elapsed time = 2.46e+03 s)

 Sol. ||E|| = 3.530226e+01
 Field energy E (1.288e-12 J) + H (2.793e-12 J) = 4.080e-12 J
 S[1][2] = -1.499e-01-3.334e-01i, |S[1][2]| = -8.741e+00, arg(S[1][2]) = -1.142e+02
 S[2][2] = +5.117e-01+3.221e-01i, |S[2][2]| = -4.371e+00, arg(S[2][2]) = +3.219e+01
 S[3][2] = +6.172e-01-1.450e-01i, |S[3][2]| = -3.959e+00, arg(S[3][2]) = -1.323e+01

It 66/82: ω/2π = 3.200e+01 GHz (total elapsed time = 2.46e+03 s)

 Sol. ||E|| = 3.550995e+01
 Field energy E (1.302e-12 J) + H (2.745e-12 J) = 4.047e-12 J
 S[1][2] = -1.582e-01-3.259e-01i, |S[1][2]| = -8.820e+00, arg(S[1][2]) = -1.159e+02
 S[2][2] = +5.200e-01+3.142e-01i, |S[2][2]| = -4.329e+00, arg(S[2][2]) = +3.114e+01
 S[3][2] = +6.165e-01-1.474e-01i, |S[3][2]| = -3.960e+00, arg(S[3][2]) = -1.345e+01

It 67/82: ω/2π = 3.250e+01 GHz (total elapsed time = 2.46e+03 s)

 Sol. ||E|| = 3.571250e+01
 Field energy E (1.316e-12 J) + H (2.698e-12 J) = 4.014e-12 J
 S[1][2] = -1.662e-01-3.182e-01i, |S[1][2]| = -8.898e+00, arg(S[1][2]) = -1.176e+02
 S[2][2] = +5.280e-01+3.062e-01i, |S[2][2]| = -4.288e+00, arg(S[2][2]) = +3.011e+01
 S[3][2] = +6.159e-01-1.498e-01i, |S[3][2]| = -3.961e+00, arg(S[3][2]) = -1.367e+01

It 68/82: ω/2π = 3.300e+01 GHz (total elapsed time = 2.46e+03 s)

 Sol. ||E|| = 3.591003e+01
 Field energy E (1.330e-12 J) + H (2.653e-12 J) = 3.983e-12 J
 S[1][2] = -1.739e-01-3.105e-01i, |S[1][2]| = -8.974e+00, arg(S[1][2]) = -1.192e+02
 S[2][2] = +5.358e-01+2.981e-01i, |S[2][2]| = -4.249e+00, arg(S[2][2]) = +2.909e+01
 S[3][2] = +6.152e-01-1.522e-01i, |S[3][2]| = -3.962e+00, arg(S[3][2]) = -1.390e+01

It 69/82: ω/2π = 3.350e+01 GHz (total elapsed time = 2.46e+03 s)

 Sol. ||E|| = 3.610267e+01
 Field energy E (1.344e-12 J) + H (2.608e-12 J) = 3.952e-12 J
 S[1][2] = -1.813e-01-3.027e-01i, |S[1][2]| = -9.049e+00, arg(S[1][2]) = -1.209e+02
 S[2][2] = +5.433e-01+2.899e-01i, |S[2][2]| = -4.212e+00, arg(S[2][2]) = +2.808e+01
 S[3][2] = +6.145e-01-1.546e-01i, |S[3][2]| = -3.963e+00, arg(S[3][2]) = -1.412e+01

It 70/82: ω/2π = 3.400e+01 GHz (total elapsed time = 2.46e+03 s)

 Sol. ||E|| = 3.629054e+01
 Field energy E (1.357e-12 J) + H (2.564e-12 J) = 3.921e-12 J
 S[1][2] = -1.885e-01-2.947e-01i, |S[1][2]| = -9.122e+00, arg(S[1][2]) = -1.226e+02
 S[2][2] = +5.505e-01+2.816e-01i, |S[2][2]| = -4.176e+00, arg(S[2][2]) = +2.709e+01
 S[3][2] = +6.138e-01-1.570e-01i, |S[3][2]| = -3.964e+00, arg(S[3][2]) = -1.435e+01

It 71/82: ω/2π = 3.450e+01 GHz (total elapsed time = 2.46e+03 s)

 Sol. ||E|| = 3.647377e+01
 Field energy E (1.370e-12 J) + H (2.522e-12 J) = 3.892e-12 J
 S[1][2] = -1.954e-01-2.867e-01i, |S[1][2]| = -9.194e+00, arg(S[1][2]) = -1.243e+02
 S[2][2] = +5.574e-01+2.731e-01i, |S[2][2]| = -4.141e+00, arg(S[2][2]) = +2.610e+01
 S[3][2] = +6.131e-01-1.595e-01i, |S[3][2]| = -3.965e+00, arg(S[3][2]) = -1.458e+01

It 72/82: ω/2π = 3.500e+01 GHz (total elapsed time = 2.46e+03 s)

 Sol. ||E|| = 3.665248e+01
 Field energy E (1.383e-12 J) + H (2.480e-12 J) = 3.863e-12 J
 S[1][2] = -2.021e-01-2.786e-01i, |S[1][2]| = -9.264e+00, arg(S[1][2]) = -1.260e+02
 S[2][2] = +5.641e-01+2.647e-01i, |S[2][2]| = -4.108e+00, arg(S[2][2]) = +2.513e+01
 S[3][2] = +6.124e-01-1.619e-01i, |S[3][2]| = -3.966e+00, arg(S[3][2]) = -1.481e+01

It 73/82: ω/2π = 3.550e+01 GHz (total elapsed time = 2.46e+03 s)

 Sol. ||E|| = 3.682678e+01
 Field energy E (1.396e-12 J) + H (2.439e-12 J) = 3.835e-12 J
 S[1][2] = -2.085e-01-2.704e-01i, |S[1][2]| = -9.332e+00, arg(S[1][2]) = -1.276e+02
 S[2][2] = +5.706e-01+2.561e-01i, |S[2][2]| = -4.077e+00, arg(S[2][2]) = +2.417e+01
 S[3][2] = +6.116e-01-1.643e-01i, |S[3][2]| = -3.967e+00, arg(S[3][2]) = -1.504e+01

It 74/82: ω/2π = 3.600e+01 GHz (total elapsed time = 2.46e+03 s)

 Sol. ||E|| = 3.699680e+01
 Field energy E (1.408e-12 J) + H (2.399e-12 J) = 3.807e-12 J
 S[1][2] = -2.147e-01-2.622e-01i, |S[1][2]| = -9.399e+00, arg(S[1][2]) = -1.293e+02
 S[2][2] = +5.768e-01+2.474e-01i, |S[2][2]| = -4.046e+00, arg(S[2][2]) = +2.322e+01
 S[3][2] = +6.109e-01-1.667e-01i, |S[3][2]| = -3.969e+00, arg(S[3][2]) = -1.527e+01

It 75/82: ω/2π = 3.650e+01 GHz (total elapsed time = 2.46e+03 s)

 Sol. ||E|| = 3.716263e+01
 Field energy E (1.420e-12 J) + H (2.360e-12 J) = 3.781e-12 J
 S[1][2] = -2.206e-01-2.539e-01i, |S[1][2]| = -9.464e+00, arg(S[1][2]) = -1.310e+02
 S[2][2] = +5.827e-01+2.387e-01i, |S[2][2]| = -4.017e+00, arg(S[2][2]) = +2.228e+01
 S[3][2] = +6.101e-01-1.692e-01i, |S[3][2]| = -3.970e+00, arg(S[3][2]) = -1.550e+01

It 76/82: ω/2π = 3.700e+01 GHz (total elapsed time = 2.46e+03 s)

 Sol. ||E|| = 3.732440e+01
 Field energy E (1.432e-12 J) + H (2.322e-12 J) = 3.755e-12 J
 S[1][2] = -2.263e-01-2.456e-01i, |S[1][2]| = -9.526e+00, arg(S[1][2]) = -1.327e+02
 S[2][2] = +5.884e-01+2.299e-01i, |S[2][2]| = -3.989e+00, arg(S[2][2]) = +2.134e+01
 S[3][2] = +6.094e-01-1.716e-01i, |S[3][2]| = -3.971e+00, arg(S[3][2]) = -1.573e+01

It 77/82: ω/2π = 3.750e+01 GHz (total elapsed time = 2.46e+03 s)

 Sol. ||E|| = 3.748220e+01
 Field energy E (1.444e-12 J) + H (2.285e-12 J) = 3.729e-12 J
 S[1][2] = -2.318e-01-2.372e-01i, |S[1][2]| = -9.587e+00, arg(S[1][2]) = -1.343e+02
 S[2][2] = +5.939e-01+2.211e-01i, |S[2][2]| = -3.962e+00, arg(S[2][2]) = +2.042e+01
 S[3][2] = +6.086e-01-1.741e-01i, |S[3][2]| = -3.972e+00, arg(S[3][2]) = -1.596e+01

It 78/82: ω/2π = 3.800e+01 GHz (total elapsed time = 2.46e+03 s)

 Sol. ||E|| = 3.763616e+01
 Field energy E (1.456e-12 J) + H (2.249e-12 J) = 3.705e-12 J
 S[1][2] = -2.370e-01-2.288e-01i, |S[1][2]| = -9.646e+00, arg(S[1][2]) = -1.360e+02
 S[2][2] = +5.991e-01+2.122e-01i, |S[2][2]| = -3.936e+00, arg(S[2][2]) = +1.951e+01
 S[3][2] = +6.078e-01-1.765e-01i, |S[3][2]| = -3.974e+00, arg(S[3][2]) = -1.619e+01

It 79/82: ω/2π = 3.850e+01 GHz (total elapsed time = 2.46e+03 s)

 Sol. ||E|| = 3.778635e+01
 Field energy E (1.467e-12 J) + H (2.213e-12 J) = 3.681e-12 J
 S[1][2] = -2.419e-01-2.203e-01i, |S[1][2]| = -9.703e+00, arg(S[1][2]) = -1.377e+02
 S[2][2] = +6.041e-01+2.033e-01i, |S[2][2]| = -3.912e+00, arg(S[2][2]) = +1.860e+01
 S[3][2] = +6.069e-01-1.790e-01i, |S[3][2]| = -3.975e+00, arg(S[3][2]) = -1.643e+01

It 80/82: ω/2π = 3.900e+01 GHz (total elapsed time = 2.46e+03 s)

 Sol. ||E|| = 3.793290e+01
 Field energy E (1.478e-12 J) + H (2.179e-12 J) = 3.657e-12 J
 S[1][2] = -2.467e-01-2.119e-01i, |S[1][2]| = -9.758e+00, arg(S[1][2]) = -1.393e+02
 S[2][2] = +6.088e-01+1.944e-01i, |S[2][2]| = -3.889e+00, arg(S[2][2]) = +1.770e+01
 S[3][2] = +6.061e-01-1.814e-01i, |S[3][2]| = -3.976e+00, arg(S[3][2]) = -1.666e+01

It 81/82: ω/2π = 3.950e+01 GHz (total elapsed time = 2.46e+03 s)

 Sol. ||E|| = 3.807589e+01
 Field energy E (1.489e-12 J) + H (2.145e-12 J) = 3.634e-12 J
 S[1][2] = -2.512e-01-2.034e-01i, |S[1][2]| = -9.810e+00, arg(S[1][2]) = -1.410e+02
 S[2][2] = +6.134e-01+1.854e-01i, |S[2][2]| = -3.866e+00, arg(S[2][2]) = +1.682e+01
 S[3][2] = +6.053e-01-1.839e-01i, |S[3][2]| = -3.978e+00, arg(S[3][2]) = -1.690e+01

It 82/82: ω/2π = 4.000e+01 GHz (total elapsed time = 2.46e+03 s)

 Sol. ||E|| = 3.821541e+01
 Field energy E (1.500e-12 J) + H (2.112e-12 J) = 3.612e-12 J
 S[1][2] = -2.555e-01-1.949e-01i, |S[1][2]| = -9.861e+00, arg(S[1][2]) = -1.427e+02
 S[2][2] = +6.176e-01+1.764e-01i, |S[2][2]| = -3.845e+00, arg(S[2][2]) = +1.594e+01
 S[3][2] = +6.044e-01-1.864e-01i, |S[3][2]| = -3.979e+00, arg(S[3][2]) = -1.714e+01

Sweeping excitation index 3 (3/3):

It 1/82: ω/2π = 1.000e-02 GHz (total elapsed time = 2.46e+03 s)

 Sol. ||E|| = 1.820471e+01
 Field energy E (4.262e-13 J) + H (1.227e-12 J) = 1.654e-12 J
 S[1][3] = +6.663e-01-7.382e-05i, |S[1][3]| = -3.527e+00, arg(S[1][3]) = -6.348e-03
 S[2][3] = +6.386e-01-6.761e-05i, |S[2][3]| = -3.895e+00, arg(S[2][3]) = -6.066e-03
 S[3][3] = -3.049e-01+6.249e-05i, |S[3][3]| = -1.032e+01, arg(S[3][3]) = +1.800e+02

It 2/82: ω/2π = 2.000e-02 GHz (total elapsed time = 2.46e+03 s)

 Sol. ||E|| = 1.820431e+01
 Field energy E (4.262e-13 J) + H (1.140e-12 J) = 1.567e-12 J
 S[1][3] = +6.663e-01-1.466e-04i, |S[1][3]| = -3.527e+00, arg(S[1][3]) = -1.260e-02
 S[2][3] = +6.386e-01-1.254e-04i, |S[2][3]| = -3.895e+00, arg(S[2][3]) = -1.125e-02
 S[3][3] = -3.049e-01+1.141e-04i, |S[3][3]| = -1.032e+01, arg(S[3][3]) = +1.800e+02

It 3/82: ω/2π = 5.000e-01 GHz (total elapsed time = 2.46e+03 s)

 Sol. ||E|| = 1.781274e+01
 Field energy E (4.130e-13 J) + H (1.025e-12 J) = 1.438e-12 J
 S[1][3] = +6.661e-01-3.514e-03i, |S[1][3]| = -3.530e+00, arg(S[1][3]) = -3.023e-01
 S[2][3] = +6.384e-01-2.849e-03i, |S[2][3]| = -3.898e+00, arg(S[2][3]) = -2.556e-01
 S[3][3] = -3.049e-01+2.538e-03i, |S[3][3]| = -1.032e+01, arg(S[3][3]) = +1.795e+02

It 4/82: ω/2π = 1.000e+00 GHz (total elapsed time = 2.46e+03 s)

 Sol. ||E|| = 1.695601e+01
 Field energy E (3.849e-13 J) + H (1.002e-12 J) = 1.387e-12 J
 S[1][3] = +6.656e-01-6.781e-03i, |S[1][3]| = -3.535e+00, arg(S[1][3]) = -5.837e-01
 S[2][3] = +6.381e-01-5.478e-03i, |S[2][3]| = -3.902e+00, arg(S[2][3]) = -4.919e-01
 S[3][3] = -3.050e-01+5.134e-03i, |S[3][3]| = -1.031e+01, arg(S[3][3]) = +1.790e+02

It 5/82: ω/2π = 1.500e+00 GHz (total elapsed time = 2.46e+03 s)

 Sol. ||E|| = 1.605320e+01
 Field energy E (3.566e-13 J) + H (9.825e-13 J) = 1.339e-12 J
 S[1][3] = +6.651e-01-9.820e-03i, |S[1][3]| = -3.541e+00, arg(S[1][3]) = -8.458e-01
 S[2][3] = +6.377e-01-7.898e-03i, |S[2][3]| = -3.908e+00, arg(S[2][3]) = -7.096e-01
 S[3][3] = -3.050e-01+7.819e-03i, |S[3][3]| = -1.031e+01, arg(S[3][3]) = +1.785e+02

It 6/82: ω/2π = 2.000e+00 GHz (total elapsed time = 2.46e+03 s)

 Sol. ||E|| = 1.529555e+01
 Field energy E (3.340e-13 J) + H (9.682e-13 J) = 1.302e-12 J
 S[1][3] = +6.647e-01-1.272e-02i, |S[1][3]| = -3.546e+00, arg(S[1][3]) = -1.097e+00
 S[2][3] = +6.373e-01-1.019e-02i, |S[2][3]| = -3.912e+00, arg(S[2][3]) = -9.163e-01
 S[3][3] = -3.050e-01+1.056e-02i, |S[3][3]| = -1.031e+01, arg(S[3][3]) = +1.780e+02

It 7/82: ω/2π = 2.500e+00 GHz (total elapsed time = 2.46e+03 s)

 Sol. ||E|| = 1.471470e+01
 Field energy E (3.173e-13 J) + H (9.578e-13 J) = 1.275e-12 J
 S[1][3] = +6.643e-01-1.556e-02i, |S[1][3]| = -3.551e+00, arg(S[1][3]) = -1.342e+00
 S[2][3] = +6.370e-01-1.243e-02i, |S[2][3]| = -3.915e+00, arg(S[2][3]) = -1.118e+00
 S[3][3] = -3.049e-01+1.332e-02i, |S[3][3]| = -1.031e+01, arg(S[3][3]) = +1.775e+02

It 8/82: ω/2π = 3.000e+00 GHz (total elapsed time = 2.46e+03 s)

 Sol. ||E|| = 1.428257e+01
 Field energy E (3.053e-13 J) + H (9.502e-13 J) = 1.256e-12 J
 S[1][3] = +6.639e-01-1.836e-02i, |S[1][3]| = -3.555e+00, arg(S[1][3]) = -1.584e+00
 S[2][3] = +6.368e-01-1.465e-02i, |S[2][3]| = -3.917e+00, arg(S[2][3]) = -1.318e+00
 S[3][3] = -3.048e-01+1.608e-02i, |S[3][3]| = -1.031e+01, arg(S[3][3]) = +1.770e+02

It 9/82: ω/2π = 3.500e+00 GHz (total elapsed time = 2.46e+03 s)

 Sol. ||E|| = 1.396204e+01
 Field energy E (2.967e-13 J) + H (9.444e-13 J) = 1.241e-12 J
 S[1][3] = +6.635e-01-2.115e-02i, |S[1][3]| = -3.559e+00, arg(S[1][3]) = -1.826e+00
 S[2][3] = +6.366e-01-1.686e-02i, |S[2][3]| = -3.919e+00, arg(S[2][3]) = -1.517e+00
 S[3][3] = -3.045e-01+1.883e-02i, |S[3][3]| = -1.031e+01, arg(S[3][3]) = +1.765e+02

It 10/82: ω/2π = 4.000e+00 GHz (total elapsed time = 2.46e+03 s)

 Sol. ||E|| = 1.372241e+01
 Field energy E (2.903e-13 J) + H (9.399e-13 J) = 1.230e-12 J
 S[1][3] = +6.631e-01-2.393e-02i, |S[1][3]| = -3.562e+00, arg(S[1][3]) = -2.066e+00
 S[2][3] = +6.364e-01-1.907e-02i, |S[2][3]| = -3.921e+00, arg(S[2][3]) = -1.716e+00
 S[3][3] = -3.043e-01+2.156e-02i, |S[3][3]| = -1.031e+01, arg(S[3][3]) = +1.759e+02

It 11/82: ω/2π = 4.500e+00 GHz (total elapsed time = 2.46e+03 s)

 Sol. ||E|| = 1.354122e+01
 Field energy E (2.856e-13 J) + H (9.364e-13 J) = 1.222e-12 J
 S[1][3] = +6.628e-01-2.670e-02i, |S[1][3]| = -3.566e+00, arg(S[1][3]) = -2.307e+00
 S[2][3] = +6.363e-01-2.128e-02i, |S[2][3]| = -3.922e+00, arg(S[2][3]) = -1.916e+00
 S[3][3] = -3.039e-01+2.428e-02i, |S[3][3]| = -1.032e+01, arg(S[3][3]) = +1.754e+02

It 12/82: ω/2π = 5.000e+00 GHz (total elapsed time = 2.46e+03 s)

 Sol. ||E|| = 1.340264e+01
 Field energy E (2.821e-13 J) + H (9.335e-13 J) = 1.216e-12 J
 S[1][3] = +6.624e-01-2.945e-02i, |S[1][3]| = -3.569e+00, arg(S[1][3]) = -2.546e+00
 S[2][3] = +6.361e-01-2.350e-02i, |S[2][3]| = -3.923e+00, arg(S[2][3]) = -2.116e+00
 S[3][3] = -3.036e-01+2.697e-02i, |S[3][3]| = -1.032e+01, arg(S[3][3]) = +1.749e+02

It 13/82: ω/2π = 5.500e+00 GHz (total elapsed time = 2.46e+03 s)

 Sol. ||E|| = 1.329563e+01
 Field energy E (2.794e-13 J) + H (9.311e-13 J) = 1.210e-12 J
 S[1][3] = +6.620e-01-3.220e-02i, |S[1][3]| = -3.573e+00, arg(S[1][3]) = -2.785e+00
 S[2][3] = +6.360e-01-2.572e-02i, |S[2][3]| = -3.924e+00, arg(S[2][3]) = -2.316e+00
 S[3][3] = -3.032e-01+2.964e-02i, |S[3][3]| = -1.033e+01, arg(S[3][3]) = +1.744e+02

It 14/82: ω/2π = 6.000e+00 GHz (total elapsed time = 2.46e+03 s)

 Sol. ||E|| = 1.321240e+01
 Field energy E (2.773e-13 J) + H (9.291e-13 J) = 1.206e-12 J
 S[1][3] = +6.615e-01-3.494e-02i, |S[1][3]| = -3.577e+00, arg(S[1][3]) = -3.023e+00
 S[2][3] = +6.358e-01-2.794e-02i, |S[2][3]| = -3.925e+00, arg(S[2][3]) = -2.516e+00
 S[3][3] = -3.027e-01+3.229e-02i, |S[3][3]| = -1.033e+01, arg(S[3][3]) = +1.739e+02

It 15/82: ω/2π = 6.500e+00 GHz (total elapsed time = 2.46e+03 s)

 Sol. ||E|| = 1.314744e+01
 Field energy E (2.757e-13 J) + H (9.274e-13 J) = 1.203e-12 J
 S[1][3] = +6.611e-01-3.766e-02i, |S[1][3]| = -3.581e+00, arg(S[1][3]) = -3.261e+00
 S[2][3] = +6.356e-01-3.017e-02i, |S[2][3]| = -3.926e+00, arg(S[2][3]) = -2.717e+00
 S[3][3] = -3.022e-01+3.492e-02i, |S[3][3]| = -1.034e+01, arg(S[3][3]) = +1.734e+02

It 16/82: ω/2π = 7.000e+00 GHz (total elapsed time = 2.46e+03 s)

 Sol. ||E|| = 1.309677e+01
 Field energy E (2.745e-13 J) + H (9.259e-13 J) = 1.200e-12 J
 S[1][3] = +6.606e-01-4.037e-02i, |S[1][3]| = -3.585e+00, arg(S[1][3]) = -3.497e+00
 S[2][3] = +6.355e-01-3.240e-02i, |S[2][3]| = -3.927e+00, arg(S[2][3]) = -2.918e+00
 S[3][3] = -3.017e-01+3.753e-02i, |S[3][3]| = -1.034e+01, arg(S[3][3]) = +1.729e+02

It 17/82: ω/2π = 7.500e+00 GHz (total elapsed time = 2.46e+03 s)

 Sol. ||E|| = 1.305747e+01
 Field energy E (2.736e-13 J) + H (9.245e-13 J) = 1.198e-12 J
 S[1][3] = +6.601e-01-4.307e-02i, |S[1][3]| = -3.589e+00, arg(S[1][3]) = -3.733e+00
 S[2][3] = +6.353e-01-3.463e-02i, |S[2][3]| = -3.928e+00, arg(S[2][3]) = -3.120e+00
 S[3][3] = -3.012e-01+4.011e-02i, |S[3][3]| = -1.035e+01, arg(S[3][3]) = +1.724e+02

It 18/82: ω/2π = 8.000e+00 GHz (total elapsed time = 2.46e+03 s)

 Sol. ||E|| = 1.302735e+01
 Field energy E (2.729e-13 J) + H (9.234e-13 J) = 1.196e-12 J
 S[1][3] = +6.596e-01-4.575e-02i, |S[1][3]| = -3.593e+00, arg(S[1][3]) = -3.967e+00
 S[2][3] = +6.351e-01-3.686e-02i, |S[2][3]| = -3.928e+00, arg(S[2][3]) = -3.322e+00
 S[3][3] = -3.006e-01+4.267e-02i, |S[3][3]| = -1.035e+01, arg(S[3][3]) = +1.719e+02

It 19/82: ω/2π = 8.500e+00 GHz (total elapsed time = 2.46e+03 s)

 Sol. ||E|| = 1.300477e+01
 Field energy E (2.724e-13 J) + H (9.223e-13 J) = 1.195e-12 J
 S[1][3] = +6.591e-01-4.841e-02i, |S[1][3]| = -3.598e+00, arg(S[1][3]) = -4.201e+00
 S[2][3] = +6.349e-01-3.910e-02i, |S[2][3]| = -3.929e+00, arg(S[2][3]) = -3.524e+00
 S[3][3] = -3.000e-01+4.521e-02i, |S[3][3]| = -1.036e+01, arg(S[3][3]) = +1.714e+02

It 20/82: ω/2π = 9.000e+00 GHz (total elapsed time = 2.46e+03 s)

 Sol. ||E|| = 1.298848e+01
 Field energy E (2.721e-13 J) + H (9.213e-13 J) = 1.193e-12 J
 S[1][3] = +6.586e-01-5.106e-02i, |S[1][3]| = -3.602e+00, arg(S[1][3]) = -4.433e+00
 S[2][3] = +6.347e-01-4.133e-02i, |S[2][3]| = -3.930e+00, arg(S[2][3]) = -3.726e+00
 S[3][3] = -2.994e-01+4.772e-02i, |S[3][3]| = -1.037e+01, arg(S[3][3]) = +1.709e+02

It 21/82: ω/2π = 9.500e+00 GHz (total elapsed time = 2.46e+03 s)

 Sol. ||E|| = 1.297748e+01
 Field energy E (2.719e-13 J) + H (9.204e-13 J) = 1.192e-12 J
 S[1][3] = +6.580e-01-5.369e-02i, |S[1][3]| = -3.607e+00, arg(S[1][3]) = -4.665e+00
 S[2][3] = +6.345e-01-4.357e-02i, |S[2][3]| = -3.930e+00, arg(S[2][3]) = -3.928e+00
 S[3][3] = -2.988e-01+5.021e-02i, |S[3][3]| = -1.037e+01, arg(S[3][3]) = +1.705e+02

It 22/82: ω/2π = 1.000e+01 GHz (total elapsed time = 2.47e+03 s)

 Sol. ||E|| = 1.297100e+01
 Field energy E (2.719e-13 J) + H (9.196e-13 J) = 1.192e-12 J
 S[1][3] = +6.574e-01-5.631e-02i, |S[1][3]| = -3.611e+00, arg(S[1][3]) = -4.895e+00
 S[2][3] = +6.343e-01-4.581e-02i, |S[2][3]| = -3.931e+00, arg(S[2][3]) = -4.131e+00
 S[3][3] = -2.981e-01+5.268e-02i, |S[3][3]| = -1.038e+01, arg(S[3][3]) = +1.700e+02

It 23/82: ω/2π = 1.050e+01 GHz (total elapsed time = 2.47e+03 s)

 Sol. ||E|| = 1.296843e+01
 Field energy E (2.720e-13 J) + H (9.189e-13 J) = 1.191e-12 J
 S[1][3] = +6.569e-01-5.891e-02i, |S[1][3]| = -3.616e+00, arg(S[1][3]) = -5.125e+00
 S[2][3] = +6.341e-01-4.805e-02i, |S[2][3]| = -3.932e+00, arg(S[2][3]) = -4.334e+00
 S[3][3] = -2.974e-01+5.513e-02i, |S[3][3]| = -1.039e+01, arg(S[3][3]) = +1.695e+02

It 24/82: ω/2π = 1.100e+01 GHz (total elapsed time = 2.47e+03 s)

 Sol. ||E|| = 1.296927e+01
 Field energy E (2.721e-13 J) + H (9.182e-13 J) = 1.190e-12 J
 S[1][3] = +6.563e-01-6.149e-02i, |S[1][3]| = -3.620e+00, arg(S[1][3]) = -5.353e+00
 S[2][3] = +6.339e-01-5.030e-02i, |S[2][3]| = -3.932e+00, arg(S[2][3]) = -4.537e+00
 S[3][3] = -2.967e-01+5.755e-02i, |S[3][3]| = -1.039e+01, arg(S[3][3]) = +1.690e+02

It 25/82: ω/2π = 1.150e+01 GHz (total elapsed time = 2.47e+03 s)

 Sol. ||E|| = 1.297312e+01
 Field energy E (2.724e-13 J) + H (9.175e-13 J) = 1.190e-12 J
 S[1][3] = +6.557e-01-6.406e-02i, |S[1][3]| = -3.625e+00, arg(S[1][3]) = -5.580e+00
 S[2][3] = +6.337e-01-5.255e-02i, |S[2][3]| = -3.933e+00, arg(S[2][3]) = -4.740e+00
 S[3][3] = -2.960e-01+5.996e-02i, |S[3][3]| = -1.040e+01, arg(S[3][3]) = +1.685e+02

It 26/82: ω/2π = 1.200e+01 GHz (total elapsed time = 2.47e+03 s)

 Sol. ||E|| = 1.297966e+01
 Field energy E (2.727e-13 J) + H (9.169e-13 J) = 1.190e-12 J
 S[1][3] = +6.550e-01-6.661e-02i, |S[1][3]| = -3.630e+00, arg(S[1][3]) = -5.807e+00
 S[2][3] = +6.335e-01-5.479e-02i, |S[2][3]| = -3.933e+00, arg(S[2][3]) = -4.944e+00
 S[3][3] = -2.953e-01+6.234e-02i, |S[3][3]| = -1.041e+01, arg(S[3][3]) = +1.681e+02

It 27/82: ω/2π = 1.250e+01 GHz (total elapsed time = 2.47e+03 s)

 Sol. ||E|| = 1.298860e+01
 Field energy E (2.731e-13 J) + H (9.164e-13 J) = 1.189e-12 J
 S[1][3] = +6.544e-01-6.915e-02i, |S[1][3]| = -3.635e+00, arg(S[1][3]) = -6.032e+00
 S[2][3] = +6.332e-01-5.705e-02i, |S[2][3]| = -3.934e+00, arg(S[2][3]) = -5.148e+00
 S[3][3] = -2.945e-01+6.470e-02i, |S[3][3]| = -1.041e+01, arg(S[3][3]) = +1.676e+02

It 28/82: ω/2π = 1.300e+01 GHz (total elapsed time = 2.47e+03 s)

 Sol. ||E|| = 1.299973e+01
 Field energy E (2.736e-13 J) + H (9.159e-13 J) = 1.189e-12 J
 S[1][3] = +6.538e-01-7.168e-02i, |S[1][3]| = -3.640e+00, arg(S[1][3]) = -6.257e+00
 S[2][3] = +6.330e-01-5.930e-02i, |S[2][3]| = -3.934e+00, arg(S[2][3]) = -5.352e+00
 S[3][3] = -2.938e-01+6.704e-02i, |S[3][3]| = -1.042e+01, arg(S[3][3]) = +1.671e+02

It 29/82: ω/2π = 1.350e+01 GHz (total elapsed time = 2.47e+03 s)

 Sol. ||E|| = 1.301285e+01
 Field energy E (2.741e-13 J) + H (9.154e-13 J) = 1.189e-12 J
 S[1][3] = +6.531e-01-7.419e-02i, |S[1][3]| = -3.644e+00, arg(S[1][3]) = -6.481e+00
 S[2][3] = +6.327e-01-6.155e-02i, |S[2][3]| = -3.935e+00, arg(S[2][3]) = -5.556e+00
 S[3][3] = -2.930e-01+6.937e-02i, |S[3][3]| = -1.043e+01, arg(S[3][3]) = +1.667e+02

It 30/82: ω/2π = 1.400e+01 GHz (total elapsed time = 2.47e+03 s)

 Sol. ||E|| = 1.302781e+01
 Field energy E (2.747e-13 J) + H (9.149e-13 J) = 1.190e-12 J
 S[1][3] = +6.525e-01-7.669e-02i, |S[1][3]| = -3.649e+00, arg(S[1][3]) = -6.704e+00
 S[2][3] = +6.325e-01-6.381e-02i, |S[2][3]| = -3.935e+00, arg(S[2][3]) = -5.761e+00
 S[3][3] = -2.922e-01+7.167e-02i, |S[3][3]| = -1.043e+01, arg(S[3][3]) = +1.662e+02

It 31/82: ω/2π = 1.450e+01 GHz (total elapsed time = 2.47e+03 s)

 Sol. ||E|| = 1.304446e+01
 Field energy E (2.753e-13 J) + H (9.145e-13 J) = 1.190e-12 J
 S[1][3] = +6.518e-01-7.917e-02i, |S[1][3]| = -3.654e+00, arg(S[1][3]) = -6.926e+00
 S[2][3] = +6.322e-01-6.607e-02i, |S[2][3]| = -3.936e+00, arg(S[2][3]) = -5.967e+00
 S[3][3] = -2.914e-01+7.396e-02i, |S[3][3]| = -1.044e+01, arg(S[3][3]) = +1.658e+02

It 32/82: ω/2π = 1.500e+01 GHz (total elapsed time = 2.47e+03 s)

 Sol. ||E|| = 1.306268e+01
 Field energy E (2.760e-13 J) + H (9.141e-13 J) = 1.190e-12 J
 S[1][3] = +6.511e-01-8.165e-02i, |S[1][3]| = -3.659e+00, arg(S[1][3]) = -7.147e+00
 S[2][3] = +6.319e-01-6.834e-02i, |S[2][3]| = -3.936e+00, arg(S[2][3]) = -6.172e+00
 S[3][3] = -2.906e-01+7.623e-02i, |S[3][3]| = -1.045e+01, arg(S[3][3]) = +1.653e+02

It 33/82: ω/2π = 1.550e+01 GHz (total elapsed time = 2.47e+03 s)

 Sol. ||E|| = 1.308239e+01
 Field energy E (2.767e-13 J) + H (9.138e-13 J) = 1.190e-12 J
 S[1][3] = +6.504e-01-8.411e-02i, |S[1][3]| = -3.664e+00, arg(S[1][3]) = -7.368e+00
 S[2][3] = +6.316e-01-7.060e-02i, |S[2][3]| = -3.937e+00, arg(S[2][3]) = -6.378e+00
 S[3][3] = -2.897e-01+7.848e-02i, |S[3][3]| = -1.045e+01, arg(S[3][3]) = +1.648e+02

It 34/82: ω/2π = 1.600e+01 GHz (total elapsed time = 2.47e+03 s)

 Sol. ||E|| = 1.310350e+01
 Field energy E (2.774e-13 J) + H (9.135e-13 J) = 1.191e-12 J
 S[1][3] = +6.497e-01-8.656e-02i, |S[1][3]| = -3.669e+00, arg(S[1][3]) = -7.588e+00
 S[2][3] = +6.313e-01-7.287e-02i, |S[2][3]| = -3.937e+00, arg(S[2][3]) = -6.584e+00
 S[3][3] = -2.889e-01+8.071e-02i, |S[3][3]| = -1.046e+01, arg(S[3][3]) = +1.644e+02

It 35/82: ω/2π = 1.650e+01 GHz (total elapsed time = 2.47e+03 s)

 Sol. ||E|| = 1.312592e+01
 Field energy E (2.782e-13 J) + H (9.132e-13 J) = 1.191e-12 J
 S[1][3] = +6.490e-01-8.900e-02i, |S[1][3]| = -3.674e+00, arg(S[1][3]) = -7.808e+00
 S[2][3] = +6.310e-01-7.515e-02i, |S[2][3]| = -3.938e+00, arg(S[2][3]) = -6.791e+00
 S[3][3] = -2.880e-01+8.293e-02i, |S[3][3]| = -1.047e+01, arg(S[3][3]) = +1.639e+02

It 36/82: ω/2π = 1.700e+01 GHz (total elapsed time = 2.47e+03 s)

 Sol. ||E|| = 1.314960e+01
 Field energy E (2.791e-13 J) + H (9.129e-13 J) = 1.192e-12 J
 S[1][3] = +6.483e-01-9.142e-02i, |S[1][3]| = -3.678e+00, arg(S[1][3]) = -8.026e+00
 S[2][3] = +6.307e-01-7.742e-02i, |S[2][3]| = -3.938e+00, arg(S[2][3]) = -6.998e+00
 S[3][3] = -2.872e-01+8.514e-02i, |S[3][3]| = -1.047e+01, arg(S[3][3]) = +1.635e+02

It 37/82: ω/2π = 1.750e+01 GHz (total elapsed time = 2.47e+03 s)

 Sol. ||E|| = 1.317447e+01
 Field energy E (2.800e-13 J) + H (9.127e-13 J) = 1.193e-12 J
 S[1][3] = +6.476e-01-9.384e-02i, |S[1][3]| = -3.683e+00, arg(S[1][3]) = -8.245e+00
 S[2][3] = +6.304e-01-7.970e-02i, |S[2][3]| = -3.939e+00, arg(S[2][3]) = -7.206e+00
 S[3][3] = -2.863e-01+8.732e-02i, |S[3][3]| = -1.048e+01, arg(S[3][3]) = +1.630e+02

It 38/82: ω/2π = 1.800e+01 GHz (total elapsed time = 2.47e+03 s)

 Sol. ||E|| = 1.320050e+01
 Field energy E (2.809e-13 J) + H (9.125e-13 J) = 1.193e-12 J
 S[1][3] = +6.469e-01-9.625e-02i, |S[1][3]| = -3.688e+00, arg(S[1][3]) = -8.463e+00
 S[2][3] = +6.301e-01-8.198e-02i, |S[2][3]| = -3.939e+00, arg(S[2][3]) = -7.414e+00
 S[3][3] = -2.854e-01+8.950e-02i, |S[3][3]| = -1.048e+01, arg(S[3][3]) = +1.626e+02

It 39/82: ω/2π = 1.850e+01 GHz (total elapsed time = 2.47e+03 s)

 Sol. ||E|| = 1.322764e+01
 Field energy E (2.819e-13 J) + H (9.123e-13 J) = 1.194e-12 J
 S[1][3] = +6.462e-01-9.866e-02i, |S[1][3]| = -3.693e+00, arg(S[1][3]) = -8.680e+00
 S[2][3] = +6.297e-01-8.427e-02i, |S[2][3]| = -3.940e+00, arg(S[2][3]) = -7.622e+00
 S[3][3] = -2.845e-01+9.165e-02i, |S[3][3]| = -1.049e+01, arg(S[3][3]) = +1.621e+02

It 40/82: ω/2π = 1.900e+01 GHz (total elapsed time = 2.47e+03 s)

 Sol. ||E|| = 1.325585e+01
 Field energy E (2.829e-13 J) + H (9.122e-13 J) = 1.195e-12 J
 S[1][3] = +6.455e-01-1.010e-01i, |S[1][3]| = -3.697e+00, arg(S[1][3]) = -8.898e+00
 S[2][3] = +6.294e-01-8.656e-02i, |S[2][3]| = -3.940e+00, arg(S[2][3]) = -7.831e+00
 S[3][3] = -2.836e-01+9.380e-02i, |S[3][3]| = -1.050e+01, arg(S[3][3]) = +1.617e+02

It 41/82: ω/2π = 1.950e+01 GHz (total elapsed time = 2.47e+03 s)

 Sol. ||E|| = 1.328509e+01
 Field energy E (2.839e-13 J) + H (9.121e-13 J) = 1.196e-12 J
 S[1][3] = +6.447e-01-1.034e-01i, |S[1][3]| = -3.702e+00, arg(S[1][3]) = -9.114e+00
 S[2][3] = +6.290e-01-8.885e-02i, |S[2][3]| = -3.941e+00, arg(S[2][3]) = -8.040e+00
 S[3][3] = -2.827e-01+9.593e-02i, |S[3][3]| = -1.050e+01, arg(S[3][3]) = +1.613e+02

It 42/82: ω/2π = 2.000e+01 GHz (total elapsed time = 2.47e+03 s)

 Sol. ||E|| = 1.331535e+01
 Field energy E (2.850e-13 J) + H (9.120e-13 J) = 1.197e-12 J
 S[1][3] = +6.440e-01-1.058e-01i, |S[1][3]| = -3.707e+00, arg(S[1][3]) = -9.331e+00
 S[2][3] = +6.287e-01-9.115e-02i, |S[2][3]| = -3.941e+00, arg(S[2][3]) = -8.250e+00
 S[3][3] = -2.817e-01+9.805e-02i, |S[3][3]| = -1.051e+01, arg(S[3][3]) = +1.608e+02

It 43/82: ω/2π = 2.050e+01 GHz (total elapsed time = 2.47e+03 s)

 Sol. ||E|| = 1.334659e+01
 Field energy E (2.861e-13 J) + H (9.120e-13 J) = 1.198e-12 J
 S[1][3] = +6.432e-01-1.082e-01i, |S[1][3]| = -3.711e+00, arg(S[1][3]) = -9.547e+00
 S[2][3] = +6.283e-01-9.345e-02i, |S[2][3]| = -3.942e+00, arg(S[2][3]) = -8.460e+00
 S[3][3] = -2.808e-01+1.002e-01i, |S[3][3]| = -1.051e+01, arg(S[3][3]) = +1.604e+02

It 44/82: ω/2π = 2.100e+01 GHz (total elapsed time = 2.47e+03 s)

 Sol. ||E|| = 1.337880e+01
 Field energy E (2.872e-13 J) + H (9.119e-13 J) = 1.199e-12 J
 S[1][3] = +6.425e-01-1.106e-01i, |S[1][3]| = -3.716e+00, arg(S[1][3]) = -9.763e+00
 S[2][3] = +6.279e-01-9.575e-02i, |S[2][3]| = -3.943e+00, arg(S[2][3]) = -8.671e+00
 S[3][3] = -2.798e-01+1.022e-01i, |S[3][3]| = -1.052e+01, arg(S[3][3]) = +1.599e+02

It 45/82: ω/2π = 2.150e+01 GHz (total elapsed time = 2.47e+03 s)

 Sol. ||E|| = 1.341195e+01
 Field energy E (2.884e-13 J) + H (9.119e-13 J) = 1.200e-12 J
 S[1][3] = +6.417e-01-1.129e-01i, |S[1][3]| = -3.721e+00, arg(S[1][3]) = -9.979e+00
 S[2][3] = +6.275e-01-9.806e-02i, |S[2][3]| = -3.943e+00, arg(S[2][3]) = -8.882e+00
 S[3][3] = -2.789e-01+1.043e-01i, |S[3][3]| = -1.052e+01, arg(S[3][3]) = +1.595e+02

It 46/82: ω/2π = 2.200e+01 GHz (total elapsed time = 2.47e+03 s)

 Sol. ||E|| = 1.344603e+01
 Field energy E (2.896e-13 J) + H (9.120e-13 J) = 1.202e-12 J
 S[1][3] = +6.410e-01-1.153e-01i, |S[1][3]| = -3.725e+00, arg(S[1][3]) = -1.019e+01
 S[2][3] = +6.271e-01-1.004e-01i, |S[2][3]| = -3.944e+00, arg(S[2][3]) = -9.094e+00
 S[3][3] = -2.779e-01+1.064e-01i, |S[3][3]| = -1.053e+01, arg(S[3][3]) = +1.591e+02

It 47/82: ω/2π = 2.250e+01 GHz (total elapsed time = 2.47e+03 s)

 Sol. ||E|| = 1.348101e+01
 Field energy E (2.909e-13 J) + H (9.120e-13 J) = 1.203e-12 J
 S[1][3] = +6.402e-01-1.176e-01i, |S[1][3]| = -3.730e+00, arg(S[1][3]) = -1.041e+01
 S[2][3] = +6.267e-01-1.027e-01i, |S[2][3]| = -3.944e+00, arg(S[2][3]) = -9.306e+00
 S[3][3] = -2.769e-01+1.084e-01i, |S[3][3]| = -1.053e+01, arg(S[3][3]) = +1.586e+02

It 48/82: ω/2π = 2.300e+01 GHz (total elapsed time = 2.47e+03 s)

 Sol. ||E|| = 1.351690e+01
 Field energy E (2.922e-13 J) + H (9.121e-13 J) = 1.204e-12 J
 S[1][3] = +6.394e-01-1.200e-01i, |S[1][3]| = -3.734e+00, arg(S[1][3]) = -1.063e+01
 S[2][3] = +6.262e-01-1.050e-01i, |S[2][3]| = -3.945e+00, arg(S[2][3]) = -9.519e+00
 S[3][3] = -2.759e-01+1.105e-01i, |S[3][3]| = -1.054e+01, arg(S[3][3]) = +1.582e+02

It 49/82: ω/2π = 2.350e+01 GHz (total elapsed time = 2.47e+03 s)

 Sol. ||E|| = 1.355367e+01
 Field energy E (2.935e-13 J) + H (9.122e-13 J) = 1.206e-12 J
 S[1][3] = +6.386e-01-1.223e-01i, |S[1][3]| = -3.738e+00, arg(S[1][3]) = -1.084e+01
 S[2][3] = +6.258e-01-1.073e-01i, |S[2][3]| = -3.946e+00, arg(S[2][3]) = -9.732e+00
 S[3][3] = -2.749e-01+1.125e-01i, |S[3][3]| = -1.054e+01, arg(S[3][3]) = +1.577e+02

It 50/82: ω/2π = 2.400e+01 GHz (total elapsed time = 2.47e+03 s)

 Sol. ||E|| = 1.359132e+01
 Field energy E (2.949e-13 J) + H (9.124e-13 J) = 1.207e-12 J
 S[1][3] = +6.379e-01-1.246e-01i, |S[1][3]| = -3.743e+00, arg(S[1][3]) = -1.106e+01
 S[2][3] = +6.253e-01-1.097e-01i, |S[2][3]| = -3.946e+00, arg(S[2][3]) = -9.946e+00
 S[3][3] = -2.739e-01+1.145e-01i, |S[3][3]| = -1.055e+01, arg(S[3][3]) = +1.573e+02

It 51/82: ω/2π = 2.450e+01 GHz (total elapsed time = 2.47e+03 s)

 Sol. ||E|| = 1.362984e+01
 Field energy E (2.963e-13 J) + H (9.126e-13 J) = 1.209e-12 J
 S[1][3] = +6.371e-01-1.270e-01i, |S[1][3]| = -3.747e+00, arg(S[1][3]) = -1.127e+01
 S[2][3] = +6.249e-01-1.120e-01i, |S[2][3]| = -3.947e+00, arg(S[2][3]) = -1.016e+01
 S[3][3] = -2.729e-01+1.165e-01i, |S[3][3]| = -1.055e+01, arg(S[3][3]) = +1.569e+02

It 52/82: ω/2π = 2.500e+01 GHz (total elapsed time = 2.47e+03 s)

 Sol. ||E|| = 1.366922e+01
 Field energy E (2.977e-13 J) + H (9.128e-13 J) = 1.210e-12 J
 S[1][3] = +6.363e-01-1.293e-01i, |S[1][3]| = -3.752e+00, arg(S[1][3]) = -1.149e+01
 S[2][3] = +6.244e-01-1.143e-01i, |S[2][3]| = -3.948e+00, arg(S[2][3]) = -1.038e+01
 S[3][3] = -2.719e-01+1.185e-01i, |S[3][3]| = -1.056e+01, arg(S[3][3]) = +1.564e+02

It 53/82: ω/2π = 2.550e+01 GHz (total elapsed time = 2.47e+03 s)

 Sol. ||E|| = 1.370945e+01
 Field energy E (2.992e-13 J) + H (9.130e-13 J) = 1.212e-12 J
 S[1][3] = +6.355e-01-1.316e-01i, |S[1][3]| = -3.756e+00, arg(S[1][3]) = -1.170e+01
 S[2][3] = +6.239e-01-1.167e-01i, |S[2][3]| = -3.948e+00, arg(S[2][3]) = -1.059e+01
 S[3][3] = -2.708e-01+1.205e-01i, |S[3][3]| = -1.056e+01, arg(S[3][3]) = +1.560e+02

It 54/82: ω/2π = 2.600e+01 GHz (total elapsed time = 2.47e+03 s)

 Sol. ||E|| = 1.375053e+01
 Field energy E (3.007e-13 J) + H (9.132e-13 J) = 1.214e-12 J
 S[1][3] = +6.346e-01-1.339e-01i, |S[1][3]| = -3.760e+00, arg(S[1][3]) = -1.192e+01
 S[2][3] = +6.234e-01-1.190e-01i, |S[2][3]| = -3.949e+00, arg(S[2][3]) = -1.081e+01
 S[3][3] = -2.698e-01+1.225e-01i, |S[3][3]| = -1.057e+01, arg(S[3][3]) = +1.556e+02

It 55/82: ω/2π = 2.650e+01 GHz (total elapsed time = 2.47e+03 s)

 Sol. ||E|| = 1.379245e+01
 Field energy E (3.022e-13 J) + H (9.135e-13 J) = 1.216e-12 J
 S[1][3] = +6.338e-01-1.363e-01i, |S[1][3]| = -3.764e+00, arg(S[1][3]) = -1.213e+01
 S[2][3] = +6.229e-01-1.213e-01i, |S[2][3]| = -3.950e+00, arg(S[2][3]) = -1.102e+01
 S[3][3] = -2.687e-01+1.245e-01i, |S[3][3]| = -1.057e+01, arg(S[3][3]) = +1.551e+02

It 56/82: ω/2π = 2.700e+01 GHz (total elapsed time = 2.47e+03 s)

 Sol. ||E|| = 1.383521e+01
 Field energy E (3.038e-13 J) + H (9.138e-13 J) = 1.218e-12 J
 S[1][3] = +6.330e-01-1.386e-01i, |S[1][3]| = -3.768e+00, arg(S[1][3]) = -1.235e+01
 S[2][3] = +6.224e-01-1.237e-01i, |S[2][3]| = -3.951e+00, arg(S[2][3]) = -1.124e+01
 S[3][3] = -2.676e-01+1.264e-01i, |S[3][3]| = -1.057e+01, arg(S[3][3]) = +1.547e+02

It 57/82: ω/2π = 2.750e+01 GHz (total elapsed time = 2.47e+03 s)

 Sol. ||E|| = 1.387880e+01
 Field energy E (3.054e-13 J) + H (9.142e-13 J) = 1.220e-12 J
 S[1][3] = +6.322e-01-1.409e-01i, |S[1][3]| = -3.773e+00, arg(S[1][3]) = -1.257e+01
 S[2][3] = +6.219e-01-1.261e-01i, |S[2][3]| = -3.951e+00, arg(S[2][3]) = -1.146e+01
 S[3][3] = -2.665e-01+1.283e-01i, |S[3][3]| = -1.058e+01, arg(S[3][3]) = +1.543e+02

It 58/82: ω/2π = 2.800e+01 GHz (total elapsed time = 2.47e+03 s)

 Sol. ||E|| = 1.392323e+01
 Field energy E (3.070e-13 J) + H (9.146e-13 J) = 1.222e-12 J
 S[1][3] = +6.313e-01-1.432e-01i, |S[1][3]| = -3.777e+00, arg(S[1][3]) = -1.278e+01
 S[2][3] = +6.213e-01-1.284e-01i, |S[2][3]| = -3.952e+00, arg(S[2][3]) = -1.168e+01
 S[3][3] = -2.654e-01+1.303e-01i, |S[3][3]| = -1.058e+01, arg(S[3][3]) = +1.539e+02

It 59/82: ω/2π = 2.850e+01 GHz (total elapsed time = 2.47e+03 s)

 Sol. ||E|| = 1.396849e+01
 Field energy E (3.087e-13 J) + H (9.150e-13 J) = 1.224e-12 J
 S[1][3] = +6.305e-01-1.455e-01i, |S[1][3]| = -3.781e+00, arg(S[1][3]) = -1.300e+01
 S[2][3] = +6.207e-01-1.308e-01i, |S[2][3]| = -3.953e+00, arg(S[2][3]) = -1.190e+01
 S[3][3] = -2.643e-01+1.322e-01i, |S[3][3]| = -1.059e+01, arg(S[3][3]) = +1.534e+02

It 60/82: ω/2π = 2.900e+01 GHz (total elapsed time = 2.47e+03 s)

 Sol. ||E|| = 1.401458e+01
 Field energy E (3.105e-13 J) + H (9.154e-13 J) = 1.226e-12 J
 S[1][3] = +6.297e-01-1.479e-01i, |S[1][3]| = -3.785e+00, arg(S[1][3]) = -1.321e+01
 S[2][3] = +6.202e-01-1.331e-01i, |S[2][3]| = -3.954e+00, arg(S[2][3]) = -1.212e+01
 S[3][3] = -2.632e-01+1.341e-01i, |S[3][3]| = -1.059e+01, arg(S[3][3]) = +1.530e+02

It 61/82: ω/2π = 2.950e+01 GHz (total elapsed time = 2.47e+03 s)

 Sol. ||E|| = 1.406149e+01
 Field energy E (3.122e-13 J) + H (9.158e-13 J) = 1.228e-12 J
 S[1][3] = +6.288e-01-1.502e-01i, |S[1][3]| = -3.789e+00, arg(S[1][3]) = -1.343e+01
 S[2][3] = +6.196e-01-1.355e-01i, |S[2][3]| = -3.955e+00, arg(S[2][3]) = -1.234e+01
 S[3][3] = -2.621e-01+1.360e-01i, |S[3][3]| = -1.060e+01, arg(S[3][3]) = +1.526e+02

It 62/82: ω/2π = 3.000e+01 GHz (total elapsed time = 2.47e+03 s)

 Sol. ||E|| = 1.410924e+01
 Field energy E (3.140e-13 J) + H (9.163e-13 J) = 1.230e-12 J
 S[1][3] = +6.279e-01-1.525e-01i, |S[1][3]| = -3.793e+00, arg(S[1][3]) = -1.365e+01
 S[2][3] = +6.190e-01-1.379e-01i, |S[2][3]| = -3.956e+00, arg(S[2][3]) = -1.256e+01
 S[3][3] = -2.609e-01+1.379e-01i, |S[3][3]| = -1.060e+01, arg(S[3][3]) = +1.522e+02

It 63/82: ω/2π = 3.050e+01 GHz (total elapsed time = 2.47e+03 s)

 Sol. ||E|| = 1.415781e+01
 Field energy E (3.159e-13 J) + H (9.168e-13 J) = 1.233e-12 J
 S[1][3] = +6.271e-01-1.548e-01i, |S[1][3]| = -3.797e+00, arg(S[1][3]) = -1.387e+01
 S[2][3] = +6.184e-01-1.403e-01i, |S[2][3]| = -3.957e+00, arg(S[2][3]) = -1.278e+01
 S[3][3] = -2.598e-01+1.397e-01i, |S[3][3]| = -1.060e+01, arg(S[3][3]) = +1.517e+02

It 64/82: ω/2π = 3.100e+01 GHz (total elapsed time = 2.47e+03 s)

 Sol. ||E|| = 1.420721e+01
 Field energy E (3.178e-13 J) + H (9.174e-13 J) = 1.235e-12 J
 S[1][3] = +6.262e-01-1.571e-01i, |S[1][3]| = -3.801e+00, arg(S[1][3]) = -1.408e+01
 S[2][3] = +6.178e-01-1.426e-01i, |S[2][3]| = -3.958e+00, arg(S[2][3]) = -1.300e+01
 S[3][3] = -2.586e-01+1.416e-01i, |S[3][3]| = -1.061e+01, arg(S[3][3]) = +1.513e+02

It 65/82: ω/2π = 3.150e+01 GHz (total elapsed time = 2.47e+03 s)

 Sol. ||E|| = 1.425743e+01
 Field energy E (3.197e-13 J) + H (9.179e-13 J) = 1.238e-12 J
 S[1][3] = +6.253e-01-1.594e-01i, |S[1][3]| = -3.805e+00, arg(S[1][3]) = -1.430e+01
 S[2][3] = +6.172e-01-1.450e-01i, |S[2][3]| = -3.959e+00, arg(S[2][3]) = -1.323e+01
 S[3][3] = -2.574e-01+1.434e-01i, |S[3][3]| = -1.061e+01, arg(S[3][3]) = +1.509e+02

It 66/82: ω/2π = 3.200e+01 GHz (total elapsed time = 2.47e+03 s)

 Sol. ||E|| = 1.430849e+01
 Field energy E (3.217e-13 J) + H (9.185e-13 J) = 1.240e-12 J
 S[1][3] = +6.244e-01-1.617e-01i, |S[1][3]| = -3.809e+00, arg(S[1][3]) = -1.452e+01
 S[2][3] = +6.165e-01-1.474e-01i, |S[2][3]| = -3.960e+00, arg(S[2][3]) = -1.345e+01
 S[3][3] = -2.563e-01+1.453e-01i, |S[3][3]| = -1.062e+01, arg(S[3][3]) = +1.505e+02

It 67/82: ω/2π = 3.250e+01 GHz (total elapsed time = 2.47e+03 s)

 Sol. ||E|| = 1.436038e+01
 Field energy E (3.237e-13 J) + H (9.192e-13 J) = 1.243e-12 J
 S[1][3] = +6.235e-01-1.641e-01i, |S[1][3]| = -3.813e+00, arg(S[1][3]) = -1.474e+01
 S[2][3] = +6.159e-01-1.498e-01i, |S[2][3]| = -3.961e+00, arg(S[2][3]) = -1.367e+01
 S[3][3] = -2.551e-01+1.471e-01i, |S[3][3]| = -1.062e+01, arg(S[3][3]) = +1.500e+02

It 68/82: ω/2π = 3.300e+01 GHz (total elapsed time = 2.47e+03 s)

 Sol. ||E|| = 1.441310e+01
 Field energy E (3.257e-13 J) + H (9.198e-13 J) = 1.246e-12 J
 S[1][3] = +6.226e-01-1.664e-01i, |S[1][3]| = -3.816e+00, arg(S[1][3]) = -1.496e+01
 S[2][3] = +6.152e-01-1.522e-01i, |S[2][3]| = -3.962e+00, arg(S[2][3]) = -1.390e+01
 S[3][3] = -2.538e-01+1.489e-01i, |S[3][3]| = -1.062e+01, arg(S[3][3]) = +1.496e+02

It 69/82: ω/2π = 3.350e+01 GHz (total elapsed time = 2.47e+03 s)

 Sol. ||E|| = 1.446665e+01
 Field energy E (3.278e-13 J) + H (9.205e-13 J) = 1.248e-12 J
 S[1][3] = +6.217e-01-1.687e-01i, |S[1][3]| = -3.820e+00, arg(S[1][3]) = -1.518e+01
 S[2][3] = +6.145e-01-1.546e-01i, |S[2][3]| = -3.963e+00, arg(S[2][3]) = -1.412e+01
 S[3][3] = -2.526e-01+1.507e-01i, |S[3][3]| = -1.063e+01, arg(S[3][3]) = +1.492e+02

It 70/82: ω/2π = 3.400e+01 GHz (total elapsed time = 2.47e+03 s)

 Sol. ||E|| = 1.452105e+01
 Field energy E (3.299e-13 J) + H (9.212e-13 J) = 1.251e-12 J
 S[1][3] = +6.208e-01-1.710e-01i, |S[1][3]| = -3.824e+00, arg(S[1][3]) = -1.540e+01
 S[2][3] = +6.138e-01-1.570e-01i, |S[2][3]| = -3.964e+00, arg(S[2][3]) = -1.435e+01
 S[3][3] = -2.514e-01+1.525e-01i, |S[3][3]| = -1.063e+01, arg(S[3][3]) = +1.488e+02

It 71/82: ω/2π = 3.450e+01 GHz (total elapsed time = 2.47e+03 s)

 Sol. ||E|| = 1.457629e+01
 Field energy E (3.321e-13 J) + H (9.220e-13 J) = 1.254e-12 J
 S[1][3] = +6.198e-01-1.733e-01i, |S[1][3]| = -3.828e+00, arg(S[1][3]) = -1.562e+01
 S[2][3] = +6.131e-01-1.595e-01i, |S[2][3]| = -3.965e+00, arg(S[2][3]) = -1.458e+01
 S[3][3] = -2.501e-01+1.543e-01i, |S[3][3]| = -1.064e+01, arg(S[3][3]) = +1.483e+02

It 72/82: ω/2π = 3.500e+01 GHz (total elapsed time = 2.48e+03 s)

 Sol. ||E|| = 1.463237e+01
 Field energy E (3.344e-13 J) + H (9.228e-13 J) = 1.257e-12 J
 S[1][3] = +6.189e-01-1.756e-01i, |S[1][3]| = -3.831e+00, arg(S[1][3]) = -1.585e+01
 S[2][3] = +6.124e-01-1.619e-01i, |S[2][3]| = -3.966e+00, arg(S[2][3]) = -1.481e+01
 S[3][3] = -2.489e-01+1.560e-01i, |S[3][3]| = -1.064e+01, arg(S[3][3]) = +1.479e+02

It 73/82: ω/2π = 3.550e+01 GHz (total elapsed time = 2.48e+03 s)

 Sol. ||E|| = 1.468930e+01
 Field energy E (3.366e-13 J) + H (9.236e-13 J) = 1.260e-12 J
 S[1][3] = +6.179e-01-1.780e-01i, |S[1][3]| = -3.835e+00, arg(S[1][3]) = -1.607e+01
 S[2][3] = +6.116e-01-1.643e-01i, |S[2][3]| = -3.967e+00, arg(S[2][3]) = -1.504e+01
 S[3][3] = -2.476e-01+1.578e-01i, |S[3][3]| = -1.064e+01, arg(S[3][3]) = +1.475e+02

It 74/82: ω/2π = 3.600e+01 GHz (total elapsed time = 2.48e+03 s)

 Sol. ||E|| = 1.474709e+01
 Field energy E (3.389e-13 J) + H (9.245e-13 J) = 1.263e-12 J
 S[1][3] = +6.170e-01-1.803e-01i, |S[1][3]| = -3.839e+00, arg(S[1][3]) = -1.629e+01
 S[2][3] = +6.109e-01-1.667e-01i, |S[2][3]| = -3.969e+00, arg(S[2][3]) = -1.527e+01
 S[3][3] = -2.463e-01+1.595e-01i, |S[3][3]| = -1.065e+01, arg(S[3][3]) = +1.471e+02

It 75/82: ω/2π = 3.650e+01 GHz (total elapsed time = 2.48e+03 s)

 Sol. ||E|| = 1.480573e+01
 Field energy E (3.413e-13 J) + H (9.253e-13 J) = 1.267e-12 J
 S[1][3] = +6.160e-01-1.826e-01i, |S[1][3]| = -3.842e+00, arg(S[1][3]) = -1.651e+01
 S[2][3] = +6.101e-01-1.692e-01i, |S[2][3]| = -3.970e+00, arg(S[2][3]) = -1.550e+01
 S[3][3] = -2.451e-01+1.612e-01i, |S[3][3]| = -1.065e+01, arg(S[3][3]) = +1.467e+02

It 76/82: ω/2π = 3.700e+01 GHz (total elapsed time = 2.48e+03 s)

 Sol. ||E|| = 1.486523e+01
 Field energy E (3.437e-13 J) + H (9.263e-13 J) = 1.270e-12 J
 S[1][3] = +6.150e-01-1.850e-01i, |S[1][3]| = -3.846e+00, arg(S[1][3]) = -1.674e+01
 S[2][3] = +6.094e-01-1.716e-01i, |S[2][3]| = -3.971e+00, arg(S[2][3]) = -1.573e+01
 S[3][3] = -2.437e-01+1.629e-01i, |S[3][3]| = -1.066e+01, arg(S[3][3]) = +1.462e+02

It 77/82: ω/2π = 3.750e+01 GHz (total elapsed time = 2.48e+03 s)

 Sol. ||E|| = 1.492560e+01
 Field energy E (3.462e-13 J) + H (9.272e-13 J) = 1.273e-12 J
 S[1][3] = +6.140e-01-1.873e-01i, |S[1][3]| = -3.850e+00, arg(S[1][3]) = -1.696e+01
 S[2][3] = +6.086e-01-1.741e-01i, |S[2][3]| = -3.972e+00, arg(S[2][3]) = -1.596e+01
 S[3][3] = -2.424e-01+1.646e-01i, |S[3][3]| = -1.066e+01, arg(S[3][3]) = +1.458e+02

It 78/82: ω/2π = 3.800e+01 GHz (total elapsed time = 2.48e+03 s)

 Sol. ||E|| = 1.498685e+01
 Field energy E (3.487e-13 J) + H (9.282e-13 J) = 1.277e-12 J
 S[1][3] = +6.130e-01-1.896e-01i, |S[1][3]| = -3.853e+00, arg(S[1][3]) = -1.719e+01
 S[2][3] = +6.078e-01-1.765e-01i, |S[2][3]| = -3.974e+00, arg(S[2][3]) = -1.619e+01
 S[3][3] = -2.411e-01+1.663e-01i, |S[3][3]| = -1.067e+01, arg(S[3][3]) = +1.454e+02

It 79/82: ω/2π = 3.850e+01 GHz (total elapsed time = 2.48e+03 s)

 Sol. ||E|| = 1.504897e+01
 Field energy E (3.513e-13 J) + H (9.292e-13 J) = 1.280e-12 J
 S[1][3] = +6.120e-01-1.920e-01i, |S[1][3]| = -3.857e+00, arg(S[1][3]) = -1.741e+01
 S[2][3] = +6.069e-01-1.790e-01i, |S[2][3]| = -3.975e+00, arg(S[2][3]) = -1.643e+01
 S[3][3] = -2.398e-01+1.680e-01i, |S[3][3]| = -1.067e+01, arg(S[3][3]) = +1.450e+02

It 80/82: ω/2π = 3.900e+01 GHz (total elapsed time = 2.48e+03 s)

 Sol. ||E|| = 1.511198e+01
 Field energy E (3.539e-13 J) + H (9.303e-13 J) = 1.284e-12 J
 S[1][3] = +6.110e-01-1.943e-01i, |S[1][3]| = -3.860e+00, arg(S[1][3]) = -1.764e+01
 S[2][3] = +6.061e-01-1.814e-01i, |S[2][3]| = -3.976e+00, arg(S[2][3]) = -1.666e+01
 S[3][3] = -2.384e-01+1.696e-01i, |S[3][3]| = -1.067e+01, arg(S[3][3]) = +1.446e+02

It 81/82: ω/2π = 3.950e+01 GHz (total elapsed time = 2.48e+03 s)

 Sol. ||E|| = 1.517588e+01
 Field energy E (3.566e-13 J) + H (9.313e-13 J) = 1.288e-12 J
 S[1][3] = +6.100e-01-1.967e-01i, |S[1][3]| = -3.864e+00, arg(S[1][3]) = -1.787e+01
 S[2][3] = +6.053e-01-1.839e-01i, |S[2][3]| = -3.978e+00, arg(S[2][3]) = -1.690e+01
 S[3][3] = -2.371e-01+1.713e-01i, |S[3][3]| = -1.068e+01, arg(S[3][3]) = +1.442e+02

It 82/82: ω/2π = 4.000e+01 GHz (total elapsed time = 2.48e+03 s)

 Sol. ||E|| = 1.524067e+01
 Field energy E (3.593e-13 J) + H (9.325e-13 J) = 1.292e-12 J
 S[1][3] = +6.090e-01-1.990e-01i, |S[1][3]| = -3.868e+00, arg(S[1][3]) = -1.810e+01
 S[2][3] = +6.044e-01-1.864e-01i, |S[2][3]| = -3.979e+00, arg(S[2][3]) = -1.714e+01
 S[3][3] = -2.357e-01+1.729e-01i, |S[3][3]| = -1.068e+01, arg(S[3][3]) = +1.437e+02

Completed 0 iterations of adaptive mesh refinement (AMR):
 Indicator norm = 1.965e-01, global unknowns = 172386
 Max. iterations = 0, tol. = 1.000e-02, max. size = 2000000

Estimated peak per-rank memory usage is: Min. 1.7G, Max. 1.7G, Avg. 1.7G, Total 1.7G
Estimated peak per-node memory usage is: Min. 1.7G, Max. 1.7G, Avg. 1.7G, Total 1.7G

Elapsed Time Report (s)           Min.        Max.        Avg.
==============================================================
Initialization                   0.052       0.052       0.052
  Mesh Preprocessing             0.283       0.283       0.283
Operator Construction            5.515       5.515       5.515
  Wave Ports                     0.001       0.001       0.001
Linear Solve                   142.214     142.214     142.214
  Setup                        187.043     187.043     187.043
  Preconditioner              1448.798    1448.798    1448.798
  Coarse Solve                  28.871      28.871      28.871
PROM Construction               11.111      11.111      11.111
PROM Solve                       6.273       6.273       6.273
Estimation                       5.660       5.660       5.660
  Construction                   4.543       4.543       4.543
  Solve                        587.853     587.853     587.853
Postprocessing                  55.365      55.365      55.365
Disk IO                          0.304       0.304       0.304
--------------------------------------------------------------
Total                         2484.266    2484.266    2484.266

Peak Memory                   Per-Node       Total   Total HWM
==============================================================
Initialization                    1.4M        1.4M        1.4M
  Mesh Preprocessing             14.3M       14.3M       15.7M
Operator Construction            65.0M       65.0M       80.7M
  Wave Ports                      0.0K        0.0K       80.7M
Linear Solve                     95.8M       95.8M      176.5M
  Setup                         816.1M      816.1M      992.6M
  Preconditioner                218.6M      218.6M        1.2G
  Coarse Solve                  291.3M      291.3M        1.5G
PROM Construction                 0.0K        0.0K        1.5G
PROM Solve                        0.0K        0.0K        1.5G
Estimation                       41.4M       41.4M        1.5G
  Construction                  175.9M      175.9M        1.7G
  Solve                          19.6M       19.6M        1.7G
Postprocessing                    0.0K        0.0K        1.7G
Disk IO                           9.9M        9.9M        1.7G
--------------------------------------------------------------
Total                             1.7G        1.7G        1.7G

Found extra file with port information: /foss/designs/inductor_synth/palace_model/inductor3_N2_do110.59_w6_s3_data/port_information.json
Port Z0 values found: [50, 50, 50]
Port impedance for Touchstone header:  50
Number of ports:  3
Created combined S-parameter file for  3 ports, filename:  /foss/designs/inductor_synth/palace_model/inductor3_N2_do110.59_w6_s3_data/output/inductor3_N2_do110.59_w6_s3/inductor3_N2_do110.59_w6_s3.s3p
Created file with DC extrapolation:  /foss/designs/inductor_synth/palace_model/inductor3_N2_do110.59_w6_s3_data/output/inductor3_N2_do110.59_w6_s3/inductor3_N2_do110.59_w6_s3_dc 

Port de-embedding based on port geometry data
Cascading L= -1.82 pH at port 1
Cascading L= -1.82 pH at port 2
Cascading L= -4.77 pH at port 3
Created file with de-embedding (cascaded negative port L):  /foss/designs/inductor_synth/palace_model/inductor3_N2_do110.59_w6_s3_data/output/inductor3_N2_do110.59_w6_s3/inductor3_N2_do110.59_w6_s3_deembedded 

Found extra file with port information: /foss/designs/inductor_synth/palace_model/inductor3_N2_do110.78_w6_s3_data/port_information.json
Port Z0 values found: [50, 50]
Port impedance for Touchstone header:  50
Number of ports:  2
Created combined S-parameter file for  2 ports, filename:  /foss/designs/inductor_synth/palace_model/inductor3_N2_do110.78_w6_s3_data/output/inductor3_N2_do110.78_w6_s3/inductor3_N2_do110.78_w6_s3.s2p
Skipping DC extrapolation, not enough frequency points
Port de-embedding based on port geometry data
Cascading L= -1.82 pH at port 1
Cascading L= -1.82 pH at port 2
Created file with de-embedding (cascaded negative port L):  /foss/designs/inductor_synth/palace_model/inductor3_N2_do110.78_w6_s3_data/output/inductor3_N2_do110.78_w6_s3/inductor3_N2_do110.78_w6_s3_deembedded 

Found extra file with port information: /foss/designs/inductor_synth/palace_model/inductor3_N2_do112.48_w6_s3_data/port_information.json
Port Z0 values found: [50, 50]
Port impedance for Touchstone header:  50
Number of ports:  2
Created combined S-parameter file for  2 ports, filename:  /foss/designs/inductor_synth/palace_model/inductor3_N2_do112.48_w6_s3_data/output/inductor3_N2_do112.48_w6_s3/inductor3_N2_do112.48_w6_s3.s2p
Skipping DC extrapolation, not enough frequency points
Port de-embedding based on port geometry data
Cascading L= -1.82 pH at port 1
Cascading L= -1.82 pH at port 2
Created file with de-embedding (cascaded negative port L):  /foss/designs/inductor_synth/palace_model/inductor3_N2_do112.48_w6_s3_data/output/inductor3_N2_do112.48_w6_s3/inductor3_N2_do112.48_w6_s3_deembedded 

Found extra file with port information: /foss/designs/inductor_synth/palace_model/inductor3_N2_do135.5_w6_s3_data/port_information.json
Port Z0 values found: [50, 50]
Port impedance for Touchstone header:  50
Number of ports:  2
Created combined S-parameter file for  2 ports, filename:  /foss/designs/inductor_synth/palace_model/inductor3_N2_do135.5_w6_s3_data/output/inductor3_N2_do135.5_w6_s3/inductor3_N2_do135.5_w6_s3.s2p
Skipping DC extrapolation, not enough frequency points
Port de-embedding based on port geometry data
Cascading L= -1.82 pH at port 1
Cascading L= -1.82 pH at port 2
Created file with de-embedding (cascaded negative port L):  /foss/designs/inductor_synth/palace_model/inductor3_N2_do135.5_w6_s3_data/output/inductor3_N2_do135.5_w6_s3/inductor3_N2_do135.5_w6_s3_deembedded 

cp: './inductor3_N2_do110.78_w6_s3.s2p' and './inductor3_N2_do110.78_w6_s3.s2p' are the same file
cp: './inductor3_N2_do112.48_w6_s3.s2p' and './inductor3_N2_do112.48_w6_s3.s2p' are the same file
cp: './inductor3_N2_do135.5_w6_s3.s2p' and './inductor3_N2_do135.5_w6_s3.s2p' are the same file
Created output file inductor3_N2_do135.5_w6_s3.gds
Reading GDSII input file: inductor3_N2_do135.5_w6_s3.gds
Pre-processing GDSII to handle cutouts and self-intersecting polygons
Using boundary condition  ['ABC', 'ABC', 'ABC', 'ABC', 'ABC', 'ABC']
Starting to create mesh file and config file
---------------------------------------------------
Wavelength in air: 15000.0 units
  meshsize_max: 70.0  units
  max_cellsize_air: 1500.0 units
---------------------------------------------------
Adding metal tags ...
Adding dielectrics ...
Adding ports ...
Dielectric  AIR  with max_cellsize_local =  70 units
Dielectric  Passive  with max_cellsize_local =  70 units
Dielectric  SiO2  with max_cellsize_local =  70 units
Dielectric  EPI  with max_cellsize_local =  70 units
Dielectric  Substrate  with max_cellsize_local =  70 units


There are 1 geometries that meet your specified parameters.

Simulation will start in 10 seconds.
You can press Ctrl+C now to quit and review your specification, or wait for simulation starting in 10 seconds.
Created output file inductor3_N2_do112.48_w6_s3.gds
Reading GDSII input file: inductor3_N2_do112.48_w6_s3.gds
Pre-processing GDSII to handle cutouts and self-intersecting polygons
Using boundary condition  ['ABC', 'ABC', 'ABC', 'ABC', 'ABC', 'ABC']
Starting to create mesh file and config file
---------------------------------------------------
Wavelength in air: 15000.0 units
  meshsize_max: 70.0  units
  max_cellsize_air: 1500.0 units
---------------------------------------------------
Adding metal tags ...
Adding dielectrics ...
Adding ports ...
Dielectric  AIR  with max_cellsize_local =  70 units
Dielectric  Passive  with max_cellsize_local =  70 units
Dielectric  SiO2  with max_cellsize_local =  70 units
Dielectric  EPI  with max_cellsize_local =  70 units
Dielectric  Substrate  with max_cellsize_local =  70 units
Created output file inductor3_N2_do110.78_w6_s3.gds
Reading GDSII input file: inductor3_N2_do110.78_w6_s3.gds
Pre-processing GDSII to handle cutouts and self-intersecting polygons
Using boundary condition  ['ABC', 'ABC', 'ABC', 'ABC', 'ABC', 'ABC']
Starting to create mesh file and config file
---------------------------------------------------
Wavelength in air: 15000.0 units
  meshsize_max: 70.0  units
  max_cellsize_air: 1500.0 units
---------------------------------------------------
Adding metal tags ...
Adding dielectrics ...
Adding ports ...
Dielectric  AIR  with max_cellsize_local =  70 units
Dielectric  Passive  with max_cellsize_local =  70 units
Dielectric  SiO2  with max_cellsize_local =  70 units
Dielectric  EPI  with max_cellsize_local =  70 units
Dielectric  Substrate  with max_cellsize_local =  70 units
Now we have done multiple finetune steps for multiple candidates, get the best one
Created output file inductor3_N2_do110.59_w6_s3.gds
centertap_layername =  TopMetal2
Reading GDSII input file: inductor3_N2_do110.59_w6_s3.gds
Pre-processing GDSII to handle cutouts and self-intersecting polygons
Using boundary condition  ['ABC', 'ABC', 'ABC', 'ABC', 'ABC', 'ABC']
WARNING: Start frequency changed from DC to  0.01  GHz!
Starting to create mesh file and config file
---------------------------------------------------
Wavelength in air: 7500.0 units
  meshsize_max: 70.0  units
  max_cellsize_air: 750.0 units
---------------------------------------------------
Adding metal tags ...
Adding dielectrics ...
Adding ports ...
Dielectric  AIR  with max_cellsize_local =  70 units
Dielectric  Passive  with max_cellsize_local =  70 units
Dielectric  SiO2  with max_cellsize_local =  70 units
Dielectric  EPI  with max_cellsize_local =  70 units
Dielectric  Substrate  with max_cellsize_local =  70 units
===============================================================================
Design goal: inductor3 L=0.9 nH @ 20.0 GHz 
INITIAL RESULTS (simulation time  28.5 seconds):
  inductor3_N2_do135.5_w6_s3: L=1.31nH Q=8.6, parameters N=2 w=6 s=3 do=112.48 -> 112.48
Finetune step 1 results sorted by Q factor (simulation time  481.7 seconds):
  inductor3_N2_do112.48_w6_s3: L=0.93nH Q=10.1, parameters N=2 w=6 s=3 do=110.78 -> 110.78
Finetune step 2 results sorted by Q factor (simulation time  449.6 seconds):
  inductor3_N2_do110.78_w6_s3: L=0.90nH Q=10.0, parameters N=2 w=6 s=3 do=110.59 -> 110.59
Running final wideband sweep for [{'nturns': 2, 'w': 6, 's': 3, 'd_outer': 110.59}]
Finished running wideband sweep for inductor3_N2_do110.59_w6_s3 (simulation time  2493.7 seconds)

FINAL RESULT:
  inductor3_N2_do110.59_w6_s3: L=0.90nH Q=10.0 at 20.0 GHz
  number of turns: 2
  width: 6.00
  spacing: 3.00
  outer diameter: 110.59
  inner diameter: 80.59

Final GDSII file with SG13G2 OPDK options created as final_inductor3_N2_do110.59_w6_s3.gds
S-parameter file copied to final_inductor3_N2_do110.59_w6_s3.s3p
