Info    : Meshing 1D...
Info    : [  0%] Meshing curve 64 (Line)
Info    : [ 10%] Meshing curve 65 (Line)
Info    : [ 10%] Meshing curve 67 (Line)
Info    : [ 10%] Meshing curve 69 (Line)
Info    : [ 10%] Meshing curve 70 (Line)
Info    : [ 10%] Meshing curve 71 (Line)
Info    : [ 10%] Meshing curve 72 (Line)
Info    : [ 10%] Meshing curve 76 (Line)
Info    : [ 10%] Meshing curve 77 (Line)
Info    : [ 10%] Meshing curve 79 (Line)
Info    : [ 10%] Meshing curve 81 (Line)
Info    : [ 10%] Meshing curve 82 (Line)
Info    : [ 10%] Meshing curve 83 (Line)
Info    : [ 10%] Meshing curve 84 (Line)
Info    : [ 10%] Meshing curve 85 (Line)
Info    : [ 10%] Meshing curve 86 (Line)
Info    : [ 10%] Meshing curve 87 (Line)
Info    : [ 10%] Meshing curve 88 (Line)
Info    : [ 10%] Meshing curve 89 (Line)
Info    : [ 10%] Meshing curve 90 (Line)
Info    : [ 10%] Meshing curve 91 (Line)
Info    : [ 10%] Meshing curve 92 (Line)
Info    : [ 10%] Meshing curve 93 (Line)
Info    : [ 10%] Meshing curve 94 (Line)
Info    : [ 10%] Meshing curve 95 (Line)
Info    : [ 10%] Meshing curve 96 (Line)
Info    : [ 10%] Meshing curve 97 (Line)
Info    : [ 10%] Meshing curve 98 (Line)
Info    : [ 10%] Meshing curve 99 (Line)
Info    : [ 10%] Meshing curve 100 (Line)
Info    : [ 10%] Meshing curve 101 (Line)
Info    : [ 10%] Meshing curve 102 (Line)
Info    : [ 10%] Meshing curve 103 (Line)
Info    : [ 10%] Meshing curve 104 (Line)
Info    : [ 20%] Meshing curve 105 (Line)
Info    : [ 20%] Meshing curve 106 (Line)
Info    : [ 20%] Meshing curve 107 (Line)
Info    : [ 20%] Meshing curve 108 (Line)
Info    : [ 20%] Meshing curve 109 (Line)
Info    : [ 20%] Meshing curve 110 (Line)
Info    : [ 20%] Meshing curve 111 (Line)
Info    : [ 20%] Meshing curve 112 (Line)
Info    : [ 20%] Meshing curve 113 (Line)
Info    : [ 20%] Meshing curve 114 (Line)
Info    : [ 20%] Meshing curve 115 (Line)
Info    : [ 20%] Meshing curve 116 (Line)
Info    : [ 20%] Meshing curve 117 (Line)
Info    : [ 20%] Meshing curve 118 (Line)
Info    : [ 20%] Meshing curve 119 (Line)
Info    : [ 20%] Meshing curve 120 (Line)
Info    : [ 20%] Meshing curve 121 (Line)
Info    : [ 20%] Meshing curve 122 (Line)
Info    : [ 20%] Meshing curve 123 (Line)
Info    : [ 20%] Meshing curve 124 (Line)
Info    : [ 20%] Meshing curve 125 (Line)
Info    : [ 20%] Meshing curve 126 (Line)
Info    : [ 20%] Meshing curve 127 (Line)
Info    : [ 20%] Meshing curve 128 (Line)
Info    : [ 20%] Meshing curve 129 (Line)
Info    : [ 20%] Meshing curve 130 (Line)
Info    : [ 20%] Meshing curve 131 (Line)
Info    : [ 20%] Meshing curve 132 (Line)
Info    : [ 20%] Meshing curve 133 (Line)
Info    : [ 20%] Meshing curve 134 (Line)
Info    : [ 20%] Meshing curve 135 (Line)
Info    : [ 20%] Meshing curve 136 (Line)
Info    : [ 20%] Meshing curve 137 (Line)
Info    : [ 20%] Meshing curve 138 (Line)
Info    : [ 30%] Meshing curve 139 (Line)
Info    : [ 30%] Meshing curve 140 (Line)
Info    : [ 30%] Meshing curve 141 (Line)
Info    : [ 30%] Meshing curve 142 (Line)
Info    : [ 30%] Meshing curve 143 (Line)
Info    : [ 30%] Meshing curve 144 (Line)
Info    : [ 30%] Meshing curve 145 (Line)
Info    : [ 30%] Meshing curve 146 (Line)
Info    : [ 30%] Meshing curve 147 (Line)
Info    : [ 30%] Meshing curve 148 (Line)
Info    : [ 30%] Meshing curve 149 (Line)
Info    : [ 30%] Meshing curve 150 (Line)
Info    : [ 30%] Meshing curve 151 (Line)
Info    : [ 30%] Meshing curve 152 (Line)
Info    : [ 30%] Meshing curve 153 (Line)
Info    : [ 30%] Meshing curve 154 (Line)
Info    : [ 30%] Meshing curve 155 (Line)
Info    : [ 30%] Meshing curve 156 (Line)
Info    : [ 30%] Meshing curve 397 (Line)
Info    : [ 30%] Meshing curve 398 (Line)
Info    : [ 30%] Meshing curve 399 (Line)
Info    : [ 30%] Meshing curve 400 (Line)
Info    : [ 30%] Meshing curve 401 (Line)
Info    : [ 30%] Meshing curve 402 (Line)
Info    : [ 30%] Meshing curve 403 (Line)
Info    : [ 30%] Meshing curve 404 (Line)
Info    : [ 30%] Meshing curve 405 (Line)
Info    : [ 30%] Meshing curve 406 (Line)
Info    : [ 30%] Meshing curve 407 (Line)
Info    : [ 30%] Meshing curve 408 (Line)
Info    : [ 30%] Meshing curve 409 (TrimmedCurve)
Info    : [ 30%] Meshing curve 410 (Line)
Info    : [ 30%] Meshing curve 411 (TrimmedCurve)
Info    : [ 30%] Meshing curve 412 (Line)
Info    : [ 40%] Meshing curve 413 (Line)
Info    : [ 40%] Meshing curve 414 (Line)
Info    : [ 40%] Meshing curve 415 (Line)
Info    : [ 40%] Meshing curve 416 (Line)
Info    : [ 40%] Meshing curve 417 (Line)
Info    : [ 40%] Meshing curve 418 (Line)
Info    : [ 40%] Meshing curve 419 (Line)
Info    : [ 40%] Meshing curve 420 (TrimmedCurve)
Info    : [ 40%] Meshing curve 421 (Line)
Info    : [ 40%] Meshing curve 422 (TrimmedCurve)
Info    : [ 40%] Meshing curve 423 (Line)
Info    : [ 40%] Meshing curve 424 (Line)
Info    : [ 40%] Meshing curve 425 (Line)
Info    : [ 40%] Meshing curve 426 (Line)
Info    : [ 40%] Meshing curve 427 (Line)
Info    : [ 40%] Meshing curve 428 (Line)
Info    : [ 40%] Meshing curve 429 (Line)
Info    : [ 40%] Meshing curve 430 (Line)
Info    : [ 40%] Meshing curve 431 (Line)
Info    : [ 40%] Meshing curve 432 (Line)
Info    : [ 40%] Meshing curve 433 (TrimmedCurve)
Info    : [ 40%] Meshing curve 434 (Line)
Info    : [ 40%] Meshing curve 435 (TrimmedCurve)
Info    : [ 40%] Meshing curve 436 (Line)
Info    : [ 40%] Meshing curve 437 (Line)
Info    : [ 40%] Meshing curve 438 (Line)
Info    : [ 40%] Meshing curve 439 (Line)
Info    : [ 40%] Meshing curve 440 (TrimmedCurve)
Info    : [ 40%] Meshing curve 441 (Line)
Info    : [ 40%] Meshing curve 442 (TrimmedCurve)
Info    : [ 40%] Meshing curve 443 (Line)
Info    : [ 40%] Meshing curve 444 (TrimmedCurve)
Info    : [ 40%] Meshing curve 445 (Line)
Info    : [ 40%] Meshing curve 446 (TrimmedCurve)
Info    : [ 50%] Meshing curve 447 (Line)
Info    : [ 50%] Meshing curve 448 (TrimmedCurve)
Info    : [ 50%] Meshing curve 449 (Line)
Info    : [ 50%] Meshing curve 450 (Line)
Info    : [ 50%] Meshing curve 451 (Line)
Info    : [ 50%] Meshing curve 452 (Line)
Info    : [ 50%] Meshing curve 453 (Line)
Info    : [ 50%] Meshing curve 454 (TrimmedCurve)
Info    : [ 50%] Meshing curve 455 (Line)
Info    : [ 50%] Meshing curve 456 (TrimmedCurve)
Info    : [ 50%] Meshing curve 457 (Line)
Info    : [ 50%] Meshing curve 458 (TrimmedCurve)
Info    : [ 50%] Meshing curve 459 (Line)
Info    : [ 50%] Meshing curve 460 (TrimmedCurve)
Info    : [ 50%] Meshing curve 461 (Line)
Info    : [ 50%] Meshing curve 462 (TrimmedCurve)
Info    : [ 50%] Meshing curve 463 (Line)
Info    : [ 50%] Meshing curve 464 (TrimmedCurve)
Info    : [ 50%] Meshing curve 465 (Line)
Info    : [ 50%] Meshing curve 466 (Line)
Info    : [ 50%] Meshing curve 467 (Line)
Info    : [ 50%] Meshing curve 468 (Line)
Info    : [ 50%] Meshing curve 469 (Line)
Info    : [ 50%] Meshing curve 470 (TrimmedCurve)
Info    : [ 50%] Meshing curve 471 (Line)
Info    : [ 50%] Meshing curve 472 (Line)
Info    : [ 50%] Meshing curve 473 (Line)
Info    : [ 50%] Meshing curve 474 (Line)
Info    : [ 50%] Meshing curve 475 (TrimmedCurve)
Info    : [ 50%] Meshing curve 476 (Line)
Info    : [ 50%] Meshing curve 477 (TrimmedCurve)
Info    : [ 50%] Meshing curve 478 (Line)
Info    : [ 50%] Meshing curve 479 (TrimmedCurve)
Info    : [ 50%] Meshing curve 480 (Line)
Info    : [ 60%] Meshing curve 481 (TrimmedCurve)
Info    : [ 60%] Meshing curve 482 (Line)
Info    : [ 60%] Meshing curve 483 (TrimmedCurve)
Info    : [ 60%] Meshing curve 484 (Line)
Info    : [ 60%] Meshing curve 485 (Line)
Info    : [ 60%] Meshing curve 486 (Line)
Info    : [ 60%] Meshing curve 487 (Line)
Info    : [ 60%] Meshing curve 488 (Line)
Info    : [ 60%] Meshing curve 489 (TrimmedCurve)
Info    : [ 60%] Meshing curve 490 (Line)
Info    : [ 60%] Meshing curve 491 (TrimmedCurve)
Info    : [ 60%] Meshing curve 492 (Line)
Info    : [ 60%] Meshing curve 493 (TrimmedCurve)
Info    : [ 60%] Meshing curve 494 (Line)
Info    : [ 60%] Meshing curve 495 (TrimmedCurve)
Info    : [ 60%] Meshing curve 496 (Line)
Info    : [ 60%] Meshing curve 497 (TrimmedCurve)
Info    : [ 60%] Meshing curve 498 (Line)
Info    : [ 60%] Meshing curve 499 (TrimmedCurve)
Info    : [ 60%] Meshing curve 500 (Line)
Info    : [ 60%] Meshing curve 501 (Line)
Info    : [ 60%] Meshing curve 502 (Line)
Info    : [ 60%] Meshing curve 503 (Line)
Info    : [ 60%] Meshing curve 504 (Line)
Info    : [ 60%] Meshing curve 505 (TrimmedCurve)
Info    : [ 60%] Meshing curve 506 (Line)
Info    : [ 60%] Meshing curve 507 (Line)
Info    : [ 60%] Meshing curve 508 (Line)
Info    : [ 60%] Meshing curve 509 (Line)
Info    : [ 60%] Meshing curve 510 (Line)
Info    : [ 60%] Meshing curve 511 (Line)
Info    : [ 60%] Meshing curve 512 (Line)
Info    : [ 60%] Meshing curve 513 (Line)
Info    : [ 70%] Meshing curve 514 (Line)
Info    : [ 70%] Meshing curve 515 (Line)
Info    : [ 70%] Meshing curve 516 (Line)
Info    : [ 70%] Meshing curve 517 (Line)
Info    : [ 70%] Meshing curve 518 (Line)
Info    : [ 70%] Meshing curve 519 (Line)
Info    : [ 70%] Meshing curve 520 (Line)
Info    : [ 70%] Meshing curve 521 (Line)
Info    : [ 70%] Meshing curve 522 (Line)
Info    : [ 70%] Meshing curve 523 (Line)
Info    : [ 70%] Meshing curve 524 (Line)
Info    : [ 70%] Meshing curve 525 (Line)
Info    : [ 70%] Meshing curve 526 (Line)
Info    : [ 70%] Meshing curve 527 (Line)
Info    : [ 70%] Meshing curve 528 (Line)
Info    : [ 70%] Meshing curve 529 (Line)
Info    : [ 70%] Meshing curve 530 (Line)
Info    : [ 70%] Meshing curve 531 (Line)
Info    : [ 70%] Meshing curve 532 (Line)
Info    : [ 70%] Meshing curve 533 (Line)
Info    : [ 70%] Meshing curve 534 (Line)
Info    : [ 70%] Meshing curve 535 (Line)
Info    : [ 70%] Meshing curve 536 (Line)
Info    : [ 70%] Meshing curve 537 (Line)
Info    : [ 70%] Meshing curve 538 (Line)
Info    : [ 70%] Meshing curve 539 (Line)
Info    : [ 70%] Meshing curve 540 (Line)
Info    : [ 70%] Meshing curve 541 (Line)
Info    : [ 70%] Meshing curve 542 (Line)
Info    : [ 70%] Meshing curve 543 (Line)
Info    : [ 70%] Meshing curve 544 (Line)
Info    : [ 70%] Meshing curve 545 (Line)
Info    : [ 70%] Meshing curve 546 (Line)
Info    : [ 70%] Meshing curve 547 (Line)
Info    : [ 80%] Meshing curve 548 (Line)
Info    : [ 80%] Meshing curve 549 (Line)
Info    : [ 80%] Meshing curve 550 (Line)
Info    : [ 80%] Meshing curve 551 (Line)
Info    : [ 80%] Meshing curve 552 (TrimmedCurve)
Info    : [ 80%] Meshing curve 553 (Line)
Info    : [ 80%] Meshing curve 554 (Line)
Info    : [ 80%] Meshing curve 555 (Line)
Info    : [ 80%] Meshing curve 556 (Line)
Info    : [ 80%] Meshing curve 557 (Line)
Info    : [ 80%] Meshing curve 558 (TrimmedCurve)
Info    : [ 80%] Meshing curve 559 (Line)
Info    : [ 80%] Meshing curve 560 (Line)
Info    : [ 80%] Meshing curve 561 (TrimmedCurve)
Info    : [ 80%] Meshing curve 562 (Line)
Info    : [ 80%] Meshing curve 563 (Line)
Info    : [ 80%] Meshing curve 564 (Line)
Info    : [ 80%] Meshing curve 565 (Line)
Info    : [ 80%] Meshing curve 566 (Line)
Info    : [ 80%] Meshing curve 567 (TrimmedCurve)
Info    : [ 80%] Meshing curve 568 (Line)
Info    : [ 80%] Meshing curve 569 (Line)
Info    : [ 80%] Meshing curve 570 (Line)
Info    : [ 80%] Meshing curve 571 (Line)
Info    : [ 80%] Meshing curve 572 (Line)
Info    : [ 80%] Meshing curve 573 (Line)
Info    : [ 80%] Meshing curve 574 (Line)
Info    : [ 80%] Meshing curve 575 (Line)
Info    : [ 80%] Meshing curve 576 (Line)
Info    : [ 80%] Meshing curve 577 (Line)
Info    : [ 80%] Meshing curve 578 (Line)
Info    : [ 80%] Meshing curve 579 (Line)
Info    : [ 80%] Meshing curve 580 (Line)
Info    : [ 80%] Meshing curve 581 (Line)
Info    : [ 90%] Meshing curve 582 (Line)
Info    : [ 90%] Meshing curve 583 (Line)
Info    : [ 90%] Meshing curve 584 (Line)
Info    : [ 90%] Meshing curve 585 (Line)
Info    : [ 90%] Meshing curve 586 (Line)
Info    : [ 90%] Meshing curve 587 (Line)
Info    : [ 90%] Meshing curve 588 (Line)
Info    : [ 90%] Meshing curve 589 (Line)
Info    : [ 90%] Meshing curve 590 (Line)
Info    : [ 90%] Meshing curve 591 (Line)
Info    : [ 90%] Meshing curve 592 (Line)
Info    : [ 90%] Meshing curve 593 (Line)
Info    : [ 90%] Meshing curve 594 (Line)
Info    : [ 90%] Meshing curve 595 (Line)
Info    : [ 90%] Meshing curve 596 (Line)
Info    : [ 90%] Meshing curve 597 (Line)
Info    : [ 90%] Meshing curve 598 (Line)
Info    : [ 90%] Meshing curve 599 (Line)
Info    : [ 90%] Meshing curve 600 (Line)
Info    : [ 90%] Meshing curve 601 (Line)
Info    : [ 90%] Meshing curve 602 (Line)
Info    : [ 90%] Meshing curve 603 (Line)
Info    : [ 90%] Meshing curve 604 (Line)
Info    : [ 90%] Meshing curve 605 (Line)
Info    : [ 90%] Meshing curve 606 (Line)
Info    : [ 90%] Meshing curve 607 (Line)
Info    : [ 90%] Meshing curve 608 (Line)
Info    : [ 90%] Meshing curve 609 (Line)
Info    : [ 90%] Meshing curve 610 (Line)
Info    : [ 90%] Meshing curve 611 (Line)
Info    : [ 90%] Meshing curve 612 (Line)
Info    : [ 90%] Meshing curve 613 (Line)
Info    : [ 90%] Meshing curve 614 (Line)
Info    : [ 90%] Meshing curve 615 (Line)
Info    : [100%] Meshing curve 616 (Line)
Info    : [100%] Meshing curve 617 (Line)
Info    : [100%] Meshing curve 618 (Line)
Info    : [100%] Meshing curve 619 (Line)
Info    : [100%] Meshing curve 620 (Line)
Info    : [100%] Meshing curve 621 (Line)
Info    : [100%] Meshing curve 622 (Line)
Info    : [100%] Meshing curve 623 (Line)
Info    : [100%] Meshing curve 624 (Line)
Info    : [100%] Meshing curve 625 (Line)
Info    : [100%] Meshing curve 626 (Line)
Info    : [100%] Meshing curve 627 (Line)
Info    : [100%] Meshing curve 628 (Line)
Info    : [100%] Meshing curve 629 (Line)
Info    : [100%] Meshing curve 630 (Line)
Info    : [100%] Meshing curve 631 (Line)
Info    : [100%] Meshing curve 632 (Line)
Info    : [100%] Meshing curve 633 (Line)
Info    : [100%] Meshing curve 634 (Line)
Info    : [100%] Meshing curve 635 (Line)
Info    : [100%] Meshing curve 636 (Line)
Info    : [100%] Meshing curve 637 (Line)
Info    : [100%] Meshing curve 638 (Line)
Info    : [100%] Meshing curve 639 (Line)
Info    : [100%] Meshing curve 640 (Line)
Info    : [100%] Meshing curve 641 (Line)
Info    : [100%] Meshing curve 642 (Line)
Info    : [100%] Meshing curve 643 (Line)
Info    : [100%] Meshing curve 644 (Line)
Info    : [100%] Meshing curve 645 (Line)
Info    : [100%] Meshing curve 646 (Line)
Info    : [100%] Meshing curve 647 (Line)
Info    : [100%] Meshing curve 648 (Line)
Info    : Done meshing 1D (Wall 1.16866s, CPU 1.16143s)
Info    : Meshing 2D...
Info    : [  0%] Meshing surface 35 (Plane, Delaunay)
Info    : [ 10%] Meshing surface 41 (Plane, Delaunay)
Info    : [ 10%] Meshing surface 43 (Plane, Delaunay)
Info    : [ 10%] Meshing surface 44 (Plane, Delaunay)
Info    : [ 10%] Meshing surface 45 (Plane, Delaunay)
Info    : [ 10%] Meshing surface 46 (Plane, Delaunay)
Info    : [ 10%] Meshing surface 47 (Plane, Delaunay)
Info    : [ 10%] Meshing surface 48 (Plane, Delaunay)
Info    : [ 10%] Meshing surface 49 (Plane, Delaunay)
Info    : [ 10%] Meshing surface 50 (Plane, Delaunay)
Info    : [ 10%] Meshing surface 51 (Plane, Delaunay)
Info    : [ 10%] Meshing surface 53 (Plane, Delaunay)
Info    : [ 10%] Meshing surface 54 (Plane, Delaunay)
Info    : [ 10%] Meshing surface 55 (Plane, Delaunay)
Info    : [ 10%] Meshing surface 56 (Plane, Delaunay)
Info    : [ 20%] Meshing surface 57 (Plane, Delaunay)
Info    : [ 20%] Meshing surface 58 (Plane, Delaunay)
Info    : [ 20%] Meshing surface 59 (Plane, Delaunay)
Info    : [ 20%] Meshing surface 60 (Plane, Delaunay)
Info    : [ 20%] Meshing surface 61 (Plane, Delaunay)
Info    : [ 20%] Meshing surface 62 (Plane, Delaunay)
Info    : [ 20%] Meshing surface 63 (Plane, Delaunay)
Info    : [ 20%] Meshing surface 64 (Plane, Delaunay)
Info    : [ 20%] Meshing surface 65 (Plane, Delaunay)
Info    : [ 20%] Meshing surface 66 (Plane, Delaunay)
Info    : [ 20%] Meshing surface 67 (Plane, Delaunay)
Info    : [ 20%] Meshing surface 68 (Plane, Delaunay)
Info    : [ 20%] Meshing surface 69 (Plane, Delaunay)
Info    : [ 20%] Meshing surface 70 (Plane, Delaunay)
Info    : [ 20%] Meshing surface 71 (Plane, Delaunay)
Info    : [ 30%] Meshing surface 72 (Plane, Delaunay)
Info    : [ 30%] Meshing surface 73 (Plane, Delaunay)
Info    : [ 30%] Meshing surface 74 (Plane, Delaunay)
Info    : [ 30%] Meshing surface 75 (Plane, Delaunay)
Info    : [ 30%] Meshing surface 76 (Plane, Delaunay)
Info    : [ 30%] Meshing surface 179 (Plane, Delaunay)
Info    : [ 30%] Meshing surface 180 (Plane, Delaunay)
Info    : [ 30%] Meshing surface 181 (Plane, Delaunay)
Info    : [ 30%] Meshing surface 183 (Plane, Delaunay)
Info    : [ 30%] Meshing surface 184 (Plane, Delaunay)
Info    : [ 30%] Meshing surface 185 (Plane, Delaunay)
Info    : [ 30%] Meshing surface 186 (Plane, Delaunay)
Info    : [ 30%] Meshing surface 187 (Plane, Delaunay)
Info    : [ 30%] Meshing surface 188 (Plane, Delaunay)
Info    : [ 40%] Meshing surface 189 (Plane, Delaunay)
Info    : [ 40%] Meshing surface 190 (Plane, Delaunay)
Info    : [ 40%] Meshing surface 191 (Plane, Delaunay)
Info    : [ 40%] Meshing surface 192 (Plane, Delaunay)
Info    : [ 40%] Meshing surface 193 (Plane, Delaunay)
Info    : [ 40%] Meshing surface 195 (Plane, Delaunay)
Info    : [ 40%] Meshing surface 196 (Plane, Delaunay)
Info    : [ 40%] Meshing surface 197 (Plane, Delaunay)
Info    : [ 40%] Meshing surface 198 (Plane, Delaunay)
Info    : [ 40%] Meshing surface 199 (Plane, Delaunay)
Info    : [ 40%] Meshing surface 200 (Plane, Delaunay)
Info    : [ 40%] Meshing surface 201 (Plane, Delaunay)
Info    : [ 40%] Meshing surface 202 (Plane, Delaunay)
Info    : [ 40%] Meshing surface 203 (Plane, Delaunay)
Info    : [ 40%] Meshing surface 204 (Plane, Delaunay)
Info    : [ 50%] Meshing surface 205 (Plane, Delaunay)
Info    : [ 50%] Meshing surface 206 (Plane, Delaunay)
Info    : [ 50%] Meshing surface 207 (Plane, Delaunay)
Info    : [ 50%] Meshing surface 208 (Plane, Delaunay)
Info    : [ 50%] Meshing surface 209 (Plane, Delaunay)
Info    : [ 50%] Meshing surface 210 (Plane, Delaunay)
Info    : [ 50%] Meshing surface 211 (Plane, Delaunay)
Info    : [ 50%] Meshing surface 212 (Plane, Delaunay)
Info    : [ 50%] Meshing surface 213 (Plane, Delaunay)
Info    : [ 50%] Meshing surface 214 (Plane, Delaunay)
Info    : [ 50%] Meshing surface 215 (Plane, Delaunay)
Info    : [ 50%] Meshing surface 216 (Plane, Delaunay)
Info    : [ 50%] Meshing surface 217 (Plane, Delaunay)
Info    : [ 50%] Meshing surface 218 (Plane, Delaunay)
Info    : [ 50%] Meshing surface 219 (Plane, Delaunay)
Info    : [ 60%] Meshing surface 220 (Plane, Delaunay)
Info    : [ 60%] Meshing surface 221 (Plane, Delaunay)
Info    : [ 60%] Meshing surface 222 (Plane, Delaunay)
Info    : [ 60%] Meshing surface 223 (Plane, Delaunay)
Info    : [ 60%] Meshing surface 224 (Plane, Delaunay)
Info    : [ 60%] Meshing surface 225 (Plane, Delaunay)
Info    : [ 60%] Meshing surface 226 (Plane, Delaunay)
Info    : [ 60%] Meshing surface 227 (Plane, Delaunay)
Info    : [ 60%] Meshing surface 228 (Plane, Delaunay)
Info    : [ 60%] Meshing surface 229 (Plane, Delaunay)
Info    : [ 60%] Meshing surface 230 (Plane, Delaunay)
Info    : [ 60%] Meshing surface 231 (Plane, Delaunay)
Info    : [ 60%] Meshing surface 232 (Plane, Delaunay)
Info    : [ 60%] Meshing surface 233 (Plane, Delaunay)
Info    : [ 70%] Meshing surface 235 (Plane, Delaunay)
Info    : [ 70%] Meshing surface 236 (Plane, Delaunay)
Info    : [ 70%] Meshing surface 237 (Plane, Delaunay)
Info    : [ 70%] Meshing surface 238 (Plane, Delaunay)
Info    : [ 70%] Meshing surface 239 (Plane, Delaunay)
Info    : [ 70%] Meshing surface 240 (Plane, Delaunay)
Info    : [ 70%] Meshing surface 241 (Plane, Delaunay)
Info    : [ 70%] Meshing surface 242 (Plane, Delaunay)
Info    : [ 70%] Meshing surface 243 (Plane, Delaunay)
Info    : [ 70%] Meshing surface 244 (Plane, Delaunay)
Info    : [ 70%] Meshing surface 245 (Plane, Delaunay)
Info    : [ 70%] Meshing surface 246 (Plane, Delaunay)
Info    : [ 70%] Meshing surface 247 (Plane, Delaunay)
Info    : [ 70%] Meshing surface 248 (Plane, Delaunay)
Info    : [ 70%] Meshing surface 249 (Plane, Delaunay)
Info    : [ 80%] Meshing surface 250 (Plane, Delaunay)
Info    : [ 80%] Meshing surface 251 (Plane, Delaunay)
Info    : [ 80%] Meshing surface 252 (Plane, Delaunay)
Info    : [ 80%] Meshing surface 253 (Plane, Delaunay)
Info    : [ 80%] Meshing surface 254 (Plane, Delaunay)
Info    : [ 80%] Meshing surface 255 (Plane, Delaunay)
Info    : [ 80%] Meshing surface 256 (Plane, Delaunay)
Info    : [ 80%] Meshing surface 257 (Plane, Delaunay)
Info    : [ 80%] Meshing surface 258 (Plane, Delaunay)
Info    : [ 80%] Meshing surface 259 (Plane, Delaunay)
Info    : [ 80%] Meshing surface 260 (Plane, Delaunay)
Info    : [ 80%] Meshing surface 261 (Plane, Delaunay)
Info    : [ 80%] Meshing surface 262 (Plane, Delaunay)
Info    : [ 80%] Meshing surface 263 (Plane, Delaunay)
Info    : [ 90%] Meshing surface 264 (Plane, Delaunay)
Info    : [ 90%] Meshing surface 265 (Plane, Delaunay)
Info    : [ 90%] Meshing surface 266 (Plane, Delaunay)
Info    : [ 90%] Meshing surface 267 (Plane, Delaunay)
Info    : [ 90%] Meshing surface 268 (Plane, Delaunay)
Info    : [ 90%] Meshing surface 269 (Plane, Delaunay)
Info    : [ 90%] Meshing surface 270 (Plane, Delaunay)
Info    : [ 90%] Meshing surface 271 (Plane, Delaunay)
Info    : [ 90%] Meshing surface 272 (Plane, Delaunay)
Info    : [ 90%] Meshing surface 273 (Plane, Delaunay)
Info    : [ 90%] Meshing surface 274 (Plane, Delaunay)
Info    : [ 90%] Meshing surface 275 (Plane, Delaunay)
Info    : [ 90%] Meshing surface 276 (Plane, Delaunay)
Info    : [ 90%] Meshing surface 277 (Plane, Delaunay)
Info    : [ 90%] Meshing surface 278 (Plane, Delaunay)
Info    : [100%] Meshing surface 279 (Plane, Delaunay)
Info    : [100%] Meshing surface 280 (Plane, Delaunay)
Info    : [100%] Meshing surface 281 (Plane, Delaunay)
Info    : [100%] Meshing surface 282 (Plane, Delaunay)
Info    : [100%] Meshing surface 283 (Plane, Delaunay)
Info    : [100%] Meshing surface 284 (Plane, Delaunay)
Info    : [100%] Meshing surface 285 (Plane, Delaunay)
Info    : [100%] Meshing surface 286 (Plane, Delaunay)
Info    : [100%] Meshing surface 287 (Plane, Delaunay)
Info    : [100%] Meshing surface 288 (Plane, Delaunay)
Info    : [100%] Meshing surface 289 (Plane, Delaunay)
Info    : [100%] Meshing surface 290 (Plane, Delaunay)
Info    : [100%] Meshing surface 291 (Plane, Delaunay)
Info    : [100%] Meshing surface 292 (Plane, Delaunay)
Info    : Done meshing 2D (Wall 0.300599s, CPU 0.300496s)
Info    : Meshing 3D...
Info    : 3D Meshing 16 volumes with 1 connected component
Info    : Tetrahedrizing 2609 nodes...
Info    : Done tetrahedrizing 2617 nodes (Wall 0.0268629s, CPU 0.023032s)
Info    : Reconstructing mesh...
Info    :  - Creating surface mesh
Info    :  - Identifying boundary edges
Info    :  - Recovering boundary
Info    :  - Added 13 Steiner points
Info    : Done reconstructing mesh (Wall 0.0715613s, CPU 0.059622s)
Info    : Found volume 28
Info    : Found volume 32
Info    : Found volume 24
Info    : Found volume 27
Info    : Found volume 29
Info    : Found volume 31
Info    : Found volume 30
Info    : Found volume 7
Info    : Found volume 6
Info    : Found volume 25
Info    : Found volume 8
Info    : Found volume 26
Info    : Found volume 10
Info    : Found volume 11
Info    : Found volume 12
Info    : Found volume 9
Info    : It. 0 - 0 nodes created - worst tet radius 17.8916 (nodes removed 0 0)
Info    : It. 500 - 4 nodes created - worst tet radius 2.52198 (nodes removed 0 496)
Info    : It. 1000 - 79 nodes created - worst tet radius 1.27198 (nodes removed 0 921)
Info    : It. 1500 - 235 nodes created - worst tet radius 1.02294 (nodes removed 8 1257)
Info    : 3D refinement terminated (2876 nodes total):
Info    :  - 4 Delaunay cavities modified for star shapeness
Info    :  - 1314 nodes could not be inserted
Info    :  - 16961 tetrahedra created in 0.0416702 sec. (407029 tets/s)
Info    : 237 node relocations
Info    : Done meshing 3D (Wall 0.216708s, CPU 0.204279s)
Info    : Optimizing mesh...
Info    : Optimizing volume 6
Info    : Optimization starts (volume = 144) with worst = 0.125314 / average = 0.528752:
Info    : 0.00 < quality < 0.10 :         0 elements
Info    : 0.10 < quality < 0.20 :         2 elements
Info    : 0.20 < quality < 0.30 :        35 elements
Info    : 0.30 < quality < 0.40 :         8 elements
Info    : 0.40 < quality < 0.50 :        45 elements
Info    : 0.50 < quality < 0.60 :        34 elements
Info    : 0.60 < quality < 0.70 :         4 elements
Info    : 0.70 < quality < 0.80 :        32 elements
Info    : 0.80 < quality < 0.90 :        15 elements
Info    : 0.90 < quality < 1.00 :         2 elements
Info    : 2 edge swaps, 0 node relocations (volume = 144): worst = 0.125314 / average = 0.528452 (Wall 0.000195231s, CPU 0.000199s)
Info    : No ill-shaped tets in the mesh :-)
Info    : 0.00 < quality < 0.10 :         0 elements
Info    : 0.10 < quality < 0.20 :         2 elements
Info    : 0.20 < quality < 0.30 :        35 elements
Info    : 0.30 < quality < 0.40 :         8 elements
Info    : 0.40 < quality < 0.50 :        47 elements
Info    : 0.50 < quality < 0.60 :        32 elements
Info    : 0.60 < quality < 0.70 :         4 elements
Info    : 0.70 < quality < 0.80 :        32 elements
Info    : 0.80 < quality < 0.90 :        15 elements
Info    : 0.90 < quality < 1.00 :         2 elements
Info    : Optimizing volume 7
Info    : Optimization starts (volume = 144) with worst = 0.125314 / average = 0.533469:
Info    : 0.00 < quality < 0.10 :         0 elements
Info    : 0.10 < quality < 0.20 :         2 elements
Info    : 0.20 < quality < 0.30 :        35 elements
Info    : 0.30 < quality < 0.40 :         8 elements
Info    : 0.40 < quality < 0.50 :        41 elements
Info    : 0.50 < quality < 0.60 :        34 elements
Info    : 0.60 < quality < 0.70 :         4 elements
Info    : 0.70 < quality < 0.80 :        31 elements
Info    : 0.80 < quality < 0.90 :        18 elements
Info    : 0.90 < quality < 1.00 :         2 elements
Info    : 3 edge swaps, 0 node relocations (volume = 144): worst = 0.125314 / average = 0.533166 (Wall 0.000147374s, CPU 0.000147s)
Info    : No ill-shaped tets in the mesh :-)
Info    : 0.00 < quality < 0.10 :         0 elements
Info    : 0.10 < quality < 0.20 :         2 elements
Info    : 0.20 < quality < 0.30 :        35 elements
Info    : 0.30 < quality < 0.40 :         8 elements
Info    : 0.40 < quality < 0.50 :        43 elements
Info    : 0.50 < quality < 0.60 :        32 elements
Info    : 0.60 < quality < 0.70 :         4 elements
Info    : 0.70 < quality < 0.80 :        31 elements
Info    : 0.80 < quality < 0.90 :        18 elements
Info    : 0.90 < quality < 1.00 :         2 elements
Info    : Optimizing volume 8
Info    : Optimization starts (volume = 48.544) with worst = 0.177187 / average = 0.605117:
Info    : 0.00 < quality < 0.10 :         0 elements
Info    : 0.10 < quality < 0.20 :         4 elements
Info    : 0.20 < quality < 0.30 :         4 elements
Info    : 0.30 < quality < 0.40 :        12 elements
Info    : 0.40 < quality < 0.50 :        12 elements
Info    : 0.50 < quality < 0.60 :        18 elements
Info    : 0.60 < quality < 0.70 :        18 elements
Info    : 0.70 < quality < 0.80 :        16 elements
Info    : 0.80 < quality < 0.90 :        12 elements
Info    : 0.90 < quality < 1.00 :         8 elements
Info    : 2 edge swaps, 0 node relocations (volume = 48.544): worst = 0.177187 / average = 0.614985 (Wall 5.4161e-05s, CPU 5.4e-05s)
Info    : No ill-shaped tets in the mesh :-)
Info    : 0.00 < quality < 0.10 :         0 elements
Info    : 0.10 < quality < 0.20 :         2 elements
Info    : 0.20 < quality < 0.30 :         4 elements
Info    : 0.30 < quality < 0.40 :        12 elements
Info    : 0.40 < quality < 0.50 :        12 elements
Info    : 0.50 < quality < 0.60 :        18 elements
Info    : 0.60 < quality < 0.70 :        16 elements
Info    : 0.70 < quality < 0.80 :        18 elements
Info    : 0.80 < quality < 0.90 :        12 elements
Info    : 0.90 < quality < 1.00 :         8 elements
Info    : Optimizing volume 9
Info    : Optimization starts (volume = 2.268) with worst = 0.266475 / average = 0.325093:
Info    : 0.00 < quality < 0.10 :         0 elements
Info    : 0.10 < quality < 0.20 :         0 elements
Info    : 0.20 < quality < 0.30 :         4 elements
Info    : 0.30 < quality < 0.40 :         8 elements
Info    : 0.40 < quality < 0.50 :         0 elements
Info    : 0.50 < quality < 0.60 :         0 elements
Info    : 0.60 < quality < 0.70 :         0 elements
Info    : 0.70 < quality < 0.80 :         0 elements
Info    : 0.80 < quality < 0.90 :         0 elements
Info    : 0.90 < quality < 1.00 :         0 elements
Info    : No ill-shaped tets in the mesh :-)
Info    : 0.00 < quality < 0.10 :         0 elements
Info    : 0.10 < quality < 0.20 :         0 elements
Info    : 0.20 < quality < 0.30 :         4 elements
Info    : 0.30 < quality < 0.40 :         8 elements
Info    : 0.40 < quality < 0.50 :         0 elements
Info    : 0.50 < quality < 0.60 :         0 elements
Info    : 0.60 < quality < 0.70 :         0 elements
Info    : 0.70 < quality < 0.80 :         0 elements
Info    : 0.80 < quality < 0.90 :         0 elements
Info    : 0.90 < quality < 1.00 :         0 elements
Info    : Optimizing volume 10
Info    : Optimization starts (volume = 2.268) with worst = 0.266475 / average = 0.325093:
Info    : 0.00 < quality < 0.10 :         0 elements
Info    : 0.10 < quality < 0.20 :         0 elements
Info    : 0.20 < quality < 0.30 :         4 elements
Info    : 0.30 < quality < 0.40 :         8 elements
Info    : 0.40 < quality < 0.50 :         0 elements
Info    : 0.50 < quality < 0.60 :         0 elements
Info    : 0.60 < quality < 0.70 :         0 elements
Info    : 0.70 < quality < 0.80 :         0 elements
Info    : 0.80 < quality < 0.90 :         0 elements
Info    : 0.90 < quality < 1.00 :         0 elements
Info    : No ill-shaped tets in the mesh :-)
Info    : 0.00 < quality < 0.10 :         0 elements
Info    : 0.10 < quality < 0.20 :         0 elements
Info    : 0.20 < quality < 0.30 :         4 elements
Info    : 0.30 < quality < 0.40 :         8 elements
Info    : 0.40 < quality < 0.50 :         0 elements
Info    : 0.50 < quality < 0.60 :         0 elements
Info    : 0.60 < quality < 0.70 :         0 elements
Info    : 0.70 < quality < 0.80 :         0 elements
Info    : 0.80 < quality < 0.90 :         0 elements
Info    : 0.90 < quality < 1.00 :         0 elements
Info    : Optimizing volume 11
Info    : Optimization starts (volume = 2.268) with worst = 0.266475 / average = 0.325093:
Info    : 0.00 < quality < 0.10 :         0 elements
Info    : 0.10 < quality < 0.20 :         0 elements
Info    : 0.20 < quality < 0.30 :         4 elements
Info    : 0.30 < quality < 0.40 :         8 elements
Info    : 0.40 < quality < 0.50 :         0 elements
Info    : 0.50 < quality < 0.60 :         0 elements
Info    : 0.60 < quality < 0.70 :         0 elements
Info    : 0.70 < quality < 0.80 :         0 elements
Info    : 0.80 < quality < 0.90 :         0 elements
Info    : 0.90 < quality < 1.00 :         0 elements
Info    : No ill-shaped tets in the mesh :-)
Info    : 0.00 < quality < 0.10 :         0 elements
Info    : 0.10 < quality < 0.20 :         0 elements
Info    : 0.20 < quality < 0.30 :         4 elements
Info    : 0.30 < quality < 0.40 :         8 elements
Info    : 0.40 < quality < 0.50 :         0 elements
Info    : 0.50 < quality < 0.60 :         0 elements
Info    : 0.60 < quality < 0.70 :         0 elements
Info    : 0.70 < quality < 0.80 :         0 elements
Info    : 0.80 < quality < 0.90 :         0 elements
Info    : 0.90 < quality < 1.00 :         0 elements
Info    : Optimizing volume 12
Info    : Optimization starts (volume = 2.268) with worst = 0.266475 / average = 0.325093:
Info    : 0.00 < quality < 0.10 :         0 elements
Info    : 0.10 < quality < 0.20 :         0 elements
Info    : 0.20 < quality < 0.30 :         4 elements
Info    : 0.30 < quality < 0.40 :         8 elements
Info    : 0.40 < quality < 0.50 :         0 elements
Info    : 0.50 < quality < 0.60 :         0 elements
Info    : 0.60 < quality < 0.70 :         0 elements
Info    : 0.70 < quality < 0.80 :         0 elements
Info    : 0.80 < quality < 0.90 :         0 elements
Info    : 0.90 < quality < 1.00 :         0 elements
Info    : No ill-shaped tets in the mesh :-)
Info    : 0.00 < quality < 0.10 :         0 elements
Info    : 0.10 < quality < 0.20 :         0 elements
Info    : 0.20 < quality < 0.30 :         4 elements
Info    : 0.30 < quality < 0.40 :         8 elements
Info    : 0.40 < quality < 0.50 :         0 elements
Info    : 0.50 < quality < 0.60 :         0 elements
Info    : 0.60 < quality < 0.70 :         0 elements
Info    : 0.70 < quality < 0.80 :         0 elements
Info    : 0.80 < quality < 0.90 :         0 elements
Info    : 0.90 < quality < 1.00 :         0 elements
Info    : Optimizing volume 24
Info    : Optimization starts (volume = 2134.84) with worst = 0.0135103 / average = 0.177161:
Info    : 0.00 < quality < 0.10 :        64 elements
Info    : 0.10 < quality < 0.20 :      1230 elements
Info    : 0.20 < quality < 0.30 :        51 elements
Info    : 0.30 < quality < 0.40 :         2 elements
Info    : 0.40 < quality < 0.50 :         0 elements
Info    : 0.50 < quality < 0.60 :         0 elements
Info    : 0.60 < quality < 0.70 :         0 elements
Info    : 0.70 < quality < 0.80 :         0 elements
Info    : 0.80 < quality < 0.90 :         0 elements
Info    : 0.90 < quality < 1.00 :         0 elements
Info    : 103 edge swaps, 13 node relocations (volume = 2134.84): worst = 0.0135103 / average = 0.177482 (Wall 0.00684903s, CPU 0.006847s)
Info    : 108 edge swaps, 22 node relocations (volume = 2134.84): worst = 0.0135103 / average = 0.177483 (Wall 0.0128948s, CPU 0.012894s)
Info    : No ill-shaped tets in the mesh :-)
Info    : 0.00 < quality < 0.10 :        58 elements
Info    : 0.10 < quality < 0.20 :      1202 elements
Info    : 0.20 < quality < 0.30 :        51 elements
Info    : 0.30 < quality < 0.40 :         2 elements
Info    : 0.40 < quality < 0.50 :         0 elements
Info    : 0.50 < quality < 0.60 :         0 elements
Info    : 0.60 < quality < 0.70 :         0 elements
Info    : 0.70 < quality < 0.80 :         0 elements
Info    : 0.80 < quality < 0.90 :         0 elements
Info    : 0.90 < quality < 1.00 :         0 elements
Info    : Optimizing volume 25
Info    : Optimization starts (volume = 1753.69) with worst = 0.083335 / average = 0.707302:
Info    : 0.00 < quality < 0.10 :         1 elements
Info    : 0.10 < quality < 0.20 :         3 elements
Info    : 0.20 < quality < 0.30 :        14 elements
Info    : 0.30 < quality < 0.40 :        21 elements
Info    : 0.40 < quality < 0.50 :        50 elements
Info    : 0.50 < quality < 0.60 :       191 elements
Info    : 0.60 < quality < 0.70 :        98 elements
Info    : 0.70 < quality < 0.80 :       168 elements
Info    : 0.80 < quality < 0.90 :       167 elements
Info    : 0.90 < quality < 1.00 :       143 elements
Info    : 3 edge swaps, 0 node relocations (volume = 1753.69): worst = 0.153141 / average = 0.709674 (Wall 0.000158829s, CPU 0.000161s)
Info    : No ill-shaped tets in the mesh :-)
Info    : 0.00 < quality < 0.10 :         0 elements
Info    : 0.10 < quality < 0.20 :         2 elements
Info    : 0.20 < quality < 0.30 :        13 elements
Info    : 0.30 < quality < 0.40 :        19 elements
Info    : 0.40 < quality < 0.50 :        50 elements
Info    : 0.50 < quality < 0.60 :       193 elements
Info    : 0.60 < quality < 0.70 :        98 elements
Info    : 0.70 < quality < 0.80 :       168 elements
Info    : 0.80 < quality < 0.90 :       167 elements
Info    : 0.90 < quality < 1.00 :       143 elements
Info    : Optimizing volume 26
Info    : Optimization starts (volume = 443.307) with worst = 0.083335 / average = 0.722154:
Info    : 0.00 < quality < 0.10 :         2 elements
Info    : 0.10 < quality < 0.20 :         0 elements
Info    : 0.20 < quality < 0.30 :         6 elements
Info    : 0.30 < quality < 0.40 :         9 elements
Info    : 0.40 < quality < 0.50 :         8 elements
Info    : 0.50 < quality < 0.60 :        46 elements
Info    : 0.60 < quality < 0.70 :        43 elements
Info    : 0.70 < quality < 0.80 :        38 elements
Info    : 0.80 < quality < 0.90 :        39 elements
Info    : 0.90 < quality < 1.00 :        69 elements
Info    : 2 edge swaps, 0 node relocations (volume = 443.307): worst = 0.201118 / average = 0.727541 (Wall 7.3573e-05s, CPU 7.3e-05s)
Info    : No ill-shaped tets in the mesh :-)
Info    : 0.00 < quality < 0.10 :         0 elements
Info    : 0.10 < quality < 0.20 :         0 elements
Info    : 0.20 < quality < 0.30 :         6 elements
Info    : 0.30 < quality < 0.40 :         9 elements
Info    : 0.40 < quality < 0.50 :         8 elements
Info    : 0.50 < quality < 0.60 :        46 elements
Info    : 0.60 < quality < 0.70 :        43 elements
Info    : 0.70 < quality < 0.80 :        37 elements
Info    : 0.80 < quality < 0.90 :        40 elements
Info    : 0.90 < quality < 1.00 :        69 elements
Info    : Optimizing volume 27
Info    : Optimization starts (volume = 1.12073e+07) with worst = 0.0731111 / average = 0.617381:
Info    : 0.00 < quality < 0.10 :         3 elements
Info    : 0.10 < quality < 0.20 :        16 elements
Info    : 0.20 < quality < 0.30 :        20 elements
Info    : 0.30 < quality < 0.40 :        52 elements
Info    : 0.40 < quality < 0.50 :       133 elements
Info    : 0.50 < quality < 0.60 :       221 elements
Info    : 0.60 < quality < 0.70 :       221 elements
Info    : 0.70 < quality < 0.80 :       189 elements
Info    : 0.80 < quality < 0.90 :       102 elements
Info    : 0.90 < quality < 1.00 :        32 elements
Info    : 38 edge swaps, 2 node relocations (volume = 1.12073e+07): worst = 0.265165 / average = 0.634162 (Wall 0.000423931s, CPU 0.000425s)
Info    : 39 edge swaps, 2 node relocations (volume = 1.12073e+07): worst = 0.265165 / average = 0.634635 (Wall 0.000505272s, CPU 0.000506s)
Info    : No ill-shaped tets in the mesh :-)
Info    : 0.00 < quality < 0.10 :         0 elements
Info    : 0.10 < quality < 0.20 :         0 elements
Info    : 0.20 < quality < 0.30 :         1 elements
Info    : 0.30 < quality < 0.40 :        63 elements
Info    : 0.40 < quality < 0.50 :       129 elements
Info    : 0.50 < quality < 0.60 :       210 elements
Info    : 0.60 < quality < 0.70 :       224 elements
Info    : 0.70 < quality < 0.80 :       188 elements
Info    : 0.80 < quality < 0.90 :       109 elements
Info    : 0.90 < quality < 1.00 :        35 elements
Info    : Optimizing volume 28
Info    : Optimization starts (volume = 22414.5) with worst = 0.000543127 / average = 0.0305913:
Info    : 0.00 < quality < 0.10 :      1088 elements
Info    : 0.10 < quality < 0.20 :        70 elements
Info    : 0.20 < quality < 0.30 :         0 elements
Info    : 0.30 < quality < 0.40 :         0 elements
Info    : 0.40 < quality < 0.50 :         0 elements
Info    : 0.50 < quality < 0.60 :         0 elements
Info    : 0.60 < quality < 0.70 :         0 elements
Info    : 0.70 < quality < 0.80 :         0 elements
Info    : 0.80 < quality < 0.90 :         0 elements
Info    : 0.90 < quality < 1.00 :         0 elements
Info    : 142 edge swaps, 0 node relocations (volume = 22414.5): worst = 0.000610033 / average = 0.0290906 (Wall 0.0059324s, CPU 0.005926s)
Info    : 149 edge swaps, 0 node relocations (volume = 22414.5): worst = 0.000610033 / average = 0.0292669 (Wall 0.0134137s, CPU 0.013408s)
Warning : 34 ill-shaped tets are still in the mesh
Info    : 0.00 < quality < 0.10 :      1052 elements
Info    : 0.10 < quality < 0.20 :        50 elements
Info    : 0.20 < quality < 0.30 :         0 elements
Info    : 0.30 < quality < 0.40 :         0 elements
Info    : 0.40 < quality < 0.50 :         0 elements
Info    : 0.50 < quality < 0.60 :         0 elements
Info    : 0.60 < quality < 0.70 :         0 elements
Info    : 0.70 < quality < 0.80 :         0 elements
Info    : 0.80 < quality < 0.90 :         0 elements
Info    : 0.90 < quality < 1.00 :         0 elements
Info    : Optimizing volume 29
Info    : Optimization starts (volume = 876791) with worst = 0.00225205 / average = 0.470694:
Info    : 0.00 < quality < 0.10 :       229 elements
Info    : 0.10 < quality < 0.20 :      1014 elements
Info    : 0.20 < quality < 0.30 :       889 elements
Info    : 0.30 < quality < 0.40 :      1151 elements
Info    : 0.40 < quality < 0.50 :      1017 elements
Info    : 0.50 < quality < 0.60 :      1191 elements
Info    : 0.60 < quality < 0.70 :       903 elements
Info    : 0.70 < quality < 0.80 :       790 elements
Info    : 0.80 < quality < 0.90 :       601 elements
Info    : 0.90 < quality < 1.00 :       176 elements
Info    : 439 edge swaps, 36 node relocations (volume = 876791): worst = 0.007461 / average = 0.484788 (Wall 0.0188984s, CPU 0.018898s)
Info    : 480 edge swaps, 49 node relocations (volume = 876791): worst = 0.0240004 / average = 0.485388 (Wall 0.0341541s, CPU 0.034153s)
Info    : 494 edge swaps, 58 node relocations (volume = 876791): worst = 0.0240004 / average = 0.485774 (Wall 0.0473088s, CPU 0.047307s)
Info    : No ill-shaped tets in the mesh :-)
Info    : 0.00 < quality < 0.10 :        88 elements
Info    : 0.10 < quality < 0.20 :       928 elements
Info    : 0.20 < quality < 0.30 :       751 elements
Info    : 0.30 < quality < 0.40 :      1174 elements
Info    : 0.40 < quality < 0.50 :      1011 elements
Info    : 0.50 < quality < 0.60 :      1178 elements
Info    : 0.60 < quality < 0.70 :       902 elements
Info    : 0.70 < quality < 0.80 :       788 elements
Info    : 0.80 < quality < 0.90 :       598 elements
Info    : 0.90 < quality < 1.00 :       184 elements
Info    : Optimizing volume 30
Info    : Optimization starts (volume = 210136) with worst = 0.0375104 / average = 0.512525:
Info    : 0.00 < quality < 0.10 :        12 elements
Info    : 0.10 < quality < 0.20 :        98 elements
Info    : 0.20 < quality < 0.30 :       207 elements
Info    : 0.30 < quality < 0.40 :       208 elements
Info    : 0.40 < quality < 0.50 :       297 elements
Info    : 0.50 < quality < 0.60 :       317 elements
Info    : 0.60 < quality < 0.70 :       403 elements
Info    : 0.70 < quality < 0.80 :       240 elements
Info    : 0.80 < quality < 0.90 :        59 elements
Info    : 0.90 < quality < 1.00 :         6 elements
Info    : 89 edge swaps, 0 node relocations (volume = 210136): worst = 0.0669898 / average = 0.523358 (Wall 0.00189904s, CPU 0.001901s)
Info    : 98 edge swaps, 0 node relocations (volume = 210136): worst = 0.0669898 / average = 0.523001 (Wall 0.00322525s, CPU 0.003228s)
Info    : No ill-shaped tets in the mesh :-)
Info    : 0.00 < quality < 0.10 :         5 elements
Info    : 0.10 < quality < 0.20 :        70 elements
Info    : 0.20 < quality < 0.30 :       159 elements
Info    : 0.30 < quality < 0.40 :       229 elements
Info    : 0.40 < quality < 0.50 :       289 elements
Info    : 0.50 < quality < 0.60 :       314 elements
Info    : 0.60 < quality < 0.70 :       389 elements
Info    : 0.70 < quality < 0.80 :       244 elements
Info    : 0.80 < quality < 0.90 :        59 elements
Info    : 0.90 < quality < 1.00 :         6 elements
Info    : Optimizing volume 31
Info    : Optimization starts (volume = 1.00865e+07) with worst = 0.0245881 / average = 0.61119:
Info    : 0.00 < quality < 0.10 :         5 elements
Info    : 0.10 < quality < 0.20 :        13 elements
Info    : 0.20 < quality < 0.30 :         9 elements
Info    : 0.30 < quality < 0.40 :        65 elements
Info    : 0.40 < quality < 0.50 :       205 elements
Info    : 0.50 < quality < 0.60 :       252 elements
Info    : 0.60 < quality < 0.70 :       235 elements
Info    : 0.70 < quality < 0.80 :       186 elements
Info    : 0.80 < quality < 0.90 :       116 elements
Info    : 0.90 < quality < 1.00 :        43 elements
Info    : 24 edge swaps, 0 node relocations (volume = 1.00865e+07): worst = 0.273693 / average = 0.620406 (Wall 0.000323737s, CPU 0.000323s)
Info    : No ill-shaped tets in the mesh :-)
Info    : 0.00 < quality < 0.10 :         0 elements
Info    : 0.10 < quality < 0.20 :         0 elements
Info    : 0.20 < quality < 0.30 :         1 elements
Info    : 0.30 < quality < 0.40 :        68 elements
Info    : 0.40 < quality < 0.50 :       202 elements
Info    : 0.50 < quality < 0.60 :       254 elements
Info    : 0.60 < quality < 0.70 :       241 elements
Info    : 0.70 < quality < 0.80 :       188 elements
Info    : 0.80 < quality < 0.90 :       114 elements
Info    : 0.90 < quality < 1.00 :        42 elements
Info    : Optimizing volume 32
Info    : Optimization starts (volume = 3.42688e+07) with worst = 0.000305043 / average = 0.536907:
Info    : 0.00 < quality < 0.10 :        70 elements
Info    : 0.10 < quality < 0.20 :        52 elements
Info    : 0.20 < quality < 0.30 :        24 elements
Info    : 0.30 < quality < 0.40 :        68 elements
Info    : 0.40 < quality < 0.50 :       105 elements
Info    : 0.50 < quality < 0.60 :       134 elements
Info    : 0.60 < quality < 0.70 :       228 elements
Info    : 0.70 < quality < 0.80 :       162 elements
Info    : 0.80 < quality < 0.90 :        63 elements
Info    : 0.90 < quality < 1.00 :         4 elements
Info    : 25 edge swaps, 0 node relocations (volume = 3.42688e+07): worst = 0.000612731 / average = 0.545833 (Wall 0.00127068s, CPU 0.001272s)
Info    : 38 edge swaps, 0 node relocations (volume = 3.42688e+07): worst = 0.000612731 / average = 0.541595 (Wall 0.00240888s, CPU 0.00241s)
Warning : 24 ill-shaped tets are still in the mesh
Info    : 0.00 < quality < 0.10 :        58 elements
Info    : 0.10 < quality < 0.20 :        32 elements
Info    : 0.20 < quality < 0.30 :        14 elements
Info    : 0.30 < quality < 0.40 :        63 elements
Info    : 0.40 < quality < 0.50 :       102 elements
Info    : 0.50 < quality < 0.60 :       139 elements
Info    : 0.60 < quality < 0.70 :       223 elements
Info    : 0.70 < quality < 0.80 :       160 elements
Info    : 0.80 < quality < 0.90 :        66 elements
Info    : 0.90 < quality < 1.00 :         4 elements
Info    : Done optimizing mesh (Wall 0.100946s, CPU 0.100937s)
Info    : 2876 nodes 23129 elements
Warning : ------------------------------
Warning : Mesh generation error summary
Warning :     2 warnings
Warning :     0 errors
Warning : Check the full log for details
Warning : ------------------------------
Info    : Writing '/foss/designs/inductor_synth/palace_model/inductor3_N2_do58.36_w2.01_s2.01_data/inductor3_N2_do58.36_w2.01_s2.01.msh'...
Info    : Done writing '/foss/designs/inductor_synth/palace_model/inductor3_N2_do58.36_w2.01_s2.01_data/inductor3_N2_do58.36_w2.01_s2.01.msh'
Info    : Clearing all models and views...
Info    : Done clearing all models and views
Info    : Meshing 1D...
Info    : [  0%] Meshing curve 64 (Line)
Info    : [ 10%] Meshing curve 65 (Line)
Info    : [ 10%] Meshing curve 67 (Line)
Info    : [ 10%] Meshing curve 69 (Line)
Info    : [ 10%] Meshing curve 70 (Line)
Info    : [ 10%] Meshing curve 71 (Line)
Info    : [ 10%] Meshing curve 72 (Line)
Info    : [ 10%] Meshing curve 76 (Line)
Info    : [ 10%] Meshing curve 77 (Line)
Info    : [ 10%] Meshing curve 79 (Line)
Info    : [ 10%] Meshing curve 81 (Line)
Info    : [ 10%] Meshing curve 82 (Line)
Info    : [ 10%] Meshing curve 83 (Line)
Info    : [ 10%] Meshing curve 84 (Line)
Info    : [ 10%] Meshing curve 85 (Line)
Info    : [ 10%] Meshing curve 86 (Line)
Info    : [ 10%] Meshing curve 87 (Line)
Info    : [ 10%] Meshing curve 88 (Line)
Info    : [ 10%] Meshing curve 89 (Line)
Info    : [ 10%] Meshing curve 90 (Line)
Info    : [ 10%] Meshing curve 91 (Line)
Info    : [ 10%] Meshing curve 92 (Line)
Info    : [ 10%] Meshing curve 93 (Line)
Info    : [ 10%] Meshing curve 94 (Line)
Info    : [ 10%] Meshing curve 95 (Line)
Info    : [ 10%] Meshing curve 96 (Line)
Info    : [ 10%] Meshing curve 97 (Line)
Info    : [ 10%] Meshing curve 98 (Line)
Info    : [ 10%] Meshing curve 99 (Line)
Info    : [ 10%] Meshing curve 100 (Line)
Info    : [ 10%] Meshing curve 101 (Line)
Info    : [ 10%] Meshing curve 102 (Line)
Info    : [ 10%] Meshing curve 103 (Line)
Info    : [ 10%] Meshing curve 104 (Line)
Info    : [ 20%] Meshing curve 105 (Line)
Info    : [ 20%] Meshing curve 106 (Line)
Info    : [ 20%] Meshing curve 107 (Line)
Info    : [ 20%] Meshing curve 108 (Line)
Info    : [ 20%] Meshing curve 109 (Line)
Info    : [ 20%] Meshing curve 110 (Line)
Info    : [ 20%] Meshing curve 111 (Line)
Info    : [ 20%] Meshing curve 112 (Line)
Info    : [ 20%] Meshing curve 113 (Line)
Info    : [ 20%] Meshing curve 114 (Line)
Info    : [ 20%] Meshing curve 115 (Line)
Info    : [ 20%] Meshing curve 116 (Line)
Info    : [ 20%] Meshing curve 117 (Line)
Info    : [ 20%] Meshing curve 118 (Line)
Info    : [ 20%] Meshing curve 119 (Line)
Info    : [ 20%] Meshing curve 120 (Line)
Info    : [ 20%] Meshing curve 121 (Line)
Info    : [ 20%] Meshing curve 122 (Line)
Info    : [ 20%] Meshing curve 123 (Line)
Info    : [ 20%] Meshing curve 124 (Line)
Info    : [ 20%] Meshing curve 125 (Line)
Info    : [ 20%] Meshing curve 126 (Line)
Info    : [ 20%] Meshing curve 127 (Line)
Info    : [ 20%] Meshing curve 128 (Line)
Info    : [ 20%] Meshing curve 129 (Line)
Info    : [ 20%] Meshing curve 130 (Line)
Info    : [ 20%] Meshing curve 131 (Line)
Info    : [ 20%] Meshing curve 132 (Line)
Info    : [ 20%] Meshing curve 133 (Line)
Info    : [ 20%] Meshing curve 134 (Line)
Info    : [ 20%] Meshing curve 135 (Line)
Info    : [ 20%] Meshing curve 136 (Line)
Info    : [ 20%] Meshing curve 137 (Line)
Info    : [ 20%] Meshing curve 138 (Line)
Info    : [ 30%] Meshing curve 139 (Line)
Info    : [ 30%] Meshing curve 140 (Line)
Info    : [ 30%] Meshing curve 141 (Line)
Info    : [ 30%] Meshing curve 142 (Line)
Info    : [ 30%] Meshing curve 143 (Line)
Info    : [ 30%] Meshing curve 144 (Line)
Info    : [ 30%] Meshing curve 145 (Line)
Info    : [ 30%] Meshing curve 146 (Line)
Info    : [ 30%] Meshing curve 147 (Line)
Info    : [ 30%] Meshing curve 148 (Line)
Info    : [ 30%] Meshing curve 149 (Line)
Info    : [ 30%] Meshing curve 150 (Line)
Info    : [ 30%] Meshing curve 151 (Line)
Info    : [ 30%] Meshing curve 152 (Line)
Info    : [ 30%] Meshing curve 153 (Line)
Info    : [ 30%] Meshing curve 154 (Line)
Info    : [ 30%] Meshing curve 155 (Line)
Info    : [ 30%] Meshing curve 156 (Line)
Info    : [ 30%] Meshing curve 397 (Line)
Info    : [ 30%] Meshing curve 398 (Line)
Info    : [ 30%] Meshing curve 399 (Line)
Info    : [ 30%] Meshing curve 400 (Line)
Info    : [ 30%] Meshing curve 401 (Line)
Info    : [ 30%] Meshing curve 402 (Line)
Info    : [ 30%] Meshing curve 403 (Line)
Info    : [ 30%] Meshing curve 404 (Line)
Info    : [ 30%] Meshing curve 405 (Line)
Info    : [ 30%] Meshing curve 406 (Line)
Info    : [ 30%] Meshing curve 407 (Line)
Info    : [ 30%] Meshing curve 408 (Line)
Info    : [ 30%] Meshing curve 409 (TrimmedCurve)
Info    : [ 30%] Meshing curve 410 (Line)
Info    : [ 30%] Meshing curve 411 (TrimmedCurve)
Info    : [ 30%] Meshing curve 412 (Line)
Info    : [ 40%] Meshing curve 413 (Line)
Info    : [ 40%] Meshing curve 414 (Line)
Info    : [ 40%] Meshing curve 415 (Line)
Info    : [ 40%] Meshing curve 416 (Line)
Info    : [ 40%] Meshing curve 417 (Line)
Info    : [ 40%] Meshing curve 418 (Line)
Info    : [ 40%] Meshing curve 419 (Line)
Info    : [ 40%] Meshing curve 420 (TrimmedCurve)
Info    : [ 40%] Meshing curve 421 (Line)
Info    : [ 40%] Meshing curve 422 (TrimmedCurve)
Info    : [ 40%] Meshing curve 423 (Line)
Info    : [ 40%] Meshing curve 424 (Line)
Info    : [ 40%] Meshing curve 425 (Line)
Info    : [ 40%] Meshing curve 426 (Line)
Info    : [ 40%] Meshing curve 427 (Line)
Info    : [ 40%] Meshing curve 428 (Line)
Info    : [ 40%] Meshing curve 429 (Line)
Info    : [ 40%] Meshing curve 430 (Line)
Info    : [ 40%] Meshing curve 431 (Line)
Info    : [ 40%] Meshing curve 432 (Line)
Info    : [ 40%] Meshing curve 433 (TrimmedCurve)
Info    : [ 40%] Meshing curve 434 (Line)
Info    : [ 40%] Meshing curve 435 (TrimmedCurve)
Info    : [ 40%] Meshing curve 436 (Line)
Info    : [ 40%] Meshing curve 437 (Line)
Info    : [ 40%] Meshing curve 438 (Line)
Info    : [ 40%] Meshing curve 439 (Line)
Info    : [ 40%] Meshing curve 440 (TrimmedCurve)
Info    : [ 40%] Meshing curve 441 (Line)
Info    : [ 40%] Meshing curve 442 (TrimmedCurve)
Info    : [ 40%] Meshing curve 443 (Line)
Info    : [ 40%] Meshing curve 444 (TrimmedCurve)
Info    : [ 40%] Meshing curve 445 (Line)
Info    : [ 40%] Meshing curve 446 (TrimmedCurve)
Info    : [ 50%] Meshing curve 447 (Line)
Info    : [ 50%] Meshing curve 448 (TrimmedCurve)
Info    : [ 50%] Meshing curve 449 (Line)
Info    : [ 50%] Meshing curve 450 (Line)
Info    : [ 50%] Meshing curve 451 (Line)
Info    : [ 50%] Meshing curve 452 (Line)
Info    : [ 50%] Meshing curve 453 (Line)
Info    : [ 50%] Meshing curve 454 (TrimmedCurve)
Info    : [ 50%] Meshing curve 455 (Line)
Info    : [ 50%] Meshing curve 456 (TrimmedCurve)
Info    : [ 50%] Meshing curve 457 (Line)
Info    : [ 50%] Meshing curve 458 (TrimmedCurve)
Info    : [ 50%] Meshing curve 459 (Line)
Info    : [ 50%] Meshing curve 460 (TrimmedCurve)
Info    : [ 50%] Meshing curve 461 (Line)
Info    : [ 50%] Meshing curve 462 (TrimmedCurve)
Info    : [ 50%] Meshing curve 463 (Line)
Info    : [ 50%] Meshing curve 464 (TrimmedCurve)
Info    : [ 50%] Meshing curve 465 (Line)
Info    : [ 50%] Meshing curve 466 (Line)
Info    : [ 50%] Meshing curve 467 (Line)
Info    : [ 50%] Meshing curve 468 (Line)
Info    : [ 50%] Meshing curve 469 (Line)
Info    : [ 50%] Meshing curve 470 (TrimmedCurve)
Info    : [ 50%] Meshing curve 471 (Line)
Info    : [ 50%] Meshing curve 472 (Line)
Info    : [ 50%] Meshing curve 473 (Line)
Info    : [ 50%] Meshing curve 474 (Line)
Info    : [ 50%] Meshing curve 475 (TrimmedCurve)
Info    : [ 50%] Meshing curve 476 (Line)
Info    : [ 50%] Meshing curve 477 (TrimmedCurve)
Info    : [ 50%] Meshing curve 478 (Line)
Info    : [ 50%] Meshing curve 479 (TrimmedCurve)
Info    : [ 50%] Meshing curve 480 (Line)
Info    : [ 60%] Meshing curve 481 (TrimmedCurve)
Info    : [ 60%] Meshing curve 482 (Line)
Info    : [ 60%] Meshing curve 483 (TrimmedCurve)
Info    : [ 60%] Meshing curve 484 (Line)
Info    : [ 60%] Meshing curve 485 (Line)
Info    : [ 60%] Meshing curve 486 (Line)
Info    : [ 60%] Meshing curve 487 (Line)
Info    : [ 60%] Meshing curve 488 (Line)
Info    : [ 60%] Meshing curve 489 (TrimmedCurve)
Info    : [ 60%] Meshing curve 490 (Line)
Info    : [ 60%] Meshing curve 491 (TrimmedCurve)
Info    : [ 60%] Meshing curve 492 (Line)
Info    : [ 60%] Meshing curve 493 (TrimmedCurve)
Info    : [ 60%] Meshing curve 494 (Line)
Info    : [ 60%] Meshing curve 495 (TrimmedCurve)
Info    : [ 60%] Meshing curve 496 (Line)
Info    : [ 60%] Meshing curve 497 (TrimmedCurve)
Info    : [ 60%] Meshing curve 498 (Line)
Info    : [ 60%] Meshing curve 499 (TrimmedCurve)
Info    : [ 60%] Meshing curve 500 (Line)
Info    : [ 60%] Meshing curve 501 (Line)
Info    : [ 60%] Meshing curve 502 (Line)
Info    : [ 60%] Meshing curve 503 (Line)
Info    : [ 60%] Meshing curve 504 (Line)
Info    : [ 60%] Meshing curve 505 (TrimmedCurve)
Info    : [ 60%] Meshing curve 506 (Line)
Info    : [ 60%] Meshing curve 507 (Line)
Info    : [ 60%] Meshing curve 508 (Line)
Info    : [ 60%] Meshing curve 509 (Line)
Info    : [ 60%] Meshing curve 510 (Line)
Info    : [ 60%] Meshing curve 511 (Line)
Info    : [ 60%] Meshing curve 512 (Line)
Info    : [ 60%] Meshing curve 513 (Line)
Info    : [ 70%] Meshing curve 514 (Line)
Info    : [ 70%] Meshing curve 515 (Line)
Info    : [ 70%] Meshing curve 516 (Line)
Info    : [ 70%] Meshing curve 517 (Line)
Info    : [ 70%] Meshing curve 518 (Line)
Info    : [ 70%] Meshing curve 519 (Line)
Info    : [ 70%] Meshing curve 520 (Line)
Info    : [ 70%] Meshing curve 521 (Line)
Info    : [ 70%] Meshing curve 522 (Line)
Info    : [ 70%] Meshing curve 523 (Line)
Info    : [ 70%] Meshing curve 524 (Line)
Info    : [ 70%] Meshing curve 525 (Line)
Info    : [ 70%] Meshing curve 526 (Line)
Info    : [ 70%] Meshing curve 527 (Line)
Info    : [ 70%] Meshing curve 528 (Line)
Info    : [ 70%] Meshing curve 529 (Line)
Info    : [ 70%] Meshing curve 530 (Line)
Info    : [ 70%] Meshing curve 531 (Line)
Info    : [ 70%] Meshing curve 532 (Line)
Info    : [ 70%] Meshing curve 533 (Line)
Info    : [ 70%] Meshing curve 534 (Line)
Info    : [ 70%] Meshing curve 535 (Line)
Info    : [ 70%] Meshing curve 536 (Line)
Info    : [ 70%] Meshing curve 537 (Line)
Info    : [ 70%] Meshing curve 538 (Line)
Info    : [ 70%] Meshing curve 539 (Line)
Info    : [ 70%] Meshing curve 540 (Line)
Info    : [ 70%] Meshing curve 541 (Line)
Info    : [ 70%] Meshing curve 542 (Line)
Info    : [ 70%] Meshing curve 543 (Line)
Info    : [ 70%] Meshing curve 544 (Line)
Info    : [ 70%] Meshing curve 545 (Line)
Info    : [ 70%] Meshing curve 546 (Line)
Info    : [ 70%] Meshing curve 547 (Line)
Info    : [ 80%] Meshing curve 548 (Line)
Info    : [ 80%] Meshing curve 549 (Line)
Info    : [ 80%] Meshing curve 550 (Line)
Info    : [ 80%] Meshing curve 551 (Line)
Info    : [ 80%] Meshing curve 552 (TrimmedCurve)
Info    : [ 80%] Meshing curve 553 (Line)
Info    : [ 80%] Meshing curve 554 (Line)
Info    : [ 80%] Meshing curve 555 (Line)
Info    : [ 80%] Meshing curve 556 (Line)
Info    : [ 80%] Meshing curve 557 (Line)
Info    : [ 80%] Meshing curve 558 (TrimmedCurve)
Info    : [ 80%] Meshing curve 559 (Line)
Info    : [ 80%] Meshing curve 560 (Line)
Info    : [ 80%] Meshing curve 561 (TrimmedCurve)
Info    : [ 80%] Meshing curve 562 (Line)
Info    : [ 80%] Meshing curve 563 (Line)
Info    : [ 80%] Meshing curve 564 (Line)
Info    : [ 80%] Meshing curve 565 (Line)
Info    : [ 80%] Meshing curve 566 (Line)
Info    : [ 80%] Meshing curve 567 (TrimmedCurve)
Info    : [ 80%] Meshing curve 568 (Line)
Info    : [ 80%] Meshing curve 569 (Line)
Info    : [ 80%] Meshing curve 570 (Line)
Info    : [ 80%] Meshing curve 571 (Line)
Info    : [ 80%] Meshing curve 572 (Line)
Info    : [ 80%] Meshing curve 573 (Line)
Info    : [ 80%] Meshing curve 574 (Line)
Info    : [ 80%] Meshing curve 575 (Line)
Info    : [ 80%] Meshing curve 576 (Line)
Info    : [ 80%] Meshing curve 577 (Line)
Info    : [ 80%] Meshing curve 578 (Line)
Info    : [ 80%] Meshing curve 579 (Line)
Info    : [ 80%] Meshing curve 580 (Line)
Info    : [ 80%] Meshing curve 581 (Line)
Info    : [ 90%] Meshing curve 582 (Line)
Info    : [ 90%] Meshing curve 583 (Line)
Info    : [ 90%] Meshing curve 584 (Line)
Info    : [ 90%] Meshing curve 585 (Line)
Info    : [ 90%] Meshing curve 586 (Line)
Info    : [ 90%] Meshing curve 587 (Line)
Info    : [ 90%] Meshing curve 588 (Line)
Info    : [ 90%] Meshing curve 589 (Line)
Info    : [ 90%] Meshing curve 590 (Line)
Info    : [ 90%] Meshing curve 591 (Line)
Info    : [ 90%] Meshing curve 592 (Line)
Info    : [ 90%] Meshing curve 593 (Line)
Info    : [ 90%] Meshing curve 594 (Line)
Info    : [ 90%] Meshing curve 595 (Line)
Info    : [ 90%] Meshing curve 596 (Line)
Info    : [ 90%] Meshing curve 597 (Line)
Info    : [ 90%] Meshing curve 598 (Line)
Info    : [ 90%] Meshing curve 599 (Line)
Info    : [ 90%] Meshing curve 600 (Line)
Info    : [ 90%] Meshing curve 601 (Line)
Info    : [ 90%] Meshing curve 602 (Line)
Info    : [ 90%] Meshing curve 603 (Line)
Info    : [ 90%] Meshing curve 604 (Line)
Info    : [ 90%] Meshing curve 605 (Line)
Info    : [ 90%] Meshing curve 606 (Line)
Info    : [ 90%] Meshing curve 607 (Line)
Info    : [ 90%] Meshing curve 608 (Line)
Info    : [ 90%] Meshing curve 609 (Line)
Info    : [ 90%] Meshing curve 610 (Line)
Info    : [ 90%] Meshing curve 611 (Line)
Info    : [ 90%] Meshing curve 612 (Line)
Info    : [ 90%] Meshing curve 613 (Line)
Info    : [ 90%] Meshing curve 614 (Line)
Info    : [ 90%] Meshing curve 615 (Line)
Info    : [100%] Meshing curve 616 (Line)
Info    : [100%] Meshing curve 617 (Line)
Info    : [100%] Meshing curve 618 (Line)
Info    : [100%] Meshing curve 619 (Line)
Info    : [100%] Meshing curve 620 (Line)
Info    : [100%] Meshing curve 621 (Line)
Info    : [100%] Meshing curve 622 (Line)
Info    : [100%] Meshing curve 623 (Line)
Info    : [100%] Meshing curve 624 (Line)
Info    : [100%] Meshing curve 625 (Line)
Info    : [100%] Meshing curve 626 (Line)
Info    : [100%] Meshing curve 627 (Line)
Info    : [100%] Meshing curve 628 (Line)
Info    : [100%] Meshing curve 629 (Line)
Info    : [100%] Meshing curve 630 (Line)
Info    : [100%] Meshing curve 631 (Line)
Info    : [100%] Meshing curve 632 (Line)
Info    : [100%] Meshing curve 633 (Line)
Info    : [100%] Meshing curve 634 (Line)
Info    : [100%] Meshing curve 635 (Line)
Info    : [100%] Meshing curve 636 (Line)
Info    : [100%] Meshing curve 637 (Line)
Info    : [100%] Meshing curve 638 (Line)
Info    : [100%] Meshing curve 639 (Line)
Info    : [100%] Meshing curve 640 (Line)
Info    : [100%] Meshing curve 641 (Line)
Info    : [100%] Meshing curve 642 (Line)
Info    : [100%] Meshing curve 643 (Line)
Info    : [100%] Meshing curve 644 (Line)
Info    : [100%] Meshing curve 645 (Line)
Info    : [100%] Meshing curve 646 (Line)
Info    : [100%] Meshing curve 647 (Line)
Info    : [100%] Meshing curve 648 (Line)
Info    : Done meshing 1D (Wall 1.23625s, CPU 1.22801s)
Info    : Meshing 2D...
Info    : [  0%] Meshing surface 35 (Plane, Delaunay)
Info    : [ 10%] Meshing surface 41 (Plane, Delaunay)
Info    : [ 10%] Meshing surface 43 (Plane, Delaunay)
Info    : [ 10%] Meshing surface 44 (Plane, Delaunay)
Info    : [ 10%] Meshing surface 45 (Plane, Delaunay)
Info    : [ 10%] Meshing surface 46 (Plane, Delaunay)
Info    : [ 10%] Meshing surface 47 (Plane, Delaunay)
Info    : [ 10%] Meshing surface 48 (Plane, Delaunay)
Info    : [ 10%] Meshing surface 49 (Plane, Delaunay)
Info    : [ 10%] Meshing surface 50 (Plane, Delaunay)
Info    : [ 10%] Meshing surface 51 (Plane, Delaunay)
Info    : [ 10%] Meshing surface 53 (Plane, Delaunay)
Info    : [ 10%] Meshing surface 54 (Plane, Delaunay)
Info    : [ 10%] Meshing surface 55 (Plane, Delaunay)
Info    : [ 10%] Meshing surface 56 (Plane, Delaunay)
Info    : [ 20%] Meshing surface 57 (Plane, Delaunay)
Info    : [ 20%] Meshing surface 58 (Plane, Delaunay)
Info    : [ 20%] Meshing surface 59 (Plane, Delaunay)
Info    : [ 20%] Meshing surface 60 (Plane, Delaunay)
Info    : [ 20%] Meshing surface 61 (Plane, Delaunay)
Info    : [ 20%] Meshing surface 62 (Plane, Delaunay)
Info    : [ 20%] Meshing surface 63 (Plane, Delaunay)
Info    : [ 20%] Meshing surface 64 (Plane, Delaunay)
Info    : [ 20%] Meshing surface 65 (Plane, Delaunay)
Info    : [ 20%] Meshing surface 66 (Plane, Delaunay)
Info    : [ 20%] Meshing surface 67 (Plane, Delaunay)
Info    : [ 20%] Meshing surface 68 (Plane, Delaunay)
Info    : [ 20%] Meshing surface 69 (Plane, Delaunay)
Info    : [ 20%] Meshing surface 70 (Plane, Delaunay)
Info    : [ 20%] Meshing surface 71 (Plane, Delaunay)
Info    : [ 30%] Meshing surface 72 (Plane, Delaunay)
Info    : [ 30%] Meshing surface 73 (Plane, Delaunay)
Info    : [ 30%] Meshing surface 74 (Plane, Delaunay)
Info    : [ 30%] Meshing surface 75 (Plane, Delaunay)
Info    : [ 30%] Meshing surface 76 (Plane, Delaunay)
Info    : [ 30%] Meshing surface 179 (Plane, Delaunay)
Info    : [ 30%] Meshing surface 180 (Plane, Delaunay)
Info    : [ 30%] Meshing surface 181 (Plane, Delaunay)
Info    : [ 30%] Meshing surface 183 (Plane, Delaunay)
Info    : [ 30%] Meshing surface 184 (Plane, Delaunay)
Info    : [ 30%] Meshing surface 185 (Plane, Delaunay)
Info    : [ 30%] Meshing surface 186 (Plane, Delaunay)
Info    : [ 30%] Meshing surface 187 (Plane, Delaunay)
Info    : [ 30%] Meshing surface 188 (Plane, Delaunay)
Info    : [ 40%] Meshing surface 189 (Plane, Delaunay)
Info    : [ 40%] Meshing surface 190 (Plane, Delaunay)
Info    : [ 40%] Meshing surface 191 (Plane, Delaunay)
Info    : [ 40%] Meshing surface 192 (Plane, Delaunay)
Info    : [ 40%] Meshing surface 193 (Plane, Delaunay)
Info    : [ 40%] Meshing surface 195 (Plane, Delaunay)
Info    : [ 40%] Meshing surface 196 (Plane, Delaunay)
Info    : [ 40%] Meshing surface 197 (Plane, Delaunay)
Info    : [ 40%] Meshing surface 198 (Plane, Delaunay)
Info    : [ 40%] Meshing surface 199 (Plane, Delaunay)
Info    : [ 40%] Meshing surface 200 (Plane, Delaunay)
Info    : [ 40%] Meshing surface 201 (Plane, Delaunay)
Info    : [ 40%] Meshing surface 202 (Plane, Delaunay)
Info    : [ 40%] Meshing surface 203 (Plane, Delaunay)
Info    : [ 40%] Meshing surface 204 (Plane, Delaunay)
Info    : [ 50%] Meshing surface 205 (Plane, Delaunay)
Info    : [ 50%] Meshing surface 206 (Plane, Delaunay)
Info    : [ 50%] Meshing surface 207 (Plane, Delaunay)
Info    : [ 50%] Meshing surface 208 (Plane, Delaunay)
Info    : [ 50%] Meshing surface 209 (Plane, Delaunay)
Info    : [ 50%] Meshing surface 210 (Plane, Delaunay)
Info    : [ 50%] Meshing surface 211 (Plane, Delaunay)
Info    : [ 50%] Meshing surface 212 (Plane, Delaunay)
Info    : [ 50%] Meshing surface 213 (Plane, Delaunay)
Info    : [ 50%] Meshing surface 214 (Plane, Delaunay)
Info    : [ 50%] Meshing surface 215 (Plane, Delaunay)
Info    : [ 50%] Meshing surface 216 (Plane, Delaunay)
Info    : [ 50%] Meshing surface 217 (Plane, Delaunay)
Info    : [ 50%] Meshing surface 218 (Plane, Delaunay)
Info    : [ 50%] Meshing surface 219 (Plane, Delaunay)
Info    : [ 60%] Meshing surface 220 (Plane, Delaunay)
Info    : [ 60%] Meshing surface 221 (Plane, Delaunay)
Info    : [ 60%] Meshing surface 222 (Plane, Delaunay)
Info    : [ 60%] Meshing surface 223 (Plane, Delaunay)
Info    : [ 60%] Meshing surface 224 (Plane, Delaunay)
Info    : [ 60%] Meshing surface 225 (Plane, Delaunay)
Info    : [ 60%] Meshing surface 226 (Plane, Delaunay)
Info    : [ 60%] Meshing surface 227 (Plane, Delaunay)
Info    : [ 60%] Meshing surface 228 (Plane, Delaunay)
Info    : [ 60%] Meshing surface 229 (Plane, Delaunay)
Info    : [ 60%] Meshing surface 230 (Plane, Delaunay)
Info    : [ 60%] Meshing surface 231 (Plane, Delaunay)
Info    : [ 60%] Meshing surface 232 (Plane, Delaunay)
Info    : [ 60%] Meshing surface 233 (Plane, Delaunay)
Info    : [ 70%] Meshing surface 235 (Plane, Delaunay)
Info    : [ 70%] Meshing surface 236 (Plane, Delaunay)
Info    : [ 70%] Meshing surface 237 (Plane, Delaunay)
Info    : [ 70%] Meshing surface 238 (Plane, Delaunay)
Info    : [ 70%] Meshing surface 239 (Plane, Delaunay)
Info    : [ 70%] Meshing surface 240 (Plane, Delaunay)
Info    : [ 70%] Meshing surface 241 (Plane, Delaunay)
Info    : [ 70%] Meshing surface 242 (Plane, Delaunay)
Info    : [ 70%] Meshing surface 243 (Plane, Delaunay)
Info    : [ 70%] Meshing surface 244 (Plane, Delaunay)
Info    : [ 70%] Meshing surface 245 (Plane, Delaunay)
Info    : [ 70%] Meshing surface 246 (Plane, Delaunay)
Info    : [ 70%] Meshing surface 247 (Plane, Delaunay)
Info    : [ 70%] Meshing surface 248 (Plane, Delaunay)
Info    : [ 70%] Meshing surface 249 (Plane, Delaunay)
Info    : [ 80%] Meshing surface 250 (Plane, Delaunay)
Info    : [ 80%] Meshing surface 251 (Plane, Delaunay)
Info    : [ 80%] Meshing surface 252 (Plane, Delaunay)
Info    : [ 80%] Meshing surface 253 (Plane, Delaunay)
Info    : [ 80%] Meshing surface 254 (Plane, Delaunay)
Info    : [ 80%] Meshing surface 255 (Plane, Delaunay)
Info    : [ 80%] Meshing surface 256 (Plane, Delaunay)
Info    : [ 80%] Meshing surface 257 (Plane, Delaunay)
Info    : [ 80%] Meshing surface 258 (Plane, Delaunay)
Info    : [ 80%] Meshing surface 259 (Plane, Delaunay)
Info    : [ 80%] Meshing surface 260 (Plane, Delaunay)
Info    : [ 80%] Meshing surface 261 (Plane, Delaunay)
Info    : [ 80%] Meshing surface 262 (Plane, Delaunay)
Info    : [ 80%] Meshing surface 263 (Plane, Delaunay)
Info    : [ 90%] Meshing surface 264 (Plane, Delaunay)
Info    : [ 90%] Meshing surface 265 (Plane, Delaunay)
Info    : [ 90%] Meshing surface 266 (Plane, Delaunay)
Info    : [ 90%] Meshing surface 267 (Plane, Delaunay)
Info    : [ 90%] Meshing surface 268 (Plane, Delaunay)
Info    : [ 90%] Meshing surface 269 (Plane, Delaunay)
Info    : [ 90%] Meshing surface 270 (Plane, Delaunay)
Info    : [ 90%] Meshing surface 271 (Plane, Delaunay)
Info    : [ 90%] Meshing surface 272 (Plane, Delaunay)
Info    : [ 90%] Meshing surface 273 (Plane, Delaunay)
Info    : [ 90%] Meshing surface 274 (Plane, Delaunay)
Info    : [ 90%] Meshing surface 275 (Plane, Delaunay)
Info    : [ 90%] Meshing surface 276 (Plane, Delaunay)
Info    : [ 90%] Meshing surface 277 (Plane, Delaunay)
Info    : [ 90%] Meshing surface 278 (Plane, Delaunay)
Info    : [100%] Meshing surface 279 (Plane, Delaunay)
Info    : [100%] Meshing surface 280 (Plane, Delaunay)
Info    : [100%] Meshing surface 281 (Plane, Delaunay)
Info    : [100%] Meshing surface 282 (Plane, Delaunay)
Info    : [100%] Meshing surface 283 (Plane, Delaunay)
Info    : [100%] Meshing surface 284 (Plane, Delaunay)
Info    : [100%] Meshing surface 285 (Plane, Delaunay)
Info    : [100%] Meshing surface 286 (Plane, Delaunay)
Info    : [100%] Meshing surface 287 (Plane, Delaunay)
Info    : [100%] Meshing surface 288 (Plane, Delaunay)
Info    : [100%] Meshing surface 289 (Plane, Delaunay)
Info    : [100%] Meshing surface 290 (Plane, Delaunay)
Info    : [100%] Meshing surface 291 (Plane, Delaunay)
Info    : [100%] Meshing surface 292 (Plane, Delaunay)
Info    : Done meshing 2D (Wall 0.33484s, CPU 0.334813s)
Info    : Meshing 3D...
Info    : 3D Meshing 16 volumes with 1 connected component
Info    : Tetrahedrizing 2906 nodes...
Info    : Done tetrahedrizing 2914 nodes (Wall 0.0350834s, CPU 0.031187s)
Info    : Reconstructing mesh...
Info    :  - Creating surface mesh
Info    :  - Identifying boundary edges
Info    :  - Recovering boundary
Info    :  - Added 15 Steiner points
Info    : Done reconstructing mesh (Wall 0.0980191s, CPU 0.081863s)
Info    : Found volume 28
Info    : Found volume 29
Info    : Found volume 24
Info    : Found volume 27
Info    : Found volume 11
Info    : Found volume 31
Info    : Found volume 30
Info    : Found volume 6
Info    : Found volume 7
Info    : Found volume 32
Info    : Found volume 8
Info    : Found volume 26
Info    : Found volume 25
Info    : Found volume 12
Info    : Found volume 9
Info    : Found volume 10
Info    : It. 0 - 0 nodes created - worst tet radius 14.4509 (nodes removed 0 0)
Info    : It. 500 - 5 nodes created - worst tet radius 2.62054 (nodes removed 0 495)
Info    : It. 1000 - 62 nodes created - worst tet radius 1.43911 (nodes removed 0 938)
Info    : It. 1500 - 163 nodes created - worst tet radius 1.09488 (nodes removed 0 1337)
Info    : 3D refinement terminated (3174 nodes total):
Info    :  - 1 Delaunay cavities modified for star shapeness
Info    :  - 1503 nodes could not be inserted
Info    :  - 18808 tetrahedra created in 0.082094 sec. (229103 tets/s)
Info    : 446 node relocations
Info    : Done meshing 3D (Wall 0.338148s, CPU 0.317877s)
Info    : Optimizing mesh...
Info    : Optimizing volume 6
Info    : Optimization starts (volume = 234) with worst = 0.209192 / average = 0.599913:
Info    : 0.00 < quality < 0.10 :         0 elements
Info    : 0.10 < quality < 0.20 :         0 elements
Info    : 0.20 < quality < 0.30 :        35 elements
Info    : 0.30 < quality < 0.40 :         7 elements
Info    : 0.40 < quality < 0.50 :         3 elements
Info    : 0.50 < quality < 0.60 :         6 elements
Info    : 0.60 < quality < 0.70 :        60 elements
Info    : 0.70 < quality < 0.80 :        46 elements
Info    : 0.80 < quality < 0.90 :        10 elements
Info    : 0.90 < quality < 1.00 :         1 elements
Info    : No ill-shaped tets in the mesh :-)
Info    : 0.00 < quality < 0.10 :         0 elements
Info    : 0.10 < quality < 0.20 :         0 elements
Info    : 0.20 < quality < 0.30 :        35 elements
Info    : 0.30 < quality < 0.40 :         7 elements
Info    : 0.40 < quality < 0.50 :         3 elements
Info    : 0.50 < quality < 0.60 :         6 elements
Info    : 0.60 < quality < 0.70 :        60 elements
Info    : 0.70 < quality < 0.80 :        46 elements
Info    : 0.80 < quality < 0.90 :        10 elements
Info    : 0.90 < quality < 1.00 :         1 elements
Info    : Optimizing volume 7
Info    : Optimization starts (volume = 234) with worst = 0.209192 / average = 0.60001:
Info    : 0.00 < quality < 0.10 :         0 elements
Info    : 0.10 < quality < 0.20 :         0 elements
Info    : 0.20 < quality < 0.30 :        35 elements
Info    : 0.30 < quality < 0.40 :         7 elements
Info    : 0.40 < quality < 0.50 :         3 elements
Info    : 0.50 < quality < 0.60 :         6 elements
Info    : 0.60 < quality < 0.70 :        60 elements
Info    : 0.70 < quality < 0.80 :        46 elements
Info    : 0.80 < quality < 0.90 :        10 elements
Info    : 0.90 < quality < 1.00 :         1 elements
Info    : No ill-shaped tets in the mesh :-)
Info    : 0.00 < quality < 0.10 :         0 elements
Info    : 0.10 < quality < 0.20 :         0 elements
Info    : 0.20 < quality < 0.30 :        35 elements
Info    : 0.30 < quality < 0.40 :         7 elements
Info    : 0.40 < quality < 0.50 :         3 elements
Info    : 0.50 < quality < 0.60 :         6 elements
Info    : 0.60 < quality < 0.70 :        60 elements
Info    : 0.70 < quality < 0.80 :        46 elements
Info    : 0.80 < quality < 0.90 :        10 elements
Info    : 0.90 < quality < 1.00 :         1 elements
Info    : Optimizing volume 8
Info    : Optimization starts (volume = 109.224) with worst = 0.219132 / average = 0.608138:
Info    : 0.00 < quality < 0.10 :         0 elements
Info    : 0.10 < quality < 0.20 :         0 elements
Info    : 0.20 < quality < 0.30 :         6 elements
Info    : 0.30 < quality < 0.40 :        10 elements
Info    : 0.40 < quality < 0.50 :        24 elements
Info    : 0.50 < quality < 0.60 :        14 elements
Info    : 0.60 < quality < 0.70 :        18 elements
Info    : 0.70 < quality < 0.80 :        18 elements
Info    : 0.80 < quality < 0.90 :        20 elements
Info    : 0.90 < quality < 1.00 :         4 elements
Info    : No ill-shaped tets in the mesh :-)
Info    : 0.00 < quality < 0.10 :         0 elements
Info    : 0.10 < quality < 0.20 :         0 elements
Info    : 0.20 < quality < 0.30 :         6 elements
Info    : 0.30 < quality < 0.40 :        10 elements
Info    : 0.40 < quality < 0.50 :        24 elements
Info    : 0.50 < quality < 0.60 :        14 elements
Info    : 0.60 < quality < 0.70 :        18 elements
Info    : 0.70 < quality < 0.80 :        18 elements
Info    : 0.80 < quality < 0.90 :        20 elements
Info    : 0.90 < quality < 1.00 :         4 elements
Info    : Optimizing volume 9
Info    : Optimization starts (volume = 2.268) with worst = 0.266475 / average = 0.325093:
Info    : 0.00 < quality < 0.10 :         0 elements
Info    : 0.10 < quality < 0.20 :         0 elements
Info    : 0.20 < quality < 0.30 :         4 elements
Info    : 0.30 < quality < 0.40 :         8 elements
Info    : 0.40 < quality < 0.50 :         0 elements
Info    : 0.50 < quality < 0.60 :         0 elements
Info    : 0.60 < quality < 0.70 :         0 elements
Info    : 0.70 < quality < 0.80 :         0 elements
Info    : 0.80 < quality < 0.90 :         0 elements
Info    : 0.90 < quality < 1.00 :         0 elements
Info    : No ill-shaped tets in the mesh :-)
Info    : 0.00 < quality < 0.10 :         0 elements
Info    : 0.10 < quality < 0.20 :         0 elements
Info    : 0.20 < quality < 0.30 :         4 elements
Info    : 0.30 < quality < 0.40 :         8 elements
Info    : 0.40 < quality < 0.50 :         0 elements
Info    : 0.50 < quality < 0.60 :         0 elements
Info    : 0.60 < quality < 0.70 :         0 elements
Info    : 0.70 < quality < 0.80 :         0 elements
Info    : 0.80 < quality < 0.90 :         0 elements
Info    : 0.90 < quality < 1.00 :         0 elements
Info    : Optimizing volume 10
Info    : Optimization starts (volume = 2.268) with worst = 0.266475 / average = 0.325093:
Info    : 0.00 < quality < 0.10 :         0 elements
Info    : 0.10 < quality < 0.20 :         0 elements
Info    : 0.20 < quality < 0.30 :         4 elements
Info    : 0.30 < quality < 0.40 :         8 elements
Info    : 0.40 < quality < 0.50 :         0 elements
Info    : 0.50 < quality < 0.60 :         0 elements
Info    : 0.60 < quality < 0.70 :         0 elements
Info    : 0.70 < quality < 0.80 :         0 elements
Info    : 0.80 < quality < 0.90 :         0 elements
Info    : 0.90 < quality < 1.00 :         0 elements
Info    : No ill-shaped tets in the mesh :-)
Info    : 0.00 < quality < 0.10 :         0 elements
Info    : 0.10 < quality < 0.20 :         0 elements
Info    : 0.20 < quality < 0.30 :         4 elements
Info    : 0.30 < quality < 0.40 :         8 elements
Info    : 0.40 < quality < 0.50 :         0 elements
Info    : 0.50 < quality < 0.60 :         0 elements
Info    : 0.60 < quality < 0.70 :         0 elements
Info    : 0.70 < quality < 0.80 :         0 elements
Info    : 0.80 < quality < 0.90 :         0 elements
Info    : 0.90 < quality < 1.00 :         0 elements
Info    : Optimizing volume 11
Info    : Optimization starts (volume = 2.268) with worst = 0.0280207 / average = 0.26468:
Info    : 0.00 < quality < 0.10 :         6 elements
Info    : 0.10 < quality < 0.20 :         0 elements
Info    : 0.20 < quality < 0.30 :         2 elements
Info    : 0.30 < quality < 0.40 :         7 elements
Info    : 0.40 < quality < 0.50 :         0 elements
Info    : 0.50 < quality < 0.60 :         0 elements
Info    : 0.60 < quality < 0.70 :         2 elements
Info    : 0.70 < quality < 0.80 :         0 elements
Info    : 0.80 < quality < 0.90 :         0 elements
Info    : 0.90 < quality < 1.00 :         0 elements
Info    : 2 edge swaps, 2 node relocations (volume = 2.268): worst = 0.0473347 / average = 0.279504 (Wall 5.9796e-05s, CPU 6e-05s)
Info    : 3 edge swaps, 2 node relocations (volume = 2.268): worst = 0.0473347 / average = 0.315614 (Wall 0.000112832s, CPU 0.000113s)
Info    : No ill-shaped tets in the mesh :-)
Info    : 0.00 < quality < 0.10 :         3 elements
Info    : 0.10 < quality < 0.20 :         2 elements
Info    : 0.20 < quality < 0.30 :         2 elements
Info    : 0.30 < quality < 0.40 :         4 elements
Info    : 0.40 < quality < 0.50 :         0 elements
Info    : 0.50 < quality < 0.60 :         1 elements
Info    : 0.60 < quality < 0.70 :         2 elements
Info    : 0.70 < quality < 0.80 :         0 elements
Info    : 0.80 < quality < 0.90 :         0 elements
Info    : 0.90 < quality < 1.00 :         0 elements
Info    : Optimizing volume 12
Info    : Optimization starts (volume = 2.268) with worst = 0.266475 / average = 0.325093:
Info    : 0.00 < quality < 0.10 :         0 elements
Info    : 0.10 < quality < 0.20 :         0 elements
Info    : 0.20 < quality < 0.30 :         4 elements
Info    : 0.30 < quality < 0.40 :         8 elements
Info    : 0.40 < quality < 0.50 :         0 elements
Info    : 0.50 < quality < 0.60 :         0 elements
Info    : 0.60 < quality < 0.70 :         0 elements
Info    : 0.70 < quality < 0.80 :         0 elements
Info    : 0.80 < quality < 0.90 :         0 elements
Info    : 0.90 < quality < 1.00 :         0 elements
Info    : No ill-shaped tets in the mesh :-)
Info    : 0.00 < quality < 0.10 :         0 elements
Info    : 0.10 < quality < 0.20 :         0 elements
Info    : 0.20 < quality < 0.30 :         4 elements
Info    : 0.30 < quality < 0.40 :         8 elements
Info    : 0.40 < quality < 0.50 :         0 elements
Info    : 0.50 < quality < 0.60 :         0 elements
Info    : 0.60 < quality < 0.70 :         0 elements
Info    : 0.70 < quality < 0.80 :         0 elements
Info    : 0.80 < quality < 0.90 :         0 elements
Info    : 0.90 < quality < 1.00 :         0 elements
Info    : Optimizing volume 24
Info    : Optimization starts (volume = 3484.3) with worst = 0.00287632 / average = 0.150104:
Info    : 0.00 < quality < 0.10 :       139 elements
Info    : 0.10 < quality < 0.20 :      1521 elements
Info    : 0.20 < quality < 0.30 :        60 elements
Info    : 0.30 < quality < 0.40 :         6 elements
Info    : 0.40 < quality < 0.50 :         2 elements
Info    : 0.50 < quality < 0.60 :         0 elements
Info    : 0.60 < quality < 0.70 :         0 elements
Info    : 0.70 < quality < 0.80 :         0 elements
Info    : 0.80 < quality < 0.90 :         0 elements
Info    : 0.90 < quality < 1.00 :         0 elements
Info    : 145 edge swaps, 24 node relocations (volume = 3484.3): worst = 0.00793415 / average = 0.150591 (Wall 0.00791138s, CPU 0.007861s)
Info    : 154 edge swaps, 49 node relocations (volume = 3484.3): worst = 0.00793415 / average = 0.150643 (Wall 0.0160039s, CPU 0.015953s)
Info    : No ill-shaped tets in the mesh :-)
Info    : 0.00 < quality < 0.10 :       135 elements
Info    : 0.10 < quality < 0.20 :      1475 elements
Info    : 0.20 < quality < 0.30 :        60 elements
Info    : 0.30 < quality < 0.40 :         5 elements
Info    : 0.40 < quality < 0.50 :         2 elements
Info    : 0.50 < quality < 0.60 :         0 elements
Info    : 0.60 < quality < 0.70 :         0 elements
Info    : 0.70 < quality < 0.80 :         0 elements
Info    : 0.80 < quality < 0.90 :         0 elements
Info    : 0.90 < quality < 1.00 :         0 elements
Info    : Optimizing volume 25
Info    : Optimization starts (volume = 2634.36) with worst = 0.0976801 / average = 0.749249:
Info    : 0.00 < quality < 0.10 :         1 elements
Info    : 0.10 < quality < 0.20 :         1 elements
Info    : 0.20 < quality < 0.30 :         5 elements
Info    : 0.30 < quality < 0.40 :        14 elements
Info    : 0.40 < quality < 0.50 :        43 elements
Info    : 0.50 < quality < 0.60 :        61 elements
Info    : 0.60 < quality < 0.70 :       231 elements
Info    : 0.70 < quality < 0.80 :        77 elements
Info    : 0.80 < quality < 0.90 :       338 elements
Info    : 0.90 < quality < 1.00 :       147 elements
Info    : 2 edge swaps, 0 node relocations (volume = 2634.36): worst = 0.272868 / average = 0.750667 (Wall 0.000148792s, CPU 0.000151s)
Info    : No ill-shaped tets in the mesh :-)
Info    : 0.00 < quality < 0.10 :         0 elements
Info    : 0.10 < quality < 0.20 :         0 elements
Info    : 0.20 < quality < 0.30 :         5 elements
Info    : 0.30 < quality < 0.40 :        14 elements
Info    : 0.40 < quality < 0.50 :        43 elements
Info    : 0.50 < quality < 0.60 :        61 elements
Info    : 0.60 < quality < 0.70 :       231 elements
Info    : 0.70 < quality < 0.80 :        76 elements
Info    : 0.80 < quality < 0.90 :       339 elements
Info    : 0.90 < quality < 1.00 :       147 elements
Info    : Optimizing volume 26
Info    : Optimization starts (volume = 605.26) with worst = 0.101881 / average = 0.725863:
Info    : 0.00 < quality < 0.10 :         0 elements
Info    : 0.10 < quality < 0.20 :         3 elements
Info    : 0.20 < quality < 0.30 :         5 elements
Info    : 0.30 < quality < 0.40 :        16 elements
Info    : 0.40 < quality < 0.50 :        11 elements
Info    : 0.50 < quality < 0.60 :        12 elements
Info    : 0.60 < quality < 0.70 :        67 elements
Info    : 0.70 < quality < 0.80 :        10 elements
Info    : 0.80 < quality < 0.90 :        89 elements
Info    : 0.90 < quality < 1.00 :        40 elements
Info    : 3 edge swaps, 0 node relocations (volume = 605.26): worst = 0.272868 / average = 0.733946 (Wall 9.196e-05s, CPU 8.2e-05s)
Info    : No ill-shaped tets in the mesh :-)
Info    : 0.00 < quality < 0.10 :         0 elements
Info    : 0.10 < quality < 0.20 :         0 elements
Info    : 0.20 < quality < 0.30 :         4 elements
Info    : 0.30 < quality < 0.40 :        17 elements
Info    : 0.40 < quality < 0.50 :        11 elements
Info    : 0.50 < quality < 0.60 :        12 elements
Info    : 0.60 < quality < 0.70 :        66 elements
Info    : 0.70 < quality < 0.80 :        11 elements
Info    : 0.80 < quality < 0.90 :        89 elements
Info    : 0.90 < quality < 1.00 :        40 elements
Info    : Optimizing volume 27
Info    : Optimization starts (volume = 1.27492e+07) with worst = 0.0337606 / average = 0.62814:
Info    : 0.00 < quality < 0.10 :         6 elements
Info    : 0.10 < quality < 0.20 :         9 elements
Info    : 0.20 < quality < 0.30 :        23 elements
Info    : 0.30 < quality < 0.40 :        60 elements
Info    : 0.40 < quality < 0.50 :       141 elements
Info    : 0.50 < quality < 0.60 :       244 elements
Info    : 0.60 < quality < 0.70 :       234 elements
Info    : 0.70 < quality < 0.80 :       218 elements
Info    : 0.80 < quality < 0.90 :       121 elements
Info    : 0.90 < quality < 1.00 :        57 elements
Info    : 37 edge swaps, 1 node relocations (volume = 1.27492e+07): worst = 0.285519 / average = 0.642002 (Wall 0.00074191s, CPU 0.000742s)
Info    : 38 edge swaps, 1 node relocations (volume = 1.27492e+07): worst = 0.300441 / average = 0.642512 (Wall 0.000850806s, CPU 0.000854s)
Info    : No ill-shaped tets in the mesh :-)
Info    : 0.00 < quality < 0.10 :         0 elements
Info    : 0.10 < quality < 0.20 :         0 elements
Info    : 0.20 < quality < 0.30 :         0 elements
Info    : 0.30 < quality < 0.40 :        62 elements
Info    : 0.40 < quality < 0.50 :       142 elements
Info    : 0.50 < quality < 0.60 :       248 elements
Info    : 0.60 < quality < 0.70 :       235 elements
Info    : 0.70 < quality < 0.80 :       220 elements
Info    : 0.80 < quality < 0.90 :       123 elements
Info    : 0.90 < quality < 1.00 :        54 elements
Info    : Optimizing volume 28
Info    : Optimization starts (volume = 25498.5) with worst = 0.000609027 / average = 0.0313807:
Info    : 0.00 < quality < 0.10 :      1319 elements
Info    : 0.10 < quality < 0.20 :        83 elements
Info    : 0.20 < quality < 0.30 :         0 elements
Info    : 0.30 < quality < 0.40 :         0 elements
Info    : 0.40 < quality < 0.50 :         0 elements
Info    : 0.50 < quality < 0.60 :         0 elements
Info    : 0.60 < quality < 0.70 :         0 elements
Info    : 0.70 < quality < 0.80 :         0 elements
Info    : 0.80 < quality < 0.90 :         0 elements
Info    : 0.90 < quality < 1.00 :         0 elements
Info    : 183 edge swaps, 0 node relocations (volume = 25498.5): worst = 0.000830879 / average = 0.0301869 (Wall 0.0100391s, CPU 0.010042s)
Info    : 200 edge swaps, 0 node relocations (volume = 25498.5): worst = 0.000830879 / average = 0.0302936 (Wall 0.0197515s, CPU 0.019752s)
Warning : 1 ill-shaped tets are still in the mesh
Info    : 0.00 < quality < 0.10 :      1213 elements
Info    : 0.10 < quality < 0.20 :        63 elements
Info    : 0.20 < quality < 0.30 :         0 elements
Info    : 0.30 < quality < 0.40 :         0 elements
Info    : 0.40 < quality < 0.50 :         0 elements
Info    : 0.50 < quality < 0.60 :         0 elements
Info    : 0.60 < quality < 0.70 :         0 elements
Info    : 0.70 < quality < 0.80 :         0 elements
Info    : 0.80 < quality < 0.90 :         0 elements
Info    : 0.90 < quality < 1.00 :         0 elements
Info    : Optimizing volume 29
Info    : Optimization starts (volume = 995436) with worst = 0.000174172 / average = 0.46269:
Info    : 0.00 < quality < 0.10 :       270 elements
Info    : 0.10 < quality < 0.20 :      1373 elements
Info    : 0.20 < quality < 0.30 :       941 elements
Info    : 0.30 < quality < 0.40 :      1095 elements
Info    : 0.40 < quality < 0.50 :      1066 elements
Info    : 0.50 < quality < 0.60 :      1190 elements
Info    : 0.60 < quality < 0.70 :      1063 elements
Info    : 0.70 < quality < 0.80 :       812 elements
Info    : 0.80 < quality < 0.90 :       612 elements
Info    : 0.90 < quality < 1.00 :       221 elements
Info    : 501 edge swaps, 22 node relocations (volume = 995436): worst = 0.000415416 / average = 0.477535 (Wall 0.0302027s, CPU 0.026537s)
Info    : 545 edge swaps, 31 node relocations (volume = 995436): worst = 0.000415416 / average = 0.478585 (Wall 0.0594658s, CPU 0.055653s)
Warning : 1 ill-shaped tets are still in the mesh
Info    : 0.00 < quality < 0.10 :       140 elements
Info    : 0.10 < quality < 0.20 :      1228 elements
Info    : 0.20 < quality < 0.30 :       758 elements
Info    : 0.30 < quality < 0.40 :      1070 elements
Info    : 0.40 < quality < 0.50 :      1099 elements
Info    : 0.50 < quality < 0.60 :      1183 elements
Info    : 0.60 < quality < 0.70 :      1081 elements
Info    : 0.70 < quality < 0.80 :       822 elements
Info    : 0.80 < quality < 0.90 :       588 elements
Info    : 0.90 < quality < 1.00 :       225 elements
Info    : Optimizing volume 30
Info    : Optimization starts (volume = 239048) with worst = 0.0235232 / average = 0.502645:
Info    : 0.00 < quality < 0.10 :        20 elements
Info    : 0.10 < quality < 0.20 :       108 elements
Info    : 0.20 < quality < 0.30 :       186 elements
Info    : 0.30 < quality < 0.40 :       243 elements
Info    : 0.40 < quality < 0.50 :       352 elements
Info    : 0.50 < quality < 0.60 :       442 elements
Info    : 0.60 < quality < 0.70 :       414 elements
Info    : 0.70 < quality < 0.80 :       222 elements
Info    : 0.80 < quality < 0.90 :        41 elements
Info    : 0.90 < quality < 1.00 :         0 elements
Info    : 83 edge swaps, 0 node relocations (volume = 239048): worst = 0.0599822 / average = 0.511057 (Wall 0.00215408s, CPU 0.002156s)
Info    : 88 edge swaps, 0 node relocations (volume = 239048): worst = 0.0599822 / average = 0.511119 (Wall 0.00370059s, CPU 0.003703s)
Info    : No ill-shaped tets in the mesh :-)
Info    : 0.00 < quality < 0.10 :        10 elements
Info    : 0.10 < quality < 0.20 :        76 elements
Info    : 0.20 < quality < 0.30 :       173 elements
Info    : 0.30 < quality < 0.40 :       247 elements
Info    : 0.40 < quality < 0.50 :       344 elements
Info    : 0.50 < quality < 0.60 :       436 elements
Info    : 0.60 < quality < 0.70 :       412 elements
Info    : 0.70 < quality < 0.80 :       223 elements
Info    : 0.80 < quality < 0.90 :        41 elements
Info    : 0.90 < quality < 1.00 :         0 elements
Info    : Optimizing volume 31
Info    : Optimization starts (volume = 1.14743e+07) with worst = 0.0636271 / average = 0.603785:
Info    : 0.00 < quality < 0.10 :         6 elements
Info    : 0.10 < quality < 0.20 :        26 elements
Info    : 0.20 < quality < 0.30 :        26 elements
Info    : 0.30 < quality < 0.40 :        90 elements
Info    : 0.40 < quality < 0.50 :       176 elements
Info    : 0.50 < quality < 0.60 :       304 elements
Info    : 0.60 < quality < 0.70 :       277 elements
Info    : 0.70 < quality < 0.80 :       218 elements
Info    : 0.80 < quality < 0.90 :       122 elements
Info    : 0.90 < quality < 1.00 :        47 elements
Info    : 50 edge swaps, 0 node relocations (volume = 1.14743e+07): worst = 0.272209 / average = 0.622587 (Wall 0.0008433s, CPU 0.000843s)
Info    : 51 edge swaps, 0 node relocations (volume = 1.14743e+07): worst = 0.276814 / average = 0.622293 (Wall 0.00100513s, CPU 0.001007s)
Info    : No ill-shaped tets in the mesh :-)
Info    : 0.00 < quality < 0.10 :         0 elements
Info    : 0.10 < quality < 0.20 :         0 elements
Info    : 0.20 < quality < 0.30 :         2 elements
Info    : 0.30 < quality < 0.40 :        96 elements
Info    : 0.40 < quality < 0.50 :       176 elements
Info    : 0.50 < quality < 0.60 :       305 elements
Info    : 0.60 < quality < 0.70 :       277 elements
Info    : 0.70 < quality < 0.80 :       220 elements
Info    : 0.80 < quality < 0.90 :       126 elements
Info    : 0.90 < quality < 1.00 :        45 elements
Info    : Optimizing volume 32
Info    : Optimization starts (volume = 3.66154e+07) with worst = 0.00491057 / average = 0.570092:
Info    : 0.00 < quality < 0.10 :        76 elements
Info    : 0.10 < quality < 0.20 :        34 elements
Info    : 0.20 < quality < 0.30 :        28 elements
Info    : 0.30 < quality < 0.40 :        54 elements
Info    : 0.40 < quality < 0.50 :        54 elements
Info    : 0.50 < quality < 0.60 :       163 elements
Info    : 0.60 < quality < 0.70 :       213 elements
Info    : 0.70 < quality < 0.80 :       200 elements
Info    : 0.80 < quality < 0.90 :        97 elements
Info    : 0.90 < quality < 1.00 :         9 elements
Info    : 26 edge swaps, 0 node relocations (volume = 3.66154e+07): worst = 0.00737103 / average = 0.579102 (Wall 0.00126928s, CPU 0.001269s)
Info    : No ill-shaped tets in the mesh :-)
Info    : 0.00 < quality < 0.10 :        72 elements
Info    : 0.10 < quality < 0.20 :        34 elements
Info    : 0.20 < quality < 0.30 :        10 elements
Info    : 0.30 < quality < 0.40 :        60 elements
Info    : 0.40 < quality < 0.50 :        53 elements
Info    : 0.50 < quality < 0.60 :       152 elements
Info    : 0.60 < quality < 0.70 :       215 elements
Info    : 0.70 < quality < 0.80 :       208 elements
Info    : 0.80 < quality < 0.90 :        91 elements
Info    : 0.90 < quality < 1.00 :        13 elements
Info    : Done optimizing mesh (Wall 0.130382s, CPU 0.126283s)
Info    : 3174 nodes 25503 elements
Warning : ------------------------------
Warning : Mesh generation error summary
Warning :     2 warnings
Warning :     0 errors
Warning : Check the full log for details
Warning : ------------------------------
Info    : Writing '/foss/designs/inductor_synth/palace_model/inductor3_N2_do61.25_w2.01_s3_data/inductor3_N2_do61.25_w2.01_s3.msh'...
Info    : Done writing '/foss/designs/inductor_synth/palace_model/inductor3_N2_do61.25_w2.01_s3_data/inductor3_N2_do61.25_w2.01_s3.msh'
Info    : Clearing all models and views...
Info    : Done clearing all models and views
Info    : Meshing 1D...
Info    : [  0%] Meshing curve 64 (Line)
Info    : [ 10%] Meshing curve 65 (Line)
Info    : [ 10%] Meshing curve 67 (Line)
Info    : [ 10%] Meshing curve 69 (Line)
Info    : [ 10%] Meshing curve 70 (Line)
Info    : [ 10%] Meshing curve 71 (Line)
Info    : [ 10%] Meshing curve 72 (Line)
Info    : [ 10%] Meshing curve 76 (Line)
Info    : [ 10%] Meshing curve 77 (Line)
Info    : [ 10%] Meshing curve 79 (Line)
Info    : [ 10%] Meshing curve 81 (Line)
Info    : [ 10%] Meshing curve 82 (Line)
Info    : [ 10%] Meshing curve 83 (Line)
Info    : [ 10%] Meshing curve 84 (Line)
Info    : [ 10%] Meshing curve 85 (Line)
Info    : [ 10%] Meshing curve 86 (Line)
Info    : [ 10%] Meshing curve 87 (Line)
Info    : [ 10%] Meshing curve 88 (Line)
Info    : [ 10%] Meshing curve 89 (Line)
Info    : [ 10%] Meshing curve 90 (Line)
Info    : [ 10%] Meshing curve 91 (Line)
Info    : [ 10%] Meshing curve 92 (Line)
Info    : [ 10%] Meshing curve 93 (Line)
Info    : [ 10%] Meshing curve 94 (Line)
Info    : [ 10%] Meshing curve 95 (Line)
Info    : [ 10%] Meshing curve 96 (Line)
Info    : [ 10%] Meshing curve 97 (Line)
Info    : [ 10%] Meshing curve 98 (Line)
Info    : [ 10%] Meshing curve 99 (Line)
Info    : [ 10%] Meshing curve 100 (Line)
Info    : [ 10%] Meshing curve 101 (Line)
Info    : [ 10%] Meshing curve 102 (Line)
Info    : [ 10%] Meshing curve 103 (Line)
Info    : [ 10%] Meshing curve 104 (Line)
Info    : [ 20%] Meshing curve 105 (Line)
Info    : [ 20%] Meshing curve 106 (Line)
Info    : [ 20%] Meshing curve 107 (Line)
Info    : [ 20%] Meshing curve 108 (Line)
Info    : [ 20%] Meshing curve 109 (Line)
Info    : [ 20%] Meshing curve 110 (Line)
Info    : [ 20%] Meshing curve 111 (Line)
Info    : [ 20%] Meshing curve 112 (Line)
Info    : [ 20%] Meshing curve 113 (Line)
Info    : [ 20%] Meshing curve 114 (Line)
Info    : [ 20%] Meshing curve 115 (Line)
Info    : [ 20%] Meshing curve 116 (Line)
Info    : [ 20%] Meshing curve 117 (Line)
Info    : [ 20%] Meshing curve 118 (Line)
Info    : [ 20%] Meshing curve 119 (Line)
Info    : [ 20%] Meshing curve 120 (Line)
Info    : [ 20%] Meshing curve 121 (Line)
Info    : [ 20%] Meshing curve 122 (Line)
Info    : [ 20%] Meshing curve 123 (Line)
Info    : [ 20%] Meshing curve 124 (Line)
Info    : [ 20%] Meshing curve 125 (Line)
Info    : [ 20%] Meshing curve 126 (Line)
Info    : [ 20%] Meshing curve 127 (Line)
Info    : [ 20%] Meshing curve 128 (Line)
Info    : [ 20%] Meshing curve 129 (Line)
Info    : [ 20%] Meshing curve 130 (Line)
Info    : [ 20%] Meshing curve 131 (Line)
Info    : [ 20%] Meshing curve 132 (Line)
Info    : [ 20%] Meshing curve 133 (Line)
Info    : [ 20%] Meshing curve 134 (Line)
Info    : [ 20%] Meshing curve 135 (Line)
Info    : [ 20%] Meshing curve 136 (Line)
Info    : [ 20%] Meshing curve 137 (Line)
Info    : [ 20%] Meshing curve 138 (Line)
Info    : [ 30%] Meshing curve 139 (Line)
Info    : [ 30%] Meshing curve 140 (Line)
Info    : [ 30%] Meshing curve 141 (Line)
Info    : [ 30%] Meshing curve 142 (Line)
Info    : [ 30%] Meshing curve 143 (Line)
Info    : [ 30%] Meshing curve 144 (Line)
Info    : [ 30%] Meshing curve 145 (Line)
Info    : [ 30%] Meshing curve 146 (Line)
Info    : [ 30%] Meshing curve 147 (Line)
Info    : [ 30%] Meshing curve 148 (Line)
Info    : [ 30%] Meshing curve 149 (Line)
Info    : [ 30%] Meshing curve 150 (Line)
Info    : [ 30%] Meshing curve 151 (Line)
Info    : [ 30%] Meshing curve 152 (Line)
Info    : [ 30%] Meshing curve 153 (Line)
Info    : [ 30%] Meshing curve 154 (Line)
Info    : [ 30%] Meshing curve 155 (Line)
Info    : [ 30%] Meshing curve 156 (Line)
Info    : [ 30%] Meshing curve 397 (Line)
Info    : [ 30%] Meshing curve 398 (Line)
Info    : [ 30%] Meshing curve 399 (Line)
Info    : [ 30%] Meshing curve 400 (Line)
Info    : [ 30%] Meshing curve 401 (Line)
Info    : [ 30%] Meshing curve 402 (Line)
Info    : [ 30%] Meshing curve 403 (Line)
Info    : [ 30%] Meshing curve 404 (Line)
Info    : [ 30%] Meshing curve 405 (Line)
Info    : [ 30%] Meshing curve 406 (Line)
Info    : [ 30%] Meshing curve 407 (Line)
Info    : [ 30%] Meshing curve 408 (Line)
Info    : [ 30%] Meshing curve 409 (TrimmedCurve)
Info    : [ 30%] Meshing curve 410 (Line)
Info    : [ 30%] Meshing curve 411 (TrimmedCurve)
Info    : [ 30%] Meshing curve 412 (Line)
Info    : [ 40%] Meshing curve 413 (Line)
Info    : [ 40%] Meshing curve 414 (Line)
Info    : [ 40%] Meshing curve 415 (Line)
Info    : [ 40%] Meshing curve 416 (Line)
Info    : [ 40%] Meshing curve 417 (Line)
Info    : [ 40%] Meshing curve 418 (Line)
Info    : [ 40%] Meshing curve 419 (Line)
Info    : [ 40%] Meshing curve 420 (TrimmedCurve)
Info    : [ 40%] Meshing curve 421 (Line)
Info    : [ 40%] Meshing curve 422 (TrimmedCurve)
Info    : [ 40%] Meshing curve 423 (Line)
Info    : [ 40%] Meshing curve 424 (Line)
Info    : [ 40%] Meshing curve 425 (Line)
Info    : [ 40%] Meshing curve 426 (Line)
Info    : [ 40%] Meshing curve 427 (Line)
Info    : [ 40%] Meshing curve 428 (Line)
Info    : [ 40%] Meshing curve 429 (Line)
Info    : [ 40%] Meshing curve 430 (Line)
Info    : [ 40%] Meshing curve 431 (Line)
Info    : [ 40%] Meshing curve 432 (Line)
Info    : [ 40%] Meshing curve 433 (TrimmedCurve)
Info    : [ 40%] Meshing curve 434 (Line)
Info    : [ 40%] Meshing curve 435 (TrimmedCurve)
Info    : [ 40%] Meshing curve 436 (Line)
Info    : [ 40%] Meshing curve 437 (Line)
Info    : [ 40%] Meshing curve 438 (Line)
Info    : [ 40%] Meshing curve 439 (Line)
Info    : [ 40%] Meshing curve 440 (TrimmedCurve)
Info    : [ 40%] Meshing curve 441 (Line)
Info    : [ 40%] Meshing curve 442 (TrimmedCurve)
Info    : [ 40%] Meshing curve 443 (Line)
Info    : [ 40%] Meshing curve 444 (TrimmedCurve)
Info    : [ 40%] Meshing curve 445 (Line)
Info    : [ 40%] Meshing curve 446 (TrimmedCurve)
Info    : [ 50%] Meshing curve 447 (Line)
Info    : [ 50%] Meshing curve 448 (TrimmedCurve)
Info    : [ 50%] Meshing curve 449 (Line)
Info    : [ 50%] Meshing curve 450 (Line)
Info    : [ 50%] Meshing curve 451 (Line)
Info    : [ 50%] Meshing curve 452 (Line)
Info    : [ 50%] Meshing curve 453 (Line)
Info    : [ 50%] Meshing curve 454 (TrimmedCurve)
Info    : [ 50%] Meshing curve 455 (Line)
Info    : [ 50%] Meshing curve 456 (TrimmedCurve)
Info    : [ 50%] Meshing curve 457 (Line)
Info    : [ 50%] Meshing curve 458 (TrimmedCurve)
Info    : [ 50%] Meshing curve 459 (Line)
Info    : [ 50%] Meshing curve 460 (TrimmedCurve)
Info    : [ 50%] Meshing curve 461 (Line)
Info    : [ 50%] Meshing curve 462 (TrimmedCurve)
Info    : [ 50%] Meshing curve 463 (Line)
Info    : [ 50%] Meshing curve 464 (TrimmedCurve)
Info    : [ 50%] Meshing curve 465 (Line)
Info    : [ 50%] Meshing curve 466 (Line)
Info    : [ 50%] Meshing curve 467 (Line)
Info    : [ 50%] Meshing curve 468 (Line)
Info    : [ 50%] Meshing curve 469 (Line)
Info    : [ 50%] Meshing curve 470 (TrimmedCurve)
Info    : [ 50%] Meshing curve 471 (Line)
Info    : [ 50%] Meshing curve 472 (Line)
Info    : [ 50%] Meshing curve 473 (Line)
Info    : [ 50%] Meshing curve 474 (Line)
Info    : [ 50%] Meshing curve 475 (TrimmedCurve)
Info    : [ 50%] Meshing curve 476 (Line)
Info    : [ 50%] Meshing curve 477 (TrimmedCurve)
Info    : [ 50%] Meshing curve 478 (Line)
Info    : [ 50%] Meshing curve 479 (TrimmedCurve)
Info    : [ 50%] Meshing curve 480 (Line)
Info    : [ 60%] Meshing curve 481 (TrimmedCurve)
Info    : [ 60%] Meshing curve 482 (Line)
Info    : [ 60%] Meshing curve 483 (TrimmedCurve)
Info    : [ 60%] Meshing curve 484 (Line)
Info    : [ 60%] Meshing curve 485 (Line)
Info    : [ 60%] Meshing curve 486 (Line)
Info    : [ 60%] Meshing curve 487 (Line)
Info    : [ 60%] Meshing curve 488 (Line)
Info    : [ 60%] Meshing curve 489 (TrimmedCurve)
Info    : [ 60%] Meshing curve 490 (Line)
Info    : [ 60%] Meshing curve 491 (TrimmedCurve)
Info    : [ 60%] Meshing curve 492 (Line)
Info    : [ 60%] Meshing curve 493 (TrimmedCurve)
Info    : [ 60%] Meshing curve 494 (Line)
Info    : [ 60%] Meshing curve 495 (TrimmedCurve)
Info    : [ 60%] Meshing curve 496 (Line)
Info    : [ 60%] Meshing curve 497 (TrimmedCurve)
Info    : [ 60%] Meshing curve 498 (Line)
Info    : [ 60%] Meshing curve 499 (TrimmedCurve)
Info    : [ 60%] Meshing curve 500 (Line)
Info    : [ 60%] Meshing curve 501 (Line)
Info    : [ 60%] Meshing curve 502 (Line)
Info    : [ 60%] Meshing curve 503 (Line)
Info    : [ 60%] Meshing curve 504 (Line)
Info    : [ 60%] Meshing curve 505 (TrimmedCurve)
Info    : [ 60%] Meshing curve 506 (Line)
Info    : [ 60%] Meshing curve 507 (Line)
Info    : [ 60%] Meshing curve 508 (Line)
Info    : [ 60%] Meshing curve 509 (Line)
Info    : [ 60%] Meshing curve 510 (Line)
Info    : [ 60%] Meshing curve 511 (Line)
Info    : [ 60%] Meshing curve 512 (Line)
Info    : [ 60%] Meshing curve 513 (Line)
Info    : [ 70%] Meshing curve 514 (Line)
Info    : [ 70%] Meshing curve 515 (Line)
Info    : [ 70%] Meshing curve 516 (Line)
Info    : [ 70%] Meshing curve 517 (Line)
Info    : [ 70%] Meshing curve 518 (Line)
Info    : [ 70%] Meshing curve 519 (Line)
Info    : [ 70%] Meshing curve 520 (Line)
Info    : [ 70%] Meshing curve 521 (Line)
Info    : [ 70%] Meshing curve 522 (Line)
Info    : [ 70%] Meshing curve 523 (Line)
Info    : [ 70%] Meshing curve 524 (Line)
Info    : [ 70%] Meshing curve 525 (Line)
Info    : [ 70%] Meshing curve 526 (Line)
Info    : [ 70%] Meshing curve 527 (Line)
Info    : [ 70%] Meshing curve 528 (Line)
Info    : [ 70%] Meshing curve 529 (Line)
Info    : [ 70%] Meshing curve 530 (Line)
Info    : [ 70%] Meshing curve 531 (Line)
Info    : [ 70%] Meshing curve 532 (Line)
Info    : [ 70%] Meshing curve 533 (Line)
Info    : [ 70%] Meshing curve 534 (Line)
Info    : [ 70%] Meshing curve 535 (Line)
Info    : [ 70%] Meshing curve 536 (Line)
Info    : [ 70%] Meshing curve 537 (Line)
Info    : [ 70%] Meshing curve 538 (Line)
Info    : [ 70%] Meshing curve 539 (Line)
Info    : [ 70%] Meshing curve 540 (Line)
Info    : [ 70%] Meshing curve 541 (Line)
Info    : [ 70%] Meshing curve 542 (Line)
Info    : [ 70%] Meshing curve 543 (Line)
Info    : [ 70%] Meshing curve 544 (Line)
Info    : [ 70%] Meshing curve 545 (Line)
Info    : [ 70%] Meshing curve 546 (Line)
Info    : [ 70%] Meshing curve 547 (Line)
Info    : [ 80%] Meshing curve 548 (Line)
Info    : [ 80%] Meshing curve 549 (Line)
Info    : [ 80%] Meshing curve 550 (Line)
Info    : [ 80%] Meshing curve 551 (Line)
Info    : [ 80%] Meshing curve 552 (TrimmedCurve)
Info    : [ 80%] Meshing curve 553 (Line)
Info    : [ 80%] Meshing curve 554 (Line)
Info    : [ 80%] Meshing curve 555 (Line)
Info    : [ 80%] Meshing curve 556 (Line)
Info    : [ 80%] Meshing curve 557 (Line)
Info    : [ 80%] Meshing curve 558 (TrimmedCurve)
Info    : [ 80%] Meshing curve 559 (Line)
Info    : [ 80%] Meshing curve 560 (Line)
Info    : [ 80%] Meshing curve 561 (TrimmedCurve)
Info    : [ 80%] Meshing curve 562 (Line)
Info    : [ 80%] Meshing curve 563 (Line)
Info    : [ 80%] Meshing curve 564 (Line)
Info    : [ 80%] Meshing curve 565 (Line)
Info    : [ 80%] Meshing curve 566 (Line)
Info    : [ 80%] Meshing curve 567 (TrimmedCurve)
Info    : [ 80%] Meshing curve 568 (Line)
Info    : [ 80%] Meshing curve 569 (Line)
Info    : [ 80%] Meshing curve 570 (Line)
Info    : [ 80%] Meshing curve 571 (Line)
Info    : [ 80%] Meshing curve 572 (Line)
Info    : [ 80%] Meshing curve 573 (Line)
Info    : [ 80%] Meshing curve 574 (Line)
Info    : [ 80%] Meshing curve 575 (Line)
Info    : [ 80%] Meshing curve 576 (Line)
Info    : [ 80%] Meshing curve 577 (Line)
Info    : [ 80%] Meshing curve 578 (Line)
Info    : [ 80%] Meshing curve 579 (Line)
Info    : [ 80%] Meshing curve 580 (Line)
Info    : [ 80%] Meshing curve 581 (Line)
Info    : [ 90%] Meshing curve 582 (Line)
Info    : [ 90%] Meshing curve 583 (Line)
Info    : [ 90%] Meshing curve 584 (Line)
Info    : [ 90%] Meshing curve 585 (Line)
Info    : [ 90%] Meshing curve 586 (Line)
Info    : [ 90%] Meshing curve 587 (Line)
Info    : [ 90%] Meshing curve 588 (Line)
Info    : [ 90%] Meshing curve 589 (Line)
Info    : [ 90%] Meshing curve 590 (Line)
Info    : [ 90%] Meshing curve 591 (Line)
Info    : [ 90%] Meshing curve 592 (Line)
Info    : [ 90%] Meshing curve 593 (Line)
Info    : [ 90%] Meshing curve 594 (Line)
Info    : [ 90%] Meshing curve 595 (Line)
Info    : [ 90%] Meshing curve 596 (Line)
Info    : [ 90%] Meshing curve 597 (Line)
Info    : [ 90%] Meshing curve 598 (Line)
Info    : [ 90%] Meshing curve 599 (Line)
Info    : [ 90%] Meshing curve 600 (Line)
Info    : [ 90%] Meshing curve 601 (Line)
Info    : [ 90%] Meshing curve 602 (Line)
Info    : [ 90%] Meshing curve 603 (Line)
Info    : [ 90%] Meshing curve 604 (Line)
Info    : [ 90%] Meshing curve 605 (Line)
Info    : [ 90%] Meshing curve 606 (Line)
Info    : [ 90%] Meshing curve 607 (Line)
Info    : [ 90%] Meshing curve 608 (Line)
Info    : [ 90%] Meshing curve 609 (Line)
Info    : [ 90%] Meshing curve 610 (Line)
Info    : [ 90%] Meshing curve 611 (Line)
Info    : [ 90%] Meshing curve 612 (Line)
Info    : [ 90%] Meshing curve 613 (Line)
Info    : [ 90%] Meshing curve 614 (Line)
Info    : [ 90%] Meshing curve 615 (Line)
Info    : [100%] Meshing curve 616 (Line)
Info    : [100%] Meshing curve 617 (Line)
Info    : [100%] Meshing curve 618 (Line)
Info    : [100%] Meshing curve 619 (Line)
Info    : [100%] Meshing curve 620 (Line)
Info    : [100%] Meshing curve 621 (Line)
Info    : [100%] Meshing curve 622 (Line)
Info    : [100%] Meshing curve 623 (Line)
Info    : [100%] Meshing curve 624 (Line)
Info    : [100%] Meshing curve 625 (Line)
Info    : [100%] Meshing curve 626 (Line)
Info    : [100%] Meshing curve 627 (Line)
Info    : [100%] Meshing curve 628 (Line)
Info    : [100%] Meshing curve 629 (Line)
Info    : [100%] Meshing curve 630 (Line)
Info    : [100%] Meshing curve 631 (Line)
Info    : [100%] Meshing curve 632 (Line)
Info    : [100%] Meshing curve 633 (Line)
Info    : [100%] Meshing curve 634 (Line)
Info    : [100%] Meshing curve 635 (Line)
Info    : [100%] Meshing curve 636 (Line)
Info    : [100%] Meshing curve 637 (Line)
Info    : [100%] Meshing curve 638 (Line)
Info    : [100%] Meshing curve 639 (Line)
Info    : [100%] Meshing curve 640 (Line)
Info    : [100%] Meshing curve 641 (Line)
Info    : [100%] Meshing curve 642 (Line)
Info    : [100%] Meshing curve 643 (Line)
Info    : [100%] Meshing curve 644 (Line)
Info    : [100%] Meshing curve 645 (Line)
Info    : [100%] Meshing curve 646 (Line)
Info    : [100%] Meshing curve 647 (Line)
Info    : [100%] Meshing curve 648 (Line)
Info    : Done meshing 1D (Wall 1.28234s, CPU 1.27086s)
Info    : Meshing 2D...
Info    : [  0%] Meshing surface 35 (Plane, Delaunay)
Info    : [ 10%] Meshing surface 41 (Plane, Delaunay)
Info    : [ 10%] Meshing surface 43 (Plane, Delaunay)
Info    : [ 10%] Meshing surface 44 (Plane, Delaunay)
Info    : [ 10%] Meshing surface 45 (Plane, Delaunay)
Info    : [ 10%] Meshing surface 46 (Plane, Delaunay)
Info    : [ 10%] Meshing surface 47 (Plane, Delaunay)
Info    : [ 10%] Meshing surface 48 (Plane, Delaunay)
Info    : [ 10%] Meshing surface 49 (Plane, Delaunay)
Info    : [ 10%] Meshing surface 50 (Plane, Delaunay)
Info    : [ 10%] Meshing surface 51 (Plane, Delaunay)
Info    : [ 10%] Meshing surface 53 (Plane, Delaunay)
Info    : [ 10%] Meshing surface 54 (Plane, Delaunay)
Info    : [ 10%] Meshing surface 55 (Plane, Delaunay)
Info    : [ 10%] Meshing surface 56 (Plane, Delaunay)
Info    : [ 20%] Meshing surface 57 (Plane, Delaunay)
Info    : [ 20%] Meshing surface 58 (Plane, Delaunay)
Info    : [ 20%] Meshing surface 59 (Plane, Delaunay)
Info    : [ 20%] Meshing surface 60 (Plane, Delaunay)
Info    : [ 20%] Meshing surface 61 (Plane, Delaunay)
Info    : [ 20%] Meshing surface 62 (Plane, Delaunay)
Info    : [ 20%] Meshing surface 63 (Plane, Delaunay)
Info    : [ 20%] Meshing surface 64 (Plane, Delaunay)
Info    : [ 20%] Meshing surface 65 (Plane, Delaunay)
Info    : [ 20%] Meshing surface 66 (Plane, Delaunay)
Info    : [ 20%] Meshing surface 67 (Plane, Delaunay)
Info    : [ 20%] Meshing surface 68 (Plane, Delaunay)
Info    : [ 20%] Meshing surface 69 (Plane, Delaunay)
Info    : [ 20%] Meshing surface 70 (Plane, Delaunay)
Info    : [ 20%] Meshing surface 71 (Plane, Delaunay)
Info    : [ 30%] Meshing surface 72 (Plane, Delaunay)
Info    : [ 30%] Meshing surface 73 (Plane, Delaunay)
Info    : [ 30%] Meshing surface 74 (Plane, Delaunay)
Info    : [ 30%] Meshing surface 75 (Plane, Delaunay)
Info    : [ 30%] Meshing surface 76 (Plane, Delaunay)
Info    : [ 30%] Meshing surface 179 (Plane, Delaunay)
Info    : [ 30%] Meshing surface 180 (Plane, Delaunay)
Info    : [ 30%] Meshing surface 181 (Plane, Delaunay)
Info    : [ 30%] Meshing surface 183 (Plane, Delaunay)
Info    : [ 30%] Meshing surface 184 (Plane, Delaunay)
Info    : [ 30%] Meshing surface 185 (Plane, Delaunay)
Info    : [ 30%] Meshing surface 186 (Plane, Delaunay)
Info    : [ 30%] Meshing surface 187 (Plane, Delaunay)
Info    : [ 30%] Meshing surface 188 (Plane, Delaunay)
Info    : [ 40%] Meshing surface 189 (Plane, Delaunay)
Info    : [ 40%] Meshing surface 190 (Plane, Delaunay)
Info    : [ 40%] Meshing surface 191 (Plane, Delaunay)
Info    : [ 40%] Meshing surface 192 (Plane, Delaunay)
Info    : [ 40%] Meshing surface 193 (Plane, Delaunay)
Info    : [ 40%] Meshing surface 195 (Plane, Delaunay)
Info    : [ 40%] Meshing surface 196 (Plane, Delaunay)
Info    : [ 40%] Meshing surface 197 (Plane, Delaunay)
Info    : [ 40%] Meshing surface 198 (Plane, Delaunay)
Info    : [ 40%] Meshing surface 199 (Plane, Delaunay)
Info    : [ 40%] Meshing surface 200 (Plane, Delaunay)
Info    : [ 40%] Meshing surface 201 (Plane, Delaunay)
Info    : [ 40%] Meshing surface 202 (Plane, Delaunay)
Info    : [ 40%] Meshing surface 203 (Plane, Delaunay)
Info    : [ 40%] Meshing surface 204 (Plane, Delaunay)
Info    : [ 50%] Meshing surface 205 (Plane, Delaunay)
Info    : [ 50%] Meshing surface 206 (Plane, Delaunay)
Info    : [ 50%] Meshing surface 207 (Plane, Delaunay)
Info    : [ 50%] Meshing surface 208 (Plane, Delaunay)
Info    : [ 50%] Meshing surface 209 (Plane, Delaunay)
Info    : [ 50%] Meshing surface 210 (Plane, Delaunay)
Info    : [ 50%] Meshing surface 211 (Plane, Delaunay)
Info    : [ 50%] Meshing surface 212 (Plane, Delaunay)
Info    : [ 50%] Meshing surface 213 (Plane, Delaunay)
Info    : [ 50%] Meshing surface 214 (Plane, Delaunay)
Info    : [ 50%] Meshing surface 215 (Plane, Delaunay)
Info    : [ 50%] Meshing surface 216 (Plane, Delaunay)
Info    : [ 50%] Meshing surface 217 (Plane, Delaunay)
Info    : [ 50%] Meshing surface 218 (Plane, Delaunay)
Info    : [ 50%] Meshing surface 219 (Plane, Delaunay)
Info    : [ 60%] Meshing surface 220 (Plane, Delaunay)
Info    : [ 60%] Meshing surface 221 (Plane, Delaunay)
Info    : [ 60%] Meshing surface 222 (Plane, Delaunay)
Info    : [ 60%] Meshing surface 223 (Plane, Delaunay)
Info    : [ 60%] Meshing surface 224 (Plane, Delaunay)
Info    : [ 60%] Meshing surface 225 (Plane, Delaunay)
Info    : [ 60%] Meshing surface 226 (Plane, Delaunay)
Info    : [ 60%] Meshing surface 227 (Plane, Delaunay)
Info    : [ 60%] Meshing surface 228 (Plane, Delaunay)
Info    : [ 60%] Meshing surface 229 (Plane, Delaunay)
Info    : [ 60%] Meshing surface 230 (Plane, Delaunay)
Info    : [ 60%] Meshing surface 231 (Plane, Delaunay)
Info    : [ 60%] Meshing surface 232 (Plane, Delaunay)
Info    : [ 60%] Meshing surface 233 (Plane, Delaunay)
Info    : [ 70%] Meshing surface 235 (Plane, Delaunay)
Info    : [ 70%] Meshing surface 236 (Plane, Delaunay)
Info    : [ 70%] Meshing surface 237 (Plane, Delaunay)
Info    : [ 70%] Meshing surface 238 (Plane, Delaunay)
Info    : [ 70%] Meshing surface 239 (Plane, Delaunay)
Info    : [ 70%] Meshing surface 240 (Plane, Delaunay)
Info    : [ 70%] Meshing surface 241 (Plane, Delaunay)
Info    : [ 70%] Meshing surface 242 (Plane, Delaunay)
Info    : [ 70%] Meshing surface 243 (Plane, Delaunay)
Info    : [ 70%] Meshing surface 244 (Plane, Delaunay)
Info    : [ 70%] Meshing surface 245 (Plane, Delaunay)
Info    : [ 70%] Meshing surface 246 (Plane, Delaunay)
Info    : [ 70%] Meshing surface 247 (Plane, Delaunay)
Info    : [ 70%] Meshing surface 248 (Plane, Delaunay)
Info    : [ 70%] Meshing surface 249 (Plane, Delaunay)
Info    : [ 80%] Meshing surface 250 (Plane, Delaunay)
Info    : [ 80%] Meshing surface 251 (Plane, Delaunay)
Info    : [ 80%] Meshing surface 252 (Plane, Delaunay)
Info    : [ 80%] Meshing surface 253 (Plane, Delaunay)
Info    : [ 80%] Meshing surface 254 (Plane, Delaunay)
Info    : [ 80%] Meshing surface 255 (Plane, Delaunay)
Info    : [ 80%] Meshing surface 256 (Plane, Delaunay)
Info    : [ 80%] Meshing surface 257 (Plane, Delaunay)
Info    : [ 80%] Meshing surface 258 (Plane, Delaunay)
Info    : [ 80%] Meshing surface 259 (Plane, Delaunay)
Info    : [ 80%] Meshing surface 260 (Plane, Delaunay)
Info    : [ 80%] Meshing surface 261 (Plane, Delaunay)
Info    : [ 80%] Meshing surface 262 (Plane, Delaunay)
Info    : [ 80%] Meshing surface 263 (Plane, Delaunay)
Info    : [ 90%] Meshing surface 264 (Plane, Delaunay)
Info    : [ 90%] Meshing surface 265 (Plane, Delaunay)
Info    : [ 90%] Meshing surface 266 (Plane, Delaunay)
Info    : [ 90%] Meshing surface 267 (Plane, Delaunay)
Info    : [ 90%] Meshing surface 268 (Plane, Delaunay)
Info    : [ 90%] Meshing surface 269 (Plane, Delaunay)
Info    : [ 90%] Meshing surface 270 (Plane, Delaunay)
Info    : [ 90%] Meshing surface 271 (Plane, Delaunay)
Info    : [ 90%] Meshing surface 272 (Plane, Delaunay)
Info    : [ 90%] Meshing surface 273 (Plane, Delaunay)
Info    : [ 90%] Meshing surface 274 (Plane, Delaunay)
Info    : [ 90%] Meshing surface 275 (Plane, Delaunay)
Info    : [ 90%] Meshing surface 276 (Plane, Delaunay)
Info    : [ 90%] Meshing surface 277 (Plane, Delaunay)
Info    : [ 90%] Meshing surface 278 (Plane, Delaunay)
Info    : [100%] Meshing surface 279 (Plane, Delaunay)
Info    : [100%] Meshing surface 280 (Plane, Delaunay)
Info    : [100%] Meshing surface 281 (Plane, Delaunay)
Info    : [100%] Meshing surface 282 (Plane, Delaunay)
Info    : [100%] Meshing surface 283 (Plane, Delaunay)
Info    : [100%] Meshing surface 284 (Plane, Delaunay)
Info    : [100%] Meshing surface 285 (Plane, Delaunay)
Info    : [100%] Meshing surface 286 (Plane, Delaunay)
Info    : [100%] Meshing surface 287 (Plane, Delaunay)
Info    : [100%] Meshing surface 288 (Plane, Delaunay)
Info    : [100%] Meshing surface 289 (Plane, Delaunay)
Info    : [100%] Meshing surface 290 (Plane, Delaunay)
Info    : [100%] Meshing surface 291 (Plane, Delaunay)
Info    : [100%] Meshing surface 292 (Plane, Delaunay)
Info    : Done meshing 2D (Wall 0.321604s, CPU 0.321506s)
Info    : Meshing 3D...
Info    : 3D Meshing 16 volumes with 1 connected component
Info    : Tetrahedrizing 2799 nodes...
Info    : Done tetrahedrizing 2807 nodes (Wall 0.0430509s, CPU 0.042972s)
Info    : Reconstructing mesh...
Info    :  - Creating surface mesh
Info    :  - Identifying boundary edges
Info    :  - Recovering boundary
Info    :  - Added 23 Steiner points
Info    : Done reconstructing mesh (Wall 0.114002s, CPU 0.110203s)
Info    : Found volume 29
Info    : Found volume 28
Info    : Found volume 24
Info    : Found volume 27
Info    : Found volume 12
Info    : Found volume 31
Info    : Found volume 30
Info    : Found volume 7
Info    : Found volume 6
Info    : Found volume 25
Info    : Found volume 26
Info    : Found volume 8
Info    : Found volume 32
Info    : Found volume 11
Info    : Found volume 9
Info    : Found volume 10
Info    : It. 0 - 0 nodes created - worst tet radius 11.7556 (nodes removed 0 0)
Info    : It. 500 - 100 nodes created - worst tet radius 1.21817 (nodes removed 0 400)
Info    : It. 1000 - 264 nodes created - worst tet radius 1.00714 (nodes removed 8 728)
Info    : 3D refinement terminated (3096 nodes total):
Info    :  - 1 Delaunay cavities modified for star shapeness
Info    :  - 745 nodes could not be inserted
Info    :  - 18303 tetrahedra created in 0.0550819 sec. (332286 tets/s)
Info    : 393 node relocations
Info    : Done meshing 3D (Wall 0.340909s, CPU 0.332843s)
Info    : Optimizing mesh...
Info    : Optimizing volume 6
Info    : Optimization starts (volume = 144) with worst = 0.125314 / average = 0.524113:
Info    : 0.00 < quality < 0.10 :         0 elements
Info    : 0.10 < quality < 0.20 :         2 elements
Info    : 0.20 < quality < 0.30 :        35 elements
Info    : 0.30 < quality < 0.40 :         8 elements
Info    : 0.40 < quality < 0.50 :        49 elements
Info    : 0.50 < quality < 0.60 :        34 elements
Info    : 0.60 < quality < 0.70 :         3 elements
Info    : 0.70 < quality < 0.80 :        31 elements
Info    : 0.80 < quality < 0.90 :        15 elements
Info    : 0.90 < quality < 1.00 :         2 elements
Info    : 2 edge swaps, 0 node relocations (volume = 144): worst = 0.125314 / average = 0.523816 (Wall 0.000210195s, CPU 0.000213s)
Info    : No ill-shaped tets in the mesh :-)
Info    : 0.00 < quality < 0.10 :         0 elements
Info    : 0.10 < quality < 0.20 :         2 elements
Info    : 0.20 < quality < 0.30 :        35 elements
Info    : 0.30 < quality < 0.40 :         8 elements
Info    : 0.40 < quality < 0.50 :        51 elements
Info    : 0.50 < quality < 0.60 :        32 elements
Info    : 0.60 < quality < 0.70 :         3 elements
Info    : 0.70 < quality < 0.80 :        31 elements
Info    : 0.80 < quality < 0.90 :        15 elements
Info    : 0.90 < quality < 1.00 :         2 elements
Info    : Optimizing volume 7
Info    : Optimization starts (volume = 144) with worst = 0.125314 / average = 0.526116:
Info    : 0.00 < quality < 0.10 :         0 elements
Info    : 0.10 < quality < 0.20 :         2 elements
Info    : 0.20 < quality < 0.30 :        35 elements
Info    : 0.30 < quality < 0.40 :         8 elements
Info    : 0.40 < quality < 0.50 :        47 elements
Info    : 0.50 < quality < 0.60 :        34 elements
Info    : 0.60 < quality < 0.70 :         5 elements
Info    : 0.70 < quality < 0.80 :        29 elements
Info    : 0.80 < quality < 0.90 :        16 elements
Info    : 0.90 < quality < 1.00 :         2 elements
Info    : 3 edge swaps, 0 node relocations (volume = 144): worst = 0.125314 / average = 0.525818 (Wall 0.000182631s, CPU 0.000182s)
Info    : No ill-shaped tets in the mesh :-)
Info    : 0.00 < quality < 0.10 :         0 elements
Info    : 0.10 < quality < 0.20 :         2 elements
Info    : 0.20 < quality < 0.30 :        35 elements
Info    : 0.30 < quality < 0.40 :         8 elements
Info    : 0.40 < quality < 0.50 :        49 elements
Info    : 0.50 < quality < 0.60 :        32 elements
Info    : 0.60 < quality < 0.70 :         5 elements
Info    : 0.70 < quality < 0.80 :        29 elements
Info    : 0.80 < quality < 0.90 :        16 elements
Info    : 0.90 < quality < 1.00 :         2 elements
Info    : Optimizing volume 8
Info    : Optimization starts (volume = 48.544) with worst = 0.177187 / average = 0.605117:
Info    : 0.00 < quality < 0.10 :         0 elements
Info    : 0.10 < quality < 0.20 :         4 elements
Info    : 0.20 < quality < 0.30 :         4 elements
Info    : 0.30 < quality < 0.40 :        12 elements
Info    : 0.40 < quality < 0.50 :        12 elements
Info    : 0.50 < quality < 0.60 :        18 elements
Info    : 0.60 < quality < 0.70 :        18 elements
Info    : 0.70 < quality < 0.80 :        16 elements
Info    : 0.80 < quality < 0.90 :        12 elements
Info    : 0.90 < quality < 1.00 :         8 elements
Info    : 2 edge swaps, 0 node relocations (volume = 48.544): worst = 0.177187 / average = 0.614985 (Wall 5.7744e-05s, CPU 5.8e-05s)
Info    : No ill-shaped tets in the mesh :-)
Info    : 0.00 < quality < 0.10 :         0 elements
Info    : 0.10 < quality < 0.20 :         2 elements
Info    : 0.20 < quality < 0.30 :         4 elements
Info    : 0.30 < quality < 0.40 :        12 elements
Info    : 0.40 < quality < 0.50 :        12 elements
Info    : 0.50 < quality < 0.60 :        18 elements
Info    : 0.60 < quality < 0.70 :        16 elements
Info    : 0.70 < quality < 0.80 :        18 elements
Info    : 0.80 < quality < 0.90 :        12 elements
Info    : 0.90 < quality < 1.00 :         8 elements
Info    : Optimizing volume 9
Info    : Optimization starts (volume = 2.268) with worst = 0.266475 / average = 0.325093:
Info    : 0.00 < quality < 0.10 :         0 elements
Info    : 0.10 < quality < 0.20 :         0 elements
Info    : 0.20 < quality < 0.30 :         4 elements
Info    : 0.30 < quality < 0.40 :         8 elements
Info    : 0.40 < quality < 0.50 :         0 elements
Info    : 0.50 < quality < 0.60 :         0 elements
Info    : 0.60 < quality < 0.70 :         0 elements
Info    : 0.70 < quality < 0.80 :         0 elements
Info    : 0.80 < quality < 0.90 :         0 elements
Info    : 0.90 < quality < 1.00 :         0 elements
Info    : No ill-shaped tets in the mesh :-)
Info    : 0.00 < quality < 0.10 :         0 elements
Info    : 0.10 < quality < 0.20 :         0 elements
Info    : 0.20 < quality < 0.30 :         4 elements
Info    : 0.30 < quality < 0.40 :         8 elements
Info    : 0.40 < quality < 0.50 :         0 elements
Info    : 0.50 < quality < 0.60 :         0 elements
Info    : 0.60 < quality < 0.70 :         0 elements
Info    : 0.70 < quality < 0.80 :         0 elements
Info    : 0.80 < quality < 0.90 :         0 elements
Info    : 0.90 < quality < 1.00 :         0 elements
Info    : Optimizing volume 10
Info    : Optimization starts (volume = 2.268) with worst = 0.266475 / average = 0.325093:
Info    : 0.00 < quality < 0.10 :         0 elements
Info    : 0.10 < quality < 0.20 :         0 elements
Info    : 0.20 < quality < 0.30 :         4 elements
Info    : 0.30 < quality < 0.40 :         8 elements
Info    : 0.40 < quality < 0.50 :         0 elements
Info    : 0.50 < quality < 0.60 :         0 elements
Info    : 0.60 < quality < 0.70 :         0 elements
Info    : 0.70 < quality < 0.80 :         0 elements
Info    : 0.80 < quality < 0.90 :         0 elements
Info    : 0.90 < quality < 1.00 :         0 elements
Info    : No ill-shaped tets in the mesh :-)
Info    : 0.00 < quality < 0.10 :         0 elements
Info    : 0.10 < quality < 0.20 :         0 elements
Info    : 0.20 < quality < 0.30 :         4 elements
Info    : 0.30 < quality < 0.40 :         8 elements
Info    : 0.40 < quality < 0.50 :         0 elements
Info    : 0.50 < quality < 0.60 :         0 elements
Info    : 0.60 < quality < 0.70 :         0 elements
Info    : 0.70 < quality < 0.80 :         0 elements
Info    : 0.80 < quality < 0.90 :         0 elements
Info    : 0.90 < quality < 1.00 :         0 elements
Info    : Optimizing volume 11
Info    : Optimization starts (volume = 2.268) with worst = 0.266475 / average = 0.325093:
Info    : 0.00 < quality < 0.10 :         0 elements
Info    : 0.10 < quality < 0.20 :         0 elements
Info    : 0.20 < quality < 0.30 :         4 elements
Info    : 0.30 < quality < 0.40 :         8 elements
Info    : 0.40 < quality < 0.50 :         0 elements
Info    : 0.50 < quality < 0.60 :         0 elements
Info    : 0.60 < quality < 0.70 :         0 elements
Info    : 0.70 < quality < 0.80 :         0 elements
Info    : 0.80 < quality < 0.90 :         0 elements
Info    : 0.90 < quality < 1.00 :         0 elements
Info    : No ill-shaped tets in the mesh :-)
Info    : 0.00 < quality < 0.10 :         0 elements
Info    : 0.10 < quality < 0.20 :         0 elements
Info    : 0.20 < quality < 0.30 :         4 elements
Info    : 0.30 < quality < 0.40 :         8 elements
Info    : 0.40 < quality < 0.50 :         0 elements
Info    : 0.50 < quality < 0.60 :         0 elements
Info    : 0.60 < quality < 0.70 :         0 elements
Info    : 0.70 < quality < 0.80 :         0 elements
Info    : 0.80 < quality < 0.90 :         0 elements
Info    : 0.90 < quality < 1.00 :         0 elements
Info    : Optimizing volume 12
Info    : Optimization starts (volume = 2.268) with worst = 0.0280207 / average = 0.26468:
Info    : 0.00 < quality < 0.10 :         6 elements
Info    : 0.10 < quality < 0.20 :         0 elements
Info    : 0.20 < quality < 0.30 :         2 elements
Info    : 0.30 < quality < 0.40 :         7 elements
Info    : 0.40 < quality < 0.50 :         0 elements
Info    : 0.50 < quality < 0.60 :         0 elements
Info    : 0.60 < quality < 0.70 :         2 elements
Info    : 0.70 < quality < 0.80 :         0 elements
Info    : 0.80 < quality < 0.90 :         0 elements
Info    : 0.90 < quality < 1.00 :         0 elements
Info    : 1 edge swaps, 3 node relocations (volume = 2.268): worst = 0.0473347 / average = 0.279504 (Wall 5.2694e-05s, CPU 5.3e-05s)
Info    : 2 edge swaps, 3 node relocations (volume = 2.268): worst = 0.0473347 / average = 0.315614 (Wall 0.000121716s, CPU 0.000122s)
Info    : No ill-shaped tets in the mesh :-)
Info    : 0.00 < quality < 0.10 :         3 elements
Info    : 0.10 < quality < 0.20 :         2 elements
Info    : 0.20 < quality < 0.30 :         2 elements
Info    : 0.30 < quality < 0.40 :         5 elements
Info    : 0.40 < quality < 0.50 :         0 elements
Info    : 0.50 < quality < 0.60 :         1 elements
Info    : 0.60 < quality < 0.70 :         2 elements
Info    : 0.70 < quality < 0.80 :         0 elements
Info    : 0.80 < quality < 0.90 :         0 elements
Info    : 0.90 < quality < 1.00 :         0 elements
Info    : Optimizing volume 24
Info    : Optimization starts (volume = 2340) with worst = 0.00310478 / average = 0.173865:
Info    : 0.00 < quality < 0.10 :        92 elements
Info    : 0.10 < quality < 0.20 :      1359 elements
Info    : 0.20 < quality < 0.30 :        56 elements
Info    : 0.30 < quality < 0.40 :         4 elements
Info    : 0.40 < quality < 0.50 :         0 elements
Info    : 0.50 < quality < 0.60 :         0 elements
Info    : 0.60 < quality < 0.70 :         0 elements
Info    : 0.70 < quality < 0.80 :         0 elements
Info    : 0.80 < quality < 0.90 :         0 elements
Info    : 0.90 < quality < 1.00 :         0 elements
Info    : 146 edge swaps, 22 node relocations (volume = 2340): worst = 0.00330425 / average = 0.175356 (Wall 0.00598198s, CPU 0.005979s)
Info    : 156 edge swaps, 30 node relocations (volume = 2340): worst = 0.00330425 / average = 0.175356 (Wall 0.0138675s, CPU 0.01385s)
Info    : No ill-shaped tets in the mesh :-)
Info    : 0.00 < quality < 0.10 :        72 elements
Info    : 0.10 < quality < 0.20 :      1326 elements
Info    : 0.20 < quality < 0.30 :        49 elements
Info    : 0.30 < quality < 0.40 :         2 elements
Info    : 0.40 < quality < 0.50 :         0 elements
Info    : 0.50 < quality < 0.60 :         0 elements
Info    : 0.60 < quality < 0.70 :         0 elements
Info    : 0.70 < quality < 0.80 :         0 elements
Info    : 0.80 < quality < 0.90 :         0 elements
Info    : 0.90 < quality < 1.00 :         0 elements
Info    : Optimizing volume 25
Info    : Optimization starts (volume = 1923.08) with worst = 0.0761736 / average = 0.718048:
Info    : 0.00 < quality < 0.10 :         1 elements
Info    : 0.10 < quality < 0.20 :         4 elements
Info    : 0.20 < quality < 0.30 :        20 elements
Info    : 0.30 < quality < 0.40 :        20 elements
Info    : 0.40 < quality < 0.50 :        34 elements
Info    : 0.50 < quality < 0.60 :       228 elements
Info    : 0.60 < quality < 0.70 :        81 elements
Info    : 0.70 < quality < 0.80 :       150 elements
Info    : 0.80 < quality < 0.90 :       179 elements
Info    : 0.90 < quality < 1.00 :       193 elements
Info    : 4 edge swaps, 0 node relocations (volume = 1923.08): worst = 0.126807 / average = 0.720155 (Wall 0.000228838s, CPU 0.000233s)
Info    : 5 edge swaps, 0 node relocations (volume = 1923.08): worst = 0.126807 / average = 0.720146 (Wall 0.000343588s, CPU 0.000348s)
Info    : No ill-shaped tets in the mesh :-)
Info    : 0.00 < quality < 0.10 :         0 elements
Info    : 0.10 < quality < 0.20 :         4 elements
Info    : 0.20 < quality < 0.30 :        17 elements
Info    : 0.30 < quality < 0.40 :        18 elements
Info    : 0.40 < quality < 0.50 :        34 elements
Info    : 0.50 < quality < 0.60 :       230 elements
Info    : 0.60 < quality < 0.70 :        81 elements
Info    : 0.70 < quality < 0.80 :       150 elements
Info    : 0.80 < quality < 0.90 :       178 elements
Info    : 0.90 < quality < 1.00 :       194 elements
Info    : Optimizing volume 26
Info    : Optimization starts (volume = 499.723) with worst = 0.0761736 / average = 0.655851:
Info    : 0.00 < quality < 0.10 :         2 elements
Info    : 0.10 < quality < 0.20 :         5 elements
Info    : 0.20 < quality < 0.30 :         5 elements
Info    : 0.30 < quality < 0.40 :        14 elements
Info    : 0.40 < quality < 0.50 :        10 elements
Info    : 0.50 < quality < 0.60 :        78 elements
Info    : 0.60 < quality < 0.70 :        44 elements
Info    : 0.70 < quality < 0.80 :        44 elements
Info    : 0.80 < quality < 0.90 :        56 elements
Info    : 0.90 < quality < 1.00 :        22 elements
Info    : 4 edge swaps, 0 node relocations (volume = 499.723): worst = 0.160118 / average = 0.664823 (Wall 0.000126998s, CPU 0.000127s)
Info    : No ill-shaped tets in the mesh :-)
Info    : 0.00 < quality < 0.10 :         0 elements
Info    : 0.10 < quality < 0.20 :         4 elements
Info    : 0.20 < quality < 0.30 :         4 elements
Info    : 0.30 < quality < 0.40 :        11 elements
Info    : 0.40 < quality < 0.50 :        11 elements
Info    : 0.50 < quality < 0.60 :        80 elements
Info    : 0.60 < quality < 0.70 :        44 elements
Info    : 0.70 < quality < 0.80 :        44 elements
Info    : 0.80 < quality < 0.90 :        55 elements
Info    : 0.90 < quality < 1.00 :        23 elements
Info    : Optimizing volume 27
Info    : Optimization starts (volume = 1.23087e+07) with worst = 0.0560343 / average = 0.634006:
Info    : 0.00 < quality < 0.10 :         3 elements
Info    : 0.10 < quality < 0.20 :        10 elements
Info    : 0.20 < quality < 0.30 :        21 elements
Info    : 0.30 < quality < 0.40 :        36 elements
Info    : 0.40 < quality < 0.50 :       136 elements
Info    : 0.50 < quality < 0.60 :       237 elements
Info    : 0.60 < quality < 0.70 :       230 elements
Info    : 0.70 < quality < 0.80 :       187 elements
Info    : 0.80 < quality < 0.90 :       124 elements
Info    : 0.90 < quality < 1.00 :        57 elements
Info    : 29 edge swaps, 3 node relocations (volume = 1.23087e+07): worst = 0.262268 / average = 0.646556 (Wall 0.0004451s, CPU 0.000446s)
Info    : 33 edge swaps, 3 node relocations (volume = 1.23087e+07): worst = 0.28042 / average = 0.647754 (Wall 0.000568679s, CPU 0.00057s)
Info    : No ill-shaped tets in the mesh :-)
Info    : 0.00 < quality < 0.10 :         0 elements
Info    : 0.10 < quality < 0.20 :         0 elements
Info    : 0.20 < quality < 0.30 :         2 elements
Info    : 0.30 < quality < 0.40 :        37 elements
Info    : 0.40 < quality < 0.50 :       136 elements
Info    : 0.50 < quality < 0.60 :       232 elements
Info    : 0.60 < quality < 0.70 :       240 elements
Info    : 0.70 < quality < 0.80 :       190 elements
Info    : 0.80 < quality < 0.90 :       125 elements
Info    : 0.90 < quality < 1.00 :        55 elements
Info    : Optimizing volume 28
Info    : Optimization starts (volume = 24617.5) with worst = 0.000485527 / average = 0.0549893:
Info    : 0.00 < quality < 0.10 :      1155 elements
Info    : 0.10 < quality < 0.20 :       208 elements
Info    : 0.20 < quality < 0.30 :         0 elements
Info    : 0.30 < quality < 0.40 :         0 elements
Info    : 0.40 < quality < 0.50 :         0 elements
Info    : 0.50 < quality < 0.60 :         0 elements
Info    : 0.60 < quality < 0.70 :         0 elements
Info    : 0.70 < quality < 0.80 :         0 elements
Info    : 0.80 < quality < 0.90 :         0 elements
Info    : 0.90 < quality < 1.00 :         0 elements
Info    : 191 edge swaps, 0 node relocations (volume = 24617.5): worst = 0.00089375 / average = 0.0561929 (Wall 0.008808s, CPU 0.008805s)
Info    : 207 edge swaps, 0 node relocations (volume = 24617.5): worst = 0.00089375 / average = 0.0562446 (Wall 0.0164415s, CPU 0.016439s)
Warning : 1 ill-shaped tets are still in the mesh
Info    : 0.00 < quality < 0.10 :      1014 elements
Info    : 0.10 < quality < 0.20 :       184 elements
Info    : 0.20 < quality < 0.30 :         0 elements
Info    : 0.30 < quality < 0.40 :         0 elements
Info    : 0.40 < quality < 0.50 :         0 elements
Info    : 0.50 < quality < 0.60 :         0 elements
Info    : 0.60 < quality < 0.70 :         0 elements
Info    : 0.70 < quality < 0.80 :         0 elements
Info    : 0.80 < quality < 0.90 :         0 elements
Info    : 0.90 < quality < 1.00 :         0 elements
Info    : Optimizing volume 29
Info    : Optimization starts (volume = 962992) with worst = 0.000140749 / average = 0.466395:
Info    : 0.00 < quality < 0.10 :       257 elements
Info    : 0.10 < quality < 0.20 :      1064 elements
Info    : 0.20 < quality < 0.30 :       976 elements
Info    : 0.30 < quality < 0.40 :      1265 elements
Info    : 0.40 < quality < 0.50 :      1140 elements
Info    : 0.50 < quality < 0.60 :      1274 elements
Info    : 0.60 < quality < 0.70 :       940 elements
Info    : 0.70 < quality < 0.80 :       769 elements
Info    : 0.80 < quality < 0.90 :       605 elements
Info    : 0.90 < quality < 1.00 :       202 elements
Info    : 487 edge swaps, 48 node relocations (volume = 962992): worst = 0.0133354 / average = 0.481026 (Wall 0.02574s, CPU 0.025735s)
Info    : 539 edge swaps, 55 node relocations (volume = 962992): worst = 0.0195368 / average = 0.481853 (Wall 0.0423346s, CPU 0.042328s)
Info    : 547 edge swaps, 57 node relocations (volume = 962992): worst = 0.0195368 / average = 0.482261 (Wall 0.0578983s, CPU 0.057886s)
Info    : No ill-shaped tets in the mesh :-)
Info    : 0.00 < quality < 0.10 :       112 elements
Info    : 0.10 < quality < 0.20 :       949 elements
Info    : 0.20 < quality < 0.30 :       810 elements
Info    : 0.30 < quality < 0.40 :      1316 elements
Info    : 0.40 < quality < 0.50 :      1139 elements
Info    : 0.50 < quality < 0.60 :      1283 elements
Info    : 0.60 < quality < 0.70 :       906 elements
Info    : 0.70 < quality < 0.80 :       779 elements
Info    : 0.80 < quality < 0.90 :       623 elements
Info    : 0.90 < quality < 1.00 :       198 elements
Info    : Optimizing volume 30
Info    : Optimization starts (volume = 230789) with worst = 0.0347994 / average = 0.519632:
Info    : 0.00 < quality < 0.10 :        14 elements
Info    : 0.10 < quality < 0.20 :       109 elements
Info    : 0.20 < quality < 0.30 :       204 elements
Info    : 0.30 < quality < 0.40 :       240 elements
Info    : 0.40 < quality < 0.50 :       305 elements
Info    : 0.50 < quality < 0.60 :       368 elements
Info    : 0.60 < quality < 0.70 :       394 elements
Info    : 0.70 < quality < 0.80 :       265 elements
Info    : 0.80 < quality < 0.90 :       103 elements
Info    : 0.90 < quality < 1.00 :        11 elements
Info    : 88 edge swaps, 0 node relocations (volume = 230789): worst = 0.0816526 / average = 0.530913 (Wall 0.00201738s, CPU 0.002019s)
Info    : 91 edge swaps, 0 node relocations (volume = 230789): worst = 0.0816526 / average = 0.531081 (Wall 0.0036163s, CPU 0.003615s)
Info    : No ill-shaped tets in the mesh :-)
Info    : 0.00 < quality < 0.10 :         4 elements
Info    : 0.10 < quality < 0.20 :        83 elements
Info    : 0.20 < quality < 0.30 :       167 elements
Info    : 0.30 < quality < 0.40 :       243 elements
Info    : 0.40 < quality < 0.50 :       308 elements
Info    : 0.50 < quality < 0.60 :       359 elements
Info    : 0.60 < quality < 0.70 :       387 elements
Info    : 0.70 < quality < 0.80 :       272 elements
Info    : 0.80 < quality < 0.90 :       104 elements
Info    : 0.90 < quality < 1.00 :        11 elements
Info    : Optimizing volume 31
Info    : Optimization starts (volume = 1.10779e+07) with worst = 0.0752061 / average = 0.602594:
Info    : 0.00 < quality < 0.10 :         2 elements
Info    : 0.10 < quality < 0.20 :        13 elements
Info    : 0.20 < quality < 0.30 :        22 elements
Info    : 0.30 < quality < 0.40 :        72 elements
Info    : 0.40 < quality < 0.50 :       212 elements
Info    : 0.50 < quality < 0.60 :       307 elements
Info    : 0.60 < quality < 0.70 :       265 elements
Info    : 0.70 < quality < 0.80 :       204 elements
Info    : 0.80 < quality < 0.90 :       108 elements
Info    : 0.90 < quality < 1.00 :        36 elements
Info    : 34 edge swaps, 2 node relocations (volume = 1.10779e+07): worst = 0.278086 / average = 0.612682 (Wall 0.000469173s, CPU 0.000468s)
Info    : 36 edge swaps, 2 node relocations (volume = 1.10779e+07): worst = 0.303597 / average = 0.613169 (Wall 0.000623554s, CPU 0.000625s)
Info    : No ill-shaped tets in the mesh :-)
Info    : 0.00 < quality < 0.10 :         0 elements
Info    : 0.10 < quality < 0.20 :         0 elements
Info    : 0.20 < quality < 0.30 :         0 elements
Info    : 0.30 < quality < 0.40 :        82 elements
Info    : 0.40 < quality < 0.50 :       215 elements
Info    : 0.50 < quality < 0.60 :       303 elements
Info    : 0.60 < quality < 0.70 :       263 elements
Info    : 0.70 < quality < 0.80 :       202 elements
Info    : 0.80 < quality < 0.90 :       115 elements
Info    : 0.90 < quality < 1.00 :        34 elements
Info    : Optimizing volume 32
Info    : Optimization starts (volume = 3.59552e+07) with worst = 0.00487048 / average = 0.566962:
Info    : 0.00 < quality < 0.10 :        80 elements
Info    : 0.10 < quality < 0.20 :        34 elements
Info    : 0.20 < quality < 0.30 :        26 elements
Info    : 0.30 < quality < 0.40 :        63 elements
Info    : 0.40 < quality < 0.50 :        75 elements
Info    : 0.50 < quality < 0.60 :       120 elements
Info    : 0.60 < quality < 0.70 :       212 elements
Info    : 0.70 < quality < 0.80 :       212 elements
Info    : 0.80 < quality < 0.90 :       106 elements
Info    : 0.90 < quality < 1.00 :        10 elements
Info    : 32 edge swaps, 0 node relocations (volume = 3.59552e+07): worst = 0.00749209 / average = 0.576027 (Wall 0.00127825s, CPU 0.001277s)
Info    : 34 edge swaps, 0 node relocations (volume = 3.59552e+07): worst = 0.00749209 / average = 0.577247 (Wall 0.00242819s, CPU 0.002426s)
Info    : No ill-shaped tets in the mesh :-)
Info    : 0.00 < quality < 0.10 :        72 elements
Info    : 0.10 < quality < 0.20 :        32 elements
Info    : 0.20 < quality < 0.30 :        12 elements
Info    : 0.30 < quality < 0.40 :        61 elements
Info    : 0.40 < quality < 0.50 :        79 elements
Info    : 0.50 < quality < 0.60 :       120 elements
Info    : 0.60 < quality < 0.70 :       212 elements
Info    : 0.70 < quality < 0.80 :       216 elements
Info    : 0.80 < quality < 0.90 :        99 elements
Info    : 0.90 < quality < 1.00 :        14 elements
Info    : Done optimizing mesh (Wall 0.122048s, CPU 0.122008s)
Info    : 3096 nodes 24769 elements
Warning : ------------------------------
Warning : Mesh generation error summary
Warning :     1 warning
Warning :     0 errors
Warning : Check the full log for details
Warning : ------------------------------
Info    : Writing '/foss/designs/inductor_synth/palace_model/inductor3_N2_do64.04_w3_s2.01_data/inductor3_N2_do64.04_w3_s2.01.msh'...
Info    : Done writing '/foss/designs/inductor_synth/palace_model/inductor3_N2_do64.04_w3_s2.01_data/inductor3_N2_do64.04_w3_s2.01.msh'
Info    : Clearing all models and views...
Info    : Done clearing all models and views
Info    : Meshing 1D...
Info    : [  0%] Meshing curve 64 (Line)
Info    : [ 10%] Meshing curve 65 (Line)
Info    : [ 10%] Meshing curve 67 (Line)
Info    : [ 10%] Meshing curve 69 (Line)
Info    : [ 10%] Meshing curve 70 (Line)
Info    : [ 10%] Meshing curve 71 (Line)
Info    : [ 10%] Meshing curve 72 (Line)
Info    : [ 10%] Meshing curve 76 (Line)
Info    : [ 10%] Meshing curve 77 (Line)
Info    : [ 10%] Meshing curve 79 (Line)
Info    : [ 10%] Meshing curve 81 (Line)
Info    : [ 10%] Meshing curve 82 (Line)
Info    : [ 10%] Meshing curve 83 (Line)
Info    : [ 10%] Meshing curve 84 (Line)
Info    : [ 10%] Meshing curve 85 (Line)
Info    : [ 10%] Meshing curve 86 (Line)
Info    : [ 10%] Meshing curve 87 (Line)
Info    : [ 10%] Meshing curve 88 (Line)
Info    : [ 10%] Meshing curve 89 (Line)
Info    : [ 10%] Meshing curve 90 (Line)
Info    : [ 10%] Meshing curve 91 (Line)
Info    : [ 10%] Meshing curve 92 (Line)
Info    : [ 10%] Meshing curve 93 (Line)
Info    : [ 10%] Meshing curve 94 (Line)
Info    : [ 10%] Meshing curve 95 (Line)
Info    : [ 10%] Meshing curve 96 (Line)
Info    : [ 10%] Meshing curve 97 (Line)
Info    : [ 10%] Meshing curve 98 (Line)
Info    : [ 10%] Meshing curve 99 (Line)
Info    : [ 10%] Meshing curve 100 (Line)
Info    : [ 10%] Meshing curve 101 (Line)
Info    : [ 10%] Meshing curve 102 (Line)
Info    : [ 10%] Meshing curve 103 (Line)
Info    : [ 10%] Meshing curve 104 (Line)
Info    : [ 20%] Meshing curve 105 (Line)
Info    : [ 20%] Meshing curve 106 (Line)
Info    : [ 20%] Meshing curve 107 (Line)
Info    : [ 20%] Meshing curve 108 (Line)
Info    : [ 20%] Meshing curve 109 (Line)
Info    : [ 20%] Meshing curve 110 (Line)
Info    : [ 20%] Meshing curve 111 (Line)
Info    : [ 20%] Meshing curve 112 (Line)
Info    : [ 20%] Meshing curve 113 (Line)
Info    : [ 20%] Meshing curve 114 (Line)
Info    : [ 20%] Meshing curve 115 (Line)
Info    : [ 20%] Meshing curve 116 (Line)
Info    : [ 20%] Meshing curve 117 (Line)
Info    : [ 20%] Meshing curve 118 (Line)
Info    : [ 20%] Meshing curve 119 (Line)
Info    : [ 20%] Meshing curve 120 (Line)
Info    : [ 20%] Meshing curve 121 (Line)
Info    : [ 20%] Meshing curve 122 (Line)
Info    : [ 20%] Meshing curve 123 (Line)
Info    : [ 20%] Meshing curve 124 (Line)
Info    : [ 20%] Meshing curve 125 (Line)
Info    : [ 20%] Meshing curve 126 (Line)
Info    : [ 20%] Meshing curve 127 (Line)
Info    : [ 20%] Meshing curve 128 (Line)
Info    : [ 20%] Meshing curve 129 (Line)
Info    : [ 20%] Meshing curve 130 (Line)
Info    : [ 20%] Meshing curve 131 (Line)
Info    : [ 20%] Meshing curve 132 (Line)
Info    : [ 20%] Meshing curve 133 (Line)
Info    : [ 20%] Meshing curve 134 (Line)
Info    : [ 20%] Meshing curve 135 (Line)
Info    : [ 20%] Meshing curve 136 (Line)
Info    : [ 20%] Meshing curve 137 (Line)
Info    : [ 20%] Meshing curve 138 (Line)
Info    : [ 30%] Meshing curve 139 (Line)
Info    : [ 30%] Meshing curve 140 (Line)
Info    : [ 30%] Meshing curve 141 (Line)
Info    : [ 30%] Meshing curve 142 (Line)
Info    : [ 30%] Meshing curve 143 (Line)
Info    : [ 30%] Meshing curve 144 (Line)
Info    : [ 30%] Meshing curve 145 (Line)
Info    : [ 30%] Meshing curve 146 (Line)
Info    : [ 30%] Meshing curve 147 (Line)
Info    : [ 30%] Meshing curve 148 (Line)
Info    : [ 30%] Meshing curve 149 (Line)
Info    : [ 30%] Meshing curve 150 (Line)
Info    : [ 30%] Meshing curve 151 (Line)
Info    : [ 30%] Meshing curve 152 (Line)
Info    : [ 30%] Meshing curve 153 (Line)
Info    : [ 30%] Meshing curve 154 (Line)
Info    : [ 30%] Meshing curve 155 (Line)
Info    : [ 30%] Meshing curve 156 (Line)
Info    : [ 30%] Meshing curve 397 (Line)
Info    : [ 30%] Meshing curve 398 (Line)
Info    : [ 30%] Meshing curve 399 (Line)
Info    : [ 30%] Meshing curve 400 (Line)
Info    : [ 30%] Meshing curve 401 (Line)
Info    : [ 30%] Meshing curve 402 (Line)
Info    : [ 30%] Meshing curve 403 (Line)
Info    : [ 30%] Meshing curve 404 (Line)
Info    : [ 30%] Meshing curve 405 (Line)
Info    : [ 30%] Meshing curve 406 (Line)
Info    : [ 30%] Meshing curve 407 (Line)
Info    : [ 30%] Meshing curve 408 (Line)
Info    : [ 30%] Meshing curve 409 (TrimmedCurve)
Info    : [ 30%] Meshing curve 410 (Line)
Info    : [ 30%] Meshing curve 411 (TrimmedCurve)
Info    : [ 30%] Meshing curve 412 (Line)
Info    : [ 40%] Meshing curve 413 (Line)
Info    : [ 40%] Meshing curve 414 (Line)
Info    : [ 40%] Meshing curve 415 (Line)
Info    : [ 40%] Meshing curve 416 (Line)
Info    : [ 40%] Meshing curve 417 (Line)
Info    : [ 40%] Meshing curve 418 (Line)
Info    : [ 40%] Meshing curve 419 (Line)
Info    : [ 40%] Meshing curve 420 (TrimmedCurve)
Info    : [ 40%] Meshing curve 421 (Line)
Info    : [ 40%] Meshing curve 422 (TrimmedCurve)
Info    : [ 40%] Meshing curve 423 (Line)
Info    : [ 40%] Meshing curve 424 (Line)
Info    : [ 40%] Meshing curve 425 (Line)
Info    : [ 40%] Meshing curve 426 (Line)
Info    : [ 40%] Meshing curve 427 (Line)
Info    : [ 40%] Meshing curve 428 (Line)
Info    : [ 40%] Meshing curve 429 (Line)
Info    : [ 40%] Meshing curve 430 (Line)
Info    : [ 40%] Meshing curve 431 (Line)
Info    : [ 40%] Meshing curve 432 (Line)
Info    : [ 40%] Meshing curve 433 (TrimmedCurve)
Info    : [ 40%] Meshing curve 434 (Line)
Info    : [ 40%] Meshing curve 435 (TrimmedCurve)
Info    : [ 40%] Meshing curve 436 (Line)
Info    : [ 40%] Meshing curve 437 (Line)
Info    : [ 40%] Meshing curve 438 (Line)
Info    : [ 40%] Meshing curve 439 (Line)
Info    : [ 40%] Meshing curve 440 (TrimmedCurve)
Info    : [ 40%] Meshing curve 441 (Line)
Info    : [ 40%] Meshing curve 442 (TrimmedCurve)
Info    : [ 40%] Meshing curve 443 (Line)
Info    : [ 40%] Meshing curve 444 (TrimmedCurve)
Info    : [ 40%] Meshing curve 445 (Line)
Info    : [ 40%] Meshing curve 446 (TrimmedCurve)
Info    : [ 50%] Meshing curve 447 (Line)
Info    : [ 50%] Meshing curve 448 (TrimmedCurve)
Info    : [ 50%] Meshing curve 449 (Line)
Info    : [ 50%] Meshing curve 450 (Line)
Info    : [ 50%] Meshing curve 451 (Line)
Info    : [ 50%] Meshing curve 452 (Line)
Info    : [ 50%] Meshing curve 453 (Line)
Info    : [ 50%] Meshing curve 454 (TrimmedCurve)
Info    : [ 50%] Meshing curve 455 (Line)
Info    : [ 50%] Meshing curve 456 (TrimmedCurve)
Info    : [ 50%] Meshing curve 457 (Line)
Info    : [ 50%] Meshing curve 458 (TrimmedCurve)
Info    : [ 50%] Meshing curve 459 (Line)
Info    : [ 50%] Meshing curve 460 (TrimmedCurve)
Info    : [ 50%] Meshing curve 461 (Line)
Info    : [ 50%] Meshing curve 462 (TrimmedCurve)
Info    : [ 50%] Meshing curve 463 (Line)
Info    : [ 50%] Meshing curve 464 (TrimmedCurve)
Info    : [ 50%] Meshing curve 465 (Line)
Info    : [ 50%] Meshing curve 466 (Line)
Info    : [ 50%] Meshing curve 467 (Line)
Info    : [ 50%] Meshing curve 468 (Line)
Info    : [ 50%] Meshing curve 469 (Line)
Info    : [ 50%] Meshing curve 470 (TrimmedCurve)
Info    : [ 50%] Meshing curve 471 (Line)
Info    : [ 50%] Meshing curve 472 (Line)
Info    : [ 50%] Meshing curve 473 (Line)
Info    : [ 50%] Meshing curve 474 (Line)
Info    : [ 50%] Meshing curve 475 (TrimmedCurve)
Info    : [ 50%] Meshing curve 476 (Line)
Info    : [ 50%] Meshing curve 477 (TrimmedCurve)
Info    : [ 50%] Meshing curve 478 (Line)
Info    : [ 50%] Meshing curve 479 (TrimmedCurve)
Info    : [ 50%] Meshing curve 480 (Line)
Info    : [ 60%] Meshing curve 481 (TrimmedCurve)
Info    : [ 60%] Meshing curve 482 (Line)
Info    : [ 60%] Meshing curve 483 (TrimmedCurve)
Info    : [ 60%] Meshing curve 484 (Line)
Info    : [ 60%] Meshing curve 485 (Line)
Info    : [ 60%] Meshing curve 486 (Line)
Info    : [ 60%] Meshing curve 487 (Line)
Info    : [ 60%] Meshing curve 488 (Line)
Info    : [ 60%] Meshing curve 489 (TrimmedCurve)
Info    : [ 60%] Meshing curve 490 (Line)
Info    : [ 60%] Meshing curve 491 (TrimmedCurve)
Info    : [ 60%] Meshing curve 492 (Line)
Info    : [ 60%] Meshing curve 493 (TrimmedCurve)
Info    : [ 60%] Meshing curve 494 (Line)
Info    : [ 60%] Meshing curve 495 (TrimmedCurve)
Info    : [ 60%] Meshing curve 496 (Line)
Info    : [ 60%] Meshing curve 497 (TrimmedCurve)
Info    : [ 60%] Meshing curve 498 (Line)
Info    : [ 60%] Meshing curve 499 (TrimmedCurve)
Info    : [ 60%] Meshing curve 500 (Line)
Info    : [ 60%] Meshing curve 501 (Line)
Info    : [ 60%] Meshing curve 502 (Line)
Info    : [ 60%] Meshing curve 503 (Line)
Info    : [ 60%] Meshing curve 504 (Line)
Info    : [ 60%] Meshing curve 505 (TrimmedCurve)
Info    : [ 60%] Meshing curve 506 (Line)
Info    : [ 60%] Meshing curve 507 (Line)
Info    : [ 60%] Meshing curve 508 (Line)
Info    : [ 60%] Meshing curve 509 (Line)
Info    : [ 60%] Meshing curve 510 (Line)
Info    : [ 60%] Meshing curve 511 (Line)
Info    : [ 60%] Meshing curve 512 (Line)
Info    : [ 60%] Meshing curve 513 (Line)
Info    : [ 70%] Meshing curve 514 (Line)
Info    : [ 70%] Meshing curve 515 (Line)
Info    : [ 70%] Meshing curve 516 (Line)
Info    : [ 70%] Meshing curve 517 (Line)
Info    : [ 70%] Meshing curve 518 (Line)
Info    : [ 70%] Meshing curve 519 (Line)
Info    : [ 70%] Meshing curve 520 (Line)
Info    : [ 70%] Meshing curve 521 (Line)
Info    : [ 70%] Meshing curve 522 (Line)
Info    : [ 70%] Meshing curve 523 (Line)
Info    : [ 70%] Meshing curve 524 (Line)
Info    : [ 70%] Meshing curve 525 (Line)
Info    : [ 70%] Meshing curve 526 (Line)
Info    : [ 70%] Meshing curve 527 (Line)
Info    : [ 70%] Meshing curve 528 (Line)
Info    : [ 70%] Meshing curve 529 (Line)
Info    : [ 70%] Meshing curve 530 (Line)
Info    : [ 70%] Meshing curve 531 (Line)
Info    : [ 70%] Meshing curve 532 (Line)
Info    : [ 70%] Meshing curve 533 (Line)
Info    : [ 70%] Meshing curve 534 (Line)
Info    : [ 70%] Meshing curve 535 (Line)
Info    : [ 70%] Meshing curve 536 (Line)
Info    : [ 70%] Meshing curve 537 (Line)
Info    : [ 70%] Meshing curve 538 (Line)
Info    : [ 70%] Meshing curve 539 (Line)
Info    : [ 70%] Meshing curve 540 (Line)
Info    : [ 70%] Meshing curve 541 (Line)
Info    : [ 70%] Meshing curve 542 (Line)
Info    : [ 70%] Meshing curve 543 (Line)
Info    : [ 70%] Meshing curve 544 (Line)
Info    : [ 70%] Meshing curve 545 (Line)
Info    : [ 70%] Meshing curve 546 (Line)
Info    : [ 70%] Meshing curve 547 (Line)
Info    : [ 80%] Meshing curve 548 (Line)
Info    : [ 80%] Meshing curve 549 (Line)
Info    : [ 80%] Meshing curve 550 (Line)
Info    : [ 80%] Meshing curve 551 (Line)
Info    : [ 80%] Meshing curve 552 (TrimmedCurve)
Info    : [ 80%] Meshing curve 553 (Line)
Info    : [ 80%] Meshing curve 554 (Line)
Info    : [ 80%] Meshing curve 555 (Line)
Info    : [ 80%] Meshing curve 556 (Line)
Info    : [ 80%] Meshing curve 557 (Line)
Info    : [ 80%] Meshing curve 558 (TrimmedCurve)
Info    : [ 80%] Meshing curve 559 (Line)
Info    : [ 80%] Meshing curve 560 (Line)
Info    : [ 80%] Meshing curve 561 (TrimmedCurve)
Info    : [ 80%] Meshing curve 562 (Line)
Info    : [ 80%] Meshing curve 563 (Line)
Info    : [ 80%] Meshing curve 564 (Line)
Info    : [ 80%] Meshing curve 565 (Line)
Info    : [ 80%] Meshing curve 566 (Line)
Info    : [ 80%] Meshing curve 567 (TrimmedCurve)
Info    : [ 80%] Meshing curve 568 (Line)
Info    : [ 80%] Meshing curve 569 (Line)
Info    : [ 80%] Meshing curve 570 (Line)
Info    : [ 80%] Meshing curve 571 (Line)
Info    : [ 80%] Meshing curve 572 (Line)
Info    : [ 80%] Meshing curve 573 (Line)
Info    : [ 80%] Meshing curve 574 (Line)
Info    : [ 80%] Meshing curve 575 (Line)
Info    : [ 80%] Meshing curve 576 (Line)
Info    : [ 80%] Meshing curve 577 (Line)
Info    : [ 80%] Meshing curve 578 (Line)
Info    : [ 80%] Meshing curve 579 (Line)
Info    : [ 80%] Meshing curve 580 (Line)
Info    : [ 80%] Meshing curve 581 (Line)
Info    : [ 90%] Meshing curve 582 (Line)
Info    : [ 90%] Meshing curve 583 (Line)
Info    : [ 90%] Meshing curve 584 (Line)
Info    : [ 90%] Meshing curve 585 (Line)
Info    : [ 90%] Meshing curve 586 (Line)
Info    : [ 90%] Meshing curve 587 (Line)
Info    : [ 90%] Meshing curve 588 (Line)
Info    : [ 90%] Meshing curve 589 (Line)
Info    : [ 90%] Meshing curve 590 (Line)
Info    : [ 90%] Meshing curve 591 (Line)
Info    : [ 90%] Meshing curve 592 (Line)
Info    : [ 90%] Meshing curve 593 (Line)
Info    : [ 90%] Meshing curve 594 (Line)
Info    : [ 90%] Meshing curve 595 (Line)
Info    : [ 90%] Meshing curve 596 (Line)
Info    : [ 90%] Meshing curve 597 (Line)
Info    : [ 90%] Meshing curve 598 (Line)
Info    : [ 90%] Meshing curve 599 (Line)
Info    : [ 90%] Meshing curve 600 (Line)
Info    : [ 90%] Meshing curve 601 (Line)
Info    : [ 90%] Meshing curve 602 (Line)
Info    : [ 90%] Meshing curve 603 (Line)
Info    : [ 90%] Meshing curve 604 (Line)
Info    : [ 90%] Meshing curve 605 (Line)
Info    : [ 90%] Meshing curve 606 (Line)
Info    : [ 90%] Meshing curve 607 (Line)
Info    : [ 90%] Meshing curve 608 (Line)
Info    : [ 90%] Meshing curve 609 (Line)
Info    : [ 90%] Meshing curve 610 (Line)
Info    : [ 90%] Meshing curve 611 (Line)
Info    : [ 90%] Meshing curve 612 (Line)
Info    : [ 90%] Meshing curve 613 (Line)
Info    : [ 90%] Meshing curve 614 (Line)
Info    : [ 90%] Meshing curve 615 (Line)
Info    : [100%] Meshing curve 616 (Line)
Info    : [100%] Meshing curve 617 (Line)
Info    : [100%] Meshing curve 618 (Line)
Info    : [100%] Meshing curve 619 (Line)
Info    : [100%] Meshing curve 620 (Line)
Info    : [100%] Meshing curve 621 (Line)
Info    : [100%] Meshing curve 622 (Line)
Info    : [100%] Meshing curve 623 (Line)
Info    : [100%] Meshing curve 624 (Line)
Info    : [100%] Meshing curve 625 (Line)
Info    : [100%] Meshing curve 626 (Line)
Info    : [100%] Meshing curve 627 (Line)
Info    : [100%] Meshing curve 628 (Line)
Info    : [100%] Meshing curve 629 (Line)
Info    : [100%] Meshing curve 630 (Line)
Info    : [100%] Meshing curve 631 (Line)
Info    : [100%] Meshing curve 632 (Line)
Info    : [100%] Meshing curve 633 (Line)
Info    : [100%] Meshing curve 634 (Line)
Info    : [100%] Meshing curve 635 (Line)
Info    : [100%] Meshing curve 636 (Line)
Info    : [100%] Meshing curve 637 (Line)
Info    : [100%] Meshing curve 638 (Line)
Info    : [100%] Meshing curve 639 (Line)
Info    : [100%] Meshing curve 640 (Line)
Info    : [100%] Meshing curve 641 (Line)
Info    : [100%] Meshing curve 642 (Line)
Info    : [100%] Meshing curve 643 (Line)
Info    : [100%] Meshing curve 644 (Line)
Info    : [100%] Meshing curve 645 (Line)
Info    : [100%] Meshing curve 646 (Line)
Info    : [100%] Meshing curve 647 (Line)
Info    : [100%] Meshing curve 648 (Line)
Info    : Done meshing 1D (Wall 1.3275s, CPU 1.32731s)
Info    : Meshing 2D...
Info    : [  0%] Meshing surface 35 (Plane, Delaunay)
Info    : [ 10%] Meshing surface 41 (Plane, Delaunay)
Info    : [ 10%] Meshing surface 43 (Plane, Delaunay)
Info    : [ 10%] Meshing surface 44 (Plane, Delaunay)
Info    : [ 10%] Meshing surface 45 (Plane, Delaunay)
Info    : [ 10%] Meshing surface 46 (Plane, Delaunay)
Info    : [ 10%] Meshing surface 47 (Plane, Delaunay)
Info    : [ 10%] Meshing surface 48 (Plane, Delaunay)
Info    : [ 10%] Meshing surface 49 (Plane, Delaunay)
Info    : [ 10%] Meshing surface 50 (Plane, Delaunay)
Info    : [ 10%] Meshing surface 51 (Plane, Delaunay)
Info    : [ 10%] Meshing surface 53 (Plane, Delaunay)
Info    : [ 10%] Meshing surface 54 (Plane, Delaunay)
Info    : [ 10%] Meshing surface 55 (Plane, Delaunay)
Info    : [ 10%] Meshing surface 56 (Plane, Delaunay)
Info    : [ 20%] Meshing surface 57 (Plane, Delaunay)
Info    : [ 20%] Meshing surface 58 (Plane, Delaunay)
Info    : [ 20%] Meshing surface 59 (Plane, Delaunay)
Info    : [ 20%] Meshing surface 60 (Plane, Delaunay)
Info    : [ 20%] Meshing surface 61 (Plane, Delaunay)
Info    : [ 20%] Meshing surface 62 (Plane, Delaunay)
Info    : [ 20%] Meshing surface 63 (Plane, Delaunay)
Info    : [ 20%] Meshing surface 64 (Plane, Delaunay)
Info    : [ 20%] Meshing surface 65 (Plane, Delaunay)
Info    : [ 20%] Meshing surface 66 (Plane, Delaunay)
Info    : [ 20%] Meshing surface 67 (Plane, Delaunay)
Info    : [ 20%] Meshing surface 68 (Plane, Delaunay)
Info    : [ 20%] Meshing surface 69 (Plane, Delaunay)
Info    : [ 20%] Meshing surface 70 (Plane, Delaunay)
Info    : [ 20%] Meshing surface 71 (Plane, Delaunay)
Info    : [ 30%] Meshing surface 72 (Plane, Delaunay)
Info    : [ 30%] Meshing surface 73 (Plane, Delaunay)
Info    : [ 30%] Meshing surface 74 (Plane, Delaunay)
Info    : [ 30%] Meshing surface 75 (Plane, Delaunay)
Info    : [ 30%] Meshing surface 76 (Plane, Delaunay)
Info    : [ 30%] Meshing surface 179 (Plane, Delaunay)
Info    : [ 30%] Meshing surface 180 (Plane, Delaunay)
Info    : [ 30%] Meshing surface 181 (Plane, Delaunay)
Info    : [ 30%] Meshing surface 183 (Plane, Delaunay)
Info    : [ 30%] Meshing surface 184 (Plane, Delaunay)
Info    : [ 30%] Meshing surface 185 (Plane, Delaunay)
Info    : [ 30%] Meshing surface 186 (Plane, Delaunay)
Info    : [ 30%] Meshing surface 187 (Plane, Delaunay)
Info    : [ 30%] Meshing surface 188 (Plane, Delaunay)
Info    : [ 40%] Meshing surface 189 (Plane, Delaunay)
Info    : [ 40%] Meshing surface 190 (Plane, Delaunay)
Info    : [ 40%] Meshing surface 191 (Plane, Delaunay)
Info    : [ 40%] Meshing surface 192 (Plane, Delaunay)
Info    : [ 40%] Meshing surface 193 (Plane, Delaunay)
Info    : [ 40%] Meshing surface 195 (Plane, Delaunay)
Info    : [ 40%] Meshing surface 196 (Plane, Delaunay)
Info    : [ 40%] Meshing surface 197 (Plane, Delaunay)
Info    : [ 40%] Meshing surface 198 (Plane, Delaunay)
Info    : [ 40%] Meshing surface 199 (Plane, Delaunay)
Info    : [ 40%] Meshing surface 200 (Plane, Delaunay)
Info    : [ 40%] Meshing surface 201 (Plane, Delaunay)
Info    : [ 40%] Meshing surface 202 (Plane, Delaunay)
Info    : [ 40%] Meshing surface 203 (Plane, Delaunay)
Info    : [ 40%] Meshing surface 204 (Plane, Delaunay)
Info    : [ 50%] Meshing surface 205 (Plane, Delaunay)
Info    : [ 50%] Meshing surface 206 (Plane, Delaunay)
Info    : [ 50%] Meshing surface 207 (Plane, Delaunay)
Info    : [ 50%] Meshing surface 208 (Plane, Delaunay)
Info    : [ 50%] Meshing surface 209 (Plane, Delaunay)
Info    : [ 50%] Meshing surface 210 (Plane, Delaunay)
Info    : [ 50%] Meshing surface 211 (Plane, Delaunay)
Info    : [ 50%] Meshing surface 212 (Plane, Delaunay)
Info    : [ 50%] Meshing surface 213 (Plane, Delaunay)
Info    : [ 50%] Meshing surface 214 (Plane, Delaunay)
Info    : [ 50%] Meshing surface 215 (Plane, Delaunay)
Info    : [ 50%] Meshing surface 216 (Plane, Delaunay)
Info    : [ 50%] Meshing surface 217 (Plane, Delaunay)
Info    : [ 50%] Meshing surface 218 (Plane, Delaunay)
Info    : [ 50%] Meshing surface 219 (Plane, Delaunay)
Info    : [ 60%] Meshing surface 220 (Plane, Delaunay)
Info    : [ 60%] Meshing surface 221 (Plane, Delaunay)
Info    : [ 60%] Meshing surface 222 (Plane, Delaunay)
Info    : [ 60%] Meshing surface 223 (Plane, Delaunay)
Info    : [ 60%] Meshing surface 224 (Plane, Delaunay)
Info    : [ 60%] Meshing surface 225 (Plane, Delaunay)
Info    : [ 60%] Meshing surface 226 (Plane, Delaunay)
Info    : [ 60%] Meshing surface 227 (Plane, Delaunay)
Info    : [ 60%] Meshing surface 228 (Plane, Delaunay)
Info    : [ 60%] Meshing surface 229 (Plane, Delaunay)
Info    : [ 60%] Meshing surface 230 (Plane, Delaunay)
Info    : [ 60%] Meshing surface 231 (Plane, Delaunay)
Info    : [ 60%] Meshing surface 232 (Plane, Delaunay)
Info    : [ 60%] Meshing surface 233 (Plane, Delaunay)
Info    : [ 70%] Meshing surface 235 (Plane, Delaunay)
Info    : [ 70%] Meshing surface 236 (Plane, Delaunay)
Info    : [ 70%] Meshing surface 237 (Plane, Delaunay)
Info    : [ 70%] Meshing surface 238 (Plane, Delaunay)
Info    : [ 70%] Meshing surface 239 (Plane, Delaunay)
Info    : [ 70%] Meshing surface 240 (Plane, Delaunay)
Info    : [ 70%] Meshing surface 241 (Plane, Delaunay)
Info    : [ 70%] Meshing surface 242 (Plane, Delaunay)
Info    : [ 70%] Meshing surface 243 (Plane, Delaunay)
Info    : [ 70%] Meshing surface 244 (Plane, Delaunay)
Info    : [ 70%] Meshing surface 245 (Plane, Delaunay)
Info    : [ 70%] Meshing surface 246 (Plane, Delaunay)
Info    : [ 70%] Meshing surface 247 (Plane, Delaunay)
Info    : [ 70%] Meshing surface 248 (Plane, Delaunay)
Info    : [ 70%] Meshing surface 249 (Plane, Delaunay)
Info    : [ 80%] Meshing surface 250 (Plane, Delaunay)
Info    : [ 80%] Meshing surface 251 (Plane, Delaunay)
Info    : [ 80%] Meshing surface 252 (Plane, Delaunay)
Info    : [ 80%] Meshing surface 253 (Plane, Delaunay)
Info    : [ 80%] Meshing surface 254 (Plane, Delaunay)
Info    : [ 80%] Meshing surface 255 (Plane, Delaunay)
Info    : [ 80%] Meshing surface 256 (Plane, Delaunay)
Info    : [ 80%] Meshing surface 257 (Plane, Delaunay)
Info    : [ 80%] Meshing surface 258 (Plane, Delaunay)
Info    : [ 80%] Meshing surface 259 (Plane, Delaunay)
Info    : [ 80%] Meshing surface 260 (Plane, Delaunay)
Info    : [ 80%] Meshing surface 261 (Plane, Delaunay)
Info    : [ 80%] Meshing surface 262 (Plane, Delaunay)
Info    : [ 80%] Meshing surface 263 (Plane, Delaunay)
Info    : [ 90%] Meshing surface 264 (Plane, Delaunay)
Info    : [ 90%] Meshing surface 265 (Plane, Delaunay)
Info    : [ 90%] Meshing surface 266 (Plane, Delaunay)
Info    : [ 90%] Meshing surface 267 (Plane, Delaunay)
Info    : [ 90%] Meshing surface 268 (Plane, Delaunay)
Info    : [ 90%] Meshing surface 269 (Plane, Delaunay)
Info    : [ 90%] Meshing surface 270 (Plane, Delaunay)
Info    : [ 90%] Meshing surface 271 (Plane, Delaunay)
Info    : [ 90%] Meshing surface 272 (Plane, Delaunay)
Info    : [ 90%] Meshing surface 273 (Plane, Delaunay)
Info    : [ 90%] Meshing surface 274 (Plane, Delaunay)
Info    : [ 90%] Meshing surface 275 (Plane, Delaunay)
Info    : [ 90%] Meshing surface 276 (Plane, Delaunay)
Info    : [ 90%] Meshing surface 277 (Plane, Delaunay)
Info    : [ 90%] Meshing surface 278 (Plane, Delaunay)
Info    : [100%] Meshing surface 279 (Plane, Delaunay)
Info    : [100%] Meshing surface 280 (Plane, Delaunay)
Info    : [100%] Meshing surface 281 (Plane, Delaunay)
Info    : [100%] Meshing surface 282 (Plane, Delaunay)
Info    : [100%] Meshing surface 283 (Plane, Delaunay)
Info    : [100%] Meshing surface 284 (Plane, Delaunay)
Info    : [100%] Meshing surface 285 (Plane, Delaunay)
Info    : [100%] Meshing surface 286 (Plane, Delaunay)
Info    : [100%] Meshing surface 287 (Plane, Delaunay)
Info    : [100%] Meshing surface 288 (Plane, Delaunay)
Info    : [100%] Meshing surface 289 (Plane, Delaunay)
Info    : [100%] Meshing surface 290 (Plane, Delaunay)
Info    : [100%] Meshing surface 291 (Plane, Delaunay)
Info    : [100%] Meshing surface 292 (Plane, Delaunay)
Info    : Done meshing 2D (Wall 0.388112s, CPU 0.388038s)
Info    : Meshing 3D...
Info    : 3D Meshing 16 volumes with 1 connected component
Info    : Tetrahedrizing 3008 nodes...
Info    : Done tetrahedrizing 3016 nodes (Wall 0.0368869s, CPU 0.03688s)
Info    : Reconstructing mesh...
Info    :  - Creating surface mesh
Info    :  - Identifying boundary edges
Info    :  - Recovering boundary
Info    :  - Added 19 Steiner points
Info    : Done reconstructing mesh (Wall 0.101006s, CPU 0.100987s)
Info    : Found volume 28
Info    : Found volume 29
Info    : Found volume 24
Info    : Found volume 27
Info    : Found volume 9
Info    : Found volume 12
Info    : Found volume 31
Info    : Found volume 30
Info    : Found volume 25
Info    : Found volume 7
Info    : Found volume 6
Info    : Found volume 26
Info    : Found volume 8
Info    : Found volume 32
Info    : Found volume 10
Info    : Found volume 11
Info    : It. 0 - 0 nodes created - worst tet radius 14.7237 (nodes removed 0 0)
Info    : It. 500 - 4 nodes created - worst tet radius 2.87525 (nodes removed 0 496)
Info    : It. 1000 - 73 nodes created - worst tet radius 1.4133 (nodes removed 1 926)
Info    : It. 1500 - 229 nodes created - worst tet radius 1.06594 (nodes removed 7 1264)
Info    : 3D refinement terminated (3350 nodes total):
Info    :  - 1 Delaunay cavities modified for star shapeness
Info    :  - 1465 nodes could not be inserted
Info    :  - 19786 tetrahedra created in 0.0737705 sec. (268210 tets/s)
Info    : 429 node relocations
Info    : Done meshing 3D (Wall 0.379843s, CPU 0.37978s)
Info    : Optimizing mesh...
Info    : Optimizing volume 6
Info    : Optimization starts (volume = 144) with worst = 0.125314 / average = 0.533533:
Info    : 0.00 < quality < 0.10 :         0 elements
Info    : 0.10 < quality < 0.20 :         2 elements
Info    : 0.20 < quality < 0.30 :        35 elements
Info    : 0.30 < quality < 0.40 :         8 elements
Info    : 0.40 < quality < 0.50 :        41 elements
Info    : 0.50 < quality < 0.60 :        34 elements
Info    : 0.60 < quality < 0.70 :         4 elements
Info    : 0.70 < quality < 0.80 :        32 elements
Info    : 0.80 < quality < 0.90 :        17 elements
Info    : 0.90 < quality < 1.00 :         2 elements
Info    : 2 edge swaps, 0 node relocations (volume = 144): worst = 0.125314 / average = 0.533229 (Wall 0.000229099s, CPU 0.000233s)
Info    : No ill-shaped tets in the mesh :-)
Info    : 0.00 < quality < 0.10 :         0 elements
Info    : 0.10 < quality < 0.20 :         2 elements
Info    : 0.20 < quality < 0.30 :        35 elements
Info    : 0.30 < quality < 0.40 :         8 elements
Info    : 0.40 < quality < 0.50 :        43 elements
Info    : 0.50 < quality < 0.60 :        32 elements
Info    : 0.60 < quality < 0.70 :         4 elements
Info    : 0.70 < quality < 0.80 :        32 elements
Info    : 0.80 < quality < 0.90 :        17 elements
Info    : 0.90 < quality < 1.00 :         2 elements
Info    : Optimizing volume 7
Info    : Optimization starts (volume = 144) with worst = 0.125314 / average = 0.533206:
Info    : 0.00 < quality < 0.10 :         0 elements
Info    : 0.10 < quality < 0.20 :         2 elements
Info    : 0.20 < quality < 0.30 :        35 elements
Info    : 0.30 < quality < 0.40 :         8 elements
Info    : 0.40 < quality < 0.50 :        41 elements
Info    : 0.50 < quality < 0.60 :        34 elements
Info    : 0.60 < quality < 0.70 :         6 elements
Info    : 0.70 < quality < 0.80 :        30 elements
Info    : 0.80 < quality < 0.90 :        17 elements
Info    : 0.90 < quality < 1.00 :         2 elements
Info    : 3 edge swaps, 0 node relocations (volume = 144): worst = 0.125314 / average = 0.532903 (Wall 0.000133245s, CPU 0.000133s)
Info    : No ill-shaped tets in the mesh :-)
Info    : 0.00 < quality < 0.10 :         0 elements
Info    : 0.10 < quality < 0.20 :         2 elements
Info    : 0.20 < quality < 0.30 :        35 elements
Info    : 0.30 < quality < 0.40 :         8 elements
Info    : 0.40 < quality < 0.50 :        43 elements
Info    : 0.50 < quality < 0.60 :        32 elements
Info    : 0.60 < quality < 0.70 :         6 elements
Info    : 0.70 < quality < 0.80 :        30 elements
Info    : 0.80 < quality < 0.90 :        17 elements
Info    : 0.90 < quality < 1.00 :         2 elements
Info    : Optimizing volume 8
Info    : Optimization starts (volume = 48.544) with worst = 0.177187 / average = 0.605117:
Info    : 0.00 < quality < 0.10 :         0 elements
Info    : 0.10 < quality < 0.20 :         4 elements
Info    : 0.20 < quality < 0.30 :         4 elements
Info    : 0.30 < quality < 0.40 :        12 elements
Info    : 0.40 < quality < 0.50 :        12 elements
Info    : 0.50 < quality < 0.60 :        18 elements
Info    : 0.60 < quality < 0.70 :        18 elements
Info    : 0.70 < quality < 0.80 :        16 elements
Info    : 0.80 < quality < 0.90 :        12 elements
Info    : 0.90 < quality < 1.00 :         8 elements
Info    : 2 edge swaps, 0 node relocations (volume = 48.544): worst = 0.177187 / average = 0.61544 (Wall 5.8228e-05s, CPU 5.8e-05s)
Info    : No ill-shaped tets in the mesh :-)
Info    : 0.00 < quality < 0.10 :         0 elements
Info    : 0.10 < quality < 0.20 :         2 elements
Info    : 0.20 < quality < 0.30 :         4 elements
Info    : 0.30 < quality < 0.40 :        12 elements
Info    : 0.40 < quality < 0.50 :        11 elements
Info    : 0.50 < quality < 0.60 :        19 elements
Info    : 0.60 < quality < 0.70 :        17 elements
Info    : 0.70 < quality < 0.80 :        17 elements
Info    : 0.80 < quality < 0.90 :        12 elements
Info    : 0.90 < quality < 1.00 :         8 elements
Info    : Optimizing volume 9
Info    : Optimization starts (volume = 2.268) with worst = 0.0280207 / average = 0.26468:
Info    : 0.00 < quality < 0.10 :         6 elements
Info    : 0.10 < quality < 0.20 :         0 elements
Info    : 0.20 < quality < 0.30 :         2 elements
Info    : 0.30 < quality < 0.40 :         7 elements
Info    : 0.40 < quality < 0.50 :         0 elements
Info    : 0.50 < quality < 0.60 :         0 elements
Info    : 0.60 < quality < 0.70 :         2 elements
Info    : 0.70 < quality < 0.80 :         0 elements
Info    : 0.80 < quality < 0.90 :         0 elements
Info    : 0.90 < quality < 1.00 :         0 elements
Info    : 4 edge swaps, 0 node relocations (volume = 2.268): worst = 0.0280207 / average = 0.310559 (Wall 6.5039e-05s, CPU 6.5e-05s)
Info    : No ill-shaped tets in the mesh :-)
Info    : 0.00 < quality < 0.10 :         4 elements
Info    : 0.10 < quality < 0.20 :         1 elements
Info    : 0.20 < quality < 0.30 :         4 elements
Info    : 0.30 < quality < 0.40 :         3 elements
Info    : 0.40 < quality < 0.50 :         1 elements
Info    : 0.50 < quality < 0.60 :         2 elements
Info    : 0.60 < quality < 0.70 :         2 elements
Info    : 0.70 < quality < 0.80 :         0 elements
Info    : 0.80 < quality < 0.90 :         0 elements
Info    : 0.90 < quality < 1.00 :         0 elements
Info    : Optimizing volume 10
Info    : Optimization starts (volume = 2.268) with worst = 0.266475 / average = 0.325093:
Info    : 0.00 < quality < 0.10 :         0 elements
Info    : 0.10 < quality < 0.20 :         0 elements
Info    : 0.20 < quality < 0.30 :         4 elements
Info    : 0.30 < quality < 0.40 :         8 elements
Info    : 0.40 < quality < 0.50 :         0 elements
Info    : 0.50 < quality < 0.60 :         0 elements
Info    : 0.60 < quality < 0.70 :         0 elements
Info    : 0.70 < quality < 0.80 :         0 elements
Info    : 0.80 < quality < 0.90 :         0 elements
Info    : 0.90 < quality < 1.00 :         0 elements
Info    : No ill-shaped tets in the mesh :-)
Info    : 0.00 < quality < 0.10 :         0 elements
Info    : 0.10 < quality < 0.20 :         0 elements
Info    : 0.20 < quality < 0.30 :         4 elements
Info    : 0.30 < quality < 0.40 :         8 elements
Info    : 0.40 < quality < 0.50 :         0 elements
Info    : 0.50 < quality < 0.60 :         0 elements
Info    : 0.60 < quality < 0.70 :         0 elements
Info    : 0.70 < quality < 0.80 :         0 elements
Info    : 0.80 < quality < 0.90 :         0 elements
Info    : 0.90 < quality < 1.00 :         0 elements
Info    : Optimizing volume 11
Info    : Optimization starts (volume = 2.268) with worst = 0.266475 / average = 0.325093:
Info    : 0.00 < quality < 0.10 :         0 elements
Info    : 0.10 < quality < 0.20 :         0 elements
Info    : 0.20 < quality < 0.30 :         4 elements
Info    : 0.30 < quality < 0.40 :         8 elements
Info    : 0.40 < quality < 0.50 :         0 elements
Info    : 0.50 < quality < 0.60 :         0 elements
Info    : 0.60 < quality < 0.70 :         0 elements
Info    : 0.70 < quality < 0.80 :         0 elements
Info    : 0.80 < quality < 0.90 :         0 elements
Info    : 0.90 < quality < 1.00 :         0 elements
Info    : No ill-shaped tets in the mesh :-)
Info    : 0.00 < quality < 0.10 :         0 elements
Info    : 0.10 < quality < 0.20 :         0 elements
Info    : 0.20 < quality < 0.30 :         4 elements
Info    : 0.30 < quality < 0.40 :         8 elements
Info    : 0.40 < quality < 0.50 :         0 elements
Info    : 0.50 < quality < 0.60 :         0 elements
Info    : 0.60 < quality < 0.70 :         0 elements
Info    : 0.70 < quality < 0.80 :         0 elements
Info    : 0.80 < quality < 0.90 :         0 elements
Info    : 0.90 < quality < 1.00 :         0 elements
Info    : Optimizing volume 12
Info    : Optimization starts (volume = 2.268) with worst = 0.0280207 / average = 0.26468:
Info    : 0.00 < quality < 0.10 :         6 elements
Info    : 0.10 < quality < 0.20 :         0 elements
Info    : 0.20 < quality < 0.30 :         2 elements
Info    : 0.30 < quality < 0.40 :         7 elements
Info    : 0.40 < quality < 0.50 :         0 elements
Info    : 0.50 < quality < 0.60 :         0 elements
Info    : 0.60 < quality < 0.70 :         2 elements
Info    : 0.70 < quality < 0.80 :         0 elements
Info    : 0.80 < quality < 0.90 :         0 elements
Info    : 0.90 < quality < 1.00 :         0 elements
Info    : 2 edge swaps, 0 node relocations (volume = 2.268): worst = 0.0280207 / average = 0.278119 (Wall 8.0155e-05s, CPU 8e-05s)
Info    : No ill-shaped tets in the mesh :-)
Info    : 0.00 < quality < 0.10 :         6 elements
Info    : 0.10 < quality < 0.20 :         0 elements
Info    : 0.20 < quality < 0.30 :         4 elements
Info    : 0.30 < quality < 0.40 :         4 elements
Info    : 0.40 < quality < 0.50 :         0 elements
Info    : 0.50 < quality < 0.60 :         2 elements
Info    : 0.60 < quality < 0.70 :         2 elements
Info    : 0.70 < quality < 0.80 :         0 elements
Info    : 0.80 < quality < 0.90 :         0 elements
Info    : 0.90 < quality < 1.00 :         0 elements
Info    : Optimizing volume 24
Info    : Optimization starts (volume = 2535.05) with worst = 0.00785406 / average = 0.178729:
Info    : 0.00 < quality < 0.10 :        51 elements
Info    : 0.10 < quality < 0.20 :      1461 elements
Info    : 0.20 < quality < 0.30 :        53 elements
Info    : 0.30 < quality < 0.40 :         9 elements
Info    : 0.40 < quality < 0.50 :         0 elements
Info    : 0.50 < quality < 0.60 :         0 elements
Info    : 0.60 < quality < 0.70 :         0 elements
Info    : 0.70 < quality < 0.80 :         0 elements
Info    : 0.80 < quality < 0.90 :         0 elements
Info    : 0.90 < quality < 1.00 :         0 elements
Info    : 137 edge swaps, 23 node relocations (volume = 2535.05): worst = 0.0110757 / average = 0.178919 (Wall 0.00652242s, CPU 0.006519s)
Info    : 151 edge swaps, 36 node relocations (volume = 2535.05): worst = 0.0110757 / average = 0.178919 (Wall 0.0137656s, CPU 0.013762s)
Info    : No ill-shaped tets in the mesh :-)
Info    : 0.00 < quality < 0.10 :        51 elements
Info    : 0.10 < quality < 0.20 :      1396 elements
Info    : 0.20 < quality < 0.30 :        55 elements
Info    : 0.30 < quality < 0.40 :         8 elements
Info    : 0.40 < quality < 0.50 :         0 elements
Info    : 0.50 < quality < 0.60 :         0 elements
Info    : 0.60 < quality < 0.70 :         0 elements
Info    : 0.70 < quality < 0.80 :         0 elements
Info    : 0.80 < quality < 0.90 :         0 elements
Info    : 0.90 < quality < 1.00 :         0 elements
Info    : Optimizing volume 25
Info    : Optimization starts (volume = 2084.14) with worst = 0.0554966 / average = 0.694887:
Info    : 0.00 < quality < 0.10 :         3 elements
Info    : 0.10 < quality < 0.20 :         2 elements
Info    : 0.20 < quality < 0.30 :        41 elements
Info    : 0.30 < quality < 0.40 :        44 elements
Info    : 0.40 < quality < 0.50 :        28 elements
Info    : 0.50 < quality < 0.60 :       174 elements
Info    : 0.60 < quality < 0.70 :       181 elements
Info    : 0.70 < quality < 0.80 :       234 elements
Info    : 0.80 < quality < 0.90 :       242 elements
Info    : 0.90 < quality < 1.00 :       126 elements
Info    : 3 edge swaps, 0 node relocations (volume = 2084.14): worst = 0.0855357 / average = 0.696037 (Wall 0.00025876s, CPU 0.00026s)
Info    : 4 edge swaps, 0 node relocations (volume = 2084.14): worst = 0.0855357 / average = 0.696031 (Wall 0.000409749s, CPU 0.000412s)
Info    : No ill-shaped tets in the mesh :-)
Info    : 0.00 < quality < 0.10 :         2 elements
Info    : 0.10 < quality < 0.20 :         2 elements
Info    : 0.20 < quality < 0.30 :        40 elements
Info    : 0.30 < quality < 0.40 :        42 elements
Info    : 0.40 < quality < 0.50 :        28 elements
Info    : 0.50 < quality < 0.60 :       175 elements
Info    : 0.60 < quality < 0.70 :       181 elements
Info    : 0.70 < quality < 0.80 :       234 elements
Info    : 0.80 < quality < 0.90 :       242 elements
Info    : 0.90 < quality < 1.00 :       126 elements
Info    : Optimizing volume 26
Info    : Optimization starts (volume = 553.413) with worst = 0.133069 / average = 0.708552:
Info    : 0.00 < quality < 0.10 :         0 elements
Info    : 0.10 < quality < 0.20 :         4 elements
Info    : 0.20 < quality < 0.30 :        12 elements
Info    : 0.30 < quality < 0.40 :        15 elements
Info    : 0.40 < quality < 0.50 :         5 elements
Info    : 0.50 < quality < 0.60 :        49 elements
Info    : 0.60 < quality < 0.70 :        50 elements
Info    : 0.70 < quality < 0.80 :        34 elements
Info    : 0.80 < quality < 0.90 :        54 elements
Info    : 0.90 < quality < 1.00 :        74 elements
Info    : 4 edge swaps, 0 node relocations (volume = 553.413): worst = 0.133069 / average = 0.715 (Wall 0.000158526s, CPU 0.000158s)
Info    : 5 edge swaps, 0 node relocations (volume = 553.413): worst = 0.133069 / average = 0.714976 (Wall 0.000283562s, CPU 0.000284s)
Info    : No ill-shaped tets in the mesh :-)
Info    : 0.00 < quality < 0.10 :         0 elements
Info    : 0.10 < quality < 0.20 :         4 elements
Info    : 0.20 < quality < 0.30 :         8 elements
Info    : 0.30 < quality < 0.40 :        12 elements
Info    : 0.40 < quality < 0.50 :         6 elements
Info    : 0.50 < quality < 0.60 :        51 elements
Info    : 0.60 < quality < 0.70 :        50 elements
Info    : 0.70 < quality < 0.80 :        34 elements
Info    : 0.80 < quality < 0.90 :        54 elements
Info    : 0.90 < quality < 1.00 :        74 elements
Info    : Optimizing volume 27
Info    : Optimization starts (volume = 1.34038e+07) with worst = 0.0165179 / average = 0.62493:
Info    : 0.00 < quality < 0.10 :         3 elements
Info    : 0.10 < quality < 0.20 :        14 elements
Info    : 0.20 < quality < 0.30 :        25 elements
Info    : 0.30 < quality < 0.40 :        53 elements
Info    : 0.40 < quality < 0.50 :       161 elements
Info    : 0.50 < quality < 0.60 :       269 elements
Info    : 0.60 < quality < 0.70 :       250 elements
Info    : 0.70 < quality < 0.80 :       229 elements
Info    : 0.80 < quality < 0.90 :       134 elements
Info    : 0.90 < quality < 1.00 :        46 elements
Info    : 38 edge swaps, 1 node relocations (volume = 1.34038e+07): worst = 0.297429 / average = 0.640349 (Wall 0.000492959s, CPU 0.000496s)
Info    : 39 edge swaps, 1 node relocations (volume = 1.34038e+07): worst = 0.306797 / average = 0.6408 (Wall 0.000557312s, CPU 0.000561s)
Info    : No ill-shaped tets in the mesh :-)
Info    : 0.00 < quality < 0.10 :         0 elements
Info    : 0.10 < quality < 0.20 :         0 elements
Info    : 0.20 < quality < 0.30 :         0 elements
Info    : 0.30 < quality < 0.40 :        49 elements
Info    : 0.40 < quality < 0.50 :       164 elements
Info    : 0.50 < quality < 0.60 :       268 elements
Info    : 0.60 < quality < 0.70 :       259 elements
Info    : 0.70 < quality < 0.80 :       230 elements
Info    : 0.80 < quality < 0.90 :       135 elements
Info    : 0.90 < quality < 1.00 :        46 elements
Info    : Optimizing volume 28
Info    : Optimization starts (volume = 26807.5) with worst = 0.000875145 / average = 0.0289455:
Info    : 0.00 < quality < 0.10 :      1299 elements
Info    : 0.10 < quality < 0.20 :        64 elements
Info    : 0.20 < quality < 0.30 :         1 elements
Info    : 0.30 < quality < 0.40 :         0 elements
Info    : 0.40 < quality < 0.50 :         0 elements
Info    : 0.50 < quality < 0.60 :         0 elements
Info    : 0.60 < quality < 0.70 :         0 elements
Info    : 0.70 < quality < 0.80 :         0 elements
Info    : 0.80 < quality < 0.90 :         0 elements
Info    : 0.90 < quality < 1.00 :         0 elements
Info    : 163 edge swaps, 0 node relocations (volume = 26807.5): worst = 0.000944756 / average = 0.0276291 (Wall 0.00869126s, CPU 0.008688s)
Info    : 166 edge swaps, 0 node relocations (volume = 26807.5): worst = 0.000944756 / average = 0.0276434 (Wall 0.0196448s, CPU 0.019641s)
Warning : 4 ill-shaped tets are still in the mesh
Info    : 0.00 < quality < 0.10 :      1254 elements
Info    : 0.10 < quality < 0.20 :        52 elements
Info    : 0.20 < quality < 0.30 :         1 elements
Info    : 0.30 < quality < 0.40 :         0 elements
Info    : 0.40 < quality < 0.50 :         0 elements
Info    : 0.50 < quality < 0.60 :         0 elements
Info    : 0.60 < quality < 0.70 :         0 elements
Info    : 0.70 < quality < 0.80 :         0 elements
Info    : 0.80 < quality < 0.90 :         0 elements
Info    : 0.90 < quality < 1.00 :         0 elements
Info    : Optimizing volume 29
Info    : Optimization starts (volume = 1.04871e+06) with worst = 0.000133183 / average = 0.465502:
Info    : 0.00 < quality < 0.10 :       282 elements
Info    : 0.10 < quality < 0.20 :      1254 elements
Info    : 0.20 < quality < 0.30 :      1072 elements
Info    : 0.30 < quality < 0.40 :      1297 elements
Info    : 0.40 < quality < 0.50 :      1206 elements
Info    : 0.50 < quality < 0.60 :      1433 elements
Info    : 0.60 < quality < 0.70 :       948 elements
Info    : 0.70 < quality < 0.80 :       920 elements
Info    : 0.80 < quality < 0.90 :       639 elements
Info    : 0.90 < quality < 1.00 :       229 elements
Info    : 571 edge swaps, 50 node relocations (volume = 1.04871e+06): worst = 0.0149491 / average = 0.480315 (Wall 0.0263705s, CPU 0.026366s)
Info    : 632 edge swaps, 78 node relocations (volume = 1.04871e+06): worst = 0.0149491 / average = 0.481251 (Wall 0.0457432s, CPU 0.045733s)
Info    : No ill-shaped tets in the mesh :-)
Info    : 0.00 < quality < 0.10 :       108 elements
Info    : 0.10 < quality < 0.20 :      1091 elements
Info    : 0.20 < quality < 0.30 :       902 elements
Info    : 0.30 < quality < 0.40 :      1336 elements
Info    : 0.40 < quality < 0.50 :      1189 elements
Info    : 0.50 < quality < 0.60 :      1418 elements
Info    : 0.60 < quality < 0.70 :       940 elements
Info    : 0.70 < quality < 0.80 :       912 elements
Info    : 0.80 < quality < 0.90 :       635 elements
Info    : 0.90 < quality < 1.00 :       228 elements
Info    : Optimizing volume 30
Info    : Optimization starts (volume = 251321) with worst = 0.0670841 / average = 0.517813:
Info    : 0.00 < quality < 0.10 :        16 elements
Info    : 0.10 < quality < 0.20 :       126 elements
Info    : 0.20 < quality < 0.30 :       199 elements
Info    : 0.30 < quality < 0.40 :       229 elements
Info    : 0.40 < quality < 0.50 :       363 elements
Info    : 0.50 < quality < 0.60 :       439 elements
Info    : 0.60 < quality < 0.70 :       385 elements
Info    : 0.70 < quality < 0.80 :       289 elements
Info    : 0.80 < quality < 0.90 :        96 elements
Info    : 0.90 < quality < 1.00 :         7 elements
Info    : 80 edge swaps, 0 node relocations (volume = 251321): worst = 0.0670841 / average = 0.528177 (Wall 0.00213337s, CPU 0.002134s)
Info    : 86 edge swaps, 0 node relocations (volume = 251321): worst = 0.0670841 / average = 0.527869 (Wall 0.00374186s, CPU 0.003743s)
Info    : No ill-shaped tets in the mesh :-)
Info    : 0.00 < quality < 0.10 :         8 elements
Info    : 0.10 < quality < 0.20 :       107 elements
Info    : 0.20 < quality < 0.30 :       149 elements
Info    : 0.30 < quality < 0.40 :       228 elements
Info    : 0.40 < quality < 0.50 :       354 elements
Info    : 0.50 < quality < 0.60 :       447 elements
Info    : 0.60 < quality < 0.70 :       383 elements
Info    : 0.70 < quality < 0.80 :       287 elements
Info    : 0.80 < quality < 0.90 :        96 elements
Info    : 0.90 < quality < 1.00 :         7 elements
Info    : Optimizing volume 31
Info    : Optimization starts (volume = 1.20634e+07) with worst = 0.0328015 / average = 0.593445:
Info    : 0.00 < quality < 0.10 :         7 elements
Info    : 0.10 < quality < 0.20 :        10 elements
Info    : 0.20 < quality < 0.30 :        27 elements
Info    : 0.30 < quality < 0.40 :       104 elements
Info    : 0.40 < quality < 0.50 :       250 elements
Info    : 0.50 < quality < 0.60 :       339 elements
Info    : 0.60 < quality < 0.70 :       287 elements
Info    : 0.70 < quality < 0.80 :       223 elements
Info    : 0.80 < quality < 0.90 :       112 elements
Info    : 0.90 < quality < 1.00 :        36 elements
Info    : 41 edge swaps, 1 node relocations (volume = 1.20634e+07): worst = 0.286006 / average = 0.605519 (Wall 0.000572334s, CPU 0.000573s)
Info    : 43 edge swaps, 1 node relocations (volume = 1.20634e+07): worst = 0.286006 / average = 0.605199 (Wall 0.000702713s, CPU 0.000705s)
Info    : No ill-shaped tets in the mesh :-)
Info    : 0.00 < quality < 0.10 :         0 elements
Info    : 0.10 < quality < 0.20 :         0 elements
Info    : 0.20 < quality < 0.30 :         3 elements
Info    : 0.30 < quality < 0.40 :       106 elements
Info    : 0.40 < quality < 0.50 :       251 elements
Info    : 0.50 < quality < 0.60 :       340 elements
Info    : 0.60 < quality < 0.70 :       278 elements
Info    : 0.70 < quality < 0.80 :       226 elements
Info    : 0.80 < quality < 0.90 :       119 elements
Info    : 0.90 < quality < 1.00 :        34 elements
Info    : Optimizing volume 32
Info    : Optimization starts (volume = 3.75825e+07) with worst = 0.00541129 / average = 0.553335:
Info    : 0.00 < quality < 0.10 :       105 elements
Info    : 0.10 < quality < 0.20 :        21 elements
Info    : 0.20 < quality < 0.30 :        31 elements
Info    : 0.30 < quality < 0.40 :        69 elements
Info    : 0.40 < quality < 0.50 :        79 elements
Info    : 0.50 < quality < 0.60 :       121 elements
Info    : 0.60 < quality < 0.70 :       227 elements
Info    : 0.70 < quality < 0.80 :       184 elements
Info    : 0.80 < quality < 0.90 :       108 elements
Info    : 0.90 < quality < 1.00 :        11 elements
Info    : 43 edge swaps, 0 node relocations (volume = 3.75825e+07): worst = 0.00723663 / average = 0.569948 (Wall 0.00152855s, CPU 0.001524s)
Info    : No ill-shaped tets in the mesh :-)
Info    : 0.00 < quality < 0.10 :        90 elements
Info    : 0.10 < quality < 0.20 :        16 elements
Info    : 0.20 < quality < 0.30 :        16 elements
Info    : 0.30 < quality < 0.40 :        64 elements
Info    : 0.40 < quality < 0.50 :        81 elements
Info    : 0.50 < quality < 0.60 :       125 elements
Info    : 0.60 < quality < 0.70 :       225 elements
Info    : 0.70 < quality < 0.80 :       187 elements
Info    : 0.80 < quality < 0.90 :       107 elements
Info    : 0.90 < quality < 1.00 :        12 elements
Info    : Done optimizing mesh (Wall 0.120005s, CPU 0.119985s)
Info    : 3350 nodes 26764 elements
Warning : ------------------------------
Warning : Mesh generation error summary
Warning :     1 warning
Warning :     0 errors
Warning : Check the full log for details
Warning : ------------------------------
Info    : Writing '/foss/designs/inductor_synth/palace_model/inductor3_N2_do69.44_w4_s2.01_data/inductor3_N2_do69.44_w4_s2.01.msh'...
Info    : Done writing '/foss/designs/inductor_synth/palace_model/inductor3_N2_do69.44_w4_s2.01_data/inductor3_N2_do69.44_w4_s2.01.msh'
Info    : Clearing all models and views...
Info    : Done clearing all models and views
>> /usr/bin/mpirun -n 1 /foss/tools/bin/palace-x86_64.bin config.json

_____________     _______
_____   __   \____ __   /____ ____________
____   /_/  /  __ ` /  /  __ ` /  ___/  _ \
___   _____/  /_/  /  /  /_/  /  /__/  ___/
  /__/     \___,__/__/\___,__/\_____\_____/

Git changeset ID: v0.17.0-227-gc531cf3e
Running with 1 MPI process
Device configuration: cpu
Memory configuration: host-std
libCEED backend: /cpu/self/xsmm/blocked

Added 2410 boundary elements for material interfaces to the mesh

Characteristic length and time scales:
 Lc = 4.999e-04 m, tc = 1.667e-03 ns
Finished partitioning mesh into 1 subdomain

Mesh curvature order: 1
Mesh bounding box:
 (Xmin, Ymin, Zmin) = (-1.684e-04, -1.684e-04, -5.000e-05) m
 (Xmax, Ymax, Zmax) = (+1.684e-04, +1.684e-04, +4.499e-04) m

Parallel Mesh Stats:

                minimum     average     maximum       total
 vertices          2863        2863        2863        2863
 edges            17842       17842       17842       17842
 faces            28532       28532       28532       28532
 elements         13547       13547       13547       13547
 neighbors            0           0           0

            minimum     maximum
 h       0.00234159    0.211545
 kappa      1.04725     360.368

Estimated current per-rank memory usage is: Min. 39.6M, Max. 39.6M, Avg. 39.6M, Total 39.6M
Estimated current per-node memory usage is: Min. 39.6M, Max. 39.6M, Avg. 39.6M, Total 39.6M

Configuring Robin absorbing BC (order 2) at attributes:
 22

Configuring Robin finite conductivity BC at attributes:
 2: σ = 2.164e+07 S/m, h = 4.200e-07 m, n = (+0.0,+0.0,+1.0)
 3: σ = 2.164e+07 S/m, h = 4.200e-07 m, n = (+0.7,+0.7,+0.0)
 4: σ = 2.780e+07 S/m, h = 2.000e-06 m, n = (+0.0,+0.0,-1.0)
 5: σ = 2.780e+07 S/m, h = 2.000e-06 m, n = (+1.0,-0.1,+0.0)
 6: σ = 2.780e+07 S/m, h = 2.000e-06 m, n = (+0.0,+0.0,-1.0)
 7: σ = 2.780e+07 S/m, h = 2.000e-06 m, n = (+1.0,-0.1,+0.0)
 8: σ = 2.780e+07 S/m, h = 2.000e-06 m, n = (-0.0,-0.0,+1.0)
 9: σ = 2.780e+07 S/m, h = 2.000e-06 m, n = (+0.6,+0.8,-0.0)
 10: σ = 3.030e+07 S/m, h = 3.000e-06 m, n = (+0.0,+0.0,+1.0)
 11: σ = 3.030e+07 S/m, h = 3.000e-06 m, n = (+1.0,+0.3,+0.0)
 12: σ = 3.030e+07 S/m, h = 3.000e-06 m, n = (+0.0,+0.0,+1.0)
 13: σ = 3.030e+07 S/m, h = 3.000e-06 m, n = (+0.9,-0.3,-0.0)

Configuring Robin impedance BC for lumped ports at attributes:
 20: Rs = 2.012e+01 Ω/sq, n = (+0.0,+1.0,+0.0)
 21: Rs = 2.012e+01 Ω/sq, n = (+0.0,+1.0,+0.0)

Configuring lumped port circuit properties:
 Index = 1: R = 5.000e+01 Ω
 Index = 2: R = 5.000e+01 Ω

Configuring lumped port excitation source term at attributes:
 20: Index = 1
 21: Index = 2

[38;2;255;255;000m--> Warning![0m
Adaptive frequency sweep requires > 2 total frequency samples!
Reverting to uniform sweep!


Computing frequency response for:
Excitation 1/2 with index 1 has contributions from:
 Lumped port  1
Excitation 2/2 with index 2 has contributions from:
 Lumped port  2

Assembling system matrices, number of global unknowns:
 H1 (p = 1): 2863, ND (p = 1): 17842, RT (p = 1): 28532
 Operator assembly level: Partial
 Mesh geometries:
  Tetrahedron: P = 6, Q = 4 (quadrature order = 2)
 SuperLUSolver: Using 2D processor grid 1 x 1

Sweeping excitation index 1 (1/2):

Assembling multigrid hierarchy:
 Level 0 (p = 1): 17842 unknowns
 Level 0 (auxiliary) (p = 1): 2863 unknowns

It 1/2: ω/2π = 1.000e-01 GHz (total elapsed time = 1.60e-01 s, solve 1/4)

  Residual norms for GMRES solve

** Memory Usage **********************************
** Total highmark (MB):
    Sum-of-all :    92.61 | Avg :    92.61  | Max :    92.61
    Max at rank 0, different stages (MB):
	. symbfact            7.89
	. distribution       92.61
	. numfact            78.30
** NUMfact space (MB): (sum-of-all-processes)
    L\U :           41.69 |  Total :    78.30
	. max at rank 0, max L+U memory (MB):    41.69
	. max at rank 0, peak buffer (MB):       36.60
**************************************************

** number of Tiny Pivots:        0

  0 (restart 0) KSP residual norm 8.048404e+00
  1 (restart 0) KSP residual norm 1.562831e-01
  2 (restart 0) KSP residual norm 4.511385e-02
  3 (restart 0) KSP residual norm 1.826466e-02
  4 (restart 0) KSP residual norm 1.057531e-03
  5 (restart 0) KSP residual norm 5.316729e-05
  6 (restart 0) KSP residual norm 3.432924e-05
  7 (restart 0) KSP residual norm 1.152858e-05
  8 (restart 0) KSP residual norm 5.251497e-06
GMRES solver converged in 8 iterations (avg. reduction factor: 1.686e-01)
 Sol. ||E|| = 7.945552e+00 (||RHS|| = 4.066965e-03)
 Field energy E (6.322e-13 J) + H (2.828e-12 J) = 3.460e-12 J
 S[1][1] = +5.345e-02+1.521e-03i, |S[1][1]| = -2.544e+01, arg(S[1][1]) = +1.630e+00
 S[2][1] = +9.465e-01-2.304e-03i, |S[2][1]| = -4.772e-01, arg(S[2][1]) = -1.395e-01
 Updating solution error estimates

It 2/2: ω/2π = 2.000e+01 GHz (total elapsed time = 2.28e+00 s, solve 2/4)

  Residual norms for GMRES solve

** Memory Usage **********************************
** Total highmark (MB):
    Sum-of-all :    78.30 | Avg :    78.30  | Max :    78.30
    Max at rank 0, different stages (MB):
	. symbfact            0.00
	. distribution       78.24
	. numfact            78.30
** NUMfact space (MB): (sum-of-all-processes)
    L\U :           41.69 |  Total :    78.30
	. max at rank 0, max L+U memory (MB):    41.69
	. max at rank 0, peak buffer (MB):       36.60
**************************************************

** number of Tiny Pivots:        0

  0 (restart 0) KSP residual norm 7.519360e+00
  1 (restart 0) KSP residual norm 3.298598e+00
  2 (restart 0) KSP residual norm 7.471201e-01
  3 (restart 0) KSP residual norm 9.950492e-02
  4 (restart 0) KSP residual norm 4.874258e-02
  5 (restart 0) KSP residual norm 2.258803e-02
  6 (restart 0) KSP residual norm 6.948120e-03
  7 (restart 0) KSP residual norm 3.993346e-03
  8 (restart 0) KSP residual norm 1.848454e-03
  9 (restart 0) KSP residual norm 7.510826e-04
 10 (restart 0) KSP residual norm 4.752664e-04
 11 (restart 0) KSP residual norm 2.040012e-04
 12 (restart 0) KSP residual norm 1.114569e-04
 13 (restart 0) KSP residual norm 7.317609e-05
 14 (restart 0) KSP residual norm 4.114895e-05
 15 (restart 0) KSP residual norm 1.992981e-05
 16 (restart 0) KSP residual norm 1.270928e-05
 17 (restart 0) KSP residual norm 4.926790e-06
GMRES solver converged in 17 iterations (avg. reduction factor: 4.328e-01)
 Sol. ||E|| = 7.757444e+00 (||RHS|| = 8.133931e-01)
 Field energy E (6.366e-13 J) + H (2.435e-12 J) = 3.072e-12 J
 S[1][1] = +1.853e-01+2.492e-01i, |S[1][1]| = -1.016e+01, arg(S[1][1]) = +5.336e+01
 S[2][1] = +8.017e-01-3.643e-01i, |S[2][1]| = -1.104e+00, arg(S[2][1]) = -2.444e+01
 Updating solution error estimates

Sweeping excitation index 2 (2/2):

It 1/2: ω/2π = 1.000e-01 GHz (total elapsed time = 4.57e+00 s, solve 3/4)

  Residual norms for GMRES solve

** Memory Usage **********************************
** Total highmark (MB):
    Sum-of-all :    78.30 | Avg :    78.30  | Max :    78.30
    Max at rank 0, different stages (MB):
	. symbfact            0.00
	. distribution       78.24
	. numfact            78.30
** NUMfact space (MB): (sum-of-all-processes)
    L\U :           41.69 |  Total :    78.30
	. max at rank 0, max L+U memory (MB):    41.69
	. max at rank 0, peak buffer (MB):       36.60
**************************************************

** number of Tiny Pivots:        0

  0 (restart 0) KSP residual norm 7.932759e+00
  1 (restart 0) KSP residual norm 1.539547e-01
  2 (restart 0) KSP residual norm 4.488208e-02
  3 (restart 0) KSP residual norm 1.821377e-02
  4 (restart 0) KSP residual norm 1.045692e-03
  5 (restart 0) KSP residual norm 5.049776e-05
  6 (restart 0) KSP residual norm 3.400712e-05
  7 (restart 0) KSP residual norm 1.235255e-05
  8 (restart 0) KSP residual norm 5.019981e-06
GMRES solver converged in 8 iterations (avg. reduction factor: 1.679e-01)
 Sol. ||E|| = 7.829948e+00 (||RHS|| = 4.066965e-03)
 Field energy E (6.071e-13 J) + H (2.828e-12 J) = 3.435e-12 J
 S[1][2] = +9.465e-01-2.305e-03i, |S[1][2]| = -4.772e-01, arg(S[1][2]) = -1.395e-01
 S[2][2] = +5.345e-02+1.537e-03i, |S[2][2]| = -2.544e+01, arg(S[2][2]) = +1.647e+00
 Updating solution error estimates

It 2/2: ω/2π = 2.000e+01 GHz (total elapsed time = 6.47e+00 s, solve 4/4)

  Residual norms for GMRES solve

** Memory Usage **********************************
** Total highmark (MB):
    Sum-of-all :    78.30 | Avg :    78.30  | Max :    78.30
    Max at rank 0, different stages (MB):
	. symbfact            0.00
	. distribution       78.24
	. numfact            78.30
** NUMfact space (MB): (sum-of-all-processes)
    L\U :           41.69 |  Total :    78.30
	. max at rank 0, max L+U memory (MB):    41.69
	. max at rank 0, peak buffer (MB):       36.60
**************************************************

** number of Tiny Pivots:        0

  0 (restart 0) KSP residual norm 7.542603e+00
  1 (restart 0) KSP residual norm 3.285055e+00
  2 (restart 0) KSP residual norm 7.694738e-01
  3 (restart 0) KSP residual norm 1.203940e-01
  4 (restart 0) KSP residual norm 7.905805e-02
  5 (restart 0) KSP residual norm 2.408834e-02
  6 (restart 0) KSP residual norm 7.456294e-03
  7 (restart 0) KSP residual norm 3.854469e-03
  8 (restart 0) KSP residual norm 1.856414e-03
  9 (restart 0) KSP residual norm 7.565448e-04
 10 (restart 0) KSP residual norm 4.763761e-04
 11 (restart 0) KSP residual norm 2.141258e-04
 12 (restart 0) KSP residual norm 1.187483e-04
 13 (restart 0) KSP residual norm 7.329634e-05
 14 (restart 0) KSP residual norm 3.996426e-05
 15 (restart 0) KSP residual norm 1.923160e-05
 16 (restart 0) KSP residual norm 1.216159e-05
 17 (restart 0) KSP residual norm 4.626827e-06
GMRES solver converged in 17 iterations (avg. reduction factor: 4.311e-01)
 Sol. ||E|| = 7.742143e+00 (||RHS|| = 8.133931e-01)
 Field energy E (6.232e-13 J) + H (2.434e-12 J) = 3.058e-12 J
 S[1][2] = +8.017e-01-3.643e-01i, |S[1][2]| = -1.104e+00, arg(S[1][2]) = -2.444e+01
 S[2][2] = +1.874e-01+2.507e-01i, |S[2][2]| = -1.009e+01, arg(S[2][2]) = +5.322e+01
 Updating solution error estimates

Completed 0 iterations of adaptive mesh refinement (AMR):
 Indicator norm = 5.308e-01, global unknowns = 17842
 Max. iterations = 0, tol. = 1.000e-02, max. size = 2000000

Estimated peak per-rank memory usage is: Min. 274.2M, Max. 274.2M, Avg. 274.2M, Total 274.2M
Estimated peak per-node memory usage is: Min. 274.2M, Max. 274.2M, Avg. 274.2M, Total 274.2M

Elapsed Time Report (s)           Min.        Max.        Avg.
==============================================================
Initialization                   0.056       0.056       0.056
  Mesh Preprocessing             0.138       0.138       0.138
Operator Construction            0.108       0.108       0.108
Linear Solve                     1.562       1.562       1.562
  Setup                          0.579       0.579       0.579
  Preconditioner                 1.323       1.323       1.323
Estimation                       0.073       0.073       0.073
  Construction                   0.873       0.873       0.873
  Solve                          4.550       4.550       4.550
Postprocessing                   0.505       0.505       0.505
Disk IO                          0.179       0.179       0.179
--------------------------------------------------------------
Total                           10.333      10.333      10.333

Peak Memory                   Per-Node       Total   Total HWM
==============================================================
Initialization                    1.8M        1.8M        1.8M
  Mesh Preprocessing              7.9M        7.9M        9.7M
Operator Construction             9.4M        9.4M       19.1M
Linear Solve                      7.1M        7.1M       26.1M
  Setup                          59.5M       59.5M       85.7M
  Preconditioner                108.1M      108.1M      193.8M
Estimation                        9.2M        9.2M      203.0M
  Construction                   23.0M       23.0M      226.0M
  Solve                           9.1M        9.1M      235.2M
Postprocessing                    9.1M        9.1M      244.3M
Disk IO                           6.0M        6.0M      250.3M
--------------------------------------------------------------
Total                           264.3M      264.3M      264.3M

>> /usr/bin/mpirun -n 1 /foss/tools/bin/palace-x86_64.bin config.json

_____________     _______
_____   __   \____ __   /____ ____________
____   /_/  /  __ ` /  /  __ ` /  ___/  _ \
___   _____/  /_/  /  /  /_/  /  /__/  ___/
  /__/     \___,__/__/\___,__/\_____\_____/

Git changeset ID: v0.17.0-227-gc531cf3e
Running with 1 MPI process
Device configuration: cpu
Memory configuration: host-std
libCEED backend: /cpu/self/xsmm/blocked

Added 2672 boundary elements for material interfaces to the mesh

Characteristic length and time scales:
 Lc = 4.999e-04 m, tc = 1.667e-03 ns
Finished partitioning mesh into 1 subdomain

Mesh curvature order: 1
Mesh bounding box:
 (Xmin, Ymin, Zmin) = (-1.762e-04, -1.762e-04, -5.000e-05) m
 (Xmax, Ymax, Zmax) = (+1.762e-04, +1.762e-04, +4.499e-04) m

Parallel Mesh Stats:

                minimum     average     maximum       total
 vertices          3160        3160        3160        3160
 edges            19614       19614       19614       19614
 faces            31314       31314       31314       31314
 elements         14854       14854       14854       14854
 neighbors            0           0           0

            minimum     maximum
 h       0.00146745    0.212155
 kappa      1.04374     387.448

Estimated current per-rank memory usage is: Min. 40.4M, Max. 40.4M, Avg. 40.4M, Total 40.4M
Estimated current per-node memory usage is: Min. 40.4M, Max. 40.4M, Avg. 40.4M, Total 40.4M

Configuring Robin absorbing BC (order 2) at attributes:
 22

Configuring Robin finite conductivity BC at attributes:
 2: σ = 2.164e+07 S/m, h = 4.200e-07 m, n = (+0.0,+0.0,+1.0)
 3: σ = 2.164e+07 S/m, h = 4.200e-07 m, n = (+0.7,+0.7,+0.0)
 4: σ = 2.780e+07 S/m, h = 2.000e-06 m, n = (+0.0,+0.0,-1.0)
 5: σ = 2.780e+07 S/m, h = 2.000e-06 m, n = (+1.0,-0.1,+0.0)
 6: σ = 2.780e+07 S/m, h = 2.000e-06 m, n = (+0.0,+0.0,-1.0)
 7: σ = 2.780e+07 S/m, h = 2.000e-06 m, n = (+1.0,-0.1,+0.0)
 8: σ = 2.780e+07 S/m, h = 2.000e-06 m, n = (+0.0,+0.0,+1.0)
 9: σ = 2.780e+07 S/m, h = 2.000e-06 m, n = (+0.5,+0.9,-0.0)
 10: σ = 3.030e+07 S/m, h = 3.000e-06 m, n = (+0.0,+0.0,+1.0)
 11: σ = 3.030e+07 S/m, h = 3.000e-06 m, n = (+1.0,+0.3,-0.0)
 12: σ = 3.030e+07 S/m, h = 3.000e-06 m, n = (+0.0,+0.0,+1.0)
 13: σ = 3.030e+07 S/m, h = 3.000e-06 m, n = (+1.0,-0.2,+0.0)

Configuring Robin impedance BC for lumped ports at attributes:
 20: Rs = 3.018e+01 Ω/sq, n = (+0.0,+1.0,+0.0)
 21: Rs = 3.018e+01 Ω/sq, n = (+0.0,+1.0,+0.0)

Configuring lumped port circuit properties:
 Index = 1: R = 5.000e+01 Ω
 Index = 2: R = 5.000e+01 Ω

Configuring lumped port excitation source term at attributes:
 20: Index = 1
 21: Index = 2

[38;2;255;255;000m--> Warning![0m
Adaptive frequency sweep requires > 2 total frequency samples!
Reverting to uniform sweep!


Computing frequency response for:
Excitation 1/2 with index 1 has contributions from:
 Lumped port  1
Excitation 2/2 with index 2 has contributions from:
 Lumped port  2

Assembling system matrices, number of global unknowns:
 H1 (p = 1): 3160, ND (p = 1): 19614, RT (p = 1): 31314
 Operator assembly level: Partial
 Mesh geometries:
  Tetrahedron: P = 6, Q = 4 (quadrature order = 2)
 SuperLUSolver: Using 2D processor grid 1 x 1

Sweeping excitation index 1 (1/2):

Assembling multigrid hierarchy:
 Level 0 (p = 1): 19614 unknowns
 Level 0 (auxiliary) (p = 1): 3160 unknowns

It 1/2: ω/2π = 1.000e-01 GHz (total elapsed time = 1.74e-01 s, solve 1/4)

  Residual norms for GMRES solve

** Memory Usage **********************************
** Total highmark (MB):
    Sum-of-all :   104.69 | Avg :   104.69  | Max :   104.69
    Max at rank 0, different stages (MB):
	. symbfact            9.58
	. distribution      104.69
	. numfact            86.61
** NUMfact space (MB): (sum-of-all-processes)
    L\U :           47.36 |  Total :    86.61
	. max at rank 0, max L+U memory (MB):    47.36
	. max at rank 0, peak buffer (MB):       39.25
**************************************************

** number of Tiny Pivots:        0

  0 (restart 0) KSP residual norm 8.399584e+00
  1 (restart 0) KSP residual norm 1.827562e-01
  2 (restart 0) KSP residual norm 4.314613e-02
  3 (restart 0) KSP residual norm 2.815583e-02
  4 (restart 0) KSP residual norm 1.982772e-03
  5 (restart 0) KSP residual norm 9.375390e-05
  6 (restart 0) KSP residual norm 5.546832e-05
  7 (restart 0) KSP residual norm 1.492737e-05
  8 (restart 0) KSP residual norm 8.693833e-06
  9 (restart 0) KSP residual norm 3.909890e-06
GMRES solver converged in 9 iterations (avg. reduction factor: 1.979e-01)
 Sol. ||E|| = 8.278016e+00 (||RHS|| = 4.066965e-03)
 Field energy E (7.151e-13 J) + H (2.638e-12 J) = 3.353e-12 J
 S[1][1] = +5.201e-02+1.327e-03i, |S[1][1]| = -2.567e+01, arg(S[1][1]) = +1.461e+00
 S[2][1] = +9.480e-01-2.214e-03i, |S[2][1]| = -4.641e-01, arg(S[2][1]) = -1.338e-01
 Updating solution error estimates

It 2/2: ω/2π = 2.000e+01 GHz (total elapsed time = 2.64e+00 s, solve 2/4)

  Residual norms for GMRES solve

** Memory Usage **********************************
** Total highmark (MB):
    Sum-of-all :    87.54 | Avg :    87.54  | Max :    87.54
    Max at rank 0, different stages (MB):
	. symbfact            0.00
	. distribution       87.54
	. numfact            86.61
** NUMfact space (MB): (sum-of-all-processes)
    L\U :           47.36 |  Total :    86.61
	. max at rank 0, max L+U memory (MB):    47.36
	. max at rank 0, peak buffer (MB):       39.25
**************************************************

** number of Tiny Pivots:        0

  0 (restart 0) KSP residual norm 7.531334e+00
  1 (restart 0) KSP residual norm 3.024557e+00
  2 (restart 0) KSP residual norm 7.090790e-01
  3 (restart 0) KSP residual norm 9.903289e-02
  4 (restart 0) KSP residual norm 4.988154e-02
  5 (restart 0) KSP residual norm 2.233863e-02
  6 (restart 0) KSP residual norm 6.727295e-03
  7 (restart 0) KSP residual norm 3.825373e-03
  8 (restart 0) KSP residual norm 1.659319e-03
  9 (restart 0) KSP residual norm 7.331649e-04
 10 (restart 0) KSP residual norm 4.718682e-04
 11 (restart 0) KSP residual norm 1.953074e-04
 12 (restart 0) KSP residual norm 1.021122e-04
 13 (restart 0) KSP residual norm 6.326701e-05
 14 (restart 0) KSP residual norm 3.863459e-05
 15 (restart 0) KSP residual norm 1.791189e-05
 16 (restart 0) KSP residual norm 1.262963e-05
 17 (restart 0) KSP residual norm 5.123632e-06
GMRES solver converged in 17 iterations (avg. reduction factor: 4.337e-01)
 Sol. ||E|| = 7.593854e+00 (||RHS|| = 8.133931e-01)
 Field energy E (6.266e-13 J) + H (2.248e-12 J) = 2.875e-12 J
 S[1][1] = +1.604e-01+2.234e-01i, |S[1][1]| = -1.121e+01, arg(S[1][1]) = +5.431e+01
 S[2][1] = +8.242e-01-3.493e-01i, |S[2][1]| = -9.623e-01, arg(S[2][1]) = -2.297e+01
 Updating solution error estimates

Sweeping excitation index 2 (2/2):

It 1/2: ω/2π = 1.000e-01 GHz (total elapsed time = 5.59e+00 s, solve 3/4)

  Residual norms for GMRES solve

** Memory Usage **********************************
** Total highmark (MB):
    Sum-of-all :    87.54 | Avg :    87.54  | Max :    87.54
    Max at rank 0, different stages (MB):
	. symbfact            0.00
	. distribution       87.54
	. numfact            86.61
** NUMfact space (MB): (sum-of-all-processes)
    L\U :           47.36 |  Total :    86.61
	. max at rank 0, max L+U memory (MB):    47.36
	. max at rank 0, peak buffer (MB):       39.25
**************************************************

** number of Tiny Pivots:        0

  0 (restart 0) KSP residual norm 8.265315e+00
  1 (restart 0) KSP residual norm 1.793364e-01
  2 (restart 0) KSP residual norm 4.261871e-02
  3 (restart 0) KSP residual norm 2.807374e-02
  4 (restart 0) KSP residual norm 1.964074e-03
  5 (restart 0) KSP residual norm 9.180896e-05
  6 (restart 0) KSP residual norm 5.567429e-05
  7 (restart 0) KSP residual norm 1.577922e-05
  8 (restart 0) KSP residual norm 8.344458e-06
  9 (restart 0) KSP residual norm 3.553914e-06
GMRES solver converged in 9 iterations (avg. reduction factor: 1.962e-01)
 Sol. ||E|| = 8.144021e+00 (||RHS|| = 4.066965e-03)
 Field energy E (6.887e-13 J) + H (2.638e-12 J) = 3.327e-12 J
 S[1][2] = +9.480e-01-2.214e-03i, |S[1][2]| = -4.641e-01, arg(S[1][2]) = -1.338e-01
 S[2][2] = +5.201e-02+1.343e-03i, |S[2][2]| = -2.567e+01, arg(S[2][2]) = +1.479e+00
 Updating solution error estimates

It 2/2: ω/2π = 2.000e+01 GHz (total elapsed time = 8.06e+00 s, solve 4/4)

  Residual norms for GMRES solve

** Memory Usage **********************************
** Total highmark (MB):
    Sum-of-all :    87.54 | Avg :    87.54  | Max :    87.54
    Max at rank 0, different stages (MB):
	. symbfact            0.00
	. distribution       87.54
	. numfact            86.61
** NUMfact space (MB): (sum-of-all-processes)
    L\U :           47.36 |  Total :    86.61
	. max at rank 0, max L+U memory (MB):    47.36
	. max at rank 0, peak buffer (MB):       39.25
**************************************************

** number of Tiny Pivots:        0

  0 (restart 0) KSP residual norm 7.504526e+00
  1 (restart 0) KSP residual norm 3.006316e+00
  2 (restart 0) KSP residual norm 7.460632e-01
  3 (restart 0) KSP residual norm 1.247184e-01
  4 (restart 0) KSP residual norm 8.494038e-02
  5 (restart 0) KSP residual norm 2.351492e-02
  6 (restart 0) KSP residual norm 7.294740e-03
  7 (restart 0) KSP residual norm 4.078024e-03
  8 (restart 0) KSP residual norm 1.653133e-03
  9 (restart 0) KSP residual norm 7.449014e-04
 10 (restart 0) KSP residual norm 4.754471e-04
 11 (restart 0) KSP residual norm 2.059447e-04
 12 (restart 0) KSP residual norm 1.078269e-04
 13 (restart 0) KSP residual norm 6.322944e-05
 14 (restart 0) KSP residual norm 3.815122e-05
 15 (restart 0) KSP residual norm 1.738958e-05
 16 (restart 0) KSP residual norm 1.237232e-05
 17 (restart 0) KSP residual norm 5.187054e-06
GMRES solver converged in 17 iterations (avg. reduction factor: 4.341e-01)
 Sol. ||E|| = 7.537451e+00 (||RHS|| = 8.133931e-01)
 Field energy E (6.149e-13 J) + H (2.246e-12 J) = 2.861e-12 J
 S[1][2] = +8.242e-01-3.493e-01i, |S[1][2]| = -9.623e-01, arg(S[1][2]) = -2.297e+01
 S[2][2] = +1.632e-01+2.246e-01i, |S[2][2]| = -1.113e+01, arg(S[2][2]) = +5.399e+01
 Updating solution error estimates

Completed 0 iterations of adaptive mesh refinement (AMR):
 Indicator norm = 5.099e-01, global unknowns = 19614
 Max. iterations = 0, tol. = 1.000e-02, max. size = 2000000

Estimated peak per-rank memory usage is: Min. 299.5M, Max. 299.5M, Avg. 299.5M, Total 299.5M
Estimated peak per-node memory usage is: Min. 299.5M, Max. 299.5M, Avg. 299.5M, Total 299.5M

Elapsed Time Report (s)           Min.        Max.        Avg.
==============================================================
Initialization                   0.036       0.036       0.036
  Mesh Preprocessing             0.153       0.153       0.153
Operator Construction            0.152       0.152       0.152
Linear Solve                     1.828       1.828       1.828
  Setup                          0.656       0.656       0.656
  Preconditioner                 1.490       1.490       1.490
Estimation                       0.088       0.088       0.088
  Construction                   0.952       0.952       0.952
  Solve                          5.916       5.916       5.916
Postprocessing                   0.751       0.751       0.751
Disk IO                          0.298       0.298       0.298
--------------------------------------------------------------
Total                           12.652      12.652      12.652

Peak Memory                   Per-Node       Total   Total HWM
==============================================================
Initialization                    1.8M        1.8M        1.8M
  Mesh Preprocessing              8.4M        8.4M       10.2M
Operator Construction            10.1M       10.1M       20.3M
Linear Solve                      5.3M        5.3M       25.6M
  Setup                          69.7M       69.7M       95.2M
  Preconditioner                118.5M      118.5M      213.8M
Estimation                       10.2M       10.2M      224.0M
  Construction                   25.0M       25.0M      249.0M
  Solve                          10.2M       10.2M      259.3M
Postprocessing                   10.0M       10.0M      269.3M
Disk IO                           6.5M        6.5M      275.7M
--------------------------------------------------------------
Total                           289.8M      289.8M      289.8M

>> /usr/bin/mpirun -n 1 /foss/tools/bin/palace-x86_64.bin config.json

_____________     _______
_____   __   \____ __   /____ ____________
____   /_/  /  __ ` /  /  __ ` /  ___/  _ \
___   _____/  /_/  /  /  /_/  /  /__/  ___/
  /__/     \___,__/__/\___,__/\_____\_____/

Git changeset ID: v0.17.0-227-gc531cf3e
Running with 1 MPI process
Device configuration: cpu
Memory configuration: host-std
libCEED backend: /cpu/self/xsmm/blocked

Added 2602 boundary elements for material interfaces to the mesh

Characteristic length and time scales:
 Lc = 4.999e-04 m, tc = 1.667e-03 ns
Finished partitioning mesh into 1 subdomain

Mesh curvature order: 1
Mesh bounding box:
 (Xmin, Ymin, Zmin) = (-1.740e-04, -1.740e-04, -5.000e-05) m
 (Xmax, Ymax, Zmax) = (+1.740e-04, +1.740e-04, +4.499e-04) m

Parallel Mesh Stats:

                minimum     average     maximum       total
 vertices          3074        3074        3074        3074
 edges            19115       19115       19115       19115
 faces            30560       30560       30560       30560
 elements         14513       14513       14513       14513
 neighbors            0           0           0

            minimum     maximum
 h       0.00152775     0.20977
 kappa      1.07492     3294.37

Estimated current per-rank memory usage is: Min. 40.5M, Max. 40.5M, Avg. 40.5M, Total 40.5M
Estimated current per-node memory usage is: Min. 40.5M, Max. 40.5M, Avg. 40.5M, Total 40.5M

Configuring Robin absorbing BC (order 2) at attributes:
 22

Configuring Robin finite conductivity BC at attributes:
 2: σ = 2.164e+07 S/m, h = 4.200e-07 m, n = (+0.0,+0.0,+1.0)
 3: σ = 2.164e+07 S/m, h = 4.200e-07 m, n = (+0.7,+0.7,+0.0)
 4: σ = 2.780e+07 S/m, h = 2.000e-06 m, n = (+0.0,+0.0,-1.0)
 5: σ = 2.780e+07 S/m, h = 2.000e-06 m, n = (+1.0,-0.1,+0.0)
 6: σ = 2.780e+07 S/m, h = 2.000e-06 m, n = (+0.0,+0.0,-1.0)
 7: σ = 2.780e+07 S/m, h = 2.000e-06 m, n = (+1.0,-0.1,+0.0)
 8: σ = 2.780e+07 S/m, h = 2.000e-06 m, n = (+0.0,+0.0,+1.0)
 9: σ = 2.780e+07 S/m, h = 2.000e-06 m, n = (+0.6,+0.8,-0.0)
 10: σ = 3.030e+07 S/m, h = 3.000e-06 m, n = (+0.0,+0.0,+1.0)
 11: σ = 3.030e+07 S/m, h = 3.000e-06 m, n = (+1.0,+0.3,-0.0)
 12: σ = 3.030e+07 S/m, h = 3.000e-06 m, n = (+0.0,+0.0,+1.0)
 13: σ = 3.030e+07 S/m, h = 3.000e-06 m, n = (+1.0,-0.3,+0.0)

Configuring Robin impedance BC for lumped ports at attributes:
 20: Rs = 2.012e+01 Ω/sq, n = (+0.0,+1.0,+0.0)
 21: Rs = 2.012e+01 Ω/sq, n = (+0.0,+1.0,+0.0)

Configuring lumped port circuit properties:
 Index = 1: R = 5.000e+01 Ω
 Index = 2: R = 5.000e+01 Ω

Configuring lumped port excitation source term at attributes:
 20: Index = 1
 21: Index = 2

[38;2;255;255;000m--> Warning![0m
Adaptive frequency sweep requires > 2 total frequency samples!
Reverting to uniform sweep!


Computing frequency response for:
Excitation 1/2 with index 1 has contributions from:
 Lumped port  1
Excitation 2/2 with index 2 has contributions from:
 Lumped port  2

Assembling system matrices, number of global unknowns:
 H1 (p = 1): 3074, ND (p = 1): 19115, RT (p = 1): 30560
 Operator assembly level: Partial
 Mesh geometries:
  Tetrahedron: P = 6, Q = 4 (quadrature order = 2)
 SuperLUSolver: Using 2D processor grid 1 x 1

Sweeping excitation index 1 (1/2):

Assembling multigrid hierarchy:
 Level 0 (p = 1): 19115 unknowns
 Level 0 (auxiliary) (p = 1): 3074 unknowns

It 1/2: ω/2π = 1.000e-01 GHz (total elapsed time = 1.52e-01 s, solve 1/4)

  Residual norms for GMRES solve

** Memory Usage **********************************
** Total highmark (MB):
    Sum-of-all :    99.80 | Avg :    99.80  | Max :    99.80
    Max at rank 0, different stages (MB):
	. symbfact            9.05
	. distribution       99.80
	. numfact            83.17
** NUMfact space (MB): (sum-of-all-processes)
    L\U :           44.45 |  Total :    83.17
	. max at rank 0, max L+U memory (MB):    44.45
	. max at rank 0, peak buffer (MB):       38.73
**************************************************

** number of Tiny Pivots:        0

  0 (restart 0) KSP residual norm 8.464457e+00
  1 (restart 0) KSP residual norm 1.699309e-01
  2 (restart 0) KSP residual norm 5.277870e-02
  3 (restart 0) KSP residual norm 2.242710e-02
  4 (restart 0) KSP residual norm 1.293988e-03
  5 (restart 0) KSP residual norm 6.387911e-05
  6 (restart 0) KSP residual norm 4.477873e-05
  7 (restart 0) KSP residual norm 1.444926e-05
  8 (restart 0) KSP residual norm 7.550767e-06
GMRES solver converged in 8 iterations (avg. reduction factor: 1.753e-01)
 Sol. ||E|| = 8.347102e+00 (||RHS|| = 4.066965e-03)
 Field energy E (6.690e-13 J) + H (3.198e-12 J) = 3.867e-12 J
 S[1][1] = +5.422e-02+1.743e-03i, |S[1][1]| = -2.531e+01, arg(S[1][1]) = +1.842e+00
 S[2][1] = +9.458e-01-2.572e-03i, |S[2][1]| = -4.843e-01, arg(S[2][1]) = -1.558e-01
 Updating solution error estimates

It 2/2: ω/2π = 2.000e+01 GHz (total elapsed time = 3.34e+00 s, solve 2/4)

  Residual norms for GMRES solve

** Memory Usage **********************************
** Total highmark (MB):
    Sum-of-all :    83.61 | Avg :    83.61  | Max :    83.61
    Max at rank 0, different stages (MB):
	. symbfact            0.00
	. distribution       83.61
	. numfact            83.17
** NUMfact space (MB): (sum-of-all-processes)
    L\U :           44.45 |  Total :    83.17
	. max at rank 0, max L+U memory (MB):    44.45
	. max at rank 0, peak buffer (MB):       38.73
**************************************************

** number of Tiny Pivots:        0

  0 (restart 0) KSP residual norm 7.977467e+00
  1 (restart 0) KSP residual norm 3.592024e+00
  2 (restart 0) KSP residual norm 8.177544e-01
  3 (restart 0) KSP residual norm 1.113256e-01
  4 (restart 0) KSP residual norm 4.918640e-02
  5 (restart 0) KSP residual norm 2.503449e-02
  6 (restart 0) KSP residual norm 6.907883e-03
  7 (restart 0) KSP residual norm 4.151694e-03
  8 (restart 0) KSP residual norm 2.004543e-03
  9 (restart 0) KSP residual norm 8.504849e-04
 10 (restart 0) KSP residual norm 5.350713e-04
 11 (restart 0) KSP residual norm 2.196997e-04
 12 (restart 0) KSP residual norm 1.204629e-04
 13 (restart 0) KSP residual norm 7.679405e-05
 14 (restart 0) KSP residual norm 4.442484e-05
 15 (restart 0) KSP residual norm 2.251288e-05
 16 (restart 0) KSP residual norm 1.385377e-05
 17 (restart 0) KSP residual norm 5.526558e-06
GMRES solver converged in 17 iterations (avg. reduction factor: 4.342e-01)
 Sol. ||E|| = 8.367130e+00 (||RHS|| = 8.133931e-01)
 Field energy E (7.164e-13 J) + H (2.731e-12 J) = 3.448e-12 J
 S[1][1] = +2.195e-01+2.778e-01i, |S[1][1]| = -9.018e+00, arg(S[1][1]) = +5.168e+01
 S[2][1] = +7.666e-01-3.962e-01i, |S[2][1]| = -1.281e+00, arg(S[2][1]) = -2.733e+01
 Updating solution error estimates

Sweeping excitation index 2 (2/2):

It 1/2: ω/2π = 1.000e-01 GHz (total elapsed time = 6.79e+00 s, solve 3/4)

  Residual norms for GMRES solve

** Memory Usage **********************************
** Total highmark (MB):
    Sum-of-all :    83.61 | Avg :    83.61  | Max :    83.61
    Max at rank 0, different stages (MB):
	. symbfact            0.00
	. distribution       83.61
	. numfact            83.17
** NUMfact space (MB): (sum-of-all-processes)
    L\U :           44.45 |  Total :    83.17
	. max at rank 0, max L+U memory (MB):    44.45
	. max at rank 0, peak buffer (MB):       38.73
**************************************************

** number of Tiny Pivots:        0

  0 (restart 0) KSP residual norm 8.339923e+00
  1 (restart 0) KSP residual norm 1.665378e-01
  2 (restart 0) KSP residual norm 5.262907e-02
  3 (restart 0) KSP residual norm 2.231589e-02
  4 (restart 0) KSP residual norm 1.277739e-03
  5 (restart 0) KSP residual norm 6.613866e-05
  6 (restart 0) KSP residual norm 4.455648e-05
  7 (restart 0) KSP residual norm 1.363855e-05
  8 (restart 0) KSP residual norm 7.656090e-06
GMRES solver converged in 8 iterations (avg. reduction factor: 1.759e-01)
 Sol. ||E|| = 8.222649e+00 (||RHS|| = 4.066965e-03)
 Field energy E (6.437e-13 J) + H (3.198e-12 J) = 3.842e-12 J
 S[1][2] = +9.458e-01-2.572e-03i, |S[1][2]| = -4.842e-01, arg(S[1][2]) = -1.558e-01
 S[2][2] = +5.422e-02+1.759e-03i, |S[2][2]| = -2.531e+01, arg(S[2][2]) = +1.858e+00
 Updating solution error estimates

It 2/2: ω/2π = 2.000e+01 GHz (total elapsed time = 9.45e+00 s, solve 4/4)

  Residual norms for GMRES solve

** Memory Usage **********************************
** Total highmark (MB):
    Sum-of-all :    83.61 | Avg :    83.61  | Max :    83.61
    Max at rank 0, different stages (MB):
	. symbfact            0.00
	. distribution       83.61
	. numfact            83.17
** NUMfact space (MB): (sum-of-all-processes)
    L\U :           44.45 |  Total :    83.17
	. max at rank 0, max L+U memory (MB):    44.45
	. max at rank 0, peak buffer (MB):       38.73
**************************************************

** number of Tiny Pivots:        0

  0 (restart 0) KSP residual norm 7.962762e+00
  1 (restart 0) KSP residual norm 3.577063e+00
  2 (restart 0) KSP residual norm 8.722041e-01
  3 (restart 0) KSP residual norm 1.310209e-01
  4 (restart 0) KSP residual norm 8.277708e-02
  5 (restart 0) KSP residual norm 2.745924e-02
  6 (restart 0) KSP residual norm 7.220887e-03
  7 (restart 0) KSP residual norm 4.158328e-03
  8 (restart 0) KSP residual norm 1.986215e-03
  9 (restart 0) KSP residual norm 8.589644e-04
 10 (restart 0) KSP residual norm 5.369980e-04
 11 (restart 0) KSP residual norm 2.273208e-04
 12 (restart 0) KSP residual norm 1.289110e-04
 13 (restart 0) KSP residual norm 7.831630e-05
 14 (restart 0) KSP residual norm 4.405968e-05
 15 (restart 0) KSP residual norm 2.188702e-05
 16 (restart 0) KSP residual norm 1.367153e-05
 17 (restart 0) KSP residual norm 5.225928e-06
GMRES solver converged in 17 iterations (avg. reduction factor: 4.328e-01)
 Sol. ||E|| = 8.338797e+00 (||RHS|| = 8.133931e-01)
 Field energy E (7.037e-13 J) + H (2.731e-12 J) = 3.434e-12 J
 S[1][2] = +7.666e-01-3.962e-01i, |S[1][2]| = -1.281e+00, arg(S[1][2]) = -2.733e+01
 S[2][2] = +2.215e-01+2.793e-01i, |S[2][2]| = -8.960e+00, arg(S[2][2]) = +5.159e+01
 Updating solution error estimates

Completed 0 iterations of adaptive mesh refinement (AMR):
 Indicator norm = 5.334e-01, global unknowns = 19115
 Max. iterations = 0, tol. = 1.000e-02, max. size = 2000000

Estimated peak per-rank memory usage is: Min. 295.4M, Max. 295.4M, Avg. 295.4M, Total 295.4M
Estimated peak per-node memory usage is: Min. 295.4M, Max. 295.4M, Avg. 295.4M, Total 295.4M

Elapsed Time Report (s)           Min.        Max.        Avg.
==============================================================
Initialization                   0.030       0.030       0.030
  Mesh Preprocessing             0.131       0.131       0.131
Operator Construction            0.082       0.082       0.082
Linear Solve                     1.651       1.651       1.651
  Setup                          0.631       0.631       0.631
  Preconditioner                 1.402       1.402       1.402
Estimation                       0.086       0.086       0.086
  Construction                   0.925       0.925       0.925
  Solve                          7.726       7.726       7.726
Postprocessing                   0.560       0.560       0.560
Disk IO                          0.167       0.167       0.167
--------------------------------------------------------------
Total                           13.678      13.678      13.678

Peak Memory                   Per-Node       Total   Total HWM
==============================================================
Initialization                    1.7M        1.7M        1.7M
  Mesh Preprocessing              8.5M        8.5M       10.2M
Operator Construction             9.8M        9.8M       20.0M
Linear Solve                      8.1M        8.1M       28.1M
  Setup                          64.9M       64.9M       93.0M
  Preconditioner                118.0M      118.0M      211.0M
Estimation                        9.8M        9.8M      220.8M
  Construction                   24.5M       24.5M      245.3M
  Solve                          10.0M       10.0M      255.3M
Postprocessing                   10.0M       10.0M      265.3M
Disk IO                           6.4M        6.4M      271.6M
--------------------------------------------------------------
Total                           285.6M      285.6M      285.6M

>> /usr/bin/mpirun -n 1 /foss/tools/bin/palace-x86_64.bin config.json

_____________     _______
_____   __   \____ __   /____ ____________
____   /_/  /  __ ` /  /  __ ` /  ___/  _ \
___   _____/  /_/  /  /  /_/  /  /__/  ___/
  /__/     \___,__/__/\___,__/\_____\_____/

Git changeset ID: v0.17.0-227-gc531cf3e
Running with 1 MPI process
Device configuration: cpu
Memory configuration: host-std
libCEED backend: /cpu/self/xsmm/blocked

Added 2756 boundary elements for material interfaces to the mesh

Characteristic length and time scales:
 Lc = 4.999e-04 m, tc = 1.667e-03 ns
Finished partitioning mesh into 1 subdomain

Mesh curvature order: 1
Mesh bounding box:
 (Xmin, Ymin, Zmin) = (-1.794e-04, -1.794e-04, -5.000e-05) m
 (Xmax, Ymax, Zmax) = (+1.794e-04, +1.794e-04, +4.499e-04) m

Parallel Mesh Stats:

                minimum     average     maximum       total
 vertices          3333        3333        3333        3333
 edges            20756       20756       20756       20756
 faces            33192       33192       33192       33192
 elements         15763       15763       15763       15763
 neighbors            0           0           0

            minimum     maximum
 h       0.00162356    0.222668
 kappa      1.04007      394.18

Estimated current per-rank memory usage is: Min. 41.3M, Max. 41.3M, Avg. 41.3M, Total 41.3M
Estimated current per-node memory usage is: Min. 41.3M, Max. 41.3M, Avg. 41.3M, Total 41.3M

Configuring Robin absorbing BC (order 2) at attributes:
 22

Configuring Robin finite conductivity BC at attributes:
 2: σ = 2.164e+07 S/m, h = 4.200e-07 m, n = (+0.0,+0.0,+1.0)
 3: σ = 2.164e+07 S/m, h = 4.200e-07 m, n = (+0.7,+0.7,+0.0)
 4: σ = 2.780e+07 S/m, h = 2.000e-06 m, n = (+0.0,+0.0,-1.0)
 5: σ = 2.780e+07 S/m, h = 2.000e-06 m, n = (+1.0,-0.1,+0.0)
 6: σ = 2.780e+07 S/m, h = 2.000e-06 m, n = (+0.0,+0.0,-1.0)
 7: σ = 2.780e+07 S/m, h = 2.000e-06 m, n = (+1.0,-0.1,+0.0)
 8: σ = 2.780e+07 S/m, h = 2.000e-06 m, n = (-0.0,-0.0,+1.0)
 9: σ = 2.780e+07 S/m, h = 2.000e-06 m, n = (+0.6,+0.8,+0.0)
 10: σ = 3.030e+07 S/m, h = 3.000e-06 m, n = (+0.0,+0.0,+1.0)
 11: σ = 3.030e+07 S/m, h = 3.000e-06 m, n = (+1.0,+0.3,+0.0)
 12: σ = 3.030e+07 S/m, h = 3.000e-06 m, n = (+0.0,+0.0,+1.0)
 13: σ = 3.030e+07 S/m, h = 3.000e-06 m, n = (+1.0,-0.3,-0.0)

Configuring Robin impedance BC for lumped ports at attributes:
 20: Rs = 2.012e+01 Ω/sq, n = (+0.0,+1.0,+0.0)
 21: Rs = 2.012e+01 Ω/sq, n = (+0.0,+1.0,+0.0)

Configuring lumped port circuit properties:
 Index = 1: R = 5.000e+01 Ω
 Index = 2: R = 5.000e+01 Ω

Configuring lumped port excitation source term at attributes:
 20: Index = 1
 21: Index = 2

[38;2;255;255;000m--> Warning![0m
Adaptive frequency sweep requires > 2 total frequency samples!
Reverting to uniform sweep!


Computing frequency response for:
Excitation 1/2 with index 1 has contributions from:
 Lumped port  1
Excitation 2/2 with index 2 has contributions from:
 Lumped port  2

Assembling system matrices, number of global unknowns:
 H1 (p = 1): 3333, ND (p = 1): 20756, RT (p = 1): 33192
 Operator assembly level: Partial
 Mesh geometries:
  Tetrahedron: P = 6, Q = 4 (quadrature order = 2)
 SuperLUSolver: Using 2D processor grid 1 x 1

Sweeping excitation index 1 (1/2):

Assembling multigrid hierarchy:
 Level 0 (p = 1): 20756 unknowns
 Level 0 (auxiliary) (p = 1): 3333 unknowns

It 1/2: ω/2π = 1.000e-01 GHz (total elapsed time = 1.69e-01 s, solve 1/4)

  Residual norms for GMRES solve

** Memory Usage **********************************
** Total highmark (MB):
    Sum-of-all :   110.21 | Avg :   110.21  | Max :   110.21
    Max at rank 0, different stages (MB):
	. symbfact           10.02
	. distribution      110.21
	. numfact            89.53
** NUMfact space (MB): (sum-of-all-processes)
    L\U :           49.75 |  Total :    89.53
	. max at rank 0, max L+U memory (MB):    49.75
	. max at rank 0, peak buffer (MB):       39.79
**************************************************

** number of Tiny Pivots:        0

  0 (restart 0) KSP residual norm 8.607258e+00
  1 (restart 0) KSP residual norm 1.806602e-01
  2 (restart 0) KSP residual norm 6.030319e-02
  3 (restart 0) KSP residual norm 2.230545e-02
  4 (restart 0) KSP residual norm 1.497318e-03
  5 (restart 0) KSP residual norm 6.813649e-05
  6 (restart 0) KSP residual norm 4.587313e-05
  7 (restart 0) KSP residual norm 1.338924e-05
  8 (restart 0) KSP residual norm 5.967617e-06
GMRES solver converged in 8 iterations (avg. reduction factor: 1.699e-01)
 Sol. ||E|| = 8.479388e+00 (||RHS|| = 4.066965e-03)
 Field energy E (7.455e-13 J) + H (3.582e-12 J) = 4.328e-12 J
 S[1][1] = +5.499e-02+1.949e-03i, |S[1][1]| = -2.519e+01, arg(S[1][1]) = +2.030e+00
 S[2][1] = +9.450e-01-2.873e-03i, |S[2][1]| = -4.914e-01, arg(S[2][1]) = -1.742e-01
 Updating solution error estimates

It 2/2: ω/2π = 2.000e+01 GHz (total elapsed time = 2.80e+00 s, solve 2/4)

  Residual norms for GMRES solve

** Memory Usage **********************************
** Total highmark (MB):
    Sum-of-all :    92.27 | Avg :    92.27  | Max :    92.27
    Max at rank 0, different stages (MB):
	. symbfact            0.00
	. distribution       92.27
	. numfact            89.53
** NUMfact space (MB): (sum-of-all-processes)
    L\U :           49.75 |  Total :    89.53
	. max at rank 0, max L+U memory (MB):    49.75
	. max at rank 0, peak buffer (MB):       39.79
**************************************************

** number of Tiny Pivots:        0

  0 (restart 0) KSP residual norm 8.382526e+00
  1 (restart 0) KSP residual norm 3.868180e+00
  2 (restart 0) KSP residual norm 8.984052e-01
  3 (restart 0) KSP residual norm 1.237434e-01
  4 (restart 0) KSP residual norm 5.499923e-02
  5 (restart 0) KSP residual norm 2.752568e-02
  6 (restart 0) KSP residual norm 7.565960e-03
  7 (restart 0) KSP residual norm 4.506254e-03
  8 (restart 0) KSP residual norm 2.193669e-03
  9 (restart 0) KSP residual norm 9.590431e-04
 10 (restart 0) KSP residual norm 6.340629e-04
 11 (restart 0) KSP residual norm 2.413631e-04
 12 (restart 0) KSP residual norm 1.434261e-04
 13 (restart 0) KSP residual norm 9.055021e-05
 14 (restart 0) KSP residual norm 5.033348e-05
 15 (restart 0) KSP residual norm 2.772862e-05
 16 (restart 0) KSP residual norm 1.593473e-05
 17 (restart 0) KSP residual norm 6.748163e-06
GMRES solver converged in 17 iterations (avg. reduction factor: 4.380e-01)
 Sol. ||E|| = 8.924943e+00 (||RHS|| = 8.133931e-01)
 Field energy E (8.512e-13 J) + H (3.028e-12 J) = 3.879e-12 J
 S[1][1] = +2.577e-01+2.996e-01i, |S[1][1]| = -8.065e+00, arg(S[1][1]) = +4.929e+01
 S[2][1] = +7.260e-01-4.302e-01i, |S[2][1]| = -1.474e+00, arg(S[2][1]) = -3.065e+01
 Updating solution error estimates

Sweeping excitation index 2 (2/2):

It 1/2: ω/2π = 1.000e-01 GHz (total elapsed time = 5.57e+00 s, solve 3/4)

  Residual norms for GMRES solve

** Memory Usage **********************************
** Total highmark (MB):
    Sum-of-all :    92.27 | Avg :    92.27  | Max :    92.27
    Max at rank 0, different stages (MB):
	. symbfact            0.00
	. distribution       92.27
	. numfact            89.53
** NUMfact space (MB): (sum-of-all-processes)
    L\U :           49.75 |  Total :    89.53
	. max at rank 0, max L+U memory (MB):    49.75
	. max at rank 0, peak buffer (MB):       39.79
**************************************************

** number of Tiny Pivots:        0

  0 (restart 0) KSP residual norm 8.445467e+00
  1 (restart 0) KSP residual norm 1.778519e-01
  2 (restart 0) KSP residual norm 5.992166e-02
  3 (restart 0) KSP residual norm 2.225531e-02
  4 (restart 0) KSP residual norm 1.482818e-03
  5 (restart 0) KSP residual norm 6.687553e-05
  6 (restart 0) KSP residual norm 4.563402e-05
  7 (restart 0) KSP residual norm 1.396651e-05
  8 (restart 0) KSP residual norm 5.991096e-06
GMRES solver converged in 8 iterations (avg. reduction factor: 1.704e-01)
 Sol. ||E|| = 8.318618e+00 (||RHS|| = 4.066965e-03)
 Field energy E (7.164e-13 J) + H (3.582e-12 J) = 4.299e-12 J
 S[1][2] = +9.450e-01-2.873e-03i, |S[1][2]| = -4.914e-01, arg(S[1][2]) = -1.742e-01
 S[2][2] = +5.499e-02+1.968e-03i, |S[2][2]| = -2.519e+01, arg(S[2][2]) = +2.049e+00
 Updating solution error estimates

It 2/2: ω/2π = 2.000e+01 GHz (total elapsed time = 7.87e+00 s, solve 4/4)

  Residual norms for GMRES solve

** Memory Usage **********************************
** Total highmark (MB):
    Sum-of-all :    92.27 | Avg :    92.27  | Max :    92.27
    Max at rank 0, different stages (MB):
	. symbfact            0.00
	. distribution       92.27
	. numfact            89.53
** NUMfact space (MB): (sum-of-all-processes)
    L\U :           49.75 |  Total :    89.53
	. max at rank 0, max L+U memory (MB):    49.75
	. max at rank 0, peak buffer (MB):       39.79
**************************************************

** number of Tiny Pivots:        0

  0 (restart 0) KSP residual norm 8.294257e+00
  1 (restart 0) KSP residual norm 3.863435e+00
  2 (restart 0) KSP residual norm 9.450197e-01
  3 (restart 0) KSP residual norm 1.441166e-01
  4 (restart 0) KSP residual norm 9.333803e-02
  5 (restart 0) KSP residual norm 3.190295e-02
  6 (restart 0) KSP residual norm 8.091872e-03
  7 (restart 0) KSP residual norm 4.781194e-03
  8 (restart 0) KSP residual norm 2.199196e-03
  9 (restart 0) KSP residual norm 1.004313e-03
 10 (restart 0) KSP residual norm 6.436800e-04
 11 (restart 0) KSP residual norm 2.507816e-04
 12 (restart 0) KSP residual norm 1.541107e-04
 13 (restart 0) KSP residual norm 9.323927e-05
 14 (restart 0) KSP residual norm 4.981105e-05
 15 (restart 0) KSP residual norm 2.732391e-05
 16 (restart 0) KSP residual norm 1.561779e-05
 17 (restart 0) KSP residual norm 6.498676e-06
GMRES solver converged in 17 iterations (avg. reduction factor: 4.373e-01)
 Sol. ||E|| = 8.859007e+00 (||RHS|| = 8.133931e-01)
 Field energy E (8.375e-13 J) + H (3.027e-12 J) = 3.864e-12 J
 S[1][2] = +7.260e-01-4.302e-01i, |S[1][2]| = -1.474e+00, arg(S[1][2]) = -3.065e+01
 S[2][2] = +2.599e-01+3.011e-01i, |S[2][2]| = -8.007e+00, arg(S[2][2]) = +4.920e+01
 Updating solution error estimates

Completed 0 iterations of adaptive mesh refinement (AMR):
 Indicator norm = 5.339e-01, global unknowns = 20756
 Max. iterations = 0, tol. = 1.000e-02, max. size = 2000000

Estimated peak per-rank memory usage is: Min. 314.8M, Max. 314.8M, Avg. 314.8M, Total 314.8M
Estimated peak per-node memory usage is: Min. 314.8M, Max. 314.8M, Avg. 314.8M, Total 314.8M

Elapsed Time Report (s)           Min.        Max.        Avg.
==============================================================
Initialization                   0.028       0.028       0.028
  Mesh Preprocessing             0.148       0.148       0.148
Operator Construction            0.102       0.102       0.102
Linear Solve                     1.792       1.792       1.792
  Setup                          0.627       0.627       0.627
  Preconditioner                 1.594       1.594       1.594
Estimation                       0.082       0.082       0.082
  Construction                   0.846       0.846       0.846
  Solve                          5.987       5.987       5.987
Postprocessing                   0.454       0.454       0.454
Disk IO                          0.231       0.231       0.231
--------------------------------------------------------------
Total                           12.268      12.268      12.268

Peak Memory                   Per-Node       Total   Total HWM
==============================================================
Initialization                    1.6M        1.6M        1.6M
  Mesh Preprocessing              8.9M        8.9M       10.5M
Operator Construction            10.4M       10.4M       20.9M
Linear Solve                      6.0M        6.0M       26.9M
  Setup                          72.6M       72.6M       99.5M
  Preconditioner                125.6M      125.6M      225.1M
Estimation                       11.1M       11.1M      236.2M
  Construction                   26.4M       26.4M      262.6M
  Solve                          10.6M       10.6M      273.2M
Postprocessing                   11.0M       11.0M      284.2M
Disk IO                           6.8M        6.8M      291.0M
--------------------------------------------------------------
Total                           305.0M      305.0M      305.0M

Found extra file with port information: /foss/designs/inductor_synth/palace_model/inductor3_N2_do58.36_w2.01_s2.01_data/port_information.json
Port Z0 values found: [50, 50]
Port impedance for Touchstone header:  50
Number of ports:  2
Created combined S-parameter file for  2 ports, filename:  /foss/designs/inductor_synth/palace_model/inductor3_N2_do58.36_w2.01_s2.01_data/output/inductor3_N2_do58.36_w2.01_s2.01/inductor3_N2_do58.36_w2.01_s2.01.s2p
Skipping DC extrapolation, not enough frequency points
Port de-embedding based on port geometry data
Cascading L= -2.18 pH at port 1
Cascading L= -2.18 pH at port 2
Created file with de-embedding (cascaded negative port L):  /foss/designs/inductor_synth/palace_model/inductor3_N2_do58.36_w2.01_s2.01_data/output/inductor3_N2_do58.36_w2.01_s2.01/inductor3_N2_do58.36_w2.01_s2.01_deembedded 

Found extra file with port information: /foss/designs/inductor_synth/palace_model/inductor3_N2_do61.25_w2.01_s3_data/port_information.json
Port Z0 values found: [50, 50]
Port impedance for Touchstone header:  50
Number of ports:  2
Created combined S-parameter file for  2 ports, filename:  /foss/designs/inductor_synth/palace_model/inductor3_N2_do61.25_w2.01_s3_data/output/inductor3_N2_do61.25_w2.01_s3/inductor3_N2_do61.25_w2.01_s3.s2p
Skipping DC extrapolation, not enough frequency points
Port de-embedding based on port geometry data
Cascading L= -1.82 pH at port 1
Cascading L= -1.82 pH at port 2
Created file with de-embedding (cascaded negative port L):  /foss/designs/inductor_synth/palace_model/inductor3_N2_do61.25_w2.01_s3_data/output/inductor3_N2_do61.25_w2.01_s3/inductor3_N2_do61.25_w2.01_s3_deembedded 

Found extra file with port information: /foss/designs/inductor_synth/palace_model/inductor3_N2_do64.04_w3_s2.01_data/port_information.json
Port Z0 values found: [50, 50]
Port impedance for Touchstone header:  50
Number of ports:  2
Created combined S-parameter file for  2 ports, filename:  /foss/designs/inductor_synth/palace_model/inductor3_N2_do64.04_w3_s2.01_data/output/inductor3_N2_do64.04_w3_s2.01/inductor3_N2_do64.04_w3_s2.01.s2p
Skipping DC extrapolation, not enough frequency points
Port de-embedding based on port geometry data
Cascading L= -2.18 pH at port 1
Cascading L= -2.18 pH at port 2
Created file with de-embedding (cascaded negative port L):  /foss/designs/inductor_synth/palace_model/inductor3_N2_do64.04_w3_s2.01_data/output/inductor3_N2_do64.04_w3_s2.01/inductor3_N2_do64.04_w3_s2.01_deembedded 

Found extra file with port information: /foss/designs/inductor_synth/palace_model/inductor3_N2_do69.44_w4_s2.01_data/port_information.json
Port Z0 values found: [50, 50]
Port impedance for Touchstone header:  50
Number of ports:  2
Created combined S-parameter file for  2 ports, filename:  /foss/designs/inductor_synth/palace_model/inductor3_N2_do69.44_w4_s2.01_data/output/inductor3_N2_do69.44_w4_s2.01/inductor3_N2_do69.44_w4_s2.01.s2p
Skipping DC extrapolation, not enough frequency points
Port de-embedding based on port geometry data
Cascading L= -2.18 pH at port 1
Cascading L= -2.18 pH at port 2
Created file with de-embedding (cascaded negative port L):  /foss/designs/inductor_synth/palace_model/inductor3_N2_do69.44_w4_s2.01_data/output/inductor3_N2_do69.44_w4_s2.01/inductor3_N2_do69.44_w4_s2.01_deembedded 

Info    : Meshing 1D...
Info    : [  0%] Meshing curve 64 (Line)
Info    : [ 10%] Meshing curve 65 (Line)
Info    : [ 10%] Meshing curve 67 (Line)
Info    : [ 10%] Meshing curve 69 (Line)
Info    : [ 10%] Meshing curve 70 (Line)
Info    : [ 10%] Meshing curve 71 (Line)
Info    : [ 10%] Meshing curve 72 (Line)
Info    : [ 10%] Meshing curve 76 (Line)
Info    : [ 10%] Meshing curve 77 (Line)
Info    : [ 10%] Meshing curve 79 (Line)
Info    : [ 10%] Meshing curve 81 (Line)
Info    : [ 10%] Meshing curve 82 (Line)
Info    : [ 10%] Meshing curve 83 (Line)
Info    : [ 10%] Meshing curve 84 (Line)
Info    : [ 10%] Meshing curve 85 (Line)
Info    : [ 10%] Meshing curve 86 (Line)
Info    : [ 10%] Meshing curve 87 (Line)
Info    : [ 10%] Meshing curve 88 (Line)
Info    : [ 10%] Meshing curve 89 (Line)
Info    : [ 10%] Meshing curve 90 (Line)
Info    : [ 10%] Meshing curve 91 (Line)
Info    : [ 10%] Meshing curve 92 (Line)
Info    : [ 10%] Meshing curve 93 (Line)
Info    : [ 10%] Meshing curve 94 (Line)
Info    : [ 10%] Meshing curve 95 (Line)
Info    : [ 10%] Meshing curve 96 (Line)
Info    : [ 10%] Meshing curve 97 (Line)
Info    : [ 10%] Meshing curve 98 (Line)
Info    : [ 10%] Meshing curve 99 (Line)
Info    : [ 10%] Meshing curve 100 (Line)
Info    : [ 10%] Meshing curve 101 (Line)
Info    : [ 10%] Meshing curve 102 (Line)
Info    : [ 10%] Meshing curve 103 (Line)
Info    : [ 10%] Meshing curve 104 (Line)
Info    : [ 20%] Meshing curve 105 (Line)
Info    : [ 20%] Meshing curve 106 (Line)
Info    : [ 20%] Meshing curve 107 (Line)
Info    : [ 20%] Meshing curve 108 (Line)
Info    : [ 20%] Meshing curve 109 (Line)
Info    : [ 20%] Meshing curve 110 (Line)
Info    : [ 20%] Meshing curve 111 (Line)
Info    : [ 20%] Meshing curve 112 (Line)
Info    : [ 20%] Meshing curve 113 (Line)
Info    : [ 20%] Meshing curve 114 (Line)
Info    : [ 20%] Meshing curve 115 (Line)
Info    : [ 20%] Meshing curve 116 (Line)
Info    : [ 20%] Meshing curve 117 (Line)
Info    : [ 20%] Meshing curve 118 (Line)
Info    : [ 20%] Meshing curve 119 (Line)
Info    : [ 20%] Meshing curve 120 (Line)
Info    : [ 20%] Meshing curve 121 (Line)
Info    : [ 20%] Meshing curve 122 (Line)
Info    : [ 20%] Meshing curve 123 (Line)
Info    : [ 20%] Meshing curve 124 (Line)
Info    : [ 20%] Meshing curve 125 (Line)
Info    : [ 20%] Meshing curve 126 (Line)
Info    : [ 20%] Meshing curve 127 (Line)
Info    : [ 20%] Meshing curve 128 (Line)
Info    : [ 20%] Meshing curve 129 (Line)
Info    : [ 20%] Meshing curve 130 (Line)
Info    : [ 20%] Meshing curve 131 (Line)
Info    : [ 20%] Meshing curve 132 (Line)
Info    : [ 20%] Meshing curve 133 (Line)
Info    : [ 20%] Meshing curve 134 (Line)
Info    : [ 20%] Meshing curve 135 (Line)
Info    : [ 20%] Meshing curve 136 (Line)
Info    : [ 20%] Meshing curve 137 (Line)
Info    : [ 20%] Meshing curve 138 (Line)
Info    : [ 30%] Meshing curve 139 (Line)
Info    : [ 30%] Meshing curve 140 (Line)
Info    : [ 30%] Meshing curve 141 (Line)
Info    : [ 30%] Meshing curve 142 (Line)
Info    : [ 30%] Meshing curve 143 (Line)
Info    : [ 30%] Meshing curve 144 (Line)
Info    : [ 30%] Meshing curve 145 (Line)
Info    : [ 30%] Meshing curve 146 (Line)
Info    : [ 30%] Meshing curve 147 (Line)
Info    : [ 30%] Meshing curve 148 (Line)
Info    : [ 30%] Meshing curve 149 (Line)
Info    : [ 30%] Meshing curve 150 (Line)
Info    : [ 30%] Meshing curve 151 (Line)
Info    : [ 30%] Meshing curve 152 (Line)
Info    : [ 30%] Meshing curve 153 (Line)
Info    : [ 30%] Meshing curve 154 (Line)
Info    : [ 30%] Meshing curve 155 (Line)
Info    : [ 30%] Meshing curve 156 (Line)
Info    : [ 30%] Meshing curve 397 (Line)
Info    : [ 30%] Meshing curve 398 (Line)
Info    : [ 30%] Meshing curve 399 (Line)
Info    : [ 30%] Meshing curve 400 (Line)
Info    : [ 30%] Meshing curve 401 (Line)
Info    : [ 30%] Meshing curve 402 (Line)
Info    : [ 30%] Meshing curve 403 (Line)
Info    : [ 30%] Meshing curve 404 (Line)
Info    : [ 30%] Meshing curve 405 (Line)
Info    : [ 30%] Meshing curve 406 (Line)
Info    : [ 30%] Meshing curve 407 (Line)
Info    : [ 30%] Meshing curve 408 (Line)
Info    : [ 30%] Meshing curve 409 (TrimmedCurve)
Info    : [ 30%] Meshing curve 410 (Line)
Info    : [ 30%] Meshing curve 411 (TrimmedCurve)
Info    : [ 30%] Meshing curve 412 (Line)
Info    : [ 40%] Meshing curve 413 (Line)
Info    : [ 40%] Meshing curve 414 (Line)
Info    : [ 40%] Meshing curve 415 (Line)
Info    : [ 40%] Meshing curve 416 (Line)
Info    : [ 40%] Meshing curve 417 (Line)
Info    : [ 40%] Meshing curve 418 (Line)
Info    : [ 40%] Meshing curve 419 (Line)
Info    : [ 40%] Meshing curve 420 (TrimmedCurve)
Info    : [ 40%] Meshing curve 421 (Line)
Info    : [ 40%] Meshing curve 422 (TrimmedCurve)
Info    : [ 40%] Meshing curve 423 (Line)
Info    : [ 40%] Meshing curve 424 (Line)
Info    : [ 40%] Meshing curve 425 (Line)
Info    : [ 40%] Meshing curve 426 (Line)
Info    : [ 40%] Meshing curve 427 (Line)
Info    : [ 40%] Meshing curve 428 (Line)
Info    : [ 40%] Meshing curve 429 (Line)
Info    : [ 40%] Meshing curve 430 (Line)
Info    : [ 40%] Meshing curve 431 (Line)
Info    : [ 40%] Meshing curve 432 (Line)
Info    : [ 40%] Meshing curve 433 (TrimmedCurve)
Info    : [ 40%] Meshing curve 434 (Line)
Info    : [ 40%] Meshing curve 435 (TrimmedCurve)
Info    : [ 40%] Meshing curve 436 (Line)
Info    : [ 40%] Meshing curve 437 (Line)
Info    : [ 40%] Meshing curve 438 (Line)
Info    : [ 40%] Meshing curve 439 (Line)
Info    : [ 40%] Meshing curve 440 (TrimmedCurve)
Info    : [ 40%] Meshing curve 441 (Line)
Info    : [ 40%] Meshing curve 442 (TrimmedCurve)
Info    : [ 40%] Meshing curve 443 (Line)
Info    : [ 40%] Meshing curve 444 (TrimmedCurve)
Info    : [ 40%] Meshing curve 445 (Line)
Info    : [ 40%] Meshing curve 446 (TrimmedCurve)
Info    : [ 50%] Meshing curve 447 (Line)
Info    : [ 50%] Meshing curve 448 (TrimmedCurve)
Info    : [ 50%] Meshing curve 449 (Line)
Info    : [ 50%] Meshing curve 450 (Line)
Info    : [ 50%] Meshing curve 451 (Line)
Info    : [ 50%] Meshing curve 452 (Line)
Info    : [ 50%] Meshing curve 453 (Line)
Info    : [ 50%] Meshing curve 454 (TrimmedCurve)
Info    : [ 50%] Meshing curve 455 (Line)
Info    : [ 50%] Meshing curve 456 (TrimmedCurve)
Info    : [ 50%] Meshing curve 457 (Line)
Info    : [ 50%] Meshing curve 458 (TrimmedCurve)
Info    : [ 50%] Meshing curve 459 (Line)
Info    : [ 50%] Meshing curve 460 (TrimmedCurve)
Info    : [ 50%] Meshing curve 461 (Line)
Info    : [ 50%] Meshing curve 462 (TrimmedCurve)
Info    : [ 50%] Meshing curve 463 (Line)
Info    : [ 50%] Meshing curve 464 (TrimmedCurve)
Info    : [ 50%] Meshing curve 465 (Line)
Info    : [ 50%] Meshing curve 466 (Line)
Info    : [ 50%] Meshing curve 467 (Line)
Info    : [ 50%] Meshing curve 468 (Line)
Info    : [ 50%] Meshing curve 469 (Line)
Info    : [ 50%] Meshing curve 470 (TrimmedCurve)
Info    : [ 50%] Meshing curve 471 (Line)
Info    : [ 50%] Meshing curve 472 (Line)
Info    : [ 50%] Meshing curve 473 (Line)
Info    : [ 50%] Meshing curve 474 (Line)
Info    : [ 50%] Meshing curve 475 (TrimmedCurve)
Info    : [ 50%] Meshing curve 476 (Line)
Info    : [ 50%] Meshing curve 477 (TrimmedCurve)
Info    : [ 50%] Meshing curve 478 (Line)
Info    : [ 50%] Meshing curve 479 (TrimmedCurve)
Info    : [ 50%] Meshing curve 480 (Line)
Info    : [ 60%] Meshing curve 481 (TrimmedCurve)
Info    : [ 60%] Meshing curve 482 (Line)
Info    : [ 60%] Meshing curve 483 (TrimmedCurve)
Info    : [ 60%] Meshing curve 484 (Line)
Info    : [ 60%] Meshing curve 485 (Line)
Info    : [ 60%] Meshing curve 486 (Line)
Info    : [ 60%] Meshing curve 487 (Line)
Info    : [ 60%] Meshing curve 488 (Line)
Info    : [ 60%] Meshing curve 489 (TrimmedCurve)
Info    : [ 60%] Meshing curve 490 (Line)
Info    : [ 60%] Meshing curve 491 (TrimmedCurve)
Info    : [ 60%] Meshing curve 492 (Line)
Info    : [ 60%] Meshing curve 493 (TrimmedCurve)
Info    : [ 60%] Meshing curve 494 (Line)
Info    : [ 60%] Meshing curve 495 (TrimmedCurve)
Info    : [ 60%] Meshing curve 496 (Line)
Info    : [ 60%] Meshing curve 497 (TrimmedCurve)
Info    : [ 60%] Meshing curve 498 (Line)
Info    : [ 60%] Meshing curve 499 (TrimmedCurve)
Info    : [ 60%] Meshing curve 500 (Line)
Info    : [ 60%] Meshing curve 501 (Line)
Info    : [ 60%] Meshing curve 502 (Line)
Info    : [ 60%] Meshing curve 503 (Line)
Info    : [ 60%] Meshing curve 504 (Line)
Info    : [ 60%] Meshing curve 505 (TrimmedCurve)
Info    : [ 60%] Meshing curve 506 (Line)
Info    : [ 60%] Meshing curve 507 (Line)
Info    : [ 60%] Meshing curve 508 (Line)
Info    : [ 60%] Meshing curve 509 (Line)
Info    : [ 60%] Meshing curve 510 (Line)
Info    : [ 60%] Meshing curve 511 (Line)
Info    : [ 60%] Meshing curve 512 (Line)
Info    : [ 60%] Meshing curve 513 (Line)
Info    : [ 70%] Meshing curve 514 (Line)
Info    : [ 70%] Meshing curve 515 (Line)
Info    : [ 70%] Meshing curve 516 (Line)
Info    : [ 70%] Meshing curve 517 (Line)
Info    : [ 70%] Meshing curve 518 (Line)
Info    : [ 70%] Meshing curve 519 (Line)
Info    : [ 70%] Meshing curve 520 (Line)
Info    : [ 70%] Meshing curve 521 (Line)
Info    : [ 70%] Meshing curve 522 (Line)
Info    : [ 70%] Meshing curve 523 (Line)
Info    : [ 70%] Meshing curve 524 (Line)
Info    : [ 70%] Meshing curve 525 (Line)
Info    : [ 70%] Meshing curve 526 (Line)
Info    : [ 70%] Meshing curve 527 (Line)
Info    : [ 70%] Meshing curve 528 (Line)
Info    : [ 70%] Meshing curve 529 (Line)
Info    : [ 70%] Meshing curve 530 (Line)
Info    : [ 70%] Meshing curve 531 (Line)
Info    : [ 70%] Meshing curve 532 (Line)
Info    : [ 70%] Meshing curve 533 (Line)
Info    : [ 70%] Meshing curve 534 (Line)
Info    : [ 70%] Meshing curve 535 (Line)
Info    : [ 70%] Meshing curve 536 (Line)
Info    : [ 70%] Meshing curve 537 (Line)
Info    : [ 70%] Meshing curve 538 (Line)
Info    : [ 70%] Meshing curve 539 (Line)
Info    : [ 70%] Meshing curve 540 (Line)
Info    : [ 70%] Meshing curve 541 (Line)
Info    : [ 70%] Meshing curve 542 (Line)
Info    : [ 70%] Meshing curve 543 (Line)
Info    : [ 70%] Meshing curve 544 (Line)
Info    : [ 70%] Meshing curve 545 (Line)
Info    : [ 70%] Meshing curve 546 (Line)
Info    : [ 70%] Meshing curve 547 (Line)
Info    : [ 80%] Meshing curve 548 (Line)
Info    : [ 80%] Meshing curve 549 (Line)
Info    : [ 80%] Meshing curve 550 (Line)
Info    : [ 80%] Meshing curve 551 (Line)
Info    : [ 80%] Meshing curve 552 (TrimmedCurve)
Info    : [ 80%] Meshing curve 553 (Line)
Info    : [ 80%] Meshing curve 554 (Line)
Info    : [ 80%] Meshing curve 555 (Line)
Info    : [ 80%] Meshing curve 556 (Line)
Info    : [ 80%] Meshing curve 557 (Line)
Info    : [ 80%] Meshing curve 558 (TrimmedCurve)
Info    : [ 80%] Meshing curve 559 (Line)
Info    : [ 80%] Meshing curve 560 (Line)
Info    : [ 80%] Meshing curve 561 (TrimmedCurve)
Info    : [ 80%] Meshing curve 562 (Line)
Info    : [ 80%] Meshing curve 563 (Line)
Info    : [ 80%] Meshing curve 564 (Line)
Info    : [ 80%] Meshing curve 565 (Line)
Info    : [ 80%] Meshing curve 566 (Line)
Info    : [ 80%] Meshing curve 567 (TrimmedCurve)
Info    : [ 80%] Meshing curve 568 (Line)
Info    : [ 80%] Meshing curve 569 (Line)
Info    : [ 80%] Meshing curve 570 (Line)
Info    : [ 80%] Meshing curve 571 (Line)
Info    : [ 80%] Meshing curve 572 (Line)
Info    : [ 80%] Meshing curve 573 (Line)
Info    : [ 80%] Meshing curve 574 (Line)
Info    : [ 80%] Meshing curve 575 (Line)
Info    : [ 80%] Meshing curve 576 (Line)
Info    : [ 80%] Meshing curve 577 (Line)
Info    : [ 80%] Meshing curve 578 (Line)
Info    : [ 80%] Meshing curve 579 (Line)
Info    : [ 80%] Meshing curve 580 (Line)
Info    : [ 80%] Meshing curve 581 (Line)
Info    : [ 90%] Meshing curve 582 (Line)
Info    : [ 90%] Meshing curve 583 (Line)
Info    : [ 90%] Meshing curve 584 (Line)
Info    : [ 90%] Meshing curve 585 (Line)
Info    : [ 90%] Meshing curve 586 (Line)
Info    : [ 90%] Meshing curve 587 (Line)
Info    : [ 90%] Meshing curve 588 (Line)
Info    : [ 90%] Meshing curve 589 (Line)
Info    : [ 90%] Meshing curve 590 (Line)
Info    : [ 90%] Meshing curve 591 (Line)
Info    : [ 90%] Meshing curve 592 (Line)
Info    : [ 90%] Meshing curve 593 (Line)
Info    : [ 90%] Meshing curve 594 (Line)
Info    : [ 90%] Meshing curve 595 (Line)
Info    : [ 90%] Meshing curve 596 (Line)
Info    : [ 90%] Meshing curve 597 (Line)
Info    : [ 90%] Meshing curve 598 (Line)
Info    : [ 90%] Meshing curve 599 (Line)
Info    : [ 90%] Meshing curve 600 (Line)
Info    : [ 90%] Meshing curve 601 (Line)
Info    : [ 90%] Meshing curve 602 (Line)
Info    : [ 90%] Meshing curve 603 (Line)
Info    : [ 90%] Meshing curve 604 (Line)
Info    : [ 90%] Meshing curve 605 (Line)
Info    : [ 90%] Meshing curve 606 (Line)
Info    : [ 90%] Meshing curve 607 (Line)
Info    : [ 90%] Meshing curve 608 (Line)
Info    : [ 90%] Meshing curve 609 (Line)
Info    : [ 90%] Meshing curve 610 (Line)
Info    : [ 90%] Meshing curve 611 (Line)
Info    : [ 90%] Meshing curve 612 (Line)
Info    : [ 90%] Meshing curve 613 (Line)
Info    : [ 90%] Meshing curve 614 (Line)
Info    : [ 90%] Meshing curve 615 (Line)
Info    : [100%] Meshing curve 616 (Line)
Info    : [100%] Meshing curve 617 (Line)
Info    : [100%] Meshing curve 618 (Line)
Info    : [100%] Meshing curve 619 (Line)
Info    : [100%] Meshing curve 620 (Line)
Info    : [100%] Meshing curve 621 (Line)
Info    : [100%] Meshing curve 622 (Line)
Info    : [100%] Meshing curve 623 (Line)
Info    : [100%] Meshing curve 624 (Line)
Info    : [100%] Meshing curve 625 (Line)
Info    : [100%] Meshing curve 626 (Line)
Info    : [100%] Meshing curve 627 (Line)
Info    : [100%] Meshing curve 628 (Line)
Info    : [100%] Meshing curve 629 (Line)
Info    : [100%] Meshing curve 630 (Line)
Info    : [100%] Meshing curve 631 (Line)
Info    : [100%] Meshing curve 632 (Line)
Info    : [100%] Meshing curve 633 (Line)
Info    : [100%] Meshing curve 634 (Line)
Info    : [100%] Meshing curve 635 (Line)
Info    : [100%] Meshing curve 636 (Line)
Info    : [100%] Meshing curve 637 (Line)
Info    : [100%] Meshing curve 638 (Line)
Info    : [100%] Meshing curve 639 (Line)
Info    : [100%] Meshing curve 640 (Line)
Info    : [100%] Meshing curve 641 (Line)
Info    : [100%] Meshing curve 642 (Line)
Info    : [100%] Meshing curve 643 (Line)
Info    : [100%] Meshing curve 644 (Line)
Info    : [100%] Meshing curve 645 (Line)
Info    : [100%] Meshing curve 646 (Line)
Info    : [100%] Meshing curve 647 (Line)
Info    : [100%] Meshing curve 648 (Line)
Info    : Done meshing 1D (Wall 1.29378s, CPU 1.27398s)
Info    : Meshing 2D...
Info    : [  0%] Meshing surface 35 (Plane, Delaunay)
Info    : [ 10%] Meshing surface 41 (Plane, Delaunay)
Info    : [ 10%] Meshing surface 43 (Plane, Delaunay)
Info    : [ 10%] Meshing surface 44 (Plane, Delaunay)
Info    : [ 10%] Meshing surface 45 (Plane, Delaunay)
Info    : [ 10%] Meshing surface 46 (Plane, Delaunay)
Info    : [ 10%] Meshing surface 47 (Plane, Delaunay)
Info    : [ 10%] Meshing surface 48 (Plane, Delaunay)
Info    : [ 10%] Meshing surface 49 (Plane, Delaunay)
Info    : [ 10%] Meshing surface 50 (Plane, Delaunay)
Info    : [ 10%] Meshing surface 51 (Plane, Delaunay)
Info    : [ 10%] Meshing surface 53 (Plane, Delaunay)
Info    : [ 10%] Meshing surface 54 (Plane, Delaunay)
Info    : [ 10%] Meshing surface 55 (Plane, Delaunay)
Info    : [ 10%] Meshing surface 56 (Plane, Delaunay)
Info    : [ 20%] Meshing surface 57 (Plane, Delaunay)
Info    : [ 20%] Meshing surface 58 (Plane, Delaunay)
Info    : [ 20%] Meshing surface 59 (Plane, Delaunay)
Info    : [ 20%] Meshing surface 60 (Plane, Delaunay)
Info    : [ 20%] Meshing surface 61 (Plane, Delaunay)
Info    : [ 20%] Meshing surface 62 (Plane, Delaunay)
Info    : [ 20%] Meshing surface 63 (Plane, Delaunay)
Info    : [ 20%] Meshing surface 64 (Plane, Delaunay)
Info    : [ 20%] Meshing surface 65 (Plane, Delaunay)
Info    : [ 20%] Meshing surface 66 (Plane, Delaunay)
Info    : [ 20%] Meshing surface 67 (Plane, Delaunay)
Info    : [ 20%] Meshing surface 68 (Plane, Delaunay)
Info    : [ 20%] Meshing surface 69 (Plane, Delaunay)
Info    : [ 20%] Meshing surface 70 (Plane, Delaunay)
Info    : [ 20%] Meshing surface 71 (Plane, Delaunay)
Info    : [ 30%] Meshing surface 72 (Plane, Delaunay)
Info    : [ 30%] Meshing surface 73 (Plane, Delaunay)
Info    : [ 30%] Meshing surface 74 (Plane, Delaunay)
Info    : [ 30%] Meshing surface 75 (Plane, Delaunay)
Info    : [ 30%] Meshing surface 76 (Plane, Delaunay)
Info    : [ 30%] Meshing surface 179 (Plane, Delaunay)
Info    : [ 30%] Meshing surface 180 (Plane, Delaunay)
Info    : [ 30%] Meshing surface 181 (Plane, Delaunay)
Info    : [ 30%] Meshing surface 183 (Plane, Delaunay)
Info    : [ 30%] Meshing surface 184 (Plane, Delaunay)
Info    : [ 30%] Meshing surface 185 (Plane, Delaunay)
Info    : [ 30%] Meshing surface 186 (Plane, Delaunay)
Info    : [ 30%] Meshing surface 187 (Plane, Delaunay)
Info    : [ 30%] Meshing surface 188 (Plane, Delaunay)
Info    : [ 40%] Meshing surface 189 (Plane, Delaunay)
Info    : [ 40%] Meshing surface 190 (Plane, Delaunay)
Info    : [ 40%] Meshing surface 191 (Plane, Delaunay)
Info    : [ 40%] Meshing surface 192 (Plane, Delaunay)
Info    : [ 40%] Meshing surface 193 (Plane, Delaunay)
Info    : [ 40%] Meshing surface 195 (Plane, Delaunay)
Info    : [ 40%] Meshing surface 196 (Plane, Delaunay)
Info    : [ 40%] Meshing surface 197 (Plane, Delaunay)
Info    : [ 40%] Meshing surface 198 (Plane, Delaunay)
Info    : [ 40%] Meshing surface 199 (Plane, Delaunay)
Info    : [ 40%] Meshing surface 200 (Plane, Delaunay)
Info    : [ 40%] Meshing surface 201 (Plane, Delaunay)
Info    : [ 40%] Meshing surface 202 (Plane, Delaunay)
Info    : [ 40%] Meshing surface 203 (Plane, Delaunay)
Info    : [ 40%] Meshing surface 204 (Plane, Delaunay)
Info    : [ 50%] Meshing surface 205 (Plane, Delaunay)
Info    : [ 50%] Meshing surface 206 (Plane, Delaunay)
Info    : [ 50%] Meshing surface 207 (Plane, Delaunay)
Info    : [ 50%] Meshing surface 208 (Plane, Delaunay)
Info    : [ 50%] Meshing surface 209 (Plane, Delaunay)
Info    : [ 50%] Meshing surface 210 (Plane, Delaunay)
Info    : [ 50%] Meshing surface 211 (Plane, Delaunay)
Info    : [ 50%] Meshing surface 212 (Plane, Delaunay)
Info    : [ 50%] Meshing surface 213 (Plane, Delaunay)
Info    : [ 50%] Meshing surface 214 (Plane, Delaunay)
Info    : [ 50%] Meshing surface 215 (Plane, Delaunay)
Info    : [ 50%] Meshing surface 216 (Plane, Delaunay)
Info    : [ 50%] Meshing surface 217 (Plane, Delaunay)
Info    : [ 50%] Meshing surface 218 (Plane, Delaunay)
Info    : [ 50%] Meshing surface 219 (Plane, Delaunay)
Info    : [ 60%] Meshing surface 220 (Plane, Delaunay)
Info    : [ 60%] Meshing surface 221 (Plane, Delaunay)
Info    : [ 60%] Meshing surface 222 (Plane, Delaunay)
Info    : [ 60%] Meshing surface 223 (Plane, Delaunay)
Info    : [ 60%] Meshing surface 224 (Plane, Delaunay)
Info    : [ 60%] Meshing surface 225 (Plane, Delaunay)
Info    : [ 60%] Meshing surface 226 (Plane, Delaunay)
Info    : [ 60%] Meshing surface 227 (Plane, Delaunay)
Info    : [ 60%] Meshing surface 228 (Plane, Delaunay)
Info    : [ 60%] Meshing surface 229 (Plane, Delaunay)
Info    : [ 60%] Meshing surface 230 (Plane, Delaunay)
Info    : [ 60%] Meshing surface 231 (Plane, Delaunay)
Info    : [ 60%] Meshing surface 232 (Plane, Delaunay)
Info    : [ 60%] Meshing surface 233 (Plane, Delaunay)
Info    : [ 70%] Meshing surface 235 (Plane, Delaunay)
Info    : [ 70%] Meshing surface 236 (Plane, Delaunay)
Info    : [ 70%] Meshing surface 237 (Plane, Delaunay)
Info    : [ 70%] Meshing surface 238 (Plane, Delaunay)
Info    : [ 70%] Meshing surface 239 (Plane, Delaunay)
Info    : [ 70%] Meshing surface 240 (Plane, Delaunay)
Info    : [ 70%] Meshing surface 241 (Plane, Delaunay)
Info    : [ 70%] Meshing surface 242 (Plane, Delaunay)
Info    : [ 70%] Meshing surface 243 (Plane, Delaunay)
Info    : [ 70%] Meshing surface 244 (Plane, Delaunay)
Info    : [ 70%] Meshing surface 245 (Plane, Delaunay)
Info    : [ 70%] Meshing surface 246 (Plane, Delaunay)
Info    : [ 70%] Meshing surface 247 (Plane, Delaunay)
Info    : [ 70%] Meshing surface 248 (Plane, Delaunay)
Info    : [ 70%] Meshing surface 249 (Plane, Delaunay)
Info    : [ 80%] Meshing surface 250 (Plane, Delaunay)
Info    : [ 80%] Meshing surface 251 (Plane, Delaunay)
Info    : [ 80%] Meshing surface 252 (Plane, Delaunay)
Info    : [ 80%] Meshing surface 253 (Plane, Delaunay)
Info    : [ 80%] Meshing surface 254 (Plane, Delaunay)
Info    : [ 80%] Meshing surface 255 (Plane, Delaunay)
Info    : [ 80%] Meshing surface 256 (Plane, Delaunay)
Info    : [ 80%] Meshing surface 257 (Plane, Delaunay)
Info    : [ 80%] Meshing surface 258 (Plane, Delaunay)
Info    : [ 80%] Meshing surface 259 (Plane, Delaunay)
Info    : [ 80%] Meshing surface 260 (Plane, Delaunay)
Info    : [ 80%] Meshing surface 261 (Plane, Delaunay)
Info    : [ 80%] Meshing surface 262 (Plane, Delaunay)
Info    : [ 80%] Meshing surface 263 (Plane, Delaunay)
Info    : [ 90%] Meshing surface 264 (Plane, Delaunay)
Info    : [ 90%] Meshing surface 265 (Plane, Delaunay)
Info    : [ 90%] Meshing surface 266 (Plane, Delaunay)
Info    : [ 90%] Meshing surface 267 (Plane, Delaunay)
Info    : [ 90%] Meshing surface 268 (Plane, Delaunay)
Info    : [ 90%] Meshing surface 269 (Plane, Delaunay)
Info    : [ 90%] Meshing surface 270 (Plane, Delaunay)
Info    : [ 90%] Meshing surface 271 (Plane, Delaunay)
Info    : [ 90%] Meshing surface 272 (Plane, Delaunay)
Info    : [ 90%] Meshing surface 273 (Plane, Delaunay)
Info    : [ 90%] Meshing surface 274 (Plane, Delaunay)
Info    : [ 90%] Meshing surface 275 (Plane, Delaunay)
Info    : [ 90%] Meshing surface 276 (Plane, Delaunay)
Info    : [ 90%] Meshing surface 277 (Plane, Delaunay)
Info    : [ 90%] Meshing surface 278 (Plane, Delaunay)
Info    : [100%] Meshing surface 279 (Plane, Delaunay)
Info    : [100%] Meshing surface 280 (Plane, Delaunay)
Info    : [100%] Meshing surface 281 (Plane, Delaunay)
Info    : [100%] Meshing surface 282 (Plane, Delaunay)
Info    : [100%] Meshing surface 283 (Plane, Delaunay)
Info    : [100%] Meshing surface 284 (Plane, Delaunay)
Info    : [100%] Meshing surface 285 (Plane, Delaunay)
Info    : [100%] Meshing surface 286 (Plane, Delaunay)
Info    : [100%] Meshing surface 287 (Plane, Delaunay)
Info    : [100%] Meshing surface 288 (Plane, Delaunay)
Info    : [100%] Meshing surface 289 (Plane, Delaunay)
Info    : [100%] Meshing surface 290 (Plane, Delaunay)
Info    : [100%] Meshing surface 291 (Plane, Delaunay)
Info    : [100%] Meshing surface 292 (Plane, Delaunay)
Info    : Done meshing 2D (Wall 0.330139s, CPU 0.329287s)
Info    : Meshing 3D...
Info    : 3D Meshing 16 volumes with 1 connected component
Info    : Tetrahedrizing 2804 nodes...
Info    : Done tetrahedrizing 2812 nodes (Wall 0.0406871s, CPU 0.040678s)
Info    : Reconstructing mesh...
Info    :  - Creating surface mesh
Info    :  - Identifying boundary edges
Info    :  - Recovering boundary
Info    :  - Added 19 Steiner points
Info    : Done reconstructing mesh (Wall 0.109621s, CPU 0.109603s)
Info    : Found volume 29
Info    : Found volume 28
Info    : Found volume 24
Info    : Found volume 27
Info    : Found volume 9
Info    : Found volume 31
Info    : Found volume 6
Info    : Found volume 7
Info    : Found volume 25
Info    : Found volume 26
Info    : Found volume 30
Info    : Found volume 8
Info    : Found volume 32
Info    : Found volume 10
Info    : Found volume 11
Info    : Found volume 12
Info    : It. 0 - 0 nodes created - worst tet radius 12.8606 (nodes removed 0 0)
Info    : It. 500 - 92 nodes created - worst tet radius 1.22881 (nodes removed 0 408)
Info    : It. 1000 - 246 nodes created - worst tet radius 1.01544 (nodes removed 9 745)
Info    : 3D refinement terminated (3087 nodes total):
Info    :  - 2 Delaunay cavities modified for star shapeness
Info    :  - 779 nodes could not be inserted
Info    :  - 18322 tetrahedra created in 0.0646498 sec. (283403 tets/s)
Info    : 408 node relocations
Info    : Done meshing 3D (Wall 0.339819s, CPU 0.339769s)
Info    : Optimizing mesh...
Info    : Optimizing volume 6
Info    : Optimization starts (volume = 144) with worst = 0.125314 / average = 0.526053:
Info    : 0.00 < quality < 0.10 :         0 elements
Info    : 0.10 < quality < 0.20 :         2 elements
Info    : 0.20 < quality < 0.30 :        35 elements
Info    : 0.30 < quality < 0.40 :         8 elements
Info    : 0.40 < quality < 0.50 :        47 elements
Info    : 0.50 < quality < 0.60 :        34 elements
Info    : 0.60 < quality < 0.70 :         5 elements
Info    : 0.70 < quality < 0.80 :        28 elements
Info    : 0.80 < quality < 0.90 :        17 elements
Info    : 0.90 < quality < 1.00 :         2 elements
Info    : 2 edge swaps, 0 node relocations (volume = 144): worst = 0.125314 / average = 0.525755 (Wall 0.000469391s, CPU 0.000475s)
Info    : No ill-shaped tets in the mesh :-)
Info    : 0.00 < quality < 0.10 :         0 elements
Info    : 0.10 < quality < 0.20 :         2 elements
Info    : 0.20 < quality < 0.30 :        35 elements
Info    : 0.30 < quality < 0.40 :         8 elements
Info    : 0.40 < quality < 0.50 :        49 elements
Info    : 0.50 < quality < 0.60 :        32 elements
Info    : 0.60 < quality < 0.70 :         5 elements
Info    : 0.70 < quality < 0.80 :        28 elements
Info    : 0.80 < quality < 0.90 :        17 elements
Info    : 0.90 < quality < 1.00 :         2 elements
Info    : Optimizing volume 7
Info    : Optimization starts (volume = 144) with worst = 0.125314 / average = 0.52306:
Info    : 0.00 < quality < 0.10 :         0 elements
Info    : 0.10 < quality < 0.20 :         2 elements
Info    : 0.20 < quality < 0.30 :        37 elements
Info    : 0.30 < quality < 0.40 :        12 elements
Info    : 0.40 < quality < 0.50 :        43 elements
Info    : 0.50 < quality < 0.60 :        32 elements
Info    : 0.60 < quality < 0.70 :         7 elements
Info    : 0.70 < quality < 0.80 :        28 elements
Info    : 0.80 < quality < 0.90 :        18 elements
Info    : 0.90 < quality < 1.00 :         2 elements
Info    : 4 edge swaps, 0 node relocations (volume = 144): worst = 0.125314 / average = 0.534713 (Wall 0.000228276s, CPU 0.00023s)
Info    : No ill-shaped tets in the mesh :-)
Info    : 0.00 < quality < 0.10 :         0 elements
Info    : 0.10 < quality < 0.20 :         2 elements
Info    : 0.20 < quality < 0.30 :        35 elements
Info    : 0.30 < quality < 0.40 :        10 elements
Info    : 0.40 < quality < 0.50 :        43 elements
Info    : 0.50 < quality < 0.60 :        30 elements
Info    : 0.60 < quality < 0.70 :         9 elements
Info    : 0.70 < quality < 0.80 :        32 elements
Info    : 0.80 < quality < 0.90 :        18 elements
Info    : 0.90 < quality < 1.00 :         2 elements
Info    : Optimizing volume 8
Info    : Optimization starts (volume = 48.544) with worst = 0.177187 / average = 0.605117:
Info    : 0.00 < quality < 0.10 :         0 elements
Info    : 0.10 < quality < 0.20 :         4 elements
Info    : 0.20 < quality < 0.30 :         4 elements
Info    : 0.30 < quality < 0.40 :        12 elements
Info    : 0.40 < quality < 0.50 :        12 elements
Info    : 0.50 < quality < 0.60 :        18 elements
Info    : 0.60 < quality < 0.70 :        18 elements
Info    : 0.70 < quality < 0.80 :        16 elements
Info    : 0.80 < quality < 0.90 :        12 elements
Info    : 0.90 < quality < 1.00 :         8 elements
Info    : 2 edge swaps, 0 node relocations (volume = 48.544): worst = 0.177187 / average = 0.614985 (Wall 5.8445e-05s, CPU 5.8e-05s)
Info    : No ill-shaped tets in the mesh :-)
Info    : 0.00 < quality < 0.10 :         0 elements
Info    : 0.10 < quality < 0.20 :         2 elements
Info    : 0.20 < quality < 0.30 :         4 elements
Info    : 0.30 < quality < 0.40 :        12 elements
Info    : 0.40 < quality < 0.50 :        12 elements
Info    : 0.50 < quality < 0.60 :        18 elements
Info    : 0.60 < quality < 0.70 :        16 elements
Info    : 0.70 < quality < 0.80 :        18 elements
Info    : 0.80 < quality < 0.90 :        12 elements
Info    : 0.90 < quality < 1.00 :         8 elements
Info    : Optimizing volume 9
Info    : Optimization starts (volume = 2.268) with worst = 0.0280207 / average = 0.26468:
Info    : 0.00 < quality < 0.10 :         6 elements
Info    : 0.10 < quality < 0.20 :         0 elements
Info    : 0.20 < quality < 0.30 :         2 elements
Info    : 0.30 < quality < 0.40 :         7 elements
Info    : 0.40 < quality < 0.50 :         0 elements
Info    : 0.50 < quality < 0.60 :         0 elements
Info    : 0.60 < quality < 0.70 :         2 elements
Info    : 0.70 < quality < 0.80 :         0 elements
Info    : 0.80 < quality < 0.90 :         0 elements
Info    : 0.90 < quality < 1.00 :         0 elements
Info    : 2 edge swaps, 0 node relocations (volume = 2.268): worst = 0.0280207 / average = 0.310559 (Wall 7.1405e-05s, CPU 7.1e-05s)
Info    : No ill-shaped tets in the mesh :-)
Info    : 0.00 < quality < 0.10 :         4 elements
Info    : 0.10 < quality < 0.20 :         1 elements
Info    : 0.20 < quality < 0.30 :         4 elements
Info    : 0.30 < quality < 0.40 :         3 elements
Info    : 0.40 < quality < 0.50 :         1 elements
Info    : 0.50 < quality < 0.60 :         2 elements
Info    : 0.60 < quality < 0.70 :         2 elements
Info    : 0.70 < quality < 0.80 :         0 elements
Info    : 0.80 < quality < 0.90 :         0 elements
Info    : 0.90 < quality < 1.00 :         0 elements
Info    : Optimizing volume 10
Info    : Optimization starts (volume = 2.268) with worst = 0.266475 / average = 0.325093:
Info    : 0.00 < quality < 0.10 :         0 elements
Info    : 0.10 < quality < 0.20 :         0 elements
Info    : 0.20 < quality < 0.30 :         4 elements
Info    : 0.30 < quality < 0.40 :         8 elements
Info    : 0.40 < quality < 0.50 :         0 elements
Info    : 0.50 < quality < 0.60 :         0 elements
Info    : 0.60 < quality < 0.70 :         0 elements
Info    : 0.70 < quality < 0.80 :         0 elements
Info    : 0.80 < quality < 0.90 :         0 elements
Info    : 0.90 < quality < 1.00 :         0 elements
Info    : No ill-shaped tets in the mesh :-)
Info    : 0.00 < quality < 0.10 :         0 elements
Info    : 0.10 < quality < 0.20 :         0 elements
Info    : 0.20 < quality < 0.30 :         4 elements
Info    : 0.30 < quality < 0.40 :         8 elements
Info    : 0.40 < quality < 0.50 :         0 elements
Info    : 0.50 < quality < 0.60 :         0 elements
Info    : 0.60 < quality < 0.70 :         0 elements
Info    : 0.70 < quality < 0.80 :         0 elements
Info    : 0.80 < quality < 0.90 :         0 elements
Info    : 0.90 < quality < 1.00 :         0 elements
Info    : Optimizing volume 11
Info    : Optimization starts (volume = 2.268) with worst = 0.266475 / average = 0.325093:
Info    : 0.00 < quality < 0.10 :         0 elements
Info    : 0.10 < quality < 0.20 :         0 elements
Info    : 0.20 < quality < 0.30 :         4 elements
Info    : 0.30 < quality < 0.40 :         8 elements
Info    : 0.40 < quality < 0.50 :         0 elements
Info    : 0.50 < quality < 0.60 :         0 elements
Info    : 0.60 < quality < 0.70 :         0 elements
Info    : 0.70 < quality < 0.80 :         0 elements
Info    : 0.80 < quality < 0.90 :         0 elements
Info    : 0.90 < quality < 1.00 :         0 elements
Info    : No ill-shaped tets in the mesh :-)
Info    : 0.00 < quality < 0.10 :         0 elements
Info    : 0.10 < quality < 0.20 :         0 elements
Info    : 0.20 < quality < 0.30 :         4 elements
Info    : 0.30 < quality < 0.40 :         8 elements
Info    : 0.40 < quality < 0.50 :         0 elements
Info    : 0.50 < quality < 0.60 :         0 elements
Info    : 0.60 < quality < 0.70 :         0 elements
Info    : 0.70 < quality < 0.80 :         0 elements
Info    : 0.80 < quality < 0.90 :         0 elements
Info    : 0.90 < quality < 1.00 :         0 elements
Info    : Optimizing volume 12
Info    : Optimization starts (volume = 2.268) with worst = 0.266475 / average = 0.325093:
Info    : 0.00 < quality < 0.10 :         0 elements
Info    : 0.10 < quality < 0.20 :         0 elements
Info    : 0.20 < quality < 0.30 :         4 elements
Info    : 0.30 < quality < 0.40 :         8 elements
Info    : 0.40 < quality < 0.50 :         0 elements
Info    : 0.50 < quality < 0.60 :         0 elements
Info    : 0.60 < quality < 0.70 :         0 elements
Info    : 0.70 < quality < 0.80 :         0 elements
Info    : 0.80 < quality < 0.90 :         0 elements
Info    : 0.90 < quality < 1.00 :         0 elements
Info    : No ill-shaped tets in the mesh :-)
Info    : 0.00 < quality < 0.10 :         0 elements
Info    : 0.10 < quality < 0.20 :         0 elements
Info    : 0.20 < quality < 0.30 :         4 elements
Info    : 0.30 < quality < 0.40 :         8 elements
Info    : 0.40 < quality < 0.50 :         0 elements
Info    : 0.50 < quality < 0.60 :         0 elements
Info    : 0.60 < quality < 0.70 :         0 elements
Info    : 0.70 < quality < 0.80 :         0 elements
Info    : 0.80 < quality < 0.90 :         0 elements
Info    : 0.90 < quality < 1.00 :         0 elements
Info    : Optimizing volume 24
Info    : Optimization starts (volume = 2357.34) with worst = 0.00108604 / average = 0.176342:
Info    : 0.00 < quality < 0.10 :        55 elements
Info    : 0.10 < quality < 0.20 :      1345 elements
Info    : 0.20 < quality < 0.30 :        50 elements
Info    : 0.30 < quality < 0.40 :         2 elements
Info    : 0.40 < quality < 0.50 :         0 elements
Info    : 0.50 < quality < 0.60 :         0 elements
Info    : 0.60 < quality < 0.70 :         0 elements
Info    : 0.70 < quality < 0.80 :         0 elements
Info    : 0.80 < quality < 0.90 :         0 elements
Info    : 0.90 < quality < 1.00 :         0 elements
Info    : 110 edge swaps, 20 node relocations (volume = 2357.34): worst = 0.00108604 / average = 0.176719 (Wall 0.00812391s, CPU 0.008123s)
Info    : 115 edge swaps, 41 node relocations (volume = 2357.34): worst = 0.00108604 / average = 0.176719 (Wall 0.0171701s, CPU 0.017164s)
Info    : No ill-shaped tets in the mesh :-)
Info    : 0.00 < quality < 0.10 :        48 elements
Info    : 0.10 < quality < 0.20 :      1328 elements
Info    : 0.20 < quality < 0.30 :        42 elements
Info    : 0.30 < quality < 0.40 :         6 elements
Info    : 0.40 < quality < 0.50 :         0 elements
Info    : 0.50 < quality < 0.60 :         0 elements
Info    : 0.60 < quality < 0.70 :         0 elements
Info    : 0.70 < quality < 0.80 :         0 elements
Info    : 0.80 < quality < 0.90 :         0 elements
Info    : 0.90 < quality < 1.00 :         0 elements
Info    : Optimizing volume 25
Info    : Optimization starts (volume = 1937.4) with worst = 0.0709557 / average = 0.716559:
Info    : 0.00 < quality < 0.10 :         2 elements
Info    : 0.10 < quality < 0.20 :         4 elements
Info    : 0.20 < quality < 0.30 :        18 elements
Info    : 0.30 < quality < 0.40 :        21 elements
Info    : 0.40 < quality < 0.50 :        99 elements
Info    : 0.50 < quality < 0.60 :       163 elements
Info    : 0.60 < quality < 0.70 :        85 elements
Info    : 0.70 < quality < 0.80 :       162 elements
Info    : 0.80 < quality < 0.90 :       191 elements
Info    : 0.90 < quality < 1.00 :       179 elements
Info    : 5 edge swaps, 0 node relocations (volume = 1937.4): worst = 0.14198 / average = 0.720343 (Wall 0.000230387s, CPU 0.000234s)
Info    : No ill-shaped tets in the mesh :-)
Info    : 0.00 < quality < 0.10 :         0 elements
Info    : 0.10 < quality < 0.20 :         3 elements
Info    : 0.20 < quality < 0.30 :        15 elements
Info    : 0.30 < quality < 0.40 :        19 elements
Info    : 0.40 < quality < 0.50 :        99 elements
Info    : 0.50 < quality < 0.60 :       166 elements
Info    : 0.60 < quality < 0.70 :        86 elements
Info    : 0.70 < quality < 0.80 :       160 elements
Info    : 0.80 < quality < 0.90 :       190 elements
Info    : 0.90 < quality < 1.00 :       181 elements
Info    : Optimizing volume 26
Info    : Optimization starts (volume = 504.499) with worst = 0.0753985 / average = 0.651194:
Info    : 0.00 < quality < 0.10 :         2 elements
Info    : 0.10 < quality < 0.20 :         6 elements
Info    : 0.20 < quality < 0.30 :         5 elements
Info    : 0.30 < quality < 0.40 :        16 elements
Info    : 0.40 < quality < 0.50 :         9 elements
Info    : 0.50 < quality < 0.60 :        79 elements
Info    : 0.60 < quality < 0.70 :        42 elements
Info    : 0.70 < quality < 0.80 :        44 elements
Info    : 0.80 < quality < 0.90 :        56 elements
Info    : 0.90 < quality < 1.00 :        22 elements
Info    : 5 edge swaps, 0 node relocations (volume = 504.499): worst = 0.157312 / average = 0.662381 (Wall 0.000115262s, CPU 0.000116s)
Info    : No ill-shaped tets in the mesh :-)
Info    : 0.00 < quality < 0.10 :         0 elements
Info    : 0.10 < quality < 0.20 :         4 elements
Info    : 0.20 < quality < 0.30 :         4 elements
Info    : 0.30 < quality < 0.40 :        13 elements
Info    : 0.40 < quality < 0.50 :         9 elements
Info    : 0.50 < quality < 0.60 :        82 elements
Info    : 0.60 < quality < 0.70 :        42 elements
Info    : 0.70 < quality < 0.80 :        44 elements
Info    : 0.80 < quality < 0.90 :        55 elements
Info    : 0.90 < quality < 1.00 :        23 elements
Info    : Optimizing volume 27
Info    : Optimization starts (volume = 1.24042e+07) with worst = 0.0206573 / average = 0.631001:
Info    : 0.00 < quality < 0.10 :         6 elements
Info    : 0.10 < quality < 0.20 :         9 elements
Info    : 0.20 < quality < 0.30 :        25 elements
Info    : 0.30 < quality < 0.40 :        40 elements
Info    : 0.40 < quality < 0.50 :       138 elements
Info    : 0.50 < quality < 0.60 :       237 elements
Info    : 0.60 < quality < 0.70 :       228 elements
Info    : 0.70 < quality < 0.80 :       203 elements
Info    : 0.80 < quality < 0.90 :       103 elements
Info    : 0.90 < quality < 1.00 :        66 elements
Info    : 35 edge swaps, 1 node relocations (volume = 1.24042e+07): worst = 0.223352 / average = 0.645141 (Wall 0.000751534s, CPU 0.000748s)
Info    : 37 edge swaps, 1 node relocations (volume = 1.24042e+07): worst = 0.267938 / average = 0.646291 (Wall 0.000856836s, CPU 0.000861s)
Info    : No ill-shaped tets in the mesh :-)
Info    : 0.00 < quality < 0.10 :         0 elements
Info    : 0.10 < quality < 0.20 :         0 elements
Info    : 0.20 < quality < 0.30 :         1 elements
Info    : 0.30 < quality < 0.40 :        46 elements
Info    : 0.40 < quality < 0.50 :       143 elements
Info    : 0.50 < quality < 0.60 :       233 elements
Info    : 0.60 < quality < 0.70 :       223 elements
Info    : 0.70 < quality < 0.80 :       206 elements
Info    : 0.80 < quality < 0.90 :       110 elements
Info    : 0.90 < quality < 1.00 :        64 elements
Info    : Optimizing volume 28
Info    : Optimization starts (volume = 24808.4) with worst = 0.000489732 / average = 0.0544218:
Info    : 0.00 < quality < 0.10 :      1173 elements
Info    : 0.10 < quality < 0.20 :       217 elements
Info    : 0.20 < quality < 0.30 :         0 elements
Info    : 0.30 < quality < 0.40 :         0 elements
Info    : 0.40 < quality < 0.50 :         0 elements
Info    : 0.50 < quality < 0.60 :         0 elements
Info    : 0.60 < quality < 0.70 :         0 elements
Info    : 0.70 < quality < 0.80 :         0 elements
Info    : 0.80 < quality < 0.90 :         0 elements
Info    : 0.90 < quality < 1.00 :         0 elements
Info    : 209 edge swaps, 0 node relocations (volume = 24808.4): worst = 0.00170019 / average = 0.0558903 (Wall 0.00757731s, CPU 0.007543s)
Info    : 224 edge swaps, 0 node relocations (volume = 24808.4): worst = 0.00170019 / average = 0.0560421 (Wall 0.0157026s, CPU 0.015698s)
Info    : No ill-shaped tets in the mesh :-)
Info    : 0.00 < quality < 0.10 :      1027 elements
Info    : 0.10 < quality < 0.20 :       191 elements
Info    : 0.20 < quality < 0.30 :         0 elements
Info    : 0.30 < quality < 0.40 :         0 elements
Info    : 0.40 < quality < 0.50 :         0 elements
Info    : 0.50 < quality < 0.60 :         0 elements
Info    : 0.60 < quality < 0.70 :         0 elements
Info    : 0.70 < quality < 0.80 :         0 elements
Info    : 0.80 < quality < 0.90 :         0 elements
Info    : 0.90 < quality < 1.00 :         0 elements
Info    : Optimizing volume 29
Info    : Optimization starts (volume = 970463) with worst = 0.000196682 / average = 0.459092:
Info    : 0.00 < quality < 0.10 :       264 elements
Info    : 0.10 < quality < 0.20 :      1114 elements
Info    : 0.20 < quality < 0.30 :       971 elements
Info    : 0.30 < quality < 0.40 :      1281 elements
Info    : 0.40 < quality < 0.50 :      1136 elements
Info    : 0.50 < quality < 0.60 :      1271 elements
Info    : 0.60 < quality < 0.70 :       913 elements
Info    : 0.70 < quality < 0.80 :       705 elements
Info    : 0.80 < quality < 0.90 :       558 elements
Info    : 0.90 < quality < 1.00 :       206 elements
Info    : 521 edge swaps, 36 node relocations (volume = 970463): worst = 0.00144251 / average = 0.474956 (Wall 0.0235028s, CPU 0.023498s)
Info    : 571 edge swaps, 54 node relocations (volume = 970463): worst = 0.00144251 / average = 0.475203 (Wall 0.0394648s, CPU 0.039459s)
Info    : No ill-shaped tets in the mesh :-)
Info    : 0.00 < quality < 0.10 :       101 elements
Info    : 0.10 < quality < 0.20 :       987 elements
Info    : 0.20 < quality < 0.30 :       776 elements
Info    : 0.30 < quality < 0.40 :      1303 elements
Info    : 0.40 < quality < 0.50 :      1144 elements
Info    : 0.50 < quality < 0.60 :      1256 elements
Info    : 0.60 < quality < 0.70 :       899 elements
Info    : 0.70 < quality < 0.80 :       722 elements
Info    : 0.80 < quality < 0.90 :       573 elements
Info    : 0.90 < quality < 1.00 :       184 elements
Info    : Optimizing volume 30
Info    : Optimization starts (volume = 232578) with worst = 0.0162837 / average = 0.518387:
Info    : 0.00 < quality < 0.10 :        23 elements
Info    : 0.10 < quality < 0.20 :        99 elements
Info    : 0.20 < quality < 0.30 :       196 elements
Info    : 0.30 < quality < 0.40 :       242 elements
Info    : 0.40 < quality < 0.50 :       333 elements
Info    : 0.50 < quality < 0.60 :       370 elements
Info    : 0.60 < quality < 0.70 :       398 elements
Info    : 0.70 < quality < 0.80 :       286 elements
Info    : 0.80 < quality < 0.90 :        98 elements
Info    : 0.90 < quality < 1.00 :         4 elements
Info    : 105 edge swaps, 0 node relocations (volume = 232578): worst = 0.097069 / average = 0.532376 (Wall 0.00196674s, CPU 0.001967s)
Info    : 115 edge swaps, 0 node relocations (volume = 232578): worst = 0.097069 / average = 0.532716 (Wall 0.00328798s, CPU 0.003292s)
Info    : No ill-shaped tets in the mesh :-)
Info    : 0.00 < quality < 0.10 :         2 elements
Info    : 0.10 < quality < 0.20 :        64 elements
Info    : 0.20 < quality < 0.30 :       156 elements
Info    : 0.30 < quality < 0.40 :       250 elements
Info    : 0.40 < quality < 0.50 :       325 elements
Info    : 0.50 < quality < 0.60 :       370 elements
Info    : 0.60 < quality < 0.70 :       399 elements
Info    : 0.70 < quality < 0.80 :       284 elements
Info    : 0.80 < quality < 0.90 :        99 elements
Info    : 0.90 < quality < 1.00 :         4 elements
Info    : Optimizing volume 31
Info    : Optimization starts (volume = 1.11638e+07) with worst = 0.0490175 / average = 0.596794:
Info    : 0.00 < quality < 0.10 :         5 elements
Info    : 0.10 < quality < 0.20 :        13 elements
Info    : 0.20 < quality < 0.30 :        33 elements
Info    : 0.30 < quality < 0.40 :        96 elements
Info    : 0.40 < quality < 0.50 :       233 elements
Info    : 0.50 < quality < 0.60 :       284 elements
Info    : 0.60 < quality < 0.70 :       256 elements
Info    : 0.70 < quality < 0.80 :       232 elements
Info    : 0.80 < quality < 0.90 :       102 elements
Info    : 0.90 < quality < 1.00 :        41 elements
Info    : 48 edge swaps, 2 node relocations (volume = 1.11638e+07): worst = 0.169423 / average = 0.610134 (Wall 0.000604831s, CPU 0.000607s)
Info    : 52 edge swaps, 3 node relocations (volume = 1.11638e+07): worst = 0.25822 / average = 0.611409 (Wall 0.000861968s, CPU 0.000862s)
Info    : 54 edge swaps, 3 node relocations (volume = 1.11638e+07): worst = 0.25822 / average = 0.611748 (Wall 0.00102643s, CPU 0.001029s)
Info    : No ill-shaped tets in the mesh :-)
Info    : 0.00 < quality < 0.10 :         0 elements
Info    : 0.10 < quality < 0.20 :         0 elements
Info    : 0.20 < quality < 0.30 :         5 elements
Info    : 0.30 < quality < 0.40 :        98 elements
Info    : 0.40 < quality < 0.50 :       225 elements
Info    : 0.50 < quality < 0.60 :       282 elements
Info    : 0.60 < quality < 0.70 :       266 elements
Info    : 0.70 < quality < 0.80 :       235 elements
Info    : 0.80 < quality < 0.90 :       104 elements
Info    : 0.90 < quality < 1.00 :        37 elements
Info    : Optimizing volume 32
Info    : Optimization starts (volume = 3.60989e+07) with worst = 0.00483835 / average = 0.564909:
Info    : 0.00 < quality < 0.10 :        91 elements
Info    : 0.10 < quality < 0.20 :        28 elements
Info    : 0.20 < quality < 0.30 :        25 elements
Info    : 0.30 < quality < 0.40 :        63 elements
Info    : 0.40 < quality < 0.50 :        62 elements
Info    : 0.50 < quality < 0.60 :       130 elements
Info    : 0.60 < quality < 0.70 :       224 elements
Info    : 0.70 < quality < 0.80 :       204 elements
Info    : 0.80 < quality < 0.90 :       104 elements
Info    : 0.90 < quality < 1.00 :        10 elements
Info    : 32 edge swaps, 0 node relocations (volume = 3.60989e+07): worst = 0.00739349 / average = 0.576618 (Wall 0.00124923s, CPU 0.001248s)
Info    : No ill-shaped tets in the mesh :-)
Info    : 0.00 < quality < 0.10 :        81 elements
Info    : 0.10 < quality < 0.20 :        26 elements
Info    : 0.20 < quality < 0.30 :        12 elements
Info    : 0.30 < quality < 0.40 :        61 elements
Info    : 0.40 < quality < 0.50 :        63 elements
Info    : 0.50 < quality < 0.60 :       131 elements
Info    : 0.60 < quality < 0.70 :       225 elements
Info    : 0.70 < quality < 0.80 :       207 elements
Info    : 0.80 < quality < 0.90 :        99 elements
Info    : 0.90 < quality < 1.00 :        13 elements
Info    : Done optimizing mesh (Wall 0.10726s, CPU 0.107243s)
Info    : 3087 nodes 24763 elements
Info    : Writing '/foss/designs/inductor_synth/palace_model/inductor3_N2_do64.52_w2.01_s2.01_data/inductor3_N2_do64.52_w2.01_s2.01.msh'...
Info    : Done writing '/foss/designs/inductor_synth/palace_model/inductor3_N2_do64.52_w2.01_s2.01_data/inductor3_N2_do64.52_w2.01_s2.01.msh'
Info    : Clearing all models and views...
Info    : Done clearing all models and views
Info    : Meshing 1D...
Info    : [  0%] Meshing curve 64 (Line)
Info    : [ 10%] Meshing curve 65 (Line)
Info    : [ 10%] Meshing curve 67 (Line)
Info    : [ 10%] Meshing curve 69 (Line)
Info    : [ 10%] Meshing curve 70 (Line)
Info    : [ 10%] Meshing curve 71 (Line)
Info    : [ 10%] Meshing curve 72 (Line)
Info    : [ 10%] Meshing curve 76 (Line)
Info    : [ 10%] Meshing curve 77 (Line)
Info    : [ 10%] Meshing curve 79 (Line)
Info    : [ 10%] Meshing curve 81 (Line)
Info    : [ 10%] Meshing curve 82 (Line)
Info    : [ 10%] Meshing curve 83 (Line)
Info    : [ 10%] Meshing curve 84 (Line)
Info    : [ 10%] Meshing curve 85 (Line)
Info    : [ 10%] Meshing curve 86 (Line)
Info    : [ 10%] Meshing curve 87 (Line)
Info    : [ 10%] Meshing curve 88 (Line)
Info    : [ 10%] Meshing curve 89 (Line)
Info    : [ 10%] Meshing curve 90 (Line)
Info    : [ 10%] Meshing curve 91 (Line)
Info    : [ 10%] Meshing curve 92 (Line)
Info    : [ 10%] Meshing curve 93 (Line)
Info    : [ 10%] Meshing curve 94 (Line)
Info    : [ 10%] Meshing curve 95 (Line)
Info    : [ 10%] Meshing curve 96 (Line)
Info    : [ 10%] Meshing curve 97 (Line)
Info    : [ 10%] Meshing curve 98 (Line)
Info    : [ 10%] Meshing curve 99 (Line)
Info    : [ 10%] Meshing curve 100 (Line)
Info    : [ 10%] Meshing curve 101 (Line)
Info    : [ 10%] Meshing curve 102 (Line)
Info    : [ 10%] Meshing curve 103 (Line)
Info    : [ 10%] Meshing curve 104 (Line)
Info    : [ 20%] Meshing curve 105 (Line)
Info    : [ 20%] Meshing curve 106 (Line)
Info    : [ 20%] Meshing curve 107 (Line)
Info    : [ 20%] Meshing curve 108 (Line)
Info    : [ 20%] Meshing curve 109 (Line)
Info    : [ 20%] Meshing curve 110 (Line)
Info    : [ 20%] Meshing curve 111 (Line)
Info    : [ 20%] Meshing curve 112 (Line)
Info    : [ 20%] Meshing curve 113 (Line)
Info    : [ 20%] Meshing curve 114 (Line)
Info    : [ 20%] Meshing curve 115 (Line)
Info    : [ 20%] Meshing curve 116 (Line)
Info    : [ 20%] Meshing curve 117 (Line)
Info    : [ 20%] Meshing curve 118 (Line)
Info    : [ 20%] Meshing curve 119 (Line)
Info    : [ 20%] Meshing curve 120 (Line)
Info    : [ 20%] Meshing curve 121 (Line)
Info    : [ 20%] Meshing curve 122 (Line)
Info    : [ 20%] Meshing curve 123 (Line)
Info    : [ 20%] Meshing curve 124 (Line)
Info    : [ 20%] Meshing curve 125 (Line)
Info    : [ 20%] Meshing curve 126 (Line)
Info    : [ 20%] Meshing curve 127 (Line)
Info    : [ 20%] Meshing curve 128 (Line)
Info    : [ 20%] Meshing curve 129 (Line)
Info    : [ 20%] Meshing curve 130 (Line)
Info    : [ 20%] Meshing curve 131 (Line)
Info    : [ 20%] Meshing curve 132 (Line)
Info    : [ 20%] Meshing curve 133 (Line)
Info    : [ 20%] Meshing curve 134 (Line)
Info    : [ 20%] Meshing curve 135 (Line)
Info    : [ 20%] Meshing curve 136 (Line)
Info    : [ 20%] Meshing curve 137 (Line)
Info    : [ 20%] Meshing curve 138 (Line)
Info    : [ 30%] Meshing curve 139 (Line)
Info    : [ 30%] Meshing curve 140 (Line)
Info    : [ 30%] Meshing curve 141 (Line)
Info    : [ 30%] Meshing curve 142 (Line)
Info    : [ 30%] Meshing curve 143 (Line)
Info    : [ 30%] Meshing curve 144 (Line)
Info    : [ 30%] Meshing curve 145 (Line)
Info    : [ 30%] Meshing curve 146 (Line)
Info    : [ 30%] Meshing curve 147 (Line)
Info    : [ 30%] Meshing curve 148 (Line)
Info    : [ 30%] Meshing curve 149 (Line)
Info    : [ 30%] Meshing curve 150 (Line)
Info    : [ 30%] Meshing curve 151 (Line)
Info    : [ 30%] Meshing curve 152 (Line)
Info    : [ 30%] Meshing curve 153 (Line)
Info    : [ 30%] Meshing curve 154 (Line)
Info    : [ 30%] Meshing curve 155 (Line)
Info    : [ 30%] Meshing curve 156 (Line)
Info    : [ 30%] Meshing curve 397 (Line)
Info    : [ 30%] Meshing curve 398 (Line)
Info    : [ 30%] Meshing curve 399 (Line)
Info    : [ 30%] Meshing curve 400 (Line)
Info    : [ 30%] Meshing curve 401 (Line)
Info    : [ 30%] Meshing curve 402 (Line)
Info    : [ 30%] Meshing curve 403 (Line)
Info    : [ 30%] Meshing curve 404 (Line)
Info    : [ 30%] Meshing curve 405 (Line)
Info    : [ 30%] Meshing curve 406 (Line)
Info    : [ 30%] Meshing curve 407 (Line)
Info    : [ 30%] Meshing curve 408 (Line)
Info    : [ 30%] Meshing curve 409 (TrimmedCurve)
Info    : [ 30%] Meshing curve 410 (Line)
Info    : [ 30%] Meshing curve 411 (TrimmedCurve)
Info    : [ 30%] Meshing curve 412 (Line)
Info    : [ 40%] Meshing curve 413 (Line)
Info    : [ 40%] Meshing curve 414 (Line)
Info    : [ 40%] Meshing curve 415 (Line)
Info    : [ 40%] Meshing curve 416 (Line)
Info    : [ 40%] Meshing curve 417 (Line)
Info    : [ 40%] Meshing curve 418 (Line)
Info    : [ 40%] Meshing curve 419 (Line)
Info    : [ 40%] Meshing curve 420 (TrimmedCurve)
Info    : [ 40%] Meshing curve 421 (Line)
Info    : [ 40%] Meshing curve 422 (TrimmedCurve)
Info    : [ 40%] Meshing curve 423 (Line)
Info    : [ 40%] Meshing curve 424 (Line)
Info    : [ 40%] Meshing curve 425 (Line)
Info    : [ 40%] Meshing curve 426 (Line)
Info    : [ 40%] Meshing curve 427 (Line)
Info    : [ 40%] Meshing curve 428 (Line)
Info    : [ 40%] Meshing curve 429 (Line)
Info    : [ 40%] Meshing curve 430 (Line)
Info    : [ 40%] Meshing curve 431 (Line)
Info    : [ 40%] Meshing curve 432 (Line)
Info    : [ 40%] Meshing curve 433 (TrimmedCurve)
Info    : [ 40%] Meshing curve 434 (Line)
Info    : [ 40%] Meshing curve 435 (TrimmedCurve)
Info    : [ 40%] Meshing curve 436 (Line)
Info    : [ 40%] Meshing curve 437 (Line)
Info    : [ 40%] Meshing curve 438 (Line)
Info    : [ 40%] Meshing curve 439 (Line)
Info    : [ 40%] Meshing curve 440 (TrimmedCurve)
Info    : [ 40%] Meshing curve 441 (Line)
Info    : [ 40%] Meshing curve 442 (TrimmedCurve)
Info    : [ 40%] Meshing curve 443 (Line)
Info    : [ 40%] Meshing curve 444 (TrimmedCurve)
Info    : [ 40%] Meshing curve 445 (Line)
Info    : [ 40%] Meshing curve 446 (TrimmedCurve)
Info    : [ 50%] Meshing curve 447 (Line)
Info    : [ 50%] Meshing curve 448 (TrimmedCurve)
Info    : [ 50%] Meshing curve 449 (Line)
Info    : [ 50%] Meshing curve 450 (Line)
Info    : [ 50%] Meshing curve 451 (Line)
Info    : [ 50%] Meshing curve 452 (Line)
Info    : [ 50%] Meshing curve 453 (Line)
Info    : [ 50%] Meshing curve 454 (TrimmedCurve)
Info    : [ 50%] Meshing curve 455 (Line)
Info    : [ 50%] Meshing curve 456 (TrimmedCurve)
Info    : [ 50%] Meshing curve 457 (Line)
Info    : [ 50%] Meshing curve 458 (TrimmedCurve)
Info    : [ 50%] Meshing curve 459 (Line)
Info    : [ 50%] Meshing curve 460 (TrimmedCurve)
Info    : [ 50%] Meshing curve 461 (Line)
Info    : [ 50%] Meshing curve 462 (TrimmedCurve)
Info    : [ 50%] Meshing curve 463 (Line)
Info    : [ 50%] Meshing curve 464 (TrimmedCurve)
Info    : [ 50%] Meshing curve 465 (Line)
Info    : [ 50%] Meshing curve 466 (Line)
Info    : [ 50%] Meshing curve 467 (Line)
Info    : [ 50%] Meshing curve 468 (Line)
Info    : [ 50%] Meshing curve 469 (Line)
Info    : [ 50%] Meshing curve 470 (TrimmedCurve)
Info    : [ 50%] Meshing curve 471 (Line)
Info    : [ 50%] Meshing curve 472 (Line)
Info    : [ 50%] Meshing curve 473 (Line)
Info    : [ 50%] Meshing curve 474 (Line)
Info    : [ 50%] Meshing curve 475 (TrimmedCurve)
Info    : [ 50%] Meshing curve 476 (Line)
Info    : [ 50%] Meshing curve 477 (TrimmedCurve)
Info    : [ 50%] Meshing curve 478 (Line)
Info    : [ 50%] Meshing curve 479 (TrimmedCurve)
Info    : [ 50%] Meshing curve 480 (Line)
Info    : [ 60%] Meshing curve 481 (TrimmedCurve)
Info    : [ 60%] Meshing curve 482 (Line)
Info    : [ 60%] Meshing curve 483 (TrimmedCurve)
Info    : [ 60%] Meshing curve 484 (Line)
Info    : [ 60%] Meshing curve 485 (Line)
Info    : [ 60%] Meshing curve 486 (Line)
Info    : [ 60%] Meshing curve 487 (Line)
Info    : [ 60%] Meshing curve 488 (Line)
Info    : [ 60%] Meshing curve 489 (TrimmedCurve)
Info    : [ 60%] Meshing curve 490 (Line)
Info    : [ 60%] Meshing curve 491 (TrimmedCurve)
Info    : [ 60%] Meshing curve 492 (Line)
Info    : [ 60%] Meshing curve 493 (TrimmedCurve)
Info    : [ 60%] Meshing curve 494 (Line)
Info    : [ 60%] Meshing curve 495 (TrimmedCurve)
Info    : [ 60%] Meshing curve 496 (Line)
Info    : [ 60%] Meshing curve 497 (TrimmedCurve)
Info    : [ 60%] Meshing curve 498 (Line)
Info    : [ 60%] Meshing curve 499 (TrimmedCurve)
Info    : [ 60%] Meshing curve 500 (Line)
Info    : [ 60%] Meshing curve 501 (Line)
Info    : [ 60%] Meshing curve 502 (Line)
Info    : [ 60%] Meshing curve 503 (Line)
Info    : [ 60%] Meshing curve 504 (Line)
Info    : [ 60%] Meshing curve 505 (TrimmedCurve)
Info    : [ 60%] Meshing curve 506 (Line)
Info    : [ 60%] Meshing curve 507 (Line)
Info    : [ 60%] Meshing curve 508 (Line)
Info    : [ 60%] Meshing curve 509 (Line)
Info    : [ 60%] Meshing curve 510 (Line)
Info    : [ 60%] Meshing curve 511 (Line)
Info    : [ 60%] Meshing curve 512 (Line)
Info    : [ 60%] Meshing curve 513 (Line)
Info    : [ 70%] Meshing curve 514 (Line)
Info    : [ 70%] Meshing curve 515 (Line)
Info    : [ 70%] Meshing curve 516 (Line)
Info    : [ 70%] Meshing curve 517 (Line)
Info    : [ 70%] Meshing curve 518 (Line)
Info    : [ 70%] Meshing curve 519 (Line)
Info    : [ 70%] Meshing curve 520 (Line)
Info    : [ 70%] Meshing curve 521 (Line)
Info    : [ 70%] Meshing curve 522 (Line)
Info    : [ 70%] Meshing curve 523 (Line)
Info    : [ 70%] Meshing curve 524 (Line)
Info    : [ 70%] Meshing curve 525 (Line)
Info    : [ 70%] Meshing curve 526 (Line)
Info    : [ 70%] Meshing curve 527 (Line)
Info    : [ 70%] Meshing curve 528 (Line)
Info    : [ 70%] Meshing curve 529 (Line)
Info    : [ 70%] Meshing curve 530 (Line)
Info    : [ 70%] Meshing curve 531 (Line)
Info    : [ 70%] Meshing curve 532 (Line)
Info    : [ 70%] Meshing curve 533 (Line)
Info    : [ 70%] Meshing curve 534 (Line)
Info    : [ 70%] Meshing curve 535 (Line)
Info    : [ 70%] Meshing curve 536 (Line)
Info    : [ 70%] Meshing curve 537 (Line)
Info    : [ 70%] Meshing curve 538 (Line)
Info    : [ 70%] Meshing curve 539 (Line)
Info    : [ 70%] Meshing curve 540 (Line)
Info    : [ 70%] Meshing curve 541 (Line)
Info    : [ 70%] Meshing curve 542 (Line)
Info    : [ 70%] Meshing curve 543 (Line)
Info    : [ 70%] Meshing curve 544 (Line)
Info    : [ 70%] Meshing curve 545 (Line)
Info    : [ 70%] Meshing curve 546 (Line)
Info    : [ 70%] Meshing curve 547 (Line)
Info    : [ 80%] Meshing curve 548 (Line)
Info    : [ 80%] Meshing curve 549 (Line)
Info    : [ 80%] Meshing curve 550 (Line)
Info    : [ 80%] Meshing curve 551 (Line)
Info    : [ 80%] Meshing curve 552 (TrimmedCurve)
Info    : [ 80%] Meshing curve 553 (Line)
Info    : [ 80%] Meshing curve 554 (Line)
Info    : [ 80%] Meshing curve 555 (Line)
Info    : [ 80%] Meshing curve 556 (Line)
Info    : [ 80%] Meshing curve 557 (Line)
Info    : [ 80%] Meshing curve 558 (TrimmedCurve)
Info    : [ 80%] Meshing curve 559 (Line)
Info    : [ 80%] Meshing curve 560 (Line)
Info    : [ 80%] Meshing curve 561 (TrimmedCurve)
Info    : [ 80%] Meshing curve 562 (Line)
Info    : [ 80%] Meshing curve 563 (Line)
Info    : [ 80%] Meshing curve 564 (Line)
Info    : [ 80%] Meshing curve 565 (Line)
Info    : [ 80%] Meshing curve 566 (Line)
Info    : [ 80%] Meshing curve 567 (TrimmedCurve)
Info    : [ 80%] Meshing curve 568 (Line)
Info    : [ 80%] Meshing curve 569 (Line)
Info    : [ 80%] Meshing curve 570 (Line)
Info    : [ 80%] Meshing curve 571 (Line)
Info    : [ 80%] Meshing curve 572 (Line)
Info    : [ 80%] Meshing curve 573 (Line)
Info    : [ 80%] Meshing curve 574 (Line)
Info    : [ 80%] Meshing curve 575 (Line)
Info    : [ 80%] Meshing curve 576 (Line)
Info    : [ 80%] Meshing curve 577 (Line)
Info    : [ 80%] Meshing curve 578 (Line)
Info    : [ 80%] Meshing curve 579 (Line)
Info    : [ 80%] Meshing curve 580 (Line)
Info    : [ 80%] Meshing curve 581 (Line)
Info    : [ 90%] Meshing curve 582 (Line)
Info    : [ 90%] Meshing curve 583 (Line)
Info    : [ 90%] Meshing curve 584 (Line)
Info    : [ 90%] Meshing curve 585 (Line)
Info    : [ 90%] Meshing curve 586 (Line)
Info    : [ 90%] Meshing curve 587 (Line)
Info    : [ 90%] Meshing curve 588 (Line)
Info    : [ 90%] Meshing curve 589 (Line)
Info    : [ 90%] Meshing curve 590 (Line)
Info    : [ 90%] Meshing curve 591 (Line)
Info    : [ 90%] Meshing curve 592 (Line)
Info    : [ 90%] Meshing curve 593 (Line)
Info    : [ 90%] Meshing curve 594 (Line)
Info    : [ 90%] Meshing curve 595 (Line)
Info    : [ 90%] Meshing curve 596 (Line)
Info    : [ 90%] Meshing curve 597 (Line)
Info    : [ 90%] Meshing curve 598 (Line)
Info    : [ 90%] Meshing curve 599 (Line)
Info    : [ 90%] Meshing curve 600 (Line)
Info    : [ 90%] Meshing curve 601 (Line)
Info    : [ 90%] Meshing curve 602 (Line)
Info    : [ 90%] Meshing curve 603 (Line)
Info    : [ 90%] Meshing curve 604 (Line)
Info    : [ 90%] Meshing curve 605 (Line)
Info    : [ 90%] Meshing curve 606 (Line)
Info    : [ 90%] Meshing curve 607 (Line)
Info    : [ 90%] Meshing curve 608 (Line)
Info    : [ 90%] Meshing curve 609 (Line)
Info    : [ 90%] Meshing curve 610 (Line)
Info    : [ 90%] Meshing curve 611 (Line)
Info    : [ 90%] Meshing curve 612 (Line)
Info    : [ 90%] Meshing curve 613 (Line)
Info    : [ 90%] Meshing curve 614 (Line)
Info    : [ 90%] Meshing curve 615 (Line)
Info    : [100%] Meshing curve 616 (Line)
Info    : [100%] Meshing curve 617 (Line)
Info    : [100%] Meshing curve 618 (Line)
Info    : [100%] Meshing curve 619 (Line)
Info    : [100%] Meshing curve 620 (Line)
Info    : [100%] Meshing curve 621 (Line)
Info    : [100%] Meshing curve 622 (Line)
Info    : [100%] Meshing curve 623 (Line)
Info    : [100%] Meshing curve 624 (Line)
Info    : [100%] Meshing curve 625 (Line)
Info    : [100%] Meshing curve 626 (Line)
Info    : [100%] Meshing curve 627 (Line)
Info    : [100%] Meshing curve 628 (Line)
Info    : [100%] Meshing curve 629 (Line)
Info    : [100%] Meshing curve 630 (Line)
Info    : [100%] Meshing curve 631 (Line)
Info    : [100%] Meshing curve 632 (Line)
Info    : [100%] Meshing curve 633 (Line)
Info    : [100%] Meshing curve 634 (Line)
Info    : [100%] Meshing curve 635 (Line)
Info    : [100%] Meshing curve 636 (Line)
Info    : [100%] Meshing curve 637 (Line)
Info    : [100%] Meshing curve 638 (Line)
Info    : [100%] Meshing curve 639 (Line)
Info    : [100%] Meshing curve 640 (Line)
Info    : [100%] Meshing curve 641 (Line)
Info    : [100%] Meshing curve 642 (Line)
Info    : [100%] Meshing curve 643 (Line)
Info    : [100%] Meshing curve 644 (Line)
Info    : [100%] Meshing curve 645 (Line)
Info    : [100%] Meshing curve 646 (Line)
Info    : [100%] Meshing curve 647 (Line)
Info    : [100%] Meshing curve 648 (Line)
Info    : Done meshing 1D (Wall 1.30797s, CPU 1.30465s)
Info    : Meshing 2D...
Info    : [  0%] Meshing surface 35 (Plane, Delaunay)
Info    : [ 10%] Meshing surface 41 (Plane, Delaunay)
Info    : [ 10%] Meshing surface 43 (Plane, Delaunay)
Info    : [ 10%] Meshing surface 44 (Plane, Delaunay)
Info    : [ 10%] Meshing surface 45 (Plane, Delaunay)
Info    : [ 10%] Meshing surface 46 (Plane, Delaunay)
Info    : [ 10%] Meshing surface 47 (Plane, Delaunay)
Info    : [ 10%] Meshing surface 48 (Plane, Delaunay)
Info    : [ 10%] Meshing surface 49 (Plane, Delaunay)
Info    : [ 10%] Meshing surface 50 (Plane, Delaunay)
Info    : [ 10%] Meshing surface 51 (Plane, Delaunay)
Info    : [ 10%] Meshing surface 53 (Plane, Delaunay)
Info    : [ 10%] Meshing surface 54 (Plane, Delaunay)
Info    : [ 10%] Meshing surface 55 (Plane, Delaunay)
Info    : [ 10%] Meshing surface 56 (Plane, Delaunay)
Info    : [ 20%] Meshing surface 57 (Plane, Delaunay)
Info    : [ 20%] Meshing surface 58 (Plane, Delaunay)
Info    : [ 20%] Meshing surface 59 (Plane, Delaunay)
Info    : [ 20%] Meshing surface 60 (Plane, Delaunay)
Info    : [ 20%] Meshing surface 61 (Plane, Delaunay)
Info    : [ 20%] Meshing surface 62 (Plane, Delaunay)
Info    : [ 20%] Meshing surface 63 (Plane, Delaunay)
Info    : [ 20%] Meshing surface 64 (Plane, Delaunay)
Info    : [ 20%] Meshing surface 65 (Plane, Delaunay)
Info    : [ 20%] Meshing surface 66 (Plane, Delaunay)
Info    : [ 20%] Meshing surface 67 (Plane, Delaunay)
Info    : [ 20%] Meshing surface 68 (Plane, Delaunay)
Info    : [ 20%] Meshing surface 69 (Plane, Delaunay)
Info    : [ 20%] Meshing surface 70 (Plane, Delaunay)
Info    : [ 20%] Meshing surface 71 (Plane, Delaunay)
Info    : [ 30%] Meshing surface 72 (Plane, Delaunay)
Info    : [ 30%] Meshing surface 73 (Plane, Delaunay)
Info    : [ 30%] Meshing surface 74 (Plane, Delaunay)
Info    : [ 30%] Meshing surface 75 (Plane, Delaunay)
Info    : [ 30%] Meshing surface 76 (Plane, Delaunay)
Info    : [ 30%] Meshing surface 179 (Plane, Delaunay)
Info    : [ 30%] Meshing surface 180 (Plane, Delaunay)
Info    : [ 30%] Meshing surface 181 (Plane, Delaunay)
Info    : [ 30%] Meshing surface 183 (Plane, Delaunay)
Info    : [ 30%] Meshing surface 184 (Plane, Delaunay)
Info    : [ 30%] Meshing surface 185 (Plane, Delaunay)
Info    : [ 30%] Meshing surface 186 (Plane, Delaunay)
Info    : [ 30%] Meshing surface 187 (Plane, Delaunay)
Info    : [ 30%] Meshing surface 188 (Plane, Delaunay)
Info    : [ 40%] Meshing surface 189 (Plane, Delaunay)
Info    : [ 40%] Meshing surface 190 (Plane, Delaunay)
Info    : [ 40%] Meshing surface 191 (Plane, Delaunay)
Info    : [ 40%] Meshing surface 192 (Plane, Delaunay)
Info    : [ 40%] Meshing surface 193 (Plane, Delaunay)
Info    : [ 40%] Meshing surface 195 (Plane, Delaunay)
Info    : [ 40%] Meshing surface 196 (Plane, Delaunay)
Info    : [ 40%] Meshing surface 197 (Plane, Delaunay)
Info    : [ 40%] Meshing surface 198 (Plane, Delaunay)
Info    : [ 40%] Meshing surface 199 (Plane, Delaunay)
Info    : [ 40%] Meshing surface 200 (Plane, Delaunay)
Info    : [ 40%] Meshing surface 201 (Plane, Delaunay)
Info    : [ 40%] Meshing surface 202 (Plane, Delaunay)
Info    : [ 40%] Meshing surface 203 (Plane, Delaunay)
Info    : [ 40%] Meshing surface 204 (Plane, Delaunay)
Info    : [ 50%] Meshing surface 205 (Plane, Delaunay)
Info    : [ 50%] Meshing surface 206 (Plane, Delaunay)
Info    : [ 50%] Meshing surface 207 (Plane, Delaunay)
Info    : [ 50%] Meshing surface 208 (Plane, Delaunay)
Info    : [ 50%] Meshing surface 209 (Plane, Delaunay)
Info    : [ 50%] Meshing surface 210 (Plane, Delaunay)
Info    : [ 50%] Meshing surface 211 (Plane, Delaunay)
Info    : [ 50%] Meshing surface 212 (Plane, Delaunay)
Info    : [ 50%] Meshing surface 213 (Plane, Delaunay)
Info    : [ 50%] Meshing surface 214 (Plane, Delaunay)
Info    : [ 50%] Meshing surface 215 (Plane, Delaunay)
Info    : [ 50%] Meshing surface 216 (Plane, Delaunay)
Info    : [ 50%] Meshing surface 217 (Plane, Delaunay)
Info    : [ 50%] Meshing surface 218 (Plane, Delaunay)
Info    : [ 50%] Meshing surface 219 (Plane, Delaunay)
Info    : [ 60%] Meshing surface 220 (Plane, Delaunay)
Info    : [ 60%] Meshing surface 221 (Plane, Delaunay)
Info    : [ 60%] Meshing surface 222 (Plane, Delaunay)
Info    : [ 60%] Meshing surface 223 (Plane, Delaunay)
Info    : [ 60%] Meshing surface 224 (Plane, Delaunay)
Info    : [ 60%] Meshing surface 225 (Plane, Delaunay)
Info    : [ 60%] Meshing surface 226 (Plane, Delaunay)
Info    : [ 60%] Meshing surface 227 (Plane, Delaunay)
Info    : [ 60%] Meshing surface 228 (Plane, Delaunay)
Info    : [ 60%] Meshing surface 229 (Plane, Delaunay)
Info    : [ 60%] Meshing surface 230 (Plane, Delaunay)
Info    : [ 60%] Meshing surface 231 (Plane, Delaunay)
Info    : [ 60%] Meshing surface 232 (Plane, Delaunay)
Info    : [ 60%] Meshing surface 233 (Plane, Delaunay)
Info    : [ 70%] Meshing surface 235 (Plane, Delaunay)
Info    : [ 70%] Meshing surface 236 (Plane, Delaunay)
Info    : [ 70%] Meshing surface 237 (Plane, Delaunay)
Info    : [ 70%] Meshing surface 238 (Plane, Delaunay)
Info    : [ 70%] Meshing surface 239 (Plane, Delaunay)
Info    : [ 70%] Meshing surface 240 (Plane, Delaunay)
Info    : [ 70%] Meshing surface 241 (Plane, Delaunay)
Info    : [ 70%] Meshing surface 242 (Plane, Delaunay)
Info    : [ 70%] Meshing surface 243 (Plane, Delaunay)
Info    : [ 70%] Meshing surface 244 (Plane, Delaunay)
Info    : [ 70%] Meshing surface 245 (Plane, Delaunay)
Info    : [ 70%] Meshing surface 246 (Plane, Delaunay)
Info    : [ 70%] Meshing surface 247 (Plane, Delaunay)
Info    : [ 70%] Meshing surface 248 (Plane, Delaunay)
Info    : [ 70%] Meshing surface 249 (Plane, Delaunay)
Info    : [ 80%] Meshing surface 250 (Plane, Delaunay)
Info    : [ 80%] Meshing surface 251 (Plane, Delaunay)
Info    : [ 80%] Meshing surface 252 (Plane, Delaunay)
Info    : [ 80%] Meshing surface 253 (Plane, Delaunay)
Info    : [ 80%] Meshing surface 254 (Plane, Delaunay)
Info    : [ 80%] Meshing surface 255 (Plane, Delaunay)
Info    : [ 80%] Meshing surface 256 (Plane, Delaunay)
Info    : [ 80%] Meshing surface 257 (Plane, Delaunay)
Info    : [ 80%] Meshing surface 258 (Plane, Delaunay)
Info    : [ 80%] Meshing surface 259 (Plane, Delaunay)
Info    : [ 80%] Meshing surface 260 (Plane, Delaunay)
Info    : [ 80%] Meshing surface 261 (Plane, Delaunay)
Info    : [ 80%] Meshing surface 262 (Plane, Delaunay)
Info    : [ 80%] Meshing surface 263 (Plane, Delaunay)
Info    : [ 90%] Meshing surface 264 (Plane, Delaunay)
Info    : [ 90%] Meshing surface 265 (Plane, Delaunay)
Info    : [ 90%] Meshing surface 266 (Plane, Delaunay)
Info    : [ 90%] Meshing surface 267 (Plane, Delaunay)
Info    : [ 90%] Meshing surface 268 (Plane, Delaunay)
Info    : [ 90%] Meshing surface 269 (Plane, Delaunay)
Info    : [ 90%] Meshing surface 270 (Plane, Delaunay)
Info    : [ 90%] Meshing surface 271 (Plane, Delaunay)
Info    : [ 90%] Meshing surface 272 (Plane, Delaunay)
Info    : [ 90%] Meshing surface 273 (Plane, Delaunay)
Info    : [ 90%] Meshing surface 274 (Plane, Delaunay)
Info    : [ 90%] Meshing surface 275 (Plane, Delaunay)
Info    : [ 90%] Meshing surface 276 (Plane, Delaunay)
Info    : [ 90%] Meshing surface 277 (Plane, Delaunay)
Info    : [ 90%] Meshing surface 278 (Plane, Delaunay)
Info    : [100%] Meshing surface 279 (Plane, Delaunay)
Info    : [100%] Meshing surface 280 (Plane, Delaunay)
Info    : [100%] Meshing surface 281 (Plane, Delaunay)
Info    : [100%] Meshing surface 282 (Plane, Delaunay)
Info    : [100%] Meshing surface 283 (Plane, Delaunay)
Info    : [100%] Meshing surface 284 (Plane, Delaunay)
Info    : [100%] Meshing surface 285 (Plane, Delaunay)
Info    : [100%] Meshing surface 286 (Plane, Delaunay)
Info    : [100%] Meshing surface 287 (Plane, Delaunay)
Info    : [100%] Meshing surface 288 (Plane, Delaunay)
Info    : [100%] Meshing surface 289 (Plane, Delaunay)
Info    : [100%] Meshing surface 290 (Plane, Delaunay)
Info    : [100%] Meshing surface 291 (Plane, Delaunay)
Info    : [100%] Meshing surface 292 (Plane, Delaunay)
Info    : Done meshing 2D (Wall 0.342453s, CPU 0.33873s)
Info    : Meshing 3D...
Info    : 3D Meshing 16 volumes with 1 connected component
Info    : Tetrahedrizing 2892 nodes...
Info    : Done tetrahedrizing 2900 nodes (Wall 0.0305082s, CPU 0.030501s)
Info    : Reconstructing mesh...
Info    :  - Creating surface mesh
Info    :  - Identifying boundary edges
Info    :  - Recovering boundary
Info    :  - Added 17 Steiner points
Info    : Done reconstructing mesh (Wall 0.0834321s, CPU 0.083265s)
Info    : Found volume 29
Info    : Found volume 28
Info    : Found volume 24
Info    : Found volume 27
Info    : Found volume 9
Info    : Found volume 31
Info    : Found volume 30
Info    : Found volume 6
Info    : Found volume 7
Info    : Found volume 25
Info    : Found volume 26
Info    : Found volume 8
Info    : Found volume 32
Info    : Found volume 10
Info    : Found volume 11
Info    : Found volume 12
Info    : It. 0 - 0 nodes created - worst tet radius 9.53001 (nodes removed 0 0)
Info    : It. 500 - 91 nodes created - worst tet radius 1.29379 (nodes removed 0 409)
Info    : It. 1000 - 240 nodes created - worst tet radius 1.0293 (nodes removed 8 752)
Info    : 3D refinement terminated (3179 nodes total):
Info    :  - 2 Delaunay cavities modified for star shapeness
Info    :  - 824 nodes could not be inserted
Info    :  - 18879 tetrahedra created in 0.0488103 sec. (386783 tets/s)
Info    : 411 node relocations
Info    : Done meshing 3D (Wall 0.301766s, CPU 0.301535s)
Info    : Optimizing mesh...
Info    : Optimizing volume 6
Info    : Optimization starts (volume = 144) with worst = 0.125314 / average = 0.520888:
Info    : 0.00 < quality < 0.10 :         0 elements
Info    : 0.10 < quality < 0.20 :         2 elements
Info    : 0.20 < quality < 0.30 :        37 elements
Info    : 0.30 < quality < 0.40 :        12 elements
Info    : 0.40 < quality < 0.50 :        45 elements
Info    : 0.50 < quality < 0.60 :        32 elements
Info    : 0.60 < quality < 0.70 :         6 elements
Info    : 0.70 < quality < 0.80 :        28 elements
Info    : 0.80 < quality < 0.90 :        18 elements
Info    : 0.90 < quality < 1.00 :         2 elements
Info    : 4 edge swaps, 0 node relocations (volume = 144): worst = 0.125314 / average = 0.532478 (Wall 0.00024128s, CPU 0.000246s)
Info    : No ill-shaped tets in the mesh :-)
Info    : 0.00 < quality < 0.10 :         0 elements
Info    : 0.10 < quality < 0.20 :         2 elements
Info    : 0.20 < quality < 0.30 :        35 elements
Info    : 0.30 < quality < 0.40 :        10 elements
Info    : 0.40 < quality < 0.50 :        45 elements
Info    : 0.50 < quality < 0.60 :        30 elements
Info    : 0.60 < quality < 0.70 :         8 elements
Info    : 0.70 < quality < 0.80 :        32 elements
Info    : 0.80 < quality < 0.90 :        18 elements
Info    : 0.90 < quality < 1.00 :         2 elements
Info    : Optimizing volume 7
Info    : Optimization starts (volume = 144) with worst = 0.125314 / average = 0.521753:
Info    : 0.00 < quality < 0.10 :         0 elements
Info    : 0.10 < quality < 0.20 :         2 elements
Info    : 0.20 < quality < 0.30 :        35 elements
Info    : 0.30 < quality < 0.40 :         8 elements
Info    : 0.40 < quality < 0.50 :        51 elements
Info    : 0.50 < quality < 0.60 :        34 elements
Info    : 0.60 < quality < 0.70 :         3 elements
Info    : 0.70 < quality < 0.80 :        30 elements
Info    : 0.80 < quality < 0.90 :        15 elements
Info    : 0.90 < quality < 1.00 :         2 elements
Info    : 3 edge swaps, 0 node relocations (volume = 144): worst = 0.125314 / average = 0.521458 (Wall 0.000162052s, CPU 0.000161s)
Info    : No ill-shaped tets in the mesh :-)
Info    : 0.00 < quality < 0.10 :         0 elements
Info    : 0.10 < quality < 0.20 :         2 elements
Info    : 0.20 < quality < 0.30 :        35 elements
Info    : 0.30 < quality < 0.40 :         8 elements
Info    : 0.40 < quality < 0.50 :        53 elements
Info    : 0.50 < quality < 0.60 :        32 elements
Info    : 0.60 < quality < 0.70 :         3 elements
Info    : 0.70 < quality < 0.80 :        30 elements
Info    : 0.80 < quality < 0.90 :        15 elements
Info    : 0.90 < quality < 1.00 :         2 elements
Info    : Optimizing volume 8
Info    : Optimization starts (volume = 48.544) with worst = 0.177187 / average = 0.605117:
Info    : 0.00 < quality < 0.10 :         0 elements
Info    : 0.10 < quality < 0.20 :         4 elements
Info    : 0.20 < quality < 0.30 :         4 elements
Info    : 0.30 < quality < 0.40 :        12 elements
Info    : 0.40 < quality < 0.50 :        12 elements
Info    : 0.50 < quality < 0.60 :        18 elements
Info    : 0.60 < quality < 0.70 :        18 elements
Info    : 0.70 < quality < 0.80 :        16 elements
Info    : 0.80 < quality < 0.90 :        12 elements
Info    : 0.90 < quality < 1.00 :         8 elements
Info    : 2 edge swaps, 0 node relocations (volume = 48.544): worst = 0.177187 / average = 0.61544 (Wall 6.437e-05s, CPU 6.5e-05s)
Info    : No ill-shaped tets in the mesh :-)
Info    : 0.00 < quality < 0.10 :         0 elements
Info    : 0.10 < quality < 0.20 :         2 elements
Info    : 0.20 < quality < 0.30 :         4 elements
Info    : 0.30 < quality < 0.40 :        12 elements
Info    : 0.40 < quality < 0.50 :        11 elements
Info    : 0.50 < quality < 0.60 :        19 elements
Info    : 0.60 < quality < 0.70 :        17 elements
Info    : 0.70 < quality < 0.80 :        17 elements
Info    : 0.80 < quality < 0.90 :        12 elements
Info    : 0.90 < quality < 1.00 :         8 elements
Info    : Optimizing volume 9
Info    : Optimization starts (volume = 2.268) with worst = 0.0280207 / average = 0.26468:
Info    : 0.00 < quality < 0.10 :         6 elements
Info    : 0.10 < quality < 0.20 :         0 elements
Info    : 0.20 < quality < 0.30 :         2 elements
Info    : 0.30 < quality < 0.40 :         7 elements
Info    : 0.40 < quality < 0.50 :         0 elements
Info    : 0.50 < quality < 0.60 :         0 elements
Info    : 0.60 < quality < 0.70 :         2 elements
Info    : 0.70 < quality < 0.80 :         0 elements
Info    : 0.80 < quality < 0.90 :         0 elements
Info    : 0.90 < quality < 1.00 :         0 elements
Info    : 3 edge swaps, 0 node relocations (volume = 2.268): worst = 0.0280207 / average = 0.310559 (Wall 0.000114184s, CPU 0.000113s)
Info    : No ill-shaped tets in the mesh :-)
Info    : 0.00 < quality < 0.10 :         4 elements
Info    : 0.10 < quality < 0.20 :         1 elements
Info    : 0.20 < quality < 0.30 :         4 elements
Info    : 0.30 < quality < 0.40 :         3 elements
Info    : 0.40 < quality < 0.50 :         1 elements
Info    : 0.50 < quality < 0.60 :         2 elements
Info    : 0.60 < quality < 0.70 :         2 elements
Info    : 0.70 < quality < 0.80 :         0 elements
Info    : 0.80 < quality < 0.90 :         0 elements
Info    : 0.90 < quality < 1.00 :         0 elements
Info    : Optimizing volume 10
Info    : Optimization starts (volume = 2.268) with worst = 0.266475 / average = 0.325093:
Info    : 0.00 < quality < 0.10 :         0 elements
Info    : 0.10 < quality < 0.20 :         0 elements
Info    : 0.20 < quality < 0.30 :         4 elements
Info    : 0.30 < quality < 0.40 :         8 elements
Info    : 0.40 < quality < 0.50 :         0 elements
Info    : 0.50 < quality < 0.60 :         0 elements
Info    : 0.60 < quality < 0.70 :         0 elements
Info    : 0.70 < quality < 0.80 :         0 elements
Info    : 0.80 < quality < 0.90 :         0 elements
Info    : 0.90 < quality < 1.00 :         0 elements
Info    : No ill-shaped tets in the mesh :-)
Info    : 0.00 < quality < 0.10 :         0 elements
Info    : 0.10 < quality < 0.20 :         0 elements
Info    : 0.20 < quality < 0.30 :         4 elements
Info    : 0.30 < quality < 0.40 :         8 elements
Info    : 0.40 < quality < 0.50 :         0 elements
Info    : 0.50 < quality < 0.60 :         0 elements
Info    : 0.60 < quality < 0.70 :         0 elements
Info    : 0.70 < quality < 0.80 :         0 elements
Info    : 0.80 < quality < 0.90 :         0 elements
Info    : 0.90 < quality < 1.00 :         0 elements
Info    : Optimizing volume 11
Info    : Optimization starts (volume = 2.268) with worst = 0.266475 / average = 0.325093:
Info    : 0.00 < quality < 0.10 :         0 elements
Info    : 0.10 < quality < 0.20 :         0 elements
Info    : 0.20 < quality < 0.30 :         4 elements
Info    : 0.30 < quality < 0.40 :         8 elements
Info    : 0.40 < quality < 0.50 :         0 elements
Info    : 0.50 < quality < 0.60 :         0 elements
Info    : 0.60 < quality < 0.70 :         0 elements
Info    : 0.70 < quality < 0.80 :         0 elements
Info    : 0.80 < quality < 0.90 :         0 elements
Info    : 0.90 < quality < 1.00 :         0 elements
Info    : No ill-shaped tets in the mesh :-)
Info    : 0.00 < quality < 0.10 :         0 elements
Info    : 0.10 < quality < 0.20 :         0 elements
Info    : 0.20 < quality < 0.30 :         4 elements
Info    : 0.30 < quality < 0.40 :         8 elements
Info    : 0.40 < quality < 0.50 :         0 elements
Info    : 0.50 < quality < 0.60 :         0 elements
Info    : 0.60 < quality < 0.70 :         0 elements
Info    : 0.70 < quality < 0.80 :         0 elements
Info    : 0.80 < quality < 0.90 :         0 elements
Info    : 0.90 < quality < 1.00 :         0 elements
Info    : Optimizing volume 12
Info    : Optimization starts (volume = 2.268) with worst = 0.266475 / average = 0.325093:
Info    : 0.00 < quality < 0.10 :         0 elements
Info    : 0.10 < quality < 0.20 :         0 elements
Info    : 0.20 < quality < 0.30 :         4 elements
Info    : 0.30 < quality < 0.40 :         8 elements
Info    : 0.40 < quality < 0.50 :         0 elements
Info    : 0.50 < quality < 0.60 :         0 elements
Info    : 0.60 < quality < 0.70 :         0 elements
Info    : 0.70 < quality < 0.80 :         0 elements
Info    : 0.80 < quality < 0.90 :         0 elements
Info    : 0.90 < quality < 1.00 :         0 elements
Info    : No ill-shaped tets in the mesh :-)
Info    : 0.00 < quality < 0.10 :         0 elements
Info    : 0.10 < quality < 0.20 :         0 elements
Info    : 0.20 < quality < 0.30 :         4 elements
Info    : 0.30 < quality < 0.40 :         8 elements
Info    : 0.40 < quality < 0.50 :         0 elements
Info    : 0.50 < quality < 0.60 :         0 elements
Info    : 0.60 < quality < 0.70 :         0 elements
Info    : 0.70 < quality < 0.80 :         0 elements
Info    : 0.80 < quality < 0.90 :         0 elements
Info    : 0.90 < quality < 1.00 :         0 elements
Info    : Optimizing volume 24
Info    : Optimization starts (volume = 2408.63) with worst = 7.55706e-05 / average = 0.173076:
Info    : 0.00 < quality < 0.10 :        86 elements
Info    : 0.10 < quality < 0.20 :      1336 elements
Info    : 0.20 < quality < 0.30 :        74 elements
Info    : 0.30 < quality < 0.40 :         0 elements
Info    : 0.40 < quality < 0.50 :         0 elements
Info    : 0.50 < quality < 0.60 :         0 elements
Info    : 0.60 < quality < 0.70 :         0 elements
Info    : 0.70 < quality < 0.80 :         0 elements
Info    : 0.80 < quality < 0.90 :         0 elements
Info    : 0.90 < quality < 1.00 :         0 elements
Info    : 142 edge swaps, 19 node relocations (volume = 2408.63): worst = 0.000323059 / average = 0.174305 (Wall 0.00596944s, CPU 0.004305s)
Info    : 145 edge swaps, 36 node relocations (volume = 2408.63): worst = 0.000323059 / average = 0.174305 (Wall 0.0141895s, CPU 0.012505s)
Warning : 1 ill-shaped tets are still in the mesh
Info    : 0.00 < quality < 0.10 :        70 elements
Info    : 0.10 < quality < 0.20 :      1319 elements
Info    : 0.20 < quality < 0.30 :        72 elements
Info    : 0.30 < quality < 0.40 :         0 elements
Info    : 0.40 < quality < 0.50 :         0 elements
Info    : 0.50 < quality < 0.60 :         0 elements
Info    : 0.60 < quality < 0.70 :         0 elements
Info    : 0.70 < quality < 0.80 :         0 elements
Info    : 0.80 < quality < 0.90 :         0 elements
Info    : 0.90 < quality < 1.00 :         0 elements
Info    : Optimizing volume 25
Info    : Optimization starts (volume = 1979.73) with worst = 0.135564 / average = 0.683582:
Info    : 0.00 < quality < 0.10 :         0 elements
Info    : 0.10 < quality < 0.20 :         4 elements
Info    : 0.20 < quality < 0.30 :        18 elements
Info    : 0.30 < quality < 0.40 :        67 elements
Info    : 0.40 < quality < 0.50 :        37 elements
Info    : 0.50 < quality < 0.60 :       187 elements
Info    : 0.60 < quality < 0.70 :       160 elements
Info    : 0.70 < quality < 0.80 :       265 elements
Info    : 0.80 < quality < 0.90 :       218 elements
Info    : 0.90 < quality < 1.00 :        75 elements
Info    : 4 edge swaps, 0 node relocations (volume = 1979.73): worst = 0.135564 / average = 0.685331 (Wall 0.000204747s, CPU 0.000207s)
Info    : No ill-shaped tets in the mesh :-)
Info    : 0.00 < quality < 0.10 :         0 elements
Info    : 0.10 < quality < 0.20 :         3 elements
Info    : 0.20 < quality < 0.30 :        15 elements
Info    : 0.30 < quality < 0.40 :        66 elements
Info    : 0.40 < quality < 0.50 :        38 elements
Info    : 0.50 < quality < 0.60 :       188 elements
Info    : 0.60 < quality < 0.70 :       160 elements
Info    : 0.70 < quality < 0.80 :       265 elements
Info    : 0.80 < quality < 0.90 :       217 elements
Info    : 0.90 < quality < 1.00 :        76 elements
Info    : Optimizing volume 26
Info    : Optimization starts (volume = 518.656) with worst = 0.075241 / average = 0.643883:
Info    : 0.00 < quality < 0.10 :         1 elements
Info    : 0.10 < quality < 0.20 :         6 elements
Info    : 0.20 < quality < 0.30 :         7 elements
Info    : 0.30 < quality < 0.40 :        19 elements
Info    : 0.40 < quality < 0.50 :        15 elements
Info    : 0.50 < quality < 0.60 :        83 elements
Info    : 0.60 < quality < 0.70 :        28 elements
Info    : 0.70 < quality < 0.80 :        41 elements
Info    : 0.80 < quality < 0.90 :        59 elements
Info    : 0.90 < quality < 1.00 :        22 elements
Info    : 6 edge swaps, 0 node relocations (volume = 518.656): worst = 0.149402 / average = 0.65482 (Wall 0.000135872s, CPU 0.000136s)
Info    : No ill-shaped tets in the mesh :-)
Info    : 0.00 < quality < 0.10 :         0 elements
Info    : 0.10 < quality < 0.20 :         4 elements
Info    : 0.20 < quality < 0.30 :         4 elements
Info    : 0.30 < quality < 0.40 :        16 elements
Info    : 0.40 < quality < 0.50 :        15 elements
Info    : 0.50 < quality < 0.60 :        87 elements
Info    : 0.60 < quality < 0.70 :        28 elements
Info    : 0.70 < quality < 0.80 :        41 elements
Info    : 0.80 < quality < 0.90 :        59 elements
Info    : 0.90 < quality < 1.00 :        22 elements
Info    : Optimizing volume 27
Info    : Optimization starts (volume = 1.26887e+07) with worst = 0.0184287 / average = 0.620527:
Info    : 0.00 < quality < 0.10 :         6 elements
Info    : 0.10 < quality < 0.20 :         8 elements
Info    : 0.20 < quality < 0.30 :        17 elements
Info    : 0.30 < quality < 0.40 :        45 elements
Info    : 0.40 < quality < 0.50 :       197 elements
Info    : 0.50 < quality < 0.60 :       246 elements
Info    : 0.60 < quality < 0.70 :       201 elements
Info    : 0.70 < quality < 0.80 :       173 elements
Info    : 0.80 < quality < 0.90 :       133 elements
Info    : 0.90 < quality < 1.00 :        54 elements
Info    : 29 edge swaps, 0 node relocations (volume = 1.26887e+07): worst = 0.287022 / average = 0.633192 (Wall 0.000343597s, CPU 0.000345s)
Info    : No ill-shaped tets in the mesh :-)
Info    : 0.00 < quality < 0.10 :         0 elements
Info    : 0.10 < quality < 0.20 :         0 elements
Info    : 0.20 < quality < 0.30 :         2 elements
Info    : 0.30 < quality < 0.40 :        47 elements
Info    : 0.40 < quality < 0.50 :       200 elements
Info    : 0.50 < quality < 0.60 :       237 elements
Info    : 0.60 < quality < 0.70 :       206 elements
Info    : 0.70 < quality < 0.80 :       173 elements
Info    : 0.80 < quality < 0.90 :       135 elements
Info    : 0.90 < quality < 1.00 :        55 elements
Info    : Optimizing volume 28
Info    : Optimization starts (volume = 25377.4) with worst = 0.000688313 / average = 0.0562685:
Info    : 0.00 < quality < 0.10 :      1208 elements
Info    : 0.10 < quality < 0.20 :       241 elements
Info    : 0.20 < quality < 0.30 :         0 elements
Info    : 0.30 < quality < 0.40 :         0 elements
Info    : 0.40 < quality < 0.50 :         0 elements
Info    : 0.50 < quality < 0.60 :         0 elements
Info    : 0.60 < quality < 0.70 :         0 elements
Info    : 0.70 < quality < 0.80 :         0 elements
Info    : 0.80 < quality < 0.90 :         0 elements
Info    : 0.90 < quality < 1.00 :         0 elements
Info    : 238 edge swaps, 0 node relocations (volume = 25377.4): worst = 0.00120776 / average = 0.0571139 (Wall 0.00709339s, CPU 0.00709s)
Info    : 258 edge swaps, 0 node relocations (volume = 25377.4): worst = 0.00120776 / average = 0.0571143 (Wall 0.0180771s, CPU 0.01807s)
Info    : No ill-shaped tets in the mesh :-)
Info    : 0.00 < quality < 0.10 :      1058 elements
Info    : 0.10 < quality < 0.20 :       207 elements
Info    : 0.20 < quality < 0.30 :         0 elements
Info    : 0.30 < quality < 0.40 :         0 elements
Info    : 0.40 < quality < 0.50 :         0 elements
Info    : 0.50 < quality < 0.60 :         0 elements
Info    : 0.60 < quality < 0.70 :         0 elements
Info    : 0.70 < quality < 0.80 :         0 elements
Info    : 0.80 < quality < 0.90 :         0 elements
Info    : 0.90 < quality < 1.00 :         0 elements
Info    : Optimizing volume 29
Info    : Optimization starts (volume = 992733) with worst = 2.05274e-06 / average = 0.464778:
Info    : 0.00 < quality < 0.10 :       227 elements
Info    : 0.10 < quality < 0.20 :      1185 elements
Info    : 0.20 < quality < 0.30 :      1027 elements
Info    : 0.30 < quality < 0.40 :      1281 elements
Info    : 0.40 < quality < 0.50 :      1234 elements
Info    : 0.50 < quality < 0.60 :      1306 elements
Info    : 0.60 < quality < 0.70 :       912 elements
Info    : 0.70 < quality < 0.80 :       717 elements
Info    : 0.80 < quality < 0.90 :       571 elements
Info    : 0.90 < quality < 1.00 :       322 elements
Info    : 524 edge swaps, 31 node relocations (volume = 992733): worst = 0.00462527 / average = 0.480795 (Wall 0.0199818s, CPU 0.019981s)
Info    : 577 edge swaps, 49 node relocations (volume = 992733): worst = 0.00462527 / average = 0.481542 (Wall 0.0368336s, CPU 0.036829s)
Info    : No ill-shaped tets in the mesh :-)
Info    : 0.00 < quality < 0.10 :        79 elements
Info    : 0.10 < quality < 0.20 :      1048 elements
Info    : 0.20 < quality < 0.30 :       821 elements
Info    : 0.30 < quality < 0.40 :      1339 elements
Info    : 0.40 < quality < 0.50 :      1163 elements
Info    : 0.50 < quality < 0.60 :      1284 elements
Info    : 0.60 < quality < 0.70 :       935 elements
Info    : 0.70 < quality < 0.80 :       729 elements
Info    : 0.80 < quality < 0.90 :       577 elements
Info    : 0.90 < quality < 1.00 :       319 elements
Info    : Optimizing volume 30
Info    : Optimization starts (volume = 237913) with worst = 0.00681142 / average = 0.503592:
Info    : 0.00 < quality < 0.10 :        24 elements
Info    : 0.10 < quality < 0.20 :       132 elements
Info    : 0.20 < quality < 0.30 :       238 elements
Info    : 0.30 < quality < 0.40 :       212 elements
Info    : 0.40 < quality < 0.50 :       352 elements
Info    : 0.50 < quality < 0.60 :       364 elements
Info    : 0.60 < quality < 0.70 :       391 elements
Info    : 0.70 < quality < 0.80 :       257 elements
Info    : 0.80 < quality < 0.90 :        91 elements
Info    : 0.90 < quality < 1.00 :         3 elements
Info    : 127 edge swaps, 0 node relocations (volume = 237913): worst = 0.0664145 / average = 0.518947 (Wall 0.00301683s, CPU 0.003011s)
Info    : 133 edge swaps, 0 node relocations (volume = 237913): worst = 0.0664145 / average = 0.518848 (Wall 0.00528516s, CPU 0.005279s)
Info    : No ill-shaped tets in the mesh :-)
Info    : 0.00 < quality < 0.10 :         5 elements
Info    : 0.10 < quality < 0.20 :        88 elements
Info    : 0.20 < quality < 0.30 :       194 elements
Info    : 0.30 < quality < 0.40 :       232 elements
Info    : 0.40 < quality < 0.50 :       344 elements
Info    : 0.50 < quality < 0.60 :       356 elements
Info    : 0.60 < quality < 0.70 :       387 elements
Info    : 0.70 < quality < 0.80 :       261 elements
Info    : 0.80 < quality < 0.90 :        91 elements
Info    : 0.90 < quality < 1.00 :         3 elements
Info    : Optimizing volume 31
Info    : Optimization starts (volume = 1.14198e+07) with worst = 0.0393668 / average = 0.599014:
Info    : 0.00 < quality < 0.10 :         5 elements
Info    : 0.10 < quality < 0.20 :        14 elements
Info    : 0.20 < quality < 0.30 :        23 elements
Info    : 0.30 < quality < 0.40 :        81 elements
Info    : 0.40 < quality < 0.50 :       230 elements
Info    : 0.50 < quality < 0.60 :       282 elements
Info    : 0.60 < quality < 0.70 :       262 elements
Info    : 0.70 < quality < 0.80 :       210 elements
Info    : 0.80 < quality < 0.90 :       102 elements
Info    : 0.90 < quality < 1.00 :        40 elements
Info    : 38 edge swaps, 1 node relocations (volume = 1.14198e+07): worst = 0.253152 / average = 0.614592 (Wall 0.000460291s, CPU 0.000464s)
Info    : 39 edge swaps, 1 node relocations (volume = 1.14198e+07): worst = 0.30021 / average = 0.614719 (Wall 0.000527843s, CPU 0.000532s)
Info    : No ill-shaped tets in the mesh :-)
Info    : 0.00 < quality < 0.10 :         0 elements
Info    : 0.10 < quality < 0.20 :         0 elements
Info    : 0.20 < quality < 0.30 :         0 elements
Info    : 0.30 < quality < 0.40 :        78 elements
Info    : 0.40 < quality < 0.50 :       233 elements
Info    : 0.50 < quality < 0.60 :       273 elements
Info    : 0.60 < quality < 0.70 :       271 elements
Info    : 0.70 < quality < 0.80 :       214 elements
Info    : 0.80 < quality < 0.90 :       104 elements
Info    : 0.90 < quality < 1.00 :        40 elements
Info    : Optimizing volume 32
Info    : Optimization starts (volume = 3.65251e+07) with worst = 0.00489247 / average = 0.570393:
Info    : 0.00 < quality < 0.10 :        76 elements
Info    : 0.10 < quality < 0.20 :        34 elements
Info    : 0.20 < quality < 0.30 :        24 elements
Info    : 0.30 < quality < 0.40 :        60 elements
Info    : 0.40 < quality < 0.50 :        66 elements
Info    : 0.50 < quality < 0.60 :       146 elements
Info    : 0.60 < quality < 0.70 :       204 elements
Info    : 0.70 < quality < 0.80 :       208 elements
Info    : 0.80 < quality < 0.90 :       100 elements
Info    : 0.90 < quality < 1.00 :        10 elements
Info    : 22 edge swaps, 0 node relocations (volume = 3.65251e+07): worst = 0.00740824 / average = 0.575463 (Wall 0.00140891s, CPU 0.001407s)
Info    : No ill-shaped tets in the mesh :-)
Info    : 0.00 < quality < 0.10 :        72 elements
Info    : 0.10 < quality < 0.20 :        34 elements
Info    : 0.20 < quality < 0.30 :        10 elements
Info    : 0.30 < quality < 0.40 :        63 elements
Info    : 0.40 < quality < 0.50 :        72 elements
Info    : 0.50 < quality < 0.60 :       141 elements
Info    : 0.60 < quality < 0.70 :       209 elements
Info    : 0.70 < quality < 0.80 :       209 elements
Info    : 0.80 < quality < 0.90 :        91 elements
Info    : 0.90 < quality < 1.00 :        14 elements
Info    : Done optimizing mesh (Wall 0.106004s, CPU 0.102073s)
Info    : 3179 nodes 25503 elements
Warning : ------------------------------
Warning : Mesh generation error summary
Warning :     1 warning
Warning :     0 errors
Warning : Check the full log for details
Warning : ------------------------------
Info    : Writing '/foss/designs/inductor_synth/palace_model/inductor3_N2_do65.93_w3_s2.01_data/inductor3_N2_do65.93_w3_s2.01.msh'...
Info    : Done writing '/foss/designs/inductor_synth/palace_model/inductor3_N2_do65.93_w3_s2.01_data/inductor3_N2_do65.93_w3_s2.01.msh'
Info    : Clearing all models and views...
Info    : Done clearing all models and views
>> /usr/bin/mpirun -n 1 /foss/tools/bin/palace-x86_64.bin config.json

_____________     _______
_____   __   \____ __   /____ ____________
____   /_/  /  __ ` /  /  __ ` /  ___/  _ \
___   _____/  /_/  /  /  /_/  /  /__/  ___/
  /__/     \___,__/__/\___,__/\_____\_____/

Git changeset ID: v0.17.0-227-gc531cf3e
Running with 1 MPI process
Device configuration: cpu
Memory configuration: host-std
libCEED backend: /cpu/self/xsmm/blocked

Added 2608 boundary elements for material interfaces to the mesh

Characteristic length and time scales:
 Lc = 4.999e-04 m, tc = 1.667e-03 ns
Finished partitioning mesh into 1 subdomain

Mesh curvature order: 1
Mesh bounding box:
 (Xmin, Ymin, Zmin) = (-1.745e-04, -1.745e-04, -5.000e-05) m
 (Xmax, Ymax, Zmax) = (+1.745e-04, +1.745e-04, +4.499e-04) m

Parallel Mesh Stats:

                minimum     average     maximum       total
 vertices          3070        3070        3070        3070
 edges            19121       19121       19121       19121
 faces            30578       30578       30578       30578
 elements         14521       14521       14521       14521
 neighbors            0           0           0

            minimum     maximum
 h       0.00141168    0.210156
 kappa      1.06206      1052.3

Estimated current per-rank memory usage is: Min. 40.5M, Max. 40.5M, Avg. 40.5M, Total 40.5M
Estimated current per-node memory usage is: Min. 40.5M, Max. 40.5M, Avg. 40.5M, Total 40.5M

Configuring Robin absorbing BC (order 2) at attributes:
 22

Configuring Robin finite conductivity BC at attributes:
 2: σ = 2.164e+07 S/m, h = 4.200e-07 m, n = (+0.0,+0.0,+1.0)
 3: σ = 2.164e+07 S/m, h = 4.200e-07 m, n = (+0.7,+0.7,+0.0)
 4: σ = 2.780e+07 S/m, h = 2.000e-06 m, n = (+0.0,+0.0,-1.0)
 5: σ = 2.780e+07 S/m, h = 2.000e-06 m, n = (+1.0,-0.1,+0.0)
 6: σ = 2.780e+07 S/m, h = 2.000e-06 m, n = (+0.0,+0.0,-1.0)
 7: σ = 2.780e+07 S/m, h = 2.000e-06 m, n = (+1.0,-0.1,+0.0)
 8: σ = 2.780e+07 S/m, h = 2.000e-06 m, n = (+0.0,+0.0,+1.0)
 9: σ = 2.780e+07 S/m, h = 2.000e-06 m, n = (+0.6,+0.8,-0.0)
 10: σ = 3.030e+07 S/m, h = 3.000e-06 m, n = (-0.0,-0.0,+1.0)
 11: σ = 3.030e+07 S/m, h = 3.000e-06 m, n = (+1.0,+0.3,-0.0)
 12: σ = 3.030e+07 S/m, h = 3.000e-06 m, n = (+0.0,+0.0,+1.0)
 13: σ = 3.030e+07 S/m, h = 3.000e-06 m, n = (+1.0,-0.3,+0.0)

Configuring Robin impedance BC for lumped ports at attributes:
 20: Rs = 2.012e+01 Ω/sq, n = (+0.0,+1.0,+0.0)
 21: Rs = 2.012e+01 Ω/sq, n = (+0.0,+1.0,+0.0)

Configuring lumped port circuit properties:
 Index = 1: R = 5.000e+01 Ω
 Index = 2: R = 5.000e+01 Ω

Configuring lumped port excitation source term at attributes:
 20: Index = 1
 21: Index = 2

[38;2;255;255;000m--> Warning![0m
Adaptive frequency sweep requires > 2 total frequency samples!
Reverting to uniform sweep!


Computing frequency response for:
Excitation 1/2 with index 1 has contributions from:
 Lumped port  1
Excitation 2/2 with index 2 has contributions from:
 Lumped port  2

Assembling system matrices, number of global unknowns:
 H1 (p = 2): 22191, ND (p = 2): 99398, RT (p = 2): 135297
 Operator assembly level: Partial
 Mesh geometries:
  Tetrahedron: P = 20, Q = 14 (quadrature order = 4)
 SuperLUSolver: Using 2D processor grid 1 x 1

Sweeping excitation index 1 (1/2):

Assembling multigrid hierarchy:
 Level 0 (p = 1): 19121 unknowns
 Level 1 (p = 2): 99398 unknowns
 Level 0 (auxiliary) (p = 1): 3070 unknowns
 Level 1 (auxiliary) (p = 2): 22191 unknowns

It 1/2: ω/2π = 1.000e-01 GHz (total elapsed time = 6.74e+00 s, solve 1/4)

  Residual norms for GMRES solve

** Memory Usage **********************************
** Total highmark (MB):
    Sum-of-all :   102.55 | Avg :   102.55  | Max :   102.55
    Max at rank 0, different stages (MB):
	. symbfact            8.78
	. distribution      102.55
	. numfact            89.38
** NUMfact space (MB): (sum-of-all-processes)
    L\U :           46.90 |  Total :    89.38
	. max at rank 0, max L+U memory (MB):    46.90
	. max at rank 0, peak buffer (MB):       42.48
**************************************************

** number of Tiny Pivots:        0

  0 (restart 0) KSP residual norm 2.063931e+01
  1 (restart 0) KSP residual norm 2.325077e+00
  2 (restart 0) KSP residual norm 6.190423e-01
  3 (restart 0) KSP residual norm 4.376040e-01
  4 (restart 0) KSP residual norm 2.335309e-01
  5 (restart 0) KSP residual norm 1.897892e-01
  6 (restart 0) KSP residual norm 1.045131e-01
  7 (restart 0) KSP residual norm 7.234258e-02
  8 (restart 0) KSP residual norm 4.864807e-02
  9 (restart 0) KSP residual norm 2.880358e-02
 10 (restart 0) KSP residual norm 2.331362e-02
 11 (restart 0) KSP residual norm 1.623845e-02
 12 (restart 0) KSP residual norm 1.327464e-02
 13 (restart 0) KSP residual norm 8.930985e-03
 14 (restart 0) KSP residual norm 7.167551e-03
 15 (restart 0) KSP residual norm 5.368769e-03
 16 (restart 0) KSP residual norm 4.246044e-03
 17 (restart 0) KSP residual norm 3.130804e-03
 18 (restart 0) KSP residual norm 2.491128e-03
 19 (restart 0) KSP residual norm 1.944995e-03
 20 (restart 0) KSP residual norm 1.516199e-03
 21 (restart 0) KSP residual norm 1.183793e-03
 22 (restart 0) KSP residual norm 9.109240e-04
 23 (restart 0) KSP residual norm 7.341542e-04
 24 (restart 0) KSP residual norm 5.652015e-04
 25 (restart 0) KSP residual norm 4.444688e-04
 26 (restart 0) KSP residual norm 3.408524e-04
 27 (restart 0) KSP residual norm 2.703400e-04
 28 (restart 0) KSP residual norm 2.077376e-04
 29 (restart 0) KSP residual norm 1.648009e-04
 30 (restart 0) KSP residual norm 1.269955e-04
 31 (restart 0) KSP residual norm 9.894330e-05
 32 (restart 0) KSP residual norm 7.706772e-05
 33 (restart 0) KSP residual norm 6.137814e-05
 34 (restart 0) KSP residual norm 4.962578e-05
 35 (restart 0) KSP residual norm 3.984197e-05
 36 (restart 0) KSP residual norm 3.207487e-05
 37 (restart 0) KSP residual norm 2.630776e-05
 38 (restart 0) KSP residual norm 2.147249e-05
 39 (restart 0) KSP residual norm 1.732770e-05
GMRES solver converged in 39 iterations (avg. reduction factor: 6.986e-01)
 Sol. ||E|| = 2.141664e+01 (||RHS|| = 2.768948e-03)
 Field energy E (5.235e-13 J) + H (3.860e-12 J) = 4.384e-12 J
 S[1][1] = +5.503e-02+2.256e-03i, |S[1][1]| = -2.518e+01, arg(S[1][1]) = +2.348e+00
 S[2][1] = +9.450e-01-2.906e-03i, |S[2][1]| = -4.917e-01, arg(S[2][1]) = -1.762e-01
 Updating solution error estimates

It 2/2: ω/2π = 2.000e+01 GHz (total elapsed time = 6.40e+01 s, solve 2/4)

  Residual norms for GMRES solve

** Memory Usage **********************************
** Total highmark (MB):
    Sum-of-all :    89.38 | Avg :    89.38  | Max :    89.38
    Max at rank 0, different stages (MB):
	. symbfact            0.00
	. distribution       86.07
	. numfact            89.38
** NUMfact space (MB): (sum-of-all-processes)
    L\U :           46.90 |  Total :    89.38
	. max at rank 0, max L+U memory (MB):    46.90
	. max at rank 0, peak buffer (MB):       42.48
**************************************************

** number of Tiny Pivots:        0

  0 (restart 0) KSP residual norm 1.941242e+01
  1 (restart 0) KSP residual norm 8.532530e+00
  2 (restart 0) KSP residual norm 1.775342e+00
  3 (restart 0) KSP residual norm 4.412284e-01
  4 (restart 0) KSP residual norm 2.398877e-01
  5 (restart 0) KSP residual norm 1.842084e-01
  6 (restart 0) KSP residual norm 8.732442e-02
  7 (restart 0) KSP residual norm 5.125869e-02
  8 (restart 0) KSP residual norm 3.533423e-02
  9 (restart 0) KSP residual norm 2.278948e-02
 10 (restart 0) KSP residual norm 1.780414e-02
 11 (restart 0) KSP residual norm 1.326608e-02
 12 (restart 0) KSP residual norm 9.789121e-03
 13 (restart 0) KSP residual norm 7.441614e-03
 14 (restart 0) KSP residual norm 5.684845e-03
 15 (restart 0) KSP residual norm 4.491031e-03
 16 (restart 0) KSP residual norm 3.584736e-03
 17 (restart 0) KSP residual norm 2.892855e-03
 18 (restart 0) KSP residual norm 2.273745e-03
 19 (restart 0) KSP residual norm 1.707387e-03
 20 (restart 0) KSP residual norm 1.357857e-03
 21 (restart 0) KSP residual norm 1.025573e-03
 22 (restart 0) KSP residual norm 8.023764e-04
 23 (restart 0) KSP residual norm 6.126796e-04
 24 (restart 0) KSP residual norm 5.088730e-04
 25 (restart 0) KSP residual norm 4.099063e-04
 26 (restart 0) KSP residual norm 3.217447e-04
 27 (restart 0) KSP residual norm 2.501754e-04
 28 (restart 0) KSP residual norm 2.005701e-04
 29 (restart 0) KSP residual norm 1.624172e-04
 30 (restart 0) KSP residual norm 1.313926e-04
 31 (restart 0) KSP residual norm 1.090705e-04
 32 (restart 0) KSP residual norm 9.281563e-05
 33 (restart 0) KSP residual norm 7.693885e-05
 34 (restart 0) KSP residual norm 6.513687e-05
 35 (restart 0) KSP residual norm 5.498453e-05
 36 (restart 0) KSP residual norm 4.780494e-05
 37 (restart 0) KSP residual norm 4.027796e-05
 38 (restart 0) KSP residual norm 3.440643e-05
 39 (restart 0) KSP residual norm 2.866126e-05
 40 (restart 0) KSP residual norm 2.439063e-05
 41 (restart 0) KSP residual norm 1.982630e-05
 42 (restart 0) KSP residual norm 1.647497e-05
GMRES solver converged in 42 iterations (avg. reduction factor: 7.169e-01)
 Sol. ||E|| = 2.183583e+01 (||RHS|| = 5.537897e-01)
 Field energy E (5.586e-13 J) + H (2.982e-12 J) = 3.541e-12 J
 S[1][1] = +2.644e-01+3.277e-01i, |S[1][1]| = -7.512e+00, arg(S[1][1]) = +5.110e+01
 S[2][1] = +7.257e-01-4.196e-01i, |S[2][1]| = -1.532e+00, arg(S[2][1]) = -3.004e+01
 Updating solution error estimates

Sweeping excitation index 2 (2/2):

It 1/2: ω/2π = 1.000e-01 GHz (total elapsed time = 1.24e+02 s, solve 3/4)

  Residual norms for GMRES solve

** Memory Usage **********************************
** Total highmark (MB):
    Sum-of-all :    89.38 | Avg :    89.38  | Max :    89.38
    Max at rank 0, different stages (MB):
	. symbfact            0.00
	. distribution       86.07
	. numfact            89.38
** NUMfact space (MB): (sum-of-all-processes)
    L\U :           46.90 |  Total :    89.38
	. max at rank 0, max L+U memory (MB):    46.90
	. max at rank 0, peak buffer (MB):       42.48
**************************************************

** number of Tiny Pivots:        0

  0 (restart 0) KSP residual norm 2.029100e+01
  1 (restart 0) KSP residual norm 2.302585e+00
  2 (restart 0) KSP residual norm 6.072312e-01
  3 (restart 0) KSP residual norm 4.279609e-01
  4 (restart 0) KSP residual norm 2.273122e-01
  5 (restart 0) KSP residual norm 1.843413e-01
  6 (restart 0) KSP residual norm 1.016060e-01
  7 (restart 0) KSP residual norm 7.070186e-02
  8 (restart 0) KSP residual norm 4.746319e-02
  9 (restart 0) KSP residual norm 2.801461e-02
 10 (restart 0) KSP residual norm 2.264150e-02
 11 (restart 0) KSP residual norm 1.576115e-02
 12 (restart 0) KSP residual norm 1.285914e-02
 13 (restart 0) KSP residual norm 8.661139e-03
 14 (restart 0) KSP residual norm 6.941794e-03
 15 (restart 0) KSP residual norm 5.188972e-03
 16 (restart 0) KSP residual norm 4.102731e-03
 17 (restart 0) KSP residual norm 3.023530e-03
 18 (restart 0) KSP residual norm 2.414935e-03
 19 (restart 0) KSP residual norm 1.893378e-03
 20 (restart 0) KSP residual norm 1.474033e-03
 21 (restart 0) KSP residual norm 1.154506e-03
 22 (restart 0) KSP residual norm 8.879618e-04
 23 (restart 0) KSP residual norm 7.163273e-04
 24 (restart 0) KSP residual norm 5.514863e-04
 25 (restart 0) KSP residual norm 4.319037e-04
 26 (restart 0) KSP residual norm 3.314952e-04
 27 (restart 0) KSP residual norm 2.630430e-04
 28 (restart 0) KSP residual norm 2.022877e-04
 29 (restart 0) KSP residual norm 1.607979e-04
 30 (restart 0) KSP residual norm 1.237795e-04
 31 (restart 0) KSP residual norm 9.630012e-05
 32 (restart 0) KSP residual norm 7.512477e-05
 33 (restart 0) KSP residual norm 6.016751e-05
 34 (restart 0) KSP residual norm 4.868235e-05
 35 (restart 0) KSP residual norm 3.904694e-05
 36 (restart 0) KSP residual norm 3.144840e-05
 37 (restart 0) KSP residual norm 2.576679e-05
 38 (restart 0) KSP residual norm 2.102726e-05
 39 (restart 0) KSP residual norm 1.697230e-05
GMRES solver converged in 39 iterations (avg. reduction factor: 6.985e-01)
 Sol. ||E|| = 2.107023e+01 (||RHS|| = 2.768948e-03)
 Field energy E (5.044e-13 J) + H (3.860e-12 J) = 4.364e-12 J
 S[1][2] = +9.450e-01-2.906e-03i, |S[1][2]| = -4.917e-01, arg(S[1][2]) = -1.762e-01
 S[2][2] = +5.503e-02+2.268e-03i, |S[2][2]| = -2.518e+01, arg(S[2][2]) = +2.360e+00
 Updating solution error estimates

It 2/2: ω/2π = 2.000e+01 GHz (total elapsed time = 1.80e+02 s, solve 4/4)

  Residual norms for GMRES solve

** Memory Usage **********************************
** Total highmark (MB):
    Sum-of-all :    89.38 | Avg :    89.38  | Max :    89.38
    Max at rank 0, different stages (MB):
	. symbfact            0.00
	. distribution       86.07
	. numfact            89.38
** NUMfact space (MB): (sum-of-all-processes)
    L\U :           46.90 |  Total :    89.38
	. max at rank 0, max L+U memory (MB):    46.90
	. max at rank 0, peak buffer (MB):       42.48
**************************************************

** number of Tiny Pivots:        0

  0 (restart 0) KSP residual norm 1.935468e+01
  1 (restart 0) KSP residual norm 8.533002e+00
  2 (restart 0) KSP residual norm 1.883309e+00
  3 (restart 0) KSP residual norm 4.891897e-01
  4 (restart 0) KSP residual norm 3.230307e-01
  5 (restart 0) KSP residual norm 2.035501e-01
  6 (restart 0) KSP residual norm 9.191760e-02
  7 (restart 0) KSP residual norm 5.237245e-02
  8 (restart 0) KSP residual norm 3.707066e-02
  9 (restart 0) KSP residual norm 2.355479e-02
 10 (restart 0) KSP residual norm 1.801427e-02
 11 (restart 0) KSP residual norm 1.322659e-02
 12 (restart 0) KSP residual norm 9.654912e-03
 13 (restart 0) KSP residual norm 7.238670e-03
 14 (restart 0) KSP residual norm 5.541980e-03
 15 (restart 0) KSP residual norm 4.317948e-03
 16 (restart 0) KSP residual norm 3.489022e-03
 17 (restart 0) KSP residual norm 2.805371e-03
 18 (restart 0) KSP residual norm 2.226450e-03
 19 (restart 0) KSP residual norm 1.675789e-03
 20 (restart 0) KSP residual norm 1.347045e-03
 21 (restart 0) KSP residual norm 1.032952e-03
 22 (restart 0) KSP residual norm 8.071252e-04
 23 (restart 0) KSP residual norm 6.075465e-04
 24 (restart 0) KSP residual norm 4.959471e-04
 25 (restart 0) KSP residual norm 3.977569e-04
 26 (restart 0) KSP residual norm 3.172379e-04
 27 (restart 0) KSP residual norm 2.527904e-04
 28 (restart 0) KSP residual norm 2.035957e-04
 29 (restart 0) KSP residual norm 1.646457e-04
 30 (restart 0) KSP residual norm 1.330834e-04
 31 (restart 0) KSP residual norm 1.094804e-04
 32 (restart 0) KSP residual norm 9.267082e-05
 33 (restart 0) KSP residual norm 7.678209e-05
 34 (restart 0) KSP residual norm 6.522920e-05
 35 (restart 0) KSP residual norm 5.508380e-05
 36 (restart 0) KSP residual norm 4.801479e-05
 37 (restart 0) KSP residual norm 4.063476e-05
 38 (restart 0) KSP residual norm 3.464414e-05
 39 (restart 0) KSP residual norm 2.869849e-05
 40 (restart 0) KSP residual norm 2.432211e-05
 41 (restart 0) KSP residual norm 1.974134e-05
 42 (restart 0) KSP residual norm 1.640713e-05
GMRES solver converged in 42 iterations (avg. reduction factor: 7.169e-01)
 Sol. ||E|| = 2.183287e+01 (||RHS|| = 5.537897e-01)
 Field energy E (5.522e-13 J) + H (2.981e-12 J) = 3.533e-12 J
 S[1][2] = +7.257e-01-4.196e-01i, |S[1][2]| = -1.532e+00, arg(S[1][2]) = -3.004e+01
 S[2][2] = +2.663e-01+3.284e-01i, |S[2][2]| = -7.477e+00, arg(S[2][2]) = +5.096e+01
 Updating solution error estimates

Completed 0 iterations of adaptive mesh refinement (AMR):
 Indicator norm = 1.712e-01, global unknowns = 99398
 Max. iterations = 0, tol. = 1.000e-02, max. size = 2000000

Estimated peak per-rank memory usage is: Min. 773.5M, Max. 773.5M, Avg. 773.5M, Total 773.5M
Estimated peak per-node memory usage is: Min. 773.5M, Max. 773.5M, Avg. 773.5M, Total 773.5M

Elapsed Time Report (s)           Min.        Max.        Avg.
==============================================================
Initialization                   0.036       0.036       0.036
  Mesh Preprocessing             0.135       0.135       0.135
Operator Construction            0.311       0.311       0.311
Linear Solve                    10.929      10.929      10.929
  Setup                         26.959      26.959      26.959
  Preconditioner               120.764     120.764     120.764
  Coarse Solve                   2.558       2.558       2.558
Estimation                       0.258       0.258       0.258
  Construction                   1.536       1.536       1.536
  Solve                         70.285      70.285      70.285
Postprocessing                   0.757       0.757       0.757
Disk IO                          0.213       0.213       0.213
--------------------------------------------------------------
Total                          235.094     235.094     235.094

Peak Memory                   Per-Node       Total   Total HWM
==============================================================
Initialization                    1.6M        1.6M        1.6M
  Mesh Preprocessing              8.4M        8.4M       10.0M
Operator Construction            47.7M       47.7M       57.7M
Linear Solve                     53.6M       53.6M      111.3M
  Setup                         213.1M      213.1M      324.4M
  Preconditioner                 59.5M       59.5M      383.9M
  Coarse Solve                  109.8M      109.8M      493.8M
Estimation                       47.5M       47.5M      541.3M
  Construction                  102.2M      102.2M      643.4M
  Solve                          50.5M       50.5M      693.9M
Postprocessing                   49.0M       49.0M      742.9M
Disk IO                           6.4M        6.4M      749.4M
--------------------------------------------------------------
Total                           763.7M      763.7M      763.7M

>> /usr/bin/mpirun -n 1 /foss/tools/bin/palace-x86_64.bin config.json

_____________     _______
_____   __   \____ __   /____ ____________
____   /_/  /  __ ` /  /  __ ` /  ___/  _ \
___   _____/  /_/  /  /  /_/  /  /__/  ___/
  /__/     \___,__/__/\___,__/\_____\_____/

Git changeset ID: v0.17.0-227-gc531cf3e
Running with 1 MPI process
Device configuration: cpu
Memory configuration: host-std
libCEED backend: /cpu/self/xsmm/blocked

Added 2664 boundary elements for material interfaces to the mesh

Characteristic length and time scales:
 Lc = 4.999e-04 m, tc = 1.667e-03 ns
Finished partitioning mesh into 1 subdomain

Mesh curvature order: 1
Mesh bounding box:
 (Xmin, Ymin, Zmin) = (-1.759e-04, -1.759e-04, -5.000e-05) m
 (Xmax, Ymax, Zmax) = (+1.759e-04, +1.759e-04, +4.499e-04) m

Parallel Mesh Stats:

                minimum     average     maximum       total
 vertices          3165        3165        3165        3165
 edges            19679       19679       19679       19679
 faces            31444       31444       31444       31444
 elements         14924       14924       14924       14924
 neighbors            0           0           0

            minimum     maximum
 h       0.00159262    0.211615
 kappa      1.04809     1459.72

Estimated current per-rank memory usage is: Min. 40.4M, Max. 40.4M, Avg. 40.4M, Total 40.4M
Estimated current per-node memory usage is: Min. 40.4M, Max. 40.4M, Avg. 40.4M, Total 40.4M

Configuring Robin absorbing BC (order 2) at attributes:
 22

Configuring Robin finite conductivity BC at attributes:
 2: σ = 2.164e+07 S/m, h = 4.200e-07 m, n = (+0.0,+0.0,+1.0)
 3: σ = 2.164e+07 S/m, h = 4.200e-07 m, n = (+0.7,+0.7,+0.0)
 4: σ = 2.780e+07 S/m, h = 2.000e-06 m, n = (+0.0,+0.0,-1.0)
 5: σ = 2.780e+07 S/m, h = 2.000e-06 m, n = (+1.0,-0.1,+0.0)
 6: σ = 2.780e+07 S/m, h = 2.000e-06 m, n = (+0.0,+0.0,-1.0)
 7: σ = 2.780e+07 S/m, h = 2.000e-06 m, n = (+1.0,-0.1,+0.0)
 8: σ = 2.780e+07 S/m, h = 2.000e-06 m, n = (+0.0,-0.0,+1.0)
 9: σ = 2.780e+07 S/m, h = 2.000e-06 m, n = (+0.6,+0.8,+0.0)
 10: σ = 3.030e+07 S/m, h = 3.000e-06 m, n = (+0.0,+0.0,+1.0)
 11: σ = 3.030e+07 S/m, h = 3.000e-06 m, n = (+1.0,+0.3,-0.0)
 12: σ = 3.030e+07 S/m, h = 3.000e-06 m, n = (+0.0,+0.0,+1.0)
 13: σ = 3.030e+07 S/m, h = 3.000e-06 m, n = (+1.0,-0.3,+0.0)

Configuring Robin impedance BC for lumped ports at attributes:
 20: Rs = 2.012e+01 Ω/sq, n = (+0.0,+1.0,-0.0)
 21: Rs = 2.012e+01 Ω/sq, n = (+0.0,+1.0,-0.0)

Configuring lumped port circuit properties:
 Index = 1: R = 5.000e+01 Ω
 Index = 2: R = 5.000e+01 Ω

Configuring lumped port excitation source term at attributes:
 20: Index = 1
 21: Index = 2

[38;2;255;255;000m--> Warning![0m
Adaptive frequency sweep requires > 2 total frequency samples!
Reverting to uniform sweep!


Computing frequency response for:
Excitation 1/2 with index 1 has contributions from:
 Lumped port  1
Excitation 2/2 with index 2 has contributions from:
 Lumped port  2

Assembling system matrices, number of global unknowns:
 H1 (p = 2): 22844, ND (p = 2): 102246, RT (p = 2): 139104
 Operator assembly level: Partial
 Mesh geometries:
  Tetrahedron: P = 20, Q = 14 (quadrature order = 4)
 SuperLUSolver: Using 2D processor grid 1 x 1

Sweeping excitation index 1 (1/2):

Assembling multigrid hierarchy:
 Level 0 (p = 1): 19679 unknowns
 Level 1 (p = 2): 102246 unknowns
 Level 0 (auxiliary) (p = 1): 3165 unknowns
 Level 1 (auxiliary) (p = 2): 22844 unknowns

It 1/2: ω/2π = 1.000e-01 GHz (total elapsed time = 5.66e+00 s, solve 1/4)

  Residual norms for GMRES solve

** Memory Usage **********************************
** Total highmark (MB):
    Sum-of-all :   104.46 | Avg :   104.46  | Max :   104.46
    Max at rank 0, different stages (MB):
	. symbfact            9.39
	. distribution      104.46
	. numfact            90.21
** NUMfact space (MB): (sum-of-all-processes)
    L\U :           47.03 |  Total :    90.21
	. max at rank 0, max L+U memory (MB):    47.03
	. max at rank 0, peak buffer (MB):       43.18
**************************************************

** number of Tiny Pivots:        0

  0 (restart 0) KSP residual norm 2.078859e+01
  1 (restart 0) KSP residual norm 2.322175e+00
  2 (restart 0) KSP residual norm 6.254008e-01
  3 (restart 0) KSP residual norm 4.479195e-01
  4 (restart 0) KSP residual norm 2.405133e-01
  5 (restart 0) KSP residual norm 1.952016e-01
  6 (restart 0) KSP residual norm 1.090391e-01
  7 (restart 0) KSP residual norm 7.666122e-02
  8 (restart 0) KSP residual norm 5.093477e-02
  9 (restart 0) KSP residual norm 3.024120e-02
 10 (restart 0) KSP residual norm 2.411016e-02
 11 (restart 0) KSP residual norm 1.623000e-02
 12 (restart 0) KSP residual norm 1.324859e-02
 13 (restart 0) KSP residual norm 8.980559e-03
 14 (restart 0) KSP residual norm 7.142667e-03
 15 (restart 0) KSP residual norm 5.053770e-03
 16 (restart 0) KSP residual norm 3.935057e-03
 17 (restart 0) KSP residual norm 2.754984e-03
 18 (restart 0) KSP residual norm 2.121824e-03
 19 (restart 0) KSP residual norm 1.615570e-03
 20 (restart 0) KSP residual norm 1.254374e-03
 21 (restart 0) KSP residual norm 9.845682e-04
 22 (restart 0) KSP residual norm 7.548719e-04
 23 (restart 0) KSP residual norm 6.061821e-04
 24 (restart 0) KSP residual norm 4.702612e-04
 25 (restart 0) KSP residual norm 3.692763e-04
 26 (restart 0) KSP residual norm 2.927806e-04
 27 (restart 0) KSP residual norm 2.341721e-04
 28 (restart 0) KSP residual norm 1.855949e-04
 29 (restart 0) KSP residual norm 1.527548e-04
 30 (restart 0) KSP residual norm 1.237306e-04
 31 (restart 0) KSP residual norm 1.009516e-04
 32 (restart 0) KSP residual norm 8.076232e-05
 33 (restart 0) KSP residual norm 6.521961e-05
 34 (restart 0) KSP residual norm 5.371820e-05
 35 (restart 0) KSP residual norm 4.369933e-05
 36 (restart 0) KSP residual norm 3.549440e-05
 37 (restart 0) KSP residual norm 2.903957e-05
 38 (restart 0) KSP residual norm 2.371754e-05
 39 (restart 0) KSP residual norm 1.924254e-05
GMRES solver converged in 39 iterations (avg. reduction factor: 7.003e-01)
 Sol. ||E|| = 2.165272e+01 (||RHS|| = 2.768948e-03)
 Field energy E (5.322e-13 J) + H (3.980e-12 J) = 4.513e-12 J
 S[1][1] = +5.521e-02+2.330e-03i, |S[1][1]| = -2.515e+01, arg(S[1][1]) = +2.416e+00
 S[2][1] = +9.448e-01-2.990e-03i, |S[2][1]| = -4.934e-01, arg(S[2][1]) = -1.813e-01
 Updating solution error estimates

It 2/2: ω/2π = 2.000e+01 GHz (total elapsed time = 6.45e+01 s, solve 2/4)

  Residual norms for GMRES solve

** Memory Usage **********************************
** Total highmark (MB):
    Sum-of-all :    90.21 | Avg :    90.21  | Max :    90.21
    Max at rank 0, different stages (MB):
	. symbfact            0.00
	. distribution       87.35
	. numfact            90.21
** NUMfact space (MB): (sum-of-all-processes)
    L\U :           47.03 |  Total :    90.21
	. max at rank 0, max L+U memory (MB):    47.03
	. max at rank 0, peak buffer (MB):       43.18
**************************************************

** number of Tiny Pivots:        0

  0 (restart 0) KSP residual norm 1.980986e+01
  1 (restart 0) KSP residual norm 8.723570e+00
  2 (restart 0) KSP residual norm 1.807487e+00
  3 (restart 0) KSP residual norm 4.412577e-01
  4 (restart 0) KSP residual norm 2.432231e-01
  5 (restart 0) KSP residual norm 1.870557e-01
  6 (restart 0) KSP residual norm 9.400289e-02
  7 (restart 0) KSP residual norm 5.457381e-02
  8 (restart 0) KSP residual norm 3.728733e-02
  9 (restart 0) KSP residual norm 2.336029e-02
 10 (restart 0) KSP residual norm 1.759151e-02
 11 (restart 0) KSP residual norm 1.280142e-02
 12 (restart 0) KSP residual norm 9.383748e-03
 13 (restart 0) KSP residual norm 6.901064e-03
 14 (restart 0) KSP residual norm 5.160947e-03
 15 (restart 0) KSP residual norm 3.874514e-03
 16 (restart 0) KSP residual norm 2.972842e-03
 17 (restart 0) KSP residual norm 2.353851e-03
 18 (restart 0) KSP residual norm 1.805374e-03
 19 (restart 0) KSP residual norm 1.368658e-03
 20 (restart 0) KSP residual norm 1.081965e-03
 21 (restart 0) KSP residual norm 8.427449e-04
 22 (restart 0) KSP residual norm 6.636628e-04
 23 (restart 0) KSP residual norm 5.292536e-04
 24 (restart 0) KSP residual norm 4.375494e-04
 25 (restart 0) KSP residual norm 3.557625e-04
 26 (restart 0) KSP residual norm 2.912135e-04
 27 (restart 0) KSP residual norm 2.347763e-04
 28 (restart 0) KSP residual norm 1.921761e-04
 29 (restart 0) KSP residual norm 1.559252e-04
 30 (restart 0) KSP residual norm 1.265418e-04
 31 (restart 0) KSP residual norm 1.033953e-04
 32 (restart 0) KSP residual norm 8.673360e-05
 33 (restart 0) KSP residual norm 7.262425e-05
 34 (restart 0) KSP residual norm 6.172273e-05
 35 (restart 0) KSP residual norm 5.172449e-05
 36 (restart 0) KSP residual norm 4.421963e-05
 37 (restart 0) KSP residual norm 3.737322e-05
 38 (restart 0) KSP residual norm 3.236377e-05
 39 (restart 0) KSP residual norm 2.758337e-05
 40 (restart 0) KSP residual norm 2.359983e-05
 41 (restart 0) KSP residual norm 1.966683e-05
GMRES solver converged in 41 iterations (avg. reduction factor: 7.138e-01)
 Sol. ||E|| = 2.238776e+01 (||RHS|| = 5.537897e-01)
 Field energy E (5.773e-13 J) + H (3.048e-12 J) = 3.625e-12 J
 S[1][1] = +2.753e-01+3.339e-01i, |S[1][1]| = -7.276e+00, arg(S[1][1]) = +5.049e+01
 S[2][1] = +7.147e-01-4.270e-01i, |S[2][1]| = -1.592e+00, arg(S[2][1]) = -3.086e+01
 Updating solution error estimates

Sweeping excitation index 2 (2/2):

It 1/2: ω/2π = 1.000e-01 GHz (total elapsed time = 1.23e+02 s, solve 3/4)

  Residual norms for GMRES solve

** Memory Usage **********************************
** Total highmark (MB):
    Sum-of-all :    90.21 | Avg :    90.21  | Max :    90.21
    Max at rank 0, different stages (MB):
	. symbfact            0.00
	. distribution       87.35
	. numfact            90.21
** NUMfact space (MB): (sum-of-all-processes)
    L\U :           47.03 |  Total :    90.21
	. max at rank 0, max L+U memory (MB):    47.03
	. max at rank 0, peak buffer (MB):       43.18
**************************************************

** number of Tiny Pivots:        0

  0 (restart 0) KSP residual norm 2.038230e+01
  1 (restart 0) KSP residual norm 2.292984e+00
  2 (restart 0) KSP residual norm 6.138055e-01
  3 (restart 0) KSP residual norm 4.390251e-01
  4 (restart 0) KSP residual norm 2.360731e-01
  5 (restart 0) KSP residual norm 1.914385e-01
  6 (restart 0) KSP residual norm 1.068030e-01
  7 (restart 0) KSP residual norm 7.525009e-02
  8 (restart 0) KSP residual norm 4.992876e-02
  9 (restart 0) KSP residual norm 2.957937e-02
 10 (restart 0) KSP residual norm 2.355804e-02
 11 (restart 0) KSP residual norm 1.578076e-02
 12 (restart 0) KSP residual norm 1.288152e-02
 13 (restart 0) KSP residual norm 8.710128e-03
 14 (restart 0) KSP residual norm 6.922847e-03
 15 (restart 0) KSP residual norm 4.904348e-03
 16 (restart 0) KSP residual norm 3.818798e-03
 17 (restart 0) KSP residual norm 2.663293e-03
 18 (restart 0) KSP residual norm 2.057723e-03
 19 (restart 0) KSP residual norm 1.565017e-03
 20 (restart 0) KSP residual norm 1.213760e-03
 21 (restart 0) KSP residual norm 9.552068e-04
 22 (restart 0) KSP residual norm 7.352694e-04
 23 (restart 0) KSP residual norm 5.893841e-04
 24 (restart 0) KSP residual norm 4.587786e-04
 25 (restart 0) KSP residual norm 3.610823e-04
 26 (restart 0) KSP residual norm 2.866625e-04
 27 (restart 0) KSP residual norm 2.286425e-04
 28 (restart 0) KSP residual norm 1.806226e-04
 29 (restart 0) KSP residual norm 1.485795e-04
 30 (restart 0) KSP residual norm 1.207694e-04
 31 (restart 0) KSP residual norm 9.856732e-05
 32 (restart 0) KSP residual norm 7.919397e-05
 33 (restart 0) KSP residual norm 6.402459e-05
 34 (restart 0) KSP residual norm 5.252931e-05
 35 (restart 0) KSP residual norm 4.263497e-05
 36 (restart 0) KSP residual norm 3.463918e-05
 37 (restart 0) KSP residual norm 2.836459e-05
 38 (restart 0) KSP residual norm 2.312337e-05
 39 (restart 0) KSP residual norm 1.878611e-05
GMRES solver converged in 39 iterations (avg. reduction factor: 7.002e-01)
 Sol. ||E|| = 2.123595e+01 (||RHS|| = 2.768948e-03)
 Field energy E (5.125e-13 J) + H (3.980e-12 J) = 4.493e-12 J
 S[1][2] = +9.448e-01-2.990e-03i, |S[1][2]| = -4.934e-01, arg(S[1][2]) = -1.813e-01
 S[2][2] = +5.521e-02+2.342e-03i, |S[2][2]| = -2.515e+01, arg(S[2][2]) = +2.429e+00
 Updating solution error estimates

It 2/2: ω/2π = 2.000e+01 GHz (total elapsed time = 1.80e+02 s, solve 4/4)

  Residual norms for GMRES solve

** Memory Usage **********************************
** Total highmark (MB):
    Sum-of-all :    90.21 | Avg :    90.21  | Max :    90.21
    Max at rank 0, different stages (MB):
	. symbfact            0.00
	. distribution       87.35
	. numfact            90.21
** NUMfact space (MB): (sum-of-all-processes)
    L\U :           47.03 |  Total :    90.21
	. max at rank 0, max L+U memory (MB):    47.03
	. max at rank 0, peak buffer (MB):       43.18
**************************************************

** number of Tiny Pivots:        0

  0 (restart 0) KSP residual norm 1.954437e+01
  1 (restart 0) KSP residual norm 8.751175e+00
  2 (restart 0) KSP residual norm 1.874871e+00
  3 (restart 0) KSP residual norm 4.903251e-01
  4 (restart 0) KSP residual norm 3.326900e-01
  5 (restart 0) KSP residual norm 2.125703e-01
  6 (restart 0) KSP residual norm 9.784524e-02
  7 (restart 0) KSP residual norm 5.548155e-02
  8 (restart 0) KSP residual norm 3.874031e-02
  9 (restart 0) KSP residual norm 2.391323e-02
 10 (restart 0) KSP residual norm 1.742384e-02
 11 (restart 0) KSP residual norm 1.263369e-02
 12 (restart 0) KSP residual norm 9.069586e-03
 13 (restart 0) KSP residual norm 6.606203e-03
 14 (restart 0) KSP residual norm 4.913162e-03
 15 (restart 0) KSP residual norm 3.690976e-03
 16 (restart 0) KSP residual norm 2.812955e-03
 17 (restart 0) KSP residual norm 2.228092e-03
 18 (restart 0) KSP residual norm 1.749772e-03
 19 (restart 0) KSP residual norm 1.347089e-03
 20 (restart 0) KSP residual norm 1.074519e-03
 21 (restart 0) KSP residual norm 8.328365e-04
 22 (restart 0) KSP residual norm 6.638034e-04
 23 (restart 0) KSP residual norm 5.222825e-04
 24 (restart 0) KSP residual norm 4.296009e-04
 25 (restart 0) KSP residual norm 3.510255e-04
 26 (restart 0) KSP residual norm 2.819361e-04
 27 (restart 0) KSP residual norm 2.274969e-04
 28 (restart 0) KSP residual norm 1.873719e-04
 29 (restart 0) KSP residual norm 1.539985e-04
 30 (restart 0) KSP residual norm 1.267460e-04
 31 (restart 0) KSP residual norm 1.038994e-04
 32 (restart 0) KSP residual norm 8.672976e-05
 33 (restart 0) KSP residual norm 7.246771e-05
 34 (restart 0) KSP residual norm 6.087033e-05
 35 (restart 0) KSP residual norm 5.069422e-05
 36 (restart 0) KSP residual norm 4.373213e-05
 37 (restart 0) KSP residual norm 3.723114e-05
 38 (restart 0) KSP residual norm 3.220663e-05
 39 (restart 0) KSP residual norm 2.703045e-05
 40 (restart 0) KSP residual norm 2.328588e-05
 41 (restart 0) KSP residual norm 1.929876e-05
GMRES solver converged in 41 iterations (avg. reduction factor: 7.137e-01)
 Sol. ||E|| = 2.221339e+01 (||RHS|| = 5.537897e-01)
 Field energy E (5.703e-13 J) + H (3.047e-12 J) = 3.618e-12 J
 S[1][2] = +7.147e-01-4.270e-01i, |S[1][2]| = -1.592e+00, arg(S[1][2]) = -3.086e+01
 S[2][2] = +2.771e-01+3.346e-01i, |S[2][2]| = -7.241e+00, arg(S[2][2]) = +5.037e+01
 Updating solution error estimates

Completed 0 iterations of adaptive mesh refinement (AMR):
 Indicator norm = 1.701e-01, global unknowns = 102246
 Max. iterations = 0, tol. = 1.000e-02, max. size = 2000000

Estimated peak per-rank memory usage is: Min. 796.9M, Max. 796.9M, Avg. 796.9M, Total 796.9M
Estimated peak per-node memory usage is: Min. 796.9M, Max. 796.9M, Avg. 796.9M, Total 796.9M

Elapsed Time Report (s)           Min.        Max.        Avg.
==============================================================
Initialization                   0.040       0.040       0.040
  Mesh Preprocessing             0.153       0.153       0.153
Operator Construction            0.345       0.345       0.345
Linear Solve                    10.928      10.928      10.928
  Setup                         22.558      22.558      22.558
  Preconditioner               123.431     123.431     123.431
  Coarse Solve                   2.524       2.524       2.524
Estimation                       0.195       0.195       0.195
  Construction                   1.997       1.997       1.997
  Solve                         72.862      72.862      72.862
Postprocessing                   0.751       0.751       0.751
Disk IO                          0.209       0.209       0.209
--------------------------------------------------------------
Total                          236.330     236.330     236.330

Peak Memory                   Per-Node       Total   Total HWM
==============================================================
Initialization                    1.7M        1.7M        1.7M
  Mesh Preprocessing              8.4M        8.4M       10.1M
Operator Construction            49.2M       49.2M       59.3M
Linear Solve                     54.5M       54.5M      113.8M
  Setup                         217.6M      217.6M      331.4M
  Preconditioner                 61.7M       61.7M      393.1M
  Coarse Solve                  116.9M      116.9M      510.0M
Estimation                       48.8M       48.8M      558.7M
  Construction                  105.2M      105.2M      663.9M
  Solve                          52.0M       52.0M      715.9M
Postprocessing                   50.5M       50.5M      766.4M
Disk IO                           6.8M        6.8M      773.2M
--------------------------------------------------------------
Total                           787.1M      787.1M      787.1M

Found extra file with port information: /foss/designs/inductor_synth/palace_model/inductor3_N2_do58.36_w2.01_s2.01_data/port_information.json
Port Z0 values found: [50, 50]
Port impedance for Touchstone header:  50
Number of ports:  2
Created combined S-parameter file for  2 ports, filename:  /foss/designs/inductor_synth/palace_model/inductor3_N2_do58.36_w2.01_s2.01_data/output/inductor3_N2_do58.36_w2.01_s2.01/inductor3_N2_do58.36_w2.01_s2.01.s2p
Skipping DC extrapolation, not enough frequency points
Port de-embedding based on port geometry data
Cascading L= -2.18 pH at port 1
Cascading L= -2.18 pH at port 2
Created file with de-embedding (cascaded negative port L):  /foss/designs/inductor_synth/palace_model/inductor3_N2_do58.36_w2.01_s2.01_data/output/inductor3_N2_do58.36_w2.01_s2.01/inductor3_N2_do58.36_w2.01_s2.01_deembedded 

Found extra file with port information: /foss/designs/inductor_synth/palace_model/inductor3_N2_do61.25_w2.01_s3_data/port_information.json
Port Z0 values found: [50, 50]
Port impedance for Touchstone header:  50
Number of ports:  2
Created combined S-parameter file for  2 ports, filename:  /foss/designs/inductor_synth/palace_model/inductor3_N2_do61.25_w2.01_s3_data/output/inductor3_N2_do61.25_w2.01_s3/inductor3_N2_do61.25_w2.01_s3.s2p
Skipping DC extrapolation, not enough frequency points
Port de-embedding based on port geometry data
Cascading L= -1.82 pH at port 1
Cascading L= -1.82 pH at port 2
Created file with de-embedding (cascaded negative port L):  /foss/designs/inductor_synth/palace_model/inductor3_N2_do61.25_w2.01_s3_data/output/inductor3_N2_do61.25_w2.01_s3/inductor3_N2_do61.25_w2.01_s3_deembedded 

Found extra file with port information: /foss/designs/inductor_synth/palace_model/inductor3_N2_do64.04_w3_s2.01_data/port_information.json
Port Z0 values found: [50, 50]
Port impedance for Touchstone header:  50
Number of ports:  2
Created combined S-parameter file for  2 ports, filename:  /foss/designs/inductor_synth/palace_model/inductor3_N2_do64.04_w3_s2.01_data/output/inductor3_N2_do64.04_w3_s2.01/inductor3_N2_do64.04_w3_s2.01.s2p
Skipping DC extrapolation, not enough frequency points
Port de-embedding based on port geometry data
Cascading L= -2.18 pH at port 1
Cascading L= -2.18 pH at port 2
Created file with de-embedding (cascaded negative port L):  /foss/designs/inductor_synth/palace_model/inductor3_N2_do64.04_w3_s2.01_data/output/inductor3_N2_do64.04_w3_s2.01/inductor3_N2_do64.04_w3_s2.01_deembedded 

Found extra file with port information: /foss/designs/inductor_synth/palace_model/inductor3_N2_do64.52_w2.01_s2.01_data/port_information.json
Port Z0 values found: [50, 50]
Port impedance for Touchstone header:  50
Number of ports:  2
Created combined S-parameter file for  2 ports, filename:  /foss/designs/inductor_synth/palace_model/inductor3_N2_do64.52_w2.01_s2.01_data/output/inductor3_N2_do64.52_w2.01_s2.01/inductor3_N2_do64.52_w2.01_s2.01.s2p
Skipping DC extrapolation, not enough frequency points
Port de-embedding based on port geometry data
Cascading L= -2.18 pH at port 1
Cascading L= -2.18 pH at port 2
Created file with de-embedding (cascaded negative port L):  /foss/designs/inductor_synth/palace_model/inductor3_N2_do64.52_w2.01_s2.01_data/output/inductor3_N2_do64.52_w2.01_s2.01/inductor3_N2_do64.52_w2.01_s2.01_deembedded 

Found extra file with port information: /foss/designs/inductor_synth/palace_model/inductor3_N2_do65.93_w3_s2.01_data/port_information.json
Port Z0 values found: [50, 50]
Port impedance for Touchstone header:  50
Number of ports:  2
Created combined S-parameter file for  2 ports, filename:  /foss/designs/inductor_synth/palace_model/inductor3_N2_do65.93_w3_s2.01_data/output/inductor3_N2_do65.93_w3_s2.01/inductor3_N2_do65.93_w3_s2.01.s2p
Skipping DC extrapolation, not enough frequency points
Port de-embedding based on port geometry data
Cascading L= -2.18 pH at port 1
Cascading L= -2.18 pH at port 2
Created file with de-embedding (cascaded negative port L):  /foss/designs/inductor_synth/palace_model/inductor3_N2_do65.93_w3_s2.01_data/output/inductor3_N2_do65.93_w3_s2.01/inductor3_N2_do65.93_w3_s2.01_deembedded 

Found extra file with port information: /foss/designs/inductor_synth/palace_model/inductor3_N2_do69.44_w4_s2.01_data/port_information.json
Port Z0 values found: [50, 50]
Port impedance for Touchstone header:  50
Number of ports:  2
Created combined S-parameter file for  2 ports, filename:  /foss/designs/inductor_synth/palace_model/inductor3_N2_do69.44_w4_s2.01_data/output/inductor3_N2_do69.44_w4_s2.01/inductor3_N2_do69.44_w4_s2.01.s2p
Skipping DC extrapolation, not enough frequency points
Port de-embedding based on port geometry data
Cascading L= -2.18 pH at port 1
Cascading L= -2.18 pH at port 2
Created file with de-embedding (cascaded negative port L):  /foss/designs/inductor_synth/palace_model/inductor3_N2_do69.44_w4_s2.01_data/output/inductor3_N2_do69.44_w4_s2.01/inductor3_N2_do69.44_w4_s2.01_deembedded 

cp: './inductor3_N2_do58.36_w2.01_s2.01.s2p' and './inductor3_N2_do58.36_w2.01_s2.01.s2p' are the same file
cp: './inductor3_N2_do61.25_w2.01_s3.s2p' and './inductor3_N2_do61.25_w2.01_s3.s2p' are the same file
cp: './inductor3_N2_do64.04_w3_s2.01.s2p' and './inductor3_N2_do64.04_w3_s2.01.s2p' are the same file
cp: './inductor3_N2_do69.44_w4_s2.01.s2p' and './inductor3_N2_do69.44_w4_s2.01.s2p' are the same file
Info    : Meshing 1D...
Info    : [  0%] Meshing curve 64 (Line)
Info    : [ 10%] Meshing curve 65 (Line)
Info    : [ 10%] Meshing curve 67 (Line)
Info    : [ 10%] Meshing curve 69 (Line)
Info    : [ 10%] Meshing curve 70 (Line)
Info    : [ 10%] Meshing curve 71 (Line)
Info    : [ 10%] Meshing curve 72 (Line)
Info    : [ 10%] Meshing curve 76 (Line)
Info    : [ 10%] Meshing curve 77 (Line)
Info    : [ 10%] Meshing curve 79 (Line)
Info    : [ 10%] Meshing curve 81 (Line)
Info    : [ 10%] Meshing curve 82 (Line)
Info    : [ 10%] Meshing curve 83 (Line)
Info    : [ 10%] Meshing curve 84 (Line)
Info    : [ 10%] Meshing curve 85 (Line)
Info    : [ 10%] Meshing curve 86 (Line)
Info    : [ 10%] Meshing curve 87 (Line)
Info    : [ 10%] Meshing curve 88 (Line)
Info    : [ 10%] Meshing curve 89 (Line)
Info    : [ 10%] Meshing curve 90 (Line)
Info    : [ 10%] Meshing curve 91 (Line)
Info    : [ 10%] Meshing curve 92 (Line)
Info    : [ 10%] Meshing curve 93 (Line)
Info    : [ 10%] Meshing curve 94 (Line)
Info    : [ 10%] Meshing curve 95 (Line)
Info    : [ 10%] Meshing curve 96 (Line)
Info    : [ 10%] Meshing curve 97 (Line)
Info    : [ 10%] Meshing curve 98 (Line)
Info    : [ 10%] Meshing curve 99 (Line)
Info    : [ 10%] Meshing curve 100 (Line)
Info    : [ 10%] Meshing curve 101 (Line)
Info    : [ 10%] Meshing curve 102 (Line)
Info    : [ 10%] Meshing curve 103 (Line)
Info    : [ 10%] Meshing curve 104 (Line)
Info    : [ 20%] Meshing curve 105 (Line)
Info    : [ 20%] Meshing curve 106 (Line)
Info    : [ 20%] Meshing curve 107 (Line)
Info    : [ 20%] Meshing curve 108 (Line)
Info    : [ 20%] Meshing curve 109 (Line)
Info    : [ 20%] Meshing curve 110 (Line)
Info    : [ 20%] Meshing curve 111 (Line)
Info    : [ 20%] Meshing curve 112 (Line)
Info    : [ 20%] Meshing curve 113 (Line)
Info    : [ 20%] Meshing curve 114 (Line)
Info    : [ 20%] Meshing curve 115 (Line)
Info    : [ 20%] Meshing curve 116 (Line)
Info    : [ 20%] Meshing curve 117 (Line)
Info    : [ 20%] Meshing curve 118 (Line)
Info    : [ 20%] Meshing curve 119 (Line)
Info    : [ 20%] Meshing curve 120 (Line)
Info    : [ 20%] Meshing curve 121 (Line)
Info    : [ 20%] Meshing curve 122 (Line)
Info    : [ 20%] Meshing curve 123 (Line)
Info    : [ 20%] Meshing curve 124 (Line)
Info    : [ 20%] Meshing curve 125 (Line)
Info    : [ 20%] Meshing curve 126 (Line)
Info    : [ 20%] Meshing curve 127 (Line)
Info    : [ 20%] Meshing curve 128 (Line)
Info    : [ 20%] Meshing curve 129 (Line)
Info    : [ 20%] Meshing curve 130 (Line)
Info    : [ 20%] Meshing curve 131 (Line)
Info    : [ 20%] Meshing curve 132 (Line)
Info    : [ 20%] Meshing curve 133 (Line)
Info    : [ 20%] Meshing curve 134 (Line)
Info    : [ 20%] Meshing curve 135 (Line)
Info    : [ 20%] Meshing curve 136 (Line)
Info    : [ 20%] Meshing curve 137 (Line)
Info    : [ 20%] Meshing curve 138 (Line)
Info    : [ 30%] Meshing curve 139 (Line)
Info    : [ 30%] Meshing curve 140 (Line)
Info    : [ 30%] Meshing curve 141 (Line)
Info    : [ 30%] Meshing curve 142 (Line)
Info    : [ 30%] Meshing curve 143 (Line)
Info    : [ 30%] Meshing curve 144 (Line)
Info    : [ 30%] Meshing curve 145 (Line)
Info    : [ 30%] Meshing curve 146 (Line)
Info    : [ 30%] Meshing curve 147 (Line)
Info    : [ 30%] Meshing curve 148 (Line)
Info    : [ 30%] Meshing curve 149 (Line)
Info    : [ 30%] Meshing curve 150 (Line)
Info    : [ 30%] Meshing curve 151 (Line)
Info    : [ 30%] Meshing curve 152 (Line)
Info    : [ 30%] Meshing curve 153 (Line)
Info    : [ 30%] Meshing curve 154 (Line)
Info    : [ 30%] Meshing curve 155 (Line)
Info    : [ 30%] Meshing curve 156 (Line)
Info    : [ 30%] Meshing curve 397 (Line)
Info    : [ 30%] Meshing curve 398 (Line)
Info    : [ 30%] Meshing curve 399 (Line)
Info    : [ 30%] Meshing curve 400 (Line)
Info    : [ 30%] Meshing curve 401 (Line)
Info    : [ 30%] Meshing curve 402 (Line)
Info    : [ 30%] Meshing curve 403 (Line)
Info    : [ 30%] Meshing curve 404 (Line)
Info    : [ 30%] Meshing curve 405 (Line)
Info    : [ 30%] Meshing curve 406 (Line)
Info    : [ 30%] Meshing curve 407 (Line)
Info    : [ 30%] Meshing curve 408 (Line)
Info    : [ 30%] Meshing curve 409 (TrimmedCurve)
Info    : [ 30%] Meshing curve 410 (Line)
Info    : [ 30%] Meshing curve 411 (TrimmedCurve)
Info    : [ 30%] Meshing curve 412 (Line)
Info    : [ 40%] Meshing curve 413 (Line)
Info    : [ 40%] Meshing curve 414 (Line)
Info    : [ 40%] Meshing curve 415 (Line)
Info    : [ 40%] Meshing curve 416 (Line)
Info    : [ 40%] Meshing curve 417 (Line)
Info    : [ 40%] Meshing curve 418 (Line)
Info    : [ 40%] Meshing curve 419 (Line)
Info    : [ 40%] Meshing curve 420 (TrimmedCurve)
Info    : [ 40%] Meshing curve 421 (Line)
Info    : [ 40%] Meshing curve 422 (TrimmedCurve)
Info    : [ 40%] Meshing curve 423 (Line)
Info    : [ 40%] Meshing curve 424 (Line)
Info    : [ 40%] Meshing curve 425 (Line)
Info    : [ 40%] Meshing curve 426 (Line)
Info    : [ 40%] Meshing curve 427 (Line)
Info    : [ 40%] Meshing curve 428 (Line)
Info    : [ 40%] Meshing curve 429 (Line)
Info    : [ 40%] Meshing curve 430 (Line)
Info    : [ 40%] Meshing curve 431 (Line)
Info    : [ 40%] Meshing curve 432 (Line)
Info    : [ 40%] Meshing curve 433 (TrimmedCurve)
Info    : [ 40%] Meshing curve 434 (Line)
Info    : [ 40%] Meshing curve 435 (TrimmedCurve)
Info    : [ 40%] Meshing curve 436 (Line)
Info    : [ 40%] Meshing curve 437 (Line)
Info    : [ 40%] Meshing curve 438 (Line)
Info    : [ 40%] Meshing curve 439 (Line)
Info    : [ 40%] Meshing curve 440 (TrimmedCurve)
Info    : [ 40%] Meshing curve 441 (Line)
Info    : [ 40%] Meshing curve 442 (TrimmedCurve)
Info    : [ 40%] Meshing curve 443 (Line)
Info    : [ 40%] Meshing curve 444 (TrimmedCurve)
Info    : [ 40%] Meshing curve 445 (Line)
Info    : [ 40%] Meshing curve 446 (TrimmedCurve)
Info    : [ 50%] Meshing curve 447 (Line)
Info    : [ 50%] Meshing curve 448 (TrimmedCurve)
Info    : [ 50%] Meshing curve 449 (Line)
Info    : [ 50%] Meshing curve 450 (Line)
Info    : [ 50%] Meshing curve 451 (Line)
Info    : [ 50%] Meshing curve 452 (Line)
Info    : [ 50%] Meshing curve 453 (Line)
Info    : [ 50%] Meshing curve 454 (TrimmedCurve)
Info    : [ 50%] Meshing curve 455 (Line)
Info    : [ 50%] Meshing curve 456 (TrimmedCurve)
Info    : [ 50%] Meshing curve 457 (Line)
Info    : [ 50%] Meshing curve 458 (TrimmedCurve)
Info    : [ 50%] Meshing curve 459 (Line)
Info    : [ 50%] Meshing curve 460 (TrimmedCurve)
Info    : [ 50%] Meshing curve 461 (Line)
Info    : [ 50%] Meshing curve 462 (TrimmedCurve)
Info    : [ 50%] Meshing curve 463 (Line)
Info    : [ 50%] Meshing curve 464 (TrimmedCurve)
Info    : [ 50%] Meshing curve 465 (Line)
Info    : [ 50%] Meshing curve 466 (Line)
Info    : [ 50%] Meshing curve 467 (Line)
Info    : [ 50%] Meshing curve 468 (Line)
Info    : [ 50%] Meshing curve 469 (Line)
Info    : [ 50%] Meshing curve 470 (TrimmedCurve)
Info    : [ 50%] Meshing curve 471 (Line)
Info    : [ 50%] Meshing curve 472 (Line)
Info    : [ 50%] Meshing curve 473 (Line)
Info    : [ 50%] Meshing curve 474 (Line)
Info    : [ 50%] Meshing curve 475 (TrimmedCurve)
Info    : [ 50%] Meshing curve 476 (Line)
Info    : [ 50%] Meshing curve 477 (TrimmedCurve)
Info    : [ 50%] Meshing curve 478 (Line)
Info    : [ 50%] Meshing curve 479 (TrimmedCurve)
Info    : [ 50%] Meshing curve 480 (Line)
Info    : [ 60%] Meshing curve 481 (TrimmedCurve)
Info    : [ 60%] Meshing curve 482 (Line)
Info    : [ 60%] Meshing curve 483 (TrimmedCurve)
Info    : [ 60%] Meshing curve 484 (Line)
Info    : [ 60%] Meshing curve 485 (Line)
Info    : [ 60%] Meshing curve 486 (Line)
Info    : [ 60%] Meshing curve 487 (Line)
Info    : [ 60%] Meshing curve 488 (Line)
Info    : [ 60%] Meshing curve 489 (TrimmedCurve)
Info    : [ 60%] Meshing curve 490 (Line)
Info    : [ 60%] Meshing curve 491 (TrimmedCurve)
Info    : [ 60%] Meshing curve 492 (Line)
Info    : [ 60%] Meshing curve 493 (TrimmedCurve)
Info    : [ 60%] Meshing curve 494 (Line)
Info    : [ 60%] Meshing curve 495 (TrimmedCurve)
Info    : [ 60%] Meshing curve 496 (Line)
Info    : [ 60%] Meshing curve 497 (TrimmedCurve)
Info    : [ 60%] Meshing curve 498 (Line)
Info    : [ 60%] Meshing curve 499 (TrimmedCurve)
Info    : [ 60%] Meshing curve 500 (Line)
Info    : [ 60%] Meshing curve 501 (Line)
Info    : [ 60%] Meshing curve 502 (Line)
Info    : [ 60%] Meshing curve 503 (Line)
Info    : [ 60%] Meshing curve 504 (Line)
Info    : [ 60%] Meshing curve 505 (TrimmedCurve)
Info    : [ 60%] Meshing curve 506 (Line)
Info    : [ 60%] Meshing curve 507 (Line)
Info    : [ 60%] Meshing curve 508 (Line)
Info    : [ 60%] Meshing curve 509 (Line)
Info    : [ 60%] Meshing curve 510 (Line)
Info    : [ 60%] Meshing curve 511 (Line)
Info    : [ 60%] Meshing curve 512 (Line)
Info    : [ 60%] Meshing curve 513 (Line)
Info    : [ 70%] Meshing curve 514 (Line)
Info    : [ 70%] Meshing curve 515 (Line)
Info    : [ 70%] Meshing curve 516 (Line)
Info    : [ 70%] Meshing curve 517 (Line)
Info    : [ 70%] Meshing curve 518 (Line)
Info    : [ 70%] Meshing curve 519 (Line)
Info    : [ 70%] Meshing curve 520 (Line)
Info    : [ 70%] Meshing curve 521 (Line)
Info    : [ 70%] Meshing curve 522 (Line)
Info    : [ 70%] Meshing curve 523 (Line)
Info    : [ 70%] Meshing curve 524 (Line)
Info    : [ 70%] Meshing curve 525 (Line)
Info    : [ 70%] Meshing curve 526 (Line)
Info    : [ 70%] Meshing curve 527 (Line)
Info    : [ 70%] Meshing curve 528 (Line)
Info    : [ 70%] Meshing curve 529 (Line)
Info    : [ 70%] Meshing curve 530 (Line)
Info    : [ 70%] Meshing curve 531 (Line)
Info    : [ 70%] Meshing curve 532 (Line)
Info    : [ 70%] Meshing curve 533 (Line)
Info    : [ 70%] Meshing curve 534 (Line)
Info    : [ 70%] Meshing curve 535 (Line)
Info    : [ 70%] Meshing curve 536 (Line)
Info    : [ 70%] Meshing curve 537 (Line)
Info    : [ 70%] Meshing curve 538 (Line)
Info    : [ 70%] Meshing curve 539 (Line)
Info    : [ 70%] Meshing curve 540 (Line)
Info    : [ 70%] Meshing curve 541 (Line)
Info    : [ 70%] Meshing curve 542 (Line)
Info    : [ 70%] Meshing curve 543 (Line)
Info    : [ 70%] Meshing curve 544 (Line)
Info    : [ 70%] Meshing curve 545 (Line)
Info    : [ 70%] Meshing curve 546 (Line)
Info    : [ 70%] Meshing curve 547 (Line)
Info    : [ 80%] Meshing curve 548 (Line)
Info    : [ 80%] Meshing curve 549 (Line)
Info    : [ 80%] Meshing curve 550 (Line)
Info    : [ 80%] Meshing curve 551 (Line)
Info    : [ 80%] Meshing curve 552 (TrimmedCurve)
Info    : [ 80%] Meshing curve 553 (Line)
Info    : [ 80%] Meshing curve 554 (Line)
Info    : [ 80%] Meshing curve 555 (Line)
Info    : [ 80%] Meshing curve 556 (Line)
Info    : [ 80%] Meshing curve 557 (Line)
Info    : [ 80%] Meshing curve 558 (TrimmedCurve)
Info    : [ 80%] Meshing curve 559 (Line)
Info    : [ 80%] Meshing curve 560 (Line)
Info    : [ 80%] Meshing curve 561 (TrimmedCurve)
Info    : [ 80%] Meshing curve 562 (Line)
Info    : [ 80%] Meshing curve 563 (Line)
Info    : [ 80%] Meshing curve 564 (Line)
Info    : [ 80%] Meshing curve 565 (Line)
Info    : [ 80%] Meshing curve 566 (Line)
Info    : [ 80%] Meshing curve 567 (TrimmedCurve)
Info    : [ 80%] Meshing curve 568 (Line)
Info    : [ 80%] Meshing curve 569 (Line)
Info    : [ 80%] Meshing curve 570 (Line)
Info    : [ 80%] Meshing curve 571 (Line)
Info    : [ 80%] Meshing curve 572 (Line)
Info    : [ 80%] Meshing curve 573 (Line)
Info    : [ 80%] Meshing curve 574 (Line)
Info    : [ 80%] Meshing curve 575 (Line)
Info    : [ 80%] Meshing curve 576 (Line)
Info    : [ 80%] Meshing curve 577 (Line)
Info    : [ 80%] Meshing curve 578 (Line)
Info    : [ 80%] Meshing curve 579 (Line)
Info    : [ 80%] Meshing curve 580 (Line)
Info    : [ 80%] Meshing curve 581 (Line)
Info    : [ 90%] Meshing curve 582 (Line)
Info    : [ 90%] Meshing curve 583 (Line)
Info    : [ 90%] Meshing curve 584 (Line)
Info    : [ 90%] Meshing curve 585 (Line)
Info    : [ 90%] Meshing curve 586 (Line)
Info    : [ 90%] Meshing curve 587 (Line)
Info    : [ 90%] Meshing curve 588 (Line)
Info    : [ 90%] Meshing curve 589 (Line)
Info    : [ 90%] Meshing curve 590 (Line)
Info    : [ 90%] Meshing curve 591 (Line)
Info    : [ 90%] Meshing curve 592 (Line)
Info    : [ 90%] Meshing curve 593 (Line)
Info    : [ 90%] Meshing curve 594 (Line)
Info    : [ 90%] Meshing curve 595 (Line)
Info    : [ 90%] Meshing curve 596 (Line)
Info    : [ 90%] Meshing curve 597 (Line)
Info    : [ 90%] Meshing curve 598 (Line)
Info    : [ 90%] Meshing curve 599 (Line)
Info    : [ 90%] Meshing curve 600 (Line)
Info    : [ 90%] Meshing curve 601 (Line)
Info    : [ 90%] Meshing curve 602 (Line)
Info    : [ 90%] Meshing curve 603 (Line)
Info    : [ 90%] Meshing curve 604 (Line)
Info    : [ 90%] Meshing curve 605 (Line)
Info    : [ 90%] Meshing curve 606 (Line)
Info    : [ 90%] Meshing curve 607 (Line)
Info    : [ 90%] Meshing curve 608 (Line)
Info    : [ 90%] Meshing curve 609 (Line)
Info    : [ 90%] Meshing curve 610 (Line)
Info    : [ 90%] Meshing curve 611 (Line)
Info    : [ 90%] Meshing curve 612 (Line)
Info    : [ 90%] Meshing curve 613 (Line)
Info    : [ 90%] Meshing curve 614 (Line)
Info    : [ 90%] Meshing curve 615 (Line)
Info    : [100%] Meshing curve 616 (Line)
Info    : [100%] Meshing curve 617 (Line)
Info    : [100%] Meshing curve 618 (Line)
Info    : [100%] Meshing curve 619 (Line)
Info    : [100%] Meshing curve 620 (Line)
Info    : [100%] Meshing curve 621 (Line)
Info    : [100%] Meshing curve 622 (Line)
Info    : [100%] Meshing curve 623 (Line)
Info    : [100%] Meshing curve 624 (Line)
Info    : [100%] Meshing curve 625 (Line)
Info    : [100%] Meshing curve 626 (Line)
Info    : [100%] Meshing curve 627 (Line)
Info    : [100%] Meshing curve 628 (Line)
Info    : [100%] Meshing curve 629 (Line)
Info    : [100%] Meshing curve 630 (Line)
Info    : [100%] Meshing curve 631 (Line)
Info    : [100%] Meshing curve 632 (Line)
Info    : [100%] Meshing curve 633 (Line)
Info    : [100%] Meshing curve 634 (Line)
Info    : [100%] Meshing curve 635 (Line)
Info    : [100%] Meshing curve 636 (Line)
Info    : [100%] Meshing curve 637 (Line)
Info    : [100%] Meshing curve 638 (Line)
Info    : [100%] Meshing curve 639 (Line)
Info    : [100%] Meshing curve 640 (Line)
Info    : [100%] Meshing curve 641 (Line)
Info    : [100%] Meshing curve 642 (Line)
Info    : [100%] Meshing curve 643 (Line)
Info    : [100%] Meshing curve 644 (Line)
Info    : [100%] Meshing curve 645 (Line)
Info    : [100%] Meshing curve 646 (Line)
Info    : [100%] Meshing curve 647 (Line)
Info    : [100%] Meshing curve 648 (Line)
Info    : Done meshing 1D (Wall 1.27035s, CPU 1.27027s)
Info    : Meshing 2D...
Info    : [  0%] Meshing surface 35 (Plane, Delaunay)
Info    : [ 10%] Meshing surface 41 (Plane, Delaunay)
Info    : [ 10%] Meshing surface 43 (Plane, Delaunay)
Info    : [ 10%] Meshing surface 44 (Plane, Delaunay)
Info    : [ 10%] Meshing surface 45 (Plane, Delaunay)
Info    : [ 10%] Meshing surface 46 (Plane, Delaunay)
Info    : [ 10%] Meshing surface 47 (Plane, Delaunay)
Info    : [ 10%] Meshing surface 48 (Plane, Delaunay)
Info    : [ 10%] Meshing surface 49 (Plane, Delaunay)
Info    : [ 10%] Meshing surface 50 (Plane, Delaunay)
Info    : [ 10%] Meshing surface 51 (Plane, Delaunay)
Info    : [ 10%] Meshing surface 53 (Plane, Delaunay)
Info    : [ 10%] Meshing surface 54 (Plane, Delaunay)
Info    : [ 10%] Meshing surface 55 (Plane, Delaunay)
Info    : [ 10%] Meshing surface 56 (Plane, Delaunay)
Info    : [ 20%] Meshing surface 57 (Plane, Delaunay)
Info    : [ 20%] Meshing surface 58 (Plane, Delaunay)
Info    : [ 20%] Meshing surface 59 (Plane, Delaunay)
Info    : [ 20%] Meshing surface 60 (Plane, Delaunay)
Info    : [ 20%] Meshing surface 61 (Plane, Delaunay)
Info    : [ 20%] Meshing surface 62 (Plane, Delaunay)
Info    : [ 20%] Meshing surface 63 (Plane, Delaunay)
Info    : [ 20%] Meshing surface 64 (Plane, Delaunay)
Info    : [ 20%] Meshing surface 65 (Plane, Delaunay)
Info    : [ 20%] Meshing surface 66 (Plane, Delaunay)
Info    : [ 20%] Meshing surface 67 (Plane, Delaunay)
Info    : [ 20%] Meshing surface 68 (Plane, Delaunay)
Info    : [ 20%] Meshing surface 69 (Plane, Delaunay)
Info    : [ 20%] Meshing surface 70 (Plane, Delaunay)
Info    : [ 20%] Meshing surface 71 (Plane, Delaunay)
Info    : [ 30%] Meshing surface 72 (Plane, Delaunay)
Info    : [ 30%] Meshing surface 73 (Plane, Delaunay)
Info    : [ 30%] Meshing surface 74 (Plane, Delaunay)
Info    : [ 30%] Meshing surface 75 (Plane, Delaunay)
Info    : [ 30%] Meshing surface 76 (Plane, Delaunay)
Info    : [ 30%] Meshing surface 179 (Plane, Delaunay)
Info    : [ 30%] Meshing surface 180 (Plane, Delaunay)
Info    : [ 30%] Meshing surface 181 (Plane, Delaunay)
Info    : [ 30%] Meshing surface 183 (Plane, Delaunay)
Info    : [ 30%] Meshing surface 184 (Plane, Delaunay)
Info    : [ 30%] Meshing surface 185 (Plane, Delaunay)
Info    : [ 30%] Meshing surface 186 (Plane, Delaunay)
Info    : [ 30%] Meshing surface 187 (Plane, Delaunay)
Info    : [ 30%] Meshing surface 188 (Plane, Delaunay)
Info    : [ 40%] Meshing surface 189 (Plane, Delaunay)
Info    : [ 40%] Meshing surface 190 (Plane, Delaunay)
Info    : [ 40%] Meshing surface 191 (Plane, Delaunay)
Info    : [ 40%] Meshing surface 192 (Plane, Delaunay)
Info    : [ 40%] Meshing surface 193 (Plane, Delaunay)
Info    : [ 40%] Meshing surface 195 (Plane, Delaunay)
Info    : [ 40%] Meshing surface 196 (Plane, Delaunay)
Info    : [ 40%] Meshing surface 197 (Plane, Delaunay)
Info    : [ 40%] Meshing surface 198 (Plane, Delaunay)
Info    : [ 40%] Meshing surface 199 (Plane, Delaunay)
Info    : [ 40%] Meshing surface 200 (Plane, Delaunay)
Info    : [ 40%] Meshing surface 201 (Plane, Delaunay)
Info    : [ 40%] Meshing surface 202 (Plane, Delaunay)
Info    : [ 40%] Meshing surface 203 (Plane, Delaunay)
Info    : [ 40%] Meshing surface 204 (Plane, Delaunay)
Info    : [ 50%] Meshing surface 205 (Plane, Delaunay)
Info    : [ 50%] Meshing surface 206 (Plane, Delaunay)
Info    : [ 50%] Meshing surface 207 (Plane, Delaunay)
Info    : [ 50%] Meshing surface 208 (Plane, Delaunay)
Info    : [ 50%] Meshing surface 209 (Plane, Delaunay)
Info    : [ 50%] Meshing surface 210 (Plane, Delaunay)
Info    : [ 50%] Meshing surface 211 (Plane, Delaunay)
Info    : [ 50%] Meshing surface 212 (Plane, Delaunay)
Info    : [ 50%] Meshing surface 213 (Plane, Delaunay)
Info    : [ 50%] Meshing surface 214 (Plane, Delaunay)
Info    : [ 50%] Meshing surface 215 (Plane, Delaunay)
Info    : [ 50%] Meshing surface 216 (Plane, Delaunay)
Info    : [ 50%] Meshing surface 217 (Plane, Delaunay)
Info    : [ 50%] Meshing surface 218 (Plane, Delaunay)
Info    : [ 50%] Meshing surface 219 (Plane, Delaunay)
Info    : [ 60%] Meshing surface 220 (Plane, Delaunay)
Info    : [ 60%] Meshing surface 221 (Plane, Delaunay)
Info    : [ 60%] Meshing surface 222 (Plane, Delaunay)
Info    : [ 60%] Meshing surface 223 (Plane, Delaunay)
Info    : [ 60%] Meshing surface 224 (Plane, Delaunay)
Info    : [ 60%] Meshing surface 225 (Plane, Delaunay)
Info    : [ 60%] Meshing surface 226 (Plane, Delaunay)
Info    : [ 60%] Meshing surface 227 (Plane, Delaunay)
Info    : [ 60%] Meshing surface 228 (Plane, Delaunay)
Info    : [ 60%] Meshing surface 229 (Plane, Delaunay)
Info    : [ 60%] Meshing surface 230 (Plane, Delaunay)
Info    : [ 60%] Meshing surface 231 (Plane, Delaunay)
Info    : [ 60%] Meshing surface 232 (Plane, Delaunay)
Info    : [ 60%] Meshing surface 233 (Plane, Delaunay)
Info    : [ 70%] Meshing surface 235 (Plane, Delaunay)
Info    : [ 70%] Meshing surface 236 (Plane, Delaunay)
Info    : [ 70%] Meshing surface 237 (Plane, Delaunay)
Info    : [ 70%] Meshing surface 238 (Plane, Delaunay)
Info    : [ 70%] Meshing surface 239 (Plane, Delaunay)
Info    : [ 70%] Meshing surface 240 (Plane, Delaunay)
Info    : [ 70%] Meshing surface 241 (Plane, Delaunay)
Info    : [ 70%] Meshing surface 242 (Plane, Delaunay)
Info    : [ 70%] Meshing surface 243 (Plane, Delaunay)
Info    : [ 70%] Meshing surface 244 (Plane, Delaunay)
Info    : [ 70%] Meshing surface 245 (Plane, Delaunay)
Info    : [ 70%] Meshing surface 246 (Plane, Delaunay)
Info    : [ 70%] Meshing surface 247 (Plane, Delaunay)
Info    : [ 70%] Meshing surface 248 (Plane, Delaunay)
Info    : [ 70%] Meshing surface 249 (Plane, Delaunay)
Info    : [ 80%] Meshing surface 250 (Plane, Delaunay)
Info    : [ 80%] Meshing surface 251 (Plane, Delaunay)
Info    : [ 80%] Meshing surface 252 (Plane, Delaunay)
Info    : [ 80%] Meshing surface 253 (Plane, Delaunay)
Info    : [ 80%] Meshing surface 254 (Plane, Delaunay)
Info    : [ 80%] Meshing surface 255 (Plane, Delaunay)
Info    : [ 80%] Meshing surface 256 (Plane, Delaunay)
Info    : [ 80%] Meshing surface 257 (Plane, Delaunay)
Info    : [ 80%] Meshing surface 258 (Plane, Delaunay)
Info    : [ 80%] Meshing surface 259 (Plane, Delaunay)
Info    : [ 80%] Meshing surface 260 (Plane, Delaunay)
Info    : [ 80%] Meshing surface 261 (Plane, Delaunay)
Info    : [ 80%] Meshing surface 262 (Plane, Delaunay)
Info    : [ 80%] Meshing surface 263 (Plane, Delaunay)
Info    : [ 90%] Meshing surface 264 (Plane, Delaunay)
Info    : [ 90%] Meshing surface 265 (Plane, Delaunay)
Info    : [ 90%] Meshing surface 266 (Plane, Delaunay)
Info    : [ 90%] Meshing surface 267 (Plane, Delaunay)
Info    : [ 90%] Meshing surface 268 (Plane, Delaunay)
Info    : [ 90%] Meshing surface 269 (Plane, Delaunay)
Info    : [ 90%] Meshing surface 270 (Plane, Delaunay)
Info    : [ 90%] Meshing surface 271 (Plane, Delaunay)
Info    : [ 90%] Meshing surface 272 (Plane, Delaunay)
Info    : [ 90%] Meshing surface 273 (Plane, Delaunay)
Info    : [ 90%] Meshing surface 274 (Plane, Delaunay)
Info    : [ 90%] Meshing surface 275 (Plane, Delaunay)
Info    : [ 90%] Meshing surface 276 (Plane, Delaunay)
Info    : [ 90%] Meshing surface 277 (Plane, Delaunay)
Info    : [ 90%] Meshing surface 278 (Plane, Delaunay)
Info    : [100%] Meshing surface 279 (Plane, Delaunay)
Info    : [100%] Meshing surface 280 (Plane, Delaunay)
Info    : [100%] Meshing surface 281 (Plane, Delaunay)
Info    : [100%] Meshing surface 282 (Plane, Delaunay)
Info    : [100%] Meshing surface 283 (Plane, Delaunay)
Info    : [100%] Meshing surface 284 (Plane, Delaunay)
Info    : [100%] Meshing surface 285 (Plane, Delaunay)
Info    : [100%] Meshing surface 286 (Plane, Delaunay)
Info    : [100%] Meshing surface 287 (Plane, Delaunay)
Info    : [100%] Meshing surface 288 (Plane, Delaunay)
Info    : [100%] Meshing surface 289 (Plane, Delaunay)
Info    : [100%] Meshing surface 290 (Plane, Delaunay)
Info    : [100%] Meshing surface 291 (Plane, Delaunay)
Info    : [100%] Meshing surface 292 (Plane, Delaunay)
Info    : Done meshing 2D (Wall 0.358351s, CPU 0.358292s)
Info    : Meshing 3D...
Info    : 3D Meshing 16 volumes with 1 connected component
Info    : Tetrahedrizing 2739 nodes...
Info    : Done tetrahedrizing 2747 nodes (Wall 0.036614s, CPU 0.036604s)
Info    : Reconstructing mesh...
Info    :  - Creating surface mesh
Info    :  - Identifying boundary edges
Info    :  - Recovering boundary
Info    :  - Added 16 Steiner points
Info    : Done reconstructing mesh (Wall 0.125282s, CPU 0.125266s)
Info    : Found volume 28
Info    : Found volume 29
Info    : Found volume 24
Info    : Found volume 27
Info    : Found volume 11
Info    : Found volume 31
Info    : Found volume 7
Info    : Found volume 6
Info    : Found volume 30
Info    : Found volume 25
Info    : Found volume 26
Info    : Found volume 8
Info    : Found volume 32
Info    : Found volume 10
Info    : Found volume 9
Info    : Found volume 12
Info    : It. 0 - 0 nodes created - worst tet radius 15.6107 (nodes removed 0 0)
Info    : It. 500 - 7 nodes created - worst tet radius 2.29069 (nodes removed 0 493)
Info    : It. 1000 - 92 nodes created - worst tet radius 1.26367 (nodes removed 0 908)
Info    : It. 1500 - 249 nodes created - worst tet radius 1.03854 (nodes removed 8 1243)
Info    : 3D refinement terminated (3056 nodes total):
Info    :  - 3 Delaunay cavities modified for star shapeness
Info    :  - 1330 nodes could not be inserted
Info    :  - 18079 tetrahedra created in 0.064546 sec. (280094 tets/s)
Info    : 233 node relocations
Info    : Done meshing 3D (Wall 0.339852s, CPU 0.339811s)
Info    : Optimizing mesh...
Info    : Optimizing volume 6
Info    : Optimization starts (volume = 144) with worst = 0.125314 / average = 0.523555:
Info    : 0.00 < quality < 0.10 :         0 elements
Info    : 0.10 < quality < 0.20 :         2 elements
Info    : 0.20 < quality < 0.30 :        35 elements
Info    : 0.30 < quality < 0.40 :        14 elements
Info    : 0.40 < quality < 0.50 :        43 elements
Info    : 0.50 < quality < 0.60 :        34 elements
Info    : 0.60 < quality < 0.70 :         4 elements
Info    : 0.70 < quality < 0.80 :        31 elements
Info    : 0.80 < quality < 0.90 :        16 elements
Info    : 0.90 < quality < 1.00 :         2 elements
Info    : 2 edge swaps, 0 node relocations (volume = 144): worst = 0.125314 / average = 0.523261 (Wall 0.000262808s, CPU 0.000267s)
Info    : No ill-shaped tets in the mesh :-)
Info    : 0.00 < quality < 0.10 :         0 elements
Info    : 0.10 < quality < 0.20 :         2 elements
Info    : 0.20 < quality < 0.30 :        35 elements
Info    : 0.30 < quality < 0.40 :        14 elements
Info    : 0.40 < quality < 0.50 :        45 elements
Info    : 0.50 < quality < 0.60 :        32 elements
Info    : 0.60 < quality < 0.70 :         4 elements
Info    : 0.70 < quality < 0.80 :        31 elements
Info    : 0.80 < quality < 0.90 :        16 elements
Info    : 0.90 < quality < 1.00 :         2 elements
Info    : Optimizing volume 7
Info    : Optimization starts (volume = 144) with worst = 0.125314 / average = 0.531002:
Info    : 0.00 < quality < 0.10 :         0 elements
Info    : 0.10 < quality < 0.20 :         2 elements
Info    : 0.20 < quality < 0.30 :        35 elements
Info    : 0.30 < quality < 0.40 :         8 elements
Info    : 0.40 < quality < 0.50 :        43 elements
Info    : 0.50 < quality < 0.60 :        34 elements
Info    : 0.60 < quality < 0.70 :         4 elements
Info    : 0.70 < quality < 0.80 :        30 elements
Info    : 0.80 < quality < 0.90 :        18 elements
Info    : 0.90 < quality < 1.00 :         2 elements
Info    : 3 edge swaps, 0 node relocations (volume = 144): worst = 0.125314 / average = 0.5307 (Wall 0.00014932s, CPU 0.000149s)
Info    : No ill-shaped tets in the mesh :-)
Info    : 0.00 < quality < 0.10 :         0 elements
Info    : 0.10 < quality < 0.20 :         2 elements
Info    : 0.20 < quality < 0.30 :        35 elements
Info    : 0.30 < quality < 0.40 :         8 elements
Info    : 0.40 < quality < 0.50 :        45 elements
Info    : 0.50 < quality < 0.60 :        32 elements
Info    : 0.60 < quality < 0.70 :         4 elements
Info    : 0.70 < quality < 0.80 :        30 elements
Info    : 0.80 < quality < 0.90 :        18 elements
Info    : 0.90 < quality < 1.00 :         2 elements
Info    : Optimizing volume 8
Info    : Optimization starts (volume = 48.544) with worst = 0.177187 / average = 0.605117:
Info    : 0.00 < quality < 0.10 :         0 elements
Info    : 0.10 < quality < 0.20 :         4 elements
Info    : 0.20 < quality < 0.30 :         4 elements
Info    : 0.30 < quality < 0.40 :        12 elements
Info    : 0.40 < quality < 0.50 :        12 elements
Info    : 0.50 < quality < 0.60 :        18 elements
Info    : 0.60 < quality < 0.70 :        18 elements
Info    : 0.70 < quality < 0.80 :        16 elements
Info    : 0.80 < quality < 0.90 :        12 elements
Info    : 0.90 < quality < 1.00 :         8 elements
Info    : 2 edge swaps, 0 node relocations (volume = 48.544): worst = 0.177187 / average = 0.61544 (Wall 5.9197e-05s, CPU 5.9e-05s)
Info    : No ill-shaped tets in the mesh :-)
Info    : 0.00 < quality < 0.10 :         0 elements
Info    : 0.10 < quality < 0.20 :         2 elements
Info    : 0.20 < quality < 0.30 :         4 elements
Info    : 0.30 < quality < 0.40 :        12 elements
Info    : 0.40 < quality < 0.50 :        11 elements
Info    : 0.50 < quality < 0.60 :        19 elements
Info    : 0.60 < quality < 0.70 :        17 elements
Info    : 0.70 < quality < 0.80 :        17 elements
Info    : 0.80 < quality < 0.90 :        12 elements
Info    : 0.90 < quality < 1.00 :         8 elements
Info    : Optimizing volume 9
Info    : Optimization starts (volume = 2.268) with worst = 0.266475 / average = 0.325093:
Info    : 0.00 < quality < 0.10 :         0 elements
Info    : 0.10 < quality < 0.20 :         0 elements
Info    : 0.20 < quality < 0.30 :         4 elements
Info    : 0.30 < quality < 0.40 :         8 elements
Info    : 0.40 < quality < 0.50 :         0 elements
Info    : 0.50 < quality < 0.60 :         0 elements
Info    : 0.60 < quality < 0.70 :         0 elements
Info    : 0.70 < quality < 0.80 :         0 elements
Info    : 0.80 < quality < 0.90 :         0 elements
Info    : 0.90 < quality < 1.00 :         0 elements
Info    : No ill-shaped tets in the mesh :-)
Info    : 0.00 < quality < 0.10 :         0 elements
Info    : 0.10 < quality < 0.20 :         0 elements
Info    : 0.20 < quality < 0.30 :         4 elements
Info    : 0.30 < quality < 0.40 :         8 elements
Info    : 0.40 < quality < 0.50 :         0 elements
Info    : 0.50 < quality < 0.60 :         0 elements
Info    : 0.60 < quality < 0.70 :         0 elements
Info    : 0.70 < quality < 0.80 :         0 elements
Info    : 0.80 < quality < 0.90 :         0 elements
Info    : 0.90 < quality < 1.00 :         0 elements
Info    : Optimizing volume 10
Info    : Optimization starts (volume = 2.268) with worst = 0.266475 / average = 0.325093:
Info    : 0.00 < quality < 0.10 :         0 elements
Info    : 0.10 < quality < 0.20 :         0 elements
Info    : 0.20 < quality < 0.30 :         4 elements
Info    : 0.30 < quality < 0.40 :         8 elements
Info    : 0.40 < quality < 0.50 :         0 elements
Info    : 0.50 < quality < 0.60 :         0 elements
Info    : 0.60 < quality < 0.70 :         0 elements
Info    : 0.70 < quality < 0.80 :         0 elements
Info    : 0.80 < quality < 0.90 :         0 elements
Info    : 0.90 < quality < 1.00 :         0 elements
Info    : No ill-shaped tets in the mesh :-)
Info    : 0.00 < quality < 0.10 :         0 elements
Info    : 0.10 < quality < 0.20 :         0 elements
Info    : 0.20 < quality < 0.30 :         4 elements
Info    : 0.30 < quality < 0.40 :         8 elements
Info    : 0.40 < quality < 0.50 :         0 elements
Info    : 0.50 < quality < 0.60 :         0 elements
Info    : 0.60 < quality < 0.70 :         0 elements
Info    : 0.70 < quality < 0.80 :         0 elements
Info    : 0.80 < quality < 0.90 :         0 elements
Info    : 0.90 < quality < 1.00 :         0 elements
Info    : Optimizing volume 11
Info    : Optimization starts (volume = 2.268) with worst = 0.0280207 / average = 0.26468:
Info    : 0.00 < quality < 0.10 :         6 elements
Info    : 0.10 < quality < 0.20 :         0 elements
Info    : 0.20 < quality < 0.30 :         2 elements
Info    : 0.30 < quality < 0.40 :         7 elements
Info    : 0.40 < quality < 0.50 :         0 elements
Info    : 0.50 < quality < 0.60 :         0 elements
Info    : 0.60 < quality < 0.70 :         2 elements
Info    : 0.70 < quality < 0.80 :         0 elements
Info    : 0.80 < quality < 0.90 :         0 elements
Info    : 0.90 < quality < 1.00 :         0 elements
Info    : 3 edge swaps, 0 node relocations (volume = 2.268): worst = 0.0280207 / average = 0.310559 (Wall 6.4912e-05s, CPU 6.5e-05s)
Info    : No ill-shaped tets in the mesh :-)
Info    : 0.00 < quality < 0.10 :         4 elements
Info    : 0.10 < quality < 0.20 :         1 elements
Info    : 0.20 < quality < 0.30 :         4 elements
Info    : 0.30 < quality < 0.40 :         3 elements
Info    : 0.40 < quality < 0.50 :         1 elements
Info    : 0.50 < quality < 0.60 :         2 elements
Info    : 0.60 < quality < 0.70 :         2 elements
Info    : 0.70 < quality < 0.80 :         0 elements
Info    : 0.80 < quality < 0.90 :         0 elements
Info    : 0.90 < quality < 1.00 :         0 elements
Info    : Optimizing volume 12
Info    : Optimization starts (volume = 2.268) with worst = 0.266475 / average = 0.325093:
Info    : 0.00 < quality < 0.10 :         0 elements
Info    : 0.10 < quality < 0.20 :         0 elements
Info    : 0.20 < quality < 0.30 :         4 elements
Info    : 0.30 < quality < 0.40 :         8 elements
Info    : 0.40 < quality < 0.50 :         0 elements
Info    : 0.50 < quality < 0.60 :         0 elements
Info    : 0.60 < quality < 0.70 :         0 elements
Info    : 0.70 < quality < 0.80 :         0 elements
Info    : 0.80 < quality < 0.90 :         0 elements
Info    : 0.90 < quality < 1.00 :         0 elements
Info    : No ill-shaped tets in the mesh :-)
Info    : 0.00 < quality < 0.10 :         0 elements
Info    : 0.10 < quality < 0.20 :         0 elements
Info    : 0.20 < quality < 0.30 :         4 elements
Info    : 0.30 < quality < 0.40 :         8 elements
Info    : 0.40 < quality < 0.50 :         0 elements
Info    : 0.50 < quality < 0.60 :         0 elements
Info    : 0.60 < quality < 0.70 :         0 elements
Info    : 0.70 < quality < 0.80 :         0 elements
Info    : 0.80 < quality < 0.90 :         0 elements
Info    : 0.90 < quality < 1.00 :         0 elements
Info    : Optimizing volume 24
Info    : Optimization starts (volume = 2243.93) with worst = 0.0136435 / average = 0.175265:
Info    : 0.00 < quality < 0.10 :        96 elements
Info    : 0.10 < quality < 0.20 :      1250 elements
Info    : 0.20 < quality < 0.30 :        68 elements
Info    : 0.30 < quality < 0.40 :        10 elements
Info    : 0.40 < quality < 0.50 :         0 elements
Info    : 0.50 < quality < 0.60 :         0 elements
Info    : 0.60 < quality < 0.70 :         0 elements
Info    : 0.70 < quality < 0.80 :         0 elements
Info    : 0.80 < quality < 0.90 :         0 elements
Info    : 0.90 < quality < 1.00 :         0 elements
Info    : 122 edge swaps, 7 node relocations (volume = 2243.93): worst = 0.0136435 / average = 0.176843 (Wall 0.0062009s, CPU 0.006197s)
Info    : 128 edge swaps, 12 node relocations (volume = 2243.93): worst = 0.0136435 / average = 0.176911 (Wall 0.0136825s, CPU 0.013676s)
Info    : No ill-shaped tets in the mesh :-)
Info    : 0.00 < quality < 0.10 :        74 elements
Info    : 0.10 < quality < 0.20 :      1231 elements
Info    : 0.20 < quality < 0.30 :        58 elements
Info    : 0.30 < quality < 0.40 :        10 elements
Info    : 0.40 < quality < 0.50 :         0 elements
Info    : 0.50 < quality < 0.60 :         0 elements
Info    : 0.60 < quality < 0.70 :         0 elements
Info    : 0.70 < quality < 0.80 :         0 elements
Info    : 0.80 < quality < 0.90 :         0 elements
Info    : 0.90 < quality < 1.00 :         0 elements
Info    : Optimizing volume 25
Info    : Optimization starts (volume = 1843.77) with worst = 0.0800144 / average = 0.725873:
Info    : 0.00 < quality < 0.10 :         1 elements
Info    : 0.10 < quality < 0.20 :         4 elements
Info    : 0.20 < quality < 0.30 :        18 elements
Info    : 0.30 < quality < 0.40 :        43 elements
Info    : 0.40 < quality < 0.50 :        31 elements
Info    : 0.50 < quality < 0.60 :       127 elements
Info    : 0.60 < quality < 0.70 :       159 elements
Info    : 0.70 < quality < 0.80 :       195 elements
Info    : 0.80 < quality < 0.90 :       169 elements
Info    : 0.90 < quality < 1.00 :       200 elements
Info    : 5 edge swaps, 0 node relocations (volume = 1843.77): worst = 0.137979 / average = 0.728741 (Wall 0.00064983s, CPU 0.000665s)
Info    : No ill-shaped tets in the mesh :-)
Info    : 0.00 < quality < 0.10 :         0 elements
Info    : 0.10 < quality < 0.20 :         3 elements
Info    : 0.20 < quality < 0.30 :        15 elements
Info    : 0.30 < quality < 0.40 :        41 elements
Info    : 0.40 < quality < 0.50 :        32 elements
Info    : 0.50 < quality < 0.60 :       131 elements
Info    : 0.60 < quality < 0.70 :       157 elements
Info    : 0.70 < quality < 0.80 :       195 elements
Info    : 0.80 < quality < 0.90 :       169 elements
Info    : 0.90 < quality < 1.00 :       200 elements
Info    : Optimizing volume 26
Info    : Optimization starts (volume = 473.288) with worst = 0.0800144 / average = 0.66133:
Info    : 0.00 < quality < 0.10 :         2 elements
Info    : 0.10 < quality < 0.20 :         3 elements
Info    : 0.20 < quality < 0.30 :         6 elements
Info    : 0.30 < quality < 0.40 :        33 elements
Info    : 0.40 < quality < 0.50 :        15 elements
Info    : 0.50 < quality < 0.60 :        43 elements
Info    : 0.60 < quality < 0.70 :        53 elements
Info    : 0.70 < quality < 0.80 :        96 elements
Info    : 0.80 < quality < 0.90 :        44 elements
Info    : 0.90 < quality < 1.00 :        20 elements
Info    : 3 edge swaps, 0 node relocations (volume = 473.288): worst = 0.177313 / average = 0.667458 (Wall 0.000304595s, CPU 0.000301s)
Info    : No ill-shaped tets in the mesh :-)
Info    : 0.00 < quality < 0.10 :         0 elements
Info    : 0.10 < quality < 0.20 :         2 elements
Info    : 0.20 < quality < 0.30 :         6 elements
Info    : 0.30 < quality < 0.40 :        31 elements
Info    : 0.40 < quality < 0.50 :        16 elements
Info    : 0.50 < quality < 0.60 :        44 elements
Info    : 0.60 < quality < 0.70 :        53 elements
Info    : 0.70 < quality < 0.80 :        96 elements
Info    : 0.80 < quality < 0.90 :        44 elements
Info    : 0.90 < quality < 1.00 :        20 elements
Info    : Optimizing volume 27
Info    : Optimization starts (volume = 1.17865e+07) with worst = 0.0914411 / average = 0.641325:
Info    : 0.00 < quality < 0.10 :         1 elements
Info    : 0.10 < quality < 0.20 :        10 elements
Info    : 0.20 < quality < 0.30 :        19 elements
Info    : 0.30 < quality < 0.40 :        27 elements
Info    : 0.40 < quality < 0.50 :       146 elements
Info    : 0.50 < quality < 0.60 :       213 elements
Info    : 0.60 < quality < 0.70 :       249 elements
Info    : 0.70 < quality < 0.80 :       194 elements
Info    : 0.80 < quality < 0.90 :       141 elements
Info    : 0.90 < quality < 1.00 :        52 elements
Info    : 30 edge swaps, 2 node relocations (volume = 1.17865e+07): worst = 0.232936 / average = 0.65196 (Wall 0.000634842s, CPU 0.000634s)
Info    : 31 edge swaps, 2 node relocations (volume = 1.17865e+07): worst = 0.309125 / average = 0.65228 (Wall 0.000716704s, CPU 0.000721s)
Info    : No ill-shaped tets in the mesh :-)
Info    : 0.00 < quality < 0.10 :         0 elements
Info    : 0.10 < quality < 0.20 :         0 elements
Info    : 0.20 < quality < 0.30 :         0 elements
Info    : 0.30 < quality < 0.40 :        34 elements
Info    : 0.40 < quality < 0.50 :       147 elements
Info    : 0.50 < quality < 0.60 :       208 elements
Info    : 0.60 < quality < 0.70 :       252 elements
Info    : 0.70 < quality < 0.80 :       198 elements
Info    : 0.80 < quality < 0.90 :       135 elements
Info    : 0.90 < quality < 1.00 :        55 elements
Info    : Optimizing volume 28
Info    : Optimization starts (volume = 23573) with worst = 0.000574771 / average = 0.0315502:
Info    : 0.00 < quality < 0.10 :      1161 elements
Info    : 0.10 < quality < 0.20 :        69 elements
Info    : 0.20 < quality < 0.30 :         1 elements
Info    : 0.30 < quality < 0.40 :         0 elements
Info    : 0.40 < quality < 0.50 :         0 elements
Info    : 0.50 < quality < 0.60 :         0 elements
Info    : 0.60 < quality < 0.70 :         0 elements
Info    : 0.70 < quality < 0.80 :         0 elements
Info    : 0.80 < quality < 0.90 :         0 elements
Info    : 0.90 < quality < 1.00 :         0 elements
Info    : 151 edge swaps, 0 node relocations (volume = 23573): worst = 0.000574771 / average = 0.0305403 (Wall 0.00623418s, CPU 0.006231s)
Info    : 152 edge swaps, 0 node relocations (volume = 23573): worst = 0.000574771 / average = 0.0305416 (Wall 0.0136611s, CPU 0.013658s)
Warning : 2 ill-shaped tets are still in the mesh
Info    : 0.00 < quality < 0.10 :      1119 elements
Info    : 0.10 < quality < 0.20 :        53 elements
Info    : 0.20 < quality < 0.30 :         1 elements
Info    : 0.30 < quality < 0.40 :         0 elements
Info    : 0.40 < quality < 0.50 :         0 elements
Info    : 0.50 < quality < 0.60 :         0 elements
Info    : 0.60 < quality < 0.70 :         0 elements
Info    : 0.70 < quality < 0.80 :         0 elements
Info    : 0.80 < quality < 0.90 :         0 elements
Info    : 0.90 < quality < 1.00 :         0 elements
Info    : Optimizing volume 29
Info    : Optimization starts (volume = 922118) with worst = 5.27553e-05 / average = 0.464764:
Info    : 0.00 < quality < 0.10 :       237 elements
Info    : 0.10 < quality < 0.20 :      1125 elements
Info    : 0.20 < quality < 0.30 :       953 elements
Info    : 0.30 < quality < 0.40 :      1227 elements
Info    : 0.40 < quality < 0.50 :      1181 elements
Info    : 0.50 < quality < 0.60 :      1274 elements
Info    : 0.60 < quality < 0.70 :       947 elements
Info    : 0.70 < quality < 0.80 :       778 elements
Info    : 0.80 < quality < 0.90 :       589 elements
Info    : 0.90 < quality < 1.00 :       180 elements
Info    : 491 edge swaps, 40 node relocations (volume = 922118): worst = 0.00451448 / average = 0.480469 (Wall 0.0202529s, CPU 0.020248s)
Info    : 542 edge swaps, 56 node relocations (volume = 922118): worst = 0.00451448 / average = 0.481261 (Wall 0.0380744s, CPU 0.038066s)
Info    : No ill-shaped tets in the mesh :-)
Info    : 0.00 < quality < 0.10 :       111 elements
Info    : 0.10 < quality < 0.20 :       983 elements
Info    : 0.20 < quality < 0.30 :       765 elements
Info    : 0.30 < quality < 0.40 :      1251 elements
Info    : 0.40 < quality < 0.50 :      1153 elements
Info    : 0.50 < quality < 0.60 :      1260 elements
Info    : 0.60 < quality < 0.70 :       932 elements
Info    : 0.70 < quality < 0.80 :       786 elements
Info    : 0.80 < quality < 0.90 :       613 elements
Info    : 0.90 < quality < 1.00 :       184 elements
Info    : Optimizing volume 30
Info    : Optimization starts (volume = 220997) with worst = 0.0208621 / average = 0.517746:
Info    : 0.00 < quality < 0.10 :        12 elements
Info    : 0.10 < quality < 0.20 :       112 elements
Info    : 0.20 < quality < 0.30 :       179 elements
Info    : 0.30 < quality < 0.40 :       194 elements
Info    : 0.40 < quality < 0.50 :       337 elements
Info    : 0.50 < quality < 0.60 :       376 elements
Info    : 0.60 < quality < 0.70 :       355 elements
Info    : 0.70 < quality < 0.80 :       267 elements
Info    : 0.80 < quality < 0.90 :        78 elements
Info    : 0.90 < quality < 1.00 :         7 elements
Info    : 80 edge swaps, 0 node relocations (volume = 220997): worst = 0.0946461 / average = 0.529149 (Wall 0.00200106s, CPU 0.002004s)
Info    : 82 edge swaps, 0 node relocations (volume = 220997): worst = 0.0946461 / average = 0.529125 (Wall 0.00332266s, CPU 0.003326s)
Info    : No ill-shaped tets in the mesh :-)
Info    : 0.00 < quality < 0.10 :         2 elements
Info    : 0.10 < quality < 0.20 :        81 elements
Info    : 0.20 < quality < 0.30 :       153 elements
Info    : 0.30 < quality < 0.40 :       210 elements
Info    : 0.40 < quality < 0.50 :       324 elements
Info    : 0.50 < quality < 0.60 :       366 elements
Info    : 0.60 < quality < 0.70 :       360 elements
Info    : 0.70 < quality < 0.80 :       267 elements
Info    : 0.80 < quality < 0.90 :        80 elements
Info    : 0.90 < quality < 1.00 :         7 elements
Info    : Optimizing volume 31
Info    : Optimization starts (volume = 1.06078e+07) with worst = 0.0139284 / average = 0.599172:
Info    : 0.00 < quality < 0.10 :         5 elements
Info    : 0.10 < quality < 0.20 :        15 elements
Info    : 0.20 < quality < 0.30 :        29 elements
Info    : 0.30 < quality < 0.40 :        73 elements
Info    : 0.40 < quality < 0.50 :       208 elements
Info    : 0.50 < quality < 0.60 :       291 elements
Info    : 0.60 < quality < 0.70 :       308 elements
Info    : 0.70 < quality < 0.80 :       188 elements
Info    : 0.80 < quality < 0.90 :       103 elements
Info    : 0.90 < quality < 1.00 :        40 elements
Info    : 45 edge swaps, 2 node relocations (volume = 1.06078e+07): worst = 0.300802 / average = 0.614851 (Wall 0.000476719s, CPU 0.000478s)
Info    : No ill-shaped tets in the mesh :-)
Info    : 0.00 < quality < 0.10 :         0 elements
Info    : 0.10 < quality < 0.20 :         0 elements
Info    : 0.20 < quality < 0.30 :         0 elements
Info    : 0.30 < quality < 0.40 :        72 elements
Info    : 0.40 < quality < 0.50 :       210 elements
Info    : 0.50 < quality < 0.60 :       298 elements
Info    : 0.60 < quality < 0.70 :       305 elements
Info    : 0.70 < quality < 0.80 :       192 elements
Info    : 0.80 < quality < 0.90 :       105 elements
Info    : 0.90 < quality < 1.00 :        38 elements
Info    : Optimizing volume 32
Info    : Optimization starts (volume = 3.51622e+07) with worst = 0.00813731 / average = 0.527797:
Info    : 0.00 < quality < 0.10 :        76 elements
Info    : 0.10 < quality < 0.20 :        48 elements
Info    : 0.20 < quality < 0.30 :        40 elements
Info    : 0.30 < quality < 0.40 :        73 elements
Info    : 0.40 < quality < 0.50 :       104 elements
Info    : 0.50 < quality < 0.60 :       140 elements
Info    : 0.60 < quality < 0.70 :       205 elements
Info    : 0.70 < quality < 0.80 :       184 elements
Info    : 0.80 < quality < 0.90 :        54 elements
Info    : 0.90 < quality < 1.00 :         4 elements
Info    : 32 edge swaps, 0 node relocations (volume = 3.51622e+07): worst = 0.00813731 / average = 0.539239 (Wall 0.00157061s, CPU 0.001569s)
Info    : 40 edge swaps, 0 node relocations (volume = 3.51622e+07): worst = 0.00813731 / average = 0.54152 (Wall 0.00290322s, CPU 0.0029s)
Info    : No ill-shaped tets in the mesh :-)
Info    : 0.00 < quality < 0.10 :        64 elements
Info    : 0.10 < quality < 0.20 :        34 elements
Info    : 0.20 < quality < 0.30 :        24 elements
Info    : 0.30 < quality < 0.40 :        57 elements
Info    : 0.40 < quality < 0.50 :       105 elements
Info    : 0.50 < quality < 0.60 :       158 elements
Info    : 0.60 < quality < 0.70 :       200 elements
Info    : 0.70 < quality < 0.80 :       180 elements
Info    : 0.80 < quality < 0.90 :        55 elements
Info    : 0.90 < quality < 1.00 :         4 elements
Info    : Done optimizing mesh (Wall 0.10072s, CPU 0.100709s)
Info    : 3056 nodes 24462 elements
Warning : ------------------------------
Warning : Mesh generation error summary
Warning :     1 warning
Warning :     0 errors
Warning : Check the full log for details
Warning : ------------------------------
Info    : Writing '/foss/designs/inductor_synth/palace_model/inductor3_N2_do61.38_w2.01_s2.01_data/inductor3_N2_do61.38_w2.01_s2.01.msh'...
Info    : Done writing '/foss/designs/inductor_synth/palace_model/inductor3_N2_do61.38_w2.01_s2.01_data/inductor3_N2_do61.38_w2.01_s2.01.msh'
Info    : Clearing all models and views...
Info    : Done clearing all models and views
Info    : Meshing 1D...
Info    : [  0%] Meshing curve 64 (Line)
Info    : [ 10%] Meshing curve 65 (Line)
Info    : [ 10%] Meshing curve 67 (Line)
Info    : [ 10%] Meshing curve 69 (Line)
Info    : [ 10%] Meshing curve 70 (Line)
Info    : [ 10%] Meshing curve 71 (Line)
Info    : [ 10%] Meshing curve 72 (Line)
Info    : [ 10%] Meshing curve 76 (Line)
Info    : [ 10%] Meshing curve 77 (Line)
Info    : [ 10%] Meshing curve 79 (Line)
Info    : [ 10%] Meshing curve 81 (Line)
Info    : [ 10%] Meshing curve 82 (Line)
Info    : [ 10%] Meshing curve 83 (Line)
Info    : [ 10%] Meshing curve 84 (Line)
Info    : [ 10%] Meshing curve 85 (Line)
Info    : [ 10%] Meshing curve 86 (Line)
Info    : [ 10%] Meshing curve 87 (Line)
Info    : [ 10%] Meshing curve 88 (Line)
Info    : [ 10%] Meshing curve 89 (Line)
Info    : [ 10%] Meshing curve 90 (Line)
Info    : [ 10%] Meshing curve 91 (Line)
Info    : [ 10%] Meshing curve 92 (Line)
Info    : [ 10%] Meshing curve 93 (Line)
Info    : [ 10%] Meshing curve 94 (Line)
Info    : [ 10%] Meshing curve 95 (Line)
Info    : [ 10%] Meshing curve 96 (Line)
Info    : [ 10%] Meshing curve 97 (Line)
Info    : [ 10%] Meshing curve 98 (Line)
Info    : [ 10%] Meshing curve 99 (Line)
Info    : [ 10%] Meshing curve 100 (Line)
Info    : [ 10%] Meshing curve 101 (Line)
Info    : [ 10%] Meshing curve 102 (Line)
Info    : [ 10%] Meshing curve 103 (Line)
Info    : [ 10%] Meshing curve 104 (Line)
Info    : [ 20%] Meshing curve 105 (Line)
Info    : [ 20%] Meshing curve 106 (Line)
Info    : [ 20%] Meshing curve 107 (Line)
Info    : [ 20%] Meshing curve 108 (Line)
Info    : [ 20%] Meshing curve 109 (Line)
Info    : [ 20%] Meshing curve 110 (Line)
Info    : [ 20%] Meshing curve 111 (Line)
Info    : [ 20%] Meshing curve 112 (Line)
Info    : [ 20%] Meshing curve 113 (Line)
Info    : [ 20%] Meshing curve 114 (Line)
Info    : [ 20%] Meshing curve 115 (Line)
Info    : [ 20%] Meshing curve 116 (Line)
Info    : [ 20%] Meshing curve 117 (Line)
Info    : [ 20%] Meshing curve 118 (Line)
Info    : [ 20%] Meshing curve 119 (Line)
Info    : [ 20%] Meshing curve 120 (Line)
Info    : [ 20%] Meshing curve 121 (Line)
Info    : [ 20%] Meshing curve 122 (Line)
Info    : [ 20%] Meshing curve 123 (Line)
Info    : [ 20%] Meshing curve 124 (Line)
Info    : [ 20%] Meshing curve 125 (Line)
Info    : [ 20%] Meshing curve 126 (Line)
Info    : [ 20%] Meshing curve 127 (Line)
Info    : [ 20%] Meshing curve 128 (Line)
Info    : [ 20%] Meshing curve 129 (Line)
Info    : [ 20%] Meshing curve 130 (Line)
Info    : [ 20%] Meshing curve 131 (Line)
Info    : [ 20%] Meshing curve 132 (Line)
Info    : [ 20%] Meshing curve 133 (Line)
Info    : [ 20%] Meshing curve 134 (Line)
Info    : [ 20%] Meshing curve 135 (Line)
Info    : [ 20%] Meshing curve 136 (Line)
Info    : [ 20%] Meshing curve 137 (Line)
Info    : [ 20%] Meshing curve 138 (Line)
Info    : [ 30%] Meshing curve 139 (Line)
Info    : [ 30%] Meshing curve 140 (Line)
Info    : [ 30%] Meshing curve 141 (Line)
Info    : [ 30%] Meshing curve 142 (Line)
Info    : [ 30%] Meshing curve 143 (Line)
Info    : [ 30%] Meshing curve 144 (Line)
Info    : [ 30%] Meshing curve 145 (Line)
Info    : [ 30%] Meshing curve 146 (Line)
Info    : [ 30%] Meshing curve 147 (Line)
Info    : [ 30%] Meshing curve 148 (Line)
Info    : [ 30%] Meshing curve 149 (Line)
Info    : [ 30%] Meshing curve 150 (Line)
Info    : [ 30%] Meshing curve 151 (Line)
Info    : [ 30%] Meshing curve 152 (Line)
Info    : [ 30%] Meshing curve 153 (Line)
Info    : [ 30%] Meshing curve 154 (Line)
Info    : [ 30%] Meshing curve 155 (Line)
Info    : [ 30%] Meshing curve 156 (Line)
Info    : [ 30%] Meshing curve 397 (Line)
Info    : [ 30%] Meshing curve 398 (Line)
Info    : [ 30%] Meshing curve 399 (Line)
Info    : [ 30%] Meshing curve 400 (Line)
Info    : [ 30%] Meshing curve 401 (Line)
Info    : [ 30%] Meshing curve 402 (Line)
Info    : [ 30%] Meshing curve 403 (Line)
Info    : [ 30%] Meshing curve 404 (Line)
Info    : [ 30%] Meshing curve 405 (Line)
Info    : [ 30%] Meshing curve 406 (Line)
Info    : [ 30%] Meshing curve 407 (Line)
Info    : [ 30%] Meshing curve 408 (Line)
Info    : [ 30%] Meshing curve 409 (TrimmedCurve)
Info    : [ 30%] Meshing curve 410 (Line)
Info    : [ 30%] Meshing curve 411 (TrimmedCurve)
Info    : [ 30%] Meshing curve 412 (Line)
Info    : [ 40%] Meshing curve 413 (Line)
Info    : [ 40%] Meshing curve 414 (Line)
Info    : [ 40%] Meshing curve 415 (Line)
Info    : [ 40%] Meshing curve 416 (Line)
Info    : [ 40%] Meshing curve 417 (Line)
Info    : [ 40%] Meshing curve 418 (Line)
Info    : [ 40%] Meshing curve 419 (Line)
Info    : [ 40%] Meshing curve 420 (TrimmedCurve)
Info    : [ 40%] Meshing curve 421 (Line)
Info    : [ 40%] Meshing curve 422 (TrimmedCurve)
Info    : [ 40%] Meshing curve 423 (Line)
Info    : [ 40%] Meshing curve 424 (Line)
Info    : [ 40%] Meshing curve 425 (Line)
Info    : [ 40%] Meshing curve 426 (Line)
Info    : [ 40%] Meshing curve 427 (Line)
Info    : [ 40%] Meshing curve 428 (Line)
Info    : [ 40%] Meshing curve 429 (Line)
Info    : [ 40%] Meshing curve 430 (Line)
Info    : [ 40%] Meshing curve 431 (Line)
Info    : [ 40%] Meshing curve 432 (Line)
Info    : [ 40%] Meshing curve 433 (TrimmedCurve)
Info    : [ 40%] Meshing curve 434 (Line)
Info    : [ 40%] Meshing curve 435 (TrimmedCurve)
Info    : [ 40%] Meshing curve 436 (Line)
Info    : [ 40%] Meshing curve 437 (Line)
Info    : [ 40%] Meshing curve 438 (Line)
Info    : [ 40%] Meshing curve 439 (Line)
Info    : [ 40%] Meshing curve 440 (TrimmedCurve)
Info    : [ 40%] Meshing curve 441 (Line)
Info    : [ 40%] Meshing curve 442 (TrimmedCurve)
Info    : [ 40%] Meshing curve 443 (Line)
Info    : [ 40%] Meshing curve 444 (TrimmedCurve)
Info    : [ 40%] Meshing curve 445 (Line)
Info    : [ 40%] Meshing curve 446 (TrimmedCurve)
Info    : [ 50%] Meshing curve 447 (Line)
Info    : [ 50%] Meshing curve 448 (TrimmedCurve)
Info    : [ 50%] Meshing curve 449 (Line)
Info    : [ 50%] Meshing curve 450 (Line)
Info    : [ 50%] Meshing curve 451 (Line)
Info    : [ 50%] Meshing curve 452 (Line)
Info    : [ 50%] Meshing curve 453 (Line)
Info    : [ 50%] Meshing curve 454 (TrimmedCurve)
Info    : [ 50%] Meshing curve 455 (Line)
Info    : [ 50%] Meshing curve 456 (TrimmedCurve)
Info    : [ 50%] Meshing curve 457 (Line)
Info    : [ 50%] Meshing curve 458 (TrimmedCurve)
Info    : [ 50%] Meshing curve 459 (Line)
Info    : [ 50%] Meshing curve 460 (TrimmedCurve)
Info    : [ 50%] Meshing curve 461 (Line)
Info    : [ 50%] Meshing curve 462 (TrimmedCurve)
Info    : [ 50%] Meshing curve 463 (Line)
Info    : [ 50%] Meshing curve 464 (TrimmedCurve)
Info    : [ 50%] Meshing curve 465 (Line)
Info    : [ 50%] Meshing curve 466 (Line)
Info    : [ 50%] Meshing curve 467 (Line)
Info    : [ 50%] Meshing curve 468 (Line)
Info    : [ 50%] Meshing curve 469 (Line)
Info    : [ 50%] Meshing curve 470 (TrimmedCurve)
Info    : [ 50%] Meshing curve 471 (Line)
Info    : [ 50%] Meshing curve 472 (Line)
Info    : [ 50%] Meshing curve 473 (Line)
Info    : [ 50%] Meshing curve 474 (Line)
Info    : [ 50%] Meshing curve 475 (TrimmedCurve)
Info    : [ 50%] Meshing curve 476 (Line)
Info    : [ 50%] Meshing curve 477 (TrimmedCurve)
Info    : [ 50%] Meshing curve 478 (Line)
Info    : [ 50%] Meshing curve 479 (TrimmedCurve)
Info    : [ 50%] Meshing curve 480 (Line)
Info    : [ 60%] Meshing curve 481 (TrimmedCurve)
Info    : [ 60%] Meshing curve 482 (Line)
Info    : [ 60%] Meshing curve 483 (TrimmedCurve)
Info    : [ 60%] Meshing curve 484 (Line)
Info    : [ 60%] Meshing curve 485 (Line)
Info    : [ 60%] Meshing curve 486 (Line)
Info    : [ 60%] Meshing curve 487 (Line)
Info    : [ 60%] Meshing curve 488 (Line)
Info    : [ 60%] Meshing curve 489 (TrimmedCurve)
Info    : [ 60%] Meshing curve 490 (Line)
Info    : [ 60%] Meshing curve 491 (TrimmedCurve)
Info    : [ 60%] Meshing curve 492 (Line)
Info    : [ 60%] Meshing curve 493 (TrimmedCurve)
Info    : [ 60%] Meshing curve 494 (Line)
Info    : [ 60%] Meshing curve 495 (TrimmedCurve)
Info    : [ 60%] Meshing curve 496 (Line)
Info    : [ 60%] Meshing curve 497 (TrimmedCurve)
Info    : [ 60%] Meshing curve 498 (Line)
Info    : [ 60%] Meshing curve 499 (TrimmedCurve)
Info    : [ 60%] Meshing curve 500 (Line)
Info    : [ 60%] Meshing curve 501 (Line)
Info    : [ 60%] Meshing curve 502 (Line)
Info    : [ 60%] Meshing curve 503 (Line)
Info    : [ 60%] Meshing curve 504 (Line)
Info    : [ 60%] Meshing curve 505 (TrimmedCurve)
Info    : [ 60%] Meshing curve 506 (Line)
Info    : [ 60%] Meshing curve 507 (Line)
Info    : [ 60%] Meshing curve 508 (Line)
Info    : [ 60%] Meshing curve 509 (Line)
Info    : [ 60%] Meshing curve 510 (Line)
Info    : [ 60%] Meshing curve 511 (Line)
Info    : [ 60%] Meshing curve 512 (Line)
Info    : [ 60%] Meshing curve 513 (Line)
Info    : [ 70%] Meshing curve 514 (Line)
Info    : [ 70%] Meshing curve 515 (Line)
Info    : [ 70%] Meshing curve 516 (Line)
Info    : [ 70%] Meshing curve 517 (Line)
Info    : [ 70%] Meshing curve 518 (Line)
Info    : [ 70%] Meshing curve 519 (Line)
Info    : [ 70%] Meshing curve 520 (Line)
Info    : [ 70%] Meshing curve 521 (Line)
Info    : [ 70%] Meshing curve 522 (Line)
Info    : [ 70%] Meshing curve 523 (Line)
Info    : [ 70%] Meshing curve 524 (Line)
Info    : [ 70%] Meshing curve 525 (Line)
Info    : [ 70%] Meshing curve 526 (Line)
Info    : [ 70%] Meshing curve 527 (Line)
Info    : [ 70%] Meshing curve 528 (Line)
Info    : [ 70%] Meshing curve 529 (Line)
Info    : [ 70%] Meshing curve 530 (Line)
Info    : [ 70%] Meshing curve 531 (Line)
Info    : [ 70%] Meshing curve 532 (Line)
Info    : [ 70%] Meshing curve 533 (Line)
Info    : [ 70%] Meshing curve 534 (Line)
Info    : [ 70%] Meshing curve 535 (Line)
Info    : [ 70%] Meshing curve 536 (Line)
Info    : [ 70%] Meshing curve 537 (Line)
Info    : [ 70%] Meshing curve 538 (Line)
Info    : [ 70%] Meshing curve 539 (Line)
Info    : [ 70%] Meshing curve 540 (Line)
Info    : [ 70%] Meshing curve 541 (Line)
Info    : [ 70%] Meshing curve 542 (Line)
Info    : [ 70%] Meshing curve 543 (Line)
Info    : [ 70%] Meshing curve 544 (Line)
Info    : [ 70%] Meshing curve 545 (Line)
Info    : [ 70%] Meshing curve 546 (Line)
Info    : [ 70%] Meshing curve 547 (Line)
Info    : [ 80%] Meshing curve 548 (Line)
Info    : [ 80%] Meshing curve 549 (Line)
Info    : [ 80%] Meshing curve 550 (Line)
Info    : [ 80%] Meshing curve 551 (Line)
Info    : [ 80%] Meshing curve 552 (TrimmedCurve)
Info    : [ 80%] Meshing curve 553 (Line)
Info    : [ 80%] Meshing curve 554 (Line)
Info    : [ 80%] Meshing curve 555 (Line)
Info    : [ 80%] Meshing curve 556 (Line)
Info    : [ 80%] Meshing curve 557 (Line)
Info    : [ 80%] Meshing curve 558 (TrimmedCurve)
Info    : [ 80%] Meshing curve 559 (Line)
Info    : [ 80%] Meshing curve 560 (Line)
Info    : [ 80%] Meshing curve 561 (TrimmedCurve)
Info    : [ 80%] Meshing curve 562 (Line)
Info    : [ 80%] Meshing curve 563 (Line)
Info    : [ 80%] Meshing curve 564 (Line)
Info    : [ 80%] Meshing curve 565 (Line)
Info    : [ 80%] Meshing curve 566 (Line)
Info    : [ 80%] Meshing curve 567 (TrimmedCurve)
Info    : [ 80%] Meshing curve 568 (Line)
Info    : [ 80%] Meshing curve 569 (Line)
Info    : [ 80%] Meshing curve 570 (Line)
Info    : [ 80%] Meshing curve 571 (Line)
Info    : [ 80%] Meshing curve 572 (Line)
Info    : [ 80%] Meshing curve 573 (Line)
Info    : [ 80%] Meshing curve 574 (Line)
Info    : [ 80%] Meshing curve 575 (Line)
Info    : [ 80%] Meshing curve 576 (Line)
Info    : [ 80%] Meshing curve 577 (Line)
Info    : [ 80%] Meshing curve 578 (Line)
Info    : [ 80%] Meshing curve 579 (Line)
Info    : [ 80%] Meshing curve 580 (Line)
Info    : [ 80%] Meshing curve 581 (Line)
Info    : [ 90%] Meshing curve 582 (Line)
Info    : [ 90%] Meshing curve 583 (Line)
Info    : [ 90%] Meshing curve 584 (Line)
Info    : [ 90%] Meshing curve 585 (Line)
Info    : [ 90%] Meshing curve 586 (Line)
Info    : [ 90%] Meshing curve 587 (Line)
Info    : [ 90%] Meshing curve 588 (Line)
Info    : [ 90%] Meshing curve 589 (Line)
Info    : [ 90%] Meshing curve 590 (Line)
Info    : [ 90%] Meshing curve 591 (Line)
Info    : [ 90%] Meshing curve 592 (Line)
Info    : [ 90%] Meshing curve 593 (Line)
Info    : [ 90%] Meshing curve 594 (Line)
Info    : [ 90%] Meshing curve 595 (Line)
Info    : [ 90%] Meshing curve 596 (Line)
Info    : [ 90%] Meshing curve 597 (Line)
Info    : [ 90%] Meshing curve 598 (Line)
Info    : [ 90%] Meshing curve 599 (Line)
Info    : [ 90%] Meshing curve 600 (Line)
Info    : [ 90%] Meshing curve 601 (Line)
Info    : [ 90%] Meshing curve 602 (Line)
Info    : [ 90%] Meshing curve 603 (Line)
Info    : [ 90%] Meshing curve 604 (Line)
Info    : [ 90%] Meshing curve 605 (Line)
Info    : [ 90%] Meshing curve 606 (Line)
Info    : [ 90%] Meshing curve 607 (Line)
Info    : [ 90%] Meshing curve 608 (Line)
Info    : [ 90%] Meshing curve 609 (Line)
Info    : [ 90%] Meshing curve 610 (Line)
Info    : [ 90%] Meshing curve 611 (Line)
Info    : [ 90%] Meshing curve 612 (Line)
Info    : [ 90%] Meshing curve 613 (Line)
Info    : [ 90%] Meshing curve 614 (Line)
Info    : [ 90%] Meshing curve 615 (Line)
Info    : [100%] Meshing curve 616 (Line)
Info    : [100%] Meshing curve 617 (Line)
Info    : [100%] Meshing curve 618 (Line)
Info    : [100%] Meshing curve 619 (Line)
Info    : [100%] Meshing curve 620 (Line)
Info    : [100%] Meshing curve 621 (Line)
Info    : [100%] Meshing curve 622 (Line)
Info    : [100%] Meshing curve 623 (Line)
Info    : [100%] Meshing curve 624 (Line)
Info    : [100%] Meshing curve 625 (Line)
Info    : [100%] Meshing curve 626 (Line)
Info    : [100%] Meshing curve 627 (Line)
Info    : [100%] Meshing curve 628 (Line)
Info    : [100%] Meshing curve 629 (Line)
Info    : [100%] Meshing curve 630 (Line)
Info    : [100%] Meshing curve 631 (Line)
Info    : [100%] Meshing curve 632 (Line)
Info    : [100%] Meshing curve 633 (Line)
Info    : [100%] Meshing curve 634 (Line)
Info    : [100%] Meshing curve 635 (Line)
Info    : [100%] Meshing curve 636 (Line)
Info    : [100%] Meshing curve 637 (Line)
Info    : [100%] Meshing curve 638 (Line)
Info    : [100%] Meshing curve 639 (Line)
Info    : [100%] Meshing curve 640 (Line)
Info    : [100%] Meshing curve 641 (Line)
Info    : [100%] Meshing curve 642 (Line)
Info    : [100%] Meshing curve 643 (Line)
Info    : [100%] Meshing curve 644 (Line)
Info    : [100%] Meshing curve 645 (Line)
Info    : [100%] Meshing curve 646 (Line)
Info    : [100%] Meshing curve 647 (Line)
Info    : [100%] Meshing curve 648 (Line)
Info    : Done meshing 1D (Wall 1.28772s, CPU 1.27628s)
Info    : Meshing 2D...
Info    : [  0%] Meshing surface 35 (Plane, Delaunay)
Info    : [ 10%] Meshing surface 41 (Plane, Delaunay)
Info    : [ 10%] Meshing surface 43 (Plane, Delaunay)
Info    : [ 10%] Meshing surface 44 (Plane, Delaunay)
Info    : [ 10%] Meshing surface 45 (Plane, Delaunay)
Info    : [ 10%] Meshing surface 46 (Plane, Delaunay)
Info    : [ 10%] Meshing surface 47 (Plane, Delaunay)
Info    : [ 10%] Meshing surface 48 (Plane, Delaunay)
Info    : [ 10%] Meshing surface 49 (Plane, Delaunay)
Info    : [ 10%] Meshing surface 50 (Plane, Delaunay)
Info    : [ 10%] Meshing surface 51 (Plane, Delaunay)
Info    : [ 10%] Meshing surface 53 (Plane, Delaunay)
Info    : [ 10%] Meshing surface 54 (Plane, Delaunay)
Info    : [ 10%] Meshing surface 55 (Plane, Delaunay)
Info    : [ 10%] Meshing surface 56 (Plane, Delaunay)
Info    : [ 20%] Meshing surface 57 (Plane, Delaunay)
Info    : [ 20%] Meshing surface 58 (Plane, Delaunay)
Info    : [ 20%] Meshing surface 59 (Plane, Delaunay)
Info    : [ 20%] Meshing surface 60 (Plane, Delaunay)
Info    : [ 20%] Meshing surface 61 (Plane, Delaunay)
Info    : [ 20%] Meshing surface 62 (Plane, Delaunay)
Info    : [ 20%] Meshing surface 63 (Plane, Delaunay)
Info    : [ 20%] Meshing surface 64 (Plane, Delaunay)
Info    : [ 20%] Meshing surface 65 (Plane, Delaunay)
Info    : [ 20%] Meshing surface 66 (Plane, Delaunay)
Info    : [ 20%] Meshing surface 67 (Plane, Delaunay)
Info    : [ 20%] Meshing surface 68 (Plane, Delaunay)
Info    : [ 20%] Meshing surface 69 (Plane, Delaunay)
Info    : [ 20%] Meshing surface 70 (Plane, Delaunay)
Info    : [ 20%] Meshing surface 71 (Plane, Delaunay)
Info    : [ 30%] Meshing surface 72 (Plane, Delaunay)
Info    : [ 30%] Meshing surface 73 (Plane, Delaunay)
Info    : [ 30%] Meshing surface 74 (Plane, Delaunay)
Info    : [ 30%] Meshing surface 75 (Plane, Delaunay)
Info    : [ 30%] Meshing surface 76 (Plane, Delaunay)
Info    : [ 30%] Meshing surface 179 (Plane, Delaunay)
Info    : [ 30%] Meshing surface 180 (Plane, Delaunay)
Info    : [ 30%] Meshing surface 181 (Plane, Delaunay)
Info    : [ 30%] Meshing surface 183 (Plane, Delaunay)
Info    : [ 30%] Meshing surface 184 (Plane, Delaunay)
Info    : [ 30%] Meshing surface 185 (Plane, Delaunay)
Info    : [ 30%] Meshing surface 186 (Plane, Delaunay)
Info    : [ 30%] Meshing surface 187 (Plane, Delaunay)
Info    : [ 30%] Meshing surface 188 (Plane, Delaunay)
Info    : [ 40%] Meshing surface 189 (Plane, Delaunay)
Info    : [ 40%] Meshing surface 190 (Plane, Delaunay)
Info    : [ 40%] Meshing surface 191 (Plane, Delaunay)
Info    : [ 40%] Meshing surface 192 (Plane, Delaunay)
Info    : [ 40%] Meshing surface 193 (Plane, Delaunay)
Info    : [ 40%] Meshing surface 195 (Plane, Delaunay)
Info    : [ 40%] Meshing surface 196 (Plane, Delaunay)
Info    : [ 40%] Meshing surface 197 (Plane, Delaunay)
Info    : [ 40%] Meshing surface 198 (Plane, Delaunay)
Info    : [ 40%] Meshing surface 199 (Plane, Delaunay)
Info    : [ 40%] Meshing surface 200 (Plane, Delaunay)
Info    : [ 40%] Meshing surface 201 (Plane, Delaunay)
Info    : [ 40%] Meshing surface 202 (Plane, Delaunay)
Info    : [ 40%] Meshing surface 203 (Plane, Delaunay)
Info    : [ 40%] Meshing surface 204 (Plane, Delaunay)
Info    : [ 50%] Meshing surface 205 (Plane, Delaunay)
Info    : [ 50%] Meshing surface 206 (Plane, Delaunay)
Info    : [ 50%] Meshing surface 207 (Plane, Delaunay)
Info    : [ 50%] Meshing surface 208 (Plane, Delaunay)
Info    : [ 50%] Meshing surface 209 (Plane, Delaunay)
Info    : [ 50%] Meshing surface 210 (Plane, Delaunay)
Info    : [ 50%] Meshing surface 211 (Plane, Delaunay)
Info    : [ 50%] Meshing surface 212 (Plane, Delaunay)
Info    : [ 50%] Meshing surface 213 (Plane, Delaunay)
Info    : [ 50%] Meshing surface 214 (Plane, Delaunay)
Info    : [ 50%] Meshing surface 215 (Plane, Delaunay)
Info    : [ 50%] Meshing surface 216 (Plane, Delaunay)
Info    : [ 50%] Meshing surface 217 (Plane, Delaunay)
Info    : [ 50%] Meshing surface 218 (Plane, Delaunay)
Info    : [ 50%] Meshing surface 219 (Plane, Delaunay)
Info    : [ 60%] Meshing surface 220 (Plane, Delaunay)
Info    : [ 60%] Meshing surface 221 (Plane, Delaunay)
Info    : [ 60%] Meshing surface 222 (Plane, Delaunay)
Info    : [ 60%] Meshing surface 223 (Plane, Delaunay)
Info    : [ 60%] Meshing surface 224 (Plane, Delaunay)
Info    : [ 60%] Meshing surface 225 (Plane, Delaunay)
Info    : [ 60%] Meshing surface 226 (Plane, Delaunay)
Info    : [ 60%] Meshing surface 227 (Plane, Delaunay)
Info    : [ 60%] Meshing surface 228 (Plane, Delaunay)
Info    : [ 60%] Meshing surface 229 (Plane, Delaunay)
Info    : [ 60%] Meshing surface 230 (Plane, Delaunay)
Info    : [ 60%] Meshing surface 231 (Plane, Delaunay)
Info    : [ 60%] Meshing surface 232 (Plane, Delaunay)
Info    : [ 60%] Meshing surface 233 (Plane, Delaunay)
Info    : [ 70%] Meshing surface 235 (Plane, Delaunay)
Info    : [ 70%] Meshing surface 236 (Plane, Delaunay)
Info    : [ 70%] Meshing surface 237 (Plane, Delaunay)
Info    : [ 70%] Meshing surface 238 (Plane, Delaunay)
Info    : [ 70%] Meshing surface 239 (Plane, Delaunay)
Info    : [ 70%] Meshing surface 240 (Plane, Delaunay)
Info    : [ 70%] Meshing surface 241 (Plane, Delaunay)
Info    : [ 70%] Meshing surface 242 (Plane, Delaunay)
Info    : [ 70%] Meshing surface 243 (Plane, Delaunay)
Info    : [ 70%] Meshing surface 244 (Plane, Delaunay)
Info    : [ 70%] Meshing surface 245 (Plane, Delaunay)
Info    : [ 70%] Meshing surface 246 (Plane, Delaunay)
Info    : [ 70%] Meshing surface 247 (Plane, Delaunay)
Info    : [ 70%] Meshing surface 248 (Plane, Delaunay)
Info    : [ 70%] Meshing surface 249 (Plane, Delaunay)
Info    : [ 80%] Meshing surface 250 (Plane, Delaunay)
Info    : [ 80%] Meshing surface 251 (Plane, Delaunay)
Info    : [ 80%] Meshing surface 252 (Plane, Delaunay)
Info    : [ 80%] Meshing surface 253 (Plane, Delaunay)
Info    : [ 80%] Meshing surface 254 (Plane, Delaunay)
Info    : [ 80%] Meshing surface 255 (Plane, Delaunay)
Info    : [ 80%] Meshing surface 256 (Plane, Delaunay)
Info    : [ 80%] Meshing surface 257 (Plane, Delaunay)
Info    : [ 80%] Meshing surface 258 (Plane, Delaunay)
Info    : [ 80%] Meshing surface 259 (Plane, Delaunay)
Info    : [ 80%] Meshing surface 260 (Plane, Delaunay)
Info    : [ 80%] Meshing surface 261 (Plane, Delaunay)
Info    : [ 80%] Meshing surface 262 (Plane, Delaunay)
Info    : [ 80%] Meshing surface 263 (Plane, Delaunay)
Info    : [ 90%] Meshing surface 264 (Plane, Delaunay)
Info    : [ 90%] Meshing surface 265 (Plane, Delaunay)
Info    : [ 90%] Meshing surface 266 (Plane, Delaunay)
Info    : [ 90%] Meshing surface 267 (Plane, Delaunay)
Info    : [ 90%] Meshing surface 268 (Plane, Delaunay)
Info    : [ 90%] Meshing surface 269 (Plane, Delaunay)
Info    : [ 90%] Meshing surface 270 (Plane, Delaunay)
Info    : [ 90%] Meshing surface 271 (Plane, Delaunay)
Info    : [ 90%] Meshing surface 272 (Plane, Delaunay)
Info    : [ 90%] Meshing surface 273 (Plane, Delaunay)
Info    : [ 90%] Meshing surface 274 (Plane, Delaunay)
Info    : [ 90%] Meshing surface 275 (Plane, Delaunay)
Info    : [ 90%] Meshing surface 276 (Plane, Delaunay)
Info    : [ 90%] Meshing surface 277 (Plane, Delaunay)
Info    : [ 90%] Meshing surface 278 (Plane, Delaunay)
Info    : [100%] Meshing surface 279 (Plane, Delaunay)
Info    : [100%] Meshing surface 280 (Plane, Delaunay)
Info    : [100%] Meshing surface 281 (Plane, Delaunay)
Info    : [100%] Meshing surface 282 (Plane, Delaunay)
Info    : [100%] Meshing surface 283 (Plane, Delaunay)
Info    : [100%] Meshing surface 284 (Plane, Delaunay)
Info    : [100%] Meshing surface 285 (Plane, Delaunay)
Info    : [100%] Meshing surface 286 (Plane, Delaunay)
Info    : [100%] Meshing surface 287 (Plane, Delaunay)
Info    : [100%] Meshing surface 288 (Plane, Delaunay)
Info    : [100%] Meshing surface 289 (Plane, Delaunay)
Info    : [100%] Meshing surface 290 (Plane, Delaunay)
Info    : [100%] Meshing surface 291 (Plane, Delaunay)
Info    : [100%] Meshing surface 292 (Plane, Delaunay)
Info    : Done meshing 2D (Wall 0.359749s, CPU 0.359707s)
Info    : Meshing 3D...
Info    : 3D Meshing 16 volumes with 1 connected component
Info    : Tetrahedrizing 2730 nodes...
Info    : Done tetrahedrizing 2738 nodes (Wall 0.0346601s, CPU 0.034652s)
Info    : Reconstructing mesh...
Info    :  - Creating surface mesh
Info    :  - Identifying boundary edges
Info    :  - Recovering boundary
Info    :  - Added 14 Steiner points
Info    : Done reconstructing mesh (Wall 0.0999428s, CPU 0.099915s)
Info    : Found volume 28
Info    : Found volume 29
Info    : Found volume 24
Info    : Found volume 27
Info    : Found volume 11
Info    : Found volume 31
Info    : Found volume 7
Info    : Found volume 6
Info    : Found volume 25
Info    : Found volume 30
Info    : Found volume 26
Info    : Found volume 8
Info    : Found volume 32
Info    : Found volume 10
Info    : Found volume 9
Info    : Found volume 12
Info    : It. 0 - 0 nodes created - worst tet radius 15.6571 (nodes removed 0 0)
Info    : It. 500 - 8 nodes created - worst tet radius 2.30311 (nodes removed 0 492)
Info    : It. 1000 - 93 nodes created - worst tet radius 1.25352 (nodes removed 0 907)
Info    : It. 1500 - 245 nodes created - worst tet radius 1.03809 (nodes removed 9 1246)
Info    : 3D refinement terminated (3031 nodes total):
Info    :  - 2 Delaunay cavities modified for star shapeness
Info    :  - 1345 nodes could not be inserted
Info    :  - 17865 tetrahedra created in 0.0649815 sec. (274924 tets/s)
Info    : 324 node relocations
Info    : Done meshing 3D (Wall 0.351488s, CPU 0.351433s)
Info    : Optimizing mesh...
Info    : Optimizing volume 6
Info    : Optimization starts (volume = 144) with worst = 0.125314 / average = 0.528724:
Info    : 0.00 < quality < 0.10 :         0 elements
Info    : 0.10 < quality < 0.20 :         2 elements
Info    : 0.20 < quality < 0.30 :        35 elements
Info    : 0.30 < quality < 0.40 :         8 elements
Info    : 0.40 < quality < 0.50 :        45 elements
Info    : 0.50 < quality < 0.60 :        34 elements
Info    : 0.60 < quality < 0.70 :         3 elements
Info    : 0.70 < quality < 0.80 :        30 elements
Info    : 0.80 < quality < 0.90 :        18 elements
Info    : 0.90 < quality < 1.00 :         2 elements
Info    : 2 edge swaps, 0 node relocations (volume = 144): worst = 0.125314 / average = 0.528424 (Wall 0.000192163s, CPU 0.000195s)
Info    : No ill-shaped tets in the mesh :-)
Info    : 0.00 < quality < 0.10 :         0 elements
Info    : 0.10 < quality < 0.20 :         2 elements
Info    : 0.20 < quality < 0.30 :        35 elements
Info    : 0.30 < quality < 0.40 :         8 elements
Info    : 0.40 < quality < 0.50 :        47 elements
Info    : 0.50 < quality < 0.60 :        32 elements
Info    : 0.60 < quality < 0.70 :         3 elements
Info    : 0.70 < quality < 0.80 :        30 elements
Info    : 0.80 < quality < 0.90 :        18 elements
Info    : 0.90 < quality < 1.00 :         2 elements
Info    : Optimizing volume 7
Info    : Optimization starts (volume = 144) with worst = 0.125314 / average = 0.531002:
Info    : 0.00 < quality < 0.10 :         0 elements
Info    : 0.10 < quality < 0.20 :         2 elements
Info    : 0.20 < quality < 0.30 :        35 elements
Info    : 0.30 < quality < 0.40 :         8 elements
Info    : 0.40 < quality < 0.50 :        43 elements
Info    : 0.50 < quality < 0.60 :        34 elements
Info    : 0.60 < quality < 0.70 :         4 elements
Info    : 0.70 < quality < 0.80 :        30 elements
Info    : 0.80 < quality < 0.90 :        18 elements
Info    : 0.90 < quality < 1.00 :         2 elements
Info    : 3 edge swaps, 0 node relocations (volume = 144): worst = 0.125314 / average = 0.5307 (Wall 0.000145663s, CPU 0.000145s)
Info    : No ill-shaped tets in the mesh :-)
Info    : 0.00 < quality < 0.10 :         0 elements
Info    : 0.10 < quality < 0.20 :         2 elements
Info    : 0.20 < quality < 0.30 :        35 elements
Info    : 0.30 < quality < 0.40 :         8 elements
Info    : 0.40 < quality < 0.50 :        45 elements
Info    : 0.50 < quality < 0.60 :        32 elements
Info    : 0.60 < quality < 0.70 :         4 elements
Info    : 0.70 < quality < 0.80 :        30 elements
Info    : 0.80 < quality < 0.90 :        18 elements
Info    : 0.90 < quality < 1.00 :         2 elements
Info    : Optimizing volume 8
Info    : Optimization starts (volume = 48.544) with worst = 0.177187 / average = 0.605117:
Info    : 0.00 < quality < 0.10 :         0 elements
Info    : 0.10 < quality < 0.20 :         4 elements
Info    : 0.20 < quality < 0.30 :         4 elements
Info    : 0.30 < quality < 0.40 :        12 elements
Info    : 0.40 < quality < 0.50 :        12 elements
Info    : 0.50 < quality < 0.60 :        18 elements
Info    : 0.60 < quality < 0.70 :        18 elements
Info    : 0.70 < quality < 0.80 :        16 elements
Info    : 0.80 < quality < 0.90 :        12 elements
Info    : 0.90 < quality < 1.00 :         8 elements
Info    : 2 edge swaps, 0 node relocations (volume = 48.544): worst = 0.177187 / average = 0.61544 (Wall 5.4581e-05s, CPU 5.5e-05s)
Info    : No ill-shaped tets in the mesh :-)
Info    : 0.00 < quality < 0.10 :         0 elements
Info    : 0.10 < quality < 0.20 :         2 elements
Info    : 0.20 < quality < 0.30 :         4 elements
Info    : 0.30 < quality < 0.40 :        12 elements
Info    : 0.40 < quality < 0.50 :        11 elements
Info    : 0.50 < quality < 0.60 :        19 elements
Info    : 0.60 < quality < 0.70 :        17 elements
Info    : 0.70 < quality < 0.80 :        17 elements
Info    : 0.80 < quality < 0.90 :        12 elements
Info    : 0.90 < quality < 1.00 :         8 elements
Info    : Optimizing volume 9
Info    : Optimization starts (volume = 2.268) with worst = 0.266475 / average = 0.325093:
Info    : 0.00 < quality < 0.10 :         0 elements
Info    : 0.10 < quality < 0.20 :         0 elements
Info    : 0.20 < quality < 0.30 :         4 elements
Info    : 0.30 < quality < 0.40 :         8 elements
Info    : 0.40 < quality < 0.50 :         0 elements
Info    : 0.50 < quality < 0.60 :         0 elements
Info    : 0.60 < quality < 0.70 :         0 elements
Info    : 0.70 < quality < 0.80 :         0 elements
Info    : 0.80 < quality < 0.90 :         0 elements
Info    : 0.90 < quality < 1.00 :         0 elements
Info    : No ill-shaped tets in the mesh :-)
Info    : 0.00 < quality < 0.10 :         0 elements
Info    : 0.10 < quality < 0.20 :         0 elements
Info    : 0.20 < quality < 0.30 :         4 elements
Info    : 0.30 < quality < 0.40 :         8 elements
Info    : 0.40 < quality < 0.50 :         0 elements
Info    : 0.50 < quality < 0.60 :         0 elements
Info    : 0.60 < quality < 0.70 :         0 elements
Info    : 0.70 < quality < 0.80 :         0 elements
Info    : 0.80 < quality < 0.90 :         0 elements
Info    : 0.90 < quality < 1.00 :         0 elements
Info    : Optimizing volume 10
Info    : Optimization starts (volume = 2.268) with worst = 0.266475 / average = 0.325093:
Info    : 0.00 < quality < 0.10 :         0 elements
Info    : 0.10 < quality < 0.20 :         0 elements
Info    : 0.20 < quality < 0.30 :         4 elements
Info    : 0.30 < quality < 0.40 :         8 elements
Info    : 0.40 < quality < 0.50 :         0 elements
Info    : 0.50 < quality < 0.60 :         0 elements
Info    : 0.60 < quality < 0.70 :         0 elements
Info    : 0.70 < quality < 0.80 :         0 elements
Info    : 0.80 < quality < 0.90 :         0 elements
Info    : 0.90 < quality < 1.00 :         0 elements
Info    : No ill-shaped tets in the mesh :-)
Info    : 0.00 < quality < 0.10 :         0 elements
Info    : 0.10 < quality < 0.20 :         0 elements
Info    : 0.20 < quality < 0.30 :         4 elements
Info    : 0.30 < quality < 0.40 :         8 elements
Info    : 0.40 < quality < 0.50 :         0 elements
Info    : 0.50 < quality < 0.60 :         0 elements
Info    : 0.60 < quality < 0.70 :         0 elements
Info    : 0.70 < quality < 0.80 :         0 elements
Info    : 0.80 < quality < 0.90 :         0 elements
Info    : 0.90 < quality < 1.00 :         0 elements
Info    : Optimizing volume 11
Info    : Optimization starts (volume = 2.268) with worst = 0.0280207 / average = 0.26468:
Info    : 0.00 < quality < 0.10 :         6 elements
Info    : 0.10 < quality < 0.20 :         0 elements
Info    : 0.20 < quality < 0.30 :         2 elements
Info    : 0.30 < quality < 0.40 :         7 elements
Info    : 0.40 < quality < 0.50 :         0 elements
Info    : 0.50 < quality < 0.60 :         0 elements
Info    : 0.60 < quality < 0.70 :         2 elements
Info    : 0.70 < quality < 0.80 :         0 elements
Info    : 0.80 < quality < 0.90 :         0 elements
Info    : 0.90 < quality < 1.00 :         0 elements
Info    : 2 edge swaps, 2 node relocations (volume = 2.268): worst = 0.0473347 / average = 0.279504 (Wall 5.6013e-05s, CPU 5.6e-05s)
Info    : 3 edge swaps, 2 node relocations (volume = 2.268): worst = 0.0473347 / average = 0.315614 (Wall 0.000107697s, CPU 0.000107s)
Info    : No ill-shaped tets in the mesh :-)
Info    : 0.00 < quality < 0.10 :         3 elements
Info    : 0.10 < quality < 0.20 :         2 elements
Info    : 0.20 < quality < 0.30 :         2 elements
Info    : 0.30 < quality < 0.40 :         4 elements
Info    : 0.40 < quality < 0.50 :         0 elements
Info    : 0.50 < quality < 0.60 :         1 elements
Info    : 0.60 < quality < 0.70 :         2 elements
Info    : 0.70 < quality < 0.80 :         0 elements
Info    : 0.80 < quality < 0.90 :         0 elements
Info    : 0.90 < quality < 1.00 :         0 elements
Info    : Optimizing volume 12
Info    : Optimization starts (volume = 2.268) with worst = 0.266475 / average = 0.325093:
Info    : 0.00 < quality < 0.10 :         0 elements
Info    : 0.10 < quality < 0.20 :         0 elements
Info    : 0.20 < quality < 0.30 :         4 elements
Info    : 0.30 < quality < 0.40 :         8 elements
Info    : 0.40 < quality < 0.50 :         0 elements
Info    : 0.50 < quality < 0.60 :         0 elements
Info    : 0.60 < quality < 0.70 :         0 elements
Info    : 0.70 < quality < 0.80 :         0 elements
Info    : 0.80 < quality < 0.90 :         0 elements
Info    : 0.90 < quality < 1.00 :         0 elements
Info    : No ill-shaped tets in the mesh :-)
Info    : 0.00 < quality < 0.10 :         0 elements
Info    : 0.10 < quality < 0.20 :         0 elements
Info    : 0.20 < quality < 0.30 :         4 elements
Info    : 0.30 < quality < 0.40 :         8 elements
Info    : 0.40 < quality < 0.50 :         0 elements
Info    : 0.50 < quality < 0.60 :         0 elements
Info    : 0.60 < quality < 0.70 :         0 elements
Info    : 0.70 < quality < 0.80 :         0 elements
Info    : 0.80 < quality < 0.90 :         0 elements
Info    : 0.90 < quality < 1.00 :         0 elements
Info    : Optimizing volume 24
Info    : Optimization starts (volume = 2254.04) with worst = 0.00157612 / average = 0.177605:
Info    : 0.00 < quality < 0.10 :        56 elements
Info    : 0.10 < quality < 0.20 :      1292 elements
Info    : 0.20 < quality < 0.30 :        43 elements
Info    : 0.30 < quality < 0.40 :        11 elements
Info    : 0.40 < quality < 0.50 :         0 elements
Info    : 0.50 < quality < 0.60 :         0 elements
Info    : 0.60 < quality < 0.70 :         0 elements
Info    : 0.70 < quality < 0.80 :         0 elements
Info    : 0.80 < quality < 0.90 :         0 elements
Info    : 0.90 < quality < 1.00 :         0 elements
Info    : 93 edge swaps, 10 node relocations (volume = 2254.04): worst = 0.0130329 / average = 0.178636 (Wall 0.00692138s, CPU 0.006919s)
Info    : 97 edge swaps, 18 node relocations (volume = 2254.04): worst = 0.0130329 / average = 0.178636 (Wall 0.0134387s, CPU 0.013436s)
Info    : No ill-shaped tets in the mesh :-)
Info    : 0.00 < quality < 0.10 :        46 elements
Info    : 0.10 < quality < 0.20 :      1276 elements
Info    : 0.20 < quality < 0.30 :        40 elements
Info    : 0.30 < quality < 0.40 :         9 elements
Info    : 0.40 < quality < 0.50 :         0 elements
Info    : 0.50 < quality < 0.60 :         0 elements
Info    : 0.60 < quality < 0.70 :         0 elements
Info    : 0.70 < quality < 0.80 :         0 elements
Info    : 0.80 < quality < 0.90 :         0 elements
Info    : 0.90 < quality < 1.00 :         0 elements
Info    : Optimizing volume 25
Info    : Optimization starts (volume = 1852.16) with worst = 0.0796331 / average = 0.724524:
Info    : 0.00 < quality < 0.10 :         1 elements
Info    : 0.10 < quality < 0.20 :         4 elements
Info    : 0.20 < quality < 0.30 :        20 elements
Info    : 0.30 < quality < 0.40 :        41 elements
Info    : 0.40 < quality < 0.50 :        31 elements
Info    : 0.50 < quality < 0.60 :       127 elements
Info    : 0.60 < quality < 0.70 :       159 elements
Info    : 0.70 < quality < 0.80 :       195 elements
Info    : 0.80 < quality < 0.90 :       169 elements
Info    : 0.90 < quality < 1.00 :       200 elements
Info    : 5 edge swaps, 0 node relocations (volume = 1852.16): worst = 0.136676 / average = 0.727378 (Wall 0.000241223s, CPU 0.000243s)
Info    : No ill-shaped tets in the mesh :-)
Info    : 0.00 < quality < 0.10 :         0 elements
Info    : 0.10 < quality < 0.20 :         3 elements
Info    : 0.20 < quality < 0.30 :        17 elements
Info    : 0.30 < quality < 0.40 :        39 elements
Info    : 0.40 < quality < 0.50 :        32 elements
Info    : 0.50 < quality < 0.60 :       131 elements
Info    : 0.60 < quality < 0.70 :       157 elements
Info    : 0.70 < quality < 0.80 :       195 elements
Info    : 0.80 < quality < 0.90 :       169 elements
Info    : 0.90 < quality < 1.00 :       200 elements
Info    : Optimizing volume 26
Info    : Optimization starts (volume = 476.086) with worst = 0.0796331 / average = 0.660331:
Info    : 0.00 < quality < 0.10 :         2 elements
Info    : 0.10 < quality < 0.20 :         3 elements
Info    : 0.20 < quality < 0.30 :         6 elements
Info    : 0.30 < quality < 0.40 :        33 elements
Info    : 0.40 < quality < 0.50 :        15 elements
Info    : 0.50 < quality < 0.60 :        43 elements
Info    : 0.60 < quality < 0.70 :        53 elements
Info    : 0.70 < quality < 0.80 :        96 elements
Info    : 0.80 < quality < 0.90 :        44 elements
Info    : 0.90 < quality < 1.00 :        20 elements
Info    : 3 edge swaps, 0 node relocations (volume = 476.086): worst = 0.175278 / average = 0.666435 (Wall 0.000117391s, CPU 0.000118s)
Info    : No ill-shaped tets in the mesh :-)
Info    : 0.00 < quality < 0.10 :         0 elements
Info    : 0.10 < quality < 0.20 :         2 elements
Info    : 0.20 < quality < 0.30 :         6 elements
Info    : 0.30 < quality < 0.40 :        31 elements
Info    : 0.40 < quality < 0.50 :        16 elements
Info    : 0.50 < quality < 0.60 :        44 elements
Info    : 0.60 < quality < 0.70 :        53 elements
Info    : 0.70 < quality < 0.80 :        96 elements
Info    : 0.80 < quality < 0.90 :        44 elements
Info    : 0.90 < quality < 1.00 :        20 elements
Info    : Optimizing volume 27
Info    : Optimization starts (volume = 1.18409e+07) with worst = 0.0752915 / average = 0.631207:
Info    : 0.00 < quality < 0.10 :         2 elements
Info    : 0.10 < quality < 0.20 :        13 elements
Info    : 0.20 < quality < 0.30 :        18 elements
Info    : 0.30 < quality < 0.40 :        54 elements
Info    : 0.40 < quality < 0.50 :       127 elements
Info    : 0.50 < quality < 0.60 :       233 elements
Info    : 0.60 < quality < 0.70 :       236 elements
Info    : 0.70 < quality < 0.80 :       197 elements
Info    : 0.80 < quality < 0.90 :       118 elements
Info    : 0.90 < quality < 1.00 :        52 elements
Info    : 31 edge swaps, 4 node relocations (volume = 1.18409e+07): worst = 0.258566 / average = 0.642808 (Wall 0.000446333s, CPU 0.000449s)
Info    : 32 edge swaps, 4 node relocations (volume = 1.18409e+07): worst = 0.296303 / average = 0.643559 (Wall 0.000524376s, CPU 0.000528s)
Info    : No ill-shaped tets in the mesh :-)
Info    : 0.00 < quality < 0.10 :         0 elements
Info    : 0.10 < quality < 0.20 :         0 elements
Info    : 0.20 < quality < 0.30 :         1 elements
Info    : 0.30 < quality < 0.40 :        58 elements
Info    : 0.40 < quality < 0.50 :       132 elements
Info    : 0.50 < quality < 0.60 :       225 elements
Info    : 0.60 < quality < 0.70 :       239 elements
Info    : 0.70 < quality < 0.80 :       199 elements
Info    : 0.80 < quality < 0.90 :       118 elements
Info    : 0.90 < quality < 1.00 :        53 elements
Info    : Optimizing volume 28
Info    : Optimization starts (volume = 23681.8) with worst = 0.000572026 / average = 0.0312908:
Info    : 0.00 < quality < 0.10 :      1163 elements
Info    : 0.10 < quality < 0.20 :        80 elements
Info    : 0.20 < quality < 0.30 :         0 elements
Info    : 0.30 < quality < 0.40 :         0 elements
Info    : 0.40 < quality < 0.50 :         0 elements
Info    : 0.50 < quality < 0.60 :         0 elements
Info    : 0.60 < quality < 0.70 :         0 elements
Info    : 0.70 < quality < 0.80 :         0 elements
Info    : 0.80 < quality < 0.90 :         0 elements
Info    : 0.90 < quality < 1.00 :         0 elements
Info    : 152 edge swaps, 0 node relocations (volume = 23681.8): worst = 0.000572026 / average = 0.0296579 (Wall 0.00638221s, CPU 0.00638s)
Info    : 159 edge swaps, 0 node relocations (volume = 23681.8): worst = 0.000572026 / average = 0.0297704 (Wall 0.0149172s, CPU 0.014916s)
Warning : 2 ill-shaped tets are still in the mesh
Info    : 0.00 < quality < 0.10 :      1112 elements
Info    : 0.10 < quality < 0.20 :        57 elements
Info    : 0.20 < quality < 0.30 :         0 elements
Info    : 0.30 < quality < 0.40 :         0 elements
Info    : 0.40 < quality < 0.50 :         0 elements
Info    : 0.50 < quality < 0.60 :         0 elements
Info    : 0.60 < quality < 0.70 :         0 elements
Info    : 0.70 < quality < 0.80 :         0 elements
Info    : 0.80 < quality < 0.90 :         0 elements
Info    : 0.90 < quality < 1.00 :         0 elements
Info    : Optimizing volume 29
Info    : Optimization starts (volume = 926379) with worst = 0.000383996 / average = 0.466722:
Info    : 0.00 < quality < 0.10 :       280 elements
Info    : 0.10 < quality < 0.20 :      1060 elements
Info    : 0.20 < quality < 0.30 :       968 elements
Info    : 0.30 < quality < 0.40 :      1216 elements
Info    : 0.40 < quality < 0.50 :      1103 elements
Info    : 0.50 < quality < 0.60 :      1272 elements
Info    : 0.60 < quality < 0.70 :       882 elements
Info    : 0.70 < quality < 0.80 :       872 elements
Info    : 0.80 < quality < 0.90 :       573 elements
Info    : 0.90 < quality < 1.00 :       191 elements
Info    : 474 edge swaps, 47 node relocations (volume = 926379): worst = 0.0373132 / average = 0.480992 (Wall 0.0230768s, CPU 0.023074s)
Info    : 529 edge swaps, 73 node relocations (volume = 926379): worst = 0.0373132 / average = 0.481515 (Wall 0.0399698s, CPU 0.039968s)
Info    : No ill-shaped tets in the mesh :-)
Info    : 0.00 < quality < 0.10 :       132 elements
Info    : 0.10 < quality < 0.20 :       937 elements
Info    : 0.20 < quality < 0.30 :       814 elements
Info    : 0.30 < quality < 0.40 :      1237 elements
Info    : 0.40 < quality < 0.50 :      1087 elements
Info    : 0.50 < quality < 0.60 :      1263 elements
Info    : 0.60 < quality < 0.70 :       887 elements
Info    : 0.70 < quality < 0.80 :       843 elements
Info    : 0.80 < quality < 0.90 :       594 elements
Info    : 0.90 < quality < 1.00 :       186 elements
Info    : Optimizing volume 30
Info    : Optimization starts (volume = 222017) with worst = 0.0165544 / average = 0.502528:
Info    : 0.00 < quality < 0.10 :        13 elements
Info    : 0.10 < quality < 0.20 :       105 elements
Info    : 0.20 < quality < 0.30 :       206 elements
Info    : 0.30 < quality < 0.40 :       240 elements
Info    : 0.40 < quality < 0.50 :       317 elements
Info    : 0.50 < quality < 0.60 :       358 elements
Info    : 0.60 < quality < 0.70 :       362 elements
Info    : 0.70 < quality < 0.80 :       217 elements
Info    : 0.80 < quality < 0.90 :        64 elements
Info    : 0.90 < quality < 1.00 :         7 elements
Info    : 98 edge swaps, 0 node relocations (volume = 222017): worst = 0.111063 / average = 0.516797 (Wall 0.00216352s, CPU 0.002162s)
Info    : 105 edge swaps, 0 node relocations (volume = 222017): worst = 0.111063 / average = 0.516857 (Wall 0.00362886s, CPU 0.003631s)
Info    : No ill-shaped tets in the mesh :-)
Info    : 0.00 < quality < 0.10 :         0 elements
Info    : 0.10 < quality < 0.20 :        66 elements
Info    : 0.20 < quality < 0.30 :       160 elements
Info    : 0.30 < quality < 0.40 :       245 elements
Info    : 0.40 < quality < 0.50 :       322 elements
Info    : 0.50 < quality < 0.60 :       350 elements
Info    : 0.60 < quality < 0.70 :       366 elements
Info    : 0.70 < quality < 0.80 :       218 elements
Info    : 0.80 < quality < 0.90 :        63 elements
Info    : 0.90 < quality < 1.00 :         7 elements
Info    : Optimizing volume 31
Info    : Optimization starts (volume = 1.06568e+07) with worst = 0.0352125 / average = 0.590335:
Info    : 0.00 < quality < 0.10 :         3 elements
Info    : 0.10 < quality < 0.20 :        12 elements
Info    : 0.20 < quality < 0.30 :        18 elements
Info    : 0.30 < quality < 0.40 :        76 elements
Info    : 0.40 < quality < 0.50 :       241 elements
Info    : 0.50 < quality < 0.60 :       281 elements
Info    : 0.60 < quality < 0.70 :       241 elements
Info    : 0.70 < quality < 0.80 :       166 elements
Info    : 0.80 < quality < 0.90 :       102 elements
Info    : 0.90 < quality < 1.00 :        24 elements
Info    : 30 edge swaps, 2 node relocations (volume = 1.06568e+07): worst = 0.289342 / average = 0.600286 (Wall 0.000502302s, CPU 0.000504s)
Info    : No ill-shaped tets in the mesh :-)
Info    : 0.00 < quality < 0.10 :         0 elements
Info    : 0.10 < quality < 0.20 :         0 elements
Info    : 0.20 < quality < 0.30 :         3 elements
Info    : 0.30 < quality < 0.40 :        88 elements
Info    : 0.40 < quality < 0.50 :       232 elements
Info    : 0.50 < quality < 0.60 :       278 elements
Info    : 0.60 < quality < 0.70 :       242 elements
Info    : 0.70 < quality < 0.80 :       168 elements
Info    : 0.80 < quality < 0.90 :       105 elements
Info    : 0.90 < quality < 1.00 :        24 elements
Info    : Optimizing volume 32
Info    : Optimization starts (volume = 3.52454e+07) with worst = 0.00812086 / average = 0.527329:
Info    : 0.00 < quality < 0.10 :        76 elements
Info    : 0.10 < quality < 0.20 :        48 elements
Info    : 0.20 < quality < 0.30 :        40 elements
Info    : 0.30 < quality < 0.40 :        76 elements
Info    : 0.40 < quality < 0.50 :       107 elements
Info    : 0.50 < quality < 0.60 :       145 elements
Info    : 0.60 < quality < 0.70 :       208 elements
Info    : 0.70 < quality < 0.80 :       169 elements
Info    : 0.80 < quality < 0.90 :        56 elements
Info    : 0.90 < quality < 1.00 :         3 elements
Info    : 32 edge swaps, 0 node relocations (volume = 3.52454e+07): worst = 0.00812086 / average = 0.539625 (Wall 0.00160419s, CPU 0.001604s)
Info    : 40 edge swaps, 0 node relocations (volume = 3.52454e+07): worst = 0.00812086 / average = 0.541877 (Wall 0.00311775s, CPU 0.003116s)
Info    : No ill-shaped tets in the mesh :-)
Info    : 0.00 < quality < 0.10 :        64 elements
Info    : 0.10 < quality < 0.20 :        34 elements
Info    : 0.20 < quality < 0.30 :        24 elements
Info    : 0.30 < quality < 0.40 :        60 elements
Info    : 0.40 < quality < 0.50 :       104 elements
Info    : 0.50 < quality < 0.60 :       164 elements
Info    : 0.60 < quality < 0.70 :       203 elements
Info    : 0.70 < quality < 0.80 :       167 elements
Info    : 0.80 < quality < 0.90 :        57 elements
Info    : 0.90 < quality < 1.00 :         3 elements
Info    : Done optimizing mesh (Wall 0.10167s, CPU 0.101656s)
Info    : 3031 nodes 24269 elements
Warning : ------------------------------
Warning : Mesh generation error summary
Warning :     1 warning
Warning :     0 errors
Warning : Check the full log for details
Warning : ------------------------------
Info    : Writing '/foss/designs/inductor_synth/palace_model/inductor3_N2_do61.66_w3_s2.01_data/inductor3_N2_do61.66_w3_s2.01.msh'...
Info    : Done writing '/foss/designs/inductor_synth/palace_model/inductor3_N2_do61.66_w3_s2.01_data/inductor3_N2_do61.66_w3_s2.01.msh'
Info    : Clearing all models and views...
Info    : Done clearing all models and views
>> /usr/bin/mpirun -n 1 /foss/tools/bin/palace-x86_64.bin config.json

_____________     _______
_____   __   \____ __   /____ ____________
____   /_/  /  __ ` /  /  __ ` /  ___/  _ \
___   _____/  /_/  /  /  /_/  /  /__/  ___/
  /__/     \___,__/__/\___,__/\_____\_____/

Git changeset ID: v0.17.0-227-gc531cf3e
Running with 1 MPI process
Device configuration: cpu
Memory configuration: host-std
libCEED backend: /cpu/self/xsmm/blocked

Added 2494 boundary elements for material interfaces to the mesh

Characteristic length and time scales:
 Lc = 4.999e-04 m, tc = 1.667e-03 ns
Finished partitioning mesh into 1 subdomain

Mesh curvature order: 1
Mesh bounding box:
 (Xmin, Ymin, Zmin) = (-1.714e-04, -1.714e-04, -5.000e-05) m
 (Xmax, Ymax, Zmax) = (+1.714e-04, +1.714e-04, +4.499e-04) m

Parallel Mesh Stats:

                minimum     average     maximum       total
 vertices          3043        3043        3043        3043
 edges            18925       18925       18925       18925
 faces            30248       30248       30248       30248
 elements         14360       14360       14360       14360
 neighbors            0           0           0

            minimum     maximum
 h       0.00162356    0.213817
 kappa      1.07916     363.878

Estimated current per-rank memory usage is: Min. 40.2M, Max. 40.2M, Avg. 40.2M, Total 40.2M
Estimated current per-node memory usage is: Min. 40.2M, Max. 40.2M, Avg. 40.2M, Total 40.2M

Configuring Robin absorbing BC (order 2) at attributes:
 22

Configuring Robin finite conductivity BC at attributes:
 2: σ = 2.164e+07 S/m, h = 4.200e-07 m, n = (+0.0,+0.0,+1.0)
 3: σ = 2.164e+07 S/m, h = 4.200e-07 m, n = (+0.7,+0.7,+0.0)
 4: σ = 2.780e+07 S/m, h = 2.000e-06 m, n = (+0.0,+0.0,-1.0)
 5: σ = 2.780e+07 S/m, h = 2.000e-06 m, n = (+1.0,-0.1,+0.0)
 6: σ = 2.780e+07 S/m, h = 2.000e-06 m, n = (+0.0,+0.0,-1.0)
 7: σ = 2.780e+07 S/m, h = 2.000e-06 m, n = (+1.0,-0.1,+0.0)
 8: σ = 2.780e+07 S/m, h = 2.000e-06 m, n = (+0.0,-0.0,+1.0)
 9: σ = 2.780e+07 S/m, h = 2.000e-06 m, n = (+0.6,+0.8,-0.0)
 10: σ = 3.030e+07 S/m, h = 3.000e-06 m, n = (+0.0,+0.0,+1.0)
 11: σ = 3.030e+07 S/m, h = 3.000e-06 m, n = (+1.0,+0.3,-0.0)
 12: σ = 3.030e+07 S/m, h = 3.000e-06 m, n = (+0.0,+0.0,+1.0)
 13: σ = 3.030e+07 S/m, h = 3.000e-06 m, n = (+1.0,-0.3,+0.0)

Configuring Robin impedance BC for lumped ports at attributes:
 20: Rs = 2.012e+01 Ω/sq, n = (+0.0,+1.0,-0.0)
 21: Rs = 2.012e+01 Ω/sq, n = (+0.0,+1.0,-0.0)

Configuring lumped port circuit properties:
 Index = 1: R = 5.000e+01 Ω
 Index = 2: R = 5.000e+01 Ω

Configuring lumped port excitation source term at attributes:
 20: Index = 1
 21: Index = 2

[38;2;255;255;000m--> Warning![0m
Adaptive frequency sweep requires > 2 total frequency samples!
Reverting to uniform sweep!


Computing frequency response for:
Excitation 1/2 with index 1 has contributions from:
 Lumped port  1
Excitation 2/2 with index 2 has contributions from:
 Lumped port  2

Assembling system matrices, number of global unknowns:
 H1 (p = 2): 21968, ND (p = 2): 98346, RT (p = 2): 133824
 Operator assembly level: Partial
 Mesh geometries:
  Tetrahedron: P = 20, Q = 14 (quadrature order = 4)
 SuperLUSolver: Using 2D processor grid 1 x 1

Sweeping excitation index 1 (1/2):

Assembling multigrid hierarchy:
 Level 0 (p = 1): 18925 unknowns
 Level 1 (p = 2): 98346 unknowns
 Level 0 (auxiliary) (p = 1): 3043 unknowns
 Level 1 (auxiliary) (p = 2): 21968 unknowns

It 1/2: ω/2π = 1.000e-01 GHz (total elapsed time = 6.08e+00 s, solve 1/4)

  Residual norms for GMRES solve

** Memory Usage **********************************
** Total highmark (MB):
    Sum-of-all :   101.11 | Avg :   101.11  | Max :   101.11
    Max at rank 0, different stages (MB):
	. symbfact            9.27
	. distribution      101.11
	. numfact            85.17
** NUMfact space (MB): (sum-of-all-processes)
    L\U :           45.48 |  Total :    85.17
	. max at rank 0, max L+U memory (MB):    45.48
	. max at rank 0, peak buffer (MB):       39.69
**************************************************

** number of Tiny Pivots:        0

  0 (restart 0) KSP residual norm 2.038911e+01
  1 (restart 0) KSP residual norm 2.545573e+00
  2 (restart 0) KSP residual norm 6.768833e-01
  3 (restart 0) KSP residual norm 4.915299e-01
  4 (restart 0) KSP residual norm 2.399357e-01
  5 (restart 0) KSP residual norm 1.916789e-01
  6 (restart 0) KSP residual norm 9.692424e-02
  7 (restart 0) KSP residual norm 6.298828e-02
  8 (restart 0) KSP residual norm 4.022737e-02
  9 (restart 0) KSP residual norm 2.247812e-02
 10 (restart 0) KSP residual norm 1.718007e-02
 11 (restart 0) KSP residual norm 1.076805e-02
 12 (restart 0) KSP residual norm 8.570766e-03
 13 (restart 0) KSP residual norm 5.806986e-03
 14 (restart 0) KSP residual norm 4.523875e-03
 15 (restart 0) KSP residual norm 3.014091e-03
 16 (restart 0) KSP residual norm 2.318415e-03
 17 (restart 0) KSP residual norm 1.636705e-03
 18 (restart 0) KSP residual norm 1.214242e-03
 19 (restart 0) KSP residual norm 9.101994e-04
 20 (restart 0) KSP residual norm 7.036555e-04
 21 (restart 0) KSP residual norm 5.378600e-04
 22 (restart 0) KSP residual norm 4.071521e-04
 23 (restart 0) KSP residual norm 3.185067e-04
 24 (restart 0) KSP residual norm 2.470127e-04
 25 (restart 0) KSP residual norm 1.930816e-04
 26 (restart 0) KSP residual norm 1.514352e-04
 27 (restart 0) KSP residual norm 1.205892e-04
 28 (restart 0) KSP residual norm 9.714549e-05
 29 (restart 0) KSP residual norm 7.936591e-05
 30 (restart 0) KSP residual norm 6.354082e-05
 31 (restart 0) KSP residual norm 5.086632e-05
 32 (restart 0) KSP residual norm 4.076982e-05
 33 (restart 0) KSP residual norm 3.256998e-05
 34 (restart 0) KSP residual norm 2.615672e-05
 35 (restart 0) KSP residual norm 2.047959e-05
 36 (restart 0) KSP residual norm 1.628893e-05
GMRES solver converged in 36 iterations (avg. reduction factor: 6.771e-01)
 Sol. ||E|| = 2.139203e+01 (||RHS|| = 3.340064e-03)
 Field energy E (5.020e-13 J) + H (3.610e-12 J) = 4.112e-12 J
 S[1][1] = +5.461e-02+2.105e-03i, |S[1][1]| = -2.525e+01, arg(S[1][1]) = +2.207e+00
 S[2][1] = +9.454e-01-2.728e-03i, |S[2][1]| = -4.879e-01, arg(S[2][1]) = -1.653e-01
 Updating solution error estimates

It 2/2: ω/2π = 2.000e+01 GHz (total elapsed time = 5.67e+01 s, solve 2/4)

  Residual norms for GMRES solve

** Memory Usage **********************************
** Total highmark (MB):
    Sum-of-all :    85.17 | Avg :    85.17  | Max :    85.17
    Max at rank 0, different stages (MB):
	. symbfact            0.00
	. distribution       84.25
	. numfact            85.17
** NUMfact space (MB): (sum-of-all-processes)
    L\U :           45.48 |  Total :    85.17
	. max at rank 0, max L+U memory (MB):    45.48
	. max at rank 0, peak buffer (MB):       39.69
**************************************************

** number of Tiny Pivots:        0

  0 (restart 0) KSP residual norm 1.926338e+01
  1 (restart 0) KSP residual norm 8.259513e+00
  2 (restart 0) KSP residual norm 1.728178e+00
  3 (restart 0) KSP residual norm 4.573095e-01
  4 (restart 0) KSP residual norm 2.431708e-01
  5 (restart 0) KSP residual norm 1.804165e-01
  6 (restart 0) KSP residual norm 8.104596e-02
  7 (restart 0) KSP residual norm 4.763186e-02
  8 (restart 0) KSP residual norm 3.213512e-02
  9 (restart 0) KSP residual norm 1.846294e-02
 10 (restart 0) KSP residual norm 1.391706e-02
 11 (restart 0) KSP residual norm 9.553756e-03
 12 (restart 0) KSP residual norm 6.294038e-03
 13 (restart 0) KSP residual norm 4.416256e-03
 14 (restart 0) KSP residual norm 3.134987e-03
 15 (restart 0) KSP residual norm 2.282332e-03
 16 (restart 0) KSP residual norm 1.708137e-03
 17 (restart 0) KSP residual norm 1.317181e-03
 18 (restart 0) KSP residual norm 9.842830e-04
 19 (restart 0) KSP residual norm 7.598888e-04
 20 (restart 0) KSP residual norm 6.132962e-04
 21 (restart 0) KSP residual norm 4.724203e-04
 22 (restart 0) KSP residual norm 3.854952e-04
 23 (restart 0) KSP residual norm 2.972995e-04
 24 (restart 0) KSP residual norm 2.454566e-04
 25 (restart 0) KSP residual norm 1.961525e-04
 26 (restart 0) KSP residual norm 1.593184e-04
 27 (restart 0) KSP residual norm 1.292623e-04
 28 (restart 0) KSP residual norm 1.023766e-04
 29 (restart 0) KSP residual norm 8.097532e-05
 30 (restart 0) KSP residual norm 6.434432e-05
 31 (restart 0) KSP residual norm 5.135498e-05
 32 (restart 0) KSP residual norm 4.195835e-05
 33 (restart 0) KSP residual norm 3.384560e-05
 34 (restart 0) KSP residual norm 2.832262e-05
 35 (restart 0) KSP residual norm 2.366720e-05
 36 (restart 0) KSP residual norm 2.046772e-05
 37 (restart 0) KSP residual norm 1.686114e-05
GMRES solver converged in 37 iterations (avg. reduction factor: 6.859e-01)
 Sol. ||E|| = 2.149600e+01 (||RHS|| = 6.680127e-01)
 Field energy E (5.199e-13 J) + H (2.837e-12 J) = 3.357e-12 J
 S[1][1] = +2.420e-01+3.137e-01i, |S[1][1]| = -8.042e+00, arg(S[1][1]) = +5.236e+01
 S[2][1] = +7.488e-01-4.028e-01i, |S[2][1]| = -1.409e+00, arg(S[2][1]) = -2.828e+01
 Updating solution error estimates

Sweeping excitation index 2 (2/2):

It 1/2: ω/2π = 1.000e-01 GHz (total elapsed time = 1.07e+02 s, solve 3/4)

  Residual norms for GMRES solve

** Memory Usage **********************************
** Total highmark (MB):
    Sum-of-all :    85.17 | Avg :    85.17  | Max :    85.17
    Max at rank 0, different stages (MB):
	. symbfact            0.00
	. distribution       84.25
	. numfact            85.17
** NUMfact space (MB): (sum-of-all-processes)
    L\U :           45.48 |  Total :    85.17
	. max at rank 0, max L+U memory (MB):    45.48
	. max at rank 0, peak buffer (MB):       39.69
**************************************************

** number of Tiny Pivots:        0

  0 (restart 0) KSP residual norm 2.010146e+01
  1 (restart 0) KSP residual norm 2.522138e+00
  2 (restart 0) KSP residual norm 6.626061e-01
  3 (restart 0) KSP residual norm 4.797717e-01
  4 (restart 0) KSP residual norm 2.348413e-01
  5 (restart 0) KSP residual norm 1.873220e-01
  6 (restart 0) KSP residual norm 9.414071e-02
  7 (restart 0) KSP residual norm 6.132607e-02
  8 (restart 0) KSP residual norm 3.905263e-02
  9 (restart 0) KSP residual norm 2.193955e-02
 10 (restart 0) KSP residual norm 1.676496e-02
 11 (restart 0) KSP residual norm 1.048250e-02
 12 (restart 0) KSP residual norm 8.327363e-03
 13 (restart 0) KSP residual norm 5.640850e-03
 14 (restart 0) KSP residual norm 4.388155e-03
 15 (restart 0) KSP residual norm 2.931211e-03
 16 (restart 0) KSP residual norm 2.254065e-03
 17 (restart 0) KSP residual norm 1.587715e-03
 18 (restart 0) KSP residual norm 1.175116e-03
 19 (restart 0) KSP residual norm 8.796698e-04
 20 (restart 0) KSP residual norm 6.854970e-04
 21 (restart 0) KSP residual norm 5.234237e-04
 22 (restart 0) KSP residual norm 3.983617e-04
 23 (restart 0) KSP residual norm 3.118573e-04
 24 (restart 0) KSP residual norm 2.419806e-04
 25 (restart 0) KSP residual norm 1.889114e-04
 26 (restart 0) KSP residual norm 1.486982e-04
 27 (restart 0) KSP residual norm 1.189023e-04
 28 (restart 0) KSP residual norm 9.599811e-05
 29 (restart 0) KSP residual norm 7.854637e-05
 30 (restart 0) KSP residual norm 6.298605e-05
 31 (restart 0) KSP residual norm 5.059913e-05
 32 (restart 0) KSP residual norm 4.065824e-05
 33 (restart 0) KSP residual norm 3.248826e-05
 34 (restart 0) KSP residual norm 2.590347e-05
 35 (restart 0) KSP residual norm 2.033162e-05
 36 (restart 0) KSP residual norm 1.608060e-05
GMRES solver converged in 36 iterations (avg. reduction factor: 6.771e-01)
 Sol. ||E|| = 2.108694e+01 (||RHS|| = 3.340064e-03)
 Field energy E (4.834e-13 J) + H (3.610e-12 J) = 4.093e-12 J
 S[1][2] = +9.454e-01-2.728e-03i, |S[1][2]| = -4.879e-01, arg(S[1][2]) = -1.653e-01
 S[2][2] = +5.462e-02+2.117e-03i, |S[2][2]| = -2.525e+01, arg(S[2][2]) = +2.220e+00
 Updating solution error estimates

It 2/2: ω/2π = 2.000e+01 GHz (total elapsed time = 1.56e+02 s, solve 4/4)

  Residual norms for GMRES solve

** Memory Usage **********************************
** Total highmark (MB):
    Sum-of-all :    85.17 | Avg :    85.17  | Max :    85.17
    Max at rank 0, different stages (MB):
	. symbfact            0.00
	. distribution       84.25
	. numfact            85.17
** NUMfact space (MB): (sum-of-all-processes)
    L\U :           45.48 |  Total :    85.17
	. max at rank 0, max L+U memory (MB):    45.48
	. max at rank 0, peak buffer (MB):       39.69
**************************************************

** number of Tiny Pivots:        0

  0 (restart 0) KSP residual norm 1.932785e+01
  1 (restart 0) KSP residual norm 8.302228e+00
  2 (restart 0) KSP residual norm 1.786006e+00
  3 (restart 0) KSP residual norm 5.165126e-01
  4 (restart 0) KSP residual norm 3.290593e-01
  5 (restart 0) KSP residual norm 1.931741e-01
  6 (restart 0) KSP residual norm 8.239500e-02
  7 (restart 0) KSP residual norm 4.518913e-02
  8 (restart 0) KSP residual norm 3.120108e-02
  9 (restart 0) KSP residual norm 1.912398e-02
 10 (restart 0) KSP residual norm 1.412229e-02
 11 (restart 0) KSP residual norm 9.584263e-03
 12 (restart 0) KSP residual norm 6.302649e-03
 13 (restart 0) KSP residual norm 4.435055e-03
 14 (restart 0) KSP residual norm 3.069059e-03
 15 (restart 0) KSP residual norm 2.206975e-03
 16 (restart 0) KSP residual norm 1.657411e-03
 17 (restart 0) KSP residual norm 1.250598e-03
 18 (restart 0) KSP residual norm 9.438919e-04
 19 (restart 0) KSP residual norm 7.337822e-04
 20 (restart 0) KSP residual norm 5.974431e-04
 21 (restart 0) KSP residual norm 4.635721e-04
 22 (restart 0) KSP residual norm 3.770830e-04
 23 (restart 0) KSP residual norm 2.877424e-04
 24 (restart 0) KSP residual norm 2.386425e-04
 25 (restart 0) KSP residual norm 1.911010e-04
 26 (restart 0) KSP residual norm 1.565729e-04
 27 (restart 0) KSP residual norm 1.272335e-04
 28 (restart 0) KSP residual norm 1.002430e-04
 29 (restart 0) KSP residual norm 7.845278e-05
 30 (restart 0) KSP residual norm 6.216442e-05
 31 (restart 0) KSP residual norm 4.946062e-05
 32 (restart 0) KSP residual norm 4.131944e-05
 33 (restart 0) KSP residual norm 3.381534e-05
 34 (restart 0) KSP residual norm 2.856971e-05
 35 (restart 0) KSP residual norm 2.418049e-05
 36 (restart 0) KSP residual norm 2.064957e-05
 37 (restart 0) KSP residual norm 1.691034e-05
GMRES solver converged in 37 iterations (avg. reduction factor: 6.859e-01)
 Sol. ||E|| = 2.150124e+01 (||RHS|| = 6.680127e-01)
 Field energy E (5.126e-13 J) + H (2.836e-12 J) = 3.349e-12 J
 S[1][2] = +7.488e-01-4.028e-01i, |S[1][2]| = -1.409e+00, arg(S[1][2]) = -2.828e+01
 S[2][2] = +2.437e-01+3.145e-01i, |S[2][2]| = -8.004e+00, arg(S[2][2]) = +5.223e+01
 Updating solution error estimates

Completed 0 iterations of adaptive mesh refinement (AMR):
 Indicator norm = 1.699e-01, global unknowns = 98346
 Max. iterations = 0, tol. = 1.000e-02, max. size = 2000000

Estimated peak per-rank memory usage is: Min. 758.3M, Max. 758.3M, Avg. 758.3M, Total 758.3M
Estimated peak per-node memory usage is: Min. 758.3M, Max. 758.3M, Avg. 758.3M, Total 758.3M

Elapsed Time Report (s)           Min.        Max.        Avg.
==============================================================
Initialization                   0.034       0.034       0.034
  Mesh Preprocessing             0.165       0.165       0.165
Operator Construction            0.453       0.453       0.453
Linear Solve                     9.325       9.325       9.325
  Setup                         21.541      21.541      21.541
  Preconditioner               105.990     105.990     105.990
  Coarse Solve                   2.407       2.407       2.407
Estimation                       0.190       0.190       0.190
  Construction                   2.128       2.128       2.128
  Solve                         60.770      60.770      60.770
Postprocessing                   1.205       1.205       1.205
Disk IO                          0.146       0.146       0.146
--------------------------------------------------------------
Total                          204.702     204.702     204.702

Peak Memory                   Per-Node       Total   Total HWM
==============================================================
Initialization                    1.8M        1.8M        1.8M
  Mesh Preprocessing              8.3M        8.3M       10.1M
Operator Construction            47.9M       47.9M       58.0M
Linear Solve                     54.0M       54.0M      112.1M
  Setup                         207.4M      207.4M      319.4M
  Preconditioner                 56.0M       56.0M      375.4M
  Coarse Solve                  106.2M      106.2M      481.6M
Estimation                       46.9M       46.9M      528.5M
  Construction                  101.2M      101.2M      629.7M
  Solve                          49.9M       49.9M      679.6M
Postprocessing                   48.6M       48.6M      728.2M
Disk IO                           6.4M        6.4M      734.6M
--------------------------------------------------------------
Total                           748.5M      748.5M      748.5M

>> /usr/bin/mpirun -n 1 /foss/tools/bin/palace-x86_64.bin config.json

_____________     _______
_____   __   \____ __   /____ ____________
____   /_/  /  __ ` /  /  __ ` /  ___/  _ \
___   _____/  /_/  /  /  /_/  /  /__/  ___/
  /__/     \___,__/__/\___,__/\_____\_____/

Git changeset ID: v0.17.0-227-gc531cf3e
Running with 1 MPI process
Device configuration: cpu
Memory configuration: host-std
libCEED backend: /cpu/self/xsmm/blocked

Added 2480 boundary elements for material interfaces to the mesh

Characteristic length and time scales:
 Lc = 4.999e-04 m, tc = 1.667e-03 ns
Finished partitioning mesh into 1 subdomain

Mesh curvature order: 1
Mesh bounding box:
 (Xmin, Ymin, Zmin) = (-1.717e-04, -1.717e-04, -5.000e-05) m
 (Xmax, Ymax, Zmax) = (+1.717e-04, +1.717e-04, +4.499e-04) m

Parallel Mesh Stats:

                minimum     average     maximum       total
 vertices          3019        3019        3019        3019
 edges            18735       18735       18735       18735
 faces            29918       29918       29918       29918
 elements         14196       14196       14196       14196
 neighbors            0           0           0

            minimum     maximum
 h       0.00165019    0.213905
 kappa      1.07668     364.702

Estimated current per-rank memory usage is: Min. 40.1M, Max. 40.1M, Avg. 40.1M, Total 40.1M
Estimated current per-node memory usage is: Min. 40.1M, Max. 40.1M, Avg. 40.1M, Total 40.1M

Configuring Robin absorbing BC (order 2) at attributes:
 22

Configuring Robin finite conductivity BC at attributes:
 2: σ = 2.164e+07 S/m, h = 4.200e-07 m, n = (+0.0,+0.0,+1.0)
 3: σ = 2.164e+07 S/m, h = 4.200e-07 m, n = (+0.7,+0.7,+0.0)
 4: σ = 2.780e+07 S/m, h = 2.000e-06 m, n = (+0.0,+0.0,-1.0)
 5: σ = 2.780e+07 S/m, h = 2.000e-06 m, n = (+1.0,-0.1,+0.0)
 6: σ = 2.780e+07 S/m, h = 2.000e-06 m, n = (+0.0,+0.0,-1.0)
 7: σ = 2.780e+07 S/m, h = 2.000e-06 m, n = (+1.0,-0.1,+0.0)
 8: σ = 2.780e+07 S/m, h = 2.000e-06 m, n = (+0.0,+0.0,+1.0)
 9: σ = 2.780e+07 S/m, h = 2.000e-06 m, n = (+0.6,+0.8,+0.0)
 10: σ = 3.030e+07 S/m, h = 3.000e-06 m, n = (+0.0,+0.0,+1.0)
 11: σ = 3.030e+07 S/m, h = 3.000e-06 m, n = (+1.0,+0.3,+0.0)
 12: σ = 3.030e+07 S/m, h = 3.000e-06 m, n = (+0.0,+0.0,+1.0)
 13: σ = 3.030e+07 S/m, h = 3.000e-06 m, n = (+1.0,-0.3,-0.0)

Configuring Robin impedance BC for lumped ports at attributes:
 20: Rs = 2.012e+01 Ω/sq, n = (+0.0,+1.0,+0.0)
 21: Rs = 2.012e+01 Ω/sq, n = (+0.0,+1.0,+0.0)

Configuring lumped port circuit properties:
 Index = 1: R = 5.000e+01 Ω
 Index = 2: R = 5.000e+01 Ω

Configuring lumped port excitation source term at attributes:
 20: Index = 1
 21: Index = 2

[38;2;255;255;000m--> Warning![0m
Adaptive frequency sweep requires > 2 total frequency samples!
Reverting to uniform sweep!


Computing frequency response for:
Excitation 1/2 with index 1 has contributions from:
 Lumped port  1
Excitation 2/2 with index 2 has contributions from:
 Lumped port  2

Assembling system matrices, number of global unknowns:
 H1 (p = 2): 21754, ND (p = 2): 97306, RT (p = 2): 132342
 Operator assembly level: Partial
 Mesh geometries:
  Tetrahedron: P = 20, Q = 14 (quadrature order = 4)
 SuperLUSolver: Using 2D processor grid 1 x 1

Sweeping excitation index 1 (1/2):

Assembling multigrid hierarchy:
 Level 0 (p = 1): 18735 unknowns
 Level 1 (p = 2): 97306 unknowns
 Level 0 (auxiliary) (p = 1): 3019 unknowns
 Level 1 (auxiliary) (p = 2): 21754 unknowns

It 1/2: ω/2π = 1.000e-01 GHz (total elapsed time = 5.80e+00 s, solve 1/4)

  Residual norms for GMRES solve

** Memory Usage **********************************
** Total highmark (MB):
    Sum-of-all :    99.03 | Avg :    99.03  | Max :    99.03
    Max at rank 0, different stages (MB):
	. symbfact            8.87
	. distribution       99.03
	. numfact            85.30
** NUMfact space (MB): (sum-of-all-processes)
    L\U :           44.48 |  Total :    85.30
	. max at rank 0, max L+U memory (MB):    44.48
	. max at rank 0, peak buffer (MB):       40.83
**************************************************

** number of Tiny Pivots:        0

  0 (restart 0) KSP residual norm 2.002399e+01
  1 (restart 0) KSP residual norm 2.585434e+00
  2 (restart 0) KSP residual norm 6.640785e-01
  3 (restart 0) KSP residual norm 4.833050e-01
  4 (restart 0) KSP residual norm 2.454994e-01
  5 (restart 0) KSP residual norm 1.962941e-01
  6 (restart 0) KSP residual norm 9.873327e-02
  7 (restart 0) KSP residual norm 6.362090e-02
  8 (restart 0) KSP residual norm 4.112512e-02
  9 (restart 0) KSP residual norm 2.367731e-02
 10 (restart 0) KSP residual norm 1.846089e-02
 11 (restart 0) KSP residual norm 1.217690e-02
 12 (restart 0) KSP residual norm 9.784368e-03
 13 (restart 0) KSP residual norm 6.327280e-03
 14 (restart 0) KSP residual norm 4.732750e-03
 15 (restart 0) KSP residual norm 3.195551e-03
 16 (restart 0) KSP residual norm 2.387206e-03
 17 (restart 0) KSP residual norm 1.634534e-03
 18 (restart 0) KSP residual norm 1.201077e-03
 19 (restart 0) KSP residual norm 8.906471e-04
 20 (restart 0) KSP residual norm 6.886504e-04
 21 (restart 0) KSP residual norm 5.238700e-04
 22 (restart 0) KSP residual norm 3.928101e-04
 23 (restart 0) KSP residual norm 3.122253e-04
 24 (restart 0) KSP residual norm 2.421326e-04
 25 (restart 0) KSP residual norm 1.921556e-04
 26 (restart 0) KSP residual norm 1.535457e-04
 27 (restart 0) KSP residual norm 1.243659e-04
 28 (restart 0) KSP residual norm 9.930809e-05
 29 (restart 0) KSP residual norm 8.070972e-05
 30 (restart 0) KSP residual norm 6.278409e-05
 31 (restart 0) KSP residual norm 4.933607e-05
 32 (restart 0) KSP residual norm 3.764663e-05
 33 (restart 0) KSP residual norm 2.949122e-05
 34 (restart 0) KSP residual norm 2.368769e-05
 35 (restart 0) KSP residual norm 1.910629e-05
GMRES solver converged in 35 iterations (avg. reduction factor: 6.730e-01)
 Sol. ||E|| = 2.104754e+01 (||RHS|| = 2.768948e-03)
 Field energy E (5.043e-13 J) + H (3.629e-12 J) = 4.133e-12 J
 S[1][1] = +5.465e-02+2.116e-03i, |S[1][1]| = -2.524e+01, arg(S[1][1]) = +2.217e+00
 S[2][1] = +9.453e-01-2.742e-03i, |S[2][1]| = -4.882e-01, arg(S[2][1]) = -1.662e-01
 Updating solution error estimates

It 2/2: ω/2π = 2.000e+01 GHz (total elapsed time = 5.49e+01 s, solve 2/4)

  Residual norms for GMRES solve

** Memory Usage **********************************
** Total highmark (MB):
    Sum-of-all :    85.30 | Avg :    85.30  | Max :    85.30
    Max at rank 0, different stages (MB):
	. symbfact            0.00
	. distribution       82.86
	. numfact            85.30
** NUMfact space (MB): (sum-of-all-processes)
    L\U :           44.48 |  Total :    85.30
	. max at rank 0, max L+U memory (MB):    44.48
	. max at rank 0, peak buffer (MB):       40.83
**************************************************

** number of Tiny Pivots:        0

  0 (restart 0) KSP residual norm 1.913045e+01
  1 (restart 0) KSP residual norm 8.235456e+00
  2 (restart 0) KSP residual norm 1.751870e+00
  3 (restart 0) KSP residual norm 4.774600e-01
  4 (restart 0) KSP residual norm 2.495486e-01
  5 (restart 0) KSP residual norm 1.877010e-01
  6 (restart 0) KSP residual norm 8.270458e-02
  7 (restart 0) KSP residual norm 4.779083e-02
  8 (restart 0) KSP residual norm 3.266150e-02
  9 (restart 0) KSP residual norm 2.031906e-02
 10 (restart 0) KSP residual norm 1.554918e-02
 11 (restart 0) KSP residual norm 1.106081e-02
 12 (restart 0) KSP residual norm 7.393077e-03
 13 (restart 0) KSP residual norm 5.215312e-03
 14 (restart 0) KSP residual norm 3.597844e-03
 15 (restart 0) KSP residual norm 2.582687e-03
 16 (restart 0) KSP residual norm 1.904593e-03
 17 (restart 0) KSP residual norm 1.414364e-03
 18 (restart 0) KSP residual norm 1.022702e-03
 19 (restart 0) KSP residual norm 7.583352e-04
 20 (restart 0) KSP residual norm 5.997480e-04
 21 (restart 0) KSP residual norm 4.616502e-04
 22 (restart 0) KSP residual norm 3.834373e-04
 23 (restart 0) KSP residual norm 3.047289e-04
 24 (restart 0) KSP residual norm 2.577120e-04
 25 (restart 0) KSP residual norm 2.067752e-04
 26 (restart 0) KSP residual norm 1.674417e-04
 27 (restart 0) KSP residual norm 1.318307e-04
 28 (restart 0) KSP residual norm 1.004850e-04
 29 (restart 0) KSP residual norm 7.749359e-05
 30 (restart 0) KSP residual norm 6.174139e-05
 31 (restart 0) KSP residual norm 5.020589e-05
 32 (restart 0) KSP residual norm 4.225966e-05
 33 (restart 0) KSP residual norm 3.504552e-05
 34 (restart 0) KSP residual norm 3.007694e-05
 35 (restart 0) KSP residual norm 2.557484e-05
 36 (restart 0) KSP residual norm 2.190710e-05
 37 (restart 0) KSP residual norm 1.762467e-05
GMRES solver converged in 37 iterations (avg. reduction factor: 6.869e-01)
 Sol. ||E|| = 2.137070e+01 (||RHS|| = 5.537897e-01)
 Field energy E (5.234e-13 J) + H (2.848e-12 J) = 3.371e-12 J
 S[1][1] = +2.437e-01+3.148e-01i, |S[1][1]| = -8.001e+00, arg(S[1][1]) = +5.225e+01
 S[2][1] = +7.470e-01-4.042e-01i, |S[2][1]| = -1.418e+00, arg(S[2][1]) = -2.842e+01
 Updating solution error estimates

Sweeping excitation index 2 (2/2):

It 1/2: ω/2π = 1.000e-01 GHz (total elapsed time = 1.06e+02 s, solve 3/4)

  Residual norms for GMRES solve

** Memory Usage **********************************
** Total highmark (MB):
    Sum-of-all :    85.30 | Avg :    85.30  | Max :    85.30
    Max at rank 0, different stages (MB):
	. symbfact            0.00
	. distribution       82.86
	. numfact            85.30
** NUMfact space (MB): (sum-of-all-processes)
    L\U :           44.48 |  Total :    85.30
	. max at rank 0, max L+U memory (MB):    44.48
	. max at rank 0, peak buffer (MB):       40.83
**************************************************

** number of Tiny Pivots:        0

  0 (restart 0) KSP residual norm 1.970442e+01
  1 (restart 0) KSP residual norm 2.538350e+00
  2 (restart 0) KSP residual norm 6.477603e-01
  3 (restart 0) KSP residual norm 4.698622e-01
  4 (restart 0) KSP residual norm 2.372451e-01
  5 (restart 0) KSP residual norm 1.895348e-01
  6 (restart 0) KSP residual norm 9.586412e-02
  7 (restart 0) KSP residual norm 6.241140e-02
  8 (restart 0) KSP residual norm 4.030705e-02
  9 (restart 0) KSP residual norm 2.330644e-02
 10 (restart 0) KSP residual norm 1.826394e-02
 11 (restart 0) KSP residual norm 1.200632e-02
 12 (restart 0) KSP residual norm 9.630441e-03
 13 (restart 0) KSP residual norm 6.167457e-03
 14 (restart 0) KSP residual norm 4.620382e-03
 15 (restart 0) KSP residual norm 3.095386e-03
 16 (restart 0) KSP residual norm 2.315322e-03
 17 (restart 0) KSP residual norm 1.584831e-03
 18 (restart 0) KSP residual norm 1.171011e-03
 19 (restart 0) KSP residual norm 8.678563e-04
 20 (restart 0) KSP residual norm 6.680931e-04
 21 (restart 0) KSP residual norm 5.083390e-04
 22 (restart 0) KSP residual norm 3.793691e-04
 23 (restart 0) KSP residual norm 3.010729e-04
 24 (restart 0) KSP residual norm 2.331801e-04
 25 (restart 0) KSP residual norm 1.848466e-04
 26 (restart 0) KSP residual norm 1.477875e-04
 27 (restart 0) KSP residual norm 1.197725e-04
 28 (restart 0) KSP residual norm 9.620764e-05
 29 (restart 0) KSP residual norm 7.823743e-05
 30 (restart 0) KSP residual norm 6.102561e-05
 31 (restart 0) KSP residual norm 4.788746e-05
 32 (restart 0) KSP residual norm 3.665016e-05
 33 (restart 0) KSP residual norm 2.881385e-05
 34 (restart 0) KSP residual norm 2.295128e-05
 35 (restart 0) KSP residual norm 1.857518e-05
GMRES solver converged in 35 iterations (avg. reduction factor: 6.727e-01)
 Sol. ||E|| = 2.071122e+01 (||RHS|| = 2.768948e-03)
 Field energy E (4.855e-13 J) + H (3.629e-12 J) = 4.114e-12 J
 S[1][2] = +9.453e-01-2.742e-03i, |S[1][2]| = -4.882e-01, arg(S[1][2]) = -1.662e-01
 S[2][2] = +5.465e-02+2.128e-03i, |S[2][2]| = -2.524e+01, arg(S[2][2]) = +2.230e+00
 Updating solution error estimates

It 2/2: ω/2π = 2.000e+01 GHz (total elapsed time = 1.54e+02 s, solve 4/4)

  Residual norms for GMRES solve

** Memory Usage **********************************
** Total highmark (MB):
    Sum-of-all :    85.30 | Avg :    85.30  | Max :    85.30
    Max at rank 0, different stages (MB):
	. symbfact            0.00
	. distribution       82.86
	. numfact            85.30
** NUMfact space (MB): (sum-of-all-processes)
    L\U :           44.48 |  Total :    85.30
	. max at rank 0, max L+U memory (MB):    44.48
	. max at rank 0, peak buffer (MB):       40.83
**************************************************

** number of Tiny Pivots:        0

  0 (restart 0) KSP residual norm 1.901894e+01
  1 (restart 0) KSP residual norm 8.217697e+00
  2 (restart 0) KSP residual norm 1.760726e+00
  3 (restart 0) KSP residual norm 5.075446e-01
  4 (restart 0) KSP residual norm 3.304611e-01
  5 (restart 0) KSP residual norm 1.951811e-01
  6 (restart 0) KSP residual norm 8.583999e-02
  7 (restart 0) KSP residual norm 4.796687e-02
  8 (restart 0) KSP residual norm 3.334699e-02
  9 (restart 0) KSP residual norm 2.128117e-02
 10 (restart 0) KSP residual norm 1.612838e-02
 11 (restart 0) KSP residual norm 1.121706e-02
 12 (restart 0) KSP residual norm 7.430368e-03
 13 (restart 0) KSP residual norm 5.150936e-03
 14 (restart 0) KSP residual norm 3.533637e-03
 15 (restart 0) KSP residual norm 2.532638e-03
 16 (restart 0) KSP residual norm 1.902222e-03
 17 (restart 0) KSP residual norm 1.414963e-03
 18 (restart 0) KSP residual norm 1.028453e-03
 19 (restart 0) KSP residual norm 7.609685e-04
 20 (restart 0) KSP residual norm 6.124741e-04
 21 (restart 0) KSP residual norm 4.748227e-04
 22 (restart 0) KSP residual norm 3.918233e-04
 23 (restart 0) KSP residual norm 3.089455e-04
 24 (restart 0) KSP residual norm 2.609314e-04
 25 (restart 0) KSP residual norm 2.107970e-04
 26 (restart 0) KSP residual norm 1.697055e-04
 27 (restart 0) KSP residual norm 1.347837e-04
 28 (restart 0) KSP residual norm 1.031390e-04
 29 (restart 0) KSP residual norm 7.912659e-05
 30 (restart 0) KSP residual norm 6.204955e-05
 31 (restart 0) KSP residual norm 4.981102e-05
 32 (restart 0) KSP residual norm 4.261178e-05
 33 (restart 0) KSP residual norm 3.584318e-05
 34 (restart 0) KSP residual norm 3.082848e-05
 35 (restart 0) KSP residual norm 2.602647e-05
 36 (restart 0) KSP residual norm 2.203954e-05
 37 (restart 0) KSP residual norm 1.758175e-05
GMRES solver converged in 37 iterations (avg. reduction factor: 6.869e-01)
 Sol. ||E|| = 2.125730e+01 (||RHS|| = 5.537897e-01)
 Field energy E (5.153e-13 J) + H (2.847e-12 J) = 3.362e-12 J
 S[1][2] = +7.470e-01-4.042e-01i, |S[1][2]| = -1.418e+00, arg(S[1][2]) = -2.842e+01
 S[2][2] = +2.453e-01+3.156e-01i, |S[2][2]| = -7.964e+00, arg(S[2][2]) = +5.214e+01
 Updating solution error estimates

Completed 0 iterations of adaptive mesh refinement (AMR):
 Indicator norm = 1.711e-01, global unknowns = 97306
 Max. iterations = 0, tol. = 1.000e-02, max. size = 2000000

Estimated peak per-rank memory usage is: Min. 747.6M, Max. 747.6M, Avg. 747.6M, Total 747.6M
Estimated peak per-node memory usage is: Min. 747.6M, Max. 747.6M, Avg. 747.6M, Total 747.6M

Elapsed Time Report (s)           Min.        Max.        Avg.
==============================================================
Initialization                   0.045       0.045       0.045
  Mesh Preprocessing             0.171       0.171       0.171
Operator Construction            0.333       0.333       0.333
Linear Solve                     9.220       9.220       9.220
  Setup                         22.222      22.222      22.222
  Preconditioner               103.768     103.768     103.768
  Coarse Solve                   2.283       2.283       2.283
Estimation                       0.164       0.164       0.164
  Construction                   1.500       1.500       1.500
  Solve                         60.877      60.877      60.877
Postprocessing                   0.886       0.886       0.886
Disk IO                          0.198       0.198       0.198
--------------------------------------------------------------
Total                          202.019     202.019     202.019

Peak Memory                   Per-Node       Total   Total HWM
==============================================================
Initialization                    1.8M        1.8M        1.8M
  Mesh Preprocessing              8.0M        8.0M        9.8M
Operator Construction            47.1M       47.1M       56.9M
Linear Solve                     53.8M       53.8M      110.7M
  Setup                         206.4M      206.4M      317.1M
  Preconditioner                 52.0M       52.0M      369.1M
  Coarse Solve                  104.4M      104.4M      473.4M
Estimation                       46.5M       46.5M      519.9M
  Construction                  100.1M      100.1M      620.0M
  Solve                          49.2M       49.2M      669.2M
Postprocessing                   48.0M       48.0M      717.2M
Disk IO                           6.2M        6.2M      723.4M
--------------------------------------------------------------
Total                           737.7M      737.7M      737.7M

Found extra file with port information: /foss/designs/inductor_synth/palace_model/inductor3_N2_do58.36_w2.01_s2.01_data/port_information.json
Port Z0 values found: [50, 50]
Port impedance for Touchstone header:  50
Number of ports:  2
Created combined S-parameter file for  2 ports, filename:  /foss/designs/inductor_synth/palace_model/inductor3_N2_do58.36_w2.01_s2.01_data/output/inductor3_N2_do58.36_w2.01_s2.01/inductor3_N2_do58.36_w2.01_s2.01.s2p
Skipping DC extrapolation, not enough frequency points
Port de-embedding based on port geometry data
Cascading L= -2.18 pH at port 1
Cascading L= -2.18 pH at port 2
Created file with de-embedding (cascaded negative port L):  /foss/designs/inductor_synth/palace_model/inductor3_N2_do58.36_w2.01_s2.01_data/output/inductor3_N2_do58.36_w2.01_s2.01/inductor3_N2_do58.36_w2.01_s2.01_deembedded 

Found extra file with port information: /foss/designs/inductor_synth/palace_model/inductor3_N2_do61.25_w2.01_s3_data/port_information.json
Port Z0 values found: [50, 50]
Port impedance for Touchstone header:  50
Number of ports:  2
Created combined S-parameter file for  2 ports, filename:  /foss/designs/inductor_synth/palace_model/inductor3_N2_do61.25_w2.01_s3_data/output/inductor3_N2_do61.25_w2.01_s3/inductor3_N2_do61.25_w2.01_s3.s2p
Skipping DC extrapolation, not enough frequency points
Port de-embedding based on port geometry data
Cascading L= -1.82 pH at port 1
Cascading L= -1.82 pH at port 2
Created file with de-embedding (cascaded negative port L):  /foss/designs/inductor_synth/palace_model/inductor3_N2_do61.25_w2.01_s3_data/output/inductor3_N2_do61.25_w2.01_s3/inductor3_N2_do61.25_w2.01_s3_deembedded 

Found extra file with port information: /foss/designs/inductor_synth/palace_model/inductor3_N2_do61.38_w2.01_s2.01_data/port_information.json
Port Z0 values found: [50, 50]
Port impedance for Touchstone header:  50
Number of ports:  2
Created combined S-parameter file for  2 ports, filename:  /foss/designs/inductor_synth/palace_model/inductor3_N2_do61.38_w2.01_s2.01_data/output/inductor3_N2_do61.38_w2.01_s2.01/inductor3_N2_do61.38_w2.01_s2.01.s2p
Skipping DC extrapolation, not enough frequency points
Port de-embedding based on port geometry data
Cascading L= -2.18 pH at port 1
Cascading L= -2.18 pH at port 2
Created file with de-embedding (cascaded negative port L):  /foss/designs/inductor_synth/palace_model/inductor3_N2_do61.38_w2.01_s2.01_data/output/inductor3_N2_do61.38_w2.01_s2.01/inductor3_N2_do61.38_w2.01_s2.01_deembedded 

Found extra file with port information: /foss/designs/inductor_synth/palace_model/inductor3_N2_do61.66_w3_s2.01_data/port_information.json
Port Z0 values found: [50, 50]
Port impedance for Touchstone header:  50
Number of ports:  2
Created combined S-parameter file for  2 ports, filename:  /foss/designs/inductor_synth/palace_model/inductor3_N2_do61.66_w3_s2.01_data/output/inductor3_N2_do61.66_w3_s2.01/inductor3_N2_do61.66_w3_s2.01.s2p
Skipping DC extrapolation, not enough frequency points
Port de-embedding based on port geometry data
Cascading L= -2.18 pH at port 1
Cascading L= -2.18 pH at port 2
Created file with de-embedding (cascaded negative port L):  /foss/designs/inductor_synth/palace_model/inductor3_N2_do61.66_w3_s2.01_data/output/inductor3_N2_do61.66_w3_s2.01/inductor3_N2_do61.66_w3_s2.01_deembedded 

Found extra file with port information: /foss/designs/inductor_synth/palace_model/inductor3_N2_do64.04_w3_s2.01_data/port_information.json
Port Z0 values found: [50, 50]
Port impedance for Touchstone header:  50
Number of ports:  2
Created combined S-parameter file for  2 ports, filename:  /foss/designs/inductor_synth/palace_model/inductor3_N2_do64.04_w3_s2.01_data/output/inductor3_N2_do64.04_w3_s2.01/inductor3_N2_do64.04_w3_s2.01.s2p
Skipping DC extrapolation, not enough frequency points
Port de-embedding based on port geometry data
Cascading L= -2.18 pH at port 1
Cascading L= -2.18 pH at port 2
Created file with de-embedding (cascaded negative port L):  /foss/designs/inductor_synth/palace_model/inductor3_N2_do64.04_w3_s2.01_data/output/inductor3_N2_do64.04_w3_s2.01/inductor3_N2_do64.04_w3_s2.01_deembedded 

Found extra file with port information: /foss/designs/inductor_synth/palace_model/inductor3_N2_do64.52_w2.01_s2.01_data/port_information.json
Port Z0 values found: [50, 50]
Port impedance for Touchstone header:  50
Number of ports:  2
Created combined S-parameter file for  2 ports, filename:  /foss/designs/inductor_synth/palace_model/inductor3_N2_do64.52_w2.01_s2.01_data/output/inductor3_N2_do64.52_w2.01_s2.01/inductor3_N2_do64.52_w2.01_s2.01.s2p
Skipping DC extrapolation, not enough frequency points
Port de-embedding based on port geometry data
Cascading L= -2.18 pH at port 1
Cascading L= -2.18 pH at port 2
Created file with de-embedding (cascaded negative port L):  /foss/designs/inductor_synth/palace_model/inductor3_N2_do64.52_w2.01_s2.01_data/output/inductor3_N2_do64.52_w2.01_s2.01/inductor3_N2_do64.52_w2.01_s2.01_deembedded 

Found extra file with port information: /foss/designs/inductor_synth/palace_model/inductor3_N2_do65.93_w3_s2.01_data/port_information.json
Port Z0 values found: [50, 50]
Port impedance for Touchstone header:  50
Number of ports:  2
Created combined S-parameter file for  2 ports, filename:  /foss/designs/inductor_synth/palace_model/inductor3_N2_do65.93_w3_s2.01_data/output/inductor3_N2_do65.93_w3_s2.01/inductor3_N2_do65.93_w3_s2.01.s2p
Skipping DC extrapolation, not enough frequency points
Port de-embedding based on port geometry data
Cascading L= -2.18 pH at port 1
Cascading L= -2.18 pH at port 2
Created file with de-embedding (cascaded negative port L):  /foss/designs/inductor_synth/palace_model/inductor3_N2_do65.93_w3_s2.01_data/output/inductor3_N2_do65.93_w3_s2.01/inductor3_N2_do65.93_w3_s2.01_deembedded 

Found extra file with port information: /foss/designs/inductor_synth/palace_model/inductor3_N2_do69.44_w4_s2.01_data/port_information.json
Port Z0 values found: [50, 50]
Port impedance for Touchstone header:  50
Number of ports:  2
Created combined S-parameter file for  2 ports, filename:  /foss/designs/inductor_synth/palace_model/inductor3_N2_do69.44_w4_s2.01_data/output/inductor3_N2_do69.44_w4_s2.01/inductor3_N2_do69.44_w4_s2.01.s2p
Skipping DC extrapolation, not enough frequency points
Port de-embedding based on port geometry data
Cascading L= -2.18 pH at port 1
Cascading L= -2.18 pH at port 2
Created file with de-embedding (cascaded negative port L):  /foss/designs/inductor_synth/palace_model/inductor3_N2_do69.44_w4_s2.01_data/output/inductor3_N2_do69.44_w4_s2.01/inductor3_N2_do69.44_w4_s2.01_deembedded 

cp: './inductor3_N2_do58.36_w2.01_s2.01.s2p' and './inductor3_N2_do58.36_w2.01_s2.01.s2p' are the same file
cp: './inductor3_N2_do61.25_w2.01_s3.s2p' and './inductor3_N2_do61.25_w2.01_s3.s2p' are the same file
cp: './inductor3_N2_do64.04_w3_s2.01.s2p' and './inductor3_N2_do64.04_w3_s2.01.s2p' are the same file
cp: './inductor3_N2_do64.52_w2.01_s2.01.s2p' and './inductor3_N2_do64.52_w2.01_s2.01.s2p' are the same file
cp: './inductor3_N2_do65.93_w3_s2.01.s2p' and './inductor3_N2_do65.93_w3_s2.01.s2p' are the same file
cp: './inductor3_N2_do69.44_w4_s2.01.s2p' and './inductor3_N2_do69.44_w4_s2.01.s2p' are the same file
Info    : Meshing 1D...
Info    : [  0%] Meshing curve 64 (Line)
Info    : [ 10%] Meshing curve 65 (Line)
Info    : [ 10%] Meshing curve 67 (Line)
Info    : [ 10%] Meshing curve 69 (Line)
Info    : [ 10%] Meshing curve 70 (Line)
Info    : [ 10%] Meshing curve 71 (Line)
Info    : [ 10%] Meshing curve 72 (Line)
Info    : [ 10%] Meshing curve 76 (Line)
Info    : [ 10%] Meshing curve 77 (Line)
Info    : [ 10%] Meshing curve 79 (Line)
Info    : [ 10%] Meshing curve 81 (Line)
Info    : [ 10%] Meshing curve 82 (Line)
Info    : [ 10%] Meshing curve 83 (Line)
Info    : [ 10%] Meshing curve 84 (Line)
Info    : [ 10%] Meshing curve 85 (Line)
Info    : [ 10%] Meshing curve 86 (Line)
Info    : [ 10%] Meshing curve 87 (Line)
Info    : [ 10%] Meshing curve 88 (Line)
Info    : [ 10%] Meshing curve 89 (Line)
Info    : [ 10%] Meshing curve 90 (Line)
Info    : [ 10%] Meshing curve 91 (Line)
Info    : [ 10%] Meshing curve 92 (Line)
Info    : [ 10%] Meshing curve 93 (Line)
Info    : [ 10%] Meshing curve 94 (Line)
Info    : [ 10%] Meshing curve 95 (Line)
Info    : [ 10%] Meshing curve 96 (Line)
Info    : [ 10%] Meshing curve 97 (Line)
Info    : [ 10%] Meshing curve 98 (Line)
Info    : [ 10%] Meshing curve 99 (Line)
Info    : [ 10%] Meshing curve 100 (Line)
Info    : [ 10%] Meshing curve 101 (Line)
Info    : [ 10%] Meshing curve 102 (Line)
Info    : [ 10%] Meshing curve 103 (Line)
Info    : [ 10%] Meshing curve 104 (Line)
Info    : [ 10%] Meshing curve 105 (Line)
Info    : [ 20%] Meshing curve 106 (Line)
Info    : [ 20%] Meshing curve 107 (Line)
Info    : [ 20%] Meshing curve 108 (Line)
Info    : [ 20%] Meshing curve 109 (Line)
Info    : [ 20%] Meshing curve 110 (Line)
Info    : [ 20%] Meshing curve 111 (Line)
Info    : [ 20%] Meshing curve 112 (Line)
Info    : [ 20%] Meshing curve 113 (Line)
Info    : [ 20%] Meshing curve 114 (Line)
Info    : [ 20%] Meshing curve 115 (Line)
Info    : [ 20%] Meshing curve 116 (Line)
Info    : [ 20%] Meshing curve 117 (Line)
Info    : [ 20%] Meshing curve 118 (Line)
Info    : [ 20%] Meshing curve 119 (Line)
Info    : [ 20%] Meshing curve 120 (Line)
Info    : [ 20%] Meshing curve 121 (Line)
Info    : [ 20%] Meshing curve 122 (Line)
Info    : [ 20%] Meshing curve 123 (Line)
Info    : [ 20%] Meshing curve 124 (Line)
Info    : [ 20%] Meshing curve 125 (Line)
Info    : [ 20%] Meshing curve 126 (Line)
Info    : [ 20%] Meshing curve 127 (Line)
Info    : [ 20%] Meshing curve 128 (Line)
Info    : [ 20%] Meshing curve 129 (Line)
Info    : [ 20%] Meshing curve 130 (Line)
Info    : [ 20%] Meshing curve 131 (Line)
Info    : [ 20%] Meshing curve 132 (Line)
Info    : [ 20%] Meshing curve 133 (Line)
Info    : [ 20%] Meshing curve 134 (Line)
Info    : [ 20%] Meshing curve 135 (Line)
Info    : [ 20%] Meshing curve 136 (Line)
Info    : [ 20%] Meshing curve 137 (Line)
Info    : [ 20%] Meshing curve 138 (Line)
Info    : [ 20%] Meshing curve 139 (Line)
Info    : [ 30%] Meshing curve 140 (Line)
Info    : [ 30%] Meshing curve 141 (Line)
Info    : [ 30%] Meshing curve 142 (Line)
Info    : [ 30%] Meshing curve 143 (Line)
Info    : [ 30%] Meshing curve 144 (Line)
Info    : [ 30%] Meshing curve 145 (Line)
Info    : [ 30%] Meshing curve 146 (Line)
Info    : [ 30%] Meshing curve 147 (Line)
Info    : [ 30%] Meshing curve 148 (Line)
Info    : [ 30%] Meshing curve 149 (Line)
Info    : [ 30%] Meshing curve 150 (Line)
Info    : [ 30%] Meshing curve 151 (Line)
Info    : [ 30%] Meshing curve 152 (Line)
Info    : [ 30%] Meshing curve 153 (Line)
Info    : [ 30%] Meshing curve 154 (Line)
Info    : [ 30%] Meshing curve 155 (Line)
Info    : [ 30%] Meshing curve 156 (Line)
Info    : [ 30%] Meshing curve 397 (Line)
Info    : [ 30%] Meshing curve 398 (Line)
Info    : [ 30%] Meshing curve 399 (Line)
Info    : [ 30%] Meshing curve 400 (Line)
Info    : [ 30%] Meshing curve 401 (Line)
Info    : [ 30%] Meshing curve 402 (Line)
Info    : [ 30%] Meshing curve 403 (Line)
Info    : [ 30%] Meshing curve 404 (Line)
Info    : [ 30%] Meshing curve 405 (Line)
Info    : [ 30%] Meshing curve 406 (Line)
Info    : [ 30%] Meshing curve 407 (Line)
Info    : [ 30%] Meshing curve 408 (Line)
Info    : [ 30%] Meshing curve 409 (TrimmedCurve)
Info    : [ 30%] Meshing curve 410 (Line)
Info    : [ 30%] Meshing curve 411 (TrimmedCurve)
Info    : [ 30%] Meshing curve 412 (Line)
Info    : [ 30%] Meshing curve 413 (Line)
Info    : [ 40%] Meshing curve 414 (Line)
Info    : [ 40%] Meshing curve 415 (Line)
Info    : [ 40%] Meshing curve 416 (Line)
Info    : [ 40%] Meshing curve 417 (Line)
Info    : [ 40%] Meshing curve 418 (Line)
Info    : [ 40%] Meshing curve 419 (Line)
Info    : [ 40%] Meshing curve 420 (TrimmedCurve)
Info    : [ 40%] Meshing curve 421 (Line)
Info    : [ 40%] Meshing curve 422 (TrimmedCurve)
Info    : [ 40%] Meshing curve 423 (Line)
Info    : [ 40%] Meshing curve 424 (Line)
Info    : [ 40%] Meshing curve 425 (Line)
Info    : [ 40%] Meshing curve 426 (Line)
Info    : [ 40%] Meshing curve 427 (Line)
Info    : [ 40%] Meshing curve 428 (Line)
Info    : [ 40%] Meshing curve 429 (Line)
Info    : [ 40%] Meshing curve 430 (Line)
Info    : [ 40%] Meshing curve 431 (Line)
Info    : [ 40%] Meshing curve 432 (Line)
Info    : [ 40%] Meshing curve 433 (TrimmedCurve)
Info    : [ 40%] Meshing curve 434 (Line)
Info    : [ 40%] Meshing curve 435 (TrimmedCurve)
Info    : [ 40%] Meshing curve 436 (Line)
Info    : [ 40%] Meshing curve 440 (TrimmedCurve)
Info    : [ 40%] Meshing curve 441 (Line)
Info    : [ 40%] Meshing curve 442 (TrimmedCurve)
Info    : [ 40%] Meshing curve 443 (Line)
Info    : [ 40%] Meshing curve 444 (TrimmedCurve)
Info    : [ 40%] Meshing curve 445 (Line)
Info    : [ 40%] Meshing curve 446 (TrimmedCurve)
Info    : [ 40%] Meshing curve 447 (Line)
Info    : [ 40%] Meshing curve 448 (TrimmedCurve)
Info    : [ 40%] Meshing curve 449 (Line)
Info    : [ 40%] Meshing curve 450 (Line)
Info    : [ 50%] Meshing curve 451 (Line)
Info    : [ 50%] Meshing curve 452 (Line)
Info    : [ 50%] Meshing curve 453 (Line)
Info    : [ 50%] Meshing curve 454 (TrimmedCurve)
Info    : [ 50%] Meshing curve 455 (Line)
Info    : [ 50%] Meshing curve 456 (TrimmedCurve)
Info    : [ 50%] Meshing curve 457 (Line)
Info    : [ 50%] Meshing curve 458 (TrimmedCurve)
Info    : [ 50%] Meshing curve 459 (Line)
Info    : [ 50%] Meshing curve 460 (TrimmedCurve)
Info    : [ 50%] Meshing curve 461 (Line)
Info    : [ 50%] Meshing curve 462 (TrimmedCurve)
Info    : [ 50%] Meshing curve 463 (Line)
Info    : [ 50%] Meshing curve 464 (TrimmedCurve)
Info    : [ 50%] Meshing curve 465 (Line)
Info    : [ 50%] Meshing curve 466 (Line)
Info    : [ 50%] Meshing curve 467 (Line)
Info    : [ 50%] Meshing curve 468 (Line)
Info    : [ 50%] Meshing curve 469 (Line)
Info    : [ 50%] Meshing curve 470 (TrimmedCurve)
Info    : [ 50%] Meshing curve 471 (Line)
Info    : [ 50%] Meshing curve 472 (Line)
Info    : [ 50%] Meshing curve 473 (Line)
Info    : [ 50%] Meshing curve 474 (Line)
Info    : [ 50%] Meshing curve 475 (TrimmedCurve)
Info    : [ 50%] Meshing curve 476 (Line)
Info    : [ 50%] Meshing curve 477 (TrimmedCurve)
Info    : [ 50%] Meshing curve 478 (Line)
Info    : [ 50%] Meshing curve 479 (TrimmedCurve)
Info    : [ 50%] Meshing curve 480 (Line)
Info    : [ 50%] Meshing curve 481 (TrimmedCurve)
Info    : [ 50%] Meshing curve 482 (Line)
Info    : [ 50%] Meshing curve 483 (TrimmedCurve)
Info    : [ 50%] Meshing curve 484 (Line)
Info    : [ 60%] Meshing curve 485 (Line)
Info    : [ 60%] Meshing curve 486 (Line)
Info    : [ 60%] Meshing curve 487 (Line)
Info    : [ 60%] Meshing curve 488 (Line)
Info    : [ 60%] Meshing curve 489 (TrimmedCurve)
Info    : [ 60%] Meshing curve 490 (Line)
Info    : [ 60%] Meshing curve 491 (TrimmedCurve)
Info    : [ 60%] Meshing curve 492 (Line)
Info    : [ 60%] Meshing curve 493 (TrimmedCurve)
Info    : [ 60%] Meshing curve 494 (Line)
Info    : [ 60%] Meshing curve 495 (TrimmedCurve)
Info    : [ 60%] Meshing curve 496 (Line)
Info    : [ 60%] Meshing curve 497 (TrimmedCurve)
Info    : [ 60%] Meshing curve 498 (Line)
Info    : [ 60%] Meshing curve 499 (TrimmedCurve)
Info    : [ 60%] Meshing curve 500 (Line)
Info    : [ 60%] Meshing curve 501 (Line)
Info    : [ 60%] Meshing curve 502 (Line)
Info    : [ 60%] Meshing curve 503 (Line)
Info    : [ 60%] Meshing curve 504 (Line)
Info    : [ 60%] Meshing curve 505 (TrimmedCurve)
Info    : [ 60%] Meshing curve 506 (Line)
Info    : [ 60%] Meshing curve 507 (Line)
Info    : [ 60%] Meshing curve 508 (Line)
Info    : [ 60%] Meshing curve 510 (Line)
Info    : [ 60%] Meshing curve 511 (Line)
Info    : [ 60%] Meshing curve 512 (Line)
Info    : [ 60%] Meshing curve 513 (Line)
Info    : [ 60%] Meshing curve 515 (Line)
Info    : [ 60%] Meshing curve 516 (Line)
Info    : [ 60%] Meshing curve 517 (Line)
Info    : [ 60%] Meshing curve 518 (Line)
Info    : [ 60%] Meshing curve 519 (Line)
Info    : [ 60%] Meshing curve 520 (Line)
Info    : [ 70%] Meshing curve 521 (Line)
Info    : [ 70%] Meshing curve 522 (Line)
Info    : [ 70%] Meshing curve 523 (Line)
Info    : [ 70%] Meshing curve 524 (Line)
Info    : [ 70%] Meshing curve 525 (Line)
Info    : [ 70%] Meshing curve 526 (Line)
Info    : [ 70%] Meshing curve 527 (Line)
Info    : [ 70%] Meshing curve 528 (Line)
Info    : [ 70%] Meshing curve 529 (Line)
Info    : [ 70%] Meshing curve 530 (Line)
Info    : [ 70%] Meshing curve 531 (Line)
Info    : [ 70%] Meshing curve 532 (Line)
Info    : [ 70%] Meshing curve 533 (Line)
Info    : [ 70%] Meshing curve 534 (Line)
Info    : [ 70%] Meshing curve 535 (Line)
Info    : [ 70%] Meshing curve 536 (Line)
Info    : [ 70%] Meshing curve 537 (Line)
Info    : [ 70%] Meshing curve 538 (Line)
Info    : [ 70%] Meshing curve 539 (Line)
Info    : [ 70%] Meshing curve 540 (Line)
Info    : [ 70%] Meshing curve 541 (Line)
Info    : [ 70%] Meshing curve 542 (Line)
Info    : [ 70%] Meshing curve 543 (Line)
Info    : [ 70%] Meshing curve 544 (Line)
Info    : [ 70%] Meshing curve 545 (Line)
Info    : [ 70%] Meshing curve 546 (Line)
Info    : [ 70%] Meshing curve 547 (Line)
Info    : [ 70%] Meshing curve 548 (Line)
Info    : [ 70%] Meshing curve 549 (Line)
Info    : [ 70%] Meshing curve 550 (Line)
Info    : [ 70%] Meshing curve 551 (Line)
Info    : [ 70%] Meshing curve 552 (TrimmedCurve)
Info    : [ 70%] Meshing curve 553 (Line)
Info    : [ 70%] Meshing curve 554 (Line)
Info    : [ 80%] Meshing curve 555 (Line)
Info    : [ 80%] Meshing curve 556 (Line)
Info    : [ 80%] Meshing curve 557 (Line)
Info    : [ 80%] Meshing curve 558 (TrimmedCurve)
Info    : [ 80%] Meshing curve 559 (Line)
Info    : [ 80%] Meshing curve 560 (Line)
Info    : [ 80%] Meshing curve 561 (TrimmedCurve)
Info    : [ 80%] Meshing curve 562 (Line)
Info    : [ 80%] Meshing curve 563 (Line)
Info    : [ 80%] Meshing curve 564 (Line)
Info    : [ 80%] Meshing curve 565 (Line)
Info    : [ 80%] Meshing curve 566 (Line)
Info    : [ 80%] Meshing curve 567 (TrimmedCurve)
Info    : [ 80%] Meshing curve 568 (Line)
Info    : [ 80%] Meshing curve 569 (Line)
Info    : [ 80%] Meshing curve 570 (Line)
Info    : [ 80%] Meshing curve 571 (Line)
Info    : [ 80%] Meshing curve 572 (Line)
Info    : [ 80%] Meshing curve 573 (Line)
Info    : [ 80%] Meshing curve 574 (Line)
Info    : [ 80%] Meshing curve 575 (Line)
Info    : [ 80%] Meshing curve 576 (Line)
Info    : [ 80%] Meshing curve 577 (Line)
Info    : [ 80%] Meshing curve 578 (Line)
Info    : [ 80%] Meshing curve 579 (Line)
Info    : [ 80%] Meshing curve 580 (Line)
Info    : [ 80%] Meshing curve 581 (Line)
Info    : [ 80%] Meshing curve 582 (Line)
Info    : [ 80%] Meshing curve 583 (Line)
Info    : [ 80%] Meshing curve 584 (Line)
Info    : [ 80%] Meshing curve 585 (Line)
Info    : [ 80%] Meshing curve 586 (Line)
Info    : [ 80%] Meshing curve 587 (Line)
Info    : [ 80%] Meshing curve 588 (Line)
Info    : [ 90%] Meshing curve 589 (Line)
Info    : [ 90%] Meshing curve 590 (Line)
Info    : [ 90%] Meshing curve 591 (Line)
Info    : [ 90%] Meshing curve 592 (Line)
Info    : [ 90%] Meshing curve 593 (Line)
Info    : [ 90%] Meshing curve 594 (Line)
Info    : [ 90%] Meshing curve 595 (Line)
Info    : [ 90%] Meshing curve 596 (Line)
Info    : [ 90%] Meshing curve 597 (Line)
Info    : [ 90%] Meshing curve 598 (Line)
Info    : [ 90%] Meshing curve 599 (Line)
Info    : [ 90%] Meshing curve 600 (Line)
Info    : [ 90%] Meshing curve 601 (Line)
Info    : [ 90%] Meshing curve 602 (Line)
Info    : [ 90%] Meshing curve 603 (Line)
Info    : [ 90%] Meshing curve 604 (Line)
Info    : [ 90%] Meshing curve 605 (Line)
Info    : [ 90%] Meshing curve 606 (Line)
Info    : [ 90%] Meshing curve 607 (Line)
Info    : [ 90%] Meshing curve 608 (Line)
Info    : [ 90%] Meshing curve 609 (Line)
Info    : [ 90%] Meshing curve 610 (Line)
Info    : [ 90%] Meshing curve 611 (Line)
Info    : [ 90%] Meshing curve 612 (Line)
Info    : [ 90%] Meshing curve 613 (Line)
Info    : [ 90%] Meshing curve 614 (Line)
Info    : [ 90%] Meshing curve 615 (Line)
Info    : [ 90%] Meshing curve 616 (Line)
Info    : [ 90%] Meshing curve 617 (Line)
Info    : [ 90%] Meshing curve 618 (Line)
Info    : [ 90%] Meshing curve 619 (Line)
Info    : [ 90%] Meshing curve 620 (Line)
Info    : [ 90%] Meshing curve 621 (Line)
Info    : [ 90%] Meshing curve 622 (Line)
Info    : [100%] Meshing curve 623 (Line)
Info    : [100%] Meshing curve 624 (Line)
Info    : [100%] Meshing curve 625 (Line)
Info    : [100%] Meshing curve 626 (Line)
Info    : [100%] Meshing curve 627 (Line)
Info    : [100%] Meshing curve 628 (Line)
Info    : [100%] Meshing curve 629 (Line)
Info    : [100%] Meshing curve 630 (Line)
Info    : [100%] Meshing curve 631 (Line)
Info    : [100%] Meshing curve 632 (Line)
Info    : [100%] Meshing curve 633 (Line)
Info    : [100%] Meshing curve 634 (Line)
Info    : [100%] Meshing curve 635 (Line)
Info    : [100%] Meshing curve 636 (Line)
Info    : [100%] Meshing curve 637 (Line)
Info    : [100%] Meshing curve 638 (Line)
Info    : [100%] Meshing curve 639 (Line)
Info    : [100%] Meshing curve 640 (Line)
Info    : [100%] Meshing curve 641 (Line)
Info    : [100%] Meshing curve 642 (Line)
Info    : [100%] Meshing curve 643 (Line)
Info    : [100%] Meshing curve 644 (Line)
Info    : [100%] Meshing curve 645 (Line)
Info    : [100%] Meshing curve 646 (Line)
Info    : [100%] Meshing curve 647 (Line)
Info    : [100%] Meshing curve 648 (Line)
Info    : [100%] Meshing curve 649 (Line)
Info    : [100%] Meshing curve 650 (Line)
Info    : [100%] Meshing curve 651 (Line)
Info    : [100%] Meshing curve 652 (Line)
Info    : [100%] Meshing curve 653 (Line)
Info    : [100%] Meshing curve 654 (Line)
Info    : [100%] Meshing curve 655 (Line)
Info    : [100%] Meshing curve 656 (Line)
Info    : Done meshing 1D (Wall 1.19293s, CPU 1.19287s)
Info    : Meshing 2D...
Info    : [  0%] Meshing surface 35 (Plane, Delaunay)
Info    : [ 10%] Meshing surface 41 (Plane, Delaunay)
Info    : [ 10%] Meshing surface 43 (Plane, Delaunay)
Info    : [ 10%] Meshing surface 44 (Plane, Delaunay)
Info    : [ 10%] Meshing surface 45 (Plane, Delaunay)
Info    : [ 10%] Meshing surface 46 (Plane, Delaunay)
Info    : [ 10%] Meshing surface 47 (Plane, Delaunay)
Info    : [ 10%] Meshing surface 48 (Plane, Delaunay)
Info    : [ 10%] Meshing surface 49 (Plane, Delaunay)
Info    : [ 10%] Meshing surface 50 (Plane, Delaunay)
Info    : [ 10%] Meshing surface 51 (Plane, Delaunay)
Info    : [ 10%] Meshing surface 53 (Plane, Delaunay)
Info    : [ 10%] Meshing surface 54 (Plane, Delaunay)
Info    : [ 10%] Meshing surface 55 (Plane, Delaunay)
Info    : [ 10%] Meshing surface 56 (Plane, Delaunay)
Info    : [ 20%] Meshing surface 57 (Plane, Delaunay)
Info    : [ 20%] Meshing surface 58 (Plane, Delaunay)
Info    : [ 20%] Meshing surface 59 (Plane, Delaunay)
Info    : [ 20%] Meshing surface 60 (Plane, Delaunay)
Info    : [ 20%] Meshing surface 61 (Plane, Delaunay)
Info    : [ 20%] Meshing surface 62 (Plane, Delaunay)
Info    : [ 20%] Meshing surface 63 (Plane, Delaunay)
Info    : [ 20%] Meshing surface 64 (Plane, Delaunay)
Info    : [ 20%] Meshing surface 65 (Plane, Delaunay)
Info    : [ 20%] Meshing surface 66 (Plane, Delaunay)
Info    : [ 20%] Meshing surface 67 (Plane, Delaunay)
Info    : [ 20%] Meshing surface 68 (Plane, Delaunay)
Info    : [ 20%] Meshing surface 69 (Plane, Delaunay)
Info    : [ 20%] Meshing surface 70 (Plane, Delaunay)
Info    : [ 20%] Meshing surface 71 (Plane, Delaunay)
Info    : [ 30%] Meshing surface 72 (Plane, Delaunay)
Info    : [ 30%] Meshing surface 73 (Plane, Delaunay)
Info    : [ 30%] Meshing surface 74 (Plane, Delaunay)
Info    : [ 30%] Meshing surface 75 (Plane, Delaunay)
Info    : [ 30%] Meshing surface 76 (Plane, Delaunay)
Info    : [ 30%] Meshing surface 179 (Plane, Delaunay)
Info    : [ 30%] Meshing surface 180 (Plane, Delaunay)
Info    : [ 30%] Meshing surface 181 (Plane, Delaunay)
Info    : [ 30%] Meshing surface 183 (Plane, Delaunay)
Info    : [ 30%] Meshing surface 184 (Plane, Delaunay)
Info    : [ 30%] Meshing surface 185 (Plane, Delaunay)
Info    : [ 30%] Meshing surface 186 (Plane, Delaunay)
Info    : [ 30%] Meshing surface 187 (Plane, Delaunay)
Info    : [ 30%] Meshing surface 188 (Plane, Delaunay)
Info    : [ 30%] Meshing surface 189 (Plane, Delaunay)
Info    : [ 40%] Meshing surface 190 (Plane, Delaunay)
Info    : [ 40%] Meshing surface 191 (Plane, Delaunay)
Info    : [ 40%] Meshing surface 192 (Plane, Delaunay)
Info    : [ 40%] Meshing surface 193 (Plane, Delaunay)
Info    : [ 40%] Meshing surface 195 (Plane, Delaunay)
Info    : [ 40%] Meshing surface 196 (Plane, Delaunay)
Info    : [ 40%] Meshing surface 198 (Plane, Delaunay)
Info    : [ 40%] Meshing surface 199 (Plane, Delaunay)
Info    : [ 40%] Meshing surface 200 (Plane, Delaunay)
Info    : [ 40%] Meshing surface 201 (Plane, Delaunay)
Info    : [ 40%] Meshing surface 204 (Plane, Delaunay)
Info    : [ 40%] Meshing surface 205 (Plane, Delaunay)
Info    : [ 40%] Meshing surface 206 (Plane, Delaunay)
Info    : [ 40%] Meshing surface 207 (Plane, Delaunay)
Info    : [ 50%] Meshing surface 208 (Plane, Delaunay)
Info    : [ 50%] Meshing surface 209 (Plane, Delaunay)
Info    : [ 50%] Meshing surface 210 (Plane, Delaunay)
Info    : [ 50%] Meshing surface 211 (Plane, Delaunay)
Info    : [ 50%] Meshing surface 212 (Plane, Delaunay)
Info    : [ 50%] Meshing surface 213 (Plane, Delaunay)
Info    : [ 50%] Meshing surface 214 (Plane, Delaunay)
Info    : [ 50%] Meshing surface 215 (Plane, Delaunay)
Info    : [ 50%] Meshing surface 216 (Plane, Delaunay)
Info    : [ 50%] Meshing surface 217 (Plane, Delaunay)
Info    : [ 50%] Meshing surface 218 (Plane, Delaunay)
Info    : [ 50%] Meshing surface 219 (Plane, Delaunay)
Info    : [ 50%] Meshing surface 220 (Plane, Delaunay)
Info    : [ 50%] Meshing surface 221 (Plane, Delaunay)
Info    : [ 50%] Meshing surface 222 (Plane, Delaunay)
Info    : [ 60%] Meshing surface 223 (Plane, Delaunay)
Info    : [ 60%] Meshing surface 224 (Plane, Delaunay)
Info    : [ 60%] Meshing surface 225 (Plane, Delaunay)
Info    : [ 60%] Meshing surface 226 (Plane, Delaunay)
Info    : [ 60%] Meshing surface 227 (Plane, Delaunay)
Info    : [ 60%] Meshing surface 228 (Plane, Delaunay)
Info    : [ 60%] Meshing surface 229 (Plane, Delaunay)
Info    : [ 60%] Meshing surface 230 (Plane, Delaunay)
Info    : [ 60%] Meshing surface 231 (Plane, Delaunay)
Info    : [ 60%] Meshing surface 232 (Plane, Delaunay)
Info    : [ 60%] Meshing surface 233 (Plane, Delaunay)
Info    : [ 60%] Meshing surface 235 (Plane, Delaunay)
Info    : [ 60%] Meshing surface 236 (Plane, Delaunay)
Info    : [ 60%] Meshing surface 237 (Plane, Delaunay)
Info    : [ 60%] Meshing surface 238 (Plane, Delaunay)
Info    : [ 70%] Meshing surface 239 (Plane, Delaunay)
Info    : [ 70%] Meshing surface 240 (Plane, Delaunay)
Info    : [ 70%] Meshing surface 241 (Plane, Delaunay)
Info    : [ 70%] Meshing surface 242 (Plane, Delaunay)
Info    : [ 70%] Meshing surface 243 (Plane, Delaunay)
Info    : [ 70%] Meshing surface 244 (Plane, Delaunay)
Info    : [ 70%] Meshing surface 245 (Plane, Delaunay)
Info    : [ 70%] Meshing surface 246 (Plane, Delaunay)
Info    : [ 70%] Meshing surface 247 (Plane, Delaunay)
Info    : [ 70%] Meshing surface 248 (Plane, Delaunay)
Info    : [ 70%] Meshing surface 249 (Plane, Delaunay)
Info    : [ 70%] Meshing surface 250 (Plane, Delaunay)
Info    : [ 70%] Meshing surface 251 (Plane, Delaunay)
Info    : [ 70%] Meshing surface 252 (Plane, Delaunay)
Info    : [ 80%] Meshing surface 253 (Plane, Delaunay)
Info    : [ 80%] Meshing surface 254 (Plane, Delaunay)
Info    : [ 80%] Meshing surface 255 (Plane, Delaunay)
Info    : [ 80%] Meshing surface 256 (Plane, Delaunay)
Info    : [ 80%] Meshing surface 257 (Plane, Delaunay)
Info    : [ 80%] Meshing surface 258 (Plane, Delaunay)
Info    : [ 80%] Meshing surface 259 (Plane, Delaunay)
Info    : [ 80%] Meshing surface 260 (Plane, Delaunay)
Info    : [ 80%] Meshing surface 261 (Plane, Delaunay)
Info    : [ 80%] Meshing surface 262 (Plane, Delaunay)
Info    : [ 80%] Meshing surface 263 (Plane, Delaunay)
Info    : [ 80%] Meshing surface 264 (Plane, Delaunay)
Info    : [ 80%] Meshing surface 265 (Plane, Delaunay)
Info    : [ 80%] Meshing surface 266 (Plane, Delaunay)
Info    : [ 80%] Meshing surface 267 (Plane, Delaunay)
Info    : [ 90%] Meshing surface 268 (Plane, Delaunay)
Info    : [ 90%] Meshing surface 269 (Plane, Delaunay)
Info    : [ 90%] Meshing surface 270 (Plane, Delaunay)
Info    : [ 90%] Meshing surface 271 (Plane, Delaunay)
Info    : [ 90%] Meshing surface 272 (Plane, Delaunay)
Info    : [ 90%] Meshing surface 273 (Plane, Delaunay)
Info    : [ 90%] Meshing surface 274 (Plane, Delaunay)
Info    : [ 90%] Meshing surface 275 (Plane, Delaunay)
Info    : [ 90%] Meshing surface 276 (Plane, Delaunay)
Info    : [ 90%] Meshing surface 277 (Plane, Delaunay)
Info    : [ 90%] Meshing surface 279 (Plane, Delaunay)
Info    : [ 90%] Meshing surface 280 (Plane, Delaunay)
Info    : [ 90%] Meshing surface 281 (Plane, Delaunay)
Info    : [ 90%] Meshing surface 282 (Plane, Delaunay)
Info    : [ 90%] Meshing surface 283 (Plane, Delaunay)
Info    : [100%] Meshing surface 284 (Plane, Delaunay)
Info    : [100%] Meshing surface 285 (Plane, Delaunay)
Info    : [100%] Meshing surface 286 (Plane, Delaunay)
Info    : [100%] Meshing surface 287 (Plane, Delaunay)
Info    : [100%] Meshing surface 288 (Plane, Delaunay)
Info    : [100%] Meshing surface 289 (Plane, Delaunay)
Info    : [100%] Meshing surface 290 (Plane, Delaunay)
Info    : [100%] Meshing surface 291 (Plane, Delaunay)
Info    : [100%] Meshing surface 292 (Plane, Delaunay)
Info    : [100%] Meshing surface 293 (Plane, Delaunay)
Info    : [100%] Meshing surface 294 (Plane, Delaunay)
Info    : [100%] Meshing surface 295 (Plane, Delaunay)
Info    : [100%] Meshing surface 296 (Plane, Delaunay)
Info    : [100%] Meshing surface 297 (Plane, Delaunay)
Info    : Done meshing 2D (Wall 0.368262s, CPU 0.368225s)
Info    : Meshing 3D...
Info    : 3D Meshing 16 volumes with 1 connected component
Info    : Tetrahedrizing 2712 nodes...
Info    : Done tetrahedrizing 2720 nodes (Wall 0.0373096s, CPU 0.037303s)
Info    : Reconstructing mesh...
Info    :  - Creating surface mesh
Info    :  - Identifying boundary edges
Info    :  - Recovering boundary
Info    :  - Added 8 Steiner points
Info    : Done reconstructing mesh (Wall 0.118043s, CPU 0.118031s)
Info    : Found volume 29
Info    : Found volume 28
Info    : Found volume 30
Info    : Found volume 24
Info    : Found volume 27
Info    : Found volume 12
Info    : Found volume 31
Info    : Found volume 6
Info    : Found volume 7
Info    : Found volume 25
Info    : Found volume 8
Info    : Found volume 32
Info    : Found volume 26
Info    : Found volume 10
Info    : Found volume 9
Info    : Found volume 11
Info    : It. 0 - 0 nodes created - worst tet radius 2.34312e+14 (nodes removed 0 0)
Info    : It. 500 - 10 nodes created - worst tet radius 2.24439 (nodes removed 0 490)
Info    : It. 1000 - 115 nodes created - worst tet radius 1.20985 (nodes removed 0 885)
Info    : It. 1500 - 273 nodes created - worst tet radius 1.00614 (nodes removed 5 1222)
Info    : 3D refinement terminated (3001 nodes total):
Info    :  - 2 Delaunay cavities modified for star shapeness
Info    :  - 1235 nodes could not be inserted
Info    :  - 17782 tetrahedra created in 0.0629926 sec. (282287 tets/s)
Info    : 143 node relocations
Info    : Done meshing 3D (Wall 0.321573s, CPU 0.318191s)
Info    : Optimizing mesh...
Info    : Optimizing volume 6
Info    : Optimization starts (volume = 144) with worst = 0.125314 / average = 0.535736:
Info    : 0.00 < quality < 0.10 :         0 elements
Info    : 0.10 < quality < 0.20 :         2 elements
Info    : 0.20 < quality < 0.30 :        35 elements
Info    : 0.30 < quality < 0.40 :         8 elements
Info    : 0.40 < quality < 0.50 :        39 elements
Info    : 0.50 < quality < 0.60 :        34 elements
Info    : 0.60 < quality < 0.70 :         5 elements
Info    : 0.70 < quality < 0.80 :        30 elements
Info    : 0.80 < quality < 0.90 :        19 elements
Info    : 0.90 < quality < 1.00 :         2 elements
Info    : 3 edge swaps, 0 node relocations (volume = 144): worst = 0.125314 / average = 0.535431 (Wall 0.000212558s, CPU 0.000216s)
Info    : No ill-shaped tets in the mesh :-)
Info    : 0.00 < quality < 0.10 :         0 elements
Info    : 0.10 < quality < 0.20 :         2 elements
Info    : 0.20 < quality < 0.30 :        35 elements
Info    : 0.30 < quality < 0.40 :         8 elements
Info    : 0.40 < quality < 0.50 :        41 elements
Info    : 0.50 < quality < 0.60 :        32 elements
Info    : 0.60 < quality < 0.70 :         5 elements
Info    : 0.70 < quality < 0.80 :        30 elements
Info    : 0.80 < quality < 0.90 :        19 elements
Info    : 0.90 < quality < 1.00 :         2 elements
Info    : Optimizing volume 7
Info    : Optimization starts (volume = 144) with worst = 0.125314 / average = 0.530967:
Info    : 0.00 < quality < 0.10 :         0 elements
Info    : 0.10 < quality < 0.20 :         2 elements
Info    : 0.20 < quality < 0.30 :        35 elements
Info    : 0.30 < quality < 0.40 :         8 elements
Info    : 0.40 < quality < 0.50 :        43 elements
Info    : 0.50 < quality < 0.60 :        34 elements
Info    : 0.60 < quality < 0.70 :         5 elements
Info    : 0.70 < quality < 0.80 :        31 elements
Info    : 0.80 < quality < 0.90 :        16 elements
Info    : 0.90 < quality < 1.00 :         2 elements
Info    : 2 edge swaps, 0 node relocations (volume = 144): worst = 0.125314 / average = 0.530665 (Wall 0.000149696s, CPU 0.00015s)
Info    : No ill-shaped tets in the mesh :-)
Info    : 0.00 < quality < 0.10 :         0 elements
Info    : 0.10 < quality < 0.20 :         2 elements
Info    : 0.20 < quality < 0.30 :        35 elements
Info    : 0.30 < quality < 0.40 :         8 elements
Info    : 0.40 < quality < 0.50 :        45 elements
Info    : 0.50 < quality < 0.60 :        32 elements
Info    : 0.60 < quality < 0.70 :         5 elements
Info    : 0.70 < quality < 0.80 :        31 elements
Info    : 0.80 < quality < 0.90 :        16 elements
Info    : 0.90 < quality < 1.00 :         2 elements
Info    : Optimizing volume 8
Info    : Optimization starts (volume = 48.544) with worst = 0.177187 / average = 0.605117:
Info    : 0.00 < quality < 0.10 :         0 elements
Info    : 0.10 < quality < 0.20 :         4 elements
Info    : 0.20 < quality < 0.30 :         4 elements
Info    : 0.30 < quality < 0.40 :        12 elements
Info    : 0.40 < quality < 0.50 :        12 elements
Info    : 0.50 < quality < 0.60 :        18 elements
Info    : 0.60 < quality < 0.70 :        18 elements
Info    : 0.70 < quality < 0.80 :        16 elements
Info    : 0.80 < quality < 0.90 :        12 elements
Info    : 0.90 < quality < 1.00 :         8 elements
Info    : 2 edge swaps, 0 node relocations (volume = 48.544): worst = 0.177187 / average = 0.61544 (Wall 5.5897e-05s, CPU 5.6e-05s)
Info    : No ill-shaped tets in the mesh :-)
Info    : 0.00 < quality < 0.10 :         0 elements
Info    : 0.10 < quality < 0.20 :         2 elements
Info    : 0.20 < quality < 0.30 :         4 elements
Info    : 0.30 < quality < 0.40 :        12 elements
Info    : 0.40 < quality < 0.50 :        11 elements
Info    : 0.50 < quality < 0.60 :        19 elements
Info    : 0.60 < quality < 0.70 :        17 elements
Info    : 0.70 < quality < 0.80 :        17 elements
Info    : 0.80 < quality < 0.90 :        12 elements
Info    : 0.90 < quality < 1.00 :         8 elements
Info    : Optimizing volume 9
Info    : Optimization starts (volume = 2.268) with worst = 0.266475 / average = 0.325093:
Info    : 0.00 < quality < 0.10 :         0 elements
Info    : 0.10 < quality < 0.20 :         0 elements
Info    : 0.20 < quality < 0.30 :         4 elements
Info    : 0.30 < quality < 0.40 :         8 elements
Info    : 0.40 < quality < 0.50 :         0 elements
Info    : 0.50 < quality < 0.60 :         0 elements
Info    : 0.60 < quality < 0.70 :         0 elements
Info    : 0.70 < quality < 0.80 :         0 elements
Info    : 0.80 < quality < 0.90 :         0 elements
Info    : 0.90 < quality < 1.00 :         0 elements
Info    : No ill-shaped tets in the mesh :-)
Info    : 0.00 < quality < 0.10 :         0 elements
Info    : 0.10 < quality < 0.20 :         0 elements
Info    : 0.20 < quality < 0.30 :         4 elements
Info    : 0.30 < quality < 0.40 :         8 elements
Info    : 0.40 < quality < 0.50 :         0 elements
Info    : 0.50 < quality < 0.60 :         0 elements
Info    : 0.60 < quality < 0.70 :         0 elements
Info    : 0.70 < quality < 0.80 :         0 elements
Info    : 0.80 < quality < 0.90 :         0 elements
Info    : 0.90 < quality < 1.00 :         0 elements
Info    : Optimizing volume 10
Info    : Optimization starts (volume = 2.268) with worst = 0.266475 / average = 0.325093:
Info    : 0.00 < quality < 0.10 :         0 elements
Info    : 0.10 < quality < 0.20 :         0 elements
Info    : 0.20 < quality < 0.30 :         4 elements
Info    : 0.30 < quality < 0.40 :         8 elements
Info    : 0.40 < quality < 0.50 :         0 elements
Info    : 0.50 < quality < 0.60 :         0 elements
Info    : 0.60 < quality < 0.70 :         0 elements
Info    : 0.70 < quality < 0.80 :         0 elements
Info    : 0.80 < quality < 0.90 :         0 elements
Info    : 0.90 < quality < 1.00 :         0 elements
Info    : No ill-shaped tets in the mesh :-)
Info    : 0.00 < quality < 0.10 :         0 elements
Info    : 0.10 < quality < 0.20 :         0 elements
Info    : 0.20 < quality < 0.30 :         4 elements
Info    : 0.30 < quality < 0.40 :         8 elements
Info    : 0.40 < quality < 0.50 :         0 elements
Info    : 0.50 < quality < 0.60 :         0 elements
Info    : 0.60 < quality < 0.70 :         0 elements
Info    : 0.70 < quality < 0.80 :         0 elements
Info    : 0.80 < quality < 0.90 :         0 elements
Info    : 0.90 < quality < 1.00 :         0 elements
Info    : Optimizing volume 11
Info    : Optimization starts (volume = 2.268) with worst = 0.266475 / average = 0.325093:
Info    : 0.00 < quality < 0.10 :         0 elements
Info    : 0.10 < quality < 0.20 :         0 elements
Info    : 0.20 < quality < 0.30 :         4 elements
Info    : 0.30 < quality < 0.40 :         8 elements
Info    : 0.40 < quality < 0.50 :         0 elements
Info    : 0.50 < quality < 0.60 :         0 elements
Info    : 0.60 < quality < 0.70 :         0 elements
Info    : 0.70 < quality < 0.80 :         0 elements
Info    : 0.80 < quality < 0.90 :         0 elements
Info    : 0.90 < quality < 1.00 :         0 elements
Info    : No ill-shaped tets in the mesh :-)
Info    : 0.00 < quality < 0.10 :         0 elements
Info    : 0.10 < quality < 0.20 :         0 elements
Info    : 0.20 < quality < 0.30 :         4 elements
Info    : 0.30 < quality < 0.40 :         8 elements
Info    : 0.40 < quality < 0.50 :         0 elements
Info    : 0.50 < quality < 0.60 :         0 elements
Info    : 0.60 < quality < 0.70 :         0 elements
Info    : 0.70 < quality < 0.80 :         0 elements
Info    : 0.80 < quality < 0.90 :         0 elements
Info    : 0.90 < quality < 1.00 :         0 elements
Info    : Optimizing volume 12
Info    : Optimization starts (volume = 2.268) with worst = 0.0280207 / average = 0.26468:
Info    : 0.00 < quality < 0.10 :         6 elements
Info    : 0.10 < quality < 0.20 :         0 elements
Info    : 0.20 < quality < 0.30 :         2 elements
Info    : 0.30 < quality < 0.40 :         7 elements
Info    : 0.40 < quality < 0.50 :         0 elements
Info    : 0.50 < quality < 0.60 :         0 elements
Info    : 0.60 < quality < 0.70 :         2 elements
Info    : 0.70 < quality < 0.80 :         0 elements
Info    : 0.80 < quality < 0.90 :         0 elements
Info    : 0.90 < quality < 1.00 :         0 elements
Info    : 2 edge swaps, 1 node relocations (volume = 2.268): worst = 0.0473347 / average = 0.279504 (Wall 5.5492e-05s, CPU 5.6e-05s)
Info    : 3 edge swaps, 1 node relocations (volume = 2.268): worst = 0.0473347 / average = 0.315614 (Wall 0.000104997s, CPU 0.000102s)
Info    : No ill-shaped tets in the mesh :-)
Info    : 0.00 < quality < 0.10 :         3 elements
Info    : 0.10 < quality < 0.20 :         2 elements
Info    : 0.20 < quality < 0.30 :         2 elements
Info    : 0.30 < quality < 0.40 :         4 elements
Info    : 0.40 < quality < 0.50 :         0 elements
Info    : 0.50 < quality < 0.60 :         1 elements
Info    : 0.60 < quality < 0.70 :         2 elements
Info    : 0.70 < quality < 0.80 :         0 elements
Info    : 0.80 < quality < 0.90 :         0 elements
Info    : 0.90 < quality < 1.00 :         0 elements
Info    : Optimizing volume 24
Info    : Optimization starts (volume = 2216.47) with worst = 0.00260371 / average = 0.17398:
Info    : 0.00 < quality < 0.10 :        81 elements
Info    : 0.10 < quality < 0.20 :      1229 elements
Info    : 0.20 < quality < 0.30 :        41 elements
Info    : 0.30 < quality < 0.40 :         6 elements
Info    : 0.40 < quality < 0.50 :         0 elements
Info    : 0.50 < quality < 0.60 :         0 elements
Info    : 0.60 < quality < 0.70 :         0 elements
Info    : 0.70 < quality < 0.80 :         0 elements
Info    : 0.80 < quality < 0.90 :         0 elements
Info    : 0.90 < quality < 1.00 :         0 elements
Info    : 126 edge swaps, 6 node relocations (volume = 2216.47): worst = 0.00329034 / average = 0.179172 (Wall 0.00546309s, CPU 0.005462s)
Info    : 131 edge swaps, 9 node relocations (volume = 2216.47): worst = 0.00329034 / average = 0.179171 (Wall 0.011378s, CPU 0.011369s)
Info    : No ill-shaped tets in the mesh :-)
Info    : 0.00 < quality < 0.10 :        37 elements
Info    : 0.10 < quality < 0.20 :      1210 elements
Info    : 0.20 < quality < 0.30 :        39 elements
Info    : 0.30 < quality < 0.40 :         5 elements
Info    : 0.40 < quality < 0.50 :         0 elements
Info    : 0.50 < quality < 0.60 :         0 elements
Info    : 0.60 < quality < 0.70 :         0 elements
Info    : 0.70 < quality < 0.80 :         0 elements
Info    : 0.80 < quality < 0.90 :         0 elements
Info    : 0.90 < quality < 1.00 :         0 elements
Info    : Optimizing volume 25
Info    : Optimization starts (volume = 1821.05) with worst = 0.0809818 / average = 0.72956:
Info    : 0.00 < quality < 0.10 :         1 elements
Info    : 0.10 < quality < 0.20 :         5 elements
Info    : 0.20 < quality < 0.30 :        16 elements
Info    : 0.30 < quality < 0.40 :        41 elements
Info    : 0.40 < quality < 0.50 :        35 elements
Info    : 0.50 < quality < 0.60 :       119 elements
Info    : 0.60 < quality < 0.70 :       162 elements
Info    : 0.70 < quality < 0.80 :       196 elements
Info    : 0.80 < quality < 0.90 :       172 elements
Info    : 0.90 < quality < 1.00 :       200 elements
Info    : 5 edge swaps, 0 node relocations (volume = 1821.05): worst = 0.141566 / average = 0.732468 (Wall 0.00019855s, CPU 0.0002s)
Info    : No ill-shaped tets in the mesh :-)
Info    : 0.00 < quality < 0.10 :         0 elements
Info    : 0.10 < quality < 0.20 :         3 elements
Info    : 0.20 < quality < 0.30 :        13 elements
Info    : 0.30 < quality < 0.40 :        40 elements
Info    : 0.40 < quality < 0.50 :        35 elements
Info    : 0.50 < quality < 0.60 :       123 elements
Info    : 0.60 < quality < 0.70 :       161 elements
Info    : 0.70 < quality < 0.80 :       196 elements
Info    : 0.80 < quality < 0.90 :       172 elements
Info    : 0.90 < quality < 1.00 :       200 elements
Info    : Optimizing volume 26
Info    : Optimization starts (volume = 465.715) with worst = 0.0809818 / average = 0.6641:
Info    : 0.00 < quality < 0.10 :         2 elements
Info    : 0.10 < quality < 0.20 :         3 elements
Info    : 0.20 < quality < 0.30 :         6 elements
Info    : 0.30 < quality < 0.40 :        32 elements
Info    : 0.40 < quality < 0.50 :        16 elements
Info    : 0.50 < quality < 0.60 :        44 elements
Info    : 0.60 < quality < 0.70 :        50 elements
Info    : 0.70 < quality < 0.80 :        97 elements
Info    : 0.80 < quality < 0.90 :        45 elements
Info    : 0.90 < quality < 1.00 :        20 elements
Info    : 3 edge swaps, 0 node relocations (volume = 465.715): worst = 0.182953 / average = 0.670294 (Wall 0.000101271s, CPU 0.000101s)
Info    : No ill-shaped tets in the mesh :-)
Info    : 0.00 < quality < 0.10 :         0 elements
Info    : 0.10 < quality < 0.20 :         2 elements
Info    : 0.20 < quality < 0.30 :         6 elements
Info    : 0.30 < quality < 0.40 :        31 elements
Info    : 0.40 < quality < 0.50 :        16 elements
Info    : 0.50 < quality < 0.60 :        45 elements
Info    : 0.60 < quality < 0.70 :        50 elements
Info    : 0.70 < quality < 0.80 :        97 elements
Info    : 0.80 < quality < 0.90 :        45 elements
Info    : 0.90 < quality < 1.00 :        20 elements
Info    : Optimizing volume 27
Info    : Optimization starts (volume = 1.16393e+07) with worst = 0.0496372 / average = 0.626524:
Info    : 0.00 < quality < 0.10 :         5 elements
Info    : 0.10 < quality < 0.20 :        15 elements
Info    : 0.20 < quality < 0.30 :        18 elements
Info    : 0.30 < quality < 0.40 :        44 elements
Info    : 0.40 < quality < 0.50 :       144 elements
Info    : 0.50 < quality < 0.60 :       222 elements
Info    : 0.60 < quality < 0.70 :       233 elements
Info    : 0.70 < quality < 0.80 :       191 elements
Info    : 0.80 < quality < 0.90 :       115 elements
Info    : 0.90 < quality < 1.00 :        51 elements
Info    : 35 edge swaps, 1 node relocations (volume = 1.16393e+07): worst = 0.287668 / average = 0.641914 (Wall 0.000425541s, CPU 0.000427s)
Info    : 36 edge swaps, 1 node relocations (volume = 1.16393e+07): worst = 0.30081 / average = 0.642472 (Wall 0.000520286s, CPU 0.000523s)
Info    : No ill-shaped tets in the mesh :-)
Info    : 0.00 < quality < 0.10 :         0 elements
Info    : 0.10 < quality < 0.20 :         0 elements
Info    : 0.20 < quality < 0.30 :         0 elements
Info    : 0.30 < quality < 0.40 :        50 elements
Info    : 0.40 < quality < 0.50 :       145 elements
Info    : 0.50 < quality < 0.60 :       217 elements
Info    : 0.60 < quality < 0.70 :       234 elements
Info    : 0.70 < quality < 0.80 :       190 elements
Info    : 0.80 < quality < 0.90 :       119 elements
Info    : 0.90 < quality < 1.00 :        51 elements
Info    : Optimizing volume 28
Info    : Optimization starts (volume = 23278.7) with worst = 0.000821502 / average = 0.0314668:
Info    : 0.00 < quality < 0.10 :      1155 elements
Info    : 0.10 < quality < 0.20 :        77 elements
Info    : 0.20 < quality < 0.30 :         0 elements
Info    : 0.30 < quality < 0.40 :         0 elements
Info    : 0.40 < quality < 0.50 :         0 elements
Info    : 0.50 < quality < 0.60 :         0 elements
Info    : 0.60 < quality < 0.70 :         0 elements
Info    : 0.70 < quality < 0.80 :         0 elements
Info    : 0.80 < quality < 0.90 :         0 elements
Info    : 0.90 < quality < 1.00 :         0 elements
Info    : 178 edge swaps, 0 node relocations (volume = 23278.7): worst = 0.000906778 / average = 0.0303305 (Wall 0.00603618s, CPU 0.006034s)
Info    : 194 edge swaps, 0 node relocations (volume = 23278.7): worst = 0.000906778 / average = 0.0302157 (Wall 0.0126684s, CPU 0.012666s)
Warning : 1 ill-shaped tets are still in the mesh
Info    : 0.00 < quality < 0.10 :      1063 elements
Info    : 0.10 < quality < 0.20 :        60 elements
Info    : 0.20 < quality < 0.30 :         0 elements
Info    : 0.30 < quality < 0.40 :         0 elements
Info    : 0.40 < quality < 0.50 :         0 elements
Info    : 0.50 < quality < 0.60 :         0 elements
Info    : 0.60 < quality < 0.70 :         0 elements
Info    : 0.70 < quality < 0.80 :         0 elements
Info    : 0.80 < quality < 0.90 :         0 elements
Info    : 0.90 < quality < 1.00 :         0 elements
Info    : Optimizing volume 29
Info    : Optimization starts (volume = 910603) with worst = 0 / average = 0.468956:
Info    : 0.00 < quality < 0.10 :       244 elements
Info    : 0.10 < quality < 0.20 :      1047 elements
Info    : 0.20 < quality < 0.30 :       959 elements
Info    : 0.30 < quality < 0.40 :      1239 elements
Info    : 0.40 < quality < 0.50 :      1110 elements
Info    : 0.50 < quality < 0.60 :      1237 elements
Info    : 0.60 < quality < 0.70 :       923 elements
Info    : 0.70 < quality < 0.80 :       795 elements
Info    : 0.80 < quality < 0.90 :       636 elements
Info    : 0.90 < quality < 1.00 :       180 elements
Info    : 488 edge swaps, 46 node relocations (volume = 910603): worst = 2.98104e-30 / average = 0.481747 (Wall 0.0220279s, CPU 0.022024s)
Info    : 549 edge swaps, 65 node relocations (volume = 910603): worst = 2.98104e-30 / average = 0.482462 (Wall 0.0382246s, CPU 0.038221s)
Warning : 4 ill-shaped tets are still in the mesh
Info    : 0.00 < quality < 0.10 :       103 elements
Info    : 0.10 < quality < 0.20 :       920 elements
Info    : 0.20 < quality < 0.30 :       817 elements
Info    : 0.30 < quality < 0.40 :      1301 elements
Info    : 0.40 < quality < 0.50 :      1033 elements
Info    : 0.50 < quality < 0.60 :      1220 elements
Info    : 0.60 < quality < 0.70 :       900 elements
Info    : 0.70 < quality < 0.80 :       801 elements
Info    : 0.80 < quality < 0.90 :       649 elements
Info    : 0.90 < quality < 1.00 :       174 elements
Info    : Optimizing volume 30
Info    : Optimization starts (volume = 218238) with worst = 0.00146854 / average = 0.509703:
Info    : 0.00 < quality < 0.10 :        18 elements
Info    : 0.10 < quality < 0.20 :        91 elements
Info    : 0.20 < quality < 0.30 :       189 elements
Info    : 0.30 < quality < 0.40 :       233 elements
Info    : 0.40 < quality < 0.50 :       354 elements
Info    : 0.50 < quality < 0.60 :       366 elements
Info    : 0.60 < quality < 0.70 :       336 elements
Info    : 0.70 < quality < 0.80 :       238 elements
Info    : 0.80 < quality < 0.90 :        76 elements
Info    : 0.90 < quality < 1.00 :         8 elements
Info    : 83 edge swaps, 0 node relocations (volume = 218238): worst = 0.0759508 / average = 0.520225 (Wall 0.00256438s, CPU 0.002566s)
Info    : 86 edge swaps, 0 node relocations (volume = 218238): worst = 0.0759508 / average = 0.520127 (Wall 0.0038911s, CPU 0.003895s)
Info    : No ill-shaped tets in the mesh :-)
Info    : 0.00 < quality < 0.10 :         3 elements
Info    : 0.10 < quality < 0.20 :        83 elements
Info    : 0.20 < quality < 0.30 :       137 elements
Info    : 0.30 < quality < 0.40 :       247 elements
Info    : 0.40 < quality < 0.50 :       338 elements
Info    : 0.50 < quality < 0.60 :       374 elements
Info    : 0.60 < quality < 0.70 :       328 elements
Info    : 0.70 < quality < 0.80 :       242 elements
Info    : 0.80 < quality < 0.90 :        76 elements
Info    : 0.90 < quality < 1.00 :         8 elements
Info    : Optimizing volume 31
Info    : Optimization starts (volume = 1.04754e+07) with worst = 0.0220927 / average = 0.604936:
Info    : 0.00 < quality < 0.10 :         8 elements
Info    : 0.10 < quality < 0.20 :         7 elements
Info    : 0.20 < quality < 0.30 :        17 elements
Info    : 0.30 < quality < 0.40 :        84 elements
Info    : 0.40 < quality < 0.50 :       167 elements
Info    : 0.50 < quality < 0.60 :       311 elements
Info    : 0.60 < quality < 0.70 :       252 elements
Info    : 0.70 < quality < 0.80 :       186 elements
Info    : 0.80 < quality < 0.90 :       122 elements
Info    : 0.90 < quality < 1.00 :        25 elements
Info    : 31 edge swaps, 2 node relocations (volume = 1.04754e+07): worst = 0.290161 / average = 0.617841 (Wall 0.000388048s, CPU 0.000389s)
Info    : 32 edge swaps, 2 node relocations (volume = 1.04754e+07): worst = 0.291563 / average = 0.617807 (Wall 0.000467467s, CPU 0.000469s)
Info    : No ill-shaped tets in the mesh :-)
Info    : 0.00 < quality < 0.10 :         0 elements
Info    : 0.10 < quality < 0.20 :         0 elements
Info    : 0.20 < quality < 0.30 :         1 elements
Info    : 0.30 < quality < 0.40 :        85 elements
Info    : 0.40 < quality < 0.50 :       169 elements
Info    : 0.50 < quality < 0.60 :       303 elements
Info    : 0.60 < quality < 0.70 :       253 elements
Info    : 0.70 < quality < 0.80 :       192 elements
Info    : 0.80 < quality < 0.90 :       123 elements
Info    : 0.90 < quality < 1.00 :        26 elements
Info    : Optimizing volume 32
Info    : Optimization starts (volume = 3.49367e+07) with worst = 0.00817729 / average = 0.528232:
Info    : 0.00 < quality < 0.10 :        76 elements
Info    : 0.10 < quality < 0.20 :        48 elements
Info    : 0.20 < quality < 0.30 :        42 elements
Info    : 0.30 < quality < 0.40 :        74 elements
Info    : 0.40 < quality < 0.50 :       104 elements
Info    : 0.50 < quality < 0.60 :       139 elements
Info    : 0.60 < quality < 0.70 :       207 elements
Info    : 0.70 < quality < 0.80 :       178 elements
Info    : 0.80 < quality < 0.90 :        58 elements
Info    : 0.90 < quality < 1.00 :         2 elements
Info    : 32 edge swaps, 0 node relocations (volume = 3.49367e+07): worst = 0.00817729 / average = 0.540429 (Wall 0.00148835s, CPU 0.001488s)
Info    : 40 edge swaps, 0 node relocations (volume = 3.49367e+07): worst = 0.00817729 / average = 0.542685 (Wall 0.00271361s, CPU 0.002715s)
Info    : No ill-shaped tets in the mesh :-)
Info    : 0.00 < quality < 0.10 :        60 elements
Info    : 0.10 < quality < 0.20 :        32 elements
Info    : 0.20 < quality < 0.30 :        30 elements
Info    : 0.30 < quality < 0.40 :        58 elements
Info    : 0.40 < quality < 0.50 :       105 elements
Info    : 0.50 < quality < 0.60 :       155 elements
Info    : 0.60 < quality < 0.70 :       201 elements
Info    : 0.70 < quality < 0.80 :       175 elements
Info    : 0.80 < quality < 0.90 :        60 elements
Info    : 0.90 < quality < 1.00 :         2 elements
Info    : Done optimizing mesh (Wall 0.0969473s, CPU 0.096923s)
Info    : 3001 nodes 24092 elements
Warning : ------------------------------
Warning : Mesh generation error summary
Warning :     2 warnings
Warning :     0 errors
Warning : Check the full log for details
Warning : ------------------------------
Info    : Writing '/foss/designs/inductor_synth/palace_model/inductor3_N2_do60.62_w2.01_s2.01_data/inductor3_N2_do60.62_w2.01_s2.01.msh'...
Info    : Done writing '/foss/designs/inductor_synth/palace_model/inductor3_N2_do60.62_w2.01_s2.01_data/inductor3_N2_do60.62_w2.01_s2.01.msh'
Info    : Clearing all models and views...
Info    : Done clearing all models and views
>> /usr/bin/mpirun -n 1 /foss/tools/bin/palace-x86_64.bin config.json

_____________     _______
_____   __   \____ __   /____ ____________
____   /_/  /  __ ` /  /  __ ` /  ___/  _ \
___   _____/  /_/  /  /  /_/  /  /__/  ___/
  /__/     \___,__/__/\___,__/\_____\_____/

Git changeset ID: v0.17.0-227-gc531cf3e
Running with 1 MPI process
Device configuration: cpu
Memory configuration: host-std
libCEED backend: /cpu/self/xsmm/blocked

Added 2484 boundary elements for material interfaces to the mesh

Characteristic length and time scales:
 Lc = 4.999e-04 m, tc = 1.667e-03 ns
Finished partitioning mesh into 1 subdomain

Mesh curvature order: 1
Mesh bounding box:
 (Xmin, Ymin, Zmin) = (-1.706e-04, -1.706e-04, -5.000e-05) m
 (Xmax, Ymax, Zmax) = (+1.706e-04, +1.706e-04, +4.499e-04) m

Parallel Mesh Stats:

                minimum     average     maximum       total
 vertices          2995        2995        2995        2995
 edges            18637       18637       18637       18637
 faces            29794       29794       29794       29794
 elements         14146       14146       14146       14146
 neighbors            0           0           0

            minimum     maximum
 h                0    0.213813
 kappa      1.09178 1.18744e+08

Estimated current per-rank memory usage is: Min. 39.9M, Max. 39.9M, Avg. 39.9M, Total 39.9M
Estimated current per-node memory usage is: Min. 39.9M, Max. 39.9M, Avg. 39.9M, Total 39.9M

Configuring Robin absorbing BC (order 2) at attributes:
 23

Configuring Robin finite conductivity BC at attributes:
 2: σ = 2.164e+07 S/m, h = 4.200e-07 m, n = (+0.0,+0.0,+1.0)
 3: σ = 2.164e+07 S/m, h = 4.200e-07 m, n = (+0.7,+0.7,+0.0)
 4: σ = 2.780e+07 S/m, h = 2.000e-06 m, n = (+0.0,+0.0,-1.0)
 5: σ = 2.780e+07 S/m, h = 2.000e-06 m, n = (+1.0,-0.1,+0.0)
 6: σ = 2.780e+07 S/m, h = 2.000e-06 m, n = (+0.0,+0.0,-1.0)
 7: σ = 2.780e+07 S/m, h = 2.000e-06 m, n = (+1.0,-0.1,+0.0)
 8: σ = 2.780e+07 S/m, h = 2.000e-06 m, n = (+0.0,+0.0,+1.0)
 9: σ = 2.780e+07 S/m, h = 2.000e-06 m, n = (+0.6,+0.8,+0.0)
 10: σ = 3.030e+07 S/m, h = 3.000e-06 m, n = (+0.0,+0.0,+1.0)
 11: σ = 3.030e+07 S/m, h = 3.000e-06 m, n = (+1.0,+0.3,-0.0)
 12: σ = 3.030e+07 S/m, h = 3.000e-06 m, n = (+0.0,+0.0,+1.0)
 13: σ = 3.030e+07 S/m, h = 3.000e-06 m, n = (+1.0,-0.3,+0.0)

Configuring Robin impedance BC for lumped ports at attributes:
 20: Rs = 2.012e+01 Ω/sq, n = (+0.0,+1.0,+0.0)
 21: Rs = 2.012e+01 Ω/sq, n = (+0.0,+1.0,+0.0)
 22: Rs = 1.024e+01 Ω/sq, n = (+0.0,+1.0,+0.0)

Configuring lumped port circuit properties:
 Index = 1: R = 5.000e+01 Ω
 Index = 2: R = 5.000e+01 Ω
 Index = 3: R = 5.000e+01 Ω

Configuring lumped port excitation source term at attributes:
 20: Index = 1
 21: Index = 2
 22: Index = 3

Computing adaptive fast frequency response for:
Excitation 1/3 with index 1 has contributions from:
 Lumped port  1
Excitation 2/3 with index 2 has contributions from:
 Lumped port  2
Excitation 3/3 with index 3 has contributions from:
 Lumped port  3
[0]PETSC ERROR: --------------------- Error Message --------------------------------------------------------------
[0]PETSC ERROR: Missing or incorrect user input
[0]PETSC ERROR: The inner product is not well defined: nonzero imaginary part -nan.
[0]PETSC ERROR: See https://petsc.org/release/faq/ for trouble shooting.
[0]PETSC ERROR: PETSc Release Version 3.24.3, unknown
[0]PETSC ERROR: /foss/tools/bin/palace-x86_64.bin with 1 MPI process(es) and PETSC_ARCH  on e7e12b5ba38f by designer Tue Jul 28 16:52:09 2026
[0]PETSC ERROR: Configure options: COPTFLAGS=" -O3 -DNDEBUG" CXXOPTFLAGS=" -O3 -DNDEBUG" --prefix=/foss/tools/palace --with-cc=/usr/bin/cc --with-cxx=/usr/bin/c++ --with-fc=0 --with-scalar-type=complex --with-precision=double --with-clanguage=c --with-x=0 --with-debugging=0 --with-shared-libraries=0 --known-64-bit-blas-indices=0 --with-mpi-lib="[/usr/lib/x86_64-linux-gnu/openmpi/lib/libmpi_cxx.so,/usr/lib/x86_64-linux-gnu/openmpi/lib/libmpi.so]" --with-mpi-include="[/usr/lib/x86_64-linux-gnu/openmpi/include,/usr/lib/x86_64-linux-gnu/openmpi/include/openmpi]" --with-blaslapack-lib="[/usr/lib/x86_64-linux-gnu/libopenblas.so,-lm]" --with-blaslapack-include="[/usr/include/x86_64-linux-gnu]"
[0]PETSC ERROR: #1 BV_SafeSqrt() at /tmp/palace/build/extern/slepc/include/slepc/private/bvimpl.h:131
[0]PETSC ERROR: #2 BV_SquareRoot_Default() at /tmp/palace/build/extern/slepc/include/slepc/private/bvimpl.h:393
[0]PETSC ERROR: #3 BVOrthogonalizeCGS1() at /tmp/palace/build/extern/slepc/src/sys/classes/bv/interface/bvorthog.c:101
[0]PETSC ERROR: #4 BVOrthogonalizeGS() at /tmp/palace/build/extern/slepc/src/sys/classes/bv/interface/bvorthog.c:177
[0]PETSC ERROR: #5 BVOrthonormalizeColumn() at /tmp/palace/build/extern/slepc/src/sys/classes/bv/interface/bvorthog.c:401
[0]PETSC ERROR: #6 BVMatLanczos() at /tmp/palace/build/extern/slepc/src/sys/classes/bv/interface/bvkrylov.c:201
[0]PETSC ERROR: #7 EPSSolve_KrylovSchur_Default() at /tmp/palace/build/extern/slepc/src/eps/impls/krylov/krylovschur/krylovschur.c:262
[0]PETSC ERROR: #8 EPSSolve() at /tmp/palace/build/extern/slepc/src/eps/interface/epssolve.c:162
[0]PETSC ERROR: #9 GetMaxSingularValue() at /tmp/palace/palace/linalg/slepc.cpp:275
--------------------------------------------------------------------------
MPI_ABORT was invoked on rank 0 in communicator MPI_COMM_WORLD
with errorcode 95.

NOTE: invoking MPI_ABORT causes Open MPI to kill all MPI processes.
You may or may not see output from other processes, depending on
exactly when Open MPI kills them.
--------------------------------------------------------------------------
Found extra file with port information: /foss/designs/inductor_synth/palace_model/inductor3_N2_do58.36_w2.01_s2.01_data/port_information.json
Port Z0 values found: [50, 50]
Port impedance for Touchstone header:  50
Number of ports:  2
Created combined S-parameter file for  2 ports, filename:  /foss/designs/inductor_synth/palace_model/inductor3_N2_do58.36_w2.01_s2.01_data/output/inductor3_N2_do58.36_w2.01_s2.01/inductor3_N2_do58.36_w2.01_s2.01.s2p
Skipping DC extrapolation, not enough frequency points
Port de-embedding based on port geometry data
Cascading L= -2.18 pH at port 1
Cascading L= -2.18 pH at port 2
Created file with de-embedding (cascaded negative port L):  /foss/designs/inductor_synth/palace_model/inductor3_N2_do58.36_w2.01_s2.01_data/output/inductor3_N2_do58.36_w2.01_s2.01/inductor3_N2_do58.36_w2.01_s2.01_deembedded 

Found extra file with port information: /foss/designs/inductor_synth/palace_model/inductor3_N2_do61.25_w2.01_s3_data/port_information.json
Port Z0 values found: [50, 50]
Port impedance for Touchstone header:  50
Number of ports:  2
Created combined S-parameter file for  2 ports, filename:  /foss/designs/inductor_synth/palace_model/inductor3_N2_do61.25_w2.01_s3_data/output/inductor3_N2_do61.25_w2.01_s3/inductor3_N2_do61.25_w2.01_s3.s2p
Skipping DC extrapolation, not enough frequency points
Port de-embedding based on port geometry data
Cascading L= -1.82 pH at port 1
Cascading L= -1.82 pH at port 2
Created file with de-embedding (cascaded negative port L):  /foss/designs/inductor_synth/palace_model/inductor3_N2_do61.25_w2.01_s3_data/output/inductor3_N2_do61.25_w2.01_s3/inductor3_N2_do61.25_w2.01_s3_deembedded 

Found extra file with port information: /foss/designs/inductor_synth/palace_model/inductor3_N2_do61.38_w2.01_s2.01_data/port_information.json
Port Z0 values found: [50, 50]
Port impedance for Touchstone header:  50
Number of ports:  2
Created combined S-parameter file for  2 ports, filename:  /foss/designs/inductor_synth/palace_model/inductor3_N2_do61.38_w2.01_s2.01_data/output/inductor3_N2_do61.38_w2.01_s2.01/inductor3_N2_do61.38_w2.01_s2.01.s2p
Skipping DC extrapolation, not enough frequency points
Port de-embedding based on port geometry data
Cascading L= -2.18 pH at port 1
Cascading L= -2.18 pH at port 2
Created file with de-embedding (cascaded negative port L):  /foss/designs/inductor_synth/palace_model/inductor3_N2_do61.38_w2.01_s2.01_data/output/inductor3_N2_do61.38_w2.01_s2.01/inductor3_N2_do61.38_w2.01_s2.01_deembedded 

Found extra file with port information: /foss/designs/inductor_synth/palace_model/inductor3_N2_do61.66_w3_s2.01_data/port_information.json
Port Z0 values found: [50, 50]
Port impedance for Touchstone header:  50
Number of ports:  2
Created combined S-parameter file for  2 ports, filename:  /foss/designs/inductor_synth/palace_model/inductor3_N2_do61.66_w3_s2.01_data/output/inductor3_N2_do61.66_w3_s2.01/inductor3_N2_do61.66_w3_s2.01.s2p
Skipping DC extrapolation, not enough frequency points
Port de-embedding based on port geometry data
Cascading L= -2.18 pH at port 1
Cascading L= -2.18 pH at port 2
Created file with de-embedding (cascaded negative port L):  /foss/designs/inductor_synth/palace_model/inductor3_N2_do61.66_w3_s2.01_data/output/inductor3_N2_do61.66_w3_s2.01/inductor3_N2_do61.66_w3_s2.01_deembedded 

Found extra file with port information: /foss/designs/inductor_synth/palace_model/inductor3_N2_do64.04_w3_s2.01_data/port_information.json
Port Z0 values found: [50, 50]
Port impedance for Touchstone header:  50
Number of ports:  2
Created combined S-parameter file for  2 ports, filename:  /foss/designs/inductor_synth/palace_model/inductor3_N2_do64.04_w3_s2.01_data/output/inductor3_N2_do64.04_w3_s2.01/inductor3_N2_do64.04_w3_s2.01.s2p
Skipping DC extrapolation, not enough frequency points
Port de-embedding based on port geometry data
Cascading L= -2.18 pH at port 1
Cascading L= -2.18 pH at port 2
Created file with de-embedding (cascaded negative port L):  /foss/designs/inductor_synth/palace_model/inductor3_N2_do64.04_w3_s2.01_data/output/inductor3_N2_do64.04_w3_s2.01/inductor3_N2_do64.04_w3_s2.01_deembedded 

Found extra file with port information: /foss/designs/inductor_synth/palace_model/inductor3_N2_do64.52_w2.01_s2.01_data/port_information.json
Port Z0 values found: [50, 50]
Port impedance for Touchstone header:  50
Number of ports:  2
Created combined S-parameter file for  2 ports, filename:  /foss/designs/inductor_synth/palace_model/inductor3_N2_do64.52_w2.01_s2.01_data/output/inductor3_N2_do64.52_w2.01_s2.01/inductor3_N2_do64.52_w2.01_s2.01.s2p
Skipping DC extrapolation, not enough frequency points
Port de-embedding based on port geometry data
Cascading L= -2.18 pH at port 1
Cascading L= -2.18 pH at port 2
Created file with de-embedding (cascaded negative port L):  /foss/designs/inductor_synth/palace_model/inductor3_N2_do64.52_w2.01_s2.01_data/output/inductor3_N2_do64.52_w2.01_s2.01/inductor3_N2_do64.52_w2.01_s2.01_deembedded 

Found extra file with port information: /foss/designs/inductor_synth/palace_model/inductor3_N2_do65.93_w3_s2.01_data/port_information.json
Port Z0 values found: [50, 50]
Port impedance for Touchstone header:  50
Number of ports:  2
Created combined S-parameter file for  2 ports, filename:  /foss/designs/inductor_synth/palace_model/inductor3_N2_do65.93_w3_s2.01_data/output/inductor3_N2_do65.93_w3_s2.01/inductor3_N2_do65.93_w3_s2.01.s2p
Skipping DC extrapolation, not enough frequency points
Port de-embedding based on port geometry data
Cascading L= -2.18 pH at port 1
Cascading L= -2.18 pH at port 2
Created file with de-embedding (cascaded negative port L):  /foss/designs/inductor_synth/palace_model/inductor3_N2_do65.93_w3_s2.01_data/output/inductor3_N2_do65.93_w3_s2.01/inductor3_N2_do65.93_w3_s2.01_deembedded 

Found extra file with port information: /foss/designs/inductor_synth/palace_model/inductor3_N2_do69.44_w4_s2.01_data/port_information.json
Port Z0 values found: [50, 50]
Port impedance for Touchstone header:  50
Number of ports:  2
Created combined S-parameter file for  2 ports, filename:  /foss/designs/inductor_synth/palace_model/inductor3_N2_do69.44_w4_s2.01_data/output/inductor3_N2_do69.44_w4_s2.01/inductor3_N2_do69.44_w4_s2.01.s2p
Skipping DC extrapolation, not enough frequency points
Port de-embedding based on port geometry data
Cascading L= -2.18 pH at port 1
Cascading L= -2.18 pH at port 2
Created file with de-embedding (cascaded negative port L):  /foss/designs/inductor_synth/palace_model/inductor3_N2_do69.44_w4_s2.01_data/output/inductor3_N2_do69.44_w4_s2.01/inductor3_N2_do69.44_w4_s2.01_deembedded 

cp: './inductor3_N2_do58.36_w2.01_s2.01.s2p' and './inductor3_N2_do58.36_w2.01_s2.01.s2p' are the same file
cp: './inductor3_N2_do61.25_w2.01_s3.s2p' and './inductor3_N2_do61.25_w2.01_s3.s2p' are the same file
cp: './inductor3_N2_do61.38_w2.01_s2.01.s2p' and './inductor3_N2_do61.38_w2.01_s2.01.s2p' are the same file
cp: './inductor3_N2_do61.66_w3_s2.01.s2p' and './inductor3_N2_do61.66_w3_s2.01.s2p' are the same file
cp: './inductor3_N2_do64.04_w3_s2.01.s2p' and './inductor3_N2_do64.04_w3_s2.01.s2p' are the same file
cp: './inductor3_N2_do64.52_w2.01_s2.01.s2p' and './inductor3_N2_do64.52_w2.01_s2.01.s2p' are the same file
cp: './inductor3_N2_do65.93_w3_s2.01.s2p' and './inductor3_N2_do65.93_w3_s2.01.s2p' are the same file
cp: './inductor3_N2_do69.44_w4_s2.01.s2p' and './inductor3_N2_do69.44_w4_s2.01.s2p' are the same file
Created output file inductor3_N2_do58.36_w2.01_s2.01.gds
Reading GDSII input file: inductor3_N2_do58.36_w2.01_s2.01.gds
Pre-processing GDSII to handle cutouts and self-intersecting polygons
Using boundary condition  ['ABC', 'ABC', 'ABC', 'ABC', 'ABC', 'ABC']
Starting to create mesh file and config file
---------------------------------------------------
Wavelength in air: 15000.0 units
  meshsize_max: 70.0  units
  max_cellsize_air: 1500.0 units
---------------------------------------------------
Adding metal tags ...
Adding dielectrics ...
Adding ports ...
Dielectric  AIR  with max_cellsize_local =  70 units
Dielectric  Passive  with max_cellsize_local =  70 units
Dielectric  SiO2  with max_cellsize_local =  70 units
Dielectric  EPI  with max_cellsize_local =  70 units
Dielectric  Substrate  with max_cellsize_local =  70 units
Created output file inductor3_N2_do61.25_w2.01_s3.gds
Reading GDSII input file: inductor3_N2_do61.25_w2.01_s3.gds
Pre-processing GDSII to handle cutouts and self-intersecting polygons
Using boundary condition  ['ABC', 'ABC', 'ABC', 'ABC', 'ABC', 'ABC']
Starting to create mesh file and config file
---------------------------------------------------
Wavelength in air: 15000.0 units
  meshsize_max: 70.0  units
  max_cellsize_air: 1500.0 units
---------------------------------------------------
Adding metal tags ...
Adding dielectrics ...
Adding ports ...
Dielectric  AIR  with max_cellsize_local =  70 units
Dielectric  Passive  with max_cellsize_local =  70 units
Dielectric  SiO2  with max_cellsize_local =  70 units
Dielectric  EPI  with max_cellsize_local =  70 units
Dielectric  Substrate  with max_cellsize_local =  70 units
Created output file inductor3_N2_do64.04_w3_s2.01.gds
Reading GDSII input file: inductor3_N2_do64.04_w3_s2.01.gds
Pre-processing GDSII to handle cutouts and self-intersecting polygons
Using boundary condition  ['ABC', 'ABC', 'ABC', 'ABC', 'ABC', 'ABC']
Starting to create mesh file and config file
---------------------------------------------------
Wavelength in air: 15000.0 units
  meshsize_max: 70.0  units
  max_cellsize_air: 1500.0 units
---------------------------------------------------
Adding metal tags ...
Adding dielectrics ...
Adding ports ...
Dielectric  AIR  with max_cellsize_local =  70 units
Dielectric  Passive  with max_cellsize_local =  70 units
Dielectric  SiO2  with max_cellsize_local =  70 units
Dielectric  EPI  with max_cellsize_local =  70 units
Dielectric  Substrate  with max_cellsize_local =  70 units
Created output file inductor3_N2_do69.44_w4_s2.01.gds
Reading GDSII input file: inductor3_N2_do69.44_w4_s2.01.gds
Pre-processing GDSII to handle cutouts and self-intersecting polygons
Using boundary condition  ['ABC', 'ABC', 'ABC', 'ABC', 'ABC', 'ABC']
Starting to create mesh file and config file
---------------------------------------------------
Wavelength in air: 15000.0 units
  meshsize_max: 70.0  units
  max_cellsize_air: 1500.0 units
---------------------------------------------------
Adding metal tags ...
Adding dielectrics ...
Adding ports ...
Dielectric  AIR  with max_cellsize_local =  70 units
Dielectric  Passive  with max_cellsize_local =  70 units
Dielectric  SiO2  with max_cellsize_local =  70 units
Dielectric  EPI  with max_cellsize_local =  70 units
Dielectric  Substrate  with max_cellsize_local =  70 units


There are 4 geometries that meet your specified parameters.

Simulation will start in 10 seconds.
You can press Ctrl+C now to quit and review your specification, or wait for simulation starting in 10 seconds.
Created output file inductor3_N2_do64.52_w2.01_s2.01.gds
Reading GDSII input file: inductor3_N2_do64.52_w2.01_s2.01.gds
Pre-processing GDSII to handle cutouts and self-intersecting polygons
Using boundary condition  ['ABC', 'ABC', 'ABC', 'ABC', 'ABC', 'ABC']
Starting to create mesh file and config file
---------------------------------------------------
Wavelength in air: 15000.0 units
  meshsize_max: 70.0  units
  max_cellsize_air: 1500.0 units
---------------------------------------------------
Adding metal tags ...
Adding dielectrics ...
Adding ports ...
Dielectric  AIR  with max_cellsize_local =  70 units
Dielectric  Passive  with max_cellsize_local =  70 units
Dielectric  SiO2  with max_cellsize_local =  70 units
Dielectric  EPI  with max_cellsize_local =  70 units
Dielectric  Substrate  with max_cellsize_local =  70 units
Created output file inductor3_N2_do65.93_w3_s2.01.gds
Reading GDSII input file: inductor3_N2_do65.93_w3_s2.01.gds
Pre-processing GDSII to handle cutouts and self-intersecting polygons
Using boundary condition  ['ABC', 'ABC', 'ABC', 'ABC', 'ABC', 'ABC']
Starting to create mesh file and config file
---------------------------------------------------
Wavelength in air: 15000.0 units
  meshsize_max: 70.0  units
  max_cellsize_air: 1500.0 units
---------------------------------------------------
Adding metal tags ...
Adding dielectrics ...
Adding ports ...
Dielectric  AIR  with max_cellsize_local =  70 units
Dielectric  Passive  with max_cellsize_local =  70 units
Dielectric  SiO2  with max_cellsize_local =  70 units
Dielectric  EPI  with max_cellsize_local =  70 units
Dielectric  Substrate  with max_cellsize_local =  70 units
Created output file inductor3_N2_do61.38_w2.01_s2.01.gds
Reading GDSII input file: inductor3_N2_do61.38_w2.01_s2.01.gds
Pre-processing GDSII to handle cutouts and self-intersecting polygons
Using boundary condition  ['ABC', 'ABC', 'ABC', 'ABC', 'ABC', 'ABC']
Starting to create mesh file and config file
---------------------------------------------------
Wavelength in air: 15000.0 units
  meshsize_max: 70.0  units
  max_cellsize_air: 1500.0 units
---------------------------------------------------
Adding metal tags ...
Adding dielectrics ...
Adding ports ...
Dielectric  AIR  with max_cellsize_local =  70 units
Dielectric  Passive  with max_cellsize_local =  70 units
Dielectric  SiO2  with max_cellsize_local =  70 units
Dielectric  EPI  with max_cellsize_local =  70 units
Dielectric  Substrate  with max_cellsize_local =  70 units
Created output file inductor3_N2_do61.66_w3_s2.01.gds
Reading GDSII input file: inductor3_N2_do61.66_w3_s2.01.gds
Pre-processing GDSII to handle cutouts and self-intersecting polygons
Using boundary condition  ['ABC', 'ABC', 'ABC', 'ABC', 'ABC', 'ABC']
Starting to create mesh file and config file
---------------------------------------------------
Wavelength in air: 15000.0 units
  meshsize_max: 70.0  units
  max_cellsize_air: 1500.0 units
---------------------------------------------------
Adding metal tags ...
Adding dielectrics ...
Adding ports ...
Dielectric  AIR  with max_cellsize_local =  70 units
Dielectric  Passive  with max_cellsize_local =  70 units
Dielectric  SiO2  with max_cellsize_local =  70 units
Dielectric  EPI  with max_cellsize_local =  70 units
Dielectric  Substrate  with max_cellsize_local =  70 units
Now we have done multiple finetune steps for multiple candidates, get the best one
Created output file inductor3_N2_do60.62_w2.01_s2.01.gds
centertap_layername =  TopMetal2
Reading GDSII input file: inductor3_N2_do60.62_w2.01_s2.01.gds
Pre-processing GDSII to handle cutouts and self-intersecting polygons
Using boundary condition  ['ABC', 'ABC', 'ABC', 'ABC', 'ABC', 'ABC']
WARNING: Start frequency changed from DC to  0.01  GHz!
Starting to create mesh file and config file
---------------------------------------------------
Wavelength in air: 7500.0 units
  meshsize_max: 70.0  units
  max_cellsize_air: 750.0 units
---------------------------------------------------
Adding metal tags ...
Adding dielectrics ...
Adding ports ...
Dielectric  AIR  with max_cellsize_local =  70 units
Dielectric  Passive  with max_cellsize_local =  70 units
Dielectric  SiO2  with max_cellsize_local =  70 units
Dielectric  EPI  with max_cellsize_local =  70 units
Dielectric  Substrate  with max_cellsize_local =  70 units
Traceback (most recent call last):
  File "/foss/designs/inductor_synth/synthesize_ihp_inductor_v3.py", line 1164, in <module>
    network = rf.Network(snp_file)
              ^^^^^^^^^^^^^^^^^^^^
  File "/usr/local/lib/python3.12/dist-packages/skrf/network.py", line 476, in __init__
    fid = get_fid(file, 'rb')
          ^^^^^^^^^^^^^^^^^^^
  File "/usr/local/lib/python3.12/dist-packages/skrf/util.py", line 227, in get_fid
    return open(file, *args, **kwargs)
           ^^^^^^^^^^^^^^^^^^^^^^^^^^^
FileNotFoundError: [Errno 2] No such file or directory: 'inductor3_N2_do60.62_w2.01_s2.01.s3p'
