Info    : Meshing 1D...
Info    : [  0%] Meshing curve 64 (Line)
Info    : [ 10%] Meshing curve 65 (Line)
Info    : [ 10%] Meshing curve 67 (Line)
Info    : [ 10%] Meshing curve 69 (Line)
Info    : [ 10%] Meshing curve 70 (Line)
Info    : [ 10%] Meshing curve 71 (Line)
Info    : [ 10%] Meshing curve 72 (Line)
Info    : [ 10%] Meshing curve 76 (Line)
Info    : [ 10%] Meshing curve 77 (Line)
Info    : [ 10%] Meshing curve 79 (Line)
Info    : [ 10%] Meshing curve 81 (Line)
Info    : [ 10%] Meshing curve 82 (Line)
Info    : [ 10%] Meshing curve 83 (Line)
Info    : [ 10%] Meshing curve 84 (Line)
Info    : [ 10%] Meshing curve 85 (Line)
Info    : [ 10%] Meshing curve 86 (Line)
Info    : [ 10%] Meshing curve 87 (Line)
Info    : [ 10%] Meshing curve 88 (Line)
Info    : [ 10%] Meshing curve 89 (Line)
Info    : [ 10%] Meshing curve 90 (Line)
Info    : [ 10%] Meshing curve 91 (Line)
Info    : [ 10%] Meshing curve 92 (Line)
Info    : [ 10%] Meshing curve 93 (Line)
Info    : [ 10%] Meshing curve 94 (Line)
Info    : [ 10%] Meshing curve 95 (Line)
Info    : [ 10%] Meshing curve 96 (Line)
Info    : [ 10%] Meshing curve 97 (Line)
Info    : [ 10%] Meshing curve 98 (Line)
Info    : [ 10%] Meshing curve 99 (Line)
Info    : [ 10%] Meshing curve 100 (Line)
Info    : [ 10%] Meshing curve 101 (Line)
Info    : [ 10%] Meshing curve 102 (Line)
Info    : [ 10%] Meshing curve 103 (Line)
Info    : [ 20%] Meshing curve 104 (Line)
Info    : [ 20%] Meshing curve 105 (Line)
Info    : [ 20%] Meshing curve 106 (Line)
Info    : [ 20%] Meshing curve 107 (Line)
Info    : [ 20%] Meshing curve 108 (Line)
Info    : [ 20%] Meshing curve 109 (Line)
Info    : [ 20%] Meshing curve 110 (Line)
Info    : [ 20%] Meshing curve 111 (Line)
Info    : [ 20%] Meshing curve 112 (Line)
Info    : [ 20%] Meshing curve 113 (Line)
Info    : [ 20%] Meshing curve 114 (Line)
Info    : [ 20%] Meshing curve 115 (Line)
Info    : [ 20%] Meshing curve 116 (Line)
Info    : [ 20%] Meshing curve 117 (Line)
Info    : [ 20%] Meshing curve 118 (Line)
Info    : [ 20%] Meshing curve 119 (Line)
Info    : [ 20%] Meshing curve 120 (Line)
Info    : [ 20%] Meshing curve 121 (Line)
Info    : [ 20%] Meshing curve 122 (Line)
Info    : [ 20%] Meshing curve 123 (Line)
Info    : [ 20%] Meshing curve 124 (Line)
Info    : [ 20%] Meshing curve 125 (Line)
Info    : [ 20%] Meshing curve 126 (Line)
Info    : [ 20%] Meshing curve 127 (Line)
Info    : [ 20%] Meshing curve 128 (Line)
Info    : [ 20%] Meshing curve 129 (Line)
Info    : [ 20%] Meshing curve 130 (Line)
Info    : [ 20%] Meshing curve 131 (Line)
Info    : [ 20%] Meshing curve 132 (Line)
Info    : [ 20%] Meshing curve 133 (Line)
Info    : [ 20%] Meshing curve 134 (Line)
Info    : [ 20%] Meshing curve 135 (Line)
Info    : [ 20%] Meshing curve 136 (Line)
Info    : [ 30%] Meshing curve 137 (Line)
Info    : [ 30%] Meshing curve 138 (Line)
Info    : [ 30%] Meshing curve 139 (Line)
Info    : [ 30%] Meshing curve 140 (Line)
Info    : [ 30%] Meshing curve 141 (Line)
Info    : [ 30%] Meshing curve 142 (Line)
Info    : [ 30%] Meshing curve 143 (Line)
Info    : [ 30%] Meshing curve 144 (Line)
Info    : [ 30%] Meshing curve 145 (Line)
Info    : [ 30%] Meshing curve 146 (Line)
Info    : [ 30%] Meshing curve 147 (Line)
Info    : [ 30%] Meshing curve 148 (Line)
Info    : [ 30%] Meshing curve 149 (Line)
Info    : [ 30%] Meshing curve 150 (Line)
Info    : [ 30%] Meshing curve 151 (Line)
Info    : [ 30%] Meshing curve 152 (Line)
Info    : [ 30%] Meshing curve 153 (Line)
Info    : [ 30%] Meshing curve 154 (Line)
Info    : [ 30%] Meshing curve 155 (Line)
Info    : [ 30%] Meshing curve 156 (Line)
Info    : [ 30%] Meshing curve 385 (Line)
Info    : [ 30%] Meshing curve 386 (Line)
Info    : [ 30%] Meshing curve 387 (Line)
Info    : [ 30%] Meshing curve 388 (Line)
Info    : [ 30%] Meshing curve 389 (Line)
Info    : [ 30%] Meshing curve 390 (Line)
Info    : [ 30%] Meshing curve 391 (Line)
Info    : [ 30%] Meshing curve 392 (Line)
Info    : [ 30%] Meshing curve 393 (Line)
Info    : [ 30%] Meshing curve 394 (Line)
Info    : [ 30%] Meshing curve 395 (Line)
Info    : [ 30%] Meshing curve 396 (Line)
Info    : [ 40%] Meshing curve 397 (TrimmedCurve)
Info    : [ 40%] Meshing curve 398 (Line)
Info    : [ 40%] Meshing curve 399 (TrimmedCurve)
Info    : [ 40%] Meshing curve 400 (Line)
Info    : [ 40%] Meshing curve 401 (Line)
Info    : [ 40%] Meshing curve 402 (Line)
Info    : [ 40%] Meshing curve 403 (Line)
Info    : [ 40%] Meshing curve 404 (Line)
Info    : [ 40%] Meshing curve 405 (Line)
Info    : [ 40%] Meshing curve 406 (Line)
Info    : [ 40%] Meshing curve 407 (Line)
Info    : [ 40%] Meshing curve 408 (TrimmedCurve)
Info    : [ 40%] Meshing curve 409 (Line)
Info    : [ 40%] Meshing curve 410 (TrimmedCurve)
Info    : [ 40%] Meshing curve 411 (Line)
Info    : [ 40%] Meshing curve 412 (Line)
Info    : [ 40%] Meshing curve 413 (Line)
Info    : [ 40%] Meshing curve 414 (Line)
Info    : [ 40%] Meshing curve 415 (Line)
Info    : [ 40%] Meshing curve 416 (Line)
Info    : [ 40%] Meshing curve 417 (Line)
Info    : [ 40%] Meshing curve 418 (Line)
Info    : [ 40%] Meshing curve 419 (Line)
Info    : [ 40%] Meshing curve 420 (Line)
Info    : [ 40%] Meshing curve 421 (Line)
Info    : [ 40%] Meshing curve 422 (Line)
Info    : [ 40%] Meshing curve 423 (Line)
Info    : [ 40%] Meshing curve 424 (Line)
Info    : [ 40%] Meshing curve 425 (Line)
Info    : [ 40%] Meshing curve 426 (Line)
Info    : [ 40%] Meshing curve 427 (Line)
Info    : [ 40%] Meshing curve 428 (Line)
Info    : [ 40%] Meshing curve 429 (Line)
Info    : [ 50%] Meshing curve 430 (Line)
Info    : [ 50%] Meshing curve 431 (Line)
Info    : [ 50%] Meshing curve 432 (TrimmedCurve)
Info    : [ 50%] Meshing curve 433 (Line)
Info    : [ 50%] Meshing curve 434 (TrimmedCurve)
Info    : [ 50%] Meshing curve 435 (Line)
Info    : [ 50%] Meshing curve 436 (TrimmedCurve)
Info    : [ 50%] Meshing curve 437 (Line)
Info    : [ 50%] Meshing curve 438 (TrimmedCurve)
Info    : [ 50%] Meshing curve 439 (Line)
Info    : [ 50%] Meshing curve 440 (TrimmedCurve)
Info    : [ 50%] Meshing curve 441 (Line)
Info    : [ 50%] Meshing curve 442 (TrimmedCurve)
Info    : [ 50%] Meshing curve 443 (Line)
Info    : [ 50%] Meshing curve 444 (Line)
Info    : [ 50%] Meshing curve 445 (Line)
Info    : [ 50%] Meshing curve 446 (Line)
Info    : [ 50%] Meshing curve 447 (Line)
Info    : [ 50%] Meshing curve 448 (TrimmedCurve)
Info    : [ 50%] Meshing curve 449 (Line)
Info    : [ 50%] Meshing curve 450 (TrimmedCurve)
Info    : [ 50%] Meshing curve 451 (Line)
Info    : [ 50%] Meshing curve 452 (TrimmedCurve)
Info    : [ 50%] Meshing curve 453 (Line)
Info    : [ 50%] Meshing curve 454 (TrimmedCurve)
Info    : [ 50%] Meshing curve 455 (Line)
Info    : [ 50%] Meshing curve 456 (TrimmedCurve)
Info    : [ 50%] Meshing curve 457 (Line)
Info    : [ 50%] Meshing curve 458 (TrimmedCurve)
Info    : [ 50%] Meshing curve 459 (Line)
Info    : [ 50%] Meshing curve 460 (Line)
Info    : [ 50%] Meshing curve 461 (TrimmedCurve)
Info    : [ 50%] Meshing curve 462 (Line)
Info    : [ 60%] Meshing curve 463 (TrimmedCurve)
Info    : [ 60%] Meshing curve 464 (Line)
Info    : [ 60%] Meshing curve 465 (TrimmedCurve)
Info    : [ 60%] Meshing curve 466 (Line)
Info    : [ 60%] Meshing curve 467 (TrimmedCurve)
Info    : [ 60%] Meshing curve 468 (Line)
Info    : [ 60%] Meshing curve 469 (TrimmedCurve)
Info    : [ 60%] Meshing curve 470 (Line)
Info    : [ 60%] Meshing curve 471 (TrimmedCurve)
Info    : [ 60%] Meshing curve 472 (Line)
Info    : [ 60%] Meshing curve 473 (Line)
Info    : [ 60%] Meshing curve 474 (Line)
Info    : [ 60%] Meshing curve 475 (Line)
Info    : [ 60%] Meshing curve 476 (Line)
Info    : [ 60%] Meshing curve 477 (TrimmedCurve)
Info    : [ 60%] Meshing curve 478 (Line)
Info    : [ 60%] Meshing curve 479 (TrimmedCurve)
Info    : [ 60%] Meshing curve 480 (Line)
Info    : [ 60%] Meshing curve 481 (TrimmedCurve)
Info    : [ 60%] Meshing curve 482 (Line)
Info    : [ 60%] Meshing curve 483 (TrimmedCurve)
Info    : [ 60%] Meshing curve 484 (Line)
Info    : [ 60%] Meshing curve 485 (TrimmedCurve)
Info    : [ 60%] Meshing curve 486 (Line)
Info    : [ 60%] Meshing curve 487 (TrimmedCurve)
Info    : [ 60%] Meshing curve 488 (Line)
Info    : [ 60%] Meshing curve 489 (Line)
Info    : [ 60%] Meshing curve 490 (Line)
Info    : [ 60%] Meshing curve 491 (Line)
Info    : [ 60%] Meshing curve 492 (Line)
Info    : [ 60%] Meshing curve 493 (Line)
Info    : [ 60%] Meshing curve 494 (Line)
Info    : [ 70%] Meshing curve 495 (Line)
Info    : [ 70%] Meshing curve 496 (Line)
Info    : [ 70%] Meshing curve 497 (Line)
Info    : [ 70%] Meshing curve 498 (Line)
Info    : [ 70%] Meshing curve 499 (Line)
Info    : [ 70%] Meshing curve 500 (Line)
Info    : [ 70%] Meshing curve 501 (Line)
Info    : [ 70%] Meshing curve 502 (Line)
Info    : [ 70%] Meshing curve 503 (Line)
Info    : [ 70%] Meshing curve 504 (Line)
Info    : [ 70%] Meshing curve 505 (Line)
Info    : [ 70%] Meshing curve 506 (Line)
Info    : [ 70%] Meshing curve 507 (Line)
Info    : [ 70%] Meshing curve 508 (Line)
Info    : [ 70%] Meshing curve 509 (Line)
Info    : [ 70%] Meshing curve 510 (Line)
Info    : [ 70%] Meshing curve 511 (Line)
Info    : [ 70%] Meshing curve 512 (Line)
Info    : [ 70%] Meshing curve 513 (Line)
Info    : [ 70%] Meshing curve 514 (Line)
Info    : [ 70%] Meshing curve 515 (Line)
Info    : [ 70%] Meshing curve 516 (Line)
Info    : [ 70%] Meshing curve 517 (Line)
Info    : [ 70%] Meshing curve 518 (Line)
Info    : [ 70%] Meshing curve 519 (Line)
Info    : [ 70%] Meshing curve 520 (Line)
Info    : [ 70%] Meshing curve 521 (Line)
Info    : [ 70%] Meshing curve 522 (Line)
Info    : [ 70%] Meshing curve 523 (Line)
Info    : [ 70%] Meshing curve 524 (Line)
Info    : [ 70%] Meshing curve 525 (Line)
Info    : [ 70%] Meshing curve 526 (Line)
Info    : [ 70%] Meshing curve 527 (Line)
Info    : [ 80%] Meshing curve 528 (TrimmedCurve)
Info    : [ 80%] Meshing curve 529 (Line)
Info    : [ 80%] Meshing curve 530 (Line)
Info    : [ 80%] Meshing curve 531 (Line)
Info    : [ 80%] Meshing curve 532 (Line)
Info    : [ 80%] Meshing curve 533 (Line)
Info    : [ 80%] Meshing curve 534 (TrimmedCurve)
Info    : [ 80%] Meshing curve 535 (Line)
Info    : [ 80%] Meshing curve 536 (Line)
Info    : [ 80%] Meshing curve 537 (TrimmedCurve)
Info    : [ 80%] Meshing curve 538 (Line)
Info    : [ 80%] Meshing curve 539 (Line)
Info    : [ 80%] Meshing curve 540 (Line)
Info    : [ 80%] Meshing curve 541 (Line)
Info    : [ 80%] Meshing curve 542 (Line)
Info    : [ 80%] Meshing curve 543 (TrimmedCurve)
Info    : [ 80%] Meshing curve 544 (Line)
Info    : [ 80%] Meshing curve 545 (Line)
Info    : [ 80%] Meshing curve 546 (Line)
Info    : [ 80%] Meshing curve 547 (Line)
Info    : [ 80%] Meshing curve 548 (Line)
Info    : [ 80%] Meshing curve 549 (Line)
Info    : [ 80%] Meshing curve 550 (Line)
Info    : [ 80%] Meshing curve 551 (Line)
Info    : [ 80%] Meshing curve 552 (Line)
Info    : [ 80%] Meshing curve 553 (Line)
Info    : [ 80%] Meshing curve 554 (Line)
Info    : [ 80%] Meshing curve 555 (Line)
Info    : [ 80%] Meshing curve 556 (Line)
Info    : [ 80%] Meshing curve 557 (Line)
Info    : [ 80%] Meshing curve 558 (Line)
Info    : [ 80%] Meshing curve 559 (Line)
Info    : [ 90%] Meshing curve 560 (Line)
Info    : [ 90%] Meshing curve 561 (Line)
Info    : [ 90%] Meshing curve 562 (Line)
Info    : [ 90%] Meshing curve 563 (Line)
Info    : [ 90%] Meshing curve 564 (Line)
Info    : [ 90%] Meshing curve 565 (Line)
Info    : [ 90%] Meshing curve 566 (Line)
Info    : [ 90%] Meshing curve 567 (Line)
Info    : [ 90%] Meshing curve 568 (Line)
Info    : [ 90%] Meshing curve 569 (Line)
Info    : [ 90%] Meshing curve 570 (Line)
Info    : [ 90%] Meshing curve 571 (Line)
Info    : [ 90%] Meshing curve 572 (Line)
Info    : [ 90%] Meshing curve 573 (Line)
Info    : [ 90%] Meshing curve 574 (Line)
Info    : [ 90%] Meshing curve 575 (Line)
Info    : [ 90%] Meshing curve 576 (Line)
Info    : [ 90%] Meshing curve 577 (Line)
Info    : [ 90%] Meshing curve 578 (Line)
Info    : [ 90%] Meshing curve 579 (Line)
Info    : [ 90%] Meshing curve 580 (Line)
Info    : [ 90%] Meshing curve 581 (Line)
Info    : [ 90%] Meshing curve 582 (Line)
Info    : [ 90%] Meshing curve 583 (Line)
Info    : [ 90%] Meshing curve 584 (Line)
Info    : [ 90%] Meshing curve 585 (Line)
Info    : [ 90%] Meshing curve 586 (Line)
Info    : [ 90%] Meshing curve 587 (Line)
Info    : [ 90%] Meshing curve 588 (Line)
Info    : [ 90%] Meshing curve 589 (Line)
Info    : [ 90%] Meshing curve 590 (Line)
Info    : [ 90%] Meshing curve 591 (Line)
Info    : [ 90%] Meshing curve 592 (Line)
Info    : [100%] Meshing curve 593 (Line)
Info    : [100%] Meshing curve 594 (Line)
Info    : [100%] Meshing curve 595 (Line)
Info    : [100%] Meshing curve 596 (Line)
Info    : [100%] Meshing curve 597 (Line)
Info    : [100%] Meshing curve 598 (Line)
Info    : [100%] Meshing curve 599 (Line)
Info    : [100%] Meshing curve 600 (Line)
Info    : [100%] Meshing curve 601 (Line)
Info    : [100%] Meshing curve 602 (Line)
Info    : [100%] Meshing curve 603 (Line)
Info    : [100%] Meshing curve 604 (Line)
Info    : [100%] Meshing curve 605 (Line)
Info    : [100%] Meshing curve 606 (Line)
Info    : [100%] Meshing curve 607 (Line)
Info    : [100%] Meshing curve 608 (Line)
Info    : [100%] Meshing curve 609 (Line)
Info    : [100%] Meshing curve 610 (Line)
Info    : [100%] Meshing curve 611 (Line)
Info    : [100%] Meshing curve 612 (Line)
Info    : [100%] Meshing curve 613 (Line)
Info    : [100%] Meshing curve 614 (Line)
Info    : [100%] Meshing curve 615 (Line)
Info    : [100%] Meshing curve 616 (Line)
Info    : [100%] Meshing curve 617 (Line)
Info    : [100%] Meshing curve 618 (Line)
Info    : [100%] Meshing curve 619 (Line)
Info    : [100%] Meshing curve 620 (Line)
Info    : [100%] Meshing curve 621 (Line)
Info    : [100%] Meshing curve 622 (Line)
Info    : [100%] Meshing curve 623 (Line)
Info    : [100%] Meshing curve 624 (Line)
Info    : Done meshing 1D (Wall 1.34505s, CPU 1.3413s)
Info    : Meshing 2D...
Info    : [  0%] Meshing surface 35 (Plane, Delaunay)
Info    : [ 10%] Meshing surface 41 (Plane, Delaunay)
Info    : [ 10%] Meshing surface 43 (Plane, Delaunay)
Info    : [ 10%] Meshing surface 44 (Plane, Delaunay)
Info    : [ 10%] Meshing surface 45 (Plane, Delaunay)
Info    : [ 10%] Meshing surface 46 (Plane, Delaunay)
Info    : [ 10%] Meshing surface 47 (Plane, Delaunay)
Info    : [ 10%] Meshing surface 48 (Plane, Delaunay)
Info    : [ 10%] Meshing surface 49 (Plane, Delaunay)
Info    : [ 10%] Meshing surface 50 (Plane, Delaunay)
Info    : [ 10%] Meshing surface 51 (Plane, Delaunay)
Info    : [ 10%] Meshing surface 53 (Plane, Delaunay)
Info    : [ 10%] Meshing surface 54 (Plane, Delaunay)
Info    : [ 10%] Meshing surface 55 (Plane, Delaunay)
Info    : [ 10%] Meshing surface 56 (Plane, Delaunay)
Info    : [ 20%] Meshing surface 57 (Plane, Delaunay)
Info    : [ 20%] Meshing surface 58 (Plane, Delaunay)
Info    : [ 20%] Meshing surface 59 (Plane, Delaunay)
Info    : [ 20%] Meshing surface 60 (Plane, Delaunay)
Info    : [ 20%] Meshing surface 61 (Plane, Delaunay)
Info    : [ 20%] Meshing surface 62 (Plane, Delaunay)
Info    : [ 20%] Meshing surface 63 (Plane, Delaunay)
Info    : [ 20%] Meshing surface 64 (Plane, Delaunay)
Info    : [ 20%] Meshing surface 65 (Plane, Delaunay)
Info    : [ 20%] Meshing surface 66 (Plane, Delaunay)
Info    : [ 20%] Meshing surface 67 (Plane, Delaunay)
Info    : [ 20%] Meshing surface 68 (Plane, Delaunay)
Info    : [ 20%] Meshing surface 69 (Plane, Delaunay)
Info    : [ 20%] Meshing surface 70 (Plane, Delaunay)
Info    : [ 30%] Meshing surface 71 (Plane, Delaunay)
Info    : [ 30%] Meshing surface 72 (Plane, Delaunay)
Info    : [ 30%] Meshing surface 73 (Plane, Delaunay)
Info    : [ 30%] Meshing surface 74 (Plane, Delaunay)
Info    : [ 30%] Meshing surface 75 (Plane, Delaunay)
Info    : [ 30%] Meshing surface 76 (Plane, Delaunay)
Info    : [ 30%] Meshing surface 173 (Plane, Delaunay)
Info    : [ 30%] Meshing surface 174 (Plane, Delaunay)
Info    : [ 30%] Meshing surface 175 (Plane, Delaunay)
Info    : [ 30%] Meshing surface 177 (Plane, Delaunay)
Info    : [ 30%] Meshing surface 178 (Plane, Delaunay)
Info    : [ 30%] Meshing surface 179 (Plane, Delaunay)
Info    : [ 30%] Meshing surface 180 (Plane, Delaunay)
Info    : [ 30%] Meshing surface 181 (Plane, Delaunay)
Info    : [ 40%] Meshing surface 182 (Plane, Delaunay)
Info    : [ 40%] Meshing surface 183 (Plane, Delaunay)
Info    : [ 40%] Meshing surface 184 (Plane, Delaunay)
Info    : [ 40%] Meshing surface 185 (Plane, Delaunay)
Info    : [ 40%] Meshing surface 186 (Plane, Delaunay)
Info    : [ 40%] Meshing surface 187 (Plane, Delaunay)
Info    : [ 40%] Meshing surface 188 (Plane, Delaunay)
Info    : [ 40%] Meshing surface 189 (Plane, Delaunay)
Info    : [ 40%] Meshing surface 191 (Plane, Delaunay)
Info    : [ 40%] Meshing surface 192 (Plane, Delaunay)
Info    : [ 40%] Meshing surface 193 (Plane, Delaunay)
Info    : [ 40%] Meshing surface 194 (Plane, Delaunay)
Info    : [ 40%] Meshing surface 195 (Plane, Delaunay)
Info    : [ 40%] Meshing surface 196 (Plane, Delaunay)
Info    : [ 50%] Meshing surface 197 (Plane, Delaunay)
Info    : [ 50%] Meshing surface 198 (Plane, Delaunay)
Info    : [ 50%] Meshing surface 199 (Plane, Delaunay)
Info    : [ 50%] Meshing surface 200 (Plane, Delaunay)
Info    : [ 50%] Meshing surface 201 (Plane, Delaunay)
Info    : [ 50%] Meshing surface 202 (Plane, Delaunay)
Info    : [ 50%] Meshing surface 203 (Plane, Delaunay)
Info    : [ 50%] Meshing surface 204 (Plane, Delaunay)
Info    : [ 50%] Meshing surface 205 (Plane, Delaunay)
Info    : [ 50%] Meshing surface 206 (Plane, Delaunay)
Info    : [ 50%] Meshing surface 207 (Plane, Delaunay)
Info    : [ 50%] Meshing surface 208 (Plane, Delaunay)
Info    : [ 50%] Meshing surface 209 (Plane, Delaunay)
Info    : [ 50%] Meshing surface 210 (Plane, Delaunay)
Info    : [ 50%] Meshing surface 211 (Plane, Delaunay)
Info    : [ 60%] Meshing surface 212 (Plane, Delaunay)
Info    : [ 60%] Meshing surface 213 (Plane, Delaunay)
Info    : [ 60%] Meshing surface 214 (Plane, Delaunay)
Info    : [ 60%] Meshing surface 215 (Plane, Delaunay)
Info    : [ 60%] Meshing surface 216 (Plane, Delaunay)
Info    : [ 60%] Meshing surface 217 (Plane, Delaunay)
Info    : [ 60%] Meshing surface 218 (Plane, Delaunay)
Info    : [ 60%] Meshing surface 219 (Plane, Delaunay)
Info    : [ 60%] Meshing surface 220 (Plane, Delaunay)
Info    : [ 60%] Meshing surface 221 (Plane, Delaunay)
Info    : [ 60%] Meshing surface 222 (Plane, Delaunay)
Info    : [ 60%] Meshing surface 223 (Plane, Delaunay)
Info    : [ 60%] Meshing surface 225 (Plane, Delaunay)
Info    : [ 60%] Meshing surface 226 (Plane, Delaunay)
Info    : [ 70%] Meshing surface 227 (Plane, Delaunay)
Info    : [ 70%] Meshing surface 228 (Plane, Delaunay)
Info    : [ 70%] Meshing surface 229 (Plane, Delaunay)
Info    : [ 70%] Meshing surface 230 (Plane, Delaunay)
Info    : [ 70%] Meshing surface 231 (Plane, Delaunay)
Info    : [ 70%] Meshing surface 232 (Plane, Delaunay)
Info    : [ 70%] Meshing surface 233 (Plane, Delaunay)
Info    : [ 70%] Meshing surface 234 (Plane, Delaunay)
Info    : [ 70%] Meshing surface 235 (Plane, Delaunay)
Info    : [ 70%] Meshing surface 236 (Plane, Delaunay)
Info    : [ 70%] Meshing surface 237 (Plane, Delaunay)
Info    : [ 70%] Meshing surface 238 (Plane, Delaunay)
Info    : [ 70%] Meshing surface 239 (Plane, Delaunay)
Info    : [ 70%] Meshing surface 240 (Plane, Delaunay)
Info    : [ 80%] Meshing surface 241 (Plane, Delaunay)
Info    : [ 80%] Meshing surface 242 (Plane, Delaunay)
Info    : [ 80%] Meshing surface 243 (Plane, Delaunay)
Info    : [ 80%] Meshing surface 244 (Plane, Delaunay)
Info    : [ 80%] Meshing surface 245 (Plane, Delaunay)
Info    : [ 80%] Meshing surface 246 (Plane, Delaunay)
Info    : [ 80%] Meshing surface 247 (Plane, Delaunay)
Info    : [ 80%] Meshing surface 248 (Plane, Delaunay)
Info    : [ 80%] Meshing surface 249 (Plane, Delaunay)
Info    : [ 80%] Meshing surface 250 (Plane, Delaunay)
Info    : [ 80%] Meshing surface 251 (Plane, Delaunay)
Info    : [ 80%] Meshing surface 252 (Plane, Delaunay)
Info    : [ 80%] Meshing surface 253 (Plane, Delaunay)
Info    : [ 80%] Meshing surface 254 (Plane, Delaunay)
Info    : [ 90%] Meshing surface 255 (Plane, Delaunay)
Info    : [ 90%] Meshing surface 256 (Plane, Delaunay)
Info    : [ 90%] Meshing surface 257 (Plane, Delaunay)
Info    : [ 90%] Meshing surface 258 (Plane, Delaunay)
Info    : [ 90%] Meshing surface 259 (Plane, Delaunay)
Info    : [ 90%] Meshing surface 260 (Plane, Delaunay)
Info    : [ 90%] Meshing surface 261 (Plane, Delaunay)
Info    : [ 90%] Meshing surface 262 (Plane, Delaunay)
Info    : [ 90%] Meshing surface 263 (Plane, Delaunay)
Info    : [ 90%] Meshing surface 264 (Plane, Delaunay)
Info    : [ 90%] Meshing surface 265 (Plane, Delaunay)
Info    : [ 90%] Meshing surface 266 (Plane, Delaunay)
Info    : [ 90%] Meshing surface 267 (Plane, Delaunay)
Info    : [ 90%] Meshing surface 268 (Plane, Delaunay)
Info    : [100%] Meshing surface 269 (Plane, Delaunay)
Info    : [100%] Meshing surface 270 (Plane, Delaunay)
Info    : [100%] Meshing surface 271 (Plane, Delaunay)
Info    : [100%] Meshing surface 272 (Plane, Delaunay)
Info    : [100%] Meshing surface 273 (Plane, Delaunay)
Info    : [100%] Meshing surface 274 (Plane, Delaunay)
Info    : [100%] Meshing surface 275 (Plane, Delaunay)
Info    : [100%] Meshing surface 276 (Plane, Delaunay)
Info    : [100%] Meshing surface 277 (Plane, Delaunay)
Info    : [100%] Meshing surface 278 (Plane, Delaunay)
Info    : [100%] Meshing surface 279 (Plane, Delaunay)
Info    : [100%] Meshing surface 280 (Plane, Delaunay)
Info    : [100%] Meshing surface 281 (Plane, Delaunay)
Info    : [100%] Meshing surface 282 (Plane, Delaunay)
Info    : Done meshing 2D (Wall 0.403113s, CPU 0.403058s)
Info    : Meshing 3D...
Info    : 3D Meshing 16 volumes with 1 connected component
Info    : Tetrahedrizing 3140 nodes...
Info    : Done tetrahedrizing 3148 nodes (Wall 0.0441029s, CPU 0.044095s)
Info    : Reconstructing mesh...
Info    :  - Creating surface mesh
Info    :  - Identifying boundary edges
Info    :  - Recovering boundary
Info    :  - Added 22 Steiner points
Info    : Done reconstructing mesh (Wall 0.111234s, CPU 0.104571s)
Info    : Found volume 27
Info    : Found volume 28
Info    : Found volume 23
Info    : Found volume 26
Info    : Found volume 12
Info    : Found volume 30
Info    : Found volume 6
Info    : Found volume 7
Info    : Found volume 25
Info    : Found volume 29
Info    : Found volume 24
Info    : Found volume 8
Info    : Found volume 31
Info    : Found volume 11
Info    : Found volume 10
Info    : Found volume 9
Info    : It. 0 - 0 nodes created - worst tet radius 8.87122 (nodes removed 0 0)
Info    : It. 500 - 23 nodes created - worst tet radius 1.82386 (nodes removed 0 477)
Info    : It. 1000 - 132 nodes created - worst tet radius 1.4395 (nodes removed 0 868)
Info    : It. 1500 - 256 nodes created - worst tet radius 1.03186 (nodes removed 4 1240)
Info    : 3D refinement terminated (3462 nodes total):
Info    :  - 3 Delaunay cavities modified for star shapeness
Info    :  - 1312 nodes could not be inserted
Info    :  - 20374 tetrahedra created in 0.0796009 sec. (255951 tets/s)
Info    : 351 node relocations
Info    : Done meshing 3D (Wall 0.382561s, CPU 0.375742s)
Info    : Optimizing mesh...
Info    : Optimizing volume 6
Info    : Optimization starts (volume = 144) with worst = 0.125314 / average = 0.530903:
Info    : 0.00 < quality < 0.10 :         0 elements
Info    : 0.10 < quality < 0.20 :         2 elements
Info    : 0.20 < quality < 0.30 :        35 elements
Info    : 0.30 < quality < 0.40 :         8 elements
Info    : 0.40 < quality < 0.50 :        43 elements
Info    : 0.50 < quality < 0.60 :        34 elements
Info    : 0.60 < quality < 0.70 :         5 elements
Info    : 0.70 < quality < 0.80 :        30 elements
Info    : 0.80 < quality < 0.90 :        17 elements
Info    : 0.90 < quality < 1.00 :         2 elements
Info    : 3 edge swaps, 0 node relocations (volume = 144): worst = 0.125314 / average = 0.530601 (Wall 0.000302556s, CPU 0.000305s)
Info    : No ill-shaped tets in the mesh :-)
Info    : 0.00 < quality < 0.10 :         0 elements
Info    : 0.10 < quality < 0.20 :         2 elements
Info    : 0.20 < quality < 0.30 :        35 elements
Info    : 0.30 < quality < 0.40 :         8 elements
Info    : 0.40 < quality < 0.50 :        45 elements
Info    : 0.50 < quality < 0.60 :        32 elements
Info    : 0.60 < quality < 0.70 :         5 elements
Info    : 0.70 < quality < 0.80 :        30 elements
Info    : 0.80 < quality < 0.90 :        17 elements
Info    : 0.90 < quality < 1.00 :         2 elements
Info    : Optimizing volume 7
Info    : Optimization starts (volume = 144) with worst = 0.125314 / average = 0.531291:
Info    : 0.00 < quality < 0.10 :         0 elements
Info    : 0.10 < quality < 0.20 :         2 elements
Info    : 0.20 < quality < 0.30 :        35 elements
Info    : 0.30 < quality < 0.40 :         8 elements
Info    : 0.40 < quality < 0.50 :        43 elements
Info    : 0.50 < quality < 0.60 :        34 elements
Info    : 0.60 < quality < 0.70 :         3 elements
Info    : 0.70 < quality < 0.80 :        33 elements
Info    : 0.80 < quality < 0.90 :        16 elements
Info    : 0.90 < quality < 1.00 :         2 elements
Info    : 3 edge swaps, 0 node relocations (volume = 144): worst = 0.125314 / average = 0.53099 (Wall 0.000250569s, CPU 0.000255s)
Info    : No ill-shaped tets in the mesh :-)
Info    : 0.00 < quality < 0.10 :         0 elements
Info    : 0.10 < quality < 0.20 :         2 elements
Info    : 0.20 < quality < 0.30 :        35 elements
Info    : 0.30 < quality < 0.40 :         8 elements
Info    : 0.40 < quality < 0.50 :        45 elements
Info    : 0.50 < quality < 0.60 :        32 elements
Info    : 0.60 < quality < 0.70 :         3 elements
Info    : 0.70 < quality < 0.80 :        33 elements
Info    : 0.80 < quality < 0.90 :        16 elements
Info    : 0.90 < quality < 1.00 :         2 elements
Info    : Optimizing volume 8
Info    : Optimization starts (volume = 48.544) with worst = 0.177187 / average = 0.605117:
Info    : 0.00 < quality < 0.10 :         0 elements
Info    : 0.10 < quality < 0.20 :         4 elements
Info    : 0.20 < quality < 0.30 :         4 elements
Info    : 0.30 < quality < 0.40 :        12 elements
Info    : 0.40 < quality < 0.50 :        12 elements
Info    : 0.50 < quality < 0.60 :        18 elements
Info    : 0.60 < quality < 0.70 :        18 elements
Info    : 0.70 < quality < 0.80 :        16 elements
Info    : 0.80 < quality < 0.90 :        12 elements
Info    : 0.90 < quality < 1.00 :         8 elements
Info    : 2 edge swaps, 0 node relocations (volume = 48.544): worst = 0.177187 / average = 0.614985 (Wall 0.00011151s, CPU 0.000112s)
Info    : No ill-shaped tets in the mesh :-)
Info    : 0.00 < quality < 0.10 :         0 elements
Info    : 0.10 < quality < 0.20 :         2 elements
Info    : 0.20 < quality < 0.30 :         4 elements
Info    : 0.30 < quality < 0.40 :        12 elements
Info    : 0.40 < quality < 0.50 :        12 elements
Info    : 0.50 < quality < 0.60 :        18 elements
Info    : 0.60 < quality < 0.70 :        16 elements
Info    : 0.70 < quality < 0.80 :        18 elements
Info    : 0.80 < quality < 0.90 :        12 elements
Info    : 0.90 < quality < 1.00 :         8 elements
Info    : Optimizing volume 9
Info    : Optimization starts (volume = 2.268) with worst = 0.266475 / average = 0.325093:
Info    : 0.00 < quality < 0.10 :         0 elements
Info    : 0.10 < quality < 0.20 :         0 elements
Info    : 0.20 < quality < 0.30 :         4 elements
Info    : 0.30 < quality < 0.40 :         8 elements
Info    : 0.40 < quality < 0.50 :         0 elements
Info    : 0.50 < quality < 0.60 :         0 elements
Info    : 0.60 < quality < 0.70 :         0 elements
Info    : 0.70 < quality < 0.80 :         0 elements
Info    : 0.80 < quality < 0.90 :         0 elements
Info    : 0.90 < quality < 1.00 :         0 elements
Info    : No ill-shaped tets in the mesh :-)
Info    : 0.00 < quality < 0.10 :         0 elements
Info    : 0.10 < quality < 0.20 :         0 elements
Info    : 0.20 < quality < 0.30 :         4 elements
Info    : 0.30 < quality < 0.40 :         8 elements
Info    : 0.40 < quality < 0.50 :         0 elements
Info    : 0.50 < quality < 0.60 :         0 elements
Info    : 0.60 < quality < 0.70 :         0 elements
Info    : 0.70 < quality < 0.80 :         0 elements
Info    : 0.80 < quality < 0.90 :         0 elements
Info    : 0.90 < quality < 1.00 :         0 elements
Info    : Optimizing volume 10
Info    : Optimization starts (volume = 2.268) with worst = 0.266475 / average = 0.325093:
Info    : 0.00 < quality < 0.10 :         0 elements
Info    : 0.10 < quality < 0.20 :         0 elements
Info    : 0.20 < quality < 0.30 :         4 elements
Info    : 0.30 < quality < 0.40 :         8 elements
Info    : 0.40 < quality < 0.50 :         0 elements
Info    : 0.50 < quality < 0.60 :         0 elements
Info    : 0.60 < quality < 0.70 :         0 elements
Info    : 0.70 < quality < 0.80 :         0 elements
Info    : 0.80 < quality < 0.90 :         0 elements
Info    : 0.90 < quality < 1.00 :         0 elements
Info    : No ill-shaped tets in the mesh :-)
Info    : 0.00 < quality < 0.10 :         0 elements
Info    : 0.10 < quality < 0.20 :         0 elements
Info    : 0.20 < quality < 0.30 :         4 elements
Info    : 0.30 < quality < 0.40 :         8 elements
Info    : 0.40 < quality < 0.50 :         0 elements
Info    : 0.50 < quality < 0.60 :         0 elements
Info    : 0.60 < quality < 0.70 :         0 elements
Info    : 0.70 < quality < 0.80 :         0 elements
Info    : 0.80 < quality < 0.90 :         0 elements
Info    : 0.90 < quality < 1.00 :         0 elements
Info    : Optimizing volume 11
Info    : Optimization starts (volume = 2.268) with worst = 0.266475 / average = 0.325093:
Info    : 0.00 < quality < 0.10 :         0 elements
Info    : 0.10 < quality < 0.20 :         0 elements
Info    : 0.20 < quality < 0.30 :         4 elements
Info    : 0.30 < quality < 0.40 :         8 elements
Info    : 0.40 < quality < 0.50 :         0 elements
Info    : 0.50 < quality < 0.60 :         0 elements
Info    : 0.60 < quality < 0.70 :         0 elements
Info    : 0.70 < quality < 0.80 :         0 elements
Info    : 0.80 < quality < 0.90 :         0 elements
Info    : 0.90 < quality < 1.00 :         0 elements
Info    : No ill-shaped tets in the mesh :-)
Info    : 0.00 < quality < 0.10 :         0 elements
Info    : 0.10 < quality < 0.20 :         0 elements
Info    : 0.20 < quality < 0.30 :         4 elements
Info    : 0.30 < quality < 0.40 :         8 elements
Info    : 0.40 < quality < 0.50 :         0 elements
Info    : 0.50 < quality < 0.60 :         0 elements
Info    : 0.60 < quality < 0.70 :         0 elements
Info    : 0.70 < quality < 0.80 :         0 elements
Info    : 0.80 < quality < 0.90 :         0 elements
Info    : 0.90 < quality < 1.00 :         0 elements
Info    : Optimizing volume 12
Info    : Optimization starts (volume = 2.268) with worst = 0.0280207 / average = 0.26468:
Info    : 0.00 < quality < 0.10 :         6 elements
Info    : 0.10 < quality < 0.20 :         0 elements
Info    : 0.20 < quality < 0.30 :         2 elements
Info    : 0.30 < quality < 0.40 :         7 elements
Info    : 0.40 < quality < 0.50 :         0 elements
Info    : 0.50 < quality < 0.60 :         0 elements
Info    : 0.60 < quality < 0.70 :         2 elements
Info    : 0.70 < quality < 0.80 :         0 elements
Info    : 0.80 < quality < 0.90 :         0 elements
Info    : 0.90 < quality < 1.00 :         0 elements
Info    : 3 edge swaps, 0 node relocations (volume = 2.268): worst = 0.0280207 / average = 0.310559 (Wall 9.9801e-05s, CPU 0.0001s)
Info    : No ill-shaped tets in the mesh :-)
Info    : 0.00 < quality < 0.10 :         4 elements
Info    : 0.10 < quality < 0.20 :         1 elements
Info    : 0.20 < quality < 0.30 :         4 elements
Info    : 0.30 < quality < 0.40 :         3 elements
Info    : 0.40 < quality < 0.50 :         1 elements
Info    : 0.50 < quality < 0.60 :         2 elements
Info    : 0.60 < quality < 0.70 :         2 elements
Info    : 0.70 < quality < 0.80 :         0 elements
Info    : 0.80 < quality < 0.90 :         0 elements
Info    : 0.90 < quality < 1.00 :         0 elements
Info    : Optimizing volume 23
Info    : Optimization starts (volume = 2712.16) with worst = 0.00266917 / average = 0.176972:
Info    : 0.00 < quality < 0.10 :        40 elements
Info    : 0.10 < quality < 0.20 :      1508 elements
Info    : 0.20 < quality < 0.30 :       101 elements
Info    : 0.30 < quality < 0.40 :         7 elements
Info    : 0.40 < quality < 0.50 :         0 elements
Info    : 0.50 < quality < 0.60 :         0 elements
Info    : 0.60 < quality < 0.70 :         0 elements
Info    : 0.70 < quality < 0.80 :         0 elements
Info    : 0.80 < quality < 0.90 :         0 elements
Info    : 0.90 < quality < 1.00 :         0 elements
Info    : 129 edge swaps, 21 node relocations (volume = 2712.16): worst = 0.00947591 / average = 0.177217 (Wall 0.00737832s, CPU 0.007376s)
Info    : 137 edge swaps, 32 node relocations (volume = 2712.16): worst = 0.00947591 / average = 0.177217 (Wall 0.0166282s, CPU 0.016573s)
Info    : No ill-shaped tets in the mesh :-)
Info    : 0.00 < quality < 0.10 :        38 elements
Info    : 0.10 < quality < 0.20 :      1475 elements
Info    : 0.20 < quality < 0.30 :       100 elements
Info    : 0.30 < quality < 0.40 :         7 elements
Info    : 0.40 < quality < 0.50 :         0 elements
Info    : 0.50 < quality < 0.60 :         0 elements
Info    : 0.60 < quality < 0.70 :         0 elements
Info    : 0.70 < quality < 0.80 :         0 elements
Info    : 0.80 < quality < 0.90 :         0 elements
Info    : 0.90 < quality < 1.00 :         0 elements
Info    : Optimizing volume 24
Info    : Optimization starts (volume = 2075.33) with worst = 0.0504923 / average = 0.729279:
Info    : 0.00 < quality < 0.10 :         2 elements
Info    : 0.10 < quality < 0.20 :         6 elements
Info    : 0.20 < quality < 0.30 :         5 elements
Info    : 0.30 < quality < 0.40 :        40 elements
Info    : 0.40 < quality < 0.50 :         6 elements
Info    : 0.50 < quality < 0.60 :       258 elements
Info    : 0.60 < quality < 0.70 :        96 elements
Info    : 0.70 < quality < 0.80 :       164 elements
Info    : 0.80 < quality < 0.90 :       235 elements
Info    : 0.90 < quality < 1.00 :       207 elements
Info    : 5 edge swaps, 0 node relocations (volume = 2075.33): worst = 0.161497 / average = 0.732744 (Wall 0.000212147s, CPU 0.000217s)
Info    : No ill-shaped tets in the mesh :-)
Info    : 0.00 < quality < 0.10 :         0 elements
Info    : 0.10 < quality < 0.20 :         4 elements
Info    : 0.20 < quality < 0.30 :         4 elements
Info    : 0.30 < quality < 0.40 :        36 elements
Info    : 0.40 < quality < 0.50 :         7 elements
Info    : 0.50 < quality < 0.60 :       261 elements
Info    : 0.60 < quality < 0.70 :        96 elements
Info    : 0.70 < quality < 0.80 :       164 elements
Info    : 0.80 < quality < 0.90 :       235 elements
Info    : 0.90 < quality < 1.00 :       207 elements
Info    : Optimizing volume 25
Info    : Optimization starts (volume = 618.523) with worst = 0.0504922 / average = 0.663965:
Info    : 0.00 < quality < 0.10 :         1 elements
Info    : 0.10 < quality < 0.20 :         4 elements
Info    : 0.20 < quality < 0.30 :         9 elements
Info    : 0.30 < quality < 0.40 :        35 elements
Info    : 0.40 < quality < 0.50 :         8 elements
Info    : 0.50 < quality < 0.60 :        63 elements
Info    : 0.60 < quality < 0.70 :        65 elements
Info    : 0.70 < quality < 0.80 :        79 elements
Info    : 0.80 < quality < 0.90 :        78 elements
Info    : 0.90 < quality < 1.00 :        24 elements
Info    : 4 edge swaps, 0 node relocations (volume = 618.523): worst = 0.131838 / average = 0.670591 (Wall 0.000287242s, CPU 0.000288s)
Info    : No ill-shaped tets in the mesh :-)
Info    : 0.00 < quality < 0.10 :         0 elements
Info    : 0.10 < quality < 0.20 :         3 elements
Info    : 0.20 < quality < 0.30 :         7 elements
Info    : 0.30 < quality < 0.40 :        33 elements
Info    : 0.40 < quality < 0.50 :         8 elements
Info    : 0.50 < quality < 0.60 :        65 elements
Info    : 0.60 < quality < 0.70 :        65 elements
Info    : 0.70 < quality < 0.80 :        79 elements
Info    : 0.80 < quality < 0.90 :        76 elements
Info    : 0.90 < quality < 1.00 :        26 elements
Info    : Optimizing volume 26
Info    : Optimization starts (volume = 1.45325e+07) with worst = 0.0374156 / average = 0.6213:
Info    : 0.00 < quality < 0.10 :         4 elements
Info    : 0.10 < quality < 0.20 :         7 elements
Info    : 0.20 < quality < 0.30 :        19 elements
Info    : 0.30 < quality < 0.40 :        46 elements
Info    : 0.40 < quality < 0.50 :       186 elements
Info    : 0.50 < quality < 0.60 :       298 elements
Info    : 0.60 < quality < 0.70 :       259 elements
Info    : 0.70 < quality < 0.80 :       213 elements
Info    : 0.80 < quality < 0.90 :       125 elements
Info    : 0.90 < quality < 1.00 :        44 elements
Info    : 29 edge swaps, 0 node relocations (volume = 1.45325e+07): worst = 0.312314 / average = 0.633621 (Wall 0.000413301s, CPU 0.000416s)
Info    : No ill-shaped tets in the mesh :-)
Info    : 0.00 < quality < 0.10 :         0 elements
Info    : 0.10 < quality < 0.20 :         0 elements
Info    : 0.20 < quality < 0.30 :         0 elements
Info    : 0.30 < quality < 0.40 :        43 elements
Info    : 0.40 < quality < 0.50 :       186 elements
Info    : 0.50 < quality < 0.60 :       297 elements
Info    : 0.60 < quality < 0.70 :       264 elements
Info    : 0.70 < quality < 0.80 :       215 elements
Info    : 0.80 < quality < 0.90 :       126 elements
Info    : 0.90 < quality < 1.00 :        44 elements
Info    : Optimizing volume 27
Info    : Optimization starts (volume = 29065) with worst = 0.000736582 / average = 0.0395738:
Info    : 0.00 < quality < 0.10 :      1443 elements
Info    : 0.10 < quality < 0.20 :       134 elements
Info    : 0.20 < quality < 0.30 :         0 elements
Info    : 0.30 < quality < 0.40 :         0 elements
Info    : 0.40 < quality < 0.50 :         0 elements
Info    : 0.50 < quality < 0.60 :         0 elements
Info    : 0.60 < quality < 0.70 :         0 elements
Info    : 0.70 < quality < 0.80 :         0 elements
Info    : 0.80 < quality < 0.90 :         0 elements
Info    : 0.90 < quality < 1.00 :         0 elements
Info    : 242 edge swaps, 0 node relocations (volume = 29065): worst = 0.00137271 / average = 0.038792 (Wall 0.00931249s, CPU 0.009325s)
Info    : 254 edge swaps, 0 node relocations (volume = 29065): worst = 0.00137271 / average = 0.0388537 (Wall 0.0191624s, CPU 0.01917s)
Info    : No ill-shaped tets in the mesh :-)
Info    : 0.00 < quality < 0.10 :      1319 elements
Info    : 0.10 < quality < 0.20 :       105 elements
Info    : 0.20 < quality < 0.30 :         0 elements
Info    : 0.30 < quality < 0.40 :         0 elements
Info    : 0.40 < quality < 0.50 :         0 elements
Info    : 0.50 < quality < 0.60 :         0 elements
Info    : 0.60 < quality < 0.70 :         0 elements
Info    : 0.70 < quality < 0.80 :         0 elements
Info    : 0.80 < quality < 0.90 :         0 elements
Info    : 0.90 < quality < 1.00 :         0 elements
Info    : Optimizing volume 28
Info    : Optimization starts (volume = 1.13725e+06) with worst = 0.00135905 / average = 0.455982:
Info    : 0.00 < quality < 0.10 :       302 elements
Info    : 0.10 < quality < 0.20 :      1307 elements
Info    : 0.20 < quality < 0.30 :      1065 elements
Info    : 0.30 < quality < 0.40 :      1416 elements
Info    : 0.40 < quality < 0.50 :      1273 elements
Info    : 0.50 < quality < 0.60 :      1480 elements
Info    : 0.60 < quality < 0.70 :       889 elements
Info    : 0.70 < quality < 0.80 :       791 elements
Info    : 0.80 < quality < 0.90 :       682 elements
Info    : 0.90 < quality < 1.00 :       199 elements
Info    : 512 edge swaps, 41 node relocations (volume = 1.13725e+06): worst = 0.0032196 / average = 0.470174 (Wall 0.0261642s, CPU 0.026158s)
Info    : 569 edge swaps, 53 node relocations (volume = 1.13725e+06): worst = 0.0032196 / average = 0.471459 (Wall 0.0495605s, CPU 0.049552s)
Info    : No ill-shaped tets in the mesh :-)
Info    : 0.00 < quality < 0.10 :       125 elements
Info    : 0.10 < quality < 0.20 :      1192 elements
Info    : 0.20 < quality < 0.30 :       889 elements
Info    : 0.30 < quality < 0.40 :      1431 elements
Info    : 0.40 < quality < 0.50 :      1241 elements
Info    : 0.50 < quality < 0.60 :      1466 elements
Info    : 0.60 < quality < 0.70 :       917 elements
Info    : 0.70 < quality < 0.80 :       818 elements
Info    : 0.80 < quality < 0.90 :       671 elements
Info    : 0.90 < quality < 1.00 :       200 elements
Info    : Optimizing volume 29
Info    : Optimization starts (volume = 272485) with worst = 0.0564019 / average = 0.519811:
Info    : 0.00 < quality < 0.10 :         9 elements
Info    : 0.10 < quality < 0.20 :       141 elements
Info    : 0.20 < quality < 0.30 :       194 elements
Info    : 0.30 < quality < 0.40 :       256 elements
Info    : 0.40 < quality < 0.50 :       360 elements
Info    : 0.50 < quality < 0.60 :       424 elements
Info    : 0.60 < quality < 0.70 :       470 elements
Info    : 0.70 < quality < 0.80 :       307 elements
Info    : 0.80 < quality < 0.90 :        95 elements
Info    : 0.90 < quality < 1.00 :         3 elements
Info    : 78 edge swaps, 0 node relocations (volume = 272485): worst = 0.0931635 / average = 0.526741 (Wall 0.00216637s, CPU 0.002169s)
Info    : 84 edge swaps, 0 node relocations (volume = 272485): worst = 0.0931635 / average = 0.526456 (Wall 0.0039871s, CPU 0.003985s)
Info    : No ill-shaped tets in the mesh :-)
Info    : 0.00 < quality < 0.10 :         4 elements
Info    : 0.10 < quality < 0.20 :       115 elements
Info    : 0.20 < quality < 0.30 :       161 elements
Info    : 0.30 < quality < 0.40 :       266 elements
Info    : 0.40 < quality < 0.50 :       349 elements
Info    : 0.50 < quality < 0.60 :       414 elements
Info    : 0.60 < quality < 0.70 :       471 elements
Info    : 0.70 < quality < 0.80 :       307 elements
Info    : 0.80 < quality < 0.90 :        96 elements
Info    : 0.90 < quality < 1.00 :         3 elements
Info    : Optimizing volume 30
Info    : Optimization starts (volume = 1.30793e+07) with worst = 0.0101188 / average = 0.584369:
Info    : 0.00 < quality < 0.10 :        10 elements
Info    : 0.10 < quality < 0.20 :        16 elements
Info    : 0.20 < quality < 0.30 :        34 elements
Info    : 0.30 < quality < 0.40 :       127 elements
Info    : 0.40 < quality < 0.50 :       283 elements
Info    : 0.50 < quality < 0.60 :       310 elements
Info    : 0.60 < quality < 0.70 :       253 elements
Info    : 0.70 < quality < 0.80 :       230 elements
Info    : 0.80 < quality < 0.90 :       142 elements
Info    : 0.90 < quality < 1.00 :        30 elements
Info    : 50 edge swaps, 1 node relocations (volume = 1.30793e+07): worst = 0.281247 / average = 0.59979 (Wall 0.000869303s, CPU 0.00087s)
Info    : 52 edge swaps, 1 node relocations (volume = 1.30793e+07): worst = 0.291261 / average = 0.599567 (Wall 0.00107805s, CPU 0.001082s)
Info    : No ill-shaped tets in the mesh :-)
Info    : 0.00 < quality < 0.10 :         0 elements
Info    : 0.10 < quality < 0.20 :         0 elements
Info    : 0.20 < quality < 0.30 :         5 elements
Info    : 0.30 < quality < 0.40 :       129 elements
Info    : 0.40 < quality < 0.50 :       282 elements
Info    : 0.50 < quality < 0.60 :       313 elements
Info    : 0.60 < quality < 0.70 :       263 elements
Info    : 0.70 < quality < 0.80 :       230 elements
Info    : 0.80 < quality < 0.90 :       142 elements
Info    : 0.90 < quality < 1.00 :        30 elements
Info    : Optimizing volume 31
Info    : Optimization starts (volume = 3.92146e+07) with worst = 0.00274139 / average = 0.543297:
Info    : 0.00 < quality < 0.10 :       120 elements
Info    : 0.10 < quality < 0.20 :        28 elements
Info    : 0.20 < quality < 0.30 :        52 elements
Info    : 0.30 < quality < 0.40 :        42 elements
Info    : 0.40 < quality < 0.50 :        46 elements
Info    : 0.50 < quality < 0.60 :       118 elements
Info    : 0.60 < quality < 0.70 :       235 elements
Info    : 0.70 < quality < 0.80 :       218 elements
Info    : 0.80 < quality < 0.90 :        81 elements
Info    : 0.90 < quality < 1.00 :         8 elements
Info    : 40 edge swaps, 0 node relocations (volume = 3.92146e+07): worst = 0.00486865 / average = 0.558004 (Wall 0.00192309s, CPU 0.001919s)
Info    : 42 edge swaps, 0 node relocations (volume = 3.92146e+07): worst = 0.00486865 / average = 0.557771 (Wall 0.00391926s, CPU 0.003911s)
Info    : No ill-shaped tets in the mesh :-)
Info    : 0.00 < quality < 0.10 :       100 elements
Info    : 0.10 < quality < 0.20 :        24 elements
Info    : 0.20 < quality < 0.30 :        42 elements
Info    : 0.30 < quality < 0.40 :        43 elements
Info    : 0.40 < quality < 0.50 :        49 elements
Info    : 0.50 < quality < 0.60 :       126 elements
Info    : 0.60 < quality < 0.70 :       219 elements
Info    : 0.70 < quality < 0.80 :       231 elements
Info    : 0.80 < quality < 0.90 :        73 elements
Info    : 0.90 < quality < 1.00 :         8 elements
Info    : Done optimizing mesh (Wall 0.124561s, CPU 0.124543s)
Info    : 3462 nodes 27645 elements
Info    : Writing '/foss/designs/inductor_synth/palace_model/inductor2_N2_do74.78_w4_s2.01_data/inductor2_N2_do74.78_w4_s2.01.msh'...
Info    : Done writing '/foss/designs/inductor_synth/palace_model/inductor2_N2_do74.78_w4_s2.01_data/inductor2_N2_do74.78_w4_s2.01.msh'
Info    : Clearing all models and views...
Info    : Done clearing all models and views
Info    : Meshing 1D...
Info    : [  0%] Meshing curve 64 (Line)
Info    : [ 10%] Meshing curve 65 (Line)
Info    : [ 10%] Meshing curve 67 (Line)
Info    : [ 10%] Meshing curve 69 (Line)
Info    : [ 10%] Meshing curve 70 (Line)
Info    : [ 10%] Meshing curve 71 (Line)
Info    : [ 10%] Meshing curve 72 (Line)
Info    : [ 10%] Meshing curve 76 (Line)
Info    : [ 10%] Meshing curve 77 (Line)
Info    : [ 10%] Meshing curve 79 (Line)
Info    : [ 10%] Meshing curve 81 (Line)
Info    : [ 10%] Meshing curve 82 (Line)
Info    : [ 10%] Meshing curve 83 (Line)
Info    : [ 10%] Meshing curve 84 (Line)
Info    : [ 10%] Meshing curve 85 (Line)
Info    : [ 10%] Meshing curve 86 (Line)
Info    : [ 10%] Meshing curve 87 (Line)
Info    : [ 10%] Meshing curve 88 (Line)
Info    : [ 10%] Meshing curve 89 (Line)
Info    : [ 10%] Meshing curve 90 (Line)
Info    : [ 10%] Meshing curve 91 (Line)
Info    : [ 10%] Meshing curve 92 (Line)
Info    : [ 10%] Meshing curve 93 (Line)
Info    : [ 10%] Meshing curve 94 (Line)
Info    : [ 10%] Meshing curve 95 (Line)
Info    : [ 10%] Meshing curve 96 (Line)
Info    : [ 10%] Meshing curve 97 (Line)
Info    : [ 10%] Meshing curve 98 (Line)
Info    : [ 10%] Meshing curve 99 (Line)
Info    : [ 10%] Meshing curve 100 (Line)
Info    : [ 10%] Meshing curve 101 (Line)
Info    : [ 10%] Meshing curve 102 (Line)
Info    : [ 10%] Meshing curve 103 (Line)
Info    : [ 20%] Meshing curve 104 (Line)
Info    : [ 20%] Meshing curve 105 (Line)
Info    : [ 20%] Meshing curve 106 (Line)
Info    : [ 20%] Meshing curve 107 (Line)
Info    : [ 20%] Meshing curve 108 (Line)
Info    : [ 20%] Meshing curve 109 (Line)
Info    : [ 20%] Meshing curve 110 (Line)
Info    : [ 20%] Meshing curve 111 (Line)
Info    : [ 20%] Meshing curve 112 (Line)
Info    : [ 20%] Meshing curve 113 (Line)
Info    : [ 20%] Meshing curve 114 (Line)
Info    : [ 20%] Meshing curve 115 (Line)
Info    : [ 20%] Meshing curve 116 (Line)
Info    : [ 20%] Meshing curve 117 (Line)
Info    : [ 20%] Meshing curve 118 (Line)
Info    : [ 20%] Meshing curve 119 (Line)
Info    : [ 20%] Meshing curve 120 (Line)
Info    : [ 20%] Meshing curve 121 (Line)
Info    : [ 20%] Meshing curve 122 (Line)
Info    : [ 20%] Meshing curve 123 (Line)
Info    : [ 20%] Meshing curve 124 (Line)
Info    : [ 20%] Meshing curve 125 (Line)
Info    : [ 20%] Meshing curve 126 (Line)
Info    : [ 20%] Meshing curve 127 (Line)
Info    : [ 20%] Meshing curve 128 (Line)
Info    : [ 20%] Meshing curve 129 (Line)
Info    : [ 20%] Meshing curve 130 (Line)
Info    : [ 20%] Meshing curve 131 (Line)
Info    : [ 20%] Meshing curve 132 (Line)
Info    : [ 20%] Meshing curve 133 (Line)
Info    : [ 20%] Meshing curve 134 (Line)
Info    : [ 20%] Meshing curve 135 (Line)
Info    : [ 20%] Meshing curve 136 (Line)
Info    : [ 30%] Meshing curve 137 (Line)
Info    : [ 30%] Meshing curve 138 (Line)
Info    : [ 30%] Meshing curve 139 (Line)
Info    : [ 30%] Meshing curve 140 (Line)
Info    : [ 30%] Meshing curve 141 (Line)
Info    : [ 30%] Meshing curve 142 (Line)
Info    : [ 30%] Meshing curve 143 (Line)
Info    : [ 30%] Meshing curve 144 (Line)
Info    : [ 30%] Meshing curve 145 (Line)
Info    : [ 30%] Meshing curve 146 (Line)
Info    : [ 30%] Meshing curve 147 (Line)
Info    : [ 30%] Meshing curve 148 (Line)
Info    : [ 30%] Meshing curve 149 (Line)
Info    : [ 30%] Meshing curve 150 (Line)
Info    : [ 30%] Meshing curve 151 (Line)
Info    : [ 30%] Meshing curve 152 (Line)
Info    : [ 30%] Meshing curve 153 (Line)
Info    : [ 30%] Meshing curve 154 (Line)
Info    : [ 30%] Meshing curve 155 (Line)
Info    : [ 30%] Meshing curve 156 (Line)
Info    : [ 30%] Meshing curve 385 (Line)
Info    : [ 30%] Meshing curve 386 (Line)
Info    : [ 30%] Meshing curve 387 (Line)
Info    : [ 30%] Meshing curve 388 (Line)
Info    : [ 30%] Meshing curve 389 (Line)
Info    : [ 30%] Meshing curve 390 (Line)
Info    : [ 30%] Meshing curve 391 (Line)
Info    : [ 30%] Meshing curve 392 (Line)
Info    : [ 30%] Meshing curve 393 (Line)
Info    : [ 30%] Meshing curve 394 (Line)
Info    : [ 30%] Meshing curve 395 (Line)
Info    : [ 30%] Meshing curve 396 (Line)
Info    : [ 40%] Meshing curve 397 (TrimmedCurve)
Info    : [ 40%] Meshing curve 398 (Line)
Info    : [ 40%] Meshing curve 399 (TrimmedCurve)
Info    : [ 40%] Meshing curve 400 (Line)
Info    : [ 40%] Meshing curve 401 (Line)
Info    : [ 40%] Meshing curve 402 (Line)
Info    : [ 40%] Meshing curve 403 (Line)
Info    : [ 40%] Meshing curve 404 (Line)
Info    : [ 40%] Meshing curve 405 (Line)
Info    : [ 40%] Meshing curve 406 (Line)
Info    : [ 40%] Meshing curve 407 (Line)
Info    : [ 40%] Meshing curve 408 (TrimmedCurve)
Info    : [ 40%] Meshing curve 409 (Line)
Info    : [ 40%] Meshing curve 410 (TrimmedCurve)
Info    : [ 40%] Meshing curve 411 (Line)
Info    : [ 40%] Meshing curve 412 (Line)
Info    : [ 40%] Meshing curve 413 (Line)
Info    : [ 40%] Meshing curve 414 (Line)
Info    : [ 40%] Meshing curve 415 (Line)
Info    : [ 40%] Meshing curve 416 (Line)
Info    : [ 40%] Meshing curve 417 (Line)
Info    : [ 40%] Meshing curve 418 (Line)
Info    : [ 40%] Meshing curve 419 (Line)
Info    : [ 40%] Meshing curve 420 (Line)
Info    : [ 40%] Meshing curve 421 (Line)
Info    : [ 40%] Meshing curve 422 (Line)
Info    : [ 40%] Meshing curve 423 (Line)
Info    : [ 40%] Meshing curve 424 (Line)
Info    : [ 40%] Meshing curve 425 (Line)
Info    : [ 40%] Meshing curve 426 (Line)
Info    : [ 40%] Meshing curve 427 (Line)
Info    : [ 40%] Meshing curve 428 (Line)
Info    : [ 40%] Meshing curve 429 (Line)
Info    : [ 50%] Meshing curve 430 (Line)
Info    : [ 50%] Meshing curve 431 (Line)
Info    : [ 50%] Meshing curve 432 (TrimmedCurve)
Info    : [ 50%] Meshing curve 433 (Line)
Info    : [ 50%] Meshing curve 434 (TrimmedCurve)
Info    : [ 50%] Meshing curve 435 (Line)
Info    : [ 50%] Meshing curve 436 (TrimmedCurve)
Info    : [ 50%] Meshing curve 437 (Line)
Info    : [ 50%] Meshing curve 438 (TrimmedCurve)
Info    : [ 50%] Meshing curve 439 (Line)
Info    : [ 50%] Meshing curve 440 (TrimmedCurve)
Info    : [ 50%] Meshing curve 441 (Line)
Info    : [ 50%] Meshing curve 442 (TrimmedCurve)
Info    : [ 50%] Meshing curve 443 (Line)
Info    : [ 50%] Meshing curve 444 (Line)
Info    : [ 50%] Meshing curve 445 (Line)
Info    : [ 50%] Meshing curve 446 (Line)
Info    : [ 50%] Meshing curve 447 (Line)
Info    : [ 50%] Meshing curve 448 (TrimmedCurve)
Info    : [ 50%] Meshing curve 449 (Line)
Info    : [ 50%] Meshing curve 450 (TrimmedCurve)
Info    : [ 50%] Meshing curve 451 (Line)
Info    : [ 50%] Meshing curve 452 (TrimmedCurve)
Info    : [ 50%] Meshing curve 453 (Line)
Info    : [ 50%] Meshing curve 454 (TrimmedCurve)
Info    : [ 50%] Meshing curve 455 (Line)
Info    : [ 50%] Meshing curve 456 (TrimmedCurve)
Info    : [ 50%] Meshing curve 457 (Line)
Info    : [ 50%] Meshing curve 458 (TrimmedCurve)
Info    : [ 50%] Meshing curve 459 (Line)
Info    : [ 50%] Meshing curve 460 (Line)
Info    : [ 50%] Meshing curve 461 (TrimmedCurve)
Info    : [ 50%] Meshing curve 462 (Line)
Info    : [ 60%] Meshing curve 463 (TrimmedCurve)
Info    : [ 60%] Meshing curve 464 (Line)
Info    : [ 60%] Meshing curve 465 (TrimmedCurve)
Info    : [ 60%] Meshing curve 466 (Line)
Info    : [ 60%] Meshing curve 467 (TrimmedCurve)
Info    : [ 60%] Meshing curve 468 (Line)
Info    : [ 60%] Meshing curve 469 (TrimmedCurve)
Info    : [ 60%] Meshing curve 470 (Line)
Info    : [ 60%] Meshing curve 471 (TrimmedCurve)
Info    : [ 60%] Meshing curve 472 (Line)
Info    : [ 60%] Meshing curve 473 (Line)
Info    : [ 60%] Meshing curve 474 (Line)
Info    : [ 60%] Meshing curve 475 (Line)
Info    : [ 60%] Meshing curve 476 (Line)
Info    : [ 60%] Meshing curve 477 (TrimmedCurve)
Info    : [ 60%] Meshing curve 478 (Line)
Info    : [ 60%] Meshing curve 479 (TrimmedCurve)
Info    : [ 60%] Meshing curve 480 (Line)
Info    : [ 60%] Meshing curve 481 (TrimmedCurve)
Info    : [ 60%] Meshing curve 482 (Line)
Info    : [ 60%] Meshing curve 483 (TrimmedCurve)
Info    : [ 60%] Meshing curve 484 (Line)
Info    : [ 60%] Meshing curve 485 (TrimmedCurve)
Info    : [ 60%] Meshing curve 486 (Line)
Info    : [ 60%] Meshing curve 487 (TrimmedCurve)
Info    : [ 60%] Meshing curve 488 (Line)
Info    : [ 60%] Meshing curve 489 (Line)
Info    : [ 60%] Meshing curve 490 (Line)
Info    : [ 60%] Meshing curve 491 (Line)
Info    : [ 60%] Meshing curve 492 (Line)
Info    : [ 60%] Meshing curve 493 (Line)
Info    : [ 60%] Meshing curve 494 (Line)
Info    : [ 70%] Meshing curve 495 (Line)
Info    : [ 70%] Meshing curve 496 (Line)
Info    : [ 70%] Meshing curve 497 (Line)
Info    : [ 70%] Meshing curve 498 (Line)
Info    : [ 70%] Meshing curve 499 (Line)
Info    : [ 70%] Meshing curve 500 (Line)
Info    : [ 70%] Meshing curve 501 (Line)
Info    : [ 70%] Meshing curve 502 (Line)
Info    : [ 70%] Meshing curve 503 (Line)
Info    : [ 70%] Meshing curve 504 (Line)
Info    : [ 70%] Meshing curve 505 (Line)
Info    : [ 70%] Meshing curve 506 (Line)
Info    : [ 70%] Meshing curve 507 (Line)
Info    : [ 70%] Meshing curve 508 (Line)
Info    : [ 70%] Meshing curve 509 (Line)
Info    : [ 70%] Meshing curve 510 (Line)
Info    : [ 70%] Meshing curve 511 (Line)
Info    : [ 70%] Meshing curve 512 (Line)
Info    : [ 70%] Meshing curve 513 (Line)
Info    : [ 70%] Meshing curve 514 (Line)
Info    : [ 70%] Meshing curve 515 (Line)
Info    : [ 70%] Meshing curve 516 (Line)
Info    : [ 70%] Meshing curve 517 (Line)
Info    : [ 70%] Meshing curve 518 (Line)
Info    : [ 70%] Meshing curve 519 (Line)
Info    : [ 70%] Meshing curve 520 (Line)
Info    : [ 70%] Meshing curve 521 (Line)
Info    : [ 70%] Meshing curve 522 (Line)
Info    : [ 70%] Meshing curve 523 (Line)
Info    : [ 70%] Meshing curve 524 (Line)
Info    : [ 70%] Meshing curve 525 (Line)
Info    : [ 70%] Meshing curve 526 (Line)
Info    : [ 70%] Meshing curve 527 (Line)
Info    : [ 80%] Meshing curve 528 (TrimmedCurve)
Info    : [ 80%] Meshing curve 529 (Line)
Info    : [ 80%] Meshing curve 530 (Line)
Info    : [ 80%] Meshing curve 531 (Line)
Info    : [ 80%] Meshing curve 532 (Line)
Info    : [ 80%] Meshing curve 533 (Line)
Info    : [ 80%] Meshing curve 534 (TrimmedCurve)
Info    : [ 80%] Meshing curve 535 (Line)
Info    : [ 80%] Meshing curve 536 (Line)
Info    : [ 80%] Meshing curve 537 (TrimmedCurve)
Info    : [ 80%] Meshing curve 538 (Line)
Info    : [ 80%] Meshing curve 539 (Line)
Info    : [ 80%] Meshing curve 540 (Line)
Info    : [ 80%] Meshing curve 541 (Line)
Info    : [ 80%] Meshing curve 542 (Line)
Info    : [ 80%] Meshing curve 543 (TrimmedCurve)
Info    : [ 80%] Meshing curve 544 (Line)
Info    : [ 80%] Meshing curve 545 (Line)
Info    : [ 80%] Meshing curve 546 (Line)
Info    : [ 80%] Meshing curve 547 (Line)
Info    : [ 80%] Meshing curve 548 (Line)
Info    : [ 80%] Meshing curve 549 (Line)
Info    : [ 80%] Meshing curve 550 (Line)
Info    : [ 80%] Meshing curve 551 (Line)
Info    : [ 80%] Meshing curve 552 (Line)
Info    : [ 80%] Meshing curve 553 (Line)
Info    : [ 80%] Meshing curve 554 (Line)
Info    : [ 80%] Meshing curve 555 (Line)
Info    : [ 80%] Meshing curve 556 (Line)
Info    : [ 80%] Meshing curve 557 (Line)
Info    : [ 80%] Meshing curve 558 (Line)
Info    : [ 80%] Meshing curve 559 (Line)
Info    : [ 90%] Meshing curve 560 (Line)
Info    : [ 90%] Meshing curve 561 (Line)
Info    : [ 90%] Meshing curve 562 (Line)
Info    : [ 90%] Meshing curve 563 (Line)
Info    : [ 90%] Meshing curve 564 (Line)
Info    : [ 90%] Meshing curve 565 (Line)
Info    : [ 90%] Meshing curve 566 (Line)
Info    : [ 90%] Meshing curve 567 (Line)
Info    : [ 90%] Meshing curve 568 (Line)
Info    : [ 90%] Meshing curve 569 (Line)
Info    : [ 90%] Meshing curve 570 (Line)
Info    : [ 90%] Meshing curve 571 (Line)
Info    : [ 90%] Meshing curve 572 (Line)
Info    : [ 90%] Meshing curve 573 (Line)
Info    : [ 90%] Meshing curve 574 (Line)
Info    : [ 90%] Meshing curve 575 (Line)
Info    : [ 90%] Meshing curve 576 (Line)
Info    : [ 90%] Meshing curve 577 (Line)
Info    : [ 90%] Meshing curve 578 (Line)
Info    : [ 90%] Meshing curve 579 (Line)
Info    : [ 90%] Meshing curve 580 (Line)
Info    : [ 90%] Meshing curve 581 (Line)
Info    : [ 90%] Meshing curve 582 (Line)
Info    : [ 90%] Meshing curve 583 (Line)
Info    : [ 90%] Meshing curve 584 (Line)
Info    : [ 90%] Meshing curve 585 (Line)
Info    : [ 90%] Meshing curve 586 (Line)
Info    : [ 90%] Meshing curve 587 (Line)
Info    : [ 90%] Meshing curve 588 (Line)
Info    : [ 90%] Meshing curve 589 (Line)
Info    : [ 90%] Meshing curve 590 (Line)
Info    : [ 90%] Meshing curve 591 (Line)
Info    : [ 90%] Meshing curve 592 (Line)
Info    : [100%] Meshing curve 593 (Line)
Info    : [100%] Meshing curve 594 (Line)
Info    : [100%] Meshing curve 595 (Line)
Info    : [100%] Meshing curve 596 (Line)
Info    : [100%] Meshing curve 597 (Line)
Info    : [100%] Meshing curve 598 (Line)
Info    : [100%] Meshing curve 599 (Line)
Info    : [100%] Meshing curve 600 (Line)
Info    : [100%] Meshing curve 601 (Line)
Info    : [100%] Meshing curve 602 (Line)
Info    : [100%] Meshing curve 603 (Line)
Info    : [100%] Meshing curve 604 (Line)
Info    : [100%] Meshing curve 605 (Line)
Info    : [100%] Meshing curve 606 (Line)
Info    : [100%] Meshing curve 607 (Line)
Info    : [100%] Meshing curve 608 (Line)
Info    : [100%] Meshing curve 609 (Line)
Info    : [100%] Meshing curve 610 (Line)
Info    : [100%] Meshing curve 611 (Line)
Info    : [100%] Meshing curve 612 (Line)
Info    : [100%] Meshing curve 613 (Line)
Info    : [100%] Meshing curve 614 (Line)
Info    : [100%] Meshing curve 615 (Line)
Info    : [100%] Meshing curve 616 (Line)
Info    : [100%] Meshing curve 617 (Line)
Info    : [100%] Meshing curve 618 (Line)
Info    : [100%] Meshing curve 619 (Line)
Info    : [100%] Meshing curve 620 (Line)
Info    : [100%] Meshing curve 621 (Line)
Info    : [100%] Meshing curve 622 (Line)
Info    : [100%] Meshing curve 623 (Line)
Info    : [100%] Meshing curve 624 (Line)
Info    : Done meshing 1D (Wall 1.50753s, CPU 1.49667s)
Info    : Meshing 2D...
Info    : [  0%] Meshing surface 35 (Plane, Delaunay)
Info    : [ 10%] Meshing surface 41 (Plane, Delaunay)
Info    : [ 10%] Meshing surface 43 (Plane, Delaunay)
Info    : [ 10%] Meshing surface 44 (Plane, Delaunay)
Info    : [ 10%] Meshing surface 45 (Plane, Delaunay)
Info    : [ 10%] Meshing surface 46 (Plane, Delaunay)
Info    : [ 10%] Meshing surface 47 (Plane, Delaunay)
Info    : [ 10%] Meshing surface 48 (Plane, Delaunay)
Info    : [ 10%] Meshing surface 49 (Plane, Delaunay)
Info    : [ 10%] Meshing surface 50 (Plane, Delaunay)
Info    : [ 10%] Meshing surface 51 (Plane, Delaunay)
Info    : [ 10%] Meshing surface 53 (Plane, Delaunay)
Info    : [ 10%] Meshing surface 54 (Plane, Delaunay)
Info    : [ 10%] Meshing surface 55 (Plane, Delaunay)
Info    : [ 10%] Meshing surface 56 (Plane, Delaunay)
Info    : [ 20%] Meshing surface 57 (Plane, Delaunay)
Info    : [ 20%] Meshing surface 58 (Plane, Delaunay)
Info    : [ 20%] Meshing surface 59 (Plane, Delaunay)
Info    : [ 20%] Meshing surface 60 (Plane, Delaunay)
Info    : [ 20%] Meshing surface 61 (Plane, Delaunay)
Info    : [ 20%] Meshing surface 62 (Plane, Delaunay)
Info    : [ 20%] Meshing surface 63 (Plane, Delaunay)
Info    : [ 20%] Meshing surface 64 (Plane, Delaunay)
Info    : [ 20%] Meshing surface 65 (Plane, Delaunay)
Info    : [ 20%] Meshing surface 66 (Plane, Delaunay)
Info    : [ 20%] Meshing surface 67 (Plane, Delaunay)
Info    : [ 20%] Meshing surface 68 (Plane, Delaunay)
Info    : [ 20%] Meshing surface 69 (Plane, Delaunay)
Info    : [ 20%] Meshing surface 70 (Plane, Delaunay)
Info    : [ 30%] Meshing surface 71 (Plane, Delaunay)
Info    : [ 30%] Meshing surface 72 (Plane, Delaunay)
Info    : [ 30%] Meshing surface 73 (Plane, Delaunay)
Info    : [ 30%] Meshing surface 74 (Plane, Delaunay)
Info    : [ 30%] Meshing surface 75 (Plane, Delaunay)
Info    : [ 30%] Meshing surface 76 (Plane, Delaunay)
Info    : [ 30%] Meshing surface 173 (Plane, Delaunay)
Info    : [ 30%] Meshing surface 174 (Plane, Delaunay)
Info    : [ 30%] Meshing surface 175 (Plane, Delaunay)
Info    : [ 30%] Meshing surface 177 (Plane, Delaunay)
Info    : [ 30%] Meshing surface 178 (Plane, Delaunay)
Info    : [ 30%] Meshing surface 179 (Plane, Delaunay)
Info    : [ 30%] Meshing surface 180 (Plane, Delaunay)
Info    : [ 30%] Meshing surface 181 (Plane, Delaunay)
Info    : [ 40%] Meshing surface 182 (Plane, Delaunay)
Info    : [ 40%] Meshing surface 183 (Plane, Delaunay)
Info    : [ 40%] Meshing surface 184 (Plane, Delaunay)
Info    : [ 40%] Meshing surface 185 (Plane, Delaunay)
Info    : [ 40%] Meshing surface 186 (Plane, Delaunay)
Info    : [ 40%] Meshing surface 187 (Plane, Delaunay)
Info    : [ 40%] Meshing surface 188 (Plane, Delaunay)
Info    : [ 40%] Meshing surface 189 (Plane, Delaunay)
Info    : [ 40%] Meshing surface 191 (Plane, Delaunay)
Info    : [ 40%] Meshing surface 192 (Plane, Delaunay)
Info    : [ 40%] Meshing surface 193 (Plane, Delaunay)
Info    : [ 40%] Meshing surface 194 (Plane, Delaunay)
Info    : [ 40%] Meshing surface 195 (Plane, Delaunay)
Info    : [ 40%] Meshing surface 196 (Plane, Delaunay)
Info    : [ 50%] Meshing surface 197 (Plane, Delaunay)
Info    : [ 50%] Meshing surface 198 (Plane, Delaunay)
Info    : [ 50%] Meshing surface 199 (Plane, Delaunay)
Info    : [ 50%] Meshing surface 200 (Plane, Delaunay)
Info    : [ 50%] Meshing surface 201 (Plane, Delaunay)
Info    : [ 50%] Meshing surface 202 (Plane, Delaunay)
Info    : [ 50%] Meshing surface 203 (Plane, Delaunay)
Info    : [ 50%] Meshing surface 204 (Plane, Delaunay)
Info    : [ 50%] Meshing surface 205 (Plane, Delaunay)
Info    : [ 50%] Meshing surface 206 (Plane, Delaunay)
Info    : [ 50%] Meshing surface 207 (Plane, Delaunay)
Info    : [ 50%] Meshing surface 208 (Plane, Delaunay)
Info    : [ 50%] Meshing surface 209 (Plane, Delaunay)
Info    : [ 50%] Meshing surface 210 (Plane, Delaunay)
Info    : [ 50%] Meshing surface 211 (Plane, Delaunay)
Info    : [ 60%] Meshing surface 212 (Plane, Delaunay)
Info    : [ 60%] Meshing surface 213 (Plane, Delaunay)
Info    : [ 60%] Meshing surface 214 (Plane, Delaunay)
Info    : [ 60%] Meshing surface 215 (Plane, Delaunay)
Info    : [ 60%] Meshing surface 216 (Plane, Delaunay)
Info    : [ 60%] Meshing surface 217 (Plane, Delaunay)
Info    : [ 60%] Meshing surface 218 (Plane, Delaunay)
Info    : [ 60%] Meshing surface 219 (Plane, Delaunay)
Info    : [ 60%] Meshing surface 220 (Plane, Delaunay)
Info    : [ 60%] Meshing surface 221 (Plane, Delaunay)
Info    : [ 60%] Meshing surface 222 (Plane, Delaunay)
Info    : [ 60%] Meshing surface 223 (Plane, Delaunay)
Info    : [ 60%] Meshing surface 225 (Plane, Delaunay)
Info    : [ 60%] Meshing surface 226 (Plane, Delaunay)
Info    : [ 70%] Meshing surface 227 (Plane, Delaunay)
Info    : [ 70%] Meshing surface 228 (Plane, Delaunay)
Info    : [ 70%] Meshing surface 229 (Plane, Delaunay)
Info    : [ 70%] Meshing surface 230 (Plane, Delaunay)
Info    : [ 70%] Meshing surface 231 (Plane, Delaunay)
Info    : [ 70%] Meshing surface 232 (Plane, Delaunay)
Info    : [ 70%] Meshing surface 233 (Plane, Delaunay)
Info    : [ 70%] Meshing surface 234 (Plane, Delaunay)
Info    : [ 70%] Meshing surface 235 (Plane, Delaunay)
Info    : [ 70%] Meshing surface 236 (Plane, Delaunay)
Info    : [ 70%] Meshing surface 237 (Plane, Delaunay)
Info    : [ 70%] Meshing surface 238 (Plane, Delaunay)
Info    : [ 70%] Meshing surface 239 (Plane, Delaunay)
Info    : [ 70%] Meshing surface 240 (Plane, Delaunay)
Info    : [ 80%] Meshing surface 241 (Plane, Delaunay)
Info    : [ 80%] Meshing surface 242 (Plane, Delaunay)
Info    : [ 80%] Meshing surface 243 (Plane, Delaunay)
Info    : [ 80%] Meshing surface 244 (Plane, Delaunay)
Info    : [ 80%] Meshing surface 245 (Plane, Delaunay)
Info    : [ 80%] Meshing surface 246 (Plane, Delaunay)
Info    : [ 80%] Meshing surface 247 (Plane, Delaunay)
Info    : [ 80%] Meshing surface 248 (Plane, Delaunay)
Info    : [ 80%] Meshing surface 249 (Plane, Delaunay)
Info    : [ 80%] Meshing surface 250 (Plane, Delaunay)
Info    : [ 80%] Meshing surface 251 (Plane, Delaunay)
Info    : [ 80%] Meshing surface 252 (Plane, Delaunay)
Info    : [ 80%] Meshing surface 253 (Plane, Delaunay)
Info    : [ 80%] Meshing surface 254 (Plane, Delaunay)
Info    : [ 90%] Meshing surface 255 (Plane, Delaunay)
Info    : [ 90%] Meshing surface 256 (Plane, Delaunay)
Info    : [ 90%] Meshing surface 257 (Plane, Delaunay)
Info    : [ 90%] Meshing surface 258 (Plane, Delaunay)
Info    : [ 90%] Meshing surface 259 (Plane, Delaunay)
Info    : [ 90%] Meshing surface 260 (Plane, Delaunay)
Info    : [ 90%] Meshing surface 261 (Plane, Delaunay)
Info    : [ 90%] Meshing surface 262 (Plane, Delaunay)
Info    : [ 90%] Meshing surface 263 (Plane, Delaunay)
Info    : [ 90%] Meshing surface 264 (Plane, Delaunay)
Info    : [ 90%] Meshing surface 265 (Plane, Delaunay)
Info    : [ 90%] Meshing surface 266 (Plane, Delaunay)
Info    : [ 90%] Meshing surface 267 (Plane, Delaunay)
Info    : [ 90%] Meshing surface 268 (Plane, Delaunay)
Info    : [100%] Meshing surface 269 (Plane, Delaunay)
Info    : [100%] Meshing surface 270 (Plane, Delaunay)
Info    : [100%] Meshing surface 271 (Plane, Delaunay)
Info    : [100%] Meshing surface 272 (Plane, Delaunay)
Info    : [100%] Meshing surface 273 (Plane, Delaunay)
Info    : [100%] Meshing surface 274 (Plane, Delaunay)
Info    : [100%] Meshing surface 275 (Plane, Delaunay)
Info    : [100%] Meshing surface 276 (Plane, Delaunay)
Info    : [100%] Meshing surface 277 (Plane, Delaunay)
Info    : [100%] Meshing surface 278 (Plane, Delaunay)
Info    : [100%] Meshing surface 279 (Plane, Delaunay)
Info    : [100%] Meshing surface 280 (Plane, Delaunay)
Info    : [100%] Meshing surface 281 (Plane, Delaunay)
Info    : [100%] Meshing surface 282 (Plane, Delaunay)
Info    : Done meshing 2D (Wall 0.411973s, CPU 0.411916s)
Info    : Meshing 3D...
Info    : 3D Meshing 16 volumes with 1 connected component
Info    : Tetrahedrizing 3456 nodes...
Info    : Done tetrahedrizing 3464 nodes (Wall 0.0374597s, CPU 0.037447s)
Info    : Reconstructing mesh...
Info    :  - Creating surface mesh
Info    :  - Identifying boundary edges
Info    :  - Recovering boundary
Info    :  - Added 24 Steiner points
Info    : Done reconstructing mesh (Wall 0.120961s, CPU 0.114133s)
Info    : Found volume 27
Info    : Found volume 28
Info    : Found volume 23
Info    : Found volume 26
Info    : Found volume 30
Info    : Found volume 29
Info    : Found volume 31
Info    : Found volume 7
Info    : Found volume 6
Info    : Found volume 8
Info    : Found volume 24
Info    : Found volume 10
Info    : Found volume 12
Info    : Found volume 9
Info    : Found volume 11
Info    : Found volume 25
Info    : It. 0 - 0 nodes created - worst tet radius 15.2911 (nodes removed 0 0)
Info    : It. 500 - 1 nodes created - worst tet radius 3.26195 (nodes removed 0 499)
Info    : It. 1000 - 35 nodes created - worst tet radius 1.70597 (nodes removed 0 965)
Info    : It. 1500 - 113 nodes created - worst tet radius 1.23782 (nodes removed 0 1387)
Info    : It. 2000 - 236 nodes created - worst tet radius 1.03858 (nodes removed 1 1763)
Info    : 3D refinement terminated (3778 nodes total):
Info    :  - 1 Delaunay cavities modified for star shapeness
Info    :  - 1869 nodes could not be inserted
Info    :  - 22246 tetrahedra created in 0.079992 sec. (278102 tets/s)
Info    : 447 node relocations
Info    : Done meshing 3D (Wall 0.391523s, CPU 0.384203s)
Info    : Optimizing mesh...
Info    : Optimizing volume 6
Info    : Optimization starts (volume = 234) with worst = 0.209192 / average = 0.599865:
Info    : 0.00 < quality < 0.10 :         0 elements
Info    : 0.10 < quality < 0.20 :         0 elements
Info    : 0.20 < quality < 0.30 :        35 elements
Info    : 0.30 < quality < 0.40 :         7 elements
Info    : 0.40 < quality < 0.50 :         3 elements
Info    : 0.50 < quality < 0.60 :         6 elements
Info    : 0.60 < quality < 0.70 :        60 elements
Info    : 0.70 < quality < 0.80 :        46 elements
Info    : 0.80 < quality < 0.90 :        10 elements
Info    : 0.90 < quality < 1.00 :         1 elements
Info    : No ill-shaped tets in the mesh :-)
Info    : 0.00 < quality < 0.10 :         0 elements
Info    : 0.10 < quality < 0.20 :         0 elements
Info    : 0.20 < quality < 0.30 :        35 elements
Info    : 0.30 < quality < 0.40 :         7 elements
Info    : 0.40 < quality < 0.50 :         3 elements
Info    : 0.50 < quality < 0.60 :         6 elements
Info    : 0.60 < quality < 0.70 :        60 elements
Info    : 0.70 < quality < 0.80 :        46 elements
Info    : 0.80 < quality < 0.90 :        10 elements
Info    : 0.90 < quality < 1.00 :         1 elements
Info    : Optimizing volume 7
Info    : Optimization starts (volume = 234) with worst = 0.209192 / average = 0.599913:
Info    : 0.00 < quality < 0.10 :         0 elements
Info    : 0.10 < quality < 0.20 :         0 elements
Info    : 0.20 < quality < 0.30 :        35 elements
Info    : 0.30 < quality < 0.40 :         7 elements
Info    : 0.40 < quality < 0.50 :         3 elements
Info    : 0.50 < quality < 0.60 :         6 elements
Info    : 0.60 < quality < 0.70 :        60 elements
Info    : 0.70 < quality < 0.80 :        46 elements
Info    : 0.80 < quality < 0.90 :        10 elements
Info    : 0.90 < quality < 1.00 :         1 elements
Info    : No ill-shaped tets in the mesh :-)
Info    : 0.00 < quality < 0.10 :         0 elements
Info    : 0.10 < quality < 0.20 :         0 elements
Info    : 0.20 < quality < 0.30 :        35 elements
Info    : 0.30 < quality < 0.40 :         7 elements
Info    : 0.40 < quality < 0.50 :         3 elements
Info    : 0.50 < quality < 0.60 :         6 elements
Info    : 0.60 < quality < 0.70 :        60 elements
Info    : 0.70 < quality < 0.80 :        46 elements
Info    : 0.80 < quality < 0.90 :        10 elements
Info    : 0.90 < quality < 1.00 :         1 elements
Info    : Optimizing volume 8
Info    : Optimization starts (volume = 109.224) with worst = 0.219132 / average = 0.608138:
Info    : 0.00 < quality < 0.10 :         0 elements
Info    : 0.10 < quality < 0.20 :         0 elements
Info    : 0.20 < quality < 0.30 :         6 elements
Info    : 0.30 < quality < 0.40 :        10 elements
Info    : 0.40 < quality < 0.50 :        24 elements
Info    : 0.50 < quality < 0.60 :        14 elements
Info    : 0.60 < quality < 0.70 :        18 elements
Info    : 0.70 < quality < 0.80 :        18 elements
Info    : 0.80 < quality < 0.90 :        20 elements
Info    : 0.90 < quality < 1.00 :         4 elements
Info    : No ill-shaped tets in the mesh :-)
Info    : 0.00 < quality < 0.10 :         0 elements
Info    : 0.10 < quality < 0.20 :         0 elements
Info    : 0.20 < quality < 0.30 :         6 elements
Info    : 0.30 < quality < 0.40 :        10 elements
Info    : 0.40 < quality < 0.50 :        24 elements
Info    : 0.50 < quality < 0.60 :        14 elements
Info    : 0.60 < quality < 0.70 :        18 elements
Info    : 0.70 < quality < 0.80 :        18 elements
Info    : 0.80 < quality < 0.90 :        20 elements
Info    : 0.90 < quality < 1.00 :         4 elements
Info    : Optimizing volume 9
Info    : Optimization starts (volume = 2.268) with worst = 0.266475 / average = 0.325093:
Info    : 0.00 < quality < 0.10 :         0 elements
Info    : 0.10 < quality < 0.20 :         0 elements
Info    : 0.20 < quality < 0.30 :         4 elements
Info    : 0.30 < quality < 0.40 :         8 elements
Info    : 0.40 < quality < 0.50 :         0 elements
Info    : 0.50 < quality < 0.60 :         0 elements
Info    : 0.60 < quality < 0.70 :         0 elements
Info    : 0.70 < quality < 0.80 :         0 elements
Info    : 0.80 < quality < 0.90 :         0 elements
Info    : 0.90 < quality < 1.00 :         0 elements
Info    : No ill-shaped tets in the mesh :-)
Info    : 0.00 < quality < 0.10 :         0 elements
Info    : 0.10 < quality < 0.20 :         0 elements
Info    : 0.20 < quality < 0.30 :         4 elements
Info    : 0.30 < quality < 0.40 :         8 elements
Info    : 0.40 < quality < 0.50 :         0 elements
Info    : 0.50 < quality < 0.60 :         0 elements
Info    : 0.60 < quality < 0.70 :         0 elements
Info    : 0.70 < quality < 0.80 :         0 elements
Info    : 0.80 < quality < 0.90 :         0 elements
Info    : 0.90 < quality < 1.00 :         0 elements
Info    : Optimizing volume 10
Info    : Optimization starts (volume = 2.268) with worst = 0.266475 / average = 0.325093:
Info    : 0.00 < quality < 0.10 :         0 elements
Info    : 0.10 < quality < 0.20 :         0 elements
Info    : 0.20 < quality < 0.30 :         4 elements
Info    : 0.30 < quality < 0.40 :         8 elements
Info    : 0.40 < quality < 0.50 :         0 elements
Info    : 0.50 < quality < 0.60 :         0 elements
Info    : 0.60 < quality < 0.70 :         0 elements
Info    : 0.70 < quality < 0.80 :         0 elements
Info    : 0.80 < quality < 0.90 :         0 elements
Info    : 0.90 < quality < 1.00 :         0 elements
Info    : No ill-shaped tets in the mesh :-)
Info    : 0.00 < quality < 0.10 :         0 elements
Info    : 0.10 < quality < 0.20 :         0 elements
Info    : 0.20 < quality < 0.30 :         4 elements
Info    : 0.30 < quality < 0.40 :         8 elements
Info    : 0.40 < quality < 0.50 :         0 elements
Info    : 0.50 < quality < 0.60 :         0 elements
Info    : 0.60 < quality < 0.70 :         0 elements
Info    : 0.70 < quality < 0.80 :         0 elements
Info    : 0.80 < quality < 0.90 :         0 elements
Info    : 0.90 < quality < 1.00 :         0 elements
Info    : Optimizing volume 11
Info    : Optimization starts (volume = 2.268) with worst = 0.266475 / average = 0.325093:
Info    : 0.00 < quality < 0.10 :         0 elements
Info    : 0.10 < quality < 0.20 :         0 elements
Info    : 0.20 < quality < 0.30 :         4 elements
Info    : 0.30 < quality < 0.40 :         8 elements
Info    : 0.40 < quality < 0.50 :         0 elements
Info    : 0.50 < quality < 0.60 :         0 elements
Info    : 0.60 < quality < 0.70 :         0 elements
Info    : 0.70 < quality < 0.80 :         0 elements
Info    : 0.80 < quality < 0.90 :         0 elements
Info    : 0.90 < quality < 1.00 :         0 elements
Info    : No ill-shaped tets in the mesh :-)
Info    : 0.00 < quality < 0.10 :         0 elements
Info    : 0.10 < quality < 0.20 :         0 elements
Info    : 0.20 < quality < 0.30 :         4 elements
Info    : 0.30 < quality < 0.40 :         8 elements
Info    : 0.40 < quality < 0.50 :         0 elements
Info    : 0.50 < quality < 0.60 :         0 elements
Info    : 0.60 < quality < 0.70 :         0 elements
Info    : 0.70 < quality < 0.80 :         0 elements
Info    : 0.80 < quality < 0.90 :         0 elements
Info    : 0.90 < quality < 1.00 :         0 elements
Info    : Optimizing volume 12
Info    : Optimization starts (volume = 2.268) with worst = 0.266475 / average = 0.325093:
Info    : 0.00 < quality < 0.10 :         0 elements
Info    : 0.10 < quality < 0.20 :         0 elements
Info    : 0.20 < quality < 0.30 :         4 elements
Info    : 0.30 < quality < 0.40 :         8 elements
Info    : 0.40 < quality < 0.50 :         0 elements
Info    : 0.50 < quality < 0.60 :         0 elements
Info    : 0.60 < quality < 0.70 :         0 elements
Info    : 0.70 < quality < 0.80 :         0 elements
Info    : 0.80 < quality < 0.90 :         0 elements
Info    : 0.90 < quality < 1.00 :         0 elements
Info    : No ill-shaped tets in the mesh :-)
Info    : 0.00 < quality < 0.10 :         0 elements
Info    : 0.10 < quality < 0.20 :         0 elements
Info    : 0.20 < quality < 0.30 :         4 elements
Info    : 0.30 < quality < 0.40 :         8 elements
Info    : 0.40 < quality < 0.50 :         0 elements
Info    : 0.50 < quality < 0.60 :         0 elements
Info    : 0.60 < quality < 0.70 :         0 elements
Info    : 0.70 < quality < 0.80 :         0 elements
Info    : 0.80 < quality < 0.90 :         0 elements
Info    : 0.90 < quality < 1.00 :         0 elements
Info    : Optimizing volume 23
Info    : Optimization starts (volume = 4335) with worst = 0.00237824 / average = 0.151296:
Info    : 0.00 < quality < 0.10 :       125 elements
Info    : 0.10 < quality < 0.20 :      1868 elements
Info    : 0.20 < quality < 0.30 :        97 elements
Info    : 0.30 < quality < 0.40 :         8 elements
Info    : 0.40 < quality < 0.50 :         0 elements
Info    : 0.50 < quality < 0.60 :         0 elements
Info    : 0.60 < quality < 0.70 :         0 elements
Info    : 0.70 < quality < 0.80 :         0 elements
Info    : 0.80 < quality < 0.90 :         0 elements
Info    : 0.90 < quality < 1.00 :         0 elements
Info    : 165 edge swaps, 23 node relocations (volume = 4335): worst = 0.00652041 / average = 0.152423 (Wall 0.00947314s, CPU 0.009469s)
Info    : 172 edge swaps, 45 node relocations (volume = 4335): worst = 0.00652041 / average = 0.152423 (Wall 0.0191347s, CPU 0.01913s)
Info    : No ill-shaped tets in the mesh :-)
Info    : 0.00 < quality < 0.10 :       105 elements
Info    : 0.10 < quality < 0.20 :      1841 elements
Info    : 0.20 < quality < 0.30 :        99 elements
Info    : 0.30 < quality < 0.40 :         7 elements
Info    : 0.40 < quality < 0.50 :         0 elements
Info    : 0.50 < quality < 0.60 :         0 elements
Info    : 0.60 < quality < 0.70 :         0 elements
Info    : 0.70 < quality < 0.80 :         0 elements
Info    : 0.80 < quality < 0.90 :         0 elements
Info    : 0.90 < quality < 1.00 :         0 elements
Info    : Optimizing volume 24
Info    : Optimization starts (volume = 3116.06) with worst = 0.0877197 / average = 0.744295:
Info    : 0.00 < quality < 0.10 :         1 elements
Info    : 0.10 < quality < 0.20 :         4 elements
Info    : 0.20 < quality < 0.30 :         9 elements
Info    : 0.30 < quality < 0.40 :        12 elements
Info    : 0.40 < quality < 0.50 :        20 elements
Info    : 0.50 < quality < 0.60 :       150 elements
Info    : 0.60 < quality < 0.70 :       181 elements
Info    : 0.70 < quality < 0.80 :       140 elements
Info    : 0.80 < quality < 0.90 :       283 elements
Info    : 0.90 < quality < 1.00 :       172 elements
Info    : 4 edge swaps, 0 node relocations (volume = 3116.06): worst = 0.257434 / average = 0.747094 (Wall 0.000244247s, CPU 0.000247s)
Info    : 5 edge swaps, 0 node relocations (volume = 3116.06): worst = 0.257434 / average = 0.747201 (Wall 0.000323853s, CPU 0.000327s)
Info    : No ill-shaped tets in the mesh :-)
Info    : 0.00 < quality < 0.10 :         0 elements
Info    : 0.10 < quality < 0.20 :         0 elements
Info    : 0.20 < quality < 0.30 :         7 elements
Info    : 0.30 < quality < 0.40 :        11 elements
Info    : 0.40 < quality < 0.50 :        21 elements
Info    : 0.50 < quality < 0.60 :       150 elements
Info    : 0.60 < quality < 0.70 :       181 elements
Info    : 0.70 < quality < 0.80 :       138 elements
Info    : 0.80 < quality < 0.90 :       284 elements
Info    : 0.90 < quality < 1.00 :       172 elements
Info    : Optimizing volume 25
Info    : Optimization starts (volume = 873.757) with worst = 0.0707601 / average = 0.722995:
Info    : 0.00 < quality < 0.10 :         2 elements
Info    : 0.10 < quality < 0.20 :         1 elements
Info    : 0.20 < quality < 0.30 :         8 elements
Info    : 0.30 < quality < 0.40 :        11 elements
Info    : 0.40 < quality < 0.50 :         9 elements
Info    : 0.50 < quality < 0.60 :        42 elements
Info    : 0.60 < quality < 0.70 :        56 elements
Info    : 0.70 < quality < 0.80 :        43 elements
Info    : 0.80 < quality < 0.90 :        91 elements
Info    : 0.90 < quality < 1.00 :        51 elements
Info    : 5 edge swaps, 0 node relocations (volume = 873.757): worst = 0.272833 / average = 0.731657 (Wall 0.000106553s, CPU 0.000106s)
Info    : 6 edge swaps, 0 node relocations (volume = 873.757): worst = 0.272833 / average = 0.731506 (Wall 0.00015237s, CPU 0.000152s)
Info    : No ill-shaped tets in the mesh :-)
Info    : 0.00 < quality < 0.10 :         0 elements
Info    : 0.10 < quality < 0.20 :         0 elements
Info    : 0.20 < quality < 0.30 :         5 elements
Info    : 0.30 < quality < 0.40 :        11 elements
Info    : 0.40 < quality < 0.50 :        10 elements
Info    : 0.50 < quality < 0.60 :        41 elements
Info    : 0.60 < quality < 0.70 :        55 elements
Info    : 0.70 < quality < 0.80 :        42 elements
Info    : 0.80 < quality < 0.90 :        93 elements
Info    : 0.90 < quality < 1.00 :        51 elements
Info    : Optimizing volume 26
Info    : Optimization starts (volume = 1.62313e+07) with worst = 0.0389665 / average = 0.611699:
Info    : 0.00 < quality < 0.10 :         4 elements
Info    : 0.10 < quality < 0.20 :        18 elements
Info    : 0.20 < quality < 0.30 :        35 elements
Info    : 0.30 < quality < 0.40 :        78 elements
Info    : 0.40 < quality < 0.50 :       218 elements
Info    : 0.50 < quality < 0.60 :       322 elements
Info    : 0.60 < quality < 0.70 :       271 elements
Info    : 0.70 < quality < 0.80 :       246 elements
Info    : 0.80 < quality < 0.90 :       145 elements
Info    : 0.90 < quality < 1.00 :        49 elements
Info    : 52 edge swaps, 3 node relocations (volume = 1.62313e+07): worst = 0.28103 / average = 0.626654 (Wall 0.000750113s, CPU 0.000748s)
Info    : 54 edge swaps, 3 node relocations (volume = 1.62313e+07): worst = 0.300066 / average = 0.627039 (Wall 0.000846639s, CPU 0.000848s)
Info    : No ill-shaped tets in the mesh :-)
Info    : 0.00 < quality < 0.10 :         0 elements
Info    : 0.10 < quality < 0.20 :         0 elements
Info    : 0.20 < quality < 0.30 :         0 elements
Info    : 0.30 < quality < 0.40 :        77 elements
Info    : 0.40 < quality < 0.50 :       222 elements
Info    : 0.50 < quality < 0.60 :       329 elements
Info    : 0.60 < quality < 0.70 :       276 elements
Info    : 0.70 < quality < 0.80 :       249 elements
Info    : 0.80 < quality < 0.90 :       147 elements
Info    : 0.90 < quality < 1.00 :        43 elements
Info    : Optimizing volume 27
Info    : Optimization starts (volume = 32462.6) with worst = 0.000635387 / average = 0.0314078:
Info    : 0.00 < quality < 0.10 :      1605 elements
Info    : 0.10 < quality < 0.20 :       122 elements
Info    : 0.20 < quality < 0.30 :         0 elements
Info    : 0.30 < quality < 0.40 :         0 elements
Info    : 0.40 < quality < 0.50 :         0 elements
Info    : 0.50 < quality < 0.60 :         0 elements
Info    : 0.60 < quality < 0.70 :         0 elements
Info    : 0.70 < quality < 0.80 :         0 elements
Info    : 0.80 < quality < 0.90 :         0 elements
Info    : 0.90 < quality < 1.00 :         0 elements
Info    : 230 edge swaps, 0 node relocations (volume = 32462.6): worst = 0.000750653 / average = 0.0305104 (Wall 0.0110218s, CPU 0.009628s)
Info    : 242 edge swaps, 0 node relocations (volume = 32462.6): worst = 0.000750653 / average = 0.0306544 (Wall 0.0274948s, CPU 0.026038s)
Warning : 4 ill-shaped tets are still in the mesh
Info    : 0.00 < quality < 0.10 :      1515 elements
Info    : 0.10 < quality < 0.20 :       101 elements
Info    : 0.20 < quality < 0.30 :         0 elements
Info    : 0.30 < quality < 0.40 :         0 elements
Info    : 0.40 < quality < 0.50 :         0 elements
Info    : 0.50 < quality < 0.60 :         0 elements
Info    : 0.60 < quality < 0.70 :         0 elements
Info    : 0.70 < quality < 0.80 :         0 elements
Info    : 0.80 < quality < 0.90 :         0 elements
Info    : 0.90 < quality < 1.00 :         0 elements
Info    : Optimizing volume 28
Info    : Optimization starts (volume = 1.26771e+06) with worst = 0.000483142 / average = 0.453457:
Info    : 0.00 < quality < 0.10 :       359 elements
Info    : 0.10 < quality < 0.20 :      1712 elements
Info    : 0.20 < quality < 0.30 :      1082 elements
Info    : 0.30 < quality < 0.40 :      1142 elements
Info    : 0.40 < quality < 0.50 :      1392 elements
Info    : 0.50 < quality < 0.60 :      1413 elements
Info    : 0.60 < quality < 0.70 :       991 elements
Info    : 0.70 < quality < 0.80 :       891 elements
Info    : 0.80 < quality < 0.90 :       699 elements
Info    : 0.90 < quality < 1.00 :       287 elements
Info    : 579 edge swaps, 28 node relocations (volume = 1.26771e+06): worst = 0.0141357 / average = 0.466272 (Wall 0.037482s, CPU 0.037475s)
Info    : 653 edge swaps, 34 node relocations (volume = 1.26771e+06): worst = 0.0141357 / average = 0.466785 (Wall 0.0634476s, CPU 0.06344s)
Info    : No ill-shaped tets in the mesh :-)
Info    : 0.00 < quality < 0.10 :       205 elements
Info    : 0.10 < quality < 0.20 :      1510 elements
Info    : 0.20 < quality < 0.30 :       900 elements
Info    : 0.30 < quality < 0.40 :      1169 elements
Info    : 0.40 < quality < 0.50 :      1367 elements
Info    : 0.50 < quality < 0.60 :      1437 elements
Info    : 0.60 < quality < 0.70 :      1005 elements
Info    : 0.70 < quality < 0.80 :       922 elements
Info    : 0.80 < quality < 0.90 :       632 elements
Info    : 0.90 < quality < 1.00 :       283 elements
Info    : Optimizing volume 29
Info    : Optimization starts (volume = 304337) with worst = 0.0219464 / average = 0.5152:
Info    : 0.00 < quality < 0.10 :        60 elements
Info    : 0.10 < quality < 0.20 :       123 elements
Info    : 0.20 < quality < 0.30 :       212 elements
Info    : 0.30 < quality < 0.40 :       311 elements
Info    : 0.40 < quality < 0.50 :       408 elements
Info    : 0.50 < quality < 0.60 :       499 elements
Info    : 0.60 < quality < 0.70 :       557 elements
Info    : 0.70 < quality < 0.80 :       377 elements
Info    : 0.80 < quality < 0.90 :        76 elements
Info    : 0.90 < quality < 1.00 :         3 elements
Info    : 104 edge swaps, 0 node relocations (volume = 304337): worst = 0.0501978 / average = 0.522603 (Wall 0.00241478s, CPU 0.002415s)
Info    : 110 edge swaps, 0 node relocations (volume = 304337): worst = 0.0501978 / average = 0.523138 (Wall 0.00431545s, CPU 0.004316s)
Info    : No ill-shaped tets in the mesh :-)
Info    : 0.00 < quality < 0.10 :        47 elements
Info    : 0.10 < quality < 0.20 :       104 elements
Info    : 0.20 < quality < 0.30 :       164 elements
Info    : 0.30 < quality < 0.40 :       330 elements
Info    : 0.40 < quality < 0.50 :       414 elements
Info    : 0.50 < quality < 0.60 :       494 elements
Info    : 0.60 < quality < 0.70 :       537 elements
Info    : 0.70 < quality < 0.80 :       383 elements
Info    : 0.80 < quality < 0.90 :        77 elements
Info    : 0.90 < quality < 1.00 :         3 elements
Info    : Optimizing volume 30
Info    : Optimization starts (volume = 1.46082e+07) with worst = 0.015801 / average = 0.596316:
Info    : 0.00 < quality < 0.10 :         8 elements
Info    : 0.10 < quality < 0.20 :        14 elements
Info    : 0.20 < quality < 0.30 :        38 elements
Info    : 0.30 < quality < 0.40 :       113 elements
Info    : 0.40 < quality < 0.50 :       270 elements
Info    : 0.50 < quality < 0.60 :       423 elements
Info    : 0.60 < quality < 0.70 :       345 elements
Info    : 0.70 < quality < 0.80 :       240 elements
Info    : 0.80 < quality < 0.90 :       159 elements
Info    : 0.90 < quality < 1.00 :        40 elements
Info    : 52 edge swaps, 3 node relocations (volume = 1.46082e+07): worst = 0.216785 / average = 0.606139 (Wall 0.000693798s, CPU 0.000697s)
Info    : 58 edge swaps, 4 node relocations (volume = 1.46082e+07): worst = 0.273261 / average = 0.606723 (Wall 0.00087767s, CPU 0.000882s)
Info    : No ill-shaped tets in the mesh :-)
Info    : 0.00 < quality < 0.10 :         0 elements
Info    : 0.10 < quality < 0.20 :         0 elements
Info    : 0.20 < quality < 0.30 :         6 elements
Info    : 0.30 < quality < 0.40 :       128 elements
Info    : 0.40 < quality < 0.50 :       282 elements
Info    : 0.50 < quality < 0.60 :       410 elements
Info    : 0.60 < quality < 0.70 :       343 elements
Info    : 0.70 < quality < 0.80 :       244 elements
Info    : 0.80 < quality < 0.90 :       158 elements
Info    : 0.90 < quality < 1.00 :        41 elements
Info    : Optimizing volume 31
Info    : Optimization starts (volume = 4.15956e+07) with worst = 0.00609853 / average = 0.552116:
Info    : 0.00 < quality < 0.10 :       108 elements
Info    : 0.10 < quality < 0.20 :        12 elements
Info    : 0.20 < quality < 0.30 :        51 elements
Info    : 0.30 < quality < 0.40 :        65 elements
Info    : 0.40 < quality < 0.50 :        71 elements
Info    : 0.50 < quality < 0.60 :       197 elements
Info    : 0.60 < quality < 0.70 :       160 elements
Info    : 0.70 < quality < 0.80 :       249 elements
Info    : 0.80 < quality < 0.90 :        79 elements
Info    : 0.90 < quality < 1.00 :        15 elements
Info    : 20 edge swaps, 0 node relocations (volume = 4.15956e+07): worst = 0.00893658 / average = 0.55908 (Wall 0.00145255s, CPU 0.001452s)
Info    : No ill-shaped tets in the mesh :-)
Info    : 0.00 < quality < 0.10 :       108 elements
Info    : 0.10 < quality < 0.20 :         8 elements
Info    : 0.20 < quality < 0.30 :        38 elements
Info    : 0.30 < quality < 0.40 :        65 elements
Info    : 0.40 < quality < 0.50 :        72 elements
Info    : 0.50 < quality < 0.60 :       197 elements
Info    : 0.60 < quality < 0.70 :       150 elements
Info    : 0.70 < quality < 0.80 :       260 elements
Info    : 0.80 < quality < 0.90 :        78 elements
Info    : 0.90 < quality < 1.00 :        16 elements
Info    : Done optimizing mesh (Wall 0.156812s, CPU 0.153532s)
Info    : 3778 nodes 30147 elements
Warning : ------------------------------
Warning : Mesh generation error summary
Warning :     1 warning
Warning :     0 errors
Warning : Check the full log for details
Warning : ------------------------------
Info    : Writing '/foss/designs/inductor_synth/palace_model/inductor2_N2_do77.43_w4_s3_data/inductor2_N2_do77.43_w4_s3.msh'...
Info    : Done writing '/foss/designs/inductor_synth/palace_model/inductor2_N2_do77.43_w4_s3_data/inductor2_N2_do77.43_w4_s3.msh'
Info    : Clearing all models and views...
Info    : Done clearing all models and views
>> /usr/bin/mpirun -n 1 /foss/tools/bin/palace-x86_64.bin config.json

_____________     _______
_____   __   \____ __   /____ ____________
____   /_/  /  __ ` /  /  __ ` /  ___/  _ \
___   _____/  /_/  /  /  /_/  /  /__/  ___/
  /__/     \___,__/__/\___,__/\_____\_____/

Git changeset ID: v0.17.0-227-gc531cf3e
Running with 1 MPI process
Device configuration: cpu
Memory configuration: host-std
libCEED backend: /cpu/self/xsmm/blocked

Added 2914 boundary elements for material interfaces to the mesh

Characteristic length and time scales:
 Lc = 4.999e-04 m, tc = 1.667e-03 ns
Finished partitioning mesh into 1 subdomain

Mesh curvature order: 1
Mesh bounding box:
 (Xmin, Ymin, Zmin) = (-1.848e-04, -1.848e-04, -5.000e-05) m
 (Xmax, Ymax, Zmax) = (+1.848e-04, +1.848e-04, +4.499e-04) m

Parallel Mesh Stats:

                minimum     average     maximum       total
 vertices          3444        3444        3444        3444
 edges            21407       21407       21407       21407
 faces            34219       34219       34219       34219
 elements         16250       16250       16250       16250
 neighbors            0           0           0

            minimum     maximum
 h       0.00162356    0.225821
 kappa      1.16458     595.199

Estimated current per-rank memory usage is: Min. 41.5M, Max. 41.5M, Avg. 41.5M, Total 41.5M
Estimated current per-node memory usage is: Min. 41.5M, Max. 41.5M, Avg. 41.5M, Total 41.5M

Configuring Robin absorbing BC (order 2) at attributes:
 22

Configuring Robin finite conductivity BC at attributes:
 2: σ = 2.164e+07 S/m, h = 4.200e-07 m, n = (+0.0,+0.0,+1.0)
 3: σ = 2.164e+07 S/m, h = 4.200e-07 m, n = (+0.7,+0.7,+0.0)
 4: σ = 2.780e+07 S/m, h = 2.000e-06 m, n = (+0.0,+0.0,-1.0)
 5: σ = 2.780e+07 S/m, h = 2.000e-06 m, n = (+1.0,-0.1,+0.0)
 6: σ = 2.780e+07 S/m, h = 2.000e-06 m, n = (+0.0,+0.0,-1.0)
 7: σ = 2.780e+07 S/m, h = 2.000e-06 m, n = (+1.0,-0.1,+0.0)
 8: σ = 2.780e+07 S/m, h = 2.000e-06 m, n = (-0.0,+0.0,+1.0)
 9: σ = 2.780e+07 S/m, h = 2.000e-06 m, n = (+0.6,+0.8,+0.0)
 10: σ = 3.030e+07 S/m, h = 3.000e-06 m, n = (+0.0,+0.0,+1.0)
 11: σ = 3.030e+07 S/m, h = 3.000e-06 m, n = (-0.9,+0.4,+0.0)
 12: σ = 3.030e+07 S/m, h = 3.000e-06 m, n = (+0.0,+0.0,+1.0)
 13: σ = 3.030e+07 S/m, h = 3.000e-06 m, n = (+0.9,-0.3,+0.0)

Configuring Robin impedance BC for lumped ports at attributes:
 20: Rs = 2.012e+01 Ω/sq, n = (+0.0,+1.0,+0.0)
 21: Rs = 2.012e+01 Ω/sq, n = (+0.0,+1.0,+0.0)

Configuring lumped port circuit properties:
 Index = 1: R = 5.000e+01 Ω
 Index = 2: R = 5.000e+01 Ω

Configuring lumped port excitation source term at attributes:
 20: Index = 1
 21: Index = 2

[38;2;255;255;000m--> Warning![0m
Adaptive frequency sweep requires > 2 total frequency samples!
Reverting to uniform sweep!


Computing frequency response for:
Excitation 1/2 with index 1 has contributions from:
 Lumped port  1
Excitation 2/2 with index 2 has contributions from:
 Lumped port  2

Assembling system matrices, number of global unknowns:
 H1 (p = 1): 3444, ND (p = 1): 21407, RT (p = 1): 34219
 Operator assembly level: Partial
 Mesh geometries:
  Tetrahedron: P = 6, Q = 4 (quadrature order = 2)
 SuperLUSolver: Using 2D processor grid 1 x 1

Sweeping excitation index 1 (1/2):

Assembling multigrid hierarchy:
 Level 0 (p = 1): 21407 unknowns
 Level 0 (auxiliary) (p = 1): 3444 unknowns

It 1/2: ω/2π = 1.000e-01 GHz (total elapsed time = 2.10e-01 s, solve 1/4)

  Residual norms for GMRES solve

** Memory Usage **********************************
** Total highmark (MB):
    Sum-of-all :   113.91 | Avg :   113.91  | Max :   113.91
    Max at rank 0, different stages (MB):
	. symbfact           10.17
	. distribution      113.91
	. numfact            92.62
** NUMfact space (MB): (sum-of-all-processes)
    L\U :           51.66 |  Total :    92.62
	. max at rank 0, max L+U memory (MB):    51.66
	. max at rank 0, peak buffer (MB):       40.96
**************************************************

** number of Tiny Pivots:        0

  0 (restart 0) KSP residual norm 8.895686e+00
  1 (restart 0) KSP residual norm 1.833727e-01
  2 (restart 0) KSP residual norm 6.957946e-02
  3 (restart 0) KSP residual norm 2.172054e-02
  4 (restart 0) KSP residual norm 1.669161e-03
  5 (restart 0) KSP residual norm 8.843889e-05
  6 (restart 0) KSP residual norm 5.776676e-05
  7 (restart 0) KSP residual norm 1.735561e-05
  8 (restart 0) KSP residual norm 1.038199e-05
  9 (restart 0) KSP residual norm 2.903894e-06
GMRES solver converged in 9 iterations (avg. reduction factor: 1.902e-01)
 Sol. ||E|| = 8.754514e+00 (||RHS|| = 4.066965e-03)
 Field energy E (7.450e-13 J) + H (3.949e-12 J) = 4.694e-12 J
 S[1][1] = +5.527e-02+2.194e-03i, |S[1][1]| = -2.514e+01, arg(S[1][1]) = +2.274e+00
 S[2][1] = +9.447e-01-3.116e-03i, |S[2][1]| = -4.939e-01, arg(S[2][1]) = -1.890e-01
 Updating solution error estimates

It 2/2: ω/2π = 2.000e+01 GHz (total elapsed time = 3.46e+00 s, solve 2/4)

  Residual norms for GMRES solve

** Memory Usage **********************************
** Total highmark (MB):
    Sum-of-all :    95.51 | Avg :    95.51  | Max :    95.51
    Max at rank 0, different stages (MB):
	. symbfact            0.00
	. distribution       95.51
	. numfact            92.62
** NUMfact space (MB): (sum-of-all-processes)
    L\U :           51.66 |  Total :    92.62
	. max at rank 0, max L+U memory (MB):    51.66
	. max at rank 0, peak buffer (MB):       40.96
**************************************************

** number of Tiny Pivots:        0

  0 (restart 0) KSP residual norm 8.935472e+00
  1 (restart 0) KSP residual norm 4.239845e+00
  2 (restart 0) KSP residual norm 9.704950e-01
  3 (restart 0) KSP residual norm 1.315311e-01
  4 (restart 0) KSP residual norm 5.506474e-02
  5 (restart 0) KSP residual norm 2.899192e-02
  6 (restart 0) KSP residual norm 7.871931e-03
  7 (restart 0) KSP residual norm 4.985825e-03
  8 (restart 0) KSP residual norm 2.535615e-03
  9 (restart 0) KSP residual norm 1.059390e-03
 10 (restart 0) KSP residual norm 7.286909e-04
 11 (restart 0) KSP residual norm 2.576919e-04
 12 (restart 0) KSP residual norm 1.619787e-04
 13 (restart 0) KSP residual norm 9.387209e-05
 14 (restart 0) KSP residual norm 5.319066e-05
 15 (restart 0) KSP residual norm 3.110708e-05
 16 (restart 0) KSP residual norm 1.796431e-05
 17 (restart 0) KSP residual norm 7.786737e-06
GMRES solver converged in 17 iterations (avg. reduction factor: 4.401e-01)
 Sol. ||E|| = 9.812182e+00 (||RHS|| = 8.133931e-01)
 Field energy E (1.074e-12 J) + H (3.448e-12 J) = 4.522e-12 J
 S[1][1] = +3.114e-01+3.271e-01i, |S[1][1]| = -6.904e+00, arg(S[1][1]) = +4.640e+01
 S[2][1] = +6.721e-01-4.551e-01i, |S[2][1]| = -1.812e+00, arg(S[2][1]) = -3.410e+01
 Updating solution error estimates

Sweeping excitation index 2 (2/2):

It 1/2: ω/2π = 1.000e-01 GHz (total elapsed time = 6.67e+00 s, solve 3/4)

  Residual norms for GMRES solve

** Memory Usage **********************************
** Total highmark (MB):
    Sum-of-all :    95.51 | Avg :    95.51  | Max :    95.51
    Max at rank 0, different stages (MB):
	. symbfact            0.00
	. distribution       95.51
	. numfact            92.62
** NUMfact space (MB): (sum-of-all-processes)
    L\U :           51.66 |  Total :    92.62
	. max at rank 0, max L+U memory (MB):    51.66
	. max at rank 0, peak buffer (MB):       40.96
**************************************************

** number of Tiny Pivots:        0

  0 (restart 0) KSP residual norm 8.755474e+00
  1 (restart 0) KSP residual norm 1.784745e-01
  2 (restart 0) KSP residual norm 6.931623e-02
  3 (restart 0) KSP residual norm 2.184625e-02
  4 (restart 0) KSP residual norm 1.657901e-03
  5 (restart 0) KSP residual norm 8.274029e-05
  6 (restart 0) KSP residual norm 5.753982e-05
  7 (restart 0) KSP residual norm 1.878819e-05
  8 (restart 0) KSP residual norm 1.015384e-05
  9 (restart 0) KSP residual norm 2.896794e-06
GMRES solver converged in 9 iterations (avg. reduction factor: 1.905e-01)
 Sol. ||E|| = 8.614888e+00 (||RHS|| = 4.066965e-03)
 Field energy E (7.175e-13 J) + H (3.949e-12 J) = 4.666e-12 J
 S[1][2] = +9.447e-01-3.116e-03i, |S[1][2]| = -4.939e-01, arg(S[1][2]) = -1.890e-01
 S[2][2] = +5.527e-02+2.212e-03i, |S[2][2]| = -2.514e+01, arg(S[2][2]) = +2.291e+00
 Updating solution error estimates

It 2/2: ω/2π = 2.000e+01 GHz (total elapsed time = 9.44e+00 s, solve 4/4)

  Residual norms for GMRES solve

** Memory Usage **********************************
** Total highmark (MB):
    Sum-of-all :    95.51 | Avg :    95.51  | Max :    95.51
    Max at rank 0, different stages (MB):
	. symbfact            0.00
	. distribution       95.51
	. numfact            92.62
** NUMfact space (MB): (sum-of-all-processes)
    L\U :           51.66 |  Total :    92.62
	. max at rank 0, max L+U memory (MB):    51.66
	. max at rank 0, peak buffer (MB):       40.96
**************************************************

** number of Tiny Pivots:        0

  0 (restart 0) KSP residual norm 8.857755e+00
  1 (restart 0) KSP residual norm 4.211921e+00
  2 (restart 0) KSP residual norm 1.003912e+00
  3 (restart 0) KSP residual norm 1.478546e-01
  4 (restart 0) KSP residual norm 8.671349e-02
  5 (restart 0) KSP residual norm 3.291767e-02
  6 (restart 0) KSP residual norm 8.198925e-03
  7 (restart 0) KSP residual norm 5.228903e-03
  8 (restart 0) KSP residual norm 2.564988e-03
  9 (restart 0) KSP residual norm 1.109175e-03
 10 (restart 0) KSP residual norm 7.380121e-04
 11 (restart 0) KSP residual norm 2.759965e-04
 12 (restart 0) KSP residual norm 1.742906e-04
 13 (restart 0) KSP residual norm 9.680915e-05
 14 (restart 0) KSP residual norm 5.357892e-05
 15 (restart 0) KSP residual norm 3.067887e-05
 16 (restart 0) KSP residual norm 1.718820e-05
 17 (restart 0) KSP residual norm 7.582800e-06
GMRES solver converged in 17 iterations (avg. reduction factor: 4.396e-01)
 Sol. ||E|| = 9.760059e+00 (||RHS|| = 8.133931e-01)
 Field energy E (1.065e-12 J) + H (3.448e-12 J) = 4.513e-12 J
 S[1][2] = +6.721e-01-4.551e-01i, |S[1][2]| = -1.812e+00, arg(S[1][2]) = -3.410e+01
 S[2][2] = +3.140e-01+3.281e-01i, |S[2][2]| = -6.856e+00, arg(S[2][2]) = +4.625e+01
 Updating solution error estimates

Completed 0 iterations of adaptive mesh refinement (AMR):
 Indicator norm = 5.272e-01, global unknowns = 21407
 Max. iterations = 0, tol. = 1.000e-02, max. size = 2000000

Estimated peak per-rank memory usage is: Min. 329.1M, Max. 329.1M, Avg. 329.1M, Total 329.1M
Estimated peak per-node memory usage is: Min. 329.1M, Max. 329.1M, Avg. 329.1M, Total 329.1M

Elapsed Time Report (s)           Min.        Max.        Avg.
==============================================================
Initialization                   0.099       0.099       0.099
  Mesh Preprocessing             0.180       0.180       0.180
Operator Construction            0.139       0.139       0.139
Linear Solve                     1.954       1.954       1.954
  Setup                          0.746       0.746       0.746
  Preconditioner                 1.801       1.801       1.801
Estimation                       0.087       0.087       0.087
  Construction                   1.002       1.002       1.002
  Solve                          7.332       7.332       7.332
Postprocessing                   0.594       0.594       0.594
Disk IO                          0.267       0.267       0.267
--------------------------------------------------------------
Total                           14.707      14.707      14.707

Peak Memory                   Per-Node       Total   Total HWM
==============================================================
Initialization                    1.7M        1.7M        1.7M
  Mesh Preprocessing              8.9M        8.9M       10.6M
Operator Construction            10.9M       10.9M       21.5M
Linear Solve                      9.6M        9.6M       31.1M
  Setup                          70.8M       70.8M      101.9M
  Preconditioner                136.0M      136.0M      237.8M
Estimation                       11.2M       11.2M      249.1M
  Construction                   27.1M       27.1M      276.2M
  Solve                          11.1M       11.1M      287.3M
Postprocessing                   11.0M       11.0M      298.3M
Disk IO                           6.9M        6.9M      305.2M
--------------------------------------------------------------
Total                           319.2M      319.2M      319.2M

>> /usr/bin/mpirun -n 1 /foss/tools/bin/palace-x86_64.bin config.json

_____________     _______
_____   __   \____ __   /____ ____________
____   /_/  /  __ ` /  /  __ ` /  ___/  _ \
___   _____/  /_/  /  /  /_/  /  /__/  ___/
  /__/     \___,__/__/\___,__/\_____\_____/

Git changeset ID: v0.17.0-227-gc531cf3e
Running with 1 MPI process
Device configuration: cpu
Memory configuration: host-std
libCEED backend: /cpu/self/xsmm/blocked

Added 3320 boundary elements for material interfaces to the mesh

Characteristic length and time scales:
 Lc = 4.999e-04 m, tc = 1.667e-03 ns
Finished partitioning mesh into 1 subdomain

Mesh curvature order: 1
Mesh bounding box:
 (Xmin, Ymin, Zmin) = (-1.924e-04, -1.924e-04, -5.000e-05) m
 (Xmax, Ymax, Zmax) = (+1.924e-04, +1.924e-04, +4.499e-04) m

Parallel Mesh Stats:

                minimum     average     maximum       total
 vertices          3755        3755        3755        3755
 edges            23344       23344       23344       23344
 faces            37356       37356       37356       37356
 elements         17761       17761       17761       17761
 neighbors            0           0           0

            minimum     maximum
 h       0.00219205    0.224772
 kappa      1.04369     317.414

Estimated current per-rank memory usage is: Min. 42.8M, Max. 42.8M, Avg. 42.8M, Total 42.8M
Estimated current per-node memory usage is: Min. 42.8M, Max. 42.8M, Avg. 42.8M, Total 42.8M

Configuring Robin absorbing BC (order 2) at attributes:
 22

Configuring Robin finite conductivity BC at attributes:
 2: σ = 2.164e+07 S/m, h = 4.200e-07 m, n = (+0.0,+0.0,+1.0)
 3: σ = 2.164e+07 S/m, h = 4.200e-07 m, n = (+0.7,+0.7,+0.0)
 4: σ = 2.780e+07 S/m, h = 2.000e-06 m, n = (+0.0,+0.0,-1.0)
 5: σ = 2.780e+07 S/m, h = 2.000e-06 m, n = (+1.0,-0.1,+0.0)
 6: σ = 2.780e+07 S/m, h = 2.000e-06 m, n = (+0.0,+0.0,-1.0)
 7: σ = 2.780e+07 S/m, h = 2.000e-06 m, n = (+1.0,-0.1,+0.0)
 8: σ = 2.780e+07 S/m, h = 2.000e-06 m, n = (+0.0,+0.0,+1.0)
 9: σ = 2.780e+07 S/m, h = 2.000e-06 m, n = (+0.5,+0.9,-0.0)
 10: σ = 3.030e+07 S/m, h = 3.000e-06 m, n = (+0.0,+0.0,+1.0)
 11: σ = 3.030e+07 S/m, h = 3.000e-06 m, n = (-0.9,+0.4,-0.0)
 12: σ = 3.030e+07 S/m, h = 3.000e-06 m, n = (+0.0,+0.0,+1.0)
 13: σ = 3.030e+07 S/m, h = 3.000e-06 m, n = (+0.9,-0.3,-0.0)

Configuring Robin impedance BC for lumped ports at attributes:
 20: Rs = 3.018e+01 Ω/sq, n = (+0.0,+1.0,+0.0)
 21: Rs = 3.018e+01 Ω/sq, n = (+0.0,+1.0,+0.0)

Configuring lumped port circuit properties:
 Index = 1: R = 5.000e+01 Ω
 Index = 2: R = 5.000e+01 Ω

Configuring lumped port excitation source term at attributes:
 20: Index = 1
 21: Index = 2

[38;2;255;255;000m--> Warning![0m
Adaptive frequency sweep requires > 2 total frequency samples!
Reverting to uniform sweep!


Computing frequency response for:
Excitation 1/2 with index 1 has contributions from:
 Lumped port  1
Excitation 2/2 with index 2 has contributions from:
 Lumped port  2

Assembling system matrices, number of global unknowns:
 H1 (p = 1): 3755, ND (p = 1): 23344, RT (p = 1): 37356
 Operator assembly level: Partial
 Mesh geometries:
  Tetrahedron: P = 6, Q = 4 (quadrature order = 2)
 SuperLUSolver: Using 2D processor grid 1 x 1

Sweeping excitation index 1 (1/2):

Assembling multigrid hierarchy:
 Level 0 (p = 1): 23344 unknowns
 Level 0 (auxiliary) (p = 1): 3755 unknowns

It 1/2: ω/2π = 1.000e-01 GHz (total elapsed time = 2.09e-01 s, solve 1/4)

  Residual norms for GMRES solve

** Memory Usage **********************************
** Total highmark (MB):
    Sum-of-all :   125.42 | Avg :   125.42  | Max :   125.42
    Max at rank 0, different stages (MB):
	. symbfact           10.63
	. distribution      125.42
	. numfact            97.35
** NUMfact space (MB): (sum-of-all-processes)
    L\U :           58.11 |  Total :    97.35
	. max at rank 0, max L+U memory (MB):    58.11
	. max at rank 0, peak buffer (MB):       39.23
**************************************************

** number of Tiny Pivots:        0

  0 (restart 0) KSP residual norm 8.935466e+00
  1 (restart 0) KSP residual norm 2.107827e-01
  2 (restart 0) KSP residual norm 6.572384e-02
  3 (restart 0) KSP residual norm 3.150971e-02
  4 (restart 0) KSP residual norm 3.325628e-03
  5 (restart 0) KSP residual norm 1.504745e-04
  6 (restart 0) KSP residual norm 8.029349e-05
  7 (restart 0) KSP residual norm 2.279255e-05
  8 (restart 0) KSP residual norm 1.294630e-05
  9 (restart 0) KSP residual norm 5.624531e-06
GMRES solver converged in 9 iterations (avg. reduction factor: 2.046e-01)
 Sol. ||E|| = 8.769095e+00 (||RHS|| = 4.066965e-03)
 Field energy E (8.456e-13 J) + H (3.618e-12 J) = 4.464e-12 J
 S[1][1] = +5.351e-02+1.893e-03i, |S[1][1]| = -2.543e+01, arg(S[1][1]) = +2.027e+00
 S[2][1] = +9.465e-01-2.942e-03i, |S[2][1]| = -4.778e-01, arg(S[2][1]) = -1.781e-01
 Updating solution error estimates

It 2/2: ω/2π = 2.000e+01 GHz (total elapsed time = 3.57e+00 s, solve 2/4)

  Residual norms for GMRES solve

** Memory Usage **********************************
** Total highmark (MB):
    Sum-of-all :   105.94 | Avg :   105.94  | Max :   105.94
    Max at rank 0, different stages (MB):
	. symbfact            0.00
	. distribution      105.94
	. numfact            97.35
** NUMfact space (MB): (sum-of-all-processes)
    L\U :           58.11 |  Total :    97.35
	. max at rank 0, max L+U memory (MB):    58.11
	. max at rank 0, peak buffer (MB):       39.23
**************************************************

** number of Tiny Pivots:        0

  0 (restart 0) KSP residual norm 8.513846e+00
  1 (restart 0) KSP residual norm 4.092203e+00
  2 (restart 0) KSP residual norm 8.772178e-01
  3 (restart 0) KSP residual norm 1.327190e-01
  4 (restart 0) KSP residual norm 6.267125e-02
  5 (restart 0) KSP residual norm 2.701687e-02
  6 (restart 0) KSP residual norm 8.755856e-03
  7 (restart 0) KSP residual norm 5.002429e-03
  8 (restart 0) KSP residual norm 2.220426e-03
  9 (restart 0) KSP residual norm 1.126309e-03
 10 (restart 0) KSP residual norm 7.841621e-04
 11 (restart 0) KSP residual norm 2.671854e-04
 12 (restart 0) KSP residual norm 1.688527e-04
 13 (restart 0) KSP residual norm 9.369144e-05
 14 (restart 0) KSP residual norm 5.227867e-05
 15 (restart 0) KSP residual norm 2.948230e-05
 16 (restart 0) KSP residual norm 1.770194e-05
 17 (restart 0) KSP residual norm 8.157760e-06
GMRES solver converged in 17 iterations (avg. reduction factor: 4.426e-01)
 Sol. ||E|| = 9.149522e+00 (||RHS|| = 8.133931e-01)
 Field energy E (9.064e-13 J) + H (3.090e-12 J) = 3.997e-12 J
 S[1][1] = +2.562e-01+2.983e-01i, |S[1][1]| = -8.107e+00, arg(S[1][1]) = +4.934e+01
 S[2][1] = +7.245e-01-4.375e-01i, |S[2][1]| = -1.449e+00, arg(S[2][1]) = -3.113e+01
 Updating solution error estimates

Sweeping excitation index 2 (2/2):

It 1/2: ω/2π = 1.000e-01 GHz (total elapsed time = 7.18e+00 s, solve 3/4)

  Residual norms for GMRES solve

** Memory Usage **********************************
** Total highmark (MB):
    Sum-of-all :   105.94 | Avg :   105.94  | Max :   105.94
    Max at rank 0, different stages (MB):
	. symbfact            0.00
	. distribution      105.94
	. numfact            97.35
** NUMfact space (MB): (sum-of-all-processes)
    L\U :           58.11 |  Total :    97.35
	. max at rank 0, max L+U memory (MB):    58.11
	. max at rank 0, peak buffer (MB):       39.23
**************************************************

** number of Tiny Pivots:        0

  0 (restart 0) KSP residual norm 8.776346e+00
  1 (restart 0) KSP residual norm 2.085016e-01
  2 (restart 0) KSP residual norm 6.528891e-02
  3 (restart 0) KSP residual norm 3.155497e-02
  4 (restart 0) KSP residual norm 3.291611e-03
  5 (restart 0) KSP residual norm 1.473479e-04
  6 (restart 0) KSP residual norm 8.082673e-05
  7 (restart 0) KSP residual norm 2.352354e-05
  8 (restart 0) KSP residual norm 1.213299e-05
  9 (restart 0) KSP residual norm 4.406029e-06
GMRES solver converged in 9 iterations (avg. reduction factor: 1.996e-01)
 Sol. ||E|| = 8.611556e+00 (||RHS|| = 4.066965e-03)
 Field energy E (8.138e-13 J) + H (3.618e-12 J) = 4.432e-12 J
 S[1][2] = +9.465e-01-2.942e-03i, |S[1][2]| = -4.778e-01, arg(S[1][2]) = -1.781e-01
 S[2][2] = +5.351e-02+1.913e-03i, |S[2][2]| = -2.543e+01, arg(S[2][2]) = +2.048e+00
 Updating solution error estimates

It 2/2: ω/2π = 2.000e+01 GHz (total elapsed time = 1.02e+01 s, solve 4/4)

  Residual norms for GMRES solve

** Memory Usage **********************************
** Total highmark (MB):
    Sum-of-all :   105.94 | Avg :   105.94  | Max :   105.94
    Max at rank 0, different stages (MB):
	. symbfact            0.00
	. distribution      105.94
	. numfact            97.35
** NUMfact space (MB): (sum-of-all-processes)
    L\U :           58.11 |  Total :    97.35
	. max at rank 0, max L+U memory (MB):    58.11
	. max at rank 0, peak buffer (MB):       39.23
**************************************************

** number of Tiny Pivots:        0

  0 (restart 0) KSP residual norm 8.526539e+00
  1 (restart 0) KSP residual norm 4.072092e+00
  2 (restart 0) KSP residual norm 9.080409e-01
  3 (restart 0) KSP residual norm 1.527821e-01
  4 (restart 0) KSP residual norm 9.569596e-02
  5 (restart 0) KSP residual norm 2.958846e-02
  6 (restart 0) KSP residual norm 9.619186e-03
  7 (restart 0) KSP residual norm 5.084611e-03
  8 (restart 0) KSP residual norm 2.240197e-03
  9 (restart 0) KSP residual norm 1.150857e-03
 10 (restart 0) KSP residual norm 7.795543e-04
 11 (restart 0) KSP residual norm 2.727731e-04
 12 (restart 0) KSP residual norm 1.782583e-04
 13 (restart 0) KSP residual norm 9.900429e-05
 14 (restart 0) KSP residual norm 5.444827e-05
 15 (restart 0) KSP residual norm 2.924691e-05
 16 (restart 0) KSP residual norm 1.738353e-05
 17 (restart 0) KSP residual norm 7.866388e-06
GMRES solver converged in 17 iterations (avg. reduction factor: 4.416e-01)
 Sol. ||E|| = 9.137656e+00 (||RHS|| = 8.133931e-01)
 Field energy E (8.970e-13 J) + H (3.089e-12 J) = 3.986e-12 J
 S[1][2] = +7.245e-01-4.375e-01i, |S[1][2]| = -1.449e+00, arg(S[1][2]) = -3.113e+01
 S[2][2] = +2.595e-01+2.992e-01i, |S[2][2]| = -8.044e+00, arg(S[2][2]) = +4.907e+01
 Updating solution error estimates

Completed 0 iterations of adaptive mesh refinement (AMR):
 Indicator norm = 5.098e-01, global unknowns = 23344
 Max. iterations = 0, tol. = 1.000e-02, max. size = 2000000

Estimated peak per-rank memory usage is: Min. 354.6M, Max. 354.6M, Avg. 354.6M, Total 354.6M
Estimated peak per-node memory usage is: Min. 354.6M, Max. 354.6M, Avg. 354.6M, Total 354.6M

Elapsed Time Report (s)           Min.        Max.        Avg.
==============================================================
Initialization                   0.047       0.047       0.047
  Mesh Preprocessing             0.179       0.179       0.179
Operator Construction            0.241       0.241       0.241
Linear Solve                     2.207       2.207       2.207
  Setup                          0.788       0.788       0.788
  Preconditioner                 2.009       2.009       2.009
Estimation                       0.094       0.094       0.094
  Construction                   1.113       1.113       1.113
  Solve                          7.708       7.708       7.708
Postprocessing                   0.631       0.631       0.631
Disk IO                          0.203       0.203       0.203
--------------------------------------------------------------
Total                           15.541      15.541      15.541

Peak Memory                   Per-Node       Total   Total HWM
==============================================================
Initialization                    1.6M        1.6M        1.6M
  Mesh Preprocessing             10.6M       10.6M       12.2M
Operator Construction            10.8M       10.8M       23.0M
Linear Solve                     11.2M       11.2M       34.1M
  Setup                          79.0M       79.0M      113.1M
  Preconditioner                145.3M      145.3M      258.4M
Estimation                       12.0M       12.0M      270.4M
  Construction                   28.9M       28.9M      299.3M
  Solve                          12.1M       12.1M      311.4M
Postprocessing                   12.0M       12.0M      323.4M
Disk IO                           7.6M        7.6M      331.0M
--------------------------------------------------------------
Total                           344.9M      344.9M      344.9M

Found extra file with port information: /foss/designs/inductor_synth/palace_model/inductor2_N2_do74.78_w4_s2.01_data/port_information.json
Port Z0 values found: [50, 50]
Port impedance for Touchstone header:  50
Number of ports:  2
Created combined S-parameter file for  2 ports, filename:  /foss/designs/inductor_synth/palace_model/inductor2_N2_do74.78_w4_s2.01_data/output/inductor2_N2_do74.78_w4_s2.01/inductor2_N2_do74.78_w4_s2.01.s2p
Skipping DC extrapolation, not enough frequency points
Port de-embedding based on port geometry data
Cascading L= -2.18 pH at port 1
Cascading L= -2.18 pH at port 2
Created file with de-embedding (cascaded negative port L):  /foss/designs/inductor_synth/palace_model/inductor2_N2_do74.78_w4_s2.01_data/output/inductor2_N2_do74.78_w4_s2.01/inductor2_N2_do74.78_w4_s2.01_deembedded 

Found extra file with port information: /foss/designs/inductor_synth/palace_model/inductor2_N2_do77.43_w4_s3_data/port_information.json
Port Z0 values found: [50, 50]
Port impedance for Touchstone header:  50
Number of ports:  2
Created combined S-parameter file for  2 ports, filename:  /foss/designs/inductor_synth/palace_model/inductor2_N2_do77.43_w4_s3_data/output/inductor2_N2_do77.43_w4_s3/inductor2_N2_do77.43_w4_s3.s2p
Skipping DC extrapolation, not enough frequency points
Port de-embedding based on port geometry data
Cascading L= -1.82 pH at port 1
Cascading L= -1.82 pH at port 2
Created file with de-embedding (cascaded negative port L):  /foss/designs/inductor_synth/palace_model/inductor2_N2_do77.43_w4_s3_data/output/inductor2_N2_do77.43_w4_s3/inductor2_N2_do77.43_w4_s3_deembedded 

Info    : Meshing 1D...
Info    : [  0%] Meshing curve 64 (Line)
Info    : [ 10%] Meshing curve 65 (Line)
Info    : [ 10%] Meshing curve 67 (Line)
Info    : [ 10%] Meshing curve 69 (Line)
Info    : [ 10%] Meshing curve 70 (Line)
Info    : [ 10%] Meshing curve 71 (Line)
Info    : [ 10%] Meshing curve 72 (Line)
Info    : [ 10%] Meshing curve 76 (Line)
Info    : [ 10%] Meshing curve 77 (Line)
Info    : [ 10%] Meshing curve 79 (Line)
Info    : [ 10%] Meshing curve 81 (Line)
Info    : [ 10%] Meshing curve 82 (Line)
Info    : [ 10%] Meshing curve 83 (Line)
Info    : [ 10%] Meshing curve 84 (Line)
Info    : [ 10%] Meshing curve 85 (Line)
Info    : [ 10%] Meshing curve 86 (Line)
Info    : [ 10%] Meshing curve 87 (Line)
Info    : [ 10%] Meshing curve 88 (Line)
Info    : [ 10%] Meshing curve 89 (Line)
Info    : [ 10%] Meshing curve 90 (Line)
Info    : [ 10%] Meshing curve 91 (Line)
Info    : [ 10%] Meshing curve 92 (Line)
Info    : [ 10%] Meshing curve 93 (Line)
Info    : [ 10%] Meshing curve 94 (Line)
Info    : [ 10%] Meshing curve 95 (Line)
Info    : [ 10%] Meshing curve 96 (Line)
Info    : [ 10%] Meshing curve 97 (Line)
Info    : [ 10%] Meshing curve 98 (Line)
Info    : [ 10%] Meshing curve 99 (Line)
Info    : [ 10%] Meshing curve 100 (Line)
Info    : [ 10%] Meshing curve 101 (Line)
Info    : [ 10%] Meshing curve 102 (Line)
Info    : [ 10%] Meshing curve 103 (Line)
Info    : [ 20%] Meshing curve 104 (Line)
Info    : [ 20%] Meshing curve 105 (Line)
Info    : [ 20%] Meshing curve 106 (Line)
Info    : [ 20%] Meshing curve 107 (Line)
Info    : [ 20%] Meshing curve 108 (Line)
Info    : [ 20%] Meshing curve 109 (Line)
Info    : [ 20%] Meshing curve 110 (Line)
Info    : [ 20%] Meshing curve 111 (Line)
Info    : [ 20%] Meshing curve 112 (Line)
Info    : [ 20%] Meshing curve 113 (Line)
Info    : [ 20%] Meshing curve 114 (Line)
Info    : [ 20%] Meshing curve 115 (Line)
Info    : [ 20%] Meshing curve 116 (Line)
Info    : [ 20%] Meshing curve 117 (Line)
Info    : [ 20%] Meshing curve 118 (Line)
Info    : [ 20%] Meshing curve 119 (Line)
Info    : [ 20%] Meshing curve 120 (Line)
Info    : [ 20%] Meshing curve 121 (Line)
Info    : [ 20%] Meshing curve 122 (Line)
Info    : [ 20%] Meshing curve 123 (Line)
Info    : [ 20%] Meshing curve 124 (Line)
Info    : [ 20%] Meshing curve 125 (Line)
Info    : [ 20%] Meshing curve 126 (Line)
Info    : [ 20%] Meshing curve 127 (Line)
Info    : [ 20%] Meshing curve 128 (Line)
Info    : [ 20%] Meshing curve 129 (Line)
Info    : [ 20%] Meshing curve 130 (Line)
Info    : [ 20%] Meshing curve 131 (Line)
Info    : [ 20%] Meshing curve 132 (Line)
Info    : [ 20%] Meshing curve 133 (Line)
Info    : [ 20%] Meshing curve 134 (Line)
Info    : [ 20%] Meshing curve 135 (Line)
Info    : [ 20%] Meshing curve 136 (Line)
Info    : [ 30%] Meshing curve 137 (Line)
Info    : [ 30%] Meshing curve 138 (Line)
Info    : [ 30%] Meshing curve 139 (Line)
Info    : [ 30%] Meshing curve 140 (Line)
Info    : [ 30%] Meshing curve 141 (Line)
Info    : [ 30%] Meshing curve 142 (Line)
Info    : [ 30%] Meshing curve 143 (Line)
Info    : [ 30%] Meshing curve 144 (Line)
Info    : [ 30%] Meshing curve 145 (Line)
Info    : [ 30%] Meshing curve 146 (Line)
Info    : [ 30%] Meshing curve 147 (Line)
Info    : [ 30%] Meshing curve 148 (Line)
Info    : [ 30%] Meshing curve 149 (Line)
Info    : [ 30%] Meshing curve 150 (Line)
Info    : [ 30%] Meshing curve 151 (Line)
Info    : [ 30%] Meshing curve 152 (Line)
Info    : [ 30%] Meshing curve 153 (Line)
Info    : [ 30%] Meshing curve 154 (Line)
Info    : [ 30%] Meshing curve 155 (Line)
Info    : [ 30%] Meshing curve 156 (Line)
Info    : [ 30%] Meshing curve 385 (Line)
Info    : [ 30%] Meshing curve 386 (Line)
Info    : [ 30%] Meshing curve 387 (Line)
Info    : [ 30%] Meshing curve 388 (Line)
Info    : [ 30%] Meshing curve 389 (Line)
Info    : [ 30%] Meshing curve 390 (Line)
Info    : [ 30%] Meshing curve 391 (Line)
Info    : [ 30%] Meshing curve 392 (Line)
Info    : [ 30%] Meshing curve 393 (Line)
Info    : [ 30%] Meshing curve 394 (Line)
Info    : [ 30%] Meshing curve 395 (Line)
Info    : [ 30%] Meshing curve 396 (Line)
Info    : [ 40%] Meshing curve 397 (TrimmedCurve)
Info    : [ 40%] Meshing curve 398 (Line)
Info    : [ 40%] Meshing curve 399 (TrimmedCurve)
Info    : [ 40%] Meshing curve 400 (Line)
Info    : [ 40%] Meshing curve 401 (Line)
Info    : [ 40%] Meshing curve 402 (Line)
Info    : [ 40%] Meshing curve 403 (Line)
Info    : [ 40%] Meshing curve 404 (Line)
Info    : [ 40%] Meshing curve 405 (Line)
Info    : [ 40%] Meshing curve 406 (Line)
Info    : [ 40%] Meshing curve 407 (Line)
Info    : [ 40%] Meshing curve 408 (TrimmedCurve)
Info    : [ 40%] Meshing curve 409 (Line)
Info    : [ 40%] Meshing curve 410 (TrimmedCurve)
Info    : [ 40%] Meshing curve 411 (Line)
Info    : [ 40%] Meshing curve 412 (Line)
Info    : [ 40%] Meshing curve 413 (Line)
Info    : [ 40%] Meshing curve 414 (Line)
Info    : [ 40%] Meshing curve 415 (Line)
Info    : [ 40%] Meshing curve 416 (Line)
Info    : [ 40%] Meshing curve 417 (Line)
Info    : [ 40%] Meshing curve 418 (Line)
Info    : [ 40%] Meshing curve 419 (Line)
Info    : [ 40%] Meshing curve 420 (Line)
Info    : [ 40%] Meshing curve 421 (Line)
Info    : [ 40%] Meshing curve 422 (Line)
Info    : [ 40%] Meshing curve 423 (Line)
Info    : [ 40%] Meshing curve 424 (Line)
Info    : [ 40%] Meshing curve 425 (Line)
Info    : [ 40%] Meshing curve 426 (Line)
Info    : [ 40%] Meshing curve 427 (Line)
Info    : [ 40%] Meshing curve 428 (Line)
Info    : [ 40%] Meshing curve 429 (Line)
Info    : [ 50%] Meshing curve 430 (Line)
Info    : [ 50%] Meshing curve 431 (Line)
Info    : [ 50%] Meshing curve 432 (TrimmedCurve)
Info    : [ 50%] Meshing curve 433 (Line)
Info    : [ 50%] Meshing curve 434 (TrimmedCurve)
Info    : [ 50%] Meshing curve 435 (Line)
Info    : [ 50%] Meshing curve 436 (TrimmedCurve)
Info    : [ 50%] Meshing curve 437 (Line)
Info    : [ 50%] Meshing curve 438 (TrimmedCurve)
Info    : [ 50%] Meshing curve 439 (Line)
Info    : [ 50%] Meshing curve 440 (TrimmedCurve)
Info    : [ 50%] Meshing curve 441 (Line)
Info    : [ 50%] Meshing curve 442 (TrimmedCurve)
Info    : [ 50%] Meshing curve 443 (Line)
Info    : [ 50%] Meshing curve 444 (Line)
Info    : [ 50%] Meshing curve 445 (Line)
Info    : [ 50%] Meshing curve 446 (Line)
Info    : [ 50%] Meshing curve 447 (Line)
Info    : [ 50%] Meshing curve 448 (TrimmedCurve)
Info    : [ 50%] Meshing curve 449 (Line)
Info    : [ 50%] Meshing curve 450 (TrimmedCurve)
Info    : [ 50%] Meshing curve 451 (Line)
Info    : [ 50%] Meshing curve 452 (TrimmedCurve)
Info    : [ 50%] Meshing curve 453 (Line)
Info    : [ 50%] Meshing curve 454 (TrimmedCurve)
Info    : [ 50%] Meshing curve 455 (Line)
Info    : [ 50%] Meshing curve 456 (TrimmedCurve)
Info    : [ 50%] Meshing curve 457 (Line)
Info    : [ 50%] Meshing curve 458 (TrimmedCurve)
Info    : [ 50%] Meshing curve 459 (Line)
Info    : [ 50%] Meshing curve 460 (Line)
Info    : [ 50%] Meshing curve 461 (TrimmedCurve)
Info    : [ 50%] Meshing curve 462 (Line)
Info    : [ 60%] Meshing curve 463 (TrimmedCurve)
Info    : [ 60%] Meshing curve 464 (Line)
Info    : [ 60%] Meshing curve 465 (TrimmedCurve)
Info    : [ 60%] Meshing curve 466 (Line)
Info    : [ 60%] Meshing curve 467 (TrimmedCurve)
Info    : [ 60%] Meshing curve 468 (Line)
Info    : [ 60%] Meshing curve 469 (TrimmedCurve)
Info    : [ 60%] Meshing curve 470 (Line)
Info    : [ 60%] Meshing curve 471 (TrimmedCurve)
Info    : [ 60%] Meshing curve 472 (Line)
Info    : [ 60%] Meshing curve 473 (Line)
Info    : [ 60%] Meshing curve 474 (Line)
Info    : [ 60%] Meshing curve 475 (Line)
Info    : [ 60%] Meshing curve 476 (Line)
Info    : [ 60%] Meshing curve 477 (TrimmedCurve)
Info    : [ 60%] Meshing curve 478 (Line)
Info    : [ 60%] Meshing curve 479 (TrimmedCurve)
Info    : [ 60%] Meshing curve 480 (Line)
Info    : [ 60%] Meshing curve 481 (TrimmedCurve)
Info    : [ 60%] Meshing curve 482 (Line)
Info    : [ 60%] Meshing curve 483 (TrimmedCurve)
Info    : [ 60%] Meshing curve 484 (Line)
Info    : [ 60%] Meshing curve 485 (TrimmedCurve)
Info    : [ 60%] Meshing curve 486 (Line)
Info    : [ 60%] Meshing curve 487 (TrimmedCurve)
Info    : [ 60%] Meshing curve 488 (Line)
Info    : [ 60%] Meshing curve 489 (Line)
Info    : [ 60%] Meshing curve 490 (Line)
Info    : [ 60%] Meshing curve 491 (Line)
Info    : [ 60%] Meshing curve 492 (Line)
Info    : [ 60%] Meshing curve 493 (Line)
Info    : [ 60%] Meshing curve 494 (Line)
Info    : [ 70%] Meshing curve 495 (Line)
Info    : [ 70%] Meshing curve 496 (Line)
Info    : [ 70%] Meshing curve 497 (Line)
Info    : [ 70%] Meshing curve 498 (Line)
Info    : [ 70%] Meshing curve 499 (Line)
Info    : [ 70%] Meshing curve 500 (Line)
Info    : [ 70%] Meshing curve 501 (Line)
Info    : [ 70%] Meshing curve 502 (Line)
Info    : [ 70%] Meshing curve 503 (Line)
Info    : [ 70%] Meshing curve 504 (Line)
Info    : [ 70%] Meshing curve 505 (Line)
Info    : [ 70%] Meshing curve 506 (Line)
Info    : [ 70%] Meshing curve 507 (Line)
Info    : [ 70%] Meshing curve 508 (Line)
Info    : [ 70%] Meshing curve 509 (Line)
Info    : [ 70%] Meshing curve 510 (Line)
Info    : [ 70%] Meshing curve 511 (Line)
Info    : [ 70%] Meshing curve 512 (Line)
Info    : [ 70%] Meshing curve 513 (Line)
Info    : [ 70%] Meshing curve 514 (Line)
Info    : [ 70%] Meshing curve 515 (Line)
Info    : [ 70%] Meshing curve 516 (Line)
Info    : [ 70%] Meshing curve 517 (Line)
Info    : [ 70%] Meshing curve 518 (Line)
Info    : [ 70%] Meshing curve 519 (Line)
Info    : [ 70%] Meshing curve 520 (Line)
Info    : [ 70%] Meshing curve 521 (Line)
Info    : [ 70%] Meshing curve 522 (Line)
Info    : [ 70%] Meshing curve 523 (Line)
Info    : [ 70%] Meshing curve 524 (Line)
Info    : [ 70%] Meshing curve 525 (Line)
Info    : [ 70%] Meshing curve 526 (Line)
Info    : [ 70%] Meshing curve 527 (Line)
Info    : [ 80%] Meshing curve 528 (TrimmedCurve)
Info    : [ 80%] Meshing curve 529 (Line)
Info    : [ 80%] Meshing curve 530 (Line)
Info    : [ 80%] Meshing curve 531 (Line)
Info    : [ 80%] Meshing curve 532 (Line)
Info    : [ 80%] Meshing curve 533 (Line)
Info    : [ 80%] Meshing curve 534 (TrimmedCurve)
Info    : [ 80%] Meshing curve 535 (Line)
Info    : [ 80%] Meshing curve 536 (Line)
Info    : [ 80%] Meshing curve 537 (TrimmedCurve)
Info    : [ 80%] Meshing curve 538 (Line)
Info    : [ 80%] Meshing curve 539 (Line)
Info    : [ 80%] Meshing curve 540 (Line)
Info    : [ 80%] Meshing curve 541 (Line)
Info    : [ 80%] Meshing curve 542 (Line)
Info    : [ 80%] Meshing curve 543 (TrimmedCurve)
Info    : [ 80%] Meshing curve 544 (Line)
Info    : [ 80%] Meshing curve 545 (Line)
Info    : [ 80%] Meshing curve 546 (Line)
Info    : [ 80%] Meshing curve 547 (Line)
Info    : [ 80%] Meshing curve 548 (Line)
Info    : [ 80%] Meshing curve 549 (Line)
Info    : [ 80%] Meshing curve 550 (Line)
Info    : [ 80%] Meshing curve 551 (Line)
Info    : [ 80%] Meshing curve 552 (Line)
Info    : [ 80%] Meshing curve 553 (Line)
Info    : [ 80%] Meshing curve 554 (Line)
Info    : [ 80%] Meshing curve 555 (Line)
Info    : [ 80%] Meshing curve 556 (Line)
Info    : [ 80%] Meshing curve 557 (Line)
Info    : [ 80%] Meshing curve 558 (Line)
Info    : [ 80%] Meshing curve 559 (Line)
Info    : [ 90%] Meshing curve 560 (Line)
Info    : [ 90%] Meshing curve 561 (Line)
Info    : [ 90%] Meshing curve 562 (Line)
Info    : [ 90%] Meshing curve 563 (Line)
Info    : [ 90%] Meshing curve 564 (Line)
Info    : [ 90%] Meshing curve 565 (Line)
Info    : [ 90%] Meshing curve 566 (Line)
Info    : [ 90%] Meshing curve 567 (Line)
Info    : [ 90%] Meshing curve 568 (Line)
Info    : [ 90%] Meshing curve 569 (Line)
Info    : [ 90%] Meshing curve 570 (Line)
Info    : [ 90%] Meshing curve 571 (Line)
Info    : [ 90%] Meshing curve 572 (Line)
Info    : [ 90%] Meshing curve 573 (Line)
Info    : [ 90%] Meshing curve 574 (Line)
Info    : [ 90%] Meshing curve 575 (Line)
Info    : [ 90%] Meshing curve 576 (Line)
Info    : [ 90%] Meshing curve 577 (Line)
Info    : [ 90%] Meshing curve 578 (Line)
Info    : [ 90%] Meshing curve 579 (Line)
Info    : [ 90%] Meshing curve 580 (Line)
Info    : [ 90%] Meshing curve 581 (Line)
Info    : [ 90%] Meshing curve 582 (Line)
Info    : [ 90%] Meshing curve 583 (Line)
Info    : [ 90%] Meshing curve 584 (Line)
Info    : [ 90%] Meshing curve 585 (Line)
Info    : [ 90%] Meshing curve 586 (Line)
Info    : [ 90%] Meshing curve 587 (Line)
Info    : [ 90%] Meshing curve 588 (Line)
Info    : [ 90%] Meshing curve 589 (Line)
Info    : [ 90%] Meshing curve 590 (Line)
Info    : [ 90%] Meshing curve 591 (Line)
Info    : [ 90%] Meshing curve 592 (Line)
Info    : [100%] Meshing curve 593 (Line)
Info    : [100%] Meshing curve 594 (Line)
Info    : [100%] Meshing curve 595 (Line)
Info    : [100%] Meshing curve 596 (Line)
Info    : [100%] Meshing curve 597 (Line)
Info    : [100%] Meshing curve 598 (Line)
Info    : [100%] Meshing curve 599 (Line)
Info    : [100%] Meshing curve 600 (Line)
Info    : [100%] Meshing curve 601 (Line)
Info    : [100%] Meshing curve 602 (Line)
Info    : [100%] Meshing curve 603 (Line)
Info    : [100%] Meshing curve 604 (Line)
Info    : [100%] Meshing curve 605 (Line)
Info    : [100%] Meshing curve 606 (Line)
Info    : [100%] Meshing curve 607 (Line)
Info    : [100%] Meshing curve 608 (Line)
Info    : [100%] Meshing curve 609 (Line)
Info    : [100%] Meshing curve 610 (Line)
Info    : [100%] Meshing curve 611 (Line)
Info    : [100%] Meshing curve 612 (Line)
Info    : [100%] Meshing curve 613 (Line)
Info    : [100%] Meshing curve 614 (Line)
Info    : [100%] Meshing curve 615 (Line)
Info    : [100%] Meshing curve 616 (Line)
Info    : [100%] Meshing curve 617 (Line)
Info    : [100%] Meshing curve 618 (Line)
Info    : [100%] Meshing curve 619 (Line)
Info    : [100%] Meshing curve 620 (Line)
Info    : [100%] Meshing curve 621 (Line)
Info    : [100%] Meshing curve 622 (Line)
Info    : [100%] Meshing curve 623 (Line)
Info    : [100%] Meshing curve 624 (Line)
Info    : Done meshing 1D (Wall 1.28087s, CPU 1.27966s)
Info    : Meshing 2D...
Info    : [  0%] Meshing surface 35 (Plane, Delaunay)
Info    : [ 10%] Meshing surface 41 (Plane, Delaunay)
Info    : [ 10%] Meshing surface 43 (Plane, Delaunay)
Info    : [ 10%] Meshing surface 44 (Plane, Delaunay)
Info    : [ 10%] Meshing surface 45 (Plane, Delaunay)
Info    : [ 10%] Meshing surface 46 (Plane, Delaunay)
Info    : [ 10%] Meshing surface 47 (Plane, Delaunay)
Info    : [ 10%] Meshing surface 48 (Plane, Delaunay)
Info    : [ 10%] Meshing surface 49 (Plane, Delaunay)
Info    : [ 10%] Meshing surface 50 (Plane, Delaunay)
Info    : [ 10%] Meshing surface 51 (Plane, Delaunay)
Info    : [ 10%] Meshing surface 53 (Plane, Delaunay)
Info    : [ 10%] Meshing surface 54 (Plane, Delaunay)
Info    : [ 10%] Meshing surface 55 (Plane, Delaunay)
Info    : [ 10%] Meshing surface 56 (Plane, Delaunay)
Info    : [ 20%] Meshing surface 57 (Plane, Delaunay)
Info    : [ 20%] Meshing surface 58 (Plane, Delaunay)
Info    : [ 20%] Meshing surface 59 (Plane, Delaunay)
Info    : [ 20%] Meshing surface 60 (Plane, Delaunay)
Info    : [ 20%] Meshing surface 61 (Plane, Delaunay)
Info    : [ 20%] Meshing surface 62 (Plane, Delaunay)
Info    : [ 20%] Meshing surface 63 (Plane, Delaunay)
Info    : [ 20%] Meshing surface 64 (Plane, Delaunay)
Info    : [ 20%] Meshing surface 65 (Plane, Delaunay)
Info    : [ 20%] Meshing surface 66 (Plane, Delaunay)
Info    : [ 20%] Meshing surface 67 (Plane, Delaunay)
Info    : [ 20%] Meshing surface 68 (Plane, Delaunay)
Info    : [ 20%] Meshing surface 69 (Plane, Delaunay)
Info    : [ 20%] Meshing surface 70 (Plane, Delaunay)
Info    : [ 30%] Meshing surface 71 (Plane, Delaunay)
Info    : [ 30%] Meshing surface 72 (Plane, Delaunay)
Info    : [ 30%] Meshing surface 73 (Plane, Delaunay)
Info    : [ 30%] Meshing surface 74 (Plane, Delaunay)
Info    : [ 30%] Meshing surface 75 (Plane, Delaunay)
Info    : [ 30%] Meshing surface 76 (Plane, Delaunay)
Info    : [ 30%] Meshing surface 173 (Plane, Delaunay)
Info    : [ 30%] Meshing surface 174 (Plane, Delaunay)
Info    : [ 30%] Meshing surface 175 (Plane, Delaunay)
Info    : [ 30%] Meshing surface 177 (Plane, Delaunay)
Info    : [ 30%] Meshing surface 178 (Plane, Delaunay)
Info    : [ 30%] Meshing surface 179 (Plane, Delaunay)
Info    : [ 30%] Meshing surface 180 (Plane, Delaunay)
Info    : [ 30%] Meshing surface 181 (Plane, Delaunay)
Info    : [ 40%] Meshing surface 182 (Plane, Delaunay)
Info    : [ 40%] Meshing surface 183 (Plane, Delaunay)
Info    : [ 40%] Meshing surface 184 (Plane, Delaunay)
Info    : [ 40%] Meshing surface 185 (Plane, Delaunay)
Info    : [ 40%] Meshing surface 186 (Plane, Delaunay)
Info    : [ 40%] Meshing surface 187 (Plane, Delaunay)
Info    : [ 40%] Meshing surface 188 (Plane, Delaunay)
Info    : [ 40%] Meshing surface 189 (Plane, Delaunay)
Info    : [ 40%] Meshing surface 191 (Plane, Delaunay)
Info    : [ 40%] Meshing surface 192 (Plane, Delaunay)
Info    : [ 40%] Meshing surface 193 (Plane, Delaunay)
Info    : [ 40%] Meshing surface 194 (Plane, Delaunay)
Info    : [ 40%] Meshing surface 195 (Plane, Delaunay)
Info    : [ 40%] Meshing surface 196 (Plane, Delaunay)
Info    : [ 50%] Meshing surface 197 (Plane, Delaunay)
Info    : [ 50%] Meshing surface 198 (Plane, Delaunay)
Info    : [ 50%] Meshing surface 199 (Plane, Delaunay)
Info    : [ 50%] Meshing surface 200 (Plane, Delaunay)
Info    : [ 50%] Meshing surface 201 (Plane, Delaunay)
Info    : [ 50%] Meshing surface 202 (Plane, Delaunay)
Info    : [ 50%] Meshing surface 203 (Plane, Delaunay)
Info    : [ 50%] Meshing surface 204 (Plane, Delaunay)
Info    : [ 50%] Meshing surface 205 (Plane, Delaunay)
Info    : [ 50%] Meshing surface 206 (Plane, Delaunay)
Info    : [ 50%] Meshing surface 207 (Plane, Delaunay)
Info    : [ 50%] Meshing surface 208 (Plane, Delaunay)
Info    : [ 50%] Meshing surface 209 (Plane, Delaunay)
Info    : [ 50%] Meshing surface 210 (Plane, Delaunay)
Info    : [ 50%] Meshing surface 211 (Plane, Delaunay)
Info    : [ 60%] Meshing surface 212 (Plane, Delaunay)
Info    : [ 60%] Meshing surface 213 (Plane, Delaunay)
Info    : [ 60%] Meshing surface 214 (Plane, Delaunay)
Info    : [ 60%] Meshing surface 215 (Plane, Delaunay)
Info    : [ 60%] Meshing surface 216 (Plane, Delaunay)
Info    : [ 60%] Meshing surface 217 (Plane, Delaunay)
Info    : [ 60%] Meshing surface 218 (Plane, Delaunay)
Info    : [ 60%] Meshing surface 219 (Plane, Delaunay)
Info    : [ 60%] Meshing surface 220 (Plane, Delaunay)
Info    : [ 60%] Meshing surface 221 (Plane, Delaunay)
Info    : [ 60%] Meshing surface 222 (Plane, Delaunay)
Info    : [ 60%] Meshing surface 223 (Plane, Delaunay)
Info    : [ 60%] Meshing surface 225 (Plane, Delaunay)
Info    : [ 60%] Meshing surface 226 (Plane, Delaunay)
Info    : [ 70%] Meshing surface 227 (Plane, Delaunay)
Info    : [ 70%] Meshing surface 228 (Plane, Delaunay)
Info    : [ 70%] Meshing surface 229 (Plane, Delaunay)
Info    : [ 70%] Meshing surface 230 (Plane, Delaunay)
Info    : [ 70%] Meshing surface 231 (Plane, Delaunay)
Info    : [ 70%] Meshing surface 232 (Plane, Delaunay)
Info    : [ 70%] Meshing surface 233 (Plane, Delaunay)
Info    : [ 70%] Meshing surface 234 (Plane, Delaunay)
Info    : [ 70%] Meshing surface 235 (Plane, Delaunay)
Info    : [ 70%] Meshing surface 236 (Plane, Delaunay)
Info    : [ 70%] Meshing surface 237 (Plane, Delaunay)
Info    : [ 70%] Meshing surface 238 (Plane, Delaunay)
Info    : [ 70%] Meshing surface 239 (Plane, Delaunay)
Info    : [ 70%] Meshing surface 240 (Plane, Delaunay)
Info    : [ 80%] Meshing surface 241 (Plane, Delaunay)
Info    : [ 80%] Meshing surface 242 (Plane, Delaunay)
Info    : [ 80%] Meshing surface 243 (Plane, Delaunay)
Info    : [ 80%] Meshing surface 244 (Plane, Delaunay)
Info    : [ 80%] Meshing surface 245 (Plane, Delaunay)
Info    : [ 80%] Meshing surface 246 (Plane, Delaunay)
Info    : [ 80%] Meshing surface 247 (Plane, Delaunay)
Info    : [ 80%] Meshing surface 248 (Plane, Delaunay)
Info    : [ 80%] Meshing surface 249 (Plane, Delaunay)
Info    : [ 80%] Meshing surface 250 (Plane, Delaunay)
Info    : [ 80%] Meshing surface 251 (Plane, Delaunay)
Info    : [ 80%] Meshing surface 252 (Plane, Delaunay)
Info    : [ 80%] Meshing surface 253 (Plane, Delaunay)
Info    : [ 80%] Meshing surface 254 (Plane, Delaunay)
Info    : [ 90%] Meshing surface 255 (Plane, Delaunay)
Info    : [ 90%] Meshing surface 256 (Plane, Delaunay)
Info    : [ 90%] Meshing surface 257 (Plane, Delaunay)
Info    : [ 90%] Meshing surface 258 (Plane, Delaunay)
Info    : [ 90%] Meshing surface 259 (Plane, Delaunay)
Info    : [ 90%] Meshing surface 260 (Plane, Delaunay)
Info    : [ 90%] Meshing surface 261 (Plane, Delaunay)
Info    : [ 90%] Meshing surface 262 (Plane, Delaunay)
Info    : [ 90%] Meshing surface 263 (Plane, Delaunay)
Info    : [ 90%] Meshing surface 264 (Plane, Delaunay)
Info    : [ 90%] Meshing surface 265 (Plane, Delaunay)
Info    : [ 90%] Meshing surface 266 (Plane, Delaunay)
Info    : [ 90%] Meshing surface 267 (Plane, Delaunay)
Info    : [ 90%] Meshing surface 268 (Plane, Delaunay)
Info    : [100%] Meshing surface 269 (Plane, Delaunay)
Info    : [100%] Meshing surface 270 (Plane, Delaunay)
Info    : [100%] Meshing surface 271 (Plane, Delaunay)
Info    : [100%] Meshing surface 272 (Plane, Delaunay)
Info    : [100%] Meshing surface 273 (Plane, Delaunay)
Info    : [100%] Meshing surface 274 (Plane, Delaunay)
Info    : [100%] Meshing surface 275 (Plane, Delaunay)
Info    : [100%] Meshing surface 276 (Plane, Delaunay)
Info    : [100%] Meshing surface 277 (Plane, Delaunay)
Info    : [100%] Meshing surface 278 (Plane, Delaunay)
Info    : [100%] Meshing surface 279 (Plane, Delaunay)
Info    : [100%] Meshing surface 280 (Plane, Delaunay)
Info    : [100%] Meshing surface 281 (Plane, Delaunay)
Info    : [100%] Meshing surface 282 (Plane, Delaunay)
Info    : Done meshing 2D (Wall 0.383423s, CPU 0.380239s)
Info    : Meshing 3D...
Info    : 3D Meshing 16 volumes with 1 connected component
Info    : Tetrahedrizing 3013 nodes...
Info    : Done tetrahedrizing 3021 nodes (Wall 0.032339s, CPU 0.032332s)
Info    : Reconstructing mesh...
Info    :  - Creating surface mesh
Info    :  - Identifying boundary edges
Info    :  - Recovering boundary
Info    :  - Added 15 Steiner points
Info    : Done reconstructing mesh (Wall 0.0966791s, CPU 0.096662s)
Info    : Found volume 28
Info    : Found volume 27
Info    : Found volume 23
Info    : Found volume 26
Info    : Found volume 30
Info    : Found volume 29
Info    : Found volume 6
Info    : Found volume 7
Info    : Found volume 25
Info    : Found volume 8
Info    : Found volume 24
Info    : Found volume 31
Info    : Found volume 9
Info    : Found volume 10
Info    : Found volume 12
Info    : Found volume 11
Info    : It. 0 - 0 nodes created - worst tet radius 14.1558 (nodes removed 0 0)
Info    : It. 500 - 19 nodes created - worst tet radius 1.91142 (nodes removed 0 481)
Info    : It. 1000 - 121 nodes created - worst tet radius 1.19626 (nodes removed 0 879)
Info    : It. 1500 - 272 nodes created - worst tet radius 1.04331 (nodes removed 5 1223)
Info    : 3D refinement terminated (3329 nodes total):
Info    :  - 6 Delaunay cavities modified for star shapeness
Info    :  - 1262 nodes could not be inserted
Info    :  - 19630 tetrahedra created in 0.0613629 sec. (319899 tets/s)
Info    : 388 node relocations
Info    : Done meshing 3D (Wall 0.322931s, CPU 0.322827s)
Info    : Optimizing mesh...
Info    : Optimizing volume 6
Info    : Optimization starts (volume = 144) with worst = 0.125314 / average = 0.536029:
Info    : 0.00 < quality < 0.10 :         0 elements
Info    : 0.10 < quality < 0.20 :         2 elements
Info    : 0.20 < quality < 0.30 :        35 elements
Info    : 0.30 < quality < 0.40 :         8 elements
Info    : 0.40 < quality < 0.50 :        39 elements
Info    : 0.50 < quality < 0.60 :        34 elements
Info    : 0.60 < quality < 0.70 :         4 elements
Info    : 0.70 < quality < 0.80 :        33 elements
Info    : 0.80 < quality < 0.90 :        17 elements
Info    : 0.90 < quality < 1.00 :         2 elements
Info    : 2 edge swaps, 0 node relocations (volume = 144): worst = 0.125314 / average = 0.535723 (Wall 0.000179563s, CPU 0.000181s)
Info    : No ill-shaped tets in the mesh :-)
Info    : 0.00 < quality < 0.10 :         0 elements
Info    : 0.10 < quality < 0.20 :         2 elements
Info    : 0.20 < quality < 0.30 :        35 elements
Info    : 0.30 < quality < 0.40 :         8 elements
Info    : 0.40 < quality < 0.50 :        41 elements
Info    : 0.50 < quality < 0.60 :        32 elements
Info    : 0.60 < quality < 0.70 :         4 elements
Info    : 0.70 < quality < 0.80 :        33 elements
Info    : 0.80 < quality < 0.90 :        17 elements
Info    : 0.90 < quality < 1.00 :         2 elements
Info    : Optimizing volume 7
Info    : Optimization starts (volume = 144) with worst = 0.125314 / average = 0.528626:
Info    : 0.00 < quality < 0.10 :         0 elements
Info    : 0.10 < quality < 0.20 :         2 elements
Info    : 0.20 < quality < 0.30 :        35 elements
Info    : 0.30 < quality < 0.40 :         8 elements
Info    : 0.40 < quality < 0.50 :        45 elements
Info    : 0.50 < quality < 0.60 :        34 elements
Info    : 0.60 < quality < 0.70 :         4 elements
Info    : 0.70 < quality < 0.80 :        30 elements
Info    : 0.80 < quality < 0.90 :        17 elements
Info    : 0.90 < quality < 1.00 :         2 elements
Info    : 3 edge swaps, 0 node relocations (volume = 144): worst = 0.125314 / average = 0.528326 (Wall 0.000133143s, CPU 0.000133s)
Info    : No ill-shaped tets in the mesh :-)
Info    : 0.00 < quality < 0.10 :         0 elements
Info    : 0.10 < quality < 0.20 :         2 elements
Info    : 0.20 < quality < 0.30 :        35 elements
Info    : 0.30 < quality < 0.40 :         8 elements
Info    : 0.40 < quality < 0.50 :        47 elements
Info    : 0.50 < quality < 0.60 :        32 elements
Info    : 0.60 < quality < 0.70 :         4 elements
Info    : 0.70 < quality < 0.80 :        30 elements
Info    : 0.80 < quality < 0.90 :        17 elements
Info    : 0.90 < quality < 1.00 :         2 elements
Info    : Optimizing volume 8
Info    : Optimization starts (volume = 48.544) with worst = 0.177187 / average = 0.605117:
Info    : 0.00 < quality < 0.10 :         0 elements
Info    : 0.10 < quality < 0.20 :         4 elements
Info    : 0.20 < quality < 0.30 :         4 elements
Info    : 0.30 < quality < 0.40 :        12 elements
Info    : 0.40 < quality < 0.50 :        12 elements
Info    : 0.50 < quality < 0.60 :        18 elements
Info    : 0.60 < quality < 0.70 :        18 elements
Info    : 0.70 < quality < 0.80 :        16 elements
Info    : 0.80 < quality < 0.90 :        12 elements
Info    : 0.90 < quality < 1.00 :         8 elements
Info    : 2 edge swaps, 0 node relocations (volume = 48.544): worst = 0.177187 / average = 0.61544 (Wall 5.9747e-05s, CPU 6e-05s)
Info    : No ill-shaped tets in the mesh :-)
Info    : 0.00 < quality < 0.10 :         0 elements
Info    : 0.10 < quality < 0.20 :         2 elements
Info    : 0.20 < quality < 0.30 :         4 elements
Info    : 0.30 < quality < 0.40 :        12 elements
Info    : 0.40 < quality < 0.50 :        11 elements
Info    : 0.50 < quality < 0.60 :        19 elements
Info    : 0.60 < quality < 0.70 :        17 elements
Info    : 0.70 < quality < 0.80 :        17 elements
Info    : 0.80 < quality < 0.90 :        12 elements
Info    : 0.90 < quality < 1.00 :         8 elements
Info    : Optimizing volume 9
Info    : Optimization starts (volume = 2.268) with worst = 0.266475 / average = 0.325093:
Info    : 0.00 < quality < 0.10 :         0 elements
Info    : 0.10 < quality < 0.20 :         0 elements
Info    : 0.20 < quality < 0.30 :         4 elements
Info    : 0.30 < quality < 0.40 :         8 elements
Info    : 0.40 < quality < 0.50 :         0 elements
Info    : 0.50 < quality < 0.60 :         0 elements
Info    : 0.60 < quality < 0.70 :         0 elements
Info    : 0.70 < quality < 0.80 :         0 elements
Info    : 0.80 < quality < 0.90 :         0 elements
Info    : 0.90 < quality < 1.00 :         0 elements
Info    : No ill-shaped tets in the mesh :-)
Info    : 0.00 < quality < 0.10 :         0 elements
Info    : 0.10 < quality < 0.20 :         0 elements
Info    : 0.20 < quality < 0.30 :         4 elements
Info    : 0.30 < quality < 0.40 :         8 elements
Info    : 0.40 < quality < 0.50 :         0 elements
Info    : 0.50 < quality < 0.60 :         0 elements
Info    : 0.60 < quality < 0.70 :         0 elements
Info    : 0.70 < quality < 0.80 :         0 elements
Info    : 0.80 < quality < 0.90 :         0 elements
Info    : 0.90 < quality < 1.00 :         0 elements
Info    : Optimizing volume 10
Info    : Optimization starts (volume = 2.268) with worst = 0.266475 / average = 0.325093:
Info    : 0.00 < quality < 0.10 :         0 elements
Info    : 0.10 < quality < 0.20 :         0 elements
Info    : 0.20 < quality < 0.30 :         4 elements
Info    : 0.30 < quality < 0.40 :         8 elements
Info    : 0.40 < quality < 0.50 :         0 elements
Info    : 0.50 < quality < 0.60 :         0 elements
Info    : 0.60 < quality < 0.70 :         0 elements
Info    : 0.70 < quality < 0.80 :         0 elements
Info    : 0.80 < quality < 0.90 :         0 elements
Info    : 0.90 < quality < 1.00 :         0 elements
Info    : No ill-shaped tets in the mesh :-)
Info    : 0.00 < quality < 0.10 :         0 elements
Info    : 0.10 < quality < 0.20 :         0 elements
Info    : 0.20 < quality < 0.30 :         4 elements
Info    : 0.30 < quality < 0.40 :         8 elements
Info    : 0.40 < quality < 0.50 :         0 elements
Info    : 0.50 < quality < 0.60 :         0 elements
Info    : 0.60 < quality < 0.70 :         0 elements
Info    : 0.70 < quality < 0.80 :         0 elements
Info    : 0.80 < quality < 0.90 :         0 elements
Info    : 0.90 < quality < 1.00 :         0 elements
Info    : Optimizing volume 11
Info    : Optimization starts (volume = 2.268) with worst = 0.266475 / average = 0.325093:
Info    : 0.00 < quality < 0.10 :         0 elements
Info    : 0.10 < quality < 0.20 :         0 elements
Info    : 0.20 < quality < 0.30 :         4 elements
Info    : 0.30 < quality < 0.40 :         8 elements
Info    : 0.40 < quality < 0.50 :         0 elements
Info    : 0.50 < quality < 0.60 :         0 elements
Info    : 0.60 < quality < 0.70 :         0 elements
Info    : 0.70 < quality < 0.80 :         0 elements
Info    : 0.80 < quality < 0.90 :         0 elements
Info    : 0.90 < quality < 1.00 :         0 elements
Info    : No ill-shaped tets in the mesh :-)
Info    : 0.00 < quality < 0.10 :         0 elements
Info    : 0.10 < quality < 0.20 :         0 elements
Info    : 0.20 < quality < 0.30 :         4 elements
Info    : 0.30 < quality < 0.40 :         8 elements
Info    : 0.40 < quality < 0.50 :         0 elements
Info    : 0.50 < quality < 0.60 :         0 elements
Info    : 0.60 < quality < 0.70 :         0 elements
Info    : 0.70 < quality < 0.80 :         0 elements
Info    : 0.80 < quality < 0.90 :         0 elements
Info    : 0.90 < quality < 1.00 :         0 elements
Info    : Optimizing volume 12
Info    : Optimization starts (volume = 2.268) with worst = 0.266475 / average = 0.325093:
Info    : 0.00 < quality < 0.10 :         0 elements
Info    : 0.10 < quality < 0.20 :         0 elements
Info    : 0.20 < quality < 0.30 :         4 elements
Info    : 0.30 < quality < 0.40 :         8 elements
Info    : 0.40 < quality < 0.50 :         0 elements
Info    : 0.50 < quality < 0.60 :         0 elements
Info    : 0.60 < quality < 0.70 :         0 elements
Info    : 0.70 < quality < 0.80 :         0 elements
Info    : 0.80 < quality < 0.90 :         0 elements
Info    : 0.90 < quality < 1.00 :         0 elements
Info    : No ill-shaped tets in the mesh :-)
Info    : 0.00 < quality < 0.10 :         0 elements
Info    : 0.10 < quality < 0.20 :         0 elements
Info    : 0.20 < quality < 0.30 :         4 elements
Info    : 0.30 < quality < 0.40 :         8 elements
Info    : 0.40 < quality < 0.50 :         0 elements
Info    : 0.50 < quality < 0.60 :         0 elements
Info    : 0.60 < quality < 0.70 :         0 elements
Info    : 0.70 < quality < 0.80 :         0 elements
Info    : 0.80 < quality < 0.90 :         0 elements
Info    : 0.90 < quality < 1.00 :         0 elements
Info    : Optimizing volume 23
Info    : Optimization starts (volume = 2561.87) with worst = 0.00224964 / average = 0.178293:
Info    : 0.00 < quality < 0.10 :        44 elements
Info    : 0.10 < quality < 0.20 :      1462 elements
Info    : 0.20 < quality < 0.30 :        55 elements
Info    : 0.30 < quality < 0.40 :         7 elements
Info    : 0.40 < quality < 0.50 :         0 elements
Info    : 0.50 < quality < 0.60 :         0 elements
Info    : 0.60 < quality < 0.70 :         0 elements
Info    : 0.70 < quality < 0.80 :         0 elements
Info    : 0.80 < quality < 0.90 :         0 elements
Info    : 0.90 < quality < 1.00 :         0 elements
Info    : 126 edge swaps, 29 node relocations (volume = 2561.87): worst = 0.0109123 / average = 0.179215 (Wall 0.00630967s, CPU 0.006307s)
Info    : 133 edge swaps, 60 node relocations (volume = 2561.87): worst = 0.0109123 / average = 0.179215 (Wall 0.0132288s, CPU 0.013225s)
Info    : No ill-shaped tets in the mesh :-)
Info    : 0.00 < quality < 0.10 :        34 elements
Info    : 0.10 < quality < 0.20 :      1433 elements
Info    : 0.20 < quality < 0.30 :        51 elements
Info    : 0.30 < quality < 0.40 :         7 elements
Info    : 0.40 < quality < 0.50 :         0 elements
Info    : 0.50 < quality < 0.60 :         0 elements
Info    : 0.60 < quality < 0.70 :         0 elements
Info    : 0.70 < quality < 0.80 :         0 elements
Info    : 0.80 < quality < 0.90 :         0 elements
Info    : 0.90 < quality < 1.00 :         0 elements
Info    : Optimizing volume 24
Info    : Optimization starts (volume = 1948.27) with worst = 0.0533465 / average = 0.697402:
Info    : 0.00 < quality < 0.10 :         2 elements
Info    : 0.10 < quality < 0.20 :         3 elements
Info    : 0.20 < quality < 0.30 :        34 elements
Info    : 0.30 < quality < 0.40 :        37 elements
Info    : 0.40 < quality < 0.50 :        10 elements
Info    : 0.50 < quality < 0.60 :       207 elements
Info    : 0.60 < quality < 0.70 :       143 elements
Info    : 0.70 < quality < 0.80 :       205 elements
Info    : 0.80 < quality < 0.90 :       245 elements
Info    : 0.90 < quality < 1.00 :       119 elements
Info    : 3 edge swaps, 0 node relocations (volume = 1948.27): worst = 0.180493 / average = 0.698761 (Wall 0.000196002s, CPU 0.000197s)
Info    : 4 edge swaps, 0 node relocations (volume = 1948.27): worst = 0.180493 / average = 0.69944 (Wall 0.000323147s, CPU 0.000324s)
Info    : No ill-shaped tets in the mesh :-)
Info    : 0.00 < quality < 0.10 :         0 elements
Info    : 0.10 < quality < 0.20 :         2 elements
Info    : 0.20 < quality < 0.30 :        34 elements
Info    : 0.30 < quality < 0.40 :        36 elements
Info    : 0.40 < quality < 0.50 :        11 elements
Info    : 0.50 < quality < 0.60 :       207 elements
Info    : 0.60 < quality < 0.70 :       143 elements
Info    : 0.70 < quality < 0.80 :       205 elements
Info    : 0.80 < quality < 0.90 :       245 elements
Info    : 0.90 < quality < 1.00 :       119 elements
Info    : Optimizing volume 25
Info    : Optimization starts (volume = 576.123) with worst = 0.0533465 / average = 0.710849:
Info    : 0.00 < quality < 0.10 :         1 elements
Info    : 0.10 < quality < 0.20 :         4 elements
Info    : 0.20 < quality < 0.30 :         8 elements
Info    : 0.30 < quality < 0.40 :        14 elements
Info    : 0.40 < quality < 0.50 :         6 elements
Info    : 0.50 < quality < 0.60 :        56 elements
Info    : 0.60 < quality < 0.70 :        49 elements
Info    : 0.70 < quality < 0.80 :        42 elements
Info    : 0.80 < quality < 0.90 :        54 elements
Info    : 0.90 < quality < 1.00 :        75 elements
Info    : 4 edge swaps, 0 node relocations (volume = 576.123): worst = 0.1331 / average = 0.717265 (Wall 0.000109423s, CPU 0.000109s)
Info    : 5 edge swaps, 0 node relocations (volume = 576.123): worst = 0.1331 / average = 0.717243 (Wall 0.000284031s, CPU 0.000282s)
Info    : No ill-shaped tets in the mesh :-)
Info    : 0.00 < quality < 0.10 :         0 elements
Info    : 0.10 < quality < 0.20 :         3 elements
Info    : 0.20 < quality < 0.30 :         7 elements
Info    : 0.30 < quality < 0.40 :        11 elements
Info    : 0.40 < quality < 0.50 :         6 elements
Info    : 0.50 < quality < 0.60 :        58 elements
Info    : 0.60 < quality < 0.70 :        49 elements
Info    : 0.70 < quality < 0.80 :        42 elements
Info    : 0.80 < quality < 0.90 :        54 elements
Info    : 0.90 < quality < 1.00 :        75 elements
Info    : Optimizing volume 26
Info    : Optimization starts (volume = 1.36284e+07) with worst = 0.0470646 / average = 0.618174:
Info    : 0.00 < quality < 0.10 :         4 elements
Info    : 0.10 < quality < 0.20 :         9 elements
Info    : 0.20 < quality < 0.30 :        26 elements
Info    : 0.30 < quality < 0.40 :        67 elements
Info    : 0.40 < quality < 0.50 :       182 elements
Info    : 0.50 < quality < 0.60 :       259 elements
Info    : 0.60 < quality < 0.70 :       222 elements
Info    : 0.70 < quality < 0.80 :       202 elements
Info    : 0.80 < quality < 0.90 :       145 elements
Info    : 0.90 < quality < 1.00 :        42 elements
Info    : 35 edge swaps, 1 node relocations (volume = 1.36284e+07): worst = 0.264007 / average = 0.631691 (Wall 0.000502198s, CPU 0.000502s)
Info    : 36 edge swaps, 1 node relocations (volume = 1.36284e+07): worst = 0.264007 / average = 0.632148 (Wall 0.000605938s, CPU 0.000606s)
Info    : No ill-shaped tets in the mesh :-)
Info    : 0.00 < quality < 0.10 :         0 elements
Info    : 0.10 < quality < 0.20 :         0 elements
Info    : 0.20 < quality < 0.30 :         1 elements
Info    : 0.30 < quality < 0.40 :        70 elements
Info    : 0.40 < quality < 0.50 :       184 elements
Info    : 0.50 < quality < 0.60 :       252 elements
Info    : 0.60 < quality < 0.70 :       226 elements
Info    : 0.70 < quality < 0.80 :       206 elements
Info    : 0.80 < quality < 0.90 :       147 elements
Info    : 0.90 < quality < 1.00 :        42 elements
Info    : Optimizing volume 27
Info    : Optimization starts (volume = 27256.8) with worst = 0.000607412 / average = 0.0366047:
Info    : 0.00 < quality < 0.10 :      1327 elements
Info    : 0.10 < quality < 0.20 :       101 elements
Info    : 0.20 < quality < 0.30 :         1 elements
Info    : 0.30 < quality < 0.40 :         0 elements
Info    : 0.40 < quality < 0.50 :         0 elements
Info    : 0.50 < quality < 0.60 :         0 elements
Info    : 0.60 < quality < 0.70 :         0 elements
Info    : 0.70 < quality < 0.80 :         0 elements
Info    : 0.80 < quality < 0.90 :         0 elements
Info    : 0.90 < quality < 1.00 :         0 elements
Info    : 186 edge swaps, 0 node relocations (volume = 27256.8): worst = 0.000849332 / average = 0.035526 (Wall 0.00704986s, CPU 0.007048s)
Info    : 193 edge swaps, 0 node relocations (volume = 27256.8): worst = 0.000849332 / average = 0.0354422 (Wall 0.0148192s, CPU 0.014818s)
Warning : 4 ill-shaped tets are still in the mesh
Info    : 0.00 < quality < 0.10 :      1252 elements
Info    : 0.10 < quality < 0.20 :        76 elements
Info    : 0.20 < quality < 0.30 :         0 elements
Info    : 0.30 < quality < 0.40 :         0 elements
Info    : 0.40 < quality < 0.50 :         0 elements
Info    : 0.50 < quality < 0.60 :         0 elements
Info    : 0.60 < quality < 0.70 :         0 elements
Info    : 0.70 < quality < 0.80 :         0 elements
Info    : 0.80 < quality < 0.90 :         0 elements
Info    : 0.90 < quality < 1.00 :         0 elements
Info    : Optimizing volume 28
Info    : Optimization starts (volume = 1.06646e+06) with worst = 0.000295405 / average = 0.462722:
Info    : 0.00 < quality < 0.10 :       279 elements
Info    : 0.10 < quality < 0.20 :      1225 elements
Info    : 0.20 < quality < 0.30 :      1061 elements
Info    : 0.30 < quality < 0.40 :      1338 elements
Info    : 0.40 < quality < 0.50 :      1166 elements
Info    : 0.50 < quality < 0.60 :      1297 elements
Info    : 0.60 < quality < 0.70 :       901 elements
Info    : 0.70 < quality < 0.80 :       886 elements
Info    : 0.80 < quality < 0.90 :       651 elements
Info    : 0.90 < quality < 1.00 :       215 elements
Info    : 533 edge swaps, 50 node relocations (volume = 1.06646e+06): worst = 0.00599601 / average = 0.476932 (Wall 0.0235391s, CPU 0.022911s)
Info    : 605 edge swaps, 70 node relocations (volume = 1.06646e+06): worst = 0.018677 / average = 0.478487 (Wall 0.0424647s, CPU 0.041834s)
Info    : 607 edge swaps, 76 node relocations (volume = 1.06646e+06): worst = 0.018677 / average = 0.478528 (Wall 0.0640747s, CPU 0.063442s)
Info    : No ill-shaped tets in the mesh :-)
Info    : 0.00 < quality < 0.10 :       107 elements
Info    : 0.10 < quality < 0.20 :      1133 elements
Info    : 0.20 < quality < 0.30 :       892 elements
Info    : 0.30 < quality < 0.40 :      1360 elements
Info    : 0.40 < quality < 0.50 :      1154 elements
Info    : 0.50 < quality < 0.60 :      1350 elements
Info    : 0.60 < quality < 0.70 :       918 elements
Info    : 0.70 < quality < 0.80 :       865 elements
Info    : 0.80 < quality < 0.90 :       647 elements
Info    : 0.90 < quality < 1.00 :       222 elements
Info    : Optimizing volume 29
Info    : Optimization starts (volume = 255532) with worst = 0.0339207 / average = 0.516963:
Info    : 0.00 < quality < 0.10 :        17 elements
Info    : 0.10 < quality < 0.20 :       147 elements
Info    : 0.20 < quality < 0.30 :       185 elements
Info    : 0.30 < quality < 0.40 :       248 elements
Info    : 0.40 < quality < 0.50 :       363 elements
Info    : 0.50 < quality < 0.60 :       410 elements
Info    : 0.60 < quality < 0.70 :       472 elements
Info    : 0.70 < quality < 0.80 :       286 elements
Info    : 0.80 < quality < 0.90 :        96 elements
Info    : 0.90 < quality < 1.00 :         7 elements
Info    : 86 edge swaps, 0 node relocations (volume = 255532): worst = 0.0645009 / average = 0.528367 (Wall 0.0024419s, CPU 0.002442s)
Info    : 89 edge swaps, 0 node relocations (volume = 255532): worst = 0.0645009 / average = 0.528127 (Wall 0.00468082s, CPU 0.00468s)
Info    : No ill-shaped tets in the mesh :-)
Info    : 0.00 < quality < 0.10 :         8 elements
Info    : 0.10 < quality < 0.20 :       111 elements
Info    : 0.20 < quality < 0.30 :       152 elements
Info    : 0.30 < quality < 0.40 :       248 elements
Info    : 0.40 < quality < 0.50 :       367 elements
Info    : 0.50 < quality < 0.60 :       398 elements
Info    : 0.60 < quality < 0.70 :       474 elements
Info    : 0.70 < quality < 0.80 :       289 elements
Info    : 0.80 < quality < 0.90 :        96 elements
Info    : 0.90 < quality < 1.00 :         7 elements
Info    : Optimizing volume 30
Info    : Optimization starts (volume = 1.22655e+07) with worst = 0.0110428 / average = 0.591639:
Info    : 0.00 < quality < 0.10 :        10 elements
Info    : 0.10 < quality < 0.20 :        20 elements
Info    : 0.20 < quality < 0.30 :        33 elements
Info    : 0.30 < quality < 0.40 :       106 elements
Info    : 0.40 < quality < 0.50 :       234 elements
Info    : 0.50 < quality < 0.60 :       360 elements
Info    : 0.60 < quality < 0.70 :       306 elements
Info    : 0.70 < quality < 0.80 :       201 elements
Info    : 0.80 < quality < 0.90 :       135 elements
Info    : 0.90 < quality < 1.00 :        45 elements
Info    : 59 edge swaps, 1 node relocations (volume = 1.22655e+07): worst = 0.272935 / average = 0.608978 (Wall 0.000688834s, CPU 0.000691s)
Info    : 60 edge swaps, 1 node relocations (volume = 1.22655e+07): worst = 0.272935 / average = 0.609214 (Wall 0.000811231s, CPU 0.000814s)
Info    : No ill-shaped tets in the mesh :-)
Info    : 0.00 < quality < 0.10 :         0 elements
Info    : 0.10 < quality < 0.20 :         0 elements
Info    : 0.20 < quality < 0.30 :         3 elements
Info    : 0.30 < quality < 0.40 :       118 elements
Info    : 0.40 < quality < 0.50 :       229 elements
Info    : 0.50 < quality < 0.60 :       361 elements
Info    : 0.60 < quality < 0.70 :       300 elements
Info    : 0.70 < quality < 0.80 :       208 elements
Info    : 0.80 < quality < 0.90 :       131 elements
Info    : 0.90 < quality < 1.00 :        49 elements
Info    : Optimizing volume 31
Info    : Optimization starts (volume = 3.79107e+07) with worst = 0.00237142 / average = 0.571328:
Info    : 0.00 < quality < 0.10 :        86 elements
Info    : 0.10 < quality < 0.20 :        48 elements
Info    : 0.20 < quality < 0.30 :        28 elements
Info    : 0.30 < quality < 0.40 :        60 elements
Info    : 0.40 < quality < 0.50 :        54 elements
Info    : 0.50 < quality < 0.60 :       110 elements
Info    : 0.60 < quality < 0.70 :       228 elements
Info    : 0.70 < quality < 0.80 :       190 elements
Info    : 0.80 < quality < 0.90 :       130 elements
Info    : 0.90 < quality < 1.00 :        24 elements
Info    : 38 edge swaps, 0 node relocations (volume = 3.79107e+07): worst = 0.0053367 / average = 0.586414 (Wall 0.00126879s, CPU 0.001269s)
Info    : No ill-shaped tets in the mesh :-)
Info    : 0.00 < quality < 0.10 :        72 elements
Info    : 0.10 < quality < 0.20 :        42 elements
Info    : 0.20 < quality < 0.30 :        18 elements
Info    : 0.30 < quality < 0.40 :        58 elements
Info    : 0.40 < quality < 0.50 :        58 elements
Info    : 0.50 < quality < 0.60 :       106 elements
Info    : 0.60 < quality < 0.70 :       227 elements
Info    : 0.70 < quality < 0.80 :       194 elements
Info    : 0.80 < quality < 0.90 :       130 elements
Info    : 0.90 < quality < 1.00 :        24 elements
Info    : Done optimizing mesh (Wall 0.123629s, CPU 0.120143s)
Info    : 3329 nodes 26570 elements
Warning : ------------------------------
Warning : Mesh generation error summary
Warning :     1 warning
Warning :     0 errors
Warning : Check the full log for details
Warning : ------------------------------
Info    : Writing '/foss/designs/inductor_synth/palace_model/inductor2_N2_do70.51_w4_s2.01_data/inductor2_N2_do70.51_w4_s2.01.msh'...
Info    : Done writing '/foss/designs/inductor_synth/palace_model/inductor2_N2_do70.51_w4_s2.01_data/inductor2_N2_do70.51_w4_s2.01.msh'
Info    : Clearing all models and views...
Info    : Done clearing all models and views
Info    : Meshing 1D...
Info    : [  0%] Meshing curve 64 (Line)
Info    : [ 10%] Meshing curve 65 (Line)
Info    : [ 10%] Meshing curve 67 (Line)
Info    : [ 10%] Meshing curve 69 (Line)
Info    : [ 10%] Meshing curve 70 (Line)
Info    : [ 10%] Meshing curve 71 (Line)
Info    : [ 10%] Meshing curve 72 (Line)
Info    : [ 10%] Meshing curve 76 (Line)
Info    : [ 10%] Meshing curve 77 (Line)
Info    : [ 10%] Meshing curve 79 (Line)
Info    : [ 10%] Meshing curve 81 (Line)
Info    : [ 10%] Meshing curve 82 (Line)
Info    : [ 10%] Meshing curve 83 (Line)
Info    : [ 10%] Meshing curve 84 (Line)
Info    : [ 10%] Meshing curve 85 (Line)
Info    : [ 10%] Meshing curve 86 (Line)
Info    : [ 10%] Meshing curve 87 (Line)
Info    : [ 10%] Meshing curve 88 (Line)
Info    : [ 10%] Meshing curve 89 (Line)
Info    : [ 10%] Meshing curve 90 (Line)
Info    : [ 10%] Meshing curve 91 (Line)
Info    : [ 10%] Meshing curve 92 (Line)
Info    : [ 10%] Meshing curve 93 (Line)
Info    : [ 10%] Meshing curve 94 (Line)
Info    : [ 10%] Meshing curve 95 (Line)
Info    : [ 10%] Meshing curve 96 (Line)
Info    : [ 10%] Meshing curve 97 (Line)
Info    : [ 10%] Meshing curve 98 (Line)
Info    : [ 10%] Meshing curve 99 (Line)
Info    : [ 10%] Meshing curve 100 (Line)
Info    : [ 10%] Meshing curve 101 (Line)
Info    : [ 10%] Meshing curve 102 (Line)
Info    : [ 10%] Meshing curve 103 (Line)
Info    : [ 20%] Meshing curve 104 (Line)
Info    : [ 20%] Meshing curve 105 (Line)
Info    : [ 20%] Meshing curve 106 (Line)
Info    : [ 20%] Meshing curve 107 (Line)
Info    : [ 20%] Meshing curve 108 (Line)
Info    : [ 20%] Meshing curve 109 (Line)
Info    : [ 20%] Meshing curve 110 (Line)
Info    : [ 20%] Meshing curve 111 (Line)
Info    : [ 20%] Meshing curve 112 (Line)
Info    : [ 20%] Meshing curve 113 (Line)
Info    : [ 20%] Meshing curve 114 (Line)
Info    : [ 20%] Meshing curve 115 (Line)
Info    : [ 20%] Meshing curve 116 (Line)
Info    : [ 20%] Meshing curve 117 (Line)
Info    : [ 20%] Meshing curve 118 (Line)
Info    : [ 20%] Meshing curve 119 (Line)
Info    : [ 20%] Meshing curve 120 (Line)
Info    : [ 20%] Meshing curve 121 (Line)
Info    : [ 20%] Meshing curve 122 (Line)
Info    : [ 20%] Meshing curve 123 (Line)
Info    : [ 20%] Meshing curve 124 (Line)
Info    : [ 20%] Meshing curve 125 (Line)
Info    : [ 20%] Meshing curve 126 (Line)
Info    : [ 20%] Meshing curve 127 (Line)
Info    : [ 20%] Meshing curve 128 (Line)
Info    : [ 20%] Meshing curve 129 (Line)
Info    : [ 20%] Meshing curve 130 (Line)
Info    : [ 20%] Meshing curve 131 (Line)
Info    : [ 20%] Meshing curve 132 (Line)
Info    : [ 20%] Meshing curve 133 (Line)
Info    : [ 20%] Meshing curve 134 (Line)
Info    : [ 20%] Meshing curve 135 (Line)
Info    : [ 20%] Meshing curve 136 (Line)
Info    : [ 30%] Meshing curve 137 (Line)
Info    : [ 30%] Meshing curve 138 (Line)
Info    : [ 30%] Meshing curve 139 (Line)
Info    : [ 30%] Meshing curve 140 (Line)
Info    : [ 30%] Meshing curve 141 (Line)
Info    : [ 30%] Meshing curve 142 (Line)
Info    : [ 30%] Meshing curve 143 (Line)
Info    : [ 30%] Meshing curve 144 (Line)
Info    : [ 30%] Meshing curve 145 (Line)
Info    : [ 30%] Meshing curve 146 (Line)
Info    : [ 30%] Meshing curve 147 (Line)
Info    : [ 30%] Meshing curve 148 (Line)
Info    : [ 30%] Meshing curve 149 (Line)
Info    : [ 30%] Meshing curve 150 (Line)
Info    : [ 30%] Meshing curve 151 (Line)
Info    : [ 30%] Meshing curve 152 (Line)
Info    : [ 30%] Meshing curve 153 (Line)
Info    : [ 30%] Meshing curve 154 (Line)
Info    : [ 30%] Meshing curve 155 (Line)
Info    : [ 30%] Meshing curve 156 (Line)
Info    : [ 30%] Meshing curve 385 (Line)
Info    : [ 30%] Meshing curve 386 (Line)
Info    : [ 30%] Meshing curve 387 (Line)
Info    : [ 30%] Meshing curve 388 (Line)
Info    : [ 30%] Meshing curve 389 (Line)
Info    : [ 30%] Meshing curve 390 (Line)
Info    : [ 30%] Meshing curve 391 (Line)
Info    : [ 30%] Meshing curve 392 (Line)
Info    : [ 30%] Meshing curve 393 (Line)
Info    : [ 30%] Meshing curve 394 (Line)
Info    : [ 30%] Meshing curve 395 (Line)
Info    : [ 30%] Meshing curve 396 (Line)
Info    : [ 40%] Meshing curve 397 (TrimmedCurve)
Info    : [ 40%] Meshing curve 398 (Line)
Info    : [ 40%] Meshing curve 399 (TrimmedCurve)
Info    : [ 40%] Meshing curve 400 (Line)
Info    : [ 40%] Meshing curve 401 (Line)
Info    : [ 40%] Meshing curve 402 (Line)
Info    : [ 40%] Meshing curve 403 (Line)
Info    : [ 40%] Meshing curve 404 (Line)
Info    : [ 40%] Meshing curve 405 (Line)
Info    : [ 40%] Meshing curve 406 (Line)
Info    : [ 40%] Meshing curve 407 (Line)
Info    : [ 40%] Meshing curve 408 (TrimmedCurve)
Info    : [ 40%] Meshing curve 409 (Line)
Info    : [ 40%] Meshing curve 410 (TrimmedCurve)
Info    : [ 40%] Meshing curve 411 (Line)
Info    : [ 40%] Meshing curve 412 (Line)
Info    : [ 40%] Meshing curve 413 (Line)
Info    : [ 40%] Meshing curve 414 (Line)
Info    : [ 40%] Meshing curve 415 (Line)
Info    : [ 40%] Meshing curve 416 (Line)
Info    : [ 40%] Meshing curve 417 (Line)
Info    : [ 40%] Meshing curve 418 (Line)
Info    : [ 40%] Meshing curve 419 (Line)
Info    : [ 40%] Meshing curve 420 (Line)
Info    : [ 40%] Meshing curve 421 (Line)
Info    : [ 40%] Meshing curve 422 (Line)
Info    : [ 40%] Meshing curve 423 (Line)
Info    : [ 40%] Meshing curve 424 (Line)
Info    : [ 40%] Meshing curve 425 (Line)
Info    : [ 40%] Meshing curve 426 (Line)
Info    : [ 40%] Meshing curve 427 (Line)
Info    : [ 40%] Meshing curve 428 (Line)
Info    : [ 40%] Meshing curve 429 (Line)
Info    : [ 50%] Meshing curve 430 (Line)
Info    : [ 50%] Meshing curve 431 (Line)
Info    : [ 50%] Meshing curve 432 (TrimmedCurve)
Info    : [ 50%] Meshing curve 433 (Line)
Info    : [ 50%] Meshing curve 434 (TrimmedCurve)
Info    : [ 50%] Meshing curve 435 (Line)
Info    : [ 50%] Meshing curve 436 (TrimmedCurve)
Info    : [ 50%] Meshing curve 437 (Line)
Info    : [ 50%] Meshing curve 438 (TrimmedCurve)
Info    : [ 50%] Meshing curve 439 (Line)
Info    : [ 50%] Meshing curve 440 (TrimmedCurve)
Info    : [ 50%] Meshing curve 441 (Line)
Info    : [ 50%] Meshing curve 442 (TrimmedCurve)
Info    : [ 50%] Meshing curve 443 (Line)
Info    : [ 50%] Meshing curve 444 (Line)
Info    : [ 50%] Meshing curve 445 (Line)
Info    : [ 50%] Meshing curve 446 (Line)
Info    : [ 50%] Meshing curve 447 (Line)
Info    : [ 50%] Meshing curve 448 (TrimmedCurve)
Info    : [ 50%] Meshing curve 449 (Line)
Info    : [ 50%] Meshing curve 450 (TrimmedCurve)
Info    : [ 50%] Meshing curve 451 (Line)
Info    : [ 50%] Meshing curve 452 (TrimmedCurve)
Info    : [ 50%] Meshing curve 453 (Line)
Info    : [ 50%] Meshing curve 454 (TrimmedCurve)
Info    : [ 50%] Meshing curve 455 (Line)
Info    : [ 50%] Meshing curve 456 (TrimmedCurve)
Info    : [ 50%] Meshing curve 457 (Line)
Info    : [ 50%] Meshing curve 458 (TrimmedCurve)
Info    : [ 50%] Meshing curve 459 (Line)
Info    : [ 50%] Meshing curve 460 (Line)
Info    : [ 50%] Meshing curve 461 (TrimmedCurve)
Info    : [ 50%] Meshing curve 462 (Line)
Info    : [ 60%] Meshing curve 463 (TrimmedCurve)
Info    : [ 60%] Meshing curve 464 (Line)
Info    : [ 60%] Meshing curve 465 (TrimmedCurve)
Info    : [ 60%] Meshing curve 466 (Line)
Info    : [ 60%] Meshing curve 467 (TrimmedCurve)
Info    : [ 60%] Meshing curve 468 (Line)
Info    : [ 60%] Meshing curve 469 (TrimmedCurve)
Info    : [ 60%] Meshing curve 470 (Line)
Info    : [ 60%] Meshing curve 471 (TrimmedCurve)
Info    : [ 60%] Meshing curve 472 (Line)
Info    : [ 60%] Meshing curve 473 (Line)
Info    : [ 60%] Meshing curve 474 (Line)
Info    : [ 60%] Meshing curve 475 (Line)
Info    : [ 60%] Meshing curve 476 (Line)
Info    : [ 60%] Meshing curve 477 (TrimmedCurve)
Info    : [ 60%] Meshing curve 478 (Line)
Info    : [ 60%] Meshing curve 479 (TrimmedCurve)
Info    : [ 60%] Meshing curve 480 (Line)
Info    : [ 60%] Meshing curve 481 (TrimmedCurve)
Info    : [ 60%] Meshing curve 482 (Line)
Info    : [ 60%] Meshing curve 483 (TrimmedCurve)
Info    : [ 60%] Meshing curve 484 (Line)
Info    : [ 60%] Meshing curve 485 (TrimmedCurve)
Info    : [ 60%] Meshing curve 486 (Line)
Info    : [ 60%] Meshing curve 487 (TrimmedCurve)
Info    : [ 60%] Meshing curve 488 (Line)
Info    : [ 60%] Meshing curve 489 (Line)
Info    : [ 60%] Meshing curve 490 (Line)
Info    : [ 60%] Meshing curve 491 (Line)
Info    : [ 60%] Meshing curve 492 (Line)
Info    : [ 60%] Meshing curve 493 (Line)
Info    : [ 60%] Meshing curve 494 (Line)
Info    : [ 70%] Meshing curve 495 (Line)
Info    : [ 70%] Meshing curve 496 (Line)
Info    : [ 70%] Meshing curve 497 (Line)
Info    : [ 70%] Meshing curve 498 (Line)
Info    : [ 70%] Meshing curve 499 (Line)
Info    : [ 70%] Meshing curve 500 (Line)
Info    : [ 70%] Meshing curve 501 (Line)
Info    : [ 70%] Meshing curve 502 (Line)
Info    : [ 70%] Meshing curve 503 (Line)
Info    : [ 70%] Meshing curve 504 (Line)
Info    : [ 70%] Meshing curve 505 (Line)
Info    : [ 70%] Meshing curve 506 (Line)
Info    : [ 70%] Meshing curve 507 (Line)
Info    : [ 70%] Meshing curve 508 (Line)
Info    : [ 70%] Meshing curve 509 (Line)
Info    : [ 70%] Meshing curve 510 (Line)
Info    : [ 70%] Meshing curve 511 (Line)
Info    : [ 70%] Meshing curve 512 (Line)
Info    : [ 70%] Meshing curve 513 (Line)
Info    : [ 70%] Meshing curve 514 (Line)
Info    : [ 70%] Meshing curve 515 (Line)
Info    : [ 70%] Meshing curve 516 (Line)
Info    : [ 70%] Meshing curve 517 (Line)
Info    : [ 70%] Meshing curve 518 (Line)
Info    : [ 70%] Meshing curve 519 (Line)
Info    : [ 70%] Meshing curve 520 (Line)
Info    : [ 70%] Meshing curve 521 (Line)
Info    : [ 70%] Meshing curve 522 (Line)
Info    : [ 70%] Meshing curve 523 (Line)
Info    : [ 70%] Meshing curve 524 (Line)
Info    : [ 70%] Meshing curve 525 (Line)
Info    : [ 70%] Meshing curve 526 (Line)
Info    : [ 70%] Meshing curve 527 (Line)
Info    : [ 80%] Meshing curve 528 (TrimmedCurve)
Info    : [ 80%] Meshing curve 529 (Line)
Info    : [ 80%] Meshing curve 530 (Line)
Info    : [ 80%] Meshing curve 531 (Line)
Info    : [ 80%] Meshing curve 532 (Line)
Info    : [ 80%] Meshing curve 533 (Line)
Info    : [ 80%] Meshing curve 534 (TrimmedCurve)
Info    : [ 80%] Meshing curve 535 (Line)
Info    : [ 80%] Meshing curve 536 (Line)
Info    : [ 80%] Meshing curve 537 (TrimmedCurve)
Info    : [ 80%] Meshing curve 538 (Line)
Info    : [ 80%] Meshing curve 539 (Line)
Info    : [ 80%] Meshing curve 540 (Line)
Info    : [ 80%] Meshing curve 541 (Line)
Info    : [ 80%] Meshing curve 542 (Line)
Info    : [ 80%] Meshing curve 543 (TrimmedCurve)
Info    : [ 80%] Meshing curve 544 (Line)
Info    : [ 80%] Meshing curve 545 (Line)
Info    : [ 80%] Meshing curve 546 (Line)
Info    : [ 80%] Meshing curve 547 (Line)
Info    : [ 80%] Meshing curve 548 (Line)
Info    : [ 80%] Meshing curve 549 (Line)
Info    : [ 80%] Meshing curve 550 (Line)
Info    : [ 80%] Meshing curve 551 (Line)
Info    : [ 80%] Meshing curve 552 (Line)
Info    : [ 80%] Meshing curve 553 (Line)
Info    : [ 80%] Meshing curve 554 (Line)
Info    : [ 80%] Meshing curve 555 (Line)
Info    : [ 80%] Meshing curve 556 (Line)
Info    : [ 80%] Meshing curve 557 (Line)
Info    : [ 80%] Meshing curve 558 (Line)
Info    : [ 80%] Meshing curve 559 (Line)
Info    : [ 90%] Meshing curve 560 (Line)
Info    : [ 90%] Meshing curve 561 (Line)
Info    : [ 90%] Meshing curve 562 (Line)
Info    : [ 90%] Meshing curve 563 (Line)
Info    : [ 90%] Meshing curve 564 (Line)
Info    : [ 90%] Meshing curve 565 (Line)
Info    : [ 90%] Meshing curve 566 (Line)
Info    : [ 90%] Meshing curve 567 (Line)
Info    : [ 90%] Meshing curve 568 (Line)
Info    : [ 90%] Meshing curve 569 (Line)
Info    : [ 90%] Meshing curve 570 (Line)
Info    : [ 90%] Meshing curve 571 (Line)
Info    : [ 90%] Meshing curve 572 (Line)
Info    : [ 90%] Meshing curve 573 (Line)
Info    : [ 90%] Meshing curve 574 (Line)
Info    : [ 90%] Meshing curve 575 (Line)
Info    : [ 90%] Meshing curve 576 (Line)
Info    : [ 90%] Meshing curve 577 (Line)
Info    : [ 90%] Meshing curve 578 (Line)
Info    : [ 90%] Meshing curve 579 (Line)
Info    : [ 90%] Meshing curve 580 (Line)
Info    : [ 90%] Meshing curve 581 (Line)
Info    : [ 90%] Meshing curve 582 (Line)
Info    : [ 90%] Meshing curve 583 (Line)
Info    : [ 90%] Meshing curve 584 (Line)
Info    : [ 90%] Meshing curve 585 (Line)
Info    : [ 90%] Meshing curve 586 (Line)
Info    : [ 90%] Meshing curve 587 (Line)
Info    : [ 90%] Meshing curve 588 (Line)
Info    : [ 90%] Meshing curve 589 (Line)
Info    : [ 90%] Meshing curve 590 (Line)
Info    : [ 90%] Meshing curve 591 (Line)
Info    : [ 90%] Meshing curve 592 (Line)
Info    : [100%] Meshing curve 593 (Line)
Info    : [100%] Meshing curve 594 (Line)
Info    : [100%] Meshing curve 595 (Line)
Info    : [100%] Meshing curve 596 (Line)
Info    : [100%] Meshing curve 597 (Line)
Info    : [100%] Meshing curve 598 (Line)
Info    : [100%] Meshing curve 599 (Line)
Info    : [100%] Meshing curve 600 (Line)
Info    : [100%] Meshing curve 601 (Line)
Info    : [100%] Meshing curve 602 (Line)
Info    : [100%] Meshing curve 603 (Line)
Info    : [100%] Meshing curve 604 (Line)
Info    : [100%] Meshing curve 605 (Line)
Info    : [100%] Meshing curve 606 (Line)
Info    : [100%] Meshing curve 607 (Line)
Info    : [100%] Meshing curve 608 (Line)
Info    : [100%] Meshing curve 609 (Line)
Info    : [100%] Meshing curve 610 (Line)
Info    : [100%] Meshing curve 611 (Line)
Info    : [100%] Meshing curve 612 (Line)
Info    : [100%] Meshing curve 613 (Line)
Info    : [100%] Meshing curve 614 (Line)
Info    : [100%] Meshing curve 615 (Line)
Info    : [100%] Meshing curve 616 (Line)
Info    : [100%] Meshing curve 617 (Line)
Info    : [100%] Meshing curve 618 (Line)
Info    : [100%] Meshing curve 619 (Line)
Info    : [100%] Meshing curve 620 (Line)
Info    : [100%] Meshing curve 621 (Line)
Info    : [100%] Meshing curve 622 (Line)
Info    : [100%] Meshing curve 623 (Line)
Info    : [100%] Meshing curve 624 (Line)
Info    : Done meshing 1D (Wall 1.30972s, CPU 1.30679s)
Info    : Meshing 2D...
Info    : [  0%] Meshing surface 35 (Plane, Delaunay)
Info    : [ 10%] Meshing surface 41 (Plane, Delaunay)
Info    : [ 10%] Meshing surface 43 (Plane, Delaunay)
Info    : [ 10%] Meshing surface 44 (Plane, Delaunay)
Info    : [ 10%] Meshing surface 45 (Plane, Delaunay)
Info    : [ 10%] Meshing surface 46 (Plane, Delaunay)
Info    : [ 10%] Meshing surface 47 (Plane, Delaunay)
Info    : [ 10%] Meshing surface 48 (Plane, Delaunay)
Info    : [ 10%] Meshing surface 49 (Plane, Delaunay)
Info    : [ 10%] Meshing surface 50 (Plane, Delaunay)
Info    : [ 10%] Meshing surface 51 (Plane, Delaunay)
Info    : [ 10%] Meshing surface 53 (Plane, Delaunay)
Info    : [ 10%] Meshing surface 54 (Plane, Delaunay)
Info    : [ 10%] Meshing surface 55 (Plane, Delaunay)
Info    : [ 10%] Meshing surface 56 (Plane, Delaunay)
Info    : [ 20%] Meshing surface 57 (Plane, Delaunay)
Info    : [ 20%] Meshing surface 58 (Plane, Delaunay)
Info    : [ 20%] Meshing surface 59 (Plane, Delaunay)
Info    : [ 20%] Meshing surface 60 (Plane, Delaunay)
Info    : [ 20%] Meshing surface 61 (Plane, Delaunay)
Info    : [ 20%] Meshing surface 62 (Plane, Delaunay)
Info    : [ 20%] Meshing surface 63 (Plane, Delaunay)
Info    : [ 20%] Meshing surface 64 (Plane, Delaunay)
Info    : [ 20%] Meshing surface 65 (Plane, Delaunay)
Info    : [ 20%] Meshing surface 66 (Plane, Delaunay)
Info    : [ 20%] Meshing surface 67 (Plane, Delaunay)
Info    : [ 20%] Meshing surface 68 (Plane, Delaunay)
Info    : [ 20%] Meshing surface 69 (Plane, Delaunay)
Info    : [ 20%] Meshing surface 70 (Plane, Delaunay)
Info    : [ 30%] Meshing surface 71 (Plane, Delaunay)
Info    : [ 30%] Meshing surface 72 (Plane, Delaunay)
Info    : [ 30%] Meshing surface 73 (Plane, Delaunay)
Info    : [ 30%] Meshing surface 74 (Plane, Delaunay)
Info    : [ 30%] Meshing surface 75 (Plane, Delaunay)
Info    : [ 30%] Meshing surface 76 (Plane, Delaunay)
Info    : [ 30%] Meshing surface 173 (Plane, Delaunay)
Info    : [ 30%] Meshing surface 174 (Plane, Delaunay)
Info    : [ 30%] Meshing surface 175 (Plane, Delaunay)
Info    : [ 30%] Meshing surface 177 (Plane, Delaunay)
Info    : [ 30%] Meshing surface 178 (Plane, Delaunay)
Info    : [ 30%] Meshing surface 179 (Plane, Delaunay)
Info    : [ 30%] Meshing surface 180 (Plane, Delaunay)
Info    : [ 30%] Meshing surface 181 (Plane, Delaunay)
Info    : [ 40%] Meshing surface 182 (Plane, Delaunay)
Info    : [ 40%] Meshing surface 183 (Plane, Delaunay)
Info    : [ 40%] Meshing surface 184 (Plane, Delaunay)
Info    : [ 40%] Meshing surface 185 (Plane, Delaunay)
Info    : [ 40%] Meshing surface 186 (Plane, Delaunay)
Info    : [ 40%] Meshing surface 187 (Plane, Delaunay)
Info    : [ 40%] Meshing surface 188 (Plane, Delaunay)
Info    : [ 40%] Meshing surface 189 (Plane, Delaunay)
Info    : [ 40%] Meshing surface 191 (Plane, Delaunay)
Info    : [ 40%] Meshing surface 192 (Plane, Delaunay)
Info    : [ 40%] Meshing surface 193 (Plane, Delaunay)
Info    : [ 40%] Meshing surface 194 (Plane, Delaunay)
Info    : [ 40%] Meshing surface 195 (Plane, Delaunay)
Info    : [ 40%] Meshing surface 196 (Plane, Delaunay)
Info    : [ 50%] Meshing surface 197 (Plane, Delaunay)
Info    : [ 50%] Meshing surface 198 (Plane, Delaunay)
Info    : [ 50%] Meshing surface 199 (Plane, Delaunay)
Info    : [ 50%] Meshing surface 200 (Plane, Delaunay)
Info    : [ 50%] Meshing surface 201 (Plane, Delaunay)
Info    : [ 50%] Meshing surface 202 (Plane, Delaunay)
Info    : [ 50%] Meshing surface 203 (Plane, Delaunay)
Info    : [ 50%] Meshing surface 204 (Plane, Delaunay)
Info    : [ 50%] Meshing surface 205 (Plane, Delaunay)
Info    : [ 50%] Meshing surface 206 (Plane, Delaunay)
Info    : [ 50%] Meshing surface 207 (Plane, Delaunay)
Info    : [ 50%] Meshing surface 208 (Plane, Delaunay)
Info    : [ 50%] Meshing surface 209 (Plane, Delaunay)
Info    : [ 50%] Meshing surface 210 (Plane, Delaunay)
Info    : [ 50%] Meshing surface 211 (Plane, Delaunay)
Info    : [ 60%] Meshing surface 212 (Plane, Delaunay)
Info    : [ 60%] Meshing surface 213 (Plane, Delaunay)
Info    : [ 60%] Meshing surface 214 (Plane, Delaunay)
Info    : [ 60%] Meshing surface 215 (Plane, Delaunay)
Info    : [ 60%] Meshing surface 216 (Plane, Delaunay)
Info    : [ 60%] Meshing surface 217 (Plane, Delaunay)
Info    : [ 60%] Meshing surface 218 (Plane, Delaunay)
Info    : [ 60%] Meshing surface 219 (Plane, Delaunay)
Info    : [ 60%] Meshing surface 220 (Plane, Delaunay)
Info    : [ 60%] Meshing surface 221 (Plane, Delaunay)
Info    : [ 60%] Meshing surface 222 (Plane, Delaunay)
Info    : [ 60%] Meshing surface 223 (Plane, Delaunay)
Info    : [ 60%] Meshing surface 225 (Plane, Delaunay)
Info    : [ 60%] Meshing surface 226 (Plane, Delaunay)
Info    : [ 70%] Meshing surface 227 (Plane, Delaunay)
Info    : [ 70%] Meshing surface 228 (Plane, Delaunay)
Info    : [ 70%] Meshing surface 229 (Plane, Delaunay)
Info    : [ 70%] Meshing surface 230 (Plane, Delaunay)
Info    : [ 70%] Meshing surface 231 (Plane, Delaunay)
Info    : [ 70%] Meshing surface 232 (Plane, Delaunay)
Info    : [ 70%] Meshing surface 233 (Plane, Delaunay)
Info    : [ 70%] Meshing surface 234 (Plane, Delaunay)
Info    : [ 70%] Meshing surface 235 (Plane, Delaunay)
Info    : [ 70%] Meshing surface 236 (Plane, Delaunay)
Info    : [ 70%] Meshing surface 237 (Plane, Delaunay)
Info    : [ 70%] Meshing surface 238 (Plane, Delaunay)
Info    : [ 70%] Meshing surface 239 (Plane, Delaunay)
Info    : [ 70%] Meshing surface 240 (Plane, Delaunay)
Info    : [ 80%] Meshing surface 241 (Plane, Delaunay)
Info    : [ 80%] Meshing surface 242 (Plane, Delaunay)
Info    : [ 80%] Meshing surface 243 (Plane, Delaunay)
Info    : [ 80%] Meshing surface 244 (Plane, Delaunay)
Info    : [ 80%] Meshing surface 245 (Plane, Delaunay)
Info    : [ 80%] Meshing surface 246 (Plane, Delaunay)
Info    : [ 80%] Meshing surface 247 (Plane, Delaunay)
Info    : [ 80%] Meshing surface 248 (Plane, Delaunay)
Info    : [ 80%] Meshing surface 249 (Plane, Delaunay)
Info    : [ 80%] Meshing surface 250 (Plane, Delaunay)
Info    : [ 80%] Meshing surface 251 (Plane, Delaunay)
Info    : [ 80%] Meshing surface 252 (Plane, Delaunay)
Info    : [ 80%] Meshing surface 253 (Plane, Delaunay)
Info    : [ 80%] Meshing surface 254 (Plane, Delaunay)
Info    : [ 90%] Meshing surface 255 (Plane, Delaunay)
Info    : [ 90%] Meshing surface 256 (Plane, Delaunay)
Info    : [ 90%] Meshing surface 257 (Plane, Delaunay)
Info    : [ 90%] Meshing surface 258 (Plane, Delaunay)
Info    : [ 90%] Meshing surface 259 (Plane, Delaunay)
Info    : [ 90%] Meshing surface 260 (Plane, Delaunay)
Info    : [ 90%] Meshing surface 261 (Plane, Delaunay)
Info    : [ 90%] Meshing surface 262 (Plane, Delaunay)
Info    : [ 90%] Meshing surface 263 (Plane, Delaunay)
Info    : [ 90%] Meshing surface 264 (Plane, Delaunay)
Info    : [ 90%] Meshing surface 265 (Plane, Delaunay)
Info    : [ 90%] Meshing surface 266 (Plane, Delaunay)
Info    : [ 90%] Meshing surface 267 (Plane, Delaunay)
Info    : [ 90%] Meshing surface 268 (Plane, Delaunay)
Info    : [100%] Meshing surface 269 (Plane, Delaunay)
Info    : [100%] Meshing surface 270 (Plane, Delaunay)
Info    : [100%] Meshing surface 271 (Plane, Delaunay)
Info    : [100%] Meshing surface 272 (Plane, Delaunay)
Info    : [100%] Meshing surface 273 (Plane, Delaunay)
Info    : [100%] Meshing surface 274 (Plane, Delaunay)
Info    : [100%] Meshing surface 275 (Plane, Delaunay)
Info    : [100%] Meshing surface 276 (Plane, Delaunay)
Info    : [100%] Meshing surface 277 (Plane, Delaunay)
Info    : [100%] Meshing surface 278 (Plane, Delaunay)
Info    : [100%] Meshing surface 279 (Plane, Delaunay)
Info    : [100%] Meshing surface 280 (Plane, Delaunay)
Info    : [100%] Meshing surface 281 (Plane, Delaunay)
Info    : [100%] Meshing surface 282 (Plane, Delaunay)
Info    : Done meshing 2D (Wall 0.405509s, CPU 0.405455s)
Info    : Meshing 3D...
Info    : 3D Meshing 16 volumes with 1 connected component
Info    : Tetrahedrizing 3570 nodes...
Info    : Done tetrahedrizing 3578 nodes (Wall 0.0360585s, CPU 0.036044s)
Info    : Reconstructing mesh...
Info    :  - Creating surface mesh
Info    :  - Identifying boundary edges
Info    :  - Recovering boundary
Info    :  - Added 25 Steiner points
Info    : Done reconstructing mesh (Wall 0.101541s, CPU 0.101523s)
Info    : Found volume 27
Info    : Found volume 28
Info    : Found volume 23
Info    : Found volume 26
Info    : Found volume 9
Info    : Found volume 30
Info    : Found volume 29
Info    : Found volume 6
Info    : Found volume 7
Info    : Found volume 31
Info    : Found volume 8
Info    : Found volume 25
Info    : Found volume 11
Info    : Found volume 10
Info    : Found volume 12
Info    : Found volume 24
Info    : It. 0 - 0 nodes created - worst tet radius 9.59963 (nodes removed 0 0)
Info    : It. 500 - 83 nodes created - worst tet radius 1.35626 (nodes removed 0 417)
Info    : It. 1000 - 231 nodes created - worst tet radius 1.05953 (nodes removed 0 769)
Info    : 3D refinement terminated (3892 nodes total):
Info    :  - 3 Delaunay cavities modified for star shapeness
Info    :  - 926 nodes could not be inserted
Info    :  - 23114 tetrahedra created in 0.0620358 sec. (372591 tets/s)
Info    : 387 node relocations
Info    : Done meshing 3D (Wall 0.340852s, CPU 0.340795s)
Info    : Optimizing mesh...
Info    : Optimizing volume 6
Info    : Optimization starts (volume = 234) with worst = 0.209192 / average = 0.599769:
Info    : 0.00 < quality < 0.10 :         0 elements
Info    : 0.10 < quality < 0.20 :         0 elements
Info    : 0.20 < quality < 0.30 :        35 elements
Info    : 0.30 < quality < 0.40 :         7 elements
Info    : 0.40 < quality < 0.50 :         3 elements
Info    : 0.50 < quality < 0.60 :         6 elements
Info    : 0.60 < quality < 0.70 :        60 elements
Info    : 0.70 < quality < 0.80 :        46 elements
Info    : 0.80 < quality < 0.90 :        10 elements
Info    : 0.90 < quality < 1.00 :         1 elements
Info    : No ill-shaped tets in the mesh :-)
Info    : 0.00 < quality < 0.10 :         0 elements
Info    : 0.10 < quality < 0.20 :         0 elements
Info    : 0.20 < quality < 0.30 :        35 elements
Info    : 0.30 < quality < 0.40 :         7 elements
Info    : 0.40 < quality < 0.50 :         3 elements
Info    : 0.50 < quality < 0.60 :         6 elements
Info    : 0.60 < quality < 0.70 :        60 elements
Info    : 0.70 < quality < 0.80 :        46 elements
Info    : 0.80 < quality < 0.90 :        10 elements
Info    : 0.90 < quality < 1.00 :         1 elements
Info    : Optimizing volume 7
Info    : Optimization starts (volume = 234) with worst = 0.209192 / average = 0.599865:
Info    : 0.00 < quality < 0.10 :         0 elements
Info    : 0.10 < quality < 0.20 :         0 elements
Info    : 0.20 < quality < 0.30 :        35 elements
Info    : 0.30 < quality < 0.40 :         7 elements
Info    : 0.40 < quality < 0.50 :         3 elements
Info    : 0.50 < quality < 0.60 :         6 elements
Info    : 0.60 < quality < 0.70 :        60 elements
Info    : 0.70 < quality < 0.80 :        46 elements
Info    : 0.80 < quality < 0.90 :        10 elements
Info    : 0.90 < quality < 1.00 :         1 elements
Info    : No ill-shaped tets in the mesh :-)
Info    : 0.00 < quality < 0.10 :         0 elements
Info    : 0.10 < quality < 0.20 :         0 elements
Info    : 0.20 < quality < 0.30 :        35 elements
Info    : 0.30 < quality < 0.40 :         7 elements
Info    : 0.40 < quality < 0.50 :         3 elements
Info    : 0.50 < quality < 0.60 :         6 elements
Info    : 0.60 < quality < 0.70 :        60 elements
Info    : 0.70 < quality < 0.80 :        46 elements
Info    : 0.80 < quality < 0.90 :        10 elements
Info    : 0.90 < quality < 1.00 :         1 elements
Info    : Optimizing volume 8
Info    : Optimization starts (volume = 109.224) with worst = 0.219132 / average = 0.608138:
Info    : 0.00 < quality < 0.10 :         0 elements
Info    : 0.10 < quality < 0.20 :         0 elements
Info    : 0.20 < quality < 0.30 :         6 elements
Info    : 0.30 < quality < 0.40 :        10 elements
Info    : 0.40 < quality < 0.50 :        24 elements
Info    : 0.50 < quality < 0.60 :        14 elements
Info    : 0.60 < quality < 0.70 :        18 elements
Info    : 0.70 < quality < 0.80 :        18 elements
Info    : 0.80 < quality < 0.90 :        20 elements
Info    : 0.90 < quality < 1.00 :         4 elements
Info    : No ill-shaped tets in the mesh :-)
Info    : 0.00 < quality < 0.10 :         0 elements
Info    : 0.10 < quality < 0.20 :         0 elements
Info    : 0.20 < quality < 0.30 :         6 elements
Info    : 0.30 < quality < 0.40 :        10 elements
Info    : 0.40 < quality < 0.50 :        24 elements
Info    : 0.50 < quality < 0.60 :        14 elements
Info    : 0.60 < quality < 0.70 :        18 elements
Info    : 0.70 < quality < 0.80 :        18 elements
Info    : 0.80 < quality < 0.90 :        20 elements
Info    : 0.90 < quality < 1.00 :         4 elements
Info    : Optimizing volume 9
Info    : Optimization starts (volume = 2.268) with worst = 0.0280207 / average = 0.26468:
Info    : 0.00 < quality < 0.10 :         6 elements
Info    : 0.10 < quality < 0.20 :         0 elements
Info    : 0.20 < quality < 0.30 :         2 elements
Info    : 0.30 < quality < 0.40 :         7 elements
Info    : 0.40 < quality < 0.50 :         0 elements
Info    : 0.50 < quality < 0.60 :         0 elements
Info    : 0.60 < quality < 0.70 :         2 elements
Info    : 0.70 < quality < 0.80 :         0 elements
Info    : 0.80 < quality < 0.90 :         0 elements
Info    : 0.90 < quality < 1.00 :         0 elements
Info    : 4 edge swaps, 0 node relocations (volume = 2.268): worst = 0.0280207 / average = 0.310559 (Wall 8.6713e-05s, CPU 8.6e-05s)
Info    : No ill-shaped tets in the mesh :-)
Info    : 0.00 < quality < 0.10 :         4 elements
Info    : 0.10 < quality < 0.20 :         1 elements
Info    : 0.20 < quality < 0.30 :         4 elements
Info    : 0.30 < quality < 0.40 :         3 elements
Info    : 0.40 < quality < 0.50 :         1 elements
Info    : 0.50 < quality < 0.60 :         2 elements
Info    : 0.60 < quality < 0.70 :         2 elements
Info    : 0.70 < quality < 0.80 :         0 elements
Info    : 0.80 < quality < 0.90 :         0 elements
Info    : 0.90 < quality < 1.00 :         0 elements
Info    : Optimizing volume 10
Info    : Optimization starts (volume = 2.268) with worst = 0.266475 / average = 0.325093:
Info    : 0.00 < quality < 0.10 :         0 elements
Info    : 0.10 < quality < 0.20 :         0 elements
Info    : 0.20 < quality < 0.30 :         4 elements
Info    : 0.30 < quality < 0.40 :         8 elements
Info    : 0.40 < quality < 0.50 :         0 elements
Info    : 0.50 < quality < 0.60 :         0 elements
Info    : 0.60 < quality < 0.70 :         0 elements
Info    : 0.70 < quality < 0.80 :         0 elements
Info    : 0.80 < quality < 0.90 :         0 elements
Info    : 0.90 < quality < 1.00 :         0 elements
Info    : No ill-shaped tets in the mesh :-)
Info    : 0.00 < quality < 0.10 :         0 elements
Info    : 0.10 < quality < 0.20 :         0 elements
Info    : 0.20 < quality < 0.30 :         4 elements
Info    : 0.30 < quality < 0.40 :         8 elements
Info    : 0.40 < quality < 0.50 :         0 elements
Info    : 0.50 < quality < 0.60 :         0 elements
Info    : 0.60 < quality < 0.70 :         0 elements
Info    : 0.70 < quality < 0.80 :         0 elements
Info    : 0.80 < quality < 0.90 :         0 elements
Info    : 0.90 < quality < 1.00 :         0 elements
Info    : Optimizing volume 11
Info    : Optimization starts (volume = 2.268) with worst = 0.266475 / average = 0.325093:
Info    : 0.00 < quality < 0.10 :         0 elements
Info    : 0.10 < quality < 0.20 :         0 elements
Info    : 0.20 < quality < 0.30 :         4 elements
Info    : 0.30 < quality < 0.40 :         8 elements
Info    : 0.40 < quality < 0.50 :         0 elements
Info    : 0.50 < quality < 0.60 :         0 elements
Info    : 0.60 < quality < 0.70 :         0 elements
Info    : 0.70 < quality < 0.80 :         0 elements
Info    : 0.80 < quality < 0.90 :         0 elements
Info    : 0.90 < quality < 1.00 :         0 elements
Info    : No ill-shaped tets in the mesh :-)
Info    : 0.00 < quality < 0.10 :         0 elements
Info    : 0.10 < quality < 0.20 :         0 elements
Info    : 0.20 < quality < 0.30 :         4 elements
Info    : 0.30 < quality < 0.40 :         8 elements
Info    : 0.40 < quality < 0.50 :         0 elements
Info    : 0.50 < quality < 0.60 :         0 elements
Info    : 0.60 < quality < 0.70 :         0 elements
Info    : 0.70 < quality < 0.80 :         0 elements
Info    : 0.80 < quality < 0.90 :         0 elements
Info    : 0.90 < quality < 1.00 :         0 elements
Info    : Optimizing volume 12
Info    : Optimization starts (volume = 2.268) with worst = 0.266475 / average = 0.325093:
Info    : 0.00 < quality < 0.10 :         0 elements
Info    : 0.10 < quality < 0.20 :         0 elements
Info    : 0.20 < quality < 0.30 :         4 elements
Info    : 0.30 < quality < 0.40 :         8 elements
Info    : 0.40 < quality < 0.50 :         0 elements
Info    : 0.50 < quality < 0.60 :         0 elements
Info    : 0.60 < quality < 0.70 :         0 elements
Info    : 0.70 < quality < 0.80 :         0 elements
Info    : 0.80 < quality < 0.90 :         0 elements
Info    : 0.90 < quality < 1.00 :         0 elements
Info    : No ill-shaped tets in the mesh :-)
Info    : 0.00 < quality < 0.10 :         0 elements
Info    : 0.10 < quality < 0.20 :         0 elements
Info    : 0.20 < quality < 0.30 :         4 elements
Info    : 0.30 < quality < 0.40 :         8 elements
Info    : 0.40 < quality < 0.50 :         0 elements
Info    : 0.50 < quality < 0.60 :         0 elements
Info    : 0.60 < quality < 0.70 :         0 elements
Info    : 0.70 < quality < 0.80 :         0 elements
Info    : 0.80 < quality < 0.90 :         0 elements
Info    : 0.90 < quality < 1.00 :         0 elements
Info    : Optimizing volume 23
Info    : Optimization starts (volume = 4404.86) with worst = 0.00453256 / average = 0.138588:
Info    : 0.00 < quality < 0.10 :       112 elements
Info    : 0.10 < quality < 0.20 :      1671 elements
Info    : 0.20 < quality < 0.30 :       100 elements
Info    : 0.30 < quality < 0.40 :         9 elements
Info    : 0.40 < quality < 0.50 :         0 elements
Info    : 0.50 < quality < 0.60 :         0 elements
Info    : 0.60 < quality < 0.70 :         0 elements
Info    : 0.70 < quality < 0.80 :         0 elements
Info    : 0.80 < quality < 0.90 :         0 elements
Info    : 0.90 < quality < 1.00 :         0 elements
Info    : 158 edge swaps, 23 node relocations (volume = 4404.86): worst = 0.00453256 / average = 0.138349 (Wall 0.00715438s, CPU 0.007152s)
Info    : 164 edge swaps, 42 node relocations (volume = 4404.86): worst = 0.00453256 / average = 0.138409 (Wall 0.0195538s, CPU 0.019548s)
Info    : No ill-shaped tets in the mesh :-)
Info    : 0.00 < quality < 0.10 :       106 elements
Info    : 0.10 < quality < 0.20 :      1648 elements
Info    : 0.20 < quality < 0.30 :        99 elements
Info    : 0.30 < quality < 0.40 :         7 elements
Info    : 0.40 < quality < 0.50 :         0 elements
Info    : 0.50 < quality < 0.60 :         0 elements
Info    : 0.60 < quality < 0.70 :         0 elements
Info    : 0.70 < quality < 0.80 :         0 elements
Info    : 0.80 < quality < 0.90 :         0 elements
Info    : 0.90 < quality < 1.00 :         0 elements
Info    : Optimizing volume 24
Info    : Optimization starts (volume = 3175.1) with worst = 0.0474923 / average = 0.654162:
Info    : 0.00 < quality < 0.10 :         2 elements
Info    : 0.10 < quality < 0.20 :        22 elements
Info    : 0.20 < quality < 0.30 :        10 elements
Info    : 0.30 < quality < 0.40 :        36 elements
Info    : 0.40 < quality < 0.50 :       143 elements
Info    : 0.50 < quality < 0.60 :       275 elements
Info    : 0.60 < quality < 0.70 :       263 elements
Info    : 0.70 < quality < 0.80 :       272 elements
Info    : 0.80 < quality < 0.90 :       212 elements
Info    : 0.90 < quality < 1.00 :        70 elements
Info    : 26 edge swaps, 0 node relocations (volume = 3175.1): worst = 0.280626 / average = 0.662834 (Wall 0.00049336s, CPU 0.000495s)
Info    : 27 edge swaps, 0 node relocations (volume = 3175.1): worst = 0.280626 / average = 0.662808 (Wall 0.000585756s, CPU 0.000588s)
Info    : No ill-shaped tets in the mesh :-)
Info    : 0.00 < quality < 0.10 :         0 elements
Info    : 0.10 < quality < 0.20 :         0 elements
Info    : 0.20 < quality < 0.30 :         5 elements
Info    : 0.30 < quality < 0.40 :        36 elements
Info    : 0.40 < quality < 0.50 :       128 elements
Info    : 0.50 < quality < 0.60 :       304 elements
Info    : 0.60 < quality < 0.70 :       263 elements
Info    : 0.70 < quality < 0.80 :       268 elements
Info    : 0.80 < quality < 0.90 :       208 elements
Info    : 0.90 < quality < 1.00 :        70 elements
Info    : Optimizing volume 25
Info    : Optimization starts (volume = 893.509) with worst = 0.0474923 / average = 0.625246:
Info    : 0.00 < quality < 0.10 :         2 elements
Info    : 0.10 < quality < 0.20 :         7 elements
Info    : 0.20 < quality < 0.30 :        10 elements
Info    : 0.30 < quality < 0.40 :        19 elements
Info    : 0.40 < quality < 0.50 :        52 elements
Info    : 0.50 < quality < 0.60 :        95 elements
Info    : 0.60 < quality < 0.70 :        81 elements
Info    : 0.70 < quality < 0.80 :        91 elements
Info    : 0.80 < quality < 0.90 :        54 elements
Info    : 0.90 < quality < 1.00 :        19 elements
Info    : 13 edge swaps, 0 node relocations (volume = 893.509): worst = 0.269694 / average = 0.635014 (Wall 0.000193147s, CPU 0.000194s)
Info    : 15 edge swaps, 0 node relocations (volume = 893.509): worst = 0.269694 / average = 0.63476 (Wall 0.000247623s, CPU 0.000248s)
Info    : No ill-shaped tets in the mesh :-)
Info    : 0.00 < quality < 0.10 :         0 elements
Info    : 0.10 < quality < 0.20 :         0 elements
Info    : 0.20 < quality < 0.30 :         4 elements
Info    : 0.30 < quality < 0.40 :        18 elements
Info    : 0.40 < quality < 0.50 :        51 elements
Info    : 0.50 < quality < 0.60 :       109 elements
Info    : 0.60 < quality < 0.70 :        82 elements
Info    : 0.70 < quality < 0.80 :        81 elements
Info    : 0.80 < quality < 0.90 :        53 elements
Info    : 0.90 < quality < 1.00 :        20 elements
Info    : Optimizing volume 26
Info    : Optimization starts (volume = 1.65336e+07) with worst = 0.0264798 / average = 0.634156:
Info    : 0.00 < quality < 0.10 :         5 elements
Info    : 0.10 < quality < 0.20 :        15 elements
Info    : 0.20 < quality < 0.30 :        27 elements
Info    : 0.30 < quality < 0.40 :        79 elements
Info    : 0.40 < quality < 0.50 :       204 elements
Info    : 0.50 < quality < 0.60 :       312 elements
Info    : 0.60 < quality < 0.70 :       282 elements
Info    : 0.70 < quality < 0.80 :       245 elements
Info    : 0.80 < quality < 0.90 :       204 elements
Info    : 0.90 < quality < 1.00 :        99 elements
Info    : 41 edge swaps, 0 node relocations (volume = 1.65336e+07): worst = 0.287019 / average = 0.647494 (Wall 0.000616487s, CPU 0.000618s)
Info    : 42 edge swaps, 0 node relocations (volume = 1.65336e+07): worst = 0.303399 / average = 0.64739 (Wall 0.000732429s, CPU 0.000734s)
Info    : No ill-shaped tets in the mesh :-)
Info    : 0.00 < quality < 0.10 :         0 elements
Info    : 0.10 < quality < 0.20 :         0 elements
Info    : 0.20 < quality < 0.30 :         0 elements
Info    : 0.30 < quality < 0.40 :        92 elements
Info    : 0.40 < quality < 0.50 :       190 elements
Info    : 0.50 < quality < 0.60 :       318 elements
Info    : 0.60 < quality < 0.70 :       292 elements
Info    : 0.70 < quality < 0.80 :       244 elements
Info    : 0.80 < quality < 0.90 :       199 elements
Info    : 0.90 < quality < 1.00 :       102 elements
Info    : Optimizing volume 27
Info    : Optimization starts (volume = 33067.1) with worst = 0.000340057 / average = 0.0565545:
Info    : 0.00 < quality < 0.10 :      1546 elements
Info    : 0.10 < quality < 0.20 :       318 elements
Info    : 0.20 < quality < 0.30 :         0 elements
Info    : 0.30 < quality < 0.40 :         0 elements
Info    : 0.40 < quality < 0.50 :         0 elements
Info    : 0.50 < quality < 0.60 :         0 elements
Info    : 0.60 < quality < 0.70 :         0 elements
Info    : 0.70 < quality < 0.80 :         0 elements
Info    : 0.80 < quality < 0.90 :         0 elements
Info    : 0.90 < quality < 1.00 :         0 elements
Info    : 276 edge swaps, 0 node relocations (volume = 33067.1): worst = 0.00143255 / average = 0.0578921 (Wall 0.0107959s, CPU 0.010792s)
Info    : 296 edge swaps, 0 node relocations (volume = 33067.1): worst = 0.00143255 / average = 0.0580647 (Wall 0.0237147s, CPU 0.023709s)
Info    : No ill-shaped tets in the mesh :-)
Info    : 0.00 < quality < 0.10 :      1376 elements
Info    : 0.10 < quality < 0.20 :       284 elements
Info    : 0.20 < quality < 0.30 :         0 elements
Info    : 0.30 < quality < 0.40 :         0 elements
Info    : 0.40 < quality < 0.50 :         0 elements
Info    : 0.50 < quality < 0.60 :         0 elements
Info    : 0.60 < quality < 0.70 :         0 elements
Info    : 0.70 < quality < 0.80 :         0 elements
Info    : 0.80 < quality < 0.90 :         0 elements
Info    : 0.90 < quality < 1.00 :         0 elements
Info    : Optimizing volume 28
Info    : Optimization starts (volume = 1.29133e+06) with worst = 0.000386272 / average = 0.454176:
Info    : 0.00 < quality < 0.10 :       326 elements
Info    : 0.10 < quality < 0.20 :      1751 elements
Info    : 0.20 < quality < 0.30 :      1141 elements
Info    : 0.30 < quality < 0.40 :      1190 elements
Info    : 0.40 < quality < 0.50 :      1522 elements
Info    : 0.50 < quality < 0.60 :      1323 elements
Info    : 0.60 < quality < 0.70 :      1032 elements
Info    : 0.70 < quality < 0.80 :       701 elements
Info    : 0.80 < quality < 0.90 :       763 elements
Info    : 0.90 < quality < 1.00 :       396 elements
Info    : 573 edge swaps, 26 node relocations (volume = 1.29133e+06): worst = 0.0269373 / average = 0.466286 (Wall 0.0262216s, CPU 0.026219s)
Info    : 627 edge swaps, 30 node relocations (volume = 1.29133e+06): worst = 0.0523369 / average = 0.466441 (Wall 0.0480142s, CPU 0.048007s)
Info    : 641 edge swaps, 34 node relocations (volume = 1.29133e+06): worst = 0.0523369 / average = 0.466621 (Wall 0.0698572s, CPU 0.069849s)
Info    : No ill-shaped tets in the mesh :-)
Info    : 0.00 < quality < 0.10 :       186 elements
Info    : 0.10 < quality < 0.20 :      1539 elements
Info    : 0.20 < quality < 0.30 :      1037 elements
Info    : 0.30 < quality < 0.40 :      1235 elements
Info    : 0.40 < quality < 0.50 :      1549 elements
Info    : 0.50 < quality < 0.60 :      1289 elements
Info    : 0.60 < quality < 0.70 :      1063 elements
Info    : 0.70 < quality < 0.80 :       737 elements
Info    : 0.80 < quality < 0.90 :       699 elements
Info    : 0.90 < quality < 1.00 :       393 elements
Info    : Optimizing volume 29
Info    : Optimization starts (volume = 310004) with worst = 0.062326 / average = 0.502226:
Info    : 0.00 < quality < 0.10 :        16 elements
Info    : 0.10 < quality < 0.20 :       127 elements
Info    : 0.20 < quality < 0.30 :       283 elements
Info    : 0.30 < quality < 0.40 :       348 elements
Info    : 0.40 < quality < 0.50 :       458 elements
Info    : 0.50 < quality < 0.60 :       534 elements
Info    : 0.60 < quality < 0.70 :       500 elements
Info    : 0.70 < quality < 0.80 :       299 elements
Info    : 0.80 < quality < 0.90 :        78 elements
Info    : 0.90 < quality < 1.00 :         1 elements
Info    : 125 edge swaps, 0 node relocations (volume = 310004): worst = 0.0655192 / average = 0.511536 (Wall 0.00383604s, CPU 0.003848s)
Info    : 132 edge swaps, 0 node relocations (volume = 310004): worst = 0.0655192 / average = 0.511539 (Wall 0.00613399s, CPU 0.006146s)
Info    : No ill-shaped tets in the mesh :-)
Info    : 0.00 < quality < 0.10 :         7 elements
Info    : 0.10 < quality < 0.20 :        83 elements
Info    : 0.20 < quality < 0.30 :       238 elements
Info    : 0.30 < quality < 0.40 :       365 elements
Info    : 0.40 < quality < 0.50 :       460 elements
Info    : 0.50 < quality < 0.60 :       520 elements
Info    : 0.60 < quality < 0.70 :       493 elements
Info    : 0.70 < quality < 0.80 :       303 elements
Info    : 0.80 < quality < 0.90 :        76 elements
Info    : 0.90 < quality < 1.00 :         1 elements
Info    : Optimizing volume 30
Info    : Optimization starts (volume = 1.48802e+07) with worst = 0.027928 / average = 0.613885:
Info    : 0.00 < quality < 0.10 :         6 elements
Info    : 0.10 < quality < 0.20 :        19 elements
Info    : 0.20 < quality < 0.30 :        38 elements
Info    : 0.30 < quality < 0.40 :        89 elements
Info    : 0.40 < quality < 0.50 :       242 elements
Info    : 0.50 < quality < 0.60 :       433 elements
Info    : 0.60 < quality < 0.70 :       422 elements
Info    : 0.70 < quality < 0.80 :       297 elements
Info    : 0.80 < quality < 0.90 :       173 elements
Info    : 0.90 < quality < 1.00 :        64 elements
Info    : 58 edge swaps, 2 node relocations (volume = 1.48802e+07): worst = 0.286005 / average = 0.628525 (Wall 0.000751283s, CPU 0.000753s)
Info    : No ill-shaped tets in the mesh :-)
Info    : 0.00 < quality < 0.10 :         0 elements
Info    : 0.10 < quality < 0.20 :         0 elements
Info    : 0.20 < quality < 0.30 :         2 elements
Info    : 0.30 < quality < 0.40 :        98 elements
Info    : 0.40 < quality < 0.50 :       229 elements
Info    : 0.50 < quality < 0.60 :       436 elements
Info    : 0.60 < quality < 0.70 :       430 elements
Info    : 0.70 < quality < 0.80 :       301 elements
Info    : 0.80 < quality < 0.90 :       175 elements
Info    : 0.90 < quality < 1.00 :        63 elements
Info    : Optimizing volume 31
Info    : Optimization starts (volume = 4.20107e+07) with worst = 0.00548459 / average = 0.540777:
Info    : 0.00 < quality < 0.10 :       128 elements
Info    : 0.10 < quality < 0.20 :         4 elements
Info    : 0.20 < quality < 0.30 :        52 elements
Info    : 0.30 < quality < 0.40 :        88 elements
Info    : 0.40 < quality < 0.50 :        97 elements
Info    : 0.50 < quality < 0.60 :       189 elements
Info    : 0.60 < quality < 0.70 :       176 elements
Info    : 0.70 < quality < 0.80 :       226 elements
Info    : 0.80 < quality < 0.90 :       100 elements
Info    : 0.90 < quality < 1.00 :        16 elements
Info    : 36 edge swaps, 0 node relocations (volume = 4.20107e+07): worst = 0.00548459 / average = 0.546818 (Wall 0.00202528s, CPU 0.002023s)
Info    : 39 edge swaps, 0 node relocations (volume = 4.20107e+07): worst = 0.00548459 / average = 0.546932 (Wall 0.0034565s, CPU 0.003455s)
Info    : No ill-shaped tets in the mesh :-)
Info    : 0.00 < quality < 0.10 :       120 elements
Info    : 0.10 < quality < 0.20 :         4 elements
Info    : 0.20 < quality < 0.30 :        34 elements
Info    : 0.30 < quality < 0.40 :        88 elements
Info    : 0.40 < quality < 0.50 :       104 elements
Info    : 0.50 < quality < 0.60 :       189 elements
Info    : 0.60 < quality < 0.70 :       171 elements
Info    : 0.70 < quality < 0.80 :       226 elements
Info    : 0.80 < quality < 0.90 :        94 elements
Info    : 0.90 < quality < 1.00 :        16 elements
Info    : Done optimizing mesh (Wall 0.153976s, CPU 0.153954s)
Info    : 3892 nodes 31177 elements
Info    : Writing '/foss/designs/inductor_synth/palace_model/inductor2_N2_do78.75_w4_s3_data/inductor2_N2_do78.75_w4_s3.msh'...
Info    : Done writing '/foss/designs/inductor_synth/palace_model/inductor2_N2_do78.75_w4_s3_data/inductor2_N2_do78.75_w4_s3.msh'
Info    : Clearing all models and views...
Info    : Done clearing all models and views
>> /usr/bin/mpirun -n 1 /foss/tools/bin/palace-x86_64.bin config.json

_____________     _______
_____   __   \____ __   /____ ____________
____   /_/  /  __ ` /  /  __ ` /  ___/  _ \
___   _____/  /_/  /  /  /_/  /  /__/  ___/
  /__/     \___,__/__/\___,__/\_____\_____/

Git changeset ID: v0.17.0-227-gc531cf3e
Running with 1 MPI process
Device configuration: cpu
Memory configuration: host-std
libCEED backend: /cpu/self/xsmm/blocked

Added 2810 boundary elements for material interfaces to the mesh

Characteristic length and time scales:
 Lc = 4.999e-04 m, tc = 1.667e-03 ns
Finished partitioning mesh into 1 subdomain

Mesh curvature order: 1
Mesh bounding box:
 (Xmin, Ymin, Zmin) = (-1.805e-04, -1.805e-04, -5.000e-05) m
 (Xmax, Ymax, Zmax) = (+1.805e-04, +1.805e-04, +4.499e-04) m

Parallel Mesh Stats:

                minimum     average     maximum       total
 vertices          3315        3315        3315        3315
 edges            20609       20609       20609       20609
 faces            32956       32956       32956       32956
 elements         15656       15656       15656       15656
 neighbors            0           0           0

            minimum     maximum
 h       0.00234159    0.219604
 kappa      1.12893     465.282

Estimated current per-rank memory usage is: Min. 41.2M, Max. 41.2M, Avg. 41.2M, Total 41.2M
Estimated current per-node memory usage is: Min. 41.2M, Max. 41.2M, Avg. 41.2M, Total 41.2M

Configuring Robin absorbing BC (order 2) at attributes:
 22

Configuring Robin finite conductivity BC at attributes:
 2: σ = 2.164e+07 S/m, h = 4.200e-07 m, n = (+0.0,+0.0,+1.0)
 3: σ = 2.164e+07 S/m, h = 4.200e-07 m, n = (+0.7,+0.7,+0.0)
 4: σ = 2.780e+07 S/m, h = 2.000e-06 m, n = (+0.0,+0.0,-1.0)
 5: σ = 2.780e+07 S/m, h = 2.000e-06 m, n = (+1.0,-0.1,+0.0)
 6: σ = 2.780e+07 S/m, h = 2.000e-06 m, n = (+0.0,+0.0,-1.0)
 7: σ = 2.780e+07 S/m, h = 2.000e-06 m, n = (+1.0,-0.1,+0.0)
 8: σ = 2.780e+07 S/m, h = 2.000e-06 m, n = (+0.0,+0.0,+1.0)
 9: σ = 2.780e+07 S/m, h = 2.000e-06 m, n = (+0.6,+0.8,-0.0)
 10: σ = 3.030e+07 S/m, h = 3.000e-06 m, n = (+0.0,+0.0,+1.0)
 11: σ = 3.030e+07 S/m, h = 3.000e-06 m, n = (-0.9,+0.4,+0.0)
 12: σ = 3.030e+07 S/m, h = 3.000e-06 m, n = (+0.0,+0.0,+1.0)
 13: σ = 3.030e+07 S/m, h = 3.000e-06 m, n = (+0.9,-0.3,+0.0)

Configuring Robin impedance BC for lumped ports at attributes:
 20: Rs = 2.012e+01 Ω/sq, n = (+0.0,+1.0,+0.0)
 21: Rs = 2.012e+01 Ω/sq, n = (+0.0,+1.0,+0.0)

Configuring lumped port circuit properties:
 Index = 1: R = 5.000e+01 Ω
 Index = 2: R = 5.000e+01 Ω

Configuring lumped port excitation source term at attributes:
 20: Index = 1
 21: Index = 2

[38;2;255;255;000m--> Warning![0m
Adaptive frequency sweep requires > 2 total frequency samples!
Reverting to uniform sweep!


Computing frequency response for:
Excitation 1/2 with index 1 has contributions from:
 Lumped port  1
Excitation 2/2 with index 2 has contributions from:
 Lumped port  2

Assembling system matrices, number of global unknowns:
 H1 (p = 2): 23924, ND (p = 2): 107130, RT (p = 2): 145836
 Operator assembly level: Partial
 Mesh geometries:
  Tetrahedron: P = 20, Q = 14 (quadrature order = 4)
 SuperLUSolver: Using 2D processor grid 1 x 1

Sweeping excitation index 1 (1/2):

Assembling multigrid hierarchy:
 Level 0 (p = 1): 20609 unknowns
 Level 1 (p = 2): 107130 unknowns
 Level 0 (auxiliary) (p = 1): 3315 unknowns
 Level 1 (auxiliary) (p = 2): 23924 unknowns

It 1/2: ω/2π = 1.000e-01 GHz (total elapsed time = 7.60e+00 s, solve 1/4)

  Residual norms for GMRES solve

** Memory Usage **********************************
** Total highmark (MB):
    Sum-of-all :   109.80 | Avg :   109.80  | Max :   109.80
    Max at rank 0, different stages (MB):
	. symbfact           10.05
	. distribution      109.80
	. numfact            91.56
** NUMfact space (MB): (sum-of-all-processes)
    L\U :           49.71 |  Total :    91.56
	. max at rank 0, max L+U memory (MB):    49.71
	. max at rank 0, peak buffer (MB):       41.85
**************************************************

** number of Tiny Pivots:        0

  0 (restart 0) KSP residual norm 2.098734e+01
  1 (restart 0) KSP residual norm 2.480974e+00
  2 (restart 0) KSP residual norm 6.610803e-01
  3 (restart 0) KSP residual norm 4.704326e-01
  4 (restart 0) KSP residual norm 2.268115e-01
  5 (restart 0) KSP residual norm 1.835281e-01
  6 (restart 0) KSP residual norm 9.946110e-02
  7 (restart 0) KSP residual norm 7.042482e-02
  8 (restart 0) KSP residual norm 4.474057e-02
  9 (restart 0) KSP residual norm 2.839779e-02
 10 (restart 0) KSP residual norm 2.267054e-02
 11 (restart 0) KSP residual norm 1.525864e-02
 12 (restart 0) KSP residual norm 1.246092e-02
 13 (restart 0) KSP residual norm 8.883291e-03
 14 (restart 0) KSP residual norm 7.242470e-03
 15 (restart 0) KSP residual norm 5.204437e-03
 16 (restart 0) KSP residual norm 4.059582e-03
 17 (restart 0) KSP residual norm 2.882012e-03
 18 (restart 0) KSP residual norm 2.270686e-03
 19 (restart 0) KSP residual norm 1.633889e-03
 20 (restart 0) KSP residual norm 1.240509e-03
 21 (restart 0) KSP residual norm 9.324159e-04
 22 (restart 0) KSP residual norm 6.997179e-04
 23 (restart 0) KSP residual norm 5.350108e-04
 24 (restart 0) KSP residual norm 4.126450e-04
 25 (restart 0) KSP residual norm 3.163834e-04
 26 (restart 0) KSP residual norm 2.429028e-04
 27 (restart 0) KSP residual norm 1.887619e-04
 28 (restart 0) KSP residual norm 1.454004e-04
 29 (restart 0) KSP residual norm 1.137839e-04
 30 (restart 0) KSP residual norm 9.059483e-05
 31 (restart 0) KSP residual norm 7.292409e-05
 32 (restart 0) KSP residual norm 5.955602e-05
 33 (restart 0) KSP residual norm 4.907465e-05
 34 (restart 0) KSP residual norm 4.104721e-05
 35 (restart 0) KSP residual norm 3.424203e-05
 36 (restart 0) KSP residual norm 2.817335e-05
 37 (restart 0) KSP residual norm 2.332919e-05
 38 (restart 0) KSP residual norm 1.882462e-05
GMRES solver converged in 38 iterations (avg. reduction factor: 6.932e-01)
 Sol. ||E|| = 2.201464e+01 (||RHS|| = 2.768948e-03)
 Field energy E (5.429e-13 J) + H (4.296e-12 J) = 4.839e-12 J
 S[1][1] = +5.541e-02+2.533e-03i, |S[1][1]| = -2.512e+01, arg(S[1][1]) = +2.618e+00
 S[2][1] = +9.446e-01-3.206e-03i, |S[2][1]| = -4.952e-01, arg(S[2][1]) = -1.945e-01
 Updating solution error estimates

It 2/2: ω/2π = 2.000e+01 GHz (total elapsed time = 7.12e+01 s, solve 2/4)

  Residual norms for GMRES solve

** Memory Usage **********************************
** Total highmark (MB):
    Sum-of-all :    91.93 | Avg :    91.93  | Max :    91.93
    Max at rank 0, different stages (MB):
	. symbfact            0.00
	. distribution       91.93
	. numfact            91.56
** NUMfact space (MB): (sum-of-all-processes)
    L\U :           49.71 |  Total :    91.56
	. max at rank 0, max L+U memory (MB):    49.71
	. max at rank 0, peak buffer (MB):       41.85
**************************************************

** number of Tiny Pivots:        0

  0 (restart 0) KSP residual norm 2.061666e+01
  1 (restart 0) KSP residual norm 9.755500e+00
  2 (restart 0) KSP residual norm 2.148325e+00
  3 (restart 0) KSP residual norm 5.366044e-01
  4 (restart 0) KSP residual norm 2.637643e-01
  5 (restart 0) KSP residual norm 2.039421e-01
  6 (restart 0) KSP residual norm 9.416517e-02
  7 (restart 0) KSP residual norm 5.318706e-02
  8 (restart 0) KSP residual norm 3.693206e-02
  9 (restart 0) KSP residual norm 2.254050e-02
 10 (restart 0) KSP residual norm 1.654580e-02
 11 (restart 0) KSP residual norm 1.253470e-02
 12 (restart 0) KSP residual norm 8.905590e-03
 13 (restart 0) KSP residual norm 6.742073e-03
 14 (restart 0) KSP residual norm 4.994298e-03
 15 (restart 0) KSP residual norm 3.609368e-03
 16 (restart 0) KSP residual norm 2.653603e-03
 17 (restart 0) KSP residual norm 2.006368e-03
 18 (restart 0) KSP residual norm 1.604780e-03
 19 (restart 0) KSP residual norm 1.192605e-03
 20 (restart 0) KSP residual norm 9.742767e-04
 21 (restart 0) KSP residual norm 7.513300e-04
 22 (restart 0) KSP residual norm 6.127850e-04
 23 (restart 0) KSP residual norm 4.583412e-04
 24 (restart 0) KSP residual norm 3.715820e-04
 25 (restart 0) KSP residual norm 3.020427e-04
 26 (restart 0) KSP residual norm 2.476098e-04
 27 (restart 0) KSP residual norm 2.088248e-04
 28 (restart 0) KSP residual norm 1.741661e-04
 29 (restart 0) KSP residual norm 1.437912e-04
 30 (restart 0) KSP residual norm 1.158848e-04
 31 (restart 0) KSP residual norm 9.479363e-05
 32 (restart 0) KSP residual norm 7.896297e-05
 33 (restart 0) KSP residual norm 6.250350e-05
 34 (restart 0) KSP residual norm 5.147476e-05
 35 (restart 0) KSP residual norm 4.167159e-05
 36 (restart 0) KSP residual norm 3.492166e-05
 37 (restart 0) KSP residual norm 2.861724e-05
 38 (restart 0) KSP residual norm 2.474726e-05
 39 (restart 0) KSP residual norm 2.120923e-05
 40 (restart 0) KSP residual norm 1.836948e-05
GMRES solver converged in 40 iterations (avg. reduction factor: 7.059e-01)
 Sol. ||E|| = 2.406012e+01 (||RHS|| = 5.537897e-01)
 Field energy E (6.962e-13 J) + H (3.303e-12 J) = 3.999e-12 J
 S[1][1] = +3.136e-01+3.525e-01i, |S[1][1]| = -6.525e+00, arg(S[1][1]) = +4.835e+01
 S[2][1] = +6.761e-01-4.460e-01i, |S[2][1]| = -1.831e+00, arg(S[2][1]) = -3.341e+01
 Updating solution error estimates

Sweeping excitation index 2 (2/2):

It 1/2: ω/2π = 1.000e-01 GHz (total elapsed time = 1.37e+02 s, solve 3/4)

  Residual norms for GMRES solve

** Memory Usage **********************************
** Total highmark (MB):
    Sum-of-all :    91.93 | Avg :    91.93  | Max :    91.93
    Max at rank 0, different stages (MB):
	. symbfact            0.00
	. distribution       91.93
	. numfact            91.56
** NUMfact space (MB): (sum-of-all-processes)
    L\U :           49.71 |  Total :    91.56
	. max at rank 0, max L+U memory (MB):    49.71
	. max at rank 0, peak buffer (MB):       41.85
**************************************************

** number of Tiny Pivots:        0

  0 (restart 0) KSP residual norm 2.067154e+01
  1 (restart 0) KSP residual norm 2.450844e+00
  2 (restart 0) KSP residual norm 6.496720e-01
  3 (restart 0) KSP residual norm 4.621119e-01
  4 (restart 0) KSP residual norm 2.224034e-01
  5 (restart 0) KSP residual norm 1.799247e-01
  6 (restart 0) KSP residual norm 9.682402e-02
  7 (restart 0) KSP residual norm 6.878889e-02
  8 (restart 0) KSP residual norm 4.377686e-02
  9 (restart 0) KSP residual norm 2.803395e-02
 10 (restart 0) KSP residual norm 2.247908e-02
 11 (restart 0) KSP residual norm 1.513927e-02
 12 (restart 0) KSP residual norm 1.240281e-02
 13 (restart 0) KSP residual norm 8.858538e-03
 14 (restart 0) KSP residual norm 7.223770e-03
 15 (restart 0) KSP residual norm 5.178943e-03
 16 (restart 0) KSP residual norm 4.028063e-03
 17 (restart 0) KSP residual norm 2.862958e-03
 18 (restart 0) KSP residual norm 2.253740e-03
 19 (restart 0) KSP residual norm 1.618850e-03
 20 (restart 0) KSP residual norm 1.232203e-03
 21 (restart 0) KSP residual norm 9.249424e-04
 22 (restart 0) KSP residual norm 6.967337e-04
 23 (restart 0) KSP residual norm 5.331707e-04
 24 (restart 0) KSP residual norm 4.109502e-04
 25 (restart 0) KSP residual norm 3.141164e-04
 26 (restart 0) KSP residual norm 2.407074e-04
 27 (restart 0) KSP residual norm 1.858657e-04
 28 (restart 0) KSP residual norm 1.432291e-04
 29 (restart 0) KSP residual norm 1.112741e-04
 30 (restart 0) KSP residual norm 8.900986e-05
 31 (restart 0) KSP residual norm 7.161364e-05
 32 (restart 0) KSP residual norm 5.863554e-05
 33 (restart 0) KSP residual norm 4.846588e-05
 34 (restart 0) KSP residual norm 4.063825e-05
 35 (restart 0) KSP residual norm 3.379982e-05
 36 (restart 0) KSP residual norm 2.785192e-05
 37 (restart 0) KSP residual norm 2.298820e-05
 38 (restart 0) KSP residual norm 1.855392e-05
GMRES solver converged in 38 iterations (avg. reduction factor: 6.932e-01)
 Sol. ||E|| = 2.169377e+01 (||RHS|| = 2.768948e-03)
 Field energy E (5.233e-13 J) + H (4.296e-12 J) = 4.819e-12 J
 S[1][2] = +9.446e-01-3.206e-03i, |S[1][2]| = -4.952e-01, arg(S[1][2]) = -1.945e-01
 S[2][2] = +5.541e-02+2.546e-03i, |S[2][2]| = -2.512e+01, arg(S[2][2]) = +2.630e+00
 Updating solution error estimates

It 2/2: ω/2π = 2.000e+01 GHz (total elapsed time = 2.01e+02 s, solve 4/4)

  Residual norms for GMRES solve

** Memory Usage **********************************
** Total highmark (MB):
    Sum-of-all :    91.93 | Avg :    91.93  | Max :    91.93
    Max at rank 0, different stages (MB):
	. symbfact            0.00
	. distribution       91.93
	. numfact            91.56
** NUMfact space (MB): (sum-of-all-processes)
    L\U :           49.71 |  Total :    91.56
	. max at rank 0, max L+U memory (MB):    49.71
	. max at rank 0, peak buffer (MB):       41.85
**************************************************

** number of Tiny Pivots:        0

  0 (restart 0) KSP residual norm 2.072954e+01
  1 (restart 0) KSP residual norm 9.686428e+00
  2 (restart 0) KSP residual norm 2.245271e+00
  3 (restart 0) KSP residual norm 5.838178e-01
  4 (restart 0) KSP residual norm 3.373780e-01
  5 (restart 0) KSP residual norm 2.232447e-01
  6 (restart 0) KSP residual norm 9.541562e-02
  7 (restart 0) KSP residual norm 5.197729e-02
  8 (restart 0) KSP residual norm 3.741027e-02
  9 (restart 0) KSP residual norm 2.413749e-02
 10 (restart 0) KSP residual norm 1.717244e-02
 11 (restart 0) KSP residual norm 1.327754e-02
 12 (restart 0) KSP residual norm 9.733539e-03
 13 (restart 0) KSP residual norm 7.320653e-03
 14 (restart 0) KSP residual norm 5.256933e-03
 15 (restart 0) KSP residual norm 3.697576e-03
 16 (restart 0) KSP residual norm 2.684512e-03
 17 (restart 0) KSP residual norm 2.032704e-03
 18 (restart 0) KSP residual norm 1.630980e-03
 19 (restart 0) KSP residual norm 1.223556e-03
 20 (restart 0) KSP residual norm 1.000839e-03
 21 (restart 0) KSP residual norm 7.612798e-04
 22 (restart 0) KSP residual norm 6.155661e-04
 23 (restart 0) KSP residual norm 4.674820e-04
 24 (restart 0) KSP residual norm 3.773404e-04
 25 (restart 0) KSP residual norm 3.057205e-04
 26 (restart 0) KSP residual norm 2.476465e-04
 27 (restart 0) KSP residual norm 2.099533e-04
 28 (restart 0) KSP residual norm 1.765923e-04
 29 (restart 0) KSP residual norm 1.466958e-04
 30 (restart 0) KSP residual norm 1.192351e-04
 31 (restart 0) KSP residual norm 9.776293e-05
 32 (restart 0) KSP residual norm 8.174249e-05
 33 (restart 0) KSP residual norm 6.510498e-05
 34 (restart 0) KSP residual norm 5.299520e-05
 35 (restart 0) KSP residual norm 4.231373e-05
 36 (restart 0) KSP residual norm 3.504503e-05
 37 (restart 0) KSP residual norm 2.882282e-05
 38 (restart 0) KSP residual norm 2.504914e-05
 39 (restart 0) KSP residual norm 2.172822e-05
 40 (restart 0) KSP residual norm 1.898073e-05
GMRES solver converged in 40 iterations (avg. reduction factor: 7.064e-01)
 Sol. ||E|| = 2.424620e+01 (||RHS|| = 5.537897e-01)
 Field energy E (6.916e-13 J) + H (3.302e-12 J) = 3.994e-12 J
 S[1][2] = +6.761e-01-4.460e-01i, |S[1][2]| = -1.831e+00, arg(S[1][2]) = -3.341e+01
 S[2][2] = +3.156e-01+3.530e-01i, |S[2][2]| = -6.494e+00, arg(S[2][2]) = +4.820e+01
 Updating solution error estimates

Completed 0 iterations of adaptive mesh refinement (AMR):
 Indicator norm = 1.747e-01, global unknowns = 107130
 Max. iterations = 0, tol. = 1.000e-02, max. size = 2000000

Estimated peak per-rank memory usage is: Min. 825.7M, Max. 825.7M, Avg. 825.7M, Total 825.7M
Estimated peak per-node memory usage is: Min. 825.7M, Max. 825.7M, Avg. 825.7M, Total 825.7M

Elapsed Time Report (s)           Min.        Max.        Avg.
==============================================================
Initialization                   0.040       0.040       0.040
  Mesh Preprocessing             0.157       0.157       0.157
Operator Construction            0.367       0.367       0.367
Linear Solve                    10.965      10.965      10.965
  Setup                         30.637      30.637      30.637
  Preconditioner               125.698     125.698     125.698
  Coarse Solve                   2.634       2.634       2.634
Estimation                       0.221       0.221       0.221
  Construction                   2.206       2.206       2.206
  Solve                         85.636      85.636      85.636
Postprocessing                   1.109       1.109       1.109
Disk IO                          0.219       0.219       0.219
--------------------------------------------------------------
Total                          260.214     260.214     260.214

Peak Memory                   Per-Node       Total   Total HWM
==============================================================
Initialization                    1.6M        1.6M        1.6M
  Mesh Preprocessing              9.0M        9.0M       10.6M
Operator Construction            51.8M       51.8M       62.3M
Linear Solve                     58.4M       58.4M      120.7M
  Setup                         227.7M      227.7M      348.4M
  Preconditioner                 63.1M       63.1M      411.5M
  Coarse Solve                  115.1M      115.1M      526.6M
Estimation                       51.1M       51.1M      577.7M
  Construction                  110.1M      110.1M      687.8M
  Solve                          54.5M       54.5M      742.3M
Postprocessing                   52.9M       52.9M      795.2M
Disk IO                           6.6M        6.6M      801.7M
--------------------------------------------------------------
Total                           816.0M      816.0M      816.0M

>> /usr/bin/mpirun -n 1 /foss/tools/bin/palace-x86_64.bin config.json

_____________     _______
_____   __   \____ __   /____ ____________
____   /_/  /  __ ` /  /  __ ` /  ___/  _ \
___   _____/  /_/  /  /  /_/  /  /__/  ___/
  /__/     \___,__/__/\___,__/\_____\_____/

Git changeset ID: v0.17.0-227-gc531cf3e
Running with 1 MPI process
Device configuration: cpu
Memory configuration: host-std
libCEED backend: /cpu/self/xsmm/blocked

Added 3410 boundary elements for material interfaces to the mesh

Characteristic length and time scales:
 Lc = 4.999e-04 m, tc = 1.667e-03 ns
Finished partitioning mesh into 1 subdomain

Mesh curvature order: 1
Mesh bounding box:
 (Xmin, Ymin, Zmin) = (-1.938e-04, -1.938e-04, -5.000e-05) m
 (Xmax, Ymax, Zmax) = (+1.938e-04, +1.938e-04, +4.499e-04) m

Parallel Mesh Stats:

                minimum     average     maximum       total
 vertices          3869        3869        3869        3869
 edges            24055       24055       24055       24055
 faces            38479       38479       38479       38479
 elements         18287       18287       18287       18287
 neighbors            0           0           0

            minimum     maximum
 h       0.00162356    0.224392
 kappa      1.07143     1581.53

Estimated current per-rank memory usage is: Min. 43.6M, Max. 43.6M, Avg. 43.6M, Total 43.6M
Estimated current per-node memory usage is: Min. 43.6M, Max. 43.6M, Avg. 43.6M, Total 43.6M

Configuring Robin absorbing BC (order 2) at attributes:
 22

Configuring Robin finite conductivity BC at attributes:
 2: σ = 2.164e+07 S/m, h = 4.200e-07 m, n = (+0.0,+0.0,+1.0)
 3: σ = 2.164e+07 S/m, h = 4.200e-07 m, n = (+0.7,+0.7,+0.0)
 4: σ = 2.780e+07 S/m, h = 2.000e-06 m, n = (+0.0,+0.0,-1.0)
 5: σ = 2.780e+07 S/m, h = 2.000e-06 m, n = (+1.0,-0.1,+0.0)
 6: σ = 2.780e+07 S/m, h = 2.000e-06 m, n = (+0.0,+0.0,-1.0)
 7: σ = 2.780e+07 S/m, h = 2.000e-06 m, n = (+1.0,-0.1,+0.0)
 8: σ = 2.780e+07 S/m, h = 2.000e-06 m, n = (+0.0,+0.0,+1.0)
 9: σ = 2.780e+07 S/m, h = 2.000e-06 m, n = (+0.5,+0.9,+0.0)
 10: σ = 3.030e+07 S/m, h = 3.000e-06 m, n = (-0.0,-0.0,+1.0)
 11: σ = 3.030e+07 S/m, h = 3.000e-06 m, n = (-0.9,+0.4,+0.0)
 12: σ = 3.030e+07 S/m, h = 3.000e-06 m, n = (+0.0,+0.0,+1.0)
 13: σ = 3.030e+07 S/m, h = 3.000e-06 m, n = (+1.0,-0.3,-0.0)

Configuring Robin impedance BC for lumped ports at attributes:
 20: Rs = 3.018e+01 Ω/sq, n = (+0.0,+1.0,+0.0)
 21: Rs = 3.018e+01 Ω/sq, n = (+0.0,+1.0,+0.0)

Configuring lumped port circuit properties:
 Index = 1: R = 5.000e+01 Ω
 Index = 2: R = 5.000e+01 Ω

Configuring lumped port excitation source term at attributes:
 20: Index = 1
 21: Index = 2

[38;2;255;255;000m--> Warning![0m
Adaptive frequency sweep requires > 2 total frequency samples!
Reverting to uniform sweep!


Computing frequency response for:
Excitation 1/2 with index 1 has contributions from:
 Lumped port  1
Excitation 2/2 with index 2 has contributions from:
 Lumped port  2

Assembling system matrices, number of global unknowns:
 H1 (p = 2): 27924, ND (p = 2): 125068, RT (p = 2): 170298
 Operator assembly level: Partial
 Mesh geometries:
  Tetrahedron: P = 20, Q = 14 (quadrature order = 4)
 SuperLUSolver: Using 2D processor grid 1 x 1

Sweeping excitation index 1 (1/2):

Assembling multigrid hierarchy:
 Level 0 (p = 1): 24055 unknowns
 Level 1 (p = 2): 125068 unknowns
 Level 0 (auxiliary) (p = 1): 3869 unknowns
 Level 1 (auxiliary) (p = 2): 27924 unknowns

It 1/2: ω/2π = 1.000e-01 GHz (total elapsed time = 8.06e+00 s, solve 1/4)

  Residual norms for GMRES solve

** Memory Usage **********************************
** Total highmark (MB):
    Sum-of-all :   130.20 | Avg :   130.20  | Max :   130.20
    Max at rank 0, different stages (MB):
	. symbfact           11.71
	. distribution      130.20
	. numfact           100.71
** NUMfact space (MB): (sum-of-all-processes)
    L\U :           59.84 |  Total :   100.71
	. max at rank 0, max L+U memory (MB):    59.84
	. max at rank 0, peak buffer (MB):       40.86
**************************************************

** number of Tiny Pivots:        0

  0 (restart 0) KSP residual norm 2.266099e+01
  1 (restart 0) KSP residual norm 2.333254e+00
  2 (restart 0) KSP residual norm 7.345100e-01
  3 (restart 0) KSP residual norm 4.747196e-01
  4 (restart 0) KSP residual norm 3.002616e-01
  5 (restart 0) KSP residual norm 2.184076e-01
  6 (restart 0) KSP residual norm 1.248436e-01
  7 (restart 0) KSP residual norm 9.825203e-02
  8 (restart 0) KSP residual norm 5.752159e-02
  9 (restart 0) KSP residual norm 4.185736e-02
 10 (restart 0) KSP residual norm 3.047017e-02
 11 (restart 0) KSP residual norm 2.401859e-02
 12 (restart 0) KSP residual norm 1.804727e-02
 13 (restart 0) KSP residual norm 1.349313e-02
 14 (restart 0) KSP residual norm 1.025171e-02
 15 (restart 0) KSP residual norm 7.429113e-03
 16 (restart 0) KSP residual norm 5.739993e-03
 17 (restart 0) KSP residual norm 4.151470e-03
 18 (restart 0) KSP residual norm 3.392311e-03
 19 (restart 0) KSP residual norm 2.574704e-03
 20 (restart 0) KSP residual norm 2.005560e-03
 21 (restart 0) KSP residual norm 1.463126e-03
 22 (restart 0) KSP residual norm 1.158638e-03
 23 (restart 0) KSP residual norm 8.730097e-04
 24 (restart 0) KSP residual norm 6.860935e-04
 25 (restart 0) KSP residual norm 5.316602e-04
 26 (restart 0) KSP residual norm 4.265745e-04
 27 (restart 0) KSP residual norm 3.389269e-04
 28 (restart 0) KSP residual norm 2.808035e-04
 29 (restart 0) KSP residual norm 2.269124e-04
 30 (restart 0) KSP residual norm 1.870463e-04
 31 (restart 0) KSP residual norm 1.541839e-04
 32 (restart 0) KSP residual norm 1.303805e-04
 33 (restart 0) KSP residual norm 1.088065e-04
 34 (restart 0) KSP residual norm 9.251692e-05
 35 (restart 0) KSP residual norm 7.609787e-05
 36 (restart 0) KSP residual norm 6.296783e-05
 37 (restart 0) KSP residual norm 5.320882e-05
 38 (restart 0) KSP residual norm 4.498135e-05
 39 (restart 0) KSP residual norm 3.868178e-05
 40 (restart 0) KSP residual norm 3.316436e-05
 41 (restart 0) KSP residual norm 2.828518e-05
 42 (restart 0) KSP residual norm 2.405126e-05
 43 (restart 0) KSP residual norm 2.016953e-05
GMRES solver converged in 43 iterations (avg. reduction factor: 7.233e-01)
 Sol. ||E|| = 2.336554e+01 (||RHS|| = 2.768948e-03)
 Field energy E (6.671e-13 J) + H (4.324e-12 J) = 4.991e-12 J
 S[1][1] = +5.433e-02+2.455e-03i, |S[1][1]| = -2.529e+01, arg(S[1][1]) = +2.587e+00
 S[2][1] = +9.457e-01-3.283e-03i, |S[2][1]| = -4.853e-01, arg(S[2][1]) = -1.989e-01
 Updating solution error estimates

It 2/2: ω/2π = 2.000e+01 GHz (total elapsed time = 8.29e+01 s, solve 2/4)

  Residual norms for GMRES solve

** Memory Usage **********************************
** Total highmark (MB):
    Sum-of-all :   109.12 | Avg :   109.12  | Max :   109.12
    Max at rank 0, different stages (MB):
	. symbfact            0.00
	. distribution      109.12
	. numfact           100.71
** NUMfact space (MB): (sum-of-all-processes)
    L\U :           59.84 |  Total :   100.71
	. max at rank 0, max L+U memory (MB):    59.84
	. max at rank 0, peak buffer (MB):       40.86
**************************************************

** number of Tiny Pivots:        0

  0 (restart 0) KSP residual norm 2.150781e+01
  1 (restart 0) KSP residual norm 1.009297e+01
  2 (restart 0) KSP residual norm 2.042251e+00
  3 (restart 0) KSP residual norm 5.061842e-01
  4 (restart 0) KSP residual norm 2.793914e-01
  5 (restart 0) KSP residual norm 2.129289e-01
  6 (restart 0) KSP residual norm 9.945859e-02
  7 (restart 0) KSP residual norm 5.568005e-02
  8 (restart 0) KSP residual norm 4.011083e-02
  9 (restart 0) KSP residual norm 2.619430e-02
 10 (restart 0) KSP residual norm 1.972443e-02
 11 (restart 0) KSP residual norm 1.523824e-02
 12 (restart 0) KSP residual norm 1.102105e-02
 13 (restart 0) KSP residual norm 8.480259e-03
 14 (restart 0) KSP residual norm 6.248131e-03
 15 (restart 0) KSP residual norm 4.609549e-03
 16 (restart 0) KSP residual norm 3.519953e-03
 17 (restart 0) KSP residual norm 2.704610e-03
 18 (restart 0) KSP residual norm 2.207059e-03
 19 (restart 0) KSP residual norm 1.707572e-03
 20 (restart 0) KSP residual norm 1.336917e-03
 21 (restart 0) KSP residual norm 1.061241e-03
 22 (restart 0) KSP residual norm 8.443707e-04
 23 (restart 0) KSP residual norm 7.064766e-04
 24 (restart 0) KSP residual norm 5.994565e-04
 25 (restart 0) KSP residual norm 5.061909e-04
 26 (restart 0) KSP residual norm 4.264342e-04
 27 (restart 0) KSP residual norm 3.523802e-04
 28 (restart 0) KSP residual norm 2.947484e-04
 29 (restart 0) KSP residual norm 2.469045e-04
 30 (restart 0) KSP residual norm 2.009027e-04
 31 (restart 0) KSP residual norm 1.661568e-04
 32 (restart 0) KSP residual norm 1.393992e-04
 33 (restart 0) KSP residual norm 1.164617e-04
 34 (restart 0) KSP residual norm 9.913224e-05
 35 (restart 0) KSP residual norm 8.452139e-05
 36 (restart 0) KSP residual norm 7.259686e-05
 37 (restart 0) KSP residual norm 6.073820e-05
 38 (restart 0) KSP residual norm 5.063715e-05
 39 (restart 0) KSP residual norm 4.249623e-05
 40 (restart 0) KSP residual norm 3.462326e-05
 41 (restart 0) KSP residual norm 2.863303e-05
 42 (restart 0) KSP residual norm 2.336704e-05
 43 (restart 0) KSP residual norm 1.898355e-05
GMRES solver converged in 43 iterations (avg. reduction factor: 7.231e-01)
 Sol. ||E|| = 2.470763e+01 (||RHS|| = 5.537897e-01)
 Field energy E (7.157e-13 J) + H (3.303e-12 J) = 4.019e-12 J
 S[1][1] = +3.074e-01+3.469e-01i, |S[1][1]| = -6.679e+00, arg(S[1][1]) = +4.845e+01
 S[2][1] = +6.792e-01-4.556e-01i, |S[2][1]| = -1.746e+00, arg(S[2][1]) = -3.385e+01
 Updating solution error estimates

Sweeping excitation index 2 (2/2):

It 1/2: ω/2π = 1.000e-01 GHz (total elapsed time = 1.57e+02 s, solve 3/4)

  Residual norms for GMRES solve

** Memory Usage **********************************
** Total highmark (MB):
    Sum-of-all :   109.12 | Avg :   109.12  | Max :   109.12
    Max at rank 0, different stages (MB):
	. symbfact            0.00
	. distribution      109.12
	. numfact           100.71
** NUMfact space (MB): (sum-of-all-processes)
    L\U :           59.84 |  Total :   100.71
	. max at rank 0, max L+U memory (MB):    59.84
	. max at rank 0, peak buffer (MB):       40.86
**************************************************

** number of Tiny Pivots:        0

  0 (restart 0) KSP residual norm 2.226943e+01
  1 (restart 0) KSP residual norm 2.276536e+00
  2 (restart 0) KSP residual norm 7.166994e-01
  3 (restart 0) KSP residual norm 4.574581e-01
  4 (restart 0) KSP residual norm 2.917551e-01
  5 (restart 0) KSP residual norm 2.096886e-01
  6 (restart 0) KSP residual norm 1.210349e-01
  7 (restart 0) KSP residual norm 9.534444e-02
  8 (restart 0) KSP residual norm 5.544460e-02
  9 (restart 0) KSP residual norm 4.044862e-02
 10 (restart 0) KSP residual norm 2.927595e-02
 11 (restart 0) KSP residual norm 2.301023e-02
 12 (restart 0) KSP residual norm 1.741495e-02
 13 (restart 0) KSP residual norm 1.311655e-02
 14 (restart 0) KSP residual norm 9.933273e-03
 15 (restart 0) KSP residual norm 7.243796e-03
 16 (restart 0) KSP residual norm 5.595459e-03
 17 (restart 0) KSP residual norm 4.121400e-03
 18 (restart 0) KSP residual norm 3.350867e-03
 19 (restart 0) KSP residual norm 2.531297e-03
 20 (restart 0) KSP residual norm 1.957767e-03
 21 (restart 0) KSP residual norm 1.432063e-03
 22 (restart 0) KSP residual norm 1.129511e-03
 23 (restart 0) KSP residual norm 8.490137e-04
 24 (restart 0) KSP residual norm 6.677056e-04
 25 (restart 0) KSP residual norm 5.185090e-04
 26 (restart 0) KSP residual norm 4.145469e-04
 27 (restart 0) KSP residual norm 3.291984e-04
 28 (restart 0) KSP residual norm 2.727751e-04
 29 (restart 0) KSP residual norm 2.210083e-04
 30 (restart 0) KSP residual norm 1.821772e-04
 31 (restart 0) KSP residual norm 1.504653e-04
 32 (restart 0) KSP residual norm 1.272894e-04
 33 (restart 0) KSP residual norm 1.066261e-04
 34 (restart 0) KSP residual norm 9.059670e-05
 35 (restart 0) KSP residual norm 7.452717e-05
 36 (restart 0) KSP residual norm 6.165636e-05
 37 (restart 0) KSP residual norm 5.215056e-05
 38 (restart 0) KSP residual norm 4.417225e-05
 39 (restart 0) KSP residual norm 3.786295e-05
 40 (restart 0) KSP residual norm 3.236542e-05
 41 (restart 0) KSP residual norm 2.766616e-05
 42 (restart 0) KSP residual norm 2.354606e-05
 43 (restart 0) KSP residual norm 1.974834e-05
GMRES solver converged in 43 iterations (avg. reduction factor: 7.232e-01)
 Sol. ||E|| = 2.295339e+01 (||RHS|| = 2.768948e-03)
 Field energy E (6.422e-13 J) + H (4.324e-12 J) = 4.966e-12 J
 S[1][2] = +9.457e-01-3.283e-03i, |S[1][2]| = -4.853e-01, arg(S[1][2]) = -1.989e-01
 S[2][2] = +5.433e-02+2.471e-03i, |S[2][2]| = -2.529e+01, arg(S[2][2]) = +2.604e+00
 Updating solution error estimates

It 2/2: ω/2π = 2.000e+01 GHz (total elapsed time = 2.32e+02 s, solve 4/4)

  Residual norms for GMRES solve

** Memory Usage **********************************
** Total highmark (MB):
    Sum-of-all :   109.12 | Avg :   109.12  | Max :   109.12
    Max at rank 0, different stages (MB):
	. symbfact            0.00
	. distribution      109.12
	. numfact           100.71
** NUMfact space (MB): (sum-of-all-processes)
    L\U :           59.84 |  Total :   100.71
	. max at rank 0, max L+U memory (MB):    59.84
	. max at rank 0, peak buffer (MB):       40.86
**************************************************

** number of Tiny Pivots:        0

  0 (restart 0) KSP residual norm 2.150363e+01
  1 (restart 0) KSP residual norm 1.003475e+01
  2 (restart 0) KSP residual norm 2.031306e+00
  3 (restart 0) KSP residual norm 5.262427e-01
  4 (restart 0) KSP residual norm 3.537862e-01
  5 (restart 0) KSP residual norm 2.235024e-01
  6 (restart 0) KSP residual norm 9.815637e-02
  7 (restart 0) KSP residual norm 5.390367e-02
  8 (restart 0) KSP residual norm 3.887932e-02
  9 (restart 0) KSP residual norm 2.520202e-02
 10 (restart 0) KSP residual norm 1.867660e-02
 11 (restart 0) KSP residual norm 1.434511e-02
 12 (restart 0) KSP residual norm 1.051626e-02
 13 (restart 0) KSP residual norm 7.974332e-03
 14 (restart 0) KSP residual norm 5.958901e-03
 15 (restart 0) KSP residual norm 4.462077e-03
 16 (restart 0) KSP residual norm 3.412093e-03
 17 (restart 0) KSP residual norm 2.682656e-03
 18 (restart 0) KSP residual norm 2.119671e-03
 19 (restart 0) KSP residual norm 1.670703e-03
 20 (restart 0) KSP residual norm 1.309657e-03
 21 (restart 0) KSP residual norm 1.077305e-03
 22 (restart 0) KSP residual norm 8.441211e-04
 23 (restart 0) KSP residual norm 6.984192e-04
 24 (restart 0) KSP residual norm 5.843761e-04
 25 (restart 0) KSP residual norm 4.972167e-04
 26 (restart 0) KSP residual norm 4.196345e-04
 27 (restart 0) KSP residual norm 3.485422e-04
 28 (restart 0) KSP residual norm 2.933360e-04
 29 (restart 0) KSP residual norm 2.462617e-04
 30 (restart 0) KSP residual norm 2.029143e-04
 31 (restart 0) KSP residual norm 1.664652e-04
 32 (restart 0) KSP residual norm 1.378988e-04
 33 (restart 0) KSP residual norm 1.137843e-04
 34 (restart 0) KSP residual norm 9.715649e-05
 35 (restart 0) KSP residual norm 8.267924e-05
 36 (restart 0) KSP residual norm 7.159087e-05
 37 (restart 0) KSP residual norm 6.048924e-05
 38 (restart 0) KSP residual norm 5.023112e-05
 39 (restart 0) KSP residual norm 4.144195e-05
 40 (restart 0) KSP residual norm 3.386316e-05
 41 (restart 0) KSP residual norm 2.792729e-05
 42 (restart 0) KSP residual norm 2.327469e-05
 43 (restart 0) KSP residual norm 1.929357e-05
GMRES solver converged in 43 iterations (avg. reduction factor: 7.234e-01)
 Sol. ||E|| = 2.470257e+01 (||RHS|| = 5.537897e-01)
 Field energy E (7.082e-13 J) + H (3.302e-12 J) = 4.010e-12 J
 S[1][2] = +6.792e-01-4.556e-01i, |S[1][2]| = -1.746e+00, arg(S[1][2]) = -3.385e+01
 S[2][2] = +3.096e-01+3.476e-01i, |S[2][2]| = -6.642e+00, arg(S[2][2]) = +4.832e+01
 Updating solution error estimates

Completed 0 iterations of adaptive mesh refinement (AMR):
 Indicator norm = 1.534e-01, global unknowns = 125068
 Max. iterations = 0, tol. = 1.000e-02, max. size = 2000000

Estimated peak per-rank memory usage is: Min. 934.8M, Max. 934.8M, Avg. 934.8M, Total 934.8M
Estimated peak per-node memory usage is: Min. 934.8M, Max. 934.8M, Avg. 934.8M, Total 934.8M

Elapsed Time Report (s)           Min.        Max.        Avg.
==============================================================
Initialization                   0.051       0.051       0.051
  Mesh Preprocessing             0.184       0.184       0.184
Operator Construction            0.417       0.417       0.417
Linear Solve                    14.411      14.411      14.411
  Setup                         29.883      29.883      29.883
  Preconditioner               159.541     159.541     159.541
  Coarse Solve                   3.316       3.316       3.316
Estimation                       0.312       0.312       0.312
  Construction                   2.389       2.389       2.389
  Solve                         91.055      91.055      91.055
Postprocessing                   1.191       1.191       1.191
Disk IO                          0.325       0.325       0.325
--------------------------------------------------------------
Total                          303.430     303.430     303.430

Peak Memory                   Per-Node       Total   Total HWM
==============================================================
Initialization                    1.8M        1.8M        1.8M
  Mesh Preprocessing             10.5M       10.5M       12.3M
Operator Construction            59.6M       59.6M       71.9M
Linear Solve                     71.4M       71.4M      143.3M
  Setup                         195.9M      195.9M      339.2M
  Preconditioner                 84.2M       84.2M      423.5M
  Coarse Solve                  166.8M      166.8M      590.3M
Estimation                       59.9M       59.9M      650.2M
  Construction                  127.9M      127.9M      778.1M
  Solve                          63.4M       63.4M      841.5M
Postprocessing                   62.0M       62.0M      903.5M
Disk IO                           7.4M        7.4M      910.9M
--------------------------------------------------------------
Total                           925.1M      925.1M      925.1M

Found extra file with port information: /foss/designs/inductor_synth/palace_model/inductor2_N2_do70.51_w4_s2.01_data/port_information.json
Port Z0 values found: [50, 50]
Port impedance for Touchstone header:  50
Number of ports:  2
Created combined S-parameter file for  2 ports, filename:  /foss/designs/inductor_synth/palace_model/inductor2_N2_do70.51_w4_s2.01_data/output/inductor2_N2_do70.51_w4_s2.01/inductor2_N2_do70.51_w4_s2.01.s2p
Skipping DC extrapolation, not enough frequency points
Port de-embedding based on port geometry data
Cascading L= -2.18 pH at port 1
Cascading L= -2.18 pH at port 2
Created file with de-embedding (cascaded negative port L):  /foss/designs/inductor_synth/palace_model/inductor2_N2_do70.51_w4_s2.01_data/output/inductor2_N2_do70.51_w4_s2.01/inductor2_N2_do70.51_w4_s2.01_deembedded 

Found extra file with port information: /foss/designs/inductor_synth/palace_model/inductor2_N2_do74.78_w4_s2.01_data/port_information.json
Port Z0 values found: [50, 50]
Port impedance for Touchstone header:  50
Number of ports:  2
Created combined S-parameter file for  2 ports, filename:  /foss/designs/inductor_synth/palace_model/inductor2_N2_do74.78_w4_s2.01_data/output/inductor2_N2_do74.78_w4_s2.01/inductor2_N2_do74.78_w4_s2.01.s2p
Skipping DC extrapolation, not enough frequency points
Port de-embedding based on port geometry data
Cascading L= -2.18 pH at port 1
Cascading L= -2.18 pH at port 2
Created file with de-embedding (cascaded negative port L):  /foss/designs/inductor_synth/palace_model/inductor2_N2_do74.78_w4_s2.01_data/output/inductor2_N2_do74.78_w4_s2.01/inductor2_N2_do74.78_w4_s2.01_deembedded 

Found extra file with port information: /foss/designs/inductor_synth/palace_model/inductor2_N2_do77.43_w4_s3_data/port_information.json
Port Z0 values found: [50, 50]
Port impedance for Touchstone header:  50
Number of ports:  2
Created combined S-parameter file for  2 ports, filename:  /foss/designs/inductor_synth/palace_model/inductor2_N2_do77.43_w4_s3_data/output/inductor2_N2_do77.43_w4_s3/inductor2_N2_do77.43_w4_s3.s2p
Skipping DC extrapolation, not enough frequency points
Port de-embedding based on port geometry data
Cascading L= -1.82 pH at port 1
Cascading L= -1.82 pH at port 2
Created file with de-embedding (cascaded negative port L):  /foss/designs/inductor_synth/palace_model/inductor2_N2_do77.43_w4_s3_data/output/inductor2_N2_do77.43_w4_s3/inductor2_N2_do77.43_w4_s3_deembedded 

Found extra file with port information: /foss/designs/inductor_synth/palace_model/inductor2_N2_do78.75_w4_s3_data/port_information.json
Port Z0 values found: [50, 50]
Port impedance for Touchstone header:  50
Number of ports:  2
Created combined S-parameter file for  2 ports, filename:  /foss/designs/inductor_synth/palace_model/inductor2_N2_do78.75_w4_s3_data/output/inductor2_N2_do78.75_w4_s3/inductor2_N2_do78.75_w4_s3.s2p
Skipping DC extrapolation, not enough frequency points
Port de-embedding based on port geometry data
Cascading L= -1.82 pH at port 1
Cascading L= -1.82 pH at port 2
Created file with de-embedding (cascaded negative port L):  /foss/designs/inductor_synth/palace_model/inductor2_N2_do78.75_w4_s3_data/output/inductor2_N2_do78.75_w4_s3/inductor2_N2_do78.75_w4_s3_deembedded 

cp: './inductor2_N2_do74.78_w4_s2.01.s2p' and './inductor2_N2_do74.78_w4_s2.01.s2p' are the same file
cp: './inductor2_N2_do77.43_w4_s3.s2p' and './inductor2_N2_do77.43_w4_s3.s2p' are the same file
Info    : Meshing 1D...
Info    : [  0%] Meshing curve 64 (Line)
Info    : [ 10%] Meshing curve 65 (Line)
Info    : [ 10%] Meshing curve 67 (Line)
Info    : [ 10%] Meshing curve 69 (Line)
Info    : [ 10%] Meshing curve 70 (Line)
Info    : [ 10%] Meshing curve 71 (Line)
Info    : [ 10%] Meshing curve 72 (Line)
Info    : [ 10%] Meshing curve 76 (Line)
Info    : [ 10%] Meshing curve 77 (Line)
Info    : [ 10%] Meshing curve 79 (Line)
Info    : [ 10%] Meshing curve 81 (Line)
Info    : [ 10%] Meshing curve 82 (Line)
Info    : [ 10%] Meshing curve 83 (Line)
Info    : [ 10%] Meshing curve 84 (Line)
Info    : [ 10%] Meshing curve 85 (Line)
Info    : [ 10%] Meshing curve 86 (Line)
Info    : [ 10%] Meshing curve 87 (Line)
Info    : [ 10%] Meshing curve 88 (Line)
Info    : [ 10%] Meshing curve 89 (Line)
Info    : [ 10%] Meshing curve 90 (Line)
Info    : [ 10%] Meshing curve 91 (Line)
Info    : [ 10%] Meshing curve 92 (Line)
Info    : [ 10%] Meshing curve 93 (Line)
Info    : [ 10%] Meshing curve 94 (Line)
Info    : [ 10%] Meshing curve 95 (Line)
Info    : [ 10%] Meshing curve 96 (Line)
Info    : [ 10%] Meshing curve 97 (Line)
Info    : [ 10%] Meshing curve 98 (Line)
Info    : [ 10%] Meshing curve 99 (Line)
Info    : [ 10%] Meshing curve 100 (Line)
Info    : [ 10%] Meshing curve 101 (Line)
Info    : [ 10%] Meshing curve 102 (Line)
Info    : [ 10%] Meshing curve 103 (Line)
Info    : [ 20%] Meshing curve 104 (Line)
Info    : [ 20%] Meshing curve 105 (Line)
Info    : [ 20%] Meshing curve 106 (Line)
Info    : [ 20%] Meshing curve 107 (Line)
Info    : [ 20%] Meshing curve 108 (Line)
Info    : [ 20%] Meshing curve 109 (Line)
Info    : [ 20%] Meshing curve 110 (Line)
Info    : [ 20%] Meshing curve 111 (Line)
Info    : [ 20%] Meshing curve 112 (Line)
Info    : [ 20%] Meshing curve 113 (Line)
Info    : [ 20%] Meshing curve 114 (Line)
Info    : [ 20%] Meshing curve 115 (Line)
Info    : [ 20%] Meshing curve 116 (Line)
Info    : [ 20%] Meshing curve 117 (Line)
Info    : [ 20%] Meshing curve 118 (Line)
Info    : [ 20%] Meshing curve 119 (Line)
Info    : [ 20%] Meshing curve 120 (Line)
Info    : [ 20%] Meshing curve 121 (Line)
Info    : [ 20%] Meshing curve 122 (Line)
Info    : [ 20%] Meshing curve 123 (Line)
Info    : [ 20%] Meshing curve 124 (Line)
Info    : [ 20%] Meshing curve 125 (Line)
Info    : [ 20%] Meshing curve 126 (Line)
Info    : [ 20%] Meshing curve 127 (Line)
Info    : [ 20%] Meshing curve 128 (Line)
Info    : [ 20%] Meshing curve 129 (Line)
Info    : [ 20%] Meshing curve 130 (Line)
Info    : [ 20%] Meshing curve 131 (Line)
Info    : [ 20%] Meshing curve 132 (Line)
Info    : [ 20%] Meshing curve 133 (Line)
Info    : [ 20%] Meshing curve 134 (Line)
Info    : [ 20%] Meshing curve 135 (Line)
Info    : [ 20%] Meshing curve 136 (Line)
Info    : [ 30%] Meshing curve 137 (Line)
Info    : [ 30%] Meshing curve 138 (Line)
Info    : [ 30%] Meshing curve 139 (Line)
Info    : [ 30%] Meshing curve 140 (Line)
Info    : [ 30%] Meshing curve 141 (Line)
Info    : [ 30%] Meshing curve 142 (Line)
Info    : [ 30%] Meshing curve 143 (Line)
Info    : [ 30%] Meshing curve 144 (Line)
Info    : [ 30%] Meshing curve 145 (Line)
Info    : [ 30%] Meshing curve 146 (Line)
Info    : [ 30%] Meshing curve 147 (Line)
Info    : [ 30%] Meshing curve 148 (Line)
Info    : [ 30%] Meshing curve 149 (Line)
Info    : [ 30%] Meshing curve 150 (Line)
Info    : [ 30%] Meshing curve 151 (Line)
Info    : [ 30%] Meshing curve 152 (Line)
Info    : [ 30%] Meshing curve 153 (Line)
Info    : [ 30%] Meshing curve 154 (Line)
Info    : [ 30%] Meshing curve 155 (Line)
Info    : [ 30%] Meshing curve 156 (Line)
Info    : [ 30%] Meshing curve 385 (Line)
Info    : [ 30%] Meshing curve 386 (Line)
Info    : [ 30%] Meshing curve 387 (Line)
Info    : [ 30%] Meshing curve 388 (Line)
Info    : [ 30%] Meshing curve 389 (Line)
Info    : [ 30%] Meshing curve 390 (Line)
Info    : [ 30%] Meshing curve 391 (Line)
Info    : [ 30%] Meshing curve 392 (Line)
Info    : [ 30%] Meshing curve 393 (Line)
Info    : [ 30%] Meshing curve 394 (Line)
Info    : [ 30%] Meshing curve 395 (Line)
Info    : [ 30%] Meshing curve 396 (Line)
Info    : [ 40%] Meshing curve 397 (TrimmedCurve)
Info    : [ 40%] Meshing curve 398 (Line)
Info    : [ 40%] Meshing curve 399 (TrimmedCurve)
Info    : [ 40%] Meshing curve 400 (Line)
Info    : [ 40%] Meshing curve 401 (Line)
Info    : [ 40%] Meshing curve 402 (Line)
Info    : [ 40%] Meshing curve 403 (Line)
Info    : [ 40%] Meshing curve 404 (Line)
Info    : [ 40%] Meshing curve 405 (Line)
Info    : [ 40%] Meshing curve 406 (Line)
Info    : [ 40%] Meshing curve 407 (Line)
Info    : [ 40%] Meshing curve 408 (TrimmedCurve)
Info    : [ 40%] Meshing curve 409 (Line)
Info    : [ 40%] Meshing curve 410 (TrimmedCurve)
Info    : [ 40%] Meshing curve 411 (Line)
Info    : [ 40%] Meshing curve 412 (Line)
Info    : [ 40%] Meshing curve 413 (Line)
Info    : [ 40%] Meshing curve 414 (Line)
Info    : [ 40%] Meshing curve 415 (Line)
Info    : [ 40%] Meshing curve 416 (Line)
Info    : [ 40%] Meshing curve 417 (Line)
Info    : [ 40%] Meshing curve 418 (Line)
Info    : [ 40%] Meshing curve 419 (Line)
Info    : [ 40%] Meshing curve 420 (Line)
Info    : [ 40%] Meshing curve 421 (Line)
Info    : [ 40%] Meshing curve 422 (Line)
Info    : [ 40%] Meshing curve 423 (Line)
Info    : [ 40%] Meshing curve 424 (Line)
Info    : [ 40%] Meshing curve 425 (Line)
Info    : [ 40%] Meshing curve 426 (Line)
Info    : [ 40%] Meshing curve 427 (Line)
Info    : [ 40%] Meshing curve 428 (Line)
Info    : [ 40%] Meshing curve 429 (Line)
Info    : [ 50%] Meshing curve 430 (Line)
Info    : [ 50%] Meshing curve 431 (Line)
Info    : [ 50%] Meshing curve 432 (TrimmedCurve)
Info    : [ 50%] Meshing curve 433 (Line)
Info    : [ 50%] Meshing curve 434 (TrimmedCurve)
Info    : [ 50%] Meshing curve 435 (Line)
Info    : [ 50%] Meshing curve 436 (TrimmedCurve)
Info    : [ 50%] Meshing curve 437 (Line)
Info    : [ 50%] Meshing curve 438 (TrimmedCurve)
Info    : [ 50%] Meshing curve 439 (Line)
Info    : [ 50%] Meshing curve 440 (TrimmedCurve)
Info    : [ 50%] Meshing curve 441 (Line)
Info    : [ 50%] Meshing curve 442 (TrimmedCurve)
Info    : [ 50%] Meshing curve 443 (Line)
Info    : [ 50%] Meshing curve 444 (Line)
Info    : [ 50%] Meshing curve 445 (Line)
Info    : [ 50%] Meshing curve 446 (Line)
Info    : [ 50%] Meshing curve 447 (Line)
Info    : [ 50%] Meshing curve 448 (TrimmedCurve)
Info    : [ 50%] Meshing curve 449 (Line)
Info    : [ 50%] Meshing curve 450 (TrimmedCurve)
Info    : [ 50%] Meshing curve 451 (Line)
Info    : [ 50%] Meshing curve 452 (TrimmedCurve)
Info    : [ 50%] Meshing curve 453 (Line)
Info    : [ 50%] Meshing curve 454 (TrimmedCurve)
Info    : [ 50%] Meshing curve 455 (Line)
Info    : [ 50%] Meshing curve 456 (TrimmedCurve)
Info    : [ 50%] Meshing curve 457 (Line)
Info    : [ 50%] Meshing curve 458 (TrimmedCurve)
Info    : [ 50%] Meshing curve 459 (Line)
Info    : [ 50%] Meshing curve 460 (Line)
Info    : [ 50%] Meshing curve 461 (TrimmedCurve)
Info    : [ 50%] Meshing curve 462 (Line)
Info    : [ 60%] Meshing curve 463 (TrimmedCurve)
Info    : [ 60%] Meshing curve 464 (Line)
Info    : [ 60%] Meshing curve 465 (TrimmedCurve)
Info    : [ 60%] Meshing curve 466 (Line)
Info    : [ 60%] Meshing curve 467 (TrimmedCurve)
Info    : [ 60%] Meshing curve 468 (Line)
Info    : [ 60%] Meshing curve 469 (TrimmedCurve)
Info    : [ 60%] Meshing curve 470 (Line)
Info    : [ 60%] Meshing curve 471 (TrimmedCurve)
Info    : [ 60%] Meshing curve 472 (Line)
Info    : [ 60%] Meshing curve 473 (Line)
Info    : [ 60%] Meshing curve 474 (Line)
Info    : [ 60%] Meshing curve 475 (Line)
Info    : [ 60%] Meshing curve 476 (Line)
Info    : [ 60%] Meshing curve 477 (TrimmedCurve)
Info    : [ 60%] Meshing curve 478 (Line)
Info    : [ 60%] Meshing curve 479 (TrimmedCurve)
Info    : [ 60%] Meshing curve 480 (Line)
Info    : [ 60%] Meshing curve 481 (TrimmedCurve)
Info    : [ 60%] Meshing curve 482 (Line)
Info    : [ 60%] Meshing curve 483 (TrimmedCurve)
Info    : [ 60%] Meshing curve 484 (Line)
Info    : [ 60%] Meshing curve 485 (TrimmedCurve)
Info    : [ 60%] Meshing curve 486 (Line)
Info    : [ 60%] Meshing curve 487 (TrimmedCurve)
Info    : [ 60%] Meshing curve 488 (Line)
Info    : [ 60%] Meshing curve 489 (Line)
Info    : [ 60%] Meshing curve 490 (Line)
Info    : [ 60%] Meshing curve 491 (Line)
Info    : [ 60%] Meshing curve 492 (Line)
Info    : [ 60%] Meshing curve 493 (Line)
Info    : [ 60%] Meshing curve 494 (Line)
Info    : [ 70%] Meshing curve 495 (Line)
Info    : [ 70%] Meshing curve 496 (Line)
Info    : [ 70%] Meshing curve 497 (Line)
Info    : [ 70%] Meshing curve 498 (Line)
Info    : [ 70%] Meshing curve 499 (Line)
Info    : [ 70%] Meshing curve 500 (Line)
Info    : [ 70%] Meshing curve 501 (Line)
Info    : [ 70%] Meshing curve 502 (Line)
Info    : [ 70%] Meshing curve 503 (Line)
Info    : [ 70%] Meshing curve 504 (Line)
Info    : [ 70%] Meshing curve 505 (Line)
Info    : [ 70%] Meshing curve 506 (Line)
Info    : [ 70%] Meshing curve 507 (Line)
Info    : [ 70%] Meshing curve 508 (Line)
Info    : [ 70%] Meshing curve 509 (Line)
Info    : [ 70%] Meshing curve 510 (Line)
Info    : [ 70%] Meshing curve 511 (Line)
Info    : [ 70%] Meshing curve 512 (Line)
Info    : [ 70%] Meshing curve 513 (Line)
Info    : [ 70%] Meshing curve 514 (Line)
Info    : [ 70%] Meshing curve 515 (Line)
Info    : [ 70%] Meshing curve 516 (Line)
Info    : [ 70%] Meshing curve 517 (Line)
Info    : [ 70%] Meshing curve 518 (Line)
Info    : [ 70%] Meshing curve 519 (Line)
Info    : [ 70%] Meshing curve 520 (Line)
Info    : [ 70%] Meshing curve 521 (Line)
Info    : [ 70%] Meshing curve 522 (Line)
Info    : [ 70%] Meshing curve 523 (Line)
Info    : [ 70%] Meshing curve 524 (Line)
Info    : [ 70%] Meshing curve 525 (Line)
Info    : [ 70%] Meshing curve 526 (Line)
Info    : [ 70%] Meshing curve 527 (Line)
Info    : [ 80%] Meshing curve 528 (TrimmedCurve)
Info    : [ 80%] Meshing curve 529 (Line)
Info    : [ 80%] Meshing curve 530 (Line)
Info    : [ 80%] Meshing curve 531 (Line)
Info    : [ 80%] Meshing curve 532 (Line)
Info    : [ 80%] Meshing curve 533 (Line)
Info    : [ 80%] Meshing curve 534 (TrimmedCurve)
Info    : [ 80%] Meshing curve 535 (Line)
Info    : [ 80%] Meshing curve 536 (Line)
Info    : [ 80%] Meshing curve 537 (TrimmedCurve)
Info    : [ 80%] Meshing curve 538 (Line)
Info    : [ 80%] Meshing curve 539 (Line)
Info    : [ 80%] Meshing curve 540 (Line)
Info    : [ 80%] Meshing curve 541 (Line)
Info    : [ 80%] Meshing curve 542 (Line)
Info    : [ 80%] Meshing curve 543 (TrimmedCurve)
Info    : [ 80%] Meshing curve 544 (Line)
Info    : [ 80%] Meshing curve 545 (Line)
Info    : [ 80%] Meshing curve 546 (Line)
Info    : [ 80%] Meshing curve 547 (Line)
Info    : [ 80%] Meshing curve 548 (Line)
Info    : [ 80%] Meshing curve 549 (Line)
Info    : [ 80%] Meshing curve 550 (Line)
Info    : [ 80%] Meshing curve 551 (Line)
Info    : [ 80%] Meshing curve 552 (Line)
Info    : [ 80%] Meshing curve 553 (Line)
Info    : [ 80%] Meshing curve 554 (Line)
Info    : [ 80%] Meshing curve 555 (Line)
Info    : [ 80%] Meshing curve 556 (Line)
Info    : [ 80%] Meshing curve 557 (Line)
Info    : [ 80%] Meshing curve 558 (Line)
Info    : [ 80%] Meshing curve 559 (Line)
Info    : [ 90%] Meshing curve 560 (Line)
Info    : [ 90%] Meshing curve 561 (Line)
Info    : [ 90%] Meshing curve 562 (Line)
Info    : [ 90%] Meshing curve 563 (Line)
Info    : [ 90%] Meshing curve 564 (Line)
Info    : [ 90%] Meshing curve 565 (Line)
Info    : [ 90%] Meshing curve 566 (Line)
Info    : [ 90%] Meshing curve 567 (Line)
Info    : [ 90%] Meshing curve 568 (Line)
Info    : [ 90%] Meshing curve 569 (Line)
Info    : [ 90%] Meshing curve 570 (Line)
Info    : [ 90%] Meshing curve 571 (Line)
Info    : [ 90%] Meshing curve 572 (Line)
Info    : [ 90%] Meshing curve 573 (Line)
Info    : [ 90%] Meshing curve 574 (Line)
Info    : [ 90%] Meshing curve 575 (Line)
Info    : [ 90%] Meshing curve 576 (Line)
Info    : [ 90%] Meshing curve 577 (Line)
Info    : [ 90%] Meshing curve 578 (Line)
Info    : [ 90%] Meshing curve 579 (Line)
Info    : [ 90%] Meshing curve 580 (Line)
Info    : [ 90%] Meshing curve 581 (Line)
Info    : [ 90%] Meshing curve 582 (Line)
Info    : [ 90%] Meshing curve 583 (Line)
Info    : [ 90%] Meshing curve 584 (Line)
Info    : [ 90%] Meshing curve 585 (Line)
Info    : [ 90%] Meshing curve 586 (Line)
Info    : [ 90%] Meshing curve 587 (Line)
Info    : [ 90%] Meshing curve 588 (Line)
Info    : [ 90%] Meshing curve 589 (Line)
Info    : [ 90%] Meshing curve 590 (Line)
Info    : [ 90%] Meshing curve 591 (Line)
Info    : [ 90%] Meshing curve 592 (Line)
Info    : [100%] Meshing curve 593 (Line)
Info    : [100%] Meshing curve 594 (Line)
Info    : [100%] Meshing curve 595 (Line)
Info    : [100%] Meshing curve 596 (Line)
Info    : [100%] Meshing curve 597 (Line)
Info    : [100%] Meshing curve 598 (Line)
Info    : [100%] Meshing curve 599 (Line)
Info    : [100%] Meshing curve 600 (Line)
Info    : [100%] Meshing curve 601 (Line)
Info    : [100%] Meshing curve 602 (Line)
Info    : [100%] Meshing curve 603 (Line)
Info    : [100%] Meshing curve 604 (Line)
Info    : [100%] Meshing curve 605 (Line)
Info    : [100%] Meshing curve 606 (Line)
Info    : [100%] Meshing curve 607 (Line)
Info    : [100%] Meshing curve 608 (Line)
Info    : [100%] Meshing curve 609 (Line)
Info    : [100%] Meshing curve 610 (Line)
Info    : [100%] Meshing curve 611 (Line)
Info    : [100%] Meshing curve 612 (Line)
Info    : [100%] Meshing curve 613 (Line)
Info    : [100%] Meshing curve 614 (Line)
Info    : [100%] Meshing curve 615 (Line)
Info    : [100%] Meshing curve 616 (Line)
Info    : [100%] Meshing curve 617 (Line)
Info    : [100%] Meshing curve 618 (Line)
Info    : [100%] Meshing curve 619 (Line)
Info    : [100%] Meshing curve 620 (Line)
Info    : [100%] Meshing curve 621 (Line)
Info    : [100%] Meshing curve 622 (Line)
Info    : [100%] Meshing curve 623 (Line)
Info    : [100%] Meshing curve 624 (Line)
Info    : Done meshing 1D (Wall 1.48922s, CPU 1.48905s)
Info    : Meshing 2D...
Info    : [  0%] Meshing surface 35 (Plane, Delaunay)
Info    : [ 10%] Meshing surface 41 (Plane, Delaunay)
Info    : [ 10%] Meshing surface 43 (Plane, Delaunay)
Info    : [ 10%] Meshing surface 44 (Plane, Delaunay)
Info    : [ 10%] Meshing surface 45 (Plane, Delaunay)
Info    : [ 10%] Meshing surface 46 (Plane, Delaunay)
Info    : [ 10%] Meshing surface 47 (Plane, Delaunay)
Info    : [ 10%] Meshing surface 48 (Plane, Delaunay)
Info    : [ 10%] Meshing surface 49 (Plane, Delaunay)
Info    : [ 10%] Meshing surface 50 (Plane, Delaunay)
Info    : [ 10%] Meshing surface 51 (Plane, Delaunay)
Info    : [ 10%] Meshing surface 53 (Plane, Delaunay)
Info    : [ 10%] Meshing surface 54 (Plane, Delaunay)
Info    : [ 10%] Meshing surface 55 (Plane, Delaunay)
Info    : [ 10%] Meshing surface 56 (Plane, Delaunay)
Info    : [ 20%] Meshing surface 57 (Plane, Delaunay)
Info    : [ 20%] Meshing surface 58 (Plane, Delaunay)
Info    : [ 20%] Meshing surface 59 (Plane, Delaunay)
Info    : [ 20%] Meshing surface 60 (Plane, Delaunay)
Info    : [ 20%] Meshing surface 61 (Plane, Delaunay)
Info    : [ 20%] Meshing surface 62 (Plane, Delaunay)
Info    : [ 20%] Meshing surface 63 (Plane, Delaunay)
Info    : [ 20%] Meshing surface 64 (Plane, Delaunay)
Info    : [ 20%] Meshing surface 65 (Plane, Delaunay)
Info    : [ 20%] Meshing surface 66 (Plane, Delaunay)
Info    : [ 20%] Meshing surface 67 (Plane, Delaunay)
Info    : [ 20%] Meshing surface 68 (Plane, Delaunay)
Info    : [ 20%] Meshing surface 69 (Plane, Delaunay)
Info    : [ 20%] Meshing surface 70 (Plane, Delaunay)
Info    : [ 30%] Meshing surface 71 (Plane, Delaunay)
Info    : [ 30%] Meshing surface 72 (Plane, Delaunay)
Info    : [ 30%] Meshing surface 73 (Plane, Delaunay)
Info    : [ 30%] Meshing surface 74 (Plane, Delaunay)
Info    : [ 30%] Meshing surface 75 (Plane, Delaunay)
Info    : [ 30%] Meshing surface 76 (Plane, Delaunay)
Info    : [ 30%] Meshing surface 173 (Plane, Delaunay)
Info    : [ 30%] Meshing surface 174 (Plane, Delaunay)
Info    : [ 30%] Meshing surface 175 (Plane, Delaunay)
Info    : [ 30%] Meshing surface 177 (Plane, Delaunay)
Info    : [ 30%] Meshing surface 178 (Plane, Delaunay)
Info    : [ 30%] Meshing surface 179 (Plane, Delaunay)
Info    : [ 30%] Meshing surface 180 (Plane, Delaunay)
Info    : [ 30%] Meshing surface 181 (Plane, Delaunay)
Info    : [ 40%] Meshing surface 182 (Plane, Delaunay)
Info    : [ 40%] Meshing surface 183 (Plane, Delaunay)
Info    : [ 40%] Meshing surface 184 (Plane, Delaunay)
Info    : [ 40%] Meshing surface 185 (Plane, Delaunay)
Info    : [ 40%] Meshing surface 186 (Plane, Delaunay)
Info    : [ 40%] Meshing surface 187 (Plane, Delaunay)
Info    : [ 40%] Meshing surface 188 (Plane, Delaunay)
Info    : [ 40%] Meshing surface 189 (Plane, Delaunay)
Info    : [ 40%] Meshing surface 191 (Plane, Delaunay)
Info    : [ 40%] Meshing surface 192 (Plane, Delaunay)
Info    : [ 40%] Meshing surface 193 (Plane, Delaunay)
Info    : [ 40%] Meshing surface 194 (Plane, Delaunay)
Info    : [ 40%] Meshing surface 195 (Plane, Delaunay)
Info    : [ 40%] Meshing surface 196 (Plane, Delaunay)
Info    : [ 50%] Meshing surface 197 (Plane, Delaunay)
Info    : [ 50%] Meshing surface 198 (Plane, Delaunay)
Info    : [ 50%] Meshing surface 199 (Plane, Delaunay)
Info    : [ 50%] Meshing surface 200 (Plane, Delaunay)
Info    : [ 50%] Meshing surface 201 (Plane, Delaunay)
Info    : [ 50%] Meshing surface 202 (Plane, Delaunay)
Info    : [ 50%] Meshing surface 203 (Plane, Delaunay)
Info    : [ 50%] Meshing surface 204 (Plane, Delaunay)
Info    : [ 50%] Meshing surface 205 (Plane, Delaunay)
Info    : [ 50%] Meshing surface 206 (Plane, Delaunay)
Info    : [ 50%] Meshing surface 207 (Plane, Delaunay)
Info    : [ 50%] Meshing surface 208 (Plane, Delaunay)
Info    : [ 50%] Meshing surface 209 (Plane, Delaunay)
Info    : [ 50%] Meshing surface 210 (Plane, Delaunay)
Info    : [ 50%] Meshing surface 211 (Plane, Delaunay)
Info    : [ 60%] Meshing surface 212 (Plane, Delaunay)
Info    : [ 60%] Meshing surface 213 (Plane, Delaunay)
Info    : [ 60%] Meshing surface 214 (Plane, Delaunay)
Info    : [ 60%] Meshing surface 215 (Plane, Delaunay)
Info    : [ 60%] Meshing surface 216 (Plane, Delaunay)
Info    : [ 60%] Meshing surface 217 (Plane, Delaunay)
Info    : [ 60%] Meshing surface 218 (Plane, Delaunay)
Info    : [ 60%] Meshing surface 219 (Plane, Delaunay)
Info    : [ 60%] Meshing surface 220 (Plane, Delaunay)
Info    : [ 60%] Meshing surface 221 (Plane, Delaunay)
Info    : [ 60%] Meshing surface 222 (Plane, Delaunay)
Info    : [ 60%] Meshing surface 223 (Plane, Delaunay)
Info    : [ 60%] Meshing surface 225 (Plane, Delaunay)
Info    : [ 60%] Meshing surface 226 (Plane, Delaunay)
Info    : [ 70%] Meshing surface 227 (Plane, Delaunay)
Info    : [ 70%] Meshing surface 228 (Plane, Delaunay)
Info    : [ 70%] Meshing surface 229 (Plane, Delaunay)
Info    : [ 70%] Meshing surface 230 (Plane, Delaunay)
Info    : [ 70%] Meshing surface 231 (Plane, Delaunay)
Info    : [ 70%] Meshing surface 232 (Plane, Delaunay)
Info    : [ 70%] Meshing surface 233 (Plane, Delaunay)
Info    : [ 70%] Meshing surface 234 (Plane, Delaunay)
Info    : [ 70%] Meshing surface 235 (Plane, Delaunay)
Info    : [ 70%] Meshing surface 236 (Plane, Delaunay)
Info    : [ 70%] Meshing surface 237 (Plane, Delaunay)
Info    : [ 70%] Meshing surface 238 (Plane, Delaunay)
Info    : [ 70%] Meshing surface 239 (Plane, Delaunay)
Info    : [ 70%] Meshing surface 240 (Plane, Delaunay)
Info    : [ 80%] Meshing surface 241 (Plane, Delaunay)
Info    : [ 80%] Meshing surface 242 (Plane, Delaunay)
Info    : [ 80%] Meshing surface 243 (Plane, Delaunay)
Info    : [ 80%] Meshing surface 244 (Plane, Delaunay)
Info    : [ 80%] Meshing surface 245 (Plane, Delaunay)
Info    : [ 80%] Meshing surface 246 (Plane, Delaunay)
Info    : [ 80%] Meshing surface 247 (Plane, Delaunay)
Info    : [ 80%] Meshing surface 248 (Plane, Delaunay)
Info    : [ 80%] Meshing surface 249 (Plane, Delaunay)
Info    : [ 80%] Meshing surface 250 (Plane, Delaunay)
Info    : [ 80%] Meshing surface 251 (Plane, Delaunay)
Info    : [ 80%] Meshing surface 252 (Plane, Delaunay)
Info    : [ 80%] Meshing surface 253 (Plane, Delaunay)
Info    : [ 80%] Meshing surface 254 (Plane, Delaunay)
Info    : [ 90%] Meshing surface 255 (Plane, Delaunay)
Info    : [ 90%] Meshing surface 256 (Plane, Delaunay)
Info    : [ 90%] Meshing surface 257 (Plane, Delaunay)
Info    : [ 90%] Meshing surface 258 (Plane, Delaunay)
Info    : [ 90%] Meshing surface 259 (Plane, Delaunay)
Info    : [ 90%] Meshing surface 260 (Plane, Delaunay)
Info    : [ 90%] Meshing surface 261 (Plane, Delaunay)
Info    : [ 90%] Meshing surface 262 (Plane, Delaunay)
Info    : [ 90%] Meshing surface 263 (Plane, Delaunay)
Info    : [ 90%] Meshing surface 264 (Plane, Delaunay)
Info    : [ 90%] Meshing surface 265 (Plane, Delaunay)
Info    : [ 90%] Meshing surface 266 (Plane, Delaunay)
Info    : [ 90%] Meshing surface 267 (Plane, Delaunay)
Info    : [ 90%] Meshing surface 268 (Plane, Delaunay)
Info    : [100%] Meshing surface 269 (Plane, Delaunay)
Info    : [100%] Meshing surface 270 (Plane, Delaunay)
Info    : [100%] Meshing surface 271 (Plane, Delaunay)
Info    : [100%] Meshing surface 272 (Plane, Delaunay)
Info    : [100%] Meshing surface 273 (Plane, Delaunay)
Info    : [100%] Meshing surface 274 (Plane, Delaunay)
Info    : [100%] Meshing surface 275 (Plane, Delaunay)
Info    : [100%] Meshing surface 276 (Plane, Delaunay)
Info    : [100%] Meshing surface 277 (Plane, Delaunay)
Info    : [100%] Meshing surface 278 (Plane, Delaunay)
Info    : [100%] Meshing surface 279 (Plane, Delaunay)
Info    : [100%] Meshing surface 280 (Plane, Delaunay)
Info    : [100%] Meshing surface 281 (Plane, Delaunay)
Info    : [100%] Meshing surface 282 (Plane, Delaunay)
Info    : Done meshing 2D (Wall 0.404821s, CPU 0.404737s)
Info    : Meshing 3D...
Info    : 3D Meshing 16 volumes with 1 connected component
Info    : Tetrahedrizing 3377 nodes...
Info    : Done tetrahedrizing 3385 nodes (Wall 0.0450787s, CPU 0.045072s)
Info    : Reconstructing mesh...
Info    :  - Creating surface mesh
Info    :  - Identifying boundary edges
Info    :  - Recovering boundary
Info    :  - Added 13 Steiner points
Info    : Done reconstructing mesh (Wall 0.152215s, CPU 0.152196s)
Info    : Found volume 27
Info    : Found volume 28
Info    : Found volume 23
Info    : Found volume 12
Info    : Found volume 9
Info    : Found volume 26
Info    : Found volume 30
Info    : Found volume 29
Info    : Found volume 6
Info    : Found volume 7
Info    : Found volume 8
Info    : Found volume 24
Info    : Found volume 31
Info    : Found volume 10
Info    : Found volume 11
Info    : Found volume 25
Info    : It. 0 - 0 nodes created - worst tet radius 16.1079 (nodes removed 0 0)
Info    : It. 500 - 2 nodes created - worst tet radius 3.16596 (nodes removed 0 498)
Info    : It. 1000 - 42 nodes created - worst tet radius 1.67439 (nodes removed 0 958)
Info    : It. 1500 - 130 nodes created - worst tet radius 1.19944 (nodes removed 0 1370)
Info    : It. 2000 - 288 nodes created - worst tet radius 1.00342 (nodes removed 1 1711)
Info    : 3D refinement terminated (3680 nodes total):
Info    :  - 1 Delaunay cavities modified for star shapeness
Info    :  - 1719 nodes could not be inserted
Info    :  - 21767 tetrahedra created in 0.0879288 sec. (247552 tets/s)
Info    : 252 node relocations
Info    : Done meshing 3D (Wall 0.455328s, CPU 0.454583s)
Info    : Optimizing mesh...
Info    : Optimizing volume 6
Info    : Optimization starts (volume = 234) with worst = 0.209192 / average = 0.599961:
Info    : 0.00 < quality < 0.10 :         0 elements
Info    : 0.10 < quality < 0.20 :         0 elements
Info    : 0.20 < quality < 0.30 :        35 elements
Info    : 0.30 < quality < 0.40 :         7 elements
Info    : 0.40 < quality < 0.50 :         3 elements
Info    : 0.50 < quality < 0.60 :         6 elements
Info    : 0.60 < quality < 0.70 :        60 elements
Info    : 0.70 < quality < 0.80 :        46 elements
Info    : 0.80 < quality < 0.90 :        10 elements
Info    : 0.90 < quality < 1.00 :         1 elements
Info    : No ill-shaped tets in the mesh :-)
Info    : 0.00 < quality < 0.10 :         0 elements
Info    : 0.10 < quality < 0.20 :         0 elements
Info    : 0.20 < quality < 0.30 :        35 elements
Info    : 0.30 < quality < 0.40 :         7 elements
Info    : 0.40 < quality < 0.50 :         3 elements
Info    : 0.50 < quality < 0.60 :         6 elements
Info    : 0.60 < quality < 0.70 :        60 elements
Info    : 0.70 < quality < 0.80 :        46 elements
Info    : 0.80 < quality < 0.90 :        10 elements
Info    : 0.90 < quality < 1.00 :         1 elements
Info    : Optimizing volume 7
Info    : Optimization starts (volume = 234) with worst = 0.209192 / average = 0.599865:
Info    : 0.00 < quality < 0.10 :         0 elements
Info    : 0.10 < quality < 0.20 :         0 elements
Info    : 0.20 < quality < 0.30 :        35 elements
Info    : 0.30 < quality < 0.40 :         7 elements
Info    : 0.40 < quality < 0.50 :         3 elements
Info    : 0.50 < quality < 0.60 :         6 elements
Info    : 0.60 < quality < 0.70 :        60 elements
Info    : 0.70 < quality < 0.80 :        46 elements
Info    : 0.80 < quality < 0.90 :        10 elements
Info    : 0.90 < quality < 1.00 :         1 elements
Info    : No ill-shaped tets in the mesh :-)
Info    : 0.00 < quality < 0.10 :         0 elements
Info    : 0.10 < quality < 0.20 :         0 elements
Info    : 0.20 < quality < 0.30 :        35 elements
Info    : 0.30 < quality < 0.40 :         7 elements
Info    : 0.40 < quality < 0.50 :         3 elements
Info    : 0.50 < quality < 0.60 :         6 elements
Info    : 0.60 < quality < 0.70 :        60 elements
Info    : 0.70 < quality < 0.80 :        46 elements
Info    : 0.80 < quality < 0.90 :        10 elements
Info    : 0.90 < quality < 1.00 :         1 elements
Info    : Optimizing volume 8
Info    : Optimization starts (volume = 109.224) with worst = 0.219132 / average = 0.608138:
Info    : 0.00 < quality < 0.10 :         0 elements
Info    : 0.10 < quality < 0.20 :         0 elements
Info    : 0.20 < quality < 0.30 :         6 elements
Info    : 0.30 < quality < 0.40 :        10 elements
Info    : 0.40 < quality < 0.50 :        24 elements
Info    : 0.50 < quality < 0.60 :        14 elements
Info    : 0.60 < quality < 0.70 :        18 elements
Info    : 0.70 < quality < 0.80 :        18 elements
Info    : 0.80 < quality < 0.90 :        20 elements
Info    : 0.90 < quality < 1.00 :         4 elements
Info    : No ill-shaped tets in the mesh :-)
Info    : 0.00 < quality < 0.10 :         0 elements
Info    : 0.10 < quality < 0.20 :         0 elements
Info    : 0.20 < quality < 0.30 :         6 elements
Info    : 0.30 < quality < 0.40 :        10 elements
Info    : 0.40 < quality < 0.50 :        24 elements
Info    : 0.50 < quality < 0.60 :        14 elements
Info    : 0.60 < quality < 0.70 :        18 elements
Info    : 0.70 < quality < 0.80 :        18 elements
Info    : 0.80 < quality < 0.90 :        20 elements
Info    : 0.90 < quality < 1.00 :         4 elements
Info    : Optimizing volume 9
Info    : Optimization starts (volume = 2.268) with worst = 0.0280207 / average = 0.26468:
Info    : 0.00 < quality < 0.10 :         6 elements
Info    : 0.10 < quality < 0.20 :         0 elements
Info    : 0.20 < quality < 0.30 :         2 elements
Info    : 0.30 < quality < 0.40 :         7 elements
Info    : 0.40 < quality < 0.50 :         0 elements
Info    : 0.50 < quality < 0.60 :         0 elements
Info    : 0.60 < quality < 0.70 :         2 elements
Info    : 0.70 < quality < 0.80 :         0 elements
Info    : 0.80 < quality < 0.90 :         0 elements
Info    : 0.90 < quality < 1.00 :         0 elements
Info    : 2 edge swaps, 0 node relocations (volume = 2.268): worst = 0.0280207 / average = 0.310559 (Wall 8.6289e-05s, CPU 8.6e-05s)
Info    : No ill-shaped tets in the mesh :-)
Info    : 0.00 < quality < 0.10 :         4 elements
Info    : 0.10 < quality < 0.20 :         1 elements
Info    : 0.20 < quality < 0.30 :         4 elements
Info    : 0.30 < quality < 0.40 :         3 elements
Info    : 0.40 < quality < 0.50 :         1 elements
Info    : 0.50 < quality < 0.60 :         2 elements
Info    : 0.60 < quality < 0.70 :         2 elements
Info    : 0.70 < quality < 0.80 :         0 elements
Info    : 0.80 < quality < 0.90 :         0 elements
Info    : 0.90 < quality < 1.00 :         0 elements
Info    : Optimizing volume 10
Info    : Optimization starts (volume = 2.268) with worst = 0.266475 / average = 0.325093:
Info    : 0.00 < quality < 0.10 :         0 elements
Info    : 0.10 < quality < 0.20 :         0 elements
Info    : 0.20 < quality < 0.30 :         4 elements
Info    : 0.30 < quality < 0.40 :         8 elements
Info    : 0.40 < quality < 0.50 :         0 elements
Info    : 0.50 < quality < 0.60 :         0 elements
Info    : 0.60 < quality < 0.70 :         0 elements
Info    : 0.70 < quality < 0.80 :         0 elements
Info    : 0.80 < quality < 0.90 :         0 elements
Info    : 0.90 < quality < 1.00 :         0 elements
Info    : No ill-shaped tets in the mesh :-)
Info    : 0.00 < quality < 0.10 :         0 elements
Info    : 0.10 < quality < 0.20 :         0 elements
Info    : 0.20 < quality < 0.30 :         4 elements
Info    : 0.30 < quality < 0.40 :         8 elements
Info    : 0.40 < quality < 0.50 :         0 elements
Info    : 0.50 < quality < 0.60 :         0 elements
Info    : 0.60 < quality < 0.70 :         0 elements
Info    : 0.70 < quality < 0.80 :         0 elements
Info    : 0.80 < quality < 0.90 :         0 elements
Info    : 0.90 < quality < 1.00 :         0 elements
Info    : Optimizing volume 11
Info    : Optimization starts (volume = 2.268) with worst = 0.266475 / average = 0.325093:
Info    : 0.00 < quality < 0.10 :         0 elements
Info    : 0.10 < quality < 0.20 :         0 elements
Info    : 0.20 < quality < 0.30 :         4 elements
Info    : 0.30 < quality < 0.40 :         8 elements
Info    : 0.40 < quality < 0.50 :         0 elements
Info    : 0.50 < quality < 0.60 :         0 elements
Info    : 0.60 < quality < 0.70 :         0 elements
Info    : 0.70 < quality < 0.80 :         0 elements
Info    : 0.80 < quality < 0.90 :         0 elements
Info    : 0.90 < quality < 1.00 :         0 elements
Info    : No ill-shaped tets in the mesh :-)
Info    : 0.00 < quality < 0.10 :         0 elements
Info    : 0.10 < quality < 0.20 :         0 elements
Info    : 0.20 < quality < 0.30 :         4 elements
Info    : 0.30 < quality < 0.40 :         8 elements
Info    : 0.40 < quality < 0.50 :         0 elements
Info    : 0.50 < quality < 0.60 :         0 elements
Info    : 0.60 < quality < 0.70 :         0 elements
Info    : 0.70 < quality < 0.80 :         0 elements
Info    : 0.80 < quality < 0.90 :         0 elements
Info    : 0.90 < quality < 1.00 :         0 elements
Info    : Optimizing volume 12
Info    : Optimization starts (volume = 2.268) with worst = 0.0280207 / average = 0.26468:
Info    : 0.00 < quality < 0.10 :         6 elements
Info    : 0.10 < quality < 0.20 :         0 elements
Info    : 0.20 < quality < 0.30 :         2 elements
Info    : 0.30 < quality < 0.40 :         7 elements
Info    : 0.40 < quality < 0.50 :         0 elements
Info    : 0.50 < quality < 0.60 :         0 elements
Info    : 0.60 < quality < 0.70 :         2 elements
Info    : 0.70 < quality < 0.80 :         0 elements
Info    : 0.80 < quality < 0.90 :         0 elements
Info    : 0.90 < quality < 1.00 :         0 elements
Info    : 3 edge swaps, 0 node relocations (volume = 2.268): worst = 0.0280207 / average = 0.310559 (Wall 7.5121e-05s, CPU 7.5e-05s)
Info    : No ill-shaped tets in the mesh :-)
Info    : 0.00 < quality < 0.10 :         4 elements
Info    : 0.10 < quality < 0.20 :         1 elements
Info    : 0.20 < quality < 0.30 :         4 elements
Info    : 0.30 < quality < 0.40 :         3 elements
Info    : 0.40 < quality < 0.50 :         1 elements
Info    : 0.50 < quality < 0.60 :         2 elements
Info    : 0.60 < quality < 0.70 :         2 elements
Info    : 0.70 < quality < 0.80 :         0 elements
Info    : 0.80 < quality < 0.90 :         0 elements
Info    : 0.90 < quality < 1.00 :         0 elements
Info    : Optimizing volume 23
Info    : Optimization starts (volume = 4165.66) with worst = 0.00164276 / average = 0.155789:
Info    : 0.00 < quality < 0.10 :        90 elements
Info    : 0.10 < quality < 0.20 :      1885 elements
Info    : 0.20 < quality < 0.30 :        81 elements
Info    : 0.30 < quality < 0.40 :         4 elements
Info    : 0.40 < quality < 0.50 :         0 elements
Info    : 0.50 < quality < 0.60 :         0 elements
Info    : 0.60 < quality < 0.70 :         0 elements
Info    : 0.70 < quality < 0.80 :         0 elements
Info    : 0.80 < quality < 0.90 :         0 elements
Info    : 0.90 < quality < 1.00 :         0 elements
Info    : 174 edge swaps, 16 node relocations (volume = 4165.66): worst = 0.00240307 / average = 0.157059 (Wall 0.0100535s, CPU 0.01005s)
Info    : 184 edge swaps, 31 node relocations (volume = 4165.66): worst = 0.00510492 / average = 0.157135 (Wall 0.0228005s, CPU 0.022792s)
Info    : No ill-shaped tets in the mesh :-)
Info    : 0.00 < quality < 0.10 :        68 elements
Info    : 0.10 < quality < 0.20 :      1887 elements
Info    : 0.20 < quality < 0.30 :        73 elements
Info    : 0.30 < quality < 0.40 :         4 elements
Info    : 0.40 < quality < 0.50 :         0 elements
Info    : 0.50 < quality < 0.60 :         0 elements
Info    : 0.60 < quality < 0.70 :         0 elements
Info    : 0.70 < quality < 0.80 :         0 elements
Info    : 0.80 < quality < 0.90 :         0 elements
Info    : 0.90 < quality < 1.00 :         0 elements
Info    : Optimizing volume 24
Info    : Optimization starts (volume = 2972.79) with worst = 0.0865664 / average = 0.760093:
Info    : 0.00 < quality < 0.10 :         1 elements
Info    : 0.10 < quality < 0.20 :         2 elements
Info    : 0.20 < quality < 0.30 :         8 elements
Info    : 0.30 < quality < 0.40 :        13 elements
Info    : 0.40 < quality < 0.50 :        11 elements
Info    : 0.50 < quality < 0.60 :        63 elements
Info    : 0.60 < quality < 0.70 :       262 elements
Info    : 0.70 < quality < 0.80 :       112 elements
Info    : 0.80 < quality < 0.90 :       301 elements
Info    : 0.90 < quality < 1.00 :       185 elements
Info    : 3 edge swaps, 0 node relocations (volume = 2972.79): worst = 0.266173 / average = 0.762413 (Wall 0.000287485s, CPU 0.000175s)
Info    : No ill-shaped tets in the mesh :-)
Info    : 0.00 < quality < 0.10 :         0 elements
Info    : 0.10 < quality < 0.20 :         0 elements
Info    : 0.20 < quality < 0.30 :         6 elements
Info    : 0.30 < quality < 0.40 :        15 elements
Info    : 0.40 < quality < 0.50 :        11 elements
Info    : 0.50 < quality < 0.60 :        63 elements
Info    : 0.60 < quality < 0.70 :       262 elements
Info    : 0.70 < quality < 0.80 :       111 elements
Info    : 0.80 < quality < 0.90 :       302 elements
Info    : 0.90 < quality < 1.00 :       185 elements
Info    : Optimizing volume 25
Info    : Optimization starts (volume = 826.072) with worst = 0.0454226 / average = 0.732059:
Info    : 0.00 < quality < 0.10 :         3 elements
Info    : 0.10 < quality < 0.20 :         2 elements
Info    : 0.20 < quality < 0.30 :         6 elements
Info    : 0.30 < quality < 0.40 :        11 elements
Info    : 0.40 < quality < 0.50 :         9 elements
Info    : 0.50 < quality < 0.60 :        16 elements
Info    : 0.60 < quality < 0.70 :        80 elements
Info    : 0.70 < quality < 0.80 :        40 elements
Info    : 0.80 < quality < 0.90 :        96 elements
Info    : 0.90 < quality < 1.00 :        52 elements
Info    : 4 edge swaps, 0 node relocations (volume = 826.072): worst = 0.279721 / average = 0.740896 (Wall 0.000121949s, CPU 0s)
Info    : No ill-shaped tets in the mesh :-)
Info    : 0.00 < quality < 0.10 :         0 elements
Info    : 0.10 < quality < 0.20 :         0 elements
Info    : 0.20 < quality < 0.30 :         6 elements
Info    : 0.30 < quality < 0.40 :        12 elements
Info    : 0.40 < quality < 0.50 :         9 elements
Info    : 0.50 < quality < 0.60 :        17 elements
Info    : 0.60 < quality < 0.70 :        79 elements
Info    : 0.70 < quality < 0.80 :        40 elements
Info    : 0.80 < quality < 0.90 :        96 elements
Info    : 0.90 < quality < 1.00 :        52 elements
Info    : Optimizing volume 26
Info    : Optimization starts (volume = 1.55102e+07) with worst = 0.0688803 / average = 0.600355:
Info    : 0.00 < quality < 0.10 :         2 elements
Info    : 0.10 < quality < 0.20 :         9 elements
Info    : 0.20 < quality < 0.30 :        31 elements
Info    : 0.30 < quality < 0.40 :        95 elements
Info    : 0.40 < quality < 0.50 :       243 elements
Info    : 0.50 < quality < 0.60 :       297 elements
Info    : 0.60 < quality < 0.70 :       249 elements
Info    : 0.70 < quality < 0.80 :       192 elements
Info    : 0.80 < quality < 0.90 :       140 elements
Info    : 0.90 < quality < 1.00 :        45 elements
Info    : 38 edge swaps, 0 node relocations (volume = 1.55102e+07): worst = 0.262881 / average = 0.611834 (Wall 0.000509806s, CPU 0s)
Info    : No ill-shaped tets in the mesh :-)
Info    : 0.00 < quality < 0.10 :         0 elements
Info    : 0.10 < quality < 0.20 :         0 elements
Info    : 0.20 < quality < 0.30 :         2 elements
Info    : 0.30 < quality < 0.40 :       105 elements
Info    : 0.40 < quality < 0.50 :       230 elements
Info    : 0.50 < quality < 0.60 :       305 elements
Info    : 0.60 < quality < 0.70 :       255 elements
Info    : 0.70 < quality < 0.80 :       188 elements
Info    : 0.80 < quality < 0.90 :       141 elements
Info    : 0.90 < quality < 1.00 :        47 elements
Info    : Optimizing volume 27
Info    : Optimization starts (volume = 31020.4) with worst = 0.000441382 / average = 0.0311048:
Info    : 0.00 < quality < 0.10 :      1584 elements
Info    : 0.10 < quality < 0.20 :       110 elements
Info    : 0.20 < quality < 0.30 :         1 elements
Info    : 0.30 < quality < 0.40 :         0 elements
Info    : 0.40 < quality < 0.50 :         0 elements
Info    : 0.50 < quality < 0.60 :         0 elements
Info    : 0.60 < quality < 0.70 :         0 elements
Info    : 0.70 < quality < 0.80 :         0 elements
Info    : 0.80 < quality < 0.90 :         0 elements
Info    : 0.90 < quality < 1.00 :         0 elements
Info    : 210 edge swaps, 0 node relocations (volume = 31020.4): worst = 0.000705258 / average = 0.0299616 (Wall 0.0136905s, CPU 0.01368s)
Info    : 219 edge swaps, 0 node relocations (volume = 31020.4): worst = 0.000705258 / average = 0.0299949 (Wall 0.0290281s, CPU 0.029021s)
Warning : 8 ill-shaped tets are still in the mesh
Info    : 0.00 < quality < 0.10 :      1512 elements
Info    : 0.10 < quality < 0.20 :        86 elements
Info    : 0.20 < quality < 0.30 :         0 elements
Info    : 0.30 < quality < 0.40 :         0 elements
Info    : 0.40 < quality < 0.50 :         0 elements
Info    : 0.50 < quality < 0.60 :         0 elements
Info    : 0.60 < quality < 0.70 :         0 elements
Info    : 0.70 < quality < 0.80 :         0 elements
Info    : 0.80 < quality < 0.90 :         0 elements
Info    : 0.90 < quality < 1.00 :         0 elements
Info    : Optimizing volume 28
Info    : Optimization starts (volume = 1.21135e+06) with worst = 0.000229198 / average = 0.459152:
Info    : 0.00 < quality < 0.10 :       327 elements
Info    : 0.10 < quality < 0.20 :      1600 elements
Info    : 0.20 < quality < 0.30 :      1044 elements
Info    : 0.30 < quality < 0.40 :      1143 elements
Info    : 0.40 < quality < 0.50 :      1400 elements
Info    : 0.50 < quality < 0.60 :      1441 elements
Info    : 0.60 < quality < 0.70 :      1075 elements
Info    : 0.70 < quality < 0.80 :       829 elements
Info    : 0.80 < quality < 0.90 :       677 elements
Info    : 0.90 < quality < 1.00 :       292 elements
Info    : 540 edge swaps, 30 node relocations (volume = 1.21135e+06): worst = 0.00474118 / average = 0.470374 (Wall 0.0347441s, CPU 0.03474s)
Info    : 609 edge swaps, 44 node relocations (volume = 1.21135e+06): worst = 0.00474118 / average = 0.470924 (Wall 0.0662802s, CPU 0.066274s)
Info    : No ill-shaped tets in the mesh :-)
Info    : 0.00 < quality < 0.10 :       183 elements
Info    : 0.10 < quality < 0.20 :      1426 elements
Info    : 0.20 < quality < 0.30 :       913 elements
Info    : 0.30 < quality < 0.40 :      1159 elements
Info    : 0.40 < quality < 0.50 :      1367 elements
Info    : 0.50 < quality < 0.60 :      1450 elements
Info    : 0.60 < quality < 0.70 :      1061 elements
Info    : 0.70 < quality < 0.80 :       866 elements
Info    : 0.80 < quality < 0.90 :       613 elements
Info    : 0.90 < quality < 1.00 :       297 elements
Info    : Optimizing volume 29
Info    : Optimization starts (volume = 290817) with worst = 0.0253193 / average = 0.505738:
Info    : 0.00 < quality < 0.10 :        27 elements
Info    : 0.10 < quality < 0.20 :       153 elements
Info    : 0.20 < quality < 0.30 :       212 elements
Info    : 0.30 < quality < 0.40 :       304 elements
Info    : 0.40 < quality < 0.50 :       445 elements
Info    : 0.50 < quality < 0.60 :       481 elements
Info    : 0.60 < quality < 0.70 :       522 elements
Info    : 0.70 < quality < 0.80 :       304 elements
Info    : 0.80 < quality < 0.90 :        69 elements
Info    : 0.90 < quality < 1.00 :         1 elements
Info    : 101 edge swaps, 0 node relocations (volume = 290817): worst = 0.0521113 / average = 0.516445 (Wall 0.00362426s, CPU 0.003627s)
Info    : 105 edge swaps, 0 node relocations (volume = 290817): worst = 0.0521113 / average = 0.516397 (Wall 0.00659045s, CPU 0.00659s)
Info    : No ill-shaped tets in the mesh :-)
Info    : 0.00 < quality < 0.10 :        12 elements
Info    : 0.10 < quality < 0.20 :       114 elements
Info    : 0.20 < quality < 0.30 :       178 elements
Info    : 0.30 < quality < 0.40 :       313 elements
Info    : 0.40 < quality < 0.50 :       449 elements
Info    : 0.50 < quality < 0.60 :       466 elements
Info    : 0.60 < quality < 0.70 :       512 elements
Info    : 0.70 < quality < 0.80 :       314 elements
Info    : 0.80 < quality < 0.90 :        70 elements
Info    : 0.90 < quality < 1.00 :         1 elements
Info    : Optimizing volume 30
Info    : Optimization starts (volume = 1.39592e+07) with worst = 0.0101394 / average = 0.604358:
Info    : 0.00 < quality < 0.10 :         6 elements
Info    : 0.10 < quality < 0.20 :        15 elements
Info    : 0.20 < quality < 0.30 :        43 elements
Info    : 0.30 < quality < 0.40 :        81 elements
Info    : 0.40 < quality < 0.50 :       229 elements
Info    : 0.50 < quality < 0.60 :       428 elements
Info    : 0.60 < quality < 0.70 :       352 elements
Info    : 0.70 < quality < 0.80 :       247 elements
Info    : 0.80 < quality < 0.90 :       162 elements
Info    : 0.90 < quality < 1.00 :        39 elements
Info    : 55 edge swaps, 4 node relocations (volume = 1.39592e+07): worst = 0.222977 / average = 0.617759 (Wall 0.000761182s, CPU 0.000765s)
Info    : 56 edge swaps, 4 node relocations (volume = 1.39592e+07): worst = 0.25298 / average = 0.617863 (Wall 0.000881631s, CPU 0.000888s)
Info    : No ill-shaped tets in the mesh :-)
Info    : 0.00 < quality < 0.10 :         0 elements
Info    : 0.10 < quality < 0.20 :         0 elements
Info    : 0.20 < quality < 0.30 :         4 elements
Info    : 0.30 < quality < 0.40 :        93 elements
Info    : 0.40 < quality < 0.50 :       229 elements
Info    : 0.50 < quality < 0.60 :       423 elements
Info    : 0.60 < quality < 0.70 :       366 elements
Info    : 0.70 < quality < 0.80 :       242 elements
Info    : 0.80 < quality < 0.90 :       164 elements
Info    : 0.90 < quality < 1.00 :        39 elements
Info    : Optimizing volume 31
Info    : Optimization starts (volume = 4.05952e+07) with worst = 0.00330221 / average = 0.54321:
Info    : 0.00 < quality < 0.10 :       104 elements
Info    : 0.10 < quality < 0.20 :        48 elements
Info    : 0.20 < quality < 0.30 :        44 elements
Info    : 0.30 < quality < 0.40 :        56 elements
Info    : 0.40 < quality < 0.50 :        64 elements
Info    : 0.50 < quality < 0.60 :       148 elements
Info    : 0.60 < quality < 0.70 :       184 elements
Info    : 0.70 < quality < 0.80 :       268 elements
Info    : 0.80 < quality < 0.90 :        48 elements
Info    : 0.90 < quality < 1.00 :        16 elements
Info    : 50 edge swaps, 0 node relocations (volume = 4.05952e+07): worst = 0.00529197 / average = 0.561139 (Wall 0.00235002s, CPU 0.002348s)
Info    : No ill-shaped tets in the mesh :-)
Info    : 0.00 < quality < 0.10 :        88 elements
Info    : 0.10 < quality < 0.20 :        24 elements
Info    : 0.20 < quality < 0.30 :        44 elements
Info    : 0.30 < quality < 0.40 :        54 elements
Info    : 0.40 < quality < 0.50 :        66 elements
Info    : 0.50 < quality < 0.60 :       142 elements
Info    : 0.60 < quality < 0.70 :       190 elements
Info    : 0.70 < quality < 0.80 :       274 elements
Info    : 0.80 < quality < 0.90 :        48 elements
Info    : 0.90 < quality < 1.00 :        16 elements
Info    : Done optimizing mesh (Wall 0.193142s, CPU 0.188981s)
Info    : 3680 nodes 29489 elements
Warning : ------------------------------
Warning : Mesh generation error summary
Warning :     1 warning
Warning :     0 errors
Warning : Check the full log for details
Warning : ------------------------------
Info    : Writing '/foss/designs/inductor_synth/palace_model/inductor2_N2_do74.24_w4_s3_data/inductor2_N2_do74.24_w4_s3.msh'...
Info    : Done writing '/foss/designs/inductor_synth/palace_model/inductor2_N2_do74.24_w4_s3_data/inductor2_N2_do74.24_w4_s3.msh'
Info    : Clearing all models and views...
Info    : Done clearing all models and views
Info    : Meshing 1D...
Info    : [  0%] Meshing curve 64 (Line)
Info    : [ 10%] Meshing curve 65 (Line)
Info    : [ 10%] Meshing curve 67 (Line)
Info    : [ 10%] Meshing curve 69 (Line)
Info    : [ 10%] Meshing curve 70 (Line)
Info    : [ 10%] Meshing curve 71 (Line)
Info    : [ 10%] Meshing curve 72 (Line)
Info    : [ 10%] Meshing curve 76 (Line)
Info    : [ 10%] Meshing curve 77 (Line)
Info    : [ 10%] Meshing curve 79 (Line)
Info    : [ 10%] Meshing curve 81 (Line)
Info    : [ 10%] Meshing curve 82 (Line)
Info    : [ 10%] Meshing curve 83 (Line)
Info    : [ 10%] Meshing curve 84 (Line)
Info    : [ 10%] Meshing curve 85 (Line)
Info    : [ 10%] Meshing curve 86 (Line)
Info    : [ 10%] Meshing curve 87 (Line)
Info    : [ 10%] Meshing curve 88 (Line)
Info    : [ 10%] Meshing curve 89 (Line)
Info    : [ 10%] Meshing curve 90 (Line)
Info    : [ 10%] Meshing curve 91 (Line)
Info    : [ 10%] Meshing curve 92 (Line)
Info    : [ 10%] Meshing curve 93 (Line)
Info    : [ 10%] Meshing curve 94 (Line)
Info    : [ 10%] Meshing curve 95 (Line)
Info    : [ 10%] Meshing curve 96 (Line)
Info    : [ 10%] Meshing curve 97 (Line)
Info    : [ 10%] Meshing curve 98 (Line)
Info    : [ 10%] Meshing curve 99 (Line)
Info    : [ 10%] Meshing curve 100 (Line)
Info    : [ 10%] Meshing curve 101 (Line)
Info    : [ 10%] Meshing curve 102 (Line)
Info    : [ 10%] Meshing curve 103 (Line)
Info    : [ 20%] Meshing curve 104 (Line)
Info    : [ 20%] Meshing curve 105 (Line)
Info    : [ 20%] Meshing curve 106 (Line)
Info    : [ 20%] Meshing curve 107 (Line)
Info    : [ 20%] Meshing curve 108 (Line)
Info    : [ 20%] Meshing curve 109 (Line)
Info    : [ 20%] Meshing curve 110 (Line)
Info    : [ 20%] Meshing curve 111 (Line)
Info    : [ 20%] Meshing curve 112 (Line)
Info    : [ 20%] Meshing curve 113 (Line)
Info    : [ 20%] Meshing curve 114 (Line)
Info    : [ 20%] Meshing curve 115 (Line)
Info    : [ 20%] Meshing curve 116 (Line)
Info    : [ 20%] Meshing curve 117 (Line)
Info    : [ 20%] Meshing curve 118 (Line)
Info    : [ 20%] Meshing curve 119 (Line)
Info    : [ 20%] Meshing curve 120 (Line)
Info    : [ 20%] Meshing curve 121 (Line)
Info    : [ 20%] Meshing curve 122 (Line)
Info    : [ 20%] Meshing curve 123 (Line)
Info    : [ 20%] Meshing curve 124 (Line)
Info    : [ 20%] Meshing curve 125 (Line)
Info    : [ 20%] Meshing curve 126 (Line)
Info    : [ 20%] Meshing curve 127 (Line)
Info    : [ 20%] Meshing curve 128 (Line)
Info    : [ 20%] Meshing curve 129 (Line)
Info    : [ 20%] Meshing curve 130 (Line)
Info    : [ 20%] Meshing curve 131 (Line)
Info    : [ 20%] Meshing curve 132 (Line)
Info    : [ 20%] Meshing curve 133 (Line)
Info    : [ 20%] Meshing curve 134 (Line)
Info    : [ 20%] Meshing curve 135 (Line)
Info    : [ 20%] Meshing curve 136 (Line)
Info    : [ 30%] Meshing curve 137 (Line)
Info    : [ 30%] Meshing curve 138 (Line)
Info    : [ 30%] Meshing curve 139 (Line)
Info    : [ 30%] Meshing curve 140 (Line)
Info    : [ 30%] Meshing curve 141 (Line)
Info    : [ 30%] Meshing curve 142 (Line)
Info    : [ 30%] Meshing curve 143 (Line)
Info    : [ 30%] Meshing curve 144 (Line)
Info    : [ 30%] Meshing curve 145 (Line)
Info    : [ 30%] Meshing curve 146 (Line)
Info    : [ 30%] Meshing curve 147 (Line)
Info    : [ 30%] Meshing curve 148 (Line)
Info    : [ 30%] Meshing curve 149 (Line)
Info    : [ 30%] Meshing curve 150 (Line)
Info    : [ 30%] Meshing curve 151 (Line)
Info    : [ 30%] Meshing curve 152 (Line)
Info    : [ 30%] Meshing curve 153 (Line)
Info    : [ 30%] Meshing curve 154 (Line)
Info    : [ 30%] Meshing curve 155 (Line)
Info    : [ 30%] Meshing curve 156 (Line)
Info    : [ 30%] Meshing curve 385 (Line)
Info    : [ 30%] Meshing curve 386 (Line)
Info    : [ 30%] Meshing curve 387 (Line)
Info    : [ 30%] Meshing curve 388 (Line)
Info    : [ 30%] Meshing curve 389 (Line)
Info    : [ 30%] Meshing curve 390 (Line)
Info    : [ 30%] Meshing curve 391 (Line)
Info    : [ 30%] Meshing curve 392 (Line)
Info    : [ 30%] Meshing curve 393 (Line)
Info    : [ 30%] Meshing curve 394 (Line)
Info    : [ 30%] Meshing curve 395 (Line)
Info    : [ 30%] Meshing curve 396 (Line)
Info    : [ 40%] Meshing curve 397 (TrimmedCurve)
Info    : [ 40%] Meshing curve 398 (Line)
Info    : [ 40%] Meshing curve 399 (TrimmedCurve)
Info    : [ 40%] Meshing curve 400 (Line)
Info    : [ 40%] Meshing curve 401 (Line)
Info    : [ 40%] Meshing curve 402 (Line)
Info    : [ 40%] Meshing curve 403 (Line)
Info    : [ 40%] Meshing curve 404 (Line)
Info    : [ 40%] Meshing curve 405 (Line)
Info    : [ 40%] Meshing curve 406 (Line)
Info    : [ 40%] Meshing curve 407 (Line)
Info    : [ 40%] Meshing curve 408 (TrimmedCurve)
Info    : [ 40%] Meshing curve 409 (Line)
Info    : [ 40%] Meshing curve 410 (TrimmedCurve)
Info    : [ 40%] Meshing curve 411 (Line)
Info    : [ 40%] Meshing curve 412 (Line)
Info    : [ 40%] Meshing curve 413 (Line)
Info    : [ 40%] Meshing curve 414 (Line)
Info    : [ 40%] Meshing curve 415 (Line)
Info    : [ 40%] Meshing curve 416 (Line)
Info    : [ 40%] Meshing curve 417 (Line)
Info    : [ 40%] Meshing curve 418 (Line)
Info    : [ 40%] Meshing curve 419 (Line)
Info    : [ 40%] Meshing curve 420 (Line)
Info    : [ 40%] Meshing curve 421 (Line)
Info    : [ 40%] Meshing curve 422 (Line)
Info    : [ 40%] Meshing curve 423 (Line)
Info    : [ 40%] Meshing curve 424 (Line)
Info    : [ 40%] Meshing curve 425 (Line)
Info    : [ 40%] Meshing curve 426 (Line)
Info    : [ 40%] Meshing curve 427 (Line)
Info    : [ 40%] Meshing curve 428 (Line)
Info    : [ 40%] Meshing curve 429 (Line)
Info    : [ 50%] Meshing curve 430 (Line)
Info    : [ 50%] Meshing curve 431 (Line)
Info    : [ 50%] Meshing curve 432 (TrimmedCurve)
Info    : [ 50%] Meshing curve 433 (Line)
Info    : [ 50%] Meshing curve 434 (TrimmedCurve)
Info    : [ 50%] Meshing curve 435 (Line)
Info    : [ 50%] Meshing curve 436 (TrimmedCurve)
Info    : [ 50%] Meshing curve 437 (Line)
Info    : [ 50%] Meshing curve 438 (TrimmedCurve)
Info    : [ 50%] Meshing curve 439 (Line)
Info    : [ 50%] Meshing curve 440 (TrimmedCurve)
Info    : [ 50%] Meshing curve 441 (Line)
Info    : [ 50%] Meshing curve 442 (TrimmedCurve)
Info    : [ 50%] Meshing curve 443 (Line)
Info    : [ 50%] Meshing curve 444 (Line)
Info    : [ 50%] Meshing curve 445 (Line)
Info    : [ 50%] Meshing curve 446 (Line)
Info    : [ 50%] Meshing curve 447 (Line)
Info    : [ 50%] Meshing curve 448 (TrimmedCurve)
Info    : [ 50%] Meshing curve 449 (Line)
Info    : [ 50%] Meshing curve 450 (TrimmedCurve)
Info    : [ 50%] Meshing curve 451 (Line)
Info    : [ 50%] Meshing curve 452 (TrimmedCurve)
Info    : [ 50%] Meshing curve 453 (Line)
Info    : [ 50%] Meshing curve 454 (TrimmedCurve)
Info    : [ 50%] Meshing curve 455 (Line)
Info    : [ 50%] Meshing curve 456 (TrimmedCurve)
Info    : [ 50%] Meshing curve 457 (Line)
Info    : [ 50%] Meshing curve 458 (TrimmedCurve)
Info    : [ 50%] Meshing curve 459 (Line)
Info    : [ 50%] Meshing curve 460 (Line)
Info    : [ 50%] Meshing curve 461 (TrimmedCurve)
Info    : [ 50%] Meshing curve 462 (Line)
Info    : [ 60%] Meshing curve 463 (TrimmedCurve)
Info    : [ 60%] Meshing curve 464 (Line)
Info    : [ 60%] Meshing curve 465 (TrimmedCurve)
Info    : [ 60%] Meshing curve 466 (Line)
Info    : [ 60%] Meshing curve 467 (TrimmedCurve)
Info    : [ 60%] Meshing curve 468 (Line)
Info    : [ 60%] Meshing curve 469 (TrimmedCurve)
Info    : [ 60%] Meshing curve 470 (Line)
Info    : [ 60%] Meshing curve 471 (TrimmedCurve)
Info    : [ 60%] Meshing curve 472 (Line)
Info    : [ 60%] Meshing curve 473 (Line)
Info    : [ 60%] Meshing curve 474 (Line)
Info    : [ 60%] Meshing curve 475 (Line)
Info    : [ 60%] Meshing curve 476 (Line)
Info    : [ 60%] Meshing curve 477 (TrimmedCurve)
Info    : [ 60%] Meshing curve 478 (Line)
Info    : [ 60%] Meshing curve 479 (TrimmedCurve)
Info    : [ 60%] Meshing curve 480 (Line)
Info    : [ 60%] Meshing curve 481 (TrimmedCurve)
Info    : [ 60%] Meshing curve 482 (Line)
Info    : [ 60%] Meshing curve 483 (TrimmedCurve)
Info    : [ 60%] Meshing curve 484 (Line)
Info    : [ 60%] Meshing curve 485 (TrimmedCurve)
Info    : [ 60%] Meshing curve 486 (Line)
Info    : [ 60%] Meshing curve 487 (TrimmedCurve)
Info    : [ 60%] Meshing curve 488 (Line)
Info    : [ 60%] Meshing curve 489 (Line)
Info    : [ 60%] Meshing curve 490 (Line)
Info    : [ 60%] Meshing curve 491 (Line)
Info    : [ 60%] Meshing curve 492 (Line)
Info    : [ 60%] Meshing curve 493 (Line)
Info    : [ 60%] Meshing curve 494 (Line)
Info    : [ 70%] Meshing curve 495 (Line)
Info    : [ 70%] Meshing curve 496 (Line)
Info    : [ 70%] Meshing curve 497 (Line)
Info    : [ 70%] Meshing curve 498 (Line)
Info    : [ 70%] Meshing curve 499 (Line)
Info    : [ 70%] Meshing curve 500 (Line)
Info    : [ 70%] Meshing curve 501 (Line)
Info    : [ 70%] Meshing curve 502 (Line)
Info    : [ 70%] Meshing curve 503 (Line)
Info    : [ 70%] Meshing curve 504 (Line)
Info    : [ 70%] Meshing curve 505 (Line)
Info    : [ 70%] Meshing curve 506 (Line)
Info    : [ 70%] Meshing curve 507 (Line)
Info    : [ 70%] Meshing curve 508 (Line)
Info    : [ 70%] Meshing curve 509 (Line)
Info    : [ 70%] Meshing curve 510 (Line)
Info    : [ 70%] Meshing curve 511 (Line)
Info    : [ 70%] Meshing curve 512 (Line)
Info    : [ 70%] Meshing curve 513 (Line)
Info    : [ 70%] Meshing curve 514 (Line)
Info    : [ 70%] Meshing curve 515 (Line)
Info    : [ 70%] Meshing curve 516 (Line)
Info    : [ 70%] Meshing curve 517 (Line)
Info    : [ 70%] Meshing curve 518 (Line)
Info    : [ 70%] Meshing curve 519 (Line)
Info    : [ 70%] Meshing curve 520 (Line)
Info    : [ 70%] Meshing curve 521 (Line)
Info    : [ 70%] Meshing curve 522 (Line)
Info    : [ 70%] Meshing curve 523 (Line)
Info    : [ 70%] Meshing curve 524 (Line)
Info    : [ 70%] Meshing curve 525 (Line)
Info    : [ 70%] Meshing curve 526 (Line)
Info    : [ 70%] Meshing curve 527 (Line)
Info    : [ 80%] Meshing curve 528 (TrimmedCurve)
Info    : [ 80%] Meshing curve 529 (Line)
Info    : [ 80%] Meshing curve 530 (Line)
Info    : [ 80%] Meshing curve 531 (Line)
Info    : [ 80%] Meshing curve 532 (Line)
Info    : [ 80%] Meshing curve 533 (Line)
Info    : [ 80%] Meshing curve 534 (TrimmedCurve)
Info    : [ 80%] Meshing curve 535 (Line)
Info    : [ 80%] Meshing curve 536 (Line)
Info    : [ 80%] Meshing curve 537 (TrimmedCurve)
Info    : [ 80%] Meshing curve 538 (Line)
Info    : [ 80%] Meshing curve 539 (Line)
Info    : [ 80%] Meshing curve 540 (Line)
Info    : [ 80%] Meshing curve 541 (Line)
Info    : [ 80%] Meshing curve 542 (Line)
Info    : [ 80%] Meshing curve 543 (TrimmedCurve)
Info    : [ 80%] Meshing curve 544 (Line)
Info    : [ 80%] Meshing curve 545 (Line)
Info    : [ 80%] Meshing curve 546 (Line)
Info    : [ 80%] Meshing curve 547 (Line)
Info    : [ 80%] Meshing curve 548 (Line)
Info    : [ 80%] Meshing curve 549 (Line)
Info    : [ 80%] Meshing curve 550 (Line)
Info    : [ 80%] Meshing curve 551 (Line)
Info    : [ 80%] Meshing curve 552 (Line)
Info    : [ 80%] Meshing curve 553 (Line)
Info    : [ 80%] Meshing curve 554 (Line)
Info    : [ 80%] Meshing curve 555 (Line)
Info    : [ 80%] Meshing curve 556 (Line)
Info    : [ 80%] Meshing curve 557 (Line)
Info    : [ 80%] Meshing curve 558 (Line)
Info    : [ 80%] Meshing curve 559 (Line)
Info    : [ 90%] Meshing curve 560 (Line)
Info    : [ 90%] Meshing curve 561 (Line)
Info    : [ 90%] Meshing curve 562 (Line)
Info    : [ 90%] Meshing curve 563 (Line)
Info    : [ 90%] Meshing curve 564 (Line)
Info    : [ 90%] Meshing curve 565 (Line)
Info    : [ 90%] Meshing curve 566 (Line)
Info    : [ 90%] Meshing curve 567 (Line)
Info    : [ 90%] Meshing curve 568 (Line)
Info    : [ 90%] Meshing curve 569 (Line)
Info    : [ 90%] Meshing curve 570 (Line)
Info    : [ 90%] Meshing curve 571 (Line)
Info    : [ 90%] Meshing curve 572 (Line)
Info    : [ 90%] Meshing curve 573 (Line)
Info    : [ 90%] Meshing curve 574 (Line)
Info    : [ 90%] Meshing curve 575 (Line)
Info    : [ 90%] Meshing curve 576 (Line)
Info    : [ 90%] Meshing curve 577 (Line)
Info    : [ 90%] Meshing curve 578 (Line)
Info    : [ 90%] Meshing curve 579 (Line)
Info    : [ 90%] Meshing curve 580 (Line)
Info    : [ 90%] Meshing curve 581 (Line)
Info    : [ 90%] Meshing curve 582 (Line)
Info    : [ 90%] Meshing curve 583 (Line)
Info    : [ 90%] Meshing curve 584 (Line)
Info    : [ 90%] Meshing curve 585 (Line)
Info    : [ 90%] Meshing curve 586 (Line)
Info    : [ 90%] Meshing curve 587 (Line)
Info    : [ 90%] Meshing curve 588 (Line)
Info    : [ 90%] Meshing curve 589 (Line)
Info    : [ 90%] Meshing curve 590 (Line)
Info    : [ 90%] Meshing curve 591 (Line)
Info    : [ 90%] Meshing curve 592 (Line)
Info    : [100%] Meshing curve 593 (Line)
Info    : [100%] Meshing curve 594 (Line)
Info    : [100%] Meshing curve 595 (Line)
Info    : [100%] Meshing curve 596 (Line)
Info    : [100%] Meshing curve 597 (Line)
Info    : [100%] Meshing curve 598 (Line)
Info    : [100%] Meshing curve 599 (Line)
Info    : [100%] Meshing curve 600 (Line)
Info    : [100%] Meshing curve 601 (Line)
Info    : [100%] Meshing curve 602 (Line)
Info    : [100%] Meshing curve 603 (Line)
Info    : [100%] Meshing curve 604 (Line)
Info    : [100%] Meshing curve 605 (Line)
Info    : [100%] Meshing curve 606 (Line)
Info    : [100%] Meshing curve 607 (Line)
Info    : [100%] Meshing curve 608 (Line)
Info    : [100%] Meshing curve 609 (Line)
Info    : [100%] Meshing curve 610 (Line)
Info    : [100%] Meshing curve 611 (Line)
Info    : [100%] Meshing curve 612 (Line)
Info    : [100%] Meshing curve 613 (Line)
Info    : [100%] Meshing curve 614 (Line)
Info    : [100%] Meshing curve 615 (Line)
Info    : [100%] Meshing curve 616 (Line)
Info    : [100%] Meshing curve 617 (Line)
Info    : [100%] Meshing curve 618 (Line)
Info    : [100%] Meshing curve 619 (Line)
Info    : [100%] Meshing curve 620 (Line)
Info    : [100%] Meshing curve 621 (Line)
Info    : [100%] Meshing curve 622 (Line)
Info    : [100%] Meshing curve 623 (Line)
Info    : [100%] Meshing curve 624 (Line)
Info    : Done meshing 1D (Wall 1.31664s, CPU 1.30613s)
Info    : Meshing 2D...
Info    : [  0%] Meshing surface 35 (Plane, Delaunay)
Info    : [ 10%] Meshing surface 41 (Plane, Delaunay)
Info    : [ 10%] Meshing surface 43 (Plane, Delaunay)
Info    : [ 10%] Meshing surface 44 (Plane, Delaunay)
Info    : [ 10%] Meshing surface 45 (Plane, Delaunay)
Info    : [ 10%] Meshing surface 46 (Plane, Delaunay)
Info    : [ 10%] Meshing surface 47 (Plane, Delaunay)
Info    : [ 10%] Meshing surface 48 (Plane, Delaunay)
Info    : [ 10%] Meshing surface 49 (Plane, Delaunay)
Info    : [ 10%] Meshing surface 50 (Plane, Delaunay)
Info    : [ 10%] Meshing surface 51 (Plane, Delaunay)
Info    : [ 10%] Meshing surface 53 (Plane, Delaunay)
Info    : [ 10%] Meshing surface 54 (Plane, Delaunay)
Info    : [ 10%] Meshing surface 55 (Plane, Delaunay)
Info    : [ 10%] Meshing surface 56 (Plane, Delaunay)
Info    : [ 20%] Meshing surface 57 (Plane, Delaunay)
Info    : [ 20%] Meshing surface 58 (Plane, Delaunay)
Info    : [ 20%] Meshing surface 59 (Plane, Delaunay)
Info    : [ 20%] Meshing surface 60 (Plane, Delaunay)
Info    : [ 20%] Meshing surface 61 (Plane, Delaunay)
Info    : [ 20%] Meshing surface 62 (Plane, Delaunay)
Info    : [ 20%] Meshing surface 63 (Plane, Delaunay)
Info    : [ 20%] Meshing surface 64 (Plane, Delaunay)
Info    : [ 20%] Meshing surface 65 (Plane, Delaunay)
Info    : [ 20%] Meshing surface 66 (Plane, Delaunay)
Info    : [ 20%] Meshing surface 67 (Plane, Delaunay)
Info    : [ 20%] Meshing surface 68 (Plane, Delaunay)
Info    : [ 20%] Meshing surface 69 (Plane, Delaunay)
Info    : [ 20%] Meshing surface 70 (Plane, Delaunay)
Info    : [ 30%] Meshing surface 71 (Plane, Delaunay)
Info    : [ 30%] Meshing surface 72 (Plane, Delaunay)
Info    : [ 30%] Meshing surface 73 (Plane, Delaunay)
Info    : [ 30%] Meshing surface 74 (Plane, Delaunay)
Info    : [ 30%] Meshing surface 75 (Plane, Delaunay)
Info    : [ 30%] Meshing surface 76 (Plane, Delaunay)
Info    : [ 30%] Meshing surface 173 (Plane, Delaunay)
Info    : [ 30%] Meshing surface 174 (Plane, Delaunay)
Info    : [ 30%] Meshing surface 175 (Plane, Delaunay)
Info    : [ 30%] Meshing surface 177 (Plane, Delaunay)
Info    : [ 30%] Meshing surface 178 (Plane, Delaunay)
Info    : [ 30%] Meshing surface 179 (Plane, Delaunay)
Info    : [ 30%] Meshing surface 180 (Plane, Delaunay)
Info    : [ 30%] Meshing surface 181 (Plane, Delaunay)
Info    : [ 40%] Meshing surface 182 (Plane, Delaunay)
Info    : [ 40%] Meshing surface 183 (Plane, Delaunay)
Info    : [ 40%] Meshing surface 184 (Plane, Delaunay)
Info    : [ 40%] Meshing surface 185 (Plane, Delaunay)
Info    : [ 40%] Meshing surface 186 (Plane, Delaunay)
Info    : [ 40%] Meshing surface 187 (Plane, Delaunay)
Info    : [ 40%] Meshing surface 188 (Plane, Delaunay)
Info    : [ 40%] Meshing surface 189 (Plane, Delaunay)
Info    : [ 40%] Meshing surface 191 (Plane, Delaunay)
Info    : [ 40%] Meshing surface 192 (Plane, Delaunay)
Info    : [ 40%] Meshing surface 193 (Plane, Delaunay)
Info    : [ 40%] Meshing surface 194 (Plane, Delaunay)
Info    : [ 40%] Meshing surface 195 (Plane, Delaunay)
Info    : [ 40%] Meshing surface 196 (Plane, Delaunay)
Info    : [ 50%] Meshing surface 197 (Plane, Delaunay)
Info    : [ 50%] Meshing surface 198 (Plane, Delaunay)
Info    : [ 50%] Meshing surface 199 (Plane, Delaunay)
Info    : [ 50%] Meshing surface 200 (Plane, Delaunay)
Info    : [ 50%] Meshing surface 201 (Plane, Delaunay)
Info    : [ 50%] Meshing surface 202 (Plane, Delaunay)
Info    : [ 50%] Meshing surface 203 (Plane, Delaunay)
Info    : [ 50%] Meshing surface 204 (Plane, Delaunay)
Info    : [ 50%] Meshing surface 205 (Plane, Delaunay)
Info    : [ 50%] Meshing surface 206 (Plane, Delaunay)
Info    : [ 50%] Meshing surface 207 (Plane, Delaunay)
Info    : [ 50%] Meshing surface 208 (Plane, Delaunay)
Info    : [ 50%] Meshing surface 209 (Plane, Delaunay)
Info    : [ 50%] Meshing surface 210 (Plane, Delaunay)
Info    : [ 50%] Meshing surface 211 (Plane, Delaunay)
Info    : [ 60%] Meshing surface 212 (Plane, Delaunay)
Info    : [ 60%] Meshing surface 213 (Plane, Delaunay)
Info    : [ 60%] Meshing surface 214 (Plane, Delaunay)
Info    : [ 60%] Meshing surface 215 (Plane, Delaunay)
Info    : [ 60%] Meshing surface 216 (Plane, Delaunay)
Info    : [ 60%] Meshing surface 217 (Plane, Delaunay)
Info    : [ 60%] Meshing surface 218 (Plane, Delaunay)
Info    : [ 60%] Meshing surface 219 (Plane, Delaunay)
Info    : [ 60%] Meshing surface 220 (Plane, Delaunay)
Info    : [ 60%] Meshing surface 221 (Plane, Delaunay)
Info    : [ 60%] Meshing surface 222 (Plane, Delaunay)
Info    : [ 60%] Meshing surface 223 (Plane, Delaunay)
Info    : [ 60%] Meshing surface 225 (Plane, Delaunay)
Info    : [ 60%] Meshing surface 226 (Plane, Delaunay)
Info    : [ 70%] Meshing surface 227 (Plane, Delaunay)
Info    : [ 70%] Meshing surface 228 (Plane, Delaunay)
Info    : [ 70%] Meshing surface 229 (Plane, Delaunay)
Info    : [ 70%] Meshing surface 230 (Plane, Delaunay)
Info    : [ 70%] Meshing surface 231 (Plane, Delaunay)
Info    : [ 70%] Meshing surface 232 (Plane, Delaunay)
Info    : [ 70%] Meshing surface 233 (Plane, Delaunay)
Info    : [ 70%] Meshing surface 234 (Plane, Delaunay)
Info    : [ 70%] Meshing surface 235 (Plane, Delaunay)
Info    : [ 70%] Meshing surface 236 (Plane, Delaunay)
Info    : [ 70%] Meshing surface 237 (Plane, Delaunay)
Info    : [ 70%] Meshing surface 238 (Plane, Delaunay)
Info    : [ 70%] Meshing surface 239 (Plane, Delaunay)
Info    : [ 70%] Meshing surface 240 (Plane, Delaunay)
Info    : [ 80%] Meshing surface 241 (Plane, Delaunay)
Info    : [ 80%] Meshing surface 242 (Plane, Delaunay)
Info    : [ 80%] Meshing surface 243 (Plane, Delaunay)
Info    : [ 80%] Meshing surface 244 (Plane, Delaunay)
Info    : [ 80%] Meshing surface 245 (Plane, Delaunay)
Info    : [ 80%] Meshing surface 246 (Plane, Delaunay)
Info    : [ 80%] Meshing surface 247 (Plane, Delaunay)
Info    : [ 80%] Meshing surface 248 (Plane, Delaunay)
Info    : [ 80%] Meshing surface 249 (Plane, Delaunay)
Info    : [ 80%] Meshing surface 250 (Plane, Delaunay)
Info    : [ 80%] Meshing surface 251 (Plane, Delaunay)
Info    : [ 80%] Meshing surface 252 (Plane, Delaunay)
Info    : [ 80%] Meshing surface 253 (Plane, Delaunay)
Info    : [ 80%] Meshing surface 254 (Plane, Delaunay)
Info    : [ 90%] Meshing surface 255 (Plane, Delaunay)
Info    : [ 90%] Meshing surface 256 (Plane, Delaunay)
Info    : [ 90%] Meshing surface 257 (Plane, Delaunay)
Info    : [ 90%] Meshing surface 258 (Plane, Delaunay)
Info    : [ 90%] Meshing surface 259 (Plane, Delaunay)
Info    : [ 90%] Meshing surface 260 (Plane, Delaunay)
Info    : [ 90%] Meshing surface 261 (Plane, Delaunay)
Info    : [ 90%] Meshing surface 262 (Plane, Delaunay)
Info    : [ 90%] Meshing surface 263 (Plane, Delaunay)
Info    : [ 90%] Meshing surface 264 (Plane, Delaunay)
Info    : [ 90%] Meshing surface 265 (Plane, Delaunay)
Info    : [ 90%] Meshing surface 266 (Plane, Delaunay)
Info    : [ 90%] Meshing surface 267 (Plane, Delaunay)
Info    : [ 90%] Meshing surface 268 (Plane, Delaunay)
Info    : [100%] Meshing surface 269 (Plane, Delaunay)
Info    : [100%] Meshing surface 270 (Plane, Delaunay)
Info    : [100%] Meshing surface 271 (Plane, Delaunay)
Info    : [100%] Meshing surface 272 (Plane, Delaunay)
Info    : [100%] Meshing surface 273 (Plane, Delaunay)
Info    : [100%] Meshing surface 274 (Plane, Delaunay)
Info    : [100%] Meshing surface 275 (Plane, Delaunay)
Info    : [100%] Meshing surface 276 (Plane, Delaunay)
Info    : [100%] Meshing surface 277 (Plane, Delaunay)
Info    : [100%] Meshing surface 278 (Plane, Delaunay)
Info    : [100%] Meshing surface 279 (Plane, Delaunay)
Info    : [100%] Meshing surface 280 (Plane, Delaunay)
Info    : [100%] Meshing surface 281 (Plane, Delaunay)
Info    : [100%] Meshing surface 282 (Plane, Delaunay)
Info    : Done meshing 2D (Wall 0.373398s, CPU 0.369601s)
Info    : Meshing 3D...
Info    : 3D Meshing 16 volumes with 1 connected component
Info    : Tetrahedrizing 2864 nodes...
Info    : Done tetrahedrizing 2872 nodes (Wall 0.0307706s, CPU 0.030763s)
Info    : Reconstructing mesh...
Info    :  - Creating surface mesh
Info    :  - Identifying boundary edges
Info    :  - Recovering boundary
Info    :  - Added 15 Steiner points
Info    : Done reconstructing mesh (Wall 0.0807994s, CPU 0.080787s)
Info    : Found volume 27
Info    : Found volume 28
Info    : Found volume 23
Info    : Found volume 26
Info    : Found volume 12
Info    : Found volume 9
Info    : Found volume 30
Info    : Found volume 29
Info    : Found volume 6
Info    : Found volume 7
Info    : Found volume 24
Info    : Found volume 25
Info    : Found volume 8
Info    : Found volume 31
Info    : Found volume 11
Info    : Found volume 10
Info    : It. 0 - 0 nodes created - worst tet radius 15.763 (nodes removed 0 0)
Info    : It. 500 - 5 nodes created - worst tet radius 2.52385 (nodes removed 0 495)
Info    : It. 1000 - 84 nodes created - worst tet radius 1.28412 (nodes removed 0 916)
Info    : It. 1500 - 232 nodes created - worst tet radius 1.14465 (nodes removed 8 1260)
Info    : 3D refinement terminated (3170 nodes total):
Info    :  - 12 Delaunay cavities modified for star shapeness
Info    :  - 1345 nodes could not be inserted
Info    :  - 18683 tetrahedra created in 0.0650162 sec. (287359 tets/s)
Info    : 257 node relocations
Info    : Done meshing 3D (Wall 0.296562s, CPU 0.296494s)
Info    : Optimizing mesh...
Info    : Optimizing volume 6
Info    : Optimization starts (volume = 144) with worst = 0.125314 / average = 0.523794:
Info    : 0.00 < quality < 0.10 :         0 elements
Info    : 0.10 < quality < 0.20 :         2 elements
Info    : 0.20 < quality < 0.30 :        35 elements
Info    : 0.30 < quality < 0.40 :         8 elements
Info    : 0.40 < quality < 0.50 :        49 elements
Info    : 0.50 < quality < 0.60 :        34 elements
Info    : 0.60 < quality < 0.70 :         5 elements
Info    : 0.70 < quality < 0.80 :        29 elements
Info    : 0.80 < quality < 0.90 :        15 elements
Info    : 0.90 < quality < 1.00 :         2 elements
Info    : 2 edge swaps, 0 node relocations (volume = 144): worst = 0.125314 / average = 0.523497 (Wall 0.000187142s, CPU 0.000192s)
Info    : No ill-shaped tets in the mesh :-)
Info    : 0.00 < quality < 0.10 :         0 elements
Info    : 0.10 < quality < 0.20 :         2 elements
Info    : 0.20 < quality < 0.30 :        35 elements
Info    : 0.30 < quality < 0.40 :         8 elements
Info    : 0.40 < quality < 0.50 :        51 elements
Info    : 0.50 < quality < 0.60 :        32 elements
Info    : 0.60 < quality < 0.70 :         5 elements
Info    : 0.70 < quality < 0.80 :        29 elements
Info    : 0.80 < quality < 0.90 :        15 elements
Info    : 0.90 < quality < 1.00 :         2 elements
Info    : Optimizing volume 7
Info    : Optimization starts (volume = 144) with worst = 0.125314 / average = 0.528689:
Info    : 0.00 < quality < 0.10 :         0 elements
Info    : 0.10 < quality < 0.20 :         2 elements
Info    : 0.20 < quality < 0.30 :        35 elements
Info    : 0.30 < quality < 0.40 :         8 elements
Info    : 0.40 < quality < 0.50 :        45 elements
Info    : 0.50 < quality < 0.60 :        34 elements
Info    : 0.60 < quality < 0.70 :         4 elements
Info    : 0.70 < quality < 0.80 :        31 elements
Info    : 0.80 < quality < 0.90 :        16 elements
Info    : 0.90 < quality < 1.00 :         2 elements
Info    : 2 edge swaps, 0 node relocations (volume = 144): worst = 0.125314 / average = 0.528389 (Wall 0.000159955s, CPU 0.00016s)
Info    : No ill-shaped tets in the mesh :-)
Info    : 0.00 < quality < 0.10 :         0 elements
Info    : 0.10 < quality < 0.20 :         2 elements
Info    : 0.20 < quality < 0.30 :        35 elements
Info    : 0.30 < quality < 0.40 :         8 elements
Info    : 0.40 < quality < 0.50 :        47 elements
Info    : 0.50 < quality < 0.60 :        32 elements
Info    : 0.60 < quality < 0.70 :         4 elements
Info    : 0.70 < quality < 0.80 :        31 elements
Info    : 0.80 < quality < 0.90 :        16 elements
Info    : 0.90 < quality < 1.00 :         2 elements
Info    : Optimizing volume 8
Info    : Optimization starts (volume = 48.544) with worst = 0.177187 / average = 0.605117:
Info    : 0.00 < quality < 0.10 :         0 elements
Info    : 0.10 < quality < 0.20 :         4 elements
Info    : 0.20 < quality < 0.30 :         4 elements
Info    : 0.30 < quality < 0.40 :        12 elements
Info    : 0.40 < quality < 0.50 :        12 elements
Info    : 0.50 < quality < 0.60 :        18 elements
Info    : 0.60 < quality < 0.70 :        18 elements
Info    : 0.70 < quality < 0.80 :        16 elements
Info    : 0.80 < quality < 0.90 :        12 elements
Info    : 0.90 < quality < 1.00 :         8 elements
Info    : 2 edge swaps, 0 node relocations (volume = 48.544): worst = 0.177187 / average = 0.61544 (Wall 5.6798e-05s, CPU 5.7e-05s)
Info    : No ill-shaped tets in the mesh :-)
Info    : 0.00 < quality < 0.10 :         0 elements
Info    : 0.10 < quality < 0.20 :         2 elements
Info    : 0.20 < quality < 0.30 :         4 elements
Info    : 0.30 < quality < 0.40 :        12 elements
Info    : 0.40 < quality < 0.50 :        11 elements
Info    : 0.50 < quality < 0.60 :        19 elements
Info    : 0.60 < quality < 0.70 :        17 elements
Info    : 0.70 < quality < 0.80 :        17 elements
Info    : 0.80 < quality < 0.90 :        12 elements
Info    : 0.90 < quality < 1.00 :         8 elements
Info    : Optimizing volume 9
Info    : Optimization starts (volume = 2.268) with worst = 0.0280207 / average = 0.26468:
Info    : 0.00 < quality < 0.10 :         6 elements
Info    : 0.10 < quality < 0.20 :         0 elements
Info    : 0.20 < quality < 0.30 :         2 elements
Info    : 0.30 < quality < 0.40 :         7 elements
Info    : 0.40 < quality < 0.50 :         0 elements
Info    : 0.50 < quality < 0.60 :         0 elements
Info    : 0.60 < quality < 0.70 :         2 elements
Info    : 0.70 < quality < 0.80 :         0 elements
Info    : 0.80 < quality < 0.90 :         0 elements
Info    : 0.90 < quality < 1.00 :         0 elements
Info    : 4 edge swaps, 0 node relocations (volume = 2.268): worst = 0.0280207 / average = 0.310559 (Wall 8.6655e-05s, CPU 8.7e-05s)
Info    : No ill-shaped tets in the mesh :-)
Info    : 0.00 < quality < 0.10 :         4 elements
Info    : 0.10 < quality < 0.20 :         1 elements
Info    : 0.20 < quality < 0.30 :         4 elements
Info    : 0.30 < quality < 0.40 :         3 elements
Info    : 0.40 < quality < 0.50 :         1 elements
Info    : 0.50 < quality < 0.60 :         2 elements
Info    : 0.60 < quality < 0.70 :         2 elements
Info    : 0.70 < quality < 0.80 :         0 elements
Info    : 0.80 < quality < 0.90 :         0 elements
Info    : 0.90 < quality < 1.00 :         0 elements
Info    : Optimizing volume 10
Info    : Optimization starts (volume = 2.268) with worst = 0.266475 / average = 0.325093:
Info    : 0.00 < quality < 0.10 :         0 elements
Info    : 0.10 < quality < 0.20 :         0 elements
Info    : 0.20 < quality < 0.30 :         4 elements
Info    : 0.30 < quality < 0.40 :         8 elements
Info    : 0.40 < quality < 0.50 :         0 elements
Info    : 0.50 < quality < 0.60 :         0 elements
Info    : 0.60 < quality < 0.70 :         0 elements
Info    : 0.70 < quality < 0.80 :         0 elements
Info    : 0.80 < quality < 0.90 :         0 elements
Info    : 0.90 < quality < 1.00 :         0 elements
Info    : No ill-shaped tets in the mesh :-)
Info    : 0.00 < quality < 0.10 :         0 elements
Info    : 0.10 < quality < 0.20 :         0 elements
Info    : 0.20 < quality < 0.30 :         4 elements
Info    : 0.30 < quality < 0.40 :         8 elements
Info    : 0.40 < quality < 0.50 :         0 elements
Info    : 0.50 < quality < 0.60 :         0 elements
Info    : 0.60 < quality < 0.70 :         0 elements
Info    : 0.70 < quality < 0.80 :         0 elements
Info    : 0.80 < quality < 0.90 :         0 elements
Info    : 0.90 < quality < 1.00 :         0 elements
Info    : Optimizing volume 11
Info    : Optimization starts (volume = 2.268) with worst = 0.266475 / average = 0.325093:
Info    : 0.00 < quality < 0.10 :         0 elements
Info    : 0.10 < quality < 0.20 :         0 elements
Info    : 0.20 < quality < 0.30 :         4 elements
Info    : 0.30 < quality < 0.40 :         8 elements
Info    : 0.40 < quality < 0.50 :         0 elements
Info    : 0.50 < quality < 0.60 :         0 elements
Info    : 0.60 < quality < 0.70 :         0 elements
Info    : 0.70 < quality < 0.80 :         0 elements
Info    : 0.80 < quality < 0.90 :         0 elements
Info    : 0.90 < quality < 1.00 :         0 elements
Info    : No ill-shaped tets in the mesh :-)
Info    : 0.00 < quality < 0.10 :         0 elements
Info    : 0.10 < quality < 0.20 :         0 elements
Info    : 0.20 < quality < 0.30 :         4 elements
Info    : 0.30 < quality < 0.40 :         8 elements
Info    : 0.40 < quality < 0.50 :         0 elements
Info    : 0.50 < quality < 0.60 :         0 elements
Info    : 0.60 < quality < 0.70 :         0 elements
Info    : 0.70 < quality < 0.80 :         0 elements
Info    : 0.80 < quality < 0.90 :         0 elements
Info    : 0.90 < quality < 1.00 :         0 elements
Info    : Optimizing volume 12
Info    : Optimization starts (volume = 2.268) with worst = 0.0280207 / average = 0.26468:
Info    : 0.00 < quality < 0.10 :         6 elements
Info    : 0.10 < quality < 0.20 :         0 elements
Info    : 0.20 < quality < 0.30 :         2 elements
Info    : 0.30 < quality < 0.40 :         7 elements
Info    : 0.40 < quality < 0.50 :         0 elements
Info    : 0.50 < quality < 0.60 :         0 elements
Info    : 0.60 < quality < 0.70 :         2 elements
Info    : 0.70 < quality < 0.80 :         0 elements
Info    : 0.80 < quality < 0.90 :         0 elements
Info    : 0.90 < quality < 1.00 :         0 elements
Info    : 1 edge swaps, 0 node relocations (volume = 2.268): worst = 0.0280207 / average = 0.278119 (Wall 6.4353e-05s, CPU 6.4e-05s)
Info    : No ill-shaped tets in the mesh :-)
Info    : 0.00 < quality < 0.10 :         6 elements
Info    : 0.10 < quality < 0.20 :         0 elements
Info    : 0.20 < quality < 0.30 :         4 elements
Info    : 0.30 < quality < 0.40 :         4 elements
Info    : 0.40 < quality < 0.50 :         0 elements
Info    : 0.50 < quality < 0.60 :         2 elements
Info    : 0.60 < quality < 0.70 :         2 elements
Info    : 0.70 < quality < 0.80 :         0 elements
Info    : 0.80 < quality < 0.90 :         0 elements
Info    : 0.90 < quality < 1.00 :         0 elements
Info    : Optimizing volume 23
Info    : Optimization starts (volume = 2410.16) with worst = 0.00262954 / average = 0.180071:
Info    : 0.00 < quality < 0.10 :        39 elements
Info    : 0.10 < quality < 0.20 :      1388 elements
Info    : 0.20 < quality < 0.30 :        42 elements
Info    : 0.30 < quality < 0.40 :        11 elements
Info    : 0.40 < quality < 0.50 :         0 elements
Info    : 0.50 < quality < 0.60 :         0 elements
Info    : 0.60 < quality < 0.70 :         0 elements
Info    : 0.70 < quality < 0.80 :         0 elements
Info    : 0.80 < quality < 0.90 :         0 elements
Info    : 0.90 < quality < 1.00 :         0 elements
Info    : 109 edge swaps, 13 node relocations (volume = 2410.16): worst = 0.0134738 / average = 0.180942 (Wall 0.00617994s, CPU 0.006178s)
Info    : 117 edge swaps, 22 node relocations (volume = 2410.16): worst = 0.0134738 / average = 0.180942 (Wall 0.0145702s, CPU 0.014472s)
Info    : No ill-shaped tets in the mesh :-)
Info    : 0.00 < quality < 0.10 :        30 elements
Info    : 0.10 < quality < 0.20 :      1358 elements
Info    : 0.20 < quality < 0.30 :        42 elements
Info    : 0.30 < quality < 0.40 :        11 elements
Info    : 0.40 < quality < 0.50 :         0 elements
Info    : 0.50 < quality < 0.60 :         0 elements
Info    : 0.60 < quality < 0.70 :         0 elements
Info    : 0.70 < quality < 0.80 :         0 elements
Info    : 0.80 < quality < 0.90 :         0 elements
Info    : 0.90 < quality < 1.00 :         0 elements
Info    : Optimizing volume 24
Info    : Optimization starts (volume = 1820.06) with worst = 0.0555593 / average = 0.687765:
Info    : 0.00 < quality < 0.10 :         1 elements
Info    : 0.10 < quality < 0.20 :         1 elements
Info    : 0.20 < quality < 0.30 :         9 elements
Info    : 0.30 < quality < 0.40 :        62 elements
Info    : 0.40 < quality < 0.50 :        25 elements
Info    : 0.50 < quality < 0.60 :       205 elements
Info    : 0.60 < quality < 0.70 :       123 elements
Info    : 0.70 < quality < 0.80 :       240 elements
Info    : 0.80 < quality < 0.90 :       234 elements
Info    : 0.90 < quality < 1.00 :        64 elements
Info    : 2 edge swaps, 0 node relocations (volume = 1820.06): worst = 0.134301 / average = 0.688993 (Wall 0.000151521s, CPU 0.000153s)
Info    : No ill-shaped tets in the mesh :-)
Info    : 0.00 < quality < 0.10 :         0 elements
Info    : 0.10 < quality < 0.20 :         1 elements
Info    : 0.20 < quality < 0.30 :         8 elements
Info    : 0.30 < quality < 0.40 :        62 elements
Info    : 0.40 < quality < 0.50 :        25 elements
Info    : 0.50 < quality < 0.60 :       205 elements
Info    : 0.60 < quality < 0.70 :       123 elements
Info    : 0.70 < quality < 0.80 :       240 elements
Info    : 0.80 < quality < 0.90 :       233 elements
Info    : 0.90 < quality < 1.00 :        65 elements
Info    : Optimizing volume 25
Info    : Optimization starts (volume = 533.383) with worst = 0.0555593 / average = 0.655086:
Info    : 0.00 < quality < 0.10 :         2 elements
Info    : 0.10 < quality < 0.20 :         3 elements
Info    : 0.20 < quality < 0.30 :         6 elements
Info    : 0.30 < quality < 0.40 :        14 elements
Info    : 0.40 < quality < 0.50 :        18 elements
Info    : 0.50 < quality < 0.60 :        86 elements
Info    : 0.60 < quality < 0.70 :        28 elements
Info    : 0.70 < quality < 0.80 :        52 elements
Info    : 0.80 < quality < 0.90 :        62 elements
Info    : 0.90 < quality < 1.00 :        21 elements
Info    : 4 edge swaps, 0 node relocations (volume = 533.383): worst = 0.153937 / average = 0.663788 (Wall 0.000110893s, CPU 0.000111s)
Info    : No ill-shaped tets in the mesh :-)
Info    : 0.00 < quality < 0.10 :         0 elements
Info    : 0.10 < quality < 0.20 :         2 elements
Info    : 0.20 < quality < 0.30 :         5 elements
Info    : 0.30 < quality < 0.40 :        12 elements
Info    : 0.40 < quality < 0.50 :        18 elements
Info    : 0.50 < quality < 0.60 :        88 elements
Info    : 0.60 < quality < 0.70 :        28 elements
Info    : 0.70 < quality < 0.80 :        52 elements
Info    : 0.80 < quality < 0.90 :        61 elements
Info    : 0.90 < quality < 1.00 :        22 elements
Info    : Optimizing volume 26
Info    : Optimization starts (volume = 1.27452e+07) with worst = 0.0732688 / average = 0.643193:
Info    : 0.00 < quality < 0.10 :         4 elements
Info    : 0.10 < quality < 0.20 :         6 elements
Info    : 0.20 < quality < 0.30 :        22 elements
Info    : 0.30 < quality < 0.40 :        37 elements
Info    : 0.40 < quality < 0.50 :       112 elements
Info    : 0.50 < quality < 0.60 :       254 elements
Info    : 0.60 < quality < 0.70 :       244 elements
Info    : 0.70 < quality < 0.80 :       226 elements
Info    : 0.80 < quality < 0.90 :       123 elements
Info    : 0.90 < quality < 1.00 :        61 elements
Info    : 31 edge swaps, 0 node relocations (volume = 1.27452e+07): worst = 0.0999643 / average = 0.655202 (Wall 0.000350086s, CPU 0.00035s)
Info    : 33 edge swaps, 0 node relocations (volume = 1.27452e+07): worst = 0.301574 / average = 0.656358 (Wall 0.000434663s, CPU 0.000435s)
Info    : No ill-shaped tets in the mesh :-)
Info    : 0.00 < quality < 0.10 :         0 elements
Info    : 0.10 < quality < 0.20 :         0 elements
Info    : 0.20 < quality < 0.30 :         0 elements
Info    : 0.30 < quality < 0.40 :        32 elements
Info    : 0.40 < quality < 0.50 :       117 elements
Info    : 0.50 < quality < 0.60 :       255 elements
Info    : 0.60 < quality < 0.70 :       247 elements
Info    : 0.70 < quality < 0.80 :       227 elements
Info    : 0.80 < quality < 0.90 :       123 elements
Info    : 0.90 < quality < 1.00 :        61 elements
Info    : Optimizing volume 27
Info    : Optimization starts (volume = 25490.4) with worst = 0.000759752 / average = 0.0308077:
Info    : 0.00 < quality < 0.10 :      1228 elements
Info    : 0.10 < quality < 0.20 :        82 elements
Info    : 0.20 < quality < 0.30 :         1 elements
Info    : 0.30 < quality < 0.40 :         0 elements
Info    : 0.40 < quality < 0.50 :         0 elements
Info    : 0.50 < quality < 0.60 :         0 elements
Info    : 0.60 < quality < 0.70 :         0 elements
Info    : 0.70 < quality < 0.80 :         0 elements
Info    : 0.80 < quality < 0.90 :         0 elements
Info    : 0.90 < quality < 1.00 :         0 elements
Info    : 177 edge swaps, 0 node relocations (volume = 25490.4): worst = 0.000760528 / average = 0.0296048 (Wall 0.0062707s, CPU 0.006272s)
Info    : 185 edge swaps, 0 node relocations (volume = 25490.4): worst = 0.000760528 / average = 0.0296362 (Wall 0.0152598s, CPU 0.015254s)
Warning : 3 ill-shaped tets are still in the mesh
Info    : 0.00 < quality < 0.10 :      1174 elements
Info    : 0.10 < quality < 0.20 :        54 elements
Info    : 0.20 < quality < 0.30 :         1 elements
Info    : 0.30 < quality < 0.40 :         0 elements
Info    : 0.40 < quality < 0.50 :         0 elements
Info    : 0.50 < quality < 0.60 :         0 elements
Info    : 0.60 < quality < 0.70 :         0 elements
Info    : 0.70 < quality < 0.80 :         0 elements
Info    : 0.80 < quality < 0.90 :         0 elements
Info    : 0.90 < quality < 1.00 :         0 elements
Info    : Optimizing volume 28
Info    : Optimization starts (volume = 997319) with worst = 9.77746e-06 / average = 0.468608:
Info    : 0.00 < quality < 0.10 :       247 elements
Info    : 0.10 < quality < 0.20 :      1189 elements
Info    : 0.20 < quality < 0.30 :      1002 elements
Info    : 0.30 < quality < 0.40 :      1297 elements
Info    : 0.40 < quality < 0.50 :      1126 elements
Info    : 0.50 < quality < 0.60 :      1282 elements
Info    : 0.60 < quality < 0.70 :       957 elements
Info    : 0.70 < quality < 0.80 :       787 elements
Info    : 0.80 < quality < 0.90 :       610 elements
Info    : 0.90 < quality < 1.00 :       323 elements
Info    : 524 edge swaps, 40 node relocations (volume = 997319): worst = 9.77746e-06 / average = 0.484182 (Wall 0.0229416s, CPU 0.022938s)
Info    : 584 edge swaps, 63 node relocations (volume = 997319): worst = 0.0220291 / average = 0.48546 (Wall 0.0420333s, CPU 0.042028s)
Info    : 599 edge swaps, 69 node relocations (volume = 997319): worst = 0.0220291 / average = 0.485882 (Wall 0.0618419s, CPU 0.061835s)
Info    : No ill-shaped tets in the mesh :-)
Info    : 0.00 < quality < 0.10 :       100 elements
Info    : 0.10 < quality < 0.20 :      1048 elements
Info    : 0.20 < quality < 0.30 :       834 elements
Info    : 0.30 < quality < 0.40 :      1341 elements
Info    : 0.40 < quality < 0.50 :      1101 elements
Info    : 0.50 < quality < 0.60 :      1266 elements
Info    : 0.60 < quality < 0.70 :       984 elements
Info    : 0.70 < quality < 0.80 :       811 elements
Info    : 0.80 < quality < 0.90 :       608 elements
Info    : 0.90 < quality < 1.00 :       317 elements
Info    : Optimizing volume 29
Info    : Optimization starts (volume = 238972) with worst = 0.00238038 / average = 0.508107:
Info    : 0.00 < quality < 0.10 :        23 elements
Info    : 0.10 < quality < 0.20 :       116 elements
Info    : 0.20 < quality < 0.30 :       232 elements
Info    : 0.30 < quality < 0.40 :       224 elements
Info    : 0.40 < quality < 0.50 :       330 elements
Info    : 0.50 < quality < 0.60 :       388 elements
Info    : 0.60 < quality < 0.70 :       403 elements
Info    : 0.70 < quality < 0.80 :       256 elements
Info    : 0.80 < quality < 0.90 :        89 elements
Info    : 0.90 < quality < 1.00 :         3 elements
Info    : 106 edge swaps, 0 node relocations (volume = 238972): worst = 0.0660305 / average = 0.520884 (Wall 0.00272978s, CPU 0.002729s)
Info    : 112 edge swaps, 0 node relocations (volume = 238972): worst = 0.0660305 / average = 0.521006 (Wall 0.00526254s, CPU 0.005262s)
Info    : No ill-shaped tets in the mesh :-)
Info    : 0.00 < quality < 0.10 :         5 elements
Info    : 0.10 < quality < 0.20 :        82 elements
Info    : 0.20 < quality < 0.30 :       192 elements
Info    : 0.30 < quality < 0.40 :       234 elements
Info    : 0.40 < quality < 0.50 :       325 elements
Info    : 0.50 < quality < 0.60 :       380 elements
Info    : 0.60 < quality < 0.70 :       401 elements
Info    : 0.70 < quality < 0.80 :       257 elements
Info    : 0.80 < quality < 0.90 :        89 elements
Info    : 0.90 < quality < 1.00 :         3 elements
Info    : Optimizing volume 30
Info    : Optimization starts (volume = 1.14707e+07) with worst = 0.0419314 / average = 0.589692:
Info    : 0.00 < quality < 0.10 :         3 elements
Info    : 0.10 < quality < 0.20 :        10 elements
Info    : 0.20 < quality < 0.30 :        31 elements
Info    : 0.30 < quality < 0.40 :        85 elements
Info    : 0.40 < quality < 0.50 :       249 elements
Info    : 0.50 < quality < 0.60 :       272 elements
Info    : 0.60 < quality < 0.70 :       249 elements
Info    : 0.70 < quality < 0.80 :       170 elements
Info    : 0.80 < quality < 0.90 :       107 elements
Info    : 0.90 < quality < 1.00 :        35 elements
Info    : 39 edge swaps, 0 node relocations (volume = 1.14707e+07): worst = 0.253779 / average = 0.603414 (Wall 0.000636534s, CPU 0.000639s)
Info    : 40 edge swaps, 0 node relocations (volume = 1.14707e+07): worst = 0.253779 / average = 0.603791 (Wall 0.000752318s, CPU 0.000758s)
Info    : No ill-shaped tets in the mesh :-)
Info    : 0.00 < quality < 0.10 :         0 elements
Info    : 0.10 < quality < 0.20 :         0 elements
Info    : 0.20 < quality < 0.30 :         3 elements
Info    : 0.30 < quality < 0.40 :        88 elements
Info    : 0.40 < quality < 0.50 :       240 elements
Info    : 0.50 < quality < 0.60 :       278 elements
Info    : 0.60 < quality < 0.70 :       253 elements
Info    : 0.70 < quality < 0.80 :       173 elements
Info    : 0.80 < quality < 0.90 :       107 elements
Info    : 0.90 < quality < 1.00 :        35 elements
Info    : Optimizing volume 31
Info    : Optimization starts (volume = 3.66094e+07) with worst = 0.00484787 / average = 0.567053:
Info    : 0.00 < quality < 0.10 :        98 elements
Info    : 0.10 < quality < 0.20 :        22 elements
Info    : 0.20 < quality < 0.30 :        20 elements
Info    : 0.30 < quality < 0.40 :        59 elements
Info    : 0.40 < quality < 0.50 :        53 elements
Info    : 0.50 < quality < 0.60 :       143 elements
Info    : 0.60 < quality < 0.70 :       225 elements
Info    : 0.70 < quality < 0.80 :       205 elements
Info    : 0.80 < quality < 0.90 :        98 elements
Info    : 0.90 < quality < 1.00 :        11 elements
Info    : 26 edge swaps, 0 node relocations (volume = 3.66094e+07): worst = 0.00733942 / average = 0.574387 (Wall 0.00144154s, CPU 0.00144s)
Info    : No ill-shaped tets in the mesh :-)
Info    : 0.00 < quality < 0.10 :        90 elements
Info    : 0.10 < quality < 0.20 :        21 elements
Info    : 0.20 < quality < 0.30 :         9 elements
Info    : 0.30 < quality < 0.40 :        64 elements
Info    : 0.40 < quality < 0.50 :        56 elements
Info    : 0.50 < quality < 0.60 :       139 elements
Info    : 0.60 < quality < 0.70 :       225 elements
Info    : 0.70 < quality < 0.80 :       207 elements
Info    : 0.80 < quality < 0.90 :        94 elements
Info    : 0.90 < quality < 1.00 :        13 elements
Info    : Done optimizing mesh (Wall 0.126925s, CPU 0.126909s)
Info    : 3170 nodes 25327 elements
Warning : ------------------------------
Warning : Mesh generation error summary
Warning :     1 warning
Warning :     0 errors
Warning : Check the full log for details
Warning : ------------------------------
Info    : Writing '/foss/designs/inductor_synth/palace_model/inductor2_N2_do66.22_w4_s2.01_data/inductor2_N2_do66.22_w4_s2.01.msh'...
Info    : Done writing '/foss/designs/inductor_synth/palace_model/inductor2_N2_do66.22_w4_s2.01_data/inductor2_N2_do66.22_w4_s2.01.msh'
Info    : Clearing all models and views...
Info    : Done clearing all models and views
>> /usr/bin/mpirun -n 1 /foss/tools/bin/palace-x86_64.bin config.json

_____________     _______
_____   __   \____ __   /____ ____________
____   /_/  /  __ ` /  /  __ ` /  ___/  _ \
___   _____/  /_/  /  /  /_/  /  /__/  ___/
  /__/     \___,__/__/\___,__/\_____\_____/

Git changeset ID: v0.17.0-227-gc531cf3e
Running with 1 MPI process
Device configuration: cpu
Memory configuration: host-std
libCEED backend: /cpu/self/xsmm/blocked

Added 3184 boundary elements for material interfaces to the mesh

Characteristic length and time scales:
 Lc = 4.999e-04 m, tc = 1.667e-03 ns
Finished partitioning mesh into 1 subdomain

Mesh curvature order: 1
Mesh bounding box:
 (Xmin, Ymin, Zmin) = (-1.892e-04, -1.892e-04, -5.000e-05) m
 (Xmax, Ymax, Zmax) = (+1.892e-04, +1.892e-04, +4.499e-04) m

Parallel Mesh Stats:

                minimum     average     maximum       total
 vertices          3669        3669        3669        3669
 edges            22839       22839       22839       22839
 faces            36531       36531       36531       36531
 elements         17355       17355       17355       17355
 neighbors            0           0           0

            minimum     maximum
 h       0.00162356     0.22161
 kappa      1.06288     449.976

Estimated current per-rank memory usage is: Min. 42.5M, Max. 42.5M, Avg. 42.5M, Total 42.5M
Estimated current per-node memory usage is: Min. 42.5M, Max. 42.5M, Avg. 42.5M, Total 42.5M

Configuring Robin absorbing BC (order 2) at attributes:
 22

Configuring Robin finite conductivity BC at attributes:
 2: σ = 2.164e+07 S/m, h = 4.200e-07 m, n = (+0.0,+0.0,+1.0)
 3: σ = 2.164e+07 S/m, h = 4.200e-07 m, n = (+0.7,+0.7,+0.0)
 4: σ = 2.780e+07 S/m, h = 2.000e-06 m, n = (+0.0,+0.0,-1.0)
 5: σ = 2.780e+07 S/m, h = 2.000e-06 m, n = (+1.0,-0.1,+0.0)
 6: σ = 2.780e+07 S/m, h = 2.000e-06 m, n = (+0.0,+0.0,-1.0)
 7: σ = 2.780e+07 S/m, h = 2.000e-06 m, n = (+1.0,-0.1,+0.0)
 8: σ = 2.780e+07 S/m, h = 2.000e-06 m, n = (+0.0,+0.0,+1.0)
 9: σ = 2.780e+07 S/m, h = 2.000e-06 m, n = (+0.5,+0.9,+0.0)
 10: σ = 3.030e+07 S/m, h = 3.000e-06 m, n = (+0.0,+0.0,+1.0)
 11: σ = 3.030e+07 S/m, h = 3.000e-06 m, n = (-0.9,+0.4,+0.0)
 12: σ = 3.030e+07 S/m, h = 3.000e-06 m, n = (+0.0,+0.0,+1.0)
 13: σ = 3.030e+07 S/m, h = 3.000e-06 m, n = (+0.9,-0.3,+0.0)

Configuring Robin impedance BC for lumped ports at attributes:
 20: Rs = 3.018e+01 Ω/sq, n = (+0.0,+1.0,+0.0)
 21: Rs = 3.018e+01 Ω/sq, n = (+0.0,+1.0,+0.0)

Configuring lumped port circuit properties:
 Index = 1: R = 5.000e+01 Ω
 Index = 2: R = 5.000e+01 Ω

Configuring lumped port excitation source term at attributes:
 20: Index = 1
 21: Index = 2

[38;2;255;255;000m--> Warning![0m
Adaptive frequency sweep requires > 2 total frequency samples!
Reverting to uniform sweep!


Computing frequency response for:
Excitation 1/2 with index 1 has contributions from:
 Lumped port  1
Excitation 2/2 with index 2 has contributions from:
 Lumped port  2

Assembling system matrices, number of global unknowns:
 H1 (p = 2): 26508, ND (p = 2): 118740, RT (p = 2): 161658
 Operator assembly level: Partial
 Mesh geometries:
  Tetrahedron: P = 20, Q = 14 (quadrature order = 4)
 SuperLUSolver: Using 2D processor grid 1 x 1

Sweeping excitation index 1 (1/2):

Assembling multigrid hierarchy:
 Level 0 (p = 1): 22839 unknowns
 Level 1 (p = 2): 118740 unknowns
 Level 0 (auxiliary) (p = 1): 3669 unknowns
 Level 1 (auxiliary) (p = 2): 26508 unknowns

It 1/2: ω/2π = 1.000e-01 GHz (total elapsed time = 6.34e+00 s, solve 1/4)

  Residual norms for GMRES solve

** Memory Usage **********************************
** Total highmark (MB):
    Sum-of-all :   121.28 | Avg :   121.28  | Max :   121.28
    Max at rank 0, different stages (MB):
	. symbfact           10.22
	. distribution      121.28
	. numfact            99.46
** NUMfact space (MB): (sum-of-all-processes)
    L\U :           55.90 |  Total :    99.46
	. max at rank 0, max L+U memory (MB):    55.90
	. max at rank 0, peak buffer (MB):       43.56
**************************************************

** number of Tiny Pivots:        0

  0 (restart 0) KSP residual norm 2.155075e+01
  1 (restart 0) KSP residual norm 2.510216e+00
  2 (restart 0) KSP residual norm 7.356769e-01
  3 (restart 0) KSP residual norm 4.863810e-01
  4 (restart 0) KSP residual norm 2.805944e-01
  5 (restart 0) KSP residual norm 2.063466e-01
  6 (restart 0) KSP residual norm 1.034653e-01
  7 (restart 0) KSP residual norm 7.864497e-02
  8 (restart 0) KSP residual norm 4.416870e-02
  9 (restart 0) KSP residual norm 3.153704e-02
 10 (restart 0) KSP residual norm 2.342695e-02
 11 (restart 0) KSP residual norm 1.816603e-02
 12 (restart 0) KSP residual norm 1.317652e-02
 13 (restart 0) KSP residual norm 1.013654e-02
 14 (restart 0) KSP residual norm 7.277450e-03
 15 (restart 0) KSP residual norm 4.853118e-03
 16 (restart 0) KSP residual norm 3.490973e-03
 17 (restart 0) KSP residual norm 2.486241e-03
 18 (restart 0) KSP residual norm 1.866796e-03
 19 (restart 0) KSP residual norm 1.276017e-03
 20 (restart 0) KSP residual norm 9.166251e-04
 21 (restart 0) KSP residual norm 6.820413e-04
 22 (restart 0) KSP residual norm 5.216797e-04
 23 (restart 0) KSP residual norm 3.918738e-04
 24 (restart 0) KSP residual norm 3.110329e-04
 25 (restart 0) KSP residual norm 2.409762e-04
 26 (restart 0) KSP residual norm 1.959197e-04
 27 (restart 0) KSP residual norm 1.593606e-04
 28 (restart 0) KSP residual norm 1.338641e-04
 29 (restart 0) KSP residual norm 1.087820e-04
 30 (restart 0) KSP residual norm 8.679941e-05
 31 (restart 0) KSP residual norm 6.868805e-05
 32 (restart 0) KSP residual norm 5.522654e-05
 33 (restart 0) KSP residual norm 4.322946e-05
 34 (restart 0) KSP residual norm 3.422320e-05
 35 (restart 0) KSP residual norm 2.719630e-05
 36 (restart 0) KSP residual norm 2.236730e-05
 37 (restart 0) KSP residual norm 1.816928e-05
GMRES solver converged in 37 iterations (avg. reduction factor: 6.852e-01)
 Sol. ||E|| = 2.239972e+01 (||RHS|| = 2.768948e-03)
 Field energy E (6.329e-13 J) + H (3.966e-12 J) = 4.599e-12 J
 S[1][1] = +5.382e-02+2.243e-03i, |S[1][1]| = -2.537e+01, arg(S[1][1]) = +2.386e+00
 S[2][1] = +9.462e-01-3.028e-03i, |S[2][1]| = -4.807e-01, arg(S[2][1]) = -1.834e-01
 Updating solution error estimates

It 2/2: ω/2π = 2.000e+01 GHz (total elapsed time = 7.49e+01 s, solve 2/4)

  Residual norms for GMRES solve

** Memory Usage **********************************
** Total highmark (MB):
    Sum-of-all :   102.69 | Avg :   102.69  | Max :   102.69
    Max at rank 0, different stages (MB):
	. symbfact            0.00
	. distribution      102.69
	. numfact            99.46
** NUMfact space (MB): (sum-of-all-processes)
    L\U :           55.90 |  Total :    99.46
	. max at rank 0, max L+U memory (MB):    55.90
	. max at rank 0, peak buffer (MB):       43.56
**************************************************

** number of Tiny Pivots:        0

  0 (restart 0) KSP residual norm 2.037037e+01
  1 (restart 0) KSP residual norm 9.438916e+00
  2 (restart 0) KSP residual norm 1.910549e+00
  3 (restart 0) KSP residual norm 5.000403e-01
  4 (restart 0) KSP residual norm 2.633451e-01
  5 (restart 0) KSP residual norm 1.930278e-01
  6 (restart 0) KSP residual norm 8.320262e-02
  7 (restart 0) KSP residual norm 4.711312e-02
  8 (restart 0) KSP residual norm 3.358872e-02
  9 (restart 0) KSP residual norm 2.094641e-02
 10 (restart 0) KSP residual norm 1.554096e-02
 11 (restart 0) KSP residual norm 1.188887e-02
 12 (restart 0) KSP residual norm 8.418268e-03
 13 (restart 0) KSP residual norm 6.021160e-03
 14 (restart 0) KSP residual norm 4.209600e-03
 15 (restart 0) KSP residual norm 2.759124e-03
 16 (restart 0) KSP residual norm 2.006324e-03
 17 (restart 0) KSP residual norm 1.433355e-03
 18 (restart 0) KSP residual norm 1.158135e-03
 19 (restart 0) KSP residual norm 8.713892e-04
 20 (restart 0) KSP residual norm 7.052273e-04
 21 (restart 0) KSP residual norm 5.574014e-04
 22 (restart 0) KSP residual norm 4.451893e-04
 23 (restart 0) KSP residual norm 3.609001e-04
 24 (restart 0) KSP residual norm 2.870134e-04
 25 (restart 0) KSP residual norm 2.320830e-04
 26 (restart 0) KSP residual norm 1.859271e-04
 27 (restart 0) KSP residual norm 1.508705e-04
 28 (restart 0) KSP residual norm 1.253842e-04
 29 (restart 0) KSP residual norm 1.043173e-04
 30 (restart 0) KSP residual norm 8.396096e-05
 31 (restart 0) KSP residual norm 6.880831e-05
 32 (restart 0) KSP residual norm 5.765849e-05
 33 (restart 0) KSP residual norm 4.898041e-05
 34 (restart 0) KSP residual norm 4.187869e-05
 35 (restart 0) KSP residual norm 3.598253e-05
 36 (restart 0) KSP residual norm 3.055776e-05
 37 (restart 0) KSP residual norm 2.597468e-05
 38 (restart 0) KSP residual norm 2.166897e-05
 39 (restart 0) KSP residual norm 1.813736e-05
GMRES solver converged in 39 iterations (avg. reduction factor: 6.996e-01)
 Sol. ||E|| = 2.319502e+01 (||RHS|| = 5.537897e-01)
 Field energy E (6.500e-13 J) + H (3.107e-12 J) = 3.757e-12 J
 S[1][1] = +2.733e-01+3.302e-01i, |S[1][1]| = -7.359e+00, arg(S[1][1]) = +5.038e+01
 S[2][1] = +7.142e-01-4.345e-01i, |S[2][1]| = -1.556e+00, arg(S[2][1]) = -3.132e+01
 Updating solution error estimates

Sweeping excitation index 2 (2/2):

It 1/2: ω/2π = 1.000e-01 GHz (total elapsed time = 1.48e+02 s, solve 3/4)

  Residual norms for GMRES solve

** Memory Usage **********************************
** Total highmark (MB):
    Sum-of-all :   102.69 | Avg :   102.69  | Max :   102.69
    Max at rank 0, different stages (MB):
	. symbfact            0.00
	. distribution      102.69
	. numfact            99.46
** NUMfact space (MB): (sum-of-all-processes)
    L\U :           55.90 |  Total :    99.46
	. max at rank 0, max L+U memory (MB):    55.90
	. max at rank 0, peak buffer (MB):       43.56
**************************************************

** number of Tiny Pivots:        0

  0 (restart 0) KSP residual norm 2.119917e+01
  1 (restart 0) KSP residual norm 2.461913e+00
  2 (restart 0) KSP residual norm 7.190740e-01
  3 (restart 0) KSP residual norm 4.724594e-01
  4 (restart 0) KSP residual norm 2.744256e-01
  5 (restart 0) KSP residual norm 2.005137e-01
  6 (restart 0) KSP residual norm 1.014494e-01
  7 (restart 0) KSP residual norm 7.726325e-02
  8 (restart 0) KSP residual norm 4.301477e-02
  9 (restart 0) KSP residual norm 3.068811e-02
 10 (restart 0) KSP residual norm 2.277345e-02
 11 (restart 0) KSP residual norm 1.758245e-02
 12 (restart 0) KSP residual norm 1.271180e-02
 13 (restart 0) KSP residual norm 9.774100e-03
 14 (restart 0) KSP residual norm 6.997290e-03
 15 (restart 0) KSP residual norm 4.674813e-03
 16 (restart 0) KSP residual norm 3.364991e-03
 17 (restart 0) KSP residual norm 2.404145e-03
 18 (restart 0) KSP residual norm 1.809423e-03
 19 (restart 0) KSP residual norm 1.241230e-03
 20 (restart 0) KSP residual norm 8.872688e-04
 21 (restart 0) KSP residual norm 6.606653e-04
 22 (restart 0) KSP residual norm 5.060239e-04
 23 (restart 0) KSP residual norm 3.798058e-04
 24 (restart 0) KSP residual norm 3.016045e-04
 25 (restart 0) KSP residual norm 2.352718e-04
 26 (restart 0) KSP residual norm 1.919504e-04
 27 (restart 0) KSP residual norm 1.565072e-04
 28 (restart 0) KSP residual norm 1.314156e-04
 29 (restart 0) KSP residual norm 1.066242e-04
 30 (restart 0) KSP residual norm 8.499472e-05
 31 (restart 0) KSP residual norm 6.707194e-05
 32 (restart 0) KSP residual norm 5.394510e-05
 33 (restart 0) KSP residual norm 4.211183e-05
 34 (restart 0) KSP residual norm 3.337955e-05
 35 (restart 0) KSP residual norm 2.656972e-05
 36 (restart 0) KSP residual norm 2.187304e-05
 37 (restart 0) KSP residual norm 1.780012e-05
GMRES solver converged in 37 iterations (avg. reduction factor: 6.852e-01)
 Sol. ||E|| = 2.201286e+01 (||RHS|| = 2.768948e-03)
 Field energy E (6.099e-13 J) + H (3.966e-12 J) = 4.576e-12 J
 S[1][2] = +9.462e-01-3.028e-03i, |S[1][2]| = -4.807e-01, arg(S[1][2]) = -1.834e-01
 S[2][2] = +5.382e-02+2.257e-03i, |S[2][2]| = -2.537e+01, arg(S[2][2]) = +2.402e+00
 Updating solution error estimates

It 2/2: ω/2π = 2.000e+01 GHz (total elapsed time = 2.16e+02 s, solve 4/4)

  Residual norms for GMRES solve

** Memory Usage **********************************
** Total highmark (MB):
    Sum-of-all :   102.69 | Avg :   102.69  | Max :   102.69
    Max at rank 0, different stages (MB):
	. symbfact            0.00
	. distribution      102.69
	. numfact            99.46
** NUMfact space (MB): (sum-of-all-processes)
    L\U :           55.90 |  Total :    99.46
	. max at rank 0, max L+U memory (MB):    55.90
	. max at rank 0, peak buffer (MB):       43.56
**************************************************

** number of Tiny Pivots:        0

  0 (restart 0) KSP residual norm 2.035503e+01
  1 (restart 0) KSP residual norm 9.389110e+00
  2 (restart 0) KSP residual norm 1.924002e+00
  3 (restart 0) KSP residual norm 5.295077e-01
  4 (restart 0) KSP residual norm 3.423841e-01
  5 (restart 0) KSP residual norm 2.045202e-01
  6 (restart 0) KSP residual norm 8.480968e-02
  7 (restart 0) KSP residual norm 4.429411e-02
  8 (restart 0) KSP residual norm 3.132082e-02
  9 (restart 0) KSP residual norm 2.005179e-02
 10 (restart 0) KSP residual norm 1.389173e-02
 11 (restart 0) KSP residual norm 1.052271e-02
 12 (restart 0) KSP residual norm 7.532715e-03
 13 (restart 0) KSP residual norm 5.388747e-03
 14 (restart 0) KSP residual norm 3.771041e-03
 15 (restart 0) KSP residual norm 2.552396e-03
 16 (restart 0) KSP residual norm 1.888153e-03
 17 (restart 0) KSP residual norm 1.390232e-03
 18 (restart 0) KSP residual norm 1.113029e-03
 19 (restart 0) KSP residual norm 8.416719e-04
 20 (restart 0) KSP residual norm 6.849000e-04
 21 (restart 0) KSP residual norm 5.494557e-04
 22 (restart 0) KSP residual norm 4.495262e-04
 23 (restart 0) KSP residual norm 3.598971e-04
 24 (restart 0) KSP residual norm 2.882010e-04
 25 (restart 0) KSP residual norm 2.366795e-04
 26 (restart 0) KSP residual norm 1.910572e-04
 27 (restart 0) KSP residual norm 1.596923e-04
 28 (restart 0) KSP residual norm 1.293359e-04
 29 (restart 0) KSP residual norm 1.051823e-04
 30 (restart 0) KSP residual norm 8.541569e-05
 31 (restart 0) KSP residual norm 6.978389e-05
 32 (restart 0) KSP residual norm 5.789530e-05
 33 (restart 0) KSP residual norm 4.900917e-05
 34 (restart 0) KSP residual norm 4.167072e-05
 35 (restart 0) KSP residual norm 3.593977e-05
 36 (restart 0) KSP residual norm 3.049001e-05
 37 (restart 0) KSP residual norm 2.616106e-05
 38 (restart 0) KSP residual norm 2.178914e-05
 39 (restart 0) KSP residual norm 1.834894e-05
GMRES solver converged in 39 iterations (avg. reduction factor: 6.998e-01)
 Sol. ||E|| = 2.312474e+01 (||RHS|| = 5.537897e-01)
 Field energy E (6.432e-13 J) + H (3.106e-12 J) = 3.749e-12 J
 S[1][2] = +7.142e-01-4.345e-01i, |S[1][2]| = -1.556e+00, arg(S[1][2]) = -3.132e+01
 S[2][2] = +2.755e-01+3.308e-01i, |S[2][2]| = -7.320e+00, arg(S[2][2]) = +5.021e+01
 Updating solution error estimates

Completed 0 iterations of adaptive mesh refinement (AMR):
 Indicator norm = 1.581e-01, global unknowns = 118740
 Max. iterations = 0, tol. = 1.000e-02, max. size = 2000000

Estimated peak per-rank memory usage is: Min. 910.8M, Max. 910.8M, Avg. 910.8M, Total 910.8M
Estimated peak per-node memory usage is: Min. 910.8M, Max. 910.8M, Avg. 910.8M, Total 910.8M

Elapsed Time Report (s)           Min.        Max.        Avg.
==============================================================
Initialization                   0.044       0.044       0.044
  Mesh Preprocessing             0.172       0.172       0.172
Operator Construction            0.449       0.449       0.449
Linear Solve                    12.078      12.078      12.078
  Setup                         25.553      25.553      25.553
  Preconditioner               135.038     135.038     135.038
  Coarse Solve                   3.036       3.036       3.036
Estimation                       0.664       0.664       0.664
  Construction                   2.473       2.473       2.473
  Solve                        101.514     101.514     101.514
Postprocessing                   2.141       2.141       2.141
Disk IO                          0.223       0.223       0.223
--------------------------------------------------------------
Total                          283.721     283.721     283.721

Peak Memory                   Per-Node       Total   Total HWM
==============================================================
Initialization                    1.6M        1.6M        1.6M
  Mesh Preprocessing             10.4M       10.4M       12.0M
Operator Construction            56.2M       56.2M       68.2M
Linear Solve                     63.1M       63.1M      131.3M
  Setup                         253.1M      253.1M      384.4M
  Preconditioner                 69.2M       69.2M      453.6M
  Coarse Solve                  128.6M      128.6M      582.2M
Estimation                       56.8M       56.8M      638.9M
  Construction                  121.5M      121.5M      760.5M
  Solve                          60.2M       60.2M      820.7M
Postprocessing                   58.9M       58.9M      879.6M
Disk IO                           7.4M        7.4M      887.0M
--------------------------------------------------------------
Total                           901.1M      901.1M      901.1M

>> /usr/bin/mpirun -n 1 /foss/tools/bin/palace-x86_64.bin config.json

_____________     _______
_____   __   \____ __   /____ ____________
____   /_/  /  __ ` /  /  __ ` /  ___/  _ \
___   _____/  /_/  /  /  /_/  /  /__/  ___/
  /__/     \___,__/__/\___,__/\_____\_____/

Git changeset ID: v0.17.0-227-gc531cf3e
Running with 1 MPI process
Device configuration: cpu
Memory configuration: host-std
libCEED backend: /cpu/self/xsmm/blocked

Added 2636 boundary elements for material interfaces to the mesh

Characteristic length and time scales:
 Lc = 4.999e-04 m, tc = 1.667e-03 ns
Finished partitioning mesh into 1 subdomain

Mesh curvature order: 1
Mesh bounding box:
 (Xmin, Ymin, Zmin) = (-1.762e-04, -1.762e-04, -5.000e-05) m
 (Xmax, Ymax, Zmax) = (+1.762e-04, +1.762e-04, +4.499e-04) m

Parallel Mesh Stats:

                minimum     average     maximum       total
 vertices          3160        3160        3160        3160
 edges            19618       19618       19618       19618
 faces            31346       31346       31346       31346
 elements         14882       14882       14882       14882
 neighbors            0           0           0

            minimum     maximum
 h       0.00162356    0.211331
 kappa      1.14512     388.889

Estimated current per-rank memory usage is: Min. 40.8M, Max. 40.8M, Avg. 40.8M, Total 40.8M
Estimated current per-node memory usage is: Min. 40.8M, Max. 40.8M, Avg. 40.8M, Total 40.8M

Configuring Robin absorbing BC (order 2) at attributes:
 22

Configuring Robin finite conductivity BC at attributes:
 2: σ = 2.164e+07 S/m, h = 4.200e-07 m, n = (+0.0,+0.0,+1.0)
 3: σ = 2.164e+07 S/m, h = 4.200e-07 m, n = (+0.7,+0.7,+0.0)
 4: σ = 2.780e+07 S/m, h = 2.000e-06 m, n = (+0.0,+0.0,-1.0)
 5: σ = 2.780e+07 S/m, h = 2.000e-06 m, n = (+1.0,-0.1,+0.0)
 6: σ = 2.780e+07 S/m, h = 2.000e-06 m, n = (+0.0,+0.0,-1.0)
 7: σ = 2.780e+07 S/m, h = 2.000e-06 m, n = (+1.0,-0.1,+0.0)
 8: σ = 2.780e+07 S/m, h = 2.000e-06 m, n = (-0.0,+0.0,+1.0)
 9: σ = 2.780e+07 S/m, h = 2.000e-06 m, n = (+0.6,+0.8,+0.0)
 10: σ = 3.030e+07 S/m, h = 3.000e-06 m, n = (+0.0,+0.0,+1.0)
 11: σ = 3.030e+07 S/m, h = 3.000e-06 m, n = (-0.9,+0.4,+0.0)
 12: σ = 3.030e+07 S/m, h = 3.000e-06 m, n = (+0.0,+0.0,+1.0)
 13: σ = 3.030e+07 S/m, h = 3.000e-06 m, n = (+0.9,-0.4,+0.0)

Configuring Robin impedance BC for lumped ports at attributes:
 20: Rs = 2.012e+01 Ω/sq, n = (+0.0,+1.0,+0.0)
 21: Rs = 2.012e+01 Ω/sq, n = (+0.0,+1.0,+0.0)

Configuring lumped port circuit properties:
 Index = 1: R = 5.000e+01 Ω
 Index = 2: R = 5.000e+01 Ω

Configuring lumped port excitation source term at attributes:
 20: Index = 1
 21: Index = 2

[38;2;255;255;000m--> Warning![0m
Adaptive frequency sweep requires > 2 total frequency samples!
Reverting to uniform sweep!


Computing frequency response for:
Excitation 1/2 with index 1 has contributions from:
 Lumped port  1
Excitation 2/2 with index 2 has contributions from:
 Lumped port  2

Assembling system matrices, number of global unknowns:
 H1 (p = 2): 22778, ND (p = 2): 101928, RT (p = 2): 138684
 Operator assembly level: Partial
 Mesh geometries:
  Tetrahedron: P = 20, Q = 14 (quadrature order = 4)
 SuperLUSolver: Using 2D processor grid 1 x 1

Sweeping excitation index 1 (1/2):

Assembling multigrid hierarchy:
 Level 0 (p = 1): 19618 unknowns
 Level 1 (p = 2): 101928 unknowns
 Level 0 (auxiliary) (p = 1): 3160 unknowns
 Level 1 (auxiliary) (p = 2): 22778 unknowns

It 1/2: ω/2π = 1.000e-01 GHz (total elapsed time = 6.76e+00 s, solve 1/4)

  Residual norms for GMRES solve

** Memory Usage **********************************
** Total highmark (MB):
    Sum-of-all :   102.96 | Avg :   102.96  | Max :   102.96
    Max at rank 0, different stages (MB):
	. symbfact            9.28
	. distribution      102.96
	. numfact            84.28
** NUMfact space (MB): (sum-of-all-processes)
    L\U :           45.94 |  Total :    84.28
	. max at rank 0, max L+U memory (MB):    45.94
	. max at rank 0, peak buffer (MB):       38.34
**************************************************

** number of Tiny Pivots:        0

  0 (restart 0) KSP residual norm 2.066278e+01
  1 (restart 0) KSP residual norm 2.440795e+00
  2 (restart 0) KSP residual norm 6.425340e-01
  3 (restart 0) KSP residual norm 4.661886e-01
  4 (restart 0) KSP residual norm 2.330264e-01
  5 (restart 0) KSP residual norm 1.863167e-01
  6 (restart 0) KSP residual norm 9.230644e-02
  7 (restart 0) KSP residual norm 6.284426e-02
  8 (restart 0) KSP residual norm 3.728241e-02
  9 (restart 0) KSP residual norm 2.169182e-02
 10 (restart 0) KSP residual norm 1.672182e-02
 11 (restart 0) KSP residual norm 1.061777e-02
 12 (restart 0) KSP residual norm 8.479881e-03
 13 (restart 0) KSP residual norm 5.479102e-03
 14 (restart 0) KSP residual norm 4.267927e-03
 15 (restart 0) KSP residual norm 2.916073e-03
 16 (restart 0) KSP residual norm 2.249964e-03
 17 (restart 0) KSP residual norm 1.570509e-03
 18 (restart 0) KSP residual norm 1.251463e-03
 19 (restart 0) KSP residual norm 8.960271e-04
 20 (restart 0) KSP residual norm 6.873789e-04
 21 (restart 0) KSP residual norm 5.145212e-04
 22 (restart 0) KSP residual norm 3.913483e-04
 23 (restart 0) KSP residual norm 3.007529e-04
 24 (restart 0) KSP residual norm 2.345295e-04
 25 (restart 0) KSP residual norm 1.807106e-04
 26 (restart 0) KSP residual norm 1.436437e-04
 27 (restart 0) KSP residual norm 1.129045e-04
 28 (restart 0) KSP residual norm 8.873813e-05
 29 (restart 0) KSP residual norm 7.205021e-05
 30 (restart 0) KSP residual norm 5.713893e-05
 31 (restart 0) KSP residual norm 4.533103e-05
 32 (restart 0) KSP residual norm 3.591697e-05
 33 (restart 0) KSP residual norm 2.873911e-05
 34 (restart 0) KSP residual norm 2.315414e-05
 35 (restart 0) KSP residual norm 1.830976e-05
GMRES solver converged in 35 iterations (avg. reduction factor: 6.715e-01)
 Sol. ||E|| = 2.160945e+01 (||RHS|| = 2.768948e-03)
 Field energy E (5.130e-13 J) + H (3.940e-12 J) = 4.453e-12 J
 S[1][1] = +5.485e-02+2.318e-03i, |S[1][1]| = -2.521e+01, arg(S[1][1]) = +2.420e+00
 S[2][1] = +9.451e-01-2.954e-03i, |S[2][1]| = -4.901e-01, arg(S[2][1]) = -1.791e-01
 Updating solution error estimates

It 2/2: ω/2π = 2.000e+01 GHz (total elapsed time = 5.89e+01 s, solve 2/4)

  Residual norms for GMRES solve

** Memory Usage **********************************
** Total highmark (MB):
    Sum-of-all :    86.13 | Avg :    86.13  | Max :    86.13
    Max at rank 0, different stages (MB):
	. symbfact            0.00
	. distribution       86.13
	. numfact            84.28
** NUMfact space (MB): (sum-of-all-processes)
    L\U :           45.94 |  Total :    84.28
	. max at rank 0, max L+U memory (MB):    45.94
	. max at rank 0, peak buffer (MB):       38.34
**************************************************

** number of Tiny Pivots:        0

  0 (restart 0) KSP residual norm 2.018287e+01
  1 (restart 0) KSP residual norm 9.168610e+00
  2 (restart 0) KSP residual norm 2.021230e+00
  3 (restart 0) KSP residual norm 5.027161e-01
  4 (restart 0) KSP residual norm 2.525157e-01
  5 (restart 0) KSP residual norm 1.933470e-01
  6 (restart 0) KSP residual norm 8.731572e-02
  7 (restart 0) KSP residual norm 4.983886e-02
  8 (restart 0) KSP residual norm 3.434831e-02
  9 (restart 0) KSP residual norm 2.047255e-02
 10 (restart 0) KSP residual norm 1.491487e-02
 11 (restart 0) KSP residual norm 1.067916e-02
 12 (restart 0) KSP residual norm 7.117734e-03
 13 (restart 0) KSP residual norm 5.096437e-03
 14 (restart 0) KSP residual norm 3.634367e-03
 15 (restart 0) KSP residual norm 2.637006e-03
 16 (restart 0) KSP residual norm 1.953923e-03
 17 (restart 0) KSP residual norm 1.538313e-03
 18 (restart 0) KSP residual norm 1.171336e-03
 19 (restart 0) KSP residual norm 8.716083e-04
 20 (restart 0) KSP residual norm 6.959644e-04
 21 (restart 0) KSP residual norm 5.431606e-04
 22 (restart 0) KSP residual norm 4.430994e-04
 23 (restart 0) KSP residual norm 3.449334e-04
 24 (restart 0) KSP residual norm 2.864327e-04
 25 (restart 0) KSP residual norm 2.283306e-04
 26 (restart 0) KSP residual norm 1.794780e-04
 27 (restart 0) KSP residual norm 1.391345e-04
 28 (restart 0) KSP residual norm 1.057674e-04
 29 (restart 0) KSP residual norm 8.325078e-05
 30 (restart 0) KSP residual norm 6.647584e-05
 31 (restart 0) KSP residual norm 5.538482e-05
 32 (restart 0) KSP residual norm 4.638913e-05
 33 (restart 0) KSP residual norm 3.834499e-05
 34 (restart 0) KSP residual norm 3.261476e-05
 35 (restart 0) KSP residual norm 2.784873e-05
 36 (restart 0) KSP residual norm 2.376403e-05
 37 (restart 0) KSP residual norm 1.930209e-05
GMRES solver converged in 37 iterations (avg. reduction factor: 6.876e-01)
 Sol. ||E|| = 2.301446e+01 (||RHS|| = 5.537897e-01)
 Field energy E (6.233e-13 J) + H (3.101e-12 J) = 3.724e-12 J
 S[1][1] = +2.789e-01+3.357e-01i, |S[1][1]| = -7.202e+00, arg(S[1][1]) = +5.028e+01
 S[2][1] = +7.117e-01-4.254e-01i, |S[2][1]| = -1.627e+00, arg(S[2][1]) = -3.087e+01
 Updating solution error estimates

Sweeping excitation index 2 (2/2):

It 1/2: ω/2π = 1.000e-01 GHz (total elapsed time = 1.14e+02 s, solve 3/4)

  Residual norms for GMRES solve

** Memory Usage **********************************
** Total highmark (MB):
    Sum-of-all :    86.13 | Avg :    86.13  | Max :    86.13
    Max at rank 0, different stages (MB):
	. symbfact            0.00
	. distribution       86.13
	. numfact            84.28
** NUMfact space (MB): (sum-of-all-processes)
    L\U :           45.94 |  Total :    84.28
	. max at rank 0, max L+U memory (MB):    45.94
	. max at rank 0, peak buffer (MB):       38.34
**************************************************

** number of Tiny Pivots:        0

  0 (restart 0) KSP residual norm 2.024380e+01
  1 (restart 0) KSP residual norm 2.387088e+00
  2 (restart 0) KSP residual norm 6.316918e-01
  3 (restart 0) KSP residual norm 4.577332e-01
  4 (restart 0) KSP residual norm 2.306959e-01
  5 (restart 0) KSP residual norm 1.842112e-01
  6 (restart 0) KSP residual norm 9.072324e-02
  7 (restart 0) KSP residual norm 6.188481e-02
  8 (restart 0) KSP residual norm 3.661185e-02
  9 (restart 0) KSP residual norm 2.123028e-02
 10 (restart 0) KSP residual norm 1.629271e-02
 11 (restart 0) KSP residual norm 1.028401e-02
 12 (restart 0) KSP residual norm 8.229645e-03
 13 (restart 0) KSP residual norm 5.306586e-03
 14 (restart 0) KSP residual norm 4.122514e-03
 15 (restart 0) KSP residual norm 2.827247e-03
 16 (restart 0) KSP residual norm 2.182909e-03
 17 (restart 0) KSP residual norm 1.522217e-03
 18 (restart 0) KSP residual norm 1.218613e-03
 19 (restart 0) KSP residual norm 8.754429e-04
 20 (restart 0) KSP residual norm 6.744893e-04
 21 (restart 0) KSP residual norm 5.061993e-04
 22 (restart 0) KSP residual norm 3.861346e-04
 23 (restart 0) KSP residual norm 2.959527e-04
 24 (restart 0) KSP residual norm 2.303059e-04
 25 (restart 0) KSP residual norm 1.768087e-04
 26 (restart 0) KSP residual norm 1.401850e-04
 27 (restart 0) KSP residual norm 1.101091e-04
 28 (restart 0) KSP residual norm 8.669476e-05
 29 (restart 0) KSP residual norm 7.047171e-05
 30 (restart 0) KSP residual norm 5.609809e-05
 31 (restart 0) KSP residual norm 4.460744e-05
 32 (restart 0) KSP residual norm 3.553058e-05
 33 (restart 0) KSP residual norm 2.850100e-05
 34 (restart 0) KSP residual norm 2.287715e-05
 35 (restart 0) KSP residual norm 1.801906e-05
GMRES solver converged in 35 iterations (avg. reduction factor: 6.716e-01)
 Sol. ||E|| = 2.115005e+01 (||RHS|| = 2.768948e-03)
 Field energy E (4.940e-13 J) + H (3.940e-12 J) = 4.434e-12 J
 S[1][2] = +9.451e-01-2.954e-03i, |S[1][2]| = -4.901e-01, arg(S[1][2]) = -1.791e-01
 S[2][2] = +5.485e-02+2.330e-03i, |S[2][2]| = -2.521e+01, arg(S[2][2]) = +2.433e+00
 Updating solution error estimates

It 2/2: ω/2π = 2.000e+01 GHz (total elapsed time = 1.67e+02 s, solve 4/4)

  Residual norms for GMRES solve

** Memory Usage **********************************
** Total highmark (MB):
    Sum-of-all :    86.13 | Avg :    86.13  | Max :    86.13
    Max at rank 0, different stages (MB):
	. symbfact            0.00
	. distribution       86.13
	. numfact            84.28
** NUMfact space (MB): (sum-of-all-processes)
    L\U :           45.94 |  Total :    84.28
	. max at rank 0, max L+U memory (MB):    45.94
	. max at rank 0, peak buffer (MB):       38.34
**************************************************

** number of Tiny Pivots:        0

  0 (restart 0) KSP residual norm 1.966555e+01
  1 (restart 0) KSP residual norm 9.211680e+00
  2 (restart 0) KSP residual norm 2.006688e+00
  3 (restart 0) KSP residual norm 5.359238e-01
  4 (restart 0) KSP residual norm 3.329252e-01
  5 (restart 0) KSP residual norm 2.182465e-01
  6 (restart 0) KSP residual norm 8.632491e-02
  7 (restart 0) KSP residual norm 4.823415e-02
  8 (restart 0) KSP residual norm 3.381274e-02
  9 (restart 0) KSP residual norm 2.046584e-02
 10 (restart 0) KSP residual norm 1.445102e-02
 11 (restart 0) KSP residual norm 1.040846e-02
 12 (restart 0) KSP residual norm 7.060238e-03
 13 (restart 0) KSP residual norm 5.044738e-03
 14 (restart 0) KSP residual norm 3.629346e-03
 15 (restart 0) KSP residual norm 2.615663e-03
 16 (restart 0) KSP residual norm 1.937413e-03
 17 (restart 0) KSP residual norm 1.510684e-03
 18 (restart 0) KSP residual norm 1.163734e-03
 19 (restart 0) KSP residual norm 8.668202e-04
 20 (restart 0) KSP residual norm 6.910893e-04
 21 (restart 0) KSP residual norm 5.318659e-04
 22 (restart 0) KSP residual norm 4.305067e-04
 23 (restart 0) KSP residual norm 3.380295e-04
 24 (restart 0) KSP residual norm 2.826242e-04
 25 (restart 0) KSP residual norm 2.270104e-04
 26 (restart 0) KSP residual norm 1.778372e-04
 27 (restart 0) KSP residual norm 1.399124e-04
 28 (restart 0) KSP residual norm 1.068129e-04
 29 (restart 0) KSP residual norm 8.355680e-05
 30 (restart 0) KSP residual norm 6.666811e-05
 31 (restart 0) KSP residual norm 5.509429e-05
 32 (restart 0) KSP residual norm 4.632702e-05
 33 (restart 0) KSP residual norm 3.787671e-05
 34 (restart 0) KSP residual norm 3.208072e-05
 35 (restart 0) KSP residual norm 2.717971e-05
 36 (restart 0) KSP residual norm 2.343051e-05
 37 (restart 0) KSP residual norm 1.926032e-05
GMRES solver converged in 37 iterations (avg. reduction factor: 6.880e-01)
 Sol. ||E|| = 2.264118e+01 (||RHS|| = 5.537897e-01)
 Field energy E (6.156e-13 J) + H (3.101e-12 J) = 3.716e-12 J
 S[1][2] = +7.117e-01-4.254e-01i, |S[1][2]| = -1.627e+00, arg(S[1][2]) = -3.087e+01
 S[2][2] = +2.804e-01+3.366e-01i, |S[2][2]| = -7.169e+00, arg(S[2][2]) = +5.020e+01
 Updating solution error estimates

Completed 0 iterations of adaptive mesh refinement (AMR):
 Indicator norm = 1.728e-01, global unknowns = 101928
 Max. iterations = 0, tol. = 1.000e-02, max. size = 2000000

Estimated peak per-rank memory usage is: Min. 782.6M, Max. 782.6M, Avg. 782.6M, Total 782.6M
Estimated peak per-node memory usage is: Min. 782.6M, Max. 782.6M, Avg. 782.6M, Total 782.6M

Elapsed Time Report (s)           Min.        Max.        Avg.
==============================================================
Initialization                   0.045       0.045       0.045
  Mesh Preprocessing             0.156       0.156       0.156
Operator Construction            0.363       0.363       0.363
Linear Solve                     9.527       9.527       9.527
  Setup                         24.409      24.409      24.409
  Preconditioner               109.438     109.438     109.438
  Coarse Solve                   2.330       2.330       2.330
Estimation                       0.344       0.344       0.344
  Construction                   2.201       2.201       2.201
  Solve                         68.504      68.504      68.504
Postprocessing                   0.952       0.952       0.952
Disk IO                          0.215       0.215       0.215
--------------------------------------------------------------
Total                          218.832     218.832     218.832

Peak Memory                   Per-Node       Total   Total HWM
==============================================================
Initialization                    1.9M        1.9M        1.9M
  Mesh Preprocessing              8.5M        8.5M       10.4M
Operator Construction            49.0M       49.0M       59.3M
Linear Solve                     58.4M       58.4M      117.7M
  Setup                         216.5M      216.5M      334.2M
  Preconditioner                 55.5M       55.5M      389.7M
  Coarse Solve                  107.5M      107.5M      497.1M
Estimation                       48.6M       48.6M      545.7M
  Construction                  104.4M      104.4M      650.2M
  Solve                          51.6M       51.6M      701.8M
Postprocessing                   50.4M       50.4M      752.2M
Disk IO                           6.5M        6.5M      758.7M
--------------------------------------------------------------
Total                           772.9M      772.9M      772.9M

Found extra file with port information: /foss/designs/inductor_synth/palace_model/inductor2_N2_do66.22_w4_s2.01_data/port_information.json
Port Z0 values found: [50, 50]
Port impedance for Touchstone header:  50
Number of ports:  2
Created combined S-parameter file for  2 ports, filename:  /foss/designs/inductor_synth/palace_model/inductor2_N2_do66.22_w4_s2.01_data/output/inductor2_N2_do66.22_w4_s2.01/inductor2_N2_do66.22_w4_s2.01.s2p
Skipping DC extrapolation, not enough frequency points
Port de-embedding based on port geometry data
Cascading L= -2.18 pH at port 1
Cascading L= -2.18 pH at port 2
Created file with de-embedding (cascaded negative port L):  /foss/designs/inductor_synth/palace_model/inductor2_N2_do66.22_w4_s2.01_data/output/inductor2_N2_do66.22_w4_s2.01/inductor2_N2_do66.22_w4_s2.01_deembedded 

Found extra file with port information: /foss/designs/inductor_synth/palace_model/inductor2_N2_do70.51_w4_s2.01_data/port_information.json
Port Z0 values found: [50, 50]
Port impedance for Touchstone header:  50
Number of ports:  2
Created combined S-parameter file for  2 ports, filename:  /foss/designs/inductor_synth/palace_model/inductor2_N2_do70.51_w4_s2.01_data/output/inductor2_N2_do70.51_w4_s2.01/inductor2_N2_do70.51_w4_s2.01.s2p
Skipping DC extrapolation, not enough frequency points
Port de-embedding based on port geometry data
Cascading L= -2.18 pH at port 1
Cascading L= -2.18 pH at port 2
Created file with de-embedding (cascaded negative port L):  /foss/designs/inductor_synth/palace_model/inductor2_N2_do70.51_w4_s2.01_data/output/inductor2_N2_do70.51_w4_s2.01/inductor2_N2_do70.51_w4_s2.01_deembedded 

Found extra file with port information: /foss/designs/inductor_synth/palace_model/inductor2_N2_do74.24_w4_s3_data/port_information.json
Port Z0 values found: [50, 50]
Port impedance for Touchstone header:  50
Number of ports:  2
Created combined S-parameter file for  2 ports, filename:  /foss/designs/inductor_synth/palace_model/inductor2_N2_do74.24_w4_s3_data/output/inductor2_N2_do74.24_w4_s3/inductor2_N2_do74.24_w4_s3.s2p
Skipping DC extrapolation, not enough frequency points
Port de-embedding based on port geometry data
Cascading L= -1.82 pH at port 1
Cascading L= -1.82 pH at port 2
Created file with de-embedding (cascaded negative port L):  /foss/designs/inductor_synth/palace_model/inductor2_N2_do74.24_w4_s3_data/output/inductor2_N2_do74.24_w4_s3/inductor2_N2_do74.24_w4_s3_deembedded 

Found extra file with port information: /foss/designs/inductor_synth/palace_model/inductor2_N2_do74.78_w4_s2.01_data/port_information.json
Port Z0 values found: [50, 50]
Port impedance for Touchstone header:  50
Number of ports:  2
Created combined S-parameter file for  2 ports, filename:  /foss/designs/inductor_synth/palace_model/inductor2_N2_do74.78_w4_s2.01_data/output/inductor2_N2_do74.78_w4_s2.01/inductor2_N2_do74.78_w4_s2.01.s2p
Skipping DC extrapolation, not enough frequency points
Port de-embedding based on port geometry data
Cascading L= -2.18 pH at port 1
Cascading L= -2.18 pH at port 2
Created file with de-embedding (cascaded negative port L):  /foss/designs/inductor_synth/palace_model/inductor2_N2_do74.78_w4_s2.01_data/output/inductor2_N2_do74.78_w4_s2.01/inductor2_N2_do74.78_w4_s2.01_deembedded 

Found extra file with port information: /foss/designs/inductor_synth/palace_model/inductor2_N2_do77.43_w4_s3_data/port_information.json
Port Z0 values found: [50, 50]
Port impedance for Touchstone header:  50
Number of ports:  2
Created combined S-parameter file for  2 ports, filename:  /foss/designs/inductor_synth/palace_model/inductor2_N2_do77.43_w4_s3_data/output/inductor2_N2_do77.43_w4_s3/inductor2_N2_do77.43_w4_s3.s2p
Skipping DC extrapolation, not enough frequency points
Port de-embedding based on port geometry data
Cascading L= -1.82 pH at port 1
Cascading L= -1.82 pH at port 2
Created file with de-embedding (cascaded negative port L):  /foss/designs/inductor_synth/palace_model/inductor2_N2_do77.43_w4_s3_data/output/inductor2_N2_do77.43_w4_s3/inductor2_N2_do77.43_w4_s3_deembedded 

Found extra file with port information: /foss/designs/inductor_synth/palace_model/inductor2_N2_do78.75_w4_s3_data/port_information.json
Port Z0 values found: [50, 50]
Port impedance for Touchstone header:  50
Number of ports:  2
Created combined S-parameter file for  2 ports, filename:  /foss/designs/inductor_synth/palace_model/inductor2_N2_do78.75_w4_s3_data/output/inductor2_N2_do78.75_w4_s3/inductor2_N2_do78.75_w4_s3.s2p
Skipping DC extrapolation, not enough frequency points
Port de-embedding based on port geometry data
Cascading L= -1.82 pH at port 1
Cascading L= -1.82 pH at port 2
Created file with de-embedding (cascaded negative port L):  /foss/designs/inductor_synth/palace_model/inductor2_N2_do78.75_w4_s3_data/output/inductor2_N2_do78.75_w4_s3/inductor2_N2_do78.75_w4_s3_deembedded 

cp: './inductor2_N2_do70.51_w4_s2.01.s2p' and './inductor2_N2_do70.51_w4_s2.01.s2p' are the same file
cp: './inductor2_N2_do74.78_w4_s2.01.s2p' and './inductor2_N2_do74.78_w4_s2.01.s2p' are the same file
cp: './inductor2_N2_do77.43_w4_s3.s2p' and './inductor2_N2_do77.43_w4_s3.s2p' are the same file
cp: './inductor2_N2_do78.75_w4_s3.s2p' and './inductor2_N2_do78.75_w4_s3.s2p' are the same file
Info    : Meshing 1D...
Info    : [  0%] Meshing curve 64 (Line)
Info    : [ 10%] Meshing curve 65 (Line)
Info    : [ 10%] Meshing curve 67 (Line)
Info    : [ 10%] Meshing curve 69 (Line)
Info    : [ 10%] Meshing curve 70 (Line)
Info    : [ 10%] Meshing curve 71 (Line)
Info    : [ 10%] Meshing curve 72 (Line)
Info    : [ 10%] Meshing curve 76 (Line)
Info    : [ 10%] Meshing curve 77 (Line)
Info    : [ 10%] Meshing curve 79 (Line)
Info    : [ 10%] Meshing curve 81 (Line)
Info    : [ 10%] Meshing curve 82 (Line)
Info    : [ 10%] Meshing curve 83 (Line)
Info    : [ 10%] Meshing curve 84 (Line)
Info    : [ 10%] Meshing curve 85 (Line)
Info    : [ 10%] Meshing curve 86 (Line)
Info    : [ 10%] Meshing curve 87 (Line)
Info    : [ 10%] Meshing curve 88 (Line)
Info    : [ 10%] Meshing curve 89 (Line)
Info    : [ 10%] Meshing curve 90 (Line)
Info    : [ 10%] Meshing curve 91 (Line)
Info    : [ 10%] Meshing curve 92 (Line)
Info    : [ 10%] Meshing curve 93 (Line)
Info    : [ 10%] Meshing curve 94 (Line)
Info    : [ 10%] Meshing curve 95 (Line)
Info    : [ 10%] Meshing curve 96 (Line)
Info    : [ 10%] Meshing curve 97 (Line)
Info    : [ 10%] Meshing curve 98 (Line)
Info    : [ 10%] Meshing curve 99 (Line)
Info    : [ 10%] Meshing curve 100 (Line)
Info    : [ 10%] Meshing curve 101 (Line)
Info    : [ 10%] Meshing curve 102 (Line)
Info    : [ 10%] Meshing curve 103 (Line)
Info    : [ 20%] Meshing curve 104 (Line)
Info    : [ 20%] Meshing curve 105 (Line)
Info    : [ 20%] Meshing curve 106 (Line)
Info    : [ 20%] Meshing curve 107 (Line)
Info    : [ 20%] Meshing curve 108 (Line)
Info    : [ 20%] Meshing curve 109 (Line)
Info    : [ 20%] Meshing curve 110 (Line)
Info    : [ 20%] Meshing curve 111 (Line)
Info    : [ 20%] Meshing curve 112 (Line)
Info    : [ 20%] Meshing curve 113 (Line)
Info    : [ 20%] Meshing curve 114 (Line)
Info    : [ 20%] Meshing curve 115 (Line)
Info    : [ 20%] Meshing curve 116 (Line)
Info    : [ 20%] Meshing curve 117 (Line)
Info    : [ 20%] Meshing curve 118 (Line)
Info    : [ 20%] Meshing curve 119 (Line)
Info    : [ 20%] Meshing curve 120 (Line)
Info    : [ 20%] Meshing curve 121 (Line)
Info    : [ 20%] Meshing curve 122 (Line)
Info    : [ 20%] Meshing curve 123 (Line)
Info    : [ 20%] Meshing curve 124 (Line)
Info    : [ 20%] Meshing curve 125 (Line)
Info    : [ 20%] Meshing curve 126 (Line)
Info    : [ 20%] Meshing curve 127 (Line)
Info    : [ 20%] Meshing curve 128 (Line)
Info    : [ 20%] Meshing curve 129 (Line)
Info    : [ 20%] Meshing curve 130 (Line)
Info    : [ 20%] Meshing curve 131 (Line)
Info    : [ 20%] Meshing curve 132 (Line)
Info    : [ 20%] Meshing curve 133 (Line)
Info    : [ 20%] Meshing curve 134 (Line)
Info    : [ 20%] Meshing curve 135 (Line)
Info    : [ 20%] Meshing curve 136 (Line)
Info    : [ 30%] Meshing curve 137 (Line)
Info    : [ 30%] Meshing curve 138 (Line)
Info    : [ 30%] Meshing curve 139 (Line)
Info    : [ 30%] Meshing curve 140 (Line)
Info    : [ 30%] Meshing curve 141 (Line)
Info    : [ 30%] Meshing curve 142 (Line)
Info    : [ 30%] Meshing curve 143 (Line)
Info    : [ 30%] Meshing curve 144 (Line)
Info    : [ 30%] Meshing curve 145 (Line)
Info    : [ 30%] Meshing curve 146 (Line)
Info    : [ 30%] Meshing curve 147 (Line)
Info    : [ 30%] Meshing curve 148 (Line)
Info    : [ 30%] Meshing curve 149 (Line)
Info    : [ 30%] Meshing curve 150 (Line)
Info    : [ 30%] Meshing curve 151 (Line)
Info    : [ 30%] Meshing curve 152 (Line)
Info    : [ 30%] Meshing curve 153 (Line)
Info    : [ 30%] Meshing curve 154 (Line)
Info    : [ 30%] Meshing curve 155 (Line)
Info    : [ 30%] Meshing curve 156 (Line)
Info    : [ 30%] Meshing curve 385 (Line)
Info    : [ 30%] Meshing curve 386 (Line)
Info    : [ 30%] Meshing curve 387 (Line)
Info    : [ 30%] Meshing curve 388 (Line)
Info    : [ 30%] Meshing curve 389 (Line)
Info    : [ 30%] Meshing curve 390 (Line)
Info    : [ 30%] Meshing curve 391 (Line)
Info    : [ 30%] Meshing curve 392 (Line)
Info    : [ 30%] Meshing curve 393 (Line)
Info    : [ 30%] Meshing curve 394 (Line)
Info    : [ 30%] Meshing curve 395 (Line)
Info    : [ 30%] Meshing curve 396 (Line)
Info    : [ 40%] Meshing curve 397 (TrimmedCurve)
Info    : [ 40%] Meshing curve 398 (Line)
Info    : [ 40%] Meshing curve 399 (TrimmedCurve)
Info    : [ 40%] Meshing curve 400 (Line)
Info    : [ 40%] Meshing curve 401 (Line)
Info    : [ 40%] Meshing curve 402 (Line)
Info    : [ 40%] Meshing curve 403 (Line)
Info    : [ 40%] Meshing curve 404 (Line)
Info    : [ 40%] Meshing curve 405 (Line)
Info    : [ 40%] Meshing curve 406 (Line)
Info    : [ 40%] Meshing curve 407 (Line)
Info    : [ 40%] Meshing curve 408 (TrimmedCurve)
Info    : [ 40%] Meshing curve 409 (Line)
Info    : [ 40%] Meshing curve 410 (TrimmedCurve)
Info    : [ 40%] Meshing curve 411 (Line)
Info    : [ 40%] Meshing curve 412 (Line)
Info    : [ 40%] Meshing curve 413 (Line)
Info    : [ 40%] Meshing curve 414 (Line)
Info    : [ 40%] Meshing curve 415 (Line)
Info    : [ 40%] Meshing curve 416 (Line)
Info    : [ 40%] Meshing curve 417 (Line)
Info    : [ 40%] Meshing curve 418 (Line)
Info    : [ 40%] Meshing curve 419 (Line)
Info    : [ 40%] Meshing curve 420 (Line)
Info    : [ 40%] Meshing curve 421 (Line)
Info    : [ 40%] Meshing curve 422 (Line)
Info    : [ 40%] Meshing curve 423 (Line)
Info    : [ 40%] Meshing curve 424 (Line)
Info    : [ 40%] Meshing curve 425 (Line)
Info    : [ 40%] Meshing curve 426 (Line)
Info    : [ 40%] Meshing curve 427 (Line)
Info    : [ 40%] Meshing curve 428 (Line)
Info    : [ 40%] Meshing curve 429 (Line)
Info    : [ 50%] Meshing curve 430 (Line)
Info    : [ 50%] Meshing curve 431 (Line)
Info    : [ 50%] Meshing curve 432 (TrimmedCurve)
Info    : [ 50%] Meshing curve 433 (Line)
Info    : [ 50%] Meshing curve 434 (TrimmedCurve)
Info    : [ 50%] Meshing curve 435 (Line)
Info    : [ 50%] Meshing curve 436 (TrimmedCurve)
Info    : [ 50%] Meshing curve 437 (Line)
Info    : [ 50%] Meshing curve 438 (TrimmedCurve)
Info    : [ 50%] Meshing curve 439 (Line)
Info    : [ 50%] Meshing curve 440 (TrimmedCurve)
Info    : [ 50%] Meshing curve 441 (Line)
Info    : [ 50%] Meshing curve 442 (TrimmedCurve)
Info    : [ 50%] Meshing curve 443 (Line)
Info    : [ 50%] Meshing curve 444 (Line)
Info    : [ 50%] Meshing curve 445 (Line)
Info    : [ 50%] Meshing curve 446 (Line)
Info    : [ 50%] Meshing curve 447 (Line)
Info    : [ 50%] Meshing curve 448 (TrimmedCurve)
Info    : [ 50%] Meshing curve 449 (Line)
Info    : [ 50%] Meshing curve 450 (TrimmedCurve)
Info    : [ 50%] Meshing curve 451 (Line)
Info    : [ 50%] Meshing curve 452 (TrimmedCurve)
Info    : [ 50%] Meshing curve 453 (Line)
Info    : [ 50%] Meshing curve 454 (TrimmedCurve)
Info    : [ 50%] Meshing curve 455 (Line)
Info    : [ 50%] Meshing curve 456 (TrimmedCurve)
Info    : [ 50%] Meshing curve 457 (Line)
Info    : [ 50%] Meshing curve 458 (TrimmedCurve)
Info    : [ 50%] Meshing curve 459 (Line)
Info    : [ 50%] Meshing curve 460 (Line)
Info    : [ 50%] Meshing curve 461 (TrimmedCurve)
Info    : [ 50%] Meshing curve 462 (Line)
Info    : [ 60%] Meshing curve 463 (TrimmedCurve)
Info    : [ 60%] Meshing curve 464 (Line)
Info    : [ 60%] Meshing curve 465 (TrimmedCurve)
Info    : [ 60%] Meshing curve 466 (Line)
Info    : [ 60%] Meshing curve 467 (TrimmedCurve)
Info    : [ 60%] Meshing curve 468 (Line)
Info    : [ 60%] Meshing curve 469 (TrimmedCurve)
Info    : [ 60%] Meshing curve 470 (Line)
Info    : [ 60%] Meshing curve 471 (TrimmedCurve)
Info    : [ 60%] Meshing curve 472 (Line)
Info    : [ 60%] Meshing curve 473 (Line)
Info    : [ 60%] Meshing curve 474 (Line)
Info    : [ 60%] Meshing curve 475 (Line)
Info    : [ 60%] Meshing curve 476 (Line)
Info    : [ 60%] Meshing curve 477 (TrimmedCurve)
Info    : [ 60%] Meshing curve 478 (Line)
Info    : [ 60%] Meshing curve 479 (TrimmedCurve)
Info    : [ 60%] Meshing curve 480 (Line)
Info    : [ 60%] Meshing curve 481 (TrimmedCurve)
Info    : [ 60%] Meshing curve 482 (Line)
Info    : [ 60%] Meshing curve 483 (TrimmedCurve)
Info    : [ 60%] Meshing curve 484 (Line)
Info    : [ 60%] Meshing curve 485 (TrimmedCurve)
Info    : [ 60%] Meshing curve 486 (Line)
Info    : [ 60%] Meshing curve 487 (TrimmedCurve)
Info    : [ 60%] Meshing curve 488 (Line)
Info    : [ 60%] Meshing curve 489 (Line)
Info    : [ 60%] Meshing curve 490 (Line)
Info    : [ 60%] Meshing curve 491 (Line)
Info    : [ 60%] Meshing curve 492 (Line)
Info    : [ 60%] Meshing curve 493 (Line)
Info    : [ 60%] Meshing curve 494 (Line)
Info    : [ 70%] Meshing curve 495 (Line)
Info    : [ 70%] Meshing curve 496 (Line)
Info    : [ 70%] Meshing curve 497 (Line)
Info    : [ 70%] Meshing curve 498 (Line)
Info    : [ 70%] Meshing curve 499 (Line)
Info    : [ 70%] Meshing curve 500 (Line)
Info    : [ 70%] Meshing curve 501 (Line)
Info    : [ 70%] Meshing curve 502 (Line)
Info    : [ 70%] Meshing curve 503 (Line)
Info    : [ 70%] Meshing curve 504 (Line)
Info    : [ 70%] Meshing curve 505 (Line)
Info    : [ 70%] Meshing curve 506 (Line)
Info    : [ 70%] Meshing curve 507 (Line)
Info    : [ 70%] Meshing curve 508 (Line)
Info    : [ 70%] Meshing curve 509 (Line)
Info    : [ 70%] Meshing curve 510 (Line)
Info    : [ 70%] Meshing curve 511 (Line)
Info    : [ 70%] Meshing curve 512 (Line)
Info    : [ 70%] Meshing curve 513 (Line)
Info    : [ 70%] Meshing curve 514 (Line)
Info    : [ 70%] Meshing curve 515 (Line)
Info    : [ 70%] Meshing curve 516 (Line)
Info    : [ 70%] Meshing curve 517 (Line)
Info    : [ 70%] Meshing curve 518 (Line)
Info    : [ 70%] Meshing curve 519 (Line)
Info    : [ 70%] Meshing curve 520 (Line)
Info    : [ 70%] Meshing curve 521 (Line)
Info    : [ 70%] Meshing curve 522 (Line)
Info    : [ 70%] Meshing curve 523 (Line)
Info    : [ 70%] Meshing curve 524 (Line)
Info    : [ 70%] Meshing curve 525 (Line)
Info    : [ 70%] Meshing curve 526 (Line)
Info    : [ 70%] Meshing curve 527 (Line)
Info    : [ 80%] Meshing curve 528 (TrimmedCurve)
Info    : [ 80%] Meshing curve 529 (Line)
Info    : [ 80%] Meshing curve 530 (Line)
Info    : [ 80%] Meshing curve 531 (Line)
Info    : [ 80%] Meshing curve 532 (Line)
Info    : [ 80%] Meshing curve 533 (Line)
Info    : [ 80%] Meshing curve 534 (TrimmedCurve)
Info    : [ 80%] Meshing curve 535 (Line)
Info    : [ 80%] Meshing curve 536 (Line)
Info    : [ 80%] Meshing curve 537 (TrimmedCurve)
Info    : [ 80%] Meshing curve 538 (Line)
Info    : [ 80%] Meshing curve 539 (Line)
Info    : [ 80%] Meshing curve 540 (Line)
Info    : [ 80%] Meshing curve 541 (Line)
Info    : [ 80%] Meshing curve 542 (Line)
Info    : [ 80%] Meshing curve 543 (TrimmedCurve)
Info    : [ 80%] Meshing curve 544 (Line)
Info    : [ 80%] Meshing curve 545 (Line)
Info    : [ 80%] Meshing curve 546 (Line)
Info    : [ 80%] Meshing curve 547 (Line)
Info    : [ 80%] Meshing curve 548 (Line)
Info    : [ 80%] Meshing curve 549 (Line)
Info    : [ 80%] Meshing curve 550 (Line)
Info    : [ 80%] Meshing curve 551 (Line)
Info    : [ 80%] Meshing curve 552 (Line)
Info    : [ 80%] Meshing curve 553 (Line)
Info    : [ 80%] Meshing curve 554 (Line)
Info    : [ 80%] Meshing curve 555 (Line)
Info    : [ 80%] Meshing curve 556 (Line)
Info    : [ 80%] Meshing curve 557 (Line)
Info    : [ 80%] Meshing curve 558 (Line)
Info    : [ 80%] Meshing curve 559 (Line)
Info    : [ 90%] Meshing curve 560 (Line)
Info    : [ 90%] Meshing curve 561 (Line)
Info    : [ 90%] Meshing curve 562 (Line)
Info    : [ 90%] Meshing curve 563 (Line)
Info    : [ 90%] Meshing curve 564 (Line)
Info    : [ 90%] Meshing curve 565 (Line)
Info    : [ 90%] Meshing curve 566 (Line)
Info    : [ 90%] Meshing curve 567 (Line)
Info    : [ 90%] Meshing curve 568 (Line)
Info    : [ 90%] Meshing curve 569 (Line)
Info    : [ 90%] Meshing curve 570 (Line)
Info    : [ 90%] Meshing curve 571 (Line)
Info    : [ 90%] Meshing curve 572 (Line)
Info    : [ 90%] Meshing curve 573 (Line)
Info    : [ 90%] Meshing curve 574 (Line)
Info    : [ 90%] Meshing curve 575 (Line)
Info    : [ 90%] Meshing curve 576 (Line)
Info    : [ 90%] Meshing curve 577 (Line)
Info    : [ 90%] Meshing curve 578 (Line)
Info    : [ 90%] Meshing curve 579 (Line)
Info    : [ 90%] Meshing curve 580 (Line)
Info    : [ 90%] Meshing curve 581 (Line)
Info    : [ 90%] Meshing curve 582 (Line)
Info    : [ 90%] Meshing curve 583 (Line)
Info    : [ 90%] Meshing curve 584 (Line)
Info    : [ 90%] Meshing curve 585 (Line)
Info    : [ 90%] Meshing curve 586 (Line)
Info    : [ 90%] Meshing curve 587 (Line)
Info    : [ 90%] Meshing curve 588 (Line)
Info    : [ 90%] Meshing curve 589 (Line)
Info    : [ 90%] Meshing curve 590 (Line)
Info    : [ 90%] Meshing curve 591 (Line)
Info    : [ 90%] Meshing curve 592 (Line)
Info    : [100%] Meshing curve 593 (Line)
Info    : [100%] Meshing curve 594 (Line)
Info    : [100%] Meshing curve 595 (Line)
Info    : [100%] Meshing curve 596 (Line)
Info    : [100%] Meshing curve 597 (Line)
Info    : [100%] Meshing curve 598 (Line)
Info    : [100%] Meshing curve 599 (Line)
Info    : [100%] Meshing curve 600 (Line)
Info    : [100%] Meshing curve 601 (Line)
Info    : [100%] Meshing curve 602 (Line)
Info    : [100%] Meshing curve 603 (Line)
Info    : [100%] Meshing curve 604 (Line)
Info    : [100%] Meshing curve 605 (Line)
Info    : [100%] Meshing curve 606 (Line)
Info    : [100%] Meshing curve 607 (Line)
Info    : [100%] Meshing curve 608 (Line)
Info    : [100%] Meshing curve 609 (Line)
Info    : [100%] Meshing curve 610 (Line)
Info    : [100%] Meshing curve 611 (Line)
Info    : [100%] Meshing curve 612 (Line)
Info    : [100%] Meshing curve 613 (Line)
Info    : [100%] Meshing curve 614 (Line)
Info    : [100%] Meshing curve 615 (Line)
Info    : [100%] Meshing curve 616 (Line)
Info    : [100%] Meshing curve 617 (Line)
Info    : [100%] Meshing curve 618 (Line)
Info    : [100%] Meshing curve 619 (Line)
Info    : [100%] Meshing curve 620 (Line)
Info    : [100%] Meshing curve 621 (Line)
Info    : [100%] Meshing curve 622 (Line)
Info    : [100%] Meshing curve 623 (Line)
Info    : [100%] Meshing curve 624 (Line)
Info    : Done meshing 1D (Wall 1.40497s, CPU 1.39852s)
Info    : Meshing 2D...
Info    : [  0%] Meshing surface 35 (Plane, Delaunay)
Info    : [ 10%] Meshing surface 41 (Plane, Delaunay)
Info    : [ 10%] Meshing surface 43 (Plane, Delaunay)
Info    : [ 10%] Meshing surface 44 (Plane, Delaunay)
Info    : [ 10%] Meshing surface 45 (Plane, Delaunay)
Info    : [ 10%] Meshing surface 46 (Plane, Delaunay)
Info    : [ 10%] Meshing surface 47 (Plane, Delaunay)
Info    : [ 10%] Meshing surface 48 (Plane, Delaunay)
Info    : [ 10%] Meshing surface 49 (Plane, Delaunay)
Info    : [ 10%] Meshing surface 50 (Plane, Delaunay)
Info    : [ 10%] Meshing surface 51 (Plane, Delaunay)
Info    : [ 10%] Meshing surface 53 (Plane, Delaunay)
Info    : [ 10%] Meshing surface 54 (Plane, Delaunay)
Info    : [ 10%] Meshing surface 55 (Plane, Delaunay)
Info    : [ 10%] Meshing surface 56 (Plane, Delaunay)
Info    : [ 20%] Meshing surface 57 (Plane, Delaunay)
Info    : [ 20%] Meshing surface 58 (Plane, Delaunay)
Info    : [ 20%] Meshing surface 59 (Plane, Delaunay)
Info    : [ 20%] Meshing surface 60 (Plane, Delaunay)
Info    : [ 20%] Meshing surface 61 (Plane, Delaunay)
Info    : [ 20%] Meshing surface 62 (Plane, Delaunay)
Info    : [ 20%] Meshing surface 63 (Plane, Delaunay)
Info    : [ 20%] Meshing surface 64 (Plane, Delaunay)
Info    : [ 20%] Meshing surface 65 (Plane, Delaunay)
Info    : [ 20%] Meshing surface 66 (Plane, Delaunay)
Info    : [ 20%] Meshing surface 67 (Plane, Delaunay)
Info    : [ 20%] Meshing surface 68 (Plane, Delaunay)
Info    : [ 20%] Meshing surface 69 (Plane, Delaunay)
Info    : [ 20%] Meshing surface 70 (Plane, Delaunay)
Info    : [ 30%] Meshing surface 71 (Plane, Delaunay)
Info    : [ 30%] Meshing surface 72 (Plane, Delaunay)
Info    : [ 30%] Meshing surface 73 (Plane, Delaunay)
Info    : [ 30%] Meshing surface 74 (Plane, Delaunay)
Info    : [ 30%] Meshing surface 75 (Plane, Delaunay)
Info    : [ 30%] Meshing surface 76 (Plane, Delaunay)
Info    : [ 30%] Meshing surface 173 (Plane, Delaunay)
Info    : [ 30%] Meshing surface 174 (Plane, Delaunay)
Info    : [ 30%] Meshing surface 175 (Plane, Delaunay)
Info    : [ 30%] Meshing surface 177 (Plane, Delaunay)
Info    : [ 30%] Meshing surface 178 (Plane, Delaunay)
Info    : [ 30%] Meshing surface 179 (Plane, Delaunay)
Info    : [ 30%] Meshing surface 180 (Plane, Delaunay)
Info    : [ 30%] Meshing surface 181 (Plane, Delaunay)
Info    : [ 40%] Meshing surface 182 (Plane, Delaunay)
Info    : [ 40%] Meshing surface 183 (Plane, Delaunay)
Info    : [ 40%] Meshing surface 184 (Plane, Delaunay)
Info    : [ 40%] Meshing surface 185 (Plane, Delaunay)
Info    : [ 40%] Meshing surface 186 (Plane, Delaunay)
Info    : [ 40%] Meshing surface 187 (Plane, Delaunay)
Info    : [ 40%] Meshing surface 188 (Plane, Delaunay)
Info    : [ 40%] Meshing surface 189 (Plane, Delaunay)
Info    : [ 40%] Meshing surface 191 (Plane, Delaunay)
Info    : [ 40%] Meshing surface 192 (Plane, Delaunay)
Info    : [ 40%] Meshing surface 193 (Plane, Delaunay)
Info    : [ 40%] Meshing surface 194 (Plane, Delaunay)
Info    : [ 40%] Meshing surface 195 (Plane, Delaunay)
Info    : [ 40%] Meshing surface 196 (Plane, Delaunay)
Info    : [ 50%] Meshing surface 197 (Plane, Delaunay)
Info    : [ 50%] Meshing surface 198 (Plane, Delaunay)
Info    : [ 50%] Meshing surface 199 (Plane, Delaunay)
Info    : [ 50%] Meshing surface 200 (Plane, Delaunay)
Info    : [ 50%] Meshing surface 201 (Plane, Delaunay)
Info    : [ 50%] Meshing surface 202 (Plane, Delaunay)
Info    : [ 50%] Meshing surface 203 (Plane, Delaunay)
Info    : [ 50%] Meshing surface 204 (Plane, Delaunay)
Info    : [ 50%] Meshing surface 205 (Plane, Delaunay)
Info    : [ 50%] Meshing surface 206 (Plane, Delaunay)
Info    : [ 50%] Meshing surface 207 (Plane, Delaunay)
Info    : [ 50%] Meshing surface 208 (Plane, Delaunay)
Info    : [ 50%] Meshing surface 209 (Plane, Delaunay)
Info    : [ 50%] Meshing surface 210 (Plane, Delaunay)
Info    : [ 50%] Meshing surface 211 (Plane, Delaunay)
Info    : [ 60%] Meshing surface 212 (Plane, Delaunay)
Info    : [ 60%] Meshing surface 213 (Plane, Delaunay)
Info    : [ 60%] Meshing surface 214 (Plane, Delaunay)
Info    : [ 60%] Meshing surface 215 (Plane, Delaunay)
Info    : [ 60%] Meshing surface 216 (Plane, Delaunay)
Info    : [ 60%] Meshing surface 217 (Plane, Delaunay)
Info    : [ 60%] Meshing surface 218 (Plane, Delaunay)
Info    : [ 60%] Meshing surface 219 (Plane, Delaunay)
Info    : [ 60%] Meshing surface 220 (Plane, Delaunay)
Info    : [ 60%] Meshing surface 221 (Plane, Delaunay)
Info    : [ 60%] Meshing surface 222 (Plane, Delaunay)
Info    : [ 60%] Meshing surface 223 (Plane, Delaunay)
Info    : [ 60%] Meshing surface 225 (Plane, Delaunay)
Info    : [ 60%] Meshing surface 226 (Plane, Delaunay)
Info    : [ 70%] Meshing surface 227 (Plane, Delaunay)
Info    : [ 70%] Meshing surface 228 (Plane, Delaunay)
Info    : [ 70%] Meshing surface 229 (Plane, Delaunay)
Info    : [ 70%] Meshing surface 230 (Plane, Delaunay)
Info    : [ 70%] Meshing surface 231 (Plane, Delaunay)
Info    : [ 70%] Meshing surface 232 (Plane, Delaunay)
Info    : [ 70%] Meshing surface 233 (Plane, Delaunay)
Info    : [ 70%] Meshing surface 234 (Plane, Delaunay)
Info    : [ 70%] Meshing surface 235 (Plane, Delaunay)
Info    : [ 70%] Meshing surface 236 (Plane, Delaunay)
Info    : [ 70%] Meshing surface 237 (Plane, Delaunay)
Info    : [ 70%] Meshing surface 238 (Plane, Delaunay)
Info    : [ 70%] Meshing surface 239 (Plane, Delaunay)
Info    : [ 70%] Meshing surface 240 (Plane, Delaunay)
Info    : [ 80%] Meshing surface 241 (Plane, Delaunay)
Info    : [ 80%] Meshing surface 242 (Plane, Delaunay)
Info    : [ 80%] Meshing surface 243 (Plane, Delaunay)
Info    : [ 80%] Meshing surface 244 (Plane, Delaunay)
Info    : [ 80%] Meshing surface 245 (Plane, Delaunay)
Info    : [ 80%] Meshing surface 246 (Plane, Delaunay)
Info    : [ 80%] Meshing surface 247 (Plane, Delaunay)
Info    : [ 80%] Meshing surface 248 (Plane, Delaunay)
Info    : [ 80%] Meshing surface 249 (Plane, Delaunay)
Info    : [ 80%] Meshing surface 250 (Plane, Delaunay)
Info    : [ 80%] Meshing surface 251 (Plane, Delaunay)
Info    : [ 80%] Meshing surface 252 (Plane, Delaunay)
Info    : [ 80%] Meshing surface 253 (Plane, Delaunay)
Info    : [ 80%] Meshing surface 254 (Plane, Delaunay)
Info    : [ 90%] Meshing surface 255 (Plane, Delaunay)
Info    : [ 90%] Meshing surface 256 (Plane, Delaunay)
Info    : [ 90%] Meshing surface 257 (Plane, Delaunay)
Info    : [ 90%] Meshing surface 258 (Plane, Delaunay)
Info    : [ 90%] Meshing surface 259 (Plane, Delaunay)
Info    : [ 90%] Meshing surface 260 (Plane, Delaunay)
Info    : [ 90%] Meshing surface 261 (Plane, Delaunay)
Info    : [ 90%] Meshing surface 262 (Plane, Delaunay)
Info    : [ 90%] Meshing surface 263 (Plane, Delaunay)
Info    : [ 90%] Meshing surface 264 (Plane, Delaunay)
Info    : [ 90%] Meshing surface 265 (Plane, Delaunay)
Info    : [ 90%] Meshing surface 266 (Plane, Delaunay)
Info    : [ 90%] Meshing surface 267 (Plane, Delaunay)
Info    : [ 90%] Meshing surface 268 (Plane, Delaunay)
Info    : [100%] Meshing surface 269 (Plane, Delaunay)
Info    : [100%] Meshing surface 270 (Plane, Delaunay)
Info    : [100%] Meshing surface 271 (Plane, Delaunay)
Info    : [100%] Meshing surface 272 (Plane, Delaunay)
Info    : [100%] Meshing surface 273 (Plane, Delaunay)
Info    : [100%] Meshing surface 274 (Plane, Delaunay)
Info    : [100%] Meshing surface 275 (Plane, Delaunay)
Info    : [100%] Meshing surface 276 (Plane, Delaunay)
Info    : [100%] Meshing surface 277 (Plane, Delaunay)
Info    : [100%] Meshing surface 278 (Plane, Delaunay)
Info    : [100%] Meshing surface 279 (Plane, Delaunay)
Info    : [100%] Meshing surface 280 (Plane, Delaunay)
Info    : [100%] Meshing surface 281 (Plane, Delaunay)
Info    : [100%] Meshing surface 282 (Plane, Delaunay)
Info    : Done meshing 2D (Wall 0.365019s, CPU 0.364965s)
Info    : Meshing 3D...
Info    : 3D Meshing 16 volumes with 1 connected component
Info    : Tetrahedrizing 3236 nodes...
Info    : Done tetrahedrizing 3244 nodes (Wall 0.0415187s, CPU 0.04151s)
Info    : Reconstructing mesh...
Info    :  - Creating surface mesh
Info    :  - Identifying boundary edges
Info    :  - Recovering boundary
Info    :  - Added 19 Steiner points
Info    : Done reconstructing mesh (Wall 0.148453s, CPU 0.148428s)
Info    : Found volume 27
Info    : Found volume 28
Info    : Found volume 23
Info    : Found volume 12
Info    : Found volume 26
Info    : Found volume 30
Info    : Found volume 29
Info    : Found volume 7
Info    : Found volume 6
Info    : Found volume 8
Info    : Found volume 25
Info    : Found volume 24
Info    : Found volume 31
Info    : Found volume 10
Info    : Found volume 11
Info    : Found volume 9
Info    : It. 0 - 0 nodes created - worst tet radius 16.5981 (nodes removed 0 0)
Info    : It. 500 - 1 nodes created - worst tet radius 3.2939 (nodes removed 0 499)
Info    : It. 1000 - 41 nodes created - worst tet radius 1.64154 (nodes removed 0 959)
Info    : It. 1500 - 138 nodes created - worst tet radius 1.15381 (nodes removed 0 1362)
Info    : 3D refinement terminated (3508 nodes total):
Info    :  - 1 Delaunay cavities modified for star shapeness
Info    :  - 1678 nodes could not be inserted
Info    :  - 20712 tetrahedra created in 0.0697584 sec. (296910 tets/s)
Info    : 264 node relocations
Info    : Done meshing 3D (Wall 0.400482s, CPU 0.400429s)
Info    : Optimizing mesh...
Info    : Optimizing volume 6
Info    : Optimization starts (volume = 234) with worst = 0.209192 / average = 0.599865:
Info    : 0.00 < quality < 0.10 :         0 elements
Info    : 0.10 < quality < 0.20 :         0 elements
Info    : 0.20 < quality < 0.30 :        35 elements
Info    : 0.30 < quality < 0.40 :         7 elements
Info    : 0.40 < quality < 0.50 :         3 elements
Info    : 0.50 < quality < 0.60 :         6 elements
Info    : 0.60 < quality < 0.70 :        60 elements
Info    : 0.70 < quality < 0.80 :        46 elements
Info    : 0.80 < quality < 0.90 :        10 elements
Info    : 0.90 < quality < 1.00 :         1 elements
Info    : No ill-shaped tets in the mesh :-)
Info    : 0.00 < quality < 0.10 :         0 elements
Info    : 0.10 < quality < 0.20 :         0 elements
Info    : 0.20 < quality < 0.30 :        35 elements
Info    : 0.30 < quality < 0.40 :         7 elements
Info    : 0.40 < quality < 0.50 :         3 elements
Info    : 0.50 < quality < 0.60 :         6 elements
Info    : 0.60 < quality < 0.70 :        60 elements
Info    : 0.70 < quality < 0.80 :        46 elements
Info    : 0.80 < quality < 0.90 :        10 elements
Info    : 0.90 < quality < 1.00 :         1 elements
Info    : Optimizing volume 7
Info    : Optimization starts (volume = 234) with worst = 0.209192 / average = 0.599865:
Info    : 0.00 < quality < 0.10 :         0 elements
Info    : 0.10 < quality < 0.20 :         0 elements
Info    : 0.20 < quality < 0.30 :        35 elements
Info    : 0.30 < quality < 0.40 :         7 elements
Info    : 0.40 < quality < 0.50 :         3 elements
Info    : 0.50 < quality < 0.60 :         6 elements
Info    : 0.60 < quality < 0.70 :        60 elements
Info    : 0.70 < quality < 0.80 :        46 elements
Info    : 0.80 < quality < 0.90 :        10 elements
Info    : 0.90 < quality < 1.00 :         1 elements
Info    : No ill-shaped tets in the mesh :-)
Info    : 0.00 < quality < 0.10 :         0 elements
Info    : 0.10 < quality < 0.20 :         0 elements
Info    : 0.20 < quality < 0.30 :        35 elements
Info    : 0.30 < quality < 0.40 :         7 elements
Info    : 0.40 < quality < 0.50 :         3 elements
Info    : 0.50 < quality < 0.60 :         6 elements
Info    : 0.60 < quality < 0.70 :        60 elements
Info    : 0.70 < quality < 0.80 :        46 elements
Info    : 0.80 < quality < 0.90 :        10 elements
Info    : 0.90 < quality < 1.00 :         1 elements
Info    : Optimizing volume 8
Info    : Optimization starts (volume = 109.224) with worst = 0.219132 / average = 0.608138:
Info    : 0.00 < quality < 0.10 :         0 elements
Info    : 0.10 < quality < 0.20 :         0 elements
Info    : 0.20 < quality < 0.30 :         6 elements
Info    : 0.30 < quality < 0.40 :        10 elements
Info    : 0.40 < quality < 0.50 :        24 elements
Info    : 0.50 < quality < 0.60 :        14 elements
Info    : 0.60 < quality < 0.70 :        18 elements
Info    : 0.70 < quality < 0.80 :        18 elements
Info    : 0.80 < quality < 0.90 :        20 elements
Info    : 0.90 < quality < 1.00 :         4 elements
Info    : No ill-shaped tets in the mesh :-)
Info    : 0.00 < quality < 0.10 :         0 elements
Info    : 0.10 < quality < 0.20 :         0 elements
Info    : 0.20 < quality < 0.30 :         6 elements
Info    : 0.30 < quality < 0.40 :        10 elements
Info    : 0.40 < quality < 0.50 :        24 elements
Info    : 0.50 < quality < 0.60 :        14 elements
Info    : 0.60 < quality < 0.70 :        18 elements
Info    : 0.70 < quality < 0.80 :        18 elements
Info    : 0.80 < quality < 0.90 :        20 elements
Info    : 0.90 < quality < 1.00 :         4 elements
Info    : Optimizing volume 9
Info    : Optimization starts (volume = 2.268) with worst = 0.266475 / average = 0.325093:
Info    : 0.00 < quality < 0.10 :         0 elements
Info    : 0.10 < quality < 0.20 :         0 elements
Info    : 0.20 < quality < 0.30 :         4 elements
Info    : 0.30 < quality < 0.40 :         8 elements
Info    : 0.40 < quality < 0.50 :         0 elements
Info    : 0.50 < quality < 0.60 :         0 elements
Info    : 0.60 < quality < 0.70 :         0 elements
Info    : 0.70 < quality < 0.80 :         0 elements
Info    : 0.80 < quality < 0.90 :         0 elements
Info    : 0.90 < quality < 1.00 :         0 elements
Info    : No ill-shaped tets in the mesh :-)
Info    : 0.00 < quality < 0.10 :         0 elements
Info    : 0.10 < quality < 0.20 :         0 elements
Info    : 0.20 < quality < 0.30 :         4 elements
Info    : 0.30 < quality < 0.40 :         8 elements
Info    : 0.40 < quality < 0.50 :         0 elements
Info    : 0.50 < quality < 0.60 :         0 elements
Info    : 0.60 < quality < 0.70 :         0 elements
Info    : 0.70 < quality < 0.80 :         0 elements
Info    : 0.80 < quality < 0.90 :         0 elements
Info    : 0.90 < quality < 1.00 :         0 elements
Info    : Optimizing volume 10
Info    : Optimization starts (volume = 2.268) with worst = 0.266475 / average = 0.325093:
Info    : 0.00 < quality < 0.10 :         0 elements
Info    : 0.10 < quality < 0.20 :         0 elements
Info    : 0.20 < quality < 0.30 :         4 elements
Info    : 0.30 < quality < 0.40 :         8 elements
Info    : 0.40 < quality < 0.50 :         0 elements
Info    : 0.50 < quality < 0.60 :         0 elements
Info    : 0.60 < quality < 0.70 :         0 elements
Info    : 0.70 < quality < 0.80 :         0 elements
Info    : 0.80 < quality < 0.90 :         0 elements
Info    : 0.90 < quality < 1.00 :         0 elements
Info    : No ill-shaped tets in the mesh :-)
Info    : 0.00 < quality < 0.10 :         0 elements
Info    : 0.10 < quality < 0.20 :         0 elements
Info    : 0.20 < quality < 0.30 :         4 elements
Info    : 0.30 < quality < 0.40 :         8 elements
Info    : 0.40 < quality < 0.50 :         0 elements
Info    : 0.50 < quality < 0.60 :         0 elements
Info    : 0.60 < quality < 0.70 :         0 elements
Info    : 0.70 < quality < 0.80 :         0 elements
Info    : 0.80 < quality < 0.90 :         0 elements
Info    : 0.90 < quality < 1.00 :         0 elements
Info    : Optimizing volume 11
Info    : Optimization starts (volume = 2.268) with worst = 0.266475 / average = 0.325093:
Info    : 0.00 < quality < 0.10 :         0 elements
Info    : 0.10 < quality < 0.20 :         0 elements
Info    : 0.20 < quality < 0.30 :         4 elements
Info    : 0.30 < quality < 0.40 :         8 elements
Info    : 0.40 < quality < 0.50 :         0 elements
Info    : 0.50 < quality < 0.60 :         0 elements
Info    : 0.60 < quality < 0.70 :         0 elements
Info    : 0.70 < quality < 0.80 :         0 elements
Info    : 0.80 < quality < 0.90 :         0 elements
Info    : 0.90 < quality < 1.00 :         0 elements
Info    : No ill-shaped tets in the mesh :-)
Info    : 0.00 < quality < 0.10 :         0 elements
Info    : 0.10 < quality < 0.20 :         0 elements
Info    : 0.20 < quality < 0.30 :         4 elements
Info    : 0.30 < quality < 0.40 :         8 elements
Info    : 0.40 < quality < 0.50 :         0 elements
Info    : 0.50 < quality < 0.60 :         0 elements
Info    : 0.60 < quality < 0.70 :         0 elements
Info    : 0.70 < quality < 0.80 :         0 elements
Info    : 0.80 < quality < 0.90 :         0 elements
Info    : 0.90 < quality < 1.00 :         0 elements
Info    : Optimizing volume 12
Info    : Optimization starts (volume = 2.268) with worst = 0.0280207 / average = 0.26468:
Info    : 0.00 < quality < 0.10 :         6 elements
Info    : 0.10 < quality < 0.20 :         0 elements
Info    : 0.20 < quality < 0.30 :         2 elements
Info    : 0.30 < quality < 0.40 :         7 elements
Info    : 0.40 < quality < 0.50 :         0 elements
Info    : 0.50 < quality < 0.60 :         0 elements
Info    : 0.60 < quality < 0.70 :         2 elements
Info    : 0.70 < quality < 0.80 :         0 elements
Info    : 0.80 < quality < 0.90 :         0 elements
Info    : 0.90 < quality < 1.00 :         0 elements
Info    : 1 edge swaps, 2 node relocations (volume = 2.268): worst = 0.0473347 / average = 0.279504 (Wall 6.5156e-05s, CPU 5.6e-05s)
Info    : 2 edge swaps, 2 node relocations (volume = 2.268): worst = 0.0473347 / average = 0.315614 (Wall 0.000135353s, CPU 0.000117s)
Info    : No ill-shaped tets in the mesh :-)
Info    : 0.00 < quality < 0.10 :         3 elements
Info    : 0.10 < quality < 0.20 :         2 elements
Info    : 0.20 < quality < 0.30 :         2 elements
Info    : 0.30 < quality < 0.40 :         5 elements
Info    : 0.40 < quality < 0.50 :         0 elements
Info    : 0.50 < quality < 0.60 :         1 elements
Info    : 0.60 < quality < 0.70 :         2 elements
Info    : 0.70 < quality < 0.80 :         0 elements
Info    : 0.80 < quality < 0.90 :         0 elements
Info    : 0.90 < quality < 1.00 :         0 elements
Info    : Optimizing volume 23
Info    : Optimization starts (volume = 4131.79) with worst = 0.00526632 / average = 0.13706:
Info    : 0.00 < quality < 0.10 :       137 elements
Info    : 0.10 < quality < 0.20 :      1527 elements
Info    : 0.20 < quality < 0.30 :        98 elements
Info    : 0.30 < quality < 0.40 :         4 elements
Info    : 0.40 < quality < 0.50 :         0 elements
Info    : 0.50 < quality < 0.60 :         0 elements
Info    : 0.60 < quality < 0.70 :         0 elements
Info    : 0.70 < quality < 0.80 :         0 elements
Info    : 0.80 < quality < 0.90 :         0 elements
Info    : 0.90 < quality < 1.00 :         0 elements
Info    : 149 edge swaps, 21 node relocations (volume = 4131.79): worst = 0.00651099 / average = 0.138449 (Wall 0.0109332s, CPU 0.010934s)
Info    : 152 edge swaps, 39 node relocations (volume = 4131.79): worst = 0.00651099 / average = 0.138485 (Wall 0.0207833s, CPU 0.020705s)
Info    : No ill-shaped tets in the mesh :-)
Info    : 0.00 < quality < 0.10 :       107 elements
Info    : 0.10 < quality < 0.20 :      1520 elements
Info    : 0.20 < quality < 0.30 :        94 elements
Info    : 0.30 < quality < 0.40 :         6 elements
Info    : 0.40 < quality < 0.50 :         0 elements
Info    : 0.50 < quality < 0.60 :         0 elements
Info    : 0.60 < quality < 0.70 :         0 elements
Info    : 0.70 < quality < 0.80 :         0 elements
Info    : 0.80 < quality < 0.90 :         0 elements
Info    : 0.90 < quality < 1.00 :         0 elements
Info    : Optimizing volume 24
Info    : Optimization starts (volume = 2944.25) with worst = 0.123502 / average = 0.762524:
Info    : 0.00 < quality < 0.10 :         0 elements
Info    : 0.10 < quality < 0.20 :         4 elements
Info    : 0.20 < quality < 0.30 :        10 elements
Info    : 0.30 < quality < 0.40 :        11 elements
Info    : 0.40 < quality < 0.50 :        10 elements
Info    : 0.50 < quality < 0.60 :        32 elements
Info    : 0.60 < quality < 0.70 :       284 elements
Info    : 0.70 < quality < 0.80 :        98 elements
Info    : 0.80 < quality < 0.90 :       310 elements
Info    : 0.90 < quality < 1.00 :       186 elements
Info    : 4 edge swaps, 0 node relocations (volume = 2944.25): worst = 0.258342 / average = 0.765491 (Wall 0.000622697s, CPU 0.000637s)
Info    : No ill-shaped tets in the mesh :-)
Info    : 0.00 < quality < 0.10 :         0 elements
Info    : 0.10 < quality < 0.20 :         0 elements
Info    : 0.20 < quality < 0.30 :         8 elements
Info    : 0.30 < quality < 0.40 :        13 elements
Info    : 0.40 < quality < 0.50 :        10 elements
Info    : 0.50 < quality < 0.60 :        32 elements
Info    : 0.60 < quality < 0.70 :       284 elements
Info    : 0.70 < quality < 0.80 :        97 elements
Info    : 0.80 < quality < 0.90 :       311 elements
Info    : 0.90 < quality < 1.00 :       186 elements
Info    : Optimizing volume 25
Info    : Optimization starts (volume = 816.556) with worst = 0.0878041 / average = 0.733981:
Info    : 0.00 < quality < 0.10 :         1 elements
Info    : 0.10 < quality < 0.20 :         4 elements
Info    : 0.20 < quality < 0.30 :         8 elements
Info    : 0.30 < quality < 0.40 :        11 elements
Info    : 0.40 < quality < 0.50 :         9 elements
Info    : 0.50 < quality < 0.60 :        12 elements
Info    : 0.60 < quality < 0.70 :        79 elements
Info    : 0.70 < quality < 0.80 :        19 elements
Info    : 0.80 < quality < 0.90 :       107 elements
Info    : 0.90 < quality < 1.00 :        52 elements
Info    : 4 edge swaps, 0 node relocations (volume = 816.556): worst = 0.255884 / average = 0.738626 (Wall 0.000159002s, CPU 0.000159s)
Info    : 5 edge swaps, 0 node relocations (volume = 816.556): worst = 0.258342 / average = 0.738958 (Wall 0.000223602s, CPU 0.000224s)
Info    : No ill-shaped tets in the mesh :-)
Info    : 0.00 < quality < 0.10 :         0 elements
Info    : 0.10 < quality < 0.20 :         0 elements
Info    : 0.20 < quality < 0.30 :         8 elements
Info    : 0.30 < quality < 0.40 :        15 elements
Info    : 0.40 < quality < 0.50 :         8 elements
Info    : 0.50 < quality < 0.60 :        13 elements
Info    : 0.60 < quality < 0.70 :        79 elements
Info    : 0.70 < quality < 0.80 :        18 elements
Info    : 0.80 < quality < 0.90 :       107 elements
Info    : 0.90 < quality < 1.00 :        52 elements
Info    : Optimizing volume 26
Info    : Optimization starts (volume = 1.5368e+07) with worst = 0.0614461 / average = 0.614917:
Info    : 0.00 < quality < 0.10 :         2 elements
Info    : 0.10 < quality < 0.20 :        22 elements
Info    : 0.20 < quality < 0.30 :        29 elements
Info    : 0.30 < quality < 0.40 :        82 elements
Info    : 0.40 < quality < 0.50 :       193 elements
Info    : 0.50 < quality < 0.60 :       309 elements
Info    : 0.60 < quality < 0.70 :       322 elements
Info    : 0.70 < quality < 0.80 :       217 elements
Info    : 0.80 < quality < 0.90 :       160 elements
Info    : 0.90 < quality < 1.00 :        56 elements
Info    : 50 edge swaps, 4 node relocations (volume = 1.5368e+07): worst = 0.277731 / average = 0.630658 (Wall 0.00100405s, CPU 0.000999s)
Info    : 55 edge swaps, 6 node relocations (volume = 1.5368e+07): worst = 0.284712 / average = 0.631931 (Wall 0.00122605s, CPU 0.001228s)
Info    : 56 edge swaps, 7 node relocations (volume = 1.5368e+07): worst = 0.290225 / average = 0.631937 (Wall 0.00144355s, CPU 0.001445s)
Info    : 57 edge swaps, 8 node relocations (volume = 1.5368e+07): worst = 0.292834 / average = 0.631838 (Wall 0.00155023s, CPU 0.001552s)
Info    : No ill-shaped tets in the mesh :-)
Info    : 0.00 < quality < 0.10 :         0 elements
Info    : 0.10 < quality < 0.20 :         0 elements
Info    : 0.20 < quality < 0.30 :         2 elements
Info    : 0.30 < quality < 0.40 :        91 elements
Info    : 0.40 < quality < 0.50 :       184 elements
Info    : 0.50 < quality < 0.60 :       312 elements
Info    : 0.60 < quality < 0.70 :       315 elements
Info    : 0.70 < quality < 0.80 :       222 elements
Info    : 0.80 < quality < 0.90 :       161 elements
Info    : 0.90 < quality < 1.00 :        61 elements
Info    : Optimizing volume 27
Info    : Optimization starts (volume = 30735.9) with worst = 0.000550298 / average = 0.0311536:
Info    : 0.00 < quality < 0.10 :      1572 elements
Info    : 0.10 < quality < 0.20 :       106 elements
Info    : 0.20 < quality < 0.30 :         1 elements
Info    : 0.30 < quality < 0.40 :         0 elements
Info    : 0.40 < quality < 0.50 :         0 elements
Info    : 0.50 < quality < 0.60 :         0 elements
Info    : 0.60 < quality < 0.70 :         0 elements
Info    : 0.70 < quality < 0.80 :         0 elements
Info    : 0.80 < quality < 0.90 :         0 elements
Info    : 0.90 < quality < 1.00 :         0 elements
Info    : 202 edge swaps, 0 node relocations (volume = 30735.9): worst = 0.000550298 / average = 0.0299488 (Wall 0.0116162s, CPU 0.011612s)
Info    : 209 edge swaps, 0 node relocations (volume = 30735.9): worst = 0.000550298 / average = 0.029917 (Wall 0.0237871s, CPU 0.023783s)
Warning : 7 ill-shaped tets are still in the mesh
Info    : 0.00 < quality < 0.10 :      1500 elements
Info    : 0.10 < quality < 0.20 :        83 elements
Info    : 0.20 < quality < 0.30 :         1 elements
Info    : 0.30 < quality < 0.40 :         0 elements
Info    : 0.40 < quality < 0.50 :         0 elements
Info    : 0.50 < quality < 0.60 :         0 elements
Info    : 0.60 < quality < 0.70 :         0 elements
Info    : 0.70 < quality < 0.80 :         0 elements
Info    : 0.80 < quality < 0.90 :         0 elements
Info    : 0.90 < quality < 1.00 :         0 elements
Info    : Optimizing volume 28
Info    : Optimization starts (volume = 1.20023e+06) with worst = 9.01932e-05 / average = 0.455404:
Info    : 0.00 < quality < 0.10 :       301 elements
Info    : 0.10 < quality < 0.20 :      1600 elements
Info    : 0.20 < quality < 0.30 :       994 elements
Info    : 0.30 < quality < 0.40 :      1012 elements
Info    : 0.40 < quality < 0.50 :      1318 elements
Info    : 0.50 < quality < 0.60 :      1322 elements
Info    : 0.60 < quality < 0.70 :       961 elements
Info    : 0.70 < quality < 0.80 :       754 elements
Info    : 0.80 < quality < 0.90 :       639 elements
Info    : 0.90 < quality < 1.00 :       302 elements
Info    : 565 edge swaps, 24 node relocations (volume = 1.20023e+06): worst = 0.00133556 / average = 0.467476 (Wall 0.026948s, CPU 0.026947s)
Info    : 632 edge swaps, 33 node relocations (volume = 1.20023e+06): worst = 0.00133556 / average = 0.467577 (Wall 0.0469391s, CPU 0.046931s)
Info    : No ill-shaped tets in the mesh :-)
Info    : 0.00 < quality < 0.10 :       172 elements
Info    : 0.10 < quality < 0.20 :      1413 elements
Info    : 0.20 < quality < 0.30 :       877 elements
Info    : 0.30 < quality < 0.40 :      1009 elements
Info    : 0.40 < quality < 0.50 :      1266 elements
Info    : 0.50 < quality < 0.60 :      1337 elements
Info    : 0.60 < quality < 0.70 :       983 elements
Info    : 0.70 < quality < 0.80 :       759 elements
Info    : 0.80 < quality < 0.90 :       586 elements
Info    : 0.90 < quality < 1.00 :       297 elements
Info    : Optimizing volume 29
Info    : Optimization starts (volume = 288149) with worst = 0.0174632 / average = 0.506003:
Info    : 0.00 < quality < 0.10 :        32 elements
Info    : 0.10 < quality < 0.20 :       143 elements
Info    : 0.20 < quality < 0.30 :       214 elements
Info    : 0.30 < quality < 0.40 :       288 elements
Info    : 0.40 < quality < 0.50 :       431 elements
Info    : 0.50 < quality < 0.60 :       512 elements
Info    : 0.60 < quality < 0.70 :       507 elements
Info    : 0.70 < quality < 0.80 :       290 elements
Info    : 0.80 < quality < 0.90 :        63 elements
Info    : 0.90 < quality < 1.00 :         3 elements
Info    : 115 edge swaps, 0 node relocations (volume = 288149): worst = 0.0673142 / average = 0.515667 (Wall 0.00259106s, CPU 0.002592s)
Info    : 119 edge swaps, 0 node relocations (volume = 288149): worst = 0.0673142 / average = 0.515616 (Wall 0.00452043s, CPU 0.004522s)
Info    : No ill-shaped tets in the mesh :-)
Info    : 0.00 < quality < 0.10 :        14 elements
Info    : 0.10 < quality < 0.20 :       108 elements
Info    : 0.20 < quality < 0.30 :       180 elements
Info    : 0.30 < quality < 0.40 :       310 elements
Info    : 0.40 < quality < 0.50 :       419 elements
Info    : 0.50 < quality < 0.60 :       497 elements
Info    : 0.60 < quality < 0.70 :       508 elements
Info    : 0.70 < quality < 0.80 :       292 elements
Info    : 0.80 < quality < 0.90 :        63 elements
Info    : 0.90 < quality < 1.00 :         3 elements
Info    : Optimizing volume 30
Info    : Optimization starts (volume = 1.38312e+07) with worst = 0.0292211 / average = 0.590375:
Info    : 0.00 < quality < 0.10 :         6 elements
Info    : 0.10 < quality < 0.20 :        18 elements
Info    : 0.20 < quality < 0.30 :        30 elements
Info    : 0.30 < quality < 0.40 :        97 elements
Info    : 0.40 < quality < 0.50 :       260 elements
Info    : 0.50 < quality < 0.60 :       399 elements
Info    : 0.60 < quality < 0.70 :       285 elements
Info    : 0.70 < quality < 0.80 :       192 elements
Info    : 0.80 < quality < 0.90 :       134 elements
Info    : 0.90 < quality < 1.00 :        40 elements
Info    : 46 edge swaps, 2 node relocations (volume = 1.38312e+07): worst = 0.266721 / average = 0.601123 (Wall 0.000603572s, CPU 0.000607s)
Info    : 49 edge swaps, 4 node relocations (volume = 1.38312e+07): worst = 0.268151 / average = 0.601268 (Wall 0.000813301s, CPU 0.000817s)
Info    : 50 edge swaps, 4 node relocations (volume = 1.38312e+07): worst = 0.268151 / average = 0.601695 (Wall 0.000968919s, CPU 0.000972s)
Info    : No ill-shaped tets in the mesh :-)
Info    : 0.00 < quality < 0.10 :         0 elements
Info    : 0.10 < quality < 0.20 :         0 elements
Info    : 0.20 < quality < 0.30 :         7 elements
Info    : 0.30 < quality < 0.40 :       109 elements
Info    : 0.40 < quality < 0.50 :       266 elements
Info    : 0.50 < quality < 0.60 :       387 elements
Info    : 0.60 < quality < 0.70 :       288 elements
Info    : 0.70 < quality < 0.80 :       193 elements
Info    : 0.80 < quality < 0.90 :       135 elements
Info    : 0.90 < quality < 1.00 :        39 elements
Info    : Optimizing volume 31
Info    : Optimization starts (volume = 4.03962e+07) with worst = 0.00325211 / average = 0.545592:
Info    : 0.00 < quality < 0.10 :       104 elements
Info    : 0.10 < quality < 0.20 :        48 elements
Info    : 0.20 < quality < 0.30 :        42 elements
Info    : 0.30 < quality < 0.40 :        48 elements
Info    : 0.40 < quality < 0.50 :        66 elements
Info    : 0.50 < quality < 0.60 :       140 elements
Info    : 0.60 < quality < 0.70 :       192 elements
Info    : 0.70 < quality < 0.80 :       266 elements
Info    : 0.80 < quality < 0.90 :        56 elements
Info    : 0.90 < quality < 1.00 :        16 elements
Info    : 50 edge swaps, 0 node relocations (volume = 4.03962e+07): worst = 0.00528141 / average = 0.562485 (Wall 0.00139273s, CPU 0.001393s)
Info    : No ill-shaped tets in the mesh :-)
Info    : 0.00 < quality < 0.10 :        88 elements
Info    : 0.10 < quality < 0.20 :        24 elements
Info    : 0.20 < quality < 0.30 :        44 elements
Info    : 0.30 < quality < 0.40 :        46 elements
Info    : 0.40 < quality < 0.50 :        69 elements
Info    : 0.50 < quality < 0.60 :       135 elements
Info    : 0.60 < quality < 0.70 :       197 elements
Info    : 0.70 < quality < 0.80 :       271 elements
Info    : 0.80 < quality < 0.90 :        56 elements
Info    : 0.90 < quality < 1.00 :        16 elements
Info    : Done optimizing mesh (Wall 0.138883s, CPU 0.136726s)
Info    : 3508 nodes 28129 elements
Warning : ------------------------------
Warning : Mesh generation error summary
Warning :     1 warning
Warning :     0 errors
Warning : Check the full log for details
Warning : ------------------------------
Info    : Writing '/foss/designs/inductor_synth/palace_model/inductor2_N2_do73.59_w4_s3_data/inductor2_N2_do73.59_w4_s3.msh'...
Info    : Done writing '/foss/designs/inductor_synth/palace_model/inductor2_N2_do73.59_w4_s3_data/inductor2_N2_do73.59_w4_s3.msh'
Info    : Clearing all models and views...
Info    : Done clearing all models and views
>> /usr/bin/mpirun -n 1 /foss/tools/bin/palace-x86_64.bin config.json

_____________     _______
_____   __   \____ __   /____ ____________
____   /_/  /  __ ` /  /  __ ` /  ___/  _ \
___   _____/  /_/  /  /  /_/  /  /__/  ___/
  /__/     \___,__/__/\___,__/\_____\_____/

Git changeset ID: v0.17.0-227-gc531cf3e
Running with 1 MPI process
Device configuration: cpu
Memory configuration: host-std
libCEED backend: /cpu/self/xsmm/blocked

Added 3150 boundary elements for material interfaces to the mesh

Characteristic length and time scales:
 Lc = 4.999e-04 m, tc = 1.667e-03 ns
Finished partitioning mesh into 1 subdomain

Mesh curvature order: 1
Mesh bounding box:
 (Xmin, Ymin, Zmin) = (-1.886e-04, -1.886e-04, -5.000e-05) m
 (Xmax, Ymax, Zmax) = (+1.886e-04, +1.886e-04, +4.499e-04) m

Parallel Mesh Stats:

                minimum     average     maximum       total
 vertices          3491        3491        3491        3491
 edges            21792       21792       21792       21792
 faces            34917       34917       34917       34917
 elements         16610       16610       16610       16610
 neighbors            0           0           0

            minimum     maximum
 h       0.00165019    0.219696
 kappa      1.07143     450.232

Estimated current per-rank memory usage is: Min. 42.1M, Max. 42.1M, Avg. 42.1M, Total 42.1M
Estimated current per-node memory usage is: Min. 42.1M, Max. 42.1M, Avg. 42.1M, Total 42.1M

Configuring Robin absorbing BC (order 2) at attributes:
 22

Configuring Robin finite conductivity BC at attributes:
 2: σ = 2.164e+07 S/m, h = 4.200e-07 m, n = (+0.0,+0.0,+1.0)
 3: σ = 2.164e+07 S/m, h = 4.200e-07 m, n = (+0.7,+0.7,+0.0)
 4: σ = 2.780e+07 S/m, h = 2.000e-06 m, n = (+0.0,+0.0,-1.0)
 5: σ = 2.780e+07 S/m, h = 2.000e-06 m, n = (+1.0,-0.1,+0.0)
 6: σ = 2.780e+07 S/m, h = 2.000e-06 m, n = (+0.0,+0.0,-1.0)
 7: σ = 2.780e+07 S/m, h = 2.000e-06 m, n = (+1.0,-0.1,+0.0)
 8: σ = 2.780e+07 S/m, h = 2.000e-06 m, n = (+0.0,+0.0,+1.0)
 9: σ = 2.780e+07 S/m, h = 2.000e-06 m, n = (+0.5,+0.9,-0.0)
 10: σ = 3.030e+07 S/m, h = 3.000e-06 m, n = (+0.0,+0.0,+1.0)
 11: σ = 3.030e+07 S/m, h = 3.000e-06 m, n = (-0.9,+0.4,-0.0)
 12: σ = 3.030e+07 S/m, h = 3.000e-06 m, n = (-0.0,-0.0,+1.0)
 13: σ = 3.030e+07 S/m, h = 3.000e-06 m, n = (+1.0,-0.3,-0.0)

Configuring Robin impedance BC for lumped ports at attributes:
 20: Rs = 3.018e+01 Ω/sq, n = (+0.0,+1.0,+0.0)
 21: Rs = 3.018e+01 Ω/sq, n = (+0.0,+1.0,+0.0)

Configuring lumped port circuit properties:
 Index = 1: R = 5.000e+01 Ω
 Index = 2: R = 5.000e+01 Ω

Configuring lumped port excitation source term at attributes:
 20: Index = 1
 21: Index = 2

Computing adaptive fast frequency response for:
Excitation 1/2 with index 1 has contributions from:
 Lumped port  1
Excitation 2/2 with index 2 has contributions from:
 Lumped port  2

Beginning PROM construction offline phase:
 82 points for frequency sweep over [1.000e-02, 4.000e+01] GHz

Assembling system matrices, number of global unknowns:
 H1 (p = 2): 25283, ND (p = 2): 113418, RT (p = 2): 154581
 Operator assembly level: Partial
 Mesh geometries:
  Tetrahedron: P = 20, Q = 14 (quadrature order = 4)
 SuperLUSolver: Using 2D processor grid 1 x 1

Adding excitation index 1 (1/2):

Assembling multigrid hierarchy:
 Level 0 (p = 1): 21792 unknowns
 Level 1 (p = 2): 113418 unknowns
 Level 0 (auxiliary) (p = 1): 3491 unknowns
 Level 1 (auxiliary) (p = 2): 25283 unknowns

  Residual norms for GMRES solve

** Memory Usage **********************************
** Total highmark (MB):
    Sum-of-all :   116.59 | Avg :   116.59  | Max :   116.59
    Max at rank 0, different stages (MB):
	. symbfact           10.44
	. distribution      116.59
	. numfact            92.94
** NUMfact space (MB): (sum-of-all-processes)
    L\U :           53.33 |  Total :    92.94
	. max at rank 0, max L+U memory (MB):    53.33
	. max at rank 0, peak buffer (MB):       39.61
**************************************************

** number of Tiny Pivots:        0

  0 (restart 0) KSP residual norm 2.097973e+01
  1 (restart 0) KSP residual norm 2.368810e+00
  2 (restart 0) KSP residual norm 4.413649e-01
  3 (restart 0) KSP residual norm 2.048182e-01
  4 (restart 0) KSP residual norm 1.509758e-01
  5 (restart 0) KSP residual norm 7.994852e-02
  6 (restart 0) KSP residual norm 4.586658e-02
  7 (restart 0) KSP residual norm 3.756820e-02
  8 (restart 0) KSP residual norm 2.203230e-02
  9 (restart 0) KSP residual norm 1.552574e-02
 10 (restart 0) KSP residual norm 1.062192e-02
 11 (restart 0) KSP residual norm 5.908406e-03
 12 (restart 0) KSP residual norm 4.579661e-03
 13 (restart 0) KSP residual norm 2.967082e-03
 14 (restart 0) KSP residual norm 2.239757e-03
 15 (restart 0) KSP residual norm 1.597234e-03
 16 (restart 0) KSP residual norm 1.057897e-03
 17 (restart 0) KSP residual norm 8.025011e-04
 18 (restart 0) KSP residual norm 5.595526e-04
 19 (restart 0) KSP residual norm 4.368933e-04
 20 (restart 0) KSP residual norm 3.301374e-04
 21 (restart 0) KSP residual norm 2.630034e-04
 22 (restart 0) KSP residual norm 2.099849e-04
 23 (restart 0) KSP residual norm 1.741185e-04
 24 (restart 0) KSP residual norm 1.403937e-04
 25 (restart 0) KSP residual norm 1.165556e-04
 26 (restart 0) KSP residual norm 9.672201e-05
 27 (restart 0) KSP residual norm 7.979716e-05
 28 (restart 0) KSP residual norm 6.474074e-05
 29 (restart 0) KSP residual norm 5.327699e-05
 30 (restart 0) KSP residual norm 4.430144e-05
 31 (restart 0) KSP residual norm 3.487201e-05
 32 (restart 0) KSP residual norm 2.803734e-05
 33 (restart 0) KSP residual norm 2.302133e-05
 34 (restart 0) KSP residual norm 1.935484e-05
GMRES solver converged in 34 iterations (avg. reduction factor: 6.645e-01)
 Field energy E (6.269e-13 J) + H (4.005e-12 J) = 4.632e-12 J

  Residual norms for GMRES solve

** Memory Usage **********************************
** Total highmark (MB):
    Sum-of-all :    97.97 | Avg :    97.97  | Max :    97.97
    Max at rank 0, different stages (MB):
	. symbfact            0.00
	. distribution       97.97
	. numfact            92.94
** NUMfact space (MB): (sum-of-all-processes)
    L\U :           53.33 |  Total :    92.94
	. max at rank 0, max L+U memory (MB):    53.33
	. max at rank 0, peak buffer (MB):       39.61
**************************************************

** number of Tiny Pivots:        0

  0 (restart 0) KSP residual norm 2.755060e+01
  1 (restart 0) KSP residual norm 1.135873e+01
  2 (restart 0) KSP residual norm 2.838181e+00
  3 (restart 0) KSP residual norm 7.723472e-01
  4 (restart 0) KSP residual norm 4.647268e-01
  5 (restart 0) KSP residual norm 3.129748e-01
  6 (restart 0) KSP residual norm 1.567685e-01
  7 (restart 0) KSP residual norm 1.143758e-01
  8 (restart 0) KSP residual norm 5.499169e-02
  9 (restart 0) KSP residual norm 3.544064e-02
 10 (restart 0) KSP residual norm 2.563902e-02
 11 (restart 0) KSP residual norm 1.939032e-02
 12 (restart 0) KSP residual norm 1.280641e-02
 13 (restart 0) KSP residual norm 8.710738e-03
 14 (restart 0) KSP residual norm 5.999662e-03
 15 (restart 0) KSP residual norm 4.212416e-03
 16 (restart 0) KSP residual norm 3.197044e-03
 17 (restart 0) KSP residual norm 2.316018e-03
 18 (restart 0) KSP residual norm 1.786227e-03
 19 (restart 0) KSP residual norm 1.495275e-03
 20 (restart 0) KSP residual norm 1.133424e-03
 21 (restart 0) KSP residual norm 8.664151e-04
 22 (restart 0) KSP residual norm 6.819634e-04
 23 (restart 0) KSP residual norm 5.476307e-04
 24 (restart 0) KSP residual norm 4.453528e-04
 25 (restart 0) KSP residual norm 3.569106e-04
 26 (restart 0) KSP residual norm 2.903792e-04
 27 (restart 0) KSP residual norm 2.431016e-04
 28 (restart 0) KSP residual norm 2.072335e-04
 29 (restart 0) KSP residual norm 1.688983e-04
 30 (restart 0) KSP residual norm 1.386966e-04
 31 (restart 0) KSP residual norm 1.168049e-04
 32 (restart 0) KSP residual norm 9.949635e-05
 33 (restart 0) KSP residual norm 8.684614e-05
 34 (restart 0) KSP residual norm 7.758313e-05
 35 (restart 0) KSP residual norm 6.918354e-05
 36 (restart 0) KSP residual norm 6.267650e-05
 37 (restart 0) KSP residual norm 5.553032e-05
 38 (restart 0) KSP residual norm 4.823555e-05
 39 (restart 0) KSP residual norm 4.115307e-05
 40 (restart 0) KSP residual norm 3.498439e-05
 41 (restart 0) KSP residual norm 3.002353e-05
 42 (restart 0) KSP residual norm 2.608891e-05
GMRES solver converged in 42 iterations (avg. reduction factor: 7.188e-01)
 Field energy E (1.066e-12 J) + H (2.253e-12 J) = 3.319e-12 J

  Residual norms for GMRES solve

** Memory Usage **********************************
** Total highmark (MB):
    Sum-of-all :    97.97 | Avg :    97.97  | Max :    97.97
    Max at rank 0, different stages (MB):
	. symbfact            0.00
	. distribution       97.97
	. numfact            92.94
** NUMfact space (MB): (sum-of-all-processes)
    L\U :           53.33 |  Total :    92.94
	. max at rank 0, max L+U memory (MB):    53.33
	. max at rank 0, peak buffer (MB):       39.61
**************************************************

** number of Tiny Pivots:        0

  0 (restart 0) KSP residual norm 2.155378e+01
  1 (restart 0) KSP residual norm 9.958177e+00
  2 (restart 0) KSP residual norm 2.011584e+00
  3 (restart 0) KSP residual norm 5.507043e-01
  4 (restart 0) KSP residual norm 3.054115e-01
  5 (restart 0) KSP residual norm 2.190244e-01
  6 (restart 0) KSP residual norm 8.573706e-02
  7 (restart 0) KSP residual norm 4.848581e-02
  8 (restart 0) KSP residual norm 3.606162e-02
  9 (restart 0) KSP residual norm 2.473065e-02
 10 (restart 0) KSP residual norm 1.942154e-02
 11 (restart 0) KSP residual norm 1.177118e-02
 12 (restart 0) KSP residual norm 8.178413e-03
 13 (restart 0) KSP residual norm 5.487770e-03
 14 (restart 0) KSP residual norm 3.841383e-03
 15 (restart 0) KSP residual norm 2.914713e-03
 16 (restart 0) KSP residual norm 2.159569e-03
 17 (restart 0) KSP residual norm 1.612511e-03
 18 (restart 0) KSP residual norm 1.198372e-03
 19 (restart 0) KSP residual norm 9.117350e-04
 20 (restart 0) KSP residual norm 7.371337e-04
 21 (restart 0) KSP residual norm 5.811806e-04
 22 (restart 0) KSP residual norm 4.832797e-04
 23 (restart 0) KSP residual norm 3.953528e-04
 24 (restart 0) KSP residual norm 3.305797e-04
 25 (restart 0) KSP residual norm 2.801767e-04
 26 (restart 0) KSP residual norm 2.285022e-04
 27 (restart 0) KSP residual norm 1.844420e-04
 28 (restart 0) KSP residual norm 1.465318e-04
 29 (restart 0) KSP residual norm 1.216782e-04
 30 (restart 0) KSP residual norm 1.032853e-04
 31 (restart 0) KSP residual norm 8.893236e-05
 32 (restart 0) KSP residual norm 7.587957e-05
 33 (restart 0) KSP residual norm 6.372673e-05
 34 (restart 0) KSP residual norm 5.401293e-05
 35 (restart 0) KSP residual norm 4.509696e-05
 36 (restart 0) KSP residual norm 3.824112e-05
 37 (restart 0) KSP residual norm 3.170308e-05
 38 (restart 0) KSP residual norm 2.627585e-05
 39 (restart 0) KSP residual norm 2.262225e-05
 40 (restart 0) KSP residual norm 1.954545e-05
GMRES solver converged in 40 iterations (avg. reduction factor: 7.062e-01)

Greedy iteration 1 (n = 4): ω* = 2.403e+01 GHz (2.518e-01), error = 9.261e-02, memory = 0/2
 Field energy E (7.189e-13 J) + H (2.915e-12 J) = 3.634e-12 J

  Residual norms for GMRES solve

** Memory Usage **********************************
** Total highmark (MB):
    Sum-of-all :    97.97 | Avg :    97.97  | Max :    97.97
    Max at rank 0, different stages (MB):
	. symbfact            0.00
	. distribution       97.97
	. numfact            92.94
** NUMfact space (MB): (sum-of-all-processes)
    L\U :           53.33 |  Total :    92.94
	. max at rank 0, max L+U memory (MB):    53.33
	. max at rank 0, peak buffer (MB):       39.61
**************************************************

** number of Tiny Pivots:        0

  0 (restart 0) KSP residual norm 1.638762e+01
  1 (restart 0) KSP residual norm 7.085281e+00
  2 (restart 0) KSP residual norm 2.635408e+00
  3 (restart 0) KSP residual norm 1.058002e+00
  4 (restart 0) KSP residual norm 3.443097e-01
  5 (restart 0) KSP residual norm 1.849618e-01
  6 (restart 0) KSP residual norm 1.474383e-01
  7 (restart 0) KSP residual norm 9.088256e-02
  8 (restart 0) KSP residual norm 5.516832e-02
  9 (restart 0) KSP residual norm 3.635763e-02
 10 (restart 0) KSP residual norm 2.808563e-02
 11 (restart 0) KSP residual norm 2.034435e-02
 12 (restart 0) KSP residual norm 1.444755e-02
 13 (restart 0) KSP residual norm 1.055240e-02
 14 (restart 0) KSP residual norm 7.906026e-03
 15 (restart 0) KSP residual norm 5.643449e-03
 16 (restart 0) KSP residual norm 4.181236e-03
 17 (restart 0) KSP residual norm 3.206480e-03
 18 (restart 0) KSP residual norm 2.390189e-03
 19 (restart 0) KSP residual norm 1.892513e-03
 20 (restart 0) KSP residual norm 1.492225e-03
 21 (restart 0) KSP residual norm 1.209197e-03
 22 (restart 0) KSP residual norm 9.906462e-04
 23 (restart 0) KSP residual norm 8.115722e-04
 24 (restart 0) KSP residual norm 6.642599e-04
 25 (restart 0) KSP residual norm 5.609506e-04
 26 (restart 0) KSP residual norm 4.721141e-04
 27 (restart 0) KSP residual norm 4.063605e-04
 28 (restart 0) KSP residual norm 3.459385e-04
 29 (restart 0) KSP residual norm 2.881878e-04
 30 (restart 0) KSP residual norm 2.462554e-04
 31 (restart 0) KSP residual norm 2.056853e-04
 32 (restart 0) KSP residual norm 1.681431e-04
 33 (restart 0) KSP residual norm 1.439718e-04
 34 (restart 0) KSP residual norm 1.178163e-04
 35 (restart 0) KSP residual norm 9.921869e-05
 36 (restart 0) KSP residual norm 8.657050e-05
 37 (restart 0) KSP residual norm 7.283958e-05
 38 (restart 0) KSP residual norm 6.389476e-05
 39 (restart 0) KSP residual norm 5.537958e-05
 40 (restart 0) KSP residual norm 4.758544e-05
 41 (restart 0) KSP residual norm 4.159554e-05
 42 (restart 0) KSP residual norm 3.599206e-05
 43 (restart 0) KSP residual norm 3.121112e-05
 44 (restart 0) KSP residual norm 2.700203e-05
 45 (restart 0) KSP residual norm 2.325051e-05
 46 (restart 0) KSP residual norm 1.944977e-05
 47 (restart 0) KSP residual norm 1.651863e-05
 48 (restart 0) KSP residual norm 1.399711e-05
GMRES solver converged in 48 iterations (avg. reduction factor: 7.474e-01)

Greedy iteration 2 (n = 6): ω* = 8.825e+00 GHz (9.245e-02), error = 4.540e-02, memory = 0/2
 Field energy E (4.770e-13 J) + H (3.455e-12 J) = 3.932e-12 J

  Residual norms for GMRES solve

** Memory Usage **********************************
** Total highmark (MB):
    Sum-of-all :    97.97 | Avg :    97.97  | Max :    97.97
    Max at rank 0, different stages (MB):
	. symbfact            0.00
	. distribution       97.97
	. numfact            92.94
** NUMfact space (MB): (sum-of-all-processes)
    L\U :           53.33 |  Total :    92.94
	. max at rank 0, max L+U memory (MB):    53.33
	. max at rank 0, peak buffer (MB):       39.61
**************************************************

** number of Tiny Pivots:        0

  0 (restart 0) KSP residual norm 2.489579e+01
  1 (restart 0) KSP residual norm 1.098091e+01
  2 (restart 0) KSP residual norm 2.521865e+00
  3 (restart 0) KSP residual norm 6.859947e-01
  4 (restart 0) KSP residual norm 3.913762e-01
  5 (restart 0) KSP residual norm 2.723104e-01
  6 (restart 0) KSP residual norm 1.101958e-01
  7 (restart 0) KSP residual norm 8.705697e-02
  8 (restart 0) KSP residual norm 5.007801e-02
  9 (restart 0) KSP residual norm 3.253155e-02
 10 (restart 0) KSP residual norm 2.229599e-02
 11 (restart 0) KSP residual norm 1.530413e-02
 12 (restart 0) KSP residual norm 1.144808e-02
 13 (restart 0) KSP residual norm 7.178041e-03
 14 (restart 0) KSP residual norm 5.271569e-03
 15 (restart 0) KSP residual norm 3.279907e-03
 16 (restart 0) KSP residual norm 2.417865e-03
 17 (restart 0) KSP residual norm 1.771897e-03
 18 (restart 0) KSP residual norm 1.460331e-03
 19 (restart 0) KSP residual norm 1.131155e-03
 20 (restart 0) KSP residual norm 8.889771e-04
 21 (restart 0) KSP residual norm 7.357753e-04
 22 (restart 0) KSP residual norm 6.374033e-04
 23 (restart 0) KSP residual norm 5.303847e-04
 24 (restart 0) KSP residual norm 4.422117e-04
 25 (restart 0) KSP residual norm 3.618181e-04
 26 (restart 0) KSP residual norm 2.821082e-04
 27 (restart 0) KSP residual norm 2.217012e-04
 28 (restart 0) KSP residual norm 1.741336e-04
 29 (restart 0) KSP residual norm 1.441883e-04
 30 (restart 0) KSP residual norm 1.238019e-04
 31 (restart 0) KSP residual norm 1.069272e-04
 32 (restart 0) KSP residual norm 8.923410e-05
 33 (restart 0) KSP residual norm 7.512327e-05
 34 (restart 0) KSP residual norm 6.421723e-05
 35 (restart 0) KSP residual norm 5.487519e-05
 36 (restart 0) KSP residual norm 4.760030e-05
 37 (restart 0) KSP residual norm 4.210242e-05
 38 (restart 0) KSP residual norm 3.733403e-05
 39 (restart 0) KSP residual norm 3.355527e-05
 40 (restart 0) KSP residual norm 2.975066e-05
 41 (restart 0) KSP residual norm 2.553068e-05
 42 (restart 0) KSP residual norm 2.193950e-05
GMRES solver converged in 42 iterations (avg. reduction factor: 7.175e-01)

Greedy iteration 3 (n = 8): ω* = 3.339e+01 GHz (3.499e-01), error = 3.880e-04, memory = 1/2
 Field energy E (9.214e-13 J) + H (2.525e-12 J) = 3.446e-12 J

  Residual norms for GMRES solve

** Memory Usage **********************************
** Total highmark (MB):
    Sum-of-all :    97.97 | Avg :    97.97  | Max :    97.97
    Max at rank 0, different stages (MB):
	. symbfact            0.00
	. distribution       97.97
	. numfact            92.94
** NUMfact space (MB): (sum-of-all-processes)
    L\U :           53.33 |  Total :    92.94
	. max at rank 0, max L+U memory (MB):    53.33
	. max at rank 0, peak buffer (MB):       39.61
**************************************************

** number of Tiny Pivots:        0

  0 (restart 0) KSP residual norm 2.203409e+02
  1 (restart 0) KSP residual norm 8.382026e+01
  2 (restart 0) KSP residual norm 8.371267e+01
  3 (restart 0) KSP residual norm 6.125620e+01
  4 (restart 0) KSP residual norm 5.438236e+01
  5 (restart 0) KSP residual norm 4.254722e+01
  6 (restart 0) KSP residual norm 4.208770e+01
  7 (restart 0) KSP residual norm 3.313504e+01
  8 (restart 0) KSP residual norm 2.671613e+01
  9 (restart 0) KSP residual norm 2.242063e+01
 10 (restart 0) KSP residual norm 1.721491e+01
 11 (restart 0) KSP residual norm 1.712926e+01
 12 (restart 0) KSP residual norm 1.517183e+01
 13 (restart 0) KSP residual norm 1.502203e+01
 14 (restart 0) KSP residual norm 1.308180e+01
 15 (restart 0) KSP residual norm 1.252712e+01
 16 (restart 0) KSP residual norm 1.081432e+01
 17 (restart 0) KSP residual norm 1.073793e+01
 18 (restart 0) KSP residual norm 8.440749e+00
 19 (restart 0) KSP residual norm 8.401544e+00
 20 (restart 0) KSP residual norm 6.365820e+00
 21 (restart 0) KSP residual norm 4.706957e+00
 22 (restart 0) KSP residual norm 4.165040e+00
 23 (restart 0) KSP residual norm 3.569730e+00
 24 (restart 0) KSP residual norm 3.403275e+00
 25 (restart 0) KSP residual norm 3.221310e+00
 26 (restart 0) KSP residual norm 3.078745e+00
 27 (restart 0) KSP residual norm 2.900512e+00
 28 (restart 0) KSP residual norm 2.600865e+00
 29 (restart 0) KSP residual norm 2.271753e+00
 30 (restart 0) KSP residual norm 2.122208e+00
 31 (restart 0) KSP residual norm 1.547632e+00
 32 (restart 0) KSP residual norm 1.500383e+00
 33 (restart 0) KSP residual norm 1.104523e+00
 34 (restart 0) KSP residual norm 9.777403e-01
 35 (restart 0) KSP residual norm 9.009224e-01
 36 (restart 0) KSP residual norm 8.296464e-01
 37 (restart 0) KSP residual norm 7.660830e-01
 38 (restart 0) KSP residual norm 6.105064e-01
 39 (restart 0) KSP residual norm 5.757980e-01
 40 (restart 0) KSP residual norm 5.158894e-01
 41 (restart 0) KSP residual norm 4.523147e-01
 42 (restart 0) KSP residual norm 4.283290e-01
 43 (restart 0) KSP residual norm 3.606226e-01
 44 (restart 0) KSP residual norm 3.415051e-01
 45 (restart 0) KSP residual norm 2.993520e-01
 46 (restart 0) KSP residual norm 2.815402e-01
 47 (restart 0) KSP residual norm 2.482578e-01
 48 (restart 0) KSP residual norm 2.282773e-01
 49 (restart 0) KSP residual norm 2.061494e-01
 50 (restart 0) KSP residual norm 1.788775e-01
 51 (restart 0) KSP residual norm 1.647093e-01
 52 (restart 0) KSP residual norm 1.485330e-01
 53 (restart 0) KSP residual norm 1.329545e-01
 54 (restart 0) KSP residual norm 1.177292e-01
 55 (restart 0) KSP residual norm 1.074271e-01
 56 (restart 0) KSP residual norm 9.625701e-02
 57 (restart 0) KSP residual norm 8.485974e-02
 58 (restart 0) KSP residual norm 7.657225e-02
 59 (restart 0) KSP residual norm 6.732568e-02
 60 (restart 0) KSP residual norm 5.724019e-02
 61 (restart 0) KSP residual norm 5.153647e-02
 62 (restart 0) KSP residual norm 4.639057e-02
 63 (restart 0) KSP residual norm 4.131820e-02
 64 (restart 0) KSP residual norm 3.772759e-02
 65 (restart 0) KSP residual norm 3.413683e-02
 66 (restart 0) KSP residual norm 3.199971e-02
 67 (restart 0) KSP residual norm 2.855247e-02
 68 (restart 0) KSP residual norm 2.506665e-02
 69 (restart 0) KSP residual norm 2.241889e-02
 70 (restart 0) KSP residual norm 1.999749e-02
 71 (restart 0) KSP residual norm 1.801389e-02
 72 (restart 0) KSP residual norm 1.604412e-02
 73 (restart 0) KSP residual norm 1.429699e-02
 74 (restart 0) KSP residual norm 1.308368e-02
 75 (restart 0) KSP residual norm 1.161732e-02
 76 (restart 0) KSP residual norm 1.011520e-02
 77 (restart 0) KSP residual norm 8.988748e-03
 78 (restart 0) KSP residual norm 7.907452e-03
 79 (restart 0) KSP residual norm 7.010410e-03
 80 (restart 0) KSP residual norm 6.079223e-03
 81 (restart 0) KSP residual norm 5.344161e-03
 82 (restart 0) KSP residual norm 4.743919e-03
 83 (restart 0) KSP residual norm 4.206240e-03
 84 (restart 0) KSP residual norm 3.739762e-03
 85 (restart 0) KSP residual norm 3.244919e-03
 86 (restart 0) KSP residual norm 2.943872e-03
 87 (restart 0) KSP residual norm 2.606507e-03
 88 (restart 0) KSP residual norm 2.301604e-03
 89 (restart 0) KSP residual norm 2.045870e-03
 90 (restart 0) KSP residual norm 1.826993e-03
 91 (restart 0) KSP residual norm 1.649688e-03
 92 (restart 0) KSP residual norm 1.444297e-03
 93 (restart 0) KSP residual norm 1.283146e-03
 94 (restart 0) KSP residual norm 1.153917e-03
 95 (restart 0) KSP residual norm 1.035276e-03
 96 (restart 0) KSP residual norm 9.316230e-04
 97 (restart 0) KSP residual norm 8.204529e-04
 98 (restart 0) KSP residual norm 7.364169e-04
 99 (restart 0) KSP residual norm 6.624185e-04
100 (restart 0) KSP residual norm 5.932477e-04
101 (restart 0) KSP residual norm 5.344155e-04
102 (restart 0) KSP residual norm 4.807839e-04
103 (restart 0) KSP residual norm 4.294113e-04
104 (restart 0) KSP residual norm 3.896247e-04
105 (restart 0) KSP residual norm 3.573505e-04
106 (restart 0) KSP residual norm 3.303271e-04
107 (restart 0) KSP residual norm 3.027162e-04
108 (restart 0) KSP residual norm 2.751764e-04
109 (restart 0) KSP residual norm 2.514406e-04
110 (restart 0) KSP residual norm 2.298889e-04
111 (restart 0) KSP residual norm 2.104239e-04
GMRES solver converged in 111 iterations (avg. reduction factor: 8.826e-01)

Greedy iteration 4 (n = 10): ω* = 2.028e+00 GHz (2.125e-02), error = 1.619e-02, memory = 2/2
 Field energy E (5.221e-13 J) + H (3.662e-12 J) = 4.184e-12 J

Adaptive sampling converged with 6 frequency samples:
 n = 12, error = 1.619e-02, tol = 2.000e-02, memory = 2/2
 Sampled frequencies (GHz): 1.000e-02, 4.000e+01, 2.403e+01, 8.825e+00,
                            3.339e+01, 2.028e+00
 Sample errors: inf, inf, 9.261e-02, 4.540e-02, 3.880e-04,
                1.619e-02

Adding excitation index 2 (2/2):

  Residual norms for GMRES solve

** Memory Usage **********************************
** Total highmark (MB):
    Sum-of-all :    97.97 | Avg :    97.97  | Max :    97.97
    Max at rank 0, different stages (MB):
	. symbfact            0.00
	. distribution       97.97
	. numfact            92.94
** NUMfact space (MB): (sum-of-all-processes)
    L\U :           53.33 |  Total :    92.94
	. max at rank 0, max L+U memory (MB):    53.33
	. max at rank 0, peak buffer (MB):       39.61
**************************************************

** number of Tiny Pivots:        0

  0 (restart 0) KSP residual norm 2.064143e+01
  1 (restart 0) KSP residual norm 2.322797e+00
  2 (restart 0) KSP residual norm 4.255957e-01
  3 (restart 0) KSP residual norm 1.993088e-01
  4 (restart 0) KSP residual norm 1.479845e-01
  5 (restart 0) KSP residual norm 7.964892e-02
  6 (restart 0) KSP residual norm 4.597760e-02
  7 (restart 0) KSP residual norm 3.762364e-02
  8 (restart 0) KSP residual norm 2.207120e-02
  9 (restart 0) KSP residual norm 1.556511e-02
 10 (restart 0) KSP residual norm 1.066596e-02
 11 (restart 0) KSP residual norm 5.983508e-03
 12 (restart 0) KSP residual norm 4.635740e-03
 13 (restart 0) KSP residual norm 2.984821e-03
 14 (restart 0) KSP residual norm 2.236357e-03
 15 (restart 0) KSP residual norm 1.586794e-03
 16 (restart 0) KSP residual norm 1.045411e-03
 17 (restart 0) KSP residual norm 7.914337e-04
 18 (restart 0) KSP residual norm 5.502636e-04
 19 (restart 0) KSP residual norm 4.282443e-04
 20 (restart 0) KSP residual norm 3.243885e-04
 21 (restart 0) KSP residual norm 2.596789e-04
 22 (restart 0) KSP residual norm 2.076597e-04
 23 (restart 0) KSP residual norm 1.716685e-04
 24 (restart 0) KSP residual norm 1.381308e-04
 25 (restart 0) KSP residual norm 1.143867e-04
 26 (restart 0) KSP residual norm 9.485529e-05
 27 (restart 0) KSP residual norm 7.826173e-05
 28 (restart 0) KSP residual norm 6.373476e-05
 29 (restart 0) KSP residual norm 5.259131e-05
 30 (restart 0) KSP residual norm 4.367598e-05
 31 (restart 0) KSP residual norm 3.442807e-05
 32 (restart 0) KSP residual norm 2.770895e-05
 33 (restart 0) KSP residual norm 2.272394e-05
 34 (restart 0) KSP residual norm 1.907099e-05
GMRES solver converged in 34 iterations (avg. reduction factor: 6.645e-01)
 Field energy E (6.043e-13 J) + H (4.005e-12 J) = 4.610e-12 J

  Residual norms for GMRES solve

** Memory Usage **********************************
** Total highmark (MB):
    Sum-of-all :    97.97 | Avg :    97.97  | Max :    97.97
    Max at rank 0, different stages (MB):
	. symbfact            0.00
	. distribution       97.97
	. numfact            92.94
** NUMfact space (MB): (sum-of-all-processes)
    L\U :           53.33 |  Total :    92.94
	. max at rank 0, max L+U memory (MB):    53.33
	. max at rank 0, peak buffer (MB):       39.61
**************************************************

** number of Tiny Pivots:        0

  0 (restart 0) KSP residual norm 2.768290e+01
  1 (restart 0) KSP residual norm 1.123716e+01
  2 (restart 0) KSP residual norm 2.914417e+00
  3 (restart 0) KSP residual norm 7.915435e-01
  4 (restart 0) KSP residual norm 5.581762e-01
  5 (restart 0) KSP residual norm 3.186169e-01
  6 (restart 0) KSP residual norm 1.731377e-01
  7 (restart 0) KSP residual norm 1.198727e-01
  8 (restart 0) KSP residual norm 5.992385e-02
  9 (restart 0) KSP residual norm 3.755446e-02
 10 (restart 0) KSP residual norm 2.737645e-02
 11 (restart 0) KSP residual norm 2.067886e-02
 12 (restart 0) KSP residual norm 1.472955e-02
 13 (restart 0) KSP residual norm 9.911106e-03
 14 (restart 0) KSP residual norm 7.010497e-03
 15 (restart 0) KSP residual norm 4.689385e-03
 16 (restart 0) KSP residual norm 3.590054e-03
 17 (restart 0) KSP residual norm 2.546362e-03
 18 (restart 0) KSP residual norm 1.906642e-03
 19 (restart 0) KSP residual norm 1.550585e-03
 20 (restart 0) KSP residual norm 1.172732e-03
 21 (restart 0) KSP residual norm 8.811633e-04
 22 (restart 0) KSP residual norm 6.895603e-04
 23 (restart 0) KSP residual norm 5.580311e-04
 24 (restart 0) KSP residual norm 4.588340e-04
 25 (restart 0) KSP residual norm 3.607951e-04
 26 (restart 0) KSP residual norm 2.881536e-04
 27 (restart 0) KSP residual norm 2.349519e-04
 28 (restart 0) KSP residual norm 2.027160e-04
 29 (restart 0) KSP residual norm 1.702136e-04
 30 (restart 0) KSP residual norm 1.414491e-04
 31 (restart 0) KSP residual norm 1.228494e-04
 32 (restart 0) KSP residual norm 1.062758e-04
 33 (restart 0) KSP residual norm 9.432409e-05
 34 (restart 0) KSP residual norm 8.469882e-05
 35 (restart 0) KSP residual norm 7.530794e-05
 36 (restart 0) KSP residual norm 6.623307e-05
 37 (restart 0) KSP residual norm 5.752507e-05
 38 (restart 0) KSP residual norm 4.950955e-05
 39 (restart 0) KSP residual norm 4.284752e-05
 40 (restart 0) KSP residual norm 3.728809e-05
 41 (restart 0) KSP residual norm 3.284590e-05
 42 (restart 0) KSP residual norm 2.900302e-05
 43 (restart 0) KSP residual norm 2.554142e-05
GMRES solver converged in 43 iterations (avg. reduction factor: 7.239e-01)
 Field energy E (1.079e-12 J) + H (2.253e-12 J) = 3.332e-12 J

  Residual norms for GMRES solve

** Memory Usage **********************************
** Total highmark (MB):
    Sum-of-all :    97.97 | Avg :    97.97  | Max :    97.97
    Max at rank 0, different stages (MB):
	. symbfact            0.00
	. distribution       97.97
	. numfact            92.94
** NUMfact space (MB): (sum-of-all-processes)
    L\U :           53.33 |  Total :    92.94
	. max at rank 0, max L+U memory (MB):    53.33
	. max at rank 0, peak buffer (MB):       39.61
**************************************************

** number of Tiny Pivots:        0

  0 (restart 0) KSP residual norm 2.158873e+01
  1 (restart 0) KSP residual norm 9.923216e+00
  2 (restart 0) KSP residual norm 2.089843e+00
  3 (restart 0) KSP residual norm 5.761342e-01
  4 (restart 0) KSP residual norm 3.939762e-01
  5 (restart 0) KSP residual norm 2.305273e-01
  6 (restart 0) KSP residual norm 8.857498e-02
  7 (restart 0) KSP residual norm 5.057745e-02
  8 (restart 0) KSP residual norm 3.767675e-02
  9 (restart 0) KSP residual norm 2.573826e-02
 10 (restart 0) KSP residual norm 2.041602e-02
 11 (restart 0) KSP residual norm 1.301277e-02
 12 (restart 0) KSP residual norm 8.969850e-03
 13 (restart 0) KSP residual norm 6.230706e-03
 14 (restart 0) KSP residual norm 4.235074e-03
 15 (restart 0) KSP residual norm 3.130660e-03
 16 (restart 0) KSP residual norm 2.294181e-03
 17 (restart 0) KSP residual norm 1.697226e-03
 18 (restart 0) KSP residual norm 1.230962e-03
 19 (restart 0) KSP residual norm 9.330634e-04
 20 (restart 0) KSP residual norm 7.373352e-04
 21 (restart 0) KSP residual norm 5.816057e-04
 22 (restart 0) KSP residual norm 4.833642e-04
 23 (restart 0) KSP residual norm 4.001287e-04
 24 (restart 0) KSP residual norm 3.266833e-04
 25 (restart 0) KSP residual norm 2.761527e-04
 26 (restart 0) KSP residual norm 2.238853e-04
 27 (restart 0) KSP residual norm 1.829901e-04
 28 (restart 0) KSP residual norm 1.435294e-04
 29 (restart 0) KSP residual norm 1.199009e-04
 30 (restart 0) KSP residual norm 1.034397e-04
 31 (restart 0) KSP residual norm 8.858342e-05
 32 (restart 0) KSP residual norm 7.478189e-05
 33 (restart 0) KSP residual norm 6.280292e-05
 34 (restart 0) KSP residual norm 5.239481e-05
 35 (restart 0) KSP residual norm 4.401174e-05
 36 (restart 0) KSP residual norm 3.781164e-05
 37 (restart 0) KSP residual norm 3.185196e-05
 38 (restart 0) KSP residual norm 2.690501e-05
 39 (restart 0) KSP residual norm 2.337671e-05
 40 (restart 0) KSP residual norm 2.009630e-05
GMRES solver converged in 40 iterations (avg. reduction factor: 7.067e-01)

Greedy iteration 1 (n = 16): ω* = 2.414e+01 GHz (2.529e-01), error = 2.744e-02, memory = 0/2
 Field energy E (7.186e-13 J) + H (2.909e-12 J) = 3.627e-12 J

  Residual norms for GMRES solve

** Memory Usage **********************************
** Total highmark (MB):
    Sum-of-all :    97.97 | Avg :    97.97  | Max :    97.97
    Max at rank 0, different stages (MB):
	. symbfact            0.00
	. distribution       97.97
	. numfact            92.94
** NUMfact space (MB): (sum-of-all-processes)
    L\U :           53.33 |  Total :    92.94
	. max at rank 0, max L+U memory (MB):    53.33
	. max at rank 0, peak buffer (MB):       39.61
**************************************************

** number of Tiny Pivots:        0

  0 (restart 0) KSP residual norm 1.625431e+01
  1 (restart 0) KSP residual norm 7.028181e+00
  2 (restart 0) KSP residual norm 2.580880e+00
  3 (restart 0) KSP residual norm 1.071244e+00
  4 (restart 0) KSP residual norm 3.599215e-01
  5 (restart 0) KSP residual norm 2.210596e-01
  6 (restart 0) KSP residual norm 1.600013e-01
  7 (restart 0) KSP residual norm 9.082507e-02
  8 (restart 0) KSP residual norm 5.545242e-02
  9 (restart 0) KSP residual norm 3.630005e-02
 10 (restart 0) KSP residual norm 2.824614e-02
 11 (restart 0) KSP residual norm 2.030090e-02
 12 (restart 0) KSP residual norm 1.431086e-02
 13 (restart 0) KSP residual norm 1.065194e-02
 14 (restart 0) KSP residual norm 7.914884e-03
 15 (restart 0) KSP residual norm 5.678452e-03
 16 (restart 0) KSP residual norm 4.193862e-03
 17 (restart 0) KSP residual norm 3.194288e-03
 18 (restart 0) KSP residual norm 2.368903e-03
 19 (restart 0) KSP residual norm 1.841847e-03
 20 (restart 0) KSP residual norm 1.461719e-03
 21 (restart 0) KSP residual norm 1.192623e-03
 22 (restart 0) KSP residual norm 9.752034e-04
 23 (restart 0) KSP residual norm 7.880132e-04
 24 (restart 0) KSP residual norm 6.431002e-04
 25 (restart 0) KSP residual norm 5.454735e-04
 26 (restart 0) KSP residual norm 4.617566e-04
 27 (restart 0) KSP residual norm 4.005230e-04
 28 (restart 0) KSP residual norm 3.371549e-04
 29 (restart 0) KSP residual norm 2.821449e-04
 30 (restart 0) KSP residual norm 2.408623e-04
 31 (restart 0) KSP residual norm 1.985664e-04
 32 (restart 0) KSP residual norm 1.646719e-04
 33 (restart 0) KSP residual norm 1.399842e-04
 34 (restart 0) KSP residual norm 1.139885e-04
 35 (restart 0) KSP residual norm 9.711151e-05
 36 (restart 0) KSP residual norm 8.438200e-05
 37 (restart 0) KSP residual norm 7.088758e-05
 38 (restart 0) KSP residual norm 6.253122e-05
 39 (restart 0) KSP residual norm 5.359705e-05
 40 (restart 0) KSP residual norm 4.586994e-05
 41 (restart 0) KSP residual norm 4.031376e-05
 42 (restart 0) KSP residual norm 3.481090e-05
 43 (restart 0) KSP residual norm 3.028443e-05
 44 (restart 0) KSP residual norm 2.641886e-05
 45 (restart 0) KSP residual norm 2.289145e-05
 46 (restart 0) KSP residual norm 1.938031e-05
 47 (restart 0) KSP residual norm 1.638324e-05
 48 (restart 0) KSP residual norm 1.375561e-05
GMRES solver converged in 48 iterations (avg. reduction factor: 7.473e-01)

Greedy iteration 2 (n = 18): ω* = 8.866e+00 GHz (9.289e-02), error = 9.288e-03, memory = 1/2
 Field energy E (4.636e-13 J) + H (3.452e-12 J) = 3.916e-12 J

  Residual norms for GMRES solve

** Memory Usage **********************************
** Total highmark (MB):
    Sum-of-all :    97.97 | Avg :    97.97  | Max :    97.97
    Max at rank 0, different stages (MB):
	. symbfact            0.00
	. distribution       97.97
	. numfact            92.94
** NUMfact space (MB): (sum-of-all-processes)
    L\U :           53.33 |  Total :    92.94
	. max at rank 0, max L+U memory (MB):    53.33
	. max at rank 0, peak buffer (MB):       39.61
**************************************************

** number of Tiny Pivots:        0

  0 (restart 0) KSP residual norm 2.498651e+01
  1 (restart 0) KSP residual norm 1.089725e+01
  2 (restart 0) KSP residual norm 2.599490e+00
  3 (restart 0) KSP residual norm 7.096836e-01
  4 (restart 0) KSP residual norm 4.937148e-01
  5 (restart 0) KSP residual norm 2.821750e-01
  6 (restart 0) KSP residual norm 1.138531e-01
  7 (restart 0) KSP residual norm 9.118318e-02
  8 (restart 0) KSP residual norm 5.416258e-02
  9 (restart 0) KSP residual norm 3.459325e-02
 10 (restart 0) KSP residual norm 2.425113e-02
 11 (restart 0) KSP residual norm 1.633853e-02
 12 (restart 0) KSP residual norm 1.270272e-02
 13 (restart 0) KSP residual norm 8.011907e-03
 14 (restart 0) KSP residual norm 6.025913e-03
 15 (restart 0) KSP residual norm 3.727155e-03
 16 (restart 0) KSP residual norm 2.638799e-03
 17 (restart 0) KSP residual norm 1.902910e-03
 18 (restart 0) KSP residual norm 1.539458e-03
 19 (restart 0) KSP residual norm 1.165647e-03
 20 (restart 0) KSP residual norm 9.012794e-04
 21 (restart 0) KSP residual norm 7.391355e-04
 22 (restart 0) KSP residual norm 6.417023e-04
 23 (restart 0) KSP residual norm 5.389980e-04
 24 (restart 0) KSP residual norm 4.512472e-04
 25 (restart 0) KSP residual norm 3.692575e-04
 26 (restart 0) KSP residual norm 2.846611e-04
 27 (restart 0) KSP residual norm 2.208550e-04
 28 (restart 0) KSP residual norm 1.714073e-04
 29 (restart 0) KSP residual norm 1.405635e-04
 30 (restart 0) KSP residual norm 1.214641e-04
 31 (restart 0) KSP residual norm 1.052818e-04
 32 (restart 0) KSP residual norm 8.980372e-05
 33 (restart 0) KSP residual norm 7.528880e-05
 34 (restart 0) KSP residual norm 6.511213e-05
 35 (restart 0) KSP residual norm 5.677847e-05
 36 (restart 0) KSP residual norm 5.077818e-05
 37 (restart 0) KSP residual norm 4.567546e-05
 38 (restart 0) KSP residual norm 4.076251e-05
 39 (restart 0) KSP residual norm 3.657998e-05
 40 (restart 0) KSP residual norm 3.203556e-05
 41 (restart 0) KSP residual norm 2.755158e-05
 42 (restart 0) KSP residual norm 2.336169e-05
GMRES solver converged in 42 iterations (avg. reduction factor: 7.185e-01)

Greedy iteration 3 (n = 20): ω* = 3.344e+01 GHz (3.504e-01), error = 1.215e-04, memory = 2/2
 Field energy E (9.287e-13 J) + H (2.522e-12 J) = 3.451e-12 J

Adaptive sampling converged with 5 frequency samples:
 n = 22, error = 1.215e-04, tol = 2.000e-02, memory = 2/2
 Sampled frequencies (GHz): 1.000e-02, 4.000e+01, 2.414e+01, 8.866e+00,
                            3.344e+01
 Sample errors: inf, inf, 2.744e-02, 9.288e-03, 1.215e-04
 Total offline phase elapsed time: 8.40e+02 s

Beginning fast frequency sweep online phase

Sweeping excitation index 1 (1/2):

It 1/82: ω/2π = 1.000e-02 GHz (total elapsed time = 8.40e+02 s)

 Sol. ||E|| = 2.212659e+01
 Field energy E (6.269e-13 J) + H (4.005e-12 J) = 4.632e-12 J
 S[1][1] = +5.371e-02+2.270e-04i, |S[1][1]| = -2.540e+01, arg(S[1][1]) = +2.421e-01
 S[2][1] = +9.463e-01-3.048e-04i, |S[2][1]| = -4.795e-01, arg(S[2][1]) = -1.845e-02

It 2/82: ω/2π = 2.000e-02 GHz (total elapsed time = 8.41e+02 s)

 Sol. ||E|| = 2.212626e+01
 Field energy E (6.269e-13 J) + H (3.974e-12 J) = 4.601e-12 J
 S[1][1] = +5.372e-02+4.500e-04i, |S[1][1]| = -2.540e+01, arg(S[1][1]) = +4.799e-01
 S[2][1] = +9.463e-01-6.056e-04i, |S[2][1]| = -4.796e-01, arg(S[2][1]) = -3.667e-02

It 3/82: ω/2π = 5.000e-01 GHz (total elapsed time = 8.41e+02 s)

 Sol. ||E|| = 2.180716e+01
 Field energy E (6.134e-13 J) + H (3.834e-12 J) = 4.448e-12 J
 S[1][1] = +5.406e-02+1.086e-02i, |S[1][1]| = -2.517e+01, arg(S[1][1]) = +1.136e+01
 S[2][1] = +9.456e-01-1.467e-02i, |S[2][1]| = -4.846e-01, arg(S[2][1]) = -8.888e-01

It 4/82: ω/2π = 1.000e+00 GHz (total elapsed time = 8.41e+02 s)

 Sol. ||E|| = 2.107989e+01
 Field energy E (5.830e-13 J) + H (3.756e-12 J) = 4.339e-12 J
 S[1][1] = +5.467e-02+2.150e-02i, |S[1][1]| = -2.462e+01, arg(S[1][1]) = +2.147e+01
 S[2][1] = +9.443e-01-2.872e-02i, |S[2][1]| = -4.941e-01, arg(S[2][1]) = -1.742e+00

It 5/82: ω/2π = 1.500e+00 GHz (total elapsed time = 8.41e+02 s)

 Sol. ||E|| = 2.027913e+01
 Field energy E (5.506e-13 J) + H (3.702e-12 J) = 4.252e-12 J
 S[1][1] = +5.550e-02+3.210e-02i, |S[1][1]| = -2.386e+01, arg(S[1][1]) = +3.004e+01
 S[2][1] = +9.426e-01-4.231e-02i, |S[2][1]| = -5.047e-01, arg(S[2][1]) = -2.570e+00

It 6/82: ω/2π = 2.000e+00 GHz (total elapsed time = 8.41e+02 s)

 Sol. ||E|| = 1.958501e+01
 Field energy E (5.235e-13 J) + H (3.663e-12 J) = 4.187e-12 J
 S[1][1] = +5.663e-02+4.270e-02i, |S[1][1]| = -2.298e+01, arg(S[1][1]) = +3.702e+01
 S[2][1] = +9.407e-01-5.561e-02i, |S[2][1]| = -5.155e-01, arg(S[2][1]) = -3.383e+00

It 7/82: ω/2π = 2.500e+00 GHz (total elapsed time = 8.41e+02 s)

 Sol. ||E|| = 1.904778e+01
 Field energy E (5.030e-13 J) + H (3.636e-12 J) = 4.139e-12 J
 S[1][1] = +5.808e-02+5.329e-02i, |S[1][1]| = -2.207e+01, arg(S[1][1]) = +4.254e+01
 S[2][1] = +9.387e-01-6.873e-02i, |S[2][1]| = -5.264e-01, arg(S[2][1]) = -4.188e+00

It 8/82: ω/2π = 3.000e+00 GHz (total elapsed time = 8.42e+02 s)

 Sol. ||E|| = 1.865594e+01
 Field energy E (4.883e-13 J) + H (3.614e-12 J) = 4.103e-12 J
 S[1][1] = +5.987e-02+6.384e-02i, |S[1][1]| = -2.116e+01, arg(S[1][1]) = +4.684e+01
 S[2][1] = +9.364e-01-8.175e-02i, |S[2][1]| = -5.377e-01, arg(S[2][1]) = -4.989e+00

It 9/82: ω/2π = 3.500e+00 GHz (total elapsed time = 8.42e+02 s)

 Sol. ||E|| = 1.838125e+01
 Field energy E (4.780e-13 J) + H (3.597e-12 J) = 4.075e-12 J
 S[1][1] = +6.199e-02+7.431e-02i, |S[1][1]| = -2.028e+01, arg(S[1][1]) = +5.017e+01
 S[2][1] = +9.339e-01-9.467e-02i, |S[2][1]| = -5.496e-01, arg(S[2][1]) = -5.788e+00

It 10/82: ω/2π = 4.000e+00 GHz (total elapsed time = 8.42e+02 s)

 Sol. ||E|| = 1.819669e+01
 Field energy E (4.711e-13 J) + H (3.581e-12 J) = 4.052e-12 J
 S[1][1] = +6.444e-02+8.471e-02i, |S[1][1]| = -1.946e+01, arg(S[1][1]) = +5.274e+01
 S[2][1] = +9.311e-01-1.075e-01i, |S[2][1]| = -5.624e-01, arg(S[2][1]) = -6.586e+00

It 11/82: ω/2π = 4.500e+00 GHz (total elapsed time = 8.42e+02 s)

 Sol. ||E|| = 1.808100e+01
 Field energy E (4.666e-13 J) + H (3.567e-12 J) = 4.034e-12 J
 S[1][1] = +6.722e-02+9.500e-02i, |S[1][1]| = -1.868e+01, arg(S[1][1]) = +5.472e+01
 S[2][1] = +9.281e-01-1.202e-01i, |S[2][1]| = -5.761e-01, arg(S[2][1]) = -7.382e+00

It 12/82: ω/2π = 5.000e+00 GHz (total elapsed time = 8.42e+02 s)

 Sol. ||E|| = 1.801849e+01
 Field energy E (4.640e-13 J) + H (3.554e-12 J) = 4.018e-12 J
 S[1][1] = +7.030e-02+1.052e-01i, |S[1][1]| = -1.796e+01, arg(S[1][1]) = +5.624e+01
 S[2][1] = +9.247e-01-1.329e-01i, |S[2][1]| = -5.910e-01, arg(S[2][1]) = -8.177e+00

It 13/82: ω/2π = 5.500e+00 GHz (total elapsed time = 8.42e+02 s)

 Sol. ||E|| = 1.799780e+01
 Field energy E (4.628e-13 J) + H (3.542e-12 J) = 4.004e-12 J
 S[1][1] = +7.369e-02+1.152e-01i, |S[1][1]| = -1.728e+01, arg(S[1][1]) = +5.740e+01
 S[2][1] = +9.211e-01-1.454e-01i, |S[2][1]| = -6.069e-01, arg(S[2][1]) = -8.970e+00

It 14/82: ω/2π = 6.000e+00 GHz (total elapsed time = 8.43e+02 s)

 Sol. ||E|| = 1.801069e+01
 Field energy E (4.628e-13 J) + H (3.529e-12 J) = 3.992e-12 J
 S[1][1] = +7.737e-02+1.252e-01i, |S[1][1]| = -1.664e+01, arg(S[1][1]) = +5.828e+01
 S[2][1] = +9.172e-01-1.578e-01i, |S[2][1]| = -6.239e-01, arg(S[2][1]) = -9.761e+00

It 15/82: ω/2π = 6.500e+00 GHz (total elapsed time = 8.43e+02 s)

 Sol. ||E|| = 1.805110e+01
 Field energy E (4.638e-13 J) + H (3.516e-12 J) = 3.980e-12 J
 S[1][1] = +8.134e-02+1.350e-01i, |S[1][1]| = -1.605e+01, arg(S[1][1]) = +5.892e+01
 S[2][1] = +9.130e-01-1.700e-01i, |S[2][1]| = -6.421e-01, arg(S[2][1]) = -1.055e+01

It 16/82: ω/2π = 7.000e+00 GHz (total elapsed time = 8.43e+02 s)

 Sol. ||E|| = 1.811448e+01
 Field energy E (4.655e-13 J) + H (3.504e-12 J) = 3.969e-12 J
 S[1][1] = +8.559e-02+1.446e-01i, |S[1][1]| = -1.549e+01, arg(S[1][1]) = +5.938e+01
 S[2][1] = +9.086e-01-1.822e-01i, |S[2][1]| = -6.615e-01, arg(S[2][1]) = -1.134e+01

It 17/82: ω/2π = 7.500e+00 GHz (total elapsed time = 8.43e+02 s)

 Sol. ||E|| = 1.819736e+01
 Field energy E (4.679e-13 J) + H (3.491e-12 J) = 3.959e-12 J
 S[1][1] = +9.011e-02+1.541e-01i, |S[1][1]| = -1.497e+01, arg(S[1][1]) = +5.968e+01
 S[2][1] = +9.039e-01-1.941e-01i, |S[2][1]| = -6.820e-01, arg(S[2][1]) = -1.212e+01

It 18/82: ω/2π = 8.000e+00 GHz (total elapsed time = 8.44e+02 s)

 Sol. ||E|| = 1.829703e+01
 Field energy E (4.709e-13 J) + H (3.477e-12 J) = 3.948e-12 J
 S[1][1] = +9.489e-02+1.634e-01i, |S[1][1]| = -1.447e+01, arg(S[1][1]) = +5.985e+01
 S[2][1] = +8.989e-01-2.059e-01i, |S[2][1]| = -7.036e-01, arg(S[2][1]) = -1.290e+01

It 19/82: ω/2π = 8.500e+00 GHz (total elapsed time = 8.44e+02 s)

 Sol. ||E|| = 1.841132e+01
 Field energy E (4.745e-13 J) + H (3.464e-12 J) = 3.938e-12 J
 S[1][1] = +9.992e-02+1.725e-01i, |S[1][1]| = -1.401e+01, arg(S[1][1]) = +5.992e+01
 S[2][1] = +8.937e-01-2.176e-01i, |S[2][1]| = -7.263e-01, arg(S[2][1]) = -1.368e+01

It 20/82: ω/2π = 9.000e+00 GHz (total elapsed time = 8.44e+02 s)

 Sol. ||E|| = 1.853848e+01
 Field energy E (4.785e-13 J) + H (3.450e-12 J) = 3.929e-12 J
 S[1][1] = +1.052e-01+1.815e-01i, |S[1][1]| = -1.356e+01, arg(S[1][1]) = +5.991e+01
 S[2][1] = +8.882e-01-2.291e-01i, |S[2][1]| = -7.502e-01, arg(S[2][1]) = -1.446e+01

It 21/82: ω/2π = 9.500e+00 GHz (total elapsed time = 8.44e+02 s)

 Sol. ||E|| = 1.867704e+01
 Field energy E (4.829e-13 J) + H (3.436e-12 J) = 3.919e-12 J
 S[1][1] = +1.107e-01+1.903e-01i, |S[1][1]| = -1.314e+01, arg(S[1][1]) = +5.981e+01
 S[2][1] = +8.825e-01-2.404e-01i, |S[2][1]| = -7.751e-01, arg(S[2][1]) = -1.524e+01

It 22/82: ω/2π = 1.000e+01 GHz (total elapsed time = 8.44e+02 s)

 Sol. ||E|| = 1.882579e+01
 Field energy E (4.878e-13 J) + H (3.422e-12 J) = 3.909e-12 J
 S[1][1] = +1.165e-01+1.989e-01i, |S[1][1]| = -1.275e+01, arg(S[1][1]) = +5.965e+01
 S[2][1] = +8.765e-01-2.515e-01i, |S[2][1]| = -8.011e-01, arg(S[2][1]) = -1.601e+01

It 23/82: ω/2π = 1.050e+01 GHz (total elapsed time = 8.44e+02 s)

 Sol. ||E|| = 1.898367e+01
 Field energy E (4.929e-13 J) + H (3.407e-12 J) = 3.900e-12 J
 S[1][1] = +1.224e-01+2.073e-01i, |S[1][1]| = -1.237e+01, arg(S[1][1]) = +5.944e+01
 S[2][1] = +8.704e-01-2.624e-01i, |S[2][1]| = -8.282e-01, arg(S[2][1]) = -1.678e+01

It 24/82: ω/2π = 1.100e+01 GHz (total elapsed time = 8.44e+02 s)

 Sol. ||E|| = 1.914979e+01
 Field energy E (4.985e-13 J) + H (3.392e-12 J) = 3.890e-12 J
 S[1][1] = +1.286e-01+2.156e-01i, |S[1][1]| = -1.201e+01, arg(S[1][1]) = +5.918e+01
 S[2][1] = +8.640e-01-2.732e-01i, |S[2][1]| = -8.563e-01, arg(S[2][1]) = -1.755e+01

It 25/82: ω/2π = 1.150e+01 GHz (total elapsed time = 8.45e+02 s)

 Sol. ||E|| = 1.932335e+01
 Field energy E (5.043e-13 J) + H (3.376e-12 J) = 3.881e-12 J
 S[1][1] = +1.350e-01+2.236e-01i, |S[1][1]| = -1.166e+01, arg(S[1][1]) = +5.888e+01
 S[2][1] = +8.574e-01-2.837e-01i, |S[2][1]| = -8.855e-01, arg(S[2][1]) = -1.831e+01

It 26/82: ω/2π = 1.200e+01 GHz (total elapsed time = 8.45e+02 s)

 Sol. ||E|| = 1.950364e+01
 Field energy E (5.105e-13 J) + H (3.361e-12 J) = 3.871e-12 J
 S[1][1] = +1.416e-01+2.314e-01i, |S[1][1]| = -1.133e+01, arg(S[1][1]) = +5.854e+01
 S[2][1] = +8.505e-01-2.941e-01i, |S[2][1]| = -9.156e-01, arg(S[2][1]) = -1.907e+01

It 27/82: ω/2π = 1.250e+01 GHz (total elapsed time = 8.45e+02 s)

 Sol. ||E|| = 1.969005e+01
 Field energy E (5.169e-13 J) + H (3.345e-12 J) = 3.862e-12 J
 S[1][1] = +1.484e-01+2.390e-01i, |S[1][1]| = -1.102e+01, arg(S[1][1]) = +5.817e+01
 S[2][1] = +8.435e-01-3.042e-01i, |S[2][1]| = -9.468e-01, arg(S[2][1]) = -1.983e+01

It 28/82: ω/2π = 1.300e+01 GHz (total elapsed time = 8.45e+02 s)

 Sol. ||E|| = 1.988200e+01
 Field energy E (5.236e-13 J) + H (3.328e-12 J) = 3.852e-12 J
 S[1][1] = +1.553e-01+2.465e-01i, |S[1][1]| = -1.071e+01, arg(S[1][1]) = +5.778e+01
 S[2][1] = +8.363e-01-3.142e-01i, |S[2][1]| = -9.790e-01, arg(S[2][1]) = -2.059e+01

It 29/82: ω/2π = 1.350e+01 GHz (total elapsed time = 8.45e+02 s)

 Sol. ||E|| = 2.007899e+01
 Field energy E (5.305e-13 J) + H (3.312e-12 J) = 3.842e-12 J
 S[1][1] = +1.625e-01+2.537e-01i, |S[1][1]| = -1.042e+01, arg(S[1][1]) = +5.736e+01
 S[2][1] = +8.290e-01-3.239e-01i, |S[2][1]| = -1.012e+00, arg(S[2][1]) = -2.134e+01

It 30/82: ω/2π = 1.400e+01 GHz (total elapsed time = 8.45e+02 s)

 Sol. ||E|| = 2.028055e+01
 Field energy E (5.377e-13 J) + H (3.295e-12 J) = 3.833e-12 J
 S[1][1] = +1.698e-01+2.607e-01i, |S[1][1]| = -1.014e+01, arg(S[1][1]) = +5.692e+01
 S[2][1] = +8.214e-01-3.335e-01i, |S[2][1]| = -1.046e+00, arg(S[2][1]) = -2.210e+01

It 31/82: ω/2π = 1.450e+01 GHz (total elapsed time = 8.45e+02 s)

 Sol. ||E|| = 2.048625e+01
 Field energy E (5.451e-13 J) + H (3.278e-12 J) = 3.823e-12 J
 S[1][1] = +1.772e-01+2.675e-01i, |S[1][1]| = -9.874e+00, arg(S[1][1]) = +5.647e+01
 S[2][1] = +8.137e-01-3.428e-01i, |S[2][1]| = -1.081e+00, arg(S[2][1]) = -2.285e+01

It 32/82: ω/2π = 1.500e+01 GHz (total elapsed time = 8.46e+02 s)

 Sol. ||E|| = 2.069570e+01
 Field energy E (5.527e-13 J) + H (3.260e-12 J) = 3.813e-12 J
 S[1][1] = +1.849e-01+2.740e-01i, |S[1][1]| = -9.615e+00, arg(S[1][1]) = +5.599e+01
 S[2][1] = +8.058e-01-3.519e-01i, |S[2][1]| = -1.118e+00, arg(S[2][1]) = -2.359e+01

It 33/82: ω/2π = 1.550e+01 GHz (total elapsed time = 8.46e+02 s)

 Sol. ||E|| = 2.090854e+01
 Field energy E (5.605e-13 J) + H (3.243e-12 J) = 3.803e-12 J
 S[1][1] = +1.926e-01+2.804e-01i, |S[1][1]| = -9.366e+00, arg(S[1][1]) = +5.551e+01
 S[2][1] = +7.977e-01-3.608e-01i, |S[2][1]| = -1.155e+00, arg(S[2][1]) = -2.434e+01

It 34/82: ω/2π = 1.600e+01 GHz (total elapsed time = 8.46e+02 s)

 Sol. ||E|| = 2.112443e+01
 Field energy E (5.686e-13 J) + H (3.225e-12 J) = 3.794e-12 J
 S[1][1] = +2.006e-01+2.865e-01i, |S[1][1]| = -9.125e+00, arg(S[1][1]) = +5.501e+01
 S[2][1] = +7.895e-01-3.695e-01i, |S[2][1]| = -1.192e+00, arg(S[2][1]) = -2.508e+01

It 35/82: ω/2π = 1.650e+01 GHz (total elapsed time = 8.46e+02 s)

 Sol. ||E|| = 2.134305e+01
 Field energy E (5.768e-13 J) + H (3.207e-12 J) = 3.784e-12 J
 S[1][1] = +2.086e-01+2.924e-01i, |S[1][1]| = -8.893e+00, arg(S[1][1]) = +5.449e+01
 S[2][1] = +7.812e-01-3.780e-01i, |S[2][1]| = -1.231e+00, arg(S[2][1]) = -2.582e+01

It 36/82: ω/2π = 1.700e+01 GHz (total elapsed time = 8.46e+02 s)

 Sol. ||E|| = 2.156412e+01
 Field energy E (5.852e-13 J) + H (3.189e-12 J) = 3.774e-12 J
 S[1][1] = +2.168e-01+2.981e-01i, |S[1][1]| = -8.669e+00, arg(S[1][1]) = +5.397e+01
 S[2][1] = +7.727e-01-3.862e-01i, |S[2][1]| = -1.271e+00, arg(S[2][1]) = -2.656e+01

It 37/82: ω/2π = 1.750e+01 GHz (total elapsed time = 8.46e+02 s)

 Sol. ||E|| = 2.178736e+01
 Field energy E (5.938e-13 J) + H (3.170e-12 J) = 3.764e-12 J
 S[1][1] = +2.251e-01+3.036e-01i, |S[1][1]| = -8.452e+00, arg(S[1][1]) = +5.344e+01
 S[2][1] = +7.641e-01-3.942e-01i, |S[2][1]| = -1.312e+00, arg(S[2][1]) = -2.729e+01

It 38/82: ω/2π = 1.800e+01 GHz (total elapsed time = 8.47e+02 s)

 Sol. ||E|| = 2.201252e+01
 Field energy E (6.025e-13 J) + H (3.152e-12 J) = 3.754e-12 J
 S[1][1] = +2.335e-01+3.088e-01i, |S[1][1]| = -8.242e+00, arg(S[1][1]) = +5.290e+01
 S[2][1] = +7.554e-01-4.020e-01i, |S[2][1]| = -1.354e+00, arg(S[2][1]) = -2.802e+01

It 39/82: ω/2π = 1.850e+01 GHz (total elapsed time = 8.47e+02 s)

 Sol. ||E|| = 2.223936e+01
 Field energy E (6.115e-13 J) + H (3.133e-12 J) = 3.744e-12 J
 S[1][1] = +2.421e-01+3.138e-01i, |S[1][1]| = -8.039e+00, arg(S[1][1]) = +5.235e+01
 S[2][1] = +7.465e-01-4.096e-01i, |S[2][1]| = -1.396e+00, arg(S[2][1]) = -2.875e+01

It 40/82: ω/2π = 1.900e+01 GHz (total elapsed time = 8.47e+02 s)

 Sol. ||E|| = 2.246764e+01
 Field energy E (6.205e-13 J) + H (3.114e-12 J) = 3.734e-12 J
 S[1][1] = +2.507e-01+3.186e-01i, |S[1][1]| = -7.842e+00, arg(S[1][1]) = +5.180e+01
 S[2][1] = +7.376e-01-4.170e-01i, |S[2][1]| = -1.440e+00, arg(S[2][1]) = -2.948e+01

It 41/82: ω/2π = 1.950e+01 GHz (total elapsed time = 8.47e+02 s)

 Sol. ||E|| = 2.269717e+01
 Field energy E (6.297e-13 J) + H (3.095e-12 J) = 3.724e-12 J
 S[1][1] = +2.595e-01+3.232e-01i, |S[1][1]| = -7.651e+00, arg(S[1][1]) = +5.124e+01
 S[2][1] = +7.285e-01-4.241e-01i, |S[2][1]| = -1.484e+00, arg(S[2][1]) = -3.021e+01

It 42/82: ω/2π = 2.000e+01 GHz (total elapsed time = 8.47e+02 s)

 Sol. ||E|| = 2.292773e+01
 Field energy E (6.391e-13 J) + H (3.075e-12 J) = 3.714e-12 J
 S[1][1] = +2.683e-01+3.275e-01i, |S[1][1]| = -7.466e+00, arg(S[1][1]) = +5.067e+01
 S[2][1] = +7.193e-01-4.310e-01i, |S[2][1]| = -1.529e+00, arg(S[2][1]) = -3.093e+01

It 43/82: ω/2π = 2.050e+01 GHz (total elapsed time = 8.47e+02 s)

 Sol. ||E|| = 2.315914e+01
 Field energy E (6.486e-13 J) + H (3.056e-12 J) = 3.704e-12 J
 S[1][1] = +2.772e-01+3.316e-01i, |S[1][1]| = -7.286e+00, arg(S[1][1]) = +5.010e+01
 S[2][1] = +7.100e-01-4.377e-01i, |S[2][1]| = -1.576e+00, arg(S[2][1]) = -3.165e+01

It 44/82: ω/2π = 2.100e+01 GHz (total elapsed time = 8.47e+02 s)

 Sol. ||E|| = 2.339122e+01
 Field energy E (6.582e-13 J) + H (3.036e-12 J) = 3.694e-12 J
 S[1][1] = +2.862e-01+3.355e-01i, |S[1][1]| = -7.111e+00, arg(S[1][1]) = +4.953e+01
 S[2][1] = +7.007e-01-4.441e-01i, |S[2][1]| = -1.623e+00, arg(S[2][1]) = -3.237e+01

It 45/82: ω/2π = 2.150e+01 GHz (total elapsed time = 8.47e+02 s)

 Sol. ||E|| = 2.362381e+01
 Field energy E (6.679e-13 J) + H (3.016e-12 J) = 3.684e-12 J
 S[1][1] = +2.953e-01+3.391e-01i, |S[1][1]| = -6.942e+00, arg(S[1][1]) = +4.895e+01
 S[2][1] = +6.912e-01-4.504e-01i, |S[2][1]| = -1.671e+00, arg(S[2][1]) = -3.308e+01

It 46/82: ω/2π = 2.200e+01 GHz (total elapsed time = 8.48e+02 s)

 Sol. ||E|| = 2.385674e+01
 Field energy E (6.778e-13 J) + H (2.997e-12 J) = 3.674e-12 J
 S[1][1] = +3.045e-01+3.425e-01i, |S[1][1]| = -6.777e+00, arg(S[1][1]) = +4.837e+01
 S[2][1] = +6.817e-01-4.564e-01i, |S[2][1]| = -1.720e+00, arg(S[2][1]) = -3.380e+01

It 47/82: ω/2π = 2.250e+01 GHz (total elapsed time = 8.48e+02 s)

 Sol. ||E|| = 2.408986e+01
 Field energy E (6.878e-13 J) + H (2.977e-12 J) = 3.664e-12 J
 S[1][1] = +3.137e-01+3.457e-01i, |S[1][1]| = -6.617e+00, arg(S[1][1]) = +4.778e+01
 S[2][1] = +6.721e-01-4.621e-01i, |S[2][1]| = -1.770e+00, arg(S[2][1]) = -3.451e+01

It 48/82: ω/2π = 2.300e+01 GHz (total elapsed time = 8.48e+02 s)

 Sol. ||E|| = 2.432303e+01
 Field energy E (6.978e-13 J) + H (2.956e-12 J) = 3.654e-12 J
 S[1][1] = +3.229e-01+3.487e-01i, |S[1][1]| = -6.461e+00, arg(S[1][1]) = +4.720e+01
 S[2][1] = +6.625e-01-4.677e-01i, |S[2][1]| = -1.820e+00, arg(S[2][1]) = -3.522e+01

It 49/82: ω/2π = 2.350e+01 GHz (total elapsed time = 8.48e+02 s)

 Sol. ||E|| = 2.455612e+01
 Field energy E (7.080e-13 J) + H (2.936e-12 J) = 3.644e-12 J
 S[1][1] = +3.323e-01+3.514e-01i, |S[1][1]| = -6.310e+00, arg(S[1][1]) = +4.661e+01
 S[2][1] = +6.528e-01-4.730e-01i, |S[2][1]| = -1.872e+00, arg(S[2][1]) = -3.593e+01

It 50/82: ω/2π = 2.400e+01 GHz (total elapsed time = 8.48e+02 s)

 Sol. ||E|| = 2.478899e+01
 Field energy E (7.183e-13 J) + H (2.916e-12 J) = 3.634e-12 J
 S[1][1] = +3.416e-01+3.539e-01i, |S[1][1]| = -6.162e+00, arg(S[1][1]) = +4.601e+01
 S[2][1] = +6.430e-01-4.781e-01i, |S[2][1]| = -1.925e+00, arg(S[2][1]) = -3.663e+01

It 51/82: ω/2π = 2.450e+01 GHz (total elapsed time = 8.48e+02 s)

 Sol. ||E|| = 2.502153e+01
 Field energy E (7.286e-13 J) + H (2.896e-12 J) = 3.624e-12 J
 S[1][1] = +3.511e-01+3.562e-01i, |S[1][1]| = -6.018e+00, arg(S[1][1]) = +4.542e+01
 S[2][1] = +6.332e-01-4.830e-01i, |S[2][1]| = -1.978e+00, arg(S[2][1]) = -3.734e+01

It 52/82: ω/2π = 2.500e+01 GHz (total elapsed time = 8.48e+02 s)

 Sol. ||E|| = 2.525361e+01
 Field energy E (7.390e-13 J) + H (2.875e-12 J) = 3.614e-12 J
 S[1][1] = +3.605e-01+3.583e-01i, |S[1][1]| = -5.878e+00, arg(S[1][1]) = +4.482e+01
 S[2][1] = +6.233e-01-4.876e-01i, |S[2][1]| = -2.032e+00, arg(S[2][1]) = -3.804e+01

It 53/82: ω/2π = 2.550e+01 GHz (total elapsed time = 8.48e+02 s)

 Sol. ||E|| = 2.548514e+01
 Field energy E (7.495e-13 J) + H (2.855e-12 J) = 3.604e-12 J
 S[1][1] = +3.700e-01+3.601e-01i, |S[1][1]| = -5.742e+00, arg(S[1][1]) = +4.422e+01
 S[2][1] = +6.134e-01-4.920e-01i, |S[2][1]| = -2.088e+00, arg(S[2][1]) = -3.874e+01

It 54/82: ω/2π = 2.600e+01 GHz (total elapsed time = 8.49e+02 s)

 Sol. ||E|| = 2.571600e+01
 Field energy E (7.601e-13 J) + H (2.834e-12 J) = 3.594e-12 J
 S[1][1] = +3.795e-01+3.617e-01i, |S[1][1]| = -5.609e+00, arg(S[1][1]) = +4.363e+01
 S[2][1] = +6.035e-01-4.962e-01i, |S[2][1]| = -2.144e+00, arg(S[2][1]) = -3.943e+01

It 55/82: ω/2π = 2.650e+01 GHz (total elapsed time = 8.49e+02 s)

 Sol. ||E|| = 2.594610e+01
 Field energy E (7.707e-13 J) + H (2.813e-12 J) = 3.584e-12 J
 S[1][1] = +3.890e-01+3.631e-01i, |S[1][1]| = -5.480e+00, arg(S[1][1]) = +4.303e+01
 S[2][1] = +5.935e-01-5.002e-01i, |S[2][1]| = -2.201e+00, arg(S[2][1]) = -4.013e+01

It 56/82: ω/2π = 2.700e+01 GHz (total elapsed time = 8.49e+02 s)

 Sol. ||E|| = 2.617535e+01
 Field energy E (7.814e-13 J) + H (2.792e-12 J) = 3.574e-12 J
 S[1][1] = +3.985e-01+3.642e-01i, |S[1][1]| = -5.354e+00, arg(S[1][1]) = +4.242e+01
 S[2][1] = +5.835e-01-5.040e-01i, |S[2][1]| = -2.259e+00, arg(S[2][1]) = -4.082e+01

It 57/82: ω/2π = 2.750e+01 GHz (total elapsed time = 8.49e+02 s)

 Sol. ||E|| = 2.640365e+01
 Field energy E (7.922e-13 J) + H (2.772e-12 J) = 3.564e-12 J
 S[1][1] = +4.081e-01+3.652e-01i, |S[1][1]| = -5.231e+00, arg(S[1][1]) = +4.182e+01
 S[2][1] = +5.735e-01-5.075e-01i, |S[2][1]| = -2.317e+00, arg(S[2][1]) = -4.151e+01

It 58/82: ω/2π = 2.800e+01 GHz (total elapsed time = 8.49e+02 s)

 Sol. ||E|| = 2.663092e+01
 Field energy E (8.030e-13 J) + H (2.751e-12 J) = 3.554e-12 J
 S[1][1] = +4.176e-01+3.659e-01i, |S[1][1]| = -5.111e+00, arg(S[1][1]) = +4.122e+01
 S[2][1] = +5.635e-01-5.109e-01i, |S[2][1]| = -2.377e+00, arg(S[2][1]) = -4.220e+01

It 59/82: ω/2π = 2.850e+01 GHz (total elapsed time = 8.49e+02 s)

 Sol. ||E|| = 2.685709e+01
 Field energy E (8.138e-13 J) + H (2.730e-12 J) = 3.544e-12 J
 S[1][1] = +4.272e-01+3.663e-01i, |S[1][1]| = -4.993e+00, arg(S[1][1]) = +4.062e+01
 S[2][1] = +5.534e-01-5.140e-01i, |S[2][1]| = -2.438e+00, arg(S[2][1]) = -4.288e+01

It 60/82: ω/2π = 2.900e+01 GHz (total elapsed time = 8.50e+02 s)

 Sol. ||E|| = 2.708208e+01
 Field energy E (8.247e-13 J) + H (2.709e-12 J) = 3.534e-12 J
 S[1][1] = +4.367e-01+3.666e-01i, |S[1][1]| = -4.879e+00, arg(S[1][1]) = +4.001e+01
 S[2][1] = +5.434e-01-5.169e-01i, |S[2][1]| = -2.499e+00, arg(S[2][1]) = -4.357e+01

It 61/82: ω/2π = 2.950e+01 GHz (total elapsed time = 8.50e+02 s)

 Sol. ||E|| = 2.730581e+01
 Field energy E (8.357e-13 J) + H (2.688e-12 J) = 3.524e-12 J
 S[1][1] = +4.463e-01+3.667e-01i, |S[1][1]| = -4.767e+00, arg(S[1][1]) = +3.941e+01
 S[2][1] = +5.334e-01-5.196e-01i, |S[2][1]| = -2.562e+00, arg(S[2][1]) = -4.425e+01

It 62/82: ω/2π = 3.000e+01 GHz (total elapsed time = 8.50e+02 s)

 Sol. ||E|| = 2.752823e+01
 Field energy E (8.466e-13 J) + H (2.667e-12 J) = 3.514e-12 J
 S[1][1] = +4.558e-01+3.665e-01i, |S[1][1]| = -4.659e+00, arg(S[1][1]) = +3.880e+01
 S[2][1] = +5.233e-01-5.220e-01i, |S[2][1]| = -2.625e+00, arg(S[2][1]) = -4.493e+01

It 63/82: ω/2π = 3.050e+01 GHz (total elapsed time = 8.50e+02 s)

 Sol. ||E|| = 2.774927e+01
 Field energy E (8.576e-13 J) + H (2.646e-12 J) = 3.504e-12 J
 S[1][1] = +4.653e-01+3.661e-01i, |S[1][1]| = -4.552e+00, arg(S[1][1]) = +3.820e+01
 S[2][1] = +5.133e-01-5.243e-01i, |S[2][1]| = -2.689e+00, arg(S[2][1]) = -4.560e+01

It 64/82: ω/2π = 3.100e+01 GHz (total elapsed time = 8.50e+02 s)

 Sol. ||E|| = 2.796886e+01
 Field energy E (8.686e-13 J) + H (2.625e-12 J) = 3.494e-12 J
 S[1][1] = +4.748e-01+3.655e-01i, |S[1][1]| = -4.448e+00, arg(S[1][1]) = +3.759e+01
 S[2][1] = +5.033e-01-5.263e-01i, |S[2][1]| = -2.754e+00, arg(S[2][1]) = -4.628e+01

It 65/82: ω/2π = 3.150e+01 GHz (total elapsed time = 8.50e+02 s)

 Sol. ||E|| = 2.818696e+01
 Field energy E (8.796e-13 J) + H (2.604e-12 J) = 3.484e-12 J
 S[1][1] = +4.842e-01+3.648e-01i, |S[1][1]| = -4.347e+00, arg(S[1][1]) = +3.699e+01
 S[2][1] = +4.933e-01-5.282e-01i, |S[2][1]| = -2.820e+00, arg(S[2][1]) = -4.695e+01

It 66/82: ω/2π = 3.200e+01 GHz (total elapsed time = 8.50e+02 s)

 Sol. ||E|| = 2.840350e+01
 Field energy E (8.906e-13 J) + H (2.583e-12 J) = 3.474e-12 J
 S[1][1] = +4.937e-01+3.637e-01i, |S[1][1]| = -4.248e+00, arg(S[1][1]) = +3.638e+01
 S[2][1] = +4.834e-01-5.298e-01i, |S[2][1]| = -2.887e+00, arg(S[2][1]) = -4.762e+01

It 67/82: ω/2π = 3.250e+01 GHz (total elapsed time = 8.50e+02 s)

 Sol. ||E|| = 2.861844e+01
 Field energy E (9.017e-13 J) + H (2.562e-12 J) = 3.464e-12 J
 S[1][1] = +5.031e-01+3.625e-01i, |S[1][1]| = -4.151e+00, arg(S[1][1]) = +3.578e+01
 S[2][1] = +4.735e-01-5.313e-01i, |S[2][1]| = -2.955e+00, arg(S[2][1]) = -4.829e+01

It 68/82: ω/2π = 3.300e+01 GHz (total elapsed time = 8.50e+02 s)

 Sol. ||E|| = 2.883174e+01
 Field energy E (9.127e-13 J) + H (2.542e-12 J) = 3.454e-12 J
 S[1][1] = +5.124e-01+3.611e-01i, |S[1][1]| = -4.057e+00, arg(S[1][1]) = +3.518e+01
 S[2][1] = +4.636e-01-5.325e-01i, |S[2][1]| = -3.024e+00, arg(S[2][1]) = -4.896e+01

It 69/82: ω/2π = 3.350e+01 GHz (total elapsed time = 8.51e+02 s)

 Sol. ||E|| = 2.904334e+01
 Field energy E (9.238e-13 J) + H (2.521e-12 J) = 3.444e-12 J
 S[1][1] = +5.217e-01+3.595e-01i, |S[1][1]| = -3.964e+00, arg(S[1][1]) = +3.457e+01
 S[2][1] = +4.537e-01-5.336e-01i, |S[2][1]| = -3.093e+00, arg(S[2][1]) = -4.962e+01

It 70/82: ω/2π = 3.400e+01 GHz (total elapsed time = 8.51e+02 s)

 Sol. ||E|| = 2.925321e+01
 Field energy E (9.348e-13 J) + H (2.500e-12 J) = 3.435e-12 J
 S[1][1] = +5.309e-01+3.577e-01i, |S[1][1]| = -3.874e+00, arg(S[1][1]) = +3.397e+01
 S[2][1] = +4.439e-01-5.344e-01i, |S[2][1]| = -3.164e+00, arg(S[2][1]) = -5.029e+01

It 71/82: ω/2π = 3.450e+01 GHz (total elapsed time = 8.51e+02 s)

 Sol. ||E|| = 2.946130e+01
 Field energy E (9.458e-13 J) + H (2.479e-12 J) = 3.425e-12 J
 S[1][1] = +5.401e-01+3.557e-01i, |S[1][1]| = -3.786e+00, arg(S[1][1]) = +3.337e+01
 S[2][1] = +4.341e-01-5.351e-01i, |S[2][1]| = -3.235e+00, arg(S[2][1]) = -5.095e+01

It 72/82: ω/2π = 3.500e+01 GHz (total elapsed time = 8.51e+02 s)

 Sol. ||E|| = 2.966759e+01
 Field energy E (9.568e-13 J) + H (2.458e-12 J) = 3.415e-12 J
 S[1][1] = +5.493e-01+3.535e-01i, |S[1][1]| = -3.699e+00, arg(S[1][1]) = +3.276e+01
 S[2][1] = +4.244e-01-5.355e-01i, |S[2][1]| = -3.308e+00, arg(S[2][1]) = -5.161e+01

It 73/82: ω/2π = 3.550e+01 GHz (total elapsed time = 8.51e+02 s)

 Sol. ||E|| = 2.987203e+01
 Field energy E (9.679e-13 J) + H (2.437e-12 J) = 3.405e-12 J
 S[1][1] = +5.584e-01+3.511e-01i, |S[1][1]| = -3.615e+00, arg(S[1][1]) = +3.216e+01
 S[2][1] = +4.147e-01-5.358e-01i, |S[2][1]| = -3.381e+00, arg(S[2][1]) = -5.226e+01

It 74/82: ω/2π = 3.600e+01 GHz (total elapsed time = 8.51e+02 s)

 Sol. ||E|| = 3.007460e+01
 Field energy E (9.788e-13 J) + H (2.417e-12 J) = 3.395e-12 J
 S[1][1] = +5.674e-01+3.485e-01i, |S[1][1]| = -3.532e+00, arg(S[1][1]) = +3.156e+01
 S[2][1] = +4.051e-01-5.359e-01i, |S[2][1]| = -3.455e+00, arg(S[2][1]) = -5.292e+01

It 75/82: ω/2π = 3.650e+01 GHz (total elapsed time = 8.51e+02 s)

 Sol. ||E|| = 3.027526e+01
 Field energy E (9.898e-13 J) + H (2.396e-12 J) = 3.386e-12 J
 S[1][1] = +5.763e-01+3.457e-01i, |S[1][1]| = -3.452e+00, arg(S[1][1]) = +3.096e+01
 S[2][1] = +3.955e-01-5.359e-01i, |S[2][1]| = -3.530e+00, arg(S[2][1]) = -5.357e+01

It 76/82: ω/2π = 3.700e+01 GHz (total elapsed time = 8.52e+02 s)

 Sol. ||E|| = 3.047399e+01
 Field energy E (1.001e-12 J) + H (2.375e-12 J) = 3.376e-12 J
 S[1][1] = +5.852e-01+3.428e-01i, |S[1][1]| = -3.373e+00, arg(S[1][1]) = +3.036e+01
 S[2][1] = +3.860e-01-5.356e-01i, |S[2][1]| = -3.606e+00, arg(S[2][1]) = -5.422e+01

It 77/82: ω/2π = 3.750e+01 GHz (total elapsed time = 8.52e+02 s)

 Sol. ||E|| = 3.067076e+01
 Field energy E (1.012e-12 J) + H (2.355e-12 J) = 3.366e-12 J
 S[1][1] = +5.940e-01+3.396e-01i, |S[1][1]| = -3.296e+00, arg(S[1][1]) = +2.976e+01
 S[2][1] = +3.766e-01-5.352e-01i, |S[2][1]| = -3.683e+00, arg(S[2][1]) = -5.487e+01

It 78/82: ω/2π = 3.800e+01 GHz (total elapsed time = 8.52e+02 s)

 Sol. ||E|| = 3.086556e+01
 Field energy E (1.023e-12 J) + H (2.334e-12 J) = 3.357e-12 J
 S[1][1] = +6.027e-01+3.363e-01i, |S[1][1]| = -3.221e+00, arg(S[1][1]) = +2.916e+01
 S[2][1] = +3.672e-01-5.346e-01i, |S[2][1]| = -3.761e+00, arg(S[2][1]) = -5.551e+01

It 79/82: ω/2π = 3.850e+01 GHz (total elapsed time = 8.52e+02 s)

 Sol. ||E|| = 3.105835e+01
 Field energy E (1.033e-12 J) + H (2.314e-12 J) = 3.347e-12 J
 S[1][1] = +6.113e-01+3.328e-01i, |S[1][1]| = -3.147e+00, arg(S[1][1]) = +2.857e+01
 S[2][1] = +3.579e-01-5.338e-01i, |S[2][1]| = -3.840e+00, arg(S[2][1]) = -5.616e+01

It 80/82: ω/2π = 3.900e+01 GHz (total elapsed time = 8.52e+02 s)

 Sol. ||E|| = 3.124912e+01
 Field energy E (1.044e-12 J) + H (2.293e-12 J) = 3.338e-12 J
 S[1][1] = +6.199e-01+3.292e-01i, |S[1][1]| = -3.075e+00, arg(S[1][1]) = +2.797e+01
 S[2][1] = +3.487e-01-5.328e-01i, |S[2][1]| = -3.920e+00, arg(S[2][1]) = -5.680e+01

It 81/82: ω/2π = 3.950e+01 GHz (total elapsed time = 8.52e+02 s)

 Sol. ||E|| = 3.143786e+01
 Field energy E (1.055e-12 J) + H (2.273e-12 J) = 3.328e-12 J
 S[1][1] = +6.284e-01+3.254e-01i, |S[1][1]| = -3.004e+00, arg(S[1][1]) = +2.737e+01
 S[2][1] = +3.395e-01-5.317e-01i, |S[2][1]| = -4.001e+00, arg(S[2][1]) = -5.744e+01

It 82/82: ω/2π = 4.000e+01 GHz (total elapsed time = 8.52e+02 s)

 Sol. ||E|| = 3.162454e+01
 Field energy E (1.066e-12 J) + H (2.253e-12 J) = 3.319e-12 J
 S[1][1] = +6.368e-01+3.214e-01i, |S[1][1]| = -2.935e+00, arg(S[1][1]) = +2.678e+01
 S[2][1] = +3.305e-01-5.305e-01i, |S[2][1]| = -4.083e+00, arg(S[2][1]) = -5.808e+01

Sweeping excitation index 2 (2/2):

It 1/82: ω/2π = 1.000e-02 GHz (total elapsed time = 8.53e+02 s)

 Sol. ||E|| = 2.175233e+01
 Field energy E (6.043e-13 J) + H (4.005e-12 J) = 4.610e-12 J
 S[1][2] = +9.463e-01-3.048e-04i, |S[1][2]| = -4.795e-01, arg(S[1][2]) = -1.845e-02
 S[2][2] = +5.371e-02+2.284e-04i, |S[2][2]| = -2.540e+01, arg(S[2][2]) = +2.436e-01

It 2/82: ω/2π = 2.000e-02 GHz (total elapsed time = 8.53e+02 s)

 Sol. ||E|| = 2.175185e+01
 Field energy E (6.043e-13 J) + H (3.974e-12 J) = 4.578e-12 J
 S[1][2] = +9.463e-01-6.056e-04i, |S[1][2]| = -4.796e-01, arg(S[1][2]) = -3.667e-02
 S[2][2] = +5.372e-02+4.528e-04i, |S[2][2]| = -2.540e+01, arg(S[2][2]) = +4.830e-01

It 3/82: ω/2π = 5.000e-01 GHz (total elapsed time = 8.53e+02 s)

 Sol. ||E|| = 2.143835e+01
 Field energy E (5.914e-13 J) + H (3.834e-12 J) = 4.426e-12 J
 S[1][2] = +9.456e-01-1.467e-02i, |S[1][2]| = -4.846e-01, arg(S[1][2]) = -8.888e-01
 S[2][2] = +5.407e-02+1.093e-02i, |S[2][2]| = -2.517e+01, arg(S[2][2]) = +1.143e+01

It 4/82: ω/2π = 1.000e+00 GHz (total elapsed time = 8.53e+02 s)

 Sol. ||E|| = 2.072864e+01
 Field energy E (5.624e-13 J) + H (3.756e-12 J) = 4.318e-12 J
 S[1][2] = +9.443e-01-2.872e-02i, |S[1][2]| = -4.941e-01, arg(S[1][2]) = -1.742e+00
 S[2][2] = +5.470e-02+2.163e-02i, |S[2][2]| = -2.461e+01, arg(S[2][2]) = +2.157e+01

It 5/82: ω/2π = 1.500e+00 GHz (total elapsed time = 8.53e+02 s)

 Sol. ||E|| = 1.994028e+01
 Field energy E (5.311e-13 J) + H (3.701e-12 J) = 4.232e-12 J
 S[1][2] = +9.426e-01-4.231e-02i, |S[1][2]| = -5.047e-01, arg(S[1][2]) = -2.570e+00
 S[2][2] = +5.555e-02+3.228e-02i, |S[2][2]| = -2.384e+01, arg(S[2][2]) = +3.016e+01

It 6/82: ω/2π = 2.000e+00 GHz (total elapsed time = 8.53e+02 s)

 Sol. ||E|| = 1.925327e+01
 Field energy E (5.048e-13 J) + H (3.663e-12 J) = 4.168e-12 J
 S[1][2] = +9.407e-01-5.561e-02i, |S[1][2]| = -5.155e-01, arg(S[1][2]) = -3.383e+00
 S[2][2] = +5.670e-02+4.293e-02i, |S[2][2]| = -2.296e+01, arg(S[2][2]) = +3.713e+01

It 7/82: ω/2π = 2.500e+00 GHz (total elapsed time = 8.53e+02 s)

 Sol. ||E|| = 1.872199e+01
 Field energy E (4.849e-13 J) + H (3.635e-12 J) = 4.120e-12 J
 S[1][2] = +9.387e-01-6.873e-02i, |S[1][2]| = -5.264e-01, arg(S[1][2]) = -4.188e+00
 S[2][2] = +5.818e-02+5.356e-02i, |S[2][2]| = -2.204e+01, arg(S[2][2]) = +4.263e+01

It 8/82: ω/2π = 3.000e+00 GHz (total elapsed time = 8.54e+02 s)

 Sol. ||E|| = 1.833648e+01
 Field energy E (4.708e-13 J) + H (3.614e-12 J) = 4.085e-12 J
 S[1][2] = +9.364e-01-8.175e-02i, |S[1][2]| = -5.377e-01, arg(S[1][2]) = -4.989e+00
 S[2][2] = +6.000e-02+6.415e-02i, |S[2][2]| = -2.113e+01, arg(S[2][2]) = +4.692e+01

It 9/82: ω/2π = 3.500e+00 GHz (total elapsed time = 8.54e+02 s)

 Sol. ||E|| = 1.806865e+01
 Field energy E (4.610e-13 J) + H (3.596e-12 J) = 4.057e-12 J
 S[1][2] = +9.339e-01-9.467e-02i, |S[1][2]| = -5.496e-01, arg(S[1][2]) = -5.788e+00
 S[2][2] = +6.215e-02+7.467e-02i, |S[2][2]| = -2.025e+01, arg(S[2][2]) = +5.023e+01

It 10/82: ω/2π = 4.000e+00 GHz (total elapsed time = 8.54e+02 s)

 Sol. ||E|| = 1.789127e+01
 Field energy E (4.545e-13 J) + H (3.580e-12 J) = 4.035e-12 J
 S[1][2] = +9.311e-01-1.075e-01i, |S[1][2]| = -5.624e-01, arg(S[1][2]) = -6.586e+00
 S[2][2] = +6.464e-02+8.510e-02i, |S[2][2]| = -1.942e+01, arg(S[2][2]) = +5.278e+01

It 11/82: ω/2π = 4.500e+00 GHz (total elapsed time = 8.54e+02 s)

 Sol. ||E|| = 1.778287e+01
 Field energy E (4.504e-13 J) + H (3.566e-12 J) = 4.017e-12 J
 S[1][2] = +9.281e-01-1.202e-01i, |S[1][2]| = -5.761e-01, arg(S[1][2]) = -7.382e+00
 S[2][2] = +6.744e-02+9.543e-02i, |S[2][2]| = -1.865e+01, arg(S[2][2]) = +5.475e+01

It 12/82: ω/2π = 5.000e+00 GHz (total elapsed time = 8.54e+02 s)

 Sol. ||E|| = 1.772764e+01
 Field energy E (4.481e-13 J) + H (3.553e-12 J) = 4.001e-12 J
 S[1][2] = +9.247e-01-1.329e-01i, |S[1][2]| = -5.910e-01, arg(S[1][2]) = -8.177e+00
 S[2][2] = +7.056e-02+1.056e-01i, |S[2][2]| = -1.792e+01, arg(S[2][2]) = +5.626e+01

It 13/82: ω/2π = 5.500e+00 GHz (total elapsed time = 8.54e+02 s)

 Sol. ||E|| = 1.771417e+01
 Field energy E (4.473e-13 J) + H (3.540e-12 J) = 3.987e-12 J
 S[1][2] = +9.211e-01-1.454e-01i, |S[1][2]| = -6.069e-01, arg(S[1][2]) = -8.970e+00
 S[2][2] = +7.399e-02+1.157e-01i, |S[2][2]| = -1.724e+01, arg(S[2][2]) = +5.741e+01

It 14/82: ω/2π = 6.000e+00 GHz (total elapsed time = 8.55e+02 s)

 Sol. ||E|| = 1.773423e+01
 Field energy E (4.475e-13 J) + H (3.528e-12 J) = 3.975e-12 J
 S[1][2] = +9.172e-01-1.578e-01i, |S[1][2]| = -6.239e-01, arg(S[1][2]) = -9.761e+00
 S[2][2] = +7.771e-02+1.257e-01i, |S[2][2]| = -1.661e+01, arg(S[2][2]) = +5.827e+01

It 15/82: ω/2π = 6.500e+00 GHz (total elapsed time = 8.55e+02 s)

 Sol. ||E|| = 1.778177e+01
 Field energy E (4.487e-13 J) + H (3.515e-12 J) = 3.964e-12 J
 S[1][2] = +9.130e-01-1.700e-01i, |S[1][2]| = -6.421e-01, arg(S[1][2]) = -1.055e+01
 S[2][2] = +8.172e-02+1.355e-01i, |S[2][2]| = -1.601e+01, arg(S[2][2]) = +5.891e+01

It 16/82: ω/2π = 7.000e+00 GHz (total elapsed time = 8.55e+02 s)

 Sol. ||E|| = 1.785229e+01
 Field energy E (4.507e-13 J) + H (3.502e-12 J) = 3.953e-12 J
 S[1][2] = +9.086e-01-1.822e-01i, |S[1][2]| = -6.615e-01, arg(S[1][2]) = -1.134e+01
 S[2][2] = +8.601e-02+1.452e-01i, |S[2][2]| = -1.546e+01, arg(S[2][2]) = +5.935e+01

It 17/82: ω/2π = 7.500e+00 GHz (total elapsed time = 8.55e+02 s)

 Sol. ||E|| = 1.794233e+01
 Field energy E (4.534e-13 J) + H (3.489e-12 J) = 3.943e-12 J
 S[1][2] = +9.039e-01-1.941e-01i, |S[1][2]| = -6.820e-01, arg(S[1][2]) = -1.212e+01
 S[2][2] = +9.058e-02+1.547e-01i, |S[2][2]| = -1.493e+01, arg(S[2][2]) = +5.965e+01

It 18/82: ω/2π = 8.000e+00 GHz (total elapsed time = 8.55e+02 s)

 Sol. ||E|| = 1.804922e+01
 Field energy E (4.567e-13 J) + H (3.476e-12 J) = 3.933e-12 J
 S[1][2] = +8.989e-01-2.059e-01i, |S[1][2]| = -7.036e-01, arg(S[1][2]) = -1.290e+01
 S[2][2] = +9.541e-02+1.640e-01i, |S[2][2]| = -1.444e+01, arg(S[2][2]) = +5.982e+01

It 19/82: ω/2π = 8.500e+00 GHz (total elapsed time = 8.56e+02 s)

 Sol. ||E|| = 1.817080e+01
 Field energy E (4.605e-13 J) + H (3.463e-12 J) = 3.923e-12 J
 S[1][2] = +8.937e-01-2.176e-01i, |S[1][2]| = -7.263e-01, arg(S[1][2]) = -1.368e+01
 S[2][2] = +1.005e-01+1.732e-01i, |S[2][2]| = -1.397e+01, arg(S[2][2]) = +5.988e+01

It 20/82: ω/2π = 9.000e+00 GHz (total elapsed time = 8.56e+02 s)

 Sol. ||E|| = 1.830532e+01
 Field energy E (4.648e-13 J) + H (3.449e-12 J) = 3.914e-12 J
 S[1][2] = +8.882e-01-2.291e-01i, |S[1][2]| = -7.502e-01, arg(S[1][2]) = -1.446e+01
 S[2][2] = +1.058e-01+1.822e-01i, |S[2][2]| = -1.353e+01, arg(S[2][2]) = +5.985e+01

It 21/82: ω/2π = 9.500e+00 GHz (total elapsed time = 8.56e+02 s)

 Sol. ||E|| = 1.845133e+01
 Field energy E (4.695e-13 J) + H (3.435e-12 J) = 3.904e-12 J
 S[1][2] = +8.825e-01-2.404e-01i, |S[1][2]| = -7.751e-01, arg(S[1][2]) = -1.524e+01
 S[2][2] = +1.114e-01+1.910e-01i, |S[2][2]| = -1.311e+01, arg(S[2][2]) = +5.975e+01

It 22/82: ω/2π = 1.000e+01 GHz (total elapsed time = 8.56e+02 s)

 Sol. ||E|| = 1.860759e+01
 Field energy E (4.746e-13 J) + H (3.420e-12 J) = 3.895e-12 J
 S[1][2] = +8.765e-01-2.515e-01i, |S[1][2]| = -8.011e-01, arg(S[1][2]) = -1.601e+01
 S[2][2] = +1.172e-01+1.996e-01i, |S[2][2]| = -1.271e+01, arg(S[2][2]) = +5.958e+01

It 23/82: ω/2π = 1.050e+01 GHz (total elapsed time = 8.56e+02 s)

 Sol. ||E|| = 1.877306e+01
 Field energy E (4.801e-13 J) + H (3.405e-12 J) = 3.886e-12 J
 S[1][2] = +8.704e-01-2.624e-01i, |S[1][2]| = -8.282e-01, arg(S[1][2]) = -1.678e+01
 S[2][2] = +1.232e-01+2.081e-01i, |S[2][2]| = -1.233e+01, arg(S[2][2]) = +5.936e+01

It 24/82: ω/2π = 1.100e+01 GHz (total elapsed time = 8.56e+02 s)

 Sol. ||E|| = 1.894681e+01
 Field energy E (4.859e-13 J) + H (3.390e-12 J) = 3.876e-12 J
 S[1][2] = +8.640e-01-2.732e-01i, |S[1][2]| = -8.563e-01, arg(S[1][2]) = -1.755e+01
 S[2][2] = +1.295e-01+2.163e-01i, |S[2][2]| = -1.197e+01, arg(S[2][2]) = +5.910e+01

It 25/82: ω/2π = 1.150e+01 GHz (total elapsed time = 8.57e+02 s)

 Sol. ||E|| = 1.912806e+01
 Field energy E (4.920e-13 J) + H (3.375e-12 J) = 3.867e-12 J
 S[1][2] = +8.574e-01-2.837e-01i, |S[1][2]| = -8.855e-01, arg(S[1][2]) = -1.831e+01
 S[2][2] = +1.359e-01+2.244e-01i, |S[2][2]| = -1.162e+01, arg(S[2][2]) = +5.879e+01

It 26/82: ω/2π = 1.200e+01 GHz (total elapsed time = 8.57e+02 s)

 Sol. ||E|| = 1.931608e+01
 Field energy E (4.985e-13 J) + H (3.359e-12 J) = 3.858e-12 J
 S[1][2] = +8.505e-01-2.941e-01i, |S[1][2]| = -9.156e-01, arg(S[1][2]) = -1.907e+01
 S[2][2] = +1.426e-01+2.322e-01i, |S[2][2]| = -1.129e+01, arg(S[2][2]) = +5.845e+01

It 27/82: ω/2π = 1.250e+01 GHz (total elapsed time = 8.57e+02 s)

 Sol. ||E|| = 1.951024e+01
 Field energy E (5.052e-13 J) + H (3.343e-12 J) = 3.848e-12 J
 S[1][2] = +8.435e-01-3.042e-01i, |S[1][2]| = -9.468e-01, arg(S[1][2]) = -1.983e+01
 S[2][2] = +1.494e-01+2.398e-01i, |S[2][2]| = -1.098e+01, arg(S[2][2]) = +5.807e+01

It 28/82: ω/2π = 1.300e+01 GHz (total elapsed time = 8.57e+02 s)

 Sol. ||E|| = 1.970997e+01
 Field energy E (5.122e-13 J) + H (3.327e-12 J) = 3.839e-12 J
 S[1][2] = +8.363e-01-3.142e-01i, |S[1][2]| = -9.790e-01, arg(S[1][2]) = -2.059e+01
 S[2][2] = +1.565e-01+2.473e-01i, |S[2][2]| = -1.067e+01, arg(S[2][2]) = +5.767e+01

It 29/82: ω/2π = 1.350e+01 GHz (total elapsed time = 8.57e+02 s)

 Sol. ||E|| = 1.991474e+01
 Field energy E (5.195e-13 J) + H (3.310e-12 J) = 3.830e-12 J
 S[1][2] = +8.290e-01-3.239e-01i, |S[1][2]| = -1.012e+00, arg(S[1][2]) = -2.134e+01
 S[2][2] = +1.637e-01+2.545e-01i, |S[2][2]| = -1.038e+01, arg(S[2][2]) = +5.725e+01

It 30/82: ω/2π = 1.400e+01 GHz (total elapsed time = 8.57e+02 s)

 Sol. ||E|| = 2.012408e+01
 Field energy E (5.270e-13 J) + H (3.293e-12 J) = 3.820e-12 J
 S[1][2] = +8.214e-01-3.335e-01i, |S[1][2]| = -1.046e+00, arg(S[1][2]) = -2.210e+01
 S[2][2] = +1.711e-01+2.615e-01i, |S[2][2]| = -1.010e+01, arg(S[2][2]) = +5.681e+01

It 31/82: ω/2π = 1.450e+01 GHz (total elapsed time = 8.57e+02 s)

 Sol. ||E|| = 2.033755e+01
 Field energy E (5.347e-13 J) + H (3.276e-12 J) = 3.811e-12 J
 S[1][2] = +8.137e-01-3.428e-01i, |S[1][2]| = -1.081e+00, arg(S[1][2]) = -2.285e+01
 S[2][2] = +1.786e-01+2.682e-01i, |S[2][2]| = -9.836e+00, arg(S[2][2]) = +5.634e+01

It 32/82: ω/2π = 1.500e+01 GHz (total elapsed time = 8.58e+02 s)

 Sol. ||E|| = 2.055476e+01
 Field energy E (5.427e-13 J) + H (3.259e-12 J) = 3.802e-12 J
 S[1][2] = +8.058e-01-3.519e-01i, |S[1][2]| = -1.118e+00, arg(S[1][2]) = -2.359e+01
 S[2][2] = +1.863e-01+2.748e-01i, |S[2][2]| = -9.577e+00, arg(S[2][2]) = +5.586e+01

It 33/82: ω/2π = 1.550e+01 GHz (total elapsed time = 8.58e+02 s)

 Sol. ||E|| = 2.077532e+01
 Field energy E (5.509e-13 J) + H (3.241e-12 J) = 3.792e-12 J
 S[1][2] = +7.977e-01-3.608e-01i, |S[1][2]| = -1.155e+00, arg(S[1][2]) = -2.434e+01
 S[2][2] = +1.942e-01+2.812e-01i, |S[2][2]| = -9.328e+00, arg(S[2][2]) = +5.537e+01

It 34/82: ω/2π = 1.600e+01 GHz (total elapsed time = 8.58e+02 s)

 Sol. ||E|| = 2.099891e+01
 Field energy E (5.593e-13 J) + H (3.224e-12 J) = 3.783e-12 J
 S[1][2] = +7.895e-01-3.695e-01i, |S[1][2]| = -1.192e+00, arg(S[1][2]) = -2.508e+01
 S[2][2] = +2.022e-01+2.873e-01i, |S[2][2]| = -9.087e+00, arg(S[2][2]) = +5.486e+01

It 35/82: ω/2π = 1.650e+01 GHz (total elapsed time = 8.58e+02 s)

 Sol. ||E|| = 2.122519e+01
 Field energy E (5.679e-13 J) + H (3.206e-12 J) = 3.773e-12 J
 S[1][2] = +7.812e-01-3.780e-01i, |S[1][2]| = -1.231e+00, arg(S[1][2]) = -2.582e+01
 S[2][2] = +2.103e-01+2.932e-01i, |S[2][2]| = -8.855e+00, arg(S[2][2]) = +5.435e+01

It 36/82: ω/2π = 1.700e+01 GHz (total elapsed time = 8.58e+02 s)

 Sol. ||E|| = 2.145388e+01
 Field energy E (5.767e-13 J) + H (3.187e-12 J) = 3.764e-12 J
 S[1][2] = +7.727e-01-3.862e-01i, |S[1][2]| = -1.271e+00, arg(S[1][2]) = -2.656e+01
 S[2][2] = +2.186e-01+2.988e-01i, |S[2][2]| = -8.630e+00, arg(S[2][2]) = +5.382e+01

It 37/82: ω/2π = 1.750e+01 GHz (total elapsed time = 8.58e+02 s)

 Sol. ||E|| = 2.168470e+01
 Field energy E (5.856e-13 J) + H (3.169e-12 J) = 3.754e-12 J
 S[1][2] = +7.641e-01-3.942e-01i, |S[1][2]| = -1.312e+00, arg(S[1][2]) = -2.729e+01
 S[2][2] = +2.270e-01+3.043e-01i, |S[2][2]| = -8.413e+00, arg(S[2][2]) = +5.328e+01

It 38/82: ω/2π = 1.800e+01 GHz (total elapsed time = 8.59e+02 s)

 Sol. ||E|| = 2.191738e+01
 Field energy E (5.948e-13 J) + H (3.150e-12 J) = 3.745e-12 J
 S[1][2] = +7.554e-01-4.020e-01i, |S[1][2]| = -1.354e+00, arg(S[1][2]) = -2.802e+01
 S[2][2] = +2.355e-01+3.095e-01i, |S[2][2]| = -8.203e+00, arg(S[2][2]) = +5.273e+01

It 39/82: ω/2π = 1.850e+01 GHz (total elapsed time = 8.59e+02 s)

 Sol. ||E|| = 2.215168e+01
 Field energy E (6.041e-13 J) + H (3.131e-12 J) = 3.735e-12 J
 S[1][2] = +7.465e-01-4.096e-01i, |S[1][2]| = -1.396e+00, arg(S[1][2]) = -2.875e+01
 S[2][2] = +2.441e-01+3.145e-01i, |S[2][2]| = -8.000e+00, arg(S[2][2]) = +5.218e+01

It 40/82: ω/2π = 1.900e+01 GHz (total elapsed time = 8.59e+02 s)

 Sol. ||E|| = 2.238737e+01
 Field energy E (6.135e-13 J) + H (3.112e-12 J) = 3.726e-12 J
 S[1][2] = +7.376e-01-4.170e-01i, |S[1][2]| = -1.440e+00, arg(S[1][2]) = -2.948e+01
 S[2][2] = +2.528e-01+3.192e-01i, |S[2][2]| = -7.803e+00, arg(S[2][2]) = +5.162e+01

It 41/82: ω/2π = 1.950e+01 GHz (total elapsed time = 8.59e+02 s)

 Sol. ||E|| = 2.262425e+01
 Field energy E (6.231e-13 J) + H (3.093e-12 J) = 3.716e-12 J
 S[1][2] = +7.285e-01-4.241e-01i, |S[1][2]| = -1.484e+00, arg(S[1][2]) = -3.021e+01
 S[2][2] = +2.617e-01+3.238e-01i, |S[2][2]| = -7.612e+00, arg(S[2][2]) = +5.106e+01

It 42/82: ω/2π = 2.000e+01 GHz (total elapsed time = 8.59e+02 s)

 Sol. ||E|| = 2.286210e+01
 Field energy E (6.329e-13 J) + H (3.074e-12 J) = 3.707e-12 J
 S[1][2] = +7.193e-01-4.310e-01i, |S[1][2]| = -1.529e+00, arg(S[1][2]) = -3.093e+01
 S[2][2] = +2.706e-01+3.281e-01i, |S[2][2]| = -7.427e+00, arg(S[2][2]) = +5.048e+01

It 43/82: ω/2π = 2.050e+01 GHz (total elapsed time = 8.60e+02 s)

 Sol. ||E|| = 2.310074e+01
 Field energy E (6.428e-13 J) + H (3.054e-12 J) = 3.697e-12 J
 S[1][2] = +7.100e-01-4.377e-01i, |S[1][2]| = -1.576e+00, arg(S[1][2]) = -3.165e+01
 S[2][2] = +2.796e-01+3.321e-01i, |S[2][2]| = -7.247e+00, arg(S[2][2]) = +4.991e+01

It 44/82: ω/2π = 2.100e+01 GHz (total elapsed time = 8.60e+02 s)

 Sol. ||E|| = 2.333999e+01
 Field energy E (6.528e-13 J) + H (3.035e-12 J) = 3.688e-12 J
 S[1][2] = +7.007e-01-4.441e-01i, |S[1][2]| = -1.623e+00, arg(S[1][2]) = -3.237e+01
 S[2][2] = +2.887e-01+3.360e-01i, |S[2][2]| = -7.072e+00, arg(S[2][2]) = +4.933e+01

It 45/82: ω/2π = 2.150e+01 GHz (total elapsed time = 8.60e+02 s)

 Sol. ||E|| = 2.357967e+01
 Field energy E (6.630e-13 J) + H (3.015e-12 J) = 3.678e-12 J
 S[1][2] = +6.912e-01-4.504e-01i, |S[1][2]| = -1.671e+00, arg(S[1][2]) = -3.308e+01
 S[2][2] = +2.979e-01+3.396e-01i, |S[2][2]| = -6.903e+00, arg(S[2][2]) = +4.874e+01

It 46/82: ω/2π = 2.200e+01 GHz (total elapsed time = 8.60e+02 s)

 Sol. ||E|| = 2.381963e+01
 Field energy E (6.733e-13 J) + H (2.995e-12 J) = 3.669e-12 J
 S[1][2] = +6.817e-01-4.564e-01i, |S[1][2]| = -1.720e+00, arg(S[1][2]) = -3.380e+01
 S[2][2] = +3.071e-01+3.430e-01i, |S[2][2]| = -6.738e+00, arg(S[2][2]) = +4.816e+01

It 47/82: ω/2π = 2.250e+01 GHz (total elapsed time = 8.60e+02 s)

 Sol. ||E|| = 2.405971e+01
 Field energy E (6.837e-13 J) + H (2.975e-12 J) = 3.659e-12 J
 S[1][2] = +6.721e-01-4.621e-01i, |S[1][2]| = -1.770e+00, arg(S[1][2]) = -3.451e+01
 S[2][2] = +3.164e-01+3.461e-01i, |S[2][2]| = -6.578e+00, arg(S[2][2]) = +4.757e+01

It 48/82: ω/2π = 2.300e+01 GHz (total elapsed time = 8.61e+02 s)

 Sol. ||E|| = 2.429978e+01
 Field energy E (6.942e-13 J) + H (2.955e-12 J) = 3.649e-12 J
 S[1][2] = +6.625e-01-4.677e-01i, |S[1][2]| = -1.820e+00, arg(S[1][2]) = -3.522e+01
 S[2][2] = +3.258e-01+3.490e-01i, |S[2][2]| = -6.422e+00, arg(S[2][2]) = +4.697e+01

It 49/82: ω/2π = 2.350e+01 GHz (total elapsed time = 8.61e+02 s)

 Sol. ||E|| = 2.453969e+01
 Field energy E (7.048e-13 J) + H (2.935e-12 J) = 3.640e-12 J
 S[1][2] = +6.528e-01-4.730e-01i, |S[1][2]| = -1.872e+00, arg(S[1][2]) = -3.593e+01
 S[2][2] = +3.352e-01+3.517e-01i, |S[2][2]| = -6.270e+00, arg(S[2][2]) = +4.638e+01

It 50/82: ω/2π = 2.400e+01 GHz (total elapsed time = 8.61e+02 s)

 Sol. ||E|| = 2.477932e+01
 Field energy E (7.155e-13 J) + H (2.915e-12 J) = 3.630e-12 J
 S[1][2] = +6.430e-01-4.781e-01i, |S[1][2]| = -1.925e+00, arg(S[1][2]) = -3.663e+01
 S[2][2] = +3.447e-01+3.541e-01i, |S[2][2]| = -6.123e+00, arg(S[2][2]) = +4.578e+01

It 51/82: ω/2π = 2.450e+01 GHz (total elapsed time = 8.61e+02 s)

 Sol. ||E|| = 2.501855e+01
 Field energy E (7.263e-13 J) + H (2.894e-12 J) = 3.621e-12 J
 S[1][2] = +6.332e-01-4.830e-01i, |S[1][2]| = -1.978e+00, arg(S[1][2]) = -3.734e+01
 S[2][2] = +3.542e-01+3.563e-01i, |S[2][2]| = -5.979e+00, arg(S[2][2]) = +4.518e+01

It 52/82: ω/2π = 2.500e+01 GHz (total elapsed time = 8.61e+02 s)

 Sol. ||E|| = 2.525726e+01
 Field energy E (7.372e-13 J) + H (2.874e-12 J) = 3.611e-12 J
 S[1][2] = +6.233e-01-4.876e-01i, |S[1][2]| = -2.032e+00, arg(S[1][2]) = -3.804e+01
 S[2][2] = +3.637e-01+3.583e-01i, |S[2][2]| = -5.839e+00, arg(S[2][2]) = +4.457e+01

It 53/82: ω/2π = 2.550e+01 GHz (total elapsed time = 8.61e+02 s)

 Sol. ||E|| = 2.549534e+01
 Field energy E (7.481e-13 J) + H (2.853e-12 J) = 3.601e-12 J
 S[1][2] = +6.134e-01-4.920e-01i, |S[1][2]| = -2.088e+00, arg(S[1][2]) = -3.874e+01
 S[2][2] = +3.733e-01+3.601e-01i, |S[2][2]| = -5.703e+00, arg(S[2][2]) = +4.397e+01

It 54/82: ω/2π = 2.600e+01 GHz (total elapsed time = 8.62e+02 s)

 Sol. ||E|| = 2.573269e+01
 Field energy E (7.592e-13 J) + H (2.833e-12 J) = 3.592e-12 J
 S[1][2] = +6.035e-01-4.962e-01i, |S[1][2]| = -2.144e+00, arg(S[1][2]) = -3.943e+01
 S[2][2] = +3.829e-01+3.616e-01i, |S[2][2]| = -5.570e+00, arg(S[2][2]) = +4.337e+01

It 55/82: ω/2π = 2.650e+01 GHz (total elapsed time = 8.62e+02 s)

 Sol. ||E|| = 2.596921e+01
 Field energy E (7.703e-13 J) + H (2.812e-12 J) = 3.582e-12 J
 S[1][2] = +5.935e-01-5.002e-01i, |S[1][2]| = -2.201e+00, arg(S[1][2]) = -4.013e+01
 S[2][2] = +3.925e-01+3.629e-01i, |S[2][2]| = -5.440e+00, arg(S[2][2]) = +4.276e+01

It 56/82: ω/2π = 2.700e+01 GHz (total elapsed time = 8.62e+02 s)

 Sol. ||E|| = 2.620481e+01
 Field energy E (7.814e-13 J) + H (2.791e-12 J) = 3.573e-12 J
 S[1][2] = +5.835e-01-5.040e-01i, |S[1][2]| = -2.259e+00, arg(S[1][2]) = -4.082e+01
 S[2][2] = +4.021e-01+3.640e-01i, |S[2][2]| = -5.314e+00, arg(S[2][2]) = +4.215e+01

It 57/82: ω/2π = 2.750e+01 GHz (total elapsed time = 8.62e+02 s)

 Sol. ||E|| = 2.643941e+01
 Field energy E (7.926e-13 J) + H (2.771e-12 J) = 3.563e-12 J
 S[1][2] = +5.735e-01-5.075e-01i, |S[1][2]| = -2.317e+00, arg(S[1][2]) = -4.151e+01
 S[2][2] = +4.117e-01+3.648e-01i, |S[2][2]| = -5.191e+00, arg(S[2][2]) = +4.154e+01

It 58/82: ω/2π = 2.800e+01 GHz (total elapsed time = 8.62e+02 s)

 Sol. ||E|| = 2.667291e+01
 Field energy E (8.039e-13 J) + H (2.750e-12 J) = 3.554e-12 J
 S[1][2] = +5.635e-01-5.109e-01i, |S[1][2]| = -2.377e+00, arg(S[1][2]) = -4.220e+01
 S[2][2] = +4.214e-01+3.655e-01i, |S[2][2]| = -5.071e+00, arg(S[2][2]) = +4.093e+01

It 59/82: ω/2π = 2.850e+01 GHz (total elapsed time = 8.62e+02 s)

 Sol. ||E|| = 2.690524e+01
 Field energy E (8.152e-13 J) + H (2.729e-12 J) = 3.544e-12 J
 S[1][2] = +5.534e-01-5.140e-01i, |S[1][2]| = -2.438e+00, arg(S[1][2]) = -4.288e+01
 S[2][2] = +4.310e-01+3.659e-01i, |S[2][2]| = -4.954e+00, arg(S[2][2]) = +4.033e+01

It 60/82: ω/2π = 2.900e+01 GHz (total elapsed time = 8.62e+02 s)

 Sol. ||E|| = 2.713633e+01
 Field energy E (8.266e-13 J) + H (2.708e-12 J) = 3.535e-12 J
 S[1][2] = +5.434e-01-5.169e-01i, |S[1][2]| = -2.499e+00, arg(S[1][2]) = -4.357e+01
 S[2][2] = +4.407e-01+3.660e-01i, |S[2][2]| = -4.839e+00, arg(S[2][2]) = +3.972e+01

It 61/82: ω/2π = 2.950e+01 GHz (total elapsed time = 8.63e+02 s)

 Sol. ||E|| = 2.736610e+01
 Field energy E (8.380e-13 J) + H (2.687e-12 J) = 3.525e-12 J
 S[1][2] = +5.334e-01-5.196e-01i, |S[1][2]| = -2.562e+00, arg(S[1][2]) = -4.425e+01
 S[2][2] = +4.503e-01+3.660e-01i, |S[2][2]| = -4.728e+00, arg(S[2][2]) = +3.910e+01

It 62/82: ω/2π = 3.000e+01 GHz (total elapsed time = 8.63e+02 s)

 Sol. ||E|| = 2.759450e+01
 Field energy E (8.494e-13 J) + H (2.666e-12 J) = 3.516e-12 J
 S[1][2] = +5.233e-01-5.220e-01i, |S[1][2]| = -2.625e+00, arg(S[1][2]) = -4.493e+01
 S[2][2] = +4.599e-01+3.657e-01i, |S[2][2]| = -4.619e+00, arg(S[2][2]) = +3.849e+01

It 63/82: ω/2π = 3.050e+01 GHz (total elapsed time = 8.63e+02 s)

 Sol. ||E|| = 2.782145e+01
 Field energy E (8.609e-13 J) + H (2.645e-12 J) = 3.506e-12 J
 S[1][2] = +5.133e-01-5.243e-01i, |S[1][2]| = -2.689e+00, arg(S[1][2]) = -4.560e+01
 S[2][2] = +4.695e-01+3.653e-01i, |S[2][2]| = -4.512e+00, arg(S[2][2]) = +3.788e+01

It 64/82: ω/2π = 3.100e+01 GHz (total elapsed time = 8.63e+02 s)

 Sol. ||E|| = 2.804690e+01
 Field energy E (8.724e-13 J) + H (2.624e-12 J) = 3.497e-12 J
 S[1][2] = +5.033e-01-5.263e-01i, |S[1][2]| = -2.754e+00, arg(S[1][2]) = -4.628e+01
 S[2][2] = +4.790e-01+3.646e-01i, |S[2][2]| = -4.408e+00, arg(S[2][2]) = +3.727e+01

It 65/82: ω/2π = 3.150e+01 GHz (total elapsed time = 8.63e+02 s)

 Sol. ||E|| = 2.827080e+01
 Field energy E (8.839e-13 J) + H (2.603e-12 J) = 3.487e-12 J
 S[1][2] = +4.933e-01-5.282e-01i, |S[1][2]| = -2.820e+00, arg(S[1][2]) = -4.695e+01
 S[2][2] = +4.886e-01+3.637e-01i, |S[2][2]| = -4.307e+00, arg(S[2][2]) = +3.666e+01

It 66/82: ω/2π = 3.200e+01 GHz (total elapsed time = 8.63e+02 s)

 Sol. ||E|| = 2.849308e+01
 Field energy E (8.954e-13 J) + H (2.583e-12 J) = 3.478e-12 J
 S[1][2] = +4.834e-01-5.298e-01i, |S[1][2]| = -2.887e+00, arg(S[1][2]) = -4.762e+01
 S[2][2] = +4.981e-01+3.626e-01i, |S[2][2]| = -4.208e+00, arg(S[2][2]) = +3.605e+01

It 67/82: ω/2π = 3.250e+01 GHz (total elapsed time = 8.63e+02 s)

 Sol. ||E|| = 2.871371e+01
 Field energy E (9.070e-13 J) + H (2.562e-12 J) = 3.469e-12 J
 S[1][2] = +4.735e-01-5.313e-01i, |S[1][2]| = -2.955e+00, arg(S[1][2]) = -4.829e+01
 S[2][2] = +5.075e-01+3.612e-01i, |S[2][2]| = -4.111e+00, arg(S[2][2]) = +3.544e+01

It 68/82: ω/2π = 3.300e+01 GHz (total elapsed time = 8.64e+02 s)

 Sol. ||E|| = 2.893263e+01
 Field energy E (9.185e-13 J) + H (2.541e-12 J) = 3.459e-12 J
 S[1][2] = +4.636e-01-5.325e-01i, |S[1][2]| = -3.024e+00, arg(S[1][2]) = -4.896e+01
 S[2][2] = +5.170e-01+3.597e-01i, |S[2][2]| = -4.016e+00, arg(S[2][2]) = +3.483e+01

It 69/82: ω/2π = 3.350e+01 GHz (total elapsed time = 8.64e+02 s)

 Sol. ||E|| = 2.914981e+01
 Field energy E (9.301e-13 J) + H (2.520e-12 J) = 3.450e-12 J
 S[1][2] = +4.537e-01-5.336e-01i, |S[1][2]| = -3.093e+00, arg(S[1][2]) = -4.962e+01
 S[2][2] = +5.263e-01+3.580e-01i, |S[2][2]| = -3.924e+00, arg(S[2][2]) = +3.422e+01

It 70/82: ω/2π = 3.400e+01 GHz (total elapsed time = 8.64e+02 s)

 Sol. ||E|| = 2.936520e+01
 Field energy E (9.416e-13 J) + H (2.499e-12 J) = 3.441e-12 J
 S[1][2] = +4.439e-01-5.344e-01i, |S[1][2]| = -3.164e+00, arg(S[1][2]) = -5.029e+01
 S[2][2] = +5.357e-01+3.560e-01i, |S[2][2]| = -3.833e+00, arg(S[2][2]) = +3.361e+01

It 71/82: ω/2π = 3.450e+01 GHz (total elapsed time = 8.64e+02 s)

 Sol. ||E|| = 2.957876e+01
 Field energy E (9.532e-13 J) + H (2.478e-12 J) = 3.431e-12 J
 S[1][2] = +4.341e-01-5.351e-01i, |S[1][2]| = -3.235e+00, arg(S[1][2]) = -5.095e+01
 S[2][2] = +5.449e-01+3.539e-01i, |S[2][2]| = -3.745e+00, arg(S[2][2]) = +3.300e+01

It 72/82: ω/2π = 3.500e+01 GHz (total elapsed time = 8.64e+02 s)

 Sol. ||E|| = 2.979046e+01
 Field energy E (9.647e-13 J) + H (2.458e-12 J) = 3.422e-12 J
 S[1][2] = +4.244e-01-5.355e-01i, |S[1][2]| = -3.308e+00, arg(S[1][2]) = -5.161e+01
 S[2][2] = +5.541e-01+3.516e-01i, |S[2][2]| = -3.659e+00, arg(S[2][2]) = +3.239e+01

It 73/82: ω/2π = 3.550e+01 GHz (total elapsed time = 8.64e+02 s)

 Sol. ||E|| = 3.000026e+01
 Field energy E (9.762e-13 J) + H (2.437e-12 J) = 3.413e-12 J
 S[1][2] = +4.147e-01-5.358e-01i, |S[1][2]| = -3.381e+00, arg(S[1][2]) = -5.226e+01
 S[2][2] = +5.633e-01+3.490e-01i, |S[2][2]| = -3.574e+00, arg(S[2][2]) = +3.178e+01

It 74/82: ω/2π = 3.600e+01 GHz (total elapsed time = 8.65e+02 s)

 Sol. ||E|| = 3.020815e+01
 Field energy E (9.877e-13 J) + H (2.416e-12 J) = 3.404e-12 J
 S[1][2] = +4.051e-01-5.359e-01i, |S[1][2]| = -3.455e+00, arg(S[1][2]) = -5.292e+01
 S[2][2] = +5.724e-01+3.463e-01i, |S[2][2]| = -3.492e+00, arg(S[2][2]) = +3.118e+01

It 75/82: ω/2π = 3.650e+01 GHz (total elapsed time = 8.65e+02 s)

 Sol. ||E|| = 3.041407e+01
 Field energy E (9.992e-13 J) + H (2.395e-12 J) = 3.395e-12 J
 S[1][2] = +3.955e-01-5.359e-01i, |S[1][2]| = -3.530e+00, arg(S[1][2]) = -5.357e+01
 S[2][2] = +5.814e-01+3.434e-01i, |S[2][2]| = -3.411e+00, arg(S[2][2]) = +3.057e+01

It 76/82: ω/2π = 3.700e+01 GHz (total elapsed time = 8.65e+02 s)

 Sol. ||E|| = 3.061802e+01
 Field energy E (1.011e-12 J) + H (2.375e-12 J) = 3.386e-12 J
 S[1][2] = +3.860e-01-5.356e-01i, |S[1][2]| = -3.606e+00, arg(S[1][2]) = -5.422e+01
 S[2][2] = +5.903e-01+3.403e-01i, |S[2][2]| = -3.332e+00, arg(S[2][2]) = +2.996e+01

It 77/82: ω/2π = 3.750e+01 GHz (total elapsed time = 8.65e+02 s)

 Sol. ||E|| = 3.081996e+01
 Field energy E (1.022e-12 J) + H (2.354e-12 J) = 3.376e-12 J
 S[1][2] = +3.766e-01-5.352e-01i, |S[1][2]| = -3.683e+00, arg(S[1][2]) = -5.487e+01
 S[2][2] = +5.992e-01+3.370e-01i, |S[2][2]| = -3.255e+00, arg(S[2][2]) = +2.936e+01

It 78/82: ω/2π = 3.800e+01 GHz (total elapsed time = 8.65e+02 s)

 Sol. ||E|| = 3.101988e+01
 Field energy E (1.033e-12 J) + H (2.334e-12 J) = 3.367e-12 J
 S[1][2] = +3.672e-01-5.346e-01i, |S[1][2]| = -3.761e+00, arg(S[1][2]) = -5.551e+01
 S[2][2] = +6.080e-01+3.336e-01i, |S[2][2]| = -3.180e+00, arg(S[2][2]) = +2.875e+01

It 79/82: ω/2π = 3.850e+01 GHz (total elapsed time = 8.65e+02 s)

 Sol. ||E|| = 3.121775e+01
 Field energy E (1.045e-12 J) + H (2.314e-12 J) = 3.358e-12 J
 S[1][2] = +3.579e-01-5.338e-01i, |S[1][2]| = -3.840e+00, arg(S[1][2]) = -5.616e+01
 S[2][2] = +6.167e-01+3.300e-01i, |S[2][2]| = -3.106e+00, arg(S[2][2]) = +2.815e+01

It 80/82: ω/2π = 3.900e+01 GHz (total elapsed time = 8.66e+02 s)

 Sol. ||E|| = 3.141356e+01
 Field energy E (1.056e-12 J) + H (2.293e-12 J) = 3.349e-12 J
 S[1][2] = +3.487e-01-5.328e-01i, |S[1][2]| = -3.920e+00, arg(S[1][2]) = -5.680e+01
 S[2][2] = +6.253e-01+3.261e-01i, |S[2][2]| = -3.034e+00, arg(S[2][2]) = +2.755e+01

It 81/82: ω/2π = 3.950e+01 GHz (total elapsed time = 8.66e+02 s)

 Sol. ||E|| = 3.160728e+01
 Field energy E (1.067e-12 J) + H (2.273e-12 J) = 3.341e-12 J
 S[1][2] = +3.395e-01-5.317e-01i, |S[1][2]| = -4.001e+00, arg(S[1][2]) = -5.744e+01
 S[2][2] = +6.338e-01+3.222e-01i, |S[2][2]| = -2.963e+00, arg(S[2][2]) = +2.694e+01

It 82/82: ω/2π = 4.000e+01 GHz (total elapsed time = 8.66e+02 s)

 Sol. ||E|| = 3.179891e+01
 Field energy E (1.079e-12 J) + H (2.253e-12 J) = 3.332e-12 J
 S[1][2] = +3.305e-01-5.305e-01i, |S[1][2]| = -4.083e+00, arg(S[1][2]) = -5.808e+01
 S[2][2] = +6.422e-01+3.180e-01i, |S[2][2]| = -2.894e+00, arg(S[2][2]) = +2.634e+01

Completed 0 iterations of adaptive mesh refinement (AMR):
 Indicator norm = 1.707e-01, global unknowns = 113418
 Max. iterations = 0, tol. = 1.000e-02, max. size = 2000000

Estimated peak per-rank memory usage is: Min. 1.1G, Max. 1.1G, Avg. 1.1G, Total 1.1G
Estimated peak per-node memory usage is: Min. 1.1G, Max. 1.1G, Avg. 1.1G, Total 1.1G

Elapsed Time Report (s)           Min.        Max.        Avg.
==============================================================
Initialization                   0.044       0.044       0.044
  Mesh Preprocessing             0.182       0.182       0.182
Operator Construction            1.700       1.700       1.700
  Wave Ports                     0.000       0.000       0.000
Linear Solve                    41.627      41.627      41.627
  Setup                         75.499      75.499      75.499
  Preconditioner               444.905     444.905     444.905
  Coarse Solve                   8.429       8.429       8.429
PROM Construction                2.133       2.133       2.133
PROM Solve                       0.880       0.880       0.880
Estimation                       1.381       1.381       1.381
  Construction                   2.405       2.405       2.405
  Solve                        265.207     265.207     265.207
Postprocessing                  24.845      24.845      24.845
Disk IO                          0.147       0.147       0.147
--------------------------------------------------------------
Total                          869.780     869.780     869.780

Peak Memory                   Per-Node       Total   Total HWM
==============================================================
Initialization                    1.9M        1.9M        1.9M
  Mesh Preprocessing              9.3M        9.3M       11.2M
Operator Construction            44.2M       44.2M       55.4M
  Wave Ports                      0.0K        0.0K       55.4M
Linear Solve                     61.8M       61.8M      117.2M
  Setup                         534.6M      534.6M      651.8M
  Preconditioner                 77.9M       77.9M      729.8M
  Coarse Solve                  165.3M      165.3M      895.1M
PROM Construction               256.0K      256.0K      895.4M
PROM Solve                        0.0K        0.0K      895.4M
Estimation                       19.6M       19.6M      915.0M
  Construction                  117.4M      117.4M        1.0G
  Solve                          19.5M       19.5M        1.0G
Postprocessing                    4.0M        4.0M        1.0G
Disk IO                           6.9M        6.9M        1.0G
--------------------------------------------------------------
Total                             1.1G        1.1G        1.1G

Found extra file with port information: /foss/designs/inductor_synth/palace_model/inductor2_N2_do66.22_w4_s2.01_data/port_information.json
Port Z0 values found: [50, 50]
Port impedance for Touchstone header:  50
Number of ports:  2
Created combined S-parameter file for  2 ports, filename:  /foss/designs/inductor_synth/palace_model/inductor2_N2_do66.22_w4_s2.01_data/output/inductor2_N2_do66.22_w4_s2.01/inductor2_N2_do66.22_w4_s2.01.s2p
Skipping DC extrapolation, not enough frequency points
Port de-embedding based on port geometry data
Cascading L= -2.18 pH at port 1
Cascading L= -2.18 pH at port 2
Created file with de-embedding (cascaded negative port L):  /foss/designs/inductor_synth/palace_model/inductor2_N2_do66.22_w4_s2.01_data/output/inductor2_N2_do66.22_w4_s2.01/inductor2_N2_do66.22_w4_s2.01_deembedded 

Found extra file with port information: /foss/designs/inductor_synth/palace_model/inductor2_N2_do70.51_w4_s2.01_data/port_information.json
Port Z0 values found: [50, 50]
Port impedance for Touchstone header:  50
Number of ports:  2
Created combined S-parameter file for  2 ports, filename:  /foss/designs/inductor_synth/palace_model/inductor2_N2_do70.51_w4_s2.01_data/output/inductor2_N2_do70.51_w4_s2.01/inductor2_N2_do70.51_w4_s2.01.s2p
Skipping DC extrapolation, not enough frequency points
Port de-embedding based on port geometry data
Cascading L= -2.18 pH at port 1
Cascading L= -2.18 pH at port 2
Created file with de-embedding (cascaded negative port L):  /foss/designs/inductor_synth/palace_model/inductor2_N2_do70.51_w4_s2.01_data/output/inductor2_N2_do70.51_w4_s2.01/inductor2_N2_do70.51_w4_s2.01_deembedded 

Found extra file with port information: /foss/designs/inductor_synth/palace_model/inductor2_N2_do73.59_w4_s3_data/port_information.json
Port Z0 values found: [50, 50]
Port impedance for Touchstone header:  50
Number of ports:  2
Created combined S-parameter file for  2 ports, filename:  /foss/designs/inductor_synth/palace_model/inductor2_N2_do73.59_w4_s3_data/output/inductor2_N2_do73.59_w4_s3/inductor2_N2_do73.59_w4_s3.s2p
Created file with DC extrapolation:  /foss/designs/inductor_synth/palace_model/inductor2_N2_do73.59_w4_s3_data/output/inductor2_N2_do73.59_w4_s3/inductor2_N2_do73.59_w4_s3_dc 

Port de-embedding based on port geometry data
Cascading L= -1.82 pH at port 1
Cascading L= -1.82 pH at port 2
Created file with de-embedding (cascaded negative port L):  /foss/designs/inductor_synth/palace_model/inductor2_N2_do73.59_w4_s3_data/output/inductor2_N2_do73.59_w4_s3/inductor2_N2_do73.59_w4_s3_deembedded 

Found extra file with port information: /foss/designs/inductor_synth/palace_model/inductor2_N2_do74.24_w4_s3_data/port_information.json
Port Z0 values found: [50, 50]
Port impedance for Touchstone header:  50
Number of ports:  2
Created combined S-parameter file for  2 ports, filename:  /foss/designs/inductor_synth/palace_model/inductor2_N2_do74.24_w4_s3_data/output/inductor2_N2_do74.24_w4_s3/inductor2_N2_do74.24_w4_s3.s2p
Skipping DC extrapolation, not enough frequency points
Port de-embedding based on port geometry data
Cascading L= -1.82 pH at port 1
Cascading L= -1.82 pH at port 2
Created file with de-embedding (cascaded negative port L):  /foss/designs/inductor_synth/palace_model/inductor2_N2_do74.24_w4_s3_data/output/inductor2_N2_do74.24_w4_s3/inductor2_N2_do74.24_w4_s3_deembedded 

Found extra file with port information: /foss/designs/inductor_synth/palace_model/inductor2_N2_do74.78_w4_s2.01_data/port_information.json
Port Z0 values found: [50, 50]
Port impedance for Touchstone header:  50
Number of ports:  2
Created combined S-parameter file for  2 ports, filename:  /foss/designs/inductor_synth/palace_model/inductor2_N2_do74.78_w4_s2.01_data/output/inductor2_N2_do74.78_w4_s2.01/inductor2_N2_do74.78_w4_s2.01.s2p
Skipping DC extrapolation, not enough frequency points
Port de-embedding based on port geometry data
Cascading L= -2.18 pH at port 1
Cascading L= -2.18 pH at port 2
Created file with de-embedding (cascaded negative port L):  /foss/designs/inductor_synth/palace_model/inductor2_N2_do74.78_w4_s2.01_data/output/inductor2_N2_do74.78_w4_s2.01/inductor2_N2_do74.78_w4_s2.01_deembedded 

Found extra file with port information: /foss/designs/inductor_synth/palace_model/inductor2_N2_do77.43_w4_s3_data/port_information.json
Port Z0 values found: [50, 50]
Port impedance for Touchstone header:  50
Number of ports:  2
Created combined S-parameter file for  2 ports, filename:  /foss/designs/inductor_synth/palace_model/inductor2_N2_do77.43_w4_s3_data/output/inductor2_N2_do77.43_w4_s3/inductor2_N2_do77.43_w4_s3.s2p
Skipping DC extrapolation, not enough frequency points
Port de-embedding based on port geometry data
Cascading L= -1.82 pH at port 1
Cascading L= -1.82 pH at port 2
Created file with de-embedding (cascaded negative port L):  /foss/designs/inductor_synth/palace_model/inductor2_N2_do77.43_w4_s3_data/output/inductor2_N2_do77.43_w4_s3/inductor2_N2_do77.43_w4_s3_deembedded 

Found extra file with port information: /foss/designs/inductor_synth/palace_model/inductor2_N2_do78.75_w4_s3_data/port_information.json
Port Z0 values found: [50, 50]
Port impedance for Touchstone header:  50
Number of ports:  2
Created combined S-parameter file for  2 ports, filename:  /foss/designs/inductor_synth/palace_model/inductor2_N2_do78.75_w4_s3_data/output/inductor2_N2_do78.75_w4_s3/inductor2_N2_do78.75_w4_s3.s2p
Skipping DC extrapolation, not enough frequency points
Port de-embedding based on port geometry data
Cascading L= -1.82 pH at port 1
Cascading L= -1.82 pH at port 2
Created file with de-embedding (cascaded negative port L):  /foss/designs/inductor_synth/palace_model/inductor2_N2_do78.75_w4_s3_data/output/inductor2_N2_do78.75_w4_s3/inductor2_N2_do78.75_w4_s3_deembedded 

cp: './inductor2_N2_do66.22_w4_s2.01.s2p' and './inductor2_N2_do66.22_w4_s2.01.s2p' are the same file
cp: './inductor2_N2_do70.51_w4_s2.01.s2p' and './inductor2_N2_do70.51_w4_s2.01.s2p' are the same file
cp: './inductor2_N2_do74.24_w4_s3.s2p' and './inductor2_N2_do74.24_w4_s3.s2p' are the same file
cp: './inductor2_N2_do74.78_w4_s2.01.s2p' and './inductor2_N2_do74.78_w4_s2.01.s2p' are the same file
cp: './inductor2_N2_do77.43_w4_s3.s2p' and './inductor2_N2_do77.43_w4_s3.s2p' are the same file
cp: './inductor2_N2_do78.75_w4_s3.s2p' and './inductor2_N2_do78.75_w4_s3.s2p' are the same file
Created output file inductor2_N2_do74.78_w4_s2.01.gds
Reading GDSII input file: inductor2_N2_do74.78_w4_s2.01.gds
Pre-processing GDSII to handle cutouts and self-intersecting polygons
Using boundary condition  ['ABC', 'ABC', 'ABC', 'ABC', 'ABC', 'ABC']
Starting to create mesh file and config file
---------------------------------------------------
Wavelength in air: 15000.0 units
  meshsize_max: 70.0  units
  max_cellsize_air: 1500.0 units
---------------------------------------------------
Adding metal tags ...
Adding dielectrics ...
Adding ports ...
Dielectric  AIR  with max_cellsize_local =  70 units
Dielectric  Passive  with max_cellsize_local =  70 units
Dielectric  SiO2  with max_cellsize_local =  70 units
Dielectric  EPI  with max_cellsize_local =  70 units
Dielectric  Substrate  with max_cellsize_local =  70 units
Created output file inductor2_N2_do77.43_w4_s3.gds
Reading GDSII input file: inductor2_N2_do77.43_w4_s3.gds
Pre-processing GDSII to handle cutouts and self-intersecting polygons
Using boundary condition  ['ABC', 'ABC', 'ABC', 'ABC', 'ABC', 'ABC']
Starting to create mesh file and config file
---------------------------------------------------
Wavelength in air: 15000.0 units
  meshsize_max: 70.0  units
  max_cellsize_air: 1500.0 units
---------------------------------------------------
Adding metal tags ...
Adding dielectrics ...
Adding ports ...
Dielectric  AIR  with max_cellsize_local =  70 units
Dielectric  Passive  with max_cellsize_local =  70 units
Dielectric  SiO2  with max_cellsize_local =  70 units
Dielectric  EPI  with max_cellsize_local =  70 units
Dielectric  Substrate  with max_cellsize_local =  70 units


There are 2 geometries that meet your specified parameters.

Simulation will start in 10 seconds.
You can press Ctrl+C now to quit and review your specification, or wait for simulation starting in 10 seconds.
Created output file inductor2_N2_do70.51_w4_s2.01.gds
Reading GDSII input file: inductor2_N2_do70.51_w4_s2.01.gds
Pre-processing GDSII to handle cutouts and self-intersecting polygons
Using boundary condition  ['ABC', 'ABC', 'ABC', 'ABC', 'ABC', 'ABC']
Starting to create mesh file and config file
---------------------------------------------------
Wavelength in air: 15000.0 units
  meshsize_max: 70.0  units
  max_cellsize_air: 1500.0 units
---------------------------------------------------
Adding metal tags ...
Adding dielectrics ...
Adding ports ...
Dielectric  AIR  with max_cellsize_local =  70 units
Dielectric  Passive  with max_cellsize_local =  70 units
Dielectric  SiO2  with max_cellsize_local =  70 units
Dielectric  EPI  with max_cellsize_local =  70 units
Dielectric  Substrate  with max_cellsize_local =  70 units
Created output file inductor2_N2_do78.75_w4_s3.gds
Reading GDSII input file: inductor2_N2_do78.75_w4_s3.gds
Pre-processing GDSII to handle cutouts and self-intersecting polygons
Using boundary condition  ['ABC', 'ABC', 'ABC', 'ABC', 'ABC', 'ABC']
Starting to create mesh file and config file
---------------------------------------------------
Wavelength in air: 15000.0 units
  meshsize_max: 70.0  units
  max_cellsize_air: 1500.0 units
---------------------------------------------------
Adding metal tags ...
Adding dielectrics ...
Adding ports ...
Dielectric  AIR  with max_cellsize_local =  70 units
Dielectric  Passive  with max_cellsize_local =  70 units
Dielectric  SiO2  with max_cellsize_local =  70 units
Dielectric  EPI  with max_cellsize_local =  70 units
Dielectric  Substrate  with max_cellsize_local =  70 units
Created output file inductor2_N2_do74.24_w4_s3.gds
Reading GDSII input file: inductor2_N2_do74.24_w4_s3.gds
Pre-processing GDSII to handle cutouts and self-intersecting polygons
Using boundary condition  ['ABC', 'ABC', 'ABC', 'ABC', 'ABC', 'ABC']
Starting to create mesh file and config file
---------------------------------------------------
Wavelength in air: 15000.0 units
  meshsize_max: 70.0  units
  max_cellsize_air: 1500.0 units
---------------------------------------------------
Adding metal tags ...
Adding dielectrics ...
Adding ports ...
Dielectric  AIR  with max_cellsize_local =  70 units
Dielectric  Passive  with max_cellsize_local =  70 units
Dielectric  SiO2  with max_cellsize_local =  70 units
Dielectric  EPI  with max_cellsize_local =  70 units
Dielectric  Substrate  with max_cellsize_local =  70 units
Created output file inductor2_N2_do66.22_w4_s2.01.gds
Reading GDSII input file: inductor2_N2_do66.22_w4_s2.01.gds
Pre-processing GDSII to handle cutouts and self-intersecting polygons
Using boundary condition  ['ABC', 'ABC', 'ABC', 'ABC', 'ABC', 'ABC']
Starting to create mesh file and config file
---------------------------------------------------
Wavelength in air: 15000.0 units
  meshsize_max: 70.0  units
  max_cellsize_air: 1500.0 units
---------------------------------------------------
Adding metal tags ...
Adding dielectrics ...
Adding ports ...
Dielectric  AIR  with max_cellsize_local =  70 units
Dielectric  Passive  with max_cellsize_local =  70 units
Dielectric  SiO2  with max_cellsize_local =  70 units
Dielectric  EPI  with max_cellsize_local =  70 units
Dielectric  Substrate  with max_cellsize_local =  70 units
Now we have done multiple finetune steps for multiple candidates, get the best one
Created output file inductor2_N2_do73.59_w4_s3.gds
Reading GDSII input file: inductor2_N2_do73.59_w4_s3.gds
Pre-processing GDSII to handle cutouts and self-intersecting polygons
Using boundary condition  ['ABC', 'ABC', 'ABC', 'ABC', 'ABC', 'ABC']
WARNING: Start frequency changed from DC to  0.01  GHz!
Starting to create mesh file and config file
---------------------------------------------------
Wavelength in air: 7500.0 units
  meshsize_max: 70.0  units
  max_cellsize_air: 750.0 units
---------------------------------------------------
Adding metal tags ...
Adding dielectrics ...
Adding ports ...
Dielectric  AIR  with max_cellsize_local =  70 units
Dielectric  Passive  with max_cellsize_local =  70 units
Dielectric  SiO2  with max_cellsize_local =  70 units
Dielectric  EPI  with max_cellsize_local =  70 units
Dielectric  Substrate  with max_cellsize_local =  70 units
===============================================================================
Design goal: inductor2 L=0.45 nH @ 20.0 GHz 
INITIAL RESULTS (simulation time  33.7 seconds):
  inductor2_N2_do74.78_w4_s2.01: L=0.51nH Q=6.1, parameters N=2 w=4 s=2.01 do=70.51 -> 70.51
  inductor2_N2_do77.43_w4_s3: L=0.44nH Q=6.1, parameters N=2 w=4 s=3 do=78.75 -> 78.75
Finetune step 1 results sorted by Q factor (simulation time  568.8 seconds):
  inductor2_N2_do70.51_w4_s2.01: L=0.51nH Q=6.9, parameters N=2 w=4 s=2.01 do=66.22 -> 66.22
  inductor2_N2_do78.75_w4_s3: L=0.51nH Q=7.4, parameters N=2 w=4 s=3 do=74.24 -> 74.24
Finetune step 2 results sorted by Q factor (simulation time  507.8 seconds):
  inductor2_N2_do74.24_w4_s3: L=0.46nH Q=6.9, parameters N=2 w=4 s=3 do=73.59 -> 73.59
  inductor2_N2_do66.22_w4_s2.01: L=0.46nH Q=6.5, parameters N=2 w=4 s=2.01 do=65.45 -> 65.45
Running final wideband sweep for [{'nturns': 2, 'w': 4, 's': 3, 'd_outer': 73.59}]
Finished running wideband sweep for inductor2_N2_do73.59_w4_s3 (simulation time  879.2 seconds)

FINAL RESULT:
  inductor2_N2_do73.59_w4_s3: L=0.45nH Q=6.8 at 20.0 GHz
  number of turns: 2
  width: 4.00
  spacing: 3.00
  outer diameter: 73.59
  inner diameter: 51.59

Final GDSII file with SG13G2 OPDK options created as final_inductor2_N2_do73.59_w4_s3.gds
S-parameter file copied to final_inductor2_N2_do73.59_w4_s3.s2p
