Info    : Meshing 1D...
Info    : [  0%] Meshing curve 64 (Line)
Info    : [ 10%] Meshing curve 65 (Line)
Info    : [ 10%] Meshing curve 67 (Line)
Info    : [ 10%] Meshing curve 69 (Line)
Info    : [ 10%] Meshing curve 70 (Line)
Info    : [ 10%] Meshing curve 71 (Line)
Info    : [ 10%] Meshing curve 72 (Line)
Info    : [ 10%] Meshing curve 76 (Line)
Info    : [ 10%] Meshing curve 77 (Line)
Info    : [ 10%] Meshing curve 79 (Line)
Info    : [ 10%] Meshing curve 81 (Line)
Info    : [ 10%] Meshing curve 82 (Line)
Info    : [ 10%] Meshing curve 83 (Line)
Info    : [ 10%] Meshing curve 84 (Line)
Info    : [ 10%] Meshing curve 85 (Line)
Info    : [ 10%] Meshing curve 86 (Line)
Info    : [ 10%] Meshing curve 87 (Line)
Info    : [ 10%] Meshing curve 88 (Line)
Info    : [ 10%] Meshing curve 89 (Line)
Info    : [ 10%] Meshing curve 90 (Line)
Info    : [ 10%] Meshing curve 91 (Line)
Info    : [ 10%] Meshing curve 92 (Line)
Info    : [ 10%] Meshing curve 93 (Line)
Info    : [ 10%] Meshing curve 94 (Line)
Info    : [ 10%] Meshing curve 95 (Line)
Info    : [ 10%] Meshing curve 96 (Line)
Info    : [ 10%] Meshing curve 97 (Line)
Info    : [ 10%] Meshing curve 98 (Line)
Info    : [ 10%] Meshing curve 99 (Line)
Info    : [ 10%] Meshing curve 100 (Line)
Info    : [ 10%] Meshing curve 101 (Line)
Info    : [ 10%] Meshing curve 102 (Line)
Info    : [ 10%] Meshing curve 103 (Line)
Info    : [ 10%] Meshing curve 104 (Line)
Info    : [ 20%] Meshing curve 105 (Line)
Info    : [ 20%] Meshing curve 106 (Line)
Info    : [ 20%] Meshing curve 107 (Line)
Info    : [ 20%] Meshing curve 108 (Line)
Info    : [ 20%] Meshing curve 109 (Line)
Info    : [ 20%] Meshing curve 110 (Line)
Info    : [ 20%] Meshing curve 111 (Line)
Info    : [ 20%] Meshing curve 112 (Line)
Info    : [ 20%] Meshing curve 113 (Line)
Info    : [ 20%] Meshing curve 114 (Line)
Info    : [ 20%] Meshing curve 115 (Line)
Info    : [ 20%] Meshing curve 116 (Line)
Info    : [ 20%] Meshing curve 117 (Line)
Info    : [ 20%] Meshing curve 118 (Line)
Info    : [ 20%] Meshing curve 119 (Line)
Info    : [ 20%] Meshing curve 120 (Line)
Info    : [ 20%] Meshing curve 121 (Line)
Info    : [ 20%] Meshing curve 122 (Line)
Info    : [ 20%] Meshing curve 123 (Line)
Info    : [ 20%] Meshing curve 124 (Line)
Info    : [ 20%] Meshing curve 125 (Line)
Info    : [ 20%] Meshing curve 126 (Line)
Info    : [ 20%] Meshing curve 127 (Line)
Info    : [ 20%] Meshing curve 128 (Line)
Info    : [ 20%] Meshing curve 129 (Line)
Info    : [ 20%] Meshing curve 130 (Line)
Info    : [ 20%] Meshing curve 131 (Line)
Info    : [ 20%] Meshing curve 132 (Line)
Info    : [ 20%] Meshing curve 133 (Line)
Info    : [ 20%] Meshing curve 134 (Line)
Info    : [ 20%] Meshing curve 135 (Line)
Info    : [ 20%] Meshing curve 136 (Line)
Info    : [ 20%] Meshing curve 137 (Line)
Info    : [ 20%] Meshing curve 138 (Line)
Info    : [ 30%] Meshing curve 139 (Line)
Info    : [ 30%] Meshing curve 140 (Line)
Info    : [ 30%] Meshing curve 141 (Line)
Info    : [ 30%] Meshing curve 142 (Line)
Info    : [ 30%] Meshing curve 143 (Line)
Info    : [ 30%] Meshing curve 144 (Line)
Info    : [ 30%] Meshing curve 145 (Line)
Info    : [ 30%] Meshing curve 146 (Line)
Info    : [ 30%] Meshing curve 147 (Line)
Info    : [ 30%] Meshing curve 148 (Line)
Info    : [ 30%] Meshing curve 149 (Line)
Info    : [ 30%] Meshing curve 150 (Line)
Info    : [ 30%] Meshing curve 151 (Line)
Info    : [ 30%] Meshing curve 152 (Line)
Info    : [ 30%] Meshing curve 153 (Line)
Info    : [ 30%] Meshing curve 154 (Line)
Info    : [ 30%] Meshing curve 155 (Line)
Info    : [ 30%] Meshing curve 156 (Line)
Info    : [ 30%] Meshing curve 397 (Line)
Info    : [ 30%] Meshing curve 398 (Line)
Info    : [ 30%] Meshing curve 399 (Line)
Info    : [ 30%] Meshing curve 400 (Line)
Info    : [ 30%] Meshing curve 401 (Line)
Info    : [ 30%] Meshing curve 402 (Line)
Info    : [ 30%] Meshing curve 403 (Line)
Info    : [ 30%] Meshing curve 404 (Line)
Info    : [ 30%] Meshing curve 405 (Line)
Info    : [ 30%] Meshing curve 406 (Line)
Info    : [ 30%] Meshing curve 407 (Line)
Info    : [ 30%] Meshing curve 408 (Line)
Info    : [ 30%] Meshing curve 409 (TrimmedCurve)
Info    : [ 30%] Meshing curve 410 (Line)
Info    : [ 30%] Meshing curve 411 (TrimmedCurve)
Info    : [ 30%] Meshing curve 412 (Line)
Info    : [ 40%] Meshing curve 413 (Line)
Info    : [ 40%] Meshing curve 414 (Line)
Info    : [ 40%] Meshing curve 415 (Line)
Info    : [ 40%] Meshing curve 416 (Line)
Info    : [ 40%] Meshing curve 417 (Line)
Info    : [ 40%] Meshing curve 418 (Line)
Info    : [ 40%] Meshing curve 419 (Line)
Info    : [ 40%] Meshing curve 420 (TrimmedCurve)
Info    : [ 40%] Meshing curve 421 (Line)
Info    : [ 40%] Meshing curve 422 (TrimmedCurve)
Info    : [ 40%] Meshing curve 423 (Line)
Info    : [ 40%] Meshing curve 424 (Line)
Info    : [ 40%] Meshing curve 425 (Line)
Info    : [ 40%] Meshing curve 426 (Line)
Info    : [ 40%] Meshing curve 427 (Line)
Info    : [ 40%] Meshing curve 428 (Line)
Info    : [ 40%] Meshing curve 429 (Line)
Info    : [ 40%] Meshing curve 430 (Line)
Info    : [ 40%] Meshing curve 431 (Line)
Info    : [ 40%] Meshing curve 432 (Line)
Info    : [ 40%] Meshing curve 433 (TrimmedCurve)
Info    : [ 40%] Meshing curve 434 (Line)
Info    : [ 40%] Meshing curve 435 (TrimmedCurve)
Info    : [ 40%] Meshing curve 436 (Line)
Info    : [ 40%] Meshing curve 437 (Line)
Info    : [ 40%] Meshing curve 438 (Line)
Info    : [ 40%] Meshing curve 439 (Line)
Info    : [ 40%] Meshing curve 440 (TrimmedCurve)
Info    : [ 40%] Meshing curve 441 (Line)
Info    : [ 40%] Meshing curve 442 (TrimmedCurve)
Info    : [ 40%] Meshing curve 443 (Line)
Info    : [ 40%] Meshing curve 444 (TrimmedCurve)
Info    : [ 40%] Meshing curve 445 (Line)
Info    : [ 40%] Meshing curve 446 (TrimmedCurve)
Info    : [ 50%] Meshing curve 447 (Line)
Info    : [ 50%] Meshing curve 448 (TrimmedCurve)
Info    : [ 50%] Meshing curve 449 (Line)
Info    : [ 50%] Meshing curve 450 (Line)
Info    : [ 50%] Meshing curve 451 (Line)
Info    : [ 50%] Meshing curve 452 (Line)
Info    : [ 50%] Meshing curve 453 (Line)
Info    : [ 50%] Meshing curve 454 (TrimmedCurve)
Info    : [ 50%] Meshing curve 455 (Line)
Info    : [ 50%] Meshing curve 456 (TrimmedCurve)
Info    : [ 50%] Meshing curve 457 (Line)
Info    : [ 50%] Meshing curve 458 (TrimmedCurve)
Info    : [ 50%] Meshing curve 459 (Line)
Info    : [ 50%] Meshing curve 460 (TrimmedCurve)
Info    : [ 50%] Meshing curve 461 (Line)
Info    : [ 50%] Meshing curve 462 (TrimmedCurve)
Info    : [ 50%] Meshing curve 463 (Line)
Info    : [ 50%] Meshing curve 464 (TrimmedCurve)
Info    : [ 50%] Meshing curve 465 (Line)
Info    : [ 50%] Meshing curve 466 (Line)
Info    : [ 50%] Meshing curve 467 (Line)
Info    : [ 50%] Meshing curve 468 (Line)
Info    : [ 50%] Meshing curve 469 (Line)
Info    : [ 50%] Meshing curve 470 (TrimmedCurve)
Info    : [ 50%] Meshing curve 471 (Line)
Info    : [ 50%] Meshing curve 472 (Line)
Info    : [ 50%] Meshing curve 473 (Line)
Info    : [ 50%] Meshing curve 474 (Line)
Info    : [ 50%] Meshing curve 475 (TrimmedCurve)
Info    : [ 50%] Meshing curve 476 (Line)
Info    : [ 50%] Meshing curve 477 (TrimmedCurve)
Info    : [ 50%] Meshing curve 478 (Line)
Info    : [ 50%] Meshing curve 479 (TrimmedCurve)
Info    : [ 50%] Meshing curve 480 (Line)
Info    : [ 60%] Meshing curve 481 (TrimmedCurve)
Info    : [ 60%] Meshing curve 482 (Line)
Info    : [ 60%] Meshing curve 483 (TrimmedCurve)
Info    : [ 60%] Meshing curve 484 (Line)
Info    : [ 60%] Meshing curve 485 (Line)
Info    : [ 60%] Meshing curve 486 (Line)
Info    : [ 60%] Meshing curve 487 (Line)
Info    : [ 60%] Meshing curve 488 (Line)
Info    : [ 60%] Meshing curve 489 (TrimmedCurve)
Info    : [ 60%] Meshing curve 490 (Line)
Info    : [ 60%] Meshing curve 491 (TrimmedCurve)
Info    : [ 60%] Meshing curve 492 (Line)
Info    : [ 60%] Meshing curve 493 (TrimmedCurve)
Info    : [ 60%] Meshing curve 494 (Line)
Info    : [ 60%] Meshing curve 495 (TrimmedCurve)
Info    : [ 60%] Meshing curve 496 (Line)
Info    : [ 60%] Meshing curve 497 (TrimmedCurve)
Info    : [ 60%] Meshing curve 498 (Line)
Info    : [ 60%] Meshing curve 499 (TrimmedCurve)
Info    : [ 60%] Meshing curve 500 (Line)
Info    : [ 60%] Meshing curve 501 (Line)
Info    : [ 60%] Meshing curve 502 (Line)
Info    : [ 60%] Meshing curve 503 (Line)
Info    : [ 60%] Meshing curve 504 (Line)
Info    : [ 60%] Meshing curve 505 (TrimmedCurve)
Info    : [ 60%] Meshing curve 506 (Line)
Info    : [ 60%] Meshing curve 507 (Line)
Info    : [ 60%] Meshing curve 508 (Line)
Info    : [ 60%] Meshing curve 509 (Line)
Info    : [ 60%] Meshing curve 510 (Line)
Info    : [ 60%] Meshing curve 511 (Line)
Info    : [ 60%] Meshing curve 512 (Line)
Info    : [ 60%] Meshing curve 513 (Line)
Info    : [ 70%] Meshing curve 514 (Line)
Info    : [ 70%] Meshing curve 515 (Line)
Info    : [ 70%] Meshing curve 516 (Line)
Info    : [ 70%] Meshing curve 517 (Line)
Info    : [ 70%] Meshing curve 518 (Line)
Info    : [ 70%] Meshing curve 519 (Line)
Info    : [ 70%] Meshing curve 520 (Line)
Info    : [ 70%] Meshing curve 521 (Line)
Info    : [ 70%] Meshing curve 522 (Line)
Info    : [ 70%] Meshing curve 523 (Line)
Info    : [ 70%] Meshing curve 524 (Line)
Info    : [ 70%] Meshing curve 525 (Line)
Info    : [ 70%] Meshing curve 526 (Line)
Info    : [ 70%] Meshing curve 527 (Line)
Info    : [ 70%] Meshing curve 528 (Line)
Info    : [ 70%] Meshing curve 529 (Line)
Info    : [ 70%] Meshing curve 530 (Line)
Info    : [ 70%] Meshing curve 531 (Line)
Info    : [ 70%] Meshing curve 532 (Line)
Info    : [ 70%] Meshing curve 533 (Line)
Info    : [ 70%] Meshing curve 534 (Line)
Info    : [ 70%] Meshing curve 535 (Line)
Info    : [ 70%] Meshing curve 536 (Line)
Info    : [ 70%] Meshing curve 537 (Line)
Info    : [ 70%] Meshing curve 538 (Line)
Info    : [ 70%] Meshing curve 539 (Line)
Info    : [ 70%] Meshing curve 540 (Line)
Info    : [ 70%] Meshing curve 541 (Line)
Info    : [ 70%] Meshing curve 542 (Line)
Info    : [ 70%] Meshing curve 543 (Line)
Info    : [ 70%] Meshing curve 544 (Line)
Info    : [ 70%] Meshing curve 545 (Line)
Info    : [ 70%] Meshing curve 546 (Line)
Info    : [ 70%] Meshing curve 547 (Line)
Info    : [ 80%] Meshing curve 548 (Line)
Info    : [ 80%] Meshing curve 549 (Line)
Info    : [ 80%] Meshing curve 550 (Line)
Info    : [ 80%] Meshing curve 551 (Line)
Info    : [ 80%] Meshing curve 552 (TrimmedCurve)
Info    : [ 80%] Meshing curve 553 (Line)
Info    : [ 80%] Meshing curve 554 (Line)
Info    : [ 80%] Meshing curve 555 (Line)
Info    : [ 80%] Meshing curve 556 (Line)
Info    : [ 80%] Meshing curve 557 (Line)
Info    : [ 80%] Meshing curve 558 (TrimmedCurve)
Info    : [ 80%] Meshing curve 559 (Line)
Info    : [ 80%] Meshing curve 560 (Line)
Info    : [ 80%] Meshing curve 561 (TrimmedCurve)
Info    : [ 80%] Meshing curve 562 (Line)
Info    : [ 80%] Meshing curve 563 (Line)
Info    : [ 80%] Meshing curve 564 (Line)
Info    : [ 80%] Meshing curve 565 (Line)
Info    : [ 80%] Meshing curve 566 (Line)
Info    : [ 80%] Meshing curve 567 (TrimmedCurve)
Info    : [ 80%] Meshing curve 568 (Line)
Info    : [ 80%] Meshing curve 569 (Line)
Info    : [ 80%] Meshing curve 570 (Line)
Info    : [ 80%] Meshing curve 571 (Line)
Info    : [ 80%] Meshing curve 572 (Line)
Info    : [ 80%] Meshing curve 573 (Line)
Info    : [ 80%] Meshing curve 574 (Line)
Info    : [ 80%] Meshing curve 575 (Line)
Info    : [ 80%] Meshing curve 576 (Line)
Info    : [ 80%] Meshing curve 577 (Line)
Info    : [ 80%] Meshing curve 578 (Line)
Info    : [ 80%] Meshing curve 579 (Line)
Info    : [ 80%] Meshing curve 580 (Line)
Info    : [ 80%] Meshing curve 581 (Line)
Info    : [ 90%] Meshing curve 582 (Line)
Info    : [ 90%] Meshing curve 583 (Line)
Info    : [ 90%] Meshing curve 584 (Line)
Info    : [ 90%] Meshing curve 585 (Line)
Info    : [ 90%] Meshing curve 586 (Line)
Info    : [ 90%] Meshing curve 587 (Line)
Info    : [ 90%] Meshing curve 588 (Line)
Info    : [ 90%] Meshing curve 589 (Line)
Info    : [ 90%] Meshing curve 590 (Line)
Info    : [ 90%] Meshing curve 591 (Line)
Info    : [ 90%] Meshing curve 592 (Line)
Info    : [ 90%] Meshing curve 593 (Line)
Info    : [ 90%] Meshing curve 594 (Line)
Info    : [ 90%] Meshing curve 595 (Line)
Info    : [ 90%] Meshing curve 596 (Line)
Info    : [ 90%] Meshing curve 597 (Line)
Info    : [ 90%] Meshing curve 598 (Line)
Info    : [ 90%] Meshing curve 599 (Line)
Info    : [ 90%] Meshing curve 600 (Line)
Info    : [ 90%] Meshing curve 601 (Line)
Info    : [ 90%] Meshing curve 602 (Line)
Info    : [ 90%] Meshing curve 603 (Line)
Info    : [ 90%] Meshing curve 604 (Line)
Info    : [ 90%] Meshing curve 605 (Line)
Info    : [ 90%] Meshing curve 606 (Line)
Info    : [ 90%] Meshing curve 607 (Line)
Info    : [ 90%] Meshing curve 608 (Line)
Info    : [ 90%] Meshing curve 609 (Line)
Info    : [ 90%] Meshing curve 610 (Line)
Info    : [ 90%] Meshing curve 611 (Line)
Info    : [ 90%] Meshing curve 612 (Line)
Info    : [ 90%] Meshing curve 613 (Line)
Info    : [ 90%] Meshing curve 614 (Line)
Info    : [ 90%] Meshing curve 615 (Line)
Info    : [100%] Meshing curve 616 (Line)
Info    : [100%] Meshing curve 617 (Line)
Info    : [100%] Meshing curve 618 (Line)
Info    : [100%] Meshing curve 619 (Line)
Info    : [100%] Meshing curve 620 (Line)
Info    : [100%] Meshing curve 621 (Line)
Info    : [100%] Meshing curve 622 (Line)
Info    : [100%] Meshing curve 623 (Line)
Info    : [100%] Meshing curve 624 (Line)
Info    : [100%] Meshing curve 625 (Line)
Info    : [100%] Meshing curve 626 (Line)
Info    : [100%] Meshing curve 627 (Line)
Info    : [100%] Meshing curve 628 (Line)
Info    : [100%] Meshing curve 629 (Line)
Info    : [100%] Meshing curve 630 (Line)
Info    : [100%] Meshing curve 631 (Line)
Info    : [100%] Meshing curve 632 (Line)
Info    : [100%] Meshing curve 633 (Line)
Info    : [100%] Meshing curve 634 (Line)
Info    : [100%] Meshing curve 635 (Line)
Info    : [100%] Meshing curve 636 (Line)
Info    : [100%] Meshing curve 637 (Line)
Info    : [100%] Meshing curve 638 (Line)
Info    : [100%] Meshing curve 639 (Line)
Info    : [100%] Meshing curve 640 (Line)
Info    : [100%] Meshing curve 641 (Line)
Info    : [100%] Meshing curve 642 (Line)
Info    : [100%] Meshing curve 643 (Line)
Info    : [100%] Meshing curve 644 (Line)
Info    : [100%] Meshing curve 645 (Line)
Info    : [100%] Meshing curve 646 (Line)
Info    : [100%] Meshing curve 647 (Line)
Info    : [100%] Meshing curve 648 (Line)
Info    : Done meshing 1D (Wall 1.24973s, CPU 1.23801s)
Info    : Meshing 2D...
Info    : [  0%] Meshing surface 35 (Plane, Delaunay)
Info    : [ 10%] Meshing surface 41 (Plane, Delaunay)
Info    : [ 10%] Meshing surface 43 (Plane, Delaunay)
Info    : [ 10%] Meshing surface 44 (Plane, Delaunay)
Info    : [ 10%] Meshing surface 45 (Plane, Delaunay)
Info    : [ 10%] Meshing surface 46 (Plane, Delaunay)
Info    : [ 10%] Meshing surface 47 (Plane, Delaunay)
Info    : [ 10%] Meshing surface 48 (Plane, Delaunay)
Info    : [ 10%] Meshing surface 49 (Plane, Delaunay)
Info    : [ 10%] Meshing surface 50 (Plane, Delaunay)
Info    : [ 10%] Meshing surface 51 (Plane, Delaunay)
Info    : [ 10%] Meshing surface 53 (Plane, Delaunay)
Info    : [ 10%] Meshing surface 54 (Plane, Delaunay)
Info    : [ 10%] Meshing surface 55 (Plane, Delaunay)
Info    : [ 10%] Meshing surface 56 (Plane, Delaunay)
Info    : [ 20%] Meshing surface 57 (Plane, Delaunay)
Info    : [ 20%] Meshing surface 58 (Plane, Delaunay)
Info    : [ 20%] Meshing surface 59 (Plane, Delaunay)
Info    : [ 20%] Meshing surface 60 (Plane, Delaunay)
Info    : [ 20%] Meshing surface 61 (Plane, Delaunay)
Info    : [ 20%] Meshing surface 62 (Plane, Delaunay)
Info    : [ 20%] Meshing surface 63 (Plane, Delaunay)
Info    : [ 20%] Meshing surface 64 (Plane, Delaunay)
Info    : [ 20%] Meshing surface 65 (Plane, Delaunay)
Info    : [ 20%] Meshing surface 66 (Plane, Delaunay)
Info    : [ 20%] Meshing surface 67 (Plane, Delaunay)
Info    : [ 20%] Meshing surface 68 (Plane, Delaunay)
Info    : [ 20%] Meshing surface 69 (Plane, Delaunay)
Info    : [ 20%] Meshing surface 70 (Plane, Delaunay)
Info    : [ 20%] Meshing surface 71 (Plane, Delaunay)
Info    : [ 30%] Meshing surface 72 (Plane, Delaunay)
Info    : [ 30%] Meshing surface 73 (Plane, Delaunay)
Info    : [ 30%] Meshing surface 74 (Plane, Delaunay)
Info    : [ 30%] Meshing surface 75 (Plane, Delaunay)
Info    : [ 30%] Meshing surface 76 (Plane, Delaunay)
Info    : [ 30%] Meshing surface 179 (Plane, Delaunay)
Info    : [ 30%] Meshing surface 180 (Plane, Delaunay)
Info    : [ 30%] Meshing surface 181 (Plane, Delaunay)
Info    : [ 30%] Meshing surface 183 (Plane, Delaunay)
Info    : [ 30%] Meshing surface 184 (Plane, Delaunay)
Info    : [ 30%] Meshing surface 185 (Plane, Delaunay)
Info    : [ 30%] Meshing surface 186 (Plane, Delaunay)
Info    : [ 30%] Meshing surface 187 (Plane, Delaunay)
Info    : [ 30%] Meshing surface 188 (Plane, Delaunay)
Info    : [ 40%] Meshing surface 189 (Plane, Delaunay)
Info    : [ 40%] Meshing surface 190 (Plane, Delaunay)
Info    : [ 40%] Meshing surface 191 (Plane, Delaunay)
Info    : [ 40%] Meshing surface 192 (Plane, Delaunay)
Info    : [ 40%] Meshing surface 193 (Plane, Delaunay)
Info    : [ 40%] Meshing surface 195 (Plane, Delaunay)
Info    : [ 40%] Meshing surface 196 (Plane, Delaunay)
Info    : [ 40%] Meshing surface 197 (Plane, Delaunay)
Info    : [ 40%] Meshing surface 198 (Plane, Delaunay)
Info    : [ 40%] Meshing surface 199 (Plane, Delaunay)
Info    : [ 40%] Meshing surface 200 (Plane, Delaunay)
Info    : [ 40%] Meshing surface 201 (Plane, Delaunay)
Info    : [ 40%] Meshing surface 202 (Plane, Delaunay)
Info    : [ 40%] Meshing surface 203 (Plane, Delaunay)
Info    : [ 40%] Meshing surface 204 (Plane, Delaunay)
Info    : [ 50%] Meshing surface 205 (Plane, Delaunay)
Info    : [ 50%] Meshing surface 206 (Plane, Delaunay)
Info    : [ 50%] Meshing surface 207 (Plane, Delaunay)
Info    : [ 50%] Meshing surface 208 (Plane, Delaunay)
Info    : [ 50%] Meshing surface 209 (Plane, Delaunay)
Info    : [ 50%] Meshing surface 210 (Plane, Delaunay)
Info    : [ 50%] Meshing surface 211 (Plane, Delaunay)
Info    : [ 50%] Meshing surface 212 (Plane, Delaunay)
Info    : [ 50%] Meshing surface 213 (Plane, Delaunay)
Info    : [ 50%] Meshing surface 214 (Plane, Delaunay)
Info    : [ 50%] Meshing surface 215 (Plane, Delaunay)
Info    : [ 50%] Meshing surface 216 (Plane, Delaunay)
Info    : [ 50%] Meshing surface 217 (Plane, Delaunay)
Info    : [ 50%] Meshing surface 218 (Plane, Delaunay)
Info    : [ 50%] Meshing surface 219 (Plane, Delaunay)
Info    : [ 60%] Meshing surface 220 (Plane, Delaunay)
Info    : [ 60%] Meshing surface 221 (Plane, Delaunay)
Info    : [ 60%] Meshing surface 222 (Plane, Delaunay)
Info    : [ 60%] Meshing surface 223 (Plane, Delaunay)
Info    : [ 60%] Meshing surface 224 (Plane, Delaunay)
Info    : [ 60%] Meshing surface 225 (Plane, Delaunay)
Info    : [ 60%] Meshing surface 226 (Plane, Delaunay)
Info    : [ 60%] Meshing surface 227 (Plane, Delaunay)
Info    : [ 60%] Meshing surface 228 (Plane, Delaunay)
Info    : [ 60%] Meshing surface 229 (Plane, Delaunay)
Info    : [ 60%] Meshing surface 230 (Plane, Delaunay)
Info    : [ 60%] Meshing surface 231 (Plane, Delaunay)
Info    : [ 60%] Meshing surface 232 (Plane, Delaunay)
Info    : [ 60%] Meshing surface 233 (Plane, Delaunay)
Info    : [ 70%] Meshing surface 235 (Plane, Delaunay)
Info    : [ 70%] Meshing surface 236 (Plane, Delaunay)
Info    : [ 70%] Meshing surface 237 (Plane, Delaunay)
Info    : [ 70%] Meshing surface 238 (Plane, Delaunay)
Info    : [ 70%] Meshing surface 239 (Plane, Delaunay)
Info    : [ 70%] Meshing surface 240 (Plane, Delaunay)
Info    : [ 70%] Meshing surface 241 (Plane, Delaunay)
Info    : [ 70%] Meshing surface 242 (Plane, Delaunay)
Info    : [ 70%] Meshing surface 243 (Plane, Delaunay)
Info    : [ 70%] Meshing surface 244 (Plane, Delaunay)
Info    : [ 70%] Meshing surface 245 (Plane, Delaunay)
Info    : [ 70%] Meshing surface 246 (Plane, Delaunay)
Info    : [ 70%] Meshing surface 247 (Plane, Delaunay)
Info    : [ 70%] Meshing surface 248 (Plane, Delaunay)
Info    : [ 70%] Meshing surface 249 (Plane, Delaunay)
Info    : [ 80%] Meshing surface 250 (Plane, Delaunay)
Info    : [ 80%] Meshing surface 251 (Plane, Delaunay)
Info    : [ 80%] Meshing surface 252 (Plane, Delaunay)
Info    : [ 80%] Meshing surface 253 (Plane, Delaunay)
Info    : [ 80%] Meshing surface 254 (Plane, Delaunay)
Info    : [ 80%] Meshing surface 255 (Plane, Delaunay)
Info    : [ 80%] Meshing surface 256 (Plane, Delaunay)
Info    : [ 80%] Meshing surface 257 (Plane, Delaunay)
Info    : [ 80%] Meshing surface 258 (Plane, Delaunay)
Info    : [ 80%] Meshing surface 259 (Plane, Delaunay)
Info    : [ 80%] Meshing surface 260 (Plane, Delaunay)
Info    : [ 80%] Meshing surface 261 (Plane, Delaunay)
Info    : [ 80%] Meshing surface 262 (Plane, Delaunay)
Info    : [ 80%] Meshing surface 263 (Plane, Delaunay)
Info    : [ 90%] Meshing surface 264 (Plane, Delaunay)
Info    : [ 90%] Meshing surface 265 (Plane, Delaunay)
Info    : [ 90%] Meshing surface 266 (Plane, Delaunay)
Info    : [ 90%] Meshing surface 267 (Plane, Delaunay)
Info    : [ 90%] Meshing surface 268 (Plane, Delaunay)
Info    : [ 90%] Meshing surface 269 (Plane, Delaunay)
Info    : [ 90%] Meshing surface 270 (Plane, Delaunay)
Info    : [ 90%] Meshing surface 271 (Plane, Delaunay)
Info    : [ 90%] Meshing surface 272 (Plane, Delaunay)
Info    : [ 90%] Meshing surface 273 (Plane, Delaunay)
Info    : [ 90%] Meshing surface 274 (Plane, Delaunay)
Info    : [ 90%] Meshing surface 275 (Plane, Delaunay)
Info    : [ 90%] Meshing surface 276 (Plane, Delaunay)
Info    : [ 90%] Meshing surface 277 (Plane, Delaunay)
Info    : [ 90%] Meshing surface 278 (Plane, Delaunay)
Info    : [100%] Meshing surface 279 (Plane, Delaunay)
Info    : [100%] Meshing surface 280 (Plane, Delaunay)
Info    : [100%] Meshing surface 281 (Plane, Delaunay)
Info    : [100%] Meshing surface 282 (Plane, Delaunay)
Info    : [100%] Meshing surface 283 (Plane, Delaunay)
Info    : [100%] Meshing surface 284 (Plane, Delaunay)
Info    : [100%] Meshing surface 285 (Plane, Delaunay)
Info    : [100%] Meshing surface 286 (Plane, Delaunay)
Info    : [100%] Meshing surface 287 (Plane, Delaunay)
Info    : [100%] Meshing surface 288 (Plane, Delaunay)
Info    : [100%] Meshing surface 289 (Plane, Delaunay)
Info    : [100%] Meshing surface 290 (Plane, Delaunay)
Info    : [100%] Meshing surface 291 (Plane, Delaunay)
Info    : [100%] Meshing surface 292 (Plane, Delaunay)
Info    : Done meshing 2D (Wall 0.339152s, CPU 0.335203s)
Info    : Meshing 3D...
Info    : 3D Meshing 16 volumes with 1 connected component
Info    : Tetrahedrizing 2609 nodes...
Info    : Done tetrahedrizing 2617 nodes (Wall 0.0330392s, CPU 0.033034s)
Info    : Reconstructing mesh...
Info    :  - Creating surface mesh
Info    :  - Identifying boundary edges
Info    :  - Recovering boundary
Info    :  - Added 13 Steiner points
Info    : Done reconstructing mesh (Wall 0.0968173s, CPU 0.092738s)
Info    : Found volume 28
Info    : Found volume 32
Info    : Found volume 24
Info    : Found volume 27
Info    : Found volume 29
Info    : Found volume 31
Info    : Found volume 30
Info    : Found volume 7
Info    : Found volume 6
Info    : Found volume 25
Info    : Found volume 8
Info    : Found volume 26
Info    : Found volume 10
Info    : Found volume 11
Info    : Found volume 12
Info    : Found volume 9
Info    : It. 0 - 0 nodes created - worst tet radius 17.8916 (nodes removed 0 0)
Info    : It. 500 - 4 nodes created - worst tet radius 2.52198 (nodes removed 0 496)
Info    : It. 1000 - 79 nodes created - worst tet radius 1.27198 (nodes removed 0 921)
Info    : It. 1500 - 235 nodes created - worst tet radius 1.02294 (nodes removed 8 1257)
Info    : 3D refinement terminated (2876 nodes total):
Info    :  - 4 Delaunay cavities modified for star shapeness
Info    :  - 1314 nodes could not be inserted
Info    :  - 16961 tetrahedra created in 0.0598897 sec. (283203 tets/s)
Info    : 237 node relocations
Info    : Done meshing 3D (Wall 0.291785s, CPU 0.28751s)
Info    : Optimizing mesh...
Info    : Optimizing volume 6
Info    : Optimization starts (volume = 144) with worst = 0.125314 / average = 0.528752:
Info    : 0.00 < quality < 0.10 :         0 elements
Info    : 0.10 < quality < 0.20 :         2 elements
Info    : 0.20 < quality < 0.30 :        35 elements
Info    : 0.30 < quality < 0.40 :         8 elements
Info    : 0.40 < quality < 0.50 :        45 elements
Info    : 0.50 < quality < 0.60 :        34 elements
Info    : 0.60 < quality < 0.70 :         4 elements
Info    : 0.70 < quality < 0.80 :        32 elements
Info    : 0.80 < quality < 0.90 :        15 elements
Info    : 0.90 < quality < 1.00 :         2 elements
Info    : 2 edge swaps, 0 node relocations (volume = 144): worst = 0.125314 / average = 0.528452 (Wall 0.00021838s, CPU 0.000222s)
Info    : No ill-shaped tets in the mesh :-)
Info    : 0.00 < quality < 0.10 :         0 elements
Info    : 0.10 < quality < 0.20 :         2 elements
Info    : 0.20 < quality < 0.30 :        35 elements
Info    : 0.30 < quality < 0.40 :         8 elements
Info    : 0.40 < quality < 0.50 :        47 elements
Info    : 0.50 < quality < 0.60 :        32 elements
Info    : 0.60 < quality < 0.70 :         4 elements
Info    : 0.70 < quality < 0.80 :        32 elements
Info    : 0.80 < quality < 0.90 :        15 elements
Info    : 0.90 < quality < 1.00 :         2 elements
Info    : Optimizing volume 7
Info    : Optimization starts (volume = 144) with worst = 0.125314 / average = 0.533469:
Info    : 0.00 < quality < 0.10 :         0 elements
Info    : 0.10 < quality < 0.20 :         2 elements
Info    : 0.20 < quality < 0.30 :        35 elements
Info    : 0.30 < quality < 0.40 :         8 elements
Info    : 0.40 < quality < 0.50 :        41 elements
Info    : 0.50 < quality < 0.60 :        34 elements
Info    : 0.60 < quality < 0.70 :         4 elements
Info    : 0.70 < quality < 0.80 :        31 elements
Info    : 0.80 < quality < 0.90 :        18 elements
Info    : 0.90 < quality < 1.00 :         2 elements
Info    : 3 edge swaps, 0 node relocations (volume = 144): worst = 0.125314 / average = 0.533166 (Wall 0.000148871s, CPU 0.000149s)
Info    : No ill-shaped tets in the mesh :-)
Info    : 0.00 < quality < 0.10 :         0 elements
Info    : 0.10 < quality < 0.20 :         2 elements
Info    : 0.20 < quality < 0.30 :        35 elements
Info    : 0.30 < quality < 0.40 :         8 elements
Info    : 0.40 < quality < 0.50 :        43 elements
Info    : 0.50 < quality < 0.60 :        32 elements
Info    : 0.60 < quality < 0.70 :         4 elements
Info    : 0.70 < quality < 0.80 :        31 elements
Info    : 0.80 < quality < 0.90 :        18 elements
Info    : 0.90 < quality < 1.00 :         2 elements
Info    : Optimizing volume 8
Info    : Optimization starts (volume = 48.544) with worst = 0.177187 / average = 0.605117:
Info    : 0.00 < quality < 0.10 :         0 elements
Info    : 0.10 < quality < 0.20 :         4 elements
Info    : 0.20 < quality < 0.30 :         4 elements
Info    : 0.30 < quality < 0.40 :        12 elements
Info    : 0.40 < quality < 0.50 :        12 elements
Info    : 0.50 < quality < 0.60 :        18 elements
Info    : 0.60 < quality < 0.70 :        18 elements
Info    : 0.70 < quality < 0.80 :        16 elements
Info    : 0.80 < quality < 0.90 :        12 elements
Info    : 0.90 < quality < 1.00 :         8 elements
Info    : 2 edge swaps, 0 node relocations (volume = 48.544): worst = 0.177187 / average = 0.614985 (Wall 5.5261e-05s, CPU 5.5e-05s)
Info    : No ill-shaped tets in the mesh :-)
Info    : 0.00 < quality < 0.10 :         0 elements
Info    : 0.10 < quality < 0.20 :         2 elements
Info    : 0.20 < quality < 0.30 :         4 elements
Info    : 0.30 < quality < 0.40 :        12 elements
Info    : 0.40 < quality < 0.50 :        12 elements
Info    : 0.50 < quality < 0.60 :        18 elements
Info    : 0.60 < quality < 0.70 :        16 elements
Info    : 0.70 < quality < 0.80 :        18 elements
Info    : 0.80 < quality < 0.90 :        12 elements
Info    : 0.90 < quality < 1.00 :         8 elements
Info    : Optimizing volume 9
Info    : Optimization starts (volume = 2.268) with worst = 0.266475 / average = 0.325093:
Info    : 0.00 < quality < 0.10 :         0 elements
Info    : 0.10 < quality < 0.20 :         0 elements
Info    : 0.20 < quality < 0.30 :         4 elements
Info    : 0.30 < quality < 0.40 :         8 elements
Info    : 0.40 < quality < 0.50 :         0 elements
Info    : 0.50 < quality < 0.60 :         0 elements
Info    : 0.60 < quality < 0.70 :         0 elements
Info    : 0.70 < quality < 0.80 :         0 elements
Info    : 0.80 < quality < 0.90 :         0 elements
Info    : 0.90 < quality < 1.00 :         0 elements
Info    : No ill-shaped tets in the mesh :-)
Info    : 0.00 < quality < 0.10 :         0 elements
Info    : 0.10 < quality < 0.20 :         0 elements
Info    : 0.20 < quality < 0.30 :         4 elements
Info    : 0.30 < quality < 0.40 :         8 elements
Info    : 0.40 < quality < 0.50 :         0 elements
Info    : 0.50 < quality < 0.60 :         0 elements
Info    : 0.60 < quality < 0.70 :         0 elements
Info    : 0.70 < quality < 0.80 :         0 elements
Info    : 0.80 < quality < 0.90 :         0 elements
Info    : 0.90 < quality < 1.00 :         0 elements
Info    : Optimizing volume 10
Info    : Optimization starts (volume = 2.268) with worst = 0.266475 / average = 0.325093:
Info    : 0.00 < quality < 0.10 :         0 elements
Info    : 0.10 < quality < 0.20 :         0 elements
Info    : 0.20 < quality < 0.30 :         4 elements
Info    : 0.30 < quality < 0.40 :         8 elements
Info    : 0.40 < quality < 0.50 :         0 elements
Info    : 0.50 < quality < 0.60 :         0 elements
Info    : 0.60 < quality < 0.70 :         0 elements
Info    : 0.70 < quality < 0.80 :         0 elements
Info    : 0.80 < quality < 0.90 :         0 elements
Info    : 0.90 < quality < 1.00 :         0 elements
Info    : No ill-shaped tets in the mesh :-)
Info    : 0.00 < quality < 0.10 :         0 elements
Info    : 0.10 < quality < 0.20 :         0 elements
Info    : 0.20 < quality < 0.30 :         4 elements
Info    : 0.30 < quality < 0.40 :         8 elements
Info    : 0.40 < quality < 0.50 :         0 elements
Info    : 0.50 < quality < 0.60 :         0 elements
Info    : 0.60 < quality < 0.70 :         0 elements
Info    : 0.70 < quality < 0.80 :         0 elements
Info    : 0.80 < quality < 0.90 :         0 elements
Info    : 0.90 < quality < 1.00 :         0 elements
Info    : Optimizing volume 11
Info    : Optimization starts (volume = 2.268) with worst = 0.266475 / average = 0.325093:
Info    : 0.00 < quality < 0.10 :         0 elements
Info    : 0.10 < quality < 0.20 :         0 elements
Info    : 0.20 < quality < 0.30 :         4 elements
Info    : 0.30 < quality < 0.40 :         8 elements
Info    : 0.40 < quality < 0.50 :         0 elements
Info    : 0.50 < quality < 0.60 :         0 elements
Info    : 0.60 < quality < 0.70 :         0 elements
Info    : 0.70 < quality < 0.80 :         0 elements
Info    : 0.80 < quality < 0.90 :         0 elements
Info    : 0.90 < quality < 1.00 :         0 elements
Info    : No ill-shaped tets in the mesh :-)
Info    : 0.00 < quality < 0.10 :         0 elements
Info    : 0.10 < quality < 0.20 :         0 elements
Info    : 0.20 < quality < 0.30 :         4 elements
Info    : 0.30 < quality < 0.40 :         8 elements
Info    : 0.40 < quality < 0.50 :         0 elements
Info    : 0.50 < quality < 0.60 :         0 elements
Info    : 0.60 < quality < 0.70 :         0 elements
Info    : 0.70 < quality < 0.80 :         0 elements
Info    : 0.80 < quality < 0.90 :         0 elements
Info    : 0.90 < quality < 1.00 :         0 elements
Info    : Optimizing volume 12
Info    : Optimization starts (volume = 2.268) with worst = 0.266475 / average = 0.325093:
Info    : 0.00 < quality < 0.10 :         0 elements
Info    : 0.10 < quality < 0.20 :         0 elements
Info    : 0.20 < quality < 0.30 :         4 elements
Info    : 0.30 < quality < 0.40 :         8 elements
Info    : 0.40 < quality < 0.50 :         0 elements
Info    : 0.50 < quality < 0.60 :         0 elements
Info    : 0.60 < quality < 0.70 :         0 elements
Info    : 0.70 < quality < 0.80 :         0 elements
Info    : 0.80 < quality < 0.90 :         0 elements
Info    : 0.90 < quality < 1.00 :         0 elements
Info    : No ill-shaped tets in the mesh :-)
Info    : 0.00 < quality < 0.10 :         0 elements
Info    : 0.10 < quality < 0.20 :         0 elements
Info    : 0.20 < quality < 0.30 :         4 elements
Info    : 0.30 < quality < 0.40 :         8 elements
Info    : 0.40 < quality < 0.50 :         0 elements
Info    : 0.50 < quality < 0.60 :         0 elements
Info    : 0.60 < quality < 0.70 :         0 elements
Info    : 0.70 < quality < 0.80 :         0 elements
Info    : 0.80 < quality < 0.90 :         0 elements
Info    : 0.90 < quality < 1.00 :         0 elements
Info    : Optimizing volume 24
Info    : Optimization starts (volume = 2134.84) with worst = 0.0135103 / average = 0.177161:
Info    : 0.00 < quality < 0.10 :        64 elements
Info    : 0.10 < quality < 0.20 :      1230 elements
Info    : 0.20 < quality < 0.30 :        51 elements
Info    : 0.30 < quality < 0.40 :         2 elements
Info    : 0.40 < quality < 0.50 :         0 elements
Info    : 0.50 < quality < 0.60 :         0 elements
Info    : 0.60 < quality < 0.70 :         0 elements
Info    : 0.70 < quality < 0.80 :         0 elements
Info    : 0.80 < quality < 0.90 :         0 elements
Info    : 0.90 < quality < 1.00 :         0 elements
Info    : 103 edge swaps, 13 node relocations (volume = 2134.84): worst = 0.0135103 / average = 0.177482 (Wall 0.0060204s, CPU 0.00602s)
Info    : 108 edge swaps, 22 node relocations (volume = 2134.84): worst = 0.0135103 / average = 0.177483 (Wall 0.0136214s, CPU 0.013617s)
Info    : No ill-shaped tets in the mesh :-)
Info    : 0.00 < quality < 0.10 :        58 elements
Info    : 0.10 < quality < 0.20 :      1202 elements
Info    : 0.20 < quality < 0.30 :        51 elements
Info    : 0.30 < quality < 0.40 :         2 elements
Info    : 0.40 < quality < 0.50 :         0 elements
Info    : 0.50 < quality < 0.60 :         0 elements
Info    : 0.60 < quality < 0.70 :         0 elements
Info    : 0.70 < quality < 0.80 :         0 elements
Info    : 0.80 < quality < 0.90 :         0 elements
Info    : 0.90 < quality < 1.00 :         0 elements
Info    : Optimizing volume 25
Info    : Optimization starts (volume = 1753.69) with worst = 0.083335 / average = 0.707302:
Info    : 0.00 < quality < 0.10 :         1 elements
Info    : 0.10 < quality < 0.20 :         3 elements
Info    : 0.20 < quality < 0.30 :        14 elements
Info    : 0.30 < quality < 0.40 :        21 elements
Info    : 0.40 < quality < 0.50 :        50 elements
Info    : 0.50 < quality < 0.60 :       191 elements
Info    : 0.60 < quality < 0.70 :        98 elements
Info    : 0.70 < quality < 0.80 :       168 elements
Info    : 0.80 < quality < 0.90 :       167 elements
Info    : 0.90 < quality < 1.00 :       143 elements
Info    : 3 edge swaps, 0 node relocations (volume = 1753.69): worst = 0.153141 / average = 0.709674 (Wall 0.000439135s, CPU 0.000443s)
Info    : No ill-shaped tets in the mesh :-)
Info    : 0.00 < quality < 0.10 :         0 elements
Info    : 0.10 < quality < 0.20 :         2 elements
Info    : 0.20 < quality < 0.30 :        13 elements
Info    : 0.30 < quality < 0.40 :        19 elements
Info    : 0.40 < quality < 0.50 :        50 elements
Info    : 0.50 < quality < 0.60 :       193 elements
Info    : 0.60 < quality < 0.70 :        98 elements
Info    : 0.70 < quality < 0.80 :       168 elements
Info    : 0.80 < quality < 0.90 :       167 elements
Info    : 0.90 < quality < 1.00 :       143 elements
Info    : Optimizing volume 26
Info    : Optimization starts (volume = 443.307) with worst = 0.083335 / average = 0.722154:
Info    : 0.00 < quality < 0.10 :         2 elements
Info    : 0.10 < quality < 0.20 :         0 elements
Info    : 0.20 < quality < 0.30 :         6 elements
Info    : 0.30 < quality < 0.40 :         9 elements
Info    : 0.40 < quality < 0.50 :         8 elements
Info    : 0.50 < quality < 0.60 :        46 elements
Info    : 0.60 < quality < 0.70 :        43 elements
Info    : 0.70 < quality < 0.80 :        38 elements
Info    : 0.80 < quality < 0.90 :        39 elements
Info    : 0.90 < quality < 1.00 :        69 elements
Info    : 2 edge swaps, 0 node relocations (volume = 443.307): worst = 0.201118 / average = 0.727541 (Wall 0.000146303s, CPU 0.000149s)
Info    : No ill-shaped tets in the mesh :-)
Info    : 0.00 < quality < 0.10 :         0 elements
Info    : 0.10 < quality < 0.20 :         0 elements
Info    : 0.20 < quality < 0.30 :         6 elements
Info    : 0.30 < quality < 0.40 :         9 elements
Info    : 0.40 < quality < 0.50 :         8 elements
Info    : 0.50 < quality < 0.60 :        46 elements
Info    : 0.60 < quality < 0.70 :        43 elements
Info    : 0.70 < quality < 0.80 :        37 elements
Info    : 0.80 < quality < 0.90 :        40 elements
Info    : 0.90 < quality < 1.00 :        69 elements
Info    : Optimizing volume 27
Info    : Optimization starts (volume = 1.12073e+07) with worst = 0.0731111 / average = 0.617381:
Info    : 0.00 < quality < 0.10 :         3 elements
Info    : 0.10 < quality < 0.20 :        16 elements
Info    : 0.20 < quality < 0.30 :        20 elements
Info    : 0.30 < quality < 0.40 :        52 elements
Info    : 0.40 < quality < 0.50 :       133 elements
Info    : 0.50 < quality < 0.60 :       221 elements
Info    : 0.60 < quality < 0.70 :       221 elements
Info    : 0.70 < quality < 0.80 :       189 elements
Info    : 0.80 < quality < 0.90 :       102 elements
Info    : 0.90 < quality < 1.00 :        32 elements
Info    : 38 edge swaps, 2 node relocations (volume = 1.12073e+07): worst = 0.265165 / average = 0.634162 (Wall 0.000628449s, CPU 0.000631s)
Info    : 39 edge swaps, 2 node relocations (volume = 1.12073e+07): worst = 0.265165 / average = 0.634635 (Wall 0.000716789s, CPU 0.000722s)
Info    : No ill-shaped tets in the mesh :-)
Info    : 0.00 < quality < 0.10 :         0 elements
Info    : 0.10 < quality < 0.20 :         0 elements
Info    : 0.20 < quality < 0.30 :         1 elements
Info    : 0.30 < quality < 0.40 :        63 elements
Info    : 0.40 < quality < 0.50 :       129 elements
Info    : 0.50 < quality < 0.60 :       210 elements
Info    : 0.60 < quality < 0.70 :       224 elements
Info    : 0.70 < quality < 0.80 :       188 elements
Info    : 0.80 < quality < 0.90 :       109 elements
Info    : 0.90 < quality < 1.00 :        35 elements
Info    : Optimizing volume 28
Info    : Optimization starts (volume = 22414.5) with worst = 0.000543127 / average = 0.0305913:
Info    : 0.00 < quality < 0.10 :      1088 elements
Info    : 0.10 < quality < 0.20 :        70 elements
Info    : 0.20 < quality < 0.30 :         0 elements
Info    : 0.30 < quality < 0.40 :         0 elements
Info    : 0.40 < quality < 0.50 :         0 elements
Info    : 0.50 < quality < 0.60 :         0 elements
Info    : 0.60 < quality < 0.70 :         0 elements
Info    : 0.70 < quality < 0.80 :         0 elements
Info    : 0.80 < quality < 0.90 :         0 elements
Info    : 0.90 < quality < 1.00 :         0 elements
Info    : 142 edge swaps, 0 node relocations (volume = 22414.5): worst = 0.000610033 / average = 0.0290906 (Wall 0.00778132s, CPU 0.007776s)
Info    : 149 edge swaps, 0 node relocations (volume = 22414.5): worst = 0.000610033 / average = 0.0292669 (Wall 0.0192081s, CPU 0.019196s)
Warning : 34 ill-shaped tets are still in the mesh
Info    : 0.00 < quality < 0.10 :      1052 elements
Info    : 0.10 < quality < 0.20 :        50 elements
Info    : 0.20 < quality < 0.30 :         0 elements
Info    : 0.30 < quality < 0.40 :         0 elements
Info    : 0.40 < quality < 0.50 :         0 elements
Info    : 0.50 < quality < 0.60 :         0 elements
Info    : 0.60 < quality < 0.70 :         0 elements
Info    : 0.70 < quality < 0.80 :         0 elements
Info    : 0.80 < quality < 0.90 :         0 elements
Info    : 0.90 < quality < 1.00 :         0 elements
Info    : Optimizing volume 29
Info    : Optimization starts (volume = 876791) with worst = 0.00225205 / average = 0.470694:
Info    : 0.00 < quality < 0.10 :       229 elements
Info    : 0.10 < quality < 0.20 :      1014 elements
Info    : 0.20 < quality < 0.30 :       889 elements
Info    : 0.30 < quality < 0.40 :      1151 elements
Info    : 0.40 < quality < 0.50 :      1017 elements
Info    : 0.50 < quality < 0.60 :      1191 elements
Info    : 0.60 < quality < 0.70 :       903 elements
Info    : 0.70 < quality < 0.80 :       790 elements
Info    : 0.80 < quality < 0.90 :       601 elements
Info    : 0.90 < quality < 1.00 :       176 elements
Info    : 439 edge swaps, 36 node relocations (volume = 876791): worst = 0.007461 / average = 0.484788 (Wall 0.0219564s, CPU 0.021954s)
Info    : 480 edge swaps, 49 node relocations (volume = 876791): worst = 0.0240004 / average = 0.485388 (Wall 0.0439338s, CPU 0.043929s)
Info    : 494 edge swaps, 58 node relocations (volume = 876791): worst = 0.0240004 / average = 0.485774 (Wall 0.0637891s, CPU 0.063782s)
Info    : No ill-shaped tets in the mesh :-)
Info    : 0.00 < quality < 0.10 :        88 elements
Info    : 0.10 < quality < 0.20 :       928 elements
Info    : 0.20 < quality < 0.30 :       751 elements
Info    : 0.30 < quality < 0.40 :      1174 elements
Info    : 0.40 < quality < 0.50 :      1011 elements
Info    : 0.50 < quality < 0.60 :      1178 elements
Info    : 0.60 < quality < 0.70 :       902 elements
Info    : 0.70 < quality < 0.80 :       788 elements
Info    : 0.80 < quality < 0.90 :       598 elements
Info    : 0.90 < quality < 1.00 :       184 elements
Info    : Optimizing volume 30
Info    : Optimization starts (volume = 210136) with worst = 0.0375104 / average = 0.512525:
Info    : 0.00 < quality < 0.10 :        12 elements
Info    : 0.10 < quality < 0.20 :        98 elements
Info    : 0.20 < quality < 0.30 :       207 elements
Info    : 0.30 < quality < 0.40 :       208 elements
Info    : 0.40 < quality < 0.50 :       297 elements
Info    : 0.50 < quality < 0.60 :       317 elements
Info    : 0.60 < quality < 0.70 :       403 elements
Info    : 0.70 < quality < 0.80 :       240 elements
Info    : 0.80 < quality < 0.90 :        59 elements
Info    : 0.90 < quality < 1.00 :         6 elements
Info    : 89 edge swaps, 0 node relocations (volume = 210136): worst = 0.0669898 / average = 0.523358 (Wall 0.00191578s, CPU 0.001916s)
Info    : 98 edge swaps, 0 node relocations (volume = 210136): worst = 0.0669898 / average = 0.523001 (Wall 0.00345127s, CPU 0.00345s)
Info    : No ill-shaped tets in the mesh :-)
Info    : 0.00 < quality < 0.10 :         5 elements
Info    : 0.10 < quality < 0.20 :        70 elements
Info    : 0.20 < quality < 0.30 :       159 elements
Info    : 0.30 < quality < 0.40 :       229 elements
Info    : 0.40 < quality < 0.50 :       289 elements
Info    : 0.50 < quality < 0.60 :       314 elements
Info    : 0.60 < quality < 0.70 :       389 elements
Info    : 0.70 < quality < 0.80 :       244 elements
Info    : 0.80 < quality < 0.90 :        59 elements
Info    : 0.90 < quality < 1.00 :         6 elements
Info    : Optimizing volume 31
Info    : Optimization starts (volume = 1.00865e+07) with worst = 0.0245881 / average = 0.61119:
Info    : 0.00 < quality < 0.10 :         5 elements
Info    : 0.10 < quality < 0.20 :        13 elements
Info    : 0.20 < quality < 0.30 :         9 elements
Info    : 0.30 < quality < 0.40 :        65 elements
Info    : 0.40 < quality < 0.50 :       205 elements
Info    : 0.50 < quality < 0.60 :       252 elements
Info    : 0.60 < quality < 0.70 :       235 elements
Info    : 0.70 < quality < 0.80 :       186 elements
Info    : 0.80 < quality < 0.90 :       116 elements
Info    : 0.90 < quality < 1.00 :        43 elements
Info    : 24 edge swaps, 0 node relocations (volume = 1.00865e+07): worst = 0.273693 / average = 0.620406 (Wall 0.000414116s, CPU 0.000415s)
Info    : No ill-shaped tets in the mesh :-)
Info    : 0.00 < quality < 0.10 :         0 elements
Info    : 0.10 < quality < 0.20 :         0 elements
Info    : 0.20 < quality < 0.30 :         1 elements
Info    : 0.30 < quality < 0.40 :        68 elements
Info    : 0.40 < quality < 0.50 :       202 elements
Info    : 0.50 < quality < 0.60 :       254 elements
Info    : 0.60 < quality < 0.70 :       241 elements
Info    : 0.70 < quality < 0.80 :       188 elements
Info    : 0.80 < quality < 0.90 :       114 elements
Info    : 0.90 < quality < 1.00 :        42 elements
Info    : Optimizing volume 32
Info    : Optimization starts (volume = 3.42688e+07) with worst = 0.000305043 / average = 0.536907:
Info    : 0.00 < quality < 0.10 :        70 elements
Info    : 0.10 < quality < 0.20 :        52 elements
Info    : 0.20 < quality < 0.30 :        24 elements
Info    : 0.30 < quality < 0.40 :        68 elements
Info    : 0.40 < quality < 0.50 :       105 elements
Info    : 0.50 < quality < 0.60 :       134 elements
Info    : 0.60 < quality < 0.70 :       228 elements
Info    : 0.70 < quality < 0.80 :       162 elements
Info    : 0.80 < quality < 0.90 :        63 elements
Info    : 0.90 < quality < 1.00 :         4 elements
Info    : 25 edge swaps, 0 node relocations (volume = 3.42688e+07): worst = 0.000612731 / average = 0.545833 (Wall 0.00149628s, CPU 0.001494s)
Info    : 38 edge swaps, 0 node relocations (volume = 3.42688e+07): worst = 0.000612731 / average = 0.541595 (Wall 0.00284373s, CPU 0.002843s)
Warning : 24 ill-shaped tets are still in the mesh
Info    : 0.00 < quality < 0.10 :        58 elements
Info    : 0.10 < quality < 0.20 :        32 elements
Info    : 0.20 < quality < 0.30 :        14 elements
Info    : 0.30 < quality < 0.40 :        63 elements
Info    : 0.40 < quality < 0.50 :       102 elements
Info    : 0.50 < quality < 0.60 :       139 elements
Info    : 0.60 < quality < 0.70 :       223 elements
Info    : 0.70 < quality < 0.80 :       160 elements
Info    : 0.80 < quality < 0.90 :        66 elements
Info    : 0.90 < quality < 1.00 :         4 elements
Info    : Done optimizing mesh (Wall 0.129391s, CPU 0.129373s)
Info    : 2876 nodes 23129 elements
Warning : ------------------------------
Warning : Mesh generation error summary
Warning :     2 warnings
Warning :     0 errors
Warning : Check the full log for details
Warning : ------------------------------
Info    : Writing '/foss/designs/inductor_synth/palace_model/inductor3_N2_do58.36_w2.01_s2.01_data/inductor3_N2_do58.36_w2.01_s2.01.msh'...
Info    : Done writing '/foss/designs/inductor_synth/palace_model/inductor3_N2_do58.36_w2.01_s2.01_data/inductor3_N2_do58.36_w2.01_s2.01.msh'
Info    : Clearing all models and views...
Info    : Done clearing all models and views
Info    : Meshing 1D...
Info    : [  0%] Meshing curve 64 (Line)
Info    : [ 10%] Meshing curve 65 (Line)
Info    : [ 10%] Meshing curve 67 (Line)
Info    : [ 10%] Meshing curve 69 (Line)
Info    : [ 10%] Meshing curve 70 (Line)
Info    : [ 10%] Meshing curve 71 (Line)
Info    : [ 10%] Meshing curve 72 (Line)
Info    : [ 10%] Meshing curve 76 (Line)
Info    : [ 10%] Meshing curve 77 (Line)
Info    : [ 10%] Meshing curve 79 (Line)
Info    : [ 10%] Meshing curve 81 (Line)
Info    : [ 10%] Meshing curve 82 (Line)
Info    : [ 10%] Meshing curve 83 (Line)
Info    : [ 10%] Meshing curve 84 (Line)
Info    : [ 10%] Meshing curve 85 (Line)
Info    : [ 10%] Meshing curve 86 (Line)
Info    : [ 10%] Meshing curve 87 (Line)
Info    : [ 10%] Meshing curve 88 (Line)
Info    : [ 10%] Meshing curve 89 (Line)
Info    : [ 10%] Meshing curve 90 (Line)
Info    : [ 10%] Meshing curve 91 (Line)
Info    : [ 10%] Meshing curve 92 (Line)
Info    : [ 10%] Meshing curve 93 (Line)
Info    : [ 10%] Meshing curve 94 (Line)
Info    : [ 10%] Meshing curve 95 (Line)
Info    : [ 10%] Meshing curve 96 (Line)
Info    : [ 10%] Meshing curve 97 (Line)
Info    : [ 10%] Meshing curve 98 (Line)
Info    : [ 10%] Meshing curve 99 (Line)
Info    : [ 10%] Meshing curve 100 (Line)
Info    : [ 10%] Meshing curve 101 (Line)
Info    : [ 10%] Meshing curve 102 (Line)
Info    : [ 10%] Meshing curve 103 (Line)
Info    : [ 10%] Meshing curve 104 (Line)
Info    : [ 20%] Meshing curve 105 (Line)
Info    : [ 20%] Meshing curve 106 (Line)
Info    : [ 20%] Meshing curve 107 (Line)
Info    : [ 20%] Meshing curve 108 (Line)
Info    : [ 20%] Meshing curve 109 (Line)
Info    : [ 20%] Meshing curve 110 (Line)
Info    : [ 20%] Meshing curve 111 (Line)
Info    : [ 20%] Meshing curve 112 (Line)
Info    : [ 20%] Meshing curve 113 (Line)
Info    : [ 20%] Meshing curve 114 (Line)
Info    : [ 20%] Meshing curve 115 (Line)
Info    : [ 20%] Meshing curve 116 (Line)
Info    : [ 20%] Meshing curve 117 (Line)
Info    : [ 20%] Meshing curve 118 (Line)
Info    : [ 20%] Meshing curve 119 (Line)
Info    : [ 20%] Meshing curve 120 (Line)
Info    : [ 20%] Meshing curve 121 (Line)
Info    : [ 20%] Meshing curve 122 (Line)
Info    : [ 20%] Meshing curve 123 (Line)
Info    : [ 20%] Meshing curve 124 (Line)
Info    : [ 20%] Meshing curve 125 (Line)
Info    : [ 20%] Meshing curve 126 (Line)
Info    : [ 20%] Meshing curve 127 (Line)
Info    : [ 20%] Meshing curve 128 (Line)
Info    : [ 20%] Meshing curve 129 (Line)
Info    : [ 20%] Meshing curve 130 (Line)
Info    : [ 20%] Meshing curve 131 (Line)
Info    : [ 20%] Meshing curve 132 (Line)
Info    : [ 20%] Meshing curve 133 (Line)
Info    : [ 20%] Meshing curve 134 (Line)
Info    : [ 20%] Meshing curve 135 (Line)
Info    : [ 20%] Meshing curve 136 (Line)
Info    : [ 20%] Meshing curve 137 (Line)
Info    : [ 20%] Meshing curve 138 (Line)
Info    : [ 30%] Meshing curve 139 (Line)
Info    : [ 30%] Meshing curve 140 (Line)
Info    : [ 30%] Meshing curve 141 (Line)
Info    : [ 30%] Meshing curve 142 (Line)
Info    : [ 30%] Meshing curve 143 (Line)
Info    : [ 30%] Meshing curve 144 (Line)
Info    : [ 30%] Meshing curve 145 (Line)
Info    : [ 30%] Meshing curve 146 (Line)
Info    : [ 30%] Meshing curve 147 (Line)
Info    : [ 30%] Meshing curve 148 (Line)
Info    : [ 30%] Meshing curve 149 (Line)
Info    : [ 30%] Meshing curve 150 (Line)
Info    : [ 30%] Meshing curve 151 (Line)
Info    : [ 30%] Meshing curve 152 (Line)
Info    : [ 30%] Meshing curve 153 (Line)
Info    : [ 30%] Meshing curve 154 (Line)
Info    : [ 30%] Meshing curve 155 (Line)
Info    : [ 30%] Meshing curve 156 (Line)
Info    : [ 30%] Meshing curve 397 (Line)
Info    : [ 30%] Meshing curve 398 (Line)
Info    : [ 30%] Meshing curve 399 (Line)
Info    : [ 30%] Meshing curve 400 (Line)
Info    : [ 30%] Meshing curve 401 (Line)
Info    : [ 30%] Meshing curve 402 (Line)
Info    : [ 30%] Meshing curve 403 (Line)
Info    : [ 30%] Meshing curve 404 (Line)
Info    : [ 30%] Meshing curve 405 (Line)
Info    : [ 30%] Meshing curve 406 (Line)
Info    : [ 30%] Meshing curve 407 (Line)
Info    : [ 30%] Meshing curve 408 (Line)
Info    : [ 30%] Meshing curve 409 (TrimmedCurve)
Info    : [ 30%] Meshing curve 410 (Line)
Info    : [ 30%] Meshing curve 411 (TrimmedCurve)
Info    : [ 30%] Meshing curve 412 (Line)
Info    : [ 40%] Meshing curve 413 (Line)
Info    : [ 40%] Meshing curve 414 (Line)
Info    : [ 40%] Meshing curve 415 (Line)
Info    : [ 40%] Meshing curve 416 (Line)
Info    : [ 40%] Meshing curve 417 (Line)
Info    : [ 40%] Meshing curve 418 (Line)
Info    : [ 40%] Meshing curve 419 (Line)
Info    : [ 40%] Meshing curve 420 (TrimmedCurve)
Info    : [ 40%] Meshing curve 421 (Line)
Info    : [ 40%] Meshing curve 422 (TrimmedCurve)
Info    : [ 40%] Meshing curve 423 (Line)
Info    : [ 40%] Meshing curve 424 (Line)
Info    : [ 40%] Meshing curve 425 (Line)
Info    : [ 40%] Meshing curve 426 (Line)
Info    : [ 40%] Meshing curve 427 (Line)
Info    : [ 40%] Meshing curve 428 (Line)
Info    : [ 40%] Meshing curve 429 (Line)
Info    : [ 40%] Meshing curve 430 (Line)
Info    : [ 40%] Meshing curve 431 (Line)
Info    : [ 40%] Meshing curve 432 (Line)
Info    : [ 40%] Meshing curve 433 (TrimmedCurve)
Info    : [ 40%] Meshing curve 434 (Line)
Info    : [ 40%] Meshing curve 435 (TrimmedCurve)
Info    : [ 40%] Meshing curve 436 (Line)
Info    : [ 40%] Meshing curve 437 (Line)
Info    : [ 40%] Meshing curve 438 (Line)
Info    : [ 40%] Meshing curve 439 (Line)
Info    : [ 40%] Meshing curve 440 (TrimmedCurve)
Info    : [ 40%] Meshing curve 441 (Line)
Info    : [ 40%] Meshing curve 442 (TrimmedCurve)
Info    : [ 40%] Meshing curve 443 (Line)
Info    : [ 40%] Meshing curve 444 (TrimmedCurve)
Info    : [ 40%] Meshing curve 445 (Line)
Info    : [ 40%] Meshing curve 446 (TrimmedCurve)
Info    : [ 50%] Meshing curve 447 (Line)
Info    : [ 50%] Meshing curve 448 (TrimmedCurve)
Info    : [ 50%] Meshing curve 449 (Line)
Info    : [ 50%] Meshing curve 450 (Line)
Info    : [ 50%] Meshing curve 451 (Line)
Info    : [ 50%] Meshing curve 452 (Line)
Info    : [ 50%] Meshing curve 453 (Line)
Info    : [ 50%] Meshing curve 454 (TrimmedCurve)
Info    : [ 50%] Meshing curve 455 (Line)
Info    : [ 50%] Meshing curve 456 (TrimmedCurve)
Info    : [ 50%] Meshing curve 457 (Line)
Info    : [ 50%] Meshing curve 458 (TrimmedCurve)
Info    : [ 50%] Meshing curve 459 (Line)
Info    : [ 50%] Meshing curve 460 (TrimmedCurve)
Info    : [ 50%] Meshing curve 461 (Line)
Info    : [ 50%] Meshing curve 462 (TrimmedCurve)
Info    : [ 50%] Meshing curve 463 (Line)
Info    : [ 50%] Meshing curve 464 (TrimmedCurve)
Info    : [ 50%] Meshing curve 465 (Line)
Info    : [ 50%] Meshing curve 466 (Line)
Info    : [ 50%] Meshing curve 467 (Line)
Info    : [ 50%] Meshing curve 468 (Line)
Info    : [ 50%] Meshing curve 469 (Line)
Info    : [ 50%] Meshing curve 470 (TrimmedCurve)
Info    : [ 50%] Meshing curve 471 (Line)
Info    : [ 50%] Meshing curve 472 (Line)
Info    : [ 50%] Meshing curve 473 (Line)
Info    : [ 50%] Meshing curve 474 (Line)
Info    : [ 50%] Meshing curve 475 (TrimmedCurve)
Info    : [ 50%] Meshing curve 476 (Line)
Info    : [ 50%] Meshing curve 477 (TrimmedCurve)
Info    : [ 50%] Meshing curve 478 (Line)
Info    : [ 50%] Meshing curve 479 (TrimmedCurve)
Info    : [ 50%] Meshing curve 480 (Line)
Info    : [ 60%] Meshing curve 481 (TrimmedCurve)
Info    : [ 60%] Meshing curve 482 (Line)
Info    : [ 60%] Meshing curve 483 (TrimmedCurve)
Info    : [ 60%] Meshing curve 484 (Line)
Info    : [ 60%] Meshing curve 485 (Line)
Info    : [ 60%] Meshing curve 486 (Line)
Info    : [ 60%] Meshing curve 487 (Line)
Info    : [ 60%] Meshing curve 488 (Line)
Info    : [ 60%] Meshing curve 489 (TrimmedCurve)
Info    : [ 60%] Meshing curve 490 (Line)
Info    : [ 60%] Meshing curve 491 (TrimmedCurve)
Info    : [ 60%] Meshing curve 492 (Line)
Info    : [ 60%] Meshing curve 493 (TrimmedCurve)
Info    : [ 60%] Meshing curve 494 (Line)
Info    : [ 60%] Meshing curve 495 (TrimmedCurve)
Info    : [ 60%] Meshing curve 496 (Line)
Info    : [ 60%] Meshing curve 497 (TrimmedCurve)
Info    : [ 60%] Meshing curve 498 (Line)
Info    : [ 60%] Meshing curve 499 (TrimmedCurve)
Info    : [ 60%] Meshing curve 500 (Line)
Info    : [ 60%] Meshing curve 501 (Line)
Info    : [ 60%] Meshing curve 502 (Line)
Info    : [ 60%] Meshing curve 503 (Line)
Info    : [ 60%] Meshing curve 504 (Line)
Info    : [ 60%] Meshing curve 505 (TrimmedCurve)
Info    : [ 60%] Meshing curve 506 (Line)
Info    : [ 60%] Meshing curve 507 (Line)
Info    : [ 60%] Meshing curve 508 (Line)
Info    : [ 60%] Meshing curve 509 (Line)
Info    : [ 60%] Meshing curve 510 (Line)
Info    : [ 60%] Meshing curve 511 (Line)
Info    : [ 60%] Meshing curve 512 (Line)
Info    : [ 60%] Meshing curve 513 (Line)
Info    : [ 70%] Meshing curve 514 (Line)
Info    : [ 70%] Meshing curve 515 (Line)
Info    : [ 70%] Meshing curve 516 (Line)
Info    : [ 70%] Meshing curve 517 (Line)
Info    : [ 70%] Meshing curve 518 (Line)
Info    : [ 70%] Meshing curve 519 (Line)
Info    : [ 70%] Meshing curve 520 (Line)
Info    : [ 70%] Meshing curve 521 (Line)
Info    : [ 70%] Meshing curve 522 (Line)
Info    : [ 70%] Meshing curve 523 (Line)
Info    : [ 70%] Meshing curve 524 (Line)
Info    : [ 70%] Meshing curve 525 (Line)
Info    : [ 70%] Meshing curve 526 (Line)
Info    : [ 70%] Meshing curve 527 (Line)
Info    : [ 70%] Meshing curve 528 (Line)
Info    : [ 70%] Meshing curve 529 (Line)
Info    : [ 70%] Meshing curve 530 (Line)
Info    : [ 70%] Meshing curve 531 (Line)
Info    : [ 70%] Meshing curve 532 (Line)
Info    : [ 70%] Meshing curve 533 (Line)
Info    : [ 70%] Meshing curve 534 (Line)
Info    : [ 70%] Meshing curve 535 (Line)
Info    : [ 70%] Meshing curve 536 (Line)
Info    : [ 70%] Meshing curve 537 (Line)
Info    : [ 70%] Meshing curve 538 (Line)
Info    : [ 70%] Meshing curve 539 (Line)
Info    : [ 70%] Meshing curve 540 (Line)
Info    : [ 70%] Meshing curve 541 (Line)
Info    : [ 70%] Meshing curve 542 (Line)
Info    : [ 70%] Meshing curve 543 (Line)
Info    : [ 70%] Meshing curve 544 (Line)
Info    : [ 70%] Meshing curve 545 (Line)
Info    : [ 70%] Meshing curve 546 (Line)
Info    : [ 70%] Meshing curve 547 (Line)
Info    : [ 80%] Meshing curve 548 (Line)
Info    : [ 80%] Meshing curve 549 (Line)
Info    : [ 80%] Meshing curve 550 (Line)
Info    : [ 80%] Meshing curve 551 (Line)
Info    : [ 80%] Meshing curve 552 (TrimmedCurve)
Info    : [ 80%] Meshing curve 553 (Line)
Info    : [ 80%] Meshing curve 554 (Line)
Info    : [ 80%] Meshing curve 555 (Line)
Info    : [ 80%] Meshing curve 556 (Line)
Info    : [ 80%] Meshing curve 557 (Line)
Info    : [ 80%] Meshing curve 558 (TrimmedCurve)
Info    : [ 80%] Meshing curve 559 (Line)
Info    : [ 80%] Meshing curve 560 (Line)
Info    : [ 80%] Meshing curve 561 (TrimmedCurve)
Info    : [ 80%] Meshing curve 562 (Line)
Info    : [ 80%] Meshing curve 563 (Line)
Info    : [ 80%] Meshing curve 564 (Line)
Info    : [ 80%] Meshing curve 565 (Line)
Info    : [ 80%] Meshing curve 566 (Line)
Info    : [ 80%] Meshing curve 567 (TrimmedCurve)
Info    : [ 80%] Meshing curve 568 (Line)
Info    : [ 80%] Meshing curve 569 (Line)
Info    : [ 80%] Meshing curve 570 (Line)
Info    : [ 80%] Meshing curve 571 (Line)
Info    : [ 80%] Meshing curve 572 (Line)
Info    : [ 80%] Meshing curve 573 (Line)
Info    : [ 80%] Meshing curve 574 (Line)
Info    : [ 80%] Meshing curve 575 (Line)
Info    : [ 80%] Meshing curve 576 (Line)
Info    : [ 80%] Meshing curve 577 (Line)
Info    : [ 80%] Meshing curve 578 (Line)
Info    : [ 80%] Meshing curve 579 (Line)
Info    : [ 80%] Meshing curve 580 (Line)
Info    : [ 80%] Meshing curve 581 (Line)
Info    : [ 90%] Meshing curve 582 (Line)
Info    : [ 90%] Meshing curve 583 (Line)
Info    : [ 90%] Meshing curve 584 (Line)
Info    : [ 90%] Meshing curve 585 (Line)
Info    : [ 90%] Meshing curve 586 (Line)
Info    : [ 90%] Meshing curve 587 (Line)
Info    : [ 90%] Meshing curve 588 (Line)
Info    : [ 90%] Meshing curve 589 (Line)
Info    : [ 90%] Meshing curve 590 (Line)
Info    : [ 90%] Meshing curve 591 (Line)
Info    : [ 90%] Meshing curve 592 (Line)
Info    : [ 90%] Meshing curve 593 (Line)
Info    : [ 90%] Meshing curve 594 (Line)
Info    : [ 90%] Meshing curve 595 (Line)
Info    : [ 90%] Meshing curve 596 (Line)
Info    : [ 90%] Meshing curve 597 (Line)
Info    : [ 90%] Meshing curve 598 (Line)
Info    : [ 90%] Meshing curve 599 (Line)
Info    : [ 90%] Meshing curve 600 (Line)
Info    : [ 90%] Meshing curve 601 (Line)
Info    : [ 90%] Meshing curve 602 (Line)
Info    : [ 90%] Meshing curve 603 (Line)
Info    : [ 90%] Meshing curve 604 (Line)
Info    : [ 90%] Meshing curve 605 (Line)
Info    : [ 90%] Meshing curve 606 (Line)
Info    : [ 90%] Meshing curve 607 (Line)
Info    : [ 90%] Meshing curve 608 (Line)
Info    : [ 90%] Meshing curve 609 (Line)
Info    : [ 90%] Meshing curve 610 (Line)
Info    : [ 90%] Meshing curve 611 (Line)
Info    : [ 90%] Meshing curve 612 (Line)
Info    : [ 90%] Meshing curve 613 (Line)
Info    : [ 90%] Meshing curve 614 (Line)
Info    : [ 90%] Meshing curve 615 (Line)
Info    : [100%] Meshing curve 616 (Line)
Info    : [100%] Meshing curve 617 (Line)
Info    : [100%] Meshing curve 618 (Line)
Info    : [100%] Meshing curve 619 (Line)
Info    : [100%] Meshing curve 620 (Line)
Info    : [100%] Meshing curve 621 (Line)
Info    : [100%] Meshing curve 622 (Line)
Info    : [100%] Meshing curve 623 (Line)
Info    : [100%] Meshing curve 624 (Line)
Info    : [100%] Meshing curve 625 (Line)
Info    : [100%] Meshing curve 626 (Line)
Info    : [100%] Meshing curve 627 (Line)
Info    : [100%] Meshing curve 628 (Line)
Info    : [100%] Meshing curve 629 (Line)
Info    : [100%] Meshing curve 630 (Line)
Info    : [100%] Meshing curve 631 (Line)
Info    : [100%] Meshing curve 632 (Line)
Info    : [100%] Meshing curve 633 (Line)
Info    : [100%] Meshing curve 634 (Line)
Info    : [100%] Meshing curve 635 (Line)
Info    : [100%] Meshing curve 636 (Line)
Info    : [100%] Meshing curve 637 (Line)
Info    : [100%] Meshing curve 638 (Line)
Info    : [100%] Meshing curve 639 (Line)
Info    : [100%] Meshing curve 640 (Line)
Info    : [100%] Meshing curve 641 (Line)
Info    : [100%] Meshing curve 642 (Line)
Info    : [100%] Meshing curve 643 (Line)
Info    : [100%] Meshing curve 644 (Line)
Info    : [100%] Meshing curve 645 (Line)
Info    : [100%] Meshing curve 646 (Line)
Info    : [100%] Meshing curve 647 (Line)
Info    : [100%] Meshing curve 648 (Line)
Info    : Done meshing 1D (Wall 1.27916s, CPU 1.26975s)
Info    : Meshing 2D...
Info    : [  0%] Meshing surface 35 (Plane, Delaunay)
Info    : [ 10%] Meshing surface 41 (Plane, Delaunay)
Info    : [ 10%] Meshing surface 43 (Plane, Delaunay)
Info    : [ 10%] Meshing surface 44 (Plane, Delaunay)
Info    : [ 10%] Meshing surface 45 (Plane, Delaunay)
Info    : [ 10%] Meshing surface 46 (Plane, Delaunay)
Info    : [ 10%] Meshing surface 47 (Plane, Delaunay)
Info    : [ 10%] Meshing surface 48 (Plane, Delaunay)
Info    : [ 10%] Meshing surface 49 (Plane, Delaunay)
Info    : [ 10%] Meshing surface 50 (Plane, Delaunay)
Info    : [ 10%] Meshing surface 51 (Plane, Delaunay)
Info    : [ 10%] Meshing surface 53 (Plane, Delaunay)
Info    : [ 10%] Meshing surface 54 (Plane, Delaunay)
Info    : [ 10%] Meshing surface 55 (Plane, Delaunay)
Info    : [ 10%] Meshing surface 56 (Plane, Delaunay)
Info    : [ 20%] Meshing surface 57 (Plane, Delaunay)
Info    : [ 20%] Meshing surface 58 (Plane, Delaunay)
Info    : [ 20%] Meshing surface 59 (Plane, Delaunay)
Info    : [ 20%] Meshing surface 60 (Plane, Delaunay)
Info    : [ 20%] Meshing surface 61 (Plane, Delaunay)
Info    : [ 20%] Meshing surface 62 (Plane, Delaunay)
Info    : [ 20%] Meshing surface 63 (Plane, Delaunay)
Info    : [ 20%] Meshing surface 64 (Plane, Delaunay)
Info    : [ 20%] Meshing surface 65 (Plane, Delaunay)
Info    : [ 20%] Meshing surface 66 (Plane, Delaunay)
Info    : [ 20%] Meshing surface 67 (Plane, Delaunay)
Info    : [ 20%] Meshing surface 68 (Plane, Delaunay)
Info    : [ 20%] Meshing surface 69 (Plane, Delaunay)
Info    : [ 20%] Meshing surface 70 (Plane, Delaunay)
Info    : [ 20%] Meshing surface 71 (Plane, Delaunay)
Info    : [ 30%] Meshing surface 72 (Plane, Delaunay)
Info    : [ 30%] Meshing surface 73 (Plane, Delaunay)
Info    : [ 30%] Meshing surface 74 (Plane, Delaunay)
Info    : [ 30%] Meshing surface 75 (Plane, Delaunay)
Info    : [ 30%] Meshing surface 76 (Plane, Delaunay)
Info    : [ 30%] Meshing surface 179 (Plane, Delaunay)
Info    : [ 30%] Meshing surface 180 (Plane, Delaunay)
Info    : [ 30%] Meshing surface 181 (Plane, Delaunay)
Info    : [ 30%] Meshing surface 183 (Plane, Delaunay)
Info    : [ 30%] Meshing surface 184 (Plane, Delaunay)
Info    : [ 30%] Meshing surface 185 (Plane, Delaunay)
Info    : [ 30%] Meshing surface 186 (Plane, Delaunay)
Info    : [ 30%] Meshing surface 187 (Plane, Delaunay)
Info    : [ 30%] Meshing surface 188 (Plane, Delaunay)
Info    : [ 40%] Meshing surface 189 (Plane, Delaunay)
Info    : [ 40%] Meshing surface 190 (Plane, Delaunay)
Info    : [ 40%] Meshing surface 191 (Plane, Delaunay)
Info    : [ 40%] Meshing surface 192 (Plane, Delaunay)
Info    : [ 40%] Meshing surface 193 (Plane, Delaunay)
Info    : [ 40%] Meshing surface 195 (Plane, Delaunay)
Info    : [ 40%] Meshing surface 196 (Plane, Delaunay)
Info    : [ 40%] Meshing surface 197 (Plane, Delaunay)
Info    : [ 40%] Meshing surface 198 (Plane, Delaunay)
Info    : [ 40%] Meshing surface 199 (Plane, Delaunay)
Info    : [ 40%] Meshing surface 200 (Plane, Delaunay)
Info    : [ 40%] Meshing surface 201 (Plane, Delaunay)
Info    : [ 40%] Meshing surface 202 (Plane, Delaunay)
Info    : [ 40%] Meshing surface 203 (Plane, Delaunay)
Info    : [ 40%] Meshing surface 204 (Plane, Delaunay)
Info    : [ 50%] Meshing surface 205 (Plane, Delaunay)
Info    : [ 50%] Meshing surface 206 (Plane, Delaunay)
Info    : [ 50%] Meshing surface 207 (Plane, Delaunay)
Info    : [ 50%] Meshing surface 208 (Plane, Delaunay)
Info    : [ 50%] Meshing surface 209 (Plane, Delaunay)
Info    : [ 50%] Meshing surface 210 (Plane, Delaunay)
Info    : [ 50%] Meshing surface 211 (Plane, Delaunay)
Info    : [ 50%] Meshing surface 212 (Plane, Delaunay)
Info    : [ 50%] Meshing surface 213 (Plane, Delaunay)
Info    : [ 50%] Meshing surface 214 (Plane, Delaunay)
Info    : [ 50%] Meshing surface 215 (Plane, Delaunay)
Info    : [ 50%] Meshing surface 216 (Plane, Delaunay)
Info    : [ 50%] Meshing surface 217 (Plane, Delaunay)
Info    : [ 50%] Meshing surface 218 (Plane, Delaunay)
Info    : [ 50%] Meshing surface 219 (Plane, Delaunay)
Info    : [ 60%] Meshing surface 220 (Plane, Delaunay)
Info    : [ 60%] Meshing surface 221 (Plane, Delaunay)
Info    : [ 60%] Meshing surface 222 (Plane, Delaunay)
Info    : [ 60%] Meshing surface 223 (Plane, Delaunay)
Info    : [ 60%] Meshing surface 224 (Plane, Delaunay)
Info    : [ 60%] Meshing surface 225 (Plane, Delaunay)
Info    : [ 60%] Meshing surface 226 (Plane, Delaunay)
Info    : [ 60%] Meshing surface 227 (Plane, Delaunay)
Info    : [ 60%] Meshing surface 228 (Plane, Delaunay)
Info    : [ 60%] Meshing surface 229 (Plane, Delaunay)
Info    : [ 60%] Meshing surface 230 (Plane, Delaunay)
Info    : [ 60%] Meshing surface 231 (Plane, Delaunay)
Info    : [ 60%] Meshing surface 232 (Plane, Delaunay)
Info    : [ 60%] Meshing surface 233 (Plane, Delaunay)
Info    : [ 70%] Meshing surface 235 (Plane, Delaunay)
Info    : [ 70%] Meshing surface 236 (Plane, Delaunay)
Info    : [ 70%] Meshing surface 237 (Plane, Delaunay)
Info    : [ 70%] Meshing surface 238 (Plane, Delaunay)
Info    : [ 70%] Meshing surface 239 (Plane, Delaunay)
Info    : [ 70%] Meshing surface 240 (Plane, Delaunay)
Info    : [ 70%] Meshing surface 241 (Plane, Delaunay)
Info    : [ 70%] Meshing surface 242 (Plane, Delaunay)
Info    : [ 70%] Meshing surface 243 (Plane, Delaunay)
Info    : [ 70%] Meshing surface 244 (Plane, Delaunay)
Info    : [ 70%] Meshing surface 245 (Plane, Delaunay)
Info    : [ 70%] Meshing surface 246 (Plane, Delaunay)
Info    : [ 70%] Meshing surface 247 (Plane, Delaunay)
Info    : [ 70%] Meshing surface 248 (Plane, Delaunay)
Info    : [ 70%] Meshing surface 249 (Plane, Delaunay)
Info    : [ 80%] Meshing surface 250 (Plane, Delaunay)
Info    : [ 80%] Meshing surface 251 (Plane, Delaunay)
Info    : [ 80%] Meshing surface 252 (Plane, Delaunay)
Info    : [ 80%] Meshing surface 253 (Plane, Delaunay)
Info    : [ 80%] Meshing surface 254 (Plane, Delaunay)
Info    : [ 80%] Meshing surface 255 (Plane, Delaunay)
Info    : [ 80%] Meshing surface 256 (Plane, Delaunay)
Info    : [ 80%] Meshing surface 257 (Plane, Delaunay)
Info    : [ 80%] Meshing surface 258 (Plane, Delaunay)
Info    : [ 80%] Meshing surface 259 (Plane, Delaunay)
Info    : [ 80%] Meshing surface 260 (Plane, Delaunay)
Info    : [ 80%] Meshing surface 261 (Plane, Delaunay)
Info    : [ 80%] Meshing surface 262 (Plane, Delaunay)
Info    : [ 80%] Meshing surface 263 (Plane, Delaunay)
Info    : [ 90%] Meshing surface 264 (Plane, Delaunay)
Info    : [ 90%] Meshing surface 265 (Plane, Delaunay)
Info    : [ 90%] Meshing surface 266 (Plane, Delaunay)
Info    : [ 90%] Meshing surface 267 (Plane, Delaunay)
Info    : [ 90%] Meshing surface 268 (Plane, Delaunay)
Info    : [ 90%] Meshing surface 269 (Plane, Delaunay)
Info    : [ 90%] Meshing surface 270 (Plane, Delaunay)
Info    : [ 90%] Meshing surface 271 (Plane, Delaunay)
Info    : [ 90%] Meshing surface 272 (Plane, Delaunay)
Info    : [ 90%] Meshing surface 273 (Plane, Delaunay)
Info    : [ 90%] Meshing surface 274 (Plane, Delaunay)
Info    : [ 90%] Meshing surface 275 (Plane, Delaunay)
Info    : [ 90%] Meshing surface 276 (Plane, Delaunay)
Info    : [ 90%] Meshing surface 277 (Plane, Delaunay)
Info    : [ 90%] Meshing surface 278 (Plane, Delaunay)
Info    : [100%] Meshing surface 279 (Plane, Delaunay)
Info    : [100%] Meshing surface 280 (Plane, Delaunay)
Info    : [100%] Meshing surface 281 (Plane, Delaunay)
Info    : [100%] Meshing surface 282 (Plane, Delaunay)
Info    : [100%] Meshing surface 283 (Plane, Delaunay)
Info    : [100%] Meshing surface 284 (Plane, Delaunay)
Info    : [100%] Meshing surface 285 (Plane, Delaunay)
Info    : [100%] Meshing surface 286 (Plane, Delaunay)
Info    : [100%] Meshing surface 287 (Plane, Delaunay)
Info    : [100%] Meshing surface 288 (Plane, Delaunay)
Info    : [100%] Meshing surface 289 (Plane, Delaunay)
Info    : [100%] Meshing surface 290 (Plane, Delaunay)
Info    : [100%] Meshing surface 291 (Plane, Delaunay)
Info    : [100%] Meshing surface 292 (Plane, Delaunay)
Info    : Done meshing 2D (Wall 0.353993s, CPU 0.353794s)
Info    : Meshing 3D...
Info    : 3D Meshing 16 volumes with 1 connected component
Info    : Tetrahedrizing 2906 nodes...
Info    : Done tetrahedrizing 2914 nodes (Wall 0.0307108s, CPU 0.026822s)
Info    : Reconstructing mesh...
Info    :  - Creating surface mesh
Info    :  - Identifying boundary edges
Info    :  - Recovering boundary
Info    :  - Added 15 Steiner points
Info    : Done reconstructing mesh (Wall 0.105556s, CPU 0.093455s)
Info    : Found volume 28
Info    : Found volume 29
Info    : Found volume 24
Info    : Found volume 27
Info    : Found volume 11
Info    : Found volume 31
Info    : Found volume 30
Info    : Found volume 6
Info    : Found volume 7
Info    : Found volume 32
Info    : Found volume 8
Info    : Found volume 26
Info    : Found volume 25
Info    : Found volume 12
Info    : Found volume 9
Info    : Found volume 10
Info    : It. 0 - 0 nodes created - worst tet radius 14.4509 (nodes removed 0 0)
Info    : It. 500 - 5 nodes created - worst tet radius 2.62054 (nodes removed 0 495)
Info    : It. 1000 - 62 nodes created - worst tet radius 1.43911 (nodes removed 0 938)
Info    : It. 1500 - 163 nodes created - worst tet radius 1.09488 (nodes removed 0 1337)
Info    : 3D refinement terminated (3174 nodes total):
Info    :  - 1 Delaunay cavities modified for star shapeness
Info    :  - 1503 nodes could not be inserted
Info    :  - 18808 tetrahedra created in 0.0571431 sec. (329138 tets/s)
Info    : 446 node relocations
Info    : Done meshing 3D (Wall 0.325579s, CPU 0.313244s)
Info    : Optimizing mesh...
Info    : Optimizing volume 6
Info    : Optimization starts (volume = 234) with worst = 0.209192 / average = 0.599913:
Info    : 0.00 < quality < 0.10 :         0 elements
Info    : 0.10 < quality < 0.20 :         0 elements
Info    : 0.20 < quality < 0.30 :        35 elements
Info    : 0.30 < quality < 0.40 :         7 elements
Info    : 0.40 < quality < 0.50 :         3 elements
Info    : 0.50 < quality < 0.60 :         6 elements
Info    : 0.60 < quality < 0.70 :        60 elements
Info    : 0.70 < quality < 0.80 :        46 elements
Info    : 0.80 < quality < 0.90 :        10 elements
Info    : 0.90 < quality < 1.00 :         1 elements
Info    : No ill-shaped tets in the mesh :-)
Info    : 0.00 < quality < 0.10 :         0 elements
Info    : 0.10 < quality < 0.20 :         0 elements
Info    : 0.20 < quality < 0.30 :        35 elements
Info    : 0.30 < quality < 0.40 :         7 elements
Info    : 0.40 < quality < 0.50 :         3 elements
Info    : 0.50 < quality < 0.60 :         6 elements
Info    : 0.60 < quality < 0.70 :        60 elements
Info    : 0.70 < quality < 0.80 :        46 elements
Info    : 0.80 < quality < 0.90 :        10 elements
Info    : 0.90 < quality < 1.00 :         1 elements
Info    : Optimizing volume 7
Info    : Optimization starts (volume = 234) with worst = 0.209192 / average = 0.60001:
Info    : 0.00 < quality < 0.10 :         0 elements
Info    : 0.10 < quality < 0.20 :         0 elements
Info    : 0.20 < quality < 0.30 :        35 elements
Info    : 0.30 < quality < 0.40 :         7 elements
Info    : 0.40 < quality < 0.50 :         3 elements
Info    : 0.50 < quality < 0.60 :         6 elements
Info    : 0.60 < quality < 0.70 :        60 elements
Info    : 0.70 < quality < 0.80 :        46 elements
Info    : 0.80 < quality < 0.90 :        10 elements
Info    : 0.90 < quality < 1.00 :         1 elements
Info    : No ill-shaped tets in the mesh :-)
Info    : 0.00 < quality < 0.10 :         0 elements
Info    : 0.10 < quality < 0.20 :         0 elements
Info    : 0.20 < quality < 0.30 :        35 elements
Info    : 0.30 < quality < 0.40 :         7 elements
Info    : 0.40 < quality < 0.50 :         3 elements
Info    : 0.50 < quality < 0.60 :         6 elements
Info    : 0.60 < quality < 0.70 :        60 elements
Info    : 0.70 < quality < 0.80 :        46 elements
Info    : 0.80 < quality < 0.90 :        10 elements
Info    : 0.90 < quality < 1.00 :         1 elements
Info    : Optimizing volume 8
Info    : Optimization starts (volume = 109.224) with worst = 0.219132 / average = 0.608138:
Info    : 0.00 < quality < 0.10 :         0 elements
Info    : 0.10 < quality < 0.20 :         0 elements
Info    : 0.20 < quality < 0.30 :         6 elements
Info    : 0.30 < quality < 0.40 :        10 elements
Info    : 0.40 < quality < 0.50 :        24 elements
Info    : 0.50 < quality < 0.60 :        14 elements
Info    : 0.60 < quality < 0.70 :        18 elements
Info    : 0.70 < quality < 0.80 :        18 elements
Info    : 0.80 < quality < 0.90 :        20 elements
Info    : 0.90 < quality < 1.00 :         4 elements
Info    : No ill-shaped tets in the mesh :-)
Info    : 0.00 < quality < 0.10 :         0 elements
Info    : 0.10 < quality < 0.20 :         0 elements
Info    : 0.20 < quality < 0.30 :         6 elements
Info    : 0.30 < quality < 0.40 :        10 elements
Info    : 0.40 < quality < 0.50 :        24 elements
Info    : 0.50 < quality < 0.60 :        14 elements
Info    : 0.60 < quality < 0.70 :        18 elements
Info    : 0.70 < quality < 0.80 :        18 elements
Info    : 0.80 < quality < 0.90 :        20 elements
Info    : 0.90 < quality < 1.00 :         4 elements
Info    : Optimizing volume 9
Info    : Optimization starts (volume = 2.268) with worst = 0.266475 / average = 0.325093:
Info    : 0.00 < quality < 0.10 :         0 elements
Info    : 0.10 < quality < 0.20 :         0 elements
Info    : 0.20 < quality < 0.30 :         4 elements
Info    : 0.30 < quality < 0.40 :         8 elements
Info    : 0.40 < quality < 0.50 :         0 elements
Info    : 0.50 < quality < 0.60 :         0 elements
Info    : 0.60 < quality < 0.70 :         0 elements
Info    : 0.70 < quality < 0.80 :         0 elements
Info    : 0.80 < quality < 0.90 :         0 elements
Info    : 0.90 < quality < 1.00 :         0 elements
Info    : No ill-shaped tets in the mesh :-)
Info    : 0.00 < quality < 0.10 :         0 elements
Info    : 0.10 < quality < 0.20 :         0 elements
Info    : 0.20 < quality < 0.30 :         4 elements
Info    : 0.30 < quality < 0.40 :         8 elements
Info    : 0.40 < quality < 0.50 :         0 elements
Info    : 0.50 < quality < 0.60 :         0 elements
Info    : 0.60 < quality < 0.70 :         0 elements
Info    : 0.70 < quality < 0.80 :         0 elements
Info    : 0.80 < quality < 0.90 :         0 elements
Info    : 0.90 < quality < 1.00 :         0 elements
Info    : Optimizing volume 10
Info    : Optimization starts (volume = 2.268) with worst = 0.266475 / average = 0.325093:
Info    : 0.00 < quality < 0.10 :         0 elements
Info    : 0.10 < quality < 0.20 :         0 elements
Info    : 0.20 < quality < 0.30 :         4 elements
Info    : 0.30 < quality < 0.40 :         8 elements
Info    : 0.40 < quality < 0.50 :         0 elements
Info    : 0.50 < quality < 0.60 :         0 elements
Info    : 0.60 < quality < 0.70 :         0 elements
Info    : 0.70 < quality < 0.80 :         0 elements
Info    : 0.80 < quality < 0.90 :         0 elements
Info    : 0.90 < quality < 1.00 :         0 elements
Info    : No ill-shaped tets in the mesh :-)
Info    : 0.00 < quality < 0.10 :         0 elements
Info    : 0.10 < quality < 0.20 :         0 elements
Info    : 0.20 < quality < 0.30 :         4 elements
Info    : 0.30 < quality < 0.40 :         8 elements
Info    : 0.40 < quality < 0.50 :         0 elements
Info    : 0.50 < quality < 0.60 :         0 elements
Info    : 0.60 < quality < 0.70 :         0 elements
Info    : 0.70 < quality < 0.80 :         0 elements
Info    : 0.80 < quality < 0.90 :         0 elements
Info    : 0.90 < quality < 1.00 :         0 elements
Info    : Optimizing volume 11
Info    : Optimization starts (volume = 2.268) with worst = 0.0280207 / average = 0.26468:
Info    : 0.00 < quality < 0.10 :         6 elements
Info    : 0.10 < quality < 0.20 :         0 elements
Info    : 0.20 < quality < 0.30 :         2 elements
Info    : 0.30 < quality < 0.40 :         7 elements
Info    : 0.40 < quality < 0.50 :         0 elements
Info    : 0.50 < quality < 0.60 :         0 elements
Info    : 0.60 < quality < 0.70 :         2 elements
Info    : 0.70 < quality < 0.80 :         0 elements
Info    : 0.80 < quality < 0.90 :         0 elements
Info    : 0.90 < quality < 1.00 :         0 elements
Info    : 2 edge swaps, 2 node relocations (volume = 2.268): worst = 0.0473347 / average = 0.279504 (Wall 7.0826e-05s, CPU 7.1e-05s)
Info    : 3 edge swaps, 2 node relocations (volume = 2.268): worst = 0.0473347 / average = 0.315614 (Wall 0.000131799s, CPU 0.000132s)
Info    : No ill-shaped tets in the mesh :-)
Info    : 0.00 < quality < 0.10 :         3 elements
Info    : 0.10 < quality < 0.20 :         2 elements
Info    : 0.20 < quality < 0.30 :         2 elements
Info    : 0.30 < quality < 0.40 :         4 elements
Info    : 0.40 < quality < 0.50 :         0 elements
Info    : 0.50 < quality < 0.60 :         1 elements
Info    : 0.60 < quality < 0.70 :         2 elements
Info    : 0.70 < quality < 0.80 :         0 elements
Info    : 0.80 < quality < 0.90 :         0 elements
Info    : 0.90 < quality < 1.00 :         0 elements
Info    : Optimizing volume 12
Info    : Optimization starts (volume = 2.268) with worst = 0.266475 / average = 0.325093:
Info    : 0.00 < quality < 0.10 :         0 elements
Info    : 0.10 < quality < 0.20 :         0 elements
Info    : 0.20 < quality < 0.30 :         4 elements
Info    : 0.30 < quality < 0.40 :         8 elements
Info    : 0.40 < quality < 0.50 :         0 elements
Info    : 0.50 < quality < 0.60 :         0 elements
Info    : 0.60 < quality < 0.70 :         0 elements
Info    : 0.70 < quality < 0.80 :         0 elements
Info    : 0.80 < quality < 0.90 :         0 elements
Info    : 0.90 < quality < 1.00 :         0 elements
Info    : No ill-shaped tets in the mesh :-)
Info    : 0.00 < quality < 0.10 :         0 elements
Info    : 0.10 < quality < 0.20 :         0 elements
Info    : 0.20 < quality < 0.30 :         4 elements
Info    : 0.30 < quality < 0.40 :         8 elements
Info    : 0.40 < quality < 0.50 :         0 elements
Info    : 0.50 < quality < 0.60 :         0 elements
Info    : 0.60 < quality < 0.70 :         0 elements
Info    : 0.70 < quality < 0.80 :         0 elements
Info    : 0.80 < quality < 0.90 :         0 elements
Info    : 0.90 < quality < 1.00 :         0 elements
Info    : Optimizing volume 24
Info    : Optimization starts (volume = 3484.3) with worst = 0.00287632 / average = 0.150104:
Info    : 0.00 < quality < 0.10 :       139 elements
Info    : 0.10 < quality < 0.20 :      1521 elements
Info    : 0.20 < quality < 0.30 :        60 elements
Info    : 0.30 < quality < 0.40 :         6 elements
Info    : 0.40 < quality < 0.50 :         2 elements
Info    : 0.50 < quality < 0.60 :         0 elements
Info    : 0.60 < quality < 0.70 :         0 elements
Info    : 0.70 < quality < 0.80 :         0 elements
Info    : 0.80 < quality < 0.90 :         0 elements
Info    : 0.90 < quality < 1.00 :         0 elements
Info    : 145 edge swaps, 24 node relocations (volume = 3484.3): worst = 0.00793415 / average = 0.150591 (Wall 0.0101434s, CPU 0.010141s)
Info    : 154 edge swaps, 49 node relocations (volume = 3484.3): worst = 0.00793415 / average = 0.150643 (Wall 0.0190351s, CPU 0.019032s)
Info    : No ill-shaped tets in the mesh :-)
Info    : 0.00 < quality < 0.10 :       135 elements
Info    : 0.10 < quality < 0.20 :      1475 elements
Info    : 0.20 < quality < 0.30 :        60 elements
Info    : 0.30 < quality < 0.40 :         5 elements
Info    : 0.40 < quality < 0.50 :         2 elements
Info    : 0.50 < quality < 0.60 :         0 elements
Info    : 0.60 < quality < 0.70 :         0 elements
Info    : 0.70 < quality < 0.80 :         0 elements
Info    : 0.80 < quality < 0.90 :         0 elements
Info    : 0.90 < quality < 1.00 :         0 elements
Info    : Optimizing volume 25
Info    : Optimization starts (volume = 2634.36) with worst = 0.0976801 / average = 0.749249:
Info    : 0.00 < quality < 0.10 :         1 elements
Info    : 0.10 < quality < 0.20 :         1 elements
Info    : 0.20 < quality < 0.30 :         5 elements
Info    : 0.30 < quality < 0.40 :        14 elements
Info    : 0.40 < quality < 0.50 :        43 elements
Info    : 0.50 < quality < 0.60 :        61 elements
Info    : 0.60 < quality < 0.70 :       231 elements
Info    : 0.70 < quality < 0.80 :        77 elements
Info    : 0.80 < quality < 0.90 :       338 elements
Info    : 0.90 < quality < 1.00 :       147 elements
Info    : 2 edge swaps, 0 node relocations (volume = 2634.36): worst = 0.272868 / average = 0.750667 (Wall 0.000132334s, CPU 0.000133s)
Info    : No ill-shaped tets in the mesh :-)
Info    : 0.00 < quality < 0.10 :         0 elements
Info    : 0.10 < quality < 0.20 :         0 elements
Info    : 0.20 < quality < 0.30 :         5 elements
Info    : 0.30 < quality < 0.40 :        14 elements
Info    : 0.40 < quality < 0.50 :        43 elements
Info    : 0.50 < quality < 0.60 :        61 elements
Info    : 0.60 < quality < 0.70 :       231 elements
Info    : 0.70 < quality < 0.80 :        76 elements
Info    : 0.80 < quality < 0.90 :       339 elements
Info    : 0.90 < quality < 1.00 :       147 elements
Info    : Optimizing volume 26
Info    : Optimization starts (volume = 605.26) with worst = 0.101881 / average = 0.725863:
Info    : 0.00 < quality < 0.10 :         0 elements
Info    : 0.10 < quality < 0.20 :         3 elements
Info    : 0.20 < quality < 0.30 :         5 elements
Info    : 0.30 < quality < 0.40 :        16 elements
Info    : 0.40 < quality < 0.50 :        11 elements
Info    : 0.50 < quality < 0.60 :        12 elements
Info    : 0.60 < quality < 0.70 :        67 elements
Info    : 0.70 < quality < 0.80 :        10 elements
Info    : 0.80 < quality < 0.90 :        89 elements
Info    : 0.90 < quality < 1.00 :        40 elements
Info    : 3 edge swaps, 0 node relocations (volume = 605.26): worst = 0.272868 / average = 0.733946 (Wall 7.5447e-05s, CPU 6.9e-05s)
Info    : No ill-shaped tets in the mesh :-)
Info    : 0.00 < quality < 0.10 :         0 elements
Info    : 0.10 < quality < 0.20 :         0 elements
Info    : 0.20 < quality < 0.30 :         4 elements
Info    : 0.30 < quality < 0.40 :        17 elements
Info    : 0.40 < quality < 0.50 :        11 elements
Info    : 0.50 < quality < 0.60 :        12 elements
Info    : 0.60 < quality < 0.70 :        66 elements
Info    : 0.70 < quality < 0.80 :        11 elements
Info    : 0.80 < quality < 0.90 :        89 elements
Info    : 0.90 < quality < 1.00 :        40 elements
Info    : Optimizing volume 27
Info    : Optimization starts (volume = 1.27492e+07) with worst = 0.0337606 / average = 0.62814:
Info    : 0.00 < quality < 0.10 :         6 elements
Info    : 0.10 < quality < 0.20 :         9 elements
Info    : 0.20 < quality < 0.30 :        23 elements
Info    : 0.30 < quality < 0.40 :        60 elements
Info    : 0.40 < quality < 0.50 :       141 elements
Info    : 0.50 < quality < 0.60 :       244 elements
Info    : 0.60 < quality < 0.70 :       234 elements
Info    : 0.70 < quality < 0.80 :       218 elements
Info    : 0.80 < quality < 0.90 :       121 elements
Info    : 0.90 < quality < 1.00 :        57 elements
Info    : 37 edge swaps, 1 node relocations (volume = 1.27492e+07): worst = 0.285519 / average = 0.642002 (Wall 0.000466931s, CPU 0.000468s)
Info    : 38 edge swaps, 1 node relocations (volume = 1.27492e+07): worst = 0.300441 / average = 0.642512 (Wall 0.000533918s, CPU 0.000537s)
Info    : No ill-shaped tets in the mesh :-)
Info    : 0.00 < quality < 0.10 :         0 elements
Info    : 0.10 < quality < 0.20 :         0 elements
Info    : 0.20 < quality < 0.30 :         0 elements
Info    : 0.30 < quality < 0.40 :        62 elements
Info    : 0.40 < quality < 0.50 :       142 elements
Info    : 0.50 < quality < 0.60 :       248 elements
Info    : 0.60 < quality < 0.70 :       235 elements
Info    : 0.70 < quality < 0.80 :       220 elements
Info    : 0.80 < quality < 0.90 :       123 elements
Info    : 0.90 < quality < 1.00 :        54 elements
Info    : Optimizing volume 28
Info    : Optimization starts (volume = 25498.5) with worst = 0.000609027 / average = 0.0313807:
Info    : 0.00 < quality < 0.10 :      1319 elements
Info    : 0.10 < quality < 0.20 :        83 elements
Info    : 0.20 < quality < 0.30 :         0 elements
Info    : 0.30 < quality < 0.40 :         0 elements
Info    : 0.40 < quality < 0.50 :         0 elements
Info    : 0.50 < quality < 0.60 :         0 elements
Info    : 0.60 < quality < 0.70 :         0 elements
Info    : 0.70 < quality < 0.80 :         0 elements
Info    : 0.80 < quality < 0.90 :         0 elements
Info    : 0.90 < quality < 1.00 :         0 elements
Info    : 183 edge swaps, 0 node relocations (volume = 25498.5): worst = 0.000830879 / average = 0.0301869 (Wall 0.00773152s, CPU 0.007727s)
Info    : 200 edge swaps, 0 node relocations (volume = 25498.5): worst = 0.000830879 / average = 0.0302936 (Wall 0.0177321s, CPU 0.017726s)
Warning : 1 ill-shaped tets are still in the mesh
Info    : 0.00 < quality < 0.10 :      1213 elements
Info    : 0.10 < quality < 0.20 :        63 elements
Info    : 0.20 < quality < 0.30 :         0 elements
Info    : 0.30 < quality < 0.40 :         0 elements
Info    : 0.40 < quality < 0.50 :         0 elements
Info    : 0.50 < quality < 0.60 :         0 elements
Info    : 0.60 < quality < 0.70 :         0 elements
Info    : 0.70 < quality < 0.80 :         0 elements
Info    : 0.80 < quality < 0.90 :         0 elements
Info    : 0.90 < quality < 1.00 :         0 elements
Info    : Optimizing volume 29
Info    : Optimization starts (volume = 995436) with worst = 0.000174172 / average = 0.46269:
Info    : 0.00 < quality < 0.10 :       270 elements
Info    : 0.10 < quality < 0.20 :      1373 elements
Info    : 0.20 < quality < 0.30 :       941 elements
Info    : 0.30 < quality < 0.40 :      1095 elements
Info    : 0.40 < quality < 0.50 :      1066 elements
Info    : 0.50 < quality < 0.60 :      1190 elements
Info    : 0.60 < quality < 0.70 :      1063 elements
Info    : 0.70 < quality < 0.80 :       812 elements
Info    : 0.80 < quality < 0.90 :       612 elements
Info    : 0.90 < quality < 1.00 :       221 elements
Info    : 501 edge swaps, 22 node relocations (volume = 995436): worst = 0.000415416 / average = 0.477535 (Wall 0.019787s, CPU 0.019784s)
Info    : 545 edge swaps, 31 node relocations (volume = 995436): worst = 0.000415416 / average = 0.478585 (Wall 0.0347732s, CPU 0.034759s)
Warning : 1 ill-shaped tets are still in the mesh
Info    : 0.00 < quality < 0.10 :       140 elements
Info    : 0.10 < quality < 0.20 :      1228 elements
Info    : 0.20 < quality < 0.30 :       758 elements
Info    : 0.30 < quality < 0.40 :      1070 elements
Info    : 0.40 < quality < 0.50 :      1099 elements
Info    : 0.50 < quality < 0.60 :      1183 elements
Info    : 0.60 < quality < 0.70 :      1081 elements
Info    : 0.70 < quality < 0.80 :       822 elements
Info    : 0.80 < quality < 0.90 :       588 elements
Info    : 0.90 < quality < 1.00 :       225 elements
Info    : Optimizing volume 30
Info    : Optimization starts (volume = 239048) with worst = 0.0235232 / average = 0.502645:
Info    : 0.00 < quality < 0.10 :        20 elements
Info    : 0.10 < quality < 0.20 :       108 elements
Info    : 0.20 < quality < 0.30 :       186 elements
Info    : 0.30 < quality < 0.40 :       243 elements
Info    : 0.40 < quality < 0.50 :       352 elements
Info    : 0.50 < quality < 0.60 :       442 elements
Info    : 0.60 < quality < 0.70 :       414 elements
Info    : 0.70 < quality < 0.80 :       222 elements
Info    : 0.80 < quality < 0.90 :        41 elements
Info    : 0.90 < quality < 1.00 :         0 elements
Info    : 83 edge swaps, 0 node relocations (volume = 239048): worst = 0.0599822 / average = 0.511057 (Wall 0.00192394s, CPU 0.001925s)
Info    : 88 edge swaps, 0 node relocations (volume = 239048): worst = 0.0599822 / average = 0.511119 (Wall 0.00343563s, CPU 0.003433s)
Info    : No ill-shaped tets in the mesh :-)
Info    : 0.00 < quality < 0.10 :        10 elements
Info    : 0.10 < quality < 0.20 :        76 elements
Info    : 0.20 < quality < 0.30 :       173 elements
Info    : 0.30 < quality < 0.40 :       247 elements
Info    : 0.40 < quality < 0.50 :       344 elements
Info    : 0.50 < quality < 0.60 :       436 elements
Info    : 0.60 < quality < 0.70 :       412 elements
Info    : 0.70 < quality < 0.80 :       223 elements
Info    : 0.80 < quality < 0.90 :        41 elements
Info    : 0.90 < quality < 1.00 :         0 elements
Info    : Optimizing volume 31
Info    : Optimization starts (volume = 1.14743e+07) with worst = 0.0636271 / average = 0.603785:
Info    : 0.00 < quality < 0.10 :         6 elements
Info    : 0.10 < quality < 0.20 :        26 elements
Info    : 0.20 < quality < 0.30 :        26 elements
Info    : 0.30 < quality < 0.40 :        90 elements
Info    : 0.40 < quality < 0.50 :       176 elements
Info    : 0.50 < quality < 0.60 :       304 elements
Info    : 0.60 < quality < 0.70 :       277 elements
Info    : 0.70 < quality < 0.80 :       218 elements
Info    : 0.80 < quality < 0.90 :       122 elements
Info    : 0.90 < quality < 1.00 :        47 elements
Info    : 50 edge swaps, 0 node relocations (volume = 1.14743e+07): worst = 0.272209 / average = 0.622587 (Wall 0.000521543s, CPU 0.000526s)
Info    : 51 edge swaps, 0 node relocations (volume = 1.14743e+07): worst = 0.276814 / average = 0.622293 (Wall 0.000617584s, CPU 0.000622s)
Info    : No ill-shaped tets in the mesh :-)
Info    : 0.00 < quality < 0.10 :         0 elements
Info    : 0.10 < quality < 0.20 :         0 elements
Info    : 0.20 < quality < 0.30 :         2 elements
Info    : 0.30 < quality < 0.40 :        96 elements
Info    : 0.40 < quality < 0.50 :       176 elements
Info    : 0.50 < quality < 0.60 :       305 elements
Info    : 0.60 < quality < 0.70 :       277 elements
Info    : 0.70 < quality < 0.80 :       220 elements
Info    : 0.80 < quality < 0.90 :       126 elements
Info    : 0.90 < quality < 1.00 :        45 elements
Info    : Optimizing volume 32
Info    : Optimization starts (volume = 3.66154e+07) with worst = 0.00491057 / average = 0.570092:
Info    : 0.00 < quality < 0.10 :        76 elements
Info    : 0.10 < quality < 0.20 :        34 elements
Info    : 0.20 < quality < 0.30 :        28 elements
Info    : 0.30 < quality < 0.40 :        54 elements
Info    : 0.40 < quality < 0.50 :        54 elements
Info    : 0.50 < quality < 0.60 :       163 elements
Info    : 0.60 < quality < 0.70 :       213 elements
Info    : 0.70 < quality < 0.80 :       200 elements
Info    : 0.80 < quality < 0.90 :        97 elements
Info    : 0.90 < quality < 1.00 :         9 elements
Info    : 26 edge swaps, 0 node relocations (volume = 3.66154e+07): worst = 0.00737103 / average = 0.579102 (Wall 0.00144763s, CPU 0.001412s)
Info    : No ill-shaped tets in the mesh :-)
Info    : 0.00 < quality < 0.10 :        72 elements
Info    : 0.10 < quality < 0.20 :        34 elements
Info    : 0.20 < quality < 0.30 :        10 elements
Info    : 0.30 < quality < 0.40 :        60 elements
Info    : 0.40 < quality < 0.50 :        53 elements
Info    : 0.50 < quality < 0.60 :       152 elements
Info    : 0.60 < quality < 0.70 :       215 elements
Info    : 0.70 < quality < 0.80 :       208 elements
Info    : 0.80 < quality < 0.90 :        91 elements
Info    : 0.90 < quality < 1.00 :        13 elements
Info    : Done optimizing mesh (Wall 0.107638s, CPU 0.10743s)
Info    : 3174 nodes 25503 elements
Warning : ------------------------------
Warning : Mesh generation error summary
Warning :     2 warnings
Warning :     0 errors
Warning : Check the full log for details
Warning : ------------------------------
Info    : Writing '/foss/designs/inductor_synth/palace_model/inductor3_N2_do61.25_w2.01_s3_data/inductor3_N2_do61.25_w2.01_s3.msh'...
Info    : Done writing '/foss/designs/inductor_synth/palace_model/inductor3_N2_do61.25_w2.01_s3_data/inductor3_N2_do61.25_w2.01_s3.msh'
Info    : Clearing all models and views...
Info    : Done clearing all models and views
Info    : Meshing 1D...
Info    : [  0%] Meshing curve 64 (Line)
Info    : [ 10%] Meshing curve 65 (Line)
Info    : [ 10%] Meshing curve 67 (Line)
Info    : [ 10%] Meshing curve 69 (Line)
Info    : [ 10%] Meshing curve 70 (Line)
Info    : [ 10%] Meshing curve 71 (Line)
Info    : [ 10%] Meshing curve 72 (Line)
Info    : [ 10%] Meshing curve 76 (Line)
Info    : [ 10%] Meshing curve 77 (Line)
Info    : [ 10%] Meshing curve 79 (Line)
Info    : [ 10%] Meshing curve 81 (Line)
Info    : [ 10%] Meshing curve 82 (Line)
Info    : [ 10%] Meshing curve 83 (Line)
Info    : [ 10%] Meshing curve 84 (Line)
Info    : [ 10%] Meshing curve 85 (Line)
Info    : [ 10%] Meshing curve 86 (Line)
Info    : [ 10%] Meshing curve 87 (Line)
Info    : [ 10%] Meshing curve 88 (Line)
Info    : [ 10%] Meshing curve 89 (Line)
Info    : [ 10%] Meshing curve 90 (Line)
Info    : [ 10%] Meshing curve 91 (Line)
Info    : [ 10%] Meshing curve 92 (Line)
Info    : [ 10%] Meshing curve 93 (Line)
Info    : [ 10%] Meshing curve 94 (Line)
Info    : [ 10%] Meshing curve 95 (Line)
Info    : [ 10%] Meshing curve 96 (Line)
Info    : [ 10%] Meshing curve 97 (Line)
Info    : [ 10%] Meshing curve 98 (Line)
Info    : [ 10%] Meshing curve 99 (Line)
Info    : [ 10%] Meshing curve 100 (Line)
Info    : [ 10%] Meshing curve 101 (Line)
Info    : [ 10%] Meshing curve 102 (Line)
Info    : [ 10%] Meshing curve 103 (Line)
Info    : [ 10%] Meshing curve 104 (Line)
Info    : [ 20%] Meshing curve 105 (Line)
Info    : [ 20%] Meshing curve 106 (Line)
Info    : [ 20%] Meshing curve 107 (Line)
Info    : [ 20%] Meshing curve 108 (Line)
Info    : [ 20%] Meshing curve 109 (Line)
Info    : [ 20%] Meshing curve 110 (Line)
Info    : [ 20%] Meshing curve 111 (Line)
Info    : [ 20%] Meshing curve 112 (Line)
Info    : [ 20%] Meshing curve 113 (Line)
Info    : [ 20%] Meshing curve 114 (Line)
Info    : [ 20%] Meshing curve 115 (Line)
Info    : [ 20%] Meshing curve 116 (Line)
Info    : [ 20%] Meshing curve 117 (Line)
Info    : [ 20%] Meshing curve 118 (Line)
Info    : [ 20%] Meshing curve 119 (Line)
Info    : [ 20%] Meshing curve 120 (Line)
Info    : [ 20%] Meshing curve 121 (Line)
Info    : [ 20%] Meshing curve 122 (Line)
Info    : [ 20%] Meshing curve 123 (Line)
Info    : [ 20%] Meshing curve 124 (Line)
Info    : [ 20%] Meshing curve 125 (Line)
Info    : [ 20%] Meshing curve 126 (Line)
Info    : [ 20%] Meshing curve 127 (Line)
Info    : [ 20%] Meshing curve 128 (Line)
Info    : [ 20%] Meshing curve 129 (Line)
Info    : [ 20%] Meshing curve 130 (Line)
Info    : [ 20%] Meshing curve 131 (Line)
Info    : [ 20%] Meshing curve 132 (Line)
Info    : [ 20%] Meshing curve 133 (Line)
Info    : [ 20%] Meshing curve 134 (Line)
Info    : [ 20%] Meshing curve 135 (Line)
Info    : [ 20%] Meshing curve 136 (Line)
Info    : [ 20%] Meshing curve 137 (Line)
Info    : [ 20%] Meshing curve 138 (Line)
Info    : [ 30%] Meshing curve 139 (Line)
Info    : [ 30%] Meshing curve 140 (Line)
Info    : [ 30%] Meshing curve 141 (Line)
Info    : [ 30%] Meshing curve 142 (Line)
Info    : [ 30%] Meshing curve 143 (Line)
Info    : [ 30%] Meshing curve 144 (Line)
Info    : [ 30%] Meshing curve 145 (Line)
Info    : [ 30%] Meshing curve 146 (Line)
Info    : [ 30%] Meshing curve 147 (Line)
Info    : [ 30%] Meshing curve 148 (Line)
Info    : [ 30%] Meshing curve 149 (Line)
Info    : [ 30%] Meshing curve 150 (Line)
Info    : [ 30%] Meshing curve 151 (Line)
Info    : [ 30%] Meshing curve 152 (Line)
Info    : [ 30%] Meshing curve 153 (Line)
Info    : [ 30%] Meshing curve 154 (Line)
Info    : [ 30%] Meshing curve 155 (Line)
Info    : [ 30%] Meshing curve 156 (Line)
Info    : [ 30%] Meshing curve 397 (Line)
Info    : [ 30%] Meshing curve 398 (Line)
Info    : [ 30%] Meshing curve 399 (Line)
Info    : [ 30%] Meshing curve 400 (Line)
Info    : [ 30%] Meshing curve 401 (Line)
Info    : [ 30%] Meshing curve 402 (Line)
Info    : [ 30%] Meshing curve 403 (Line)
Info    : [ 30%] Meshing curve 404 (Line)
Info    : [ 30%] Meshing curve 405 (Line)
Info    : [ 30%] Meshing curve 406 (Line)
Info    : [ 30%] Meshing curve 407 (Line)
Info    : [ 30%] Meshing curve 408 (Line)
Info    : [ 30%] Meshing curve 409 (TrimmedCurve)
Info    : [ 30%] Meshing curve 410 (Line)
Info    : [ 30%] Meshing curve 411 (TrimmedCurve)
Info    : [ 30%] Meshing curve 412 (Line)
Info    : [ 40%] Meshing curve 413 (Line)
Info    : [ 40%] Meshing curve 414 (Line)
Info    : [ 40%] Meshing curve 415 (Line)
Info    : [ 40%] Meshing curve 416 (Line)
Info    : [ 40%] Meshing curve 417 (Line)
Info    : [ 40%] Meshing curve 418 (Line)
Info    : [ 40%] Meshing curve 419 (Line)
Info    : [ 40%] Meshing curve 420 (TrimmedCurve)
Info    : [ 40%] Meshing curve 421 (Line)
Info    : [ 40%] Meshing curve 422 (TrimmedCurve)
Info    : [ 40%] Meshing curve 423 (Line)
Info    : [ 40%] Meshing curve 424 (Line)
Info    : [ 40%] Meshing curve 425 (Line)
Info    : [ 40%] Meshing curve 426 (Line)
Info    : [ 40%] Meshing curve 427 (Line)
Info    : [ 40%] Meshing curve 428 (Line)
Info    : [ 40%] Meshing curve 429 (Line)
Info    : [ 40%] Meshing curve 430 (Line)
Info    : [ 40%] Meshing curve 431 (Line)
Info    : [ 40%] Meshing curve 432 (Line)
Info    : [ 40%] Meshing curve 433 (TrimmedCurve)
Info    : [ 40%] Meshing curve 434 (Line)
Info    : [ 40%] Meshing curve 435 (TrimmedCurve)
Info    : [ 40%] Meshing curve 436 (Line)
Info    : [ 40%] Meshing curve 437 (Line)
Info    : [ 40%] Meshing curve 438 (Line)
Info    : [ 40%] Meshing curve 439 (Line)
Info    : [ 40%] Meshing curve 440 (TrimmedCurve)
Info    : [ 40%] Meshing curve 441 (Line)
Info    : [ 40%] Meshing curve 442 (TrimmedCurve)
Info    : [ 40%] Meshing curve 443 (Line)
Info    : [ 40%] Meshing curve 444 (TrimmedCurve)
Info    : [ 40%] Meshing curve 445 (Line)
Info    : [ 40%] Meshing curve 446 (TrimmedCurve)
Info    : [ 50%] Meshing curve 447 (Line)
Info    : [ 50%] Meshing curve 448 (TrimmedCurve)
Info    : [ 50%] Meshing curve 449 (Line)
Info    : [ 50%] Meshing curve 450 (Line)
Info    : [ 50%] Meshing curve 451 (Line)
Info    : [ 50%] Meshing curve 452 (Line)
Info    : [ 50%] Meshing curve 453 (Line)
Info    : [ 50%] Meshing curve 454 (TrimmedCurve)
Info    : [ 50%] Meshing curve 455 (Line)
Info    : [ 50%] Meshing curve 456 (TrimmedCurve)
Info    : [ 50%] Meshing curve 457 (Line)
Info    : [ 50%] Meshing curve 458 (TrimmedCurve)
Info    : [ 50%] Meshing curve 459 (Line)
Info    : [ 50%] Meshing curve 460 (TrimmedCurve)
Info    : [ 50%] Meshing curve 461 (Line)
Info    : [ 50%] Meshing curve 462 (TrimmedCurve)
Info    : [ 50%] Meshing curve 463 (Line)
Info    : [ 50%] Meshing curve 464 (TrimmedCurve)
Info    : [ 50%] Meshing curve 465 (Line)
Info    : [ 50%] Meshing curve 466 (Line)
Info    : [ 50%] Meshing curve 467 (Line)
Info    : [ 50%] Meshing curve 468 (Line)
Info    : [ 50%] Meshing curve 469 (Line)
Info    : [ 50%] Meshing curve 470 (TrimmedCurve)
Info    : [ 50%] Meshing curve 471 (Line)
Info    : [ 50%] Meshing curve 472 (Line)
Info    : [ 50%] Meshing curve 473 (Line)
Info    : [ 50%] Meshing curve 474 (Line)
Info    : [ 50%] Meshing curve 475 (TrimmedCurve)
Info    : [ 50%] Meshing curve 476 (Line)
Info    : [ 50%] Meshing curve 477 (TrimmedCurve)
Info    : [ 50%] Meshing curve 478 (Line)
Info    : [ 50%] Meshing curve 479 (TrimmedCurve)
Info    : [ 50%] Meshing curve 480 (Line)
Info    : [ 60%] Meshing curve 481 (TrimmedCurve)
Info    : [ 60%] Meshing curve 482 (Line)
Info    : [ 60%] Meshing curve 483 (TrimmedCurve)
Info    : [ 60%] Meshing curve 484 (Line)
Info    : [ 60%] Meshing curve 485 (Line)
Info    : [ 60%] Meshing curve 486 (Line)
Info    : [ 60%] Meshing curve 487 (Line)
Info    : [ 60%] Meshing curve 488 (Line)
Info    : [ 60%] Meshing curve 489 (TrimmedCurve)
Info    : [ 60%] Meshing curve 490 (Line)
Info    : [ 60%] Meshing curve 491 (TrimmedCurve)
Info    : [ 60%] Meshing curve 492 (Line)
Info    : [ 60%] Meshing curve 493 (TrimmedCurve)
Info    : [ 60%] Meshing curve 494 (Line)
Info    : [ 60%] Meshing curve 495 (TrimmedCurve)
Info    : [ 60%] Meshing curve 496 (Line)
Info    : [ 60%] Meshing curve 497 (TrimmedCurve)
Info    : [ 60%] Meshing curve 498 (Line)
Info    : [ 60%] Meshing curve 499 (TrimmedCurve)
Info    : [ 60%] Meshing curve 500 (Line)
Info    : [ 60%] Meshing curve 501 (Line)
Info    : [ 60%] Meshing curve 502 (Line)
Info    : [ 60%] Meshing curve 503 (Line)
Info    : [ 60%] Meshing curve 504 (Line)
Info    : [ 60%] Meshing curve 505 (TrimmedCurve)
Info    : [ 60%] Meshing curve 506 (Line)
Info    : [ 60%] Meshing curve 507 (Line)
Info    : [ 60%] Meshing curve 508 (Line)
Info    : [ 60%] Meshing curve 509 (Line)
Info    : [ 60%] Meshing curve 510 (Line)
Info    : [ 60%] Meshing curve 511 (Line)
Info    : [ 60%] Meshing curve 512 (Line)
Info    : [ 60%] Meshing curve 513 (Line)
Info    : [ 70%] Meshing curve 514 (Line)
Info    : [ 70%] Meshing curve 515 (Line)
Info    : [ 70%] Meshing curve 516 (Line)
Info    : [ 70%] Meshing curve 517 (Line)
Info    : [ 70%] Meshing curve 518 (Line)
Info    : [ 70%] Meshing curve 519 (Line)
Info    : [ 70%] Meshing curve 520 (Line)
Info    : [ 70%] Meshing curve 521 (Line)
Info    : [ 70%] Meshing curve 522 (Line)
Info    : [ 70%] Meshing curve 523 (Line)
Info    : [ 70%] Meshing curve 524 (Line)
Info    : [ 70%] Meshing curve 525 (Line)
Info    : [ 70%] Meshing curve 526 (Line)
Info    : [ 70%] Meshing curve 527 (Line)
Info    : [ 70%] Meshing curve 528 (Line)
Info    : [ 70%] Meshing curve 529 (Line)
Info    : [ 70%] Meshing curve 530 (Line)
Info    : [ 70%] Meshing curve 531 (Line)
Info    : [ 70%] Meshing curve 532 (Line)
Info    : [ 70%] Meshing curve 533 (Line)
Info    : [ 70%] Meshing curve 534 (Line)
Info    : [ 70%] Meshing curve 535 (Line)
Info    : [ 70%] Meshing curve 536 (Line)
Info    : [ 70%] Meshing curve 537 (Line)
Info    : [ 70%] Meshing curve 538 (Line)
Info    : [ 70%] Meshing curve 539 (Line)
Info    : [ 70%] Meshing curve 540 (Line)
Info    : [ 70%] Meshing curve 541 (Line)
Info    : [ 70%] Meshing curve 542 (Line)
Info    : [ 70%] Meshing curve 543 (Line)
Info    : [ 70%] Meshing curve 544 (Line)
Info    : [ 70%] Meshing curve 545 (Line)
Info    : [ 70%] Meshing curve 546 (Line)
Info    : [ 70%] Meshing curve 547 (Line)
Info    : [ 80%] Meshing curve 548 (Line)
Info    : [ 80%] Meshing curve 549 (Line)
Info    : [ 80%] Meshing curve 550 (Line)
Info    : [ 80%] Meshing curve 551 (Line)
Info    : [ 80%] Meshing curve 552 (TrimmedCurve)
Info    : [ 80%] Meshing curve 553 (Line)
Info    : [ 80%] Meshing curve 554 (Line)
Info    : [ 80%] Meshing curve 555 (Line)
Info    : [ 80%] Meshing curve 556 (Line)
Info    : [ 80%] Meshing curve 557 (Line)
Info    : [ 80%] Meshing curve 558 (TrimmedCurve)
Info    : [ 80%] Meshing curve 559 (Line)
Info    : [ 80%] Meshing curve 560 (Line)
Info    : [ 80%] Meshing curve 561 (TrimmedCurve)
Info    : [ 80%] Meshing curve 562 (Line)
Info    : [ 80%] Meshing curve 563 (Line)
Info    : [ 80%] Meshing curve 564 (Line)
Info    : [ 80%] Meshing curve 565 (Line)
Info    : [ 80%] Meshing curve 566 (Line)
Info    : [ 80%] Meshing curve 567 (TrimmedCurve)
Info    : [ 80%] Meshing curve 568 (Line)
Info    : [ 80%] Meshing curve 569 (Line)
Info    : [ 80%] Meshing curve 570 (Line)
Info    : [ 80%] Meshing curve 571 (Line)
Info    : [ 80%] Meshing curve 572 (Line)
Info    : [ 80%] Meshing curve 573 (Line)
Info    : [ 80%] Meshing curve 574 (Line)
Info    : [ 80%] Meshing curve 575 (Line)
Info    : [ 80%] Meshing curve 576 (Line)
Info    : [ 80%] Meshing curve 577 (Line)
Info    : [ 80%] Meshing curve 578 (Line)
Info    : [ 80%] Meshing curve 579 (Line)
Info    : [ 80%] Meshing curve 580 (Line)
Info    : [ 80%] Meshing curve 581 (Line)
Info    : [ 90%] Meshing curve 582 (Line)
Info    : [ 90%] Meshing curve 583 (Line)
Info    : [ 90%] Meshing curve 584 (Line)
Info    : [ 90%] Meshing curve 585 (Line)
Info    : [ 90%] Meshing curve 586 (Line)
Info    : [ 90%] Meshing curve 587 (Line)
Info    : [ 90%] Meshing curve 588 (Line)
Info    : [ 90%] Meshing curve 589 (Line)
Info    : [ 90%] Meshing curve 590 (Line)
Info    : [ 90%] Meshing curve 591 (Line)
Info    : [ 90%] Meshing curve 592 (Line)
Info    : [ 90%] Meshing curve 593 (Line)
Info    : [ 90%] Meshing curve 594 (Line)
Info    : [ 90%] Meshing curve 595 (Line)
Info    : [ 90%] Meshing curve 596 (Line)
Info    : [ 90%] Meshing curve 597 (Line)
Info    : [ 90%] Meshing curve 598 (Line)
Info    : [ 90%] Meshing curve 599 (Line)
Info    : [ 90%] Meshing curve 600 (Line)
Info    : [ 90%] Meshing curve 601 (Line)
Info    : [ 90%] Meshing curve 602 (Line)
Info    : [ 90%] Meshing curve 603 (Line)
Info    : [ 90%] Meshing curve 604 (Line)
Info    : [ 90%] Meshing curve 605 (Line)
Info    : [ 90%] Meshing curve 606 (Line)
Info    : [ 90%] Meshing curve 607 (Line)
Info    : [ 90%] Meshing curve 608 (Line)
Info    : [ 90%] Meshing curve 609 (Line)
Info    : [ 90%] Meshing curve 610 (Line)
Info    : [ 90%] Meshing curve 611 (Line)
Info    : [ 90%] Meshing curve 612 (Line)
Info    : [ 90%] Meshing curve 613 (Line)
Info    : [ 90%] Meshing curve 614 (Line)
Info    : [ 90%] Meshing curve 615 (Line)
Info    : [100%] Meshing curve 616 (Line)
Info    : [100%] Meshing curve 617 (Line)
Info    : [100%] Meshing curve 618 (Line)
Info    : [100%] Meshing curve 619 (Line)
Info    : [100%] Meshing curve 620 (Line)
Info    : [100%] Meshing curve 621 (Line)
Info    : [100%] Meshing curve 622 (Line)
Info    : [100%] Meshing curve 623 (Line)
Info    : [100%] Meshing curve 624 (Line)
Info    : [100%] Meshing curve 625 (Line)
Info    : [100%] Meshing curve 626 (Line)
Info    : [100%] Meshing curve 627 (Line)
Info    : [100%] Meshing curve 628 (Line)
Info    : [100%] Meshing curve 629 (Line)
Info    : [100%] Meshing curve 630 (Line)
Info    : [100%] Meshing curve 631 (Line)
Info    : [100%] Meshing curve 632 (Line)
Info    : [100%] Meshing curve 633 (Line)
Info    : [100%] Meshing curve 634 (Line)
Info    : [100%] Meshing curve 635 (Line)
Info    : [100%] Meshing curve 636 (Line)
Info    : [100%] Meshing curve 637 (Line)
Info    : [100%] Meshing curve 638 (Line)
Info    : [100%] Meshing curve 639 (Line)
Info    : [100%] Meshing curve 640 (Line)
Info    : [100%] Meshing curve 641 (Line)
Info    : [100%] Meshing curve 642 (Line)
Info    : [100%] Meshing curve 643 (Line)
Info    : [100%] Meshing curve 644 (Line)
Info    : [100%] Meshing curve 645 (Line)
Info    : [100%] Meshing curve 646 (Line)
Info    : [100%] Meshing curve 647 (Line)
Info    : [100%] Meshing curve 648 (Line)
Info    : Done meshing 1D (Wall 1.33865s, CPU 1.33409s)
Info    : Meshing 2D...
Info    : [  0%] Meshing surface 35 (Plane, Delaunay)
Info    : [ 10%] Meshing surface 41 (Plane, Delaunay)
Info    : [ 10%] Meshing surface 43 (Plane, Delaunay)
Info    : [ 10%] Meshing surface 44 (Plane, Delaunay)
Info    : [ 10%] Meshing surface 45 (Plane, Delaunay)
Info    : [ 10%] Meshing surface 46 (Plane, Delaunay)
Info    : [ 10%] Meshing surface 47 (Plane, Delaunay)
Info    : [ 10%] Meshing surface 48 (Plane, Delaunay)
Info    : [ 10%] Meshing surface 49 (Plane, Delaunay)
Info    : [ 10%] Meshing surface 50 (Plane, Delaunay)
Info    : [ 10%] Meshing surface 51 (Plane, Delaunay)
Info    : [ 10%] Meshing surface 53 (Plane, Delaunay)
Info    : [ 10%] Meshing surface 54 (Plane, Delaunay)
Info    : [ 10%] Meshing surface 55 (Plane, Delaunay)
Info    : [ 10%] Meshing surface 56 (Plane, Delaunay)
Info    : [ 20%] Meshing surface 57 (Plane, Delaunay)
Info    : [ 20%] Meshing surface 58 (Plane, Delaunay)
Info    : [ 20%] Meshing surface 59 (Plane, Delaunay)
Info    : [ 20%] Meshing surface 60 (Plane, Delaunay)
Info    : [ 20%] Meshing surface 61 (Plane, Delaunay)
Info    : [ 20%] Meshing surface 62 (Plane, Delaunay)
Info    : [ 20%] Meshing surface 63 (Plane, Delaunay)
Info    : [ 20%] Meshing surface 64 (Plane, Delaunay)
Info    : [ 20%] Meshing surface 65 (Plane, Delaunay)
Info    : [ 20%] Meshing surface 66 (Plane, Delaunay)
Info    : [ 20%] Meshing surface 67 (Plane, Delaunay)
Info    : [ 20%] Meshing surface 68 (Plane, Delaunay)
Info    : [ 20%] Meshing surface 69 (Plane, Delaunay)
Info    : [ 20%] Meshing surface 70 (Plane, Delaunay)
Info    : [ 20%] Meshing surface 71 (Plane, Delaunay)
Info    : [ 30%] Meshing surface 72 (Plane, Delaunay)
Info    : [ 30%] Meshing surface 73 (Plane, Delaunay)
Info    : [ 30%] Meshing surface 74 (Plane, Delaunay)
Info    : [ 30%] Meshing surface 75 (Plane, Delaunay)
Info    : [ 30%] Meshing surface 76 (Plane, Delaunay)
Info    : [ 30%] Meshing surface 179 (Plane, Delaunay)
Info    : [ 30%] Meshing surface 180 (Plane, Delaunay)
Info    : [ 30%] Meshing surface 181 (Plane, Delaunay)
Info    : [ 30%] Meshing surface 183 (Plane, Delaunay)
Info    : [ 30%] Meshing surface 184 (Plane, Delaunay)
Info    : [ 30%] Meshing surface 185 (Plane, Delaunay)
Info    : [ 30%] Meshing surface 186 (Plane, Delaunay)
Info    : [ 30%] Meshing surface 187 (Plane, Delaunay)
Info    : [ 30%] Meshing surface 188 (Plane, Delaunay)
Info    : [ 40%] Meshing surface 189 (Plane, Delaunay)
Info    : [ 40%] Meshing surface 190 (Plane, Delaunay)
Info    : [ 40%] Meshing surface 191 (Plane, Delaunay)
Info    : [ 40%] Meshing surface 192 (Plane, Delaunay)
Info    : [ 40%] Meshing surface 193 (Plane, Delaunay)
Info    : [ 40%] Meshing surface 195 (Plane, Delaunay)
Info    : [ 40%] Meshing surface 196 (Plane, Delaunay)
Info    : [ 40%] Meshing surface 197 (Plane, Delaunay)
Info    : [ 40%] Meshing surface 198 (Plane, Delaunay)
Info    : [ 40%] Meshing surface 199 (Plane, Delaunay)
Info    : [ 40%] Meshing surface 200 (Plane, Delaunay)
Info    : [ 40%] Meshing surface 201 (Plane, Delaunay)
Info    : [ 40%] Meshing surface 202 (Plane, Delaunay)
Info    : [ 40%] Meshing surface 203 (Plane, Delaunay)
Info    : [ 40%] Meshing surface 204 (Plane, Delaunay)
Info    : [ 50%] Meshing surface 205 (Plane, Delaunay)
Info    : [ 50%] Meshing surface 206 (Plane, Delaunay)
Info    : [ 50%] Meshing surface 207 (Plane, Delaunay)
Info    : [ 50%] Meshing surface 208 (Plane, Delaunay)
Info    : [ 50%] Meshing surface 209 (Plane, Delaunay)
Info    : [ 50%] Meshing surface 210 (Plane, Delaunay)
Info    : [ 50%] Meshing surface 211 (Plane, Delaunay)
Info    : [ 50%] Meshing surface 212 (Plane, Delaunay)
Info    : [ 50%] Meshing surface 213 (Plane, Delaunay)
Info    : [ 50%] Meshing surface 214 (Plane, Delaunay)
Info    : [ 50%] Meshing surface 215 (Plane, Delaunay)
Info    : [ 50%] Meshing surface 216 (Plane, Delaunay)
Info    : [ 50%] Meshing surface 217 (Plane, Delaunay)
Info    : [ 50%] Meshing surface 218 (Plane, Delaunay)
Info    : [ 50%] Meshing surface 219 (Plane, Delaunay)
Info    : [ 60%] Meshing surface 220 (Plane, Delaunay)
Info    : [ 60%] Meshing surface 221 (Plane, Delaunay)
Info    : [ 60%] Meshing surface 222 (Plane, Delaunay)
Info    : [ 60%] Meshing surface 223 (Plane, Delaunay)
Info    : [ 60%] Meshing surface 224 (Plane, Delaunay)
Info    : [ 60%] Meshing surface 225 (Plane, Delaunay)
Info    : [ 60%] Meshing surface 226 (Plane, Delaunay)
Info    : [ 60%] Meshing surface 227 (Plane, Delaunay)
Info    : [ 60%] Meshing surface 228 (Plane, Delaunay)
Info    : [ 60%] Meshing surface 229 (Plane, Delaunay)
Info    : [ 60%] Meshing surface 230 (Plane, Delaunay)
Info    : [ 60%] Meshing surface 231 (Plane, Delaunay)
Info    : [ 60%] Meshing surface 232 (Plane, Delaunay)
Info    : [ 60%] Meshing surface 233 (Plane, Delaunay)
Info    : [ 70%] Meshing surface 235 (Plane, Delaunay)
Info    : [ 70%] Meshing surface 236 (Plane, Delaunay)
Info    : [ 70%] Meshing surface 237 (Plane, Delaunay)
Info    : [ 70%] Meshing surface 238 (Plane, Delaunay)
Info    : [ 70%] Meshing surface 239 (Plane, Delaunay)
Info    : [ 70%] Meshing surface 240 (Plane, Delaunay)
Info    : [ 70%] Meshing surface 241 (Plane, Delaunay)
Info    : [ 70%] Meshing surface 242 (Plane, Delaunay)
Info    : [ 70%] Meshing surface 243 (Plane, Delaunay)
Info    : [ 70%] Meshing surface 244 (Plane, Delaunay)
Info    : [ 70%] Meshing surface 245 (Plane, Delaunay)
Info    : [ 70%] Meshing surface 246 (Plane, Delaunay)
Info    : [ 70%] Meshing surface 247 (Plane, Delaunay)
Info    : [ 70%] Meshing surface 248 (Plane, Delaunay)
Info    : [ 70%] Meshing surface 249 (Plane, Delaunay)
Info    : [ 80%] Meshing surface 250 (Plane, Delaunay)
Info    : [ 80%] Meshing surface 251 (Plane, Delaunay)
Info    : [ 80%] Meshing surface 252 (Plane, Delaunay)
Info    : [ 80%] Meshing surface 253 (Plane, Delaunay)
Info    : [ 80%] Meshing surface 254 (Plane, Delaunay)
Info    : [ 80%] Meshing surface 255 (Plane, Delaunay)
Info    : [ 80%] Meshing surface 256 (Plane, Delaunay)
Info    : [ 80%] Meshing surface 257 (Plane, Delaunay)
Info    : [ 80%] Meshing surface 258 (Plane, Delaunay)
Info    : [ 80%] Meshing surface 259 (Plane, Delaunay)
Info    : [ 80%] Meshing surface 260 (Plane, Delaunay)
Info    : [ 80%] Meshing surface 261 (Plane, Delaunay)
Info    : [ 80%] Meshing surface 262 (Plane, Delaunay)
Info    : [ 80%] Meshing surface 263 (Plane, Delaunay)
Info    : [ 90%] Meshing surface 264 (Plane, Delaunay)
Info    : [ 90%] Meshing surface 265 (Plane, Delaunay)
Info    : [ 90%] Meshing surface 266 (Plane, Delaunay)
Info    : [ 90%] Meshing surface 267 (Plane, Delaunay)
Info    : [ 90%] Meshing surface 268 (Plane, Delaunay)
Info    : [ 90%] Meshing surface 269 (Plane, Delaunay)
Info    : [ 90%] Meshing surface 270 (Plane, Delaunay)
Info    : [ 90%] Meshing surface 271 (Plane, Delaunay)
Info    : [ 90%] Meshing surface 272 (Plane, Delaunay)
Info    : [ 90%] Meshing surface 273 (Plane, Delaunay)
Info    : [ 90%] Meshing surface 274 (Plane, Delaunay)
Info    : [ 90%] Meshing surface 275 (Plane, Delaunay)
Info    : [ 90%] Meshing surface 276 (Plane, Delaunay)
Info    : [ 90%] Meshing surface 277 (Plane, Delaunay)
Info    : [ 90%] Meshing surface 278 (Plane, Delaunay)
Info    : [100%] Meshing surface 279 (Plane, Delaunay)
Info    : [100%] Meshing surface 280 (Plane, Delaunay)
Info    : [100%] Meshing surface 281 (Plane, Delaunay)
Info    : [100%] Meshing surface 282 (Plane, Delaunay)
Info    : [100%] Meshing surface 283 (Plane, Delaunay)
Info    : [100%] Meshing surface 284 (Plane, Delaunay)
Info    : [100%] Meshing surface 285 (Plane, Delaunay)
Info    : [100%] Meshing surface 286 (Plane, Delaunay)
Info    : [100%] Meshing surface 287 (Plane, Delaunay)
Info    : [100%] Meshing surface 288 (Plane, Delaunay)
Info    : [100%] Meshing surface 289 (Plane, Delaunay)
Info    : [100%] Meshing surface 290 (Plane, Delaunay)
Info    : [100%] Meshing surface 291 (Plane, Delaunay)
Info    : [100%] Meshing surface 292 (Plane, Delaunay)
Info    : Done meshing 2D (Wall 0.342203s, CPU 0.341901s)
Info    : Meshing 3D...
Info    : 3D Meshing 16 volumes with 1 connected component
Info    : Tetrahedrizing 2799 nodes...
Info    : Done tetrahedrizing 2807 nodes (Wall 0.0355563s, CPU 0.035457s)
Info    : Reconstructing mesh...
Info    :  - Creating surface mesh
Info    :  - Identifying boundary edges
Info    :  - Recovering boundary
Info    :  - Added 23 Steiner points
Info    : Done reconstructing mesh (Wall 0.0985882s, CPU 0.098469s)
Info    : Found volume 29
Info    : Found volume 28
Info    : Found volume 24
Info    : Found volume 27
Info    : Found volume 12
Info    : Found volume 31
Info    : Found volume 30
Info    : Found volume 7
Info    : Found volume 6
Info    : Found volume 25
Info    : Found volume 26
Info    : Found volume 8
Info    : Found volume 32
Info    : Found volume 11
Info    : Found volume 9
Info    : Found volume 10
Info    : It. 0 - 0 nodes created - worst tet radius 11.7556 (nodes removed 0 0)
Info    : It. 500 - 100 nodes created - worst tet radius 1.21817 (nodes removed 0 400)
Info    : It. 1000 - 264 nodes created - worst tet radius 1.00714 (nodes removed 8 728)
Info    : 3D refinement terminated (3096 nodes total):
Info    :  - 1 Delaunay cavities modified for star shapeness
Info    :  - 745 nodes could not be inserted
Info    :  - 18303 tetrahedra created in 0.0691388 sec. (264728 tets/s)
Info    : 393 node relocations
Info    : Done meshing 3D (Wall 0.323843s, CPU 0.323629s)
Info    : Optimizing mesh...
Info    : Optimizing volume 6
Info    : Optimization starts (volume = 144) with worst = 0.125314 / average = 0.524113:
Info    : 0.00 < quality < 0.10 :         0 elements
Info    : 0.10 < quality < 0.20 :         2 elements
Info    : 0.20 < quality < 0.30 :        35 elements
Info    : 0.30 < quality < 0.40 :         8 elements
Info    : 0.40 < quality < 0.50 :        49 elements
Info    : 0.50 < quality < 0.60 :        34 elements
Info    : 0.60 < quality < 0.70 :         3 elements
Info    : 0.70 < quality < 0.80 :        31 elements
Info    : 0.80 < quality < 0.90 :        15 elements
Info    : 0.90 < quality < 1.00 :         2 elements
Info    : 2 edge swaps, 0 node relocations (volume = 144): worst = 0.125314 / average = 0.523816 (Wall 0.000177787s, CPU 0.000182s)
Info    : No ill-shaped tets in the mesh :-)
Info    : 0.00 < quality < 0.10 :         0 elements
Info    : 0.10 < quality < 0.20 :         2 elements
Info    : 0.20 < quality < 0.30 :        35 elements
Info    : 0.30 < quality < 0.40 :         8 elements
Info    : 0.40 < quality < 0.50 :        51 elements
Info    : 0.50 < quality < 0.60 :        32 elements
Info    : 0.60 < quality < 0.70 :         3 elements
Info    : 0.70 < quality < 0.80 :        31 elements
Info    : 0.80 < quality < 0.90 :        15 elements
Info    : 0.90 < quality < 1.00 :         2 elements
Info    : Optimizing volume 7
Info    : Optimization starts (volume = 144) with worst = 0.125314 / average = 0.526116:
Info    : 0.00 < quality < 0.10 :         0 elements
Info    : 0.10 < quality < 0.20 :         2 elements
Info    : 0.20 < quality < 0.30 :        35 elements
Info    : 0.30 < quality < 0.40 :         8 elements
Info    : 0.40 < quality < 0.50 :        47 elements
Info    : 0.50 < quality < 0.60 :        34 elements
Info    : 0.60 < quality < 0.70 :         5 elements
Info    : 0.70 < quality < 0.80 :        29 elements
Info    : 0.80 < quality < 0.90 :        16 elements
Info    : 0.90 < quality < 1.00 :         2 elements
Info    : 3 edge swaps, 0 node relocations (volume = 144): worst = 0.125314 / average = 0.525818 (Wall 0.000153791s, CPU 0.000154s)
Info    : No ill-shaped tets in the mesh :-)
Info    : 0.00 < quality < 0.10 :         0 elements
Info    : 0.10 < quality < 0.20 :         2 elements
Info    : 0.20 < quality < 0.30 :        35 elements
Info    : 0.30 < quality < 0.40 :         8 elements
Info    : 0.40 < quality < 0.50 :        49 elements
Info    : 0.50 < quality < 0.60 :        32 elements
Info    : 0.60 < quality < 0.70 :         5 elements
Info    : 0.70 < quality < 0.80 :        29 elements
Info    : 0.80 < quality < 0.90 :        16 elements
Info    : 0.90 < quality < 1.00 :         2 elements
Info    : Optimizing volume 8
Info    : Optimization starts (volume = 48.544) with worst = 0.177187 / average = 0.605117:
Info    : 0.00 < quality < 0.10 :         0 elements
Info    : 0.10 < quality < 0.20 :         4 elements
Info    : 0.20 < quality < 0.30 :         4 elements
Info    : 0.30 < quality < 0.40 :        12 elements
Info    : 0.40 < quality < 0.50 :        12 elements
Info    : 0.50 < quality < 0.60 :        18 elements
Info    : 0.60 < quality < 0.70 :        18 elements
Info    : 0.70 < quality < 0.80 :        16 elements
Info    : 0.80 < quality < 0.90 :        12 elements
Info    : 0.90 < quality < 1.00 :         8 elements
Info    : 2 edge swaps, 0 node relocations (volume = 48.544): worst = 0.177187 / average = 0.614985 (Wall 5.8582e-05s, CPU 5.8e-05s)
Info    : No ill-shaped tets in the mesh :-)
Info    : 0.00 < quality < 0.10 :         0 elements
Info    : 0.10 < quality < 0.20 :         2 elements
Info    : 0.20 < quality < 0.30 :         4 elements
Info    : 0.30 < quality < 0.40 :        12 elements
Info    : 0.40 < quality < 0.50 :        12 elements
Info    : 0.50 < quality < 0.60 :        18 elements
Info    : 0.60 < quality < 0.70 :        16 elements
Info    : 0.70 < quality < 0.80 :        18 elements
Info    : 0.80 < quality < 0.90 :        12 elements
Info    : 0.90 < quality < 1.00 :         8 elements
Info    : Optimizing volume 9
Info    : Optimization starts (volume = 2.268) with worst = 0.266475 / average = 0.325093:
Info    : 0.00 < quality < 0.10 :         0 elements
Info    : 0.10 < quality < 0.20 :         0 elements
Info    : 0.20 < quality < 0.30 :         4 elements
Info    : 0.30 < quality < 0.40 :         8 elements
Info    : 0.40 < quality < 0.50 :         0 elements
Info    : 0.50 < quality < 0.60 :         0 elements
Info    : 0.60 < quality < 0.70 :         0 elements
Info    : 0.70 < quality < 0.80 :         0 elements
Info    : 0.80 < quality < 0.90 :         0 elements
Info    : 0.90 < quality < 1.00 :         0 elements
Info    : No ill-shaped tets in the mesh :-)
Info    : 0.00 < quality < 0.10 :         0 elements
Info    : 0.10 < quality < 0.20 :         0 elements
Info    : 0.20 < quality < 0.30 :         4 elements
Info    : 0.30 < quality < 0.40 :         8 elements
Info    : 0.40 < quality < 0.50 :         0 elements
Info    : 0.50 < quality < 0.60 :         0 elements
Info    : 0.60 < quality < 0.70 :         0 elements
Info    : 0.70 < quality < 0.80 :         0 elements
Info    : 0.80 < quality < 0.90 :         0 elements
Info    : 0.90 < quality < 1.00 :         0 elements
Info    : Optimizing volume 10
Info    : Optimization starts (volume = 2.268) with worst = 0.266475 / average = 0.325093:
Info    : 0.00 < quality < 0.10 :         0 elements
Info    : 0.10 < quality < 0.20 :         0 elements
Info    : 0.20 < quality < 0.30 :         4 elements
Info    : 0.30 < quality < 0.40 :         8 elements
Info    : 0.40 < quality < 0.50 :         0 elements
Info    : 0.50 < quality < 0.60 :         0 elements
Info    : 0.60 < quality < 0.70 :         0 elements
Info    : 0.70 < quality < 0.80 :         0 elements
Info    : 0.80 < quality < 0.90 :         0 elements
Info    : 0.90 < quality < 1.00 :         0 elements
Info    : No ill-shaped tets in the mesh :-)
Info    : 0.00 < quality < 0.10 :         0 elements
Info    : 0.10 < quality < 0.20 :         0 elements
Info    : 0.20 < quality < 0.30 :         4 elements
Info    : 0.30 < quality < 0.40 :         8 elements
Info    : 0.40 < quality < 0.50 :         0 elements
Info    : 0.50 < quality < 0.60 :         0 elements
Info    : 0.60 < quality < 0.70 :         0 elements
Info    : 0.70 < quality < 0.80 :         0 elements
Info    : 0.80 < quality < 0.90 :         0 elements
Info    : 0.90 < quality < 1.00 :         0 elements
Info    : Optimizing volume 11
Info    : Optimization starts (volume = 2.268) with worst = 0.266475 / average = 0.325093:
Info    : 0.00 < quality < 0.10 :         0 elements
Info    : 0.10 < quality < 0.20 :         0 elements
Info    : 0.20 < quality < 0.30 :         4 elements
Info    : 0.30 < quality < 0.40 :         8 elements
Info    : 0.40 < quality < 0.50 :         0 elements
Info    : 0.50 < quality < 0.60 :         0 elements
Info    : 0.60 < quality < 0.70 :         0 elements
Info    : 0.70 < quality < 0.80 :         0 elements
Info    : 0.80 < quality < 0.90 :         0 elements
Info    : 0.90 < quality < 1.00 :         0 elements
Info    : No ill-shaped tets in the mesh :-)
Info    : 0.00 < quality < 0.10 :         0 elements
Info    : 0.10 < quality < 0.20 :         0 elements
Info    : 0.20 < quality < 0.30 :         4 elements
Info    : 0.30 < quality < 0.40 :         8 elements
Info    : 0.40 < quality < 0.50 :         0 elements
Info    : 0.50 < quality < 0.60 :         0 elements
Info    : 0.60 < quality < 0.70 :         0 elements
Info    : 0.70 < quality < 0.80 :         0 elements
Info    : 0.80 < quality < 0.90 :         0 elements
Info    : 0.90 < quality < 1.00 :         0 elements
Info    : Optimizing volume 12
Info    : Optimization starts (volume = 2.268) with worst = 0.0280207 / average = 0.26468:
Info    : 0.00 < quality < 0.10 :         6 elements
Info    : 0.10 < quality < 0.20 :         0 elements
Info    : 0.20 < quality < 0.30 :         2 elements
Info    : 0.30 < quality < 0.40 :         7 elements
Info    : 0.40 < quality < 0.50 :         0 elements
Info    : 0.50 < quality < 0.60 :         0 elements
Info    : 0.60 < quality < 0.70 :         2 elements
Info    : 0.70 < quality < 0.80 :         0 elements
Info    : 0.80 < quality < 0.90 :         0 elements
Info    : 0.90 < quality < 1.00 :         0 elements
Info    : 1 edge swaps, 3 node relocations (volume = 2.268): worst = 0.0473347 / average = 0.279504 (Wall 5.9968e-05s, CPU 6e-05s)
Info    : 2 edge swaps, 3 node relocations (volume = 2.268): worst = 0.0473347 / average = 0.315614 (Wall 0.000182683s, CPU 0.000181s)
Info    : No ill-shaped tets in the mesh :-)
Info    : 0.00 < quality < 0.10 :         3 elements
Info    : 0.10 < quality < 0.20 :         2 elements
Info    : 0.20 < quality < 0.30 :         2 elements
Info    : 0.30 < quality < 0.40 :         5 elements
Info    : 0.40 < quality < 0.50 :         0 elements
Info    : 0.50 < quality < 0.60 :         1 elements
Info    : 0.60 < quality < 0.70 :         2 elements
Info    : 0.70 < quality < 0.80 :         0 elements
Info    : 0.80 < quality < 0.90 :         0 elements
Info    : 0.90 < quality < 1.00 :         0 elements
Info    : Optimizing volume 24
Info    : Optimization starts (volume = 2340) with worst = 0.00310478 / average = 0.173865:
Info    : 0.00 < quality < 0.10 :        92 elements
Info    : 0.10 < quality < 0.20 :      1359 elements
Info    : 0.20 < quality < 0.30 :        56 elements
Info    : 0.30 < quality < 0.40 :         4 elements
Info    : 0.40 < quality < 0.50 :         0 elements
Info    : 0.50 < quality < 0.60 :         0 elements
Info    : 0.60 < quality < 0.70 :         0 elements
Info    : 0.70 < quality < 0.80 :         0 elements
Info    : 0.80 < quality < 0.90 :         0 elements
Info    : 0.90 < quality < 1.00 :         0 elements
Info    : 146 edge swaps, 22 node relocations (volume = 2340): worst = 0.00330425 / average = 0.175356 (Wall 0.00665839s, CPU 0.006656s)
Info    : 156 edge swaps, 30 node relocations (volume = 2340): worst = 0.00330425 / average = 0.175356 (Wall 0.0138525s, CPU 0.013849s)
Info    : No ill-shaped tets in the mesh :-)
Info    : 0.00 < quality < 0.10 :        72 elements
Info    : 0.10 < quality < 0.20 :      1326 elements
Info    : 0.20 < quality < 0.30 :        49 elements
Info    : 0.30 < quality < 0.40 :         2 elements
Info    : 0.40 < quality < 0.50 :         0 elements
Info    : 0.50 < quality < 0.60 :         0 elements
Info    : 0.60 < quality < 0.70 :         0 elements
Info    : 0.70 < quality < 0.80 :         0 elements
Info    : 0.80 < quality < 0.90 :         0 elements
Info    : 0.90 < quality < 1.00 :         0 elements
Info    : Optimizing volume 25
Info    : Optimization starts (volume = 1923.08) with worst = 0.0761736 / average = 0.718048:
Info    : 0.00 < quality < 0.10 :         1 elements
Info    : 0.10 < quality < 0.20 :         4 elements
Info    : 0.20 < quality < 0.30 :        20 elements
Info    : 0.30 < quality < 0.40 :        20 elements
Info    : 0.40 < quality < 0.50 :        34 elements
Info    : 0.50 < quality < 0.60 :       228 elements
Info    : 0.60 < quality < 0.70 :        81 elements
Info    : 0.70 < quality < 0.80 :       150 elements
Info    : 0.80 < quality < 0.90 :       179 elements
Info    : 0.90 < quality < 1.00 :       193 elements
Info    : 4 edge swaps, 0 node relocations (volume = 1923.08): worst = 0.126807 / average = 0.720155 (Wall 0.000202577s, CPU 0.000204s)
Info    : 5 edge swaps, 0 node relocations (volume = 1923.08): worst = 0.126807 / average = 0.720146 (Wall 0.000336968s, CPU 0.000338s)
Info    : No ill-shaped tets in the mesh :-)
Info    : 0.00 < quality < 0.10 :         0 elements
Info    : 0.10 < quality < 0.20 :         4 elements
Info    : 0.20 < quality < 0.30 :        17 elements
Info    : 0.30 < quality < 0.40 :        18 elements
Info    : 0.40 < quality < 0.50 :        34 elements
Info    : 0.50 < quality < 0.60 :       230 elements
Info    : 0.60 < quality < 0.70 :        81 elements
Info    : 0.70 < quality < 0.80 :       150 elements
Info    : 0.80 < quality < 0.90 :       178 elements
Info    : 0.90 < quality < 1.00 :       194 elements
Info    : Optimizing volume 26
Info    : Optimization starts (volume = 499.723) with worst = 0.0761736 / average = 0.655851:
Info    : 0.00 < quality < 0.10 :         2 elements
Info    : 0.10 < quality < 0.20 :         5 elements
Info    : 0.20 < quality < 0.30 :         5 elements
Info    : 0.30 < quality < 0.40 :        14 elements
Info    : 0.40 < quality < 0.50 :        10 elements
Info    : 0.50 < quality < 0.60 :        78 elements
Info    : 0.60 < quality < 0.70 :        44 elements
Info    : 0.70 < quality < 0.80 :        44 elements
Info    : 0.80 < quality < 0.90 :        56 elements
Info    : 0.90 < quality < 1.00 :        22 elements
Info    : 4 edge swaps, 0 node relocations (volume = 499.723): worst = 0.160118 / average = 0.664823 (Wall 0.000154752s, CPU 0.000153s)
Info    : No ill-shaped tets in the mesh :-)
Info    : 0.00 < quality < 0.10 :         0 elements
Info    : 0.10 < quality < 0.20 :         4 elements
Info    : 0.20 < quality < 0.30 :         4 elements
Info    : 0.30 < quality < 0.40 :        11 elements
Info    : 0.40 < quality < 0.50 :        11 elements
Info    : 0.50 < quality < 0.60 :        80 elements
Info    : 0.60 < quality < 0.70 :        44 elements
Info    : 0.70 < quality < 0.80 :        44 elements
Info    : 0.80 < quality < 0.90 :        55 elements
Info    : 0.90 < quality < 1.00 :        23 elements
Info    : Optimizing volume 27
Info    : Optimization starts (volume = 1.23087e+07) with worst = 0.0560343 / average = 0.634006:
Info    : 0.00 < quality < 0.10 :         3 elements
Info    : 0.10 < quality < 0.20 :        10 elements
Info    : 0.20 < quality < 0.30 :        21 elements
Info    : 0.30 < quality < 0.40 :        36 elements
Info    : 0.40 < quality < 0.50 :       136 elements
Info    : 0.50 < quality < 0.60 :       237 elements
Info    : 0.60 < quality < 0.70 :       230 elements
Info    : 0.70 < quality < 0.80 :       187 elements
Info    : 0.80 < quality < 0.90 :       124 elements
Info    : 0.90 < quality < 1.00 :        57 elements
Info    : 29 edge swaps, 3 node relocations (volume = 1.23087e+07): worst = 0.262268 / average = 0.646556 (Wall 0.000555853s, CPU 0.000554s)
Info    : 33 edge swaps, 3 node relocations (volume = 1.23087e+07): worst = 0.28042 / average = 0.647754 (Wall 0.000697079s, CPU 0.000698s)
Info    : No ill-shaped tets in the mesh :-)
Info    : 0.00 < quality < 0.10 :         0 elements
Info    : 0.10 < quality < 0.20 :         0 elements
Info    : 0.20 < quality < 0.30 :         2 elements
Info    : 0.30 < quality < 0.40 :        37 elements
Info    : 0.40 < quality < 0.50 :       136 elements
Info    : 0.50 < quality < 0.60 :       232 elements
Info    : 0.60 < quality < 0.70 :       240 elements
Info    : 0.70 < quality < 0.80 :       190 elements
Info    : 0.80 < quality < 0.90 :       125 elements
Info    : 0.90 < quality < 1.00 :        55 elements
Info    : Optimizing volume 28
Info    : Optimization starts (volume = 24617.5) with worst = 0.000485527 / average = 0.0549893:
Info    : 0.00 < quality < 0.10 :      1155 elements
Info    : 0.10 < quality < 0.20 :       208 elements
Info    : 0.20 < quality < 0.30 :         0 elements
Info    : 0.30 < quality < 0.40 :         0 elements
Info    : 0.40 < quality < 0.50 :         0 elements
Info    : 0.50 < quality < 0.60 :         0 elements
Info    : 0.60 < quality < 0.70 :         0 elements
Info    : 0.70 < quality < 0.80 :         0 elements
Info    : 0.80 < quality < 0.90 :         0 elements
Info    : 0.90 < quality < 1.00 :         0 elements
Info    : 191 edge swaps, 0 node relocations (volume = 24617.5): worst = 0.00089375 / average = 0.0561929 (Wall 0.00773446s, CPU 0.007733s)
Info    : 207 edge swaps, 0 node relocations (volume = 24617.5): worst = 0.00089375 / average = 0.0562446 (Wall 0.015133s, CPU 0.015117s)
Warning : 1 ill-shaped tets are still in the mesh
Info    : 0.00 < quality < 0.10 :      1014 elements
Info    : 0.10 < quality < 0.20 :       184 elements
Info    : 0.20 < quality < 0.30 :         0 elements
Info    : 0.30 < quality < 0.40 :         0 elements
Info    : 0.40 < quality < 0.50 :         0 elements
Info    : 0.50 < quality < 0.60 :         0 elements
Info    : 0.60 < quality < 0.70 :         0 elements
Info    : 0.70 < quality < 0.80 :         0 elements
Info    : 0.80 < quality < 0.90 :         0 elements
Info    : 0.90 < quality < 1.00 :         0 elements
Info    : Optimizing volume 29
Info    : Optimization starts (volume = 962992) with worst = 0.000140749 / average = 0.466395:
Info    : 0.00 < quality < 0.10 :       257 elements
Info    : 0.10 < quality < 0.20 :      1064 elements
Info    : 0.20 < quality < 0.30 :       976 elements
Info    : 0.30 < quality < 0.40 :      1265 elements
Info    : 0.40 < quality < 0.50 :      1140 elements
Info    : 0.50 < quality < 0.60 :      1274 elements
Info    : 0.60 < quality < 0.70 :       940 elements
Info    : 0.70 < quality < 0.80 :       769 elements
Info    : 0.80 < quality < 0.90 :       605 elements
Info    : 0.90 < quality < 1.00 :       202 elements
Info    : 487 edge swaps, 48 node relocations (volume = 962992): worst = 0.0133354 / average = 0.481026 (Wall 0.0223032s, CPU 0.022296s)
Info    : 539 edge swaps, 55 node relocations (volume = 962992): worst = 0.0195368 / average = 0.481853 (Wall 0.042163s, CPU 0.042151s)
Info    : 547 edge swaps, 57 node relocations (volume = 962992): worst = 0.0195368 / average = 0.482261 (Wall 0.0582679s, CPU 0.058253s)
Info    : No ill-shaped tets in the mesh :-)
Info    : 0.00 < quality < 0.10 :       112 elements
Info    : 0.10 < quality < 0.20 :       949 elements
Info    : 0.20 < quality < 0.30 :       810 elements
Info    : 0.30 < quality < 0.40 :      1316 elements
Info    : 0.40 < quality < 0.50 :      1139 elements
Info    : 0.50 < quality < 0.60 :      1283 elements
Info    : 0.60 < quality < 0.70 :       906 elements
Info    : 0.70 < quality < 0.80 :       779 elements
Info    : 0.80 < quality < 0.90 :       623 elements
Info    : 0.90 < quality < 1.00 :       198 elements
Info    : Optimizing volume 30
Info    : Optimization starts (volume = 230789) with worst = 0.0347994 / average = 0.519632:
Info    : 0.00 < quality < 0.10 :        14 elements
Info    : 0.10 < quality < 0.20 :       109 elements
Info    : 0.20 < quality < 0.30 :       204 elements
Info    : 0.30 < quality < 0.40 :       240 elements
Info    : 0.40 < quality < 0.50 :       305 elements
Info    : 0.50 < quality < 0.60 :       368 elements
Info    : 0.60 < quality < 0.70 :       394 elements
Info    : 0.70 < quality < 0.80 :       265 elements
Info    : 0.80 < quality < 0.90 :       103 elements
Info    : 0.90 < quality < 1.00 :        11 elements
Info    : 88 edge swaps, 0 node relocations (volume = 230789): worst = 0.0816526 / average = 0.530913 (Wall 0.00223726s, CPU 0.002238s)
Info    : 91 edge swaps, 0 node relocations (volume = 230789): worst = 0.0816526 / average = 0.531081 (Wall 0.00370899s, CPU 0.00371s)
Info    : No ill-shaped tets in the mesh :-)
Info    : 0.00 < quality < 0.10 :         4 elements
Info    : 0.10 < quality < 0.20 :        83 elements
Info    : 0.20 < quality < 0.30 :       167 elements
Info    : 0.30 < quality < 0.40 :       243 elements
Info    : 0.40 < quality < 0.50 :       308 elements
Info    : 0.50 < quality < 0.60 :       359 elements
Info    : 0.60 < quality < 0.70 :       387 elements
Info    : 0.70 < quality < 0.80 :       272 elements
Info    : 0.80 < quality < 0.90 :       104 elements
Info    : 0.90 < quality < 1.00 :        11 elements
Info    : Optimizing volume 31
Info    : Optimization starts (volume = 1.10779e+07) with worst = 0.0752061 / average = 0.602594:
Info    : 0.00 < quality < 0.10 :         2 elements
Info    : 0.10 < quality < 0.20 :        13 elements
Info    : 0.20 < quality < 0.30 :        22 elements
Info    : 0.30 < quality < 0.40 :        72 elements
Info    : 0.40 < quality < 0.50 :       212 elements
Info    : 0.50 < quality < 0.60 :       307 elements
Info    : 0.60 < quality < 0.70 :       265 elements
Info    : 0.70 < quality < 0.80 :       204 elements
Info    : 0.80 < quality < 0.90 :       108 elements
Info    : 0.90 < quality < 1.00 :        36 elements
Info    : 34 edge swaps, 2 node relocations (volume = 1.10779e+07): worst = 0.278086 / average = 0.612682 (Wall 0.000428491s, CPU 0.00043s)
Info    : 36 edge swaps, 2 node relocations (volume = 1.10779e+07): worst = 0.303597 / average = 0.613169 (Wall 0.000500454s, CPU 0.000501s)
Info    : No ill-shaped tets in the mesh :-)
Info    : 0.00 < quality < 0.10 :         0 elements
Info    : 0.10 < quality < 0.20 :         0 elements
Info    : 0.20 < quality < 0.30 :         0 elements
Info    : 0.30 < quality < 0.40 :        82 elements
Info    : 0.40 < quality < 0.50 :       215 elements
Info    : 0.50 < quality < 0.60 :       303 elements
Info    : 0.60 < quality < 0.70 :       263 elements
Info    : 0.70 < quality < 0.80 :       202 elements
Info    : 0.80 < quality < 0.90 :       115 elements
Info    : 0.90 < quality < 1.00 :        34 elements
Info    : Optimizing volume 32
Info    : Optimization starts (volume = 3.59552e+07) with worst = 0.00487048 / average = 0.566962:
Info    : 0.00 < quality < 0.10 :        80 elements
Info    : 0.10 < quality < 0.20 :        34 elements
Info    : 0.20 < quality < 0.30 :        26 elements
Info    : 0.30 < quality < 0.40 :        63 elements
Info    : 0.40 < quality < 0.50 :        75 elements
Info    : 0.50 < quality < 0.60 :       120 elements
Info    : 0.60 < quality < 0.70 :       212 elements
Info    : 0.70 < quality < 0.80 :       212 elements
Info    : 0.80 < quality < 0.90 :       106 elements
Info    : 0.90 < quality < 1.00 :        10 elements
Info    : 32 edge swaps, 0 node relocations (volume = 3.59552e+07): worst = 0.00749209 / average = 0.576027 (Wall 0.00151381s, CPU 0.001513s)
Info    : 34 edge swaps, 0 node relocations (volume = 3.59552e+07): worst = 0.00749209 / average = 0.577247 (Wall 0.00339494s, CPU 0.003374s)
Info    : No ill-shaped tets in the mesh :-)
Info    : 0.00 < quality < 0.10 :        72 elements
Info    : 0.10 < quality < 0.20 :        32 elements
Info    : 0.20 < quality < 0.30 :        12 elements
Info    : 0.30 < quality < 0.40 :        61 elements
Info    : 0.40 < quality < 0.50 :        79 elements
Info    : 0.50 < quality < 0.60 :       120 elements
Info    : 0.60 < quality < 0.70 :       212 elements
Info    : 0.70 < quality < 0.80 :       216 elements
Info    : 0.80 < quality < 0.90 :        99 elements
Info    : 0.90 < quality < 1.00 :        14 elements
Info    : Done optimizing mesh (Wall 0.122372s, CPU 0.122309s)
Info    : 3096 nodes 24769 elements
Warning : ------------------------------
Warning : Mesh generation error summary
Warning :     1 warning
Warning :     0 errors
Warning : Check the full log for details
Warning : ------------------------------
Info    : Writing '/foss/designs/inductor_synth/palace_model/inductor3_N2_do64.04_w3_s2.01_data/inductor3_N2_do64.04_w3_s2.01.msh'...
Info    : Done writing '/foss/designs/inductor_synth/palace_model/inductor3_N2_do64.04_w3_s2.01_data/inductor3_N2_do64.04_w3_s2.01.msh'
Info    : Clearing all models and views...
Info    : Done clearing all models and views
Info    : Meshing 1D...
Info    : [  0%] Meshing curve 64 (Line)
Info    : [ 10%] Meshing curve 65 (Line)
Info    : [ 10%] Meshing curve 67 (Line)
Info    : [ 10%] Meshing curve 69 (Line)
Info    : [ 10%] Meshing curve 70 (Line)
Info    : [ 10%] Meshing curve 71 (Line)
Info    : [ 10%] Meshing curve 72 (Line)
Info    : [ 10%] Meshing curve 76 (Line)
Info    : [ 10%] Meshing curve 77 (Line)
Info    : [ 10%] Meshing curve 79 (Line)
Info    : [ 10%] Meshing curve 81 (Line)
Info    : [ 10%] Meshing curve 82 (Line)
Info    : [ 10%] Meshing curve 83 (Line)
Info    : [ 10%] Meshing curve 84 (Line)
Info    : [ 10%] Meshing curve 85 (Line)
Info    : [ 10%] Meshing curve 86 (Line)
Info    : [ 10%] Meshing curve 87 (Line)
Info    : [ 10%] Meshing curve 88 (Line)
Info    : [ 10%] Meshing curve 89 (Line)
Info    : [ 10%] Meshing curve 90 (Line)
Info    : [ 10%] Meshing curve 91 (Line)
Info    : [ 10%] Meshing curve 92 (Line)
Info    : [ 10%] Meshing curve 93 (Line)
Info    : [ 10%] Meshing curve 94 (Line)
Info    : [ 10%] Meshing curve 95 (Line)
Info    : [ 10%] Meshing curve 96 (Line)
Info    : [ 10%] Meshing curve 97 (Line)
Info    : [ 10%] Meshing curve 98 (Line)
Info    : [ 10%] Meshing curve 99 (Line)
Info    : [ 10%] Meshing curve 100 (Line)
Info    : [ 10%] Meshing curve 101 (Line)
Info    : [ 10%] Meshing curve 102 (Line)
Info    : [ 10%] Meshing curve 103 (Line)
Info    : [ 10%] Meshing curve 104 (Line)
Info    : [ 20%] Meshing curve 105 (Line)
Info    : [ 20%] Meshing curve 106 (Line)
Info    : [ 20%] Meshing curve 107 (Line)
Info    : [ 20%] Meshing curve 108 (Line)
Info    : [ 20%] Meshing curve 109 (Line)
Info    : [ 20%] Meshing curve 110 (Line)
Info    : [ 20%] Meshing curve 111 (Line)
Info    : [ 20%] Meshing curve 112 (Line)
Info    : [ 20%] Meshing curve 113 (Line)
Info    : [ 20%] Meshing curve 114 (Line)
Info    : [ 20%] Meshing curve 115 (Line)
Info    : [ 20%] Meshing curve 116 (Line)
Info    : [ 20%] Meshing curve 117 (Line)
Info    : [ 20%] Meshing curve 118 (Line)
Info    : [ 20%] Meshing curve 119 (Line)
Info    : [ 20%] Meshing curve 120 (Line)
Info    : [ 20%] Meshing curve 121 (Line)
Info    : [ 20%] Meshing curve 122 (Line)
Info    : [ 20%] Meshing curve 123 (Line)
Info    : [ 20%] Meshing curve 124 (Line)
Info    : [ 20%] Meshing curve 125 (Line)
Info    : [ 20%] Meshing curve 126 (Line)
Info    : [ 20%] Meshing curve 127 (Line)
Info    : [ 20%] Meshing curve 128 (Line)
Info    : [ 20%] Meshing curve 129 (Line)
Info    : [ 20%] Meshing curve 130 (Line)
Info    : [ 20%] Meshing curve 131 (Line)
Info    : [ 20%] Meshing curve 132 (Line)
Info    : [ 20%] Meshing curve 133 (Line)
Info    : [ 20%] Meshing curve 134 (Line)
Info    : [ 20%] Meshing curve 135 (Line)
Info    : [ 20%] Meshing curve 136 (Line)
Info    : [ 20%] Meshing curve 137 (Line)
Info    : [ 20%] Meshing curve 138 (Line)
Info    : [ 30%] Meshing curve 139 (Line)
Info    : [ 30%] Meshing curve 140 (Line)
Info    : [ 30%] Meshing curve 141 (Line)
Info    : [ 30%] Meshing curve 142 (Line)
Info    : [ 30%] Meshing curve 143 (Line)
Info    : [ 30%] Meshing curve 144 (Line)
Info    : [ 30%] Meshing curve 145 (Line)
Info    : [ 30%] Meshing curve 146 (Line)
Info    : [ 30%] Meshing curve 147 (Line)
Info    : [ 30%] Meshing curve 148 (Line)
Info    : [ 30%] Meshing curve 149 (Line)
Info    : [ 30%] Meshing curve 150 (Line)
Info    : [ 30%] Meshing curve 151 (Line)
Info    : [ 30%] Meshing curve 152 (Line)
Info    : [ 30%] Meshing curve 153 (Line)
Info    : [ 30%] Meshing curve 154 (Line)
Info    : [ 30%] Meshing curve 155 (Line)
Info    : [ 30%] Meshing curve 156 (Line)
Info    : [ 30%] Meshing curve 397 (Line)
Info    : [ 30%] Meshing curve 398 (Line)
Info    : [ 30%] Meshing curve 399 (Line)
Info    : [ 30%] Meshing curve 400 (Line)
Info    : [ 30%] Meshing curve 401 (Line)
Info    : [ 30%] Meshing curve 402 (Line)
Info    : [ 30%] Meshing curve 403 (Line)
Info    : [ 30%] Meshing curve 404 (Line)
Info    : [ 30%] Meshing curve 405 (Line)
Info    : [ 30%] Meshing curve 406 (Line)
Info    : [ 30%] Meshing curve 407 (Line)
Info    : [ 30%] Meshing curve 408 (Line)
Info    : [ 30%] Meshing curve 409 (TrimmedCurve)
Info    : [ 30%] Meshing curve 410 (Line)
Info    : [ 30%] Meshing curve 411 (TrimmedCurve)
Info    : [ 30%] Meshing curve 412 (Line)
Info    : [ 40%] Meshing curve 413 (Line)
Info    : [ 40%] Meshing curve 414 (Line)
Info    : [ 40%] Meshing curve 415 (Line)
Info    : [ 40%] Meshing curve 416 (Line)
Info    : [ 40%] Meshing curve 417 (Line)
Info    : [ 40%] Meshing curve 418 (Line)
Info    : [ 40%] Meshing curve 419 (Line)
Info    : [ 40%] Meshing curve 420 (TrimmedCurve)
Info    : [ 40%] Meshing curve 421 (Line)
Info    : [ 40%] Meshing curve 422 (TrimmedCurve)
Info    : [ 40%] Meshing curve 423 (Line)
Info    : [ 40%] Meshing curve 424 (Line)
Info    : [ 40%] Meshing curve 425 (Line)
Info    : [ 40%] Meshing curve 426 (Line)
Info    : [ 40%] Meshing curve 427 (Line)
Info    : [ 40%] Meshing curve 428 (Line)
Info    : [ 40%] Meshing curve 429 (Line)
Info    : [ 40%] Meshing curve 430 (Line)
Info    : [ 40%] Meshing curve 431 (Line)
Info    : [ 40%] Meshing curve 432 (Line)
Info    : [ 40%] Meshing curve 433 (TrimmedCurve)
Info    : [ 40%] Meshing curve 434 (Line)
Info    : [ 40%] Meshing curve 435 (TrimmedCurve)
Info    : [ 40%] Meshing curve 436 (Line)
Info    : [ 40%] Meshing curve 437 (Line)
Info    : [ 40%] Meshing curve 438 (Line)
Info    : [ 40%] Meshing curve 439 (Line)
Info    : [ 40%] Meshing curve 440 (TrimmedCurve)
Info    : [ 40%] Meshing curve 441 (Line)
Info    : [ 40%] Meshing curve 442 (TrimmedCurve)
Info    : [ 40%] Meshing curve 443 (Line)
Info    : [ 40%] Meshing curve 444 (TrimmedCurve)
Info    : [ 40%] Meshing curve 445 (Line)
Info    : [ 40%] Meshing curve 446 (TrimmedCurve)
Info    : [ 50%] Meshing curve 447 (Line)
Info    : [ 50%] Meshing curve 448 (TrimmedCurve)
Info    : [ 50%] Meshing curve 449 (Line)
Info    : [ 50%] Meshing curve 450 (Line)
Info    : [ 50%] Meshing curve 451 (Line)
Info    : [ 50%] Meshing curve 452 (Line)
Info    : [ 50%] Meshing curve 453 (Line)
Info    : [ 50%] Meshing curve 454 (TrimmedCurve)
Info    : [ 50%] Meshing curve 455 (Line)
Info    : [ 50%] Meshing curve 456 (TrimmedCurve)
Info    : [ 50%] Meshing curve 457 (Line)
Info    : [ 50%] Meshing curve 458 (TrimmedCurve)
Info    : [ 50%] Meshing curve 459 (Line)
Info    : [ 50%] Meshing curve 460 (TrimmedCurve)
Info    : [ 50%] Meshing curve 461 (Line)
Info    : [ 50%] Meshing curve 462 (TrimmedCurve)
Info    : [ 50%] Meshing curve 463 (Line)
Info    : [ 50%] Meshing curve 464 (TrimmedCurve)
Info    : [ 50%] Meshing curve 465 (Line)
Info    : [ 50%] Meshing curve 466 (Line)
Info    : [ 50%] Meshing curve 467 (Line)
Info    : [ 50%] Meshing curve 468 (Line)
Info    : [ 50%] Meshing curve 469 (Line)
Info    : [ 50%] Meshing curve 470 (TrimmedCurve)
Info    : [ 50%] Meshing curve 471 (Line)
Info    : [ 50%] Meshing curve 472 (Line)
Info    : [ 50%] Meshing curve 473 (Line)
Info    : [ 50%] Meshing curve 474 (Line)
Info    : [ 50%] Meshing curve 475 (TrimmedCurve)
Info    : [ 50%] Meshing curve 476 (Line)
Info    : [ 50%] Meshing curve 477 (TrimmedCurve)
Info    : [ 50%] Meshing curve 478 (Line)
Info    : [ 50%] Meshing curve 479 (TrimmedCurve)
Info    : [ 50%] Meshing curve 480 (Line)
Info    : [ 60%] Meshing curve 481 (TrimmedCurve)
Info    : [ 60%] Meshing curve 482 (Line)
Info    : [ 60%] Meshing curve 483 (TrimmedCurve)
Info    : [ 60%] Meshing curve 484 (Line)
Info    : [ 60%] Meshing curve 485 (Line)
Info    : [ 60%] Meshing curve 486 (Line)
Info    : [ 60%] Meshing curve 487 (Line)
Info    : [ 60%] Meshing curve 488 (Line)
Info    : [ 60%] Meshing curve 489 (TrimmedCurve)
Info    : [ 60%] Meshing curve 490 (Line)
Info    : [ 60%] Meshing curve 491 (TrimmedCurve)
Info    : [ 60%] Meshing curve 492 (Line)
Info    : [ 60%] Meshing curve 493 (TrimmedCurve)
Info    : [ 60%] Meshing curve 494 (Line)
Info    : [ 60%] Meshing curve 495 (TrimmedCurve)
Info    : [ 60%] Meshing curve 496 (Line)
Info    : [ 60%] Meshing curve 497 (TrimmedCurve)
Info    : [ 60%] Meshing curve 498 (Line)
Info    : [ 60%] Meshing curve 499 (TrimmedCurve)
Info    : [ 60%] Meshing curve 500 (Line)
Info    : [ 60%] Meshing curve 501 (Line)
Info    : [ 60%] Meshing curve 502 (Line)
Info    : [ 60%] Meshing curve 503 (Line)
Info    : [ 60%] Meshing curve 504 (Line)
Info    : [ 60%] Meshing curve 505 (TrimmedCurve)
Info    : [ 60%] Meshing curve 506 (Line)
Info    : [ 60%] Meshing curve 507 (Line)
Info    : [ 60%] Meshing curve 508 (Line)
Info    : [ 60%] Meshing curve 509 (Line)
Info    : [ 60%] Meshing curve 510 (Line)
Info    : [ 60%] Meshing curve 511 (Line)
Info    : [ 60%] Meshing curve 512 (Line)
Info    : [ 60%] Meshing curve 513 (Line)
Info    : [ 70%] Meshing curve 514 (Line)
Info    : [ 70%] Meshing curve 515 (Line)
Info    : [ 70%] Meshing curve 516 (Line)
Info    : [ 70%] Meshing curve 517 (Line)
Info    : [ 70%] Meshing curve 518 (Line)
Info    : [ 70%] Meshing curve 519 (Line)
Info    : [ 70%] Meshing curve 520 (Line)
Info    : [ 70%] Meshing curve 521 (Line)
Info    : [ 70%] Meshing curve 522 (Line)
Info    : [ 70%] Meshing curve 523 (Line)
Info    : [ 70%] Meshing curve 524 (Line)
Info    : [ 70%] Meshing curve 525 (Line)
Info    : [ 70%] Meshing curve 526 (Line)
Info    : [ 70%] Meshing curve 527 (Line)
Info    : [ 70%] Meshing curve 528 (Line)
Info    : [ 70%] Meshing curve 529 (Line)
Info    : [ 70%] Meshing curve 530 (Line)
Info    : [ 70%] Meshing curve 531 (Line)
Info    : [ 70%] Meshing curve 532 (Line)
Info    : [ 70%] Meshing curve 533 (Line)
Info    : [ 70%] Meshing curve 534 (Line)
Info    : [ 70%] Meshing curve 535 (Line)
Info    : [ 70%] Meshing curve 536 (Line)
Info    : [ 70%] Meshing curve 537 (Line)
Info    : [ 70%] Meshing curve 538 (Line)
Info    : [ 70%] Meshing curve 539 (Line)
Info    : [ 70%] Meshing curve 540 (Line)
Info    : [ 70%] Meshing curve 541 (Line)
Info    : [ 70%] Meshing curve 542 (Line)
Info    : [ 70%] Meshing curve 543 (Line)
Info    : [ 70%] Meshing curve 544 (Line)
Info    : [ 70%] Meshing curve 545 (Line)
Info    : [ 70%] Meshing curve 546 (Line)
Info    : [ 70%] Meshing curve 547 (Line)
Info    : [ 80%] Meshing curve 548 (Line)
Info    : [ 80%] Meshing curve 549 (Line)
Info    : [ 80%] Meshing curve 550 (Line)
Info    : [ 80%] Meshing curve 551 (Line)
Info    : [ 80%] Meshing curve 552 (TrimmedCurve)
Info    : [ 80%] Meshing curve 553 (Line)
Info    : [ 80%] Meshing curve 554 (Line)
Info    : [ 80%] Meshing curve 555 (Line)
Info    : [ 80%] Meshing curve 556 (Line)
Info    : [ 80%] Meshing curve 557 (Line)
Info    : [ 80%] Meshing curve 558 (TrimmedCurve)
Info    : [ 80%] Meshing curve 559 (Line)
Info    : [ 80%] Meshing curve 560 (Line)
Info    : [ 80%] Meshing curve 561 (TrimmedCurve)
Info    : [ 80%] Meshing curve 562 (Line)
Info    : [ 80%] Meshing curve 563 (Line)
Info    : [ 80%] Meshing curve 564 (Line)
Info    : [ 80%] Meshing curve 565 (Line)
Info    : [ 80%] Meshing curve 566 (Line)
Info    : [ 80%] Meshing curve 567 (TrimmedCurve)
Info    : [ 80%] Meshing curve 568 (Line)
Info    : [ 80%] Meshing curve 569 (Line)
Info    : [ 80%] Meshing curve 570 (Line)
Info    : [ 80%] Meshing curve 571 (Line)
Info    : [ 80%] Meshing curve 572 (Line)
Info    : [ 80%] Meshing curve 573 (Line)
Info    : [ 80%] Meshing curve 574 (Line)
Info    : [ 80%] Meshing curve 575 (Line)
Info    : [ 80%] Meshing curve 576 (Line)
Info    : [ 80%] Meshing curve 577 (Line)
Info    : [ 80%] Meshing curve 578 (Line)
Info    : [ 80%] Meshing curve 579 (Line)
Info    : [ 80%] Meshing curve 580 (Line)
Info    : [ 80%] Meshing curve 581 (Line)
Info    : [ 90%] Meshing curve 582 (Line)
Info    : [ 90%] Meshing curve 583 (Line)
Info    : [ 90%] Meshing curve 584 (Line)
Info    : [ 90%] Meshing curve 585 (Line)
Info    : [ 90%] Meshing curve 586 (Line)
Info    : [ 90%] Meshing curve 587 (Line)
Info    : [ 90%] Meshing curve 588 (Line)
Info    : [ 90%] Meshing curve 589 (Line)
Info    : [ 90%] Meshing curve 590 (Line)
Info    : [ 90%] Meshing curve 591 (Line)
Info    : [ 90%] Meshing curve 592 (Line)
Info    : [ 90%] Meshing curve 593 (Line)
Info    : [ 90%] Meshing curve 594 (Line)
Info    : [ 90%] Meshing curve 595 (Line)
Info    : [ 90%] Meshing curve 596 (Line)
Info    : [ 90%] Meshing curve 597 (Line)
Info    : [ 90%] Meshing curve 598 (Line)
Info    : [ 90%] Meshing curve 599 (Line)
Info    : [ 90%] Meshing curve 600 (Line)
Info    : [ 90%] Meshing curve 601 (Line)
Info    : [ 90%] Meshing curve 602 (Line)
Info    : [ 90%] Meshing curve 603 (Line)
Info    : [ 90%] Meshing curve 604 (Line)
Info    : [ 90%] Meshing curve 605 (Line)
Info    : [ 90%] Meshing curve 606 (Line)
Info    : [ 90%] Meshing curve 607 (Line)
Info    : [ 90%] Meshing curve 608 (Line)
Info    : [ 90%] Meshing curve 609 (Line)
Info    : [ 90%] Meshing curve 610 (Line)
Info    : [ 90%] Meshing curve 611 (Line)
Info    : [ 90%] Meshing curve 612 (Line)
Info    : [ 90%] Meshing curve 613 (Line)
Info    : [ 90%] Meshing curve 614 (Line)
Info    : [ 90%] Meshing curve 615 (Line)
Info    : [100%] Meshing curve 616 (Line)
Info    : [100%] Meshing curve 617 (Line)
Info    : [100%] Meshing curve 618 (Line)
Info    : [100%] Meshing curve 619 (Line)
Info    : [100%] Meshing curve 620 (Line)
Info    : [100%] Meshing curve 621 (Line)
Info    : [100%] Meshing curve 622 (Line)
Info    : [100%] Meshing curve 623 (Line)
Info    : [100%] Meshing curve 624 (Line)
Info    : [100%] Meshing curve 625 (Line)
Info    : [100%] Meshing curve 626 (Line)
Info    : [100%] Meshing curve 627 (Line)
Info    : [100%] Meshing curve 628 (Line)
Info    : [100%] Meshing curve 629 (Line)
Info    : [100%] Meshing curve 630 (Line)
Info    : [100%] Meshing curve 631 (Line)
Info    : [100%] Meshing curve 632 (Line)
Info    : [100%] Meshing curve 633 (Line)
Info    : [100%] Meshing curve 634 (Line)
Info    : [100%] Meshing curve 635 (Line)
Info    : [100%] Meshing curve 636 (Line)
Info    : [100%] Meshing curve 637 (Line)
Info    : [100%] Meshing curve 638 (Line)
Info    : [100%] Meshing curve 639 (Line)
Info    : [100%] Meshing curve 640 (Line)
Info    : [100%] Meshing curve 641 (Line)
Info    : [100%] Meshing curve 642 (Line)
Info    : [100%] Meshing curve 643 (Line)
Info    : [100%] Meshing curve 644 (Line)
Info    : [100%] Meshing curve 645 (Line)
Info    : [100%] Meshing curve 646 (Line)
Info    : [100%] Meshing curve 647 (Line)
Info    : [100%] Meshing curve 648 (Line)
Info    : Done meshing 1D (Wall 1.21514s, CPU 1.21053s)
Info    : Meshing 2D...
Info    : [  0%] Meshing surface 35 (Plane, Delaunay)
Info    : [ 10%] Meshing surface 41 (Plane, Delaunay)
Info    : [ 10%] Meshing surface 43 (Plane, Delaunay)
Info    : [ 10%] Meshing surface 44 (Plane, Delaunay)
Info    : [ 10%] Meshing surface 45 (Plane, Delaunay)
Info    : [ 10%] Meshing surface 46 (Plane, Delaunay)
Info    : [ 10%] Meshing surface 47 (Plane, Delaunay)
Info    : [ 10%] Meshing surface 48 (Plane, Delaunay)
Info    : [ 10%] Meshing surface 49 (Plane, Delaunay)
Info    : [ 10%] Meshing surface 50 (Plane, Delaunay)
Info    : [ 10%] Meshing surface 51 (Plane, Delaunay)
Info    : [ 10%] Meshing surface 53 (Plane, Delaunay)
Info    : [ 10%] Meshing surface 54 (Plane, Delaunay)
Info    : [ 10%] Meshing surface 55 (Plane, Delaunay)
Info    : [ 10%] Meshing surface 56 (Plane, Delaunay)
Info    : [ 20%] Meshing surface 57 (Plane, Delaunay)
Info    : [ 20%] Meshing surface 58 (Plane, Delaunay)
Info    : [ 20%] Meshing surface 59 (Plane, Delaunay)
Info    : [ 20%] Meshing surface 60 (Plane, Delaunay)
Info    : [ 20%] Meshing surface 61 (Plane, Delaunay)
Info    : [ 20%] Meshing surface 62 (Plane, Delaunay)
Info    : [ 20%] Meshing surface 63 (Plane, Delaunay)
Info    : [ 20%] Meshing surface 64 (Plane, Delaunay)
Info    : [ 20%] Meshing surface 65 (Plane, Delaunay)
Info    : [ 20%] Meshing surface 66 (Plane, Delaunay)
Info    : [ 20%] Meshing surface 67 (Plane, Delaunay)
Info    : [ 20%] Meshing surface 68 (Plane, Delaunay)
Info    : [ 20%] Meshing surface 69 (Plane, Delaunay)
Info    : [ 20%] Meshing surface 70 (Plane, Delaunay)
Info    : [ 20%] Meshing surface 71 (Plane, Delaunay)
Info    : [ 30%] Meshing surface 72 (Plane, Delaunay)
Info    : [ 30%] Meshing surface 73 (Plane, Delaunay)
Info    : [ 30%] Meshing surface 74 (Plane, Delaunay)
Info    : [ 30%] Meshing surface 75 (Plane, Delaunay)
Info    : [ 30%] Meshing surface 76 (Plane, Delaunay)
Info    : [ 30%] Meshing surface 179 (Plane, Delaunay)
Info    : [ 30%] Meshing surface 180 (Plane, Delaunay)
Info    : [ 30%] Meshing surface 181 (Plane, Delaunay)
Info    : [ 30%] Meshing surface 183 (Plane, Delaunay)
Info    : [ 30%] Meshing surface 184 (Plane, Delaunay)
Info    : [ 30%] Meshing surface 185 (Plane, Delaunay)
Info    : [ 30%] Meshing surface 186 (Plane, Delaunay)
Info    : [ 30%] Meshing surface 187 (Plane, Delaunay)
Info    : [ 30%] Meshing surface 188 (Plane, Delaunay)
Info    : [ 40%] Meshing surface 189 (Plane, Delaunay)
Info    : [ 40%] Meshing surface 190 (Plane, Delaunay)
Info    : [ 40%] Meshing surface 191 (Plane, Delaunay)
Info    : [ 40%] Meshing surface 192 (Plane, Delaunay)
Info    : [ 40%] Meshing surface 193 (Plane, Delaunay)
Info    : [ 40%] Meshing surface 195 (Plane, Delaunay)
Info    : [ 40%] Meshing surface 196 (Plane, Delaunay)
Info    : [ 40%] Meshing surface 197 (Plane, Delaunay)
Info    : [ 40%] Meshing surface 198 (Plane, Delaunay)
Info    : [ 40%] Meshing surface 199 (Plane, Delaunay)
Info    : [ 40%] Meshing surface 200 (Plane, Delaunay)
Info    : [ 40%] Meshing surface 201 (Plane, Delaunay)
Info    : [ 40%] Meshing surface 202 (Plane, Delaunay)
Info    : [ 40%] Meshing surface 203 (Plane, Delaunay)
Info    : [ 40%] Meshing surface 204 (Plane, Delaunay)
Info    : [ 50%] Meshing surface 205 (Plane, Delaunay)
Info    : [ 50%] Meshing surface 206 (Plane, Delaunay)
Info    : [ 50%] Meshing surface 207 (Plane, Delaunay)
Info    : [ 50%] Meshing surface 208 (Plane, Delaunay)
Info    : [ 50%] Meshing surface 209 (Plane, Delaunay)
Info    : [ 50%] Meshing surface 210 (Plane, Delaunay)
Info    : [ 50%] Meshing surface 211 (Plane, Delaunay)
Info    : [ 50%] Meshing surface 212 (Plane, Delaunay)
Info    : [ 50%] Meshing surface 213 (Plane, Delaunay)
Info    : [ 50%] Meshing surface 214 (Plane, Delaunay)
Info    : [ 50%] Meshing surface 215 (Plane, Delaunay)
Info    : [ 50%] Meshing surface 216 (Plane, Delaunay)
Info    : [ 50%] Meshing surface 217 (Plane, Delaunay)
Info    : [ 50%] Meshing surface 218 (Plane, Delaunay)
Info    : [ 50%] Meshing surface 219 (Plane, Delaunay)
Info    : [ 60%] Meshing surface 220 (Plane, Delaunay)
Info    : [ 60%] Meshing surface 221 (Plane, Delaunay)
Info    : [ 60%] Meshing surface 222 (Plane, Delaunay)
Info    : [ 60%] Meshing surface 223 (Plane, Delaunay)
Info    : [ 60%] Meshing surface 224 (Plane, Delaunay)
Info    : [ 60%] Meshing surface 225 (Plane, Delaunay)
Info    : [ 60%] Meshing surface 226 (Plane, Delaunay)
Info    : [ 60%] Meshing surface 227 (Plane, Delaunay)
Info    : [ 60%] Meshing surface 228 (Plane, Delaunay)
Info    : [ 60%] Meshing surface 229 (Plane, Delaunay)
Info    : [ 60%] Meshing surface 230 (Plane, Delaunay)
Info    : [ 60%] Meshing surface 231 (Plane, Delaunay)
Info    : [ 60%] Meshing surface 232 (Plane, Delaunay)
Info    : [ 60%] Meshing surface 233 (Plane, Delaunay)
Info    : [ 70%] Meshing surface 235 (Plane, Delaunay)
Info    : [ 70%] Meshing surface 236 (Plane, Delaunay)
Info    : [ 70%] Meshing surface 237 (Plane, Delaunay)
Info    : [ 70%] Meshing surface 238 (Plane, Delaunay)
Info    : [ 70%] Meshing surface 239 (Plane, Delaunay)
Info    : [ 70%] Meshing surface 240 (Plane, Delaunay)
Info    : [ 70%] Meshing surface 241 (Plane, Delaunay)
Info    : [ 70%] Meshing surface 242 (Plane, Delaunay)
Info    : [ 70%] Meshing surface 243 (Plane, Delaunay)
Info    : [ 70%] Meshing surface 244 (Plane, Delaunay)
Info    : [ 70%] Meshing surface 245 (Plane, Delaunay)
Info    : [ 70%] Meshing surface 246 (Plane, Delaunay)
Info    : [ 70%] Meshing surface 247 (Plane, Delaunay)
Info    : [ 70%] Meshing surface 248 (Plane, Delaunay)
Info    : [ 70%] Meshing surface 249 (Plane, Delaunay)
Info    : [ 80%] Meshing surface 250 (Plane, Delaunay)
Info    : [ 80%] Meshing surface 251 (Plane, Delaunay)
Info    : [ 80%] Meshing surface 252 (Plane, Delaunay)
Info    : [ 80%] Meshing surface 253 (Plane, Delaunay)
Info    : [ 80%] Meshing surface 254 (Plane, Delaunay)
Info    : [ 80%] Meshing surface 255 (Plane, Delaunay)
Info    : [ 80%] Meshing surface 256 (Plane, Delaunay)
Info    : [ 80%] Meshing surface 257 (Plane, Delaunay)
Info    : [ 80%] Meshing surface 258 (Plane, Delaunay)
Info    : [ 80%] Meshing surface 259 (Plane, Delaunay)
Info    : [ 80%] Meshing surface 260 (Plane, Delaunay)
Info    : [ 80%] Meshing surface 261 (Plane, Delaunay)
Info    : [ 80%] Meshing surface 262 (Plane, Delaunay)
Info    : [ 80%] Meshing surface 263 (Plane, Delaunay)
Info    : [ 90%] Meshing surface 264 (Plane, Delaunay)
Info    : [ 90%] Meshing surface 265 (Plane, Delaunay)
Info    : [ 90%] Meshing surface 266 (Plane, Delaunay)
Info    : [ 90%] Meshing surface 267 (Plane, Delaunay)
Info    : [ 90%] Meshing surface 268 (Plane, Delaunay)
Info    : [ 90%] Meshing surface 269 (Plane, Delaunay)
Info    : [ 90%] Meshing surface 270 (Plane, Delaunay)
Info    : [ 90%] Meshing surface 271 (Plane, Delaunay)
Info    : [ 90%] Meshing surface 272 (Plane, Delaunay)
Info    : [ 90%] Meshing surface 273 (Plane, Delaunay)
Info    : [ 90%] Meshing surface 274 (Plane, Delaunay)
Info    : [ 90%] Meshing surface 275 (Plane, Delaunay)
Info    : [ 90%] Meshing surface 276 (Plane, Delaunay)
Info    : [ 90%] Meshing surface 277 (Plane, Delaunay)
Info    : [ 90%] Meshing surface 278 (Plane, Delaunay)
Info    : [100%] Meshing surface 279 (Plane, Delaunay)
Info    : [100%] Meshing surface 280 (Plane, Delaunay)
Info    : [100%] Meshing surface 281 (Plane, Delaunay)
Info    : [100%] Meshing surface 282 (Plane, Delaunay)
Info    : [100%] Meshing surface 283 (Plane, Delaunay)
Info    : [100%] Meshing surface 284 (Plane, Delaunay)
Info    : [100%] Meshing surface 285 (Plane, Delaunay)
Info    : [100%] Meshing surface 286 (Plane, Delaunay)
Info    : [100%] Meshing surface 287 (Plane, Delaunay)
Info    : [100%] Meshing surface 288 (Plane, Delaunay)
Info    : [100%] Meshing surface 289 (Plane, Delaunay)
Info    : [100%] Meshing surface 290 (Plane, Delaunay)
Info    : [100%] Meshing surface 291 (Plane, Delaunay)
Info    : [100%] Meshing surface 292 (Plane, Delaunay)
Info    : Done meshing 2D (Wall 0.373511s, CPU 0.369594s)
Info    : Meshing 3D...
Info    : 3D Meshing 16 volumes with 1 connected component
Info    : Tetrahedrizing 3008 nodes...
Info    : Done tetrahedrizing 3016 nodes (Wall 0.0429704s, CPU 0.042829s)
Info    : Reconstructing mesh...
Info    :  - Creating surface mesh
Info    :  - Identifying boundary edges
Info    :  - Recovering boundary
Info    :  - Added 19 Steiner points
Info    : Done reconstructing mesh (Wall 0.11868s, CPU 0.114724s)
Info    : Found volume 28
Info    : Found volume 29
Info    : Found volume 24
Info    : Found volume 27
Info    : Found volume 9
Info    : Found volume 12
Info    : Found volume 31
Info    : Found volume 30
Info    : Found volume 25
Info    : Found volume 7
Info    : Found volume 6
Info    : Found volume 26
Info    : Found volume 8
Info    : Found volume 32
Info    : Found volume 10
Info    : Found volume 11
Info    : It. 0 - 0 nodes created - worst tet radius 14.7237 (nodes removed 0 0)
Info    : It. 500 - 4 nodes created - worst tet radius 2.87525 (nodes removed 0 496)
Info    : It. 1000 - 73 nodes created - worst tet radius 1.4133 (nodes removed 1 926)
Info    : It. 1500 - 229 nodes created - worst tet radius 1.06594 (nodes removed 7 1264)
Info    : 3D refinement terminated (3350 nodes total):
Info    :  - 1 Delaunay cavities modified for star shapeness
Info    :  - 1465 nodes could not be inserted
Info    :  - 19786 tetrahedra created in 0.0690133 sec. (286698 tets/s)
Info    : 429 node relocations
Info    : Done meshing 3D (Wall 0.368353s, CPU 0.364121s)
Info    : Optimizing mesh...
Info    : Optimizing volume 6
Info    : Optimization starts (volume = 144) with worst = 0.125314 / average = 0.533533:
Info    : 0.00 < quality < 0.10 :         0 elements
Info    : 0.10 < quality < 0.20 :         2 elements
Info    : 0.20 < quality < 0.30 :        35 elements
Info    : 0.30 < quality < 0.40 :         8 elements
Info    : 0.40 < quality < 0.50 :        41 elements
Info    : 0.50 < quality < 0.60 :        34 elements
Info    : 0.60 < quality < 0.70 :         4 elements
Info    : 0.70 < quality < 0.80 :        32 elements
Info    : 0.80 < quality < 0.90 :        17 elements
Info    : 0.90 < quality < 1.00 :         2 elements
Info    : 2 edge swaps, 0 node relocations (volume = 144): worst = 0.125314 / average = 0.533229 (Wall 0.000181952s, CPU 0.000184s)
Info    : No ill-shaped tets in the mesh :-)
Info    : 0.00 < quality < 0.10 :         0 elements
Info    : 0.10 < quality < 0.20 :         2 elements
Info    : 0.20 < quality < 0.30 :        35 elements
Info    : 0.30 < quality < 0.40 :         8 elements
Info    : 0.40 < quality < 0.50 :        43 elements
Info    : 0.50 < quality < 0.60 :        32 elements
Info    : 0.60 < quality < 0.70 :         4 elements
Info    : 0.70 < quality < 0.80 :        32 elements
Info    : 0.80 < quality < 0.90 :        17 elements
Info    : 0.90 < quality < 1.00 :         2 elements
Info    : Optimizing volume 7
Info    : Optimization starts (volume = 144) with worst = 0.125314 / average = 0.533206:
Info    : 0.00 < quality < 0.10 :         0 elements
Info    : 0.10 < quality < 0.20 :         2 elements
Info    : 0.20 < quality < 0.30 :        35 elements
Info    : 0.30 < quality < 0.40 :         8 elements
Info    : 0.40 < quality < 0.50 :        41 elements
Info    : 0.50 < quality < 0.60 :        34 elements
Info    : 0.60 < quality < 0.70 :         6 elements
Info    : 0.70 < quality < 0.80 :        30 elements
Info    : 0.80 < quality < 0.90 :        17 elements
Info    : 0.90 < quality < 1.00 :         2 elements
Info    : 3 edge swaps, 0 node relocations (volume = 144): worst = 0.125314 / average = 0.532903 (Wall 0.000133315s, CPU 0.000133s)
Info    : No ill-shaped tets in the mesh :-)
Info    : 0.00 < quality < 0.10 :         0 elements
Info    : 0.10 < quality < 0.20 :         2 elements
Info    : 0.20 < quality < 0.30 :        35 elements
Info    : 0.30 < quality < 0.40 :         8 elements
Info    : 0.40 < quality < 0.50 :        43 elements
Info    : 0.50 < quality < 0.60 :        32 elements
Info    : 0.60 < quality < 0.70 :         6 elements
Info    : 0.70 < quality < 0.80 :        30 elements
Info    : 0.80 < quality < 0.90 :        17 elements
Info    : 0.90 < quality < 1.00 :         2 elements
Info    : Optimizing volume 8
Info    : Optimization starts (volume = 48.544) with worst = 0.177187 / average = 0.605117:
Info    : 0.00 < quality < 0.10 :         0 elements
Info    : 0.10 < quality < 0.20 :         4 elements
Info    : 0.20 < quality < 0.30 :         4 elements
Info    : 0.30 < quality < 0.40 :        12 elements
Info    : 0.40 < quality < 0.50 :        12 elements
Info    : 0.50 < quality < 0.60 :        18 elements
Info    : 0.60 < quality < 0.70 :        18 elements
Info    : 0.70 < quality < 0.80 :        16 elements
Info    : 0.80 < quality < 0.90 :        12 elements
Info    : 0.90 < quality < 1.00 :         8 elements
Info    : 2 edge swaps, 0 node relocations (volume = 48.544): worst = 0.177187 / average = 0.61544 (Wall 5.9588e-05s, CPU 6.1e-05s)
Info    : No ill-shaped tets in the mesh :-)
Info    : 0.00 < quality < 0.10 :         0 elements
Info    : 0.10 < quality < 0.20 :         2 elements
Info    : 0.20 < quality < 0.30 :         4 elements
Info    : 0.30 < quality < 0.40 :        12 elements
Info    : 0.40 < quality < 0.50 :        11 elements
Info    : 0.50 < quality < 0.60 :        19 elements
Info    : 0.60 < quality < 0.70 :        17 elements
Info    : 0.70 < quality < 0.80 :        17 elements
Info    : 0.80 < quality < 0.90 :        12 elements
Info    : 0.90 < quality < 1.00 :         8 elements
Info    : Optimizing volume 9
Info    : Optimization starts (volume = 2.268) with worst = 0.0280207 / average = 0.26468:
Info    : 0.00 < quality < 0.10 :         6 elements
Info    : 0.10 < quality < 0.20 :         0 elements
Info    : 0.20 < quality < 0.30 :         2 elements
Info    : 0.30 < quality < 0.40 :         7 elements
Info    : 0.40 < quality < 0.50 :         0 elements
Info    : 0.50 < quality < 0.60 :         0 elements
Info    : 0.60 < quality < 0.70 :         2 elements
Info    : 0.70 < quality < 0.80 :         0 elements
Info    : 0.80 < quality < 0.90 :         0 elements
Info    : 0.90 < quality < 1.00 :         0 elements
Info    : 4 edge swaps, 0 node relocations (volume = 2.268): worst = 0.0280207 / average = 0.310559 (Wall 7.2098e-05s, CPU 7.2e-05s)
Info    : No ill-shaped tets in the mesh :-)
Info    : 0.00 < quality < 0.10 :         4 elements
Info    : 0.10 < quality < 0.20 :         1 elements
Info    : 0.20 < quality < 0.30 :         4 elements
Info    : 0.30 < quality < 0.40 :         3 elements
Info    : 0.40 < quality < 0.50 :         1 elements
Info    : 0.50 < quality < 0.60 :         2 elements
Info    : 0.60 < quality < 0.70 :         2 elements
Info    : 0.70 < quality < 0.80 :         0 elements
Info    : 0.80 < quality < 0.90 :         0 elements
Info    : 0.90 < quality < 1.00 :         0 elements
Info    : Optimizing volume 10
Info    : Optimization starts (volume = 2.268) with worst = 0.266475 / average = 0.325093:
Info    : 0.00 < quality < 0.10 :         0 elements
Info    : 0.10 < quality < 0.20 :         0 elements
Info    : 0.20 < quality < 0.30 :         4 elements
Info    : 0.30 < quality < 0.40 :         8 elements
Info    : 0.40 < quality < 0.50 :         0 elements
Info    : 0.50 < quality < 0.60 :         0 elements
Info    : 0.60 < quality < 0.70 :         0 elements
Info    : 0.70 < quality < 0.80 :         0 elements
Info    : 0.80 < quality < 0.90 :         0 elements
Info    : 0.90 < quality < 1.00 :         0 elements
Info    : No ill-shaped tets in the mesh :-)
Info    : 0.00 < quality < 0.10 :         0 elements
Info    : 0.10 < quality < 0.20 :         0 elements
Info    : 0.20 < quality < 0.30 :         4 elements
Info    : 0.30 < quality < 0.40 :         8 elements
Info    : 0.40 < quality < 0.50 :         0 elements
Info    : 0.50 < quality < 0.60 :         0 elements
Info    : 0.60 < quality < 0.70 :         0 elements
Info    : 0.70 < quality < 0.80 :         0 elements
Info    : 0.80 < quality < 0.90 :         0 elements
Info    : 0.90 < quality < 1.00 :         0 elements
Info    : Optimizing volume 11
Info    : Optimization starts (volume = 2.268) with worst = 0.266475 / average = 0.325093:
Info    : 0.00 < quality < 0.10 :         0 elements
Info    : 0.10 < quality < 0.20 :         0 elements
Info    : 0.20 < quality < 0.30 :         4 elements
Info    : 0.30 < quality < 0.40 :         8 elements
Info    : 0.40 < quality < 0.50 :         0 elements
Info    : 0.50 < quality < 0.60 :         0 elements
Info    : 0.60 < quality < 0.70 :         0 elements
Info    : 0.70 < quality < 0.80 :         0 elements
Info    : 0.80 < quality < 0.90 :         0 elements
Info    : 0.90 < quality < 1.00 :         0 elements
Info    : No ill-shaped tets in the mesh :-)
Info    : 0.00 < quality < 0.10 :         0 elements
Info    : 0.10 < quality < 0.20 :         0 elements
Info    : 0.20 < quality < 0.30 :         4 elements
Info    : 0.30 < quality < 0.40 :         8 elements
Info    : 0.40 < quality < 0.50 :         0 elements
Info    : 0.50 < quality < 0.60 :         0 elements
Info    : 0.60 < quality < 0.70 :         0 elements
Info    : 0.70 < quality < 0.80 :         0 elements
Info    : 0.80 < quality < 0.90 :         0 elements
Info    : 0.90 < quality < 1.00 :         0 elements
Info    : Optimizing volume 12
Info    : Optimization starts (volume = 2.268) with worst = 0.0280207 / average = 0.26468:
Info    : 0.00 < quality < 0.10 :         6 elements
Info    : 0.10 < quality < 0.20 :         0 elements
Info    : 0.20 < quality < 0.30 :         2 elements
Info    : 0.30 < quality < 0.40 :         7 elements
Info    : 0.40 < quality < 0.50 :         0 elements
Info    : 0.50 < quality < 0.60 :         0 elements
Info    : 0.60 < quality < 0.70 :         2 elements
Info    : 0.70 < quality < 0.80 :         0 elements
Info    : 0.80 < quality < 0.90 :         0 elements
Info    : 0.90 < quality < 1.00 :         0 elements
Info    : 2 edge swaps, 0 node relocations (volume = 2.268): worst = 0.0280207 / average = 0.278119 (Wall 7.5398e-05s, CPU 7.6e-05s)
Info    : No ill-shaped tets in the mesh :-)
Info    : 0.00 < quality < 0.10 :         6 elements
Info    : 0.10 < quality < 0.20 :         0 elements
Info    : 0.20 < quality < 0.30 :         4 elements
Info    : 0.30 < quality < 0.40 :         4 elements
Info    : 0.40 < quality < 0.50 :         0 elements
Info    : 0.50 < quality < 0.60 :         2 elements
Info    : 0.60 < quality < 0.70 :         2 elements
Info    : 0.70 < quality < 0.80 :         0 elements
Info    : 0.80 < quality < 0.90 :         0 elements
Info    : 0.90 < quality < 1.00 :         0 elements
Info    : Optimizing volume 24
Info    : Optimization starts (volume = 2535.05) with worst = 0.00785406 / average = 0.178729:
Info    : 0.00 < quality < 0.10 :        51 elements
Info    : 0.10 < quality < 0.20 :      1461 elements
Info    : 0.20 < quality < 0.30 :        53 elements
Info    : 0.30 < quality < 0.40 :         9 elements
Info    : 0.40 < quality < 0.50 :         0 elements
Info    : 0.50 < quality < 0.60 :         0 elements
Info    : 0.60 < quality < 0.70 :         0 elements
Info    : 0.70 < quality < 0.80 :         0 elements
Info    : 0.80 < quality < 0.90 :         0 elements
Info    : 0.90 < quality < 1.00 :         0 elements
Info    : 137 edge swaps, 23 node relocations (volume = 2535.05): worst = 0.0110757 / average = 0.178919 (Wall 0.00734098s, CPU 0.007336s)
Info    : 151 edge swaps, 36 node relocations (volume = 2535.05): worst = 0.0110757 / average = 0.178919 (Wall 0.0156164s, CPU 0.015613s)
Info    : No ill-shaped tets in the mesh :-)
Info    : 0.00 < quality < 0.10 :        51 elements
Info    : 0.10 < quality < 0.20 :      1396 elements
Info    : 0.20 < quality < 0.30 :        55 elements
Info    : 0.30 < quality < 0.40 :         8 elements
Info    : 0.40 < quality < 0.50 :         0 elements
Info    : 0.50 < quality < 0.60 :         0 elements
Info    : 0.60 < quality < 0.70 :         0 elements
Info    : 0.70 < quality < 0.80 :         0 elements
Info    : 0.80 < quality < 0.90 :         0 elements
Info    : 0.90 < quality < 1.00 :         0 elements
Info    : Optimizing volume 25
Info    : Optimization starts (volume = 2084.14) with worst = 0.0554966 / average = 0.694887:
Info    : 0.00 < quality < 0.10 :         3 elements
Info    : 0.10 < quality < 0.20 :         2 elements
Info    : 0.20 < quality < 0.30 :        41 elements
Info    : 0.30 < quality < 0.40 :        44 elements
Info    : 0.40 < quality < 0.50 :        28 elements
Info    : 0.50 < quality < 0.60 :       174 elements
Info    : 0.60 < quality < 0.70 :       181 elements
Info    : 0.70 < quality < 0.80 :       234 elements
Info    : 0.80 < quality < 0.90 :       242 elements
Info    : 0.90 < quality < 1.00 :       126 elements
Info    : 3 edge swaps, 0 node relocations (volume = 2084.14): worst = 0.0855357 / average = 0.696037 (Wall 0.00034036s, CPU 0.00034s)
Info    : 4 edge swaps, 0 node relocations (volume = 2084.14): worst = 0.0855357 / average = 0.696031 (Wall 0.000498865s, CPU 0.000501s)
Info    : No ill-shaped tets in the mesh :-)
Info    : 0.00 < quality < 0.10 :         2 elements
Info    : 0.10 < quality < 0.20 :         2 elements
Info    : 0.20 < quality < 0.30 :        40 elements
Info    : 0.30 < quality < 0.40 :        42 elements
Info    : 0.40 < quality < 0.50 :        28 elements
Info    : 0.50 < quality < 0.60 :       175 elements
Info    : 0.60 < quality < 0.70 :       181 elements
Info    : 0.70 < quality < 0.80 :       234 elements
Info    : 0.80 < quality < 0.90 :       242 elements
Info    : 0.90 < quality < 1.00 :       126 elements
Info    : Optimizing volume 26
Info    : Optimization starts (volume = 553.413) with worst = 0.133069 / average = 0.708552:
Info    : 0.00 < quality < 0.10 :         0 elements
Info    : 0.10 < quality < 0.20 :         4 elements
Info    : 0.20 < quality < 0.30 :        12 elements
Info    : 0.30 < quality < 0.40 :        15 elements
Info    : 0.40 < quality < 0.50 :         5 elements
Info    : 0.50 < quality < 0.60 :        49 elements
Info    : 0.60 < quality < 0.70 :        50 elements
Info    : 0.70 < quality < 0.80 :        34 elements
Info    : 0.80 < quality < 0.90 :        54 elements
Info    : 0.90 < quality < 1.00 :        74 elements
Info    : 4 edge swaps, 0 node relocations (volume = 553.413): worst = 0.133069 / average = 0.715 (Wall 0.000172697s, CPU 0.00017s)
Info    : 5 edge swaps, 0 node relocations (volume = 553.413): worst = 0.133069 / average = 0.714976 (Wall 0.000265681s, CPU 0.000261s)
Info    : No ill-shaped tets in the mesh :-)
Info    : 0.00 < quality < 0.10 :         0 elements
Info    : 0.10 < quality < 0.20 :         4 elements
Info    : 0.20 < quality < 0.30 :         8 elements
Info    : 0.30 < quality < 0.40 :        12 elements
Info    : 0.40 < quality < 0.50 :         6 elements
Info    : 0.50 < quality < 0.60 :        51 elements
Info    : 0.60 < quality < 0.70 :        50 elements
Info    : 0.70 < quality < 0.80 :        34 elements
Info    : 0.80 < quality < 0.90 :        54 elements
Info    : 0.90 < quality < 1.00 :        74 elements
Info    : Optimizing volume 27
Info    : Optimization starts (volume = 1.34038e+07) with worst = 0.0165179 / average = 0.62493:
Info    : 0.00 < quality < 0.10 :         3 elements
Info    : 0.10 < quality < 0.20 :        14 elements
Info    : 0.20 < quality < 0.30 :        25 elements
Info    : 0.30 < quality < 0.40 :        53 elements
Info    : 0.40 < quality < 0.50 :       161 elements
Info    : 0.50 < quality < 0.60 :       269 elements
Info    : 0.60 < quality < 0.70 :       250 elements
Info    : 0.70 < quality < 0.80 :       229 elements
Info    : 0.80 < quality < 0.90 :       134 elements
Info    : 0.90 < quality < 1.00 :        46 elements
Info    : 38 edge swaps, 1 node relocations (volume = 1.34038e+07): worst = 0.297429 / average = 0.640349 (Wall 0.000480046s, CPU 0.000481s)
Info    : 39 edge swaps, 1 node relocations (volume = 1.34038e+07): worst = 0.306797 / average = 0.6408 (Wall 0.00054691s, CPU 0.000549s)
Info    : No ill-shaped tets in the mesh :-)
Info    : 0.00 < quality < 0.10 :         0 elements
Info    : 0.10 < quality < 0.20 :         0 elements
Info    : 0.20 < quality < 0.30 :         0 elements
Info    : 0.30 < quality < 0.40 :        49 elements
Info    : 0.40 < quality < 0.50 :       164 elements
Info    : 0.50 < quality < 0.60 :       268 elements
Info    : 0.60 < quality < 0.70 :       259 elements
Info    : 0.70 < quality < 0.80 :       230 elements
Info    : 0.80 < quality < 0.90 :       135 elements
Info    : 0.90 < quality < 1.00 :        46 elements
Info    : Optimizing volume 28
Info    : Optimization starts (volume = 26807.5) with worst = 0.000875145 / average = 0.0289455:
Info    : 0.00 < quality < 0.10 :      1299 elements
Info    : 0.10 < quality < 0.20 :        64 elements
Info    : 0.20 < quality < 0.30 :         1 elements
Info    : 0.30 < quality < 0.40 :         0 elements
Info    : 0.40 < quality < 0.50 :         0 elements
Info    : 0.50 < quality < 0.60 :         0 elements
Info    : 0.60 < quality < 0.70 :         0 elements
Info    : 0.70 < quality < 0.80 :         0 elements
Info    : 0.80 < quality < 0.90 :         0 elements
Info    : 0.90 < quality < 1.00 :         0 elements
Info    : 163 edge swaps, 0 node relocations (volume = 26807.5): worst = 0.000944756 / average = 0.0276291 (Wall 0.00749361s, CPU 0.007491s)
Info    : 166 edge swaps, 0 node relocations (volume = 26807.5): worst = 0.000944756 / average = 0.0276434 (Wall 0.0159114s, CPU 0.015903s)
Warning : 4 ill-shaped tets are still in the mesh
Info    : 0.00 < quality < 0.10 :      1254 elements
Info    : 0.10 < quality < 0.20 :        52 elements
Info    : 0.20 < quality < 0.30 :         1 elements
Info    : 0.30 < quality < 0.40 :         0 elements
Info    : 0.40 < quality < 0.50 :         0 elements
Info    : 0.50 < quality < 0.60 :         0 elements
Info    : 0.60 < quality < 0.70 :         0 elements
Info    : 0.70 < quality < 0.80 :         0 elements
Info    : 0.80 < quality < 0.90 :         0 elements
Info    : 0.90 < quality < 1.00 :         0 elements
Info    : Optimizing volume 29
Info    : Optimization starts (volume = 1.04871e+06) with worst = 0.000133183 / average = 0.465502:
Info    : 0.00 < quality < 0.10 :       282 elements
Info    : 0.10 < quality < 0.20 :      1254 elements
Info    : 0.20 < quality < 0.30 :      1072 elements
Info    : 0.30 < quality < 0.40 :      1297 elements
Info    : 0.40 < quality < 0.50 :      1206 elements
Info    : 0.50 < quality < 0.60 :      1433 elements
Info    : 0.60 < quality < 0.70 :       948 elements
Info    : 0.70 < quality < 0.80 :       920 elements
Info    : 0.80 < quality < 0.90 :       639 elements
Info    : 0.90 < quality < 1.00 :       229 elements
Info    : 571 edge swaps, 50 node relocations (volume = 1.04871e+06): worst = 0.0149491 / average = 0.480315 (Wall 0.0268652s, CPU 0.026859s)
Info    : 632 edge swaps, 78 node relocations (volume = 1.04871e+06): worst = 0.0149491 / average = 0.481251 (Wall 0.0448972s, CPU 0.044893s)
Info    : No ill-shaped tets in the mesh :-)
Info    : 0.00 < quality < 0.10 :       108 elements
Info    : 0.10 < quality < 0.20 :      1091 elements
Info    : 0.20 < quality < 0.30 :       902 elements
Info    : 0.30 < quality < 0.40 :      1336 elements
Info    : 0.40 < quality < 0.50 :      1189 elements
Info    : 0.50 < quality < 0.60 :      1418 elements
Info    : 0.60 < quality < 0.70 :       940 elements
Info    : 0.70 < quality < 0.80 :       912 elements
Info    : 0.80 < quality < 0.90 :       635 elements
Info    : 0.90 < quality < 1.00 :       228 elements
Info    : Optimizing volume 30
Info    : Optimization starts (volume = 251321) with worst = 0.0670841 / average = 0.517813:
Info    : 0.00 < quality < 0.10 :        16 elements
Info    : 0.10 < quality < 0.20 :       126 elements
Info    : 0.20 < quality < 0.30 :       199 elements
Info    : 0.30 < quality < 0.40 :       229 elements
Info    : 0.40 < quality < 0.50 :       363 elements
Info    : 0.50 < quality < 0.60 :       439 elements
Info    : 0.60 < quality < 0.70 :       385 elements
Info    : 0.70 < quality < 0.80 :       289 elements
Info    : 0.80 < quality < 0.90 :        96 elements
Info    : 0.90 < quality < 1.00 :         7 elements
Info    : 80 edge swaps, 0 node relocations (volume = 251321): worst = 0.0670841 / average = 0.528177 (Wall 0.00213271s, CPU 0.002131s)
Info    : 86 edge swaps, 0 node relocations (volume = 251321): worst = 0.0670841 / average = 0.527869 (Wall 0.00402565s, CPU 0.004023s)
Info    : No ill-shaped tets in the mesh :-)
Info    : 0.00 < quality < 0.10 :         8 elements
Info    : 0.10 < quality < 0.20 :       107 elements
Info    : 0.20 < quality < 0.30 :       149 elements
Info    : 0.30 < quality < 0.40 :       228 elements
Info    : 0.40 < quality < 0.50 :       354 elements
Info    : 0.50 < quality < 0.60 :       447 elements
Info    : 0.60 < quality < 0.70 :       383 elements
Info    : 0.70 < quality < 0.80 :       287 elements
Info    : 0.80 < quality < 0.90 :        96 elements
Info    : 0.90 < quality < 1.00 :         7 elements
Info    : Optimizing volume 31
Info    : Optimization starts (volume = 1.20634e+07) with worst = 0.0328015 / average = 0.593445:
Info    : 0.00 < quality < 0.10 :         7 elements
Info    : 0.10 < quality < 0.20 :        10 elements
Info    : 0.20 < quality < 0.30 :        27 elements
Info    : 0.30 < quality < 0.40 :       104 elements
Info    : 0.40 < quality < 0.50 :       250 elements
Info    : 0.50 < quality < 0.60 :       339 elements
Info    : 0.60 < quality < 0.70 :       287 elements
Info    : 0.70 < quality < 0.80 :       223 elements
Info    : 0.80 < quality < 0.90 :       112 elements
Info    : 0.90 < quality < 1.00 :        36 elements
Info    : 41 edge swaps, 1 node relocations (volume = 1.20634e+07): worst = 0.286006 / average = 0.605519 (Wall 0.00125277s, CPU 0.001252s)
Info    : 43 edge swaps, 1 node relocations (volume = 1.20634e+07): worst = 0.286006 / average = 0.605199 (Wall 0.00147188s, CPU 0.001473s)
Info    : No ill-shaped tets in the mesh :-)
Info    : 0.00 < quality < 0.10 :         0 elements
Info    : 0.10 < quality < 0.20 :         0 elements
Info    : 0.20 < quality < 0.30 :         3 elements
Info    : 0.30 < quality < 0.40 :       106 elements
Info    : 0.40 < quality < 0.50 :       251 elements
Info    : 0.50 < quality < 0.60 :       340 elements
Info    : 0.60 < quality < 0.70 :       278 elements
Info    : 0.70 < quality < 0.80 :       226 elements
Info    : 0.80 < quality < 0.90 :       119 elements
Info    : 0.90 < quality < 1.00 :        34 elements
Info    : Optimizing volume 32
Info    : Optimization starts (volume = 3.75825e+07) with worst = 0.00541129 / average = 0.553335:
Info    : 0.00 < quality < 0.10 :       105 elements
Info    : 0.10 < quality < 0.20 :        21 elements
Info    : 0.20 < quality < 0.30 :        31 elements
Info    : 0.30 < quality < 0.40 :        69 elements
Info    : 0.40 < quality < 0.50 :        79 elements
Info    : 0.50 < quality < 0.60 :       121 elements
Info    : 0.60 < quality < 0.70 :       227 elements
Info    : 0.70 < quality < 0.80 :       184 elements
Info    : 0.80 < quality < 0.90 :       108 elements
Info    : 0.90 < quality < 1.00 :        11 elements
Info    : 43 edge swaps, 0 node relocations (volume = 3.75825e+07): worst = 0.00723663 / average = 0.569948 (Wall 0.00160291s, CPU 0.001602s)
Info    : No ill-shaped tets in the mesh :-)
Info    : 0.00 < quality < 0.10 :        90 elements
Info    : 0.10 < quality < 0.20 :        16 elements
Info    : 0.20 < quality < 0.30 :        16 elements
Info    : 0.30 < quality < 0.40 :        64 elements
Info    : 0.40 < quality < 0.50 :        81 elements
Info    : 0.50 < quality < 0.60 :       125 elements
Info    : 0.60 < quality < 0.70 :       225 elements
Info    : 0.70 < quality < 0.80 :       187 elements
Info    : 0.80 < quality < 0.90 :       107 elements
Info    : 0.90 < quality < 1.00 :        12 elements
Info    : Done optimizing mesh (Wall 0.112022s, CPU 0.112002s)
Info    : 3350 nodes 26764 elements
Warning : ------------------------------
Warning : Mesh generation error summary
Warning :     1 warning
Warning :     0 errors
Warning : Check the full log for details
Warning : ------------------------------
Info    : Writing '/foss/designs/inductor_synth/palace_model/inductor3_N2_do69.44_w4_s2.01_data/inductor3_N2_do69.44_w4_s2.01.msh'...
Info    : Done writing '/foss/designs/inductor_synth/palace_model/inductor3_N2_do69.44_w4_s2.01_data/inductor3_N2_do69.44_w4_s2.01.msh'
Info    : Clearing all models and views...
Info    : Done clearing all models and views
>> /usr/bin/mpirun -n 1 /foss/tools/bin/palace-x86_64.bin config.json

_____________     _______
_____   __   \____ __   /____ ____________
____   /_/  /  __ ` /  /  __ ` /  ___/  _ \
___   _____/  /_/  /  /  /_/  /  /__/  ___/
  /__/     \___,__/__/\___,__/\_____\_____/

Git changeset ID: v0.17.0-227-gc531cf3e
Running with 1 MPI process
Device configuration: cpu
Memory configuration: host-std
libCEED backend: /cpu/self/xsmm/blocked

Added 2410 boundary elements for material interfaces to the mesh

Characteristic length and time scales:
 Lc = 4.999e-04 m, tc = 1.667e-03 ns
Finished partitioning mesh into 1 subdomain

Mesh curvature order: 1
Mesh bounding box:
 (Xmin, Ymin, Zmin) = (-1.684e-04, -1.684e-04, -5.000e-05) m
 (Xmax, Ymax, Zmax) = (+1.684e-04, +1.684e-04, +4.499e-04) m

Parallel Mesh Stats:

                minimum     average     maximum       total
 vertices          2863        2863        2863        2863
 edges            17842       17842       17842       17842
 faces            28532       28532       28532       28532
 elements         13547       13547       13547       13547
 neighbors            0           0           0

            minimum     maximum
 h       0.00234159    0.211545
 kappa      1.04725     360.368

Estimated current per-rank memory usage is: Min. 39.6M, Max. 39.6M, Avg. 39.6M, Total 39.6M
Estimated current per-node memory usage is: Min. 39.6M, Max. 39.6M, Avg. 39.6M, Total 39.6M

Configuring Robin absorbing BC (order 2) at attributes:
 22

Configuring Robin finite conductivity BC at attributes:
 2: σ = 2.164e+07 S/m, h = 4.200e-07 m, n = (+0.0,+0.0,+1.0)
 3: σ = 2.164e+07 S/m, h = 4.200e-07 m, n = (+0.7,+0.7,+0.0)
 4: σ = 2.780e+07 S/m, h = 2.000e-06 m, n = (+0.0,+0.0,-1.0)
 5: σ = 2.780e+07 S/m, h = 2.000e-06 m, n = (+1.0,-0.1,+0.0)
 6: σ = 2.780e+07 S/m, h = 2.000e-06 m, n = (+0.0,+0.0,-1.0)
 7: σ = 2.780e+07 S/m, h = 2.000e-06 m, n = (+1.0,-0.1,+0.0)
 8: σ = 2.780e+07 S/m, h = 2.000e-06 m, n = (-0.0,-0.0,+1.0)
 9: σ = 2.780e+07 S/m, h = 2.000e-06 m, n = (+0.6,+0.8,-0.0)
 10: σ = 3.030e+07 S/m, h = 3.000e-06 m, n = (+0.0,+0.0,+1.0)
 11: σ = 3.030e+07 S/m, h = 3.000e-06 m, n = (+1.0,+0.3,+0.0)
 12: σ = 3.030e+07 S/m, h = 3.000e-06 m, n = (+0.0,+0.0,+1.0)
 13: σ = 3.030e+07 S/m, h = 3.000e-06 m, n = (+0.9,-0.3,-0.0)

Configuring Robin impedance BC for lumped ports at attributes:
 20: Rs = 2.012e+01 Ω/sq, n = (+0.0,+1.0,+0.0)
 21: Rs = 2.012e+01 Ω/sq, n = (+0.0,+1.0,+0.0)

Configuring lumped port circuit properties:
 Index = 1: R = 5.000e+01 Ω
 Index = 2: R = 5.000e+01 Ω

Configuring lumped port excitation source term at attributes:
 20: Index = 1
 21: Index = 2

[38;2;255;255;000m--> Warning![0m
Adaptive frequency sweep requires > 2 total frequency samples!
Reverting to uniform sweep!


Computing frequency response for:
Excitation 1/2 with index 1 has contributions from:
 Lumped port  1
Excitation 2/2 with index 2 has contributions from:
 Lumped port  2

Assembling system matrices, number of global unknowns:
 H1 (p = 1): 2863, ND (p = 1): 17842, RT (p = 1): 28532
 Operator assembly level: Partial
 Mesh geometries:
  Tetrahedron: P = 6, Q = 4 (quadrature order = 2)
 SuperLUSolver: Using 2D processor grid 1 x 1

Sweeping excitation index 1 (1/2):

Assembling multigrid hierarchy:
 Level 0 (p = 1): 17842 unknowns
 Level 0 (auxiliary) (p = 1): 2863 unknowns

It 1/2: ω/2π = 1.000e-01 GHz (total elapsed time = 1.75e-01 s, solve 1/4)

  Residual norms for GMRES solve

** Memory Usage **********************************
** Total highmark (MB):
    Sum-of-all :    92.61 | Avg :    92.61  | Max :    92.61
    Max at rank 0, different stages (MB):
	. symbfact            7.89
	. distribution       92.61
	. numfact            78.30
** NUMfact space (MB): (sum-of-all-processes)
    L\U :           41.69 |  Total :    78.30
	. max at rank 0, max L+U memory (MB):    41.69
	. max at rank 0, peak buffer (MB):       36.60
**************************************************

** number of Tiny Pivots:        0

  0 (restart 0) KSP residual norm 8.048404e+00
  1 (restart 0) KSP residual norm 1.562831e-01
  2 (restart 0) KSP residual norm 4.511385e-02
  3 (restart 0) KSP residual norm 1.826466e-02
  4 (restart 0) KSP residual norm 1.057531e-03
  5 (restart 0) KSP residual norm 5.316729e-05
  6 (restart 0) KSP residual norm 3.432924e-05
  7 (restart 0) KSP residual norm 1.152858e-05
  8 (restart 0) KSP residual norm 5.251497e-06
GMRES solver converged in 8 iterations (avg. reduction factor: 1.686e-01)
 Sol. ||E|| = 7.945552e+00 (||RHS|| = 4.066965e-03)
 Field energy E (6.322e-13 J) + H (2.828e-12 J) = 3.460e-12 J
 S[1][1] = +5.345e-02+1.521e-03i, |S[1][1]| = -2.544e+01, arg(S[1][1]) = +1.630e+00
 S[2][1] = +9.465e-01-2.304e-03i, |S[2][1]| = -4.772e-01, arg(S[2][1]) = -1.395e-01
 Updating solution error estimates

It 2/2: ω/2π = 2.000e+01 GHz (total elapsed time = 2.60e+00 s, solve 2/4)

  Residual norms for GMRES solve

** Memory Usage **********************************
** Total highmark (MB):
    Sum-of-all :    78.30 | Avg :    78.30  | Max :    78.30
    Max at rank 0, different stages (MB):
	. symbfact            0.00
	. distribution       78.24
	. numfact            78.30
** NUMfact space (MB): (sum-of-all-processes)
    L\U :           41.69 |  Total :    78.30
	. max at rank 0, max L+U memory (MB):    41.69
	. max at rank 0, peak buffer (MB):       36.60
**************************************************

** number of Tiny Pivots:        0

  0 (restart 0) KSP residual norm 7.519360e+00
  1 (restart 0) KSP residual norm 3.298598e+00
  2 (restart 0) KSP residual norm 7.471201e-01
  3 (restart 0) KSP residual norm 9.950492e-02
  4 (restart 0) KSP residual norm 4.874258e-02
  5 (restart 0) KSP residual norm 2.258803e-02
  6 (restart 0) KSP residual norm 6.948120e-03
  7 (restart 0) KSP residual norm 3.993346e-03
  8 (restart 0) KSP residual norm 1.848454e-03
  9 (restart 0) KSP residual norm 7.510826e-04
 10 (restart 0) KSP residual norm 4.752664e-04
 11 (restart 0) KSP residual norm 2.040012e-04
 12 (restart 0) KSP residual norm 1.114569e-04
 13 (restart 0) KSP residual norm 7.317609e-05
 14 (restart 0) KSP residual norm 4.114895e-05
 15 (restart 0) KSP residual norm 1.992981e-05
 16 (restart 0) KSP residual norm 1.270928e-05
 17 (restart 0) KSP residual norm 4.926790e-06
GMRES solver converged in 17 iterations (avg. reduction factor: 4.328e-01)
 Sol. ||E|| = 7.757444e+00 (||RHS|| = 8.133931e-01)
 Field energy E (6.366e-13 J) + H (2.435e-12 J) = 3.072e-12 J
 S[1][1] = +1.853e-01+2.492e-01i, |S[1][1]| = -1.016e+01, arg(S[1][1]) = +5.336e+01
 S[2][1] = +8.017e-01-3.643e-01i, |S[2][1]| = -1.104e+00, arg(S[2][1]) = -2.444e+01
 Updating solution error estimates

Sweeping excitation index 2 (2/2):

It 1/2: ω/2π = 1.000e-01 GHz (total elapsed time = 4.98e+00 s, solve 3/4)

  Residual norms for GMRES solve

** Memory Usage **********************************
** Total highmark (MB):
    Sum-of-all :    78.30 | Avg :    78.30  | Max :    78.30
    Max at rank 0, different stages (MB):
	. symbfact            0.00
	. distribution       78.24
	. numfact            78.30
** NUMfact space (MB): (sum-of-all-processes)
    L\U :           41.69 |  Total :    78.30
	. max at rank 0, max L+U memory (MB):    41.69
	. max at rank 0, peak buffer (MB):       36.60
**************************************************

** number of Tiny Pivots:        0

  0 (restart 0) KSP residual norm 7.932759e+00
  1 (restart 0) KSP residual norm 1.539547e-01
  2 (restart 0) KSP residual norm 4.488208e-02
  3 (restart 0) KSP residual norm 1.821377e-02
  4 (restart 0) KSP residual norm 1.045692e-03
  5 (restart 0) KSP residual norm 5.049776e-05
  6 (restart 0) KSP residual norm 3.400712e-05
  7 (restart 0) KSP residual norm 1.235255e-05
  8 (restart 0) KSP residual norm 5.019981e-06
GMRES solver converged in 8 iterations (avg. reduction factor: 1.679e-01)
 Sol. ||E|| = 7.829948e+00 (||RHS|| = 4.066965e-03)
 Field energy E (6.071e-13 J) + H (2.828e-12 J) = 3.435e-12 J
 S[1][2] = +9.465e-01-2.305e-03i, |S[1][2]| = -4.772e-01, arg(S[1][2]) = -1.395e-01
 S[2][2] = +5.345e-02+1.537e-03i, |S[2][2]| = -2.544e+01, arg(S[2][2]) = +1.647e+00
 Updating solution error estimates

It 2/2: ω/2π = 2.000e+01 GHz (total elapsed time = 7.19e+00 s, solve 4/4)

  Residual norms for GMRES solve

** Memory Usage **********************************
** Total highmark (MB):
    Sum-of-all :    78.30 | Avg :    78.30  | Max :    78.30
    Max at rank 0, different stages (MB):
	. symbfact            0.00
	. distribution       78.24
	. numfact            78.30
** NUMfact space (MB): (sum-of-all-processes)
    L\U :           41.69 |  Total :    78.30
	. max at rank 0, max L+U memory (MB):    41.69
	. max at rank 0, peak buffer (MB):       36.60
**************************************************

** number of Tiny Pivots:        0

  0 (restart 0) KSP residual norm 7.542603e+00
  1 (restart 0) KSP residual norm 3.285055e+00
  2 (restart 0) KSP residual norm 7.694738e-01
  3 (restart 0) KSP residual norm 1.203940e-01
  4 (restart 0) KSP residual norm 7.905805e-02
  5 (restart 0) KSP residual norm 2.408834e-02
  6 (restart 0) KSP residual norm 7.456294e-03
  7 (restart 0) KSP residual norm 3.854469e-03
  8 (restart 0) KSP residual norm 1.856414e-03
  9 (restart 0) KSP residual norm 7.565448e-04
 10 (restart 0) KSP residual norm 4.763761e-04
 11 (restart 0) KSP residual norm 2.141258e-04
 12 (restart 0) KSP residual norm 1.187483e-04
 13 (restart 0) KSP residual norm 7.329634e-05
 14 (restart 0) KSP residual norm 3.996426e-05
 15 (restart 0) KSP residual norm 1.923160e-05
 16 (restart 0) KSP residual norm 1.216159e-05
 17 (restart 0) KSP residual norm 4.626827e-06
GMRES solver converged in 17 iterations (avg. reduction factor: 4.311e-01)
 Sol. ||E|| = 7.742143e+00 (||RHS|| = 8.133931e-01)
 Field energy E (6.232e-13 J) + H (2.434e-12 J) = 3.058e-12 J
 S[1][2] = +8.017e-01-3.643e-01i, |S[1][2]| = -1.104e+00, arg(S[1][2]) = -2.444e+01
 S[2][2] = +1.874e-01+2.507e-01i, |S[2][2]| = -1.009e+01, arg(S[2][2]) = +5.322e+01
 Updating solution error estimates

Completed 0 iterations of adaptive mesh refinement (AMR):
 Indicator norm = 5.308e-01, global unknowns = 17842
 Max. iterations = 0, tol. = 1.000e-02, max. size = 2000000

Estimated peak per-rank memory usage is: Min. 273.9M, Max. 273.9M, Avg. 273.9M, Total 273.9M
Estimated peak per-node memory usage is: Min. 273.9M, Max. 273.9M, Avg. 273.9M, Total 273.9M

Elapsed Time Report (s)           Min.        Max.        Avg.
==============================================================
Initialization                   0.043       0.043       0.043
  Mesh Preprocessing             0.154       0.154       0.154
Operator Construction            0.124       0.124       0.124
Linear Solve                     1.631       1.631       1.631
  Setup                          0.605       0.605       0.605
  Preconditioner                 1.451       1.451       1.451
Estimation                       0.085       0.085       0.085
  Construction                   0.744       0.744       0.744
  Solve                          4.759       4.759       4.759
Postprocessing                   0.715       0.715       0.715
Disk IO                          0.295       0.295       0.295
--------------------------------------------------------------
Total                           10.992      10.992      10.992

Peak Memory                   Per-Node       Total   Total HWM
==============================================================
Initialization                    1.9M        1.9M        1.9M
  Mesh Preprocessing              7.7M        7.7M        9.6M
Operator Construction             9.4M        9.4M       19.0M
Linear Solve                      7.2M        7.2M       26.2M
  Setup                          59.4M       59.4M       85.6M
  Preconditioner                107.8M      107.8M      193.4M
Estimation                        9.1M        9.1M      202.5M
  Construction                   23.0M       23.0M      225.5M
  Solve                           9.4M        9.4M      234.9M
Postprocessing                    9.1M        9.1M      244.0M
Disk IO                           5.9M        5.9M      249.9M
--------------------------------------------------------------
Total                           264.0M      264.0M      264.0M

>> /usr/bin/mpirun -n 1 /foss/tools/bin/palace-x86_64.bin config.json

_____________     _______
_____   __   \____ __   /____ ____________
____   /_/  /  __ ` /  /  __ ` /  ___/  _ \
___   _____/  /_/  /  /  /_/  /  /__/  ___/
  /__/     \___,__/__/\___,__/\_____\_____/

Git changeset ID: v0.17.0-227-gc531cf3e
Running with 1 MPI process
Device configuration: cpu
Memory configuration: host-std
libCEED backend: /cpu/self/xsmm/blocked

Added 2672 boundary elements for material interfaces to the mesh

Characteristic length and time scales:
 Lc = 4.999e-04 m, tc = 1.667e-03 ns
Finished partitioning mesh into 1 subdomain

Mesh curvature order: 1
Mesh bounding box:
 (Xmin, Ymin, Zmin) = (-1.762e-04, -1.762e-04, -5.000e-05) m
 (Xmax, Ymax, Zmax) = (+1.762e-04, +1.762e-04, +4.499e-04) m

Parallel Mesh Stats:

                minimum     average     maximum       total
 vertices          3160        3160        3160        3160
 edges            19614       19614       19614       19614
 faces            31314       31314       31314       31314
 elements         14854       14854       14854       14854
 neighbors            0           0           0

            minimum     maximum
 h       0.00146745    0.212155
 kappa      1.04374     387.448

Estimated current per-rank memory usage is: Min. 40.7M, Max. 40.7M, Avg. 40.7M, Total 40.7M
Estimated current per-node memory usage is: Min. 40.7M, Max. 40.7M, Avg. 40.7M, Total 40.7M

Configuring Robin absorbing BC (order 2) at attributes:
 22

Configuring Robin finite conductivity BC at attributes:
 2: σ = 2.164e+07 S/m, h = 4.200e-07 m, n = (+0.0,+0.0,+1.0)
 3: σ = 2.164e+07 S/m, h = 4.200e-07 m, n = (+0.7,+0.7,+0.0)
 4: σ = 2.780e+07 S/m, h = 2.000e-06 m, n = (+0.0,+0.0,-1.0)
 5: σ = 2.780e+07 S/m, h = 2.000e-06 m, n = (+1.0,-0.1,+0.0)
 6: σ = 2.780e+07 S/m, h = 2.000e-06 m, n = (+0.0,+0.0,-1.0)
 7: σ = 2.780e+07 S/m, h = 2.000e-06 m, n = (+1.0,-0.1,+0.0)
 8: σ = 2.780e+07 S/m, h = 2.000e-06 m, n = (+0.0,+0.0,+1.0)
 9: σ = 2.780e+07 S/m, h = 2.000e-06 m, n = (+0.5,+0.9,-0.0)
 10: σ = 3.030e+07 S/m, h = 3.000e-06 m, n = (+0.0,+0.0,+1.0)
 11: σ = 3.030e+07 S/m, h = 3.000e-06 m, n = (+1.0,+0.3,-0.0)
 12: σ = 3.030e+07 S/m, h = 3.000e-06 m, n = (+0.0,+0.0,+1.0)
 13: σ = 3.030e+07 S/m, h = 3.000e-06 m, n = (+1.0,-0.2,+0.0)

Configuring Robin impedance BC for lumped ports at attributes:
 20: Rs = 3.018e+01 Ω/sq, n = (+0.0,+1.0,+0.0)
 21: Rs = 3.018e+01 Ω/sq, n = (+0.0,+1.0,+0.0)

Configuring lumped port circuit properties:
 Index = 1: R = 5.000e+01 Ω
 Index = 2: R = 5.000e+01 Ω

Configuring lumped port excitation source term at attributes:
 20: Index = 1
 21: Index = 2

[38;2;255;255;000m--> Warning![0m
Adaptive frequency sweep requires > 2 total frequency samples!
Reverting to uniform sweep!


Computing frequency response for:
Excitation 1/2 with index 1 has contributions from:
 Lumped port  1
Excitation 2/2 with index 2 has contributions from:
 Lumped port  2

Assembling system matrices, number of global unknowns:
 H1 (p = 1): 3160, ND (p = 1): 19614, RT (p = 1): 31314
 Operator assembly level: Partial
 Mesh geometries:
  Tetrahedron: P = 6, Q = 4 (quadrature order = 2)
 SuperLUSolver: Using 2D processor grid 1 x 1

Sweeping excitation index 1 (1/2):

Assembling multigrid hierarchy:
 Level 0 (p = 1): 19614 unknowns
 Level 0 (auxiliary) (p = 1): 3160 unknowns

It 1/2: ω/2π = 1.000e-01 GHz (total elapsed time = 1.91e-01 s, solve 1/4)

  Residual norms for GMRES solve

** Memory Usage **********************************
** Total highmark (MB):
    Sum-of-all :   104.69 | Avg :   104.69  | Max :   104.69
    Max at rank 0, different stages (MB):
	. symbfact            9.58
	. distribution      104.69
	. numfact            86.61
** NUMfact space (MB): (sum-of-all-processes)
    L\U :           47.36 |  Total :    86.61
	. max at rank 0, max L+U memory (MB):    47.36
	. max at rank 0, peak buffer (MB):       39.25
**************************************************

** number of Tiny Pivots:        0

  0 (restart 0) KSP residual norm 8.399584e+00
  1 (restart 0) KSP residual norm 1.827562e-01
  2 (restart 0) KSP residual norm 4.314613e-02
  3 (restart 0) KSP residual norm 2.815583e-02
  4 (restart 0) KSP residual norm 1.982772e-03
  5 (restart 0) KSP residual norm 9.375390e-05
  6 (restart 0) KSP residual norm 5.546832e-05
  7 (restart 0) KSP residual norm 1.492737e-05
  8 (restart 0) KSP residual norm 8.693833e-06
  9 (restart 0) KSP residual norm 3.909890e-06
GMRES solver converged in 9 iterations (avg. reduction factor: 1.979e-01)
 Sol. ||E|| = 8.278016e+00 (||RHS|| = 4.066965e-03)
 Field energy E (7.151e-13 J) + H (2.638e-12 J) = 3.353e-12 J
 S[1][1] = +5.201e-02+1.327e-03i, |S[1][1]| = -2.567e+01, arg(S[1][1]) = +1.461e+00
 S[2][1] = +9.480e-01-2.214e-03i, |S[2][1]| = -4.641e-01, arg(S[2][1]) = -1.338e-01
 Updating solution error estimates

It 2/2: ω/2π = 2.000e+01 GHz (total elapsed time = 3.01e+00 s, solve 2/4)

  Residual norms for GMRES solve

** Memory Usage **********************************
** Total highmark (MB):
    Sum-of-all :    87.54 | Avg :    87.54  | Max :    87.54
    Max at rank 0, different stages (MB):
	. symbfact            0.00
	. distribution       87.54
	. numfact            86.61
** NUMfact space (MB): (sum-of-all-processes)
    L\U :           47.36 |  Total :    86.61
	. max at rank 0, max L+U memory (MB):    47.36
	. max at rank 0, peak buffer (MB):       39.25
**************************************************

** number of Tiny Pivots:        0

  0 (restart 0) KSP residual norm 7.531334e+00
  1 (restart 0) KSP residual norm 3.024557e+00
  2 (restart 0) KSP residual norm 7.090790e-01
  3 (restart 0) KSP residual norm 9.903289e-02
  4 (restart 0) KSP residual norm 4.988154e-02
  5 (restart 0) KSP residual norm 2.233863e-02
  6 (restart 0) KSP residual norm 6.727295e-03
  7 (restart 0) KSP residual norm 3.825373e-03
  8 (restart 0) KSP residual norm 1.659319e-03
  9 (restart 0) KSP residual norm 7.331649e-04
 10 (restart 0) KSP residual norm 4.718682e-04
 11 (restart 0) KSP residual norm 1.953074e-04
 12 (restart 0) KSP residual norm 1.021122e-04
 13 (restart 0) KSP residual norm 6.326701e-05
 14 (restart 0) KSP residual norm 3.863459e-05
 15 (restart 0) KSP residual norm 1.791189e-05
 16 (restart 0) KSP residual norm 1.262963e-05
 17 (restart 0) KSP residual norm 5.123632e-06
GMRES solver converged in 17 iterations (avg. reduction factor: 4.337e-01)
 Sol. ||E|| = 7.593854e+00 (||RHS|| = 8.133931e-01)
 Field energy E (6.266e-13 J) + H (2.248e-12 J) = 2.875e-12 J
 S[1][1] = +1.604e-01+2.234e-01i, |S[1][1]| = -1.121e+01, arg(S[1][1]) = +5.431e+01
 S[2][1] = +8.242e-01-3.493e-01i, |S[2][1]| = -9.623e-01, arg(S[2][1]) = -2.297e+01
 Updating solution error estimates

Sweeping excitation index 2 (2/2):

It 1/2: ω/2π = 1.000e-01 GHz (total elapsed time = 5.96e+00 s, solve 3/4)

  Residual norms for GMRES solve

** Memory Usage **********************************
** Total highmark (MB):
    Sum-of-all :    87.54 | Avg :    87.54  | Max :    87.54
    Max at rank 0, different stages (MB):
	. symbfact            0.00
	. distribution       87.54
	. numfact            86.61
** NUMfact space (MB): (sum-of-all-processes)
    L\U :           47.36 |  Total :    86.61
	. max at rank 0, max L+U memory (MB):    47.36
	. max at rank 0, peak buffer (MB):       39.25
**************************************************

** number of Tiny Pivots:        0

  0 (restart 0) KSP residual norm 8.265315e+00
  1 (restart 0) KSP residual norm 1.793364e-01
  2 (restart 0) KSP residual norm 4.261871e-02
  3 (restart 0) KSP residual norm 2.807374e-02
  4 (restart 0) KSP residual norm 1.964074e-03
  5 (restart 0) KSP residual norm 9.180896e-05
  6 (restart 0) KSP residual norm 5.567429e-05
  7 (restart 0) KSP residual norm 1.577922e-05
  8 (restart 0) KSP residual norm 8.344458e-06
  9 (restart 0) KSP residual norm 3.553914e-06
GMRES solver converged in 9 iterations (avg. reduction factor: 1.962e-01)
 Sol. ||E|| = 8.144021e+00 (||RHS|| = 4.066965e-03)
 Field energy E (6.887e-13 J) + H (2.638e-12 J) = 3.327e-12 J
 S[1][2] = +9.480e-01-2.214e-03i, |S[1][2]| = -4.641e-01, arg(S[1][2]) = -1.338e-01
 S[2][2] = +5.201e-02+1.343e-03i, |S[2][2]| = -2.567e+01, arg(S[2][2]) = +1.479e+00
 Updating solution error estimates

It 2/2: ω/2π = 2.000e+01 GHz (total elapsed time = 8.44e+00 s, solve 4/4)

  Residual norms for GMRES solve

** Memory Usage **********************************
** Total highmark (MB):
    Sum-of-all :    87.54 | Avg :    87.54  | Max :    87.54
    Max at rank 0, different stages (MB):
	. symbfact            0.00
	. distribution       87.54
	. numfact            86.61
** NUMfact space (MB): (sum-of-all-processes)
    L\U :           47.36 |  Total :    86.61
	. max at rank 0, max L+U memory (MB):    47.36
	. max at rank 0, peak buffer (MB):       39.25
**************************************************

** number of Tiny Pivots:        0

  0 (restart 0) KSP residual norm 7.504526e+00
  1 (restart 0) KSP residual norm 3.006316e+00
  2 (restart 0) KSP residual norm 7.460632e-01
  3 (restart 0) KSP residual norm 1.247184e-01
  4 (restart 0) KSP residual norm 8.494038e-02
  5 (restart 0) KSP residual norm 2.351492e-02
  6 (restart 0) KSP residual norm 7.294740e-03
  7 (restart 0) KSP residual norm 4.078024e-03
  8 (restart 0) KSP residual norm 1.653133e-03
  9 (restart 0) KSP residual norm 7.449014e-04
 10 (restart 0) KSP residual norm 4.754471e-04
 11 (restart 0) KSP residual norm 2.059447e-04
 12 (restart 0) KSP residual norm 1.078269e-04
 13 (restart 0) KSP residual norm 6.322944e-05
 14 (restart 0) KSP residual norm 3.815122e-05
 15 (restart 0) KSP residual norm 1.738958e-05
 16 (restart 0) KSP residual norm 1.237232e-05
 17 (restart 0) KSP residual norm 5.187054e-06
GMRES solver converged in 17 iterations (avg. reduction factor: 4.341e-01)
 Sol. ||E|| = 7.537451e+00 (||RHS|| = 8.133931e-01)
 Field energy E (6.149e-13 J) + H (2.246e-12 J) = 2.861e-12 J
 S[1][2] = +8.242e-01-3.493e-01i, |S[1][2]| = -9.623e-01, arg(S[1][2]) = -2.297e+01
 S[2][2] = +1.632e-01+2.246e-01i, |S[2][2]| = -1.113e+01, arg(S[2][2]) = +5.399e+01
 Updating solution error estimates

Completed 0 iterations of adaptive mesh refinement (AMR):
 Indicator norm = 5.099e-01, global unknowns = 19614
 Max. iterations = 0, tol. = 1.000e-02, max. size = 2000000

Estimated peak per-rank memory usage is: Min. 299.4M, Max. 299.4M, Avg. 299.4M, Total 299.4M
Estimated peak per-node memory usage is: Min. 299.4M, Max. 299.4M, Avg. 299.4M, Total 299.4M

Elapsed Time Report (s)           Min.        Max.        Avg.
==============================================================
Initialization                   0.032       0.032       0.032
  Mesh Preprocessing             0.125       0.125       0.125
Operator Construction            0.174       0.174       0.174
Linear Solve                     1.788       1.788       1.788
  Setup                          0.643       0.643       0.643
  Preconditioner                 1.609       1.609       1.609
Estimation                       0.083       0.083       0.083
  Construction                   1.088       1.088       1.088
  Solve                          6.119       6.119       6.119
Postprocessing                   0.702       0.702       0.702
Disk IO                          0.246       0.246       0.246
--------------------------------------------------------------
Total                           12.978      12.978      12.978

Peak Memory                   Per-Node       Total   Total HWM
==============================================================
Initialization                    1.9M        1.9M        1.9M
  Mesh Preprocessing              8.6M        8.6M       10.5M
Operator Construction            10.0M       10.0M       20.5M
Linear Solve                      5.5M        5.5M       25.9M
  Setup                          69.8M       69.8M       95.7M
  Preconditioner                118.3M      118.3M      214.0M
Estimation                       10.0M       10.0M      224.0M
  Construction                   24.7M       24.7M      248.7M
  Solve                          10.4M       10.4M      259.0M
Postprocessing                   10.1M       10.1M      269.2M
Disk IO                           6.3M        6.3M      275.5M
--------------------------------------------------------------
Total                           289.7M      289.7M      289.7M

>> /usr/bin/mpirun -n 1 /foss/tools/bin/palace-x86_64.bin config.json

_____________     _______
_____   __   \____ __   /____ ____________
____   /_/  /  __ ` /  /  __ ` /  ___/  _ \
___   _____/  /_/  /  /  /_/  /  /__/  ___/
  /__/     \___,__/__/\___,__/\_____\_____/

Git changeset ID: v0.17.0-227-gc531cf3e
Running with 1 MPI process
Device configuration: cpu
Memory configuration: host-std
libCEED backend: /cpu/self/xsmm/blocked

Added 2602 boundary elements for material interfaces to the mesh

Characteristic length and time scales:
 Lc = 4.999e-04 m, tc = 1.667e-03 ns
Finished partitioning mesh into 1 subdomain

Mesh curvature order: 1
Mesh bounding box:
 (Xmin, Ymin, Zmin) = (-1.740e-04, -1.740e-04, -5.000e-05) m
 (Xmax, Ymax, Zmax) = (+1.740e-04, +1.740e-04, +4.499e-04) m

Parallel Mesh Stats:

                minimum     average     maximum       total
 vertices          3074        3074        3074        3074
 edges            19115       19115       19115       19115
 faces            30560       30560       30560       30560
 elements         14513       14513       14513       14513
 neighbors            0           0           0

            minimum     maximum
 h       0.00152775     0.20977
 kappa      1.07492     3294.37

Estimated current per-rank memory usage is: Min. 40.3M, Max. 40.3M, Avg. 40.3M, Total 40.3M
Estimated current per-node memory usage is: Min. 40.3M, Max. 40.3M, Avg. 40.3M, Total 40.3M

Configuring Robin absorbing BC (order 2) at attributes:
 22

Configuring Robin finite conductivity BC at attributes:
 2: σ = 2.164e+07 S/m, h = 4.200e-07 m, n = (+0.0,+0.0,+1.0)
 3: σ = 2.164e+07 S/m, h = 4.200e-07 m, n = (+0.7,+0.7,+0.0)
 4: σ = 2.780e+07 S/m, h = 2.000e-06 m, n = (+0.0,+0.0,-1.0)
 5: σ = 2.780e+07 S/m, h = 2.000e-06 m, n = (+1.0,-0.1,+0.0)
 6: σ = 2.780e+07 S/m, h = 2.000e-06 m, n = (+0.0,+0.0,-1.0)
 7: σ = 2.780e+07 S/m, h = 2.000e-06 m, n = (+1.0,-0.1,+0.0)
 8: σ = 2.780e+07 S/m, h = 2.000e-06 m, n = (+0.0,+0.0,+1.0)
 9: σ = 2.780e+07 S/m, h = 2.000e-06 m, n = (+0.6,+0.8,-0.0)
 10: σ = 3.030e+07 S/m, h = 3.000e-06 m, n = (+0.0,+0.0,+1.0)
 11: σ = 3.030e+07 S/m, h = 3.000e-06 m, n = (+1.0,+0.3,-0.0)
 12: σ = 3.030e+07 S/m, h = 3.000e-06 m, n = (+0.0,+0.0,+1.0)
 13: σ = 3.030e+07 S/m, h = 3.000e-06 m, n = (+1.0,-0.3,+0.0)

Configuring Robin impedance BC for lumped ports at attributes:
 20: Rs = 2.012e+01 Ω/sq, n = (+0.0,+1.0,+0.0)
 21: Rs = 2.012e+01 Ω/sq, n = (+0.0,+1.0,+0.0)

Configuring lumped port circuit properties:
 Index = 1: R = 5.000e+01 Ω
 Index = 2: R = 5.000e+01 Ω

Configuring lumped port excitation source term at attributes:
 20: Index = 1
 21: Index = 2

[38;2;255;255;000m--> Warning![0m
Adaptive frequency sweep requires > 2 total frequency samples!
Reverting to uniform sweep!


Computing frequency response for:
Excitation 1/2 with index 1 has contributions from:
 Lumped port  1
Excitation 2/2 with index 2 has contributions from:
 Lumped port  2

Assembling system matrices, number of global unknowns:
 H1 (p = 1): 3074, ND (p = 1): 19115, RT (p = 1): 30560
 Operator assembly level: Partial
 Mesh geometries:
  Tetrahedron: P = 6, Q = 4 (quadrature order = 2)
 SuperLUSolver: Using 2D processor grid 1 x 1

Sweeping excitation index 1 (1/2):

Assembling multigrid hierarchy:
 Level 0 (p = 1): 19115 unknowns
 Level 0 (auxiliary) (p = 1): 3074 unknowns

It 1/2: ω/2π = 1.000e-01 GHz (total elapsed time = 1.42e-01 s, solve 1/4)

  Residual norms for GMRES solve

** Memory Usage **********************************
** Total highmark (MB):
    Sum-of-all :    99.80 | Avg :    99.80  | Max :    99.80
    Max at rank 0, different stages (MB):
	. symbfact            9.05
	. distribution       99.80
	. numfact            83.17
** NUMfact space (MB): (sum-of-all-processes)
    L\U :           44.45 |  Total :    83.17
	. max at rank 0, max L+U memory (MB):    44.45
	. max at rank 0, peak buffer (MB):       38.73
**************************************************

** number of Tiny Pivots:        0

  0 (restart 0) KSP residual norm 8.464457e+00
  1 (restart 0) KSP residual norm 1.699309e-01
  2 (restart 0) KSP residual norm 5.277870e-02
  3 (restart 0) KSP residual norm 2.242710e-02
  4 (restart 0) KSP residual norm 1.293988e-03
  5 (restart 0) KSP residual norm 6.387911e-05
  6 (restart 0) KSP residual norm 4.477873e-05
  7 (restart 0) KSP residual norm 1.444926e-05
  8 (restart 0) KSP residual norm 7.550767e-06
GMRES solver converged in 8 iterations (avg. reduction factor: 1.753e-01)
 Sol. ||E|| = 8.347102e+00 (||RHS|| = 4.066965e-03)
 Field energy E (6.690e-13 J) + H (3.198e-12 J) = 3.867e-12 J
 S[1][1] = +5.422e-02+1.743e-03i, |S[1][1]| = -2.531e+01, arg(S[1][1]) = +1.842e+00
 S[2][1] = +9.458e-01-2.572e-03i, |S[2][1]| = -4.843e-01, arg(S[2][1]) = -1.558e-01
 Updating solution error estimates

It 2/2: ω/2π = 2.000e+01 GHz (total elapsed time = 3.22e+00 s, solve 2/4)

  Residual norms for GMRES solve

** Memory Usage **********************************
** Total highmark (MB):
    Sum-of-all :    83.61 | Avg :    83.61  | Max :    83.61
    Max at rank 0, different stages (MB):
	. symbfact            0.00
	. distribution       83.61
	. numfact            83.17
** NUMfact space (MB): (sum-of-all-processes)
    L\U :           44.45 |  Total :    83.17
	. max at rank 0, max L+U memory (MB):    44.45
	. max at rank 0, peak buffer (MB):       38.73
**************************************************

** number of Tiny Pivots:        0

  0 (restart 0) KSP residual norm 7.977467e+00
  1 (restart 0) KSP residual norm 3.592024e+00
  2 (restart 0) KSP residual norm 8.177544e-01
  3 (restart 0) KSP residual norm 1.113256e-01
  4 (restart 0) KSP residual norm 4.918640e-02
  5 (restart 0) KSP residual norm 2.503449e-02
  6 (restart 0) KSP residual norm 6.907883e-03
  7 (restart 0) KSP residual norm 4.151694e-03
  8 (restart 0) KSP residual norm 2.004543e-03
  9 (restart 0) KSP residual norm 8.504849e-04
 10 (restart 0) KSP residual norm 5.350713e-04
 11 (restart 0) KSP residual norm 2.196997e-04
 12 (restart 0) KSP residual norm 1.204629e-04
 13 (restart 0) KSP residual norm 7.679405e-05
 14 (restart 0) KSP residual norm 4.442484e-05
 15 (restart 0) KSP residual norm 2.251288e-05
 16 (restart 0) KSP residual norm 1.385377e-05
 17 (restart 0) KSP residual norm 5.526558e-06
GMRES solver converged in 17 iterations (avg. reduction factor: 4.342e-01)
 Sol. ||E|| = 8.367130e+00 (||RHS|| = 8.133931e-01)
 Field energy E (7.164e-13 J) + H (2.731e-12 J) = 3.448e-12 J
 S[1][1] = +2.195e-01+2.778e-01i, |S[1][1]| = -9.018e+00, arg(S[1][1]) = +5.168e+01
 S[2][1] = +7.666e-01-3.962e-01i, |S[2][1]| = -1.281e+00, arg(S[2][1]) = -2.733e+01
 Updating solution error estimates

Sweeping excitation index 2 (2/2):

It 1/2: ω/2π = 1.000e-01 GHz (total elapsed time = 6.52e+00 s, solve 3/4)

  Residual norms for GMRES solve

** Memory Usage **********************************
** Total highmark (MB):
    Sum-of-all :    83.61 | Avg :    83.61  | Max :    83.61
    Max at rank 0, different stages (MB):
	. symbfact            0.00
	. distribution       83.61
	. numfact            83.17
** NUMfact space (MB): (sum-of-all-processes)
    L\U :           44.45 |  Total :    83.17
	. max at rank 0, max L+U memory (MB):    44.45
	. max at rank 0, peak buffer (MB):       38.73
**************************************************

** number of Tiny Pivots:        0

  0 (restart 0) KSP residual norm 8.339923e+00
  1 (restart 0) KSP residual norm 1.665378e-01
  2 (restart 0) KSP residual norm 5.262907e-02
  3 (restart 0) KSP residual norm 2.231589e-02
  4 (restart 0) KSP residual norm 1.277739e-03
  5 (restart 0) KSP residual norm 6.613866e-05
  6 (restart 0) KSP residual norm 4.455648e-05
  7 (restart 0) KSP residual norm 1.363855e-05
  8 (restart 0) KSP residual norm 7.656090e-06
GMRES solver converged in 8 iterations (avg. reduction factor: 1.759e-01)
 Sol. ||E|| = 8.222649e+00 (||RHS|| = 4.066965e-03)
 Field energy E (6.437e-13 J) + H (3.198e-12 J) = 3.842e-12 J
 S[1][2] = +9.458e-01-2.572e-03i, |S[1][2]| = -4.842e-01, arg(S[1][2]) = -1.558e-01
 S[2][2] = +5.422e-02+1.759e-03i, |S[2][2]| = -2.531e+01, arg(S[2][2]) = +1.858e+00
 Updating solution error estimates

It 2/2: ω/2π = 2.000e+01 GHz (total elapsed time = 9.49e+00 s, solve 4/4)

  Residual norms for GMRES solve

** Memory Usage **********************************
** Total highmark (MB):
    Sum-of-all :    83.61 | Avg :    83.61  | Max :    83.61
    Max at rank 0, different stages (MB):
	. symbfact            0.00
	. distribution       83.61
	. numfact            83.17
** NUMfact space (MB): (sum-of-all-processes)
    L\U :           44.45 |  Total :    83.17
	. max at rank 0, max L+U memory (MB):    44.45
	. max at rank 0, peak buffer (MB):       38.73
**************************************************

** number of Tiny Pivots:        0

  0 (restart 0) KSP residual norm 7.962762e+00
  1 (restart 0) KSP residual norm 3.577063e+00
  2 (restart 0) KSP residual norm 8.722041e-01
  3 (restart 0) KSP residual norm 1.310209e-01
  4 (restart 0) KSP residual norm 8.277708e-02
  5 (restart 0) KSP residual norm 2.745924e-02
  6 (restart 0) KSP residual norm 7.220887e-03
  7 (restart 0) KSP residual norm 4.158328e-03
  8 (restart 0) KSP residual norm 1.986215e-03
  9 (restart 0) KSP residual norm 8.589644e-04
 10 (restart 0) KSP residual norm 5.369980e-04
 11 (restart 0) KSP residual norm 2.273208e-04
 12 (restart 0) KSP residual norm 1.289110e-04
 13 (restart 0) KSP residual norm 7.831630e-05
 14 (restart 0) KSP residual norm 4.405968e-05
 15 (restart 0) KSP residual norm 2.188702e-05
 16 (restart 0) KSP residual norm 1.367153e-05
 17 (restart 0) KSP residual norm 5.225928e-06
GMRES solver converged in 17 iterations (avg. reduction factor: 4.328e-01)
 Sol. ||E|| = 8.338797e+00 (||RHS|| = 8.133931e-01)
 Field energy E (7.037e-13 J) + H (2.731e-12 J) = 3.434e-12 J
 S[1][2] = +7.666e-01-3.962e-01i, |S[1][2]| = -1.281e+00, arg(S[1][2]) = -2.733e+01
 S[2][2] = +2.215e-01+2.793e-01i, |S[2][2]| = -8.960e+00, arg(S[2][2]) = +5.159e+01
 Updating solution error estimates

Completed 0 iterations of adaptive mesh refinement (AMR):
 Indicator norm = 5.334e-01, global unknowns = 19115
 Max. iterations = 0, tol. = 1.000e-02, max. size = 2000000

Estimated peak per-rank memory usage is: Min. 295.3M, Max. 295.3M, Avg. 295.3M, Total 295.3M
Estimated peak per-node memory usage is: Min. 295.3M, Max. 295.3M, Avg. 295.3M, Total 295.3M

Elapsed Time Report (s)           Min.        Max.        Avg.
==============================================================
Initialization                   0.046       0.046       0.046
  Mesh Preprocessing             0.145       0.145       0.145
Operator Construction            0.475       0.475       0.475
Linear Solve                     1.726       1.726       1.726
  Setup                          0.623       0.623       0.623
  Preconditioner                 1.480       1.480       1.480
Estimation                       0.095       0.095       0.095
  Construction                   1.015       1.015       1.015
  Solve                          8.134       8.134       8.134
Postprocessing                   0.586       0.586       0.586
Disk IO                          0.353       0.353       0.353
--------------------------------------------------------------
Total                           15.008      15.008      15.008

Peak Memory                   Per-Node       Total   Total HWM
==============================================================
Initialization                    1.7M        1.7M        1.7M
  Mesh Preprocessing              8.3M        8.3M       10.1M
Operator Construction            10.0M       10.0M       20.1M
Linear Solve                      8.2M        8.2M       28.3M
  Setup                          64.8M       64.8M       93.1M
  Preconditioner                118.0M      118.0M      211.0M
Estimation                        9.9M        9.9M      220.9M
  Construction                   24.4M       24.4M      245.3M
  Solve                          10.0M       10.0M      255.3M
Postprocessing                    9.8M        9.8M      265.1M
Disk IO                           6.5M        6.5M      271.5M
--------------------------------------------------------------
Total                           285.4M      285.4M      285.4M

>> /usr/bin/mpirun -n 1 /foss/tools/bin/palace-x86_64.bin config.json

_____________     _______
_____   __   \____ __   /____ ____________
____   /_/  /  __ ` /  /  __ ` /  ___/  _ \
___   _____/  /_/  /  /  /_/  /  /__/  ___/
  /__/     \___,__/__/\___,__/\_____\_____/

Git changeset ID: v0.17.0-227-gc531cf3e
Running with 1 MPI process
Device configuration: cpu
Memory configuration: host-std
libCEED backend: /cpu/self/xsmm/blocked

Added 2756 boundary elements for material interfaces to the mesh

Characteristic length and time scales:
 Lc = 4.999e-04 m, tc = 1.667e-03 ns
Finished partitioning mesh into 1 subdomain

Mesh curvature order: 1
Mesh bounding box:
 (Xmin, Ymin, Zmin) = (-1.794e-04, -1.794e-04, -5.000e-05) m
 (Xmax, Ymax, Zmax) = (+1.794e-04, +1.794e-04, +4.499e-04) m

Parallel Mesh Stats:

                minimum     average     maximum       total
 vertices          3333        3333        3333        3333
 edges            20756       20756       20756       20756
 faces            33192       33192       33192       33192
 elements         15763       15763       15763       15763
 neighbors            0           0           0

            minimum     maximum
 h       0.00162356    0.222668
 kappa      1.04007      394.18

Estimated current per-rank memory usage is: Min. 41.4M, Max. 41.4M, Avg. 41.4M, Total 41.4M
Estimated current per-node memory usage is: Min. 41.4M, Max. 41.4M, Avg. 41.4M, Total 41.4M

Configuring Robin absorbing BC (order 2) at attributes:
 22

Configuring Robin finite conductivity BC at attributes:
 2: σ = 2.164e+07 S/m, h = 4.200e-07 m, n = (+0.0,+0.0,+1.0)
 3: σ = 2.164e+07 S/m, h = 4.200e-07 m, n = (+0.7,+0.7,+0.0)
 4: σ = 2.780e+07 S/m, h = 2.000e-06 m, n = (+0.0,+0.0,-1.0)
 5: σ = 2.780e+07 S/m, h = 2.000e-06 m, n = (+1.0,-0.1,+0.0)
 6: σ = 2.780e+07 S/m, h = 2.000e-06 m, n = (+0.0,+0.0,-1.0)
 7: σ = 2.780e+07 S/m, h = 2.000e-06 m, n = (+1.0,-0.1,+0.0)
 8: σ = 2.780e+07 S/m, h = 2.000e-06 m, n = (-0.0,-0.0,+1.0)
 9: σ = 2.780e+07 S/m, h = 2.000e-06 m, n = (+0.6,+0.8,+0.0)
 10: σ = 3.030e+07 S/m, h = 3.000e-06 m, n = (+0.0,+0.0,+1.0)
 11: σ = 3.030e+07 S/m, h = 3.000e-06 m, n = (+1.0,+0.3,+0.0)
 12: σ = 3.030e+07 S/m, h = 3.000e-06 m, n = (+0.0,+0.0,+1.0)
 13: σ = 3.030e+07 S/m, h = 3.000e-06 m, n = (+1.0,-0.3,-0.0)

Configuring Robin impedance BC for lumped ports at attributes:
 20: Rs = 2.012e+01 Ω/sq, n = (+0.0,+1.0,+0.0)
 21: Rs = 2.012e+01 Ω/sq, n = (+0.0,+1.0,+0.0)

Configuring lumped port circuit properties:
 Index = 1: R = 5.000e+01 Ω
 Index = 2: R = 5.000e+01 Ω

Configuring lumped port excitation source term at attributes:
 20: Index = 1
 21: Index = 2

[38;2;255;255;000m--> Warning![0m
Adaptive frequency sweep requires > 2 total frequency samples!
Reverting to uniform sweep!


Computing frequency response for:
Excitation 1/2 with index 1 has contributions from:
 Lumped port  1
Excitation 2/2 with index 2 has contributions from:
 Lumped port  2

Assembling system matrices, number of global unknowns:
 H1 (p = 1): 3333, ND (p = 1): 20756, RT (p = 1): 33192
 Operator assembly level: Partial
 Mesh geometries:
  Tetrahedron: P = 6, Q = 4 (quadrature order = 2)
 SuperLUSolver: Using 2D processor grid 1 x 1

Sweeping excitation index 1 (1/2):

Assembling multigrid hierarchy:
 Level 0 (p = 1): 20756 unknowns
 Level 0 (auxiliary) (p = 1): 3333 unknowns

It 1/2: ω/2π = 1.000e-01 GHz (total elapsed time = 1.78e-01 s, solve 1/4)

  Residual norms for GMRES solve

** Memory Usage **********************************
** Total highmark (MB):
    Sum-of-all :   110.21 | Avg :   110.21  | Max :   110.21
    Max at rank 0, different stages (MB):
	. symbfact           10.02
	. distribution      110.21
	. numfact            89.53
** NUMfact space (MB): (sum-of-all-processes)
    L\U :           49.75 |  Total :    89.53
	. max at rank 0, max L+U memory (MB):    49.75
	. max at rank 0, peak buffer (MB):       39.79
**************************************************

** number of Tiny Pivots:        0

  0 (restart 0) KSP residual norm 8.607258e+00
  1 (restart 0) KSP residual norm 1.806602e-01
  2 (restart 0) KSP residual norm 6.030319e-02
  3 (restart 0) KSP residual norm 2.230545e-02
  4 (restart 0) KSP residual norm 1.497318e-03
  5 (restart 0) KSP residual norm 6.813649e-05
  6 (restart 0) KSP residual norm 4.587313e-05
  7 (restart 0) KSP residual norm 1.338924e-05
  8 (restart 0) KSP residual norm 5.967617e-06
GMRES solver converged in 8 iterations (avg. reduction factor: 1.699e-01)
 Sol. ||E|| = 8.479388e+00 (||RHS|| = 4.066965e-03)
 Field energy E (7.455e-13 J) + H (3.582e-12 J) = 4.328e-12 J
 S[1][1] = +5.499e-02+1.949e-03i, |S[1][1]| = -2.519e+01, arg(S[1][1]) = +2.030e+00
 S[2][1] = +9.450e-01-2.873e-03i, |S[2][1]| = -4.914e-01, arg(S[2][1]) = -1.742e-01
 Updating solution error estimates

It 2/2: ω/2π = 2.000e+01 GHz (total elapsed time = 2.88e+00 s, solve 2/4)

  Residual norms for GMRES solve

** Memory Usage **********************************
** Total highmark (MB):
    Sum-of-all :    92.27 | Avg :    92.27  | Max :    92.27
    Max at rank 0, different stages (MB):
	. symbfact            0.00
	. distribution       92.27
	. numfact            89.53
** NUMfact space (MB): (sum-of-all-processes)
    L\U :           49.75 |  Total :    89.53
	. max at rank 0, max L+U memory (MB):    49.75
	. max at rank 0, peak buffer (MB):       39.79
**************************************************

** number of Tiny Pivots:        0

  0 (restart 0) KSP residual norm 8.382526e+00
  1 (restart 0) KSP residual norm 3.868180e+00
  2 (restart 0) KSP residual norm 8.984052e-01
  3 (restart 0) KSP residual norm 1.237434e-01
  4 (restart 0) KSP residual norm 5.499923e-02
  5 (restart 0) KSP residual norm 2.752568e-02
  6 (restart 0) KSP residual norm 7.565960e-03
  7 (restart 0) KSP residual norm 4.506254e-03
  8 (restart 0) KSP residual norm 2.193669e-03
  9 (restart 0) KSP residual norm 9.590431e-04
 10 (restart 0) KSP residual norm 6.340629e-04
 11 (restart 0) KSP residual norm 2.413631e-04
 12 (restart 0) KSP residual norm 1.434261e-04
 13 (restart 0) KSP residual norm 9.055021e-05
 14 (restart 0) KSP residual norm 5.033348e-05
 15 (restart 0) KSP residual norm 2.772862e-05
 16 (restart 0) KSP residual norm 1.593473e-05
 17 (restart 0) KSP residual norm 6.748163e-06
GMRES solver converged in 17 iterations (avg. reduction factor: 4.380e-01)
 Sol. ||E|| = 8.924943e+00 (||RHS|| = 8.133931e-01)
 Field energy E (8.512e-13 J) + H (3.028e-12 J) = 3.879e-12 J
 S[1][1] = +2.577e-01+2.996e-01i, |S[1][1]| = -8.065e+00, arg(S[1][1]) = +4.929e+01
 S[2][1] = +7.260e-01-4.302e-01i, |S[2][1]| = -1.474e+00, arg(S[2][1]) = -3.065e+01
 Updating solution error estimates

Sweeping excitation index 2 (2/2):

It 1/2: ω/2π = 1.000e-01 GHz (total elapsed time = 6.27e+00 s, solve 3/4)

  Residual norms for GMRES solve

** Memory Usage **********************************
** Total highmark (MB):
    Sum-of-all :    92.27 | Avg :    92.27  | Max :    92.27
    Max at rank 0, different stages (MB):
	. symbfact            0.00
	. distribution       92.27
	. numfact            89.53
** NUMfact space (MB): (sum-of-all-processes)
    L\U :           49.75 |  Total :    89.53
	. max at rank 0, max L+U memory (MB):    49.75
	. max at rank 0, peak buffer (MB):       39.79
**************************************************

** number of Tiny Pivots:        0

  0 (restart 0) KSP residual norm 8.445467e+00
  1 (restart 0) KSP residual norm 1.778519e-01
  2 (restart 0) KSP residual norm 5.992166e-02
  3 (restart 0) KSP residual norm 2.225531e-02
  4 (restart 0) KSP residual norm 1.482818e-03
  5 (restart 0) KSP residual norm 6.687553e-05
  6 (restart 0) KSP residual norm 4.563402e-05
  7 (restart 0) KSP residual norm 1.396651e-05
  8 (restart 0) KSP residual norm 5.991096e-06
GMRES solver converged in 8 iterations (avg. reduction factor: 1.704e-01)
 Sol. ||E|| = 8.318618e+00 (||RHS|| = 4.066965e-03)
 Field energy E (7.164e-13 J) + H (3.582e-12 J) = 4.299e-12 J
 S[1][2] = +9.450e-01-2.873e-03i, |S[1][2]| = -4.914e-01, arg(S[1][2]) = -1.742e-01
 S[2][2] = +5.499e-02+1.968e-03i, |S[2][2]| = -2.519e+01, arg(S[2][2]) = +2.049e+00
 Updating solution error estimates

It 2/2: ω/2π = 2.000e+01 GHz (total elapsed time = 8.82e+00 s, solve 4/4)

  Residual norms for GMRES solve

** Memory Usage **********************************
** Total highmark (MB):
    Sum-of-all :    92.27 | Avg :    92.27  | Max :    92.27
    Max at rank 0, different stages (MB):
	. symbfact            0.00
	. distribution       92.27
	. numfact            89.53
** NUMfact space (MB): (sum-of-all-processes)
    L\U :           49.75 |  Total :    89.53
	. max at rank 0, max L+U memory (MB):    49.75
	. max at rank 0, peak buffer (MB):       39.79
**************************************************

** number of Tiny Pivots:        0

  0 (restart 0) KSP residual norm 8.294257e+00
  1 (restart 0) KSP residual norm 3.863435e+00
  2 (restart 0) KSP residual norm 9.450197e-01
  3 (restart 0) KSP residual norm 1.441166e-01
  4 (restart 0) KSP residual norm 9.333803e-02
  5 (restart 0) KSP residual norm 3.190295e-02
  6 (restart 0) KSP residual norm 8.091872e-03
  7 (restart 0) KSP residual norm 4.781194e-03
  8 (restart 0) KSP residual norm 2.199196e-03
  9 (restart 0) KSP residual norm 1.004313e-03
 10 (restart 0) KSP residual norm 6.436800e-04
 11 (restart 0) KSP residual norm 2.507816e-04
 12 (restart 0) KSP residual norm 1.541107e-04
 13 (restart 0) KSP residual norm 9.323927e-05
 14 (restart 0) KSP residual norm 4.981105e-05
 15 (restart 0) KSP residual norm 2.732391e-05
 16 (restart 0) KSP residual norm 1.561779e-05
 17 (restart 0) KSP residual norm 6.498676e-06
GMRES solver converged in 17 iterations (avg. reduction factor: 4.373e-01)
 Sol. ||E|| = 8.859007e+00 (||RHS|| = 8.133931e-01)
 Field energy E (8.375e-13 J) + H (3.027e-12 J) = 3.864e-12 J
 S[1][2] = +7.260e-01-4.302e-01i, |S[1][2]| = -1.474e+00, arg(S[1][2]) = -3.065e+01
 S[2][2] = +2.599e-01+3.011e-01i, |S[2][2]| = -8.007e+00, arg(S[2][2]) = +4.920e+01
 Updating solution error estimates

Completed 0 iterations of adaptive mesh refinement (AMR):
 Indicator norm = 5.339e-01, global unknowns = 20756
 Max. iterations = 0, tol. = 1.000e-02, max. size = 2000000

Estimated peak per-rank memory usage is: Min. 314.7M, Max. 314.7M, Avg. 314.7M, Total 314.7M
Estimated peak per-node memory usage is: Min. 314.7M, Max. 314.7M, Avg. 314.7M, Total 314.7M

Elapsed Time Report (s)           Min.        Max.        Avg.
==============================================================
Initialization                   0.050       0.050       0.050
  Mesh Preprocessing             0.155       0.155       0.155
Operator Construction            0.207       0.207       0.207
Linear Solve                     1.805       1.805       1.805
  Setup                          0.667       0.667       0.667
  Preconditioner                 1.609       1.609       1.609
Estimation                       0.091       0.091       0.091
  Construction                   0.913       0.913       0.913
  Solve                          6.415       6.415       6.415
Postprocessing                   0.926       0.926       0.926
Disk IO                          0.200       0.200       0.200
--------------------------------------------------------------
Total                           13.344      13.344      13.344

Peak Memory                   Per-Node       Total   Total HWM
==============================================================
Initialization                    1.7M        1.7M        1.7M
  Mesh Preprocessing              9.1M        9.1M       10.8M
Operator Construction            10.0M       10.0M       20.8M
Linear Solve                      6.3M        6.3M       27.1M
  Setup                          72.7M       72.7M       99.8M
  Preconditioner                125.3M      125.3M      225.1M
Estimation                       11.0M       11.0M      236.1M
  Construction                   26.2M       26.2M      262.3M
  Solve                          10.8M       10.8M      273.1M
Postprocessing                   10.9M       10.9M      284.0M
Disk IO                           6.8M        6.8M      290.8M
--------------------------------------------------------------
Total                           304.9M      304.9M      304.9M

Found extra file with port information: /foss/designs/inductor_synth/palace_model/inductor3_N2_do58.36_w2.01_s2.01_data/port_information.json
Port Z0 values found: [50, 50]
Port impedance for Touchstone header:  50
Number of ports:  2
Created combined S-parameter file for  2 ports, filename:  /foss/designs/inductor_synth/palace_model/inductor3_N2_do58.36_w2.01_s2.01_data/output/inductor3_N2_do58.36_w2.01_s2.01/inductor3_N2_do58.36_w2.01_s2.01.s2p
Skipping DC extrapolation, not enough frequency points
Port de-embedding based on port geometry data
Cascading L= -2.18 pH at port 1
Traceback (most recent call last):
  File "/foss/tools/palace/bin/../lib/combine_extend_snp.py", line 347, in <module>
    port_deembedding(output_filename, port_info_available, port_info_data)
  File "/foss/tools/palace/bin/../lib/combine_extend_snp.py", line 230, in port_deembedding
    ntwk = rf.connect(inductor, 0, ntwk, 0)
           ^^^^^^^^^^
AttributeError: module 'skrf' has no attribute 'connect'
Info    : Meshing 1D...
Info    : [  0%] Meshing curve 64 (Line)
Info    : [ 10%] Meshing curve 65 (Line)
Info    : [ 10%] Meshing curve 67 (Line)
Info    : [ 10%] Meshing curve 69 (Line)
Info    : [ 10%] Meshing curve 70 (Line)
Info    : [ 10%] Meshing curve 71 (Line)
Info    : [ 10%] Meshing curve 72 (Line)
Info    : [ 10%] Meshing curve 76 (Line)
Info    : [ 10%] Meshing curve 77 (Line)
Info    : [ 10%] Meshing curve 79 (Line)
Info    : [ 10%] Meshing curve 81 (Line)
Info    : [ 10%] Meshing curve 82 (Line)
Info    : [ 10%] Meshing curve 83 (Line)
Info    : [ 10%] Meshing curve 84 (Line)
Info    : [ 10%] Meshing curve 85 (Line)
Info    : [ 10%] Meshing curve 86 (Line)
Info    : [ 10%] Meshing curve 87 (Line)
Info    : [ 10%] Meshing curve 88 (Line)
Info    : [ 10%] Meshing curve 89 (Line)
Info    : [ 10%] Meshing curve 90 (Line)
Info    : [ 10%] Meshing curve 91 (Line)
Info    : [ 10%] Meshing curve 92 (Line)
Info    : [ 10%] Meshing curve 93 (Line)
Info    : [ 10%] Meshing curve 94 (Line)
Info    : [ 10%] Meshing curve 95 (Line)
Info    : [ 10%] Meshing curve 96 (Line)
Info    : [ 10%] Meshing curve 97 (Line)
Info    : [ 10%] Meshing curve 98 (Line)
Info    : [ 10%] Meshing curve 99 (Line)
Info    : [ 10%] Meshing curve 100 (Line)
Info    : [ 10%] Meshing curve 101 (Line)
Info    : [ 10%] Meshing curve 102 (Line)
Info    : [ 10%] Meshing curve 103 (Line)
Info    : [ 10%] Meshing curve 104 (Line)
Info    : [ 20%] Meshing curve 105 (Line)
Info    : [ 20%] Meshing curve 106 (Line)
Info    : [ 20%] Meshing curve 107 (Line)
Info    : [ 20%] Meshing curve 108 (Line)
Info    : [ 20%] Meshing curve 109 (Line)
Info    : [ 20%] Meshing curve 110 (Line)
Info    : [ 20%] Meshing curve 111 (Line)
Info    : [ 20%] Meshing curve 112 (Line)
Info    : [ 20%] Meshing curve 113 (Line)
Info    : [ 20%] Meshing curve 114 (Line)
Info    : [ 20%] Meshing curve 115 (Line)
Info    : [ 20%] Meshing curve 116 (Line)
Info    : [ 20%] Meshing curve 117 (Line)
Info    : [ 20%] Meshing curve 118 (Line)
Info    : [ 20%] Meshing curve 119 (Line)
Info    : [ 20%] Meshing curve 120 (Line)
Info    : [ 20%] Meshing curve 121 (Line)
Info    : [ 20%] Meshing curve 122 (Line)
Info    : [ 20%] Meshing curve 123 (Line)
Info    : [ 20%] Meshing curve 124 (Line)
Info    : [ 20%] Meshing curve 125 (Line)
Info    : [ 20%] Meshing curve 126 (Line)
Info    : [ 20%] Meshing curve 127 (Line)
Info    : [ 20%] Meshing curve 128 (Line)
Info    : [ 20%] Meshing curve 129 (Line)
Info    : [ 20%] Meshing curve 130 (Line)
Info    : [ 20%] Meshing curve 131 (Line)
Info    : [ 20%] Meshing curve 132 (Line)
Info    : [ 20%] Meshing curve 133 (Line)
Info    : [ 20%] Meshing curve 134 (Line)
Info    : [ 20%] Meshing curve 135 (Line)
Info    : [ 20%] Meshing curve 136 (Line)
Info    : [ 20%] Meshing curve 137 (Line)
Info    : [ 20%] Meshing curve 138 (Line)
Info    : [ 30%] Meshing curve 139 (Line)
Info    : [ 30%] Meshing curve 140 (Line)
Info    : [ 30%] Meshing curve 141 (Line)
Info    : [ 30%] Meshing curve 142 (Line)
Info    : [ 30%] Meshing curve 143 (Line)
Info    : [ 30%] Meshing curve 144 (Line)
Info    : [ 30%] Meshing curve 145 (Line)
Info    : [ 30%] Meshing curve 146 (Line)
Info    : [ 30%] Meshing curve 147 (Line)
Info    : [ 30%] Meshing curve 148 (Line)
Info    : [ 30%] Meshing curve 149 (Line)
Info    : [ 30%] Meshing curve 150 (Line)
Info    : [ 30%] Meshing curve 151 (Line)
Info    : [ 30%] Meshing curve 152 (Line)
Info    : [ 30%] Meshing curve 153 (Line)
Info    : [ 30%] Meshing curve 154 (Line)
Info    : [ 30%] Meshing curve 155 (Line)
Info    : [ 30%] Meshing curve 156 (Line)
Info    : [ 30%] Meshing curve 397 (Line)
Info    : [ 30%] Meshing curve 398 (Line)
Info    : [ 30%] Meshing curve 399 (Line)
Info    : [ 30%] Meshing curve 400 (Line)
Info    : [ 30%] Meshing curve 401 (Line)
Info    : [ 30%] Meshing curve 402 (Line)
Info    : [ 30%] Meshing curve 403 (Line)
Info    : [ 30%] Meshing curve 404 (Line)
Info    : [ 30%] Meshing curve 405 (Line)
Info    : [ 30%] Meshing curve 406 (Line)
Info    : [ 30%] Meshing curve 407 (Line)
Info    : [ 30%] Meshing curve 408 (Line)
Info    : [ 30%] Meshing curve 409 (TrimmedCurve)
Info    : [ 30%] Meshing curve 410 (Line)
Info    : [ 30%] Meshing curve 411 (TrimmedCurve)
Info    : [ 30%] Meshing curve 412 (Line)
Info    : [ 40%] Meshing curve 413 (Line)
Info    : [ 40%] Meshing curve 414 (Line)
Info    : [ 40%] Meshing curve 415 (Line)
Info    : [ 40%] Meshing curve 416 (Line)
Info    : [ 40%] Meshing curve 417 (Line)
Info    : [ 40%] Meshing curve 418 (Line)
Info    : [ 40%] Meshing curve 419 (Line)
Info    : [ 40%] Meshing curve 420 (TrimmedCurve)
Info    : [ 40%] Meshing curve 421 (Line)
Info    : [ 40%] Meshing curve 422 (TrimmedCurve)
Info    : [ 40%] Meshing curve 423 (Line)
Info    : [ 40%] Meshing curve 424 (Line)
Info    : [ 40%] Meshing curve 425 (Line)
Info    : [ 40%] Meshing curve 426 (Line)
Info    : [ 40%] Meshing curve 427 (Line)
Info    : [ 40%] Meshing curve 428 (Line)
Info    : [ 40%] Meshing curve 429 (Line)
Info    : [ 40%] Meshing curve 430 (Line)
Info    : [ 40%] Meshing curve 431 (Line)
Info    : [ 40%] Meshing curve 432 (Line)
Info    : [ 40%] Meshing curve 433 (TrimmedCurve)
Info    : [ 40%] Meshing curve 434 (Line)
Info    : [ 40%] Meshing curve 435 (TrimmedCurve)
Info    : [ 40%] Meshing curve 436 (Line)
Info    : [ 40%] Meshing curve 437 (Line)
Info    : [ 40%] Meshing curve 438 (Line)
Info    : [ 40%] Meshing curve 439 (Line)
Info    : [ 40%] Meshing curve 440 (TrimmedCurve)
Info    : [ 40%] Meshing curve 441 (Line)
Info    : [ 40%] Meshing curve 442 (TrimmedCurve)
Info    : [ 40%] Meshing curve 443 (Line)
Info    : [ 40%] Meshing curve 444 (TrimmedCurve)
Info    : [ 40%] Meshing curve 445 (Line)
Info    : [ 40%] Meshing curve 446 (TrimmedCurve)
Info    : [ 50%] Meshing curve 447 (Line)
Info    : [ 50%] Meshing curve 448 (TrimmedCurve)
Info    : [ 50%] Meshing curve 449 (Line)
Info    : [ 50%] Meshing curve 450 (Line)
Info    : [ 50%] Meshing curve 451 (Line)
Info    : [ 50%] Meshing curve 452 (Line)
Info    : [ 50%] Meshing curve 453 (Line)
Info    : [ 50%] Meshing curve 454 (TrimmedCurve)
Info    : [ 50%] Meshing curve 455 (Line)
Info    : [ 50%] Meshing curve 456 (TrimmedCurve)
Info    : [ 50%] Meshing curve 457 (Line)
Info    : [ 50%] Meshing curve 458 (TrimmedCurve)
Info    : [ 50%] Meshing curve 459 (Line)
Info    : [ 50%] Meshing curve 460 (TrimmedCurve)
Info    : [ 50%] Meshing curve 461 (Line)
Info    : [ 50%] Meshing curve 462 (TrimmedCurve)
Info    : [ 50%] Meshing curve 463 (Line)
Info    : [ 50%] Meshing curve 464 (TrimmedCurve)
Info    : [ 50%] Meshing curve 465 (Line)
Info    : [ 50%] Meshing curve 466 (Line)
Info    : [ 50%] Meshing curve 467 (Line)
Info    : [ 50%] Meshing curve 468 (Line)
Info    : [ 50%] Meshing curve 469 (Line)
Info    : [ 50%] Meshing curve 470 (TrimmedCurve)
Info    : [ 50%] Meshing curve 471 (Line)
Info    : [ 50%] Meshing curve 472 (Line)
Info    : [ 50%] Meshing curve 473 (Line)
Info    : [ 50%] Meshing curve 474 (Line)
Info    : [ 50%] Meshing curve 475 (TrimmedCurve)
Info    : [ 50%] Meshing curve 476 (Line)
Info    : [ 50%] Meshing curve 477 (TrimmedCurve)
Info    : [ 50%] Meshing curve 478 (Line)
Info    : [ 50%] Meshing curve 479 (TrimmedCurve)
Info    : [ 50%] Meshing curve 480 (Line)
Info    : [ 60%] Meshing curve 481 (TrimmedCurve)
Info    : [ 60%] Meshing curve 482 (Line)
Info    : [ 60%] Meshing curve 483 (TrimmedCurve)
Info    : [ 60%] Meshing curve 484 (Line)
Info    : [ 60%] Meshing curve 485 (Line)
Info    : [ 60%] Meshing curve 486 (Line)
Info    : [ 60%] Meshing curve 487 (Line)
Info    : [ 60%] Meshing curve 488 (Line)
Info    : [ 60%] Meshing curve 489 (TrimmedCurve)
Info    : [ 60%] Meshing curve 490 (Line)
Info    : [ 60%] Meshing curve 491 (TrimmedCurve)
Info    : [ 60%] Meshing curve 492 (Line)
Info    : [ 60%] Meshing curve 493 (TrimmedCurve)
Info    : [ 60%] Meshing curve 494 (Line)
Info    : [ 60%] Meshing curve 495 (TrimmedCurve)
Info    : [ 60%] Meshing curve 496 (Line)
Info    : [ 60%] Meshing curve 497 (TrimmedCurve)
Info    : [ 60%] Meshing curve 498 (Line)
Info    : [ 60%] Meshing curve 499 (TrimmedCurve)
Info    : [ 60%] Meshing curve 500 (Line)
Info    : [ 60%] Meshing curve 501 (Line)
Info    : [ 60%] Meshing curve 502 (Line)
Info    : [ 60%] Meshing curve 503 (Line)
Info    : [ 60%] Meshing curve 504 (Line)
Info    : [ 60%] Meshing curve 505 (TrimmedCurve)
Info    : [ 60%] Meshing curve 506 (Line)
Info    : [ 60%] Meshing curve 507 (Line)
Info    : [ 60%] Meshing curve 508 (Line)
Info    : [ 60%] Meshing curve 509 (Line)
Info    : [ 60%] Meshing curve 510 (Line)
Info    : [ 60%] Meshing curve 511 (Line)
Info    : [ 60%] Meshing curve 512 (Line)
Info    : [ 60%] Meshing curve 513 (Line)
Info    : [ 70%] Meshing curve 514 (Line)
Info    : [ 70%] Meshing curve 515 (Line)
Info    : [ 70%] Meshing curve 516 (Line)
Info    : [ 70%] Meshing curve 517 (Line)
Info    : [ 70%] Meshing curve 518 (Line)
Info    : [ 70%] Meshing curve 519 (Line)
Info    : [ 70%] Meshing curve 520 (Line)
Info    : [ 70%] Meshing curve 521 (Line)
Info    : [ 70%] Meshing curve 522 (Line)
Info    : [ 70%] Meshing curve 523 (Line)
Info    : [ 70%] Meshing curve 524 (Line)
Info    : [ 70%] Meshing curve 525 (Line)
Info    : [ 70%] Meshing curve 526 (Line)
Info    : [ 70%] Meshing curve 527 (Line)
Info    : [ 70%] Meshing curve 528 (Line)
Info    : [ 70%] Meshing curve 529 (Line)
Info    : [ 70%] Meshing curve 530 (Line)
Info    : [ 70%] Meshing curve 531 (Line)
Info    : [ 70%] Meshing curve 532 (Line)
Info    : [ 70%] Meshing curve 533 (Line)
Info    : [ 70%] Meshing curve 534 (Line)
Info    : [ 70%] Meshing curve 535 (Line)
Info    : [ 70%] Meshing curve 536 (Line)
Info    : [ 70%] Meshing curve 537 (Line)
Info    : [ 70%] Meshing curve 538 (Line)
Info    : [ 70%] Meshing curve 539 (Line)
Info    : [ 70%] Meshing curve 540 (Line)
Info    : [ 70%] Meshing curve 541 (Line)
Info    : [ 70%] Meshing curve 542 (Line)
Info    : [ 70%] Meshing curve 543 (Line)
Info    : [ 70%] Meshing curve 544 (Line)
Info    : [ 70%] Meshing curve 545 (Line)
Info    : [ 70%] Meshing curve 546 (Line)
Info    : [ 70%] Meshing curve 547 (Line)
Info    : [ 80%] Meshing curve 548 (Line)
Info    : [ 80%] Meshing curve 549 (Line)
Info    : [ 80%] Meshing curve 550 (Line)
Info    : [ 80%] Meshing curve 551 (Line)
Info    : [ 80%] Meshing curve 552 (TrimmedCurve)
Info    : [ 80%] Meshing curve 553 (Line)
Info    : [ 80%] Meshing curve 554 (Line)
Info    : [ 80%] Meshing curve 555 (Line)
Info    : [ 80%] Meshing curve 556 (Line)
Info    : [ 80%] Meshing curve 557 (Line)
Info    : [ 80%] Meshing curve 558 (TrimmedCurve)
Info    : [ 80%] Meshing curve 559 (Line)
Info    : [ 80%] Meshing curve 560 (Line)
Info    : [ 80%] Meshing curve 561 (TrimmedCurve)
Info    : [ 80%] Meshing curve 562 (Line)
Info    : [ 80%] Meshing curve 563 (Line)
Info    : [ 80%] Meshing curve 564 (Line)
Info    : [ 80%] Meshing curve 565 (Line)
Info    : [ 80%] Meshing curve 566 (Line)
Info    : [ 80%] Meshing curve 567 (TrimmedCurve)
Info    : [ 80%] Meshing curve 568 (Line)
Info    : [ 80%] Meshing curve 569 (Line)
Info    : [ 80%] Meshing curve 570 (Line)
Info    : [ 80%] Meshing curve 571 (Line)
Info    : [ 80%] Meshing curve 572 (Line)
Info    : [ 80%] Meshing curve 573 (Line)
Info    : [ 80%] Meshing curve 574 (Line)
Info    : [ 80%] Meshing curve 575 (Line)
Info    : [ 80%] Meshing curve 576 (Line)
Info    : [ 80%] Meshing curve 577 (Line)
Info    : [ 80%] Meshing curve 578 (Line)
Info    : [ 80%] Meshing curve 579 (Line)
Info    : [ 80%] Meshing curve 580 (Line)
Info    : [ 80%] Meshing curve 581 (Line)
Info    : [ 90%] Meshing curve 582 (Line)
Info    : [ 90%] Meshing curve 583 (Line)
Info    : [ 90%] Meshing curve 584 (Line)
Info    : [ 90%] Meshing curve 585 (Line)
Info    : [ 90%] Meshing curve 586 (Line)
Info    : [ 90%] Meshing curve 587 (Line)
Info    : [ 90%] Meshing curve 588 (Line)
Info    : [ 90%] Meshing curve 589 (Line)
Info    : [ 90%] Meshing curve 590 (Line)
Info    : [ 90%] Meshing curve 591 (Line)
Info    : [ 90%] Meshing curve 592 (Line)
Info    : [ 90%] Meshing curve 593 (Line)
Info    : [ 90%] Meshing curve 594 (Line)
Info    : [ 90%] Meshing curve 595 (Line)
Info    : [ 90%] Meshing curve 596 (Line)
Info    : [ 90%] Meshing curve 597 (Line)
Info    : [ 90%] Meshing curve 598 (Line)
Info    : [ 90%] Meshing curve 599 (Line)
Info    : [ 90%] Meshing curve 600 (Line)
Info    : [ 90%] Meshing curve 601 (Line)
Info    : [ 90%] Meshing curve 602 (Line)
Info    : [ 90%] Meshing curve 603 (Line)
Info    : [ 90%] Meshing curve 604 (Line)
Info    : [ 90%] Meshing curve 605 (Line)
Info    : [ 90%] Meshing curve 606 (Line)
Info    : [ 90%] Meshing curve 607 (Line)
Info    : [ 90%] Meshing curve 608 (Line)
Info    : [ 90%] Meshing curve 609 (Line)
Info    : [ 90%] Meshing curve 610 (Line)
Info    : [ 90%] Meshing curve 611 (Line)
Info    : [ 90%] Meshing curve 612 (Line)
Info    : [ 90%] Meshing curve 613 (Line)
Info    : [ 90%] Meshing curve 614 (Line)
Info    : [ 90%] Meshing curve 615 (Line)
Info    : [100%] Meshing curve 616 (Line)
Info    : [100%] Meshing curve 617 (Line)
Info    : [100%] Meshing curve 618 (Line)
Info    : [100%] Meshing curve 619 (Line)
Info    : [100%] Meshing curve 620 (Line)
Info    : [100%] Meshing curve 621 (Line)
Info    : [100%] Meshing curve 622 (Line)
Info    : [100%] Meshing curve 623 (Line)
Info    : [100%] Meshing curve 624 (Line)
Info    : [100%] Meshing curve 625 (Line)
Info    : [100%] Meshing curve 626 (Line)
Info    : [100%] Meshing curve 627 (Line)
Info    : [100%] Meshing curve 628 (Line)
Info    : [100%] Meshing curve 629 (Line)
Info    : [100%] Meshing curve 630 (Line)
Info    : [100%] Meshing curve 631 (Line)
Info    : [100%] Meshing curve 632 (Line)
Info    : [100%] Meshing curve 633 (Line)
Info    : [100%] Meshing curve 634 (Line)
Info    : [100%] Meshing curve 635 (Line)
Info    : [100%] Meshing curve 636 (Line)
Info    : [100%] Meshing curve 637 (Line)
Info    : [100%] Meshing curve 638 (Line)
Info    : [100%] Meshing curve 639 (Line)
Info    : [100%] Meshing curve 640 (Line)
Info    : [100%] Meshing curve 641 (Line)
Info    : [100%] Meshing curve 642 (Line)
Info    : [100%] Meshing curve 643 (Line)
Info    : [100%] Meshing curve 644 (Line)
Info    : [100%] Meshing curve 645 (Line)
Info    : [100%] Meshing curve 646 (Line)
Info    : [100%] Meshing curve 647 (Line)
Info    : [100%] Meshing curve 648 (Line)
Info    : Done meshing 1D (Wall 1.36735s, CPU 1.36288s)
Info    : Meshing 2D...
Info    : [  0%] Meshing surface 35 (Plane, Delaunay)
Info    : [ 10%] Meshing surface 41 (Plane, Delaunay)
Info    : [ 10%] Meshing surface 43 (Plane, Delaunay)
Info    : [ 10%] Meshing surface 44 (Plane, Delaunay)
Info    : [ 10%] Meshing surface 45 (Plane, Delaunay)
Info    : [ 10%] Meshing surface 46 (Plane, Delaunay)
Info    : [ 10%] Meshing surface 47 (Plane, Delaunay)
Info    : [ 10%] Meshing surface 48 (Plane, Delaunay)
Info    : [ 10%] Meshing surface 49 (Plane, Delaunay)
Info    : [ 10%] Meshing surface 50 (Plane, Delaunay)
Info    : [ 10%] Meshing surface 51 (Plane, Delaunay)
Info    : [ 10%] Meshing surface 53 (Plane, Delaunay)
Info    : [ 10%] Meshing surface 54 (Plane, Delaunay)
Info    : [ 10%] Meshing surface 55 (Plane, Delaunay)
Info    : [ 10%] Meshing surface 56 (Plane, Delaunay)
Info    : [ 20%] Meshing surface 57 (Plane, Delaunay)
Info    : [ 20%] Meshing surface 58 (Plane, Delaunay)
Info    : [ 20%] Meshing surface 59 (Plane, Delaunay)
Info    : [ 20%] Meshing surface 60 (Plane, Delaunay)
Info    : [ 20%] Meshing surface 61 (Plane, Delaunay)
Info    : [ 20%] Meshing surface 62 (Plane, Delaunay)
Info    : [ 20%] Meshing surface 63 (Plane, Delaunay)
Info    : [ 20%] Meshing surface 64 (Plane, Delaunay)
Info    : [ 20%] Meshing surface 65 (Plane, Delaunay)
Info    : [ 20%] Meshing surface 66 (Plane, Delaunay)
Info    : [ 20%] Meshing surface 67 (Plane, Delaunay)
Info    : [ 20%] Meshing surface 68 (Plane, Delaunay)
Info    : [ 20%] Meshing surface 69 (Plane, Delaunay)
Info    : [ 20%] Meshing surface 70 (Plane, Delaunay)
Info    : [ 20%] Meshing surface 71 (Plane, Delaunay)
Info    : [ 30%] Meshing surface 72 (Plane, Delaunay)
Info    : [ 30%] Meshing surface 73 (Plane, Delaunay)
Info    : [ 30%] Meshing surface 74 (Plane, Delaunay)
Info    : [ 30%] Meshing surface 75 (Plane, Delaunay)
Info    : [ 30%] Meshing surface 76 (Plane, Delaunay)
Info    : [ 30%] Meshing surface 179 (Plane, Delaunay)
Info    : [ 30%] Meshing surface 180 (Plane, Delaunay)
Info    : [ 30%] Meshing surface 181 (Plane, Delaunay)
Info    : [ 30%] Meshing surface 183 (Plane, Delaunay)
Info    : [ 30%] Meshing surface 184 (Plane, Delaunay)
Info    : [ 30%] Meshing surface 185 (Plane, Delaunay)
Info    : [ 30%] Meshing surface 186 (Plane, Delaunay)
Info    : [ 30%] Meshing surface 187 (Plane, Delaunay)
Info    : [ 30%] Meshing surface 188 (Plane, Delaunay)
Info    : [ 40%] Meshing surface 189 (Plane, Delaunay)
Info    : [ 40%] Meshing surface 190 (Plane, Delaunay)
Info    : [ 40%] Meshing surface 191 (Plane, Delaunay)
Info    : [ 40%] Meshing surface 192 (Plane, Delaunay)
Info    : [ 40%] Meshing surface 193 (Plane, Delaunay)
Info    : [ 40%] Meshing surface 195 (Plane, Delaunay)
Info    : [ 40%] Meshing surface 196 (Plane, Delaunay)
Info    : [ 40%] Meshing surface 197 (Plane, Delaunay)
Info    : [ 40%] Meshing surface 198 (Plane, Delaunay)
Info    : [ 40%] Meshing surface 199 (Plane, Delaunay)
Info    : [ 40%] Meshing surface 200 (Plane, Delaunay)
Info    : [ 40%] Meshing surface 201 (Plane, Delaunay)
Info    : [ 40%] Meshing surface 202 (Plane, Delaunay)
Info    : [ 40%] Meshing surface 203 (Plane, Delaunay)
Info    : [ 40%] Meshing surface 204 (Plane, Delaunay)
Info    : [ 50%] Meshing surface 205 (Plane, Delaunay)
Info    : [ 50%] Meshing surface 206 (Plane, Delaunay)
Info    : [ 50%] Meshing surface 207 (Plane, Delaunay)
Info    : [ 50%] Meshing surface 208 (Plane, Delaunay)
Info    : [ 50%] Meshing surface 209 (Plane, Delaunay)
Info    : [ 50%] Meshing surface 210 (Plane, Delaunay)
Info    : [ 50%] Meshing surface 211 (Plane, Delaunay)
Info    : [ 50%] Meshing surface 212 (Plane, Delaunay)
Info    : [ 50%] Meshing surface 213 (Plane, Delaunay)
Info    : [ 50%] Meshing surface 214 (Plane, Delaunay)
Info    : [ 50%] Meshing surface 215 (Plane, Delaunay)
Info    : [ 50%] Meshing surface 216 (Plane, Delaunay)
Info    : [ 50%] Meshing surface 217 (Plane, Delaunay)
Info    : [ 50%] Meshing surface 218 (Plane, Delaunay)
Info    : [ 50%] Meshing surface 219 (Plane, Delaunay)
Info    : [ 60%] Meshing surface 220 (Plane, Delaunay)
Info    : [ 60%] Meshing surface 221 (Plane, Delaunay)
Info    : [ 60%] Meshing surface 222 (Plane, Delaunay)
Info    : [ 60%] Meshing surface 223 (Plane, Delaunay)
Info    : [ 60%] Meshing surface 224 (Plane, Delaunay)
Info    : [ 60%] Meshing surface 225 (Plane, Delaunay)
Info    : [ 60%] Meshing surface 226 (Plane, Delaunay)
Info    : [ 60%] Meshing surface 227 (Plane, Delaunay)
Info    : [ 60%] Meshing surface 228 (Plane, Delaunay)
Info    : [ 60%] Meshing surface 229 (Plane, Delaunay)
Info    : [ 60%] Meshing surface 230 (Plane, Delaunay)
Info    : [ 60%] Meshing surface 231 (Plane, Delaunay)
Info    : [ 60%] Meshing surface 232 (Plane, Delaunay)
Info    : [ 60%] Meshing surface 233 (Plane, Delaunay)
Info    : [ 70%] Meshing surface 235 (Plane, Delaunay)
Info    : [ 70%] Meshing surface 236 (Plane, Delaunay)
Info    : [ 70%] Meshing surface 237 (Plane, Delaunay)
Info    : [ 70%] Meshing surface 238 (Plane, Delaunay)
Info    : [ 70%] Meshing surface 239 (Plane, Delaunay)
Info    : [ 70%] Meshing surface 240 (Plane, Delaunay)
Info    : [ 70%] Meshing surface 241 (Plane, Delaunay)
Info    : [ 70%] Meshing surface 242 (Plane, Delaunay)
Info    : [ 70%] Meshing surface 243 (Plane, Delaunay)
Info    : [ 70%] Meshing surface 244 (Plane, Delaunay)
Info    : [ 70%] Meshing surface 245 (Plane, Delaunay)
Info    : [ 70%] Meshing surface 246 (Plane, Delaunay)
Info    : [ 70%] Meshing surface 247 (Plane, Delaunay)
Info    : [ 70%] Meshing surface 248 (Plane, Delaunay)
Info    : [ 70%] Meshing surface 249 (Plane, Delaunay)
Info    : [ 80%] Meshing surface 250 (Plane, Delaunay)
Info    : [ 80%] Meshing surface 251 (Plane, Delaunay)
Info    : [ 80%] Meshing surface 252 (Plane, Delaunay)
Info    : [ 80%] Meshing surface 253 (Plane, Delaunay)
Info    : [ 80%] Meshing surface 254 (Plane, Delaunay)
Info    : [ 80%] Meshing surface 255 (Plane, Delaunay)
Info    : [ 80%] Meshing surface 256 (Plane, Delaunay)
Info    : [ 80%] Meshing surface 257 (Plane, Delaunay)
Info    : [ 80%] Meshing surface 258 (Plane, Delaunay)
Info    : [ 80%] Meshing surface 259 (Plane, Delaunay)
Info    : [ 80%] Meshing surface 260 (Plane, Delaunay)
Info    : [ 80%] Meshing surface 261 (Plane, Delaunay)
Info    : [ 80%] Meshing surface 262 (Plane, Delaunay)
Info    : [ 80%] Meshing surface 263 (Plane, Delaunay)
Info    : [ 90%] Meshing surface 264 (Plane, Delaunay)
Info    : [ 90%] Meshing surface 265 (Plane, Delaunay)
Info    : [ 90%] Meshing surface 266 (Plane, Delaunay)
Info    : [ 90%] Meshing surface 267 (Plane, Delaunay)
Info    : [ 90%] Meshing surface 268 (Plane, Delaunay)
Info    : [ 90%] Meshing surface 269 (Plane, Delaunay)
Info    : [ 90%] Meshing surface 270 (Plane, Delaunay)
Info    : [ 90%] Meshing surface 271 (Plane, Delaunay)
Info    : [ 90%] Meshing surface 272 (Plane, Delaunay)
Info    : [ 90%] Meshing surface 273 (Plane, Delaunay)
Info    : [ 90%] Meshing surface 274 (Plane, Delaunay)
Info    : [ 90%] Meshing surface 275 (Plane, Delaunay)
Info    : [ 90%] Meshing surface 276 (Plane, Delaunay)
Info    : [ 90%] Meshing surface 277 (Plane, Delaunay)
Info    : [ 90%] Meshing surface 278 (Plane, Delaunay)
Info    : [100%] Meshing surface 279 (Plane, Delaunay)
Info    : [100%] Meshing surface 280 (Plane, Delaunay)
Info    : [100%] Meshing surface 281 (Plane, Delaunay)
Info    : [100%] Meshing surface 282 (Plane, Delaunay)
Info    : [100%] Meshing surface 283 (Plane, Delaunay)
Info    : [100%] Meshing surface 284 (Plane, Delaunay)
Info    : [100%] Meshing surface 285 (Plane, Delaunay)
Info    : [100%] Meshing surface 286 (Plane, Delaunay)
Info    : [100%] Meshing surface 287 (Plane, Delaunay)
Info    : [100%] Meshing surface 288 (Plane, Delaunay)
Info    : [100%] Meshing surface 289 (Plane, Delaunay)
Info    : [100%] Meshing surface 290 (Plane, Delaunay)
Info    : [100%] Meshing surface 291 (Plane, Delaunay)
Info    : [100%] Meshing surface 292 (Plane, Delaunay)
Info    : Done meshing 2D (Wall 0.32676s, CPU 0.326709s)
Info    : Meshing 3D...
Info    : 3D Meshing 16 volumes with 1 connected component
Info    : Tetrahedrizing 2804 nodes...
Info    : Done tetrahedrizing 2812 nodes (Wall 0.0277103s, CPU 0.027703s)
Info    : Reconstructing mesh...
Info    :  - Creating surface mesh
Info    :  - Identifying boundary edges
Info    :  - Recovering boundary
Info    :  - Added 19 Steiner points
Info    : Done reconstructing mesh (Wall 0.0945215s, CPU 0.094326s)
Info    : Found volume 29
Info    : Found volume 28
Info    : Found volume 24
Info    : Found volume 27
Info    : Found volume 9
Info    : Found volume 31
Info    : Found volume 6
Info    : Found volume 7
Info    : Found volume 25
Info    : Found volume 26
Info    : Found volume 30
Info    : Found volume 8
Info    : Found volume 32
Info    : Found volume 10
Info    : Found volume 11
Info    : Found volume 12
Info    : It. 0 - 0 nodes created - worst tet radius 12.8606 (nodes removed 0 0)
Info    : It. 500 - 92 nodes created - worst tet radius 1.22881 (nodes removed 0 408)
Info    : It. 1000 - 246 nodes created - worst tet radius 1.01544 (nodes removed 9 745)
Info    : 3D refinement terminated (3087 nodes total):
Info    :  - 2 Delaunay cavities modified for star shapeness
Info    :  - 779 nodes could not be inserted
Info    :  - 18322 tetrahedra created in 0.0655133 sec. (279668 tets/s)
Info    : 408 node relocations
Info    : Done meshing 3D (Wall 0.335244s, CPU 0.334988s)
Info    : Optimizing mesh...
Info    : Optimizing volume 6
Info    : Optimization starts (volume = 144) with worst = 0.125314 / average = 0.526053:
Info    : 0.00 < quality < 0.10 :         0 elements
Info    : 0.10 < quality < 0.20 :         2 elements
Info    : 0.20 < quality < 0.30 :        35 elements
Info    : 0.30 < quality < 0.40 :         8 elements
Info    : 0.40 < quality < 0.50 :        47 elements
Info    : 0.50 < quality < 0.60 :        34 elements
Info    : 0.60 < quality < 0.70 :         5 elements
Info    : 0.70 < quality < 0.80 :        28 elements
Info    : 0.80 < quality < 0.90 :        17 elements
Info    : 0.90 < quality < 1.00 :         2 elements
Info    : 2 edge swaps, 0 node relocations (volume = 144): worst = 0.125314 / average = 0.525755 (Wall 0.000187013s, CPU 0.00019s)
Info    : No ill-shaped tets in the mesh :-)
Info    : 0.00 < quality < 0.10 :         0 elements
Info    : 0.10 < quality < 0.20 :         2 elements
Info    : 0.20 < quality < 0.30 :        35 elements
Info    : 0.30 < quality < 0.40 :         8 elements
Info    : 0.40 < quality < 0.50 :        49 elements
Info    : 0.50 < quality < 0.60 :        32 elements
Info    : 0.60 < quality < 0.70 :         5 elements
Info    : 0.70 < quality < 0.80 :        28 elements
Info    : 0.80 < quality < 0.90 :        17 elements
Info    : 0.90 < quality < 1.00 :         2 elements
Info    : Optimizing volume 7
Info    : Optimization starts (volume = 144) with worst = 0.125314 / average = 0.52306:
Info    : 0.00 < quality < 0.10 :         0 elements
Info    : 0.10 < quality < 0.20 :         2 elements
Info    : 0.20 < quality < 0.30 :        37 elements
Info    : 0.30 < quality < 0.40 :        12 elements
Info    : 0.40 < quality < 0.50 :        43 elements
Info    : 0.50 < quality < 0.60 :        32 elements
Info    : 0.60 < quality < 0.70 :         7 elements
Info    : 0.70 < quality < 0.80 :        28 elements
Info    : 0.80 < quality < 0.90 :        18 elements
Info    : 0.90 < quality < 1.00 :         2 elements
Info    : 4 edge swaps, 0 node relocations (volume = 144): worst = 0.125314 / average = 0.534713 (Wall 0.000171695s, CPU 0.000172s)
Info    : No ill-shaped tets in the mesh :-)
Info    : 0.00 < quality < 0.10 :         0 elements
Info    : 0.10 < quality < 0.20 :         2 elements
Info    : 0.20 < quality < 0.30 :        35 elements
Info    : 0.30 < quality < 0.40 :        10 elements
Info    : 0.40 < quality < 0.50 :        43 elements
Info    : 0.50 < quality < 0.60 :        30 elements
Info    : 0.60 < quality < 0.70 :         9 elements
Info    : 0.70 < quality < 0.80 :        32 elements
Info    : 0.80 < quality < 0.90 :        18 elements
Info    : 0.90 < quality < 1.00 :         2 elements
Info    : Optimizing volume 8
Info    : Optimization starts (volume = 48.544) with worst = 0.177187 / average = 0.605117:
Info    : 0.00 < quality < 0.10 :         0 elements
Info    : 0.10 < quality < 0.20 :         4 elements
Info    : 0.20 < quality < 0.30 :         4 elements
Info    : 0.30 < quality < 0.40 :        12 elements
Info    : 0.40 < quality < 0.50 :        12 elements
Info    : 0.50 < quality < 0.60 :        18 elements
Info    : 0.60 < quality < 0.70 :        18 elements
Info    : 0.70 < quality < 0.80 :        16 elements
Info    : 0.80 < quality < 0.90 :        12 elements
Info    : 0.90 < quality < 1.00 :         8 elements
Info    : 2 edge swaps, 0 node relocations (volume = 48.544): worst = 0.177187 / average = 0.614985 (Wall 5.3101e-05s, CPU 5.1e-05s)
Info    : No ill-shaped tets in the mesh :-)
Info    : 0.00 < quality < 0.10 :         0 elements
Info    : 0.10 < quality < 0.20 :         2 elements
Info    : 0.20 < quality < 0.30 :         4 elements
Info    : 0.30 < quality < 0.40 :        12 elements
Info    : 0.40 < quality < 0.50 :        12 elements
Info    : 0.50 < quality < 0.60 :        18 elements
Info    : 0.60 < quality < 0.70 :        16 elements
Info    : 0.70 < quality < 0.80 :        18 elements
Info    : 0.80 < quality < 0.90 :        12 elements
Info    : 0.90 < quality < 1.00 :         8 elements
Info    : Optimizing volume 9
Info    : Optimization starts (volume = 2.268) with worst = 0.0280207 / average = 0.26468:
Info    : 0.00 < quality < 0.10 :         6 elements
Info    : 0.10 < quality < 0.20 :         0 elements
Info    : 0.20 < quality < 0.30 :         2 elements
Info    : 0.30 < quality < 0.40 :         7 elements
Info    : 0.40 < quality < 0.50 :         0 elements
Info    : 0.50 < quality < 0.60 :         0 elements
Info    : 0.60 < quality < 0.70 :         2 elements
Info    : 0.70 < quality < 0.80 :         0 elements
Info    : 0.80 < quality < 0.90 :         0 elements
Info    : 0.90 < quality < 1.00 :         0 elements
Info    : 2 edge swaps, 0 node relocations (volume = 2.268): worst = 0.0280207 / average = 0.310559 (Wall 6.2419e-05s, CPU 5.9e-05s)
Info    : No ill-shaped tets in the mesh :-)
Info    : 0.00 < quality < 0.10 :         4 elements
Info    : 0.10 < quality < 0.20 :         1 elements
Info    : 0.20 < quality < 0.30 :         4 elements
Info    : 0.30 < quality < 0.40 :         3 elements
Info    : 0.40 < quality < 0.50 :         1 elements
Info    : 0.50 < quality < 0.60 :         2 elements
Info    : 0.60 < quality < 0.70 :         2 elements
Info    : 0.70 < quality < 0.80 :         0 elements
Info    : 0.80 < quality < 0.90 :         0 elements
Info    : 0.90 < quality < 1.00 :         0 elements
Info    : Optimizing volume 10
Info    : Optimization starts (volume = 2.268) with worst = 0.266475 / average = 0.325093:
Info    : 0.00 < quality < 0.10 :         0 elements
Info    : 0.10 < quality < 0.20 :         0 elements
Info    : 0.20 < quality < 0.30 :         4 elements
Info    : 0.30 < quality < 0.40 :         8 elements
Info    : 0.40 < quality < 0.50 :         0 elements
Info    : 0.50 < quality < 0.60 :         0 elements
Info    : 0.60 < quality < 0.70 :         0 elements
Info    : 0.70 < quality < 0.80 :         0 elements
Info    : 0.80 < quality < 0.90 :         0 elements
Info    : 0.90 < quality < 1.00 :         0 elements
Info    : No ill-shaped tets in the mesh :-)
Info    : 0.00 < quality < 0.10 :         0 elements
Info    : 0.10 < quality < 0.20 :         0 elements
Info    : 0.20 < quality < 0.30 :         4 elements
Info    : 0.30 < quality < 0.40 :         8 elements
Info    : 0.40 < quality < 0.50 :         0 elements
Info    : 0.50 < quality < 0.60 :         0 elements
Info    : 0.60 < quality < 0.70 :         0 elements
Info    : 0.70 < quality < 0.80 :         0 elements
Info    : 0.80 < quality < 0.90 :         0 elements
Info    : 0.90 < quality < 1.00 :         0 elements
Info    : Optimizing volume 11
Info    : Optimization starts (volume = 2.268) with worst = 0.266475 / average = 0.325093:
Info    : 0.00 < quality < 0.10 :         0 elements
Info    : 0.10 < quality < 0.20 :         0 elements
Info    : 0.20 < quality < 0.30 :         4 elements
Info    : 0.30 < quality < 0.40 :         8 elements
Info    : 0.40 < quality < 0.50 :         0 elements
Info    : 0.50 < quality < 0.60 :         0 elements
Info    : 0.60 < quality < 0.70 :         0 elements
Info    : 0.70 < quality < 0.80 :         0 elements
Info    : 0.80 < quality < 0.90 :         0 elements
Info    : 0.90 < quality < 1.00 :         0 elements
Info    : No ill-shaped tets in the mesh :-)
Info    : 0.00 < quality < 0.10 :         0 elements
Info    : 0.10 < quality < 0.20 :         0 elements
Info    : 0.20 < quality < 0.30 :         4 elements
Info    : 0.30 < quality < 0.40 :         8 elements
Info    : 0.40 < quality < 0.50 :         0 elements
Info    : 0.50 < quality < 0.60 :         0 elements
Info    : 0.60 < quality < 0.70 :         0 elements
Info    : 0.70 < quality < 0.80 :         0 elements
Info    : 0.80 < quality < 0.90 :         0 elements
Info    : 0.90 < quality < 1.00 :         0 elements
Info    : Optimizing volume 12
Info    : Optimization starts (volume = 2.268) with worst = 0.266475 / average = 0.325093:
Info    : 0.00 < quality < 0.10 :         0 elements
Info    : 0.10 < quality < 0.20 :         0 elements
Info    : 0.20 < quality < 0.30 :         4 elements
Info    : 0.30 < quality < 0.40 :         8 elements
Info    : 0.40 < quality < 0.50 :         0 elements
Info    : 0.50 < quality < 0.60 :         0 elements
Info    : 0.60 < quality < 0.70 :         0 elements
Info    : 0.70 < quality < 0.80 :         0 elements
Info    : 0.80 < quality < 0.90 :         0 elements
Info    : 0.90 < quality < 1.00 :         0 elements
Info    : No ill-shaped tets in the mesh :-)
Info    : 0.00 < quality < 0.10 :         0 elements
Info    : 0.10 < quality < 0.20 :         0 elements
Info    : 0.20 < quality < 0.30 :         4 elements
Info    : 0.30 < quality < 0.40 :         8 elements
Info    : 0.40 < quality < 0.50 :         0 elements
Info    : 0.50 < quality < 0.60 :         0 elements
Info    : 0.60 < quality < 0.70 :         0 elements
Info    : 0.70 < quality < 0.80 :         0 elements
Info    : 0.80 < quality < 0.90 :         0 elements
Info    : 0.90 < quality < 1.00 :         0 elements
Info    : Optimizing volume 24
Info    : Optimization starts (volume = 2357.34) with worst = 0.00108604 / average = 0.176342:
Info    : 0.00 < quality < 0.10 :        55 elements
Info    : 0.10 < quality < 0.20 :      1345 elements
Info    : 0.20 < quality < 0.30 :        50 elements
Info    : 0.30 < quality < 0.40 :         2 elements
Info    : 0.40 < quality < 0.50 :         0 elements
Info    : 0.50 < quality < 0.60 :         0 elements
Info    : 0.60 < quality < 0.70 :         0 elements
Info    : 0.70 < quality < 0.80 :         0 elements
Info    : 0.80 < quality < 0.90 :         0 elements
Info    : 0.90 < quality < 1.00 :         0 elements
Info    : 110 edge swaps, 20 node relocations (volume = 2357.34): worst = 0.00108604 / average = 0.176719 (Wall 0.00726675s, CPU 0.007242s)
Info    : 115 edge swaps, 41 node relocations (volume = 2357.34): worst = 0.00108604 / average = 0.176719 (Wall 0.0149066s, CPU 0.014885s)
Info    : No ill-shaped tets in the mesh :-)
Info    : 0.00 < quality < 0.10 :        48 elements
Info    : 0.10 < quality < 0.20 :      1328 elements
Info    : 0.20 < quality < 0.30 :        42 elements
Info    : 0.30 < quality < 0.40 :         6 elements
Info    : 0.40 < quality < 0.50 :         0 elements
Info    : 0.50 < quality < 0.60 :         0 elements
Info    : 0.60 < quality < 0.70 :         0 elements
Info    : 0.70 < quality < 0.80 :         0 elements
Info    : 0.80 < quality < 0.90 :         0 elements
Info    : 0.90 < quality < 1.00 :         0 elements
Info    : Optimizing volume 25
Info    : Optimization starts (volume = 1937.4) with worst = 0.0709557 / average = 0.716559:
Info    : 0.00 < quality < 0.10 :         2 elements
Info    : 0.10 < quality < 0.20 :         4 elements
Info    : 0.20 < quality < 0.30 :        18 elements
Info    : 0.30 < quality < 0.40 :        21 elements
Info    : 0.40 < quality < 0.50 :        99 elements
Info    : 0.50 < quality < 0.60 :       163 elements
Info    : 0.60 < quality < 0.70 :        85 elements
Info    : 0.70 < quality < 0.80 :       162 elements
Info    : 0.80 < quality < 0.90 :       191 elements
Info    : 0.90 < quality < 1.00 :       179 elements
Info    : 5 edge swaps, 0 node relocations (volume = 1937.4): worst = 0.14198 / average = 0.720343 (Wall 0.000186565s, CPU 0.000189s)
Info    : No ill-shaped tets in the mesh :-)
Info    : 0.00 < quality < 0.10 :         0 elements
Info    : 0.10 < quality < 0.20 :         3 elements
Info    : 0.20 < quality < 0.30 :        15 elements
Info    : 0.30 < quality < 0.40 :        19 elements
Info    : 0.40 < quality < 0.50 :        99 elements
Info    : 0.50 < quality < 0.60 :       166 elements
Info    : 0.60 < quality < 0.70 :        86 elements
Info    : 0.70 < quality < 0.80 :       160 elements
Info    : 0.80 < quality < 0.90 :       190 elements
Info    : 0.90 < quality < 1.00 :       181 elements
Info    : Optimizing volume 26
Info    : Optimization starts (volume = 504.499) with worst = 0.0753985 / average = 0.651194:
Info    : 0.00 < quality < 0.10 :         2 elements
Info    : 0.10 < quality < 0.20 :         6 elements
Info    : 0.20 < quality < 0.30 :         5 elements
Info    : 0.30 < quality < 0.40 :        16 elements
Info    : 0.40 < quality < 0.50 :         9 elements
Info    : 0.50 < quality < 0.60 :        79 elements
Info    : 0.60 < quality < 0.70 :        42 elements
Info    : 0.70 < quality < 0.80 :        44 elements
Info    : 0.80 < quality < 0.90 :        56 elements
Info    : 0.90 < quality < 1.00 :        22 elements
Info    : 5 edge swaps, 0 node relocations (volume = 504.499): worst = 0.157312 / average = 0.662381 (Wall 0.000104313s, CPU 0.000104s)
Info    : No ill-shaped tets in the mesh :-)
Info    : 0.00 < quality < 0.10 :         0 elements
Info    : 0.10 < quality < 0.20 :         4 elements
Info    : 0.20 < quality < 0.30 :         4 elements
Info    : 0.30 < quality < 0.40 :        13 elements
Info    : 0.40 < quality < 0.50 :         9 elements
Info    : 0.50 < quality < 0.60 :        82 elements
Info    : 0.60 < quality < 0.70 :        42 elements
Info    : 0.70 < quality < 0.80 :        44 elements
Info    : 0.80 < quality < 0.90 :        55 elements
Info    : 0.90 < quality < 1.00 :        23 elements
Info    : Optimizing volume 27
Info    : Optimization starts (volume = 1.24042e+07) with worst = 0.0206573 / average = 0.631001:
Info    : 0.00 < quality < 0.10 :         6 elements
Info    : 0.10 < quality < 0.20 :         9 elements
Info    : 0.20 < quality < 0.30 :        25 elements
Info    : 0.30 < quality < 0.40 :        40 elements
Info    : 0.40 < quality < 0.50 :       138 elements
Info    : 0.50 < quality < 0.60 :       237 elements
Info    : 0.60 < quality < 0.70 :       228 elements
Info    : 0.70 < quality < 0.80 :       203 elements
Info    : 0.80 < quality < 0.90 :       103 elements
Info    : 0.90 < quality < 1.00 :        66 elements
Info    : 35 edge swaps, 1 node relocations (volume = 1.24042e+07): worst = 0.223352 / average = 0.645141 (Wall 0.000477423s, CPU 0.000476s)
Info    : 37 edge swaps, 1 node relocations (volume = 1.24042e+07): worst = 0.267938 / average = 0.646291 (Wall 0.000577847s, CPU 0.000578s)
Info    : No ill-shaped tets in the mesh :-)
Info    : 0.00 < quality < 0.10 :         0 elements
Info    : 0.10 < quality < 0.20 :         0 elements
Info    : 0.20 < quality < 0.30 :         1 elements
Info    : 0.30 < quality < 0.40 :        46 elements
Info    : 0.40 < quality < 0.50 :       143 elements
Info    : 0.50 < quality < 0.60 :       233 elements
Info    : 0.60 < quality < 0.70 :       223 elements
Info    : 0.70 < quality < 0.80 :       206 elements
Info    : 0.80 < quality < 0.90 :       110 elements
Info    : 0.90 < quality < 1.00 :        64 elements
Info    : Optimizing volume 28
Info    : Optimization starts (volume = 24808.4) with worst = 0.000489732 / average = 0.0544218:
Info    : 0.00 < quality < 0.10 :      1173 elements
Info    : 0.10 < quality < 0.20 :       217 elements
Info    : 0.20 < quality < 0.30 :         0 elements
Info    : 0.30 < quality < 0.40 :         0 elements
Info    : 0.40 < quality < 0.50 :         0 elements
Info    : 0.50 < quality < 0.60 :         0 elements
Info    : 0.60 < quality < 0.70 :         0 elements
Info    : 0.70 < quality < 0.80 :         0 elements
Info    : 0.80 < quality < 0.90 :         0 elements
Info    : 0.90 < quality < 1.00 :         0 elements
Info    : 209 edge swaps, 0 node relocations (volume = 24808.4): worst = 0.00170019 / average = 0.0558903 (Wall 0.00868584s, CPU 0.008678s)
Info    : 224 edge swaps, 0 node relocations (volume = 24808.4): worst = 0.00170019 / average = 0.0560421 (Wall 0.0179417s, CPU 0.017936s)
Info    : No ill-shaped tets in the mesh :-)
Info    : 0.00 < quality < 0.10 :      1027 elements
Info    : 0.10 < quality < 0.20 :       191 elements
Info    : 0.20 < quality < 0.30 :         0 elements
Info    : 0.30 < quality < 0.40 :         0 elements
Info    : 0.40 < quality < 0.50 :         0 elements
Info    : 0.50 < quality < 0.60 :         0 elements
Info    : 0.60 < quality < 0.70 :         0 elements
Info    : 0.70 < quality < 0.80 :         0 elements
Info    : 0.80 < quality < 0.90 :         0 elements
Info    : 0.90 < quality < 1.00 :         0 elements
Info    : Optimizing volume 29
Info    : Optimization starts (volume = 970463) with worst = 0.000196682 / average = 0.459092:
Info    : 0.00 < quality < 0.10 :       264 elements
Info    : 0.10 < quality < 0.20 :      1114 elements
Info    : 0.20 < quality < 0.30 :       971 elements
Info    : 0.30 < quality < 0.40 :      1281 elements
Info    : 0.40 < quality < 0.50 :      1136 elements
Info    : 0.50 < quality < 0.60 :      1271 elements
Info    : 0.60 < quality < 0.70 :       913 elements
Info    : 0.70 < quality < 0.80 :       705 elements
Info    : 0.80 < quality < 0.90 :       558 elements
Info    : 0.90 < quality < 1.00 :       206 elements
Info    : 521 edge swaps, 36 node relocations (volume = 970463): worst = 0.00144251 / average = 0.474956 (Wall 0.0221371s, CPU 0.022136s)
Info    : 571 edge swaps, 54 node relocations (volume = 970463): worst = 0.00144251 / average = 0.475203 (Wall 0.0421862s, CPU 0.042183s)
Info    : No ill-shaped tets in the mesh :-)
Info    : 0.00 < quality < 0.10 :       101 elements
Info    : 0.10 < quality < 0.20 :       987 elements
Info    : 0.20 < quality < 0.30 :       776 elements
Info    : 0.30 < quality < 0.40 :      1303 elements
Info    : 0.40 < quality < 0.50 :      1144 elements
Info    : 0.50 < quality < 0.60 :      1256 elements
Info    : 0.60 < quality < 0.70 :       899 elements
Info    : 0.70 < quality < 0.80 :       722 elements
Info    : 0.80 < quality < 0.90 :       573 elements
Info    : 0.90 < quality < 1.00 :       184 elements
Info    : Optimizing volume 30
Info    : Optimization starts (volume = 232578) with worst = 0.0162837 / average = 0.518387:
Info    : 0.00 < quality < 0.10 :        23 elements
Info    : 0.10 < quality < 0.20 :        99 elements
Info    : 0.20 < quality < 0.30 :       196 elements
Info    : 0.30 < quality < 0.40 :       242 elements
Info    : 0.40 < quality < 0.50 :       333 elements
Info    : 0.50 < quality < 0.60 :       370 elements
Info    : 0.60 < quality < 0.70 :       398 elements
Info    : 0.70 < quality < 0.80 :       286 elements
Info    : 0.80 < quality < 0.90 :        98 elements
Info    : 0.90 < quality < 1.00 :         4 elements
Info    : 105 edge swaps, 0 node relocations (volume = 232578): worst = 0.097069 / average = 0.532376 (Wall 0.00306944s, CPU 0.003067s)
Info    : 115 edge swaps, 0 node relocations (volume = 232578): worst = 0.097069 / average = 0.532716 (Wall 0.00557795s, CPU 0.005574s)
Info    : No ill-shaped tets in the mesh :-)
Info    : 0.00 < quality < 0.10 :         2 elements
Info    : 0.10 < quality < 0.20 :        64 elements
Info    : 0.20 < quality < 0.30 :       156 elements
Info    : 0.30 < quality < 0.40 :       250 elements
Info    : 0.40 < quality < 0.50 :       325 elements
Info    : 0.50 < quality < 0.60 :       370 elements
Info    : 0.60 < quality < 0.70 :       399 elements
Info    : 0.70 < quality < 0.80 :       284 elements
Info    : 0.80 < quality < 0.90 :        99 elements
Info    : 0.90 < quality < 1.00 :         4 elements
Info    : Optimizing volume 31
Info    : Optimization starts (volume = 1.11638e+07) with worst = 0.0490175 / average = 0.596794:
Info    : 0.00 < quality < 0.10 :         5 elements
Info    : 0.10 < quality < 0.20 :        13 elements
Info    : 0.20 < quality < 0.30 :        33 elements
Info    : 0.30 < quality < 0.40 :        96 elements
Info    : 0.40 < quality < 0.50 :       233 elements
Info    : 0.50 < quality < 0.60 :       284 elements
Info    : 0.60 < quality < 0.70 :       256 elements
Info    : 0.70 < quality < 0.80 :       232 elements
Info    : 0.80 < quality < 0.90 :       102 elements
Info    : 0.90 < quality < 1.00 :        41 elements
Info    : 48 edge swaps, 2 node relocations (volume = 1.11638e+07): worst = 0.169423 / average = 0.610134 (Wall 0.00058731s, CPU 0.00059s)
Info    : 52 edge swaps, 3 node relocations (volume = 1.11638e+07): worst = 0.25822 / average = 0.611409 (Wall 0.000802881s, CPU 0.000806s)
Info    : 54 edge swaps, 3 node relocations (volume = 1.11638e+07): worst = 0.25822 / average = 0.611748 (Wall 0.00106142s, CPU 0.001055s)
Info    : No ill-shaped tets in the mesh :-)
Info    : 0.00 < quality < 0.10 :         0 elements
Info    : 0.10 < quality < 0.20 :         0 elements
Info    : 0.20 < quality < 0.30 :         5 elements
Info    : 0.30 < quality < 0.40 :        98 elements
Info    : 0.40 < quality < 0.50 :       225 elements
Info    : 0.50 < quality < 0.60 :       282 elements
Info    : 0.60 < quality < 0.70 :       266 elements
Info    : 0.70 < quality < 0.80 :       235 elements
Info    : 0.80 < quality < 0.90 :       104 elements
Info    : 0.90 < quality < 1.00 :        37 elements
Info    : Optimizing volume 32
Info    : Optimization starts (volume = 3.60989e+07) with worst = 0.00483835 / average = 0.564909:
Info    : 0.00 < quality < 0.10 :        91 elements
Info    : 0.10 < quality < 0.20 :        28 elements
Info    : 0.20 < quality < 0.30 :        25 elements
Info    : 0.30 < quality < 0.40 :        63 elements
Info    : 0.40 < quality < 0.50 :        62 elements
Info    : 0.50 < quality < 0.60 :       130 elements
Info    : 0.60 < quality < 0.70 :       224 elements
Info    : 0.70 < quality < 0.80 :       204 elements
Info    : 0.80 < quality < 0.90 :       104 elements
Info    : 0.90 < quality < 1.00 :        10 elements
Info    : 32 edge swaps, 0 node relocations (volume = 3.60989e+07): worst = 0.00739349 / average = 0.576618 (Wall 0.00212821s, CPU 0.002127s)
Info    : No ill-shaped tets in the mesh :-)
Info    : 0.00 < quality < 0.10 :        81 elements
Info    : 0.10 < quality < 0.20 :        26 elements
Info    : 0.20 < quality < 0.30 :        12 elements
Info    : 0.30 < quality < 0.40 :        61 elements
Info    : 0.40 < quality < 0.50 :        63 elements
Info    : 0.50 < quality < 0.60 :       131 elements
Info    : 0.60 < quality < 0.70 :       225 elements
Info    : 0.70 < quality < 0.80 :       207 elements
Info    : 0.80 < quality < 0.90 :        99 elements
Info    : 0.90 < quality < 1.00 :        13 elements
Info    : Done optimizing mesh (Wall 0.116529s, CPU 0.116462s)
Info    : 3087 nodes 24763 elements
Info    : Writing '/foss/designs/inductor_synth/palace_model/inductor3_N2_do64.52_w2.01_s2.01_data/inductor3_N2_do64.52_w2.01_s2.01.msh'...
Info    : Done writing '/foss/designs/inductor_synth/palace_model/inductor3_N2_do64.52_w2.01_s2.01_data/inductor3_N2_do64.52_w2.01_s2.01.msh'
Info    : Clearing all models and views...
Info    : Done clearing all models and views
>> /usr/bin/mpirun -n 1 /foss/tools/bin/palace-x86_64.bin config.json

_____________     _______
_____   __   \____ __   /____ ____________
____   /_/  /  __ ` /  /  __ ` /  ___/  _ \
___   _____/  /_/  /  /  /_/  /  /__/  ___/
  /__/     \___,__/__/\___,__/\_____\_____/

Git changeset ID: v0.17.0-227-gc531cf3e
Running with 1 MPI process
Device configuration: cpu
Memory configuration: host-std
libCEED backend: /cpu/self/xsmm/blocked

Added 2608 boundary elements for material interfaces to the mesh

Characteristic length and time scales:
 Lc = 4.999e-04 m, tc = 1.667e-03 ns
Finished partitioning mesh into 1 subdomain

Mesh curvature order: 1
Mesh bounding box:
 (Xmin, Ymin, Zmin) = (-1.745e-04, -1.745e-04, -5.000e-05) m
 (Xmax, Ymax, Zmax) = (+1.745e-04, +1.745e-04, +4.499e-04) m

Parallel Mesh Stats:

                minimum     average     maximum       total
 vertices          3070        3070        3070        3070
 edges            19121       19121       19121       19121
 faces            30578       30578       30578       30578
 elements         14521       14521       14521       14521
 neighbors            0           0           0

            minimum     maximum
 h       0.00141168    0.210156
 kappa      1.06206      1052.3

Estimated current per-rank memory usage is: Min. 40.7M, Max. 40.7M, Avg. 40.7M, Total 40.7M
Estimated current per-node memory usage is: Min. 40.7M, Max. 40.7M, Avg. 40.7M, Total 40.7M

Configuring Robin absorbing BC (order 2) at attributes:
 22

Configuring Robin finite conductivity BC at attributes:
 2: σ = 2.164e+07 S/m, h = 4.200e-07 m, n = (+0.0,+0.0,+1.0)
 3: σ = 2.164e+07 S/m, h = 4.200e-07 m, n = (+0.7,+0.7,+0.0)
 4: σ = 2.780e+07 S/m, h = 2.000e-06 m, n = (+0.0,+0.0,-1.0)
 5: σ = 2.780e+07 S/m, h = 2.000e-06 m, n = (+1.0,-0.1,+0.0)
 6: σ = 2.780e+07 S/m, h = 2.000e-06 m, n = (+0.0,+0.0,-1.0)
 7: σ = 2.780e+07 S/m, h = 2.000e-06 m, n = (+1.0,-0.1,+0.0)
 8: σ = 2.780e+07 S/m, h = 2.000e-06 m, n = (+0.0,+0.0,+1.0)
 9: σ = 2.780e+07 S/m, h = 2.000e-06 m, n = (+0.6,+0.8,-0.0)
 10: σ = 3.030e+07 S/m, h = 3.000e-06 m, n = (-0.0,-0.0,+1.0)
 11: σ = 3.030e+07 S/m, h = 3.000e-06 m, n = (+1.0,+0.3,-0.0)
 12: σ = 3.030e+07 S/m, h = 3.000e-06 m, n = (+0.0,+0.0,+1.0)
 13: σ = 3.030e+07 S/m, h = 3.000e-06 m, n = (+1.0,-0.3,+0.0)

Configuring Robin impedance BC for lumped ports at attributes:
 20: Rs = 2.012e+01 Ω/sq, n = (+0.0,+1.0,+0.0)
 21: Rs = 2.012e+01 Ω/sq, n = (+0.0,+1.0,+0.0)

Configuring lumped port circuit properties:
 Index = 1: R = 5.000e+01 Ω
 Index = 2: R = 5.000e+01 Ω

Configuring lumped port excitation source term at attributes:
 20: Index = 1
 21: Index = 2

[38;2;255;255;000m--> Warning![0m
Adaptive frequency sweep requires > 2 total frequency samples!
Reverting to uniform sweep!


Computing frequency response for:
Excitation 1/2 with index 1 has contributions from:
 Lumped port  1
Excitation 2/2 with index 2 has contributions from:
 Lumped port  2

Assembling system matrices, number of global unknowns:
 H1 (p = 2): 22191, ND (p = 2): 99398, RT (p = 2): 135297
 Operator assembly level: Partial
 Mesh geometries:
  Tetrahedron: P = 20, Q = 14 (quadrature order = 4)
 SuperLUSolver: Using 2D processor grid 1 x 1

Sweeping excitation index 1 (1/2):

Assembling multigrid hierarchy:
 Level 0 (p = 1): 19121 unknowns
 Level 1 (p = 2): 99398 unknowns
 Level 0 (auxiliary) (p = 1): 3070 unknowns
 Level 1 (auxiliary) (p = 2): 22191 unknowns

It 1/2: ω/2π = 1.000e-01 GHz (total elapsed time = 6.66e+00 s, solve 1/4)

  Residual norms for GMRES solve

** Memory Usage **********************************
** Total highmark (MB):
    Sum-of-all :   102.55 | Avg :   102.55  | Max :   102.55
    Max at rank 0, different stages (MB):
	. symbfact            8.78
	. distribution      102.55
	. numfact            89.38
** NUMfact space (MB): (sum-of-all-processes)
    L\U :           46.90 |  Total :    89.38
	. max at rank 0, max L+U memory (MB):    46.90
	. max at rank 0, peak buffer (MB):       42.48
**************************************************

** number of Tiny Pivots:        0

  0 (restart 0) KSP residual norm 2.063931e+01
  1 (restart 0) KSP residual norm 2.325077e+00
  2 (restart 0) KSP residual norm 6.190423e-01
  3 (restart 0) KSP residual norm 4.376040e-01
  4 (restart 0) KSP residual norm 2.335309e-01
  5 (restart 0) KSP residual norm 1.897892e-01
  6 (restart 0) KSP residual norm 1.045131e-01
  7 (restart 0) KSP residual norm 7.234258e-02
  8 (restart 0) KSP residual norm 4.864807e-02
  9 (restart 0) KSP residual norm 2.880358e-02
 10 (restart 0) KSP residual norm 2.331362e-02
 11 (restart 0) KSP residual norm 1.623845e-02
 12 (restart 0) KSP residual norm 1.327464e-02
 13 (restart 0) KSP residual norm 8.930985e-03
 14 (restart 0) KSP residual norm 7.167551e-03
 15 (restart 0) KSP residual norm 5.368769e-03
 16 (restart 0) KSP residual norm 4.246044e-03
 17 (restart 0) KSP residual norm 3.130804e-03
 18 (restart 0) KSP residual norm 2.491128e-03
 19 (restart 0) KSP residual norm 1.944995e-03
 20 (restart 0) KSP residual norm 1.516199e-03
 21 (restart 0) KSP residual norm 1.183793e-03
 22 (restart 0) KSP residual norm 9.109240e-04
 23 (restart 0) KSP residual norm 7.341542e-04
 24 (restart 0) KSP residual norm 5.652015e-04
 25 (restart 0) KSP residual norm 4.444688e-04
 26 (restart 0) KSP residual norm 3.408524e-04
 27 (restart 0) KSP residual norm 2.703400e-04
 28 (restart 0) KSP residual norm 2.077376e-04
 29 (restart 0) KSP residual norm 1.648009e-04
 30 (restart 0) KSP residual norm 1.269955e-04
 31 (restart 0) KSP residual norm 9.894330e-05
 32 (restart 0) KSP residual norm 7.706772e-05
 33 (restart 0) KSP residual norm 6.137814e-05
 34 (restart 0) KSP residual norm 4.962578e-05
 35 (restart 0) KSP residual norm 3.984197e-05
 36 (restart 0) KSP residual norm 3.207487e-05
 37 (restart 0) KSP residual norm 2.630776e-05
 38 (restart 0) KSP residual norm 2.147249e-05
 39 (restart 0) KSP residual norm 1.732770e-05
GMRES solver converged in 39 iterations (avg. reduction factor: 6.986e-01)
 Sol. ||E|| = 2.141664e+01 (||RHS|| = 2.768948e-03)
 Field energy E (5.235e-13 J) + H (3.860e-12 J) = 4.384e-12 J
 S[1][1] = +5.503e-02+2.256e-03i, |S[1][1]| = -2.518e+01, arg(S[1][1]) = +2.348e+00
 S[2][1] = +9.450e-01-2.906e-03i, |S[2][1]| = -4.917e-01, arg(S[2][1]) = -1.762e-01
 Updating solution error estimates

It 2/2: ω/2π = 2.000e+01 GHz (total elapsed time = 6.30e+01 s, solve 2/4)

  Residual norms for GMRES solve

** Memory Usage **********************************
** Total highmark (MB):
    Sum-of-all :    89.38 | Avg :    89.38  | Max :    89.38
    Max at rank 0, different stages (MB):
	. symbfact            0.00
	. distribution       86.07
	. numfact            89.38
** NUMfact space (MB): (sum-of-all-processes)
    L\U :           46.90 |  Total :    89.38
	. max at rank 0, max L+U memory (MB):    46.90
	. max at rank 0, peak buffer (MB):       42.48
**************************************************

** number of Tiny Pivots:        0

  0 (restart 0) KSP residual norm 1.941242e+01
  1 (restart 0) KSP residual norm 8.532530e+00
  2 (restart 0) KSP residual norm 1.775342e+00
  3 (restart 0) KSP residual norm 4.412284e-01
  4 (restart 0) KSP residual norm 2.398877e-01
  5 (restart 0) KSP residual norm 1.842084e-01
  6 (restart 0) KSP residual norm 8.732442e-02
  7 (restart 0) KSP residual norm 5.125869e-02
  8 (restart 0) KSP residual norm 3.533423e-02
  9 (restart 0) KSP residual norm 2.278948e-02
 10 (restart 0) KSP residual norm 1.780414e-02
 11 (restart 0) KSP residual norm 1.326608e-02
 12 (restart 0) KSP residual norm 9.789121e-03
 13 (restart 0) KSP residual norm 7.441614e-03
 14 (restart 0) KSP residual norm 5.684845e-03
 15 (restart 0) KSP residual norm 4.491031e-03
 16 (restart 0) KSP residual norm 3.584736e-03
 17 (restart 0) KSP residual norm 2.892855e-03
 18 (restart 0) KSP residual norm 2.273745e-03
 19 (restart 0) KSP residual norm 1.707387e-03
 20 (restart 0) KSP residual norm 1.357857e-03
 21 (restart 0) KSP residual norm 1.025573e-03
 22 (restart 0) KSP residual norm 8.023764e-04
 23 (restart 0) KSP residual norm 6.126796e-04
 24 (restart 0) KSP residual norm 5.088730e-04
 25 (restart 0) KSP residual norm 4.099063e-04
 26 (restart 0) KSP residual norm 3.217447e-04
 27 (restart 0) KSP residual norm 2.501754e-04
 28 (restart 0) KSP residual norm 2.005701e-04
 29 (restart 0) KSP residual norm 1.624172e-04
 30 (restart 0) KSP residual norm 1.313926e-04
 31 (restart 0) KSP residual norm 1.090705e-04
 32 (restart 0) KSP residual norm 9.281563e-05
 33 (restart 0) KSP residual norm 7.693885e-05
 34 (restart 0) KSP residual norm 6.513687e-05
 35 (restart 0) KSP residual norm 5.498453e-05
 36 (restart 0) KSP residual norm 4.780494e-05
 37 (restart 0) KSP residual norm 4.027796e-05
 38 (restart 0) KSP residual norm 3.440643e-05
 39 (restart 0) KSP residual norm 2.866126e-05
 40 (restart 0) KSP residual norm 2.439063e-05
 41 (restart 0) KSP residual norm 1.982630e-05
 42 (restart 0) KSP residual norm 1.647497e-05
GMRES solver converged in 42 iterations (avg. reduction factor: 7.169e-01)
 Sol. ||E|| = 2.183583e+01 (||RHS|| = 5.537897e-01)
 Field energy E (5.586e-13 J) + H (2.982e-12 J) = 3.541e-12 J
 S[1][1] = +2.644e-01+3.277e-01i, |S[1][1]| = -7.512e+00, arg(S[1][1]) = +5.110e+01
 S[2][1] = +7.257e-01-4.196e-01i, |S[2][1]| = -1.532e+00, arg(S[2][1]) = -3.004e+01
 Updating solution error estimates

Sweeping excitation index 2 (2/2):

It 1/2: ω/2π = 1.000e-01 GHz (total elapsed time = 1.21e+02 s, solve 3/4)

  Residual norms for GMRES solve

** Memory Usage **********************************
** Total highmark (MB):
    Sum-of-all :    89.38 | Avg :    89.38  | Max :    89.38
    Max at rank 0, different stages (MB):
	. symbfact            0.00
	. distribution       86.07
	. numfact            89.38
** NUMfact space (MB): (sum-of-all-processes)
    L\U :           46.90 |  Total :    89.38
	. max at rank 0, max L+U memory (MB):    46.90
	. max at rank 0, peak buffer (MB):       42.48
**************************************************

** number of Tiny Pivots:        0

  0 (restart 0) KSP residual norm 2.029100e+01
  1 (restart 0) KSP residual norm 2.302585e+00
  2 (restart 0) KSP residual norm 6.072312e-01
  3 (restart 0) KSP residual norm 4.279609e-01
  4 (restart 0) KSP residual norm 2.273122e-01
  5 (restart 0) KSP residual norm 1.843413e-01
  6 (restart 0) KSP residual norm 1.016060e-01
  7 (restart 0) KSP residual norm 7.070186e-02
  8 (restart 0) KSP residual norm 4.746319e-02
  9 (restart 0) KSP residual norm 2.801461e-02
 10 (restart 0) KSP residual norm 2.264150e-02
 11 (restart 0) KSP residual norm 1.576115e-02
 12 (restart 0) KSP residual norm 1.285914e-02
 13 (restart 0) KSP residual norm 8.661139e-03
 14 (restart 0) KSP residual norm 6.941794e-03
 15 (restart 0) KSP residual norm 5.188972e-03
 16 (restart 0) KSP residual norm 4.102731e-03
 17 (restart 0) KSP residual norm 3.023530e-03
 18 (restart 0) KSP residual norm 2.414935e-03
 19 (restart 0) KSP residual norm 1.893378e-03
 20 (restart 0) KSP residual norm 1.474033e-03
 21 (restart 0) KSP residual norm 1.154506e-03
 22 (restart 0) KSP residual norm 8.879618e-04
 23 (restart 0) KSP residual norm 7.163273e-04
 24 (restart 0) KSP residual norm 5.514863e-04
 25 (restart 0) KSP residual norm 4.319037e-04
 26 (restart 0) KSP residual norm 3.314952e-04
 27 (restart 0) KSP residual norm 2.630430e-04
 28 (restart 0) KSP residual norm 2.022877e-04
 29 (restart 0) KSP residual norm 1.607979e-04
 30 (restart 0) KSP residual norm 1.237795e-04
 31 (restart 0) KSP residual norm 9.630012e-05
 32 (restart 0) KSP residual norm 7.512477e-05
 33 (restart 0) KSP residual norm 6.016751e-05
 34 (restart 0) KSP residual norm 4.868235e-05
 35 (restart 0) KSP residual norm 3.904694e-05
 36 (restart 0) KSP residual norm 3.144840e-05
 37 (restart 0) KSP residual norm 2.576679e-05
 38 (restart 0) KSP residual norm 2.102726e-05
 39 (restart 0) KSP residual norm 1.697230e-05
GMRES solver converged in 39 iterations (avg. reduction factor: 6.985e-01)
 Sol. ||E|| = 2.107023e+01 (||RHS|| = 2.768948e-03)
 Field energy E (5.044e-13 J) + H (3.860e-12 J) = 4.364e-12 J
 S[1][2] = +9.450e-01-2.906e-03i, |S[1][2]| = -4.917e-01, arg(S[1][2]) = -1.762e-01
 S[2][2] = +5.503e-02+2.268e-03i, |S[2][2]| = -2.518e+01, arg(S[2][2]) = +2.360e+00
 Updating solution error estimates

It 2/2: ω/2π = 2.000e+01 GHz (total elapsed time = 1.77e+02 s, solve 4/4)

  Residual norms for GMRES solve

** Memory Usage **********************************
** Total highmark (MB):
    Sum-of-all :    89.38 | Avg :    89.38  | Max :    89.38
    Max at rank 0, different stages (MB):
	. symbfact            0.00
	. distribution       86.07
	. numfact            89.38
** NUMfact space (MB): (sum-of-all-processes)
    L\U :           46.90 |  Total :    89.38
	. max at rank 0, max L+U memory (MB):    46.90
	. max at rank 0, peak buffer (MB):       42.48
**************************************************

** number of Tiny Pivots:        0

  0 (restart 0) KSP residual norm 1.935468e+01
  1 (restart 0) KSP residual norm 8.533002e+00
  2 (restart 0) KSP residual norm 1.883309e+00
  3 (restart 0) KSP residual norm 4.891897e-01
  4 (restart 0) KSP residual norm 3.230307e-01
  5 (restart 0) KSP residual norm 2.035501e-01
  6 (restart 0) KSP residual norm 9.191760e-02
  7 (restart 0) KSP residual norm 5.237245e-02
  8 (restart 0) KSP residual norm 3.707066e-02
  9 (restart 0) KSP residual norm 2.355479e-02
 10 (restart 0) KSP residual norm 1.801427e-02
 11 (restart 0) KSP residual norm 1.322659e-02
 12 (restart 0) KSP residual norm 9.654912e-03
 13 (restart 0) KSP residual norm 7.238670e-03
 14 (restart 0) KSP residual norm 5.541980e-03
 15 (restart 0) KSP residual norm 4.317948e-03
 16 (restart 0) KSP residual norm 3.489022e-03
 17 (restart 0) KSP residual norm 2.805371e-03
 18 (restart 0) KSP residual norm 2.226450e-03
 19 (restart 0) KSP residual norm 1.675789e-03
 20 (restart 0) KSP residual norm 1.347045e-03
 21 (restart 0) KSP residual norm 1.032952e-03
 22 (restart 0) KSP residual norm 8.071252e-04
 23 (restart 0) KSP residual norm 6.075465e-04
 24 (restart 0) KSP residual norm 4.959471e-04
 25 (restart 0) KSP residual norm 3.977569e-04
 26 (restart 0) KSP residual norm 3.172379e-04
 27 (restart 0) KSP residual norm 2.527904e-04
 28 (restart 0) KSP residual norm 2.035957e-04
 29 (restart 0) KSP residual norm 1.646457e-04
 30 (restart 0) KSP residual norm 1.330834e-04
 31 (restart 0) KSP residual norm 1.094804e-04
 32 (restart 0) KSP residual norm 9.267082e-05
 33 (restart 0) KSP residual norm 7.678209e-05
 34 (restart 0) KSP residual norm 6.522920e-05
 35 (restart 0) KSP residual norm 5.508380e-05
 36 (restart 0) KSP residual norm 4.801479e-05
 37 (restart 0) KSP residual norm 4.063476e-05
 38 (restart 0) KSP residual norm 3.464414e-05
 39 (restart 0) KSP residual norm 2.869849e-05
 40 (restart 0) KSP residual norm 2.432211e-05
 41 (restart 0) KSP residual norm 1.974134e-05
 42 (restart 0) KSP residual norm 1.640713e-05
GMRES solver converged in 42 iterations (avg. reduction factor: 7.169e-01)
 Sol. ||E|| = 2.183287e+01 (||RHS|| = 5.537897e-01)
 Field energy E (5.522e-13 J) + H (2.981e-12 J) = 3.533e-12 J
 S[1][2] = +7.257e-01-4.196e-01i, |S[1][2]| = -1.532e+00, arg(S[1][2]) = -3.004e+01
 S[2][2] = +2.663e-01+3.284e-01i, |S[2][2]| = -7.477e+00, arg(S[2][2]) = +5.096e+01
 Updating solution error estimates

Completed 0 iterations of adaptive mesh refinement (AMR):
 Indicator norm = 1.712e-01, global unknowns = 99398
 Max. iterations = 0, tol. = 1.000e-02, max. size = 2000000

Estimated peak per-rank memory usage is: Min. 776.7M, Max. 776.7M, Avg. 776.7M, Total 776.7M
Estimated peak per-node memory usage is: Min. 776.7M, Max. 776.7M, Avg. 776.7M, Total 776.7M

Elapsed Time Report (s)           Min.        Max.        Avg.
==============================================================
Initialization                   0.035       0.035       0.035
  Mesh Preprocessing             0.163       0.163       0.163
Operator Construction            0.274       0.274       0.274
Linear Solve                    10.560      10.560      10.560
  Setup                         26.570      26.570      26.570
  Preconditioner               117.613     117.613     117.613
  Coarse Solve                   2.442       2.442       2.442
Estimation                       0.208       0.208       0.208
  Construction                   1.359       1.359       1.359
  Solve                         69.608      69.608      69.608
Postprocessing                   1.081       1.081       1.081
Disk IO                          0.220       0.220       0.220
--------------------------------------------------------------
Total                          230.418     230.418     230.418

Peak Memory                   Per-Node       Total   Total HWM
==============================================================
Initialization                    1.9M        1.9M        1.9M
  Mesh Preprocessing              8.4M        8.4M       10.3M
Operator Construction            48.0M       48.0M       58.3M
Linear Solve                     55.1M       55.1M      113.4M
  Setup                         212.9M      212.9M      326.3M
  Preconditioner                 60.2M       60.2M      386.6M
  Coarse Solve                  110.5M      110.5M      497.1M
Estimation                       47.5M       47.5M      544.6M
  Construction                  102.3M      102.3M      646.8M
  Solve                          50.4M       50.4M      697.2M
Postprocessing                   49.1M       49.1M      746.3M
Disk IO                           6.5M        6.5M      752.9M
--------------------------------------------------------------
Total                           766.9M      766.9M      766.9M

Found extra file with port information: /foss/designs/inductor_synth/palace_model/inductor3_N2_do58.36_w2.01_s2.01_data/port_information.json
Port Z0 values found: [50, 50]
Port impedance for Touchstone header:  50
Number of ports:  2
Created combined S-parameter file for  2 ports, filename:  /foss/designs/inductor_synth/palace_model/inductor3_N2_do58.36_w2.01_s2.01_data/output/inductor3_N2_do58.36_w2.01_s2.01/inductor3_N2_do58.36_w2.01_s2.01.s2p
Skipping DC extrapolation, not enough frequency points
Port de-embedding based on port geometry data
Cascading L= -2.18 pH at port 1
Traceback (most recent call last):
  File "/foss/tools/palace/bin/../lib/combine_extend_snp.py", line 347, in <module>
    port_deembedding(output_filename, port_info_available, port_info_data)
  File "/foss/tools/palace/bin/../lib/combine_extend_snp.py", line 230, in port_deembedding
    ntwk = rf.connect(inductor, 0, ntwk, 0)
           ^^^^^^^^^^
AttributeError: module 'skrf' has no attribute 'connect'
cp: './inductor3_N2_do58.36_w2.01_s2.01.s2p' and './inductor3_N2_do58.36_w2.01_s2.01.s2p' are the same file
Created output file inductor3_N2_do58.36_w2.01_s2.01.gds
Reading GDSII input file: inductor3_N2_do58.36_w2.01_s2.01.gds
Pre-processing GDSII to handle cutouts and self-intersecting polygons
Using boundary condition  ['ABC', 'ABC', 'ABC', 'ABC', 'ABC', 'ABC']
Starting to create mesh file and config file
---------------------------------------------------
Wavelength in air: 15000.0 units
  meshsize_max: 70.0  units
  max_cellsize_air: 1500.0 units
---------------------------------------------------
Adding metal tags ...
Adding dielectrics ...
Adding ports ...
Dielectric  AIR  with max_cellsize_local =  70 units
Dielectric  Passive  with max_cellsize_local =  70 units
Dielectric  SiO2  with max_cellsize_local =  70 units
Dielectric  EPI  with max_cellsize_local =  70 units
Dielectric  Substrate  with max_cellsize_local =  70 units
Created output file inductor3_N2_do61.25_w2.01_s3.gds
Reading GDSII input file: inductor3_N2_do61.25_w2.01_s3.gds
Pre-processing GDSII to handle cutouts and self-intersecting polygons
Using boundary condition  ['ABC', 'ABC', 'ABC', 'ABC', 'ABC', 'ABC']
Starting to create mesh file and config file
---------------------------------------------------
Wavelength in air: 15000.0 units
  meshsize_max: 70.0  units
  max_cellsize_air: 1500.0 units
---------------------------------------------------
Adding metal tags ...
Adding dielectrics ...
Adding ports ...
Dielectric  AIR  with max_cellsize_local =  70 units
Dielectric  Passive  with max_cellsize_local =  70 units
Dielectric  SiO2  with max_cellsize_local =  70 units
Dielectric  EPI  with max_cellsize_local =  70 units
Dielectric  Substrate  with max_cellsize_local =  70 units
Created output file inductor3_N2_do64.04_w3_s2.01.gds
Reading GDSII input file: inductor3_N2_do64.04_w3_s2.01.gds
Pre-processing GDSII to handle cutouts and self-intersecting polygons
Using boundary condition  ['ABC', 'ABC', 'ABC', 'ABC', 'ABC', 'ABC']
Starting to create mesh file and config file
---------------------------------------------------
Wavelength in air: 15000.0 units
  meshsize_max: 70.0  units
  max_cellsize_air: 1500.0 units
---------------------------------------------------
Adding metal tags ...
Adding dielectrics ...
Adding ports ...
Dielectric  AIR  with max_cellsize_local =  70 units
Dielectric  Passive  with max_cellsize_local =  70 units
Dielectric  SiO2  with max_cellsize_local =  70 units
Dielectric  EPI  with max_cellsize_local =  70 units
Dielectric  Substrate  with max_cellsize_local =  70 units
Created output file inductor3_N2_do69.44_w4_s2.01.gds
Reading GDSII input file: inductor3_N2_do69.44_w4_s2.01.gds
Pre-processing GDSII to handle cutouts and self-intersecting polygons
Using boundary condition  ['ABC', 'ABC', 'ABC', 'ABC', 'ABC', 'ABC']
Starting to create mesh file and config file
---------------------------------------------------
Wavelength in air: 15000.0 units
  meshsize_max: 70.0  units
  max_cellsize_air: 1500.0 units
---------------------------------------------------
Adding metal tags ...
Adding dielectrics ...
Adding ports ...
Dielectric  AIR  with max_cellsize_local =  70 units
Dielectric  Passive  with max_cellsize_local =  70 units
Dielectric  SiO2  with max_cellsize_local =  70 units
Dielectric  EPI  with max_cellsize_local =  70 units
Dielectric  Substrate  with max_cellsize_local =  70 units


There are 4 geometries that meet your specified parameters.

Simulation will start in 10 seconds.
You can press Ctrl+C now to quit and review your specification, or wait for simulation starting in 10 seconds.
Created output file inductor3_N2_do64.52_w2.01_s2.01.gds
Reading GDSII input file: inductor3_N2_do64.52_w2.01_s2.01.gds
Pre-processing GDSII to handle cutouts and self-intersecting polygons
Using boundary condition  ['ABC', 'ABC', 'ABC', 'ABC', 'ABC', 'ABC']
Starting to create mesh file and config file
---------------------------------------------------
Wavelength in air: 15000.0 units
  meshsize_max: 70.0  units
  max_cellsize_air: 1500.0 units
---------------------------------------------------
Adding metal tags ...
Adding dielectrics ...
Adding ports ...
Dielectric  AIR  with max_cellsize_local =  70 units
Dielectric  Passive  with max_cellsize_local =  70 units
Dielectric  SiO2  with max_cellsize_local =  70 units
Dielectric  EPI  with max_cellsize_local =  70 units
Dielectric  Substrate  with max_cellsize_local =  70 units
Now we have done multiple finetune steps for multiple candidates, get the best one
===============================================================================
Design goal: inductor3 L=0.4 nH @ 20.0 GHz 
INITIAL RESULTS (simulation time  56.7 seconds):
  inductor3_N2_do58.36_w2.01_s2.01: L=0.33nH Q=5.0, parameters N=2 w=2.01 s=2.01 do=64.52 -> 64.52
Finetune step 1 results sorted by Q factor (simulation time  233.7 seconds):
NO DATA: No results from initial sweep, no candidates for fine tune step, abort. One reason can be that simulation did not run.
