Info    : Meshing 1D...
Info    : [  0%] Meshing curve 64 (Line)
Info    : [ 10%] Meshing curve 65 (Line)
Info    : [ 10%] Meshing curve 67 (Line)
Info    : [ 10%] Meshing curve 69 (Line)
Info    : [ 10%] Meshing curve 70 (Line)
Info    : [ 10%] Meshing curve 71 (Line)
Info    : [ 10%] Meshing curve 72 (Line)
Info    : [ 10%] Meshing curve 76 (Line)
Info    : [ 10%] Meshing curve 77 (Line)
Info    : [ 10%] Meshing curve 79 (Line)
Info    : [ 10%] Meshing curve 81 (Line)
Info    : [ 10%] Meshing curve 82 (Line)
Info    : [ 10%] Meshing curve 83 (Line)
Info    : [ 10%] Meshing curve 84 (Line)
Info    : [ 10%] Meshing curve 85 (Line)
Info    : [ 10%] Meshing curve 86 (Line)
Info    : [ 10%] Meshing curve 87 (Line)
Info    : [ 10%] Meshing curve 88 (Line)
Info    : [ 10%] Meshing curve 89 (Line)
Info    : [ 10%] Meshing curve 90 (Line)
Info    : [ 10%] Meshing curve 91 (Line)
Info    : [ 10%] Meshing curve 92 (Line)
Info    : [ 10%] Meshing curve 93 (Line)
Info    : [ 10%] Meshing curve 94 (Line)
Info    : [ 10%] Meshing curve 95 (Line)
Info    : [ 10%] Meshing curve 96 (Line)
Info    : [ 10%] Meshing curve 97 (Line)
Info    : [ 10%] Meshing curve 98 (Line)
Info    : [ 10%] Meshing curve 99 (Line)
Info    : [ 10%] Meshing curve 100 (Line)
Info    : [ 10%] Meshing curve 101 (Line)
Info    : [ 10%] Meshing curve 102 (Line)
Info    : [ 10%] Meshing curve 103 (Line)
Info    : [ 20%] Meshing curve 104 (Line)
Info    : [ 20%] Meshing curve 105 (Line)
Info    : [ 20%] Meshing curve 106 (Line)
Info    : [ 20%] Meshing curve 107 (Line)
Info    : [ 20%] Meshing curve 108 (Line)
Info    : [ 20%] Meshing curve 109 (Line)
Info    : [ 20%] Meshing curve 110 (Line)
Info    : [ 20%] Meshing curve 111 (Line)
Info    : [ 20%] Meshing curve 112 (Line)
Info    : [ 20%] Meshing curve 113 (Line)
Info    : [ 20%] Meshing curve 114 (Line)
Info    : [ 20%] Meshing curve 115 (Line)
Info    : [ 20%] Meshing curve 116 (Line)
Info    : [ 20%] Meshing curve 117 (Line)
Info    : [ 20%] Meshing curve 118 (Line)
Info    : [ 20%] Meshing curve 119 (Line)
Info    : [ 20%] Meshing curve 120 (Line)
Info    : [ 20%] Meshing curve 121 (Line)
Info    : [ 20%] Meshing curve 122 (Line)
Info    : [ 20%] Meshing curve 123 (Line)
Info    : [ 20%] Meshing curve 124 (Line)
Info    : [ 20%] Meshing curve 125 (Line)
Info    : [ 20%] Meshing curve 126 (Line)
Info    : [ 20%] Meshing curve 127 (Line)
Info    : [ 20%] Meshing curve 128 (Line)
Info    : [ 20%] Meshing curve 129 (Line)
Info    : [ 20%] Meshing curve 130 (Line)
Info    : [ 20%] Meshing curve 131 (Line)
Info    : [ 20%] Meshing curve 132 (Line)
Info    : [ 20%] Meshing curve 133 (Line)
Info    : [ 20%] Meshing curve 134 (Line)
Info    : [ 20%] Meshing curve 135 (Line)
Info    : [ 20%] Meshing curve 136 (Line)
Info    : [ 30%] Meshing curve 137 (Line)
Info    : [ 30%] Meshing curve 138 (Line)
Info    : [ 30%] Meshing curve 139 (Line)
Info    : [ 30%] Meshing curve 140 (Line)
Info    : [ 30%] Meshing curve 141 (Line)
Info    : [ 30%] Meshing curve 142 (Line)
Info    : [ 30%] Meshing curve 143 (Line)
Info    : [ 30%] Meshing curve 144 (Line)
Info    : [ 30%] Meshing curve 145 (Line)
Info    : [ 30%] Meshing curve 146 (Line)
Info    : [ 30%] Meshing curve 147 (Line)
Info    : [ 30%] Meshing curve 148 (Line)
Info    : [ 30%] Meshing curve 149 (Line)
Info    : [ 30%] Meshing curve 150 (Line)
Info    : [ 30%] Meshing curve 151 (Line)
Info    : [ 30%] Meshing curve 152 (Line)
Info    : [ 30%] Meshing curve 153 (Line)
Info    : [ 30%] Meshing curve 154 (Line)
Info    : [ 30%] Meshing curve 155 (Line)
Info    : [ 30%] Meshing curve 156 (Line)
Info    : [ 30%] Meshing curve 385 (Line)
Info    : [ 30%] Meshing curve 386 (Line)
Info    : [ 30%] Meshing curve 387 (Line)
Info    : [ 30%] Meshing curve 388 (Line)
Info    : [ 30%] Meshing curve 389 (Line)
Info    : [ 30%] Meshing curve 390 (Line)
Info    : [ 30%] Meshing curve 391 (Line)
Info    : [ 30%] Meshing curve 392 (Line)
Info    : [ 30%] Meshing curve 393 (Line)
Info    : [ 30%] Meshing curve 394 (Line)
Info    : [ 30%] Meshing curve 395 (Line)
Info    : [ 30%] Meshing curve 396 (Line)
Info    : [ 40%] Meshing curve 397 (TrimmedCurve)
Info    : [ 40%] Meshing curve 398 (Line)
Info    : [ 40%] Meshing curve 399 (TrimmedCurve)
Info    : [ 40%] Meshing curve 400 (Line)
Info    : [ 40%] Meshing curve 401 (Line)
Info    : [ 40%] Meshing curve 402 (Line)
Info    : [ 40%] Meshing curve 403 (Line)
Info    : [ 40%] Meshing curve 404 (Line)
Info    : [ 40%] Meshing curve 405 (Line)
Info    : [ 40%] Meshing curve 406 (Line)
Info    : [ 40%] Meshing curve 407 (Line)
Info    : [ 40%] Meshing curve 408 (TrimmedCurve)
Info    : [ 40%] Meshing curve 409 (Line)
Info    : [ 40%] Meshing curve 410 (TrimmedCurve)
Info    : [ 40%] Meshing curve 411 (Line)
Info    : [ 40%] Meshing curve 412 (Line)
Info    : [ 40%] Meshing curve 413 (Line)
Info    : [ 40%] Meshing curve 414 (Line)
Info    : [ 40%] Meshing curve 415 (Line)
Info    : [ 40%] Meshing curve 416 (Line)
Info    : [ 40%] Meshing curve 417 (Line)
Info    : [ 40%] Meshing curve 418 (Line)
Info    : [ 40%] Meshing curve 419 (Line)
Info    : [ 40%] Meshing curve 420 (Line)
Info    : [ 40%] Meshing curve 421 (Line)
Info    : [ 40%] Meshing curve 422 (Line)
Info    : [ 40%] Meshing curve 423 (Line)
Info    : [ 40%] Meshing curve 424 (Line)
Info    : [ 40%] Meshing curve 425 (Line)
Info    : [ 40%] Meshing curve 426 (Line)
Info    : [ 40%] Meshing curve 427 (Line)
Info    : [ 40%] Meshing curve 428 (Line)
Info    : [ 40%] Meshing curve 429 (Line)
Info    : [ 50%] Meshing curve 430 (Line)
Info    : [ 50%] Meshing curve 431 (Line)
Info    : [ 50%] Meshing curve 432 (TrimmedCurve)
Info    : [ 50%] Meshing curve 433 (Line)
Info    : [ 50%] Meshing curve 434 (TrimmedCurve)
Info    : [ 50%] Meshing curve 435 (Line)
Info    : [ 50%] Meshing curve 436 (TrimmedCurve)
Info    : [ 50%] Meshing curve 437 (Line)
Info    : [ 50%] Meshing curve 438 (TrimmedCurve)
Info    : [ 50%] Meshing curve 439 (Line)
Info    : [ 50%] Meshing curve 440 (TrimmedCurve)
Info    : [ 50%] Meshing curve 441 (Line)
Info    : [ 50%] Meshing curve 442 (TrimmedCurve)
Info    : [ 50%] Meshing curve 443 (Line)
Info    : [ 50%] Meshing curve 444 (Line)
Info    : [ 50%] Meshing curve 445 (Line)
Info    : [ 50%] Meshing curve 446 (Line)
Info    : [ 50%] Meshing curve 447 (Line)
Info    : [ 50%] Meshing curve 448 (TrimmedCurve)
Info    : [ 50%] Meshing curve 449 (Line)
Info    : [ 50%] Meshing curve 450 (TrimmedCurve)
Info    : [ 50%] Meshing curve 451 (Line)
Info    : [ 50%] Meshing curve 452 (TrimmedCurve)
Info    : [ 50%] Meshing curve 453 (Line)
Info    : [ 50%] Meshing curve 454 (TrimmedCurve)
Info    : [ 50%] Meshing curve 455 (Line)
Info    : [ 50%] Meshing curve 456 (TrimmedCurve)
Info    : [ 50%] Meshing curve 457 (Line)
Info    : [ 50%] Meshing curve 458 (TrimmedCurve)
Info    : [ 50%] Meshing curve 459 (Line)
Info    : [ 50%] Meshing curve 460 (Line)
Info    : [ 50%] Meshing curve 461 (TrimmedCurve)
Info    : [ 50%] Meshing curve 462 (Line)
Info    : [ 60%] Meshing curve 463 (TrimmedCurve)
Info    : [ 60%] Meshing curve 464 (Line)
Info    : [ 60%] Meshing curve 465 (TrimmedCurve)
Info    : [ 60%] Meshing curve 466 (Line)
Info    : [ 60%] Meshing curve 467 (TrimmedCurve)
Info    : [ 60%] Meshing curve 468 (Line)
Info    : [ 60%] Meshing curve 469 (TrimmedCurve)
Info    : [ 60%] Meshing curve 470 (Line)
Info    : [ 60%] Meshing curve 471 (TrimmedCurve)
Info    : [ 60%] Meshing curve 472 (Line)
Info    : [ 60%] Meshing curve 473 (Line)
Info    : [ 60%] Meshing curve 474 (Line)
Info    : [ 60%] Meshing curve 475 (Line)
Info    : [ 60%] Meshing curve 476 (Line)
Info    : [ 60%] Meshing curve 477 (TrimmedCurve)
Info    : [ 60%] Meshing curve 478 (Line)
Info    : [ 60%] Meshing curve 479 (TrimmedCurve)
Info    : [ 60%] Meshing curve 480 (Line)
Info    : [ 60%] Meshing curve 481 (TrimmedCurve)
Info    : [ 60%] Meshing curve 482 (Line)
Info    : [ 60%] Meshing curve 483 (TrimmedCurve)
Info    : [ 60%] Meshing curve 484 (Line)
Info    : [ 60%] Meshing curve 485 (TrimmedCurve)
Info    : [ 60%] Meshing curve 486 (Line)
Info    : [ 60%] Meshing curve 487 (TrimmedCurve)
Info    : [ 60%] Meshing curve 488 (Line)
Info    : [ 60%] Meshing curve 489 (Line)
Info    : [ 60%] Meshing curve 490 (Line)
Info    : [ 60%] Meshing curve 491 (Line)
Info    : [ 60%] Meshing curve 492 (Line)
Info    : [ 60%] Meshing curve 493 (Line)
Info    : [ 60%] Meshing curve 494 (Line)
Info    : [ 70%] Meshing curve 495 (Line)
Info    : [ 70%] Meshing curve 496 (Line)
Info    : [ 70%] Meshing curve 497 (Line)
Info    : [ 70%] Meshing curve 498 (Line)
Info    : [ 70%] Meshing curve 499 (Line)
Info    : [ 70%] Meshing curve 500 (Line)
Info    : [ 70%] Meshing curve 501 (Line)
Info    : [ 70%] Meshing curve 502 (Line)
Info    : [ 70%] Meshing curve 503 (Line)
Info    : [ 70%] Meshing curve 504 (Line)
Info    : [ 70%] Meshing curve 505 (Line)
Info    : [ 70%] Meshing curve 506 (Line)
Info    : [ 70%] Meshing curve 507 (Line)
Info    : [ 70%] Meshing curve 508 (Line)
Info    : [ 70%] Meshing curve 509 (Line)
Info    : [ 70%] Meshing curve 510 (Line)
Info    : [ 70%] Meshing curve 511 (Line)
Info    : [ 70%] Meshing curve 512 (Line)
Info    : [ 70%] Meshing curve 513 (Line)
Info    : [ 70%] Meshing curve 514 (Line)
Info    : [ 70%] Meshing curve 515 (Line)
Info    : [ 70%] Meshing curve 516 (Line)
Info    : [ 70%] Meshing curve 517 (Line)
Info    : [ 70%] Meshing curve 518 (Line)
Info    : [ 70%] Meshing curve 519 (Line)
Info    : [ 70%] Meshing curve 520 (Line)
Info    : [ 70%] Meshing curve 521 (Line)
Info    : [ 70%] Meshing curve 522 (Line)
Info    : [ 70%] Meshing curve 523 (Line)
Info    : [ 70%] Meshing curve 524 (Line)
Info    : [ 70%] Meshing curve 525 (Line)
Info    : [ 70%] Meshing curve 526 (Line)
Info    : [ 70%] Meshing curve 527 (Line)
Info    : [ 80%] Meshing curve 528 (TrimmedCurve)
Info    : [ 80%] Meshing curve 529 (Line)
Info    : [ 80%] Meshing curve 530 (Line)
Info    : [ 80%] Meshing curve 531 (Line)
Info    : [ 80%] Meshing curve 532 (Line)
Info    : [ 80%] Meshing curve 533 (Line)
Info    : [ 80%] Meshing curve 534 (TrimmedCurve)
Info    : [ 80%] Meshing curve 535 (Line)
Info    : [ 80%] Meshing curve 536 (Line)
Info    : [ 80%] Meshing curve 537 (TrimmedCurve)
Info    : [ 80%] Meshing curve 538 (Line)
Info    : [ 80%] Meshing curve 539 (Line)
Info    : [ 80%] Meshing curve 540 (Line)
Info    : [ 80%] Meshing curve 541 (Line)
Info    : [ 80%] Meshing curve 542 (Line)
Info    : [ 80%] Meshing curve 543 (TrimmedCurve)
Info    : [ 80%] Meshing curve 544 (Line)
Info    : [ 80%] Meshing curve 545 (Line)
Info    : [ 80%] Meshing curve 546 (Line)
Info    : [ 80%] Meshing curve 547 (Line)
Info    : [ 80%] Meshing curve 548 (Line)
Info    : [ 80%] Meshing curve 549 (Line)
Info    : [ 80%] Meshing curve 550 (Line)
Info    : [ 80%] Meshing curve 551 (Line)
Info    : [ 80%] Meshing curve 552 (Line)
Info    : [ 80%] Meshing curve 553 (Line)
Info    : [ 80%] Meshing curve 554 (Line)
Info    : [ 80%] Meshing curve 555 (Line)
Info    : [ 80%] Meshing curve 556 (Line)
Info    : [ 80%] Meshing curve 557 (Line)
Info    : [ 80%] Meshing curve 558 (Line)
Info    : [ 80%] Meshing curve 559 (Line)
Info    : [ 90%] Meshing curve 560 (Line)
Info    : [ 90%] Meshing curve 561 (Line)
Info    : [ 90%] Meshing curve 562 (Line)
Info    : [ 90%] Meshing curve 563 (Line)
Info    : [ 90%] Meshing curve 564 (Line)
Info    : [ 90%] Meshing curve 565 (Line)
Info    : [ 90%] Meshing curve 566 (Line)
Info    : [ 90%] Meshing curve 567 (Line)
Info    : [ 90%] Meshing curve 568 (Line)
Info    : [ 90%] Meshing curve 569 (Line)
Info    : [ 90%] Meshing curve 570 (Line)
Info    : [ 90%] Meshing curve 571 (Line)
Info    : [ 90%] Meshing curve 572 (Line)
Info    : [ 90%] Meshing curve 573 (Line)
Info    : [ 90%] Meshing curve 574 (Line)
Info    : [ 90%] Meshing curve 575 (Line)
Info    : [ 90%] Meshing curve 576 (Line)
Info    : [ 90%] Meshing curve 577 (Line)
Info    : [ 90%] Meshing curve 578 (Line)
Info    : [ 90%] Meshing curve 579 (Line)
Info    : [ 90%] Meshing curve 580 (Line)
Info    : [ 90%] Meshing curve 581 (Line)
Info    : [ 90%] Meshing curve 582 (Line)
Info    : [ 90%] Meshing curve 583 (Line)
Info    : [ 90%] Meshing curve 584 (Line)
Info    : [ 90%] Meshing curve 585 (Line)
Info    : [ 90%] Meshing curve 586 (Line)
Info    : [ 90%] Meshing curve 587 (Line)
Info    : [ 90%] Meshing curve 588 (Line)
Info    : [ 90%] Meshing curve 589 (Line)
Info    : [ 90%] Meshing curve 590 (Line)
Info    : [ 90%] Meshing curve 591 (Line)
Info    : [ 90%] Meshing curve 592 (Line)
Info    : [100%] Meshing curve 593 (Line)
Info    : [100%] Meshing curve 594 (Line)
Info    : [100%] Meshing curve 595 (Line)
Info    : [100%] Meshing curve 596 (Line)
Info    : [100%] Meshing curve 597 (Line)
Info    : [100%] Meshing curve 598 (Line)
Info    : [100%] Meshing curve 599 (Line)
Info    : [100%] Meshing curve 600 (Line)
Info    : [100%] Meshing curve 601 (Line)
Info    : [100%] Meshing curve 602 (Line)
Info    : [100%] Meshing curve 603 (Line)
Info    : [100%] Meshing curve 604 (Line)
Info    : [100%] Meshing curve 605 (Line)
Info    : [100%] Meshing curve 606 (Line)
Info    : [100%] Meshing curve 607 (Line)
Info    : [100%] Meshing curve 608 (Line)
Info    : [100%] Meshing curve 609 (Line)
Info    : [100%] Meshing curve 610 (Line)
Info    : [100%] Meshing curve 611 (Line)
Info    : [100%] Meshing curve 612 (Line)
Info    : [100%] Meshing curve 613 (Line)
Info    : [100%] Meshing curve 614 (Line)
Info    : [100%] Meshing curve 615 (Line)
Info    : [100%] Meshing curve 616 (Line)
Info    : [100%] Meshing curve 617 (Line)
Info    : [100%] Meshing curve 618 (Line)
Info    : [100%] Meshing curve 619 (Line)
Info    : [100%] Meshing curve 620 (Line)
Info    : [100%] Meshing curve 621 (Line)
Info    : [100%] Meshing curve 622 (Line)
Info    : [100%] Meshing curve 623 (Line)
Info    : [100%] Meshing curve 624 (Line)
Info    : Done meshing 1D (Wall 1.25252s, CPU 1.25167s)
Info    : Meshing 2D...
Info    : [  0%] Meshing surface 35 (Plane, Delaunay)
Info    : [ 10%] Meshing surface 41 (Plane, Delaunay)
Info    : [ 10%] Meshing surface 43 (Plane, Delaunay)
Info    : [ 10%] Meshing surface 44 (Plane, Delaunay)
Info    : [ 10%] Meshing surface 45 (Plane, Delaunay)
Info    : [ 10%] Meshing surface 46 (Plane, Delaunay)
Info    : [ 10%] Meshing surface 47 (Plane, Delaunay)
Info    : [ 10%] Meshing surface 48 (Plane, Delaunay)
Info    : [ 10%] Meshing surface 49 (Plane, Delaunay)
Info    : [ 10%] Meshing surface 50 (Plane, Delaunay)
Info    : [ 10%] Meshing surface 51 (Plane, Delaunay)
Info    : [ 10%] Meshing surface 53 (Plane, Delaunay)
Info    : [ 10%] Meshing surface 54 (Plane, Delaunay)
Info    : [ 10%] Meshing surface 55 (Plane, Delaunay)
Info    : [ 10%] Meshing surface 56 (Plane, Delaunay)
Info    : [ 20%] Meshing surface 57 (Plane, Delaunay)
Info    : [ 20%] Meshing surface 58 (Plane, Delaunay)
Info    : [ 20%] Meshing surface 59 (Plane, Delaunay)
Info    : [ 20%] Meshing surface 60 (Plane, Delaunay)
Info    : [ 20%] Meshing surface 61 (Plane, Delaunay)
Info    : [ 20%] Meshing surface 62 (Plane, Delaunay)
Info    : [ 20%] Meshing surface 63 (Plane, Delaunay)
Info    : [ 20%] Meshing surface 64 (Plane, Delaunay)
Info    : [ 20%] Meshing surface 65 (Plane, Delaunay)
Info    : [ 20%] Meshing surface 66 (Plane, Delaunay)
Info    : [ 20%] Meshing surface 67 (Plane, Delaunay)
Info    : [ 20%] Meshing surface 68 (Plane, Delaunay)
Info    : [ 20%] Meshing surface 69 (Plane, Delaunay)
Info    : [ 20%] Meshing surface 70 (Plane, Delaunay)
Info    : [ 30%] Meshing surface 71 (Plane, Delaunay)
Info    : [ 30%] Meshing surface 72 (Plane, Delaunay)
Info    : [ 30%] Meshing surface 73 (Plane, Delaunay)
Info    : [ 30%] Meshing surface 74 (Plane, Delaunay)
Info    : [ 30%] Meshing surface 75 (Plane, Delaunay)
Info    : [ 30%] Meshing surface 76 (Plane, Delaunay)
Info    : [ 30%] Meshing surface 173 (Plane, Delaunay)
Info    : [ 30%] Meshing surface 174 (Plane, Delaunay)
Info    : [ 30%] Meshing surface 175 (Plane, Delaunay)
Info    : [ 30%] Meshing surface 177 (Plane, Delaunay)
Info    : [ 30%] Meshing surface 178 (Plane, Delaunay)
Info    : [ 30%] Meshing surface 179 (Plane, Delaunay)
Info    : [ 30%] Meshing surface 180 (Plane, Delaunay)
Info    : [ 30%] Meshing surface 181 (Plane, Delaunay)
Info    : [ 40%] Meshing surface 182 (Plane, Delaunay)
Info    : [ 40%] Meshing surface 183 (Plane, Delaunay)
Info    : [ 40%] Meshing surface 184 (Plane, Delaunay)
Info    : [ 40%] Meshing surface 185 (Plane, Delaunay)
Info    : [ 40%] Meshing surface 186 (Plane, Delaunay)
Info    : [ 40%] Meshing surface 187 (Plane, Delaunay)
Info    : [ 40%] Meshing surface 188 (Plane, Delaunay)
Info    : [ 40%] Meshing surface 189 (Plane, Delaunay)
Info    : [ 40%] Meshing surface 191 (Plane, Delaunay)
Info    : [ 40%] Meshing surface 192 (Plane, Delaunay)
Info    : [ 40%] Meshing surface 193 (Plane, Delaunay)
Info    : [ 40%] Meshing surface 194 (Plane, Delaunay)
Info    : [ 40%] Meshing surface 195 (Plane, Delaunay)
Info    : [ 40%] Meshing surface 196 (Plane, Delaunay)
Info    : [ 50%] Meshing surface 197 (Plane, Delaunay)
Info    : [ 50%] Meshing surface 198 (Plane, Delaunay)
Info    : [ 50%] Meshing surface 199 (Plane, Delaunay)
Info    : [ 50%] Meshing surface 200 (Plane, Delaunay)
Info    : [ 50%] Meshing surface 201 (Plane, Delaunay)
Info    : [ 50%] Meshing surface 202 (Plane, Delaunay)
Info    : [ 50%] Meshing surface 203 (Plane, Delaunay)
Info    : [ 50%] Meshing surface 204 (Plane, Delaunay)
Info    : [ 50%] Meshing surface 205 (Plane, Delaunay)
Info    : [ 50%] Meshing surface 206 (Plane, Delaunay)
Info    : [ 50%] Meshing surface 207 (Plane, Delaunay)
Info    : [ 50%] Meshing surface 208 (Plane, Delaunay)
Info    : [ 50%] Meshing surface 209 (Plane, Delaunay)
Info    : [ 50%] Meshing surface 210 (Plane, Delaunay)
Info    : [ 50%] Meshing surface 211 (Plane, Delaunay)
Info    : [ 60%] Meshing surface 212 (Plane, Delaunay)
Info    : [ 60%] Meshing surface 213 (Plane, Delaunay)
Info    : [ 60%] Meshing surface 214 (Plane, Delaunay)
Info    : [ 60%] Meshing surface 215 (Plane, Delaunay)
Info    : [ 60%] Meshing surface 216 (Plane, Delaunay)
Info    : [ 60%] Meshing surface 217 (Plane, Delaunay)
Info    : [ 60%] Meshing surface 218 (Plane, Delaunay)
Info    : [ 60%] Meshing surface 219 (Plane, Delaunay)
Info    : [ 60%] Meshing surface 220 (Plane, Delaunay)
Info    : [ 60%] Meshing surface 221 (Plane, Delaunay)
Info    : [ 60%] Meshing surface 222 (Plane, Delaunay)
Info    : [ 60%] Meshing surface 223 (Plane, Delaunay)
Info    : [ 60%] Meshing surface 225 (Plane, Delaunay)
Info    : [ 60%] Meshing surface 226 (Plane, Delaunay)
Info    : [ 70%] Meshing surface 227 (Plane, Delaunay)
Info    : [ 70%] Meshing surface 228 (Plane, Delaunay)
Info    : [ 70%] Meshing surface 229 (Plane, Delaunay)
Info    : [ 70%] Meshing surface 230 (Plane, Delaunay)
Info    : [ 70%] Meshing surface 231 (Plane, Delaunay)
Info    : [ 70%] Meshing surface 232 (Plane, Delaunay)
Info    : [ 70%] Meshing surface 233 (Plane, Delaunay)
Info    : [ 70%] Meshing surface 234 (Plane, Delaunay)
Info    : [ 70%] Meshing surface 235 (Plane, Delaunay)
Info    : [ 70%] Meshing surface 236 (Plane, Delaunay)
Info    : [ 70%] Meshing surface 237 (Plane, Delaunay)
Info    : [ 70%] Meshing surface 238 (Plane, Delaunay)
Info    : [ 70%] Meshing surface 239 (Plane, Delaunay)
Info    : [ 70%] Meshing surface 240 (Plane, Delaunay)
Info    : [ 80%] Meshing surface 241 (Plane, Delaunay)
Info    : [ 80%] Meshing surface 242 (Plane, Delaunay)
Info    : [ 80%] Meshing surface 243 (Plane, Delaunay)
Info    : [ 80%] Meshing surface 244 (Plane, Delaunay)
Info    : [ 80%] Meshing surface 245 (Plane, Delaunay)
Info    : [ 80%] Meshing surface 246 (Plane, Delaunay)
Info    : [ 80%] Meshing surface 247 (Plane, Delaunay)
Info    : [ 80%] Meshing surface 248 (Plane, Delaunay)
Info    : [ 80%] Meshing surface 249 (Plane, Delaunay)
Info    : [ 80%] Meshing surface 250 (Plane, Delaunay)
Info    : [ 80%] Meshing surface 251 (Plane, Delaunay)
Info    : [ 80%] Meshing surface 252 (Plane, Delaunay)
Info    : [ 80%] Meshing surface 253 (Plane, Delaunay)
Info    : [ 80%] Meshing surface 254 (Plane, Delaunay)
Info    : [ 90%] Meshing surface 255 (Plane, Delaunay)
Info    : [ 90%] Meshing surface 256 (Plane, Delaunay)
Info    : [ 90%] Meshing surface 257 (Plane, Delaunay)
Info    : [ 90%] Meshing surface 258 (Plane, Delaunay)
Info    : [ 90%] Meshing surface 259 (Plane, Delaunay)
Info    : [ 90%] Meshing surface 260 (Plane, Delaunay)
Info    : [ 90%] Meshing surface 261 (Plane, Delaunay)
Info    : [ 90%] Meshing surface 262 (Plane, Delaunay)
Info    : [ 90%] Meshing surface 263 (Plane, Delaunay)
Info    : [ 90%] Meshing surface 264 (Plane, Delaunay)
Info    : [ 90%] Meshing surface 265 (Plane, Delaunay)
Info    : [ 90%] Meshing surface 266 (Plane, Delaunay)
Info    : [ 90%] Meshing surface 267 (Plane, Delaunay)
Info    : [ 90%] Meshing surface 268 (Plane, Delaunay)
Info    : [100%] Meshing surface 269 (Plane, Delaunay)
Info    : [100%] Meshing surface 270 (Plane, Delaunay)
Info    : [100%] Meshing surface 271 (Plane, Delaunay)
Info    : [100%] Meshing surface 272 (Plane, Delaunay)
Info    : [100%] Meshing surface 273 (Plane, Delaunay)
Info    : [100%] Meshing surface 274 (Plane, Delaunay)
Info    : [100%] Meshing surface 275 (Plane, Delaunay)
Info    : [100%] Meshing surface 276 (Plane, Delaunay)
Info    : [100%] Meshing surface 277 (Plane, Delaunay)
Info    : [100%] Meshing surface 278 (Plane, Delaunay)
Info    : [100%] Meshing surface 279 (Plane, Delaunay)
Info    : [100%] Meshing surface 280 (Plane, Delaunay)
Info    : [100%] Meshing surface 281 (Plane, Delaunay)
Info    : [100%] Meshing surface 282 (Plane, Delaunay)
Info    : Done meshing 2D (Wall 0.330753s, CPU 0.330709s)
Info    : Meshing 3D...
Info    : 3D Meshing 16 volumes with 1 connected component
Info    : Tetrahedrizing 2534 nodes...
Info    : Done tetrahedrizing 2542 nodes (Wall 0.0409532s, CPU 0.040948s)
Info    : Reconstructing mesh...
Info    :  - Creating surface mesh
Info    :  - Identifying boundary edges
Info    :  - Recovering boundary
Info    :  - Added 18 Steiner points
Info    : Done reconstructing mesh (Wall 0.129524s, CPU 0.128556s)
Info    : Found volume 27
Info    : Found volume 31
Info    : Found volume 28
Info    : Found volume 23
Info    : Found volume 26
Info    : Found volume 9
Info    : Found volume 30
Info    : Found volume 29
Info    : Found volume 6
Info    : Found volume 7
Info    : Found volume 24
Info    : Found volume 25
Info    : Found volume 8
Info    : Found volume 10
Info    : Found volume 12
Info    : Found volume 11
Info    : It. 0 - 0 nodes created - worst tet radius 17.432 (nodes removed 0 0)
Info    : It. 500 - 4 nodes created - worst tet radius 2.54039 (nodes removed 0 496)
Info    : It. 1000 - 88 nodes created - worst tet radius 1.23521 (nodes removed 2 910)
Info    : It. 1500 - 231 nodes created - worst tet radius 1.00985 (nodes removed 7 1262)
Info    : 3D refinement terminated (2789 nodes total):
Info    :  - 2 Delaunay cavities modified for star shapeness
Info    :  - 1286 nodes could not be inserted
Info    :  - 16404 tetrahedra created in 0.0492116 sec. (333335 tets/s)
Info    : 352 node relocations
Info    : Done meshing 3D (Wall 0.322841s, CPU 0.321841s)
Info    : Optimizing mesh...
Info    : Optimizing volume 6
Info    : Optimization starts (volume = 144) with worst = 0.125314 / average = 0.526563:
Info    : 0.00 < quality < 0.10 :         0 elements
Info    : 0.10 < quality < 0.20 :         2 elements
Info    : 0.20 < quality < 0.30 :        35 elements
Info    : 0.30 < quality < 0.40 :         8 elements
Info    : 0.40 < quality < 0.50 :        47 elements
Info    : 0.50 < quality < 0.60 :        34 elements
Info    : 0.60 < quality < 0.70 :         3 elements
Info    : 0.70 < quality < 0.80 :        33 elements
Info    : 0.80 < quality < 0.90 :        14 elements
Info    : 0.90 < quality < 1.00 :         2 elements
Info    : 2 edge swaps, 0 node relocations (volume = 144): worst = 0.125314 / average = 0.526264 (Wall 0.000430042s, CPU 0.00043s)
Info    : No ill-shaped tets in the mesh :-)
Info    : 0.00 < quality < 0.10 :         0 elements
Info    : 0.10 < quality < 0.20 :         2 elements
Info    : 0.20 < quality < 0.30 :        35 elements
Info    : 0.30 < quality < 0.40 :         8 elements
Info    : 0.40 < quality < 0.50 :        49 elements
Info    : 0.50 < quality < 0.60 :        32 elements
Info    : 0.60 < quality < 0.70 :         3 elements
Info    : 0.70 < quality < 0.80 :        33 elements
Info    : 0.80 < quality < 0.90 :        14 elements
Info    : 0.90 < quality < 1.00 :         2 elements
Info    : Optimizing volume 7
Info    : Optimization starts (volume = 144) with worst = 0.125314 / average = 0.526339:
Info    : 0.00 < quality < 0.10 :         0 elements
Info    : 0.10 < quality < 0.20 :         2 elements
Info    : 0.20 < quality < 0.30 :        35 elements
Info    : 0.30 < quality < 0.40 :         8 elements
Info    : 0.40 < quality < 0.50 :        47 elements
Info    : 0.50 < quality < 0.60 :        34 elements
Info    : 0.60 < quality < 0.70 :         4 elements
Info    : 0.70 < quality < 0.80 :        31 elements
Info    : 0.80 < quality < 0.90 :        15 elements
Info    : 0.90 < quality < 1.00 :         2 elements
Info    : 3 edge swaps, 0 node relocations (volume = 144): worst = 0.125314 / average = 0.526041 (Wall 0.000237619s, CPU 0.000237s)
Info    : No ill-shaped tets in the mesh :-)
Info    : 0.00 < quality < 0.10 :         0 elements
Info    : 0.10 < quality < 0.20 :         2 elements
Info    : 0.20 < quality < 0.30 :        35 elements
Info    : 0.30 < quality < 0.40 :         8 elements
Info    : 0.40 < quality < 0.50 :        49 elements
Info    : 0.50 < quality < 0.60 :        32 elements
Info    : 0.60 < quality < 0.70 :         4 elements
Info    : 0.70 < quality < 0.80 :        31 elements
Info    : 0.80 < quality < 0.90 :        15 elements
Info    : 0.90 < quality < 1.00 :         2 elements
Info    : Optimizing volume 8
Info    : Optimization starts (volume = 48.544) with worst = 0.177187 / average = 0.605117:
Info    : 0.00 < quality < 0.10 :         0 elements
Info    : 0.10 < quality < 0.20 :         4 elements
Info    : 0.20 < quality < 0.30 :         4 elements
Info    : 0.30 < quality < 0.40 :        12 elements
Info    : 0.40 < quality < 0.50 :        12 elements
Info    : 0.50 < quality < 0.60 :        18 elements
Info    : 0.60 < quality < 0.70 :        18 elements
Info    : 0.70 < quality < 0.80 :        16 elements
Info    : 0.80 < quality < 0.90 :        12 elements
Info    : 0.90 < quality < 1.00 :         8 elements
Info    : 2 edge swaps, 0 node relocations (volume = 48.544): worst = 0.177187 / average = 0.614985 (Wall 0.000107339s, CPU 0.000124s)
Info    : No ill-shaped tets in the mesh :-)
Info    : 0.00 < quality < 0.10 :         0 elements
Info    : 0.10 < quality < 0.20 :         2 elements
Info    : 0.20 < quality < 0.30 :         4 elements
Info    : 0.30 < quality < 0.40 :        12 elements
Info    : 0.40 < quality < 0.50 :        12 elements
Info    : 0.50 < quality < 0.60 :        18 elements
Info    : 0.60 < quality < 0.70 :        16 elements
Info    : 0.70 < quality < 0.80 :        18 elements
Info    : 0.80 < quality < 0.90 :        12 elements
Info    : 0.90 < quality < 1.00 :         8 elements
Info    : Optimizing volume 9
Info    : Optimization starts (volume = 2.268) with worst = 0.0280207 / average = 0.26468:
Info    : 0.00 < quality < 0.10 :         6 elements
Info    : 0.10 < quality < 0.20 :         0 elements
Info    : 0.20 < quality < 0.30 :         2 elements
Info    : 0.30 < quality < 0.40 :         7 elements
Info    : 0.40 < quality < 0.50 :         0 elements
Info    : 0.50 < quality < 0.60 :         0 elements
Info    : 0.60 < quality < 0.70 :         2 elements
Info    : 0.70 < quality < 0.80 :         0 elements
Info    : 0.80 < quality < 0.90 :         0 elements
Info    : 0.90 < quality < 1.00 :         0 elements
Info    : 2 edge swaps, 0 node relocations (volume = 2.268): worst = 0.0280207 / average = 0.310559 (Wall 9.7652e-05s, CPU 9.8e-05s)
Info    : No ill-shaped tets in the mesh :-)
Info    : 0.00 < quality < 0.10 :         4 elements
Info    : 0.10 < quality < 0.20 :         1 elements
Info    : 0.20 < quality < 0.30 :         4 elements
Info    : 0.30 < quality < 0.40 :         3 elements
Info    : 0.40 < quality < 0.50 :         1 elements
Info    : 0.50 < quality < 0.60 :         2 elements
Info    : 0.60 < quality < 0.70 :         2 elements
Info    : 0.70 < quality < 0.80 :         0 elements
Info    : 0.80 < quality < 0.90 :         0 elements
Info    : 0.90 < quality < 1.00 :         0 elements
Info    : Optimizing volume 10
Info    : Optimization starts (volume = 2.268) with worst = 0.266475 / average = 0.325093:
Info    : 0.00 < quality < 0.10 :         0 elements
Info    : 0.10 < quality < 0.20 :         0 elements
Info    : 0.20 < quality < 0.30 :         4 elements
Info    : 0.30 < quality < 0.40 :         8 elements
Info    : 0.40 < quality < 0.50 :         0 elements
Info    : 0.50 < quality < 0.60 :         0 elements
Info    : 0.60 < quality < 0.70 :         0 elements
Info    : 0.70 < quality < 0.80 :         0 elements
Info    : 0.80 < quality < 0.90 :         0 elements
Info    : 0.90 < quality < 1.00 :         0 elements
Info    : No ill-shaped tets in the mesh :-)
Info    : 0.00 < quality < 0.10 :         0 elements
Info    : 0.10 < quality < 0.20 :         0 elements
Info    : 0.20 < quality < 0.30 :         4 elements
Info    : 0.30 < quality < 0.40 :         8 elements
Info    : 0.40 < quality < 0.50 :         0 elements
Info    : 0.50 < quality < 0.60 :         0 elements
Info    : 0.60 < quality < 0.70 :         0 elements
Info    : 0.70 < quality < 0.80 :         0 elements
Info    : 0.80 < quality < 0.90 :         0 elements
Info    : 0.90 < quality < 1.00 :         0 elements
Info    : Optimizing volume 11
Info    : Optimization starts (volume = 2.268) with worst = 0.266475 / average = 0.325093:
Info    : 0.00 < quality < 0.10 :         0 elements
Info    : 0.10 < quality < 0.20 :         0 elements
Info    : 0.20 < quality < 0.30 :         4 elements
Info    : 0.30 < quality < 0.40 :         8 elements
Info    : 0.40 < quality < 0.50 :         0 elements
Info    : 0.50 < quality < 0.60 :         0 elements
Info    : 0.60 < quality < 0.70 :         0 elements
Info    : 0.70 < quality < 0.80 :         0 elements
Info    : 0.80 < quality < 0.90 :         0 elements
Info    : 0.90 < quality < 1.00 :         0 elements
Info    : No ill-shaped tets in the mesh :-)
Info    : 0.00 < quality < 0.10 :         0 elements
Info    : 0.10 < quality < 0.20 :         0 elements
Info    : 0.20 < quality < 0.30 :         4 elements
Info    : 0.30 < quality < 0.40 :         8 elements
Info    : 0.40 < quality < 0.50 :         0 elements
Info    : 0.50 < quality < 0.60 :         0 elements
Info    : 0.60 < quality < 0.70 :         0 elements
Info    : 0.70 < quality < 0.80 :         0 elements
Info    : 0.80 < quality < 0.90 :         0 elements
Info    : 0.90 < quality < 1.00 :         0 elements
Info    : Optimizing volume 12
Info    : Optimization starts (volume = 2.268) with worst = 0.266475 / average = 0.325093:
Info    : 0.00 < quality < 0.10 :         0 elements
Info    : 0.10 < quality < 0.20 :         0 elements
Info    : 0.20 < quality < 0.30 :         4 elements
Info    : 0.30 < quality < 0.40 :         8 elements
Info    : 0.40 < quality < 0.50 :         0 elements
Info    : 0.50 < quality < 0.60 :         0 elements
Info    : 0.60 < quality < 0.70 :         0 elements
Info    : 0.70 < quality < 0.80 :         0 elements
Info    : 0.80 < quality < 0.90 :         0 elements
Info    : 0.90 < quality < 1.00 :         0 elements
Info    : No ill-shaped tets in the mesh :-)
Info    : 0.00 < quality < 0.10 :         0 elements
Info    : 0.10 < quality < 0.20 :         0 elements
Info    : 0.20 < quality < 0.30 :         4 elements
Info    : 0.30 < quality < 0.40 :         8 elements
Info    : 0.40 < quality < 0.50 :         0 elements
Info    : 0.50 < quality < 0.60 :         0 elements
Info    : 0.60 < quality < 0.70 :         0 elements
Info    : 0.70 < quality < 0.80 :         0 elements
Info    : 0.80 < quality < 0.90 :         0 elements
Info    : 0.90 < quality < 1.00 :         0 elements
Info    : Optimizing volume 23
Info    : Optimization starts (volume = 2132.86) with worst = 0.00212654 / average = 0.177566:
Info    : 0.00 < quality < 0.10 :        53 elements
Info    : 0.10 < quality < 0.20 :      1244 elements
Info    : 0.20 < quality < 0.30 :        48 elements
Info    : 0.30 < quality < 0.40 :         1 elements
Info    : 0.40 < quality < 0.50 :         0 elements
Info    : 0.50 < quality < 0.60 :         0 elements
Info    : 0.60 < quality < 0.70 :         0 elements
Info    : 0.70 < quality < 0.80 :         0 elements
Info    : 0.80 < quality < 0.90 :         0 elements
Info    : 0.90 < quality < 1.00 :         0 elements
Info    : 101 edge swaps, 18 node relocations (volume = 2132.86): worst = 0.0129502 / average = 0.178454 (Wall 0.0074059s, CPU 0.007404s)
Info    : 106 edge swaps, 32 node relocations (volume = 2132.86): worst = 0.0129502 / average = 0.178454 (Wall 0.0162079s, CPU 0.016206s)
Info    : No ill-shaped tets in the mesh :-)
Info    : 0.00 < quality < 0.10 :        47 elements
Info    : 0.10 < quality < 0.20 :      1222 elements
Info    : 0.20 < quality < 0.30 :        45 elements
Info    : 0.30 < quality < 0.40 :         1 elements
Info    : 0.40 < quality < 0.50 :         0 elements
Info    : 0.50 < quality < 0.60 :         0 elements
Info    : 0.60 < quality < 0.70 :         0 elements
Info    : 0.70 < quality < 0.80 :         0 elements
Info    : 0.80 < quality < 0.90 :         0 elements
Info    : 0.90 < quality < 1.00 :         0 elements
Info    : Optimizing volume 24
Info    : Optimization starts (volume = 1585.69) with worst = 0.139244 / average = 0.7047:
Info    : 0.00 < quality < 0.10 :         0 elements
Info    : 0.10 < quality < 0.20 :         5 elements
Info    : 0.20 < quality < 0.30 :        10 elements
Info    : 0.30 < quality < 0.40 :        17 elements
Info    : 0.40 < quality < 0.50 :        32 elements
Info    : 0.50 < quality < 0.60 :       202 elements
Info    : 0.60 < quality < 0.70 :        81 elements
Info    : 0.70 < quality < 0.80 :       122 elements
Info    : 0.80 < quality < 0.90 :       171 elements
Info    : 0.90 < quality < 1.00 :       120 elements
Info    : 4 edge swaps, 0 node relocations (volume = 1585.69): worst = 0.139244 / average = 0.708115 (Wall 0.000172126s, CPU 0.000176s)
Info    : 5 edge swaps, 0 node relocations (volume = 1585.69): worst = 0.139244 / average = 0.708209 (Wall 0.000351591s, CPU 0.000355s)
Info    : No ill-shaped tets in the mesh :-)
Info    : 0.00 < quality < 0.10 :         0 elements
Info    : 0.10 < quality < 0.20 :         4 elements
Info    : 0.20 < quality < 0.30 :         6 elements
Info    : 0.30 < quality < 0.40 :        14 elements
Info    : 0.40 < quality < 0.50 :        32 elements
Info    : 0.50 < quality < 0.60 :       205 elements
Info    : 0.60 < quality < 0.70 :        81 elements
Info    : 0.70 < quality < 0.80 :       122 elements
Info    : 0.80 < quality < 0.90 :       171 elements
Info    : 0.90 < quality < 1.00 :       120 elements
Info    : Optimizing volume 25
Info    : Optimization starts (volume = 455.307) with worst = 0.0844315 / average = 0.711144:
Info    : 0.00 < quality < 0.10 :         1 elements
Info    : 0.10 < quality < 0.20 :         2 elements
Info    : 0.20 < quality < 0.30 :        10 elements
Info    : 0.30 < quality < 0.40 :        11 elements
Info    : 0.40 < quality < 0.50 :         6 elements
Info    : 0.50 < quality < 0.60 :        44 elements
Info    : 0.60 < quality < 0.70 :        46 elements
Info    : 0.70 < quality < 0.80 :        34 elements
Info    : 0.80 < quality < 0.90 :        39 elements
Info    : 0.90 < quality < 1.00 :        68 elements
Info    : 4 edge swaps, 0 node relocations (volume = 455.307): worst = 0.139244 / average = 0.719005 (Wall 0.000135161s, CPU 0.000139s)
Info    : No ill-shaped tets in the mesh :-)
Info    : 0.00 < quality < 0.10 :         0 elements
Info    : 0.10 < quality < 0.20 :         2 elements
Info    : 0.20 < quality < 0.30 :         7 elements
Info    : 0.30 < quality < 0.40 :        10 elements
Info    : 0.40 < quality < 0.50 :         7 elements
Info    : 0.50 < quality < 0.60 :        45 elements
Info    : 0.60 < quality < 0.70 :        46 elements
Info    : 0.70 < quality < 0.80 :        34 elements
Info    : 0.80 < quality < 0.90 :        39 elements
Info    : 0.90 < quality < 1.00 :        68 elements
Info    : Optimizing volume 26
Info    : Optimization starts (volume = 1.12073e+07) with worst = 0.0632405 / average = 0.633968:
Info    : 0.00 < quality < 0.10 :         2 elements
Info    : 0.10 < quality < 0.20 :         6 elements
Info    : 0.20 < quality < 0.30 :        22 elements
Info    : 0.30 < quality < 0.40 :        38 elements
Info    : 0.40 < quality < 0.50 :       114 elements
Info    : 0.50 < quality < 0.60 :       200 elements
Info    : 0.60 < quality < 0.70 :       210 elements
Info    : 0.70 < quality < 0.80 :       181 elements
Info    : 0.80 < quality < 0.90 :       120 elements
Info    : 0.90 < quality < 1.00 :        38 elements
Info    : 27 edge swaps, 0 node relocations (volume = 1.12073e+07): worst = 0.30438 / average = 0.648559 (Wall 0.000288334s, CPU 0.000289s)
Info    : No ill-shaped tets in the mesh :-)
Info    : 0.00 < quality < 0.10 :         0 elements
Info    : 0.10 < quality < 0.20 :         0 elements
Info    : 0.20 < quality < 0.30 :         0 elements
Info    : 0.30 < quality < 0.40 :        35 elements
Info    : 0.40 < quality < 0.50 :       117 elements
Info    : 0.50 < quality < 0.60 :       199 elements
Info    : 0.60 < quality < 0.70 :       212 elements
Info    : 0.70 < quality < 0.80 :       184 elements
Info    : 0.80 < quality < 0.90 :       123 elements
Info    : 0.90 < quality < 1.00 :        37 elements
Info    : Optimizing volume 27
Info    : Optimization starts (volume = 22414.5) with worst = 0.000460005 / average = 0.0281992:
Info    : 0.00 < quality < 0.10 :      1035 elements
Info    : 0.10 < quality < 0.20 :        45 elements
Info    : 0.20 < quality < 0.30 :         1 elements
Info    : 0.30 < quality < 0.40 :         0 elements
Info    : 0.40 < quality < 0.50 :         0 elements
Info    : 0.50 < quality < 0.60 :         0 elements
Info    : 0.60 < quality < 0.70 :         0 elements
Info    : 0.70 < quality < 0.80 :         0 elements
Info    : 0.80 < quality < 0.90 :         0 elements
Info    : 0.90 < quality < 1.00 :         0 elements
Info    : 113 edge swaps, 0 node relocations (volume = 22414.5): worst = 0.000610773 / average = 0.027102 (Wall 0.00541259s, CPU 0.005409s)
Info    : 116 edge swaps, 0 node relocations (volume = 22414.5): worst = 0.000610773 / average = 0.0271088 (Wall 0.0130067s, CPU 0.013002s)
Warning : 27 ill-shaped tets are still in the mesh
Info    : 0.00 < quality < 0.10 :      1005 elements
Info    : 0.10 < quality < 0.20 :        35 elements
Info    : 0.20 < quality < 0.30 :         1 elements
Info    : 0.30 < quality < 0.40 :         0 elements
Info    : 0.40 < quality < 0.50 :         0 elements
Info    : 0.50 < quality < 0.60 :         0 elements
Info    : 0.60 < quality < 0.70 :         0 elements
Info    : 0.70 < quality < 0.80 :         0 elements
Info    : 0.80 < quality < 0.90 :         0 elements
Info    : 0.90 < quality < 1.00 :         0 elements
Info    : Optimizing volume 28
Info    : Optimization starts (volume = 876949) with worst = 0 / average = 0.463809:
Info    : 0.00 < quality < 0.10 :       236 elements
Info    : 0.10 < quality < 0.20 :      1000 elements
Info    : 0.20 < quality < 0.30 :       894 elements
Info    : 0.30 < quality < 0.40 :      1170 elements
Info    : 0.40 < quality < 0.50 :       993 elements
Info    : 0.50 < quality < 0.60 :      1057 elements
Info    : 0.60 < quality < 0.70 :       776 elements
Info    : 0.70 < quality < 0.80 :       783 elements
Info    : 0.80 < quality < 0.90 :       560 elements
Info    : 0.90 < quality < 1.00 :       164 elements
Info    : 416 edge swaps, 41 node relocations (volume = 876949): worst = 0.000652213 / average = 0.478376 (Wall 0.020069s, CPU 0.020066s)
Info    : 474 edge swaps, 55 node relocations (volume = 876949): worst = 0.000652213 / average = 0.479462 (Wall 0.0340058s, CPU 0.034004s)
Warning : 1 ill-shaped tets are still in the mesh
Info    : 0.00 < quality < 0.10 :       101 elements
Info    : 0.10 < quality < 0.20 :       910 elements
Info    : 0.20 < quality < 0.30 :       724 elements
Info    : 0.30 < quality < 0.40 :      1139 elements
Info    : 0.40 < quality < 0.50 :       986 elements
Info    : 0.50 < quality < 0.60 :      1063 elements
Info    : 0.60 < quality < 0.70 :       793 elements
Info    : 0.70 < quality < 0.80 :       796 elements
Info    : 0.80 < quality < 0.90 :       550 elements
Info    : 0.90 < quality < 1.00 :       163 elements
Info    : Optimizing volume 29
Info    : Optimization starts (volume = 210136) with worst = 0.0295151 / average = 0.512357:
Info    : 0.00 < quality < 0.10 :        14 elements
Info    : 0.10 < quality < 0.20 :       100 elements
Info    : 0.20 < quality < 0.30 :       207 elements
Info    : 0.30 < quality < 0.40 :       208 elements
Info    : 0.40 < quality < 0.50 :       287 elements
Info    : 0.50 < quality < 0.60 :       322 elements
Info    : 0.60 < quality < 0.70 :       393 elements
Info    : 0.70 < quality < 0.80 :       240 elements
Info    : 0.80 < quality < 0.90 :        63 elements
Info    : 0.90 < quality < 1.00 :         6 elements
Info    : 97 edge swaps, 0 node relocations (volume = 210136): worst = 0.0568408 / average = 0.523497 (Wall 0.00195816s, CPU 0.001957s)
Info    : 104 edge swaps, 0 node relocations (volume = 210136): worst = 0.0568408 / average = 0.523852 (Wall 0.00337649s, CPU 0.003378s)
Info    : No ill-shaped tets in the mesh :-)
Info    : 0.00 < quality < 0.10 :         6 elements
Info    : 0.10 < quality < 0.20 :        69 elements
Info    : 0.20 < quality < 0.30 :       163 elements
Info    : 0.30 < quality < 0.40 :       235 elements
Info    : 0.40 < quality < 0.50 :       271 elements
Info    : 0.50 < quality < 0.60 :       320 elements
Info    : 0.60 < quality < 0.70 :       383 elements
Info    : 0.70 < quality < 0.80 :       243 elements
Info    : 0.80 < quality < 0.90 :        63 elements
Info    : 0.90 < quality < 1.00 :         6 elements
Info    : Optimizing volume 30
Info    : Optimization starts (volume = 1.00865e+07) with worst = 0.0245881 / average = 0.61119:
Info    : 0.00 < quality < 0.10 :         5 elements
Info    : 0.10 < quality < 0.20 :        13 elements
Info    : 0.20 < quality < 0.30 :         9 elements
Info    : 0.30 < quality < 0.40 :        65 elements
Info    : 0.40 < quality < 0.50 :       205 elements
Info    : 0.50 < quality < 0.60 :       252 elements
Info    : 0.60 < quality < 0.70 :       235 elements
Info    : 0.70 < quality < 0.80 :       186 elements
Info    : 0.80 < quality < 0.90 :       116 elements
Info    : 0.90 < quality < 1.00 :        43 elements
Info    : 24 edge swaps, 0 node relocations (volume = 1.00865e+07): worst = 0.273693 / average = 0.620406 (Wall 0.00040944s, CPU 0.000409s)
Info    : No ill-shaped tets in the mesh :-)
Info    : 0.00 < quality < 0.10 :         0 elements
Info    : 0.10 < quality < 0.20 :         0 elements
Info    : 0.20 < quality < 0.30 :         1 elements
Info    : 0.30 < quality < 0.40 :        68 elements
Info    : 0.40 < quality < 0.50 :       202 elements
Info    : 0.50 < quality < 0.60 :       254 elements
Info    : 0.60 < quality < 0.70 :       241 elements
Info    : 0.70 < quality < 0.80 :       188 elements
Info    : 0.80 < quality < 0.90 :       114 elements
Info    : 0.90 < quality < 1.00 :        42 elements
Info    : Optimizing volume 31
Info    : Optimization starts (volume = 3.42688e+07) with worst = 0.000305043 / average = 0.536738:
Info    : 0.00 < quality < 0.10 :        70 elements
Info    : 0.10 < quality < 0.20 :        52 elements
Info    : 0.20 < quality < 0.30 :        24 elements
Info    : 0.30 < quality < 0.40 :        68 elements
Info    : 0.40 < quality < 0.50 :       105 elements
Info    : 0.50 < quality < 0.60 :       135 elements
Info    : 0.60 < quality < 0.70 :       228 elements
Info    : 0.70 < quality < 0.80 :       161 elements
Info    : 0.80 < quality < 0.90 :        63 elements
Info    : 0.90 < quality < 1.00 :         4 elements
Info    : 23 edge swaps, 0 node relocations (volume = 3.42688e+07): worst = 0.000612731 / average = 0.54503 (Wall 0.00122117s, CPU 0.001221s)
Info    : 38 edge swaps, 0 node relocations (volume = 3.42688e+07): worst = 0.000612731 / average = 0.541423 (Wall 0.00269819s, CPU 0.002694s)
Warning : 24 ill-shaped tets are still in the mesh
Info    : 0.00 < quality < 0.10 :        62 elements
Info    : 0.10 < quality < 0.20 :        32 elements
Info    : 0.20 < quality < 0.30 :        11 elements
Info    : 0.30 < quality < 0.40 :        63 elements
Info    : 0.40 < quality < 0.50 :       102 elements
Info    : 0.50 < quality < 0.60 :       140 elements
Info    : 0.60 < quality < 0.70 :       223 elements
Info    : 0.70 < quality < 0.80 :       159 elements
Info    : 0.80 < quality < 0.90 :        66 elements
Info    : 0.90 < quality < 1.00 :         4 elements
Info    : Done optimizing mesh (Wall 0.0943734s, CPU 0.094358s)
Info    : 2789 nodes 22416 elements
Warning : ------------------------------
Warning : Mesh generation error summary
Warning :     3 warnings
Warning :     0 errors
Warning : Check the full log for details
Warning : ------------------------------
Info    : Writing '/foss/designs/inductor_synth/palace_model/inductor2_N2_do58.36_w2.01_s2.01_data/inductor2_N2_do58.36_w2.01_s2.01.msh'...
Info    : Done writing '/foss/designs/inductor_synth/palace_model/inductor2_N2_do58.36_w2.01_s2.01_data/inductor2_N2_do58.36_w2.01_s2.01.msh'
Info    : Clearing all models and views...
Info    : Done clearing all models and views
Info    : Meshing 1D...
Info    : [  0%] Meshing curve 64 (Line)
Info    : [ 10%] Meshing curve 65 (Line)
Info    : [ 10%] Meshing curve 67 (Line)
Info    : [ 10%] Meshing curve 69 (Line)
Info    : [ 10%] Meshing curve 70 (Line)
Info    : [ 10%] Meshing curve 71 (Line)
Info    : [ 10%] Meshing curve 72 (Line)
Info    : [ 10%] Meshing curve 76 (Line)
Info    : [ 10%] Meshing curve 77 (Line)
Info    : [ 10%] Meshing curve 79 (Line)
Info    : [ 10%] Meshing curve 81 (Line)
Info    : [ 10%] Meshing curve 82 (Line)
Info    : [ 10%] Meshing curve 83 (Line)
Info    : [ 10%] Meshing curve 84 (Line)
Info    : [ 10%] Meshing curve 85 (Line)
Info    : [ 10%] Meshing curve 86 (Line)
Info    : [ 10%] Meshing curve 87 (Line)
Info    : [ 10%] Meshing curve 88 (Line)
Info    : [ 10%] Meshing curve 89 (Line)
Info    : [ 10%] Meshing curve 90 (Line)
Info    : [ 10%] Meshing curve 91 (Line)
Info    : [ 10%] Meshing curve 92 (Line)
Info    : [ 10%] Meshing curve 93 (Line)
Info    : [ 10%] Meshing curve 94 (Line)
Info    : [ 10%] Meshing curve 95 (Line)
Info    : [ 10%] Meshing curve 96 (Line)
Info    : [ 10%] Meshing curve 97 (Line)
Info    : [ 10%] Meshing curve 98 (Line)
Info    : [ 10%] Meshing curve 99 (Line)
Info    : [ 10%] Meshing curve 100 (Line)
Info    : [ 10%] Meshing curve 101 (Line)
Info    : [ 10%] Meshing curve 102 (Line)
Info    : [ 10%] Meshing curve 103 (Line)
Info    : [ 20%] Meshing curve 104 (Line)
Info    : [ 20%] Meshing curve 105 (Line)
Info    : [ 20%] Meshing curve 106 (Line)
Info    : [ 20%] Meshing curve 107 (Line)
Info    : [ 20%] Meshing curve 108 (Line)
Info    : [ 20%] Meshing curve 109 (Line)
Info    : [ 20%] Meshing curve 110 (Line)
Info    : [ 20%] Meshing curve 111 (Line)
Info    : [ 20%] Meshing curve 112 (Line)
Info    : [ 20%] Meshing curve 113 (Line)
Info    : [ 20%] Meshing curve 114 (Line)
Info    : [ 20%] Meshing curve 115 (Line)
Info    : [ 20%] Meshing curve 116 (Line)
Info    : [ 20%] Meshing curve 117 (Line)
Info    : [ 20%] Meshing curve 118 (Line)
Info    : [ 20%] Meshing curve 119 (Line)
Info    : [ 20%] Meshing curve 120 (Line)
Info    : [ 20%] Meshing curve 121 (Line)
Info    : [ 20%] Meshing curve 122 (Line)
Info    : [ 20%] Meshing curve 123 (Line)
Info    : [ 20%] Meshing curve 124 (Line)
Info    : [ 20%] Meshing curve 125 (Line)
Info    : [ 20%] Meshing curve 126 (Line)
Info    : [ 20%] Meshing curve 127 (Line)
Info    : [ 20%] Meshing curve 128 (Line)
Info    : [ 20%] Meshing curve 129 (Line)
Info    : [ 20%] Meshing curve 130 (Line)
Info    : [ 20%] Meshing curve 131 (Line)
Info    : [ 20%] Meshing curve 132 (Line)
Info    : [ 20%] Meshing curve 133 (Line)
Info    : [ 20%] Meshing curve 134 (Line)
Info    : [ 20%] Meshing curve 135 (Line)
Info    : [ 20%] Meshing curve 136 (Line)
Info    : [ 30%] Meshing curve 137 (Line)
Info    : [ 30%] Meshing curve 138 (Line)
Info    : [ 30%] Meshing curve 139 (Line)
Info    : [ 30%] Meshing curve 140 (Line)
Info    : [ 30%] Meshing curve 141 (Line)
Info    : [ 30%] Meshing curve 142 (Line)
Info    : [ 30%] Meshing curve 143 (Line)
Info    : [ 30%] Meshing curve 144 (Line)
Info    : [ 30%] Meshing curve 145 (Line)
Info    : [ 30%] Meshing curve 146 (Line)
Info    : [ 30%] Meshing curve 147 (Line)
Info    : [ 30%] Meshing curve 148 (Line)
Info    : [ 30%] Meshing curve 149 (Line)
Info    : [ 30%] Meshing curve 150 (Line)
Info    : [ 30%] Meshing curve 151 (Line)
Info    : [ 30%] Meshing curve 152 (Line)
Info    : [ 30%] Meshing curve 153 (Line)
Info    : [ 30%] Meshing curve 154 (Line)
Info    : [ 30%] Meshing curve 155 (Line)
Info    : [ 30%] Meshing curve 156 (Line)
Info    : [ 30%] Meshing curve 385 (Line)
Info    : [ 30%] Meshing curve 386 (Line)
Info    : [ 30%] Meshing curve 387 (Line)
Info    : [ 30%] Meshing curve 388 (Line)
Info    : [ 30%] Meshing curve 389 (Line)
Info    : [ 30%] Meshing curve 390 (Line)
Info    : [ 30%] Meshing curve 391 (Line)
Info    : [ 30%] Meshing curve 392 (Line)
Info    : [ 30%] Meshing curve 393 (Line)
Info    : [ 30%] Meshing curve 394 (Line)
Info    : [ 30%] Meshing curve 395 (Line)
Info    : [ 30%] Meshing curve 396 (Line)
Info    : [ 40%] Meshing curve 397 (TrimmedCurve)
Info    : [ 40%] Meshing curve 398 (Line)
Info    : [ 40%] Meshing curve 399 (TrimmedCurve)
Info    : [ 40%] Meshing curve 400 (Line)
Info    : [ 40%] Meshing curve 401 (Line)
Info    : [ 40%] Meshing curve 402 (Line)
Info    : [ 40%] Meshing curve 403 (Line)
Info    : [ 40%] Meshing curve 404 (Line)
Info    : [ 40%] Meshing curve 405 (Line)
Info    : [ 40%] Meshing curve 406 (Line)
Info    : [ 40%] Meshing curve 407 (Line)
Info    : [ 40%] Meshing curve 408 (TrimmedCurve)
Info    : [ 40%] Meshing curve 409 (Line)
Info    : [ 40%] Meshing curve 410 (TrimmedCurve)
Info    : [ 40%] Meshing curve 411 (Line)
Info    : [ 40%] Meshing curve 412 (Line)
Info    : [ 40%] Meshing curve 413 (Line)
Info    : [ 40%] Meshing curve 414 (Line)
Info    : [ 40%] Meshing curve 415 (Line)
Info    : [ 40%] Meshing curve 416 (Line)
Info    : [ 40%] Meshing curve 417 (Line)
Info    : [ 40%] Meshing curve 418 (Line)
Info    : [ 40%] Meshing curve 419 (Line)
Info    : [ 40%] Meshing curve 420 (Line)
Info    : [ 40%] Meshing curve 421 (Line)
Info    : [ 40%] Meshing curve 422 (Line)
Info    : [ 40%] Meshing curve 423 (Line)
Info    : [ 40%] Meshing curve 424 (Line)
Info    : [ 40%] Meshing curve 425 (Line)
Info    : [ 40%] Meshing curve 426 (Line)
Info    : [ 40%] Meshing curve 427 (Line)
Info    : [ 40%] Meshing curve 428 (Line)
Info    : [ 40%] Meshing curve 429 (Line)
Info    : [ 50%] Meshing curve 430 (Line)
Info    : [ 50%] Meshing curve 431 (Line)
Info    : [ 50%] Meshing curve 432 (TrimmedCurve)
Info    : [ 50%] Meshing curve 433 (Line)
Info    : [ 50%] Meshing curve 434 (TrimmedCurve)
Info    : [ 50%] Meshing curve 435 (Line)
Info    : [ 50%] Meshing curve 436 (TrimmedCurve)
Info    : [ 50%] Meshing curve 437 (Line)
Info    : [ 50%] Meshing curve 438 (TrimmedCurve)
Info    : [ 50%] Meshing curve 439 (Line)
Info    : [ 50%] Meshing curve 440 (TrimmedCurve)
Info    : [ 50%] Meshing curve 441 (Line)
Info    : [ 50%] Meshing curve 442 (TrimmedCurve)
Info    : [ 50%] Meshing curve 443 (Line)
Info    : [ 50%] Meshing curve 444 (Line)
Info    : [ 50%] Meshing curve 445 (Line)
Info    : [ 50%] Meshing curve 446 (Line)
Info    : [ 50%] Meshing curve 447 (Line)
Info    : [ 50%] Meshing curve 448 (TrimmedCurve)
Info    : [ 50%] Meshing curve 449 (Line)
Info    : [ 50%] Meshing curve 450 (TrimmedCurve)
Info    : [ 50%] Meshing curve 451 (Line)
Info    : [ 50%] Meshing curve 452 (TrimmedCurve)
Info    : [ 50%] Meshing curve 453 (Line)
Info    : [ 50%] Meshing curve 454 (TrimmedCurve)
Info    : [ 50%] Meshing curve 455 (Line)
Info    : [ 50%] Meshing curve 456 (TrimmedCurve)
Info    : [ 50%] Meshing curve 457 (Line)
Info    : [ 50%] Meshing curve 458 (TrimmedCurve)
Info    : [ 50%] Meshing curve 459 (Line)
Info    : [ 50%] Meshing curve 460 (Line)
Info    : [ 50%] Meshing curve 461 (TrimmedCurve)
Info    : [ 50%] Meshing curve 462 (Line)
Info    : [ 60%] Meshing curve 463 (TrimmedCurve)
Info    : [ 60%] Meshing curve 464 (Line)
Info    : [ 60%] Meshing curve 465 (TrimmedCurve)
Info    : [ 60%] Meshing curve 466 (Line)
Info    : [ 60%] Meshing curve 467 (TrimmedCurve)
Info    : [ 60%] Meshing curve 468 (Line)
Info    : [ 60%] Meshing curve 469 (TrimmedCurve)
Info    : [ 60%] Meshing curve 470 (Line)
Info    : [ 60%] Meshing curve 471 (TrimmedCurve)
Info    : [ 60%] Meshing curve 472 (Line)
Info    : [ 60%] Meshing curve 473 (Line)
Info    : [ 60%] Meshing curve 474 (Line)
Info    : [ 60%] Meshing curve 475 (Line)
Info    : [ 60%] Meshing curve 476 (Line)
Info    : [ 60%] Meshing curve 477 (TrimmedCurve)
Info    : [ 60%] Meshing curve 478 (Line)
Info    : [ 60%] Meshing curve 479 (TrimmedCurve)
Info    : [ 60%] Meshing curve 480 (Line)
Info    : [ 60%] Meshing curve 481 (TrimmedCurve)
Info    : [ 60%] Meshing curve 482 (Line)
Info    : [ 60%] Meshing curve 483 (TrimmedCurve)
Info    : [ 60%] Meshing curve 484 (Line)
Info    : [ 60%] Meshing curve 485 (TrimmedCurve)
Info    : [ 60%] Meshing curve 486 (Line)
Info    : [ 60%] Meshing curve 487 (TrimmedCurve)
Info    : [ 60%] Meshing curve 488 (Line)
Info    : [ 60%] Meshing curve 489 (Line)
Info    : [ 60%] Meshing curve 490 (Line)
Info    : [ 60%] Meshing curve 491 (Line)
Info    : [ 60%] Meshing curve 492 (Line)
Info    : [ 60%] Meshing curve 493 (Line)
Info    : [ 60%] Meshing curve 494 (Line)
Info    : [ 70%] Meshing curve 495 (Line)
Info    : [ 70%] Meshing curve 496 (Line)
Info    : [ 70%] Meshing curve 497 (Line)
Info    : [ 70%] Meshing curve 498 (Line)
Info    : [ 70%] Meshing curve 499 (Line)
Info    : [ 70%] Meshing curve 500 (Line)
Info    : [ 70%] Meshing curve 501 (Line)
Info    : [ 70%] Meshing curve 502 (Line)
Info    : [ 70%] Meshing curve 503 (Line)
Info    : [ 70%] Meshing curve 504 (Line)
Info    : [ 70%] Meshing curve 505 (Line)
Info    : [ 70%] Meshing curve 506 (Line)
Info    : [ 70%] Meshing curve 507 (Line)
Info    : [ 70%] Meshing curve 508 (Line)
Info    : [ 70%] Meshing curve 509 (Line)
Info    : [ 70%] Meshing curve 510 (Line)
Info    : [ 70%] Meshing curve 511 (Line)
Info    : [ 70%] Meshing curve 512 (Line)
Info    : [ 70%] Meshing curve 513 (Line)
Info    : [ 70%] Meshing curve 514 (Line)
Info    : [ 70%] Meshing curve 515 (Line)
Info    : [ 70%] Meshing curve 516 (Line)
Info    : [ 70%] Meshing curve 517 (Line)
Info    : [ 70%] Meshing curve 518 (Line)
Info    : [ 70%] Meshing curve 519 (Line)
Info    : [ 70%] Meshing curve 520 (Line)
Info    : [ 70%] Meshing curve 521 (Line)
Info    : [ 70%] Meshing curve 522 (Line)
Info    : [ 70%] Meshing curve 523 (Line)
Info    : [ 70%] Meshing curve 524 (Line)
Info    : [ 70%] Meshing curve 525 (Line)
Info    : [ 70%] Meshing curve 526 (Line)
Info    : [ 70%] Meshing curve 527 (Line)
Info    : [ 80%] Meshing curve 528 (TrimmedCurve)
Info    : [ 80%] Meshing curve 529 (Line)
Info    : [ 80%] Meshing curve 530 (Line)
Info    : [ 80%] Meshing curve 531 (Line)
Info    : [ 80%] Meshing curve 532 (Line)
Info    : [ 80%] Meshing curve 533 (Line)
Info    : [ 80%] Meshing curve 534 (TrimmedCurve)
Info    : [ 80%] Meshing curve 535 (Line)
Info    : [ 80%] Meshing curve 536 (Line)
Info    : [ 80%] Meshing curve 537 (TrimmedCurve)
Info    : [ 80%] Meshing curve 538 (Line)
Info    : [ 80%] Meshing curve 539 (Line)
Info    : [ 80%] Meshing curve 540 (Line)
Info    : [ 80%] Meshing curve 541 (Line)
Info    : [ 80%] Meshing curve 542 (Line)
Info    : [ 80%] Meshing curve 543 (TrimmedCurve)
Info    : [ 80%] Meshing curve 544 (Line)
Info    : [ 80%] Meshing curve 545 (Line)
Info    : [ 80%] Meshing curve 546 (Line)
Info    : [ 80%] Meshing curve 547 (Line)
Info    : [ 80%] Meshing curve 548 (Line)
Info    : [ 80%] Meshing curve 549 (Line)
Info    : [ 80%] Meshing curve 550 (Line)
Info    : [ 80%] Meshing curve 551 (Line)
Info    : [ 80%] Meshing curve 552 (Line)
Info    : [ 80%] Meshing curve 553 (Line)
Info    : [ 80%] Meshing curve 554 (Line)
Info    : [ 80%] Meshing curve 555 (Line)
Info    : [ 80%] Meshing curve 556 (Line)
Info    : [ 80%] Meshing curve 557 (Line)
Info    : [ 80%] Meshing curve 558 (Line)
Info    : [ 80%] Meshing curve 559 (Line)
Info    : [ 90%] Meshing curve 560 (Line)
Info    : [ 90%] Meshing curve 561 (Line)
Info    : [ 90%] Meshing curve 562 (Line)
Info    : [ 90%] Meshing curve 563 (Line)
Info    : [ 90%] Meshing curve 564 (Line)
Info    : [ 90%] Meshing curve 565 (Line)
Info    : [ 90%] Meshing curve 566 (Line)
Info    : [ 90%] Meshing curve 567 (Line)
Info    : [ 90%] Meshing curve 568 (Line)
Info    : [ 90%] Meshing curve 569 (Line)
Info    : [ 90%] Meshing curve 570 (Line)
Info    : [ 90%] Meshing curve 571 (Line)
Info    : [ 90%] Meshing curve 572 (Line)
Info    : [ 90%] Meshing curve 573 (Line)
Info    : [ 90%] Meshing curve 574 (Line)
Info    : [ 90%] Meshing curve 575 (Line)
Info    : [ 90%] Meshing curve 576 (Line)
Info    : [ 90%] Meshing curve 577 (Line)
Info    : [ 90%] Meshing curve 578 (Line)
Info    : [ 90%] Meshing curve 579 (Line)
Info    : [ 90%] Meshing curve 580 (Line)
Info    : [ 90%] Meshing curve 581 (Line)
Info    : [ 90%] Meshing curve 582 (Line)
Info    : [ 90%] Meshing curve 583 (Line)
Info    : [ 90%] Meshing curve 584 (Line)
Info    : [ 90%] Meshing curve 585 (Line)
Info    : [ 90%] Meshing curve 586 (Line)
Info    : [ 90%] Meshing curve 587 (Line)
Info    : [ 90%] Meshing curve 588 (Line)
Info    : [ 90%] Meshing curve 589 (Line)
Info    : [ 90%] Meshing curve 590 (Line)
Info    : [ 90%] Meshing curve 591 (Line)
Info    : [ 90%] Meshing curve 592 (Line)
Info    : [100%] Meshing curve 593 (Line)
Info    : [100%] Meshing curve 594 (Line)
Info    : [100%] Meshing curve 595 (Line)
Info    : [100%] Meshing curve 596 (Line)
Info    : [100%] Meshing curve 597 (Line)
Info    : [100%] Meshing curve 598 (Line)
Info    : [100%] Meshing curve 599 (Line)
Info    : [100%] Meshing curve 600 (Line)
Info    : [100%] Meshing curve 601 (Line)
Info    : [100%] Meshing curve 602 (Line)
Info    : [100%] Meshing curve 603 (Line)
Info    : [100%] Meshing curve 604 (Line)
Info    : [100%] Meshing curve 605 (Line)
Info    : [100%] Meshing curve 606 (Line)
Info    : [100%] Meshing curve 607 (Line)
Info    : [100%] Meshing curve 608 (Line)
Info    : [100%] Meshing curve 609 (Line)
Info    : [100%] Meshing curve 610 (Line)
Info    : [100%] Meshing curve 611 (Line)
Info    : [100%] Meshing curve 612 (Line)
Info    : [100%] Meshing curve 613 (Line)
Info    : [100%] Meshing curve 614 (Line)
Info    : [100%] Meshing curve 615 (Line)
Info    : [100%] Meshing curve 616 (Line)
Info    : [100%] Meshing curve 617 (Line)
Info    : [100%] Meshing curve 618 (Line)
Info    : [100%] Meshing curve 619 (Line)
Info    : [100%] Meshing curve 620 (Line)
Info    : [100%] Meshing curve 621 (Line)
Info    : [100%] Meshing curve 622 (Line)
Info    : [100%] Meshing curve 623 (Line)
Info    : [100%] Meshing curve 624 (Line)
Info    : Done meshing 1D (Wall 1.20309s, CPU 1.20276s)
Info    : Meshing 2D...
Info    : [  0%] Meshing surface 35 (Plane, Delaunay)
Info    : [ 10%] Meshing surface 41 (Plane, Delaunay)
Info    : [ 10%] Meshing surface 43 (Plane, Delaunay)
Info    : [ 10%] Meshing surface 44 (Plane, Delaunay)
Info    : [ 10%] Meshing surface 45 (Plane, Delaunay)
Info    : [ 10%] Meshing surface 46 (Plane, Delaunay)
Info    : [ 10%] Meshing surface 47 (Plane, Delaunay)
Info    : [ 10%] Meshing surface 48 (Plane, Delaunay)
Info    : [ 10%] Meshing surface 49 (Plane, Delaunay)
Info    : [ 10%] Meshing surface 50 (Plane, Delaunay)
Info    : [ 10%] Meshing surface 51 (Plane, Delaunay)
Info    : [ 10%] Meshing surface 53 (Plane, Delaunay)
Info    : [ 10%] Meshing surface 54 (Plane, Delaunay)
Info    : [ 10%] Meshing surface 55 (Plane, Delaunay)
Info    : [ 10%] Meshing surface 56 (Plane, Delaunay)
Info    : [ 20%] Meshing surface 57 (Plane, Delaunay)
Info    : [ 20%] Meshing surface 58 (Plane, Delaunay)
Info    : [ 20%] Meshing surface 59 (Plane, Delaunay)
Info    : [ 20%] Meshing surface 60 (Plane, Delaunay)
Info    : [ 20%] Meshing surface 61 (Plane, Delaunay)
Info    : [ 20%] Meshing surface 62 (Plane, Delaunay)
Info    : [ 20%] Meshing surface 63 (Plane, Delaunay)
Info    : [ 20%] Meshing surface 64 (Plane, Delaunay)
Info    : [ 20%] Meshing surface 65 (Plane, Delaunay)
Info    : [ 20%] Meshing surface 66 (Plane, Delaunay)
Info    : [ 20%] Meshing surface 67 (Plane, Delaunay)
Info    : [ 20%] Meshing surface 68 (Plane, Delaunay)
Info    : [ 20%] Meshing surface 69 (Plane, Delaunay)
Info    : [ 20%] Meshing surface 70 (Plane, Delaunay)
Info    : [ 30%] Meshing surface 71 (Plane, Delaunay)
Info    : [ 30%] Meshing surface 72 (Plane, Delaunay)
Info    : [ 30%] Meshing surface 73 (Plane, Delaunay)
Info    : [ 30%] Meshing surface 74 (Plane, Delaunay)
Info    : [ 30%] Meshing surface 75 (Plane, Delaunay)
Info    : [ 30%] Meshing surface 76 (Plane, Delaunay)
Info    : [ 30%] Meshing surface 173 (Plane, Delaunay)
Info    : [ 30%] Meshing surface 174 (Plane, Delaunay)
Info    : [ 30%] Meshing surface 175 (Plane, Delaunay)
Info    : [ 30%] Meshing surface 177 (Plane, Delaunay)
Info    : [ 30%] Meshing surface 178 (Plane, Delaunay)
Info    : [ 30%] Meshing surface 179 (Plane, Delaunay)
Info    : [ 30%] Meshing surface 180 (Plane, Delaunay)
Info    : [ 30%] Meshing surface 181 (Plane, Delaunay)
Info    : [ 40%] Meshing surface 182 (Plane, Delaunay)
Info    : [ 40%] Meshing surface 183 (Plane, Delaunay)
Info    : [ 40%] Meshing surface 184 (Plane, Delaunay)
Info    : [ 40%] Meshing surface 185 (Plane, Delaunay)
Info    : [ 40%] Meshing surface 186 (Plane, Delaunay)
Info    : [ 40%] Meshing surface 187 (Plane, Delaunay)
Info    : [ 40%] Meshing surface 188 (Plane, Delaunay)
Info    : [ 40%] Meshing surface 189 (Plane, Delaunay)
Info    : [ 40%] Meshing surface 191 (Plane, Delaunay)
Info    : [ 40%] Meshing surface 192 (Plane, Delaunay)
Info    : [ 40%] Meshing surface 193 (Plane, Delaunay)
Info    : [ 40%] Meshing surface 194 (Plane, Delaunay)
Info    : [ 40%] Meshing surface 195 (Plane, Delaunay)
Info    : [ 40%] Meshing surface 196 (Plane, Delaunay)
Info    : [ 50%] Meshing surface 197 (Plane, Delaunay)
Info    : [ 50%] Meshing surface 198 (Plane, Delaunay)
Info    : [ 50%] Meshing surface 199 (Plane, Delaunay)
Info    : [ 50%] Meshing surface 200 (Plane, Delaunay)
Info    : [ 50%] Meshing surface 201 (Plane, Delaunay)
Info    : [ 50%] Meshing surface 202 (Plane, Delaunay)
Info    : [ 50%] Meshing surface 203 (Plane, Delaunay)
Info    : [ 50%] Meshing surface 204 (Plane, Delaunay)
Info    : [ 50%] Meshing surface 205 (Plane, Delaunay)
Info    : [ 50%] Meshing surface 206 (Plane, Delaunay)
Info    : [ 50%] Meshing surface 207 (Plane, Delaunay)
Info    : [ 50%] Meshing surface 208 (Plane, Delaunay)
Info    : [ 50%] Meshing surface 209 (Plane, Delaunay)
Info    : [ 50%] Meshing surface 210 (Plane, Delaunay)
Info    : [ 50%] Meshing surface 211 (Plane, Delaunay)
Info    : [ 60%] Meshing surface 212 (Plane, Delaunay)
Info    : [ 60%] Meshing surface 213 (Plane, Delaunay)
Info    : [ 60%] Meshing surface 214 (Plane, Delaunay)
Info    : [ 60%] Meshing surface 215 (Plane, Delaunay)
Info    : [ 60%] Meshing surface 216 (Plane, Delaunay)
Info    : [ 60%] Meshing surface 217 (Plane, Delaunay)
Info    : [ 60%] Meshing surface 218 (Plane, Delaunay)
Info    : [ 60%] Meshing surface 219 (Plane, Delaunay)
Info    : [ 60%] Meshing surface 220 (Plane, Delaunay)
Info    : [ 60%] Meshing surface 221 (Plane, Delaunay)
Info    : [ 60%] Meshing surface 222 (Plane, Delaunay)
Info    : [ 60%] Meshing surface 223 (Plane, Delaunay)
Info    : [ 60%] Meshing surface 225 (Plane, Delaunay)
Info    : [ 60%] Meshing surface 226 (Plane, Delaunay)
Info    : [ 70%] Meshing surface 227 (Plane, Delaunay)
Info    : [ 70%] Meshing surface 228 (Plane, Delaunay)
Info    : [ 70%] Meshing surface 229 (Plane, Delaunay)
Info    : [ 70%] Meshing surface 230 (Plane, Delaunay)
Info    : [ 70%] Meshing surface 231 (Plane, Delaunay)
Info    : [ 70%] Meshing surface 232 (Plane, Delaunay)
Info    : [ 70%] Meshing surface 233 (Plane, Delaunay)
Info    : [ 70%] Meshing surface 234 (Plane, Delaunay)
Info    : [ 70%] Meshing surface 235 (Plane, Delaunay)
Info    : [ 70%] Meshing surface 236 (Plane, Delaunay)
Info    : [ 70%] Meshing surface 237 (Plane, Delaunay)
Info    : [ 70%] Meshing surface 238 (Plane, Delaunay)
Info    : [ 70%] Meshing surface 239 (Plane, Delaunay)
Info    : [ 70%] Meshing surface 240 (Plane, Delaunay)
Info    : [ 80%] Meshing surface 241 (Plane, Delaunay)
Info    : [ 80%] Meshing surface 242 (Plane, Delaunay)
Info    : [ 80%] Meshing surface 243 (Plane, Delaunay)
Info    : [ 80%] Meshing surface 244 (Plane, Delaunay)
Info    : [ 80%] Meshing surface 245 (Plane, Delaunay)
Info    : [ 80%] Meshing surface 246 (Plane, Delaunay)
Info    : [ 80%] Meshing surface 247 (Plane, Delaunay)
Info    : [ 80%] Meshing surface 248 (Plane, Delaunay)
Info    : [ 80%] Meshing surface 249 (Plane, Delaunay)
Info    : [ 80%] Meshing surface 250 (Plane, Delaunay)
Info    : [ 80%] Meshing surface 251 (Plane, Delaunay)
Info    : [ 80%] Meshing surface 252 (Plane, Delaunay)
Info    : [ 80%] Meshing surface 253 (Plane, Delaunay)
Info    : [ 80%] Meshing surface 254 (Plane, Delaunay)
Info    : [ 90%] Meshing surface 255 (Plane, Delaunay)
Info    : [ 90%] Meshing surface 256 (Plane, Delaunay)
Info    : [ 90%] Meshing surface 257 (Plane, Delaunay)
Info    : [ 90%] Meshing surface 258 (Plane, Delaunay)
Info    : [ 90%] Meshing surface 259 (Plane, Delaunay)
Info    : [ 90%] Meshing surface 260 (Plane, Delaunay)
Info    : [ 90%] Meshing surface 261 (Plane, Delaunay)
Info    : [ 90%] Meshing surface 262 (Plane, Delaunay)
Info    : [ 90%] Meshing surface 263 (Plane, Delaunay)
Info    : [ 90%] Meshing surface 264 (Plane, Delaunay)
Info    : [ 90%] Meshing surface 265 (Plane, Delaunay)
Info    : [ 90%] Meshing surface 266 (Plane, Delaunay)
Info    : [ 90%] Meshing surface 267 (Plane, Delaunay)
Info    : [ 90%] Meshing surface 268 (Plane, Delaunay)
Info    : [100%] Meshing surface 269 (Plane, Delaunay)
Info    : [100%] Meshing surface 270 (Plane, Delaunay)
Info    : [100%] Meshing surface 271 (Plane, Delaunay)
Info    : [100%] Meshing surface 272 (Plane, Delaunay)
Info    : [100%] Meshing surface 273 (Plane, Delaunay)
Info    : [100%] Meshing surface 274 (Plane, Delaunay)
Info    : [100%] Meshing surface 275 (Plane, Delaunay)
Info    : [100%] Meshing surface 276 (Plane, Delaunay)
Info    : [100%] Meshing surface 277 (Plane, Delaunay)
Info    : [100%] Meshing surface 278 (Plane, Delaunay)
Info    : [100%] Meshing surface 279 (Plane, Delaunay)
Info    : [100%] Meshing surface 280 (Plane, Delaunay)
Info    : [100%] Meshing surface 281 (Plane, Delaunay)
Info    : [100%] Meshing surface 282 (Plane, Delaunay)
Info    : Done meshing 2D (Wall 0.360185s, CPU 0.3592s)
Info    : Meshing 3D...
Info    : 3D Meshing 16 volumes with 1 connected component
Info    : Tetrahedrizing 2829 nodes...
Info    : Done tetrahedrizing 2837 nodes (Wall 0.0291772s, CPU 0.029169s)
Info    : Reconstructing mesh...
Info    :  - Creating surface mesh
Info    :  - Identifying boundary edges
Info    :  - Recovering boundary
Info    :  - Added 11 Steiner points
Info    : Done reconstructing mesh (Wall 0.0746843s, CPU 0.071304s)
Info    : Found volume 27
Info    : Found volume 28
Info    : Found volume 23
Info    : Found volume 26
Info    : Found volume 30
Info    : Found volume 29
Info    : Found volume 6
Info    : Found volume 7
Info    : Found volume 31
Info    : Found volume 8
Info    : Found volume 10
Info    : Found volume 9
Info    : Found volume 11
Info    : Found volume 12
Info    : Found volume 24
Info    : Found volume 25
Info    : It. 0 - 0 nodes created - worst tet radius 13.8244 (nodes removed 0 0)
Info    : It. 500 - 5 nodes created - worst tet radius 2.49167 (nodes removed 0 495)
Info    : It. 1000 - 67 nodes created - worst tet radius 1.35981 (nodes removed 0 933)
Info    : It. 1500 - 183 nodes created - worst tet radius 1.04794 (nodes removed 1 1316)
Info    : 3D refinement terminated (3085 nodes total):
Info    :  - 2 Delaunay cavities modified for star shapeness
Info    :  - 1432 nodes could not be inserted
Info    :  - 18226 tetrahedra created in 0.0661 sec. (275733 tets/s)
Info    : 298 node relocations
Info    : Done meshing 3D (Wall 0.292947s, CPU 0.285329s)
Info    : Optimizing mesh...
Info    : Optimizing volume 6
Info    : Optimization starts (volume = 234) with worst = 0.209192 / average = 0.599913:
Info    : 0.00 < quality < 0.10 :         0 elements
Info    : 0.10 < quality < 0.20 :         0 elements
Info    : 0.20 < quality < 0.30 :        35 elements
Info    : 0.30 < quality < 0.40 :         7 elements
Info    : 0.40 < quality < 0.50 :         3 elements
Info    : 0.50 < quality < 0.60 :         6 elements
Info    : 0.60 < quality < 0.70 :        60 elements
Info    : 0.70 < quality < 0.80 :        46 elements
Info    : 0.80 < quality < 0.90 :        10 elements
Info    : 0.90 < quality < 1.00 :         1 elements
Info    : No ill-shaped tets in the mesh :-)
Info    : 0.00 < quality < 0.10 :         0 elements
Info    : 0.10 < quality < 0.20 :         0 elements
Info    : 0.20 < quality < 0.30 :        35 elements
Info    : 0.30 < quality < 0.40 :         7 elements
Info    : 0.40 < quality < 0.50 :         3 elements
Info    : 0.50 < quality < 0.60 :         6 elements
Info    : 0.60 < quality < 0.70 :        60 elements
Info    : 0.70 < quality < 0.80 :        46 elements
Info    : 0.80 < quality < 0.90 :        10 elements
Info    : 0.90 < quality < 1.00 :         1 elements
Info    : Optimizing volume 7
Info    : Optimization starts (volume = 234) with worst = 0.209192 / average = 0.599865:
Info    : 0.00 < quality < 0.10 :         0 elements
Info    : 0.10 < quality < 0.20 :         0 elements
Info    : 0.20 < quality < 0.30 :        35 elements
Info    : 0.30 < quality < 0.40 :         7 elements
Info    : 0.40 < quality < 0.50 :         3 elements
Info    : 0.50 < quality < 0.60 :         6 elements
Info    : 0.60 < quality < 0.70 :        60 elements
Info    : 0.70 < quality < 0.80 :        46 elements
Info    : 0.80 < quality < 0.90 :        10 elements
Info    : 0.90 < quality < 1.00 :         1 elements
Info    : No ill-shaped tets in the mesh :-)
Info    : 0.00 < quality < 0.10 :         0 elements
Info    : 0.10 < quality < 0.20 :         0 elements
Info    : 0.20 < quality < 0.30 :        35 elements
Info    : 0.30 < quality < 0.40 :         7 elements
Info    : 0.40 < quality < 0.50 :         3 elements
Info    : 0.50 < quality < 0.60 :         6 elements
Info    : 0.60 < quality < 0.70 :        60 elements
Info    : 0.70 < quality < 0.80 :        46 elements
Info    : 0.80 < quality < 0.90 :        10 elements
Info    : 0.90 < quality < 1.00 :         1 elements
Info    : Optimizing volume 8
Info    : Optimization starts (volume = 109.224) with worst = 0.219132 / average = 0.608138:
Info    : 0.00 < quality < 0.10 :         0 elements
Info    : 0.10 < quality < 0.20 :         0 elements
Info    : 0.20 < quality < 0.30 :         6 elements
Info    : 0.30 < quality < 0.40 :        10 elements
Info    : 0.40 < quality < 0.50 :        24 elements
Info    : 0.50 < quality < 0.60 :        14 elements
Info    : 0.60 < quality < 0.70 :        18 elements
Info    : 0.70 < quality < 0.80 :        18 elements
Info    : 0.80 < quality < 0.90 :        20 elements
Info    : 0.90 < quality < 1.00 :         4 elements
Info    : No ill-shaped tets in the mesh :-)
Info    : 0.00 < quality < 0.10 :         0 elements
Info    : 0.10 < quality < 0.20 :         0 elements
Info    : 0.20 < quality < 0.30 :         6 elements
Info    : 0.30 < quality < 0.40 :        10 elements
Info    : 0.40 < quality < 0.50 :        24 elements
Info    : 0.50 < quality < 0.60 :        14 elements
Info    : 0.60 < quality < 0.70 :        18 elements
Info    : 0.70 < quality < 0.80 :        18 elements
Info    : 0.80 < quality < 0.90 :        20 elements
Info    : 0.90 < quality < 1.00 :         4 elements
Info    : Optimizing volume 9
Info    : Optimization starts (volume = 2.268) with worst = 0.266475 / average = 0.325093:
Info    : 0.00 < quality < 0.10 :         0 elements
Info    : 0.10 < quality < 0.20 :         0 elements
Info    : 0.20 < quality < 0.30 :         4 elements
Info    : 0.30 < quality < 0.40 :         8 elements
Info    : 0.40 < quality < 0.50 :         0 elements
Info    : 0.50 < quality < 0.60 :         0 elements
Info    : 0.60 < quality < 0.70 :         0 elements
Info    : 0.70 < quality < 0.80 :         0 elements
Info    : 0.80 < quality < 0.90 :         0 elements
Info    : 0.90 < quality < 1.00 :         0 elements
Info    : No ill-shaped tets in the mesh :-)
Info    : 0.00 < quality < 0.10 :         0 elements
Info    : 0.10 < quality < 0.20 :         0 elements
Info    : 0.20 < quality < 0.30 :         4 elements
Info    : 0.30 < quality < 0.40 :         8 elements
Info    : 0.40 < quality < 0.50 :         0 elements
Info    : 0.50 < quality < 0.60 :         0 elements
Info    : 0.60 < quality < 0.70 :         0 elements
Info    : 0.70 < quality < 0.80 :         0 elements
Info    : 0.80 < quality < 0.90 :         0 elements
Info    : 0.90 < quality < 1.00 :         0 elements
Info    : Optimizing volume 10
Info    : Optimization starts (volume = 2.268) with worst = 0.266475 / average = 0.325093:
Info    : 0.00 < quality < 0.10 :         0 elements
Info    : 0.10 < quality < 0.20 :         0 elements
Info    : 0.20 < quality < 0.30 :         4 elements
Info    : 0.30 < quality < 0.40 :         8 elements
Info    : 0.40 < quality < 0.50 :         0 elements
Info    : 0.50 < quality < 0.60 :         0 elements
Info    : 0.60 < quality < 0.70 :         0 elements
Info    : 0.70 < quality < 0.80 :         0 elements
Info    : 0.80 < quality < 0.90 :         0 elements
Info    : 0.90 < quality < 1.00 :         0 elements
Info    : No ill-shaped tets in the mesh :-)
Info    : 0.00 < quality < 0.10 :         0 elements
Info    : 0.10 < quality < 0.20 :         0 elements
Info    : 0.20 < quality < 0.30 :         4 elements
Info    : 0.30 < quality < 0.40 :         8 elements
Info    : 0.40 < quality < 0.50 :         0 elements
Info    : 0.50 < quality < 0.60 :         0 elements
Info    : 0.60 < quality < 0.70 :         0 elements
Info    : 0.70 < quality < 0.80 :         0 elements
Info    : 0.80 < quality < 0.90 :         0 elements
Info    : 0.90 < quality < 1.00 :         0 elements
Info    : Optimizing volume 11
Info    : Optimization starts (volume = 2.268) with worst = 0.266475 / average = 0.325093:
Info    : 0.00 < quality < 0.10 :         0 elements
Info    : 0.10 < quality < 0.20 :         0 elements
Info    : 0.20 < quality < 0.30 :         4 elements
Info    : 0.30 < quality < 0.40 :         8 elements
Info    : 0.40 < quality < 0.50 :         0 elements
Info    : 0.50 < quality < 0.60 :         0 elements
Info    : 0.60 < quality < 0.70 :         0 elements
Info    : 0.70 < quality < 0.80 :         0 elements
Info    : 0.80 < quality < 0.90 :         0 elements
Info    : 0.90 < quality < 1.00 :         0 elements
Info    : No ill-shaped tets in the mesh :-)
Info    : 0.00 < quality < 0.10 :         0 elements
Info    : 0.10 < quality < 0.20 :         0 elements
Info    : 0.20 < quality < 0.30 :         4 elements
Info    : 0.30 < quality < 0.40 :         8 elements
Info    : 0.40 < quality < 0.50 :         0 elements
Info    : 0.50 < quality < 0.60 :         0 elements
Info    : 0.60 < quality < 0.70 :         0 elements
Info    : 0.70 < quality < 0.80 :         0 elements
Info    : 0.80 < quality < 0.90 :         0 elements
Info    : 0.90 < quality < 1.00 :         0 elements
Info    : Optimizing volume 12
Info    : Optimization starts (volume = 2.268) with worst = 0.266475 / average = 0.325093:
Info    : 0.00 < quality < 0.10 :         0 elements
Info    : 0.10 < quality < 0.20 :         0 elements
Info    : 0.20 < quality < 0.30 :         4 elements
Info    : 0.30 < quality < 0.40 :         8 elements
Info    : 0.40 < quality < 0.50 :         0 elements
Info    : 0.50 < quality < 0.60 :         0 elements
Info    : 0.60 < quality < 0.70 :         0 elements
Info    : 0.70 < quality < 0.80 :         0 elements
Info    : 0.80 < quality < 0.90 :         0 elements
Info    : 0.90 < quality < 1.00 :         0 elements
Info    : No ill-shaped tets in the mesh :-)
Info    : 0.00 < quality < 0.10 :         0 elements
Info    : 0.10 < quality < 0.20 :         0 elements
Info    : 0.20 < quality < 0.30 :         4 elements
Info    : 0.30 < quality < 0.40 :         8 elements
Info    : 0.40 < quality < 0.50 :         0 elements
Info    : 0.50 < quality < 0.60 :         0 elements
Info    : 0.60 < quality < 0.70 :         0 elements
Info    : 0.70 < quality < 0.80 :         0 elements
Info    : 0.80 < quality < 0.90 :         0 elements
Info    : 0.90 < quality < 1.00 :         0 elements
Info    : Optimizing volume 23
Info    : Optimization starts (volume = 3477.7) with worst = 0.000110241 / average = 0.150239:
Info    : 0.00 < quality < 0.10 :       118 elements
Info    : 0.10 < quality < 0.20 :      1484 elements
Info    : 0.20 < quality < 0.30 :        45 elements
Info    : 0.30 < quality < 0.40 :         6 elements
Info    : 0.40 < quality < 0.50 :         0 elements
Info    : 0.50 < quality < 0.60 :         0 elements
Info    : 0.60 < quality < 0.70 :         0 elements
Info    : 0.70 < quality < 0.80 :         0 elements
Info    : 0.80 < quality < 0.90 :         0 elements
Info    : 0.90 < quality < 1.00 :         0 elements
Info    : 138 edge swaps, 5 node relocations (volume = 3477.7): worst = 0.000122151 / average = 0.150621 (Wall 0.00960064s, CPU 0.009599s)
Info    : 145 edge swaps, 8 node relocations (volume = 3477.7): worst = 0.000122151 / average = 0.150552 (Wall 0.0173586s, CPU 0.017356s)
Warning : 1 ill-shaped tets are still in the mesh
Info    : 0.00 < quality < 0.10 :       108 elements
Info    : 0.10 < quality < 0.20 :      1456 elements
Info    : 0.20 < quality < 0.30 :        44 elements
Info    : 0.30 < quality < 0.40 :         6 elements
Info    : 0.40 < quality < 0.50 :         0 elements
Info    : 0.50 < quality < 0.60 :         0 elements
Info    : 0.60 < quality < 0.70 :         0 elements
Info    : 0.70 < quality < 0.80 :         0 elements
Info    : 0.80 < quality < 0.90 :         0 elements
Info    : 0.90 < quality < 1.00 :         0 elements
Info    : Optimizing volume 24
Info    : Optimization starts (volume = 2391.36) with worst = 0.0707345 / average = 0.772907:
Info    : 0.00 < quality < 0.10 :         2 elements
Info    : 0.10 < quality < 0.20 :         1 elements
Info    : 0.20 < quality < 0.30 :         7 elements
Info    : 0.30 < quality < 0.40 :        12 elements
Info    : 0.40 < quality < 0.50 :         8 elements
Info    : 0.50 < quality < 0.60 :        23 elements
Info    : 0.60 < quality < 0.70 :       230 elements
Info    : 0.70 < quality < 0.80 :        55 elements
Info    : 0.80 < quality < 0.90 :       310 elements
Info    : 0.90 < quality < 1.00 :       154 elements
Info    : 4 edge swaps, 0 node relocations (volume = 2391.36): worst = 0.275377 / average = 0.776367 (Wall 0.000175329s, CPU 0.000176s)
Info    : 5 edge swaps, 0 node relocations (volume = 2391.36): worst = 0.275377 / average = 0.77631 (Wall 0.000239013s, CPU 0.00024s)
Info    : No ill-shaped tets in the mesh :-)
Info    : 0.00 < quality < 0.10 :         0 elements
Info    : 0.10 < quality < 0.20 :         0 elements
Info    : 0.20 < quality < 0.30 :         5 elements
Info    : 0.30 < quality < 0.40 :        11 elements
Info    : 0.40 < quality < 0.50 :         8 elements
Info    : 0.50 < quality < 0.60 :        23 elements
Info    : 0.60 < quality < 0.70 :       230 elements
Info    : 0.70 < quality < 0.80 :        53 elements
Info    : 0.80 < quality < 0.90 :       312 elements
Info    : 0.90 < quality < 1.00 :       154 elements
Info    : Optimizing volume 25
Info    : Optimization starts (volume = 632.26) with worst = 0.0707344 / average = 0.724642:
Info    : 0.00 < quality < 0.10 :         1 elements
Info    : 0.10 < quality < 0.20 :         3 elements
Info    : 0.20 < quality < 0.30 :         7 elements
Info    : 0.30 < quality < 0.40 :        14 elements
Info    : 0.40 < quality < 0.50 :         9 elements
Info    : 0.50 < quality < 0.60 :        13 elements
Info    : 0.60 < quality < 0.70 :        68 elements
Info    : 0.70 < quality < 0.80 :        15 elements
Info    : 0.80 < quality < 0.90 :        88 elements
Info    : 0.90 < quality < 1.00 :        41 elements
Info    : 5 edge swaps, 0 node relocations (volume = 632.26): worst = 0.275377 / average = 0.737776 (Wall 9.9603e-05s, CPU 9.9e-05s)
Info    : 6 edge swaps, 0 node relocations (volume = 632.26): worst = 0.275377 / average = 0.737595 (Wall 0.000149307s, CPU 0.000149s)
Info    : No ill-shaped tets in the mesh :-)
Info    : 0.00 < quality < 0.10 :         0 elements
Info    : 0.10 < quality < 0.20 :         0 elements
Info    : 0.20 < quality < 0.30 :         4 elements
Info    : 0.30 < quality < 0.40 :        14 elements
Info    : 0.40 < quality < 0.50 :         9 elements
Info    : 0.50 < quality < 0.60 :        13 elements
Info    : 0.60 < quality < 0.70 :        67 elements
Info    : 0.70 < quality < 0.80 :        15 elements
Info    : 0.80 < quality < 0.90 :        89 elements
Info    : 0.90 < quality < 1.00 :        41 elements
Info    : Optimizing volume 26
Info    : Optimization starts (volume = 1.27492e+07) with worst = 0.0374624 / average = 0.630836:
Info    : 0.00 < quality < 0.10 :         3 elements
Info    : 0.10 < quality < 0.20 :        11 elements
Info    : 0.20 < quality < 0.30 :        14 elements
Info    : 0.30 < quality < 0.40 :        52 elements
Info    : 0.40 < quality < 0.50 :       154 elements
Info    : 0.50 < quality < 0.60 :       226 elements
Info    : 0.60 < quality < 0.70 :       225 elements
Info    : 0.70 < quality < 0.80 :       193 elements
Info    : 0.80 < quality < 0.90 :       134 elements
Info    : 0.90 < quality < 1.00 :        48 elements
Info    : 27 edge swaps, 1 node relocations (volume = 1.27492e+07): worst = 0.295266 / average = 0.641156 (Wall 0.00041872s, CPU 0.000417s)
Info    : 29 edge swaps, 1 node relocations (volume = 1.27492e+07): worst = 0.302531 / average = 0.641734 (Wall 0.000510448s, CPU 0.000512s)
Info    : No ill-shaped tets in the mesh :-)
Info    : 0.00 < quality < 0.10 :         0 elements
Info    : 0.10 < quality < 0.20 :         0 elements
Info    : 0.20 < quality < 0.30 :         0 elements
Info    : 0.30 < quality < 0.40 :        57 elements
Info    : 0.40 < quality < 0.50 :       148 elements
Info    : 0.50 < quality < 0.60 :       236 elements
Info    : 0.60 < quality < 0.70 :       223 elements
Info    : 0.70 < quality < 0.80 :       191 elements
Info    : 0.80 < quality < 0.90 :       134 elements
Info    : 0.90 < quality < 1.00 :        49 elements
Info    : Optimizing volume 27
Info    : Optimization starts (volume = 25498.5) with worst = 0.000805861 / average = 0.0304885:
Info    : 0.00 < quality < 0.10 :      1286 elements
Info    : 0.10 < quality < 0.20 :        71 elements
Info    : 0.20 < quality < 0.30 :         0 elements
Info    : 0.30 < quality < 0.40 :         0 elements
Info    : 0.40 < quality < 0.50 :         0 elements
Info    : 0.50 < quality < 0.60 :         0 elements
Info    : 0.60 < quality < 0.70 :         0 elements
Info    : 0.70 < quality < 0.80 :         0 elements
Info    : 0.80 < quality < 0.90 :         0 elements
Info    : 0.90 < quality < 1.00 :         0 elements
Info    : 167 edge swaps, 0 node relocations (volume = 25498.5): worst = 0.00100727 / average = 0.0293804 (Wall 0.00683061s, CPU 0.006828s)
Info    : 175 edge swaps, 0 node relocations (volume = 25498.5): worst = 0.00100727 / average = 0.0294713 (Wall 0.0148934s, CPU 0.014883s)
Info    : No ill-shaped tets in the mesh :-)
Info    : 0.00 < quality < 0.10 :      1215 elements
Info    : 0.10 < quality < 0.20 :        54 elements
Info    : 0.20 < quality < 0.30 :         0 elements
Info    : 0.30 < quality < 0.40 :         0 elements
Info    : 0.40 < quality < 0.50 :         0 elements
Info    : 0.50 < quality < 0.60 :         0 elements
Info    : 0.60 < quality < 0.70 :         0 elements
Info    : 0.70 < quality < 0.80 :         0 elements
Info    : 0.80 < quality < 0.90 :         0 elements
Info    : 0.90 < quality < 1.00 :         0 elements
Info    : Optimizing volume 28
Info    : Optimization starts (volume = 995658) with worst = 0.000161437 / average = 0.462656:
Info    : 0.00 < quality < 0.10 :       278 elements
Info    : 0.10 < quality < 0.20 :      1396 elements
Info    : 0.20 < quality < 0.30 :       863 elements
Info    : 0.30 < quality < 0.40 :       972 elements
Info    : 0.40 < quality < 0.50 :      1061 elements
Info    : 0.50 < quality < 0.60 :      1150 elements
Info    : 0.60 < quality < 0.70 :      1023 elements
Info    : 0.70 < quality < 0.80 :       778 elements
Info    : 0.80 < quality < 0.90 :       601 elements
Info    : 0.90 < quality < 1.00 :       232 elements
Info    : 490 edge swaps, 43 node relocations (volume = 995658): worst = 0.0121973 / average = 0.476619 (Wall 0.0191066s, CPU 0.019103s)
Info    : 563 edge swaps, 49 node relocations (volume = 995658): worst = 0.0121973 / average = 0.47707 (Wall 0.0363284s, CPU 0.036298s)
Info    : No ill-shaped tets in the mesh :-)
Info    : 0.00 < quality < 0.10 :       142 elements
Info    : 0.10 < quality < 0.20 :      1210 elements
Info    : 0.20 < quality < 0.30 :       724 elements
Info    : 0.30 < quality < 0.40 :       990 elements
Info    : 0.40 < quality < 0.50 :      1058 elements
Info    : 0.50 < quality < 0.60 :      1122 elements
Info    : 0.60 < quality < 0.70 :      1034 elements
Info    : 0.70 < quality < 0.80 :       786 elements
Info    : 0.80 < quality < 0.90 :       548 elements
Info    : 0.90 < quality < 1.00 :       236 elements
Info    : Optimizing volume 29
Info    : Optimization starts (volume = 239048) with worst = 0.0322218 / average = 0.502448:
Info    : 0.00 < quality < 0.10 :        19 elements
Info    : 0.10 < quality < 0.20 :       110 elements
Info    : 0.20 < quality < 0.30 :       180 elements
Info    : 0.30 < quality < 0.40 :       247 elements
Info    : 0.40 < quality < 0.50 :       357 elements
Info    : 0.50 < quality < 0.60 :       432 elements
Info    : 0.60 < quality < 0.70 :       417 elements
Info    : 0.70 < quality < 0.80 :       221 elements
Info    : 0.80 < quality < 0.90 :        38 elements
Info    : 0.90 < quality < 1.00 :         0 elements
Info    : 80 edge swaps, 0 node relocations (volume = 239048): worst = 0.0599822 / average = 0.510199 (Wall 0.00244339s, CPU 0.002442s)
Info    : 84 edge swaps, 0 node relocations (volume = 239048): worst = 0.0599822 / average = 0.510119 (Wall 0.00428213s, CPU 0.004282s)
Info    : No ill-shaped tets in the mesh :-)
Info    : 0.00 < quality < 0.10 :        10 elements
Info    : 0.10 < quality < 0.20 :        76 elements
Info    : 0.20 < quality < 0.30 :       170 elements
Info    : 0.30 < quality < 0.40 :       253 elements
Info    : 0.40 < quality < 0.50 :       345 elements
Info    : 0.50 < quality < 0.60 :       422 elements
Info    : 0.60 < quality < 0.70 :       418 elements
Info    : 0.70 < quality < 0.80 :       223 elements
Info    : 0.80 < quality < 0.90 :        38 elements
Info    : 0.90 < quality < 1.00 :         0 elements
Info    : Optimizing volume 30
Info    : Optimization starts (volume = 1.14743e+07) with worst = 0.0632401 / average = 0.603834:
Info    : 0.00 < quality < 0.10 :         6 elements
Info    : 0.10 < quality < 0.20 :        26 elements
Info    : 0.20 < quality < 0.30 :        26 elements
Info    : 0.30 < quality < 0.40 :        89 elements
Info    : 0.40 < quality < 0.50 :       177 elements
Info    : 0.50 < quality < 0.60 :       304 elements
Info    : 0.60 < quality < 0.70 :       277 elements
Info    : 0.70 < quality < 0.80 :       218 elements
Info    : 0.80 < quality < 0.90 :       122 elements
Info    : 0.90 < quality < 1.00 :        47 elements
Info    : 50 edge swaps, 0 node relocations (volume = 1.14743e+07): worst = 0.272205 / average = 0.622634 (Wall 0.000556725s, CPU 0.000561s)
Info    : 51 edge swaps, 0 node relocations (volume = 1.14743e+07): worst = 0.276814 / average = 0.62234 (Wall 0.00065966s, CPU 0.000665s)
Info    : No ill-shaped tets in the mesh :-)
Info    : 0.00 < quality < 0.10 :         0 elements
Info    : 0.10 < quality < 0.20 :         0 elements
Info    : 0.20 < quality < 0.30 :         2 elements
Info    : 0.30 < quality < 0.40 :        95 elements
Info    : 0.40 < quality < 0.50 :       177 elements
Info    : 0.50 < quality < 0.60 :       305 elements
Info    : 0.60 < quality < 0.70 :       277 elements
Info    : 0.70 < quality < 0.80 :       220 elements
Info    : 0.80 < quality < 0.90 :       126 elements
Info    : 0.90 < quality < 1.00 :        45 elements
Info    : Optimizing volume 31
Info    : Optimization starts (volume = 3.66154e+07) with worst = 0.00484912 / average = 0.569154:
Info    : 0.00 < quality < 0.10 :        87 elements
Info    : 0.10 < quality < 0.20 :        27 elements
Info    : 0.20 < quality < 0.30 :        24 elements
Info    : 0.30 < quality < 0.40 :        59 elements
Info    : 0.40 < quality < 0.50 :        49 elements
Info    : 0.50 < quality < 0.60 :       156 elements
Info    : 0.60 < quality < 0.70 :       222 elements
Info    : 0.70 < quality < 0.80 :       199 elements
Info    : 0.80 < quality < 0.90 :        97 elements
Info    : 0.90 < quality < 1.00 :        10 elements
Info    : 25 edge swaps, 0 node relocations (volume = 3.66154e+07): worst = 0.00733694 / average = 0.578141 (Wall 0.00231372s, CPU 0.002309s)
Info    : No ill-shaped tets in the mesh :-)
Info    : 0.00 < quality < 0.10 :        81 elements
Info    : 0.10 < quality < 0.20 :        27 elements
Info    : 0.20 < quality < 0.30 :        10 elements
Info    : 0.30 < quality < 0.40 :        63 elements
Info    : 0.40 < quality < 0.50 :        48 elements
Info    : 0.50 < quality < 0.60 :       147 elements
Info    : 0.60 < quality < 0.70 :       224 elements
Info    : 0.70 < quality < 0.80 :       204 elements
Info    : 0.80 < quality < 0.90 :        94 elements
Info    : 0.90 < quality < 1.00 :        13 elements
Info    : Done optimizing mesh (Wall 0.103245s, CPU 0.099822s)
Info    : 3085 nodes 24783 elements
Warning : ------------------------------
Warning : Mesh generation error summary
Warning :     1 warning
Warning :     0 errors
Warning : Check the full log for details
Warning : ------------------------------
Info    : Writing '/foss/designs/inductor_synth/palace_model/inductor2_N2_do61.25_w2.01_s3_data/inductor2_N2_do61.25_w2.01_s3.msh'...
Info    : Done writing '/foss/designs/inductor_synth/palace_model/inductor2_N2_do61.25_w2.01_s3_data/inductor2_N2_do61.25_w2.01_s3.msh'
Info    : Clearing all models and views...
Info    : Done clearing all models and views
Info    : Meshing 1D...
Info    : [  0%] Meshing curve 64 (Line)
Info    : [ 10%] Meshing curve 65 (Line)
Info    : [ 10%] Meshing curve 67 (Line)
Info    : [ 10%] Meshing curve 69 (Line)
Info    : [ 10%] Meshing curve 70 (Line)
Info    : [ 10%] Meshing curve 71 (Line)
Info    : [ 10%] Meshing curve 72 (Line)
Info    : [ 10%] Meshing curve 76 (Line)
Info    : [ 10%] Meshing curve 77 (Line)
Info    : [ 10%] Meshing curve 79 (Line)
Info    : [ 10%] Meshing curve 81 (Line)
Info    : [ 10%] Meshing curve 82 (Line)
Info    : [ 10%] Meshing curve 83 (Line)
Info    : [ 10%] Meshing curve 84 (Line)
Info    : [ 10%] Meshing curve 85 (Line)
Info    : [ 10%] Meshing curve 86 (Line)
Info    : [ 10%] Meshing curve 87 (Line)
Info    : [ 10%] Meshing curve 88 (Line)
Info    : [ 10%] Meshing curve 89 (Line)
Info    : [ 10%] Meshing curve 90 (Line)
Info    : [ 10%] Meshing curve 91 (Line)
Info    : [ 10%] Meshing curve 92 (Line)
Info    : [ 10%] Meshing curve 93 (Line)
Info    : [ 10%] Meshing curve 94 (Line)
Info    : [ 10%] Meshing curve 95 (Line)
Info    : [ 10%] Meshing curve 96 (Line)
Info    : [ 10%] Meshing curve 97 (Line)
Info    : [ 10%] Meshing curve 98 (Line)
Info    : [ 10%] Meshing curve 99 (Line)
Info    : [ 10%] Meshing curve 100 (Line)
Info    : [ 10%] Meshing curve 101 (Line)
Info    : [ 10%] Meshing curve 102 (Line)
Info    : [ 10%] Meshing curve 103 (Line)
Info    : [ 20%] Meshing curve 104 (Line)
Info    : [ 20%] Meshing curve 105 (Line)
Info    : [ 20%] Meshing curve 106 (Line)
Info    : [ 20%] Meshing curve 107 (Line)
Info    : [ 20%] Meshing curve 108 (Line)
Info    : [ 20%] Meshing curve 109 (Line)
Info    : [ 20%] Meshing curve 110 (Line)
Info    : [ 20%] Meshing curve 111 (Line)
Info    : [ 20%] Meshing curve 112 (Line)
Info    : [ 20%] Meshing curve 113 (Line)
Info    : [ 20%] Meshing curve 114 (Line)
Info    : [ 20%] Meshing curve 115 (Line)
Info    : [ 20%] Meshing curve 116 (Line)
Info    : [ 20%] Meshing curve 117 (Line)
Info    : [ 20%] Meshing curve 118 (Line)
Info    : [ 20%] Meshing curve 119 (Line)
Info    : [ 20%] Meshing curve 120 (Line)
Info    : [ 20%] Meshing curve 121 (Line)
Info    : [ 20%] Meshing curve 122 (Line)
Info    : [ 20%] Meshing curve 123 (Line)
Info    : [ 20%] Meshing curve 124 (Line)
Info    : [ 20%] Meshing curve 125 (Line)
Info    : [ 20%] Meshing curve 126 (Line)
Info    : [ 20%] Meshing curve 127 (Line)
Info    : [ 20%] Meshing curve 128 (Line)
Info    : [ 20%] Meshing curve 129 (Line)
Info    : [ 20%] Meshing curve 130 (Line)
Info    : [ 20%] Meshing curve 131 (Line)
Info    : [ 20%] Meshing curve 132 (Line)
Info    : [ 20%] Meshing curve 133 (Line)
Info    : [ 20%] Meshing curve 134 (Line)
Info    : [ 20%] Meshing curve 135 (Line)
Info    : [ 20%] Meshing curve 136 (Line)
Info    : [ 30%] Meshing curve 137 (Line)
Info    : [ 30%] Meshing curve 138 (Line)
Info    : [ 30%] Meshing curve 139 (Line)
Info    : [ 30%] Meshing curve 140 (Line)
Info    : [ 30%] Meshing curve 141 (Line)
Info    : [ 30%] Meshing curve 142 (Line)
Info    : [ 30%] Meshing curve 143 (Line)
Info    : [ 30%] Meshing curve 144 (Line)
Info    : [ 30%] Meshing curve 145 (Line)
Info    : [ 30%] Meshing curve 146 (Line)
Info    : [ 30%] Meshing curve 147 (Line)
Info    : [ 30%] Meshing curve 148 (Line)
Info    : [ 30%] Meshing curve 149 (Line)
Info    : [ 30%] Meshing curve 150 (Line)
Info    : [ 30%] Meshing curve 151 (Line)
Info    : [ 30%] Meshing curve 152 (Line)
Info    : [ 30%] Meshing curve 153 (Line)
Info    : [ 30%] Meshing curve 154 (Line)
Info    : [ 30%] Meshing curve 155 (Line)
Info    : [ 30%] Meshing curve 156 (Line)
Info    : [ 30%] Meshing curve 385 (Line)
Info    : [ 30%] Meshing curve 386 (Line)
Info    : [ 30%] Meshing curve 387 (Line)
Info    : [ 30%] Meshing curve 388 (Line)
Info    : [ 30%] Meshing curve 389 (Line)
Info    : [ 30%] Meshing curve 390 (Line)
Info    : [ 30%] Meshing curve 391 (Line)
Info    : [ 30%] Meshing curve 392 (Line)
Info    : [ 30%] Meshing curve 393 (Line)
Info    : [ 30%] Meshing curve 394 (Line)
Info    : [ 30%] Meshing curve 395 (Line)
Info    : [ 30%] Meshing curve 396 (Line)
Info    : [ 40%] Meshing curve 397 (TrimmedCurve)
Info    : [ 40%] Meshing curve 398 (Line)
Info    : [ 40%] Meshing curve 399 (TrimmedCurve)
Info    : [ 40%] Meshing curve 400 (Line)
Info    : [ 40%] Meshing curve 401 (Line)
Info    : [ 40%] Meshing curve 402 (Line)
Info    : [ 40%] Meshing curve 403 (Line)
Info    : [ 40%] Meshing curve 404 (Line)
Info    : [ 40%] Meshing curve 405 (Line)
Info    : [ 40%] Meshing curve 406 (Line)
Info    : [ 40%] Meshing curve 407 (Line)
Info    : [ 40%] Meshing curve 408 (TrimmedCurve)
Info    : [ 40%] Meshing curve 409 (Line)
Info    : [ 40%] Meshing curve 410 (TrimmedCurve)
Info    : [ 40%] Meshing curve 411 (Line)
Info    : [ 40%] Meshing curve 412 (Line)
Info    : [ 40%] Meshing curve 413 (Line)
Info    : [ 40%] Meshing curve 414 (Line)
Info    : [ 40%] Meshing curve 415 (Line)
Info    : [ 40%] Meshing curve 416 (Line)
Info    : [ 40%] Meshing curve 417 (Line)
Info    : [ 40%] Meshing curve 418 (Line)
Info    : [ 40%] Meshing curve 419 (Line)
Info    : [ 40%] Meshing curve 420 (Line)
Info    : [ 40%] Meshing curve 421 (Line)
Info    : [ 40%] Meshing curve 422 (Line)
Info    : [ 40%] Meshing curve 423 (Line)
Info    : [ 40%] Meshing curve 424 (Line)
Info    : [ 40%] Meshing curve 425 (Line)
Info    : [ 40%] Meshing curve 426 (Line)
Info    : [ 40%] Meshing curve 427 (Line)
Info    : [ 40%] Meshing curve 428 (Line)
Info    : [ 40%] Meshing curve 429 (Line)
Info    : [ 50%] Meshing curve 430 (Line)
Info    : [ 50%] Meshing curve 431 (Line)
Info    : [ 50%] Meshing curve 432 (TrimmedCurve)
Info    : [ 50%] Meshing curve 433 (Line)
Info    : [ 50%] Meshing curve 434 (TrimmedCurve)
Info    : [ 50%] Meshing curve 435 (Line)
Info    : [ 50%] Meshing curve 436 (TrimmedCurve)
Info    : [ 50%] Meshing curve 437 (Line)
Info    : [ 50%] Meshing curve 438 (TrimmedCurve)
Info    : [ 50%] Meshing curve 439 (Line)
Info    : [ 50%] Meshing curve 440 (TrimmedCurve)
Info    : [ 50%] Meshing curve 441 (Line)
Info    : [ 50%] Meshing curve 442 (TrimmedCurve)
Info    : [ 50%] Meshing curve 443 (Line)
Info    : [ 50%] Meshing curve 444 (Line)
Info    : [ 50%] Meshing curve 445 (Line)
Info    : [ 50%] Meshing curve 446 (Line)
Info    : [ 50%] Meshing curve 447 (Line)
Info    : [ 50%] Meshing curve 448 (TrimmedCurve)
Info    : [ 50%] Meshing curve 449 (Line)
Info    : [ 50%] Meshing curve 450 (TrimmedCurve)
Info    : [ 50%] Meshing curve 451 (Line)
Info    : [ 50%] Meshing curve 452 (TrimmedCurve)
Info    : [ 50%] Meshing curve 453 (Line)
Info    : [ 50%] Meshing curve 454 (TrimmedCurve)
Info    : [ 50%] Meshing curve 455 (Line)
Info    : [ 50%] Meshing curve 456 (TrimmedCurve)
Info    : [ 50%] Meshing curve 457 (Line)
Info    : [ 50%] Meshing curve 458 (TrimmedCurve)
Info    : [ 50%] Meshing curve 459 (Line)
Info    : [ 50%] Meshing curve 460 (Line)
Info    : [ 50%] Meshing curve 461 (TrimmedCurve)
Info    : [ 50%] Meshing curve 462 (Line)
Info    : [ 60%] Meshing curve 463 (TrimmedCurve)
Info    : [ 60%] Meshing curve 464 (Line)
Info    : [ 60%] Meshing curve 465 (TrimmedCurve)
Info    : [ 60%] Meshing curve 466 (Line)
Info    : [ 60%] Meshing curve 467 (TrimmedCurve)
Info    : [ 60%] Meshing curve 468 (Line)
Info    : [ 60%] Meshing curve 469 (TrimmedCurve)
Info    : [ 60%] Meshing curve 470 (Line)
Info    : [ 60%] Meshing curve 471 (TrimmedCurve)
Info    : [ 60%] Meshing curve 472 (Line)
Info    : [ 60%] Meshing curve 473 (Line)
Info    : [ 60%] Meshing curve 474 (Line)
Info    : [ 60%] Meshing curve 475 (Line)
Info    : [ 60%] Meshing curve 476 (Line)
Info    : [ 60%] Meshing curve 477 (TrimmedCurve)
Info    : [ 60%] Meshing curve 478 (Line)
Info    : [ 60%] Meshing curve 479 (TrimmedCurve)
Info    : [ 60%] Meshing curve 480 (Line)
Info    : [ 60%] Meshing curve 481 (TrimmedCurve)
Info    : [ 60%] Meshing curve 482 (Line)
Info    : [ 60%] Meshing curve 483 (TrimmedCurve)
Info    : [ 60%] Meshing curve 484 (Line)
Info    : [ 60%] Meshing curve 485 (TrimmedCurve)
Info    : [ 60%] Meshing curve 486 (Line)
Info    : [ 60%] Meshing curve 487 (TrimmedCurve)
Info    : [ 60%] Meshing curve 488 (Line)
Info    : [ 60%] Meshing curve 489 (Line)
Info    : [ 60%] Meshing curve 490 (Line)
Info    : [ 60%] Meshing curve 491 (Line)
Info    : [ 60%] Meshing curve 492 (Line)
Info    : [ 60%] Meshing curve 493 (Line)
Info    : [ 60%] Meshing curve 494 (Line)
Info    : [ 70%] Meshing curve 495 (Line)
Info    : [ 70%] Meshing curve 496 (Line)
Info    : [ 70%] Meshing curve 497 (Line)
Info    : [ 70%] Meshing curve 498 (Line)
Info    : [ 70%] Meshing curve 499 (Line)
Info    : [ 70%] Meshing curve 500 (Line)
Info    : [ 70%] Meshing curve 501 (Line)
Info    : [ 70%] Meshing curve 502 (Line)
Info    : [ 70%] Meshing curve 503 (Line)
Info    : [ 70%] Meshing curve 504 (Line)
Info    : [ 70%] Meshing curve 505 (Line)
Info    : [ 70%] Meshing curve 506 (Line)
Info    : [ 70%] Meshing curve 507 (Line)
Info    : [ 70%] Meshing curve 508 (Line)
Info    : [ 70%] Meshing curve 509 (Line)
Info    : [ 70%] Meshing curve 510 (Line)
Info    : [ 70%] Meshing curve 511 (Line)
Info    : [ 70%] Meshing curve 512 (Line)
Info    : [ 70%] Meshing curve 513 (Line)
Info    : [ 70%] Meshing curve 514 (Line)
Info    : [ 70%] Meshing curve 515 (Line)
Info    : [ 70%] Meshing curve 516 (Line)
Info    : [ 70%] Meshing curve 517 (Line)
Info    : [ 70%] Meshing curve 518 (Line)
Info    : [ 70%] Meshing curve 519 (Line)
Info    : [ 70%] Meshing curve 520 (Line)
Info    : [ 70%] Meshing curve 521 (Line)
Info    : [ 70%] Meshing curve 522 (Line)
Info    : [ 70%] Meshing curve 523 (Line)
Info    : [ 70%] Meshing curve 524 (Line)
Info    : [ 70%] Meshing curve 525 (Line)
Info    : [ 70%] Meshing curve 526 (Line)
Info    : [ 70%] Meshing curve 527 (Line)
Info    : [ 80%] Meshing curve 528 (TrimmedCurve)
Info    : [ 80%] Meshing curve 529 (Line)
Info    : [ 80%] Meshing curve 530 (Line)
Info    : [ 80%] Meshing curve 531 (Line)
Info    : [ 80%] Meshing curve 532 (Line)
Info    : [ 80%] Meshing curve 533 (Line)
Info    : [ 80%] Meshing curve 534 (TrimmedCurve)
Info    : [ 80%] Meshing curve 535 (Line)
Info    : [ 80%] Meshing curve 536 (Line)
Info    : [ 80%] Meshing curve 537 (TrimmedCurve)
Info    : [ 80%] Meshing curve 538 (Line)
Info    : [ 80%] Meshing curve 539 (Line)
Info    : [ 80%] Meshing curve 540 (Line)
Info    : [ 80%] Meshing curve 541 (Line)
Info    : [ 80%] Meshing curve 542 (Line)
Info    : [ 80%] Meshing curve 543 (TrimmedCurve)
Info    : [ 80%] Meshing curve 544 (Line)
Info    : [ 80%] Meshing curve 545 (Line)
Info    : [ 80%] Meshing curve 546 (Line)
Info    : [ 80%] Meshing curve 547 (Line)
Info    : [ 80%] Meshing curve 548 (Line)
Info    : [ 80%] Meshing curve 549 (Line)
Info    : [ 80%] Meshing curve 550 (Line)
Info    : [ 80%] Meshing curve 551 (Line)
Info    : [ 80%] Meshing curve 552 (Line)
Info    : [ 80%] Meshing curve 553 (Line)
Info    : [ 80%] Meshing curve 554 (Line)
Info    : [ 80%] Meshing curve 555 (Line)
Info    : [ 80%] Meshing curve 556 (Line)
Info    : [ 80%] Meshing curve 557 (Line)
Info    : [ 80%] Meshing curve 558 (Line)
Info    : [ 80%] Meshing curve 559 (Line)
Info    : [ 90%] Meshing curve 560 (Line)
Info    : [ 90%] Meshing curve 561 (Line)
Info    : [ 90%] Meshing curve 562 (Line)
Info    : [ 90%] Meshing curve 563 (Line)
Info    : [ 90%] Meshing curve 564 (Line)
Info    : [ 90%] Meshing curve 565 (Line)
Info    : [ 90%] Meshing curve 566 (Line)
Info    : [ 90%] Meshing curve 567 (Line)
Info    : [ 90%] Meshing curve 568 (Line)
Info    : [ 90%] Meshing curve 569 (Line)
Info    : [ 90%] Meshing curve 570 (Line)
Info    : [ 90%] Meshing curve 571 (Line)
Info    : [ 90%] Meshing curve 572 (Line)
Info    : [ 90%] Meshing curve 573 (Line)
Info    : [ 90%] Meshing curve 574 (Line)
Info    : [ 90%] Meshing curve 575 (Line)
Info    : [ 90%] Meshing curve 576 (Line)
Info    : [ 90%] Meshing curve 577 (Line)
Info    : [ 90%] Meshing curve 578 (Line)
Info    : [ 90%] Meshing curve 579 (Line)
Info    : [ 90%] Meshing curve 580 (Line)
Info    : [ 90%] Meshing curve 581 (Line)
Info    : [ 90%] Meshing curve 582 (Line)
Info    : [ 90%] Meshing curve 583 (Line)
Info    : [ 90%] Meshing curve 584 (Line)
Info    : [ 90%] Meshing curve 585 (Line)
Info    : [ 90%] Meshing curve 586 (Line)
Info    : [ 90%] Meshing curve 587 (Line)
Info    : [ 90%] Meshing curve 588 (Line)
Info    : [ 90%] Meshing curve 589 (Line)
Info    : [ 90%] Meshing curve 590 (Line)
Info    : [ 90%] Meshing curve 591 (Line)
Info    : [ 90%] Meshing curve 592 (Line)
Info    : [100%] Meshing curve 593 (Line)
Info    : [100%] Meshing curve 594 (Line)
Info    : [100%] Meshing curve 595 (Line)
Info    : [100%] Meshing curve 596 (Line)
Info    : [100%] Meshing curve 597 (Line)
Info    : [100%] Meshing curve 598 (Line)
Info    : [100%] Meshing curve 599 (Line)
Info    : [100%] Meshing curve 600 (Line)
Info    : [100%] Meshing curve 601 (Line)
Info    : [100%] Meshing curve 602 (Line)
Info    : [100%] Meshing curve 603 (Line)
Info    : [100%] Meshing curve 604 (Line)
Info    : [100%] Meshing curve 605 (Line)
Info    : [100%] Meshing curve 606 (Line)
Info    : [100%] Meshing curve 607 (Line)
Info    : [100%] Meshing curve 608 (Line)
Info    : [100%] Meshing curve 609 (Line)
Info    : [100%] Meshing curve 610 (Line)
Info    : [100%] Meshing curve 611 (Line)
Info    : [100%] Meshing curve 612 (Line)
Info    : [100%] Meshing curve 613 (Line)
Info    : [100%] Meshing curve 614 (Line)
Info    : [100%] Meshing curve 615 (Line)
Info    : [100%] Meshing curve 616 (Line)
Info    : [100%] Meshing curve 617 (Line)
Info    : [100%] Meshing curve 618 (Line)
Info    : [100%] Meshing curve 619 (Line)
Info    : [100%] Meshing curve 620 (Line)
Info    : [100%] Meshing curve 621 (Line)
Info    : [100%] Meshing curve 622 (Line)
Info    : [100%] Meshing curve 623 (Line)
Info    : [100%] Meshing curve 624 (Line)
Info    : Done meshing 1D (Wall 1.22855s, CPU 1.22386s)
Info    : Meshing 2D...
Info    : [  0%] Meshing surface 35 (Plane, Delaunay)
Info    : [ 10%] Meshing surface 41 (Plane, Delaunay)
Info    : [ 10%] Meshing surface 43 (Plane, Delaunay)
Info    : [ 10%] Meshing surface 44 (Plane, Delaunay)
Info    : [ 10%] Meshing surface 45 (Plane, Delaunay)
Info    : [ 10%] Meshing surface 46 (Plane, Delaunay)
Info    : [ 10%] Meshing surface 47 (Plane, Delaunay)
Info    : [ 10%] Meshing surface 48 (Plane, Delaunay)
Info    : [ 10%] Meshing surface 49 (Plane, Delaunay)
Info    : [ 10%] Meshing surface 50 (Plane, Delaunay)
Info    : [ 10%] Meshing surface 51 (Plane, Delaunay)
Info    : [ 10%] Meshing surface 53 (Plane, Delaunay)
Info    : [ 10%] Meshing surface 54 (Plane, Delaunay)
Info    : [ 10%] Meshing surface 55 (Plane, Delaunay)
Info    : [ 10%] Meshing surface 56 (Plane, Delaunay)
Info    : [ 20%] Meshing surface 57 (Plane, Delaunay)
Info    : [ 20%] Meshing surface 58 (Plane, Delaunay)
Info    : [ 20%] Meshing surface 59 (Plane, Delaunay)
Info    : [ 20%] Meshing surface 60 (Plane, Delaunay)
Info    : [ 20%] Meshing surface 61 (Plane, Delaunay)
Info    : [ 20%] Meshing surface 62 (Plane, Delaunay)
Info    : [ 20%] Meshing surface 63 (Plane, Delaunay)
Info    : [ 20%] Meshing surface 64 (Plane, Delaunay)
Info    : [ 20%] Meshing surface 65 (Plane, Delaunay)
Info    : [ 20%] Meshing surface 66 (Plane, Delaunay)
Info    : [ 20%] Meshing surface 67 (Plane, Delaunay)
Info    : [ 20%] Meshing surface 68 (Plane, Delaunay)
Info    : [ 20%] Meshing surface 69 (Plane, Delaunay)
Info    : [ 20%] Meshing surface 70 (Plane, Delaunay)
Info    : [ 30%] Meshing surface 71 (Plane, Delaunay)
Info    : [ 30%] Meshing surface 72 (Plane, Delaunay)
Info    : [ 30%] Meshing surface 73 (Plane, Delaunay)
Info    : [ 30%] Meshing surface 74 (Plane, Delaunay)
Info    : [ 30%] Meshing surface 75 (Plane, Delaunay)
Info    : [ 30%] Meshing surface 76 (Plane, Delaunay)
Info    : [ 30%] Meshing surface 173 (Plane, Delaunay)
Info    : [ 30%] Meshing surface 174 (Plane, Delaunay)
Info    : [ 30%] Meshing surface 175 (Plane, Delaunay)
Info    : [ 30%] Meshing surface 177 (Plane, Delaunay)
Info    : [ 30%] Meshing surface 178 (Plane, Delaunay)
Info    : [ 30%] Meshing surface 179 (Plane, Delaunay)
Info    : [ 30%] Meshing surface 180 (Plane, Delaunay)
Info    : [ 30%] Meshing surface 181 (Plane, Delaunay)
Info    : [ 40%] Meshing surface 182 (Plane, Delaunay)
Info    : [ 40%] Meshing surface 183 (Plane, Delaunay)
Info    : [ 40%] Meshing surface 184 (Plane, Delaunay)
Info    : [ 40%] Meshing surface 185 (Plane, Delaunay)
Info    : [ 40%] Meshing surface 186 (Plane, Delaunay)
Info    : [ 40%] Meshing surface 187 (Plane, Delaunay)
Info    : [ 40%] Meshing surface 188 (Plane, Delaunay)
Info    : [ 40%] Meshing surface 189 (Plane, Delaunay)
Info    : [ 40%] Meshing surface 191 (Plane, Delaunay)
Info    : [ 40%] Meshing surface 192 (Plane, Delaunay)
Info    : [ 40%] Meshing surface 193 (Plane, Delaunay)
Info    : [ 40%] Meshing surface 194 (Plane, Delaunay)
Info    : [ 40%] Meshing surface 195 (Plane, Delaunay)
Info    : [ 40%] Meshing surface 196 (Plane, Delaunay)
Info    : [ 50%] Meshing surface 197 (Plane, Delaunay)
Info    : [ 50%] Meshing surface 198 (Plane, Delaunay)
Info    : [ 50%] Meshing surface 199 (Plane, Delaunay)
Info    : [ 50%] Meshing surface 200 (Plane, Delaunay)
Info    : [ 50%] Meshing surface 201 (Plane, Delaunay)
Info    : [ 50%] Meshing surface 202 (Plane, Delaunay)
Info    : [ 50%] Meshing surface 203 (Plane, Delaunay)
Info    : [ 50%] Meshing surface 204 (Plane, Delaunay)
Info    : [ 50%] Meshing surface 205 (Plane, Delaunay)
Info    : [ 50%] Meshing surface 206 (Plane, Delaunay)
Info    : [ 50%] Meshing surface 207 (Plane, Delaunay)
Info    : [ 50%] Meshing surface 208 (Plane, Delaunay)
Info    : [ 50%] Meshing surface 209 (Plane, Delaunay)
Info    : [ 50%] Meshing surface 210 (Plane, Delaunay)
Info    : [ 50%] Meshing surface 211 (Plane, Delaunay)
Info    : [ 60%] Meshing surface 212 (Plane, Delaunay)
Info    : [ 60%] Meshing surface 213 (Plane, Delaunay)
Info    : [ 60%] Meshing surface 214 (Plane, Delaunay)
Info    : [ 60%] Meshing surface 215 (Plane, Delaunay)
Info    : [ 60%] Meshing surface 216 (Plane, Delaunay)
Info    : [ 60%] Meshing surface 217 (Plane, Delaunay)
Info    : [ 60%] Meshing surface 218 (Plane, Delaunay)
Info    : [ 60%] Meshing surface 219 (Plane, Delaunay)
Info    : [ 60%] Meshing surface 220 (Plane, Delaunay)
Info    : [ 60%] Meshing surface 221 (Plane, Delaunay)
Info    : [ 60%] Meshing surface 222 (Plane, Delaunay)
Info    : [ 60%] Meshing surface 223 (Plane, Delaunay)
Info    : [ 60%] Meshing surface 225 (Plane, Delaunay)
Info    : [ 60%] Meshing surface 226 (Plane, Delaunay)
Info    : [ 70%] Meshing surface 227 (Plane, Delaunay)
Info    : [ 70%] Meshing surface 228 (Plane, Delaunay)
Info    : [ 70%] Meshing surface 229 (Plane, Delaunay)
Info    : [ 70%] Meshing surface 230 (Plane, Delaunay)
Info    : [ 70%] Meshing surface 231 (Plane, Delaunay)
Info    : [ 70%] Meshing surface 232 (Plane, Delaunay)
Info    : [ 70%] Meshing surface 233 (Plane, Delaunay)
Info    : [ 70%] Meshing surface 234 (Plane, Delaunay)
Info    : [ 70%] Meshing surface 235 (Plane, Delaunay)
Info    : [ 70%] Meshing surface 236 (Plane, Delaunay)
Info    : [ 70%] Meshing surface 237 (Plane, Delaunay)
Info    : [ 70%] Meshing surface 238 (Plane, Delaunay)
Info    : [ 70%] Meshing surface 239 (Plane, Delaunay)
Info    : [ 70%] Meshing surface 240 (Plane, Delaunay)
Info    : [ 80%] Meshing surface 241 (Plane, Delaunay)
Info    : [ 80%] Meshing surface 242 (Plane, Delaunay)
Info    : [ 80%] Meshing surface 243 (Plane, Delaunay)
Info    : [ 80%] Meshing surface 244 (Plane, Delaunay)
Info    : [ 80%] Meshing surface 245 (Plane, Delaunay)
Info    : [ 80%] Meshing surface 246 (Plane, Delaunay)
Info    : [ 80%] Meshing surface 247 (Plane, Delaunay)
Info    : [ 80%] Meshing surface 248 (Plane, Delaunay)
Info    : [ 80%] Meshing surface 249 (Plane, Delaunay)
Info    : [ 80%] Meshing surface 250 (Plane, Delaunay)
Info    : [ 80%] Meshing surface 251 (Plane, Delaunay)
Info    : [ 80%] Meshing surface 252 (Plane, Delaunay)
Info    : [ 80%] Meshing surface 253 (Plane, Delaunay)
Info    : [ 80%] Meshing surface 254 (Plane, Delaunay)
Info    : [ 90%] Meshing surface 255 (Plane, Delaunay)
Info    : [ 90%] Meshing surface 256 (Plane, Delaunay)
Info    : [ 90%] Meshing surface 257 (Plane, Delaunay)
Info    : [ 90%] Meshing surface 258 (Plane, Delaunay)
Info    : [ 90%] Meshing surface 259 (Plane, Delaunay)
Info    : [ 90%] Meshing surface 260 (Plane, Delaunay)
Info    : [ 90%] Meshing surface 261 (Plane, Delaunay)
Info    : [ 90%] Meshing surface 262 (Plane, Delaunay)
Info    : [ 90%] Meshing surface 263 (Plane, Delaunay)
Info    : [ 90%] Meshing surface 264 (Plane, Delaunay)
Info    : [ 90%] Meshing surface 265 (Plane, Delaunay)
Info    : [ 90%] Meshing surface 266 (Plane, Delaunay)
Info    : [ 90%] Meshing surface 267 (Plane, Delaunay)
Info    : [ 90%] Meshing surface 268 (Plane, Delaunay)
Info    : [100%] Meshing surface 269 (Plane, Delaunay)
Info    : [100%] Meshing surface 270 (Plane, Delaunay)
Info    : [100%] Meshing surface 271 (Plane, Delaunay)
Info    : [100%] Meshing surface 272 (Plane, Delaunay)
Info    : [100%] Meshing surface 273 (Plane, Delaunay)
Info    : [100%] Meshing surface 274 (Plane, Delaunay)
Info    : [100%] Meshing surface 275 (Plane, Delaunay)
Info    : [100%] Meshing surface 276 (Plane, Delaunay)
Info    : [100%] Meshing surface 277 (Plane, Delaunay)
Info    : [100%] Meshing surface 278 (Plane, Delaunay)
Info    : [100%] Meshing surface 279 (Plane, Delaunay)
Info    : [100%] Meshing surface 280 (Plane, Delaunay)
Info    : [100%] Meshing surface 281 (Plane, Delaunay)
Info    : [100%] Meshing surface 282 (Plane, Delaunay)
Info    : Done meshing 2D (Wall 0.344379s, CPU 0.341108s)
Info    : Meshing 3D...
Info    : 3D Meshing 16 volumes with 1 connected component
Info    : Tetrahedrizing 2739 nodes...
Info    : Done tetrahedrizing 2747 nodes (Wall 0.0293279s, CPU 0.025478s)
Info    : Reconstructing mesh...
Info    :  - Creating surface mesh
Info    :  - Identifying boundary edges
Info    :  - Recovering boundary
Info    :  - Added 12 Steiner points
Info    : Done reconstructing mesh (Wall 0.0843228s, CPU 0.080403s)
Info    : Found volume 23
Info    : Found volume 27
Info    : Found volume 28
Info    : Found volume 26
Info    : Found volume 9
Info    : Found volume 30
Info    : Found volume 29
Info    : Found volume 7
Info    : Found volume 6
Info    : Found volume 24
Info    : Found volume 25
Info    : Found volume 8
Info    : Found volume 31
Info    : Found volume 11
Info    : Found volume 10
Info    : Found volume 12
Info    : It. 0 - 0 nodes created - worst tet radius 17.0832 (nodes removed 0 0)
Info    : It. 500 - 15 nodes created - worst tet radius 1.90793 (nodes removed 0 485)
Info    : It. 1000 - 118 nodes created - worst tet radius 1.16595 (nodes removed 0 882)
Info    : 3D refinement terminated (3009 nodes total):
Info    :  - 1 Delaunay cavities modified for star shapeness
Info    :  - 1181 nodes could not be inserted
Info    :  - 17641 tetrahedra created in 0.0645254 sec. (273396 tets/s)
Info    : 215 node relocations
Info    : Done meshing 3D (Wall 0.291264s, CPU 0.287165s)
Info    : Optimizing mesh...
Info    : Optimizing volume 6
Info    : Optimization starts (volume = 144) with worst = 0.125314 / average = 0.528626:
Info    : 0.00 < quality < 0.10 :         0 elements
Info    : 0.10 < quality < 0.20 :         2 elements
Info    : 0.20 < quality < 0.30 :        35 elements
Info    : 0.30 < quality < 0.40 :         8 elements
Info    : 0.40 < quality < 0.50 :        45 elements
Info    : 0.50 < quality < 0.60 :        34 elements
Info    : 0.60 < quality < 0.70 :         4 elements
Info    : 0.70 < quality < 0.80 :        30 elements
Info    : 0.80 < quality < 0.90 :        17 elements
Info    : 0.90 < quality < 1.00 :         2 elements
Info    : 2 edge swaps, 0 node relocations (volume = 144): worst = 0.125314 / average = 0.528326 (Wall 0.000250899s, CPU 0.000252s)
Info    : No ill-shaped tets in the mesh :-)
Info    : 0.00 < quality < 0.10 :         0 elements
Info    : 0.10 < quality < 0.20 :         2 elements
Info    : 0.20 < quality < 0.30 :        35 elements
Info    : 0.30 < quality < 0.40 :         8 elements
Info    : 0.40 < quality < 0.50 :        47 elements
Info    : 0.50 < quality < 0.60 :        32 elements
Info    : 0.60 < quality < 0.70 :         4 elements
Info    : 0.70 < quality < 0.80 :        30 elements
Info    : 0.80 < quality < 0.90 :        17 elements
Info    : 0.90 < quality < 1.00 :         2 elements
Info    : Optimizing volume 7
Info    : Optimization starts (volume = 144) with worst = 0.125314 / average = 0.52824:
Info    : 0.00 < quality < 0.10 :         0 elements
Info    : 0.10 < quality < 0.20 :         2 elements
Info    : 0.20 < quality < 0.30 :        35 elements
Info    : 0.30 < quality < 0.40 :         8 elements
Info    : 0.40 < quality < 0.50 :        45 elements
Info    : 0.50 < quality < 0.60 :        34 elements
Info    : 0.60 < quality < 0.70 :         6 elements
Info    : 0.70 < quality < 0.80 :        27 elements
Info    : 0.80 < quality < 0.90 :        18 elements
Info    : 0.90 < quality < 1.00 :         2 elements
Info    : 2 edge swaps, 0 node relocations (volume = 144): worst = 0.125314 / average = 0.52794 (Wall 0.000170957s, CPU 0.000171s)
Info    : No ill-shaped tets in the mesh :-)
Info    : 0.00 < quality < 0.10 :         0 elements
Info    : 0.10 < quality < 0.20 :         2 elements
Info    : 0.20 < quality < 0.30 :        35 elements
Info    : 0.30 < quality < 0.40 :         8 elements
Info    : 0.40 < quality < 0.50 :        47 elements
Info    : 0.50 < quality < 0.60 :        32 elements
Info    : 0.60 < quality < 0.70 :         6 elements
Info    : 0.70 < quality < 0.80 :        27 elements
Info    : 0.80 < quality < 0.90 :        18 elements
Info    : 0.90 < quality < 1.00 :         2 elements
Info    : Optimizing volume 8
Info    : Optimization starts (volume = 48.544) with worst = 0.177187 / average = 0.605117:
Info    : 0.00 < quality < 0.10 :         0 elements
Info    : 0.10 < quality < 0.20 :         4 elements
Info    : 0.20 < quality < 0.30 :         4 elements
Info    : 0.30 < quality < 0.40 :        12 elements
Info    : 0.40 < quality < 0.50 :        12 elements
Info    : 0.50 < quality < 0.60 :        18 elements
Info    : 0.60 < quality < 0.70 :        18 elements
Info    : 0.70 < quality < 0.80 :        16 elements
Info    : 0.80 < quality < 0.90 :        12 elements
Info    : 0.90 < quality < 1.00 :         8 elements
Info    : 2 edge swaps, 0 node relocations (volume = 48.544): worst = 0.177187 / average = 0.614985 (Wall 6.3459e-05s, CPU 6.4e-05s)
Info    : No ill-shaped tets in the mesh :-)
Info    : 0.00 < quality < 0.10 :         0 elements
Info    : 0.10 < quality < 0.20 :         2 elements
Info    : 0.20 < quality < 0.30 :         4 elements
Info    : 0.30 < quality < 0.40 :        12 elements
Info    : 0.40 < quality < 0.50 :        12 elements
Info    : 0.50 < quality < 0.60 :        18 elements
Info    : 0.60 < quality < 0.70 :        16 elements
Info    : 0.70 < quality < 0.80 :        18 elements
Info    : 0.80 < quality < 0.90 :        12 elements
Info    : 0.90 < quality < 1.00 :         8 elements
Info    : Optimizing volume 9
Info    : Optimization starts (volume = 2.268) with worst = 0.0280207 / average = 0.26468:
Info    : 0.00 < quality < 0.10 :         6 elements
Info    : 0.10 < quality < 0.20 :         0 elements
Info    : 0.20 < quality < 0.30 :         2 elements
Info    : 0.30 < quality < 0.40 :         7 elements
Info    : 0.40 < quality < 0.50 :         0 elements
Info    : 0.50 < quality < 0.60 :         0 elements
Info    : 0.60 < quality < 0.70 :         2 elements
Info    : 0.70 < quality < 0.80 :         0 elements
Info    : 0.80 < quality < 0.90 :         0 elements
Info    : 0.90 < quality < 1.00 :         0 elements
Info    : 2 edge swaps, 0 node relocations (volume = 2.268): worst = 0.0280207 / average = 0.278119 (Wall 7.3994e-05s, CPU 7.4e-05s)
Info    : No ill-shaped tets in the mesh :-)
Info    : 0.00 < quality < 0.10 :         6 elements
Info    : 0.10 < quality < 0.20 :         0 elements
Info    : 0.20 < quality < 0.30 :         4 elements
Info    : 0.30 < quality < 0.40 :         4 elements
Info    : 0.40 < quality < 0.50 :         0 elements
Info    : 0.50 < quality < 0.60 :         2 elements
Info    : 0.60 < quality < 0.70 :         2 elements
Info    : 0.70 < quality < 0.80 :         0 elements
Info    : 0.80 < quality < 0.90 :         0 elements
Info    : 0.90 < quality < 1.00 :         0 elements
Info    : Optimizing volume 10
Info    : Optimization starts (volume = 2.268) with worst = 0.266475 / average = 0.325093:
Info    : 0.00 < quality < 0.10 :         0 elements
Info    : 0.10 < quality < 0.20 :         0 elements
Info    : 0.20 < quality < 0.30 :         4 elements
Info    : 0.30 < quality < 0.40 :         8 elements
Info    : 0.40 < quality < 0.50 :         0 elements
Info    : 0.50 < quality < 0.60 :         0 elements
Info    : 0.60 < quality < 0.70 :         0 elements
Info    : 0.70 < quality < 0.80 :         0 elements
Info    : 0.80 < quality < 0.90 :         0 elements
Info    : 0.90 < quality < 1.00 :         0 elements
Info    : No ill-shaped tets in the mesh :-)
Info    : 0.00 < quality < 0.10 :         0 elements
Info    : 0.10 < quality < 0.20 :         0 elements
Info    : 0.20 < quality < 0.30 :         4 elements
Info    : 0.30 < quality < 0.40 :         8 elements
Info    : 0.40 < quality < 0.50 :         0 elements
Info    : 0.50 < quality < 0.60 :         0 elements
Info    : 0.60 < quality < 0.70 :         0 elements
Info    : 0.70 < quality < 0.80 :         0 elements
Info    : 0.80 < quality < 0.90 :         0 elements
Info    : 0.90 < quality < 1.00 :         0 elements
Info    : Optimizing volume 11
Info    : Optimization starts (volume = 2.268) with worst = 0.266475 / average = 0.325093:
Info    : 0.00 < quality < 0.10 :         0 elements
Info    : 0.10 < quality < 0.20 :         0 elements
Info    : 0.20 < quality < 0.30 :         4 elements
Info    : 0.30 < quality < 0.40 :         8 elements
Info    : 0.40 < quality < 0.50 :         0 elements
Info    : 0.50 < quality < 0.60 :         0 elements
Info    : 0.60 < quality < 0.70 :         0 elements
Info    : 0.70 < quality < 0.80 :         0 elements
Info    : 0.80 < quality < 0.90 :         0 elements
Info    : 0.90 < quality < 1.00 :         0 elements
Info    : No ill-shaped tets in the mesh :-)
Info    : 0.00 < quality < 0.10 :         0 elements
Info    : 0.10 < quality < 0.20 :         0 elements
Info    : 0.20 < quality < 0.30 :         4 elements
Info    : 0.30 < quality < 0.40 :         8 elements
Info    : 0.40 < quality < 0.50 :         0 elements
Info    : 0.50 < quality < 0.60 :         0 elements
Info    : 0.60 < quality < 0.70 :         0 elements
Info    : 0.70 < quality < 0.80 :         0 elements
Info    : 0.80 < quality < 0.90 :         0 elements
Info    : 0.90 < quality < 1.00 :         0 elements
Info    : Optimizing volume 12
Info    : Optimization starts (volume = 2.268) with worst = 0.266475 / average = 0.325093:
Info    : 0.00 < quality < 0.10 :         0 elements
Info    : 0.10 < quality < 0.20 :         0 elements
Info    : 0.20 < quality < 0.30 :         4 elements
Info    : 0.30 < quality < 0.40 :         8 elements
Info    : 0.40 < quality < 0.50 :         0 elements
Info    : 0.50 < quality < 0.60 :         0 elements
Info    : 0.60 < quality < 0.70 :         0 elements
Info    : 0.70 < quality < 0.80 :         0 elements
Info    : 0.80 < quality < 0.90 :         0 elements
Info    : 0.90 < quality < 1.00 :         0 elements
Info    : No ill-shaped tets in the mesh :-)
Info    : 0.00 < quality < 0.10 :         0 elements
Info    : 0.10 < quality < 0.20 :         0 elements
Info    : 0.20 < quality < 0.30 :         4 elements
Info    : 0.30 < quality < 0.40 :         8 elements
Info    : 0.40 < quality < 0.50 :         0 elements
Info    : 0.50 < quality < 0.60 :         0 elements
Info    : 0.60 < quality < 0.70 :         0 elements
Info    : 0.70 < quality < 0.80 :         0 elements
Info    : 0.80 < quality < 0.90 :         0 elements
Info    : 0.90 < quality < 1.00 :         0 elements
Info    : Optimizing volume 23
Info    : Optimization starts (volume = 2333.25) with worst = 0.000152197 / average = 0.178165:
Info    : 0.00 < quality < 0.10 :        55 elements
Info    : 0.10 < quality < 0.20 :      1337 elements
Info    : 0.20 < quality < 0.30 :        35 elements
Info    : 0.30 < quality < 0.40 :         4 elements
Info    : 0.40 < quality < 0.50 :         2 elements
Info    : 0.50 < quality < 0.60 :         0 elements
Info    : 0.60 < quality < 0.70 :         0 elements
Info    : 0.70 < quality < 0.80 :         0 elements
Info    : 0.80 < quality < 0.90 :         0 elements
Info    : 0.90 < quality < 1.00 :         0 elements
Info    : 119 edge swaps, 13 node relocations (volume = 2333.25): worst = 0.00569729 / average = 0.179232 (Wall 0.00712868s, CPU 0.007124s)
Info    : 122 edge swaps, 25 node relocations (volume = 2333.25): worst = 0.00569729 / average = 0.179226 (Wall 0.0186523s, CPU 0.018645s)
Info    : No ill-shaped tets in the mesh :-)
Info    : 0.00 < quality < 0.10 :        43 elements
Info    : 0.10 < quality < 0.20 :      1325 elements
Info    : 0.20 < quality < 0.30 :        36 elements
Info    : 0.30 < quality < 0.40 :         4 elements
Info    : 0.40 < quality < 0.50 :         1 elements
Info    : 0.50 < quality < 0.60 :         0 elements
Info    : 0.60 < quality < 0.70 :         0 elements
Info    : 0.70 < quality < 0.80 :         0 elements
Info    : 0.80 < quality < 0.90 :         0 elements
Info    : 0.90 < quality < 1.00 :         0 elements
Info    : Optimizing volume 24
Info    : Optimization starts (volume = 1755.08) with worst = 0.126807 / average = 0.733882:
Info    : 0.00 < quality < 0.10 :         0 elements
Info    : 0.10 < quality < 0.20 :         3 elements
Info    : 0.20 < quality < 0.30 :        13 elements
Info    : 0.30 < quality < 0.40 :         8 elements
Info    : 0.40 < quality < 0.50 :        21 elements
Info    : 0.50 < quality < 0.60 :       236 elements
Info    : 0.60 < quality < 0.70 :        41 elements
Info    : 0.70 < quality < 0.80 :       122 elements
Info    : 0.80 < quality < 0.90 :       179 elements
Info    : 0.90 < quality < 1.00 :       197 elements
Info    : 3 edge swaps, 0 node relocations (volume = 1755.08): worst = 0.126807 / average = 0.735277 (Wall 0.000324919s, CPU 0.000328s)
Info    : 4 edge swaps, 0 node relocations (volume = 1755.08): worst = 0.126807 / average = 0.735267 (Wall 0.000468763s, CPU 0.000474s)
Info    : No ill-shaped tets in the mesh :-)
Info    : 0.00 < quality < 0.10 :         0 elements
Info    : 0.10 < quality < 0.20 :         3 elements
Info    : 0.20 < quality < 0.30 :        10 elements
Info    : 0.30 < quality < 0.40 :         7 elements
Info    : 0.40 < quality < 0.50 :        21 elements
Info    : 0.50 < quality < 0.60 :       237 elements
Info    : 0.60 < quality < 0.70 :        41 elements
Info    : 0.70 < quality < 0.80 :       122 elements
Info    : 0.80 < quality < 0.90 :       178 elements
Info    : 0.90 < quality < 1.00 :       198 elements
Info    : Optimizing volume 25
Info    : Optimization starts (volume = 511.723) with worst = 0.0782232 / average = 0.667999:
Info    : 0.00 < quality < 0.10 :         1 elements
Info    : 0.10 < quality < 0.20 :         4 elements
Info    : 0.20 < quality < 0.30 :         8 elements
Info    : 0.30 < quality < 0.40 :         9 elements
Info    : 0.40 < quality < 0.50 :        15 elements
Info    : 0.50 < quality < 0.60 :        74 elements
Info    : 0.60 < quality < 0.70 :        37 elements
Info    : 0.70 < quality < 0.80 :        47 elements
Info    : 0.80 < quality < 0.90 :        62 elements
Info    : 0.90 < quality < 1.00 :        24 elements
Info    : 3 edge swaps, 0 node relocations (volume = 511.723): worst = 0.132014 / average = 0.674378 (Wall 0.000148805s, CPU 0.000149s)
Info    : No ill-shaped tets in the mesh :-)
Info    : 0.00 < quality < 0.10 :         0 elements
Info    : 0.10 < quality < 0.20 :         3 elements
Info    : 0.20 < quality < 0.30 :         7 elements
Info    : 0.30 < quality < 0.40 :         8 elements
Info    : 0.40 < quality < 0.50 :        15 elements
Info    : 0.50 < quality < 0.60 :        75 elements
Info    : 0.60 < quality < 0.70 :        37 elements
Info    : 0.70 < quality < 0.80 :        47 elements
Info    : 0.80 < quality < 0.90 :        60 elements
Info    : 0.90 < quality < 1.00 :        26 elements
Info    : Optimizing volume 26
Info    : Optimization starts (volume = 1.23087e+07) with worst = 0.0762967 / average = 0.618512:
Info    : 0.00 < quality < 0.10 :         2 elements
Info    : 0.10 < quality < 0.20 :        10 elements
Info    : 0.20 < quality < 0.30 :        21 elements
Info    : 0.30 < quality < 0.40 :        62 elements
Info    : 0.40 < quality < 0.50 :       147 elements
Info    : 0.50 < quality < 0.60 :       226 elements
Info    : 0.60 < quality < 0.70 :       236 elements
Info    : 0.70 < quality < 0.80 :       157 elements
Info    : 0.80 < quality < 0.90 :       111 elements
Info    : 0.90 < quality < 1.00 :        45 elements
Info    : 26 edge swaps, 1 node relocations (volume = 1.23087e+07): worst = 0.278071 / average = 0.628315 (Wall 0.00065032s, CPU 0.00065s)
Info    : 27 edge swaps, 1 node relocations (volume = 1.23087e+07): worst = 0.278071 / average = 0.628774 (Wall 0.000795297s, CPU 0.000797s)
Info    : No ill-shaped tets in the mesh :-)
Info    : 0.00 < quality < 0.10 :         0 elements
Info    : 0.10 < quality < 0.20 :         0 elements
Info    : 0.20 < quality < 0.30 :         3 elements
Info    : 0.30 < quality < 0.40 :        71 elements
Info    : 0.40 < quality < 0.50 :       145 elements
Info    : 0.50 < quality < 0.60 :       228 elements
Info    : 0.60 < quality < 0.70 :       237 elements
Info    : 0.70 < quality < 0.80 :       155 elements
Info    : 0.80 < quality < 0.90 :       112 elements
Info    : 0.90 < quality < 1.00 :        46 elements
Info    : Optimizing volume 27
Info    : Optimization starts (volume = 24617.5) with worst = 0.00107428 / average = 0.035454:
Info    : 0.00 < quality < 0.10 :      1191 elements
Info    : 0.10 < quality < 0.20 :        83 elements
Info    : 0.20 < quality < 0.30 :         2 elements
Info    : 0.30 < quality < 0.40 :         0 elements
Info    : 0.40 < quality < 0.50 :         0 elements
Info    : 0.50 < quality < 0.60 :         0 elements
Info    : 0.60 < quality < 0.70 :         0 elements
Info    : 0.70 < quality < 0.80 :         0 elements
Info    : 0.80 < quality < 0.90 :         0 elements
Info    : 0.90 < quality < 1.00 :         0 elements
Info    : 180 edge swaps, 0 node relocations (volume = 24617.5): worst = 0.00115153 / average = 0.034418 (Wall 0.00914026s, CPU 0.00914s)
Info    : 188 edge swaps, 0 node relocations (volume = 24617.5): worst = 0.00115153 / average = 0.0344984 (Wall 0.0196901s, CPU 0.019693s)
Info    : No ill-shaped tets in the mesh :-)
Info    : 0.00 < quality < 0.10 :      1129 elements
Info    : 0.10 < quality < 0.20 :        59 elements
Info    : 0.20 < quality < 0.30 :         2 elements
Info    : 0.30 < quality < 0.40 :         0 elements
Info    : 0.40 < quality < 0.50 :         0 elements
Info    : 0.50 < quality < 0.60 :         0 elements
Info    : 0.60 < quality < 0.70 :         0 elements
Info    : 0.70 < quality < 0.80 :         0 elements
Info    : 0.80 < quality < 0.90 :         0 elements
Info    : 0.90 < quality < 1.00 :         0 elements
Info    : Optimizing volume 28
Info    : Optimization starts (volume = 963155) with worst = 0.000142559 / average = 0.461434:
Info    : 0.00 < quality < 0.10 :       240 elements
Info    : 0.10 < quality < 0.20 :      1078 elements
Info    : 0.20 < quality < 0.30 :       969 elements
Info    : 0.30 < quality < 0.40 :      1253 elements
Info    : 0.40 < quality < 0.50 :      1067 elements
Info    : 0.50 < quality < 0.60 :      1167 elements
Info    : 0.60 < quality < 0.70 :       803 elements
Info    : 0.70 < quality < 0.80 :       756 elements
Info    : 0.80 < quality < 0.90 :       587 elements
Info    : 0.90 < quality < 1.00 :       190 elements
Info    : 443 edge swaps, 41 node relocations (volume = 963155): worst = 0.0133355 / average = 0.475851 (Wall 0.0281552s, CPU 0.028148s)
Info    : 484 edge swaps, 52 node relocations (volume = 963155): worst = 0.0180255 / average = 0.476296 (Wall 0.0486773s, CPU 0.048668s)
Info    : 491 edge swaps, 53 node relocations (volume = 963155): worst = 0.0180255 / average = 0.476445 (Wall 0.0705104s, CPU 0.070497s)
Info    : No ill-shaped tets in the mesh :-)
Info    : 0.00 < quality < 0.10 :       109 elements
Info    : 0.10 < quality < 0.20 :       979 elements
Info    : 0.20 < quality < 0.30 :       817 elements
Info    : 0.30 < quality < 0.40 :      1271 elements
Info    : 0.40 < quality < 0.50 :      1069 elements
Info    : 0.50 < quality < 0.60 :      1187 elements
Info    : 0.60 < quality < 0.70 :       798 elements
Info    : 0.70 < quality < 0.80 :       775 elements
Info    : 0.80 < quality < 0.90 :       595 elements
Info    : 0.90 < quality < 1.00 :       177 elements
Info    : Optimizing volume 29
Info    : Optimization starts (volume = 230789) with worst = 0.0391445 / average = 0.520243:
Info    : 0.00 < quality < 0.10 :        14 elements
Info    : 0.10 < quality < 0.20 :       109 elements
Info    : 0.20 < quality < 0.30 :       209 elements
Info    : 0.30 < quality < 0.40 :       238 elements
Info    : 0.40 < quality < 0.50 :       287 elements
Info    : 0.50 < quality < 0.60 :       352 elements
Info    : 0.60 < quality < 0.70 :       381 elements
Info    : 0.70 < quality < 0.80 :       303 elements
Info    : 0.80 < quality < 0.90 :        88 elements
Info    : 0.90 < quality < 1.00 :         8 elements
Info    : 92 edge swaps, 0 node relocations (volume = 230789): worst = 0.0887536 / average = 0.530669 (Wall 0.00278997s, CPU 0.00279s)
Info    : 94 edge swaps, 0 node relocations (volume = 230789): worst = 0.0887536 / average = 0.530316 (Wall 0.00457267s, CPU 0.004575s)
Info    : No ill-shaped tets in the mesh :-)
Info    : 0.00 < quality < 0.10 :         4 elements
Info    : 0.10 < quality < 0.20 :        76 elements
Info    : 0.20 < quality < 0.30 :       184 elements
Info    : 0.30 < quality < 0.40 :       253 elements
Info    : 0.40 < quality < 0.50 :       270 elements
Info    : 0.50 < quality < 0.60 :       357 elements
Info    : 0.60 < quality < 0.70 :       376 elements
Info    : 0.70 < quality < 0.80 :       300 elements
Info    : 0.80 < quality < 0.90 :        91 elements
Info    : 0.90 < quality < 1.00 :         8 elements
Info    : Optimizing volume 30
Info    : Optimization starts (volume = 1.10779e+07) with worst = 0.0374179 / average = 0.594026:
Info    : 0.00 < quality < 0.10 :         5 elements
Info    : 0.10 < quality < 0.20 :        13 elements
Info    : 0.20 < quality < 0.30 :        28 elements
Info    : 0.30 < quality < 0.40 :        87 elements
Info    : 0.40 < quality < 0.50 :       221 elements
Info    : 0.50 < quality < 0.60 :       299 elements
Info    : 0.60 < quality < 0.70 :       261 elements
Info    : 0.70 < quality < 0.80 :       221 elements
Info    : 0.80 < quality < 0.90 :        94 elements
Info    : 0.90 < quality < 1.00 :        32 elements
Info    : 39 edge swaps, 2 node relocations (volume = 1.10779e+07): worst = 0.113866 / average = 0.605097 (Wall 0.000631826s, CPU 0.000632s)
Info    : 44 edge swaps, 2 node relocations (volume = 1.10779e+07): worst = 0.265334 / average = 0.606246 (Wall 0.000851885s, CPU 0.000853s)
Info    : No ill-shaped tets in the mesh :-)
Info    : 0.00 < quality < 0.10 :         0 elements
Info    : 0.10 < quality < 0.20 :         0 elements
Info    : 0.20 < quality < 0.30 :         2 elements
Info    : 0.30 < quality < 0.40 :        95 elements
Info    : 0.40 < quality < 0.50 :       215 elements
Info    : 0.50 < quality < 0.60 :       319 elements
Info    : 0.60 < quality < 0.70 :       254 elements
Info    : 0.70 < quality < 0.80 :       218 elements
Info    : 0.80 < quality < 0.90 :        95 elements
Info    : 0.90 < quality < 1.00 :        31 elements
Info    : Optimizing volume 31
Info    : Optimization starts (volume = 3.59552e+07) with worst = 0.00480852 / average = 0.563895:
Info    : 0.00 < quality < 0.10 :        91 elements
Info    : 0.10 < quality < 0.20 :        28 elements
Info    : 0.20 < quality < 0.30 :        26 elements
Info    : 0.30 < quality < 0.40 :        67 elements
Info    : 0.40 < quality < 0.50 :        71 elements
Info    : 0.50 < quality < 0.60 :       119 elements
Info    : 0.60 < quality < 0.70 :       212 elements
Info    : 0.70 < quality < 0.80 :       212 elements
Info    : 0.80 < quality < 0.90 :       107 elements
Info    : 0.90 < quality < 1.00 :        10 elements
Info    : 34 edge swaps, 0 node relocations (volume = 3.59552e+07): worst = 0.00745075 / average = 0.573602 (Wall 0.00196911s, CPU 0.001994s)
Info    : 36 edge swaps, 0 node relocations (volume = 3.59552e+07): worst = 0.00745075 / average = 0.574812 (Wall 0.00326415s, CPU 0.00329s)
Info    : No ill-shaped tets in the mesh :-)
Info    : 0.00 < quality < 0.10 :        81 elements
Info    : 0.10 < quality < 0.20 :        26 elements
Info    : 0.20 < quality < 0.30 :        12 elements
Info    : 0.30 < quality < 0.40 :        67 elements
Info    : 0.40 < quality < 0.50 :        73 elements
Info    : 0.50 < quality < 0.60 :       121 elements
Info    : 0.60 < quality < 0.70 :       212 elements
Info    : 0.70 < quality < 0.80 :       216 elements
Info    : 0.80 < quality < 0.90 :       101 elements
Info    : 0.90 < quality < 1.00 :        12 elements
Info    : Done optimizing mesh (Wall 0.150291s, CPU 0.15027s)
Info    : 3009 nodes 24077 elements
Info    : Writing '/foss/designs/inductor_synth/palace_model/inductor2_N2_do64.04_w3_s2.01_data/inductor2_N2_do64.04_w3_s2.01.msh'...
Info    : Done writing '/foss/designs/inductor_synth/palace_model/inductor2_N2_do64.04_w3_s2.01_data/inductor2_N2_do64.04_w3_s2.01.msh'
Info    : Clearing all models and views...
Info    : Done clearing all models and views
Info    : Meshing 1D...
Info    : [  0%] Meshing curve 64 (Line)
Info    : [ 10%] Meshing curve 65 (Line)
Info    : [ 10%] Meshing curve 67 (Line)
Info    : [ 10%] Meshing curve 69 (Line)
Info    : [ 10%] Meshing curve 70 (Line)
Info    : [ 10%] Meshing curve 71 (Line)
Info    : [ 10%] Meshing curve 72 (Line)
Info    : [ 10%] Meshing curve 76 (Line)
Info    : [ 10%] Meshing curve 77 (Line)
Info    : [ 10%] Meshing curve 79 (Line)
Info    : [ 10%] Meshing curve 81 (Line)
Info    : [ 10%] Meshing curve 82 (Line)
Info    : [ 10%] Meshing curve 83 (Line)
Info    : [ 10%] Meshing curve 84 (Line)
Info    : [ 10%] Meshing curve 85 (Line)
Info    : [ 10%] Meshing curve 86 (Line)
Info    : [ 10%] Meshing curve 87 (Line)
Info    : [ 10%] Meshing curve 88 (Line)
Info    : [ 10%] Meshing curve 89 (Line)
Info    : [ 10%] Meshing curve 90 (Line)
Info    : [ 10%] Meshing curve 91 (Line)
Info    : [ 10%] Meshing curve 92 (Line)
Info    : [ 10%] Meshing curve 93 (Line)
Info    : [ 10%] Meshing curve 94 (Line)
Info    : [ 10%] Meshing curve 95 (Line)
Info    : [ 10%] Meshing curve 96 (Line)
Info    : [ 10%] Meshing curve 97 (Line)
Info    : [ 10%] Meshing curve 98 (Line)
Info    : [ 10%] Meshing curve 99 (Line)
Info    : [ 10%] Meshing curve 100 (Line)
Info    : [ 10%] Meshing curve 101 (Line)
Info    : [ 10%] Meshing curve 102 (Line)
Info    : [ 10%] Meshing curve 103 (Line)
Info    : [ 20%] Meshing curve 104 (Line)
Info    : [ 20%] Meshing curve 105 (Line)
Info    : [ 20%] Meshing curve 106 (Line)
Info    : [ 20%] Meshing curve 107 (Line)
Info    : [ 20%] Meshing curve 108 (Line)
Info    : [ 20%] Meshing curve 109 (Line)
Info    : [ 20%] Meshing curve 110 (Line)
Info    : [ 20%] Meshing curve 111 (Line)
Info    : [ 20%] Meshing curve 112 (Line)
Info    : [ 20%] Meshing curve 113 (Line)
Info    : [ 20%] Meshing curve 114 (Line)
Info    : [ 20%] Meshing curve 115 (Line)
Info    : [ 20%] Meshing curve 116 (Line)
Info    : [ 20%] Meshing curve 117 (Line)
Info    : [ 20%] Meshing curve 118 (Line)
Info    : [ 20%] Meshing curve 119 (Line)
Info    : [ 20%] Meshing curve 120 (Line)
Info    : [ 20%] Meshing curve 121 (Line)
Info    : [ 20%] Meshing curve 122 (Line)
Info    : [ 20%] Meshing curve 123 (Line)
Info    : [ 20%] Meshing curve 124 (Line)
Info    : [ 20%] Meshing curve 125 (Line)
Info    : [ 20%] Meshing curve 126 (Line)
Info    : [ 20%] Meshing curve 127 (Line)
Info    : [ 20%] Meshing curve 128 (Line)
Info    : [ 20%] Meshing curve 129 (Line)
Info    : [ 20%] Meshing curve 130 (Line)
Info    : [ 20%] Meshing curve 131 (Line)
Info    : [ 20%] Meshing curve 132 (Line)
Info    : [ 20%] Meshing curve 133 (Line)
Info    : [ 20%] Meshing curve 134 (Line)
Info    : [ 20%] Meshing curve 135 (Line)
Info    : [ 20%] Meshing curve 136 (Line)
Info    : [ 30%] Meshing curve 137 (Line)
Info    : [ 30%] Meshing curve 138 (Line)
Info    : [ 30%] Meshing curve 139 (Line)
Info    : [ 30%] Meshing curve 140 (Line)
Info    : [ 30%] Meshing curve 141 (Line)
Info    : [ 30%] Meshing curve 142 (Line)
Info    : [ 30%] Meshing curve 143 (Line)
Info    : [ 30%] Meshing curve 144 (Line)
Info    : [ 30%] Meshing curve 145 (Line)
Info    : [ 30%] Meshing curve 146 (Line)
Info    : [ 30%] Meshing curve 147 (Line)
Info    : [ 30%] Meshing curve 148 (Line)
Info    : [ 30%] Meshing curve 149 (Line)
Info    : [ 30%] Meshing curve 150 (Line)
Info    : [ 30%] Meshing curve 151 (Line)
Info    : [ 30%] Meshing curve 152 (Line)
Info    : [ 30%] Meshing curve 153 (Line)
Info    : [ 30%] Meshing curve 154 (Line)
Info    : [ 30%] Meshing curve 155 (Line)
Info    : [ 30%] Meshing curve 156 (Line)
Info    : [ 30%] Meshing curve 385 (Line)
Info    : [ 30%] Meshing curve 386 (Line)
Info    : [ 30%] Meshing curve 387 (Line)
Info    : [ 30%] Meshing curve 388 (Line)
Info    : [ 30%] Meshing curve 389 (Line)
Info    : [ 30%] Meshing curve 390 (Line)
Info    : [ 30%] Meshing curve 391 (Line)
Info    : [ 30%] Meshing curve 392 (Line)
Info    : [ 30%] Meshing curve 393 (Line)
Info    : [ 30%] Meshing curve 394 (Line)
Info    : [ 30%] Meshing curve 395 (Line)
Info    : [ 30%] Meshing curve 396 (Line)
Info    : [ 40%] Meshing curve 397 (TrimmedCurve)
Info    : [ 40%] Meshing curve 398 (Line)
Info    : [ 40%] Meshing curve 399 (TrimmedCurve)
Info    : [ 40%] Meshing curve 400 (Line)
Info    : [ 40%] Meshing curve 401 (Line)
Info    : [ 40%] Meshing curve 402 (Line)
Info    : [ 40%] Meshing curve 403 (Line)
Info    : [ 40%] Meshing curve 404 (Line)
Info    : [ 40%] Meshing curve 405 (Line)
Info    : [ 40%] Meshing curve 406 (Line)
Info    : [ 40%] Meshing curve 407 (Line)
Info    : [ 40%] Meshing curve 408 (TrimmedCurve)
Info    : [ 40%] Meshing curve 409 (Line)
Info    : [ 40%] Meshing curve 410 (TrimmedCurve)
Info    : [ 40%] Meshing curve 411 (Line)
Info    : [ 40%] Meshing curve 412 (Line)
Info    : [ 40%] Meshing curve 413 (Line)
Info    : [ 40%] Meshing curve 414 (Line)
Info    : [ 40%] Meshing curve 415 (Line)
Info    : [ 40%] Meshing curve 416 (Line)
Info    : [ 40%] Meshing curve 417 (Line)
Info    : [ 40%] Meshing curve 418 (Line)
Info    : [ 40%] Meshing curve 419 (Line)
Info    : [ 40%] Meshing curve 420 (Line)
Info    : [ 40%] Meshing curve 421 (Line)
Info    : [ 40%] Meshing curve 422 (Line)
Info    : [ 40%] Meshing curve 423 (Line)
Info    : [ 40%] Meshing curve 424 (Line)
Info    : [ 40%] Meshing curve 425 (Line)
Info    : [ 40%] Meshing curve 426 (Line)
Info    : [ 40%] Meshing curve 427 (Line)
Info    : [ 40%] Meshing curve 428 (Line)
Info    : [ 40%] Meshing curve 429 (Line)
Info    : [ 50%] Meshing curve 430 (Line)
Info    : [ 50%] Meshing curve 431 (Line)
Info    : [ 50%] Meshing curve 432 (TrimmedCurve)
Info    : [ 50%] Meshing curve 433 (Line)
Info    : [ 50%] Meshing curve 434 (TrimmedCurve)
Info    : [ 50%] Meshing curve 435 (Line)
Info    : [ 50%] Meshing curve 436 (TrimmedCurve)
Info    : [ 50%] Meshing curve 437 (Line)
Info    : [ 50%] Meshing curve 438 (TrimmedCurve)
Info    : [ 50%] Meshing curve 439 (Line)
Info    : [ 50%] Meshing curve 440 (TrimmedCurve)
Info    : [ 50%] Meshing curve 441 (Line)
Info    : [ 50%] Meshing curve 442 (TrimmedCurve)
Info    : [ 50%] Meshing curve 443 (Line)
Info    : [ 50%] Meshing curve 444 (Line)
Info    : [ 50%] Meshing curve 445 (Line)
Info    : [ 50%] Meshing curve 446 (Line)
Info    : [ 50%] Meshing curve 447 (Line)
Info    : [ 50%] Meshing curve 448 (TrimmedCurve)
Info    : [ 50%] Meshing curve 449 (Line)
Info    : [ 50%] Meshing curve 450 (TrimmedCurve)
Info    : [ 50%] Meshing curve 451 (Line)
Info    : [ 50%] Meshing curve 452 (TrimmedCurve)
Info    : [ 50%] Meshing curve 453 (Line)
Info    : [ 50%] Meshing curve 454 (TrimmedCurve)
Info    : [ 50%] Meshing curve 455 (Line)
Info    : [ 50%] Meshing curve 456 (TrimmedCurve)
Info    : [ 50%] Meshing curve 457 (Line)
Info    : [ 50%] Meshing curve 458 (TrimmedCurve)
Info    : [ 50%] Meshing curve 459 (Line)
Info    : [ 50%] Meshing curve 460 (Line)
Info    : [ 50%] Meshing curve 461 (TrimmedCurve)
Info    : [ 50%] Meshing curve 462 (Line)
Info    : [ 60%] Meshing curve 463 (TrimmedCurve)
Info    : [ 60%] Meshing curve 464 (Line)
Info    : [ 60%] Meshing curve 465 (TrimmedCurve)
Info    : [ 60%] Meshing curve 466 (Line)
Info    : [ 60%] Meshing curve 467 (TrimmedCurve)
Info    : [ 60%] Meshing curve 468 (Line)
Info    : [ 60%] Meshing curve 469 (TrimmedCurve)
Info    : [ 60%] Meshing curve 470 (Line)
Info    : [ 60%] Meshing curve 471 (TrimmedCurve)
Info    : [ 60%] Meshing curve 472 (Line)
Info    : [ 60%] Meshing curve 473 (Line)
Info    : [ 60%] Meshing curve 474 (Line)
Info    : [ 60%] Meshing curve 475 (Line)
Info    : [ 60%] Meshing curve 476 (Line)
Info    : [ 60%] Meshing curve 477 (TrimmedCurve)
Info    : [ 60%] Meshing curve 478 (Line)
Info    : [ 60%] Meshing curve 479 (TrimmedCurve)
Info    : [ 60%] Meshing curve 480 (Line)
Info    : [ 60%] Meshing curve 481 (TrimmedCurve)
Info    : [ 60%] Meshing curve 482 (Line)
Info    : [ 60%] Meshing curve 483 (TrimmedCurve)
Info    : [ 60%] Meshing curve 484 (Line)
Info    : [ 60%] Meshing curve 485 (TrimmedCurve)
Info    : [ 60%] Meshing curve 486 (Line)
Info    : [ 60%] Meshing curve 487 (TrimmedCurve)
Info    : [ 60%] Meshing curve 488 (Line)
Info    : [ 60%] Meshing curve 489 (Line)
Info    : [ 60%] Meshing curve 490 (Line)
Info    : [ 60%] Meshing curve 491 (Line)
Info    : [ 60%] Meshing curve 492 (Line)
Info    : [ 60%] Meshing curve 493 (Line)
Info    : [ 60%] Meshing curve 494 (Line)
Info    : [ 70%] Meshing curve 495 (Line)
Info    : [ 70%] Meshing curve 496 (Line)
Info    : [ 70%] Meshing curve 497 (Line)
Info    : [ 70%] Meshing curve 498 (Line)
Info    : [ 70%] Meshing curve 499 (Line)
Info    : [ 70%] Meshing curve 500 (Line)
Info    : [ 70%] Meshing curve 501 (Line)
Info    : [ 70%] Meshing curve 502 (Line)
Info    : [ 70%] Meshing curve 503 (Line)
Info    : [ 70%] Meshing curve 504 (Line)
Info    : [ 70%] Meshing curve 505 (Line)
Info    : [ 70%] Meshing curve 506 (Line)
Info    : [ 70%] Meshing curve 507 (Line)
Info    : [ 70%] Meshing curve 508 (Line)
Info    : [ 70%] Meshing curve 509 (Line)
Info    : [ 70%] Meshing curve 510 (Line)
Info    : [ 70%] Meshing curve 511 (Line)
Info    : [ 70%] Meshing curve 512 (Line)
Info    : [ 70%] Meshing curve 513 (Line)
Info    : [ 70%] Meshing curve 514 (Line)
Info    : [ 70%] Meshing curve 515 (Line)
Info    : [ 70%] Meshing curve 516 (Line)
Info    : [ 70%] Meshing curve 517 (Line)
Info    : [ 70%] Meshing curve 518 (Line)
Info    : [ 70%] Meshing curve 519 (Line)
Info    : [ 70%] Meshing curve 520 (Line)
Info    : [ 70%] Meshing curve 521 (Line)
Info    : [ 70%] Meshing curve 522 (Line)
Info    : [ 70%] Meshing curve 523 (Line)
Info    : [ 70%] Meshing curve 524 (Line)
Info    : [ 70%] Meshing curve 525 (Line)
Info    : [ 70%] Meshing curve 526 (Line)
Info    : [ 70%] Meshing curve 527 (Line)
Info    : [ 80%] Meshing curve 528 (TrimmedCurve)
Info    : [ 80%] Meshing curve 529 (Line)
Info    : [ 80%] Meshing curve 530 (Line)
Info    : [ 80%] Meshing curve 531 (Line)
Info    : [ 80%] Meshing curve 532 (Line)
Info    : [ 80%] Meshing curve 533 (Line)
Info    : [ 80%] Meshing curve 534 (TrimmedCurve)
Info    : [ 80%] Meshing curve 535 (Line)
Info    : [ 80%] Meshing curve 536 (Line)
Info    : [ 80%] Meshing curve 537 (TrimmedCurve)
Info    : [ 80%] Meshing curve 538 (Line)
Info    : [ 80%] Meshing curve 539 (Line)
Info    : [ 80%] Meshing curve 540 (Line)
Info    : [ 80%] Meshing curve 541 (Line)
Info    : [ 80%] Meshing curve 542 (Line)
Info    : [ 80%] Meshing curve 543 (TrimmedCurve)
Info    : [ 80%] Meshing curve 544 (Line)
Info    : [ 80%] Meshing curve 545 (Line)
Info    : [ 80%] Meshing curve 546 (Line)
Info    : [ 80%] Meshing curve 547 (Line)
Info    : [ 80%] Meshing curve 548 (Line)
Info    : [ 80%] Meshing curve 549 (Line)
Info    : [ 80%] Meshing curve 550 (Line)
Info    : [ 80%] Meshing curve 551 (Line)
Info    : [ 80%] Meshing curve 552 (Line)
Info    : [ 80%] Meshing curve 553 (Line)
Info    : [ 80%] Meshing curve 554 (Line)
Info    : [ 80%] Meshing curve 555 (Line)
Info    : [ 80%] Meshing curve 556 (Line)
Info    : [ 80%] Meshing curve 557 (Line)
Info    : [ 80%] Meshing curve 558 (Line)
Info    : [ 80%] Meshing curve 559 (Line)
Info    : [ 90%] Meshing curve 560 (Line)
Info    : [ 90%] Meshing curve 561 (Line)
Info    : [ 90%] Meshing curve 562 (Line)
Info    : [ 90%] Meshing curve 563 (Line)
Info    : [ 90%] Meshing curve 564 (Line)
Info    : [ 90%] Meshing curve 565 (Line)
Info    : [ 90%] Meshing curve 566 (Line)
Info    : [ 90%] Meshing curve 567 (Line)
Info    : [ 90%] Meshing curve 568 (Line)
Info    : [ 90%] Meshing curve 569 (Line)
Info    : [ 90%] Meshing curve 570 (Line)
Info    : [ 90%] Meshing curve 571 (Line)
Info    : [ 90%] Meshing curve 572 (Line)
Info    : [ 90%] Meshing curve 573 (Line)
Info    : [ 90%] Meshing curve 574 (Line)
Info    : [ 90%] Meshing curve 575 (Line)
Info    : [ 90%] Meshing curve 576 (Line)
Info    : [ 90%] Meshing curve 577 (Line)
Info    : [ 90%] Meshing curve 578 (Line)
Info    : [ 90%] Meshing curve 579 (Line)
Info    : [ 90%] Meshing curve 580 (Line)
Info    : [ 90%] Meshing curve 581 (Line)
Info    : [ 90%] Meshing curve 582 (Line)
Info    : [ 90%] Meshing curve 583 (Line)
Info    : [ 90%] Meshing curve 584 (Line)
Info    : [ 90%] Meshing curve 585 (Line)
Info    : [ 90%] Meshing curve 586 (Line)
Info    : [ 90%] Meshing curve 587 (Line)
Info    : [ 90%] Meshing curve 588 (Line)
Info    : [ 90%] Meshing curve 589 (Line)
Info    : [ 90%] Meshing curve 590 (Line)
Info    : [ 90%] Meshing curve 591 (Line)
Info    : [ 90%] Meshing curve 592 (Line)
Info    : [100%] Meshing curve 593 (Line)
Info    : [100%] Meshing curve 594 (Line)
Info    : [100%] Meshing curve 595 (Line)
Info    : [100%] Meshing curve 596 (Line)
Info    : [100%] Meshing curve 597 (Line)
Info    : [100%] Meshing curve 598 (Line)
Info    : [100%] Meshing curve 599 (Line)
Info    : [100%] Meshing curve 600 (Line)
Info    : [100%] Meshing curve 601 (Line)
Info    : [100%] Meshing curve 602 (Line)
Info    : [100%] Meshing curve 603 (Line)
Info    : [100%] Meshing curve 604 (Line)
Info    : [100%] Meshing curve 605 (Line)
Info    : [100%] Meshing curve 606 (Line)
Info    : [100%] Meshing curve 607 (Line)
Info    : [100%] Meshing curve 608 (Line)
Info    : [100%] Meshing curve 609 (Line)
Info    : [100%] Meshing curve 610 (Line)
Info    : [100%] Meshing curve 611 (Line)
Info    : [100%] Meshing curve 612 (Line)
Info    : [100%] Meshing curve 613 (Line)
Info    : [100%] Meshing curve 614 (Line)
Info    : [100%] Meshing curve 615 (Line)
Info    : [100%] Meshing curve 616 (Line)
Info    : [100%] Meshing curve 617 (Line)
Info    : [100%] Meshing curve 618 (Line)
Info    : [100%] Meshing curve 619 (Line)
Info    : [100%] Meshing curve 620 (Line)
Info    : [100%] Meshing curve 621 (Line)
Info    : [100%] Meshing curve 622 (Line)
Info    : [100%] Meshing curve 623 (Line)
Info    : [100%] Meshing curve 624 (Line)
Info    : Done meshing 1D (Wall 1.29638s, CPU 1.29476s)
Info    : Meshing 2D...
Info    : [  0%] Meshing surface 35 (Plane, Delaunay)
Info    : [ 10%] Meshing surface 41 (Plane, Delaunay)
Info    : [ 10%] Meshing surface 43 (Plane, Delaunay)
Info    : [ 10%] Meshing surface 44 (Plane, Delaunay)
Info    : [ 10%] Meshing surface 45 (Plane, Delaunay)
Info    : [ 10%] Meshing surface 46 (Plane, Delaunay)
Info    : [ 10%] Meshing surface 47 (Plane, Delaunay)
Info    : [ 10%] Meshing surface 48 (Plane, Delaunay)
Info    : [ 10%] Meshing surface 49 (Plane, Delaunay)
Info    : [ 10%] Meshing surface 50 (Plane, Delaunay)
Info    : [ 10%] Meshing surface 51 (Plane, Delaunay)
Info    : [ 10%] Meshing surface 53 (Plane, Delaunay)
Info    : [ 10%] Meshing surface 54 (Plane, Delaunay)
Info    : [ 10%] Meshing surface 55 (Plane, Delaunay)
Info    : [ 10%] Meshing surface 56 (Plane, Delaunay)
Info    : [ 20%] Meshing surface 57 (Plane, Delaunay)
Info    : [ 20%] Meshing surface 58 (Plane, Delaunay)
Info    : [ 20%] Meshing surface 59 (Plane, Delaunay)
Info    : [ 20%] Meshing surface 60 (Plane, Delaunay)
Info    : [ 20%] Meshing surface 61 (Plane, Delaunay)
Info    : [ 20%] Meshing surface 62 (Plane, Delaunay)
Info    : [ 20%] Meshing surface 63 (Plane, Delaunay)
Info    : [ 20%] Meshing surface 64 (Plane, Delaunay)
Info    : [ 20%] Meshing surface 65 (Plane, Delaunay)
Info    : [ 20%] Meshing surface 66 (Plane, Delaunay)
Info    : [ 20%] Meshing surface 67 (Plane, Delaunay)
Info    : [ 20%] Meshing surface 68 (Plane, Delaunay)
Info    : [ 20%] Meshing surface 69 (Plane, Delaunay)
Info    : [ 20%] Meshing surface 70 (Plane, Delaunay)
Info    : [ 30%] Meshing surface 71 (Plane, Delaunay)
Info    : [ 30%] Meshing surface 72 (Plane, Delaunay)
Info    : [ 30%] Meshing surface 73 (Plane, Delaunay)
Info    : [ 30%] Meshing surface 74 (Plane, Delaunay)
Info    : [ 30%] Meshing surface 75 (Plane, Delaunay)
Info    : [ 30%] Meshing surface 76 (Plane, Delaunay)
Info    : [ 30%] Meshing surface 173 (Plane, Delaunay)
Info    : [ 30%] Meshing surface 174 (Plane, Delaunay)
Info    : [ 30%] Meshing surface 175 (Plane, Delaunay)
Info    : [ 30%] Meshing surface 177 (Plane, Delaunay)
Info    : [ 30%] Meshing surface 178 (Plane, Delaunay)
Info    : [ 30%] Meshing surface 179 (Plane, Delaunay)
Info    : [ 30%] Meshing surface 180 (Plane, Delaunay)
Info    : [ 30%] Meshing surface 181 (Plane, Delaunay)
Info    : [ 40%] Meshing surface 182 (Plane, Delaunay)
Info    : [ 40%] Meshing surface 183 (Plane, Delaunay)
Info    : [ 40%] Meshing surface 184 (Plane, Delaunay)
Info    : [ 40%] Meshing surface 185 (Plane, Delaunay)
Info    : [ 40%] Meshing surface 186 (Plane, Delaunay)
Info    : [ 40%] Meshing surface 187 (Plane, Delaunay)
Info    : [ 40%] Meshing surface 188 (Plane, Delaunay)
Info    : [ 40%] Meshing surface 189 (Plane, Delaunay)
Info    : [ 40%] Meshing surface 191 (Plane, Delaunay)
Info    : [ 40%] Meshing surface 192 (Plane, Delaunay)
Info    : [ 40%] Meshing surface 193 (Plane, Delaunay)
Info    : [ 40%] Meshing surface 194 (Plane, Delaunay)
Info    : [ 40%] Meshing surface 195 (Plane, Delaunay)
Info    : [ 40%] Meshing surface 196 (Plane, Delaunay)
Info    : [ 50%] Meshing surface 197 (Plane, Delaunay)
Info    : [ 50%] Meshing surface 198 (Plane, Delaunay)
Info    : [ 50%] Meshing surface 199 (Plane, Delaunay)
Info    : [ 50%] Meshing surface 200 (Plane, Delaunay)
Info    : [ 50%] Meshing surface 201 (Plane, Delaunay)
Info    : [ 50%] Meshing surface 202 (Plane, Delaunay)
Info    : [ 50%] Meshing surface 203 (Plane, Delaunay)
Info    : [ 50%] Meshing surface 204 (Plane, Delaunay)
Info    : [ 50%] Meshing surface 205 (Plane, Delaunay)
Info    : [ 50%] Meshing surface 206 (Plane, Delaunay)
Info    : [ 50%] Meshing surface 207 (Plane, Delaunay)
Info    : [ 50%] Meshing surface 208 (Plane, Delaunay)
Info    : [ 50%] Meshing surface 209 (Plane, Delaunay)
Info    : [ 50%] Meshing surface 210 (Plane, Delaunay)
Info    : [ 50%] Meshing surface 211 (Plane, Delaunay)
Info    : [ 60%] Meshing surface 212 (Plane, Delaunay)
Info    : [ 60%] Meshing surface 213 (Plane, Delaunay)
Info    : [ 60%] Meshing surface 214 (Plane, Delaunay)
Info    : [ 60%] Meshing surface 215 (Plane, Delaunay)
Info    : [ 60%] Meshing surface 216 (Plane, Delaunay)
Info    : [ 60%] Meshing surface 217 (Plane, Delaunay)
Info    : [ 60%] Meshing surface 218 (Plane, Delaunay)
Info    : [ 60%] Meshing surface 219 (Plane, Delaunay)
Info    : [ 60%] Meshing surface 220 (Plane, Delaunay)
Info    : [ 60%] Meshing surface 221 (Plane, Delaunay)
Info    : [ 60%] Meshing surface 222 (Plane, Delaunay)
Info    : [ 60%] Meshing surface 223 (Plane, Delaunay)
Info    : [ 60%] Meshing surface 225 (Plane, Delaunay)
Info    : [ 60%] Meshing surface 226 (Plane, Delaunay)
Info    : [ 70%] Meshing surface 227 (Plane, Delaunay)
Info    : [ 70%] Meshing surface 228 (Plane, Delaunay)
Info    : [ 70%] Meshing surface 229 (Plane, Delaunay)
Info    : [ 70%] Meshing surface 230 (Plane, Delaunay)
Info    : [ 70%] Meshing surface 231 (Plane, Delaunay)
Info    : [ 70%] Meshing surface 232 (Plane, Delaunay)
Info    : [ 70%] Meshing surface 233 (Plane, Delaunay)
Info    : [ 70%] Meshing surface 234 (Plane, Delaunay)
Info    : [ 70%] Meshing surface 235 (Plane, Delaunay)
Info    : [ 70%] Meshing surface 236 (Plane, Delaunay)
Info    : [ 70%] Meshing surface 237 (Plane, Delaunay)
Info    : [ 70%] Meshing surface 238 (Plane, Delaunay)
Info    : [ 70%] Meshing surface 239 (Plane, Delaunay)
Info    : [ 70%] Meshing surface 240 (Plane, Delaunay)
Info    : [ 80%] Meshing surface 241 (Plane, Delaunay)
Info    : [ 80%] Meshing surface 242 (Plane, Delaunay)
Info    : [ 80%] Meshing surface 243 (Plane, Delaunay)
Info    : [ 80%] Meshing surface 244 (Plane, Delaunay)
Info    : [ 80%] Meshing surface 245 (Plane, Delaunay)
Info    : [ 80%] Meshing surface 246 (Plane, Delaunay)
Info    : [ 80%] Meshing surface 247 (Plane, Delaunay)
Info    : [ 80%] Meshing surface 248 (Plane, Delaunay)
Info    : [ 80%] Meshing surface 249 (Plane, Delaunay)
Info    : [ 80%] Meshing surface 250 (Plane, Delaunay)
Info    : [ 80%] Meshing surface 251 (Plane, Delaunay)
Info    : [ 80%] Meshing surface 252 (Plane, Delaunay)
Info    : [ 80%] Meshing surface 253 (Plane, Delaunay)
Info    : [ 80%] Meshing surface 254 (Plane, Delaunay)
Info    : [ 90%] Meshing surface 255 (Plane, Delaunay)
Info    : [ 90%] Meshing surface 256 (Plane, Delaunay)
Info    : [ 90%] Meshing surface 257 (Plane, Delaunay)
Info    : [ 90%] Meshing surface 258 (Plane, Delaunay)
Info    : [ 90%] Meshing surface 259 (Plane, Delaunay)
Info    : [ 90%] Meshing surface 260 (Plane, Delaunay)
Info    : [ 90%] Meshing surface 261 (Plane, Delaunay)
Info    : [ 90%] Meshing surface 262 (Plane, Delaunay)
Info    : [ 90%] Meshing surface 263 (Plane, Delaunay)
Info    : [ 90%] Meshing surface 264 (Plane, Delaunay)
Info    : [ 90%] Meshing surface 265 (Plane, Delaunay)
Info    : [ 90%] Meshing surface 266 (Plane, Delaunay)
Info    : [ 90%] Meshing surface 267 (Plane, Delaunay)
Info    : [ 90%] Meshing surface 268 (Plane, Delaunay)
Info    : [100%] Meshing surface 269 (Plane, Delaunay)
Info    : [100%] Meshing surface 270 (Plane, Delaunay)
Info    : [100%] Meshing surface 271 (Plane, Delaunay)
Info    : [100%] Meshing surface 272 (Plane, Delaunay)
Info    : [100%] Meshing surface 273 (Plane, Delaunay)
Info    : [100%] Meshing surface 274 (Plane, Delaunay)
Info    : [100%] Meshing surface 275 (Plane, Delaunay)
Info    : [100%] Meshing surface 276 (Plane, Delaunay)
Info    : [100%] Meshing surface 277 (Plane, Delaunay)
Info    : [100%] Meshing surface 278 (Plane, Delaunay)
Info    : [100%] Meshing surface 279 (Plane, Delaunay)
Info    : [100%] Meshing surface 280 (Plane, Delaunay)
Info    : [100%] Meshing surface 281 (Plane, Delaunay)
Info    : [100%] Meshing surface 282 (Plane, Delaunay)
Info    : Done meshing 2D (Wall 0.365268s, CPU 0.365201s)
Info    : Meshing 3D...
Info    : 3D Meshing 16 volumes with 1 connected component
Info    : Tetrahedrizing 2970 nodes...
Info    : Done tetrahedrizing 2978 nodes (Wall 0.0341924s, CPU 0.034186s)
Info    : Reconstructing mesh...
Info    :  - Creating surface mesh
Info    :  - Identifying boundary edges
Info    :  - Recovering boundary
Info    :  - Added 18 Steiner points
Info    : Done reconstructing mesh (Wall 0.0935104s, CPU 0.09047s)
Info    : Found volume 27
Info    : Found volume 28
Info    : Found volume 23
Info    : Found volume 26
Info    : Found volume 30
Info    : Found volume 29
Info    : Found volume 6
Info    : Found volume 7
Info    : Found volume 25
Info    : Found volume 8
Info    : Found volume 24
Info    : Found volume 31
Info    : Found volume 9
Info    : Found volume 12
Info    : Found volume 10
Info    : Found volume 11
Info    : It. 0 - 0 nodes created - worst tet radius 12.0857 (nodes removed 0 0)
Info    : It. 500 - 3 nodes created - worst tet radius 2.8835 (nodes removed 0 497)
Info    : It. 1000 - 79 nodes created - worst tet radius 1.36236 (nodes removed 0 921)
Info    : It. 1500 - 237 nodes created - worst tet radius 1.04961 (nodes removed 0 1263)
Info    : 3D refinement terminated (3286 nodes total):
Info    :  - 1 Delaunay cavities modified for star shapeness
Info    :  - 1419 nodes could not be inserted
Info    :  - 19309 tetrahedra created in 0.0702487 sec. (274866 tets/s)
Info    : 361 node relocations
Info    : Done meshing 3D (Wall 0.342291s, CPU 0.338768s)
Info    : Optimizing mesh...
Info    : Optimizing volume 6
Info    : Optimization starts (volume = 144) with worst = 0.125314 / average = 0.533178:
Info    : 0.00 < quality < 0.10 :         0 elements
Info    : 0.10 < quality < 0.20 :         2 elements
Info    : 0.20 < quality < 0.30 :        35 elements
Info    : 0.30 < quality < 0.40 :         8 elements
Info    : 0.40 < quality < 0.50 :        41 elements
Info    : 0.50 < quality < 0.60 :        34 elements
Info    : 0.60 < quality < 0.70 :         5 elements
Info    : 0.70 < quality < 0.80 :        28 elements
Info    : 0.80 < quality < 0.90 :        20 elements
Info    : 0.90 < quality < 1.00 :         2 elements
Info    : 2 edge swaps, 0 node relocations (volume = 144): worst = 0.125314 / average = 0.532875 (Wall 0.00015995s, CPU 0.000161s)
Info    : No ill-shaped tets in the mesh :-)
Info    : 0.00 < quality < 0.10 :         0 elements
Info    : 0.10 < quality < 0.20 :         2 elements
Info    : 0.20 < quality < 0.30 :        35 elements
Info    : 0.30 < quality < 0.40 :         8 elements
Info    : 0.40 < quality < 0.50 :        43 elements
Info    : 0.50 < quality < 0.60 :        32 elements
Info    : 0.60 < quality < 0.70 :         5 elements
Info    : 0.70 < quality < 0.80 :        28 elements
Info    : 0.80 < quality < 0.90 :        20 elements
Info    : 0.90 < quality < 1.00 :         2 elements
Info    : Optimizing volume 7
Info    : Optimization starts (volume = 144) with worst = 0.125314 / average = 0.531065:
Info    : 0.00 < quality < 0.10 :         0 elements
Info    : 0.10 < quality < 0.20 :         2 elements
Info    : 0.20 < quality < 0.30 :        35 elements
Info    : 0.30 < quality < 0.40 :         8 elements
Info    : 0.40 < quality < 0.50 :        43 elements
Info    : 0.50 < quality < 0.60 :        34 elements
Info    : 0.60 < quality < 0.70 :         4 elements
Info    : 0.70 < quality < 0.80 :        31 elements
Info    : 0.80 < quality < 0.90 :        17 elements
Info    : 0.90 < quality < 1.00 :         2 elements
Info    : 2 edge swaps, 0 node relocations (volume = 144): worst = 0.125314 / average = 0.530764 (Wall 0.000142357s, CPU 0.000143s)
Info    : No ill-shaped tets in the mesh :-)
Info    : 0.00 < quality < 0.10 :         0 elements
Info    : 0.10 < quality < 0.20 :         2 elements
Info    : 0.20 < quality < 0.30 :        35 elements
Info    : 0.30 < quality < 0.40 :         8 elements
Info    : 0.40 < quality < 0.50 :        45 elements
Info    : 0.50 < quality < 0.60 :        32 elements
Info    : 0.60 < quality < 0.70 :         4 elements
Info    : 0.70 < quality < 0.80 :        31 elements
Info    : 0.80 < quality < 0.90 :        17 elements
Info    : 0.90 < quality < 1.00 :         2 elements
Info    : Optimizing volume 8
Info    : Optimization starts (volume = 48.544) with worst = 0.177187 / average = 0.605117:
Info    : 0.00 < quality < 0.10 :         0 elements
Info    : 0.10 < quality < 0.20 :         4 elements
Info    : 0.20 < quality < 0.30 :         4 elements
Info    : 0.30 < quality < 0.40 :        12 elements
Info    : 0.40 < quality < 0.50 :        12 elements
Info    : 0.50 < quality < 0.60 :        18 elements
Info    : 0.60 < quality < 0.70 :        18 elements
Info    : 0.70 < quality < 0.80 :        16 elements
Info    : 0.80 < quality < 0.90 :        12 elements
Info    : 0.90 < quality < 1.00 :         8 elements
Info    : 2 edge swaps, 0 node relocations (volume = 48.544): worst = 0.177187 / average = 0.61544 (Wall 5.4625e-05s, CPU 5.5e-05s)
Info    : No ill-shaped tets in the mesh :-)
Info    : 0.00 < quality < 0.10 :         0 elements
Info    : 0.10 < quality < 0.20 :         2 elements
Info    : 0.20 < quality < 0.30 :         4 elements
Info    : 0.30 < quality < 0.40 :        12 elements
Info    : 0.40 < quality < 0.50 :        11 elements
Info    : 0.50 < quality < 0.60 :        19 elements
Info    : 0.60 < quality < 0.70 :        17 elements
Info    : 0.70 < quality < 0.80 :        17 elements
Info    : 0.80 < quality < 0.90 :        12 elements
Info    : 0.90 < quality < 1.00 :         8 elements
Info    : Optimizing volume 9
Info    : Optimization starts (volume = 2.268) with worst = 0.266475 / average = 0.325093:
Info    : 0.00 < quality < 0.10 :         0 elements
Info    : 0.10 < quality < 0.20 :         0 elements
Info    : 0.20 < quality < 0.30 :         4 elements
Info    : 0.30 < quality < 0.40 :         8 elements
Info    : 0.40 < quality < 0.50 :         0 elements
Info    : 0.50 < quality < 0.60 :         0 elements
Info    : 0.60 < quality < 0.70 :         0 elements
Info    : 0.70 < quality < 0.80 :         0 elements
Info    : 0.80 < quality < 0.90 :         0 elements
Info    : 0.90 < quality < 1.00 :         0 elements
Info    : No ill-shaped tets in the mesh :-)
Info    : 0.00 < quality < 0.10 :         0 elements
Info    : 0.10 < quality < 0.20 :         0 elements
Info    : 0.20 < quality < 0.30 :         4 elements
Info    : 0.30 < quality < 0.40 :         8 elements
Info    : 0.40 < quality < 0.50 :         0 elements
Info    : 0.50 < quality < 0.60 :         0 elements
Info    : 0.60 < quality < 0.70 :         0 elements
Info    : 0.70 < quality < 0.80 :         0 elements
Info    : 0.80 < quality < 0.90 :         0 elements
Info    : 0.90 < quality < 1.00 :         0 elements
Info    : Optimizing volume 10
Info    : Optimization starts (volume = 2.268) with worst = 0.266475 / average = 0.325093:
Info    : 0.00 < quality < 0.10 :         0 elements
Info    : 0.10 < quality < 0.20 :         0 elements
Info    : 0.20 < quality < 0.30 :         4 elements
Info    : 0.30 < quality < 0.40 :         8 elements
Info    : 0.40 < quality < 0.50 :         0 elements
Info    : 0.50 < quality < 0.60 :         0 elements
Info    : 0.60 < quality < 0.70 :         0 elements
Info    : 0.70 < quality < 0.80 :         0 elements
Info    : 0.80 < quality < 0.90 :         0 elements
Info    : 0.90 < quality < 1.00 :         0 elements
Info    : No ill-shaped tets in the mesh :-)
Info    : 0.00 < quality < 0.10 :         0 elements
Info    : 0.10 < quality < 0.20 :         0 elements
Info    : 0.20 < quality < 0.30 :         4 elements
Info    : 0.30 < quality < 0.40 :         8 elements
Info    : 0.40 < quality < 0.50 :         0 elements
Info    : 0.50 < quality < 0.60 :         0 elements
Info    : 0.60 < quality < 0.70 :         0 elements
Info    : 0.70 < quality < 0.80 :         0 elements
Info    : 0.80 < quality < 0.90 :         0 elements
Info    : 0.90 < quality < 1.00 :         0 elements
Info    : Optimizing volume 11
Info    : Optimization starts (volume = 2.268) with worst = 0.266475 / average = 0.325093:
Info    : 0.00 < quality < 0.10 :         0 elements
Info    : 0.10 < quality < 0.20 :         0 elements
Info    : 0.20 < quality < 0.30 :         4 elements
Info    : 0.30 < quality < 0.40 :         8 elements
Info    : 0.40 < quality < 0.50 :         0 elements
Info    : 0.50 < quality < 0.60 :         0 elements
Info    : 0.60 < quality < 0.70 :         0 elements
Info    : 0.70 < quality < 0.80 :         0 elements
Info    : 0.80 < quality < 0.90 :         0 elements
Info    : 0.90 < quality < 1.00 :         0 elements
Info    : No ill-shaped tets in the mesh :-)
Info    : 0.00 < quality < 0.10 :         0 elements
Info    : 0.10 < quality < 0.20 :         0 elements
Info    : 0.20 < quality < 0.30 :         4 elements
Info    : 0.30 < quality < 0.40 :         8 elements
Info    : 0.40 < quality < 0.50 :         0 elements
Info    : 0.50 < quality < 0.60 :         0 elements
Info    : 0.60 < quality < 0.70 :         0 elements
Info    : 0.70 < quality < 0.80 :         0 elements
Info    : 0.80 < quality < 0.90 :         0 elements
Info    : 0.90 < quality < 1.00 :         0 elements
Info    : Optimizing volume 12
Info    : Optimization starts (volume = 2.268) with worst = 0.266475 / average = 0.325093:
Info    : 0.00 < quality < 0.10 :         0 elements
Info    : 0.10 < quality < 0.20 :         0 elements
Info    : 0.20 < quality < 0.30 :         4 elements
Info    : 0.30 < quality < 0.40 :         8 elements
Info    : 0.40 < quality < 0.50 :         0 elements
Info    : 0.50 < quality < 0.60 :         0 elements
Info    : 0.60 < quality < 0.70 :         0 elements
Info    : 0.70 < quality < 0.80 :         0 elements
Info    : 0.80 < quality < 0.90 :         0 elements
Info    : 0.90 < quality < 1.00 :         0 elements
Info    : No ill-shaped tets in the mesh :-)
Info    : 0.00 < quality < 0.10 :         0 elements
Info    : 0.10 < quality < 0.20 :         0 elements
Info    : 0.20 < quality < 0.30 :         4 elements
Info    : 0.30 < quality < 0.40 :         8 elements
Info    : 0.40 < quality < 0.50 :         0 elements
Info    : 0.50 < quality < 0.60 :         0 elements
Info    : 0.60 < quality < 0.70 :         0 elements
Info    : 0.70 < quality < 0.80 :         0 elements
Info    : 0.80 < quality < 0.90 :         0 elements
Info    : 0.90 < quality < 1.00 :         0 elements
Info    : Optimizing volume 23
Info    : Optimization starts (volume = 2523.76) with worst = 0.00449527 / average = 0.178575:
Info    : 0.00 < quality < 0.10 :        44 elements
Info    : 0.10 < quality < 0.20 :      1451 elements
Info    : 0.20 < quality < 0.30 :        69 elements
Info    : 0.30 < quality < 0.40 :         7 elements
Info    : 0.40 < quality < 0.50 :         0 elements
Info    : 0.50 < quality < 0.60 :         0 elements
Info    : 0.60 < quality < 0.70 :         0 elements
Info    : 0.70 < quality < 0.80 :         0 elements
Info    : 0.80 < quality < 0.90 :         0 elements
Info    : 0.90 < quality < 1.00 :         0 elements
Info    : 141 edge swaps, 13 node relocations (volume = 2523.76): worst = 0.0108237 / average = 0.178722 (Wall 0.00611747s, CPU 0.006116s)
Info    : 148 edge swaps, 20 node relocations (volume = 2523.76): worst = 0.0108237 / average = 0.178723 (Wall 0.015185s, CPU 0.01518s)
Info    : No ill-shaped tets in the mesh :-)
Info    : 0.00 < quality < 0.10 :        40 elements
Info    : 0.10 < quality < 0.20 :      1428 elements
Info    : 0.20 < quality < 0.30 :        67 elements
Info    : 0.30 < quality < 0.40 :         6 elements
Info    : 0.40 < quality < 0.50 :         0 elements
Info    : 0.50 < quality < 0.60 :         0 elements
Info    : 0.60 < quality < 0.70 :         0 elements
Info    : 0.70 < quality < 0.80 :         0 elements
Info    : 0.80 < quality < 0.90 :         0 elements
Info    : 0.90 < quality < 1.00 :         0 elements
Info    : Optimizing volume 24
Info    : Optimization starts (volume = 1916.14) with worst = 0.0539583 / average = 0.701836:
Info    : 0.00 < quality < 0.10 :         2 elements
Info    : 0.10 < quality < 0.20 :         2 elements
Info    : 0.20 < quality < 0.30 :        35 elements
Info    : 0.30 < quality < 0.40 :        36 elements
Info    : 0.40 < quality < 0.50 :        11 elements
Info    : 0.50 < quality < 0.60 :       168 elements
Info    : 0.60 < quality < 0.70 :       177 elements
Info    : 0.70 < quality < 0.80 :       210 elements
Info    : 0.80 < quality < 0.90 :       245 elements
Info    : 0.90 < quality < 1.00 :       119 elements
Info    : 3 edge swaps, 0 node relocations (volume = 1916.14): worst = 0.18582 / average = 0.703792 (Wall 0.000213324s, CPU 0.000216s)
Info    : No ill-shaped tets in the mesh :-)
Info    : 0.00 < quality < 0.10 :         0 elements
Info    : 0.10 < quality < 0.20 :         1 elements
Info    : 0.20 < quality < 0.30 :        35 elements
Info    : 0.30 < quality < 0.40 :        35 elements
Info    : 0.40 < quality < 0.50 :        12 elements
Info    : 0.50 < quality < 0.60 :       169 elements
Info    : 0.60 < quality < 0.70 :       176 elements
Info    : 0.70 < quality < 0.80 :       210 elements
Info    : 0.80 < quality < 0.90 :       245 elements
Info    : 0.90 < quality < 1.00 :       119 elements
Info    : Optimizing volume 25
Info    : Optimization starts (volume = 565.413) with worst = 0.0539583 / average = 0.714634:
Info    : 0.00 < quality < 0.10 :         1 elements
Info    : 0.10 < quality < 0.20 :         4 elements
Info    : 0.20 < quality < 0.30 :        10 elements
Info    : 0.30 < quality < 0.40 :        12 elements
Info    : 0.40 < quality < 0.50 :         6 elements
Info    : 0.50 < quality < 0.60 :        49 elements
Info    : 0.60 < quality < 0.70 :        55 elements
Info    : 0.70 < quality < 0.80 :        45 elements
Info    : 0.80 < quality < 0.90 :        53 elements
Info    : 0.90 < quality < 1.00 :        75 elements
Info    : 4 edge swaps, 0 node relocations (volume = 565.413): worst = 0.13776 / average = 0.723605 (Wall 0.000112614s, CPU 0.000113s)
Info    : No ill-shaped tets in the mesh :-)
Info    : 0.00 < quality < 0.10 :         0 elements
Info    : 0.10 < quality < 0.20 :         3 elements
Info    : 0.20 < quality < 0.30 :         7 elements
Info    : 0.30 < quality < 0.40 :         9 elements
Info    : 0.40 < quality < 0.50 :         8 elements
Info    : 0.50 < quality < 0.60 :        51 elements
Info    : 0.60 < quality < 0.70 :        55 elements
Info    : 0.70 < quality < 0.80 :        45 elements
Info    : 0.80 < quality < 0.90 :        53 elements
Info    : 0.90 < quality < 1.00 :        75 elements
Info    : Optimizing volume 26
Info    : Optimization starts (volume = 1.34038e+07) with worst = 0.0165179 / average = 0.630189:
Info    : 0.00 < quality < 0.10 :         4 elements
Info    : 0.10 < quality < 0.20 :         9 elements
Info    : 0.20 < quality < 0.30 :        15 elements
Info    : 0.30 < quality < 0.40 :        51 elements
Info    : 0.40 < quality < 0.50 :       150 elements
Info    : 0.50 < quality < 0.60 :       267 elements
Info    : 0.60 < quality < 0.70 :       244 elements
Info    : 0.70 < quality < 0.80 :       201 elements
Info    : 0.80 < quality < 0.90 :       132 elements
Info    : 0.90 < quality < 1.00 :        53 elements
Info    : 26 edge swaps, 5 node relocations (volume = 1.34038e+07): worst = 0.234934 / average = 0.638566 (Wall 0.000386665s, CPU 0.000387s)
Info    : 30 edge swaps, 6 node relocations (volume = 1.34038e+07): worst = 0.265191 / average = 0.637854 (Wall 0.000512924s, CPU 0.000514s)
Info    : No ill-shaped tets in the mesh :-)
Info    : 0.00 < quality < 0.10 :         0 elements
Info    : 0.10 < quality < 0.20 :         0 elements
Info    : 0.20 < quality < 0.30 :         2 elements
Info    : 0.30 < quality < 0.40 :        54 elements
Info    : 0.40 < quality < 0.50 :       151 elements
Info    : 0.50 < quality < 0.60 :       269 elements
Info    : 0.60 < quality < 0.70 :       250 elements
Info    : 0.70 < quality < 0.80 :       200 elements
Info    : 0.80 < quality < 0.90 :       124 elements
Info    : 0.90 < quality < 1.00 :        53 elements
Info    : Optimizing volume 27
Info    : Optimization starts (volume = 26807.5) with worst = 0.000875145 / average = 0.0282012:
Info    : 0.00 < quality < 0.10 :      1283 elements
Info    : 0.10 < quality < 0.20 :        59 elements
Info    : 0.20 < quality < 0.30 :         0 elements
Info    : 0.30 < quality < 0.40 :         0 elements
Info    : 0.40 < quality < 0.50 :         0 elements
Info    : 0.50 < quality < 0.60 :         0 elements
Info    : 0.60 < quality < 0.70 :         0 elements
Info    : 0.70 < quality < 0.80 :         0 elements
Info    : 0.80 < quality < 0.90 :         0 elements
Info    : 0.90 < quality < 1.00 :         0 elements
Info    : 167 edge swaps, 0 node relocations (volume = 26807.5): worst = 0.000957362 / average = 0.0266025 (Wall 0.00670017s, CPU 0.006696s)
Info    : 170 edge swaps, 0 node relocations (volume = 26807.5): worst = 0.000957362 / average = 0.026608 (Wall 0.014597s, CPU 0.01459s)
Warning : 2 ill-shaped tets are still in the mesh
Info    : 0.00 < quality < 0.10 :      1235 elements
Info    : 0.10 < quality < 0.20 :        47 elements
Info    : 0.20 < quality < 0.30 :         0 elements
Info    : 0.30 < quality < 0.40 :         0 elements
Info    : 0.40 < quality < 0.50 :         0 elements
Info    : 0.50 < quality < 0.60 :         0 elements
Info    : 0.60 < quality < 0.70 :         0 elements
Info    : 0.70 < quality < 0.80 :         0 elements
Info    : 0.80 < quality < 0.90 :         0 elements
Info    : 0.90 < quality < 1.00 :         0 elements
Info    : Optimizing volume 28
Info    : Optimization starts (volume = 1.04888e+06) with worst = 0.000133183 / average = 0.461113:
Info    : 0.00 < quality < 0.10 :       282 elements
Info    : 0.10 < quality < 0.20 :      1269 elements
Info    : 0.20 < quality < 0.30 :      1056 elements
Info    : 0.30 < quality < 0.40 :      1297 elements
Info    : 0.40 < quality < 0.50 :      1148 elements
Info    : 0.50 < quality < 0.60 :      1339 elements
Info    : 0.60 < quality < 0.70 :       890 elements
Info    : 0.70 < quality < 0.80 :       886 elements
Info    : 0.80 < quality < 0.90 :       602 elements
Info    : 0.90 < quality < 1.00 :       228 elements
Info    : 530 edge swaps, 42 node relocations (volume = 1.04888e+06): worst = 0.0025362 / average = 0.475927 (Wall 0.0243753s, CPU 0.024372s)
Info    : 589 edge swaps, 53 node relocations (volume = 1.04888e+06): worst = 0.0025362 / average = 0.47684 (Wall 0.0458846s, CPU 0.045876s)
Info    : No ill-shaped tets in the mesh :-)
Info    : 0.00 < quality < 0.10 :       121 elements
Info    : 0.10 < quality < 0.20 :      1109 elements
Info    : 0.20 < quality < 0.30 :       905 elements
Info    : 0.30 < quality < 0.40 :      1324 elements
Info    : 0.40 < quality < 0.50 :      1090 elements
Info    : 0.50 < quality < 0.60 :      1360 elements
Info    : 0.60 < quality < 0.70 :       883 elements
Info    : 0.70 < quality < 0.80 :       890 elements
Info    : 0.80 < quality < 0.90 :       598 elements
Info    : 0.90 < quality < 1.00 :       228 elements
Info    : Optimizing volume 29
Info    : Optimization starts (volume = 251321) with worst = 0.0670841 / average = 0.517254:
Info    : 0.00 < quality < 0.10 :        16 elements
Info    : 0.10 < quality < 0.20 :       137 elements
Info    : 0.20 < quality < 0.30 :       196 elements
Info    : 0.30 < quality < 0.40 :       231 elements
Info    : 0.40 < quality < 0.50 :       354 elements
Info    : 0.50 < quality < 0.60 :       429 elements
Info    : 0.60 < quality < 0.70 :       388 elements
Info    : 0.70 < quality < 0.80 :       289 elements
Info    : 0.80 < quality < 0.90 :        96 elements
Info    : 0.90 < quality < 1.00 :         6 elements
Info    : 84 edge swaps, 0 node relocations (volume = 251321): worst = 0.0670841 / average = 0.52715 (Wall 0.00217333s, CPU 0.002174s)
Info    : 90 edge swaps, 0 node relocations (volume = 251321): worst = 0.0670841 / average = 0.526895 (Wall 0.00387688s, CPU 0.003879s)
Info    : No ill-shaped tets in the mesh :-)
Info    : 0.00 < quality < 0.10 :         8 elements
Info    : 0.10 < quality < 0.20 :       112 elements
Info    : 0.20 < quality < 0.30 :       151 elements
Info    : 0.30 < quality < 0.40 :       238 elements
Info    : 0.40 < quality < 0.50 :       349 elements
Info    : 0.50 < quality < 0.60 :       427 elements
Info    : 0.60 < quality < 0.70 :       388 elements
Info    : 0.70 < quality < 0.80 :       287 elements
Info    : 0.80 < quality < 0.90 :        96 elements
Info    : 0.90 < quality < 1.00 :         6 elements
Info    : Optimizing volume 30
Info    : Optimization starts (volume = 1.20634e+07) with worst = 0.0625374 / average = 0.60051:
Info    : 0.00 < quality < 0.10 :         5 elements
Info    : 0.10 < quality < 0.20 :        11 elements
Info    : 0.20 < quality < 0.30 :        25 elements
Info    : 0.30 < quality < 0.40 :        98 elements
Info    : 0.40 < quality < 0.50 :       251 elements
Info    : 0.50 < quality < 0.60 :       310 elements
Info    : 0.60 < quality < 0.70 :       272 elements
Info    : 0.70 < quality < 0.80 :       219 elements
Info    : 0.80 < quality < 0.90 :       138 elements
Info    : 0.90 < quality < 1.00 :        36 elements
Info    : 37 edge swaps, 2 node relocations (volume = 1.20634e+07): worst = 0.254391 / average = 0.613256 (Wall 0.000617062s, CPU 0.000616s)
Info    : 40 edge swaps, 2 node relocations (volume = 1.20634e+07): worst = 0.254588 / average = 0.613747 (Wall 0.000739262s, CPU 0.000741s)
Info    : No ill-shaped tets in the mesh :-)
Info    : 0.00 < quality < 0.10 :         0 elements
Info    : 0.10 < quality < 0.20 :         0 elements
Info    : 0.20 < quality < 0.30 :         1 elements
Info    : 0.30 < quality < 0.40 :       105 elements
Info    : 0.40 < quality < 0.50 :       242 elements
Info    : 0.50 < quality < 0.60 :       309 elements
Info    : 0.60 < quality < 0.70 :       277 elements
Info    : 0.70 < quality < 0.80 :       224 elements
Info    : 0.80 < quality < 0.90 :       138 elements
Info    : 0.90 < quality < 1.00 :        39 elements
Info    : Optimizing volume 31
Info    : Optimization starts (volume = 3.75825e+07) with worst = 0.00541129 / average = 0.557589:
Info    : 0.00 < quality < 0.10 :        93 elements
Info    : 0.10 < quality < 0.20 :        28 elements
Info    : 0.20 < quality < 0.30 :        31 elements
Info    : 0.30 < quality < 0.40 :        64 elements
Info    : 0.40 < quality < 0.50 :        85 elements
Info    : 0.50 < quality < 0.60 :       116 elements
Info    : 0.60 < quality < 0.70 :       232 elements
Info    : 0.70 < quality < 0.80 :       185 elements
Info    : 0.80 < quality < 0.90 :       102 elements
Info    : 0.90 < quality < 1.00 :        12 elements
Info    : 43 edge swaps, 0 node relocations (volume = 3.75825e+07): worst = 0.00723663 / average = 0.573326 (Wall 0.00149953s, CPU 0.001499s)
Info    : No ill-shaped tets in the mesh :-)
Info    : 0.00 < quality < 0.10 :        81 elements
Info    : 0.10 < quality < 0.20 :        24 elements
Info    : 0.20 < quality < 0.30 :        14 elements
Info    : 0.30 < quality < 0.40 :        58 elements
Info    : 0.40 < quality < 0.50 :        87 elements
Info    : 0.50 < quality < 0.60 :       120 elements
Info    : 0.60 < quality < 0.70 :       232 elements
Info    : 0.70 < quality < 0.80 :       186 elements
Info    : 0.80 < quality < 0.90 :       102 elements
Info    : 0.90 < quality < 1.00 :        13 elements
Info    : Done optimizing mesh (Wall 0.108942s, CPU 0.108924s)
Info    : 3286 nodes 26231 elements
Warning : ------------------------------
Warning : Mesh generation error summary
Warning :     1 warning
Warning :     0 errors
Warning : Check the full log for details
Warning : ------------------------------
Info    : Writing '/foss/designs/inductor_synth/palace_model/inductor2_N2_do69.44_w4_s2.01_data/inductor2_N2_do69.44_w4_s2.01.msh'...
Info    : Done writing '/foss/designs/inductor_synth/palace_model/inductor2_N2_do69.44_w4_s2.01_data/inductor2_N2_do69.44_w4_s2.01.msh'
Info    : Clearing all models and views...
Info    : Done clearing all models and views
>> /usr/bin/mpirun -n 1 /foss/tools/bin/palace-x86_64.bin config.json

_____________     _______
_____   __   \____ __   /____ ____________
____   /_/  /  __ ` /  /  __ ` /  ___/  _ \
___   _____/  /_/  /  /  /_/  /  /__/  ___/
  /__/     \___,__/__/\___,__/\_____\_____/

Git changeset ID: v0.17.0-227-gc531cf3e
Running with 1 MPI process
Device configuration: cpu
Memory configuration: host-std
libCEED backend: /cpu/self/xsmm/blocked

Added 2356 boundary elements for material interfaces to the mesh

Characteristic length and time scales:
 Lc = 4.999e-04 m, tc = 1.667e-03 ns
Finished partitioning mesh into 1 subdomain

Mesh curvature order: 1
Mesh bounding box:
 (Xmin, Ymin, Zmin) = (-1.684e-04, -1.684e-04, -5.000e-05) m
 (Xmax, Ymax, Zmax) = (+1.684e-04, +1.684e-04, +4.499e-04) m

Parallel Mesh Stats:

                minimum     average     maximum       total
 vertices          2775        2775        2775        2775
 edges            17276       17276       17276       17276
 faces            27624       27624       27624       27624
 elements         13117       13117       13117       13117
 neighbors            0           0           0

            minimum     maximum
 h       0.00156363    0.211545
 kappa      1.04725     360.368

Estimated current per-rank memory usage is: Min. 39.1M, Max. 39.1M, Avg. 39.1M, Total 39.1M
Estimated current per-node memory usage is: Min. 39.1M, Max. 39.1M, Avg. 39.1M, Total 39.1M

Configuring Robin absorbing BC (order 2) at attributes:
 22

Configuring Robin finite conductivity BC at attributes:
 2: σ = 2.164e+07 S/m, h = 4.200e-07 m, n = (+0.0,+0.0,+1.0)
 3: σ = 2.164e+07 S/m, h = 4.200e-07 m, n = (+0.7,+0.7,+0.0)
 4: σ = 2.780e+07 S/m, h = 2.000e-06 m, n = (+0.0,+0.0,-1.0)
 5: σ = 2.780e+07 S/m, h = 2.000e-06 m, n = (+1.0,-0.1,+0.0)
 6: σ = 2.780e+07 S/m, h = 2.000e-06 m, n = (+0.0,+0.0,-1.0)
 7: σ = 2.780e+07 S/m, h = 2.000e-06 m, n = (+1.0,-0.1,+0.0)
 8: σ = 2.780e+07 S/m, h = 2.000e-06 m, n = (-0.0,-0.0,+1.0)
 9: σ = 2.780e+07 S/m, h = 2.000e-06 m, n = (+0.6,+0.8,-0.0)
 10: σ = 3.030e+07 S/m, h = 3.000e-06 m, n = (+0.0,+0.0,+1.0)
 11: σ = 3.030e+07 S/m, h = 3.000e-06 m, n = (-0.9,+0.4,-0.0)
 12: σ = 3.030e+07 S/m, h = 3.000e-06 m, n = (+0.0,+0.0,+1.0)
 13: σ = 3.030e+07 S/m, h = 3.000e-06 m, n = (+0.9,-0.3,-0.0)

Configuring Robin impedance BC for lumped ports at attributes:
 20: Rs = 2.012e+01 Ω/sq, n = (-0.0,+1.0,+0.0)
 21: Rs = 2.012e+01 Ω/sq, n = (+0.0,+1.0,+0.0)

Configuring lumped port circuit properties:
 Index = 1: R = 5.000e+01 Ω
 Index = 2: R = 5.000e+01 Ω

Configuring lumped port excitation source term at attributes:
 20: Index = 1
 21: Index = 2

[38;2;255;255;000m--> Warning![0m
Adaptive frequency sweep requires > 2 total frequency samples!
Reverting to uniform sweep!


Computing frequency response for:
Excitation 1/2 with index 1 has contributions from:
 Lumped port  1
Excitation 2/2 with index 2 has contributions from:
 Lumped port  2

Assembling system matrices, number of global unknowns:
 H1 (p = 1): 2775, ND (p = 1): 17276, RT (p = 1): 27624
 Operator assembly level: Partial
 Mesh geometries:
  Tetrahedron: P = 6, Q = 4 (quadrature order = 2)
 SuperLUSolver: Using 2D processor grid 1 x 1

Sweeping excitation index 1 (1/2):

Assembling multigrid hierarchy:
 Level 0 (p = 1): 17276 unknowns
 Level 0 (auxiliary) (p = 1): 2775 unknowns

It 1/2: ω/2π = 1.000e-01 GHz (total elapsed time = 1.72e-01 s, solve 1/4)

  Residual norms for GMRES solve

** Memory Usage **********************************
** Total highmark (MB):
    Sum-of-all :    90.63 | Avg :    90.63  | Max :    90.63
    Max at rank 0, different stages (MB):
	. symbfact            8.01
	. distribution       90.63
	. numfact            75.38
** NUMfact space (MB): (sum-of-all-processes)
    L\U :           40.57 |  Total :    75.38
	. max at rank 0, max L+U memory (MB):    40.57
	. max at rank 0, peak buffer (MB):       34.81
**************************************************

** number of Tiny Pivots:        0

  0 (restart 0) KSP residual norm 8.013362e+00
  1 (restart 0) KSP residual norm 1.502931e-01
  2 (restart 0) KSP residual norm 4.540698e-02
  3 (restart 0) KSP residual norm 1.413310e-02
  4 (restart 0) KSP residual norm 9.631516e-04
  5 (restart 0) KSP residual norm 5.351382e-05
  6 (restart 0) KSP residual norm 3.305188e-05
  7 (restart 0) KSP residual norm 1.103059e-05
  8 (restart 0) KSP residual norm 3.754563e-06
GMRES solver converged in 8 iterations (avg. reduction factor: 1.617e-01)
 Sol. ||E|| = 7.912134e+00 (||RHS|| = 4.066965e-03)
 Field energy E (6.116e-13 J) + H (2.743e-12 J) = 3.354e-12 J
 S[1][1] = +5.299e-02+1.482e-03i, |S[1][1]| = -2.551e+01, arg(S[1][1]) = +1.602e+00
 S[2][1] = +9.470e-01-2.238e-03i, |S[2][1]| = -4.730e-01, arg(S[2][1]) = -1.354e-01
 Updating solution error estimates

It 2/2: ω/2π = 2.000e+01 GHz (total elapsed time = 2.37e+00 s, solve 2/4)

  Residual norms for GMRES solve

** Memory Usage **********************************
** Total highmark (MB):
    Sum-of-all :    75.96 | Avg :    75.96  | Max :    75.96
    Max at rank 0, different stages (MB):
	. symbfact            0.00
	. distribution       75.96
	. numfact            75.38
** NUMfact space (MB): (sum-of-all-processes)
    L\U :           40.57 |  Total :    75.38
	. max at rank 0, max L+U memory (MB):    40.57
	. max at rank 0, peak buffer (MB):       34.81
**************************************************

** number of Tiny Pivots:        0

  0 (restart 0) KSP residual norm 7.620127e+00
  1 (restart 0) KSP residual norm 3.441749e+00
  2 (restart 0) KSP residual norm 7.333551e-01
  3 (restart 0) KSP residual norm 9.779895e-02
  4 (restart 0) KSP residual norm 4.484103e-02
  5 (restart 0) KSP residual norm 2.197271e-02
  6 (restart 0) KSP residual norm 6.039922e-03
  7 (restart 0) KSP residual norm 3.728472e-03
  8 (restart 0) KSP residual norm 1.979222e-03
  9 (restart 0) KSP residual norm 7.322927e-04
 10 (restart 0) KSP residual norm 4.702128e-04
 11 (restart 0) KSP residual norm 1.935005e-04
 12 (restart 0) KSP residual norm 1.083551e-04
 13 (restart 0) KSP residual norm 7.249974e-05
 14 (restart 0) KSP residual norm 4.019386e-05
 15 (restart 0) KSP residual norm 2.046730e-05
 16 (restart 0) KSP residual norm 1.228312e-05
 17 (restart 0) KSP residual norm 5.035465e-06
GMRES solver converged in 17 iterations (avg. reduction factor: 4.330e-01)
 Sol. ||E|| = 7.887354e+00 (||RHS|| = 8.133931e-01)
 Field energy E (6.964e-13 J) + H (2.480e-12 J) = 3.177e-12 J
 S[1][1] = +1.873e-01+2.486e-01i, |S[1][1]| = -1.014e+01, arg(S[1][1]) = +5.301e+01
 S[2][1] = +8.005e-01-3.599e-01i, |S[2][1]| = -1.133e+00, arg(S[2][1]) = -2.421e+01
 Updating solution error estimates

Sweeping excitation index 2 (2/2):

It 1/2: ω/2π = 1.000e-01 GHz (total elapsed time = 4.92e+00 s, solve 3/4)

  Residual norms for GMRES solve

** Memory Usage **********************************
** Total highmark (MB):
    Sum-of-all :    75.96 | Avg :    75.96  | Max :    75.96
    Max at rank 0, different stages (MB):
	. symbfact            0.00
	. distribution       75.96
	. numfact            75.38
** NUMfact space (MB): (sum-of-all-processes)
    L\U :           40.57 |  Total :    75.38
	. max at rank 0, max L+U memory (MB):    40.57
	. max at rank 0, peak buffer (MB):       34.81
**************************************************

** number of Tiny Pivots:        0

  0 (restart 0) KSP residual norm 7.894593e+00
  1 (restart 0) KSP residual norm 1.473023e-01
  2 (restart 0) KSP residual norm 4.523495e-02
  3 (restart 0) KSP residual norm 1.418721e-02
  4 (restart 0) KSP residual norm 9.537740e-04
  5 (restart 0) KSP residual norm 5.170115e-05
  6 (restart 0) KSP residual norm 3.272703e-05
  7 (restart 0) KSP residual norm 1.151168e-05
  8 (restart 0) KSP residual norm 3.706677e-06
GMRES solver converged in 8 iterations (avg. reduction factor: 1.618e-01)
 Sol. ||E|| = 7.793953e+00 (||RHS|| = 4.066965e-03)
 Field energy E (5.872e-13 J) + H (2.743e-12 J) = 3.330e-12 J
 S[1][2] = +9.470e-01-2.239e-03i, |S[1][2]| = -4.730e-01, arg(S[1][2]) = -1.354e-01
 S[2][2] = +5.299e-02+1.498e-03i, |S[2][2]| = -2.551e+01, arg(S[2][2]) = +1.619e+00
 Updating solution error estimates

It 2/2: ω/2π = 2.000e+01 GHz (total elapsed time = 6.82e+00 s, solve 4/4)

  Residual norms for GMRES solve

** Memory Usage **********************************
** Total highmark (MB):
    Sum-of-all :    75.96 | Avg :    75.96  | Max :    75.96
    Max at rank 0, different stages (MB):
	. symbfact            0.00
	. distribution       75.96
	. numfact            75.38
** NUMfact space (MB): (sum-of-all-processes)
    L\U :           40.57 |  Total :    75.38
	. max at rank 0, max L+U memory (MB):    40.57
	. max at rank 0, peak buffer (MB):       34.81
**************************************************

** number of Tiny Pivots:        0

  0 (restart 0) KSP residual norm 7.588837e+00
  1 (restart 0) KSP residual norm 3.424722e+00
  2 (restart 0) KSP residual norm 7.472134e-01
  3 (restart 0) KSP residual norm 1.130937e-01
  4 (restart 0) KSP residual norm 6.978608e-02
  5 (restart 0) KSP residual norm 2.301458e-02
  6 (restart 0) KSP residual norm 6.043330e-03
  7 (restart 0) KSP residual norm 3.642921e-03
  8 (restart 0) KSP residual norm 2.003475e-03
  9 (restart 0) KSP residual norm 7.397293e-04
 10 (restart 0) KSP residual norm 4.684874e-04
 11 (restart 0) KSP residual norm 2.043907e-04
 12 (restart 0) KSP residual norm 1.145192e-04
 13 (restart 0) KSP residual norm 7.257777e-05
 14 (restart 0) KSP residual norm 3.892521e-05
 15 (restart 0) KSP residual norm 1.950575e-05
 16 (restart 0) KSP residual norm 1.140821e-05
 17 (restart 0) KSP residual norm 4.626807e-06
GMRES solver converged in 17 iterations (avg. reduction factor: 4.309e-01)
 Sol. ||E|| = 7.844997e+00 (||RHS|| = 8.133931e-01)
 Field energy E (6.827e-13 J) + H (2.480e-12 J) = 3.163e-12 J
 S[1][2] = +8.005e-01-3.599e-01i, |S[1][2]| = -1.133e+00, arg(S[1][2]) = -2.421e+01
 S[2][2] = +1.890e-01+2.503e-01i, |S[2][2]| = -1.007e+01, arg(S[2][2]) = +5.294e+01
 Updating solution error estimates

Completed 0 iterations of adaptive mesh refinement (AMR):
 Indicator norm = 5.455e-01, global unknowns = 17276
 Max. iterations = 0, tol. = 1.000e-02, max. size = 2000000

Estimated peak per-rank memory usage is: Min. 269.2M, Max. 269.2M, Avg. 269.2M, Total 269.2M
Estimated peak per-node memory usage is: Min. 269.2M, Max. 269.2M, Avg. 269.2M, Total 269.2M

Elapsed Time Report (s)           Min.        Max.        Avg.
==============================================================
Initialization                   0.070       0.070       0.070
  Mesh Preprocessing             0.143       0.143       0.143
Operator Construction            0.174       0.174       0.174
Linear Solve                     1.650       1.650       1.650
  Setup                          0.644       0.644       0.644
  Preconditioner                 1.541       1.541       1.541
Estimation                       0.077       0.077       0.077
  Construction                   0.724       0.724       0.724
  Solve                          4.504       4.504       4.504
Postprocessing                   0.719       0.719       0.719
Disk IO                          0.198       0.198       0.198
--------------------------------------------------------------
Total                           10.895      10.895      10.895

Peak Memory                   Per-Node       Total   Total HWM
==============================================================
Initialization                    1.9M        1.9M        1.9M
  Mesh Preprocessing              7.5M        7.5M        9.4M
Operator Construction             9.3M        9.3M       18.7M
Linear Solve                      5.1M        5.1M       23.8M
  Setup                          61.6M       61.6M       85.4M
  Preconditioner                105.4M      105.4M      190.7M
Estimation                        9.1M        9.1M      199.9M
  Construction                   22.1M       22.1M      221.9M
  Solve                           8.8M        8.8M      230.7M
Postprocessing                    8.9M        8.9M      239.5M
Disk IO                           5.9M        5.9M      245.4M
--------------------------------------------------------------
Total                           259.4M      259.4M      259.4M

>> /usr/bin/mpirun -n 1 /foss/tools/bin/palace-x86_64.bin config.json

_____________     _______
_____   __   \____ __   /____ ____________
____   /_/  /  __ ` /  /  __ ` /  ___/  _ \
___   _____/  /_/  /  /  /_/  /  /__/  ___/
  /__/     \___,__/__/\___,__/\_____\_____/

Git changeset ID: v0.17.0-227-gc531cf3e
Running with 1 MPI process
Device configuration: cpu
Memory configuration: host-std
libCEED backend: /cpu/self/xsmm/blocked

Added 2642 boundary elements for material interfaces to the mesh

Characteristic length and time scales:
 Lc = 4.999e-04 m, tc = 1.667e-03 ns
Finished partitioning mesh into 1 subdomain

Mesh curvature order: 1
Mesh bounding box:
 (Xmin, Ymin, Zmin) = (-1.762e-04, -1.762e-04, -5.000e-05) m
 (Xmax, Ymax, Zmax) = (+1.762e-04, +1.762e-04, +4.499e-04) m

Parallel Mesh Stats:

                minimum     average     maximum       total
 vertices          3075        3075        3075        3075
 edges            19119       19119       19119       19119
 faces            30556       30556       30556       30556
 elements         14506       14506       14506       14506
 neighbors            0           0           0

            minimum     maximum
 h       0.00234159    0.212155
 kappa      1.07143     388.986

Estimated current per-rank memory usage is: Min. 40.4M, Max. 40.4M, Avg. 40.4M, Total 40.4M
Estimated current per-node memory usage is: Min. 40.4M, Max. 40.4M, Avg. 40.4M, Total 40.4M

Configuring Robin absorbing BC (order 2) at attributes:
 22

Configuring Robin finite conductivity BC at attributes:
 2: σ = 2.164e+07 S/m, h = 4.200e-07 m, n = (+0.0,+0.0,+1.0)
 3: σ = 2.164e+07 S/m, h = 4.200e-07 m, n = (+0.7,+0.7,+0.0)
 4: σ = 2.780e+07 S/m, h = 2.000e-06 m, n = (+0.0,+0.0,-1.0)
 5: σ = 2.780e+07 S/m, h = 2.000e-06 m, n = (+1.0,-0.1,+0.0)
 6: σ = 2.780e+07 S/m, h = 2.000e-06 m, n = (+0.0,+0.0,-1.0)
 7: σ = 2.780e+07 S/m, h = 2.000e-06 m, n = (+1.0,-0.1,+0.0)
 8: σ = 2.780e+07 S/m, h = 2.000e-06 m, n = (+0.0,+0.0,+1.0)
 9: σ = 2.780e+07 S/m, h = 2.000e-06 m, n = (+0.5,+0.9,-0.0)
 10: σ = 3.030e+07 S/m, h = 3.000e-06 m, n = (+0.0,+0.0,+1.0)
 11: σ = 3.030e+07 S/m, h = 3.000e-06 m, n = (-0.9,+0.4,+0.0)
 12: σ = 3.030e+07 S/m, h = 3.000e-06 m, n = (+0.0,+0.0,+1.0)
 13: σ = 3.030e+07 S/m, h = 3.000e-06 m, n = (+1.0,-0.3,+0.0)

Configuring Robin impedance BC for lumped ports at attributes:
 20: Rs = 3.018e+01 Ω/sq, n = (+0.0,+1.0,+0.0)
 21: Rs = 3.018e+01 Ω/sq, n = (+0.0,+1.0,+0.0)

Configuring lumped port circuit properties:
 Index = 1: R = 5.000e+01 Ω
 Index = 2: R = 5.000e+01 Ω

Configuring lumped port excitation source term at attributes:
 20: Index = 1
 21: Index = 2

[38;2;255;255;000m--> Warning![0m
Adaptive frequency sweep requires > 2 total frequency samples!
Reverting to uniform sweep!


Computing frequency response for:
Excitation 1/2 with index 1 has contributions from:
 Lumped port  1
Excitation 2/2 with index 2 has contributions from:
 Lumped port  2

Assembling system matrices, number of global unknowns:
 H1 (p = 1): 3075, ND (p = 1): 19119, RT (p = 1): 30556
 Operator assembly level: Partial
 Mesh geometries:
  Tetrahedron: P = 6, Q = 4 (quadrature order = 2)
 SuperLUSolver: Using 2D processor grid 1 x 1

Sweeping excitation index 1 (1/2):

Assembling multigrid hierarchy:
 Level 0 (p = 1): 19119 unknowns
 Level 0 (auxiliary) (p = 1): 3075 unknowns

It 1/2: ω/2π = 1.000e-01 GHz (total elapsed time = 1.53e-01 s, solve 1/4)

  Residual norms for GMRES solve

** Memory Usage **********************************
** Total highmark (MB):
    Sum-of-all :   101.75 | Avg :   101.75  | Max :   101.75
    Max at rank 0, different stages (MB):
	. symbfact            8.85
	. distribution      101.75
	. numfact            84.98
** NUMfact space (MB): (sum-of-all-processes)
    L\U :           46.55 |  Total :    84.98
	. max at rank 0, max L+U memory (MB):    46.55
	. max at rank 0, peak buffer (MB):       38.43
**************************************************

** number of Tiny Pivots:        0

  0 (restart 0) KSP residual norm 8.134297e+00
  1 (restart 0) KSP residual norm 1.704593e-01
  2 (restart 0) KSP residual norm 4.416275e-02
  3 (restart 0) KSP residual norm 2.336373e-02
  4 (restart 0) KSP residual norm 1.811554e-03
  5 (restart 0) KSP residual norm 9.253052e-05
  6 (restart 0) KSP residual norm 5.972335e-05
  7 (restart 0) KSP residual norm 1.508854e-05
  8 (restart 0) KSP residual norm 8.238012e-06
  9 (restart 0) KSP residual norm 3.440619e-06
GMRES solver converged in 9 iterations (avg. reduction factor: 1.958e-01)
 Sol. ||E|| = 8.016505e+00 (||RHS|| = 4.066965e-03)
 Field energy E (6.802e-13 J) + H (2.546e-12 J) = 3.226e-12 J
 S[1][1] = +5.163e-02+1.293e-03i, |S[1][1]| = -2.574e+01, arg(S[1][1]) = +1.434e+00
 S[2][1] = +9.484e-01-2.136e-03i, |S[2][1]| = -4.605e-01, arg(S[2][1]) = -1.290e-01
 Updating solution error estimates

It 2/2: ω/2π = 2.000e+01 GHz (total elapsed time = 2.73e+00 s, solve 2/4)

  Residual norms for GMRES solve

** Memory Usage **********************************
** Total highmark (MB):
    Sum-of-all :    85.72 | Avg :    85.72  | Max :    85.72
    Max at rank 0, different stages (MB):
	. symbfact            0.00
	. distribution       85.72
	. numfact            84.98
** NUMfact space (MB): (sum-of-all-processes)
    L\U :           46.55 |  Total :    84.98
	. max at rank 0, max L+U memory (MB):    46.55
	. max at rank 0, peak buffer (MB):       38.43
**************************************************

** number of Tiny Pivots:        0

  0 (restart 0) KSP residual norm 7.474854e+00
  1 (restart 0) KSP residual norm 3.291047e+00
  2 (restart 0) KSP residual norm 6.805515e-01
  3 (restart 0) KSP residual norm 9.551847e-02
  4 (restart 0) KSP residual norm 4.795563e-02
  5 (restart 0) KSP residual norm 2.010480e-02
  6 (restart 0) KSP residual norm 6.137865e-03
  7 (restart 0) KSP residual norm 3.615849e-03
  8 (restart 0) KSP residual norm 1.770784e-03
  9 (restart 0) KSP residual norm 7.076653e-04
 10 (restart 0) KSP residual norm 4.649899e-04
 11 (restart 0) KSP residual norm 1.965877e-04
 12 (restart 0) KSP residual norm 1.002662e-04
 13 (restart 0) KSP residual norm 6.405046e-05
 14 (restart 0) KSP residual norm 3.846062e-05
 15 (restart 0) KSP residual norm 1.755413e-05
 16 (restart 0) KSP residual norm 1.175311e-05
 17 (restart 0) KSP residual norm 4.956705e-06
GMRES solver converged in 17 iterations (avg. reduction factor: 4.331e-01)
 Sol. ||E|| = 7.611268e+00 (||RHS|| = 8.133931e-01)
 Field energy E (6.301e-13 J) + H (2.230e-12 J) = 2.860e-12 J
 S[1][1] = +1.582e-01+2.214e-01i, |S[1][1]| = -1.131e+01, arg(S[1][1]) = +5.445e+01
 S[2][1] = +8.277e-01-3.409e-01i, |S[2][1]| = -9.624e-01, arg(S[2][1]) = -2.239e+01
 Updating solution error estimates

Sweeping excitation index 2 (2/2):

It 1/2: ω/2π = 1.000e-01 GHz (total elapsed time = 5.65e+00 s, solve 3/4)

  Residual norms for GMRES solve

** Memory Usage **********************************
** Total highmark (MB):
    Sum-of-all :    85.72 | Avg :    85.72  | Max :    85.72
    Max at rank 0, different stages (MB):
	. symbfact            0.00
	. distribution       85.72
	. numfact            84.98
** NUMfact space (MB): (sum-of-all-processes)
    L\U :           46.55 |  Total :    84.98
	. max at rank 0, max L+U memory (MB):    46.55
	. max at rank 0, peak buffer (MB):       38.43
**************************************************

** number of Tiny Pivots:        0

  0 (restart 0) KSP residual norm 7.988940e+00
  1 (restart 0) KSP residual norm 1.682145e-01
  2 (restart 0) KSP residual norm 4.380200e-02
  3 (restart 0) KSP residual norm 2.337816e-02
  4 (restart 0) KSP residual norm 1.792891e-03
  5 (restart 0) KSP residual norm 9.097574e-05
  6 (restart 0) KSP residual norm 5.992942e-05
  7 (restart 0) KSP residual norm 1.574679e-05
  8 (restart 0) KSP residual norm 8.053994e-06
  9 (restart 0) KSP residual norm 3.313528e-06
GMRES solver converged in 9 iterations (avg. reduction factor: 1.954e-01)
 Sol. ||E|| = 7.872404e+00 (||RHS|| = 4.066965e-03)
 Field energy E (6.543e-13 J) + H (2.546e-12 J) = 3.201e-12 J
 S[1][2] = +9.484e-01-2.136e-03i, |S[1][2]| = -4.605e-01, arg(S[1][2]) = -1.290e-01
 S[2][2] = +5.163e-02+1.309e-03i, |S[2][2]| = -2.574e+01, arg(S[2][2]) = +1.452e+00
 Updating solution error estimates

It 2/2: ω/2π = 2.000e+01 GHz (total elapsed time = 7.97e+00 s, solve 4/4)

  Residual norms for GMRES solve

** Memory Usage **********************************
** Total highmark (MB):
    Sum-of-all :    85.72 | Avg :    85.72  | Max :    85.72
    Max at rank 0, different stages (MB):
	. symbfact            0.00
	. distribution       85.72
	. numfact            84.98
** NUMfact space (MB): (sum-of-all-processes)
    L\U :           46.55 |  Total :    84.98
	. max at rank 0, max L+U memory (MB):    46.55
	. max at rank 0, peak buffer (MB):       38.43
**************************************************

** number of Tiny Pivots:        0

  0 (restart 0) KSP residual norm 7.433155e+00
  1 (restart 0) KSP residual norm 3.290276e+00
  2 (restart 0) KSP residual norm 7.031270e-01
  3 (restart 0) KSP residual norm 1.134769e-01
  4 (restart 0) KSP residual norm 7.422344e-02
  5 (restart 0) KSP residual norm 2.208334e-02
  6 (restart 0) KSP residual norm 6.349774e-03
  7 (restart 0) KSP residual norm 3.768082e-03
  8 (restart 0) KSP residual norm 1.776173e-03
  9 (restart 0) KSP residual norm 7.285997e-04
 10 (restart 0) KSP residual norm 4.660994e-04
 11 (restart 0) KSP residual norm 2.052096e-04
 12 (restart 0) KSP residual norm 1.083336e-04
 13 (restart 0) KSP residual norm 6.526002e-05
 14 (restart 0) KSP residual norm 3.857046e-05
 15 (restart 0) KSP residual norm 1.697107e-05
 16 (restart 0) KSP residual norm 1.156746e-05
 17 (restart 0) KSP residual norm 4.865400e-06
GMRES solver converged in 17 iterations (avg. reduction factor: 4.327e-01)
 Sol. ||E|| = 7.554174e+00 (||RHS|| = 8.133931e-01)
 Field energy E (6.175e-13 J) + H (2.229e-12 J) = 2.847e-12 J
 S[1][2] = +8.277e-01-3.409e-01i, |S[1][2]| = -9.624e-01, arg(S[1][2]) = -2.239e+01
 S[2][2] = +1.605e-01+2.228e-01i, |S[2][2]| = -1.123e+01, arg(S[2][2]) = +5.423e+01
 Updating solution error estimates

Completed 0 iterations of adaptive mesh refinement (AMR):
 Indicator norm = 5.171e-01, global unknowns = 19119
 Max. iterations = 0, tol. = 1.000e-02, max. size = 2000000

Estimated peak per-rank memory usage is: Min. 296.2M, Max. 296.2M, Avg. 296.2M, Total 296.2M
Estimated peak per-node memory usage is: Min. 296.2M, Max. 296.2M, Avg. 296.2M, Total 296.2M

Elapsed Time Report (s)           Min.        Max.        Avg.
==============================================================
Initialization                   0.036       0.036       0.036
  Mesh Preprocessing             0.133       0.133       0.133
Operator Construction            0.087       0.087       0.087
Linear Solve                     1.816       1.816       1.816
  Setup                          0.606       0.606       0.606
  Preconditioner                 1.621       1.621       1.621
Estimation                       0.075       0.075       0.075
  Construction                   0.928       0.928       0.928
  Solve                          5.761       5.761       5.761
Postprocessing                   0.569       0.569       0.569
Disk IO                          0.146       0.146       0.146
--------------------------------------------------------------
Total                           12.079      12.079      12.079

Peak Memory                   Per-Node       Total   Total HWM
==============================================================
Initialization                    2.0M        2.0M        2.0M
  Mesh Preprocessing              8.2M        8.2M       10.2M
Operator Construction             9.8M        9.8M       20.0M
Linear Solve                      5.2M        5.2M       25.2M
  Setup                          69.2M       69.2M       94.4M
  Preconditioner                118.1M      118.1M      212.5M
Estimation                        9.8M        9.8M      222.3M
  Construction                   24.3M       24.3M      246.6M
  Solve                           9.8M        9.8M      256.3M
Postprocessing                    9.8M        9.8M      266.1M
Disk IO                           6.3M        6.3M      272.4M
--------------------------------------------------------------
Total                           286.3M      286.3M      286.3M

>> /usr/bin/mpirun -n 1 /foss/tools/bin/palace-x86_64.bin config.json

_____________     _______
_____   __   \____ __   /____ ____________
____   /_/  /  __ ` /  /  __ ` /  ___/  _ \
___   _____/  /_/  /  /  /_/  /  /__/  ___/
  /__/     \___,__/__/\___,__/\_____\_____/

Git changeset ID: v0.17.0-227-gc531cf3e
Running with 1 MPI process
Device configuration: cpu
Memory configuration: host-std
libCEED backend: /cpu/self/xsmm/blocked

Added 2568 boundary elements for material interfaces to the mesh

Characteristic length and time scales:
 Lc = 4.999e-04 m, tc = 1.667e-03 ns
Finished partitioning mesh into 1 subdomain

Mesh curvature order: 1
Mesh bounding box:
 (Xmin, Ymin, Zmin) = (-1.740e-04, -1.740e-04, -5.000e-05) m
 (Xmax, Ymax, Zmax) = (+1.740e-04, +1.740e-04, +4.499e-04) m

Parallel Mesh Stats:

                minimum     average     maximum       total
 vertices          2998        2998        2998        2998
 edges            18615       18615       18615       18615
 faces            29755       29755       29755       29755
 elements         14132       14132       14132       14132
 neighbors            0           0           0

            minimum     maximum
 h       0.00162356    0.214456
 kappa      1.07492     384.264

Estimated current per-rank memory usage is: Min. 39.9M, Max. 39.9M, Avg. 39.9M, Total 39.9M
Estimated current per-node memory usage is: Min. 39.9M, Max. 39.9M, Avg. 39.9M, Total 39.9M

Configuring Robin absorbing BC (order 2) at attributes:
 22

Configuring Robin finite conductivity BC at attributes:
 2: σ = 2.164e+07 S/m, h = 4.200e-07 m, n = (+0.0,+0.0,+1.0)
 3: σ = 2.164e+07 S/m, h = 4.200e-07 m, n = (+0.7,+0.7,+0.0)
 4: σ = 2.780e+07 S/m, h = 2.000e-06 m, n = (+0.0,+0.0,-1.0)
 5: σ = 2.780e+07 S/m, h = 2.000e-06 m, n = (+1.0,-0.1,+0.0)
 6: σ = 2.780e+07 S/m, h = 2.000e-06 m, n = (+0.0,+0.0,-1.0)
 7: σ = 2.780e+07 S/m, h = 2.000e-06 m, n = (+1.0,-0.1,+0.0)
 8: σ = 2.780e+07 S/m, h = 2.000e-06 m, n = (+0.0,+0.0,+1.0)
 9: σ = 2.780e+07 S/m, h = 2.000e-06 m, n = (+0.6,+0.8,-0.0)
 10: σ = 3.030e+07 S/m, h = 3.000e-06 m, n = (+0.0,+0.0,+1.0)
 11: σ = 3.030e+07 S/m, h = 3.000e-06 m, n = (-0.9,+0.4,+0.0)
 12: σ = 3.030e+07 S/m, h = 3.000e-06 m, n = (+0.0,+0.0,+1.0)
 13: σ = 3.030e+07 S/m, h = 3.000e-06 m, n = (+0.9,-0.3,+0.0)

Configuring Robin impedance BC for lumped ports at attributes:
 20: Rs = 2.012e+01 Ω/sq, n = (+0.0,+1.0,+0.0)
 21: Rs = 2.012e+01 Ω/sq, n = (+0.0,+1.0,+0.0)

Configuring lumped port circuit properties:
 Index = 1: R = 5.000e+01 Ω
 Index = 2: R = 5.000e+01 Ω

Configuring lumped port excitation source term at attributes:
 20: Index = 1
 21: Index = 2

[38;2;255;255;000m--> Warning![0m
Adaptive frequency sweep requires > 2 total frequency samples!
Reverting to uniform sweep!


Computing frequency response for:
Excitation 1/2 with index 1 has contributions from:
 Lumped port  1
Excitation 2/2 with index 2 has contributions from:
 Lumped port  2

Assembling system matrices, number of global unknowns:
 H1 (p = 1): 2998, ND (p = 1): 18615, RT (p = 1): 29755
 Operator assembly level: Partial
 Mesh geometries:
  Tetrahedron: P = 6, Q = 4 (quadrature order = 2)
 SuperLUSolver: Using 2D processor grid 1 x 1

Sweeping excitation index 1 (1/2):

Assembling multigrid hierarchy:
 Level 0 (p = 1): 18615 unknowns
 Level 0 (auxiliary) (p = 1): 2998 unknowns

It 1/2: ω/2π = 1.000e-01 GHz (total elapsed time = 1.57e-01 s, solve 1/4)

  Residual norms for GMRES solve

** Memory Usage **********************************
** Total highmark (MB):
    Sum-of-all :    97.74 | Avg :    97.74  | Max :    97.74
    Max at rank 0, different stages (MB):
	. symbfact            8.49
	. distribution       97.74
	. numfact            85.83
** NUMfact space (MB): (sum-of-all-processes)
    L\U :           43.92 |  Total :    85.83
	. max at rank 0, max L+U memory (MB):    43.92
	. max at rank 0, peak buffer (MB):       41.91
**************************************************

** number of Tiny Pivots:        0

  0 (restart 0) KSP residual norm 8.422690e+00
  1 (restart 0) KSP residual norm 1.631605e-01
  2 (restart 0) KSP residual norm 5.287908e-02
  3 (restart 0) KSP residual norm 2.033559e-02
  4 (restart 0) KSP residual norm 1.182612e-03
  5 (restart 0) KSP residual norm 6.265622e-05
  6 (restart 0) KSP residual norm 4.415108e-05
  7 (restart 0) KSP residual norm 1.367569e-05
  8 (restart 0) KSP residual norm 6.795422e-06
GMRES solver converged in 8 iterations (avg. reduction factor: 1.731e-01)
 Sol. ||E|| = 8.304368e+00 (||RHS|| = 4.066965e-03)
 Field energy E (6.621e-13 J) + H (3.117e-12 J) = 3.779e-12 J
 S[1][1] = +5.383e-02+1.699e-03i, |S[1][1]| = -2.537e+01, arg(S[1][1]) = +1.807e+00
 S[2][1] = +9.462e-01-2.517e-03i, |S[2][1]| = -4.807e-01, arg(S[2][1]) = -1.524e-01
 Updating solution error estimates

It 2/2: ω/2π = 2.000e+01 GHz (total elapsed time = 2.59e+00 s, solve 2/4)

  Residual norms for GMRES solve

** Memory Usage **********************************
** Total highmark (MB):
    Sum-of-all :    85.83 | Avg :    85.83  | Max :    85.83
    Max at rank 0, different stages (MB):
	. symbfact            0.00
	. distribution       82.05
	. numfact            85.83
** NUMfact space (MB): (sum-of-all-processes)
    L\U :           43.92 |  Total :    85.83
	. max at rank 0, max L+U memory (MB):    43.92
	. max at rank 0, peak buffer (MB):       41.91
**************************************************

** number of Tiny Pivots:        0

  0 (restart 0) KSP residual norm 7.983458e+00
  1 (restart 0) KSP residual norm 3.716480e+00
  2 (restart 0) KSP residual norm 8.401391e-01
  3 (restart 0) KSP residual norm 1.123447e-01
  4 (restart 0) KSP residual norm 4.809855e-02
  5 (restart 0) KSP residual norm 2.491127e-02
  6 (restart 0) KSP residual norm 6.798675e-03
  7 (restart 0) KSP residual norm 4.397053e-03
  8 (restart 0) KSP residual norm 2.200669e-03
  9 (restart 0) KSP residual norm 8.815214e-04
 10 (restart 0) KSP residual norm 5.478973e-04
 11 (restart 0) KSP residual norm 2.189024e-04
 12 (restart 0) KSP residual norm 1.177207e-04
 13 (restart 0) KSP residual norm 7.530396e-05
 14 (restart 0) KSP residual norm 4.344904e-05
 15 (restart 0) KSP residual norm 2.285101e-05
 16 (restart 0) KSP residual norm 1.433223e-05
 17 (restart 0) KSP residual norm 5.716417e-06
GMRES solver converged in 17 iterations (avg. reduction factor: 4.350e-01)
 Sol. ||E|| = 8.443211e+00 (||RHS|| = 8.133931e-01)
 Field energy E (8.241e-13 J) + H (2.828e-12 J) = 3.653e-12 J
 S[1][1] = +2.249e-01+2.780e-01i, |S[1][1]| = -8.932e+00, arg(S[1][1]) = +5.102e+01
 S[2][1] = +7.613e-01-3.955e-01i, |S[2][1]| = -1.332e+00, arg(S[2][1]) = -2.745e+01
 Updating solution error estimates

Sweeping excitation index 2 (2/2):

It 1/2: ω/2π = 1.000e-01 GHz (total elapsed time = 5.60e+00 s, solve 3/4)

  Residual norms for GMRES solve

** Memory Usage **********************************
** Total highmark (MB):
    Sum-of-all :    85.83 | Avg :    85.83  | Max :    85.83
    Max at rank 0, different stages (MB):
	. symbfact            0.00
	. distribution       82.05
	. numfact            85.83
** NUMfact space (MB): (sum-of-all-processes)
    L\U :           43.92 |  Total :    85.83
	. max at rank 0, max L+U memory (MB):    43.92
	. max at rank 0, peak buffer (MB):       41.91
**************************************************

** number of Tiny Pivots:        0

  0 (restart 0) KSP residual norm 8.294528e+00
  1 (restart 0) KSP residual norm 1.603736e-01
  2 (restart 0) KSP residual norm 5.259647e-02
  3 (restart 0) KSP residual norm 2.015296e-02
  4 (restart 0) KSP residual norm 1.164469e-03
  5 (restart 0) KSP residual norm 6.575747e-05
  6 (restart 0) KSP residual norm 4.387552e-05
  7 (restart 0) KSP residual norm 1.271437e-05
  8 (restart 0) KSP residual norm 7.007559e-06
GMRES solver converged in 8 iterations (avg. reduction factor: 1.741e-01)
 Sol. ||E|| = 8.176978e+00 (||RHS|| = 4.066965e-03)
 Field energy E (6.367e-13 J) + H (3.117e-12 J) = 3.754e-12 J
 S[1][2] = +9.462e-01-2.517e-03i, |S[1][2]| = -4.807e-01, arg(S[1][2]) = -1.524e-01
 S[2][2] = +5.383e-02+1.714e-03i, |S[2][2]| = -2.537e+01, arg(S[2][2]) = +1.824e+00
 Updating solution error estimates

It 2/2: ω/2π = 2.000e+01 GHz (total elapsed time = 7.69e+00 s, solve 4/4)

  Residual norms for GMRES solve

** Memory Usage **********************************
** Total highmark (MB):
    Sum-of-all :    85.83 | Avg :    85.83  | Max :    85.83
    Max at rank 0, different stages (MB):
	. symbfact            0.00
	. distribution       82.05
	. numfact            85.83
** NUMfact space (MB): (sum-of-all-processes)
    L\U :           43.92 |  Total :    85.83
	. max at rank 0, max L+U memory (MB):    43.92
	. max at rank 0, peak buffer (MB):       41.91
**************************************************

** number of Tiny Pivots:        0

  0 (restart 0) KSP residual norm 8.030491e+00
  1 (restart 0) KSP residual norm 3.676564e+00
  2 (restart 0) KSP residual norm 8.324157e-01
  3 (restart 0) KSP residual norm 1.260448e-01
  4 (restart 0) KSP residual norm 7.565124e-02
  5 (restart 0) KSP residual norm 2.678689e-02
  6 (restart 0) KSP residual norm 6.842126e-03
  7 (restart 0) KSP residual norm 4.307227e-03
  8 (restart 0) KSP residual norm 2.203534e-03
  9 (restart 0) KSP residual norm 8.552885e-04
 10 (restart 0) KSP residual norm 5.374075e-04
 11 (restart 0) KSP residual norm 2.236808e-04
 12 (restart 0) KSP residual norm 1.255037e-04
 13 (restart 0) KSP residual norm 7.619483e-05
 14 (restart 0) KSP residual norm 4.292657e-05
 15 (restart 0) KSP residual norm 2.198955e-05
 16 (restart 0) KSP residual norm 1.379191e-05
 17 (restart 0) KSP residual norm 5.299031e-06
GMRES solver converged in 17 iterations (avg. reduction factor: 4.330e-01)
 Sol. ||E|| = 8.437982e+00 (||RHS|| = 8.133931e-01)
 Field energy E (8.126e-13 J) + H (2.829e-12 J) = 3.641e-12 J
 S[1][2] = +7.613e-01-3.955e-01i, |S[1][2]| = -1.332e+00, arg(S[1][2]) = -2.745e+01
 S[2][2] = +2.271e-01+2.795e-01i, |S[2][2]| = -8.872e+00, arg(S[2][2]) = +5.091e+01
 Updating solution error estimates

Completed 0 iterations of adaptive mesh refinement (AMR):
 Indicator norm = 5.480e-01, global unknowns = 18615
 Max. iterations = 0, tol. = 1.000e-02, max. size = 2000000

Estimated peak per-rank memory usage is: Min. 285.5M, Max. 285.5M, Avg. 285.5M, Total 285.5M
Estimated peak per-node memory usage is: Min. 285.5M, Max. 285.5M, Avg. 285.5M, Total 285.5M

Elapsed Time Report (s)           Min.        Max.        Avg.
==============================================================
Initialization                   0.029       0.029       0.029
  Mesh Preprocessing             0.126       0.126       0.126
Operator Construction            0.104       0.104       0.104
Linear Solve                     1.608       1.608       1.608
  Setup                          0.581       0.581       0.581
  Preconditioner                 1.349       1.349       1.349
Estimation                       0.075       0.075       0.075
  Construction                   1.059       1.059       1.059
  Solve                          5.485       5.485       5.485
Postprocessing                   1.011       1.011       1.011
Disk IO                          0.172       0.172       0.172
--------------------------------------------------------------
Total                           11.916      11.916      11.916

Peak Memory                   Per-Node       Total   Total HWM
==============================================================
Initialization                    1.8M        1.8M        1.8M
  Mesh Preprocessing              8.1M        8.1M        9.9M
Operator Construction             9.8M        9.8M       19.6M
Linear Solve                      8.7M        8.7M       28.4M
  Setup                          62.7M       62.7M       91.1M
  Preconditioner                111.6M      111.6M      202.7M
Estimation                        9.6M        9.6M      212.3M
  Construction                   24.1M       24.1M      236.4M
  Solve                           9.6M        9.6M      246.1M
Postprocessing                    9.5M        9.5M      255.6M
Disk IO                           6.2M        6.2M      261.7M
--------------------------------------------------------------
Total                           275.7M      275.7M      275.7M

>> /usr/bin/mpirun -n 1 /foss/tools/bin/palace-x86_64.bin config.json

_____________     _______
_____   __   \____ __   /____ ____________
____   /_/  /  __ ` /  /  __ ` /  ___/  _ \
___   _____/  /_/  /  /  /_/  /  /__/  ___/
  /__/     \___,__/__/\___,__/\_____\_____/

Git changeset ID: v0.17.0-227-gc531cf3e
Running with 1 MPI process
Device configuration: cpu
Memory configuration: host-std
libCEED backend: /cpu/self/xsmm/blocked

Added 2736 boundary elements for material interfaces to the mesh

Characteristic length and time scales:
 Lc = 4.999e-04 m, tc = 1.667e-03 ns
Finished partitioning mesh into 1 subdomain

Mesh curvature order: 1
Mesh bounding box:
 (Xmin, Ymin, Zmin) = (-1.794e-04, -1.794e-04, -5.000e-05) m
 (Xmax, Ymax, Zmax) = (+1.794e-04, +1.794e-04, +4.499e-04) m

Parallel Mesh Stats:

                minimum     average     maximum       total
 vertices          3269        3269        3269        3269
 edges            20294       20294       20294       20294
 faces            32424       32424       32424       32424
 elements         15393       15393       15393       15393
 neighbors            0           0           0

            minimum     maximum
 h       0.00167284    0.216473
 kappa      1.04007      394.18

Estimated current per-rank memory usage is: Min. 41.0M, Max. 41.0M, Avg. 41.0M, Total 41.0M
Estimated current per-node memory usage is: Min. 41.0M, Max. 41.0M, Avg. 41.0M, Total 41.0M

Configuring Robin absorbing BC (order 2) at attributes:
 22

Configuring Robin finite conductivity BC at attributes:
 2: σ = 2.164e+07 S/m, h = 4.200e-07 m, n = (+0.0,+0.0,+1.0)
 3: σ = 2.164e+07 S/m, h = 4.200e-07 m, n = (+0.7,+0.7,+0.0)
 4: σ = 2.780e+07 S/m, h = 2.000e-06 m, n = (+0.0,+0.0,-1.0)
 5: σ = 2.780e+07 S/m, h = 2.000e-06 m, n = (+1.0,-0.1,+0.0)
 6: σ = 2.780e+07 S/m, h = 2.000e-06 m, n = (+0.0,+0.0,-1.0)
 7: σ = 2.780e+07 S/m, h = 2.000e-06 m, n = (+1.0,-0.1,+0.0)
 8: σ = 2.780e+07 S/m, h = 2.000e-06 m, n = (-0.0,-0.0,+1.0)
 9: σ = 2.780e+07 S/m, h = 2.000e-06 m, n = (+0.6,+0.8,+0.0)
 10: σ = 3.030e+07 S/m, h = 3.000e-06 m, n = (+0.0,+0.0,+1.0)
 11: σ = 3.030e+07 S/m, h = 3.000e-06 m, n = (-0.9,+0.4,-0.0)
 12: σ = 3.030e+07 S/m, h = 3.000e-06 m, n = (+0.0,+0.0,+1.0)
 13: σ = 3.030e+07 S/m, h = 3.000e-06 m, n = (+0.9,-0.3,-0.0)

Configuring Robin impedance BC for lumped ports at attributes:
 20: Rs = 2.012e+01 Ω/sq, n = (+0.0,+1.0,+0.0)
 21: Rs = 2.012e+01 Ω/sq, n = (+0.0,+1.0,+0.0)

Configuring lumped port circuit properties:
 Index = 1: R = 5.000e+01 Ω
 Index = 2: R = 5.000e+01 Ω

Configuring lumped port excitation source term at attributes:
 20: Index = 1
 21: Index = 2

[38;2;255;255;000m--> Warning![0m
Adaptive frequency sweep requires > 2 total frequency samples!
Reverting to uniform sweep!


Computing frequency response for:
Excitation 1/2 with index 1 has contributions from:
 Lumped port  1
Excitation 2/2 with index 2 has contributions from:
 Lumped port  2

Assembling system matrices, number of global unknowns:
 H1 (p = 1): 3269, ND (p = 1): 20294, RT (p = 1): 32424
 Operator assembly level: Partial
 Mesh geometries:
  Tetrahedron: P = 6, Q = 4 (quadrature order = 2)
 SuperLUSolver: Using 2D processor grid 1 x 1

Sweeping excitation index 1 (1/2):

Assembling multigrid hierarchy:
 Level 0 (p = 1): 20294 unknowns
 Level 0 (auxiliary) (p = 1): 3269 unknowns

It 1/2: ω/2π = 1.000e-01 GHz (total elapsed time = 1.73e-01 s, solve 1/4)

  Residual norms for GMRES solve

** Memory Usage **********************************
** Total highmark (MB):
    Sum-of-all :   105.69 | Avg :   105.69  | Max :   105.69
    Max at rank 0, different stages (MB):
	. symbfact            9.24
	. distribution      105.69
	. numfact            86.61
** NUMfact space (MB): (sum-of-all-processes)
    L\U :           47.87 |  Total :    86.61
	. max at rank 0, max L+U memory (MB):    47.87
	. max at rank 0, peak buffer (MB):       38.74
**************************************************

** number of Tiny Pivots:        0

  0 (restart 0) KSP residual norm 8.565877e+00
  1 (restart 0) KSP residual norm 1.767635e-01
  2 (restart 0) KSP residual norm 6.102202e-02
  3 (restart 0) KSP residual norm 1.841628e-02
  4 (restart 0) KSP residual norm 1.403031e-03
  5 (restart 0) KSP residual norm 7.096572e-05
  6 (restart 0) KSP residual norm 4.786724e-05
  7 (restart 0) KSP residual norm 1.329586e-05
  8 (restart 0) KSP residual norm 5.693760e-06
GMRES solver converged in 8 iterations (avg. reduction factor: 1.690e-01)
 Sol. ||E|| = 8.435743e+00 (||RHS|| = 4.066965e-03)
 Field energy E (7.191e-13 J) + H (3.501e-12 J) = 4.220e-12 J
 S[1][1] = +5.459e-02+1.916e-03i, |S[1][1]| = -2.525e+01, arg(S[1][1]) = +2.011e+00
 S[2][1] = +9.454e-01-2.805e-03i, |S[2][1]| = -4.876e-01, arg(S[2][1]) = -1.700e-01
 Updating solution error estimates

It 2/2: ω/2π = 2.000e+01 GHz (total elapsed time = 3.05e+00 s, solve 2/4)

  Residual norms for GMRES solve

** Memory Usage **********************************
** Total highmark (MB):
    Sum-of-all :    89.44 | Avg :    89.44  | Max :    89.44
    Max at rank 0, different stages (MB):
	. symbfact            0.00
	. distribution       89.44
	. numfact            86.61
** NUMfact space (MB): (sum-of-all-processes)
    L\U :           47.87 |  Total :    86.61
	. max at rank 0, max L+U memory (MB):    47.87
	. max at rank 0, peak buffer (MB):       38.74
**************************************************

** number of Tiny Pivots:        0

  0 (restart 0) KSP residual norm 8.456179e+00
  1 (restart 0) KSP residual norm 4.015141e+00
  2 (restart 0) KSP residual norm 9.313690e-01
  3 (restart 0) KSP residual norm 1.226950e-01
  4 (restart 0) KSP residual norm 5.434224e-02
  5 (restart 0) KSP residual norm 3.014662e-02
  6 (restart 0) KSP residual norm 7.817890e-03
  7 (restart 0) KSP residual norm 4.967277e-03
  8 (restart 0) KSP residual norm 2.401436e-03
  9 (restart 0) KSP residual norm 1.011470e-03
 10 (restart 0) KSP residual norm 6.672871e-04
 11 (restart 0) KSP residual norm 2.500004e-04
 12 (restart 0) KSP residual norm 1.438307e-04
 13 (restart 0) KSP residual norm 9.260084e-05
 14 (restart 0) KSP residual norm 5.259238e-05
 15 (restart 0) KSP residual norm 2.884482e-05
 16 (restart 0) KSP residual norm 1.631896e-05
 17 (restart 0) KSP residual norm 7.046846e-06
GMRES solver converged in 17 iterations (avg. reduction factor: 4.389e-01)
 Sol. ||E|| = 9.108577e+00 (||RHS|| = 8.133931e-01)
 Field energy E (9.860e-13 J) + H (3.174e-12 J) = 4.160e-12 J
 S[1][1] = +2.678e-01+3.030e-01i, |S[1][1]| = -7.864e+00, arg(S[1][1]) = +4.853e+01
 S[2][1] = +7.167e-01-4.281e-01i, |S[2][1]| = -1.568e+00, arg(S[2][1]) = -3.085e+01
 Updating solution error estimates

Sweeping excitation index 2 (2/2):

It 1/2: ω/2π = 1.000e-01 GHz (total elapsed time = 6.33e+00 s, solve 3/4)

  Residual norms for GMRES solve

** Memory Usage **********************************
** Total highmark (MB):
    Sum-of-all :    89.44 | Avg :    89.44  | Max :    89.44
    Max at rank 0, different stages (MB):
	. symbfact            0.00
	. distribution       89.44
	. numfact            86.61
** NUMfact space (MB): (sum-of-all-processes)
    L\U :           47.87 |  Total :    86.61
	. max at rank 0, max L+U memory (MB):    47.87
	. max at rank 0, peak buffer (MB):       38.74
**************************************************

** number of Tiny Pivots:        0

  0 (restart 0) KSP residual norm 8.424799e+00
  1 (restart 0) KSP residual norm 1.730620e-01
  2 (restart 0) KSP residual norm 6.080443e-02
  3 (restart 0) KSP residual norm 1.835655e-02
  4 (restart 0) KSP residual norm 1.387056e-03
  5 (restart 0) KSP residual norm 6.916575e-05
  6 (restart 0) KSP residual norm 4.760096e-05
  7 (restart 0) KSP residual norm 1.377177e-05
  8 (restart 0) KSP residual norm 5.673361e-06
GMRES solver converged in 8 iterations (avg. reduction factor: 1.693e-01)
 Sol. ||E|| = 8.295468e+00 (||RHS|| = 4.066965e-03)
 Field energy E (6.908e-13 J) + H (3.501e-12 J) = 4.191e-12 J
 S[1][2] = +9.454e-01-2.805e-03i, |S[1][2]| = -4.876e-01, arg(S[1][2]) = -1.700e-01
 S[2][2] = +5.459e-02+1.934e-03i, |S[2][2]| = -2.525e+01, arg(S[2][2]) = +2.029e+00
 Updating solution error estimates

It 2/2: ω/2π = 2.000e+01 GHz (total elapsed time = 8.75e+00 s, solve 4/4)

  Residual norms for GMRES solve

** Memory Usage **********************************
** Total highmark (MB):
    Sum-of-all :    89.44 | Avg :    89.44  | Max :    89.44
    Max at rank 0, different stages (MB):
	. symbfact            0.00
	. distribution       89.44
	. numfact            86.61
** NUMfact space (MB): (sum-of-all-processes)
    L\U :           47.87 |  Total :    86.61
	. max at rank 0, max L+U memory (MB):    47.87
	. max at rank 0, peak buffer (MB):       38.74
**************************************************

** number of Tiny Pivots:        0

  0 (restart 0) KSP residual norm 8.421569e+00
  1 (restart 0) KSP residual norm 3.992186e+00
  2 (restart 0) KSP residual norm 9.595341e-01
  3 (restart 0) KSP residual norm 1.397915e-01
  4 (restart 0) KSP residual norm 8.485219e-02
  5 (restart 0) KSP residual norm 3.179023e-02
  6 (restart 0) KSP residual norm 8.069088e-03
  7 (restart 0) KSP residual norm 5.171161e-03
  8 (restart 0) KSP residual norm 2.403432e-03
  9 (restart 0) KSP residual norm 1.038001e-03
 10 (restart 0) KSP residual norm 6.627488e-04
 11 (restart 0) KSP residual norm 2.566512e-04
 12 (restart 0) KSP residual norm 1.543885e-04
 13 (restart 0) KSP residual norm 9.476044e-05
 14 (restart 0) KSP residual norm 5.072271e-05
 15 (restart 0) KSP residual norm 2.784666e-05
 16 (restart 0) KSP residual norm 1.617149e-05
 17 (restart 0) KSP residual norm 6.498282e-06
GMRES solver converged in 17 iterations (avg. reduction factor: 4.370e-01)
 Sol. ||E|| = 9.078942e+00 (||RHS|| = 8.133931e-01)
 Field energy E (9.742e-13 J) + H (3.174e-12 J) = 4.148e-12 J
 S[1][2] = +7.167e-01-4.281e-01i, |S[1][2]| = -1.568e+00, arg(S[1][2]) = -3.085e+01
 S[2][2] = +2.701e-01+3.045e-01i, |S[2][2]| = -7.808e+00, arg(S[2][2]) = +4.843e+01
 Updating solution error estimates

Completed 0 iterations of adaptive mesh refinement (AMR):
 Indicator norm = 5.487e-01, global unknowns = 20294
 Max. iterations = 0, tol. = 1.000e-02, max. size = 2000000

Estimated peak per-rank memory usage is: Min. 305.7M, Max. 305.7M, Avg. 305.7M, Total 305.7M
Estimated peak per-node memory usage is: Min. 305.7M, Max. 305.7M, Avg. 305.7M, Total 305.7M

Elapsed Time Report (s)           Min.        Max.        Avg.
==============================================================
Initialization                   0.034       0.034       0.034
  Mesh Preprocessing             0.148       0.148       0.148
Operator Construction            0.493       0.493       0.493
Linear Solve                     1.981       1.981       1.981
  Setup                          0.649       0.649       0.649
  Preconditioner                 1.646       1.646       1.646
Estimation                       0.084       0.084       0.084
  Construction                   0.907       0.907       0.907
  Solve                          6.145       6.145       6.145
Postprocessing                   1.034       1.034       1.034
Disk IO                          0.204       0.204       0.204
--------------------------------------------------------------
Total                           13.619      13.619      13.619

Peak Memory                   Per-Node       Total   Total HWM
==============================================================
Initialization                    1.9M        1.9M        1.9M
  Mesh Preprocessing              8.6M        8.6M       10.5M
Operator Construction            10.3M       10.3M       20.7M
Linear Solve                      4.6M        4.6M       25.3M
  Setup                          71.1M       71.1M       96.4M
  Preconditioner                121.5M      121.5M      217.9M
Estimation                       10.5M       10.5M      228.4M
  Construction                   25.7M       25.7M      254.1M
  Solve                          10.5M       10.5M      264.6M
Postprocessing                   10.5M       10.5M      275.1M
Disk IO                           6.7M        6.7M      281.9M
--------------------------------------------------------------
Total                           295.9M      295.9M      295.9M

Found extra file with port information: /foss/designs/inductor_synth/palace_model/inductor2_N2_do58.36_w2.01_s2.01_data/port_information.json
Port Z0 values found: [50, 50]
Port impedance for Touchstone header:  50
Number of ports:  2
Created combined S-parameter file for  2 ports, filename:  /foss/designs/inductor_synth/palace_model/inductor2_N2_do58.36_w2.01_s2.01_data/output/inductor2_N2_do58.36_w2.01_s2.01/inductor2_N2_do58.36_w2.01_s2.01.s2p
Skipping DC extrapolation, not enough frequency points
Port de-embedding based on port geometry data
Cascading L= -2.18 pH at port 1
Cascading L= -2.18 pH at port 2
Created file with de-embedding (cascaded negative port L):  /foss/designs/inductor_synth/palace_model/inductor2_N2_do58.36_w2.01_s2.01_data/output/inductor2_N2_do58.36_w2.01_s2.01/inductor2_N2_do58.36_w2.01_s2.01_deembedded 

Found extra file with port information: /foss/designs/inductor_synth/palace_model/inductor2_N2_do61.25_w2.01_s3_data/port_information.json
Port Z0 values found: [50, 50]
Port impedance for Touchstone header:  50
Number of ports:  2
Created combined S-parameter file for  2 ports, filename:  /foss/designs/inductor_synth/palace_model/inductor2_N2_do61.25_w2.01_s3_data/output/inductor2_N2_do61.25_w2.01_s3/inductor2_N2_do61.25_w2.01_s3.s2p
Skipping DC extrapolation, not enough frequency points
Port de-embedding based on port geometry data
Cascading L= -1.82 pH at port 1
Cascading L= -1.82 pH at port 2
Created file with de-embedding (cascaded negative port L):  /foss/designs/inductor_synth/palace_model/inductor2_N2_do61.25_w2.01_s3_data/output/inductor2_N2_do61.25_w2.01_s3/inductor2_N2_do61.25_w2.01_s3_deembedded 

Found extra file with port information: /foss/designs/inductor_synth/palace_model/inductor2_N2_do64.04_w3_s2.01_data/port_information.json
Port Z0 values found: [50, 50]
Port impedance for Touchstone header:  50
Number of ports:  2
Created combined S-parameter file for  2 ports, filename:  /foss/designs/inductor_synth/palace_model/inductor2_N2_do64.04_w3_s2.01_data/output/inductor2_N2_do64.04_w3_s2.01/inductor2_N2_do64.04_w3_s2.01.s2p
Skipping DC extrapolation, not enough frequency points
Port de-embedding based on port geometry data
Cascading L= -2.18 pH at port 1
Cascading L= -2.18 pH at port 2
Created file with de-embedding (cascaded negative port L):  /foss/designs/inductor_synth/palace_model/inductor2_N2_do64.04_w3_s2.01_data/output/inductor2_N2_do64.04_w3_s2.01/inductor2_N2_do64.04_w3_s2.01_deembedded 

Found extra file with port information: /foss/designs/inductor_synth/palace_model/inductor2_N2_do69.44_w4_s2.01_data/port_information.json
Port Z0 values found: [50, 50]
Port impedance for Touchstone header:  50
Number of ports:  2
Created combined S-parameter file for  2 ports, filename:  /foss/designs/inductor_synth/palace_model/inductor2_N2_do69.44_w4_s2.01_data/output/inductor2_N2_do69.44_w4_s2.01/inductor2_N2_do69.44_w4_s2.01.s2p
Skipping DC extrapolation, not enough frequency points
Port de-embedding based on port geometry data
Cascading L= -2.18 pH at port 1
Cascading L= -2.18 pH at port 2
Created file with de-embedding (cascaded negative port L):  /foss/designs/inductor_synth/palace_model/inductor2_N2_do69.44_w4_s2.01_data/output/inductor2_N2_do69.44_w4_s2.01/inductor2_N2_do69.44_w4_s2.01_deembedded 

Info    : Meshing 1D...
Info    : [  0%] Meshing curve 64 (Line)
Info    : [ 10%] Meshing curve 65 (Line)
Info    : [ 10%] Meshing curve 67 (Line)
Info    : [ 10%] Meshing curve 69 (Line)
Info    : [ 10%] Meshing curve 70 (Line)
Info    : [ 10%] Meshing curve 71 (Line)
Info    : [ 10%] Meshing curve 72 (Line)
Info    : [ 10%] Meshing curve 76 (Line)
Info    : [ 10%] Meshing curve 77 (Line)
Info    : [ 10%] Meshing curve 79 (Line)
Info    : [ 10%] Meshing curve 81 (Line)
Info    : [ 10%] Meshing curve 82 (Line)
Info    : [ 10%] Meshing curve 83 (Line)
Info    : [ 10%] Meshing curve 84 (Line)
Info    : [ 10%] Meshing curve 85 (Line)
Info    : [ 10%] Meshing curve 86 (Line)
Info    : [ 10%] Meshing curve 87 (Line)
Info    : [ 10%] Meshing curve 88 (Line)
Info    : [ 10%] Meshing curve 89 (Line)
Info    : [ 10%] Meshing curve 90 (Line)
Info    : [ 10%] Meshing curve 91 (Line)
Info    : [ 10%] Meshing curve 92 (Line)
Info    : [ 10%] Meshing curve 93 (Line)
Info    : [ 10%] Meshing curve 94 (Line)
Info    : [ 10%] Meshing curve 95 (Line)
Info    : [ 10%] Meshing curve 96 (Line)
Info    : [ 10%] Meshing curve 97 (Line)
Info    : [ 10%] Meshing curve 98 (Line)
Info    : [ 10%] Meshing curve 99 (Line)
Info    : [ 10%] Meshing curve 100 (Line)
Info    : [ 10%] Meshing curve 101 (Line)
Info    : [ 10%] Meshing curve 102 (Line)
Info    : [ 10%] Meshing curve 103 (Line)
Info    : [ 20%] Meshing curve 104 (Line)
Info    : [ 20%] Meshing curve 105 (Line)
Info    : [ 20%] Meshing curve 106 (Line)
Info    : [ 20%] Meshing curve 107 (Line)
Info    : [ 20%] Meshing curve 108 (Line)
Info    : [ 20%] Meshing curve 109 (Line)
Info    : [ 20%] Meshing curve 110 (Line)
Info    : [ 20%] Meshing curve 111 (Line)
Info    : [ 20%] Meshing curve 112 (Line)
Info    : [ 20%] Meshing curve 113 (Line)
Info    : [ 20%] Meshing curve 114 (Line)
Info    : [ 20%] Meshing curve 115 (Line)
Info    : [ 20%] Meshing curve 116 (Line)
Info    : [ 20%] Meshing curve 117 (Line)
Info    : [ 20%] Meshing curve 118 (Line)
Info    : [ 20%] Meshing curve 119 (Line)
Info    : [ 20%] Meshing curve 120 (Line)
Info    : [ 20%] Meshing curve 121 (Line)
Info    : [ 20%] Meshing curve 122 (Line)
Info    : [ 20%] Meshing curve 123 (Line)
Info    : [ 20%] Meshing curve 124 (Line)
Info    : [ 20%] Meshing curve 125 (Line)
Info    : [ 20%] Meshing curve 126 (Line)
Info    : [ 20%] Meshing curve 127 (Line)
Info    : [ 20%] Meshing curve 128 (Line)
Info    : [ 20%] Meshing curve 129 (Line)
Info    : [ 20%] Meshing curve 130 (Line)
Info    : [ 20%] Meshing curve 131 (Line)
Info    : [ 20%] Meshing curve 132 (Line)
Info    : [ 20%] Meshing curve 133 (Line)
Info    : [ 20%] Meshing curve 134 (Line)
Info    : [ 20%] Meshing curve 135 (Line)
Info    : [ 20%] Meshing curve 136 (Line)
Info    : [ 30%] Meshing curve 137 (Line)
Info    : [ 30%] Meshing curve 138 (Line)
Info    : [ 30%] Meshing curve 139 (Line)
Info    : [ 30%] Meshing curve 140 (Line)
Info    : [ 30%] Meshing curve 141 (Line)
Info    : [ 30%] Meshing curve 142 (Line)
Info    : [ 30%] Meshing curve 143 (Line)
Info    : [ 30%] Meshing curve 144 (Line)
Info    : [ 30%] Meshing curve 145 (Line)
Info    : [ 30%] Meshing curve 146 (Line)
Info    : [ 30%] Meshing curve 147 (Line)
Info    : [ 30%] Meshing curve 148 (Line)
Info    : [ 30%] Meshing curve 149 (Line)
Info    : [ 30%] Meshing curve 150 (Line)
Info    : [ 30%] Meshing curve 151 (Line)
Info    : [ 30%] Meshing curve 152 (Line)
Info    : [ 30%] Meshing curve 153 (Line)
Info    : [ 30%] Meshing curve 154 (Line)
Info    : [ 30%] Meshing curve 155 (Line)
Info    : [ 30%] Meshing curve 156 (Line)
Info    : [ 30%] Meshing curve 385 (Line)
Info    : [ 30%] Meshing curve 386 (Line)
Info    : [ 30%] Meshing curve 387 (Line)
Info    : [ 30%] Meshing curve 388 (Line)
Info    : [ 30%] Meshing curve 389 (Line)
Info    : [ 30%] Meshing curve 390 (Line)
Info    : [ 30%] Meshing curve 391 (Line)
Info    : [ 30%] Meshing curve 392 (Line)
Info    : [ 30%] Meshing curve 393 (Line)
Info    : [ 30%] Meshing curve 394 (Line)
Info    : [ 30%] Meshing curve 395 (Line)
Info    : [ 30%] Meshing curve 396 (Line)
Info    : [ 40%] Meshing curve 397 (TrimmedCurve)
Info    : [ 40%] Meshing curve 398 (Line)
Info    : [ 40%] Meshing curve 399 (TrimmedCurve)
Info    : [ 40%] Meshing curve 400 (Line)
Info    : [ 40%] Meshing curve 401 (Line)
Info    : [ 40%] Meshing curve 402 (Line)
Info    : [ 40%] Meshing curve 403 (Line)
Info    : [ 40%] Meshing curve 404 (Line)
Info    : [ 40%] Meshing curve 405 (Line)
Info    : [ 40%] Meshing curve 406 (Line)
Info    : [ 40%] Meshing curve 407 (Line)
Info    : [ 40%] Meshing curve 408 (TrimmedCurve)
Info    : [ 40%] Meshing curve 409 (Line)
Info    : [ 40%] Meshing curve 410 (TrimmedCurve)
Info    : [ 40%] Meshing curve 411 (Line)
Info    : [ 40%] Meshing curve 412 (Line)
Info    : [ 40%] Meshing curve 413 (Line)
Info    : [ 40%] Meshing curve 414 (Line)
Info    : [ 40%] Meshing curve 415 (Line)
Info    : [ 40%] Meshing curve 416 (Line)
Info    : [ 40%] Meshing curve 417 (Line)
Info    : [ 40%] Meshing curve 418 (Line)
Info    : [ 40%] Meshing curve 419 (Line)
Info    : [ 40%] Meshing curve 420 (Line)
Info    : [ 40%] Meshing curve 421 (Line)
Info    : [ 40%] Meshing curve 422 (Line)
Info    : [ 40%] Meshing curve 423 (Line)
Info    : [ 40%] Meshing curve 424 (Line)
Info    : [ 40%] Meshing curve 425 (Line)
Info    : [ 40%] Meshing curve 426 (Line)
Info    : [ 40%] Meshing curve 427 (Line)
Info    : [ 40%] Meshing curve 428 (Line)
Info    : [ 40%] Meshing curve 429 (Line)
Info    : [ 50%] Meshing curve 430 (Line)
Info    : [ 50%] Meshing curve 431 (Line)
Info    : [ 50%] Meshing curve 432 (TrimmedCurve)
Info    : [ 50%] Meshing curve 433 (Line)
Info    : [ 50%] Meshing curve 434 (TrimmedCurve)
Info    : [ 50%] Meshing curve 435 (Line)
Info    : [ 50%] Meshing curve 436 (TrimmedCurve)
Info    : [ 50%] Meshing curve 437 (Line)
Info    : [ 50%] Meshing curve 438 (TrimmedCurve)
Info    : [ 50%] Meshing curve 439 (Line)
Info    : [ 50%] Meshing curve 440 (TrimmedCurve)
Info    : [ 50%] Meshing curve 441 (Line)
Info    : [ 50%] Meshing curve 442 (TrimmedCurve)
Info    : [ 50%] Meshing curve 443 (Line)
Info    : [ 50%] Meshing curve 444 (Line)
Info    : [ 50%] Meshing curve 445 (Line)
Info    : [ 50%] Meshing curve 446 (Line)
Info    : [ 50%] Meshing curve 447 (Line)
Info    : [ 50%] Meshing curve 448 (TrimmedCurve)
Info    : [ 50%] Meshing curve 449 (Line)
Info    : [ 50%] Meshing curve 450 (TrimmedCurve)
Info    : [ 50%] Meshing curve 451 (Line)
Info    : [ 50%] Meshing curve 452 (TrimmedCurve)
Info    : [ 50%] Meshing curve 453 (Line)
Info    : [ 50%] Meshing curve 454 (TrimmedCurve)
Info    : [ 50%] Meshing curve 455 (Line)
Info    : [ 50%] Meshing curve 456 (TrimmedCurve)
Info    : [ 50%] Meshing curve 457 (Line)
Info    : [ 50%] Meshing curve 458 (TrimmedCurve)
Info    : [ 50%] Meshing curve 459 (Line)
Info    : [ 50%] Meshing curve 460 (Line)
Info    : [ 50%] Meshing curve 461 (TrimmedCurve)
Info    : [ 50%] Meshing curve 462 (Line)
Info    : [ 60%] Meshing curve 463 (TrimmedCurve)
Info    : [ 60%] Meshing curve 464 (Line)
Info    : [ 60%] Meshing curve 465 (TrimmedCurve)
Info    : [ 60%] Meshing curve 466 (Line)
Info    : [ 60%] Meshing curve 467 (TrimmedCurve)
Info    : [ 60%] Meshing curve 468 (Line)
Info    : [ 60%] Meshing curve 469 (TrimmedCurve)
Info    : [ 60%] Meshing curve 470 (Line)
Info    : [ 60%] Meshing curve 471 (TrimmedCurve)
Info    : [ 60%] Meshing curve 472 (Line)
Info    : [ 60%] Meshing curve 473 (Line)
Info    : [ 60%] Meshing curve 474 (Line)
Info    : [ 60%] Meshing curve 475 (Line)
Info    : [ 60%] Meshing curve 476 (Line)
Info    : [ 60%] Meshing curve 477 (TrimmedCurve)
Info    : [ 60%] Meshing curve 478 (Line)
Info    : [ 60%] Meshing curve 479 (TrimmedCurve)
Info    : [ 60%] Meshing curve 480 (Line)
Info    : [ 60%] Meshing curve 481 (TrimmedCurve)
Info    : [ 60%] Meshing curve 482 (Line)
Info    : [ 60%] Meshing curve 483 (TrimmedCurve)
Info    : [ 60%] Meshing curve 484 (Line)
Info    : [ 60%] Meshing curve 485 (TrimmedCurve)
Info    : [ 60%] Meshing curve 486 (Line)
Info    : [ 60%] Meshing curve 487 (TrimmedCurve)
Info    : [ 60%] Meshing curve 488 (Line)
Info    : [ 60%] Meshing curve 489 (Line)
Info    : [ 60%] Meshing curve 490 (Line)
Info    : [ 60%] Meshing curve 491 (Line)
Info    : [ 60%] Meshing curve 492 (Line)
Info    : [ 60%] Meshing curve 493 (Line)
Info    : [ 60%] Meshing curve 494 (Line)
Info    : [ 70%] Meshing curve 495 (Line)
Info    : [ 70%] Meshing curve 496 (Line)
Info    : [ 70%] Meshing curve 497 (Line)
Info    : [ 70%] Meshing curve 498 (Line)
Info    : [ 70%] Meshing curve 499 (Line)
Info    : [ 70%] Meshing curve 500 (Line)
Info    : [ 70%] Meshing curve 501 (Line)
Info    : [ 70%] Meshing curve 502 (Line)
Info    : [ 70%] Meshing curve 503 (Line)
Info    : [ 70%] Meshing curve 504 (Line)
Info    : [ 70%] Meshing curve 505 (Line)
Info    : [ 70%] Meshing curve 506 (Line)
Info    : [ 70%] Meshing curve 507 (Line)
Info    : [ 70%] Meshing curve 508 (Line)
Info    : [ 70%] Meshing curve 509 (Line)
Info    : [ 70%] Meshing curve 510 (Line)
Info    : [ 70%] Meshing curve 511 (Line)
Info    : [ 70%] Meshing curve 512 (Line)
Info    : [ 70%] Meshing curve 513 (Line)
Info    : [ 70%] Meshing curve 514 (Line)
Info    : [ 70%] Meshing curve 515 (Line)
Info    : [ 70%] Meshing curve 516 (Line)
Info    : [ 70%] Meshing curve 517 (Line)
Info    : [ 70%] Meshing curve 518 (Line)
Info    : [ 70%] Meshing curve 519 (Line)
Info    : [ 70%] Meshing curve 520 (Line)
Info    : [ 70%] Meshing curve 521 (Line)
Info    : [ 70%] Meshing curve 522 (Line)
Info    : [ 70%] Meshing curve 523 (Line)
Info    : [ 70%] Meshing curve 524 (Line)
Info    : [ 70%] Meshing curve 525 (Line)
Info    : [ 70%] Meshing curve 526 (Line)
Info    : [ 70%] Meshing curve 527 (Line)
Info    : [ 80%] Meshing curve 528 (TrimmedCurve)
Info    : [ 80%] Meshing curve 529 (Line)
Info    : [ 80%] Meshing curve 530 (Line)
Info    : [ 80%] Meshing curve 531 (Line)
Info    : [ 80%] Meshing curve 532 (Line)
Info    : [ 80%] Meshing curve 533 (Line)
Info    : [ 80%] Meshing curve 534 (TrimmedCurve)
Info    : [ 80%] Meshing curve 535 (Line)
Info    : [ 80%] Meshing curve 536 (Line)
Info    : [ 80%] Meshing curve 537 (TrimmedCurve)
Info    : [ 80%] Meshing curve 538 (Line)
Info    : [ 80%] Meshing curve 539 (Line)
Info    : [ 80%] Meshing curve 540 (Line)
Info    : [ 80%] Meshing curve 541 (Line)
Info    : [ 80%] Meshing curve 542 (Line)
Info    : [ 80%] Meshing curve 543 (TrimmedCurve)
Info    : [ 80%] Meshing curve 544 (Line)
Info    : [ 80%] Meshing curve 545 (Line)
Info    : [ 80%] Meshing curve 546 (Line)
Info    : [ 80%] Meshing curve 547 (Line)
Info    : [ 80%] Meshing curve 548 (Line)
Info    : [ 80%] Meshing curve 549 (Line)
Info    : [ 80%] Meshing curve 550 (Line)
Info    : [ 80%] Meshing curve 551 (Line)
Info    : [ 80%] Meshing curve 552 (Line)
Info    : [ 80%] Meshing curve 553 (Line)
Info    : [ 80%] Meshing curve 554 (Line)
Info    : [ 80%] Meshing curve 555 (Line)
Info    : [ 80%] Meshing curve 556 (Line)
Info    : [ 80%] Meshing curve 557 (Line)
Info    : [ 80%] Meshing curve 558 (Line)
Info    : [ 80%] Meshing curve 559 (Line)
Info    : [ 90%] Meshing curve 560 (Line)
Info    : [ 90%] Meshing curve 561 (Line)
Info    : [ 90%] Meshing curve 562 (Line)
Info    : [ 90%] Meshing curve 563 (Line)
Info    : [ 90%] Meshing curve 564 (Line)
Info    : [ 90%] Meshing curve 565 (Line)
Info    : [ 90%] Meshing curve 566 (Line)
Info    : [ 90%] Meshing curve 567 (Line)
Info    : [ 90%] Meshing curve 568 (Line)
Info    : [ 90%] Meshing curve 569 (Line)
Info    : [ 90%] Meshing curve 570 (Line)
Info    : [ 90%] Meshing curve 571 (Line)
Info    : [ 90%] Meshing curve 572 (Line)
Info    : [ 90%] Meshing curve 573 (Line)
Info    : [ 90%] Meshing curve 574 (Line)
Info    : [ 90%] Meshing curve 575 (Line)
Info    : [ 90%] Meshing curve 576 (Line)
Info    : [ 90%] Meshing curve 577 (Line)
Info    : [ 90%] Meshing curve 578 (Line)
Info    : [ 90%] Meshing curve 579 (Line)
Info    : [ 90%] Meshing curve 580 (Line)
Info    : [ 90%] Meshing curve 581 (Line)
Info    : [ 90%] Meshing curve 582 (Line)
Info    : [ 90%] Meshing curve 583 (Line)
Info    : [ 90%] Meshing curve 584 (Line)
Info    : [ 90%] Meshing curve 585 (Line)
Info    : [ 90%] Meshing curve 586 (Line)
Info    : [ 90%] Meshing curve 587 (Line)
Info    : [ 90%] Meshing curve 588 (Line)
Info    : [ 90%] Meshing curve 589 (Line)
Info    : [ 90%] Meshing curve 590 (Line)
Info    : [ 90%] Meshing curve 591 (Line)
Info    : [ 90%] Meshing curve 592 (Line)
Info    : [100%] Meshing curve 593 (Line)
Info    : [100%] Meshing curve 594 (Line)
Info    : [100%] Meshing curve 595 (Line)
Info    : [100%] Meshing curve 596 (Line)
Info    : [100%] Meshing curve 597 (Line)
Info    : [100%] Meshing curve 598 (Line)
Info    : [100%] Meshing curve 599 (Line)
Info    : [100%] Meshing curve 600 (Line)
Info    : [100%] Meshing curve 601 (Line)
Info    : [100%] Meshing curve 602 (Line)
Info    : [100%] Meshing curve 603 (Line)
Info    : [100%] Meshing curve 604 (Line)
Info    : [100%] Meshing curve 605 (Line)
Info    : [100%] Meshing curve 606 (Line)
Info    : [100%] Meshing curve 607 (Line)
Info    : [100%] Meshing curve 608 (Line)
Info    : [100%] Meshing curve 609 (Line)
Info    : [100%] Meshing curve 610 (Line)
Info    : [100%] Meshing curve 611 (Line)
Info    : [100%] Meshing curve 612 (Line)
Info    : [100%] Meshing curve 613 (Line)
Info    : [100%] Meshing curve 614 (Line)
Info    : [100%] Meshing curve 615 (Line)
Info    : [100%] Meshing curve 616 (Line)
Info    : [100%] Meshing curve 617 (Line)
Info    : [100%] Meshing curve 618 (Line)
Info    : [100%] Meshing curve 619 (Line)
Info    : [100%] Meshing curve 620 (Line)
Info    : [100%] Meshing curve 621 (Line)
Info    : [100%] Meshing curve 622 (Line)
Info    : [100%] Meshing curve 623 (Line)
Info    : [100%] Meshing curve 624 (Line)
Info    : Done meshing 1D (Wall 1.27956s, CPU 1.26187s)
Info    : Meshing 2D...
Info    : [  0%] Meshing surface 35 (Plane, Delaunay)
Info    : [ 10%] Meshing surface 41 (Plane, Delaunay)
Info    : [ 10%] Meshing surface 43 (Plane, Delaunay)
Info    : [ 10%] Meshing surface 44 (Plane, Delaunay)
Info    : [ 10%] Meshing surface 45 (Plane, Delaunay)
Info    : [ 10%] Meshing surface 46 (Plane, Delaunay)
Info    : [ 10%] Meshing surface 47 (Plane, Delaunay)
Info    : [ 10%] Meshing surface 48 (Plane, Delaunay)
Info    : [ 10%] Meshing surface 49 (Plane, Delaunay)
Info    : [ 10%] Meshing surface 50 (Plane, Delaunay)
Info    : [ 10%] Meshing surface 51 (Plane, Delaunay)
Info    : [ 10%] Meshing surface 53 (Plane, Delaunay)
Info    : [ 10%] Meshing surface 54 (Plane, Delaunay)
Info    : [ 10%] Meshing surface 55 (Plane, Delaunay)
Info    : [ 10%] Meshing surface 56 (Plane, Delaunay)
Info    : [ 20%] Meshing surface 57 (Plane, Delaunay)
Info    : [ 20%] Meshing surface 58 (Plane, Delaunay)
Info    : [ 20%] Meshing surface 59 (Plane, Delaunay)
Info    : [ 20%] Meshing surface 60 (Plane, Delaunay)
Info    : [ 20%] Meshing surface 61 (Plane, Delaunay)
Info    : [ 20%] Meshing surface 62 (Plane, Delaunay)
Info    : [ 20%] Meshing surface 63 (Plane, Delaunay)
Info    : [ 20%] Meshing surface 64 (Plane, Delaunay)
Info    : [ 20%] Meshing surface 65 (Plane, Delaunay)
Info    : [ 20%] Meshing surface 66 (Plane, Delaunay)
Info    : [ 20%] Meshing surface 67 (Plane, Delaunay)
Info    : [ 20%] Meshing surface 68 (Plane, Delaunay)
Info    : [ 20%] Meshing surface 69 (Plane, Delaunay)
Info    : [ 20%] Meshing surface 70 (Plane, Delaunay)
Info    : [ 30%] Meshing surface 71 (Plane, Delaunay)
Info    : [ 30%] Meshing surface 72 (Plane, Delaunay)
Info    : [ 30%] Meshing surface 73 (Plane, Delaunay)
Info    : [ 30%] Meshing surface 74 (Plane, Delaunay)
Info    : [ 30%] Meshing surface 75 (Plane, Delaunay)
Info    : [ 30%] Meshing surface 76 (Plane, Delaunay)
Info    : [ 30%] Meshing surface 173 (Plane, Delaunay)
Info    : [ 30%] Meshing surface 174 (Plane, Delaunay)
Info    : [ 30%] Meshing surface 175 (Plane, Delaunay)
Info    : [ 30%] Meshing surface 177 (Plane, Delaunay)
Info    : [ 30%] Meshing surface 178 (Plane, Delaunay)
Info    : [ 30%] Meshing surface 179 (Plane, Delaunay)
Info    : [ 30%] Meshing surface 180 (Plane, Delaunay)
Info    : [ 30%] Meshing surface 181 (Plane, Delaunay)
Info    : [ 40%] Meshing surface 182 (Plane, Delaunay)
Info    : [ 40%] Meshing surface 183 (Plane, Delaunay)
Info    : [ 40%] Meshing surface 184 (Plane, Delaunay)
Info    : [ 40%] Meshing surface 185 (Plane, Delaunay)
Info    : [ 40%] Meshing surface 186 (Plane, Delaunay)
Info    : [ 40%] Meshing surface 187 (Plane, Delaunay)
Info    : [ 40%] Meshing surface 188 (Plane, Delaunay)
Info    : [ 40%] Meshing surface 189 (Plane, Delaunay)
Info    : [ 40%] Meshing surface 191 (Plane, Delaunay)
Info    : [ 40%] Meshing surface 192 (Plane, Delaunay)
Info    : [ 40%] Meshing surface 193 (Plane, Delaunay)
Info    : [ 40%] Meshing surface 194 (Plane, Delaunay)
Info    : [ 40%] Meshing surface 195 (Plane, Delaunay)
Info    : [ 40%] Meshing surface 196 (Plane, Delaunay)
Info    : [ 50%] Meshing surface 197 (Plane, Delaunay)
Info    : [ 50%] Meshing surface 198 (Plane, Delaunay)
Info    : [ 50%] Meshing surface 199 (Plane, Delaunay)
Info    : [ 50%] Meshing surface 200 (Plane, Delaunay)
Info    : [ 50%] Meshing surface 201 (Plane, Delaunay)
Info    : [ 50%] Meshing surface 202 (Plane, Delaunay)
Info    : [ 50%] Meshing surface 203 (Plane, Delaunay)
Info    : [ 50%] Meshing surface 204 (Plane, Delaunay)
Info    : [ 50%] Meshing surface 205 (Plane, Delaunay)
Info    : [ 50%] Meshing surface 206 (Plane, Delaunay)
Info    : [ 50%] Meshing surface 207 (Plane, Delaunay)
Info    : [ 50%] Meshing surface 208 (Plane, Delaunay)
Info    : [ 50%] Meshing surface 209 (Plane, Delaunay)
Info    : [ 50%] Meshing surface 210 (Plane, Delaunay)
Info    : [ 50%] Meshing surface 211 (Plane, Delaunay)
Info    : [ 60%] Meshing surface 212 (Plane, Delaunay)
Info    : [ 60%] Meshing surface 213 (Plane, Delaunay)
Info    : [ 60%] Meshing surface 214 (Plane, Delaunay)
Info    : [ 60%] Meshing surface 215 (Plane, Delaunay)
Info    : [ 60%] Meshing surface 216 (Plane, Delaunay)
Info    : [ 60%] Meshing surface 217 (Plane, Delaunay)
Info    : [ 60%] Meshing surface 218 (Plane, Delaunay)
Info    : [ 60%] Meshing surface 219 (Plane, Delaunay)
Info    : [ 60%] Meshing surface 220 (Plane, Delaunay)
Info    : [ 60%] Meshing surface 221 (Plane, Delaunay)
Info    : [ 60%] Meshing surface 222 (Plane, Delaunay)
Info    : [ 60%] Meshing surface 223 (Plane, Delaunay)
Info    : [ 60%] Meshing surface 225 (Plane, Delaunay)
Info    : [ 60%] Meshing surface 226 (Plane, Delaunay)
Info    : [ 70%] Meshing surface 227 (Plane, Delaunay)
Info    : [ 70%] Meshing surface 228 (Plane, Delaunay)
Info    : [ 70%] Meshing surface 229 (Plane, Delaunay)
Info    : [ 70%] Meshing surface 230 (Plane, Delaunay)
Info    : [ 70%] Meshing surface 231 (Plane, Delaunay)
Info    : [ 70%] Meshing surface 232 (Plane, Delaunay)
Info    : [ 70%] Meshing surface 233 (Plane, Delaunay)
Info    : [ 70%] Meshing surface 234 (Plane, Delaunay)
Info    : [ 70%] Meshing surface 235 (Plane, Delaunay)
Info    : [ 70%] Meshing surface 236 (Plane, Delaunay)
Info    : [ 70%] Meshing surface 237 (Plane, Delaunay)
Info    : [ 70%] Meshing surface 238 (Plane, Delaunay)
Info    : [ 70%] Meshing surface 239 (Plane, Delaunay)
Info    : [ 70%] Meshing surface 240 (Plane, Delaunay)
Info    : [ 80%] Meshing surface 241 (Plane, Delaunay)
Info    : [ 80%] Meshing surface 242 (Plane, Delaunay)
Info    : [ 80%] Meshing surface 243 (Plane, Delaunay)
Info    : [ 80%] Meshing surface 244 (Plane, Delaunay)
Info    : [ 80%] Meshing surface 245 (Plane, Delaunay)
Info    : [ 80%] Meshing surface 246 (Plane, Delaunay)
Info    : [ 80%] Meshing surface 247 (Plane, Delaunay)
Info    : [ 80%] Meshing surface 248 (Plane, Delaunay)
Info    : [ 80%] Meshing surface 249 (Plane, Delaunay)
Info    : [ 80%] Meshing surface 250 (Plane, Delaunay)
Info    : [ 80%] Meshing surface 251 (Plane, Delaunay)
Info    : [ 80%] Meshing surface 252 (Plane, Delaunay)
Info    : [ 80%] Meshing surface 253 (Plane, Delaunay)
Info    : [ 80%] Meshing surface 254 (Plane, Delaunay)
Info    : [ 90%] Meshing surface 255 (Plane, Delaunay)
Info    : [ 90%] Meshing surface 256 (Plane, Delaunay)
Info    : [ 90%] Meshing surface 257 (Plane, Delaunay)
Info    : [ 90%] Meshing surface 258 (Plane, Delaunay)
Info    : [ 90%] Meshing surface 259 (Plane, Delaunay)
Info    : [ 90%] Meshing surface 260 (Plane, Delaunay)
Info    : [ 90%] Meshing surface 261 (Plane, Delaunay)
Info    : [ 90%] Meshing surface 262 (Plane, Delaunay)
Info    : [ 90%] Meshing surface 263 (Plane, Delaunay)
Info    : [ 90%] Meshing surface 264 (Plane, Delaunay)
Info    : [ 90%] Meshing surface 265 (Plane, Delaunay)
Info    : [ 90%] Meshing surface 266 (Plane, Delaunay)
Info    : [ 90%] Meshing surface 267 (Plane, Delaunay)
Info    : [ 90%] Meshing surface 268 (Plane, Delaunay)
Info    : [100%] Meshing surface 269 (Plane, Delaunay)
Info    : [100%] Meshing surface 270 (Plane, Delaunay)
Info    : [100%] Meshing surface 271 (Plane, Delaunay)
Info    : [100%] Meshing surface 272 (Plane, Delaunay)
Info    : [100%] Meshing surface 273 (Plane, Delaunay)
Info    : [100%] Meshing surface 274 (Plane, Delaunay)
Info    : [100%] Meshing surface 275 (Plane, Delaunay)
Info    : [100%] Meshing surface 276 (Plane, Delaunay)
Info    : [100%] Meshing surface 277 (Plane, Delaunay)
Info    : [100%] Meshing surface 278 (Plane, Delaunay)
Info    : [100%] Meshing surface 279 (Plane, Delaunay)
Info    : [100%] Meshing surface 280 (Plane, Delaunay)
Info    : [100%] Meshing surface 281 (Plane, Delaunay)
Info    : [100%] Meshing surface 282 (Plane, Delaunay)
Info    : Done meshing 2D (Wall 0.341168s, CPU 0.34116s)
Info    : Meshing 3D...
Info    : 3D Meshing 16 volumes with 1 connected component
Info    : Tetrahedrizing 2833 nodes...
Info    : Done tetrahedrizing 2841 nodes (Wall 0.0421991s, CPU 0.042198s)
Info    : Reconstructing mesh...
Info    :  - Creating surface mesh
Info    :  - Identifying boundary edges
Info    :  - Recovering boundary
Info    :  - Added 13 Steiner points
Info    : Done reconstructing mesh (Wall 0.122426s, CPU 0.122048s)
Info    : Found volume 27
Info    : Found volume 28
Info    : Found volume 23
Info    : Found volume 26
Info    : Found volume 30
Info    : Found volume 29
Info    : Found volume 6
Info    : Found volume 7
Info    : Found volume 24
Info    : Found volume 25
Info    : Found volume 8
Info    : Found volume 31
Info    : Found volume 9
Info    : Found volume 12
Info    : Found volume 11
Info    : Found volume 10
Info    : It. 0 - 0 nodes created - worst tet radius 10.5086 (nodes removed 0 0)
Info    : It. 500 - 109 nodes created - worst tet radius 1.20999 (nodes removed 0 391)
Info    : It. 1000 - 254 nodes created - worst tet radius 1.08512 (nodes removed 13 733)
Info    : 3D refinement terminated (3114 nodes total):
Info    :  - 6 Delaunay cavities modified for star shapeness
Info    :  - 757 nodes could not be inserted
Info    :  - 18346 tetrahedra created in 0.0505403 sec. (362997 tets/s)
Info    : 198 node relocations
Info    : Done meshing 3D (Wall 0.330968s, CPU 0.326351s)
Info    : Optimizing mesh...
Info    : Optimizing volume 6
Info    : Optimization starts (volume = 144) with worst = 0.125314 / average = 0.531129:
Info    : 0.00 < quality < 0.10 :         0 elements
Info    : 0.10 < quality < 0.20 :         2 elements
Info    : 0.20 < quality < 0.30 :        35 elements
Info    : 0.30 < quality < 0.40 :         8 elements
Info    : 0.40 < quality < 0.50 :        43 elements
Info    : 0.50 < quality < 0.60 :        34 elements
Info    : 0.60 < quality < 0.70 :         4 elements
Info    : 0.70 < quality < 0.80 :        32 elements
Info    : 0.80 < quality < 0.90 :        16 elements
Info    : 0.90 < quality < 1.00 :         2 elements
Info    : 2 edge swaps, 0 node relocations (volume = 144): worst = 0.125314 / average = 0.530827 (Wall 0.00021787s, CPU 0.000221s)
Info    : No ill-shaped tets in the mesh :-)
Info    : 0.00 < quality < 0.10 :         0 elements
Info    : 0.10 < quality < 0.20 :         2 elements
Info    : 0.20 < quality < 0.30 :        35 elements
Info    : 0.30 < quality < 0.40 :         8 elements
Info    : 0.40 < quality < 0.50 :        45 elements
Info    : 0.50 < quality < 0.60 :        32 elements
Info    : 0.60 < quality < 0.70 :         4 elements
Info    : 0.70 < quality < 0.80 :        32 elements
Info    : 0.80 < quality < 0.90 :        16 elements
Info    : 0.90 < quality < 1.00 :         2 elements
Info    : Optimizing volume 7
Info    : Optimization starts (volume = 144) with worst = 0.125314 / average = 0.523731:
Info    : 0.00 < quality < 0.10 :         0 elements
Info    : 0.10 < quality < 0.20 :         2 elements
Info    : 0.20 < quality < 0.30 :        35 elements
Info    : 0.30 < quality < 0.40 :         8 elements
Info    : 0.40 < quality < 0.50 :        49 elements
Info    : 0.50 < quality < 0.60 :        34 elements
Info    : 0.60 < quality < 0.70 :         5 elements
Info    : 0.70 < quality < 0.80 :        28 elements
Info    : 0.80 < quality < 0.90 :        16 elements
Info    : 0.90 < quality < 1.00 :         2 elements
Info    : 2 edge swaps, 0 node relocations (volume = 144): worst = 0.125314 / average = 0.523435 (Wall 0.000149303s, CPU 0.00015s)
Info    : No ill-shaped tets in the mesh :-)
Info    : 0.00 < quality < 0.10 :         0 elements
Info    : 0.10 < quality < 0.20 :         2 elements
Info    : 0.20 < quality < 0.30 :        35 elements
Info    : 0.30 < quality < 0.40 :         8 elements
Info    : 0.40 < quality < 0.50 :        51 elements
Info    : 0.50 < quality < 0.60 :        32 elements
Info    : 0.60 < quality < 0.70 :         5 elements
Info    : 0.70 < quality < 0.80 :        28 elements
Info    : 0.80 < quality < 0.90 :        16 elements
Info    : 0.90 < quality < 1.00 :         2 elements
Info    : Optimizing volume 8
Info    : Optimization starts (volume = 48.544) with worst = 0.177187 / average = 0.605117:
Info    : 0.00 < quality < 0.10 :         0 elements
Info    : 0.10 < quality < 0.20 :         4 elements
Info    : 0.20 < quality < 0.30 :         4 elements
Info    : 0.30 < quality < 0.40 :        12 elements
Info    : 0.40 < quality < 0.50 :        12 elements
Info    : 0.50 < quality < 0.60 :        18 elements
Info    : 0.60 < quality < 0.70 :        18 elements
Info    : 0.70 < quality < 0.80 :        16 elements
Info    : 0.80 < quality < 0.90 :        12 elements
Info    : 0.90 < quality < 1.00 :         8 elements
Info    : 2 edge swaps, 0 node relocations (volume = 48.544): worst = 0.177187 / average = 0.61544 (Wall 5.8046e-05s, CPU 5.8e-05s)
Info    : No ill-shaped tets in the mesh :-)
Info    : 0.00 < quality < 0.10 :         0 elements
Info    : 0.10 < quality < 0.20 :         2 elements
Info    : 0.20 < quality < 0.30 :         4 elements
Info    : 0.30 < quality < 0.40 :        12 elements
Info    : 0.40 < quality < 0.50 :        11 elements
Info    : 0.50 < quality < 0.60 :        19 elements
Info    : 0.60 < quality < 0.70 :        17 elements
Info    : 0.70 < quality < 0.80 :        17 elements
Info    : 0.80 < quality < 0.90 :        12 elements
Info    : 0.90 < quality < 1.00 :         8 elements
Info    : Optimizing volume 9
Info    : Optimization starts (volume = 2.268) with worst = 0.266475 / average = 0.325093:
Info    : 0.00 < quality < 0.10 :         0 elements
Info    : 0.10 < quality < 0.20 :         0 elements
Info    : 0.20 < quality < 0.30 :         4 elements
Info    : 0.30 < quality < 0.40 :         8 elements
Info    : 0.40 < quality < 0.50 :         0 elements
Info    : 0.50 < quality < 0.60 :         0 elements
Info    : 0.60 < quality < 0.70 :         0 elements
Info    : 0.70 < quality < 0.80 :         0 elements
Info    : 0.80 < quality < 0.90 :         0 elements
Info    : 0.90 < quality < 1.00 :         0 elements
Info    : No ill-shaped tets in the mesh :-)
Info    : 0.00 < quality < 0.10 :         0 elements
Info    : 0.10 < quality < 0.20 :         0 elements
Info    : 0.20 < quality < 0.30 :         4 elements
Info    : 0.30 < quality < 0.40 :         8 elements
Info    : 0.40 < quality < 0.50 :         0 elements
Info    : 0.50 < quality < 0.60 :         0 elements
Info    : 0.60 < quality < 0.70 :         0 elements
Info    : 0.70 < quality < 0.80 :         0 elements
Info    : 0.80 < quality < 0.90 :         0 elements
Info    : 0.90 < quality < 1.00 :         0 elements
Info    : Optimizing volume 10
Info    : Optimization starts (volume = 2.268) with worst = 0.266475 / average = 0.325093:
Info    : 0.00 < quality < 0.10 :         0 elements
Info    : 0.10 < quality < 0.20 :         0 elements
Info    : 0.20 < quality < 0.30 :         4 elements
Info    : 0.30 < quality < 0.40 :         8 elements
Info    : 0.40 < quality < 0.50 :         0 elements
Info    : 0.50 < quality < 0.60 :         0 elements
Info    : 0.60 < quality < 0.70 :         0 elements
Info    : 0.70 < quality < 0.80 :         0 elements
Info    : 0.80 < quality < 0.90 :         0 elements
Info    : 0.90 < quality < 1.00 :         0 elements
Info    : No ill-shaped tets in the mesh :-)
Info    : 0.00 < quality < 0.10 :         0 elements
Info    : 0.10 < quality < 0.20 :         0 elements
Info    : 0.20 < quality < 0.30 :         4 elements
Info    : 0.30 < quality < 0.40 :         8 elements
Info    : 0.40 < quality < 0.50 :         0 elements
Info    : 0.50 < quality < 0.60 :         0 elements
Info    : 0.60 < quality < 0.70 :         0 elements
Info    : 0.70 < quality < 0.80 :         0 elements
Info    : 0.80 < quality < 0.90 :         0 elements
Info    : 0.90 < quality < 1.00 :         0 elements
Info    : Optimizing volume 11
Info    : Optimization starts (volume = 2.268) with worst = 0.266475 / average = 0.325093:
Info    : 0.00 < quality < 0.10 :         0 elements
Info    : 0.10 < quality < 0.20 :         0 elements
Info    : 0.20 < quality < 0.30 :         4 elements
Info    : 0.30 < quality < 0.40 :         8 elements
Info    : 0.40 < quality < 0.50 :         0 elements
Info    : 0.50 < quality < 0.60 :         0 elements
Info    : 0.60 < quality < 0.70 :         0 elements
Info    : 0.70 < quality < 0.80 :         0 elements
Info    : 0.80 < quality < 0.90 :         0 elements
Info    : 0.90 < quality < 1.00 :         0 elements
Info    : No ill-shaped tets in the mesh :-)
Info    : 0.00 < quality < 0.10 :         0 elements
Info    : 0.10 < quality < 0.20 :         0 elements
Info    : 0.20 < quality < 0.30 :         4 elements
Info    : 0.30 < quality < 0.40 :         8 elements
Info    : 0.40 < quality < 0.50 :         0 elements
Info    : 0.50 < quality < 0.60 :         0 elements
Info    : 0.60 < quality < 0.70 :         0 elements
Info    : 0.70 < quality < 0.80 :         0 elements
Info    : 0.80 < quality < 0.90 :         0 elements
Info    : 0.90 < quality < 1.00 :         0 elements
Info    : Optimizing volume 12
Info    : Optimization starts (volume = 2.268) with worst = 0.266475 / average = 0.325093:
Info    : 0.00 < quality < 0.10 :         0 elements
Info    : 0.10 < quality < 0.20 :         0 elements
Info    : 0.20 < quality < 0.30 :         4 elements
Info    : 0.30 < quality < 0.40 :         8 elements
Info    : 0.40 < quality < 0.50 :         0 elements
Info    : 0.50 < quality < 0.60 :         0 elements
Info    : 0.60 < quality < 0.70 :         0 elements
Info    : 0.70 < quality < 0.80 :         0 elements
Info    : 0.80 < quality < 0.90 :         0 elements
Info    : 0.90 < quality < 1.00 :         0 elements
Info    : No ill-shaped tets in the mesh :-)
Info    : 0.00 < quality < 0.10 :         0 elements
Info    : 0.10 < quality < 0.20 :         0 elements
Info    : 0.20 < quality < 0.30 :         4 elements
Info    : 0.30 < quality < 0.40 :         8 elements
Info    : 0.40 < quality < 0.50 :         0 elements
Info    : 0.50 < quality < 0.60 :         0 elements
Info    : 0.60 < quality < 0.70 :         0 elements
Info    : 0.70 < quality < 0.80 :         0 elements
Info    : 0.80 < quality < 0.90 :         0 elements
Info    : 0.90 < quality < 1.00 :         0 elements
Info    : Optimizing volume 23
Info    : Optimization starts (volume = 2386.88) with worst = 0.000244845 / average = 0.175572:
Info    : 0.00 < quality < 0.10 :        67 elements
Info    : 0.10 < quality < 0.20 :      1311 elements
Info    : 0.20 < quality < 0.30 :        78 elements
Info    : 0.30 < quality < 0.40 :         4 elements
Info    : 0.40 < quality < 0.50 :         0 elements
Info    : 0.50 < quality < 0.60 :         0 elements
Info    : 0.60 < quality < 0.70 :         0 elements
Info    : 0.70 < quality < 0.80 :         0 elements
Info    : 0.80 < quality < 0.90 :         0 elements
Info    : 0.90 < quality < 1.00 :         0 elements
Info    : 105 edge swaps, 11 node relocations (volume = 2386.88): worst = 0.000244845 / average = 0.177814 (Wall 0.00664296s, CPU 0.006642s)
Info    : 114 edge swaps, 22 node relocations (volume = 2386.88): worst = 0.000244845 / average = 0.177813 (Wall 0.0142418s, CPU 0.014241s)
Warning : 1 ill-shaped tets are still in the mesh
Info    : 0.00 < quality < 0.10 :        48 elements
Info    : 0.10 < quality < 0.20 :      1279 elements
Info    : 0.20 < quality < 0.30 :        72 elements
Info    : 0.30 < quality < 0.40 :         4 elements
Info    : 0.40 < quality < 0.50 :         0 elements
Info    : 0.50 < quality < 0.60 :         0 elements
Info    : 0.60 < quality < 0.70 :         0 elements
Info    : 0.70 < quality < 0.80 :         0 elements
Info    : 0.80 < quality < 0.90 :         0 elements
Info    : 0.90 < quality < 1.00 :         0 elements
Info    : Optimizing volume 24
Info    : Optimization starts (volume = 1800.37) with worst = 0.0558211 / average = 0.690326:
Info    : 0.00 < quality < 0.10 :         1 elements
Info    : 0.10 < quality < 0.20 :         1 elements
Info    : 0.20 < quality < 0.30 :         9 elements
Info    : 0.30 < quality < 0.40 :        62 elements
Info    : 0.40 < quality < 0.50 :        22 elements
Info    : 0.50 < quality < 0.60 :       207 elements
Info    : 0.60 < quality < 0.70 :       123 elements
Info    : 0.70 < quality < 0.80 :       242 elements
Info    : 0.80 < quality < 0.90 :       230 elements
Info    : 0.90 < quality < 1.00 :        67 elements
Info    : 2 edge swaps, 0 node relocations (volume = 1800.37): worst = 0.137281 / average = 0.691557 (Wall 0.00015478s, CPU 0.000159s)
Info    : No ill-shaped tets in the mesh :-)
Info    : 0.00 < quality < 0.10 :         0 elements
Info    : 0.10 < quality < 0.20 :         1 elements
Info    : 0.20 < quality < 0.30 :         8 elements
Info    : 0.30 < quality < 0.40 :        62 elements
Info    : 0.40 < quality < 0.50 :        22 elements
Info    : 0.50 < quality < 0.60 :       207 elements
Info    : 0.60 < quality < 0.70 :       123 elements
Info    : 0.70 < quality < 0.80 :       242 elements
Info    : 0.80 < quality < 0.90 :       229 elements
Info    : 0.90 < quality < 1.00 :        68 elements
Info    : Optimizing volume 25
Info    : Optimization starts (volume = 526.869) with worst = 0.0558211 / average = 0.660488:
Info    : 0.00 < quality < 0.10 :         2 elements
Info    : 0.10 < quality < 0.20 :         2 elements
Info    : 0.20 < quality < 0.30 :         6 elements
Info    : 0.30 < quality < 0.40 :        12 elements
Info    : 0.40 < quality < 0.50 :        18 elements
Info    : 0.50 < quality < 0.60 :        87 elements
Info    : 0.60 < quality < 0.70 :        29 elements
Info    : 0.70 < quality < 0.80 :        53 elements
Info    : 0.80 < quality < 0.90 :        60 elements
Info    : 0.90 < quality < 1.00 :        22 elements
Info    : 3 edge swaps, 0 node relocations (volume = 526.869): worst = 0.157478 / average = 0.667041 (Wall 8.8836e-05s, CPU 8.9e-05s)
Info    : No ill-shaped tets in the mesh :-)
Info    : 0.00 < quality < 0.10 :         0 elements
Info    : 0.10 < quality < 0.20 :         2 elements
Info    : 0.20 < quality < 0.30 :         5 elements
Info    : 0.30 < quality < 0.40 :        11 elements
Info    : 0.40 < quality < 0.50 :        18 elements
Info    : 0.50 < quality < 0.60 :        88 elements
Info    : 0.60 < quality < 0.70 :        29 elements
Info    : 0.70 < quality < 0.80 :        53 elements
Info    : 0.80 < quality < 0.90 :        59 elements
Info    : 0.90 < quality < 1.00 :        23 elements
Info    : Optimizing volume 26
Info    : Optimization starts (volume = 1.26123e+07) with worst = 0.047029 / average = 0.610407:
Info    : 0.00 < quality < 0.10 :         5 elements
Info    : 0.10 < quality < 0.20 :        14 elements
Info    : 0.20 < quality < 0.30 :        15 elements
Info    : 0.30 < quality < 0.40 :        53 elements
Info    : 0.40 < quality < 0.50 :       188 elements
Info    : 0.50 < quality < 0.60 :       211 elements
Info    : 0.60 < quality < 0.70 :       217 elements
Info    : 0.70 < quality < 0.80 :       181 elements
Info    : 0.80 < quality < 0.90 :        85 elements
Info    : 0.90 < quality < 1.00 :        49 elements
Info    : 27 edge swaps, 2 node relocations (volume = 1.26123e+07): worst = 0.227606 / average = 0.62438 (Wall 0.000331811s, CPU 0.000332s)
Info    : No ill-shaped tets in the mesh :-)
Info    : 0.00 < quality < 0.10 :         0 elements
Info    : 0.10 < quality < 0.20 :         0 elements
Info    : 0.20 < quality < 0.30 :         1 elements
Info    : 0.30 < quality < 0.40 :        60 elements
Info    : 0.40 < quality < 0.50 :       176 elements
Info    : 0.50 < quality < 0.60 :       217 elements
Info    : 0.60 < quality < 0.70 :       230 elements
Info    : 0.70 < quality < 0.80 :       174 elements
Info    : 0.80 < quality < 0.90 :        90 elements
Info    : 0.90 < quality < 1.00 :        46 elements
Info    : Optimizing volume 27
Info    : Optimization starts (volume = 25224.5) with worst = 0.000523161 / average = 0.0530165:
Info    : 0.00 < quality < 0.10 :      1138 elements
Info    : 0.10 < quality < 0.20 :       205 elements
Info    : 0.20 < quality < 0.30 :         0 elements
Info    : 0.30 < quality < 0.40 :         0 elements
Info    : 0.40 < quality < 0.50 :         0 elements
Info    : 0.50 < quality < 0.60 :         0 elements
Info    : 0.60 < quality < 0.70 :         0 elements
Info    : 0.70 < quality < 0.80 :         0 elements
Info    : 0.80 < quality < 0.90 :         0 elements
Info    : 0.90 < quality < 1.00 :         0 elements
Info    : 210 edge swaps, 0 node relocations (volume = 25224.5): worst = 0.0013842 / average = 0.0536454 (Wall 0.00639451s, CPU 0.006393s)
Info    : 217 edge swaps, 0 node relocations (volume = 25224.5): worst = 0.0013842 / average = 0.0537028 (Wall 0.0146153s, CPU 0.014609s)
Info    : No ill-shaped tets in the mesh :-)
Info    : 0.00 < quality < 0.10 :      1009 elements
Info    : 0.10 < quality < 0.20 :       187 elements
Info    : 0.20 < quality < 0.30 :         0 elements
Info    : 0.30 < quality < 0.40 :         0 elements
Info    : 0.40 < quality < 0.50 :         0 elements
Info    : 0.50 < quality < 0.60 :         0 elements
Info    : 0.60 < quality < 0.70 :         0 elements
Info    : 0.70 < quality < 0.80 :         0 elements
Info    : 0.80 < quality < 0.90 :         0 elements
Info    : 0.90 < quality < 1.00 :         0 elements
Info    : Optimizing volume 28
Info    : Optimization starts (volume = 986913) with worst = 0.000182323 / average = 0.467348:
Info    : 0.00 < quality < 0.10 :       202 elements
Info    : 0.10 < quality < 0.20 :      1172 elements
Info    : 0.20 < quality < 0.30 :       995 elements
Info    : 0.30 < quality < 0.40 :      1261 elements
Info    : 0.40 < quality < 0.50 :      1098 elements
Info    : 0.50 < quality < 0.60 :      1221 elements
Info    : 0.60 < quality < 0.70 :       861 elements
Info    : 0.70 < quality < 0.80 :       784 elements
Info    : 0.80 < quality < 0.90 :       569 elements
Info    : 0.90 < quality < 1.00 :       304 elements
Info    : 479 edge swaps, 42 node relocations (volume = 986913): worst = 0.000196209 / average = 0.48071 (Wall 0.0226247s, CPU 0.022622s)
Info    : 534 edge swaps, 65 node relocations (volume = 986913): worst = 0.000196209 / average = 0.481375 (Wall 0.0384987s, CPU 0.038496s)
Warning : 1 ill-shaped tets are still in the mesh
Info    : 0.00 < quality < 0.10 :        79 elements
Info    : 0.10 < quality < 0.20 :      1014 elements
Info    : 0.20 < quality < 0.30 :       846 elements
Info    : 0.30 < quality < 0.40 :      1310 elements
Info    : 0.40 < quality < 0.50 :      1077 elements
Info    : 0.50 < quality < 0.60 :      1206 elements
Info    : 0.60 < quality < 0.70 :       871 elements
Info    : 0.70 < quality < 0.80 :       771 elements
Info    : 0.80 < quality < 0.90 :       572 elements
Info    : 0.90 < quality < 1.00 :       305 elements
Info    : Optimizing volume 29
Info    : Optimization starts (volume = 236480) with worst = 0.0120522 / average = 0.516454:
Info    : 0.00 < quality < 0.10 :        20 elements
Info    : 0.10 < quality < 0.20 :       113 elements
Info    : 0.20 < quality < 0.30 :       192 elements
Info    : 0.30 < quality < 0.40 :       228 elements
Info    : 0.40 < quality < 0.50 :       340 elements
Info    : 0.50 < quality < 0.60 :       398 elements
Info    : 0.60 < quality < 0.70 :       407 elements
Info    : 0.70 < quality < 0.80 :       279 elements
Info    : 0.80 < quality < 0.90 :        88 elements
Info    : 0.90 < quality < 1.00 :         2 elements
Info    : 96 edge swaps, 0 node relocations (volume = 236480): worst = 0.0838571 / average = 0.527709 (Wall 0.00222741s, CPU 0.002227s)
Info    : 103 edge swaps, 0 node relocations (volume = 236480): worst = 0.0838571 / average = 0.528088 (Wall 0.00474143s, CPU 0.004736s)
Info    : No ill-shaped tets in the mesh :-)
Info    : 0.00 < quality < 0.10 :         5 elements
Info    : 0.10 < quality < 0.20 :        70 elements
Info    : 0.20 < quality < 0.30 :       177 elements
Info    : 0.30 < quality < 0.40 :       242 elements
Info    : 0.40 < quality < 0.50 :       316 elements
Info    : 0.50 < quality < 0.60 :       394 elements
Info    : 0.60 < quality < 0.70 :       405 elements
Info    : 0.70 < quality < 0.80 :       282 elements
Info    : 0.80 < quality < 0.90 :        89 elements
Info    : 0.90 < quality < 1.00 :         2 elements
Info    : Optimizing volume 30
Info    : Optimization starts (volume = 1.1351e+07) with worst = 0.0719487 / average = 0.596626:
Info    : 0.00 < quality < 0.10 :         6 elements
Info    : 0.10 < quality < 0.20 :        14 elements
Info    : 0.20 < quality < 0.30 :        26 elements
Info    : 0.30 < quality < 0.40 :        95 elements
Info    : 0.40 < quality < 0.50 :       219 elements
Info    : 0.50 < quality < 0.60 :       305 elements
Info    : 0.60 < quality < 0.70 :       303 elements
Info    : 0.70 < quality < 0.80 :       180 elements
Info    : 0.80 < quality < 0.90 :       127 elements
Info    : 0.90 < quality < 1.00 :        30 elements
Info    : 45 edge swaps, 1 node relocations (volume = 1.1351e+07): worst = 0.28459 / average = 0.61078 (Wall 0.000535572s, CPU 0.000539s)
Info    : No ill-shaped tets in the mesh :-)
Info    : 0.00 < quality < 0.10 :         0 elements
Info    : 0.10 < quality < 0.20 :         0 elements
Info    : 0.20 < quality < 0.30 :         2 elements
Info    : 0.30 < quality < 0.40 :        98 elements
Info    : 0.40 < quality < 0.50 :       221 elements
Info    : 0.50 < quality < 0.60 :       300 elements
Info    : 0.60 < quality < 0.70 :       304 elements
Info    : 0.70 < quality < 0.80 :       180 elements
Info    : 0.80 < quality < 0.90 :       132 elements
Info    : 0.90 < quality < 1.00 :        30 elements
Info    : Optimizing volume 31
Info    : Optimization starts (volume = 3.64109e+07) with worst = 0.00486558 / average = 0.573138:
Info    : 0.00 < quality < 0.10 :        76 elements
Info    : 0.10 < quality < 0.20 :        34 elements
Info    : 0.20 < quality < 0.30 :        24 elements
Info    : 0.30 < quality < 0.40 :        46 elements
Info    : 0.40 < quality < 0.50 :        62 elements
Info    : 0.50 < quality < 0.60 :       156 elements
Info    : 0.60 < quality < 0.70 :       206 elements
Info    : 0.70 < quality < 0.80 :       214 elements
Info    : 0.80 < quality < 0.90 :        96 elements
Info    : 0.90 < quality < 1.00 :        10 elements
Info    : 24 edge swaps, 0 node relocations (volume = 3.64109e+07): worst = 0.00745551 / average = 0.578659 (Wall 0.00123571s, CPU 0.001236s)
Info    : No ill-shaped tets in the mesh :-)
Info    : 0.00 < quality < 0.10 :        72 elements
Info    : 0.10 < quality < 0.20 :        34 elements
Info    : 0.20 < quality < 0.30 :        10 elements
Info    : 0.30 < quality < 0.40 :        49 elements
Info    : 0.40 < quality < 0.50 :        67 elements
Info    : 0.50 < quality < 0.60 :       151 elements
Info    : 0.60 < quality < 0.70 :       211 elements
Info    : 0.70 < quality < 0.80 :       214 elements
Info    : 0.80 < quality < 0.90 :        89 elements
Info    : 0.90 < quality < 1.00 :        13 elements
Info    : Done optimizing mesh (Wall 0.100627s, CPU 0.100623s)
Info    : 3114 nodes 24910 elements
Warning : ------------------------------
Warning : Mesh generation error summary
Warning :     2 warnings
Warning :     0 errors
Warning : Check the full log for details
Warning : ------------------------------
Info    : Writing '/foss/designs/inductor_synth/palace_model/inductor2_N2_do65.57_w3_s2.01_data/inductor2_N2_do65.57_w3_s2.01.msh'...
Info    : Done writing '/foss/designs/inductor_synth/palace_model/inductor2_N2_do65.57_w3_s2.01_data/inductor2_N2_do65.57_w3_s2.01.msh'
Info    : Clearing all models and views...
Info    : Done clearing all models and views
Info    : Meshing 1D...
Info    : [  0%] Meshing curve 64 (Line)
Info    : [ 10%] Meshing curve 65 (Line)
Info    : [ 10%] Meshing curve 67 (Line)
Info    : [ 10%] Meshing curve 69 (Line)
Info    : [ 10%] Meshing curve 70 (Line)
Info    : [ 10%] Meshing curve 71 (Line)
Info    : [ 10%] Meshing curve 72 (Line)
Info    : [ 10%] Meshing curve 76 (Line)
Info    : [ 10%] Meshing curve 77 (Line)
Info    : [ 10%] Meshing curve 79 (Line)
Info    : [ 10%] Meshing curve 81 (Line)
Info    : [ 10%] Meshing curve 82 (Line)
Info    : [ 10%] Meshing curve 83 (Line)
Info    : [ 10%] Meshing curve 84 (Line)
Info    : [ 10%] Meshing curve 85 (Line)
Info    : [ 10%] Meshing curve 86 (Line)
Info    : [ 10%] Meshing curve 87 (Line)
Info    : [ 10%] Meshing curve 88 (Line)
Info    : [ 10%] Meshing curve 89 (Line)
Info    : [ 10%] Meshing curve 90 (Line)
Info    : [ 10%] Meshing curve 91 (Line)
Info    : [ 10%] Meshing curve 92 (Line)
Info    : [ 10%] Meshing curve 93 (Line)
Info    : [ 10%] Meshing curve 94 (Line)
Info    : [ 10%] Meshing curve 95 (Line)
Info    : [ 10%] Meshing curve 96 (Line)
Info    : [ 10%] Meshing curve 97 (Line)
Info    : [ 10%] Meshing curve 98 (Line)
Info    : [ 10%] Meshing curve 99 (Line)
Info    : [ 10%] Meshing curve 100 (Line)
Info    : [ 10%] Meshing curve 101 (Line)
Info    : [ 10%] Meshing curve 102 (Line)
Info    : [ 10%] Meshing curve 103 (Line)
Info    : [ 20%] Meshing curve 104 (Line)
Info    : [ 20%] Meshing curve 105 (Line)
Info    : [ 20%] Meshing curve 106 (Line)
Info    : [ 20%] Meshing curve 107 (Line)
Info    : [ 20%] Meshing curve 108 (Line)
Info    : [ 20%] Meshing curve 109 (Line)
Info    : [ 20%] Meshing curve 110 (Line)
Info    : [ 20%] Meshing curve 111 (Line)
Info    : [ 20%] Meshing curve 112 (Line)
Info    : [ 20%] Meshing curve 113 (Line)
Info    : [ 20%] Meshing curve 114 (Line)
Info    : [ 20%] Meshing curve 115 (Line)
Info    : [ 20%] Meshing curve 116 (Line)
Info    : [ 20%] Meshing curve 117 (Line)
Info    : [ 20%] Meshing curve 118 (Line)
Info    : [ 20%] Meshing curve 119 (Line)
Info    : [ 20%] Meshing curve 120 (Line)
Info    : [ 20%] Meshing curve 121 (Line)
Info    : [ 20%] Meshing curve 122 (Line)
Info    : [ 20%] Meshing curve 123 (Line)
Info    : [ 20%] Meshing curve 124 (Line)
Info    : [ 20%] Meshing curve 125 (Line)
Info    : [ 20%] Meshing curve 126 (Line)
Info    : [ 20%] Meshing curve 127 (Line)
Info    : [ 20%] Meshing curve 128 (Line)
Info    : [ 20%] Meshing curve 129 (Line)
Info    : [ 20%] Meshing curve 130 (Line)
Info    : [ 20%] Meshing curve 131 (Line)
Info    : [ 20%] Meshing curve 132 (Line)
Info    : [ 20%] Meshing curve 133 (Line)
Info    : [ 20%] Meshing curve 134 (Line)
Info    : [ 20%] Meshing curve 135 (Line)
Info    : [ 20%] Meshing curve 136 (Line)
Info    : [ 30%] Meshing curve 137 (Line)
Info    : [ 30%] Meshing curve 138 (Line)
Info    : [ 30%] Meshing curve 139 (Line)
Info    : [ 30%] Meshing curve 140 (Line)
Info    : [ 30%] Meshing curve 141 (Line)
Info    : [ 30%] Meshing curve 142 (Line)
Info    : [ 30%] Meshing curve 143 (Line)
Info    : [ 30%] Meshing curve 144 (Line)
Info    : [ 30%] Meshing curve 145 (Line)
Info    : [ 30%] Meshing curve 146 (Line)
Info    : [ 30%] Meshing curve 147 (Line)
Info    : [ 30%] Meshing curve 148 (Line)
Info    : [ 30%] Meshing curve 149 (Line)
Info    : [ 30%] Meshing curve 150 (Line)
Info    : [ 30%] Meshing curve 151 (Line)
Info    : [ 30%] Meshing curve 152 (Line)
Info    : [ 30%] Meshing curve 153 (Line)
Info    : [ 30%] Meshing curve 154 (Line)
Info    : [ 30%] Meshing curve 155 (Line)
Info    : [ 30%] Meshing curve 156 (Line)
Info    : [ 30%] Meshing curve 385 (Line)
Info    : [ 30%] Meshing curve 386 (Line)
Info    : [ 30%] Meshing curve 387 (Line)
Info    : [ 30%] Meshing curve 388 (Line)
Info    : [ 30%] Meshing curve 389 (Line)
Info    : [ 30%] Meshing curve 390 (Line)
Info    : [ 30%] Meshing curve 391 (Line)
Info    : [ 30%] Meshing curve 392 (Line)
Info    : [ 30%] Meshing curve 393 (Line)
Info    : [ 30%] Meshing curve 394 (Line)
Info    : [ 30%] Meshing curve 395 (Line)
Info    : [ 30%] Meshing curve 396 (Line)
Info    : [ 40%] Meshing curve 397 (TrimmedCurve)
Info    : [ 40%] Meshing curve 398 (Line)
Info    : [ 40%] Meshing curve 399 (TrimmedCurve)
Info    : [ 40%] Meshing curve 400 (Line)
Info    : [ 40%] Meshing curve 401 (Line)
Info    : [ 40%] Meshing curve 402 (Line)
Info    : [ 40%] Meshing curve 403 (Line)
Info    : [ 40%] Meshing curve 404 (Line)
Info    : [ 40%] Meshing curve 405 (Line)
Info    : [ 40%] Meshing curve 406 (Line)
Info    : [ 40%] Meshing curve 407 (Line)
Info    : [ 40%] Meshing curve 408 (TrimmedCurve)
Info    : [ 40%] Meshing curve 409 (Line)
Info    : [ 40%] Meshing curve 410 (TrimmedCurve)
Info    : [ 40%] Meshing curve 411 (Line)
Info    : [ 40%] Meshing curve 412 (Line)
Info    : [ 40%] Meshing curve 413 (Line)
Info    : [ 40%] Meshing curve 414 (Line)
Info    : [ 40%] Meshing curve 415 (Line)
Info    : [ 40%] Meshing curve 416 (Line)
Info    : [ 40%] Meshing curve 417 (Line)
Info    : [ 40%] Meshing curve 418 (Line)
Info    : [ 40%] Meshing curve 419 (Line)
Info    : [ 40%] Meshing curve 420 (Line)
Info    : [ 40%] Meshing curve 421 (Line)
Info    : [ 40%] Meshing curve 422 (Line)
Info    : [ 40%] Meshing curve 423 (Line)
Info    : [ 40%] Meshing curve 424 (Line)
Info    : [ 40%] Meshing curve 425 (Line)
Info    : [ 40%] Meshing curve 426 (Line)
Info    : [ 40%] Meshing curve 427 (Line)
Info    : [ 40%] Meshing curve 428 (Line)
Info    : [ 40%] Meshing curve 429 (Line)
Info    : [ 50%] Meshing curve 430 (Line)
Info    : [ 50%] Meshing curve 431 (Line)
Info    : [ 50%] Meshing curve 432 (TrimmedCurve)
Info    : [ 50%] Meshing curve 433 (Line)
Info    : [ 50%] Meshing curve 434 (TrimmedCurve)
Info    : [ 50%] Meshing curve 435 (Line)
Info    : [ 50%] Meshing curve 436 (TrimmedCurve)
Info    : [ 50%] Meshing curve 437 (Line)
Info    : [ 50%] Meshing curve 438 (TrimmedCurve)
Info    : [ 50%] Meshing curve 439 (Line)
Info    : [ 50%] Meshing curve 440 (TrimmedCurve)
Info    : [ 50%] Meshing curve 441 (Line)
Info    : [ 50%] Meshing curve 442 (TrimmedCurve)
Info    : [ 50%] Meshing curve 443 (Line)
Info    : [ 50%] Meshing curve 444 (Line)
Info    : [ 50%] Meshing curve 445 (Line)
Info    : [ 50%] Meshing curve 446 (Line)
Info    : [ 50%] Meshing curve 447 (Line)
Info    : [ 50%] Meshing curve 448 (TrimmedCurve)
Info    : [ 50%] Meshing curve 449 (Line)
Info    : [ 50%] Meshing curve 450 (TrimmedCurve)
Info    : [ 50%] Meshing curve 451 (Line)
Info    : [ 50%] Meshing curve 452 (TrimmedCurve)
Info    : [ 50%] Meshing curve 453 (Line)
Info    : [ 50%] Meshing curve 454 (TrimmedCurve)
Info    : [ 50%] Meshing curve 455 (Line)
Info    : [ 50%] Meshing curve 456 (TrimmedCurve)
Info    : [ 50%] Meshing curve 457 (Line)
Info    : [ 50%] Meshing curve 458 (TrimmedCurve)
Info    : [ 50%] Meshing curve 459 (Line)
Info    : [ 50%] Meshing curve 460 (Line)
Info    : [ 50%] Meshing curve 461 (TrimmedCurve)
Info    : [ 50%] Meshing curve 462 (Line)
Info    : [ 60%] Meshing curve 463 (TrimmedCurve)
Info    : [ 60%] Meshing curve 464 (Line)
Info    : [ 60%] Meshing curve 465 (TrimmedCurve)
Info    : [ 60%] Meshing curve 466 (Line)
Info    : [ 60%] Meshing curve 467 (TrimmedCurve)
Info    : [ 60%] Meshing curve 468 (Line)
Info    : [ 60%] Meshing curve 469 (TrimmedCurve)
Info    : [ 60%] Meshing curve 470 (Line)
Info    : [ 60%] Meshing curve 471 (TrimmedCurve)
Info    : [ 60%] Meshing curve 472 (Line)
Info    : [ 60%] Meshing curve 473 (Line)
Info    : [ 60%] Meshing curve 474 (Line)
Info    : [ 60%] Meshing curve 475 (Line)
Info    : [ 60%] Meshing curve 476 (Line)
Info    : [ 60%] Meshing curve 477 (TrimmedCurve)
Info    : [ 60%] Meshing curve 478 (Line)
Info    : [ 60%] Meshing curve 479 (TrimmedCurve)
Info    : [ 60%] Meshing curve 480 (Line)
Info    : [ 60%] Meshing curve 481 (TrimmedCurve)
Info    : [ 60%] Meshing curve 482 (Line)
Info    : [ 60%] Meshing curve 483 (TrimmedCurve)
Info    : [ 60%] Meshing curve 484 (Line)
Info    : [ 60%] Meshing curve 485 (TrimmedCurve)
Info    : [ 60%] Meshing curve 486 (Line)
Info    : [ 60%] Meshing curve 487 (TrimmedCurve)
Info    : [ 60%] Meshing curve 488 (Line)
Info    : [ 60%] Meshing curve 489 (Line)
Info    : [ 60%] Meshing curve 490 (Line)
Info    : [ 60%] Meshing curve 491 (Line)
Info    : [ 60%] Meshing curve 492 (Line)
Info    : [ 60%] Meshing curve 493 (Line)
Info    : [ 60%] Meshing curve 494 (Line)
Info    : [ 70%] Meshing curve 495 (Line)
Info    : [ 70%] Meshing curve 496 (Line)
Info    : [ 70%] Meshing curve 497 (Line)
Info    : [ 70%] Meshing curve 498 (Line)
Info    : [ 70%] Meshing curve 499 (Line)
Info    : [ 70%] Meshing curve 500 (Line)
Info    : [ 70%] Meshing curve 501 (Line)
Info    : [ 70%] Meshing curve 502 (Line)
Info    : [ 70%] Meshing curve 503 (Line)
Info    : [ 70%] Meshing curve 504 (Line)
Info    : [ 70%] Meshing curve 505 (Line)
Info    : [ 70%] Meshing curve 506 (Line)
Info    : [ 70%] Meshing curve 507 (Line)
Info    : [ 70%] Meshing curve 508 (Line)
Info    : [ 70%] Meshing curve 509 (Line)
Info    : [ 70%] Meshing curve 510 (Line)
Info    : [ 70%] Meshing curve 511 (Line)
Info    : [ 70%] Meshing curve 512 (Line)
Info    : [ 70%] Meshing curve 513 (Line)
Info    : [ 70%] Meshing curve 514 (Line)
Info    : [ 70%] Meshing curve 515 (Line)
Info    : [ 70%] Meshing curve 516 (Line)
Info    : [ 70%] Meshing curve 517 (Line)
Info    : [ 70%] Meshing curve 518 (Line)
Info    : [ 70%] Meshing curve 519 (Line)
Info    : [ 70%] Meshing curve 520 (Line)
Info    : [ 70%] Meshing curve 521 (Line)
Info    : [ 70%] Meshing curve 522 (Line)
Info    : [ 70%] Meshing curve 523 (Line)
Info    : [ 70%] Meshing curve 524 (Line)
Info    : [ 70%] Meshing curve 525 (Line)
Info    : [ 70%] Meshing curve 526 (Line)
Info    : [ 70%] Meshing curve 527 (Line)
Info    : [ 80%] Meshing curve 528 (TrimmedCurve)
Info    : [ 80%] Meshing curve 529 (Line)
Info    : [ 80%] Meshing curve 530 (Line)
Info    : [ 80%] Meshing curve 531 (Line)
Info    : [ 80%] Meshing curve 532 (Line)
Info    : [ 80%] Meshing curve 533 (Line)
Info    : [ 80%] Meshing curve 534 (TrimmedCurve)
Info    : [ 80%] Meshing curve 535 (Line)
Info    : [ 80%] Meshing curve 536 (Line)
Info    : [ 80%] Meshing curve 537 (TrimmedCurve)
Info    : [ 80%] Meshing curve 538 (Line)
Info    : [ 80%] Meshing curve 539 (Line)
Info    : [ 80%] Meshing curve 540 (Line)
Info    : [ 80%] Meshing curve 541 (Line)
Info    : [ 80%] Meshing curve 542 (Line)
Info    : [ 80%] Meshing curve 543 (TrimmedCurve)
Info    : [ 80%] Meshing curve 544 (Line)
Info    : [ 80%] Meshing curve 545 (Line)
Info    : [ 80%] Meshing curve 546 (Line)
Info    : [ 80%] Meshing curve 547 (Line)
Info    : [ 80%] Meshing curve 548 (Line)
Info    : [ 80%] Meshing curve 549 (Line)
Info    : [ 80%] Meshing curve 550 (Line)
Info    : [ 80%] Meshing curve 551 (Line)
Info    : [ 80%] Meshing curve 552 (Line)
Info    : [ 80%] Meshing curve 553 (Line)
Info    : [ 80%] Meshing curve 554 (Line)
Info    : [ 80%] Meshing curve 555 (Line)
Info    : [ 80%] Meshing curve 556 (Line)
Info    : [ 80%] Meshing curve 557 (Line)
Info    : [ 80%] Meshing curve 558 (Line)
Info    : [ 80%] Meshing curve 559 (Line)
Info    : [ 90%] Meshing curve 560 (Line)
Info    : [ 90%] Meshing curve 561 (Line)
Info    : [ 90%] Meshing curve 562 (Line)
Info    : [ 90%] Meshing curve 563 (Line)
Info    : [ 90%] Meshing curve 564 (Line)
Info    : [ 90%] Meshing curve 565 (Line)
Info    : [ 90%] Meshing curve 566 (Line)
Info    : [ 90%] Meshing curve 567 (Line)
Info    : [ 90%] Meshing curve 568 (Line)
Info    : [ 90%] Meshing curve 569 (Line)
Info    : [ 90%] Meshing curve 570 (Line)
Info    : [ 90%] Meshing curve 571 (Line)
Info    : [ 90%] Meshing curve 572 (Line)
Info    : [ 90%] Meshing curve 573 (Line)
Info    : [ 90%] Meshing curve 574 (Line)
Info    : [ 90%] Meshing curve 575 (Line)
Info    : [ 90%] Meshing curve 576 (Line)
Info    : [ 90%] Meshing curve 577 (Line)
Info    : [ 90%] Meshing curve 578 (Line)
Info    : [ 90%] Meshing curve 579 (Line)
Info    : [ 90%] Meshing curve 580 (Line)
Info    : [ 90%] Meshing curve 581 (Line)
Info    : [ 90%] Meshing curve 582 (Line)
Info    : [ 90%] Meshing curve 583 (Line)
Info    : [ 90%] Meshing curve 584 (Line)
Info    : [ 90%] Meshing curve 585 (Line)
Info    : [ 90%] Meshing curve 586 (Line)
Info    : [ 90%] Meshing curve 587 (Line)
Info    : [ 90%] Meshing curve 588 (Line)
Info    : [ 90%] Meshing curve 589 (Line)
Info    : [ 90%] Meshing curve 590 (Line)
Info    : [ 90%] Meshing curve 591 (Line)
Info    : [ 90%] Meshing curve 592 (Line)
Info    : [100%] Meshing curve 593 (Line)
Info    : [100%] Meshing curve 594 (Line)
Info    : [100%] Meshing curve 595 (Line)
Info    : [100%] Meshing curve 596 (Line)
Info    : [100%] Meshing curve 597 (Line)
Info    : [100%] Meshing curve 598 (Line)
Info    : [100%] Meshing curve 599 (Line)
Info    : [100%] Meshing curve 600 (Line)
Info    : [100%] Meshing curve 601 (Line)
Info    : [100%] Meshing curve 602 (Line)
Info    : [100%] Meshing curve 603 (Line)
Info    : [100%] Meshing curve 604 (Line)
Info    : [100%] Meshing curve 605 (Line)
Info    : [100%] Meshing curve 606 (Line)
Info    : [100%] Meshing curve 607 (Line)
Info    : [100%] Meshing curve 608 (Line)
Info    : [100%] Meshing curve 609 (Line)
Info    : [100%] Meshing curve 610 (Line)
Info    : [100%] Meshing curve 611 (Line)
Info    : [100%] Meshing curve 612 (Line)
Info    : [100%] Meshing curve 613 (Line)
Info    : [100%] Meshing curve 614 (Line)
Info    : [100%] Meshing curve 615 (Line)
Info    : [100%] Meshing curve 616 (Line)
Info    : [100%] Meshing curve 617 (Line)
Info    : [100%] Meshing curve 618 (Line)
Info    : [100%] Meshing curve 619 (Line)
Info    : [100%] Meshing curve 620 (Line)
Info    : [100%] Meshing curve 621 (Line)
Info    : [100%] Meshing curve 622 (Line)
Info    : [100%] Meshing curve 623 (Line)
Info    : [100%] Meshing curve 624 (Line)
Info    : Done meshing 1D (Wall 1.16466s, CPU 1.15442s)
Info    : Meshing 2D...
Info    : [  0%] Meshing surface 35 (Plane, Delaunay)
Info    : [ 10%] Meshing surface 41 (Plane, Delaunay)
Info    : [ 10%] Meshing surface 43 (Plane, Delaunay)
Info    : [ 10%] Meshing surface 44 (Plane, Delaunay)
Info    : [ 10%] Meshing surface 45 (Plane, Delaunay)
Info    : [ 10%] Meshing surface 46 (Plane, Delaunay)
Info    : [ 10%] Meshing surface 47 (Plane, Delaunay)
Info    : [ 10%] Meshing surface 48 (Plane, Delaunay)
Info    : [ 10%] Meshing surface 49 (Plane, Delaunay)
Info    : [ 10%] Meshing surface 50 (Plane, Delaunay)
Info    : [ 10%] Meshing surface 51 (Plane, Delaunay)
Info    : [ 10%] Meshing surface 53 (Plane, Delaunay)
Info    : [ 10%] Meshing surface 54 (Plane, Delaunay)
Info    : [ 10%] Meshing surface 55 (Plane, Delaunay)
Info    : [ 10%] Meshing surface 56 (Plane, Delaunay)
Info    : [ 20%] Meshing surface 57 (Plane, Delaunay)
Info    : [ 20%] Meshing surface 58 (Plane, Delaunay)
Info    : [ 20%] Meshing surface 59 (Plane, Delaunay)
Info    : [ 20%] Meshing surface 60 (Plane, Delaunay)
Info    : [ 20%] Meshing surface 61 (Plane, Delaunay)
Info    : [ 20%] Meshing surface 62 (Plane, Delaunay)
Info    : [ 20%] Meshing surface 63 (Plane, Delaunay)
Info    : [ 20%] Meshing surface 64 (Plane, Delaunay)
Info    : [ 20%] Meshing surface 65 (Plane, Delaunay)
Info    : [ 20%] Meshing surface 66 (Plane, Delaunay)
Info    : [ 20%] Meshing surface 67 (Plane, Delaunay)
Info    : [ 20%] Meshing surface 68 (Plane, Delaunay)
Info    : [ 20%] Meshing surface 69 (Plane, Delaunay)
Info    : [ 20%] Meshing surface 70 (Plane, Delaunay)
Info    : [ 30%] Meshing surface 71 (Plane, Delaunay)
Info    : [ 30%] Meshing surface 72 (Plane, Delaunay)
Info    : [ 30%] Meshing surface 73 (Plane, Delaunay)
Info    : [ 30%] Meshing surface 74 (Plane, Delaunay)
Info    : [ 30%] Meshing surface 75 (Plane, Delaunay)
Info    : [ 30%] Meshing surface 76 (Plane, Delaunay)
Info    : [ 30%] Meshing surface 173 (Plane, Delaunay)
Info    : [ 30%] Meshing surface 174 (Plane, Delaunay)
Info    : [ 30%] Meshing surface 175 (Plane, Delaunay)
Info    : [ 30%] Meshing surface 177 (Plane, Delaunay)
Info    : [ 30%] Meshing surface 178 (Plane, Delaunay)
Info    : [ 30%] Meshing surface 179 (Plane, Delaunay)
Info    : [ 30%] Meshing surface 180 (Plane, Delaunay)
Info    : [ 30%] Meshing surface 181 (Plane, Delaunay)
Info    : [ 40%] Meshing surface 182 (Plane, Delaunay)
Info    : [ 40%] Meshing surface 183 (Plane, Delaunay)
Info    : [ 40%] Meshing surface 184 (Plane, Delaunay)
Info    : [ 40%] Meshing surface 185 (Plane, Delaunay)
Info    : [ 40%] Meshing surface 186 (Plane, Delaunay)
Info    : [ 40%] Meshing surface 187 (Plane, Delaunay)
Info    : [ 40%] Meshing surface 188 (Plane, Delaunay)
Info    : [ 40%] Meshing surface 189 (Plane, Delaunay)
Info    : [ 40%] Meshing surface 191 (Plane, Delaunay)
Info    : [ 40%] Meshing surface 192 (Plane, Delaunay)
Info    : [ 40%] Meshing surface 193 (Plane, Delaunay)
Info    : [ 40%] Meshing surface 194 (Plane, Delaunay)
Info    : [ 40%] Meshing surface 195 (Plane, Delaunay)
Info    : [ 40%] Meshing surface 196 (Plane, Delaunay)
Info    : [ 50%] Meshing surface 197 (Plane, Delaunay)
Info    : [ 50%] Meshing surface 198 (Plane, Delaunay)
Info    : [ 50%] Meshing surface 199 (Plane, Delaunay)
Info    : [ 50%] Meshing surface 200 (Plane, Delaunay)
Info    : [ 50%] Meshing surface 201 (Plane, Delaunay)
Info    : [ 50%] Meshing surface 202 (Plane, Delaunay)
Info    : [ 50%] Meshing surface 203 (Plane, Delaunay)
Info    : [ 50%] Meshing surface 204 (Plane, Delaunay)
Info    : [ 50%] Meshing surface 205 (Plane, Delaunay)
Info    : [ 50%] Meshing surface 206 (Plane, Delaunay)
Info    : [ 50%] Meshing surface 207 (Plane, Delaunay)
Info    : [ 50%] Meshing surface 208 (Plane, Delaunay)
Info    : [ 50%] Meshing surface 209 (Plane, Delaunay)
Info    : [ 50%] Meshing surface 210 (Plane, Delaunay)
Info    : [ 50%] Meshing surface 211 (Plane, Delaunay)
Info    : [ 60%] Meshing surface 212 (Plane, Delaunay)
Info    : [ 60%] Meshing surface 213 (Plane, Delaunay)
Info    : [ 60%] Meshing surface 214 (Plane, Delaunay)
Info    : [ 60%] Meshing surface 215 (Plane, Delaunay)
Info    : [ 60%] Meshing surface 216 (Plane, Delaunay)
Info    : [ 60%] Meshing surface 217 (Plane, Delaunay)
Info    : [ 60%] Meshing surface 218 (Plane, Delaunay)
Info    : [ 60%] Meshing surface 219 (Plane, Delaunay)
Info    : [ 60%] Meshing surface 220 (Plane, Delaunay)
Info    : [ 60%] Meshing surface 221 (Plane, Delaunay)
Info    : [ 60%] Meshing surface 222 (Plane, Delaunay)
Info    : [ 60%] Meshing surface 223 (Plane, Delaunay)
Info    : [ 60%] Meshing surface 225 (Plane, Delaunay)
Info    : [ 60%] Meshing surface 226 (Plane, Delaunay)
Info    : [ 70%] Meshing surface 227 (Plane, Delaunay)
Info    : [ 70%] Meshing surface 228 (Plane, Delaunay)
Info    : [ 70%] Meshing surface 229 (Plane, Delaunay)
Info    : [ 70%] Meshing surface 230 (Plane, Delaunay)
Info    : [ 70%] Meshing surface 231 (Plane, Delaunay)
Info    : [ 70%] Meshing surface 232 (Plane, Delaunay)
Info    : [ 70%] Meshing surface 233 (Plane, Delaunay)
Info    : [ 70%] Meshing surface 234 (Plane, Delaunay)
Info    : [ 70%] Meshing surface 235 (Plane, Delaunay)
Info    : [ 70%] Meshing surface 236 (Plane, Delaunay)
Info    : [ 70%] Meshing surface 237 (Plane, Delaunay)
Info    : [ 70%] Meshing surface 238 (Plane, Delaunay)
Info    : [ 70%] Meshing surface 239 (Plane, Delaunay)
Info    : [ 70%] Meshing surface 240 (Plane, Delaunay)
Info    : [ 80%] Meshing surface 241 (Plane, Delaunay)
Info    : [ 80%] Meshing surface 242 (Plane, Delaunay)
Info    : [ 80%] Meshing surface 243 (Plane, Delaunay)
Info    : [ 80%] Meshing surface 244 (Plane, Delaunay)
Info    : [ 80%] Meshing surface 245 (Plane, Delaunay)
Info    : [ 80%] Meshing surface 246 (Plane, Delaunay)
Info    : [ 80%] Meshing surface 247 (Plane, Delaunay)
Info    : [ 80%] Meshing surface 248 (Plane, Delaunay)
Info    : [ 80%] Meshing surface 249 (Plane, Delaunay)
Info    : [ 80%] Meshing surface 250 (Plane, Delaunay)
Info    : [ 80%] Meshing surface 251 (Plane, Delaunay)
Info    : [ 80%] Meshing surface 252 (Plane, Delaunay)
Info    : [ 80%] Meshing surface 253 (Plane, Delaunay)
Info    : [ 80%] Meshing surface 254 (Plane, Delaunay)
Info    : [ 90%] Meshing surface 255 (Plane, Delaunay)
Info    : [ 90%] Meshing surface 256 (Plane, Delaunay)
Info    : [ 90%] Meshing surface 257 (Plane, Delaunay)
Info    : [ 90%] Meshing surface 258 (Plane, Delaunay)
Info    : [ 90%] Meshing surface 259 (Plane, Delaunay)
Info    : [ 90%] Meshing surface 260 (Plane, Delaunay)
Info    : [ 90%] Meshing surface 261 (Plane, Delaunay)
Info    : [ 90%] Meshing surface 262 (Plane, Delaunay)
Info    : [ 90%] Meshing surface 263 (Plane, Delaunay)
Info    : [ 90%] Meshing surface 264 (Plane, Delaunay)
Info    : [ 90%] Meshing surface 265 (Plane, Delaunay)
Info    : [ 90%] Meshing surface 266 (Plane, Delaunay)
Info    : [ 90%] Meshing surface 267 (Plane, Delaunay)
Info    : [ 90%] Meshing surface 268 (Plane, Delaunay)
Info    : [100%] Meshing surface 269 (Plane, Delaunay)
Info    : [100%] Meshing surface 270 (Plane, Delaunay)
Info    : [100%] Meshing surface 271 (Plane, Delaunay)
Info    : [100%] Meshing surface 272 (Plane, Delaunay)
Info    : [100%] Meshing surface 273 (Plane, Delaunay)
Info    : [100%] Meshing surface 274 (Plane, Delaunay)
Info    : [100%] Meshing surface 275 (Plane, Delaunay)
Info    : [100%] Meshing surface 276 (Plane, Delaunay)
Info    : [100%] Meshing surface 277 (Plane, Delaunay)
Info    : [100%] Meshing surface 278 (Plane, Delaunay)
Info    : [100%] Meshing surface 279 (Plane, Delaunay)
Info    : [100%] Meshing surface 280 (Plane, Delaunay)
Info    : [100%] Meshing surface 281 (Plane, Delaunay)
Info    : [100%] Meshing surface 282 (Plane, Delaunay)
Info    : Done meshing 2D (Wall 0.321654s, CPU 0.321606s)
Info    : Meshing 3D...
Info    : 3D Meshing 16 volumes with 1 connected component
Info    : Tetrahedrizing 2864 nodes...
Info    : Done tetrahedrizing 2872 nodes (Wall 0.0305707s, CPU 0.030562s)
Info    : Reconstructing mesh...
Info    :  - Creating surface mesh
Info    :  - Identifying boundary edges
Info    :  - Recovering boundary
Info    :  - Added 15 Steiner points
Info    : Done reconstructing mesh (Wall 0.0840149s, CPU 0.083999s)
Info    : Found volume 28
Info    : Found volume 27
Info    : Found volume 23
Info    : Found volume 26
Info    : Found volume 30
Info    : Found volume 29
Info    : Found volume 6
Info    : Found volume 7
Info    : Found volume 24
Info    : Found volume 25
Info    : Found volume 8
Info    : Found volume 31
Info    : Found volume 9
Info    : Found volume 11
Info    : Found volume 10
Info    : Found volume 12
Info    : It. 0 - 0 nodes created - worst tet radius 10.2511 (nodes removed 0 0)
Info    : It. 500 - 113 nodes created - worst tet radius 1.21771 (nodes removed 0 387)
Info    : It. 1000 - 274 nodes created - worst tet radius 1.00661 (nodes removed 4 722)
Info    : 3D refinement terminated (3157 nodes total):
Info    :  - 7 Delaunay cavities modified for star shapeness
Info    :  - 738 nodes could not be inserted
Info    :  - 18666 tetrahedra created in 0.0499311 sec. (373835 tets/s)
Info    : 235 node relocations
Info    : Done meshing 3D (Wall 0.279982s, CPU 0.279895s)
Info    : Optimizing mesh...
Info    : Optimizing volume 6
Info    : Optimization starts (volume = 144) with worst = 0.125314 / average = 0.5265:
Info    : 0.00 < quality < 0.10 :         0 elements
Info    : 0.10 < quality < 0.20 :         2 elements
Info    : 0.20 < quality < 0.30 :        35 elements
Info    : 0.30 < quality < 0.40 :         8 elements
Info    : 0.40 < quality < 0.50 :        47 elements
Info    : 0.50 < quality < 0.60 :        34 elements
Info    : 0.60 < quality < 0.70 :         3 elements
Info    : 0.70 < quality < 0.80 :        32 elements
Info    : 0.80 < quality < 0.90 :        15 elements
Info    : 0.90 < quality < 1.00 :         2 elements
Info    : 2 edge swaps, 0 node relocations (volume = 144): worst = 0.125314 / average = 0.526202 (Wall 0.000172359s, CPU 0.000173s)
Info    : No ill-shaped tets in the mesh :-)
Info    : 0.00 < quality < 0.10 :         0 elements
Info    : 0.10 < quality < 0.20 :         2 elements
Info    : 0.20 < quality < 0.30 :        35 elements
Info    : 0.30 < quality < 0.40 :         8 elements
Info    : 0.40 < quality < 0.50 :        49 elements
Info    : 0.50 < quality < 0.60 :        32 elements
Info    : 0.60 < quality < 0.70 :         3 elements
Info    : 0.70 < quality < 0.80 :        32 elements
Info    : 0.80 < quality < 0.90 :        15 elements
Info    : 0.90 < quality < 1.00 :         2 elements
Info    : Optimizing volume 7
Info    : Optimization starts (volume = 144) with worst = 0.125314 / average = 0.528914:
Info    : 0.00 < quality < 0.10 :         0 elements
Info    : 0.10 < quality < 0.20 :         2 elements
Info    : 0.20 < quality < 0.30 :        35 elements
Info    : 0.30 < quality < 0.40 :         8 elements
Info    : 0.40 < quality < 0.50 :        45 elements
Info    : 0.50 < quality < 0.60 :        34 elements
Info    : 0.60 < quality < 0.70 :         3 elements
Info    : 0.70 < quality < 0.80 :        33 elements
Info    : 0.80 < quality < 0.90 :        15 elements
Info    : 0.90 < quality < 1.00 :         2 elements
Info    : 2 edge swaps, 0 node relocations (volume = 144): worst = 0.125314 / average = 0.528614 (Wall 0.000153987s, CPU 0.000154s)
Info    : No ill-shaped tets in the mesh :-)
Info    : 0.00 < quality < 0.10 :         0 elements
Info    : 0.10 < quality < 0.20 :         2 elements
Info    : 0.20 < quality < 0.30 :        35 elements
Info    : 0.30 < quality < 0.40 :         8 elements
Info    : 0.40 < quality < 0.50 :        47 elements
Info    : 0.50 < quality < 0.60 :        32 elements
Info    : 0.60 < quality < 0.70 :         3 elements
Info    : 0.70 < quality < 0.80 :        33 elements
Info    : 0.80 < quality < 0.90 :        15 elements
Info    : 0.90 < quality < 1.00 :         2 elements
Info    : Optimizing volume 8
Info    : Optimization starts (volume = 48.544) with worst = 0.177187 / average = 0.605117:
Info    : 0.00 < quality < 0.10 :         0 elements
Info    : 0.10 < quality < 0.20 :         4 elements
Info    : 0.20 < quality < 0.30 :         4 elements
Info    : 0.30 < quality < 0.40 :        12 elements
Info    : 0.40 < quality < 0.50 :        12 elements
Info    : 0.50 < quality < 0.60 :        18 elements
Info    : 0.60 < quality < 0.70 :        18 elements
Info    : 0.70 < quality < 0.80 :        16 elements
Info    : 0.80 < quality < 0.90 :        12 elements
Info    : 0.90 < quality < 1.00 :         8 elements
Info    : 2 edge swaps, 0 node relocations (volume = 48.544): worst = 0.177187 / average = 0.61544 (Wall 5.6951e-05s, CPU 5.7e-05s)
Info    : No ill-shaped tets in the mesh :-)
Info    : 0.00 < quality < 0.10 :         0 elements
Info    : 0.10 < quality < 0.20 :         2 elements
Info    : 0.20 < quality < 0.30 :         4 elements
Info    : 0.30 < quality < 0.40 :        12 elements
Info    : 0.40 < quality < 0.50 :        11 elements
Info    : 0.50 < quality < 0.60 :        19 elements
Info    : 0.60 < quality < 0.70 :        17 elements
Info    : 0.70 < quality < 0.80 :        17 elements
Info    : 0.80 < quality < 0.90 :        12 elements
Info    : 0.90 < quality < 1.00 :         8 elements
Info    : Optimizing volume 9
Info    : Optimization starts (volume = 2.268) with worst = 0.266475 / average = 0.325093:
Info    : 0.00 < quality < 0.10 :         0 elements
Info    : 0.10 < quality < 0.20 :         0 elements
Info    : 0.20 < quality < 0.30 :         4 elements
Info    : 0.30 < quality < 0.40 :         8 elements
Info    : 0.40 < quality < 0.50 :         0 elements
Info    : 0.50 < quality < 0.60 :         0 elements
Info    : 0.60 < quality < 0.70 :         0 elements
Info    : 0.70 < quality < 0.80 :         0 elements
Info    : 0.80 < quality < 0.90 :         0 elements
Info    : 0.90 < quality < 1.00 :         0 elements
Info    : No ill-shaped tets in the mesh :-)
Info    : 0.00 < quality < 0.10 :         0 elements
Info    : 0.10 < quality < 0.20 :         0 elements
Info    : 0.20 < quality < 0.30 :         4 elements
Info    : 0.30 < quality < 0.40 :         8 elements
Info    : 0.40 < quality < 0.50 :         0 elements
Info    : 0.50 < quality < 0.60 :         0 elements
Info    : 0.60 < quality < 0.70 :         0 elements
Info    : 0.70 < quality < 0.80 :         0 elements
Info    : 0.80 < quality < 0.90 :         0 elements
Info    : 0.90 < quality < 1.00 :         0 elements
Info    : Optimizing volume 10
Info    : Optimization starts (volume = 2.268) with worst = 0.266475 / average = 0.325093:
Info    : 0.00 < quality < 0.10 :         0 elements
Info    : 0.10 < quality < 0.20 :         0 elements
Info    : 0.20 < quality < 0.30 :         4 elements
Info    : 0.30 < quality < 0.40 :         8 elements
Info    : 0.40 < quality < 0.50 :         0 elements
Info    : 0.50 < quality < 0.60 :         0 elements
Info    : 0.60 < quality < 0.70 :         0 elements
Info    : 0.70 < quality < 0.80 :         0 elements
Info    : 0.80 < quality < 0.90 :         0 elements
Info    : 0.90 < quality < 1.00 :         0 elements
Info    : No ill-shaped tets in the mesh :-)
Info    : 0.00 < quality < 0.10 :         0 elements
Info    : 0.10 < quality < 0.20 :         0 elements
Info    : 0.20 < quality < 0.30 :         4 elements
Info    : 0.30 < quality < 0.40 :         8 elements
Info    : 0.40 < quality < 0.50 :         0 elements
Info    : 0.50 < quality < 0.60 :         0 elements
Info    : 0.60 < quality < 0.70 :         0 elements
Info    : 0.70 < quality < 0.80 :         0 elements
Info    : 0.80 < quality < 0.90 :         0 elements
Info    : 0.90 < quality < 1.00 :         0 elements
Info    : Optimizing volume 11
Info    : Optimization starts (volume = 2.268) with worst = 0.266475 / average = 0.325093:
Info    : 0.00 < quality < 0.10 :         0 elements
Info    : 0.10 < quality < 0.20 :         0 elements
Info    : 0.20 < quality < 0.30 :         4 elements
Info    : 0.30 < quality < 0.40 :         8 elements
Info    : 0.40 < quality < 0.50 :         0 elements
Info    : 0.50 < quality < 0.60 :         0 elements
Info    : 0.60 < quality < 0.70 :         0 elements
Info    : 0.70 < quality < 0.80 :         0 elements
Info    : 0.80 < quality < 0.90 :         0 elements
Info    : 0.90 < quality < 1.00 :         0 elements
Info    : No ill-shaped tets in the mesh :-)
Info    : 0.00 < quality < 0.10 :         0 elements
Info    : 0.10 < quality < 0.20 :         0 elements
Info    : 0.20 < quality < 0.30 :         4 elements
Info    : 0.30 < quality < 0.40 :         8 elements
Info    : 0.40 < quality < 0.50 :         0 elements
Info    : 0.50 < quality < 0.60 :         0 elements
Info    : 0.60 < quality < 0.70 :         0 elements
Info    : 0.70 < quality < 0.80 :         0 elements
Info    : 0.80 < quality < 0.90 :         0 elements
Info    : 0.90 < quality < 1.00 :         0 elements
Info    : Optimizing volume 12
Info    : Optimization starts (volume = 2.268) with worst = 0.266475 / average = 0.325093:
Info    : 0.00 < quality < 0.10 :         0 elements
Info    : 0.10 < quality < 0.20 :         0 elements
Info    : 0.20 < quality < 0.30 :         4 elements
Info    : 0.30 < quality < 0.40 :         8 elements
Info    : 0.40 < quality < 0.50 :         0 elements
Info    : 0.50 < quality < 0.60 :         0 elements
Info    : 0.60 < quality < 0.70 :         0 elements
Info    : 0.70 < quality < 0.80 :         0 elements
Info    : 0.80 < quality < 0.90 :         0 elements
Info    : 0.90 < quality < 1.00 :         0 elements
Info    : No ill-shaped tets in the mesh :-)
Info    : 0.00 < quality < 0.10 :         0 elements
Info    : 0.10 < quality < 0.20 :         0 elements
Info    : 0.20 < quality < 0.30 :         4 elements
Info    : 0.30 < quality < 0.40 :         8 elements
Info    : 0.40 < quality < 0.50 :         0 elements
Info    : 0.50 < quality < 0.60 :         0 elements
Info    : 0.60 < quality < 0.70 :         0 elements
Info    : 0.70 < quality < 0.80 :         0 elements
Info    : 0.80 < quality < 0.90 :         0 elements
Info    : 0.90 < quality < 1.00 :         0 elements
Info    : Optimizing volume 23
Info    : Optimization starts (volume = 2403.11) with worst = 0.00224562 / average = 0.17525:
Info    : 0.00 < quality < 0.10 :        87 elements
Info    : 0.10 < quality < 0.20 :      1391 elements
Info    : 0.20 < quality < 0.30 :        43 elements
Info    : 0.30 < quality < 0.40 :         3 elements
Info    : 0.40 < quality < 0.50 :         0 elements
Info    : 0.50 < quality < 0.60 :         0 elements
Info    : 0.60 < quality < 0.70 :         0 elements
Info    : 0.70 < quality < 0.80 :         0 elements
Info    : 0.80 < quality < 0.90 :         0 elements
Info    : 0.90 < quality < 1.00 :         0 elements
Info    : 152 edge swaps, 17 node relocations (volume = 2403.11): worst = 0.0135784 / average = 0.177702 (Wall 0.00732056s, CPU 0.007315s)
Info    : 159 edge swaps, 30 node relocations (volume = 2403.11): worst = 0.0135784 / average = 0.177702 (Wall 0.0149838s, CPU 0.014979s)
Info    : No ill-shaped tets in the mesh :-)
Info    : 0.00 < quality < 0.10 :        63 elements
Info    : 0.10 < quality < 0.20 :      1357 elements
Info    : 0.20 < quality < 0.30 :        43 elements
Info    : 0.30 < quality < 0.40 :         3 elements
Info    : 0.40 < quality < 0.50 :         0 elements
Info    : 0.50 < quality < 0.60 :         0 elements
Info    : 0.60 < quality < 0.70 :         0 elements
Info    : 0.70 < quality < 0.80 :         0 elements
Info    : 0.80 < quality < 0.90 :         0 elements
Info    : 0.90 < quality < 1.00 :         0 elements
Info    : Optimizing volume 24
Info    : Optimization starts (volume = 1814.12) with worst = 0.0556416 / average = 0.688541:
Info    : 0.00 < quality < 0.10 :         1 elements
Info    : 0.10 < quality < 0.20 :         1 elements
Info    : 0.20 < quality < 0.30 :         9 elements
Info    : 0.30 < quality < 0.40 :        62 elements
Info    : 0.40 < quality < 0.50 :        25 elements
Info    : 0.50 < quality < 0.60 :       205 elements
Info    : 0.60 < quality < 0.70 :       125 elements
Info    : 0.70 < quality < 0.80 :       237 elements
Info    : 0.80 < quality < 0.90 :       233 elements
Info    : 0.90 < quality < 1.00 :        66 elements
Info    : 2 edge swaps, 0 node relocations (volume = 1814.12): worst = 0.135141 / average = 0.68977 (Wall 0.00014944s, CPU 0.00015s)
Info    : No ill-shaped tets in the mesh :-)
Info    : 0.00 < quality < 0.10 :         0 elements
Info    : 0.10 < quality < 0.20 :         1 elements
Info    : 0.20 < quality < 0.30 :         8 elements
Info    : 0.30 < quality < 0.40 :        62 elements
Info    : 0.40 < quality < 0.50 :        25 elements
Info    : 0.50 < quality < 0.60 :       205 elements
Info    : 0.60 < quality < 0.70 :       125 elements
Info    : 0.70 < quality < 0.80 :       237 elements
Info    : 0.80 < quality < 0.90 :       232 elements
Info    : 0.90 < quality < 1.00 :        67 elements
Info    : Optimizing volume 25
Info    : Optimization starts (volume = 531.405) with worst = 0.0556416 / average = 0.656053:
Info    : 0.00 < quality < 0.10 :         2 elements
Info    : 0.10 < quality < 0.20 :         3 elements
Info    : 0.20 < quality < 0.30 :         6 elements
Info    : 0.30 < quality < 0.40 :        14 elements
Info    : 0.40 < quality < 0.50 :        18 elements
Info    : 0.50 < quality < 0.60 :        86 elements
Info    : 0.60 < quality < 0.70 :        28 elements
Info    : 0.70 < quality < 0.80 :        52 elements
Info    : 0.80 < quality < 0.90 :        62 elements
Info    : 0.90 < quality < 1.00 :        21 elements
Info    : 4 edge swaps, 0 node relocations (volume = 531.405): worst = 0.155011 / average = 0.664783 (Wall 9.9234e-05s, CPU 9.9e-05s)
Info    : No ill-shaped tets in the mesh :-)
Info    : 0.00 < quality < 0.10 :         0 elements
Info    : 0.10 < quality < 0.20 :         2 elements
Info    : 0.20 < quality < 0.30 :         5 elements
Info    : 0.30 < quality < 0.40 :        12 elements
Info    : 0.40 < quality < 0.50 :        18 elements
Info    : 0.50 < quality < 0.60 :        88 elements
Info    : 0.60 < quality < 0.70 :        28 elements
Info    : 0.70 < quality < 0.80 :        52 elements
Info    : 0.80 < quality < 0.90 :        61 elements
Info    : 0.90 < quality < 1.00 :        22 elements
Info    : Optimizing volume 26
Info    : Optimization starts (volume = 1.27048e+07) with worst = 0.0445058 / average = 0.618565:
Info    : 0.00 < quality < 0.10 :         4 elements
Info    : 0.10 < quality < 0.20 :        14 elements
Info    : 0.20 < quality < 0.30 :        21 elements
Info    : 0.30 < quality < 0.40 :        72 elements
Info    : 0.40 < quality < 0.50 :       142 elements
Info    : 0.50 < quality < 0.60 :       247 elements
Info    : 0.60 < quality < 0.70 :       224 elements
Info    : 0.70 < quality < 0.80 :       203 elements
Info    : 0.80 < quality < 0.90 :       107 elements
Info    : 0.90 < quality < 1.00 :        55 elements
Info    : 38 edge swaps, 0 node relocations (volume = 1.27048e+07): worst = 0.300004 / average = 0.633393 (Wall 0.000407629s, CPU 0.000405s)
Info    : No ill-shaped tets in the mesh :-)
Info    : 0.00 < quality < 0.10 :         0 elements
Info    : 0.10 < quality < 0.20 :         0 elements
Info    : 0.20 < quality < 0.30 :         0 elements
Info    : 0.30 < quality < 0.40 :        76 elements
Info    : 0.40 < quality < 0.50 :       143 elements
Info    : 0.50 < quality < 0.60 :       245 elements
Info    : 0.60 < quality < 0.70 :       225 elements
Info    : 0.70 < quality < 0.80 :       207 elements
Info    : 0.80 < quality < 0.90 :       108 elements
Info    : 0.90 < quality < 1.00 :        54 elements
Info    : Optimizing volume 27
Info    : Optimization starts (volume = 25409.7) with worst = 0.000534486 / average = 0.0548088:
Info    : 0.00 < quality < 0.10 :      1129 elements
Info    : 0.10 < quality < 0.20 :       222 elements
Info    : 0.20 < quality < 0.30 :         0 elements
Info    : 0.30 < quality < 0.40 :         0 elements
Info    : 0.40 < quality < 0.50 :         0 elements
Info    : 0.50 < quality < 0.60 :         0 elements
Info    : 0.60 < quality < 0.70 :         0 elements
Info    : 0.70 < quality < 0.80 :         0 elements
Info    : 0.80 < quality < 0.90 :         0 elements
Info    : 0.90 < quality < 1.00 :         0 elements
Info    : 203 edge swaps, 0 node relocations (volume = 25409.7): worst = 0.00217888 / average = 0.0565136 (Wall 0.00687184s, CPU 0.006869s)
Info    : 215 edge swaps, 0 node relocations (volume = 25409.7): worst = 0.00217888 / average = 0.0567161 (Wall 0.0155379s, CPU 0.015526s)
Info    : No ill-shaped tets in the mesh :-)
Info    : 0.00 < quality < 0.10 :       984 elements
Info    : 0.10 < quality < 0.20 :       216 elements
Info    : 0.20 < quality < 0.30 :         0 elements
Info    : 0.30 < quality < 0.40 :         0 elements
Info    : 0.40 < quality < 0.50 :         0 elements
Info    : 0.50 < quality < 0.60 :         0 elements
Info    : 0.60 < quality < 0.70 :         0 elements
Info    : 0.70 < quality < 0.80 :         0 elements
Info    : 0.80 < quality < 0.90 :         0 elements
Info    : 0.90 < quality < 1.00 :         0 elements
Info    : Optimizing volume 28
Info    : Optimization starts (volume = 994160) with worst = 0.000198227 / average = 0.466814:
Info    : 0.00 < quality < 0.10 :       235 elements
Info    : 0.10 < quality < 0.20 :      1177 elements
Info    : 0.20 < quality < 0.30 :      1013 elements
Info    : 0.30 < quality < 0.40 :      1323 elements
Info    : 0.40 < quality < 0.50 :      1082 elements
Info    : 0.50 < quality < 0.60 :      1200 elements
Info    : 0.60 < quality < 0.70 :       913 elements
Info    : 0.70 < quality < 0.80 :       796 elements
Info    : 0.80 < quality < 0.90 :       584 elements
Info    : 0.90 < quality < 1.00 :       321 elements
Info    : 487 edge swaps, 30 node relocations (volume = 994160): worst = 0.0172246 / average = 0.481624 (Wall 0.0252003s, CPU 0.025192s)
Info    : 540 edge swaps, 38 node relocations (volume = 994160): worst = 0.0172246 / average = 0.482764 (Wall 0.0419583s, CPU 0.04195s)
Info    : No ill-shaped tets in the mesh :-)
Info    : 0.00 < quality < 0.10 :        83 elements
Info    : 0.10 < quality < 0.20 :      1041 elements
Info    : 0.20 < quality < 0.30 :       851 elements
Info    : 0.30 < quality < 0.40 :      1342 elements
Info    : 0.40 < quality < 0.50 :      1064 elements
Info    : 0.50 < quality < 0.60 :      1164 elements
Info    : 0.60 < quality < 0.70 :       932 elements
Info    : 0.70 < quality < 0.80 :       799 elements
Info    : 0.80 < quality < 0.90 :       599 elements
Info    : 0.90 < quality < 1.00 :       310 elements
Info    : Optimizing volume 29
Info    : Optimization starts (volume = 238216) with worst = 0.00531692 / average = 0.51048:
Info    : 0.00 < quality < 0.10 :        26 elements
Info    : 0.10 < quality < 0.20 :       122 elements
Info    : 0.20 < quality < 0.30 :       218 elements
Info    : 0.30 < quality < 0.40 :       255 elements
Info    : 0.40 < quality < 0.50 :       314 elements
Info    : 0.50 < quality < 0.60 :       382 elements
Info    : 0.60 < quality < 0.70 :       422 elements
Info    : 0.70 < quality < 0.80 :       273 elements
Info    : 0.80 < quality < 0.90 :        88 elements
Info    : 0.90 < quality < 1.00 :         5 elements
Info    : 118 edge swaps, 0 node relocations (volume = 238216): worst = 0.0624289 / average = 0.525489 (Wall 0.00322158s, CPU 0.00322s)
Info    : 125 edge swaps, 0 node relocations (volume = 238216): worst = 0.0624289 / average = 0.525105 (Wall 0.00673217s, CPU 0.006729s)
Info    : No ill-shaped tets in the mesh :-)
Info    : 0.00 < quality < 0.10 :         4 elements
Info    : 0.10 < quality < 0.20 :        75 elements
Info    : 0.20 < quality < 0.30 :       168 elements
Info    : 0.30 < quality < 0.40 :       281 elements
Info    : 0.40 < quality < 0.50 :       313 elements
Info    : 0.50 < quality < 0.60 :       371 elements
Info    : 0.60 < quality < 0.70 :       413 elements
Info    : 0.70 < quality < 0.80 :       277 elements
Info    : 0.80 < quality < 0.90 :        87 elements
Info    : 0.90 < quality < 1.00 :         5 elements
Info    : Optimizing volume 30
Info    : Optimization starts (volume = 1.14343e+07) with worst = 0.0494713 / average = 0.597663:
Info    : 0.00 < quality < 0.10 :         2 elements
Info    : 0.10 < quality < 0.20 :         7 elements
Info    : 0.20 < quality < 0.30 :        30 elements
Info    : 0.30 < quality < 0.40 :        73 elements
Info    : 0.40 < quality < 0.50 :       227 elements
Info    : 0.50 < quality < 0.60 :       338 elements
Info    : 0.60 < quality < 0.70 :       250 elements
Info    : 0.70 < quality < 0.80 :       192 elements
Info    : 0.80 < quality < 0.90 :       112 elements
Info    : 0.90 < quality < 1.00 :        35 elements
Info    : 35 edge swaps, 1 node relocations (volume = 1.14343e+07): worst = 0.275605 / average = 0.611962 (Wall 0.00151555s, CPU 0.001514s)
Info    : No ill-shaped tets in the mesh :-)
Info    : 0.00 < quality < 0.10 :         0 elements
Info    : 0.10 < quality < 0.20 :         0 elements
Info    : 0.20 < quality < 0.30 :         1 elements
Info    : 0.30 < quality < 0.40 :        75 elements
Info    : 0.40 < quality < 0.50 :       217 elements
Info    : 0.50 < quality < 0.60 :       338 elements
Info    : 0.60 < quality < 0.70 :       257 elements
Info    : 0.70 < quality < 0.80 :       195 elements
Info    : 0.80 < quality < 0.90 :       115 elements
Info    : 0.90 < quality < 1.00 :        35 elements
Info    : Optimizing volume 31
Info    : Optimization starts (volume = 3.65492e+07) with worst = 0.00489747 / average = 0.572861:
Info    : 0.00 < quality < 0.10 :        76 elements
Info    : 0.10 < quality < 0.20 :        34 elements
Info    : 0.20 < quality < 0.30 :        24 elements
Info    : 0.30 < quality < 0.40 :        50 elements
Info    : 0.40 < quality < 0.50 :        60 elements
Info    : 0.50 < quality < 0.60 :       154 elements
Info    : 0.60 < quality < 0.70 :       208 elements
Info    : 0.70 < quality < 0.80 :       210 elements
Info    : 0.80 < quality < 0.90 :        98 elements
Info    : 0.90 < quality < 1.00 :        10 elements
Info    : 22 edge swaps, 0 node relocations (volume = 3.65492e+07): worst = 0.00739831 / average = 0.579376 (Wall 0.0012207s, CPU 0.001221s)
Info    : No ill-shaped tets in the mesh :-)
Info    : 0.00 < quality < 0.10 :        72 elements
Info    : 0.10 < quality < 0.20 :        34 elements
Info    : 0.20 < quality < 0.30 :        10 elements
Info    : 0.30 < quality < 0.40 :        53 elements
Info    : 0.40 < quality < 0.50 :        62 elements
Info    : 0.50 < quality < 0.60 :       147 elements
Info    : 0.60 < quality < 0.70 :       214 elements
Info    : 0.70 < quality < 0.80 :       212 elements
Info    : 0.80 < quality < 0.90 :        91 elements
Info    : 0.90 < quality < 1.00 :        14 elements
Info    : Done optimizing mesh (Wall 0.110391s, CPU 0.110374s)
Info    : 3157 nodes 25227 elements
Info    : Writing '/foss/designs/inductor_synth/palace_model/inductor2_N2_do66.02_w4_s2.01_data/inductor2_N2_do66.02_w4_s2.01.msh'...
Info    : Done writing '/foss/designs/inductor_synth/palace_model/inductor2_N2_do66.02_w4_s2.01_data/inductor2_N2_do66.02_w4_s2.01.msh'
Info    : Clearing all models and views...
Info    : Done clearing all models and views
>> /usr/bin/mpirun -n 1 /foss/tools/bin/palace-x86_64.bin config.json

_____________     _______
_____   __   \____ __   /____ ____________
____   /_/  /  __ ` /  /  __ ` /  ___/  _ \
___   _____/  /_/  /  /  /_/  /  /__/  ___/
  /__/     \___,__/__/\___,__/\_____\_____/

Git changeset ID: v0.17.0-227-gc531cf3e
Running with 1 MPI process
Device configuration: cpu
Memory configuration: host-std
libCEED backend: /cpu/self/xsmm/blocked

Added 2616 boundary elements for material interfaces to the mesh

Characteristic length and time scales:
 Lc = 4.999e-04 m, tc = 1.667e-03 ns
Finished partitioning mesh into 1 subdomain

Mesh curvature order: 1
Mesh bounding box:
 (Xmin, Ymin, Zmin) = (-1.756e-04, -1.756e-04, -5.000e-05) m
 (Xmax, Ymax, Zmax) = (+1.756e-04, +1.756e-04, +4.499e-04) m

Parallel Mesh Stats:

                minimum     average     maximum       total
 vertices          3104        3104        3104        3104
 edges            19239       19239       19239       19239
 faces            30721       30721       30721       30721
 elements         14580       14580       14580       14580
 neighbors            0           0           0

            minimum     maximum
 h      0.000837291     0.21099
 kappa      1.14409     646.103

Estimated current per-rank memory usage is: Min. 40.6M, Max. 40.6M, Avg. 40.6M, Total 40.6M
Estimated current per-node memory usage is: Min. 40.6M, Max. 40.6M, Avg. 40.6M, Total 40.6M

Configuring Robin absorbing BC (order 2) at attributes:
 22

Configuring Robin finite conductivity BC at attributes:
 2: σ = 2.164e+07 S/m, h = 4.200e-07 m, n = (+0.0,+0.0,+1.0)
 3: σ = 2.164e+07 S/m, h = 4.200e-07 m, n = (+0.7,+0.7,+0.0)
 4: σ = 2.780e+07 S/m, h = 2.000e-06 m, n = (+0.0,+0.0,-1.0)
 5: σ = 2.780e+07 S/m, h = 2.000e-06 m, n = (+1.0,-0.1,+0.0)
 6: σ = 2.780e+07 S/m, h = 2.000e-06 m, n = (+0.0,+0.0,-1.0)
 7: σ = 2.780e+07 S/m, h = 2.000e-06 m, n = (+1.0,-0.1,+0.0)
 8: σ = 2.780e+07 S/m, h = 2.000e-06 m, n = (+0.0,-0.0,+1.0)
 9: σ = 2.780e+07 S/m, h = 2.000e-06 m, n = (+0.6,+0.8,+0.0)
 10: σ = 3.030e+07 S/m, h = 3.000e-06 m, n = (+0.0,+0.0,+1.0)
 11: σ = 3.030e+07 S/m, h = 3.000e-06 m, n = (-0.9,+0.4,-0.0)
 12: σ = 3.030e+07 S/m, h = 3.000e-06 m, n = (+0.0,+0.0,+1.0)
 13: σ = 3.030e+07 S/m, h = 3.000e-06 m, n = (+0.9,-0.4,-0.0)

Configuring Robin impedance BC for lumped ports at attributes:
 20: Rs = 2.012e+01 Ω/sq, n = (-0.0,+1.0,+0.0)
 21: Rs = 2.012e+01 Ω/sq, n = (+0.0,+1.0,+0.0)

Configuring lumped port circuit properties:
 Index = 1: R = 5.000e+01 Ω
 Index = 2: R = 5.000e+01 Ω

Configuring lumped port excitation source term at attributes:
 20: Index = 1
 21: Index = 2

[38;2;255;255;000m--> Warning![0m
Adaptive frequency sweep requires > 2 total frequency samples!
Reverting to uniform sweep!


Computing frequency response for:
Excitation 1/2 with index 1 has contributions from:
 Lumped port  1
Excitation 2/2 with index 2 has contributions from:
 Lumped port  2

Assembling system matrices, number of global unknowns:
 H1 (p = 2): 22343, ND (p = 2): 99920, RT (p = 2): 135903
 Operator assembly level: Partial
 Mesh geometries:
  Tetrahedron: P = 20, Q = 14 (quadrature order = 4)
 SuperLUSolver: Using 2D processor grid 1 x 1

Sweeping excitation index 1 (1/2):

Assembling multigrid hierarchy:
 Level 0 (p = 1): 19239 unknowns
 Level 1 (p = 2): 99920 unknowns
 Level 0 (auxiliary) (p = 1): 3104 unknowns
 Level 1 (auxiliary) (p = 2): 22343 unknowns

It 1/2: ω/2π = 1.000e-01 GHz (total elapsed time = 6.74e+00 s, solve 1/4)

  Residual norms for GMRES solve

** Memory Usage **********************************
** Total highmark (MB):
    Sum-of-all :   101.28 | Avg :   101.28  | Max :   101.28
    Max at rank 0, different stages (MB):
	. symbfact            9.18
	. distribution      101.28
	. numfact            87.09
** NUMfact space (MB): (sum-of-all-processes)
    L\U :           45.50 |  Total :    87.09
	. max at rank 0, max L+U memory (MB):    45.50
	. max at rank 0, peak buffer (MB):       41.59
**************************************************

** number of Tiny Pivots:        0

  0 (restart 0) KSP residual norm 2.054473e+01
  1 (restart 0) KSP residual norm 2.347400e+00
  2 (restart 0) KSP residual norm 6.079234e-01
  3 (restart 0) KSP residual norm 4.377255e-01
  4 (restart 0) KSP residual norm 2.278408e-01
  5 (restart 0) KSP residual norm 1.873711e-01
  6 (restart 0) KSP residual norm 1.094670e-01
  7 (restart 0) KSP residual norm 7.587744e-02
  8 (restart 0) KSP residual norm 5.109576e-02
  9 (restart 0) KSP residual norm 3.098131e-02
 10 (restart 0) KSP residual norm 2.480796e-02
 11 (restart 0) KSP residual norm 1.652363e-02
 12 (restart 0) KSP residual norm 1.287572e-02
 13 (restart 0) KSP residual norm 9.415638e-03
 14 (restart 0) KSP residual norm 7.014764e-03
 15 (restart 0) KSP residual norm 5.498511e-03
 16 (restart 0) KSP residual norm 4.331520e-03
 17 (restart 0) KSP residual norm 3.314469e-03
 18 (restart 0) KSP residual norm 2.621934e-03
 19 (restart 0) KSP residual norm 2.030707e-03
 20 (restart 0) KSP residual norm 1.574106e-03
 21 (restart 0) KSP residual norm 1.237436e-03
 22 (restart 0) KSP residual norm 9.353762e-04
 23 (restart 0) KSP residual norm 7.496469e-04
 24 (restart 0) KSP residual norm 5.868151e-04
 25 (restart 0) KSP residual norm 4.629077e-04
 26 (restart 0) KSP residual norm 3.611693e-04
 27 (restart 0) KSP residual norm 2.878829e-04
 28 (restart 0) KSP residual norm 2.243031e-04
 29 (restart 0) KSP residual norm 1.775861e-04
 30 (restart 0) KSP residual norm 1.353831e-04
 31 (restart 0) KSP residual norm 1.054839e-04
 32 (restart 0) KSP residual norm 8.116152e-05
 33 (restart 0) KSP residual norm 6.446553e-05
 34 (restart 0) KSP residual norm 5.270179e-05
 35 (restart 0) KSP residual norm 4.223859e-05
 36 (restart 0) KSP residual norm 3.382460e-05
 37 (restart 0) KSP residual norm 2.766735e-05
 38 (restart 0) KSP residual norm 2.226664e-05
 39 (restart 0) KSP residual norm 1.799568e-05
GMRES solver converged in 39 iterations (avg. reduction factor: 6.993e-01)
 Sol. ||E|| = 2.144733e+01 (||RHS|| = 3.340064e-03)
 Field energy E (5.092e-13 J) + H (3.882e-12 J) = 4.391e-12 J
 S[1][1] = +5.473e-02+2.282e-03i, |S[1][1]| = -2.523e+01, arg(S[1][1]) = +2.388e+00
 S[2][1] = +9.453e-01-2.914e-03i, |S[2][1]| = -4.890e-01, arg(S[2][1]) = -1.766e-01
 Updating solution error estimates

It 2/2: ω/2π = 2.000e+01 GHz (total elapsed time = 6.38e+01 s, solve 2/4)

  Residual norms for GMRES solve

** Memory Usage **********************************
** Total highmark (MB):
    Sum-of-all :    87.09 | Avg :    87.09  | Max :    87.09
    Max at rank 0, different stages (MB):
	. symbfact            0.00
	. distribution       84.92
	. numfact            87.09
** NUMfact space (MB): (sum-of-all-processes)
    L\U :           45.50 |  Total :    87.09
	. max at rank 0, max L+U memory (MB):    45.50
	. max at rank 0, peak buffer (MB):       41.59
**************************************************

** number of Tiny Pivots:        0

  0 (restart 0) KSP residual norm 1.987648e+01
  1 (restart 0) KSP residual norm 9.212586e+00
  2 (restart 0) KSP residual norm 1.902287e+00
  3 (restart 0) KSP residual norm 4.639189e-01
  4 (restart 0) KSP residual norm 2.483706e-01
  5 (restart 0) KSP residual norm 1.936861e-01
  6 (restart 0) KSP residual norm 9.783953e-02
  7 (restart 0) KSP residual norm 5.593267e-02
  8 (restart 0) KSP residual norm 3.928373e-02
  9 (restart 0) KSP residual norm 2.558251e-02
 10 (restart 0) KSP residual norm 1.963381e-02
 11 (restart 0) KSP residual norm 1.526424e-02
 12 (restart 0) KSP residual norm 1.119120e-02
 13 (restart 0) KSP residual norm 8.350841e-03
 14 (restart 0) KSP residual norm 6.139414e-03
 15 (restart 0) KSP residual norm 4.544703e-03
 16 (restart 0) KSP residual norm 3.573995e-03
 17 (restart 0) KSP residual norm 2.833425e-03
 18 (restart 0) KSP residual norm 2.280219e-03
 19 (restart 0) KSP residual norm 1.713392e-03
 20 (restart 0) KSP residual norm 1.387986e-03
 21 (restart 0) KSP residual norm 1.028022e-03
 22 (restart 0) KSP residual norm 8.217916e-04
 23 (restart 0) KSP residual norm 6.363559e-04
 24 (restart 0) KSP residual norm 5.279884e-04
 25 (restart 0) KSP residual norm 4.277401e-04
 26 (restart 0) KSP residual norm 3.422763e-04
 27 (restart 0) KSP residual norm 2.706232e-04
 28 (restart 0) KSP residual norm 2.071905e-04
 29 (restart 0) KSP residual norm 1.643215e-04
 30 (restart 0) KSP residual norm 1.312299e-04
 31 (restart 0) KSP residual norm 1.070609e-04
 32 (restart 0) KSP residual norm 9.209599e-05
 33 (restart 0) KSP residual norm 7.803190e-05
 34 (restart 0) KSP residual norm 6.851283e-05
 35 (restart 0) KSP residual norm 5.793343e-05
 36 (restart 0) KSP residual norm 4.958674e-05
 37 (restart 0) KSP residual norm 4.050358e-05
 38 (restart 0) KSP residual norm 3.450413e-05
 39 (restart 0) KSP residual norm 2.869003e-05
 40 (restart 0) KSP residual norm 2.414559e-05
 41 (restart 0) KSP residual norm 2.009673e-05
 42 (restart 0) KSP residual norm 1.677702e-05
GMRES solver converged in 42 iterations (avg. reduction factor: 7.168e-01)
 Sol. ||E|| = 2.275849e+01 (||RHS|| = 6.680127e-01)
 Field energy E (6.125e-13 J) + H (3.066e-12 J) = 3.679e-12 J
 S[1][1] = +2.731e-01+3.326e-01i, |S[1][1]| = -7.323e+00, arg(S[1][1]) = +5.062e+01
 S[2][1] = +7.174e-01-4.216e-01i, |S[2][1]| = -1.596e+00, arg(S[2][1]) = -3.044e+01
 Updating solution error estimates

Sweeping excitation index 2 (2/2):

It 1/2: ω/2π = 1.000e-01 GHz (total elapsed time = 1.23e+02 s, solve 3/4)

  Residual norms for GMRES solve

** Memory Usage **********************************
** Total highmark (MB):
    Sum-of-all :    87.09 | Avg :    87.09  | Max :    87.09
    Max at rank 0, different stages (MB):
	. symbfact            0.00
	. distribution       84.92
	. numfact            87.09
** NUMfact space (MB): (sum-of-all-processes)
    L\U :           45.50 |  Total :    87.09
	. max at rank 0, max L+U memory (MB):    45.50
	. max at rank 0, peak buffer (MB):       41.59
**************************************************

** number of Tiny Pivots:        0

  0 (restart 0) KSP residual norm 2.022732e+01
  1 (restart 0) KSP residual norm 2.320045e+00
  2 (restart 0) KSP residual norm 5.973284e-01
  3 (restart 0) KSP residual norm 4.300432e-01
  4 (restart 0) KSP residual norm 2.242904e-01
  5 (restart 0) KSP residual norm 1.842777e-01
  6 (restart 0) KSP residual norm 1.073516e-01
  7 (restart 0) KSP residual norm 7.444549e-02
  8 (restart 0) KSP residual norm 4.992579e-02
  9 (restart 0) KSP residual norm 3.029465e-02
 10 (restart 0) KSP residual norm 2.425889e-02
 11 (restart 0) KSP residual norm 1.606638e-02
 12 (restart 0) KSP residual norm 1.250018e-02
 13 (restart 0) KSP residual norm 9.100770e-03
 14 (restart 0) KSP residual norm 6.754770e-03
 15 (restart 0) KSP residual norm 5.286122e-03
 16 (restart 0) KSP residual norm 4.170371e-03
 17 (restart 0) KSP residual norm 3.194298e-03
 18 (restart 0) KSP residual norm 2.533456e-03
 19 (restart 0) KSP residual norm 1.966366e-03
 20 (restart 0) KSP residual norm 1.526504e-03
 21 (restart 0) KSP residual norm 1.202762e-03
 22 (restart 0) KSP residual norm 9.143563e-04
 23 (restart 0) KSP residual norm 7.313069e-04
 24 (restart 0) KSP residual norm 5.749764e-04
 25 (restart 0) KSP residual norm 4.524749e-04
 26 (restart 0) KSP residual norm 3.520834e-04
 27 (restart 0) KSP residual norm 2.802143e-04
 28 (restart 0) KSP residual norm 2.182975e-04
 29 (restart 0) KSP residual norm 1.726157e-04
 30 (restart 0) KSP residual norm 1.319640e-04
 31 (restart 0) KSP residual norm 1.028581e-04
 32 (restart 0) KSP residual norm 7.942778e-05
 33 (restart 0) KSP residual norm 6.308627e-05
 34 (restart 0) KSP residual norm 5.163292e-05
 35 (restart 0) KSP residual norm 4.120331e-05
 36 (restart 0) KSP residual norm 3.309305e-05
 37 (restart 0) KSP residual norm 2.709133e-05
 38 (restart 0) KSP residual norm 2.177977e-05
 39 (restart 0) KSP residual norm 1.757902e-05
GMRES solver converged in 39 iterations (avg. reduction factor: 6.992e-01)
 Sol. ||E|| = 2.112199e+01 (||RHS|| = 3.340064e-03)
 Field energy E (4.911e-13 J) + H (3.882e-12 J) = 4.373e-12 J
 S[1][2] = +9.453e-01-2.914e-03i, |S[1][2]| = -4.890e-01, arg(S[1][2]) = -1.766e-01
 S[2][2] = +5.473e-02+2.294e-03i, |S[2][2]| = -2.523e+01, arg(S[2][2]) = +2.400e+00
 Updating solution error estimates

It 2/2: ω/2π = 2.000e+01 GHz (total elapsed time = 1.80e+02 s, solve 4/4)

  Residual norms for GMRES solve

** Memory Usage **********************************
** Total highmark (MB):
    Sum-of-all :    87.09 | Avg :    87.09  | Max :    87.09
    Max at rank 0, different stages (MB):
	. symbfact            0.00
	. distribution       84.92
	. numfact            87.09
** NUMfact space (MB): (sum-of-all-processes)
    L\U :           45.50 |  Total :    87.09
	. max at rank 0, max L+U memory (MB):    45.50
	. max at rank 0, peak buffer (MB):       41.59
**************************************************

** number of Tiny Pivots:        0

  0 (restart 0) KSP residual norm 1.990017e+01
  1 (restart 0) KSP residual norm 9.186966e+00
  2 (restart 0) KSP residual norm 1.995495e+00
  3 (restart 0) KSP residual norm 5.175666e-01
  4 (restart 0) KSP residual norm 3.188336e-01
  5 (restart 0) KSP residual norm 2.168730e-01
  6 (restart 0) KSP residual norm 1.035875e-01
  7 (restart 0) KSP residual norm 5.472158e-02
  8 (restart 0) KSP residual norm 3.861730e-02
  9 (restart 0) KSP residual norm 2.562329e-02
 10 (restart 0) KSP residual norm 1.902766e-02
 11 (restart 0) KSP residual norm 1.462973e-02
 12 (restart 0) KSP residual norm 1.067532e-02
 13 (restart 0) KSP residual norm 7.945222e-03
 14 (restart 0) KSP residual norm 5.795377e-03
 15 (restart 0) KSP residual norm 4.279906e-03
 16 (restart 0) KSP residual norm 3.352895e-03
 17 (restart 0) KSP residual norm 2.667293e-03
 18 (restart 0) KSP residual norm 2.184317e-03
 19 (restart 0) KSP residual norm 1.674969e-03
 20 (restart 0) KSP residual norm 1.363803e-03
 21 (restart 0) KSP residual norm 1.020515e-03
 22 (restart 0) KSP residual norm 8.105286e-04
 23 (restart 0) KSP residual norm 6.203055e-04
 24 (restart 0) KSP residual norm 5.083034e-04
 25 (restart 0) KSP residual norm 4.071895e-04
 26 (restart 0) KSP residual norm 3.232850e-04
 27 (restart 0) KSP residual norm 2.579742e-04
 28 (restart 0) KSP residual norm 2.021703e-04
 29 (restart 0) KSP residual norm 1.624677e-04
 30 (restart 0) KSP residual norm 1.296891e-04
 31 (restart 0) KSP residual norm 1.054080e-04
 32 (restart 0) KSP residual norm 9.013424e-05
 33 (restart 0) KSP residual norm 7.558505e-05
 34 (restart 0) KSP residual norm 6.588563e-05
 35 (restart 0) KSP residual norm 5.627411e-05
 36 (restart 0) KSP residual norm 4.833499e-05
 37 (restart 0) KSP residual norm 3.961942e-05
 38 (restart 0) KSP residual norm 3.361945e-05
 39 (restart 0) KSP residual norm 2.800826e-05
 40 (restart 0) KSP residual norm 2.367923e-05
 41 (restart 0) KSP residual norm 1.961056e-05
GMRES solver converged in 41 iterations (avg. reduction factor: 7.137e-01)
 Sol. ||E|| = 2.279499e+01 (||RHS|| = 6.680127e-01)
 Field energy E (6.076e-13 J) + H (3.065e-12 J) = 3.673e-12 J
 S[1][2] = +7.174e-01-4.216e-01i, |S[1][2]| = -1.596e+00, arg(S[1][2]) = -3.044e+01
 S[2][2] = +2.750e-01+3.331e-01i, |S[2][2]| = -7.291e+00, arg(S[2][2]) = +5.046e+01
 Updating solution error estimates

Completed 0 iterations of adaptive mesh refinement (AMR):
 Indicator norm = 1.771e-01, global unknowns = 99920
 Max. iterations = 0, tol. = 1.000e-02, max. size = 2000000

Estimated peak per-rank memory usage is: Min. 773.6M, Max. 773.6M, Avg. 773.6M, Total 773.6M
Estimated peak per-node memory usage is: Min. 773.6M, Max. 773.6M, Avg. 773.6M, Total 773.6M

Elapsed Time Report (s)           Min.        Max.        Avg.
==============================================================
Initialization                   0.033       0.033       0.033
  Mesh Preprocessing             0.132       0.132       0.132
Operator Construction            0.316       0.316       0.316
Linear Solve                    10.876      10.876      10.876
  Setup                         27.056      27.056      27.056
  Preconditioner               121.184     121.184     121.184
  Coarse Solve                   2.489       2.489       2.489
Estimation                       0.228       0.228       0.228
  Construction                   1.790       1.790       1.790
  Solve                         69.251      69.251      69.251
Postprocessing                   0.912       0.912       0.912
Disk IO                          0.122       0.122       0.122
--------------------------------------------------------------
Total                          234.701     234.701     234.701

Peak Memory                   Per-Node       Total   Total HWM
==============================================================
Initialization                    1.8M        1.8M        1.8M
  Mesh Preprocessing              8.3M        8.3M       10.2M
Operator Construction            48.0M       48.0M       58.2M
Linear Solve                     54.2M       54.2M      112.3M
  Setup                         214.4M      214.4M      326.7M
  Preconditioner                 60.5M       60.5M      387.2M
  Coarse Solve                  106.0M      106.0M      493.2M
Estimation                       47.6M       47.6M      540.8M
  Construction                  102.5M      102.5M      643.3M
  Solve                          50.6M       50.6M      693.9M
Postprocessing                   49.2M       49.2M      743.2M
Disk IO                           6.4M        6.4M      749.6M
--------------------------------------------------------------
Total                           763.9M      763.9M      763.9M

>> /usr/bin/mpirun -n 1 /foss/tools/bin/palace-x86_64.bin config.json

_____________     _______
_____   __   \____ __   /____ ____________
____   /_/  /  __ ` /  /  __ ` /  ___/  _ \
___   _____/  /_/  /  /  /_/  /  /__/  ___/
  /__/     \___,__/__/\___,__/\_____\_____/

Git changeset ID: v0.17.0-227-gc531cf3e
Running with 1 MPI process
Device configuration: cpu
Memory configuration: host-std
libCEED backend: /cpu/self/xsmm/blocked

Added 2640 boundary elements for material interfaces to the mesh

Characteristic length and time scales:
 Lc = 4.999e-04 m, tc = 1.667e-03 ns
Finished partitioning mesh into 1 subdomain

Mesh curvature order: 1
Mesh bounding box:
 (Xmin, Ymin, Zmin) = (-1.760e-04, -1.760e-04, -5.000e-05) m
 (Xmax, Ymax, Zmax) = (+1.760e-04, +1.760e-04, +4.499e-04) m

Parallel Mesh Stats:

                minimum     average     maximum       total
 vertices          3143        3143        3143        3143
 edges            19482       19482       19482       19482
 faces            31110       31110       31110       31110
 elements         14765       14765       14765       14765
 neighbors            0           0           0

            minimum     maximum
 h       0.00151579    0.211171
 kappa      1.12538     386.398

Estimated current per-rank memory usage is: Min. 40.6M, Max. 40.6M, Avg. 40.6M, Total 40.6M
Estimated current per-node memory usage is: Min. 40.6M, Max. 40.6M, Avg. 40.6M, Total 40.6M

Configuring Robin absorbing BC (order 2) at attributes:
 22

Configuring Robin finite conductivity BC at attributes:
 2: σ = 2.164e+07 S/m, h = 4.200e-07 m, n = (+0.0,+0.0,+1.0)
 3: σ = 2.164e+07 S/m, h = 4.200e-07 m, n = (+0.7,+0.7,+0.0)
 4: σ = 2.780e+07 S/m, h = 2.000e-06 m, n = (+0.0,+0.0,-1.0)
 5: σ = 2.780e+07 S/m, h = 2.000e-06 m, n = (+1.0,-0.1,+0.0)
 6: σ = 2.780e+07 S/m, h = 2.000e-06 m, n = (+0.0,+0.0,-1.0)
 7: σ = 2.780e+07 S/m, h = 2.000e-06 m, n = (+1.0,-0.1,+0.0)
 8: σ = 2.780e+07 S/m, h = 2.000e-06 m, n = (+0.0,+0.0,+1.0)
 9: σ = 2.780e+07 S/m, h = 2.000e-06 m, n = (+0.6,+0.8,+0.0)
 10: σ = 3.030e+07 S/m, h = 3.000e-06 m, n = (-0.0,-0.0,+1.0)
 11: σ = 3.030e+07 S/m, h = 3.000e-06 m, n = (-0.9,+0.4,+0.0)
 12: σ = 3.030e+07 S/m, h = 3.000e-06 m, n = (+0.0,+0.0,+1.0)
 13: σ = 3.030e+07 S/m, h = 3.000e-06 m, n = (+0.9,-0.4,-0.0)

Configuring Robin impedance BC for lumped ports at attributes:
 20: Rs = 2.012e+01 Ω/sq, n = (+0.0,+1.0,+0.0)
 21: Rs = 2.012e+01 Ω/sq, n = (+0.0,+1.0,+0.0)

Configuring lumped port circuit properties:
 Index = 1: R = 5.000e+01 Ω
 Index = 2: R = 5.000e+01 Ω

Configuring lumped port excitation source term at attributes:
 20: Index = 1
 21: Index = 2

[38;2;255;255;000m--> Warning![0m
Adaptive frequency sweep requires > 2 total frequency samples!
Reverting to uniform sweep!


Computing frequency response for:
Excitation 1/2 with index 1 has contributions from:
 Lumped port  1
Excitation 2/2 with index 2 has contributions from:
 Lumped port  2

Assembling system matrices, number of global unknowns:
 H1 (p = 2): 22625, ND (p = 2): 101184, RT (p = 2): 137625
 Operator assembly level: Partial
 Mesh geometries:
  Tetrahedron: P = 20, Q = 14 (quadrature order = 4)
 SuperLUSolver: Using 2D processor grid 1 x 1

Sweeping excitation index 1 (1/2):

Assembling multigrid hierarchy:
 Level 0 (p = 1): 19482 unknowns
 Level 1 (p = 2): 101184 unknowns
 Level 0 (auxiliary) (p = 1): 3143 unknowns
 Level 1 (auxiliary) (p = 2): 22625 unknowns

It 1/2: ω/2π = 1.000e-01 GHz (total elapsed time = 4.83e+00 s, solve 1/4)

  Residual norms for GMRES solve

** Memory Usage **********************************
** Total highmark (MB):
    Sum-of-all :   101.39 | Avg :   101.39  | Max :   101.39
    Max at rank 0, different stages (MB):
	. symbfact            9.20
	. distribution      101.39
	. numfact            84.18
** NUMfact space (MB): (sum-of-all-processes)
    L\U :           45.24 |  Total :    84.18
	. max at rank 0, max L+U memory (MB):    45.24
	. max at rank 0, peak buffer (MB):       38.94
**************************************************

** number of Tiny Pivots:        0

  0 (restart 0) KSP residual norm 2.099386e+01
  1 (restart 0) KSP residual norm 2.227441e+00
  2 (restart 0) KSP residual norm 5.845134e-01
  3 (restart 0) KSP residual norm 4.150294e-01
  4 (restart 0) KSP residual norm 2.232681e-01
  5 (restart 0) KSP residual norm 1.836737e-01
  6 (restart 0) KSP residual norm 1.055567e-01
  7 (restart 0) KSP residual norm 7.450260e-02
  8 (restart 0) KSP residual norm 4.802758e-02
  9 (restart 0) KSP residual norm 3.031732e-02
 10 (restart 0) KSP residual norm 2.399098e-02
 11 (restart 0) KSP residual norm 1.644716e-02
 12 (restart 0) KSP residual norm 1.340716e-02
 13 (restart 0) KSP residual norm 9.645394e-03
 14 (restart 0) KSP residual norm 7.799447e-03
 15 (restart 0) KSP residual norm 5.562277e-03
 16 (restart 0) KSP residual norm 4.384065e-03
 17 (restart 0) KSP residual norm 3.134969e-03
 18 (restart 0) KSP residual norm 2.435635e-03
 19 (restart 0) KSP residual norm 1.803826e-03
 20 (restart 0) KSP residual norm 1.385124e-03
 21 (restart 0) KSP residual norm 1.094300e-03
 22 (restart 0) KSP residual norm 8.671033e-04
 23 (restart 0) KSP residual norm 6.991186e-04
 24 (restart 0) KSP residual norm 5.655047e-04
 25 (restart 0) KSP residual norm 4.558137e-04
 26 (restart 0) KSP residual norm 3.642202e-04
 27 (restart 0) KSP residual norm 2.878011e-04
 28 (restart 0) KSP residual norm 2.228568e-04
 29 (restart 0) KSP residual norm 1.773591e-04
 30 (restart 0) KSP residual norm 1.395243e-04
 31 (restart 0) KSP residual norm 1.124074e-04
 32 (restart 0) KSP residual norm 8.969025e-05
 33 (restart 0) KSP residual norm 7.289453e-05
 34 (restart 0) KSP residual norm 6.071476e-05
 35 (restart 0) KSP residual norm 5.016188e-05
 36 (restart 0) KSP residual norm 4.238217e-05
 37 (restart 0) KSP residual norm 3.556269e-05
 38 (restart 0) KSP residual norm 2.923777e-05
 39 (restart 0) KSP residual norm 2.421950e-05
 40 (restart 0) KSP residual norm 1.973407e-05
GMRES solver converged in 40 iterations (avg. reduction factor: 7.069e-01)
 Sol. ||E|| = 2.176603e+01 (||RHS|| = 3.340064e-03)
 Field energy E (5.117e-13 J) + H (3.920e-12 J) = 4.432e-12 J
 S[1][1] = +5.479e-02+2.306e-03i, |S[1][1]| = -2.522e+01, arg(S[1][1]) = +2.410e+00
 S[2][1] = +9.452e-01-2.940e-03i, |S[2][1]| = -4.895e-01, arg(S[2][1]) = -1.782e-01
 Updating solution error estimates

It 2/2: ω/2π = 2.000e+01 GHz (total elapsed time = 6.11e+01 s, solve 2/4)

  Residual norms for GMRES solve

** Memory Usage **********************************
** Total highmark (MB):
    Sum-of-all :    85.15 | Avg :    85.15  | Max :    85.15
    Max at rank 0, different stages (MB):
	. symbfact            0.00
	. distribution       85.15
	. numfact            84.18
** NUMfact space (MB): (sum-of-all-processes)
    L\U :           45.24 |  Total :    84.18
	. max at rank 0, max L+U memory (MB):    45.24
	. max at rank 0, peak buffer (MB):       38.94
**************************************************

** number of Tiny Pivots:        0

  0 (restart 0) KSP residual norm 2.012561e+01
  1 (restart 0) KSP residual norm 9.258679e+00
  2 (restart 0) KSP residual norm 1.936432e+00
  3 (restart 0) KSP residual norm 4.925034e-01
  4 (restart 0) KSP residual norm 2.648240e-01
  5 (restart 0) KSP residual norm 2.096803e-01
  6 (restart 0) KSP residual norm 1.096134e-01
  7 (restart 0) KSP residual norm 6.144738e-02
  8 (restart 0) KSP residual norm 4.418054e-02
  9 (restart 0) KSP residual norm 2.852978e-02
 10 (restart 0) KSP residual norm 2.089080e-02
 11 (restart 0) KSP residual norm 1.527797e-02
 12 (restart 0) KSP residual norm 1.074717e-02
 13 (restart 0) KSP residual norm 7.854286e-03
 14 (restart 0) KSP residual norm 5.776052e-03
 15 (restart 0) KSP residual norm 4.428154e-03
 16 (restart 0) KSP residual norm 3.573438e-03
 17 (restart 0) KSP residual norm 2.853318e-03
 18 (restart 0) KSP residual norm 2.221546e-03
 19 (restart 0) KSP residual norm 1.661253e-03
 20 (restart 0) KSP residual norm 1.354274e-03
 21 (restart 0) KSP residual norm 1.022658e-03
 22 (restart 0) KSP residual norm 8.046003e-04
 23 (restart 0) KSP residual norm 6.252991e-04
 24 (restart 0) KSP residual norm 5.141677e-04
 25 (restart 0) KSP residual norm 4.185637e-04
 26 (restart 0) KSP residual norm 3.281964e-04
 27 (restart 0) KSP residual norm 2.586779e-04
 28 (restart 0) KSP residual norm 1.989432e-04
 29 (restart 0) KSP residual norm 1.574911e-04
 30 (restart 0) KSP residual norm 1.275048e-04
 31 (restart 0) KSP residual norm 1.038724e-04
 32 (restart 0) KSP residual norm 8.971636e-05
 33 (restart 0) KSP residual norm 7.580076e-05
 34 (restart 0) KSP residual norm 6.616468e-05
 35 (restart 0) KSP residual norm 5.460348e-05
 36 (restart 0) KSP residual norm 4.497983e-05
 37 (restart 0) KSP residual norm 3.502997e-05
 38 (restart 0) KSP residual norm 2.861571e-05
 39 (restart 0) KSP residual norm 2.271273e-05
 40 (restart 0) KSP residual norm 1.856140e-05
GMRES solver converged in 40 iterations (avg. reduction factor: 7.065e-01)
 Sol. ||E|| = 2.297260e+01 (||RHS|| = 6.680127e-01)
 Field energy E (6.224e-13 J) + H (3.091e-12 J) = 3.713e-12 J
 S[1][1] = +2.771e-01+3.346e-01i, |S[1][1]| = -7.241e+00, arg(S[1][1]) = +5.036e+01
 S[2][1] = +7.135e-01-4.241e-01i, |S[2][1]| = -1.619e+00, arg(S[2][1]) = -3.073e+01
 Updating solution error estimates

Sweeping excitation index 2 (2/2):

It 1/2: ω/2π = 1.000e-01 GHz (total elapsed time = 1.17e+02 s, solve 3/4)

  Residual norms for GMRES solve

** Memory Usage **********************************
** Total highmark (MB):
    Sum-of-all :    85.15 | Avg :    85.15  | Max :    85.15
    Max at rank 0, different stages (MB):
	. symbfact            0.00
	. distribution       85.15
	. numfact            84.18
** NUMfact space (MB): (sum-of-all-processes)
    L\U :           45.24 |  Total :    84.18
	. max at rank 0, max L+U memory (MB):    45.24
	. max at rank 0, peak buffer (MB):       38.94
**************************************************

** number of Tiny Pivots:        0

  0 (restart 0) KSP residual norm 2.064926e+01
  1 (restart 0) KSP residual norm 2.174834e+00
  2 (restart 0) KSP residual norm 5.690580e-01
  3 (restart 0) KSP residual norm 4.008619e-01
  4 (restart 0) KSP residual norm 2.162436e-01
  5 (restart 0) KSP residual norm 1.779610e-01
  6 (restart 0) KSP residual norm 1.018139e-01
  7 (restart 0) KSP residual norm 7.247326e-02
  8 (restart 0) KSP residual norm 4.666322e-02
  9 (restart 0) KSP residual norm 2.973367e-02
 10 (restart 0) KSP residual norm 2.355909e-02
 11 (restart 0) KSP residual norm 1.605687e-02
 12 (restart 0) KSP residual norm 1.308094e-02
 13 (restart 0) KSP residual norm 9.409003e-03
 14 (restart 0) KSP residual norm 7.629015e-03
 15 (restart 0) KSP residual norm 5.428811e-03
 16 (restart 0) KSP residual norm 4.277872e-03
 17 (restart 0) KSP residual norm 3.056546e-03
 18 (restart 0) KSP residual norm 2.374419e-03
 19 (restart 0) KSP residual norm 1.762702e-03
 20 (restart 0) KSP residual norm 1.352870e-03
 21 (restart 0) KSP residual norm 1.067019e-03
 22 (restart 0) KSP residual norm 8.482803e-04
 23 (restart 0) KSP residual norm 6.845829e-04
 24 (restart 0) KSP residual norm 5.525738e-04
 25 (restart 0) KSP residual norm 4.452600e-04
 26 (restart 0) KSP residual norm 3.561811e-04
 27 (restart 0) KSP residual norm 2.820061e-04
 28 (restart 0) KSP residual norm 2.190203e-04
 29 (restart 0) KSP residual norm 1.744635e-04
 30 (restart 0) KSP residual norm 1.370564e-04
 31 (restart 0) KSP residual norm 1.103742e-04
 32 (restart 0) KSP residual norm 8.815177e-05
 33 (restart 0) KSP residual norm 7.164899e-05
 34 (restart 0) KSP residual norm 5.983471e-05
 35 (restart 0) KSP residual norm 4.927841e-05
 36 (restart 0) KSP residual norm 4.165600e-05
 37 (restart 0) KSP residual norm 3.499191e-05
 38 (restart 0) KSP residual norm 2.884320e-05
 39 (restart 0) KSP residual norm 2.378806e-05
 40 (restart 0) KSP residual norm 1.935901e-05
GMRES solver converged in 40 iterations (avg. reduction factor: 7.068e-01)
 Sol. ||E|| = 2.137363e+01 (||RHS|| = 2.768948e-03)
 Field energy E (4.931e-13 J) + H (3.920e-12 J) = 4.413e-12 J
 S[1][2] = +9.452e-01-2.940e-03i, |S[1][2]| = -4.895e-01, arg(S[1][2]) = -1.782e-01
 S[2][2] = +5.479e-02+2.318e-03i, |S[2][2]| = -2.522e+01, arg(S[2][2]) = +2.422e+00
 Updating solution error estimates

It 2/2: ω/2π = 2.000e+01 GHz (total elapsed time = 1.73e+02 s, solve 4/4)

  Residual norms for GMRES solve

** Memory Usage **********************************
** Total highmark (MB):
    Sum-of-all :    85.15 | Avg :    85.15  | Max :    85.15
    Max at rank 0, different stages (MB):
	. symbfact            0.00
	. distribution       85.15
	. numfact            84.18
** NUMfact space (MB): (sum-of-all-processes)
    L\U :           45.24 |  Total :    84.18
	. max at rank 0, max L+U memory (MB):    45.24
	. max at rank 0, peak buffer (MB):       38.94
**************************************************

** number of Tiny Pivots:        0

  0 (restart 0) KSP residual norm 2.003650e+01
  1 (restart 0) KSP residual norm 9.172581e+00
  2 (restart 0) KSP residual norm 1.926752e+00
  3 (restart 0) KSP residual norm 4.880244e-01
  4 (restart 0) KSP residual norm 3.223944e-01
  5 (restart 0) KSP residual norm 2.220206e-01
  6 (restart 0) KSP residual norm 1.062637e-01
  7 (restart 0) KSP residual norm 5.901933e-02
  8 (restart 0) KSP residual norm 4.256921e-02
  9 (restart 0) KSP residual norm 2.746988e-02
 10 (restart 0) KSP residual norm 2.010339e-02
 11 (restart 0) KSP residual norm 1.485858e-02
 12 (restart 0) KSP residual norm 1.041787e-02
 13 (restart 0) KSP residual norm 7.565893e-03
 14 (restart 0) KSP residual norm 5.632405e-03
 15 (restart 0) KSP residual norm 4.314005e-03
 16 (restart 0) KSP residual norm 3.489936e-03
 17 (restart 0) KSP residual norm 2.757949e-03
 18 (restart 0) KSP residual norm 2.170616e-03
 19 (restart 0) KSP residual norm 1.612190e-03
 20 (restart 0) KSP residual norm 1.312854e-03
 21 (restart 0) KSP residual norm 9.877128e-04
 22 (restart 0) KSP residual norm 7.896387e-04
 23 (restart 0) KSP residual norm 6.231421e-04
 24 (restart 0) KSP residual norm 5.083235e-04
 25 (restart 0) KSP residual norm 4.050525e-04
 26 (restart 0) KSP residual norm 3.207181e-04
 27 (restart 0) KSP residual norm 2.522665e-04
 28 (restart 0) KSP residual norm 1.957225e-04
 29 (restart 0) KSP residual norm 1.546228e-04
 30 (restart 0) KSP residual norm 1.245024e-04
 31 (restart 0) KSP residual norm 1.011496e-04
 32 (restart 0) KSP residual norm 8.676122e-05
 33 (restart 0) KSP residual norm 7.311524e-05
 34 (restart 0) KSP residual norm 6.360860e-05
 35 (restart 0) KSP residual norm 5.195809e-05
 36 (restart 0) KSP residual norm 4.297808e-05
 37 (restart 0) KSP residual norm 3.381171e-05
 38 (restart 0) KSP residual norm 2.763224e-05
 39 (restart 0) KSP residual norm 2.164053e-05
 40 (restart 0) KSP residual norm 1.776965e-05
GMRES solver converged in 40 iterations (avg. reduction factor: 7.058e-01)
 Sol. ||E|| = 2.282412e+01 (||RHS|| = 5.537897e-01)
 Field energy E (6.152e-13 J) + H (3.090e-12 J) = 3.705e-12 J
 S[1][2] = +7.135e-01-4.241e-01i, |S[1][2]| = -1.619e+00, arg(S[1][2]) = -3.073e+01
 S[2][2] = +2.787e-01+3.354e-01i, |S[2][2]| = -7.209e+00, arg(S[2][2]) = +5.027e+01
 Updating solution error estimates

Completed 0 iterations of adaptive mesh refinement (AMR):
 Indicator norm = 1.744e-01, global unknowns = 101184
 Max. iterations = 0, tol. = 1.000e-02, max. size = 2000000

Estimated peak per-rank memory usage is: Min. 781.9M, Max. 781.9M, Avg. 781.9M, Total 781.9M
Estimated peak per-node memory usage is: Min. 781.9M, Max. 781.9M, Avg. 781.9M, Total 781.9M

Elapsed Time Report (s)           Min.        Max.        Avg.
==============================================================
Initialization                   0.037       0.037       0.037
  Mesh Preprocessing             0.154       0.154       0.154
Operator Construction            0.371       0.371       0.371
Linear Solve                    10.515      10.515      10.515
  Setup                         19.589      19.589      19.589
  Preconditioner               119.524     119.524     119.524
  Coarse Solve                   2.449       2.449       2.449
Estimation                       0.207       0.207       0.207
  Construction                   2.569       2.569       2.569
  Solve                         70.409      70.409      70.409
Postprocessing                   0.934       0.934       0.934
Disk IO                          0.187       0.187       0.187
--------------------------------------------------------------
Total                          227.290     227.290     227.290

Peak Memory                   Per-Node       Total   Total HWM
==============================================================
Initialization                    1.9M        1.9M        1.9M
  Mesh Preprocessing              8.3M        8.3M       10.2M
Operator Construction            49.1M       49.1M       59.3M
Linear Solve                     57.0M       57.0M      116.3M
  Setup                         211.8M      211.8M      328.1M
  Preconditioner                 63.6M       63.6M      391.8M
  Coarse Solve                  106.5M      106.5M      498.2M
Estimation                       48.2M       48.2M      546.5M
  Construction                  104.1M      104.1M      650.5M
  Solve                          51.2M       51.2M      701.8M
Postprocessing                   49.9M       49.9M      751.7M
Disk IO                           6.4M        6.4M      758.1M
--------------------------------------------------------------
Total                           772.1M      772.1M      772.1M

Found extra file with port information: /foss/designs/inductor_synth/palace_model/inductor2_N2_do58.36_w2.01_s2.01_data/port_information.json
Port Z0 values found: [50, 50]
Port impedance for Touchstone header:  50
Number of ports:  2
Created combined S-parameter file for  2 ports, filename:  /foss/designs/inductor_synth/palace_model/inductor2_N2_do58.36_w2.01_s2.01_data/output/inductor2_N2_do58.36_w2.01_s2.01/inductor2_N2_do58.36_w2.01_s2.01.s2p
Skipping DC extrapolation, not enough frequency points
Port de-embedding based on port geometry data
Cascading L= -2.18 pH at port 1
Cascading L= -2.18 pH at port 2
Created file with de-embedding (cascaded negative port L):  /foss/designs/inductor_synth/palace_model/inductor2_N2_do58.36_w2.01_s2.01_data/output/inductor2_N2_do58.36_w2.01_s2.01/inductor2_N2_do58.36_w2.01_s2.01_deembedded 

Found extra file with port information: /foss/designs/inductor_synth/palace_model/inductor2_N2_do61.25_w2.01_s3_data/port_information.json
Port Z0 values found: [50, 50]
Port impedance for Touchstone header:  50
Number of ports:  2
Created combined S-parameter file for  2 ports, filename:  /foss/designs/inductor_synth/palace_model/inductor2_N2_do61.25_w2.01_s3_data/output/inductor2_N2_do61.25_w2.01_s3/inductor2_N2_do61.25_w2.01_s3.s2p
Skipping DC extrapolation, not enough frequency points
Port de-embedding based on port geometry data
Cascading L= -1.82 pH at port 1
Cascading L= -1.82 pH at port 2
Created file with de-embedding (cascaded negative port L):  /foss/designs/inductor_synth/palace_model/inductor2_N2_do61.25_w2.01_s3_data/output/inductor2_N2_do61.25_w2.01_s3/inductor2_N2_do61.25_w2.01_s3_deembedded 

Found extra file with port information: /foss/designs/inductor_synth/palace_model/inductor2_N2_do64.04_w3_s2.01_data/port_information.json
Port Z0 values found: [50, 50]
Port impedance for Touchstone header:  50
Number of ports:  2
Created combined S-parameter file for  2 ports, filename:  /foss/designs/inductor_synth/palace_model/inductor2_N2_do64.04_w3_s2.01_data/output/inductor2_N2_do64.04_w3_s2.01/inductor2_N2_do64.04_w3_s2.01.s2p
Skipping DC extrapolation, not enough frequency points
Port de-embedding based on port geometry data
Cascading L= -2.18 pH at port 1
Cascading L= -2.18 pH at port 2
Created file with de-embedding (cascaded negative port L):  /foss/designs/inductor_synth/palace_model/inductor2_N2_do64.04_w3_s2.01_data/output/inductor2_N2_do64.04_w3_s2.01/inductor2_N2_do64.04_w3_s2.01_deembedded 

Found extra file with port information: /foss/designs/inductor_synth/palace_model/inductor2_N2_do65.57_w3_s2.01_data/port_information.json
Port Z0 values found: [50, 50]
Port impedance for Touchstone header:  50
Number of ports:  2
Created combined S-parameter file for  2 ports, filename:  /foss/designs/inductor_synth/palace_model/inductor2_N2_do65.57_w3_s2.01_data/output/inductor2_N2_do65.57_w3_s2.01/inductor2_N2_do65.57_w3_s2.01.s2p
Skipping DC extrapolation, not enough frequency points
Port de-embedding based on port geometry data
Cascading L= -2.18 pH at port 1
Cascading L= -2.18 pH at port 2
Created file with de-embedding (cascaded negative port L):  /foss/designs/inductor_synth/palace_model/inductor2_N2_do65.57_w3_s2.01_data/output/inductor2_N2_do65.57_w3_s2.01/inductor2_N2_do65.57_w3_s2.01_deembedded 

Found extra file with port information: /foss/designs/inductor_synth/palace_model/inductor2_N2_do66.02_w4_s2.01_data/port_information.json
Port Z0 values found: [50, 50]
Port impedance for Touchstone header:  50
Number of ports:  2
Created combined S-parameter file for  2 ports, filename:  /foss/designs/inductor_synth/palace_model/inductor2_N2_do66.02_w4_s2.01_data/output/inductor2_N2_do66.02_w4_s2.01/inductor2_N2_do66.02_w4_s2.01.s2p
Skipping DC extrapolation, not enough frequency points
Port de-embedding based on port geometry data
Cascading L= -2.18 pH at port 1
Cascading L= -2.18 pH at port 2
Created file with de-embedding (cascaded negative port L):  /foss/designs/inductor_synth/palace_model/inductor2_N2_do66.02_w4_s2.01_data/output/inductor2_N2_do66.02_w4_s2.01/inductor2_N2_do66.02_w4_s2.01_deembedded 

Found extra file with port information: /foss/designs/inductor_synth/palace_model/inductor2_N2_do69.44_w4_s2.01_data/port_information.json
Port Z0 values found: [50, 50]
Port impedance for Touchstone header:  50
Number of ports:  2
Created combined S-parameter file for  2 ports, filename:  /foss/designs/inductor_synth/palace_model/inductor2_N2_do69.44_w4_s2.01_data/output/inductor2_N2_do69.44_w4_s2.01/inductor2_N2_do69.44_w4_s2.01.s2p
Skipping DC extrapolation, not enough frequency points
Port de-embedding based on port geometry data
Cascading L= -2.18 pH at port 1
Cascading L= -2.18 pH at port 2
Created file with de-embedding (cascaded negative port L):  /foss/designs/inductor_synth/palace_model/inductor2_N2_do69.44_w4_s2.01_data/output/inductor2_N2_do69.44_w4_s2.01/inductor2_N2_do69.44_w4_s2.01_deembedded 

cp: './inductor2_N2_do58.36_w2.01_s2.01.s2p' and './inductor2_N2_do58.36_w2.01_s2.01.s2p' are the same file
cp: './inductor2_N2_do61.25_w2.01_s3.s2p' and './inductor2_N2_do61.25_w2.01_s3.s2p' are the same file
cp: './inductor2_N2_do64.04_w3_s2.01.s2p' and './inductor2_N2_do64.04_w3_s2.01.s2p' are the same file
cp: './inductor2_N2_do69.44_w4_s2.01.s2p' and './inductor2_N2_do69.44_w4_s2.01.s2p' are the same file
Info    : Meshing 1D...
Info    : [  0%] Meshing curve 64 (Line)
Info    : [ 10%] Meshing curve 65 (Line)
Info    : [ 10%] Meshing curve 67 (Line)
Info    : [ 10%] Meshing curve 69 (Line)
Info    : [ 10%] Meshing curve 70 (Line)
Info    : [ 10%] Meshing curve 71 (Line)
Info    : [ 10%] Meshing curve 72 (Line)
Info    : [ 10%] Meshing curve 76 (Line)
Info    : [ 10%] Meshing curve 77 (Line)
Info    : [ 10%] Meshing curve 79 (Line)
Info    : [ 10%] Meshing curve 81 (Line)
Info    : [ 10%] Meshing curve 82 (Line)
Info    : [ 10%] Meshing curve 83 (Line)
Info    : [ 10%] Meshing curve 84 (Line)
Info    : [ 10%] Meshing curve 85 (Line)
Info    : [ 10%] Meshing curve 86 (Line)
Info    : [ 10%] Meshing curve 87 (Line)
Info    : [ 10%] Meshing curve 88 (Line)
Info    : [ 10%] Meshing curve 89 (Line)
Info    : [ 10%] Meshing curve 90 (Line)
Info    : [ 10%] Meshing curve 91 (Line)
Info    : [ 10%] Meshing curve 92 (Line)
Info    : [ 10%] Meshing curve 93 (Line)
Info    : [ 10%] Meshing curve 94 (Line)
Info    : [ 10%] Meshing curve 95 (Line)
Info    : [ 10%] Meshing curve 96 (Line)
Info    : [ 10%] Meshing curve 97 (Line)
Info    : [ 10%] Meshing curve 98 (Line)
Info    : [ 10%] Meshing curve 99 (Line)
Info    : [ 10%] Meshing curve 100 (Line)
Info    : [ 10%] Meshing curve 101 (Line)
Info    : [ 10%] Meshing curve 102 (Line)
Info    : [ 10%] Meshing curve 103 (Line)
Info    : [ 20%] Meshing curve 104 (Line)
Info    : [ 20%] Meshing curve 105 (Line)
Info    : [ 20%] Meshing curve 106 (Line)
Info    : [ 20%] Meshing curve 107 (Line)
Info    : [ 20%] Meshing curve 108 (Line)
Info    : [ 20%] Meshing curve 109 (Line)
Info    : [ 20%] Meshing curve 110 (Line)
Info    : [ 20%] Meshing curve 111 (Line)
Info    : [ 20%] Meshing curve 112 (Line)
Info    : [ 20%] Meshing curve 113 (Line)
Info    : [ 20%] Meshing curve 114 (Line)
Info    : [ 20%] Meshing curve 115 (Line)
Info    : [ 20%] Meshing curve 116 (Line)
Info    : [ 20%] Meshing curve 117 (Line)
Info    : [ 20%] Meshing curve 118 (Line)
Info    : [ 20%] Meshing curve 119 (Line)
Info    : [ 20%] Meshing curve 120 (Line)
Info    : [ 20%] Meshing curve 121 (Line)
Info    : [ 20%] Meshing curve 122 (Line)
Info    : [ 20%] Meshing curve 123 (Line)
Info    : [ 20%] Meshing curve 124 (Line)
Info    : [ 20%] Meshing curve 125 (Line)
Info    : [ 20%] Meshing curve 126 (Line)
Info    : [ 20%] Meshing curve 127 (Line)
Info    : [ 20%] Meshing curve 128 (Line)
Info    : [ 20%] Meshing curve 129 (Line)
Info    : [ 20%] Meshing curve 130 (Line)
Info    : [ 20%] Meshing curve 131 (Line)
Info    : [ 20%] Meshing curve 132 (Line)
Info    : [ 20%] Meshing curve 133 (Line)
Info    : [ 20%] Meshing curve 134 (Line)
Info    : [ 20%] Meshing curve 135 (Line)
Info    : [ 20%] Meshing curve 136 (Line)
Info    : [ 30%] Meshing curve 137 (Line)
Info    : [ 30%] Meshing curve 138 (Line)
Info    : [ 30%] Meshing curve 139 (Line)
Info    : [ 30%] Meshing curve 140 (Line)
Info    : [ 30%] Meshing curve 141 (Line)
Info    : [ 30%] Meshing curve 142 (Line)
Info    : [ 30%] Meshing curve 143 (Line)
Info    : [ 30%] Meshing curve 144 (Line)
Info    : [ 30%] Meshing curve 145 (Line)
Info    : [ 30%] Meshing curve 146 (Line)
Info    : [ 30%] Meshing curve 147 (Line)
Info    : [ 30%] Meshing curve 148 (Line)
Info    : [ 30%] Meshing curve 149 (Line)
Info    : [ 30%] Meshing curve 150 (Line)
Info    : [ 30%] Meshing curve 151 (Line)
Info    : [ 30%] Meshing curve 152 (Line)
Info    : [ 30%] Meshing curve 153 (Line)
Info    : [ 30%] Meshing curve 154 (Line)
Info    : [ 30%] Meshing curve 155 (Line)
Info    : [ 30%] Meshing curve 156 (Line)
Info    : [ 30%] Meshing curve 385 (Line)
Info    : [ 30%] Meshing curve 386 (Line)
Info    : [ 30%] Meshing curve 387 (Line)
Info    : [ 30%] Meshing curve 388 (Line)
Info    : [ 30%] Meshing curve 389 (Line)
Info    : [ 30%] Meshing curve 390 (Line)
Info    : [ 30%] Meshing curve 391 (Line)
Info    : [ 30%] Meshing curve 392 (Line)
Info    : [ 30%] Meshing curve 393 (Line)
Info    : [ 30%] Meshing curve 394 (Line)
Info    : [ 30%] Meshing curve 395 (Line)
Info    : [ 30%] Meshing curve 396 (Line)
Info    : [ 40%] Meshing curve 397 (TrimmedCurve)
Info    : [ 40%] Meshing curve 398 (Line)
Info    : [ 40%] Meshing curve 399 (TrimmedCurve)
Info    : [ 40%] Meshing curve 400 (Line)
Info    : [ 40%] Meshing curve 401 (Line)
Info    : [ 40%] Meshing curve 402 (Line)
Info    : [ 40%] Meshing curve 403 (Line)
Info    : [ 40%] Meshing curve 404 (Line)
Info    : [ 40%] Meshing curve 405 (Line)
Info    : [ 40%] Meshing curve 406 (Line)
Info    : [ 40%] Meshing curve 407 (Line)
Info    : [ 40%] Meshing curve 408 (TrimmedCurve)
Info    : [ 40%] Meshing curve 409 (Line)
Info    : [ 40%] Meshing curve 410 (TrimmedCurve)
Info    : [ 40%] Meshing curve 411 (Line)
Info    : [ 40%] Meshing curve 412 (Line)
Info    : [ 40%] Meshing curve 413 (Line)
Info    : [ 40%] Meshing curve 414 (Line)
Info    : [ 40%] Meshing curve 415 (Line)
Info    : [ 40%] Meshing curve 416 (Line)
Info    : [ 40%] Meshing curve 417 (Line)
Info    : [ 40%] Meshing curve 418 (Line)
Info    : [ 40%] Meshing curve 419 (Line)
Info    : [ 40%] Meshing curve 420 (Line)
Info    : [ 40%] Meshing curve 421 (Line)
Info    : [ 40%] Meshing curve 422 (Line)
Info    : [ 40%] Meshing curve 423 (Line)
Info    : [ 40%] Meshing curve 424 (Line)
Info    : [ 40%] Meshing curve 425 (Line)
Info    : [ 40%] Meshing curve 426 (Line)
Info    : [ 40%] Meshing curve 427 (Line)
Info    : [ 40%] Meshing curve 428 (Line)
Info    : [ 40%] Meshing curve 429 (Line)
Info    : [ 50%] Meshing curve 430 (Line)
Info    : [ 50%] Meshing curve 431 (Line)
Info    : [ 50%] Meshing curve 432 (TrimmedCurve)
Info    : [ 50%] Meshing curve 433 (Line)
Info    : [ 50%] Meshing curve 434 (TrimmedCurve)
Info    : [ 50%] Meshing curve 435 (Line)
Info    : [ 50%] Meshing curve 436 (TrimmedCurve)
Info    : [ 50%] Meshing curve 437 (Line)
Info    : [ 50%] Meshing curve 438 (TrimmedCurve)
Info    : [ 50%] Meshing curve 439 (Line)
Info    : [ 50%] Meshing curve 440 (TrimmedCurve)
Info    : [ 50%] Meshing curve 441 (Line)
Info    : [ 50%] Meshing curve 442 (TrimmedCurve)
Info    : [ 50%] Meshing curve 443 (Line)
Info    : [ 50%] Meshing curve 444 (Line)
Info    : [ 50%] Meshing curve 445 (Line)
Info    : [ 50%] Meshing curve 446 (Line)
Info    : [ 50%] Meshing curve 447 (Line)
Info    : [ 50%] Meshing curve 448 (TrimmedCurve)
Info    : [ 50%] Meshing curve 449 (Line)
Info    : [ 50%] Meshing curve 450 (TrimmedCurve)
Info    : [ 50%] Meshing curve 451 (Line)
Info    : [ 50%] Meshing curve 452 (TrimmedCurve)
Info    : [ 50%] Meshing curve 453 (Line)
Info    : [ 50%] Meshing curve 454 (TrimmedCurve)
Info    : [ 50%] Meshing curve 455 (Line)
Info    : [ 50%] Meshing curve 456 (TrimmedCurve)
Info    : [ 50%] Meshing curve 457 (Line)
Info    : [ 50%] Meshing curve 458 (TrimmedCurve)
Info    : [ 50%] Meshing curve 459 (Line)
Info    : [ 50%] Meshing curve 460 (Line)
Info    : [ 50%] Meshing curve 461 (TrimmedCurve)
Info    : [ 50%] Meshing curve 462 (Line)
Info    : [ 60%] Meshing curve 463 (TrimmedCurve)
Info    : [ 60%] Meshing curve 464 (Line)
Info    : [ 60%] Meshing curve 465 (TrimmedCurve)
Info    : [ 60%] Meshing curve 466 (Line)
Info    : [ 60%] Meshing curve 467 (TrimmedCurve)
Info    : [ 60%] Meshing curve 468 (Line)
Info    : [ 60%] Meshing curve 469 (TrimmedCurve)
Info    : [ 60%] Meshing curve 470 (Line)
Info    : [ 60%] Meshing curve 471 (TrimmedCurve)
Info    : [ 60%] Meshing curve 472 (Line)
Info    : [ 60%] Meshing curve 473 (Line)
Info    : [ 60%] Meshing curve 474 (Line)
Info    : [ 60%] Meshing curve 475 (Line)
Info    : [ 60%] Meshing curve 476 (Line)
Info    : [ 60%] Meshing curve 477 (TrimmedCurve)
Info    : [ 60%] Meshing curve 478 (Line)
Info    : [ 60%] Meshing curve 479 (TrimmedCurve)
Info    : [ 60%] Meshing curve 480 (Line)
Info    : [ 60%] Meshing curve 481 (TrimmedCurve)
Info    : [ 60%] Meshing curve 482 (Line)
Info    : [ 60%] Meshing curve 483 (TrimmedCurve)
Info    : [ 60%] Meshing curve 484 (Line)
Info    : [ 60%] Meshing curve 485 (TrimmedCurve)
Info    : [ 60%] Meshing curve 486 (Line)
Info    : [ 60%] Meshing curve 487 (TrimmedCurve)
Info    : [ 60%] Meshing curve 488 (Line)
Info    : [ 60%] Meshing curve 489 (Line)
Info    : [ 60%] Meshing curve 490 (Line)
Info    : [ 60%] Meshing curve 491 (Line)
Info    : [ 60%] Meshing curve 492 (Line)
Info    : [ 60%] Meshing curve 493 (Line)
Info    : [ 60%] Meshing curve 494 (Line)
Info    : [ 70%] Meshing curve 495 (Line)
Info    : [ 70%] Meshing curve 496 (Line)
Info    : [ 70%] Meshing curve 497 (Line)
Info    : [ 70%] Meshing curve 498 (Line)
Info    : [ 70%] Meshing curve 499 (Line)
Info    : [ 70%] Meshing curve 500 (Line)
Info    : [ 70%] Meshing curve 501 (Line)
Info    : [ 70%] Meshing curve 502 (Line)
Info    : [ 70%] Meshing curve 503 (Line)
Info    : [ 70%] Meshing curve 504 (Line)
Info    : [ 70%] Meshing curve 505 (Line)
Info    : [ 70%] Meshing curve 506 (Line)
Info    : [ 70%] Meshing curve 507 (Line)
Info    : [ 70%] Meshing curve 508 (Line)
Info    : [ 70%] Meshing curve 509 (Line)
Info    : [ 70%] Meshing curve 510 (Line)
Info    : [ 70%] Meshing curve 511 (Line)
Info    : [ 70%] Meshing curve 512 (Line)
Info    : [ 70%] Meshing curve 513 (Line)
Info    : [ 70%] Meshing curve 514 (Line)
Info    : [ 70%] Meshing curve 515 (Line)
Info    : [ 70%] Meshing curve 516 (Line)
Info    : [ 70%] Meshing curve 517 (Line)
Info    : [ 70%] Meshing curve 518 (Line)
Info    : [ 70%] Meshing curve 519 (Line)
Info    : [ 70%] Meshing curve 520 (Line)
Info    : [ 70%] Meshing curve 521 (Line)
Info    : [ 70%] Meshing curve 522 (Line)
Info    : [ 70%] Meshing curve 523 (Line)
Info    : [ 70%] Meshing curve 524 (Line)
Info    : [ 70%] Meshing curve 525 (Line)
Info    : [ 70%] Meshing curve 526 (Line)
Info    : [ 70%] Meshing curve 527 (Line)
Info    : [ 80%] Meshing curve 528 (TrimmedCurve)
Info    : [ 80%] Meshing curve 529 (Line)
Info    : [ 80%] Meshing curve 530 (Line)
Info    : [ 80%] Meshing curve 531 (Line)
Info    : [ 80%] Meshing curve 532 (Line)
Info    : [ 80%] Meshing curve 533 (Line)
Info    : [ 80%] Meshing curve 534 (TrimmedCurve)
Info    : [ 80%] Meshing curve 535 (Line)
Info    : [ 80%] Meshing curve 536 (Line)
Info    : [ 80%] Meshing curve 537 (TrimmedCurve)
Info    : [ 80%] Meshing curve 538 (Line)
Info    : [ 80%] Meshing curve 539 (Line)
Info    : [ 80%] Meshing curve 540 (Line)
Info    : [ 80%] Meshing curve 541 (Line)
Info    : [ 80%] Meshing curve 542 (Line)
Info    : [ 80%] Meshing curve 543 (TrimmedCurve)
Info    : [ 80%] Meshing curve 544 (Line)
Info    : [ 80%] Meshing curve 545 (Line)
Info    : [ 80%] Meshing curve 546 (Line)
Info    : [ 80%] Meshing curve 547 (Line)
Info    : [ 80%] Meshing curve 548 (Line)
Info    : [ 80%] Meshing curve 549 (Line)
Info    : [ 80%] Meshing curve 550 (Line)
Info    : [ 80%] Meshing curve 551 (Line)
Info    : [ 80%] Meshing curve 552 (Line)
Info    : [ 80%] Meshing curve 553 (Line)
Info    : [ 80%] Meshing curve 554 (Line)
Info    : [ 80%] Meshing curve 555 (Line)
Info    : [ 80%] Meshing curve 556 (Line)
Info    : [ 80%] Meshing curve 557 (Line)
Info    : [ 80%] Meshing curve 558 (Line)
Info    : [ 80%] Meshing curve 559 (Line)
Info    : [ 90%] Meshing curve 560 (Line)
Info    : [ 90%] Meshing curve 561 (Line)
Info    : [ 90%] Meshing curve 562 (Line)
Info    : [ 90%] Meshing curve 563 (Line)
Info    : [ 90%] Meshing curve 564 (Line)
Info    : [ 90%] Meshing curve 565 (Line)
Info    : [ 90%] Meshing curve 566 (Line)
Info    : [ 90%] Meshing curve 567 (Line)
Info    : [ 90%] Meshing curve 568 (Line)
Info    : [ 90%] Meshing curve 569 (Line)
Info    : [ 90%] Meshing curve 570 (Line)
Info    : [ 90%] Meshing curve 571 (Line)
Info    : [ 90%] Meshing curve 572 (Line)
Info    : [ 90%] Meshing curve 573 (Line)
Info    : [ 90%] Meshing curve 574 (Line)
Info    : [ 90%] Meshing curve 575 (Line)
Info    : [ 90%] Meshing curve 576 (Line)
Info    : [ 90%] Meshing curve 577 (Line)
Info    : [ 90%] Meshing curve 578 (Line)
Info    : [ 90%] Meshing curve 579 (Line)
Info    : [ 90%] Meshing curve 580 (Line)
Info    : [ 90%] Meshing curve 581 (Line)
Info    : [ 90%] Meshing curve 582 (Line)
Info    : [ 90%] Meshing curve 583 (Line)
Info    : [ 90%] Meshing curve 584 (Line)
Info    : [ 90%] Meshing curve 585 (Line)
Info    : [ 90%] Meshing curve 586 (Line)
Info    : [ 90%] Meshing curve 587 (Line)
Info    : [ 90%] Meshing curve 588 (Line)
Info    : [ 90%] Meshing curve 589 (Line)
Info    : [ 90%] Meshing curve 590 (Line)
Info    : [ 90%] Meshing curve 591 (Line)
Info    : [ 90%] Meshing curve 592 (Line)
Info    : [100%] Meshing curve 593 (Line)
Info    : [100%] Meshing curve 594 (Line)
Info    : [100%] Meshing curve 595 (Line)
Info    : [100%] Meshing curve 596 (Line)
Info    : [100%] Meshing curve 597 (Line)
Info    : [100%] Meshing curve 598 (Line)
Info    : [100%] Meshing curve 599 (Line)
Info    : [100%] Meshing curve 600 (Line)
Info    : [100%] Meshing curve 601 (Line)
Info    : [100%] Meshing curve 602 (Line)
Info    : [100%] Meshing curve 603 (Line)
Info    : [100%] Meshing curve 604 (Line)
Info    : [100%] Meshing curve 605 (Line)
Info    : [100%] Meshing curve 606 (Line)
Info    : [100%] Meshing curve 607 (Line)
Info    : [100%] Meshing curve 608 (Line)
Info    : [100%] Meshing curve 609 (Line)
Info    : [100%] Meshing curve 610 (Line)
Info    : [100%] Meshing curve 611 (Line)
Info    : [100%] Meshing curve 612 (Line)
Info    : [100%] Meshing curve 613 (Line)
Info    : [100%] Meshing curve 614 (Line)
Info    : [100%] Meshing curve 615 (Line)
Info    : [100%] Meshing curve 616 (Line)
Info    : [100%] Meshing curve 617 (Line)
Info    : [100%] Meshing curve 618 (Line)
Info    : [100%] Meshing curve 619 (Line)
Info    : [100%] Meshing curve 620 (Line)
Info    : [100%] Meshing curve 621 (Line)
Info    : [100%] Meshing curve 622 (Line)
Info    : [100%] Meshing curve 623 (Line)
Info    : [100%] Meshing curve 624 (Line)
Info    : Done meshing 1D (Wall 1.16168s, CPU 1.1599s)
Info    : Meshing 2D...
Info    : [  0%] Meshing surface 35 (Plane, Delaunay)
Info    : [ 10%] Meshing surface 41 (Plane, Delaunay)
Info    : [ 10%] Meshing surface 43 (Plane, Delaunay)
Info    : [ 10%] Meshing surface 44 (Plane, Delaunay)
Info    : [ 10%] Meshing surface 45 (Plane, Delaunay)
Info    : [ 10%] Meshing surface 46 (Plane, Delaunay)
Info    : [ 10%] Meshing surface 47 (Plane, Delaunay)
Info    : [ 10%] Meshing surface 48 (Plane, Delaunay)
Info    : [ 10%] Meshing surface 49 (Plane, Delaunay)
Info    : [ 10%] Meshing surface 50 (Plane, Delaunay)
Info    : [ 10%] Meshing surface 51 (Plane, Delaunay)
Info    : [ 10%] Meshing surface 53 (Plane, Delaunay)
Info    : [ 10%] Meshing surface 54 (Plane, Delaunay)
Info    : [ 10%] Meshing surface 55 (Plane, Delaunay)
Info    : [ 10%] Meshing surface 56 (Plane, Delaunay)
Info    : [ 20%] Meshing surface 57 (Plane, Delaunay)
Info    : [ 20%] Meshing surface 58 (Plane, Delaunay)
Info    : [ 20%] Meshing surface 59 (Plane, Delaunay)
Info    : [ 20%] Meshing surface 60 (Plane, Delaunay)
Info    : [ 20%] Meshing surface 61 (Plane, Delaunay)
Info    : [ 20%] Meshing surface 62 (Plane, Delaunay)
Info    : [ 20%] Meshing surface 63 (Plane, Delaunay)
Info    : [ 20%] Meshing surface 64 (Plane, Delaunay)
Info    : [ 20%] Meshing surface 65 (Plane, Delaunay)
Info    : [ 20%] Meshing surface 66 (Plane, Delaunay)
Info    : [ 20%] Meshing surface 67 (Plane, Delaunay)
Info    : [ 20%] Meshing surface 68 (Plane, Delaunay)
Info    : [ 20%] Meshing surface 69 (Plane, Delaunay)
Info    : [ 20%] Meshing surface 70 (Plane, Delaunay)
Info    : [ 30%] Meshing surface 71 (Plane, Delaunay)
Info    : [ 30%] Meshing surface 72 (Plane, Delaunay)
Info    : [ 30%] Meshing surface 73 (Plane, Delaunay)
Info    : [ 30%] Meshing surface 74 (Plane, Delaunay)
Info    : [ 30%] Meshing surface 75 (Plane, Delaunay)
Info    : [ 30%] Meshing surface 76 (Plane, Delaunay)
Info    : [ 30%] Meshing surface 173 (Plane, Delaunay)
Info    : [ 30%] Meshing surface 174 (Plane, Delaunay)
Info    : [ 30%] Meshing surface 175 (Plane, Delaunay)
Info    : [ 30%] Meshing surface 177 (Plane, Delaunay)
Info    : [ 30%] Meshing surface 178 (Plane, Delaunay)
Info    : [ 30%] Meshing surface 179 (Plane, Delaunay)
Info    : [ 30%] Meshing surface 180 (Plane, Delaunay)
Info    : [ 30%] Meshing surface 181 (Plane, Delaunay)
Info    : [ 40%] Meshing surface 182 (Plane, Delaunay)
Info    : [ 40%] Meshing surface 183 (Plane, Delaunay)
Info    : [ 40%] Meshing surface 184 (Plane, Delaunay)
Info    : [ 40%] Meshing surface 185 (Plane, Delaunay)
Info    : [ 40%] Meshing surface 186 (Plane, Delaunay)
Info    : [ 40%] Meshing surface 187 (Plane, Delaunay)
Info    : [ 40%] Meshing surface 188 (Plane, Delaunay)
Info    : [ 40%] Meshing surface 189 (Plane, Delaunay)
Info    : [ 40%] Meshing surface 191 (Plane, Delaunay)
Info    : [ 40%] Meshing surface 192 (Plane, Delaunay)
Info    : [ 40%] Meshing surface 193 (Plane, Delaunay)
Info    : [ 40%] Meshing surface 194 (Plane, Delaunay)
Info    : [ 40%] Meshing surface 195 (Plane, Delaunay)
Info    : [ 40%] Meshing surface 196 (Plane, Delaunay)
Info    : [ 50%] Meshing surface 197 (Plane, Delaunay)
Info    : [ 50%] Meshing surface 198 (Plane, Delaunay)
Info    : [ 50%] Meshing surface 199 (Plane, Delaunay)
Info    : [ 50%] Meshing surface 200 (Plane, Delaunay)
Info    : [ 50%] Meshing surface 201 (Plane, Delaunay)
Info    : [ 50%] Meshing surface 202 (Plane, Delaunay)
Info    : [ 50%] Meshing surface 203 (Plane, Delaunay)
Info    : [ 50%] Meshing surface 204 (Plane, Delaunay)
Info    : [ 50%] Meshing surface 205 (Plane, Delaunay)
Info    : [ 50%] Meshing surface 206 (Plane, Delaunay)
Info    : [ 50%] Meshing surface 207 (Plane, Delaunay)
Info    : [ 50%] Meshing surface 208 (Plane, Delaunay)
Info    : [ 50%] Meshing surface 209 (Plane, Delaunay)
Info    : [ 50%] Meshing surface 210 (Plane, Delaunay)
Info    : [ 50%] Meshing surface 211 (Plane, Delaunay)
Info    : [ 60%] Meshing surface 212 (Plane, Delaunay)
Info    : [ 60%] Meshing surface 213 (Plane, Delaunay)
Info    : [ 60%] Meshing surface 214 (Plane, Delaunay)
Info    : [ 60%] Meshing surface 215 (Plane, Delaunay)
Info    : [ 60%] Meshing surface 216 (Plane, Delaunay)
Info    : [ 60%] Meshing surface 217 (Plane, Delaunay)
Info    : [ 60%] Meshing surface 218 (Plane, Delaunay)
Info    : [ 60%] Meshing surface 219 (Plane, Delaunay)
Info    : [ 60%] Meshing surface 220 (Plane, Delaunay)
Info    : [ 60%] Meshing surface 221 (Plane, Delaunay)
Info    : [ 60%] Meshing surface 222 (Plane, Delaunay)
Info    : [ 60%] Meshing surface 223 (Plane, Delaunay)
Info    : [ 60%] Meshing surface 225 (Plane, Delaunay)
Info    : [ 60%] Meshing surface 226 (Plane, Delaunay)
Info    : [ 70%] Meshing surface 227 (Plane, Delaunay)
Info    : [ 70%] Meshing surface 228 (Plane, Delaunay)
Info    : [ 70%] Meshing surface 229 (Plane, Delaunay)
Info    : [ 70%] Meshing surface 230 (Plane, Delaunay)
Info    : [ 70%] Meshing surface 231 (Plane, Delaunay)
Info    : [ 70%] Meshing surface 232 (Plane, Delaunay)
Info    : [ 70%] Meshing surface 233 (Plane, Delaunay)
Info    : [ 70%] Meshing surface 234 (Plane, Delaunay)
Info    : [ 70%] Meshing surface 235 (Plane, Delaunay)
Info    : [ 70%] Meshing surface 236 (Plane, Delaunay)
Info    : [ 70%] Meshing surface 237 (Plane, Delaunay)
Info    : [ 70%] Meshing surface 238 (Plane, Delaunay)
Info    : [ 70%] Meshing surface 239 (Plane, Delaunay)
Info    : [ 70%] Meshing surface 240 (Plane, Delaunay)
Info    : [ 80%] Meshing surface 241 (Plane, Delaunay)
Info    : [ 80%] Meshing surface 242 (Plane, Delaunay)
Info    : [ 80%] Meshing surface 243 (Plane, Delaunay)
Info    : [ 80%] Meshing surface 244 (Plane, Delaunay)
Info    : [ 80%] Meshing surface 245 (Plane, Delaunay)
Info    : [ 80%] Meshing surface 246 (Plane, Delaunay)
Info    : [ 80%] Meshing surface 247 (Plane, Delaunay)
Info    : [ 80%] Meshing surface 248 (Plane, Delaunay)
Info    : [ 80%] Meshing surface 249 (Plane, Delaunay)
Info    : [ 80%] Meshing surface 250 (Plane, Delaunay)
Info    : [ 80%] Meshing surface 251 (Plane, Delaunay)
Info    : [ 80%] Meshing surface 252 (Plane, Delaunay)
Info    : [ 80%] Meshing surface 253 (Plane, Delaunay)
Info    : [ 80%] Meshing surface 254 (Plane, Delaunay)
Info    : [ 90%] Meshing surface 255 (Plane, Delaunay)
Info    : [ 90%] Meshing surface 256 (Plane, Delaunay)
Info    : [ 90%] Meshing surface 257 (Plane, Delaunay)
Info    : [ 90%] Meshing surface 258 (Plane, Delaunay)
Info    : [ 90%] Meshing surface 259 (Plane, Delaunay)
Info    : [ 90%] Meshing surface 260 (Plane, Delaunay)
Info    : [ 90%] Meshing surface 261 (Plane, Delaunay)
Info    : [ 90%] Meshing surface 262 (Plane, Delaunay)
Info    : [ 90%] Meshing surface 263 (Plane, Delaunay)
Info    : [ 90%] Meshing surface 264 (Plane, Delaunay)
Info    : [ 90%] Meshing surface 265 (Plane, Delaunay)
Info    : [ 90%] Meshing surface 266 (Plane, Delaunay)
Info    : [ 90%] Meshing surface 267 (Plane, Delaunay)
Info    : [ 90%] Meshing surface 268 (Plane, Delaunay)
Info    : [100%] Meshing surface 269 (Plane, Delaunay)
Info    : [100%] Meshing surface 270 (Plane, Delaunay)
Info    : [100%] Meshing surface 271 (Plane, Delaunay)
Info    : [100%] Meshing surface 272 (Plane, Delaunay)
Info    : [100%] Meshing surface 273 (Plane, Delaunay)
Info    : [100%] Meshing surface 274 (Plane, Delaunay)
Info    : [100%] Meshing surface 275 (Plane, Delaunay)
Info    : [100%] Meshing surface 276 (Plane, Delaunay)
Info    : [100%] Meshing surface 277 (Plane, Delaunay)
Info    : [100%] Meshing surface 278 (Plane, Delaunay)
Info    : [100%] Meshing surface 279 (Plane, Delaunay)
Info    : [100%] Meshing surface 280 (Plane, Delaunay)
Info    : [100%] Meshing surface 281 (Plane, Delaunay)
Info    : [100%] Meshing surface 282 (Plane, Delaunay)
Info    : Done meshing 2D (Wall 0.308198s, CPU 0.308188s)
Info    : Meshing 3D...
Info    : 3D Meshing 16 volumes with 1 connected component
Info    : Tetrahedrizing 2683 nodes...
Info    : Done tetrahedrizing 2691 nodes (Wall 0.0345571s, CPU 0.034555s)
Info    : Reconstructing mesh...
Info    :  - Creating surface mesh
Info    :  - Identifying boundary edges
Info    :  - Recovering boundary
Info    :  - Added 20 Steiner points
Info    : Done reconstructing mesh (Wall 0.110532s, CPU 0.110528s)
Info    : Found volume 27
Info    : Found volume 28
Info    : Found volume 23
Info    : Found volume 26
Info    : Found volume 30
Info    : Found volume 29
Info    : Found volume 6
Info    : Found volume 7
Info    : Found volume 24
Info    : Found volume 25
Info    : Found volume 8
Info    : Found volume 31
Info    : Found volume 10
Info    : Found volume 9
Info    : Found volume 11
Info    : Found volume 12
Info    : It. 0 - 0 nodes created - worst tet radius 10.3945 (nodes removed 0 0)
Info    : It. 500 - 9 nodes created - worst tet radius 2.31978 (nodes removed 0 491)
Info    : It. 1000 - 101 nodes created - worst tet radius 1.23966 (nodes removed 0 899)
Info    : It. 1500 - 244 nodes created - worst tet radius 1.00884 (nodes removed 8 1248)
Info    : 3D refinement terminated (2951 nodes total):
Info    :  - 1 Delaunay cavities modified for star shapeness
Info    :  - 1269 nodes could not be inserted
Info    :  - 17314 tetrahedra created in 0.0441713 sec. (391973 tets/s)
Info    : 513 node relocations
Info    : Done meshing 3D (Wall 0.281687s, CPU 0.281675s)
Info    : Optimizing mesh...
Info    : Optimizing volume 6
Info    : Optimization starts (volume = 144) with worst = 0.125314 / average = 0.536029:
Info    : 0.00 < quality < 0.10 :         0 elements
Info    : 0.10 < quality < 0.20 :         2 elements
Info    : 0.20 < quality < 0.30 :        35 elements
Info    : 0.30 < quality < 0.40 :         8 elements
Info    : 0.40 < quality < 0.50 :        39 elements
Info    : 0.50 < quality < 0.60 :        34 elements
Info    : 0.60 < quality < 0.70 :         4 elements
Info    : 0.70 < quality < 0.80 :        33 elements
Info    : 0.80 < quality < 0.90 :        17 elements
Info    : 0.90 < quality < 1.00 :         2 elements
Info    : 2 edge swaps, 0 node relocations (volume = 144): worst = 0.125314 / average = 0.535724 (Wall 0.000192324s, CPU 0.000194s)
Info    : No ill-shaped tets in the mesh :-)
Info    : 0.00 < quality < 0.10 :         0 elements
Info    : 0.10 < quality < 0.20 :         2 elements
Info    : 0.20 < quality < 0.30 :        35 elements
Info    : 0.30 < quality < 0.40 :         8 elements
Info    : 0.40 < quality < 0.50 :        41 elements
Info    : 0.50 < quality < 0.60 :        32 elements
Info    : 0.60 < quality < 0.70 :         4 elements
Info    : 0.70 < quality < 0.80 :        33 elements
Info    : 0.80 < quality < 0.90 :        17 elements
Info    : 0.90 < quality < 1.00 :         2 elements
Info    : Optimizing volume 7
Info    : Optimization starts (volume = 144) with worst = 0.125314 / average = 0.523891:
Info    : 0.00 < quality < 0.10 :         0 elements
Info    : 0.10 < quality < 0.20 :         2 elements
Info    : 0.20 < quality < 0.30 :        35 elements
Info    : 0.30 < quality < 0.40 :         8 elements
Info    : 0.40 < quality < 0.50 :        49 elements
Info    : 0.50 < quality < 0.60 :        34 elements
Info    : 0.60 < quality < 0.70 :         4 elements
Info    : 0.70 < quality < 0.80 :        29 elements
Info    : 0.80 < quality < 0.90 :        16 elements
Info    : 0.90 < quality < 1.00 :         2 elements
Info    : 3 edge swaps, 0 node relocations (volume = 144): worst = 0.125314 / average = 0.523594 (Wall 0.000145433s, CPU 0.000145s)
Info    : No ill-shaped tets in the mesh :-)
Info    : 0.00 < quality < 0.10 :         0 elements
Info    : 0.10 < quality < 0.20 :         2 elements
Info    : 0.20 < quality < 0.30 :        35 elements
Info    : 0.30 < quality < 0.40 :         8 elements
Info    : 0.40 < quality < 0.50 :        51 elements
Info    : 0.50 < quality < 0.60 :        32 elements
Info    : 0.60 < quality < 0.70 :         4 elements
Info    : 0.70 < quality < 0.80 :        29 elements
Info    : 0.80 < quality < 0.90 :        16 elements
Info    : 0.90 < quality < 1.00 :         2 elements
Info    : Optimizing volume 8
Info    : Optimization starts (volume = 48.544) with worst = 0.177187 / average = 0.605117:
Info    : 0.00 < quality < 0.10 :         0 elements
Info    : 0.10 < quality < 0.20 :         4 elements
Info    : 0.20 < quality < 0.30 :         4 elements
Info    : 0.30 < quality < 0.40 :        12 elements
Info    : 0.40 < quality < 0.50 :        12 elements
Info    : 0.50 < quality < 0.60 :        18 elements
Info    : 0.60 < quality < 0.70 :        18 elements
Info    : 0.70 < quality < 0.80 :        16 elements
Info    : 0.80 < quality < 0.90 :        12 elements
Info    : 0.90 < quality < 1.00 :         8 elements
Info    : 2 edge swaps, 0 node relocations (volume = 48.544): worst = 0.177187 / average = 0.61544 (Wall 5.3132e-05s, CPU 5.3e-05s)
Info    : No ill-shaped tets in the mesh :-)
Info    : 0.00 < quality < 0.10 :         0 elements
Info    : 0.10 < quality < 0.20 :         2 elements
Info    : 0.20 < quality < 0.30 :         4 elements
Info    : 0.30 < quality < 0.40 :        12 elements
Info    : 0.40 < quality < 0.50 :        11 elements
Info    : 0.50 < quality < 0.60 :        19 elements
Info    : 0.60 < quality < 0.70 :        17 elements
Info    : 0.70 < quality < 0.80 :        17 elements
Info    : 0.80 < quality < 0.90 :        12 elements
Info    : 0.90 < quality < 1.00 :         8 elements
Info    : Optimizing volume 9
Info    : Optimization starts (volume = 2.268) with worst = 0.266475 / average = 0.325093:
Info    : 0.00 < quality < 0.10 :         0 elements
Info    : 0.10 < quality < 0.20 :         0 elements
Info    : 0.20 < quality < 0.30 :         4 elements
Info    : 0.30 < quality < 0.40 :         8 elements
Info    : 0.40 < quality < 0.50 :         0 elements
Info    : 0.50 < quality < 0.60 :         0 elements
Info    : 0.60 < quality < 0.70 :         0 elements
Info    : 0.70 < quality < 0.80 :         0 elements
Info    : 0.80 < quality < 0.90 :         0 elements
Info    : 0.90 < quality < 1.00 :         0 elements
Info    : No ill-shaped tets in the mesh :-)
Info    : 0.00 < quality < 0.10 :         0 elements
Info    : 0.10 < quality < 0.20 :         0 elements
Info    : 0.20 < quality < 0.30 :         4 elements
Info    : 0.30 < quality < 0.40 :         8 elements
Info    : 0.40 < quality < 0.50 :         0 elements
Info    : 0.50 < quality < 0.60 :         0 elements
Info    : 0.60 < quality < 0.70 :         0 elements
Info    : 0.70 < quality < 0.80 :         0 elements
Info    : 0.80 < quality < 0.90 :         0 elements
Info    : 0.90 < quality < 1.00 :         0 elements
Info    : Optimizing volume 10
Info    : Optimization starts (volume = 2.268) with worst = 0.266475 / average = 0.325093:
Info    : 0.00 < quality < 0.10 :         0 elements
Info    : 0.10 < quality < 0.20 :         0 elements
Info    : 0.20 < quality < 0.30 :         4 elements
Info    : 0.30 < quality < 0.40 :         8 elements
Info    : 0.40 < quality < 0.50 :         0 elements
Info    : 0.50 < quality < 0.60 :         0 elements
Info    : 0.60 < quality < 0.70 :         0 elements
Info    : 0.70 < quality < 0.80 :         0 elements
Info    : 0.80 < quality < 0.90 :         0 elements
Info    : 0.90 < quality < 1.00 :         0 elements
Info    : No ill-shaped tets in the mesh :-)
Info    : 0.00 < quality < 0.10 :         0 elements
Info    : 0.10 < quality < 0.20 :         0 elements
Info    : 0.20 < quality < 0.30 :         4 elements
Info    : 0.30 < quality < 0.40 :         8 elements
Info    : 0.40 < quality < 0.50 :         0 elements
Info    : 0.50 < quality < 0.60 :         0 elements
Info    : 0.60 < quality < 0.70 :         0 elements
Info    : 0.70 < quality < 0.80 :         0 elements
Info    : 0.80 < quality < 0.90 :         0 elements
Info    : 0.90 < quality < 1.00 :         0 elements
Info    : Optimizing volume 11
Info    : Optimization starts (volume = 2.268) with worst = 0.266475 / average = 0.325093:
Info    : 0.00 < quality < 0.10 :         0 elements
Info    : 0.10 < quality < 0.20 :         0 elements
Info    : 0.20 < quality < 0.30 :         4 elements
Info    : 0.30 < quality < 0.40 :         8 elements
Info    : 0.40 < quality < 0.50 :         0 elements
Info    : 0.50 < quality < 0.60 :         0 elements
Info    : 0.60 < quality < 0.70 :         0 elements
Info    : 0.70 < quality < 0.80 :         0 elements
Info    : 0.80 < quality < 0.90 :         0 elements
Info    : 0.90 < quality < 1.00 :         0 elements
Info    : No ill-shaped tets in the mesh :-)
Info    : 0.00 < quality < 0.10 :         0 elements
Info    : 0.10 < quality < 0.20 :         0 elements
Info    : 0.20 < quality < 0.30 :         4 elements
Info    : 0.30 < quality < 0.40 :         8 elements
Info    : 0.40 < quality < 0.50 :         0 elements
Info    : 0.50 < quality < 0.60 :         0 elements
Info    : 0.60 < quality < 0.70 :         0 elements
Info    : 0.70 < quality < 0.80 :         0 elements
Info    : 0.80 < quality < 0.90 :         0 elements
Info    : 0.90 < quality < 1.00 :         0 elements
Info    : Optimizing volume 12
Info    : Optimization starts (volume = 2.268) with worst = 0.266475 / average = 0.325093:
Info    : 0.00 < quality < 0.10 :         0 elements
Info    : 0.10 < quality < 0.20 :         0 elements
Info    : 0.20 < quality < 0.30 :         4 elements
Info    : 0.30 < quality < 0.40 :         8 elements
Info    : 0.40 < quality < 0.50 :         0 elements
Info    : 0.50 < quality < 0.60 :         0 elements
Info    : 0.60 < quality < 0.70 :         0 elements
Info    : 0.70 < quality < 0.80 :         0 elements
Info    : 0.80 < quality < 0.90 :         0 elements
Info    : 0.90 < quality < 1.00 :         0 elements
Info    : No ill-shaped tets in the mesh :-)
Info    : 0.00 < quality < 0.10 :         0 elements
Info    : 0.10 < quality < 0.20 :         0 elements
Info    : 0.20 < quality < 0.30 :         4 elements
Info    : 0.30 < quality < 0.40 :         8 elements
Info    : 0.40 < quality < 0.50 :         0 elements
Info    : 0.50 < quality < 0.60 :         0 elements
Info    : 0.60 < quality < 0.70 :         0 elements
Info    : 0.70 < quality < 0.80 :         0 elements
Info    : 0.80 < quality < 0.90 :         0 elements
Info    : 0.90 < quality < 1.00 :         0 elements
Info    : Optimizing volume 23
Info    : Optimization starts (volume = 2248.58) with worst = 0.0111469 / average = 0.176876:
Info    : 0.00 < quality < 0.10 :        61 elements
Info    : 0.10 < quality < 0.20 :      1312 elements
Info    : 0.20 < quality < 0.30 :        40 elements
Info    : 0.30 < quality < 0.40 :        10 elements
Info    : 0.40 < quality < 0.50 :         0 elements
Info    : 0.50 < quality < 0.60 :         0 elements
Info    : 0.60 < quality < 0.70 :         0 elements
Info    : 0.70 < quality < 0.80 :         0 elements
Info    : 0.80 < quality < 0.90 :         0 elements
Info    : 0.90 < quality < 1.00 :         0 elements
Info    : 115 edge swaps, 36 node relocations (volume = 2248.58): worst = 0.0111469 / average = 0.177654 (Wall 0.00640027s, CPU 0.0064s)
Info    : 134 edge swaps, 68 node relocations (volume = 2248.58): worst = 0.0111469 / average = 0.177742 (Wall 0.0125182s, CPU 0.012518s)
Info    : No ill-shaped tets in the mesh :-)
Info    : 0.00 < quality < 0.10 :        49 elements
Info    : 0.10 < quality < 0.20 :      1247 elements
Info    : 0.20 < quality < 0.30 :        40 elements
Info    : 0.30 < quality < 0.40 :         9 elements
Info    : 0.40 < quality < 0.50 :         0 elements
Info    : 0.50 < quality < 0.60 :         0 elements
Info    : 0.60 < quality < 0.70 :         0 elements
Info    : 0.70 < quality < 0.80 :         0 elements
Info    : 0.80 < quality < 0.90 :         0 elements
Info    : 0.90 < quality < 1.00 :         0 elements
Info    : Optimizing volume 24
Info    : Optimization starts (volume = 1683.44) with worst = 0.0733331 / average = 0.737519:
Info    : 0.00 < quality < 0.10 :         1 elements
Info    : 0.10 < quality < 0.20 :         3 elements
Info    : 0.20 < quality < 0.30 :        12 elements
Info    : 0.30 < quality < 0.40 :        36 elements
Info    : 0.40 < quality < 0.50 :        13 elements
Info    : 0.50 < quality < 0.60 :       126 elements
Info    : 0.60 < quality < 0.70 :       134 elements
Info    : 0.70 < quality < 0.80 :       161 elements
Info    : 0.80 < quality < 0.90 :       175 elements
Info    : 0.90 < quality < 1.00 :       201 elements
Info    : 6 edge swaps, 0 node relocations (volume = 1683.44): worst = 0.136892 / average = 0.741225 (Wall 0.000213021s, CPU 0.000214s)
Info    : No ill-shaped tets in the mesh :-)
Info    : 0.00 < quality < 0.10 :         0 elements
Info    : 0.10 < quality < 0.20 :         3 elements
Info    : 0.20 < quality < 0.30 :         7 elements
Info    : 0.30 < quality < 0.40 :        35 elements
Info    : 0.40 < quality < 0.50 :        15 elements
Info    : 0.50 < quality < 0.60 :       127 elements
Info    : 0.60 < quality < 0.70 :       133 elements
Info    : 0.70 < quality < 0.80 :       158 elements
Info    : 0.80 < quality < 0.90 :       177 elements
Info    : 0.90 < quality < 1.00 :       202 elements
Info    : Optimizing volume 25
Info    : Optimization starts (volume = 487.846) with worst = 0.0733331 / average = 0.665228:
Info    : 0.00 < quality < 0.10 :         2 elements
Info    : 0.10 < quality < 0.20 :         2 elements
Info    : 0.20 < quality < 0.30 :         8 elements
Info    : 0.30 < quality < 0.40 :        32 elements
Info    : 0.40 < quality < 0.50 :        17 elements
Info    : 0.50 < quality < 0.60 :        43 elements
Info    : 0.60 < quality < 0.70 :        48 elements
Info    : 0.70 < quality < 0.80 :        96 elements
Info    : 0.80 < quality < 0.90 :        48 elements
Info    : 0.90 < quality < 1.00 :        25 elements
Info    : 3 edge swaps, 0 node relocations (volume = 487.846): worst = 0.142828 / average = 0.671403 (Wall 0.000112834s, CPU 0.000113s)
Info    : No ill-shaped tets in the mesh :-)
Info    : 0.00 < quality < 0.10 :         0 elements
Info    : 0.10 < quality < 0.20 :         2 elements
Info    : 0.20 < quality < 0.30 :         6 elements
Info    : 0.30 < quality < 0.40 :        32 elements
Info    : 0.40 < quality < 0.50 :        17 elements
Info    : 0.50 < quality < 0.60 :        44 elements
Info    : 0.60 < quality < 0.70 :        49 elements
Info    : 0.70 < quality < 0.80 :        94 elements
Info    : 0.80 < quality < 0.90 :        48 elements
Info    : 0.90 < quality < 1.00 :        26 elements
Info    : Optimizing volume 26
Info    : Optimization starts (volume = 1.1837e+07) with worst = 0.0298208 / average = 0.63027:
Info    : 0.00 < quality < 0.10 :         4 elements
Info    : 0.10 < quality < 0.20 :         5 elements
Info    : 0.20 < quality < 0.30 :        19 elements
Info    : 0.30 < quality < 0.40 :        46 elements
Info    : 0.40 < quality < 0.50 :       139 elements
Info    : 0.50 < quality < 0.60 :       243 elements
Info    : 0.60 < quality < 0.70 :       210 elements
Info    : 0.70 < quality < 0.80 :       188 elements
Info    : 0.80 < quality < 0.90 :       129 elements
Info    : 0.90 < quality < 1.00 :        43 elements
Info    : 25 edge swaps, 0 node relocations (volume = 1.1837e+07): worst = 0.247173 / average = 0.642664 (Wall 0.000280292s, CPU 0.000281s)
Info    : 26 edge swaps, 0 node relocations (volume = 1.1837e+07): worst = 0.247173 / average = 0.642781 (Wall 0.000351152s, CPU 0.000352s)
Info    : No ill-shaped tets in the mesh :-)
Info    : 0.00 < quality < 0.10 :         0 elements
Info    : 0.10 < quality < 0.20 :         0 elements
Info    : 0.20 < quality < 0.30 :         1 elements
Info    : 0.30 < quality < 0.40 :        46 elements
Info    : 0.40 < quality < 0.50 :       136 elements
Info    : 0.50 < quality < 0.60 :       246 elements
Info    : 0.60 < quality < 0.70 :       208 elements
Info    : 0.70 < quality < 0.80 :       191 elements
Info    : 0.80 < quality < 0.90 :       130 elements
Info    : 0.90 < quality < 1.00 :        43 elements
Info    : Optimizing volume 27
Info    : Optimization starts (volume = 23674.1) with worst = 0.000929501 / average = 0.0311206:
Info    : 0.00 < quality < 0.10 :      1146 elements
Info    : 0.10 < quality < 0.20 :        75 elements
Info    : 0.20 < quality < 0.30 :         0 elements
Info    : 0.30 < quality < 0.40 :         0 elements
Info    : 0.40 < quality < 0.50 :         0 elements
Info    : 0.50 < quality < 0.60 :         0 elements
Info    : 0.60 < quality < 0.70 :         0 elements
Info    : 0.70 < quality < 0.80 :         0 elements
Info    : 0.80 < quality < 0.90 :         0 elements
Info    : 0.90 < quality < 1.00 :         0 elements
Info    : 149 edge swaps, 0 node relocations (volume = 23674.1): worst = 0.00124103 / average = 0.0298518 (Wall 0.00621931s, CPU 0.006217s)
Info    : 158 edge swaps, 0 node relocations (volume = 23674.1): worst = 0.00124103 / average = 0.0299166 (Wall 0.0127799s, CPU 0.012779s)
Info    : No ill-shaped tets in the mesh :-)
Info    : 0.00 < quality < 0.10 :      1078 elements
Info    : 0.10 < quality < 0.20 :        60 elements
Info    : 0.20 < quality < 0.30 :         0 elements
Info    : 0.30 < quality < 0.40 :         0 elements
Info    : 0.40 < quality < 0.50 :         0 elements
Info    : 0.50 < quality < 0.60 :         0 elements
Info    : 0.60 < quality < 0.70 :         0 elements
Info    : 0.70 < quality < 0.80 :         0 elements
Info    : 0.80 < quality < 0.90 :         0 elements
Info    : 0.90 < quality < 1.00 :         0 elements
Info    : Optimizing volume 28
Info    : Optimization starts (volume = 926235) with worst = 0 / average = 0.464098:
Info    : 0.00 < quality < 0.10 :       228 elements
Info    : 0.10 < quality < 0.20 :      1065 elements
Info    : 0.20 < quality < 0.30 :       939 elements
Info    : 0.30 < quality < 0.40 :      1212 elements
Info    : 0.40 < quality < 0.50 :      1055 elements
Info    : 0.50 < quality < 0.60 :      1186 elements
Info    : 0.60 < quality < 0.70 :       754 elements
Info    : 0.70 < quality < 0.80 :       760 elements
Info    : 0.80 < quality < 0.90 :       573 elements
Info    : 0.90 < quality < 1.00 :       206 elements
Info    : 424 edge swaps, 39 node relocations (volume = 926235): worst = 0 / average = 0.476746 (Wall 0.0175444s, CPU 0.017544s)
Info    : 477 edge swaps, 53 node relocations (volume = 926235): worst = 0 / average = 0.477828 (Wall 0.0320584s, CPU 0.03206s)
Info    : 487 edge swaps, 59 node relocations (volume = 926235): worst = 0 / average = 0.478026 (Wall 0.0464728s, CPU 0.046474s)
Warning : 4 ill-shaped tets are still in the mesh
Info    : 0.00 < quality < 0.10 :       120 elements
Info    : 0.10 < quality < 0.20 :       959 elements
Info    : 0.20 < quality < 0.30 :       801 elements
Info    : 0.30 < quality < 0.40 :      1233 elements
Info    : 0.40 < quality < 0.50 :      1077 elements
Info    : 0.50 < quality < 0.60 :      1179 elements
Info    : 0.60 < quality < 0.70 :       790 elements
Info    : 0.70 < quality < 0.80 :       775 elements
Info    : 0.80 < quality < 0.90 :       571 elements
Info    : 0.90 < quality < 1.00 :       191 elements
Info    : Optimizing volume 29
Info    : Optimization starts (volume = 221944) with worst = 0.0300444 / average = 0.501625:
Info    : 0.00 < quality < 0.10 :        29 elements
Info    : 0.10 < quality < 0.20 :        90 elements
Info    : 0.20 < quality < 0.30 :       217 elements
Info    : 0.30 < quality < 0.40 :       217 elements
Info    : 0.40 < quality < 0.50 :       308 elements
Info    : 0.50 < quality < 0.60 :       413 elements
Info    : 0.60 < quality < 0.70 :       324 elements
Info    : 0.70 < quality < 0.80 :       210 elements
Info    : 0.80 < quality < 0.90 :        74 elements
Info    : 0.90 < quality < 1.00 :         1 elements
Info    : 91 edge swaps, 0 node relocations (volume = 221944): worst = 0.0636123 / average = 0.510826 (Wall 0.002865s, CPU 0.002865s)
Info    : 94 edge swaps, 0 node relocations (volume = 221944): worst = 0.0636123 / average = 0.510951 (Wall 0.00576414s, CPU 0.005764s)
Info    : No ill-shaped tets in the mesh :-)
Info    : 0.00 < quality < 0.10 :        12 elements
Info    : 0.10 < quality < 0.20 :        73 elements
Info    : 0.20 < quality < 0.30 :       179 elements
Info    : 0.30 < quality < 0.40 :       246 elements
Info    : 0.40 < quality < 0.50 :       301 elements
Info    : 0.50 < quality < 0.60 :       390 elements
Info    : 0.60 < quality < 0.70 :       325 elements
Info    : 0.70 < quality < 0.80 :       212 elements
Info    : 0.80 < quality < 0.90 :        74 elements
Info    : 0.90 < quality < 1.00 :         1 elements
Info    : Optimizing volume 30
Info    : Optimization starts (volume = 1.06533e+07) with worst = 0.0511976 / average = 0.585546:
Info    : 0.00 < quality < 0.10 :         3 elements
Info    : 0.10 < quality < 0.20 :        10 elements
Info    : 0.20 < quality < 0.30 :        33 elements
Info    : 0.30 < quality < 0.40 :        72 elements
Info    : 0.40 < quality < 0.50 :       250 elements
Info    : 0.50 < quality < 0.60 :       269 elements
Info    : 0.60 < quality < 0.70 :       249 elements
Info    : 0.70 < quality < 0.80 :       151 elements
Info    : 0.80 < quality < 0.90 :        96 elements
Info    : 0.90 < quality < 1.00 :        34 elements
Info    : 43 edge swaps, 0 node relocations (volume = 1.06533e+07): worst = 0.24108 / average = 0.599168 (Wall 0.000538567s, CPU 0.000541s)
Info    : No ill-shaped tets in the mesh :-)
Info    : 0.00 < quality < 0.10 :         0 elements
Info    : 0.10 < quality < 0.20 :         0 elements
Info    : 0.20 < quality < 0.30 :         1 elements
Info    : 0.30 < quality < 0.40 :        80 elements
Info    : 0.40 < quality < 0.50 :       250 elements
Info    : 0.50 < quality < 0.60 :       264 elements
Info    : 0.60 < quality < 0.70 :       254 elements
Info    : 0.70 < quality < 0.80 :       152 elements
Info    : 0.80 < quality < 0.90 :        99 elements
Info    : 0.90 < quality < 1.00 :        34 elements
Info    : Optimizing volume 31
Info    : Optimization starts (volume = 3.52395e+07) with worst = 0.00812204 / average = 0.527417:
Info    : 0.00 < quality < 0.10 :        76 elements
Info    : 0.10 < quality < 0.20 :        48 elements
Info    : 0.20 < quality < 0.30 :        40 elements
Info    : 0.30 < quality < 0.40 :        76 elements
Info    : 0.40 < quality < 0.50 :       108 elements
Info    : 0.50 < quality < 0.60 :       136 elements
Info    : 0.60 < quality < 0.70 :       206 elements
Info    : 0.70 < quality < 0.80 :       180 elements
Info    : 0.80 < quality < 0.90 :        54 elements
Info    : 0.90 < quality < 1.00 :         4 elements
Info    : 32 edge swaps, 0 node relocations (volume = 3.52395e+07): worst = 0.00812204 / average = 0.540982 (Wall 0.00181114s, CPU 0.00181s)
Info    : 40 edge swaps, 0 node relocations (volume = 3.52395e+07): worst = 0.00812204 / average = 0.543277 (Wall 0.00362099s, CPU 0.003619s)
Info    : No ill-shaped tets in the mesh :-)
Info    : 0.00 < quality < 0.10 :        64 elements
Info    : 0.10 < quality < 0.20 :        34 elements
Info    : 0.20 < quality < 0.30 :        24 elements
Info    : 0.30 < quality < 0.40 :        60 elements
Info    : 0.40 < quality < 0.50 :       102 elements
Info    : 0.50 < quality < 0.60 :       152 elements
Info    : 0.60 < quality < 0.70 :       204 elements
Info    : 0.70 < quality < 0.80 :       176 elements
Info    : 0.80 < quality < 0.90 :        58 elements
Info    : 0.90 < quality < 1.00 :         4 elements
Info    : Done optimizing mesh (Wall 0.116372s, CPU 0.116366s)
Info    : 2951 nodes 23639 elements
Warning : ------------------------------
Warning : Mesh generation error summary
Warning :     1 warning
Warning :     0 errors
Warning : Check the full log for details
Warning : ------------------------------
Info    : Writing '/foss/designs/inductor_synth/palace_model/inductor2_N2_do61.64_w3_s2.01_data/inductor2_N2_do61.64_w3_s2.01.msh'...
Info    : Done writing '/foss/designs/inductor_synth/palace_model/inductor2_N2_do61.64_w3_s2.01_data/inductor2_N2_do61.64_w3_s2.01.msh'
Info    : Clearing all models and views...
Info    : Done clearing all models and views
Info    : Meshing 1D...
Info    : [  0%] Meshing curve 64 (Line)
Info    : [ 10%] Meshing curve 65 (Line)
Info    : [ 10%] Meshing curve 67 (Line)
Info    : [ 10%] Meshing curve 69 (Line)
Info    : [ 10%] Meshing curve 70 (Line)
Info    : [ 10%] Meshing curve 71 (Line)
Info    : [ 10%] Meshing curve 72 (Line)
Info    : [ 10%] Meshing curve 76 (Line)
Info    : [ 10%] Meshing curve 77 (Line)
Info    : [ 10%] Meshing curve 79 (Line)
Info    : [ 10%] Meshing curve 81 (Line)
Info    : [ 10%] Meshing curve 82 (Line)
Info    : [ 10%] Meshing curve 83 (Line)
Info    : [ 10%] Meshing curve 84 (Line)
Info    : [ 10%] Meshing curve 85 (Line)
Info    : [ 10%] Meshing curve 86 (Line)
Info    : [ 10%] Meshing curve 87 (Line)
Info    : [ 10%] Meshing curve 88 (Line)
Info    : [ 10%] Meshing curve 89 (Line)
Info    : [ 10%] Meshing curve 90 (Line)
Info    : [ 10%] Meshing curve 91 (Line)
Info    : [ 10%] Meshing curve 92 (Line)
Info    : [ 10%] Meshing curve 93 (Line)
Info    : [ 10%] Meshing curve 94 (Line)
Info    : [ 10%] Meshing curve 95 (Line)
Info    : [ 10%] Meshing curve 96 (Line)
Info    : [ 10%] Meshing curve 97 (Line)
Info    : [ 10%] Meshing curve 98 (Line)
Info    : [ 10%] Meshing curve 99 (Line)
Info    : [ 10%] Meshing curve 100 (Line)
Info    : [ 10%] Meshing curve 101 (Line)
Info    : [ 10%] Meshing curve 102 (Line)
Info    : [ 10%] Meshing curve 103 (Line)
Info    : [ 20%] Meshing curve 104 (Line)
Info    : [ 20%] Meshing curve 105 (Line)
Info    : [ 20%] Meshing curve 106 (Line)
Info    : [ 20%] Meshing curve 107 (Line)
Info    : [ 20%] Meshing curve 108 (Line)
Info    : [ 20%] Meshing curve 109 (Line)
Info    : [ 20%] Meshing curve 110 (Line)
Info    : [ 20%] Meshing curve 111 (Line)
Info    : [ 20%] Meshing curve 112 (Line)
Info    : [ 20%] Meshing curve 113 (Line)
Info    : [ 20%] Meshing curve 114 (Line)
Info    : [ 20%] Meshing curve 115 (Line)
Info    : [ 20%] Meshing curve 116 (Line)
Info    : [ 20%] Meshing curve 117 (Line)
Info    : [ 20%] Meshing curve 118 (Line)
Info    : [ 20%] Meshing curve 119 (Line)
Info    : [ 20%] Meshing curve 120 (Line)
Info    : [ 20%] Meshing curve 121 (Line)
Info    : [ 20%] Meshing curve 122 (Line)
Info    : [ 20%] Meshing curve 123 (Line)
Info    : [ 20%] Meshing curve 124 (Line)
Info    : [ 20%] Meshing curve 125 (Line)
Info    : [ 20%] Meshing curve 126 (Line)
Info    : [ 20%] Meshing curve 127 (Line)
Info    : [ 20%] Meshing curve 128 (Line)
Info    : [ 20%] Meshing curve 129 (Line)
Info    : [ 20%] Meshing curve 130 (Line)
Info    : [ 20%] Meshing curve 131 (Line)
Info    : [ 20%] Meshing curve 132 (Line)
Info    : [ 20%] Meshing curve 133 (Line)
Info    : [ 20%] Meshing curve 134 (Line)
Info    : [ 20%] Meshing curve 135 (Line)
Info    : [ 20%] Meshing curve 136 (Line)
Info    : [ 30%] Meshing curve 137 (Line)
Info    : [ 30%] Meshing curve 138 (Line)
Info    : [ 30%] Meshing curve 139 (Line)
Info    : [ 30%] Meshing curve 140 (Line)
Info    : [ 30%] Meshing curve 141 (Line)
Info    : [ 30%] Meshing curve 142 (Line)
Info    : [ 30%] Meshing curve 143 (Line)
Info    : [ 30%] Meshing curve 144 (Line)
Info    : [ 30%] Meshing curve 145 (Line)
Info    : [ 30%] Meshing curve 146 (Line)
Info    : [ 30%] Meshing curve 147 (Line)
Info    : [ 30%] Meshing curve 148 (Line)
Info    : [ 30%] Meshing curve 149 (Line)
Info    : [ 30%] Meshing curve 150 (Line)
Info    : [ 30%] Meshing curve 151 (Line)
Info    : [ 30%] Meshing curve 152 (Line)
Info    : [ 30%] Meshing curve 153 (Line)
Info    : [ 30%] Meshing curve 154 (Line)
Info    : [ 30%] Meshing curve 155 (Line)
Info    : [ 30%] Meshing curve 156 (Line)
Info    : [ 30%] Meshing curve 385 (Line)
Info    : [ 30%] Meshing curve 386 (Line)
Info    : [ 30%] Meshing curve 387 (Line)
Info    : [ 30%] Meshing curve 388 (Line)
Info    : [ 30%] Meshing curve 389 (Line)
Info    : [ 30%] Meshing curve 390 (Line)
Info    : [ 30%] Meshing curve 391 (Line)
Info    : [ 30%] Meshing curve 392 (Line)
Info    : [ 30%] Meshing curve 393 (Line)
Info    : [ 30%] Meshing curve 394 (Line)
Info    : [ 30%] Meshing curve 395 (Line)
Info    : [ 30%] Meshing curve 396 (Line)
Info    : [ 40%] Meshing curve 397 (TrimmedCurve)
Info    : [ 40%] Meshing curve 398 (Line)
Info    : [ 40%] Meshing curve 399 (TrimmedCurve)
Info    : [ 40%] Meshing curve 400 (Line)
Info    : [ 40%] Meshing curve 401 (Line)
Info    : [ 40%] Meshing curve 402 (Line)
Info    : [ 40%] Meshing curve 403 (Line)
Info    : [ 40%] Meshing curve 404 (Line)
Info    : [ 40%] Meshing curve 405 (Line)
Info    : [ 40%] Meshing curve 406 (Line)
Info    : [ 40%] Meshing curve 407 (Line)
Info    : [ 40%] Meshing curve 408 (TrimmedCurve)
Info    : [ 40%] Meshing curve 409 (Line)
Info    : [ 40%] Meshing curve 410 (TrimmedCurve)
Info    : [ 40%] Meshing curve 411 (Line)
Info    : [ 40%] Meshing curve 412 (Line)
Info    : [ 40%] Meshing curve 413 (Line)
Info    : [ 40%] Meshing curve 414 (Line)
Info    : [ 40%] Meshing curve 415 (Line)
Info    : [ 40%] Meshing curve 416 (Line)
Info    : [ 40%] Meshing curve 417 (Line)
Info    : [ 40%] Meshing curve 418 (Line)
Info    : [ 40%] Meshing curve 419 (Line)
Info    : [ 40%] Meshing curve 420 (Line)
Info    : [ 40%] Meshing curve 421 (Line)
Info    : [ 40%] Meshing curve 422 (Line)
Info    : [ 40%] Meshing curve 423 (Line)
Info    : [ 40%] Meshing curve 424 (Line)
Info    : [ 40%] Meshing curve 425 (Line)
Info    : [ 40%] Meshing curve 426 (Line)
Info    : [ 40%] Meshing curve 427 (Line)
Info    : [ 40%] Meshing curve 428 (Line)
Info    : [ 40%] Meshing curve 429 (Line)
Info    : [ 50%] Meshing curve 430 (Line)
Info    : [ 50%] Meshing curve 431 (Line)
Info    : [ 50%] Meshing curve 432 (TrimmedCurve)
Info    : [ 50%] Meshing curve 433 (Line)
Info    : [ 50%] Meshing curve 434 (TrimmedCurve)
Info    : [ 50%] Meshing curve 435 (Line)
Info    : [ 50%] Meshing curve 436 (TrimmedCurve)
Info    : [ 50%] Meshing curve 437 (Line)
Info    : [ 50%] Meshing curve 438 (TrimmedCurve)
Info    : [ 50%] Meshing curve 439 (Line)
Info    : [ 50%] Meshing curve 440 (TrimmedCurve)
Info    : [ 50%] Meshing curve 441 (Line)
Info    : [ 50%] Meshing curve 442 (TrimmedCurve)
Info    : [ 50%] Meshing curve 443 (Line)
Info    : [ 50%] Meshing curve 444 (Line)
Info    : [ 50%] Meshing curve 445 (Line)
Info    : [ 50%] Meshing curve 446 (Line)
Info    : [ 50%] Meshing curve 447 (Line)
Info    : [ 50%] Meshing curve 448 (TrimmedCurve)
Info    : [ 50%] Meshing curve 449 (Line)
Info    : [ 50%] Meshing curve 450 (TrimmedCurve)
Info    : [ 50%] Meshing curve 451 (Line)
Info    : [ 50%] Meshing curve 452 (TrimmedCurve)
Info    : [ 50%] Meshing curve 453 (Line)
Info    : [ 50%] Meshing curve 454 (TrimmedCurve)
Info    : [ 50%] Meshing curve 455 (Line)
Info    : [ 50%] Meshing curve 456 (TrimmedCurve)
Info    : [ 50%] Meshing curve 457 (Line)
Info    : [ 50%] Meshing curve 458 (TrimmedCurve)
Info    : [ 50%] Meshing curve 459 (Line)
Info    : [ 50%] Meshing curve 460 (Line)
Info    : [ 50%] Meshing curve 461 (TrimmedCurve)
Info    : [ 50%] Meshing curve 462 (Line)
Info    : [ 60%] Meshing curve 463 (TrimmedCurve)
Info    : [ 60%] Meshing curve 464 (Line)
Info    : [ 60%] Meshing curve 465 (TrimmedCurve)
Info    : [ 60%] Meshing curve 466 (Line)
Info    : [ 60%] Meshing curve 467 (TrimmedCurve)
Info    : [ 60%] Meshing curve 468 (Line)
Info    : [ 60%] Meshing curve 469 (TrimmedCurve)
Info    : [ 60%] Meshing curve 470 (Line)
Info    : [ 60%] Meshing curve 471 (TrimmedCurve)
Info    : [ 60%] Meshing curve 472 (Line)
Info    : [ 60%] Meshing curve 473 (Line)
Info    : [ 60%] Meshing curve 474 (Line)
Info    : [ 60%] Meshing curve 475 (Line)
Info    : [ 60%] Meshing curve 476 (Line)
Info    : [ 60%] Meshing curve 477 (TrimmedCurve)
Info    : [ 60%] Meshing curve 478 (Line)
Info    : [ 60%] Meshing curve 479 (TrimmedCurve)
Info    : [ 60%] Meshing curve 480 (Line)
Info    : [ 60%] Meshing curve 481 (TrimmedCurve)
Info    : [ 60%] Meshing curve 482 (Line)
Info    : [ 60%] Meshing curve 483 (TrimmedCurve)
Info    : [ 60%] Meshing curve 484 (Line)
Info    : [ 60%] Meshing curve 485 (TrimmedCurve)
Info    : [ 60%] Meshing curve 486 (Line)
Info    : [ 60%] Meshing curve 487 (TrimmedCurve)
Info    : [ 60%] Meshing curve 488 (Line)
Info    : [ 60%] Meshing curve 489 (Line)
Info    : [ 60%] Meshing curve 490 (Line)
Info    : [ 60%] Meshing curve 491 (Line)
Info    : [ 60%] Meshing curve 492 (Line)
Info    : [ 60%] Meshing curve 493 (Line)
Info    : [ 60%] Meshing curve 494 (Line)
Info    : [ 70%] Meshing curve 495 (Line)
Info    : [ 70%] Meshing curve 496 (Line)
Info    : [ 70%] Meshing curve 497 (Line)
Info    : [ 70%] Meshing curve 498 (Line)
Info    : [ 70%] Meshing curve 499 (Line)
Info    : [ 70%] Meshing curve 500 (Line)
Info    : [ 70%] Meshing curve 501 (Line)
Info    : [ 70%] Meshing curve 502 (Line)
Info    : [ 70%] Meshing curve 503 (Line)
Info    : [ 70%] Meshing curve 504 (Line)
Info    : [ 70%] Meshing curve 505 (Line)
Info    : [ 70%] Meshing curve 506 (Line)
Info    : [ 70%] Meshing curve 507 (Line)
Info    : [ 70%] Meshing curve 508 (Line)
Info    : [ 70%] Meshing curve 509 (Line)
Info    : [ 70%] Meshing curve 510 (Line)
Info    : [ 70%] Meshing curve 511 (Line)
Info    : [ 70%] Meshing curve 512 (Line)
Info    : [ 70%] Meshing curve 513 (Line)
Info    : [ 70%] Meshing curve 514 (Line)
Info    : [ 70%] Meshing curve 515 (Line)
Info    : [ 70%] Meshing curve 516 (Line)
Info    : [ 70%] Meshing curve 517 (Line)
Info    : [ 70%] Meshing curve 518 (Line)
Info    : [ 70%] Meshing curve 519 (Line)
Info    : [ 70%] Meshing curve 520 (Line)
Info    : [ 70%] Meshing curve 521 (Line)
Info    : [ 70%] Meshing curve 522 (Line)
Info    : [ 70%] Meshing curve 523 (Line)
Info    : [ 70%] Meshing curve 524 (Line)
Info    : [ 70%] Meshing curve 525 (Line)
Info    : [ 70%] Meshing curve 526 (Line)
Info    : [ 70%] Meshing curve 527 (Line)
Info    : [ 80%] Meshing curve 528 (TrimmedCurve)
Info    : [ 80%] Meshing curve 529 (Line)
Info    : [ 80%] Meshing curve 530 (Line)
Info    : [ 80%] Meshing curve 531 (Line)
Info    : [ 80%] Meshing curve 532 (Line)
Info    : [ 80%] Meshing curve 533 (Line)
Info    : [ 80%] Meshing curve 534 (TrimmedCurve)
Info    : [ 80%] Meshing curve 535 (Line)
Info    : [ 80%] Meshing curve 536 (Line)
Info    : [ 80%] Meshing curve 537 (TrimmedCurve)
Info    : [ 80%] Meshing curve 538 (Line)
Info    : [ 80%] Meshing curve 539 (Line)
Info    : [ 80%] Meshing curve 540 (Line)
Info    : [ 80%] Meshing curve 541 (Line)
Info    : [ 80%] Meshing curve 542 (Line)
Info    : [ 80%] Meshing curve 543 (TrimmedCurve)
Info    : [ 80%] Meshing curve 544 (Line)
Info    : [ 80%] Meshing curve 545 (Line)
Info    : [ 80%] Meshing curve 546 (Line)
Info    : [ 80%] Meshing curve 547 (Line)
Info    : [ 80%] Meshing curve 548 (Line)
Info    : [ 80%] Meshing curve 549 (Line)
Info    : [ 80%] Meshing curve 550 (Line)
Info    : [ 80%] Meshing curve 551 (Line)
Info    : [ 80%] Meshing curve 552 (Line)
Info    : [ 80%] Meshing curve 553 (Line)
Info    : [ 80%] Meshing curve 554 (Line)
Info    : [ 80%] Meshing curve 555 (Line)
Info    : [ 80%] Meshing curve 556 (Line)
Info    : [ 80%] Meshing curve 557 (Line)
Info    : [ 80%] Meshing curve 558 (Line)
Info    : [ 80%] Meshing curve 559 (Line)
Info    : [ 90%] Meshing curve 560 (Line)
Info    : [ 90%] Meshing curve 561 (Line)
Info    : [ 90%] Meshing curve 562 (Line)
Info    : [ 90%] Meshing curve 563 (Line)
Info    : [ 90%] Meshing curve 564 (Line)
Info    : [ 90%] Meshing curve 565 (Line)
Info    : [ 90%] Meshing curve 566 (Line)
Info    : [ 90%] Meshing curve 567 (Line)
Info    : [ 90%] Meshing curve 568 (Line)
Info    : [ 90%] Meshing curve 569 (Line)
Info    : [ 90%] Meshing curve 570 (Line)
Info    : [ 90%] Meshing curve 571 (Line)
Info    : [ 90%] Meshing curve 572 (Line)
Info    : [ 90%] Meshing curve 573 (Line)
Info    : [ 90%] Meshing curve 574 (Line)
Info    : [ 90%] Meshing curve 575 (Line)
Info    : [ 90%] Meshing curve 576 (Line)
Info    : [ 90%] Meshing curve 577 (Line)
Info    : [ 90%] Meshing curve 578 (Line)
Info    : [ 90%] Meshing curve 579 (Line)
Info    : [ 90%] Meshing curve 580 (Line)
Info    : [ 90%] Meshing curve 581 (Line)
Info    : [ 90%] Meshing curve 582 (Line)
Info    : [ 90%] Meshing curve 583 (Line)
Info    : [ 90%] Meshing curve 584 (Line)
Info    : [ 90%] Meshing curve 585 (Line)
Info    : [ 90%] Meshing curve 586 (Line)
Info    : [ 90%] Meshing curve 587 (Line)
Info    : [ 90%] Meshing curve 588 (Line)
Info    : [ 90%] Meshing curve 589 (Line)
Info    : [ 90%] Meshing curve 590 (Line)
Info    : [ 90%] Meshing curve 591 (Line)
Info    : [ 90%] Meshing curve 592 (Line)
Info    : [100%] Meshing curve 593 (Line)
Info    : [100%] Meshing curve 594 (Line)
Info    : [100%] Meshing curve 595 (Line)
Info    : [100%] Meshing curve 596 (Line)
Info    : [100%] Meshing curve 597 (Line)
Info    : [100%] Meshing curve 598 (Line)
Info    : [100%] Meshing curve 599 (Line)
Info    : [100%] Meshing curve 600 (Line)
Info    : [100%] Meshing curve 601 (Line)
Info    : [100%] Meshing curve 602 (Line)
Info    : [100%] Meshing curve 603 (Line)
Info    : [100%] Meshing curve 604 (Line)
Info    : [100%] Meshing curve 605 (Line)
Info    : [100%] Meshing curve 606 (Line)
Info    : [100%] Meshing curve 607 (Line)
Info    : [100%] Meshing curve 608 (Line)
Info    : [100%] Meshing curve 609 (Line)
Info    : [100%] Meshing curve 610 (Line)
Info    : [100%] Meshing curve 611 (Line)
Info    : [100%] Meshing curve 612 (Line)
Info    : [100%] Meshing curve 613 (Line)
Info    : [100%] Meshing curve 614 (Line)
Info    : [100%] Meshing curve 615 (Line)
Info    : [100%] Meshing curve 616 (Line)
Info    : [100%] Meshing curve 617 (Line)
Info    : [100%] Meshing curve 618 (Line)
Info    : [100%] Meshing curve 619 (Line)
Info    : [100%] Meshing curve 620 (Line)
Info    : [100%] Meshing curve 621 (Line)
Info    : [100%] Meshing curve 622 (Line)
Info    : [100%] Meshing curve 623 (Line)
Info    : [100%] Meshing curve 624 (Line)
Info    : Done meshing 1D (Wall 1.33828s, CPU 1.32824s)
Info    : Meshing 2D...
Info    : [  0%] Meshing surface 35 (Plane, Delaunay)
Info    : [ 10%] Meshing surface 41 (Plane, Delaunay)
Info    : [ 10%] Meshing surface 43 (Plane, Delaunay)
Info    : [ 10%] Meshing surface 44 (Plane, Delaunay)
Info    : [ 10%] Meshing surface 45 (Plane, Delaunay)
Info    : [ 10%] Meshing surface 46 (Plane, Delaunay)
Info    : [ 10%] Meshing surface 47 (Plane, Delaunay)
Info    : [ 10%] Meshing surface 48 (Plane, Delaunay)
Info    : [ 10%] Meshing surface 49 (Plane, Delaunay)
Info    : [ 10%] Meshing surface 50 (Plane, Delaunay)
Info    : [ 10%] Meshing surface 51 (Plane, Delaunay)
Info    : [ 10%] Meshing surface 53 (Plane, Delaunay)
Info    : [ 10%] Meshing surface 54 (Plane, Delaunay)
Info    : [ 10%] Meshing surface 55 (Plane, Delaunay)
Info    : [ 10%] Meshing surface 56 (Plane, Delaunay)
Info    : [ 20%] Meshing surface 57 (Plane, Delaunay)
Info    : [ 20%] Meshing surface 58 (Plane, Delaunay)
Info    : [ 20%] Meshing surface 59 (Plane, Delaunay)
Info    : [ 20%] Meshing surface 60 (Plane, Delaunay)
Info    : [ 20%] Meshing surface 61 (Plane, Delaunay)
Info    : [ 20%] Meshing surface 62 (Plane, Delaunay)
Info    : [ 20%] Meshing surface 63 (Plane, Delaunay)
Info    : [ 20%] Meshing surface 64 (Plane, Delaunay)
Info    : [ 20%] Meshing surface 65 (Plane, Delaunay)
Info    : [ 20%] Meshing surface 66 (Plane, Delaunay)
Info    : [ 20%] Meshing surface 67 (Plane, Delaunay)
Info    : [ 20%] Meshing surface 68 (Plane, Delaunay)
Info    : [ 20%] Meshing surface 69 (Plane, Delaunay)
Info    : [ 20%] Meshing surface 70 (Plane, Delaunay)
Info    : [ 30%] Meshing surface 71 (Plane, Delaunay)
Info    : [ 30%] Meshing surface 72 (Plane, Delaunay)
Info    : [ 30%] Meshing surface 73 (Plane, Delaunay)
Info    : [ 30%] Meshing surface 74 (Plane, Delaunay)
Info    : [ 30%] Meshing surface 75 (Plane, Delaunay)
Info    : [ 30%] Meshing surface 76 (Plane, Delaunay)
Info    : [ 30%] Meshing surface 173 (Plane, Delaunay)
Info    : [ 30%] Meshing surface 174 (Plane, Delaunay)
Info    : [ 30%] Meshing surface 175 (Plane, Delaunay)
Info    : [ 30%] Meshing surface 177 (Plane, Delaunay)
Info    : [ 30%] Meshing surface 178 (Plane, Delaunay)
Info    : [ 30%] Meshing surface 179 (Plane, Delaunay)
Info    : [ 30%] Meshing surface 180 (Plane, Delaunay)
Info    : [ 30%] Meshing surface 181 (Plane, Delaunay)
Info    : [ 40%] Meshing surface 182 (Plane, Delaunay)
Info    : [ 40%] Meshing surface 183 (Plane, Delaunay)
Info    : [ 40%] Meshing surface 184 (Plane, Delaunay)
Info    : [ 40%] Meshing surface 185 (Plane, Delaunay)
Info    : [ 40%] Meshing surface 186 (Plane, Delaunay)
Info    : [ 40%] Meshing surface 187 (Plane, Delaunay)
Info    : [ 40%] Meshing surface 188 (Plane, Delaunay)
Info    : [ 40%] Meshing surface 189 (Plane, Delaunay)
Info    : [ 40%] Meshing surface 191 (Plane, Delaunay)
Info    : [ 40%] Meshing surface 192 (Plane, Delaunay)
Info    : [ 40%] Meshing surface 193 (Plane, Delaunay)
Info    : [ 40%] Meshing surface 194 (Plane, Delaunay)
Info    : [ 40%] Meshing surface 195 (Plane, Delaunay)
Info    : [ 40%] Meshing surface 196 (Plane, Delaunay)
Info    : [ 50%] Meshing surface 197 (Plane, Delaunay)
Info    : [ 50%] Meshing surface 198 (Plane, Delaunay)
Info    : [ 50%] Meshing surface 199 (Plane, Delaunay)
Info    : [ 50%] Meshing surface 200 (Plane, Delaunay)
Info    : [ 50%] Meshing surface 201 (Plane, Delaunay)
Info    : [ 50%] Meshing surface 202 (Plane, Delaunay)
Info    : [ 50%] Meshing surface 203 (Plane, Delaunay)
Info    : [ 50%] Meshing surface 204 (Plane, Delaunay)
Info    : [ 50%] Meshing surface 205 (Plane, Delaunay)
Info    : [ 50%] Meshing surface 206 (Plane, Delaunay)
Info    : [ 50%] Meshing surface 207 (Plane, Delaunay)
Info    : [ 50%] Meshing surface 208 (Plane, Delaunay)
Info    : [ 50%] Meshing surface 209 (Plane, Delaunay)
Info    : [ 50%] Meshing surface 210 (Plane, Delaunay)
Info    : [ 50%] Meshing surface 211 (Plane, Delaunay)
Info    : [ 60%] Meshing surface 212 (Plane, Delaunay)
Info    : [ 60%] Meshing surface 213 (Plane, Delaunay)
Info    : [ 60%] Meshing surface 214 (Plane, Delaunay)
Info    : [ 60%] Meshing surface 215 (Plane, Delaunay)
Info    : [ 60%] Meshing surface 216 (Plane, Delaunay)
Info    : [ 60%] Meshing surface 217 (Plane, Delaunay)
Info    : [ 60%] Meshing surface 218 (Plane, Delaunay)
Info    : [ 60%] Meshing surface 219 (Plane, Delaunay)
Info    : [ 60%] Meshing surface 220 (Plane, Delaunay)
Info    : [ 60%] Meshing surface 221 (Plane, Delaunay)
Info    : [ 60%] Meshing surface 222 (Plane, Delaunay)
Info    : [ 60%] Meshing surface 223 (Plane, Delaunay)
Info    : [ 60%] Meshing surface 225 (Plane, Delaunay)
Info    : [ 60%] Meshing surface 226 (Plane, Delaunay)
Info    : [ 70%] Meshing surface 227 (Plane, Delaunay)
Info    : [ 70%] Meshing surface 228 (Plane, Delaunay)
Info    : [ 70%] Meshing surface 229 (Plane, Delaunay)
Info    : [ 70%] Meshing surface 230 (Plane, Delaunay)
Info    : [ 70%] Meshing surface 231 (Plane, Delaunay)
Info    : [ 70%] Meshing surface 232 (Plane, Delaunay)
Info    : [ 70%] Meshing surface 233 (Plane, Delaunay)
Info    : [ 70%] Meshing surface 234 (Plane, Delaunay)
Info    : [ 70%] Meshing surface 235 (Plane, Delaunay)
Info    : [ 70%] Meshing surface 236 (Plane, Delaunay)
Info    : [ 70%] Meshing surface 237 (Plane, Delaunay)
Info    : [ 70%] Meshing surface 238 (Plane, Delaunay)
Info    : [ 70%] Meshing surface 239 (Plane, Delaunay)
Info    : [ 70%] Meshing surface 240 (Plane, Delaunay)
Info    : [ 80%] Meshing surface 241 (Plane, Delaunay)
Info    : [ 80%] Meshing surface 242 (Plane, Delaunay)
Info    : [ 80%] Meshing surface 243 (Plane, Delaunay)
Info    : [ 80%] Meshing surface 244 (Plane, Delaunay)
Info    : [ 80%] Meshing surface 245 (Plane, Delaunay)
Info    : [ 80%] Meshing surface 246 (Plane, Delaunay)
Info    : [ 80%] Meshing surface 247 (Plane, Delaunay)
Info    : [ 80%] Meshing surface 248 (Plane, Delaunay)
Info    : [ 80%] Meshing surface 249 (Plane, Delaunay)
Info    : [ 80%] Meshing surface 250 (Plane, Delaunay)
Info    : [ 80%] Meshing surface 251 (Plane, Delaunay)
Info    : [ 80%] Meshing surface 252 (Plane, Delaunay)
Info    : [ 80%] Meshing surface 253 (Plane, Delaunay)
Info    : [ 80%] Meshing surface 254 (Plane, Delaunay)
Info    : [ 90%] Meshing surface 255 (Plane, Delaunay)
Info    : [ 90%] Meshing surface 256 (Plane, Delaunay)
Info    : [ 90%] Meshing surface 257 (Plane, Delaunay)
Info    : [ 90%] Meshing surface 258 (Plane, Delaunay)
Info    : [ 90%] Meshing surface 259 (Plane, Delaunay)
Info    : [ 90%] Meshing surface 260 (Plane, Delaunay)
Info    : [ 90%] Meshing surface 261 (Plane, Delaunay)
Info    : [ 90%] Meshing surface 262 (Plane, Delaunay)
Info    : [ 90%] Meshing surface 263 (Plane, Delaunay)
Info    : [ 90%] Meshing surface 264 (Plane, Delaunay)
Info    : [ 90%] Meshing surface 265 (Plane, Delaunay)
Info    : [ 90%] Meshing surface 266 (Plane, Delaunay)
Info    : [ 90%] Meshing surface 267 (Plane, Delaunay)
Info    : [ 90%] Meshing surface 268 (Plane, Delaunay)
Info    : [100%] Meshing surface 269 (Plane, Delaunay)
Info    : [100%] Meshing surface 270 (Plane, Delaunay)
Info    : [100%] Meshing surface 271 (Plane, Delaunay)
Info    : [100%] Meshing surface 272 (Plane, Delaunay)
Info    : [100%] Meshing surface 273 (Plane, Delaunay)
Info    : [100%] Meshing surface 274 (Plane, Delaunay)
Info    : [100%] Meshing surface 275 (Plane, Delaunay)
Info    : [100%] Meshing surface 276 (Plane, Delaunay)
Info    : [100%] Meshing surface 277 (Plane, Delaunay)
Info    : [100%] Meshing surface 278 (Plane, Delaunay)
Info    : [100%] Meshing surface 279 (Plane, Delaunay)
Info    : [100%] Meshing surface 280 (Plane, Delaunay)
Info    : [100%] Meshing surface 281 (Plane, Delaunay)
Info    : [100%] Meshing surface 282 (Plane, Delaunay)
Info    : Done meshing 2D (Wall 0.32286s, CPU 0.322829s)
Info    : Meshing 3D...
Info    : 3D Meshing 16 volumes with 1 connected component
Info    : Tetrahedrizing 2683 nodes...
Info    : Done tetrahedrizing 2691 nodes (Wall 0.0270682s, CPU 0.027061s)
Info    : Reconstructing mesh...
Info    :  - Creating surface mesh
Info    :  - Identifying boundary edges
Info    :  - Recovering boundary
Info    :  - Added 17 Steiner points
Info    : Done reconstructing mesh (Wall 0.0868585s, CPU 0.083192s)
Info    : Found volume 27
Info    : Found volume 28
Info    : Found volume 23
Info    : Found volume 26
Info    : Found volume 30
Info    : Found volume 6
Info    : Found volume 7
Info    : Found volume 24
Info    : Found volume 25
Info    : Found volume 29
Info    : Found volume 8
Info    : Found volume 31
Info    : Found volume 11
Info    : Found volume 12
Info    : Found volume 10
Info    : Found volume 9
Info    : It. 0 - 0 nodes created - worst tet radius 10.3974 (nodes removed 0 0)
Info    : It. 500 - 10 nodes created - worst tet radius 2.28894 (nodes removed 0 490)
Info    : It. 1000 - 94 nodes created - worst tet radius 1.23806 (nodes removed 0 906)
Info    : It. 1500 - 240 nodes created - worst tet radius 1.00554 (nodes removed 7 1253)
Info    : 3D refinement terminated (2951 nodes total):
Info    :  - 5 Delaunay cavities modified for star shapeness
Info    :  - 1269 nodes could not be inserted
Info    :  - 17356 tetrahedra created in 0.0517849 sec. (335155 tets/s)
Info    : 209 node relocations
Info    : Done meshing 3D (Wall 0.27684s, CPU 0.273155s)
Info    : Optimizing mesh...
Info    : Optimizing volume 6
Info    : Optimization starts (volume = 144) with worst = 0.125314 / average = 0.526116:
Info    : 0.00 < quality < 0.10 :         0 elements
Info    : 0.10 < quality < 0.20 :         2 elements
Info    : 0.20 < quality < 0.30 :        35 elements
Info    : 0.30 < quality < 0.40 :         8 elements
Info    : 0.40 < quality < 0.50 :        47 elements
Info    : 0.50 < quality < 0.60 :        34 elements
Info    : 0.60 < quality < 0.70 :         5 elements
Info    : 0.70 < quality < 0.80 :        29 elements
Info    : 0.80 < quality < 0.90 :        16 elements
Info    : 0.90 < quality < 1.00 :         2 elements
Info    : 2 edge swaps, 0 node relocations (volume = 144): worst = 0.125314 / average = 0.525818 (Wall 0.000210318s, CPU 0.000214s)
Info    : No ill-shaped tets in the mesh :-)
Info    : 0.00 < quality < 0.10 :         0 elements
Info    : 0.10 < quality < 0.20 :         2 elements
Info    : 0.20 < quality < 0.30 :        35 elements
Info    : 0.30 < quality < 0.40 :         8 elements
Info    : 0.40 < quality < 0.50 :        49 elements
Info    : 0.50 < quality < 0.60 :        32 elements
Info    : 0.60 < quality < 0.70 :         5 elements
Info    : 0.70 < quality < 0.80 :        29 elements
Info    : 0.80 < quality < 0.90 :        16 elements
Info    : 0.90 < quality < 1.00 :         2 elements
Info    : Optimizing volume 7
Info    : Optimization starts (volume = 144) with worst = 0.125314 / average = 0.526437:
Info    : 0.00 < quality < 0.10 :         0 elements
Info    : 0.10 < quality < 0.20 :         2 elements
Info    : 0.20 < quality < 0.30 :        35 elements
Info    : 0.30 < quality < 0.40 :         8 elements
Info    : 0.40 < quality < 0.50 :        47 elements
Info    : 0.50 < quality < 0.60 :        34 elements
Info    : 0.60 < quality < 0.70 :         3 elements
Info    : 0.70 < quality < 0.80 :        31 elements
Info    : 0.80 < quality < 0.90 :        16 elements
Info    : 0.90 < quality < 1.00 :         2 elements
Info    : 3 edge swaps, 0 node relocations (volume = 144): worst = 0.125314 / average = 0.526139 (Wall 0.000196713s, CPU 0.000196s)
Info    : No ill-shaped tets in the mesh :-)
Info    : 0.00 < quality < 0.10 :         0 elements
Info    : 0.10 < quality < 0.20 :         2 elements
Info    : 0.20 < quality < 0.30 :        35 elements
Info    : 0.30 < quality < 0.40 :         8 elements
Info    : 0.40 < quality < 0.50 :        49 elements
Info    : 0.50 < quality < 0.60 :        32 elements
Info    : 0.60 < quality < 0.70 :         3 elements
Info    : 0.70 < quality < 0.80 :        31 elements
Info    : 0.80 < quality < 0.90 :        16 elements
Info    : 0.90 < quality < 1.00 :         2 elements
Info    : Optimizing volume 8
Info    : Optimization starts (volume = 48.544) with worst = 0.177187 / average = 0.605117:
Info    : 0.00 < quality < 0.10 :         0 elements
Info    : 0.10 < quality < 0.20 :         4 elements
Info    : 0.20 < quality < 0.30 :         4 elements
Info    : 0.30 < quality < 0.40 :        12 elements
Info    : 0.40 < quality < 0.50 :        12 elements
Info    : 0.50 < quality < 0.60 :        18 elements
Info    : 0.60 < quality < 0.70 :        18 elements
Info    : 0.70 < quality < 0.80 :        16 elements
Info    : 0.80 < quality < 0.90 :        12 elements
Info    : 0.90 < quality < 1.00 :         8 elements
Info    : 2 edge swaps, 0 node relocations (volume = 48.544): worst = 0.177187 / average = 0.61544 (Wall 5.9097e-05s, CPU 5.9e-05s)
Info    : No ill-shaped tets in the mesh :-)
Info    : 0.00 < quality < 0.10 :         0 elements
Info    : 0.10 < quality < 0.20 :         2 elements
Info    : 0.20 < quality < 0.30 :         4 elements
Info    : 0.30 < quality < 0.40 :        12 elements
Info    : 0.40 < quality < 0.50 :        11 elements
Info    : 0.50 < quality < 0.60 :        19 elements
Info    : 0.60 < quality < 0.70 :        17 elements
Info    : 0.70 < quality < 0.80 :        17 elements
Info    : 0.80 < quality < 0.90 :        12 elements
Info    : 0.90 < quality < 1.00 :         8 elements
Info    : Optimizing volume 9
Info    : Optimization starts (volume = 2.268) with worst = 0.266475 / average = 0.325093:
Info    : 0.00 < quality < 0.10 :         0 elements
Info    : 0.10 < quality < 0.20 :         0 elements
Info    : 0.20 < quality < 0.30 :         4 elements
Info    : 0.30 < quality < 0.40 :         8 elements
Info    : 0.40 < quality < 0.50 :         0 elements
Info    : 0.50 < quality < 0.60 :         0 elements
Info    : 0.60 < quality < 0.70 :         0 elements
Info    : 0.70 < quality < 0.80 :         0 elements
Info    : 0.80 < quality < 0.90 :         0 elements
Info    : 0.90 < quality < 1.00 :         0 elements
Info    : No ill-shaped tets in the mesh :-)
Info    : 0.00 < quality < 0.10 :         0 elements
Info    : 0.10 < quality < 0.20 :         0 elements
Info    : 0.20 < quality < 0.30 :         4 elements
Info    : 0.30 < quality < 0.40 :         8 elements
Info    : 0.40 < quality < 0.50 :         0 elements
Info    : 0.50 < quality < 0.60 :         0 elements
Info    : 0.60 < quality < 0.70 :         0 elements
Info    : 0.70 < quality < 0.80 :         0 elements
Info    : 0.80 < quality < 0.90 :         0 elements
Info    : 0.90 < quality < 1.00 :         0 elements
Info    : Optimizing volume 10
Info    : Optimization starts (volume = 2.268) with worst = 0.266475 / average = 0.325093:
Info    : 0.00 < quality < 0.10 :         0 elements
Info    : 0.10 < quality < 0.20 :         0 elements
Info    : 0.20 < quality < 0.30 :         4 elements
Info    : 0.30 < quality < 0.40 :         8 elements
Info    : 0.40 < quality < 0.50 :         0 elements
Info    : 0.50 < quality < 0.60 :         0 elements
Info    : 0.60 < quality < 0.70 :         0 elements
Info    : 0.70 < quality < 0.80 :         0 elements
Info    : 0.80 < quality < 0.90 :         0 elements
Info    : 0.90 < quality < 1.00 :         0 elements
Info    : No ill-shaped tets in the mesh :-)
Info    : 0.00 < quality < 0.10 :         0 elements
Info    : 0.10 < quality < 0.20 :         0 elements
Info    : 0.20 < quality < 0.30 :         4 elements
Info    : 0.30 < quality < 0.40 :         8 elements
Info    : 0.40 < quality < 0.50 :         0 elements
Info    : 0.50 < quality < 0.60 :         0 elements
Info    : 0.60 < quality < 0.70 :         0 elements
Info    : 0.70 < quality < 0.80 :         0 elements
Info    : 0.80 < quality < 0.90 :         0 elements
Info    : 0.90 < quality < 1.00 :         0 elements
Info    : Optimizing volume 11
Info    : Optimization starts (volume = 2.268) with worst = 0.266475 / average = 0.325093:
Info    : 0.00 < quality < 0.10 :         0 elements
Info    : 0.10 < quality < 0.20 :         0 elements
Info    : 0.20 < quality < 0.30 :         4 elements
Info    : 0.30 < quality < 0.40 :         8 elements
Info    : 0.40 < quality < 0.50 :         0 elements
Info    : 0.50 < quality < 0.60 :         0 elements
Info    : 0.60 < quality < 0.70 :         0 elements
Info    : 0.70 < quality < 0.80 :         0 elements
Info    : 0.80 < quality < 0.90 :         0 elements
Info    : 0.90 < quality < 1.00 :         0 elements
Info    : No ill-shaped tets in the mesh :-)
Info    : 0.00 < quality < 0.10 :         0 elements
Info    : 0.10 < quality < 0.20 :         0 elements
Info    : 0.20 < quality < 0.30 :         4 elements
Info    : 0.30 < quality < 0.40 :         8 elements
Info    : 0.40 < quality < 0.50 :         0 elements
Info    : 0.50 < quality < 0.60 :         0 elements
Info    : 0.60 < quality < 0.70 :         0 elements
Info    : 0.70 < quality < 0.80 :         0 elements
Info    : 0.80 < quality < 0.90 :         0 elements
Info    : 0.90 < quality < 1.00 :         0 elements
Info    : Optimizing volume 12
Info    : Optimization starts (volume = 2.268) with worst = 0.266475 / average = 0.325093:
Info    : 0.00 < quality < 0.10 :         0 elements
Info    : 0.10 < quality < 0.20 :         0 elements
Info    : 0.20 < quality < 0.30 :         4 elements
Info    : 0.30 < quality < 0.40 :         8 elements
Info    : 0.40 < quality < 0.50 :         0 elements
Info    : 0.50 < quality < 0.60 :         0 elements
Info    : 0.60 < quality < 0.70 :         0 elements
Info    : 0.70 < quality < 0.80 :         0 elements
Info    : 0.80 < quality < 0.90 :         0 elements
Info    : 0.90 < quality < 1.00 :         0 elements
Info    : No ill-shaped tets in the mesh :-)
Info    : 0.00 < quality < 0.10 :         0 elements
Info    : 0.10 < quality < 0.20 :         0 elements
Info    : 0.20 < quality < 0.30 :         4 elements
Info    : 0.30 < quality < 0.40 :         8 elements
Info    : 0.40 < quality < 0.50 :         0 elements
Info    : 0.50 < quality < 0.60 :         0 elements
Info    : 0.60 < quality < 0.70 :         0 elements
Info    : 0.70 < quality < 0.80 :         0 elements
Info    : 0.80 < quality < 0.90 :         0 elements
Info    : 0.90 < quality < 1.00 :         0 elements
Info    : Optimizing volume 23
Info    : Optimization starts (volume = 2249.99) with worst = 0.0111375 / average = 0.177268:
Info    : 0.00 < quality < 0.10 :        59 elements
Info    : 0.10 < quality < 0.20 :      1302 elements
Info    : 0.20 < quality < 0.30 :        44 elements
Info    : 0.30 < quality < 0.40 :        10 elements
Info    : 0.40 < quality < 0.50 :         0 elements
Info    : 0.50 < quality < 0.60 :         0 elements
Info    : 0.60 < quality < 0.70 :         0 elements
Info    : 0.70 < quality < 0.80 :         0 elements
Info    : 0.80 < quality < 0.90 :         0 elements
Info    : 0.90 < quality < 1.00 :         0 elements
Info    : 111 edge swaps, 12 node relocations (volume = 2249.99): worst = 0.0111375 / average = 0.178337 (Wall 0.00625572s, CPU 0.00625s)
Info    : 119 edge swaps, 21 node relocations (volume = 2249.99): worst = 0.0111375 / average = 0.178427 (Wall 0.0133081s, CPU 0.013301s)
Info    : No ill-shaped tets in the mesh :-)
Info    : 0.00 < quality < 0.10 :        44 elements
Info    : 0.10 < quality < 0.20 :      1278 elements
Info    : 0.20 < quality < 0.30 :        40 elements
Info    : 0.30 < quality < 0.40 :         9 elements
Info    : 0.40 < quality < 0.50 :         0 elements
Info    : 0.50 < quality < 0.60 :         0 elements
Info    : 0.60 < quality < 0.70 :         0 elements
Info    : 0.70 < quality < 0.80 :         0 elements
Info    : 0.80 < quality < 0.90 :         0 elements
Info    : 0.90 < quality < 1.00 :         0 elements
Info    : Optimizing volume 24
Info    : Optimization starts (volume = 1684.67) with worst = 0.0738672 / average = 0.73729:
Info    : 0.00 < quality < 0.10 :         1 elements
Info    : 0.10 < quality < 0.20 :         3 elements
Info    : 0.20 < quality < 0.30 :        12 elements
Info    : 0.30 < quality < 0.40 :        36 elements
Info    : 0.40 < quality < 0.50 :        13 elements
Info    : 0.50 < quality < 0.60 :       126 elements
Info    : 0.60 < quality < 0.70 :       134 elements
Info    : 0.70 < quality < 0.80 :       161 elements
Info    : 0.80 < quality < 0.90 :       175 elements
Info    : 0.90 < quality < 1.00 :       201 elements
Info    : 6 edge swaps, 0 node relocations (volume = 1684.67): worst = 0.136676 / average = 0.740996 (Wall 0.000249432s, CPU 0.000252s)
Info    : No ill-shaped tets in the mesh :-)
Info    : 0.00 < quality < 0.10 :         0 elements
Info    : 0.10 < quality < 0.20 :         3 elements
Info    : 0.20 < quality < 0.30 :         7 elements
Info    : 0.30 < quality < 0.40 :        35 elements
Info    : 0.40 < quality < 0.50 :        15 elements
Info    : 0.50 < quality < 0.60 :       127 elements
Info    : 0.60 < quality < 0.70 :       133 elements
Info    : 0.70 < quality < 0.80 :       158 elements
Info    : 0.80 < quality < 0.90 :       177 elements
Info    : 0.90 < quality < 1.00 :       202 elements
Info    : Optimizing volume 25
Info    : Optimization starts (volume = 488.256) with worst = 0.0738672 / average = 0.66506:
Info    : 0.00 < quality < 0.10 :         2 elements
Info    : 0.10 < quality < 0.20 :         2 elements
Info    : 0.20 < quality < 0.30 :         8 elements
Info    : 0.30 < quality < 0.40 :        32 elements
Info    : 0.40 < quality < 0.50 :        17 elements
Info    : 0.50 < quality < 0.60 :        43 elements
Info    : 0.60 < quality < 0.70 :        48 elements
Info    : 0.70 < quality < 0.80 :        96 elements
Info    : 0.80 < quality < 0.90 :        48 elements
Info    : 0.90 < quality < 1.00 :        25 elements
Info    : 3 edge swaps, 0 node relocations (volume = 488.256): worst = 0.142596 / average = 0.671233 (Wall 0.000122318s, CPU 0.000123s)
Info    : No ill-shaped tets in the mesh :-)
Info    : 0.00 < quality < 0.10 :         0 elements
Info    : 0.10 < quality < 0.20 :         2 elements
Info    : 0.20 < quality < 0.30 :         6 elements
Info    : 0.30 < quality < 0.40 :        32 elements
Info    : 0.40 < quality < 0.50 :        17 elements
Info    : 0.50 < quality < 0.60 :        44 elements
Info    : 0.60 < quality < 0.70 :        49 elements
Info    : 0.70 < quality < 0.80 :        94 elements
Info    : 0.80 < quality < 0.90 :        48 elements
Info    : 0.90 < quality < 1.00 :        26 elements
Info    : Optimizing volume 26
Info    : Optimization starts (volume = 1.18448e+07) with worst = 0.0490025 / average = 0.621382:
Info    : 0.00 < quality < 0.10 :         4 elements
Info    : 0.10 < quality < 0.20 :        12 elements
Info    : 0.20 < quality < 0.30 :        21 elements
Info    : 0.30 < quality < 0.40 :        51 elements
Info    : 0.40 < quality < 0.50 :       135 elements
Info    : 0.50 < quality < 0.60 :       228 elements
Info    : 0.60 < quality < 0.70 :       226 elements
Info    : 0.70 < quality < 0.80 :       168 elements
Info    : 0.80 < quality < 0.90 :       113 elements
Info    : 0.90 < quality < 1.00 :        42 elements
Info    : 31 edge swaps, 1 node relocations (volume = 1.18448e+07): worst = 0.296152 / average = 0.636113 (Wall 0.000406495s, CPU 0.000408s)
Info    : No ill-shaped tets in the mesh :-)
Info    : 0.00 < quality < 0.10 :         0 elements
Info    : 0.10 < quality < 0.20 :         0 elements
Info    : 0.20 < quality < 0.30 :         1 elements
Info    : 0.30 < quality < 0.40 :        53 elements
Info    : 0.40 < quality < 0.50 :       138 elements
Info    : 0.50 < quality < 0.60 :       225 elements
Info    : 0.60 < quality < 0.70 :       236 elements
Info    : 0.70 < quality < 0.80 :       166 elements
Info    : 0.80 < quality < 0.90 :       109 elements
Info    : 0.90 < quality < 1.00 :        46 elements
Info    : Optimizing volume 27
Info    : Optimization starts (volume = 23689.6) with worst = 0.00107664 / average = 0.0308946:
Info    : 0.00 < quality < 0.10 :      1161 elements
Info    : 0.10 < quality < 0.20 :        70 elements
Info    : 0.20 < quality < 0.30 :         0 elements
Info    : 0.30 < quality < 0.40 :         0 elements
Info    : 0.40 < quality < 0.50 :         0 elements
Info    : 0.50 < quality < 0.60 :         0 elements
Info    : 0.60 < quality < 0.70 :         0 elements
Info    : 0.70 < quality < 0.80 :         0 elements
Info    : 0.80 < quality < 0.90 :         0 elements
Info    : 0.90 < quality < 1.00 :         0 elements
Info    : 162 edge swaps, 0 node relocations (volume = 23689.6): worst = 0.00124021 / average = 0.0300129 (Wall 0.00674732s, CPU 0.006746s)
Info    : 167 edge swaps, 0 node relocations (volume = 23689.6): worst = 0.00124021 / average = 0.0299976 (Wall 0.0147118s, CPU 0.014711s)
Info    : No ill-shaped tets in the mesh :-)
Info    : 0.00 < quality < 0.10 :      1082 elements
Info    : 0.10 < quality < 0.20 :        60 elements
Info    : 0.20 < quality < 0.30 :         0 elements
Info    : 0.30 < quality < 0.40 :         0 elements
Info    : 0.40 < quality < 0.50 :         0 elements
Info    : 0.50 < quality < 0.60 :         0 elements
Info    : 0.60 < quality < 0.70 :         0 elements
Info    : 0.70 < quality < 0.80 :         0 elements
Info    : 0.80 < quality < 0.90 :         0 elements
Info    : 0.90 < quality < 1.00 :         0 elements
Info    : Optimizing volume 28
Info    : Optimization starts (volume = 926844) with worst = 0 / average = 0.459704:
Info    : 0.00 < quality < 0.10 :       266 elements
Info    : 0.10 < quality < 0.20 :      1043 elements
Info    : 0.20 < quality < 0.30 :       982 elements
Info    : 0.30 < quality < 0.40 :      1216 elements
Info    : 0.40 < quality < 0.50 :      1073 elements
Info    : 0.50 < quality < 0.60 :      1139 elements
Info    : 0.60 < quality < 0.70 :       780 elements
Info    : 0.70 < quality < 0.80 :       776 elements
Info    : 0.80 < quality < 0.90 :       552 elements
Info    : 0.90 < quality < 1.00 :       183 elements
Info    : 444 edge swaps, 53 node relocations (volume = 926844): worst = 0 / average = 0.472118 (Wall 0.0238943s, CPU 0.023888s)
Info    : 516 edge swaps, 69 node relocations (volume = 926844): worst = 0 / average = 0.474057 (Wall 0.0427455s, CPU 0.042741s)
Info    : 528 edge swaps, 82 node relocations (volume = 926844): worst = 0 / average = 0.474528 (Wall 0.0586415s, CPU 0.058634s)
Info    : 529 edge swaps, 84 node relocations (volume = 926844): worst = 0 / average = 0.474597 (Wall 0.0762201s, CPU 0.076211s)
Warning : 4 ill-shaped tets are still in the mesh
Info    : 0.00 < quality < 0.10 :       137 elements
Info    : 0.10 < quality < 0.20 :       952 elements
Info    : 0.20 < quality < 0.30 :       804 elements
Info    : 0.30 < quality < 0.40 :      1282 elements
Info    : 0.40 < quality < 0.50 :      1089 elements
Info    : 0.50 < quality < 0.60 :      1111 elements
Info    : 0.60 < quality < 0.70 :       823 elements
Info    : 0.70 < quality < 0.80 :       765 elements
Info    : 0.80 < quality < 0.90 :       570 elements
Info    : 0.90 < quality < 1.00 :       174 elements
Info    : Optimizing volume 29
Info    : Optimization starts (volume = 222090) with worst = 0.0202481 / average = 0.502615:
Info    : 0.00 < quality < 0.10 :        13 elements
Info    : 0.10 < quality < 0.20 :       112 elements
Info    : 0.20 < quality < 0.30 :       205 elements
Info    : 0.30 < quality < 0.40 :       242 elements
Info    : 0.40 < quality < 0.50 :       314 elements
Info    : 0.50 < quality < 0.60 :       372 elements
Info    : 0.60 < quality < 0.70 :       361 elements
Info    : 0.70 < quality < 0.80 :       212 elements
Info    : 0.80 < quality < 0.90 :        71 elements
Info    : 0.90 < quality < 1.00 :         6 elements
Info    : 106 edge swaps, 0 node relocations (volume = 222090): worst = 0.111065 / average = 0.517935 (Wall 0.00227491s, CPU 0.002277s)
Info    : 113 edge swaps, 0 node relocations (volume = 222090): worst = 0.111065 / average = 0.518177 (Wall 0.00375436s, CPU 0.003758s)
Info    : No ill-shaped tets in the mesh :-)
Info    : 0.00 < quality < 0.10 :         0 elements
Info    : 0.10 < quality < 0.20 :        67 elements
Info    : 0.20 < quality < 0.30 :       158 elements
Info    : 0.30 < quality < 0.40 :       247 elements
Info    : 0.40 < quality < 0.50 :       320 elements
Info    : 0.50 < quality < 0.60 :       376 elements
Info    : 0.60 < quality < 0.70 :       357 elements
Info    : 0.70 < quality < 0.80 :       211 elements
Info    : 0.80 < quality < 0.90 :        69 elements
Info    : 0.90 < quality < 1.00 :         6 elements
Info    : Optimizing volume 30
Info    : Optimization starts (volume = 1.06603e+07) with worst = 0.0564055 / average = 0.585093:
Info    : 0.00 < quality < 0.10 :         6 elements
Info    : 0.10 < quality < 0.20 :        22 elements
Info    : 0.20 < quality < 0.30 :        21 elements
Info    : 0.30 < quality < 0.40 :        87 elements
Info    : 0.40 < quality < 0.50 :       225 elements
Info    : 0.50 < quality < 0.60 :       265 elements
Info    : 0.60 < quality < 0.70 :       246 elements
Info    : 0.70 < quality < 0.80 :       180 elements
Info    : 0.80 < quality < 0.90 :        88 elements
Info    : 0.90 < quality < 1.00 :        33 elements
Info    : 43 edge swaps, 0 node relocations (volume = 1.06603e+07): worst = 0.25049 / average = 0.602132 (Wall 0.000531825s, CPU 0.000532s)
Info    : 44 edge swaps, 0 node relocations (volume = 1.06603e+07): worst = 0.260609 / average = 0.602536 (Wall 0.000671258s, CPU 0.000674s)
Info    : No ill-shaped tets in the mesh :-)
Info    : 0.00 < quality < 0.10 :         0 elements
Info    : 0.10 < quality < 0.20 :         0 elements
Info    : 0.20 < quality < 0.30 :         1 elements
Info    : 0.30 < quality < 0.40 :        93 elements
Info    : 0.40 < quality < 0.50 :       222 elements
Info    : 0.50 < quality < 0.60 :       264 elements
Info    : 0.60 < quality < 0.70 :       248 elements
Info    : 0.70 < quality < 0.80 :       182 elements
Info    : 0.80 < quality < 0.90 :        90 elements
Info    : 0.90 < quality < 1.00 :        33 elements
Info    : Optimizing volume 31
Info    : Optimization starts (volume = 3.52514e+07) with worst = 0.00811969 / average = 0.527598:
Info    : 0.00 < quality < 0.10 :        76 elements
Info    : 0.10 < quality < 0.20 :        48 elements
Info    : 0.20 < quality < 0.30 :        40 elements
Info    : 0.30 < quality < 0.40 :        73 elements
Info    : 0.40 < quality < 0.50 :       108 elements
Info    : 0.50 < quality < 0.60 :       136 elements
Info    : 0.60 < quality < 0.70 :       212 elements
Info    : 0.70 < quality < 0.80 :       177 elements
Info    : 0.80 < quality < 0.90 :        54 elements
Info    : 0.90 < quality < 1.00 :         4 elements
Info    : 32 edge swaps, 0 node relocations (volume = 3.52514e+07): worst = 0.00811969 / average = 0.540405 (Wall 0.00131143s, CPU 0.00131s)
Info    : 40 edge swaps, 0 node relocations (volume = 3.52514e+07): worst = 0.00811969 / average = 0.542695 (Wall 0.00262465s, CPU 0.00262s)
Info    : No ill-shaped tets in the mesh :-)
Info    : 0.00 < quality < 0.10 :        64 elements
Info    : 0.10 < quality < 0.20 :        34 elements
Info    : 0.20 < quality < 0.30 :        24 elements
Info    : 0.30 < quality < 0.40 :        57 elements
Info    : 0.40 < quality < 0.50 :       105 elements
Info    : 0.50 < quality < 0.60 :       152 elements
Info    : 0.60 < quality < 0.70 :       209 elements
Info    : 0.70 < quality < 0.80 :       173 elements
Info    : 0.80 < quality < 0.90 :        57 elements
Info    : 0.90 < quality < 1.00 :         4 elements
Info    : Done optimizing mesh (Wall 0.154611s, CPU 0.154597s)
Info    : 2951 nodes 23615 elements
Warning : ------------------------------
Warning : Mesh generation error summary
Warning :     1 warning
Warning :     0 errors
Warning : Check the full log for details
Warning : ------------------------------
Info    : Writing '/foss/designs/inductor_synth/palace_model/inductor2_N2_do61.69_w4_s2.01_data/inductor2_N2_do61.69_w4_s2.01.msh'...
Info    : Done writing '/foss/designs/inductor_synth/palace_model/inductor2_N2_do61.69_w4_s2.01_data/inductor2_N2_do61.69_w4_s2.01.msh'
Info    : Clearing all models and views...
Info    : Done clearing all models and views
>> /usr/bin/mpirun -n 1 /foss/tools/bin/palace-x86_64.bin config.json

_____________     _______
_____   __   \____ __   /____ ____________
____   /_/  /  __ ` /  /  __ ` /  ___/  _ \
___   _____/  /_/  /  /  /_/  /  /__/  ___/
  /__/     \___,__/__/\___,__/\_____\_____/

Git changeset ID: v0.17.0-227-gc531cf3e
Running with 1 MPI process
Device configuration: cpu
Memory configuration: host-std
libCEED backend: /cpu/self/xsmm/blocked

Added 2466 boundary elements for material interfaces to the mesh

Characteristic length and time scales:
 Lc = 4.999e-04 m, tc = 1.667e-03 ns
Finished partitioning mesh into 1 subdomain

Mesh curvature order: 1
Mesh bounding box:
 (Xmin, Ymin, Zmin) = (-1.716e-04, -1.716e-04, -5.000e-05) m
 (Xmax, Ymax, Zmax) = (+1.716e-04, +1.716e-04, +4.499e-04) m

Parallel Mesh Stats:

                minimum     average     maximum       total
 vertices          2933        2933        2933        2933
 edges            18165       18165       18165       18165
 faces            28990       28990       28990       28990
 elements         13752       13752       13752       13752
 neighbors            0           0           0

            minimum     maximum
 h                0    0.213899
 kappa      1.07682         inf

Estimated current per-rank memory usage is: Min. 40.1M, Max. 40.1M, Avg. 40.1M, Total 40.1M
Estimated current per-node memory usage is: Min. 40.1M, Max. 40.1M, Avg. 40.1M, Total 40.1M

Configuring Robin absorbing BC (order 2) at attributes:
 22

Configuring Robin finite conductivity BC at attributes:
 2: σ = 2.164e+07 S/m, h = 4.200e-07 m, n = (+0.0,-0.0,+1.0)
 3: σ = 2.164e+07 S/m, h = 4.200e-07 m, n = (+0.7,+0.7,+0.0)
 4: σ = 2.780e+07 S/m, h = 2.000e-06 m, n = (+0.0,+0.0,-1.0)
 5: σ = 2.780e+07 S/m, h = 2.000e-06 m, n = (+1.0,-0.1,+0.0)
 6: σ = 2.780e+07 S/m, h = 2.000e-06 m, n = (+0.0,+0.0,-1.0)
 7: σ = 2.780e+07 S/m, h = 2.000e-06 m, n = (+1.0,-0.1,+0.0)
 8: σ = 2.780e+07 S/m, h = 2.000e-06 m, n = (+0.0,+0.0,+1.0)
 9: σ = 2.780e+07 S/m, h = 2.000e-06 m, n = (+0.6,+0.8,-0.0)
 10: σ = 3.030e+07 S/m, h = 3.000e-06 m, n = (+0.0,+0.0,+1.0)
 11: σ = 3.030e+07 S/m, h = 3.000e-06 m, n = (-0.9,+0.4,-0.0)
 12: σ = 3.030e+07 S/m, h = 3.000e-06 m, n = (+0.0,+0.0,+1.0)
 13: σ = 3.030e+07 S/m, h = 3.000e-06 m, n = (+0.9,-0.3,-0.0)

Configuring Robin impedance BC for lumped ports at attributes:
 20: Rs = 2.012e+01 Ω/sq, n = (+0.0,+1.0,+0.0)
 21: Rs = 2.012e+01 Ω/sq, n = (+0.0,+1.0,+0.0)

Configuring lumped port circuit properties:
 Index = 1: R = 5.000e+01 Ω
 Index = 2: R = 5.000e+01 Ω

Configuring lumped port excitation source term at attributes:
 20: Index = 1
 21: Index = 2

[38;2;255;255;000m--> Warning![0m
Adaptive frequency sweep requires > 2 total frequency samples!
Reverting to uniform sweep!


Computing frequency response for:
Excitation 1/2 with index 1 has contributions from:
 Lumped port  1
Excitation 2/2 with index 2 has contributions from:
 Lumped port  2

Assembling system matrices, number of global unknowns:
 H1 (p = 2): 21098, ND (p = 2): 94310, RT (p = 2): 128226
 Operator assembly level: Partial
 Mesh geometries:
  Tetrahedron: P = 20, Q = 14 (quadrature order = 4)
 SuperLUSolver: Using 2D processor grid 1 x 1
[0]PETSC ERROR: --------------------- Error Message --------------------------------------------------------------
[0]PETSC ERROR: Missing or incorrect user input
[0]PETSC ERROR: The inner product is not well defined: nonzero imaginary part -nan.
[0]PETSC ERROR: See https://petsc.org/release/faq/ for trouble shooting.
[0]PETSC ERROR: PETSc Release Version 3.24.3, unknown
[0]PETSC ERROR: /foss/tools/bin/palace-x86_64.bin with 1 MPI process(es) and PETSC_ARCH  on e7e12b5ba38f by designer Tue Jul 28 17:10:58 2026
[0]PETSC ERROR: Configure options: COPTFLAGS=" -O3 -DNDEBUG" CXXOPTFLAGS=" -O3 -DNDEBUG" --prefix=/foss/tools/palace --with-cc=/usr/bin/cc --with-cxx=/usr/bin/c++ --with-fc=0 --with-scalar-type=complex --with-precision=double --with-clanguage=c --with-x=0 --with-debugging=0 --with-shared-libraries=0 --known-64-bit-blas-indices=0 --with-mpi-lib="[/usr/lib/x86_64-linux-gnu/openmpi/lib/libmpi_cxx.so,/usr/lib/x86_64-linux-gnu/openmpi/lib/libmpi.so]" --with-mpi-include="[/usr/lib/x86_64-linux-gnu/openmpi/include,/usr/lib/x86_64-linux-gnu/openmpi/include/openmpi]" --with-blaslapack-lib="[/usr/lib/x86_64-linux-gnu/libopenblas.so,-lm]" --with-blaslapack-include="[/usr/include/x86_64-linux-gnu]"
[0]PETSC ERROR: #1 BV_SafeSqrt() at /tmp/palace/build/extern/slepc/include/slepc/private/bvimpl.h:131
[0]PETSC ERROR: #2 BV_SquareRoot_Default() at /tmp/palace/build/extern/slepc/include/slepc/private/bvimpl.h:393
[0]PETSC ERROR: #3 BVOrthogonalizeCGS1() at /tmp/palace/build/extern/slepc/src/sys/classes/bv/interface/bvorthog.c:101
[0]PETSC ERROR: #4 BVOrthogonalizeGS() at /tmp/palace/build/extern/slepc/src/sys/classes/bv/interface/bvorthog.c:177
[0]PETSC ERROR: #5 BVOrthonormalizeColumn() at /tmp/palace/build/extern/slepc/src/sys/classes/bv/interface/bvorthog.c:401
[0]PETSC ERROR: #6 BVMatLanczos() at /tmp/palace/build/extern/slepc/src/sys/classes/bv/interface/bvkrylov.c:201
[0]PETSC ERROR: #7 EPSSolve_KrylovSchur_Default() at /tmp/palace/build/extern/slepc/src/eps/impls/krylov/krylovschur/krylovschur.c:262
[0]PETSC ERROR: #8 EPSSolve() at /tmp/palace/build/extern/slepc/src/eps/interface/epssolve.c:162
[0]PETSC ERROR: #9 GetMaxSingularValue() at /tmp/palace/palace/linalg/slepc.cpp:275
--------------------------------------------------------------------------
MPI_ABORT was invoked on rank 0 in communicator MPI_COMM_WORLD
with errorcode 95.

NOTE: invoking MPI_ABORT causes Open MPI to kill all MPI processes.
You may or may not see output from other processes, depending on
exactly when Open MPI kills them.
--------------------------------------------------------------------------
>> /usr/bin/mpirun -n 1 /foss/tools/bin/palace-x86_64.bin config.json

_____________     _______
_____   __   \____ __   /____ ____________
____   /_/  /  __ ` /  /  __ ` /  ___/  _ \
___   _____/  /_/  /  /  /_/  /  /__/  ___/
  /__/     \___,__/__/\___,__/\_____\_____/

Git changeset ID: v0.17.0-227-gc531cf3e
Running with 1 MPI process
Device configuration: cpu
Memory configuration: host-std
libCEED backend: /cpu/self/xsmm/blocked

Added 2466 boundary elements for material interfaces to the mesh

Characteristic length and time scales:
 Lc = 4.999e-04 m, tc = 1.667e-03 ns
Finished partitioning mesh into 1 subdomain

Mesh curvature order: 1
Mesh bounding box:
 (Xmin, Ymin, Zmin) = (-1.717e-04, -1.717e-04, -5.000e-05) m
 (Xmax, Ymax, Zmax) = (+1.717e-04, +1.717e-04, +4.499e-04) m

Parallel Mesh Stats:

                minimum     average     maximum       total
 vertices          2935        2935        2935        2935
 edges            18151       18151       18151       18151
 faces            28958       28958       28958       28958
 elements         13736       13736       13736       13736
 neighbors            0           0           0

            minimum     maximum
 h                0    0.213912
 kappa      1.09394         inf

Estimated current per-rank memory usage is: Min. 39.8M, Max. 39.8M, Avg. 39.8M, Total 39.8M
Estimated current per-node memory usage is: Min. 39.8M, Max. 39.8M, Avg. 39.8M, Total 39.8M

Configuring Robin absorbing BC (order 2) at attributes:
 22

Configuring Robin finite conductivity BC at attributes:
 2: σ = 2.164e+07 S/m, h = 4.200e-07 m, n = (+0.0,+0.0,+1.0)
 3: σ = 2.164e+07 S/m, h = 4.200e-07 m, n = (+0.7,+0.7,+0.0)
 4: σ = 2.780e+07 S/m, h = 2.000e-06 m, n = (+0.0,+0.0,-1.0)
 5: σ = 2.780e+07 S/m, h = 2.000e-06 m, n = (+1.0,-0.1,+0.0)
 6: σ = 2.780e+07 S/m, h = 2.000e-06 m, n = (+0.0,+0.0,-1.0)
 7: σ = 2.780e+07 S/m, h = 2.000e-06 m, n = (+1.0,-0.1,+0.0)
 8: σ = 2.780e+07 S/m, h = 2.000e-06 m, n = (-0.0,-0.0,+1.0)
 9: σ = 2.780e+07 S/m, h = 2.000e-06 m, n = (+0.6,+0.8,+0.0)
 10: σ = 3.030e+07 S/m, h = 3.000e-06 m, n = (-0.0,+0.0,+1.0)
 11: σ = 3.030e+07 S/m, h = 3.000e-06 m, n = (-0.9,+0.4,-0.0)
 12: σ = 3.030e+07 S/m, h = 3.000e-06 m, n = (+0.0,+0.0,+1.0)
 13: σ = 3.030e+07 S/m, h = 3.000e-06 m, n = (+0.9,-0.3,-0.0)

Configuring Robin impedance BC for lumped ports at attributes:
 20: Rs = 2.012e+01 Ω/sq, n = (+0.0,+1.0,+0.0)
 21: Rs = 2.012e+01 Ω/sq, n = (+0.0,+1.0,+0.0)

Configuring lumped port circuit properties:
 Index = 1: R = 5.000e+01 Ω
 Index = 2: R = 5.000e+01 Ω

Configuring lumped port excitation source term at attributes:
 20: Index = 1
 21: Index = 2

[38;2;255;255;000m--> Warning![0m
Adaptive frequency sweep requires > 2 total frequency samples!
Reverting to uniform sweep!


Computing frequency response for:
Excitation 1/2 with index 1 has contributions from:
 Lumped port  1
Excitation 2/2 with index 2 has contributions from:
 Lumped port  2

Assembling system matrices, number of global unknowns:
 H1 (p = 2): 21086, ND (p = 2): 94218, RT (p = 2): 128082
 Operator assembly level: Partial
 Mesh geometries:
  Tetrahedron: P = 20, Q = 14 (quadrature order = 4)
 SuperLUSolver: Using 2D processor grid 1 x 1
[0]PETSC ERROR: --------------------- Error Message --------------------------------------------------------------
[0]PETSC ERROR: Missing or incorrect user input
[0]PETSC ERROR: The inner product is not well defined: nonzero imaginary part -nan.
[0]PETSC ERROR: See https://petsc.org/release/faq/ for trouble shooting.
[0]PETSC ERROR: PETSc Release Version 3.24.3, unknown
[0]PETSC ERROR: /foss/tools/bin/palace-x86_64.bin with 1 MPI process(es) and PETSC_ARCH  on e7e12b5ba38f by designer Tue Jul 28 17:11:00 2026
[0]PETSC ERROR: Configure options: COPTFLAGS=" -O3 -DNDEBUG" CXXOPTFLAGS=" -O3 -DNDEBUG" --prefix=/foss/tools/palace --with-cc=/usr/bin/cc --with-cxx=/usr/bin/c++ --with-fc=0 --with-scalar-type=complex --with-precision=double --with-clanguage=c --with-x=0 --with-debugging=0 --with-shared-libraries=0 --known-64-bit-blas-indices=0 --with-mpi-lib="[/usr/lib/x86_64-linux-gnu/openmpi/lib/libmpi_cxx.so,/usr/lib/x86_64-linux-gnu/openmpi/lib/libmpi.so]" --with-mpi-include="[/usr/lib/x86_64-linux-gnu/openmpi/include,/usr/lib/x86_64-linux-gnu/openmpi/include/openmpi]" --with-blaslapack-lib="[/usr/lib/x86_64-linux-gnu/libopenblas.so,-lm]" --with-blaslapack-include="[/usr/include/x86_64-linux-gnu]"
[0]PETSC ERROR: #1 BV_SafeSqrt() at /tmp/palace/build/extern/slepc/include/slepc/private/bvimpl.h:131
[0]PETSC ERROR: #2 BV_SquareRoot_Default() at /tmp/palace/build/extern/slepc/include/slepc/private/bvimpl.h:393
[0]PETSC ERROR: #3 BVOrthogonalizeCGS1() at /tmp/palace/build/extern/slepc/src/sys/classes/bv/interface/bvorthog.c:101
[0]PETSC ERROR: #4 BVOrthogonalizeGS() at /tmp/palace/build/extern/slepc/src/sys/classes/bv/interface/bvorthog.c:177
[0]PETSC ERROR: #5 BVOrthonormalizeColumn() at /tmp/palace/build/extern/slepc/src/sys/classes/bv/interface/bvorthog.c:401
[0]PETSC ERROR: #6 BVMatLanczos() at /tmp/palace/build/extern/slepc/src/sys/classes/bv/interface/bvkrylov.c:201
[0]PETSC ERROR: #7 EPSSolve_KrylovSchur_Default() at /tmp/palace/build/extern/slepc/src/eps/impls/krylov/krylovschur/krylovschur.c:262
[0]PETSC ERROR: #8 EPSSolve() at /tmp/palace/build/extern/slepc/src/eps/interface/epssolve.c:162
[0]PETSC ERROR: #9 GetMaxSingularValue() at /tmp/palace/palace/linalg/slepc.cpp:275
--------------------------------------------------------------------------
MPI_ABORT was invoked on rank 0 in communicator MPI_COMM_WORLD
with errorcode 95.

NOTE: invoking MPI_ABORT causes Open MPI to kill all MPI processes.
You may or may not see output from other processes, depending on
exactly when Open MPI kills them.
--------------------------------------------------------------------------
Found extra file with port information: /foss/designs/inductor_synth/palace_model/inductor2_N2_do58.36_w2.01_s2.01_data/port_information.json
Port Z0 values found: [50, 50]
Port impedance for Touchstone header:  50
Number of ports:  2
Created combined S-parameter file for  2 ports, filename:  /foss/designs/inductor_synth/palace_model/inductor2_N2_do58.36_w2.01_s2.01_data/output/inductor2_N2_do58.36_w2.01_s2.01/inductor2_N2_do58.36_w2.01_s2.01.s2p
Skipping DC extrapolation, not enough frequency points
Port de-embedding based on port geometry data
Cascading L= -2.18 pH at port 1
Cascading L= -2.18 pH at port 2
Created file with de-embedding (cascaded negative port L):  /foss/designs/inductor_synth/palace_model/inductor2_N2_do58.36_w2.01_s2.01_data/output/inductor2_N2_do58.36_w2.01_s2.01/inductor2_N2_do58.36_w2.01_s2.01_deembedded 

Found extra file with port information: /foss/designs/inductor_synth/palace_model/inductor2_N2_do61.25_w2.01_s3_data/port_information.json
Port Z0 values found: [50, 50]
Port impedance for Touchstone header:  50
Number of ports:  2
Created combined S-parameter file for  2 ports, filename:  /foss/designs/inductor_synth/palace_model/inductor2_N2_do61.25_w2.01_s3_data/output/inductor2_N2_do61.25_w2.01_s3/inductor2_N2_do61.25_w2.01_s3.s2p
Skipping DC extrapolation, not enough frequency points
Port de-embedding based on port geometry data
Cascading L= -1.82 pH at port 1
Cascading L= -1.82 pH at port 2
Created file with de-embedding (cascaded negative port L):  /foss/designs/inductor_synth/palace_model/inductor2_N2_do61.25_w2.01_s3_data/output/inductor2_N2_do61.25_w2.01_s3/inductor2_N2_do61.25_w2.01_s3_deembedded 

Found extra file with port information: /foss/designs/inductor_synth/palace_model/inductor2_N2_do64.04_w3_s2.01_data/port_information.json
Port Z0 values found: [50, 50]
Port impedance for Touchstone header:  50
Number of ports:  2
Created combined S-parameter file for  2 ports, filename:  /foss/designs/inductor_synth/palace_model/inductor2_N2_do64.04_w3_s2.01_data/output/inductor2_N2_do64.04_w3_s2.01/inductor2_N2_do64.04_w3_s2.01.s2p
Skipping DC extrapolation, not enough frequency points
Port de-embedding based on port geometry data
Cascading L= -2.18 pH at port 1
Cascading L= -2.18 pH at port 2
Created file with de-embedding (cascaded negative port L):  /foss/designs/inductor_synth/palace_model/inductor2_N2_do64.04_w3_s2.01_data/output/inductor2_N2_do64.04_w3_s2.01/inductor2_N2_do64.04_w3_s2.01_deembedded 

Found extra file with port information: /foss/designs/inductor_synth/palace_model/inductor2_N2_do65.57_w3_s2.01_data/port_information.json
Port Z0 values found: [50, 50]
Port impedance for Touchstone header:  50
Number of ports:  2
Created combined S-parameter file for  2 ports, filename:  /foss/designs/inductor_synth/palace_model/inductor2_N2_do65.57_w3_s2.01_data/output/inductor2_N2_do65.57_w3_s2.01/inductor2_N2_do65.57_w3_s2.01.s2p
Skipping DC extrapolation, not enough frequency points
Port de-embedding based on port geometry data
Cascading L= -2.18 pH at port 1
Cascading L= -2.18 pH at port 2
Created file with de-embedding (cascaded negative port L):  /foss/designs/inductor_synth/palace_model/inductor2_N2_do65.57_w3_s2.01_data/output/inductor2_N2_do65.57_w3_s2.01/inductor2_N2_do65.57_w3_s2.01_deembedded 

Found extra file with port information: /foss/designs/inductor_synth/palace_model/inductor2_N2_do66.02_w4_s2.01_data/port_information.json
Port Z0 values found: [50, 50]
Port impedance for Touchstone header:  50
Number of ports:  2
Created combined S-parameter file for  2 ports, filename:  /foss/designs/inductor_synth/palace_model/inductor2_N2_do66.02_w4_s2.01_data/output/inductor2_N2_do66.02_w4_s2.01/inductor2_N2_do66.02_w4_s2.01.s2p
Skipping DC extrapolation, not enough frequency points
Port de-embedding based on port geometry data
Cascading L= -2.18 pH at port 1
Cascading L= -2.18 pH at port 2
Created file with de-embedding (cascaded negative port L):  /foss/designs/inductor_synth/palace_model/inductor2_N2_do66.02_w4_s2.01_data/output/inductor2_N2_do66.02_w4_s2.01/inductor2_N2_do66.02_w4_s2.01_deembedded 

Found extra file with port information: /foss/designs/inductor_synth/palace_model/inductor2_N2_do69.44_w4_s2.01_data/port_information.json
Port Z0 values found: [50, 50]
Port impedance for Touchstone header:  50
Number of ports:  2
Created combined S-parameter file for  2 ports, filename:  /foss/designs/inductor_synth/palace_model/inductor2_N2_do69.44_w4_s2.01_data/output/inductor2_N2_do69.44_w4_s2.01/inductor2_N2_do69.44_w4_s2.01.s2p
Skipping DC extrapolation, not enough frequency points
Port de-embedding based on port geometry data
Cascading L= -2.18 pH at port 1
Cascading L= -2.18 pH at port 2
Created file with de-embedding (cascaded negative port L):  /foss/designs/inductor_synth/palace_model/inductor2_N2_do69.44_w4_s2.01_data/output/inductor2_N2_do69.44_w4_s2.01/inductor2_N2_do69.44_w4_s2.01_deembedded 

cp: './inductor2_N2_do58.36_w2.01_s2.01.s2p' and './inductor2_N2_do58.36_w2.01_s2.01.s2p' are the same file
cp: './inductor2_N2_do61.25_w2.01_s3.s2p' and './inductor2_N2_do61.25_w2.01_s3.s2p' are the same file
cp: './inductor2_N2_do64.04_w3_s2.01.s2p' and './inductor2_N2_do64.04_w3_s2.01.s2p' are the same file
cp: './inductor2_N2_do65.57_w3_s2.01.s2p' and './inductor2_N2_do65.57_w3_s2.01.s2p' are the same file
cp: './inductor2_N2_do66.02_w4_s2.01.s2p' and './inductor2_N2_do66.02_w4_s2.01.s2p' are the same file
cp: './inductor2_N2_do69.44_w4_s2.01.s2p' and './inductor2_N2_do69.44_w4_s2.01.s2p' are the same file
Created output file inductor2_N2_do58.36_w2.01_s2.01.gds
Reading GDSII input file: inductor2_N2_do58.36_w2.01_s2.01.gds
Pre-processing GDSII to handle cutouts and self-intersecting polygons
Using boundary condition  ['ABC', 'ABC', 'ABC', 'ABC', 'ABC', 'ABC']
Starting to create mesh file and config file
---------------------------------------------------
Wavelength in air: 15000.0 units
  meshsize_max: 70.0  units
  max_cellsize_air: 1500.0 units
---------------------------------------------------
Adding metal tags ...
Adding dielectrics ...
Adding ports ...
Dielectric  AIR  with max_cellsize_local =  70 units
Dielectric  Passive  with max_cellsize_local =  70 units
Dielectric  SiO2  with max_cellsize_local =  70 units
Dielectric  EPI  with max_cellsize_local =  70 units
Dielectric  Substrate  with max_cellsize_local =  70 units
Created output file inductor2_N2_do61.25_w2.01_s3.gds
Reading GDSII input file: inductor2_N2_do61.25_w2.01_s3.gds
Pre-processing GDSII to handle cutouts and self-intersecting polygons
Using boundary condition  ['ABC', 'ABC', 'ABC', 'ABC', 'ABC', 'ABC']
Starting to create mesh file and config file
---------------------------------------------------
Wavelength in air: 15000.0 units
  meshsize_max: 70.0  units
  max_cellsize_air: 1500.0 units
---------------------------------------------------
Adding metal tags ...
Adding dielectrics ...
Adding ports ...
Dielectric  AIR  with max_cellsize_local =  70 units
Dielectric  Passive  with max_cellsize_local =  70 units
Dielectric  SiO2  with max_cellsize_local =  70 units
Dielectric  EPI  with max_cellsize_local =  70 units
Dielectric  Substrate  with max_cellsize_local =  70 units
Created output file inductor2_N2_do64.04_w3_s2.01.gds
Reading GDSII input file: inductor2_N2_do64.04_w3_s2.01.gds
Pre-processing GDSII to handle cutouts and self-intersecting polygons
Using boundary condition  ['ABC', 'ABC', 'ABC', 'ABC', 'ABC', 'ABC']
Starting to create mesh file and config file
---------------------------------------------------
Wavelength in air: 15000.0 units
  meshsize_max: 70.0  units
  max_cellsize_air: 1500.0 units
---------------------------------------------------
Adding metal tags ...
Adding dielectrics ...
Adding ports ...
Dielectric  AIR  with max_cellsize_local =  70 units
Dielectric  Passive  with max_cellsize_local =  70 units
Dielectric  SiO2  with max_cellsize_local =  70 units
Dielectric  EPI  with max_cellsize_local =  70 units
Dielectric  Substrate  with max_cellsize_local =  70 units
Created output file inductor2_N2_do69.44_w4_s2.01.gds
Reading GDSII input file: inductor2_N2_do69.44_w4_s2.01.gds
Pre-processing GDSII to handle cutouts and self-intersecting polygons
Using boundary condition  ['ABC', 'ABC', 'ABC', 'ABC', 'ABC', 'ABC']
Starting to create mesh file and config file
---------------------------------------------------
Wavelength in air: 15000.0 units
  meshsize_max: 70.0  units
  max_cellsize_air: 1500.0 units
---------------------------------------------------
Adding metal tags ...
Adding dielectrics ...
Adding ports ...
Dielectric  AIR  with max_cellsize_local =  70 units
Dielectric  Passive  with max_cellsize_local =  70 units
Dielectric  SiO2  with max_cellsize_local =  70 units
Dielectric  EPI  with max_cellsize_local =  70 units
Dielectric  Substrate  with max_cellsize_local =  70 units


There are 4 geometries that meet your specified parameters.

Simulation will start in 10 seconds.
You can press Ctrl+C now to quit and review your specification, or wait for simulation starting in 10 seconds.
Created output file inductor2_N2_do65.57_w3_s2.01.gds
Reading GDSII input file: inductor2_N2_do65.57_w3_s2.01.gds
Pre-processing GDSII to handle cutouts and self-intersecting polygons
Using boundary condition  ['ABC', 'ABC', 'ABC', 'ABC', 'ABC', 'ABC']
Starting to create mesh file and config file
---------------------------------------------------
Wavelength in air: 15000.0 units
  meshsize_max: 70.0  units
  max_cellsize_air: 1500.0 units
---------------------------------------------------
Adding metal tags ...
Adding dielectrics ...
Adding ports ...
Dielectric  AIR  with max_cellsize_local =  70 units
Dielectric  Passive  with max_cellsize_local =  70 units
Dielectric  SiO2  with max_cellsize_local =  70 units
Dielectric  EPI  with max_cellsize_local =  70 units
Dielectric  Substrate  with max_cellsize_local =  70 units
Created output file inductor2_N2_do66.02_w4_s2.01.gds
Reading GDSII input file: inductor2_N2_do66.02_w4_s2.01.gds
Pre-processing GDSII to handle cutouts and self-intersecting polygons
Using boundary condition  ['ABC', 'ABC', 'ABC', 'ABC', 'ABC', 'ABC']
Starting to create mesh file and config file
---------------------------------------------------
Wavelength in air: 15000.0 units
  meshsize_max: 70.0  units
  max_cellsize_air: 1500.0 units
---------------------------------------------------
Adding metal tags ...
Adding dielectrics ...
Adding ports ...
Dielectric  AIR  with max_cellsize_local =  70 units
Dielectric  Passive  with max_cellsize_local =  70 units
Dielectric  SiO2  with max_cellsize_local =  70 units
Dielectric  EPI  with max_cellsize_local =  70 units
Dielectric  Substrate  with max_cellsize_local =  70 units
Created output file inductor2_N2_do61.64_w3_s2.01.gds
Reading GDSII input file: inductor2_N2_do61.64_w3_s2.01.gds
Pre-processing GDSII to handle cutouts and self-intersecting polygons
Using boundary condition  ['ABC', 'ABC', 'ABC', 'ABC', 'ABC', 'ABC']
Starting to create mesh file and config file
---------------------------------------------------
Wavelength in air: 15000.0 units
  meshsize_max: 70.0  units
  max_cellsize_air: 1500.0 units
---------------------------------------------------
Adding metal tags ...
Adding dielectrics ...
Adding ports ...
Dielectric  AIR  with max_cellsize_local =  70 units
Dielectric  Passive  with max_cellsize_local =  70 units
Dielectric  SiO2  with max_cellsize_local =  70 units
Dielectric  EPI  with max_cellsize_local =  70 units
Dielectric  Substrate  with max_cellsize_local =  70 units
Created output file inductor2_N2_do61.69_w4_s2.01.gds
Reading GDSII input file: inductor2_N2_do61.69_w4_s2.01.gds
Pre-processing GDSII to handle cutouts and self-intersecting polygons
Using boundary condition  ['ABC', 'ABC', 'ABC', 'ABC', 'ABC', 'ABC']
Starting to create mesh file and config file
---------------------------------------------------
Wavelength in air: 15000.0 units
  meshsize_max: 70.0  units
  max_cellsize_air: 1500.0 units
---------------------------------------------------
Adding metal tags ...
Adding dielectrics ...
Adding ports ...
Dielectric  AIR  with max_cellsize_local =  70 units
Dielectric  Passive  with max_cellsize_local =  70 units
Dielectric  SiO2  with max_cellsize_local =  70 units
Dielectric  EPI  with max_cellsize_local =  70 units
Dielectric  Substrate  with max_cellsize_local =  70 units
Now we have done multiple finetune steps for multiple candidates, get the best one
===============================================================================
Design goal: inductor2 L=0.4 nH @ 20.0 GHz 
INITIAL RESULTS (simulation time  54.9 seconds):
  inductor2_N2_do58.36_w2.01_s2.01: L=0.33nH Q=4.8, parameters N=2 w=2.01 s=2.01 do=64.61 -> 64.61
  inductor2_N2_do61.25_w2.01_s3: L=0.29nH Q=4.8, parameters N=2 w=2.01 s=3 do=72.06 -> 72.06
  inductor2_N2_do64.04_w3_s2.01: L=0.38nH Q=5.2, parameters N=2 w=3 s=2.01 do=65.57 -> 65.57
  inductor2_N2_do69.44_w4_s2.01: L=0.44nH Q=5.5, parameters N=2 w=4 s=2.01 do=66.02 -> 66.02
Finetune step 1 results sorted by Q factor (simulation time  467.4 seconds):
  inductor2_N2_do65.57_w3_s2.01: L=0.45nH Q=6.4, parameters N=2 w=3 s=2.01 do=61.64 -> 61.64
  inductor2_N2_do66.02_w4_s2.01: L=0.46nH Q=6.5, parameters N=2 w=4 s=2.01 do=61.69 -> 61.69
Finetune step 2 results sorted by Q factor (simulation time  8.2 seconds):
NO DATA: No results from initial sweep, no candidates for fine tune step, abort. One reason can be that simulation did not run.
