Info    : Meshing 1D...
Info    : [  0%] Meshing curve 64 (Line)
Info    : [ 10%] Meshing curve 65 (Line)
Info    : [ 10%] Meshing curve 67 (Line)
Info    : [ 10%] Meshing curve 69 (Line)
Info    : [ 10%] Meshing curve 70 (Line)
Info    : [ 10%] Meshing curve 71 (Line)
Info    : [ 10%] Meshing curve 72 (Line)
Info    : [ 10%] Meshing curve 76 (Line)
Info    : [ 10%] Meshing curve 77 (Line)
Info    : [ 10%] Meshing curve 79 (Line)
Info    : [ 10%] Meshing curve 81 (Line)
Info    : [ 10%] Meshing curve 82 (Line)
Info    : [ 10%] Meshing curve 83 (Line)
Info    : [ 10%] Meshing curve 84 (Line)
Info    : [ 10%] Meshing curve 85 (Line)
Info    : [ 10%] Meshing curve 86 (Line)
Info    : [ 10%] Meshing curve 87 (Line)
Info    : [ 10%] Meshing curve 88 (Line)
Info    : [ 10%] Meshing curve 89 (Line)
Info    : [ 10%] Meshing curve 90 (Line)
Info    : [ 10%] Meshing curve 91 (Line)
Info    : [ 10%] Meshing curve 92 (Line)
Info    : [ 10%] Meshing curve 93 (Line)
Info    : [ 10%] Meshing curve 94 (Line)
Info    : [ 10%] Meshing curve 95 (Line)
Info    : [ 10%] Meshing curve 96 (Line)
Info    : [ 10%] Meshing curve 97 (Line)
Info    : [ 10%] Meshing curve 98 (Line)
Info    : [ 10%] Meshing curve 99 (Line)
Info    : [ 10%] Meshing curve 100 (Line)
Info    : [ 10%] Meshing curve 101 (Line)
Info    : [ 10%] Meshing curve 102 (Line)
Info    : [ 10%] Meshing curve 103 (Line)
Info    : [ 20%] Meshing curve 104 (Line)
Info    : [ 20%] Meshing curve 105 (Line)
Info    : [ 20%] Meshing curve 106 (Line)
Info    : [ 20%] Meshing curve 107 (Line)
Info    : [ 20%] Meshing curve 108 (Line)
Info    : [ 20%] Meshing curve 109 (Line)
Info    : [ 20%] Meshing curve 110 (Line)
Info    : [ 20%] Meshing curve 111 (Line)
Info    : [ 20%] Meshing curve 112 (Line)
Info    : [ 20%] Meshing curve 113 (Line)
Info    : [ 20%] Meshing curve 114 (Line)
Info    : [ 20%] Meshing curve 115 (Line)
Info    : [ 20%] Meshing curve 116 (Line)
Info    : [ 20%] Meshing curve 117 (Line)
Info    : [ 20%] Meshing curve 118 (Line)
Info    : [ 20%] Meshing curve 119 (Line)
Info    : [ 20%] Meshing curve 120 (Line)
Info    : [ 20%] Meshing curve 121 (Line)
Info    : [ 20%] Meshing curve 122 (Line)
Info    : [ 20%] Meshing curve 123 (Line)
Info    : [ 20%] Meshing curve 124 (Line)
Info    : [ 20%] Meshing curve 125 (Line)
Info    : [ 20%] Meshing curve 126 (Line)
Info    : [ 20%] Meshing curve 127 (Line)
Info    : [ 20%] Meshing curve 128 (Line)
Info    : [ 20%] Meshing curve 129 (Line)
Info    : [ 20%] Meshing curve 130 (Line)
Info    : [ 20%] Meshing curve 131 (Line)
Info    : [ 20%] Meshing curve 132 (Line)
Info    : [ 20%] Meshing curve 133 (Line)
Info    : [ 20%] Meshing curve 134 (Line)
Info    : [ 20%] Meshing curve 135 (Line)
Info    : [ 20%] Meshing curve 136 (Line)
Info    : [ 30%] Meshing curve 137 (Line)
Info    : [ 30%] Meshing curve 138 (Line)
Info    : [ 30%] Meshing curve 139 (Line)
Info    : [ 30%] Meshing curve 140 (Line)
Info    : [ 30%] Meshing curve 141 (Line)
Info    : [ 30%] Meshing curve 142 (Line)
Info    : [ 30%] Meshing curve 143 (Line)
Info    : [ 30%] Meshing curve 144 (Line)
Info    : [ 30%] Meshing curve 145 (Line)
Info    : [ 30%] Meshing curve 146 (Line)
Info    : [ 30%] Meshing curve 147 (Line)
Info    : [ 30%] Meshing curve 148 (Line)
Info    : [ 30%] Meshing curve 149 (Line)
Info    : [ 30%] Meshing curve 150 (Line)
Info    : [ 30%] Meshing curve 151 (Line)
Info    : [ 30%] Meshing curve 152 (Line)
Info    : [ 30%] Meshing curve 153 (Line)
Info    : [ 30%] Meshing curve 154 (Line)
Info    : [ 30%] Meshing curve 155 (Line)
Info    : [ 30%] Meshing curve 156 (Line)
Info    : [ 30%] Meshing curve 385 (Line)
Info    : [ 30%] Meshing curve 386 (Line)
Info    : [ 30%] Meshing curve 387 (Line)
Info    : [ 30%] Meshing curve 388 (Line)
Info    : [ 30%] Meshing curve 389 (Line)
Info    : [ 30%] Meshing curve 390 (Line)
Info    : [ 30%] Meshing curve 391 (Line)
Info    : [ 30%] Meshing curve 392 (Line)
Info    : [ 30%] Meshing curve 393 (Line)
Info    : [ 30%] Meshing curve 394 (Line)
Info    : [ 30%] Meshing curve 395 (Line)
Info    : [ 30%] Meshing curve 396 (Line)
Info    : [ 40%] Meshing curve 397 (TrimmedCurve)
Info    : [ 40%] Meshing curve 398 (Line)
Info    : [ 40%] Meshing curve 399 (TrimmedCurve)
Info    : [ 40%] Meshing curve 400 (Line)
Info    : [ 40%] Meshing curve 401 (Line)
Info    : [ 40%] Meshing curve 402 (Line)
Info    : [ 40%] Meshing curve 403 (Line)
Info    : [ 40%] Meshing curve 404 (Line)
Info    : [ 40%] Meshing curve 405 (Line)
Info    : [ 40%] Meshing curve 406 (Line)
Info    : [ 40%] Meshing curve 407 (Line)
Info    : [ 40%] Meshing curve 408 (TrimmedCurve)
Info    : [ 40%] Meshing curve 409 (Line)
Info    : [ 40%] Meshing curve 410 (TrimmedCurve)
Info    : [ 40%] Meshing curve 411 (Line)
Info    : [ 40%] Meshing curve 412 (Line)
Info    : [ 40%] Meshing curve 413 (Line)
Info    : [ 40%] Meshing curve 414 (Line)
Info    : [ 40%] Meshing curve 415 (Line)
Info    : [ 40%] Meshing curve 416 (Line)
Info    : [ 40%] Meshing curve 417 (Line)
Info    : [ 40%] Meshing curve 418 (Line)
Info    : [ 40%] Meshing curve 419 (Line)
Info    : [ 40%] Meshing curve 420 (Line)
Info    : [ 40%] Meshing curve 421 (Line)
Info    : [ 40%] Meshing curve 422 (Line)
Info    : [ 40%] Meshing curve 423 (Line)
Info    : [ 40%] Meshing curve 424 (Line)
Info    : [ 40%] Meshing curve 425 (Line)
Info    : [ 40%] Meshing curve 426 (Line)
Info    : [ 40%] Meshing curve 427 (Line)
Info    : [ 40%] Meshing curve 428 (Line)
Info    : [ 40%] Meshing curve 429 (Line)
Info    : [ 50%] Meshing curve 430 (Line)
Info    : [ 50%] Meshing curve 431 (Line)
Info    : [ 50%] Meshing curve 432 (TrimmedCurve)
Info    : [ 50%] Meshing curve 433 (Line)
Info    : [ 50%] Meshing curve 434 (TrimmedCurve)
Info    : [ 50%] Meshing curve 435 (Line)
Info    : [ 50%] Meshing curve 436 (TrimmedCurve)
Info    : [ 50%] Meshing curve 437 (Line)
Info    : [ 50%] Meshing curve 438 (TrimmedCurve)
Info    : [ 50%] Meshing curve 439 (Line)
Info    : [ 50%] Meshing curve 440 (TrimmedCurve)
Info    : [ 50%] Meshing curve 441 (Line)
Info    : [ 50%] Meshing curve 442 (TrimmedCurve)
Info    : [ 50%] Meshing curve 443 (Line)
Info    : [ 50%] Meshing curve 444 (Line)
Info    : [ 50%] Meshing curve 445 (Line)
Info    : [ 50%] Meshing curve 446 (Line)
Info    : [ 50%] Meshing curve 447 (Line)
Info    : [ 50%] Meshing curve 448 (TrimmedCurve)
Info    : [ 50%] Meshing curve 449 (Line)
Info    : [ 50%] Meshing curve 450 (TrimmedCurve)
Info    : [ 50%] Meshing curve 451 (Line)
Info    : [ 50%] Meshing curve 452 (TrimmedCurve)
Info    : [ 50%] Meshing curve 453 (Line)
Info    : [ 50%] Meshing curve 454 (TrimmedCurve)
Info    : [ 50%] Meshing curve 455 (Line)
Info    : [ 50%] Meshing curve 456 (TrimmedCurve)
Info    : [ 50%] Meshing curve 457 (Line)
Info    : [ 50%] Meshing curve 458 (TrimmedCurve)
Info    : [ 50%] Meshing curve 459 (Line)
Info    : [ 50%] Meshing curve 460 (Line)
Info    : [ 50%] Meshing curve 461 (TrimmedCurve)
Info    : [ 50%] Meshing curve 462 (Line)
Info    : [ 60%] Meshing curve 463 (TrimmedCurve)
Info    : [ 60%] Meshing curve 464 (Line)
Info    : [ 60%] Meshing curve 465 (TrimmedCurve)
Info    : [ 60%] Meshing curve 466 (Line)
Info    : [ 60%] Meshing curve 467 (TrimmedCurve)
Info    : [ 60%] Meshing curve 468 (Line)
Info    : [ 60%] Meshing curve 469 (TrimmedCurve)
Info    : [ 60%] Meshing curve 470 (Line)
Info    : [ 60%] Meshing curve 471 (TrimmedCurve)
Info    : [ 60%] Meshing curve 472 (Line)
Info    : [ 60%] Meshing curve 473 (Line)
Info    : [ 60%] Meshing curve 474 (Line)
Info    : [ 60%] Meshing curve 475 (Line)
Info    : [ 60%] Meshing curve 476 (Line)
Info    : [ 60%] Meshing curve 477 (TrimmedCurve)
Info    : [ 60%] Meshing curve 478 (Line)
Info    : [ 60%] Meshing curve 479 (TrimmedCurve)
Info    : [ 60%] Meshing curve 480 (Line)
Info    : [ 60%] Meshing curve 481 (TrimmedCurve)
Info    : [ 60%] Meshing curve 482 (Line)
Info    : [ 60%] Meshing curve 483 (TrimmedCurve)
Info    : [ 60%] Meshing curve 484 (Line)
Info    : [ 60%] Meshing curve 485 (TrimmedCurve)
Info    : [ 60%] Meshing curve 486 (Line)
Info    : [ 60%] Meshing curve 487 (TrimmedCurve)
Info    : [ 60%] Meshing curve 488 (Line)
Info    : [ 60%] Meshing curve 489 (Line)
Info    : [ 60%] Meshing curve 490 (Line)
Info    : [ 60%] Meshing curve 491 (Line)
Info    : [ 60%] Meshing curve 492 (Line)
Info    : [ 60%] Meshing curve 493 (Line)
Info    : [ 60%] Meshing curve 494 (Line)
Info    : [ 70%] Meshing curve 495 (Line)
Info    : [ 70%] Meshing curve 496 (Line)
Info    : [ 70%] Meshing curve 497 (Line)
Info    : [ 70%] Meshing curve 498 (Line)
Info    : [ 70%] Meshing curve 499 (Line)
Info    : [ 70%] Meshing curve 500 (Line)
Info    : [ 70%] Meshing curve 501 (Line)
Info    : [ 70%] Meshing curve 502 (Line)
Info    : [ 70%] Meshing curve 503 (Line)
Info    : [ 70%] Meshing curve 504 (Line)
Info    : [ 70%] Meshing curve 505 (Line)
Info    : [ 70%] Meshing curve 506 (Line)
Info    : [ 70%] Meshing curve 507 (Line)
Info    : [ 70%] Meshing curve 508 (Line)
Info    : [ 70%] Meshing curve 509 (Line)
Info    : [ 70%] Meshing curve 510 (Line)
Info    : [ 70%] Meshing curve 511 (Line)
Info    : [ 70%] Meshing curve 512 (Line)
Info    : [ 70%] Meshing curve 513 (Line)
Info    : [ 70%] Meshing curve 514 (Line)
Info    : [ 70%] Meshing curve 515 (Line)
Info    : [ 70%] Meshing curve 516 (Line)
Info    : [ 70%] Meshing curve 517 (Line)
Info    : [ 70%] Meshing curve 518 (Line)
Info    : [ 70%] Meshing curve 519 (Line)
Info    : [ 70%] Meshing curve 520 (Line)
Info    : [ 70%] Meshing curve 521 (Line)
Info    : [ 70%] Meshing curve 522 (Line)
Info    : [ 70%] Meshing curve 523 (Line)
Info    : [ 70%] Meshing curve 524 (Line)
Info    : [ 70%] Meshing curve 525 (Line)
Info    : [ 70%] Meshing curve 526 (Line)
Info    : [ 70%] Meshing curve 527 (Line)
Info    : [ 80%] Meshing curve 528 (TrimmedCurve)
Info    : [ 80%] Meshing curve 529 (Line)
Info    : [ 80%] Meshing curve 530 (Line)
Info    : [ 80%] Meshing curve 531 (Line)
Info    : [ 80%] Meshing curve 532 (Line)
Info    : [ 80%] Meshing curve 533 (Line)
Info    : [ 80%] Meshing curve 534 (TrimmedCurve)
Info    : [ 80%] Meshing curve 535 (Line)
Info    : [ 80%] Meshing curve 536 (Line)
Info    : [ 80%] Meshing curve 537 (TrimmedCurve)
Info    : [ 80%] Meshing curve 538 (Line)
Info    : [ 80%] Meshing curve 539 (Line)
Info    : [ 80%] Meshing curve 540 (Line)
Info    : [ 80%] Meshing curve 541 (Line)
Info    : [ 80%] Meshing curve 542 (Line)
Info    : [ 80%] Meshing curve 543 (TrimmedCurve)
Info    : [ 80%] Meshing curve 544 (Line)
Info    : [ 80%] Meshing curve 545 (Line)
Info    : [ 80%] Meshing curve 546 (Line)
Info    : [ 80%] Meshing curve 547 (Line)
Info    : [ 80%] Meshing curve 548 (Line)
Info    : [ 80%] Meshing curve 549 (Line)
Info    : [ 80%] Meshing curve 550 (Line)
Info    : [ 80%] Meshing curve 551 (Line)
Info    : [ 80%] Meshing curve 552 (Line)
Info    : [ 80%] Meshing curve 553 (Line)
Info    : [ 80%] Meshing curve 554 (Line)
Info    : [ 80%] Meshing curve 555 (Line)
Info    : [ 80%] Meshing curve 556 (Line)
Info    : [ 80%] Meshing curve 557 (Line)
Info    : [ 80%] Meshing curve 558 (Line)
Info    : [ 80%] Meshing curve 559 (Line)
Info    : [ 90%] Meshing curve 560 (Line)
Info    : [ 90%] Meshing curve 561 (Line)
Info    : [ 90%] Meshing curve 562 (Line)
Info    : [ 90%] Meshing curve 563 (Line)
Info    : [ 90%] Meshing curve 564 (Line)
Info    : [ 90%] Meshing curve 565 (Line)
Info    : [ 90%] Meshing curve 566 (Line)
Info    : [ 90%] Meshing curve 567 (Line)
Info    : [ 90%] Meshing curve 568 (Line)
Info    : [ 90%] Meshing curve 569 (Line)
Info    : [ 90%] Meshing curve 570 (Line)
Info    : [ 90%] Meshing curve 571 (Line)
Info    : [ 90%] Meshing curve 572 (Line)
Info    : [ 90%] Meshing curve 573 (Line)
Info    : [ 90%] Meshing curve 574 (Line)
Info    : [ 90%] Meshing curve 575 (Line)
Info    : [ 90%] Meshing curve 576 (Line)
Info    : [ 90%] Meshing curve 577 (Line)
Info    : [ 90%] Meshing curve 578 (Line)
Info    : [ 90%] Meshing curve 579 (Line)
Info    : [ 90%] Meshing curve 580 (Line)
Info    : [ 90%] Meshing curve 581 (Line)
Info    : [ 90%] Meshing curve 582 (Line)
Info    : [ 90%] Meshing curve 583 (Line)
Info    : [ 90%] Meshing curve 584 (Line)
Info    : [ 90%] Meshing curve 585 (Line)
Info    : [ 90%] Meshing curve 586 (Line)
Info    : [ 90%] Meshing curve 587 (Line)
Info    : [ 90%] Meshing curve 588 (Line)
Info    : [ 90%] Meshing curve 589 (Line)
Info    : [ 90%] Meshing curve 590 (Line)
Info    : [ 90%] Meshing curve 591 (Line)
Info    : [ 90%] Meshing curve 592 (Line)
Info    : [100%] Meshing curve 593 (Line)
Info    : [100%] Meshing curve 594 (Line)
Info    : [100%] Meshing curve 595 (Line)
Info    : [100%] Meshing curve 596 (Line)
Info    : [100%] Meshing curve 597 (Line)
Info    : [100%] Meshing curve 598 (Line)
Info    : [100%] Meshing curve 599 (Line)
Info    : [100%] Meshing curve 600 (Line)
Info    : [100%] Meshing curve 601 (Line)
Info    : [100%] Meshing curve 602 (Line)
Info    : [100%] Meshing curve 603 (Line)
Info    : [100%] Meshing curve 604 (Line)
Info    : [100%] Meshing curve 605 (Line)
Info    : [100%] Meshing curve 606 (Line)
Info    : [100%] Meshing curve 607 (Line)
Info    : [100%] Meshing curve 608 (Line)
Info    : [100%] Meshing curve 609 (Line)
Info    : [100%] Meshing curve 610 (Line)
Info    : [100%] Meshing curve 611 (Line)
Info    : [100%] Meshing curve 612 (Line)
Info    : [100%] Meshing curve 613 (Line)
Info    : [100%] Meshing curve 614 (Line)
Info    : [100%] Meshing curve 615 (Line)
Info    : [100%] Meshing curve 616 (Line)
Info    : [100%] Meshing curve 617 (Line)
Info    : [100%] Meshing curve 618 (Line)
Info    : [100%] Meshing curve 619 (Line)
Info    : [100%] Meshing curve 620 (Line)
Info    : [100%] Meshing curve 621 (Line)
Info    : [100%] Meshing curve 622 (Line)
Info    : [100%] Meshing curve 623 (Line)
Info    : [100%] Meshing curve 624 (Line)
Info    : Done meshing 1D (Wall 1.88267s, CPU 1.86233s)
Info    : Meshing 2D...
Info    : [  0%] Meshing surface 35 (Plane, Delaunay)
Info    : [ 10%] Meshing surface 41 (Plane, Delaunay)
Info    : [ 10%] Meshing surface 43 (Plane, Delaunay)
Info    : [ 10%] Meshing surface 44 (Plane, Delaunay)
Info    : [ 10%] Meshing surface 45 (Plane, Delaunay)
Info    : [ 10%] Meshing surface 46 (Plane, Delaunay)
Info    : [ 10%] Meshing surface 47 (Plane, Delaunay)
Info    : [ 10%] Meshing surface 48 (Plane, Delaunay)
Info    : [ 10%] Meshing surface 49 (Plane, Delaunay)
Info    : [ 10%] Meshing surface 50 (Plane, Delaunay)
Info    : [ 10%] Meshing surface 51 (Plane, Delaunay)
Info    : [ 10%] Meshing surface 53 (Plane, Delaunay)
Info    : [ 10%] Meshing surface 54 (Plane, Delaunay)
Info    : [ 10%] Meshing surface 55 (Plane, Delaunay)
Info    : [ 10%] Meshing surface 56 (Plane, Delaunay)
Info    : [ 20%] Meshing surface 57 (Plane, Delaunay)
Info    : [ 20%] Meshing surface 58 (Plane, Delaunay)
Info    : [ 20%] Meshing surface 59 (Plane, Delaunay)
Info    : [ 20%] Meshing surface 60 (Plane, Delaunay)
Info    : [ 20%] Meshing surface 61 (Plane, Delaunay)
Info    : [ 20%] Meshing surface 62 (Plane, Delaunay)
Info    : [ 20%] Meshing surface 63 (Plane, Delaunay)
Info    : [ 20%] Meshing surface 64 (Plane, Delaunay)
Info    : [ 20%] Meshing surface 65 (Plane, Delaunay)
Info    : [ 20%] Meshing surface 66 (Plane, Delaunay)
Info    : [ 20%] Meshing surface 67 (Plane, Delaunay)
Info    : [ 20%] Meshing surface 68 (Plane, Delaunay)
Info    : [ 20%] Meshing surface 69 (Plane, Delaunay)
Info    : [ 20%] Meshing surface 70 (Plane, Delaunay)
Info    : [ 30%] Meshing surface 71 (Plane, Delaunay)
Info    : [ 30%] Meshing surface 72 (Plane, Delaunay)
Info    : [ 30%] Meshing surface 73 (Plane, Delaunay)
Info    : [ 30%] Meshing surface 74 (Plane, Delaunay)
Info    : [ 30%] Meshing surface 75 (Plane, Delaunay)
Info    : [ 30%] Meshing surface 76 (Plane, Delaunay)
Info    : [ 30%] Meshing surface 173 (Plane, Delaunay)
Info    : [ 30%] Meshing surface 174 (Plane, Delaunay)
Info    : [ 30%] Meshing surface 175 (Plane, Delaunay)
Info    : [ 30%] Meshing surface 177 (Plane, Delaunay)
Info    : [ 30%] Meshing surface 178 (Plane, Delaunay)
Info    : [ 30%] Meshing surface 179 (Plane, Delaunay)
Info    : [ 30%] Meshing surface 180 (Plane, Delaunay)
Info    : [ 30%] Meshing surface 181 (Plane, Delaunay)
Info    : [ 40%] Meshing surface 182 (Plane, Delaunay)
Info    : [ 40%] Meshing surface 183 (Plane, Delaunay)
Info    : [ 40%] Meshing surface 184 (Plane, Delaunay)
Info    : [ 40%] Meshing surface 185 (Plane, Delaunay)
Info    : [ 40%] Meshing surface 186 (Plane, Delaunay)
Info    : [ 40%] Meshing surface 187 (Plane, Delaunay)
Info    : [ 40%] Meshing surface 188 (Plane, Delaunay)
Info    : [ 40%] Meshing surface 189 (Plane, Delaunay)
Info    : [ 40%] Meshing surface 191 (Plane, Delaunay)
Info    : [ 40%] Meshing surface 192 (Plane, Delaunay)
Info    : [ 40%] Meshing surface 193 (Plane, Delaunay)
Info    : [ 40%] Meshing surface 194 (Plane, Delaunay)
Info    : [ 40%] Meshing surface 195 (Plane, Delaunay)
Info    : [ 40%] Meshing surface 196 (Plane, Delaunay)
Info    : [ 50%] Meshing surface 197 (Plane, Delaunay)
Info    : [ 50%] Meshing surface 198 (Plane, Delaunay)
Info    : [ 50%] Meshing surface 199 (Plane, Delaunay)
Info    : [ 50%] Meshing surface 200 (Plane, Delaunay)
Info    : [ 50%] Meshing surface 201 (Plane, Delaunay)
Info    : [ 50%] Meshing surface 202 (Plane, Delaunay)
Info    : [ 50%] Meshing surface 203 (Plane, Delaunay)
Info    : [ 50%] Meshing surface 204 (Plane, Delaunay)
Info    : [ 50%] Meshing surface 205 (Plane, Delaunay)
Info    : [ 50%] Meshing surface 206 (Plane, Delaunay)
Info    : [ 50%] Meshing surface 207 (Plane, Delaunay)
Info    : [ 50%] Meshing surface 208 (Plane, Delaunay)
Info    : [ 50%] Meshing surface 209 (Plane, Delaunay)
Info    : [ 50%] Meshing surface 210 (Plane, Delaunay)
Info    : [ 50%] Meshing surface 211 (Plane, Delaunay)
Info    : [ 60%] Meshing surface 212 (Plane, Delaunay)
Info    : [ 60%] Meshing surface 213 (Plane, Delaunay)
Info    : [ 60%] Meshing surface 214 (Plane, Delaunay)
Info    : [ 60%] Meshing surface 215 (Plane, Delaunay)
Info    : [ 60%] Meshing surface 216 (Plane, Delaunay)
Info    : [ 60%] Meshing surface 217 (Plane, Delaunay)
Info    : [ 60%] Meshing surface 218 (Plane, Delaunay)
Info    : [ 60%] Meshing surface 219 (Plane, Delaunay)
Info    : [ 60%] Meshing surface 220 (Plane, Delaunay)
Info    : [ 60%] Meshing surface 221 (Plane, Delaunay)
Info    : [ 60%] Meshing surface 222 (Plane, Delaunay)
Info    : [ 60%] Meshing surface 223 (Plane, Delaunay)
Info    : [ 60%] Meshing surface 225 (Plane, Delaunay)
Info    : [ 60%] Meshing surface 226 (Plane, Delaunay)
Info    : [ 70%] Meshing surface 227 (Plane, Delaunay)
Info    : [ 70%] Meshing surface 228 (Plane, Delaunay)
Info    : [ 70%] Meshing surface 229 (Plane, Delaunay)
Info    : [ 70%] Meshing surface 230 (Plane, Delaunay)
Info    : [ 70%] Meshing surface 231 (Plane, Delaunay)
Info    : [ 70%] Meshing surface 232 (Plane, Delaunay)
Info    : [ 70%] Meshing surface 233 (Plane, Delaunay)
Info    : [ 70%] Meshing surface 234 (Plane, Delaunay)
Info    : [ 70%] Meshing surface 235 (Plane, Delaunay)
Info    : [ 70%] Meshing surface 236 (Plane, Delaunay)
Info    : [ 70%] Meshing surface 237 (Plane, Delaunay)
Info    : [ 70%] Meshing surface 238 (Plane, Delaunay)
Info    : [ 70%] Meshing surface 239 (Plane, Delaunay)
Info    : [ 70%] Meshing surface 240 (Plane, Delaunay)
Info    : [ 80%] Meshing surface 241 (Plane, Delaunay)
Info    : [ 80%] Meshing surface 242 (Plane, Delaunay)
Info    : [ 80%] Meshing surface 243 (Plane, Delaunay)
Info    : [ 80%] Meshing surface 244 (Plane, Delaunay)
Info    : [ 80%] Meshing surface 245 (Plane, Delaunay)
Info    : [ 80%] Meshing surface 246 (Plane, Delaunay)
Info    : [ 80%] Meshing surface 247 (Plane, Delaunay)
Info    : [ 80%] Meshing surface 248 (Plane, Delaunay)
Info    : [ 80%] Meshing surface 249 (Plane, Delaunay)
Info    : [ 80%] Meshing surface 250 (Plane, Delaunay)
Info    : [ 80%] Meshing surface 251 (Plane, Delaunay)
Info    : [ 80%] Meshing surface 252 (Plane, Delaunay)
Info    : [ 80%] Meshing surface 253 (Plane, Delaunay)
Info    : [ 80%] Meshing surface 254 (Plane, Delaunay)
Info    : [ 90%] Meshing surface 255 (Plane, Delaunay)
Info    : [ 90%] Meshing surface 256 (Plane, Delaunay)
Info    : [ 90%] Meshing surface 257 (Plane, Delaunay)
Info    : [ 90%] Meshing surface 258 (Plane, Delaunay)
Info    : [ 90%] Meshing surface 259 (Plane, Delaunay)
Info    : [ 90%] Meshing surface 260 (Plane, Delaunay)
Info    : [ 90%] Meshing surface 261 (Plane, Delaunay)
Info    : [ 90%] Meshing surface 262 (Plane, Delaunay)
Info    : [ 90%] Meshing surface 263 (Plane, Delaunay)
Info    : [ 90%] Meshing surface 264 (Plane, Delaunay)
Info    : [ 90%] Meshing surface 265 (Plane, Delaunay)
Info    : [ 90%] Meshing surface 266 (Plane, Delaunay)
Info    : [ 90%] Meshing surface 267 (Plane, Delaunay)
Info    : [ 90%] Meshing surface 268 (Plane, Delaunay)
Info    : [100%] Meshing surface 269 (Plane, Delaunay)
Info    : [100%] Meshing surface 270 (Plane, Delaunay)
Info    : [100%] Meshing surface 271 (Plane, Delaunay)
Info    : [100%] Meshing surface 272 (Plane, Delaunay)
Info    : [100%] Meshing surface 273 (Plane, Delaunay)
Info    : [100%] Meshing surface 274 (Plane, Delaunay)
Info    : [100%] Meshing surface 275 (Plane, Delaunay)
Info    : [100%] Meshing surface 276 (Plane, Delaunay)
Info    : [100%] Meshing surface 277 (Plane, Delaunay)
Info    : [100%] Meshing surface 278 (Plane, Delaunay)
Info    : [100%] Meshing surface 279 (Plane, Delaunay)
Info    : [100%] Meshing surface 280 (Plane, Delaunay)
Info    : [100%] Meshing surface 281 (Plane, Delaunay)
Info    : [100%] Meshing surface 282 (Plane, Delaunay)
Info    : Done meshing 2D (Wall 0.637015s, CPU 0.630839s)
Info    : Meshing 3D...
Info    : 3D Meshing 16 volumes with 1 connected component
Info    : Tetrahedrizing 5792 nodes...
Info    : Done tetrahedrizing 5800 nodes (Wall 0.065237s, CPU 0.057044s)
Info    : Reconstructing mesh...
Info    :  - Creating surface mesh
Info    :  - Identifying boundary edges
Info    :  - Recovering boundary
Info    :  - Added 43 Steiner points
Info    : Done reconstructing mesh (Wall 0.232376s, CPU 0.206169s)
Info    : Found volume 27
Info    : Found volume 28
Info    : Found volume 23
Info    : Found volume 26
Info    : Found volume 11
Info    : Found volume 30
Info    : Found volume 29
Info    : Found volume 7
Info    : Found volume 6
Info    : Found volume 8
Info    : Found volume 31
Info    : Found volume 25
Info    : Found volume 24
Info    : Found volume 12
Info    : Found volume 9
Info    : Found volume 10
Info    : It. 0 - 0 nodes created - worst tet radius 14.3222 (nodes removed 0 0)
Info    : It. 500 - 0 nodes created - worst tet radius 4.60253 (nodes removed 0 500)
Info    : It. 1000 - 15 nodes created - worst tet radius 2.70945 (nodes removed 0 985)
Info    : It. 1500 - 47 nodes created - worst tet radius 1.85736 (nodes removed 0 1453)
Info    : It. 2000 - 113 nodes created - worst tet radius 1.43515 (nodes removed 0 1887)
Info    : It. 2500 - 201 nodes created - worst tet radius 1.21622 (nodes removed 1 2298)
Info    : It. 3000 - 312 nodes created - worst tet radius 1.09222 (nodes removed 3 2685)
Info    : It. 3500 - 467 nodes created - worst tet radius 1.00357 (nodes removed 3 3030)
Info    : 3D refinement terminated (6311 nodes total):
Info    :  - 4 Delaunay cavities modified for star shapeness
Info    :  - 3047 nodes could not be inserted
Info    :  - 37235 tetrahedra created in 0.169801 sec. (219285 tets/s)
Info    : 724 node relocations
Info    : Done meshing 3D (Wall 0.833067s, CPU 0.80348s)
Info    : Optimizing mesh...
Info    : Optimizing volume 6
Info    : Optimization starts (volume = 234) with worst = 0.209192 / average = 0.599769:
Info    : 0.00 < quality < 0.10 :         0 elements
Info    : 0.10 < quality < 0.20 :         0 elements
Info    : 0.20 < quality < 0.30 :        35 elements
Info    : 0.30 < quality < 0.40 :         7 elements
Info    : 0.40 < quality < 0.50 :         3 elements
Info    : 0.50 < quality < 0.60 :         6 elements
Info    : 0.60 < quality < 0.70 :        60 elements
Info    : 0.70 < quality < 0.80 :        46 elements
Info    : 0.80 < quality < 0.90 :        10 elements
Info    : 0.90 < quality < 1.00 :         1 elements
Info    : No ill-shaped tets in the mesh :-)
Info    : 0.00 < quality < 0.10 :         0 elements
Info    : 0.10 < quality < 0.20 :         0 elements
Info    : 0.20 < quality < 0.30 :        35 elements
Info    : 0.30 < quality < 0.40 :         7 elements
Info    : 0.40 < quality < 0.50 :         3 elements
Info    : 0.50 < quality < 0.60 :         6 elements
Info    : 0.60 < quality < 0.70 :        60 elements
Info    : 0.70 < quality < 0.80 :        46 elements
Info    : 0.80 < quality < 0.90 :        10 elements
Info    : 0.90 < quality < 1.00 :         1 elements
Info    : Optimizing volume 7
Info    : Optimization starts (volume = 234) with worst = 0.209192 / average = 0.599865:
Info    : 0.00 < quality < 0.10 :         0 elements
Info    : 0.10 < quality < 0.20 :         0 elements
Info    : 0.20 < quality < 0.30 :        35 elements
Info    : 0.30 < quality < 0.40 :         7 elements
Info    : 0.40 < quality < 0.50 :         3 elements
Info    : 0.50 < quality < 0.60 :         6 elements
Info    : 0.60 < quality < 0.70 :        60 elements
Info    : 0.70 < quality < 0.80 :        46 elements
Info    : 0.80 < quality < 0.90 :        10 elements
Info    : 0.90 < quality < 1.00 :         1 elements
Info    : No ill-shaped tets in the mesh :-)
Info    : 0.00 < quality < 0.10 :         0 elements
Info    : 0.10 < quality < 0.20 :         0 elements
Info    : 0.20 < quality < 0.30 :        35 elements
Info    : 0.30 < quality < 0.40 :         7 elements
Info    : 0.40 < quality < 0.50 :         3 elements
Info    : 0.50 < quality < 0.60 :         6 elements
Info    : 0.60 < quality < 0.70 :        60 elements
Info    : 0.70 < quality < 0.80 :        46 elements
Info    : 0.80 < quality < 0.90 :        10 elements
Info    : 0.90 < quality < 1.00 :         1 elements
Info    : Optimizing volume 8
Info    : Optimization starts (volume = 109.224) with worst = 0.219132 / average = 0.608138:
Info    : 0.00 < quality < 0.10 :         0 elements
Info    : 0.10 < quality < 0.20 :         0 elements
Info    : 0.20 < quality < 0.30 :         6 elements
Info    : 0.30 < quality < 0.40 :        10 elements
Info    : 0.40 < quality < 0.50 :        24 elements
Info    : 0.50 < quality < 0.60 :        14 elements
Info    : 0.60 < quality < 0.70 :        18 elements
Info    : 0.70 < quality < 0.80 :        18 elements
Info    : 0.80 < quality < 0.90 :        20 elements
Info    : 0.90 < quality < 1.00 :         4 elements
Info    : No ill-shaped tets in the mesh :-)
Info    : 0.00 < quality < 0.10 :         0 elements
Info    : 0.10 < quality < 0.20 :         0 elements
Info    : 0.20 < quality < 0.30 :         6 elements
Info    : 0.30 < quality < 0.40 :        10 elements
Info    : 0.40 < quality < 0.50 :        24 elements
Info    : 0.50 < quality < 0.60 :        14 elements
Info    : 0.60 < quality < 0.70 :        18 elements
Info    : 0.70 < quality < 0.80 :        18 elements
Info    : 0.80 < quality < 0.90 :        20 elements
Info    : 0.90 < quality < 1.00 :         4 elements
Info    : Optimizing volume 9
Info    : Optimization starts (volume = 2.268) with worst = 0.266475 / average = 0.325093:
Info    : 0.00 < quality < 0.10 :         0 elements
Info    : 0.10 < quality < 0.20 :         0 elements
Info    : 0.20 < quality < 0.30 :         4 elements
Info    : 0.30 < quality < 0.40 :         8 elements
Info    : 0.40 < quality < 0.50 :         0 elements
Info    : 0.50 < quality < 0.60 :         0 elements
Info    : 0.60 < quality < 0.70 :         0 elements
Info    : 0.70 < quality < 0.80 :         0 elements
Info    : 0.80 < quality < 0.90 :         0 elements
Info    : 0.90 < quality < 1.00 :         0 elements
Info    : No ill-shaped tets in the mesh :-)
Info    : 0.00 < quality < 0.10 :         0 elements
Info    : 0.10 < quality < 0.20 :         0 elements
Info    : 0.20 < quality < 0.30 :         4 elements
Info    : 0.30 < quality < 0.40 :         8 elements
Info    : 0.40 < quality < 0.50 :         0 elements
Info    : 0.50 < quality < 0.60 :         0 elements
Info    : 0.60 < quality < 0.70 :         0 elements
Info    : 0.70 < quality < 0.80 :         0 elements
Info    : 0.80 < quality < 0.90 :         0 elements
Info    : 0.90 < quality < 1.00 :         0 elements
Info    : Optimizing volume 10
Info    : Optimization starts (volume = 2.268) with worst = 0.266475 / average = 0.325093:
Info    : 0.00 < quality < 0.10 :         0 elements
Info    : 0.10 < quality < 0.20 :         0 elements
Info    : 0.20 < quality < 0.30 :         4 elements
Info    : 0.30 < quality < 0.40 :         8 elements
Info    : 0.40 < quality < 0.50 :         0 elements
Info    : 0.50 < quality < 0.60 :         0 elements
Info    : 0.60 < quality < 0.70 :         0 elements
Info    : 0.70 < quality < 0.80 :         0 elements
Info    : 0.80 < quality < 0.90 :         0 elements
Info    : 0.90 < quality < 1.00 :         0 elements
Info    : No ill-shaped tets in the mesh :-)
Info    : 0.00 < quality < 0.10 :         0 elements
Info    : 0.10 < quality < 0.20 :         0 elements
Info    : 0.20 < quality < 0.30 :         4 elements
Info    : 0.30 < quality < 0.40 :         8 elements
Info    : 0.40 < quality < 0.50 :         0 elements
Info    : 0.50 < quality < 0.60 :         0 elements
Info    : 0.60 < quality < 0.70 :         0 elements
Info    : 0.70 < quality < 0.80 :         0 elements
Info    : 0.80 < quality < 0.90 :         0 elements
Info    : 0.90 < quality < 1.00 :         0 elements
Info    : Optimizing volume 11
Info    : Optimization starts (volume = 2.268) with worst = 0.0280207 / average = 0.26468:
Info    : 0.00 < quality < 0.10 :         6 elements
Info    : 0.10 < quality < 0.20 :         0 elements
Info    : 0.20 < quality < 0.30 :         2 elements
Info    : 0.30 < quality < 0.40 :         7 elements
Info    : 0.40 < quality < 0.50 :         0 elements
Info    : 0.50 < quality < 0.60 :         0 elements
Info    : 0.60 < quality < 0.70 :         2 elements
Info    : 0.70 < quality < 0.80 :         0 elements
Info    : 0.80 < quality < 0.90 :         0 elements
Info    : 0.90 < quality < 1.00 :         0 elements
Info    : 1 edge swaps, 0 node relocations (volume = 2.268): worst = 0.0280207 / average = 0.278119 (Wall 8.7128e-05s, CPU 8.7e-05s)
Info    : No ill-shaped tets in the mesh :-)
Info    : 0.00 < quality < 0.10 :         6 elements
Info    : 0.10 < quality < 0.20 :         0 elements
Info    : 0.20 < quality < 0.30 :         4 elements
Info    : 0.30 < quality < 0.40 :         4 elements
Info    : 0.40 < quality < 0.50 :         0 elements
Info    : 0.50 < quality < 0.60 :         2 elements
Info    : 0.60 < quality < 0.70 :         2 elements
Info    : 0.70 < quality < 0.80 :         0 elements
Info    : 0.80 < quality < 0.90 :         0 elements
Info    : 0.90 < quality < 1.00 :         0 elements
Info    : Optimizing volume 12
Info    : Optimization starts (volume = 2.268) with worst = 0.266475 / average = 0.325093:
Info    : 0.00 < quality < 0.10 :         0 elements
Info    : 0.10 < quality < 0.20 :         0 elements
Info    : 0.20 < quality < 0.30 :         4 elements
Info    : 0.30 < quality < 0.40 :         8 elements
Info    : 0.40 < quality < 0.50 :         0 elements
Info    : 0.50 < quality < 0.60 :         0 elements
Info    : 0.60 < quality < 0.70 :         0 elements
Info    : 0.70 < quality < 0.80 :         0 elements
Info    : 0.80 < quality < 0.90 :         0 elements
Info    : 0.90 < quality < 1.00 :         0 elements
Info    : No ill-shaped tets in the mesh :-)
Info    : 0.00 < quality < 0.10 :         0 elements
Info    : 0.10 < quality < 0.20 :         0 elements
Info    : 0.20 < quality < 0.30 :         4 elements
Info    : 0.30 < quality < 0.40 :         8 elements
Info    : 0.40 < quality < 0.50 :         0 elements
Info    : 0.50 < quality < 0.60 :         0 elements
Info    : 0.60 < quality < 0.70 :         0 elements
Info    : 0.70 < quality < 0.80 :         0 elements
Info    : 0.80 < quality < 0.90 :         0 elements
Info    : 0.90 < quality < 1.00 :         0 elements
Info    : Optimizing volume 23
Info    : Optimization starts (volume = 7407.54) with worst = 0.00361961 / average = 0.150164:
Info    : 0.00 < quality < 0.10 :       190 elements
Info    : 0.10 < quality < 0.20 :      3205 elements
Info    : 0.20 < quality < 0.30 :        99 elements
Info    : 0.30 < quality < 0.40 :         2 elements
Info    : 0.40 < quality < 0.50 :         0 elements
Info    : 0.50 < quality < 0.60 :         0 elements
Info    : 0.60 < quality < 0.70 :         0 elements
Info    : 0.70 < quality < 0.80 :         0 elements
Info    : 0.80 < quality < 0.90 :         0 elements
Info    : 0.90 < quality < 1.00 :         0 elements
Info    : 279 edge swaps, 56 node relocations (volume = 7407.54): worst = 0.00361961 / average = 0.150316 (Wall 0.0244123s, CPU 0.024407s)
Info    : 284 edge swaps, 104 node relocations (volume = 7407.54): worst = 0.00361961 / average = 0.150316 (Wall 0.0434167s, CPU 0.043406s)
Info    : No ill-shaped tets in the mesh :-)
Info    : 0.00 < quality < 0.10 :       183 elements
Info    : 0.10 < quality < 0.20 :      3187 elements
Info    : 0.20 < quality < 0.30 :        96 elements
Info    : 0.30 < quality < 0.40 :         3 elements
Info    : 0.40 < quality < 0.50 :         0 elements
Info    : 0.50 < quality < 0.60 :         0 elements
Info    : 0.60 < quality < 0.70 :         0 elements
Info    : 0.70 < quality < 0.80 :         0 elements
Info    : 0.80 < quality < 0.90 :         0 elements
Info    : 0.90 < quality < 1.00 :         0 elements
Info    : Optimizing volume 24
Info    : Optimization starts (volume = 5713.14) with worst = 0.02758 / average = 0.755971:
Info    : 0.00 < quality < 0.10 :         3 elements
Info    : 0.10 < quality < 0.20 :         2 elements
Info    : 0.20 < quality < 0.30 :         7 elements
Info    : 0.30 < quality < 0.40 :        16 elements
Info    : 0.40 < quality < 0.50 :        19 elements
Info    : 0.50 < quality < 0.60 :       286 elements
Info    : 0.60 < quality < 0.70 :       273 elements
Info    : 0.70 < quality < 0.80 :       241 elements
Info    : 0.80 < quality < 0.90 :       515 elements
Info    : 0.90 < quality < 1.00 :       320 elements
Info    : 5 edge swaps, 0 node relocations (volume = 5713.14): worst = 0.263826 / average = 0.75768 (Wall 0.00043896s, CPU 0.000441s)
Info    : 7 edge swaps, 0 node relocations (volume = 5713.14): worst = 0.263826 / average = 0.757665 (Wall 0.000598051s, CPU 0.000602s)
Info    : No ill-shaped tets in the mesh :-)
Info    : 0.00 < quality < 0.10 :         0 elements
Info    : 0.10 < quality < 0.20 :         0 elements
Info    : 0.20 < quality < 0.30 :         5 elements
Info    : 0.30 < quality < 0.40 :        14 elements
Info    : 0.40 < quality < 0.50 :        19 elements
Info    : 0.50 < quality < 0.60 :       287 elements
Info    : 0.60 < quality < 0.70 :       274 elements
Info    : 0.70 < quality < 0.80 :       241 elements
Info    : 0.80 < quality < 0.90 :       514 elements
Info    : 0.90 < quality < 1.00 :       320 elements
Info    : Optimizing volume 25
Info    : Optimization starts (volume = 1739.52) with worst = 0.02758 / average = 0.732426:
Info    : 0.00 < quality < 0.10 :         2 elements
Info    : 0.10 < quality < 0.20 :         2 elements
Info    : 0.20 < quality < 0.30 :         9 elements
Info    : 0.30 < quality < 0.40 :        15 elements
Info    : 0.40 < quality < 0.50 :        16 elements
Info    : 0.50 < quality < 0.60 :        98 elements
Info    : 0.60 < quality < 0.70 :        76 elements
Info    : 0.70 < quality < 0.80 :        77 elements
Info    : 0.80 < quality < 0.90 :       158 elements
Info    : 0.90 < quality < 1.00 :        97 elements
Info    : 4 edge swaps, 0 node relocations (volume = 1739.52): worst = 0.111823 / average = 0.735036 (Wall 0.000147722s, CPU 0.000149s)
Info    : 7 edge swaps, 0 node relocations (volume = 1739.52): worst = 0.260166 / average = 0.736073 (Wall 0.00036354s, CPU 0.000363s)
Info    : No ill-shaped tets in the mesh :-)
Info    : 0.00 < quality < 0.10 :         0 elements
Info    : 0.10 < quality < 0.20 :         0 elements
Info    : 0.20 < quality < 0.30 :         9 elements
Info    : 0.30 < quality < 0.40 :        15 elements
Info    : 0.40 < quality < 0.50 :        16 elements
Info    : 0.50 < quality < 0.60 :       101 elements
Info    : 0.60 < quality < 0.70 :        75 elements
Info    : 0.70 < quality < 0.80 :        77 elements
Info    : 0.80 < quality < 0.90 :       157 elements
Info    : 0.90 < quality < 1.00 :        97 elements
Info    : Optimizing volume 26
Info    : Optimization starts (volume = 3.21602e+07) with worst = 0.0250801 / average = 0.611378:
Info    : 0.00 < quality < 0.10 :        10 elements
Info    : 0.10 < quality < 0.20 :        35 elements
Info    : 0.20 < quality < 0.30 :        47 elements
Info    : 0.30 < quality < 0.40 :       148 elements
Info    : 0.40 < quality < 0.50 :       390 elements
Info    : 0.50 < quality < 0.60 :       613 elements
Info    : 0.60 < quality < 0.70 :       515 elements
Info    : 0.70 < quality < 0.80 :       414 elements
Info    : 0.80 < quality < 0.90 :       274 elements
Info    : 0.90 < quality < 1.00 :       102 elements
Info    : 84 edge swaps, 5 node relocations (volume = 3.21602e+07): worst = 0.249683 / average = 0.627053 (Wall 0.00168079s, CPU 0.001681s)
Info    : 88 edge swaps, 6 node relocations (volume = 3.21602e+07): worst = 0.278249 / average = 0.626854 (Wall 0.00234495s, CPU 0.002344s)
Info    : 92 edge swaps, 7 node relocations (volume = 3.21602e+07): worst = 0.278249 / average = 0.627493 (Wall 0.00298553s, CPU 0.002988s)
Info    : No ill-shaped tets in the mesh :-)
Info    : 0.00 < quality < 0.10 :         0 elements
Info    : 0.10 < quality < 0.20 :         0 elements
Info    : 0.20 < quality < 0.30 :         2 elements
Info    : 0.30 < quality < 0.40 :       154 elements
Info    : 0.40 < quality < 0.50 :       376 elements
Info    : 0.50 < quality < 0.60 :       611 elements
Info    : 0.60 < quality < 0.70 :       530 elements
Info    : 0.70 < quality < 0.80 :       415 elements
Info    : 0.80 < quality < 0.90 :       277 elements
Info    : 0.90 < quality < 1.00 :       106 elements
Info    : Optimizing volume 27
Info    : Optimization starts (volume = 64320.4) with worst = 0.000837962 / average = 0.0325644:
Info    : 0.00 < quality < 0.10 :      2890 elements
Info    : 0.10 < quality < 0.20 :       243 elements
Info    : 0.20 < quality < 0.30 :         2 elements
Info    : 0.30 < quality < 0.40 :         0 elements
Info    : 0.40 < quality < 0.50 :         0 elements
Info    : 0.50 < quality < 0.60 :         0 elements
Info    : 0.60 < quality < 0.70 :         0 elements
Info    : 0.70 < quality < 0.80 :         0 elements
Info    : 0.80 < quality < 0.90 :         0 elements
Info    : 0.90 < quality < 1.00 :         0 elements
Info    : 408 edge swaps, 0 node relocations (volume = 64320.4): worst = 0.000865441 / average = 0.0313495 (Wall 0.0224878s, CPU 0.02248s)
Info    : 430 edge swaps, 0 node relocations (volume = 64320.4): worst = 0.000865441 / average = 0.0313353 (Wall 0.0487505s, CPU 0.048741s)
Warning : 2 ill-shaped tets are still in the mesh
Info    : 0.00 < quality < 0.10 :      2732 elements
Info    : 0.10 < quality < 0.20 :       185 elements
Info    : 0.20 < quality < 0.30 :         1 elements
Info    : 0.30 < quality < 0.40 :         0 elements
Info    : 0.40 < quality < 0.50 :         0 elements
Info    : 0.50 < quality < 0.60 :         0 elements
Info    : 0.60 < quality < 0.70 :         0 elements
Info    : 0.70 < quality < 0.80 :         0 elements
Info    : 0.80 < quality < 0.90 :         0 elements
Info    : 0.90 < quality < 1.00 :         0 elements
Info    : Optimizing volume 28
Info    : Optimization starts (volume = 2.514e+06) with worst = 0.000854641 / average = 0.445495:
Info    : 0.00 < quality < 0.10 :       644 elements
Info    : 0.10 < quality < 0.20 :      2739 elements
Info    : 0.20 < quality < 0.30 :      1843 elements
Info    : 0.30 < quality < 0.40 :      2001 elements
Info    : 0.40 < quality < 0.50 :      2348 elements
Info    : 0.50 < quality < 0.60 :      2294 elements
Info    : 0.60 < quality < 0.70 :      1478 elements
Info    : 0.70 < quality < 0.80 :      1287 elements
Info    : 0.80 < quality < 0.90 :      1105 elements
Info    : 0.90 < quality < 1.00 :       452 elements
Info    : 902 edge swaps, 54 node relocations (volume = 2.514e+06): worst = 0.0118793 / average = 0.458371 (Wall 0.0524207s, CPU 0.052411s)
Info    : 992 edge swaps, 74 node relocations (volume = 2.514e+06): worst = 0.0157941 / average = 0.458575 (Wall 0.10418s, CPU 0.104159s)
Info    : 1014 edge swaps, 82 node relocations (volume = 2.514e+06): worst = 0.0157941 / average = 0.45878 (Wall 0.16015s, CPU 0.160065s)
Info    : No ill-shaped tets in the mesh :-)
Info    : 0.00 < quality < 0.10 :       388 elements
Info    : 0.10 < quality < 0.20 :      2484 elements
Info    : 0.20 < quality < 0.30 :      1608 elements
Info    : 0.30 < quality < 0.40 :      2039 elements
Info    : 0.40 < quality < 0.50 :      2328 elements
Info    : 0.50 < quality < 0.60 :      2347 elements
Info    : 0.60 < quality < 0.70 :      1533 elements
Info    : 0.70 < quality < 0.80 :      1315 elements
Info    : 0.80 < quality < 0.90 :      1058 elements
Info    : 0.90 < quality < 1.00 :       431 elements
Info    : Optimizing volume 29
Info    : Optimization starts (volume = 603004) with worst = 0.0195179 / average = 0.487611:
Info    : 0.00 < quality < 0.10 :        35 elements
Info    : 0.10 < quality < 0.20 :       335 elements
Info    : 0.20 < quality < 0.30 :       580 elements
Info    : 0.30 < quality < 0.40 :       603 elements
Info    : 0.40 < quality < 0.50 :       716 elements
Info    : 0.50 < quality < 0.60 :       877 elements
Info    : 0.60 < quality < 0.70 :       894 elements
Info    : 0.70 < quality < 0.80 :       520 elements
Info    : 0.80 < quality < 0.90 :        98 elements
Info    : 0.90 < quality < 1.00 :         2 elements
Info    : 203 edge swaps, 0 node relocations (volume = 603004): worst = 0.0517619 / average = 0.49704 (Wall 0.00934705s, CPU 0.009346s)
Info    : 216 edge swaps, 0 node relocations (volume = 603004): worst = 0.0517619 / average = 0.497262 (Wall 0.0152918s, CPU 0.015289s)
Info    : No ill-shaped tets in the mesh :-)
Info    : 0.00 < quality < 0.10 :        10 elements
Info    : 0.10 < quality < 0.20 :       259 elements
Info    : 0.20 < quality < 0.30 :       524 elements
Info    : 0.30 < quality < 0.40 :       627 elements
Info    : 0.40 < quality < 0.50 :       685 elements
Info    : 0.50 < quality < 0.60 :       874 elements
Info    : 0.60 < quality < 0.70 :       887 elements
Info    : 0.70 < quality < 0.80 :       523 elements
Info    : 0.80 < quality < 0.90 :       101 elements
Info    : 0.90 < quality < 1.00 :         2 elements
Info    : Optimizing volume 30
Info    : Optimization starts (volume = 2.89442e+07) with worst = 0.0176877 / average = 0.602307:
Info    : 0.00 < quality < 0.10 :        12 elements
Info    : 0.10 < quality < 0.20 :        32 elements
Info    : 0.20 < quality < 0.30 :        72 elements
Info    : 0.30 < quality < 0.40 :       151 elements
Info    : 0.40 < quality < 0.50 :       480 elements
Info    : 0.50 < quality < 0.60 :       771 elements
Info    : 0.60 < quality < 0.70 :       606 elements
Info    : 0.70 < quality < 0.80 :       493 elements
Info    : 0.80 < quality < 0.90 :       261 elements
Info    : 0.90 < quality < 1.00 :        86 elements
Info    : 102 edge swaps, 7 node relocations (volume = 2.89442e+07): worst = 0.103569 / average = 0.61722 (Wall 0.00206169s, CPU 0.002065s)
Info    : 105 edge swaps, 8 node relocations (volume = 2.89442e+07): worst = 0.103569 / average = 0.61734 (Wall 0.00242268s, CPU 0.00243s)
Info    : No ill-shaped tets in the mesh :-)
Info    : 0.00 < quality < 0.10 :         0 elements
Info    : 0.10 < quality < 0.20 :         1 elements
Info    : 0.20 < quality < 0.30 :         8 elements
Info    : 0.30 < quality < 0.40 :       162 elements
Info    : 0.40 < quality < 0.50 :       473 elements
Info    : 0.50 < quality < 0.60 :       774 elements
Info    : 0.60 < quality < 0.70 :       614 elements
Info    : 0.70 < quality < 0.80 :       490 elements
Info    : 0.80 < quality < 0.90 :       268 elements
Info    : 0.90 < quality < 1.00 :        90 elements
Info    : Optimizing volume 31
Info    : Optimization starts (volume = 6.11693e+07) with worst = 0.00808329 / average = 0.534032:
Info    : 0.00 < quality < 0.10 :       111 elements
Info    : 0.10 < quality < 0.20 :        56 elements
Info    : 0.20 < quality < 0.30 :        63 elements
Info    : 0.30 < quality < 0.40 :        93 elements
Info    : 0.40 < quality < 0.50 :       195 elements
Info    : 0.50 < quality < 0.60 :       344 elements
Info    : 0.60 < quality < 0.70 :       331 elements
Info    : 0.70 < quality < 0.80 :       184 elements
Info    : 0.80 < quality < 0.90 :        81 elements
Info    : 0.90 < quality < 1.00 :        48 elements
Info    : 51 edge swaps, 0 node relocations (volume = 6.11693e+07): worst = 0.00808329 / average = 0.543145 (Wall 0.00387925s, CPU 0.003914s)
Info    : 57 edge swaps, 0 node relocations (volume = 6.11693e+07): worst = 0.00808329 / average = 0.543516 (Wall 0.00674709s, CPU 0.006778s)
Info    : No ill-shaped tets in the mesh :-)
Info    : 0.00 < quality < 0.10 :       104 elements
Info    : 0.10 < quality < 0.20 :        48 elements
Info    : 0.20 < quality < 0.30 :        32 elements
Info    : 0.30 < quality < 0.40 :        96 elements
Info    : 0.40 < quality < 0.50 :       192 elements
Info    : 0.50 < quality < 0.60 :       352 elements
Info    : 0.60 < quality < 0.70 :       316 elements
Info    : 0.70 < quality < 0.80 :       183 elements
Info    : 0.80 < quality < 0.90 :        85 elements
Info    : 0.90 < quality < 1.00 :        48 elements
Info    : Done optimizing mesh (Wall 0.354011s, CPU 0.353889s)
Info    : 6311 nodes 50123 elements
Warning : ------------------------------
Warning : Mesh generation error summary
Warning :     1 warning
Warning :     0 errors
Warning : Check the full log for details
Warning : ------------------------------
Info    : Writing '/foss/designs/inductor_synth/palace_model/inductor2_N2_do135.5_w6_s3_data/inductor2_N2_do135.5_w6_s3.msh'...
Info    : Done writing '/foss/designs/inductor_synth/palace_model/inductor2_N2_do135.5_w6_s3_data/inductor2_N2_do135.5_w6_s3.msh'
Info    : Clearing all models and views...
Info    : Done clearing all models and views
Info    : Meshing 1D...
Info    : [  0%] Meshing curve 64 (Line)
Info    : [ 10%] Meshing curve 65 (Line)
Info    : [ 10%] Meshing curve 67 (Line)
Info    : [ 10%] Meshing curve 69 (Line)
Info    : [ 10%] Meshing curve 70 (Line)
Info    : [ 10%] Meshing curve 71 (Line)
Info    : [ 10%] Meshing curve 72 (Line)
Info    : [ 10%] Meshing curve 76 (Line)
Info    : [ 10%] Meshing curve 77 (Line)
Info    : [ 10%] Meshing curve 79 (Line)
Info    : [ 10%] Meshing curve 81 (Line)
Info    : [ 10%] Meshing curve 82 (Line)
Info    : [ 10%] Meshing curve 83 (Line)
Info    : [ 10%] Meshing curve 84 (Line)
Info    : [ 10%] Meshing curve 85 (Line)
Info    : [ 10%] Meshing curve 86 (Line)
Info    : [ 10%] Meshing curve 87 (Line)
Info    : [ 10%] Meshing curve 88 (Line)
Info    : [ 10%] Meshing curve 89 (Line)
Info    : [ 10%] Meshing curve 90 (Line)
Info    : [ 10%] Meshing curve 91 (Line)
Info    : [ 10%] Meshing curve 92 (Line)
Info    : [ 10%] Meshing curve 93 (Line)
Info    : [ 10%] Meshing curve 94 (Line)
Info    : [ 10%] Meshing curve 95 (Line)
Info    : [ 10%] Meshing curve 96 (Line)
Info    : [ 10%] Meshing curve 97 (Line)
Info    : [ 10%] Meshing curve 98 (Line)
Info    : [ 10%] Meshing curve 99 (Line)
Info    : [ 10%] Meshing curve 100 (Line)
Info    : [ 10%] Meshing curve 101 (Line)
Info    : [ 10%] Meshing curve 102 (Line)
Info    : [ 10%] Meshing curve 103 (Line)
Info    : [ 20%] Meshing curve 104 (Line)
Info    : [ 20%] Meshing curve 105 (Line)
Info    : [ 20%] Meshing curve 106 (Line)
Info    : [ 20%] Meshing curve 107 (Line)
Info    : [ 20%] Meshing curve 108 (Line)
Info    : [ 20%] Meshing curve 109 (Line)
Info    : [ 20%] Meshing curve 110 (Line)
Info    : [ 20%] Meshing curve 111 (Line)
Info    : [ 20%] Meshing curve 112 (Line)
Info    : [ 20%] Meshing curve 113 (Line)
Info    : [ 20%] Meshing curve 114 (Line)
Info    : [ 20%] Meshing curve 115 (Line)
Info    : [ 20%] Meshing curve 116 (Line)
Info    : [ 20%] Meshing curve 117 (Line)
Info    : [ 20%] Meshing curve 118 (Line)
Info    : [ 20%] Meshing curve 119 (Line)
Info    : [ 20%] Meshing curve 120 (Line)
Info    : [ 20%] Meshing curve 121 (Line)
Info    : [ 20%] Meshing curve 122 (Line)
Info    : [ 20%] Meshing curve 123 (Line)
Info    : [ 20%] Meshing curve 124 (Line)
Info    : [ 20%] Meshing curve 125 (Line)
Info    : [ 20%] Meshing curve 126 (Line)
Info    : [ 20%] Meshing curve 127 (Line)
Info    : [ 20%] Meshing curve 128 (Line)
Info    : [ 20%] Meshing curve 129 (Line)
Info    : [ 20%] Meshing curve 130 (Line)
Info    : [ 20%] Meshing curve 131 (Line)
Info    : [ 20%] Meshing curve 132 (Line)
Info    : [ 20%] Meshing curve 133 (Line)
Info    : [ 20%] Meshing curve 134 (Line)
Info    : [ 20%] Meshing curve 135 (Line)
Info    : [ 20%] Meshing curve 136 (Line)
Info    : [ 30%] Meshing curve 137 (Line)
Info    : [ 30%] Meshing curve 138 (Line)
Info    : [ 30%] Meshing curve 139 (Line)
Info    : [ 30%] Meshing curve 140 (Line)
Info    : [ 30%] Meshing curve 141 (Line)
Info    : [ 30%] Meshing curve 142 (Line)
Info    : [ 30%] Meshing curve 143 (Line)
Info    : [ 30%] Meshing curve 144 (Line)
Info    : [ 30%] Meshing curve 145 (Line)
Info    : [ 30%] Meshing curve 146 (Line)
Info    : [ 30%] Meshing curve 147 (Line)
Info    : [ 30%] Meshing curve 148 (Line)
Info    : [ 30%] Meshing curve 149 (Line)
Info    : [ 30%] Meshing curve 150 (Line)
Info    : [ 30%] Meshing curve 151 (Line)
Info    : [ 30%] Meshing curve 152 (Line)
Info    : [ 30%] Meshing curve 153 (Line)
Info    : [ 30%] Meshing curve 154 (Line)
Info    : [ 30%] Meshing curve 155 (Line)
Info    : [ 30%] Meshing curve 156 (Line)
Info    : [ 30%] Meshing curve 385 (Line)
Info    : [ 30%] Meshing curve 386 (Line)
Info    : [ 30%] Meshing curve 387 (Line)
Info    : [ 30%] Meshing curve 388 (Line)
Info    : [ 30%] Meshing curve 389 (Line)
Info    : [ 30%] Meshing curve 390 (Line)
Info    : [ 30%] Meshing curve 391 (Line)
Info    : [ 30%] Meshing curve 392 (Line)
Info    : [ 30%] Meshing curve 393 (Line)
Info    : [ 30%] Meshing curve 394 (Line)
Info    : [ 30%] Meshing curve 395 (Line)
Info    : [ 30%] Meshing curve 396 (Line)
Info    : [ 40%] Meshing curve 397 (TrimmedCurve)
Info    : [ 40%] Meshing curve 398 (Line)
Info    : [ 40%] Meshing curve 399 (TrimmedCurve)
Info    : [ 40%] Meshing curve 400 (Line)
Info    : [ 40%] Meshing curve 401 (Line)
Info    : [ 40%] Meshing curve 402 (Line)
Info    : [ 40%] Meshing curve 403 (Line)
Info    : [ 40%] Meshing curve 404 (Line)
Info    : [ 40%] Meshing curve 405 (Line)
Info    : [ 40%] Meshing curve 406 (Line)
Info    : [ 40%] Meshing curve 407 (Line)
Info    : [ 40%] Meshing curve 408 (TrimmedCurve)
Info    : [ 40%] Meshing curve 409 (Line)
Info    : [ 40%] Meshing curve 410 (TrimmedCurve)
Info    : [ 40%] Meshing curve 411 (Line)
Info    : [ 40%] Meshing curve 412 (Line)
Info    : [ 40%] Meshing curve 413 (Line)
Info    : [ 40%] Meshing curve 414 (Line)
Info    : [ 40%] Meshing curve 415 (Line)
Info    : [ 40%] Meshing curve 416 (Line)
Info    : [ 40%] Meshing curve 417 (Line)
Info    : [ 40%] Meshing curve 418 (Line)
Info    : [ 40%] Meshing curve 419 (Line)
Info    : [ 40%] Meshing curve 420 (Line)
Info    : [ 40%] Meshing curve 421 (Line)
Info    : [ 40%] Meshing curve 422 (Line)
Info    : [ 40%] Meshing curve 423 (Line)
Info    : [ 40%] Meshing curve 424 (Line)
Info    : [ 40%] Meshing curve 425 (Line)
Info    : [ 40%] Meshing curve 426 (Line)
Info    : [ 40%] Meshing curve 427 (Line)
Info    : [ 40%] Meshing curve 428 (Line)
Info    : [ 40%] Meshing curve 429 (Line)
Info    : [ 50%] Meshing curve 430 (Line)
Info    : [ 50%] Meshing curve 431 (Line)
Info    : [ 50%] Meshing curve 432 (TrimmedCurve)
Info    : [ 50%] Meshing curve 433 (Line)
Info    : [ 50%] Meshing curve 434 (TrimmedCurve)
Info    : [ 50%] Meshing curve 435 (Line)
Info    : [ 50%] Meshing curve 436 (TrimmedCurve)
Info    : [ 50%] Meshing curve 437 (Line)
Info    : [ 50%] Meshing curve 438 (TrimmedCurve)
Info    : [ 50%] Meshing curve 439 (Line)
Info    : [ 50%] Meshing curve 440 (TrimmedCurve)
Info    : [ 50%] Meshing curve 441 (Line)
Info    : [ 50%] Meshing curve 442 (TrimmedCurve)
Info    : [ 50%] Meshing curve 443 (Line)
Info    : [ 50%] Meshing curve 444 (Line)
Info    : [ 50%] Meshing curve 445 (Line)
Info    : [ 50%] Meshing curve 446 (Line)
Info    : [ 50%] Meshing curve 447 (Line)
Info    : [ 50%] Meshing curve 448 (TrimmedCurve)
Info    : [ 50%] Meshing curve 449 (Line)
Info    : [ 50%] Meshing curve 450 (TrimmedCurve)
Info    : [ 50%] Meshing curve 451 (Line)
Info    : [ 50%] Meshing curve 452 (TrimmedCurve)
Info    : [ 50%] Meshing curve 453 (Line)
Info    : [ 50%] Meshing curve 454 (TrimmedCurve)
Info    : [ 50%] Meshing curve 455 (Line)
Info    : [ 50%] Meshing curve 456 (TrimmedCurve)
Info    : [ 50%] Meshing curve 457 (Line)
Info    : [ 50%] Meshing curve 458 (TrimmedCurve)
Info    : [ 50%] Meshing curve 459 (Line)
Info    : [ 50%] Meshing curve 460 (Line)
Info    : [ 50%] Meshing curve 461 (TrimmedCurve)
Info    : [ 50%] Meshing curve 462 (Line)
Info    : [ 60%] Meshing curve 463 (TrimmedCurve)
Info    : [ 60%] Meshing curve 464 (Line)
Info    : [ 60%] Meshing curve 465 (TrimmedCurve)
Info    : [ 60%] Meshing curve 466 (Line)
Info    : [ 60%] Meshing curve 467 (TrimmedCurve)
Info    : [ 60%] Meshing curve 468 (Line)
Info    : [ 60%] Meshing curve 469 (TrimmedCurve)
Info    : [ 60%] Meshing curve 470 (Line)
Info    : [ 60%] Meshing curve 471 (TrimmedCurve)
Info    : [ 60%] Meshing curve 472 (Line)
Info    : [ 60%] Meshing curve 473 (Line)
Info    : [ 60%] Meshing curve 474 (Line)
Info    : [ 60%] Meshing curve 475 (Line)
Info    : [ 60%] Meshing curve 476 (Line)
Info    : [ 60%] Meshing curve 477 (TrimmedCurve)
Info    : [ 60%] Meshing curve 478 (Line)
Info    : [ 60%] Meshing curve 479 (TrimmedCurve)
Info    : [ 60%] Meshing curve 480 (Line)
Info    : [ 60%] Meshing curve 481 (TrimmedCurve)
Info    : [ 60%] Meshing curve 482 (Line)
Info    : [ 60%] Meshing curve 483 (TrimmedCurve)
Info    : [ 60%] Meshing curve 484 (Line)
Info    : [ 60%] Meshing curve 485 (TrimmedCurve)
Info    : [ 60%] Meshing curve 486 (Line)
Info    : [ 60%] Meshing curve 487 (TrimmedCurve)
Info    : [ 60%] Meshing curve 488 (Line)
Info    : [ 60%] Meshing curve 489 (Line)
Info    : [ 60%] Meshing curve 490 (Line)
Info    : [ 60%] Meshing curve 491 (Line)
Info    : [ 60%] Meshing curve 492 (Line)
Info    : [ 60%] Meshing curve 493 (Line)
Info    : [ 60%] Meshing curve 494 (Line)
Info    : [ 70%] Meshing curve 495 (Line)
Info    : [ 70%] Meshing curve 496 (Line)
Info    : [ 70%] Meshing curve 497 (Line)
Info    : [ 70%] Meshing curve 498 (Line)
Info    : [ 70%] Meshing curve 499 (Line)
Info    : [ 70%] Meshing curve 500 (Line)
Info    : [ 70%] Meshing curve 501 (Line)
Info    : [ 70%] Meshing curve 502 (Line)
Info    : [ 70%] Meshing curve 503 (Line)
Info    : [ 70%] Meshing curve 504 (Line)
Info    : [ 70%] Meshing curve 505 (Line)
Info    : [ 70%] Meshing curve 506 (Line)
Info    : [ 70%] Meshing curve 507 (Line)
Info    : [ 70%] Meshing curve 508 (Line)
Info    : [ 70%] Meshing curve 509 (Line)
Info    : [ 70%] Meshing curve 510 (Line)
Info    : [ 70%] Meshing curve 511 (Line)
Info    : [ 70%] Meshing curve 512 (Line)
Info    : [ 70%] Meshing curve 513 (Line)
Info    : [ 70%] Meshing curve 514 (Line)
Info    : [ 70%] Meshing curve 515 (Line)
Info    : [ 70%] Meshing curve 516 (Line)
Info    : [ 70%] Meshing curve 517 (Line)
Info    : [ 70%] Meshing curve 518 (Line)
Info    : [ 70%] Meshing curve 519 (Line)
Info    : [ 70%] Meshing curve 520 (Line)
Info    : [ 70%] Meshing curve 521 (Line)
Info    : [ 70%] Meshing curve 522 (Line)
Info    : [ 70%] Meshing curve 523 (Line)
Info    : [ 70%] Meshing curve 524 (Line)
Info    : [ 70%] Meshing curve 525 (Line)
Info    : [ 70%] Meshing curve 526 (Line)
Info    : [ 70%] Meshing curve 527 (Line)
Info    : [ 80%] Meshing curve 528 (TrimmedCurve)
Info    : [ 80%] Meshing curve 529 (Line)
Info    : [ 80%] Meshing curve 530 (Line)
Info    : [ 80%] Meshing curve 531 (Line)
Info    : [ 80%] Meshing curve 532 (Line)
Info    : [ 80%] Meshing curve 533 (Line)
Info    : [ 80%] Meshing curve 534 (TrimmedCurve)
Info    : [ 80%] Meshing curve 535 (Line)
Info    : [ 80%] Meshing curve 536 (Line)
Info    : [ 80%] Meshing curve 537 (TrimmedCurve)
Info    : [ 80%] Meshing curve 538 (Line)
Info    : [ 80%] Meshing curve 539 (Line)
Info    : [ 80%] Meshing curve 540 (Line)
Info    : [ 80%] Meshing curve 541 (Line)
Info    : [ 80%] Meshing curve 542 (Line)
Info    : [ 80%] Meshing curve 543 (TrimmedCurve)
Info    : [ 80%] Meshing curve 544 (Line)
Info    : [ 80%] Meshing curve 545 (Line)
Info    : [ 80%] Meshing curve 546 (Line)
Info    : [ 80%] Meshing curve 547 (Line)
Info    : [ 80%] Meshing curve 548 (Line)
Info    : [ 80%] Meshing curve 549 (Line)
Info    : [ 80%] Meshing curve 550 (Line)
Info    : [ 80%] Meshing curve 551 (Line)
Info    : [ 80%] Meshing curve 552 (Line)
Info    : [ 80%] Meshing curve 553 (Line)
Info    : [ 80%] Meshing curve 554 (Line)
Info    : [ 80%] Meshing curve 555 (Line)
Info    : [ 80%] Meshing curve 556 (Line)
Info    : [ 80%] Meshing curve 557 (Line)
Info    : [ 80%] Meshing curve 558 (Line)
Info    : [ 80%] Meshing curve 559 (Line)
Info    : [ 90%] Meshing curve 560 (Line)
Info    : [ 90%] Meshing curve 561 (Line)
Info    : [ 90%] Meshing curve 562 (Line)
Info    : [ 90%] Meshing curve 563 (Line)
Info    : [ 90%] Meshing curve 564 (Line)
Info    : [ 90%] Meshing curve 565 (Line)
Info    : [ 90%] Meshing curve 566 (Line)
Info    : [ 90%] Meshing curve 567 (Line)
Info    : [ 90%] Meshing curve 568 (Line)
Info    : [ 90%] Meshing curve 569 (Line)
Info    : [ 90%] Meshing curve 570 (Line)
Info    : [ 90%] Meshing curve 571 (Line)
Info    : [ 90%] Meshing curve 572 (Line)
Info    : [ 90%] Meshing curve 573 (Line)
Info    : [ 90%] Meshing curve 574 (Line)
Info    : [ 90%] Meshing curve 575 (Line)
Info    : [ 90%] Meshing curve 576 (Line)
Info    : [ 90%] Meshing curve 577 (Line)
Info    : [ 90%] Meshing curve 578 (Line)
Info    : [ 90%] Meshing curve 579 (Line)
Info    : [ 90%] Meshing curve 580 (Line)
Info    : [ 90%] Meshing curve 581 (Line)
Info    : [ 90%] Meshing curve 582 (Line)
Info    : [ 90%] Meshing curve 583 (Line)
Info    : [ 90%] Meshing curve 584 (Line)
Info    : [ 90%] Meshing curve 585 (Line)
Info    : [ 90%] Meshing curve 586 (Line)
Info    : [ 90%] Meshing curve 587 (Line)
Info    : [ 90%] Meshing curve 588 (Line)
Info    : [ 90%] Meshing curve 589 (Line)
Info    : [ 90%] Meshing curve 590 (Line)
Info    : [ 90%] Meshing curve 591 (Line)
Info    : [ 90%] Meshing curve 592 (Line)
Info    : [100%] Meshing curve 593 (Line)
Info    : [100%] Meshing curve 594 (Line)
Info    : [100%] Meshing curve 595 (Line)
Info    : [100%] Meshing curve 596 (Line)
Info    : [100%] Meshing curve 597 (Line)
Info    : [100%] Meshing curve 598 (Line)
Info    : [100%] Meshing curve 599 (Line)
Info    : [100%] Meshing curve 600 (Line)
Info    : [100%] Meshing curve 601 (Line)
Info    : [100%] Meshing curve 602 (Line)
Info    : [100%] Meshing curve 603 (Line)
Info    : [100%] Meshing curve 604 (Line)
Info    : [100%] Meshing curve 605 (Line)
Info    : [100%] Meshing curve 606 (Line)
Info    : [100%] Meshing curve 607 (Line)
Info    : [100%] Meshing curve 608 (Line)
Info    : [100%] Meshing curve 609 (Line)
Info    : [100%] Meshing curve 610 (Line)
Info    : [100%] Meshing curve 611 (Line)
Info    : [100%] Meshing curve 612 (Line)
Info    : [100%] Meshing curve 613 (Line)
Info    : [100%] Meshing curve 614 (Line)
Info    : [100%] Meshing curve 615 (Line)
Info    : [100%] Meshing curve 616 (Line)
Info    : [100%] Meshing curve 617 (Line)
Info    : [100%] Meshing curve 618 (Line)
Info    : [100%] Meshing curve 619 (Line)
Info    : [100%] Meshing curve 620 (Line)
Info    : [100%] Meshing curve 621 (Line)
Info    : [100%] Meshing curve 622 (Line)
Info    : [100%] Meshing curve 623 (Line)
Info    : [100%] Meshing curve 624 (Line)
Info    : Done meshing 1D (Wall 1.96073s, CPU 1.95515s)
Info    : Meshing 2D...
Info    : [  0%] Meshing surface 35 (Plane, Delaunay)
Info    : [ 10%] Meshing surface 41 (Plane, Delaunay)
Info    : [ 10%] Meshing surface 43 (Plane, Delaunay)
Info    : [ 10%] Meshing surface 44 (Plane, Delaunay)
Info    : [ 10%] Meshing surface 45 (Plane, Delaunay)
Info    : [ 10%] Meshing surface 46 (Plane, Delaunay)
Info    : [ 10%] Meshing surface 47 (Plane, Delaunay)
Info    : [ 10%] Meshing surface 48 (Plane, Delaunay)
Info    : [ 10%] Meshing surface 49 (Plane, Delaunay)
Info    : [ 10%] Meshing surface 50 (Plane, Delaunay)
Info    : [ 10%] Meshing surface 51 (Plane, Delaunay)
Info    : [ 10%] Meshing surface 53 (Plane, Delaunay)
Info    : [ 10%] Meshing surface 54 (Plane, Delaunay)
Info    : [ 10%] Meshing surface 55 (Plane, Delaunay)
Info    : [ 10%] Meshing surface 56 (Plane, Delaunay)
Info    : [ 20%] Meshing surface 57 (Plane, Delaunay)
Info    : [ 20%] Meshing surface 58 (Plane, Delaunay)
Info    : [ 20%] Meshing surface 59 (Plane, Delaunay)
Info    : [ 20%] Meshing surface 60 (Plane, Delaunay)
Info    : [ 20%] Meshing surface 61 (Plane, Delaunay)
Info    : [ 20%] Meshing surface 62 (Plane, Delaunay)
Info    : [ 20%] Meshing surface 63 (Plane, Delaunay)
Info    : [ 20%] Meshing surface 64 (Plane, Delaunay)
Info    : [ 20%] Meshing surface 65 (Plane, Delaunay)
Info    : [ 20%] Meshing surface 66 (Plane, Delaunay)
Info    : [ 20%] Meshing surface 67 (Plane, Delaunay)
Info    : [ 20%] Meshing surface 68 (Plane, Delaunay)
Info    : [ 20%] Meshing surface 69 (Plane, Delaunay)
Info    : [ 20%] Meshing surface 70 (Plane, Delaunay)
Info    : [ 30%] Meshing surface 71 (Plane, Delaunay)
Info    : [ 30%] Meshing surface 72 (Plane, Delaunay)
Info    : [ 30%] Meshing surface 73 (Plane, Delaunay)
Info    : [ 30%] Meshing surface 74 (Plane, Delaunay)
Info    : [ 30%] Meshing surface 75 (Plane, Delaunay)
Info    : [ 30%] Meshing surface 76 (Plane, Delaunay)
Info    : [ 30%] Meshing surface 173 (Plane, Delaunay)
Info    : [ 30%] Meshing surface 174 (Plane, Delaunay)
Info    : [ 30%] Meshing surface 175 (Plane, Delaunay)
Info    : [ 30%] Meshing surface 177 (Plane, Delaunay)
Info    : [ 30%] Meshing surface 178 (Plane, Delaunay)
Info    : [ 30%] Meshing surface 179 (Plane, Delaunay)
Info    : [ 30%] Meshing surface 180 (Plane, Delaunay)
Info    : [ 30%] Meshing surface 181 (Plane, Delaunay)
Info    : [ 40%] Meshing surface 182 (Plane, Delaunay)
Info    : [ 40%] Meshing surface 183 (Plane, Delaunay)
Info    : [ 40%] Meshing surface 184 (Plane, Delaunay)
Info    : [ 40%] Meshing surface 185 (Plane, Delaunay)
Info    : [ 40%] Meshing surface 186 (Plane, Delaunay)
Info    : [ 40%] Meshing surface 187 (Plane, Delaunay)
Info    : [ 40%] Meshing surface 188 (Plane, Delaunay)
Info    : [ 40%] Meshing surface 189 (Plane, Delaunay)
Info    : [ 40%] Meshing surface 191 (Plane, Delaunay)
Info    : [ 40%] Meshing surface 192 (Plane, Delaunay)
Info    : [ 40%] Meshing surface 193 (Plane, Delaunay)
Info    : [ 40%] Meshing surface 194 (Plane, Delaunay)
Info    : [ 40%] Meshing surface 195 (Plane, Delaunay)
Info    : [ 40%] Meshing surface 196 (Plane, Delaunay)
Info    : [ 50%] Meshing surface 197 (Plane, Delaunay)
Info    : [ 50%] Meshing surface 198 (Plane, Delaunay)
Info    : [ 50%] Meshing surface 199 (Plane, Delaunay)
Info    : [ 50%] Meshing surface 200 (Plane, Delaunay)
Info    : [ 50%] Meshing surface 201 (Plane, Delaunay)
Info    : [ 50%] Meshing surface 202 (Plane, Delaunay)
Info    : [ 50%] Meshing surface 203 (Plane, Delaunay)
Info    : [ 50%] Meshing surface 204 (Plane, Delaunay)
Info    : [ 50%] Meshing surface 205 (Plane, Delaunay)
Info    : [ 50%] Meshing surface 206 (Plane, Delaunay)
Info    : [ 50%] Meshing surface 207 (Plane, Delaunay)
Info    : [ 50%] Meshing surface 208 (Plane, Delaunay)
Info    : [ 50%] Meshing surface 209 (Plane, Delaunay)
Info    : [ 50%] Meshing surface 210 (Plane, Delaunay)
Info    : [ 50%] Meshing surface 211 (Plane, Delaunay)
Info    : [ 60%] Meshing surface 212 (Plane, Delaunay)
Info    : [ 60%] Meshing surface 213 (Plane, Delaunay)
Info    : [ 60%] Meshing surface 214 (Plane, Delaunay)
Info    : [ 60%] Meshing surface 215 (Plane, Delaunay)
Info    : [ 60%] Meshing surface 216 (Plane, Delaunay)
Info    : [ 60%] Meshing surface 217 (Plane, Delaunay)
Info    : [ 60%] Meshing surface 218 (Plane, Delaunay)
Info    : [ 60%] Meshing surface 219 (Plane, Delaunay)
Info    : [ 60%] Meshing surface 220 (Plane, Delaunay)
Info    : [ 60%] Meshing surface 221 (Plane, Delaunay)
Info    : [ 60%] Meshing surface 222 (Plane, Delaunay)
Info    : [ 60%] Meshing surface 223 (Plane, Delaunay)
Info    : [ 60%] Meshing surface 225 (Plane, Delaunay)
Info    : [ 60%] Meshing surface 226 (Plane, Delaunay)
Info    : [ 70%] Meshing surface 227 (Plane, Delaunay)
Info    : [ 70%] Meshing surface 228 (Plane, Delaunay)
Info    : [ 70%] Meshing surface 229 (Plane, Delaunay)
Info    : [ 70%] Meshing surface 230 (Plane, Delaunay)
Info    : [ 70%] Meshing surface 231 (Plane, Delaunay)
Info    : [ 70%] Meshing surface 232 (Plane, Delaunay)
Info    : [ 70%] Meshing surface 233 (Plane, Delaunay)
Info    : [ 70%] Meshing surface 234 (Plane, Delaunay)
Info    : [ 70%] Meshing surface 235 (Plane, Delaunay)
Info    : [ 70%] Meshing surface 236 (Plane, Delaunay)
Info    : [ 70%] Meshing surface 237 (Plane, Delaunay)
Info    : [ 70%] Meshing surface 238 (Plane, Delaunay)
Info    : [ 70%] Meshing surface 239 (Plane, Delaunay)
Info    : [ 70%] Meshing surface 240 (Plane, Delaunay)
Info    : [ 80%] Meshing surface 241 (Plane, Delaunay)
Info    : [ 80%] Meshing surface 242 (Plane, Delaunay)
Info    : [ 80%] Meshing surface 243 (Plane, Delaunay)
Info    : [ 80%] Meshing surface 244 (Plane, Delaunay)
Info    : [ 80%] Meshing surface 245 (Plane, Delaunay)
Info    : [ 80%] Meshing surface 246 (Plane, Delaunay)
Info    : [ 80%] Meshing surface 247 (Plane, Delaunay)
Info    : [ 80%] Meshing surface 248 (Plane, Delaunay)
Info    : [ 80%] Meshing surface 249 (Plane, Delaunay)
Info    : [ 80%] Meshing surface 250 (Plane, Delaunay)
Info    : [ 80%] Meshing surface 251 (Plane, Delaunay)
Info    : [ 80%] Meshing surface 252 (Plane, Delaunay)
Info    : [ 80%] Meshing surface 253 (Plane, Delaunay)
Info    : [ 80%] Meshing surface 254 (Plane, Delaunay)
Info    : [ 90%] Meshing surface 255 (Plane, Delaunay)
Info    : [ 90%] Meshing surface 256 (Plane, Delaunay)
Info    : [ 90%] Meshing surface 257 (Plane, Delaunay)
Info    : [ 90%] Meshing surface 258 (Plane, Delaunay)
Info    : [ 90%] Meshing surface 259 (Plane, Delaunay)
Info    : [ 90%] Meshing surface 260 (Plane, Delaunay)
Info    : [ 90%] Meshing surface 261 (Plane, Delaunay)
Info    : [ 90%] Meshing surface 262 (Plane, Delaunay)
Info    : [ 90%] Meshing surface 263 (Plane, Delaunay)
Info    : [ 90%] Meshing surface 264 (Plane, Delaunay)
Info    : [ 90%] Meshing surface 265 (Plane, Delaunay)
Info    : [ 90%] Meshing surface 266 (Plane, Delaunay)
Info    : [ 90%] Meshing surface 267 (Plane, Delaunay)
Info    : [ 90%] Meshing surface 268 (Plane, Delaunay)
Info    : [100%] Meshing surface 269 (Plane, Delaunay)
Info    : [100%] Meshing surface 270 (Plane, Delaunay)
Info    : [100%] Meshing surface 271 (Plane, Delaunay)
Info    : [100%] Meshing surface 272 (Plane, Delaunay)
Info    : [100%] Meshing surface 273 (Plane, Delaunay)
Info    : [100%] Meshing surface 274 (Plane, Delaunay)
Info    : [100%] Meshing surface 275 (Plane, Delaunay)
Info    : [100%] Meshing surface 276 (Plane, Delaunay)
Info    : [100%] Meshing surface 277 (Plane, Delaunay)
Info    : [100%] Meshing surface 278 (Plane, Delaunay)
Info    : [100%] Meshing surface 279 (Plane, Delaunay)
Info    : [100%] Meshing surface 280 (Plane, Delaunay)
Info    : [100%] Meshing surface 281 (Plane, Delaunay)
Info    : [100%] Meshing surface 282 (Plane, Delaunay)
Info    : Done meshing 2D (Wall 0.689598s, CPU 0.686433s)
Info    : Meshing 3D...
Info    : 3D Meshing 16 volumes with 1 connected component
Info    : Tetrahedrizing 6144 nodes...
Info    : Done tetrahedrizing 6152 nodes (Wall 0.0644965s, CPU 0.064485s)
Info    : Reconstructing mesh...
Info    :  - Creating surface mesh
Info    :  - Identifying boundary edges
Info    :  - Recovering boundary
Info    :  - Added 38 Steiner points
Info    : Done reconstructing mesh (Wall 0.208556s, CPU 0.204632s)
Info    : Found volume 27
Info    : Found volume 28
Info    : Found volume 23
Info    : Found volume 26
Info    : Found volume 11
Info    : Found volume 30
Info    : Found volume 29
Info    : Found volume 7
Info    : Found volume 6
Info    : Found volume 31
Info    : Found volume 8
Info    : Found volume 24
Info    : Found volume 25
Info    : Found volume 9
Info    : Found volume 10
Info    : Found volume 12
Info    : It. 0 - 0 nodes created - worst tet radius 17.6696 (nodes removed 0 0)
Info    : It. 500 - 0 nodes created - worst tet radius 5.41282 (nodes removed 0 500)
Info    : It. 1000 - 4 nodes created - worst tet radius 3.48081 (nodes removed 0 996)
Info    : It. 1500 - 29 nodes created - worst tet radius 2.28437 (nodes removed 0 1471)
Info    : It. 2000 - 75 nodes created - worst tet radius 1.66607 (nodes removed 0 1925)
Info    : It. 2500 - 157 nodes created - worst tet radius 1.33078 (nodes removed 0 2343)
Info    : It. 3000 - 255 nodes created - worst tet radius 1.16154 (nodes removed 2 2743)
Info    : It. 3500 - 373 nodes created - worst tet radius 1.05511 (nodes removed 3 3124)
Info    : 3D refinement terminated (6662 nodes total):
Info    :  - 1 Delaunay cavities modified for star shapeness
Info    :  - 3381 nodes could not be inserted
Info    :  - 39348 tetrahedra created in 0.154661 sec. (254414 tets/s)
Info    : 574 node relocations
Info    : Done meshing 3D (Wall 0.839346s, CPU 0.835269s)
Info    : Optimizing mesh...
Info    : Optimizing volume 6
Info    : Optimization starts (volume = 234) with worst = 0.209192 / average = 0.599769:
Info    : 0.00 < quality < 0.10 :         0 elements
Info    : 0.10 < quality < 0.20 :         0 elements
Info    : 0.20 < quality < 0.30 :        35 elements
Info    : 0.30 < quality < 0.40 :         7 elements
Info    : 0.40 < quality < 0.50 :         3 elements
Info    : 0.50 < quality < 0.60 :         6 elements
Info    : 0.60 < quality < 0.70 :        60 elements
Info    : 0.70 < quality < 0.80 :        46 elements
Info    : 0.80 < quality < 0.90 :        10 elements
Info    : 0.90 < quality < 1.00 :         1 elements
Info    : No ill-shaped tets in the mesh :-)
Info    : 0.00 < quality < 0.10 :         0 elements
Info    : 0.10 < quality < 0.20 :         0 elements
Info    : 0.20 < quality < 0.30 :        35 elements
Info    : 0.30 < quality < 0.40 :         7 elements
Info    : 0.40 < quality < 0.50 :         3 elements
Info    : 0.50 < quality < 0.60 :         6 elements
Info    : 0.60 < quality < 0.70 :        60 elements
Info    : 0.70 < quality < 0.80 :        46 elements
Info    : 0.80 < quality < 0.90 :        10 elements
Info    : 0.90 < quality < 1.00 :         1 elements
Info    : Optimizing volume 7
Info    : Optimization starts (volume = 234) with worst = 0.209192 / average = 0.60001:
Info    : 0.00 < quality < 0.10 :         0 elements
Info    : 0.10 < quality < 0.20 :         0 elements
Info    : 0.20 < quality < 0.30 :        35 elements
Info    : 0.30 < quality < 0.40 :         7 elements
Info    : 0.40 < quality < 0.50 :         3 elements
Info    : 0.50 < quality < 0.60 :         6 elements
Info    : 0.60 < quality < 0.70 :        60 elements
Info    : 0.70 < quality < 0.80 :        46 elements
Info    : 0.80 < quality < 0.90 :        10 elements
Info    : 0.90 < quality < 1.00 :         1 elements
Info    : No ill-shaped tets in the mesh :-)
Info    : 0.00 < quality < 0.10 :         0 elements
Info    : 0.10 < quality < 0.20 :         0 elements
Info    : 0.20 < quality < 0.30 :        35 elements
Info    : 0.30 < quality < 0.40 :         7 elements
Info    : 0.40 < quality < 0.50 :         3 elements
Info    : 0.50 < quality < 0.60 :         6 elements
Info    : 0.60 < quality < 0.70 :        60 elements
Info    : 0.70 < quality < 0.80 :        46 elements
Info    : 0.80 < quality < 0.90 :        10 elements
Info    : 0.90 < quality < 1.00 :         1 elements
Info    : Optimizing volume 8
Info    : Optimization starts (volume = 109.224) with worst = 0.219132 / average = 0.608138:
Info    : 0.00 < quality < 0.10 :         0 elements
Info    : 0.10 < quality < 0.20 :         0 elements
Info    : 0.20 < quality < 0.30 :         6 elements
Info    : 0.30 < quality < 0.40 :        10 elements
Info    : 0.40 < quality < 0.50 :        24 elements
Info    : 0.50 < quality < 0.60 :        14 elements
Info    : 0.60 < quality < 0.70 :        18 elements
Info    : 0.70 < quality < 0.80 :        18 elements
Info    : 0.80 < quality < 0.90 :        20 elements
Info    : 0.90 < quality < 1.00 :         4 elements
Info    : No ill-shaped tets in the mesh :-)
Info    : 0.00 < quality < 0.10 :         0 elements
Info    : 0.10 < quality < 0.20 :         0 elements
Info    : 0.20 < quality < 0.30 :         6 elements
Info    : 0.30 < quality < 0.40 :        10 elements
Info    : 0.40 < quality < 0.50 :        24 elements
Info    : 0.50 < quality < 0.60 :        14 elements
Info    : 0.60 < quality < 0.70 :        18 elements
Info    : 0.70 < quality < 0.80 :        18 elements
Info    : 0.80 < quality < 0.90 :        20 elements
Info    : 0.90 < quality < 1.00 :         4 elements
Info    : Optimizing volume 9
Info    : Optimization starts (volume = 2.268) with worst = 0.266475 / average = 0.325093:
Info    : 0.00 < quality < 0.10 :         0 elements
Info    : 0.10 < quality < 0.20 :         0 elements
Info    : 0.20 < quality < 0.30 :         4 elements
Info    : 0.30 < quality < 0.40 :         8 elements
Info    : 0.40 < quality < 0.50 :         0 elements
Info    : 0.50 < quality < 0.60 :         0 elements
Info    : 0.60 < quality < 0.70 :         0 elements
Info    : 0.70 < quality < 0.80 :         0 elements
Info    : 0.80 < quality < 0.90 :         0 elements
Info    : 0.90 < quality < 1.00 :         0 elements
Info    : No ill-shaped tets in the mesh :-)
Info    : 0.00 < quality < 0.10 :         0 elements
Info    : 0.10 < quality < 0.20 :         0 elements
Info    : 0.20 < quality < 0.30 :         4 elements
Info    : 0.30 < quality < 0.40 :         8 elements
Info    : 0.40 < quality < 0.50 :         0 elements
Info    : 0.50 < quality < 0.60 :         0 elements
Info    : 0.60 < quality < 0.70 :         0 elements
Info    : 0.70 < quality < 0.80 :         0 elements
Info    : 0.80 < quality < 0.90 :         0 elements
Info    : 0.90 < quality < 1.00 :         0 elements
Info    : Optimizing volume 10
Info    : Optimization starts (volume = 2.268) with worst = 0.266475 / average = 0.325093:
Info    : 0.00 < quality < 0.10 :         0 elements
Info    : 0.10 < quality < 0.20 :         0 elements
Info    : 0.20 < quality < 0.30 :         4 elements
Info    : 0.30 < quality < 0.40 :         8 elements
Info    : 0.40 < quality < 0.50 :         0 elements
Info    : 0.50 < quality < 0.60 :         0 elements
Info    : 0.60 < quality < 0.70 :         0 elements
Info    : 0.70 < quality < 0.80 :         0 elements
Info    : 0.80 < quality < 0.90 :         0 elements
Info    : 0.90 < quality < 1.00 :         0 elements
Info    : No ill-shaped tets in the mesh :-)
Info    : 0.00 < quality < 0.10 :         0 elements
Info    : 0.10 < quality < 0.20 :         0 elements
Info    : 0.20 < quality < 0.30 :         4 elements
Info    : 0.30 < quality < 0.40 :         8 elements
Info    : 0.40 < quality < 0.50 :         0 elements
Info    : 0.50 < quality < 0.60 :         0 elements
Info    : 0.60 < quality < 0.70 :         0 elements
Info    : 0.70 < quality < 0.80 :         0 elements
Info    : 0.80 < quality < 0.90 :         0 elements
Info    : 0.90 < quality < 1.00 :         0 elements
Info    : Optimizing volume 11
Info    : Optimization starts (volume = 2.268) with worst = 0.0280207 / average = 0.26468:
Info    : 0.00 < quality < 0.10 :         6 elements
Info    : 0.10 < quality < 0.20 :         0 elements
Info    : 0.20 < quality < 0.30 :         2 elements
Info    : 0.30 < quality < 0.40 :         7 elements
Info    : 0.40 < quality < 0.50 :         0 elements
Info    : 0.50 < quality < 0.60 :         0 elements
Info    : 0.60 < quality < 0.70 :         2 elements
Info    : 0.70 < quality < 0.80 :         0 elements
Info    : 0.80 < quality < 0.90 :         0 elements
Info    : 0.90 < quality < 1.00 :         0 elements
Info    : 1 edge swaps, 0 node relocations (volume = 2.268): worst = 0.0280207 / average = 0.278119 (Wall 7.8635e-05s, CPU 7.8e-05s)
Info    : No ill-shaped tets in the mesh :-)
Info    : 0.00 < quality < 0.10 :         6 elements
Info    : 0.10 < quality < 0.20 :         0 elements
Info    : 0.20 < quality < 0.30 :         4 elements
Info    : 0.30 < quality < 0.40 :         4 elements
Info    : 0.40 < quality < 0.50 :         0 elements
Info    : 0.50 < quality < 0.60 :         2 elements
Info    : 0.60 < quality < 0.70 :         2 elements
Info    : 0.70 < quality < 0.80 :         0 elements
Info    : 0.80 < quality < 0.90 :         0 elements
Info    : 0.90 < quality < 1.00 :         0 elements
Info    : Optimizing volume 12
Info    : Optimization starts (volume = 2.268) with worst = 0.266475 / average = 0.325093:
Info    : 0.00 < quality < 0.10 :         0 elements
Info    : 0.10 < quality < 0.20 :         0 elements
Info    : 0.20 < quality < 0.30 :         4 elements
Info    : 0.30 < quality < 0.40 :         8 elements
Info    : 0.40 < quality < 0.50 :         0 elements
Info    : 0.50 < quality < 0.60 :         0 elements
Info    : 0.60 < quality < 0.70 :         0 elements
Info    : 0.70 < quality < 0.80 :         0 elements
Info    : 0.80 < quality < 0.90 :         0 elements
Info    : 0.90 < quality < 1.00 :         0 elements
Info    : No ill-shaped tets in the mesh :-)
Info    : 0.00 < quality < 0.10 :         0 elements
Info    : 0.10 < quality < 0.20 :         0 elements
Info    : 0.20 < quality < 0.30 :         4 elements
Info    : 0.30 < quality < 0.40 :         8 elements
Info    : 0.40 < quality < 0.50 :         0 elements
Info    : 0.50 < quality < 0.60 :         0 elements
Info    : 0.60 < quality < 0.70 :         0 elements
Info    : 0.70 < quality < 0.80 :         0 elements
Info    : 0.80 < quality < 0.90 :         0 elements
Info    : 0.90 < quality < 1.00 :         0 elements
Info    : Optimizing volume 23
Info    : Optimization starts (volume = 8004.48) with worst = 0.00203142 / average = 0.136064:
Info    : 0.00 < quality < 0.10 :       165 elements
Info    : 0.10 < quality < 0.20 :      2928 elements
Info    : 0.20 < quality < 0.30 :       139 elements
Info    : 0.30 < quality < 0.40 :         4 elements
Info    : 0.40 < quality < 0.50 :         0 elements
Info    : 0.50 < quality < 0.60 :         0 elements
Info    : 0.60 < quality < 0.70 :         0 elements
Info    : 0.70 < quality < 0.80 :         0 elements
Info    : 0.80 < quality < 0.90 :         0 elements
Info    : 0.90 < quality < 1.00 :         0 elements
Info    : 255 edge swaps, 26 node relocations (volume = 8004.48): worst = 0.00630033 / average = 0.136271 (Wall 0.0174174s, CPU 0.017413s)
Info    : 274 edge swaps, 54 node relocations (volume = 8004.48): worst = 0.00630033 / average = 0.136272 (Wall 0.0370919s, CPU 0.037084s)
Info    : No ill-shaped tets in the mesh :-)
Info    : 0.00 < quality < 0.10 :       151 elements
Info    : 0.10 < quality < 0.20 :      2871 elements
Info    : 0.20 < quality < 0.30 :       133 elements
Info    : 0.30 < quality < 0.40 :         4 elements
Info    : 0.40 < quality < 0.50 :         0 elements
Info    : 0.50 < quality < 0.60 :         0 elements
Info    : 0.60 < quality < 0.70 :         0 elements
Info    : 0.70 < quality < 0.80 :         0 elements
Info    : 0.80 < quality < 0.90 :         0 elements
Info    : 0.90 < quality < 1.00 :         0 elements
Info    : Optimizing volume 24
Info    : Optimization starts (volume = 6217.73) with worst = 0.023615 / average = 0.74949:
Info    : 0.00 < quality < 0.10 :         4 elements
Info    : 0.10 < quality < 0.20 :         3 elements
Info    : 0.20 < quality < 0.30 :         8 elements
Info    : 0.30 < quality < 0.40 :        17 elements
Info    : 0.40 < quality < 0.50 :        25 elements
Info    : 0.50 < quality < 0.60 :       360 elements
Info    : 0.60 < quality < 0.70 :       275 elements
Info    : 0.70 < quality < 0.80 :       262 elements
Info    : 0.80 < quality < 0.90 :       568 elements
Info    : 0.90 < quality < 1.00 :       334 elements
Info    : 7 edge swaps, 0 node relocations (volume = 6217.73): worst = 0.260431 / average = 0.751373 (Wall 0.00028372s, CPU 0.000285s)
Info    : 9 edge swaps, 0 node relocations (volume = 6217.73): worst = 0.260431 / average = 0.751343 (Wall 0.000396793s, CPU 0.000399s)
Info    : No ill-shaped tets in the mesh :-)
Info    : 0.00 < quality < 0.10 :         0 elements
Info    : 0.10 < quality < 0.20 :         0 elements
Info    : 0.20 < quality < 0.30 :         5 elements
Info    : 0.30 < quality < 0.40 :        16 elements
Info    : 0.40 < quality < 0.50 :        24 elements
Info    : 0.50 < quality < 0.60 :       364 elements
Info    : 0.60 < quality < 0.70 :       277 elements
Info    : 0.70 < quality < 0.80 :       261 elements
Info    : 0.80 < quality < 0.90 :       566 elements
Info    : 0.90 < quality < 1.00 :       334 elements
Info    : Optimizing volume 25
Info    : Optimization starts (volume = 1907.65) with worst = 0.023615 / average = 0.727537:
Info    : 0.00 < quality < 0.10 :         4 elements
Info    : 0.10 < quality < 0.20 :         2 elements
Info    : 0.20 < quality < 0.30 :         6 elements
Info    : 0.30 < quality < 0.40 :        16 elements
Info    : 0.40 < quality < 0.50 :        14 elements
Info    : 0.50 < quality < 0.60 :       108 elements
Info    : 0.60 < quality < 0.70 :       105 elements
Info    : 0.70 < quality < 0.80 :        91 elements
Info    : 0.80 < quality < 0.90 :       177 elements
Info    : 0.90 < quality < 1.00 :        99 elements
Info    : 6 edge swaps, 0 node relocations (volume = 1907.65): worst = 0.266758 / average = 0.733067 (Wall 0.00017399s, CPU 0.000174s)
Info    : 8 edge swaps, 0 node relocations (volume = 1907.65): worst = 0.266758 / average = 0.733024 (Wall 0.000238794s, CPU 0.00024s)
Info    : No ill-shaped tets in the mesh :-)
Info    : 0.00 < quality < 0.10 :         0 elements
Info    : 0.10 < quality < 0.20 :         0 elements
Info    : 0.20 < quality < 0.30 :         4 elements
Info    : 0.30 < quality < 0.40 :        14 elements
Info    : 0.40 < quality < 0.50 :        13 elements
Info    : 0.50 < quality < 0.60 :       112 elements
Info    : 0.60 < quality < 0.70 :       103 elements
Info    : 0.70 < quality < 0.80 :        92 elements
Info    : 0.80 < quality < 0.90 :       176 elements
Info    : 0.90 < quality < 1.00 :        99 elements
Info    : Optimizing volume 26
Info    : Optimization starts (volume = 3.58806e+07) with worst = 0.0288675 / average = 0.607274:
Info    : 0.00 < quality < 0.10 :        10 elements
Info    : 0.10 < quality < 0.20 :        24 elements
Info    : 0.20 < quality < 0.30 :        45 elements
Info    : 0.30 < quality < 0.40 :       185 elements
Info    : 0.40 < quality < 0.50 :       508 elements
Info    : 0.50 < quality < 0.60 :       635 elements
Info    : 0.60 < quality < 0.70 :       497 elements
Info    : 0.70 < quality < 0.80 :       399 elements
Info    : 0.80 < quality < 0.90 :       305 elements
Info    : 0.90 < quality < 1.00 :       130 elements
Info    : 75 edge swaps, 1 node relocations (volume = 3.58806e+07): worst = 0.259594 / average = 0.620036 (Wall 0.00141973s, CPU 0.001417s)
Info    : 76 edge swaps, 1 node relocations (volume = 3.58806e+07): worst = 0.259594 / average = 0.620002 (Wall 0.00163968s, CPU 0.001644s)
Info    : No ill-shaped tets in the mesh :-)
Info    : 0.00 < quality < 0.10 :         0 elements
Info    : 0.10 < quality < 0.20 :         0 elements
Info    : 0.20 < quality < 0.30 :         2 elements
Info    : 0.30 < quality < 0.40 :       185 elements
Info    : 0.40 < quality < 0.50 :       501 elements
Info    : 0.50 < quality < 0.60 :       633 elements
Info    : 0.60 < quality < 0.70 :       505 elements
Info    : 0.70 < quality < 0.80 :       406 elements
Info    : 0.80 < quality < 0.90 :       306 elements
Info    : 0.90 < quality < 1.00 :       130 elements
Info    : Optimizing volume 27
Info    : Optimization starts (volume = 71761.2) with worst = 0.000718878 / average = 0.0308227:
Info    : 0.00 < quality < 0.10 :      3298 elements
Info    : 0.10 < quality < 0.20 :       234 elements
Info    : 0.20 < quality < 0.30 :         2 elements
Info    : 0.30 < quality < 0.40 :         0 elements
Info    : 0.40 < quality < 0.50 :         0 elements
Info    : 0.50 < quality < 0.60 :         0 elements
Info    : 0.60 < quality < 0.70 :         0 elements
Info    : 0.70 < quality < 0.80 :         0 elements
Info    : 0.80 < quality < 0.90 :         0 elements
Info    : 0.90 < quality < 1.00 :         0 elements
Info    : 446 edge swaps, 0 node relocations (volume = 71761.2): worst = 0.000718878 / average = 0.0299268 (Wall 0.020919s, CPU 0.020916s)
Info    : 460 edge swaps, 0 node relocations (volume = 71761.2): worst = 0.000718878 / average = 0.0299528 (Wall 0.0477531s, CPU 0.047746s)
Warning : 9 ill-shaped tets are still in the mesh
Info    : 0.00 < quality < 0.10 :      3146 elements
Info    : 0.10 < quality < 0.20 :       189 elements
Info    : 0.20 < quality < 0.30 :         2 elements
Info    : 0.30 < quality < 0.40 :         0 elements
Info    : 0.40 < quality < 0.50 :         0 elements
Info    : 0.50 < quality < 0.60 :         0 elements
Info    : 0.60 < quality < 0.70 :         0 elements
Info    : 0.70 < quality < 0.80 :         0 elements
Info    : 0.80 < quality < 0.90 :         0 elements
Info    : 0.90 < quality < 1.00 :         0 elements
Info    : Optimizing volume 28
Info    : Optimization starts (volume = 2.80535e+06) with worst = 0.00017558 / average = 0.447396:
Info    : 0.00 < quality < 0.10 :       615 elements
Info    : 0.10 < quality < 0.20 :      2942 elements
Info    : 0.20 < quality < 0.30 :      1984 elements
Info    : 0.30 < quality < 0.40 :      1961 elements
Info    : 0.40 < quality < 0.50 :      2427 elements
Info    : 0.50 < quality < 0.60 :      2481 elements
Info    : 0.60 < quality < 0.70 :      1596 elements
Info    : 0.70 < quality < 0.80 :      1345 elements
Info    : 0.80 < quality < 0.90 :      1169 elements
Info    : 0.90 < quality < 1.00 :       504 elements
Info    : 1020 edge swaps, 43 node relocations (volume = 2.80535e+06): worst = 0.000623141 / average = 0.459727 (Wall 0.050076s, CPU 0.050066s)
Info    : 1113 edge swaps, 57 node relocations (volume = 2.80535e+06): worst = 0.000623141 / average = 0.460379 (Wall 0.0905033s, CPU 0.09049s)
Warning : 2 ill-shaped tets are still in the mesh
Info    : 0.00 < quality < 0.10 :       326 elements
Info    : 0.10 < quality < 0.20 :      2640 elements
Info    : 0.20 < quality < 0.30 :      1744 elements
Info    : 0.30 < quality < 0.40 :      1976 elements
Info    : 0.40 < quality < 0.50 :      2373 elements
Info    : 0.50 < quality < 0.60 :      2544 elements
Info    : 0.60 < quality < 0.70 :      1639 elements
Info    : 0.70 < quality < 0.80 :      1353 elements
Info    : 0.80 < quality < 0.90 :      1085 elements
Info    : 0.90 < quality < 1.00 :       486 elements
Info    : Optimizing volume 29
Info    : Optimization starts (volume = 672762) with worst = 0.011671 / average = 0.486144:
Info    : 0.00 < quality < 0.10 :        46 elements
Info    : 0.10 < quality < 0.20 :       398 elements
Info    : 0.20 < quality < 0.30 :       616 elements
Info    : 0.30 < quality < 0.40 :       646 elements
Info    : 0.40 < quality < 0.50 :       724 elements
Info    : 0.50 < quality < 0.60 :       976 elements
Info    : 0.60 < quality < 0.70 :       957 elements
Info    : 0.70 < quality < 0.80 :       563 elements
Info    : 0.80 < quality < 0.90 :       119 elements
Info    : 0.90 < quality < 1.00 :         4 elements
Info    : 258 edge swaps, 0 node relocations (volume = 672762): worst = 0.0545778 / average = 0.497455 (Wall 0.00722364s, CPU 0.007222s)
Info    : 276 edge swaps, 0 node relocations (volume = 672762): worst = 0.0545778 / average = 0.497725 (Wall 0.0134091s, CPU 0.013405s)
Info    : No ill-shaped tets in the mesh :-)
Info    : 0.00 < quality < 0.10 :        11 elements
Info    : 0.10 < quality < 0.20 :       315 elements
Info    : 0.20 < quality < 0.30 :       535 elements
Info    : 0.30 < quality < 0.40 :       658 elements
Info    : 0.40 < quality < 0.50 :       699 elements
Info    : 0.50 < quality < 0.60 :       949 elements
Info    : 0.60 < quality < 0.70 :       964 elements
Info    : 0.70 < quality < 0.80 :       572 elements
Info    : 0.80 < quality < 0.90 :       119 elements
Info    : 0.90 < quality < 1.00 :         4 elements
Info    : Optimizing volume 30
Info    : Optimization starts (volume = 3.22926e+07) with worst = 0.0220384 / average = 0.59236:
Info    : 0.00 < quality < 0.10 :        15 elements
Info    : 0.10 < quality < 0.20 :        37 elements
Info    : 0.20 < quality < 0.30 :        63 elements
Info    : 0.30 < quality < 0.40 :       220 elements
Info    : 0.40 < quality < 0.50 :       559 elements
Info    : 0.50 < quality < 0.60 :       811 elements
Info    : 0.60 < quality < 0.70 :       639 elements
Info    : 0.70 < quality < 0.80 :       428 elements
Info    : 0.80 < quality < 0.90 :       292 elements
Info    : 0.90 < quality < 1.00 :        98 elements
Info    : 103 edge swaps, 1 node relocations (volume = 3.22926e+07): worst = 0.21988 / average = 0.606783 (Wall 0.00192566s, CPU 0.001926s)
Info    : 108 edge swaps, 2 node relocations (volume = 3.22926e+07): worst = 0.270028 / average = 0.60654 (Wall 0.00248556s, CPU 0.002487s)
Info    : No ill-shaped tets in the mesh :-)
Info    : 0.00 < quality < 0.10 :         0 elements
Info    : 0.10 < quality < 0.20 :         0 elements
Info    : 0.20 < quality < 0.30 :         8 elements
Info    : 0.30 < quality < 0.40 :       231 elements
Info    : 0.40 < quality < 0.50 :       548 elements
Info    : 0.50 < quality < 0.60 :       820 elements
Info    : 0.60 < quality < 0.70 :       652 elements
Info    : 0.70 < quality < 0.80 :       424 elements
Info    : 0.80 < quality < 0.90 :       292 elements
Info    : 0.90 < quality < 1.00 :        99 elements
Info    : Optimizing volume 31
Info    : Optimization starts (volume = 6.5285e+07) with worst = 0.0106842 / average = 0.551152:
Info    : 0.00 < quality < 0.10 :       104 elements
Info    : 0.10 < quality < 0.20 :        68 elements
Info    : 0.20 < quality < 0.30 :        44 elements
Info    : 0.30 < quality < 0.40 :       126 elements
Info    : 0.40 < quality < 0.50 :       212 elements
Info    : 0.50 < quality < 0.60 :       303 elements
Info    : 0.60 < quality < 0.70 :       317 elements
Info    : 0.70 < quality < 0.80 :       280 elements
Info    : 0.80 < quality < 0.90 :       117 elements
Info    : 0.90 < quality < 1.00 :        53 elements
Info    : 30 edge swaps, 0 node relocations (volume = 6.5285e+07): worst = 0.0106842 / average = 0.558513 (Wall 0.00242681s, CPU 0.002426s)
Info    : 32 edge swaps, 0 node relocations (volume = 6.5285e+07): worst = 0.0106842 / average = 0.558651 (Wall 0.00466581s, CPU 0.004663s)
Info    : No ill-shaped tets in the mesh :-)
Info    : 0.00 < quality < 0.10 :       104 elements
Info    : 0.10 < quality < 0.20 :        64 elements
Info    : 0.20 < quality < 0.30 :        16 elements
Info    : 0.30 < quality < 0.40 :       116 elements
Info    : 0.40 < quality < 0.50 :       213 elements
Info    : 0.50 < quality < 0.60 :       305 elements
Info    : 0.60 < quality < 0.70 :       321 elements
Info    : 0.70 < quality < 0.80 :       284 elements
Info    : 0.80 < quality < 0.90 :       117 elements
Info    : 0.90 < quality < 1.00 :        53 elements
Info    : Done optimizing mesh (Wall 0.269938s, CPU 0.269891s)
Info    : 6662 nodes 52994 elements
Warning : ------------------------------
Warning : Mesh generation error summary
Warning :     2 warnings
Warning :     0 errors
Warning : Check the full log for details
Warning : ------------------------------
Info    : Writing '/foss/designs/inductor_synth/palace_model/inductor2_N2_do146.78_w8_s3_data/inductor2_N2_do146.78_w8_s3.msh'...
Info    : Done writing '/foss/designs/inductor_synth/palace_model/inductor2_N2_do146.78_w8_s3_data/inductor2_N2_do146.78_w8_s3.msh'
Info    : Clearing all models and views...
Info    : Done clearing all models and views
>> /usr/bin/mpirun -n 1 /foss/tools/bin/palace-x86_64.bin config.json

_____________     _______
_____   __   \____ __   /____ ____________
____   /_/  /  __ ` /  /  __ ` /  ___/  _ \
___   _____/  /_/  /  /  /_/  /  /__/  ___/
  /__/     \___,__/__/\___,__/\_____\_____/

Git changeset ID: v0.17.0-227-gc531cf3e
Running with 1 MPI process
Device configuration: cpu
Memory configuration: host-std
libCEED backend: /cpu/self/xsmm/blocked

Added 5764 boundary elements for material interfaces to the mesh

Characteristic length and time scales:
 Lc = 5.010e-04 m, tc = 1.671e-03 ns
Finished partitioning mesh into 1 subdomain

Mesh curvature order: 1
Mesh bounding box:
 (Xmin, Ymin, Zmin) = (-2.505e-04, -2.505e-04, -5.000e-05) m
 (Xmax, Ymax, Zmax) = (+2.505e-04, +2.505e-04, +4.499e-04) m

Parallel Mesh Stats:

                minimum     average     maximum       total
 vertices          6270        6270        6270        6270
 edges            39161       39161       39161       39161
 faces            62828       62828       62828       62828
 elements         29931       29931       29931       29931
 neighbors            0           0           0

            minimum     maximum
 h       0.00161994    0.224161
 kappa      1.07143     356.131

Estimated current per-rank memory usage is: Min. 53.2M, Max. 53.2M, Avg. 53.2M, Total 53.2M
Estimated current per-node memory usage is: Min. 53.2M, Max. 53.2M, Avg. 53.2M, Total 53.2M

Configuring Robin absorbing BC (order 2) at attributes:
 22

Configuring Robin finite conductivity BC at attributes:
 2: σ = 2.164e+07 S/m, h = 4.200e-07 m, n = (+0.0,+0.0,+1.0)
 3: σ = 2.164e+07 S/m, h = 4.200e-07 m, n = (+0.7,+0.7,+0.0)
 4: σ = 2.780e+07 S/m, h = 2.000e-06 m, n = (+0.0,+0.0,-1.0)
 5: σ = 2.780e+07 S/m, h = 2.000e-06 m, n = (+1.0,-0.1,+0.0)
 6: σ = 2.780e+07 S/m, h = 2.000e-06 m, n = (+0.0,+0.0,-1.0)
 7: σ = 2.780e+07 S/m, h = 2.000e-06 m, n = (+1.0,-0.1,+0.0)
 8: σ = 2.780e+07 S/m, h = 2.000e-06 m, n = (+0.0,+0.0,+1.0)
 9: σ = 2.780e+07 S/m, h = 2.000e-06 m, n = (+0.5,+0.9,-0.0)
 10: σ = 3.030e+07 S/m, h = 3.000e-06 m, n = (+0.0,+0.0,+1.0)
 11: σ = 3.030e+07 S/m, h = 3.000e-06 m, n = (-0.9,+0.4,-0.0)
 12: σ = 3.030e+07 S/m, h = 3.000e-06 m, n = (-0.0,+0.0,+1.0)
 13: σ = 3.030e+07 S/m, h = 3.000e-06 m, n = (+0.9,-0.3,+0.0)

Configuring Robin impedance BC for lumped ports at attributes:
 20: Rs = 3.018e+01 Ω/sq, n = (+0.0,+1.0,+0.0)
 21: Rs = 3.018e+01 Ω/sq, n = (+0.0,+1.0,+0.0)

Configuring lumped port circuit properties:
 Index = 1: R = 5.000e+01 Ω
 Index = 2: R = 5.000e+01 Ω

Configuring lumped port excitation source term at attributes:
 20: Index = 1
 21: Index = 2

[38;2;255;255;000m--> Warning![0m
Adaptive frequency sweep requires > 2 total frequency samples!
Reverting to uniform sweep!


Computing frequency response for:
Excitation 1/2 with index 1 has contributions from:
 Lumped port  1
Excitation 2/2 with index 2 has contributions from:
 Lumped port  2

Assembling system matrices, number of global unknowns:
 H1 (p = 1): 6270, ND (p = 1): 39161, RT (p = 1): 62828
 Operator assembly level: Partial
 Mesh geometries:
  Tetrahedron: P = 6, Q = 4 (quadrature order = 2)
 SuperLUSolver: Using 2D processor grid 1 x 1

Sweeping excitation index 1 (1/2):

Assembling multigrid hierarchy:
 Level 0 (p = 1): 39161 unknowns
 Level 0 (auxiliary) (p = 1): 6270 unknowns

It 1/2: ω/2π = 1.000e-01 GHz (total elapsed time = 3.84e-01 s, solve 1/4)

  Residual norms for GMRES solve

** Memory Usage **********************************
** Total highmark (MB):
    Sum-of-all :   214.01 | Avg :   214.01  | Max :   214.01
    Max at rank 0, different stages (MB):
	. symbfact           19.11
	. distribution      214.01
	. numfact           148.84
** NUMfact space (MB): (sum-of-all-processes)
    L\U :          100.13 |  Total :   148.84
	. max at rank 0, max L+U memory (MB):   100.13
	. max at rank 0, peak buffer (MB):       48.72
**************************************************

** number of Tiny Pivots:        0

  0 (restart 0) KSP residual norm 1.148995e+01
  1 (restart 0) KSP residual norm 3.468001e-01
  2 (restart 0) KSP residual norm 1.686574e-01
  3 (restart 0) KSP residual norm 9.271668e-02
  4 (restart 0) KSP residual norm 1.617353e-02
  5 (restart 0) KSP residual norm 1.107069e-03
  6 (restart 0) KSP residual norm 2.947940e-04
  7 (restart 0) KSP residual norm 1.458944e-04
  8 (restart 0) KSP residual norm 6.152063e-05
  9 (restart 0) KSP residual norm 1.894006e-05
 10 (restart 0) KSP residual norm 6.943785e-06
GMRES solver converged in 10 iterations (avg. reduction factor: 2.389e-01)
 Sol. ||E|| = 1.115667e+01 (||RHS|| = 4.076075e-03)
 Field energy E (1.460e-12 J) + H (7.943e-12 J) = 9.402e-12 J
 S[1][1] = +5.976e-02+4.334e-03i, |S[1][1]| = -2.445e+01, arg(S[1][1]) = +4.148e+00
 S[2][1] = +9.402e-01-6.143e-03i, |S[2][1]| = -5.355e-01, arg(S[2][1]) = -3.743e-01
 Updating solution error estimates

It 2/2: ω/2π = 2.000e+01 GHz (total elapsed time = 6.04e+00 s, solve 2/4)

  Residual norms for GMRES solve

** Memory Usage **********************************
** Total highmark (MB):
    Sum-of-all :   180.35 | Avg :   180.35  | Max :   180.35
    Max at rank 0, different stages (MB):
	. symbfact            0.00
	. distribution      180.35
	. numfact           148.84
** NUMfact space (MB): (sum-of-all-processes)
    L\U :          100.13 |  Total :   148.84
	. max at rank 0, max L+U memory (MB):   100.13
	. max at rank 0, peak buffer (MB):       48.72
**************************************************

** number of Tiny Pivots:        0

  0 (restart 0) KSP residual norm 1.370970e+01
  1 (restart 0) KSP residual norm 5.198030e+00
  2 (restart 0) KSP residual norm 1.566699e+00
  3 (restart 0) KSP residual norm 2.678665e-01
  4 (restart 0) KSP residual norm 1.465002e-01
  5 (restart 0) KSP residual norm 5.297712e-02
  6 (restart 0) KSP residual norm 2.425599e-02
  7 (restart 0) KSP residual norm 1.145866e-02
  8 (restart 0) KSP residual norm 6.232482e-03
  9 (restart 0) KSP residual norm 4.299875e-03
 10 (restart 0) KSP residual norm 2.554391e-03
 11 (restart 0) KSP residual norm 7.415815e-04
 12 (restart 0) KSP residual norm 5.515314e-04
 13 (restart 0) KSP residual norm 1.959102e-04
 14 (restart 0) KSP residual norm 1.316248e-04
 15 (restart 0) KSP residual norm 6.359028e-05
 16 (restart 0) KSP residual norm 4.185884e-05
 17 (restart 0) KSP residual norm 1.574442e-05
 18 (restart 0) KSP residual norm 7.943706e-06
GMRES solver converged in 18 iterations (avg. reduction factor: 4.503e-01)
 Sol. ||E|| = 1.617302e+01 (||RHS|| = 8.152150e-01)
 Field energy E (2.739e-12 J) + H (4.752e-12 J) = 7.491e-12 J
 S[1][1] = +7.119e-01+2.803e-01i, |S[1][1]| = -2.325e+00, arg(S[1][1]) = +2.149e+01
 S[2][1] = +2.458e-01-4.900e-01i, |S[2][1]| = -5.221e+00, arg(S[2][1]) = -6.336e+01
 Updating solution error estimates

Sweeping excitation index 2 (2/2):

It 1/2: ω/2π = 1.000e-01 GHz (total elapsed time = 1.20e+01 s, solve 3/4)

  Residual norms for GMRES solve

** Memory Usage **********************************
** Total highmark (MB):
    Sum-of-all :   180.35 | Avg :   180.35  | Max :   180.35
    Max at rank 0, different stages (MB):
	. symbfact            0.00
	. distribution      180.35
	. numfact           148.84
** NUMfact space (MB): (sum-of-all-processes)
    L\U :          100.13 |  Total :   148.84
	. max at rank 0, max L+U memory (MB):   100.13
	. max at rank 0, peak buffer (MB):       48.72
**************************************************

** number of Tiny Pivots:        0

  0 (restart 0) KSP residual norm 1.130011e+01
  1 (restart 0) KSP residual norm 3.416576e-01
  2 (restart 0) KSP residual norm 1.667917e-01
  3 (restart 0) KSP residual norm 8.921619e-02
  4 (restart 0) KSP residual norm 1.590360e-02
  5 (restart 0) KSP residual norm 9.697758e-04
  6 (restart 0) KSP residual norm 2.699153e-04
  7 (restart 0) KSP residual norm 1.444421e-04
  8 (restart 0) KSP residual norm 6.050725e-05
  9 (restart 0) KSP residual norm 1.886364e-05
 10 (restart 0) KSP residual norm 6.696949e-06
GMRES solver converged in 10 iterations (avg. reduction factor: 2.384e-01)
 Sol. ||E|| = 1.097013e+01 (||RHS|| = 4.076075e-03)
 Field energy E (1.403e-12 J) + H (7.943e-12 J) = 9.346e-12 J
 S[1][2] = +9.402e-01-6.143e-03i, |S[1][2]| = -5.355e-01, arg(S[1][2]) = -3.744e-01
 S[2][2] = +5.976e-02+4.369e-03i, |S[2][2]| = -2.445e+01, arg(S[2][2]) = +4.181e+00
 Updating solution error estimates

It 2/2: ω/2π = 2.000e+01 GHz (total elapsed time = 1.70e+01 s, solve 4/4)

  Residual norms for GMRES solve

** Memory Usage **********************************
** Total highmark (MB):
    Sum-of-all :   180.35 | Avg :   180.35  | Max :   180.35
    Max at rank 0, different stages (MB):
	. symbfact            0.00
	. distribution      180.35
	. numfact           148.84
** NUMfact space (MB): (sum-of-all-processes)
    L\U :          100.13 |  Total :   148.84
	. max at rank 0, max L+U memory (MB):   100.13
	. max at rank 0, peak buffer (MB):       48.72
**************************************************

** number of Tiny Pivots:        0

  0 (restart 0) KSP residual norm 1.376398e+01
  1 (restart 0) KSP residual norm 5.116711e+00
  2 (restart 0) KSP residual norm 1.604148e+00
  3 (restart 0) KSP residual norm 2.849925e-01
  4 (restart 0) KSP residual norm 1.728858e-01
  5 (restart 0) KSP residual norm 5.561769e-02
  6 (restart 0) KSP residual norm 3.209954e-02
  7 (restart 0) KSP residual norm 1.176930e-02
  8 (restart 0) KSP residual norm 6.217659e-03
  9 (restart 0) KSP residual norm 4.351769e-03
 10 (restart 0) KSP residual norm 2.514620e-03
 11 (restart 0) KSP residual norm 7.350819e-04
 12 (restart 0) KSP residual norm 5.429867e-04
 13 (restart 0) KSP residual norm 1.983472e-04
 14 (restart 0) KSP residual norm 1.354223e-04
 15 (restart 0) KSP residual norm 5.364060e-05
 16 (restart 0) KSP residual norm 3.569721e-05
 17 (restart 0) KSP residual norm 1.651102e-05
 18 (restart 0) KSP residual norm 8.255196e-06
GMRES solver converged in 18 iterations (avg. reduction factor: 4.512e-01)
 Sol. ||E|| = 1.624913e+01 (||RHS|| = 8.152150e-01)
 Field energy E (2.772e-12 J) + H (4.751e-12 J) = 7.523e-12 J
 S[1][2] = +2.458e-01-4.900e-01i, |S[1][2]| = -5.221e+00, arg(S[1][2]) = -6.336e+01
 S[2][2] = +7.174e-01+2.759e-01i, |S[2][2]| = -2.286e+00, arg(S[2][2]) = +2.103e+01
 Updating solution error estimates

Completed 0 iterations of adaptive mesh refinement (AMR):
 Indicator norm = 5.218e-01, global unknowns = 39161
 Max. iterations = 0, tol. = 1.000e-02, max. size = 2000000

Estimated peak per-rank memory usage is: Min. 547.7M, Max. 547.7M, Avg. 547.7M, Total 547.7M
Estimated peak per-node memory usage is: Min. 547.7M, Max. 547.7M, Avg. 547.7M, Total 547.7M

Elapsed Time Report (s)           Min.        Max.        Avg.
==============================================================
Initialization                   0.090       0.090       0.090
  Mesh Preprocessing             0.305       0.305       0.305
Operator Construction            0.200       0.200       0.200
Linear Solve                     3.913       3.913       3.913
  Setup                          1.540       1.540       1.540
  Preconditioner                 3.458       3.458       3.458
Estimation                       0.177       0.177       0.177
  Construction                   1.856       1.856       1.856
  Solve                         12.690      12.690      12.690
Postprocessing                   0.902       0.902       0.902
Disk IO                          0.765       0.765       0.765
--------------------------------------------------------------
Total                           26.348      26.348      26.348

Peak Memory                   Per-Node       Total   Total HWM
==============================================================
Initialization                    1.4M        1.4M        1.4M
  Mesh Preprocessing             16.4M       16.4M       17.8M
Operator Construction            15.3M       15.3M       33.1M
Linear Solve                     20.2M       20.2M       53.3M
  Setup                         129.4M      129.4M      182.7M
  Preconditioner                220.5M      220.5M      403.2M
Estimation                       21.2M       21.2M      424.4M
  Construction                   46.8M       46.8M      471.3M
  Solve                          20.4M       20.4M      491.7M
Postprocessing                   20.4M       20.4M      512.0M
Disk IO                          11.9M       11.9M      523.9M
--------------------------------------------------------------
Total                           537.9M      537.9M      537.9M

>> /usr/bin/mpirun -n 1 /foss/tools/bin/palace-x86_64.bin config.json

_____________     _______
_____   __   \____ __   /____ ____________
____   /_/  /  __ ` /  /  __ ` /  ___/  _ \
___   _____/  /_/  /  /  /_/  /  /__/  ___/
  /__/     \___,__/__/\___,__/\_____\_____/

Git changeset ID: v0.17.0-227-gc531cf3e
Running with 1 MPI process
Device configuration: cpu
Memory configuration: host-std
libCEED backend: /cpu/self/xsmm/blocked

Added 6308 boundary elements for material interfaces to the mesh

Characteristic length and time scales:
 Lc = 5.236e-04 m, tc = 1.746e-03 ns
Finished partitioning mesh into 1 subdomain

Mesh curvature order: 1
Mesh bounding box:
 (Xmin, Ymin, Zmin) = (-2.618e-04, -2.618e-04, -5.000e-05) m
 (Xmax, Ymax, Zmax) = (+2.618e-04, +2.618e-04, +4.499e-04) m

Parallel Mesh Stats:

                minimum     average     maximum       total
 vertices          6626        6626        6626        6626
 edges            41619       41619       41619       41619
 faces            66948       66948       66948       66948
 elements         31949       31949       31949       31949
 neighbors            0           0           0

            minimum     maximum
 h       0.00155013     0.20801
 kappa      1.07143     277.423

Estimated current per-rank memory usage is: Min. 54.5M, Max. 54.5M, Avg. 54.5M, Total 54.5M
Estimated current per-node memory usage is: Min. 54.5M, Max. 54.5M, Avg. 54.5M, Total 54.5M

Configuring Robin absorbing BC (order 2) at attributes:
 22

Configuring Robin finite conductivity BC at attributes:
 2: σ = 2.164e+07 S/m, h = 4.200e-07 m, n = (+0.0,+0.0,+1.0)
 3: σ = 2.164e+07 S/m, h = 4.200e-07 m, n = (+0.7,+0.7,+0.0)
 4: σ = 2.780e+07 S/m, h = 2.000e-06 m, n = (+0.0,+0.0,-1.0)
 5: σ = 2.780e+07 S/m, h = 2.000e-06 m, n = (+1.0,-0.1,+0.0)
 6: σ = 2.780e+07 S/m, h = 2.000e-06 m, n = (+0.0,+0.0,-1.0)
 7: σ = 2.780e+07 S/m, h = 2.000e-06 m, n = (+1.0,-0.1,+0.0)
 8: σ = 2.780e+07 S/m, h = 2.000e-06 m, n = (+0.0,+0.0,+1.0)
 9: σ = 2.780e+07 S/m, h = 2.000e-06 m, n = (+0.5,+0.9,+0.0)
 10: σ = 3.030e+07 S/m, h = 3.000e-06 m, n = (+0.0,+0.0,+1.0)
 11: σ = 3.030e+07 S/m, h = 3.000e-06 m, n = (-0.9,+0.4,+0.0)
 12: σ = 3.030e+07 S/m, h = 3.000e-06 m, n = (+0.0,+0.0,+1.0)
 13: σ = 3.030e+07 S/m, h = 3.000e-06 m, n = (+0.9,-0.4,+0.0)

Configuring Robin impedance BC for lumped ports at attributes:
 20: Rs = 3.018e+01 Ω/sq, n = (+0.0,+1.0,+0.0)
 21: Rs = 3.018e+01 Ω/sq, n = (+0.0,+1.0,+0.0)

Configuring lumped port circuit properties:
 Index = 1: R = 5.000e+01 Ω
 Index = 2: R = 5.000e+01 Ω

Configuring lumped port excitation source term at attributes:
 20: Index = 1
 21: Index = 2

[38;2;255;255;000m--> Warning![0m
Adaptive frequency sweep requires > 2 total frequency samples!
Reverting to uniform sweep!


Computing frequency response for:
Excitation 1/2 with index 1 has contributions from:
 Lumped port  1
Excitation 2/2 with index 2 has contributions from:
 Lumped port  2

Assembling system matrices, number of global unknowns:
 H1 (p = 1): 6626, ND (p = 1): 41619, RT (p = 1): 66948
 Operator assembly level: Partial
 Mesh geometries:
  Tetrahedron: P = 6, Q = 4 (quadrature order = 2)
 SuperLUSolver: Using 2D processor grid 1 x 1

Sweeping excitation index 1 (1/2):

Assembling multigrid hierarchy:
 Level 0 (p = 1): 41619 unknowns
 Level 0 (auxiliary) (p = 1): 6626 unknowns

It 1/2: ω/2π = 1.000e-01 GHz (total elapsed time = 3.64e-01 s, solve 1/4)

  Residual norms for GMRES solve

** Memory Usage **********************************
** Total highmark (MB):
    Sum-of-all :   229.68 | Avg :   229.68  | Max :   229.68
    Max at rank 0, different stages (MB):
	. symbfact           19.69
	. distribution      229.68
	. numfact           162.99
** NUMfact space (MB): (sum-of-all-processes)
    L\U :          109.55 |  Total :   162.99
	. max at rank 0, max L+U memory (MB):   109.55
	. max at rank 0, peak buffer (MB):       53.44
**************************************************

** number of Tiny Pivots:        0

  0 (restart 0) KSP residual norm 1.182108e+01
  1 (restart 0) KSP residual norm 3.759090e-01
  2 (restart 0) KSP residual norm 1.881404e-01
  3 (restart 0) KSP residual norm 9.257524e-02
  4 (restart 0) KSP residual norm 1.971255e-02
  5 (restart 0) KSP residual norm 1.448266e-03
  6 (restart 0) KSP residual norm 3.548517e-04
  7 (restart 0) KSP residual norm 1.659319e-04
  8 (restart 0) KSP residual norm 1.027367e-04
  9 (restart 0) KSP residual norm 2.404026e-05
 10 (restart 0) KSP residual norm 1.513665e-05
 11 (restart 0) KSP residual norm 5.743964e-06
GMRES solver converged in 11 iterations (avg. reduction factor: 2.667e-01)
 Sol. ||E|| = 1.146080e+01 (||RHS|| = 4.259620e-03)
 Field energy E (1.588e-12 J) + H (8.824e-12 J) = 1.041e-11 J
 S[1][1] = +6.100e-02+4.829e-03i, |S[1][1]| = -2.427e+01, arg(S[1][1]) = +4.526e+00
 S[2][1] = +9.389e-01-6.797e-03i, |S[2][1]| = -5.470e-01, arg(S[2][1]) = -4.147e-01
 Updating solution error estimates

It 2/2: ω/2π = 2.000e+01 GHz (total elapsed time = 6.67e+00 s, solve 2/4)

  Residual norms for GMRES solve

** Memory Usage **********************************
** Total highmark (MB):
    Sum-of-all :   194.81 | Avg :   194.81  | Max :   194.81
    Max at rank 0, different stages (MB):
	. symbfact            0.00
	. distribution      194.81
	. numfact           162.99
** NUMfact space (MB): (sum-of-all-processes)
    L\U :          109.55 |  Total :   162.99
	. max at rank 0, max L+U memory (MB):   109.55
	. max at rank 0, peak buffer (MB):       53.44
**************************************************

** number of Tiny Pivots:        0

  0 (restart 0) KSP residual norm 1.486678e+01
  1 (restart 0) KSP residual norm 5.087951e+00
  2 (restart 0) KSP residual norm 1.671680e+00
  3 (restart 0) KSP residual norm 2.875894e-01
  4 (restart 0) KSP residual norm 1.670796e-01
  5 (restart 0) KSP residual norm 5.857873e-02
  6 (restart 0) KSP residual norm 2.892385e-02
  7 (restart 0) KSP residual norm 1.298326e-02
  8 (restart 0) KSP residual norm 7.667492e-03
  9 (restart 0) KSP residual norm 5.281295e-03
 10 (restart 0) KSP residual norm 2.985882e-03
 11 (restart 0) KSP residual norm 8.739416e-04
 12 (restart 0) KSP residual norm 6.269266e-04
 13 (restart 0) KSP residual norm 2.152256e-04
 14 (restart 0) KSP residual norm 1.498106e-04
 15 (restart 0) KSP residual norm 6.699101e-05
 16 (restart 0) KSP residual norm 4.513360e-05
 17 (restart 0) KSP residual norm 1.764751e-05
 18 (restart 0) KSP residual norm 1.266513e-05
GMRES solver converged in 18 iterations (avg. reduction factor: 4.600e-01)
 Sol. ||E|| = 1.727778e+01 (||RHS|| = 8.519241e-01)
 Field energy E (3.153e-12 J) + H (4.739e-12 J) = 7.892e-12 J
 S[1][1] = +7.776e-01+2.259e-01i, |S[1][1]| = -1.833e+00, arg(S[1][1]) = +1.620e+01
 S[2][1] = +1.751e-01-4.528e-01i, |S[2][1]| = -6.277e+00, arg(S[2][1]) = -6.885e+01
 Updating solution error estimates

Sweeping excitation index 2 (2/2):

It 1/2: ω/2π = 1.000e-01 GHz (total elapsed time = 1.26e+01 s, solve 3/4)

  Residual norms for GMRES solve

** Memory Usage **********************************
** Total highmark (MB):
    Sum-of-all :   194.81 | Avg :   194.81  | Max :   194.81
    Max at rank 0, different stages (MB):
	. symbfact            0.00
	. distribution      194.81
	. numfact           162.99
** NUMfact space (MB): (sum-of-all-processes)
    L\U :          109.55 |  Total :   162.99
	. max at rank 0, max L+U memory (MB):   109.55
	. max at rank 0, peak buffer (MB):       53.44
**************************************************

** number of Tiny Pivots:        0

  0 (restart 0) KSP residual norm 1.161133e+01
  1 (restart 0) KSP residual norm 3.670910e-01
  2 (restart 0) KSP residual norm 1.861422e-01
  3 (restart 0) KSP residual norm 8.893407e-02
  4 (restart 0) KSP residual norm 1.938423e-02
  5 (restart 0) KSP residual norm 1.351534e-03
  6 (restart 0) KSP residual norm 3.227676e-04
  7 (restart 0) KSP residual norm 1.614431e-04
  8 (restart 0) KSP residual norm 9.894578e-05
  9 (restart 0) KSP residual norm 2.309239e-05
 10 (restart 0) KSP residual norm 1.490223e-05
 11 (restart 0) KSP residual norm 5.850940e-06
GMRES solver converged in 11 iterations (avg. reduction factor: 2.676e-01)
 Sol. ||E|| = 1.125386e+01 (||RHS|| = 4.259620e-03)
 Field energy E (1.526e-12 J) + H (8.824e-12 J) = 1.035e-11 J
 S[1][2] = +9.389e-01-6.797e-03i, |S[1][2]| = -5.470e-01, arg(S[1][2]) = -4.147e-01
 S[2][2] = +6.100e-02+4.868e-03i, |S[2][2]| = -2.427e+01, arg(S[2][2]) = +4.563e+00
 Updating solution error estimates

It 2/2: ω/2π = 2.000e+01 GHz (total elapsed time = 1.86e+01 s, solve 4/4)

  Residual norms for GMRES solve

** Memory Usage **********************************
** Total highmark (MB):
    Sum-of-all :   194.81 | Avg :   194.81  | Max :   194.81
    Max at rank 0, different stages (MB):
	. symbfact            0.00
	. distribution      194.81
	. numfact           162.99
** NUMfact space (MB): (sum-of-all-processes)
    L\U :          109.55 |  Total :   162.99
	. max at rank 0, max L+U memory (MB):   109.55
	. max at rank 0, peak buffer (MB):       53.44
**************************************************

** number of Tiny Pivots:        0

  0 (restart 0) KSP residual norm 1.478816e+01
  1 (restart 0) KSP residual norm 5.039032e+00
  2 (restart 0) KSP residual norm 1.705535e+00
  3 (restart 0) KSP residual norm 3.042548e-01
  4 (restart 0) KSP residual norm 1.876392e-01
  5 (restart 0) KSP residual norm 6.076428e-02
  6 (restart 0) KSP residual norm 3.703270e-02
  7 (restart 0) KSP residual norm 1.330917e-02
  8 (restart 0) KSP residual norm 7.607180e-03
  9 (restart 0) KSP residual norm 5.400182e-03
 10 (restart 0) KSP residual norm 3.002337e-03
 11 (restart 0) KSP residual norm 8.517245e-04
 12 (restart 0) KSP residual norm 6.159910e-04
 13 (restart 0) KSP residual norm 2.300042e-04
 14 (restart 0) KSP residual norm 1.572534e-04
 15 (restart 0) KSP residual norm 5.847515e-05
 16 (restart 0) KSP residual norm 4.047637e-05
 17 (restart 0) KSP residual norm 1.902261e-05
 18 (restart 0) KSP residual norm 1.308737e-05
GMRES solver converged in 18 iterations (avg. reduction factor: 4.610e-01)
 Sol. ||E|| = 1.728316e+01 (||RHS|| = 8.519241e-01)
 Field energy E (3.165e-12 J) + H (4.741e-12 J) = 7.906e-12 J
 S[1][2] = +1.751e-01-4.528e-01i, |S[1][2]| = -6.277e+00, arg(S[1][2]) = -6.885e+01
 S[2][2] = +7.817e-01+2.245e-01i, |S[2][2]| = -1.795e+00, arg(S[2][2]) = +1.602e+01
 Updating solution error estimates

Completed 0 iterations of adaptive mesh refinement (AMR):
 Indicator norm = 5.267e-01, global unknowns = 41619
 Max. iterations = 0, tol. = 1.000e-02, max. size = 2000000

Estimated peak per-rank memory usage is: Min. 579.6M, Max. 579.6M, Avg. 579.6M, Total 579.6M
Estimated peak per-node memory usage is: Min. 579.6M, Max. 579.6M, Avg. 579.6M, Total 579.6M

Elapsed Time Report (s)           Min.        Max.        Avg.
==============================================================
Initialization                   0.069       0.069       0.069
  Mesh Preprocessing             0.345       0.345       0.345
Operator Construction            0.198       0.198       0.198
Linear Solve                     4.412       4.412       4.412
  Setup                          1.601       1.601       1.601
  Preconditioner                 3.663       3.663       3.663
Estimation                       0.179       0.179       0.179
  Construction                   1.176       1.176       1.176
  Solve                         13.029      13.029      13.029
Postprocessing                   1.322       1.322       1.322
Disk IO                          0.367       0.367       0.367
--------------------------------------------------------------
Total                           26.683      26.683      26.683

Peak Memory                   Per-Node       Total   Total HWM
==============================================================
Initialization                    1.5M        1.5M        1.5M
  Mesh Preprocessing             17.3M       17.3M       18.9M
Operator Construction            16.2M       16.2M       35.1M
Linear Solve                     22.3M       22.3M       57.3M
  Setup                         139.3M      139.3M      196.6M
  Preconditioner                231.3M      231.3M      428.0M
Estimation                       21.5M       21.5M      449.5M
  Construction                   49.2M       49.2M      498.7M
  Solve                          23.1M       23.1M      521.8M
Postprocessing                   21.5M       21.5M      543.3M
Disk IO                          12.4M       12.4M      555.7M
--------------------------------------------------------------
Total                           569.9M      569.9M      569.9M

Found extra file with port information: /foss/designs/inductor_synth/palace_model/inductor2_N2_do135.5_w6_s3_data/port_information.json
Port Z0 values found: [50, 50]
Port impedance for Touchstone header:  50
Number of ports:  2
Created combined S-parameter file for  2 ports, filename:  /foss/designs/inductor_synth/palace_model/inductor2_N2_do135.5_w6_s3_data/output/inductor2_N2_do135.5_w6_s3/inductor2_N2_do135.5_w6_s3.s2p
Skipping DC extrapolation, not enough frequency points
Port de-embedding based on port geometry data
Cascading L= -1.82 pH at port 1
Cascading L= -1.82 pH at port 2
Created file with de-embedding (cascaded negative port L):  /foss/designs/inductor_synth/palace_model/inductor2_N2_do135.5_w6_s3_data/output/inductor2_N2_do135.5_w6_s3/inductor2_N2_do135.5_w6_s3_deembedded 

Found extra file with port information: /foss/designs/inductor_synth/palace_model/inductor2_N2_do146.78_w8_s3_data/port_information.json
Port Z0 values found: [50, 50]
Port impedance for Touchstone header:  50
Number of ports:  2
Created combined S-parameter file for  2 ports, filename:  /foss/designs/inductor_synth/palace_model/inductor2_N2_do146.78_w8_s3_data/output/inductor2_N2_do146.78_w8_s3/inductor2_N2_do146.78_w8_s3.s2p
Skipping DC extrapolation, not enough frequency points
Port de-embedding based on port geometry data
Cascading L= -1.82 pH at port 1
Cascading L= -1.82 pH at port 2
Created file with de-embedding (cascaded negative port L):  /foss/designs/inductor_synth/palace_model/inductor2_N2_do146.78_w8_s3_data/output/inductor2_N2_do146.78_w8_s3/inductor2_N2_do146.78_w8_s3_deembedded 

Info    : Meshing 1D...
Info    : [  0%] Meshing curve 64 (Line)
Info    : [ 10%] Meshing curve 65 (Line)
Info    : [ 10%] Meshing curve 67 (Line)
Info    : [ 10%] Meshing curve 69 (Line)
Info    : [ 10%] Meshing curve 70 (Line)
Info    : [ 10%] Meshing curve 71 (Line)
Info    : [ 10%] Meshing curve 72 (Line)
Info    : [ 10%] Meshing curve 76 (Line)
Info    : [ 10%] Meshing curve 77 (Line)
Info    : [ 10%] Meshing curve 79 (Line)
Info    : [ 10%] Meshing curve 81 (Line)
Info    : [ 10%] Meshing curve 82 (Line)
Info    : [ 10%] Meshing curve 83 (Line)
Info    : [ 10%] Meshing curve 84 (Line)
Info    : [ 10%] Meshing curve 85 (Line)
Info    : [ 10%] Meshing curve 86 (Line)
Info    : [ 10%] Meshing curve 87 (Line)
Info    : [ 10%] Meshing curve 88 (Line)
Info    : [ 10%] Meshing curve 89 (Line)
Info    : [ 10%] Meshing curve 90 (Line)
Info    : [ 10%] Meshing curve 91 (Line)
Info    : [ 10%] Meshing curve 92 (Line)
Info    : [ 10%] Meshing curve 93 (Line)
Info    : [ 10%] Meshing curve 94 (Line)
Info    : [ 10%] Meshing curve 95 (Line)
Info    : [ 10%] Meshing curve 96 (Line)
Info    : [ 10%] Meshing curve 97 (Line)
Info    : [ 10%] Meshing curve 98 (Line)
Info    : [ 10%] Meshing curve 99 (Line)
Info    : [ 10%] Meshing curve 100 (Line)
Info    : [ 10%] Meshing curve 101 (Line)
Info    : [ 10%] Meshing curve 102 (Line)
Info    : [ 10%] Meshing curve 103 (Line)
Info    : [ 20%] Meshing curve 104 (Line)
Info    : [ 20%] Meshing curve 105 (Line)
Info    : [ 20%] Meshing curve 106 (Line)
Info    : [ 20%] Meshing curve 107 (Line)
Info    : [ 20%] Meshing curve 108 (Line)
Info    : [ 20%] Meshing curve 109 (Line)
Info    : [ 20%] Meshing curve 110 (Line)
Info    : [ 20%] Meshing curve 111 (Line)
Info    : [ 20%] Meshing curve 112 (Line)
Info    : [ 20%] Meshing curve 113 (Line)
Info    : [ 20%] Meshing curve 114 (Line)
Info    : [ 20%] Meshing curve 115 (Line)
Info    : [ 20%] Meshing curve 116 (Line)
Info    : [ 20%] Meshing curve 117 (Line)
Info    : [ 20%] Meshing curve 118 (Line)
Info    : [ 20%] Meshing curve 119 (Line)
Info    : [ 20%] Meshing curve 120 (Line)
Info    : [ 20%] Meshing curve 121 (Line)
Info    : [ 20%] Meshing curve 122 (Line)
Info    : [ 20%] Meshing curve 123 (Line)
Info    : [ 20%] Meshing curve 124 (Line)
Info    : [ 20%] Meshing curve 125 (Line)
Info    : [ 20%] Meshing curve 126 (Line)
Info    : [ 20%] Meshing curve 127 (Line)
Info    : [ 20%] Meshing curve 128 (Line)
Info    : [ 20%] Meshing curve 129 (Line)
Info    : [ 20%] Meshing curve 130 (Line)
Info    : [ 20%] Meshing curve 131 (Line)
Info    : [ 20%] Meshing curve 132 (Line)
Info    : [ 20%] Meshing curve 133 (Line)
Info    : [ 20%] Meshing curve 134 (Line)
Info    : [ 20%] Meshing curve 135 (Line)
Info    : [ 20%] Meshing curve 136 (Line)
Info    : [ 30%] Meshing curve 137 (Line)
Info    : [ 30%] Meshing curve 138 (Line)
Info    : [ 30%] Meshing curve 139 (Line)
Info    : [ 30%] Meshing curve 140 (Line)
Info    : [ 30%] Meshing curve 141 (Line)
Info    : [ 30%] Meshing curve 142 (Line)
Info    : [ 30%] Meshing curve 143 (Line)
Info    : [ 30%] Meshing curve 144 (Line)
Info    : [ 30%] Meshing curve 145 (Line)
Info    : [ 30%] Meshing curve 146 (Line)
Info    : [ 30%] Meshing curve 147 (Line)
Info    : [ 30%] Meshing curve 148 (Line)
Info    : [ 30%] Meshing curve 149 (Line)
Info    : [ 30%] Meshing curve 150 (Line)
Info    : [ 30%] Meshing curve 151 (Line)
Info    : [ 30%] Meshing curve 152 (Line)
Info    : [ 30%] Meshing curve 153 (Line)
Info    : [ 30%] Meshing curve 154 (Line)
Info    : [ 30%] Meshing curve 155 (Line)
Info    : [ 30%] Meshing curve 156 (Line)
Info    : [ 30%] Meshing curve 385 (Line)
Info    : [ 30%] Meshing curve 386 (Line)
Info    : [ 30%] Meshing curve 387 (Line)
Info    : [ 30%] Meshing curve 388 (Line)
Info    : [ 30%] Meshing curve 389 (Line)
Info    : [ 30%] Meshing curve 390 (Line)
Info    : [ 30%] Meshing curve 391 (Line)
Info    : [ 30%] Meshing curve 392 (Line)
Info    : [ 30%] Meshing curve 393 (Line)
Info    : [ 30%] Meshing curve 394 (Line)
Info    : [ 30%] Meshing curve 395 (Line)
Info    : [ 30%] Meshing curve 396 (Line)
Info    : [ 40%] Meshing curve 397 (TrimmedCurve)
Info    : [ 40%] Meshing curve 398 (Line)
Info    : [ 40%] Meshing curve 399 (TrimmedCurve)
Info    : [ 40%] Meshing curve 400 (Line)
Info    : [ 40%] Meshing curve 401 (Line)
Info    : [ 40%] Meshing curve 402 (Line)
Info    : [ 40%] Meshing curve 403 (Line)
Info    : [ 40%] Meshing curve 404 (Line)
Info    : [ 40%] Meshing curve 405 (Line)
Info    : [ 40%] Meshing curve 406 (Line)
Info    : [ 40%] Meshing curve 407 (Line)
Info    : [ 40%] Meshing curve 408 (TrimmedCurve)
Info    : [ 40%] Meshing curve 409 (Line)
Info    : [ 40%] Meshing curve 410 (TrimmedCurve)
Info    : [ 40%] Meshing curve 411 (Line)
Info    : [ 40%] Meshing curve 412 (Line)
Info    : [ 40%] Meshing curve 413 (Line)
Info    : [ 40%] Meshing curve 414 (Line)
Info    : [ 40%] Meshing curve 415 (Line)
Info    : [ 40%] Meshing curve 416 (Line)
Info    : [ 40%] Meshing curve 417 (Line)
Info    : [ 40%] Meshing curve 418 (Line)
Info    : [ 40%] Meshing curve 419 (Line)
Info    : [ 40%] Meshing curve 420 (Line)
Info    : [ 40%] Meshing curve 421 (Line)
Info    : [ 40%] Meshing curve 422 (Line)
Info    : [ 40%] Meshing curve 423 (Line)
Info    : [ 40%] Meshing curve 424 (Line)
Info    : [ 40%] Meshing curve 425 (Line)
Info    : [ 40%] Meshing curve 426 (Line)
Info    : [ 40%] Meshing curve 427 (Line)
Info    : [ 40%] Meshing curve 428 (Line)
Info    : [ 40%] Meshing curve 429 (Line)
Info    : [ 50%] Meshing curve 430 (Line)
Info    : [ 50%] Meshing curve 431 (Line)
Info    : [ 50%] Meshing curve 432 (TrimmedCurve)
Info    : [ 50%] Meshing curve 433 (Line)
Info    : [ 50%] Meshing curve 434 (TrimmedCurve)
Info    : [ 50%] Meshing curve 435 (Line)
Info    : [ 50%] Meshing curve 436 (TrimmedCurve)
Info    : [ 50%] Meshing curve 437 (Line)
Info    : [ 50%] Meshing curve 438 (TrimmedCurve)
Info    : [ 50%] Meshing curve 439 (Line)
Info    : [ 50%] Meshing curve 440 (TrimmedCurve)
Info    : [ 50%] Meshing curve 441 (Line)
Info    : [ 50%] Meshing curve 442 (TrimmedCurve)
Info    : [ 50%] Meshing curve 443 (Line)
Info    : [ 50%] Meshing curve 444 (Line)
Info    : [ 50%] Meshing curve 445 (Line)
Info    : [ 50%] Meshing curve 446 (Line)
Info    : [ 50%] Meshing curve 447 (Line)
Info    : [ 50%] Meshing curve 448 (TrimmedCurve)
Info    : [ 50%] Meshing curve 449 (Line)
Info    : [ 50%] Meshing curve 450 (TrimmedCurve)
Info    : [ 50%] Meshing curve 451 (Line)
Info    : [ 50%] Meshing curve 452 (TrimmedCurve)
Info    : [ 50%] Meshing curve 453 (Line)
Info    : [ 50%] Meshing curve 454 (TrimmedCurve)
Info    : [ 50%] Meshing curve 455 (Line)
Info    : [ 50%] Meshing curve 456 (TrimmedCurve)
Info    : [ 50%] Meshing curve 457 (Line)
Info    : [ 50%] Meshing curve 458 (TrimmedCurve)
Info    : [ 50%] Meshing curve 459 (Line)
Info    : [ 50%] Meshing curve 460 (Line)
Info    : [ 50%] Meshing curve 461 (TrimmedCurve)
Info    : [ 50%] Meshing curve 462 (Line)
Info    : [ 60%] Meshing curve 463 (TrimmedCurve)
Info    : [ 60%] Meshing curve 464 (Line)
Info    : [ 60%] Meshing curve 465 (TrimmedCurve)
Info    : [ 60%] Meshing curve 466 (Line)
Info    : [ 60%] Meshing curve 467 (TrimmedCurve)
Info    : [ 60%] Meshing curve 468 (Line)
Info    : [ 60%] Meshing curve 469 (TrimmedCurve)
Info    : [ 60%] Meshing curve 470 (Line)
Info    : [ 60%] Meshing curve 471 (TrimmedCurve)
Info    : [ 60%] Meshing curve 472 (Line)
Info    : [ 60%] Meshing curve 473 (Line)
Info    : [ 60%] Meshing curve 474 (Line)
Info    : [ 60%] Meshing curve 475 (Line)
Info    : [ 60%] Meshing curve 476 (Line)
Info    : [ 60%] Meshing curve 477 (TrimmedCurve)
Info    : [ 60%] Meshing curve 478 (Line)
Info    : [ 60%] Meshing curve 479 (TrimmedCurve)
Info    : [ 60%] Meshing curve 480 (Line)
Info    : [ 60%] Meshing curve 481 (TrimmedCurve)
Info    : [ 60%] Meshing curve 482 (Line)
Info    : [ 60%] Meshing curve 483 (TrimmedCurve)
Info    : [ 60%] Meshing curve 484 (Line)
Info    : [ 60%] Meshing curve 485 (TrimmedCurve)
Info    : [ 60%] Meshing curve 486 (Line)
Info    : [ 60%] Meshing curve 487 (TrimmedCurve)
Info    : [ 60%] Meshing curve 488 (Line)
Info    : [ 60%] Meshing curve 489 (Line)
Info    : [ 60%] Meshing curve 490 (Line)
Info    : [ 60%] Meshing curve 491 (Line)
Info    : [ 60%] Meshing curve 492 (Line)
Info    : [ 60%] Meshing curve 493 (Line)
Info    : [ 60%] Meshing curve 494 (Line)
Info    : [ 70%] Meshing curve 495 (Line)
Info    : [ 70%] Meshing curve 496 (Line)
Info    : [ 70%] Meshing curve 497 (Line)
Info    : [ 70%] Meshing curve 498 (Line)
Info    : [ 70%] Meshing curve 499 (Line)
Info    : [ 70%] Meshing curve 500 (Line)
Info    : [ 70%] Meshing curve 501 (Line)
Info    : [ 70%] Meshing curve 502 (Line)
Info    : [ 70%] Meshing curve 503 (Line)
Info    : [ 70%] Meshing curve 504 (Line)
Info    : [ 70%] Meshing curve 505 (Line)
Info    : [ 70%] Meshing curve 506 (Line)
Info    : [ 70%] Meshing curve 507 (Line)
Info    : [ 70%] Meshing curve 508 (Line)
Info    : [ 70%] Meshing curve 509 (Line)
Info    : [ 70%] Meshing curve 510 (Line)
Info    : [ 70%] Meshing curve 511 (Line)
Info    : [ 70%] Meshing curve 512 (Line)
Info    : [ 70%] Meshing curve 513 (Line)
Info    : [ 70%] Meshing curve 514 (Line)
Info    : [ 70%] Meshing curve 515 (Line)
Info    : [ 70%] Meshing curve 516 (Line)
Info    : [ 70%] Meshing curve 517 (Line)
Info    : [ 70%] Meshing curve 518 (Line)
Info    : [ 70%] Meshing curve 519 (Line)
Info    : [ 70%] Meshing curve 520 (Line)
Info    : [ 70%] Meshing curve 521 (Line)
Info    : [ 70%] Meshing curve 522 (Line)
Info    : [ 70%] Meshing curve 523 (Line)
Info    : [ 70%] Meshing curve 524 (Line)
Info    : [ 70%] Meshing curve 525 (Line)
Info    : [ 70%] Meshing curve 526 (Line)
Info    : [ 70%] Meshing curve 527 (Line)
Info    : [ 80%] Meshing curve 528 (TrimmedCurve)
Info    : [ 80%] Meshing curve 529 (Line)
Info    : [ 80%] Meshing curve 530 (Line)
Info    : [ 80%] Meshing curve 531 (Line)
Info    : [ 80%] Meshing curve 532 (Line)
Info    : [ 80%] Meshing curve 533 (Line)
Info    : [ 80%] Meshing curve 534 (TrimmedCurve)
Info    : [ 80%] Meshing curve 535 (Line)
Info    : [ 80%] Meshing curve 536 (Line)
Info    : [ 80%] Meshing curve 537 (TrimmedCurve)
Info    : [ 80%] Meshing curve 538 (Line)
Info    : [ 80%] Meshing curve 539 (Line)
Info    : [ 80%] Meshing curve 540 (Line)
Info    : [ 80%] Meshing curve 541 (Line)
Info    : [ 80%] Meshing curve 542 (Line)
Info    : [ 80%] Meshing curve 543 (TrimmedCurve)
Info    : [ 80%] Meshing curve 544 (Line)
Info    : [ 80%] Meshing curve 545 (Line)
Info    : [ 80%] Meshing curve 546 (Line)
Info    : [ 80%] Meshing curve 547 (Line)
Info    : [ 80%] Meshing curve 548 (Line)
Info    : [ 80%] Meshing curve 549 (Line)
Info    : [ 80%] Meshing curve 550 (Line)
Info    : [ 80%] Meshing curve 551 (Line)
Info    : [ 80%] Meshing curve 552 (Line)
Info    : [ 80%] Meshing curve 553 (Line)
Info    : [ 80%] Meshing curve 554 (Line)
Info    : [ 80%] Meshing curve 555 (Line)
Info    : [ 80%] Meshing curve 556 (Line)
Info    : [ 80%] Meshing curve 557 (Line)
Info    : [ 80%] Meshing curve 558 (Line)
Info    : [ 80%] Meshing curve 559 (Line)
Info    : [ 90%] Meshing curve 560 (Line)
Info    : [ 90%] Meshing curve 561 (Line)
Info    : [ 90%] Meshing curve 562 (Line)
Info    : [ 90%] Meshing curve 563 (Line)
Info    : [ 90%] Meshing curve 564 (Line)
Info    : [ 90%] Meshing curve 565 (Line)
Info    : [ 90%] Meshing curve 566 (Line)
Info    : [ 90%] Meshing curve 567 (Line)
Info    : [ 90%] Meshing curve 568 (Line)
Info    : [ 90%] Meshing curve 569 (Line)
Info    : [ 90%] Meshing curve 570 (Line)
Info    : [ 90%] Meshing curve 571 (Line)
Info    : [ 90%] Meshing curve 572 (Line)
Info    : [ 90%] Meshing curve 573 (Line)
Info    : [ 90%] Meshing curve 574 (Line)
Info    : [ 90%] Meshing curve 575 (Line)
Info    : [ 90%] Meshing curve 576 (Line)
Info    : [ 90%] Meshing curve 577 (Line)
Info    : [ 90%] Meshing curve 578 (Line)
Info    : [ 90%] Meshing curve 579 (Line)
Info    : [ 90%] Meshing curve 580 (Line)
Info    : [ 90%] Meshing curve 581 (Line)
Info    : [ 90%] Meshing curve 582 (Line)
Info    : [ 90%] Meshing curve 583 (Line)
Info    : [ 90%] Meshing curve 584 (Line)
Info    : [ 90%] Meshing curve 585 (Line)
Info    : [ 90%] Meshing curve 586 (Line)
Info    : [ 90%] Meshing curve 587 (Line)
Info    : [ 90%] Meshing curve 588 (Line)
Info    : [ 90%] Meshing curve 589 (Line)
Info    : [ 90%] Meshing curve 590 (Line)
Info    : [ 90%] Meshing curve 591 (Line)
Info    : [ 90%] Meshing curve 592 (Line)
Info    : [100%] Meshing curve 593 (Line)
Info    : [100%] Meshing curve 594 (Line)
Info    : [100%] Meshing curve 595 (Line)
Info    : [100%] Meshing curve 596 (Line)
Info    : [100%] Meshing curve 597 (Line)
Info    : [100%] Meshing curve 598 (Line)
Info    : [100%] Meshing curve 599 (Line)
Info    : [100%] Meshing curve 600 (Line)
Info    : [100%] Meshing curve 601 (Line)
Info    : [100%] Meshing curve 602 (Line)
Info    : [100%] Meshing curve 603 (Line)
Info    : [100%] Meshing curve 604 (Line)
Info    : [100%] Meshing curve 605 (Line)
Info    : [100%] Meshing curve 606 (Line)
Info    : [100%] Meshing curve 607 (Line)
Info    : [100%] Meshing curve 608 (Line)
Info    : [100%] Meshing curve 609 (Line)
Info    : [100%] Meshing curve 610 (Line)
Info    : [100%] Meshing curve 611 (Line)
Info    : [100%] Meshing curve 612 (Line)
Info    : [100%] Meshing curve 613 (Line)
Info    : [100%] Meshing curve 614 (Line)
Info    : [100%] Meshing curve 615 (Line)
Info    : [100%] Meshing curve 616 (Line)
Info    : [100%] Meshing curve 617 (Line)
Info    : [100%] Meshing curve 618 (Line)
Info    : [100%] Meshing curve 619 (Line)
Info    : [100%] Meshing curve 620 (Line)
Info    : [100%] Meshing curve 621 (Line)
Info    : [100%] Meshing curve 622 (Line)
Info    : [100%] Meshing curve 623 (Line)
Info    : [100%] Meshing curve 624 (Line)
Info    : Done meshing 1D (Wall 1.89545s, CPU 1.89516s)
Info    : Meshing 2D...
Info    : [  0%] Meshing surface 35 (Plane, Delaunay)
Info    : [ 10%] Meshing surface 41 (Plane, Delaunay)
Info    : [ 10%] Meshing surface 43 (Plane, Delaunay)
Info    : [ 10%] Meshing surface 44 (Plane, Delaunay)
Info    : [ 10%] Meshing surface 45 (Plane, Delaunay)
Info    : [ 10%] Meshing surface 46 (Plane, Delaunay)
Info    : [ 10%] Meshing surface 47 (Plane, Delaunay)
Info    : [ 10%] Meshing surface 48 (Plane, Delaunay)
Info    : [ 10%] Meshing surface 49 (Plane, Delaunay)
Info    : [ 10%] Meshing surface 50 (Plane, Delaunay)
Info    : [ 10%] Meshing surface 51 (Plane, Delaunay)
Info    : [ 10%] Meshing surface 53 (Plane, Delaunay)
Info    : [ 10%] Meshing surface 54 (Plane, Delaunay)
Info    : [ 10%] Meshing surface 55 (Plane, Delaunay)
Info    : [ 10%] Meshing surface 56 (Plane, Delaunay)
Info    : [ 20%] Meshing surface 57 (Plane, Delaunay)
Info    : [ 20%] Meshing surface 58 (Plane, Delaunay)
Info    : [ 20%] Meshing surface 59 (Plane, Delaunay)
Info    : [ 20%] Meshing surface 60 (Plane, Delaunay)
Info    : [ 20%] Meshing surface 61 (Plane, Delaunay)
Info    : [ 20%] Meshing surface 62 (Plane, Delaunay)
Info    : [ 20%] Meshing surface 63 (Plane, Delaunay)
Info    : [ 20%] Meshing surface 64 (Plane, Delaunay)
Info    : [ 20%] Meshing surface 65 (Plane, Delaunay)
Info    : [ 20%] Meshing surface 66 (Plane, Delaunay)
Info    : [ 20%] Meshing surface 67 (Plane, Delaunay)
Info    : [ 20%] Meshing surface 68 (Plane, Delaunay)
Info    : [ 20%] Meshing surface 69 (Plane, Delaunay)
Info    : [ 20%] Meshing surface 70 (Plane, Delaunay)
Info    : [ 30%] Meshing surface 71 (Plane, Delaunay)
Info    : [ 30%] Meshing surface 72 (Plane, Delaunay)
Info    : [ 30%] Meshing surface 73 (Plane, Delaunay)
Info    : [ 30%] Meshing surface 74 (Plane, Delaunay)
Info    : [ 30%] Meshing surface 75 (Plane, Delaunay)
Info    : [ 30%] Meshing surface 76 (Plane, Delaunay)
Info    : [ 30%] Meshing surface 173 (Plane, Delaunay)
Info    : [ 30%] Meshing surface 174 (Plane, Delaunay)
Info    : [ 30%] Meshing surface 175 (Plane, Delaunay)
Info    : [ 30%] Meshing surface 177 (Plane, Delaunay)
Info    : [ 30%] Meshing surface 178 (Plane, Delaunay)
Info    : [ 30%] Meshing surface 179 (Plane, Delaunay)
Info    : [ 30%] Meshing surface 180 (Plane, Delaunay)
Info    : [ 30%] Meshing surface 181 (Plane, Delaunay)
Info    : [ 40%] Meshing surface 182 (Plane, Delaunay)
Info    : [ 40%] Meshing surface 183 (Plane, Delaunay)
Info    : [ 40%] Meshing surface 184 (Plane, Delaunay)
Info    : [ 40%] Meshing surface 185 (Plane, Delaunay)
Info    : [ 40%] Meshing surface 186 (Plane, Delaunay)
Info    : [ 40%] Meshing surface 187 (Plane, Delaunay)
Info    : [ 40%] Meshing surface 188 (Plane, Delaunay)
Info    : [ 40%] Meshing surface 189 (Plane, Delaunay)
Info    : [ 40%] Meshing surface 191 (Plane, Delaunay)
Info    : [ 40%] Meshing surface 192 (Plane, Delaunay)
Info    : [ 40%] Meshing surface 193 (Plane, Delaunay)
Info    : [ 40%] Meshing surface 194 (Plane, Delaunay)
Info    : [ 40%] Meshing surface 195 (Plane, Delaunay)
Info    : [ 40%] Meshing surface 196 (Plane, Delaunay)
Info    : [ 50%] Meshing surface 197 (Plane, Delaunay)
Info    : [ 50%] Meshing surface 198 (Plane, Delaunay)
Info    : [ 50%] Meshing surface 199 (Plane, Delaunay)
Info    : [ 50%] Meshing surface 200 (Plane, Delaunay)
Info    : [ 50%] Meshing surface 201 (Plane, Delaunay)
Info    : [ 50%] Meshing surface 202 (Plane, Delaunay)
Info    : [ 50%] Meshing surface 203 (Plane, Delaunay)
Info    : [ 50%] Meshing surface 204 (Plane, Delaunay)
Info    : [ 50%] Meshing surface 205 (Plane, Delaunay)
Info    : [ 50%] Meshing surface 206 (Plane, Delaunay)
Info    : [ 50%] Meshing surface 207 (Plane, Delaunay)
Info    : [ 50%] Meshing surface 208 (Plane, Delaunay)
Info    : [ 50%] Meshing surface 209 (Plane, Delaunay)
Info    : [ 50%] Meshing surface 210 (Plane, Delaunay)
Info    : [ 50%] Meshing surface 211 (Plane, Delaunay)
Info    : [ 60%] Meshing surface 212 (Plane, Delaunay)
Info    : [ 60%] Meshing surface 213 (Plane, Delaunay)
Info    : [ 60%] Meshing surface 214 (Plane, Delaunay)
Info    : [ 60%] Meshing surface 215 (Plane, Delaunay)
Info    : [ 60%] Meshing surface 216 (Plane, Delaunay)
Info    : [ 60%] Meshing surface 217 (Plane, Delaunay)
Info    : [ 60%] Meshing surface 218 (Plane, Delaunay)
Info    : [ 60%] Meshing surface 219 (Plane, Delaunay)
Info    : [ 60%] Meshing surface 220 (Plane, Delaunay)
Info    : [ 60%] Meshing surface 221 (Plane, Delaunay)
Info    : [ 60%] Meshing surface 222 (Plane, Delaunay)
Info    : [ 60%] Meshing surface 223 (Plane, Delaunay)
Info    : [ 60%] Meshing surface 225 (Plane, Delaunay)
Info    : [ 60%] Meshing surface 226 (Plane, Delaunay)
Info    : [ 70%] Meshing surface 227 (Plane, Delaunay)
Info    : [ 70%] Meshing surface 228 (Plane, Delaunay)
Info    : [ 70%] Meshing surface 229 (Plane, Delaunay)
Info    : [ 70%] Meshing surface 230 (Plane, Delaunay)
Info    : [ 70%] Meshing surface 231 (Plane, Delaunay)
Info    : [ 70%] Meshing surface 232 (Plane, Delaunay)
Info    : [ 70%] Meshing surface 233 (Plane, Delaunay)
Info    : [ 70%] Meshing surface 234 (Plane, Delaunay)
Info    : [ 70%] Meshing surface 235 (Plane, Delaunay)
Info    : [ 70%] Meshing surface 236 (Plane, Delaunay)
Info    : [ 70%] Meshing surface 237 (Plane, Delaunay)
Info    : [ 70%] Meshing surface 238 (Plane, Delaunay)
Info    : [ 70%] Meshing surface 239 (Plane, Delaunay)
Info    : [ 70%] Meshing surface 240 (Plane, Delaunay)
Info    : [ 80%] Meshing surface 241 (Plane, Delaunay)
Info    : [ 80%] Meshing surface 242 (Plane, Delaunay)
Info    : [ 80%] Meshing surface 243 (Plane, Delaunay)
Info    : [ 80%] Meshing surface 244 (Plane, Delaunay)
Info    : [ 80%] Meshing surface 245 (Plane, Delaunay)
Info    : [ 80%] Meshing surface 246 (Plane, Delaunay)
Info    : [ 80%] Meshing surface 247 (Plane, Delaunay)
Info    : [ 80%] Meshing surface 248 (Plane, Delaunay)
Info    : [ 80%] Meshing surface 249 (Plane, Delaunay)
Info    : [ 80%] Meshing surface 250 (Plane, Delaunay)
Info    : [ 80%] Meshing surface 251 (Plane, Delaunay)
Info    : [ 80%] Meshing surface 252 (Plane, Delaunay)
Info    : [ 80%] Meshing surface 253 (Plane, Delaunay)
Info    : [ 80%] Meshing surface 254 (Plane, Delaunay)
Info    : [ 90%] Meshing surface 255 (Plane, Delaunay)
Info    : [ 90%] Meshing surface 256 (Plane, Delaunay)
Info    : [ 90%] Meshing surface 257 (Plane, Delaunay)
Info    : [ 90%] Meshing surface 258 (Plane, Delaunay)
Info    : [ 90%] Meshing surface 259 (Plane, Delaunay)
Info    : [ 90%] Meshing surface 260 (Plane, Delaunay)
Info    : [ 90%] Meshing surface 261 (Plane, Delaunay)
Info    : [ 90%] Meshing surface 262 (Plane, Delaunay)
Info    : [ 90%] Meshing surface 263 (Plane, Delaunay)
Info    : [ 90%] Meshing surface 264 (Plane, Delaunay)
Info    : [ 90%] Meshing surface 265 (Plane, Delaunay)
Info    : [ 90%] Meshing surface 266 (Plane, Delaunay)
Info    : [ 90%] Meshing surface 267 (Plane, Delaunay)
Info    : [ 90%] Meshing surface 268 (Plane, Delaunay)
Info    : [100%] Meshing surface 269 (Plane, Delaunay)
Info    : [100%] Meshing surface 270 (Plane, Delaunay)
Info    : [100%] Meshing surface 271 (Plane, Delaunay)
Info    : [100%] Meshing surface 272 (Plane, Delaunay)
Info    : [100%] Meshing surface 273 (Plane, Delaunay)
Info    : [100%] Meshing surface 274 (Plane, Delaunay)
Info    : [100%] Meshing surface 275 (Plane, Delaunay)
Info    : [100%] Meshing surface 276 (Plane, Delaunay)
Info    : [100%] Meshing surface 277 (Plane, Delaunay)
Info    : [100%] Meshing surface 278 (Plane, Delaunay)
Info    : [100%] Meshing surface 279 (Plane, Delaunay)
Info    : [100%] Meshing surface 280 (Plane, Delaunay)
Info    : [100%] Meshing surface 281 (Plane, Delaunay)
Info    : [100%] Meshing surface 282 (Plane, Delaunay)
Info    : Done meshing 2D (Wall 0.592201s, CPU 0.592098s)
Info    : Meshing 3D...
Info    : 3D Meshing 16 volumes with 1 connected component
Info    : Tetrahedrizing 4795 nodes...
Info    : Done tetrahedrizing 4803 nodes (Wall 0.0628431s, CPU 0.062833s)
Info    : Reconstructing mesh...
Info    :  - Creating surface mesh
Info    :  - Identifying boundary edges
Info    :  - Recovering boundary
Info    :  - Added 29 Steiner points
Info    : Done reconstructing mesh (Wall 0.228038s, CPU 0.227996s)
Info    : Found volume 27
Info    : Found volume 28
Info    : Found volume 23
Info    : Found volume 12
Info    : Found volume 26
Info    : Found volume 30
Info    : Found volume 29
Info    : Found volume 31
Info    : Found volume 6
Info    : Found volume 7
Info    : Found volume 8
Info    : Found volume 25
Info    : Found volume 24
Info    : Found volume 11
Info    : Found volume 10
Info    : Found volume 9
Info    : It. 0 - 0 nodes created - worst tet radius 18.0716 (nodes removed 0 0)
Info    : It. 500 - 0 nodes created - worst tet radius 3.80421 (nodes removed 0 500)
Info    : It. 1000 - 19 nodes created - worst tet radius 2.17457 (nodes removed 0 981)
Info    : It. 1500 - 84 nodes created - worst tet radius 1.46398 (nodes removed 0 1416)
Info    : It. 2000 - 189 nodes created - worst tet radius 1.19197 (nodes removed 0 1811)
Info    : It. 2500 - 315 nodes created - worst tet radius 1.05093 (nodes removed 1 2184)
Info    : 3D refinement terminated (5230 nodes total):
Info    :  - 6 Delaunay cavities modified for star shapeness
Info    :  - 2373 nodes could not be inserted
Info    :  - 30962 tetrahedra created in 0.138823 sec. (223032 tets/s)
Info    : 294 node relocations
Info    : Done meshing 3D (Wall 0.681401s, CPU 0.681284s)
Info    : Optimizing mesh...
Info    : Optimizing volume 6
Info    : Optimization starts (volume = 234) with worst = 0.209192 / average = 0.599817:
Info    : 0.00 < quality < 0.10 :         0 elements
Info    : 0.10 < quality < 0.20 :         0 elements
Info    : 0.20 < quality < 0.30 :        35 elements
Info    : 0.30 < quality < 0.40 :         7 elements
Info    : 0.40 < quality < 0.50 :         3 elements
Info    : 0.50 < quality < 0.60 :         6 elements
Info    : 0.60 < quality < 0.70 :        60 elements
Info    : 0.70 < quality < 0.80 :        46 elements
Info    : 0.80 < quality < 0.90 :        10 elements
Info    : 0.90 < quality < 1.00 :         1 elements
Info    : No ill-shaped tets in the mesh :-)
Info    : 0.00 < quality < 0.10 :         0 elements
Info    : 0.10 < quality < 0.20 :         0 elements
Info    : 0.20 < quality < 0.30 :        35 elements
Info    : 0.30 < quality < 0.40 :         7 elements
Info    : 0.40 < quality < 0.50 :         3 elements
Info    : 0.50 < quality < 0.60 :         6 elements
Info    : 0.60 < quality < 0.70 :        60 elements
Info    : 0.70 < quality < 0.80 :        46 elements
Info    : 0.80 < quality < 0.90 :        10 elements
Info    : 0.90 < quality < 1.00 :         1 elements
Info    : Optimizing volume 7
Info    : Optimization starts (volume = 234) with worst = 0.209192 / average = 0.590195:
Info    : 0.00 < quality < 0.10 :         0 elements
Info    : 0.10 < quality < 0.20 :         0 elements
Info    : 0.20 < quality < 0.30 :        35 elements
Info    : 0.30 < quality < 0.40 :         9 elements
Info    : 0.40 < quality < 0.50 :         7 elements
Info    : 0.50 < quality < 0.60 :         6 elements
Info    : 0.60 < quality < 0.70 :        62 elements
Info    : 0.70 < quality < 0.80 :        43 elements
Info    : 0.80 < quality < 0.90 :        10 elements
Info    : 0.90 < quality < 1.00 :         1 elements
Info    : No ill-shaped tets in the mesh :-)
Info    : 0.00 < quality < 0.10 :         0 elements
Info    : 0.10 < quality < 0.20 :         0 elements
Info    : 0.20 < quality < 0.30 :        35 elements
Info    : 0.30 < quality < 0.40 :         9 elements
Info    : 0.40 < quality < 0.50 :         7 elements
Info    : 0.50 < quality < 0.60 :         6 elements
Info    : 0.60 < quality < 0.70 :        62 elements
Info    : 0.70 < quality < 0.80 :        43 elements
Info    : 0.80 < quality < 0.90 :        10 elements
Info    : 0.90 < quality < 1.00 :         1 elements
Info    : Optimizing volume 8
Info    : Optimization starts (volume = 109.224) with worst = 0.219132 / average = 0.608138:
Info    : 0.00 < quality < 0.10 :         0 elements
Info    : 0.10 < quality < 0.20 :         0 elements
Info    : 0.20 < quality < 0.30 :         6 elements
Info    : 0.30 < quality < 0.40 :        10 elements
Info    : 0.40 < quality < 0.50 :        24 elements
Info    : 0.50 < quality < 0.60 :        14 elements
Info    : 0.60 < quality < 0.70 :        18 elements
Info    : 0.70 < quality < 0.80 :        18 elements
Info    : 0.80 < quality < 0.90 :        20 elements
Info    : 0.90 < quality < 1.00 :         4 elements
Info    : No ill-shaped tets in the mesh :-)
Info    : 0.00 < quality < 0.10 :         0 elements
Info    : 0.10 < quality < 0.20 :         0 elements
Info    : 0.20 < quality < 0.30 :         6 elements
Info    : 0.30 < quality < 0.40 :        10 elements
Info    : 0.40 < quality < 0.50 :        24 elements
Info    : 0.50 < quality < 0.60 :        14 elements
Info    : 0.60 < quality < 0.70 :        18 elements
Info    : 0.70 < quality < 0.80 :        18 elements
Info    : 0.80 < quality < 0.90 :        20 elements
Info    : 0.90 < quality < 1.00 :         4 elements
Info    : Optimizing volume 9
Info    : Optimization starts (volume = 2.268) with worst = 0.266475 / average = 0.325093:
Info    : 0.00 < quality < 0.10 :         0 elements
Info    : 0.10 < quality < 0.20 :         0 elements
Info    : 0.20 < quality < 0.30 :         4 elements
Info    : 0.30 < quality < 0.40 :         8 elements
Info    : 0.40 < quality < 0.50 :         0 elements
Info    : 0.50 < quality < 0.60 :         0 elements
Info    : 0.60 < quality < 0.70 :         0 elements
Info    : 0.70 < quality < 0.80 :         0 elements
Info    : 0.80 < quality < 0.90 :         0 elements
Info    : 0.90 < quality < 1.00 :         0 elements
Info    : No ill-shaped tets in the mesh :-)
Info    : 0.00 < quality < 0.10 :         0 elements
Info    : 0.10 < quality < 0.20 :         0 elements
Info    : 0.20 < quality < 0.30 :         4 elements
Info    : 0.30 < quality < 0.40 :         8 elements
Info    : 0.40 < quality < 0.50 :         0 elements
Info    : 0.50 < quality < 0.60 :         0 elements
Info    : 0.60 < quality < 0.70 :         0 elements
Info    : 0.70 < quality < 0.80 :         0 elements
Info    : 0.80 < quality < 0.90 :         0 elements
Info    : 0.90 < quality < 1.00 :         0 elements
Info    : Optimizing volume 10
Info    : Optimization starts (volume = 2.268) with worst = 0.266475 / average = 0.325093:
Info    : 0.00 < quality < 0.10 :         0 elements
Info    : 0.10 < quality < 0.20 :         0 elements
Info    : 0.20 < quality < 0.30 :         4 elements
Info    : 0.30 < quality < 0.40 :         8 elements
Info    : 0.40 < quality < 0.50 :         0 elements
Info    : 0.50 < quality < 0.60 :         0 elements
Info    : 0.60 < quality < 0.70 :         0 elements
Info    : 0.70 < quality < 0.80 :         0 elements
Info    : 0.80 < quality < 0.90 :         0 elements
Info    : 0.90 < quality < 1.00 :         0 elements
Info    : No ill-shaped tets in the mesh :-)
Info    : 0.00 < quality < 0.10 :         0 elements
Info    : 0.10 < quality < 0.20 :         0 elements
Info    : 0.20 < quality < 0.30 :         4 elements
Info    : 0.30 < quality < 0.40 :         8 elements
Info    : 0.40 < quality < 0.50 :         0 elements
Info    : 0.50 < quality < 0.60 :         0 elements
Info    : 0.60 < quality < 0.70 :         0 elements
Info    : 0.70 < quality < 0.80 :         0 elements
Info    : 0.80 < quality < 0.90 :         0 elements
Info    : 0.90 < quality < 1.00 :         0 elements
Info    : Optimizing volume 11
Info    : Optimization starts (volume = 2.268) with worst = 0.266475 / average = 0.325093:
Info    : 0.00 < quality < 0.10 :         0 elements
Info    : 0.10 < quality < 0.20 :         0 elements
Info    : 0.20 < quality < 0.30 :         4 elements
Info    : 0.30 < quality < 0.40 :         8 elements
Info    : 0.40 < quality < 0.50 :         0 elements
Info    : 0.50 < quality < 0.60 :         0 elements
Info    : 0.60 < quality < 0.70 :         0 elements
Info    : 0.70 < quality < 0.80 :         0 elements
Info    : 0.80 < quality < 0.90 :         0 elements
Info    : 0.90 < quality < 1.00 :         0 elements
Info    : No ill-shaped tets in the mesh :-)
Info    : 0.00 < quality < 0.10 :         0 elements
Info    : 0.10 < quality < 0.20 :         0 elements
Info    : 0.20 < quality < 0.30 :         4 elements
Info    : 0.30 < quality < 0.40 :         8 elements
Info    : 0.40 < quality < 0.50 :         0 elements
Info    : 0.50 < quality < 0.60 :         0 elements
Info    : 0.60 < quality < 0.70 :         0 elements
Info    : 0.70 < quality < 0.80 :         0 elements
Info    : 0.80 < quality < 0.90 :         0 elements
Info    : 0.90 < quality < 1.00 :         0 elements
Info    : Optimizing volume 12
Info    : Optimization starts (volume = 2.268) with worst = 0.0280207 / average = 0.26468:
Info    : 0.00 < quality < 0.10 :         6 elements
Info    : 0.10 < quality < 0.20 :         0 elements
Info    : 0.20 < quality < 0.30 :         2 elements
Info    : 0.30 < quality < 0.40 :         7 elements
Info    : 0.40 < quality < 0.50 :         0 elements
Info    : 0.50 < quality < 0.60 :         0 elements
Info    : 0.60 < quality < 0.70 :         2 elements
Info    : 0.70 < quality < 0.80 :         0 elements
Info    : 0.80 < quality < 0.90 :         0 elements
Info    : 0.90 < quality < 1.00 :         0 elements
Info    : 3 edge swaps, 0 node relocations (volume = 2.268): worst = 0.0280207 / average = 0.310559 (Wall 7.1303e-05s, CPU 7.1e-05s)
Info    : No ill-shaped tets in the mesh :-)
Info    : 0.00 < quality < 0.10 :         4 elements
Info    : 0.10 < quality < 0.20 :         1 elements
Info    : 0.20 < quality < 0.30 :         4 elements
Info    : 0.30 < quality < 0.40 :         3 elements
Info    : 0.40 < quality < 0.50 :         1 elements
Info    : 0.50 < quality < 0.60 :         2 elements
Info    : 0.60 < quality < 0.70 :         2 elements
Info    : 0.70 < quality < 0.80 :         0 elements
Info    : 0.80 < quality < 0.90 :         0 elements
Info    : 0.90 < quality < 1.00 :         0 elements
Info    : Optimizing volume 23
Info    : Optimization starts (volume = 5982.93) with worst = 0.00191919 / average = 0.148828:
Info    : 0.00 < quality < 0.10 :       134 elements
Info    : 0.10 < quality < 0.20 :      2512 elements
Info    : 0.20 < quality < 0.30 :        80 elements
Info    : 0.30 < quality < 0.40 :         4 elements
Info    : 0.40 < quality < 0.50 :         0 elements
Info    : 0.50 < quality < 0.60 :         0 elements
Info    : 0.60 < quality < 0.70 :         0 elements
Info    : 0.70 < quality < 0.80 :         0 elements
Info    : 0.80 < quality < 0.90 :         0 elements
Info    : 0.90 < quality < 1.00 :         0 elements
Info    : 203 edge swaps, 23 node relocations (volume = 5982.93): worst = 0.00585376 / average = 0.149134 (Wall 0.0129154s, CPU 0.012909s)
Info    : 210 edge swaps, 37 node relocations (volume = 5982.93): worst = 0.00585376 / average = 0.149179 (Wall 0.0267232s, CPU 0.026717s)
Info    : No ill-shaped tets in the mesh :-)
Info    : 0.00 < quality < 0.10 :       115 elements
Info    : 0.10 < quality < 0.20 :      2499 elements
Info    : 0.20 < quality < 0.30 :        77 elements
Info    : 0.30 < quality < 0.40 :         4 elements
Info    : 0.40 < quality < 0.50 :         0 elements
Info    : 0.50 < quality < 0.60 :         0 elements
Info    : 0.60 < quality < 0.70 :         0 elements
Info    : 0.70 < quality < 0.80 :         0 elements
Info    : 0.80 < quality < 0.90 :         0 elements
Info    : 0.90 < quality < 1.00 :         0 elements
Info    : Optimizing volume 24
Info    : Optimization starts (volume = 4509.03) with worst = 0.0350363 / average = 0.660089:
Info    : 0.00 < quality < 0.10 :         8 elements
Info    : 0.10 < quality < 0.20 :        16 elements
Info    : 0.20 < quality < 0.30 :         7 elements
Info    : 0.30 < quality < 0.40 :        28 elements
Info    : 0.40 < quality < 0.50 :       184 elements
Info    : 0.50 < quality < 0.60 :       416 elements
Info    : 0.60 < quality < 0.70 :       248 elements
Info    : 0.70 < quality < 0.80 :       264 elements
Info    : 0.80 < quality < 0.90 :       300 elements
Info    : 0.90 < quality < 1.00 :       117 elements
Info    : 25 edge swaps, 0 node relocations (volume = 4509.03): worst = 0.26882 / average = 0.664351 (Wall 0.000398935s, CPU 0.000402s)
Info    : 27 edge swaps, 0 node relocations (volume = 4509.03): worst = 0.26882 / average = 0.664327 (Wall 0.000491866s, CPU 0.000495s)
Info    : No ill-shaped tets in the mesh :-)
Info    : 0.00 < quality < 0.10 :         0 elements
Info    : 0.10 < quality < 0.20 :         0 elements
Info    : 0.20 < quality < 0.30 :         4 elements
Info    : 0.30 < quality < 0.40 :        27 elements
Info    : 0.40 < quality < 0.50 :       179 elements
Info    : 0.50 < quality < 0.60 :       451 elements
Info    : 0.60 < quality < 0.70 :       243 elements
Info    : 0.70 < quality < 0.80 :       261 elements
Info    : 0.80 < quality < 0.90 :       290 elements
Info    : 0.90 < quality < 1.00 :       117 elements
Info    : Optimizing volume 25
Info    : Optimization starts (volume = 1338.08) with worst = 0.0350363 / average = 0.639644:
Info    : 0.00 < quality < 0.10 :         8 elements
Info    : 0.10 < quality < 0.20 :         1 elements
Info    : 0.20 < quality < 0.30 :         8 elements
Info    : 0.30 < quality < 0.40 :        13 elements
Info    : 0.40 < quality < 0.50 :        79 elements
Info    : 0.50 < quality < 0.60 :       126 elements
Info    : 0.60 < quality < 0.70 :        84 elements
Info    : 0.70 < quality < 0.80 :        93 elements
Info    : 0.80 < quality < 0.90 :        81 elements
Info    : 0.90 < quality < 1.00 :        40 elements
Info    : 10 edge swaps, 0 node relocations (volume = 1338.08): worst = 0.266209 / average = 0.64493 (Wall 0.000183639s, CPU 0.000184s)
Info    : 12 edge swaps, 0 node relocations (volume = 1338.08): worst = 0.266209 / average = 0.644789 (Wall 0.000237101s, CPU 0.000237s)
Info    : No ill-shaped tets in the mesh :-)
Info    : 0.00 < quality < 0.10 :         0 elements
Info    : 0.10 < quality < 0.20 :         0 elements
Info    : 0.20 < quality < 0.30 :         4 elements
Info    : 0.30 < quality < 0.40 :        12 elements
Info    : 0.40 < quality < 0.50 :        79 elements
Info    : 0.50 < quality < 0.60 :       135 elements
Info    : 0.60 < quality < 0.70 :        86 elements
Info    : 0.70 < quality < 0.80 :        91 elements
Info    : 0.80 < quality < 0.90 :        77 elements
Info    : 0.90 < quality < 1.00 :        40 elements
Info    : Optimizing volume 26
Info    : Optimization starts (volume = 2.4104e+07) with worst = 0.00793092 / average = 0.616721:
Info    : 0.00 < quality < 0.10 :        11 elements
Info    : 0.10 < quality < 0.20 :        18 elements
Info    : 0.20 < quality < 0.30 :        40 elements
Info    : 0.30 < quality < 0.40 :       128 elements
Info    : 0.40 < quality < 0.50 :       304 elements
Info    : 0.50 < quality < 0.60 :       449 elements
Info    : 0.60 < quality < 0.70 :       401 elements
Info    : 0.70 < quality < 0.80 :       296 elements
Info    : 0.80 < quality < 0.90 :       243 elements
Info    : 0.90 < quality < 1.00 :       103 elements
Info    : 66 edge swaps, 2 node relocations (volume = 2.4104e+07): worst = 0.303522 / average = 0.633112 (Wall 0.000804072s, CPU 0.000805s)
Info    : No ill-shaped tets in the mesh :-)
Info    : 0.00 < quality < 0.10 :         0 elements
Info    : 0.10 < quality < 0.20 :         0 elements
Info    : 0.20 < quality < 0.30 :         0 elements
Info    : 0.30 < quality < 0.40 :       125 elements
Info    : 0.40 < quality < 0.50 :       304 elements
Info    : 0.50 < quality < 0.60 :       462 elements
Info    : 0.60 < quality < 0.70 :       396 elements
Info    : 0.70 < quality < 0.80 :       295 elements
Info    : 0.80 < quality < 0.90 :       244 elements
Info    : 0.90 < quality < 1.00 :       109 elements
Info    : Optimizing volume 27
Info    : Optimization starts (volume = 48208) with worst = 0.000400247 / average = 0.0348613:
Info    : 0.00 < quality < 0.10 :      2309 elements
Info    : 0.10 < quality < 0.20 :       227 elements
Info    : 0.20 < quality < 0.30 :         1 elements
Info    : 0.30 < quality < 0.40 :         0 elements
Info    : 0.40 < quality < 0.50 :         0 elements
Info    : 0.50 < quality < 0.60 :         0 elements
Info    : 0.60 < quality < 0.70 :         0 elements
Info    : 0.70 < quality < 0.80 :         0 elements
Info    : 0.80 < quality < 0.90 :         0 elements
Info    : 0.90 < quality < 1.00 :         0 elements
Info    : 358 edge swaps, 0 node relocations (volume = 48208): worst = 0.000752904 / average = 0.033778 (Wall 0.0127948s, CPU 0.012797s)
Info    : 371 edge swaps, 0 node relocations (volume = 48208): worst = 0.000752904 / average = 0.0337681 (Wall 0.0262126s, CPU 0.026212s)
Warning : 2 ill-shaped tets are still in the mesh
Info    : 0.00 < quality < 0.10 :      2173 elements
Info    : 0.10 < quality < 0.20 :       179 elements
Info    : 0.20 < quality < 0.30 :         0 elements
Info    : 0.30 < quality < 0.40 :         0 elements
Info    : 0.40 < quality < 0.50 :         0 elements
Info    : 0.50 < quality < 0.60 :         0 elements
Info    : 0.60 < quality < 0.70 :         0 elements
Info    : 0.70 < quality < 0.80 :         0 elements
Info    : 0.80 < quality < 0.90 :         0 elements
Info    : 0.90 < quality < 1.00 :         0 elements
Info    : Optimizing volume 28
Info    : Optimization starts (volume = 1.8834e+06) with worst = 0.000114915 / average = 0.451423:
Info    : 0.00 < quality < 0.10 :       483 elements
Info    : 0.10 < quality < 0.20 :      2239 elements
Info    : 0.20 < quality < 0.30 :      1613 elements
Info    : 0.30 < quality < 0.40 :      1715 elements
Info    : 0.40 < quality < 0.50 :      1879 elements
Info    : 0.50 < quality < 0.60 :      1851 elements
Info    : 0.60 < quality < 0.70 :      1253 elements
Info    : 0.70 < quality < 0.80 :      1010 elements
Info    : 0.80 < quality < 0.90 :       993 elements
Info    : 0.90 < quality < 1.00 :       497 elements
Info    : 753 edge swaps, 46 node relocations (volume = 1.8834e+06): worst = 0.00384714 / average = 0.46301 (Wall 0.0397817s, CPU 0.039771s)
Info    : 842 edge swaps, 73 node relocations (volume = 1.8834e+06): worst = 0.00384714 / average = 0.463753 (Wall 0.0749423s, CPU 0.074927s)
Info    : No ill-shaped tets in the mesh :-)
Info    : 0.00 < quality < 0.10 :       285 elements
Info    : 0.10 < quality < 0.20 :      1977 elements
Info    : 0.20 < quality < 0.30 :      1409 elements
Info    : 0.30 < quality < 0.40 :      1740 elements
Info    : 0.40 < quality < 0.50 :      1810 elements
Info    : 0.50 < quality < 0.60 :      1880 elements
Info    : 0.60 < quality < 0.70 :      1305 elements
Info    : 0.70 < quality < 0.80 :      1018 elements
Info    : 0.80 < quality < 0.90 :       928 elements
Info    : 0.90 < quality < 1.00 :       485 elements
Info    : Optimizing volume 29
Info    : Optimization starts (volume = 451950) with worst = 0.0108318 / average = 0.511543:
Info    : 0.00 < quality < 0.10 :        22 elements
Info    : 0.10 < quality < 0.20 :       223 elements
Info    : 0.20 < quality < 0.30 :       420 elements
Info    : 0.30 < quality < 0.40 :       432 elements
Info    : 0.40 < quality < 0.50 :       556 elements
Info    : 0.50 < quality < 0.60 :       665 elements
Info    : 0.60 < quality < 0.70 :       824 elements
Info    : 0.70 < quality < 0.80 :       497 elements
Info    : 0.80 < quality < 0.90 :       127 elements
Info    : 0.90 < quality < 1.00 :         3 elements
Info    : 165 edge swaps, 0 node relocations (volume = 451950): worst = 0.0672154 / average = 0.52062 (Wall 0.00424186s, CPU 0.004243s)
Info    : 171 edge swaps, 0 node relocations (volume = 451950): worst = 0.0672154 / average = 0.5206 (Wall 0.00808216s, CPU 0.008085s)
Info    : No ill-shaped tets in the mesh :-)
Info    : 0.00 < quality < 0.10 :        10 elements
Info    : 0.10 < quality < 0.20 :       153 elements
Info    : 0.20 < quality < 0.30 :       384 elements
Info    : 0.30 < quality < 0.40 :       470 elements
Info    : 0.40 < quality < 0.50 :       525 elements
Info    : 0.50 < quality < 0.60 :       654 elements
Info    : 0.60 < quality < 0.70 :       811 elements
Info    : 0.70 < quality < 0.80 :       504 elements
Info    : 0.80 < quality < 0.90 :       128 elements
Info    : 0.90 < quality < 1.00 :         3 elements
Info    : Optimizing volume 30
Info    : Optimization starts (volume = 2.16936e+07) with worst = 0.019867 / average = 0.597717:
Info    : 0.00 < quality < 0.10 :         8 elements
Info    : 0.10 < quality < 0.20 :        33 elements
Info    : 0.20 < quality < 0.30 :        52 elements
Info    : 0.30 < quality < 0.40 :       158 elements
Info    : 0.40 < quality < 0.50 :       444 elements
Info    : 0.50 < quality < 0.60 :       599 elements
Info    : 0.60 < quality < 0.70 :       456 elements
Info    : 0.70 < quality < 0.80 :       397 elements
Info    : 0.80 < quality < 0.90 :       236 elements
Info    : 0.90 < quality < 1.00 :        75 elements
Info    : 87 edge swaps, 3 node relocations (volume = 2.16936e+07): worst = 0.259717 / average = 0.613167 (Wall 0.000914798s, CPU 0.000916s)
Info    : 88 edge swaps, 3 node relocations (volume = 2.16936e+07): worst = 0.288869 / average = 0.61306 (Wall 0.00109701s, CPU 0.001099s)
Info    : No ill-shaped tets in the mesh :-)
Info    : 0.00 < quality < 0.10 :         0 elements
Info    : 0.10 < quality < 0.20 :         0 elements
Info    : 0.20 < quality < 0.30 :         4 elements
Info    : 0.30 < quality < 0.40 :       163 elements
Info    : 0.40 < quality < 0.50 :       432 elements
Info    : 0.50 < quality < 0.60 :       605 elements
Info    : 0.60 < quality < 0.70 :       470 elements
Info    : 0.70 < quality < 0.80 :       408 elements
Info    : 0.80 < quality < 0.90 :       234 elements
Info    : 0.90 < quality < 1.00 :        71 elements
Info    : Optimizing volume 31
Info    : Optimization starts (volume = 5.17585e+07) with worst = 0.0075389 / average = 0.578181:
Info    : 0.00 < quality < 0.10 :       121 elements
Info    : 0.10 < quality < 0.20 :        30 elements
Info    : 0.20 < quality < 0.30 :        44 elements
Info    : 0.30 < quality < 0.40 :        76 elements
Info    : 0.40 < quality < 0.50 :       120 elements
Info    : 0.50 < quality < 0.60 :       134 elements
Info    : 0.60 < quality < 0.70 :       301 elements
Info    : 0.70 < quality < 0.80 :       281 elements
Info    : 0.80 < quality < 0.90 :       132 elements
Info    : 0.90 < quality < 1.00 :        74 elements
Info    : 30 edge swaps, 0 node relocations (volume = 5.17585e+07): worst = 0.0075389 / average = 0.589108 (Wall 0.00178547s, CPU 0.001787s)
Info    : No ill-shaped tets in the mesh :-)
Info    : 0.00 < quality < 0.10 :       116 elements
Info    : 0.10 < quality < 0.20 :        20 elements
Info    : 0.20 < quality < 0.30 :        27 elements
Info    : 0.30 < quality < 0.40 :        77 elements
Info    : 0.40 < quality < 0.50 :       113 elements
Info    : 0.50 < quality < 0.60 :       137 elements
Info    : 0.60 < quality < 0.70 :       304 elements
Info    : 0.70 < quality < 0.80 :       285 elements
Info    : 0.80 < quality < 0.90 :       128 elements
Info    : 0.90 < quality < 1.00 :        77 elements
Info    : Done optimizing mesh (Wall 0.185746s, CPU 0.185715s)
Info    : 5230 nodes 41648 elements
Warning : ------------------------------
Warning : Mesh generation error summary
Warning :     1 warning
Warning :     0 errors
Warning : Check the full log for details
Warning : ------------------------------
Info    : Writing '/foss/designs/inductor_synth/palace_model/inductor2_N2_do108.58_w6_s3_data/inductor2_N2_do108.58_w6_s3.msh'...
Info    : Done writing '/foss/designs/inductor_synth/palace_model/inductor2_N2_do108.58_w6_s3_data/inductor2_N2_do108.58_w6_s3.msh'
Info    : Clearing all models and views...
Info    : Done clearing all models and views
Info    : Meshing 1D...
Info    : [  0%] Meshing curve 64 (Line)
Info    : [ 10%] Meshing curve 65 (Line)
Info    : [ 10%] Meshing curve 67 (Line)
Info    : [ 10%] Meshing curve 69 (Line)
Info    : [ 10%] Meshing curve 70 (Line)
Info    : [ 10%] Meshing curve 71 (Line)
Info    : [ 10%] Meshing curve 72 (Line)
Info    : [ 10%] Meshing curve 76 (Line)
Info    : [ 10%] Meshing curve 77 (Line)
Info    : [ 10%] Meshing curve 79 (Line)
Info    : [ 10%] Meshing curve 81 (Line)
Info    : [ 10%] Meshing curve 82 (Line)
Info    : [ 10%] Meshing curve 83 (Line)
Info    : [ 10%] Meshing curve 84 (Line)
Info    : [ 10%] Meshing curve 85 (Line)
Info    : [ 10%] Meshing curve 86 (Line)
Info    : [ 10%] Meshing curve 87 (Line)
Info    : [ 10%] Meshing curve 88 (Line)
Info    : [ 10%] Meshing curve 89 (Line)
Info    : [ 10%] Meshing curve 90 (Line)
Info    : [ 10%] Meshing curve 91 (Line)
Info    : [ 10%] Meshing curve 92 (Line)
Info    : [ 10%] Meshing curve 93 (Line)
Info    : [ 10%] Meshing curve 94 (Line)
Info    : [ 10%] Meshing curve 95 (Line)
Info    : [ 10%] Meshing curve 96 (Line)
Info    : [ 10%] Meshing curve 97 (Line)
Info    : [ 10%] Meshing curve 98 (Line)
Info    : [ 10%] Meshing curve 99 (Line)
Info    : [ 10%] Meshing curve 100 (Line)
Info    : [ 10%] Meshing curve 101 (Line)
Info    : [ 10%] Meshing curve 102 (Line)
Info    : [ 10%] Meshing curve 103 (Line)
Info    : [ 20%] Meshing curve 104 (Line)
Info    : [ 20%] Meshing curve 105 (Line)
Info    : [ 20%] Meshing curve 106 (Line)
Info    : [ 20%] Meshing curve 107 (Line)
Info    : [ 20%] Meshing curve 108 (Line)
Info    : [ 20%] Meshing curve 109 (Line)
Info    : [ 20%] Meshing curve 110 (Line)
Info    : [ 20%] Meshing curve 111 (Line)
Info    : [ 20%] Meshing curve 112 (Line)
Info    : [ 20%] Meshing curve 113 (Line)
Info    : [ 20%] Meshing curve 114 (Line)
Info    : [ 20%] Meshing curve 115 (Line)
Info    : [ 20%] Meshing curve 116 (Line)
Info    : [ 20%] Meshing curve 117 (Line)
Info    : [ 20%] Meshing curve 118 (Line)
Info    : [ 20%] Meshing curve 119 (Line)
Info    : [ 20%] Meshing curve 120 (Line)
Info    : [ 20%] Meshing curve 121 (Line)
Info    : [ 20%] Meshing curve 122 (Line)
Info    : [ 20%] Meshing curve 123 (Line)
Info    : [ 20%] Meshing curve 124 (Line)
Info    : [ 20%] Meshing curve 125 (Line)
Info    : [ 20%] Meshing curve 126 (Line)
Info    : [ 20%] Meshing curve 127 (Line)
Info    : [ 20%] Meshing curve 128 (Line)
Info    : [ 20%] Meshing curve 129 (Line)
Info    : [ 20%] Meshing curve 130 (Line)
Info    : [ 20%] Meshing curve 131 (Line)
Info    : [ 20%] Meshing curve 132 (Line)
Info    : [ 20%] Meshing curve 133 (Line)
Info    : [ 20%] Meshing curve 134 (Line)
Info    : [ 20%] Meshing curve 135 (Line)
Info    : [ 20%] Meshing curve 136 (Line)
Info    : [ 30%] Meshing curve 137 (Line)
Info    : [ 30%] Meshing curve 138 (Line)
Info    : [ 30%] Meshing curve 139 (Line)
Info    : [ 30%] Meshing curve 140 (Line)
Info    : [ 30%] Meshing curve 141 (Line)
Info    : [ 30%] Meshing curve 142 (Line)
Info    : [ 30%] Meshing curve 143 (Line)
Info    : [ 30%] Meshing curve 144 (Line)
Info    : [ 30%] Meshing curve 145 (Line)
Info    : [ 30%] Meshing curve 146 (Line)
Info    : [ 30%] Meshing curve 147 (Line)
Info    : [ 30%] Meshing curve 148 (Line)
Info    : [ 30%] Meshing curve 149 (Line)
Info    : [ 30%] Meshing curve 150 (Line)
Info    : [ 30%] Meshing curve 151 (Line)
Info    : [ 30%] Meshing curve 152 (Line)
Info    : [ 30%] Meshing curve 153 (Line)
Info    : [ 30%] Meshing curve 154 (Line)
Info    : [ 30%] Meshing curve 155 (Line)
Info    : [ 30%] Meshing curve 156 (Line)
Info    : [ 30%] Meshing curve 385 (Line)
Info    : [ 30%] Meshing curve 386 (Line)
Info    : [ 30%] Meshing curve 387 (Line)
Info    : [ 30%] Meshing curve 388 (Line)
Info    : [ 30%] Meshing curve 389 (Line)
Info    : [ 30%] Meshing curve 390 (Line)
Info    : [ 30%] Meshing curve 391 (Line)
Info    : [ 30%] Meshing curve 392 (Line)
Info    : [ 30%] Meshing curve 393 (Line)
Info    : [ 30%] Meshing curve 394 (Line)
Info    : [ 30%] Meshing curve 395 (Line)
Info    : [ 30%] Meshing curve 396 (Line)
Info    : [ 40%] Meshing curve 397 (TrimmedCurve)
Info    : [ 40%] Meshing curve 398 (Line)
Info    : [ 40%] Meshing curve 399 (TrimmedCurve)
Info    : [ 40%] Meshing curve 400 (Line)
Info    : [ 40%] Meshing curve 401 (Line)
Info    : [ 40%] Meshing curve 402 (Line)
Info    : [ 40%] Meshing curve 403 (Line)
Info    : [ 40%] Meshing curve 404 (Line)
Info    : [ 40%] Meshing curve 405 (Line)
Info    : [ 40%] Meshing curve 406 (Line)
Info    : [ 40%] Meshing curve 407 (Line)
Info    : [ 40%] Meshing curve 408 (TrimmedCurve)
Info    : [ 40%] Meshing curve 409 (Line)
Info    : [ 40%] Meshing curve 410 (TrimmedCurve)
Info    : [ 40%] Meshing curve 411 (Line)
Info    : [ 40%] Meshing curve 412 (Line)
Info    : [ 40%] Meshing curve 413 (Line)
Info    : [ 40%] Meshing curve 414 (Line)
Info    : [ 40%] Meshing curve 415 (Line)
Info    : [ 40%] Meshing curve 416 (Line)
Info    : [ 40%] Meshing curve 417 (Line)
Info    : [ 40%] Meshing curve 418 (Line)
Info    : [ 40%] Meshing curve 419 (Line)
Info    : [ 40%] Meshing curve 420 (Line)
Info    : [ 40%] Meshing curve 421 (Line)
Info    : [ 40%] Meshing curve 422 (Line)
Info    : [ 40%] Meshing curve 423 (Line)
Info    : [ 40%] Meshing curve 424 (Line)
Info    : [ 40%] Meshing curve 425 (Line)
Info    : [ 40%] Meshing curve 426 (Line)
Info    : [ 40%] Meshing curve 427 (Line)
Info    : [ 40%] Meshing curve 428 (Line)
Info    : [ 40%] Meshing curve 429 (Line)
Info    : [ 50%] Meshing curve 430 (Line)
Info    : [ 50%] Meshing curve 431 (Line)
Info    : [ 50%] Meshing curve 432 (TrimmedCurve)
Info    : [ 50%] Meshing curve 433 (Line)
Info    : [ 50%] Meshing curve 434 (TrimmedCurve)
Info    : [ 50%] Meshing curve 435 (Line)
Info    : [ 50%] Meshing curve 436 (TrimmedCurve)
Info    : [ 50%] Meshing curve 437 (Line)
Info    : [ 50%] Meshing curve 438 (TrimmedCurve)
Info    : [ 50%] Meshing curve 439 (Line)
Info    : [ 50%] Meshing curve 440 (TrimmedCurve)
Info    : [ 50%] Meshing curve 441 (Line)
Info    : [ 50%] Meshing curve 442 (TrimmedCurve)
Info    : [ 50%] Meshing curve 443 (Line)
Info    : [ 50%] Meshing curve 444 (Line)
Info    : [ 50%] Meshing curve 445 (Line)
Info    : [ 50%] Meshing curve 446 (Line)
Info    : [ 50%] Meshing curve 447 (Line)
Info    : [ 50%] Meshing curve 448 (TrimmedCurve)
Info    : [ 50%] Meshing curve 449 (Line)
Info    : [ 50%] Meshing curve 450 (TrimmedCurve)
Info    : [ 50%] Meshing curve 451 (Line)
Info    : [ 50%] Meshing curve 452 (TrimmedCurve)
Info    : [ 50%] Meshing curve 453 (Line)
Info    : [ 50%] Meshing curve 454 (TrimmedCurve)
Info    : [ 50%] Meshing curve 455 (Line)
Info    : [ 50%] Meshing curve 456 (TrimmedCurve)
Info    : [ 50%] Meshing curve 457 (Line)
Info    : [ 50%] Meshing curve 458 (TrimmedCurve)
Info    : [ 50%] Meshing curve 459 (Line)
Info    : [ 50%] Meshing curve 460 (Line)
Info    : [ 50%] Meshing curve 461 (TrimmedCurve)
Info    : [ 50%] Meshing curve 462 (Line)
Info    : [ 60%] Meshing curve 463 (TrimmedCurve)
Info    : [ 60%] Meshing curve 464 (Line)
Info    : [ 60%] Meshing curve 465 (TrimmedCurve)
Info    : [ 60%] Meshing curve 466 (Line)
Info    : [ 60%] Meshing curve 467 (TrimmedCurve)
Info    : [ 60%] Meshing curve 468 (Line)
Info    : [ 60%] Meshing curve 469 (TrimmedCurve)
Info    : [ 60%] Meshing curve 470 (Line)
Info    : [ 60%] Meshing curve 471 (TrimmedCurve)
Info    : [ 60%] Meshing curve 472 (Line)
Info    : [ 60%] Meshing curve 473 (Line)
Info    : [ 60%] Meshing curve 474 (Line)
Info    : [ 60%] Meshing curve 475 (Line)
Info    : [ 60%] Meshing curve 476 (Line)
Info    : [ 60%] Meshing curve 477 (TrimmedCurve)
Info    : [ 60%] Meshing curve 478 (Line)
Info    : [ 60%] Meshing curve 479 (TrimmedCurve)
Info    : [ 60%] Meshing curve 480 (Line)
Info    : [ 60%] Meshing curve 481 (TrimmedCurve)
Info    : [ 60%] Meshing curve 482 (Line)
Info    : [ 60%] Meshing curve 483 (TrimmedCurve)
Info    : [ 60%] Meshing curve 484 (Line)
Info    : [ 60%] Meshing curve 485 (TrimmedCurve)
Info    : [ 60%] Meshing curve 486 (Line)
Info    : [ 60%] Meshing curve 487 (TrimmedCurve)
Info    : [ 60%] Meshing curve 488 (Line)
Info    : [ 60%] Meshing curve 489 (Line)
Info    : [ 60%] Meshing curve 490 (Line)
Info    : [ 60%] Meshing curve 491 (Line)
Info    : [ 60%] Meshing curve 492 (Line)
Info    : [ 60%] Meshing curve 493 (Line)
Info    : [ 60%] Meshing curve 494 (Line)
Info    : [ 70%] Meshing curve 495 (Line)
Info    : [ 70%] Meshing curve 496 (Line)
Info    : [ 70%] Meshing curve 497 (Line)
Info    : [ 70%] Meshing curve 498 (Line)
Info    : [ 70%] Meshing curve 499 (Line)
Info    : [ 70%] Meshing curve 500 (Line)
Info    : [ 70%] Meshing curve 501 (Line)
Info    : [ 70%] Meshing curve 502 (Line)
Info    : [ 70%] Meshing curve 503 (Line)
Info    : [ 70%] Meshing curve 504 (Line)
Info    : [ 70%] Meshing curve 505 (Line)
Info    : [ 70%] Meshing curve 506 (Line)
Info    : [ 70%] Meshing curve 507 (Line)
Info    : [ 70%] Meshing curve 508 (Line)
Info    : [ 70%] Meshing curve 509 (Line)
Info    : [ 70%] Meshing curve 510 (Line)
Info    : [ 70%] Meshing curve 511 (Line)
Info    : [ 70%] Meshing curve 512 (Line)
Info    : [ 70%] Meshing curve 513 (Line)
Info    : [ 70%] Meshing curve 514 (Line)
Info    : [ 70%] Meshing curve 515 (Line)
Info    : [ 70%] Meshing curve 516 (Line)
Info    : [ 70%] Meshing curve 517 (Line)
Info    : [ 70%] Meshing curve 518 (Line)
Info    : [ 70%] Meshing curve 519 (Line)
Info    : [ 70%] Meshing curve 520 (Line)
Info    : [ 70%] Meshing curve 521 (Line)
Info    : [ 70%] Meshing curve 522 (Line)
Info    : [ 70%] Meshing curve 523 (Line)
Info    : [ 70%] Meshing curve 524 (Line)
Info    : [ 70%] Meshing curve 525 (Line)
Info    : [ 70%] Meshing curve 526 (Line)
Info    : [ 70%] Meshing curve 527 (Line)
Info    : [ 80%] Meshing curve 528 (TrimmedCurve)
Info    : [ 80%] Meshing curve 529 (Line)
Info    : [ 80%] Meshing curve 530 (Line)
Info    : [ 80%] Meshing curve 531 (Line)
Info    : [ 80%] Meshing curve 532 (Line)
Info    : [ 80%] Meshing curve 533 (Line)
Info    : [ 80%] Meshing curve 534 (TrimmedCurve)
Info    : [ 80%] Meshing curve 535 (Line)
Info    : [ 80%] Meshing curve 536 (Line)
Info    : [ 80%] Meshing curve 537 (TrimmedCurve)
Info    : [ 80%] Meshing curve 538 (Line)
Info    : [ 80%] Meshing curve 539 (Line)
Info    : [ 80%] Meshing curve 540 (Line)
Info    : [ 80%] Meshing curve 541 (Line)
Info    : [ 80%] Meshing curve 542 (Line)
Info    : [ 80%] Meshing curve 543 (TrimmedCurve)
Info    : [ 80%] Meshing curve 544 (Line)
Info    : [ 80%] Meshing curve 545 (Line)
Info    : [ 80%] Meshing curve 546 (Line)
Info    : [ 80%] Meshing curve 547 (Line)
Info    : [ 80%] Meshing curve 548 (Line)
Info    : [ 80%] Meshing curve 549 (Line)
Info    : [ 80%] Meshing curve 550 (Line)
Info    : [ 80%] Meshing curve 551 (Line)
Info    : [ 80%] Meshing curve 552 (Line)
Info    : [ 80%] Meshing curve 553 (Line)
Info    : [ 80%] Meshing curve 554 (Line)
Info    : [ 80%] Meshing curve 555 (Line)
Info    : [ 80%] Meshing curve 556 (Line)
Info    : [ 80%] Meshing curve 557 (Line)
Info    : [ 80%] Meshing curve 558 (Line)
Info    : [ 80%] Meshing curve 559 (Line)
Info    : [ 90%] Meshing curve 560 (Line)
Info    : [ 90%] Meshing curve 561 (Line)
Info    : [ 90%] Meshing curve 562 (Line)
Info    : [ 90%] Meshing curve 563 (Line)
Info    : [ 90%] Meshing curve 564 (Line)
Info    : [ 90%] Meshing curve 565 (Line)
Info    : [ 90%] Meshing curve 566 (Line)
Info    : [ 90%] Meshing curve 567 (Line)
Info    : [ 90%] Meshing curve 568 (Line)
Info    : [ 90%] Meshing curve 569 (Line)
Info    : [ 90%] Meshing curve 570 (Line)
Info    : [ 90%] Meshing curve 571 (Line)
Info    : [ 90%] Meshing curve 572 (Line)
Info    : [ 90%] Meshing curve 573 (Line)
Info    : [ 90%] Meshing curve 574 (Line)
Info    : [ 90%] Meshing curve 575 (Line)
Info    : [ 90%] Meshing curve 576 (Line)
Info    : [ 90%] Meshing curve 577 (Line)
Info    : [ 90%] Meshing curve 578 (Line)
Info    : [ 90%] Meshing curve 579 (Line)
Info    : [ 90%] Meshing curve 580 (Line)
Info    : [ 90%] Meshing curve 581 (Line)
Info    : [ 90%] Meshing curve 582 (Line)
Info    : [ 90%] Meshing curve 583 (Line)
Info    : [ 90%] Meshing curve 584 (Line)
Info    : [ 90%] Meshing curve 585 (Line)
Info    : [ 90%] Meshing curve 586 (Line)
Info    : [ 90%] Meshing curve 587 (Line)
Info    : [ 90%] Meshing curve 588 (Line)
Info    : [ 90%] Meshing curve 589 (Line)
Info    : [ 90%] Meshing curve 590 (Line)
Info    : [ 90%] Meshing curve 591 (Line)
Info    : [ 90%] Meshing curve 592 (Line)
Info    : [100%] Meshing curve 593 (Line)
Info    : [100%] Meshing curve 594 (Line)
Info    : [100%] Meshing curve 595 (Line)
Info    : [100%] Meshing curve 596 (Line)
Info    : [100%] Meshing curve 597 (Line)
Info    : [100%] Meshing curve 598 (Line)
Info    : [100%] Meshing curve 599 (Line)
Info    : [100%] Meshing curve 600 (Line)
Info    : [100%] Meshing curve 601 (Line)
Info    : [100%] Meshing curve 602 (Line)
Info    : [100%] Meshing curve 603 (Line)
Info    : [100%] Meshing curve 604 (Line)
Info    : [100%] Meshing curve 605 (Line)
Info    : [100%] Meshing curve 606 (Line)
Info    : [100%] Meshing curve 607 (Line)
Info    : [100%] Meshing curve 608 (Line)
Info    : [100%] Meshing curve 609 (Line)
Info    : [100%] Meshing curve 610 (Line)
Info    : [100%] Meshing curve 611 (Line)
Info    : [100%] Meshing curve 612 (Line)
Info    : [100%] Meshing curve 613 (Line)
Info    : [100%] Meshing curve 614 (Line)
Info    : [100%] Meshing curve 615 (Line)
Info    : [100%] Meshing curve 616 (Line)
Info    : [100%] Meshing curve 617 (Line)
Info    : [100%] Meshing curve 618 (Line)
Info    : [100%] Meshing curve 619 (Line)
Info    : [100%] Meshing curve 620 (Line)
Info    : [100%] Meshing curve 621 (Line)
Info    : [100%] Meshing curve 622 (Line)
Info    : [100%] Meshing curve 623 (Line)
Info    : [100%] Meshing curve 624 (Line)
Info    : Done meshing 1D (Wall 1.6692s, CPU 1.66213s)
Info    : Meshing 2D...
Info    : [  0%] Meshing surface 35 (Plane, Delaunay)
Info    : [ 10%] Meshing surface 41 (Plane, Delaunay)
Info    : [ 10%] Meshing surface 43 (Plane, Delaunay)
Info    : [ 10%] Meshing surface 44 (Plane, Delaunay)
Info    : [ 10%] Meshing surface 45 (Plane, Delaunay)
Info    : [ 10%] Meshing surface 46 (Plane, Delaunay)
Info    : [ 10%] Meshing surface 47 (Plane, Delaunay)
Info    : [ 10%] Meshing surface 48 (Plane, Delaunay)
Info    : [ 10%] Meshing surface 49 (Plane, Delaunay)
Info    : [ 10%] Meshing surface 50 (Plane, Delaunay)
Info    : [ 10%] Meshing surface 51 (Plane, Delaunay)
Info    : [ 10%] Meshing surface 53 (Plane, Delaunay)
Info    : [ 10%] Meshing surface 54 (Plane, Delaunay)
Info    : [ 10%] Meshing surface 55 (Plane, Delaunay)
Info    : [ 10%] Meshing surface 56 (Plane, Delaunay)
Info    : [ 20%] Meshing surface 57 (Plane, Delaunay)
Info    : [ 20%] Meshing surface 58 (Plane, Delaunay)
Info    : [ 20%] Meshing surface 59 (Plane, Delaunay)
Info    : [ 20%] Meshing surface 60 (Plane, Delaunay)
Info    : [ 20%] Meshing surface 61 (Plane, Delaunay)
Info    : [ 20%] Meshing surface 62 (Plane, Delaunay)
Info    : [ 20%] Meshing surface 63 (Plane, Delaunay)
Info    : [ 20%] Meshing surface 64 (Plane, Delaunay)
Info    : [ 20%] Meshing surface 65 (Plane, Delaunay)
Info    : [ 20%] Meshing surface 66 (Plane, Delaunay)
Info    : [ 20%] Meshing surface 67 (Plane, Delaunay)
Info    : [ 20%] Meshing surface 68 (Plane, Delaunay)
Info    : [ 20%] Meshing surface 69 (Plane, Delaunay)
Info    : [ 20%] Meshing surface 70 (Plane, Delaunay)
Info    : [ 30%] Meshing surface 71 (Plane, Delaunay)
Info    : [ 30%] Meshing surface 72 (Plane, Delaunay)
Info    : [ 30%] Meshing surface 73 (Plane, Delaunay)
Info    : [ 30%] Meshing surface 74 (Plane, Delaunay)
Info    : [ 30%] Meshing surface 75 (Plane, Delaunay)
Info    : [ 30%] Meshing surface 76 (Plane, Delaunay)
Info    : [ 30%] Meshing surface 173 (Plane, Delaunay)
Info    : [ 30%] Meshing surface 174 (Plane, Delaunay)
Info    : [ 30%] Meshing surface 175 (Plane, Delaunay)
Info    : [ 30%] Meshing surface 177 (Plane, Delaunay)
Info    : [ 30%] Meshing surface 178 (Plane, Delaunay)
Info    : [ 30%] Meshing surface 179 (Plane, Delaunay)
Info    : [ 30%] Meshing surface 180 (Plane, Delaunay)
Info    : [ 30%] Meshing surface 181 (Plane, Delaunay)
Info    : [ 40%] Meshing surface 182 (Plane, Delaunay)
Info    : [ 40%] Meshing surface 183 (Plane, Delaunay)
Info    : [ 40%] Meshing surface 184 (Plane, Delaunay)
Info    : [ 40%] Meshing surface 185 (Plane, Delaunay)
Info    : [ 40%] Meshing surface 186 (Plane, Delaunay)
Info    : [ 40%] Meshing surface 187 (Plane, Delaunay)
Info    : [ 40%] Meshing surface 188 (Plane, Delaunay)
Info    : [ 40%] Meshing surface 189 (Plane, Delaunay)
Info    : [ 40%] Meshing surface 191 (Plane, Delaunay)
Info    : [ 40%] Meshing surface 192 (Plane, Delaunay)
Info    : [ 40%] Meshing surface 193 (Plane, Delaunay)
Info    : [ 40%] Meshing surface 194 (Plane, Delaunay)
Info    : [ 40%] Meshing surface 195 (Plane, Delaunay)
Info    : [ 40%] Meshing surface 196 (Plane, Delaunay)
Info    : [ 50%] Meshing surface 197 (Plane, Delaunay)
Info    : [ 50%] Meshing surface 198 (Plane, Delaunay)
Info    : [ 50%] Meshing surface 199 (Plane, Delaunay)
Info    : [ 50%] Meshing surface 200 (Plane, Delaunay)
Info    : [ 50%] Meshing surface 201 (Plane, Delaunay)
Info    : [ 50%] Meshing surface 202 (Plane, Delaunay)
Info    : [ 50%] Meshing surface 203 (Plane, Delaunay)
Info    : [ 50%] Meshing surface 204 (Plane, Delaunay)
Info    : [ 50%] Meshing surface 205 (Plane, Delaunay)
Info    : [ 50%] Meshing surface 206 (Plane, Delaunay)
Info    : [ 50%] Meshing surface 207 (Plane, Delaunay)
Info    : [ 50%] Meshing surface 208 (Plane, Delaunay)
Info    : [ 50%] Meshing surface 209 (Plane, Delaunay)
Info    : [ 50%] Meshing surface 210 (Plane, Delaunay)
Info    : [ 50%] Meshing surface 211 (Plane, Delaunay)
Info    : [ 60%] Meshing surface 212 (Plane, Delaunay)
Info    : [ 60%] Meshing surface 213 (Plane, Delaunay)
Info    : [ 60%] Meshing surface 214 (Plane, Delaunay)
Info    : [ 60%] Meshing surface 215 (Plane, Delaunay)
Info    : [ 60%] Meshing surface 216 (Plane, Delaunay)
Info    : [ 60%] Meshing surface 217 (Plane, Delaunay)
Info    : [ 60%] Meshing surface 218 (Plane, Delaunay)
Info    : [ 60%] Meshing surface 219 (Plane, Delaunay)
Info    : [ 60%] Meshing surface 220 (Plane, Delaunay)
Info    : [ 60%] Meshing surface 221 (Plane, Delaunay)
Info    : [ 60%] Meshing surface 222 (Plane, Delaunay)
Info    : [ 60%] Meshing surface 223 (Plane, Delaunay)
Info    : [ 60%] Meshing surface 225 (Plane, Delaunay)
Info    : [ 60%] Meshing surface 226 (Plane, Delaunay)
Info    : [ 70%] Meshing surface 227 (Plane, Delaunay)
Info    : [ 70%] Meshing surface 228 (Plane, Delaunay)
Info    : [ 70%] Meshing surface 229 (Plane, Delaunay)
Info    : [ 70%] Meshing surface 230 (Plane, Delaunay)
Info    : [ 70%] Meshing surface 231 (Plane, Delaunay)
Info    : [ 70%] Meshing surface 232 (Plane, Delaunay)
Info    : [ 70%] Meshing surface 233 (Plane, Delaunay)
Info    : [ 70%] Meshing surface 234 (Plane, Delaunay)
Info    : [ 70%] Meshing surface 235 (Plane, Delaunay)
Info    : [ 70%] Meshing surface 236 (Plane, Delaunay)
Info    : [ 70%] Meshing surface 237 (Plane, Delaunay)
Info    : [ 70%] Meshing surface 238 (Plane, Delaunay)
Info    : [ 70%] Meshing surface 239 (Plane, Delaunay)
Info    : [ 70%] Meshing surface 240 (Plane, Delaunay)
Info    : [ 80%] Meshing surface 241 (Plane, Delaunay)
Info    : [ 80%] Meshing surface 242 (Plane, Delaunay)
Info    : [ 80%] Meshing surface 243 (Plane, Delaunay)
Info    : [ 80%] Meshing surface 244 (Plane, Delaunay)
Info    : [ 80%] Meshing surface 245 (Plane, Delaunay)
Info    : [ 80%] Meshing surface 246 (Plane, Delaunay)
Info    : [ 80%] Meshing surface 247 (Plane, Delaunay)
Info    : [ 80%] Meshing surface 248 (Plane, Delaunay)
Info    : [ 80%] Meshing surface 249 (Plane, Delaunay)
Info    : [ 80%] Meshing surface 250 (Plane, Delaunay)
Info    : [ 80%] Meshing surface 251 (Plane, Delaunay)
Info    : [ 80%] Meshing surface 252 (Plane, Delaunay)
Info    : [ 80%] Meshing surface 253 (Plane, Delaunay)
Info    : [ 80%] Meshing surface 254 (Plane, Delaunay)
Info    : [ 90%] Meshing surface 255 (Plane, Delaunay)
Info    : [ 90%] Meshing surface 256 (Plane, Delaunay)
Info    : [ 90%] Meshing surface 257 (Plane, Delaunay)
Info    : [ 90%] Meshing surface 258 (Plane, Delaunay)
Info    : [ 90%] Meshing surface 259 (Plane, Delaunay)
Info    : [ 90%] Meshing surface 260 (Plane, Delaunay)
Info    : [ 90%] Meshing surface 261 (Plane, Delaunay)
Info    : [ 90%] Meshing surface 262 (Plane, Delaunay)
Info    : [ 90%] Meshing surface 263 (Plane, Delaunay)
Info    : [ 90%] Meshing surface 264 (Plane, Delaunay)
Info    : [ 90%] Meshing surface 265 (Plane, Delaunay)
Info    : [ 90%] Meshing surface 266 (Plane, Delaunay)
Info    : [ 90%] Meshing surface 267 (Plane, Delaunay)
Info    : [ 90%] Meshing surface 268 (Plane, Delaunay)
Info    : [100%] Meshing surface 269 (Plane, Delaunay)
Info    : [100%] Meshing surface 270 (Plane, Delaunay)
Info    : [100%] Meshing surface 271 (Plane, Delaunay)
Info    : [100%] Meshing surface 272 (Plane, Delaunay)
Info    : [100%] Meshing surface 273 (Plane, Delaunay)
Info    : [100%] Meshing surface 274 (Plane, Delaunay)
Info    : [100%] Meshing surface 275 (Plane, Delaunay)
Info    : [100%] Meshing surface 276 (Plane, Delaunay)
Info    : [100%] Meshing surface 277 (Plane, Delaunay)
Info    : [100%] Meshing surface 278 (Plane, Delaunay)
Info    : [100%] Meshing surface 279 (Plane, Delaunay)
Info    : [100%] Meshing surface 280 (Plane, Delaunay)
Info    : [100%] Meshing surface 281 (Plane, Delaunay)
Info    : [100%] Meshing surface 282 (Plane, Delaunay)
Info    : Done meshing 2D (Wall 0.556439s, CPU 0.556347s)
Info    : Meshing 3D...
Info    : 3D Meshing 16 volumes with 1 connected component
Info    : Tetrahedrizing 4599 nodes...
Info    : Done tetrahedrizing 4607 nodes (Wall 0.065861s, CPU 0.065847s)
Info    : Reconstructing mesh...
Info    :  - Creating surface mesh
Info    :  - Identifying boundary edges
Info    :  - Recovering boundary
Info    :  - Added 20 Steiner points
Info    : Done reconstructing mesh (Wall 0.177479s, CPU 0.177446s)
Info    : Found volume 27
Info    : Found volume 28
Info    : Found volume 23
Info    : Found volume 30
Info    : Found volume 26
Info    : Found volume 29
Info    : Found volume 6
Info    : Found volume 7
Info    : Found volume 31
Info    : Found volume 8
Info    : Found volume 25
Info    : Found volume 24
Info    : Found volume 9
Info    : Found volume 11
Info    : Found volume 10
Info    : Found volume 12
Info    : It. 0 - 0 nodes created - worst tet radius 15.3736 (nodes removed 0 0)
Info    : It. 500 - 0 nodes created - worst tet radius 3.90663 (nodes removed 0 500)
Info    : It. 1000 - 19 nodes created - worst tet radius 2.23003 (nodes removed 0 981)
Info    : It. 1500 - 78 nodes created - worst tet radius 1.50745 (nodes removed 0 1422)
Info    : It. 2000 - 168 nodes created - worst tet radius 1.22532 (nodes removed 0 1832)
Info    : It. 2500 - 307 nodes created - worst tet radius 1.05976 (nodes removed 1 2192)
Info    : 3D refinement terminated (5005 nodes total):
Info    :  - 2 Delaunay cavities modified for star shapeness
Info    :  - 2388 nodes could not be inserted
Info    :  - 29586 tetrahedra created in 0.105589 sec. (280199 tets/s)
Info    : 216 node relocations
Info    : Done meshing 3D (Wall 0.583067s, CPU 0.579393s)
Info    : Optimizing mesh...
Info    : Optimizing volume 6
Info    : Optimization starts (volume = 234) with worst = 0.209192 / average = 0.599865:
Info    : 0.00 < quality < 0.10 :         0 elements
Info    : 0.10 < quality < 0.20 :         0 elements
Info    : 0.20 < quality < 0.30 :        35 elements
Info    : 0.30 < quality < 0.40 :         7 elements
Info    : 0.40 < quality < 0.50 :         3 elements
Info    : 0.50 < quality < 0.60 :         6 elements
Info    : 0.60 < quality < 0.70 :        60 elements
Info    : 0.70 < quality < 0.80 :        46 elements
Info    : 0.80 < quality < 0.90 :        10 elements
Info    : 0.90 < quality < 1.00 :         1 elements
Info    : No ill-shaped tets in the mesh :-)
Info    : 0.00 < quality < 0.10 :         0 elements
Info    : 0.10 < quality < 0.20 :         0 elements
Info    : 0.20 < quality < 0.30 :        35 elements
Info    : 0.30 < quality < 0.40 :         7 elements
Info    : 0.40 < quality < 0.50 :         3 elements
Info    : 0.50 < quality < 0.60 :         6 elements
Info    : 0.60 < quality < 0.70 :        60 elements
Info    : 0.70 < quality < 0.80 :        46 elements
Info    : 0.80 < quality < 0.90 :        10 elements
Info    : 0.90 < quality < 1.00 :         1 elements
Info    : Optimizing volume 7
Info    : Optimization starts (volume = 234) with worst = 0.209192 / average = 0.60001:
Info    : 0.00 < quality < 0.10 :         0 elements
Info    : 0.10 < quality < 0.20 :         0 elements
Info    : 0.20 < quality < 0.30 :        35 elements
Info    : 0.30 < quality < 0.40 :         7 elements
Info    : 0.40 < quality < 0.50 :         3 elements
Info    : 0.50 < quality < 0.60 :         6 elements
Info    : 0.60 < quality < 0.70 :        60 elements
Info    : 0.70 < quality < 0.80 :        46 elements
Info    : 0.80 < quality < 0.90 :        10 elements
Info    : 0.90 < quality < 1.00 :         1 elements
Info    : No ill-shaped tets in the mesh :-)
Info    : 0.00 < quality < 0.10 :         0 elements
Info    : 0.10 < quality < 0.20 :         0 elements
Info    : 0.20 < quality < 0.30 :        35 elements
Info    : 0.30 < quality < 0.40 :         7 elements
Info    : 0.40 < quality < 0.50 :         3 elements
Info    : 0.50 < quality < 0.60 :         6 elements
Info    : 0.60 < quality < 0.70 :        60 elements
Info    : 0.70 < quality < 0.80 :        46 elements
Info    : 0.80 < quality < 0.90 :        10 elements
Info    : 0.90 < quality < 1.00 :         1 elements
Info    : Optimizing volume 8
Info    : Optimization starts (volume = 109.224) with worst = 0.219132 / average = 0.608138:
Info    : 0.00 < quality < 0.10 :         0 elements
Info    : 0.10 < quality < 0.20 :         0 elements
Info    : 0.20 < quality < 0.30 :         6 elements
Info    : 0.30 < quality < 0.40 :        10 elements
Info    : 0.40 < quality < 0.50 :        24 elements
Info    : 0.50 < quality < 0.60 :        14 elements
Info    : 0.60 < quality < 0.70 :        18 elements
Info    : 0.70 < quality < 0.80 :        18 elements
Info    : 0.80 < quality < 0.90 :        20 elements
Info    : 0.90 < quality < 1.00 :         4 elements
Info    : No ill-shaped tets in the mesh :-)
Info    : 0.00 < quality < 0.10 :         0 elements
Info    : 0.10 < quality < 0.20 :         0 elements
Info    : 0.20 < quality < 0.30 :         6 elements
Info    : 0.30 < quality < 0.40 :        10 elements
Info    : 0.40 < quality < 0.50 :        24 elements
Info    : 0.50 < quality < 0.60 :        14 elements
Info    : 0.60 < quality < 0.70 :        18 elements
Info    : 0.70 < quality < 0.80 :        18 elements
Info    : 0.80 < quality < 0.90 :        20 elements
Info    : 0.90 < quality < 1.00 :         4 elements
Info    : Optimizing volume 9
Info    : Optimization starts (volume = 2.268) with worst = 0.266475 / average = 0.325093:
Info    : 0.00 < quality < 0.10 :         0 elements
Info    : 0.10 < quality < 0.20 :         0 elements
Info    : 0.20 < quality < 0.30 :         4 elements
Info    : 0.30 < quality < 0.40 :         8 elements
Info    : 0.40 < quality < 0.50 :         0 elements
Info    : 0.50 < quality < 0.60 :         0 elements
Info    : 0.60 < quality < 0.70 :         0 elements
Info    : 0.70 < quality < 0.80 :         0 elements
Info    : 0.80 < quality < 0.90 :         0 elements
Info    : 0.90 < quality < 1.00 :         0 elements
Info    : No ill-shaped tets in the mesh :-)
Info    : 0.00 < quality < 0.10 :         0 elements
Info    : 0.10 < quality < 0.20 :         0 elements
Info    : 0.20 < quality < 0.30 :         4 elements
Info    : 0.30 < quality < 0.40 :         8 elements
Info    : 0.40 < quality < 0.50 :         0 elements
Info    : 0.50 < quality < 0.60 :         0 elements
Info    : 0.60 < quality < 0.70 :         0 elements
Info    : 0.70 < quality < 0.80 :         0 elements
Info    : 0.80 < quality < 0.90 :         0 elements
Info    : 0.90 < quality < 1.00 :         0 elements
Info    : Optimizing volume 10
Info    : Optimization starts (volume = 2.268) with worst = 0.266475 / average = 0.325093:
Info    : 0.00 < quality < 0.10 :         0 elements
Info    : 0.10 < quality < 0.20 :         0 elements
Info    : 0.20 < quality < 0.30 :         4 elements
Info    : 0.30 < quality < 0.40 :         8 elements
Info    : 0.40 < quality < 0.50 :         0 elements
Info    : 0.50 < quality < 0.60 :         0 elements
Info    : 0.60 < quality < 0.70 :         0 elements
Info    : 0.70 < quality < 0.80 :         0 elements
Info    : 0.80 < quality < 0.90 :         0 elements
Info    : 0.90 < quality < 1.00 :         0 elements
Info    : No ill-shaped tets in the mesh :-)
Info    : 0.00 < quality < 0.10 :         0 elements
Info    : 0.10 < quality < 0.20 :         0 elements
Info    : 0.20 < quality < 0.30 :         4 elements
Info    : 0.30 < quality < 0.40 :         8 elements
Info    : 0.40 < quality < 0.50 :         0 elements
Info    : 0.50 < quality < 0.60 :         0 elements
Info    : 0.60 < quality < 0.70 :         0 elements
Info    : 0.70 < quality < 0.80 :         0 elements
Info    : 0.80 < quality < 0.90 :         0 elements
Info    : 0.90 < quality < 1.00 :         0 elements
Info    : Optimizing volume 11
Info    : Optimization starts (volume = 2.268) with worst = 0.266475 / average = 0.325093:
Info    : 0.00 < quality < 0.10 :         0 elements
Info    : 0.10 < quality < 0.20 :         0 elements
Info    : 0.20 < quality < 0.30 :         4 elements
Info    : 0.30 < quality < 0.40 :         8 elements
Info    : 0.40 < quality < 0.50 :         0 elements
Info    : 0.50 < quality < 0.60 :         0 elements
Info    : 0.60 < quality < 0.70 :         0 elements
Info    : 0.70 < quality < 0.80 :         0 elements
Info    : 0.80 < quality < 0.90 :         0 elements
Info    : 0.90 < quality < 1.00 :         0 elements
Info    : No ill-shaped tets in the mesh :-)
Info    : 0.00 < quality < 0.10 :         0 elements
Info    : 0.10 < quality < 0.20 :         0 elements
Info    : 0.20 < quality < 0.30 :         4 elements
Info    : 0.30 < quality < 0.40 :         8 elements
Info    : 0.40 < quality < 0.50 :         0 elements
Info    : 0.50 < quality < 0.60 :         0 elements
Info    : 0.60 < quality < 0.70 :         0 elements
Info    : 0.70 < quality < 0.80 :         0 elements
Info    : 0.80 < quality < 0.90 :         0 elements
Info    : 0.90 < quality < 1.00 :         0 elements
Info    : Optimizing volume 12
Info    : Optimization starts (volume = 2.268) with worst = 0.266475 / average = 0.325093:
Info    : 0.00 < quality < 0.10 :         0 elements
Info    : 0.10 < quality < 0.20 :         0 elements
Info    : 0.20 < quality < 0.30 :         4 elements
Info    : 0.30 < quality < 0.40 :         8 elements
Info    : 0.40 < quality < 0.50 :         0 elements
Info    : 0.50 < quality < 0.60 :         0 elements
Info    : 0.60 < quality < 0.70 :         0 elements
Info    : 0.70 < quality < 0.80 :         0 elements
Info    : 0.80 < quality < 0.90 :         0 elements
Info    : 0.90 < quality < 1.00 :         0 elements
Info    : No ill-shaped tets in the mesh :-)
Info    : 0.00 < quality < 0.10 :         0 elements
Info    : 0.10 < quality < 0.20 :         0 elements
Info    : 0.20 < quality < 0.30 :         4 elements
Info    : 0.30 < quality < 0.40 :         8 elements
Info    : 0.40 < quality < 0.50 :         0 elements
Info    : 0.50 < quality < 0.60 :         0 elements
Info    : 0.60 < quality < 0.70 :         0 elements
Info    : 0.70 < quality < 0.80 :         0 elements
Info    : 0.80 < quality < 0.90 :         0 elements
Info    : 0.90 < quality < 1.00 :         0 elements
Info    : Optimizing volume 23
Info    : Optimization starts (volume = 5805.12) with worst = 0.00163152 / average = 0.14526:
Info    : 0.00 < quality < 0.10 :       119 elements
Info    : 0.10 < quality < 0.20 :      2252 elements
Info    : 0.20 < quality < 0.30 :        79 elements
Info    : 0.30 < quality < 0.40 :         2 elements
Info    : 0.40 < quality < 0.50 :         0 elements
Info    : 0.50 < quality < 0.60 :         0 elements
Info    : 0.60 < quality < 0.70 :         0 elements
Info    : 0.70 < quality < 0.80 :         0 elements
Info    : 0.80 < quality < 0.90 :         0 elements
Info    : 0.90 < quality < 1.00 :         0 elements
Info    : 163 edge swaps, 8 node relocations (volume = 5805.12): worst = 0.00592336 / average = 0.145628 (Wall 0.011767s, CPU 0.011763s)
Info    : 170 edge swaps, 17 node relocations (volume = 5805.12): worst = 0.00592336 / average = 0.145676 (Wall 0.0288153s, CPU 0.028809s)
Info    : No ill-shaped tets in the mesh :-)
Info    : 0.00 < quality < 0.10 :       102 elements
Info    : 0.10 < quality < 0.20 :      2231 elements
Info    : 0.20 < quality < 0.30 :        75 elements
Info    : 0.30 < quality < 0.40 :         4 elements
Info    : 0.40 < quality < 0.50 :         0 elements
Info    : 0.50 < quality < 0.60 :         0 elements
Info    : 0.60 < quality < 0.70 :         0 elements
Info    : 0.70 < quality < 0.80 :         0 elements
Info    : 0.80 < quality < 0.90 :         0 elements
Info    : 0.90 < quality < 1.00 :         0 elements
Info    : Optimizing volume 24
Info    : Optimization starts (volume = 4358.7) with worst = 0.0353717 / average = 0.659442:
Info    : 0.00 < quality < 0.10 :         8 elements
Info    : 0.10 < quality < 0.20 :        16 elements
Info    : 0.20 < quality < 0.30 :         7 elements
Info    : 0.30 < quality < 0.40 :        28 elements
Info    : 0.40 < quality < 0.50 :       188 elements
Info    : 0.50 < quality < 0.60 :       400 elements
Info    : 0.60 < quality < 0.70 :       271 elements
Info    : 0.70 < quality < 0.80 :       294 elements
Info    : 0.80 < quality < 0.90 :       276 elements
Info    : 0.90 < quality < 1.00 :       110 elements
Info    : 25 edge swaps, 0 node relocations (volume = 4358.7): worst = 0.273013 / average = 0.66285 (Wall 0.000597031s, CPU 0.000596s)
Info    : 27 edge swaps, 0 node relocations (volume = 4358.7): worst = 0.273013 / average = 0.662824 (Wall 0.00071255s, CPU 0.000716s)
Info    : No ill-shaped tets in the mesh :-)
Info    : 0.00 < quality < 0.10 :         0 elements
Info    : 0.10 < quality < 0.20 :         0 elements
Info    : 0.20 < quality < 0.30 :         4 elements
Info    : 0.30 < quality < 0.40 :        27 elements
Info    : 0.40 < quality < 0.50 :       186 elements
Info    : 0.50 < quality < 0.60 :       438 elements
Info    : 0.60 < quality < 0.70 :       263 elements
Info    : 0.70 < quality < 0.80 :       292 elements
Info    : 0.80 < quality < 0.90 :       264 elements
Info    : 0.90 < quality < 1.00 :       110 elements
Info    : Optimizing volume 25
Info    : Optimization starts (volume = 1288.04) with worst = 0.0353717 / average = 0.638685:
Info    : 0.00 < quality < 0.10 :         8 elements
Info    : 0.10 < quality < 0.20 :         1 elements
Info    : 0.20 < quality < 0.30 :         7 elements
Info    : 0.30 < quality < 0.40 :        15 elements
Info    : 0.40 < quality < 0.50 :        79 elements
Info    : 0.50 < quality < 0.60 :       115 elements
Info    : 0.60 < quality < 0.70 :       100 elements
Info    : 0.70 < quality < 0.80 :        99 elements
Info    : 0.80 < quality < 0.90 :        70 elements
Info    : 0.90 < quality < 1.00 :        36 elements
Info    : 9 edge swaps, 0 node relocations (volume = 1288.04): worst = 0.261566 / average = 0.643049 (Wall 0.000416557s, CPU 0.000413s)
Info    : 11 edge swaps, 0 node relocations (volume = 1288.04): worst = 0.261566 / average = 0.642971 (Wall 0.000537941s, CPU 0.000538s)
Info    : No ill-shaped tets in the mesh :-)
Info    : 0.00 < quality < 0.10 :         0 elements
Info    : 0.10 < quality < 0.20 :         0 elements
Info    : 0.20 < quality < 0.30 :         5 elements
Info    : 0.30 < quality < 0.40 :        14 elements
Info    : 0.40 < quality < 0.50 :        80 elements
Info    : 0.50 < quality < 0.60 :       123 elements
Info    : 0.60 < quality < 0.70 :       101 elements
Info    : 0.70 < quality < 0.80 :        98 elements
Info    : 0.80 < quality < 0.90 :        66 elements
Info    : 0.90 < quality < 1.00 :        36 elements
Info    : Optimizing volume 26
Info    : Optimization starts (volume = 2.31799e+07) with worst = 0.0308008 / average = 0.608293:
Info    : 0.00 < quality < 0.10 :         7 elements
Info    : 0.10 < quality < 0.20 :        19 elements
Info    : 0.20 < quality < 0.30 :        38 elements
Info    : 0.30 < quality < 0.40 :       107 elements
Info    : 0.40 < quality < 0.50 :       315 elements
Info    : 0.50 < quality < 0.60 :       465 elements
Info    : 0.60 < quality < 0.70 :       357 elements
Info    : 0.70 < quality < 0.80 :       267 elements
Info    : 0.80 < quality < 0.90 :       200 elements
Info    : 0.90 < quality < 1.00 :        83 elements
Info    : 60 edge swaps, 1 node relocations (volume = 2.31799e+07): worst = 0.274534 / average = 0.622236 (Wall 0.000981758s, CPU 0.000985s)
Info    : 64 edge swaps, 1 node relocations (volume = 2.31799e+07): worst = 0.305463 / average = 0.622638 (Wall 0.0011269s, CPU 0.001133s)
Info    : No ill-shaped tets in the mesh :-)
Info    : 0.00 < quality < 0.10 :         0 elements
Info    : 0.10 < quality < 0.20 :         0 elements
Info    : 0.20 < quality < 0.30 :         0 elements
Info    : 0.30 < quality < 0.40 :       118 elements
Info    : 0.40 < quality < 0.50 :       321 elements
Info    : 0.50 < quality < 0.60 :       447 elements
Info    : 0.60 < quality < 0.70 :       354 elements
Info    : 0.70 < quality < 0.80 :       286 elements
Info    : 0.80 < quality < 0.90 :       199 elements
Info    : 0.90 < quality < 1.00 :        83 elements
Info    : Optimizing volume 27
Info    : Optimization starts (volume = 46359.8) with worst = 0.000617478 / average = 0.0295798:
Info    : 0.00 < quality < 0.10 :      2262 elements
Info    : 0.10 < quality < 0.20 :       122 elements
Info    : 0.20 < quality < 0.30 :         0 elements
Info    : 0.30 < quality < 0.40 :         0 elements
Info    : 0.40 < quality < 0.50 :         0 elements
Info    : 0.50 < quality < 0.60 :         0 elements
Info    : 0.60 < quality < 0.70 :         0 elements
Info    : 0.70 < quality < 0.80 :         0 elements
Info    : 0.80 < quality < 0.90 :         0 elements
Info    : 0.90 < quality < 1.00 :         0 elements
Info    : 296 edge swaps, 0 node relocations (volume = 46359.8): worst = 0.000819026 / average = 0.0283825 (Wall 0.020396s, CPU 0.020391s)
Info    : 310 edge swaps, 0 node relocations (volume = 46359.8): worst = 0.000819026 / average = 0.0284208 (Wall 0.035856s, CPU 0.035849s)
Warning : 5 ill-shaped tets are still in the mesh
Info    : 0.00 < quality < 0.10 :      2154 elements
Info    : 0.10 < quality < 0.20 :        92 elements
Info    : 0.20 < quality < 0.30 :         0 elements
Info    : 0.30 < quality < 0.40 :         0 elements
Info    : 0.40 < quality < 0.50 :         0 elements
Info    : 0.50 < quality < 0.60 :         0 elements
Info    : 0.60 < quality < 0.70 :         0 elements
Info    : 0.70 < quality < 0.80 :         0 elements
Info    : 0.80 < quality < 0.90 :         0 elements
Info    : 0.90 < quality < 1.00 :         0 elements
Info    : Optimizing volume 28
Info    : Optimization starts (volume = 1.81109e+06) with worst = 0.000143912 / average = 0.451588:
Info    : 0.00 < quality < 0.10 :       575 elements
Info    : 0.10 < quality < 0.20 :      2123 elements
Info    : 0.20 < quality < 0.30 :      1503 elements
Info    : 0.30 < quality < 0.40 :      1645 elements
Info    : 0.40 < quality < 0.50 :      1734 elements
Info    : 0.50 < quality < 0.60 :      1678 elements
Info    : 0.60 < quality < 0.70 :      1206 elements
Info    : 0.70 < quality < 0.80 :       965 elements
Info    : 0.80 < quality < 0.90 :      1014 elements
Info    : 0.90 < quality < 1.00 :       497 elements
Info    : 810 edge swaps, 33 node relocations (volume = 1.81109e+06): worst = 0.00982813 / average = 0.464595 (Wall 0.0555943s, CPU 0.055585s)
Info    : 891 edge swaps, 51 node relocations (volume = 1.81109e+06): worst = 0.0508926 / average = 0.464578 (Wall 0.0843376s, CPU 0.084325s)
Info    : 908 edge swaps, 56 node relocations (volume = 1.81109e+06): worst = 0.0508926 / average = 0.464848 (Wall 0.112667s, CPU 0.112646s)
Info    : No ill-shaped tets in the mesh :-)
Info    : 0.00 < quality < 0.10 :       356 elements
Info    : 0.10 < quality < 0.20 :      1908 elements
Info    : 0.20 < quality < 0.30 :      1325 elements
Info    : 0.30 < quality < 0.40 :      1679 elements
Info    : 0.40 < quality < 0.50 :      1743 elements
Info    : 0.50 < quality < 0.60 :      1698 elements
Info    : 0.60 < quality < 0.70 :      1253 elements
Info    : 0.70 < quality < 0.80 :       991 elements
Info    : 0.80 < quality < 0.90 :       952 elements
Info    : 0.90 < quality < 1.00 :       473 elements
Info    : Optimizing volume 29
Info    : Optimization starts (volume = 434623) with worst = 0.0412217 / average = 0.50337:
Info    : 0.00 < quality < 0.10 :        26 elements
Info    : 0.10 < quality < 0.20 :       180 elements
Info    : 0.20 < quality < 0.30 :       456 elements
Info    : 0.30 < quality < 0.40 :       444 elements
Info    : 0.40 < quality < 0.50 :       530 elements
Info    : 0.50 < quality < 0.60 :       697 elements
Info    : 0.60 < quality < 0.70 :       783 elements
Info    : 0.70 < quality < 0.80 :       410 elements
Info    : 0.80 < quality < 0.90 :        95 elements
Info    : 0.90 < quality < 1.00 :         5 elements
Info    : 174 edge swaps, 0 node relocations (volume = 434623): worst = 0.0853066 / average = 0.513795 (Wall 0.00537605s, CPU 0.005375s)
Info    : 181 edge swaps, 0 node relocations (volume = 434623): worst = 0.0853066 / average = 0.513966 (Wall 0.00990137s, CPU 0.009901s)
Info    : No ill-shaped tets in the mesh :-)
Info    : 0.00 < quality < 0.10 :         7 elements
Info    : 0.10 < quality < 0.20 :       111 elements
Info    : 0.20 < quality < 0.30 :       416 elements
Info    : 0.30 < quality < 0.40 :       469 elements
Info    : 0.40 < quality < 0.50 :       511 elements
Info    : 0.50 < quality < 0.60 :       679 elements
Info    : 0.60 < quality < 0.70 :       783 elements
Info    : 0.70 < quality < 0.80 :       413 elements
Info    : 0.80 < quality < 0.90 :        97 elements
Info    : 0.90 < quality < 1.00 :         5 elements
Info    : Optimizing volume 30
Info    : Optimization starts (volume = 2.08619e+07) with worst = 0.0336289 / average = 0.609257:
Info    : 0.00 < quality < 0.10 :        10 elements
Info    : 0.10 < quality < 0.20 :        26 elements
Info    : 0.20 < quality < 0.30 :        45 elements
Info    : 0.30 < quality < 0.40 :       131 elements
Info    : 0.40 < quality < 0.50 :       325 elements
Info    : 0.50 < quality < 0.60 :       658 elements
Info    : 0.60 < quality < 0.70 :       522 elements
Info    : 0.70 < quality < 0.80 :       382 elements
Info    : 0.80 < quality < 0.90 :       227 elements
Info    : 0.90 < quality < 1.00 :        85 elements
Info    : 75 edge swaps, 2 node relocations (volume = 2.08619e+07): worst = 0.247029 / average = 0.622909 (Wall 0.00135705s, CPU 0.001357s)
Info    : No ill-shaped tets in the mesh :-)
Info    : 0.00 < quality < 0.10 :         0 elements
Info    : 0.10 < quality < 0.20 :         0 elements
Info    : 0.20 < quality < 0.30 :         4 elements
Info    : 0.30 < quality < 0.40 :       137 elements
Info    : 0.40 < quality < 0.50 :       322 elements
Info    : 0.50 < quality < 0.60 :       648 elements
Info    : 0.60 < quality < 0.70 :       537 elements
Info    : 0.70 < quality < 0.80 :       385 elements
Info    : 0.80 < quality < 0.90 :       229 elements
Info    : 0.90 < quality < 1.00 :        85 elements
Info    : Optimizing volume 31
Info    : Optimization starts (volume = 5.06246e+07) with worst = 0.00812589 / average = 0.577853:
Info    : 0.00 < quality < 0.10 :       118 elements
Info    : 0.10 < quality < 0.20 :        34 elements
Info    : 0.20 < quality < 0.30 :        41 elements
Info    : 0.30 < quality < 0.40 :        73 elements
Info    : 0.40 < quality < 0.50 :       111 elements
Info    : 0.50 < quality < 0.60 :       131 elements
Info    : 0.60 < quality < 0.70 :       309 elements
Info    : 0.70 < quality < 0.80 :       290 elements
Info    : 0.80 < quality < 0.90 :       113 elements
Info    : 0.90 < quality < 1.00 :        69 elements
Info    : 31 edge swaps, 0 node relocations (volume = 5.06246e+07): worst = 0.00812589 / average = 0.588669 (Wall 0.00166476s, CPU 0.001665s)
Info    : 33 edge swaps, 0 node relocations (volume = 5.06246e+07): worst = 0.00812589 / average = 0.589389 (Wall 0.00332001s, CPU 0.003313s)
Info    : No ill-shaped tets in the mesh :-)
Info    : 0.00 < quality < 0.10 :       112 elements
Info    : 0.10 < quality < 0.20 :        24 elements
Info    : 0.20 < quality < 0.30 :        22 elements
Info    : 0.30 < quality < 0.40 :        77 elements
Info    : 0.40 < quality < 0.50 :       108 elements
Info    : 0.50 < quality < 0.60 :       130 elements
Info    : 0.60 < quality < 0.70 :       314 elements
Info    : 0.70 < quality < 0.80 :       289 elements
Info    : 0.80 < quality < 0.90 :       112 elements
Info    : 0.90 < quality < 1.00 :        72 elements
Info    : Done optimizing mesh (Wall 0.25009s, CPU 0.250044s)
Info    : 5005 nodes 39896 elements
Warning : ------------------------------
Warning : Mesh generation error summary
Warning :     1 warning
Warning :     0 errors
Warning : Check the full log for details
Warning : ------------------------------
Info    : Writing '/foss/designs/inductor_synth/palace_model/inductor2_N2_do105.22_w8_s3_data/inductor2_N2_do105.22_w8_s3.msh'...
Info    : Done writing '/foss/designs/inductor_synth/palace_model/inductor2_N2_do105.22_w8_s3_data/inductor2_N2_do105.22_w8_s3.msh'
Info    : Clearing all models and views...
Info    : Done clearing all models and views
>> /usr/bin/mpirun -n 1 /foss/tools/bin/palace-x86_64.bin config.json

_____________     _______
_____   __   \____ __   /____ ____________
____   /_/  /  __ ` /  /  __ ` /  ___/  _ \
___   _____/  /_/  /  /  /_/  /  /__/  ___/
  /__/     \___,__/__/\___,__/\_____\_____/

Git changeset ID: v0.17.0-227-gc531cf3e
Running with 1 MPI process
Device configuration: cpu
Memory configuration: host-std
libCEED backend: /cpu/self/xsmm/blocked

Added 4658 boundary elements for material interfaces to the mesh

Characteristic length and time scales:
 Lc = 4.999e-04 m, tc = 1.667e-03 ns
Finished partitioning mesh into 1 subdomain

Mesh curvature order: 1
Mesh bounding box:
 (Xmin, Ymin, Zmin) = (-2.236e-04, -2.236e-04, -5.000e-05) m
 (Xmax, Ymax, Zmax) = (+2.236e-04, +2.236e-04, +4.499e-04) m

Parallel Mesh Stats:

                minimum     average     maximum       total
 vertices          5202        5202        5202        5202
 edges            32407       32407       32407       32407
 faces            51908       51908       51908       51908
 elements         24697       24697       24697       24697
 neighbors            0           0           0

            minimum     maximum
 h       0.00162356    0.241887
 kappa      1.07143     375.485

Estimated current per-rank memory usage is: Min. 48.7M, Max. 48.7M, Avg. 48.7M, Total 48.7M
Estimated current per-node memory usage is: Min. 48.7M, Max. 48.7M, Avg. 48.7M, Total 48.7M

Configuring Robin absorbing BC (order 2) at attributes:
 22

Configuring Robin finite conductivity BC at attributes:
 2: σ = 2.164e+07 S/m, h = 4.200e-07 m, n = (+0.0,+0.0,+1.0)
 3: σ = 2.164e+07 S/m, h = 4.200e-07 m, n = (+0.7,+0.7,+0.0)
 4: σ = 2.780e+07 S/m, h = 2.000e-06 m, n = (+0.0,+0.0,-1.0)
 5: σ = 2.780e+07 S/m, h = 2.000e-06 m, n = (+1.0,-0.1,+0.0)
 6: σ = 2.780e+07 S/m, h = 2.000e-06 m, n = (+0.0,+0.0,-1.0)
 7: σ = 2.780e+07 S/m, h = 2.000e-06 m, n = (+1.0,-0.1,+0.0)
 8: σ = 2.780e+07 S/m, h = 2.000e-06 m, n = (+0.0,+0.0,+1.0)
 9: σ = 2.780e+07 S/m, h = 2.000e-06 m, n = (+0.5,+0.9,+0.0)
 10: σ = 3.030e+07 S/m, h = 3.000e-06 m, n = (+0.0,+0.0,+1.0)
 11: σ = 3.030e+07 S/m, h = 3.000e-06 m, n = (-0.9,+0.4,-0.0)
 12: σ = 3.030e+07 S/m, h = 3.000e-06 m, n = (+0.0,-0.0,+1.0)
 13: σ = 3.030e+07 S/m, h = 3.000e-06 m, n = (+0.9,-0.3,-0.0)

Configuring Robin impedance BC for lumped ports at attributes:
 20: Rs = 3.018e+01 Ω/sq, n = (+0.0,+1.0,+0.0)
 21: Rs = 3.018e+01 Ω/sq, n = (+0.0,+1.0,+0.0)

Configuring lumped port circuit properties:
 Index = 1: R = 5.000e+01 Ω
 Index = 2: R = 5.000e+01 Ω

Configuring lumped port excitation source term at attributes:
 20: Index = 1
 21: Index = 2

[38;2;255;255;000m--> Warning![0m
Adaptive frequency sweep requires > 2 total frequency samples!
Reverting to uniform sweep!


Computing frequency response for:
Excitation 1/2 with index 1 has contributions from:
 Lumped port  1
Excitation 2/2 with index 2 has contributions from:
 Lumped port  2

Assembling system matrices, number of global unknowns:
 H1 (p = 2): 37609, ND (p = 2): 168630, RT (p = 2): 229815
 Operator assembly level: Partial
 Mesh geometries:
  Tetrahedron: P = 20, Q = 14 (quadrature order = 4)
 SuperLUSolver: Using 2D processor grid 1 x 1

Sweeping excitation index 1 (1/2):

Assembling multigrid hierarchy:
 Level 0 (p = 1): 32407 unknowns
 Level 1 (p = 2): 168630 unknowns
 Level 0 (auxiliary) (p = 1): 5202 unknowns
 Level 1 (auxiliary) (p = 2): 37609 unknowns

It 1/2: ω/2π = 1.000e-01 GHz (total elapsed time = 1.10e+01 s, solve 1/4)

  Residual norms for GMRES solve

** Memory Usage **********************************
** Total highmark (MB):
    Sum-of-all :   178.50 | Avg :   178.50  | Max :   178.50
    Max at rank 0, different stages (MB):
	. symbfact           15.23
	. distribution      178.50
	. numfact           134.83
** NUMfact space (MB): (sum-of-all-processes)
    L\U :           84.52 |  Total :   134.83
	. max at rank 0, max L+U memory (MB):    84.52
	. max at rank 0, peak buffer (MB):       50.31
**************************************************

** number of Tiny Pivots:        0

  0 (restart 0) KSP residual norm 2.612967e+01
  1 (restart 0) KSP residual norm 2.592253e+00
  2 (restart 0) KSP residual norm 9.555898e-01
  3 (restart 0) KSP residual norm 5.999684e-01
  4 (restart 0) KSP residual norm 4.056007e-01
  5 (restart 0) KSP residual norm 2.731556e-01
  6 (restart 0) KSP residual norm 1.675488e-01
  7 (restart 0) KSP residual norm 1.176991e-01
  8 (restart 0) KSP residual norm 6.511614e-02
  9 (restart 0) KSP residual norm 5.313383e-02
 10 (restart 0) KSP residual norm 3.647034e-02
 11 (restart 0) KSP residual norm 3.009363e-02
 12 (restart 0) KSP residual norm 2.204443e-02
 13 (restart 0) KSP residual norm 1.803799e-02
 14 (restart 0) KSP residual norm 1.283187e-02
 15 (restart 0) KSP residual norm 1.067802e-02
 16 (restart 0) KSP residual norm 8.204880e-03
 17 (restart 0) KSP residual norm 6.773820e-03
 18 (restart 0) KSP residual norm 5.055775e-03
 19 (restart 0) KSP residual norm 4.067231e-03
 20 (restart 0) KSP residual norm 3.079952e-03
 21 (restart 0) KSP residual norm 2.527640e-03
 22 (restart 0) KSP residual norm 1.982281e-03
 23 (restart 0) KSP residual norm 1.608642e-03
 24 (restart 0) KSP residual norm 1.241120e-03
 25 (restart 0) KSP residual norm 9.848767e-04
 26 (restart 0) KSP residual norm 7.556305e-04
 27 (restart 0) KSP residual norm 5.930136e-04
 28 (restart 0) KSP residual norm 4.574855e-04
 29 (restart 0) KSP residual norm 3.617091e-04
 30 (restart 0) KSP residual norm 2.709316e-04
 31 (restart 0) KSP residual norm 2.077705e-04
 32 (restart 0) KSP residual norm 1.599881e-04
 33 (restart 0) KSP residual norm 1.262089e-04
 34 (restart 0) KSP residual norm 9.898765e-05
 35 (restart 0) KSP residual norm 7.685880e-05
 36 (restart 0) KSP residual norm 6.039551e-05
 37 (restart 0) KSP residual norm 4.711881e-05
 38 (restart 0) KSP residual norm 3.695858e-05
 39 (restart 0) KSP residual norm 3.005934e-05
 40 (restart 0) KSP residual norm 2.470763e-05
GMRES solver converged in 40 iterations (avg. reduction factor: 7.070e-01)
 Sol. ||E|| = 2.697700e+01 (||RHS|| = 2.768948e-03)
 Field energy E (9.040e-13 J) + H (6.785e-12 J) = 7.689e-12 J
 S[1][1] = +5.756e-02+3.909e-03i, |S[1][1]| = -2.478e+01, arg(S[1][1]) = +3.885e+00
 S[2][1] = +9.424e-01-5.031e-03i, |S[2][1]| = -5.150e-01, arg(S[2][1]) = -3.059e-01
 Updating solution error estimates

It 2/2: ω/2π = 2.000e+01 GHz (total elapsed time = 1.22e+02 s, solve 2/4)

  Residual norms for GMRES solve

** Memory Usage **********************************
** Total highmark (MB):
    Sum-of-all :   150.91 | Avg :   150.91  | Max :   150.91
    Max at rank 0, different stages (MB):
	. symbfact            0.00
	. distribution      150.91
	. numfact           134.83
** NUMfact space (MB): (sum-of-all-processes)
    L\U :           84.52 |  Total :   134.83
	. max at rank 0, max L+U memory (MB):    84.52
	. max at rank 0, peak buffer (MB):       50.31
**************************************************

** number of Tiny Pivots:        0

  0 (restart 0) KSP residual norm 2.710538e+01
  1 (restart 0) KSP residual norm 1.224110e+01
  2 (restart 0) KSP residual norm 3.216575e+00
  3 (restart 0) KSP residual norm 8.888515e-01
  4 (restart 0) KSP residual norm 4.391089e-01
  5 (restart 0) KSP residual norm 3.442853e-01
  6 (restart 0) KSP residual norm 1.480022e-01
  7 (restart 0) KSP residual norm 8.506035e-02
  8 (restart 0) KSP residual norm 6.497480e-02
  9 (restart 0) KSP residual norm 4.071741e-02
 10 (restart 0) KSP residual norm 3.066531e-02
 11 (restart 0) KSP residual norm 1.884480e-02
 12 (restart 0) KSP residual norm 1.409492e-02
 13 (restart 0) KSP residual norm 1.063172e-02
 14 (restart 0) KSP residual norm 8.034941e-03
 15 (restart 0) KSP residual norm 6.416811e-03
 16 (restart 0) KSP residual norm 4.985172e-03
 17 (restart 0) KSP residual norm 3.572862e-03
 18 (restart 0) KSP residual norm 2.847820e-03
 19 (restart 0) KSP residual norm 2.229086e-03
 20 (restart 0) KSP residual norm 1.860417e-03
 21 (restart 0) KSP residual norm 1.443436e-03
 22 (restart 0) KSP residual norm 1.128611e-03
 23 (restart 0) KSP residual norm 8.754154e-04
 24 (restart 0) KSP residual norm 6.659745e-04
 25 (restart 0) KSP residual norm 5.353541e-04
 26 (restart 0) KSP residual norm 4.461313e-04
 27 (restart 0) KSP residual norm 3.509425e-04
 28 (restart 0) KSP residual norm 2.809830e-04
 29 (restart 0) KSP residual norm 2.274156e-04
 30 (restart 0) KSP residual norm 1.862991e-04
 31 (restart 0) KSP residual norm 1.535575e-04
 32 (restart 0) KSP residual norm 1.261912e-04
 33 (restart 0) KSP residual norm 1.068551e-04
 34 (restart 0) KSP residual norm 8.854946e-05
 35 (restart 0) KSP residual norm 7.514936e-05
 36 (restart 0) KSP residual norm 6.436749e-05
 37 (restart 0) KSP residual norm 5.582622e-05
 38 (restart 0) KSP residual norm 4.897967e-05
 39 (restart 0) KSP residual norm 4.251309e-05
 40 (restart 0) KSP residual norm 3.639085e-05
 41 (restart 0) KSP residual norm 3.072471e-05
 42 (restart 0) KSP residual norm 2.549754e-05
GMRES solver converged in 42 iterations (avg. reduction factor: 7.186e-01)
 Sol. ||E|| = 3.298448e+01 (||RHS|| = 5.537897e-01)
 Field energy E (1.259e-12 J) + H (4.099e-12 J) = 5.358e-12 J
 S[1][1] = +5.400e-01+3.794e-01i, |S[1][1]| = -3.609e+00, arg(S[1][1]) = +3.509e+01
 S[2][1] = +4.393e-01-5.174e-01i, |S[2][1]| = -3.366e+00, arg(S[2][1]) = -4.966e+01
 Updating solution error estimates

Sweeping excitation index 2 (2/2):

It 1/2: ω/2π = 1.000e-01 GHz (total elapsed time = 2.27e+02 s, solve 3/4)

  Residual norms for GMRES solve

** Memory Usage **********************************
** Total highmark (MB):
    Sum-of-all :   150.91 | Avg :   150.91  | Max :   150.91
    Max at rank 0, different stages (MB):
	. symbfact            0.00
	. distribution      150.91
	. numfact           134.83
** NUMfact space (MB): (sum-of-all-processes)
    L\U :           84.52 |  Total :   134.83
	. max at rank 0, max L+U memory (MB):    84.52
	. max at rank 0, peak buffer (MB):       50.31
**************************************************

** number of Tiny Pivots:        0

  0 (restart 0) KSP residual norm 2.569299e+01
  1 (restart 0) KSP residual norm 2.556736e+00
  2 (restart 0) KSP residual norm 9.382012e-01
  3 (restart 0) KSP residual norm 5.859476e-01
  4 (restart 0) KSP residual norm 4.002387e-01
  5 (restart 0) KSP residual norm 2.672595e-01
  6 (restart 0) KSP residual norm 1.641854e-01
  7 (restart 0) KSP residual norm 1.155151e-01
  8 (restart 0) KSP residual norm 6.425826e-02
  9 (restart 0) KSP residual norm 5.357775e-02
 10 (restart 0) KSP residual norm 3.825085e-02
 11 (restart 0) KSP residual norm 3.033317e-02
 12 (restart 0) KSP residual norm 2.181933e-02
 13 (restart 0) KSP residual norm 1.769139e-02
 14 (restart 0) KSP residual norm 1.255805e-02
 15 (restart 0) KSP residual norm 1.044452e-02
 16 (restart 0) KSP residual norm 8.032950e-03
 17 (restart 0) KSP residual norm 6.647389e-03
 18 (restart 0) KSP residual norm 4.942034e-03
 19 (restart 0) KSP residual norm 3.968362e-03
 20 (restart 0) KSP residual norm 2.999573e-03
 21 (restart 0) KSP residual norm 2.454126e-03
 22 (restart 0) KSP residual norm 1.925910e-03
 23 (restart 0) KSP residual norm 1.561519e-03
 24 (restart 0) KSP residual norm 1.206356e-03
 25 (restart 0) KSP residual norm 9.598596e-04
 26 (restart 0) KSP residual norm 7.379754e-04
 27 (restart 0) KSP residual norm 5.850553e-04
 28 (restart 0) KSP residual norm 4.496410e-04
 29 (restart 0) KSP residual norm 3.558222e-04
 30 (restart 0) KSP residual norm 2.673680e-04
 31 (restart 0) KSP residual norm 2.046190e-04
 32 (restart 0) KSP residual norm 1.572225e-04
 33 (restart 0) KSP residual norm 1.237799e-04
 34 (restart 0) KSP residual norm 9.726697e-05
 35 (restart 0) KSP residual norm 7.570439e-05
 36 (restart 0) KSP residual norm 5.928343e-05
 37 (restart 0) KSP residual norm 4.612843e-05
 38 (restart 0) KSP residual norm 3.605572e-05
 39 (restart 0) KSP residual norm 2.937797e-05
 40 (restart 0) KSP residual norm 2.412626e-05
GMRES solver converged in 40 iterations (avg. reduction factor: 7.068e-01)
 Sol. ||E|| = 2.651548e+01 (||RHS|| = 2.768948e-03)
 Field energy E (8.702e-13 J) + H (6.785e-12 J) = 7.655e-12 J
 S[1][2] = +9.424e-01-5.031e-03i, |S[1][2]| = -5.150e-01, arg(S[1][2]) = -3.059e-01
 S[2][2] = +5.756e-02+3.930e-03i, |S[2][2]| = -2.478e+01, arg(S[2][2]) = +3.906e+00
 Updating solution error estimates

It 2/2: ω/2π = 2.000e+01 GHz (total elapsed time = 3.28e+02 s, solve 4/4)

  Residual norms for GMRES solve

** Memory Usage **********************************
** Total highmark (MB):
    Sum-of-all :   150.91 | Avg :   150.91  | Max :   150.91
    Max at rank 0, different stages (MB):
	. symbfact            0.00
	. distribution      150.91
	. numfact           134.83
** NUMfact space (MB): (sum-of-all-processes)
    L\U :           84.52 |  Total :   134.83
	. max at rank 0, max L+U memory (MB):    84.52
	. max at rank 0, peak buffer (MB):       50.31
**************************************************

** number of Tiny Pivots:        0

  0 (restart 0) KSP residual norm 2.730050e+01
  1 (restart 0) KSP residual norm 1.210325e+01
  2 (restart 0) KSP residual norm 3.292969e+00
  3 (restart 0) KSP residual norm 9.216366e-01
  4 (restart 0) KSP residual norm 5.507531e-01
  5 (restart 0) KSP residual norm 3.840957e-01
  6 (restart 0) KSP residual norm 1.514737e-01
  7 (restart 0) KSP residual norm 8.258299e-02
  8 (restart 0) KSP residual norm 6.369583e-02
  9 (restart 0) KSP residual norm 4.096324e-02
 10 (restart 0) KSP residual norm 3.154958e-02
 11 (restart 0) KSP residual norm 1.981670e-02
 12 (restart 0) KSP residual norm 1.515051e-02
 13 (restart 0) KSP residual norm 1.182851e-02
 14 (restart 0) KSP residual norm 9.083046e-03
 15 (restart 0) KSP residual norm 7.302771e-03
 16 (restart 0) KSP residual norm 5.729634e-03
 17 (restart 0) KSP residual norm 4.071685e-03
 18 (restart 0) KSP residual norm 3.169219e-03
 19 (restart 0) KSP residual norm 2.419133e-03
 20 (restart 0) KSP residual norm 1.992935e-03
 21 (restart 0) KSP residual norm 1.544144e-03
 22 (restart 0) KSP residual norm 1.195017e-03
 23 (restart 0) KSP residual norm 9.447642e-04
 24 (restart 0) KSP residual norm 7.285021e-04
 25 (restart 0) KSP residual norm 5.959849e-04
 26 (restart 0) KSP residual norm 4.927936e-04
 27 (restart 0) KSP residual norm 3.934068e-04
 28 (restart 0) KSP residual norm 3.136007e-04
 29 (restart 0) KSP residual norm 2.471448e-04
 30 (restart 0) KSP residual norm 2.010248e-04
 31 (restart 0) KSP residual norm 1.594193e-04
 32 (restart 0) KSP residual norm 1.287878e-04
 33 (restart 0) KSP residual norm 1.068900e-04
 34 (restart 0) KSP residual norm 8.988660e-05
 35 (restart 0) KSP residual norm 7.594827e-05
 36 (restart 0) KSP residual norm 6.614224e-05
 37 (restart 0) KSP residual norm 5.792053e-05
 38 (restart 0) KSP residual norm 5.150197e-05
 39 (restart 0) KSP residual norm 4.543872e-05
 40 (restart 0) KSP residual norm 3.913330e-05
 41 (restart 0) KSP residual norm 3.316998e-05
 42 (restart 0) KSP residual norm 2.700423e-05
GMRES solver converged in 42 iterations (avg. reduction factor: 7.195e-01)
 Sol. ||E|| = 3.324327e+01 (||RHS|| = 5.537897e-01)
 Field energy E (1.263e-12 J) + H (4.097e-12 J) = 5.360e-12 J
 S[1][2] = +4.393e-01-5.174e-01i, |S[1][2]| = -3.366e+00, arg(S[1][2]) = -4.966e+01
 S[2][2] = +5.432e-01+3.787e-01i, |S[2][2]| = -3.581e+00, arg(S[2][2]) = +3.488e+01
 Updating solution error estimates

Completed 0 iterations of adaptive mesh refinement (AMR):
 Indicator norm = 1.576e-01, global unknowns = 168630
 Max. iterations = 0, tol. = 1.000e-02, max. size = 2000000

Estimated peak per-rank memory usage is: Min. 1.2G, Max. 1.2G, Avg. 1.2G, Total 1.2G
Estimated peak per-node memory usage is: Min. 1.2G, Max. 1.2G, Avg. 1.2G, Total 1.2G

Elapsed Time Report (s)           Min.        Max.        Avg.
==============================================================
Initialization                   0.053       0.053       0.053
  Mesh Preprocessing             0.275       0.275       0.275
Operator Construction            0.538       0.538       0.538
Linear Solve                    19.116      19.116      19.116
  Setup                         45.446      45.446      45.446
  Preconditioner               219.863     219.863     219.863
  Coarse Solve                   5.082       5.082       5.082
Estimation                       2.583       2.583       2.583
  Construction                   2.921       2.921       2.921
  Solve                        125.507     125.507     125.507
Postprocessing                   2.946       2.946       2.946
Disk IO                          0.245       0.245       0.245
--------------------------------------------------------------
Total                          424.921     424.921     424.921

Peak Memory                   Per-Node       Total   Total HWM
==============================================================
Initialization                    1.6M        1.6M        1.6M
  Mesh Preprocessing             14.4M       14.4M       16.1M
Operator Construction            78.2M       78.2M       94.3M
Linear Solve                     92.2M       92.2M      186.4M
  Setup                         264.2M      264.2M      450.7M
  Preconditioner                104.6M      104.6M      555.2M
  Coarse Solve                  233.4M      233.4M      788.6M
Estimation                       80.8M       80.8M      869.4M
  Construction                  171.7M      171.7M        1.0G
  Solve                          85.8M       85.8M        1.1G
Postprocessing                   83.4M       83.4M        1.2G
Disk IO                           9.9M        9.9M        1.2G
--------------------------------------------------------------
Total                             1.2G        1.2G        1.2G

>> /usr/bin/mpirun -n 1 /foss/tools/bin/palace-x86_64.bin config.json

_____________     _______
_____   __   \____ __   /____ ____________
____   /_/  /  __ ` /  /  __ ` /  ___/  _ \
___   _____/  /_/  /  /  /_/  /  /__/  ___/
  /__/     \___,__/__/\___,__/\_____\_____/

Git changeset ID: v0.17.0-227-gc531cf3e
Running with 1 MPI process
Device configuration: cpu
Memory configuration: host-std
libCEED backend: /cpu/self/xsmm/blocked

Added 4452 boundary elements for material interfaces to the mesh

Characteristic length and time scales:
 Lc = 4.999e-04 m, tc = 1.667e-03 ns
Finished partitioning mesh into 1 subdomain

Mesh curvature order: 1
Mesh bounding box:
 (Xmin, Ymin, Zmin) = (-2.202e-04, -2.202e-04, -5.000e-05) m
 (Xmax, Ymax, Zmax) = (+2.202e-04, +2.202e-04, +4.499e-04) m

Parallel Mesh Stats:

                minimum     average     maximum       total
 vertices          4985        4985        4985        4985
 edges            31035       31035       31035       31035
 faces            49691       49691       49691       49691
 elements         23635       23635       23635       23635
 neighbors            0           0           0

            minimum     maximum
 h       0.00234159    0.236325
 kappa      1.02447     353.885

Estimated current per-rank memory usage is: Min. 48.0M, Max. 48.0M, Avg. 48.0M, Total 48.0M
Estimated current per-node memory usage is: Min. 48.0M, Max. 48.0M, Avg. 48.0M, Total 48.0M

Configuring Robin absorbing BC (order 2) at attributes:
 22

Configuring Robin finite conductivity BC at attributes:
 2: σ = 2.164e+07 S/m, h = 4.200e-07 m, n = (+0.0,+0.0,+1.0)
 3: σ = 2.164e+07 S/m, h = 4.200e-07 m, n = (+0.7,+0.7,+0.0)
 4: σ = 2.780e+07 S/m, h = 2.000e-06 m, n = (+0.0,+0.0,-1.0)
 5: σ = 2.780e+07 S/m, h = 2.000e-06 m, n = (+1.0,-0.1,+0.0)
 6: σ = 2.780e+07 S/m, h = 2.000e-06 m, n = (+0.0,+0.0,-1.0)
 7: σ = 2.780e+07 S/m, h = 2.000e-06 m, n = (+1.0,-0.1,+0.0)
 8: σ = 2.780e+07 S/m, h = 2.000e-06 m, n = (+0.0,+0.0,+1.0)
 9: σ = 2.780e+07 S/m, h = 2.000e-06 m, n = (+0.5,+0.9,+0.0)
 10: σ = 3.030e+07 S/m, h = 3.000e-06 m, n = (-0.0,-0.0,+1.0)
 11: σ = 3.030e+07 S/m, h = 3.000e-06 m, n = (-0.9,+0.4,-0.0)
 12: σ = 3.030e+07 S/m, h = 3.000e-06 m, n = (+0.0,+0.0,+1.0)
 13: σ = 3.030e+07 S/m, h = 3.000e-06 m, n = (+0.9,-0.3,-0.0)

Configuring Robin impedance BC for lumped ports at attributes:
 20: Rs = 3.018e+01 Ω/sq, n = (+0.0,+1.0,+0.0)
 21: Rs = 3.018e+01 Ω/sq, n = (+0.0,+1.0,+0.0)

Configuring lumped port circuit properties:
 Index = 1: R = 5.000e+01 Ω
 Index = 2: R = 5.000e+01 Ω

Configuring lumped port excitation source term at attributes:
 20: Index = 1
 21: Index = 2

[38;2;255;255;000m--> Warning![0m
Adaptive frequency sweep requires > 2 total frequency samples!
Reverting to uniform sweep!


Computing frequency response for:
Excitation 1/2 with index 1 has contributions from:
 Lumped port  1
Excitation 2/2 with index 2 has contributions from:
 Lumped port  2

Assembling system matrices, number of global unknowns:
 H1 (p = 2): 36020, ND (p = 2): 161452, RT (p = 2): 219978
 Operator assembly level: Partial
 Mesh geometries:
  Tetrahedron: P = 20, Q = 14 (quadrature order = 4)
 SuperLUSolver: Using 2D processor grid 1 x 1

Sweeping excitation index 1 (1/2):

Assembling multigrid hierarchy:
 Level 0 (p = 1): 31035 unknowns
 Level 1 (p = 2): 161452 unknowns
 Level 0 (auxiliary) (p = 1): 4985 unknowns
 Level 1 (auxiliary) (p = 2): 36020 unknowns

It 1/2: ω/2π = 1.000e-01 GHz (total elapsed time = 1.01e+01 s, solve 1/4)

  Residual norms for GMRES solve

** Memory Usage **********************************
** Total highmark (MB):
    Sum-of-all :   168.76 | Avg :   168.76  | Max :   168.76
    Max at rank 0, different stages (MB):
	. symbfact           15.03
	. distribution      168.76
	. numfact           128.41
** NUMfact space (MB): (sum-of-all-processes)
    L\U :           78.47 |  Total :   128.41
	. max at rank 0, max L+U memory (MB):    78.47
	. max at rank 0, peak buffer (MB):       49.94
**************************************************

** number of Tiny Pivots:        0

  0 (restart 0) KSP residual norm 2.558723e+01
  1 (restart 0) KSP residual norm 2.805389e+00
  2 (restart 0) KSP residual norm 9.898253e-01
  3 (restart 0) KSP residual norm 6.568187e-01
  4 (restart 0) KSP residual norm 4.196748e-01
  5 (restart 0) KSP residual norm 2.871364e-01
  6 (restart 0) KSP residual norm 1.670461e-01
  7 (restart 0) KSP residual norm 1.207125e-01
  8 (restart 0) KSP residual norm 6.693193e-02
  9 (restart 0) KSP residual norm 5.516127e-02
 10 (restart 0) KSP residual norm 3.696471e-02
 11 (restart 0) KSP residual norm 2.911823e-02
 12 (restart 0) KSP residual norm 1.993489e-02
 13 (restart 0) KSP residual norm 1.565445e-02
 14 (restart 0) KSP residual norm 1.045766e-02
 15 (restart 0) KSP residual norm 8.422841e-03
 16 (restart 0) KSP residual norm 6.146532e-03
 17 (restart 0) KSP residual norm 4.906858e-03
 18 (restart 0) KSP residual norm 3.414658e-03
 19 (restart 0) KSP residual norm 2.653111e-03
 20 (restart 0) KSP residual norm 1.886825e-03
 21 (restart 0) KSP residual norm 1.489942e-03
 22 (restart 0) KSP residual norm 1.109814e-03
 23 (restart 0) KSP residual norm 8.566411e-04
 24 (restart 0) KSP residual norm 6.284772e-04
 25 (restart 0) KSP residual norm 4.867967e-04
 26 (restart 0) KSP residual norm 3.679991e-04
 27 (restart 0) KSP residual norm 2.913187e-04
 28 (restart 0) KSP residual norm 2.287455e-04
 29 (restart 0) KSP residual norm 1.842092e-04
 30 (restart 0) KSP residual norm 1.444987e-04
 31 (restart 0) KSP residual norm 1.161266e-04
 32 (restart 0) KSP residual norm 9.405114e-05
 33 (restart 0) KSP residual norm 7.633589e-05
 34 (restart 0) KSP residual norm 6.185821e-05
 35 (restart 0) KSP residual norm 5.087916e-05
 36 (restart 0) KSP residual norm 4.222407e-05
 37 (restart 0) KSP residual norm 3.488974e-05
 38 (restart 0) KSP residual norm 2.893896e-05
 39 (restart 0) KSP residual norm 2.397923e-05
GMRES solver converged in 39 iterations (avg. reduction factor: 7.005e-01)
 Sol. ||E|| = 2.657217e+01 (||RHS|| = 2.768948e-03)
 Field energy E (8.785e-13 J) + H (6.497e-12 J) = 7.376e-12 J
 S[1][1] = +5.719e-02+3.738e-03i, |S[1][1]| = -2.484e+01, arg(S[1][1]) = +3.740e+00
 S[2][1] = +9.428e-01-4.828e-03i, |S[2][1]| = -5.116e-01, arg(S[2][1]) = -2.934e-01
 Updating solution error estimates

It 2/2: ω/2π = 2.000e+01 GHz (total elapsed time = 1.05e+02 s, solve 2/4)

  Residual norms for GMRES solve

** Memory Usage **********************************
** Total highmark (MB):
    Sum-of-all :   142.05 | Avg :   142.05  | Max :   142.05
    Max at rank 0, different stages (MB):
	. symbfact            0.00
	. distribution      142.05
	. numfact           128.41
** NUMfact space (MB): (sum-of-all-processes)
    L\U :           78.47 |  Total :   128.41
	. max at rank 0, max L+U memory (MB):    78.47
	. max at rank 0, peak buffer (MB):       49.94
**************************************************

** number of Tiny Pivots:        0

  0 (restart 0) KSP residual norm 2.624897e+01
  1 (restart 0) KSP residual norm 1.205265e+01
  2 (restart 0) KSP residual norm 3.185698e+00
  3 (restart 0) KSP residual norm 9.371833e-01
  4 (restart 0) KSP residual norm 4.299394e-01
  5 (restart 0) KSP residual norm 3.361180e-01
  6 (restart 0) KSP residual norm 1.436114e-01
  7 (restart 0) KSP residual norm 8.053158e-02
  8 (restart 0) KSP residual norm 6.142012e-02
  9 (restart 0) KSP residual norm 3.833371e-02
 10 (restart 0) KSP residual norm 2.915656e-02
 11 (restart 0) KSP residual norm 1.741022e-02
 12 (restart 0) KSP residual norm 1.268366e-02
 13 (restart 0) KSP residual norm 9.171925e-03
 14 (restart 0) KSP residual norm 6.601655e-03
 15 (restart 0) KSP residual norm 5.116110e-03
 16 (restart 0) KSP residual norm 3.806553e-03
 17 (restart 0) KSP residual norm 2.761893e-03
 18 (restart 0) KSP residual norm 2.061408e-03
 19 (restart 0) KSP residual norm 1.647279e-03
 20 (restart 0) KSP residual norm 1.359241e-03
 21 (restart 0) KSP residual norm 1.071381e-03
 22 (restart 0) KSP residual norm 8.600211e-04
 23 (restart 0) KSP residual norm 6.548639e-04
 24 (restart 0) KSP residual norm 5.234367e-04
 25 (restart 0) KSP residual norm 4.364880e-04
 26 (restart 0) KSP residual norm 3.718385e-04
 27 (restart 0) KSP residual norm 3.089433e-04
 28 (restart 0) KSP residual norm 2.468648e-04
 29 (restart 0) KSP residual norm 2.011257e-04
 30 (restart 0) KSP residual norm 1.593896e-04
 31 (restart 0) KSP residual norm 1.284173e-04
 32 (restart 0) KSP residual norm 1.054355e-04
 33 (restart 0) KSP residual norm 8.784157e-05
 34 (restart 0) KSP residual norm 7.407946e-05
 35 (restart 0) KSP residual norm 6.247793e-05
 36 (restart 0) KSP residual norm 5.230273e-05
 37 (restart 0) KSP residual norm 4.474655e-05
 38 (restart 0) KSP residual norm 3.773018e-05
 39 (restart 0) KSP residual norm 3.229576e-05
 40 (restart 0) KSP residual norm 2.691886e-05
 41 (restart 0) KSP residual norm 2.257027e-05
GMRES solver converged in 41 iterations (avg. reduction factor: 7.113e-01)
 Sol. ||E|| = 3.204929e+01 (||RHS|| = 5.537897e-01)
 Field energy E (1.194e-12 J) + H (4.052e-12 J) = 5.245e-12 J
 S[1][1] = +5.147e-01+3.818e-01i, |S[1][1]| = -3.865e+00, arg(S[1][1]) = +3.657e+01
 S[2][1] = +4.655e-01-5.167e-01i, |S[2][1]| = -3.154e+00, arg(S[2][1]) = -4.799e+01
 Updating solution error estimates

Sweeping excitation index 2 (2/2):

It 1/2: ω/2π = 1.000e-01 GHz (total elapsed time = 2.04e+02 s, solve 3/4)

  Residual norms for GMRES solve

** Memory Usage **********************************
** Total highmark (MB):
    Sum-of-all :   142.05 | Avg :   142.05  | Max :   142.05
    Max at rank 0, different stages (MB):
	. symbfact            0.00
	. distribution      142.05
	. numfact           128.41
** NUMfact space (MB): (sum-of-all-processes)
    L\U :           78.47 |  Total :   128.41
	. max at rank 0, max L+U memory (MB):    78.47
	. max at rank 0, peak buffer (MB):       49.94
**************************************************

** number of Tiny Pivots:        0

  0 (restart 0) KSP residual norm 2.516096e+01
  1 (restart 0) KSP residual norm 2.751060e+00
  2 (restart 0) KSP residual norm 9.665570e-01
  3 (restart 0) KSP residual norm 6.362134e-01
  4 (restart 0) KSP residual norm 4.143893e-01
  5 (restart 0) KSP residual norm 2.791897e-01
  6 (restart 0) KSP residual norm 1.636848e-01
  7 (restart 0) KSP residual norm 1.186224e-01
  8 (restart 0) KSP residual norm 6.493996e-02
  9 (restart 0) KSP residual norm 5.315204e-02
 10 (restart 0) KSP residual norm 3.538372e-02
 11 (restart 0) KSP residual norm 2.836734e-02
 12 (restart 0) KSP residual norm 1.946926e-02
 13 (restart 0) KSP residual norm 1.533239e-02
 14 (restart 0) KSP residual norm 1.025503e-02
 15 (restart 0) KSP residual norm 8.275635e-03
 16 (restart 0) KSP residual norm 6.063797e-03
 17 (restart 0) KSP residual norm 4.860295e-03
 18 (restart 0) KSP residual norm 3.380987e-03
 19 (restart 0) KSP residual norm 2.627603e-03
 20 (restart 0) KSP residual norm 1.870137e-03
 21 (restart 0) KSP residual norm 1.476118e-03
 22 (restart 0) KSP residual norm 1.094536e-03
 23 (restart 0) KSP residual norm 8.433306e-04
 24 (restart 0) KSP residual norm 6.169943e-04
 25 (restart 0) KSP residual norm 4.763500e-04
 26 (restart 0) KSP residual norm 3.601259e-04
 27 (restart 0) KSP residual norm 2.858082e-04
 28 (restart 0) KSP residual norm 2.253819e-04
 29 (restart 0) KSP residual norm 1.817930e-04
 30 (restart 0) KSP residual norm 1.426694e-04
 31 (restart 0) KSP residual norm 1.143331e-04
 32 (restart 0) KSP residual norm 9.226725e-05
 33 (restart 0) KSP residual norm 7.484733e-05
 34 (restart 0) KSP residual norm 6.062151e-05
 35 (restart 0) KSP residual norm 4.998504e-05
 36 (restart 0) KSP residual norm 4.152896e-05
 37 (restart 0) KSP residual norm 3.429650e-05
 38 (restart 0) KSP residual norm 2.840970e-05
 39 (restart 0) KSP residual norm 2.347089e-05
GMRES solver converged in 39 iterations (avg. reduction factor: 7.005e-01)
 Sol. ||E|| = 2.610358e+01 (||RHS|| = 2.768948e-03)
 Field energy E (8.456e-13 J) + H (6.497e-12 J) = 7.343e-12 J
 S[1][2] = +9.428e-01-4.828e-03i, |S[1][2]| = -5.116e-01, arg(S[1][2]) = -2.934e-01
 S[2][2] = +5.719e-02+3.759e-03i, |S[2][2]| = -2.483e+01, arg(S[2][2]) = +3.760e+00
 Updating solution error estimates

It 2/2: ω/2π = 2.000e+01 GHz (total elapsed time = 3.00e+02 s, solve 4/4)

  Residual norms for GMRES solve

** Memory Usage **********************************
** Total highmark (MB):
    Sum-of-all :   142.05 | Avg :   142.05  | Max :   142.05
    Max at rank 0, different stages (MB):
	. symbfact            0.00
	. distribution      142.05
	. numfact           128.41
** NUMfact space (MB): (sum-of-all-processes)
    L\U :           78.47 |  Total :   128.41
	. max at rank 0, max L+U memory (MB):    78.47
	. max at rank 0, peak buffer (MB):       49.94
**************************************************

** number of Tiny Pivots:        0

  0 (restart 0) KSP residual norm 2.638655e+01
  1 (restart 0) KSP residual norm 1.193883e+01
  2 (restart 0) KSP residual norm 3.212016e+00
  3 (restart 0) KSP residual norm 9.590845e-01
  4 (restart 0) KSP residual norm 5.526111e-01
  5 (restart 0) KSP residual norm 3.818082e-01
  6 (restart 0) KSP residual norm 1.481116e-01
  7 (restart 0) KSP residual norm 8.067523e-02
  8 (restart 0) KSP residual norm 6.199449e-02
  9 (restart 0) KSP residual norm 3.978357e-02
 10 (restart 0) KSP residual norm 3.062514e-02
 11 (restart 0) KSP residual norm 1.842616e-02
 12 (restart 0) KSP residual norm 1.320263e-02
 13 (restart 0) KSP residual norm 9.474766e-03
 14 (restart 0) KSP residual norm 6.722634e-03
 15 (restart 0) KSP residual norm 5.391729e-03
 16 (restart 0) KSP residual norm 4.070073e-03
 17 (restart 0) KSP residual norm 2.945160e-03
 18 (restart 0) KSP residual norm 2.188538e-03
 19 (restart 0) KSP residual norm 1.731243e-03
 20 (restart 0) KSP residual norm 1.421145e-03
 21 (restart 0) KSP residual norm 1.098097e-03
 22 (restart 0) KSP residual norm 8.691889e-04
 23 (restart 0) KSP residual norm 6.564161e-04
 24 (restart 0) KSP residual norm 5.270714e-04
 25 (restart 0) KSP residual norm 4.356201e-04
 26 (restart 0) KSP residual norm 3.766925e-04
 27 (restart 0) KSP residual norm 3.172628e-04
 28 (restart 0) KSP residual norm 2.559292e-04
 29 (restart 0) KSP residual norm 2.073046e-04
 30 (restart 0) KSP residual norm 1.654002e-04
 31 (restart 0) KSP residual norm 1.322035e-04
 32 (restart 0) KSP residual norm 1.090123e-04
 33 (restart 0) KSP residual norm 9.173560e-05
 34 (restart 0) KSP residual norm 7.728038e-05
 35 (restart 0) KSP residual norm 6.482441e-05
 36 (restart 0) KSP residual norm 5.400950e-05
 37 (restart 0) KSP residual norm 4.611770e-05
 38 (restart 0) KSP residual norm 3.894919e-05
 39 (restart 0) KSP residual norm 3.331465e-05
 40 (restart 0) KSP residual norm 2.802149e-05
 41 (restart 0) KSP residual norm 2.336484e-05
GMRES solver converged in 41 iterations (avg. reduction factor: 7.118e-01)
 Sol. ||E|| = 3.223296e+01 (||RHS|| = 5.537897e-01)
 Field energy E (1.195e-12 J) + H (4.050e-12 J) = 5.246e-12 J
 S[1][2] = +4.655e-01-5.167e-01i, |S[1][2]| = -3.154e+00, arg(S[1][2]) = -4.799e+01
 S[2][2] = +5.177e-01+3.814e-01i, |S[2][2]| = -3.835e+00, arg(S[2][2]) = +3.638e+01
 Updating solution error estimates

Completed 0 iterations of adaptive mesh refinement (AMR):
 Indicator norm = 1.581e-01, global unknowns = 161452
 Max. iterations = 0, tol. = 1.000e-02, max. size = 2000000

Estimated peak per-rank memory usage is: Min. 1.2G, Max. 1.2G, Avg. 1.2G, Total 1.2G
Estimated peak per-node memory usage is: Min. 1.2G, Max. 1.2G, Avg. 1.2G, Total 1.2G

Elapsed Time Report (s)           Min.        Max.        Avg.
==============================================================
Initialization                   0.064       0.064       0.064
  Mesh Preprocessing             0.242       0.242       0.242
Operator Construction            0.856       0.856       0.856
Linear Solve                    18.105      18.105      18.105
  Setup                         39.445      39.445      39.445
  Preconditioner               207.262     207.262     207.262
  Coarse Solve                   4.730       4.730       4.730
Estimation                       0.839       0.839       0.839
  Construction                   3.016       3.016       3.016
  Solve                        114.504     114.504     114.504
Postprocessing                   1.066       1.066       1.066
Disk IO                          0.287       0.287       0.287
--------------------------------------------------------------
Total                          390.776     390.776     390.776

Peak Memory                   Per-Node       Total   Total HWM
==============================================================
Initialization                    1.5M        1.5M        1.5M
  Mesh Preprocessing             14.4M       14.4M       15.9M
Operator Construction            74.6M       74.6M       90.5M
Linear Solve                     85.2M       85.2M      175.7M
  Setup                         252.8M      252.8M      428.5M
  Preconditioner                 96.8M       96.8M      525.2M
  Coarse Solve                  222.6M      222.6M      747.8M
Estimation                       77.2M       77.2M      825.0M
  Construction                  164.4M      164.4M      989.4M
  Solve                          82.0M       82.0M        1.0G
Postprocessing                   79.9M       79.9M        1.1G
Disk IO                           9.4M        9.4M        1.1G
--------------------------------------------------------------
Total                             1.1G        1.1G        1.1G

Found extra file with port information: /foss/designs/inductor_synth/palace_model/inductor2_N2_do105.22_w8_s3_data/port_information.json
Port Z0 values found: [50, 50]
Port impedance for Touchstone header:  50
Number of ports:  2
Created combined S-parameter file for  2 ports, filename:  /foss/designs/inductor_synth/palace_model/inductor2_N2_do105.22_w8_s3_data/output/inductor2_N2_do105.22_w8_s3/inductor2_N2_do105.22_w8_s3.s2p
Skipping DC extrapolation, not enough frequency points
Port de-embedding based on port geometry data
Cascading L= -1.82 pH at port 1
Cascading L= -1.82 pH at port 2
Created file with de-embedding (cascaded negative port L):  /foss/designs/inductor_synth/palace_model/inductor2_N2_do105.22_w8_s3_data/output/inductor2_N2_do105.22_w8_s3/inductor2_N2_do105.22_w8_s3_deembedded 

Found extra file with port information: /foss/designs/inductor_synth/palace_model/inductor2_N2_do108.58_w6_s3_data/port_information.json
Port Z0 values found: [50, 50]
Port impedance for Touchstone header:  50
Number of ports:  2
Created combined S-parameter file for  2 ports, filename:  /foss/designs/inductor_synth/palace_model/inductor2_N2_do108.58_w6_s3_data/output/inductor2_N2_do108.58_w6_s3/inductor2_N2_do108.58_w6_s3.s2p
Skipping DC extrapolation, not enough frequency points
Port de-embedding based on port geometry data
Cascading L= -1.82 pH at port 1
Cascading L= -1.82 pH at port 2
Created file with de-embedding (cascaded negative port L):  /foss/designs/inductor_synth/palace_model/inductor2_N2_do108.58_w6_s3_data/output/inductor2_N2_do108.58_w6_s3/inductor2_N2_do108.58_w6_s3_deembedded 

Found extra file with port information: /foss/designs/inductor_synth/palace_model/inductor2_N2_do135.5_w6_s3_data/port_information.json
Port Z0 values found: [50, 50]
Port impedance for Touchstone header:  50
Number of ports:  2
Created combined S-parameter file for  2 ports, filename:  /foss/designs/inductor_synth/palace_model/inductor2_N2_do135.5_w6_s3_data/output/inductor2_N2_do135.5_w6_s3/inductor2_N2_do135.5_w6_s3.s2p
Skipping DC extrapolation, not enough frequency points
Port de-embedding based on port geometry data
Cascading L= -1.82 pH at port 1
Cascading L= -1.82 pH at port 2
Created file with de-embedding (cascaded negative port L):  /foss/designs/inductor_synth/palace_model/inductor2_N2_do135.5_w6_s3_data/output/inductor2_N2_do135.5_w6_s3/inductor2_N2_do135.5_w6_s3_deembedded 

Found extra file with port information: /foss/designs/inductor_synth/palace_model/inductor2_N2_do146.78_w8_s3_data/port_information.json
Port Z0 values found: [50, 50]
Port impedance for Touchstone header:  50
Number of ports:  2
Created combined S-parameter file for  2 ports, filename:  /foss/designs/inductor_synth/palace_model/inductor2_N2_do146.78_w8_s3_data/output/inductor2_N2_do146.78_w8_s3/inductor2_N2_do146.78_w8_s3.s2p
Skipping DC extrapolation, not enough frequency points
Port de-embedding based on port geometry data
Cascading L= -1.82 pH at port 1
Cascading L= -1.82 pH at port 2
Created file with de-embedding (cascaded negative port L):  /foss/designs/inductor_synth/palace_model/inductor2_N2_do146.78_w8_s3_data/output/inductor2_N2_do146.78_w8_s3/inductor2_N2_do146.78_w8_s3_deembedded 

cp: './inductor2_N2_do135.5_w6_s3.s2p' and './inductor2_N2_do135.5_w6_s3.s2p' are the same file
cp: './inductor2_N2_do146.78_w8_s3.s2p' and './inductor2_N2_do146.78_w8_s3.s2p' are the same file
Info    : Meshing 1D...
Info    : [  0%] Meshing curve 64 (Line)
Info    : [ 10%] Meshing curve 65 (Line)
Info    : [ 10%] Meshing curve 67 (Line)
Info    : [ 10%] Meshing curve 69 (Line)
Info    : [ 10%] Meshing curve 70 (Line)
Info    : [ 10%] Meshing curve 71 (Line)
Info    : [ 10%] Meshing curve 72 (Line)
Info    : [ 10%] Meshing curve 76 (Line)
Info    : [ 10%] Meshing curve 77 (Line)
Info    : [ 10%] Meshing curve 79 (Line)
Info    : [ 10%] Meshing curve 81 (Line)
Info    : [ 10%] Meshing curve 82 (Line)
Info    : [ 10%] Meshing curve 83 (Line)
Info    : [ 10%] Meshing curve 84 (Line)
Info    : [ 10%] Meshing curve 85 (Line)
Info    : [ 10%] Meshing curve 86 (Line)
Info    : [ 10%] Meshing curve 87 (Line)
Info    : [ 10%] Meshing curve 88 (Line)
Info    : [ 10%] Meshing curve 89 (Line)
Info    : [ 10%] Meshing curve 90 (Line)
Info    : [ 10%] Meshing curve 91 (Line)
Info    : [ 10%] Meshing curve 92 (Line)
Info    : [ 10%] Meshing curve 93 (Line)
Info    : [ 10%] Meshing curve 94 (Line)
Info    : [ 10%] Meshing curve 95 (Line)
Info    : [ 10%] Meshing curve 96 (Line)
Info    : [ 10%] Meshing curve 97 (Line)
Info    : [ 10%] Meshing curve 98 (Line)
Info    : [ 10%] Meshing curve 99 (Line)
Info    : [ 10%] Meshing curve 100 (Line)
Info    : [ 10%] Meshing curve 101 (Line)
Info    : [ 10%] Meshing curve 102 (Line)
Info    : [ 10%] Meshing curve 103 (Line)
Info    : [ 20%] Meshing curve 104 (Line)
Info    : [ 20%] Meshing curve 105 (Line)
Info    : [ 20%] Meshing curve 106 (Line)
Info    : [ 20%] Meshing curve 107 (Line)
Info    : [ 20%] Meshing curve 108 (Line)
Info    : [ 20%] Meshing curve 109 (Line)
Info    : [ 20%] Meshing curve 110 (Line)
Info    : [ 20%] Meshing curve 111 (Line)
Info    : [ 20%] Meshing curve 112 (Line)
Info    : [ 20%] Meshing curve 113 (Line)
Info    : [ 20%] Meshing curve 114 (Line)
Info    : [ 20%] Meshing curve 115 (Line)
Info    : [ 20%] Meshing curve 116 (Line)
Info    : [ 20%] Meshing curve 117 (Line)
Info    : [ 20%] Meshing curve 118 (Line)
Info    : [ 20%] Meshing curve 119 (Line)
Info    : [ 20%] Meshing curve 120 (Line)
Info    : [ 20%] Meshing curve 121 (Line)
Info    : [ 20%] Meshing curve 122 (Line)
Info    : [ 20%] Meshing curve 123 (Line)
Info    : [ 20%] Meshing curve 124 (Line)
Info    : [ 20%] Meshing curve 125 (Line)
Info    : [ 20%] Meshing curve 126 (Line)
Info    : [ 20%] Meshing curve 127 (Line)
Info    : [ 20%] Meshing curve 128 (Line)
Info    : [ 20%] Meshing curve 129 (Line)
Info    : [ 20%] Meshing curve 130 (Line)
Info    : [ 20%] Meshing curve 131 (Line)
Info    : [ 20%] Meshing curve 132 (Line)
Info    : [ 20%] Meshing curve 133 (Line)
Info    : [ 20%] Meshing curve 134 (Line)
Info    : [ 20%] Meshing curve 135 (Line)
Info    : [ 20%] Meshing curve 136 (Line)
Info    : [ 30%] Meshing curve 137 (Line)
Info    : [ 30%] Meshing curve 138 (Line)
Info    : [ 30%] Meshing curve 139 (Line)
Info    : [ 30%] Meshing curve 140 (Line)
Info    : [ 30%] Meshing curve 141 (Line)
Info    : [ 30%] Meshing curve 142 (Line)
Info    : [ 30%] Meshing curve 143 (Line)
Info    : [ 30%] Meshing curve 144 (Line)
Info    : [ 30%] Meshing curve 145 (Line)
Info    : [ 30%] Meshing curve 146 (Line)
Info    : [ 30%] Meshing curve 147 (Line)
Info    : [ 30%] Meshing curve 148 (Line)
Info    : [ 30%] Meshing curve 149 (Line)
Info    : [ 30%] Meshing curve 150 (Line)
Info    : [ 30%] Meshing curve 151 (Line)
Info    : [ 30%] Meshing curve 152 (Line)
Info    : [ 30%] Meshing curve 153 (Line)
Info    : [ 30%] Meshing curve 154 (Line)
Info    : [ 30%] Meshing curve 155 (Line)
Info    : [ 30%] Meshing curve 156 (Line)
Info    : [ 30%] Meshing curve 385 (Line)
Info    : [ 30%] Meshing curve 386 (Line)
Info    : [ 30%] Meshing curve 387 (Line)
Info    : [ 30%] Meshing curve 388 (Line)
Info    : [ 30%] Meshing curve 389 (Line)
Info    : [ 30%] Meshing curve 390 (Line)
Info    : [ 30%] Meshing curve 391 (Line)
Info    : [ 30%] Meshing curve 392 (Line)
Info    : [ 30%] Meshing curve 393 (Line)
Info    : [ 30%] Meshing curve 394 (Line)
Info    : [ 30%] Meshing curve 395 (Line)
Info    : [ 30%] Meshing curve 396 (Line)
Info    : [ 40%] Meshing curve 397 (TrimmedCurve)
Info    : [ 40%] Meshing curve 398 (Line)
Info    : [ 40%] Meshing curve 399 (TrimmedCurve)
Info    : [ 40%] Meshing curve 400 (Line)
Info    : [ 40%] Meshing curve 401 (Line)
Info    : [ 40%] Meshing curve 402 (Line)
Info    : [ 40%] Meshing curve 403 (Line)
Info    : [ 40%] Meshing curve 404 (Line)
Info    : [ 40%] Meshing curve 405 (Line)
Info    : [ 40%] Meshing curve 406 (Line)
Info    : [ 40%] Meshing curve 407 (Line)
Info    : [ 40%] Meshing curve 408 (TrimmedCurve)
Info    : [ 40%] Meshing curve 409 (Line)
Info    : [ 40%] Meshing curve 410 (TrimmedCurve)
Info    : [ 40%] Meshing curve 411 (Line)
Info    : [ 40%] Meshing curve 412 (Line)
Info    : [ 40%] Meshing curve 413 (Line)
Info    : [ 40%] Meshing curve 414 (Line)
Info    : [ 40%] Meshing curve 415 (Line)
Info    : [ 40%] Meshing curve 416 (Line)
Info    : [ 40%] Meshing curve 417 (Line)
Info    : [ 40%] Meshing curve 418 (Line)
Info    : [ 40%] Meshing curve 419 (Line)
Info    : [ 40%] Meshing curve 420 (Line)
Info    : [ 40%] Meshing curve 421 (Line)
Info    : [ 40%] Meshing curve 422 (Line)
Info    : [ 40%] Meshing curve 423 (Line)
Info    : [ 40%] Meshing curve 424 (Line)
Info    : [ 40%] Meshing curve 425 (Line)
Info    : [ 40%] Meshing curve 426 (Line)
Info    : [ 40%] Meshing curve 427 (Line)
Info    : [ 40%] Meshing curve 428 (Line)
Info    : [ 40%] Meshing curve 429 (Line)
Info    : [ 50%] Meshing curve 430 (Line)
Info    : [ 50%] Meshing curve 431 (Line)
Info    : [ 50%] Meshing curve 432 (TrimmedCurve)
Info    : [ 50%] Meshing curve 433 (Line)
Info    : [ 50%] Meshing curve 434 (TrimmedCurve)
Info    : [ 50%] Meshing curve 435 (Line)
Info    : [ 50%] Meshing curve 436 (TrimmedCurve)
Info    : [ 50%] Meshing curve 437 (Line)
Info    : [ 50%] Meshing curve 438 (TrimmedCurve)
Info    : [ 50%] Meshing curve 439 (Line)
Info    : [ 50%] Meshing curve 440 (TrimmedCurve)
Info    : [ 50%] Meshing curve 441 (Line)
Info    : [ 50%] Meshing curve 442 (TrimmedCurve)
Info    : [ 50%] Meshing curve 443 (Line)
Info    : [ 50%] Meshing curve 444 (Line)
Info    : [ 50%] Meshing curve 445 (Line)
Info    : [ 50%] Meshing curve 446 (Line)
Info    : [ 50%] Meshing curve 447 (Line)
Info    : [ 50%] Meshing curve 448 (TrimmedCurve)
Info    : [ 50%] Meshing curve 449 (Line)
Info    : [ 50%] Meshing curve 450 (TrimmedCurve)
Info    : [ 50%] Meshing curve 451 (Line)
Info    : [ 50%] Meshing curve 452 (TrimmedCurve)
Info    : [ 50%] Meshing curve 453 (Line)
Info    : [ 50%] Meshing curve 454 (TrimmedCurve)
Info    : [ 50%] Meshing curve 455 (Line)
Info    : [ 50%] Meshing curve 456 (TrimmedCurve)
Info    : [ 50%] Meshing curve 457 (Line)
Info    : [ 50%] Meshing curve 458 (TrimmedCurve)
Info    : [ 50%] Meshing curve 459 (Line)
Info    : [ 50%] Meshing curve 460 (Line)
Info    : [ 50%] Meshing curve 461 (TrimmedCurve)
Info    : [ 50%] Meshing curve 462 (Line)
Info    : [ 60%] Meshing curve 463 (TrimmedCurve)
Info    : [ 60%] Meshing curve 464 (Line)
Info    : [ 60%] Meshing curve 465 (TrimmedCurve)
Info    : [ 60%] Meshing curve 466 (Line)
Info    : [ 60%] Meshing curve 467 (TrimmedCurve)
Info    : [ 60%] Meshing curve 468 (Line)
Info    : [ 60%] Meshing curve 469 (TrimmedCurve)
Info    : [ 60%] Meshing curve 470 (Line)
Info    : [ 60%] Meshing curve 471 (TrimmedCurve)
Info    : [ 60%] Meshing curve 472 (Line)
Info    : [ 60%] Meshing curve 473 (Line)
Info    : [ 60%] Meshing curve 474 (Line)
Info    : [ 60%] Meshing curve 475 (Line)
Info    : [ 60%] Meshing curve 476 (Line)
Info    : [ 60%] Meshing curve 477 (TrimmedCurve)
Info    : [ 60%] Meshing curve 478 (Line)
Info    : [ 60%] Meshing curve 479 (TrimmedCurve)
Info    : [ 60%] Meshing curve 480 (Line)
Info    : [ 60%] Meshing curve 481 (TrimmedCurve)
Info    : [ 60%] Meshing curve 482 (Line)
Info    : [ 60%] Meshing curve 483 (TrimmedCurve)
Info    : [ 60%] Meshing curve 484 (Line)
Info    : [ 60%] Meshing curve 485 (TrimmedCurve)
Info    : [ 60%] Meshing curve 486 (Line)
Info    : [ 60%] Meshing curve 487 (TrimmedCurve)
Info    : [ 60%] Meshing curve 488 (Line)
Info    : [ 60%] Meshing curve 489 (Line)
Info    : [ 60%] Meshing curve 490 (Line)
Info    : [ 60%] Meshing curve 491 (Line)
Info    : [ 60%] Meshing curve 492 (Line)
Info    : [ 60%] Meshing curve 493 (Line)
Info    : [ 60%] Meshing curve 494 (Line)
Info    : [ 70%] Meshing curve 495 (Line)
Info    : [ 70%] Meshing curve 496 (Line)
Info    : [ 70%] Meshing curve 497 (Line)
Info    : [ 70%] Meshing curve 498 (Line)
Info    : [ 70%] Meshing curve 499 (Line)
Info    : [ 70%] Meshing curve 500 (Line)
Info    : [ 70%] Meshing curve 501 (Line)
Info    : [ 70%] Meshing curve 502 (Line)
Info    : [ 70%] Meshing curve 503 (Line)
Info    : [ 70%] Meshing curve 504 (Line)
Info    : [ 70%] Meshing curve 505 (Line)
Info    : [ 70%] Meshing curve 506 (Line)
Info    : [ 70%] Meshing curve 507 (Line)
Info    : [ 70%] Meshing curve 508 (Line)
Info    : [ 70%] Meshing curve 509 (Line)
Info    : [ 70%] Meshing curve 510 (Line)
Info    : [ 70%] Meshing curve 511 (Line)
Info    : [ 70%] Meshing curve 512 (Line)
Info    : [ 70%] Meshing curve 513 (Line)
Info    : [ 70%] Meshing curve 514 (Line)
Info    : [ 70%] Meshing curve 515 (Line)
Info    : [ 70%] Meshing curve 516 (Line)
Info    : [ 70%] Meshing curve 517 (Line)
Info    : [ 70%] Meshing curve 518 (Line)
Info    : [ 70%] Meshing curve 519 (Line)
Info    : [ 70%] Meshing curve 520 (Line)
Info    : [ 70%] Meshing curve 521 (Line)
Info    : [ 70%] Meshing curve 522 (Line)
Info    : [ 70%] Meshing curve 523 (Line)
Info    : [ 70%] Meshing curve 524 (Line)
Info    : [ 70%] Meshing curve 525 (Line)
Info    : [ 70%] Meshing curve 526 (Line)
Info    : [ 70%] Meshing curve 527 (Line)
Info    : [ 80%] Meshing curve 528 (TrimmedCurve)
Info    : [ 80%] Meshing curve 529 (Line)
Info    : [ 80%] Meshing curve 530 (Line)
Info    : [ 80%] Meshing curve 531 (Line)
Info    : [ 80%] Meshing curve 532 (Line)
Info    : [ 80%] Meshing curve 533 (Line)
Info    : [ 80%] Meshing curve 534 (TrimmedCurve)
Info    : [ 80%] Meshing curve 535 (Line)
Info    : [ 80%] Meshing curve 536 (Line)
Info    : [ 80%] Meshing curve 537 (TrimmedCurve)
Info    : [ 80%] Meshing curve 538 (Line)
Info    : [ 80%] Meshing curve 539 (Line)
Info    : [ 80%] Meshing curve 540 (Line)
Info    : [ 80%] Meshing curve 541 (Line)
Info    : [ 80%] Meshing curve 542 (Line)
Info    : [ 80%] Meshing curve 543 (TrimmedCurve)
Info    : [ 80%] Meshing curve 544 (Line)
Info    : [ 80%] Meshing curve 545 (Line)
Info    : [ 80%] Meshing curve 546 (Line)
Info    : [ 80%] Meshing curve 547 (Line)
Info    : [ 80%] Meshing curve 548 (Line)
Info    : [ 80%] Meshing curve 549 (Line)
Info    : [ 80%] Meshing curve 550 (Line)
Info    : [ 80%] Meshing curve 551 (Line)
Info    : [ 80%] Meshing curve 552 (Line)
Info    : [ 80%] Meshing curve 553 (Line)
Info    : [ 80%] Meshing curve 554 (Line)
Info    : [ 80%] Meshing curve 555 (Line)
Info    : [ 80%] Meshing curve 556 (Line)
Info    : [ 80%] Meshing curve 557 (Line)
Info    : [ 80%] Meshing curve 558 (Line)
Info    : [ 80%] Meshing curve 559 (Line)
Info    : [ 90%] Meshing curve 560 (Line)
Info    : [ 90%] Meshing curve 561 (Line)
Info    : [ 90%] Meshing curve 562 (Line)
Info    : [ 90%] Meshing curve 563 (Line)
Info    : [ 90%] Meshing curve 564 (Line)
Info    : [ 90%] Meshing curve 565 (Line)
Info    : [ 90%] Meshing curve 566 (Line)
Info    : [ 90%] Meshing curve 567 (Line)
Info    : [ 90%] Meshing curve 568 (Line)
Info    : [ 90%] Meshing curve 569 (Line)
Info    : [ 90%] Meshing curve 570 (Line)
Info    : [ 90%] Meshing curve 571 (Line)
Info    : [ 90%] Meshing curve 572 (Line)
Info    : [ 90%] Meshing curve 573 (Line)
Info    : [ 90%] Meshing curve 574 (Line)
Info    : [ 90%] Meshing curve 575 (Line)
Info    : [ 90%] Meshing curve 576 (Line)
Info    : [ 90%] Meshing curve 577 (Line)
Info    : [ 90%] Meshing curve 578 (Line)
Info    : [ 90%] Meshing curve 579 (Line)
Info    : [ 90%] Meshing curve 580 (Line)
Info    : [ 90%] Meshing curve 581 (Line)
Info    : [ 90%] Meshing curve 582 (Line)
Info    : [ 90%] Meshing curve 583 (Line)
Info    : [ 90%] Meshing curve 584 (Line)
Info    : [ 90%] Meshing curve 585 (Line)
Info    : [ 90%] Meshing curve 586 (Line)
Info    : [ 90%] Meshing curve 587 (Line)
Info    : [ 90%] Meshing curve 588 (Line)
Info    : [ 90%] Meshing curve 589 (Line)
Info    : [ 90%] Meshing curve 590 (Line)
Info    : [ 90%] Meshing curve 591 (Line)
Info    : [ 90%] Meshing curve 592 (Line)
Info    : [100%] Meshing curve 593 (Line)
Info    : [100%] Meshing curve 594 (Line)
Info    : [100%] Meshing curve 595 (Line)
Info    : [100%] Meshing curve 596 (Line)
Info    : [100%] Meshing curve 597 (Line)
Info    : [100%] Meshing curve 598 (Line)
Info    : [100%] Meshing curve 599 (Line)
Info    : [100%] Meshing curve 600 (Line)
Info    : [100%] Meshing curve 601 (Line)
Info    : [100%] Meshing curve 602 (Line)
Info    : [100%] Meshing curve 603 (Line)
Info    : [100%] Meshing curve 604 (Line)
Info    : [100%] Meshing curve 605 (Line)
Info    : [100%] Meshing curve 606 (Line)
Info    : [100%] Meshing curve 607 (Line)
Info    : [100%] Meshing curve 608 (Line)
Info    : [100%] Meshing curve 609 (Line)
Info    : [100%] Meshing curve 610 (Line)
Info    : [100%] Meshing curve 611 (Line)
Info    : [100%] Meshing curve 612 (Line)
Info    : [100%] Meshing curve 613 (Line)
Info    : [100%] Meshing curve 614 (Line)
Info    : [100%] Meshing curve 615 (Line)
Info    : [100%] Meshing curve 616 (Line)
Info    : [100%] Meshing curve 617 (Line)
Info    : [100%] Meshing curve 618 (Line)
Info    : [100%] Meshing curve 619 (Line)
Info    : [100%] Meshing curve 620 (Line)
Info    : [100%] Meshing curve 621 (Line)
Info    : [100%] Meshing curve 622 (Line)
Info    : [100%] Meshing curve 623 (Line)
Info    : [100%] Meshing curve 624 (Line)
Info    : Done meshing 1D (Wall 1.70297s, CPU 1.69559s)
Info    : Meshing 2D...
Info    : [  0%] Meshing surface 35 (Plane, Delaunay)
Info    : [ 10%] Meshing surface 41 (Plane, Delaunay)
Info    : [ 10%] Meshing surface 43 (Plane, Delaunay)
Info    : [ 10%] Meshing surface 44 (Plane, Delaunay)
Info    : [ 10%] Meshing surface 45 (Plane, Delaunay)
Info    : [ 10%] Meshing surface 46 (Plane, Delaunay)
Info    : [ 10%] Meshing surface 47 (Plane, Delaunay)
Info    : [ 10%] Meshing surface 48 (Plane, Delaunay)
Info    : [ 10%] Meshing surface 49 (Plane, Delaunay)
Info    : [ 10%] Meshing surface 50 (Plane, Delaunay)
Info    : [ 10%] Meshing surface 51 (Plane, Delaunay)
Info    : [ 10%] Meshing surface 53 (Plane, Delaunay)
Info    : [ 10%] Meshing surface 54 (Plane, Delaunay)
Info    : [ 10%] Meshing surface 55 (Plane, Delaunay)
Info    : [ 10%] Meshing surface 56 (Plane, Delaunay)
Info    : [ 20%] Meshing surface 57 (Plane, Delaunay)
Info    : [ 20%] Meshing surface 58 (Plane, Delaunay)
Info    : [ 20%] Meshing surface 59 (Plane, Delaunay)
Info    : [ 20%] Meshing surface 60 (Plane, Delaunay)
Info    : [ 20%] Meshing surface 61 (Plane, Delaunay)
Info    : [ 20%] Meshing surface 62 (Plane, Delaunay)
Info    : [ 20%] Meshing surface 63 (Plane, Delaunay)
Info    : [ 20%] Meshing surface 64 (Plane, Delaunay)
Info    : [ 20%] Meshing surface 65 (Plane, Delaunay)
Info    : [ 20%] Meshing surface 66 (Plane, Delaunay)
Info    : [ 20%] Meshing surface 67 (Plane, Delaunay)
Info    : [ 20%] Meshing surface 68 (Plane, Delaunay)
Info    : [ 20%] Meshing surface 69 (Plane, Delaunay)
Info    : [ 20%] Meshing surface 70 (Plane, Delaunay)
Info    : [ 30%] Meshing surface 71 (Plane, Delaunay)
Info    : [ 30%] Meshing surface 72 (Plane, Delaunay)
Info    : [ 30%] Meshing surface 73 (Plane, Delaunay)
Info    : [ 30%] Meshing surface 74 (Plane, Delaunay)
Info    : [ 30%] Meshing surface 75 (Plane, Delaunay)
Info    : [ 30%] Meshing surface 76 (Plane, Delaunay)
Info    : [ 30%] Meshing surface 173 (Plane, Delaunay)
Info    : [ 30%] Meshing surface 174 (Plane, Delaunay)
Info    : [ 30%] Meshing surface 175 (Plane, Delaunay)
Info    : [ 30%] Meshing surface 177 (Plane, Delaunay)
Info    : [ 30%] Meshing surface 178 (Plane, Delaunay)
Info    : [ 30%] Meshing surface 179 (Plane, Delaunay)
Info    : [ 30%] Meshing surface 180 (Plane, Delaunay)
Info    : [ 30%] Meshing surface 181 (Plane, Delaunay)
Info    : [ 40%] Meshing surface 182 (Plane, Delaunay)
Info    : [ 40%] Meshing surface 183 (Plane, Delaunay)
Info    : [ 40%] Meshing surface 184 (Plane, Delaunay)
Info    : [ 40%] Meshing surface 185 (Plane, Delaunay)
Info    : [ 40%] Meshing surface 186 (Plane, Delaunay)
Info    : [ 40%] Meshing surface 187 (Plane, Delaunay)
Info    : [ 40%] Meshing surface 188 (Plane, Delaunay)
Info    : [ 40%] Meshing surface 189 (Plane, Delaunay)
Info    : [ 40%] Meshing surface 191 (Plane, Delaunay)
Info    : [ 40%] Meshing surface 192 (Plane, Delaunay)
Info    : [ 40%] Meshing surface 193 (Plane, Delaunay)
Info    : [ 40%] Meshing surface 194 (Plane, Delaunay)
Info    : [ 40%] Meshing surface 195 (Plane, Delaunay)
Info    : [ 40%] Meshing surface 196 (Plane, Delaunay)
Info    : [ 50%] Meshing surface 197 (Plane, Delaunay)
Info    : [ 50%] Meshing surface 198 (Plane, Delaunay)
Info    : [ 50%] Meshing surface 199 (Plane, Delaunay)
Info    : [ 50%] Meshing surface 200 (Plane, Delaunay)
Info    : [ 50%] Meshing surface 201 (Plane, Delaunay)
Info    : [ 50%] Meshing surface 202 (Plane, Delaunay)
Info    : [ 50%] Meshing surface 203 (Plane, Delaunay)
Info    : [ 50%] Meshing surface 204 (Plane, Delaunay)
Info    : [ 50%] Meshing surface 205 (Plane, Delaunay)
Info    : [ 50%] Meshing surface 206 (Plane, Delaunay)
Info    : [ 50%] Meshing surface 207 (Plane, Delaunay)
Info    : [ 50%] Meshing surface 208 (Plane, Delaunay)
Info    : [ 50%] Meshing surface 209 (Plane, Delaunay)
Info    : [ 50%] Meshing surface 210 (Plane, Delaunay)
Info    : [ 50%] Meshing surface 211 (Plane, Delaunay)
Info    : [ 60%] Meshing surface 212 (Plane, Delaunay)
Info    : [ 60%] Meshing surface 213 (Plane, Delaunay)
Info    : [ 60%] Meshing surface 214 (Plane, Delaunay)
Info    : [ 60%] Meshing surface 215 (Plane, Delaunay)
Info    : [ 60%] Meshing surface 216 (Plane, Delaunay)
Info    : [ 60%] Meshing surface 217 (Plane, Delaunay)
Info    : [ 60%] Meshing surface 218 (Plane, Delaunay)
Info    : [ 60%] Meshing surface 219 (Plane, Delaunay)
Info    : [ 60%] Meshing surface 220 (Plane, Delaunay)
Info    : [ 60%] Meshing surface 221 (Plane, Delaunay)
Info    : [ 60%] Meshing surface 222 (Plane, Delaunay)
Info    : [ 60%] Meshing surface 223 (Plane, Delaunay)
Info    : [ 60%] Meshing surface 225 (Plane, Delaunay)
Info    : [ 60%] Meshing surface 226 (Plane, Delaunay)
Info    : [ 70%] Meshing surface 227 (Plane, Delaunay)
Info    : [ 70%] Meshing surface 228 (Plane, Delaunay)
Info    : [ 70%] Meshing surface 229 (Plane, Delaunay)
Info    : [ 70%] Meshing surface 230 (Plane, Delaunay)
Info    : [ 70%] Meshing surface 231 (Plane, Delaunay)
Info    : [ 70%] Meshing surface 232 (Plane, Delaunay)
Info    : [ 70%] Meshing surface 233 (Plane, Delaunay)
Info    : [ 70%] Meshing surface 234 (Plane, Delaunay)
Info    : [ 70%] Meshing surface 235 (Plane, Delaunay)
Info    : [ 70%] Meshing surface 236 (Plane, Delaunay)
Info    : [ 70%] Meshing surface 237 (Plane, Delaunay)
Info    : [ 70%] Meshing surface 238 (Plane, Delaunay)
Info    : [ 70%] Meshing surface 239 (Plane, Delaunay)
Info    : [ 70%] Meshing surface 240 (Plane, Delaunay)
Info    : [ 80%] Meshing surface 241 (Plane, Delaunay)
Info    : [ 80%] Meshing surface 242 (Plane, Delaunay)
Info    : [ 80%] Meshing surface 243 (Plane, Delaunay)
Info    : [ 80%] Meshing surface 244 (Plane, Delaunay)
Info    : [ 80%] Meshing surface 245 (Plane, Delaunay)
Info    : [ 80%] Meshing surface 246 (Plane, Delaunay)
Info    : [ 80%] Meshing surface 247 (Plane, Delaunay)
Info    : [ 80%] Meshing surface 248 (Plane, Delaunay)
Info    : [ 80%] Meshing surface 249 (Plane, Delaunay)
Info    : [ 80%] Meshing surface 250 (Plane, Delaunay)
Info    : [ 80%] Meshing surface 251 (Plane, Delaunay)
Info    : [ 80%] Meshing surface 252 (Plane, Delaunay)
Info    : [ 80%] Meshing surface 253 (Plane, Delaunay)
Info    : [ 80%] Meshing surface 254 (Plane, Delaunay)
Info    : [ 90%] Meshing surface 255 (Plane, Delaunay)
Info    : [ 90%] Meshing surface 256 (Plane, Delaunay)
Info    : [ 90%] Meshing surface 257 (Plane, Delaunay)
Info    : [ 90%] Meshing surface 258 (Plane, Delaunay)
Info    : [ 90%] Meshing surface 259 (Plane, Delaunay)
Info    : [ 90%] Meshing surface 260 (Plane, Delaunay)
Info    : [ 90%] Meshing surface 261 (Plane, Delaunay)
Info    : [ 90%] Meshing surface 262 (Plane, Delaunay)
Info    : [ 90%] Meshing surface 263 (Plane, Delaunay)
Info    : [ 90%] Meshing surface 264 (Plane, Delaunay)
Info    : [ 90%] Meshing surface 265 (Plane, Delaunay)
Info    : [ 90%] Meshing surface 266 (Plane, Delaunay)
Info    : [ 90%] Meshing surface 267 (Plane, Delaunay)
Info    : [ 90%] Meshing surface 268 (Plane, Delaunay)
Info    : [100%] Meshing surface 269 (Plane, Delaunay)
Info    : [100%] Meshing surface 270 (Plane, Delaunay)
Info    : [100%] Meshing surface 271 (Plane, Delaunay)
Info    : [100%] Meshing surface 272 (Plane, Delaunay)
Info    : [100%] Meshing surface 273 (Plane, Delaunay)
Info    : [100%] Meshing surface 274 (Plane, Delaunay)
Info    : [100%] Meshing surface 275 (Plane, Delaunay)
Info    : [100%] Meshing surface 276 (Plane, Delaunay)
Info    : [100%] Meshing surface 277 (Plane, Delaunay)
Info    : [100%] Meshing surface 278 (Plane, Delaunay)
Info    : [100%] Meshing surface 279 (Plane, Delaunay)
Info    : [100%] Meshing surface 280 (Plane, Delaunay)
Info    : [100%] Meshing surface 281 (Plane, Delaunay)
Info    : [100%] Meshing surface 282 (Plane, Delaunay)
Info    : Done meshing 2D (Wall 0.515825s, CPU 0.512171s)
Info    : Meshing 3D...
Info    : 3D Meshing 16 volumes with 1 connected component
Info    : Tetrahedrizing 4764 nodes...
Info    : Done tetrahedrizing 4772 nodes (Wall 0.0658953s, CPU 0.065892s)
Info    : Reconstructing mesh...
Info    :  - Creating surface mesh
Info    :  - Identifying boundary edges
Info    :  - Recovering boundary
Info    :  - Added 27 Steiner points
Info    : Done reconstructing mesh (Wall 0.218419s, CPU 0.218253s)
Info    : Found volume 28
Info    : Found volume 27
Info    : Found volume 23
Info    : Found volume 26
Info    : Found volume 11
Info    : Found volume 30
Info    : Found volume 29
Info    : Found volume 31
Info    : Found volume 6
Info    : Found volume 7
Info    : Found volume 8
Info    : Found volume 25
Info    : Found volume 24
Info    : Found volume 12
Info    : Found volume 10
Info    : Found volume 9
Info    : It. 0 - 0 nodes created - worst tet radius 11.2731 (nodes removed 0 0)
Info    : It. 500 - 125 nodes created - worst tet radius 1.49267 (nodes removed 0 375)
Info    : It. 1000 - 250 nodes created - worst tet radius 1.08362 (nodes removed 2 748)
Info    : 3D refinement terminated (5195 nodes total):
Info    :  - 2 Delaunay cavities modified for star shapeness
Info    :  - 991 nodes could not be inserted
Info    :  - 30759 tetrahedra created in 0.0823927 sec. (373321 tets/s)
Info    : 319 node relocations
Info    : Done meshing 3D (Wall 0.557181s, CPU 0.55688s)
Info    : Optimizing mesh...
Info    : Optimizing volume 6
Info    : Optimization starts (volume = 234) with worst = 0.209192 / average = 0.599913:
Info    : 0.00 < quality < 0.10 :         0 elements
Info    : 0.10 < quality < 0.20 :         0 elements
Info    : 0.20 < quality < 0.30 :        35 elements
Info    : 0.30 < quality < 0.40 :         7 elements
Info    : 0.40 < quality < 0.50 :         3 elements
Info    : 0.50 < quality < 0.60 :         6 elements
Info    : 0.60 < quality < 0.70 :        60 elements
Info    : 0.70 < quality < 0.80 :        46 elements
Info    : 0.80 < quality < 0.90 :        10 elements
Info    : 0.90 < quality < 1.00 :         1 elements
Info    : No ill-shaped tets in the mesh :-)
Info    : 0.00 < quality < 0.10 :         0 elements
Info    : 0.10 < quality < 0.20 :         0 elements
Info    : 0.20 < quality < 0.30 :        35 elements
Info    : 0.30 < quality < 0.40 :         7 elements
Info    : 0.40 < quality < 0.50 :         3 elements
Info    : 0.50 < quality < 0.60 :         6 elements
Info    : 0.60 < quality < 0.70 :        60 elements
Info    : 0.70 < quality < 0.80 :        46 elements
Info    : 0.80 < quality < 0.90 :        10 elements
Info    : 0.90 < quality < 1.00 :         1 elements
Info    : Optimizing volume 7
Info    : Optimization starts (volume = 234) with worst = 0.209192 / average = 0.599961:
Info    : 0.00 < quality < 0.10 :         0 elements
Info    : 0.10 < quality < 0.20 :         0 elements
Info    : 0.20 < quality < 0.30 :        35 elements
Info    : 0.30 < quality < 0.40 :         7 elements
Info    : 0.40 < quality < 0.50 :         3 elements
Info    : 0.50 < quality < 0.60 :         6 elements
Info    : 0.60 < quality < 0.70 :        60 elements
Info    : 0.70 < quality < 0.80 :        46 elements
Info    : 0.80 < quality < 0.90 :        10 elements
Info    : 0.90 < quality < 1.00 :         1 elements
Info    : No ill-shaped tets in the mesh :-)
Info    : 0.00 < quality < 0.10 :         0 elements
Info    : 0.10 < quality < 0.20 :         0 elements
Info    : 0.20 < quality < 0.30 :        35 elements
Info    : 0.30 < quality < 0.40 :         7 elements
Info    : 0.40 < quality < 0.50 :         3 elements
Info    : 0.50 < quality < 0.60 :         6 elements
Info    : 0.60 < quality < 0.70 :        60 elements
Info    : 0.70 < quality < 0.80 :        46 elements
Info    : 0.80 < quality < 0.90 :        10 elements
Info    : 0.90 < quality < 1.00 :         1 elements
Info    : Optimizing volume 8
Info    : Optimization starts (volume = 109.224) with worst = 0.219132 / average = 0.608138:
Info    : 0.00 < quality < 0.10 :         0 elements
Info    : 0.10 < quality < 0.20 :         0 elements
Info    : 0.20 < quality < 0.30 :         6 elements
Info    : 0.30 < quality < 0.40 :        10 elements
Info    : 0.40 < quality < 0.50 :        24 elements
Info    : 0.50 < quality < 0.60 :        14 elements
Info    : 0.60 < quality < 0.70 :        18 elements
Info    : 0.70 < quality < 0.80 :        18 elements
Info    : 0.80 < quality < 0.90 :        20 elements
Info    : 0.90 < quality < 1.00 :         4 elements
Info    : No ill-shaped tets in the mesh :-)
Info    : 0.00 < quality < 0.10 :         0 elements
Info    : 0.10 < quality < 0.20 :         0 elements
Info    : 0.20 < quality < 0.30 :         6 elements
Info    : 0.30 < quality < 0.40 :        10 elements
Info    : 0.40 < quality < 0.50 :        24 elements
Info    : 0.50 < quality < 0.60 :        14 elements
Info    : 0.60 < quality < 0.70 :        18 elements
Info    : 0.70 < quality < 0.80 :        18 elements
Info    : 0.80 < quality < 0.90 :        20 elements
Info    : 0.90 < quality < 1.00 :         4 elements
Info    : Optimizing volume 9
Info    : Optimization starts (volume = 2.268) with worst = 0.266475 / average = 0.325093:
Info    : 0.00 < quality < 0.10 :         0 elements
Info    : 0.10 < quality < 0.20 :         0 elements
Info    : 0.20 < quality < 0.30 :         4 elements
Info    : 0.30 < quality < 0.40 :         8 elements
Info    : 0.40 < quality < 0.50 :         0 elements
Info    : 0.50 < quality < 0.60 :         0 elements
Info    : 0.60 < quality < 0.70 :         0 elements
Info    : 0.70 < quality < 0.80 :         0 elements
Info    : 0.80 < quality < 0.90 :         0 elements
Info    : 0.90 < quality < 1.00 :         0 elements
Info    : No ill-shaped tets in the mesh :-)
Info    : 0.00 < quality < 0.10 :         0 elements
Info    : 0.10 < quality < 0.20 :         0 elements
Info    : 0.20 < quality < 0.30 :         4 elements
Info    : 0.30 < quality < 0.40 :         8 elements
Info    : 0.40 < quality < 0.50 :         0 elements
Info    : 0.50 < quality < 0.60 :         0 elements
Info    : 0.60 < quality < 0.70 :         0 elements
Info    : 0.70 < quality < 0.80 :         0 elements
Info    : 0.80 < quality < 0.90 :         0 elements
Info    : 0.90 < quality < 1.00 :         0 elements
Info    : Optimizing volume 10
Info    : Optimization starts (volume = 2.268) with worst = 0.266475 / average = 0.325093:
Info    : 0.00 < quality < 0.10 :         0 elements
Info    : 0.10 < quality < 0.20 :         0 elements
Info    : 0.20 < quality < 0.30 :         4 elements
Info    : 0.30 < quality < 0.40 :         8 elements
Info    : 0.40 < quality < 0.50 :         0 elements
Info    : 0.50 < quality < 0.60 :         0 elements
Info    : 0.60 < quality < 0.70 :         0 elements
Info    : 0.70 < quality < 0.80 :         0 elements
Info    : 0.80 < quality < 0.90 :         0 elements
Info    : 0.90 < quality < 1.00 :         0 elements
Info    : No ill-shaped tets in the mesh :-)
Info    : 0.00 < quality < 0.10 :         0 elements
Info    : 0.10 < quality < 0.20 :         0 elements
Info    : 0.20 < quality < 0.30 :         4 elements
Info    : 0.30 < quality < 0.40 :         8 elements
Info    : 0.40 < quality < 0.50 :         0 elements
Info    : 0.50 < quality < 0.60 :         0 elements
Info    : 0.60 < quality < 0.70 :         0 elements
Info    : 0.70 < quality < 0.80 :         0 elements
Info    : 0.80 < quality < 0.90 :         0 elements
Info    : 0.90 < quality < 1.00 :         0 elements
Info    : Optimizing volume 11
Info    : Optimization starts (volume = 2.268) with worst = 0.0280207 / average = 0.26468:
Info    : 0.00 < quality < 0.10 :         6 elements
Info    : 0.10 < quality < 0.20 :         0 elements
Info    : 0.20 < quality < 0.30 :         2 elements
Info    : 0.30 < quality < 0.40 :         7 elements
Info    : 0.40 < quality < 0.50 :         0 elements
Info    : 0.50 < quality < 0.60 :         0 elements
Info    : 0.60 < quality < 0.70 :         2 elements
Info    : 0.70 < quality < 0.80 :         0 elements
Info    : 0.80 < quality < 0.90 :         0 elements
Info    : 0.90 < quality < 1.00 :         0 elements
Info    : 1 edge swaps, 1 node relocations (volume = 2.268): worst = 0.0473347 / average = 0.279504 (Wall 6.0122e-05s, CPU 6.1e-05s)
Info    : 2 edge swaps, 1 node relocations (volume = 2.268): worst = 0.0473347 / average = 0.315614 (Wall 0.000112291s, CPU 0.000113s)
Info    : No ill-shaped tets in the mesh :-)
Info    : 0.00 < quality < 0.10 :         3 elements
Info    : 0.10 < quality < 0.20 :         2 elements
Info    : 0.20 < quality < 0.30 :         2 elements
Info    : 0.30 < quality < 0.40 :         5 elements
Info    : 0.40 < quality < 0.50 :         0 elements
Info    : 0.50 < quality < 0.60 :         1 elements
Info    : 0.60 < quality < 0.70 :         2 elements
Info    : 0.70 < quality < 0.80 :         0 elements
Info    : 0.80 < quality < 0.90 :         0 elements
Info    : 0.90 < quality < 1.00 :         0 elements
Info    : Optimizing volume 12
Info    : Optimization starts (volume = 2.268) with worst = 0.266475 / average = 0.325093:
Info    : 0.00 < quality < 0.10 :         0 elements
Info    : 0.10 < quality < 0.20 :         0 elements
Info    : 0.20 < quality < 0.30 :         4 elements
Info    : 0.30 < quality < 0.40 :         8 elements
Info    : 0.40 < quality < 0.50 :         0 elements
Info    : 0.50 < quality < 0.60 :         0 elements
Info    : 0.60 < quality < 0.70 :         0 elements
Info    : 0.70 < quality < 0.80 :         0 elements
Info    : 0.80 < quality < 0.90 :         0 elements
Info    : 0.90 < quality < 1.00 :         0 elements
Info    : No ill-shaped tets in the mesh :-)
Info    : 0.00 < quality < 0.10 :         0 elements
Info    : 0.10 < quality < 0.20 :         0 elements
Info    : 0.20 < quality < 0.30 :         4 elements
Info    : 0.30 < quality < 0.40 :         8 elements
Info    : 0.40 < quality < 0.50 :         0 elements
Info    : 0.50 < quality < 0.60 :         0 elements
Info    : 0.60 < quality < 0.70 :         0 elements
Info    : 0.70 < quality < 0.80 :         0 elements
Info    : 0.80 < quality < 0.90 :         0 elements
Info    : 0.90 < quality < 1.00 :         0 elements
Info    : Optimizing volume 23
Info    : Optimization starts (volume = 6026.33) with worst = 0.00211613 / average = 0.149093:
Info    : 0.00 < quality < 0.10 :       120 elements
Info    : 0.10 < quality < 0.20 :      2528 elements
Info    : 0.20 < quality < 0.30 :        83 elements
Info    : 0.30 < quality < 0.40 :         3 elements
Info    : 0.40 < quality < 0.50 :         0 elements
Info    : 0.50 < quality < 0.60 :         0 elements
Info    : 0.60 < quality < 0.70 :         0 elements
Info    : 0.70 < quality < 0.80 :         0 elements
Info    : 0.80 < quality < 0.90 :         0 elements
Info    : 0.90 < quality < 1.00 :         0 elements
Info    : 196 edge swaps, 23 node relocations (volume = 6026.33): worst = 0.00583791 / average = 0.149424 (Wall 0.0114013s, CPU 0.011397s)
Info    : 203 edge swaps, 46 node relocations (volume = 6026.33): worst = 0.00583791 / average = 0.149424 (Wall 0.0243192s, CPU 0.024316s)
Info    : No ill-shaped tets in the mesh :-)
Info    : 0.00 < quality < 0.10 :       107 elements
Info    : 0.10 < quality < 0.20 :      2505 elements
Info    : 0.20 < quality < 0.30 :        78 elements
Info    : 0.30 < quality < 0.40 :         4 elements
Info    : 0.40 < quality < 0.50 :         0 elements
Info    : 0.50 < quality < 0.60 :         0 elements
Info    : 0.60 < quality < 0.70 :         0 elements
Info    : 0.70 < quality < 0.80 :         0 elements
Info    : 0.80 < quality < 0.90 :         0 elements
Info    : 0.90 < quality < 1.00 :         0 elements
Info    : Optimizing volume 24
Info    : Optimization starts (volume = 4545.71) with worst = 0.0349366 / average = 0.763009:
Info    : 0.00 < quality < 0.10 :         2 elements
Info    : 0.10 < quality < 0.20 :         2 elements
Info    : 0.20 < quality < 0.30 :         8 elements
Info    : 0.30 < quality < 0.40 :        14 elements
Info    : 0.40 < quality < 0.50 :        14 elements
Info    : 0.50 < quality < 0.60 :       172 elements
Info    : 0.60 < quality < 0.70 :       293 elements
Info    : 0.70 < quality < 0.80 :       175 elements
Info    : 0.80 < quality < 0.90 :       437 elements
Info    : 0.90 < quality < 1.00 :       275 elements
Info    : 5 edge swaps, 0 node relocations (volume = 4545.71): worst = 0.267743 / average = 0.764923 (Wall 0.000202907s, CPU 0.000205s)
Info    : 7 edge swaps, 0 node relocations (volume = 4545.71): worst = 0.267743 / average = 0.764896 (Wall 0.000297747s, CPU 0.0003s)
Info    : No ill-shaped tets in the mesh :-)
Info    : 0.00 < quality < 0.10 :         0 elements
Info    : 0.10 < quality < 0.20 :         0 elements
Info    : 0.20 < quality < 0.30 :         5 elements
Info    : 0.30 < quality < 0.40 :        13 elements
Info    : 0.40 < quality < 0.50 :        14 elements
Info    : 0.50 < quality < 0.60 :       174 elements
Info    : 0.60 < quality < 0.70 :       294 elements
Info    : 0.70 < quality < 0.80 :       172 elements
Info    : 0.80 < quality < 0.90 :       438 elements
Info    : 0.90 < quality < 1.00 :       275 elements
Info    : Optimizing volume 25
Info    : Optimization starts (volume = 1350.31) with worst = 0.0349366 / average = 0.736498:
Info    : 0.00 < quality < 0.10 :         2 elements
Info    : 0.10 < quality < 0.20 :         1 elements
Info    : 0.20 < quality < 0.30 :        10 elements
Info    : 0.30 < quality < 0.40 :        12 elements
Info    : 0.40 < quality < 0.50 :        13 elements
Info    : 0.50 < quality < 0.60 :        40 elements
Info    : 0.60 < quality < 0.70 :       103 elements
Info    : 0.70 < quality < 0.80 :        56 elements
Info    : 0.80 < quality < 0.90 :       131 elements
Info    : 0.90 < quality < 1.00 :        84 elements
Info    : 4 edge swaps, 0 node relocations (volume = 1350.31): worst = 0.264816 / average = 0.740859 (Wall 0.000127133s, CPU 0.000127s)
Info    : 6 edge swaps, 0 node relocations (volume = 1350.31): worst = 0.264816 / average = 0.740632 (Wall 0.000190444s, CPU 0.000191s)
Info    : No ill-shaped tets in the mesh :-)
Info    : 0.00 < quality < 0.10 :         0 elements
Info    : 0.10 < quality < 0.20 :         0 elements
Info    : 0.20 < quality < 0.30 :         6 elements
Info    : 0.30 < quality < 0.40 :        11 elements
Info    : 0.40 < quality < 0.50 :        13 elements
Info    : 0.50 < quality < 0.60 :        43 elements
Info    : 0.60 < quality < 0.70 :       103 elements
Info    : 0.70 < quality < 0.80 :        54 elements
Info    : 0.80 < quality < 0.90 :       131 elements
Info    : 0.90 < quality < 1.00 :        84 elements
Info    : Optimizing volume 26
Info    : Optimization starts (volume = 2.43323e+07) with worst = 0.0676469 / average = 0.622768:
Info    : 0.00 < quality < 0.10 :         4 elements
Info    : 0.10 < quality < 0.20 :        12 elements
Info    : 0.20 < quality < 0.30 :        44 elements
Info    : 0.30 < quality < 0.40 :        94 elements
Info    : 0.40 < quality < 0.50 :       319 elements
Info    : 0.50 < quality < 0.60 :       477 elements
Info    : 0.60 < quality < 0.70 :       408 elements
Info    : 0.70 < quality < 0.80 :       321 elements
Info    : 0.80 < quality < 0.90 :       240 elements
Info    : 0.90 < quality < 1.00 :       106 elements
Info    : 58 edge swaps, 0 node relocations (volume = 2.43323e+07): worst = 0.25617 / average = 0.635222 (Wall 0.000714139s, CPU 0.000715s)
Info    : No ill-shaped tets in the mesh :-)
Info    : 0.00 < quality < 0.10 :         0 elements
Info    : 0.10 < quality < 0.20 :         0 elements
Info    : 0.20 < quality < 0.30 :         1 elements
Info    : 0.30 < quality < 0.40 :       102 elements
Info    : 0.40 < quality < 0.50 :       309 elements
Info    : 0.50 < quality < 0.60 :       480 elements
Info    : 0.60 < quality < 0.70 :       408 elements
Info    : 0.70 < quality < 0.80 :       333 elements
Info    : 0.80 < quality < 0.90 :       237 elements
Info    : 0.90 < quality < 1.00 :       108 elements
Info    : Optimizing volume 27
Info    : Optimization starts (volume = 48664.6) with worst = 0.000299214 / average = 0.061194:
Info    : 0.00 < quality < 0.10 :      2046 elements
Info    : 0.10 < quality < 0.20 :       586 elements
Info    : 0.20 < quality < 0.30 :         0 elements
Info    : 0.30 < quality < 0.40 :         0 elements
Info    : 0.40 < quality < 0.50 :         0 elements
Info    : 0.50 < quality < 0.60 :         0 elements
Info    : 0.60 < quality < 0.70 :         0 elements
Info    : 0.70 < quality < 0.80 :         0 elements
Info    : 0.80 < quality < 0.90 :         0 elements
Info    : 0.90 < quality < 1.00 :         0 elements
Info    : 417 edge swaps, 0 node relocations (volume = 48664.6): worst = 0.000679882 / average = 0.0646871 (Wall 0.0140059s, CPU 0.014002s)
Info    : 437 edge swaps, 0 node relocations (volume = 48664.6): worst = 0.000679882 / average = 0.0648254 (Wall 0.0282343s, CPU 0.028231s)
Warning : 1 ill-shaped tets are still in the mesh
Info    : 0.00 < quality < 0.10 :      1760 elements
Info    : 0.10 < quality < 0.20 :       560 elements
Info    : 0.20 < quality < 0.30 :         0 elements
Info    : 0.30 < quality < 0.40 :         0 elements
Info    : 0.40 < quality < 0.50 :         0 elements
Info    : 0.50 < quality < 0.60 :         0 elements
Info    : 0.60 < quality < 0.70 :         0 elements
Info    : 0.70 < quality < 0.80 :         0 elements
Info    : 0.80 < quality < 0.90 :         0 elements
Info    : 0.90 < quality < 1.00 :         0 elements
Info    : Optimizing volume 28
Info    : Optimization starts (volume = 1.90126e+06) with worst = 0.000638161 / average = 0.451474:
Info    : 0.00 < quality < 0.10 :       476 elements
Info    : 0.10 < quality < 0.20 :      2250 elements
Info    : 0.20 < quality < 0.30 :      1567 elements
Info    : 0.30 < quality < 0.40 :      1550 elements
Info    : 0.40 < quality < 0.50 :      1939 elements
Info    : 0.50 < quality < 0.60 :      1879 elements
Info    : 0.60 < quality < 0.70 :      1310 elements
Info    : 0.70 < quality < 0.80 :      1132 elements
Info    : 0.80 < quality < 0.90 :       904 elements
Info    : 0.90 < quality < 1.00 :       421 elements
Info    : 783 edge swaps, 40 node relocations (volume = 1.90126e+06): worst = 0.00840561 / average = 0.464393 (Wall 0.0413687s, CPU 0.041364s)
Info    : 854 edge swaps, 55 node relocations (volume = 1.90126e+06): worst = 0.00840561 / average = 0.464905 (Wall 0.0787006s, CPU 0.078692s)
Info    : No ill-shaped tets in the mesh :-)
Info    : 0.00 < quality < 0.10 :       245 elements
Info    : 0.10 < quality < 0.20 :      2005 elements
Info    : 0.20 < quality < 0.30 :      1375 elements
Info    : 0.30 < quality < 0.40 :      1613 elements
Info    : 0.40 < quality < 0.50 :      1866 elements
Info    : 0.50 < quality < 0.60 :      1922 elements
Info    : 0.60 < quality < 0.70 :      1328 elements
Info    : 0.70 < quality < 0.80 :      1166 elements
Info    : 0.80 < quality < 0.90 :       860 elements
Info    : 0.90 < quality < 1.00 :       390 elements
Info    : Optimizing volume 29
Info    : Optimization starts (volume = 456230) with worst = 0.0242754 / average = 0.509193:
Info    : 0.00 < quality < 0.10 :        28 elements
Info    : 0.10 < quality < 0.20 :       240 elements
Info    : 0.20 < quality < 0.30 :       407 elements
Info    : 0.30 < quality < 0.40 :       444 elements
Info    : 0.40 < quality < 0.50 :       551 elements
Info    : 0.50 < quality < 0.60 :       652 elements
Info    : 0.60 < quality < 0.70 :       827 elements
Info    : 0.70 < quality < 0.80 :       499 elements
Info    : 0.80 < quality < 0.90 :       133 elements
Info    : 0.90 < quality < 1.00 :         5 elements
Info    : 168 edge swaps, 0 node relocations (volume = 456230): worst = 0.0526757 / average = 0.515424 (Wall 0.00580356s, CPU 0.005805s)
Info    : 180 edge swaps, 0 node relocations (volume = 456230): worst = 0.0526757 / average = 0.5156 (Wall 0.00986547s, CPU 0.009869s)
Info    : No ill-shaped tets in the mesh :-)
Info    : 0.00 < quality < 0.10 :        10 elements
Info    : 0.10 < quality < 0.20 :       198 elements
Info    : 0.20 < quality < 0.30 :       358 elements
Info    : 0.30 < quality < 0.40 :       489 elements
Info    : 0.40 < quality < 0.50 :       522 elements
Info    : 0.50 < quality < 0.60 :       627 elements
Info    : 0.60 < quality < 0.70 :       822 elements
Info    : 0.70 < quality < 0.80 :       503 elements
Info    : 0.80 < quality < 0.90 :       133 elements
Info    : 0.90 < quality < 1.00 :         5 elements
Info    : Optimizing volume 30
Info    : Optimization starts (volume = 2.18991e+07) with worst = 0.00868688 / average = 0.616019:
Info    : 0.00 < quality < 0.10 :         9 elements
Info    : 0.10 < quality < 0.20 :        27 elements
Info    : 0.20 < quality < 0.30 :        44 elements
Info    : 0.30 < quality < 0.40 :       148 elements
Info    : 0.40 < quality < 0.50 :       392 elements
Info    : 0.50 < quality < 0.60 :       543 elements
Info    : 0.60 < quality < 0.70 :       493 elements
Info    : 0.70 < quality < 0.80 :       426 elements
Info    : 0.80 < quality < 0.90 :       253 elements
Info    : 0.90 < quality < 1.00 :       116 elements
Info    : 76 edge swaps, 2 node relocations (volume = 2.18991e+07): worst = 0.289719 / average = 0.62998 (Wall 0.00104475s, CPU 0.001046s)
Info    : 77 edge swaps, 3 node relocations (volume = 2.18991e+07): worst = 0.289719 / average = 0.629989 (Wall 0.00123605s, CPU 0.001239s)
Info    : No ill-shaped tets in the mesh :-)
Info    : 0.00 < quality < 0.10 :         0 elements
Info    : 0.10 < quality < 0.20 :         0 elements
Info    : 0.20 < quality < 0.30 :         4 elements
Info    : 0.30 < quality < 0.40 :       145 elements
Info    : 0.40 < quality < 0.50 :       392 elements
Info    : 0.50 < quality < 0.60 :       542 elements
Info    : 0.60 < quality < 0.70 :       503 elements
Info    : 0.70 < quality < 0.80 :       431 elements
Info    : 0.80 < quality < 0.90 :       255 elements
Info    : 0.90 < quality < 1.00 :       115 elements
Info    : Optimizing volume 31
Info    : Optimization starts (volume = 5.20366e+07) with worst = 0.00749753 / average = 0.573434:
Info    : 0.00 < quality < 0.10 :       125 elements
Info    : 0.10 < quality < 0.20 :        31 elements
Info    : 0.20 < quality < 0.30 :        38 elements
Info    : 0.30 < quality < 0.40 :       103 elements
Info    : 0.40 < quality < 0.50 :       138 elements
Info    : 0.50 < quality < 0.60 :       145 elements
Info    : 0.60 < quality < 0.70 :       293 elements
Info    : 0.70 < quality < 0.80 :       260 elements
Info    : 0.80 < quality < 0.90 :       138 elements
Info    : 0.90 < quality < 1.00 :        85 elements
Info    : 30 edge swaps, 0 node relocations (volume = 5.20366e+07): worst = 0.00749753 / average = 0.584128 (Wall 0.00194334s, CPU 0.001941s)
Info    : No ill-shaped tets in the mesh :-)
Info    : 0.00 < quality < 0.10 :       116 elements
Info    : 0.10 < quality < 0.20 :        20 elements
Info    : 0.20 < quality < 0.30 :        27 elements
Info    : 0.30 < quality < 0.40 :       104 elements
Info    : 0.40 < quality < 0.50 :       132 elements
Info    : 0.50 < quality < 0.60 :       144 elements
Info    : 0.60 < quality < 0.70 :       297 elements
Info    : 0.70 < quality < 0.80 :       264 elements
Info    : 0.80 < quality < 0.90 :       134 elements
Info    : 0.90 < quality < 1.00 :        88 elements
Info    : Done optimizing mesh (Wall 0.189799s, CPU 0.189781s)
Info    : 5195 nodes 41341 elements
Warning : ------------------------------
Warning : Mesh generation error summary
Warning :     1 warning
Warning :     0 errors
Warning : Check the full log for details
Warning : ------------------------------
Info    : Writing '/foss/designs/inductor_synth/palace_model/inductor2_N2_do109.41_w6_s3_data/inductor2_N2_do109.41_w6_s3.msh'...
Info    : Done writing '/foss/designs/inductor_synth/palace_model/inductor2_N2_do109.41_w6_s3_data/inductor2_N2_do109.41_w6_s3.msh'
Info    : Clearing all models and views...
Info    : Done clearing all models and views
Info    : Meshing 1D...
Info    : [  0%] Meshing curve 64 (Line)
Info    : [ 10%] Meshing curve 65 (Line)
Info    : [ 10%] Meshing curve 67 (Line)
Info    : [ 10%] Meshing curve 69 (Line)
Info    : [ 10%] Meshing curve 70 (Line)
Info    : [ 10%] Meshing curve 71 (Line)
Info    : [ 10%] Meshing curve 72 (Line)
Info    : [ 10%] Meshing curve 76 (Line)
Info    : [ 10%] Meshing curve 77 (Line)
Info    : [ 10%] Meshing curve 79 (Line)
Info    : [ 10%] Meshing curve 81 (Line)
Info    : [ 10%] Meshing curve 82 (Line)
Info    : [ 10%] Meshing curve 83 (Line)
Info    : [ 10%] Meshing curve 84 (Line)
Info    : [ 10%] Meshing curve 85 (Line)
Info    : [ 10%] Meshing curve 86 (Line)
Info    : [ 10%] Meshing curve 87 (Line)
Info    : [ 10%] Meshing curve 88 (Line)
Info    : [ 10%] Meshing curve 89 (Line)
Info    : [ 10%] Meshing curve 90 (Line)
Info    : [ 10%] Meshing curve 91 (Line)
Info    : [ 10%] Meshing curve 92 (Line)
Info    : [ 10%] Meshing curve 93 (Line)
Info    : [ 10%] Meshing curve 94 (Line)
Info    : [ 10%] Meshing curve 95 (Line)
Info    : [ 10%] Meshing curve 96 (Line)
Info    : [ 10%] Meshing curve 97 (Line)
Info    : [ 10%] Meshing curve 98 (Line)
Info    : [ 10%] Meshing curve 99 (Line)
Info    : [ 10%] Meshing curve 100 (Line)
Info    : [ 10%] Meshing curve 101 (Line)
Info    : [ 10%] Meshing curve 102 (Line)
Info    : [ 10%] Meshing curve 103 (Line)
Info    : [ 20%] Meshing curve 104 (Line)
Info    : [ 20%] Meshing curve 105 (Line)
Info    : [ 20%] Meshing curve 106 (Line)
Info    : [ 20%] Meshing curve 107 (Line)
Info    : [ 20%] Meshing curve 108 (Line)
Info    : [ 20%] Meshing curve 109 (Line)
Info    : [ 20%] Meshing curve 110 (Line)
Info    : [ 20%] Meshing curve 111 (Line)
Info    : [ 20%] Meshing curve 112 (Line)
Info    : [ 20%] Meshing curve 113 (Line)
Info    : [ 20%] Meshing curve 114 (Line)
Info    : [ 20%] Meshing curve 115 (Line)
Info    : [ 20%] Meshing curve 116 (Line)
Info    : [ 20%] Meshing curve 117 (Line)
Info    : [ 20%] Meshing curve 118 (Line)
Info    : [ 20%] Meshing curve 119 (Line)
Info    : [ 20%] Meshing curve 120 (Line)
Info    : [ 20%] Meshing curve 121 (Line)
Info    : [ 20%] Meshing curve 122 (Line)
Info    : [ 20%] Meshing curve 123 (Line)
Info    : [ 20%] Meshing curve 124 (Line)
Info    : [ 20%] Meshing curve 125 (Line)
Info    : [ 20%] Meshing curve 126 (Line)
Info    : [ 20%] Meshing curve 127 (Line)
Info    : [ 20%] Meshing curve 128 (Line)
Info    : [ 20%] Meshing curve 129 (Line)
Info    : [ 20%] Meshing curve 130 (Line)
Info    : [ 20%] Meshing curve 131 (Line)
Info    : [ 20%] Meshing curve 132 (Line)
Info    : [ 20%] Meshing curve 133 (Line)
Info    : [ 20%] Meshing curve 134 (Line)
Info    : [ 20%] Meshing curve 135 (Line)
Info    : [ 20%] Meshing curve 136 (Line)
Info    : [ 30%] Meshing curve 137 (Line)
Info    : [ 30%] Meshing curve 138 (Line)
Info    : [ 30%] Meshing curve 139 (Line)
Info    : [ 30%] Meshing curve 140 (Line)
Info    : [ 30%] Meshing curve 141 (Line)
Info    : [ 30%] Meshing curve 142 (Line)
Info    : [ 30%] Meshing curve 143 (Line)
Info    : [ 30%] Meshing curve 144 (Line)
Info    : [ 30%] Meshing curve 145 (Line)
Info    : [ 30%] Meshing curve 146 (Line)
Info    : [ 30%] Meshing curve 147 (Line)
Info    : [ 30%] Meshing curve 148 (Line)
Info    : [ 30%] Meshing curve 149 (Line)
Info    : [ 30%] Meshing curve 150 (Line)
Info    : [ 30%] Meshing curve 151 (Line)
Info    : [ 30%] Meshing curve 152 (Line)
Info    : [ 30%] Meshing curve 153 (Line)
Info    : [ 30%] Meshing curve 154 (Line)
Info    : [ 30%] Meshing curve 155 (Line)
Info    : [ 30%] Meshing curve 156 (Line)
Info    : [ 30%] Meshing curve 385 (Line)
Info    : [ 30%] Meshing curve 386 (Line)
Info    : [ 30%] Meshing curve 387 (Line)
Info    : [ 30%] Meshing curve 388 (Line)
Info    : [ 30%] Meshing curve 389 (Line)
Info    : [ 30%] Meshing curve 390 (Line)
Info    : [ 30%] Meshing curve 391 (Line)
Info    : [ 30%] Meshing curve 392 (Line)
Info    : [ 30%] Meshing curve 393 (Line)
Info    : [ 30%] Meshing curve 394 (Line)
Info    : [ 30%] Meshing curve 395 (Line)
Info    : [ 30%] Meshing curve 396 (Line)
Info    : [ 40%] Meshing curve 397 (TrimmedCurve)
Info    : [ 40%] Meshing curve 398 (Line)
Info    : [ 40%] Meshing curve 399 (TrimmedCurve)
Info    : [ 40%] Meshing curve 400 (Line)
Info    : [ 40%] Meshing curve 401 (Line)
Info    : [ 40%] Meshing curve 402 (Line)
Info    : [ 40%] Meshing curve 403 (Line)
Info    : [ 40%] Meshing curve 404 (Line)
Info    : [ 40%] Meshing curve 405 (Line)
Info    : [ 40%] Meshing curve 406 (Line)
Info    : [ 40%] Meshing curve 407 (Line)
Info    : [ 40%] Meshing curve 408 (TrimmedCurve)
Info    : [ 40%] Meshing curve 409 (Line)
Info    : [ 40%] Meshing curve 410 (TrimmedCurve)
Info    : [ 40%] Meshing curve 411 (Line)
Info    : [ 40%] Meshing curve 412 (Line)
Info    : [ 40%] Meshing curve 413 (Line)
Info    : [ 40%] Meshing curve 414 (Line)
Info    : [ 40%] Meshing curve 415 (Line)
Info    : [ 40%] Meshing curve 416 (Line)
Info    : [ 40%] Meshing curve 417 (Line)
Info    : [ 40%] Meshing curve 418 (Line)
Info    : [ 40%] Meshing curve 419 (Line)
Info    : [ 40%] Meshing curve 420 (Line)
Info    : [ 40%] Meshing curve 421 (Line)
Info    : [ 40%] Meshing curve 422 (Line)
Info    : [ 40%] Meshing curve 423 (Line)
Info    : [ 40%] Meshing curve 424 (Line)
Info    : [ 40%] Meshing curve 425 (Line)
Info    : [ 40%] Meshing curve 426 (Line)
Info    : [ 40%] Meshing curve 427 (Line)
Info    : [ 40%] Meshing curve 428 (Line)
Info    : [ 40%] Meshing curve 429 (Line)
Info    : [ 50%] Meshing curve 430 (Line)
Info    : [ 50%] Meshing curve 431 (Line)
Info    : [ 50%] Meshing curve 432 (TrimmedCurve)
Info    : [ 50%] Meshing curve 433 (Line)
Info    : [ 50%] Meshing curve 434 (TrimmedCurve)
Info    : [ 50%] Meshing curve 435 (Line)
Info    : [ 50%] Meshing curve 436 (TrimmedCurve)
Info    : [ 50%] Meshing curve 437 (Line)
Info    : [ 50%] Meshing curve 438 (TrimmedCurve)
Info    : [ 50%] Meshing curve 439 (Line)
Info    : [ 50%] Meshing curve 440 (TrimmedCurve)
Info    : [ 50%] Meshing curve 441 (Line)
Info    : [ 50%] Meshing curve 442 (TrimmedCurve)
Info    : [ 50%] Meshing curve 443 (Line)
Info    : [ 50%] Meshing curve 444 (Line)
Info    : [ 50%] Meshing curve 445 (Line)
Info    : [ 50%] Meshing curve 446 (Line)
Info    : [ 50%] Meshing curve 447 (Line)
Info    : [ 50%] Meshing curve 448 (TrimmedCurve)
Info    : [ 50%] Meshing curve 449 (Line)
Info    : [ 50%] Meshing curve 450 (TrimmedCurve)
Info    : [ 50%] Meshing curve 451 (Line)
Info    : [ 50%] Meshing curve 452 (TrimmedCurve)
Info    : [ 50%] Meshing curve 453 (Line)
Info    : [ 50%] Meshing curve 454 (TrimmedCurve)
Info    : [ 50%] Meshing curve 455 (Line)
Info    : [ 50%] Meshing curve 456 (TrimmedCurve)
Info    : [ 50%] Meshing curve 457 (Line)
Info    : [ 50%] Meshing curve 458 (TrimmedCurve)
Info    : [ 50%] Meshing curve 459 (Line)
Info    : [ 50%] Meshing curve 460 (Line)
Info    : [ 50%] Meshing curve 461 (TrimmedCurve)
Info    : [ 50%] Meshing curve 462 (Line)
Info    : [ 60%] Meshing curve 463 (TrimmedCurve)
Info    : [ 60%] Meshing curve 464 (Line)
Info    : [ 60%] Meshing curve 465 (TrimmedCurve)
Info    : [ 60%] Meshing curve 466 (Line)
Info    : [ 60%] Meshing curve 467 (TrimmedCurve)
Info    : [ 60%] Meshing curve 468 (Line)
Info    : [ 60%] Meshing curve 469 (TrimmedCurve)
Info    : [ 60%] Meshing curve 470 (Line)
Info    : [ 60%] Meshing curve 471 (TrimmedCurve)
Info    : [ 60%] Meshing curve 472 (Line)
Info    : [ 60%] Meshing curve 473 (Line)
Info    : [ 60%] Meshing curve 474 (Line)
Info    : [ 60%] Meshing curve 475 (Line)
Info    : [ 60%] Meshing curve 476 (Line)
Info    : [ 60%] Meshing curve 477 (TrimmedCurve)
Info    : [ 60%] Meshing curve 478 (Line)
Info    : [ 60%] Meshing curve 479 (TrimmedCurve)
Info    : [ 60%] Meshing curve 480 (Line)
Info    : [ 60%] Meshing curve 481 (TrimmedCurve)
Info    : [ 60%] Meshing curve 482 (Line)
Info    : [ 60%] Meshing curve 483 (TrimmedCurve)
Info    : [ 60%] Meshing curve 484 (Line)
Info    : [ 60%] Meshing curve 485 (TrimmedCurve)
Info    : [ 60%] Meshing curve 486 (Line)
Info    : [ 60%] Meshing curve 487 (TrimmedCurve)
Info    : [ 60%] Meshing curve 488 (Line)
Info    : [ 60%] Meshing curve 489 (Line)
Info    : [ 60%] Meshing curve 490 (Line)
Info    : [ 60%] Meshing curve 491 (Line)
Info    : [ 60%] Meshing curve 492 (Line)
Info    : [ 60%] Meshing curve 493 (Line)
Info    : [ 60%] Meshing curve 494 (Line)
Info    : [ 70%] Meshing curve 495 (Line)
Info    : [ 70%] Meshing curve 496 (Line)
Info    : [ 70%] Meshing curve 497 (Line)
Info    : [ 70%] Meshing curve 498 (Line)
Info    : [ 70%] Meshing curve 499 (Line)
Info    : [ 70%] Meshing curve 500 (Line)
Info    : [ 70%] Meshing curve 501 (Line)
Info    : [ 70%] Meshing curve 502 (Line)
Info    : [ 70%] Meshing curve 503 (Line)
Info    : [ 70%] Meshing curve 504 (Line)
Info    : [ 70%] Meshing curve 505 (Line)
Info    : [ 70%] Meshing curve 506 (Line)
Info    : [ 70%] Meshing curve 507 (Line)
Info    : [ 70%] Meshing curve 508 (Line)
Info    : [ 70%] Meshing curve 509 (Line)
Info    : [ 70%] Meshing curve 510 (Line)
Info    : [ 70%] Meshing curve 511 (Line)
Info    : [ 70%] Meshing curve 512 (Line)
Info    : [ 70%] Meshing curve 513 (Line)
Info    : [ 70%] Meshing curve 514 (Line)
Info    : [ 70%] Meshing curve 515 (Line)
Info    : [ 70%] Meshing curve 516 (Line)
Info    : [ 70%] Meshing curve 517 (Line)
Info    : [ 70%] Meshing curve 518 (Line)
Info    : [ 70%] Meshing curve 519 (Line)
Info    : [ 70%] Meshing curve 520 (Line)
Info    : [ 70%] Meshing curve 521 (Line)
Info    : [ 70%] Meshing curve 522 (Line)
Info    : [ 70%] Meshing curve 523 (Line)
Info    : [ 70%] Meshing curve 524 (Line)
Info    : [ 70%] Meshing curve 525 (Line)
Info    : [ 70%] Meshing curve 526 (Line)
Info    : [ 70%] Meshing curve 527 (Line)
Info    : [ 80%] Meshing curve 528 (TrimmedCurve)
Info    : [ 80%] Meshing curve 529 (Line)
Info    : [ 80%] Meshing curve 530 (Line)
Info    : [ 80%] Meshing curve 531 (Line)
Info    : [ 80%] Meshing curve 532 (Line)
Info    : [ 80%] Meshing curve 533 (Line)
Info    : [ 80%] Meshing curve 534 (TrimmedCurve)
Info    : [ 80%] Meshing curve 535 (Line)
Info    : [ 80%] Meshing curve 536 (Line)
Info    : [ 80%] Meshing curve 537 (TrimmedCurve)
Info    : [ 80%] Meshing curve 538 (Line)
Info    : [ 80%] Meshing curve 539 (Line)
Info    : [ 80%] Meshing curve 540 (Line)
Info    : [ 80%] Meshing curve 541 (Line)
Info    : [ 80%] Meshing curve 542 (Line)
Info    : [ 80%] Meshing curve 543 (TrimmedCurve)
Info    : [ 80%] Meshing curve 544 (Line)
Info    : [ 80%] Meshing curve 545 (Line)
Info    : [ 80%] Meshing curve 546 (Line)
Info    : [ 80%] Meshing curve 547 (Line)
Info    : [ 80%] Meshing curve 548 (Line)
Info    : [ 80%] Meshing curve 549 (Line)
Info    : [ 80%] Meshing curve 550 (Line)
Info    : [ 80%] Meshing curve 551 (Line)
Info    : [ 80%] Meshing curve 552 (Line)
Info    : [ 80%] Meshing curve 553 (Line)
Info    : [ 80%] Meshing curve 554 (Line)
Info    : [ 80%] Meshing curve 555 (Line)
Info    : [ 80%] Meshing curve 556 (Line)
Info    : [ 80%] Meshing curve 557 (Line)
Info    : [ 80%] Meshing curve 558 (Line)
Info    : [ 80%] Meshing curve 559 (Line)
Info    : [ 90%] Meshing curve 560 (Line)
Info    : [ 90%] Meshing curve 561 (Line)
Info    : [ 90%] Meshing curve 562 (Line)
Info    : [ 90%] Meshing curve 563 (Line)
Info    : [ 90%] Meshing curve 564 (Line)
Info    : [ 90%] Meshing curve 565 (Line)
Info    : [ 90%] Meshing curve 566 (Line)
Info    : [ 90%] Meshing curve 567 (Line)
Info    : [ 90%] Meshing curve 568 (Line)
Info    : [ 90%] Meshing curve 569 (Line)
Info    : [ 90%] Meshing curve 570 (Line)
Info    : [ 90%] Meshing curve 571 (Line)
Info    : [ 90%] Meshing curve 572 (Line)
Info    : [ 90%] Meshing curve 573 (Line)
Info    : [ 90%] Meshing curve 574 (Line)
Info    : [ 90%] Meshing curve 575 (Line)
Info    : [ 90%] Meshing curve 576 (Line)
Info    : [ 90%] Meshing curve 577 (Line)
Info    : [ 90%] Meshing curve 578 (Line)
Info    : [ 90%] Meshing curve 579 (Line)
Info    : [ 90%] Meshing curve 580 (Line)
Info    : [ 90%] Meshing curve 581 (Line)
Info    : [ 90%] Meshing curve 582 (Line)
Info    : [ 90%] Meshing curve 583 (Line)
Info    : [ 90%] Meshing curve 584 (Line)
Info    : [ 90%] Meshing curve 585 (Line)
Info    : [ 90%] Meshing curve 586 (Line)
Info    : [ 90%] Meshing curve 587 (Line)
Info    : [ 90%] Meshing curve 588 (Line)
Info    : [ 90%] Meshing curve 589 (Line)
Info    : [ 90%] Meshing curve 590 (Line)
Info    : [ 90%] Meshing curve 591 (Line)
Info    : [ 90%] Meshing curve 592 (Line)
Info    : [100%] Meshing curve 593 (Line)
Info    : [100%] Meshing curve 594 (Line)
Info    : [100%] Meshing curve 595 (Line)
Info    : [100%] Meshing curve 596 (Line)
Info    : [100%] Meshing curve 597 (Line)
Info    : [100%] Meshing curve 598 (Line)
Info    : [100%] Meshing curve 599 (Line)
Info    : [100%] Meshing curve 600 (Line)
Info    : [100%] Meshing curve 601 (Line)
Info    : [100%] Meshing curve 602 (Line)
Info    : [100%] Meshing curve 603 (Line)
Info    : [100%] Meshing curve 604 (Line)
Info    : [100%] Meshing curve 605 (Line)
Info    : [100%] Meshing curve 606 (Line)
Info    : [100%] Meshing curve 607 (Line)
Info    : [100%] Meshing curve 608 (Line)
Info    : [100%] Meshing curve 609 (Line)
Info    : [100%] Meshing curve 610 (Line)
Info    : [100%] Meshing curve 611 (Line)
Info    : [100%] Meshing curve 612 (Line)
Info    : [100%] Meshing curve 613 (Line)
Info    : [100%] Meshing curve 614 (Line)
Info    : [100%] Meshing curve 615 (Line)
Info    : [100%] Meshing curve 616 (Line)
Info    : [100%] Meshing curve 617 (Line)
Info    : [100%] Meshing curve 618 (Line)
Info    : [100%] Meshing curve 619 (Line)
Info    : [100%] Meshing curve 620 (Line)
Info    : [100%] Meshing curve 621 (Line)
Info    : [100%] Meshing curve 622 (Line)
Info    : [100%] Meshing curve 623 (Line)
Info    : [100%] Meshing curve 624 (Line)
Info    : Done meshing 1D (Wall 1.63817s, CPU 1.63449s)
Info    : Meshing 2D...
Info    : [  0%] Meshing surface 35 (Plane, Delaunay)
Info    : [ 10%] Meshing surface 41 (Plane, Delaunay)
Info    : [ 10%] Meshing surface 43 (Plane, Delaunay)
Info    : [ 10%] Meshing surface 44 (Plane, Delaunay)
Info    : [ 10%] Meshing surface 45 (Plane, Delaunay)
Info    : [ 10%] Meshing surface 46 (Plane, Delaunay)
Info    : [ 10%] Meshing surface 47 (Plane, Delaunay)
Info    : [ 10%] Meshing surface 48 (Plane, Delaunay)
Info    : [ 10%] Meshing surface 49 (Plane, Delaunay)
Info    : [ 10%] Meshing surface 50 (Plane, Delaunay)
Info    : [ 10%] Meshing surface 51 (Plane, Delaunay)
Info    : [ 10%] Meshing surface 53 (Plane, Delaunay)
Info    : [ 10%] Meshing surface 54 (Plane, Delaunay)
Info    : [ 10%] Meshing surface 55 (Plane, Delaunay)
Info    : [ 10%] Meshing surface 56 (Plane, Delaunay)
Info    : [ 20%] Meshing surface 57 (Plane, Delaunay)
Info    : [ 20%] Meshing surface 58 (Plane, Delaunay)
Info    : [ 20%] Meshing surface 59 (Plane, Delaunay)
Info    : [ 20%] Meshing surface 60 (Plane, Delaunay)
Info    : [ 20%] Meshing surface 61 (Plane, Delaunay)
Info    : [ 20%] Meshing surface 62 (Plane, Delaunay)
Info    : [ 20%] Meshing surface 63 (Plane, Delaunay)
Info    : [ 20%] Meshing surface 64 (Plane, Delaunay)
Info    : [ 20%] Meshing surface 65 (Plane, Delaunay)
Info    : [ 20%] Meshing surface 66 (Plane, Delaunay)
Info    : [ 20%] Meshing surface 67 (Plane, Delaunay)
Info    : [ 20%] Meshing surface 68 (Plane, Delaunay)
Info    : [ 20%] Meshing surface 69 (Plane, Delaunay)
Info    : [ 20%] Meshing surface 70 (Plane, Delaunay)
Info    : [ 30%] Meshing surface 71 (Plane, Delaunay)
Info    : [ 30%] Meshing surface 72 (Plane, Delaunay)
Info    : [ 30%] Meshing surface 73 (Plane, Delaunay)
Info    : [ 30%] Meshing surface 74 (Plane, Delaunay)
Info    : [ 30%] Meshing surface 75 (Plane, Delaunay)
Info    : [ 30%] Meshing surface 76 (Plane, Delaunay)
Info    : [ 30%] Meshing surface 173 (Plane, Delaunay)
Info    : [ 30%] Meshing surface 174 (Plane, Delaunay)
Info    : [ 30%] Meshing surface 175 (Plane, Delaunay)
Info    : [ 30%] Meshing surface 177 (Plane, Delaunay)
Info    : [ 30%] Meshing surface 178 (Plane, Delaunay)
Info    : [ 30%] Meshing surface 179 (Plane, Delaunay)
Info    : [ 30%] Meshing surface 180 (Plane, Delaunay)
Info    : [ 30%] Meshing surface 181 (Plane, Delaunay)
Info    : [ 40%] Meshing surface 182 (Plane, Delaunay)
Info    : [ 40%] Meshing surface 183 (Plane, Delaunay)
Info    : [ 40%] Meshing surface 184 (Plane, Delaunay)
Info    : [ 40%] Meshing surface 185 (Plane, Delaunay)
Info    : [ 40%] Meshing surface 186 (Plane, Delaunay)
Info    : [ 40%] Meshing surface 187 (Plane, Delaunay)
Info    : [ 40%] Meshing surface 188 (Plane, Delaunay)
Info    : [ 40%] Meshing surface 189 (Plane, Delaunay)
Info    : [ 40%] Meshing surface 191 (Plane, Delaunay)
Info    : [ 40%] Meshing surface 192 (Plane, Delaunay)
Info    : [ 40%] Meshing surface 193 (Plane, Delaunay)
Info    : [ 40%] Meshing surface 194 (Plane, Delaunay)
Info    : [ 40%] Meshing surface 195 (Plane, Delaunay)
Info    : [ 40%] Meshing surface 196 (Plane, Delaunay)
Info    : [ 50%] Meshing surface 197 (Plane, Delaunay)
Info    : [ 50%] Meshing surface 198 (Plane, Delaunay)
Info    : [ 50%] Meshing surface 199 (Plane, Delaunay)
Info    : [ 50%] Meshing surface 200 (Plane, Delaunay)
Info    : [ 50%] Meshing surface 201 (Plane, Delaunay)
Info    : [ 50%] Meshing surface 202 (Plane, Delaunay)
Info    : [ 50%] Meshing surface 203 (Plane, Delaunay)
Info    : [ 50%] Meshing surface 204 (Plane, Delaunay)
Info    : [ 50%] Meshing surface 205 (Plane, Delaunay)
Info    : [ 50%] Meshing surface 206 (Plane, Delaunay)
Info    : [ 50%] Meshing surface 207 (Plane, Delaunay)
Info    : [ 50%] Meshing surface 208 (Plane, Delaunay)
Info    : [ 50%] Meshing surface 209 (Plane, Delaunay)
Info    : [ 50%] Meshing surface 210 (Plane, Delaunay)
Info    : [ 50%] Meshing surface 211 (Plane, Delaunay)
Info    : [ 60%] Meshing surface 212 (Plane, Delaunay)
Info    : [ 60%] Meshing surface 213 (Plane, Delaunay)
Info    : [ 60%] Meshing surface 214 (Plane, Delaunay)
Info    : [ 60%] Meshing surface 215 (Plane, Delaunay)
Info    : [ 60%] Meshing surface 216 (Plane, Delaunay)
Info    : [ 60%] Meshing surface 217 (Plane, Delaunay)
Info    : [ 60%] Meshing surface 218 (Plane, Delaunay)
Info    : [ 60%] Meshing surface 219 (Plane, Delaunay)
Info    : [ 60%] Meshing surface 220 (Plane, Delaunay)
Info    : [ 60%] Meshing surface 221 (Plane, Delaunay)
Info    : [ 60%] Meshing surface 222 (Plane, Delaunay)
Info    : [ 60%] Meshing surface 223 (Plane, Delaunay)
Info    : [ 60%] Meshing surface 225 (Plane, Delaunay)
Info    : [ 60%] Meshing surface 226 (Plane, Delaunay)
Info    : [ 70%] Meshing surface 227 (Plane, Delaunay)
Info    : [ 70%] Meshing surface 228 (Plane, Delaunay)
Info    : [ 70%] Meshing surface 229 (Plane, Delaunay)
Info    : [ 70%] Meshing surface 230 (Plane, Delaunay)
Info    : [ 70%] Meshing surface 231 (Plane, Delaunay)
Info    : [ 70%] Meshing surface 232 (Plane, Delaunay)
Info    : [ 70%] Meshing surface 233 (Plane, Delaunay)
Info    : [ 70%] Meshing surface 234 (Plane, Delaunay)
Info    : [ 70%] Meshing surface 235 (Plane, Delaunay)
Info    : [ 70%] Meshing surface 236 (Plane, Delaunay)
Info    : [ 70%] Meshing surface 237 (Plane, Delaunay)
Info    : [ 70%] Meshing surface 238 (Plane, Delaunay)
Info    : [ 70%] Meshing surface 239 (Plane, Delaunay)
Info    : [ 70%] Meshing surface 240 (Plane, Delaunay)
Info    : [ 80%] Meshing surface 241 (Plane, Delaunay)
Info    : [ 80%] Meshing surface 242 (Plane, Delaunay)
Info    : [ 80%] Meshing surface 243 (Plane, Delaunay)
Info    : [ 80%] Meshing surface 244 (Plane, Delaunay)
Info    : [ 80%] Meshing surface 245 (Plane, Delaunay)
Info    : [ 80%] Meshing surface 246 (Plane, Delaunay)
Info    : [ 80%] Meshing surface 247 (Plane, Delaunay)
Info    : [ 80%] Meshing surface 248 (Plane, Delaunay)
Info    : [ 80%] Meshing surface 249 (Plane, Delaunay)
Info    : [ 80%] Meshing surface 250 (Plane, Delaunay)
Info    : [ 80%] Meshing surface 251 (Plane, Delaunay)
Info    : [ 80%] Meshing surface 252 (Plane, Delaunay)
Info    : [ 80%] Meshing surface 253 (Plane, Delaunay)
Info    : [ 80%] Meshing surface 254 (Plane, Delaunay)
Info    : [ 90%] Meshing surface 255 (Plane, Delaunay)
Info    : [ 90%] Meshing surface 256 (Plane, Delaunay)
Info    : [ 90%] Meshing surface 257 (Plane, Delaunay)
Info    : [ 90%] Meshing surface 258 (Plane, Delaunay)
Info    : [ 90%] Meshing surface 259 (Plane, Delaunay)
Info    : [ 90%] Meshing surface 260 (Plane, Delaunay)
Info    : [ 90%] Meshing surface 261 (Plane, Delaunay)
Info    : [ 90%] Meshing surface 262 (Plane, Delaunay)
Info    : [ 90%] Meshing surface 263 (Plane, Delaunay)
Info    : [ 90%] Meshing surface 264 (Plane, Delaunay)
Info    : [ 90%] Meshing surface 265 (Plane, Delaunay)
Info    : [ 90%] Meshing surface 266 (Plane, Delaunay)
Info    : [ 90%] Meshing surface 267 (Plane, Delaunay)
Info    : [ 90%] Meshing surface 268 (Plane, Delaunay)
Info    : [100%] Meshing surface 269 (Plane, Delaunay)
Info    : [100%] Meshing surface 270 (Plane, Delaunay)
Info    : [100%] Meshing surface 271 (Plane, Delaunay)
Info    : [100%] Meshing surface 272 (Plane, Delaunay)
Info    : [100%] Meshing surface 273 (Plane, Delaunay)
Info    : [100%] Meshing surface 274 (Plane, Delaunay)
Info    : [100%] Meshing surface 275 (Plane, Delaunay)
Info    : [100%] Meshing surface 276 (Plane, Delaunay)
Info    : [100%] Meshing surface 277 (Plane, Delaunay)
Info    : [100%] Meshing surface 278 (Plane, Delaunay)
Info    : [100%] Meshing surface 279 (Plane, Delaunay)
Info    : [100%] Meshing surface 280 (Plane, Delaunay)
Info    : [100%] Meshing surface 281 (Plane, Delaunay)
Info    : [100%] Meshing surface 282 (Plane, Delaunay)
Info    : Done meshing 2D (Wall 0.516046s, CPU 0.512169s)
Info    : Meshing 3D...
Info    : 3D Meshing 16 volumes with 1 connected component
Info    : Tetrahedrizing 4779 nodes...
Info    : Done tetrahedrizing 4787 nodes (Wall 0.049226s, CPU 0.049218s)
Info    : Reconstructing mesh...
Info    :  - Creating surface mesh
Info    :  - Identifying boundary edges
Info    :  - Recovering boundary
Info    :  - Added 28 Steiner points
Info    : Done reconstructing mesh (Wall 0.176249s, CPU 0.176223s)
Info    : Found volume 27
Info    : Found volume 23
Info    : Found volume 28
Info    : Found volume 26
Info    : Found volume 12
Info    : Found volume 9
Info    : Found volume 30
Info    : Found volume 29
Info    : Found volume 31
Info    : Found volume 7
Info    : Found volume 6
Info    : Found volume 8
Info    : Found volume 25
Info    : Found volume 24
Info    : Found volume 11
Info    : Found volume 10
Info    : It. 0 - 0 nodes created - worst tet radius 10.1112 (nodes removed 0 0)
Info    : It. 500 - 127 nodes created - worst tet radius 1.33962 (nodes removed 0 373)
Info    : It. 1000 - 264 nodes created - worst tet radius 1.08145 (nodes removed 1 735)
Info    : 3D refinement terminated (5223 nodes total):
Info    :  - 0 Delaunay cavities modified for star shapeness
Info    :  - 952 nodes could not be inserted
Info    :  - 30954 tetrahedra created in 0.0906277 sec. (341551 tets/s)
Info    : 319 node relocations
Info    : Done meshing 3D (Wall 0.542185s, CPU 0.542114s)
Info    : Optimizing mesh...
Info    : Optimizing volume 6
Info    : Optimization starts (volume = 234) with worst = 0.209192 / average = 0.60001:
Info    : 0.00 < quality < 0.10 :         0 elements
Info    : 0.10 < quality < 0.20 :         0 elements
Info    : 0.20 < quality < 0.30 :        35 elements
Info    : 0.30 < quality < 0.40 :         7 elements
Info    : 0.40 < quality < 0.50 :         3 elements
Info    : 0.50 < quality < 0.60 :         6 elements
Info    : 0.60 < quality < 0.70 :        60 elements
Info    : 0.70 < quality < 0.80 :        46 elements
Info    : 0.80 < quality < 0.90 :        10 elements
Info    : 0.90 < quality < 1.00 :         1 elements
Info    : No ill-shaped tets in the mesh :-)
Info    : 0.00 < quality < 0.10 :         0 elements
Info    : 0.10 < quality < 0.20 :         0 elements
Info    : 0.20 < quality < 0.30 :        35 elements
Info    : 0.30 < quality < 0.40 :         7 elements
Info    : 0.40 < quality < 0.50 :         3 elements
Info    : 0.50 < quality < 0.60 :         6 elements
Info    : 0.60 < quality < 0.70 :        60 elements
Info    : 0.70 < quality < 0.80 :        46 elements
Info    : 0.80 < quality < 0.90 :        10 elements
Info    : 0.90 < quality < 1.00 :         1 elements
Info    : Optimizing volume 7
Info    : Optimization starts (volume = 234) with worst = 0.209192 / average = 0.599865:
Info    : 0.00 < quality < 0.10 :         0 elements
Info    : 0.10 < quality < 0.20 :         0 elements
Info    : 0.20 < quality < 0.30 :        35 elements
Info    : 0.30 < quality < 0.40 :         7 elements
Info    : 0.40 < quality < 0.50 :         3 elements
Info    : 0.50 < quality < 0.60 :         6 elements
Info    : 0.60 < quality < 0.70 :        60 elements
Info    : 0.70 < quality < 0.80 :        46 elements
Info    : 0.80 < quality < 0.90 :        10 elements
Info    : 0.90 < quality < 1.00 :         1 elements
Info    : No ill-shaped tets in the mesh :-)
Info    : 0.00 < quality < 0.10 :         0 elements
Info    : 0.10 < quality < 0.20 :         0 elements
Info    : 0.20 < quality < 0.30 :        35 elements
Info    : 0.30 < quality < 0.40 :         7 elements
Info    : 0.40 < quality < 0.50 :         3 elements
Info    : 0.50 < quality < 0.60 :         6 elements
Info    : 0.60 < quality < 0.70 :        60 elements
Info    : 0.70 < quality < 0.80 :        46 elements
Info    : 0.80 < quality < 0.90 :        10 elements
Info    : 0.90 < quality < 1.00 :         1 elements
Info    : Optimizing volume 8
Info    : Optimization starts (volume = 109.224) with worst = 0.219132 / average = 0.608138:
Info    : 0.00 < quality < 0.10 :         0 elements
Info    : 0.10 < quality < 0.20 :         0 elements
Info    : 0.20 < quality < 0.30 :         6 elements
Info    : 0.30 < quality < 0.40 :        10 elements
Info    : 0.40 < quality < 0.50 :        24 elements
Info    : 0.50 < quality < 0.60 :        14 elements
Info    : 0.60 < quality < 0.70 :        18 elements
Info    : 0.70 < quality < 0.80 :        18 elements
Info    : 0.80 < quality < 0.90 :        20 elements
Info    : 0.90 < quality < 1.00 :         4 elements
Info    : No ill-shaped tets in the mesh :-)
Info    : 0.00 < quality < 0.10 :         0 elements
Info    : 0.10 < quality < 0.20 :         0 elements
Info    : 0.20 < quality < 0.30 :         6 elements
Info    : 0.30 < quality < 0.40 :        10 elements
Info    : 0.40 < quality < 0.50 :        24 elements
Info    : 0.50 < quality < 0.60 :        14 elements
Info    : 0.60 < quality < 0.70 :        18 elements
Info    : 0.70 < quality < 0.80 :        18 elements
Info    : 0.80 < quality < 0.90 :        20 elements
Info    : 0.90 < quality < 1.00 :         4 elements
Info    : Optimizing volume 9
Info    : Optimization starts (volume = 2.268) with worst = 0.0280207 / average = 0.26468:
Info    : 0.00 < quality < 0.10 :         6 elements
Info    : 0.10 < quality < 0.20 :         0 elements
Info    : 0.20 < quality < 0.30 :         2 elements
Info    : 0.30 < quality < 0.40 :         7 elements
Info    : 0.40 < quality < 0.50 :         0 elements
Info    : 0.50 < quality < 0.60 :         0 elements
Info    : 0.60 < quality < 0.70 :         2 elements
Info    : 0.70 < quality < 0.80 :         0 elements
Info    : 0.80 < quality < 0.90 :         0 elements
Info    : 0.90 < quality < 1.00 :         0 elements
Info    : 4 edge swaps, 0 node relocations (volume = 2.268): worst = 0.0280207 / average = 0.310559 (Wall 7.1334e-05s, CPU 7.2e-05s)
Info    : No ill-shaped tets in the mesh :-)
Info    : 0.00 < quality < 0.10 :         4 elements
Info    : 0.10 < quality < 0.20 :         1 elements
Info    : 0.20 < quality < 0.30 :         4 elements
Info    : 0.30 < quality < 0.40 :         3 elements
Info    : 0.40 < quality < 0.50 :         1 elements
Info    : 0.50 < quality < 0.60 :         2 elements
Info    : 0.60 < quality < 0.70 :         2 elements
Info    : 0.70 < quality < 0.80 :         0 elements
Info    : 0.80 < quality < 0.90 :         0 elements
Info    : 0.90 < quality < 1.00 :         0 elements
Info    : Optimizing volume 10
Info    : Optimization starts (volume = 2.268) with worst = 0.266475 / average = 0.325093:
Info    : 0.00 < quality < 0.10 :         0 elements
Info    : 0.10 < quality < 0.20 :         0 elements
Info    : 0.20 < quality < 0.30 :         4 elements
Info    : 0.30 < quality < 0.40 :         8 elements
Info    : 0.40 < quality < 0.50 :         0 elements
Info    : 0.50 < quality < 0.60 :         0 elements
Info    : 0.60 < quality < 0.70 :         0 elements
Info    : 0.70 < quality < 0.80 :         0 elements
Info    : 0.80 < quality < 0.90 :         0 elements
Info    : 0.90 < quality < 1.00 :         0 elements
Info    : No ill-shaped tets in the mesh :-)
Info    : 0.00 < quality < 0.10 :         0 elements
Info    : 0.10 < quality < 0.20 :         0 elements
Info    : 0.20 < quality < 0.30 :         4 elements
Info    : 0.30 < quality < 0.40 :         8 elements
Info    : 0.40 < quality < 0.50 :         0 elements
Info    : 0.50 < quality < 0.60 :         0 elements
Info    : 0.60 < quality < 0.70 :         0 elements
Info    : 0.70 < quality < 0.80 :         0 elements
Info    : 0.80 < quality < 0.90 :         0 elements
Info    : 0.90 < quality < 1.00 :         0 elements
Info    : Optimizing volume 11
Info    : Optimization starts (volume = 2.268) with worst = 0.266475 / average = 0.325093:
Info    : 0.00 < quality < 0.10 :         0 elements
Info    : 0.10 < quality < 0.20 :         0 elements
Info    : 0.20 < quality < 0.30 :         4 elements
Info    : 0.30 < quality < 0.40 :         8 elements
Info    : 0.40 < quality < 0.50 :         0 elements
Info    : 0.50 < quality < 0.60 :         0 elements
Info    : 0.60 < quality < 0.70 :         0 elements
Info    : 0.70 < quality < 0.80 :         0 elements
Info    : 0.80 < quality < 0.90 :         0 elements
Info    : 0.90 < quality < 1.00 :         0 elements
Info    : No ill-shaped tets in the mesh :-)
Info    : 0.00 < quality < 0.10 :         0 elements
Info    : 0.10 < quality < 0.20 :         0 elements
Info    : 0.20 < quality < 0.30 :         4 elements
Info    : 0.30 < quality < 0.40 :         8 elements
Info    : 0.40 < quality < 0.50 :         0 elements
Info    : 0.50 < quality < 0.60 :         0 elements
Info    : 0.60 < quality < 0.70 :         0 elements
Info    : 0.70 < quality < 0.80 :         0 elements
Info    : 0.80 < quality < 0.90 :         0 elements
Info    : 0.90 < quality < 1.00 :         0 elements
Info    : Optimizing volume 12
Info    : Optimization starts (volume = 2.268) with worst = 0.0280207 / average = 0.26468:
Info    : 0.00 < quality < 0.10 :         6 elements
Info    : 0.10 < quality < 0.20 :         0 elements
Info    : 0.20 < quality < 0.30 :         2 elements
Info    : 0.30 < quality < 0.40 :         7 elements
Info    : 0.40 < quality < 0.50 :         0 elements
Info    : 0.50 < quality < 0.60 :         0 elements
Info    : 0.60 < quality < 0.70 :         2 elements
Info    : 0.70 < quality < 0.80 :         0 elements
Info    : 0.80 < quality < 0.90 :         0 elements
Info    : 0.90 < quality < 1.00 :         0 elements
Info    : 3 edge swaps, 0 node relocations (volume = 2.268): worst = 0.0280207 / average = 0.310559 (Wall 5.974e-05s, CPU 6e-05s)
Info    : No ill-shaped tets in the mesh :-)
Info    : 0.00 < quality < 0.10 :         4 elements
Info    : 0.10 < quality < 0.20 :         1 elements
Info    : 0.20 < quality < 0.30 :         4 elements
Info    : 0.30 < quality < 0.40 :         3 elements
Info    : 0.40 < quality < 0.50 :         1 elements
Info    : 0.50 < quality < 0.60 :         2 elements
Info    : 0.60 < quality < 0.70 :         2 elements
Info    : 0.70 < quality < 0.80 :         0 elements
Info    : 0.80 < quality < 0.90 :         0 elements
Info    : 0.90 < quality < 1.00 :         0 elements
Info    : Optimizing volume 23
Info    : Optimization starts (volume = 6011.51) with worst = 0.00203296 / average = 0.14906:
Info    : 0.00 < quality < 0.10 :       139 elements
Info    : 0.10 < quality < 0.20 :      2502 elements
Info    : 0.20 < quality < 0.30 :        89 elements
Info    : 0.30 < quality < 0.40 :         4 elements
Info    : 0.40 < quality < 0.50 :         0 elements
Info    : 0.50 < quality < 0.60 :         0 elements
Info    : 0.60 < quality < 0.70 :         0 elements
Info    : 0.70 < quality < 0.80 :         0 elements
Info    : 0.80 < quality < 0.90 :         0 elements
Info    : 0.90 < quality < 1.00 :         0 elements
Info    : 182 edge swaps, 20 node relocations (volume = 6011.51): worst = 0.00416417 / average = 0.149357 (Wall 0.0192675s, CPU 0.019264s)
Info    : 183 edge swaps, 35 node relocations (volume = 6011.51): worst = 0.00416417 / average = 0.149357 (Wall 0.0416729s, CPU 0.041665s)
Info    : No ill-shaped tets in the mesh :-)
Info    : 0.00 < quality < 0.10 :       129 elements
Info    : 0.10 < quality < 0.20 :      2499 elements
Info    : 0.20 < quality < 0.30 :        85 elements
Info    : 0.30 < quality < 0.40 :         4 elements
Info    : 0.40 < quality < 0.50 :         0 elements
Info    : 0.50 < quality < 0.60 :         0 elements
Info    : 0.60 < quality < 0.70 :         0 elements
Info    : 0.70 < quality < 0.80 :         0 elements
Info    : 0.80 < quality < 0.90 :         0 elements
Info    : 0.90 < quality < 1.00 :         0 elements
Info    : Optimizing volume 24
Info    : Optimization starts (volume = 4533.12) with worst = 0.0349725 / average = 0.690629:
Info    : 0.00 < quality < 0.10 :         2 elements
Info    : 0.10 < quality < 0.20 :        16 elements
Info    : 0.20 < quality < 0.30 :         7 elements
Info    : 0.30 < quality < 0.40 :        29 elements
Info    : 0.40 < quality < 0.50 :       117 elements
Info    : 0.50 < quality < 0.60 :       318 elements
Info    : 0.60 < quality < 0.70 :       278 elements
Info    : 0.70 < quality < 0.80 :       233 elements
Info    : 0.80 < quality < 0.90 :       347 elements
Info    : 0.90 < quality < 1.00 :       162 elements
Info    : 19 edge swaps, 0 node relocations (volume = 4533.12): worst = 0.268125 / average = 0.693773 (Wall 0.000958101s, CPU 0.000959s)
Info    : 21 edge swaps, 0 node relocations (volume = 4533.12): worst = 0.268125 / average = 0.693749 (Wall 0.00140919s, CPU 0.001412s)
Info    : No ill-shaped tets in the mesh :-)
Info    : 0.00 < quality < 0.10 :         0 elements
Info    : 0.10 < quality < 0.20 :         0 elements
Info    : 0.20 < quality < 0.30 :         4 elements
Info    : 0.30 < quality < 0.40 :        28 elements
Info    : 0.40 < quality < 0.50 :       112 elements
Info    : 0.50 < quality < 0.60 :       353 elements
Info    : 0.60 < quality < 0.70 :       269 elements
Info    : 0.70 < quality < 0.80 :       230 elements
Info    : 0.80 < quality < 0.90 :       339 elements
Info    : 0.90 < quality < 1.00 :       162 elements
Info    : Optimizing volume 25
Info    : Optimization starts (volume = 1346.11) with worst = 0.0349725 / average = 0.738244:
Info    : 0.00 < quality < 0.10 :         2 elements
Info    : 0.10 < quality < 0.20 :         1 elements
Info    : 0.20 < quality < 0.30 :         8 elements
Info    : 0.30 < quality < 0.40 :        13 elements
Info    : 0.40 < quality < 0.50 :        14 elements
Info    : 0.50 < quality < 0.60 :        28 elements
Info    : 0.60 < quality < 0.70 :       112 elements
Info    : 0.70 < quality < 0.80 :        61 elements
Info    : 0.80 < quality < 0.90 :       131 elements
Info    : 0.90 < quality < 1.00 :        85 elements
Info    : 4 edge swaps, 0 node relocations (volume = 1346.11): worst = 0.265311 / average = 0.742595 (Wall 0.000348713s, CPU 0.00035s)
Info    : 6 edge swaps, 0 node relocations (volume = 1346.11): worst = 0.265311 / average = 0.742431 (Wall 0.000469372s, CPU 0.000475s)
Info    : No ill-shaped tets in the mesh :-)
Info    : 0.00 < quality < 0.10 :         0 elements
Info    : 0.10 < quality < 0.20 :         0 elements
Info    : 0.20 < quality < 0.30 :         4 elements
Info    : 0.30 < quality < 0.40 :        12 elements
Info    : 0.40 < quality < 0.50 :        14 elements
Info    : 0.50 < quality < 0.60 :        31 elements
Info    : 0.60 < quality < 0.70 :       112 elements
Info    : 0.70 < quality < 0.80 :        59 elements
Info    : 0.80 < quality < 0.90 :       131 elements
Info    : 0.90 < quality < 1.00 :        85 elements
Info    : Optimizing volume 26
Info    : Optimization starts (volume = 2.42542e+07) with worst = 0.0332427 / average = 0.628446:
Info    : 0.00 < quality < 0.10 :         7 elements
Info    : 0.10 < quality < 0.20 :        19 elements
Info    : 0.20 < quality < 0.30 :        44 elements
Info    : 0.30 < quality < 0.40 :        84 elements
Info    : 0.40 < quality < 0.50 :       293 elements
Info    : 0.50 < quality < 0.60 :       468 elements
Info    : 0.60 < quality < 0.70 :       432 elements
Info    : 0.70 < quality < 0.80 :       348 elements
Info    : 0.80 < quality < 0.90 :       258 elements
Info    : 0.90 < quality < 1.00 :       107 elements
Info    : 64 edge swaps, 1 node relocations (volume = 2.42542e+07): worst = 0.260113 / average = 0.643292 (Wall 0.00174566s, CPU 0.001746s)
Info    : 65 edge swaps, 1 node relocations (volume = 2.42542e+07): worst = 0.298226 / average = 0.643534 (Wall 0.00192681s, CPU 0.001932s)
Info    : No ill-shaped tets in the mesh :-)
Info    : 0.00 < quality < 0.10 :         0 elements
Info    : 0.10 < quality < 0.20 :         0 elements
Info    : 0.20 < quality < 0.30 :         1 elements
Info    : 0.30 < quality < 0.40 :        91 elements
Info    : 0.40 < quality < 0.50 :       285 elements
Info    : 0.50 < quality < 0.60 :       462 elements
Info    : 0.60 < quality < 0.70 :       449 elements
Info    : 0.70 < quality < 0.80 :       350 elements
Info    : 0.80 < quality < 0.90 :       258 elements
Info    : 0.90 < quality < 1.00 :       108 elements
Info    : Optimizing volume 27
Info    : Optimization starts (volume = 48508.4) with worst = 0.000299652 / average = 0.0620407:
Info    : 0.00 < quality < 0.10 :      2036 elements
Info    : 0.10 < quality < 0.20 :       557 elements
Info    : 0.20 < quality < 0.30 :         0 elements
Info    : 0.30 < quality < 0.40 :         0 elements
Info    : 0.40 < quality < 0.50 :         0 elements
Info    : 0.50 < quality < 0.60 :         0 elements
Info    : 0.60 < quality < 0.70 :         0 elements
Info    : 0.70 < quality < 0.80 :         0 elements
Info    : 0.80 < quality < 0.90 :         0 elements
Info    : 0.90 < quality < 1.00 :         0 elements
Info    : 398 edge swaps, 0 node relocations (volume = 48508.4): worst = 0.000680897 / average = 0.0649337 (Wall 0.0163791s, CPU 0.016378s)
Info    : 414 edge swaps, 0 node relocations (volume = 48508.4): worst = 0.000680897 / average = 0.0650673 (Wall 0.0324814s, CPU 0.032477s)
Warning : 1 ill-shaped tets are still in the mesh
Info    : 0.00 < quality < 0.10 :      1777 elements
Info    : 0.10 < quality < 0.20 :       542 elements
Info    : 0.20 < quality < 0.30 :         0 elements
Info    : 0.30 < quality < 0.40 :         0 elements
Info    : 0.40 < quality < 0.50 :         0 elements
Info    : 0.50 < quality < 0.60 :         0 elements
Info    : 0.60 < quality < 0.70 :         0 elements
Info    : 0.70 < quality < 0.80 :         0 elements
Info    : 0.80 < quality < 0.90 :         0 elements
Info    : 0.90 < quality < 1.00 :         0 elements
Info    : Optimizing volume 28
Info    : Optimization starts (volume = 1.89515e+06) with worst = 0.00032907 / average = 0.450879:
Info    : 0.00 < quality < 0.10 :       492 elements
Info    : 0.10 < quality < 0.20 :      2282 elements
Info    : 0.20 < quality < 0.30 :      1582 elements
Info    : 0.30 < quality < 0.40 :      1535 elements
Info    : 0.40 < quality < 0.50 :      2021 elements
Info    : 0.50 < quality < 0.60 :      1839 elements
Info    : 0.60 < quality < 0.70 :      1301 elements
Info    : 0.70 < quality < 0.80 :      1074 elements
Info    : 0.80 < quality < 0.90 :       947 elements
Info    : 0.90 < quality < 1.00 :       445 elements
Info    : 794 edge swaps, 53 node relocations (volume = 1.89515e+06): worst = 0.0205931 / average = 0.464472 (Wall 0.0390535s, CPU 0.03905s)
Info    : 890 edge swaps, 66 node relocations (volume = 1.89515e+06): worst = 0.0205931 / average = 0.464546 (Wall 0.0737193s, CPU 0.073696s)
Info    : No ill-shaped tets in the mesh :-)
Info    : 0.00 < quality < 0.10 :       257 elements
Info    : 0.10 < quality < 0.20 :      2001 elements
Info    : 0.20 < quality < 0.30 :      1379 elements
Info    : 0.30 < quality < 0.40 :      1577 elements
Info    : 0.40 < quality < 0.50 :      1929 elements
Info    : 0.50 < quality < 0.60 :      1899 elements
Info    : 0.60 < quality < 0.70 :      1313 elements
Info    : 0.70 < quality < 0.80 :      1123 elements
Info    : 0.80 < quality < 0.90 :       887 elements
Info    : 0.90 < quality < 1.00 :       411 elements
Info    : Optimizing volume 29
Info    : Optimization starts (volume = 454767) with worst = 0.0381423 / average = 0.509897:
Info    : 0.00 < quality < 0.10 :        26 elements
Info    : 0.10 < quality < 0.20 :       207 elements
Info    : 0.20 < quality < 0.30 :       421 elements
Info    : 0.30 < quality < 0.40 :       492 elements
Info    : 0.40 < quality < 0.50 :       545 elements
Info    : 0.50 < quality < 0.60 :       654 elements
Info    : 0.60 < quality < 0.70 :       775 elements
Info    : 0.70 < quality < 0.80 :       506 elements
Info    : 0.80 < quality < 0.90 :       147 elements
Info    : 0.90 < quality < 1.00 :         2 elements
Info    : 163 edge swaps, 0 node relocations (volume = 454767): worst = 0.0537244 / average = 0.518159 (Wall 0.00444576s, CPU 0.004445s)
Info    : 167 edge swaps, 0 node relocations (volume = 454767): worst = 0.0537244 / average = 0.5182 (Wall 0.00796629s, CPU 0.007966s)
Info    : No ill-shaped tets in the mesh :-)
Info    : 0.00 < quality < 0.10 :         8 elements
Info    : 0.10 < quality < 0.20 :       157 elements
Info    : 0.20 < quality < 0.30 :       378 elements
Info    : 0.30 < quality < 0.40 :       538 elements
Info    : 0.40 < quality < 0.50 :       513 elements
Info    : 0.50 < quality < 0.60 :       628 elements
Info    : 0.60 < quality < 0.70 :       775 elements
Info    : 0.70 < quality < 0.80 :       513 elements
Info    : 0.80 < quality < 0.90 :       148 elements
Info    : 0.90 < quality < 1.00 :         2 elements
Info    : Optimizing volume 30
Info    : Optimization starts (volume = 2.18288e+07) with worst = 0.024058 / average = 0.602008:
Info    : 0.00 < quality < 0.10 :         6 elements
Info    : 0.10 < quality < 0.20 :        24 elements
Info    : 0.20 < quality < 0.30 :        67 elements
Info    : 0.30 < quality < 0.40 :       157 elements
Info    : 0.40 < quality < 0.50 :       407 elements
Info    : 0.50 < quality < 0.60 :       603 elements
Info    : 0.60 < quality < 0.70 :       469 elements
Info    : 0.70 < quality < 0.80 :       387 elements
Info    : 0.80 < quality < 0.90 :       243 elements
Info    : 0.90 < quality < 1.00 :        86 elements
Info    : 83 edge swaps, 2 node relocations (volume = 2.18288e+07): worst = 0.272347 / average = 0.616426 (Wall 0.00134536s, CPU 0.001341s)
Info    : 84 edge swaps, 2 node relocations (volume = 2.18288e+07): worst = 0.272347 / average = 0.616585 (Wall 0.00209128s, CPU 0.002092s)
Info    : No ill-shaped tets in the mesh :-)
Info    : 0.00 < quality < 0.10 :         0 elements
Info    : 0.10 < quality < 0.20 :         0 elements
Info    : 0.20 < quality < 0.30 :         8 elements
Info    : 0.30 < quality < 0.40 :       162 elements
Info    : 0.40 < quality < 0.50 :       412 elements
Info    : 0.50 < quality < 0.60 :       602 elements
Info    : 0.60 < quality < 0.70 :       473 elements
Info    : 0.70 < quality < 0.80 :       394 elements
Info    : 0.80 < quality < 0.90 :       241 elements
Info    : 0.90 < quality < 1.00 :        90 elements
Info    : Optimizing volume 31
Info    : Optimization starts (volume = 5.19416e+07) with worst = 0.00750604 / average = 0.576375:
Info    : 0.00 < quality < 0.10 :       121 elements
Info    : 0.10 < quality < 0.20 :        30 elements
Info    : 0.20 < quality < 0.30 :        43 elements
Info    : 0.30 < quality < 0.40 :        86 elements
Info    : 0.40 < quality < 0.50 :       144 elements
Info    : 0.50 < quality < 0.60 :       147 elements
Info    : 0.60 < quality < 0.70 :       301 elements
Info    : 0.70 < quality < 0.80 :       248 elements
Info    : 0.80 < quality < 0.90 :       146 elements
Info    : 0.90 < quality < 1.00 :        87 elements
Info    : 29 edge swaps, 0 node relocations (volume = 5.19416e+07): worst = 0.00750604 / average = 0.586146 (Wall 0.00218118s, CPU 0.002182s)
Info    : No ill-shaped tets in the mesh :-)
Info    : 0.00 < quality < 0.10 :       116 elements
Info    : 0.10 < quality < 0.20 :        20 elements
Info    : 0.20 < quality < 0.30 :        27 elements
Info    : 0.30 < quality < 0.40 :        84 elements
Info    : 0.40 < quality < 0.50 :       143 elements
Info    : 0.50 < quality < 0.60 :       150 elements
Info    : 0.60 < quality < 0.70 :       303 elements
Info    : 0.70 < quality < 0.80 :       249 elements
Info    : 0.80 < quality < 0.90 :       140 elements
Info    : 0.90 < quality < 1.00 :        92 elements
Info    : Done optimizing mesh (Wall 0.217878s, CPU 0.217836s)
Info    : 5223 nodes 41540 elements
Warning : ------------------------------
Warning : Mesh generation error summary
Warning :     1 warning
Warning :     0 errors
Warning : Check the full log for details
Warning : ------------------------------
Info    : Writing '/foss/designs/inductor_synth/palace_model/inductor2_N2_do109.11_w8_s3_data/inductor2_N2_do109.11_w8_s3.msh'...
Info    : Done writing '/foss/designs/inductor_synth/palace_model/inductor2_N2_do109.11_w8_s3_data/inductor2_N2_do109.11_w8_s3.msh'
Info    : Clearing all models and views...
Info    : Done clearing all models and views
>> /usr/bin/mpirun -n 1 /foss/tools/bin/palace-x86_64.bin config.json

_____________     _______
_____   __   \____ __   /____ ____________
____   /_/  /  __ ` /  /  __ ` /  ___/  _ \
___   _____/  /_/  /  /  /_/  /  /__/  ___/
  /__/     \___,__/__/\___,__/\_____\_____/

Git changeset ID: v0.17.0-227-gc531cf3e
Running with 1 MPI process
Device configuration: cpu
Memory configuration: host-std
libCEED backend: /cpu/self/xsmm/blocked

Added 4692 boundary elements for material interfaces to the mesh

Characteristic length and time scales:
 Lc = 4.999e-04 m, tc = 1.667e-03 ns
Finished partitioning mesh into 1 subdomain

Mesh curvature order: 1
Mesh bounding box:
 (Xmin, Ymin, Zmin) = (-2.244e-04, -2.244e-04, -5.000e-05) m
 (Xmax, Ymax, Zmax) = (+2.244e-04, +2.244e-04, +4.499e-04) m

Parallel Mesh Stats:

                minimum     average     maximum       total
 vertices          5169        5169        5169        5169
 edges            32322       32322       32322       32322
 faces            51852       51852       51852       51852
 elements         24693       24693       24693       24693
 neighbors            0           0           0

            minimum     maximum
 h      0.000934904    0.224018
 kappa      1.07143     4392.25

Estimated current per-rank memory usage is: Min. 48.8M, Max. 48.8M, Avg. 48.8M, Total 48.8M
Estimated current per-node memory usage is: Min. 48.8M, Max. 48.8M, Avg. 48.8M, Total 48.8M

Configuring Robin absorbing BC (order 2) at attributes:
 22

Configuring Robin finite conductivity BC at attributes:
 2: σ = 2.164e+07 S/m, h = 4.200e-07 m, n = (+0.0,+0.0,+1.0)
 3: σ = 2.164e+07 S/m, h = 4.200e-07 m, n = (+0.7,+0.7,+0.0)
 4: σ = 2.780e+07 S/m, h = 2.000e-06 m, n = (+0.0,+0.0,-1.0)
 5: σ = 2.780e+07 S/m, h = 2.000e-06 m, n = (+1.0,-0.1,+0.0)
 6: σ = 2.780e+07 S/m, h = 2.000e-06 m, n = (+0.0,+0.0,-1.0)
 7: σ = 2.780e+07 S/m, h = 2.000e-06 m, n = (+1.0,-0.1,+0.0)
 8: σ = 2.780e+07 S/m, h = 2.000e-06 m, n = (+0.0,+0.0,+1.0)
 9: σ = 2.780e+07 S/m, h = 2.000e-06 m, n = (+0.5,+0.9,-0.0)
 10: σ = 3.030e+07 S/m, h = 3.000e-06 m, n = (+0.0,+0.0,+1.0)
 11: σ = 3.030e+07 S/m, h = 3.000e-06 m, n = (-0.9,+0.4,+0.0)
 12: σ = 3.030e+07 S/m, h = 3.000e-06 m, n = (-0.0,+0.0,+1.0)
 13: σ = 3.030e+07 S/m, h = 3.000e-06 m, n = (+0.9,-0.3,+0.0)

Configuring Robin impedance BC for lumped ports at attributes:
 20: Rs = 3.018e+01 Ω/sq, n = (+0.0,+1.0,+0.0)
 21: Rs = 3.018e+01 Ω/sq, n = (+0.0,+1.0,+0.0)

Configuring lumped port circuit properties:
 Index = 1: R = 5.000e+01 Ω
 Index = 2: R = 5.000e+01 Ω

Configuring lumped port excitation source term at attributes:
 20: Index = 1
 21: Index = 2

[38;2;255;255;000m--> Warning![0m
Adaptive frequency sweep requires > 2 total frequency samples!
Reverting to uniform sweep!


Computing frequency response for:
Excitation 1/2 with index 1 has contributions from:
 Lumped port  1
Excitation 2/2 with index 2 has contributions from:
 Lumped port  2

Assembling system matrices, number of global unknowns:
 H1 (p = 2): 37491, ND (p = 2): 168348, RT (p = 2): 229635
 Operator assembly level: Partial
 Mesh geometries:
  Tetrahedron: P = 20, Q = 14 (quadrature order = 4)
 SuperLUSolver: Using 2D processor grid 1 x 1

Sweeping excitation index 1 (1/2):

Assembling multigrid hierarchy:
 Level 0 (p = 1): 32322 unknowns
 Level 1 (p = 2): 168348 unknowns
 Level 0 (auxiliary) (p = 1): 5169 unknowns
 Level 1 (auxiliary) (p = 2): 37491 unknowns

It 1/2: ω/2π = 1.000e-01 GHz (total elapsed time = 1.10e+01 s, solve 1/4)

  Residual norms for GMRES solve

** Memory Usage **********************************
** Total highmark (MB):
    Sum-of-all :   176.26 | Avg :   176.26  | Max :   176.26
    Max at rank 0, different stages (MB):
	. symbfact           15.77
	. distribution      176.26
	. numfact           129.71
** NUMfact space (MB): (sum-of-all-processes)
    L\U :           82.20 |  Total :   129.71
	. max at rank 0, max L+U memory (MB):    82.20
	. max at rank 0, peak buffer (MB):       47.51
**************************************************

** number of Tiny Pivots:        0

  0 (restart 0) KSP residual norm 2.614206e+01
  1 (restart 0) KSP residual norm 2.482255e+00
  2 (restart 0) KSP residual norm 9.357306e-01
  3 (restart 0) KSP residual norm 5.525542e-01
  4 (restart 0) KSP residual norm 4.169741e-01
  5 (restart 0) KSP residual norm 2.701214e-01
  6 (restart 0) KSP residual norm 1.926131e-01
  7 (restart 0) KSP residual norm 1.466486e-01
  8 (restart 0) KSP residual norm 8.685112e-02
  9 (restart 0) KSP residual norm 7.274558e-02
 10 (restart 0) KSP residual norm 5.172835e-02
 11 (restart 0) KSP residual norm 4.238748e-02
 12 (restart 0) KSP residual norm 3.205886e-02
 13 (restart 0) KSP residual norm 2.647808e-02
 14 (restart 0) KSP residual norm 1.918655e-02
 15 (restart 0) KSP residual norm 1.612921e-02
 16 (restart 0) KSP residual norm 1.264063e-02
 17 (restart 0) KSP residual norm 1.039206e-02
 18 (restart 0) KSP residual norm 7.764818e-03
 19 (restart 0) KSP residual norm 6.380180e-03
 20 (restart 0) KSP residual norm 4.974962e-03
 21 (restart 0) KSP residual norm 4.138588e-03
 22 (restart 0) KSP residual norm 3.185077e-03
 23 (restart 0) KSP residual norm 2.573623e-03
 24 (restart 0) KSP residual norm 1.998345e-03
 25 (restart 0) KSP residual norm 1.612891e-03
 26 (restart 0) KSP residual norm 1.292306e-03
 27 (restart 0) KSP residual norm 1.045209e-03
 28 (restart 0) KSP residual norm 8.364885e-04
 29 (restart 0) KSP residual norm 6.712767e-04
 30 (restart 0) KSP residual norm 5.187537e-04
 31 (restart 0) KSP residual norm 4.167256e-04
 32 (restart 0) KSP residual norm 3.381299e-04
 33 (restart 0) KSP residual norm 2.770299e-04
 34 (restart 0) KSP residual norm 2.216358e-04
 35 (restart 0) KSP residual norm 1.824195e-04
 36 (restart 0) KSP residual norm 1.485786e-04
 37 (restart 0) KSP residual norm 1.208223e-04
 38 (restart 0) KSP residual norm 9.791521e-05
 39 (restart 0) KSP residual norm 8.021684e-05
 40 (restart 0) KSP residual norm 6.520953e-05
 41 (restart 0) KSP residual norm 5.373166e-05
 42 (restart 0) KSP residual norm 4.421860e-05
 43 (restart 0) KSP residual norm 3.680519e-05
 44 (restart 0) KSP residual norm 3.076148e-05
 45 (restart 0) KSP residual norm 2.614283e-05
 46 (restart 0) KSP residual norm 2.230859e-05
GMRES solver converged in 46 iterations (avg. reduction factor: 7.380e-01)
 Sol. ||E|| = 2.687456e+01 (||RHS|| = 2.768948e-03)
 Field energy E (9.092e-13 J) + H (6.856e-12 J) = 7.765e-12 J
 S[1][1] = +5.765e-02+3.952e-03i, |S[1][1]| = -2.476e+01, arg(S[1][1]) = +3.921e+00
 S[2][1] = +9.423e-01-5.080e-03i, |S[2][1]| = -5.159e-01, arg(S[2][1]) = -3.089e-01
 Updating solution error estimates

It 2/2: ω/2π = 2.000e+01 GHz (total elapsed time = 1.20e+02 s, solve 2/4)

  Residual norms for GMRES solve

** Memory Usage **********************************
** Total highmark (MB):
    Sum-of-all :   148.41 | Avg :   148.41  | Max :   148.41
    Max at rank 0, different stages (MB):
	. symbfact            0.00
	. distribution      148.41
	. numfact           129.71
** NUMfact space (MB): (sum-of-all-processes)
    L\U :           82.20 |  Total :   129.71
	. max at rank 0, max L+U memory (MB):    82.20
	. max at rank 0, peak buffer (MB):       47.51
**************************************************

** number of Tiny Pivots:        0

  0 (restart 0) KSP residual norm 2.763568e+01
  1 (restart 0) KSP residual norm 1.237726e+01
  2 (restart 0) KSP residual norm 3.072310e+00
  3 (restart 0) KSP residual norm 8.318318e-01
  4 (restart 0) KSP residual norm 4.674552e-01
  5 (restart 0) KSP residual norm 3.800354e-01
  6 (restart 0) KSP residual norm 1.850229e-01
  7 (restart 0) KSP residual norm 1.005315e-01
  8 (restart 0) KSP residual norm 7.830889e-02
  9 (restart 0) KSP residual norm 5.427249e-02
 10 (restart 0) KSP residual norm 4.357971e-02
 11 (restart 0) KSP residual norm 2.896686e-02
 12 (restart 0) KSP residual norm 2.169344e-02
 13 (restart 0) KSP residual norm 1.722283e-02
 14 (restart 0) KSP residual norm 1.353802e-02
 15 (restart 0) KSP residual norm 1.096238e-02
 16 (restart 0) KSP residual norm 8.678219e-03
 17 (restart 0) KSP residual norm 6.293003e-03
 18 (restart 0) KSP residual norm 5.047954e-03
 19 (restart 0) KSP residual norm 3.904825e-03
 20 (restart 0) KSP residual norm 3.224014e-03
 21 (restart 0) KSP residual norm 2.477039e-03
 22 (restart 0) KSP residual norm 1.924525e-03
 23 (restart 0) KSP residual norm 1.551825e-03
 24 (restart 0) KSP residual norm 1.220064e-03
 25 (restart 0) KSP residual norm 9.992123e-04
 26 (restart 0) KSP residual norm 8.584905e-04
 27 (restart 0) KSP residual norm 7.068228e-04
 28 (restart 0) KSP residual norm 5.768639e-04
 29 (restart 0) KSP residual norm 4.614052e-04
 30 (restart 0) KSP residual norm 3.761366e-04
 31 (restart 0) KSP residual norm 3.016346e-04
 32 (restart 0) KSP residual norm 2.453793e-04
 33 (restart 0) KSP residual norm 2.037250e-04
 34 (restart 0) KSP residual norm 1.703525e-04
 35 (restart 0) KSP residual norm 1.438897e-04
 36 (restart 0) KSP residual norm 1.236753e-04
 37 (restart 0) KSP residual norm 1.067039e-04
 38 (restart 0) KSP residual norm 9.336786e-05
 39 (restart 0) KSP residual norm 8.123334e-05
 40 (restart 0) KSP residual norm 7.006202e-05
 41 (restart 0) KSP residual norm 6.072530e-05
 42 (restart 0) KSP residual norm 5.198132e-05
 43 (restart 0) KSP residual norm 4.418919e-05
 44 (restart 0) KSP residual norm 3.707409e-05
 45 (restart 0) KSP residual norm 3.185717e-05
 46 (restart 0) KSP residual norm 2.710195e-05
GMRES solver converged in 46 iterations (avg. reduction factor: 7.403e-01)
 Sol. ||E|| = 3.361007e+01 (||RHS|| = 5.537897e-01)
 Field energy E (1.269e-12 J) + H (4.103e-12 J) = 5.372e-12 J
 S[1][1] = +5.455e-01+3.786e-01i, |S[1][1]| = -3.556e+00, arg(S[1][1]) = +3.476e+01
 S[2][1] = +4.338e-01-5.173e-01i, |S[2][1]| = -3.413e+00, arg(S[2][1]) = -5.002e+01
 Updating solution error estimates

Sweeping excitation index 2 (2/2):

It 1/2: ω/2π = 1.000e-01 GHz (total elapsed time = 2.37e+02 s, solve 3/4)

  Residual norms for GMRES solve

** Memory Usage **********************************
** Total highmark (MB):
    Sum-of-all :   148.41 | Avg :   148.41  | Max :   148.41
    Max at rank 0, different stages (MB):
	. symbfact            0.00
	. distribution      148.41
	. numfact           129.71
** NUMfact space (MB): (sum-of-all-processes)
    L\U :           82.20 |  Total :   129.71
	. max at rank 0, max L+U memory (MB):    82.20
	. max at rank 0, peak buffer (MB):       47.51
**************************************************

** number of Tiny Pivots:        0

  0 (restart 0) KSP residual norm 2.569601e+01
  1 (restart 0) KSP residual norm 2.443639e+00
  2 (restart 0) KSP residual norm 9.167321e-01
  3 (restart 0) KSP residual norm 5.389375e-01
  4 (restart 0) KSP residual norm 4.069071e-01
  5 (restart 0) KSP residual norm 2.619625e-01
  6 (restart 0) KSP residual norm 1.875832e-01
  7 (restart 0) KSP residual norm 1.434152e-01
  8 (restart 0) KSP residual norm 8.489211e-02
  9 (restart 0) KSP residual norm 7.089800e-02
 10 (restart 0) KSP residual norm 5.030146e-02
 11 (restart 0) KSP residual norm 4.169213e-02
 12 (restart 0) KSP residual norm 3.164580e-02
 13 (restart 0) KSP residual norm 2.618800e-02
 14 (restart 0) KSP residual norm 1.907225e-02
 15 (restart 0) KSP residual norm 1.603696e-02
 16 (restart 0) KSP residual norm 1.256569e-02
 17 (restart 0) KSP residual norm 1.035839e-02
 18 (restart 0) KSP residual norm 7.732719e-03
 19 (restart 0) KSP residual norm 6.338347e-03
 20 (restart 0) KSP residual norm 4.916848e-03
 21 (restart 0) KSP residual norm 4.078738e-03
 22 (restart 0) KSP residual norm 3.131684e-03
 23 (restart 0) KSP residual norm 2.527565e-03
 24 (restart 0) KSP residual norm 1.959388e-03
 25 (restart 0) KSP residual norm 1.576250e-03
 26 (restart 0) KSP residual norm 1.264999e-03
 27 (restart 0) KSP residual norm 1.023665e-03
 28 (restart 0) KSP residual norm 8.203730e-04
 29 (restart 0) KSP residual norm 6.580194e-04
 30 (restart 0) KSP residual norm 5.115369e-04
 31 (restart 0) KSP residual norm 4.128922e-04
 32 (restart 0) KSP residual norm 3.342724e-04
 33 (restart 0) KSP residual norm 2.745869e-04
 34 (restart 0) KSP residual norm 2.205216e-04
 35 (restart 0) KSP residual norm 1.809961e-04
 36 (restart 0) KSP residual norm 1.466514e-04
 37 (restart 0) KSP residual norm 1.188800e-04
 38 (restart 0) KSP residual norm 9.616568e-05
 39 (restart 0) KSP residual norm 7.881105e-05
 40 (restart 0) KSP residual norm 6.401328e-05
 41 (restart 0) KSP residual norm 5.276447e-05
 42 (restart 0) KSP residual norm 4.348077e-05
 43 (restart 0) KSP residual norm 3.627240e-05
 44 (restart 0) KSP residual norm 3.038338e-05
 45 (restart 0) KSP residual norm 2.591144e-05
 46 (restart 0) KSP residual norm 2.207303e-05
GMRES solver converged in 46 iterations (avg. reduction factor: 7.381e-01)
 Sol. ||E|| = 2.640384e+01 (||RHS|| = 2.768948e-03)
 Field energy E (8.751e-13 J) + H (6.856e-12 J) = 7.731e-12 J
 S[1][2] = +9.423e-01-5.080e-03i, |S[1][2]| = -5.159e-01, arg(S[1][2]) = -3.089e-01
 S[2][2] = +5.765e-02+3.973e-03i, |S[2][2]| = -2.476e+01, arg(S[2][2]) = +3.942e+00
 Updating solution error estimates

It 2/2: ω/2π = 2.000e+01 GHz (total elapsed time = 3.56e+02 s, solve 4/4)

  Residual norms for GMRES solve

** Memory Usage **********************************
** Total highmark (MB):
    Sum-of-all :   148.41 | Avg :   148.41  | Max :   148.41
    Max at rank 0, different stages (MB):
	. symbfact            0.00
	. distribution      148.41
	. numfact           129.71
** NUMfact space (MB): (sum-of-all-processes)
    L\U :           82.20 |  Total :   129.71
	. max at rank 0, max L+U memory (MB):    82.20
	. max at rank 0, peak buffer (MB):       47.51
**************************************************

** number of Tiny Pivots:        0

  0 (restart 0) KSP residual norm 2.761572e+01
  1 (restart 0) KSP residual norm 1.229260e+01
  2 (restart 0) KSP residual norm 3.127494e+00
  3 (restart 0) KSP residual norm 8.648841e-01
  4 (restart 0) KSP residual norm 5.628878e-01
  5 (restart 0) KSP residual norm 4.226697e-01
  6 (restart 0) KSP residual norm 1.948382e-01
  7 (restart 0) KSP residual norm 1.066968e-01
  8 (restart 0) KSP residual norm 8.519355e-02
  9 (restart 0) KSP residual norm 5.917877e-02
 10 (restart 0) KSP residual norm 4.787220e-02
 11 (restart 0) KSP residual norm 3.261038e-02
 12 (restart 0) KSP residual norm 2.440320e-02
 13 (restart 0) KSP residual norm 1.928315e-02
 14 (restart 0) KSP residual norm 1.490528e-02
 15 (restart 0) KSP residual norm 1.208799e-02
 16 (restart 0) KSP residual norm 9.780342e-03
 17 (restart 0) KSP residual norm 7.110613e-03
 18 (restart 0) KSP residual norm 5.535852e-03
 19 (restart 0) KSP residual norm 4.216465e-03
 20 (restart 0) KSP residual norm 3.398631e-03
 21 (restart 0) KSP residual norm 2.614722e-03
 22 (restart 0) KSP residual norm 2.013073e-03
 23 (restart 0) KSP residual norm 1.600517e-03
 24 (restart 0) KSP residual norm 1.229865e-03
 25 (restart 0) KSP residual norm 1.008338e-03
 26 (restart 0) KSP residual norm 8.584978e-04
 27 (restart 0) KSP residual norm 7.154364e-04
 28 (restart 0) KSP residual norm 5.909324e-04
 29 (restart 0) KSP residual norm 4.787293e-04
 30 (restart 0) KSP residual norm 3.926636e-04
 31 (restart 0) KSP residual norm 3.200518e-04
 32 (restart 0) KSP residual norm 2.560203e-04
 33 (restart 0) KSP residual norm 2.128560e-04
 34 (restart 0) KSP residual norm 1.739633e-04
 35 (restart 0) KSP residual norm 1.454716e-04
 36 (restart 0) KSP residual norm 1.226471e-04
 37 (restart 0) KSP residual norm 1.057116e-04
 38 (restart 0) KSP residual norm 9.302559e-05
 39 (restart 0) KSP residual norm 8.131117e-05
 40 (restart 0) KSP residual norm 7.103312e-05
 41 (restart 0) KSP residual norm 6.220519e-05
 42 (restart 0) KSP residual norm 5.296260e-05
 43 (restart 0) KSP residual norm 4.537430e-05
 44 (restart 0) KSP residual norm 3.823605e-05
 45 (restart 0) KSP residual norm 3.259926e-05
 46 (restart 0) KSP residual norm 2.763977e-05
 47 (restart 0) KSP residual norm 2.362001e-05
GMRES solver converged in 47 iterations (avg. reduction factor: 7.428e-01)
 Sol. ||E|| = 3.366980e+01 (||RHS|| = 5.537897e-01)
 Field energy E (1.271e-12 J) + H (4.101e-12 J) = 5.372e-12 J
 S[1][2] = +4.338e-01-5.173e-01i, |S[1][2]| = -3.413e+00, arg(S[1][2]) = -5.002e+01
 S[2][2] = +5.485e-01+3.781e-01i, |S[2][2]| = -3.528e+00, arg(S[2][2]) = +3.458e+01
 Updating solution error estimates

Completed 0 iterations of adaptive mesh refinement (AMR):
 Indicator norm = 1.561e-01, global unknowns = 168348
 Max. iterations = 0, tol. = 1.000e-02, max. size = 2000000

Estimated peak per-rank memory usage is: Min. 1.2G, Max. 1.2G, Avg. 1.2G, Total 1.2G
Estimated peak per-node memory usage is: Min. 1.2G, Max. 1.2G, Avg. 1.2G, Total 1.2G

Elapsed Time Report (s)           Min.        Max.        Avg.
==============================================================
Initialization                   0.050       0.050       0.050
  Mesh Preprocessing             0.294       0.294       0.294
Operator Construction            0.891       0.891       0.891
Linear Solve                    21.847      21.847      21.847
  Setup                         44.658      44.658      44.658
  Preconditioner               246.640     246.640     246.640
  Coarse Solve                   5.889       5.889       5.889
Estimation                       1.022       1.022       1.022
  Construction                   3.546       3.546       3.546
  Solve                        141.209     141.209     141.209
Postprocessing                   1.932       1.932       1.932
Disk IO                          0.228       0.228       0.228
--------------------------------------------------------------
Total                          468.499     468.499     468.499

Peak Memory                   Per-Node       Total   Total HWM
==============================================================
Initialization                    1.4M        1.4M        1.4M
  Mesh Preprocessing             14.4M       14.4M       15.8M
Operator Construction            78.2M       78.2M       94.0M
Linear Solve                     88.1M       88.1M      182.1M
  Setup                         264.0M      264.0M      446.1M
  Preconditioner                115.9M      115.9M      562.0M
  Coarse Solve                  228.8M      228.8M      790.8M
Estimation                       80.8M       80.8M      871.6M
  Construction                  171.3M      171.3M        1.0G
  Solve                          85.8M       85.8M        1.1G
Postprocessing                   83.4M       83.4M        1.2G
Disk IO                           9.9M        9.9M        1.2G
--------------------------------------------------------------
Total                             1.2G        1.2G        1.2G

>> /usr/bin/mpirun -n 1 /foss/tools/bin/palace-x86_64.bin config.json

_____________     _______
_____   __   \____ __   /____ ____________
____   /_/  /  __ ` /  /  __ ` /  ___/  _ \
___   _____/  /_/  /  /  /_/  /  /__/  ___/
  /__/     \___,__/__/\___,__/\_____\_____/

Git changeset ID: v0.17.0-227-gc531cf3e
Running with 1 MPI process
Device configuration: cpu
Memory configuration: host-std
libCEED backend: /cpu/self/xsmm/blocked

Added 4678 boundary elements for material interfaces to the mesh

Characteristic length and time scales:
 Lc = 4.999e-04 m, tc = 1.667e-03 ns
Finished partitioning mesh into 1 subdomain

Mesh curvature order: 1
Mesh bounding box:
 (Xmin, Ymin, Zmin) = (-2.241e-04, -2.241e-04, -5.000e-05) m
 (Xmax, Ymax, Zmax) = (+2.241e-04, +2.241e-04, +4.499e-04) m

Parallel Mesh Stats:

                minimum     average     maximum       total
 vertices          5197        5197        5197        5197
 edges            32440       32440       32440       32440
 faces            52010       52010       52010       52010
 elements         24761       24761       24761       24761
 neighbors            0           0           0

            minimum     maximum
 h      0.000959556    0.223925
 kappa      1.07143     4385.71

Estimated current per-rank memory usage is: Min. 48.7M, Max. 48.7M, Avg. 48.7M, Total 48.7M
Estimated current per-node memory usage is: Min. 48.7M, Max. 48.7M, Avg. 48.7M, Total 48.7M

Configuring Robin absorbing BC (order 2) at attributes:
 22

Configuring Robin finite conductivity BC at attributes:
 2: σ = 2.164e+07 S/m, h = 4.200e-07 m, n = (+0.0,+0.0,+1.0)
 3: σ = 2.164e+07 S/m, h = 4.200e-07 m, n = (+0.7,+0.7,+0.0)
 4: σ = 2.780e+07 S/m, h = 2.000e-06 m, n = (+0.0,+0.0,-1.0)
 5: σ = 2.780e+07 S/m, h = 2.000e-06 m, n = (+1.0,-0.1,+0.0)
 6: σ = 2.780e+07 S/m, h = 2.000e-06 m, n = (+0.0,+0.0,-1.0)
 7: σ = 2.780e+07 S/m, h = 2.000e-06 m, n = (+1.0,-0.1,+0.0)
 8: σ = 2.780e+07 S/m, h = 2.000e-06 m, n = (+0.0,+0.0,+1.0)
 9: σ = 2.780e+07 S/m, h = 2.000e-06 m, n = (+0.5,+0.9,-0.0)
 10: σ = 3.030e+07 S/m, h = 3.000e-06 m, n = (-0.0,-0.0,+1.0)
 11: σ = 3.030e+07 S/m, h = 3.000e-06 m, n = (-0.9,+0.4,+0.0)
 12: σ = 3.030e+07 S/m, h = 3.000e-06 m, n = (+0.0,+0.0,+1.0)
 13: σ = 3.030e+07 S/m, h = 3.000e-06 m, n = (+0.9,-0.3,+0.0)

Configuring Robin impedance BC for lumped ports at attributes:
 20: Rs = 3.018e+01 Ω/sq, n = (+0.0,+1.0,+0.0)
 21: Rs = 3.018e+01 Ω/sq, n = (+0.0,+1.0,+0.0)

Configuring lumped port circuit properties:
 Index = 1: R = 5.000e+01 Ω
 Index = 2: R = 5.000e+01 Ω

Configuring lumped port excitation source term at attributes:
 20: Index = 1
 21: Index = 2

[38;2;255;255;000m--> Warning![0m
Adaptive frequency sweep requires > 2 total frequency samples!
Reverting to uniform sweep!


Computing frequency response for:
Excitation 1/2 with index 1 has contributions from:
 Lumped port  1
Excitation 2/2 with index 2 has contributions from:
 Lumped port  2

Assembling system matrices, number of global unknowns:
 H1 (p = 2): 37637, ND (p = 2): 168900, RT (p = 2): 230313
 Operator assembly level: Partial
 Mesh geometries:
  Tetrahedron: P = 20, Q = 14 (quadrature order = 4)
 SuperLUSolver: Using 2D processor grid 1 x 1

Sweeping excitation index 1 (1/2):

Assembling multigrid hierarchy:
 Level 0 (p = 1): 32440 unknowns
 Level 1 (p = 2): 168900 unknowns
 Level 0 (auxiliary) (p = 1): 5197 unknowns
 Level 1 (auxiliary) (p = 2): 37637 unknowns

It 1/2: ω/2π = 1.000e-01 GHz (total elapsed time = 9.00e+00 s, solve 1/4)

  Residual norms for GMRES solve

** Memory Usage **********************************
** Total highmark (MB):
    Sum-of-all :   178.16 | Avg :   178.16  | Max :   178.16
    Max at rank 0, different stages (MB):
	. symbfact           15.15
	. distribution      178.16
	. numfact           136.69
** NUMfact space (MB): (sum-of-all-processes)
    L\U :           84.27 |  Total :   136.69
	. max at rank 0, max L+U memory (MB):    84.27
	. max at rank 0, peak buffer (MB):       52.43
**************************************************

** number of Tiny Pivots:        0

  0 (restart 0) KSP residual norm 2.597562e+01
  1 (restart 0) KSP residual norm 2.433788e+00
  2 (restart 0) KSP residual norm 9.038333e-01
  3 (restart 0) KSP residual norm 5.429128e-01
  4 (restart 0) KSP residual norm 3.952237e-01
  5 (restart 0) KSP residual norm 2.694406e-01
  6 (restart 0) KSP residual norm 1.857031e-01
  7 (restart 0) KSP residual norm 1.418207e-01
  8 (restart 0) KSP residual norm 8.347161e-02
  9 (restart 0) KSP residual norm 6.752430e-02
 10 (restart 0) KSP residual norm 4.645829e-02
 11 (restart 0) KSP residual norm 3.995205e-02
 12 (restart 0) KSP residual norm 3.032360e-02
 13 (restart 0) KSP residual norm 2.604935e-02
 14 (restart 0) KSP residual norm 1.847093e-02
 15 (restart 0) KSP residual norm 1.561221e-02
 16 (restart 0) KSP residual norm 1.216779e-02
 17 (restart 0) KSP residual norm 1.023023e-02
 18 (restart 0) KSP residual norm 7.742077e-03
 19 (restart 0) KSP residual norm 6.352530e-03
 20 (restart 0) KSP residual norm 4.876452e-03
 21 (restart 0) KSP residual norm 4.010136e-03
 22 (restart 0) KSP residual norm 3.199925e-03
 23 (restart 0) KSP residual norm 2.630692e-03
 24 (restart 0) KSP residual norm 2.073431e-03
 25 (restart 0) KSP residual norm 1.700762e-03
 26 (restart 0) KSP residual norm 1.379431e-03
 27 (restart 0) KSP residual norm 1.100119e-03
 28 (restart 0) KSP residual norm 8.824599e-04
 29 (restart 0) KSP residual norm 7.090635e-04
 30 (restart 0) KSP residual norm 5.543288e-04
 31 (restart 0) KSP residual norm 4.415561e-04
 32 (restart 0) KSP residual norm 3.570658e-04
 33 (restart 0) KSP residual norm 2.905382e-04
 34 (restart 0) KSP residual norm 2.286006e-04
 35 (restart 0) KSP residual norm 1.834193e-04
 36 (restart 0) KSP residual norm 1.491611e-04
 37 (restart 0) KSP residual norm 1.201236e-04
 38 (restart 0) KSP residual norm 9.556863e-05
 39 (restart 0) KSP residual norm 7.832884e-05
 40 (restart 0) KSP residual norm 6.466853e-05
 41 (restart 0) KSP residual norm 5.368531e-05
 42 (restart 0) KSP residual norm 4.475649e-05
 43 (restart 0) KSP residual norm 3.789422e-05
 44 (restart 0) KSP residual norm 3.236230e-05
 45 (restart 0) KSP residual norm 2.759124e-05
 46 (restart 0) KSP residual norm 2.369650e-05
GMRES solver converged in 46 iterations (avg. reduction factor: 7.391e-01)
 Sol. ||E|| = 2.669254e+01 (||RHS|| = 2.768948e-03)
 Field energy E (9.062e-13 J) + H (6.835e-12 J) = 7.742e-12 J
 S[1][1] = +5.762e-02+3.940e-03i, |S[1][1]| = -2.477e+01, arg(S[1][1]) = +3.912e+00
 S[2][1] = +9.424e-01-5.065e-03i, |S[2][1]| = -5.156e-01, arg(S[2][1]) = -3.079e-01
 Updating solution error estimates

It 2/2: ω/2π = 2.000e+01 GHz (total elapsed time = 1.19e+02 s, solve 2/4)

  Residual norms for GMRES solve

** Memory Usage **********************************
** Total highmark (MB):
    Sum-of-all :   150.72 | Avg :   150.72  | Max :   150.72
    Max at rank 0, different stages (MB):
	. symbfact            0.00
	. distribution      150.72
	. numfact           136.69
** NUMfact space (MB): (sum-of-all-processes)
    L\U :           84.27 |  Total :   136.69
	. max at rank 0, max L+U memory (MB):    84.27
	. max at rank 0, peak buffer (MB):       52.43
**************************************************

** number of Tiny Pivots:        0

  0 (restart 0) KSP residual norm 2.759175e+01
  1 (restart 0) KSP residual norm 1.237212e+01
  2 (restart 0) KSP residual norm 3.054128e+00
  3 (restart 0) KSP residual norm 8.287765e-01
  4 (restart 0) KSP residual norm 4.613960e-01
  5 (restart 0) KSP residual norm 3.738876e-01
  6 (restart 0) KSP residual norm 1.775050e-01
  7 (restart 0) KSP residual norm 1.000457e-01
  8 (restart 0) KSP residual norm 7.856572e-02
  9 (restart 0) KSP residual norm 5.334523e-02
 10 (restart 0) KSP residual norm 4.251725e-02
 11 (restart 0) KSP residual norm 2.847168e-02
 12 (restart 0) KSP residual norm 2.131370e-02
 13 (restart 0) KSP residual norm 1.702857e-02
 14 (restart 0) KSP residual norm 1.350025e-02
 15 (restart 0) KSP residual norm 1.102681e-02
 16 (restart 0) KSP residual norm 8.851247e-03
 17 (restart 0) KSP residual norm 6.305434e-03
 18 (restart 0) KSP residual norm 4.993186e-03
 19 (restart 0) KSP residual norm 3.933374e-03
 20 (restart 0) KSP residual norm 3.322776e-03
 21 (restart 0) KSP residual norm 2.590511e-03
 22 (restart 0) KSP residual norm 2.070242e-03
 23 (restart 0) KSP residual norm 1.671196e-03
 24 (restart 0) KSP residual norm 1.324616e-03
 25 (restart 0) KSP residual norm 1.113859e-03
 26 (restart 0) KSP residual norm 9.287203e-04
 27 (restart 0) KSP residual norm 7.559482e-04
 28 (restart 0) KSP residual norm 6.129678e-04
 29 (restart 0) KSP residual norm 4.964898e-04
 30 (restart 0) KSP residual norm 4.051031e-04
 31 (restart 0) KSP residual norm 3.269013e-04
 32 (restart 0) KSP residual norm 2.639913e-04
 33 (restart 0) KSP residual norm 2.165293e-04
 34 (restart 0) KSP residual norm 1.780604e-04
 35 (restart 0) KSP residual norm 1.490191e-04
 36 (restart 0) KSP residual norm 1.272368e-04
 37 (restart 0) KSP residual norm 1.093585e-04
 38 (restart 0) KSP residual norm 9.610966e-05
 39 (restart 0) KSP residual norm 8.441002e-05
 40 (restart 0) KSP residual norm 7.382628e-05
 41 (restart 0) KSP residual norm 6.341440e-05
 42 (restart 0) KSP residual norm 5.433195e-05
 43 (restart 0) KSP residual norm 4.630371e-05
 44 (restart 0) KSP residual norm 3.887409e-05
 45 (restart 0) KSP residual norm 3.296297e-05
 46 (restart 0) KSP residual norm 2.795346e-05
 47 (restart 0) KSP residual norm 2.416489e-05
GMRES solver converged in 47 iterations (avg. reduction factor: 7.432e-01)
 Sol. ||E|| = 3.350162e+01 (||RHS|| = 5.537897e-01)
 Field energy E (1.264e-12 J) + H (4.100e-12 J) = 5.364e-12 J
 S[1][1] = +5.439e-01+3.789e-01i, |S[1][1]| = -3.572e+00, arg(S[1][1]) = +3.486e+01
 S[2][1] = +4.356e-01-5.173e-01i, |S[2][1]| = -3.398e+00, arg(S[2][1]) = -4.991e+01
 Updating solution error estimates

Sweeping excitation index 2 (2/2):

It 1/2: ω/2π = 1.000e-01 GHz (total elapsed time = 2.33e+02 s, solve 3/4)

  Residual norms for GMRES solve

** Memory Usage **********************************
** Total highmark (MB):
    Sum-of-all :   150.72 | Avg :   150.72  | Max :   150.72
    Max at rank 0, different stages (MB):
	. symbfact            0.00
	. distribution      150.72
	. numfact           136.69
** NUMfact space (MB): (sum-of-all-processes)
    L\U :           84.27 |  Total :   136.69
	. max at rank 0, max L+U memory (MB):    84.27
	. max at rank 0, peak buffer (MB):       52.43
**************************************************

** number of Tiny Pivots:        0

  0 (restart 0) KSP residual norm 2.551679e+01
  1 (restart 0) KSP residual norm 2.390324e+00
  2 (restart 0) KSP residual norm 8.856151e-01
  3 (restart 0) KSP residual norm 5.291184e-01
  4 (restart 0) KSP residual norm 3.888597e-01
  5 (restart 0) KSP residual norm 2.619518e-01
  6 (restart 0) KSP residual norm 1.816707e-01
  7 (restart 0) KSP residual norm 1.393564e-01
  8 (restart 0) KSP residual norm 8.302833e-02
  9 (restart 0) KSP residual norm 6.807502e-02
 10 (restart 0) KSP residual norm 4.829687e-02
 11 (restart 0) KSP residual norm 4.141504e-02
 12 (restart 0) KSP residual norm 3.065131e-02
 13 (restart 0) KSP residual norm 2.582159e-02
 14 (restart 0) KSP residual norm 1.823383e-02
 15 (restart 0) KSP residual norm 1.530577e-02
 16 (restart 0) KSP residual norm 1.190469e-02
 17 (restart 0) KSP residual norm 1.006526e-02
 18 (restart 0) KSP residual norm 7.634504e-03
 19 (restart 0) KSP residual norm 6.250566e-03
 20 (restart 0) KSP residual norm 4.785847e-03
 21 (restart 0) KSP residual norm 3.926399e-03
 22 (restart 0) KSP residual norm 3.121749e-03
 23 (restart 0) KSP residual norm 2.565752e-03
 24 (restart 0) KSP residual norm 2.024869e-03
 25 (restart 0) KSP residual norm 1.660423e-03
 26 (restart 0) KSP residual norm 1.347637e-03
 27 (restart 0) KSP residual norm 1.078044e-03
 28 (restart 0) KSP residual norm 8.657888e-04
 29 (restart 0) KSP residual norm 6.962290e-04
 30 (restart 0) KSP residual norm 5.456323e-04
 31 (restart 0) KSP residual norm 4.356612e-04
 32 (restart 0) KSP residual norm 3.519433e-04
 33 (restart 0) KSP residual norm 2.861668e-04
 34 (restart 0) KSP residual norm 2.245658e-04
 35 (restart 0) KSP residual norm 1.801439e-04
 36 (restart 0) KSP residual norm 1.462611e-04
 37 (restart 0) KSP residual norm 1.176014e-04
 38 (restart 0) KSP residual norm 9.351896e-05
 39 (restart 0) KSP residual norm 7.663211e-05
 40 (restart 0) KSP residual norm 6.319280e-05
 41 (restart 0) KSP residual norm 5.248120e-05
 42 (restart 0) KSP residual norm 4.390601e-05
 43 (restart 0) KSP residual norm 3.729238e-05
 44 (restart 0) KSP residual norm 3.189250e-05
 45 (restart 0) KSP residual norm 2.725091e-05
 46 (restart 0) KSP residual norm 2.340540e-05
GMRES solver converged in 46 iterations (avg. reduction factor: 7.392e-01)
 Sol. ||E|| = 2.621244e+01 (||RHS|| = 2.768948e-03)
 Field energy E (8.721e-13 J) + H (6.835e-12 J) = 7.708e-12 J
 S[1][2] = +9.424e-01-5.065e-03i, |S[1][2]| = -5.156e-01, arg(S[1][2]) = -3.080e-01
 S[2][2] = +5.762e-02+3.962e-03i, |S[2][2]| = -2.477e+01, arg(S[2][2]) = +3.933e+00
 Updating solution error estimates

It 2/2: ω/2π = 2.000e+01 GHz (total elapsed time = 3.44e+02 s, solve 4/4)

  Residual norms for GMRES solve

** Memory Usage **********************************
** Total highmark (MB):
    Sum-of-all :   150.72 | Avg :   150.72  | Max :   150.72
    Max at rank 0, different stages (MB):
	. symbfact            0.00
	. distribution      150.72
	. numfact           136.69
** NUMfact space (MB): (sum-of-all-processes)
    L\U :           84.27 |  Total :   136.69
	. max at rank 0, max L+U memory (MB):    84.27
	. max at rank 0, peak buffer (MB):       52.43
**************************************************

** number of Tiny Pivots:        0

  0 (restart 0) KSP residual norm 2.754159e+01
  1 (restart 0) KSP residual norm 1.226902e+01
  2 (restart 0) KSP residual norm 3.059927e+00
  3 (restart 0) KSP residual norm 8.504853e-01
  4 (restart 0) KSP residual norm 5.598363e-01
  5 (restart 0) KSP residual norm 4.154409e-01
  6 (restart 0) KSP residual norm 1.848935e-01
  7 (restart 0) KSP residual norm 1.051403e-01
  8 (restart 0) KSP residual norm 8.394651e-02
  9 (restart 0) KSP residual norm 5.805285e-02
 10 (restart 0) KSP residual norm 4.653524e-02
 11 (restart 0) KSP residual norm 3.094517e-02
 12 (restart 0) KSP residual norm 2.330139e-02
 13 (restart 0) KSP residual norm 1.849405e-02
 14 (restart 0) KSP residual norm 1.435768e-02
 15 (restart 0) KSP residual norm 1.158815e-02
 16 (restart 0) KSP residual norm 9.351754e-03
 17 (restart 0) KSP residual norm 6.762745e-03
 18 (restart 0) KSP residual norm 5.385893e-03
 19 (restart 0) KSP residual norm 4.128343e-03
 20 (restart 0) KSP residual norm 3.357069e-03
 21 (restart 0) KSP residual norm 2.607377e-03
 22 (restart 0) KSP residual norm 2.039521e-03
 23 (restart 0) KSP residual norm 1.648587e-03
 24 (restart 0) KSP residual norm 1.321170e-03
 25 (restart 0) KSP residual norm 1.099796e-03
 26 (restart 0) KSP residual norm 9.355720e-04
 27 (restart 0) KSP residual norm 7.725803e-04
 28 (restart 0) KSP residual norm 6.346213e-04
 29 (restart 0) KSP residual norm 5.170135e-04
 30 (restart 0) KSP residual norm 4.193760e-04
 31 (restart 0) KSP residual norm 3.357044e-04
 32 (restart 0) KSP residual norm 2.679299e-04
 33 (restart 0) KSP residual norm 2.226095e-04
 34 (restart 0) KSP residual norm 1.797146e-04
 35 (restart 0) KSP residual norm 1.495391e-04
 36 (restart 0) KSP residual norm 1.250652e-04
 37 (restart 0) KSP residual norm 1.082908e-04
 38 (restart 0) KSP residual norm 9.492114e-05
 39 (restart 0) KSP residual norm 8.416795e-05
 40 (restart 0) KSP residual norm 7.377652e-05
 41 (restart 0) KSP residual norm 6.421525e-05
 42 (restart 0) KSP residual norm 5.501649e-05
 43 (restart 0) KSP residual norm 4.704292e-05
 44 (restart 0) KSP residual norm 3.933733e-05
 45 (restart 0) KSP residual norm 3.297088e-05
 46 (restart 0) KSP residual norm 2.760297e-05
 47 (restart 0) KSP residual norm 2.321208e-05
GMRES solver converged in 47 iterations (avg. reduction factor: 7.426e-01)
 Sol. ||E|| = 3.355555e+01 (||RHS|| = 5.537897e-01)
 Field energy E (1.265e-12 J) + H (4.099e-12 J) = 5.364e-12 J
 S[1][2] = +4.356e-01-5.173e-01i, |S[1][2]| = -3.398e+00, arg(S[1][2]) = -4.991e+01
 S[2][2] = +5.468e-01+3.785e-01i, |S[2][2]| = -3.543e+00, arg(S[2][2]) = +3.470e+01
 Updating solution error estimates

Completed 0 iterations of adaptive mesh refinement (AMR):
 Indicator norm = 1.544e-01, global unknowns = 168900
 Max. iterations = 0, tol. = 1.000e-02, max. size = 2000000

Estimated peak per-rank memory usage is: Min. 1.2G, Max. 1.2G, Avg. 1.2G, Total 1.2G
Estimated peak per-node memory usage is: Min. 1.2G, Max. 1.2G, Avg. 1.2G, Total 1.2G

Elapsed Time Report (s)           Min.        Max.        Avg.
==============================================================
Initialization                   0.068       0.068       0.068
  Mesh Preprocessing             0.507       0.507       0.507
Operator Construction            0.825       0.825       0.825
Linear Solve                    21.737      21.737      21.737
  Setup                         36.072      36.072      36.072
  Preconditioner               246.136     246.136     246.136
  Coarse Solve                   5.888       5.888       5.888
Estimation                       0.462       0.462       0.462
  Construction                   3.255       3.255       3.255
  Solve                        138.775     138.775     138.775
Postprocessing                   1.086       1.086       1.086
Disk IO                          0.391       0.391       0.391
--------------------------------------------------------------
Total                          455.604     455.604     455.604

Peak Memory                   Per-Node       Total   Total HWM
==============================================================
Initialization                    1.6M        1.6M        1.6M
  Mesh Preprocessing             14.3M       14.3M       16.0M
Operator Construction            78.4M       78.4M       94.3M
Linear Solve                     89.4M       89.4M      183.7M
  Setup                         265.5M      265.5M      449.2M
  Preconditioner                115.4M      115.4M      564.6M
  Coarse Solve                  230.8M      230.8M      795.4M
Estimation                       81.1M       81.1M      876.5M
  Construction                  172.2M      172.2M        1.0G
  Solve                          86.0M       86.0M        1.1G
Postprocessing                   83.6M       83.6M        1.2G
Disk IO                           9.9M        9.9M        1.2G
--------------------------------------------------------------
Total                             1.2G        1.2G        1.2G

Found extra file with port information: /foss/designs/inductor_synth/palace_model/inductor2_N2_do105.22_w8_s3_data/port_information.json
Port Z0 values found: [50, 50]
Port impedance for Touchstone header:  50
Number of ports:  2
Created combined S-parameter file for  2 ports, filename:  /foss/designs/inductor_synth/palace_model/inductor2_N2_do105.22_w8_s3_data/output/inductor2_N2_do105.22_w8_s3/inductor2_N2_do105.22_w8_s3.s2p
Skipping DC extrapolation, not enough frequency points
Port de-embedding based on port geometry data
Cascading L= -1.82 pH at port 1
Cascading L= -1.82 pH at port 2
Created file with de-embedding (cascaded negative port L):  /foss/designs/inductor_synth/palace_model/inductor2_N2_do105.22_w8_s3_data/output/inductor2_N2_do105.22_w8_s3/inductor2_N2_do105.22_w8_s3_deembedded 

Found extra file with port information: /foss/designs/inductor_synth/palace_model/inductor2_N2_do108.58_w6_s3_data/port_information.json
Port Z0 values found: [50, 50]
Port impedance for Touchstone header:  50
Number of ports:  2
Created combined S-parameter file for  2 ports, filename:  /foss/designs/inductor_synth/palace_model/inductor2_N2_do108.58_w6_s3_data/output/inductor2_N2_do108.58_w6_s3/inductor2_N2_do108.58_w6_s3.s2p
Skipping DC extrapolation, not enough frequency points
Port de-embedding based on port geometry data
Cascading L= -1.82 pH at port 1
Cascading L= -1.82 pH at port 2
Created file with de-embedding (cascaded negative port L):  /foss/designs/inductor_synth/palace_model/inductor2_N2_do108.58_w6_s3_data/output/inductor2_N2_do108.58_w6_s3/inductor2_N2_do108.58_w6_s3_deembedded 

Found extra file with port information: /foss/designs/inductor_synth/palace_model/inductor2_N2_do109.11_w8_s3_data/port_information.json
Port Z0 values found: [50, 50]
Port impedance for Touchstone header:  50
Number of ports:  2
Created combined S-parameter file for  2 ports, filename:  /foss/designs/inductor_synth/palace_model/inductor2_N2_do109.11_w8_s3_data/output/inductor2_N2_do109.11_w8_s3/inductor2_N2_do109.11_w8_s3.s2p
Skipping DC extrapolation, not enough frequency points
Port de-embedding based on port geometry data
Cascading L= -1.82 pH at port 1
Cascading L= -1.82 pH at port 2
Created file with de-embedding (cascaded negative port L):  /foss/designs/inductor_synth/palace_model/inductor2_N2_do109.11_w8_s3_data/output/inductor2_N2_do109.11_w8_s3/inductor2_N2_do109.11_w8_s3_deembedded 

Found extra file with port information: /foss/designs/inductor_synth/palace_model/inductor2_N2_do109.41_w6_s3_data/port_information.json
Port Z0 values found: [50, 50]
Port impedance for Touchstone header:  50
Number of ports:  2
Created combined S-parameter file for  2 ports, filename:  /foss/designs/inductor_synth/palace_model/inductor2_N2_do109.41_w6_s3_data/output/inductor2_N2_do109.41_w6_s3/inductor2_N2_do109.41_w6_s3.s2p
Skipping DC extrapolation, not enough frequency points
Port de-embedding based on port geometry data
Cascading L= -1.82 pH at port 1
Cascading L= -1.82 pH at port 2
Created file with de-embedding (cascaded negative port L):  /foss/designs/inductor_synth/palace_model/inductor2_N2_do109.41_w6_s3_data/output/inductor2_N2_do109.41_w6_s3/inductor2_N2_do109.41_w6_s3_deembedded 

Found extra file with port information: /foss/designs/inductor_synth/palace_model/inductor2_N2_do135.5_w6_s3_data/port_information.json
Port Z0 values found: [50, 50]
Port impedance for Touchstone header:  50
Number of ports:  2
Created combined S-parameter file for  2 ports, filename:  /foss/designs/inductor_synth/palace_model/inductor2_N2_do135.5_w6_s3_data/output/inductor2_N2_do135.5_w6_s3/inductor2_N2_do135.5_w6_s3.s2p
Skipping DC extrapolation, not enough frequency points
Port de-embedding based on port geometry data
Cascading L= -1.82 pH at port 1
Cascading L= -1.82 pH at port 2
Created file with de-embedding (cascaded negative port L):  /foss/designs/inductor_synth/palace_model/inductor2_N2_do135.5_w6_s3_data/output/inductor2_N2_do135.5_w6_s3/inductor2_N2_do135.5_w6_s3_deembedded 

Found extra file with port information: /foss/designs/inductor_synth/palace_model/inductor2_N2_do146.78_w8_s3_data/port_information.json
Port Z0 values found: [50, 50]
Port impedance for Touchstone header:  50
Number of ports:  2
Created combined S-parameter file for  2 ports, filename:  /foss/designs/inductor_synth/palace_model/inductor2_N2_do146.78_w8_s3_data/output/inductor2_N2_do146.78_w8_s3/inductor2_N2_do146.78_w8_s3.s2p
Skipping DC extrapolation, not enough frequency points
Port de-embedding based on port geometry data
Cascading L= -1.82 pH at port 1
Cascading L= -1.82 pH at port 2
Created file with de-embedding (cascaded negative port L):  /foss/designs/inductor_synth/palace_model/inductor2_N2_do146.78_w8_s3_data/output/inductor2_N2_do146.78_w8_s3/inductor2_N2_do146.78_w8_s3_deembedded 

cp: './inductor2_N2_do105.22_w8_s3.s2p' and './inductor2_N2_do105.22_w8_s3.s2p' are the same file
cp: './inductor2_N2_do108.58_w6_s3.s2p' and './inductor2_N2_do108.58_w6_s3.s2p' are the same file
cp: './inductor2_N2_do135.5_w6_s3.s2p' and './inductor2_N2_do135.5_w6_s3.s2p' are the same file
cp: './inductor2_N2_do146.78_w8_s3.s2p' and './inductor2_N2_do146.78_w8_s3.s2p' are the same file
Info    : Meshing 1D...
Info    : [  0%] Meshing curve 64 (Line)
Info    : [ 10%] Meshing curve 65 (Line)
Info    : [ 10%] Meshing curve 67 (Line)
Info    : [ 10%] Meshing curve 69 (Line)
Info    : [ 10%] Meshing curve 70 (Line)
Info    : [ 10%] Meshing curve 71 (Line)
Info    : [ 10%] Meshing curve 72 (Line)
Info    : [ 10%] Meshing curve 76 (Line)
Info    : [ 10%] Meshing curve 77 (Line)
Info    : [ 10%] Meshing curve 79 (Line)
Info    : [ 10%] Meshing curve 81 (Line)
Info    : [ 10%] Meshing curve 82 (Line)
Info    : [ 10%] Meshing curve 83 (Line)
Info    : [ 10%] Meshing curve 84 (Line)
Info    : [ 10%] Meshing curve 85 (Line)
Info    : [ 10%] Meshing curve 86 (Line)
Info    : [ 10%] Meshing curve 87 (Line)
Info    : [ 10%] Meshing curve 88 (Line)
Info    : [ 10%] Meshing curve 89 (Line)
Info    : [ 10%] Meshing curve 90 (Line)
Info    : [ 10%] Meshing curve 91 (Line)
Info    : [ 10%] Meshing curve 92 (Line)
Info    : [ 10%] Meshing curve 93 (Line)
Info    : [ 10%] Meshing curve 94 (Line)
Info    : [ 10%] Meshing curve 95 (Line)
Info    : [ 10%] Meshing curve 96 (Line)
Info    : [ 10%] Meshing curve 97 (Line)
Info    : [ 10%] Meshing curve 98 (Line)
Info    : [ 10%] Meshing curve 99 (Line)
Info    : [ 10%] Meshing curve 100 (Line)
Info    : [ 10%] Meshing curve 101 (Line)
Info    : [ 10%] Meshing curve 102 (Line)
Info    : [ 10%] Meshing curve 103 (Line)
Info    : [ 20%] Meshing curve 104 (Line)
Info    : [ 20%] Meshing curve 105 (Line)
Info    : [ 20%] Meshing curve 106 (Line)
Info    : [ 20%] Meshing curve 107 (Line)
Info    : [ 20%] Meshing curve 108 (Line)
Info    : [ 20%] Meshing curve 109 (Line)
Info    : [ 20%] Meshing curve 110 (Line)
Info    : [ 20%] Meshing curve 111 (Line)
Info    : [ 20%] Meshing curve 112 (Line)
Info    : [ 20%] Meshing curve 113 (Line)
Info    : [ 20%] Meshing curve 114 (Line)
Info    : [ 20%] Meshing curve 115 (Line)
Info    : [ 20%] Meshing curve 116 (Line)
Info    : [ 20%] Meshing curve 117 (Line)
Info    : [ 20%] Meshing curve 118 (Line)
Info    : [ 20%] Meshing curve 119 (Line)
Info    : [ 20%] Meshing curve 120 (Line)
Info    : [ 20%] Meshing curve 121 (Line)
Info    : [ 20%] Meshing curve 122 (Line)
Info    : [ 20%] Meshing curve 123 (Line)
Info    : [ 20%] Meshing curve 124 (Line)
Info    : [ 20%] Meshing curve 125 (Line)
Info    : [ 20%] Meshing curve 126 (Line)
Info    : [ 20%] Meshing curve 127 (Line)
Info    : [ 20%] Meshing curve 128 (Line)
Info    : [ 20%] Meshing curve 129 (Line)
Info    : [ 20%] Meshing curve 130 (Line)
Info    : [ 20%] Meshing curve 131 (Line)
Info    : [ 20%] Meshing curve 132 (Line)
Info    : [ 20%] Meshing curve 133 (Line)
Info    : [ 20%] Meshing curve 134 (Line)
Info    : [ 20%] Meshing curve 135 (Line)
Info    : [ 20%] Meshing curve 136 (Line)
Info    : [ 30%] Meshing curve 137 (Line)
Info    : [ 30%] Meshing curve 138 (Line)
Info    : [ 30%] Meshing curve 139 (Line)
Info    : [ 30%] Meshing curve 140 (Line)
Info    : [ 30%] Meshing curve 141 (Line)
Info    : [ 30%] Meshing curve 142 (Line)
Info    : [ 30%] Meshing curve 143 (Line)
Info    : [ 30%] Meshing curve 144 (Line)
Info    : [ 30%] Meshing curve 145 (Line)
Info    : [ 30%] Meshing curve 146 (Line)
Info    : [ 30%] Meshing curve 147 (Line)
Info    : [ 30%] Meshing curve 148 (Line)
Info    : [ 30%] Meshing curve 149 (Line)
Info    : [ 30%] Meshing curve 150 (Line)
Info    : [ 30%] Meshing curve 151 (Line)
Info    : [ 30%] Meshing curve 152 (Line)
Info    : [ 30%] Meshing curve 153 (Line)
Info    : [ 30%] Meshing curve 154 (Line)
Info    : [ 30%] Meshing curve 155 (Line)
Info    : [ 30%] Meshing curve 156 (Line)
Info    : [ 30%] Meshing curve 385 (Line)
Info    : [ 30%] Meshing curve 386 (Line)
Info    : [ 30%] Meshing curve 387 (Line)
Info    : [ 30%] Meshing curve 388 (Line)
Info    : [ 30%] Meshing curve 389 (Line)
Info    : [ 30%] Meshing curve 390 (Line)
Info    : [ 30%] Meshing curve 391 (Line)
Info    : [ 30%] Meshing curve 392 (Line)
Info    : [ 30%] Meshing curve 393 (Line)
Info    : [ 30%] Meshing curve 394 (Line)
Info    : [ 30%] Meshing curve 395 (Line)
Info    : [ 30%] Meshing curve 396 (Line)
Info    : [ 40%] Meshing curve 397 (TrimmedCurve)
Info    : [ 40%] Meshing curve 398 (Line)
Info    : [ 40%] Meshing curve 399 (TrimmedCurve)
Info    : [ 40%] Meshing curve 400 (Line)
Info    : [ 40%] Meshing curve 401 (Line)
Info    : [ 40%] Meshing curve 402 (Line)
Info    : [ 40%] Meshing curve 403 (Line)
Info    : [ 40%] Meshing curve 404 (Line)
Info    : [ 40%] Meshing curve 405 (Line)
Info    : [ 40%] Meshing curve 406 (Line)
Info    : [ 40%] Meshing curve 407 (Line)
Info    : [ 40%] Meshing curve 408 (TrimmedCurve)
Info    : [ 40%] Meshing curve 409 (Line)
Info    : [ 40%] Meshing curve 410 (TrimmedCurve)
Info    : [ 40%] Meshing curve 411 (Line)
Info    : [ 40%] Meshing curve 412 (Line)
Info    : [ 40%] Meshing curve 413 (Line)
Info    : [ 40%] Meshing curve 414 (Line)
Info    : [ 40%] Meshing curve 415 (Line)
Info    : [ 40%] Meshing curve 416 (Line)
Info    : [ 40%] Meshing curve 417 (Line)
Info    : [ 40%] Meshing curve 418 (Line)
Info    : [ 40%] Meshing curve 419 (Line)
Info    : [ 40%] Meshing curve 420 (Line)
Info    : [ 40%] Meshing curve 421 (Line)
Info    : [ 40%] Meshing curve 422 (Line)
Info    : [ 40%] Meshing curve 423 (Line)
Info    : [ 40%] Meshing curve 424 (Line)
Info    : [ 40%] Meshing curve 425 (Line)
Info    : [ 40%] Meshing curve 426 (Line)
Info    : [ 40%] Meshing curve 427 (Line)
Info    : [ 40%] Meshing curve 428 (Line)
Info    : [ 40%] Meshing curve 429 (Line)
Info    : [ 50%] Meshing curve 430 (Line)
Info    : [ 50%] Meshing curve 431 (Line)
Info    : [ 50%] Meshing curve 432 (TrimmedCurve)
Info    : [ 50%] Meshing curve 433 (Line)
Info    : [ 50%] Meshing curve 434 (TrimmedCurve)
Info    : [ 50%] Meshing curve 435 (Line)
Info    : [ 50%] Meshing curve 436 (TrimmedCurve)
Info    : [ 50%] Meshing curve 437 (Line)
Info    : [ 50%] Meshing curve 438 (TrimmedCurve)
Info    : [ 50%] Meshing curve 439 (Line)
Info    : [ 50%] Meshing curve 440 (TrimmedCurve)
Info    : [ 50%] Meshing curve 441 (Line)
Info    : [ 50%] Meshing curve 442 (TrimmedCurve)
Info    : [ 50%] Meshing curve 443 (Line)
Info    : [ 50%] Meshing curve 444 (Line)
Info    : [ 50%] Meshing curve 445 (Line)
Info    : [ 50%] Meshing curve 446 (Line)
Info    : [ 50%] Meshing curve 447 (Line)
Info    : [ 50%] Meshing curve 448 (TrimmedCurve)
Info    : [ 50%] Meshing curve 449 (Line)
Info    : [ 50%] Meshing curve 450 (TrimmedCurve)
Info    : [ 50%] Meshing curve 451 (Line)
Info    : [ 50%] Meshing curve 452 (TrimmedCurve)
Info    : [ 50%] Meshing curve 453 (Line)
Info    : [ 50%] Meshing curve 454 (TrimmedCurve)
Info    : [ 50%] Meshing curve 455 (Line)
Info    : [ 50%] Meshing curve 456 (TrimmedCurve)
Info    : [ 50%] Meshing curve 457 (Line)
Info    : [ 50%] Meshing curve 458 (TrimmedCurve)
Info    : [ 50%] Meshing curve 459 (Line)
Info    : [ 50%] Meshing curve 460 (Line)
Info    : [ 50%] Meshing curve 461 (TrimmedCurve)
Info    : [ 50%] Meshing curve 462 (Line)
Info    : [ 60%] Meshing curve 463 (TrimmedCurve)
Info    : [ 60%] Meshing curve 464 (Line)
Info    : [ 60%] Meshing curve 465 (TrimmedCurve)
Info    : [ 60%] Meshing curve 466 (Line)
Info    : [ 60%] Meshing curve 467 (TrimmedCurve)
Info    : [ 60%] Meshing curve 468 (Line)
Info    : [ 60%] Meshing curve 469 (TrimmedCurve)
Info    : [ 60%] Meshing curve 470 (Line)
Info    : [ 60%] Meshing curve 471 (TrimmedCurve)
Info    : [ 60%] Meshing curve 472 (Line)
Info    : [ 60%] Meshing curve 473 (Line)
Info    : [ 60%] Meshing curve 474 (Line)
Info    : [ 60%] Meshing curve 475 (Line)
Info    : [ 60%] Meshing curve 476 (Line)
Info    : [ 60%] Meshing curve 477 (TrimmedCurve)
Info    : [ 60%] Meshing curve 478 (Line)
Info    : [ 60%] Meshing curve 479 (TrimmedCurve)
Info    : [ 60%] Meshing curve 480 (Line)
Info    : [ 60%] Meshing curve 481 (TrimmedCurve)
Info    : [ 60%] Meshing curve 482 (Line)
Info    : [ 60%] Meshing curve 483 (TrimmedCurve)
Info    : [ 60%] Meshing curve 484 (Line)
Info    : [ 60%] Meshing curve 485 (TrimmedCurve)
Info    : [ 60%] Meshing curve 486 (Line)
Info    : [ 60%] Meshing curve 487 (TrimmedCurve)
Info    : [ 60%] Meshing curve 488 (Line)
Info    : [ 60%] Meshing curve 489 (Line)
Info    : [ 60%] Meshing curve 490 (Line)
Info    : [ 60%] Meshing curve 491 (Line)
Info    : [ 60%] Meshing curve 492 (Line)
Info    : [ 60%] Meshing curve 493 (Line)
Info    : [ 60%] Meshing curve 494 (Line)
Info    : [ 70%] Meshing curve 495 (Line)
Info    : [ 70%] Meshing curve 496 (Line)
Info    : [ 70%] Meshing curve 497 (Line)
Info    : [ 70%] Meshing curve 498 (Line)
Info    : [ 70%] Meshing curve 499 (Line)
Info    : [ 70%] Meshing curve 500 (Line)
Info    : [ 70%] Meshing curve 501 (Line)
Info    : [ 70%] Meshing curve 502 (Line)
Info    : [ 70%] Meshing curve 503 (Line)
Info    : [ 70%] Meshing curve 504 (Line)
Info    : [ 70%] Meshing curve 505 (Line)
Info    : [ 70%] Meshing curve 506 (Line)
Info    : [ 70%] Meshing curve 507 (Line)
Info    : [ 70%] Meshing curve 508 (Line)
Info    : [ 70%] Meshing curve 509 (Line)
Info    : [ 70%] Meshing curve 510 (Line)
Info    : [ 70%] Meshing curve 511 (Line)
Info    : [ 70%] Meshing curve 512 (Line)
Info    : [ 70%] Meshing curve 513 (Line)
Info    : [ 70%] Meshing curve 514 (Line)
Info    : [ 70%] Meshing curve 515 (Line)
Info    : [ 70%] Meshing curve 516 (Line)
Info    : [ 70%] Meshing curve 517 (Line)
Info    : [ 70%] Meshing curve 518 (Line)
Info    : [ 70%] Meshing curve 519 (Line)
Info    : [ 70%] Meshing curve 520 (Line)
Info    : [ 70%] Meshing curve 521 (Line)
Info    : [ 70%] Meshing curve 522 (Line)
Info    : [ 70%] Meshing curve 523 (Line)
Info    : [ 70%] Meshing curve 524 (Line)
Info    : [ 70%] Meshing curve 525 (Line)
Info    : [ 70%] Meshing curve 526 (Line)
Info    : [ 70%] Meshing curve 527 (Line)
Info    : [ 80%] Meshing curve 528 (TrimmedCurve)
Info    : [ 80%] Meshing curve 529 (Line)
Info    : [ 80%] Meshing curve 530 (Line)
Info    : [ 80%] Meshing curve 531 (Line)
Info    : [ 80%] Meshing curve 532 (Line)
Info    : [ 80%] Meshing curve 533 (Line)
Info    : [ 80%] Meshing curve 534 (TrimmedCurve)
Info    : [ 80%] Meshing curve 535 (Line)
Info    : [ 80%] Meshing curve 536 (Line)
Info    : [ 80%] Meshing curve 537 (TrimmedCurve)
Info    : [ 80%] Meshing curve 538 (Line)
Info    : [ 80%] Meshing curve 539 (Line)
Info    : [ 80%] Meshing curve 540 (Line)
Info    : [ 80%] Meshing curve 541 (Line)
Info    : [ 80%] Meshing curve 542 (Line)
Info    : [ 80%] Meshing curve 543 (TrimmedCurve)
Info    : [ 80%] Meshing curve 544 (Line)
Info    : [ 80%] Meshing curve 545 (Line)
Info    : [ 80%] Meshing curve 546 (Line)
Info    : [ 80%] Meshing curve 547 (Line)
Info    : [ 80%] Meshing curve 548 (Line)
Info    : [ 80%] Meshing curve 549 (Line)
Info    : [ 80%] Meshing curve 550 (Line)
Info    : [ 80%] Meshing curve 551 (Line)
Info    : [ 80%] Meshing curve 552 (Line)
Info    : [ 80%] Meshing curve 553 (Line)
Info    : [ 80%] Meshing curve 554 (Line)
Info    : [ 80%] Meshing curve 555 (Line)
Info    : [ 80%] Meshing curve 556 (Line)
Info    : [ 80%] Meshing curve 557 (Line)
Info    : [ 80%] Meshing curve 558 (Line)
Info    : [ 80%] Meshing curve 559 (Line)
Info    : [ 90%] Meshing curve 560 (Line)
Info    : [ 90%] Meshing curve 561 (Line)
Info    : [ 90%] Meshing curve 562 (Line)
Info    : [ 90%] Meshing curve 563 (Line)
Info    : [ 90%] Meshing curve 564 (Line)
Info    : [ 90%] Meshing curve 565 (Line)
Info    : [ 90%] Meshing curve 566 (Line)
Info    : [ 90%] Meshing curve 567 (Line)
Info    : [ 90%] Meshing curve 568 (Line)
Info    : [ 90%] Meshing curve 569 (Line)
Info    : [ 90%] Meshing curve 570 (Line)
Info    : [ 90%] Meshing curve 571 (Line)
Info    : [ 90%] Meshing curve 572 (Line)
Info    : [ 90%] Meshing curve 573 (Line)
Info    : [ 90%] Meshing curve 574 (Line)
Info    : [ 90%] Meshing curve 575 (Line)
Info    : [ 90%] Meshing curve 576 (Line)
Info    : [ 90%] Meshing curve 577 (Line)
Info    : [ 90%] Meshing curve 578 (Line)
Info    : [ 90%] Meshing curve 579 (Line)
Info    : [ 90%] Meshing curve 580 (Line)
Info    : [ 90%] Meshing curve 581 (Line)
Info    : [ 90%] Meshing curve 582 (Line)
Info    : [ 90%] Meshing curve 583 (Line)
Info    : [ 90%] Meshing curve 584 (Line)
Info    : [ 90%] Meshing curve 585 (Line)
Info    : [ 90%] Meshing curve 586 (Line)
Info    : [ 90%] Meshing curve 587 (Line)
Info    : [ 90%] Meshing curve 588 (Line)
Info    : [ 90%] Meshing curve 589 (Line)
Info    : [ 90%] Meshing curve 590 (Line)
Info    : [ 90%] Meshing curve 591 (Line)
Info    : [ 90%] Meshing curve 592 (Line)
Info    : [100%] Meshing curve 593 (Line)
Info    : [100%] Meshing curve 594 (Line)
Info    : [100%] Meshing curve 595 (Line)
Info    : [100%] Meshing curve 596 (Line)
Info    : [100%] Meshing curve 597 (Line)
Info    : [100%] Meshing curve 598 (Line)
Info    : [100%] Meshing curve 599 (Line)
Info    : [100%] Meshing curve 600 (Line)
Info    : [100%] Meshing curve 601 (Line)
Info    : [100%] Meshing curve 602 (Line)
Info    : [100%] Meshing curve 603 (Line)
Info    : [100%] Meshing curve 604 (Line)
Info    : [100%] Meshing curve 605 (Line)
Info    : [100%] Meshing curve 606 (Line)
Info    : [100%] Meshing curve 607 (Line)
Info    : [100%] Meshing curve 608 (Line)
Info    : [100%] Meshing curve 609 (Line)
Info    : [100%] Meshing curve 610 (Line)
Info    : [100%] Meshing curve 611 (Line)
Info    : [100%] Meshing curve 612 (Line)
Info    : [100%] Meshing curve 613 (Line)
Info    : [100%] Meshing curve 614 (Line)
Info    : [100%] Meshing curve 615 (Line)
Info    : [100%] Meshing curve 616 (Line)
Info    : [100%] Meshing curve 617 (Line)
Info    : [100%] Meshing curve 618 (Line)
Info    : [100%] Meshing curve 619 (Line)
Info    : [100%] Meshing curve 620 (Line)
Info    : [100%] Meshing curve 621 (Line)
Info    : [100%] Meshing curve 622 (Line)
Info    : [100%] Meshing curve 623 (Line)
Info    : [100%] Meshing curve 624 (Line)
Info    : Done meshing 1D (Wall 1.64605s, CPU 1.63072s)
Info    : Meshing 2D...
Info    : [  0%] Meshing surface 35 (Plane, Delaunay)
Info    : [ 10%] Meshing surface 41 (Plane, Delaunay)
Info    : [ 10%] Meshing surface 43 (Plane, Delaunay)
Info    : [ 10%] Meshing surface 44 (Plane, Delaunay)
Info    : [ 10%] Meshing surface 45 (Plane, Delaunay)
Info    : [ 10%] Meshing surface 46 (Plane, Delaunay)
Info    : [ 10%] Meshing surface 47 (Plane, Delaunay)
Info    : [ 10%] Meshing surface 48 (Plane, Delaunay)
Info    : [ 10%] Meshing surface 49 (Plane, Delaunay)
Info    : [ 10%] Meshing surface 50 (Plane, Delaunay)
Info    : [ 10%] Meshing surface 51 (Plane, Delaunay)
Info    : [ 10%] Meshing surface 53 (Plane, Delaunay)
Info    : [ 10%] Meshing surface 54 (Plane, Delaunay)
Info    : [ 10%] Meshing surface 55 (Plane, Delaunay)
Info    : [ 10%] Meshing surface 56 (Plane, Delaunay)
Info    : [ 20%] Meshing surface 57 (Plane, Delaunay)
Info    : [ 20%] Meshing surface 58 (Plane, Delaunay)
Info    : [ 20%] Meshing surface 59 (Plane, Delaunay)
Info    : [ 20%] Meshing surface 60 (Plane, Delaunay)
Info    : [ 20%] Meshing surface 61 (Plane, Delaunay)
Info    : [ 20%] Meshing surface 62 (Plane, Delaunay)
Info    : [ 20%] Meshing surface 63 (Plane, Delaunay)
Info    : [ 20%] Meshing surface 64 (Plane, Delaunay)
Info    : [ 20%] Meshing surface 65 (Plane, Delaunay)
Info    : [ 20%] Meshing surface 66 (Plane, Delaunay)
Info    : [ 20%] Meshing surface 67 (Plane, Delaunay)
Info    : [ 20%] Meshing surface 68 (Plane, Delaunay)
Info    : [ 20%] Meshing surface 69 (Plane, Delaunay)
Info    : [ 20%] Meshing surface 70 (Plane, Delaunay)
Info    : [ 30%] Meshing surface 71 (Plane, Delaunay)
Info    : [ 30%] Meshing surface 72 (Plane, Delaunay)
Info    : [ 30%] Meshing surface 73 (Plane, Delaunay)
Info    : [ 30%] Meshing surface 74 (Plane, Delaunay)
Info    : [ 30%] Meshing surface 75 (Plane, Delaunay)
Info    : [ 30%] Meshing surface 76 (Plane, Delaunay)
Info    : [ 30%] Meshing surface 173 (Plane, Delaunay)
Info    : [ 30%] Meshing surface 174 (Plane, Delaunay)
Info    : [ 30%] Meshing surface 175 (Plane, Delaunay)
Info    : [ 30%] Meshing surface 177 (Plane, Delaunay)
Info    : [ 30%] Meshing surface 178 (Plane, Delaunay)
Info    : [ 30%] Meshing surface 179 (Plane, Delaunay)
Info    : [ 30%] Meshing surface 180 (Plane, Delaunay)
Info    : [ 30%] Meshing surface 181 (Plane, Delaunay)
Info    : [ 40%] Meshing surface 182 (Plane, Delaunay)
Info    : [ 40%] Meshing surface 183 (Plane, Delaunay)
Info    : [ 40%] Meshing surface 184 (Plane, Delaunay)
Info    : [ 40%] Meshing surface 185 (Plane, Delaunay)
Info    : [ 40%] Meshing surface 186 (Plane, Delaunay)
Info    : [ 40%] Meshing surface 187 (Plane, Delaunay)
Info    : [ 40%] Meshing surface 188 (Plane, Delaunay)
Info    : [ 40%] Meshing surface 189 (Plane, Delaunay)
Info    : [ 40%] Meshing surface 191 (Plane, Delaunay)
Info    : [ 40%] Meshing surface 192 (Plane, Delaunay)
Info    : [ 40%] Meshing surface 193 (Plane, Delaunay)
Info    : [ 40%] Meshing surface 194 (Plane, Delaunay)
Info    : [ 40%] Meshing surface 195 (Plane, Delaunay)
Info    : [ 40%] Meshing surface 196 (Plane, Delaunay)
Info    : [ 50%] Meshing surface 197 (Plane, Delaunay)
Info    : [ 50%] Meshing surface 198 (Plane, Delaunay)
Info    : [ 50%] Meshing surface 199 (Plane, Delaunay)
Info    : [ 50%] Meshing surface 200 (Plane, Delaunay)
Info    : [ 50%] Meshing surface 201 (Plane, Delaunay)
Info    : [ 50%] Meshing surface 202 (Plane, Delaunay)
Info    : [ 50%] Meshing surface 203 (Plane, Delaunay)
Info    : [ 50%] Meshing surface 204 (Plane, Delaunay)
Info    : [ 50%] Meshing surface 205 (Plane, Delaunay)
Info    : [ 50%] Meshing surface 206 (Plane, Delaunay)
Info    : [ 50%] Meshing surface 207 (Plane, Delaunay)
Info    : [ 50%] Meshing surface 208 (Plane, Delaunay)
Info    : [ 50%] Meshing surface 209 (Plane, Delaunay)
Info    : [ 50%] Meshing surface 210 (Plane, Delaunay)
Info    : [ 50%] Meshing surface 211 (Plane, Delaunay)
Info    : [ 60%] Meshing surface 212 (Plane, Delaunay)
Info    : [ 60%] Meshing surface 213 (Plane, Delaunay)
Info    : [ 60%] Meshing surface 214 (Plane, Delaunay)
Info    : [ 60%] Meshing surface 215 (Plane, Delaunay)
Info    : [ 60%] Meshing surface 216 (Plane, Delaunay)
Info    : [ 60%] Meshing surface 217 (Plane, Delaunay)
Info    : [ 60%] Meshing surface 218 (Plane, Delaunay)
Info    : [ 60%] Meshing surface 219 (Plane, Delaunay)
Info    : [ 60%] Meshing surface 220 (Plane, Delaunay)
Info    : [ 60%] Meshing surface 221 (Plane, Delaunay)
Info    : [ 60%] Meshing surface 222 (Plane, Delaunay)
Info    : [ 60%] Meshing surface 223 (Plane, Delaunay)
Info    : [ 60%] Meshing surface 225 (Plane, Delaunay)
Info    : [ 60%] Meshing surface 226 (Plane, Delaunay)
Info    : [ 70%] Meshing surface 227 (Plane, Delaunay)
Info    : [ 70%] Meshing surface 228 (Plane, Delaunay)
Info    : [ 70%] Meshing surface 229 (Plane, Delaunay)
Info    : [ 70%] Meshing surface 230 (Plane, Delaunay)
Info    : [ 70%] Meshing surface 231 (Plane, Delaunay)
Info    : [ 70%] Meshing surface 232 (Plane, Delaunay)
Info    : [ 70%] Meshing surface 233 (Plane, Delaunay)
Info    : [ 70%] Meshing surface 234 (Plane, Delaunay)
Info    : [ 70%] Meshing surface 235 (Plane, Delaunay)
Info    : [ 70%] Meshing surface 236 (Plane, Delaunay)
Info    : [ 70%] Meshing surface 237 (Plane, Delaunay)
Info    : [ 70%] Meshing surface 238 (Plane, Delaunay)
Info    : [ 70%] Meshing surface 239 (Plane, Delaunay)
Info    : [ 70%] Meshing surface 240 (Plane, Delaunay)
Info    : [ 80%] Meshing surface 241 (Plane, Delaunay)
Info    : [ 80%] Meshing surface 242 (Plane, Delaunay)
Info    : [ 80%] Meshing surface 243 (Plane, Delaunay)
Info    : [ 80%] Meshing surface 244 (Plane, Delaunay)
Info    : [ 80%] Meshing surface 245 (Plane, Delaunay)
Info    : [ 80%] Meshing surface 246 (Plane, Delaunay)
Info    : [ 80%] Meshing surface 247 (Plane, Delaunay)
Info    : [ 80%] Meshing surface 248 (Plane, Delaunay)
Info    : [ 80%] Meshing surface 249 (Plane, Delaunay)
Info    : [ 80%] Meshing surface 250 (Plane, Delaunay)
Info    : [ 80%] Meshing surface 251 (Plane, Delaunay)
Info    : [ 80%] Meshing surface 252 (Plane, Delaunay)
Info    : [ 80%] Meshing surface 253 (Plane, Delaunay)
Info    : [ 80%] Meshing surface 254 (Plane, Delaunay)
Info    : [ 90%] Meshing surface 255 (Plane, Delaunay)
Info    : [ 90%] Meshing surface 256 (Plane, Delaunay)
Info    : [ 90%] Meshing surface 257 (Plane, Delaunay)
Info    : [ 90%] Meshing surface 258 (Plane, Delaunay)
Info    : [ 90%] Meshing surface 259 (Plane, Delaunay)
Info    : [ 90%] Meshing surface 260 (Plane, Delaunay)
Info    : [ 90%] Meshing surface 261 (Plane, Delaunay)
Info    : [ 90%] Meshing surface 262 (Plane, Delaunay)
Info    : [ 90%] Meshing surface 263 (Plane, Delaunay)
Info    : [ 90%] Meshing surface 264 (Plane, Delaunay)
Info    : [ 90%] Meshing surface 265 (Plane, Delaunay)
Info    : [ 90%] Meshing surface 266 (Plane, Delaunay)
Info    : [ 90%] Meshing surface 267 (Plane, Delaunay)
Info    : [ 90%] Meshing surface 268 (Plane, Delaunay)
Info    : [100%] Meshing surface 269 (Plane, Delaunay)
Info    : [100%] Meshing surface 270 (Plane, Delaunay)
Info    : [100%] Meshing surface 271 (Plane, Delaunay)
Info    : [100%] Meshing surface 272 (Plane, Delaunay)
Info    : [100%] Meshing surface 273 (Plane, Delaunay)
Info    : [100%] Meshing surface 274 (Plane, Delaunay)
Info    : [100%] Meshing surface 275 (Plane, Delaunay)
Info    : [100%] Meshing surface 276 (Plane, Delaunay)
Info    : [100%] Meshing surface 277 (Plane, Delaunay)
Info    : [100%] Meshing surface 278 (Plane, Delaunay)
Info    : [100%] Meshing surface 279 (Plane, Delaunay)
Info    : [100%] Meshing surface 280 (Plane, Delaunay)
Info    : [100%] Meshing surface 281 (Plane, Delaunay)
Info    : [100%] Meshing surface 282 (Plane, Delaunay)
Info    : Done meshing 2D (Wall 0.52249s, CPU 0.516031s)
Info    : Meshing 3D...
Info    : 3D Meshing 16 volumes with 1 connected component
Info    : Tetrahedrizing 4699 nodes...
Info    : Done tetrahedrizing 4707 nodes (Wall 0.0605122s, CPU 0.060176s)
Info    : Reconstructing mesh...
Info    :  - Creating surface mesh
Info    :  - Identifying boundary edges
Info    :  - Recovering boundary
Info    :  - Added 24 Steiner points
Info    : Done reconstructing mesh (Wall 0.231947s, CPU 0.230635s)
Info    : Found volume 27
Info    : Found volume 28
Info    : Found volume 23
Info    : Found volume 26
Info    : Found volume 11
Info    : Found volume 30
Info    : Found volume 29
Info    : Found volume 31
Info    : Found volume 6
Info    : Found volume 7
Info    : Found volume 8
Info    : Found volume 25
Info    : Found volume 24
Info    : Found volume 12
Info    : Found volume 10
Info    : Found volume 9
Info    : It. 0 - 0 nodes created - worst tet radius 13.2339 (nodes removed 0 0)
Info    : It. 500 - 2 nodes created - worst tet radius 4.305 (nodes removed 0 498)
Info    : It. 1000 - 14 nodes created - worst tet radius 2.43816 (nodes removed 0 986)
Info    : It. 1500 - 65 nodes created - worst tet radius 1.60468 (nodes removed 0 1435)
Info    : It. 2000 - 167 nodes created - worst tet radius 1.22416 (nodes removed 4 1829)
Info    : It. 2500 - 288 nodes created - worst tet radius 1.05313 (nodes removed 4 2208)
Info    : 3D refinement terminated (5109 nodes total):
Info    :  - 1 Delaunay cavities modified for star shapeness
Info    :  - 2404 nodes could not be inserted
Info    :  - 30140 tetrahedra created in 0.111232 sec. (270964 tets/s)
Info    : 275 node relocations
Info    : Done meshing 3D (Wall 0.619972s, CPU 0.616468s)
Info    : Optimizing mesh...
Info    : Optimizing volume 6
Info    : Optimization starts (volume = 234) with worst = 0.209192 / average = 0.60001:
Info    : 0.00 < quality < 0.10 :         0 elements
Info    : 0.10 < quality < 0.20 :         0 elements
Info    : 0.20 < quality < 0.30 :        35 elements
Info    : 0.30 < quality < 0.40 :         7 elements
Info    : 0.40 < quality < 0.50 :         3 elements
Info    : 0.50 < quality < 0.60 :         6 elements
Info    : 0.60 < quality < 0.70 :        60 elements
Info    : 0.70 < quality < 0.80 :        46 elements
Info    : 0.80 < quality < 0.90 :        10 elements
Info    : 0.90 < quality < 1.00 :         1 elements
Info    : No ill-shaped tets in the mesh :-)
Info    : 0.00 < quality < 0.10 :         0 elements
Info    : 0.10 < quality < 0.20 :         0 elements
Info    : 0.20 < quality < 0.30 :        35 elements
Info    : 0.30 < quality < 0.40 :         7 elements
Info    : 0.40 < quality < 0.50 :         3 elements
Info    : 0.50 < quality < 0.60 :         6 elements
Info    : 0.60 < quality < 0.70 :        60 elements
Info    : 0.70 < quality < 0.80 :        46 elements
Info    : 0.80 < quality < 0.90 :        10 elements
Info    : 0.90 < quality < 1.00 :         1 elements
Info    : Optimizing volume 7
Info    : Optimization starts (volume = 234) with worst = 0.209192 / average = 0.599913:
Info    : 0.00 < quality < 0.10 :         0 elements
Info    : 0.10 < quality < 0.20 :         0 elements
Info    : 0.20 < quality < 0.30 :        35 elements
Info    : 0.30 < quality < 0.40 :         7 elements
Info    : 0.40 < quality < 0.50 :         3 elements
Info    : 0.50 < quality < 0.60 :         6 elements
Info    : 0.60 < quality < 0.70 :        60 elements
Info    : 0.70 < quality < 0.80 :        46 elements
Info    : 0.80 < quality < 0.90 :        10 elements
Info    : 0.90 < quality < 1.00 :         1 elements
Info    : No ill-shaped tets in the mesh :-)
Info    : 0.00 < quality < 0.10 :         0 elements
Info    : 0.10 < quality < 0.20 :         0 elements
Info    : 0.20 < quality < 0.30 :        35 elements
Info    : 0.30 < quality < 0.40 :         7 elements
Info    : 0.40 < quality < 0.50 :         3 elements
Info    : 0.50 < quality < 0.60 :         6 elements
Info    : 0.60 < quality < 0.70 :        60 elements
Info    : 0.70 < quality < 0.80 :        46 elements
Info    : 0.80 < quality < 0.90 :        10 elements
Info    : 0.90 < quality < 1.00 :         1 elements
Info    : Optimizing volume 8
Info    : Optimization starts (volume = 109.224) with worst = 0.219132 / average = 0.608138:
Info    : 0.00 < quality < 0.10 :         0 elements
Info    : 0.10 < quality < 0.20 :         0 elements
Info    : 0.20 < quality < 0.30 :         6 elements
Info    : 0.30 < quality < 0.40 :        10 elements
Info    : 0.40 < quality < 0.50 :        24 elements
Info    : 0.50 < quality < 0.60 :        14 elements
Info    : 0.60 < quality < 0.70 :        18 elements
Info    : 0.70 < quality < 0.80 :        18 elements
Info    : 0.80 < quality < 0.90 :        20 elements
Info    : 0.90 < quality < 1.00 :         4 elements
Info    : No ill-shaped tets in the mesh :-)
Info    : 0.00 < quality < 0.10 :         0 elements
Info    : 0.10 < quality < 0.20 :         0 elements
Info    : 0.20 < quality < 0.30 :         6 elements
Info    : 0.30 < quality < 0.40 :        10 elements
Info    : 0.40 < quality < 0.50 :        24 elements
Info    : 0.50 < quality < 0.60 :        14 elements
Info    : 0.60 < quality < 0.70 :        18 elements
Info    : 0.70 < quality < 0.80 :        18 elements
Info    : 0.80 < quality < 0.90 :        20 elements
Info    : 0.90 < quality < 1.00 :         4 elements
Info    : Optimizing volume 9
Info    : Optimization starts (volume = 2.268) with worst = 0.266475 / average = 0.325093:
Info    : 0.00 < quality < 0.10 :         0 elements
Info    : 0.10 < quality < 0.20 :         0 elements
Info    : 0.20 < quality < 0.30 :         4 elements
Info    : 0.30 < quality < 0.40 :         8 elements
Info    : 0.40 < quality < 0.50 :         0 elements
Info    : 0.50 < quality < 0.60 :         0 elements
Info    : 0.60 < quality < 0.70 :         0 elements
Info    : 0.70 < quality < 0.80 :         0 elements
Info    : 0.80 < quality < 0.90 :         0 elements
Info    : 0.90 < quality < 1.00 :         0 elements
Info    : No ill-shaped tets in the mesh :-)
Info    : 0.00 < quality < 0.10 :         0 elements
Info    : 0.10 < quality < 0.20 :         0 elements
Info    : 0.20 < quality < 0.30 :         4 elements
Info    : 0.30 < quality < 0.40 :         8 elements
Info    : 0.40 < quality < 0.50 :         0 elements
Info    : 0.50 < quality < 0.60 :         0 elements
Info    : 0.60 < quality < 0.70 :         0 elements
Info    : 0.70 < quality < 0.80 :         0 elements
Info    : 0.80 < quality < 0.90 :         0 elements
Info    : 0.90 < quality < 1.00 :         0 elements
Info    : Optimizing volume 10
Info    : Optimization starts (volume = 2.268) with worst = 0.266475 / average = 0.325093:
Info    : 0.00 < quality < 0.10 :         0 elements
Info    : 0.10 < quality < 0.20 :         0 elements
Info    : 0.20 < quality < 0.30 :         4 elements
Info    : 0.30 < quality < 0.40 :         8 elements
Info    : 0.40 < quality < 0.50 :         0 elements
Info    : 0.50 < quality < 0.60 :         0 elements
Info    : 0.60 < quality < 0.70 :         0 elements
Info    : 0.70 < quality < 0.80 :         0 elements
Info    : 0.80 < quality < 0.90 :         0 elements
Info    : 0.90 < quality < 1.00 :         0 elements
Info    : No ill-shaped tets in the mesh :-)
Info    : 0.00 < quality < 0.10 :         0 elements
Info    : 0.10 < quality < 0.20 :         0 elements
Info    : 0.20 < quality < 0.30 :         4 elements
Info    : 0.30 < quality < 0.40 :         8 elements
Info    : 0.40 < quality < 0.50 :         0 elements
Info    : 0.50 < quality < 0.60 :         0 elements
Info    : 0.60 < quality < 0.70 :         0 elements
Info    : 0.70 < quality < 0.80 :         0 elements
Info    : 0.80 < quality < 0.90 :         0 elements
Info    : 0.90 < quality < 1.00 :         0 elements
Info    : Optimizing volume 11
Info    : Optimization starts (volume = 2.268) with worst = 0.0280207 / average = 0.26468:
Info    : 0.00 < quality < 0.10 :         6 elements
Info    : 0.10 < quality < 0.20 :         0 elements
Info    : 0.20 < quality < 0.30 :         2 elements
Info    : 0.30 < quality < 0.40 :         7 elements
Info    : 0.40 < quality < 0.50 :         0 elements
Info    : 0.50 < quality < 0.60 :         0 elements
Info    : 0.60 < quality < 0.70 :         2 elements
Info    : 0.70 < quality < 0.80 :         0 elements
Info    : 0.80 < quality < 0.90 :         0 elements
Info    : 0.90 < quality < 1.00 :         0 elements
Info    : 2 edge swaps, 0 node relocations (volume = 2.268): worst = 0.0280207 / average = 0.310559 (Wall 7.3997e-05s, CPU 7.3e-05s)
Info    : No ill-shaped tets in the mesh :-)
Info    : 0.00 < quality < 0.10 :         4 elements
Info    : 0.10 < quality < 0.20 :         1 elements
Info    : 0.20 < quality < 0.30 :         4 elements
Info    : 0.30 < quality < 0.40 :         3 elements
Info    : 0.40 < quality < 0.50 :         1 elements
Info    : 0.50 < quality < 0.60 :         2 elements
Info    : 0.60 < quality < 0.70 :         2 elements
Info    : 0.70 < quality < 0.80 :         0 elements
Info    : 0.80 < quality < 0.90 :         0 elements
Info    : 0.90 < quality < 1.00 :         0 elements
Info    : Optimizing volume 12
Info    : Optimization starts (volume = 2.268) with worst = 0.266475 / average = 0.325093:
Info    : 0.00 < quality < 0.10 :         0 elements
Info    : 0.10 < quality < 0.20 :         0 elements
Info    : 0.20 < quality < 0.30 :         4 elements
Info    : 0.30 < quality < 0.40 :         8 elements
Info    : 0.40 < quality < 0.50 :         0 elements
Info    : 0.50 < quality < 0.60 :         0 elements
Info    : 0.60 < quality < 0.70 :         0 elements
Info    : 0.70 < quality < 0.80 :         0 elements
Info    : 0.80 < quality < 0.90 :         0 elements
Info    : 0.90 < quality < 1.00 :         0 elements
Info    : No ill-shaped tets in the mesh :-)
Info    : 0.00 < quality < 0.10 :         0 elements
Info    : 0.10 < quality < 0.20 :         0 elements
Info    : 0.20 < quality < 0.30 :         4 elements
Info    : 0.30 < quality < 0.40 :         8 elements
Info    : 0.40 < quality < 0.50 :         0 elements
Info    : 0.50 < quality < 0.60 :         0 elements
Info    : 0.60 < quality < 0.70 :         0 elements
Info    : 0.70 < quality < 0.80 :         0 elements
Info    : 0.80 < quality < 0.90 :         0 elements
Info    : 0.90 < quality < 1.00 :         0 elements
Info    : Optimizing volume 23
Info    : Optimization starts (volume = 6035.85) with worst = 0.00214586 / average = 0.138605:
Info    : 0.00 < quality < 0.10 :       126 elements
Info    : 0.10 < quality < 0.20 :      2271 elements
Info    : 0.20 < quality < 0.30 :       115 elements
Info    : 0.30 < quality < 0.40 :         2 elements
Info    : 0.40 < quality < 0.50 :         0 elements
Info    : 0.50 < quality < 0.60 :         0 elements
Info    : 0.60 < quality < 0.70 :         0 elements
Info    : 0.70 < quality < 0.80 :         0 elements
Info    : 0.80 < quality < 0.90 :         0 elements
Info    : 0.90 < quality < 1.00 :         0 elements
Info    : 197 edge swaps, 14 node relocations (volume = 6035.85): worst = 0.0066296 / average = 0.138827 (Wall 0.0144855s, CPU 0.014397s)
Info    : 212 edge swaps, 30 node relocations (volume = 6035.85): worst = 0.0066296 / average = 0.138831 (Wall 0.0288146s, CPU 0.028653s)
Info    : No ill-shaped tets in the mesh :-)
Info    : 0.00 < quality < 0.10 :       108 elements
Info    : 0.10 < quality < 0.20 :      2232 elements
Info    : 0.20 < quality < 0.30 :       109 elements
Info    : 0.30 < quality < 0.40 :         4 elements
Info    : 0.40 < quality < 0.50 :         0 elements
Info    : 0.50 < quality < 0.60 :         0 elements
Info    : 0.60 < quality < 0.70 :         0 elements
Info    : 0.70 < quality < 0.80 :         0 elements
Info    : 0.80 < quality < 0.90 :         0 elements
Info    : 0.90 < quality < 1.00 :         0 elements
Info    : Optimizing volume 24
Info    : Optimization starts (volume = 4553.64) with worst = 0.0349121 / average = 0.762678:
Info    : 0.00 < quality < 0.10 :         2 elements
Info    : 0.10 < quality < 0.20 :         2 elements
Info    : 0.20 < quality < 0.30 :         8 elements
Info    : 0.30 < quality < 0.40 :        14 elements
Info    : 0.40 < quality < 0.50 :        14 elements
Info    : 0.50 < quality < 0.60 :       170 elements
Info    : 0.60 < quality < 0.70 :       293 elements
Info    : 0.70 < quality < 0.80 :       175 elements
Info    : 0.80 < quality < 0.90 :       441 elements
Info    : 0.90 < quality < 1.00 :       273 elements
Info    : 5 edge swaps, 0 node relocations (volume = 4553.64): worst = 0.267487 / average = 0.764591 (Wall 0.000216002s, CPU 0.000219s)
Info    : 7 edge swaps, 0 node relocations (volume = 4553.64): worst = 0.267487 / average = 0.764565 (Wall 0.000309975s, CPU 0.000313s)
Info    : No ill-shaped tets in the mesh :-)
Info    : 0.00 < quality < 0.10 :         0 elements
Info    : 0.10 < quality < 0.20 :         0 elements
Info    : 0.20 < quality < 0.30 :         5 elements
Info    : 0.30 < quality < 0.40 :        13 elements
Info    : 0.40 < quality < 0.50 :        14 elements
Info    : 0.50 < quality < 0.60 :       172 elements
Info    : 0.60 < quality < 0.70 :       294 elements
Info    : 0.70 < quality < 0.80 :       172 elements
Info    : 0.80 < quality < 0.90 :       442 elements
Info    : 0.90 < quality < 1.00 :       273 elements
Info    : Optimizing volume 25
Info    : Optimization starts (volume = 1353.02) with worst = 0.0349121 / average = 0.736351:
Info    : 0.00 < quality < 0.10 :         2 elements
Info    : 0.10 < quality < 0.20 :         1 elements
Info    : 0.20 < quality < 0.30 :        10 elements
Info    : 0.30 < quality < 0.40 :        12 elements
Info    : 0.40 < quality < 0.50 :        13 elements
Info    : 0.50 < quality < 0.60 :        38 elements
Info    : 0.60 < quality < 0.70 :       103 elements
Info    : 0.70 < quality < 0.80 :        58 elements
Info    : 0.80 < quality < 0.90 :       133 elements
Info    : 0.90 < quality < 1.00 :        82 elements
Info    : 4 edge swaps, 0 node relocations (volume = 1353.02): worst = 0.264484 / average = 0.739615 (Wall 0.000158276s, CPU 0.000159s)
Info    : 5 edge swaps, 0 node relocations (volume = 1353.02): worst = 0.264484 / average = 0.739578 (Wall 0.000228655s, CPU 0.000229s)
Info    : No ill-shaped tets in the mesh :-)
Info    : 0.00 < quality < 0.10 :         0 elements
Info    : 0.10 < quality < 0.20 :         0 elements
Info    : 0.20 < quality < 0.30 :         7 elements
Info    : 0.30 < quality < 0.40 :        13 elements
Info    : 0.40 < quality < 0.50 :        13 elements
Info    : 0.50 < quality < 0.60 :        41 elements
Info    : 0.60 < quality < 0.70 :       103 elements
Info    : 0.70 < quality < 0.80 :        57 elements
Info    : 0.80 < quality < 0.90 :       132 elements
Info    : 0.90 < quality < 1.00 :        82 elements
Info    : Optimizing volume 26
Info    : Optimization starts (volume = 2.43825e+07) with worst = 0.0396475 / average = 0.632437:
Info    : 0.00 < quality < 0.10 :         6 elements
Info    : 0.10 < quality < 0.20 :        11 elements
Info    : 0.20 < quality < 0.30 :        33 elements
Info    : 0.30 < quality < 0.40 :        88 elements
Info    : 0.40 < quality < 0.50 :       288 elements
Info    : 0.50 < quality < 0.60 :       486 elements
Info    : 0.60 < quality < 0.70 :       413 elements
Info    : 0.70 < quality < 0.80 :       342 elements
Info    : 0.80 < quality < 0.90 :       255 elements
Info    : 0.90 < quality < 1.00 :       118 elements
Info    : 50 edge swaps, 1 node relocations (volume = 2.43825e+07): worst = 0.268443 / average = 0.643292 (Wall 0.00127152s, CPU 0.001266s)
Info    : 53 edge swaps, 1 node relocations (volume = 2.43825e+07): worst = 0.303409 / average = 0.643565 (Wall 0.001428s, CPU 0.001424s)
Info    : No ill-shaped tets in the mesh :-)
Info    : 0.00 < quality < 0.10 :         0 elements
Info    : 0.10 < quality < 0.20 :         0 elements
Info    : 0.20 < quality < 0.30 :         0 elements
Info    : 0.30 < quality < 0.40 :        87 elements
Info    : 0.40 < quality < 0.50 :       286 elements
Info    : 0.50 < quality < 0.60 :       486 elements
Info    : 0.60 < quality < 0.70 :       420 elements
Info    : 0.70 < quality < 0.80 :       349 elements
Info    : 0.80 < quality < 0.90 :       247 elements
Info    : 0.90 < quality < 1.00 :       123 elements
Info    : Optimizing volume 27
Info    : Optimization starts (volume = 48765.1) with worst = 0.000757553 / average = 0.0303701:
Info    : 0.00 < quality < 0.10 :      2319 elements
Info    : 0.10 < quality < 0.20 :       170 elements
Info    : 0.20 < quality < 0.30 :         0 elements
Info    : 0.30 < quality < 0.40 :         0 elements
Info    : 0.40 < quality < 0.50 :         0 elements
Info    : 0.50 < quality < 0.60 :         0 elements
Info    : 0.60 < quality < 0.70 :         0 elements
Info    : 0.70 < quality < 0.80 :         0 elements
Info    : 0.80 < quality < 0.90 :         0 elements
Info    : 0.90 < quality < 1.00 :         0 elements
Info    : 321 edge swaps, 0 node relocations (volume = 48765.1): worst = 0.000757553 / average = 0.0284128 (Wall 0.0142936s, CPU 0.014213s)
Info    : 338 edge swaps, 0 node relocations (volume = 48765.1): worst = 0.000757553 / average = 0.0285266 (Wall 0.031137s, CPU 0.030963s)
Warning : 4 ill-shaped tets are still in the mesh
Info    : 0.00 < quality < 0.10 :      2208 elements
Info    : 0.10 < quality < 0.20 :       119 elements
Info    : 0.20 < quality < 0.30 :         0 elements
Info    : 0.30 < quality < 0.40 :         0 elements
Info    : 0.40 < quality < 0.50 :         0 elements
Info    : 0.50 < quality < 0.60 :         0 elements
Info    : 0.60 < quality < 0.70 :         0 elements
Info    : 0.70 < quality < 0.80 :         0 elements
Info    : 0.80 < quality < 0.90 :         0 elements
Info    : 0.90 < quality < 1.00 :         0 elements
Info    : Optimizing volume 28
Info    : Optimization starts (volume = 1.90519e+06) with worst = 0.000243661 / average = 0.445231:
Info    : 0.00 < quality < 0.10 :       483 elements
Info    : 0.10 < quality < 0.20 :      2266 elements
Info    : 0.20 < quality < 0.30 :      1568 elements
Info    : 0.30 < quality < 0.40 :      1544 elements
Info    : 0.40 < quality < 0.50 :      1882 elements
Info    : 0.50 < quality < 0.60 :      1794 elements
Info    : 0.60 < quality < 0.70 :      1234 elements
Info    : 0.70 < quality < 0.80 :      1028 elements
Info    : 0.80 < quality < 0.90 :       872 elements
Info    : 0.90 < quality < 1.00 :       409 elements
Info    : 780 edge swaps, 21 node relocations (volume = 1.90519e+06): worst = 0.00235938 / average = 0.457282 (Wall 0.0385068s, CPU 0.038296s)
Info    : 864 edge swaps, 33 node relocations (volume = 1.90519e+06): worst = 0.00235938 / average = 0.457426 (Wall 0.076535s, CPU 0.076113s)
Info    : No ill-shaped tets in the mesh :-)
Info    : 0.00 < quality < 0.10 :       258 elements
Info    : 0.10 < quality < 0.20 :      2010 elements
Info    : 0.20 < quality < 0.30 :      1390 elements
Info    : 0.30 < quality < 0.40 :      1547 elements
Info    : 0.40 < quality < 0.50 :      1856 elements
Info    : 0.50 < quality < 0.60 :      1826 elements
Info    : 0.60 < quality < 0.70 :      1255 elements
Info    : 0.70 < quality < 0.80 :      1031 elements
Info    : 0.80 < quality < 0.90 :       814 elements
Info    : 0.90 < quality < 1.00 :       392 elements
Info    : Optimizing volume 29
Info    : Optimization starts (volume = 457173) with worst = 0.0290015 / average = 0.504234:
Info    : 0.00 < quality < 0.10 :        24 elements
Info    : 0.10 < quality < 0.20 :       223 elements
Info    : 0.20 < quality < 0.30 :       441 elements
Info    : 0.30 < quality < 0.40 :       492 elements
Info    : 0.40 < quality < 0.50 :       553 elements
Info    : 0.50 < quality < 0.60 :       706 elements
Info    : 0.60 < quality < 0.70 :       737 elements
Info    : 0.70 < quality < 0.80 :       504 elements
Info    : 0.80 < quality < 0.90 :       126 elements
Info    : 0.90 < quality < 1.00 :         4 elements
Info    : 185 edge swaps, 0 node relocations (volume = 457173): worst = 0.0579825 / average = 0.51331 (Wall 0.00530674s, CPU 0.005188s)
Info    : 194 edge swaps, 0 node relocations (volume = 457173): worst = 0.0579825 / average = 0.513544 (Wall 0.00932395s, CPU 0.009182s)
Info    : No ill-shaped tets in the mesh :-)
Info    : 0.00 < quality < 0.10 :        10 elements
Info    : 0.10 < quality < 0.20 :       162 elements
Info    : 0.20 < quality < 0.30 :       379 elements
Info    : 0.30 < quality < 0.40 :       519 elements
Info    : 0.40 < quality < 0.50 :       547 elements
Info    : 0.50 < quality < 0.60 :       680 elements
Info    : 0.60 < quality < 0.70 :       730 elements
Info    : 0.70 < quality < 0.80 :       508 elements
Info    : 0.80 < quality < 0.90 :       127 elements
Info    : 0.90 < quality < 1.00 :         4 elements
Info    : Optimizing volume 30
Info    : Optimization starts (volume = 2.19443e+07) with worst = 0.0188427 / average = 0.613131:
Info    : 0.00 < quality < 0.10 :         9 elements
Info    : 0.10 < quality < 0.20 :        22 elements
Info    : 0.20 < quality < 0.30 :        51 elements
Info    : 0.30 < quality < 0.40 :       144 elements
Info    : 0.40 < quality < 0.50 :       352 elements
Info    : 0.50 < quality < 0.60 :       631 elements
Info    : 0.60 < quality < 0.70 :       515 elements
Info    : 0.70 < quality < 0.80 :       452 elements
Info    : 0.80 < quality < 0.90 :       240 elements
Info    : 0.90 < quality < 1.00 :        91 elements
Info    : 73 edge swaps, 3 node relocations (volume = 2.19443e+07): worst = 0.251285 / average = 0.626886 (Wall 0.00174641s, CPU 0.001737s)
Info    : 76 edge swaps, 3 node relocations (volume = 2.19443e+07): worst = 0.251285 / average = 0.626756 (Wall 0.00195564s, CPU 0.001949s)
Info    : No ill-shaped tets in the mesh :-)
Info    : 0.00 < quality < 0.10 :         0 elements
Info    : 0.10 < quality < 0.20 :         0 elements
Info    : 0.20 < quality < 0.30 :         3 elements
Info    : 0.30 < quality < 0.40 :       140 elements
Info    : 0.40 < quality < 0.50 :       355 elements
Info    : 0.50 < quality < 0.60 :       627 elements
Info    : 0.60 < quality < 0.70 :       527 elements
Info    : 0.70 < quality < 0.80 :       455 elements
Info    : 0.80 < quality < 0.90 :       244 elements
Info    : 0.90 < quality < 1.00 :        88 elements
Info    : Optimizing volume 31
Info    : Optimization starts (volume = 5.20977e+07) with worst = 0.00749211 / average = 0.575733:
Info    : 0.00 < quality < 0.10 :       121 elements
Info    : 0.10 < quality < 0.20 :        29 elements
Info    : 0.20 < quality < 0.30 :        44 elements
Info    : 0.30 < quality < 0.40 :        95 elements
Info    : 0.40 < quality < 0.50 :       141 elements
Info    : 0.50 < quality < 0.60 :       144 elements
Info    : 0.60 < quality < 0.70 :       294 elements
Info    : 0.70 < quality < 0.80 :       254 elements
Info    : 0.80 < quality < 0.90 :       145 elements
Info    : 0.90 < quality < 1.00 :        86 elements
Info    : 29 edge swaps, 0 node relocations (volume = 5.20977e+07): worst = 0.00749211 / average = 0.585113 (Wall 0.00286607s, CPU 0.002846s)
Info    : No ill-shaped tets in the mesh :-)
Info    : 0.00 < quality < 0.10 :       116 elements
Info    : 0.10 < quality < 0.20 :        20 elements
Info    : 0.20 < quality < 0.30 :        27 elements
Info    : 0.30 < quality < 0.40 :        97 elements
Info    : 0.40 < quality < 0.50 :       138 elements
Info    : 0.50 < quality < 0.60 :       145 elements
Info    : 0.60 < quality < 0.70 :       298 elements
Info    : 0.70 < quality < 0.80 :       254 elements
Info    : 0.80 < quality < 0.90 :       139 elements
Info    : 0.90 < quality < 1.00 :        91 elements
Info    : Done optimizing mesh (Wall 0.210846s, CPU 0.206073s)
Info    : 5109 nodes 40723 elements
Warning : ------------------------------
Warning : Mesh generation error summary
Warning :     1 warning
Warning :     0 errors
Warning : Check the full log for details
Warning : ------------------------------
Info    : Writing '/foss/designs/inductor_synth/palace_model/inductor2_N2_do109.58_w6_s3_data/inductor2_N2_do109.58_w6_s3.msh'...
Info    : Done writing '/foss/designs/inductor_synth/palace_model/inductor2_N2_do109.58_w6_s3_data/inductor2_N2_do109.58_w6_s3.msh'
Info    : Clearing all models and views...
Info    : Done clearing all models and views
>> /usr/bin/mpirun -n 1 /foss/tools/bin/palace-x86_64.bin config.json

_____________     _______
_____   __   \____ __   /____ ____________
____   /_/  /  __ ` /  /  __ ` /  ___/  _ \
___   _____/  /_/  /  /  /_/  /  /__/  ___/
  /__/     \___,__/__/\___,__/\_____\_____/

Git changeset ID: v0.17.0-227-gc531cf3e
Running with 1 MPI process
Device configuration: cpu
Memory configuration: host-std
libCEED backend: /cpu/self/xsmm/blocked

Added 4694 boundary elements for material interfaces to the mesh

Characteristic length and time scales:
 Lc = 4.999e-04 m, tc = 1.667e-03 ns
Finished partitioning mesh into 1 subdomain

Mesh curvature order: 1
Mesh bounding box:
 (Xmin, Ymin, Zmin) = (-2.246e-04, -2.246e-04, -5.000e-05) m
 (Xmax, Ymax, Zmax) = (+2.246e-04, +2.246e-04, +4.499e-04) m

Parallel Mesh Stats:

                minimum     average     maximum       total
 vertices          5086        5086        5086        5086
 edges            31899       31899       31899       31899
 faces            51238       51238       51238       51238
 elements         24419       24419       24419       24419
 neighbors            0           0           0

            minimum     maximum
 h       0.00162356    0.224079
 kappa      1.07143     377.186

Estimated current per-rank memory usage is: Min. 48.4M, Max. 48.4M, Avg. 48.4M, Total 48.4M
Estimated current per-node memory usage is: Min. 48.4M, Max. 48.4M, Avg. 48.4M, Total 48.4M

Configuring Robin absorbing BC (order 2) at attributes:
 22

Configuring Robin finite conductivity BC at attributes:
 2: σ = 2.164e+07 S/m, h = 4.200e-07 m, n = (+0.0,+0.0,+1.0)
 3: σ = 2.164e+07 S/m, h = 4.200e-07 m, n = (+0.7,+0.7,+0.0)
 4: σ = 2.780e+07 S/m, h = 2.000e-06 m, n = (+0.0,+0.0,-1.0)
 5: σ = 2.780e+07 S/m, h = 2.000e-06 m, n = (+1.0,-0.1,+0.0)
 6: σ = 2.780e+07 S/m, h = 2.000e-06 m, n = (+0.0,+0.0,-1.0)
 7: σ = 2.780e+07 S/m, h = 2.000e-06 m, n = (+1.0,-0.1,+0.0)
 8: σ = 2.780e+07 S/m, h = 2.000e-06 m, n = (+0.0,+0.0,+1.0)
 9: σ = 2.780e+07 S/m, h = 2.000e-06 m, n = (+0.5,+0.9,-0.0)
 10: σ = 3.030e+07 S/m, h = 3.000e-06 m, n = (+0.0,-0.0,+1.0)
 11: σ = 3.030e+07 S/m, h = 3.000e-06 m, n = (-0.9,+0.4,+0.0)
 12: σ = 3.030e+07 S/m, h = 3.000e-06 m, n = (+0.0,+0.0,+1.0)
 13: σ = 3.030e+07 S/m, h = 3.000e-06 m, n = (+0.9,-0.3,+0.0)

Configuring Robin impedance BC for lumped ports at attributes:
 20: Rs = 3.018e+01 Ω/sq, n = (+0.0,+1.0,+0.0)
 21: Rs = 3.018e+01 Ω/sq, n = (+0.0,+1.0,+0.0)

Configuring lumped port circuit properties:
 Index = 1: R = 5.000e+01 Ω
 Index = 2: R = 5.000e+01 Ω

Configuring lumped port excitation source term at attributes:
 20: Index = 1
 21: Index = 2

Computing adaptive fast frequency response for:
Excitation 1/2 with index 1 has contributions from:
 Lumped port  1
Excitation 2/2 with index 2 has contributions from:
 Lumped port  2

Beginning PROM construction offline phase:
 82 points for frequency sweep over [1.000e-02, 4.000e+01] GHz

Assembling system matrices, number of global unknowns:
 H1 (p = 2): 36985, ND (p = 2): 166274, RT (p = 2): 226971
 Operator assembly level: Partial
 Mesh geometries:
  Tetrahedron: P = 20, Q = 14 (quadrature order = 4)
 SuperLUSolver: Using 2D processor grid 1 x 1

Adding excitation index 1 (1/2):

Assembling multigrid hierarchy:
 Level 0 (p = 1): 31899 unknowns
 Level 1 (p = 2): 166274 unknowns
 Level 0 (auxiliary) (p = 1): 5086 unknowns
 Level 1 (auxiliary) (p = 2): 36985 unknowns

  Residual norms for GMRES solve

** Memory Usage **********************************
** Total highmark (MB):
    Sum-of-all :   174.11 | Avg :   174.11  | Max :   174.11
    Max at rank 0, different stages (MB):
	. symbfact           15.57
	. distribution      174.11
	. numfact           126.70
** NUMfact space (MB): (sum-of-all-processes)
    L\U :           81.16 |  Total :   126.70
	. max at rank 0, max L+U memory (MB):    81.16
	. max at rank 0, peak buffer (MB):       45.54
**************************************************

** number of Tiny Pivots:        0

  0 (restart 0) KSP residual norm 2.531454e+01
  1 (restart 0) KSP residual norm 2.776225e+00
  2 (restart 0) KSP residual norm 6.064694e-01
  3 (restart 0) KSP residual norm 2.617508e-01
  4 (restart 0) KSP residual norm 1.995878e-01
  5 (restart 0) KSP residual norm 1.034021e-01
  6 (restart 0) KSP residual norm 5.564482e-02
  7 (restart 0) KSP residual norm 4.481188e-02
  8 (restart 0) KSP residual norm 2.626553e-02
  9 (restart 0) KSP residual norm 1.921547e-02
 10 (restart 0) KSP residual norm 1.443829e-02
 11 (restart 0) KSP residual norm 8.973314e-03
 12 (restart 0) KSP residual norm 7.129850e-03
 13 (restart 0) KSP residual norm 4.694642e-03
 14 (restart 0) KSP residual norm 3.438453e-03
 15 (restart 0) KSP residual norm 2.656864e-03
 16 (restart 0) KSP residual norm 1.910325e-03
 17 (restart 0) KSP residual norm 1.534597e-03
 18 (restart 0) KSP residual norm 1.089413e-03
 19 (restart 0) KSP residual norm 8.412996e-04
 20 (restart 0) KSP residual norm 6.134909e-04
 21 (restart 0) KSP residual norm 4.795439e-04
 22 (restart 0) KSP residual norm 3.656376e-04
 23 (restart 0) KSP residual norm 2.944740e-04
 24 (restart 0) KSP residual norm 2.305118e-04
 25 (restart 0) KSP residual norm 1.888701e-04
 26 (restart 0) KSP residual norm 1.486189e-04
 27 (restart 0) KSP residual norm 1.214520e-04
 28 (restart 0) KSP residual norm 9.814491e-05
 29 (restart 0) KSP residual norm 8.168079e-05
 30 (restart 0) KSP residual norm 6.851059e-05
 31 (restart 0) KSP residual norm 5.702737e-05
 32 (restart 0) KSP residual norm 4.909803e-05
 33 (restart 0) KSP residual norm 4.115404e-05
 34 (restart 0) KSP residual norm 3.557975e-05
 35 (restart 0) KSP residual norm 2.960017e-05
 36 (restart 0) KSP residual norm 2.454197e-05
GMRES solver converged in 36 iterations (avg. reduction factor: 6.807e-01)
 Field energy E (9.143e-13 J) + H (6.964e-12 J) = 7.878e-12 J

  Residual norms for GMRES solve

** Memory Usage **********************************
** Total highmark (MB):
    Sum-of-all :   146.51 | Avg :   146.51  | Max :   146.51
    Max at rank 0, different stages (MB):
	. symbfact            0.00
	. distribution      146.51
	. numfact           126.70
** NUMfact space (MB): (sum-of-all-processes)
    L\U :           81.16 |  Total :   126.70
	. max at rank 0, max L+U memory (MB):    81.16
	. max at rank 0, peak buffer (MB):       45.54
**************************************************

** number of Tiny Pivots:        0

  0 (restart 0) KSP residual norm 4.487792e+01
  1 (restart 0) KSP residual norm 1.013255e+01
  2 (restart 0) KSP residual norm 4.269080e+00
  3 (restart 0) KSP residual norm 1.329986e+00
  4 (restart 0) KSP residual norm 9.572944e-01
  5 (restart 0) KSP residual norm 5.472413e-01
  6 (restart 0) KSP residual norm 3.613953e-01
  7 (restart 0) KSP residual norm 2.081806e-01
  8 (restart 0) KSP residual norm 1.021630e-01
  9 (restart 0) KSP residual norm 8.230615e-02
 10 (restart 0) KSP residual norm 5.274525e-02
 11 (restart 0) KSP residual norm 3.644957e-02
 12 (restart 0) KSP residual norm 2.692650e-02
 13 (restart 0) KSP residual norm 2.118711e-02
 14 (restart 0) KSP residual norm 1.516384e-02
 15 (restart 0) KSP residual norm 1.181359e-02
 16 (restart 0) KSP residual norm 8.187056e-03
 17 (restart 0) KSP residual norm 5.983461e-03
 18 (restart 0) KSP residual norm 4.188566e-03
 19 (restart 0) KSP residual norm 3.185759e-03
 20 (restart 0) KSP residual norm 2.361354e-03
 21 (restart 0) KSP residual norm 1.731753e-03
 22 (restart 0) KSP residual norm 1.273273e-03
 23 (restart 0) KSP residual norm 9.631399e-04
 24 (restart 0) KSP residual norm 7.643885e-04
 25 (restart 0) KSP residual norm 6.329650e-04
 26 (restart 0) KSP residual norm 5.358413e-04
 27 (restart 0) KSP residual norm 4.501921e-04
 28 (restart 0) KSP residual norm 3.724179e-04
 29 (restart 0) KSP residual norm 3.082104e-04
 30 (restart 0) KSP residual norm 2.580348e-04
 31 (restart 0) KSP residual norm 2.195116e-04
 32 (restart 0) KSP residual norm 1.894990e-04
 33 (restart 0) KSP residual norm 1.656446e-04
 34 (restart 0) KSP residual norm 1.451786e-04
 35 (restart 0) KSP residual norm 1.290560e-04
 36 (restart 0) KSP residual norm 1.146742e-04
 37 (restart 0) KSP residual norm 9.871587e-05
 38 (restart 0) KSP residual norm 8.328608e-05
 39 (restart 0) KSP residual norm 7.003168e-05
 40 (restart 0) KSP residual norm 6.020542e-05
 41 (restart 0) KSP residual norm 5.058738e-05
 42 (restart 0) KSP residual norm 4.200207e-05
GMRES solver converged in 42 iterations (avg. reduction factor: 7.186e-01)
 Field energy E (2.009e-12 J) + H (2.014e-12 J) = 4.024e-12 J

  Residual norms for GMRES solve

** Memory Usage **********************************
** Total highmark (MB):
    Sum-of-all :   146.51 | Avg :   146.51  | Max :   146.51
    Max at rank 0, different stages (MB):
	. symbfact            0.00
	. distribution      146.51
	. numfact           126.70
** NUMfact space (MB): (sum-of-all-processes)
    L\U :           81.16 |  Total :   126.70
	. max at rank 0, max L+U memory (MB):    81.16
	. max at rank 0, peak buffer (MB):       45.54
**************************************************

** number of Tiny Pivots:        0

  0 (restart 0) KSP residual norm 3.097697e+01
  1 (restart 0) KSP residual norm 1.237171e+01
  2 (restart 0) KSP residual norm 3.608604e+00
  3 (restart 0) KSP residual norm 1.082214e+00
  4 (restart 0) KSP residual norm 5.230520e-01
  5 (restart 0) KSP residual norm 4.051187e-01
  6 (restart 0) KSP residual norm 1.791155e-01
  7 (restart 0) KSP residual norm 1.397734e-01
  8 (restart 0) KSP residual norm 7.750042e-02
  9 (restart 0) KSP residual norm 4.797314e-02
 10 (restart 0) KSP residual norm 3.354105e-02
 11 (restart 0) KSP residual norm 2.413660e-02
 12 (restart 0) KSP residual norm 1.861799e-02
 13 (restart 0) KSP residual norm 1.293528e-02
 14 (restart 0) KSP residual norm 1.012627e-02
 15 (restart 0) KSP residual norm 7.210910e-03
 16 (restart 0) KSP residual norm 5.314362e-03
 17 (restart 0) KSP residual norm 4.240457e-03
 18 (restart 0) KSP residual norm 3.119671e-03
 19 (restart 0) KSP residual norm 2.436726e-03
 20 (restart 0) KSP residual norm 1.918808e-03
 21 (restart 0) KSP residual norm 1.575537e-03
 22 (restart 0) KSP residual norm 1.203798e-03
 23 (restart 0) KSP residual norm 9.338825e-04
 24 (restart 0) KSP residual norm 7.134831e-04
 25 (restart 0) KSP residual norm 5.618543e-04
 26 (restart 0) KSP residual norm 4.575242e-04
 27 (restart 0) KSP residual norm 3.786662e-04
 28 (restart 0) KSP residual norm 3.148199e-04
 29 (restart 0) KSP residual norm 2.627497e-04
 30 (restart 0) KSP residual norm 2.170443e-04
 31 (restart 0) KSP residual norm 1.819332e-04
 32 (restart 0) KSP residual norm 1.515540e-04
 33 (restart 0) KSP residual norm 1.295967e-04
 34 (restart 0) KSP residual norm 1.083386e-04
 35 (restart 0) KSP residual norm 9.241041e-05
 36 (restart 0) KSP residual norm 7.751203e-05
 37 (restart 0) KSP residual norm 6.269426e-05
 38 (restart 0) KSP residual norm 5.146603e-05
 39 (restart 0) KSP residual norm 4.127392e-05
 40 (restart 0) KSP residual norm 3.402722e-05
 41 (restart 0) KSP residual norm 2.862481e-05
GMRES solver converged in 41 iterations (avg. reduction factor: 7.126e-01)

Greedy iteration 1 (n = 4): ω* = 2.535e+01 GHz (2.656e-01), error = 4.075e-02, memory = 0/2
 Field energy E (1.521e-12 J) + H (3.398e-12 J) = 4.919e-12 J

  Residual norms for GMRES solve

** Memory Usage **********************************
** Total highmark (MB):
    Sum-of-all :   146.51 | Avg :   146.51  | Max :   146.51
    Max at rank 0, different stages (MB):
	. symbfact            0.00
	. distribution      146.51
	. numfact           126.70
** NUMfact space (MB): (sum-of-all-processes)
    L\U :           81.16 |  Total :   126.70
	. max at rank 0, max L+U memory (MB):    81.16
	. max at rank 0, peak buffer (MB):       45.54
**************************************************

** number of Tiny Pivots:        0

  0 (restart 0) KSP residual norm 1.942974e+01
  1 (restart 0) KSP residual norm 1.052257e+01
  2 (restart 0) KSP residual norm 4.822716e+00
  3 (restart 0) KSP residual norm 1.951250e+00
  4 (restart 0) KSP residual norm 6.308411e-01
  5 (restart 0) KSP residual norm 3.189515e-01
  6 (restart 0) KSP residual norm 2.436135e-01
  7 (restart 0) KSP residual norm 1.687269e-01
  8 (restart 0) KSP residual norm 1.013856e-01
  9 (restart 0) KSP residual norm 6.322419e-02
 10 (restart 0) KSP residual norm 4.761801e-02
 11 (restart 0) KSP residual norm 3.197845e-02
 12 (restart 0) KSP residual norm 2.234952e-02
 13 (restart 0) KSP residual norm 1.637275e-02
 14 (restart 0) KSP residual norm 1.275265e-02
 15 (restart 0) KSP residual norm 9.904044e-03
 16 (restart 0) KSP residual norm 7.966838e-03
 17 (restart 0) KSP residual norm 6.486645e-03
 18 (restart 0) KSP residual norm 4.913774e-03
 19 (restart 0) KSP residual norm 3.759751e-03
 20 (restart 0) KSP residual norm 3.032805e-03
 21 (restart 0) KSP residual norm 2.402467e-03
 22 (restart 0) KSP residual norm 1.892181e-03
 23 (restart 0) KSP residual norm 1.551728e-03
 24 (restart 0) KSP residual norm 1.260308e-03
 25 (restart 0) KSP residual norm 1.034956e-03
 26 (restart 0) KSP residual norm 8.656240e-04
 27 (restart 0) KSP residual norm 7.246883e-04
 28 (restart 0) KSP residual norm 5.951705e-04
 29 (restart 0) KSP residual norm 5.026010e-04
 30 (restart 0) KSP residual norm 4.228600e-04
 31 (restart 0) KSP residual norm 3.628382e-04
 32 (restart 0) KSP residual norm 3.135039e-04
 33 (restart 0) KSP residual norm 2.677683e-04
 34 (restart 0) KSP residual norm 2.365368e-04
 35 (restart 0) KSP residual norm 2.039461e-04
 36 (restart 0) KSP residual norm 1.678732e-04
 37 (restart 0) KSP residual norm 1.493027e-04
 38 (restart 0) KSP residual norm 1.283000e-04
 39 (restart 0) KSP residual norm 1.062515e-04
 40 (restart 0) KSP residual norm 9.315517e-05
 41 (restart 0) KSP residual norm 7.923072e-05
 42 (restart 0) KSP residual norm 6.476960e-05
 43 (restart 0) KSP residual norm 5.470942e-05
 44 (restart 0) KSP residual norm 4.698606e-05
 45 (restart 0) KSP residual norm 3.878746e-05
 46 (restart 0) KSP residual norm 3.187833e-05
 47 (restart 0) KSP residual norm 2.698295e-05
 48 (restart 0) KSP residual norm 2.239471e-05
 49 (restart 0) KSP residual norm 1.830158e-05
GMRES solver converged in 49 iterations (avg. reduction factor: 7.534e-01)

Greedy iteration 2 (n = 6): ω* = 8.667e+00 GHz (9.080e-02), error = 8.709e-02, memory = 0/2
 Field energy E (7.635e-13 J) + H (5.769e-12 J) = 6.532e-12 J

  Residual norms for GMRES solve

** Memory Usage **********************************
** Total highmark (MB):
    Sum-of-all :   146.51 | Avg :   146.51  | Max :   146.51
    Max at rank 0, different stages (MB):
	. symbfact            0.00
	. distribution      146.51
	. numfact           126.70
** NUMfact space (MB): (sum-of-all-processes)
    L\U :           81.16 |  Total :   126.70
	. max at rank 0, max L+U memory (MB):    81.16
	. max at rank 0, peak buffer (MB):       45.54
**************************************************

** number of Tiny Pivots:        0

  0 (restart 0) KSP residual norm 3.804381e+01
  1 (restart 0) KSP residual norm 1.151230e+01
  2 (restart 0) KSP residual norm 4.045153e+00
  3 (restart 0) KSP residual norm 1.229498e+00
  4 (restart 0) KSP residual norm 7.020064e-01
  5 (restart 0) KSP residual norm 4.920572e-01
  6 (restart 0) KSP residual norm 2.714765e-01
  7 (restart 0) KSP residual norm 1.901590e-01
  8 (restart 0) KSP residual norm 8.498997e-02
  9 (restart 0) KSP residual norm 6.383902e-02
 10 (restart 0) KSP residual norm 4.260681e-02
 11 (restart 0) KSP residual norm 3.265115e-02
 12 (restart 0) KSP residual norm 2.086318e-02
 13 (restart 0) KSP residual norm 1.643502e-02
 14 (restart 0) KSP residual norm 1.232276e-02
 15 (restart 0) KSP residual norm 9.958936e-03
 16 (restart 0) KSP residual norm 7.470912e-03
 17 (restart 0) KSP residual norm 5.548568e-03
 18 (restart 0) KSP residual norm 4.156405e-03
 19 (restart 0) KSP residual norm 3.055599e-03
 20 (restart 0) KSP residual norm 2.301877e-03
 21 (restart 0) KSP residual norm 1.679692e-03
 22 (restart 0) KSP residual norm 1.246953e-03
 23 (restart 0) KSP residual norm 9.266978e-04
 24 (restart 0) KSP residual norm 7.229500e-04
 25 (restart 0) KSP residual norm 5.877838e-04
 26 (restart 0) KSP residual norm 4.865458e-04
 27 (restart 0) KSP residual norm 4.143712e-04
 28 (restart 0) KSP residual norm 3.449562e-04
 29 (restart 0) KSP residual norm 2.858298e-04
 30 (restart 0) KSP residual norm 2.380259e-04
 31 (restart 0) KSP residual norm 2.002106e-04
 32 (restart 0) KSP residual norm 1.696720e-04
 33 (restart 0) KSP residual norm 1.428114e-04
 34 (restart 0) KSP residual norm 1.193329e-04
 35 (restart 0) KSP residual norm 1.012266e-04
 36 (restart 0) KSP residual norm 8.790364e-05
 37 (restart 0) KSP residual norm 7.713092e-05
 38 (restart 0) KSP residual norm 6.763015e-05
 39 (restart 0) KSP residual norm 5.965522e-05
 40 (restart 0) KSP residual norm 5.167978e-05
 41 (restart 0) KSP residual norm 4.456839e-05
 42 (restart 0) KSP residual norm 3.758034e-05
GMRES solver converged in 42 iterations (avg. reduction factor: 7.195e-01)

Greedy iteration 3 (n = 8): ω* = 3.373e+01 GHz (3.534e-01), error = 5.164e-04, memory = 1/2
 Field energy E (1.831e-12 J) + H (2.505e-12 J) = 4.336e-12 J

  Residual norms for GMRES solve

** Memory Usage **********************************
** Total highmark (MB):
    Sum-of-all :   146.51 | Avg :   146.51  | Max :   146.51
    Max at rank 0, different stages (MB):
	. symbfact            0.00
	. distribution      146.51
	. numfact           126.70
** NUMfact space (MB): (sum-of-all-processes)
    L\U :           81.16 |  Total :   126.70
	. max at rank 0, max L+U memory (MB):    81.16
	. max at rank 0, peak buffer (MB):       45.54
**************************************************

** number of Tiny Pivots:        0

  0 (restart 0) KSP residual norm 1.184067e+02
  1 (restart 0) KSP residual norm 1.068483e+02
  2 (restart 0) KSP residual norm 8.287073e+01
  3 (restart 0) KSP residual norm 6.592844e+01
  4 (restart 0) KSP residual norm 4.610865e+01
  5 (restart 0) KSP residual norm 4.364807e+01
  6 (restart 0) KSP residual norm 3.491911e+01
  7 (restart 0) KSP residual norm 3.460616e+01
  8 (restart 0) KSP residual norm 2.800140e+01
  9 (restart 0) KSP residual norm 2.594178e+01
 10 (restart 0) KSP residual norm 2.398458e+01
 11 (restart 0) KSP residual norm 2.193063e+01
 12 (restart 0) KSP residual norm 2.185344e+01
 13 (restart 0) KSP residual norm 1.923795e+01
 14 (restart 0) KSP residual norm 1.913693e+01
 15 (restart 0) KSP residual norm 1.712061e+01
 16 (restart 0) KSP residual norm 1.701677e+01
 17 (restart 0) KSP residual norm 1.566313e+01
 18 (restart 0) KSP residual norm 1.544116e+01
 19 (restart 0) KSP residual norm 1.419927e+01
 20 (restart 0) KSP residual norm 1.414817e+01
 21 (restart 0) KSP residual norm 1.212996e+01
 22 (restart 0) KSP residual norm 1.195484e+01
 23 (restart 0) KSP residual norm 1.021330e+01
 24 (restart 0) KSP residual norm 1.017698e+01
 25 (restart 0) KSP residual norm 8.352288e+00
 26 (restart 0) KSP residual norm 8.307540e+00
 27 (restart 0) KSP residual norm 7.439324e+00
 28 (restart 0) KSP residual norm 7.356069e+00
 29 (restart 0) KSP residual norm 6.467526e+00
 30 (restart 0) KSP residual norm 6.412250e+00
 31 (restart 0) KSP residual norm 5.533521e+00
 32 (restart 0) KSP residual norm 5.417682e+00
 33 (restart 0) KSP residual norm 4.832112e+00
 34 (restart 0) KSP residual norm 4.749462e+00
 35 (restart 0) KSP residual norm 4.235835e+00
 36 (restart 0) KSP residual norm 4.135118e+00
 37 (restart 0) KSP residual norm 3.821159e+00
 38 (restart 0) KSP residual norm 3.698251e+00
 39 (restart 0) KSP residual norm 3.379839e+00
 40 (restart 0) KSP residual norm 3.279843e+00
 41 (restart 0) KSP residual norm 3.044263e+00
 42 (restart 0) KSP residual norm 2.931373e+00
 43 (restart 0) KSP residual norm 2.639678e+00
 44 (restart 0) KSP residual norm 2.544763e+00
 45 (restart 0) KSP residual norm 2.022547e+00
 46 (restart 0) KSP residual norm 1.933781e+00
 47 (restart 0) KSP residual norm 1.668888e+00
 48 (restart 0) KSP residual norm 1.514876e+00
 49 (restart 0) KSP residual norm 1.411074e+00
 50 (restart 0) KSP residual norm 1.185464e+00
 51 (restart 0) KSP residual norm 1.159999e+00
 52 (restart 0) KSP residual norm 9.543280e-01
 53 (restart 0) KSP residual norm 9.203237e-01
 54 (restart 0) KSP residual norm 8.432129e-01
 55 (restart 0) KSP residual norm 7.621834e-01
 56 (restart 0) KSP residual norm 7.282265e-01
 57 (restart 0) KSP residual norm 6.722265e-01
 58 (restart 0) KSP residual norm 6.321272e-01
 59 (restart 0) KSP residual norm 5.744375e-01
 60 (restart 0) KSP residual norm 5.426396e-01
 61 (restart 0) KSP residual norm 4.766120e-01
 62 (restart 0) KSP residual norm 4.499491e-01
 63 (restart 0) KSP residual norm 4.033589e-01
 64 (restart 0) KSP residual norm 3.432429e-01
 65 (restart 0) KSP residual norm 3.284590e-01
 66 (restart 0) KSP residual norm 2.905564e-01
 67 (restart 0) KSP residual norm 2.694959e-01
 68 (restart 0) KSP residual norm 2.501518e-01
 69 (restart 0) KSP residual norm 2.309046e-01
 70 (restart 0) KSP residual norm 2.181917e-01
 71 (restart 0) KSP residual norm 1.982250e-01
 72 (restart 0) KSP residual norm 1.862391e-01
 73 (restart 0) KSP residual norm 1.669976e-01
 74 (restart 0) KSP residual norm 1.526840e-01
 75 (restart 0) KSP residual norm 1.377321e-01
 76 (restart 0) KSP residual norm 1.238771e-01
 77 (restart 0) KSP residual norm 1.139057e-01
 78 (restart 0) KSP residual norm 1.045854e-01
 79 (restart 0) KSP residual norm 9.346765e-02
 80 (restart 0) KSP residual norm 8.629608e-02
 81 (restart 0) KSP residual norm 7.830223e-02
 82 (restart 0) KSP residual norm 7.148058e-02
 83 (restart 0) KSP residual norm 6.631418e-02
 84 (restart 0) KSP residual norm 5.881130e-02
 85 (restart 0) KSP residual norm 5.445009e-02
 86 (restart 0) KSP residual norm 4.993130e-02
 87 (restart 0) KSP residual norm 4.606300e-02
 88 (restart 0) KSP residual norm 4.309286e-02
 89 (restart 0) KSP residual norm 3.935625e-02
 90 (restart 0) KSP residual norm 3.656479e-02
 91 (restart 0) KSP residual norm 3.278485e-02
 92 (restart 0) KSP residual norm 2.928710e-02
 93 (restart 0) KSP residual norm 2.718091e-02
 94 (restart 0) KSP residual norm 2.459206e-02
 95 (restart 0) KSP residual norm 2.228474e-02
 96 (restart 0) KSP residual norm 2.058756e-02
 97 (restart 0) KSP residual norm 1.874726e-02
 98 (restart 0) KSP residual norm 1.756487e-02
 99 (restart 0) KSP residual norm 1.619049e-02
100 (restart 0) KSP residual norm 1.477721e-02
101 (restart 0) KSP residual norm 1.383498e-02
102 (restart 0) KSP residual norm 1.279103e-02
103 (restart 0) KSP residual norm 1.170641e-02
104 (restart 0) KSP residual norm 1.084168e-02
105 (restart 0) KSP residual norm 1.002445e-02
106 (restart 0) KSP residual norm 9.176803e-03
107 (restart 0) KSP residual norm 8.382354e-03
108 (restart 0) KSP residual norm 7.695034e-03
109 (restart 0) KSP residual norm 7.025844e-03
110 (restart 0) KSP residual norm 6.427007e-03
111 (restart 0) KSP residual norm 5.788884e-03
112 (restart 0) KSP residual norm 5.240213e-03
113 (restart 0) KSP residual norm 4.872715e-03
114 (restart 0) KSP residual norm 4.446456e-03
115 (restart 0) KSP residual norm 3.961859e-03
116 (restart 0) KSP residual norm 3.615095e-03
117 (restart 0) KSP residual norm 3.297420e-03
118 (restart 0) KSP residual norm 3.049070e-03
119 (restart 0) KSP residual norm 2.791886e-03
120 (restart 0) KSP residual norm 2.497044e-03
121 (restart 0) KSP residual norm 2.306426e-03
122 (restart 0) KSP residual norm 2.144267e-03
123 (restart 0) KSP residual norm 1.976474e-03
124 (restart 0) KSP residual norm 1.810748e-03
125 (restart 0) KSP residual norm 1.652019e-03
126 (restart 0) KSP residual norm 1.502429e-03
127 (restart 0) KSP residual norm 1.367014e-03
128 (restart 0) KSP residual norm 1.249411e-03
129 (restart 0) KSP residual norm 1.135629e-03
130 (restart 0) KSP residual norm 1.024705e-03
131 (restart 0) KSP residual norm 9.299914e-04
132 (restart 0) KSP residual norm 8.395421e-04
133 (restart 0) KSP residual norm 7.617321e-04
134 (restart 0) KSP residual norm 6.907947e-04
135 (restart 0) KSP residual norm 6.230211e-04
136 (restart 0) KSP residual norm 5.771682e-04
137 (restart 0) KSP residual norm 5.265165e-04
138 (restart 0) KSP residual norm 4.781057e-04
139 (restart 0) KSP residual norm 4.410732e-04
140 (restart 0) KSP residual norm 4.030616e-04
141 (restart 0) KSP residual norm 3.696386e-04
142 (restart 0) KSP residual norm 3.428162e-04
143 (restart 0) KSP residual norm 3.179323e-04
144 (restart 0) KSP residual norm 2.944822e-04
145 (restart 0) KSP residual norm 2.737511e-04
146 (restart 0) KSP residual norm 2.557477e-04
147 (restart 0) KSP residual norm 2.384918e-04
148 (restart 0) KSP residual norm 2.208576e-04
149 (restart 0) KSP residual norm 2.049444e-04
150 (restart 0) KSP residual norm 1.904078e-04
151 (restart 0) KSP residual norm 1.763147e-04
152 (restart 0) KSP residual norm 1.625593e-04
153 (restart 0) KSP residual norm 1.507032e-04
154 (restart 0) KSP residual norm 1.399661e-04
155 (restart 0) KSP residual norm 1.302052e-04
156 (restart 0) KSP residual norm 1.203119e-04
157 (restart 0) KSP residual norm 1.114492e-04
GMRES solver converged in 157 iterations (avg. reduction factor: 9.154e-01)

Greedy iteration 4 (n = 10): ω* = 2.058e+00 GHz (2.157e-02), error = 1.913e-02, memory = 2/2
 Field energy E (7.226e-13 J) + H (6.486e-12 J) = 7.209e-12 J

Adaptive sampling converged with 6 frequency samples:
 n = 12, error = 1.913e-02, tol = 2.000e-02, memory = 2/2
 Sampled frequencies (GHz): 1.000e-02, 4.000e+01, 2.535e+01, 8.667e+00,
                            3.373e+01, 2.058e+00
 Sample errors: inf, inf, 4.075e-02, 8.709e-02, 5.164e-04,
                1.913e-02

Adding excitation index 2 (2/2):

  Residual norms for GMRES solve

** Memory Usage **********************************
** Total highmark (MB):
    Sum-of-all :   146.51 | Avg :   146.51  | Max :   146.51
    Max at rank 0, different stages (MB):
	. symbfact            0.00
	. distribution      146.51
	. numfact           126.70
** NUMfact space (MB): (sum-of-all-processes)
    L\U :           81.16 |  Total :   126.70
	. max at rank 0, max L+U memory (MB):    81.16
	. max at rank 0, peak buffer (MB):       45.54
**************************************************

** number of Tiny Pivots:        0

  0 (restart 0) KSP residual norm 2.486999e+01
  1 (restart 0) KSP residual norm 2.730569e+00
  2 (restart 0) KSP residual norm 5.876579e-01
  3 (restart 0) KSP residual norm 2.555098e-01
  4 (restart 0) KSP residual norm 1.953009e-01
  5 (restart 0) KSP residual norm 1.013605e-01
  6 (restart 0) KSP residual norm 5.461901e-02
  7 (restart 0) KSP residual norm 4.411338e-02
  8 (restart 0) KSP residual norm 2.562596e-02
  9 (restart 0) KSP residual norm 1.881714e-02
 10 (restart 0) KSP residual norm 1.404479e-02
 11 (restart 0) KSP residual norm 8.734820e-03
 12 (restart 0) KSP residual norm 6.929482e-03
 13 (restart 0) KSP residual norm 4.573010e-03
 14 (restart 0) KSP residual norm 3.361122e-03
 15 (restart 0) KSP residual norm 2.596312e-03
 16 (restart 0) KSP residual norm 1.864283e-03
 17 (restart 0) KSP residual norm 1.499617e-03
 18 (restart 0) KSP residual norm 1.067276e-03
 19 (restart 0) KSP residual norm 8.233313e-04
 20 (restart 0) KSP residual norm 6.000440e-04
 21 (restart 0) KSP residual norm 4.680054e-04
 22 (restart 0) KSP residual norm 3.566320e-04
 23 (restart 0) KSP residual norm 2.870101e-04
 24 (restart 0) KSP residual norm 2.249914e-04
 25 (restart 0) KSP residual norm 1.850577e-04
 26 (restart 0) KSP residual norm 1.458957e-04
 27 (restart 0) KSP residual norm 1.196329e-04
 28 (restart 0) KSP residual norm 9.636288e-05
 29 (restart 0) KSP residual norm 8.024553e-05
 30 (restart 0) KSP residual norm 6.726772e-05
 31 (restart 0) KSP residual norm 5.612478e-05
 32 (restart 0) KSP residual norm 4.831750e-05
 33 (restart 0) KSP residual norm 4.042319e-05
 34 (restart 0) KSP residual norm 3.494246e-05
 35 (restart 0) KSP residual norm 2.908515e-05
 36 (restart 0) KSP residual norm 2.419634e-05
GMRES solver converged in 36 iterations (avg. reduction factor: 6.808e-01)
 Field energy E (8.802e-13 J) + H (6.964e-12 J) = 7.844e-12 J

  Residual norms for GMRES solve

** Memory Usage **********************************
** Total highmark (MB):
    Sum-of-all :   146.51 | Avg :   146.51  | Max :   146.51
    Max at rank 0, different stages (MB):
	. symbfact            0.00
	. distribution      146.51
	. numfact           126.70
** NUMfact space (MB): (sum-of-all-processes)
    L\U :           81.16 |  Total :   126.70
	. max at rank 0, max L+U memory (MB):    81.16
	. max at rank 0, peak buffer (MB):       45.54
**************************************************

** number of Tiny Pivots:        0

  0 (restart 0) KSP residual norm 4.548557e+01
  1 (restart 0) KSP residual norm 9.881839e+00
  2 (restart 0) KSP residual norm 4.377705e+00
  3 (restart 0) KSP residual norm 1.323809e+00
  4 (restart 0) KSP residual norm 9.543674e-01
  5 (restart 0) KSP residual norm 5.692284e-01
  6 (restart 0) KSP residual norm 4.008807e-01
  7 (restart 0) KSP residual norm 2.101549e-01
  8 (restart 0) KSP residual norm 1.032748e-01
  9 (restart 0) KSP residual norm 8.261947e-02
 10 (restart 0) KSP residual norm 5.239001e-02
 11 (restart 0) KSP residual norm 3.541341e-02
 12 (restart 0) KSP residual norm 2.450214e-02
 13 (restart 0) KSP residual norm 2.034379e-02
 14 (restart 0) KSP residual norm 1.397975e-02
 15 (restart 0) KSP residual norm 1.104980e-02
 16 (restart 0) KSP residual norm 7.928344e-03
 17 (restart 0) KSP residual norm 5.849347e-03
 18 (restart 0) KSP residual norm 4.112449e-03
 19 (restart 0) KSP residual norm 3.134449e-03
 20 (restart 0) KSP residual norm 2.331144e-03
 21 (restart 0) KSP residual norm 1.709850e-03
 22 (restart 0) KSP residual norm 1.273929e-03
 23 (restart 0) KSP residual norm 9.666149e-04
 24 (restart 0) KSP residual norm 7.581989e-04
 25 (restart 0) KSP residual norm 6.282843e-04
 26 (restart 0) KSP residual norm 5.336358e-04
 27 (restart 0) KSP residual norm 4.555200e-04
 28 (restart 0) KSP residual norm 3.853913e-04
 29 (restart 0) KSP residual norm 3.205498e-04
 30 (restart 0) KSP residual norm 2.696163e-04
 31 (restart 0) KSP residual norm 2.307460e-04
 32 (restart 0) KSP residual norm 1.982002e-04
 33 (restart 0) KSP residual norm 1.749082e-04
 34 (restart 0) KSP residual norm 1.539705e-04
 35 (restart 0) KSP residual norm 1.380206e-04
 36 (restart 0) KSP residual norm 1.211395e-04
 37 (restart 0) KSP residual norm 1.019849e-04
 38 (restart 0) KSP residual norm 8.575896e-05
 39 (restart 0) KSP residual norm 7.276962e-05
 40 (restart 0) KSP residual norm 6.226393e-05
 41 (restart 0) KSP residual norm 5.224171e-05
 42 (restart 0) KSP residual norm 4.329898e-05
GMRES solver converged in 42 iterations (avg. reduction factor: 7.188e-01)
 Field energy E (2.045e-12 J) + H (2.019e-12 J) = 4.064e-12 J

  Residual norms for GMRES solve

** Memory Usage **********************************
** Total highmark (MB):
    Sum-of-all :   146.51 | Avg :   146.51  | Max :   146.51
    Max at rank 0, different stages (MB):
	. symbfact            0.00
	. distribution      146.51
	. numfact           126.70
** NUMfact space (MB): (sum-of-all-processes)
    L\U :           81.16 |  Total :   126.70
	. max at rank 0, max L+U memory (MB):    81.16
	. max at rank 0, peak buffer (MB):       45.54
**************************************************

** number of Tiny Pivots:        0

  0 (restart 0) KSP residual norm 3.127827e+01
  1 (restart 0) KSP residual norm 1.222613e+01
  2 (restart 0) KSP residual norm 3.719255e+00
  3 (restart 0) KSP residual norm 1.103194e+00
  4 (restart 0) KSP residual norm 6.522352e-01
  5 (restart 0) KSP residual norm 4.425160e-01
  6 (restart 0) KSP residual norm 1.839753e-01
  7 (restart 0) KSP residual norm 1.474394e-01
  8 (restart 0) KSP residual norm 7.894447e-02
  9 (restart 0) KSP residual norm 4.703298e-02
 10 (restart 0) KSP residual norm 3.284656e-02
 11 (restart 0) KSP residual norm 2.333236e-02
 12 (restart 0) KSP residual norm 1.791038e-02
 13 (restart 0) KSP residual norm 1.256197e-02
 14 (restart 0) KSP residual norm 9.750888e-03
 15 (restart 0) KSP residual norm 6.889309e-03
 16 (restart 0) KSP residual norm 5.106601e-03
 17 (restart 0) KSP residual norm 4.076528e-03
 18 (restart 0) KSP residual norm 3.041994e-03
 19 (restart 0) KSP residual norm 2.359841e-03
 20 (restart 0) KSP residual norm 1.851618e-03
 21 (restart 0) KSP residual norm 1.523540e-03
 22 (restart 0) KSP residual norm 1.182164e-03
 23 (restart 0) KSP residual norm 9.227737e-04
 24 (restart 0) KSP residual norm 7.062058e-04
 25 (restart 0) KSP residual norm 5.555754e-04
 26 (restart 0) KSP residual norm 4.601600e-04
 27 (restart 0) KSP residual norm 3.787453e-04
 28 (restart 0) KSP residual norm 3.174954e-04
 29 (restart 0) KSP residual norm 2.655835e-04
 30 (restart 0) KSP residual norm 2.203208e-04
 31 (restart 0) KSP residual norm 1.827978e-04
 32 (restart 0) KSP residual norm 1.513307e-04
 33 (restart 0) KSP residual norm 1.273115e-04
 34 (restart 0) KSP residual norm 1.069522e-04
 35 (restart 0) KSP residual norm 9.092540e-05
 36 (restart 0) KSP residual norm 7.712888e-05
 37 (restart 0) KSP residual norm 6.229512e-05
 38 (restart 0) KSP residual norm 5.179103e-05
 39 (restart 0) KSP residual norm 4.219476e-05
 40 (restart 0) KSP residual norm 3.518489e-05
 41 (restart 0) KSP residual norm 2.986365e-05
GMRES solver converged in 41 iterations (avg. reduction factor: 7.131e-01)

Greedy iteration 1 (n = 16): ω* = 2.544e+01 GHz (2.665e-01), error = 2.792e-02, memory = 0/2
 Field energy E (1.539e-12 J) + H (3.386e-12 J) = 4.925e-12 J

  Residual norms for GMRES solve

** Memory Usage **********************************
** Total highmark (MB):
    Sum-of-all :   146.51 | Avg :   146.51  | Max :   146.51
    Max at rank 0, different stages (MB):
	. symbfact            0.00
	. distribution      146.51
	. numfact           126.70
** NUMfact space (MB): (sum-of-all-processes)
    L\U :           81.16 |  Total :   126.70
	. max at rank 0, max L+U memory (MB):    81.16
	. max at rank 0, peak buffer (MB):       45.54
**************************************************

** number of Tiny Pivots:        0

  0 (restart 0) KSP residual norm 1.944651e+01
  1 (restart 0) KSP residual norm 1.050845e+01
  2 (restart 0) KSP residual norm 4.743508e+00
  3 (restart 0) KSP residual norm 1.954723e+00
  4 (restart 0) KSP residual norm 6.458557e-01
  5 (restart 0) KSP residual norm 3.689720e-01
  6 (restart 0) KSP residual norm 2.922821e-01
  7 (restart 0) KSP residual norm 1.721847e-01
  8 (restart 0) KSP residual norm 9.992273e-02
  9 (restart 0) KSP residual norm 6.251136e-02
 10 (restart 0) KSP residual norm 4.741980e-02
 11 (restart 0) KSP residual norm 3.171486e-02
 12 (restart 0) KSP residual norm 2.188346e-02
 13 (restart 0) KSP residual norm 1.605232e-02
 14 (restart 0) KSP residual norm 1.229567e-02
 15 (restart 0) KSP residual norm 9.297461e-03
 16 (restart 0) KSP residual norm 7.621200e-03
 17 (restart 0) KSP residual norm 6.282792e-03
 18 (restart 0) KSP residual norm 4.749638e-03
 19 (restart 0) KSP residual norm 3.610671e-03
 20 (restart 0) KSP residual norm 2.902293e-03
 21 (restart 0) KSP residual norm 2.323163e-03
 22 (restart 0) KSP residual norm 1.821633e-03
 23 (restart 0) KSP residual norm 1.492116e-03
 24 (restart 0) KSP residual norm 1.202902e-03
 25 (restart 0) KSP residual norm 9.849951e-04
 26 (restart 0) KSP residual norm 8.342490e-04
 27 (restart 0) KSP residual norm 6.996185e-04
 28 (restart 0) KSP residual norm 5.777505e-04
 29 (restart 0) KSP residual norm 4.864727e-04
 30 (restart 0) KSP residual norm 4.072359e-04
 31 (restart 0) KSP residual norm 3.519250e-04
 32 (restart 0) KSP residual norm 3.037673e-04
 33 (restart 0) KSP residual norm 2.620400e-04
 34 (restart 0) KSP residual norm 2.325366e-04
 35 (restart 0) KSP residual norm 1.995704e-04
 36 (restart 0) KSP residual norm 1.656563e-04
 37 (restart 0) KSP residual norm 1.481188e-04
 38 (restart 0) KSP residual norm 1.243034e-04
 39 (restart 0) KSP residual norm 1.037355e-04
 40 (restart 0) KSP residual norm 9.170573e-05
 41 (restart 0) KSP residual norm 7.580962e-05
 42 (restart 0) KSP residual norm 6.211768e-05
 43 (restart 0) KSP residual norm 5.338035e-05
 44 (restart 0) KSP residual norm 4.564519e-05
 45 (restart 0) KSP residual norm 3.737007e-05
 46 (restart 0) KSP residual norm 3.088948e-05
 47 (restart 0) KSP residual norm 2.629495e-05
 48 (restart 0) KSP residual norm 2.156477e-05
 49 (restart 0) KSP residual norm 1.760816e-05
GMRES solver converged in 49 iterations (avg. reduction factor: 7.528e-01)

Greedy iteration 2 (n = 18): ω* = 8.701e+00 GHz (9.116e-02), error = 1.351e-02, memory = 1/2
 Field energy E (7.498e-13 J) + H (5.761e-12 J) = 6.511e-12 J

  Residual norms for GMRES solve

** Memory Usage **********************************
** Total highmark (MB):
    Sum-of-all :   146.51 | Avg :   146.51  | Max :   146.51
    Max at rank 0, different stages (MB):
	. symbfact            0.00
	. distribution      146.51
	. numfact           126.70
** NUMfact space (MB): (sum-of-all-processes)
    L\U :           81.16 |  Total :   126.70
	. max at rank 0, max L+U memory (MB):    81.16
	. max at rank 0, peak buffer (MB):       45.54
**************************************************

** number of Tiny Pivots:        0

  0 (restart 0) KSP residual norm 3.849548e+01
  1 (restart 0) KSP residual norm 1.129084e+01
  2 (restart 0) KSP residual norm 4.157687e+00
  3 (restart 0) KSP residual norm 1.239860e+00
  4 (restart 0) KSP residual norm 7.753329e-01
  5 (restart 0) KSP residual norm 5.125351e-01
  6 (restart 0) KSP residual norm 3.184033e-01
  7 (restart 0) KSP residual norm 1.964029e-01
  8 (restart 0) KSP residual norm 8.615618e-02
  9 (restart 0) KSP residual norm 6.340765e-02
 10 (restart 0) KSP residual norm 4.185628e-02
 11 (restart 0) KSP residual norm 3.214508e-02
 12 (restart 0) KSP residual norm 2.010109e-02
 13 (restart 0) KSP residual norm 1.510080e-02
 14 (restart 0) KSP residual norm 1.182261e-02
 15 (restart 0) KSP residual norm 9.443800e-03
 16 (restart 0) KSP residual norm 7.149946e-03
 17 (restart 0) KSP residual norm 5.346986e-03
 18 (restart 0) KSP residual norm 3.985384e-03
 19 (restart 0) KSP residual norm 2.911113e-03
 20 (restart 0) KSP residual norm 2.248070e-03
 21 (restart 0) KSP residual norm 1.635929e-03
 22 (restart 0) KSP residual norm 1.225091e-03
 23 (restart 0) KSP residual norm 9.137546e-04
 24 (restart 0) KSP residual norm 7.201983e-04
 25 (restart 0) KSP residual norm 5.815098e-04
 26 (restart 0) KSP residual norm 4.831906e-04
 27 (restart 0) KSP residual norm 4.148487e-04
 28 (restart 0) KSP residual norm 3.487911e-04
 29 (restart 0) KSP residual norm 2.897249e-04
 30 (restart 0) KSP residual norm 2.438226e-04
 31 (restart 0) KSP residual norm 2.028317e-04
 32 (restart 0) KSP residual norm 1.727392e-04
 33 (restart 0) KSP residual norm 1.427443e-04
 34 (restart 0) KSP residual norm 1.216241e-04
 35 (restart 0) KSP residual norm 1.042193e-04
 36 (restart 0) KSP residual norm 9.193650e-05
 37 (restart 0) KSP residual norm 8.247286e-05
 38 (restart 0) KSP residual norm 7.248179e-05
 39 (restart 0) KSP residual norm 6.341630e-05
 40 (restart 0) KSP residual norm 5.496870e-05
 41 (restart 0) KSP residual norm 4.720209e-05
 42 (restart 0) KSP residual norm 3.968161e-05
 43 (restart 0) KSP residual norm 3.237585e-05
GMRES solver converged in 43 iterations (avg. reduction factor: 7.223e-01)

Greedy iteration 3 (n = 20): ω* = 3.378e+01 GHz (3.539e-01), error = 2.836e-04, memory = 2/2
 Field energy E (1.859e-12 J) + H (2.503e-12 J) = 4.363e-12 J

Adaptive sampling converged with 5 frequency samples:
 n = 22, error = 2.836e-04, tol = 2.000e-02, memory = 2/2
 Sampled frequencies (GHz): 1.000e-02, 4.000e+01, 2.544e+01, 8.701e+00,
                            3.378e+01
 Sample errors: inf, inf, 2.792e-02, 1.351e-02, 2.836e-04
 Total offline phase elapsed time: 1.29e+03 s

Beginning fast frequency sweep online phase

Sweeping excitation index 1 (1/2):

It 1/82: ω/2π = 1.000e-02 GHz (total elapsed time = 1.29e+03 s)

 Sol. ||E|| = 2.693991e+01
 Field energy E (9.143e-13 J) + H (6.964e-12 J) = 7.878e-12 J
 S[1][1] = +5.761e-02+4.016e-04i, |S[1][1]| = -2.479e+01, arg(S[1][1]) = +3.994e-01
 S[2][1] = +9.424e-01-5.151e-04i, |S[2][1]| = -5.154e-01, arg(S[2][1]) = -3.132e-02

It 2/82: ω/2π = 2.000e-02 GHz (total elapsed time = 1.29e+03 s)

 Sol. ||E|| = 2.693924e+01
 Field energy E (9.143e-13 J) + H (6.932e-12 J) = 7.846e-12 J
 S[1][1] = +5.762e-02+7.992e-04i, |S[1][1]| = -2.479e+01, arg(S[1][1]) = +7.947e-01
 S[2][1] = +9.424e-01-1.026e-03i, |S[2][1]| = -5.155e-01, arg(S[2][1]) = -6.239e-02

It 3/82: ω/2π = 5.000e-01 GHz (total elapsed time = 1.29e+03 s)

 Sol. ||E|| = 2.637821e+01
 Field energy E (8.870e-13 J) + H (6.768e-12 J) = 7.655e-12 J
 S[1][1] = +5.829e-02+1.957e-02i, |S[1][1]| = -2.422e+01, arg(S[1][1]) = +1.856e+01
 S[2][1] = +9.411e-01-2.507e-02i, |S[2][1]| = -5.240e-01, arg(S[2][1]) = -1.526e+00

It 4/82: ω/2π = 1.000e+00 GHz (total elapsed time = 1.29e+03 s)

 Sol. ||E|| = 2.514149e+01
 Field energy E (8.285e-13 J) + H (6.651e-12 J) = 7.480e-12 J
 S[1][1] = +5.986e-02+3.886e-02i, |S[1][1]| = -2.293e+01, arg(S[1][1]) = +3.299e+01
 S[2][1] = +9.382e-01-4.909e-02i, |S[2][1]| = -5.421e-01, arg(S[2][1]) = -2.995e+00

It 5/82: ω/2π = 1.500e+00 GHz (total elapsed time = 1.29e+03 s)

 Sol. ||E|| = 2.386289e+01
 Field energy E (7.708e-13 J) + H (6.562e-12 J) = 7.333e-12 J
 S[1][1] = +6.230e-02+5.806e-02i, |S[1][1]| = -2.140e+01, arg(S[1][1]) = +4.298e+01
 S[2][1] = +9.344e-01-7.226e-02i, |S[2][1]| = -5.636e-01, arg(S[2][1]) = -4.422e+00

It 6/82: ω/2π = 2.000e+00 GHz (total elapsed time = 1.29e+03 s)

 Sol. ||E|| = 2.283840e+01
 Field energy E (7.267e-13 J) + H (6.493e-12 J) = 7.220e-12 J
 S[1][1] = +6.570e-02+7.716e-02i, |S[1][1]| = -1.988e+01, arg(S[1][1]) = +4.959e+01
 S[2][1] = +9.298e-01-9.486e-02i, |S[2][1]| = -5.871e-01, arg(S[2][1]) = -5.825e+00

It 7/82: ω/2π = 2.500e+00 GHz (total elapsed time = 1.29e+03 s)

 Sol. ||E|| = 2.211797e+01
 Field energy E (6.968e-13 J) + H (6.437e-12 J) = 7.134e-12 J
 S[1][1] = +7.009e-02+9.606e-02i, |S[1][1]| = -1.850e+01, arg(S[1][1]) = +5.389e+01
 S[2][1] = +9.245e-01-1.171e-01i, |S[2][1]| = -6.126e-01, arg(S[2][1]) = -7.216e+00

It 8/82: ω/2π = 3.000e+00 GHz (total elapsed time = 1.29e+03 s)

 Sol. ||E|| = 2.165957e+01
 Field energy E (6.782e-13 J) + H (6.387e-12 J) = 7.066e-12 J
 S[1][1] = +7.545e-02+1.147e-01i, |S[1][1]| = -1.725e+01, arg(S[1][1]) = +5.666e+01
 S[2][1] = +9.184e-01-1.389e-01i, |S[2][1]| = -6.408e-01, arg(S[2][1]) = -8.599e+00

It 9/82: ω/2π = 3.500e+00 GHz (total elapsed time = 1.29e+03 s)

 Sol. ||E|| = 2.140547e+01
 Field energy E (6.680e-13 J) + H (6.340e-12 J) = 7.008e-12 J
 S[1][1] = +8.177e-02+1.329e-01i, |S[1][1]| = -1.613e+01, arg(S[1][1]) = +5.841e+01
 S[2][1] = +9.116e-01-1.604e-01i, |S[2][1]| = -6.720e-01, arg(S[2][1]) = -9.977e+00

It 10/82: ω/2π = 4.000e+00 GHz (total elapsed time = 1.29e+03 s)

 Sol. ||E|| = 2.130637e+01
 Field energy E (6.640e-13 J) + H (6.293e-12 J) = 6.957e-12 J
 S[1][1] = +8.899e-02+1.508e-01i, |S[1][1]| = -1.513e+01, arg(S[1][1]) = +5.946e+01
 S[2][1] = +9.039e-01-1.814e-01i, |S[2][1]| = -7.065e-01, arg(S[2][1]) = -1.135e+01

It 11/82: ω/2π = 4.500e+00 GHz (total elapsed time = 1.29e+03 s)

 Sol. ||E|| = 2.132516e+01
 Field energy E (6.646e-13 J) + H (6.245e-12 J) = 6.910e-12 J
 S[1][1] = +9.708e-02+1.682e-01i, |S[1][1]| = -1.424e+01, arg(S[1][1]) = +6.001e+01
 S[2][1] = +8.954e-01-2.020e-01i, |S[2][1]| = -7.445e-01, arg(S[2][1]) = -1.271e+01

It 12/82: ω/2π = 5.000e+00 GHz (total elapsed time = 1.29e+03 s)

 Sol. ||E|| = 2.143483e+01
 Field energy E (6.688e-13 J) + H (6.196e-12 J) = 6.865e-12 J
 S[1][1] = +1.060e-01+1.851e-01i, |S[1][1]| = -1.342e+01, arg(S[1][1]) = +6.020e+01
 S[2][1] = +8.861e-01-2.221e-01i, |S[2][1]| = -7.860e-01, arg(S[2][1]) = -1.407e+01

It 13/82: ω/2π = 5.500e+00 GHz (total elapsed time = 1.29e+03 s)

 Sol. ||E|| = 2.161567e+01
 Field energy E (6.759e-13 J) + H (6.145e-12 J) = 6.821e-12 J
 S[1][1] = +1.157e-01+2.014e-01i, |S[1][1]| = -1.268e+01, arg(S[1][1]) = +6.013e+01
 S[2][1] = +8.760e-01-2.417e-01i, |S[2][1]| = -8.311e-01, arg(S[2][1]) = -1.543e+01

It 14/82: ω/2π = 6.000e+00 GHz (total elapsed time = 1.29e+03 s)

 Sol. ||E|| = 2.185311e+01
 Field energy E (6.854e-13 J) + H (6.091e-12 J) = 6.776e-12 J
 S[1][1] = +1.261e-01+2.171e-01i, |S[1][1]| = -1.200e+01, arg(S[1][1]) = +5.985e+01
 S[2][1] = +8.652e-01-2.607e-01i, |S[2][1]| = -8.798e-01, arg(S[2][1]) = -1.677e+01

It 15/82: ω/2π = 6.500e+00 GHz (total elapsed time = 1.29e+03 s)

 Sol. ||E|| = 2.213606e+01
 Field energy E (6.968e-13 J) + H (6.035e-12 J) = 6.732e-12 J
 S[1][1] = +1.373e-01+2.323e-01i, |S[1][1]| = -1.138e+01, arg(S[1][1]) = +5.942e+01
 S[2][1] = +8.538e-01-2.792e-01i, |S[2][1]| = -9.320e-01, arg(S[2][1]) = -1.811e+01

It 16/82: ω/2π = 7.000e+00 GHz (total elapsed time = 1.29e+03 s)

 Sol. ||E|| = 2.245594e+01
 Field energy E (7.100e-13 J) + H (5.977e-12 J) = 6.687e-12 J
 S[1][1] = +1.490e-01+2.468e-01i, |S[1][1]| = -1.080e+01, arg(S[1][1]) = +5.887e+01
 S[2][1] = +8.417e-01-2.969e-01i, |S[2][1]| = -9.876e-01, arg(S[2][1]) = -1.943e+01

It 17/82: ω/2π = 7.500e+00 GHz (total elapsed time = 1.29e+03 s)

 Sol. ||E|| = 2.280589e+01
 Field energy E (7.246e-13 J) + H (5.917e-12 J) = 6.641e-12 J
 S[1][1] = +1.614e-01+2.606e-01i, |S[1][1]| = -1.027e+01, arg(S[1][1]) = +5.822e+01
 S[2][1] = +8.290e-01-3.141e-01i, |S[2][1]| = -1.047e+00, arg(S[2][1]) = -2.075e+01

It 18/82: ω/2π = 8.000e+00 GHz (total elapsed time = 1.29e+03 s)

 Sol. ||E|| = 2.318034e+01
 Field energy E (7.405e-13 J) + H (5.855e-12 J) = 6.595e-12 J
 S[1][1] = +1.743e-01+2.737e-01i, |S[1][1]| = -9.776e+00, arg(S[1][1]) = +5.750e+01
 S[2][1] = +8.157e-01-3.305e-01i, |S[2][1]| = -1.109e+00, arg(S[2][1]) = -2.206e+01

It 19/82: ω/2π = 8.500e+00 GHz (total elapsed time = 1.29e+03 s)

 Sol. ||E|| = 2.357467e+01
 Field energy E (7.576e-13 J) + H (5.790e-12 J) = 6.548e-12 J
 S[1][1] = +1.878e-01+2.861e-01i, |S[1][1]| = -9.314e+00, arg(S[1][1]) = +5.672e+01
 S[2][1] = +8.020e-01-3.463e-01i, |S[2][1]| = -1.175e+00, arg(S[2][1]) = -2.335e+01

It 20/82: ω/2π = 9.000e+00 GHz (total elapsed time = 1.29e+03 s)

 Sol. ||E|| = 2.398501e+01
 Field energy E (7.756e-13 J) + H (5.724e-12 J) = 6.500e-12 J
 S[1][1] = +2.017e-01+2.978e-01i, |S[1][1]| = -8.882e+00, arg(S[1][1]) = +5.590e+01
 S[2][1] = +7.877e-01-3.613e-01i, |S[2][1]| = -1.243e+00, arg(S[2][1]) = -2.464e+01

It 21/82: ω/2π = 9.500e+00 GHz (total elapsed time = 1.29e+03 s)

 Sol. ||E|| = 2.440808e+01
 Field energy E (7.946e-13 J) + H (5.657e-12 J) = 6.451e-12 J
 S[1][1] = +2.160e-01+3.088e-01i, |S[1][1]| = -8.477e+00, arg(S[1][1]) = +5.503e+01
 S[2][1] = +7.731e-01-3.756e-01i, |S[2][1]| = -1.315e+00, arg(S[2][1]) = -2.592e+01

It 22/82: ω/2π = 1.000e+01 GHz (total elapsed time = 1.29e+03 s)

 Sol. ||E|| = 2.484106e+01
 Field energy E (8.144e-13 J) + H (5.588e-12 J) = 6.402e-12 J
 S[1][1] = +2.307e-01+3.190e-01i, |S[1][1]| = -8.097e+00, arg(S[1][1]) = +5.413e+01
 S[2][1] = +7.580e-01-3.892e-01i, |S[2][1]| = -1.390e+00, arg(S[2][1]) = -2.718e+01

It 23/82: ω/2π = 1.050e+01 GHz (total elapsed time = 1.29e+03 s)

 Sol. ||E|| = 2.528154e+01
 Field energy E (8.349e-13 J) + H (5.518e-12 J) = 6.352e-12 J
 S[1][1] = +2.457e-01+3.285e-01i, |S[1][1]| = -7.739e+00, arg(S[1][1]) = +5.321e+01
 S[2][1] = +7.426e-01-4.021e-01i, |S[2][1]| = -1.468e+00, arg(S[2][1]) = -2.843e+01

It 24/82: ω/2π = 1.100e+01 GHz (total elapsed time = 1.29e+03 s)

 Sol. ||E|| = 2.572742e+01
 Field energy E (8.560e-13 J) + H (5.446e-12 J) = 6.302e-12 J
 S[1][1] = +2.610e-01+3.373e-01i, |S[1][1]| = -7.402e+00, arg(S[1][1]) = +5.227e+01
 S[2][1] = +7.269e-01-4.142e-01i, |S[2][1]| = -1.549e+00, arg(S[2][1]) = -2.968e+01

It 25/82: ω/2π = 1.150e+01 GHz (total elapsed time = 1.29e+03 s)

 Sol. ||E|| = 2.617690e+01
 Field energy E (8.777e-13 J) + H (5.374e-12 J) = 6.251e-12 J
 S[1][1] = +2.766e-01+3.453e-01i, |S[1][1]| = -7.083e+00, arg(S[1][1]) = +5.131e+01
 S[2][1] = +7.110e-01-4.256e-01i, |S[2][1]| = -1.632e+00, arg(S[2][1]) = -3.091e+01

It 26/82: ω/2π = 1.200e+01 GHz (total elapsed time = 1.29e+03 s)

 Sol. ||E|| = 2.662840e+01
 Field energy E (8.999e-13 J) + H (5.300e-12 J) = 6.200e-12 J
 S[1][1] = +2.923e-01+3.526e-01i, |S[1][1]| = -6.782e+00, arg(S[1][1]) = +5.034e+01
 S[2][1] = +6.948e-01-4.363e-01i, |S[2][1]| = -1.719e+00, arg(S[2][1]) = -3.213e+01

It 27/82: ω/2π = 1.250e+01 GHz (total elapsed time = 1.29e+03 s)

 Sol. ||E|| = 2.708055e+01
 Field energy E (9.225e-13 J) + H (5.226e-12 J) = 6.149e-12 J
 S[1][1] = +3.083e-01+3.592e-01i, |S[1][1]| = -6.496e+00, arg(S[1][1]) = +4.936e+01
 S[2][1] = +6.785e-01-4.463e-01i, |S[2][1]| = -1.808e+00, arg(S[2][1]) = -3.334e+01

It 28/82: ω/2π = 1.300e+01 GHz (total elapsed time = 1.29e+03 s)

 Sol. ||E|| = 2.753215e+01
 Field energy E (9.455e-13 J) + H (5.152e-12 J) = 6.097e-12 J
 S[1][1] = +3.243e-01+3.651e-01i, |S[1][1]| = -6.226e+00, arg(S[1][1]) = +4.838e+01
 S[2][1] = +6.620e-01-4.556e-01i, |S[2][1]| = -1.899e+00, arg(S[2][1]) = -3.453e+01

It 29/82: ω/2π = 1.350e+01 GHz (total elapsed time = 1.29e+03 s)

 Sol. ||E|| = 2.798216e+01
 Field energy E (9.687e-13 J) + H (5.077e-12 J) = 6.046e-12 J
 S[1][1] = +3.405e-01+3.702e-01i, |S[1][1]| = -5.969e+00, arg(S[1][1]) = +4.739e+01
 S[2][1] = +6.454e-01-4.641e-01i, |S[2][1]| = -1.993e+00, arg(S[2][1]) = -3.572e+01

It 30/82: ω/2π = 1.400e+01 GHz (total elapsed time = 1.29e+03 s)

 Sol. ||E|| = 2.842967e+01
 Field energy E (9.923e-13 J) + H (5.002e-12 J) = 5.994e-12 J
 S[1][1] = +3.568e-01+3.746e-01i, |S[1][1]| = -5.725e+00, arg(S[1][1]) = +4.640e+01
 S[2][1] = +6.287e-01-4.720e-01i, |S[2][1]| = -2.090e+00, arg(S[2][1]) = -3.689e+01

It 31/82: ω/2π = 1.450e+01 GHz (total elapsed time = 1.30e+03 s)

 Sol. ||E|| = 2.887390e+01
 Field energy E (1.016e-12 J) + H (4.926e-12 J) = 5.942e-12 J
 S[1][1] = +3.730e-01+3.784e-01i, |S[1][1]| = -5.492e+00, arg(S[1][1]) = +4.541e+01
 S[2][1] = +6.120e-01-4.791e-01i, |S[2][1]| = -2.189e+00, arg(S[2][1]) = -3.806e+01

It 32/82: ω/2π = 1.500e+01 GHz (total elapsed time = 1.30e+03 s)

 Sol. ||E|| = 2.931415e+01
 Field energy E (1.040e-12 J) + H (4.851e-12 J) = 5.891e-12 J
 S[1][1] = +3.893e-01+3.815e-01i, |S[1][1]| = -5.271e+00, arg(S[1][1]) = +4.441e+01
 S[2][1] = +5.952e-01-4.856e-01i, |S[2][1]| = -2.291e+00, arg(S[2][1]) = -3.921e+01

It 33/82: ω/2π = 1.550e+01 GHz (total elapsed time = 1.30e+03 s)

 Sol. ||E|| = 2.974984e+01
 Field energy E (1.064e-12 J) + H (4.775e-12 J) = 5.839e-12 J
 S[1][1] = +4.056e-01+3.839e-01i, |S[1][1]| = -5.060e+00, arg(S[1][1]) = +4.342e+01
 S[2][1] = +5.785e-01-4.915e-01i, |S[2][1]| = -2.394e+00, arg(S[2][1]) = -4.035e+01

It 34/82: ω/2π = 1.600e+01 GHz (total elapsed time = 1.30e+03 s)

 Sol. ||E|| = 3.018045e+01
 Field energy E (1.088e-12 J) + H (4.700e-12 J) = 5.788e-12 J
 S[1][1] = +4.218e-01+3.856e-01i, |S[1][1]| = -4.859e+00, arg(S[1][1]) = +4.243e+01
 S[2][1] = +5.617e-01-4.967e-01i, |S[2][1]| = -2.501e+00, arg(S[2][1]) = -4.148e+01

It 35/82: ω/2π = 1.650e+01 GHz (total elapsed time = 1.30e+03 s)

 Sol. ||E|| = 3.060554e+01
 Field energy E (1.112e-12 J) + H (4.625e-12 J) = 5.737e-12 J
 S[1][1] = +4.380e-01+3.868e-01i, |S[1][1]| = -4.667e+00, arg(S[1][1]) = +4.145e+01
 S[2][1] = +5.451e-01-5.013e-01i, |S[2][1]| = -2.609e+00, arg(S[2][1]) = -4.260e+01

It 36/82: ω/2π = 1.700e+01 GHz (total elapsed time = 1.30e+03 s)

 Sol. ||E|| = 3.102473e+01
 Field energy E (1.137e-12 J) + H (4.550e-12 J) = 5.687e-12 J
 S[1][1] = +4.540e-01+3.873e-01i, |S[1][1]| = -4.484e+00, arg(S[1][1]) = +4.046e+01
 S[2][1] = +5.285e-01-5.053e-01i, |S[2][1]| = -2.720e+00, arg(S[2][1]) = -4.371e+01

It 37/82: ω/2π = 1.750e+01 GHz (total elapsed time = 1.30e+03 s)

 Sol. ||E|| = 3.143771e+01
 Field energy E (1.161e-12 J) + H (4.476e-12 J) = 5.636e-12 J
 S[1][1] = +4.700e-01+3.872e-01i, |S[1][1]| = -4.309e+00, arg(S[1][1]) = +3.948e+01
 S[2][1] = +5.120e-01-5.086e-01i, |S[2][1]| = -2.833e+00, arg(S[2][1]) = -4.481e+01

It 38/82: ω/2π = 1.800e+01 GHz (total elapsed time = 1.30e+03 s)

 Sol. ||E|| = 3.184420e+01
 Field energy E (1.185e-12 J) + H (4.402e-12 J) = 5.587e-12 J
 S[1][1] = +4.858e-01+3.865e-01i, |S[1][1]| = -4.141e+00, arg(S[1][1]) = +3.851e+01
 S[2][1] = +4.956e-01-5.114e-01i, |S[2][1]| = -2.948e+00, arg(S[2][1]) = -4.590e+01

It 39/82: ω/2π = 1.850e+01 GHz (total elapsed time = 1.30e+03 s)

 Sol. ||E|| = 3.224397e+01
 Field energy E (1.209e-12 J) + H (4.328e-12 J) = 5.537e-12 J
 S[1][1] = +5.014e-01+3.853e-01i, |S[1][1]| = -3.981e+00, arg(S[1][1]) = +3.753e+01
 S[2][1] = +4.794e-01-5.137e-01i, |S[2][1]| = -3.065e+00, arg(S[2][1]) = -4.698e+01

It 40/82: ω/2π = 1.900e+01 GHz (total elapsed time = 1.30e+03 s)

 Sol. ||E|| = 3.263684e+01
 Field energy E (1.233e-12 J) + H (4.255e-12 J) = 5.488e-12 J
 S[1][1] = +5.169e-01+3.835e-01i, |S[1][1]| = -3.827e+00, arg(S[1][1]) = +3.657e+01
 S[2][1] = +4.633e-01-5.154e-01i, |S[2][1]| = -3.185e+00, arg(S[2][1]) = -4.804e+01

It 41/82: ω/2π = 1.950e+01 GHz (total elapsed time = 1.30e+03 s)

 Sol. ||E|| = 3.302267e+01
 Field energy E (1.257e-12 J) + H (4.183e-12 J) = 5.440e-12 J
 S[1][1] = +5.322e-01+3.811e-01i, |S[1][1]| = -3.680e+00, arg(S[1][1]) = +3.561e+01
 S[2][1] = +4.474e-01-5.166e-01i, |S[2][1]| = -3.306e+00, arg(S[2][1]) = -4.910e+01

It 42/82: ω/2π = 2.000e+01 GHz (total elapsed time = 1.30e+03 s)

 Sol. ||E|| = 3.340132e+01
 Field energy E (1.281e-12 J) + H (4.111e-12 J) = 5.392e-12 J
 S[1][1] = +5.473e-01+3.783e-01i, |S[1][1]| = -3.539e+00, arg(S[1][1]) = +3.465e+01
 S[2][1] = +4.317e-01-5.173e-01i, |S[2][1]| = -3.430e+00, arg(S[2][1]) = -5.015e+01

It 43/82: ω/2π = 2.050e+01 GHz (total elapsed time = 1.30e+03 s)

 Sol. ||E|| = 3.377271e+01
 Field energy E (1.304e-12 J) + H (4.041e-12 J) = 5.345e-12 J
 S[1][1] = +5.622e-01+3.750e-01i, |S[1][1]| = -3.404e+00, arg(S[1][1]) = +3.370e+01
 S[2][1] = +4.162e-01-5.175e-01i, |S[2][1]| = -3.555e+00, arg(S[2][1]) = -5.119e+01

It 44/82: ω/2π = 2.100e+01 GHz (total elapsed time = 1.30e+03 s)

 Sol. ||E|| = 3.413679e+01
 Field energy E (1.328e-12 J) + H (3.970e-12 J) = 5.298e-12 J
 S[1][1] = +5.768e-01+3.711e-01i, |S[1][1]| = -3.274e+00, arg(S[1][1]) = +3.276e+01
 S[2][1] = +4.009e-01-5.172e-01i, |S[2][1]| = -3.683e+00, arg(S[2][1]) = -5.222e+01

It 45/82: ω/2π = 2.150e+01 GHz (total elapsed time = 1.30e+03 s)

 Sol. ||E|| = 3.449350e+01
 Field energy E (1.351e-12 J) + H (3.901e-12 J) = 5.252e-12 J
 S[1][1] = +5.913e-01+3.669e-01i, |S[1][1]| = -3.150e+00, arg(S[1][1]) = +3.182e+01
 S[2][1] = +3.859e-01-5.165e-01i, |S[2][1]| = -3.813e+00, arg(S[2][1]) = -5.324e+01

It 46/82: ω/2π = 2.200e+01 GHz (total elapsed time = 1.30e+03 s)

 Sol. ||E|| = 3.484282e+01
 Field energy E (1.374e-12 J) + H (3.833e-12 J) = 5.207e-12 J
 S[1][1] = +6.054e-01+3.621e-01i, |S[1][1]| = -3.031e+00, arg(S[1][1]) = +3.089e+01
 S[2][1] = +3.710e-01-5.153e-01i, |S[2][1]| = -3.945e+00, arg(S[2][1]) = -5.424e+01

It 47/82: ω/2π = 2.250e+01 GHz (total elapsed time = 1.30e+03 s)

 Sol. ||E|| = 3.518475e+01
 Field energy E (1.397e-12 J) + H (3.765e-12 J) = 5.162e-12 J
 S[1][1] = +6.193e-01+3.570e-01i, |S[1][1]| = -2.916e+00, arg(S[1][1]) = +2.996e+01
 S[2][1] = +3.565e-01-5.137e-01i, |S[2][1]| = -4.079e+00, arg(S[2][1]) = -5.524e+01

It 48/82: ω/2π = 2.300e+01 GHz (total elapsed time = 1.30e+03 s)

 Sol. ||E|| = 3.551931e+01
 Field energy E (1.419e-12 J) + H (3.698e-12 J) = 5.117e-12 J
 S[1][1] = +6.329e-01+3.514e-01i, |S[1][1]| = -2.806e+00, arg(S[1][1]) = +2.904e+01
 S[2][1] = +3.421e-01-5.117e-01i, |S[2][1]| = -4.214e+00, arg(S[2][1]) = -5.624e+01

It 49/82: ω/2π = 2.350e+01 GHz (total elapsed time = 1.30e+03 s)

 Sol. ||E|| = 3.584651e+01
 Field energy E (1.441e-12 J) + H (3.633e-12 J) = 5.074e-12 J
 S[1][1] = +6.463e-01+3.455e-01i, |S[1][1]| = -2.700e+00, arg(S[1][1]) = +2.813e+01
 S[2][1] = +3.281e-01-5.094e-01i, |S[2][1]| = -4.352e+00, arg(S[2][1]) = -5.722e+01

It 50/82: ω/2π = 2.400e+01 GHz (total elapsed time = 1.30e+03 s)

 Sol. ||E|| = 3.616640e+01
 Field energy E (1.463e-12 J) + H (3.568e-12 J) = 5.031e-12 J
 S[1][1] = +6.593e-01+3.391e-01i, |S[1][1]| = -2.599e+00, arg(S[1][1]) = +2.722e+01
 S[2][1] = +3.143e-01-5.067e-01i, |S[2][1]| = -4.492e+00, arg(S[2][1]) = -5.819e+01

It 51/82: ω/2π = 2.450e+01 GHz (total elapsed time = 1.30e+03 s)

 Sol. ||E|| = 3.647904e+01
 Field energy E (1.485e-12 J) + H (3.504e-12 J) = 4.989e-12 J
 S[1][1] = +6.721e-01+3.324e-01i, |S[1][1]| = -2.501e+00, arg(S[1][1]) = +2.632e+01
 S[2][1] = +3.007e-01-5.036e-01i, |S[2][1]| = -4.634e+00, arg(S[2][1]) = -5.916e+01

It 52/82: ω/2π = 2.500e+01 GHz (total elapsed time = 1.30e+03 s)

 Sol. ||E|| = 3.678447e+01
 Field energy E (1.506e-12 J) + H (3.441e-12 J) = 4.947e-12 J
 S[1][1] = +6.845e-01+3.254e-01i, |S[1][1]| = -2.407e+00, arg(S[1][1]) = +2.542e+01
 S[2][1] = +2.875e-01-5.002e-01i, |S[2][1]| = -4.778e+00, arg(S[2][1]) = -6.011e+01

It 53/82: ω/2π = 2.550e+01 GHz (total elapsed time = 1.30e+03 s)

 Sol. ||E|| = 3.708277e+01
 Field energy E (1.527e-12 J) + H (3.379e-12 J) = 4.907e-12 J
 S[1][1] = +6.967e-01+3.180e-01i, |S[1][1]| = -2.317e+00, arg(S[1][1]) = +2.453e+01
 S[2][1] = +2.745e-01-4.965e-01i, |S[2][1]| = -4.924e+00, arg(S[2][1]) = -6.106e+01

It 54/82: ω/2π = 2.600e+01 GHz (total elapsed time = 1.30e+03 s)

 Sol. ||E|| = 3.737403e+01
 Field energy E (1.548e-12 J) + H (3.318e-12 J) = 4.867e-12 J
 S[1][1] = +7.086e-01+3.103e-01i, |S[1][1]| = -2.231e+00, arg(S[1][1]) = +2.365e+01
 S[2][1] = +2.618e-01-4.924e-01i, |S[2][1]| = -5.072e+00, arg(S[2][1]) = -6.200e+01

It 55/82: ω/2π = 2.650e+01 GHz (total elapsed time = 1.30e+03 s)

 Sol. ||E|| = 3.765831e+01
 Field energy E (1.569e-12 J) + H (3.258e-12 J) = 4.827e-12 J
 S[1][1] = +7.201e-01+3.023e-01i, |S[1][1]| = -2.147e+00, arg(S[1][1]) = +2.277e+01
 S[2][1] = +2.495e-01-4.881e-01i, |S[2][1]| = -5.222e+00, arg(S[2][1]) = -6.293e+01

It 56/82: ω/2π = 2.700e+01 GHz (total elapsed time = 1.30e+03 s)

 Sol. ||E|| = 3.793571e+01
 Field energy E (1.589e-12 J) + H (3.200e-12 J) = 4.789e-12 J
 S[1][1] = +7.313e-01+2.940e-01i, |S[1][1]| = -2.067e+00, arg(S[1][1]) = +2.190e+01
 S[2][1] = +2.374e-01-4.835e-01i, |S[2][1]| = -5.374e+00, arg(S[2][1]) = -6.385e+01

It 57/82: ω/2π = 2.750e+01 GHz (total elapsed time = 1.30e+03 s)

 Sol. ||E|| = 3.820633e+01
 Field energy E (1.609e-12 J) + H (3.142e-12 J) = 4.751e-12 J
 S[1][1] = +7.423e-01+2.855e-01i, |S[1][1]| = -1.990e+00, arg(S[1][1]) = +2.104e+01
 S[2][1] = +2.256e-01-4.787e-01i, |S[2][1]| = -5.528e+00, arg(S[2][1]) = -6.477e+01

It 58/82: ω/2π = 2.800e+01 GHz (total elapsed time = 1.30e+03 s)

 Sol. ||E|| = 3.847027e+01
 Field energy E (1.629e-12 J) + H (3.085e-12 J) = 4.713e-12 J
 S[1][1] = +7.529e-01+2.767e-01i, |S[1][1]| = -1.916e+00, arg(S[1][1]) = +2.018e+01
 S[2][1] = +2.141e-01-4.736e-01i, |S[2][1]| = -5.684e+00, arg(S[2][1]) = -6.568e+01

It 59/82: ω/2π = 2.850e+01 GHz (total elapsed time = 1.30e+03 s)

 Sol. ||E|| = 3.872763e+01
 Field energy E (1.648e-12 J) + H (3.029e-12 J) = 4.677e-12 J
 S[1][1] = +7.631e-01+2.676e-01i, |S[1][1]| = -1.844e+00, arg(S[1][1]) = +1.932e+01
 S[2][1] = +2.029e-01-4.683e-01i, |S[2][1]| = -5.842e+00, arg(S[2][1]) = -6.658e+01

It 60/82: ω/2π = 2.900e+01 GHz (total elapsed time = 1.30e+03 s)

 Sol. ||E|| = 3.897851e+01
 Field energy E (1.667e-12 J) + H (2.974e-12 J) = 4.641e-12 J
 S[1][1] = +7.731e-01+2.583e-01i, |S[1][1]| = -1.776e+00, arg(S[1][1]) = +1.848e+01
 S[2][1] = +1.920e-01-4.628e-01i, |S[2][1]| = -6.003e+00, arg(S[2][1]) = -6.747e+01

It 61/82: ω/2π = 2.950e+01 GHz (total elapsed time = 1.30e+03 s)

 Sol. ||E|| = 3.922304e+01
 Field energy E (1.686e-12 J) + H (2.920e-12 J) = 4.606e-12 J
 S[1][1] = +7.828e-01+2.488e-01i, |S[1][1]| = -1.709e+00, arg(S[1][1]) = +1.763e+01
 S[2][1] = +1.814e-01-4.571e-01i, |S[2][1]| = -6.165e+00, arg(S[2][1]) = -6.836e+01

It 62/82: ω/2π = 3.000e+01 GHz (total elapsed time = 1.30e+03 s)

 Sol. ||E|| = 3.946130e+01
 Field energy E (1.704e-12 J) + H (2.868e-12 J) = 4.572e-12 J
 S[1][1] = +7.921e-01+2.391e-01i, |S[1][1]| = -1.646e+00, arg(S[1][1]) = +1.680e+01
 S[2][1] = +1.710e-01-4.512e-01i, |S[2][1]| = -6.330e+00, arg(S[2][1]) = -6.924e+01

It 63/82: ω/2π = 3.050e+01 GHz (total elapsed time = 1.30e+03 s)

 Sol. ||E|| = 3.969344e+01
 Field energy E (1.722e-12 J) + H (2.816e-12 J) = 4.538e-12 J
 S[1][1] = +8.011e-01+2.292e-01i, |S[1][1]| = -1.585e+00, arg(S[1][1]) = +1.597e+01
 S[2][1] = +1.610e-01-4.451e-01i, |S[2][1]| = -6.497e+00, arg(S[2][1]) = -7.011e+01

It 64/82: ω/2π = 3.100e+01 GHz (total elapsed time = 1.30e+03 s)

 Sol. ||E|| = 3.991954e+01
 Field energy E (1.740e-12 J) + H (2.765e-12 J) = 4.505e-12 J
 S[1][1] = +8.098e-01+2.191e-01i, |S[1][1]| = -1.526e+00, arg(S[1][1]) = +1.514e+01
 S[2][1] = +1.513e-01-4.389e-01i, |S[2][1]| = -6.666e+00, arg(S[2][1]) = -7.098e+01

It 65/82: ω/2π = 3.150e+01 GHz (total elapsed time = 1.30e+03 s)

 Sol. ||E|| = 4.013975e+01
 Field energy E (1.757e-12 J) + H (2.715e-12 J) = 4.473e-12 J
 S[1][1] = +8.181e-01+2.089e-01i, |S[1][1]| = -1.469e+00, arg(S[1][1]) = +1.432e+01
 S[2][1] = +1.419e-01-4.325e-01i, |S[2][1]| = -6.837e+00, arg(S[2][1]) = -7.183e+01

It 66/82: ω/2π = 3.200e+01 GHz (total elapsed time = 1.30e+03 s)

 Sol. ||E|| = 4.035416e+01
 Field energy E (1.774e-12 J) + H (2.667e-12 J) = 4.441e-12 J
 S[1][1] = +8.262e-01+1.985e-01i, |S[1][1]| = -1.415e+00, arg(S[1][1]) = +1.351e+01
 S[2][1] = +1.328e-01-4.259e-01i, |S[2][1]| = -7.011e+00, arg(S[2][1]) = -7.269e+01

It 67/82: ω/2π = 3.250e+01 GHz (total elapsed time = 1.30e+03 s)

 Sol. ||E|| = 4.056289e+01
 Field energy E (1.791e-12 J) + H (2.619e-12 J) = 4.410e-12 J
 S[1][1] = +8.339e-01+1.879e-01i, |S[1][1]| = -1.362e+00, arg(S[1][1]) = +1.270e+01
 S[2][1] = +1.239e-01-4.193e-01i, |S[2][1]| = -7.186e+00, arg(S[2][1]) = -7.353e+01

It 68/82: ω/2π = 3.300e+01 GHz (total elapsed time = 1.30e+03 s)

 Sol. ||E|| = 4.076608e+01
 Field energy E (1.808e-12 J) + H (2.572e-12 J) = 4.380e-12 J
 S[1][1] = +8.414e-01+1.772e-01i, |S[1][1]| = -1.312e+00, arg(S[1][1]) = +1.189e+01
 S[2][1] = +1.154e-01-4.125e-01i, |S[2][1]| = -7.365e+00, arg(S[2][1]) = -7.437e+01

It 69/82: ω/2π = 3.350e+01 GHz (total elapsed time = 1.30e+03 s)

 Sol. ||E|| = 4.096383e+01
 Field energy E (1.824e-12 J) + H (2.526e-12 J) = 4.350e-12 J
 S[1][1] = +8.485e-01+1.664e-01i, |S[1][1]| = -1.263e+00, arg(S[1][1]) = +1.110e+01
 S[2][1] = +1.071e-01-4.056e-01i, |S[2][1]| = -7.545e+00, arg(S[2][1]) = -7.521e+01

It 70/82: ω/2π = 3.400e+01 GHz (total elapsed time = 1.30e+03 s)

 Sol. ||E|| = 4.115625e+01
 Field energy E (1.840e-12 J) + H (2.481e-12 J) = 4.321e-12 J
 S[1][1] = +8.553e-01+1.554e-01i, |S[1][1]| = -1.217e+00, arg(S[1][1]) = +1.030e+01
 S[2][1] = +9.914e-02-3.986e-01i, |S[2][1]| = -7.729e+00, arg(S[2][1]) = -7.603e+01

It 71/82: ω/2π = 3.450e+01 GHz (total elapsed time = 1.30e+03 s)

 Sol. ||E|| = 4.134348e+01
 Field energy E (1.855e-12 J) + H (2.437e-12 J) = 4.293e-12 J
 S[1][1] = +8.618e-01+1.444e-01i, |S[1][1]| = -1.172e+00, arg(S[1][1]) = +9.511e+00
 S[2][1] = +9.144e-02-3.915e-01i, |S[2][1]| = -7.914e+00, arg(S[2][1]) = -7.685e+01

It 72/82: ω/2π = 3.500e+01 GHz (total elapsed time = 1.30e+03 s)

 Sol. ||E|| = 4.152562e+01
 Field energy E (1.871e-12 J) + H (2.394e-12 J) = 4.265e-12 J
 S[1][1] = +8.680e-01+1.332e-01i, |S[1][1]| = -1.129e+00, arg(S[1][1]) = +8.727e+00
 S[2][1] = +8.401e-02-3.844e-01i, |S[2][1]| = -8.102e+00, arg(S[2][1]) = -7.767e+01

It 73/82: ω/2π = 3.550e+01 GHz (total elapsed time = 1.30e+03 s)

 Sol. ||E|| = 4.170279e+01
 Field energy E (1.886e-12 J) + H (2.352e-12 J) = 4.238e-12 J
 S[1][1] = +8.739e-01+1.220e-01i, |S[1][1]| = -1.087e+00, arg(S[1][1]) = +7.947e+00
 S[2][1] = +7.686e-02-3.771e-01i, |S[2][1]| = -8.293e+00, arg(S[2][1]) = -7.848e+01

It 74/82: ω/2π = 3.600e+01 GHz (total elapsed time = 1.30e+03 s)

 Sol. ||E|| = 4.187510e+01
 Field energy E (1.901e-12 J) + H (2.311e-12 J) = 4.212e-12 J
 S[1][1] = +8.795e-01+1.106e-01i, |S[1][1]| = -1.047e+00, arg(S[1][1]) = +7.171e+00
 S[2][1] = +6.998e-02-3.699e-01i, |S[2][1]| = -8.486e+00, arg(S[2][1]) = -7.929e+01

It 75/82: ω/2π = 3.650e+01 GHz (total elapsed time = 1.30e+03 s)

 Sol. ||E|| = 4.204268e+01
 Field energy E (1.915e-12 J) + H (2.271e-12 J) = 4.186e-12 J
 S[1][1] = +8.848e-01+9.924e-02i, |S[1][1]| = -1.009e+00, arg(S[1][1]) = +6.400e+00
 S[2][1] = +6.336e-02-3.625e-01i, |S[2][1]| = -8.683e+00, arg(S[2][1]) = -8.009e+01

It 76/82: ω/2π = 3.700e+01 GHz (total elapsed time = 1.30e+03 s)

 Sol. ||E|| = 4.220563e+01
 Field energy E (1.929e-12 J) + H (2.232e-12 J) = 4.161e-12 J
 S[1][1] = +8.898e-01+8.776e-02i, |S[1][1]| = -9.724e-01, arg(S[1][1]) = +5.633e+00
 S[2][1] = +5.701e-02-3.551e-01i, |S[2][1]| = -8.881e+00, arg(S[2][1]) = -8.088e+01

It 77/82: ω/2π = 3.750e+01 GHz (total elapsed time = 1.30e+03 s)

 Sol. ||E|| = 4.236407e+01
 Field energy E (1.943e-12 J) + H (2.193e-12 J) = 4.137e-12 J
 S[1][1] = +8.945e-01+7.622e-02i, |S[1][1]| = -9.371e-01, arg(S[1][1]) = +4.870e+00
 S[2][1] = +5.091e-02-3.477e-01i, |S[2][1]| = -9.083e+00, arg(S[2][1]) = -8.167e+01

It 78/82: ω/2π = 3.800e+01 GHz (total elapsed time = 1.30e+03 s)

 Sol. ||E|| = 4.251811e+01
 Field energy E (1.957e-12 J) + H (2.156e-12 J) = 4.113e-12 J
 S[1][1] = +8.989e-01+6.463e-02i, |S[1][1]| = -9.031e-01, arg(S[1][1]) = +4.112e+00
 S[2][1] = +4.507e-02-3.403e-01i, |S[2][1]| = -9.288e+00, arg(S[2][1]) = -8.246e+01

It 79/82: ω/2π = 3.850e+01 GHz (total elapsed time = 1.30e+03 s)

 Sol. ||E|| = 4.266786e+01
 Field energy E (1.970e-12 J) + H (2.119e-12 J) = 4.090e-12 J
 S[1][1] = +9.031e-01+5.298e-02i, |S[1][1]| = -8.706e-01, arg(S[1][1]) = +3.358e+00
 S[2][1] = +3.947e-02-3.328e-01i, |S[2][1]| = -9.495e+00, arg(S[2][1]) = -8.324e+01

It 80/82: ω/2π = 3.900e+01 GHz (total elapsed time = 1.30e+03 s)

 Sol. ||E|| = 4.281343e+01
 Field energy E (1.984e-12 J) + H (2.083e-12 J) = 4.067e-12 J
 S[1][1] = +9.069e-01+4.130e-02i, |S[1][1]| = -8.393e-01, arg(S[1][1]) = +2.607e+00
 S[2][1] = +3.413e-02-3.253e-01i, |S[2][1]| = -9.706e+00, arg(S[2][1]) = -8.401e+01

It 81/82: ω/2π = 3.950e+01 GHz (total elapsed time = 1.30e+03 s)

 Sol. ||E|| = 4.295493e+01
 Field energy E (1.997e-12 J) + H (2.049e-12 J) = 4.045e-12 J
 S[1][1] = +9.105e-01+2.958e-02i, |S[1][1]| = -8.094e-01, arg(S[1][1]) = +1.861e+00
 S[2][1] = +2.902e-02-3.178e-01i, |S[2][1]| = -9.920e+00, arg(S[2][1]) = -8.478e+01

It 82/82: ω/2π = 4.000e+01 GHz (total elapsed time = 1.30e+03 s)

 Sol. ||E|| = 4.309246e+01
 Field energy E (2.009e-12 J) + H (2.014e-12 J) = 4.024e-12 J
 S[1][1] = +9.139e-01+1.783e-02i, |S[1][1]| = -7.806e-01, arg(S[1][1]) = +1.118e+00
 S[2][1] = +2.415e-02-3.103e-01i, |S[2][1]| = -1.014e+01, arg(S[2][1]) = -8.555e+01

Sweeping excitation index 2 (2/2):

It 1/82: ω/2π = 1.000e-02 GHz (total elapsed time = 1.30e+03 s)

 Sol. ||E|| = 2.645195e+01
 Field energy E (8.802e-13 J) + H (6.964e-12 J) = 7.844e-12 J
 S[1][2] = +9.424e-01-5.151e-04i, |S[1][2]| = -5.154e-01, arg(S[1][2]) = -3.132e-02
 S[2][2] = +5.761e-02+4.038e-04i, |S[2][2]| = -2.479e+01, arg(S[2][2]) = +4.015e-01

It 2/82: ω/2π = 2.000e-02 GHz (total elapsed time = 1.30e+03 s)

 Sol. ||E|| = 2.645115e+01
 Field energy E (8.801e-13 J) + H (6.932e-12 J) = 7.812e-12 J
 S[1][2] = +9.424e-01-1.026e-03i, |S[1][2]| = -5.155e-01, arg(S[1][2]) = -6.239e-02
 S[2][2] = +5.762e-02+8.035e-04i, |S[2][2]| = -2.479e+01, arg(S[2][2]) = +7.990e-01

It 3/82: ω/2π = 5.000e-01 GHz (total elapsed time = 1.30e+03 s)

 Sol. ||E|| = 2.589573e+01
 Field energy E (8.539e-13 J) + H (6.768e-12 J) = 7.622e-12 J
 S[1][2] = +9.411e-01-2.507e-02i, |S[1][2]| = -5.240e-01, arg(S[1][2]) = -1.526e+00
 S[2][2] = +5.830e-02+1.967e-02i, |S[2][2]| = -2.422e+01, arg(S[2][2]) = +1.865e+01

It 4/82: ω/2π = 1.000e+00 GHz (total elapsed time = 1.30e+03 s)

 Sol. ||E|| = 2.470434e+01
 Field energy E (7.989e-13 J) + H (6.651e-12 J) = 7.450e-12 J
 S[1][2] = +9.382e-01-4.909e-02i, |S[1][2]| = -5.421e-01, arg(S[1][2]) = -2.995e+00
 S[2][2] = +5.992e-02+3.904e-02i, |S[2][2]| = -2.291e+01, arg(S[2][2]) = +3.309e+01

It 5/82: ω/2π = 1.500e+00 GHz (total elapsed time = 1.30e+03 s)

 Sol. ||E|| = 2.346229e+01
 Field energy E (7.439e-13 J) + H (6.561e-12 J) = 7.305e-12 J
 S[1][2] = +9.344e-01-7.226e-02i, |S[1][2]| = -5.636e-01, arg(S[1][2]) = -4.422e+00
 S[2][2] = +6.240e-02+5.830e-02i, |S[2][2]| = -2.137e+01, arg(S[2][2]) = +4.306e+01

It 6/82: ω/2π = 2.000e+00 GHz (total elapsed time = 1.30e+03 s)

 Sol. ||E|| = 2.245436e+01
 Field energy E (7.012e-13 J) + H (6.493e-12 J) = 7.194e-12 J
 S[1][2] = +9.298e-01-9.486e-02i, |S[1][2]| = -5.871e-01, arg(S[1][2]) = -5.825e+00
 S[2][2] = +6.583e-02+7.746e-02i, |S[2][2]| = -1.986e+01, arg(S[2][2]) = +4.964e+01

It 7/82: ω/2π = 2.500e+00 GHz (total elapsed time = 1.30e+03 s)

 Sol. ||E|| = 2.174740e+01
 Field energy E (6.723e-13 J) + H (6.437e-12 J) = 7.109e-12 J
 S[1][2] = +9.245e-01-1.171e-01i, |S[1][2]| = -6.126e-01, arg(S[1][2]) = -7.216e+00
 S[2][2] = +7.027e-02+9.642e-02i, |S[2][2]| = -1.847e+01, arg(S[2][2]) = +5.392e+01

It 8/82: ω/2π = 3.000e+00 GHz (total elapsed time = 1.30e+03 s)

 Sol. ||E|| = 2.130471e+01
 Field energy E (6.546e-13 J) + H (6.386e-12 J) = 7.041e-12 J
 S[1][2] = +9.184e-01-1.389e-01i, |S[1][2]| = -6.408e-01, arg(S[1][2]) = -8.599e+00
 S[2][2] = +7.569e-02+1.151e-01i, |S[2][2]| = -1.722e+01, arg(S[2][2]) = +5.667e+01

It 9/82: ω/2π = 3.500e+00 GHz (total elapsed time = 1.31e+03 s)

 Sol. ||E|| = 2.106833e+01
 Field energy E (6.453e-13 J) + H (6.339e-12 J) = 6.984e-12 J
 S[1][2] = +9.116e-01-1.604e-01i, |S[1][2]| = -6.720e-01, arg(S[1][2]) = -9.977e+00
 S[2][2] = +8.206e-02+1.334e-01i, |S[2][2]| = -1.610e+01, arg(S[2][2]) = +5.840e+01

It 10/82: ω/2π = 4.000e+00 GHz (total elapsed time = 1.31e+03 s)

 Sol. ||E|| = 2.098797e+01
 Field energy E (6.422e-13 J) + H (6.291e-12 J) = 6.934e-12 J
 S[1][2] = +9.039e-01-1.814e-01i, |S[1][2]| = -7.065e-01, arg(S[1][2]) = -1.135e+01
 S[2][2] = +8.935e-02+1.513e-01i, |S[2][2]| = -1.510e+01, arg(S[2][2]) = +5.944e+01

It 11/82: ω/2π = 4.500e+00 GHz (total elapsed time = 1.31e+03 s)

 Sol. ||E|| = 2.102583e+01
 Field energy E (6.436e-13 J) + H (6.243e-12 J) = 6.887e-12 J
 S[1][2] = +8.954e-01-2.020e-01i, |S[1][2]| = -7.445e-01, arg(S[1][2]) = -1.271e+01
 S[2][2] = +9.750e-02+1.687e-01i, |S[2][2]| = -1.421e+01, arg(S[2][2]) = +5.998e+01

It 12/82: ω/2π = 5.000e+00 GHz (total elapsed time = 1.31e+03 s)

 Sol. ||E|| = 2.115458e+01
 Field energy E (6.486e-13 J) + H (6.194e-12 J) = 6.842e-12 J
 S[1][2] = +8.861e-01-2.221e-01i, |S[1][2]| = -7.860e-01, arg(S[1][2]) = -1.407e+01
 S[2][2] = +1.065e-01+1.856e-01i, |S[2][2]| = -1.339e+01, arg(S[2][2]) = +6.016e+01

It 13/82: ω/2π = 5.500e+00 GHz (total elapsed time = 1.31e+03 s)

 Sol. ||E|| = 2.135440e+01
 Field energy E (6.564e-13 J) + H (6.142e-12 J) = 6.798e-12 J
 S[1][2] = +8.760e-01-2.417e-01i, |S[1][2]| = -8.311e-01, arg(S[1][2]) = -1.543e+01
 S[2][2] = +1.162e-01+2.020e-01i, |S[2][2]| = -1.265e+01, arg(S[2][2]) = +6.008e+01

It 14/82: ω/2π = 6.000e+00 GHz (total elapsed time = 1.31e+03 s)

 Sol. ||E|| = 2.161066e+01
 Field energy E (6.666e-13 J) + H (6.088e-12 J) = 6.755e-12 J
 S[1][2] = +8.652e-01-2.607e-01i, |S[1][2]| = -8.798e-01, arg(S[1][2]) = -1.677e+01
 S[2][2] = +1.267e-01+2.178e-01i, |S[2][2]| = -1.197e+01, arg(S[2][2]) = +5.980e+01

It 15/82: ω/2π = 6.500e+00 GHz (total elapsed time = 1.31e+03 s)

 Sol. ||E|| = 2.191229e+01
 Field energy E (6.787e-13 J) + H (6.032e-12 J) = 6.711e-12 J
 S[1][2] = +8.538e-01-2.792e-01i, |S[1][2]| = -9.320e-01, arg(S[1][2]) = -1.811e+01
 S[2][2] = +1.380e-01+2.329e-01i, |S[2][2]| = -1.135e+01, arg(S[2][2]) = +5.936e+01

It 16/82: ω/2π = 7.000e+00 GHz (total elapsed time = 1.31e+03 s)

 Sol. ||E|| = 2.225067e+01
 Field energy E (6.925e-13 J) + H (5.974e-12 J) = 6.667e-12 J
 S[1][2] = +8.417e-01-2.969e-01i, |S[1][2]| = -9.876e-01, arg(S[1][2]) = -1.943e+01
 S[2][2] = +1.498e-01+2.474e-01i, |S[2][2]| = -1.078e+01, arg(S[2][2]) = +5.880e+01

It 17/82: ω/2π = 7.500e+00 GHz (total elapsed time = 1.31e+03 s)

 Sol. ||E|| = 2.261890e+01
 Field energy E (7.079e-13 J) + H (5.914e-12 J) = 6.622e-12 J
 S[1][2] = +8.290e-01-3.141e-01i, |S[1][2]| = -1.047e+00, arg(S[1][2]) = -2.075e+01
 S[2][2] = +1.623e-01+2.612e-01i, |S[2][2]| = -1.024e+01, arg(S[2][2]) = +5.815e+01

It 18/82: ω/2π = 8.000e+00 GHz (total elapsed time = 1.31e+03 s)

 Sol. ||E|| = 2.301137e+01
 Field energy E (7.245e-13 J) + H (5.852e-12 J) = 6.576e-12 J
 S[1][2] = +8.157e-01-3.305e-01i, |S[1][2]| = -1.109e+00, arg(S[1][2]) = -2.206e+01
 S[2][2] = +1.753e-01+2.744e-01i, |S[2][2]| = -9.747e+00, arg(S[2][2]) = +5.743e+01

It 19/82: ω/2π = 8.500e+00 GHz (total elapsed time = 1.31e+03 s)

 Sol. ||E|| = 2.342345e+01
 Field energy E (7.423e-13 J) + H (5.788e-12 J) = 6.530e-12 J
 S[1][2] = +8.020e-01-3.463e-01i, |S[1][2]| = -1.175e+00, arg(S[1][2]) = -2.335e+01
 S[2][2] = +1.888e-01+2.868e-01i, |S[2][2]| = -9.285e+00, arg(S[2][2]) = +5.664e+01

It 20/82: ω/2π = 9.000e+00 GHz (total elapsed time = 1.31e+03 s)

 Sol. ||E|| = 2.385124e+01
 Field energy E (7.612e-13 J) + H (5.722e-12 J) = 6.483e-12 J
 S[1][2] = +7.877e-01-3.613e-01i, |S[1][2]| = -1.243e+00, arg(S[1][2]) = -2.464e+01
 S[2][2] = +2.028e-01+2.985e-01i, |S[2][2]| = -8.853e+00, arg(S[2][2]) = +5.581e+01

It 21/82: ω/2π = 9.500e+00 GHz (total elapsed time = 1.31e+03 s)

 Sol. ||E|| = 2.429142e+01
 Field energy E (7.809e-13 J) + H (5.654e-12 J) = 6.435e-12 J
 S[1][2] = +7.731e-01-3.756e-01i, |S[1][2]| = -1.315e+00, arg(S[1][2]) = -2.592e+01
 S[2][2] = +2.172e-01+3.094e-01i, |S[2][2]| = -8.449e+00, arg(S[2][2]) = +5.493e+01

It 22/82: ω/2π = 1.000e+01 GHz (total elapsed time = 1.31e+03 s)

 Sol. ||E|| = 2.474119e+01
 Field energy E (8.015e-13 J) + H (5.585e-12 J) = 6.387e-12 J
 S[1][2] = +7.580e-01-3.892e-01i, |S[1][2]| = -1.390e+00, arg(S[1][2]) = -2.718e+01
 S[2][2] = +2.320e-01+3.197e-01i, |S[2][2]| = -8.068e+00, arg(S[2][2]) = +5.403e+01

It 23/82: ω/2π = 1.050e+01 GHz (total elapsed time = 1.31e+03 s)

 Sol. ||E|| = 2.519810e+01
 Field energy E (8.228e-13 J) + H (5.515e-12 J) = 6.338e-12 J
 S[1][2] = +7.426e-01-4.021e-01i, |S[1][2]| = -1.468e+00, arg(S[1][2]) = -2.843e+01
 S[2][2] = +2.471e-01+3.292e-01i, |S[2][2]| = -7.711e+00, arg(S[2][2]) = +5.310e+01

It 24/82: ω/2π = 1.100e+01 GHz (total elapsed time = 1.31e+03 s)

 Sol. ||E|| = 2.566007e+01
 Field energy E (8.447e-13 J) + H (5.444e-12 J) = 6.288e-12 J
 S[1][2] = +7.269e-01-4.142e-01i, |S[1][2]| = -1.549e+00, arg(S[1][2]) = -2.968e+01
 S[2][2] = +2.625e-01+3.379e-01i, |S[2][2]| = -7.373e+00, arg(S[2][2]) = +5.216e+01

It 25/82: ω/2π = 1.150e+01 GHz (total elapsed time = 1.31e+03 s)

 Sol. ||E|| = 2.612526e+01
 Field energy E (8.672e-13 J) + H (5.371e-12 J) = 6.238e-12 J
 S[1][2] = +7.110e-01-4.256e-01i, |S[1][2]| = -1.632e+00, arg(S[1][2]) = -3.091e+01
 S[2][2] = +2.782e-01+3.459e-01i, |S[2][2]| = -7.055e+00, arg(S[2][2]) = +5.119e+01

It 26/82: ω/2π = 1.200e+01 GHz (total elapsed time = 1.31e+03 s)

 Sol. ||E|| = 2.659211e+01
 Field energy E (8.902e-13 J) + H (5.298e-12 J) = 6.188e-12 J
 S[1][2] = +6.948e-01-4.363e-01i, |S[1][2]| = -1.719e+00, arg(S[1][2]) = -3.213e+01
 S[2][2] = +2.940e-01+3.532e-01i, |S[2][2]| = -6.754e+00, arg(S[2][2]) = +5.022e+01

It 27/82: ω/2π = 1.250e+01 GHz (total elapsed time = 1.31e+03 s)

 Sol. ||E|| = 2.705924e+01
 Field energy E (9.137e-13 J) + H (5.224e-12 J) = 6.138e-12 J
 S[1][2] = +6.785e-01-4.463e-01i, |S[1][2]| = -1.808e+00, arg(S[1][2]) = -3.334e+01
 S[2][2] = +3.101e-01+3.597e-01i, |S[2][2]| = -6.468e+00, arg(S[2][2]) = +4.924e+01

It 28/82: ω/2π = 1.300e+01 GHz (total elapsed time = 1.31e+03 s)

 Sol. ||E|| = 2.752546e+01
 Field energy E (9.375e-13 J) + H (5.149e-12 J) = 6.087e-12 J
 S[1][2] = +6.620e-01-4.556e-01i, |S[1][2]| = -1.899e+00, arg(S[1][2]) = -3.453e+01
 S[2][2] = +3.263e-01+3.655e-01i, |S[2][2]| = -6.198e+00, arg(S[2][2]) = +4.825e+01

It 29/82: ω/2π = 1.350e+01 GHz (total elapsed time = 1.31e+03 s)

 Sol. ||E|| = 2.798972e+01
 Field energy E (9.617e-13 J) + H (5.075e-12 J) = 6.036e-12 J
 S[1][2] = +6.454e-01-4.641e-01i, |S[1][2]| = -1.993e+00, arg(S[1][2]) = -3.572e+01
 S[2][2] = +3.425e-01+3.706e-01i, |S[2][2]| = -5.941e+00, arg(S[2][2]) = +4.725e+01

It 30/82: ω/2π = 1.400e+01 GHz (total elapsed time = 1.31e+03 s)

 Sol. ||E|| = 2.845111e+01
 Field energy E (9.861e-13 J) + H (4.999e-12 J) = 5.985e-12 J
 S[1][2] = +6.287e-01-4.720e-01i, |S[1][2]| = -2.090e+00, arg(S[1][2]) = -3.689e+01
 S[2][2] = +3.589e-01+3.749e-01i, |S[2][2]| = -5.696e+00, arg(S[2][2]) = +4.626e+01

It 31/82: ω/2π = 1.450e+01 GHz (total elapsed time = 1.31e+03 s)

 Sol. ||E|| = 2.890887e+01
 Field energy E (1.011e-12 J) + H (4.924e-12 J) = 5.935e-12 J
 S[1][2] = +6.120e-01-4.791e-01i, |S[1][2]| = -2.189e+00, arg(S[1][2]) = -3.806e+01
 S[2][2] = +3.752e-01+3.786e-01i, |S[2][2]| = -5.464e+00, arg(S[2][2]) = +4.526e+01

It 32/82: ω/2π = 1.500e+01 GHz (total elapsed time = 1.31e+03 s)

 Sol. ||E|| = 2.936230e+01
 Field energy E (1.036e-12 J) + H (4.849e-12 J) = 5.884e-12 J
 S[1][2] = +5.952e-01-4.856e-01i, |S[1][2]| = -2.291e+00, arg(S[1][2]) = -3.921e+01
 S[2][2] = +3.916e-01+3.816e-01i, |S[2][2]| = -5.243e+00, arg(S[2][2]) = +4.426e+01

It 33/82: ω/2π = 1.550e+01 GHz (total elapsed time = 1.31e+03 s)

 Sol. ||E|| = 2.981081e+01
 Field energy E (1.061e-12 J) + H (4.773e-12 J) = 5.834e-12 J
 S[1][2] = +5.785e-01-4.915e-01i, |S[1][2]| = -2.394e+00, arg(S[1][2]) = -4.035e+01
 S[2][2] = +4.080e-01+3.840e-01i, |S[2][2]| = -5.032e+00, arg(S[2][2]) = +4.326e+01

It 34/82: ω/2π = 1.600e+01 GHz (total elapsed time = 1.31e+03 s)

 Sol. ||E|| = 3.025391e+01
 Field energy E (1.086e-12 J) + H (4.698e-12 J) = 5.783e-12 J
 S[1][2] = +5.617e-01-4.967e-01i, |S[1][2]| = -2.501e+00, arg(S[1][2]) = -4.148e+01
 S[2][2] = +4.243e-01+3.856e-01i, |S[2][2]| = -4.831e+00, arg(S[2][2]) = +4.227e+01

It 35/82: ω/2π = 1.650e+01 GHz (total elapsed time = 1.31e+03 s)

 Sol. ||E|| = 3.069116e+01
 Field energy E (1.111e-12 J) + H (4.623e-12 J) = 5.733e-12 J
 S[1][2] = +5.451e-01-5.013e-01i, |S[1][2]| = -2.609e+00, arg(S[1][2]) = -4.260e+01
 S[2][2] = +4.406e-01+3.867e-01i, |S[2][2]| = -4.639e+00, arg(S[2][2]) = +4.127e+01

It 36/82: ω/2π = 1.700e+01 GHz (total elapsed time = 1.31e+03 s)

 Sol. ||E|| = 3.112219e+01
 Field energy E (1.136e-12 J) + H (4.548e-12 J) = 5.684e-12 J
 S[1][2] = +5.285e-01-5.053e-01i, |S[1][2]| = -2.720e+00, arg(S[1][2]) = -4.371e+01
 S[2][2] = +4.567e-01+3.871e-01i, |S[2][2]| = -4.456e+00, arg(S[2][2]) = +4.028e+01

It 37/82: ω/2π = 1.750e+01 GHz (total elapsed time = 1.31e+03 s)

 Sol. ||E|| = 3.154668e+01
 Field energy E (1.161e-12 J) + H (4.474e-12 J) = 5.635e-12 J
 S[1][2] = +5.120e-01-5.086e-01i, |S[1][2]| = -2.833e+00, arg(S[1][2]) = -4.481e+01
 S[2][2] = +4.728e-01+3.869e-01i, |S[2][2]| = -4.280e+00, arg(S[2][2]) = +3.930e+01

It 38/82: ω/2π = 1.800e+01 GHz (total elapsed time = 1.31e+03 s)

 Sol. ||E|| = 3.196439e+01
 Field energy E (1.186e-12 J) + H (4.400e-12 J) = 5.586e-12 J
 S[1][2] = +4.956e-01-5.114e-01i, |S[1][2]| = -2.948e+00, arg(S[1][2]) = -4.590e+01
 S[2][2] = +4.887e-01+3.861e-01i, |S[2][2]| = -4.113e+00, arg(S[2][2]) = +3.832e+01

It 39/82: ω/2π = 1.850e+01 GHz (total elapsed time = 1.31e+03 s)

 Sol. ||E|| = 3.237508e+01
 Field energy E (1.211e-12 J) + H (4.326e-12 J) = 5.537e-12 J
 S[1][2] = +4.794e-01-5.137e-01i, |S[1][2]| = -3.065e+00, arg(S[1][2]) = -4.698e+01
 S[2][2] = +5.044e-01+3.848e-01i, |S[2][2]| = -3.952e+00, arg(S[2][2]) = +3.734e+01

It 40/82: ω/2π = 1.900e+01 GHz (total elapsed time = 1.31e+03 s)

 Sol. ||E|| = 3.277859e+01
 Field energy E (1.236e-12 J) + H (4.253e-12 J) = 5.489e-12 J
 S[1][2] = +4.633e-01-5.154e-01i, |S[1][2]| = -3.185e+00, arg(S[1][2]) = -4.804e+01
 S[2][2] = +5.200e-01+3.829e-01i, |S[2][2]| = -3.799e+00, arg(S[2][2]) = +3.637e+01

It 41/82: ω/2π = 1.950e+01 GHz (total elapsed time = 1.31e+03 s)

 Sol. ||E|| = 3.317476e+01
 Field energy E (1.261e-12 J) + H (4.181e-12 J) = 5.442e-12 J
 S[1][2] = +4.474e-01-5.166e-01i, |S[1][2]| = -3.306e+00, arg(S[1][2]) = -4.910e+01
 S[2][2] = +5.354e-01+3.805e-01i, |S[2][2]| = -3.652e+00, arg(S[2][2]) = +3.540e+01

It 42/82: ω/2π = 2.000e+01 GHz (total elapsed time = 1.31e+03 s)

 Sol. ||E|| = 3.356350e+01
 Field energy E (1.285e-12 J) + H (4.110e-12 J) = 5.395e-12 J
 S[1][2] = +4.317e-01-5.173e-01i, |S[1][2]| = -3.430e+00, arg(S[1][2]) = -5.015e+01
 S[2][2] = +5.505e-01+3.775e-01i, |S[2][2]| = -3.511e+00, arg(S[2][2]) = +3.444e+01

It 43/82: ω/2π = 2.050e+01 GHz (total elapsed time = 1.31e+03 s)

 Sol. ||E|| = 3.394472e+01
 Field energy E (1.310e-12 J) + H (4.039e-12 J) = 5.349e-12 J
 S[1][2] = +4.162e-01-5.175e-01i, |S[1][2]| = -3.555e+00, arg(S[1][2]) = -5.119e+01
 S[2][2] = +5.655e-01+3.740e-01i, |S[2][2]| = -3.375e+00, arg(S[2][2]) = +3.348e+01

It 44/82: ω/2π = 2.100e+01 GHz (total elapsed time = 1.31e+03 s)

 Sol. ||E|| = 3.431837e+01
 Field energy E (1.334e-12 J) + H (3.969e-12 J) = 5.303e-12 J
 S[1][2] = +4.009e-01-5.172e-01i, |S[1][2]| = -3.683e+00, arg(S[1][2]) = -5.222e+01
 S[2][2] = +5.802e-01+3.701e-01i, |S[2][2]| = -3.246e+00, arg(S[2][2]) = +3.253e+01

It 45/82: ω/2π = 2.150e+01 GHz (total elapsed time = 1.31e+03 s)

 Sol. ||E|| = 3.468441e+01
 Field energy E (1.358e-12 J) + H (3.900e-12 J) = 5.258e-12 J
 S[1][2] = +3.859e-01-5.165e-01i, |S[1][2]| = -3.813e+00, arg(S[1][2]) = -5.324e+01
 S[2][2] = +5.947e-01+3.657e-01i, |S[2][2]| = -3.121e+00, arg(S[2][2]) = +3.159e+01

It 46/82: ω/2π = 2.200e+01 GHz (total elapsed time = 1.31e+03 s)

 Sol. ||E|| = 3.504283e+01
 Field energy E (1.382e-12 J) + H (3.831e-12 J) = 5.213e-12 J
 S[1][2] = +3.710e-01-5.153e-01i, |S[1][2]| = -3.945e+00, arg(S[1][2]) = -5.424e+01
 S[2][2] = +6.089e-01+3.608e-01i, |S[2][2]| = -3.002e+00, arg(S[2][2]) = +3.065e+01

It 47/82: ω/2π = 2.250e+01 GHz (total elapsed time = 1.31e+03 s)

 Sol. ||E|| = 3.539364e+01
 Field energy E (1.405e-12 J) + H (3.764e-12 J) = 5.169e-12 J
 S[1][2] = +3.565e-01-5.137e-01i, |S[1][2]| = -4.079e+00, arg(S[1][2]) = -5.524e+01
 S[2][2] = +6.229e-01+3.555e-01i, |S[2][2]| = -2.887e+00, arg(S[2][2]) = +2.972e+01

It 48/82: ω/2π = 2.300e+01 GHz (total elapsed time = 1.31e+03 s)

 Sol. ||E|| = 3.573685e+01
 Field energy E (1.429e-12 J) + H (3.697e-12 J) = 5.126e-12 J
 S[1][2] = +3.421e-01-5.117e-01i, |S[1][2]| = -4.214e+00, arg(S[1][2]) = -5.624e+01
 S[2][2] = +6.365e-01+3.498e-01i, |S[2][2]| = -2.777e+00, arg(S[2][2]) = +2.879e+01

It 49/82: ω/2π = 2.350e+01 GHz (total elapsed time = 1.31e+03 s)

 Sol. ||E|| = 3.607250e+01
 Field energy E (1.452e-12 J) + H (3.632e-12 J) = 5.084e-12 J
 S[1][2] = +3.281e-01-5.094e-01i, |S[1][2]| = -4.352e+00, arg(S[1][2]) = -5.722e+01
 S[2][2] = +6.499e-01+3.437e-01i, |S[2][2]| = -2.671e+00, arg(S[2][2]) = +2.787e+01

It 50/82: ω/2π = 2.400e+01 GHz (total elapsed time = 1.31e+03 s)

 Sol. ||E|| = 3.640063e+01
 Field energy E (1.475e-12 J) + H (3.567e-12 J) = 5.042e-12 J
 S[1][2] = +3.143e-01-5.067e-01i, |S[1][2]| = -4.492e+00, arg(S[1][2]) = -5.819e+01
 S[2][2] = +6.631e-01+3.372e-01i, |S[2][2]| = -2.570e+00, arg(S[2][2]) = +2.696e+01

It 51/82: ω/2π = 2.450e+01 GHz (total elapsed time = 1.31e+03 s)

 Sol. ||E|| = 3.672131e+01
 Field energy E (1.497e-12 J) + H (3.503e-12 J) = 5.000e-12 J
 S[1][2] = +3.007e-01-5.036e-01i, |S[1][2]| = -4.634e+00, arg(S[1][2]) = -5.916e+01
 S[2][2] = +6.759e-01+3.304e-01i, |S[2][2]| = -2.472e+00, arg(S[2][2]) = +2.605e+01

It 52/82: ω/2π = 2.500e+01 GHz (total elapsed time = 1.31e+03 s)

 Sol. ||E|| = 3.703460e+01
 Field energy E (1.519e-12 J) + H (3.441e-12 J) = 4.960e-12 J
 S[1][2] = +2.875e-01-5.002e-01i, |S[1][2]| = -4.778e+00, arg(S[1][2]) = -6.011e+01
 S[2][2] = +6.884e-01+3.232e-01i, |S[2][2]| = -2.378e+00, arg(S[2][2]) = +2.515e+01

It 53/82: ω/2π = 2.550e+01 GHz (total elapsed time = 1.31e+03 s)

 Sol. ||E|| = 3.734058e+01
 Field energy E (1.541e-12 J) + H (3.379e-12 J) = 4.920e-12 J
 S[1][2] = +2.745e-01-4.965e-01i, |S[1][2]| = -4.924e+00, arg(S[1][2]) = -6.106e+01
 S[2][2] = +7.006e-01+3.156e-01i, |S[2][2]| = -2.288e+00, arg(S[2][2]) = +2.425e+01

It 54/82: ω/2π = 2.600e+01 GHz (total elapsed time = 1.31e+03 s)

 Sol. ||E|| = 3.763933e+01
 Field energy E (1.563e-12 J) + H (3.318e-12 J) = 4.881e-12 J
 S[1][2] = +2.618e-01-4.924e-01i, |S[1][2]| = -5.072e+00, arg(S[1][2]) = -6.200e+01
 S[2][2] = +7.125e-01+3.078e-01i, |S[2][2]| = -2.201e+00, arg(S[2][2]) = +2.336e+01

It 55/82: ω/2π = 2.650e+01 GHz (total elapsed time = 1.31e+03 s)

 Sol. ||E|| = 3.793095e+01
 Field energy E (1.584e-12 J) + H (3.258e-12 J) = 4.843e-12 J
 S[1][2] = +2.495e-01-4.881e-01i, |S[1][2]| = -5.222e+00, arg(S[1][2]) = -6.293e+01
 S[2][2] = +7.241e-01+2.996e-01i, |S[2][2]| = -2.118e+00, arg(S[2][2]) = +2.248e+01

It 56/82: ω/2π = 2.700e+01 GHz (total elapsed time = 1.31e+03 s)

 Sol. ||E|| = 3.821552e+01
 Field energy E (1.605e-12 J) + H (3.199e-12 J) = 4.805e-12 J
 S[1][2] = +2.374e-01-4.835e-01i, |S[1][2]| = -5.374e+00, arg(S[1][2]) = -6.385e+01
 S[2][2] = +7.353e-01+2.912e-01i, |S[2][2]| = -2.038e+00, arg(S[2][2]) = +2.160e+01

It 57/82: ω/2π = 2.750e+01 GHz (total elapsed time = 1.31e+03 s)

 Sol. ||E|| = 3.849316e+01
 Field energy E (1.626e-12 J) + H (3.142e-12 J) = 4.768e-12 J
 S[1][2] = +2.256e-01-4.787e-01i, |S[1][2]| = -5.528e+00, arg(S[1][2]) = -6.477e+01
 S[2][2] = +7.463e-01+2.824e-01i, |S[2][2]| = -1.961e+00, arg(S[2][2]) = +2.073e+01

It 58/82: ω/2π = 2.800e+01 GHz (total elapsed time = 1.31e+03 s)

 Sol. ||E|| = 3.876396e+01
 Field energy E (1.647e-12 J) + H (3.085e-12 J) = 4.732e-12 J
 S[1][2] = +2.141e-01-4.736e-01i, |S[1][2]| = -5.684e+00, arg(S[1][2]) = -6.568e+01
 S[2][2] = +7.569e-01+2.735e-01i, |S[2][2]| = -1.886e+00, arg(S[2][2]) = +1.986e+01

It 59/82: ω/2π = 2.850e+01 GHz (total elapsed time = 1.31e+03 s)

 Sol. ||E|| = 3.902804e+01
 Field energy E (1.667e-12 J) + H (3.029e-12 J) = 4.696e-12 J
 S[1][2] = +2.029e-01-4.683e-01i, |S[1][2]| = -5.842e+00, arg(S[1][2]) = -6.658e+01
 S[2][2] = +7.672e-01+2.642e-01i, |S[2][2]| = -1.815e+00, arg(S[2][2]) = +1.900e+01

It 60/82: ω/2π = 2.900e+01 GHz (total elapsed time = 1.31e+03 s)

 Sol. ||E|| = 3.928551e+01
 Field energy E (1.686e-12 J) + H (2.975e-12 J) = 4.661e-12 J
 S[1][2] = +1.920e-01-4.628e-01i, |S[1][2]| = -6.003e+00, arg(S[1][2]) = -6.747e+01
 S[2][2] = +7.772e-01+2.548e-01i, |S[2][2]| = -1.746e+00, arg(S[2][2]) = +1.815e+01

It 61/82: ω/2π = 2.950e+01 GHz (total elapsed time = 1.31e+03 s)

 Sol. ||E|| = 3.953648e+01
 Field energy E (1.706e-12 J) + H (2.921e-12 J) = 4.627e-12 J
 S[1][2] = +1.814e-01-4.571e-01i, |S[1][2]| = -6.165e+00, arg(S[1][2]) = -6.836e+01
 S[2][2] = +7.869e-01+2.451e-01i, |S[2][2]| = -1.680e+00, arg(S[2][2]) = +1.730e+01

It 62/82: ω/2π = 3.000e+01 GHz (total elapsed time = 1.31e+03 s)

 Sol. ||E|| = 3.978106e+01
 Field energy E (1.725e-12 J) + H (2.868e-12 J) = 4.593e-12 J
 S[1][2] = +1.710e-01-4.512e-01i, |S[1][2]| = -6.330e+00, arg(S[1][2]) = -6.924e+01
 S[2][2] = +7.962e-01+2.352e-01i, |S[2][2]| = -1.616e+00, arg(S[2][2]) = +1.646e+01

It 63/82: ω/2π = 3.050e+01 GHz (total elapsed time = 1.31e+03 s)

 Sol. ||E|| = 4.001939e+01
 Field energy E (1.744e-12 J) + H (2.817e-12 J) = 4.561e-12 J
 S[1][2] = +1.610e-01-4.451e-01i, |S[1][2]| = -6.497e+00, arg(S[1][2]) = -7.011e+01
 S[2][2] = +8.052e-01+2.251e-01i, |S[2][2]| = -1.555e+00, arg(S[2][2]) = +1.562e+01

It 64/82: ω/2π = 3.100e+01 GHz (total elapsed time = 1.31e+03 s)

 Sol. ||E|| = 4.025158e+01
 Field energy E (1.762e-12 J) + H (2.766e-12 J) = 4.529e-12 J
 S[1][2] = +1.513e-01-4.389e-01i, |S[1][2]| = -6.666e+00, arg(S[1][2]) = -7.098e+01
 S[2][2] = +8.139e-01+2.149e-01i, |S[2][2]| = -1.496e+00, arg(S[2][2]) = +1.479e+01

It 65/82: ω/2π = 3.150e+01 GHz (total elapsed time = 1.31e+03 s)

 Sol. ||E|| = 4.047774e+01
 Field energy E (1.781e-12 J) + H (2.717e-12 J) = 4.497e-12 J
 S[1][2] = +1.419e-01-4.325e-01i, |S[1][2]| = -6.837e+00, arg(S[1][2]) = -7.183e+01
 S[2][2] = +8.222e-01+2.044e-01i, |S[2][2]| = -1.439e+00, arg(S[2][2]) = +1.396e+01

It 66/82: ω/2π = 3.200e+01 GHz (total elapsed time = 1.31e+03 s)

 Sol. ||E|| = 4.069800e+01
 Field energy E (1.798e-12 J) + H (2.668e-12 J) = 4.466e-12 J
 S[1][2] = +1.328e-01-4.259e-01i, |S[1][2]| = -7.011e+00, arg(S[1][2]) = -7.269e+01
 S[2][2] = +8.303e-01+1.938e-01i, |S[2][2]| = -1.385e+00, arg(S[2][2]) = +1.314e+01

It 67/82: ω/2π = 3.250e+01 GHz (total elapsed time = 1.32e+03 s)

 Sol. ||E|| = 4.091249e+01
 Field energy E (1.816e-12 J) + H (2.620e-12 J) = 4.436e-12 J
 S[1][2] = +1.239e-01-4.193e-01i, |S[1][2]| = -7.186e+00, arg(S[1][2]) = -7.353e+01
 S[2][2] = +8.380e-01+1.831e-01i, |S[2][2]| = -1.332e+00, arg(S[2][2]) = +1.232e+01

It 68/82: ω/2π = 3.300e+01 GHz (total elapsed time = 1.32e+03 s)

 Sol. ||E|| = 4.112132e+01
 Field energy E (1.833e-12 J) + H (2.574e-12 J) = 4.407e-12 J
 S[1][2] = +1.154e-01-4.125e-01i, |S[1][2]| = -7.365e+00, arg(S[1][2]) = -7.437e+01
 S[2][2] = +8.454e-01+1.722e-01i, |S[2][2]| = -1.282e+00, arg(S[2][2]) = +1.151e+01

It 69/82: ω/2π = 3.350e+01 GHz (total elapsed time = 1.32e+03 s)

 Sol. ||E|| = 4.132461e+01
 Field energy E (1.850e-12 J) + H (2.528e-12 J) = 4.378e-12 J
 S[1][2] = +1.071e-01-4.056e-01i, |S[1][2]| = -7.545e+00, arg(S[1][2]) = -7.521e+01
 S[2][2] = +8.525e-01+1.612e-01i, |S[2][2]| = -1.233e+00, arg(S[2][2]) = +1.071e+01

It 70/82: ω/2π = 3.400e+01 GHz (total elapsed time = 1.32e+03 s)

 Sol. ||E|| = 4.152250e+01
 Field energy E (1.867e-12 J) + H (2.483e-12 J) = 4.350e-12 J
 S[1][2] = +9.914e-02-3.986e-01i, |S[1][2]| = -7.729e+00, arg(S[1][2]) = -7.603e+01
 S[2][2] = +8.593e-01+1.500e-01i, |S[2][2]| = -1.187e+00, arg(S[2][2]) = +9.905e+00

It 71/82: ω/2π = 3.450e+01 GHz (total elapsed time = 1.32e+03 s)

 Sol. ||E|| = 4.171509e+01
 Field energy E (1.883e-12 J) + H (2.440e-12 J) = 4.323e-12 J
 S[1][2] = +9.144e-02-3.915e-01i, |S[1][2]| = -7.914e+00, arg(S[1][2]) = -7.685e+01
 S[2][2] = +8.658e-01+1.388e-01i, |S[2][2]| = -1.142e+00, arg(S[2][2]) = +9.108e+00

It 72/82: ω/2π = 3.500e+01 GHz (total elapsed time = 1.32e+03 s)

 Sol. ||E|| = 4.190251e+01
 Field energy E (1.899e-12 J) + H (2.397e-12 J) = 4.296e-12 J
 S[1][2] = +8.401e-02-3.844e-01i, |S[1][2]| = -8.102e+00, arg(S[1][2]) = -7.767e+01
 S[2][2] = +8.719e-01+1.274e-01i, |S[2][2]| = -1.099e+00, arg(S[2][2]) = +8.316e+00

It 73/82: ω/2π = 3.550e+01 GHz (total elapsed time = 1.32e+03 s)

 Sol. ||E|| = 4.208488e+01
 Field energy E (1.915e-12 J) + H (2.355e-12 J) = 4.270e-12 J
 S[1][2] = +7.686e-02-3.771e-01i, |S[1][2]| = -8.293e+00, arg(S[1][2]) = -7.848e+01
 S[2][2] = +8.778e-01+1.160e-01i, |S[2][2]| = -1.057e+00, arg(S[2][2]) = +7.528e+00

It 74/82: ω/2π = 3.600e+01 GHz (total elapsed time = 1.32e+03 s)

 Sol. ||E|| = 4.226231e+01
 Field energy E (1.931e-12 J) + H (2.314e-12 J) = 4.245e-12 J
 S[1][2] = +6.998e-02-3.699e-01i, |S[1][2]| = -8.486e+00, arg(S[1][2]) = -7.929e+01
 S[2][2] = +8.833e-01+1.045e-01i, |S[2][2]| = -1.017e+00, arg(S[2][2]) = +6.745e+00

It 75/82: ω/2π = 3.650e+01 GHz (total elapsed time = 1.32e+03 s)

 Sol. ||E|| = 4.243494e+01
 Field energy E (1.946e-12 J) + H (2.274e-12 J) = 4.220e-12 J
 S[1][2] = +6.336e-02-3.625e-01i, |S[1][2]| = -8.683e+00, arg(S[1][2]) = -8.009e+01
 S[2][2] = +8.886e-01+9.287e-02i, |S[2][2]| = -9.789e-01, arg(S[2][2]) = +5.966e+00

It 76/82: ω/2π = 3.700e+01 GHz (total elapsed time = 1.32e+03 s)

 Sol. ||E|| = 4.260286e+01
 Field energy E (1.961e-12 J) + H (2.235e-12 J) = 4.196e-12 J
 S[1][2] = +5.701e-02-3.551e-01i, |S[1][2]| = -8.881e+00, arg(S[1][2]) = -8.088e+01
 S[2][2] = +8.935e-01+8.119e-02i, |S[2][2]| = -9.420e-01, arg(S[2][2]) = +5.192e+00

It 77/82: ω/2π = 3.750e+01 GHz (total elapsed time = 1.32e+03 s)

 Sol. ||E|| = 4.276621e+01
 Field energy E (1.975e-12 J) + H (2.197e-12 J) = 4.172e-12 J
 S[1][2] = +5.091e-02-3.477e-01i, |S[1][2]| = -9.083e+00, arg(S[1][2]) = -8.167e+01
 S[2][2] = +8.982e-01+6.945e-02i, |S[2][2]| = -9.066e-01, arg(S[2][2]) = +4.421e+00

It 78/82: ω/2π = 3.800e+01 GHz (total elapsed time = 1.32e+03 s)

 Sol. ||E|| = 4.292509e+01
 Field energy E (1.990e-12 J) + H (2.160e-12 J) = 4.150e-12 J
 S[1][2] = +4.507e-02-3.403e-01i, |S[1][2]| = -9.288e+00, arg(S[1][2]) = -8.246e+01
 S[2][2] = +9.026e-01+5.766e-02i, |S[2][2]| = -8.727e-01, arg(S[2][2]) = +3.655e+00

It 79/82: ω/2π = 3.850e+01 GHz (total elapsed time = 1.32e+03 s)

 Sol. ||E|| = 4.307962e+01
 Field energy E (2.004e-12 J) + H (2.123e-12 J) = 4.127e-12 J
 S[1][2] = +3.947e-02-3.328e-01i, |S[1][2]| = -9.495e+00, arg(S[1][2]) = -8.324e+01
 S[2][2] = +9.067e-01+4.581e-02i, |S[2][2]| = -8.400e-01, arg(S[2][2]) = +2.893e+00

It 80/82: ω/2π = 3.900e+01 GHz (total elapsed time = 1.32e+03 s)

 Sol. ||E|| = 4.322990e+01
 Field energy E (2.018e-12 J) + H (2.088e-12 J) = 4.106e-12 J
 S[1][2] = +3.413e-02-3.253e-01i, |S[1][2]| = -9.706e+00, arg(S[1][2]) = -8.401e+01
 S[2][2] = +9.105e-01+3.393e-02i, |S[2][2]| = -8.087e-01, arg(S[2][2]) = +2.134e+00

It 81/82: ω/2π = 3.950e+01 GHz (total elapsed time = 1.32e+03 s)

 Sol. ||E|| = 4.337606e+01
 Field energy E (2.032e-12 J) + H (2.053e-12 J) = 4.085e-12 J
 S[1][2] = +2.902e-02-3.178e-01i, |S[1][2]| = -9.920e+00, arg(S[1][2]) = -8.478e+01
 S[2][2] = +9.140e-01+2.201e-02i, |S[2][2]| = -7.787e-01, arg(S[2][2]) = +1.379e+00

It 82/82: ω/2π = 4.000e+01 GHz (total elapsed time = 1.32e+03 s)

 Sol. ||E|| = 4.351820e+01
 Field energy E (2.045e-12 J) + H (2.019e-12 J) = 4.064e-12 J
 S[1][2] = +2.415e-02-3.103e-01i, |S[1][2]| = -1.014e+01, arg(S[1][2]) = -8.555e+01
 S[2][2] = +9.172e-01+1.006e-02i, |S[2][2]| = -7.499e-01, arg(S[2][2]) = +6.283e-01

Completed 0 iterations of adaptive mesh refinement (AMR):
 Indicator norm = 1.785e-01, global unknowns = 166274
 Max. iterations = 0, tol. = 1.000e-02, max. size = 2000000

Estimated peak per-rank memory usage is: Min. 1.6G, Max. 1.6G, Avg. 1.6G, Total 1.6G
Estimated peak per-node memory usage is: Min. 1.6G, Max. 1.6G, Avg. 1.6G, Total 1.6G

Elapsed Time Report (s)           Min.        Max.        Avg.
==============================================================
Initialization                   0.053       0.053       0.053
  Mesh Preprocessing             0.257       0.257       0.257
Operator Construction            2.909       2.909       2.909
  Wave Ports                     0.000       0.000       0.000
Linear Solve                    71.165      71.165      71.165
  Setup                        112.270     112.270     112.270
  Preconditioner               735.593     735.593     735.593
  Coarse Solve                  15.452      15.452      15.452
PROM Construction                5.482       5.482       5.482
PROM Solve                       2.216       2.216       2.216
Estimation                       3.216       3.216       3.216
  Construction                   3.158       3.158       3.158
  Solve                        341.783     341.783     341.783
Postprocessing                  28.368      28.368      28.368
Disk IO                          0.181       0.181       0.181
--------------------------------------------------------------
Total                         1322.459    1322.459    1322.459

Peak Memory                   Per-Node       Total   Total HWM
==============================================================
Initialization                    1.5M        1.5M        1.5M
  Mesh Preprocessing             14.4M       14.4M       16.0M
Operator Construction            62.5M       62.5M       78.5M
  Wave Ports                      0.0K        0.0K       78.5M
Linear Solve                     88.0M       88.0M      166.4M
  Setup                         710.1M      710.1M      876.5M
  Preconditioner                238.4M      238.4M        1.1G
  Coarse Solve                  274.6M      274.6M        1.4G
PROM Construction                 0.0K        0.0K        1.4G
PROM Solve                      148.0K      148.0K        1.4G
Estimation                       39.9M       39.9M        1.4G
  Construction                  170.2M      170.2M        1.6G
  Solve                          19.1M       19.1M        1.6G
Postprocessing                    0.0K        0.0K        1.6G
Disk IO                           9.7M        9.7M        1.6G
--------------------------------------------------------------
Total                             1.6G        1.6G        1.6G

Found extra file with port information: /foss/designs/inductor_synth/palace_model/inductor2_N2_do105.22_w8_s3_data/port_information.json
Port Z0 values found: [50, 50]
Port impedance for Touchstone header:  50
Number of ports:  2
Created combined S-parameter file for  2 ports, filename:  /foss/designs/inductor_synth/palace_model/inductor2_N2_do105.22_w8_s3_data/output/inductor2_N2_do105.22_w8_s3/inductor2_N2_do105.22_w8_s3.s2p
Skipping DC extrapolation, not enough frequency points
Port de-embedding based on port geometry data
Cascading L= -1.82 pH at port 1
Cascading L= -1.82 pH at port 2
Created file with de-embedding (cascaded negative port L):  /foss/designs/inductor_synth/palace_model/inductor2_N2_do105.22_w8_s3_data/output/inductor2_N2_do105.22_w8_s3/inductor2_N2_do105.22_w8_s3_deembedded 

Found extra file with port information: /foss/designs/inductor_synth/palace_model/inductor2_N2_do108.58_w6_s3_data/port_information.json
Port Z0 values found: [50, 50]
Port impedance for Touchstone header:  50
Number of ports:  2
Created combined S-parameter file for  2 ports, filename:  /foss/designs/inductor_synth/palace_model/inductor2_N2_do108.58_w6_s3_data/output/inductor2_N2_do108.58_w6_s3/inductor2_N2_do108.58_w6_s3.s2p
Skipping DC extrapolation, not enough frequency points
Port de-embedding based on port geometry data
Cascading L= -1.82 pH at port 1
Cascading L= -1.82 pH at port 2
Created file with de-embedding (cascaded negative port L):  /foss/designs/inductor_synth/palace_model/inductor2_N2_do108.58_w6_s3_data/output/inductor2_N2_do108.58_w6_s3/inductor2_N2_do108.58_w6_s3_deembedded 

Found extra file with port information: /foss/designs/inductor_synth/palace_model/inductor2_N2_do109.11_w8_s3_data/port_information.json
Port Z0 values found: [50, 50]
Port impedance for Touchstone header:  50
Number of ports:  2
Created combined S-parameter file for  2 ports, filename:  /foss/designs/inductor_synth/palace_model/inductor2_N2_do109.11_w8_s3_data/output/inductor2_N2_do109.11_w8_s3/inductor2_N2_do109.11_w8_s3.s2p
Skipping DC extrapolation, not enough frequency points
Port de-embedding based on port geometry data
Cascading L= -1.82 pH at port 1
Cascading L= -1.82 pH at port 2
Created file with de-embedding (cascaded negative port L):  /foss/designs/inductor_synth/palace_model/inductor2_N2_do109.11_w8_s3_data/output/inductor2_N2_do109.11_w8_s3/inductor2_N2_do109.11_w8_s3_deembedded 

Found extra file with port information: /foss/designs/inductor_synth/palace_model/inductor2_N2_do109.41_w6_s3_data/port_information.json
Port Z0 values found: [50, 50]
Port impedance for Touchstone header:  50
Number of ports:  2
Created combined S-parameter file for  2 ports, filename:  /foss/designs/inductor_synth/palace_model/inductor2_N2_do109.41_w6_s3_data/output/inductor2_N2_do109.41_w6_s3/inductor2_N2_do109.41_w6_s3.s2p
Skipping DC extrapolation, not enough frequency points
Port de-embedding based on port geometry data
Cascading L= -1.82 pH at port 1
Cascading L= -1.82 pH at port 2
Created file with de-embedding (cascaded negative port L):  /foss/designs/inductor_synth/palace_model/inductor2_N2_do109.41_w6_s3_data/output/inductor2_N2_do109.41_w6_s3/inductor2_N2_do109.41_w6_s3_deembedded 

Found extra file with port information: /foss/designs/inductor_synth/palace_model/inductor2_N2_do109.58_w6_s3_data/port_information.json
Port Z0 values found: [50, 50]
Port impedance for Touchstone header:  50
Number of ports:  2
Created combined S-parameter file for  2 ports, filename:  /foss/designs/inductor_synth/palace_model/inductor2_N2_do109.58_w6_s3_data/output/inductor2_N2_do109.58_w6_s3/inductor2_N2_do109.58_w6_s3.s2p
Created file with DC extrapolation:  /foss/designs/inductor_synth/palace_model/inductor2_N2_do109.58_w6_s3_data/output/inductor2_N2_do109.58_w6_s3/inductor2_N2_do109.58_w6_s3_dc 

Port de-embedding based on port geometry data
Cascading L= -1.82 pH at port 1
Cascading L= -1.82 pH at port 2
Created file with de-embedding (cascaded negative port L):  /foss/designs/inductor_synth/palace_model/inductor2_N2_do109.58_w6_s3_data/output/inductor2_N2_do109.58_w6_s3/inductor2_N2_do109.58_w6_s3_deembedded 

Found extra file with port information: /foss/designs/inductor_synth/palace_model/inductor2_N2_do135.5_w6_s3_data/port_information.json
Port Z0 values found: [50, 50]
Port impedance for Touchstone header:  50
Number of ports:  2
Created combined S-parameter file for  2 ports, filename:  /foss/designs/inductor_synth/palace_model/inductor2_N2_do135.5_w6_s3_data/output/inductor2_N2_do135.5_w6_s3/inductor2_N2_do135.5_w6_s3.s2p
Skipping DC extrapolation, not enough frequency points
Port de-embedding based on port geometry data
Cascading L= -1.82 pH at port 1
Cascading L= -1.82 pH at port 2
Created file with de-embedding (cascaded negative port L):  /foss/designs/inductor_synth/palace_model/inductor2_N2_do135.5_w6_s3_data/output/inductor2_N2_do135.5_w6_s3/inductor2_N2_do135.5_w6_s3_deembedded 

Found extra file with port information: /foss/designs/inductor_synth/palace_model/inductor2_N2_do146.78_w8_s3_data/port_information.json
Port Z0 values found: [50, 50]
Port impedance for Touchstone header:  50
Number of ports:  2
Created combined S-parameter file for  2 ports, filename:  /foss/designs/inductor_synth/palace_model/inductor2_N2_do146.78_w8_s3_data/output/inductor2_N2_do146.78_w8_s3/inductor2_N2_do146.78_w8_s3.s2p
Skipping DC extrapolation, not enough frequency points
Port de-embedding based on port geometry data
Cascading L= -1.82 pH at port 1
Cascading L= -1.82 pH at port 2
Created file with de-embedding (cascaded negative port L):  /foss/designs/inductor_synth/palace_model/inductor2_N2_do146.78_w8_s3_data/output/inductor2_N2_do146.78_w8_s3/inductor2_N2_do146.78_w8_s3_deembedded 

cp: './inductor2_N2_do105.22_w8_s3.s2p' and './inductor2_N2_do105.22_w8_s3.s2p' are the same file
cp: './inductor2_N2_do108.58_w6_s3.s2p' and './inductor2_N2_do108.58_w6_s3.s2p' are the same file
cp: './inductor2_N2_do109.11_w8_s3.s2p' and './inductor2_N2_do109.11_w8_s3.s2p' are the same file
cp: './inductor2_N2_do109.41_w6_s3.s2p' and './inductor2_N2_do109.41_w6_s3.s2p' are the same file
cp: './inductor2_N2_do135.5_w6_s3.s2p' and './inductor2_N2_do135.5_w6_s3.s2p' are the same file
cp: './inductor2_N2_do146.78_w8_s3.s2p' and './inductor2_N2_do146.78_w8_s3.s2p' are the same file
Created output file inductor2_N2_do135.5_w6_s3.gds
Reading GDSII input file: inductor2_N2_do135.5_w6_s3.gds
Pre-processing GDSII to handle cutouts and self-intersecting polygons
Using boundary condition  ['ABC', 'ABC', 'ABC', 'ABC', 'ABC', 'ABC']
Starting to create mesh file and config file
---------------------------------------------------
Wavelength in air: 15000.0 units
  meshsize_max: 70.0  units
  max_cellsize_air: 1500.0 units
---------------------------------------------------
Adding metal tags ...
Adding dielectrics ...
Adding ports ...
Dielectric  AIR  with max_cellsize_local =  70 units
Dielectric  Passive  with max_cellsize_local =  70 units
Dielectric  SiO2  with max_cellsize_local =  70 units
Dielectric  EPI  with max_cellsize_local =  70 units
Dielectric  Substrate  with max_cellsize_local =  70 units
Created output file inductor2_N2_do146.78_w8_s3.gds
Reading GDSII input file: inductor2_N2_do146.78_w8_s3.gds
Pre-processing GDSII to handle cutouts and self-intersecting polygons
Using boundary condition  ['ABC', 'ABC', 'ABC', 'ABC', 'ABC', 'ABC']
Starting to create mesh file and config file
---------------------------------------------------
Wavelength in air: 15000.0 units
  meshsize_max: 70.0  units
  max_cellsize_air: 1500.0 units
---------------------------------------------------
Adding metal tags ...
Adding dielectrics ...
Adding ports ...
Dielectric  AIR  with max_cellsize_local =  70 units
Dielectric  Passive  with max_cellsize_local =  70 units
Dielectric  SiO2  with max_cellsize_local =  70 units
Dielectric  EPI  with max_cellsize_local =  70 units
Dielectric  Substrate  with max_cellsize_local =  70 units


There are 2 geometries that meet your specified parameters.

Simulation will start in 10 seconds.
You can press Ctrl+C now to quit and review your specification, or wait for simulation starting in 10 seconds.
Created output file inductor2_N2_do108.58_w6_s3.gds
Reading GDSII input file: inductor2_N2_do108.58_w6_s3.gds
Pre-processing GDSII to handle cutouts and self-intersecting polygons
Using boundary condition  ['ABC', 'ABC', 'ABC', 'ABC', 'ABC', 'ABC']
Starting to create mesh file and config file
---------------------------------------------------
Wavelength in air: 15000.0 units
  meshsize_max: 70.0  units
  max_cellsize_air: 1500.0 units
---------------------------------------------------
Adding metal tags ...
Adding dielectrics ...
Adding ports ...
Dielectric  AIR  with max_cellsize_local =  70 units
Dielectric  Passive  with max_cellsize_local =  70 units
Dielectric  SiO2  with max_cellsize_local =  70 units
Dielectric  EPI  with max_cellsize_local =  70 units
Dielectric  Substrate  with max_cellsize_local =  70 units
Created output file inductor2_N2_do105.22_w8_s3.gds
Reading GDSII input file: inductor2_N2_do105.22_w8_s3.gds
Pre-processing GDSII to handle cutouts and self-intersecting polygons
Using boundary condition  ['ABC', 'ABC', 'ABC', 'ABC', 'ABC', 'ABC']
Starting to create mesh file and config file
---------------------------------------------------
Wavelength in air: 15000.0 units
  meshsize_max: 70.0  units
  max_cellsize_air: 1500.0 units
---------------------------------------------------
Adding metal tags ...
Adding dielectrics ...
Adding ports ...
Dielectric  AIR  with max_cellsize_local =  70 units
Dielectric  Passive  with max_cellsize_local =  70 units
Dielectric  SiO2  with max_cellsize_local =  70 units
Dielectric  EPI  with max_cellsize_local =  70 units
Dielectric  Substrate  with max_cellsize_local =  70 units
Created output file inductor2_N2_do109.41_w6_s3.gds
Reading GDSII input file: inductor2_N2_do109.41_w6_s3.gds
Pre-processing GDSII to handle cutouts and self-intersecting polygons
Using boundary condition  ['ABC', 'ABC', 'ABC', 'ABC', 'ABC', 'ABC']
Starting to create mesh file and config file
---------------------------------------------------
Wavelength in air: 15000.0 units
  meshsize_max: 70.0  units
  max_cellsize_air: 1500.0 units
---------------------------------------------------
Adding metal tags ...
Adding dielectrics ...
Adding ports ...
Dielectric  AIR  with max_cellsize_local =  70 units
Dielectric  Passive  with max_cellsize_local =  70 units
Dielectric  SiO2  with max_cellsize_local =  70 units
Dielectric  EPI  with max_cellsize_local =  70 units
Dielectric  Substrate  with max_cellsize_local =  70 units
Created output file inductor2_N2_do109.11_w8_s3.gds
Reading GDSII input file: inductor2_N2_do109.11_w8_s3.gds
Pre-processing GDSII to handle cutouts and self-intersecting polygons
Using boundary condition  ['ABC', 'ABC', 'ABC', 'ABC', 'ABC', 'ABC']
Starting to create mesh file and config file
---------------------------------------------------
Wavelength in air: 15000.0 units
  meshsize_max: 70.0  units
  max_cellsize_air: 1500.0 units
---------------------------------------------------
Adding metal tags ...
Adding dielectrics ...
Adding ports ...
Dielectric  AIR  with max_cellsize_local =  70 units
Dielectric  Passive  with max_cellsize_local =  70 units
Dielectric  SiO2  with max_cellsize_local =  70 units
Dielectric  EPI  with max_cellsize_local =  70 units
Dielectric  Substrate  with max_cellsize_local =  70 units
Now we have done multiple finetune steps for multiple candidates, get the best one
Created output file inductor2_N2_do109.58_w6_s3.gds
Reading GDSII input file: inductor2_N2_do109.58_w6_s3.gds
Pre-processing GDSII to handle cutouts and self-intersecting polygons
Using boundary condition  ['ABC', 'ABC', 'ABC', 'ABC', 'ABC', 'ABC']
WARNING: Start frequency changed from DC to  0.01  GHz!
Starting to create mesh file and config file
---------------------------------------------------
Wavelength in air: 7500.0 units
  meshsize_max: 70.0  units
  max_cellsize_air: 750.0 units
---------------------------------------------------
Adding metal tags ...
Adding dielectrics ...
Adding ports ...
Dielectric  AIR  with max_cellsize_local =  70 units
Dielectric  Passive  with max_cellsize_local =  70 units
Dielectric  SiO2  with max_cellsize_local =  70 units
Dielectric  EPI  with max_cellsize_local =  70 units
Dielectric  Substrate  with max_cellsize_local =  70 units
===============================================================================
Design goal: inductor2 L=0.9 nH @ 20.0 GHz 
INITIAL RESULTS (simulation time  57.8 seconds):
  inductor2_N2_do135.5_w6_s3: L=1.40nH Q=8.1, parameters N=2 w=6 s=3 do=108.58 -> 108.58
  inductor2_N2_do146.78_w8_s3: L=1.75nH Q=7.7, parameters N=2 w=8 s=3 do=105.22 -> 105.22
Finetune step 1 results sorted by Q factor (simulation time  819.3 seconds):
  inductor2_N2_do108.58_w6_s3: L=0.89nH Q=9.6, parameters N=2 w=6 s=3 do=109.41 -> 109.41
  inductor2_N2_do105.22_w8_s3: L=0.84nH Q=9.4, parameters N=2 w=8 s=3 do=109.11 -> 109.11
Finetune step 2 results sorted by Q factor (simulation time  931.2 seconds):
  inductor2_N2_do109.41_w6_s3: L=0.90nH Q=9.7, parameters N=2 w=6 s=3 do=109.58 -> 109.58
  inductor2_N2_do109.11_w8_s3: L=0.89nH Q=9.7, parameters N=2 w=8 s=3 do=109.49 -> 109.49
Running final wideband sweep for [{'nturns': 2, 'w': 6, 's': 3, 'd_outer': 109.58}]
Finished running wideband sweep for inductor2_N2_do109.58_w6_s3 (simulation time  1331.6 seconds)

FINAL RESULT:
  inductor2_N2_do109.58_w6_s3: L=0.90nH Q=9.7 at 20.0 GHz
  number of turns: 2
  width: 6.00
  spacing: 3.00
  outer diameter: 109.58
  inner diameter: 79.58

Final GDSII file with SG13G2 OPDK options created as final_inductor2_N2_do109.58_w6_s3.gds
S-parameter file copied to final_inductor2_N2_do109.58_w6_s3.s2p
