$MeshFormat
2.2 0 8
$EndMeshFormat
$PhysicalNames
24
2 2 "Metal1_1_xy"
2 3 "Metal1_1_z"
2 4 "TopMetal1_1_xy"
2 5 "TopMetal1_1_z"
2 6 "TopMetal1_2_xy"
2 7 "TopMetal1_2_z"
2 8 "TopMetal1_3_xy"
2 9 "TopMetal1_3_z"
2 10 "TopMetal2_1_xy"
2 11 "TopMetal2_1_z"
2 12 "TopMetal2_2_xy"
2 13 "TopMetal2_2_z"
2 20 "P1"
2 21 "P2"
2 22 "Absorbing_boundary"
2 23 "PEC_boundary"
2 24 "PMC_boundary"
3 1 "TopVia2"
3 14 "AIR"
3 15 "Passive"
3 16 "SiO2"
3 17 "EPI"
3 18 "Substrate"
3 19 "airbox"
$EndPhysicalNames
$Nodes
3669
1 -4.5 -28.12 190.1803
2 -1.5 -28.12 190.1803
3 -4.5 -28.12 192.1803
4 -4.5 -67.12 192.1803
5 -1.5 -67.12 192.1803
6 -1.5 -28.12 192.1803
7 1.5 -28.12 190.1803
8 4.5 -28.12 190.1803
9 1.5 -28.12 192.1803
10 1.5 -67.12 192.1803
11 4.5 -67.12 192.1803
12 4.5 -28.12 192.1803
13 -7.86 37.12 190.1803
14 -7.86 34.12 190.1803
15 -3.621 34.12 190.1803
16 2.379 28.12 190.1803
17 7.86 28.12 190.1803
18 7.86 31.12 190.1803
19 3.621 31.12 190.1803
20 -2.379 37.12 190.1803
21 -7.86 37.12 192.1803
22 -7.86 34.12 192.1803
23 -3.621 34.12 192.1803
24 2.379 28.12 192.1803
25 7.86 28.12 192.1803
26 7.86 31.12 192.1803
27 3.621 31.12 192.1803
28 -2.379 37.12 192.1803
29 -5.92 36.07 192.1803
30 -6.82 36.07 192.1803
31 -6.82 35.17 192.1803
32 -5.92 35.17 192.1803
33 -5.92 36.07 194.9803
34 -6.82 36.07 194.9803
35 -6.82 35.17 194.9803
36 -5.92 35.17 194.9803
37 6.82 30.07 192.1803
38 5.92 30.07 192.1803
39 5.92 29.17 192.1803
40 6.82 29.17 192.1803
41 6.82 30.07 194.9803
42 5.92 30.07 194.9803
43 5.92 29.17 194.9803
44 6.82 29.17 194.9803
45 3.45 -29.17 192.1803
46 2.55 -29.17 192.1803
47 2.55 -30.07 192.1803
48 3.45 -30.07 192.1803
49 3.45 -29.17 194.9803
50 2.55 -29.17 194.9803
51 2.55 -30.07 194.9803
52 3.45 -30.07 194.9803
53 -2.55 -29.17 192.1803
54 -3.45 -29.17 192.1803
55 -3.45 -30.07 192.1803
56 -2.55 -30.07 192.1803
57 -2.55 -29.17 194.9803
58 -3.45 -29.17 194.9803
59 -3.45 -30.07 194.9803
60 -2.55 -30.07 194.9803
61 74.23999999999999 -74.23999999999999 184.79
62 74.23999999999999 74.23999999999999 184.79
63 74.23999999999999 74.23999999999999 185.21
64 74.23999999999999 -74.23999999999999 185.21
65 -74.23999999999999 74.23999999999999 184.79
66 -74.23999999999999 -74.23999999999999 184.79
67 -6 -74.23999999999999 184.79
68 -6 -65.12 184.79
69 6 -65.12 184.79
70 6 -74.23999999999999 184.79
71 89.23999999999999 89.23999999999999 184.79
72 89.23999999999999 -89.23999999999999 184.79
73 -89.23999999999999 -89.23999999999999 184.79
74 -89.23999999999999 89.23999999999999 184.79
75 -74.23999999999999 74.23999999999999 185.21
76 -74.23999999999999 -74.23999999999999 185.21
77 -6 -74.23999999999999 185.21
78 -6 -65.12 185.21
79 6 -65.12 185.21
80 6 -74.23999999999999 185.21
81 89.23999999999999 89.23999999999999 185.21
82 -89.23999999999999 89.23999999999999 185.21
83 89.23999999999999 -89.23999999999999 185.21
84 -89.23999999999999 -89.23999999999999 185.21
85 -4.86 34.12 194.9803
86 -4.86 34.12 197.9803
87 -4.86 37.12 194.9803
88 -4.86 37.12 197.9803
89 -14.129 34.12 194.9803
90 -14.129 34.12 197.9803
91 -15.371 37.12 194.9803
92 -15.371 37.12 197.9803
93 -37.12 15.371 194.9803
94 -37.12 -15.371 194.9803
95 -15.371 -37.12 194.9803
96 15.371 -37.12 194.9803
97 37.12 -15.371 194.9803
98 37.12 15.371 194.9803
99 15.371 37.12 194.9803
100 2.379 37.12 194.9803
101 -3.621 31.12 194.9803
102 -12.891 31.12 194.9803
103 -31.12 12.891 194.9803
104 -31.12 -12.891 194.9803
105 -12.891 -31.12 194.9803
106 -1.5 -31.12 194.9803
107 -1.5 -28.12 194.9803
108 -11.649 -28.12 194.9803
109 -28.12 -11.649 194.9803
110 -28.12 11.649 194.9803
111 -11.649 28.12 194.9803
112 -2.379 28.12 194.9803
113 3.621 34.12 194.9803
114 14.129 34.12 194.9803
115 34.12 14.129 194.9803
116 34.12 -14.129 194.9803
117 14.129 -34.12 194.9803
118 -14.129 -34.12 194.9803
119 -34.12 -14.129 194.9803
120 -34.12 14.129 194.9803
121 -37.12 15.371 197.9803
122 -37.12 -15.371 197.9803
123 -15.371 -37.12 197.9803
124 15.371 -37.12 197.9803
125 37.12 -15.371 197.9803
126 37.12 15.371 197.9803
127 15.371 37.12 197.9803
128 2.379 37.12 197.9803
129 -3.621 31.12 197.9803
130 -12.891 31.12 197.9803
131 -31.12 12.891 197.9803
132 -31.12 -12.891 197.9803
133 -12.891 -31.12 197.9803
134 -1.5 -31.12 197.9803
135 -1.5 -28.12 197.9803
136 -11.649 -28.12 197.9803
137 -28.12 -11.649 197.9803
138 -28.12 11.649 197.9803
139 -11.649 28.12 197.9803
140 -2.379 28.12 197.9803
141 3.621 34.12 197.9803
142 14.129 34.12 197.9803
143 34.12 14.129 197.9803
144 34.12 -14.129 197.9803
145 14.129 -34.12 197.9803
146 -14.129 -34.12 197.9803
147 -34.12 -14.129 197.9803
148 -34.12 14.129 197.9803
149 1.5 -28.12 194.9803
150 1.5 -28.12 197.9803
151 1.5 -31.12 194.9803
152 1.5 -31.12 197.9803
153 11.649 -28.12 194.9803
154 11.649 -28.12 197.9803
155 12.891 -31.12 194.9803
156 12.891 -31.12 197.9803
157 31.12 -12.891 194.9803
158 31.12 12.891 194.9803
159 12.891 31.12 194.9803
160 4.86 31.12 194.9803
161 4.86 28.12 194.9803
162 11.649 28.12 194.9803
163 28.12 11.649 194.9803
164 28.12 -11.649 194.9803
165 31.12 -12.891 197.9803
166 31.12 12.891 197.9803
167 12.891 31.12 197.9803
168 4.86 31.12 197.9803
169 4.86 28.12 197.9803
170 11.649 28.12 197.9803
171 28.12 11.649 197.9803
172 28.12 -11.649 197.9803
173 -139.24 -139.24 199.8803
174 -139.24 -139.24 399.8803
175 -139.24 139.24 199.8803
176 -139.24 139.24 399.8803
177 139.24 139.24 199.8803
178 139.24 139.24 399.8803
179 139.24 -139.24 199.8803
180 139.24 -139.24 399.8803
181 -139.24 -139.24 199.4803
182 -139.24 139.24 199.4803
183 139.24 139.24 199.4803
184 139.24 -139.24 199.4803
185 -139.24 -139.24 183.75
186 -139.24 139.24 183.75
187 139.24 139.24 183.75
188 139.24 -139.24 183.75
189 -139.24 -139.24 180
190 -139.24 139.24 180
191 139.24 139.24 180
192 139.24 -139.24 180
193 -139.24 -139.24 0
194 -139.24 139.24 0
195 139.24 139.24 0
196 139.24 -139.24 0
197 -189.24 -189.24 449.8803
198 -189.24 -189.24 -50
199 -189.24 189.24 449.8803
200 -189.24 189.24 -50
201 189.24 -189.24 -50
202 189.24 -189.24 449.8803
203 189.24 189.24 449.8803
204 189.24 189.24 -50
205 -4.5 -67.12 190.1803
206 -1.5 -67.12 190.1803
207 1.5 -67.12 190.1803
208 4.5 -67.12 190.1803
209 4.5 -67.12 185.21
210 1.5 -67.12 185.21
211 -1.5 -67.12 185.21
212 -4.5 -67.12 185.21
213 -4.5 -32.99518992426654 192.1803
214 -4.5 -37.87016635738547 192.1803
215 -4.5 -42.74510466982734 192.1803
216 -4.5 -47.61999999785554 192.1803
217 -4.5 -52.49489533017272 192.1803
218 -4.5 -57.36983364261461 192.1803
219 -4.5 -62.2448100757335 192.1803
220 -1.5 -62.24481007573347 192.1803
221 -1.5 -57.36983364261454 192.1803
222 -1.5 -52.49489533017267 192.1803
223 -1.5 -47.62000000214447 192.1803
224 -1.5 -42.74510466982728 192.1803
225 -1.5 -37.8701663573854 192.1803
226 -1.5 -32.9951899242665 192.1803
227 1.5 -32.99518992426654 192.1803
228 1.5 -37.87016635738547 192.1803
229 1.5 -42.74510466982734 192.1803
230 1.5 -47.61999999785554 192.1803
231 1.5 -52.49489533017272 192.1803
232 1.5 -57.36983364261461 192.1803
233 1.5 -62.2448100757335 192.1803
234 4.5 -62.24481007573347 192.1803
235 4.5 -57.36983364261454 192.1803
236 4.5 -52.49489533017267 192.1803
237 4.5 -47.62000000214447 192.1803
238 4.5 -42.74510466982728 192.1803
239 4.5 -37.8701663573854 192.1803
240 4.5 -32.9951899242665 192.1803
241 -0.6210000006858021 31.1200000006858 190.1803
242 5.119499999999992 28.12 190.1803
243 0.6210000006858021 34.1199999993142 190.1803
244 -5.119499999999992 37.12 190.1803
245 -0.6210000006858021 31.1200000006858 192.1803
246 5.119499999999992 28.12 192.1803
247 0.6210000006858021 34.1199999993142 192.1803
248 -5.119499999999992 37.12 192.1803
249 74.23999999999999 -69.2896137399368 184.79
250 74.23999999999999 -64.34237788347826 184.79
251 74.23999999999999 -59.39113854573299 184.79
252 74.23999999999999 -54.44226855988146 184.79
253 74.23999999999999 -49.49428189577525 184.79
254 74.23999999999999 -44.54279090722355 184.79
255 74.23999999999999 -39.59513497099064 184.79
256 74.23999999999999 -34.64581223817114 184.79
257 74.23999999999999 -29.6948165901699 184.79
258 74.23999999999999 -24.74766920707269 184.79
259 74.23999999999999 -19.79700143488193 184.79
260 74.23999999999999 -14.84721769142811 184.79
261 74.23999999999999 -9.899815028300239 184.79
262 74.23999999999999 -4.948407198525516 184.79
263 74.23999999999999 -5.115907697472721e-13 184.79
264 74.23999999999999 4.948407198524521 184.79
265 74.23999999999999 9.899815028299244 184.79
266 74.23999999999999 14.84721769142726 184.79
267 74.23999999999999 19.79700143488118 184.79
268 74.23999999999999 24.74766920707188 184.79
269 74.23999999999999 29.69481659016959 184.79
270 74.23999999999999 34.64581223817083 184.79
271 74.23999999999999 39.5951349709906 184.79
272 74.23999999999999 44.54279090722299 184.79
273 74.23999999999999 49.49428189577476 184.79
274 74.23999999999999 54.44226855988093 184.79
275 74.23999999999999 59.39113854573266 184.79
276 74.23999999999999 64.34237788347802 184.79
277 74.23999999999999 69.2896137399368 184.79
278 74.23999999999999 -69.2896137399368 185.21
279 74.23999999999999 -64.34237788347826 185.21
280 74.23999999999999 -59.39113854573299 185.21
281 74.23999999999999 -54.44226855988146 185.21
282 74.23999999999999 -49.49428189577525 185.21
283 74.23999999999999 -44.54279090722355 185.21
284 74.23999999999999 -39.59513497099064 185.21
285 74.23999999999999 -34.64581223817114 185.21
286 74.23999999999999 -29.6948165901699 185.21
287 74.23999999999999 -24.74766920707269 185.21
288 74.23999999999999 -19.79700143488193 185.21
289 74.23999999999999 -14.84721769142811 185.21
290 74.23999999999999 -9.899815028300239 185.21
291 74.23999999999999 -4.948407198525516 185.21
292 74.23999999999999 -5.115907697472721e-13 185.21
293 74.23999999999999 4.948407198524521 185.21
294 74.23999999999999 9.899815028299244 185.21
295 74.23999999999999 14.84721769142726 185.21
296 74.23999999999999 19.79700143488118 185.21
297 74.23999999999999 24.74766920707188 185.21
298 74.23999999999999 29.69481659016959 185.21
299 74.23999999999999 34.64581223817083 185.21
300 74.23999999999999 39.5951349709906 185.21
301 74.23999999999999 44.54279090722299 185.21
302 74.23999999999999 49.49428189577476 185.21
303 74.23999999999999 54.44226855988093 185.21
304 74.23999999999999 59.39113854573266 185.21
305 74.23999999999999 64.34237788347802 185.21
306 74.23999999999999 69.2896137399368 185.21
307 69.28961373993683 74.23999999999999 184.79
308 64.34237788347831 74.23999999999999 184.79
309 59.39113854573304 74.23999999999999 184.79
310 54.44226855988154 74.23999999999999 184.79
311 49.49428189577534 74.23999999999999 184.79
312 44.54279090722373 74.23999999999999 184.79
313 39.59513497099083 74.23999999999999 184.79
314 34.64581223817134 74.23999999999999 184.79
315 29.69481659017012 74.23999999999999 184.79
316 24.74766920707295 74.23999999999999 184.79
317 19.79700143488218 74.23999999999999 184.79
318 14.84721769142838 74.23999999999999 184.79
319 9.899815028300409 74.23999999999999 184.79
320 4.948407198525729 74.23999999999999 184.79
321 7.531752999057062e-13 74.23999999999999 184.79
322 -4.948407198524251 74.23999999999999 184.79
323 -9.89981502829896 74.23999999999999 184.79
324 -14.84721769142695 74.23999999999999 184.79
325 -19.79700143488084 74.23999999999999 184.79
326 -24.74766920707151 74.23999999999999 184.79
327 -29.6948165901692 74.23999999999999 184.79
328 -34.64581223817039 74.23999999999999 184.79
329 -39.59513497099027 74.23999999999999 184.79
330 -44.54279090722324 74.23999999999999 184.79
331 -49.49428189577473 74.23999999999999 184.79
332 -54.44226855988104 74.23999999999999 184.79
333 -59.39113854573274 74.23999999999999 184.79
334 -64.34237788347808 74.23999999999999 184.79
335 -69.2896137399368 74.23999999999999 184.79
336 -74.23999999999999 69.2896137399368 184.79
337 -74.23999999999999 64.34237788347826 184.79
338 -74.23999999999999 59.39113854573299 184.79
339 -74.23999999999999 54.44226855988146 184.79
340 -74.23999999999999 49.49428189577525 184.79
341 -74.23999999999999 44.54279090722355 184.79
342 -74.23999999999999 39.59513497099064 184.79
343 -74.23999999999999 34.64581223817114 184.79
344 -74.23999999999999 29.6948165901699 184.79
345 -74.23999999999999 24.74766920707269 184.79
346 -74.23999999999999 19.79700143488193 184.79
347 -74.23999999999999 14.84721769142811 184.79
348 -74.23999999999999 9.899815028300239 184.79
349 -74.23999999999999 4.948407198525516 184.79
350 -74.23999999999999 5.115907697472721e-13 184.79
351 -74.23999999999999 -4.948407198524521 184.79
352 -74.23999999999999 -9.899815028299244 184.79
353 -74.23999999999999 -14.84721769142726 184.79
354 -74.23999999999999 -19.79700143488118 184.79
355 -74.23999999999999 -24.74766920707188 184.79
356 -74.23999999999999 -29.69481659016959 184.79
357 -74.23999999999999 -34.64581223817083 184.79
358 -74.23999999999999 -39.5951349709906 184.79
359 -74.23999999999999 -44.54279090722299 184.79
360 -74.23999999999999 -49.49428189577476 184.79
361 -74.23999999999999 -54.44226855988093 184.79
362 -74.23999999999999 -59.39113854573266 184.79
363 -74.23999999999999 -64.34237788347802 184.79
364 -74.23999999999999 -69.2896137399368 184.79
365 -10.87409865438924 -74.23999999999999 184.79
366 -15.74849404531317 -74.23999999999999 184.79
367 -20.62310152849079 -74.23999999999999 184.79
368 -25.49737281949291 -74.23999999999999 184.79
369 -30.37132528887612 -74.23999999999999 184.79
370 -35.24547510315138 -74.23999999999999 184.79
371 -40.11999999794334 -74.23999999999999 184.79
372 -44.9945248968486 -74.23999999999999 184.79
373 -49.86867471112389 -74.23999999999999 184.79
374 -54.74262718050726 -74.23999999999999 184.79
375 -59.61689847150934 -74.23999999999999 184.79
376 -64.49150595468684 -74.23999999999999 184.79
377 -69.36590134561077 -74.23999999999999 184.79
378 -6 -69.67999999863081 184.79
379 2.000002823460314 -65.12 184.79
380 -2.000002821953309 -65.12 184.79
381 6 -69.68000000136919 184.79
382 69.36590134561077 -74.23999999999999 184.79
383 64.49150595468689 -74.23999999999999 184.79
384 59.61689847150934 -74.23999999999999 184.79
385 54.74262718050721 -74.23999999999999 184.79
386 49.868674711124 -74.23999999999999 184.79
387 44.99452489684876 -74.23999999999999 184.79
388 40.12000000205675 -74.23999999999999 184.79
389 35.24547510315145 -74.23999999999999 184.79
390 30.37132528887618 -74.23999999999999 184.79
391 25.49737281949292 -74.23999999999999 184.79
392 20.6231015284907 -74.23999999999999 184.79
393 15.74849404531314 -74.23999999999999 184.79
394 10.87409865438928 -74.23999999999999 184.79
395 89.23999999999999 84.28170305225379 184.79
396 89.23999999999999 79.32495869204477 184.79
397 89.23999999999999 74.36557394006191 184.79
398 89.23999999999999 69.40992164281521 184.79
399 89.23999999999999 64.44962808363138 184.79
400 89.23999999999999 59.49472120418039 184.79
401 89.23999999999999 54.53383717356709 184.79
402 89.23999999999999 49.57935363900212 184.79
403 89.23999999999999 44.61822495766631 184.79
404 89.23999999999999 39.66381827779209 184.79
405 89.23999999999999 34.70276766087953 184.79
406 89.23999999999999 29.74811614330472 184.79
407 89.23999999999999 24.78749154878768 184.79
408 89.23999999999999 19.83224758758475 184.79
409 89.23999999999999 14.87236539060321 184.79
410 89.23999999999999 9.916209045787411 184.79
411 89.23999999999999 4.957418290629676 184.79
412 89.23999999999999 -5.684341886080801e-13 184.79
413 89.23999999999999 -4.957418290630784 184.79
414 89.23999999999999 -9.916209045788762 184.79
415 89.23999999999999 -14.87236539060426 184.79
416 89.23999999999999 -19.83224758758521 184.79
417 89.23999999999999 -24.78749154878902 184.79
418 89.23999999999999 -29.74811614330638 184.79
419 89.23999999999999 -34.70276766088126 184.79
420 89.23999999999999 -39.66381827779422 184.79
421 89.23999999999999 -44.61822495766846 184.79
422 89.23999999999999 -49.57935363900468 184.79
423 89.23999999999999 -54.53383717356984 184.79
424 89.23999999999999 -59.49472120418314 184.79
425 89.23999999999999 -64.44962808363381 184.79
426 89.23999999999999 -69.40992164281739 184.79
427 89.23999999999999 -74.36557394006361 184.79
428 89.23999999999999 -79.32495869204568 184.79
429 89.23999999999999 -84.28170305225414 184.79
430 84.28170305225379 -89.23999999999999 184.79
431 79.32495869204477 -89.23999999999999 184.79
432 74.36557394006191 -89.23999999999999 184.79
433 69.40992164281521 -89.23999999999999 184.79
434 64.44962808363138 -89.23999999999999 184.79
435 59.49472120418039 -89.23999999999999 184.79
436 54.53383717356709 -89.23999999999999 184.79
437 49.57935363900212 -89.23999999999999 184.79
438 44.61822495766631 -89.23999999999999 184.79
439 39.66381827779209 -89.23999999999999 184.79
440 34.70276766087953 -89.23999999999999 184.79
441 29.74811614330472 -89.23999999999999 184.79
442 24.78749154878768 -89.23999999999999 184.79
443 19.83224758758475 -89.23999999999999 184.79
444 14.87236539060321 -89.23999999999999 184.79
445 9.916209045787411 -89.23999999999999 184.79
446 4.957418290629676 -89.23999999999999 184.79
447 -5.684341886080801e-13 -89.23999999999999 184.79
448 -4.957418290630784 -89.23999999999999 184.79
449 -9.916209045788762 -89.23999999999999 184.79
450 -14.87236539060426 -89.23999999999999 184.79
451 -19.83224758758521 -89.23999999999999 184.79
452 -24.78749154878902 -89.23999999999999 184.79
453 -29.74811614330638 -89.23999999999999 184.79
454 -34.70276766088126 -89.23999999999999 184.79
455 -39.66381827779422 -89.23999999999999 184.79
456 -44.61822495766846 -89.23999999999999 184.79
457 -49.57935363900468 -89.23999999999999 184.79
458 -54.53383717356984 -89.23999999999999 184.79
459 -59.49472120418314 -89.23999999999999 184.79
460 -64.44962808363381 -89.23999999999999 184.79
461 -69.40992164281739 -89.23999999999999 184.79
462 -74.36557394006361 -89.23999999999999 184.79
463 -79.32495869204568 -89.23999999999999 184.79
464 -84.28170305225414 -89.23999999999999 184.79
465 -89.23999999999999 -84.28170305225379 184.79
466 -89.23999999999999 -79.32495869204477 184.79
467 -89.23999999999999 -74.36557394006191 184.79
468 -89.23999999999999 -69.40992164281521 184.79
469 -89.23999999999999 -64.44962808363138 184.79
470 -89.23999999999999 -59.49472120418039 184.79
471 -89.23999999999999 -54.53383717356709 184.79
472 -89.23999999999999 -49.57935363900212 184.79
473 -89.23999999999999 -44.61822495766631 184.79
474 -89.23999999999999 -39.66381827779209 184.79
475 -89.23999999999999 -34.70276766087953 184.79
476 -89.23999999999999 -29.74811614330472 184.79
477 -89.23999999999999 -24.78749154878768 184.79
478 -89.23999999999999 -19.83224758758475 184.79
479 -89.23999999999999 -14.87236539060321 184.79
480 -89.23999999999999 -9.916209045787411 184.79
481 -89.23999999999999 -4.957418290629676 184.79
482 -89.23999999999999 5.684341886080801e-13 184.79
483 -89.23999999999999 4.957418290630784 184.79
484 -89.23999999999999 9.916209045788762 184.79
485 -89.23999999999999 14.87236539060426 184.79
486 -89.23999999999999 19.83224758758521 184.79
487 -89.23999999999999 24.78749154878902 184.79
488 -89.23999999999999 29.74811614330638 184.79
489 -89.23999999999999 34.70276766088126 184.79
490 -89.23999999999999 39.66381827779422 184.79
491 -89.23999999999999 44.61822495766846 184.79
492 -89.23999999999999 49.57935363900468 184.79
493 -89.23999999999999 54.53383717356984 184.79
494 -89.23999999999999 59.49472120418314 184.79
495 -89.23999999999999 64.44962808363381 184.79
496 -89.23999999999999 69.40992164281739 184.79
497 -89.23999999999999 74.36557394006361 184.79
498 -89.23999999999999 79.32495869204568 184.79
499 -89.23999999999999 84.28170305225414 184.79
500 -84.28170305225379 89.23999999999999 184.79
501 -79.32495869204477 89.23999999999999 184.79
502 -74.36557394006191 89.23999999999999 184.79
503 -69.40992164281521 89.23999999999999 184.79
504 -64.44962808363138 89.23999999999999 184.79
505 -59.49472120418039 89.23999999999999 184.79
506 -54.53383717356709 89.23999999999999 184.79
507 -49.57935363900212 89.23999999999999 184.79
508 -44.61822495766631 89.23999999999999 184.79
509 -39.66381827779209 89.23999999999999 184.79
510 -34.70276766087953 89.23999999999999 184.79
511 -29.74811614330472 89.23999999999999 184.79
512 -24.78749154878768 89.23999999999999 184.79
513 -19.83224758758475 89.23999999999999 184.79
514 -14.87236539060321 89.23999999999999 184.79
515 -9.916209045787411 89.23999999999999 184.79
516 -4.957418290629676 89.23999999999999 184.79
517 5.684341886080801e-13 89.23999999999999 184.79
518 4.957418290630784 89.23999999999999 184.79
519 9.916209045788762 89.23999999999999 184.79
520 14.87236539060426 89.23999999999999 184.79
521 19.83224758758521 89.23999999999999 184.79
522 24.78749154878902 89.23999999999999 184.79
523 29.74811614330638 89.23999999999999 184.79
524 34.70276766088126 89.23999999999999 184.79
525 39.66381827779422 89.23999999999999 184.79
526 44.61822495766846 89.23999999999999 184.79
527 49.57935363900468 89.23999999999999 184.79
528 54.53383717356984 89.23999999999999 184.79
529 59.49472120418314 89.23999999999999 184.79
530 64.44962808363381 89.23999999999999 184.79
531 69.40992164281739 89.23999999999999 184.79
532 74.36557394006361 89.23999999999999 184.79
533 79.32495869204568 89.23999999999999 184.79
534 84.28170305225414 89.23999999999999 184.79
535 69.28961373993683 74.23999999999999 185.21
536 64.34237788347831 74.23999999999999 185.21
537 59.39113854573304 74.23999999999999 185.21
538 54.44226855988154 74.23999999999999 185.21
539 49.49428189577534 74.23999999999999 185.21
540 44.54279090722373 74.23999999999999 185.21
541 39.59513497099083 74.23999999999999 185.21
542 34.64581223817134 74.23999999999999 185.21
543 29.69481659017012 74.23999999999999 185.21
544 24.74766920707295 74.23999999999999 185.21
545 19.79700143488218 74.23999999999999 185.21
546 14.84721769142838 74.23999999999999 185.21
547 9.899815028300409 74.23999999999999 185.21
548 4.948407198525729 74.23999999999999 185.21
549 7.531752999057062e-13 74.23999999999999 185.21
550 -4.948407198524251 74.23999999999999 185.21
551 -9.89981502829896 74.23999999999999 185.21
552 -14.84721769142695 74.23999999999999 185.21
553 -19.79700143488084 74.23999999999999 185.21
554 -24.74766920707151 74.23999999999999 185.21
555 -29.6948165901692 74.23999999999999 185.21
556 -34.64581223817039 74.23999999999999 185.21
557 -39.59513497099027 74.23999999999999 185.21
558 -44.54279090722324 74.23999999999999 185.21
559 -49.49428189577473 74.23999999999999 185.21
560 -54.44226855988104 74.23999999999999 185.21
561 -59.39113854573274 74.23999999999999 185.21
562 -64.34237788347808 74.23999999999999 185.21
563 -69.2896137399368 74.23999999999999 185.21
564 -74.23999999999999 69.2896137399368 185.21
565 -74.23999999999999 64.34237788347826 185.21
566 -74.23999999999999 59.39113854573299 185.21
567 -74.23999999999999 54.44226855988146 185.21
568 -74.23999999999999 49.49428189577525 185.21
569 -74.23999999999999 44.54279090722355 185.21
570 -74.23999999999999 39.59513497099064 185.21
571 -74.23999999999999 34.64581223817114 185.21
572 -74.23999999999999 29.6948165901699 185.21
573 -74.23999999999999 24.74766920707269 185.21
574 -74.23999999999999 19.79700143488193 185.21
575 -74.23999999999999 14.84721769142811 185.21
576 -74.23999999999999 9.899815028300239 185.21
577 -74.23999999999999 4.948407198525516 185.21
578 -74.23999999999999 5.115907697472721e-13 185.21
579 -74.23999999999999 -4.948407198524521 185.21
580 -74.23999999999999 -9.899815028299244 185.21
581 -74.23999999999999 -14.84721769142726 185.21
582 -74.23999999999999 -19.79700143488118 185.21
583 -74.23999999999999 -24.74766920707188 185.21
584 -74.23999999999999 -29.69481659016959 185.21
585 -74.23999999999999 -34.64581223817083 185.21
586 -74.23999999999999 -39.5951349709906 185.21
587 -74.23999999999999 -44.54279090722299 185.21
588 -74.23999999999999 -49.49428189577476 185.21
589 -74.23999999999999 -54.44226855988093 185.21
590 -74.23999999999999 -59.39113854573266 185.21
591 -74.23999999999999 -64.34237788347802 185.21
592 -74.23999999999999 -69.2896137399368 185.21
593 -10.87409865438924 -74.23999999999999 185.21
594 -15.74849404531317 -74.23999999999999 185.21
595 -20.62310152849079 -74.23999999999999 185.21
596 -25.49737281949291 -74.23999999999999 185.21
597 -30.37132528887612 -74.23999999999999 185.21
598 -35.24547510315138 -74.23999999999999 185.21
599 -40.11999999794334 -74.23999999999999 185.21
600 -44.9945248968486 -74.23999999999999 185.21
601 -49.86867471112389 -74.23999999999999 185.21
602 -54.74262718050726 -74.23999999999999 185.21
603 -59.61689847150934 -74.23999999999999 185.21
604 -64.49150595468684 -74.23999999999999 185.21
605 -69.36590134561077 -74.23999999999999 185.21
606 -6 -69.67999999863081 185.21
607 2.000002823460314 -65.12 185.21
608 -2.000002821953309 -65.12 185.21
609 6 -69.68000000136919 185.21
610 69.36590134561077 -74.23999999999999 185.21
611 64.49150595468689 -74.23999999999999 185.21
612 59.61689847150934 -74.23999999999999 185.21
613 54.74262718050721 -74.23999999999999 185.21
614 49.868674711124 -74.23999999999999 185.21
615 44.99452489684876 -74.23999999999999 185.21
616 40.12000000205675 -74.23999999999999 185.21
617 35.24547510315145 -74.23999999999999 185.21
618 30.37132528887618 -74.23999999999999 185.21
619 25.49737281949292 -74.23999999999999 185.21
620 20.6231015284907 -74.23999999999999 185.21
621 15.74849404531314 -74.23999999999999 185.21
622 10.87409865438928 -74.23999999999999 185.21
623 84.28170305225379 89.23999999999999 185.21
624 79.32495869204477 89.23999999999999 185.21
625 74.36557394006191 89.23999999999999 185.21
626 69.40992164281521 89.23999999999999 185.21
627 64.44962808363138 89.23999999999999 185.21
628 59.49472120418039 89.23999999999999 185.21
629 54.53383717356709 89.23999999999999 185.21
630 49.57935363900212 89.23999999999999 185.21
631 44.61822495766631 89.23999999999999 185.21
632 39.66381827779209 89.23999999999999 185.21
633 34.70276766087953 89.23999999999999 185.21
634 29.74811614330472 89.23999999999999 185.21
635 24.78749154878768 89.23999999999999 185.21
636 19.83224758758475 89.23999999999999 185.21
637 14.87236539060321 89.23999999999999 185.21
638 9.916209045787411 89.23999999999999 185.21
639 4.957418290629676 89.23999999999999 185.21
640 -5.684341886080801e-13 89.23999999999999 185.21
641 -4.957418290630784 89.23999999999999 185.21
642 -9.916209045788762 89.23999999999999 185.21
643 -14.87236539060426 89.23999999999999 185.21
644 -19.83224758758521 89.23999999999999 185.21
645 -24.78749154878902 89.23999999999999 185.21
646 -29.74811614330638 89.23999999999999 185.21
647 -34.70276766088126 89.23999999999999 185.21
648 -39.66381827779422 89.23999999999999 185.21
649 -44.61822495766846 89.23999999999999 185.21
650 -49.57935363900468 89.23999999999999 185.21
651 -54.53383717356984 89.23999999999999 185.21
652 -59.49472120418314 89.23999999999999 185.21
653 -64.44962808363381 89.23999999999999 185.21
654 -69.40992164281739 89.23999999999999 185.21
655 -74.36557394006361 89.23999999999999 185.21
656 -79.32495869204568 89.23999999999999 185.21
657 -84.28170305225414 89.23999999999999 185.21
658 89.23999999999999 84.28170305225379 185.21
659 89.23999999999999 79.32495869204477 185.21
660 89.23999999999999 74.36557394006191 185.21
661 89.23999999999999 69.40992164281521 185.21
662 89.23999999999999 64.44962808363138 185.21
663 89.23999999999999 59.49472120418039 185.21
664 89.23999999999999 54.53383717356709 185.21
665 89.23999999999999 49.57935363900212 185.21
666 89.23999999999999 44.61822495766631 185.21
667 89.23999999999999 39.66381827779209 185.21
668 89.23999999999999 34.70276766087953 185.21
669 89.23999999999999 29.74811614330472 185.21
670 89.23999999999999 24.78749154878768 185.21
671 89.23999999999999 19.83224758758475 185.21
672 89.23999999999999 14.87236539060321 185.21
673 89.23999999999999 9.916209045787411 185.21
674 89.23999999999999 4.957418290629676 185.21
675 89.23999999999999 -5.684341886080801e-13 185.21
676 89.23999999999999 -4.957418290630784 185.21
677 89.23999999999999 -9.916209045788762 185.21
678 89.23999999999999 -14.87236539060426 185.21
679 89.23999999999999 -19.83224758758521 185.21
680 89.23999999999999 -24.78749154878902 185.21
681 89.23999999999999 -29.74811614330638 185.21
682 89.23999999999999 -34.70276766088126 185.21
683 89.23999999999999 -39.66381827779422 185.21
684 89.23999999999999 -44.61822495766846 185.21
685 89.23999999999999 -49.57935363900468 185.21
686 89.23999999999999 -54.53383717356984 185.21
687 89.23999999999999 -59.49472120418314 185.21
688 89.23999999999999 -64.44962808363381 185.21
689 89.23999999999999 -69.40992164281739 185.21
690 89.23999999999999 -74.36557394006361 185.21
691 89.23999999999999 -79.32495869204568 185.21
692 89.23999999999999 -84.28170305225414 185.21
693 -84.28170305225379 -89.23999999999999 185.21
694 -79.32495869204477 -89.23999999999999 185.21
695 -74.36557394006191 -89.23999999999999 185.21
696 -69.40992164281521 -89.23999999999999 185.21
697 -64.44962808363138 -89.23999999999999 185.21
698 -59.49472120418039 -89.23999999999999 185.21
699 -54.53383717356709 -89.23999999999999 185.21
700 -49.57935363900212 -89.23999999999999 185.21
701 -44.61822495766631 -89.23999999999999 185.21
702 -39.66381827779209 -89.23999999999999 185.21
703 -34.70276766087953 -89.23999999999999 185.21
704 -29.74811614330472 -89.23999999999999 185.21
705 -24.78749154878768 -89.23999999999999 185.21
706 -19.83224758758475 -89.23999999999999 185.21
707 -14.87236539060321 -89.23999999999999 185.21
708 -9.916209045787411 -89.23999999999999 185.21
709 -4.957418290629676 -89.23999999999999 185.21
710 5.684341886080801e-13 -89.23999999999999 185.21
711 4.957418290630784 -89.23999999999999 185.21
712 9.916209045788762 -89.23999999999999 185.21
713 14.87236539060426 -89.23999999999999 185.21
714 19.83224758758521 -89.23999999999999 185.21
715 24.78749154878902 -89.23999999999999 185.21
716 29.74811614330638 -89.23999999999999 185.21
717 34.70276766088126 -89.23999999999999 185.21
718 39.66381827779422 -89.23999999999999 185.21
719 44.61822495766846 -89.23999999999999 185.21
720 49.57935363900468 -89.23999999999999 185.21
721 54.53383717356984 -89.23999999999999 185.21
722 59.49472120418314 -89.23999999999999 185.21
723 64.44962808363381 -89.23999999999999 185.21
724 69.40992164281739 -89.23999999999999 185.21
725 74.36557394006361 -89.23999999999999 185.21
726 79.32495869204568 -89.23999999999999 185.21
727 84.28170305225414 -89.23999999999999 185.21
728 -89.23999999999999 -84.28170305225379 185.21
729 -89.23999999999999 -79.32495869204477 185.21
730 -89.23999999999999 -74.36557394006191 185.21
731 -89.23999999999999 -69.40992164281521 185.21
732 -89.23999999999999 -64.44962808363138 185.21
733 -89.23999999999999 -59.49472120418039 185.21
734 -89.23999999999999 -54.53383717356709 185.21
735 -89.23999999999999 -49.57935363900212 185.21
736 -89.23999999999999 -44.61822495766631 185.21
737 -89.23999999999999 -39.66381827779209 185.21
738 -89.23999999999999 -34.70276766087953 185.21
739 -89.23999999999999 -29.74811614330472 185.21
740 -89.23999999999999 -24.78749154878768 185.21
741 -89.23999999999999 -19.83224758758475 185.21
742 -89.23999999999999 -14.87236539060321 185.21
743 -89.23999999999999 -9.916209045787411 185.21
744 -89.23999999999999 -4.957418290629676 185.21
745 -89.23999999999999 5.684341886080801e-13 185.21
746 -89.23999999999999 4.957418290630784 185.21
747 -89.23999999999999 9.916209045788762 185.21
748 -89.23999999999999 14.87236539060426 185.21
749 -89.23999999999999 19.83224758758521 185.21
750 -89.23999999999999 24.78749154878902 185.21
751 -89.23999999999999 29.74811614330638 185.21
752 -89.23999999999999 34.70276766088126 185.21
753 -89.23999999999999 39.66381827779422 185.21
754 -89.23999999999999 44.61822495766846 185.21
755 -89.23999999999999 49.57935363900468 185.21
756 -89.23999999999999 54.53383717356984 185.21
757 -89.23999999999999 59.49472120418314 185.21
758 -89.23999999999999 64.44962808363381 185.21
759 -89.23999999999999 69.40992164281739 185.21
760 -89.23999999999999 74.36557394006361 185.21
761 -89.23999999999999 79.32495869204568 185.21
762 -89.23999999999999 84.28170305225414 185.21
763 -9.494500001317824 34.12 194.9803
764 -9.494500001317824 34.12 197.9803
765 -8.363676672857382 37.12 194.9803
766 -11.86732332590339 37.12 194.9803
767 -8.363676672857382 37.12 197.9803
768 -11.86732332590339 37.12 197.9803
769 -18.47807994605568 34.01292005394432 194.9803
770 -21.58508547276655 30.90591452723345 194.9803
771 -24.69198660615102 27.79901339384898 194.9803
772 -27.79901339384896 24.69198660615104 194.9803
773 -30.90591452723342 21.58508547276658 194.9803
774 -34.01292005394431 18.47807994605568 194.9803
775 -37.12 -10.97917270917453 194.9803
776 -37.12 -6.587450639385622 194.9803
777 -37.12 -2.195876053316713 194.9803
778 -37.12 2.195876053316782 194.9803
779 -37.12 6.587450639385699 194.9803
780 -37.12 10.97917270917461 194.9803
781 -34.01292005394432 -18.47807994605568 194.9803
782 -30.90591452723345 -21.58508547276655 194.9803
783 -27.79901339384898 -24.69198660615102 194.9803
784 -24.69198660615104 -27.79901339384896 194.9803
785 -21.58508547276658 -30.90591452723342 194.9803
786 -18.47807994605568 -34.01292005394431 194.9803
787 10.97917270917453 -37.12 194.9803
788 6.587450639385622 -37.12 194.9803
789 2.195876053316713 -37.12 194.9803
790 -2.195876053316782 -37.12 194.9803
791 -6.587450639385699 -37.12 194.9803
792 -10.97917270917461 -37.12 194.9803
793 18.47807994605568 -34.01292005394432 194.9803
794 21.58508547276655 -30.90591452723345 194.9803
795 24.69198660615102 -27.79901339384898 194.9803
796 27.79901339384896 -24.69198660615104 194.9803
797 30.90591452723342 -21.58508547276658 194.9803
798 34.01292005394431 -18.47807994605568 194.9803
799 37.12 10.97917270917453 194.9803
800 37.12 6.587450639385622 194.9803
801 37.12 2.195876053316713 194.9803
802 37.12 -2.195876053316782 194.9803
803 37.12 -6.587450639385699 194.9803
804 37.12 -10.97917270917461 194.9803
805 34.01292005394432 18.47807994605568 194.9803
806 30.90591452723345 21.58508547276655 194.9803
807 27.79901339384898 24.69198660615102 194.9803
808 24.69198660615104 27.79901339384896 194.9803
809 21.58508547276658 30.90591452723342 194.9803
810 18.47807994605568 34.01292005394431 194.9803
811 6.709680882833242 37.12 194.9803
812 11.04031911540067 37.12 194.9803
813 -0.6209999993141979 34.1200000006858 194.9803
814 -8.256000001318085 31.12 194.9803
815 -15.92921684580554 28.08178315419446 194.9803
816 -18.96734640942756 25.04365359057244 194.9803
817 -22.0055 22.0055 194.9803
818 -25.04365359057242 18.96734640942758 194.9803
819 -28.0817831541944 15.9292168458056 194.9803
820 -31.12 -8.593929030998464 194.9803
821 -31.12 -4.296981508148358 194.9803
822 -31.12 -2.842170943040401e-14 194.9803
823 -31.12 4.296981508148287 194.9803
824 -31.12 8.593929030998469 194.9803
825 -28.08178315419446 -15.92921684580554 194.9803
826 -25.04365359057244 -18.96734640942756 194.9803
827 -22.0055 -22.0055 194.9803
828 -18.96734640942758 -25.04365359057242 194.9803
829 -15.9292168458056 -28.0817831541944 194.9803
830 -9.093988590711451 -31.12 194.9803
831 -5.297011410646655 -31.12 194.9803
832 -4.883009259249326 -28.12 194.9803
833 -8.265990738979154 -28.12 194.9803
834 -14.94327753209263 -24.82572246790738 194.9803
835 -18.23743252076689 -21.53156747923311 194.9803
836 -21.53156747923315 -18.23743252076686 194.9803
837 -24.82572246790739 -14.94327753209261 194.9803
838 -28.12 6.989290254083839 194.9803
839 -28.12 2.329753856742178 194.9803
840 -28.12 -2.329753856742178 194.9803
841 -28.12 -6.989290254083873 194.9803
842 -24.82572246790738 14.94327753209263 194.9803
843 -21.53156747923311 18.23743252076689 194.9803
844 -18.23743252076686 21.53156747923315 194.9803
845 -14.94327753209261 24.82572246790739 194.9803
846 -7.013999998681911 28.12 194.9803
847 0.6209999993141979 31.1199999993142 194.9803
848 10.62632333115563 34.12 194.9803
849 7.123676670082896 34.12 194.9803
850 17.46088892730791 30.78811107269209 194.9803
851 20.7926784910475 27.4563215089525 194.9803
852 24.12449999964519 24.12450000035481 194.9803
853 27.45632150895251 20.79267849104749 194.9803
854 30.78811107269206 17.46088892730794 194.9803
855 34.12 -9.4192547414122 194.9803
856 34.12 -4.709649937772468 194.9803
857 34.12 -5.013021109334659e-10 194.9803
858 34.12 4.70964993777252 194.9803
859 34.12 9.419254741412297 194.9803
860 30.78811107269209 -17.46088892730791 194.9803
861 27.4563215089525 -20.7926784910475 194.9803
862 24.12450000035481 -24.12449999964519 194.9803
863 20.79267849104749 -27.45632150895251 194.9803
864 17.46088892730794 -30.78811107269206 194.9803
865 -9.4192547414122 -34.12 194.9803
866 -4.709649937772468 -34.12 194.9803
867 -5.013021109334659e-10 -34.12 194.9803
868 4.70964993777252 -34.12 194.9803
869 9.419254741412297 -34.12 194.9803
870 -17.46088892730791 -30.78811107269209 194.9803
871 -20.7926784910475 -27.4563215089525 194.9803
872 -24.12449999964519 -24.12450000035481 194.9803
873 -27.45632150895251 -20.79267849104749 194.9803
874 -30.78811107269206 -17.46088892730794 194.9803
875 -34.12 9.4192547414122 194.9803
876 -34.12 4.709649937772468 194.9803
877 -34.12 5.013021109334659e-10 194.9803
878 -34.12 -4.70964993777252 194.9803
879 -34.12 -9.419254741412297 194.9803
880 -30.78811107269209 17.46088892730791 194.9803
881 -27.4563215089525 20.7926784910475 194.9803
882 -24.12450000035481 24.12449999964519 194.9803
883 -20.79267849104749 27.45632150895251 194.9803
884 -17.46088892730794 30.78811107269206 194.9803
885 -18.47807994605568 34.01292005394432 197.9803
886 -21.58508547276655 30.90591452723345 197.9803
887 -24.69198660615102 27.79901339384898 197.9803
888 -27.79901339384896 24.69198660615104 197.9803
889 -30.90591452723342 21.58508547276658 197.9803
890 -34.01292005394431 18.47807994605568 197.9803
891 -37.12 10.97917270917453 197.9803
892 -37.12 6.587450639385622 197.9803
893 -37.12 2.195876053316713 197.9803
894 -37.12 -2.195876053316782 197.9803
895 -37.12 -6.587450639385699 197.9803
896 -37.12 -10.97917270917461 197.9803
897 -34.01292005394432 -18.47807994605568 197.9803
898 -30.90591452723345 -21.58508547276655 197.9803
899 -27.79901339384898 -24.69198660615102 197.9803
900 -24.69198660615104 -27.79901339384896 197.9803
901 -21.58508547276658 -30.90591452723342 197.9803
902 -18.47807994605568 -34.01292005394431 197.9803
903 -10.97917270917453 -37.12 197.9803
904 -6.587450639385622 -37.12 197.9803
905 -2.195876053316713 -37.12 197.9803
906 2.195876053316782 -37.12 197.9803
907 6.587450639385699 -37.12 197.9803
908 10.97917270917461 -37.12 197.9803
909 18.47807994605568 -34.01292005394432 197.9803
910 21.58508547276655 -30.90591452723345 197.9803
911 24.69198660615102 -27.79901339384898 197.9803
912 27.79901339384896 -24.69198660615104 197.9803
913 30.90591452723342 -21.58508547276658 197.9803
914 34.01292005394431 -18.47807994605568 197.9803
915 37.12 -10.97917270917453 197.9803
916 37.12 -6.587450639385622 197.9803
917 37.12 -2.195876053316713 197.9803
918 37.12 2.195876053316782 197.9803
919 37.12 6.587450639385699 197.9803
920 37.12 10.97917270917461 197.9803
921 34.01292005394432 18.47807994605568 197.9803
922 30.90591452723345 21.58508547276655 197.9803
923 27.79901339384898 24.69198660615102 197.9803
924 24.69198660615104 27.79901339384896 197.9803
925 21.58508547276658 30.90591452723342 197.9803
926 18.47807994605568 34.01292005394431 197.9803
927 11.04031911716676 37.12 197.9803
928 6.709680884599333 37.12 197.9803
929 -0.6209999993141979 34.1200000006858 197.9803
930 -8.255999998681915 31.12 197.9803
931 -15.92921684580554 28.08178315419446 197.9803
932 -18.96734640942756 25.04365359057244 197.9803
933 -22.0055 22.0055 197.9803
934 -25.04365359057242 18.96734640942758 197.9803
935 -28.0817831541944 15.9292168458056 197.9803
936 -31.12 8.593929030998464 197.9803
937 -31.12 4.296981508148358 197.9803
938 -31.12 2.842170943040401e-14 197.9803
939 -31.12 -4.296981508148287 197.9803
940 -31.12 -8.593929030998469 197.9803
941 -28.08178315419446 -15.92921684580554 197.9803
942 -25.04365359057244 -18.96734640942756 197.9803
943 -22.0055 -22.0055 197.9803
944 -18.96734640942758 -25.04365359057242 197.9803
945 -15.9292168458056 -28.0817831541944 197.9803
946 -9.093988590711451 -31.12 197.9803
947 -5.297011410646655 -31.12 197.9803
948 -4.883009259249326 -28.12 197.9803
949 -8.265990738979154 -28.12 197.9803
950 -14.94327753209263 -24.82572246790738 197.9803
951 -18.23743252076689 -21.53156747923311 197.9803
952 -21.53156747923315 -18.23743252076686 197.9803
953 -24.82572246790739 -14.94327753209261 197.9803
954 -28.12 -6.989290254083839 197.9803
955 -28.12 -2.329753856742178 197.9803
956 -28.12 2.329753856742178 197.9803
957 -28.12 6.989290254083873 197.9803
958 -24.82572246790738 14.94327753209263 197.9803
959 -21.53156747923311 18.23743252076689 197.9803
960 -18.23743252076686 21.53156747923315 197.9803
961 -14.94327753209261 24.82572246790739 197.9803
962 -7.014000001318089 28.12 197.9803
963 0.6209999993141979 31.1199999993142 197.9803
964 7.123676668844372 34.12 197.9803
965 10.6263233299171 34.12 197.9803
966 17.46088892730791 30.78811107269209 197.9803
967 20.7926784910475 27.4563215089525 197.9803
968 24.12449999964519 24.12450000035481 197.9803
969 27.45632150895251 20.79267849104749 197.9803
970 30.78811107269206 17.46088892730794 197.9803
971 34.12 9.4192547414122 197.9803
972 34.12 4.709649937772468 197.9803
973 34.12 5.013021109334659e-10 197.9803
974 34.12 -4.70964993777252 197.9803
975 34.12 -9.419254741412297 197.9803
976 30.78811107269209 -17.46088892730791 197.9803
977 27.4563215089525 -20.7926784910475 197.9803
978 24.12450000035481 -24.12449999964519 197.9803
979 20.79267849104749 -27.45632150895251 197.9803
980 17.46088892730794 -30.78811107269206 197.9803
981 9.4192547414122 -34.12 197.9803
982 4.709649937772468 -34.12 197.9803
983 5.013021109334659e-10 -34.12 197.9803
984 -4.70964993777252 -34.12 197.9803
985 -9.419254741412297 -34.12 197.9803
986 -17.46088892730791 -30.78811107269209 197.9803
987 -20.7926784910475 -27.4563215089525 197.9803
988 -24.12449999964519 -24.12450000035481 197.9803
989 -27.45632150895251 -20.79267849104749 197.9803
990 -30.78811107269206 -17.46088892730794 197.9803
991 -34.12 -9.4192547414122 197.9803
992 -34.12 -4.709649937772468 197.9803
993 -34.12 -5.013021109334659e-10 197.9803
994 -34.12 4.70964993777252 197.9803
995 -34.12 9.419254741412297 197.9803
996 -30.78811107269209 17.46088892730791 197.9803
997 -27.4563215089525 20.7926784910475 197.9803
998 -24.12450000035481 24.12449999964519 197.9803
999 -20.79267849104749 27.45632150895251 197.9803
1000 -17.46088892730794 30.78811107269206 197.9803
1001 8.265990740750675 -28.12 194.9803
1002 4.883009261020849 -28.12 194.9803
1003 8.265990740750675 -28.12 197.9803
1004 4.883009261020849 -28.12 197.9803
1005 5.297011409288548 -31.12 194.9803
1006 9.093988589353344 -31.12 194.9803
1007 5.297011409288548 -31.12 197.9803
1008 9.093988589353344 -31.12 197.9803
1009 15.92921684580554 -28.08178315419446 194.9803
1010 18.96734640942756 -25.04365359057244 194.9803
1011 22.0055 -22.0055 194.9803
1012 25.04365359057242 -18.96734640942758 194.9803
1013 28.0817831541944 -15.9292168458056 194.9803
1014 31.12 8.593929030998464 194.9803
1015 31.12 4.296981508148358 194.9803
1016 31.12 2.842170943040401e-14 194.9803
1017 31.12 -4.296981508148287 194.9803
1018 31.12 -8.593929030998469 194.9803
1019 28.08178315419446 15.92921684580554 194.9803
1020 25.04365359057244 18.96734640942756 194.9803
1021 22.0055 22.0055 194.9803
1022 18.96734640942758 25.04365359057242 194.9803
1023 15.9292168458056 28.0817831541944 194.9803
1024 8.875500000579262 31.12 194.9803
1025 8.254499999999998 28.12 194.9803
1026 14.94327753209263 24.82572246790738 194.9803
1027 18.23743252076689 21.53156747923311 194.9803
1028 21.53156747923315 18.23743252076686 194.9803
1029 24.82572246790739 14.94327753209261 194.9803
1030 28.12 -6.989290254083839 194.9803
1031 28.12 -2.329753856742178 194.9803
1032 28.12 2.329753856742178 194.9803
1033 28.12 6.989290254083873 194.9803
1034 24.82572246790738 -14.94327753209263 194.9803
1035 21.53156747923311 -18.23743252076689 194.9803
1036 18.23743252076686 -21.53156747923315 194.9803
1037 14.94327753209261 -24.82572246790739 194.9803
1038 15.92921684580554 -28.08178315419446 197.9803
1039 18.96734640942756 -25.04365359057244 197.9803
1040 22.0055 -22.0055 197.9803
1041 25.04365359057242 -18.96734640942758 197.9803
1042 28.0817831541944 -15.9292168458056 197.9803
1043 31.12 -8.593929030998464 197.9803
1044 31.12 -4.296981508148358 197.9803
1045 31.12 -2.842170943040401e-14 197.9803
1046 31.12 4.296981508148287 197.9803
1047 31.12 8.593929030998469 197.9803
1048 28.08178315419446 15.92921684580554 197.9803
1049 25.04365359057244 18.96734640942756 197.9803
1050 22.0055 22.0055 197.9803
1051 18.96734640942758 25.04365359057242 197.9803
1052 15.9292168458056 28.0817831541944 197.9803
1053 8.875500000579262 31.12 197.9803
1054 8.254499999999998 28.12 197.9803
1055 14.94327753209263 24.82572246790738 197.9803
1056 18.23743252076689 21.53156747923311 197.9803
1057 21.53156747923315 18.23743252076686 197.9803
1058 24.82572246790739 14.94327753209261 197.9803
1059 28.12 6.989290254083839 197.9803
1060 28.12 2.329753856742178 197.9803
1061 28.12 -2.329753856742178 197.9803
1062 28.12 -6.989290254083873 197.9803
1063 24.82572246790738 -14.94327753209263 197.9803
1064 21.53156747923311 -18.23743252076689 197.9803
1065 18.23743252076686 -21.53156747923315 197.9803
1066 14.94327753209261 -24.82572246790739 197.9803
1067 -139.24 -139.24 266.5469666666665
1068 -139.24 -139.24 333.213633333333
1069 -139.24 139.24 266.5469666666665
1070 -139.24 139.24 333.213633333333
1071 -139.24 -80.91864781213272 199.8803
1072 -139.24 -26.97288360890911 199.8803
1073 -139.24 26.97288360890852 199.8803
1074 -139.24 80.91864781213218 199.8803
1075 -139.24 -69.61999999999988 399.8803
1076 -139.24 2.842170943040401e-13 399.8803
1077 -139.24 69.62000000000006 399.8803
1078 139.24 139.24 266.5469666666665
1079 139.24 139.24 333.213633333333
1080 -80.91864781213272 139.24 199.8803
1081 -26.97288360890911 139.24 199.8803
1082 26.97288360890852 139.24 199.8803
1083 80.91864781213218 139.24 199.8803
1084 -69.61999999999988 139.24 399.8803
1085 2.842170943040401e-13 139.24 399.8803
1086 69.62000000000006 139.24 399.8803
1087 139.24 -139.24 266.5469666666665
1088 139.24 -139.24 333.213633333333
1089 139.24 80.91864781213272 199.8803
1090 139.24 26.97288360890911 199.8803
1091 139.24 -26.97288360890852 199.8803
1092 139.24 -80.91864781213218 199.8803
1093 139.24 69.61999999999988 399.8803
1094 139.24 -2.842170943040401e-13 399.8803
1095 139.24 -69.62000000000006 399.8803
1096 80.91864781213272 -139.24 199.8803
1097 26.97288360890911 -139.24 199.8803
1098 -26.97288360890852 -139.24 199.8803
1099 -80.91864781213218 -139.24 199.8803
1100 69.61999999999988 -139.24 399.8803
1101 -2.842170943040401e-13 -139.24 399.8803
1102 -69.62000000000006 -139.24 399.8803
1103 -139.24 -80.90971380668904 199.4803
1104 -139.24 -26.96990555790563 199.4803
1105 -139.24 26.96990555790575 199.4803
1106 -139.24 80.90971380668904 199.4803
1107 -80.90971380668904 139.24 199.4803
1108 -26.96990555790563 139.24 199.4803
1109 26.96990555790575 139.24 199.4803
1110 80.90971380668904 139.24 199.4803
1111 139.24 80.90971380668904 199.4803
1112 139.24 26.96990555790563 199.4803
1113 139.24 -26.96990555790575 199.4803
1114 139.24 -80.90971380668904 199.4803
1115 80.90971380668904 -139.24 199.4803
1116 26.96990555790563 -139.24 199.4803
1117 -26.96990555790575 -139.24 199.4803
1118 -80.90971380668904 -139.24 199.4803
1119 -139.24 -80.7828809302832 183.75
1120 -139.24 -26.92762778538589 183.75
1121 -139.24 26.92762778538545 183.75
1122 -139.24 80.78288093028317 183.75
1123 -80.7828809302832 139.24 183.75
1124 -26.92762778538589 139.24 183.75
1125 26.92762778538545 139.24 183.75
1126 80.78288093028317 139.24 183.75
1127 139.24 80.7828809302832 183.75
1128 139.24 26.92762778538589 183.75
1129 139.24 -26.92762778538545 183.75
1130 139.24 -80.78288093028317 183.75
1131 80.7828809302832 -139.24 183.75
1132 26.92762778538589 -139.24 183.75
1133 -26.92762778538545 -139.24 183.75
1134 -80.78288093028317 -139.24 183.75
1135 -139.24 -80.79648453436377 180
1136 -139.24 -26.9321623159036 180
1137 -139.24 26.93216231590313 180
1138 -139.24 80.79648453436326 180
1139 -80.79648453436377 139.24 180
1140 -26.9321623159036 139.24 180
1141 26.93216231590313 139.24 180
1142 80.79648453436326 139.24 180
1143 139.24 80.79648453436377 180
1144 139.24 26.9321623159036 180
1145 139.24 -26.93216231590313 180
1146 139.24 -80.79648453436326 180
1147 80.79648453436377 -139.24 180
1148 26.9321623159036 -139.24 180
1149 -26.93216231590313 -139.24 180
1150 -80.79648453436326 -139.24 180
1151 -139.24 -139.24 60.00000000000005
1152 -139.24 -139.24 119.9999999999998
1153 -139.24 139.24 60.00000000000005
1154 -139.24 139.24 119.9999999999998
1155 -139.24 -69.61999999999988 0
1156 -139.24 2.842170943040401e-13 0
1157 -139.24 69.62000000000006 0
1158 139.24 139.24 60.00000000000005
1159 139.24 139.24 119.9999999999998
1160 -69.61999999999988 139.24 0
1161 2.842170943040401e-13 139.24 0
1162 69.62000000000006 139.24 0
1163 139.24 -139.24 60.00000000000005
1164 139.24 -139.24 119.9999999999998
1165 139.24 69.61999999999988 0
1166 139.24 -2.842170943040401e-13 0
1167 139.24 -69.62000000000006 0
1168 69.61999999999988 -139.24 0
1169 -2.842170943040401e-13 -139.24 0
1170 -69.62000000000006 -139.24 0
1171 -189.24 -189.24 74.97007500000011
1172 -189.24 -189.24 199.9401500000001
1173 -189.24 -189.24 324.9102250000001
1174 -189.24 -63.07999999999991 449.8803
1175 -189.24 63.08000000000052 449.8803
1176 -189.24 189.24 74.97007500000011
1177 -189.24 189.24 199.9401500000001
1178 -189.24 189.24 324.9102250000001
1179 -189.24 -63.07999999999991 -50
1180 -189.24 63.08000000000052 -50
1181 -63.07999999999991 -189.24 -50
1182 63.08000000000052 -189.24 -50
1183 189.24 -189.24 74.97007500000011
1184 189.24 -189.24 199.9401500000001
1185 189.24 -189.24 324.9102250000001
1186 -63.07999999999991 -189.24 449.8803
1187 63.08000000000052 -189.24 449.8803
1188 -63.07999999999991 189.24 449.8803
1189 63.08000000000052 189.24 449.8803
1190 189.24 -63.07999999999991 449.8803
1191 189.24 63.08000000000052 449.8803
1192 -63.07999999999991 189.24 -50
1193 63.08000000000052 189.24 -50
1194 189.24 189.24 74.97007500000011
1195 189.24 189.24 199.9401500000001
1196 189.24 189.24 324.9102250000001
1197 189.24 -63.07999999999991 -50
1198 189.24 63.08000000000052 -50
1199 -4.5 -32.99518992426654 190.1803
1200 -4.5 -37.87016635738547 190.1803
1201 -4.5 -42.74510466982734 190.1803
1202 -4.5 -47.61999999785554 190.1803
1203 -4.5 -52.49489533017272 190.1803
1204 -4.5 -57.36983364261461 190.1803
1205 -4.5 -62.2448100757335 190.1803
1206 -1.5 -62.24481007573347 190.1803
1207 -1.5 -57.36983364261454 190.1803
1208 -1.5 -52.49489533017267 190.1803
1209 -1.5 -47.62000000214447 190.1803
1210 -1.5 -42.74510466982728 190.1803
1211 -1.5 -37.8701663573854 190.1803
1212 -1.5 -32.9951899242665 190.1803
1213 1.5 -32.99518992426654 190.1803
1214 1.5 -37.87016635738547 190.1803
1215 1.5 -42.74510466982734 190.1803
1216 1.5 -47.61999999785554 190.1803
1217 1.5 -52.49489533017272 190.1803
1218 1.5 -57.36983364261461 190.1803
1219 1.5 -62.2448100757335 190.1803
1220 4.5 -62.24481007573347 190.1803
1221 4.5 -57.36983364261454 190.1803
1222 4.5 -52.49489533017267 190.1803
1223 4.5 -47.62000000214447 190.1803
1224 4.5 -42.74510466982728 190.1803
1225 4.5 -37.8701663573854 190.1803
1226 4.5 -32.9951899242665 190.1803
1227 -3 -28.12 191.1803
1228 3 -28.12 191.1803
1229 -6.115124999999997 35.62 190.1803
1230 6.115124999999997 29.62 190.1803
1231 -7.86 35.62 191.1803
1232 -5.740500000000001 34.12 191.1803
1233 0.8789999996570992 29.6200000003429 191.1803
1234 -2.121000000342901 32.6200000003429 191.1803
1235 6.489749999999995 28.12 191.1803
1236 3.749249999999996 28.12 191.1803
1237 7.86 29.62 191.1803
1238 5.740500000000001 31.12 191.1803
1239 -0.8789999996570992 35.6199999996571 191.1803
1240 2.121000000342901 32.6199999996571 191.1803
1241 -6.489749999999995 37.12 191.1803
1242 -3.749249999999996 37.12 191.1803
1243 -6.37 35.62 192.1803
1244 -6.37 35.62 194.9803
1245 6.37 29.62 192.1803
1246 6.37 29.62 194.9803
1247 3 -29.62 192.1803
1248 3 -29.62 194.9803
1249 -3 -29.62 192.1803
1250 -3 -29.62 194.9803
1251 3.298339379398385e-11 -81.48501306600321 184.79
1252 82.3370962711406 -81.36960679219816 184.79
1253 -82.33709627114094 -81.36960679219779 184.79
1254 81.76396428224012 81.76396428223978 184.79
1255 -81.72824205041896 81.72824205041928 184.79
1256 8.635067637395508 -82.60342045704476 184.79
1257 -8.635067637386328 -82.60342045704476 184.79
1258 66.92925404349903 -81.73234886150341 184.79
1259 -66.92925404350011 -81.73234886150314 184.79
1260 -57.17976282600834 -81.72064673793707 184.79
1261 57.17976282600827 -81.72064673793658 184.79
1262 -47.4315998039862 -81.69578374776125 184.79
1263 47.43159980398637 -81.69578374776083 184.79
1264 81.7436178485803 -71.76497569279424 184.79
1265 -81.74361784858057 -71.764975692794 184.79
1266 38.3535115901843 -81.51789002191821 184.79
1267 -38.35351158936821 -81.51789002191815 184.79
1268 2.476323654008795 81.73206094904921 184.79
1269 81.73206094904921 2.476323654007598 184.79
1270 -81.73206094904923 -2.476323654007595 184.79
1271 81.73383183877382 -7.427204755416764 184.79
1272 -81.73383183877387 7.427204755416766 184.79
1273 -7.427204755415517 81.7338318387738 184.79
1274 12.38386849874932 81.7363446908212 184.79
1275 81.73634469082118 12.38386849874822 184.79
1276 -81.73634469082121 -12.38386849874822 184.79
1277 81.73230804708454 -17.33074050189453 184.79
1278 -81.7323080470846 17.33074050189453 184.79
1279 -17.33074050189346 81.73230804708453 184.79
1280 81.73348596084305 27.22124289862074 184.79
1281 -81.73348596084308 -27.22124289862074 184.79
1282 27.2212428986215 81.73348596084301 184.79
1283 -27.23755144407684 81.7309451651534 184.79
1284 81.73094516515333 -27.23755144407793 184.79
1285 -81.73094516515336 27.23755144407793 184.79
1286 81.73158153487705 37.14307705650971 184.79
1287 -81.73162062568638 -37.14310470516729 184.79
1288 37.14307705651071 81.73158153487699 184.79
1289 -37.14217458519357 81.73052323449758 184.79
1290 81.73052323449753 -37.14217458519462 184.79
1291 -81.73052323449754 37.14217458519462 184.79
1292 81.73232688703182 47.04895222511144 184.79
1293 -81.73309931957273 -47.04894195968767 184.79
1294 -47.04895222511151 81.7323268870318 184.79
1295 47.0489522251127 81.73232688703175 184.79
1296 81.73309931957264 -47.04894195968885 184.79
1297 -81.73232688703179 47.04895222511261 184.79
1298 81.73037190677822 56.94321588018693 184.79
1299 -81.72474625860811 -56.96572112199808 184.79
1300 -56.94321588018703 81.73037190677813 184.79
1301 56.94321588018803 81.73037190677806 184.79
1302 81.72474625860774 -56.96572112199963 184.79
1303 -81.7303719067781 56.94321588018797 184.79
1304 66.87287860872368 81.72238015897996 184.79
1305 -66.87287860872242 81.72238015898024 184.79
1306 -81.72238015897999 66.87287860872367 184.79
1307 81.72238015898029 66.87287860872246 184.79
1308 -28.83103313939235 -82.35407702376635 184.79
1309 28.83103313941577 -82.35407702376911 184.79
1310 18.99688867173958 -82.37128130047205 184.79
1311 -18.99688867173941 -82.37128130047196 184.79
1312 2.563069756433833e-10 -70.4732636140965 184.79
1313 71.85168947552555 84.79864168427073 184.79
1314 73.35851437662089 80.30577712392974 184.79
1315 -84.79864168427078 71.85168947552555 184.79
1316 -80.29838236104577 73.3511196137369 184.79
1317 -71.85168947552425 84.79864168427081 184.79
1318 -73.35111961373623 80.29838236104588 184.79
1319 84.79864168427089 71.85168947552425 184.79
1320 80.3057771239299 73.35851437662023 184.79
1321 83.93965233430002 -62.58821727410711 184.79
1322 78.90783544900599 -61.86675821460558 184.79
1323 79.64905715926753 -66.09613421980295 184.79
1324 -83.93965233430039 -62.58821727410552 184.79
1325 -78.90783544900695 -61.86675821460534 184.79
1326 -79.64905715926785 -66.09613421980228 184.79
1327 -84.82323732371937 -66.72486251389405 184.79
1328 84.82323732371884 -66.72486251389576 184.79
1329 -76.12431675435722 85.0610532191472 184.79
1330 85.06967661808818 76.13294015329819 184.79
1331 76.13294015329917 85.06967661808804 184.79
1332 -85.0610532191471 76.1243167543582 184.79
1333 83.95074552196576 17.99988142951824 184.79
1334 78.9372662200072 17.32210956315422 184.79
1335 79.65610788324157 21.53637259057177 184.79
1336 84.83514959663341 22.13033101018437 184.79
1337 -83.95074552196577 -17.99988142951824 184.79
1338 -78.93726622000743 -17.32210956315422 184.79
1339 -79.65610788324157 -21.53637259057177 184.79
1340 -84.83514959663346 -22.13033101018437 184.79
1341 17.99988142951915 83.95074552196579 184.79
1342 17.32210956315525 78.93726622000727 184.79
1343 21.53637259057271 79.65610788324156 184.79
1344 22.13033101018522 84.83514959663344 184.79
1345 -71.8705933230482 -84.81350683701292 184.79
1346 -73.50387748771242 -80.22898020971094 184.79
1347 -76.28041994280217 -84.97841876778432 184.79
1348 71.87059332304698 -84.81350683701302 184.79
1349 73.50387748771182 -80.22898020971107 184.79
1350 76.28041994280122 -84.97841876778443 184.79
1351 79.21359294613848 7.424111113411881 184.79
1352 84.23398752739193 7.431162109567839 184.79
1353 -79.21359294613846 -7.42411111341188 184.79
1354 -84.23398752739193 -7.431162109567837 184.79
1355 7.424111113413048 79.21359294613841 184.79
1356 7.43116210956903 84.23398752739193 184.79
1357 -79.23510690814727 32.18402420816471 184.79
1358 -84.23406614108545 32.19976618320992 184.79
1359 79.23510690814726 -32.18402420816471 184.79
1360 84.23406614108542 -32.19976618320992 184.79
1361 32.172660165192 79.21795555350332 184.79
1362 32.19258294431219 84.23122768546226 184.79
1363 79.21795555350349 32.1726601651914 184.79
1364 84.23122768546234 32.19258294431118 184.79
1365 -79.21795555350364 -32.1726601651914 184.79
1366 -84.23122768546243 -32.19258294431118 184.79
1367 -32.18402420816373 79.23510690814729 184.79
1368 -32.19976618320867 84.23406614108548 184.79
1369 79.21210114218842 -22.27233532097732 184.79
1370 84.23147464436396 -22.29046200278781 184.79
1371 -79.21210114218856 22.27233532097732 184.79
1372 -84.23147464436398 22.29046200278781 184.79
1373 -22.27233532097623 79.21210114218857 184.79
1374 -22.29046200278678 84.23147464436397 184.79
1375 79.2331208114596 61.89579891993944 184.79
1376 84.23285199153948 61.9293836815771 184.79
1377 -79.23312081145947 61.89579891994032 184.79
1378 -84.23285199153933 61.92938368157873 184.79
1379 61.89579891994036 79.23312081145947 184.79
1380 61.92938368157876 84.23285199153935 184.79
1381 -61.89579891993951 79.23312081145956 184.79
1382 -61.92938368157714 84.23285199153943 184.79
1383 -79.21433669012076 2.474203599263014 184.79
1384 -84.23457042874271 2.47630588080905 184.79
1385 79.21433669012072 -2.474203599263012 184.79
1386 84.23457042874264 -2.476305880809047 184.79
1387 -2.474203599261699 79.21433669012067 184.79
1388 -2.476305880807814 84.23457042874264 184.79
1389 79.21323546246732 -12.37351635986418 184.79
1390 84.23279165191664 -12.38268943691524 184.79
1391 -79.21323546246741 12.37351635986418 184.79
1392 -84.23279165191668 12.38268943691524 184.79
1393 -12.3735163598631 79.21323546246713 184.79
1394 -12.38268943691405 84.23279165191661 184.79
1395 -79.23423371915858 -51.99385759630024 184.79
1396 -84.23332301761208 -52.01807444415982 184.79
1397 79.23487914271236 51.98788761126996 184.79
1398 84.2316969197518 52.0107194953957 184.79
1399 -51.98788761127001 79.23487914271233 184.79
1400 -52.0107194953958 84.23169691975176 184.79
1401 79.23423371915845 -51.99385759630134 184.79
1402 84.23332301761192 -52.01807444416151 184.79
1403 -79.23487914271233 51.98788761127091 184.79
1404 -84.23169691975171 52.01071949539723 184.79
1405 51.98788761127098 79.2348791427123 184.79
1406 52.01071949539728 84.23169691975167 184.79
1407 -79.23574833789932 -42.08755380531207 184.79
1408 -84.23402174423758 -42.10779648349179 184.79
1409 79.23547513753483 42.08747189291175 184.79
1410 84.23346726576531 42.10740430472399 184.79
1411 -79.23526347745893 42.08729139864934 184.79
1412 -84.2334672657653 42.10740430472529 184.79
1413 79.23552885966153 -42.08736778131816 184.79
1414 84.23402174423751 -42.1077964834931 184.79
1415 42.08747189291266 79.23547513753479 184.79
1416 42.10740430472536 84.23346726576526 184.79
1417 -42.08729139864852 79.23526347745893 184.79
1418 -42.10740430472394 84.23346726576531 184.79
1419 62.05420221309812 -79.17137746054041 184.79
1420 62.00741680831842 -84.30352523105711 184.79
1421 -62.05420221309809 -79.17137746054058 184.79
1422 -62.00741680831995 -84.30352523105717 184.79
1423 -52.30046824434872 -79.17809880030575 184.79
1424 -52.20500433738356 -84.21490585720082 184.79
1425 52.30046824434871 -79.17809880030555 184.79
1426 52.20500433738252 -84.21490585720058 184.79
1427 -42.69022232513316 -79.17341843461168 184.79
1428 42.69022232619403 -79.17341843461159 184.79
1429 33.50082255650145 -80.31839340913746 184.79
1430 -33.50082255633386 -80.31839340913689 184.79
1431 -23.74717754158091 -80.48907166484767 184.79
1432 23.74717754158533 -80.48907166484823 184.79
1433 -13.82538208032433 -80.53893013331017 184.79
1434 13.82538208032599 -80.53893013331019 184.79
1435 3.74489901081192 -67.49994806650656 184.79
1436 -3.744899010183914 -67.49994806548668 184.79
1437 -42.55147539079005 -84.1734184408582 184.79
1438 42.55147539116462 -84.17341844085811 184.79
1439 86.24509382085299 86.2450938208528 184.79
1440 86.27638568748444 -86.03145756804307 184.79
1441 -86.27638568748462 -86.0314575680429 184.79
1442 -86.12136647895274 86.12136647895295 184.79
1443 -4.86 35.62 196.4803
1444 -7.177250000658913 34.12 196.4803
1445 -11.81175000065891 34.12 196.4803
1446 -13.61916166295169 37.12 196.4803
1447 -6.611838336428692 37.12 196.4803
1448 -10.11549999938039 37.12 196.4803
1449 8.875000000131891 35.61999999999999 197.9803
1450 -3.295005167473999 -29.61999999999999 197.9803
1451 -6.894544168543803 35.62 197.9803
1452 -15.79494446365397 32.45405553634603 196.4803
1453 -32.45405553634604 15.79494446365396 196.4803
1454 -22.45858924570115 25.79041075429885 196.4803
1455 -25.79041075465366 22.45858924534634 196.4803
1456 -29.12221629082229 19.1267837091777 196.4803
1457 -19.12678370917771 29.12221629082229 196.4803
1458 -35.56646002697216 16.92453997302784 196.4803
1459 -16.92453997302784 35.56646002697216 196.4803
1460 -26.24549999999999 26.24550000000001 196.4803
1461 -32.45941729058887 20.03158270941113 196.4803
1462 -20.03158270941111 32.45941729058888 196.4803
1463 -23.13853603945879 29.35246396054121 196.4803
1464 -29.35246396054119 23.13853603945881 196.4803
1465 -34.12 -11.77412737070613 196.4803
1466 -34.12 11.77412737070612 196.4803
1467 -34.12 -2.354824968886248 196.4803
1468 -34.12 2.354824968886246 196.4803
1469 -34.12 7.064452339592343 196.4803
1470 -34.12 -7.064452339592335 196.4803
1471 -37.12 13.17508635458729 196.4803
1472 -37.12 -13.17508635458728 196.4803
1473 -37.12 0 196.4803
1474 -37.12 -8.783311674280116 196.4803
1475 -37.12 8.783311674280117 196.4803
1476 -37.12 -4.391663346351203 196.4803
1477 -37.12 4.391663346351205 196.4803
1478 -13.17508635458729 -37.12 196.4803
1479 13.17508635458728 -37.12 196.4803
1480 0 -37.12 196.4803
1481 8.783311674280116 -37.12 196.4803
1482 -8.783311674280117 -37.12 196.4803
1483 4.391663346351203 -37.12 196.4803
1484 -4.391663346351205 -37.12 196.4803
1485 -16.92453997302784 -35.56646002697216 196.4803
1486 -35.56646002697216 -16.92453997302784 196.4803
1487 -26.24550000000001 -26.24549999999999 196.4803
1488 -20.03158270941113 -32.45941729058887 196.4803
1489 -32.45941729058888 -20.03158270941111 196.4803
1490 -29.35246396054121 -23.13853603945879 196.4803
1491 -23.13853603945881 -29.35246396054119 196.4803
1492 -32.45405553634603 -15.79494446365397 196.4803
1493 -15.79494446365396 -32.45405553634604 196.4803
1494 -25.79041075429885 -22.45858924570115 196.4803
1495 -22.45858924534634 -25.79041075465366 196.4803
1496 -19.1267837091777 -29.12221629082229 196.4803
1497 -29.12221629082229 -19.12678370917771 196.4803
1498 11.77412737070613 -34.12 196.4803
1499 -11.77412737070612 -34.12 196.4803
1500 2.354824968886247 -34.12 196.4803
1501 -2.354824968886246 -34.12 196.4803
1502 -7.06445233959237 -34.12 196.4803
1503 7.064452339592372 -34.12 196.4803
1504 15.79494446365397 -32.45405553634603 196.4803
1505 32.45405553634604 -15.79494446365396 196.4803
1506 22.45858924570115 -25.79041075429885 196.4803
1507 25.79041075465366 -22.45858924534634 196.4803
1508 29.12221629082229 -19.1267837091777 196.4803
1509 19.12678370917771 -29.12221629082229 196.4803
1510 34.12 11.77412737070613 196.4803
1511 34.12 -11.77412737070612 196.4803
1512 34.12 2.354824968886248 196.4803
1513 34.12 -2.354824968886246 196.4803
1514 34.12 -7.06445233959237 196.4803
1515 34.12 7.064452339592372 196.4803
1516 37.12 13.17508635458728 196.4803
1517 37.12 -13.17508635458729 196.4803
1518 37.12 0 196.4803
1519 37.12 8.783311674280116 196.4803
1520 37.12 -8.783311674280117 196.4803
1521 37.12 4.391663346351203 196.4803
1522 37.12 -4.391663346351205 196.4803
1523 35.56646002697216 -16.92453997302784 196.4803
1524 16.92453997302784 -35.56646002697216 196.4803
1525 26.24549999999999 -26.24550000000001 196.4803
1526 32.45941729058887 -20.03158270941113 196.4803
1527 20.03158270941111 -32.45941729058888 196.4803
1528 23.13853603945879 -29.35246396054121 196.4803
1529 29.35246396054119 -23.13853603945881 196.4803
1530 13.20565955814186 37.12 196.4803
1531 4.544340441858145 37.12 196.4803
1532 8.875 37.12 196.4803
1533 16.92453997302784 35.56646002697216 196.4803
1534 35.56646002697216 16.92453997302784 196.4803
1535 26.24550000000001 26.24549999999999 196.4803
1536 20.03158270941113 32.45941729058887 196.4803
1537 32.45941729058888 20.03158270941111 196.4803
1538 29.35246396054121 23.13853603945879 196.4803
1539 23.13853603945881 29.35246396054119 196.4803
1540 32.45405553634603 15.79494446365397 196.4803
1541 15.79494446365396 32.45405553634604 196.4803
1542 25.79041075429885 22.45858924570115 196.4803
1543 22.45858924534634 25.79041075465366 196.4803
1544 19.1267837091777 29.12221629082229 196.4803
1545 29.12221629082229 19.12678370917771 196.4803
1546 5.372338334731817 34.12 196.4803
1547 12.37766166526818 34.12 196.4803
1548 8.875 34.12 196.4803
1549 -5.938499999999999 31.12 196.4803
1550 -10.5735 31.12 196.4803
1551 -2.120999999657097 32.6200000003429 196.4803
1552 0.879000000342901 35.6200000003429 196.4803
1553 2.120999999657099 32.6199999996571 196.4803
1554 -0.879000000342901 29.6199999996571 196.4803
1555 -9.3315 28.12 196.4803
1556 -4.6965 28.12 196.4803
1557 -26.47286123395369 13.29613876604631 196.4803
1558 -13.2961387660463 26.4728612339537 196.4803
1559 -23.17864497357024 16.59035502642976 196.4803
1560 -16.59035502642973 23.17864497357027 196.4803
1561 -19.88449999999998 19.88450000000002 196.4803
1562 -28.12 9.319145127041923 196.4803
1563 -28.12 -9.319145127041928 196.4803
1564 -28.12 4.659522055413017 196.4803
1565 -28.12 -4.659522055413017 196.4803
1566 -28.12 0 196.4803
1567 -31.12 -10.74246451549923 196.4803
1568 -31.12 10.74246451549923 196.4803
1569 -31.12 2.148490754074162 196.4803
1570 -31.12 -2.148490754074162 196.4803
1571 -31.12 -6.445455269573396 196.4803
1572 -31.12 6.445455269573395 196.4803
1573 -29.6008915770972 14.4101084229028 196.4803
1574 -14.41010842290277 29.60089157709723 196.4803
1575 -20.48642320471378 23.52457679528622 196.4803
1576 -23.52457679528621 20.48642320471379 196.4803
1577 -17.44828162761655 26.56271837238345 196.4803
1578 -26.56271837238341 17.44828162761659 196.4803
1579 -3.398505705323327 -31.12 196.4803
1580 -10.99249429535573 -31.12 196.4803
1581 -7.195500000679053 -31.12 196.4803
1582 -14.4101084229028 -29.6008915770972 196.4803
1583 -29.60089157709723 -14.41010842290277 196.4803
1584 -23.52457679528622 -20.48642320471378 196.4803
1585 -20.48642320471379 -23.52457679528621 196.4803
1586 -26.56271837238345 -17.44828162761655 196.4803
1587 -17.44828162761659 -26.56271837238341 196.4803
1588 -13.29613876604631 -26.47286123395369 196.4803
1589 -26.4728612339537 -13.2961387660463 196.4803
1590 -16.59035502642976 -23.17864497357024 196.4803
1591 -23.17864497357027 -16.59035502642973 196.4803
1592 -19.88450000000002 -19.88449999999998 196.4803
1593 -9.957495369489578 -28.12 196.4803
1594 -3.191504629624663 -28.12 196.4803
1595 -6.574499999114241 -28.12 196.4803
1596 -1.5 -29.62 196.4803
1597 1.5 -29.62 196.4803
1598 3.191504630510424 -28.12 196.4803
1599 9.957495370375337 -28.12 196.4803
1600 6.574500000885762 -28.12 196.4803
1601 10.99249429467667 -31.12 196.4803
1602 3.398505704644274 -31.12 196.4803
1603 7.195499999320946 -31.12 196.4803
1604 3.295005167577354 -29.62 197.9802999999999
1605 6.712500000144814 29.62 197.9802999999999
1606 26.47286123395369 -13.29613876604631 196.4803
1607 13.2961387660463 -26.4728612339537 196.4803
1608 23.17864497357024 -16.59035502642976 196.4803
1609 16.59035502642973 -23.17864497357027 196.4803
1610 19.88449999999998 -19.88450000000002 196.4803
1611 29.6008915770972 -14.4101084229028 196.4803
1612 14.41010842290277 -29.60089157709723 196.4803
1613 20.48642320471378 -23.52457679528622 196.4803
1614 23.52457679528621 -20.48642320471379 196.4803
1615 17.44828162761655 -26.56271837238345 196.4803
1616 26.56271837238341 -17.44828162761659 196.4803
1617 28.12 -9.319145127041923 196.4803
1618 28.12 9.319145127041928 196.4803
1619 28.12 -4.659522055413019 196.4803
1620 28.12 4.659522055413021 196.4803
1621 28.12 0 196.4803
1622 31.12 10.74246451549923 196.4803
1623 31.12 -10.74246451549923 196.4803
1624 31.12 2.148490754074162 196.4803
1625 31.12 -2.148490754074162 196.4803
1626 31.12 6.445455269573396 196.4803
1627 31.12 -6.445455269573395 196.4803
1628 6.867750000289631 31.12 196.4803
1629 10.88325000028963 31.12 196.4803
1630 14.4101084229028 29.6008915770972 196.4803
1631 29.60089157709723 14.41010842290277 196.4803
1632 23.52457679528622 20.48642320471378 196.4803
1633 20.48642320471379 23.52457679528621 196.4803
1634 26.56271837238345 17.44828162761655 196.4803
1635 17.44828162761659 26.56271837238341 196.4803
1636 13.29613876604631 26.47286123395369 196.4803
1637 26.4728612339537 13.2961387660463 196.4803
1638 16.59035502642976 23.17864497357024 196.4803
1639 23.17864497357027 16.59035502642973 196.4803
1640 19.88450000000002 19.88449999999998 196.4803
1641 9.951750000000001 28.12 196.4803
1642 6.55725 28.12 196.4803
1643 4.86 29.62 196.4803
1644 -139.24 -5.545770312479817 303.7136209498278
1645 -139.24 67.03249376367893 270.8718734529156
1646 -139.24 -67.03249376367916 270.8718734529153
1647 -139.24 43.97000541673324 343.0802230220657
1648 -139.24 -59.43996965404716 333.1228555662076
1649 -139.24 -0.9396159697073472 248.9527406383193
1650 -139.24 110.079323906066 233.2136333333332
1651 -139.24 -110.0793239060664 233.2136333333333
1652 -139.24 -18.11348928357474 355.9128838562167
1653 -139.24 97.70405036591097 358.4286098273319
1654 -139.24 -98.85618403996588 357.4412006668614
1655 -139.24 97.09275338359717 312.873973068168
1656 -139.24 -97.47188052458348 310.9172544714245
1657 -5.545770312479817 139.24 303.7136209498278
1658 67.03249376367893 139.24 270.8718734529156
1659 -67.03249376367916 139.24 270.8718734529153
1660 43.97000541673324 139.24 343.0802230220657
1661 -59.43996965404716 139.24 333.1228555662076
1662 -0.9396159697073472 139.24 248.9527406383193
1663 110.079323906066 139.24 233.2136333333332
1664 -110.0793239060664 139.24 233.2136333333333
1665 -18.11348928357474 139.24 355.9128838562167
1666 97.70405036591097 139.24 358.4286098273319
1667 -98.85618403996588 139.24 357.4412006668614
1668 97.09275338359717 139.24 312.873973068168
1669 -97.47188052458348 139.24 310.9172544714245
1670 139.24 5.545770312479817 303.7136209498278
1671 139.24 -67.03249376367893 270.8718734529156
1672 139.24 67.03249376367916 270.8718734529153
1673 139.24 -43.97000541673324 343.0802230220657
1674 139.24 59.43996965404716 333.1228555662076
1675 139.24 0.9396159697073472 248.9527406383193
1676 139.24 -110.079323906066 233.2136333333333
1677 139.24 110.0793239060664 233.2136333333333
1678 139.24 18.11348928357474 355.9128838562167
1679 139.24 -97.70405036591097 358.4286098273319
1680 139.24 98.85618403996588 357.4412006668614
1681 139.24 -97.09275338359717 312.873973068168
1682 139.24 97.47188052458348 310.9172544714245
1683 5.545770312479817 -139.24 303.7136209498278
1684 -67.03249376367893 -139.24 270.8718734529156
1685 67.03249376367916 -139.24 270.8718734529153
1686 -43.97000541673324 -139.24 343.0802230220657
1687 59.43996965404716 -139.24 333.1228555662076
1688 0.9396159697073472 -139.24 248.9527406383193
1689 -110.079323906066 -139.24 233.2136333333332
1690 110.0793239060664 -139.24 233.2136333333333
1691 18.11348928357474 -139.24 355.9128838562167
1692 -97.70405036591097 -139.24 358.4286098273319
1693 98.85618403996588 -139.24 357.4412006668614
1694 -97.09275338359717 -139.24 312.873973068168
1695 97.47188052458348 -139.24 310.9172544714245
1696 -0.3373400589435068 -0.9802864003061537 199.8803
1697 -58.28735626557865 -60.92855004106477 199.8803
1698 15.67758491586799 -69.70633114830656 199.8803
1699 68.27188658748686 -23.37856583146978 199.8803
1700 59.4164727925915 57.35327320186463 199.8803
1701 69.0190282555546 -85.15084962076719 199.8803
1702 39.74003545972442 -53.98721928548021 199.8803
1703 -6.286119453447757 66.45251536654168 199.8803
1704 -63.90940767193635 26.2474579514841 199.8803
1705 -65.4786203846878 84.38770127164641 199.8803
1706 -41.12410764811619 58.60486891041137 199.8803
1707 -20.24581245791012 -39.72672433874487 199.8803
1708 -57.96688162219637 -14.51058399784754 199.8803
1709 -25.69358400365498 -75.943908068308 199.8803
1710 15.99409825426387 -37.26931883772386 199.8803
1711 -2.9154140311703 -52.13371842416625 199.8803
1712 -2.360745329945255 -32.35546965360886 199.8803
1713 37.59925972025965 -6.98028349013271 199.8803
1714 71.70516162720438 19.47369430762221 199.8803
1715 38.63779069654803 34.05500420609803 199.8803
1716 23.79121230475484 58.38923971446852 199.8803
1717 38.84018436916591 -34.21957286624268 199.8803
1718 24.15888186033498 -19.20170457493044 199.8803
1719 5.84410324768135 -19.10916637580171 199.8803
1720 14.98049832926208 -54.93353629729504 199.8803
1721 52.8273896753433 11.31783477938066 199.8803
1722 -17.07314893650373 -12.49142919837494 199.8803
1723 -38.72561776030965 11.63567104529952 199.8803
1724 -12.9674007078489 37.71827552440377 199.8803
1725 16.06861048977189 36.98465124606093 199.8803
1726 22.85730264584767 11.98764638222314 199.8803
1727 19.78715844626491 -3.01745192187337 199.8803
1728 -0.981782967264914 50.50182655936948 199.8803
1729 -37.61950333836348 37.13592761390771 199.8803
1730 -22.50184555019229 22.57806700335125 199.8803
1731 -22.42555173164666 1.336914956744419 199.8803
1732 -37.02594019915297 -8.10849305558907 199.8803
1733 -34.21156241105894 -25.38601278903647 199.8803
1734 -13.75197964543148 -27.90030544615274 199.8803
1735 -39.08839301262291 -46.68051162354438 199.8803
1736 98.60792907237952 -55.36559118923743 199.8803
1737 -105.4313264653922 53.65361701612603 199.8803
1738 -49.68813238488907 0.09845642112979794 199.8803
1739 -77.52089348862074 -3.719138831651584 199.8803
1740 -86.3064947775338 -35.52587760882279 199.8803
1741 -102.9516498259058 23.17028167483643 199.8803
1742 -18.65460025076906 -58.16721730760023 199.8803
1743 -3.139432478211607 -109.2515380412411 199.8803
1744 33.88596401748163 -102.885432296257 199.8803
1745 25.21932656301202 26.69684029341954 199.8803
1746 13.66604036283201 23.86248391483716 199.8803
1747 -5.880493213233184 19.49280202067967 199.8803
1748 0.5606499611179672 33.93002944301381 199.8803
1749 -5.427732200395864 -17.61885072291964 199.8803
1750 103.9324732160603 52.2111340357614 199.8803
1751 96.24571289254654 106.2310187118168 199.8803
1752 41.67268303721916 99.52317707265593 199.8803
1753 14.60659202836783 88.87136690497289 199.8803
1754 -59.94093148050227 -101.8031588309649 199.8803
1755 -32.25856239934063 1.529752487525599 199.8803
1756 -26.2536185748099 -7.142402492014917 199.8803
1757 30.17770907956697 44.23832195956708 199.8803
1758 37.29069943612893 9.374488497334045 199.8803
1759 32.7372992680803 19.25726071166703 199.8803
1760 4.682481640648119 -43.63748108712662 199.8803
1761 105.4459151983774 -9.633079990381693 199.8803
1762 -99.4781153645053 -76.08351947485386 199.8803
1763 -36.56226326525805 80.59664656072427 199.8803
1764 -12.10813774710241 105.3985773828826 199.8803
1765 58.53676094147348 -10.01498818484537 199.8803
1766 7.084865321927838 28.91363408503696 199.8803
1767 -30.63812899611361 -16.04649572764186 199.8803
1768 -42.67136065372088 -18.91228067074776 199.8803
1769 104.7652418783661 21.37714864658249 199.8803
1770 39.2353897014108 -21.15223870759424 199.8803
1771 29.56396661664622 -11.64415600388846 199.8803
1772 -29.25052941311553 -105.8418508586661 199.8803
1773 27.94138820088037 -31.9804114528272 199.8803
1774 -25.94497791290969 10.8603173251231 199.8803
1775 -33.14574883814683 19.58976592269445 199.8803
1776 -46.73146335137407 26.45540640462962 199.8803
1777 -16.82461067458007 13.07808163915938 199.8803
1778 -73.32317106349177 55.35785881380262 199.8803
1779 -102.4309784174171 101.5172526677016 199.8803
1780 -12.57301975770029 25.55209856622159 199.8803
1781 -22.51183358129917 30.32067532781011 199.8803
1782 -27.78680314648379 46.88151877557937 199.8803
1783 19.13330788669045 -26.21614585184749 199.8803
1784 -10.10973749070928 -44.37074429029065 199.8803
1785 27.16926654364235 3.702701608765374 199.8803
1786 73.16845900861982 -56.85087543425193 199.8803
1787 4.765679428048687 -30.04386787475269 199.8803
1788 -7.496492255950558 30.60981359552936 199.8803
1789 -5.592565664606123 40.46877403457773 199.8803
1790 61.96018007328115 81.403080265304 199.8803
1791 94.2699657685485 77.89767667780156 199.8803
1792 69.18410077951216 106.5023249704668 199.8803
1793 106.2565975283458 -101.0063203127834 199.8803
1794 -14.81685416982059 48.57614482071398 199.8803
1795 -26.47413957392883 -25.17305302470466 199.8803
1796 -91.08274699634057 75.34099835277313 199.8803
1797 -53.19772552831832 116.6431752246111 199.8803
1798 88.41117185393742 -72.5746238645574 199.8803
1799 36.58453452333108 1.937480201177062 199.8803
1800 -75.49742778181231 106.9382324606426 199.8803
1801 80.28694646555101 -5.421314403309024 199.8803
1802 76.12634480021336 42.13673962154525 199.8803
1803 94.44918037483424 -34.88153434623361 199.8803
1804 55.32168369715919 32.53754020733644 199.8803
1805 31.057388061961 -24.42927290552712 199.8803
1806 -3.830396636338692 -88.47022231330213 199.8803
1807 13.60949906378681 -90.36529304902494 199.8803
1808 33.44488426068256 -75.73159084938288 199.8803
1809 -112.7927325247918 -2.206834986770403 199.8803
1810 18.67252998570783 29.09891376776352 199.8803
1811 -72.46963821776717 -77.68002089183184 199.8803
1812 -85.14113017716976 -107.3495250475808 199.8803
1813 -53.43267682115782 -78.75276402773393 199.8803
1814 42.6989258922286 74.26369507432541 199.8803
1815 -82.21258405096053 -58.47798618617883 199.8803
1816 -109.0795390094511 -50.64005261927375 199.8803
1817 28.87530451315789 10.11627675287991 199.8803
1818 -30.72774228305128 -33.43688826027861 199.8803
1819 7.87764706143447 36.37448499999734 199.8803
1820 10.40197093352835 46.77982174235183 199.8803
1821 24.18414507115213 -43.26983731853802 199.8803
1822 21.75171727144917 20.83911720012851 199.8803
1823 41.26487056749123 18.84414063694307 199.8803
1824 -5.287663744699559 -64.67603281623342 199.8803
1825 28.78505845563221 -4.54801626095656 199.8803
1826 59.24632292833302 -111.4771547700364 199.8803
1827 12.96375743776821 -11.0797910380946 199.8803
1828 -10.07157034422681 -34.95873130582765 199.8803
1829 -63.51563069401541 -38.30739483996778 199.8803
1830 2.146486152130248 41.47655426443606 199.8803
1831 13.22276113869164 -28.91797532404308 199.8803
1832 -0.9389100248634329 -25.13875406647414 199.8803
1833 -7.516111442434902 -26.56658031408146 199.8803
1834 -82.68737302481014 35.95979386765005 199.8803
1835 -75.57826671782504 -21.20487031564738 199.8803
1836 48.80723396608202 -86.7642121444311 199.8803
1837 -32.34233593462536 8.120970193285592 199.8803
1838 -40.27468514376025 5.16175040225863 199.8803
1839 -39.69779342536816 -2.526445376466175 199.8803
1840 -32.54158990039249 -4.843041061307564 199.8803
1841 48.68646338414221 -0.977942775858804 199.8803
1842 45.30282945393377 -12.68490953143919 199.8803
1843 10.52911099597813 72.72182927772366 199.8803
1844 3.868689538532276 118.9888700376151 199.8803
1845 -92.58143300675891 -13.96135629994721 199.8803
1846 24.10345880262626 76.73513096873435 199.8803
1847 80.77035367566071 -101.8897897136289 199.8803
1848 41.67396574380818 50.13951239394334 199.8803
1849 51.44945831253951 -23.60647742735659 199.8803
1850 32.08131672544642 -17.99557022577371 199.8803
1851 113.7867405570793 87.37108737417563 199.8803
1852 36.71790863028878 -14.03491041379845 199.8803
1853 24.86760791865084 -25.42018465292318 199.8803
1854 -45.16943384362555 -30.82339005209472 199.8803
1855 -109.4943445120046 77.85485495146385 199.8803
1856 16.02709287571499 16.30599866336877 199.8803
1857 6.530963139730968 17.2963794335631 199.8803
1858 15.32944113694857 7.54436646445585 199.8803
1859 -28.36983065154742 -2.279694027263115 199.8803
1860 -31.64380544222298 -10.53097403085851 199.8803
1861 43.86793429123026 5.790888549334463 199.8803
1862 -0.1728644471299424 25.93565728686944 199.8803
1863 -24.27810589845999 64.21692675632644 199.8803
1864 -113.328864212386 -99.17962326131858 199.8803
1865 20.20827657126216 106.2556938408916 199.8803
1866 17.89857872670089 -110.0526906480748 199.8803
1867 -29.32352542431555 28.8462842036214 199.8803
1868 -37.66536189971421 -14.08208008450566 199.8803
1869 -63.67424748513423 6.45268139697013 199.8803
1870 5.194854816962025 -61.45283906805529 199.8803
1871 -24.32014813589982 -18.3199294481916 199.8803
1872 77.37868000010579 -38.27560658821069 199.8803
1873 -19.2046284878171 -22.59393534603284 199.8803
1874 -12.54573110974658 -21.42737068950578 199.8803
1875 109.3819766283448 -71.27457272483291 199.8803
1876 -15.84293283919997 31.17518079969472 199.8803
1877 -1.330609679764071 86.60423115895787 199.8803
1878 -21.06263195790143 -30.25153109308534 199.8803
1879 26.12440951633477 34.44965020504723 199.8803
1880 -17.84091967860071 26.02296114451673 199.8803
1881 -55.26502045184495 44.44290697706984 199.8803
1882 -81.71244009745158 16.82754334176753 199.8803
1883 -93.61208743459332 4.081746939369057 199.8803
1884 -59.77493900717997 65.2077826534052 199.8803
1885 -33.2750544651208 103.7159259042106 199.8803
1886 58.31437417608892 -41.69043183952003 199.8803
1887 -26.58837757017624 17.06227390644598 199.8803
1888 56.31758226435757 -67.23248382866483 199.8803
1889 -35.01366260104347 -19.06500602705865 199.8803
1890 -32.53940290760969 13.97416844726595 199.8803
1891 -3.015883358741596 -40.70512349746136 199.8803
1892 12.67393864433481 31.04683360273918 199.8803
1893 20.75761558347197 -32.56318952090501 199.8803
1894 28.1913787871514 21.78557948478719 199.8803
1895 87.52668977794421 9.631363643580919 199.8803
1896 20.66117004792067 44.15820497599355 199.8803
1897 -19.04132133333696 84.78972635030949 199.8803
1898 -82.21257649837541 90.61699009262395 199.8803
1899 28.89145279180191 89.42952387218126 199.8803
1900 16.65946118253088 -19.98532322667964 199.8803
1901 22.38970796091264 -11.88102419003309 199.8803
1902 25.48132014141329 -59.60788334927129 199.8803
1903 87.66820196813646 27.60380795263256 199.8803
1904 -108.0000398637071 -25.86140102474465 199.8803
1905 -29.8818990446097 -20.8981608633615 199.8803
1906 -39.21156889999389 -66.59897566432917 199.8803
1907 33.03902338926216 13.50369729101375 199.8803
1908 -15.97148929926976 -32.67828014259833 199.8803
1909 -48.93566895802866 12.11209764277745 199.8803
1910 32.69898198852702 7.191031382788711 199.8803
1911 -50.88240030749977 95.40240286884188 199.8803
1912 12.63822474245552 -44.56877968654227 199.8803
1913 -19.55889052246406 -91.10789120737135 199.8803
1914 -37.28483504280205 -86.87718554470608 199.8803
1915 -40.0631356078617 18.65942591427602 199.8803
1916 -36.32619719868263 25.41037467604414 199.8803
1917 71.72906034561734 -70.45220818706034 199.8803
1918 -73.60408502136244 73.04541657492082 199.8803
1919 5.237358422743293 101.4812251579246 199.8803
1920 2.611467270809281 -36.7203106352656 199.8803
1921 114.3941668789893 -46.50771827862106 199.8803
1922 -27.82564855265099 36.09730735747659 199.8803
1923 -20.72125912849367 38.06621446927628 199.8803
1924 78.71407550012837 63.64098802405425 199.8803
1925 66.10968311338372 3.750987738187497 199.8803
1926 -45.91707164702133 -9.668756014270297 199.8803
1927 -15.77496666461186 20.48878402550598 199.8803
1928 8.985785412486184 -36.85962224090902 199.8803
1929 8.289965457690395 59.2783128976039 199.8803
1930 83.66507840326241 -21.26262301822086 199.8803
1931 6.907526315047083 -51.35412089670984 199.8803
1932 -68.79624305302079 40.50200440250165 199.8803
1933 80.07480700280335 87.1350177298887 199.8803
1934 27.81482108139951 16.2190642322929 199.8803
1935 1.806597117464872 -75.91329482562067 199.8803
1936 86.40308406197535 -51.58964628449822 199.8803
1937 -29.5771389163027 22.69735314243145 199.8803
1938 -50.77258993901459 76.85002857424581 199.8803
1939 -26.07108773349644 -13.1860129980193 199.8803
1940 -11.86975634007691 -75.71309442307262 199.8803
1941 -86.37607720365861 -89.17531809803998 199.8803
1942 33.433729751816 25.91561498642796 199.8803
1943 -4.123685520036295e-15 0 399.8803
1944 -60.13237095273443 -60.13237095273444 399.8803
1945 -60.13237095273444 60.13237095273442 399.8803
1946 60.13237095273442 60.13237095273444 399.8803
1947 60.13237095273444 -60.13237095273442 399.8803
1948 -77.90809523809526 -2.470452804846141e-14 399.8803
1949 -2.470452804846141e-14 77.90809523809526 399.8803
1950 77.90809523809526 2.470452804846141e-14 399.8803
1951 2.385393470051766e-14 -77.90809523809526 399.8803
1952 -96.16486012772461 -96.16486012772455 399.8803
1953 -96.16486012772455 96.16486012772461 399.8803
1954 96.16486012772461 96.16486012772455 399.8803
1955 96.16486012772455 -96.16486012772461 399.8803
1956 0.08898184387990829 0.8339514597273207 199.4803
1957 -55.04314253503271 -59.46542207166783 199.4803
1958 -73.12887126835766 11.22546832933891 199.4803
1959 -25.66868831015776 67.29919932314807 199.4803
1960 53.40211216128871 60.36965289256588 199.4803
1961 63.3270735439022 -10.54054747040045 199.4803
1962 32.41619496324295 -63.75294986409899 199.4803
1963 -84.59737489276 69.20141358100662 199.4803
1964 84.39342548720927 -65.34937841176318 199.4803
1965 53.07312300694085 -40.51525139019653 199.4803
1966 -53.58810391083885 42.34763597687594 199.4803
1967 -14.49150465450994 -44.4096834048414 199.4803
1968 -41.91609774902259 -21.23315704601769 199.4803
1969 -90.07422871709817 -27.94520491140543 199.4803
1970 14.30914387446426 45.64655701544806 199.4803
1971 46.07690970527108 21.45648198635512 199.4803
1972 91.62888918099006 30.09353206933604 199.4803
1973 -20.72811109477952 29.32791965138013 199.4803
1974 -40.95485684527232 7.230392085928632 199.4803
1975 -9.990492800768342 49.45229550964137 199.4803
1976 18.05696046098363 95.41733870018844 199.4803
1977 21.20037821376602 -31.42007838823573 199.4803
1978 40.86761092936062 -10.11389135272211 199.4803
1979 8.124723020684264 -50.59878810071613 199.4803
1980 -16.38683997636207 -91.47902034318419 199.4803
1981 2.154159306257454 -35.04645811781175 199.4803
1982 -19.44877411066675 -16.78952597619825 199.4803
1983 -31.81071202389647 -34.40046943120927 199.4803
1984 -35.47994358383889 -7.644914678832693 199.4803
1985 -12.17956800926485 -29.24018254342452 199.4803
1986 -50.62387439275919 -4.640885085408453 199.4803
1987 -9.908453868801825 -68.7204907470894 199.4803
1988 -1.345662039086545 34.43529318897796 199.4803
1989 19.2881074256942 15.73271143031441 199.4803
1990 11.8024272910648 29.14398954661689 199.4803
1991 32.36224402880879 32.15427024587159 199.4803
1992 37.43354612266884 8.03001522035434 199.4803
1993 55.47221423987188 7.156777465043222 199.4803
1994 32.01841528462828 69.32049780411235 199.4803
1995 50.15198511918601 93.97162200094309 199.4803
1996 14.46830769716287 -88.40393892401062 199.4803
1997 -36.84550331785435 -59.90757109926035 199.4803
1998 -55.47366395637048 110.708595272867 199.4803
1999 -16.96007928385064 103.4757307634347 199.4803
2000 61.3204483397727 -106.1158524746459 199.4803
2001 40.07817551456513 -29.97440928760971 199.4803
2002 28.75908888189317 -19.92252580731899 199.4803
2003 23.55766718948341 -3.038222315383497 199.4803
2004 24.10042981142771 8.495206523655723 199.4803
2005 -30.99939668411461 -19.01420943855475 199.4803
2006 32.01266329237195 -47.23187097430454 199.4803
2007 -40.1225860232807 30.79705827985846 199.4803
2008 -29.88408730459921 20.40371851407816 199.4803
2009 -22.2239512448706 3.514766160164199 199.4803
2010 -12.09514170048445 15.64430373566218 199.4803
2011 3.055426877826453 14.90886905116156 199.4803
2012 -23.60747781979943 -9.296400638109596 199.4803
2013 -32.70522416679396 48.01145156259044 199.4803
2014 12.3574798795266 -41.59495388549994 199.4803
2015 104.0157320649622 85.68541102138744 199.4803
2016 32.41814761254968 20.48354919786504 199.4803
2017 -46.58583594160297 -88.99978125202458 199.4803
2018 -94.05273800654437 -88.22237938227637 199.4803
2019 -89.2318209700974 -58.27069200120441 199.4803
2020 10.40380191512814 -30.3200324482627 199.4803
2021 11.66097728104485 -13.4310608114242 199.4803
2022 -2.802661731965036 -13.86141767336175 199.4803
2023 85.74642794625157 59.61746662565836 199.4803
2024 1.207910336750215 75.93348390457804 199.4803
2025 81.81436225550101 -37.85251603465483 199.4803
2026 -84.34135976812718 37.87544223127745 199.4803
2027 68.80309155412536 22.17878776328871 199.4803
2028 92.45395797643033 -3.293650982706619 199.4803
2029 -65.44150885848586 -20.59231615733865 199.4803
2030 -10.00748015390909 26.53339246929444 199.4803
2031 -12.37979560120488 39.17043380927491 199.4803
2032 -112.3300803744898 4.470325847430723 199.4803
2033 34.61475315868385 -1.14026898513953 199.4803
2034 -34.88548942177566 1.622711536415547 199.4803
2035 50.30677303141799 -19.17678618223201 199.4803
2036 60.36277807714266 -74.57134063989847 199.4803
2037 101.5785946628646 -102.4755585296914 199.4803
2038 -54.72843148112642 74.76877259936195 199.4803
2039 7.877686692955296 -72.65069611765367 199.4803
2040 36.81753847403818 -93.97934330084436 199.4803
2041 30.23621803582359 -9.06313819930358 199.4803
2042 24.22535942249469 -14.69975306601194 199.4803
2043 19.33846377185374 -21.32435341340257 199.4803
2044 37.71382667320009 -18.20892884930616 199.4803
2045 25.83331314125855 -25.92158407609073 199.4803
2046 -31.24124089475382 10.41524273287955 199.4803
2047 -22.08108369233844 13.83390532808892 199.4803
2048 -19.25451741311863 19.55194684668291 199.4803
2049 -38.75422587094834 18.13652252457606 199.4803
2050 -54.13857348904083 16.687890844878 199.4803
2051 -26.34507923058749 25.89190729268196 199.4803
2052 -2.460173924307234 -45.8949966295622 199.4803
2053 -23.86510718102492 -29.17909626028618 199.4803
2054 23.23764040842138 28.78011948604615 199.4803
2055 -94.07873440479969 109.4699425378935 199.4803
2056 -71.20386025511708 -79.88341416311708 199.4803
2057 7.224004819684011 40.49255212431608 199.4803
2058 -117.2211284524622 53.82274411302014 199.4803
2059 65.89012253337319 80.14371411482955 199.4803
2060 74.75356194855279 -91.0300153285617 199.4803
2061 -73.51527763187264 97.2680762033801 199.4803
2062 -6.912041154263535 -38.62281800866074 199.4803
2063 -7.000815809890451 -31.84734804574161 199.4803
2064 -29.0101661082728 -13.96352102043799 199.4803
2065 113.7916957788429 -48.21952902943919 199.4803
2066 106.345501249282 -19.92533305027341 199.4803
2067 12.40669185070796 61.69981051580562 199.4803
2068 106.8443662346123 -75.12811002261884 199.4803
2069 -108.4626836807145 81.75581374118897 199.4803
2070 -38.05675606433525 86.73021090713421 199.4803
2071 50.29100004904392 39.55480324040371 199.4803
2072 73.639289171719 46.23686295662431 199.4803
2073 -16.64403731733928 -24.32278175926564 199.4803
2074 30.07472574182683 49.75081489272419 199.4803
2075 -5.80601667188378 -114.3915742317673 199.4803
2076 5.325105656149186 32.5566611042324 199.4803
2077 -1.629329851772221 25.2405329476534 199.4803
2078 -47.66959293763405 -40.67446850221233 199.4803
2079 -21.68331620703812 -36.80072499272278 199.4803
2080 -28.8946208671855 -46.45656428683638 199.4803
2081 112.7639945519169 43.38235161688602 199.4803
2082 31.61076452082312 11.79851516737039 199.4803
2083 -24.47040578811474 -22.63417481383678 199.4803
2084 21.51788292723765 37.05482346299952 199.4803
2085 -73.73556521196093 -42.66577942315612 199.4803
2086 12.94664907697239 7.096375934693105 199.4803
2087 2.187761560454373 -22.74043884358285 199.4803
2088 -86.44792243131779 -4.853821671476914 199.4803
2089 16.44500017832802 23.99033626211126 199.4803
2090 15.4132888266552 -26.95760900036752 199.4803
2091 -71.82115579614717 -110.6401645697427 199.4803
2092 -34.90283962338827 -13.64694939255809 199.4803
2093 38.32761511679642 14.60637581961965 199.4803
2094 44.12799842853209 11.18189967284156 199.4803
2095 43.75075252872694 3.489493370762748 199.4803
2096 78.89665565410412 111.0165433769746 199.4803
2097 106.010055127879 110.4354133610871 199.4803
2098 -9.319747080210465 -55.50638589020801 199.4803
2099 24.27861889528942 21.76313367137212 199.4803
2100 27.9968657588427 25.87702584487924 199.4803
2101 -113.5233304864663 -44.38175832993271 199.4803
2102 -112.6746719156756 -69.86123663729214 199.4803
2103 2.20336525668789 48.9849598122258 199.4803
2104 -15.73391419541183 82.57451898430452 199.4803
2105 -20.1046887526774 44.01381344103883 199.4803
2106 -27.5388733094022 34.08083400366877 199.4803
2107 -108.3231124018744 -19.93607292465799 199.4803
2108 -89.29943055708412 17.85670380855903 199.4803
2109 -26.12262752579907 -75.83456800647419 199.4803
2110 -7.235347122586095 33.25666321378727 199.4803
2111 -40.50928194366372 -9.983813134719561 199.4803
2112 -39.62365436930969 -2.753159470780885 199.4803
2113 32.62292855798393 87.11620110445831 199.4803
2114 31.83491785244962 107.245296649963 199.4803
2115 -38.61250666267534 -111.375674132757 199.4803
2116 -13.91942971922595 31.80490335901816 199.4803
2117 -29.63870889389065 -3.41778607562685 199.4803
2118 29.24132236766936 -35.31648119086136 199.4803
2119 21.15564374058363 -39.68970902620276 199.4803
2120 1.132936578619746 92.50530535966925 199.4803
2121 7.190891358409723 113.2785798224685 199.4803
2122 83.15345841446961 -19.10056767426709 199.4803
2123 31.10112295056969 3.458213565013067 199.4803
2124 -109.2392060732141 30.33989646393644 199.4803
2125 -4.210370920771997 42.72464626250707 199.4803
2126 -1.528829744710874 -83.46615212543725 199.4803
2127 19.62816226367321 -108.3183519663331 199.4803
2128 79.64057968946979 -109.7153565832247 199.4803
2129 4.545668773089058 -41.28580613250507 199.4803
2130 8.22775929646234 -35.40293824073582 199.4803
2131 12.89024691447714 35.91203085547756 199.4803
2132 56.0164378089145 114.4545312170557 199.4803
2133 110.002431682542 9.210522551587392 199.4803
2134 1.20856194742966 -59.8783179414489 199.4803
2135 -18.93417969545799 35.67958085287616 199.4803
2136 8.841539315199915 -24.65297469908462 199.4803
2137 -13.32967151988601 -35.32624330841778 199.4803
2138 -16.23368355794554 24.48182191041055 199.4803
2139 17.36495605769106 -48.05949760639182 199.4803
2140 14.75706263247679 -34.51537211192323 199.4803
2141 -69.26599648845348 28.4615763509301 199.4803
2142 -76.06177309927406 112.6299912616761 199.4803
2143 13.81356729868843 -21.59149948106973 199.4803
2144 -34.3651012156155 110.038634235859 199.4803
2145 67.16649953846684 -58.25667397490824 199.4803
2146 -7.321402163524173 -24.10787859180946 199.4803
2147 -11.51222068443035 -17.27191127418863 199.4803
2148 -11.92006822921482 -6.451167978892682 199.4803
2149 66.94694190325193 -28.26453820080372 199.4803
2150 -64.93123679931927 59.85607246863718 199.4803
2151 -86.2557887352537 -74.11352607888419 199.4803
2152 42.6786847540989 -75.95382958803052 199.4803
2153 47.95165727204403 -60.0469860719062 199.4803
2154 44.78289598484564 -117.19837129125 199.4803
2155 -97.65180069948298 -114.2830008831111 199.4803
2156 -86.282958210248 86.68577402111619 199.4803
2157 -17.71078328434916 -31.0367028551157 199.4803
2158 103.4683611500464 65.33767983966918 199.4803
2159 -42.45947915730717 62.44748542592681 199.4803
2160 -33.25823872517972 -89.87070971941981 199.4803
2161 75.13659882071843 1.387336476562589 199.4803
2162 47.51776964615675 77.00229739493456 199.4803
2163 90.50564913559273 -82.11037737671207 199.4803
2164 -91.64123634640569 -43.31585866642467 199.4803
2165 17.16022980242015 30.91323666315791 199.4803
2166 33.50458168644593 -24.51003572972088 199.4803
2167 -1.123897288522157 -39.16948059810727 199.4803
2168 7.344504727336779 23.30752393152676 199.4803
2169 11.67689717102631 17.33052629770659 199.4803
2170 5.150062804706087 -29.65296121121463 199.4803
2171 34.787857477418 -5.895782121450638 199.4803
2172 0.9895477313403421 39.36470513505814 199.4803
2173 -97.23171873866826 54.26084936702485 199.4803
2174 -66.39944072000667 -2.005166407442675 199.4803
2175 31.67698651951739 -14.98562953618107 199.4803
2176 95.04535677484242 -51.14429062708739 199.4803
2177 -30.1761925134922 -9.492847770575752 199.4803
2178 -34.45810198068904 7.128565178104086 199.4803
2179 -33.83224426649256 24.84410545827404 199.4803
2180 17.75879892434976 -59.700785472036 199.4803
2181 -70.41147243889347 79.59062030973683 199.4803
2182 25.33620191764132 -75.74025721111235 199.4803
2183 -32.68299313425684 15.62445464896053 199.4803
2184 74.93594532957935 -74.01559219648387 199.4803
2185 24.34811427784669 -21.13334137906967 199.4803
2186 86.03976504751137 74.65850929331668 199.4803
2187 20.8236626352656 -26.11259611042362 199.4803
2188 -73.06759406458715 -64.28543046941084 199.4803
2189 55.18660231872104 -88.33007626639619 199.4803
2190 -30.69350275616779 -25.44518364645182 199.4803
2191 72.59925602069703 64.07117143103996 199.4803
2192 -78.93852691861005 -95.17969100997817 199.4803
2193 -62.99323089327847 -93.12245682286739 199.4803
2194 87.60499384296122 11.91530557561362 199.4803
2195 -0.9146445652656989 -29.75492491781009 199.4803
2196 -24.46525692028483 19.77123534162207 199.4803
2197 -42.19824201370855 -74.84051930576631 199.4803
2198 -57.04266053285387 -75.47326090897138 199.4803
2199 48.91906596435243 -5.291553151186593 199.4803
2200 26.28595198790055 15.71505980701663 199.4803
2201 -80.26418029628331 53.05935226953892 199.4803
2202 39.76915216779399 -2.632098868656883 199.4803
2203 -20.93040955239352 -58.47254390578495 199.4803
2204 16.08626374980547 79.98421002418561 199.4803
2205 79.68530104465988 -51.00088390029701 199.4803
2206 -21.39742126615559 24.02846540042553 199.4803
2207 93.00424728963638 47.77262667407756 199.4803
2208 96.03007489458759 -35.24844728314439 199.4803
2209 -7.852426299970277 62.90357463892512 199.4803
2210 84.51733721080009 93.0850807823129 199.4803
2211 67.02973431623806 97.86769152441741 199.4803
2212 34.83676118919958 -11.00423258989755 199.4803
2213 70.00686116727988 -42.4015604530714 199.4803
2214 -19.37004628710451 54.40697805899852 199.4803
2215 30.63309494849516 -3.123597386784045 199.4803
2216 -33.79693419060604 19.73334169509814 199.4803
2217 -35.50214470922106 11.82884881213673 199.4803
2218 -2.947099443386525 -34.99732410199659 199.4803
2219 -25.00336807972145 -17.16227071202616 199.4803
2220 0.5363425399707058 -96.69688405012633 199.4803
2221 -29.73164038334302 4.599887268797149 199.4803
2222 32.93772793781548 -19.26230202687492 199.4803
2223 -70.21921128254175 44.10298369974851 199.4803
2224 -27.8293526187127 14.9174684328617 199.4803
2225 -26.62145376680372 9.456253984558304 199.4803
2226 -34.90597405814928 -3.051629767928852 199.4803
2227 -58.43712031451965 89.81325505849601 199.4803
2228 36.78253824914241 2.491919886180846 199.4803
2229 -0.7685640095766844 -0.295123773174578 183.75
2230 60.55050714567758 -59.24651776746563 183.75
2231 68.74315681304222 11.50994446965667 183.75
2232 21.59195660692174 64.6713061884418 183.75
2233 -57.96152482843559 62.7070543559868 183.75
2234 82.89283381894236 67.55030659629534 183.75
2235 55.11642065478455 46.82758596649456 183.75
2236 -14.24425897323749 43.70906078179342 183.75
2237 -51.93436483045051 6.948299260554681 183.75
2238 42.47642186759234 -19.76266252338088 183.75
2239 -10.9270633391879 -68.58384739039485 183.75
2240 76.37162511395005 -27.19633686558046 183.75
2241 21.56883290877485 -50.82206406862767 183.75
2242 -76.5777072941095 -55.50815601822588 183.75
2243 -43.46113233358417 -35.18006111051341 183.75
2244 -43.61883918969311 -65.54993011095655 183.75
2245 55.41597739484117 -10.5823658306885 183.75
2246 24.20914875865873 30.1004322063987 183.75
2247 82.84230441965421 38.24130415799496 183.75
2248 41.12170045084835 11.4517194457676 183.75
2249 -69.67676743573568 -22.40610369667866 183.75
2250 54.06248750313959 74.14522237333924 183.75
2251 -16.42069496887835 92.02753847619429 183.75
2252 -2.672842557203378 67.99074655320803 183.75
2253 13.92971676810229 94.49598068916274 183.75
2254 35.55247539237567 87.3682709790385 183.75
2255 -28.90224329585014 67.55346021982774 183.75
2256 -54.16090823551237 97.6505144075405 183.75
2257 38.39512086808263 73.59656786083585 183.75
2258 46.7912993454847 83.58643577790284 183.75
2259 75.59878661279454 103.9991381086882 183.75
2260 49.85584217839656 112.5645196664478 183.75
2261 -35.78125430662126 88.24142638052467 183.75
2262 27.18848222632296 109.8365673736794 183.75
2263 -0.8778571746437633 84.85388590077235 183.75
2264 4.851290906497559 104.1335742302245 183.75
2265 -74.50439188922338 -97.73396396266639 183.75
2266 110.8203205530308 0.03265801555005407 183.75
2267 -5.047609397824083 -38.87303890258702 183.75
2268 86.37968720380914 -4.997602894133751 183.75
2269 92.38654814504768 16.79560193972451 183.75
2270 105.0591603065084 -21.38474018898443 183.75
2271 88.68284430158184 -53.45667494589087 183.75
2272 71.78717466928784 -42.41863376999283 183.75
2273 85.19329699171629 -36.20193688711294 183.75
2274 54.29681682665829 -28.47091390024529 183.75
2275 105.6091866206468 -41.17125859424888 183.75
2276 69.29577943052787 83.22203272858305 183.75
2277 12.76292819713815 51.5766613897441 183.75
2278 -57.58937580043471 -45.94304202735732 183.75
2279 22.41394220910499 81.36632315260613 183.75
2280 80.94980800407563 -95.62607904933839 183.75
2281 78.33850400944236 -75.04554516396162 183.75
2282 50.89919354809375 -90.55707837162973 183.75
2283 17.62378144232229 -84.5460925673968 183.75
2284 75.63827103036661 -58.7198753845917 183.75
2285 66.15727842687488 -86.93101694893424 183.75
2286 57.39252358036356 -114.934358944689 183.75
2287 85.86300952264827 -65.00952932533392 183.75
2288 114.8972130630657 -60.87231707694085 183.75
2289 93.64285062308279 -82.60072090780571 183.75
2290 35.76406467042288 -71.35300779147249 183.75
2291 34.62462516136654 -87.30399113459342 183.75
2292 34.50827483711583 -109.9950655403042 183.75
2293 92.49694717321545 87.91966172811649 183.75
2294 -13.797053818428 77.90051612065641 183.75
2295 77.06364043686281 24.19273143163763 183.75
2296 41.61112156386143 -79.63898894433014 183.75
2297 57.58341420101961 -79.14370309577441 183.75
2298 68.783412167337 66.85023490417487 183.75
2299 -97.78926977776797 81.08374558966223 183.75
2300 -69.21601979359787 80.90595155329339 183.75
2301 -81.09000648674203 105.6460118098293 183.75
2302 -83.32098008160835 55.55169018081054 183.75
2303 -99.46072641754185 13.30306584242663 183.75
2304 -70.13553066005203 29.21993754430158 183.75
2305 -93.17990574830823 34.61490154726593 183.75
2306 -52.78312874887005 78.62135316735538 183.75
2307 -78.28661566595106 40.84122501592348 183.75
2308 -39.70772644444394 34.55415000033681 183.75
2309 -75.43930976298233 0.7108288746811428 183.75
2310 -103.233609811951 -20.91638720002049 183.75
2311 -87.38112911882442 -38.14873229853653 183.75
2312 -80.40165146570482 15.38687388966574 183.75
2313 -83.85161515430349 -13.69542070414632 183.75
2314 -83.89178756711996 70.84585673277346 183.75
2315 -97.50644247182262 67.28332257207543 183.75
2316 -29.31766634969837 -51.15879348283979 183.75
2317 -24.70542079928216 84.1116054847997 183.75
2318 82.91655344683359 7.736273842855685 183.75
2319 -112.7896765508762 -59.9455229829422 183.75
2320 -90.48750113241198 -77.54047444205221 183.75
2321 -67.47689325376122 -76.35542681443567 183.75
2322 -50.27462230585115 -91.72683121952275 183.75
2323 -27.74919440066001 -81.67213273106883 183.75
2324 -4.040120242749928 -97.02144985660891 183.75
2325 -60.11683684583684 -61.31977880146228 183.75
2326 -77.78257791862256 -71.13134203156386 183.75
2327 1.856205794006056 -79.40761870139789 183.75
2328 -54.21326460518549 -78.97101406550269 183.75
2329 -108.4772367422643 -107.7244659111464 183.75
2330 -89.97249489568853 -0.0548192756161462 183.75
2331 -111.2525454381796 0.6664993085287946 183.75
2332 -15.24710592866389 60.65918461495737 183.75
2333 14.00633073490578 -106.7530748570715 183.75
2334 -78.53746229492072 -84.20310892433133 183.75
2335 -95.7339461776137 -94.58342519102231 183.75
2336 76.23589352363099 52.93291436429908 183.75
2337 93.82104618871008 54.23496148914568 183.75
2338 108.3922895138328 35.42272951495863 183.75
2339 101.3466760556549 67.70461816641844 183.75
2340 118.566158277787 52.83152457447973 183.75
2341 79.78970815823141 -50.09978483208685 183.75
2342 97.43818497985795 4.073124835853795 183.75
2343 -106.9432131814992 -39.41067396697512 183.75
2344 -15.26686688796562 -84.03865030743127 183.75
2345 -21.28218881371396 -100.0980315382693 183.75
2346 -8.237828239882781 -116.3546179350672 183.75
2347 18.45445291364519 -32.43017415006676 183.75
2348 111.807789316747 -111.2772078581152 183.75
2349 -103.2392227587913 48.72063981822011 183.75
2350 -110.9052695913783 -83.18055692227665 183.75
2351 26.75046566587751 -77.62987236241081 183.75
2352 13.1446144767476 -70.27300730675282 183.75
2353 1.320940043530904 -55.84068499652595 183.75
2354 23.79297997965837 -66.23334717197103 183.75
2355 76.64164448747283 -35.12257947472741 183.75
2356 -71.13971299200172 -11.30576524886693 183.75
2357 -50.58035043603162 -14.6054091963384 183.75
2358 -81.94532970148498 -23.96574469416889 183.75
2359 -63.43267454027112 44.09516850725449 183.75
2360 45.03555657916988 58.07306610962112 183.75
2361 -95.80567490330793 -52.15870088724785 183.75
2362 -84.99317575851919 -47.19225337497326 183.75
2363 -93.42790248065822 -64.00720884881166 183.75
2364 59.88778173898372 87.19608192180846 183.75
2365 -40.29236059948661 74.32544930218945 183.75
2366 -63.67615920680713 -89.31324057491318 183.75
2367 -64.42619588321266 -107.2583130321025 183.75
2368 -40.40841625027861 -114.498929960728 183.75
2369 73.58755736309229 -1.189116490688307 183.75
2370 76.2517215505177 -13.28069516443771 183.75
2371 87.20074460575505 -20.02864894940763 183.75
2372 26.39395702468087 95.51362984759788 183.75
2373 65.01830938988222 -75.44525693605134 183.75
2374 68.3533174566407 -66.66140347178785 183.75
2375 -35.73054499137579 -97.45916868862389 183.75
2376 -84.15088036563525 27.49131533072918 183.75
2377 85.3325496405747 -27.17266314126854 183.75
2378 9.974079669360176 76.73889180975706 183.75
2379 -26.88410409820443 95.55906446481313 183.75
2380 -18.54257757740679 109.7343908943048 183.75
2381 -38.97057283883358 103.6803610882422 183.75
2382 -41.12396057116106 -82.17502809805819 183.75
2383 78.45621345360863 -85.2651991355326 183.75
2384 62.57255880303306 30.1099294776402 183.75
2385 47.58525084621935 -68.58061971985921 183.75
2386 40.6962748730628 -56.7513205979518 183.75
2387 -83.54823908137691 5.439036034700437 183.75
2388 68.4060138895798 39.80496284306052 183.75
2389 7.262986414399931 -92.81628649706514 183.75
2390 101.4055401734818 114.0718507840075 183.75
2391 89.74308080785644 27.27671410433892 183.75
2392 -44.52287984286679 82.99376451116547 183.75
2393 -70.58024342172311 62.8797079173987 183.75
2394 -75.41932364515803 51.51906843209134 183.75
2395 -106.8422665651436 104.3461221794881 183.75
2396 -73.77961661629539 -37.82790508670713 183.75
2397 31.24135928367792 79.59361852959769 183.75
2398 -82.85140960796062 84.16032272989284 183.75
2399 8.549959460283171 -41.90899392157898 183.75
2400 -22.51745950471074 -74.2040860557959 183.75
2401 -31.28494345982667 -70.24084795801674 183.75
2402 -43.10706318645938 61.25671967175791 183.75
2403 87.58138920779786 -73.8769095557023 183.75
2404 -82.60918107595012 -4.689879731730237 183.75
2405 84.30132245702822 77.61035132337599 183.75
2406 58.73686916425249 -87.51939500959809 183.75
2407 -17.74019223810994 -15.30784098011867 183.75
2408 2.262708543545218 -65.51203380218004 183.75
2409 -30.21520614797095 48.94571444801229 183.75
2410 111.4327649633233 19.71963368741169 183.75
2411 -85.17021785130396 -55.42245291277994 183.75
2412 -60.54648347100766 89.79836596814636 183.75
2413 -75.20336978821813 94.26485814871714 183.75
2414 -75.67379798854687 -47.01239573763631 183.75
2415 -26.1362511821944 10.66750844964682 183.75
2416 84.66730817613914 48.45420564044018 183.75
2417 -70.79685364030949 -84.33219348300352 183.75
2418 31.43613486365455 48.0636003386882 183.75
2419 80.47242228070075 -20.16288043625814 183.75
2420 7.663548838636719 85.36487381020487 183.75
2421 84.41879289099808 58.00416106123468 183.75
2422 -31.99864179468684 78.33416262043222 183.75
2423 -65.75377426561042 12.57103981970452 183.75
2424 -2.064140280618663 22.40623515250074 183.75
2425 -20.01119277115023 27.73420820282332 183.75
2426 60.9194507132732 78.69641778841532 183.75
2427 83.08740050341153 -58.25084713856359 183.75
2428 -65.5483226102734 -2.612706382544157 183.75
2429 25.20272946728434 -98.4205013760396 183.75
2430 -9.611669410578923 84.53807713451769 183.75
2431 10.48398323048673 -61.23282324437902 183.75
2432 -89.36051324968092 -88.46849955883795 183.75
2433 66.09491623216071 -19.23319111180371 183.75
2434 20.90438881162967 -2.834900148811174 183.75
2435 15.96717686014261 15.02954192273422 183.75
2436 -5.78160452110083 -61.40080880450022 183.75
2437 -10.49931265902723 -51.13436040122529 183.75
2438 99.15480835124089 -10.13658738947739 183.75
2439 -94.2855851308351 -42.23769424566447 183.75
2440 -61.597228356762 78.11364677799739 183.75
2441 -67.2597994638367 71.82760990631193 183.75
2442 64.60175142928307 2.220120916144872 183.75
2443 -61.91479309162997 -81.40277931162322 183.75
2444 -80.41357293921087 63.32407186467089 183.75
2445 -80.48983526758582 -40.6858052877532 183.75
2446 46.5462132602249 77.02338934781129 183.75
2447 -35.24962326562157 -5.471210270744767 183.75
2448 -101.8744967663165 -72.31918010249748 183.75
2449 34.14829509385781 -79.28389795231196 183.75
2450 -1.611601052769082 54.40017266022797 183.75
2451 -66.56936773201107 -52.54094009691498 183.75
2452 -93.73371047961129 95.49474056681726 183.75
2453 78.72833816470295 -6.567103899908517 183.75
2454 -88.15710759986879 64.41946386456519 183.75
2455 -90.98312809189743 72.50278673986118 183.75
2456 77.82723206689904 -66.50939140240736 183.75
2457 -56.08210224753994 -87.04547618611106 183.75
2458 76.04655102004796 61.69271442125339 183.75
2459 67.10309891585581 57.32160227614261 183.75
2460 -25.28621293113058 -31.8421298948588 183.75
2461 86.94496511576649 -44.99598833862865 183.75
2462 80.08585455222854 -41.78190853995022 183.75
2463 -59.8962752162025 -72.32529332914507 183.75
2464 -92.32276938859201 -25.93939687578052 183.75
2465 -96.30473269202481 -34.27811070058957 183.75
2466 42.40505478055165 -89.75706494334575 183.75
2467 35.33004017769922 -97.64940022507719 183.75
2468 82.07782360362189 92.46291039118275 183.75
2469 -115.4755380376537 26.37084682810728 183.75
2470 38.16744188199137 -4.378074713666311 183.75
2471 -44.75027746576907 -51.1033138676596 183.75
2472 85.85491747261216 21.32560358767282 183.75
2473 94.31036458980947 -95.611697852567 183.75
2474 109.1624742909052 -84.2335857003666 183.75
2475 41.19784127467748 29.58495006446605 183.75
2476 -85.60089276524624 -82.55865186358643 183.75
2477 46.06603274252058 96.9774935318548 183.75
2478 36.20104837734114 100.3746636371397 183.75
2479 -52.46440574946541 87.34174601388465 183.75
2480 -2.186058207323589 -18.03600528499762 183.75
2481 -6.163062223035988 77.45536677767667 183.75
2482 114.3641889578726 90.56778740429925 183.75
2483 76.20178047058573 44.36559928399252 183.75
2484 -58.11478482800968 28.34644989450016 183.75
2485 -94.31398288292399 -7.933140646980618 183.75
2486 97.84177424178731 24.20942125405973 183.75
2487 1.967716682422301 78.16438817523343 183.75
2488 7.844904788018743 63.2387940500444 183.75
2489 37.41779303203754 -36.06913156581428 183.75
2490 25.57293902742019 -85.55592416547951 183.75
2491 74.42199294704038 32.46304133152914 183.75
2492 83.79552754023797 29.40228767499946 183.75
2493 12.34514453644596 -16.19630908960304 183.75
2494 -24.92702102248849 76.20085836234516 183.75
2495 57.94282382766258 -97.91634903210759 183.75
2496 69.55508837823545 -101.2774536309008 183.75
2497 -67.94963282944495 -44.66207919357204 183.75
2498 -62.68900759596224 -30.85207909402172 183.75
2499 97.6481186697725 -59.12020660677466 183.75
2500 99.06603404017923 -71.92362025523744 183.75
2501 86.57394850545847 -88.25736616023033 183.75
2502 -11.28155578328009 71.13299169828494 183.75
2503 69.11540111333036 -8.141325340444375 183.75
2504 35.51135256969813 63.95871333486654 183.75
2505 84.87091276871246 -81.19968759910776 183.75
2506 -74.73961786481857 -77.59139878570821 183.75
2507 -76.17104183437409 -17.02420383612752 183.75
2508 -73.76619972103239 -29.62269700105841 183.75
2509 -66.66690047643245 53.13970226510409 183.75
2510 3.677984206020273 -30.30592797481084 183.75
2511 71.0404683714133 -81.32783678107423 183.75
2512 -90.35089313962794 48.48411598167258 183.75
2513 -81.93245256945217 -93.10123176075216 183.75
2514 -84.30951736534155 -106.6068999762816 183.75
2515 46.01405006471627 -100.1854510776494 183.75
2516 -73.53189733189956 11.62293158222387 183.75
2517 -86.3388938890287 -70.76857211016031 183.75
2518 -93.90161916456336 -71.5609985465056 183.75
2519 -19.02755604021483 72.06532096406471 183.75
2520 67.4212833887223 92.64763444096864 183.75
2521 -80.62145685574325 -33.24773994091281 183.75
2522 94.48404203461945 42.9463019602008 183.75
2523 104.3340747519786 48.41027952184206 183.75
2524 1.893444414225834 39.22546326241424 183.75
2525 -90.92650493077569 -18.04512851089945 183.75
2526 18.53948997272387 -76.16328373105529 183.75
2527 10.68464682775027 -79.48664307187474 183.75
2528 56.87343875389549 63.27547907456601 183.75
2529 17.65836834024034 74.92840688317776 183.75
2530 16.42319632531114 -93.42398017861872 183.75
2531 68.3427833208784 48.38190773619819 183.75
2532 10.81431372060241 -51.59609171120243 183.75
2533 -5.705805172314542 -74.85120714216639 183.75
2534 84.83546977776761 -13.00012727440236 183.75
2535 57.39464577414437 14.5002102966067 183.75
2536 69.19199502791706 -51.11712364055305 183.75
2537 52.97819002266496 -83.77283229011942 183.75
2538 -48.97528179528371 70.15384127856356 183.75
2539 -57.67139256459589 72.14560021682533 183.75
2540 -71.40353392054638 -65.88164320981824 183.75
2541 57.42349208131199 97.68862096308679 183.75
2542 93.49719061288502 77.5805152461166 183.75
2543 100.4093251663018 83.85270331997579 183.75
2544 -97.25480279993261 -82.22223856504822 183.75
2545 -10.48285294220924 -28.51526946753797 183.75
2546 53.21732411102644 81.61196247763183 183.75
2547 91.74261953035146 63.52147039814642 183.75
2548 -90.73111999048555 20.07711931152505 183.75
2549 -101.2647093428294 24.52909417690536 183.75
2550 -91.73880728706152 26.93301085969771 183.75
2551 -75.8988291083983 68.99741504341654 183.75
2552 -77.89335817334415 77.04389347926541 183.75
2553 5.983322619468688 -72.37058476810986 183.75
2554 -13.72293938964188 12.36354449478499 183.75
2555 63.16596113497985 -81.78528331305927 183.75
2556 -81.10985864404896 46.94049157276823 183.75
2557 29.65726812414589 18.70490518056165 183.75
2558 66.82620621632415 -31.29407214552517 183.75
2559 94.53771601582487 -31.64448925155644 183.75
2560 78.34884684292632 14.86886085164439 183.75
2561 69.1548015700709 20.32548649107001 183.75
2562 -85.99124835530623 39.38830430780218 183.75
2563 10.86318746214747 29.51025230769612 183.75
2564 0.882253870985927 -87.75310808954505 183.75
2565 -7.141524023358126 -84.36669011319863 183.75
2566 -68.80579740622399 88.13248220739692 183.75
2567 -66.67732474584699 98.56540292039642 183.75
2568 -61.126636789298 114.5357020893294 183.75
2569 -92.51492921034381 56.89184648346878 183.75
2570 -19.27754514211646 -0.130244281122555 183.75
2571 -18.6961510391674 -63.59072959520302 183.75
2572 74.80094035309256 6.012556577437783 183.75
2573 80.90553950834712 0.5391238876346582 183.75
2574 94.52085881084889 -47.87221966789557 183.75
2575 -4.119445691180026 -68.19512735420939 183.75
2576 75.86044824728221 74.30605483633569 183.75
2577 58.23951669936402 -71.08770267780081 183.75
2578 -13.95840444637791 -76.48664347662468 183.75
2579 -16.52476958236099 -70.71632662950461 183.75
2580 -77.48010645806524 33.20025816772836 183.75
2581 -70.72533829213725 38.12920473253737 183.75
2582 40.2685443842082 81.64262542835603 183.75
2583 -8.606536902695138 33.26874184988293 183.75
2584 -83.2583706661804 92.66338668057952 183.75
2585 -80.11614589755584 -63.0771285705972 183.75
2586 -52.09716352717724 -71.82151247350794 183.75
2587 14.78053097080813 82.32797036513195 183.75
2588 -48.35430774055365 -84.47919935387235 183.75
2589 0.2788341334586123 -46.66698298900892 183.75
2590 28.09236239417434 87.45946475911839 183.75
2591 -39.49150298059207 -74.68988395524764 183.75
2592 -46.48317310239376 -76.28109467619089 183.75
2593 58.18763957355309 -45.09633398711431 183.75
2594 -75.59078926724209 24.13167567348546 183.75
2595 -72.77900361171648 17.19914704945791 183.75
2596 -68.59756304227881 22.29252205902999 183.75
2597 4.407235300918907 92.07479323353863 183.75
2598 -3.530339069336914 91.52557379504951 183.75
2599 -82.31761673815204 -77.29428022193594 183.75
2600 -76.18534963609721 86.31700712538358 183.75
2601 30.38003905841914 71.13424524802689 183.75
2602 24.63927797858469 74.32473461269547 183.75
2603 -45.18000419465989 91.98156248027151 183.75
2604 -112.3541855513618 80.08116176797705 183.75
2605 -101.2935820149243 89.86180355451491 183.75
2606 -34.93171869732571 -79.18652111562409 183.75
2607 74.90057707999338 91.13229848267679 183.75
2608 70.80589020141619 26.77135683660176 183.75
2609 51.04935567423739 89.30983483166588 183.75
2610 100.3416230318807 95.49093405492812 183.75
2611 89.99309830843217 98.07073148901864 183.75
2612 93.36120471096066 -40.3771785478885 183.75
2613 -20.90090528199276 -81.15620898703149 183.75
2614 -34.46350224089558 -20.48133029051481 183.75
2615 -72.60678521066647 45.77747675427983 183.75
2616 92.84722915740181 32.9143314368233 183.75
2617 33.00430063540102 92.79117624814663 183.75
2618 -38.21189612383814 81.0667914624273 183.75
2619 -57.67922089358704 -95.74172272794556 183.75
2620 -41.94022257903406 -90.66645317075746 183.75
2621 -34.97131729371102 -87.11492136100334 183.75
2622 -28.35226252270948 -91.5302243618876 183.75
2623 -90.67592748681793 -82.69746610738119 183.75
2624 91.45658016682589 22.40183522144899 183.75
2625 7.896360050127676 -67.47689018135662 183.75
2626 -91.88247760494161 6.853788520492699 183.75
2627 -87.36994506414057 12.81935576972571 183.75
2628 -97.37644544785513 2.567078749770271 183.75
2629 65.05921823031393 -93.02435715817856 183.75
2630 73.70711632574364 -20.61136025438039 183.75
2631 78.64292577684176 84.0676535510224 183.75
2632 85.42160384259709 85.67227354398024 183.75
2633 87.53163277330358 91.43873945451827 183.75
2634 5.686490702018615 71.12841379237028 183.75
2635 83.68030039318216 -111.6060096568321 183.75
2636 0.05539721870507872 -72.06731435361272 183.75
2637 72.78756619762601 -91.3157607136453 183.75
2638 46.50326429707036 68.19619728950525 183.75
2639 -57.61446286582747 83.09164034460535 183.75
2640 -16.14825929122184 -40.37662612079045 183.75
2641 92.66896147687494 -23.55106350325021 183.75
2642 -65.98908990785867 -96.29350827141207 183.75
2643 67.43797764061141 74.50811463516139 183.75
2644 -39.37193172832907 19.489903334173 183.75
2645 -16.88082544448918 83.46550399447788 183.75
2646 86.14755561219852 14.02856355344256 183.75
2647 91.40218681583993 9.453827552596362 183.75
2648 100.8694405079656 12.00573186710412 183.75
2649 -13.75793107909087 -91.00815321861631 183.75
2650 -21.27231889519936 -88.25778442253898 183.75
2651 -63.5559983786838 84.00841737028789 183.75
2652 -65.98751622215056 -70.24885476229176 183.75
2653 -90.15871187919413 86.76449802930189 183.75
2654 -95.74847770073684 88.30324766862995 183.75
2655 61.61535335565134 71.49509375513138 183.75
2656 27.16700333830937 -19.27861827996582 183.75
2657 -93.19031750050843 42.8019904137402 183.75
2658 -71.52630334314537 -72.23204123897901 183.75
2659 -63.38945939495518 -15.20132002167075 183.75
2660 -75.28020411282657 57.2828481320151 183.75
2661 89.66363122914751 -60.50273145352799 183.75
2662 -46.63625006728913 76.50923302844589 183.75
2663 82.41130998396807 -70.1320762444749 183.75
2664 43.0848945878766 88.68741876110944 183.75
2665 6.473720765056374 -85.15349500737896 183.75
2666 75.46802293171504 38.71872690414428 183.75
2667 19.94850819494941 88.12358146807158 183.75
2668 -87.57103304290771 78.88154494022959 183.75
2669 -74.5224026832804 -5.742046115067462 183.75
2670 92.17716481583246 -66.49782307205234 183.75
2671 -77.88181959814546 -10.776679283312 183.75
2672 89.02016140976481 2.239736296430022 183.75
2673 95.07881650390109 -3.366329446226619 183.75
2674 91.43241934867865 -9.669301933729585 183.75
2675 93.39192731113759 -16.29507820654193 183.75
2676 11.74327081602994 -87.23096747806976 183.75
2677 80.88477905842845 -31.42337909217233 183.75
2678 51.34405649551915 2.683333312669429 183.75
2679 -70.33777094889534 -16.56333206315372 183.75
2680 -19.86852003755676 78.74945141034796 183.75
2681 28.68608258213897 -91.94135503945184 183.75
2682 22.70174576889538 -90.77757066539729 183.75
2683 -38.23987221776032 7.923882286699115 183.75
2684 90.5089800830221 70.38701904601287 183.75
2685 -80.25842852169285 -51.14797962764256 183.75
2686 -70.11218792862171 -58.82052486282063 183.75
2687 76.46453743860835 67.59992976078053 183.75
2688 88.92083633111599 82.17612898046227 183.75
2689 -77.09785079959093 7.234875585641236 183.75
2690 71.72718072361759 -72.66561408372125 183.75
2691 -87.70431947634847 -31.13454605235653 183.75
2692 47.32517204321429 -84.19526989772839 183.75
2693 70.74996597204463 -24.58374009432243 183.75
2694 38.78175034710301 93.23980463145783 183.75
2695 12.55116002131192 70.14116254475827 183.75
2696 14.08057619312414 87.57810158314278 183.75
2697 -51.34040070831458 47.72928692727159 183.75
2698 28.96894915461185 7.614992533968075 183.75
2699 16.17666683133261 39.70377950430814 183.75
2700 -70.16076693828674 -91.60276074942672 183.75
2701 -75.837340047235 -90.34089745513845 183.75
2702 50.34630115674466 -77.44871507586643 183.75
2703 -71.62720651687509 5.722721566649936 183.75
2704 -47.30985394662439 -100.6931663252536 183.75
2705 2.696941562858926 -2.299022543398792 180
2706 -59.48880036600045 -59.97416734229671 180
2707 10.00558597628741 -69.51781723776369 180
2708 65.99809125982082 -26.03553803165379 180
2709 57.50484376480047 57.12727681635214 180
2710 65.98377686611016 -81.86996883437402 180
2711 46.26374662168462 -54.26032989389004 180
2712 46.41371992373553 13.0773964418708 180
2713 7.933090013998575 53.4521737034212 180
2714 -21.44183654526184 -36.01317642464202 180
2715 -68.79857842821785 12.53060013544441 180
2716 -54.30604159517329 77.19879521816719 180
2717 -33.00987027476115 35.53739304525382 180
2718 -68.24312464042477 44.14279551986031 180
2719 -26.08878803972916 -74.25195461061703 180
2720 -55.85429632733911 -22.40667278722958 180
2721 16.12548109131811 -33.67942036095491 180
2722 41.04701883921358 -82.40079309564474 180
2723 74.21337819942573 -53.86416618282409 180
2724 40.16737342109903 -13.18574470863111 180
2725 -19.65379495643185 69.12014231634727 180
2726 -9.166105101039255 -58.94294056713026 180
2727 -6.676780105363745 -77.96127460935386 180
2728 14.04237421797148 -103.1016340618477 180
2729 93.64822924753592 18.15438955744437 180
2730 66.1979622621356 1.825289299732745 180
2731 94.39542677020631 -13.60705847692426 180
2732 88.21793838460056 -34.42882409107602 180
2733 66.36077962487566 31.21705727106074 180
2734 100.2485233839179 53.75807327417608 180
2735 -95.63844842754474 77.35555674499793 180
2736 87.75494247669083 36.03785909178544 180
2737 -58.68798965383827 -104.6799335630374 180
2738 82.44613808772429 98.31328779358405 180
2739 80.94930460626396 69.16626739616109 180
2740 108.1239381509613 82.65849925121169 180
2741 54.29979536068133 85.90429759457146 180
2742 12.12308633222003 92.59930509760939 180
2743 26.04880200501094 72.09452421281492 180
2744 36.11710517657651 93.45548413291237 180
2745 41.62725084181545 44.5132678996352 180
2746 78.50540133997279 52.23468004899189 180
2747 -35.75173495540322 2.14467569295029 180
2748 108.9001181034899 -62.82902777914994 180
2749 85.18861355649679 2.146640671535009 180
2750 101.3015985304127 2.33107895211481 180
2751 -107.0531132603745 24.59244193805501 180
2752 -92.4143853700012 53.16162329892553 180
2753 -77.30362583920659 69.04334192697463 180
2754 -79.50667382702332 94.1776598366867 180
2755 -55.86075957867994 56.21941148209928 180
2756 -82.34533824749286 27.18947594047926 180
2757 -89.06470348670734 7.674431617041918 180
2758 -96.41310246206466 -35.65301671003001 180
2759 -78.12482388790315 -16.44660167497447 180
2760 -102.0487593064587 -10.67310352758761 180
2761 -105.2486064463726 -74.62739948978532 180
2762 -84.31865286682003 -52.61702212515243 180
2763 -111.5158373477927 -50.50439845148238 180
2764 -75.16608393836697 -76.39516740742523 180
2765 -87.91671182017119 -105.3514037606068 180
2766 -63.97021756336629 27.81403822860835 180
2767 -73.87200645913084 81.66467429858699 180
2768 -58.02917449271742 97.05446414353014 180
2769 -37.74299217775295 90.52216902416522 180
2770 -10.87853281649958 89.21050562956452 180
2771 -39.36353217118074 74.66418741199924 180
2772 87.35206115570082 -71.66049581782066 180
2773 -112.6787378972069 111.6291749053938 180
2774 -50.20027171925071 -80.92261732330263 180
2775 -32.99605935594984 -105.3993372544073 180
2776 -7.630653464861933 -107.7178194323151 180
2777 4.929213421780385 72.97399602575206 180
2778 69.22108322639455 -37.35134695359406 180
2779 -10.24840445067887 75.28363777620243 180
2780 42.12295351018366 81.48501849179169 180
2781 102.5148985242475 -103.9745679698016 180
2782 19.68211130785834 81.9128212049726 180
2783 -70.32152497336219 -36.33243983258428 180
2784 71.00038881874303 -71.13477691711273 180
2785 -26.14103596456041 -56.73849756837615 180
2786 75.93050050666264 16.54120402248121 180
2787 77.25856664926026 -12.52610935569738 180
2788 52.05810084840311 -113.3249098174889 180
2789 -22.45749854093475 83.70226473553009 180
2790 71.15166991882484 84.06327540617072 180
2791 70.68016513833709 100.933113956289 180
2792 -25.02876739104436 97.80436998243439 180
2793 -8.304849032198856 116.5859579754115 180
2794 -43.91214983086925 116.8590457288954 180
2795 94.45238591050168 -53.26385111479195 180
2796 -80.7030682840312 2.235073709612125 180
2797 -63.12826523077249 -7.580005118552102 180
2798 21.79236082004682 -86.69702537262793 180
2799 9.424933662449277 -48.46328690041329 180
2800 -81.87079897805046 -27.46439023891981 180
2801 84.75890749072933 -20.41993883579623 180
2802 96.58398288004653 -23.89475974564785 180
2803 104.1357265962653 -37.77589618095001 180
2804 83.84417273668458 -47.21651390972146 180
2805 -49.03198963304452 87.0503911705491 180
2806 66.7355077064632 -12.07509581432957 180
2807 1.035999856843728 88.97927545757786 180
2808 -1.45262543098581 99.79373094229246 180
2809 -79.37127636460269 51.08571526665727 180
2810 15.05898061851809 69.04628697502604 180
2811 52.75420758063263 106.3193495930169 180
2812 9.337927310700625 -86.50312963761667 180
2813 83.74311109445672 -91.99046223485684 180
2814 105.8214455866372 -82.17121006165684 180
2815 -70.92590810061738 -23.56765015976568 180
2816 -89.60103728070406 67.52842189007703 180
2817 -106.4195735575095 69.43803397417514 180
2818 -84.82883698236071 77.19462467935196 180
2819 44.91145960130527 62.32980614367004 180
2820 -83.7650567986189 -41.13445629126866 180
2821 -34.25850695317784 55.95387978155716 180
2822 53.32016898014601 -69.29222003813545 180
2823 63.8586133890437 -61.74325789800139 180
2824 53.94766236364215 -86.39677530257761 180
2825 -90.91420983408607 88.46915730892221 180
2826 -14.82083285717856 -90.71424687080729 180
2827 106.1360896076192 109.4022761262934 180
2828 32.07854779966504 -104.3682303004908 180
2829 55.89977743743259 -36.32491769699332 180
2830 30.09687830769034 -64.25055004154729 180
2831 83.65548823351729 -60.89325444644707 180
2832 43.61734168748474 -94.69033606670543 180
2833 84.07489609776012 24.04743776629359 180
2834 72.90014339922138 -104.4477548733562 180
2835 -83.55047271027254 39.94521933565083 180
2836 63.46377492856753 15.87542488775195 180
2837 -90.38455516998357 105.7467278459434 180
2838 -70.41283712824502 112.2601180673983 180
2839 -89.37671288700744 -72.05795720028756 180
2840 -75.20782309467953 -63.40369553147045 180
2841 -67.31559234419248 -49.68807852232413 180
2842 -92.03333779170993 -85.45530461583928 180
2843 -71.6677672374492 -95.47007520665619 180
2844 -62.69313939306423 -87.15315013546774 180
2845 -59.38116484624398 -74.15764059431586 180
2846 -55.89378526659006 -42.76082938082534 180
2847 -33.22313859400388 -90.60964031090606 180
2848 -38.99001292635182 -71.52617623935193 180
2849 -50.57447327911024 -68.4867281797911 180
2850 110.0915710668949 -11.18461640245905 180
2851 -81.08408397674765 15.35879199257111 180
2852 72.06764022030578 42.07062854200291 180
2853 -33.07793594047703 -16.76959459560823 180
2854 97.13070516912902 28.93341331478099 180
2855 107.9665840779322 17.08265038721626 180
2856 109.5953986401936 37.89909104965987 180
2857 -8.366761669660994 59.88158110173173 180
2858 96.67017017392112 40.8138908224316 180
2859 -112.7357312116507 -97.09411848011905 180
2860 -14.59147289674652 -69.90303305154738 180
2861 61.32387652950337 69.26163529509238 180
2862 -51.473914423642 14.9415063430141 180
2863 78.63496635024046 -79.86278514266978 180
2864 -107.9983877989763 88.7042569572595 180
2865 25.95944611223528 -48.79406099208558 180
2866 -13.56829775966292 35.12193347872398 180
2867 13.24630478576444 27.40846486505639 180
2868 -63.55953998589054 70.15389032956183 180
2869 -45.00584673138349 -92.53875299159598 180
2870 -2.143261328415882 -68.91115366284156 180
2871 -113.7038561601651 49.04144282707728 180
2872 83.27613226468284 83.20261596286443 180
2873 -25.84725766923668 17.73552024648351 180
2874 59.51613121298369 42.43210502922557 180
2875 -116.5855986021292 -0.9401535266606965 180
2876 41.28298059067428 -70.87525758041633 180
2877 30.73780086156489 82.13923008133065 180
2878 51.35166042489374 75.00701228200779 180
2879 87.0872711024961 59.67132709671665 180
2880 95.95660237311078 70.10723045894174 180
2881 76.86568444663817 -29.55969001592869 180
2882 51.1365063821826 28.55985673287535 180
2883 -24.82668111123024 -85.31728583606215 180
2884 116.321905989315 59.96394851845848 180
2885 -15.99813420121134 -80.58472074200282 180
2886 20.11692704437639 3.919946689701487 180
2887 22.44821103183053 -13.88523729811631 180
2888 -3.346811317846492 -37.69224878813286 180
2889 -11.67647670480345 -19.21365961763824 180
2890 94.27189814461653 -64.51106775511377 180
2891 -39.24764501827014 81.80115432571455 180
2892 52.713213752193 -0.8030458361653235 180
2893 -91.79329329220877 -3.579598916379087 180
2894 -99.75550523782847 5.91884413264645 180
2895 -51.59048736146159 40.22268942326536 180
2896 88.62128119846763 47.44101738209057 180
2897 27.69610502999961 59.14477352063701 180
2898 20.56444845970675 106.578601198847 180
2899 56.39898435246386 -98.18045915279478 180
2900 52.89392325466623 -20.63972824338611 180
2901 95.39988888420133 93.35117059044222 180
2902 84.7096848034127 12.75247908970876 180
2903 62.51886168574615 -72.60671377685466 180
2904 -6.162777699362489 -92.84202593389442 180
2905 23.31103626426686 91.85413832345037 180
2906 -46.75428656729491 68.49728250762118 180
2907 -90.427627010335 -16.69752754440617 180
2908 -30.88823807330925 77.1767549861714 180
2909 -33.74523927919325 68.38487798428868 180
2910 5.249469132671523 -21.35391772164822 180
2911 -91.98756347909234 18.43904721140918 180
2912 -94.30185296891858 -61.42887183900672 180
2913 -93.99108891270775 -48.61375061285993 180
2914 -61.52108976747122 84.61714010232083 180
2915 -74.01841227409825 23.36589725502579 180
2916 92.66255590701302 -43.17127132413486 180
2917 71.00919824444124 62.0570415881423 180
2918 1.690706232806551 -95.18270376309745 180
2919 49.29986442406314 -77.31747887672742 180
2920 -3.448480096015326 80.96758093316892 180
2921 91.40362082170009 -81.58743765522061 180
2922 -3.672042367791833 18.56618512014042 180
2923 37.10827985289519 -31.53849131343677 180
2924 85.6450163932562 -8.714085629396163 180
2925 94.89235337946697 -3.808538918639565 180
2926 94.35927608968049 7.955967229389636 180
2927 -39.4125819873126 -37.94117009894813 180
2928 77.67146601283125 33.40965501027128 180
2929 76.46875735105895 -2.975213032793979 180
2930 -44.61977299200967 100.3733820264393 180
2931 28.8859435686907 21.05546908774594 180
2932 -45.08304295189612 -56.23793959612087 180
2933 71.67252442874397 74.64275609474501 180
2934 -112.1762106444853 -25.47910365842738 180
2935 63.90502553545541 -48.10789971479236 180
2936 -68.34587382197033 91.38900099883779 180
2937 -73.8938431546666 33.9365799780258 180
2938 -18.99987540767248 50.50477502728846 180
2939 -2.622223045342109 -50.54492995791297 180
2940 21.40840557120788 -72.35105926770647 180
2941 16.73585073701556 -60.56828170480853 180
2942 31.60943183950224 -77.62169364036959 180
2943 8.836551295499333 82.325254685254 180
2944 -82.28043177565024 85.37652903088696 180
2945 73.3052624492589 -92.67192950222771 180
2946 62.31620762714206 80.10195664044548 180
2947 64.07118896358992 91.7514773773425 180
2948 73.34600292105249 92.90270469276632 180
2949 -97.85606759897615 39.32790929300717 180
2950 -92.55851105924167 29.89881874372029 180
2951 45.58004869323214 90.15257117221053 180
2952 74.33809424482422 -20.19271275500476 180
2953 -92.18165490800233 -26.02346586013675 180
2954 -99.72136978738024 -23.72699867012449 180
2955 -32.8092427375419 -81.05413514212638 180
2956 -50.01321399710622 -4.401824183280008 180
2957 79.38779382329352 60.78232903250298 180
2958 -81.88978736366892 59.83300674267286 180
2959 80.78328813868609 115.3787503247355 180
2960 91.19135117955773 104.1113712087638 180
2961 3.697532447696031 -59.49848025318633 180
2962 96.99943731987295 -73.90870961735925 180
2963 3.808087665978254 -77.81793180943674 180
2964 -17.60768623415894 0.1014277988184803 180
2965 -46.18225191812823 77.46086725844188 180
2966 95.87076900676036 -89.93091948038396 180
2967 75.05659332234032 7.669235291108777 180
2968 -77.3057424723137 -85.9961342364367 180
2969 56.9014913466397 -77.62234836686291 180
2970 35.67144019315704 0.9445470399180285 180
2971 -69.26385424742988 -68.93008604449361 180
2972 -14.18367285668327 82.15163113229725 180
2973 -83.08042582210726 -8.364405391567288 180
2974 3.022767594075656 37.40859864125973 180
2975 20.40191030572407 40.49712461962591 180
2976 -3.707669893585047 68.89519672299629 180
2977 4.088449941655089 64.59791674556874 180
2978 -70.75861196383003 58.34593133072982 180
2979 53.77296008012571 65.93143263428058 180
2980 81.46137871380702 42.1302739584418 180
2981 -79.10109964624671 -70.23186215303519 180
2982 64.50716588613929 -92.71337753306608 180
2983 -22.79865636533872 -96.02296714409479 180
2984 -5.142020832340163 47.41372044011683 180
2985 -83.01378957054183 -62.57684728578879 180
2986 67.7206429565008 51.18434640494297 180
2987 74.30915894354814 24.95467343204322 180
2988 -67.59901177348988 -78.79027924029769 180
2989 -54.24348361096033 106.6367524915658 180
2990 74.50507150927857 -63.21685297188828 180
2991 79.14708474330186 -69.19963434405015 180
2992 13.41285115717726 -78.38218397973138 180
2993 34.02894019718248 -89.15561569516768 180
2994 -82.59659534712895 -78.02728512260479 180
2995 -54.01002804886394 -90.05537078422779 180
2996 10.69973686636484 14.14729205563116 180
2997 -8.984250197019824 -85.36052947362913 180
2998 -40.69063277204619 -83.50435405515712 180
2999 78.65999207345956 -38.9297794284473 180
3000 -68.45809633643202 -15.18814626512025 180
3001 -73.98608687109886 -7.397490486586102 180
3002 -69.66476074764886 0.6549576451533174 180
3003 -60.79313710500347 3.259145365745472 180
3004 73.96873035428398 -45.09394123787586 180
3005 -30.86171847384481 85.38790314314861 180
3006 -13.08849233541859 -47.95342630661354 180
3007 -75.90963743545582 -46.48626138453908 180
3008 37.14479690549302 72.03339412204201 180
3009 -75.78087243664515 -55.72160942039409 180
3010 -68.91973930818131 -59.55775167308965 180
3011 95.68914041823905 82.32987906586501 180
3012 -1.133339200414935 -85.74890974981341 180
3013 -139.24 44.22493531749848 105.6997518620256
3014 -139.24 -44.46276950192501 105.6997518620258
3015 -139.24 -0.2140507659837567 126.760450233964
3016 -139.24 -0.05993969146351219 57.25516008996401
3017 -139.24 87.15674993021088 134.5743171907365
3018 -139.24 -87.1850635235952 134.5743171907366
3019 -139.24 -87.14002132568231 59.9406633808484
3020 -139.24 87.11238874438399 59.94066338084834
3021 44.22493531749848 139.24 105.6997518620256
3022 -44.46276950192501 139.24 105.6997518620258
3023 -0.2140507659837567 139.24 126.760450233964
3024 -0.05993969146351219 139.24 57.25516008996401
3025 87.15674993021088 139.24 134.5743171907365
3026 -87.1850635235952 139.24 134.5743171907366
3027 -87.14002132568231 139.24 59.9406633808484
3028 87.11238874438399 139.24 59.94066338084834
3029 139.24 -44.22493531749848 105.6997518620256
3030 139.24 44.46276950192501 105.6997518620258
3031 139.24 0.2140507659837567 126.760450233964
3032 139.24 0.05993969146351219 57.25516008996401
3033 139.24 -87.15674993021088 134.5743171907365
3034 139.24 87.1850635235952 134.5743171907366
3035 139.24 87.1400213256823 59.94066338084841
3036 139.24 -87.11238874438399 59.94066338084834
3037 -44.22493531749848 -139.24 105.6997518620256
3038 44.46276950192501 -139.24 105.6997518620258
3039 0.2140507659837567 -139.24 126.760450233964
3040 0.05993969146351219 -139.24 57.25516008996401
3041 -87.15674993021088 -139.24 134.5743171907365
3042 87.1850635235952 -139.24 134.5743171907366
3043 87.14002132568231 -139.24 59.9406633808484
3044 -87.11238874438399 -139.24 59.94066338084834
3045 -4.123685520036295e-15 0 0
3046 -60.13237095273443 -60.13237095273444 0
3047 -60.13237095273444 60.13237095273442 0
3048 60.13237095273442 60.13237095273444 0
3049 60.13237095273444 -60.13237095273442 0
3050 -77.90809523809526 -2.470452804846141e-14 0
3051 -2.470452804846141e-14 77.90809523809526 0
3052 77.90809523809526 2.470452804846141e-14 0
3053 2.385393470051766e-14 -77.90809523809526 0
3054 -96.16486012772461 -96.16486012772455 0
3055 -96.16486012772455 96.16486012772461 0
3056 96.16486012772461 96.16486012772455 0
3057 96.16486012772455 -96.16486012772461 0
3058 -189.24 0.04389200135534566 147.449917954217
3059 -189.24 0.0504834874197968 347.6588405663356
3060 -189.24 78.92507674918295 60.16971655074947
3061 -189.24 -78.92507674918296 60.16971655074937
3062 -189.24 -72.83697329082719 254.3218754741105
3063 -189.24 72.87071762981373 254.3195558846998
3064 -189.24 -98.3095220184295 358.6841625265237
3065 -189.24 98.33643414282295 358.7578821950446
3066 -189.24 -106.0343841353001 147.2902763904272
3067 -189.24 106.0211870679253 147.1980000031907
3068 0.04389200135534566 -189.24 147.449917954217
3069 0.05048348741985365 -189.24 347.6588405663356
3070 78.92507674918301 -189.24 60.16971655074946
3071 -78.92507674918296 -189.24 60.16971655074938
3072 -72.83697329082719 -189.24 254.3218754741105
3073 72.87071762981373 -189.24 254.3195558846998
3074 -98.3095220184295 -189.24 358.6841625265237
3075 98.33643414282295 -189.24 358.7578821950447
3076 106.0211870679253 -189.24 147.1980000031907
3077 -106.0343841353001 -189.24 147.2902763904272
3078 -7.860793497261255 -7.860793497261227 449.8803
3079 -75.86387102419414 -75.86387102419414 449.8803
3080 63.07578927018744 -86.00430199402101 449.8803
3081 -86.00430199402102 63.07578927018744 449.8803
3082 67.1163367223632 67.11633672236326 449.8803
3083 0.04389200135534566 189.24 147.449917954217
3084 0.05048348741985365 189.24 347.6588405663356
3085 78.92507674918301 189.24 60.16971655074946
3086 -78.92507674918296 189.24 60.16971655074938
3087 -72.83697329082719 189.24 254.3218754741105
3088 72.87071762981373 189.24 254.3195558846998
3089 -98.3095220184295 189.24 358.6841625265237
3090 98.33643414282295 189.24 358.7578821950447
3091 106.0211870679253 189.24 147.1980000031907
3092 -106.0343841353001 189.24 147.2902763904272
3093 -7.860793497261255 -7.860793497261227 -50
3094 -75.86387102419414 -75.86387102419414 -50
3095 63.07578927018744 -86.00430199402101 -50
3096 -86.00430199402102 63.07578927018744 -50
3097 67.1163367223632 67.11633672236326 -50
3098 189.24 0.04389200135534566 147.449917954217
3099 189.24 0.0504834874197968 347.6588405663356
3100 189.24 78.92507674918295 60.16971655074947
3101 189.24 -78.92507674918296 60.16971655074937
3102 189.24 -72.83697329082719 254.3218754741105
3103 189.24 72.87071762981373 254.3195558846998
3104 189.24 -98.3095220184295 358.6841625265237
3105 189.24 98.33643414282295 358.7578821950446
3106 189.24 -106.0343841353001 147.2902763904272
3107 189.24 106.0211870679253 147.1980000031907
3108 -3 -31.75502949874519 192.1803
3109 -3 -64.68240503786674 192.1803
3110 -3 -59.80732185917403 192.1803
3111 -3 -35.43267814082598 192.1803
3112 -3 -54.93236448639364 192.1803
3113 -3 -40.30763551360637 192.1803
3114 -3 -45.18255233491366 192.1803
3115 -3 -50.05744766508635 192.1803
3116 -4.855104134115006 -29.70194361685657 194.9803
3117 -8.2550277322398 35.62000000000001 194.9803
3118 8.874999999868102 35.62 194.9803
3119 -7.195500000679051 -30.02971808428284 194.9803
3120 -4.422392412343048 35.72932944606414 192.1803
3121 4.422392412343051 29.51067055393586 192.1803
3122 4.855104133926069 -29.70194361663322 194.9802999999999
3123 8.250913297316265 29.62 194.9802999999999
3124 7.195499999320946 -30.02971808316607 194.9802999999999
3125 3 -31.75502949874519 192.1803
3126 3 -64.68240503786674 192.1803
3127 3 -59.80732185917403 192.1803
3128 3 -35.43267814082598 192.1803
3129 3 -54.93236448639364 192.1803
3130 3 -40.30763551360637 192.1803
3131 3 -45.18255233491366 192.1803
3132 3 -50.05744766508635 192.1803
3133 -3 -67.12 187.69515
3134 3 -67.12 187.69515
3135 -4.5 -50.05744766401413 191.1803
3136 -4.5 -45.18255233384144 191.1803
3137 -4.5 -54.93236448639367 191.1803
3138 -4.5 -40.30763551360641 191.1803
3139 -4.5 -64.68240503786674 191.1803
3140 -4.5 -30.55759496213327 191.1803
3141 -4.5 -59.80732185917405 191.1803
3142 -4.5 -35.43267814082601 191.1803
3143 -3 -67.12 191.1803
3144 -1.5 -45.18255233598588 191.1803
3145 -1.5 -50.05744766615857 191.1803
3146 -1.5 -40.30763551360634 191.1803
3147 -1.5 -54.93236448639361 191.1803
3148 -1.5 -64.68240503786673 191.1803
3149 -1.5 -30.55759496213326 191.1803
3150 -1.5 -59.80732185917401 191.1803
3151 -1.5 -35.43267814082596 191.1803
3152 -3 -64.68240503786674 190.1803
3153 -3 -30.55759496213327 190.1803
3154 -3 -59.80732185917403 190.1803
3155 -3 -35.43267814082598 190.1803
3156 -3 -54.93236448639364 190.1803
3157 -3 -40.30763551360637 190.1803
3158 -3 -45.18255233491366 190.1803
3159 -3 -50.05744766508635 190.1803
3160 1.5 -50.05744766401413 191.1803
3161 1.5 -45.18255233384144 191.1803
3162 1.5 -54.93236448639367 191.1803
3163 1.5 -40.30763551360641 191.1803
3164 1.5 -64.68240503786674 191.1803
3165 1.5 -30.55759496213327 191.1803
3166 1.5 -59.80732185917405 191.1803
3167 1.5 -35.43267814082601 191.1803
3168 3 -67.12 191.1803
3169 4.5 -45.18255233598588 191.1803
3170 4.5 -50.05744766615857 191.1803
3171 4.5 -40.30763551360634 191.1803
3172 4.5 -54.93236448639361 191.1803
3173 4.5 -64.68240503786673 191.1803
3174 4.5 -30.55759496213326 191.1803
3175 4.5 -35.43267814082596 191.1803
3176 4.5 -59.80732185917401 191.1803
3177 2.999999999999999 -64.68240503786674 190.1803
3178 3 -30.55759496213327 190.1803
3179 3 -59.80732185917403 190.1803
3180 3.000000000000004 -35.43267814082598 190.1803
3181 3 -54.93236448639364 190.1803
3182 3 -40.30763551360637 190.1803
3183 3 -50.05744766508635 190.1803
3184 3 -45.18255233491366 190.1803
3185 0.4131181908859816 -73.19437977248475 185.21
3186 82.33709627114091 -81.36960679219814 185.21
3187 -82.33709627114068 -81.3696067921978 185.21
3188 -81.74006170281997 81.74006170281997 185.21
3189 81.72826041504769 81.72826041504769 185.21
3190 1.936923569321067 -80.87169967908484 185.21
3191 -8.866791193224003 -82.53843614977779 185.21
3192 -66.929254043499 -81.73234886150343 185.21
3193 66.92925404350017 -81.73234886150314 185.21
3194 57.17976282600827 -81.72064673793699 185.21
3195 -57.17976282600837 -81.72064673793663 185.21
3196 47.43159980398637 -81.69578374776118 185.21
3197 -47.4315998039862 -81.69578374776086 185.21
3198 81.7436178485803 -71.76497569279424 185.21
3199 -81.74361784858057 -71.76497569279397 185.21
3200 38.35310655413178 -81.51777477291731 185.21
3201 -38.35351789846975 -81.51790189831334 185.21
3202 2.476323654008397 81.73206094904924 185.21
3203 81.73206094904921 2.476323654007598 185.21
3204 -81.73206094904923 -2.476323654007595 185.21
3205 -81.73383183877387 7.427204755416777 185.21
3206 81.73383183877382 -7.427204755416764 185.21
3207 -7.427204755415829 81.73383183877374 185.21
3208 12.38386849874877 81.73634469082135 185.21
3209 81.73634469082118 12.38386849874822 185.21
3210 -81.73634469082121 -12.38386849874822 185.21
3211 81.73230804708454 -17.33074050189453 185.21
3212 -81.7323080470846 17.33074050189453 185.21
3213 -17.33074050189369 81.73230804708446 185.21
3214 27.2212428986215 81.73348596084321 185.21
3215 81.73348596084305 27.22124289862074 185.21
3216 -81.73348596084311 -27.22124289862074 185.21
3217 81.73094516515333 -27.23755144407794 185.21
3218 -81.73094516515336 27.23755144407793 185.21
3219 -27.23755144407733 81.73094516515334 185.21
3220 81.73158153487705 37.14307705650971 185.21
3221 -81.73162062568638 -37.14310470516729 185.21
3222 37.14307705651001 81.73158153487705 185.21
3223 81.73052323449753 -37.14217458519462 185.21
3224 -81.73052323449754 37.14217458519462 185.21
3225 -37.14217458519427 81.73052323449754 185.21
3226 81.73232688703182 47.04895222511144 185.21
3227 -81.73309931957273 -47.04894195968767 185.21
3228 47.0489522251118 81.73232688703182 185.21
3229 81.73309931957264 -47.04894195968885 185.21
3230 -81.73232688703179 47.04895222511261 185.21
3231 -47.04895222511239 81.73232688703175 185.21
3232 56.94321588018731 81.73037190677823 185.21
3233 81.73037190677822 56.94321588018694 185.21
3234 -81.72474625860811 -56.96572112199808 185.21
3235 81.72474625860774 -56.96572112199964 185.21
3236 -81.7303719067781 56.94321588018797 185.21
3237 -56.94321588018774 81.73037190677798 185.21
3238 66.87287860872253 81.72238015898029 185.21
3239 -81.72238015897999 66.87287860872367 185.21
3240 81.72238015898029 66.87287860872246 185.21
3241 -66.87287860872355 81.72238015897992 185.21
3242 28.81827450199658 -82.35044674785527 185.21
3243 -28.83123187675466 -82.35445113067598 185.21
3244 -19.00632439956722 -82.38125419537708 185.21
3245 18.5617891926176 -82.63283526269691 185.21
3246 -2.931146968185672 -70.17874266631634 185.21
3247 3.068853031814328 -70.17874266677273 185.21
3248 10.44211506676976 -81.73016692935863 185.21
3249 0.1101648509029332 -69.55837302111478 185.21
3250 -71.85168947552545 84.79864168427073 185.21
3251 -73.35356901536149 80.30083176267044 185.21
3252 -84.79864168427078 71.85168947552555 185.21
3253 -80.30083176267046 73.35356901536153 185.21
3254 84.79864168427089 71.85168947552425 185.21
3255 80.29838654491864 73.35112379760905 185.21
3256 71.85168947552428 84.79864168427092 185.21
3257 73.35112379760908 80.29838654491864 185.21
3258 83.93965233430002 -62.58821727410709 185.21
3259 78.90783544900599 -61.86675821460558 185.21
3260 79.64905715926753 -66.09613421980293 185.21
3261 -83.93965233430039 -62.58821727410552 185.21
3262 -78.90783544900695 -61.86675821460534 185.21
3263 -79.64905715926785 -66.09613421980227 185.21
3264 -84.82323732371937 -66.72486251389404 185.21
3265 84.82323732371886 -66.72486251389573 185.21
3266 76.12432126405754 85.06105772884746 185.21
3267 85.06105772884744 76.12432126405753 185.21
3268 -85.06390702995226 76.12717056516327 185.21
3269 -76.12717056516324 85.06390702995223 185.21
3270 83.95074552196576 17.99988142951824 185.21
3271 78.9372662200072 17.32210956315422 185.21
3272 79.65610788324157 21.53637259057177 185.21
3273 84.83514959663341 22.13033101018437 185.21
3274 -83.95074552196577 -17.99988142951824 185.21
3275 -78.93726622000743 -17.32210956315422 185.21
3276 -79.65610788324157 -21.53637259057177 185.21
3277 -84.83514959663346 -22.13033101018437 185.21
3278 17.99988142951865 83.95074552196593 185.21
3279 17.32210956315524 78.93726622000767 185.21
3280 21.53637259057253 79.65610788324173 185.21
3281 22.13033101018464 84.83514959663366 185.21
3282 -3.559891495133456 -83.20910666155233 185.21
3283 71.87059332304824 -84.81350683701284 185.21
3284 73.50387748771243 -80.22898020971098 185.21
3285 76.28041994280217 -84.97841876778438 185.21
3286 -71.870593323047 -84.81350683701294 185.21
3287 -73.50387748771182 -80.22898020971098 185.21
3288 -76.28041994280123 -84.97841876778435 185.21
3289 7.424111113413062 79.2135929461385 185.21
3290 7.431162109568433 84.233987527392 185.21
3291 79.21359294613848 7.424111113411881 185.21
3292 84.23398752739193 7.431162109567839 185.21
3293 -79.21359294613846 -7.42411111341188 185.21
3294 -84.23398752739193 -7.431162109567837 185.21
3295 32.17266016519193 79.21795555350343 185.21
3296 32.19258294431152 84.23122768546237 185.21
3297 79.23510690814726 -32.18402420816471 185.21
3298 84.23406614108542 -32.19976618320992 185.21
3299 -79.23510690814727 32.18402420816471 185.21
3300 -84.23406614108545 32.19976618320992 185.21
3301 79.21795555350349 32.1726601651914 185.21
3302 84.23122768546234 32.19258294431118 185.21
3303 -79.21795555350364 -32.1726601651914 185.21
3304 -84.23122768546243 -32.19258294431118 185.21
3305 -32.18402420816416 79.23510690814726 185.21
3306 -32.19976618320958 84.23406614108542 185.21
3307 79.21210114218842 -22.27233532097732 185.21
3308 84.23147464436396 -22.29046200278781 185.21
3309 -79.21210114218856 22.27233532097732 185.21
3310 -84.23147464436398 22.29046200278781 185.21
3311 -22.27233532097621 79.21210114218847 185.21
3312 -22.29046200278724 84.23147464436393 185.21
3313 -79.23312081145947 61.89579891994032 185.21
3314 -84.23285199153933 61.92938368157873 185.21
3315 79.2331208114596 61.89579891993944 185.21
3316 84.23285199153948 61.92938368157711 185.21
3317 61.89579891993969 79.23312081145959 185.21
3318 61.92938368157726 84.23285199153948 185.21
3319 -61.89579891994013 79.23312081145943 185.21
3320 -61.92938368157861 84.23285199153931 185.21
3321 -2.474203599261685 79.21433669012072 185.21
3322 -2.476305880808269 84.23457042874266 185.21
3323 -79.21433669012076 2.474203599263014 185.21
3324 -84.23457042874271 2.476305880809056 185.21
3325 79.21433669012072 -2.474203599263012 185.21
3326 84.23457042874264 -2.476305880809047 185.21
3327 79.21323546246732 -12.37351635986418 185.21
3328 84.23279165191664 -12.38268943691524 185.21
3329 -79.21323546246741 12.37351635986418 185.21
3330 -84.23279165191668 12.38268943691525 185.21
3331 -12.37351635986312 79.21323546246705 185.21
3332 -12.38268943691457 84.23279165191653 185.21
3333 -79.23423371915858 -51.99385759630024 185.21
3334 -84.23332301761208 -52.01807444415982 185.21
3335 79.23487914271236 51.98788761126996 185.21
3336 84.2316969197518 52.0107194953957 185.21
3337 -51.98788761127058 79.23487914271226 185.21
3338 -52.01071949539705 84.23169691975164 185.21
3339 51.9878876112704 79.23487914271237 185.21
3340 52.010719495396 84.23169691975181 185.21
3341 79.23423371915845 -51.99385759630134 185.21
3342 84.23332301761192 -52.01807444416151 185.21
3343 -79.23487914271233 51.98788761127091 185.21
3344 -84.23169691975171 52.01071949539723 185.21
3345 -79.23574833789932 -42.08755380531207 185.21
3346 -84.23402174423758 -42.10779648349179 185.21
3347 79.23547513753483 42.08747189291175 185.21
3348 84.23346726576531 42.10740430472399 185.21
3349 -79.2352634774589 42.08729139864934 185.21
3350 -84.2334672657653 42.10740430472529 185.21
3351 79.23552885966153 -42.08736778131816 185.21
3352 84.23402174423751 -42.10779648349309 185.21
3353 42.08747189291212 79.23547513753482 185.21
3354 42.10740430472423 84.23346726576531 185.21
3355 -42.08729139864906 79.23526347745889 185.21
3356 -42.10740430472509 84.23346726576526 185.21
3357 62.05420221309812 -79.17137746054055 185.21
3358 62.00741680832007 -84.30352523105715 185.21
3359 -62.05420221309809 -79.17137746054038 185.21
3360 -62.00741680831838 -84.30352523105709 185.21
3361 52.30046824434876 -79.1780988003057 185.21
3362 52.20500433738358 -84.21490585720078 185.21
3363 -52.30046824434866 -79.17809880030558 185.21
3364 -52.20500433738248 -84.21490585720062 185.21
3365 -42.69022390240127 -79.17342140370528 185.21
3366 42.69012106720039 -79.17338962161018 185.21
3367 33.49818982180745 -80.3176443041545 185.21
3368 -33.50086356562629 -80.31847060579786 185.21
3369 -23.74910443461864 -80.49114106521061 185.21
3370 23.65760591827737 -80.54065640211041 185.21
3371 -13.87361473661937 -80.52793806903098 185.21
3372 -42.55147696806311 -84.17342140995589 185.21
3373 42.55137413215624 -84.17338962845774 185.21
3374 -86.13232619992606 86.13232619992606 185.21
3375 86.27638568748461 -86.03145756804307 185.21
3376 86.12182454200966 86.12182454200966 185.21
3377 -86.27638568748445 -86.0314575680429 185.21
3378 -6.069999999999999 35.62 193.5803
3379 -3.3 -29.62 193.5803
3380 -32.00585642553898 -18.74445307750291 303.2967492863102
3381 29.56084957145721 18.89694486720779 276.7156417615421
3382 -33.24984240710523 23.31210936032856 260.0805744146959
3383 12.31830265193685 -40.00054833146122 262.6698872127432
3384 -32.00585642553898 -18.74445307750291 244.6078812692703
3385 -62.58235387040921 -71.67158168916708 262.5139118884073
3386 15.76055217195661 79.9904959797683 262.2096054189841
3387 76.80348843506287 -28.39514734586555 264.6808730004207
3388 -63.64742367272709 74.49422513540202 258.5715674308045
3389 3.518916951709999 37.2482627210773 242.6580872217878
3390 29.6658845504389 13.39719013262918 235.7761170568486
3391 27.48975390929641 -21.97170906461427 235.0576107670435
3392 -1.692272440507117 -36.60844890875528 232.3548307355718
3393 -5.098099691510033 -80.35740191521734 244.72684132173
3394 -82.16392787471243 -13.08574641089748 249.5042499992155
3395 76.2141739426184 30.35683331135478 250.0826468629164
3396 -21.76031642615559 26.45033418682982 229.9196011037378
3397 -35.61532159978348 4.783229735122564 225.5455317347227
3398 62.45656407953111 -76.34175960698462 250.6758394467657
3399 -34.26504839605188 -15.4696024371467 220.476592085827
3400 -15.48669454965946 -24.22817554626887 220.2007694923775
3401 18.04024092382757 -62.19199986291944 231.2346867361323
3402 14.90062890097165 27.69364633523355 223.4862413202931
3403 -55.40525867824248 33.35839765767135 232.4905306855719
3404 32.52494745138363 53.81427595906805 230.6550934988159
3405 29.56084957145721 18.89694486720779 217.6581301841651
3406 -4.665654765445096 35.17645246241301 220.3667628168653
3407 -51.2135241242995 -42.23580434353211 230.4953594765686
3408 -31.089327361513 56.57273694189013 229.7066069044947
3409 71.23737624959065 83.57415424123151 252.5307017442424
3410 31.39440270654412 0.2465631193045943 217.8086193461122
3411 36.26501783532397 -18.19899829520277 218.5056243083224
3412 22.40870601690226 -28.75928496732854 216.8793046198005
3413 5.857809061522132 -34.08201196992356 216.7557120843584
3414 59.73877604248423 -1.710247896365855 229.3934872581719
3415 15.76055217195661 79.9904959797683 229.6632109108261
3416 66.85972986785775 -34.47392208342679 231.5626360763663
3417 -0.6733470384635314 59.46170780145592 222.945108953837
3418 -22.11422037139718 97.29415275074965 241.0974485592824
3419 -36.89943053518665 21.31793193483031 217.7385597269062
3420 12.29669829570089 -50.09299632794667 216.2341773194283
3421 -9.962397609650136 -57.2963544980999 222.4588059903033
3422 -19.55788745092651 33.71753457478601 215.0937057888729
3423 -98.68577765555541 38.85981312197448 241.3172497118253
3424 3.443545092665021 -9.809399851456757 221.7038166592371
3425 32.48508138754272 37.54935139812032 217.3866083227264
3426 48.28340249153712 -65.3082067799499 323.8456900797947
3427 -59.88395618422396 -3.773954450758366 223.2961368273621
3428 -26.32017850107945 67.93831516434739 326.3244455943224
3429 -36.08987701840333 -76.53300738620653 231.9663705490524
3430 68.50352617345901 73.46839554761735 324.4107786231257
3431 102.5529479671204 -43.90046825345139 234.9096581077841
3432 -29.2349947473011 -5.548040136524287 212.9048650149289
3433 -45.38612596360901 -3.852163233078243 215.2074789310262
3434 -20.8771291564004 17.10264148336948 215.5448660229826
3435 -75.06542554213607 -79.86240462458693 335.9509773196929
3436 17.42445729190788 -14.44825224569465 214.2155563217956
3437 7.539771916621064 18.79072186871621 191.1803
3438 -5.439728083378931 46.10458421983027 191.1803
3439 8.874999999116955 37.93286895844802 188.195295247475
3440 12.09854686801211 -43.75869589352097 191.1803
3441 -12.44664024877892 -43.80698334802279 190.2927843520956
3442 10.99249429467667 -30.68925776693975 188.0303059899879
3443 -14.75 35.62 187.6754605208333
3444 -5.982656177461391 28.41875039370803 188.9474098931294
3445 -11.10916627463706 -35.43267814082601 187.7096255970669
3446 13.26160614192011 29.62 189.5553
3447 9.957495370375337 -23.13421783828273 189.7758137702472
3448 -9.957495369489578 -23.13421783739695 189.7758137715664
3449 22.4963164426105 -9.319593974703128 193.921589256925
3450 -22.4963164426105 9.319593974703128 193.921589256925
3451 -9.331499999340956 22.52501703772136 193.9400312489818
3452 12.02523702885912 -65.60106316456493 189.9486818218536
3453 2.999999999999999 -75.17774979564608 192.8053
3454 13.81383309370913 -55.44768001493855 190.7424234383797
3455 -13.9211171842187 -56.35622986532838 191.1803
3456 -12.32838776998453 -66.10632273281928 191.1803
3457 -46.66267569831248 13.17508635458731 194.1229544206301
3458 9.951750000000001 23.90116834490235 194.7700808125
3459 -9.957495369489578 -23.91282385622792 194.7765706949873
3460 -3.191504629624663 -20.96883266106848 193.7854835317407
3461 9.957495370375337 -23.9128238580233 194.7765706959861
3462 5.39797811498707 35.41042144135258 191.2537454754252
3463 -44.5075843265406 3.463895836830488e-14 194.1230094528234
3464 -8.695581028699554 -29.61569679474104 190.9660347885132
3465 -11.54059148704697 36.70333333333333 191.1803
3466 -17.75435747350832 -11.16606752636779 193.9217238184321
3467 43.39692105347968 -4.39166334635124 194.1231393879161
3468 -32.14569678899093 2.539290149881424 188.9017762206232
3469 1.412358133669618 39.74469146658384 191.1803
3470 -23.20824961068869 41.85016966463301 189.5099064304562
3471 21.25047702004813 4.659522055413025 193.9210267134873
3472 3 -21.03256972091426 189.5553
3473 -43.73136061835937 -13.17508635458727 194.1229544206301
3474 27.01290868009578 -10.34245639963114 188.2687461391261
3475 -1.412358133669618 25.49530853341615 191.1803
3476 -13.61916166295169 43.30849095365493 194.707320813616
3477 35.99097592482485 -13.3201414785874 189.2610651086771
3478 -2.423988672210355 -72.97848818891445 190.4193169916845
3479 36.4067277273213 4.391663346351169 186.6768797856168
3480 16.89699866343913 -26.01143540820603 187.7986629352673
3481 15.57469937214988 23.67601091888541 189.0126833148759
3482 30.9862445695168 -30.98624456951682 194.1213640900879
3483 -31.04348285180718 21.33975011130937 187.7202988782772
3484 -8.723817407980851 -42.87492475885115 195.1467719068111
3485 8.783311674280077 -41.40490265034683 194.1230314384774
3486 -17.54302179864784 -27.67410085197716 188.7340668805745
3487 -25.5899176899483 -22.01115781691765 188.9192391303175
3488 -27.14025094298049 -11.94510949923367 188.6108831921711
3489 38.7187191693233 25.31577268701189 192.2416273960373
3490 -21.21103129316623 -4.659522055413025 193.9210267134873
3491 15.46761316663568 15.46761316663565 193.9217458125684
3492 -10.90992219150101 -50.05744766401413 194.650875562631
3493 0.2993918036649602 -40.29603652548952 195.3427697185795
3494 28.71537449449916 4.440892098500626e-16 187.0379553756829
3495 -1.240500000000001 39.1974639289047 195.6882639285714
3496 25.91961115334938 -38.34744573452714 191.2365235412823
3497 1.240500000000001 26.04253607109529 195.6882639285714
3498 8.874999999116955 42.60206599948784 194.1674310415521
3499 19.49233361419442 31.92016819537216 188.7005725607497
3500 45.69272618061672 -13.17508635458731 192.1568534579342
3501 22.27310230617532 21.45101462781782 188.9642596251807
3502 -6.611838336428691 42.18873921467103 194.7073208143396
3503 -10.1332651838731 -78.45279162771917 194.6394010731579
3504 8.783311674280077 -36.80892658306829 191.0642149580909
3505 -36.58333892632279 -12.9346752077486 188.9482701000696
3506 -74.94216986539955 63.67184208444937 192.9295960462949
3507 -67.73596579559056 17.32210956315502 192.3499316829511
3508 -76.1098847216446 22.27233532097731 194.7326493045831
3509 -85.49222282252619 26.03320993838808 194.5170553244949
3510 -32.93982340627623 11.8309400363672 189.5529110366484
3511 9.521930455789573 34.60294513054641 191.1803
3512 77.97934622223751 -28.44750787652294 195.415268961515
3513 -77.39342950361034 -20.17928708083422 193.8947464511755
3514 -86.83395314611931 -17.05796016807597 191.617906341434
3515 60.2739528722399 69.60856129112751 192.1221525327271
3516 26.05611400267185 38.48394858384958 191.143771514069
3517 39.85213595830124 -21.21021590435693 194.1213090348031
3518 8.000221972369641 -29.22591390689166 191.4051355682835
3519 -23.34469217192469 -41.986612225869 190.8291794535579
3520 -33.50192193822104 -27.28799401713862 194.1214942245624
3521 -45.73576249742398 96.84021356690528 192.5988368052926
3522 -30.96790405837866 30.96790405837868 194.1213640900879
3523 -38.36332338284145 25.93548880166371 191.3617266218957
3524 74.93230205528116 32.50196450777524 192.7774554468537
3525 83.07710024568297 39.26987956681867 192.6279700356964
3526 81.53473396217591 23.57339021255543 192.292152613944
3527 81.7417169873943 50.15460437032549 194.6182554852707
3528 3 -71.30499647087639 189.5553
3529 75.18505120865306 84.65411073665668 192.9709372846329
3530 44.74607454779867 4.391663346351168 190.4331979712965
3531 -71.88774779143856 -87.72022880872636 194.2173614831274
3532 -82.03581162023688 -85.6194799156041 194.6676370997364
3533 40.25051339485593 81.74183689227959 194.6443301959222
3534 -2.677768248059573 -52.79065525343091 196.6691287191143
3535 -13.79702747228115 28.98781062647561 188.6223468032812
3536 -27.49544992830769 79.47552802376907 192.6974913576106
3537 -38.35163976853919 77.97968962406601 194.440799243555
3538 20.30548296059702 -20.30548296059706 188.716306652216
3539 85.49106296316964 -45.84752211143451 193.911280662388
3540 -63.80787033853107 -81.75365129051302 194.0429056089154
3541 -82.39778953715627 -65.08024749725389 195.116525729515
3542 -77.97156096122455 -55.7360645282382 194.7716796822564
3543 -24.53068016297753 36.95851474415529 194.121386109498
3544 42.68570314090574 8.783311674280077 194.1230314384774
3545 -5.182415937540203 -40.64487220657377 195.2806890490274
3546 5.182415937540153 -40.64487220657374 195.2806890490274
3547 -6.465575242896052 -45.17338966405905 186.6235580697559
3548 -4.315057595338973 81.72368312048533 194.2492451765668
3549 30.6324896341098 21.55053072566367 190.042871116921
3550 31.25121345779195 31.25121345779193 189.8872419729072
3551 3.749249999999996 23.79757307198493 192.61909253125
3552 -23.00420237161809 19.96604878104567 188.2651717632991
3553 26.19965533867707 -22.86783382936975 189.0209192207217
3554 34.70555348078517 -22.27771889960744 187.1526611629452
3555 85.48677525599228 -55.76338304491408 193.772590982266
3556 33.33633677168859 11.77412737070615 188.0199978654907
3557 26.95560495039815 13.77888248249076 188.7099994778729
3558 77.84673683440748 -10.57691228523887 193.3442338397288
3559 31.47206557959903 27.53578249577097 196.4803
3560 -14.4341221690105 21.02241211615103 187.9377329704698
3561 -25.7539306612136 25.75393066121362 188.9607990946064
3562 -8.528562963232211 -37.80032748146005 190.9848573792258
3563 15.20808638382471 -17.53818598783992 196.4803
3564 -98.1418098595572 -23.67676799606762 192.1680725301385
3565 22.63500156187248 -28.8489294829549 188.9079763248057
3566 -0.06344245750858747 -30.68725299415506 194.3746603252089
3567 0 -64.68240503786674 194.6512345997087
3568 -4.440892098500626e-16 -30.55759496213325 187.7093654002913
3569 1.041344742927468 -36.35242337994378 186.6424260266267
3570 0 -54.93236448639367 187.7096720562358
3571 0 -54.93236448639367 194.6509279437642
3572 0 -40.30763551360634 187.7096720562358
3573 0 -50.05744766615859 187.709724442596
3574 0 -50.05744766615859 194.650875557404
3575 0 -45.18255233384141 187.709724442596
3576 0 -45.18255233384141 194.650875557404
3577 2.220446049250313e-16 -59.80732185917402 194.6509744029331
3578 0.6380541716369061 -60.6824295203297 186.7792053125085
3579 70.38096151031819 -81.69961002913128 194.7233989288432
3580 53.83995626380311 81.72487756455587 194.1896296764038
3581 25.28388475640631 78.21799913236281 194.8539875466189
3582 22.30986956818622 87.73071713298999 194.7458128345797
3583 0 -64.68240503786674 187.7093654002913
3584 10.01283993606454 -62.51784459091357 97.65749872078462
3585 11.91015556601377 61.05999382763261 95.28982245554894
3586 -64.15933765049876 -1.686767489639339 100.7550487403298
3587 -74.33543133482942 -68.42513029457886 111.7852544144167
3588 71.88693850100137 -14.86942759769918 108.962112038701
3589 74.52082278891288 56.96538694402584 114.63347910307
3590 -50.33454708936336 80.82794561555065 83.9928871649001
3591 67.48146661381519 -76.03010656778619 118.2718747245295
3592 -26.94488514911869 -91.26347615255096 125.8998095380418
3593 10.18746559320636 4.226321910094046 119.1445022760747
3594 -86.6356144062966 47.45669631677955 125.8202157155256
3595 -94.68721026499273 -20.7243011016421 132.4273665520255
3596 36.68531084211519 86.24869899417043 130.5854373140304
3597 -4.960470657772856 87.07482778513784 138.1371582939631
3598 13.1639506380445 -91.42408958475841 136.6701363422822
3599 87.2995153568355 18.56334756364313 135.226666542531
3600 -13.19882419698693 43.90273960257473 136.9193350368464
3601 -85.10005177596746 91.1028115744847 135.6841186293401
3602 -66.53192407796961 6.395865600798474 140.6012314857229
3603 -31.30076470738659 -28.83480087192458 130.6841201183827
3604 -78.95084565268132 -51.1472354907124 144.2087300263312
3605 -52.75387203567787 -74.77588179882486 145.3364335910206
3606 76.27587834293814 98.33302003274623 138.340516064753
3607 79.30741051002737 -44.28973330612332 140.0788342781091
3608 43.21526301830157 -76.68000028308855 145.4750720650345
3609 42.92079424108035 -23.0760165316535 139.1406183468282
3610 91.48107040633367 -75.76555942272724 146.199323288845
3611 83.17613936981959 -14.41366164938873 149.1558897626496
3612 76.73826902641879 46.2331382531971 148.2549058815422
3613 37.78392283663857 31.4116296145249 139.7032993423636
3614 6.955615699040258 -38.43371820899225 144.3924932364748
3615 -79.41722325399087 -74.77151909801641 154.5939320904534
3616 51.16944770702379 59.63485358165948 151.7326966041073
3617 17.13015278487342 58.67466235737698 147.3337136188237
3618 68.04129380201715 79.16664617992834 154.6785337707331
3619 -30.29414223810566 -85.94979301204538 154.027984125681
3620 67.48146661381519 -76.03010656778619 155.116035959517
3621 -65.72138109584034 36.07923951273818 150.0162899720751
3622 -70.14657110780229 66.07132573325659 150.6828458650003
3623 -44.86726819140459 83.06983660518732 150.0806850664121
3624 -95.22843734947908 11.77994734272291 150.1780742812964
3625 -10.93814789006831 -80.69178153782694 159.7622199977815
3626 8.94506352440867 -74.07615941326664 164.7940317109701
3627 -72.95296118993718 -18.41752716740772 152.3523791504888
3628 -17.37261466850495 -55.67726717772839 155.3262312186429
3629 -94.68721026499273 -20.7243011016421 158.1585045008443
3630 81.4211115357177 7.290243982795949 157.5508510122961
3631 89.70923799462739 28.87811313535494 158.0924392183927
3632 36.24266256305933 78.54535300139918 156.3642666797601
3633 14.4146575657148 86.20357617646195 157.8386096042852
3634 -4.189417935267005 74.9445141436977 159.0812086158105
3635 -26.33951428155014 61.85300516681825 156.0478494008586
3636 102.0687763961125 76.35523070025322 146.3052326603856
3637 78.15773575055817 -58.4220409232875 159.7679705590685
3638 53.47886607051959 -46.58049876333624 154.1111984610196
3639 73.63424856685357 -39.97214913596307 161.6169992156691
3640 -8.22214826309963 -7.584705260806079 147.6647440164966
3641 60.59834802519899 -5.351841190998148 157.4043281796389
3642 -73.33541967772059 -59.40160607496023 162.3040653845234
3643 24.8007431569634 -57.38622923554541 157.6127656147264
3644 -46.02492196604614 -45.91896831520483 151.5523392286331
3645 -90.59825199499446 37.20286464343356 155.6208887635896
3646 -76.81463134015533 -39.37359411474249 160.9288618037394
3647 83.82432290935409 64.29340937706149 158.7033852738601
3648 -63.904883947114 104.9147444532291 152.6182191312849
3649 -79.93301756057359 21.46407806535683 161.1888503163758
3650 -66.53192407796961 6.395865600798474 160.9228301261935
3651 -38.49606603518922 14.8295380343528 152.4110678215696
3652 101.3878031329634 -46.82892086755436 155.4383725547243
3653 -90.28423549239793 73.87683460941369 158.0814687454277
3654 -75.99573445837314 88.23350158651614 160.7688426176105
3655 66.51920604040814 23.24280008572843 159.5782626816784
3656 95.84205861084104 48.00951801147841 161.0316504533509
3657 -45.39098229771449 -15.85125363753217 155.0758858110317
3658 79.47162367185857 -23.83199018543037 163.8732277916984
3659 80.02853878788007 -7.488942395287636 164.6704491030915
3660 5.269045744514077 22.06525538548249 150.0364991623306
3661 62.10615046096095 -108.0106586283006 149.02308589218
3662 52.95199451961165 -81.17719005488286 163.3512404180086
3663 34.8317241465158 -82.96647799637002 162.8883030288056
3664 -27.31632604885485 81.27083566205312 160.7492908666758
3665 -26.11703137080052 115.6100413921681 147.9756496590454
3666 -41.86576315775658 78.27424193744258 165.1443954941079
3667 95.91642450959233 98.39312003596527 156.7497345107563
3668 -61.66247786854951 77.26179288043052 163.3203765493353
3669 -85.40723922038872 -2.276175979896168 160.8715037062765
$EndNodes
$Elements
21005
1 2 2 5 35 2 1 1227
2 2 2 5 35 1 3 1227
3 2 2 5 35 6 2 1227
4 2 2 5 35 3 6 1227
5 2 2 7 41 8 7 1228
6 2 2 7 41 7 9 1228
7 2 2 7 41 12 8 1228
8 2 2 7 41 9 12 1228
9 2 2 8 43 14 1229 13
10 2 2 8 43 13 1229 244
11 2 2 8 43 15 1229 14
12 2 2 8 43 20 15 243
13 2 2 8 43 244 15 20
14 2 2 8 43 243 15 241
15 2 2 8 43 244 1229 15
16 2 2 8 43 241 16 19
17 2 2 8 43 19 16 242
18 2 2 8 43 18 1230 17
19 2 2 8 43 17 1230 242
20 2 2 8 43 19 1230 18
21 2 2 8 43 243 241 19
22 2 2 8 43 242 1230 19
23 2 2 9 44 13 14 1231
24 2 2 9 44 21 13 1231
25 2 2 9 44 14 22 1231
26 2 2 9 44 22 21 1231
27 2 2 9 45 14 15 1232
28 2 2 9 45 22 14 1232
29 2 2 9 45 15 23 1232
30 2 2 9 45 23 22 1232
31 2 2 9 46 23 15 1234
32 2 2 9 46 15 241 1234
33 2 2 9 46 16 24 1233
34 2 2 9 46 241 16 1233
35 2 2 9 46 245 23 1234
36 2 2 9 46 24 245 1233
37 2 2 9 46 245 241 1233
38 2 2 9 46 241 245 1234
39 2 2 9 47 24 16 1236
40 2 2 9 47 16 242 1236
41 2 2 9 47 17 25 1235
42 2 2 9 47 242 17 1235
43 2 2 9 47 246 24 1236
44 2 2 9 47 25 246 1235
45 2 2 9 47 246 242 1235
46 2 2 9 47 242 246 1236
47 2 2 9 48 17 18 1237
48 2 2 9 48 25 17 1237
49 2 2 9 48 18 26 1237
50 2 2 9 48 26 25 1237
51 2 2 9 49 18 19 1238
52 2 2 9 49 26 18 1238
53 2 2 9 49 19 27 1238
54 2 2 9 49 27 26 1238
55 2 2 9 50 27 19 1240
56 2 2 9 50 19 243 1240
57 2 2 9 50 20 28 1239
58 2 2 9 50 243 20 1239
59 2 2 9 50 247 27 1240
60 2 2 9 50 28 247 1239
61 2 2 9 50 247 243 1239
62 2 2 9 50 243 247 1240
63 2 2 9 51 13 21 1241
64 2 2 9 51 244 13 1241
65 2 2 9 51 28 20 1242
66 2 2 9 51 20 244 1242
67 2 2 9 51 21 248 1241
68 2 2 9 51 248 28 1242
69 2 2 9 51 248 244 1241
70 2 2 9 51 244 248 1242
71 2 2 8 53 30 1243 29
72 2 2 8 53 29 1243 32
73 2 2 8 53 31 1243 30
74 2 2 8 53 32 1243 31
75 2 2 10 58 34 1244 33
76 2 2 10 58 33 1244 36
77 2 2 10 58 35 1244 34
78 2 2 10 58 36 1244 35
79 2 2 8 59 38 1245 37
80 2 2 8 59 37 1245 40
81 2 2 8 59 39 1245 38
82 2 2 8 59 40 1245 39
83 2 2 12 64 42 1246 41
84 2 2 12 64 41 1246 44
85 2 2 12 64 43 1246 42
86 2 2 12 64 44 1246 43
87 2 2 6 65 46 1247 45
88 2 2 6 65 45 1247 48
89 2 2 6 65 47 1247 46
90 2 2 6 65 48 1247 47
91 2 2 12 70 50 1248 49
92 2 2 12 70 49 1248 52
93 2 2 12 70 51 1248 50
94 2 2 12 70 52 1248 51
95 2 2 4 71 54 1249 53
96 2 2 4 71 53 1249 56
97 2 2 4 71 55 1249 54
98 2 2 4 71 56 1249 55
99 2 2 10 76 58 1250 57
100 2 2 10 76 57 1250 60
101 2 2 10 76 59 1250 58
102 2 2 10 76 60 1250 59
103 2 2 3 173 61 64 249
104 2 2 3 173 306 63 62
105 2 2 3 173 62 277 306
106 2 2 3 173 64 278 249
107 2 2 3 173 249 278 250
108 2 2 3 173 250 279 251
109 2 2 3 173 278 279 250
110 2 2 3 173 251 280 252
111 2 2 3 173 279 280 251
112 2 2 3 173 252 281 253
113 2 2 3 173 280 281 252
114 2 2 3 173 253 282 254
115 2 2 3 173 281 282 253
116 2 2 3 173 254 283 255
117 2 2 3 173 282 283 254
118 2 2 3 173 255 284 256
119 2 2 3 173 283 284 255
120 2 2 3 173 256 285 257
121 2 2 3 173 284 285 256
122 2 2 3 173 257 286 258
123 2 2 3 173 285 286 257
124 2 2 3 173 258 287 259
125 2 2 3 173 286 287 258
126 2 2 3 173 259 288 260
127 2 2 3 173 287 288 259
128 2 2 3 173 260 289 261
129 2 2 3 173 288 289 260
130 2 2 3 173 261 290 262
131 2 2 3 173 289 290 261
132 2 2 3 173 262 291 263
133 2 2 3 173 290 291 262
134 2 2 3 173 263 292 264
135 2 2 3 173 291 292 263
136 2 2 3 173 264 293 265
137 2 2 3 173 292 293 264
138 2 2 3 173 265 294 266
139 2 2 3 173 293 294 265
140 2 2 3 173 266 295 267
141 2 2 3 173 294 295 266
142 2 2 3 173 267 297 268
143 2 2 3 173 295 296 267
144 2 2 3 173 267 296 297
145 2 2 3 173 268 297 269
146 2 2 3 173 269 298 270
147 2 2 3 173 297 298 269
148 2 2 3 173 270 300 271
149 2 2 3 173 298 299 270
150 2 2 3 173 270 299 300
151 2 2 3 173 271 300 272
152 2 2 3 173 272 301 273
153 2 2 3 173 300 301 272
154 2 2 3 173 273 302 274
155 2 2 3 173 301 302 273
156 2 2 3 173 275 274 304
157 2 2 3 173 302 303 274
158 2 2 3 173 274 303 304
159 2 2 3 173 305 276 275
160 2 2 3 173 305 275 304
161 2 2 3 173 306 277 276
162 2 2 3 173 306 276 305
163 2 2 2 174 249 1264 61
164 2 2 2 174 61 1349 382
165 2 2 2 174 61 1264 1252
166 2 2 2 174 1252 1349 61
167 2 2 2 174 62 1320 277
168 2 2 2 174 307 1314 62
169 2 2 2 174 62 1314 1254
170 2 2 2 174 1254 1320 62
171 2 2 2 174 65 1318 335
172 2 2 2 174 336 1316 65
173 2 2 2 174 65 1316 1255
174 2 2 2 174 1255 1318 65
175 2 2 2 174 66 1265 364
176 2 2 2 174 377 1346 66
177 2 2 2 174 1253 1265 66
178 2 2 2 174 66 1346 1253
179 2 2 2 174 67 1257 365
180 2 2 2 174 378 1312 67
181 2 2 2 174 1251 1257 67
182 2 2 2 174 67 1312 1251
183 2 2 2 174 68 1436 378
184 2 2 2 174 380 1436 68
185 2 2 2 174 69 1435 379
186 2 2 2 174 381 1435 69
187 2 2 2 174 70 1312 381
188 2 2 2 174 394 1256 70
189 2 2 2 174 70 1256 1251
190 2 2 2 174 1251 1312 70
191 2 2 2 174 395 1439 71
192 2 2 2 174 71 1439 534
193 2 2 2 174 72 1440 429
194 2 2 2 174 430 1440 72
195 2 2 2 174 73 1441 464
196 2 2 2 174 465 1441 73
197 2 2 2 174 74 1442 499
198 2 2 2 174 500 1442 74
199 2 2 2 174 250 1323 249
200 2 2 2 174 249 1323 1264
201 2 2 2 174 251 1322 250
202 2 2 2 174 1322 1323 250
203 2 2 2 174 252 1302 251
204 2 2 2 174 1302 1322 251
205 2 2 2 174 253 1401 252
206 2 2 2 174 252 1401 1302
207 2 2 2 174 254 1296 253
208 2 2 2 174 1296 1401 253
209 2 2 2 174 255 1413 254
210 2 2 2 174 254 1413 1296
211 2 2 2 174 256 1290 255
212 2 2 2 174 1290 1413 255
213 2 2 2 174 257 1359 256
214 2 2 2 174 256 1359 1290
215 2 2 2 174 258 1284 257
216 2 2 2 174 1284 1359 257
217 2 2 2 174 259 1369 258
218 2 2 2 174 258 1369 1284
219 2 2 2 174 260 1277 259
220 2 2 2 174 1277 1369 259
221 2 2 2 174 261 1389 260
222 2 2 2 174 260 1389 1277
223 2 2 2 174 262 1271 261
224 2 2 2 174 1271 1389 261
225 2 2 2 174 263 1385 262
226 2 2 2 174 262 1385 1271
227 2 2 2 174 264 1269 263
228 2 2 2 174 1269 1385 263
229 2 2 2 174 265 1351 264
230 2 2 2 174 264 1351 1269
231 2 2 2 174 266 1275 265
232 2 2 2 174 1275 1351 265
233 2 2 2 174 267 1334 266
234 2 2 2 174 266 1334 1275
235 2 2 2 174 268 1335 267
236 2 2 2 174 267 1335 1334
237 2 2 2 174 269 1280 268
238 2 2 2 174 1280 1335 268
239 2 2 2 174 270 1363 269
240 2 2 2 174 269 1363 1280
241 2 2 2 174 271 1286 270
242 2 2 2 174 1286 1363 270
243 2 2 2 174 272 1409 271
244 2 2 2 174 271 1409 1286
245 2 2 2 174 273 1292 272
246 2 2 2 174 1292 1409 272
247 2 2 2 174 274 1397 273
248 2 2 2 174 273 1397 1292
249 2 2 2 174 275 1298 274
250 2 2 2 174 1298 1397 274
251 2 2 2 174 276 1375 275
252 2 2 2 174 275 1375 1298
253 2 2 2 174 277 1307 276
254 2 2 2 174 1307 1375 276
255 2 2 2 174 277 1320 1307
256 2 2 2 174 308 1304 307
257 2 2 2 174 1304 1314 307
258 2 2 2 174 309 1379 308
259 2 2 2 174 308 1379 1304
260 2 2 2 174 310 1301 309
261 2 2 2 174 1301 1379 309
262 2 2 2 174 311 1405 310
263 2 2 2 174 310 1405 1301
264 2 2 2 174 312 1295 311
265 2 2 2 174 1295 1405 311
266 2 2 2 174 313 1415 312
267 2 2 2 174 312 1415 1295
268 2 2 2 174 314 1288 313
269 2 2 2 174 1288 1415 313
270 2 2 2 174 315 1361 314
271 2 2 2 174 314 1361 1288
272 2 2 2 174 316 1282 315
273 2 2 2 174 1282 1361 315
274 2 2 2 174 317 1343 316
275 2 2 2 174 316 1343 1282
276 2 2 2 174 318 1342 317
277 2 2 2 174 1342 1343 317
278 2 2 2 174 319 1274 318
279 2 2 2 174 1274 1342 318
280 2 2 2 174 320 1355 319
281 2 2 2 174 319 1355 1274
282 2 2 2 174 321 1268 320
283 2 2 2 174 1268 1355 320
284 2 2 2 174 322 1387 321
285 2 2 2 174 321 1387 1268
286 2 2 2 174 323 1273 322
287 2 2 2 174 1273 1387 322
288 2 2 2 174 324 1393 323
289 2 2 2 174 323 1393 1273
290 2 2 2 174 325 1279 324
291 2 2 2 174 1279 1393 324
292 2 2 2 174 326 1373 325
293 2 2 2 174 325 1373 1279
294 2 2 2 174 327 1283 326
295 2 2 2 174 1283 1373 326
296 2 2 2 174 328 1367 327
297 2 2 2 174 327 1367 1283
298 2 2 2 174 329 1289 328
299 2 2 2 174 1289 1367 328
300 2 2 2 174 330 1417 329
301 2 2 2 174 329 1417 1289
302 2 2 2 174 331 1294 330
303 2 2 2 174 1294 1417 330
304 2 2 2 174 332 1399 331
305 2 2 2 174 331 1399 1294
306 2 2 2 174 333 1300 332
307 2 2 2 174 1300 1399 332
308 2 2 2 174 334 1381 333
309 2 2 2 174 333 1381 1300
310 2 2 2 174 335 1305 334
311 2 2 2 174 1305 1381 334
312 2 2 2 174 335 1318 1305
313 2 2 2 174 337 1306 336
314 2 2 2 174 1306 1316 336
315 2 2 2 174 338 1377 337
316 2 2 2 174 337 1377 1306
317 2 2 2 174 339 1303 338
318 2 2 2 174 1303 1377 338
319 2 2 2 174 340 1403 339
320 2 2 2 174 339 1403 1303
321 2 2 2 174 341 1297 340
322 2 2 2 174 1297 1403 340
323 2 2 2 174 342 1411 341
324 2 2 2 174 341 1411 1297
325 2 2 2 174 343 1291 342
326 2 2 2 174 1291 1411 342
327 2 2 2 174 344 1357 343
328 2 2 2 174 343 1357 1291
329 2 2 2 174 345 1285 344
330 2 2 2 174 1285 1357 344
331 2 2 2 174 346 1371 345
332 2 2 2 174 345 1371 1285
333 2 2 2 174 347 1278 346
334 2 2 2 174 1278 1371 346
335 2 2 2 174 348 1391 347
336 2 2 2 174 347 1391 1278
337 2 2 2 174 349 1272 348
338 2 2 2 174 1272 1391 348
339 2 2 2 174 350 1383 349
340 2 2 2 174 349 1383 1272
341 2 2 2 174 351 1270 350
342 2 2 2 174 1270 1383 350
343 2 2 2 174 352 1353 351
344 2 2 2 174 351 1353 1270
345 2 2 2 174 353 1276 352
346 2 2 2 174 1276 1353 352
347 2 2 2 174 354 1338 353
348 2 2 2 174 353 1338 1276
349 2 2 2 174 355 1339 354
350 2 2 2 174 354 1339 1338
351 2 2 2 174 356 1281 355
352 2 2 2 174 1281 1339 355
353 2 2 2 174 357 1365 356
354 2 2 2 174 356 1365 1281
355 2 2 2 174 358 1287 357
356 2 2 2 174 1287 1365 357
357 2 2 2 174 359 1407 358
358 2 2 2 174 358 1407 1287
359 2 2 2 174 360 1293 359
360 2 2 2 174 1293 1407 359
361 2 2 2 174 361 1395 360
362 2 2 2 174 360 1395 1293
363 2 2 2 174 362 1299 361
364 2 2 2 174 1299 1395 361
365 2 2 2 174 363 1325 362
366 2 2 2 174 362 1325 1299
367 2 2 2 174 364 1326 363
368 2 2 2 174 363 1326 1325
369 2 2 2 174 1265 1326 364
370 2 2 2 174 365 1433 366
371 2 2 2 174 1257 1433 365
372 2 2 2 174 366 1311 367
373 2 2 2 174 366 1433 1311
374 2 2 2 174 367 1431 368
375 2 2 2 174 1311 1431 367
376 2 2 2 174 368 1308 369
377 2 2 2 174 368 1431 1308
378 2 2 2 174 369 1430 370
379 2 2 2 174 1308 1430 369
380 2 2 2 174 370 1267 371
381 2 2 2 174 370 1430 1267
382 2 2 2 174 371 1427 372
383 2 2 2 174 1267 1427 371
384 2 2 2 174 372 1262 373
385 2 2 2 174 372 1427 1262
386 2 2 2 174 373 1423 374
387 2 2 2 174 1262 1423 373
388 2 2 2 174 374 1260 375
389 2 2 2 174 374 1423 1260
390 2 2 2 174 375 1421 376
391 2 2 2 174 1260 1421 375
392 2 2 2 174 376 1259 377
393 2 2 2 174 376 1421 1259
394 2 2 2 174 1259 1346 377
395 2 2 2 174 378 1436 1312
396 2 2 2 174 379 1312 380
397 2 2 2 174 379 1435 1312
398 2 2 2 174 1312 1436 380
399 2 2 2 174 1312 1435 381
400 2 2 2 174 382 1258 383
401 2 2 2 174 382 1349 1258
402 2 2 2 174 383 1419 384
403 2 2 2 174 1258 1419 383
404 2 2 2 174 384 1261 385
405 2 2 2 174 384 1419 1261
406 2 2 2 174 385 1425 386
407 2 2 2 174 1261 1425 385
408 2 2 2 174 386 1263 387
409 2 2 2 174 386 1425 1263
410 2 2 2 174 387 1428 388
411 2 2 2 174 1263 1428 387
412 2 2 2 174 388 1266 389
413 2 2 2 174 388 1428 1266
414 2 2 2 174 389 1429 390
415 2 2 2 174 1266 1429 389
416 2 2 2 174 390 1309 391
417 2 2 2 174 390 1429 1309
418 2 2 2 174 391 1432 392
419 2 2 2 174 1309 1432 391
420 2 2 2 174 392 1310 393
421 2 2 2 174 392 1432 1310
422 2 2 2 174 393 1434 394
423 2 2 2 174 1310 1434 393
424 2 2 2 174 394 1434 1256
425 2 2 2 174 396 1254 395
426 2 2 2 174 1254 1439 395
427 2 2 2 174 397 1330 396
428 2 2 2 174 396 1330 1254
429 2 2 2 174 398 1319 397
430 2 2 2 174 1319 1330 397
431 2 2 2 174 399 1307 398
432 2 2 2 174 1307 1319 398
433 2 2 2 174 400 1376 399
434 2 2 2 174 399 1376 1307
435 2 2 2 174 401 1298 400
436 2 2 2 174 1298 1376 400
437 2 2 2 174 402 1398 401
438 2 2 2 174 401 1398 1298
439 2 2 2 174 403 1292 402
440 2 2 2 174 1292 1398 402
441 2 2 2 174 404 1410 403
442 2 2 2 174 403 1410 1292
443 2 2 2 174 405 1286 404
444 2 2 2 174 1286 1410 404
445 2 2 2 174 406 1364 405
446 2 2 2 174 405 1364 1286
447 2 2 2 174 407 1280 406
448 2 2 2 174 1280 1364 406
449 2 2 2 174 408 1336 407
450 2 2 2 174 407 1336 1280
451 2 2 2 174 409 1333 408
452 2 2 2 174 1333 1336 408
453 2 2 2 174 410 1275 409
454 2 2 2 174 1275 1333 409
455 2 2 2 174 411 1352 410
456 2 2 2 174 410 1352 1275
457 2 2 2 174 412 1269 411
458 2 2 2 174 1269 1352 411
459 2 2 2 174 413 1386 412
460 2 2 2 174 412 1386 1269
461 2 2 2 174 414 1271 413
462 2 2 2 174 1271 1386 413
463 2 2 2 174 415 1390 414
464 2 2 2 174 414 1390 1271
465 2 2 2 174 416 1277 415
466 2 2 2 174 1277 1390 415
467 2 2 2 174 417 1370 416
468 2 2 2 174 416 1370 1277
469 2 2 2 174 418 1284 417
470 2 2 2 174 1284 1370 417
471 2 2 2 174 419 1360 418
472 2 2 2 174 418 1360 1284
473 2 2 2 174 420 1290 419
474 2 2 2 174 1290 1360 419
475 2 2 2 174 421 1414 420
476 2 2 2 174 420 1414 1290
477 2 2 2 174 422 1296 421
478 2 2 2 174 1296 1414 421
479 2 2 2 174 423 1402 422
480 2 2 2 174 422 1402 1296
481 2 2 2 174 424 1302 423
482 2 2 2 174 1302 1402 423
483 2 2 2 174 425 1321 424
484 2 2 2 174 424 1321 1302
485 2 2 2 174 426 1328 425
486 2 2 2 174 425 1328 1321
487 2 2 2 174 427 1264 426
488 2 2 2 174 1264 1328 426
489 2 2 2 174 428 1252 427
490 2 2 2 174 1252 1264 427
491 2 2 2 174 429 1252 428
492 2 2 2 174 429 1440 1252
493 2 2 2 174 431 1252 430
494 2 2 2 174 1252 1440 430
495 2 2 2 174 432 1350 431
496 2 2 2 174 431 1350 1252
497 2 2 2 174 433 1348 432
498 2 2 2 174 1348 1350 432
499 2 2 2 174 434 1258 433
500 2 2 2 174 1258 1348 433
501 2 2 2 174 435 1420 434
502 2 2 2 174 434 1420 1258
503 2 2 2 174 436 1261 435
504 2 2 2 174 1261 1420 435
505 2 2 2 174 437 1426 436
506 2 2 2 174 436 1426 1261
507 2 2 2 174 438 1263 437
508 2 2 2 174 1263 1426 437
509 2 2 2 174 439 1438 438
510 2 2 2 174 438 1438 1263
511 2 2 2 174 440 1266 439
512 2 2 2 174 1266 1438 439
513 2 2 2 174 441 1309 440
514 2 2 2 174 440 1429 1266
515 2 2 2 174 1309 1429 440
516 2 2 2 174 442 1309 441
517 2 2 2 174 443 1310 442
518 2 2 2 174 442 1432 1309
519 2 2 2 174 1310 1432 442
520 2 2 2 174 444 1310 443
521 2 2 2 174 445 1256 444
522 2 2 2 174 1256 1434 444
523 2 2 2 174 444 1434 1310
524 2 2 2 174 446 1256 445
525 2 2 2 174 447 1251 446
526 2 2 2 174 1251 1256 446
527 2 2 2 174 448 1251 447
528 2 2 2 174 449 1257 448
529 2 2 2 174 448 1257 1251
530 2 2 2 174 450 1257 449
531 2 2 2 174 451 1311 450
532 2 2 2 174 450 1433 1257
533 2 2 2 174 1311 1433 450
534 2 2 2 174 452 1311 451
535 2 2 2 174 453 1308 452
536 2 2 2 174 1308 1431 452
537 2 2 2 174 452 1431 1311
538 2 2 2 174 454 1308 453
539 2 2 2 174 455 1267 454
540 2 2 2 174 1267 1430 454
541 2 2 2 174 454 1430 1308
542 2 2 2 174 456 1437 455
543 2 2 2 174 455 1437 1267
544 2 2 2 174 457 1262 456
545 2 2 2 174 1262 1437 456
546 2 2 2 174 458 1424 457
547 2 2 2 174 457 1424 1262
548 2 2 2 174 459 1260 458
549 2 2 2 174 1260 1424 458
550 2 2 2 174 460 1422 459
551 2 2 2 174 459 1422 1260
552 2 2 2 174 461 1259 460
553 2 2 2 174 1259 1422 460
554 2 2 2 174 462 1345 461
555 2 2 2 174 461 1345 1259
556 2 2 2 174 463 1347 462
557 2 2 2 174 462 1347 1345
558 2 2 2 174 464 1253 463
559 2 2 2 174 1253 1347 463
560 2 2 2 174 464 1441 1253
561 2 2 2 174 466 1253 465
562 2 2 2 174 1253 1441 465
563 2 2 2 174 467 1253 466
564 2 2 2 174 468 1265 467
565 2 2 2 174 467 1265 1253
566 2 2 2 174 469 1327 468
567 2 2 2 174 468 1327 1265
568 2 2 2 174 470 1324 469
569 2 2 2 174 1324 1327 469
570 2 2 2 174 471 1299 470
571 2 2 2 174 1299 1324 470
572 2 2 2 174 472 1396 471
573 2 2 2 174 471 1396 1299
574 2 2 2 174 473 1293 472
575 2 2 2 174 1293 1396 472
576 2 2 2 174 474 1408 473
577 2 2 2 174 473 1408 1293
578 2 2 2 174 475 1287 474
579 2 2 2 174 1287 1408 474
580 2 2 2 174 476 1366 475
581 2 2 2 174 475 1366 1287
582 2 2 2 174 477 1281 476
583 2 2 2 174 1281 1366 476
584 2 2 2 174 478 1340 477
585 2 2 2 174 477 1340 1281
586 2 2 2 174 479 1337 478
587 2 2 2 174 1337 1340 478
588 2 2 2 174 480 1276 479
589 2 2 2 174 1276 1337 479
590 2 2 2 174 481 1354 480
591 2 2 2 174 480 1354 1276
592 2 2 2 174 482 1270 481
593 2 2 2 174 1270 1354 481
594 2 2 2 174 483 1384 482
595 2 2 2 174 482 1384 1270
596 2 2 2 174 484 1272 483
597 2 2 2 174 1272 1384 483
598 2 2 2 174 485 1392 484
599 2 2 2 174 484 1392 1272
600 2 2 2 174 486 1278 485
601 2 2 2 174 1278 1392 485
602 2 2 2 174 487 1372 486
603 2 2 2 174 486 1372 1278
604 2 2 2 174 488 1285 487
605 2 2 2 174 1285 1372 487
606 2 2 2 174 489 1358 488
607 2 2 2 174 488 1358 1285
608 2 2 2 174 490 1291 489
609 2 2 2 174 1291 1358 489
610 2 2 2 174 491 1412 490
611 2 2 2 174 490 1412 1291
612 2 2 2 174 492 1297 491
613 2 2 2 174 1297 1412 491
614 2 2 2 174 493 1404 492
615 2 2 2 174 492 1404 1297
616 2 2 2 174 494 1303 493
617 2 2 2 174 1303 1404 493
618 2 2 2 174 495 1378 494
619 2 2 2 174 494 1378 1303
620 2 2 2 174 496 1306 495
621 2 2 2 174 1306 1378 495
622 2 2 2 174 497 1315 496
623 2 2 2 174 496 1315 1306
624 2 2 2 174 498 1332 497
625 2 2 2 174 497 1332 1315
626 2 2 2 174 499 1255 498
627 2 2 2 174 1255 1332 498
628 2 2 2 174 499 1442 1255
629 2 2 2 174 501 1255 500
630 2 2 2 174 1255 1442 500
631 2 2 2 174 502 1329 501
632 2 2 2 174 501 1329 1255
633 2 2 2 174 503 1317 502
634 2 2 2 174 1317 1329 502
635 2 2 2 174 504 1305 503
636 2 2 2 174 1305 1317 503
637 2 2 2 174 505 1382 504
638 2 2 2 174 504 1382 1305
639 2 2 2 174 506 1300 505
640 2 2 2 174 1300 1382 505
641 2 2 2 174 507 1400 506
642 2 2 2 174 506 1400 1300
643 2 2 2 174 508 1294 507
644 2 2 2 174 1294 1400 507
645 2 2 2 174 509 1418 508
646 2 2 2 174 508 1418 1294
647 2 2 2 174 510 1289 509
648 2 2 2 174 1289 1418 509
649 2 2 2 174 511 1368 510
650 2 2 2 174 510 1368 1289
651 2 2 2 174 512 1283 511
652 2 2 2 174 1283 1368 511
653 2 2 2 174 513 1374 512
654 2 2 2 174 512 1374 1283
655 2 2 2 174 514 1279 513
656 2 2 2 174 1279 1374 513
657 2 2 2 174 515 1394 514
658 2 2 2 174 514 1394 1279
659 2 2 2 174 516 1273 515
660 2 2 2 174 1273 1394 515
661 2 2 2 174 517 1388 516
662 2 2 2 174 516 1388 1273
663 2 2 2 174 518 1268 517
664 2 2 2 174 1268 1388 517
665 2 2 2 174 519 1356 518
666 2 2 2 174 518 1356 1268
667 2 2 2 174 520 1274 519
668 2 2 2 174 1274 1356 519
669 2 2 2 174 521 1341 520
670 2 2 2 174 520 1341 1274
671 2 2 2 174 522 1344 521
672 2 2 2 174 521 1344 1341
673 2 2 2 174 523 1282 522
674 2 2 2 174 1282 1344 522
675 2 2 2 174 524 1362 523
676 2 2 2 174 523 1362 1282
677 2 2 2 174 525 1288 524
678 2 2 2 174 1288 1362 524
679 2 2 2 174 526 1416 525
680 2 2 2 174 525 1416 1288
681 2 2 2 174 527 1295 526
682 2 2 2 174 1295 1416 526
683 2 2 2 174 528 1406 527
684 2 2 2 174 527 1406 1295
685 2 2 2 174 529 1301 528
686 2 2 2 174 1301 1406 528
687 2 2 2 174 530 1380 529
688 2 2 2 174 529 1380 1301
689 2 2 2 174 531 1304 530
690 2 2 2 174 1304 1380 530
691 2 2 2 174 532 1313 531
692 2 2 2 174 531 1313 1304
693 2 2 2 174 533 1331 532
694 2 2 2 174 532 1331 1313
695 2 2 2 174 534 1254 533
696 2 2 2 174 1254 1331 533
697 2 2 2 174 534 1439 1254
698 2 2 2 174 1252 1350 1349
699 2 2 2 174 1346 1347 1253
700 2 2 2 174 1314 1331 1254
701 2 2 2 174 1254 1330 1320
702 2 2 2 174 1316 1332 1255
703 2 2 2 174 1255 1329 1318
704 2 2 2 174 1258 1349 1348
705 2 2 2 174 1258 1420 1419
706 2 2 2 174 1345 1346 1259
707 2 2 2 174 1421 1422 1259
708 2 2 2 174 1260 1422 1421
709 2 2 2 174 1423 1424 1260
710 2 2 2 174 1419 1420 1261
711 2 2 2 174 1261 1426 1425
712 2 2 2 174 1262 1424 1423
713 2 2 2 174 1427 1437 1262
714 2 2 2 174 1425 1426 1263
715 2 2 2 174 1263 1438 1428
716 2 2 2 174 1323 1328 1264
717 2 2 2 174 1265 1327 1326
718 2 2 2 174 1428 1438 1266
719 2 2 2 174 1267 1437 1427
720 2 2 2 174 1268 1356 1355
721 2 2 2 174 1387 1388 1268
722 2 2 2 174 1351 1352 1269
723 2 2 2 174 1269 1386 1385
724 2 2 2 174 1353 1354 1270
725 2 2 2 174 1270 1384 1383
726 2 2 2 174 1385 1386 1271
727 2 2 2 174 1271 1390 1389
728 2 2 2 174 1383 1384 1272
729 2 2 2 174 1272 1392 1391
730 2 2 2 174 1273 1388 1387
731 2 2 2 174 1393 1394 1273
732 2 2 2 174 1341 1342 1274
733 2 2 2 174 1355 1356 1274
734 2 2 2 174 1275 1334 1333
735 2 2 2 174 1275 1352 1351
736 2 2 2 174 1276 1338 1337
737 2 2 2 174 1276 1354 1353
738 2 2 2 174 1277 1370 1369
739 2 2 2 174 1389 1390 1277
740 2 2 2 174 1278 1372 1371
741 2 2 2 174 1391 1392 1278
742 2 2 2 174 1373 1374 1279
743 2 2 2 174 1279 1394 1393
744 2 2 2 174 1280 1336 1335
745 2 2 2 174 1363 1364 1280
746 2 2 2 174 1281 1340 1339
747 2 2 2 174 1365 1366 1281
748 2 2 2 174 1343 1344 1282
749 2 2 2 174 1282 1362 1361
750 2 2 2 174 1367 1368 1283
751 2 2 2 174 1283 1374 1373
752 2 2 2 174 1284 1360 1359
753 2 2 2 174 1369 1370 1284
754 2 2 2 174 1285 1358 1357
755 2 2 2 174 1371 1372 1285
756 2 2 2 174 1286 1364 1363
757 2 2 2 174 1409 1410 1286
758 2 2 2 174 1287 1366 1365
759 2 2 2 174 1407 1408 1287
760 2 2 2 174 1361 1362 1288
761 2 2 2 174 1288 1416 1415
762 2 2 2 174 1289 1368 1367
763 2 2 2 174 1417 1418 1289
764 2 2 2 174 1359 1360 1290
765 2 2 2 174 1290 1414 1413
766 2 2 2 174 1357 1358 1291
767 2 2 2 174 1291 1412 1411
768 2 2 2 174 1397 1398 1292
769 2 2 2 174 1292 1410 1409
770 2 2 2 174 1395 1396 1293
771 2 2 2 174 1293 1408 1407
772 2 2 2 174 1399 1400 1294
773 2 2 2 174 1294 1418 1417
774 2 2 2 174 1295 1406 1405
775 2 2 2 174 1415 1416 1295
776 2 2 2 174 1296 1402 1401
777 2 2 2 174 1413 1414 1296
778 2 2 2 174 1297 1404 1403
779 2 2 2 174 1411 1412 1297
780 2 2 2 174 1375 1376 1298
781 2 2 2 174 1298 1398 1397
782 2 2 2 174 1299 1325 1324
783 2 2 2 174 1299 1396 1395
784 2 2 2 174 1381 1382 1300
785 2 2 2 174 1300 1400 1399
786 2 2 2 174 1301 1380 1379
787 2 2 2 174 1405 1406 1301
788 2 2 2 174 1321 1322 1302
789 2 2 2 174 1401 1402 1302
790 2 2 2 174 1303 1378 1377
791 2 2 2 174 1403 1404 1303
792 2 2 2 174 1313 1314 1304
793 2 2 2 174 1379 1380 1304
794 2 2 2 174 1305 1318 1317
795 2 2 2 174 1305 1382 1381
796 2 2 2 174 1315 1316 1306
797 2 2 2 174 1377 1378 1306
798 2 2 2 174 1307 1320 1319
799 2 2 2 174 1307 1376 1375
800 2 2 2 174 1313 1331 1314
801 2 2 2 174 1315 1332 1316
802 2 2 2 174 1318 1329 1317
803 2 2 2 174 1320 1330 1319
804 2 2 2 174 1321 1323 1322
805 2 2 2 174 1321 1328 1323
806 2 2 2 174 1325 1326 1324
807 2 2 2 174 1326 1327 1324
808 2 2 2 174 1334 1335 1333
809 2 2 2 174 1335 1336 1333
810 2 2 2 174 1338 1339 1337
811 2 2 2 174 1339 1340 1337
812 2 2 2 174 1341 1343 1342
813 2 2 2 174 1341 1344 1343
814 2 2 2 174 1345 1347 1346
815 2 2 2 174 1349 1350 1348
816 2 2 3 175 63 535 62
817 2 2 3 175 535 307 62
818 2 2 3 175 563 75 65
819 2 2 3 175 335 563 65
820 2 2 3 175 536 308 307
821 2 2 3 175 536 307 535
822 2 2 3 175 537 309 308
823 2 2 3 175 537 308 536
824 2 2 3 175 310 309 537
825 2 2 3 175 310 538 311
826 2 2 3 175 537 538 310
827 2 2 3 175 311 539 312
828 2 2 3 175 538 539 311
829 2 2 3 175 312 540 313
830 2 2 3 175 539 540 312
831 2 2 3 175 313 541 314
832 2 2 3 175 540 541 313
833 2 2 3 175 314 543 315
834 2 2 3 175 541 542 314
835 2 2 3 175 314 542 543
836 2 2 3 175 315 543 316
837 2 2 3 175 545 317 316
838 2 2 3 175 543 544 316
839 2 2 3 175 316 544 545
840 2 2 3 175 318 317 545
841 2 2 3 175 547 319 318
842 2 2 3 175 318 545 546
843 2 2 3 175 318 546 547
844 2 2 3 175 320 319 547
845 2 2 3 175 321 320 548
846 2 2 3 175 548 320 547
847 2 2 3 175 321 550 322
848 2 2 3 175 321 548 549
849 2 2 3 175 321 549 550
850 2 2 3 175 322 551 323
851 2 2 3 175 322 550 551
852 2 2 3 175 323 552 324
853 2 2 3 175 323 551 552
854 2 2 3 175 553 325 324
855 2 2 3 175 324 552 553
856 2 2 3 175 554 326 325
857 2 2 3 175 554 325 553
858 2 2 3 175 555 327 326
859 2 2 3 175 555 326 554
860 2 2 3 175 556 328 327
861 2 2 3 175 556 327 555
862 2 2 3 175 557 329 328
863 2 2 3 175 557 328 556
864 2 2 3 175 558 330 329
865 2 2 3 175 558 329 557
866 2 2 3 175 559 331 330
867 2 2 3 175 559 330 558
868 2 2 3 175 560 332 331
869 2 2 3 175 560 331 559
870 2 2 3 175 332 561 333
871 2 2 3 175 560 561 332
872 2 2 3 175 333 561 334
873 2 2 3 175 334 562 335
874 2 2 3 175 561 562 334
875 2 2 3 175 562 563 335
876 2 2 3 177 64 61 610
877 2 2 3 177 61 382 610
878 2 2 3 177 622 70 80
879 2 2 3 177 70 622 394
880 2 2 3 177 382 383 610
881 2 2 3 177 383 384 612
882 2 2 3 177 610 383 611
883 2 2 3 177 383 612 611
884 2 2 3 177 384 385 612
885 2 2 3 177 614 385 386
886 2 2 3 177 612 385 613
887 2 2 3 177 385 614 613
888 2 2 3 177 387 614 386
889 2 2 3 177 387 388 616
890 2 2 3 177 387 615 614
891 2 2 3 177 387 616 615
892 2 2 3 177 388 389 617
893 2 2 3 177 388 617 616
894 2 2 3 177 389 390 617
895 2 2 3 177 390 391 619
896 2 2 3 177 617 390 618
897 2 2 3 177 390 619 618
898 2 2 3 177 391 392 620
899 2 2 3 177 391 620 619
900 2 2 3 177 621 392 393
901 2 2 3 177 392 621 620
902 2 2 3 177 622 393 394
903 2 2 3 177 622 621 393
904 2 2 3 178 71 534 81
905 2 2 3 178 74 82 657
906 2 2 3 178 74 657 500
907 2 2 3 178 81 534 623
908 2 2 3 178 500 656 501
909 2 2 3 178 500 657 656
910 2 2 3 178 501 655 502
911 2 2 3 178 501 656 655
912 2 2 3 178 502 654 503
913 2 2 3 178 502 655 654
914 2 2 3 178 503 653 504
915 2 2 3 178 503 654 653
916 2 2 3 178 652 505 504
917 2 2 3 178 504 653 652
918 2 2 3 178 651 506 505
919 2 2 3 178 651 505 652
920 2 2 3 178 650 507 506
921 2 2 3 178 650 506 651
922 2 2 3 178 649 508 507
923 2 2 3 178 649 507 650
924 2 2 3 178 648 509 508
925 2 2 3 178 648 508 649
926 2 2 3 178 510 509 647
927 2 2 3 178 647 509 648
928 2 2 3 178 511 510 646
929 2 2 3 178 646 510 647
930 2 2 3 178 512 511 645
931 2 2 3 178 645 511 646
932 2 2 3 178 513 512 644
933 2 2 3 178 644 512 645
934 2 2 3 178 513 643 514
935 2 2 3 178 644 643 513
936 2 2 3 178 515 514 642
937 2 2 3 178 514 643 642
938 2 2 3 178 641 516 515
939 2 2 3 178 642 641 515
940 2 2 3 178 517 516 640
941 2 2 3 178 640 516 641
942 2 2 3 178 517 639 518
943 2 2 3 178 640 639 517
944 2 2 3 178 518 638 519
945 2 2 3 178 639 638 518
946 2 2 3 178 519 637 520
947 2 2 3 178 638 637 519
948 2 2 3 178 520 636 521
949 2 2 3 178 637 636 520
950 2 2 3 178 521 635 522
951 2 2 3 178 521 636 635
952 2 2 3 178 522 634 523
953 2 2 3 178 522 635 634
954 2 2 3 178 523 633 524
955 2 2 3 178 523 634 633
956 2 2 3 178 524 632 525
957 2 2 3 178 524 633 632
958 2 2 3 178 631 526 525
959 2 2 3 178 525 632 631
960 2 2 3 178 630 527 526
961 2 2 3 178 630 526 631
962 2 2 3 178 629 528 527
963 2 2 3 178 629 527 630
964 2 2 3 178 628 529 528
965 2 2 3 178 628 528 629
966 2 2 3 178 627 530 529
967 2 2 3 178 627 529 628
968 2 2 3 178 626 531 530
969 2 2 3 178 626 530 627
970 2 2 3 178 625 532 531
971 2 2 3 178 625 531 626
972 2 2 3 178 624 533 532
973 2 2 3 178 624 532 625
974 2 2 3 178 623 534 533
975 2 2 3 178 623 533 624
976 2 2 3 179 81 395 71
977 2 2 3 179 83 72 429
978 2 2 3 179 81 658 395
979 2 2 3 179 429 692 83
980 2 2 3 179 395 658 396
981 2 2 3 179 396 659 397
982 2 2 3 179 658 659 396
983 2 2 3 179 397 660 398
984 2 2 3 179 659 660 397
985 2 2 3 179 398 661 399
986 2 2 3 179 660 661 398
987 2 2 3 179 399 662 400
988 2 2 3 179 661 662 399
989 2 2 3 179 400 663 401
990 2 2 3 179 662 663 400
991 2 2 3 179 401 664 402
992 2 2 3 179 663 664 401
993 2 2 3 179 402 665 403
994 2 2 3 179 664 665 402
995 2 2 3 179 403 666 404
996 2 2 3 179 665 666 403
997 2 2 3 179 404 667 405
998 2 2 3 179 666 667 404
999 2 2 3 179 669 406 405
1000 2 2 3 179 667 668 405
1001 2 2 3 179 405 668 669
1002 2 2 3 179 670 407 406
1003 2 2 3 179 670 406 669
1004 2 2 3 179 671 408 407
1005 2 2 3 179 671 407 670
1006 2 2 3 179 672 409 408
1007 2 2 3 179 672 408 671
1008 2 2 3 179 673 410 409
1009 2 2 3 179 673 409 672
1010 2 2 3 179 674 411 410
1011 2 2 3 179 674 410 673
1012 2 2 3 179 675 412 411
1013 2 2 3 179 675 411 674
1014 2 2 3 179 676 413 412
1015 2 2 3 179 676 412 675
1016 2 2 3 179 677 414 413
1017 2 2 3 179 677 413 676
1018 2 2 3 179 415 414 677
1019 2 2 3 179 416 415 678
1020 2 2 3 179 678 415 677
1021 2 2 3 179 417 416 679
1022 2 2 3 179 679 416 678
1023 2 2 3 179 418 417 681
1024 2 2 3 179 679 680 417
1025 2 2 3 179 417 680 681
1026 2 2 3 179 419 418 681
1027 2 2 3 179 420 419 682
1028 2 2 3 179 682 419 681
1029 2 2 3 179 421 420 683
1030 2 2 3 179 683 420 682
1031 2 2 3 179 421 684 422
1032 2 2 3 179 683 684 421
1033 2 2 3 179 422 685 423
1034 2 2 3 179 684 685 422
1035 2 2 3 179 423 686 424
1036 2 2 3 179 685 686 423
1037 2 2 3 179 424 687 425
1038 2 2 3 179 686 687 424
1039 2 2 3 179 425 688 426
1040 2 2 3 179 687 688 425
1041 2 2 3 179 426 689 427
1042 2 2 3 179 688 689 426
1043 2 2 3 179 427 690 428
1044 2 2 3 179 689 690 427
1045 2 2 3 179 428 691 429
1046 2 2 3 179 690 691 428
1047 2 2 3 179 691 692 429
1048 2 2 3 180 83 727 72
1049 2 2 3 180 72 727 430
1050 2 2 3 180 84 73 464
1051 2 2 3 180 464 693 84
1052 2 2 3 180 726 431 430
1053 2 2 3 180 430 727 726
1054 2 2 3 180 725 432 431
1055 2 2 3 180 725 431 726
1056 2 2 3 180 724 433 432
1057 2 2 3 180 724 432 725
1058 2 2 3 180 723 434 433
1059 2 2 3 180 723 433 724
1060 2 2 3 180 722 435 434
1061 2 2 3 180 722 434 723
1062 2 2 3 180 721 436 435
1063 2 2 3 180 721 435 722
1064 2 2 3 180 437 436 720
1065 2 2 3 180 720 436 721
1066 2 2 3 180 437 719 438
1067 2 2 3 180 437 720 719
1068 2 2 3 180 718 439 438
1069 2 2 3 180 438 719 718
1070 2 2 3 180 717 440 439
1071 2 2 3 180 717 439 718
1072 2 2 3 180 716 441 440
1073 2 2 3 180 716 440 717
1074 2 2 3 180 715 442 441
1075 2 2 3 180 715 441 716
1076 2 2 3 180 714 443 442
1077 2 2 3 180 714 442 715
1078 2 2 3 180 713 444 443
1079 2 2 3 180 713 443 714
1080 2 2 3 180 712 445 444
1081 2 2 3 180 712 444 713
1082 2 2 3 180 711 446 445
1083 2 2 3 180 711 445 712
1084 2 2 3 180 710 447 446
1085 2 2 3 180 710 446 711
1086 2 2 3 180 709 448 447
1087 2 2 3 180 709 447 710
1088 2 2 3 180 708 449 448
1089 2 2 3 180 708 448 709
1090 2 2 3 180 450 449 707
1091 2 2 3 180 707 449 708
1092 2 2 3 180 451 450 706
1093 2 2 3 180 450 707 706
1094 2 2 3 180 451 705 452
1095 2 2 3 180 706 705 451
1096 2 2 3 180 704 453 452
1097 2 2 3 180 705 704 452
1098 2 2 3 180 453 703 454
1099 2 2 3 180 704 703 453
1100 2 2 3 180 454 702 455
1101 2 2 3 180 454 703 702
1102 2 2 3 180 455 701 456
1103 2 2 3 180 455 702 701
1104 2 2 3 180 456 700 457
1105 2 2 3 180 456 701 700
1106 2 2 3 180 457 699 458
1107 2 2 3 180 457 700 699
1108 2 2 3 180 458 698 459
1109 2 2 3 180 458 699 698
1110 2 2 3 180 459 697 460
1111 2 2 3 180 459 698 697
1112 2 2 3 180 460 696 461
1113 2 2 3 180 460 697 696
1114 2 2 3 180 461 695 462
1115 2 2 3 180 461 696 695
1116 2 2 3 180 462 694 463
1117 2 2 3 180 462 695 694
1118 2 2 3 180 463 693 464
1119 2 2 3 180 463 694 693
1120 2 2 3 181 75 564 65
1121 2 2 3 181 65 564 336
1122 2 2 3 181 592 76 66
1123 2 2 3 181 66 364 592
1124 2 2 3 181 336 564 337
1125 2 2 3 181 337 565 338
1126 2 2 3 181 564 565 337
1127 2 2 3 181 338 566 339
1128 2 2 3 181 565 566 338
1129 2 2 3 181 339 567 340
1130 2 2 3 181 566 567 339
1131 2 2 3 181 340 568 341
1132 2 2 3 181 567 568 340
1133 2 2 3 181 341 569 342
1134 2 2 3 181 568 569 341
1135 2 2 3 181 342 570 343
1136 2 2 3 181 569 570 342
1137 2 2 3 181 572 344 343
1138 2 2 3 181 570 571 343
1139 2 2 3 181 343 571 572
1140 2 2 3 181 573 345 344
1141 2 2 3 181 573 344 572
1142 2 2 3 181 574 346 345
1143 2 2 3 181 574 345 573
1144 2 2 3 181 347 346 574
1145 2 2 3 181 347 575 348
1146 2 2 3 181 574 575 347
1147 2 2 3 181 348 576 349
1148 2 2 3 181 575 576 348
1149 2 2 3 181 349 577 350
1150 2 2 3 181 576 577 349
1151 2 2 3 181 350 578 351
1152 2 2 3 181 577 578 350
1153 2 2 3 181 351 579 352
1154 2 2 3 181 578 579 351
1155 2 2 3 181 352 580 353
1156 2 2 3 181 579 580 352
1157 2 2 3 181 353 581 354
1158 2 2 3 181 580 581 353
1159 2 2 3 181 354 582 355
1160 2 2 3 181 581 582 354
1161 2 2 3 181 355 583 356
1162 2 2 3 181 582 583 355
1163 2 2 3 181 357 356 585
1164 2 2 3 181 583 584 356
1165 2 2 3 181 356 584 585
1166 2 2 3 181 357 586 358
1167 2 2 3 181 357 585 586
1168 2 2 3 181 358 587 359
1169 2 2 3 181 358 586 587
1170 2 2 3 181 359 588 360
1171 2 2 3 181 359 587 588
1172 2 2 3 181 360 589 361
1173 2 2 3 181 360 588 589
1174 2 2 3 181 361 589 362
1175 2 2 3 181 590 363 362
1176 2 2 3 181 589 590 362
1177 2 2 3 181 592 364 363
1178 2 2 3 181 590 591 363
1179 2 2 3 181 592 363 591
1180 2 2 3 182 609 69 79
1181 2 2 3 182 381 69 609
1182 2 2 3 182 381 80 70
1183 2 2 3 182 381 609 80
1184 2 2 3 183 76 605 66
1185 2 2 3 183 66 605 377
1186 2 2 3 183 77 67 365
1187 2 2 3 183 77 365 593
1188 2 2 3 183 365 366 593
1189 2 2 3 183 366 367 594
1190 2 2 3 183 593 366 594
1191 2 2 3 183 367 368 595
1192 2 2 3 183 594 367 595
1193 2 2 3 183 368 369 597
1194 2 2 3 183 595 368 596
1195 2 2 3 183 368 597 596
1196 2 2 3 183 369 370 598
1197 2 2 3 183 369 598 597
1198 2 2 3 183 599 370 371
1199 2 2 3 183 370 599 598
1200 2 2 3 183 372 599 371
1201 2 2 3 183 373 600 372
1202 2 2 3 183 372 600 599
1203 2 2 3 183 373 374 602
1204 2 2 3 183 600 373 601
1205 2 2 3 183 373 602 601
1206 2 2 3 183 374 375 603
1207 2 2 3 183 374 603 602
1208 2 2 3 183 604 375 376
1209 2 2 3 183 375 604 603
1210 2 2 3 183 604 376 377
1211 2 2 3 183 604 377 605
1212 2 2 3 184 608 68 78
1213 2 2 3 184 380 68 608
1214 2 2 3 184 379 79 69
1215 2 2 3 184 379 607 79
1216 2 2 3 184 379 380 608
1217 2 2 3 184 379 608 607
1218 2 2 3 185 84 465 73
1219 2 2 3 185 82 74 499
1220 2 2 3 185 499 762 82
1221 2 2 3 185 84 728 465
1222 2 2 3 185 465 728 466
1223 2 2 3 185 466 729 467
1224 2 2 3 185 728 729 466
1225 2 2 3 185 467 730 468
1226 2 2 3 185 729 730 467
1227 2 2 3 185 468 731 469
1228 2 2 3 185 730 731 468
1229 2 2 3 185 469 732 470
1230 2 2 3 185 731 732 469
1231 2 2 3 185 470 733 471
1232 2 2 3 185 732 733 470
1233 2 2 3 185 471 734 472
1234 2 2 3 185 733 734 471
1235 2 2 3 185 472 735 473
1236 2 2 3 185 734 735 472
1237 2 2 3 185 473 736 474
1238 2 2 3 185 735 736 473
1239 2 2 3 185 474 737 475
1240 2 2 3 185 736 737 474
1241 2 2 3 185 739 476 475
1242 2 2 3 185 737 738 475
1243 2 2 3 185 475 738 739
1244 2 2 3 185 740 477 476
1245 2 2 3 185 740 476 739
1246 2 2 3 185 741 478 477
1247 2 2 3 185 741 477 740
1248 2 2 3 185 742 479 478
1249 2 2 3 185 742 478 741
1250 2 2 3 185 743 480 479
1251 2 2 3 185 743 479 742
1252 2 2 3 185 744 481 480
1253 2 2 3 185 744 480 743
1254 2 2 3 185 745 482 481
1255 2 2 3 185 745 481 744
1256 2 2 3 185 746 483 482
1257 2 2 3 185 746 482 745
1258 2 2 3 185 747 484 483
1259 2 2 3 185 747 483 746
1260 2 2 3 185 485 484 747
1261 2 2 3 185 748 486 485
1262 2 2 3 185 748 485 747
1263 2 2 3 185 487 486 750
1264 2 2 3 185 748 749 486
1265 2 2 3 185 486 749 750
1266 2 2 3 185 488 487 750
1267 2 2 3 185 751 489 488
1268 2 2 3 185 750 751 488
1269 2 2 3 185 490 489 752
1270 2 2 3 185 751 752 489
1271 2 2 3 185 491 490 753
1272 2 2 3 185 753 490 752
1273 2 2 3 185 491 754 492
1274 2 2 3 185 753 754 491
1275 2 2 3 185 492 755 493
1276 2 2 3 185 754 755 492
1277 2 2 3 185 493 756 494
1278 2 2 3 185 755 756 493
1279 2 2 3 185 494 757 495
1280 2 2 3 185 756 757 494
1281 2 2 3 185 495 758 496
1282 2 2 3 185 757 758 495
1283 2 2 3 185 496 759 497
1284 2 2 3 185 758 759 496
1285 2 2 3 185 497 760 498
1286 2 2 3 185 759 760 497
1287 2 2 3 185 498 761 499
1288 2 2 3 185 760 761 498
1289 2 2 3 185 761 762 499
1290 2 2 3 186 606 67 77
1291 2 2 3 186 378 67 606
1292 2 2 3 186 378 78 68
1293 2 2 3 186 378 606 78
1294 2 2 11 187 86 85 1443
1295 2 2 11 187 85 87 1443
1296 2 2 11 187 88 86 1443
1297 2 2 11 187 87 88 1443
1298 2 2 11 188 85 86 1444
1299 2 2 11 188 763 85 1444
1300 2 2 11 188 86 764 1444
1301 2 2 11 188 90 89 1445
1302 2 2 11 188 89 763 1445
1303 2 2 11 188 764 90 1445
1304 2 2 11 188 764 763 1444
1305 2 2 11 188 763 764 1445
1306 2 2 11 189 88 87 1447
1307 2 2 11 189 87 765 1447
1308 2 2 11 189 767 88 1447
1309 2 2 11 189 91 92 1446
1310 2 2 11 189 766 91 1446
1311 2 2 11 189 92 768 1446
1312 2 2 11 189 765 766 1448
1313 2 2 11 189 765 767 1447
1314 2 2 11 189 767 765 1448
1315 2 2 11 189 768 766 1446
1316 2 2 11 189 766 768 1448
1317 2 2 11 189 768 767 1448
1318 2 2 10 191 88 1451 86
1319 2 2 10 191 86 1451 764
1320 2 2 10 191 767 1451 88
1321 2 2 10 191 92 90 768
1322 2 2 10 191 885 90 92
1323 2 2 10 191 768 90 764
1324 2 2 10 191 1000 90 885
1325 2 2 10 191 148 890 121
1326 2 2 10 191 148 121 891
1327 2 2 10 191 147 896 122
1328 2 2 10 191 122 897 147
1329 2 2 10 191 146 902 123
1330 2 2 10 191 146 123 903
1331 2 2 10 191 145 908 124
1332 2 2 10 191 909 145 124
1333 2 2 10 191 914 125 144
1334 2 2 10 191 144 125 915
1335 2 2 10 191 920 126 143
1336 2 2 10 191 143 126 921
1337 2 2 10 191 926 127 142
1338 2 2 10 191 142 127 927
1339 2 2 10 191 928 128 141
1340 2 2 10 191 128 929 141
1341 2 2 10 191 129 962 140
1342 2 2 10 191 140 963 129
1343 2 2 10 191 129 963 929
1344 2 2 10 191 930 962 129
1345 2 2 10 191 139 930 130
1346 2 2 10 191 130 931 139
1347 2 2 10 191 138 935 131
1348 2 2 10 191 131 936 138
1349 2 2 10 191 137 940 132
1350 2 2 10 191 132 941 137
1351 2 2 10 191 136 945 133
1352 2 2 10 191 133 946 136
1353 2 2 10 191 135 1450 134
1354 2 2 10 191 134 1450 947
1355 2 2 10 191 948 1450 135
1356 2 2 10 191 136 950 945
1357 2 2 10 191 946 949 136
1358 2 2 10 191 137 954 940
1359 2 2 10 191 941 953 137
1360 2 2 10 191 138 958 935
1361 2 2 10 191 936 957 138
1362 2 2 10 191 139 962 930
1363 2 2 10 191 931 961 139
1364 2 2 10 191 141 964 928
1365 2 2 10 191 929 963 141
1366 2 2 10 191 142 966 926
1367 2 2 10 191 927 965 142
1368 2 2 10 191 143 971 920
1369 2 2 10 191 921 970 143
1370 2 2 10 191 144 976 914
1371 2 2 10 191 915 975 144
1372 2 2 10 191 981 908 145
1373 2 2 10 191 980 145 909
1374 2 2 10 191 986 902 146
1375 2 2 10 191 146 903 985
1376 2 2 10 191 991 896 147
1377 2 2 10 191 147 897 990
1378 2 2 10 191 996 890 148
1379 2 2 10 191 148 891 995
1380 2 2 10 191 768 764 767
1381 2 2 10 191 764 1451 767
1382 2 2 10 191 885 886 1000
1383 2 2 10 191 999 886 887
1384 2 2 10 191 1000 886 999
1385 2 2 10 191 887 888 998
1386 2 2 10 191 999 887 998
1387 2 2 10 191 888 889 997
1388 2 2 10 191 998 888 997
1389 2 2 10 191 889 890 996
1390 2 2 10 191 997 889 996
1391 2 2 10 191 891 892 995
1392 2 2 10 191 892 893 994
1393 2 2 10 191 995 892 994
1394 2 2 10 191 993 893 894
1395 2 2 10 191 994 893 993
1396 2 2 10 191 894 895 992
1397 2 2 10 191 993 894 992
1398 2 2 10 191 895 896 991
1399 2 2 10 191 992 895 991
1400 2 2 10 191 990 897 898
1401 2 2 10 191 898 899 989
1402 2 2 10 191 990 898 989
1403 2 2 10 191 988 899 900
1404 2 2 10 191 989 899 988
1405 2 2 10 191 900 901 987
1406 2 2 10 191 988 900 987
1407 2 2 10 191 986 901 902
1408 2 2 10 191 987 901 986
1409 2 2 10 191 903 904 985
1410 2 2 10 191 904 905 984
1411 2 2 10 191 985 904 984
1412 2 2 10 191 905 906 983
1413 2 2 10 191 984 905 983
1414 2 2 10 191 982 906 907
1415 2 2 10 191 983 906 982
1416 2 2 10 191 907 908 981
1417 2 2 10 191 982 907 981
1418 2 2 10 191 909 910 980
1419 2 2 10 191 979 910 911
1420 2 2 10 191 980 910 979
1421 2 2 10 191 912 978 911
1422 2 2 10 191 911 978 979
1423 2 2 10 191 977 912 913
1424 2 2 10 191 977 978 912
1425 2 2 10 191 914 976 913
1426 2 2 10 191 913 976 977
1427 2 2 10 191 916 975 915
1428 2 2 10 191 917 974 916
1429 2 2 10 191 916 974 975
1430 2 2 10 191 918 973 917
1431 2 2 10 191 973 974 917
1432 2 2 10 191 919 972 918
1433 2 2 10 191 972 973 918
1434 2 2 10 191 920 971 919
1435 2 2 10 191 971 972 919
1436 2 2 10 191 922 970 921
1437 2 2 10 191 923 969 922
1438 2 2 10 191 969 970 922
1439 2 2 10 191 924 968 923
1440 2 2 10 191 968 969 923
1441 2 2 10 191 925 967 924
1442 2 2 10 191 967 968 924
1443 2 2 10 191 926 966 925
1444 2 2 10 191 966 967 925
1445 2 2 10 191 928 1449 927
1446 2 2 10 191 927 1449 965
1447 2 2 10 191 964 1449 928
1448 2 2 10 191 932 961 931
1449 2 2 10 191 933 960 932
1450 2 2 10 191 960 961 932
1451 2 2 10 191 934 959 933
1452 2 2 10 191 959 960 933
1453 2 2 10 191 935 958 934
1454 2 2 10 191 958 959 934
1455 2 2 10 191 937 957 936
1456 2 2 10 191 938 956 937
1457 2 2 10 191 956 957 937
1458 2 2 10 191 939 955 938
1459 2 2 10 191 955 956 938
1460 2 2 10 191 940 954 939
1461 2 2 10 191 954 955 939
1462 2 2 10 191 942 953 941
1463 2 2 10 191 943 952 942
1464 2 2 10 191 952 953 942
1465 2 2 10 191 944 951 943
1466 2 2 10 191 951 952 943
1467 2 2 10 191 945 950 944
1468 2 2 10 191 950 951 944
1469 2 2 10 191 947 949 946
1470 2 2 10 191 948 949 947
1471 2 2 10 191 947 1450 948
1472 2 2 10 191 965 1449 964
1473 2 2 11 192 89 90 1452
1474 2 2 11 192 884 89 1452
1475 2 2 11 192 90 1000 1452
1476 2 2 11 192 148 120 1453
1477 2 2 11 192 120 880 1453
1478 2 2 11 192 996 148 1453
1479 2 2 11 192 880 881 1456
1480 2 2 11 192 880 996 1453
1481 2 2 11 192 996 880 1456
1482 2 2 11 192 881 882 1455
1483 2 2 11 192 997 881 1455
1484 2 2 11 192 881 997 1456
1485 2 2 11 192 882 883 1454
1486 2 2 11 192 998 882 1454
1487 2 2 11 192 882 998 1455
1488 2 2 11 192 883 884 1457
1489 2 2 11 192 883 999 1454
1490 2 2 11 192 999 883 1457
1491 2 2 11 192 1000 884 1452
1492 2 2 11 192 884 1000 1457
1493 2 2 11 192 997 996 1456
1494 2 2 11 192 998 997 1455
1495 2 2 11 192 999 998 1454
1496 2 2 11 192 1000 999 1457
1497 2 2 11 193 92 91 1459
1498 2 2 11 193 91 769 1459
1499 2 2 11 193 885 92 1459
1500 2 2 11 193 93 121 1458
1501 2 2 11 193 774 93 1458
1502 2 2 11 193 121 890 1458
1503 2 2 11 193 769 770 1462
1504 2 2 11 193 769 885 1459
1505 2 2 11 193 885 769 1462
1506 2 2 11 193 770 771 1463
1507 2 2 11 193 770 886 1462
1508 2 2 11 193 886 770 1463
1509 2 2 11 193 771 772 1460
1510 2 2 11 193 887 771 1460
1511 2 2 11 193 771 887 1463
1512 2 2 11 193 772 773 1464
1513 2 2 11 193 772 888 1460
1514 2 2 11 193 888 772 1464
1515 2 2 11 193 773 774 1461
1516 2 2 11 193 889 773 1461
1517 2 2 11 193 773 889 1464
1518 2 2 11 193 890 774 1458
1519 2 2 11 193 774 890 1461
1520 2 2 11 193 886 885 1462
1521 2 2 11 193 887 886 1463
1522 2 2 11 193 888 887 1460
1523 2 2 11 193 889 888 1464
1524 2 2 11 193 890 889 1461
1525 2 2 11 194 147 119 1465
1526 2 2 11 194 119 879 1465
1527 2 2 11 194 120 148 1466
1528 2 2 11 194 875 120 1466
1529 2 2 11 194 991 147 1465
1530 2 2 11 194 148 995 1466
1531 2 2 11 194 876 875 1469
1532 2 2 11 194 995 875 1466
1533 2 2 11 194 875 995 1469
1534 2 2 11 194 877 876 1468
1535 2 2 11 194 876 994 1468
1536 2 2 11 194 994 876 1469
1537 2 2 11 194 878 877 1467
1538 2 2 11 194 877 993 1467
1539 2 2 11 194 993 877 1468
1540 2 2 11 194 879 878 1470
1541 2 2 11 194 992 878 1467
1542 2 2 11 194 878 992 1470
1543 2 2 11 194 879 991 1465
1544 2 2 11 194 991 879 1470
1545 2 2 11 194 992 991 1470
1546 2 2 11 194 993 992 1467
1547 2 2 11 194 994 993 1468
1548 2 2 11 194 995 994 1469
1549 2 2 11 195 121 93 1471
1550 2 2 11 195 93 780 1471
1551 2 2 11 195 94 122 1472
1552 2 2 11 195 775 94 1472
1553 2 2 11 195 891 121 1471
1554 2 2 11 195 122 896 1472
1555 2 2 11 195 776 775 1474
1556 2 2 11 195 896 775 1472
1557 2 2 11 195 775 896 1474
1558 2 2 11 195 777 776 1476
1559 2 2 11 195 895 776 1474
1560 2 2 11 195 776 895 1476
1561 2 2 11 195 778 777 1473
1562 2 2 11 195 777 894 1473
1563 2 2 11 195 894 777 1476
1564 2 2 11 195 779 778 1477
1565 2 2 11 195 893 778 1473
1566 2 2 11 195 778 893 1477
1567 2 2 11 195 780 779 1475
1568 2 2 11 195 779 892 1475
1569 2 2 11 195 892 779 1477
1570 2 2 11 195 780 891 1471
1571 2 2 11 195 891 780 1475
1572 2 2 11 195 892 891 1475
1573 2 2 11 195 893 892 1477
1574 2 2 11 195 894 893 1473
1575 2 2 11 195 895 894 1476
1576 2 2 11 195 896 895 1474
1577 2 2 11 196 123 95 1478
1578 2 2 11 196 95 792 1478
1579 2 2 11 196 96 124 1479
1580 2 2 11 196 787 96 1479
1581 2 2 11 196 903 123 1478
1582 2 2 11 196 124 908 1479
1583 2 2 11 196 788 787 1481
1584 2 2 11 196 908 787 1479
1585 2 2 11 196 787 908 1481
1586 2 2 11 196 789 788 1483
1587 2 2 11 196 907 788 1481
1588 2 2 11 196 788 907 1483
1589 2 2 11 196 790 789 1480
1590 2 2 11 196 789 906 1480
1591 2 2 11 196 906 789 1483
1592 2 2 11 196 791 790 1484
1593 2 2 11 196 905 790 1480
1594 2 2 11 196 790 905 1484
1595 2 2 11 196 792 791 1482
1596 2 2 11 196 791 904 1482
1597 2 2 11 196 904 791 1484
1598 2 2 11 196 792 903 1478
1599 2 2 11 196 903 792 1482
1600 2 2 11 196 904 903 1482
1601 2 2 11 196 905 904 1484
1602 2 2 11 196 906 905 1480
1603 2 2 11 196 907 906 1483
1604 2 2 11 196 908 907 1481
1605 2 2 11 197 122 94 1486
1606 2 2 11 197 94 781 1486
1607 2 2 11 197 95 123 1485
1608 2 2 11 197 786 95 1485
1609 2 2 11 197 897 122 1486
1610 2 2 11 197 123 902 1485
1611 2 2 11 197 781 782 1489
1612 2 2 11 197 781 897 1486
1613 2 2 11 197 897 781 1489
1614 2 2 11 197 782 783 1490
1615 2 2 11 197 782 898 1489
1616 2 2 11 197 898 782 1490
1617 2 2 11 197 783 784 1487
1618 2 2 11 197 899 783 1487
1619 2 2 11 197 783 899 1490
1620 2 2 11 197 784 785 1491
1621 2 2 11 197 784 900 1487
1622 2 2 11 197 900 784 1491
1623 2 2 11 197 785 786 1488
1624 2 2 11 197 901 785 1488
1625 2 2 11 197 785 901 1491
1626 2 2 11 197 902 786 1485
1627 2 2 11 197 786 902 1488
1628 2 2 11 197 898 897 1489
1629 2 2 11 197 899 898 1490
1630 2 2 11 197 900 899 1487
1631 2 2 11 197 901 900 1491
1632 2 2 11 197 902 901 1488
1633 2 2 11 198 146 118 1493
1634 2 2 11 198 118 870 1493
1635 2 2 11 198 119 147 1492
1636 2 2 11 198 874 119 1492
1637 2 2 11 198 986 146 1493
1638 2 2 11 198 147 990 1492
1639 2 2 11 198 870 871 1496
1640 2 2 11 198 870 986 1493
1641 2 2 11 198 986 870 1496
1642 2 2 11 198 871 872 1495
1643 2 2 11 198 987 871 1495
1644 2 2 11 198 871 987 1496
1645 2 2 11 198 872 873 1494
1646 2 2 11 198 988 872 1494
1647 2 2 11 198 872 988 1495
1648 2 2 11 198 873 874 1497
1649 2 2 11 198 873 989 1494
1650 2 2 11 198 989 873 1497
1651 2 2 11 198 990 874 1492
1652 2 2 11 198 874 990 1497
1653 2 2 11 198 987 986 1496
1654 2 2 11 198 988 987 1495
1655 2 2 11 198 989 988 1494
1656 2 2 11 198 990 989 1497
1657 2 2 11 199 145 117 1498
1658 2 2 11 199 117 869 1498
1659 2 2 11 199 118 146 1499
1660 2 2 11 199 865 118 1499
1661 2 2 11 199 981 145 1498
1662 2 2 11 199 146 985 1499
1663 2 2 11 199 866 865 1502
1664 2 2 11 199 985 865 1499
1665 2 2 11 199 865 985 1502
1666 2 2 11 199 867 866 1501
1667 2 2 11 199 866 984 1501
1668 2 2 11 199 984 866 1502
1669 2 2 11 199 868 867 1500
1670 2 2 11 199 867 983 1500
1671 2 2 11 199 983 867 1501
1672 2 2 11 199 869 868 1503
1673 2 2 11 199 982 868 1500
1674 2 2 11 199 868 982 1503
1675 2 2 11 199 869 981 1498
1676 2 2 11 199 981 869 1503
1677 2 2 11 199 982 981 1503
1678 2 2 11 199 983 982 1500
1679 2 2 11 199 984 983 1501
1680 2 2 11 199 985 984 1502
1681 2 2 11 200 144 116 1505
1682 2 2 11 200 116 860 1505
1683 2 2 11 200 117 145 1504
1684 2 2 11 200 864 117 1504
1685 2 2 11 200 976 144 1505
1686 2 2 11 200 145 980 1504
1687 2 2 11 200 860 861 1508
1688 2 2 11 200 860 976 1505
1689 2 2 11 200 976 860 1508
1690 2 2 11 200 861 862 1507
1691 2 2 11 200 977 861 1507
1692 2 2 11 200 861 977 1508
1693 2 2 11 200 862 863 1506
1694 2 2 11 200 978 862 1506
1695 2 2 11 200 862 978 1507
1696 2 2 11 200 863 864 1509
1697 2 2 11 200 863 979 1506
1698 2 2 11 200 979 863 1509
1699 2 2 11 200 980 864 1504
1700 2 2 11 200 864 980 1509
1701 2 2 11 200 977 976 1508
1702 2 2 11 200 978 977 1507
1703 2 2 11 200 979 978 1506
1704 2 2 11 200 980 979 1509
1705 2 2 11 201 143 115 1510
1706 2 2 11 201 115 859 1510
1707 2 2 11 201 116 144 1511
1708 2 2 11 201 855 116 1511
1709 2 2 11 201 971 143 1510
1710 2 2 11 201 144 975 1511
1711 2 2 11 201 856 855 1514
1712 2 2 11 201 975 855 1511
1713 2 2 11 201 855 975 1514
1714 2 2 11 201 857 856 1513
1715 2 2 11 201 856 974 1513
1716 2 2 11 201 974 856 1514
1717 2 2 11 201 858 857 1512
1718 2 2 11 201 857 973 1512
1719 2 2 11 201 973 857 1513
1720 2 2 11 201 859 858 1515
1721 2 2 11 201 972 858 1512
1722 2 2 11 201 858 972 1515
1723 2 2 11 201 859 971 1510
1724 2 2 11 201 971 859 1515
1725 2 2 11 201 972 971 1515
1726 2 2 11 201 973 972 1512
1727 2 2 11 201 974 973 1513
1728 2 2 11 201 975 974 1514
1729 2 2 11 202 125 97 1517
1730 2 2 11 202 97 804 1517
1731 2 2 11 202 98 126 1516
1732 2 2 11 202 799 98 1516
1733 2 2 11 202 915 125 1517
1734 2 2 11 202 126 920 1516
1735 2 2 11 202 800 799 1519
1736 2 2 11 202 920 799 1516
1737 2 2 11 202 799 920 1519
1738 2 2 11 202 801 800 1521
1739 2 2 11 202 919 800 1519
1740 2 2 11 202 800 919 1521
1741 2 2 11 202 802 801 1518
1742 2 2 11 202 801 918 1518
1743 2 2 11 202 918 801 1521
1744 2 2 11 202 803 802 1522
1745 2 2 11 202 917 802 1518
1746 2 2 11 202 802 917 1522
1747 2 2 11 202 804 803 1520
1748 2 2 11 202 803 916 1520
1749 2 2 11 202 916 803 1522
1750 2 2 11 202 804 915 1517
1751 2 2 11 202 915 804 1520
1752 2 2 11 202 916 915 1520
1753 2 2 11 202 917 916 1522
1754 2 2 11 202 918 917 1518
1755 2 2 11 202 919 918 1521
1756 2 2 11 202 920 919 1519
1757 2 2 11 203 124 96 1524
1758 2 2 11 203 96 793 1524
1759 2 2 11 203 97 125 1523
1760 2 2 11 203 798 97 1523
1761 2 2 11 203 909 124 1524
1762 2 2 11 203 125 914 1523
1763 2 2 11 203 793 794 1527
1764 2 2 11 203 793 909 1524
1765 2 2 11 203 909 793 1527
1766 2 2 11 203 794 795 1528
1767 2 2 11 203 794 910 1527
1768 2 2 11 203 910 794 1528
1769 2 2 11 203 795 796 1525
1770 2 2 11 203 911 795 1525
1771 2 2 11 203 795 911 1528
1772 2 2 11 203 796 797 1529
1773 2 2 11 203 796 912 1525
1774 2 2 11 203 912 796 1529
1775 2 2 11 203 797 798 1526
1776 2 2 11 203 913 797 1526
1777 2 2 11 203 797 913 1529
1778 2 2 11 203 914 798 1523
1779 2 2 11 203 798 914 1526
1780 2 2 11 203 910 909 1527
1781 2 2 11 203 911 910 1528
1782 2 2 11 203 912 911 1525
1783 2 2 11 203 913 912 1529
1784 2 2 11 203 914 913 1526
1785 2 2 11 204 127 99 1530
1786 2 2 11 204 99 812 1530
1787 2 2 11 204 100 128 1531
1788 2 2 11 204 811 100 1531
1789 2 2 11 204 927 127 1530
1790 2 2 11 204 128 928 1531
1791 2 2 11 204 812 811 1532
1792 2 2 11 204 928 811 1531
1793 2 2 11 204 811 928 1532
1794 2 2 11 204 812 927 1530
1795 2 2 11 204 927 812 1532
1796 2 2 11 204 928 927 1532
1797 2 2 11 205 126 98 1534
1798 2 2 11 205 98 805 1534
1799 2 2 11 205 99 127 1533
1800 2 2 11 205 810 99 1533
1801 2 2 11 205 921 126 1534
1802 2 2 11 205 127 926 1533
1803 2 2 11 205 805 806 1537
1804 2 2 11 205 805 921 1534
1805 2 2 11 205 921 805 1537
1806 2 2 11 205 806 807 1538
1807 2 2 11 205 806 922 1537
1808 2 2 11 205 922 806 1538
1809 2 2 11 205 807 808 1535
1810 2 2 11 205 923 807 1535
1811 2 2 11 205 807 923 1538
1812 2 2 11 205 808 809 1539
1813 2 2 11 205 808 924 1535
1814 2 2 11 205 924 808 1539
1815 2 2 11 205 809 810 1536
1816 2 2 11 205 925 809 1536
1817 2 2 11 205 809 925 1539
1818 2 2 11 205 926 810 1533
1819 2 2 11 205 810 926 1536
1820 2 2 11 205 922 921 1537
1821 2 2 11 205 923 922 1538
1822 2 2 11 205 924 923 1535
1823 2 2 11 205 925 924 1539
1824 2 2 11 205 926 925 1536
1825 2 2 11 206 142 114 1541
1826 2 2 11 206 114 850 1541
1827 2 2 11 206 115 143 1540
1828 2 2 11 206 854 115 1540
1829 2 2 11 206 966 142 1541
1830 2 2 11 206 143 970 1540
1831 2 2 11 206 850 851 1544
1832 2 2 11 206 850 966 1541
1833 2 2 11 206 966 850 1544
1834 2 2 11 206 851 852 1543
1835 2 2 11 206 967 851 1543
1836 2 2 11 206 851 967 1544
1837 2 2 11 206 852 853 1542
1838 2 2 11 206 968 852 1542
1839 2 2 11 206 852 968 1543
1840 2 2 11 206 853 854 1545
1841 2 2 11 206 853 969 1542
1842 2 2 11 206 969 853 1545
1843 2 2 11 206 970 854 1540
1844 2 2 11 206 854 970 1545
1845 2 2 11 206 967 966 1544
1846 2 2 11 206 968 967 1543
1847 2 2 11 206 969 968 1542
1848 2 2 11 206 970 969 1545
1849 2 2 11 207 141 113 1546
1850 2 2 11 207 113 849 1546
1851 2 2 11 207 114 142 1547
1852 2 2 11 207 848 114 1547
1853 2 2 11 207 964 141 1546
1854 2 2 11 207 142 965 1547
1855 2 2 11 207 849 848 1548
1856 2 2 11 207 965 848 1547
1857 2 2 11 207 848 965 1548
1858 2 2 11 207 849 964 1546
1859 2 2 11 207 964 849 1548
1860 2 2 11 207 965 964 1548
1861 2 2 11 208 129 101 1549
1862 2 2 11 208 101 814 1549
1863 2 2 11 208 102 130 1550
1864 2 2 11 208 814 102 1550
1865 2 2 11 208 930 129 1549
1866 2 2 11 208 130 930 1550
1867 2 2 11 208 814 930 1549
1868 2 2 11 208 930 814 1550
1869 2 2 11 209 128 100 1552
1870 2 2 11 209 100 813 1552
1871 2 2 11 209 101 129 1551
1872 2 2 11 209 813 101 1551
1873 2 2 11 209 929 128 1552
1874 2 2 11 209 129 929 1551
1875 2 2 11 209 929 813 1551
1876 2 2 11 209 813 929 1552
1877 2 2 11 210 140 112 1554
1878 2 2 11 210 112 847 1554
1879 2 2 11 210 113 141 1553
1880 2 2 11 210 847 113 1553
1881 2 2 11 210 963 140 1554
1882 2 2 11 210 141 963 1553
1883 2 2 11 210 963 847 1553
1884 2 2 11 210 847 963 1554
1885 2 2 11 211 139 111 1555
1886 2 2 11 211 111 846 1555
1887 2 2 11 211 112 140 1556
1888 2 2 11 211 846 112 1556
1889 2 2 11 211 962 139 1555
1890 2 2 11 211 140 962 1556
1891 2 2 11 211 846 962 1555
1892 2 2 11 211 962 846 1556
1893 2 2 11 212 138 110 1557
1894 2 2 11 212 110 842 1557
1895 2 2 11 212 111 139 1558
1896 2 2 11 212 845 111 1558
1897 2 2 11 212 958 138 1557
1898 2 2 11 212 139 961 1558
1899 2 2 11 212 842 843 1559
1900 2 2 11 212 842 958 1557
1901 2 2 11 212 958 842 1559
1902 2 2 11 212 843 844 1561
1903 2 2 11 212 843 959 1559
1904 2 2 11 212 959 843 1561
1905 2 2 11 212 844 845 1560
1906 2 2 11 212 960 844 1560
1907 2 2 11 212 844 960 1561
1908 2 2 11 212 961 845 1558
1909 2 2 11 212 845 961 1560
1910 2 2 11 212 959 958 1559
1911 2 2 11 212 960 959 1561
1912 2 2 11 212 961 960 1560
1913 2 2 11 213 137 109 1563
1914 2 2 11 213 109 841 1563
1915 2 2 11 213 110 138 1562
1916 2 2 11 213 838 110 1562
1917 2 2 11 213 954 137 1563
1918 2 2 11 213 138 957 1562
1919 2 2 11 213 839 838 1564
1920 2 2 11 213 957 838 1562
1921 2 2 11 213 838 957 1564
1922 2 2 11 213 840 839 1566
1923 2 2 11 213 956 839 1564
1924 2 2 11 213 839 956 1566
1925 2 2 11 213 841 840 1565
1926 2 2 11 213 840 955 1565
1927 2 2 11 213 955 840 1566
1928 2 2 11 213 841 954 1563
1929 2 2 11 213 954 841 1565
1930 2 2 11 213 955 954 1565
1931 2 2 11 213 956 955 1566
1932 2 2 11 213 957 956 1564
1933 2 2 11 214 131 103 1568
1934 2 2 11 214 103 824 1568
1935 2 2 11 214 104 132 1567
1936 2 2 11 214 820 104 1567
1937 2 2 11 214 936 131 1568
1938 2 2 11 214 132 940 1567
1939 2 2 11 214 821 820 1571
1940 2 2 11 214 940 820 1567
1941 2 2 11 214 820 940 1571
1942 2 2 11 214 822 821 1570
1943 2 2 11 214 821 939 1570
1944 2 2 11 214 939 821 1571
1945 2 2 11 214 823 822 1569
1946 2 2 11 214 822 938 1569
1947 2 2 11 214 938 822 1570
1948 2 2 11 214 824 823 1572
1949 2 2 11 214 937 823 1569
1950 2 2 11 214 823 937 1572
1951 2 2 11 214 824 936 1568
1952 2 2 11 214 936 824 1572
1953 2 2 11 214 937 936 1572
1954 2 2 11 214 938 937 1569
1955 2 2 11 214 939 938 1570
1956 2 2 11 214 940 939 1571
1957 2 2 11 215 130 102 1574
1958 2 2 11 215 102 815 1574
1959 2 2 11 215 103 131 1573
1960 2 2 11 215 819 103 1573
1961 2 2 11 215 931 130 1574
1962 2 2 11 215 131 935 1573
1963 2 2 11 215 815 816 1577
1964 2 2 11 215 815 931 1574
1965 2 2 11 215 931 815 1577
1966 2 2 11 215 816 817 1575
1967 2 2 11 215 932 816 1575
1968 2 2 11 215 816 932 1577
1969 2 2 11 215 817 818 1576
1970 2 2 11 215 817 933 1575
1971 2 2 11 215 933 817 1576
1972 2 2 11 215 818 819 1578
1973 2 2 11 215 818 934 1576
1974 2 2 11 215 934 818 1578
1975 2 2 11 215 935 819 1573
1976 2 2 11 215 819 935 1578
1977 2 2 11 215 932 931 1577
1978 2 2 11 215 933 932 1575
1979 2 2 11 215 934 933 1576
1980 2 2 11 215 935 934 1578
1981 2 2 11 216 133 105 1580
1982 2 2 11 216 105 830 1580
1983 2 2 11 216 106 134 1579
1984 2 2 11 216 831 106 1579
1985 2 2 11 216 946 133 1580
1986 2 2 11 216 134 947 1579
1987 2 2 11 216 830 831 1581
1988 2 2 11 216 830 946 1580
1989 2 2 11 216 946 830 1581
1990 2 2 11 216 947 831 1579
1991 2 2 11 216 831 947 1581
1992 2 2 11 216 947 946 1581
1993 2 2 11 217 132 104 1583
1994 2 2 11 217 104 825 1583
1995 2 2 11 217 105 133 1582
1996 2 2 11 217 829 105 1582
1997 2 2 11 217 941 132 1583
1998 2 2 11 217 133 945 1582
1999 2 2 11 217 825 826 1586
2000 2 2 11 217 825 941 1583
2001 2 2 11 217 941 825 1586
2002 2 2 11 217 826 827 1584
2003 2 2 11 217 942 826 1584
2004 2 2 11 217 826 942 1586
2005 2 2 11 217 827 828 1585
2006 2 2 11 217 827 943 1584
2007 2 2 11 217 943 827 1585
2008 2 2 11 217 828 829 1587
2009 2 2 11 217 828 944 1585
2010 2 2 11 217 944 828 1587
2011 2 2 11 217 945 829 1582
2012 2 2 11 217 829 945 1587
2013 2 2 11 217 942 941 1586
2014 2 2 11 217 943 942 1584
2015 2 2 11 217 944 943 1585
2016 2 2 11 217 945 944 1587
2017 2 2 11 218 136 108 1588
2018 2 2 11 218 108 834 1588
2019 2 2 11 218 109 137 1589
2020 2 2 11 218 837 109 1589
2021 2 2 11 218 950 136 1588
2022 2 2 11 218 137 953 1589
2023 2 2 11 218 834 835 1590
2024 2 2 11 218 834 950 1588
2025 2 2 11 218 950 834 1590
2026 2 2 11 218 835 836 1592
2027 2 2 11 218 835 951 1590
2028 2 2 11 218 951 835 1592
2029 2 2 11 218 836 837 1591
2030 2 2 11 218 952 836 1591
2031 2 2 11 218 836 952 1592
2032 2 2 11 218 953 837 1589
2033 2 2 11 218 837 953 1591
2034 2 2 11 218 951 950 1590
2035 2 2 11 218 952 951 1592
2036 2 2 11 218 953 952 1591
2037 2 2 11 219 135 107 1594
2038 2 2 11 219 107 832 1594
2039 2 2 11 219 108 136 1593
2040 2 2 11 219 833 108 1593
2041 2 2 11 219 948 135 1594
2042 2 2 11 219 136 949 1593
2043 2 2 11 219 832 833 1595
2044 2 2 11 219 832 948 1594
2045 2 2 11 219 948 832 1595
2046 2 2 11 219 949 833 1593
2047 2 2 11 219 833 949 1595
2048 2 2 11 219 949 948 1595
2049 2 2 11 220 106 107 1596
2050 2 2 11 220 134 106 1596
2051 2 2 11 220 107 135 1596
2052 2 2 11 220 135 134 1596
2053 2 2 13 221 150 149 1597
2054 2 2 13 221 149 151 1597
2055 2 2 13 221 152 150 1597
2056 2 2 13 221 151 152 1597
2057 2 2 13 222 149 150 1598
2058 2 2 13 222 1002 149 1598
2059 2 2 13 222 150 1004 1598
2060 2 2 13 222 154 153 1599
2061 2 2 13 222 153 1001 1599
2062 2 2 13 222 1003 154 1599
2063 2 2 13 222 1001 1002 1600
2064 2 2 13 222 1001 1003 1599
2065 2 2 13 222 1003 1001 1600
2066 2 2 13 222 1004 1002 1598
2067 2 2 13 222 1002 1004 1600
2068 2 2 13 222 1004 1003 1600
2069 2 2 13 223 152 151 1602
2070 2 2 13 223 151 1005 1602
2071 2 2 13 223 1007 152 1602
2072 2 2 13 223 155 156 1601
2073 2 2 13 223 1006 155 1601
2074 2 2 13 223 156 1008 1601
2075 2 2 13 223 1005 1006 1603
2076 2 2 13 223 1005 1007 1602
2077 2 2 13 223 1007 1005 1603
2078 2 2 13 223 1008 1006 1601
2079 2 2 13 223 1006 1008 1603
2080 2 2 13 223 1008 1007 1603
2081 2 2 12 225 152 1604 150
2082 2 2 12 225 150 1604 1004
2083 2 2 12 225 1007 1604 152
2084 2 2 12 225 154 1008 156
2085 2 2 12 225 1038 154 156
2086 2 2 12 225 1003 1008 154
2087 2 2 12 225 1066 154 1038
2088 2 2 12 225 1042 165 172
2089 2 2 12 225 172 165 1043
2090 2 2 12 225 171 1047 166
2091 2 2 12 225 166 1048 171
2092 2 2 12 225 170 1052 167
2093 2 2 12 225 170 167 1053
2094 2 2 12 225 169 1605 168
2095 2 2 12 225 168 1605 1053
2096 2 2 12 225 1054 1605 169
2097 2 2 12 225 1055 1052 170
2098 2 2 12 225 170 1053 1054
2099 2 2 12 225 1059 1047 171
2100 2 2 12 225 171 1048 1058
2101 2 2 12 225 1063 1042 172
2102 2 2 12 225 172 1043 1062
2103 2 2 12 225 1007 1003 1004
2104 2 2 12 225 1007 1008 1003
2105 2 2 12 225 1004 1604 1007
2106 2 2 12 225 1038 1039 1066
2107 2 2 12 225 1065 1039 1040
2108 2 2 12 225 1066 1039 1065
2109 2 2 12 225 1040 1041 1064
2110 2 2 12 225 1065 1040 1064
2111 2 2 12 225 1041 1042 1063
2112 2 2 12 225 1041 1063 1064
2113 2 2 12 225 1043 1044 1062
2114 2 2 12 225 1044 1045 1061
2115 2 2 12 225 1062 1044 1061
2116 2 2 12 225 1045 1046 1060
2117 2 2 12 225 1061 1045 1060
2118 2 2 12 225 1046 1047 1059
2119 2 2 12 225 1060 1046 1059
2120 2 2 12 225 1058 1048 1049
2121 2 2 12 225 1049 1050 1057
2122 2 2 12 225 1058 1049 1057
2123 2 2 12 225 1056 1050 1051
2124 2 2 12 225 1057 1050 1056
2125 2 2 12 225 1051 1052 1055
2126 2 2 12 225 1056 1051 1055
2127 2 2 12 225 1053 1605 1054
2128 2 2 13 226 153 154 1607
2129 2 2 13 226 1037 153 1607
2130 2 2 13 226 154 1066 1607
2131 2 2 13 226 172 164 1606
2132 2 2 13 226 164 1034 1606
2133 2 2 13 226 1063 172 1606
2134 2 2 13 226 1034 1035 1608
2135 2 2 13 226 1034 1063 1606
2136 2 2 13 226 1063 1034 1608
2137 2 2 13 226 1035 1036 1610
2138 2 2 13 226 1035 1064 1608
2139 2 2 13 226 1064 1035 1610
2140 2 2 13 226 1036 1037 1609
2141 2 2 13 226 1065 1036 1609
2142 2 2 13 226 1036 1065 1610
2143 2 2 13 226 1066 1037 1607
2144 2 2 13 226 1037 1066 1609
2145 2 2 13 226 1064 1063 1608
2146 2 2 13 226 1065 1064 1610
2147 2 2 13 226 1066 1065 1609
2148 2 2 13 227 156 155 1612
2149 2 2 13 227 155 1009 1612
2150 2 2 13 227 1038 156 1612
2151 2 2 13 227 157 165 1611
2152 2 2 13 227 1013 157 1611
2153 2 2 13 227 165 1042 1611
2154 2 2 13 227 1009 1010 1615
2155 2 2 13 227 1009 1038 1612
2156 2 2 13 227 1038 1009 1615
2157 2 2 13 227 1010 1011 1613
2158 2 2 13 227 1039 1010 1613
2159 2 2 13 227 1010 1039 1615
2160 2 2 13 227 1011 1012 1614
2161 2 2 13 227 1011 1040 1613
2162 2 2 13 227 1040 1011 1614
2163 2 2 13 227 1012 1013 1616
2164 2 2 13 227 1012 1041 1614
2165 2 2 13 227 1041 1012 1616
2166 2 2 13 227 1042 1013 1611
2167 2 2 13 227 1013 1042 1616
2168 2 2 13 227 1039 1038 1615
2169 2 2 13 227 1040 1039 1613
2170 2 2 13 227 1041 1040 1614
2171 2 2 13 227 1042 1041 1616
2172 2 2 13 228 171 163 1618
2173 2 2 13 228 163 1033 1618
2174 2 2 13 228 164 172 1617
2175 2 2 13 228 1030 164 1617
2176 2 2 13 228 1059 171 1618
2177 2 2 13 228 172 1062 1617
2178 2 2 13 228 1031 1030 1619
2179 2 2 13 228 1062 1030 1617
2180 2 2 13 228 1030 1062 1619
2181 2 2 13 228 1032 1031 1621
2182 2 2 13 228 1061 1031 1619
2183 2 2 13 228 1031 1061 1621
2184 2 2 13 228 1033 1032 1620
2185 2 2 13 228 1032 1060 1620
2186 2 2 13 228 1060 1032 1621
2187 2 2 13 228 1033 1059 1618
2188 2 2 13 228 1059 1033 1620
2189 2 2 13 228 1060 1059 1620
2190 2 2 13 228 1061 1060 1621
2191 2 2 13 228 1062 1061 1619
2192 2 2 13 229 165 157 1623
2193 2 2 13 229 157 1018 1623
2194 2 2 13 229 158 166 1622
2195 2 2 13 229 1014 158 1622
2196 2 2 13 229 1043 165 1623
2197 2 2 13 229 166 1047 1622
2198 2 2 13 229 1015 1014 1626
2199 2 2 13 229 1047 1014 1622
2200 2 2 13 229 1014 1047 1626
2201 2 2 13 229 1016 1015 1624
2202 2 2 13 229 1015 1046 1624
2203 2 2 13 229 1046 1015 1626
2204 2 2 13 229 1017 1016 1625
2205 2 2 13 229 1045 1016 1624
2206 2 2 13 229 1016 1045 1625
2207 2 2 13 229 1018 1017 1627
2208 2 2 13 229 1044 1017 1625
2209 2 2 13 229 1017 1044 1627
2210 2 2 13 229 1018 1043 1623
2211 2 2 13 229 1043 1018 1627
2212 2 2 13 229 1044 1043 1627
2213 2 2 13 229 1045 1044 1625
2214 2 2 13 229 1046 1045 1624
2215 2 2 13 229 1047 1046 1626
2216 2 2 13 230 167 159 1629
2217 2 2 13 230 159 1024 1629
2218 2 2 13 230 160 168 1628
2219 2 2 13 230 1024 160 1628
2220 2 2 13 230 1053 167 1629
2221 2 2 13 230 168 1053 1628
2222 2 2 13 230 1053 1024 1628
2223 2 2 13 230 1024 1053 1629
2224 2 2 13 231 166 158 1631
2225 2 2 13 231 158 1019 1631
2226 2 2 13 231 159 167 1630
2227 2 2 13 231 1023 159 1630
2228 2 2 13 231 1048 166 1631
2229 2 2 13 231 167 1052 1630
2230 2 2 13 231 1019 1020 1634
2231 2 2 13 231 1019 1048 1631
2232 2 2 13 231 1048 1019 1634
2233 2 2 13 231 1020 1021 1632
2234 2 2 13 231 1049 1020 1632
2235 2 2 13 231 1020 1049 1634
2236 2 2 13 231 1021 1022 1633
2237 2 2 13 231 1021 1050 1632
2238 2 2 13 231 1050 1021 1633
2239 2 2 13 231 1022 1023 1635
2240 2 2 13 231 1022 1051 1633
2241 2 2 13 231 1051 1022 1635
2242 2 2 13 231 1052 1023 1630
2243 2 2 13 231 1023 1052 1635
2244 2 2 13 231 1049 1048 1634
2245 2 2 13 231 1050 1049 1632
2246 2 2 13 231 1051 1050 1633
2247 2 2 13 231 1052 1051 1635
2248 2 2 13 232 170 162 1636
2249 2 2 13 232 162 1026 1636
2250 2 2 13 232 163 171 1637
2251 2 2 13 232 1029 163 1637
2252 2 2 13 232 1055 170 1636
2253 2 2 13 232 171 1058 1637
2254 2 2 13 232 1026 1027 1638
2255 2 2 13 232 1026 1055 1636
2256 2 2 13 232 1055 1026 1638
2257 2 2 13 232 1027 1028 1640
2258 2 2 13 232 1027 1056 1638
2259 2 2 13 232 1056 1027 1640
2260 2 2 13 232 1028 1029 1639
2261 2 2 13 232 1057 1028 1639
2262 2 2 13 232 1028 1057 1640
2263 2 2 13 232 1058 1029 1637
2264 2 2 13 232 1029 1058 1639
2265 2 2 13 232 1056 1055 1638
2266 2 2 13 232 1057 1056 1640
2267 2 2 13 232 1058 1057 1639
2268 2 2 13 233 169 161 1642
2269 2 2 13 233 161 1025 1642
2270 2 2 13 233 162 170 1641
2271 2 2 13 233 1025 162 1641
2272 2 2 13 233 1054 169 1642
2273 2 2 13 233 170 1054 1641
2274 2 2 13 233 1054 1025 1641
2275 2 2 13 233 1025 1054 1642
2276 2 2 13 234 160 161 1643
2277 2 2 13 234 168 160 1643
2278 2 2 13 234 161 169 1643
2279 2 2 13 234 169 168 1643
2280 2 2 22 261 1173 197 3064
2281 2 2 22 261 197 1174 3064
2282 2 2 22 261 198 1171 3061
2283 2 2 22 261 1179 198 3061
2284 2 2 22 261 1175 199 3065
2285 2 2 22 261 199 1178 3065
2286 2 2 22 261 1176 200 3060
2287 2 2 22 261 200 1180 3060
2288 2 2 22 261 1171 1172 3066
2289 2 2 22 261 3061 1171 3066
2290 2 2 22 261 1172 1173 3062
2291 2 2 22 261 1172 3062 3066
2292 2 2 22 261 3062 1173 3064
2293 2 2 22 261 1174 1175 3059
2294 2 2 22 261 1174 3059 3064
2295 2 2 22 261 3059 1175 3065
2296 2 2 22 261 1177 1176 3067
2297 2 2 22 261 1176 3060 3067
2298 2 2 22 261 1178 1177 3063
2299 2 2 22 261 3063 1177 3067
2300 2 2 22 261 1178 3063 3065
2301 2 2 22 261 1180 1179 3060
2302 2 2 22 261 3060 1179 3061
2303 2 2 22 261 3058 3060 3061
2304 2 2 22 261 3060 3058 3067
2305 2 2 22 261 3058 3061 3066
2306 2 2 22 261 3058 3062 3063
2307 2 2 22 261 3062 3058 3066
2308 2 2 22 261 3058 3063 3067
2309 2 2 22 261 3062 3059 3063
2310 2 2 22 261 3059 3062 3064
2311 2 2 22 261 3063 3059 3065
2312 2 2 22 262 197 1173 3074
2313 2 2 22 262 1186 197 3074
2314 2 2 22 262 1171 198 3071
2315 2 2 22 262 198 1181 3071
2316 2 2 22 262 1182 201 3070
2317 2 2 22 262 201 1183 3070
2318 2 2 22 262 1185 202 3075
2319 2 2 22 262 202 1187 3075
2320 2 2 22 262 1172 1171 3077
2321 2 2 22 262 1171 3071 3077
2322 2 2 22 262 1173 1172 3072
2323 2 2 22 262 3072 1172 3077
2324 2 2 22 262 1173 3072 3074
2325 2 2 22 262 1181 1182 3070
2326 2 2 22 262 1181 3070 3071
2327 2 2 22 262 1183 1184 3076
2328 2 2 22 262 3070 1183 3076
2329 2 2 22 262 1184 1185 3073
2330 2 2 22 262 1184 3073 3076
2331 2 2 22 262 3073 1185 3075
2332 2 2 22 262 1187 1186 3069
2333 2 2 22 262 3069 1186 3074
2334 2 2 22 262 1187 3069 3075
2335 2 2 22 262 3070 3068 3071
2336 2 2 22 262 3068 3070 3076
2337 2 2 22 262 3071 3068 3077
2338 2 2 22 262 3072 3068 3073
2339 2 2 22 262 3068 3072 3077
2340 2 2 22 262 3073 3068 3076
2341 2 2 22 262 3069 3072 3073
2342 2 2 22 262 3072 3069 3074
2343 2 2 22 262 3069 3073 3075
2344 2 2 22 263 197 3079 1174
2345 2 2 22 263 1186 3079 197
2346 2 2 22 263 1175 3081 199
2347 2 2 22 263 199 3081 1188
2348 2 2 22 263 202 3080 1187
2349 2 2 22 263 1190 3080 202
2350 2 2 22 263 1189 3082 203
2351 2 2 22 263 203 3082 1191
2352 2 2 22 263 1174 3081 1175
2353 2 2 22 263 3079 3081 1174
2354 2 2 22 263 1187 3080 1186
2355 2 2 22 263 1186 3080 3079
2356 2 2 22 263 1188 3082 1189
2357 2 2 22 263 3081 3082 1188
2358 2 2 22 263 1191 3082 1190
2359 2 2 22 263 1190 3082 3080
2360 2 2 22 263 3079 3080 3078
2361 2 2 22 263 3078 3081 3079
2362 2 2 22 263 3080 3082 3078
2363 2 2 22 263 3078 3082 3081
2364 2 2 22 264 199 3089 1178
2365 2 2 22 264 1188 3089 199
2366 2 2 22 264 1176 3086 200
2367 2 2 22 264 200 3086 1192
2368 2 2 22 264 203 3090 1189
2369 2 2 22 264 1196 3090 203
2370 2 2 22 264 1193 3085 204
2371 2 2 22 264 204 3085 1194
2372 2 2 22 264 1177 3092 1176
2373 2 2 22 264 1176 3092 3086
2374 2 2 22 264 1178 3087 1177
2375 2 2 22 264 3087 3092 1177
2376 2 2 22 264 1178 3089 3087
2377 2 2 22 264 1189 3084 1188
2378 2 2 22 264 3084 3089 1188
2379 2 2 22 264 1189 3090 3084
2380 2 2 22 264 1192 3085 1193
2381 2 2 22 264 1192 3086 3085
2382 2 2 22 264 1194 3091 1195
2383 2 2 22 264 3085 3091 1194
2384 2 2 22 264 1195 3088 1196
2385 2 2 22 264 1195 3091 3088
2386 2 2 22 264 3088 3090 1196
2387 2 2 22 264 3085 3086 3083
2388 2 2 22 264 3083 3091 3085
2389 2 2 22 264 3086 3092 3083
2390 2 2 22 264 3087 3088 3083
2391 2 2 22 264 3083 3092 3087
2392 2 2 22 264 3088 3091 3083
2393 2 2 22 264 3084 3088 3087
2394 2 2 22 264 3087 3089 3084
2395 2 2 22 264 3084 3090 3088
2396 2 2 22 265 198 1179 3094
2397 2 2 22 265 1181 198 3094
2398 2 2 22 265 1180 200 3096
2399 2 2 22 265 200 1192 3096
2400 2 2 22 265 201 1182 3095
2401 2 2 22 265 1197 201 3095
2402 2 2 22 265 1193 204 3097
2403 2 2 22 265 204 1198 3097
2404 2 2 22 265 1179 1180 3096
2405 2 2 22 265 3094 1179 3096
2406 2 2 22 265 1182 1181 3095
2407 2 2 22 265 1181 3094 3095
2408 2 2 22 265 1192 1193 3097
2409 2 2 22 265 3096 1192 3097
2410 2 2 22 265 1198 1197 3097
2411 2 2 22 265 1197 3095 3097
2412 2 2 22 265 3094 3093 3095
2413 2 2 22 265 3093 3094 3096
2414 2 2 22 265 3095 3093 3097
2415 2 2 22 265 3093 3096 3097
2416 2 2 22 266 201 3101 1183
2417 2 2 22 266 1197 3101 201
2418 2 2 22 266 1185 3104 202
2419 2 2 22 266 202 3104 1190
2420 2 2 22 266 1191 3105 203
2421 2 2 22 266 203 3105 1196
2422 2 2 22 266 1194 3100 204
2423 2 2 22 266 204 3100 1198
2424 2 2 22 266 1183 3106 1184
2425 2 2 22 266 3101 3106 1183
2426 2 2 22 266 1184 3102 1185
2427 2 2 22 266 1184 3106 3102
2428 2 2 22 266 3102 3104 1185
2429 2 2 22 266 1190 3099 1191
2430 2 2 22 266 1190 3104 3099
2431 2 2 22 266 3099 3105 1191
2432 2 2 22 266 1195 3107 1194
2433 2 2 22 266 1194 3107 3100
2434 2 2 22 266 1196 3103 1195
2435 2 2 22 266 3103 3107 1195
2436 2 2 22 266 1196 3105 3103
2437 2 2 22 266 1198 3100 1197
2438 2 2 22 266 3100 3101 1197
2439 2 2 22 266 3098 3101 3100
2440 2 2 22 266 3100 3107 3098
2441 2 2 22 266 3098 3106 3101
2442 2 2 22 266 3098 3103 3102
2443 2 2 22 266 3102 3106 3098
2444 2 2 22 266 3098 3107 3103
2445 2 2 22 266 3102 3103 3099
2446 2 2 22 266 3099 3104 3102
2447 2 2 22 266 3103 3105 3099
2448 2 2 4 267 53 3 6
2449 2 2 4 267 53 54 3
2450 2 2 4 267 54 55 3
2451 2 2 4 267 3 55 213
2452 2 2 4 267 5 4 3109
2453 2 2 4 267 4 219 3109
2454 2 2 4 267 220 5 3109
2455 2 2 4 267 56 53 6
2456 2 2 4 267 226 56 6
2457 2 2 4 267 55 56 3108
2458 2 2 4 267 213 55 3108
2459 2 2 4 267 56 226 3108
2460 2 2 4 267 214 213 3111
2461 2 2 4 267 226 213 3108
2462 2 2 4 267 213 226 3111
2463 2 2 4 267 215 214 3113
2464 2 2 4 267 225 214 3111
2465 2 2 4 267 214 225 3113
2466 2 2 4 267 216 215 3114
2467 2 2 4 267 224 215 3113
2468 2 2 4 267 215 224 3114
2469 2 2 4 267 217 216 3115
2470 2 2 4 267 223 216 3114
2471 2 2 4 267 216 223 3115
2472 2 2 4 267 218 217 3112
2473 2 2 4 267 217 222 3112
2474 2 2 4 267 222 217 3115
2475 2 2 4 267 219 218 3110
2476 2 2 4 267 218 221 3110
2477 2 2 4 267 221 218 3112
2478 2 2 4 267 219 220 3109
2479 2 2 4 267 220 219 3110
2480 2 2 4 267 221 220 3110
2481 2 2 4 267 222 221 3112
2482 2 2 4 267 223 222 3115
2483 2 2 4 267 224 223 3114
2484 2 2 4 267 225 224 3113
2485 2 2 4 267 226 225 3111
2486 2 2 10 268 33 87 34
2487 2 2 10 268 36 87 33
2488 2 2 10 268 34 3117 35
2489 2 2 10 268 87 765 34
2490 2 2 10 268 765 3117 34
2491 2 2 10 268 35 85 36
2492 2 2 10 268 35 763 85
2493 2 2 10 268 35 3117 763
2494 2 2 10 268 36 85 87
2495 2 2 10 268 57 107 58
2496 2 2 10 268 60 107 57
2497 2 2 10 268 58 3116 59
2498 2 2 10 268 107 832 58
2499 2 2 10 268 832 3116 58
2500 2 2 10 268 106 60 59
2501 2 2 10 268 59 831 106
2502 2 2 10 268 59 3116 831
2503 2 2 10 268 106 107 60
2504 2 2 10 268 91 89 766
2505 2 2 10 268 769 89 91
2506 2 2 10 268 766 89 763
2507 2 2 10 268 769 884 89
2508 2 2 10 268 120 774 93
2509 2 2 10 268 93 780 120
2510 2 2 10 268 119 775 94
2511 2 2 10 268 119 94 781
2512 2 2 10 268 118 786 95
2513 2 2 10 268 118 95 792
2514 2 2 10 268 96 117 787
2515 2 2 10 268 793 117 96
2516 2 2 10 268 97 116 798
2517 2 2 10 268 804 116 97
2518 2 2 10 268 98 115 799
2519 2 2 10 268 805 115 98
2520 2 2 10 268 99 114 810
2521 2 2 10 268 812 114 99
2522 2 2 10 268 100 113 811
2523 2 2 10 268 813 113 100
2524 2 2 10 268 101 846 112
2525 2 2 10 268 101 112 847
2526 2 2 10 268 847 813 101
2527 2 2 10 268 814 846 101
2528 2 2 10 268 102 111 814
2529 2 2 10 268 815 111 102
2530 2 2 10 268 103 110 819
2531 2 2 10 268 824 110 103
2532 2 2 10 268 104 109 820
2533 2 2 10 268 825 109 104
2534 2 2 10 268 105 108 829
2535 2 2 10 268 830 108 105
2536 2 2 10 268 108 834 829
2537 2 2 10 268 830 833 108
2538 2 2 10 268 109 841 820
2539 2 2 10 268 825 837 109
2540 2 2 10 268 110 842 819
2541 2 2 10 268 824 838 110
2542 2 2 10 268 111 846 814
2543 2 2 10 268 815 845 111
2544 2 2 10 268 811 113 849
2545 2 2 10 268 847 113 813
2546 2 2 10 268 114 850 810
2547 2 2 10 268 812 848 114
2548 2 2 10 268 799 115 859
2549 2 2 10 268 805 854 115
2550 2 2 10 268 798 116 860
2551 2 2 10 268 855 116 804
2552 2 2 10 268 787 117 869
2553 2 2 10 268 864 117 793
2554 2 2 10 268 870 786 118
2555 2 2 10 268 792 865 118
2556 2 2 10 268 119 879 775
2557 2 2 10 268 781 874 119
2558 2 2 10 268 120 880 774
2559 2 2 10 268 780 875 120
2560 2 2 10 268 763 3117 766
2561 2 2 10 268 766 3117 765
2562 2 2 10 268 770 884 769
2563 2 2 10 268 771 883 770
2564 2 2 10 268 883 884 770
2565 2 2 10 268 772 882 771
2566 2 2 10 268 882 883 771
2567 2 2 10 268 773 881 772
2568 2 2 10 268 881 882 772
2569 2 2 10 268 774 880 773
2570 2 2 10 268 880 881 773
2571 2 2 10 268 775 879 776
2572 2 2 10 268 776 878 777
2573 2 2 10 268 776 879 878
2574 2 2 10 268 777 877 778
2575 2 2 10 268 777 878 877
2576 2 2 10 268 778 876 779
2577 2 2 10 268 778 877 876
2578 2 2 10 268 779 875 780
2579 2 2 10 268 779 876 875
2580 2 2 10 268 782 874 781
2581 2 2 10 268 783 873 782
2582 2 2 10 268 873 874 782
2583 2 2 10 268 784 872 783
2584 2 2 10 268 872 873 783
2585 2 2 10 268 871 784 785
2586 2 2 10 268 871 872 784
2587 2 2 10 268 785 786 870
2588 2 2 10 268 871 785 870
2589 2 2 10 268 788 787 869
2590 2 2 10 268 789 788 868
2591 2 2 10 268 868 788 869
2592 2 2 10 268 789 867 790
2593 2 2 10 268 868 867 789
2594 2 2 10 268 790 866 791
2595 2 2 10 268 867 866 790
2596 2 2 10 268 791 865 792
2597 2 2 10 268 791 866 865
2598 2 2 10 268 864 793 794
2599 2 2 10 268 795 863 794
2600 2 2 10 268 794 863 864
2601 2 2 10 268 862 795 796
2602 2 2 10 268 862 863 795
2603 2 2 10 268 796 797 861
2604 2 2 10 268 861 862 796
2605 2 2 10 268 798 860 797
2606 2 2 10 268 797 860 861
2607 2 2 10 268 800 799 859
2608 2 2 10 268 800 858 801
2609 2 2 10 268 859 858 800
2610 2 2 10 268 801 857 802
2611 2 2 10 268 858 857 801
2612 2 2 10 268 856 803 802
2613 2 2 10 268 802 857 856
2614 2 2 10 268 804 803 855
2615 2 2 10 268 855 803 856
2616 2 2 10 268 806 854 805
2617 2 2 10 268 807 853 806
2618 2 2 10 268 853 854 806
2619 2 2 10 268 808 852 807
2620 2 2 10 268 807 852 853
2621 2 2 10 268 809 851 808
2622 2 2 10 268 851 852 808
2623 2 2 10 268 810 850 809
2624 2 2 10 268 809 850 851
2625 2 2 10 268 811 3118 812
2626 2 2 10 268 849 3118 811
2627 2 2 10 268 812 3118 848
2628 2 2 10 268 816 845 815
2629 2 2 10 268 817 844 816
2630 2 2 10 268 844 845 816
2631 2 2 10 268 818 843 817
2632 2 2 10 268 843 844 817
2633 2 2 10 268 819 842 818
2634 2 2 10 268 842 843 818
2635 2 2 10 268 820 841 821
2636 2 2 10 268 821 840 822
2637 2 2 10 268 821 841 840
2638 2 2 10 268 822 839 823
2639 2 2 10 268 822 840 839
2640 2 2 10 268 823 838 824
2641 2 2 10 268 823 839 838
2642 2 2 10 268 826 837 825
2643 2 2 10 268 827 836 826
2644 2 2 10 268 836 837 826
2645 2 2 10 268 828 835 827
2646 2 2 10 268 835 836 827
2647 2 2 10 268 829 834 828
2648 2 2 10 268 834 835 828
2649 2 2 10 268 831 3119 830
2650 2 2 10 268 830 3119 833
2651 2 2 10 268 3116 3119 831
2652 2 2 10 268 833 3119 832
2653 2 2 10 268 832 3119 3116
2654 2 2 10 268 848 3118 849
2655 2 2 8 269 21 31 22
2656 2 2 8 269 30 31 21
2657 2 2 8 269 30 21 248
2658 2 2 8 269 22 32 23
2659 2 2 8 269 31 32 22
2660 2 2 8 269 247 23 28
2661 2 2 8 269 28 23 3120
2662 2 2 8 269 23 32 3120
2663 2 2 8 269 245 23 247
2664 2 2 8 269 24 245 27
2665 2 2 8 269 24 27 3121
2666 2 2 8 269 246 24 3121
2667 2 2 8 269 25 40 26
2668 2 2 8 269 40 25 246
2669 2 2 8 269 26 38 27
2670 2 2 8 269 37 38 26
2671 2 2 8 269 40 37 26
2672 2 2 8 269 27 38 3121
2673 2 2 8 269 245 247 27
2674 2 2 8 269 248 28 3120
2675 2 2 8 269 29 30 248
2676 2 2 8 269 32 29 3120
2677 2 2 8 269 29 248 3120
2678 2 2 8 269 38 39 3121
2679 2 2 8 269 39 40 246
2680 2 2 8 269 39 246 3121
2681 2 2 12 270 42 41 160
2682 2 2 12 270 44 3123 41
2683 2 2 12 270 41 1024 160
2684 2 2 12 270 41 3123 1024
2685 2 2 12 270 42 160 43
2686 2 2 12 270 43 161 44
2687 2 2 12 270 43 160 161
2688 2 2 12 270 44 161 1025
2689 2 2 12 270 1025 3123 44
2690 2 2 12 270 49 149 50
2691 2 2 12 270 52 3122 49
2692 2 2 12 270 1002 149 49
2693 2 2 12 270 49 3122 1002
2694 2 2 12 270 50 151 51
2695 2 2 12 270 50 149 151
2696 2 2 12 270 51 151 52
2697 2 2 12 270 52 151 1005
2698 2 2 12 270 1005 3122 52
2699 2 2 12 270 155 153 1006
2700 2 2 12 270 1009 153 155
2701 2 2 12 270 1006 153 1001
2702 2 2 12 270 1037 153 1009
2703 2 2 12 270 164 1013 157
2704 2 2 12 270 157 1018 164
2705 2 2 12 270 163 1014 158
2706 2 2 12 270 163 158 1019
2707 2 2 12 270 1023 159 162
2708 2 2 12 270 159 1024 162
2709 2 2 12 270 1026 1023 162
2710 2 2 12 270 1024 3123 162
2711 2 2 12 270 162 3123 1025
2712 2 2 12 270 1033 1014 163
2713 2 2 12 270 163 1019 1029
2714 2 2 12 270 1034 1013 164
2715 2 2 12 270 164 1018 1030
2716 2 2 12 270 1002 3124 1001
2717 2 2 12 270 1001 3124 1006
2718 2 2 12 270 3122 3124 1002
2719 2 2 12 270 1006 3124 1005
2720 2 2 12 270 1005 3124 3122
2721 2 2 12 270 1037 1009 1010
2722 2 2 12 270 1010 1011 1036
2723 2 2 12 270 1010 1036 1037
2724 2 2 12 270 1035 1011 1012
2725 2 2 12 270 1036 1011 1035
2726 2 2 12 270 1012 1013 1034
2727 2 2 12 270 1012 1034 1035
2728 2 2 12 270 1033 1015 1014
2729 2 2 12 270 1032 1016 1015
2730 2 2 12 270 1032 1015 1033
2731 2 2 12 270 1031 1017 1016
2732 2 2 12 270 1031 1016 1032
2733 2 2 12 270 1030 1018 1017
2734 2 2 12 270 1030 1017 1031
2735 2 2 12 270 1019 1020 1029
2736 2 2 12 270 1028 1020 1021
2737 2 2 12 270 1029 1020 1028
2738 2 2 12 270 1021 1022 1027
2739 2 2 12 270 1028 1021 1027
2740 2 2 12 270 1026 1022 1023
2741 2 2 12 270 1027 1022 1026
2742 2 2 6 271 45 9 12
2743 2 2 6 271 45 46 9
2744 2 2 6 271 46 47 9
2745 2 2 6 271 9 47 227
2746 2 2 6 271 11 10 3126
2747 2 2 6 271 10 233 3126
2748 2 2 6 271 234 11 3126
2749 2 2 6 271 48 45 12
2750 2 2 6 271 240 48 12
2751 2 2 6 271 47 48 3125
2752 2 2 6 271 227 47 3125
2753 2 2 6 271 48 240 3125
2754 2 2 6 271 228 227 3128
2755 2 2 6 271 240 227 3125
2756 2 2 6 271 227 240 3128
2757 2 2 6 271 229 228 3130
2758 2 2 6 271 239 228 3128
2759 2 2 6 271 228 239 3130
2760 2 2 6 271 230 229 3131
2761 2 2 6 271 238 229 3130
2762 2 2 6 271 229 238 3131
2763 2 2 6 271 231 230 3132
2764 2 2 6 271 237 230 3131
2765 2 2 6 271 230 237 3132
2766 2 2 6 271 232 231 3129
2767 2 2 6 271 231 236 3129
2768 2 2 6 271 236 231 3132
2769 2 2 6 271 233 232 3127
2770 2 2 6 271 232 235 3127
2771 2 2 6 271 235 232 3129
2772 2 2 6 271 233 234 3126
2773 2 2 6 271 234 233 3127
2774 2 2 6 271 235 234 3127
2775 2 2 6 271 236 235 3129
2776 2 2 6 271 237 236 3132
2777 2 2 6 271 238 237 3131
2778 2 2 6 271 239 238 3130
2779 2 2 6 271 240 239 3128
2780 2 2 20 272 206 3133 205
2781 2 2 20 272 205 3133 212
2782 2 2 20 272 211 3133 206
2783 2 2 20 272 212 3133 211
2784 2 2 21 273 208 3134 207
2785 2 2 21 273 207 3134 210
2786 2 2 21 273 209 3134 208
2787 2 2 21 273 210 3134 209
2788 2 2 5 274 3 1 3140
2789 2 2 5 274 1 1199 3140
2790 2 2 5 274 213 3 3140
2791 2 2 5 274 205 4 3139
2792 2 2 5 274 4 219 3139
2793 2 2 5 274 1205 205 3139
2794 2 2 5 274 214 213 3142
2795 2 2 5 274 1199 213 3140
2796 2 2 5 274 213 1199 3142
2797 2 2 5 274 215 214 3138
2798 2 2 5 274 214 1200 3138
2799 2 2 5 274 1200 214 3142
2800 2 2 5 274 216 215 3136
2801 2 2 5 274 215 1201 3136
2802 2 2 5 274 1201 215 3138
2803 2 2 5 274 217 216 3135
2804 2 2 5 274 216 1202 3135
2805 2 2 5 274 1202 216 3136
2806 2 2 5 274 218 217 3137
2807 2 2 5 274 1203 217 3135
2808 2 2 5 274 217 1203 3137
2809 2 2 5 274 219 218 3141
2810 2 2 5 274 1204 218 3137
2811 2 2 5 274 218 1204 3141
2812 2 2 5 274 219 1205 3139
2813 2 2 5 274 1205 219 3141
2814 2 2 5 274 1199 1200 3142
2815 2 2 5 274 1200 1201 3138
2816 2 2 5 274 1201 1202 3136
2817 2 2 5 274 1202 1203 3135
2818 2 2 5 274 1203 1204 3137
2819 2 2 5 274 1204 1205 3141
2820 2 2 5 275 5 4 3143
2821 2 2 5 275 4 205 3143
2822 2 2 5 275 206 5 3143
2823 2 2 5 275 205 206 3143
2824 2 2 5 276 2 6 3149
2825 2 2 5 276 1212 2 3149
2826 2 2 5 276 5 206 3148
2827 2 2 5 276 220 5 3148
2828 2 2 5 276 6 226 3149
2829 2 2 5 276 206 1206 3148
2830 2 2 5 276 221 220 3150
2831 2 2 5 276 1206 220 3148
2832 2 2 5 276 220 1206 3150
2833 2 2 5 276 222 221 3147
2834 2 2 5 276 221 1207 3147
2835 2 2 5 276 1207 221 3150
2836 2 2 5 276 223 222 3145
2837 2 2 5 276 222 1208 3145
2838 2 2 5 276 1208 222 3147
2839 2 2 5 276 224 223 3144
2840 2 2 5 276 223 1209 3144
2841 2 2 5 276 1209 223 3145
2842 2 2 5 276 225 224 3146
2843 2 2 5 276 1210 224 3144
2844 2 2 5 276 224 1210 3146
2845 2 2 5 276 226 225 3151
2846 2 2 5 276 1211 225 3146
2847 2 2 5 276 225 1211 3151
2848 2 2 5 276 226 1212 3149
2849 2 2 5 276 1212 226 3151
2850 2 2 5 276 1206 1207 3150
2851 2 2 5 276 1207 1208 3147
2852 2 2 5 276 1208 1209 3145
2853 2 2 5 276 1209 1210 3144
2854 2 2 5 276 1210 1211 3146
2855 2 2 5 276 1211 1212 3151
2856 2 2 4 277 1 2 3153
2857 2 2 4 277 1199 1 3153
2858 2 2 4 277 2 1212 3153
2859 2 2 4 277 206 205 3152
2860 2 2 4 277 205 1205 3152
2861 2 2 4 277 1206 206 3152
2862 2 2 4 277 1200 1199 3155
2863 2 2 4 277 1212 1199 3153
2864 2 2 4 277 1199 1212 3155
2865 2 2 4 277 1201 1200 3157
2866 2 2 4 277 1211 1200 3155
2867 2 2 4 277 1200 1211 3157
2868 2 2 4 277 1202 1201 3158
2869 2 2 4 277 1210 1201 3157
2870 2 2 4 277 1201 1210 3158
2871 2 2 4 277 1203 1202 3159
2872 2 2 4 277 1209 1202 3158
2873 2 2 4 277 1202 1209 3159
2874 2 2 4 277 1204 1203 3156
2875 2 2 4 277 1203 1208 3156
2876 2 2 4 277 1208 1203 3159
2877 2 2 4 277 1205 1204 3154
2878 2 2 4 277 1204 1207 3154
2879 2 2 4 277 1207 1204 3156
2880 2 2 4 277 1205 1206 3152
2881 2 2 4 277 1206 1205 3154
2882 2 2 4 277 1207 1206 3154
2883 2 2 4 277 1208 1207 3156
2884 2 2 4 277 1209 1208 3159
2885 2 2 4 277 1210 1209 3158
2886 2 2 4 277 1211 1210 3157
2887 2 2 4 277 1212 1211 3155
2888 2 2 7 278 9 7 3165
2889 2 2 7 278 7 1213 3165
2890 2 2 7 278 227 9 3165
2891 2 2 7 278 207 10 3164
2892 2 2 7 278 10 233 3164
2893 2 2 7 278 1219 207 3164
2894 2 2 7 278 228 227 3167
2895 2 2 7 278 1213 227 3165
2896 2 2 7 278 227 1213 3167
2897 2 2 7 278 229 228 3163
2898 2 2 7 278 228 1214 3163
2899 2 2 7 278 1214 228 3167
2900 2 2 7 278 230 229 3161
2901 2 2 7 278 229 1215 3161
2902 2 2 7 278 1215 229 3163
2903 2 2 7 278 231 230 3160
2904 2 2 7 278 230 1216 3160
2905 2 2 7 278 1216 230 3161
2906 2 2 7 278 232 231 3162
2907 2 2 7 278 1217 231 3160
2908 2 2 7 278 231 1217 3162
2909 2 2 7 278 233 232 3166
2910 2 2 7 278 1218 232 3162
2911 2 2 7 278 232 1218 3166
2912 2 2 7 278 233 1219 3164
2913 2 2 7 278 1219 233 3166
2914 2 2 7 278 1213 1214 3167
2915 2 2 7 278 1214 1215 3163
2916 2 2 7 278 1215 1216 3161
2917 2 2 7 278 1216 1217 3160
2918 2 2 7 278 1217 1218 3162
2919 2 2 7 278 1218 1219 3166
2920 2 2 7 279 11 10 3168
2921 2 2 7 279 10 207 3168
2922 2 2 7 279 208 11 3168
2923 2 2 7 279 207 208 3168
2924 2 2 7 280 8 12 3174
2925 2 2 7 280 1226 8 3174
2926 2 2 7 280 11 208 3173
2927 2 2 7 280 234 11 3173
2928 2 2 7 280 12 240 3174
2929 2 2 7 280 208 1220 3173
2930 2 2 7 280 235 234 3176
2931 2 2 7 280 1220 234 3173
2932 2 2 7 280 234 1220 3176
2933 2 2 7 280 236 235 3172
2934 2 2 7 280 235 1221 3172
2935 2 2 7 280 1221 235 3176
2936 2 2 7 280 237 236 3170
2937 2 2 7 280 236 1222 3170
2938 2 2 7 280 1222 236 3172
2939 2 2 7 280 238 237 3169
2940 2 2 7 280 237 1223 3169
2941 2 2 7 280 1223 237 3170
2942 2 2 7 280 239 238 3171
2943 2 2 7 280 1224 238 3169
2944 2 2 7 280 238 1224 3171
2945 2 2 7 280 240 239 3175
2946 2 2 7 280 1225 239 3171
2947 2 2 7 280 239 1225 3175
2948 2 2 7 280 240 1226 3174
2949 2 2 7 280 1226 240 3175
2950 2 2 7 280 1220 1221 3176
2951 2 2 7 280 1221 1222 3172
2952 2 2 7 280 1222 1223 3170
2953 2 2 7 280 1223 1224 3169
2954 2 2 7 280 1224 1225 3171
2955 2 2 7 280 1225 1226 3175
2956 2 2 6 281 7 8 3178
2957 2 2 6 281 1213 7 3178
2958 2 2 6 281 8 1226 3178
2959 2 2 6 281 208 207 3177
2960 2 2 6 281 207 1219 3177
2961 2 2 6 281 1220 208 3177
2962 2 2 6 281 1214 1213 3180
2963 2 2 6 281 1226 1213 3178
2964 2 2 6 281 1213 1226 3180
2965 2 2 6 281 1215 1214 3182
2966 2 2 6 281 1225 1214 3180
2967 2 2 6 281 1214 1225 3182
2968 2 2 6 281 1216 1215 3184
2969 2 2 6 281 1224 1215 3182
2970 2 2 6 281 1215 1224 3184
2971 2 2 6 281 1217 1216 3183
2972 2 2 6 281 1216 1223 3183
2973 2 2 6 281 1223 1216 3184
2974 2 2 6 281 1218 1217 3181
2975 2 2 6 281 1217 1222 3181
2976 2 2 6 281 1222 1217 3183
2977 2 2 6 281 1219 1218 3179
2978 2 2 6 281 1218 1221 3179
2979 2 2 6 281 1221 1218 3181
2980 2 2 6 281 1219 1220 3177
2981 2 2 6 281 1220 1219 3179
2982 2 2 6 281 1221 1220 3179
2983 2 2 6 281 1222 1221 3181
2984 2 2 6 281 1223 1222 3183
2985 2 2 6 281 1224 1223 3184
2986 2 2 6 281 1225 1224 3182
2987 2 2 6 281 1226 1225 3180
2988 2 2 2 282 63 306 3255
2989 2 2 2 282 535 63 3257
2990 2 2 2 282 3189 63 3255
2991 2 2 2 282 63 3189 3257
2992 2 2 2 282 278 64 3198
2993 2 2 2 282 64 610 3284
2994 2 2 2 282 64 3186 3198
2995 2 2 2 282 3186 64 3284
2996 2 2 2 282 75 563 3251
2997 2 2 2 282 564 75 3253
2998 2 2 2 282 3188 75 3251
2999 2 2 2 282 75 3188 3253
3000 2 2 2 282 76 592 3199
3001 2 2 2 282 605 76 3287
3002 2 2 2 282 3187 76 3199
3003 2 2 2 282 76 3187 3287
3004 2 2 2 282 77 593 3191
3005 2 2 2 282 606 77 3246
3006 2 2 2 282 3185 77 3190
3007 2 2 2 282 77 3185 3246
3008 2 2 2 282 3190 77 3282
3009 2 2 2 282 77 3191 3282
3010 2 2 2 282 212 78 606
3011 2 2 2 282 78 212 608
3012 2 2 2 282 209 79 607
3013 2 2 2 282 79 209 609
3014 2 2 2 282 80 609 3247
3015 2 2 2 282 622 80 3248
3016 2 2 2 282 80 3185 3190
3017 2 2 2 282 3185 80 3247
3018 2 2 2 282 80 3190 3248
3019 2 2 2 282 81 623 3376
3020 2 2 2 282 658 81 3376
3021 2 2 2 282 657 82 3374
3022 2 2 2 282 82 762 3374
3023 2 2 2 282 83 692 3375
3024 2 2 2 282 727 83 3375
3025 2 2 2 282 84 693 3377
3026 2 2 2 282 728 84 3377
3027 2 2 2 282 210 209 607
3028 2 2 2 282 209 210 3247
3029 2 2 2 282 609 209 3247
3030 2 2 2 282 211 210 608
3031 2 2 2 282 210 211 3249
3032 2 2 2 282 210 607 608
3033 2 2 2 282 3247 210 3249
3034 2 2 2 282 212 211 608
3035 2 2 2 282 211 212 3246
3036 2 2 2 282 211 3246 3249
3037 2 2 2 282 212 606 3246
3038 2 2 2 282 279 278 3260
3039 2 2 2 282 278 3198 3260
3040 2 2 2 282 280 279 3259
3041 2 2 2 282 3259 279 3260
3042 2 2 2 282 281 280 3235
3043 2 2 2 282 3235 280 3259
3044 2 2 2 282 282 281 3341
3045 2 2 2 282 281 3235 3341
3046 2 2 2 282 283 282 3229
3047 2 2 2 282 3229 282 3341
3048 2 2 2 282 284 283 3351
3049 2 2 2 282 283 3229 3351
3050 2 2 2 282 285 284 3223
3051 2 2 2 282 3223 284 3351
3052 2 2 2 282 286 285 3297
3053 2 2 2 282 285 3223 3297
3054 2 2 2 282 287 286 3217
3055 2 2 2 282 3217 286 3297
3056 2 2 2 282 288 287 3307
3057 2 2 2 282 287 3217 3307
3058 2 2 2 282 289 288 3211
3059 2 2 2 282 3211 288 3307
3060 2 2 2 282 290 289 3327
3061 2 2 2 282 289 3211 3327
3062 2 2 2 282 291 290 3206
3063 2 2 2 282 3206 290 3327
3064 2 2 2 282 292 291 3325
3065 2 2 2 282 291 3206 3325
3066 2 2 2 282 293 292 3203
3067 2 2 2 282 3203 292 3325
3068 2 2 2 282 294 293 3291
3069 2 2 2 282 293 3203 3291
3070 2 2 2 282 295 294 3209
3071 2 2 2 282 3209 294 3291
3072 2 2 2 282 296 295 3271
3073 2 2 2 282 295 3209 3271
3074 2 2 2 282 297 296 3272
3075 2 2 2 282 296 3271 3272
3076 2 2 2 282 298 297 3215
3077 2 2 2 282 3215 297 3272
3078 2 2 2 282 299 298 3301
3079 2 2 2 282 298 3215 3301
3080 2 2 2 282 300 299 3220
3081 2 2 2 282 3220 299 3301
3082 2 2 2 282 301 300 3347
3083 2 2 2 282 300 3220 3347
3084 2 2 2 282 302 301 3226
3085 2 2 2 282 3226 301 3347
3086 2 2 2 282 303 302 3335
3087 2 2 2 282 302 3226 3335
3088 2 2 2 282 304 303 3233
3089 2 2 2 282 3233 303 3335
3090 2 2 2 282 305 304 3315
3091 2 2 2 282 304 3233 3315
3092 2 2 2 282 306 305 3240
3093 2 2 2 282 3240 305 3315
3094 2 2 2 282 306 3240 3255
3095 2 2 2 282 536 535 3238
3096 2 2 2 282 3238 535 3257
3097 2 2 2 282 537 536 3317
3098 2 2 2 282 536 3238 3317
3099 2 2 2 282 538 537 3232
3100 2 2 2 282 3232 537 3317
3101 2 2 2 282 539 538 3339
3102 2 2 2 282 538 3232 3339
3103 2 2 2 282 540 539 3228
3104 2 2 2 282 3228 539 3339
3105 2 2 2 282 541 540 3353
3106 2 2 2 282 540 3228 3353
3107 2 2 2 282 542 541 3222
3108 2 2 2 282 3222 541 3353
3109 2 2 2 282 543 542 3295
3110 2 2 2 282 542 3222 3295
3111 2 2 2 282 544 543 3214
3112 2 2 2 282 3214 543 3295
3113 2 2 2 282 545 544 3280
3114 2 2 2 282 544 3214 3280
3115 2 2 2 282 546 545 3279
3116 2 2 2 282 3279 545 3280
3117 2 2 2 282 547 546 3208
3118 2 2 2 282 3208 546 3279
3119 2 2 2 282 548 547 3289
3120 2 2 2 282 547 3208 3289
3121 2 2 2 282 549 548 3202
3122 2 2 2 282 3202 548 3289
3123 2 2 2 282 550 549 3321
3124 2 2 2 282 549 3202 3321
3125 2 2 2 282 551 550 3207
3126 2 2 2 282 3207 550 3321
3127 2 2 2 282 552 551 3331
3128 2 2 2 282 551 3207 3331
3129 2 2 2 282 553 552 3213
3130 2 2 2 282 3213 552 3331
3131 2 2 2 282 554 553 3311
3132 2 2 2 282 553 3213 3311
3133 2 2 2 282 555 554 3219
3134 2 2 2 282 3219 554 3311
3135 2 2 2 282 556 555 3305
3136 2 2 2 282 555 3219 3305
3137 2 2 2 282 557 556 3225
3138 2 2 2 282 3225 556 3305
3139 2 2 2 282 558 557 3355
3140 2 2 2 282 557 3225 3355
3141 2 2 2 282 559 558 3231
3142 2 2 2 282 3231 558 3355
3143 2 2 2 282 560 559 3337
3144 2 2 2 282 559 3231 3337
3145 2 2 2 282 561 560 3237
3146 2 2 2 282 3237 560 3337
3147 2 2 2 282 562 561 3319
3148 2 2 2 282 561 3237 3319
3149 2 2 2 282 563 562 3241
3150 2 2 2 282 3241 562 3319
3151 2 2 2 282 563 3241 3251
3152 2 2 2 282 565 564 3239
3153 2 2 2 282 3239 564 3253
3154 2 2 2 282 566 565 3313
3155 2 2 2 282 565 3239 3313
3156 2 2 2 282 567 566 3236
3157 2 2 2 282 3236 566 3313
3158 2 2 2 282 568 567 3343
3159 2 2 2 282 567 3236 3343
3160 2 2 2 282 569 568 3230
3161 2 2 2 282 3230 568 3343
3162 2 2 2 282 570 569 3349
3163 2 2 2 282 569 3230 3349
3164 2 2 2 282 571 570 3224
3165 2 2 2 282 3224 570 3349
3166 2 2 2 282 572 571 3299
3167 2 2 2 282 571 3224 3299
3168 2 2 2 282 573 572 3218
3169 2 2 2 282 3218 572 3299
3170 2 2 2 282 574 573 3309
3171 2 2 2 282 573 3218 3309
3172 2 2 2 282 575 574 3212
3173 2 2 2 282 3212 574 3309
3174 2 2 2 282 576 575 3329
3175 2 2 2 282 575 3212 3329
3176 2 2 2 282 577 576 3205
3177 2 2 2 282 3205 576 3329
3178 2 2 2 282 578 577 3323
3179 2 2 2 282 577 3205 3323
3180 2 2 2 282 579 578 3204
3181 2 2 2 282 3204 578 3323
3182 2 2 2 282 580 579 3293
3183 2 2 2 282 579 3204 3293
3184 2 2 2 282 581 580 3210
3185 2 2 2 282 3210 580 3293
3186 2 2 2 282 582 581 3275
3187 2 2 2 282 581 3210 3275
3188 2 2 2 282 583 582 3276
3189 2 2 2 282 582 3275 3276
3190 2 2 2 282 584 583 3216
3191 2 2 2 282 3216 583 3276
3192 2 2 2 282 585 584 3303
3193 2 2 2 282 584 3216 3303
3194 2 2 2 282 586 585 3221
3195 2 2 2 282 3221 585 3303
3196 2 2 2 282 587 586 3345
3197 2 2 2 282 586 3221 3345
3198 2 2 2 282 588 587 3227
3199 2 2 2 282 3227 587 3345
3200 2 2 2 282 589 588 3333
3201 2 2 2 282 588 3227 3333
3202 2 2 2 282 590 589 3234
3203 2 2 2 282 3234 589 3333
3204 2 2 2 282 591 590 3262
3205 2 2 2 282 590 3234 3262
3206 2 2 2 282 592 591 3263
3207 2 2 2 282 591 3262 3263
3208 2 2 2 282 3199 592 3263
3209 2 2 2 282 593 594 3371
3210 2 2 2 282 3191 593 3371
3211 2 2 2 282 594 595 3244
3212 2 2 2 282 594 3244 3371
3213 2 2 2 282 595 596 3369
3214 2 2 2 282 3244 595 3369
3215 2 2 2 282 596 597 3243
3216 2 2 2 282 596 3243 3369
3217 2 2 2 282 597 598 3368
3218 2 2 2 282 3243 597 3368
3219 2 2 2 282 598 599 3201
3220 2 2 2 282 598 3201 3368
3221 2 2 2 282 599 600 3365
3222 2 2 2 282 3201 599 3365
3223 2 2 2 282 600 601 3197
3224 2 2 2 282 600 3197 3365
3225 2 2 2 282 601 602 3363
3226 2 2 2 282 3197 601 3363
3227 2 2 2 282 602 603 3195
3228 2 2 2 282 602 3195 3363
3229 2 2 2 282 603 604 3359
3230 2 2 2 282 3195 603 3359
3231 2 2 2 282 604 605 3192
3232 2 2 2 282 604 3192 3359
3233 2 2 2 282 3192 605 3287
3234 2 2 2 282 610 611 3193
3235 2 2 2 282 610 3193 3284
3236 2 2 2 282 611 612 3357
3237 2 2 2 282 3193 611 3357
3238 2 2 2 282 612 613 3194
3239 2 2 2 282 612 3194 3357
3240 2 2 2 282 613 614 3361
3241 2 2 2 282 3194 613 3361
3242 2 2 2 282 614 615 3196
3243 2 2 2 282 614 3196 3361
3244 2 2 2 282 615 616 3366
3245 2 2 2 282 3196 615 3366
3246 2 2 2 282 616 617 3200
3247 2 2 2 282 616 3200 3366
3248 2 2 2 282 617 618 3367
3249 2 2 2 282 3200 617 3367
3250 2 2 2 282 618 619 3242
3251 2 2 2 282 618 3242 3367
3252 2 2 2 282 619 620 3370
3253 2 2 2 282 3242 619 3370
3254 2 2 2 282 620 621 3245
3255 2 2 2 282 620 3245 3370
3256 2 2 2 282 621 622 3248
3257 2 2 2 282 3245 621 3248
3258 2 2 2 282 623 624 3189
3259 2 2 2 282 623 3189 3376
3260 2 2 2 282 624 625 3266
3261 2 2 2 282 3189 624 3266
3262 2 2 2 282 625 626 3256
3263 2 2 2 282 625 3256 3266
3264 2 2 2 282 626 627 3238
3265 2 2 2 282 626 3238 3256
3266 2 2 2 282 627 628 3318
3267 2 2 2 282 3238 627 3318
3268 2 2 2 282 628 629 3232
3269 2 2 2 282 628 3232 3318
3270 2 2 2 282 629 630 3340
3271 2 2 2 282 3232 629 3340
3272 2 2 2 282 630 631 3228
3273 2 2 2 282 630 3228 3340
3274 2 2 2 282 631 632 3354
3275 2 2 2 282 3228 631 3354
3276 2 2 2 282 632 633 3222
3277 2 2 2 282 632 3222 3354
3278 2 2 2 282 633 634 3296
3279 2 2 2 282 3222 633 3296
3280 2 2 2 282 634 635 3214
3281 2 2 2 282 634 3214 3296
3282 2 2 2 282 635 636 3281
3283 2 2 2 282 3214 635 3281
3284 2 2 2 282 636 637 3278
3285 2 2 2 282 636 3278 3281
3286 2 2 2 282 637 638 3208
3287 2 2 2 282 637 3208 3278
3288 2 2 2 282 638 639 3290
3289 2 2 2 282 3208 638 3290
3290 2 2 2 282 639 640 3202
3291 2 2 2 282 639 3202 3290
3292 2 2 2 282 640 641 3322
3293 2 2 2 282 3202 640 3322
3294 2 2 2 282 641 642 3207
3295 2 2 2 282 641 3207 3322
3296 2 2 2 282 642 643 3332
3297 2 2 2 282 3207 642 3332
3298 2 2 2 282 643 644 3213
3299 2 2 2 282 643 3213 3332
3300 2 2 2 282 644 645 3312
3301 2 2 2 282 3213 644 3312
3302 2 2 2 282 645 646 3219
3303 2 2 2 282 645 3219 3312
3304 2 2 2 282 646 647 3306
3305 2 2 2 282 3219 646 3306
3306 2 2 2 282 647 648 3225
3307 2 2 2 282 647 3225 3306
3308 2 2 2 282 648 649 3356
3309 2 2 2 282 3225 648 3356
3310 2 2 2 282 649 650 3231
3311 2 2 2 282 649 3231 3356
3312 2 2 2 282 650 651 3338
3313 2 2 2 282 3231 650 3338
3314 2 2 2 282 651 652 3237
3315 2 2 2 282 651 3237 3338
3316 2 2 2 282 652 653 3320
3317 2 2 2 282 3237 652 3320
3318 2 2 2 282 653 654 3241
3319 2 2 2 282 653 3241 3320
3320 2 2 2 282 654 655 3250
3321 2 2 2 282 3241 654 3250
3322 2 2 2 282 655 656 3269
3323 2 2 2 282 3250 655 3269
3324 2 2 2 282 656 657 3188
3325 2 2 2 282 656 3188 3269
3326 2 2 2 282 3188 657 3374
3327 2 2 2 282 659 658 3189
3328 2 2 2 282 3189 658 3376
3329 2 2 2 282 660 659 3267
3330 2 2 2 282 659 3189 3267
3331 2 2 2 282 661 660 3254
3332 2 2 2 282 3254 660 3267
3333 2 2 2 282 662 661 3240
3334 2 2 2 282 3240 661 3254
3335 2 2 2 282 663 662 3316
3336 2 2 2 282 662 3240 3316
3337 2 2 2 282 664 663 3233
3338 2 2 2 282 3233 663 3316
3339 2 2 2 282 665 664 3336
3340 2 2 2 282 664 3233 3336
3341 2 2 2 282 666 665 3226
3342 2 2 2 282 3226 665 3336
3343 2 2 2 282 667 666 3348
3344 2 2 2 282 666 3226 3348
3345 2 2 2 282 668 667 3220
3346 2 2 2 282 3220 667 3348
3347 2 2 2 282 669 668 3302
3348 2 2 2 282 668 3220 3302
3349 2 2 2 282 670 669 3215
3350 2 2 2 282 3215 669 3302
3351 2 2 2 282 671 670 3273
3352 2 2 2 282 670 3215 3273
3353 2 2 2 282 672 671 3270
3354 2 2 2 282 3270 671 3273
3355 2 2 2 282 673 672 3209
3356 2 2 2 282 3209 672 3270
3357 2 2 2 282 674 673 3292
3358 2 2 2 282 673 3209 3292
3359 2 2 2 282 675 674 3203
3360 2 2 2 282 3203 674 3292
3361 2 2 2 282 676 675 3326
3362 2 2 2 282 675 3203 3326
3363 2 2 2 282 677 676 3206
3364 2 2 2 282 3206 676 3326
3365 2 2 2 282 678 677 3328
3366 2 2 2 282 677 3206 3328
3367 2 2 2 282 679 678 3211
3368 2 2 2 282 3211 678 3328
3369 2 2 2 282 680 679 3308
3370 2 2 2 282 679 3211 3308
3371 2 2 2 282 681 680 3217
3372 2 2 2 282 3217 680 3308
3373 2 2 2 282 682 681 3298
3374 2 2 2 282 681 3217 3298
3375 2 2 2 282 683 682 3223
3376 2 2 2 282 3223 682 3298
3377 2 2 2 282 684 683 3352
3378 2 2 2 282 683 3223 3352
3379 2 2 2 282 685 684 3229
3380 2 2 2 282 3229 684 3352
3381 2 2 2 282 686 685 3342
3382 2 2 2 282 685 3229 3342
3383 2 2 2 282 687 686 3235
3384 2 2 2 282 3235 686 3342
3385 2 2 2 282 688 687 3258
3386 2 2 2 282 687 3235 3258
3387 2 2 2 282 689 688 3265
3388 2 2 2 282 688 3258 3265
3389 2 2 2 282 690 689 3198
3390 2 2 2 282 3198 689 3265
3391 2 2 2 282 691 690 3186
3392 2 2 2 282 3186 690 3198
3393 2 2 2 282 692 691 3186
3394 2 2 2 282 692 3186 3375
3395 2 2 2 282 693 694 3187
3396 2 2 2 282 693 3187 3377
3397 2 2 2 282 694 695 3288
3398 2 2 2 282 3187 694 3288
3399 2 2 2 282 695 696 3286
3400 2 2 2 282 695 3286 3288
3401 2 2 2 282 696 697 3192
3402 2 2 2 282 696 3192 3286
3403 2 2 2 282 697 698 3360
3404 2 2 2 282 3192 697 3360
3405 2 2 2 282 698 699 3195
3406 2 2 2 282 698 3195 3360
3407 2 2 2 282 699 700 3364
3408 2 2 2 282 3195 699 3364
3409 2 2 2 282 700 701 3197
3410 2 2 2 282 700 3197 3364
3411 2 2 2 282 701 702 3372
3412 2 2 2 282 3197 701 3372
3413 2 2 2 282 702 703 3201
3414 2 2 2 282 702 3201 3372
3415 2 2 2 282 703 704 3243
3416 2 2 2 282 3201 703 3368
3417 2 2 2 282 703 3243 3368
3418 2 2 2 282 704 705 3243
3419 2 2 2 282 705 706 3244
3420 2 2 2 282 3243 705 3369
3421 2 2 2 282 705 3244 3369
3422 2 2 2 282 706 707 3244
3423 2 2 2 282 707 708 3191
3424 2 2 2 282 707 3191 3371
3425 2 2 2 282 3244 707 3371
3426 2 2 2 282 708 709 3191
3427 2 2 2 282 709 710 3282
3428 2 2 2 282 3191 709 3282
3429 2 2 2 282 710 711 3190
3430 2 2 2 282 710 3190 3282
3431 2 2 2 282 711 712 3248
3432 2 2 2 282 3190 711 3248
3433 2 2 2 282 712 713 3248
3434 2 2 2 282 713 714 3245
3435 2 2 2 282 713 3245 3248
3436 2 2 2 282 714 715 3245
3437 2 2 2 282 715 716 3242
3438 2 2 2 282 715 3242 3370
3439 2 2 2 282 3245 715 3370
3440 2 2 2 282 716 717 3242
3441 2 2 2 282 717 718 3200
3442 2 2 2 282 717 3200 3367
3443 2 2 2 282 3242 717 3367
3444 2 2 2 282 718 719 3373
3445 2 2 2 282 3200 718 3373
3446 2 2 2 282 719 720 3196
3447 2 2 2 282 719 3196 3373
3448 2 2 2 282 720 721 3362
3449 2 2 2 282 3196 720 3362
3450 2 2 2 282 721 722 3194
3451 2 2 2 282 721 3194 3362
3452 2 2 2 282 722 723 3358
3453 2 2 2 282 3194 722 3358
3454 2 2 2 282 723 724 3193
3455 2 2 2 282 723 3193 3358
3456 2 2 2 282 724 725 3283
3457 2 2 2 282 3193 724 3283
3458 2 2 2 282 725 726 3285
3459 2 2 2 282 3283 725 3285
3460 2 2 2 282 726 727 3186
3461 2 2 2 282 726 3186 3285
3462 2 2 2 282 3186 727 3375
3463 2 2 2 282 729 728 3187
3464 2 2 2 282 3187 728 3377
3465 2 2 2 282 730 729 3187
3466 2 2 2 282 731 730 3199
3467 2 2 2 282 730 3187 3199
3468 2 2 2 282 732 731 3264
3469 2 2 2 282 731 3199 3264
3470 2 2 2 282 733 732 3261
3471 2 2 2 282 3261 732 3264
3472 2 2 2 282 734 733 3234
3473 2 2 2 282 3234 733 3261
3474 2 2 2 282 735 734 3334
3475 2 2 2 282 734 3234 3334
3476 2 2 2 282 736 735 3227
3477 2 2 2 282 3227 735 3334
3478 2 2 2 282 737 736 3346
3479 2 2 2 282 736 3227 3346
3480 2 2 2 282 738 737 3221
3481 2 2 2 282 3221 737 3346
3482 2 2 2 282 739 738 3304
3483 2 2 2 282 738 3221 3304
3484 2 2 2 282 740 739 3216
3485 2 2 2 282 3216 739 3304
3486 2 2 2 282 741 740 3277
3487 2 2 2 282 740 3216 3277
3488 2 2 2 282 742 741 3274
3489 2 2 2 282 3274 741 3277
3490 2 2 2 282 743 742 3210
3491 2 2 2 282 3210 742 3274
3492 2 2 2 282 744 743 3294
3493 2 2 2 282 743 3210 3294
3494 2 2 2 282 745 744 3204
3495 2 2 2 282 3204 744 3294
3496 2 2 2 282 746 745 3324
3497 2 2 2 282 745 3204 3324
3498 2 2 2 282 747 746 3205
3499 2 2 2 282 3205 746 3324
3500 2 2 2 282 748 747 3330
3501 2 2 2 282 747 3205 3330
3502 2 2 2 282 749 748 3212
3503 2 2 2 282 3212 748 3330
3504 2 2 2 282 750 749 3310
3505 2 2 2 282 749 3212 3310
3506 2 2 2 282 751 750 3218
3507 2 2 2 282 3218 750 3310
3508 2 2 2 282 752 751 3300
3509 2 2 2 282 751 3218 3300
3510 2 2 2 282 753 752 3224
3511 2 2 2 282 3224 752 3300
3512 2 2 2 282 754 753 3350
3513 2 2 2 282 753 3224 3350
3514 2 2 2 282 755 754 3230
3515 2 2 2 282 3230 754 3350
3516 2 2 2 282 756 755 3344
3517 2 2 2 282 755 3230 3344
3518 2 2 2 282 757 756 3236
3519 2 2 2 282 3236 756 3344
3520 2 2 2 282 758 757 3314
3521 2 2 2 282 757 3236 3314
3522 2 2 2 282 759 758 3239
3523 2 2 2 282 3239 758 3314
3524 2 2 2 282 760 759 3252
3525 2 2 2 282 759 3239 3252
3526 2 2 2 282 761 760 3268
3527 2 2 2 282 760 3252 3268
3528 2 2 2 282 762 761 3188
3529 2 2 2 282 3188 761 3268
3530 2 2 2 282 762 3188 3374
3531 2 2 2 282 3246 3185 3249
3532 2 2 2 282 3185 3247 3249
3533 2 2 2 282 3186 3284 3285
3534 2 2 2 282 3287 3187 3288
3535 2 2 2 282 3188 3251 3269
3536 2 2 2 282 3253 3188 3268
3537 2 2 2 282 3189 3255 3267
3538 2 2 2 282 3257 3189 3266
3539 2 2 2 282 3286 3192 3287
3540 2 2 2 282 3359 3192 3360
3541 2 2 2 282 3193 3283 3284
3542 2 2 2 282 3193 3357 3358
3543 2 2 2 282 3357 3194 3358
3544 2 2 2 282 3194 3361 3362
3545 2 2 2 282 3195 3359 3360
3546 2 2 2 282 3363 3195 3364
3547 2 2 2 282 3361 3196 3362
3548 2 2 2 282 3196 3366 3373
3549 2 2 2 282 3197 3363 3364
3550 2 2 2 282 3365 3197 3372
3551 2 2 2 282 3260 3198 3265
3552 2 2 2 282 3199 3263 3264
3553 2 2 2 282 3366 3200 3373
3554 2 2 2 282 3201 3365 3372
3555 2 2 2 282 3202 3289 3290
3556 2 2 2 282 3321 3202 3322
3557 2 2 2 282 3291 3203 3292
3558 2 2 2 282 3203 3325 3326
3559 2 2 2 282 3293 3204 3294
3560 2 2 2 282 3204 3323 3324
3561 2 2 2 282 3323 3205 3324
3562 2 2 2 282 3205 3329 3330
3563 2 2 2 282 3325 3206 3326
3564 2 2 2 282 3206 3327 3328
3565 2 2 2 282 3207 3321 3322
3566 2 2 2 282 3331 3207 3332
3567 2 2 2 282 3278 3208 3279
3568 2 2 2 282 3289 3208 3290
3569 2 2 2 282 3209 3270 3271
3570 2 2 2 282 3209 3291 3292
3571 2 2 2 282 3210 3274 3275
3572 2 2 2 282 3210 3293 3294
3573 2 2 2 282 3211 3307 3308
3574 2 2 2 282 3327 3211 3328
3575 2 2 2 282 3212 3309 3310
3576 2 2 2 282 3329 3212 3330
3577 2 2 2 282 3311 3213 3312
3578 2 2 2 282 3213 3331 3332
3579 2 2 2 282 3280 3214 3281
3580 2 2 2 282 3214 3295 3296
3581 2 2 2 282 3215 3272 3273
3582 2 2 2 282 3301 3215 3302
3583 2 2 2 282 3216 3276 3277
3584 2 2 2 282 3303 3216 3304
3585 2 2 2 282 3217 3297 3298
3586 2 2 2 282 3307 3217 3308
3587 2 2 2 282 3218 3299 3300
3588 2 2 2 282 3309 3218 3310
3589 2 2 2 282 3305 3219 3306
3590 2 2 2 282 3219 3311 3312
3591 2 2 2 282 3220 3301 3302
3592 2 2 2 282 3347 3220 3348
3593 2 2 2 282 3221 3303 3304
3594 2 2 2 282 3345 3221 3346
3595 2 2 2 282 3295 3222 3296
3596 2 2 2 282 3222 3353 3354
3597 2 2 2 282 3297 3223 3298
3598 2 2 2 282 3223 3351 3352
3599 2 2 2 282 3299 3224 3300
3600 2 2 2 282 3224 3349 3350
3601 2 2 2 282 3225 3305 3306
3602 2 2 2 282 3355 3225 3356
3603 2 2 2 282 3335 3226 3336
3604 2 2 2 282 3226 3347 3348
3605 2 2 2 282 3333 3227 3334
3606 2 2 2 282 3227 3345 3346
3607 2 2 2 282 3228 3339 3340
3608 2 2 2 282 3353 3228 3354
3609 2 2 2 282 3229 3341 3342
3610 2 2 2 282 3351 3229 3352
3611 2 2 2 282 3230 3343 3344
3612 2 2 2 282 3349 3230 3350
3613 2 2 2 282 3337 3231 3338
3614 2 2 2 282 3231 3355 3356
3615 2 2 2 282 3232 3317 3318
3616 2 2 2 282 3339 3232 3340
3617 2 2 2 282 3315 3233 3316
3618 2 2 2 282 3233 3335 3336
3619 2 2 2 282 3234 3261 3262
3620 2 2 2 282 3234 3333 3334
3621 2 2 2 282 3258 3235 3259
3622 2 2 2 282 3341 3235 3342
3623 2 2 2 282 3236 3313 3314
3624 2 2 2 282 3343 3236 3344
3625 2 2 2 282 3319 3237 3320
3626 2 2 2 282 3237 3337 3338
3627 2 2 2 282 3256 3238 3257
3628 2 2 2 282 3317 3238 3318
3629 2 2 2 282 3252 3239 3253
3630 2 2 2 282 3313 3239 3314
3631 2 2 2 282 3240 3254 3255
3632 2 2 2 282 3240 3315 3316
3633 2 2 2 282 3241 3250 3251
3634 2 2 2 282 3241 3319 3320
3635 2 2 2 282 3251 3250 3269
3636 2 2 2 282 3252 3253 3268
3637 2 2 2 282 3255 3254 3267
3638 2 2 2 282 3256 3257 3266
3639 2 2 2 282 3258 3259 3260
3640 2 2 2 282 3258 3260 3265
3641 2 2 2 282 3262 3261 3263
3642 2 2 2 282 3263 3261 3264
3643 2 2 2 282 3271 3270 3272
3644 2 2 2 282 3272 3270 3273
3645 2 2 2 282 3275 3274 3276
3646 2 2 2 282 3276 3274 3277
3647 2 2 2 282 3278 3279 3280
3648 2 2 2 282 3278 3280 3281
3649 2 2 2 282 3284 3283 3285
3650 2 2 2 282 3286 3287 3288
3651 4 2 1 9 1243 31 34 30
3652 4 2 1 9 30 29 33 1243
3653 4 2 1 9 31 35 32 1243
3654 4 2 1 9 1243 35 34 31
3655 4 2 1 9 34 1243 30 33
3656 4 2 1 9 32 29 1243 3378
3657 4 2 1 9 36 1244 33 3378
3658 4 2 1 9 36 29 32 3378
3659 4 2 1 9 29 36 33 3378
3660 4 2 1 9 29 33 1243 3378
3661 4 2 1 9 1243 3378 35 32
3662 4 2 1 9 36 35 3378 32
3663 4 2 1 9 36 3378 35 1244
3664 4 2 1 9 3378 35 34 1243
3665 4 2 1 9 34 35 3378 1244
3666 4 2 1 9 34 33 3378 1243
3667 4 2 1 9 3378 33 34 1244
3668 4 2 1 10 40 39 1246 1245
3669 4 2 1 10 1246 39 38 1245
3670 4 2 1 10 1246 37 40 1245
3671 4 2 1 10 1246 38 37 1245
3672 4 2 1 10 40 44 37 1246
3673 4 2 1 10 41 38 1246 42
3674 4 2 1 10 44 41 37 1246
3675 4 2 1 10 43 40 1246 44
3676 4 2 1 10 42 39 1246 43
3677 4 2 1 10 39 42 1246 38
3678 4 2 1 10 40 43 1246 39
3679 4 2 1 10 41 38 37 1246
3680 4 2 1 11 50 1247 49 1248
3681 4 2 1 11 51 1247 50 1248
3682 4 2 1 11 1247 51 52 1248
3683 4 2 1 11 49 1247 52 1248
3684 4 2 1 11 50 1247 46 49
3685 4 2 1 11 46 45 49 1247
3686 4 2 1 11 1247 49 52 45
3687 4 2 1 11 51 52 48 1247
3688 4 2 1 11 52 45 48 1247
3689 4 2 1 11 50 47 1247 51
3690 4 2 1 11 47 50 1247 46
3691 4 2 1 11 51 48 47 1247
3692 4 2 1 12 56 60 53 1249
3693 4 2 1 12 60 56 59 1249
3694 4 2 1 12 55 59 56 1249
3695 4 2 1 12 59 58 1250 3379
3696 4 2 1 12 54 55 1249 3379
3697 4 2 1 12 55 59 1249 3379
3698 4 2 1 12 55 58 59 3379
3699 4 2 1 12 58 55 54 3379
3700 4 2 1 12 57 60 1249 53
3701 4 2 1 12 1249 54 57 53
3702 4 2 1 12 58 3379 57 1250
3703 4 2 1 12 58 57 3379 54
3704 4 2 1 12 1249 3379 57 54
3705 4 2 1 12 57 3379 60 1250
3706 4 2 1 12 57 60 3379 1249
3707 4 2 1 12 59 60 3379 1250
3708 4 2 1 12 59 3379 60 1249
3709 4 2 14 26 1941 1864 1812 1689
3710 4 2 14 26 1871 1939 1767 3432
3711 4 2 14 26 1871 1905 1795 3399
3712 4 2 14 26 1721 1804 1823 3405
3713 4 2 14 26 1832 1833 1712 3413
3714 4 2 14 26 3381 3387 1670 3426
3715 4 2 14 26 1651 1762 1941 1864
3716 4 2 14 26 1745 1810 1822 3405
3717 4 2 14 26 1784 1891 1828 3413
3718 4 2 14 26 3380 3382 1644 3428
3719 4 2 14 26 1798 1786 1917 3431
3720 4 2 14 26 1739 1882 1883 3427
3721 4 2 14 26 1762 1815 1816 3385
3722 4 2 14 26 1817 1910 1907 3405
3723 4 2 14 26 1815 1740 1816 3394
3724 4 2 14 26 1779 1898 1800 3388
3725 4 2 14 26 1761 1801 1930 3414
3726 4 2 14 26 1733 1795 1905 3399
3727 4 2 14 26 1811 1697 1815 3407
3728 4 2 14 26 1779 1796 1898 3388
3729 4 2 14 26 1808 1744 1836 3401
3730 4 2 14 26 1796 1918 1898 3388
3731 4 2 14 26 1667 1655 1669 1661
3732 4 2 14 26 1820 1830 1819 3406
3733 4 2 14 26 1801 1761 1895 3414
3734 4 2 14 26 1726 1856 1858 3405
3735 4 2 14 26 3380 3393 3383 3426
3736 4 2 14 26 1905 1871 1767 3399
3737 4 2 14 26 1705 1898 1918 3388
3738 4 2 14 26 1795 1733 1818 3399
3739 4 2 14 26 1796 1779 1855 3388
3740 4 2 14 26 1868 1767 1860 3432
3741 4 2 14 26 1755 1837 1838 3432
3742 4 2 14 26 1644 3382 3394 3423
3743 4 2 14 26 1647 3380 1644 3428
3744 4 2 14 26 1651 1941 1762 3385
3745 4 2 14 26 1744 1807 1866 3393
3746 4 2 14 26 1953 1647 1653 3428
3747 4 2 14 26 1702 1717 1821 3412
3748 4 2 14 26 1797 1800 1911 3388
3749 4 2 14 26 1718 1850 1771 3436
3750 4 2 14 26 1878 1795 1818 3400
3751 4 2 14 26 1653 1647 1655 3428
3752 4 2 14 26 1725 1820 1819 3402
3753 4 2 14 26 1891 1712 1828 3413
3754 4 2 14 26 1705 1800 1898 3388
3755 4 2 14 26 1828 1908 1707 3400
3756 4 2 14 26 1861 1823 1758 3405
3757 4 2 14 26 1845 1835 1739 3427
3758 4 2 14 26 1669 1661 1655 3428
3759 4 2 14 26 1800 1705 1911 3388
3760 4 2 14 26 1910 1758 1907 3405
3761 4 2 14 26 1702 3412 1821 3420
3762 4 2 14 26 1818 1733 1854 3399
3763 4 2 14 26 3381 3428 1943 3430
3764 4 2 14 26 1683 3385 3380 3393
3765 4 2 14 26 1683 3393 3380 3426
3766 4 2 14 26 1817 1726 1785 3410
3767 4 2 14 26 1856 1822 1746 3402
3768 4 2 14 26 1857 1858 1856 3402
3769 4 2 14 26 1950 3381 1670 3426
3770 4 2 14 26 1725 1819 1892 3402
3771 4 2 14 26 1670 3381 1950 3430
3772 4 2 14 26 1865 1844 1919 3415
3773 4 2 14 26 1644 3382 3380 3394
3774 4 2 14 26 1943 3380 3381 3426
3775 4 2 14 26 1796 1778 1918 3423
3776 4 2 14 26 1708 1854 1768 3399
3777 4 2 14 26 1767 1889 1905 3399
3778 4 2 14 26 1911 1705 1938 3388
3779 4 2 14 26 1669 1655 3388 3428
3780 4 2 14 26 1717 3412 1702 3416
3781 4 2 14 26 1937 1775 1887 3434
3782 4 2 14 26 1804 1700 1848 3425
3783 4 2 14 26 1647 3388 1655 3428
3784 4 2 14 26 1804 3405 3414 3425
3785 4 2 14 26 1762 1811 1815 3385
3786 4 2 14 26 1884 1705 1918 3388
3787 4 2 14 26 1763 1911 1938 3418
3788 4 2 14 26 1856 1726 1822 3405
3789 4 2 14 26 1683 3426 3380 3435
3790 4 2 14 26 1819 1766 1892 3402
3791 4 2 14 26 1705 1884 1938 3388
3792 4 2 14 26 1678 1670 1950 3430
3793 4 2 14 26 1879 1810 1745 3425
3794 4 2 14 26 1811 1762 1941 3385
3795 4 2 14 26 1941 1651 1864 1689
3796 4 2 14 26 1865 1752 1662 3415
3797 4 2 14 26 1748 1766 1819 3406
3798 4 2 14 26 1828 1734 1908 3400
3799 4 2 14 26 1734 1828 1833 3400
3800 4 2 14 26 1808 1888 1702 3401
3801 4 2 14 26 1948 3380 1647 3428
3802 4 2 14 26 1804 3405 1721 3414
3803 4 2 14 26 1696 1731 3432 3434
3804 4 2 14 26 1869 1704 1882 3427
3805 4 2 14 26 1879 1725 1810 3425
3806 4 2 14 26 1810 1725 1892 3402
3807 4 2 14 26 1822 1810 1746 3402
3808 4 2 14 26 1861 1721 1823 3405
3809 4 2 14 26 3380 3385 1683 3435
3810 4 2 14 26 1697 1811 1813 3429
3811 4 2 14 26 1837 1774 1890 3434
3812 4 2 14 26 1943 3381 3380 3428
3813 4 2 14 26 1778 1884 1918 3388
3814 4 2 14 26 1828 1707 1784 3400
3815 4 2 14 26 1740 3394 1815 3407
3816 4 2 14 26 1808 1807 1744 3401
3817 4 2 14 26 1723 1837 1890 3419
3818 4 2 14 26 1778 1834 1932 3403
3819 4 2 14 26 1842 1841 1713 3410
3820 4 2 14 26 1943 3381 1950 3426
3821 4 2 14 26 1780 1880 1927 3434
3822 4 2 14 26 1825 1901 1771 3436
3823 4 2 14 26 1934 1726 1817 3405
3824 4 2 14 26 1830 1748 1819 3406
3825 4 2 14 26 1950 3381 1943 3430
3826 4 2 14 26 1733 1905 1889 3399
3827 4 2 14 26 1747 1857 1862 3406
3828 4 2 14 26 1793 1676 1875 3431
3829 4 2 14 26 1855 1796 3388 3423
3830 4 2 14 26 1686 3426 1683 3435
3831 4 2 14 26 1714 1804 1721 3414
3832 4 2 14 26 1873 1871 1795 3400
3833 4 2 14 26 1769 1895 1761 3395
3834 4 2 14 26 1828 3400 1784 3413
3835 4 2 14 26 1755 1838 1839 3432
3836 4 2 14 26 1941 1651 1689 3385
3837 4 2 14 26 1686 1691 1683 3426
3838 4 2 14 26 1810 1892 1746 3402
3839 4 2 14 26 1867 1937 1730 3434
3840 4 2 14 26 1707 1818 1735 3407
3841 4 2 14 26 1707 1878 1818 3400
3842 4 2 14 26 1748 1862 1766 3406
3843 4 2 14 26 1647 1645 3388 3423
3844 4 2 14 26 1717 3411 3412 3416
3845 4 2 14 26 1786 1798 1936 3431
3846 4 2 14 26 1909 1776 1704 3419
3847 4 2 14 26 1894 1745 1822 3405
3848 4 2 14 26 1881 1706 1884 3408
3849 4 2 14 26 1652 1644 1948 3380
3850 4 2 14 26 1707 3400 1818 3407
3851 4 2 14 26 1861 3405 1758 3410
3852 4 2 14 26 1892 1766 1746 3402
3853 4 2 14 26 1833 1832 1749 3400
3854 4 2 14 26 1693 1955 1679 3426
3855 4 2 14 26 1722 1696 1731 3432
3856 4 2 14 26 1750 1791 1924 3409
3857 4 2 14 26 1679 1681 1693 3426
3858 4 2 14 26 1908 1878 1707 3400
3859 4 2 14 26 1891 1920 1712 3413
3860 4 2 14 26 1744 1866 1688 3393
3861 4 2 14 26 1822 1726 1934 3405
3862 4 2 14 26 1953 1945 1647 3428
3863 4 2 14 26 1711 1760 1891 3420
3864 4 2 14 26 1880 1780 1876 3422
3865 4 2 14 26 1807 3393 1744 3401
3866 4 2 14 26 1829 1835 1740 3407
3867 4 2 14 26 1650 1855 1779 3388
3868 4 2 14 26 1816 1740 1904 3394
3869 4 2 14 26 1754 1811 1941 3385
3870 4 2 14 26 1786 1888 1917 3398
3871 4 2 14 26 3380 3426 1951 3435
3872 4 2 14 26 1942 1745 1894 3405
3873 4 2 14 26 1700 1802 1924 3395
3874 4 2 14 26 1856 3402 1858 3405
3875 4 2 14 26 1878 1908 1734 3400
3876 4 2 14 26 1702 1821 1902 3420
3877 4 2 14 26 1948 1644 1647 3380
3878 4 2 14 26 1644 3380 1652 3435
3879 4 2 14 26 1678 1673 1950 1670
3880 4 2 14 26 1652 1647 1948 1644
3881 4 2 14 26 1785 1910 1817 3410
3882 4 2 14 26 1946 1943 3428 3430
3883 4 2 14 26 1695 1693 1681 3426
3884 4 2 14 26 1673 1950 1670 3426
3885 4 2 14 26 1686 1951 1691 3426
3886 4 2 14 26 1868 1860 1732 3432
3887 4 2 14 26 1838 1723 1909 3433
3888 4 2 14 26 1708 3399 1768 3433
3889 4 2 14 26 1670 3395 3381 3430
3890 4 2 14 26 1686 1951 3426 3435
3891 4 2 14 26 1724 1789 1794 3422
3892 4 2 14 26 1922 1782 1729 3422
3893 4 2 14 26 1730 1880 1781 3422
3894 4 2 14 26 1852 1713 1771 3411
3895 4 2 14 26 1783 1900 1831 3436
3896 4 2 14 26 1870 1824 1935 3421
3897 4 2 14 26 1706 1938 1884 3408
3898 4 2 14 26 1655 1647 1645 3388
3899 4 2 14 26 1815 1816 3385 3394
3900 4 2 14 26 1823 3405 1804 3425
3901 4 2 14 26 1788 1876 1780 3422
3902 4 2 14 26 1934 1817 1907 3405
3903 4 2 14 26 1795 1878 1873 3400
3904 4 2 14 26 1886 1702 1888 3416
3905 4 2 14 26 1673 1670 3387 3426
3906 4 2 14 26 1868 1889 1767 3399
3907 4 2 14 26 1670 3387 3381 3395
3908 4 2 14 26 1722 1939 1871 3432
3909 4 2 14 26 1857 3424 3402 3434
3910 4 2 14 26 1761 3395 1895 3414
3911 4 2 14 26 1650 1855 3388 3423
3912 4 2 14 26 1860 1767 1939 3432
3913 4 2 14 26 1822 1934 1894 3405
3914 4 2 14 26 1695 1681 3398 3426
3915 4 2 14 26 1704 1869 1909 3427
3916 4 2 14 26 1858 1785 1726 3410
3917 4 2 14 26 1717 1702 1886 3416
3918 4 2 14 26 1906 1742 1735 3421
3919 4 2 14 26 1730 1781 1867 3422
3920 4 2 14 26 1948 1652 3380 3435
3921 4 2 14 26 1741 1809 1883 3423
3922 4 2 14 26 1816 1904 1649 3394
3923 4 2 14 26 1912 1710 1928 3413
3924 4 2 14 26 1850 1852 1771 3411
3925 4 2 14 26 1856 1746 1857 3402
3926 4 2 14 26 1853 1805 1718 3412
3927 4 2 14 26 1829 1708 1835 3427
3928 4 2 14 26 1882 3394 1883 3427
3929 4 2 14 26 1955 1673 1679 3426
3930 4 2 14 26 3380 3394 3385 3435
3931 4 2 14 26 1772 1754 1684 3429
3932 4 2 14 26 1874 1734 1833 3400
3933 4 2 14 26 1897 1863 1703 3417
3934 4 2 14 26 1742 1906 1709 3421
3935 4 2 14 26 1791 1750 1851 1672
3936 4 2 14 26 1697 3407 1811 3429
3937 4 2 14 26 1804 1802 1700 3395
3938 4 2 14 26 1821 1717 1773 3412
3939 4 2 14 26 1704 1834 1882 3403
3940 4 2 14 26 1718 1771 1901 3436
3941 4 2 14 26 3380 1644 3394 3435
3942 4 2 14 26 1740 1815 1829 3407
3943 4 2 14 26 1718 1783 1853 3412
3944 4 2 14 26 1806 1807 1935 3393
3945 4 2 14 26 1790 1700 1924 3409
3946 4 2 14 26 1920 1891 1760 3413
3947 4 2 14 26 1669 3388 1661 3428
3948 4 2 14 26 1647 1644 1645 3423
3949 4 2 14 26 1789 1830 1728 3406
3950 4 2 14 26 1935 1807 1698 3401
3951 4 2 14 26 1882 1741 1883 3423
3952 4 2 14 26 1889 1768 1733 3399
3953 4 2 14 26 1779 1800 1664 3388
3954 4 2 14 26 1774 1887 1890 3434
3955 4 2 14 26 1703 1877 1897 3417
3956 4 2 14 26 1712 1787 1832 3413
3957 4 2 14 26 1758 1910 1799 3410
3958 4 2 14 26 3385 3394 1644 3435
3959 4 2 14 26 1867 1922 1729 3419
3960 4 2 14 26 1811 1754 1813 3429
3961 4 2 14 26 3397 3400 3399 3432
3962 4 2 14 26 1774 1837 3432 3434
3963 4 2 14 26 1778 1881 1884 3403
3964 4 2 14 26 1825 1771 1713 3410
3965 4 2 14 26 1945 1948 1647 3428
3966 4 2 14 26 1922 3419 1867 3422
3967 4 2 14 26 1946 1950 1943 3430
3968 4 2 14 26 1806 1935 1940 3393
3969 4 2 14 26 1797 3388 1911 3418
3970 4 2 14 26 1752 1814 1790 3409
3971 4 2 14 26 1763 1938 3408 3418
3972 4 2 14 26 1763 1863 1897 3408
3973 4 2 14 26 1878 1734 1873 3400
3974 4 2 14 26 1917 1701 1798 3398
3975 4 2 14 26 1858 3410 3405 3424
3976 4 2 14 26 1940 1935 1824 3421
3977 4 2 14 26 1834 1704 1932 3403
3978 4 2 14 26 1847 1793 1798 3398
3979 4 2 14 26 3390 3414 3405 3425
3980 4 2 14 26 1814 1752 1899 3415
3981 4 2 14 26 1744 1826 1836 3398
3982 4 2 14 26 1913 1806 1940 3393
3983 4 2 14 26 1750 1769 1675 3395
3984 4 2 14 26 1664 1069 1650 3388
3985 4 2 14 26 3396 3424 3397 3434
3986 4 2 14 26 3424 3432 3397 3434
3987 4 2 14 26 1862 1748 1788 3406
3988 4 2 14 26 1883 1809 1845 3394
3989 4 2 14 26 1857 1858 3402 3424
3990 4 2 14 26 1693 1687 1955 3426
3991 4 2 14 26 1761 3414 1930 3431
3992 4 2 14 26 1715 1942 1823 3425
3993 4 2 14 26 1832 3400 1833 3413
3994 4 2 14 26 1795 3399 1818 3400
3995 4 2 14 26 1740 1845 1904 3394
3996 4 2 14 26 1823 1804 1715 3425
3997 4 2 14 26 1820 1896 1716 3404
3998 4 2 14 26 1842 3410 1713 3411
3999 4 2 14 26 1648 1644 1652 3435
4000 4 2 14 26 1679 1673 1681 3426
4001 4 2 14 26 1696 1777 1731 3434
4002 4 2 14 26 1746 1766 1857 3402
4003 4 2 14 26 1772 1743 1913 3393
4004 4 2 14 26 3389 3390 3381 3424
4005 4 2 14 26 3397 3424 3400 3432
4006 4 2 14 26 1857 1696 1858 3424
4007 4 2 14 26 1687 1693 1695 3426
4008 4 2 14 26 1762 1816 1646 3385
4009 4 2 14 26 3396 3406 3402 3434
4010 4 2 14 26 1924 1791 1933 3409
4011 4 2 14 26 1900 1783 1718 3436
4012 4 2 14 26 1765 1849 1699 3414
4013 4 2 14 26 1799 1861 1758 3410
4014 4 2 14 26 1740 1835 1845 3394
4015 4 2 14 26 1788 1780 1747 3406
4016 4 2 14 26 1943 1951 3380 3426
4017 4 2 14 26 1912 1928 1760 3413
4018 4 2 14 26 1801 1699 1930 3414
4019 4 2 14 26 1915 1890 1775 3419
4020 4 2 14 26 1778 1932 1881 3403
4021 4 2 14 26 3396 3402 3424 3434
4022 4 2 14 26 1789 1728 1794 3406
4023 4 2 14 26 1852 1842 1713 3411
4024 4 2 14 26 1807 1743 1866 3393
4025 4 2 14 26 1943 3380 1948 3428
4026 4 2 14 26 1747 1777 1696 3434
4027 4 2 14 26 1844 1919 3415 3418
4028 4 2 14 26 1894 1934 1759 3405
4029 4 2 14 26 1811 1815 3385 3407
4030 4 2 14 26 1847 1690 1793 3398
4031 4 2 14 26 1786 1886 1888 3416
4032 4 2 14 26 3393 3398 1744 3401
4033 4 2 14 26 1788 1724 1876 3422
4034 4 2 14 26 1895 1714 1925 3414
4035 4 2 14 26 1798 1701 1847 3398
4036 4 2 14 26 1716 1843 1929 3417
4037 4 2 14 26 3414 3416 1930 3431
4038 4 2 14 26 1789 1748 1830 3406
4039 4 2 14 26 1938 3388 1884 3408
4040 4 2 14 26 1858 1726 3405 3410
4041 4 2 14 26 1820 1819 3402 3406
4042 4 2 14 26 1845 1809 1904 3394
4043 4 2 14 26 1744 1685 1826 3398
4044 4 2 14 26 1676 1690 1671 3398
4045 4 2 14 26 1651 1684 1689 3385
4046 4 2 14 26 1709 1913 1940 3429
4047 4 2 14 26 3380 3383 3381 3426
4048 4 2 14 26 1744 3398 1836 3401
4049 4 2 14 26 1696 3432 3424 3434
4050 4 2 14 26 1750 1672 1791 3409
4051 4 2 14 26 1902 1808 1702 3401
4052 4 2 14 26 1880 1876 1781 3422
4053 4 2 14 26 1806 1743 1807 3393
4054 4 2 14 26 1949 1946 3428 3430
4055 4 2 14 26 1869 1882 1739 3427
4056 4 2 14 26 1820 1716 1929 3417
4057 4 2 14 26 1707 1735 1742 3421
4058 4 2 14 26 1833 1749 1874 3400
4059 4 2 14 26 1759 1942 1894 3405
4060 4 2 14 26 1698 1870 1935 3401
4061 4 2 14 26 1820 1896 3404 3425
4062 4 2 14 26 1936 1798 1736 3431
4063 4 2 14 26 1916 1775 1937 3419
4064 4 2 14 26 1734 1874 1873 3400
4065 4 2 14 26 1671 1690 1676 1087
4066 4 2 14 26 1689 1651 1067 1684
4067 4 2 14 26 1683 3398 3393 3426
4068 4 2 14 26 1790 1924 1933 3409
4069 4 2 14 26 1769 1903 1895 3395
4070 4 2 14 26 1698 1807 1808 3401
4071 4 2 14 26 1855 1737 1796 3423
4072 4 2 14 26 1928 1920 1760 3413
4073 4 2 14 26 1686 1683 3385 3435
4074 4 2 14 26 1799 1713 1841 3410
4075 4 2 14 26 1728 1830 1820 3417
4076 4 2 14 26 1760 3413 1891 3420
4077 4 2 14 26 1646 3385 1644 3435
4078 4 2 14 26 1752 1082 1865 1662
4079 4 2 14 26 1743 1806 1913 3393
4080 4 2 14 26 1681 1671 3398 3426
4081 4 2 14 26 1797 1659 1800 3388
4082 4 2 14 26 1780 1927 1747 3434
4083 4 2 14 26 1839 1840 1755 3432
4084 4 2 14 26 1888 1701 1917 3398
4085 4 2 14 26 1815 3394 3385 3407
4086 4 2 14 26 1817 3405 1726 3410
4087 4 2 14 26 1802 1750 1924 3395
4088 4 2 14 26 1700 3404 1848 3425
4089 4 2 14 26 1646 1644 1648 3435
4090 4 2 14 26 1841 3410 1842 3411
4091 4 2 14 26 1896 1725 1879 3425
4092 4 2 14 26 1768 1854 1733 3399
4093 4 2 14 26 1949 1946 1943 3428
4094 4 2 14 26 1688 1772 1684 3429
4095 4 2 14 26 1840 1839 1732 3432
4096 4 2 14 26 1796 1918 3388 3423
4097 4 2 14 26 1799 1841 1861 3410
4098 4 2 14 26 1681 1673 1671 3426
4099 4 2 14 26 1646 1644 3385 3394
4100 4 2 14 26 1706 1763 1938 3408
4101 4 2 14 26 1805 1773 1717 3412
4102 4 2 14 26 3392 3421 3393 3429
4103 4 2 14 26 1867 1916 1937 3419
4104 4 2 14 26 1944 3380 1951 3435
4105 4 2 14 26 1712 1920 1787 3413
4106 4 2 14 26 1695 1681 1671 3398
4107 4 2 14 26 1704 3403 1882 3427
4108 4 2 14 26 1814 1899 1846 3415
4109 4 2 14 26 1710 1831 1928 3413
4110 4 2 14 26 1662 1752 1658 3415
4111 4 2 14 26 1858 3405 3402 3424
4112 4 2 14 26 1744 3393 1688 3398
4113 4 2 14 26 1895 1903 1714 3395
4114 4 2 14 26 1686 3385 1684 3435
4115 4 2 14 26 1889 1868 1768 3399
4116 4 2 14 26 1888 3398 1702 3401
4117 4 2 14 26 1862 1788 1747 3406
4118 4 2 14 26 1872 1786 1936 3416
4119 4 2 14 26 1907 1759 1934 3405
4120 4 2 14 26 1896 1757 1716 3425
4121 4 2 14 26 1954 1680 1674 3430
4122 4 2 14 26 1826 1690 1847 1685
4123 4 2 14 26 1786 3398 1917 3431
4124 4 2 14 26 1650 1779 1664 3388
4125 4 2 14 26 1674 1670 1678 3430
4126 4 2 14 26 1915 1723 1890 3419
4127 4 2 14 26 1752 3409 1658 3415
4128 4 2 14 26 1879 1745 1942 3425
4129 4 2 14 26 1694 3385 1656 3435
4130 4 2 14 26 1837 1890 3419 3434
4131 4 2 14 26 1933 1791 1751 3409
4132 4 2 14 26 1758 1823 1907 3405
4133 4 2 14 26 1826 1701 1836 3398
4134 4 2 14 26 1722 3424 1696 3432
4135 4 2 14 26 1719 1832 1787 3413
4136 4 2 14 26 1651 1762 1646 3385
4137 4 2 14 26 1761 1675 3414 3431
4138 4 2 14 26 1793 3398 1676 3431
4139 4 2 14 26 1804 1714 1802 3395
4140 4 2 14 26 1657 3428 3386 3430
4141 4 2 14 26 1881 1729 1706 3408
4142 4 2 14 26 1909 1704 3403 3419
4143 4 2 14 26 1829 1815 1697 3407
4144 4 2 14 26 1730 1937 1887 3434
4145 4 2 14 26 1877 1753 1919 3415
4146 4 2 14 26 3384 3397 3396 3424
4147 4 2 14 26 1801 1895 1925 3414
4148 4 2 14 26 1880 1730 1927 3434
4149 4 2 14 26 1955 1947 1673 3426
4150 4 2 14 26 3386 3428 3381 3430
4151 4 2 14 26 1673 3387 1671 3426
4152 4 2 14 26 1826 1096 1847 1690
4153 4 2 14 26 1732 1926 1868 3433
4154 4 2 14 26 3393 3398 3383 3426
4155 4 2 14 26 1910 3405 1817 3410
4156 4 2 14 26 1694 1684 1656 3385
4157 4 2 14 26 1072 1816 1904 1649
4158 4 2 14 26 1844 1764 1919 3418
4159 4 2 14 26 1676 1793 1690 3398
4160 4 2 14 26 1645 1669 1655 3388
4161 4 2 14 26 1922 1867 1781 3422
4162 4 2 14 26 1875 1736 1798 3431
4163 4 2 14 26 1760 1711 1931 3420
4164 4 2 14 26 1903 1769 1750 3395
4165 4 2 14 26 1090 1750 1769 1675
4166 4 2 14 26 1768 1868 1926 3433
4167 4 2 14 26 1764 1877 1919 3418
4168 4 2 14 26 1831 1710 1893 3412
4169 4 2 14 26 1778 1884 3388 3403
4170 4 2 14 26 1678 1946 1674 3430
4171 4 2 14 26 1871 1767 3399 3432
4172 4 2 14 26 1947 1955 1687 3426
4173 4 2 14 26 1931 1711 1870 3420
4174 4 2 14 26 1788 1748 1789 3406
4175 4 2 14 26 1674 1946 1954 3430
4176 4 2 14 26 1861 1841 1721 3414
4177 4 2 14 26 3382 3396 3389 3424
4178 4 2 14 26 1744 1097 1826 1685
4179 4 2 14 26 1074 1737 1855 3423
4180 4 2 14 26 1797 1911 1885 3418
4181 4 2 14 26 1707 3407 1735 3421
4182 4 2 14 26 1686 1683 1684 3385
4183 4 2 14 26 1657 1660 3428 3430
4184 4 2 14 26 1717 1849 1770 3411
4185 4 2 14 26 3391 3412 3411 3416
4186 4 2 14 26 1714 1721 1925 3414
4187 4 2 14 26 1821 1893 1710 3412
4188 4 2 14 26 1682 1668 1078 3409
4189 4 2 14 26 1666 1680 1954 3430
4190 4 2 14 26 1856 1822 3402 3405
4191 4 2 14 26 1668 3409 1682 3430
4192 4 2 14 26 1687 1691 1947 3426
4193 4 2 14 26 1873 1722 1871 3400
4194 4 2 14 26 1949 3428 1660 3430
4195 4 2 14 26 1791 1672 1851 3409
4196 4 2 14 26 1911 3388 1938 3418
4197 4 2 14 26 3387 3398 1671 3426
4198 4 2 14 26 1881 1884 3403 3408
4199 4 2 14 26 1757 1848 1716 3425
4200 4 2 14 26 1780 3422 1880 3434
4201 4 2 14 26 1702 3398 1888 3416
4202 4 2 14 26 1778 3388 1918 3423
4203 4 2 14 26 1951 1944 1943 3380
4204 4 2 14 26 1669 1659 1661 3388
4205 4 2 14 26 1669 1069 1645 1655
4206 4 2 14 26 1695 1087 1671 1681
4207 4 2 14 26 1656 1694 1067 1684
4208 4 2 14 26 1882 1883 3394 3423
4209 4 2 14 26 1909 1723 1915 3419
4210 4 2 14 26 1707 3400 3407 3421
4211 4 2 14 26 1811 3385 1754 3429
4212 4 2 14 26 1772 3393 1913 3429
4213 4 2 14 26 1818 3400 3399 3407
4214 4 2 14 26 1683 1688 3393 3398
4215 4 2 14 26 1948 3380 1944 3435
4216 4 2 14 26 1708 1768 1926 3433
4217 4 2 14 26 1719 1831 1900 3436
4218 4 2 14 26 1701 1826 1847 3398
4219 4 2 14 26 1758 3405 1910 3410
4220 4 2 14 26 1897 3408 1863 3417
4221 4 2 14 26 1700 1814 1848 3404
4222 4 2 14 26 1683 1684 3385 3393
4223 4 2 14 26 1860 1840 1732 3432
4224 4 2 14 26 1836 1701 1888 3398
4225 4 2 14 26 1782 1922 1923 3422
4226 4 2 14 26 1650 1069 1645 3388
4227 4 2 14 26 1954 1660 1666 3430
4228 4 2 14 26 1871 3399 1795 3400
4229 4 2 14 26 1809 3394 1883 3423
4230 4 2 14 26 1865 1919 1753 3415
4231 4 2 14 26 1788 1780 3406 3422
4232 4 2 14 26 1659 1069 1664 3388
4233 4 2 14 26 1695 3398 1685 3426
4234 4 2 14 26 3381 3382 3380 3428
4235 4 2 14 26 1703 1843 1877 3417
4236 4 2 14 26 1765 1841 1842 3414
4237 4 2 14 26 1865 1899 1752 3415
4238 4 2 14 26 1867 3419 1937 3434
4239 4 2 14 26 1826 1685 1847 3398
4240 4 2 14 26 1825 1771 3410 3436
4241 4 2 14 26 1688 3393 1772 3429
4242 4 2 14 26 1708 1854 3399 3407
4243 4 2 14 26 1657 3388 3418 3428
4244 4 2 14 26 1787 1831 1719 3413
4245 4 2 14 26 1872 1803 1930 3416
4246 4 2 14 26 1945 1943 1948 3428
4247 4 2 14 26 1708 3427 3399 3433
4248 4 2 14 26 1786 1936 3416 3431
4249 4 2 14 26 3392 3393 3384 3429
4250 4 2 14 26 1916 1867 1729 3419
4251 4 2 14 26 1727 1901 1825 3436
4252 4 2 14 26 1861 3410 1841 3414
4253 4 2 14 26 1707 1784 3400 3421
4254 4 2 14 26 1882 3403 3423 3427
4255 4 2 14 26 1803 1872 1936 3431
4256 4 2 14 26 1850 3411 1771 3436
4257 4 2 14 26 1097 1744 1866 1688
4258 4 2 14 26 3382 3386 3381 3389
4259 4 2 14 26 1942 3405 1823 3425
4260 4 2 14 26 1852 1770 1842 3411
4261 4 2 14 26 1780 1747 3406 3434
4262 4 2 14 26 1670 1672 3395 3430
4263 4 2 14 26 1805 1853 1773 3412
4264 4 2 14 26 1823 1942 1759 3405
4265 4 2 14 26 1680 1666 1668 3430
4266 4 2 14 26 1702 1902 3401 3420
4267 4 2 14 26 1770 1852 1850 3411
4268 4 2 14 26 3381 3384 3382 3424
4269 4 2 14 26 1772 1098 1684 1754
4270 4 2 14 26 1723 3419 1909 3433
4271 4 2 14 26 1842 1770 1849 3411
4272 4 2 14 26 1716 1814 1846 3404
4273 4 2 14 26 1722 1874 1749 3400
4274 4 2 14 26 1659 1664 1800 3388
4275 4 2 14 26 1750 1802 1903 3395
4276 4 2 14 26 3382 3384 3396 3424
4277 4 2 14 26 1800 1080 1659 1797
4278 4 2 14 26 3396 3402 3389 3424
4279 4 2 14 26 1868 3432 1732 3433
4280 4 2 14 26 3381 3382 3389 3424
4281 4 2 14 26 1943 1950 1947 3426
4282 4 2 14 26 1869 1738 1909 3433
4283 4 2 14 26 1943 1944 1948 3380
4284 4 2 14 26 1671 1690 1685 3398
4285 4 2 14 26 1949 1665 1660 3428
4286 4 2 14 26 1907 1823 1759 3405
4287 4 2 14 26 1651 1646 1684 3385
4288 4 2 14 26 3383 3387 3381 3426
4289 4 2 14 26 1865 1662 1844 3415
4290 4 2 14 26 1816 1646 3385 3394
4291 4 2 14 26 1765 1699 1801 3414
4292 4 2 14 26 1787 1920 1928 3413
4293 4 2 14 26 1685 1695 1671 3398
4294 4 2 14 26 1744 1688 1685 3398
4295 4 2 14 26 1673 1947 1950 3426
4296 4 2 14 26 1877 1897 3417 3418
4297 4 2 14 26 1810 3402 1822 3405
4298 4 2 14 26 1820 3417 3402 3425
4299 4 2 14 26 1752 1814 3409 3415
4300 4 2 14 26 1663 1677 1078 3409
4301 4 2 14 26 1875 1676 1092 3431
4302 4 2 14 26 1731 1774 1837 3432
4303 4 2 14 26 3383 3384 3381 3424
4304 4 2 14 26 1708 1829 1854 3407
4305 4 2 14 26 1680 1668 1682 3430
4306 4 2 14 26 1837 1755 1731 3432
4307 4 2 14 26 1670 1674 1672 3430
4308 4 2 14 26 1940 3393 1935 3421
4309 4 2 14 26 1906 1697 1813 3429
4310 4 2 14 26 1720 1698 1902 3420
4311 4 2 14 26 1761 1675 3395 3414
4312 4 2 14 26 1848 1715 1804 3425
4313 4 2 14 26 1690 1671 1685 1087
4314 4 2 14 26 1646 1067 1651 1684
4315 4 2 14 26 1646 1656 1684 3385
4316 4 2 14 26 1818 3399 1854 3407
4317 4 2 14 26 1661 3388 1659 3428
4318 4 2 14 26 1658 1657 3386 3430
4319 4 2 14 26 1798 1917 3398 3431
4320 4 2 14 26 1802 1714 1903 3395
4321 4 2 14 26 1804 3414 3395 3425
4322 4 2 14 26 1841 3411 1842 3414
4323 4 2 14 26 1772 1688 1743 3393
4324 4 2 14 26 1835 3394 1740 3407
4325 4 2 14 26 1782 1923 1794 3422
4326 4 2 14 26 1831 1893 1783 3412
4327 4 2 14 26 1858 1727 1785 3410
4328 4 2 14 26 1742 1709 1940 3421
4329 4 2 14 26 1950 1946 1678 3430
4330 4 2 14 26 1706 1729 1782 3408
4331 4 2 14 26 1722 1873 1874 3400
4332 4 2 14 26 1700 3395 1924 3409
4333 4 2 14 26 1717 1770 1805 3411
4334 4 2 14 26 3390 3389 3402 3424
4335 4 2 14 26 1773 1893 1821 3412
4336 4 2 14 26 1766 3402 1819 3406
4337 4 2 14 26 1725 3402 1810 3425
4338 4 2 14 26 1071 1762 1816 1646
4339 4 2 14 26 1783 1893 1853 3412
4340 4 2 14 26 1657 1660 1665 3428
4341 4 2 14 26 3408 3419 1729 3422
4342 4 2 14 26 1785 1799 1910 3410
4343 4 2 14 26 1698 1720 1870 3420
4344 4 2 14 26 1750 1924 3395 3409
4345 4 2 14 26 1763 1885 1911 3418
4346 4 2 14 26 1805 1770 1850 3411
4347 4 2 14 26 1922 1729 3419 3422
4348 4 2 14 26 1714 3395 1804 3414
4349 4 2 14 26 1752 1792 1658 3409
4350 4 2 14 26 1646 1656 1067 1684
4351 4 2 14 26 1087 1671 1685 1695
4352 4 2 14 26 3385 3393 1684 3429
4353 4 2 14 26 1769 1761 1675 3395
4354 4 2 14 26 3382 3386 3389 3408
4355 4 2 14 26 1735 1818 1854 3407
4356 4 2 14 26 1763 1706 1863 3408
4357 4 2 14 26 1937 3419 1775 3434
4358 4 2 14 26 3382 3388 3386 3408
4359 4 2 14 26 1840 1859 1755 3432
4360 4 2 14 26 1782 3408 1729 3422
4361 4 2 14 26 1099 1812 1684 1754
4362 4 2 14 26 1683 1688 1684 3393
4363 4 2 14 26 1906 3421 1735 3429
4364 4 2 14 26 1895 3395 1714 3414
4365 4 2 14 26 1829 1835 3407 3427
4366 4 2 14 26 3386 3408 3388 3418
4367 4 2 14 26 1704 1881 1932 3403
4368 4 2 14 26 1796 1737 1778 3423
4369 4 2 14 26 1685 3398 1683 3426
4370 4 2 14 26 1923 1724 1794 3422
4371 4 2 14 26 1652 1075 1648 3435
4372 4 2 14 26 1735 1697 1906 3407
4373 4 2 14 26 1832 1719 1749 3424
4374 4 2 14 26 1954 1946 1660 3430
4375 4 2 14 26 1658 1660 1657 3430
4376 4 2 14 26 1916 1915 1775 3419
4377 4 2 14 26 1877 3415 1919 3418
4378 4 2 14 26 1787 1928 1831 3413
4379 4 2 14 26 1870 1935 3401 3421
4380 4 2 14 26 3419 3427 1909 3433
4381 4 2 14 26 1830 3406 1820 3417
4382 4 2 14 26 1646 1656 3385 3435
4383 4 2 14 26 1784 3413 3400 3421
4384 4 2 14 26 1722 1871 3400 3432
4385 4 2 14 26 3387 3414 1675 3431
4386 4 2 14 26 1687 1695 1685 3426
4387 4 2 14 26 1865 1753 1899 3415
4388 4 2 14 26 3381 3391 3390 3414
4389 4 2 14 26 1688 1684 3393 3429
4390 4 2 14 26 3381 3386 3382 3428
4391 4 2 14 26 3384 3393 3385 3429
4392 4 2 14 26 1791 1851 1751 3409
4393 4 2 14 26 1881 1776 1729 3403
4394 4 2 14 26 1825 1713 1799 3410
4395 4 2 14 26 1838 1839 3432 3433
4396 4 2 14 26 1947 1100 1687 1955
4397 4 2 14 26 1946 1093 1674 1954
4398 4 2 14 26 1657 3388 1659 3418
4399 4 2 14 26 1780 3406 3422 3434
4400 4 2 14 26 1772 1914 1754 3429
4401 4 2 14 26 1847 1685 1690 3398
4402 4 2 14 26 1657 3418 3386 3428
4403 4 2 14 26 1728 3406 1830 3417
4404 4 2 14 26 1816 1649 1646 3394
4405 4 2 14 26 1782 1794 1863 3408
4406 4 2 14 26 1882 3403 1834 3423
4407 4 2 14 26 1710 1912 1821 3420
4408 4 2 14 26 1845 3394 1835 3427
4409 4 2 14 26 3404 3409 1814 3415
4410 4 2 14 26 1943 1947 1951 3426
4411 4 2 14 26 1709 1940 3421 3429
4412 4 2 14 26 1948 1944 1652 3435
4413 4 2 14 26 1743 1688 1866 3393
4414 4 2 14 26 1935 3393 1807 3401
4415 4 2 14 26 1723 3397 1837 3419
4416 4 2 14 26 1698 1870 3401 3420
4417 4 2 14 26 1750 1675 1672 3395
4418 4 2 14 26 1824 1870 1711 3421
4419 4 2 14 26 1846 1843 1716 3415
4420 4 2 14 26 1909 1915 1776 3419
4421 4 2 14 26 1867 1730 3422 3434
4422 4 2 14 26 1754 3385 1684 3429
4423 4 2 14 26 3392 3407 3400 3421
4424 4 2 14 26 1657 1659 3388 3428
4425 4 2 14 26 1882 1834 1741 3423
4426 4 2 14 26 1078 1672 1682 3409
4427 4 2 14 26 3383 3384 3392 3393
4428 4 2 14 26 1782 1794 3408 3422
4429 4 2 14 26 1722 3400 3424 3432
4430 4 2 14 26 1704 1909 3403 3427
4431 4 2 14 26 3386 3388 3382 3428
4432 4 2 14 26 1687 1100 1947 1691
4433 4 2 14 26 1093 1674 1678 1946
4434 4 2 14 26 3384 3385 3407 3429
4435 4 2 14 26 1794 1703 1863 3417
4436 4 2 14 26 3386 3418 3388 3428
4437 4 2 14 26 1902 1698 1808 3401
4438 4 2 14 26 1756 1860 1939 3432
4439 4 2 14 26 1832 1749 3400 3424
4440 4 2 14 26 1082 1752 1792 1658
4441 4 2 14 26 1676 3398 1671 3431
4442 4 2 14 26 1731 1774 3432 3434
4443 4 2 14 26 1797 1659 3388 3418
4444 4 2 14 26 1672 3409 3395 3430
4445 4 2 14 26 1914 1772 1913 3429
4446 4 2 14 26 1783 1831 3412 3436
4447 4 2 14 26 1786 1888 3398 3416
4448 4 2 14 26 1682 3409 1672 3430
4449 4 2 14 26 1761 1930 1803 3431
4450 4 2 14 26 1657 1661 1659 3428
4451 4 2 14 26 1646 1648 1656 3435
4452 4 2 14 26 1668 1658 1078 3409
4453 4 2 14 26 1683 1685 1688 3398
4454 4 2 14 26 1098 1772 1684 1688
4455 4 2 14 26 1868 3399 1767 3432
4456 4 2 14 26 1789 3406 1794 3422
4457 4 2 14 26 1853 1893 1773 3412
4458 4 2 14 26 1713 3410 1771 3411
4459 4 2 14 26 3384 3383 3392 3424
4460 4 2 14 26 1661 1667 1953 1084
4461 4 2 14 26 1954 1093 1674 1680
4462 4 2 14 26 1693 1687 1100 1955
4463 4 2 14 26 1786 1872 1886 3416
4464 4 2 14 26 1650 3388 1645 3423
4465 4 2 14 26 1671 1673 1670 3387
4466 4 2 14 26 3388 3403 1884 3408
4467 4 2 14 26 1897 1877 1764 3418
4468 4 2 14 26 1922 1781 1923 3422
4469 4 2 14 26 1662 1658 3386 3415
4470 4 2 14 26 1677 1672 1078 3409
4471 4 2 14 26 1776 1881 1704 3403
4472 4 2 14 26 1658 3409 3386 3415
4473 4 2 14 26 1722 1756 1939 3432
4474 4 2 14 26 1875 1092 1921 3431
4475 4 2 14 26 1820 3406 3402 3417
4476 4 2 14 26 1731 1755 1859 3432
4477 4 2 14 26 1812 1099 1684 1689
4478 4 2 14 26 1652 1944 1075 3435
4479 4 2 14 26 1949 1660 1946 3430
4480 4 2 14 26 1792 1790 1933 3409
4481 4 2 14 26 1075 1952 1654 3435
4482 4 2 14 26 1685 1683 1687 3426
4483 4 2 14 26 1762 1651 1071 1864
4484 4 2 14 26 3382 3388 3403 3423
4485 4 2 14 26 1882 3423 3394 3427
4486 4 2 14 26 1947 1691 1951 3426
4487 4 2 14 26 1896 1716 3404 3425
4488 4 2 14 26 3381 3409 3386 3430
4489 4 2 14 26 1880 3422 1730 3434
4490 4 2 14 26 1752 1790 1792 3409
4491 4 2 14 26 1785 1825 1799 3410
4492 4 2 14 26 1923 1781 1876 3422
4493 4 2 14 26 1752 1082 1662 1658
4494 4 2 14 26 1776 3403 1704 3419
4495 4 2 14 26 1829 3407 1708 3427
4496 4 2 14 26 1776 1729 3403 3419
4497 4 2 14 26 1744 1097 1685 1688
4498 4 2 14 26 1809 1649 1904 3394
4499 4 2 14 26 1832 3413 1719 3424
4500 4 2 14 26 3386 3409 1658 3430
4501 4 2 14 26 1930 1699 1872 3416
4502 4 2 14 26 1696 1722 1749 3424
4503 4 2 14 26 1763 3408 1897 3418
4504 4 2 14 26 1750 3395 1672 3409
4505 4 2 14 26 1651 1762 1071 1646
4506 4 2 14 26 1742 1784 1707 3421
4507 4 2 14 26 3381 3395 3409 3430
4508 4 2 14 26 1811 3407 3385 3429
4509 4 2 14 26 1745 3405 1942 3425
4510 4 2 14 26 1694 1684 3385 3435
4511 4 2 14 26 3382 3403 3394 3423
4512 4 2 14 26 1763 1897 1885 3418
4513 4 2 14 26 1692 1694 1654 3435
4514 4 2 14 26 3388 3408 1938 3418
4515 4 2 14 26 1710 1821 3412 3420
4516 4 2 14 26 1719 3413 1831 3436
4517 4 2 14 26 1824 1742 1940 3421
4518 4 2 14 26 1765 1801 1925 3414
4519 4 2 14 26 1674 1680 1682 3430
4520 4 2 14 26 1909 3419 3403 3427
4521 4 2 14 26 1702 3401 3398 3416
4522 4 2 14 26 1952 1075 1944 3435
4523 4 2 14 26 1776 1916 1729 3419
4524 4 2 14 26 1663 1078 1658 3409
4525 4 2 14 26 1945 1665 1949 3428
4526 4 2 14 26 1656 1654 1694 3435
4527 4 2 14 26 1930 3414 1699 3416
4528 4 2 14 26 1677 1663 1751 3409
4529 4 2 14 26 1716 1848 1814 3404
4530 4 2 14 26 3387 3395 1675 3414
4531 4 2 14 26 1805 1717 3411 3412
4532 4 2 14 26 1080 1800 1659 1664
4533 4 2 14 26 1644 3394 1649 3423
4534 4 2 14 26 3384 3400 3397 3424
4535 4 2 14 26 1820 1929 1728 3417
4536 4 2 14 26 1839 1926 1732 3433
4537 4 2 14 26 1753 1877 1843 3415
4538 4 2 14 26 1682 1672 1674 3430
4539 4 2 14 26 1075 1654 1648 3435
4540 4 2 14 26 1677 1751 1851 3409
4541 4 2 14 26 1825 1785 1727 3410
4542 4 2 14 26 3391 3383 3401 3416
4543 4 2 14 26 1687 1683 1691 3426
4544 4 2 14 26 1952 1692 1654 3435
4545 4 2 14 26 1720 1902 1821 3420
4546 4 2 14 26 1686 1944 1951 3435
4547 4 2 14 26 1914 1913 1709 3429
4548 4 2 14 26 3381 3404 3386 3409
4549 4 2 14 26 1724 1923 1876 3422
4550 4 2 14 26 1949 1943 1945 3428
4551 4 2 14 26 1901 1900 1718 3436
4552 4 2 14 26 1727 1696 1827 3424
4553 4 2 14 26 1797 1081 1659 3418
4554 4 2 14 26 1858 1696 1727 3424
4555 4 2 14 26 1700 3404 3395 3409
4556 4 2 14 26 3383 3398 3393 3401
4557 4 2 14 26 1694 1686 1684 3435
4558 4 2 14 26 1778 1834 3403 3423
4559 4 2 14 26 3381 3395 3404 3409
4560 4 2 14 26 3391 3392 3383 3424
4561 4 2 14 26 1090 1750 1675 1672
4562 4 2 14 26 1906 1709 3421 3429
4563 4 2 14 26 1783 3412 1718 3436
4564 4 2 14 26 1794 3406 3417 3422
4565 4 2 14 26 1851 1750 1089 1672
4566 4 2 14 26 1751 1663 1792 3409
4567 4 2 14 26 1710 3412 1831 3413
4568 4 2 14 26 3381 3387 3391 3414
4569 4 2 14 26 1813 1754 1914 3429
4570 4 2 14 26 1658 3409 1668 3430
4571 4 2 14 26 1954 1660 1086 1666
4572 4 2 14 26 1679 1955 1095 1673
4573 4 2 14 26 1653 1953 1077 1647
4574 4 2 14 26 1838 1909 1738 3433
4575 4 2 14 26 1870 1720 1931 3420
4576 4 2 14 26 1860 1756 1840 3432
4577 4 2 14 26 1677 1851 1672 3409
4578 4 2 14 26 1913 3393 1940 3429
4579 4 2 14 26 1820 3404 1716 3417
4580 4 2 14 26 1760 1931 1912 3420
4581 4 2 14 26 1727 3424 1827 3436
4582 4 2 14 26 1899 1753 1846 3415
4583 4 2 14 26 1751 1792 1933 3409
4584 4 2 14 26 1721 1841 1925 3414
4585 4 2 14 26 1879 1757 1896 3425
4586 4 2 14 26 1736 1803 1936 3431
4587 4 2 14 26 3389 3408 3386 3417
4588 4 2 14 26 1832 3400 3413 3424
4589 4 2 14 26 1778 1737 1834 3423
4590 4 2 14 26 1826 1690 1685 1096
4591 4 2 14 26 1660 1086 1946 1954
4592 4 2 14 26 1095 1955 1947 1673
4593 4 2 14 26 1077 1953 1945 1647
4594 4 2 14 26 1768 3399 1868 3433
4595 4 2 14 26 1849 1886 1699 3416
4596 4 2 14 26 3384 3399 3397 3400
4597 4 2 14 26 1072 1816 1649 1646
4598 4 2 14 26 1921 1092 1091 3431
4599 4 2 14 26 3410 3411 1841 3414
4600 4 2 14 26 1912 1710 3413 3420
4601 4 2 14 26 1660 1658 1668 3430
4602 4 2 14 26 1782 1863 1706 3408
4603 4 2 14 26 1708 1739 1835 3427
4604 4 2 14 26 3394 3407 1835 3427
4605 4 2 14 26 3384 3385 3380 3394
4606 4 2 14 26 1881 3403 1729 3408
4607 4 2 14 26 3397 3432 1837 3434
4608 4 2 14 26 1722 3400 1749 3424
4609 4 2 14 26 1102 1952 1944 3435
4610 4 2 14 26 3390 3395 3414 3425
4611 4 2 14 26 1820 3404 3417 3425
4612 4 2 14 26 3392 3400 3384 3424
4613 4 2 14 26 1814 1846 3404 3415
4614 4 2 14 26 1708 3407 3399 3427
4615 4 2 14 26 1952 1102 1692 3435
4616 4 2 14 26 3387 3416 3414 3431
4617 4 2 14 26 3385 3394 3384 3407
4618 4 2 14 26 3399 3400 1871 3432
4619 4 2 14 26 1660 1668 1666 3430
4620 4 2 14 26 1906 1735 3407 3429
4621 4 2 14 26 1916 1776 1915 3419
4622 4 2 14 26 3401 3420 1870 3421
4623 4 2 14 26 1670 1675 3387 3395
4624 4 2 14 26 1652 1948 1647 1076
4625 4 2 14 26 1949 1665 1085 1660
4626 4 2 14 26 1950 1094 1673 1678
4627 4 2 14 26 1951 1101 1686 1691
4628 4 2 14 26 1756 1859 1840 3432
4629 4 2 14 26 1879 1942 1715 3425
4630 4 2 14 26 1081 1080 1797 1659
4631 4 2 14 26 1778 3403 3388 3423
4632 4 2 14 26 1906 3407 1697 3429
4633 4 2 14 26 1731 1756 1722 3432
4634 4 2 14 26 1765 1925 1841 3414
4635 4 2 14 26 1074 1073 1737 3423
4636 4 2 14 26 1849 1699 3414 3416
4637 4 2 14 26 1671 3387 1675 3431
4638 4 2 14 26 3390 3404 3395 3425
4639 4 2 14 26 1736 1875 1921 3431
4640 4 2 14 26 1644 1649 1645 3423
4641 4 2 14 26 1753 1843 1846 3415
4642 4 2 14 26 1681 1679 1693 1088
4643 4 2 14 26 1654 1692 1068 1694
4644 4 2 14 26 1070 1655 1667 1653
4645 4 2 14 26 1666 1079 1680 1668
4646 4 2 14 26 1102 1944 1686 3435
4647 4 2 14 26 1794 1728 1703 3417
4648 4 2 14 26 3384 3382 3397 3427
4649 4 2 14 26 1839 1732 3432 3433
4650 4 2 14 26 1872 3416 1936 3431
4651 4 2 14 26 3383 3398 3387 3426
4652 4 2 14 26 1794 3406 1728 3417
4653 4 2 14 26 1786 3416 3398 3431
4654 4 2 14 26 1727 1825 3410 3436
4655 4 2 14 26 1927 1777 1747 3434
4656 4 2 14 26 1658 1792 1663 3409
4657 4 2 14 26 3384 3400 3392 3407
4658 4 2 14 26 3389 3402 3396 3406
4659 4 2 14 26 1897 3408 3417 3418
4660 4 2 14 26 1667 1669 1655 1070
4661 4 2 14 26 1695 1681 1693 1088
4662 4 2 14 26 1682 1680 1079 1668
4663 4 2 14 26 1656 1654 1068 1694
4664 4 2 14 26 1771 3411 3410 3436
4665 4 2 14 26 1671 3398 3387 3431
4666 4 2 14 26 1930 3416 1803 3431
4667 4 2 14 26 1844 3415 1662 3418
4668 4 2 14 26 1703 1929 1843 3417
4669 4 2 14 26 1870 3420 1711 3421
4670 4 2 14 26 3381 3387 3383 3391
4671 4 2 14 26 3410 3391 3424 3436
4672 4 2 14 26 1872 1699 1886 3416
4673 4 2 14 26 1829 1697 1735 3407
4674 4 2 14 26 1794 1863 3408 3417
4675 4 2 14 26 1750 1089 1672 1090
4676 4 2 14 26 1657 1665 1661 3428
4677 4 2 14 26 1839 1838 1738 3433
4678 4 2 14 26 1869 1909 3427 3433
4679 4 2 14 26 1948 1077 1647 1076
4680 4 2 14 26 1094 1095 1950 1673
4681 4 2 14 26 1086 1949 1085 1660
4682 4 2 14 26 1686 1102 1101 1951
4683 4 2 14 26 1865 1844 1662 1082
4684 4 2 14 26 1072 1816 1646 1071
4685 4 2 14 26 1797 1885 1081 3418
4686 4 2 14 26 3413 3424 3412 3436
4687 4 2 14 26 1670 1672 1675 3395
4688 4 2 14 26 3397 3419 1723 3433
4689 4 2 14 26 1670 1675 1671 3387
4690 4 2 14 26 1731 1777 1774 3434
4691 4 2 14 26 3391 3411 3410 3414
4692 4 2 14 26 1849 3414 3411 3416
4693 4 2 14 26 1792 1663 1083 1658
4694 4 2 14 26 1826 1097 1096 1685
4695 4 2 14 26 1912 1720 1821 3420
4696 4 2 14 26 1754 1098 1684 1099
4697 4 2 14 26 1877 3417 3415 3418
4698 4 2 14 26 1738 1708 1926 3433
4699 4 2 14 26 1831 3413 3412 3436
4700 4 2 14 26 1657 1662 1658 3386
4701 4 2 14 26 1843 3415 1877 3417
4702 4 2 14 26 1794 3417 3408 3422
4703 4 2 14 26 3382 3384 3380 3394
4704 4 2 14 26 1686 1692 1102 3435
4705 4 2 14 26 1102 1686 1944 1951
4706 4 2 14 26 1086 1946 1949 1660
4707 4 2 14 26 1095 1947 1950 1673
4708 4 2 14 26 1945 1948 1077 1647
4709 4 2 14 26 1665 1084 1945 1949
4710 4 2 14 26 1678 1950 1093 1946
4711 4 2 14 26 1075 1652 1948 1944
4712 4 2 14 26 1100 1951 1947 1691
4713 4 2 14 26 3382 3403 3397 3427
4714 4 2 14 26 1698 3401 1902 3420
4715 4 2 14 26 1729 3408 3403 3419
4716 4 2 14 26 3412 3413 1710 3420
4717 4 2 14 26 1646 1649 1644 3394
4718 4 2 14 26 1906 1813 1914 3429
4719 4 2 14 26 1914 1709 1906 3429
4720 4 2 14 26 1716 3415 1843 3417
4721 4 2 14 26 1760 1912 3413 3420
4722 4 2 14 26 3397 3427 3419 3433
4723 4 2 14 26 1735 3421 3407 3429
4724 4 2 14 26 1854 1829 1735 3407
4725 4 2 14 26 1837 3419 3397 3434
4726 4 2 14 26 1098 1743 1772 1688
4727 4 2 14 26 3382 3396 3384 3397
4728 4 2 14 26 1792 1082 1658 1083
4729 4 2 14 26 1867 3422 3419 3434
4730 4 2 14 26 174 1952 1692 1654
4731 4 2 14 26 180 1679 1693 1955
4732 4 2 14 26 178 1954 1666 1680
4733 4 2 14 26 1653 1667 176 1953
4734 4 2 14 26 1076 1652 1948 1075
4735 4 2 14 26 1101 1951 1100 1691
4736 4 2 14 26 1084 1665 1085 1949
4737 4 2 14 26 1950 1094 1678 1093
4738 4 2 14 26 1761 1803 1921 3431
4739 4 2 14 26 1656 1648 1654 3435
4740 4 2 14 26 3397 3403 3396 3419
4741 4 2 14 26 3408 3386 3417 3418
4742 4 2 14 26 3396 3419 3408 3422
4743 4 2 14 26 1851 1677 1672 1089
4744 4 2 14 26 1649 3394 1809 3423
4745 4 2 14 26 1793 1875 1676 1092
4746 4 2 14 26 1803 3416 1872 3431
4747 4 2 14 26 3393 3401 1935 3421
4748 4 2 14 26 3383 3391 3387 3416
4749 4 2 14 26 1846 1716 3404 3415
4750 4 2 14 26 1742 1711 1784 3421
4751 4 2 14 26 3399 3427 3397 3433
4752 4 2 14 26 1671 1675 1091 3431
4753 4 2 14 26 3402 3404 3390 3425
4754 4 2 14 26 3393 3421 1940 3429
4755 4 2 14 26 1671 1092 1676 3431
4756 4 2 14 26 3390 3410 3405 3414
4757 4 2 14 26 1694 1692 1686 3435
4758 4 2 14 26 1764 1885 1897 3418
4759 4 2 14 26 1091 1092 1671 3431
4760 4 2 14 26 3387 3391 3414 3416
4761 4 2 14 26 1711 1742 1824 3421
4762 4 2 14 26 3398 3401 3383 3416
4763 4 2 14 26 1904 1809 1072 1649
4764 4 2 14 26 1751 1083 1792 1663
4765 4 2 14 26 1657 1662 3386 3418
4766 4 2 14 26 1931 1720 1912 3420
4767 4 2 14 26 1657 1659 1662 3418
4768 4 2 14 26 1739 1708 1869 3427
4769 4 2 14 26 1859 1756 1731 3432
4770 4 2 14 26 3402 3417 3404 3425
4771 4 2 14 26 1728 1929 1703 3417
4772 4 2 14 26 3387 3381 3395 3414
4773 4 2 14 26 3394 3423 3403 3427
4774 4 2 14 26 3381 3389 3386 3404
4775 4 2 14 26 1715 1848 1757 3425
4776 4 2 14 26 1662 1659 1081 3418
4777 4 2 14 26 3382 3394 3403 3427
4778 4 2 14 26 3391 3390 3410 3424
4779 4 2 14 26 3381 3395 3390 3404
4780 4 2 14 26 1073 1645 1649 3423
4781 4 2 14 26 1749 1719 1696 3424
4782 4 2 14 26 1834 1737 1741 3423
4783 4 2 14 26 1074 1645 1073 3423
4784 4 2 14 26 1827 1696 1719 3424
4785 4 2 14 26 1757 1879 1715 3425
4786 4 2 14 26 3396 3408 3406 3422
4787 4 2 14 26 3381 3390 3389 3404
4788 4 2 14 26 1868 3399 3432 3433
4789 4 2 14 26 1848 3404 1716 3425
4790 4 2 14 26 1827 1900 1901 3436
4791 4 2 14 26 3412 3413 3391 3424
4792 4 2 14 26 1692 1068 174 1654
4793 4 2 14 26 1070 1667 176 1653
4794 4 2 14 26 178 1666 1079 1680
4795 4 2 14 26 1693 1679 180 1088
4796 4 2 14 26 3390 3395 3381 3414
4797 4 2 14 26 3384 3394 3382 3427
4798 4 2 14 26 3391 3410 3390 3414
4799 4 2 14 26 1827 1719 1900 3436
4800 4 2 14 26 3400 3413 3392 3421
4801 4 2 14 26 1777 1887 1774 3434
4802 4 2 14 26 3384 3399 3400 3407
4803 4 2 14 26 1719 3424 3413 3436
4804 4 2 14 26 3411 3414 3391 3416
4805 4 2 14 26 3403 3419 3397 3427
4806 4 2 14 26 1885 1764 1081 3418
4807 4 2 14 26 1068 1656 1694 1067
4808 4 2 14 26 1079 1682 1668 1078
4809 4 2 14 26 1655 1669 1069 1070
4810 4 2 14 26 1681 1695 1087 1088
4811 4 2 14 26 1926 1839 1738 3433
4812 4 2 14 26 3391 3401 3392 3420
4813 4 2 14 26 1099 1812 1864 1689
4814 4 2 14 26 1761 1090 1769 1675
4815 4 2 14 26 3408 3417 3406 3422
4816 4 2 14 26 1080 1779 1800 1664
4817 4 2 14 26 1777 1927 1730 3434
4818 4 2 14 26 3389 3390 3402 3404
4819 4 2 14 26 1097 1743 1688 1866
4820 4 2 14 26 3383 3387 3398 3416
4821 4 2 14 26 1777 1730 1887 3434
4822 4 2 14 26 1727 1827 1901 3436
4823 4 2 14 26 1737 1073 1741 3423
4824 4 2 14 26 3404 3389 3415 3417
4825 4 2 14 26 175 1650 1664 1069
4826 4 2 14 26 1651 1067 173 1689
4827 4 2 14 26 1677 1078 177 1663
4828 4 2 14 26 1676 1690 179 1087
4829 4 2 14 26 1690 1793 1096 1847
4830 4 2 14 26 3412 3424 3391 3436
4831 4 2 14 26 1736 1921 1803 3431
4832 4 2 14 26 1827 3424 1719 3436
4833 4 2 14 26 3389 3406 3396 3408
4834 4 2 14 26 3392 3401 3393 3421
4835 4 2 14 26 3388 3382 3403 3408
4836 4 2 14 26 3399 3407 3384 3427
4837 4 2 14 26 3386 1662 3415 3418
4838 4 2 14 26 3382 3389 3396 3408
4839 4 2 14 26 3386 3409 3404 3415
4840 4 2 14 26 3406 3408 3389 3417
4841 4 2 14 26 1650 1855 1074 1779
4842 4 2 14 26 1952 174 1075 1654
4843 4 2 14 26 1953 1667 176 1084
4844 4 2 14 26 1954 178 1093 1680
4845 4 2 14 26 1693 1100 180 1955
4846 4 2 14 26 176 1653 1953 1077
4847 4 2 14 26 1692 1952 174 1102
4848 4 2 14 26 1954 1086 178 1666
4849 4 2 14 26 1955 180 1679 1095
4850 4 2 14 26 1761 1091 1675 3431
4851 4 2 14 26 3402 3390 3405 3425
4852 4 2 14 26 3410 3411 3391 3436
4853 4 2 14 26 1716 3404 3415 3417
4854 4 2 14 26 3397 3399 3384 3427
4855 4 2 14 26 3415 3417 3386 3418
4856 4 2 14 26 177 1751 1677 1663
4857 4 2 14 26 177 1751 1851 1677
4858 4 2 14 26 3392 3391 3413 3424
4859 4 2 14 26 1779 175 1650 1664
4860 4 2 14 26 3403 3408 3396 3419
4861 4 2 14 26 3389 3402 3406 3417
4862 4 2 14 26 3394 3384 3407 3427
4863 4 2 14 26 1864 1099 1689 173
4864 4 2 14 26 1793 1690 179 1676
4865 4 2 14 26 1761 1921 1091 3431
4866 4 2 14 26 1690 1793 179 1096
4867 4 2 14 26 1080 1779 1664 175
4868 4 2 14 26 1074 1779 175 1650
4869 4 2 14 26 3389 3404 3402 3417
4870 4 2 14 26 3389 3386 3415 3417
4871 4 2 14 26 1651 173 1864 1689
4872 4 2 14 26 1844 1081 1662 1082
4873 4 2 14 26 1092 179 1676 1793
4874 4 2 14 26 177 1751 1663 1083
4875 4 2 14 26 3392 3413 3400 3424
4876 4 2 14 26 173 1864 1071 1651
4877 4 2 14 26 3386 3404 3389 3415
4878 4 2 14 26 1851 177 1677 1089
4879 4 2 14 26 3396 3422 3406 3434
4880 4 2 14 26 3396 3397 3382 3403
4881 4 2 14 26 3383 3393 3392 3401
4882 4 2 14 26 1073 1072 1809 1649
4883 4 2 14 26 3398 3416 3387 3431
4884 4 2 14 26 3396 3403 3382 3408
4885 4 2 14 26 1098 1097 1743 1688
4886 4 2 14 26 1761 1090 1675 1091
4887 4 2 14 26 3392 3413 3420 3421
4888 4 2 14 26 3383 3392 3391 3401
4889 4 2 14 26 3392 3420 3401 3421
4890 4 2 14 26 3397 3419 3396 3434
4891 4 2 14 26 3411 3412 3391 3436
4892 4 2 14 26 3419 3422 3396 3434
4893 4 2 14 26 3399 3397 3432 3433
4894 4 2 14 26 1941 1754 1684 1812
4895 4 2 14 26 1684 1754 1941 3385
4896 4 2 14 26 1684 1689 1941 1812
4897 4 2 14 26 1941 1689 1684 3385
4898 4 2 14 26 3382 3423 3428 3388
4899 4 2 14 26 3382 3428 3423 1644
4900 4 2 14 26 1647 3428 3423 3388
4901 4 2 14 26 1647 3423 3428 1644
4902 4 2 14 26 1661 1655 1653 1667
4903 4 2 14 26 1653 1655 1661 3428
4904 4 2 14 26 1653 1953 1661 1667
4905 4 2 14 26 1661 1953 1653 3428
4906 4 2 14 26 3425 1700 3395 1804
4907 4 2 14 26 3425 3395 1700 3404
4908 4 2 14 26 3434 1857 3406 3402
4909 4 2 14 26 3434 3406 1857 1747
4910 4 2 14 26 3434 1857 1696 1747
4911 4 2 14 26 3434 1696 1857 3424
4912 4 2 14 26 3425 1820 1725 3402
4913 4 2 14 26 3425 1725 1820 1896
4914 4 2 14 26 3431 1793 1798 1875
4915 4 2 14 26 3431 1798 1793 3398
4916 4 2 14 26 3413 1833 1828 3400
4917 4 2 14 26 3413 1828 1833 1712
4918 4 2 14 26 3429 3392 3407 3384
4919 4 2 14 26 3429 3407 3392 3421
4920 4 2 14 26 1665 3428 1084 1661
4921 4 2 14 26 1665 1084 3428 1945
4922 4 2 14 26 1953 1084 3428 1661
4923 4 2 14 26 1953 3428 1084 1945
4924 4 2 14 26 3406 1857 1766 3402
4925 4 2 14 26 3406 1766 1857 1862
4926 4 2 14 26 3423 1650 1074 1645
4927 4 2 14 26 3423 1074 1650 1855
4928 4 2 14 26 3393 3380 3384 3385
4929 4 2 14 26 3393 3384 3380 3383
4930 4 2 14 26 3422 1789 1788 1724
4931 4 2 14 26 3422 1788 1789 3406
4932 4 2 14 26 3414 1861 3405 1721
4933 4 2 14 26 3414 3405 1861 3410
4934 4 2 14 26 3409 1814 1700 3404
4935 4 2 14 26 3409 1700 1814 1790
4936 4 2 14 26 3405 1810 3425 1745
4937 4 2 14 26 3405 3425 1810 3402
4938 4 2 14 26 1711 1784 3420 1891
4939 4 2 14 26 1711 3420 1784 3421
4940 4 2 14 26 3413 3420 1784 1891
4941 4 2 14 26 3413 1784 3420 3421
4942 4 2 14 26 3436 1850 3412 1718
4943 4 2 14 26 3436 3412 1850 3411
4944 4 2 14 26 1805 3412 1850 1718
4945 4 2 14 26 1805 1850 3412 3411
4946 4 2 14 26 1836 3401 1888 1808
4947 4 2 14 26 1888 3401 1836 3398
4948 4 2 14 26 3424 3405 3390 3410
4949 4 2 14 26 3424 3390 3405 3402
4950 4 2 14 26 3433 1723 3432 1838
4951 4 2 14 26 3433 3432 1723 3397
4952 4 2 14 26 1837 3432 1723 1838
4953 4 2 14 26 1837 1723 3432 3397
4954 4 2 14 26 3416 1717 1849 1886
4955 4 2 14 26 3416 1849 1717 3411
4956 4 2 14 26 3427 1845 1883 1739
4957 4 2 14 26 3427 1883 1845 3394
4958 4 2 14 26 1842 3414 1849 1765
4959 4 2 14 26 1849 3414 1842 3411
4960 4 2 14 26 3391 3381 3424 3383
4961 4 2 14 26 3391 3424 3381 3390
4962 4 2 14 26 1069 3388 1669 1645
4963 4 2 14 26 1669 3388 1069 1659
4964 4 2 14 26 3434 1775 1890 3419
4965 4 2 14 26 3434 1890 1775 1887
4966 4 2 14 26 1727 3424 3410 1858
4967 4 2 14 26 1727 3410 3424 3436
4968 4 2 14 26 3423 1809 1073 1741
4969 4 2 14 26 3423 1073 1809 1649
4970 4 2 14 26 3384 3381 3380 3383
4971 4 2 14 26 3384 3380 3381 3382
4972 4 2 14 26 3418 1844 1081 1662
4973 4 2 14 26 3418 1081 1844 1764
4974 4 2 14 26 1702 3420 3416 3412
4975 4 2 14 26 1702 3416 3420 3401
4976 4 2 14 26 3391 3416 3420 3412
4977 4 2 14 26 3391 3420 3416 3401
4978 4 2 14 26 3433 1869 1708 3427
4979 4 2 14 26 3433 1708 1869 1738
4980 4 2 14 26 3391 3413 3420 3392
4981 4 2 14 26 3420 3413 3391 3412
4982 4 2 15 27 1772 1743 1980 1913
4983 4 2 15 27 1759 2016 1894 1942
4984 4 2 15 27 2187 2090 1977 1783
4985 4 2 15 27 2045 2185 2187 1853
4986 4 2 15 27 1931 1760 1912 1979
4987 4 2 15 27 1932 1966 1881 1704
4988 4 2 15 27 1924 2191 2059 2186
4989 4 2 15 27 1729 2007 1776 1966
4990 4 2 15 27 2224 2046 1774 1890
4991 4 2 15 27 2049 1890 2183 1775
4992 4 2 15 27 2204 1846 1899 1753
4993 4 2 15 27 2200 1934 1726 1817
4994 4 2 15 27 1764 2121 1844 1919
4995 4 2 15 27 2084 1879 1757 1896
4996 4 2 15 27 1702 1965 2006 1717
4997 4 2 15 27 1994 1814 2113 1846
4998 4 2 15 27 2120 1976 1919 1753
4999 4 2 15 27 1714 2027 1802 1903
5000 4 2 15 27 2093 2082 1758 1907
5001 4 2 15 27 2205 1786 1964 1936
5002 4 2 15 27 2148 2012 1722 1731
5003 4 2 15 27 1983 1733 1854 1818
5004 4 2 15 27 2220 1996 2126 1807
5005 4 2 15 27 2152 1836 1808 2040
5006 4 2 15 27 2079 1878 2053 1818
5007 4 2 15 27 1734 2157 1878 2073
5008 4 2 15 27 2190 2083 1905 1795
5009 4 2 15 27 1890 1887 2224 2183
5010 4 2 15 27 1715 1971 1823 1942
5011 4 2 15 27 1817 1934 1907 2082
5012 4 2 15 27 2041 2175 2212 1771
5013 4 2 15 27 2002 2166 2222 1805
5014 4 2 15 27 2008 2183 1887 1775
5015 4 2 15 27 1858 1726 1989 1856
5016 4 2 15 27 2158 2207 1750 2023
5017 4 2 15 27 1868 1926 2111 1768
5018 4 2 15 27 2076 1748 1862 1766
5019 4 2 15 27 1971 2071 1715 1804
5020 4 2 15 27 2004 2200 1726 1817
5021 4 2 15 27 2172 2125 1789 1830
5022 4 2 15 27 2195 1712 1981 1787
5023 4 2 15 27 1859 2009 2221 1731
5024 4 2 15 27 1711 1824 2098 2134
5025 4 2 15 27 1816 2019 1762 2102
5026 4 2 15 27 2106 2051 1781 1867
5027 4 2 15 27 1837 2046 2217 1890
5028 4 2 15 27 2035 2199 1842 1765
5029 4 2 15 27 2183 2008 2216 1775
5030 4 2 15 27 1805 1850 2222 2002
5031 4 2 15 27 2049 1723 2217 1890
5032 4 2 15 27 2005 2064 1767 2219
5033 4 2 15 27 2051 2179 1937 1867
5034 4 2 15 27 1909 1974 1838 1738
5035 4 2 15 27 2208 2025 2176 1803
5036 4 2 15 27 2140 2020 2130 1928
5037 4 2 15 27 2020 2136 2170 1787
5038 4 2 15 27 2117 1840 1859 1755
5039 4 2 15 27 1992 1799 2228 1861
5040 4 2 15 27 1979 1870 1720 1931
5041 4 2 15 27 1766 1746 2168 1990
5042 4 2 15 27 1720 1979 1912 2139
5043 4 2 15 27 1981 2170 2195 1787
5044 4 2 15 27 2064 1939 1767 2219
5045 4 2 15 27 2082 1992 1758 1910
5046 4 2 15 27 2006 1962 1702 1902
5047 4 2 15 27 2202 2033 2171 1713
5048 4 2 15 27 2066 1803 1930 2208
5049 4 2 15 27 2083 1982 1871 1873
5050 4 2 15 27 2062 2052 1891 1784
5051 4 2 15 27 2106 1781 1923 1922
5052 4 2 15 27 2065 1113 1921 1114
5053 4 2 15 27 2096 2211 2210 1792
5054 4 2 15 27 2082 1907 1910 1758
5055 4 2 15 27 2011 2169 1857 2086
5056 4 2 15 27 1890 2217 2049 2183
5057 4 2 15 27 1981 2130 2170 1787
5058 4 2 15 27 2034 2221 2178 1755
5059 4 2 15 27 2212 1852 1978 1713
5060 4 2 15 27 2092 2005 1767 1889
5061 4 2 15 27 1782 2013 1922 1729
5062 4 2 15 27 2047 1777 1774 2009
5063 4 2 15 27 2087 2170 2136 1787
5064 4 2 15 27 1830 2125 1728 2103
5065 4 2 15 27 2044 2166 1770 2222
5066 4 2 15 27 1774 2225 2047 2009
5067 4 2 15 27 2125 1789 1975 2031
5068 4 2 15 27 2140 2014 1710 1928
5069 4 2 15 27 1968 1868 1768 1889
5070 4 2 15 27 1983 1854 2078 1735
5071 4 2 15 27 2146 1734 1985 1833
5072 4 2 15 27 2176 2025 1936 1803
5073 4 2 15 27 1804 2027 1721 1971
5074 4 2 15 27 2045 1773 1853 1977
5075 4 2 15 27 2082 2200 1817 1934
5076 4 2 15 27 2224 2225 1774 2046
5077 4 2 15 27 1824 1987 1742 2098
5078 4 2 15 27 2224 2008 2183 1887
5079 4 2 15 27 1775 2183 2049 2216
5080 4 2 15 27 1828 2218 2062 2063
5081 4 2 15 27 2224 1887 1774 2047
5082 4 2 15 27 2033 2202 2228 1799
5083 4 2 15 27 1110 183 1083 2097
5084 4 2 15 27 1768 1968 1854 1708
5085 4 2 15 27 2190 1733 1983 1818
5086 4 2 15 27 184 1114 1793 1092
5087 4 2 15 27 1886 1849 2149 1965
5088 4 2 15 27 2116 1724 2135 1876
5089 4 2 15 27 2214 1863 2013 1782
5090 4 2 15 27 1108 1082 1844 1109
5091 4 2 15 27 2178 2046 2217 1837
5092 4 2 15 27 1876 2138 1780 1880
5093 4 2 15 27 1981 2218 2167 1920
5094 4 2 15 27 1083 183 177 2097
5095 4 2 15 27 1103 181 1864 1071
5096 4 2 15 27 1118 2155 181 1099
5097 4 2 15 27 2178 1837 1755 2221
5098 4 2 15 27 1793 184 1092 179
5099 4 2 15 27 1857 2077 2168 2011
5100 4 2 15 27 1105 1073 2058 1106
5101 4 2 15 27 2021 1900 1901 1827
5102 4 2 15 27 2122 1801 1961 1699
5103 4 2 15 27 1779 182 1074 175
5104 4 2 15 27 1107 1080 182 2055
5105 4 2 15 27 181 173 1864 1071
5106 4 2 15 27 1107 1108 1081 1797
5107 4 2 15 27 2016 1759 1823 1942
5108 4 2 15 27 2051 1973 1781 2206
5109 4 2 15 27 2075 1098 1117 1116
5110 4 2 15 27 1082 1110 2132 1109
5111 4 2 15 27 1765 1961 1849 2035
5112 4 2 15 27 2075 1980 1772 1743
5113 4 2 15 27 1112 1091 2133 1113
5114 4 2 15 27 1116 2154 1097 1115
5115 4 2 15 27 1765 1961 1699 1849
5116 4 2 15 27 2165 1725 2131 1892
5117 4 2 15 27 2203 1742 1967 2080
5118 4 2 15 27 1113 1091 1921 1114
5119 4 2 15 27 1104 1103 2101 1072
5120 4 2 15 27 1112 1111 2081 1090
5121 4 2 15 27 2187 2045 1853 1977
5122 4 2 15 27 1074 2058 1073 1106
5123 4 2 15 27 1098 1117 1118 2115
5124 4 2 15 27 2060 2189 2000 1701
5125 4 2 15 27 1769 1972 2194 1903
5126 4 2 15 27 1107 1081 1080 1797
5127 4 2 15 27 1082 1108 1844 1081
5128 4 2 15 27 1780 2010 1747 1927
5129 4 2 15 27 1751 1851 2015 2097
5130 4 2 15 27 2071 1848 1700 1960
5131 4 2 15 27 1705 1898 2061 2181
5132 4 2 15 27 1807 1806 2126 2220
5133 4 2 15 27 2130 2020 2170 1787
5134 4 2 15 27 2110 2031 1724 1789
5135 4 2 15 27 1817 2123 1910 1785
5136 4 2 15 27 2100 1942 1894 2016
5137 4 2 15 27 1091 1921 1114 1092
5138 4 2 15 27 1073 1104 1809 1072
5139 4 2 15 27 1098 2075 1097 1116
5140 4 2 15 27 2099 1894 2100 1745
5141 4 2 15 27 1091 1112 2133 1090
5142 4 2 15 27 2053 1795 2190 1818
5143 4 2 15 27 2146 1734 1833 1874
5144 4 2 15 27 2123 2033 2228 1799
5145 4 2 15 27 2111 1732 2112 1839
5146 4 2 15 27 2226 1840 2117 1755
5147 4 2 15 27 1992 2095 1861 2228
5148 4 2 15 27 2068 1875 1736 1798
5149 4 2 15 27 2215 2041 2171 1825
5150 4 2 15 27 1777 2048 1927 2010
5151 4 2 15 27 2062 2167 2218 1891
5152 4 2 15 27 2050 1915 1776 1909
5153 4 2 15 27 2092 2064 1860 1767
5154 4 2 15 27 1830 1820 2057 2103
5155 4 2 15 27 2034 2112 2226 1839
5156 4 2 15 27 2132 2114 1082 1109
5157 4 2 15 27 2016 1934 1759 1894
5158 4 2 15 27 1904 1845 1969 2107
5159 4 2 15 27 1105 1073 2124 2058
5160 4 2 15 27 1073 2032 1105 2124
5161 4 2 15 27 1096 1115 1826 2128
5162 4 2 15 27 2144 1081 1108 1797
5163 4 2 15 27 2147 2146 1749 1874
5164 4 2 15 27 2101 1904 1104 1072
5165 4 2 15 27 1080 1107 2142 2055
5166 4 2 15 27 2193 2091 1754 2192
5167 4 2 15 27 1988 2076 2172 1748
5168 4 2 15 27 1742 1784 1967 1707
5169 4 2 15 27 1711 2052 1784 1891
5170 4 2 15 27 1789 1975 1728 2125
5171 4 2 15 27 2146 2147 2073 1874
5172 4 2 15 27 2027 1721 1714 1804
5173 4 2 15 27 1891 2062 1784 1828
5174 4 2 15 27 2126 1980 2220 1806
5175 4 2 15 27 1968 2111 1926 1768
5176 4 2 15 27 1874 2073 1734 1873
5177 4 2 15 27 2174 2029 1708 1739
5178 4 2 15 27 2021 1900 1827 1719
5179 4 2 15 27 2092 2064 2177 1860
5180 4 2 15 27 1985 1828 2063 1833
5181 4 2 15 27 1864 1762 1941 2018
5182 4 2 15 27 1908 2157 1878 1734
5183 4 2 15 27 1967 2079 2080 1707
5184 4 2 15 27 1878 1734 2073 1873
5185 4 2 15 27 2053 1983 2079 1818
5186 4 2 15 27 2117 1859 1840 1756
5187 4 2 15 27 2151 2102 1762 2019
5188 4 2 15 27 2109 1997 2197 1906
5189 4 2 15 27 1742 2203 1997 2080
5190 4 2 15 27 1763 1911 2070 1938
5191 4 2 15 27 2125 1728 1789 1830
5192 4 2 15 27 2104 2209 2024 1703
5193 4 2 15 27 1836 1701 2189 2036
5194 4 2 15 27 1777 1774 1887 2047
5195 4 2 15 27 1855 1779 1796 2069
5196 4 2 15 27 2055 2061 2142 1800
5197 4 2 15 27 1763 1706 1959 1863
5198 4 2 15 27 1800 1705 1898 2061
5199 4 2 15 27 1815 1762 1816 2019
5200 4 2 15 27 2055 2061 1800 1898
5201 4 2 15 27 1791 1751 1851 2015
5202 4 2 15 27 1795 2053 1878 1818
5203 4 2 15 27 1882 2026 1834 2141
5204 4 2 15 27 1707 1967 1742 2080
5205 4 2 15 27 1822 1726 1989 2200
5206 4 2 15 27 1726 1989 1856 1822
5207 4 2 15 27 1989 2004 1726 1858
5208 4 2 15 27 1972 2133 2081 1769
5209 4 2 15 27 1969 2164 2085 1740
5210 4 2 15 27 1715 1879 1991 1942
5211 4 2 15 27 2103 2172 2057 1830
5212 4 2 15 27 1706 2013 1863 1782
5213 4 2 15 27 1865 1753 1919 1976
5214 4 2 15 27 1791 1924 1933 2186
5215 4 2 15 27 2125 1988 2172 1789
5216 4 2 15 27 1098 1754 1772 2115
5217 4 2 15 27 1754 1812 2192 2091
5218 4 2 15 27 2004 2003 2123 1785
5219 4 2 15 27 1987 1980 2126 1940
5220 4 2 15 27 1820 2057 1819 1830
5221 4 2 15 27 1965 1886 1849 1717
5222 4 2 15 27 1872 1803 1936 2025
5223 4 2 15 27 2035 1961 2199 1765
5224 4 2 15 27 1925 2027 2161 1993
5225 4 2 15 27 1993 1971 2094 1721
5226 4 2 15 27 1804 1721 1823 1971
5227 4 2 15 27 2001 2044 2166 1770
5228 4 2 15 27 2086 1858 1696 1727
5229 4 2 15 27 2146 2195 2087 1832
5230 4 2 15 27 2073 2053 2157 1878
5231 4 2 15 27 1983 2053 2190 1818
5232 4 2 15 27 2012 1982 2148 1722
5233 4 2 15 27 1979 1870 1931 2134
5234 4 2 15 27 1780 1880 2138 1927
5235 4 2 15 27 2092 2005 2064 1767
5236 4 2 15 27 2088 2107 1969 1845
5237 4 2 15 27 2102 2018 2151 1762
5238 4 2 15 27 2155 2091 2192 1812
5239 4 2 15 27 2220 2075 1743 1980
5240 4 2 15 27 2091 2115 2193 1754
5241 4 2 15 27 1700 1804 1848 2071
5242 4 2 15 27 1997 1957 2197 1906
5243 4 2 15 27 2060 2036 2189 1701
5244 4 2 15 27 1090 1761 1769 2133
5245 4 2 15 27 2093 1971 2016 1823
5246 4 2 15 27 1847 1701 2060 2000
5247 4 2 15 27 1980 2115 2075 1772
5248 4 2 15 27 1742 1824 1940 1987
5249 4 2 15 27 1980 1806 1940 1913
5250 4 2 15 27 1754 1813 1914 2017
5251 4 2 15 27 2115 1980 2160 1772
5252 4 2 15 27 2160 1980 1913 1772
5253 4 2 15 27 2164 2085 1740 1815
5254 4 2 15 27 2017 2160 2197 1914
5255 4 2 15 27 1997 1906 2203 1742
5256 4 2 15 27 2197 2017 1914 1813
5257 4 2 15 27 1708 1829 1835 2029
5258 4 2 15 27 1980 2109 2160 1913
5259 4 2 15 27 2197 2160 2109 1914
5260 4 2 15 27 1742 1940 1709 1987
5261 4 2 15 27 1967 2052 2062 1784
5262 4 2 15 27 2078 2029 2085 1829
5263 4 2 15 27 2078 1968 2029 1854
5264 4 2 15 27 2134 1931 1711 1870
5265 4 2 15 27 1987 2098 2203 1742
5266 4 2 15 27 2098 1987 2134 1824
5267 4 2 15 27 2137 1908 1707 1828
5268 4 2 15 27 1891 1712 2218 1828
5269 4 2 15 27 2062 2052 2167 1891
5270 4 2 15 27 1891 2167 2218 1920
5271 4 2 15 27 1985 2063 2146 1833
5272 4 2 15 27 2053 2079 2157 1878
5273 4 2 15 27 1712 2218 1981 1920
5274 4 2 15 27 2079 1967 2137 1707
5275 4 2 15 27 1828 1712 2218 2063
5276 4 2 15 27 1696 1722 1731 2148
5277 4 2 15 27 2218 2062 1891 1828
5278 4 2 15 27 1878 2079 1707 1818
5279 4 2 15 27 2146 1833 1832 1749
5280 4 2 15 27 2146 2022 2147 1749
5281 4 2 15 27 1985 2073 2157 1734
5282 4 2 15 27 1854 1968 1768 1733
5283 4 2 15 27 1926 2111 1732 1868
5284 4 2 15 27 2062 2063 2137 1828
5285 4 2 15 27 1828 1985 1734 1833
5286 4 2 15 27 2063 1828 1712 1833
5287 4 2 15 27 2195 2063 2218 1712
5288 4 2 15 27 2021 2022 2087 1719
5289 4 2 15 27 1749 2147 1874 1722
5290 4 2 15 27 2146 1833 1749 1874
5291 4 2 15 27 1905 2083 1871 1795
5292 4 2 15 27 1756 2012 1722 1939
5293 4 2 15 27 1840 1732 1984 1860
5294 4 2 15 27 2148 1982 2147 1722
5295 4 2 15 27 2009 1777 1774 1731
5296 4 2 15 27 1739 1845 1883 2088
5297 4 2 15 27 1889 1768 1968 1733
5298 4 2 15 27 1984 2117 2226 1840
5299 4 2 15 27 2111 1984 2112 1732
5300 4 2 15 27 1755 1839 1838 2034
5301 4 2 15 27 2038 1938 1884 2159
5302 4 2 15 27 1986 2174 1708 1738
5303 4 2 15 27 1732 2111 1926 1839
5304 4 2 15 27 2050 1958 2174 1869
5305 4 2 15 27 2049 1974 2217 1723
5306 4 2 15 27 2012 2064 2219 1939
5307 4 2 15 27 1755 2226 1839 2034
5308 4 2 15 27 2178 1837 1838 1755
5309 4 2 15 27 1968 1708 1926 1986
5310 4 2 15 27 2012 2117 2177 1756
5311 4 2 15 27 2117 1731 2009 1859
5312 4 2 15 27 1837 1755 2221 1731
5313 4 2 15 27 1877 1703 1897 2104
5314 4 2 15 27 1984 2092 2177 1860
5315 4 2 15 27 2069 182 1779 2055
5316 4 2 15 27 1722 1982 1873 1871
5317 4 2 15 27 2083 2005 2190 1905
5318 4 2 15 27 1939 1767 1860 2064
5319 4 2 15 27 2083 1982 2219 1871
5320 4 2 15 27 1968 2111 1986 1926
5321 4 2 15 27 2219 1939 1767 1871
5322 4 2 15 27 1968 1868 2111 1768
5323 4 2 15 27 1968 1983 2190 1733
5324 4 2 15 27 1873 1871 2083 1795
5325 4 2 15 27 1767 1889 2005 1905
5326 4 2 15 27 1860 2092 1767 1868
5327 4 2 15 27 1889 1767 2092 1868
5328 4 2 15 27 2029 1986 2174 1708
5329 4 2 15 27 2053 2083 2190 1795
5330 4 2 15 27 1968 1983 1733 1854
5331 4 2 15 27 2190 1795 1905 1733
5332 4 2 15 27 1733 2190 1795 1818
5333 4 2 15 27 2078 2080 1983 1735
5334 4 2 15 27 1854 1983 1818 1735
5335 4 2 15 27 1740 1835 1829 2085
5336 4 2 15 27 2019 2085 2164 1815
5337 4 2 15 27 1986 1708 1926 1738
5338 4 2 15 27 1708 1854 1829 2029
5339 4 2 15 27 1909 1704 1776 2050
5340 4 2 15 27 1973 2116 2135 1876
5341 4 2 15 27 1968 1986 2029 1708
5342 4 2 15 27 1968 2029 1854 1708
5343 4 2 15 27 1708 1968 1926 1768
5344 4 2 15 27 2032 2088 2108 1883
5345 4 2 15 27 2057 1970 2103 1820
5346 4 2 15 27 2108 2124 1741 2026
5347 4 2 15 27 1958 2088 2174 1739
5348 4 2 15 27 2088 2029 1739 1835
5349 4 2 15 27 1739 2029 1708 1835
5350 4 2 15 27 1863 1763 1897 1959
5351 4 2 15 27 1835 1739 2088 1845
5352 4 2 15 27 1697 2188 2198 1811
5353 4 2 15 27 1835 2085 1969 2029
5354 4 2 15 27 1968 1868 1889 2092
5355 4 2 15 27 2078 1997 2080 1735
5356 4 2 15 27 1735 1997 1906 1957
5357 4 2 15 27 1811 2192 1754 1941
5358 4 2 15 27 2192 1811 2193 2056
5359 4 2 15 27 2115 2193 1754 2017
5360 4 2 15 27 2017 2197 2198 1813
5361 4 2 15 27 2198 2017 1813 2193
5362 4 2 15 27 1742 1711 1824 2098
5363 4 2 15 27 2056 2188 1811 2198
5364 4 2 15 27 1762 1071 1816 2102
5365 4 2 15 27 2019 2188 2085 1815
5366 4 2 15 27 2188 2019 2151 1815
5367 4 2 15 27 2151 2056 2188 1811
5368 4 2 15 27 1729 1706 1782 2013
5369 4 2 15 27 1884 1705 1938 2038
5370 4 2 15 27 2018 1103 2155 1864
5371 4 2 15 27 1103 2155 1864 181
5372 4 2 15 27 1754 1812 1941 2192
5373 4 2 15 27 2019 2101 1816 2164
5374 4 2 15 27 2101 2102 2019 1816
5375 4 2 15 27 2101 2107 1104 1904
5376 4 2 15 27 1702 1886 1888 2153
5377 4 2 15 27 1108 1107 1998 1797
5378 4 2 15 27 1108 1998 2144 1797
5379 4 2 15 27 1751 177 1851 2097
5380 4 2 15 27 1735 1829 1854 2078
5381 4 2 15 27 2105 1975 2214 1794
5382 4 2 15 27 1750 1769 1903 1972
5383 4 2 15 27 2032 2108 2124 1741
5384 4 2 15 27 1963 2156 2069 1796
5385 4 2 15 27 1073 1074 1737 2058
5386 4 2 15 27 2150 2181 1963 1918
5387 4 2 15 27 2156 2061 2055 1898
5388 4 2 15 27 2144 2070 1999 1885
5389 4 2 15 27 2070 2159 1959 1763
5390 4 2 15 27 2070 1998 2227 1911
5391 4 2 15 27 2038 2150 2159 1884
5392 4 2 15 27 2181 2227 1705 2038
5393 4 2 15 27 2061 2181 2227 1705
5394 4 2 15 27 2156 2061 1898 2181
5395 4 2 15 27 1884 1918 2150 1778
5396 4 2 15 27 1706 2159 1763 1959
5397 4 2 15 27 1932 2223 1778 1881
5398 4 2 15 27 2150 2201 1778 1963
5399 4 2 15 27 1811 1697 1813 2198
5400 4 2 15 27 2150 2201 2223 1778
5401 4 2 15 27 2150 1963 1778 1918
5402 4 2 15 27 1999 2120 2121 1764
5403 4 2 15 27 2173 1778 1963 1796
5404 4 2 15 27 1778 2173 1834 1737
5405 4 2 15 27 2070 2104 1999 1897
5406 4 2 15 27 1834 1704 2141 1932
5407 4 2 15 27 1074 1779 1855 2069
5408 4 2 15 27 2070 1999 1885 1897
5409 4 2 15 27 2209 2104 1959 1703
5410 4 2 15 27 1898 1705 1918 2181
5411 4 2 15 27 1975 1794 1728 2209
5412 4 2 15 27 1741 1882 1883 2108
5413 4 2 15 27 1959 2013 2214 1863
5414 4 2 15 27 1814 1716 1846 1994
5415 4 2 15 27 2214 1794 1975 2209
5416 4 2 15 27 2165 1725 2084 2131
5417 4 2 15 27 2128 2060 2000 1847
5418 4 2 15 27 1885 1764 1897 1999
5419 4 2 15 27 1794 1728 2209 1703
5420 4 2 15 27 1843 1716 1929 2067
5421 4 2 15 27 1778 2173 1737 1796
5422 4 2 15 27 2110 2031 2116 1724
5423 4 2 15 27 1724 2110 1788 2116
5424 4 2 15 27 1975 1728 1794 1789
5425 4 2 15 27 1728 1820 1830 2103
5426 4 2 15 27 1975 2103 2209 1728
5427 4 2 15 27 2103 1975 2125 1728
5428 4 2 15 27 1789 2110 1788 1724
5429 4 2 15 27 1794 2105 1923 1782
5430 4 2 15 27 2106 2135 2105 1923
5431 4 2 15 27 2116 2031 2135 1724
5432 4 2 15 27 2110 2030 2077 1788
5433 4 2 15 27 2030 2110 2116 1788
5434 4 2 15 27 1777 2010 1927 1747
5435 4 2 15 27 2135 1724 1923 1876
5436 4 2 15 27 2116 1788 1724 1876
5437 4 2 15 27 2138 1973 1876 2116
5438 4 2 15 27 1880 1781 1876 1973
5439 4 2 15 27 1973 2138 1876 1880
5440 4 2 15 27 2206 1781 1880 1973
5441 4 2 15 27 2138 1973 2206 1880
5442 4 2 15 27 2106 2179 2051 1867
5443 4 2 15 27 2106 1867 1781 1922
5444 4 2 15 27 2047 2224 2225 1774
5445 4 2 15 27 2223 1966 1881 1932
5446 4 2 15 27 2051 1973 2106 1781
5447 4 2 15 27 1916 2179 1867 1937
5448 4 2 15 27 2051 2206 1781 1730
5449 4 2 15 27 1717 1702 1821 2006
5450 4 2 15 27 2013 2105 2214 1782
5451 4 2 15 27 1794 2214 2105 1782
5452 4 2 15 27 1729 2007 1916 1776
5453 4 2 15 27 2179 2007 2049 1916
5454 4 2 15 27 1882 2026 2141 2108
5455 4 2 15 27 1774 2225 2009 1731
5456 4 2 15 27 2050 1966 2141 1704
5457 4 2 15 27 2141 1966 2223 1932
5458 4 2 15 27 2226 1839 1840 1755
5459 4 2 15 27 1781 1867 2051 1730
5460 4 2 15 27 1956 2011 1696 2086
5461 4 2 15 27 2034 2117 2221 1755
5462 4 2 15 27 1706 1938 2159 1884
5463 4 2 15 27 2117 2034 2226 1755
5464 4 2 15 27 1838 2178 1755 2034
5465 4 2 15 27 2221 2117 1859 1755
5466 4 2 15 27 2117 2009 2221 1859
5467 4 2 15 27 1723 2049 1915 1890
5468 4 2 15 27 2046 2183 2217 1890
5469 4 2 15 27 2117 1731 1756 2012
5470 4 2 15 27 1837 2217 1723 1890
5471 4 2 15 27 1937 2051 1867 1730
5472 4 2 15 27 2196 2048 2206 1730
5473 4 2 15 27 2224 2196 2008 1887
5474 4 2 15 27 2046 1837 1774 1890
5475 4 2 15 27 1774 1887 2224 1890
5476 4 2 15 27 2183 1890 1887 1775
5477 4 2 15 27 1800 1797 1911 1998
5478 4 2 15 27 1890 2049 1915 1775
5479 4 2 15 27 1887 2008 1775 1937
5480 4 2 15 27 2008 2051 2179 1937
5481 4 2 15 27 2009 2010 2047 1777
5482 4 2 15 27 2051 2196 2206 1730
5483 4 2 15 27 2206 1880 1781 1730
5484 4 2 15 27 2009 2225 2221 1731
5485 4 2 15 27 1858 1696 1857 2086
5486 4 2 15 27 1731 2117 1756 1859
5487 4 2 15 27 1778 1796 1918 1963
5488 4 2 15 27 1777 2048 1730 1927
5489 4 2 15 27 2048 2010 2138 1927
5490 4 2 15 27 1881 1778 1884 2150
5491 4 2 15 27 1777 2048 2010 2047
5492 4 2 15 27 1788 2077 1862 1747
5493 4 2 15 27 2221 1755 1859 1731
5494 4 2 15 27 2047 2196 2224 1887
5495 4 2 15 27 2117 1731 2012 2009
5496 4 2 15 27 1756 1722 2012 1731
5497 4 2 15 27 1696 2010 1777 1747
5498 4 2 15 27 2223 1778 2201 1932
5499 4 2 15 27 1778 1834 2201 1932
5500 4 2 15 27 2141 1966 1932 1704
5501 4 2 15 27 2223 2150 1778 1881
5502 4 2 15 27 1723 1974 1838 1909
5503 4 2 15 27 2007 1966 2050 1776
5504 4 2 15 27 1966 2013 2159 1706
5505 4 2 15 27 1966 2007 2013 1729
5506 4 2 15 27 1966 1729 1706 1881
5507 4 2 15 27 1706 2013 1729 1966
5508 4 2 15 27 1966 1776 1729 1881
5509 4 2 15 27 1966 2150 2223 1881
5510 4 2 15 27 1881 1966 1776 1704
5511 4 2 15 27 2050 1966 1704 1776
5512 4 2 15 27 1738 2050 1869 1909
5513 4 2 15 27 1974 2050 1738 1909
5514 4 2 15 27 2173 1778 1834 2201
5515 4 2 15 27 1778 2173 1963 2201
5516 4 2 15 27 2174 2088 2029 1739
5517 4 2 15 27 2174 1739 1869 1958
5518 4 2 15 27 1834 2173 2026 1737
5519 4 2 15 27 2173 2124 2026 1737
5520 4 2 15 27 1885 1763 1911 2070
5521 4 2 15 27 2173 2058 2124 1737
5522 4 2 15 27 1797 1081 1885 2144
5523 4 2 15 27 1796 2173 2069 1963
5524 4 2 15 27 1763 1706 1938 2159
5525 4 2 15 27 1834 1704 1882 2141
5526 4 2 15 27 1869 1708 2174 1738
5527 4 2 15 27 1073 1741 2032 2124
5528 4 2 15 27 1794 1782 1863 2214
5529 4 2 15 27 1779 1800 1898 2055
5530 4 2 15 27 1697 1811 1815 2188
5531 4 2 15 27 1708 1739 1869 2174
5532 4 2 15 27 1792 1751 1933 2210
5533 4 2 15 27 1697 1735 1906 1957
5534 4 2 15 27 1845 1740 1904 1969
5535 4 2 15 27 1811 2193 1813 1754
5536 4 2 15 27 1073 1741 1809 2032
5537 4 2 15 27 1869 1704 1909 2050
5538 4 2 15 27 1740 1815 1816 2164
5539 4 2 15 27 1815 1816 2164 2019
5540 4 2 15 27 1815 1811 2151 2188
5541 4 2 15 27 1813 1906 1914 2197
5542 4 2 15 27 1740 1845 1835 1969
5543 4 2 15 27 1735 1742 1906 1997
5544 4 2 15 27 1737 1073 2058 2124
5545 4 2 15 27 1098 1743 2075 1772
5546 4 2 15 27 1806 1743 1913 1980
5547 4 2 15 27 1742 1735 2080 1997
5548 4 2 15 27 2213 1965 1886 2149
5549 4 2 15 27 1097 1098 1743 2075
5550 4 2 15 27 1913 1772 1914 2160
5551 4 2 15 27 1735 1707 1742 2080
5552 4 2 15 27 1083 1751 1792 2096
5553 4 2 15 27 1109 1108 2121 1844
5554 4 2 15 27 1972 1750 2081 2207
5555 4 2 15 27 1971 1993 2027 1721
5556 4 2 15 27 2081 2158 2207 1750
5557 4 2 15 27 1111 2015 2158 1851
5558 4 2 15 27 1761 1090 1091 2133
5559 4 2 15 27 2044 1978 2212 1852
5560 4 2 15 27 2028 2194 2161 1895
5561 4 2 15 27 1972 2027 2194 1903
5562 4 2 15 27 2202 2199 1841 1713
5563 4 2 15 27 2028 2161 2122 1801
5564 4 2 15 27 1895 1801 1925 2161
5565 4 2 15 27 1993 1961 2161 1925
5566 4 2 15 27 2145 2153 1888 1886
5567 4 2 15 27 1993 2095 2199 1841
5568 4 2 15 27 2074 1716 1757 1848
5569 4 2 15 27 1752 1814 1899 2113
5570 4 2 15 27 2072 2027 1972 1802
5571 4 2 15 27 1750 1090 1769 2081
5572 4 2 15 27 1802 1750 1903 2207
5573 4 2 15 27 1972 2207 1802 1903
5574 4 2 15 27 1903 1750 1972 2207
5575 4 2 15 27 1895 1769 2194 1903
5576 4 2 15 27 1714 1895 2194 1903
5577 4 2 15 27 2194 2027 1714 1903
5578 4 2 15 27 2011 1857 1696 2086
5579 4 2 15 27 2168 1857 2169 1746
5580 4 2 15 27 2089 2168 2169 1746
5581 4 2 15 27 2010 2011 2077 1747
5582 4 2 15 27 1857 1696 1747 2011
5583 4 2 15 27 1856 2169 1857 1746
5584 4 2 15 27 1848 1804 1715 2071
5585 4 2 15 27 2084 1970 2131 1725
5586 4 2 15 27 2004 1817 1726 1785
5587 4 2 15 27 2089 1989 2099 1822
5588 4 2 15 27 1989 2004 2200 1726
5589 4 2 15 27 2011 2169 2168 1857
5590 4 2 15 27 1771 2042 1718 1901
5591 4 2 15 27 1810 1822 1746 2089
5592 4 2 15 27 1728 2209 1703 1929
5593 4 2 15 27 1879 1757 1715 1991
5594 4 2 15 27 1971 2016 1823 1942
5595 4 2 15 27 1823 1721 2094 1971
5596 4 2 15 27 1971 1823 1804 1715
5597 4 2 15 27 1907 1758 2093 1823
5598 4 2 15 27 2074 1715 2071 1848
5599 4 2 15 27 1907 1934 2016 2082
5600 4 2 15 27 2099 1989 2200 1822
5601 4 2 15 27 1726 1822 1934 2200
5602 4 2 15 27 2004 1726 1858 1785
5603 4 2 15 27 2136 1719 2087 1787
5604 4 2 15 27 1910 1817 1907 2082
5605 4 2 15 27 2082 1992 2093 1758
5606 4 2 15 27 2004 2123 1817 1785
5607 4 2 15 27 1992 2082 2123 1910
5608 4 2 15 27 2123 2082 1817 1910
5609 4 2 15 27 1965 2145 2213 1886
5610 4 2 15 27 2094 1861 1721 1823
5611 4 2 15 27 1992 1758 1910 1799
5612 4 2 15 27 1785 2123 1910 1799
5613 4 2 15 27 1799 1992 1758 1861
5614 4 2 15 27 2093 1971 1823 2094
5615 4 2 15 27 2016 2082 2093 1907
5616 4 2 15 27 2074 1715 1757 1991
5617 4 2 15 27 2100 1942 1745 1894
5618 4 2 15 27 1991 1971 2071 1715
5619 4 2 15 27 1991 2016 1971 1942
5620 4 2 15 27 1894 2099 1822 1745
5621 4 2 15 27 2054 2099 2100 1745
5622 4 2 15 27 1810 1879 1745 2054
5623 4 2 15 27 2089 2054 2165 1810
5624 4 2 15 27 2089 1990 2168 1746
5625 4 2 15 27 1725 2165 1810 1892
5626 4 2 15 27 2103 1728 1820 1929
5627 4 2 15 27 1766 2077 1862 2076
5628 4 2 15 27 1896 2084 1879 1725
5629 4 2 15 27 1892 1725 2131 1819
5630 4 2 15 27 1896 1970 1725 1820
5631 4 2 15 27 1814 1899 2113 1846
5632 4 2 15 27 2057 2076 2131 1819
5633 4 2 15 27 2172 1789 1988 1748
5634 4 2 15 27 1789 2172 1830 1748
5635 4 2 15 27 1819 1748 2076 1766
5636 4 2 15 27 1990 2076 2168 1766
5637 4 2 15 27 1766 2077 2076 2168
5638 4 2 15 27 2168 1857 1746 1766
5639 4 2 15 27 1766 1892 1746 1990
5640 4 2 15 27 2103 2067 2209 1929
5641 4 2 15 27 2100 1942 2016 1991
5642 4 2 15 27 2084 1991 1757 1879
5643 4 2 15 27 2113 2204 1846 1899
5644 4 2 15 27 1994 2067 2074 1716
5645 4 2 15 27 1716 1757 1896 2074
5646 4 2 15 27 2191 2023 1924 2072
5647 4 2 15 27 1846 1994 2067 2204
5648 4 2 15 27 2191 1960 2072 1700
5649 4 2 15 27 1700 1790 1924 2191
5650 4 2 15 27 1994 2162 2113 1814
5651 4 2 15 27 2121 2120 1919 1764
5652 4 2 15 27 1846 2067 1716 1843
5653 4 2 15 27 1843 1753 1846 2204
5654 4 2 15 27 2067 2204 1843 1846
5655 4 2 15 27 1976 2204 1899 1753
5656 4 2 15 27 1753 1865 1899 1976
5657 4 2 15 27 2024 2120 2104 1877
5658 4 2 15 27 1877 1764 1919 2120
5659 4 2 15 27 1877 1919 1753 2120
5660 4 2 15 27 1703 2104 1877 2024
5661 4 2 15 27 1843 1703 1877 2024
5662 4 2 15 27 2024 2067 2204 1843
5663 4 2 15 27 1802 1700 1924 2072
5664 4 2 15 27 2072 1960 2071 1700
5665 4 2 15 27 1802 1714 1804 2027
5666 4 2 15 27 2191 2072 1924 1700
5667 4 2 15 27 2071 1960 2074 1848
5668 4 2 15 27 1814 1700 1848 1960
5669 4 2 15 27 1924 2059 1933 2186
5670 4 2 15 27 2186 2210 2059 1933
5671 4 2 15 27 1976 2114 2121 1865
5672 4 2 15 27 1790 1792 1933 2211
5673 4 2 15 27 2096 2132 2211 1792
5674 4 2 15 27 1924 1790 1933 2059
5675 4 2 15 27 1816 1072 1904 2101
5676 4 2 15 27 2015 2186 2158 1791
5677 4 2 15 27 2059 1995 2162 1790
5678 4 2 15 27 1995 2059 2211 1790
5679 4 2 15 27 2059 2210 2211 1933
5680 4 2 15 27 2059 1790 1933 2211
5681 4 2 15 27 1933 1792 2210 2211
5682 4 2 15 27 1790 1752 1792 1995
5683 4 2 15 27 1995 2114 2113 1752
5684 4 2 15 27 1792 2211 1995 2132
5685 4 2 15 27 1082 1752 1865 2114
5686 4 2 15 27 1844 1865 1919 2121
5687 4 2 15 27 2121 1976 1865 1919
5688 4 2 15 27 1752 1082 2132 2114
5689 4 2 15 27 1752 1792 1995 2132
5690 4 2 15 27 184 1114 2037 1793
5691 4 2 15 27 2065 1113 2066 1921
5692 4 2 15 27 1803 2066 1761 1921
5693 4 2 15 27 2066 2065 1921 2208
5694 4 2 15 27 2145 1964 2205 1786
5695 4 2 15 27 1752 1082 1792 2132
5696 4 2 15 27 2065 2068 1875 1736
5697 4 2 15 27 1114 2065 2068 1875
5698 4 2 15 27 1875 1736 1921 2065
5699 4 2 15 27 2163 1875 1798 1793
5700 4 2 15 27 1701 1836 1888 2036
5701 4 2 15 27 2037 2060 2128 1847
5702 4 2 15 27 1798 1793 1847 2163
5703 4 2 15 27 1702 1808 1902 1962
5704 4 2 15 27 2036 2060 2184 1701
5705 4 2 15 27 2036 2145 2153 1888
5706 4 2 15 27 1701 1826 1836 2189
5707 4 2 15 27 1807 1744 1866 2127
5708 4 2 15 27 1888 2036 1836 2152
5709 4 2 15 27 2152 2189 2036 1836
5710 4 2 15 27 1872 1786 1886 2213
5711 4 2 15 27 1711 1824 2134 1870
5712 4 2 15 27 1886 1786 1888 2145
5713 4 2 15 27 2006 2001 2118 1717
5714 4 2 15 27 1798 1786 1936 1964
5715 4 2 15 27 1798 1701 1917 2184
5716 4 2 15 27 1786 1888 2145 1917
5717 4 2 15 27 2205 2176 2025 1936
5718 4 2 15 27 2163 1875 2068 1798
5719 4 2 15 27 1786 1872 1936 2205
5720 4 2 15 27 2025 2213 2205 1872
5721 4 2 15 27 2065 2176 2068 1736
5722 4 2 15 27 1803 2066 1921 2208
5723 4 2 15 27 2205 1936 2025 1872
5724 4 2 15 27 1702 1821 2006 1902
5725 4 2 15 27 1699 1765 1801 1961
5726 4 2 15 27 2006 1962 2153 1702
5727 4 2 15 27 1801 1925 2161 1961
5728 4 2 15 27 1872 1803 2025 1930
5729 4 2 15 27 1803 1736 1936 2176
5730 4 2 15 27 2025 2208 1930 1803
5731 4 2 15 27 1803 2066 1930 1761
5732 4 2 15 27 2122 2161 1961 1801
5733 4 2 15 27 1801 2122 1930 1699
5734 4 2 15 27 1761 1801 1895 2028
5735 4 2 15 27 2161 2028 1895 1801
5736 4 2 15 27 2149 2213 2025 1872
5737 4 2 15 27 1872 2149 2213 1886
5738 4 2 15 27 1721 1993 1925 1841
5739 4 2 15 27 1765 1801 1961 1925
5740 4 2 15 27 2035 1965 2149 1849
5741 4 2 15 27 2035 1849 1765 1842
5742 4 2 15 27 2122 1961 2149 1699
5743 4 2 15 27 2205 1786 1872 2213
5744 4 2 15 27 2145 2205 2213 1786
5745 4 2 15 27 2145 1786 2213 1886
5746 4 2 15 27 1965 2145 1886 2153
5747 4 2 15 27 1699 1849 2149 1886
5748 4 2 15 27 1699 1872 1886 2149
5749 4 2 15 27 1702 1717 1886 1965
5750 4 2 15 27 1821 2006 2118 1717
5751 4 2 15 27 2118 1773 1821 1717
5752 4 2 15 27 1850 2044 1770 2222
5753 4 2 15 27 1773 1805 2045 1853
5754 4 2 15 27 1965 2001 2006 1717
5755 4 2 15 27 1842 2035 1849 1770
5756 4 2 15 27 1978 2035 2199 1842
5757 4 2 15 27 1841 2199 1765 1842
5758 4 2 15 27 2044 1770 1852 1850
5759 4 2 15 27 2166 1805 1770 2222
5760 4 2 15 27 2002 2045 2166 1805
5761 4 2 15 27 1850 1770 1805 2222
5762 4 2 15 27 1852 2212 1771 1713
5763 4 2 15 27 1805 1850 2002 1718
5764 4 2 15 27 2022 1956 2148 1696
5765 4 2 15 27 2175 2002 2222 1850
5766 4 2 15 27 1799 1785 2123 1825
5767 4 2 15 27 2002 2042 2185 1718
5768 4 2 15 27 2021 1727 2086 1827
5769 4 2 15 27 2212 2041 1771 1713
5770 4 2 15 27 1850 1852 2175 1771
5771 4 2 15 27 2212 2175 1852 1771
5772 4 2 15 27 2003 1858 2086 1727
5773 4 2 15 27 2171 1825 2041 1713
5774 4 2 15 27 1825 1771 2041 1713
5775 4 2 15 27 2003 2086 2021 1727
5776 4 2 15 27 1696 1749 2022 1719
5777 4 2 15 27 1825 1727 2003 1901
5778 4 2 15 27 2003 2041 2215 1825
5779 4 2 15 27 1696 2086 1727 1827
5780 4 2 15 27 2171 1978 2202 1713
5781 4 2 15 27 2041 2212 2171 1713
5782 4 2 15 27 1825 2171 2215 2033
5783 4 2 15 27 1842 1841 2199 1713
5784 4 2 15 27 2095 2199 1841 2202
5785 4 2 15 27 2199 2202 1978 1713
5786 4 2 15 27 1978 1842 2199 1713
5787 4 2 15 27 1799 2033 2202 1713
5788 4 2 15 27 2033 1799 1825 1713
5789 4 2 15 27 1825 2171 2033 1713
5790 4 2 15 27 1978 1852 1842 1713
5791 4 2 15 27 1841 1799 2202 1713
5792 4 2 15 27 2001 2035 2044 1770
5793 4 2 15 27 1727 1785 1825 2003
5794 4 2 15 27 2041 2042 2175 1771
5795 4 2 15 27 2042 2003 2021 1901
5796 4 2 15 27 1712 2195 1832 1787
5797 4 2 15 27 2043 2021 2143 1900
5798 4 2 15 27 1719 1832 2087 1787
5799 4 2 15 27 1831 1787 2020 1928
5800 4 2 15 27 2090 1783 1900 1831
5801 4 2 15 27 2129 2014 2130 1928
5802 4 2 15 27 1981 2195 2218 1712
5803 4 2 15 27 1787 1712 1981 1920
5804 4 2 15 27 2218 1712 1891 1920
5805 4 2 15 27 2021 2087 2136 1719
5806 4 2 15 27 2140 1831 2020 1928
5807 4 2 15 27 2119 2006 2118 1821
5808 4 2 15 27 2020 2090 2136 1831
5809 4 2 15 27 1900 2043 1718 1783
5810 4 2 15 27 1787 2136 1719 1831
5811 4 2 15 27 1900 1719 2136 1831
5812 4 2 15 27 1787 2020 2136 1831
5813 4 2 15 27 1783 2187 1853 1977
5814 4 2 15 27 1893 1783 1853 1977
5815 4 2 15 27 1853 1773 1893 1977
5816 4 2 15 27 1977 2118 2045 1773
5817 4 2 15 27 1821 1893 2119 1710
5818 4 2 15 27 1787 2130 2020 1928
5819 4 2 15 27 2129 1981 2167 1920
5820 4 2 15 27 2014 2119 2140 1710
5821 4 2 15 27 1710 2014 1912 1928
5822 4 2 15 27 1912 1931 1979 1720
5823 4 2 15 27 2014 1979 2139 1912
5824 4 2 15 27 1711 2052 1891 1760
5825 4 2 15 27 2130 2014 2140 1928
5826 4 2 15 27 1831 2140 1710 1928
5827 4 2 15 27 2052 1979 2129 1760
5828 4 2 15 27 1928 1920 2129 1760
5829 4 2 15 27 2098 2134 2052 1711
5830 4 2 15 27 1870 1698 2180 1720
5831 4 2 15 27 1979 1870 2180 1720
5832 4 2 15 27 1744 1808 1836 2040
5833 4 2 15 27 1870 1979 2180 2134
5834 4 2 15 27 1698 2180 1720 1902
5835 4 2 15 27 2139 2006 2119 1821
5836 4 2 15 27 1912 1821 1720 2139
5837 4 2 15 27 2153 1886 1965 1702
5838 4 2 15 27 1962 2006 2180 1902
5839 4 2 15 27 2153 1702 1808 1888
5840 4 2 15 27 1807 1698 1808 2182
5841 4 2 15 27 2152 1962 2182 1808
5842 4 2 15 27 2039 2182 1698 1996
5843 4 2 15 27 2152 2040 2189 1836
5844 4 2 15 27 2036 2153 2152 1888
5845 4 2 15 27 1836 1808 1888 2152
5846 4 2 15 27 1808 1962 2153 2152
5847 4 2 15 27 2074 1715 1848 1757
5848 4 2 15 27 2127 1996 2220 1807
5849 4 2 15 27 1754 1099 1812 2091
5850 4 2 15 27 1996 2182 1698 1807
5851 4 2 15 27 1807 1806 1935 2126
5852 4 2 15 27 1824 1940 1987 1935
5853 4 2 15 27 1806 2126 1940 1935
5854 4 2 15 27 1870 1698 1935 2039
5855 4 2 15 27 2180 2039 2182 1698
5856 4 2 15 27 2040 2127 2154 1744
5857 4 2 15 27 2220 2075 2127 1743
5858 4 2 15 27 1743 1806 2220 1980
5859 4 2 15 27 1115 2000 1826 2128
5860 4 2 15 27 1701 1826 2189 2000
5861 4 2 15 27 1826 1701 1847 2000
5862 4 2 15 27 1115 2000 2154 1826
5863 4 2 15 27 1096 1826 1847 2128
5864 4 2 15 27 2037 2060 1847 2163
5865 4 2 15 27 1741 1809 2032 1883
5866 4 2 15 27 1991 2074 2084 1757
5867 4 2 15 27 1934 1907 2016 1759
5868 4 2 15 27 2074 1970 2084 1896
5869 4 2 15 27 1792 1751 2210 2096
5870 4 2 15 27 2078 2029 1829 1854
5871 4 2 15 27 2043 2090 2187 1783
5872 4 2 15 27 2137 2063 1985 1828
5873 4 2 15 27 2050 1974 1738 1986
5874 4 2 15 27 1972 2027 1903 1802
5875 4 2 15 27 2022 1956 1696 2021
5876 4 2 15 27 2032 1104 2107 1809
5877 4 2 15 27 2029 2085 1829 1835
5878 4 2 15 27 2122 2025 2208 1930
5879 4 2 15 27 2066 2133 2028 1761
5880 4 2 15 27 1762 1815 2151 2019
5881 4 2 15 27 2172 2103 2125 1830
5882 4 2 15 27 2134 2039 2180 1870
5883 4 2 15 27 2098 2203 1742 1967
5884 4 2 15 27 1994 1846 2067 1716
5885 4 2 15 27 2191 2023 2186 1924
5886 4 2 15 27 2099 2016 2100 1894
5887 4 2 15 27 2082 2016 2200 1934
5888 4 2 15 27 2004 2082 2200 1817
5889 4 2 15 27 1978 2171 2212 1713
5890 4 2 15 27 2122 2208 2066 1930
5891 4 2 15 27 1811 1762 1815 2151
5892 4 2 15 27 2192 1811 1754 2193
5893 4 2 15 27 1754 1813 2017 2193
5894 4 2 15 27 1097 1744 1826 2154
5895 4 2 15 27 2125 2110 1988 1789
5896 4 2 15 27 1987 2126 1935 1940
5897 4 2 15 27 2120 1976 2121 1919
5898 4 2 15 27 1715 2074 2071 1991
5899 4 2 15 27 1971 1991 1942 1715
5900 4 2 15 27 1769 1750 2081 1972
5901 4 2 15 27 1808 1888 2152 2153
5902 4 2 15 27 2013 2159 1706 1959
5903 4 2 15 27 1959 2013 1863 1706
5904 4 2 15 27 1779 1080 1800 2055
5905 4 2 15 27 1743 1806 1807 2220
5906 4 2 15 27 1809 1845 1904 2107
5907 4 2 15 27 1968 2078 1983 1854
5908 4 2 15 27 2176 2205 1964 1936
5909 4 2 15 27 2162 1994 1960 1814
5910 4 2 15 27 1971 2027 2071 1804
5911 4 2 15 27 2110 2125 2031 1789
5912 4 2 15 27 2131 1990 2165 1892
5913 4 2 15 27 1997 2078 1957 1735
5914 4 2 15 27 177 1751 1083 2097
5915 4 2 15 27 2032 2108 1741 1883
5916 4 2 15 27 1924 1790 2059 2191
5917 4 2 15 27 2113 2204 1994 1846
5918 4 2 15 27 2204 1976 1899 2113
5919 4 2 15 27 2083 2073 1982 1873
5920 4 2 15 27 1763 1885 1897 2070
5921 4 2 15 27 2114 1995 2132 1752
5922 4 2 15 27 2097 2096 2210 1751
5923 4 2 15 27 2082 2004 2123 1817
5924 4 2 15 27 1979 2180 2139 1720
5925 4 2 15 27 1834 2173 2201 2026
5926 4 2 15 27 2004 1989 2086 1858
5927 4 2 15 27 2046 2183 1890 2224
5928 4 2 15 27 1869 1739 1882 1958
5929 4 2 15 27 2095 2094 1992 1861
5930 4 2 15 27 2126 1980 1806 1940
5931 4 2 15 27 1957 2188 2198 1697
5932 4 2 15 27 2209 2103 1929 1728
5933 4 2 15 27 2180 2039 1698 1870
5934 4 2 15 27 1791 1851 2158 2015
5935 4 2 15 27 1800 1080 2142 2055
5936 4 2 15 27 1812 1099 1864 2155
5937 4 2 15 27 1702 2153 1808 1962
5938 4 2 15 27 1792 1790 1995 2211
5939 4 2 15 27 1991 2084 2054 1879
5940 4 2 15 27 1847 1826 2000 2128
5941 4 2 15 27 2085 1835 1969 1740
5942 4 2 15 27 2029 2088 1969 1835
5943 4 2 15 27 1965 1702 2006 2153
5944 4 2 15 27 2084 1970 1725 1896
5945 4 2 15 27 1073 1737 1741 2124
5946 4 2 15 27 2009 2012 2148 1731
5947 4 2 15 27 2072 1972 2207 1802
5948 4 2 15 27 1974 2034 2178 1838
5949 4 2 15 27 1968 2005 2092 1889
5950 4 2 15 27 2044 2212 2175 1852
5951 4 2 15 27 2108 1958 2141 1882
5952 4 2 15 27 2074 2084 1757 1896
5953 4 2 15 27 1972 1769 2194 2133
5954 4 2 15 27 2090 2020 2140 1831
5955 4 2 15 27 1750 1791 1851 2158
5956 4 2 15 27 1964 2163 2068 1798
5957 4 2 15 27 2163 1964 2184 1798
5958 4 2 15 27 2015 1111 2097 1851
5959 4 2 15 27 1815 1740 1829 2085
5960 4 2 15 27 2126 2039 1987 1935
5961 4 2 15 27 2061 1998 2142 1800
5962 4 2 15 27 2204 1976 2120 1753
5963 4 2 15 27 2040 2152 2182 1808
5964 4 2 15 27 2042 2043 2185 1718
5965 4 2 15 27 2210 2097 1751 2015
5966 4 2 15 27 1968 2092 2111 1868
5967 4 2 15 27 2046 2178 2221 1837
5968 4 2 15 27 1969 2088 1845 1835
5969 4 2 15 27 2101 1969 2107 1904
5970 4 2 15 27 1793 1847 2163 2037
5971 4 2 15 27 2003 1858 2004 2086
5972 4 2 15 27 1921 1875 1114 1092
5973 4 2 15 27 1921 1114 1875 2065
5974 4 2 15 27 1933 1751 2015 2210
5975 4 2 15 27 2015 1751 1933 1791
5976 4 2 15 27 2015 2186 1933 2210
5977 4 2 15 27 1933 2186 2015 1791
5978 4 2 15 27 1916 1729 2179 2007
5979 4 2 15 27 1916 2179 1729 1867
5980 4 2 15 27 1722 2147 1873 1982
5981 4 2 15 27 1722 1873 2147 1874
5982 4 2 15 27 2073 1873 2147 1982
5983 4 2 15 27 2073 2147 1873 1874
5984 4 2 15 27 1718 1771 2002 2042
5985 4 2 15 27 1718 2002 1771 1850
5986 4 2 15 27 2175 2002 1771 2042
5987 4 2 15 27 2175 1771 2002 1850
5988 4 2 15 27 1754 1772 2017 1914
5989 4 2 15 27 1754 2017 1772 2115
5990 4 2 15 27 2160 2017 1772 1914
5991 4 2 15 27 2160 1772 2017 2115
5992 4 2 15 27 1738 2174 2050 1986
5993 4 2 15 27 1738 2050 2174 1869
5994 4 2 15 27 2011 2010 1696 1747
5995 4 2 15 27 1696 2010 2011 1956
5996 4 2 15 27 2146 1832 2022 1749
5997 4 2 15 27 2146 2022 1832 2087
5998 4 2 15 27 1719 2022 1832 1749
5999 4 2 15 27 1719 1832 2022 2087
6000 4 2 15 27 1770 2035 1717 2001
6001 4 2 15 27 1770 1717 2035 1849
6002 4 2 15 27 1965 1717 2035 2001
6003 4 2 15 27 1965 2035 1717 1849
6004 4 2 15 27 2010 1780 2138 1927
6005 4 2 15 27 2010 2138 1780 2030
6006 4 2 15 27 1957 1697 1813 1906
6007 4 2 15 27 1813 1697 1957 2198
6008 4 2 15 27 1813 2197 1957 1906
6009 4 2 15 27 1957 2197 1813 2198
6010 4 2 15 27 1900 2090 2043 1783
6011 4 2 15 27 2043 2090 1900 2143
6012 4 2 15 27 1819 1820 2131 2057
6013 4 2 15 27 1819 2131 1820 1725
6014 4 2 15 27 1970 2131 1820 2057
6015 4 2 15 27 1970 1820 2131 1725
6016 4 2 15 27 1721 1841 2095 1993
6017 4 2 15 27 2095 1841 1721 1861
6018 4 2 15 27 2095 2094 1721 1993
6019 4 2 15 27 1721 2094 2095 1861
6020 4 2 15 27 2025 1872 1699 2149
6021 4 2 15 27 1699 1872 2025 1930
6022 4 2 15 27 1699 2122 2025 2149
6023 4 2 15 27 2025 2122 1699 1930
6024 4 2 15 27 2097 2096 1083 1110
6025 4 2 15 27 2097 1083 2096 1751
6026 4 2 15 27 1959 1703 1897 1863
6027 4 2 15 27 1897 1703 1959 2104
6028 4 2 15 27 1832 1712 2063 2195
6029 4 2 15 27 2063 1712 1832 1833
6030 4 2 15 27 2063 2146 1832 2195
6031 4 2 15 27 1832 2146 2063 1833
6032 4 2 15 27 1795 1878 2083 1873
6033 4 2 15 27 1795 2083 1878 2053
6034 4 2 15 27 2073 2083 1878 1873
6035 4 2 15 27 2073 1878 2083 2053
6036 4 2 15 27 2201 2026 1932 1834
6037 4 2 15 27 2201 1932 2026 2223
6038 4 2 15 27 2141 1932 2026 1834
6039 4 2 15 27 2141 2026 1932 2223
6040 4 2 15 27 2010 1731 2009 2148
6041 4 2 15 27 2009 1731 2010 1777
6042 4 2 15 27 1711 1742 1967 2098
6043 4 2 15 27 1967 1742 1711 1784
6044 4 2 15 27 1967 2052 1711 2098
6045 4 2 15 27 1711 2052 1967 1784
6046 4 2 15 27 1730 2206 1927 2048
6047 4 2 15 27 1730 1927 2206 1880
6048 4 2 15 27 2138 1927 2206 2048
6049 4 2 15 27 2138 2206 1927 1880
6050 4 2 15 27 1825 1771 2003 2041
6051 4 2 15 27 1825 2003 1771 1901
6052 4 2 15 27 2042 2003 1771 2041
6053 4 2 15 27 2042 1771 2003 1901
6054 4 2 15 27 1734 2146 2073 1874
6055 4 2 15 27 1734 2073 2146 1985
6056 4 2 15 27 1788 2030 1876 2116
6057 4 2 15 27 1788 1876 2030 1780
6058 4 2 15 27 2138 1876 2030 2116
6059 4 2 15 27 2138 2030 1876 1780
6060 4 2 15 27 2112 1984 1839 1732
6061 4 2 15 27 2112 1839 1984 2226
6062 4 2 15 27 1840 1839 1984 1732
6063 4 2 15 27 1840 1984 1839 2226
6064 4 2 15 27 1775 1916 2049 1915
6065 4 2 15 27 2219 2012 1871 1982
6066 4 2 15 27 2219 1871 2012 1939
6067 4 2 15 27 1722 1871 2012 1982
6068 4 2 15 27 1722 2012 1871 1939
6069 4 2 15 27 1987 2134 1935 2039
6070 4 2 15 27 1987 1935 2134 1824
6071 4 2 15 27 1870 1935 2134 2039
6072 4 2 15 27 1870 2134 1935 1824
6073 4 2 15 27 2074 1716 1814 1994
6074 4 2 15 27 1814 1716 2074 1848
6075 4 2 15 27 1814 1960 2074 1994
6076 4 2 15 27 2074 1960 1814 1848
6077 4 2 15 27 1746 2089 2165 1810
6078 4 2 15 27 2165 2089 1746 1990
6079 4 2 15 27 2165 1892 1746 1810
6080 4 2 15 27 1746 1892 2165 1990
6081 4 2 15 27 1701 1888 2184 2036
6082 4 2 15 27 1701 2184 1888 1917
6083 4 2 15 27 2145 2184 1888 2036
6084 4 2 15 27 2145 1888 2184 1917
6085 4 2 15 27 2035 1770 1978 2044
6086 4 2 15 27 2035 1978 1770 1842
6087 4 2 15 27 1852 1978 1770 2044
6088 4 2 15 27 1852 1770 1978 1842
6089 4 2 15 27 1819 1766 1990 1892
6090 4 2 15 27 1990 1766 1819 2076
6091 4 2 15 27 1990 2131 1819 1892
6092 4 2 15 27 1819 2131 1990 2076
6093 4 2 15 27 1735 1707 1983 1818
6094 4 2 15 27 1735 1983 1707 2080
6095 4 2 15 27 2079 1983 1707 1818
6096 4 2 15 27 2079 1707 1983 2080
6097 4 2 15 27 2194 2028 1769 1895
6098 4 2 15 27 2194 1769 2028 2133
6099 4 2 15 27 1761 1769 2028 1895
6100 4 2 15 27 1761 2028 1769 2133
6101 4 2 15 27 2087 2195 1787 1832
6102 4 2 15 27 2087 1787 2195 2170
6103 4 2 15 27 1793 1096 184 179
6104 4 2 15 27 2129 1981 1928 2130
6105 4 2 15 27 2129 1928 1981 1920
6106 4 2 15 27 1787 1928 1981 2130
6107 4 2 15 27 1787 1981 1928 1920
6108 4 2 15 27 2111 1984 1868 2092
6109 4 2 15 27 2111 1868 1984 1732
6110 4 2 15 27 1860 1868 1984 2092
6111 4 2 15 27 1860 1984 1868 1732
6112 4 2 15 27 1823 2093 1861 1758
6113 4 2 15 27 1823 1861 2093 2094
6114 4 2 15 27 1992 1861 2093 1758
6115 4 2 15 27 1992 2093 1861 2094
6116 4 2 15 27 2185 2187 1783 2043
6117 4 2 15 27 1783 2187 2185 1853
6118 4 2 15 27 1783 1718 2185 2043
6119 4 2 15 27 2185 1718 1783 1853
6120 4 2 15 27 1901 1718 2043 2042
6121 4 2 15 27 2043 1718 1901 1900
6122 4 2 15 27 2043 2021 1901 2042
6123 4 2 15 27 1901 2021 2043 1900
6124 4 2 15 27 2050 1915 1974 2049
6125 4 2 15 27 2050 1974 1915 1909
6126 4 2 15 27 1723 1974 1915 2049
6127 4 2 15 27 1723 1915 1974 1909
6128 4 2 15 27 2199 1841 1925 1993
6129 4 2 15 27 1925 1841 2199 1765
6130 4 2 15 27 1925 1961 2199 1993
6131 4 2 15 27 2199 1961 1925 1765
6132 4 2 15 27 2089 2099 1810 1822
6133 4 2 15 27 2089 1810 2099 2054
6134 4 2 15 27 1745 1810 2099 1822
6135 4 2 15 27 1745 2099 1810 2054
6136 4 2 15 27 2051 2008 1730 1937
6137 4 2 15 27 2051 1730 2008 2196
6138 4 2 15 27 1887 1730 2008 1937
6139 4 2 15 27 1887 2008 1730 2196
6140 4 2 15 27 1831 1783 1977 2090
6141 4 2 15 27 1977 1783 1831 1893
6142 4 2 15 27 1977 2140 1831 2090
6143 4 2 15 27 1925 1721 2027 1993
6144 4 2 15 27 2027 1721 1925 1714
6145 4 2 15 27 1980 1913 1709 2109
6146 4 2 15 27 1709 1913 1980 1940
6147 4 2 15 27 1709 1987 1980 2109
6148 4 2 15 27 1980 1987 1709 1940
6149 4 2 15 27 2083 1871 2005 1905
6150 4 2 15 27 2083 2005 1871 2219
6151 4 2 15 27 1767 2005 1871 1905
6152 4 2 15 27 1767 1871 2005 2219
6153 4 2 15 27 2038 1705 1911 2227
6154 4 2 15 27 1911 1705 2038 1938
6155 4 2 15 27 1911 2070 2038 2227
6156 4 2 15 27 2038 2070 1911 1938
6157 4 2 15 27 1979 2129 1912 2014
6158 4 2 15 27 1979 1912 2129 1760
6159 4 2 15 27 1928 1912 2129 2014
6160 4 2 15 27 1928 2129 1912 1760
6161 4 2 15 27 2064 2012 1756 1939
6162 4 2 15 27 1756 2012 2064 2177
6163 4 2 15 27 1756 1860 2064 1939
6164 4 2 15 27 2064 1860 1756 2177
6165 4 2 15 27 1974 2217 1838 2178
6166 4 2 15 27 1974 1838 2217 1723
6167 4 2 15 27 1837 1838 2217 2178
6168 4 2 15 27 1837 2217 1838 1723
6169 4 2 15 27 1836 2040 1826 1744
6170 4 2 15 27 2154 1826 2040 1744
6171 4 2 15 27 2154 2040 1826 2000
6172 4 2 15 27 1858 1785 2003 2004
6173 4 2 15 27 1858 2003 1785 1727
6174 4 2 15 27 2193 2198 1811 1813
6175 4 2 15 27 2193 1811 2198 2056
6176 4 2 15 27 1966 1706 2150 1881
6177 4 2 15 27 1966 2150 1706 2159
6178 4 2 15 27 1884 2150 1706 1881
6179 4 2 15 27 1884 1706 2150 2159
6180 4 2 15 27 1108 1999 1081 2144
6181 4 2 15 27 1885 1081 1999 2144
6182 4 2 15 27 1885 1999 1081 1764
6183 4 2 15 27 2158 1750 1924 2023
6184 4 2 15 27 1924 1750 2158 1791
6185 4 2 15 27 1924 2186 2158 2023
6186 4 2 15 27 2158 2186 1924 1791
6187 4 2 15 27 2062 1967 1828 2137
6188 4 2 15 27 2062 1828 1967 1784
6189 4 2 15 27 1707 1828 1967 2137
6190 4 2 15 27 1707 1967 1828 1784
6191 4 2 15 27 1744 2127 1097 1866
6192 4 2 15 27 1744 1097 2127 2154
6193 4 2 15 27 1116 1097 2127 1866
6194 4 2 15 27 1116 2127 1097 2154
6195 4 2 15 27 1906 2109 1914 2197
6196 4 2 15 27 1906 1914 2109 1709
6197 4 2 15 27 2022 1696 1722 1749
6198 4 2 15 27 1722 1696 2022 2148
6199 4 2 15 27 1722 2147 2022 1749
6200 4 2 15 27 2022 2147 1722 2148
6201 4 2 15 27 1799 1992 2123 1910
6202 4 2 15 27 1799 2123 1992 2228
6203 4 2 15 27 1739 2088 1882 1958
6204 4 2 15 27 1739 1882 2088 1883
6205 4 2 15 27 2108 1882 2088 1958
6206 4 2 15 27 2108 2088 1882 1883
6207 4 2 15 27 2106 1973 1923 1781
6208 4 2 15 27 2106 1923 1973 2135
6209 4 2 15 27 1876 1923 1973 1781
6210 4 2 15 27 1876 1973 1923 2135
6211 4 2 15 27 1703 2209 2067 1929
6212 4 2 15 27 2067 2209 1703 2024
6213 4 2 15 27 2067 1843 1703 1929
6214 4 2 15 27 1703 1843 2067 2024
6215 4 2 15 27 1780 1788 2077 2030
6216 4 2 15 27 2077 1788 1780 1747
6217 4 2 15 27 2077 2010 1780 2030
6218 4 2 15 27 1780 2010 2077 1747
6219 4 2 15 27 1906 2203 2109 1997
6220 4 2 15 27 1879 1725 2165 1810
6221 4 2 15 27 2165 1725 1879 2084
6222 4 2 15 27 2165 2054 1879 1810
6223 4 2 15 27 1879 2054 2165 2084
6224 4 2 15 27 2090 2136 1900 2143
6225 4 2 15 27 2090 1900 2136 1831
6226 4 2 15 27 1822 1989 1746 2089
6227 4 2 15 27 1822 1746 1989 1856
6228 4 2 15 27 2169 1746 1989 2089
6229 4 2 15 27 2169 1989 1746 1856
6230 4 2 15 27 2120 2104 1764 1999
6231 4 2 15 27 2120 1764 2104 1877
6232 4 2 15 27 1897 1764 2104 1999
6233 4 2 15 27 1897 2104 1764 1877
6234 4 2 15 27 1878 2157 1707 2079
6235 4 2 15 27 1878 1707 2157 1908
6236 4 2 15 27 2137 1707 2157 2079
6237 4 2 15 27 2137 2157 1707 1908
6238 4 2 15 27 2151 1811 2192 2056
6239 4 2 15 27 2021 1696 1719 1827
6240 4 2 15 27 2021 1719 1696 2022
6241 4 2 15 27 2016 1823 1907 2093
6242 4 2 15 27 1907 1823 2016 1759
6243 4 2 15 27 1987 1742 2109 1709
6244 4 2 15 27 1987 2109 1742 2203
6245 4 2 15 27 1906 2109 1742 1709
6246 4 2 15 27 1906 1742 2109 2203
6247 4 2 15 27 1869 1882 2141 1958
6248 4 2 15 27 2141 1882 1869 1704
6249 4 2 15 27 2141 2050 1869 1958
6250 4 2 15 27 1869 2050 2141 1704
6251 4 2 15 27 2137 1828 1734 1908
6252 4 2 15 27 1734 1828 2137 1985
6253 4 2 15 27 1734 2157 2137 1908
6254 4 2 15 27 2137 2157 1734 1985
6255 4 2 15 27 2077 1747 1857 1862
6256 4 2 15 27 1857 1747 2077 2011
6257 4 2 15 27 1968 2190 1889 1733
6258 4 2 15 27 1968 1889 2190 2005
6259 4 2 15 27 1905 1889 2190 1733
6260 4 2 15 27 1905 2190 1889 2005
6261 4 2 15 27 2175 2044 1850 2222
6262 4 2 15 27 2175 1850 2044 1852
6263 4 2 15 27 2014 1710 2139 2119
6264 4 2 15 27 2014 2139 1710 1912
6265 4 2 15 27 1821 2139 1710 2119
6266 4 2 15 27 1821 1710 2139 1912
6267 4 2 15 27 1974 1839 1838 1738
6268 4 2 15 27 1839 1986 1974 2112
6269 4 2 15 27 1974 1986 1839 1738
6270 4 2 15 27 1986 1926 1839 1738
6271 4 2 15 27 2006 2180 1821 2139
6272 4 2 15 27 2006 1821 2180 1902
6273 4 2 15 27 1720 1821 2180 2139
6274 4 2 15 27 1720 2180 1821 1902
6275 4 2 15 27 1696 2086 2021 1956
6276 4 2 15 27 1696 2021 2086 1827
6277 4 2 15 27 1867 1922 2179 1729
6278 4 2 15 27 1867 2179 1922 2106
6279 4 2 15 27 2179 1922 2007 1729
6280 4 2 15 27 2179 2007 1922 2106
6281 4 2 15 27 2007 1922 2013 1729
6282 4 2 15 27 2007 2013 1922 2106
6283 4 2 15 27 183 177 1851 1089
6284 4 2 15 27 1851 177 183 2097
6285 4 2 15 27 1851 1111 183 1089
6286 4 2 15 27 183 1111 1851 2097
6287 4 2 15 27 1748 1830 2076 2172
6288 4 2 15 27 1748 2076 1830 1819
6289 4 2 15 27 2057 2076 1830 2172
6290 4 2 15 27 2057 1830 2076 1819
6291 4 2 15 27 1898 1796 2069 2156
6292 4 2 15 27 2069 1796 1898 1779
6293 4 2 15 27 2069 2055 1898 2156
6294 4 2 15 27 1898 2055 2069 1779
6295 4 2 15 27 1936 2176 1798 1964
6296 4 2 15 27 1936 1798 2176 1736
6297 4 2 15 27 2068 1798 2176 1964
6298 4 2 15 27 2068 2176 1798 1736
6299 4 2 15 27 2189 2040 1826 1836
6300 4 2 15 27 1826 2040 2189 2000
6301 4 2 15 27 2091 1118 1754 1099
6302 4 2 15 27 2091 1754 1118 2115
6303 4 2 15 27 1098 1754 1118 1099
6304 4 2 15 27 1098 1118 1754 2115
6305 4 2 15 27 1074 182 2069 1106
6306 4 2 15 27 1074 2069 182 1779
6307 4 2 15 27 2117 1984 1860 1840
6308 4 2 15 27 1860 1984 2117 2177
6309 4 2 15 27 1860 1756 2117 1840
6310 4 2 15 27 2117 1756 1860 2177
6311 4 2 15 27 1961 1849 2149 1699
6312 4 2 15 27 1961 2149 1849 2035
6313 4 2 15 27 181 1099 1864 173
6314 4 2 15 27 1864 1099 181 2155
6315 4 2 15 27 2077 1857 1766 1862
6316 4 2 15 27 1766 1857 2077 2168
6317 4 2 15 27 1072 1103 1816 1071
6318 4 2 15 27 1072 1816 1103 2101
6319 4 2 15 27 2102 1816 1103 1071
6320 4 2 15 27 2102 1103 1816 2101
6321 4 2 15 27 1104 1073 2032 1105
6322 4 2 15 27 1104 2032 1073 1809
6323 4 2 15 27 1080 182 1779 175
6324 4 2 15 27 1080 1779 182 2055
6325 4 2 15 27 1736 2065 1803 1921
6326 4 2 15 27 1736 1803 2065 2176
6327 4 2 15 27 2208 1803 2065 1921
6328 4 2 15 27 2208 2065 1803 2176
6329 4 2 15 27 2034 1839 1974 2112
6330 4 2 15 27 2034 1974 1839 1838
6331 4 2 15 27 2045 1805 2185 1853
6332 4 2 15 27 2045 2185 1805 2002
6333 4 2 15 27 1718 2185 1805 1853
6334 4 2 15 27 1718 1805 2185 2002
6335 4 2 15 27 1963 1796 2181 2156
6336 4 2 15 27 1963 2181 1796 1918
6337 4 2 15 27 1898 2181 1796 2156
6338 4 2 15 27 1898 1796 2181 1918
6339 4 2 15 27 1913 2109 1914 1709
6340 4 2 15 27 1914 2109 1913 2160
6341 4 2 15 27 1865 1976 2113 1899
6342 4 2 15 27 2113 1976 1865 2114
6343 4 2 15 27 2113 1752 1865 1899
6344 4 2 15 27 1865 1752 2113 2114
6345 4 2 15 27 1895 2194 1925 1714
6346 4 2 15 27 1895 1925 2194 2161
6347 4 2 15 27 2027 1925 2194 1714
6348 4 2 15 27 2027 2194 1925 2161
6349 4 2 15 27 1920 2129 1891 2167
6350 4 2 15 27 1920 1891 2129 1760
6351 4 2 15 27 2052 1891 2129 2167
6352 4 2 15 27 2052 2129 1891 1760
6353 4 2 15 27 1082 1110 1792 2132
6354 4 2 15 27 1082 1792 1110 1083
6355 4 2 15 27 2096 1792 1110 2132
6356 4 2 15 27 2096 1110 1792 1083
6357 4 2 15 27 1097 1115 1826 1096
6358 4 2 15 27 1826 1115 1097 2154
6359 4 2 15 27 1839 2111 1986 2112
6360 4 2 15 27 1839 1986 2111 1926
6361 4 2 15 27 2158 1111 1750 2081
6362 4 2 15 27 1090 1750 1111 2081
6363 4 2 15 27 1090 1111 1750 1089
6364 4 2 15 27 2127 1807 1743 1866
6365 4 2 15 27 1743 1807 2127 2220
6366 4 2 15 27 1741 2026 1882 2108
6367 4 2 15 27 1741 1882 2026 1834
6368 4 2 15 27 2127 1116 1743 2075
6369 4 2 15 27 2127 1743 1116 1866
6370 4 2 15 27 1097 1743 1116 2075
6371 4 2 15 27 1097 1116 1743 1866
6372 4 2 15 27 1825 2003 2123 2215
6373 4 2 15 27 1825 2123 2003 1785
6374 4 2 15 27 1107 1080 1998 1797
6375 4 2 15 27 1107 1998 1080 2142
6376 4 2 15 27 1800 1998 1080 1797
6377 4 2 15 27 1800 1080 1998 2142
6378 4 2 15 27 1793 1114 1875 1092
6379 4 2 15 27 2058 1074 2069 1106
6380 4 2 15 27 1104 1809 1904 2107
6381 4 2 15 27 1104 1904 1809 1072
6382 4 2 15 27 1111 1851 1750 1089
6383 4 2 15 27 1750 1851 1111 2158
6384 4 2 15 27 1921 1113 1761 1091
6385 4 2 15 27 1921 1761 1113 2066
6386 4 2 15 27 2133 1761 1113 1091
6387 4 2 15 27 2133 1113 1761 2066
6388 4 2 15 27 1098 2075 2115 1772
6389 4 2 15 27 2115 2075 1098 1117
6390 4 2 15 27 2114 1082 2121 1865
6391 4 2 15 27 2114 2121 1082 1109
6392 4 2 15 27 1844 2121 1082 1865
6393 4 2 15 27 1844 1082 2121 1109
6394 4 2 15 27 2081 1090 2133 1112
6395 4 2 15 27 2133 1090 2081 1769
6396 4 2 15 27 1071 1103 1762 1864
6397 4 2 15 27 1071 1762 1103 2102
6398 4 2 15 27 2018 1762 1103 1864
6399 4 2 15 27 2018 1103 1762 2102
6400 4 2 15 27 1099 2091 2155 1812
6401 4 2 15 27 1099 2155 2091 1118
6402 4 2 15 27 2050 2007 1915 2049
6403 4 2 15 27 2050 1915 2007 1776
6404 4 2 15 27 1916 1915 2007 2049
6405 4 2 15 27 1916 2007 1915 1776
6406 4 2 15 27 1962 1808 1698 2182
6407 4 2 15 27 1698 1808 1962 1902
6408 4 2 15 27 1698 2180 1962 2182
6409 4 2 15 27 1962 2180 1698 1902
6410 4 2 15 27 1864 1941 2155 2018
6411 4 2 15 27 1864 2155 1941 1812
6412 4 2 15 27 2192 2155 1941 2018
6413 4 2 15 27 2192 1941 2155 1812
6414 4 2 15 27 2086 1989 1856 1858
6415 4 2 15 27 1856 1989 2086 2169
6416 4 2 15 27 1856 1857 2086 1858
6417 4 2 15 27 2086 1857 1856 2169
6418 4 2 15 27 2060 2184 1798 2163
6419 4 2 15 27 1798 2184 2060 1701
6420 4 2 15 27 1798 1847 2060 2163
6421 4 2 15 27 2060 1847 1798 1701
6422 4 2 15 27 2134 2052 1931 1979
6423 4 2 15 27 2134 1931 2052 1711
6424 4 2 15 27 1760 1931 2052 1979
6425 4 2 15 27 1760 2052 1931 1711
6426 4 2 15 27 2136 2021 1900 2143
6427 4 2 15 27 2136 1900 2021 1719
6428 4 2 15 27 1762 1811 2018 2151
6429 4 2 15 27 1762 2018 1811 1941
6430 4 2 15 27 2192 2018 1811 2151
6431 4 2 15 27 2192 1811 2018 1941
6432 4 2 15 27 2013 1922 2105 1782
6433 4 2 15 27 2013 2105 1922 2106
6434 4 2 15 27 1923 2105 1922 1782
6435 4 2 15 27 1923 1922 2105 2106
6436 4 2 15 27 2027 2071 1802 2072
6437 4 2 15 27 2027 1802 2071 1804
6438 4 2 15 27 1700 1802 2071 2072
6439 4 2 15 27 1700 2071 1802 1804
6440 4 2 15 27 1959 1897 2070 1763
6441 4 2 15 27 1959 2070 1897 2104
6442 4 2 15 27 2016 1934 2099 2200
6443 4 2 15 27 2016 2099 1934 1894
6444 4 2 15 27 1822 2099 1934 2200
6445 4 2 15 27 1822 1934 2099 1894
6446 4 2 15 27 1837 1731 2225 1774
6447 4 2 15 27 2225 1731 1837 2221
6448 4 2 15 27 2225 2046 1837 1774
6449 4 2 15 27 1837 2046 2225 2221
6450 4 2 15 27 1741 1737 2026 2124
6451 4 2 15 27 1741 2026 1737 1834
6452 4 2 15 27 1969 1740 2101 2164
6453 4 2 15 27 1969 2101 1740 1904
6454 4 2 15 27 1816 2101 1740 2164
6455 4 2 15 27 1816 1740 2101 1904
6456 4 2 15 27 2188 1815 1829 2085
6457 4 2 15 27 2188 1829 1815 1697
6458 4 2 15 27 2078 1957 1829 2085
6459 4 2 15 27 1957 2188 1829 2085
6460 4 2 15 27 1957 1829 2188 1697
6461 4 2 15 27 2159 1938 2070 2038
6462 4 2 15 27 2159 2070 1938 1763
6463 4 2 15 27 1705 2227 1800 1911
6464 4 2 15 27 1705 1800 2227 2061
6465 4 2 15 27 1998 1800 2227 1911
6466 4 2 15 27 1998 2227 1800 2061
6467 4 2 15 27 2173 1737 2069 2058
6468 4 2 15 27 1074 2069 1737 2058
6469 4 2 15 27 1074 1737 2069 1855
6470 4 2 15 27 1705 2038 1918 2181
6471 4 2 15 27 1705 1918 2038 1884
6472 4 2 15 27 2150 1918 2038 2181
6473 4 2 15 27 2150 2038 1918 1884
6474 4 2 15 27 2209 1794 1863 2214
6475 4 2 15 27 1863 1794 2209 1703
6476 4 2 15 27 1863 1959 2209 2214
6477 4 2 15 27 2209 1959 1863 1703
6478 4 2 15 27 2031 1794 1975 2105
6479 4 2 15 27 2135 1923 2031 2105
6480 4 2 15 27 2135 2031 1923 1724
6481 4 2 15 27 1923 1794 2031 2105
6482 4 2 15 27 1923 2031 1794 1724
6483 4 2 15 27 2196 1730 2047 2048
6484 4 2 15 27 2196 2047 1730 1887
6485 4 2 15 27 1777 2047 1730 2048
6486 4 2 15 27 1777 1730 2047 1887
6487 4 2 15 27 2107 1809 2088 2032
6488 4 2 15 27 2107 2088 1809 1845
6489 4 2 15 27 1883 2088 1809 2032
6490 4 2 15 27 1883 1809 2088 1845
6491 4 2 15 27 1735 1829 1957 1697
6492 4 2 15 27 1735 1957 1829 2078
6493 4 2 15 27 2113 2162 1752 1814
6494 4 2 15 27 2113 1752 2162 1995
6495 4 2 15 27 1790 1752 2162 1814
6496 4 2 15 27 1790 2162 1752 1995
6497 4 2 15 27 1696 2010 1731 1777
6498 4 2 15 27 1847 2037 1096 2128
6499 4 2 15 27 1847 1096 2037 1793
6500 4 2 15 27 1115 1096 2037 2128
6501 4 2 15 27 1879 1942 2100 1991
6502 4 2 15 27 2100 1942 1879 1745
6503 4 2 15 27 2100 2054 1879 1991
6504 4 2 15 27 1879 2054 2100 1745
6505 4 2 15 27 2103 1820 2067 1929
6506 4 2 15 27 2103 2067 1820 1970
6507 4 2 15 27 1716 2067 1820 1929
6508 4 2 15 27 2076 2077 1748 1988
6509 4 2 15 27 2076 1748 2077 1862
6510 4 2 15 27 2072 1802 2023 1924
6511 4 2 15 27 2072 2023 1802 2207
6512 4 2 15 27 1750 2023 1802 1924
6513 4 2 15 27 1750 1802 2023 2207
6514 4 2 15 27 1081 1764 1108 1844
6515 4 2 15 27 1081 1108 1764 1999
6516 4 2 15 27 2121 1108 1764 1844
6517 4 2 15 27 2121 1764 1108 1999
6518 4 2 15 27 2120 1753 2024 2204
6519 4 2 15 27 2120 2024 1753 1877
6520 4 2 15 27 1843 2024 1753 2204
6521 4 2 15 27 1843 1753 2024 1877
6522 4 2 15 27 2162 1814 1700 1790
6523 4 2 15 27 2162 1700 1814 1960
6524 4 2 15 27 2191 2059 1700 1790
6525 4 2 15 27 2191 1700 2059 1960
6526 4 2 15 27 2059 2162 1700 1790
6527 4 2 15 27 2059 1700 2162 1960
6528 4 2 15 27 2145 1786 2184 1964
6529 4 2 15 27 2145 2184 1786 1917
6530 4 2 15 27 1798 2184 1786 1964
6531 4 2 15 27 1798 1786 2184 1917
6532 4 2 15 27 1114 2037 1875 2068
6533 4 2 15 27 1114 1875 2037 1793
6534 4 2 15 27 2163 1875 2037 2068
6535 4 2 15 27 2163 2037 1875 1793
6536 4 2 15 27 1801 1761 2122 2028
6537 4 2 15 27 1801 2122 1761 1930
6538 4 2 15 27 2066 2122 1761 2028
6539 4 2 15 27 2066 1761 2122 1930
6540 4 2 15 27 1770 2166 1717 1805
6541 4 2 15 27 1770 1717 2166 2001
6542 4 2 15 27 1901 1727 2021 1827
6543 4 2 15 27 1901 2021 1727 2003
6544 4 2 15 27 2123 1825 2033 1799
6545 4 2 15 27 2033 1825 2123 2215
6546 4 2 15 27 2228 1799 2095 1861
6547 4 2 15 27 2228 2095 1799 2202
6548 4 2 15 27 1841 2095 1799 1861
6549 4 2 15 27 1841 1799 2095 2202
6550 4 2 15 27 1710 1831 1977 2140
6551 4 2 15 27 1977 1831 1710 1893
6552 4 2 15 27 1977 2119 1710 2140
6553 4 2 15 27 1710 2119 1977 1893
6554 4 2 15 27 1977 1893 2118 1773
6555 4 2 15 27 1977 2118 1893 2119
6556 4 2 15 27 1821 2118 1893 1773
6557 4 2 15 27 1821 1893 2118 2119
6558 4 2 15 27 2182 1808 1996 2040
6559 4 2 15 27 2182 1996 1808 1807
6560 4 2 15 27 2127 1996 1744 2040
6561 4 2 15 27 2127 1744 1996 1807
6562 4 2 15 27 1996 1808 1744 2040
6563 4 2 15 27 1996 1744 1808 1807
6564 4 2 15 27 2126 1996 1935 1807
6565 4 2 15 27 2126 1935 1996 2039
6566 4 2 15 27 1698 1935 1996 1807
6567 4 2 15 27 1698 1996 1935 2039
6568 4 2 15 27 2074 2067 1896 1716
6569 4 2 15 27 2074 1896 2067 1970
6570 4 2 15 27 1820 1896 2067 1716
6571 4 2 15 27 1820 2067 1896 1970
6572 4 2 15 27 2070 1998 1885 2144
6573 4 2 15 27 2070 1885 1998 1911
6574 4 2 15 27 1797 1885 1998 2144
6575 4 2 15 27 1797 1998 1885 1911
6576 4 2 15 27 2069 1796 1737 2173
6577 4 2 15 27 2069 1737 1796 1855
6578 4 2 15 27 2049 2179 1775 2216
6579 4 2 15 27 2049 1775 2179 1916
6580 4 2 15 27 1937 2179 1775 1916
6581 4 2 15 27 2166 1717 2118 2001
6582 4 2 15 27 2008 2179 1775 1937
6583 4 2 15 27 2008 1775 2179 2216
6584 4 2 15 27 1805 1717 2118 2166
6585 4 2 15 27 2118 1717 1805 1773
6586 4 2 15 27 2118 2045 1805 2166
6587 4 2 15 27 1805 2045 2118 1773
6588 4 2 15 27 1789 2031 1794 1975
6589 4 2 15 27 1794 2031 1789 1724
6590 4 2 15 27 1696 2148 2010 1956
6591 4 2 15 27 2010 2148 1696 1731
6592 4 2 15 27 1788 2077 1748 1862
6593 4 2 15 27 2037 184 1096 1115
6594 4 2 15 27 2037 1096 184 1793
6595 4 2 15 27 1988 1789 1788 1748
6596 4 2 15 27 1788 1789 1988 2110
6597 4 2 15 27 1788 2077 1988 1748
6598 4 2 15 27 1988 2077 1788 2110
6599 4 2 16 28 1290 419 2273 1360
6600 4 2 16 28 391 390 1309 2351
6601 4 2 16 28 2405 2542 2688 396
6602 4 2 16 28 1590 834 835 3459
6603 4 2 16 28 2256 2412 2479 506
6604 4 2 16 28 2502 2294 2519 324
6605 4 2 16 28 242 2563 19 1230
6606 4 2 16 28 860 1013 157 3477
6607 4 2 16 28 2472 2269 2624 408
6608 4 2 16 28 262 1271 2453 1385
6609 4 2 16 28 3271 296 295 3526
6610 4 2 16 28 1273 1387 2263 1388
6611 4 2 16 28 2656 2238 2470 3477
6612 4 2 16 28 2378 2487 2634 320
6613 4 2 16 28 2263 2597 2598 517
6614 4 2 16 28 1958 3330 3329 3205
6615 4 2 16 28 1256 394 1434 2527
6616 4 2 16 28 377 376 1259 2321
6617 4 2 16 28 3269 3250 655 2181
6618 4 2 16 28 2544 730 729 2320
6619 4 2 16 28 437 438 1263 2692
6620 4 2 16 28 2352 2527 393 394
6621 4 2 16 28 1012 1034 1013 3553
6622 4 2 16 28 2507 2249 2679 354
6623 4 2 16 28 2184 279 3260 278
6624 4 2 16 28 2189 3196 3361 3362
6625 4 2 16 28 897 2190 1489 898
6626 4 2 16 28 852 851 808 3501
6627 4 2 16 28 2298 2458 2687 276
6628 4 2 16 28 2282 2406 2537 436
6629 4 2 16 28 391 1309 1432 2351
6630 4 2 16 28 3289 2024 3290 3202
6631 4 2 16 28 2538 2365 2662 330
6632 4 2 16 28 2366 2417 2700 461
6633 4 2 16 28 3349 3230 2201 569
6634 4 2 16 28 352 353 1276 2671
6635 4 2 16 28 1262 457 1424 2588
6636 4 2 16 28 2273 2377 1360 418
6637 4 2 16 28 2548 2376 487 1372
6638 4 2 16 28 1295 312 1415 2446
6639 4 2 16 28 3338 3231 2038 3337
6640 4 2 16 28 2123 1047 1059 2082
6641 4 2 16 28 655 654 2181 3250
6642 4 2 16 28 320 321 1268 2487
6643 4 2 16 28 1279 325 1373 2680
6644 4 2 16 28 2099 1056 1050 1057
6645 4 2 16 28 2399 2510 2267 3569
6646 4 2 16 28 855 856 803 3477
6647 4 2 16 28 2580 2376 2594 1285
6648 4 2 16 28 1262 2592 2382 2588
6649 4 2 16 28 963 1988 2077 2076
6650 4 2 16 28 438 1263 2692 1438
6651 4 2 16 28 409 410 1275 2646
6652 4 2 16 28 2239 2533 2575 378
6653 4 2 16 28 2285 2511 2555 1258
6654 4 2 16 28 1281 2508 2521 2358
6655 4 2 16 28 434 1258 2285 1420
6656 4 2 16 28 2419 2371 2534 1277
6657 4 2 16 28 2626 2108 746 747
6658 4 2 16 28 458 459 1260 2457
6659 4 2 16 28 2077 962 129 140
6660 4 2 16 28 1330 2405 397 1319
6661 4 2 16 28 2076 1449 965 964
6662 4 2 16 28 2254 2397 1288 1362
6663 4 2 16 28 757 2201 3236 3314
6664 4 2 16 28 2538 2306 332 331
6665 4 2 16 28 2631 1313 1314 1331
6666 4 2 16 28 928 2076 1449 2057
6667 4 2 16 28 2433 2370 2503 260
6668 4 2 16 28 2463 2321 376 2652
6669 4 2 16 28 2406 2297 2537 1261
6670 4 2 16 28 2694 2113 2617 633
6671 4 2 16 28 2302 2512 1404 493
6672 4 2 16 28 2194 294 3209 3291
6673 4 2 16 28 241 19 2524 243
6674 4 2 16 28 584 3216 3303 3513
6675 4 2 16 28 2556 2302 1404 1403
6676 4 2 16 28 419 420 1290 2273
6677 4 2 16 28 2517 1326 1327 1265
6678 4 2 16 28 322 323 1273 2481
6679 4 2 16 28 2417 2366 2443 1259
6680 4 2 16 28 2073 2083 944 987
6681 4 2 16 28 2565 2533 2578 1257
6682 4 2 16 28 1272 349 1383 2689
6683 4 2 16 28 580 3293 3210 3513
6684 4 2 16 28 2276 2364 1380 530
6685 4 2 16 28 2362 2411 2685 1396
6686 4 2 16 28 2254 2664 2694 525
6687 4 2 16 28 754 755 2201 3230
6688 4 2 16 28 257 258 1284 2240
6689 4 2 16 28 2227 3319 3320 3237
6690 4 2 16 28 770 769 884 3443
6691 4 2 16 28 2003 2004 2123 1060
6692 4 2 16 28 755 3344 2201 3230
6693 4 2 16 28 384 1261 2297 1419
6694 4 2 16 28 549 2024 2634 548
6695 4 2 16 28 400 1298 1376 2421
6696 4 2 16 28 3242 2182 715 716
6697 4 2 16 28 2682 715 714 2429
6698 4 2 16 28 1268 321 1387 2487
6699 4 2 16 28 2456 2374 249 250
6700 4 2 16 28 513 2317 2645 1374
6701 4 2 16 28 2156 656 655 3269
6702 4 2 16 28 1983 1491 785 784
6703 4 2 16 28 472 473 1293 2362
6704 4 2 16 28 10 5 3453 3567
6705 4 2 16 28 385 384 1261 2297
6706 4 2 16 28 1990 2076 965 1053
6707 4 2 16 28 2530 2283 2676 444
6708 4 2 16 28 2537 2297 2702 1425
6709 4 2 16 28 261 262 1271 2453
6710 4 2 16 28 2063 2146 2195 948
6711 4 2 16 28 83 2280 2060 727
6712 4 2 16 28 1299 471 1396 2411
6713 4 2 16 28 2201 3344 755 756
6714 4 2 16 28 584 3303 585 2085
6715 4 2 16 28 1284 2419 2240 1369
6716 4 2 16 28 1253 66 1346 2506
6717 4 2 16 28 3141 219 218 3455
6718 4 2 16 28 746 3205 2088 3324
6719 4 2 16 28 402 1292 1398 2416
6720 4 2 16 28 2085 1969 2029 3513
6721 4 2 16 28 140 1988 963 129
6722 4 2 16 28 2690 249 2281 2456
6723 4 2 16 28 2004 2082 2123 1059
6724 4 2 16 28 2285 2629 2637 433
6725 4 2 16 28 458 1260 1424 2457
6726 4 2 16 28 2025 681 682 3298
6727 4 2 16 28 3176 235 234 3454
6728 4 2 16 28 417 1284 1370 2377
6729 4 2 16 28 720 2282 721 2495
6730 4 2 16 28 2521 1281 2691 1366
6731 4 2 16 28 564 2441 563 3506
6732 4 2 16 28 1234 101 23 1232
6733 4 2 16 28 3205 3323 2088 3324
6734 4 2 16 28 609 622 208 3528
6735 4 2 16 28 3208 2204 3290 3289
6736 4 2 16 28 891 121 1471 3457
6737 4 2 16 28 2194 295 3209 294
6738 4 2 16 28 2453 2503 261 262
6739 4 2 16 28 2371 2377 2641 417
6740 4 2 16 28 2131 2057 1449 2076
6741 4 2 16 28 522 523 1282 2590
6742 4 2 16 28 364 66 1265 2326
6743 4 2 16 28 413 1271 1386 2268
6744 4 2 16 28 2240 2419 2630 1369
6745 4 2 16 28 2326 363 2585 1326
6746 4 2 16 28 751 752 2305 3509
6747 4 2 16 28 1318 2600 1317 2300
6748 4 2 16 28 2553 1435 2625 2408
6749 4 2 16 28 581 582 2679 3513
6750 4 2 16 28 3202 3290 639 3548
6751 4 2 16 28 280 1964 279 3259
6752 4 2 16 28 2383 2511 1348 1350
6753 4 2 16 28 2248 805 98 3489
6754 4 2 16 28 3364 2198 3363 3195
6755 4 2 16 28 2466 2291 2467 439
6756 4 2 16 28 2396 2414 2497 359
6757 4 2 16 28 257 2558 2355 256
6758 4 2 16 28 2406 2285 2555 1420
6759 4 2 16 28 770 884 883 3535
6760 4 2 16 28 3315 304 3233 3527
6761 4 2 16 28 1313 531 2607 2276
6762 4 2 16 28 397 396 2542 2405
6763 4 2 16 28 2591 2244 2592 372
6764 4 2 16 28 418 1284 2377 1360
6765 4 2 16 28 2430 2263 2598 516
6766 4 2 16 28 1201 3138 1200 3562
6767 4 2 16 28 118 786 870 3445
6768 4 2 16 28 2373 2511 2690 382
6769 4 2 16 28 393 392 1310 2526
6770 4 2 16 28 1347 2417 2701 2334
6771 4 2 16 28 805 1534 98 3489
6772 4 2 16 28 364 1265 1326 2326
6773 4 2 16 28 3365 3197 3372 2197
6774 4 2 16 28 2552 2398 2668 1255
6775 4 2 16 28 864 793 117 3442
6776 4 2 16 28 2247 1363 2492 1364
6777 4 2 16 28 2453 2268 2573 1386
6778 4 2 16 28 2620 1437 2588 456
6779 4 2 16 28 1435 2553 2625 381
6780 4 2 16 28 2645 2430 514 1394
6781 4 2 16 28 589 2451 588 3542
6782 4 2 16 28 2076 928 1449 964
6783 4 2 16 28 2467 2291 440 439
6784 4 2 16 28 515 1273 1394 2430
6785 4 2 16 28 2161 3292 3203 3291
6786 4 2 16 28 248 1242 244 3502
6787 4 2 16 28 632 2113 2694 633
6788 4 2 16 28 3110 2098 218 219
6789 4 2 16 28 3221 1969 3303 3304
6790 4 2 16 28 2077 129 2110 1988
6791 4 2 16 28 2580 2376 1357 1358
6792 4 2 16 28 2646 2318 2647 410
6793 4 2 16 28 2059 2191 1960 3515
6794 4 2 16 28 3195 699 3364 3540
6795 4 2 16 28 2334 2417 2506 1346
6796 4 2 16 28 580 2088 579 3293
6797 4 2 16 28 2455 2314 2668 497
6798 4 2 16 28 2189 3362 3361 3194
6799 4 2 16 28 268 1280 1335 2295
6800 4 2 16 28 570 569 3349 2223
6801 4 2 16 28 1062 1617 172 3449
6802 4 2 16 28 468 1265 2517 1327
6803 4 2 16 28 243 241 15 2524
6804 4 2 16 28 638 2204 3290 3208
6805 4 2 16 28 2444 2314 2454 1306
6806 4 2 16 28 348 1272 1391 2689
6807 4 2 16 28 359 2445 1407 358
6808 4 2 16 28 3183 1223 1222 2532
6809 4 2 16 28 1637 1029 163 3471
6810 4 2 16 28 2099 1056 1989 2089
6811 4 2 16 28 2038 3338 3337 3237
6812 4 2 16 28 2566 2412 2567 504
6813 4 2 16 28 2393 564 565 3506
6814 4 2 16 28 2108 3205 746 747
6815 4 2 16 28 2628 2108 746 2626
6816 4 2 16 28 3320 2181 3241 3319
6817 4 2 16 28 2323 2622 2650 452
6818 4 2 16 28 2028 3203 675 3326
6819 4 2 16 28 2683 2447 2415 3468
6820 4 2 16 28 2053 2073 2157 987
6821 4 2 16 28 457 1262 456 2588
6822 4 2 16 28 2285 2406 2629 434
6823 4 2 16 28 11 3173 234 3452
6824 4 2 16 28 558 3231 559 3537
6825 4 2 16 28 2430 2251 2645 514
6826 4 2 16 28 2582 2397 2257 1288
6827 4 2 16 28 3344 2201 3236 756
6828 4 2 16 28 1977 2140 2090 980
6829 4 2 16 28 1408 473 2311 2362
6830 4 2 16 28 910 2118 1527 794
6831 4 2 16 28 2374 2184 610 278
6832 4 2 16 28 1449 2131 2076 965
6833 4 2 16 28 2492 2391 2616 406
6834 4 2 16 28 2673 2268 2674 413
6835 4 2 16 28 2326 2517 1265 1326
6836 4 2 16 28 2594 2312 346 1371
6837 4 2 16 28 3240 2023 3315 3316
6838 4 2 16 28 1961 2161 2122 3558
6839 4 2 16 28 2603 2392 507 2479
6840 4 2 16 28 3363 3197 2017 3364
6841 4 2 16 28 2263 2420 2597 518
6842 4 2 16 28 3351 2213 284 283
6843 4 2 16 28 7 2 3472 3568
6844 4 2 16 28 2320 2517 2518 467
6845 4 2 16 28 361 1299 1395 2242
6846 4 2 16 28 2580 2304 2581 343
6847 4 2 16 28 474 475 1287 2311
6848 4 2 16 28 3219 3312 645 3536
6849 4 2 16 28 2181 3320 3241 653
6850 4 2 16 28 3196 2189 720 3362
6851 4 2 16 28 2511 2555 1258 2373
6852 4 2 16 28 421 1296 1414 2461
6853 4 2 16 28 2296 2692 2702 1263
6854 4 2 16 28 3206 676 3326 3558
6855 4 2 16 28 756 2201 3236 757
6856 4 2 16 28 105 118 870 3445
6857 4 2 16 28 2059 2211 2210 3529
6858 4 2 16 28 2638 1994 540 541
6859 4 2 16 28 1313 2631 1314 2276
6860 4 2 16 28 2108 3205 747 3330
6861 4 2 16 28 3248 3190 711 3453
6862 4 2 16 28 680 3308 3217 3512
6863 4 2 16 28 2152 3366 3196 3373
6864 4 2 16 28 2314 2552 1332 1316
6865 4 2 16 28 1274 319 1355 2378
6866 4 2 16 28 280 3259 3235 3555
6867 4 2 16 28 1291 490 1412 2562
6868 4 2 16 28 963 169 2076 2077
6869 4 2 16 28 2268 2534 2674 414
6870 4 2 16 28 2458 2421 1375 1298
6871 4 2 16 28 3201 3365 3372 2197
6872 4 2 16 28 1293 472 2362 1396
6873 4 2 16 28 3361 613 614 2036
6874 4 2 16 28 2273 2612 419 420
6875 4 2 16 28 2396 2508 2521 357
6876 4 2 16 28 672 671 2194 2269
6877 4 2 16 28 1376 2547 400 2421
6878 4 2 16 28 2366 1259 1422 2443
6879 4 2 16 28 2467 2291 2681 440
6880 4 2 16 28 638 3290 2120 639
6881 4 2 16 28 2702 2385 387 386
6882 4 2 16 28 762 2156 82 2654
6883 4 2 16 28 705 2109 3369 3243
6884 4 2 16 28 2643 2426 2655 308
6885 4 2 16 28 3170 236 1222 3454
6886 4 2 16 28 3357 3194 3358 2036
6887 4 2 16 28 2444 2302 2660 1303
6888 4 2 16 28 1275 266 1334 2560
6889 4 2 16 28 2594 2312 2595 346
6890 4 2 16 28 2517 2363 2518 468
6891 4 2 16 28 2295 2491 2608 269
6892 4 2 16 28 400 401 1298 2421
6893 4 2 16 28 912 911 1525 3482
6894 4 2 16 28 2197 3363 601 3197
6895 4 2 16 28 2077 129 1988 140
6896 4 2 16 28 888 887 1460 3522
6897 4 2 16 28 568 2201 3230 569
6898 4 2 16 28 2322 2457 2619 458
6899 4 2 16 28 840 821 2447 841
6900 4 2 16 28 242 2563 17 3437
6901 4 2 16 28 2201 3343 568 3230
6902 4 2 16 28 2544 730 2320 2518
6903 4 2 16 28 3203 674 2028 675
6904 4 2 16 28 2517 2363 468 469
6905 4 2 16 28 531 1313 2607 532
6906 4 2 16 28 1643 963 847 1554
6907 4 2 16 28 929 813 1443 1552
6908 4 2 16 28 363 2326 2585 2540
6909 4 2 16 28 2548 2303 2627 485
6910 4 2 16 28 2311 2521 2691 1366
6911 4 2 16 28 237 238 3131 3546
6912 4 2 16 28 3221 2164 737 3346
6913 4 2 16 28 1299 361 362 2242
6914 4 2 16 28 2038 559 3337 3231
6915 4 2 16 28 3240 2191 3255 306
6916 4 2 16 28 3227 2164 735 3334
6917 4 2 16 28 840 841 2570 3490
6918 4 2 16 28 1013 1034 164 3474
6919 4 2 16 28 95 786 118 3445
6920 4 2 16 28 379 607 79 3578
6921 4 2 16 28 662 661 3240 2023
6922 4 2 16 28 467 468 1265 2517
6923 4 2 16 28 793 1524 96 2119
6924 4 2 16 28 93 780 2683 3510
6925 4 2 16 28 125 97 1517 3500
6926 4 2 16 28 547 2024 3289 548
6927 4 2 16 28 2466 2282 2692 438
6928 4 2 16 28 2552 2300 1318 65
6929 4 2 16 28 244 1241 248 3502
6930 4 2 16 28 2564 2389 2665 446
6931 4 2 16 28 406 2492 405 2616
6932 4 2 16 28 1018 1017 856 3474
6933 4 2 16 28 836 1592 835 3466
6934 4 2 16 28 1589 837 109 3466
6935 4 2 16 28 454 1267 1430 2621
6936 4 2 16 28 2701 2417 462 2700
6937 4 2 16 28 2161 2231 294 293
6938 4 2 16 28 3316 662 3240 2023
6939 4 2 16 28 1290 256 1359 2355
6940 4 2 16 28 777 3463 778 3468
6941 4 2 16 28 2547 1376 400 399
6942 4 2 16 28 288 2149 2693 287
6943 4 2 16 28 2152 3200 3366 3373
6944 4 2 16 28 614 3361 2152 3196
6945 4 2 16 28 235 3172 236 3454
6946 4 2 16 28 2161 3326 3325 3203
6947 4 2 16 28 646 3306 3219 3536
6948 4 2 16 28 2451 589 2686 3542
6949 4 2 16 28 562 2038 561 3319
6950 4 2 16 28 373 372 1262 2592
6951 4 2 16 28 2376 1371 2594 1285
6952 4 2 16 28 1995 632 2694 631
6953 4 2 16 28 2520 2276 531 530
6954 4 2 16 28 722 723 3358 2189
6955 4 2 16 28 2392 2603 507 508
6956 4 2 16 28 2637 431 2383 432
6957 4 2 16 28 3206 3328 677 3558
6958 4 2 16 28 2529 2378 2695 318
6959 4 2 16 28 2263 1273 1388 2430
6960 4 2 16 28 21 1241 13 3502
6961 4 2 16 28 2327 2527 2553 70
6962 4 2 16 28 1002 2087 149 1598
6963 4 2 16 28 3317 537 536 3515
6964 4 2 16 28 3327 289 3211 3558
6965 4 2 16 28 621 3248 2039 622
6966 4 2 16 28 164 157 1013 3474
6967 4 2 16 28 1393 2430 2481 2294
6968 4 2 16 28 3298 681 3217 3512
6969 4 2 16 28 2104 3312 645 644
6970 4 2 16 28 2560 2572 1351 265
6971 4 2 16 28 500 2653 74 2584
6972 4 2 16 28 82 2156 2452 2654
6973 4 2 16 28 2534 2370 1277 1389
6974 4 2 16 28 2583 15 244 1229
6975 4 2 16 28 3183 2532 1222 3573
6976 4 2 16 28 285 3223 3297 3512
6977 4 2 16 28 779 778 1477 3463
6978 4 2 16 28 777 776 1476 3463
6979 4 2 16 28 3259 279 3260 1964
6980 4 2 16 28 526 1295 1416 2258
6981 4 2 16 28 3110 2098 219 3577
6982 4 2 16 28 3205 3323 577 1958
6983 4 2 16 28 962 2110 2077 129
6984 4 2 16 28 2476 2334 2599 1253
6985 4 2 16 28 3221 2164 738 737
6986 4 2 16 28 2027 3524 1972 3526
6987 4 2 16 28 684 2612 683 3539
6988 4 2 16 28 3255 2191 63 306
6989 4 2 16 28 2539 334 333 2440
6990 4 2 16 28 63 3189 3257 3529
6991 4 2 16 28 805 921 1534 3489
6992 4 2 16 28 714 1996 2429 715
6993 4 2 16 28 3191 708 709 3503
6994 4 2 16 28 840 839 1566 3490
6995 4 2 16 28 841 1563 109 3490
6996 4 2 16 28 3229 3351 283 3539
6997 4 2 16 28 1032 1031 1621 3471
6998 4 2 16 28 1033 1618 163 3471
6999 4 2 16 28 281 3235 3341 3555
7000 4 2 16 28 3227 3333 588 3542
7001 4 2 16 28 2023 2337 664 663
7002 4 2 16 28 3170 1223 237 3440
7003 4 2 16 28 2099 1056 2089 1050
7004 4 2 16 28 3310 749 3212 3509
7005 4 2 16 28 2317 2494 2680 1373
7006 4 2 16 28 13 1241 244 3438
7007 4 2 16 28 3355 3231 558 3537
7008 4 2 16 28 2672 1269 2318 2573
7009 4 2 16 28 523 1282 2590 1362
7010 4 2 16 28 3343 2201 3344 3230
7011 4 2 16 28 359 2445 2414 1407
7012 4 2 16 28 3223 3352 683 3539
7013 4 2 16 28 838 824 110 3510
7014 4 2 16 28 385 1261 1425 2297
7015 4 2 16 28 873 782 874 3487
7016 4 2 16 28 3327 3211 3328 3558
7017 4 2 16 28 79 607 1220 3578
7018 4 2 16 28 1438 2291 2466 439
7019 4 2 16 28 835 951 2147 1592
7020 4 2 16 28 526 527 1295 2258
7021 4 2 16 28 3377 728 84 3532
7022 4 2 16 28 1972 2624 671 670
7023 4 2 16 28 2406 2282 2495 436
7024 4 2 16 28 2584 2156 82 657
7025 4 2 16 28 2059 628 627 3318
7026 4 2 16 28 25 26 162 1237
7027 4 2 16 28 2085 3346 3221 3345
7028 4 2 16 28 1288 524 2254 1362
7029 4 2 16 28 2083 2073 2053 987
7030 4 2 16 28 281 2205 3341 282
7031 4 2 16 28 500 1255 1442 2398
7032 4 2 16 28 2194 2027 1972 3526
7033 4 2 16 28 3297 3223 3298 3512
7034 4 2 16 28 646 3219 645 3536
7035 4 2 16 28 593 606 205 3478
7036 4 2 16 28 769 3443 770 3543
7037 4 2 16 28 1638 1026 1027 3491
7038 4 2 16 28 1639 1028 1029 3491
7039 4 2 16 28 2326 2506 2658 66
7040 4 2 16 28 2295 2472 1280 1335
7041 4 2 16 28 544 545 2232 3581
7042 4 2 16 28 1293 473 1408 2362
7043 4 2 16 28 2461 2273 1414 420
7044 4 2 16 28 3206 677 676 3558
7045 4 2 16 28 572 571 3299 2141
7046 4 2 16 28 838 823 824 3468
7047 4 2 16 28 1560 844 845 3451
7048 4 2 16 28 2698 2470 2248 3479
7049 4 2 16 28 2661 2287 2670 425
7050 4 2 16 28 3253 3239 564 3506
7051 4 2 16 28 1528 794 795 3482
7052 4 2 16 28 797 1529 796 3482
7053 4 2 16 28 19 18 1230 2563
7054 4 2 16 28 681 680 3217 3512
7055 4 2 16 28 2210 2186 2059 3529
7056 4 2 16 28 910 1528 2118 794
7057 4 2 16 28 1030 1619 1031 3449
7058 4 2 16 28 838 1564 839 3450
7059 4 2 16 28 2364 2541 528 529
7060 4 2 16 28 855 157 1018 3477
7061 4 2 16 28 280 3235 281 3555
7062 4 2 16 28 1034 1035 1608 3449
7063 4 2 16 28 843 1559 842 3450
7064 4 2 16 28 594 3456 595 3503
7065 4 2 16 28 822 840 821 3468
7066 4 2 16 28 2403 2289 427 428
7067 4 2 16 28 282 3229 283 3539
7068 4 2 16 28 2550 750 751 3509
7069 4 2 16 28 1387 1273 2263 2481
7070 4 2 16 28 2284 2374 250 251
7071 4 2 16 28 2326 363 1326 364
7072 4 2 16 28 3129 1979 235 236
7073 4 2 16 28 479 1276 1337 2313
7074 4 2 16 28 1474 776 775 3473
7075 4 2 16 28 2146 135 948 1594
7076 4 2 16 28 206 3246 3133 3249
7077 4 2 16 28 2598 515 2430 516
7078 4 2 16 28 2186 2542 660 659
7079 4 2 16 28 3334 3333 3227 3542
7080 4 2 16 28 402 403 1292 2416
7081 4 2 16 28 1056 2099 1989 1057
7082 4 2 16 28 2382 2620 2621 455
7083 4 2 16 28 2508 1281 2521 1365
7084 4 2 16 28 2284 2230 2374 251
7085 4 2 16 28 497 2314 1332 1315
7086 4 2 16 28 359 360 1293 2414
7087 4 2 16 28 311 1295 1405 2446
7088 4 2 16 28 2024 2634 2252 549
7089 4 2 16 28 2017 702 2620 701
7090 4 2 16 28 63 3255 3189 3529
7091 4 2 16 28 678 3328 2122 677
7092 4 2 16 28 2036 2374 610 611
7093 4 2 16 28 1459 91 769 3543
7094 4 2 16 28 771 1463 770 3543
7095 4 2 16 28 471 1299 470 2411
7096 4 2 16 28 2583 244 13 1229
7097 4 2 16 28 2099 2089 2054 1051
7098 4 2 16 28 1335 2472 1280 1336
7099 4 2 16 28 777 877 878 3468
7100 4 2 16 28 836 835 827 3487
7101 4 2 16 28 2182 3242 715 3370
7102 4 2 16 28 3355 3356 3231 3537
7103 4 2 16 28 1520 804 803 3467
7104 4 2 16 28 1450 2063 2195 948
7105 4 2 16 28 2632 2633 71 2293
7106 4 2 16 28 3241 2181 654 3250
7107 4 2 16 28 860 157 116 3477
7108 4 2 16 28 3346 2085 3227 3345
7109 4 2 16 28 1287 474 2311 1408
7110 4 2 16 28 3177 79 3134 607
7111 4 2 16 28 1526 797 798 3517
7112 4 2 16 28 971 2123 1047 972
7113 4 2 16 28 2131 2076 965 1990
7114 4 2 16 28 3254 3240 661 2186
7115 4 2 16 28 2326 363 364 2540
7116 4 2 16 28 3223 3351 3352 3539
7117 4 2 16 28 2203 595 596 2571
7118 4 2 16 28 3291 2194 3292 3209
7119 4 2 16 28 856 1017 857 3494
7120 4 2 16 28 2023 3315 3316 3233
7121 4 2 16 28 835 828 827 3486
7122 4 2 16 28 1487 783 784 3520
7123 4 2 16 28 1489 781 782 3520
7124 4 2 16 28 2195 2146 135 948
7125 4 2 16 28 78 608 3152 3133
7126 4 2 16 28 3323 2088 3204 578
7127 4 2 16 28 2110 962 2077 2030
7128 4 2 16 28 2385 615 2152 616
7129 4 2 16 28 834 108 829 3448
7130 4 2 16 28 2461 2271 422 1402
7131 4 2 16 28 524 525 1288 2254
7132 4 2 16 28 800 1521 801 3544
7133 4 2 16 28 2400 2323 2613 1431
7134 4 2 16 28 98 1516 799 3544
7135 4 2 16 28 825 873 874 3487
7136 4 2 16 28 609 79 208 2625
7137 4 2 16 28 2076 1605 1053 1990
7138 4 2 16 28 1973 931 2116 2138
7139 4 2 16 28 3139 4 219 3456
7140 4 2 16 28 3240 2191 305 3315
7141 4 2 16 28 1064 1608 1035 3563
7142 4 2 16 28 1389 1271 2534 2453
7143 4 2 16 28 2407 2460 2545 3486
7144 4 2 16 28 653 2181 654 3241
7145 4 2 16 28 372 1262 2592 1427
7146 4 2 16 28 715 2040 2681 716
7147 4 2 16 28 2417 2321 2506 1346
7148 4 2 16 28 764 2031 767 768
7149 4 2 16 28 634 2113 2617 2372
7150 4 2 16 28 2113 634 2617 633
7151 4 2 16 28 583 3216 584 3513
7152 4 2 16 28 2042 1062 2041 172
7153 4 2 16 28 3343 568 567 2201
7154 4 2 16 28 2004 2082 171 2200
7155 4 2 16 28 2221 938 2117 2034
7156 4 2 16 28 2311 2439 473 474
7157 4 2 16 28 580 3210 581 3513
7158 4 2 16 28 1530 99 812 3498
7159 4 2 16 28 908 2140 2130 2014
7160 4 2 16 28 819 110 103 3510
7161 4 2 16 28 2404 2313 2671 1354
7162 4 2 16 28 2341 2461 1296 1402
7163 4 2 16 28 2683 780 93 3457
7164 4 2 16 28 104 879 820 3505
7165 4 2 16 28 208 622 609 3452
7166 4 2 16 28 721 2189 720 2495
7167 4 2 16 28 2672 2268 2673 412
7168 4 2 16 28 359 2445 2396 2414
7169 4 2 16 28 1967 2079 2137 123
7170 4 2 16 28 2638 2162 539 540
7171 4 2 16 28 861 1013 860 3553
7172 4 2 16 28 2201 3236 3343 3344
7173 4 2 16 28 338 2444 1377 337
7174 4 2 16 28 1277 416 1370 2371
7175 4 2 16 28 2588 2322 456 457
7176 4 2 16 28 699 700 2017 2322
7177 4 2 16 28 2492 406 405 1364
7178 4 2 16 28 1969 2088 3513 3514
7179 4 2 16 28 547 2204 3208 3289
7180 4 2 16 28 2632 2468 534 2633
7181 4 2 16 28 149 1002 12 3472
7182 4 2 16 28 768 2116 764 2031
7183 4 2 16 28 244 1242 20 3438
7184 4 2 16 28 1268 320 2487 1355
7185 4 2 16 28 2573 2453 1386 1385
7186 4 2 16 28 2606 2382 2621 1267
7187 4 2 16 28 736 3227 3346 2164
7188 4 2 16 28 93 774 120 3510
7189 4 2 16 28 2507 2356 353 2679
7190 4 2 16 28 234 1220 3176 3452
7191 4 2 16 28 552 2104 551 3331
7192 4 2 16 28 2489 2238 2656 3554
7193 4 2 16 28 715 714 1996 3245
7194 4 2 16 28 2445 359 2396 358
7195 4 2 16 28 542 3295 543 3581
7196 4 2 16 28 875 876 779 3510
7197 4 2 16 28 1963 761 3268 760
7198 4 2 16 28 870 786 785 3486
7199 4 2 16 28 115 805 98 3556
7200 4 2 16 28 2393 2441 564 3506
7201 4 2 16 28 96 117 3442 3504
7202 4 2 16 28 1266 440 1429 2291
7203 4 2 16 28 406 1280 1364 2492
7204 4 2 16 28 2663 1323 2287 2456
7205 4 2 16 28 2507 2356 2671 353
7206 4 2 16 28 1969 3303 3304 3216
7207 4 2 16 28 2414 2451 2497 360
7208 4 2 16 28 1285 487 488 2376
7209 4 2 16 28 2085 584 3303 3513
7210 4 2 16 28 779 2683 778 3463
7211 4 2 16 28 1032 1033 1015 3494
7212 4 2 16 28 1030 1031 1017 3494
7213 4 2 16 28 872 871 784 3486
7214 4 2 16 28 857 1016 1015 3494
7215 4 2 16 28 1017 1016 857 3494
7216 4 2 16 28 2009 2117 2221 956
7217 4 2 16 28 3110 218 2098 3577
7218 4 2 16 28 2527 2665 2676 1256
7219 4 2 16 28 1263 386 1425 2702
7220 4 2 16 28 569 2615 568 2223
7221 4 2 16 28 838 839 823 3468
7222 4 2 16 28 2621 2375 2622 454
7223 4 2 16 28 924 1535 808 3559
7224 4 2 16 28 922 1537 806 3559
7225 4 2 16 28 591 590 3262 3542
7226 4 2 16 28 590 2686 589 3542
7227 4 2 16 28 816 883 815 3535
7228 4 2 16 28 445 446 1256 2665
7229 4 2 16 28 921 805 1537 3489
7230 4 2 16 28 2088 2628 746 745
7231 4 2 16 28 841 109 820 3488
7232 4 2 16 28 1996 3248 621 3245
7233 4 2 16 28 2305 2562 2657 490
7234 4 2 16 28 547 546 2067 2695
7235 4 2 16 28 2430 514 515 2251
7236 4 2 16 28 1961 288 289 3558
7237 4 2 16 28 2188 2652 604 605
7238 4 2 16 28 3279 546 545 2204
7239 4 2 16 28 1050 2089 2099 1051
7240 4 2 16 28 334 2441 2300 2440
7241 4 2 16 28 3246 606 205 3133
7242 4 2 16 28 1988 963 2077 140
7243 4 2 16 28 1227 2 1 3460
7244 4 2 16 28 2584 2156 2452 82
7245 4 2 16 28 11 234 2039 3452
7246 4 2 16 28 1051 2099 1050 968
7247 4 2 16 28 1260 374 1423 2328
7248 4 2 16 28 294 2027 295 2231
7249 4 2 16 28 2184 3198 278 3260
7250 4 2 16 28 1274 1355 2420 2378
7251 4 2 16 28 2200 970 2016 2082
7252 4 2 16 28 3304 1969 738 3221
7253 4 2 16 28 2290 1962 617 616
7254 4 2 16 28 2122 2025 2149 3512
7255 4 2 16 28 2191 63 306 535
7256 4 2 16 28 821 878 877 3468
7257 4 2 16 28 785 784 871 3486
7258 4 2 16 28 1253 465 2476 1441
7259 4 2 16 28 1 2480 2 3568
7260 4 2 16 28 418 2641 2377 417
7261 4 2 16 28 2487 2420 1268 1355
7262 4 2 16 28 3210 3275 581 3513
7263 4 2 16 28 837 826 825 3488
7264 4 2 16 28 860 116 798 3477
7265 4 2 16 28 1033 163 1014 3557
7266 4 2 16 28 1354 2313 2671 1276
7267 4 2 16 28 1590 835 2147 3459
7268 4 2 16 28 775 3473 776 3505
7269 4 2 16 28 562 2150 563 2441
7270 4 2 16 28 2156 2299 2654 762
7271 4 2 16 28 804 803 3467 3477
7272 4 2 16 28 828 872 827 3486
7273 4 2 16 28 821 877 822 3468
7274 4 2 16 28 2122 2161 2028 3558
7275 4 2 16 28 2153 613 614 2385
7276 4 2 16 28 2519 1959 552 553
7277 4 2 16 28 514 1279 2645 1394
7278 4 2 16 28 861 1012 1013 3553
7279 4 2 16 28 109 3488 841 3490
7280 4 2 16 28 2502 2209 551 552
7281 4 2 16 28 2512 1404 493 492
7282 4 2 16 28 824 876 875 3510
7283 4 2 16 28 28 1242 248 3502
7284 4 2 16 28 2223 567 2509 568
7285 4 2 16 28 2269 2646 2647 409
7286 4 2 16 28 3129 235 1979 3571
7287 4 2 16 28 802 857 801 3479
7288 4 2 16 28 296 3271 3272 3526
7289 4 2 16 28 2072 1972 3524 3525
7290 4 2 16 28 2626 2387 2627 484
7291 4 2 16 28 2544 2151 729 730
7292 4 2 16 28 3189 2186 658 3376
7293 4 2 16 28 931 1973 2116 1000
7294 4 2 16 28 1985 949 2146 2063
7295 4 2 16 28 2197 3365 3197 600
7296 4 2 16 28 1014 859 858 3556
7297 4 2 16 28 1029 3491 1028 3557
7298 4 2 16 28 855 803 804 3477
7299 4 2 16 28 1594 135 107 3460
7300 4 2 16 28 823 876 824 3468
7301 4 2 16 28 1531 100 2172 3498
7302 4 2 16 28 70 394 1256 2527
7303 4 2 16 28 822 839 840 3468
7304 4 2 16 28 500 501 1255 2398
7305 4 2 16 28 771 3543 770 3561
7306 4 2 16 28 3350 754 2026 3230
7307 4 2 16 28 3314 3313 3239 3506
7308 4 2 16 28 994 995 1572 1469
7309 4 2 16 28 3314 3236 3313 3506
7310 4 2 16 28 891 1471 780 3457
7311 4 2 16 28 1471 121 93 3457
7312 4 2 16 28 963 169 168 2076
7313 4 2 16 28 1459 2105 92 91
7314 4 2 16 28 2147 3460 3448 3466
7315 4 2 16 28 779 876 778 3468
7316 4 2 16 28 829 105 870 3486
7317 4 2 16 28 3298 2025 3223 682
7318 4 2 16 28 418 2273 419 1360
7319 4 2 16 28 2539 2038 560 561
7320 4 2 16 28 579 2088 3204 3293
7321 4 2 16 28 718 3373 3200 2040
7322 4 2 16 28 2160 704 705 2622
7323 4 2 16 28 3245 1996 715 3370
7324 4 2 16 28 2156 761 2299 762
7325 4 2 16 28 1958 576 3205 3329
7326 4 2 16 28 2415 2447 2570 3468
7327 4 2 16 28 465 466 1253 2476
7328 4 2 16 28 95 1485 786 3519
7329 4 2 16 28 2230 2284 2536 251
7330 4 2 16 28 826 873 825 3487
7331 4 2 16 28 2017 2619 699 2322
7332 4 2 16 28 488 1285 2376 1358
7333 4 2 16 28 843 3450 842 3552
7334 4 2 16 28 2129 3131 237 3576
7335 4 2 16 28 951 2147 1590 835
7336 4 2 16 28 634 3214 3296 3582
7337 4 2 16 28 778 877 777 3468
7338 4 2 16 28 2378 2634 2695 319
7339 4 2 16 28 597 598 3368 2109
7340 4 2 16 28 3188 3251 3269 2181
7341 4 2 16 28 3295 3296 3214 3581
7342 4 2 16 28 615 2152 3366 3196
7343 4 2 16 28 109 3466 837 3488
7344 4 2 16 28 2444 1303 2660 1377
7345 4 2 16 28 2494 2255 2519 326
7346 4 2 16 28 3221 585 3303 2085
7347 4 2 16 28 3236 3343 567 3506
7348 4 2 16 28 3274 3277 3276 3514
7349 4 2 16 28 326 1283 1373 2494
7350 4 2 16 28 3202 639 640 3548
7351 4 2 16 28 594 595 3244 3503
7352 4 2 16 28 1962 2290 2385 616
7353 4 2 16 28 880 819 103 3510
7354 4 2 16 28 304 303 3233 3527
7355 4 2 16 28 456 1262 1437 2588
7356 4 2 16 28 1035 3449 1034 3538
7357 4 2 16 28 2366 2457 1422 459
7358 4 2 16 28 2642 697 696 3531
7359 4 2 16 28 421 1296 2461 422
7360 4 2 16 28 688 687 3258 3555
7361 4 2 16 28 314 1288 2397 1361
7362 4 2 16 28 2036 2577 611 612
7363 4 2 16 28 994 1569 993 1468
7364 4 2 16 28 784 783 872 3487
7365 4 2 16 28 527 1295 2258 1406
7366 4 2 16 28 1030 3449 1031 3494
7367 4 2 16 28 3219 3311 3312 3536
7368 4 2 16 28 1018 1030 1017 3474
7369 4 2 16 28 433 1258 1348 2285
7370 4 2 16 28 2606 2401 370 369
7371 4 2 16 28 284 2025 3351 3223
7372 4 2 16 28 443 444 1310 2283
7373 4 2 16 28 569 2201 3349 2223
7374 4 2 16 28 841 821 2447 820
7375 4 2 16 28 579 2088 578 3204
7376 4 2 16 28 2256 507 2479 2603
7377 4 2 16 28 258 1284 2240 1369
7378 4 2 16 28 1252 428 429 2505
7379 4 2 16 28 802 856 857 2470
7380 4 2 16 28 3280 3279 545 3581
7381 4 2 16 28 696 2700 2642 3531
7382 4 2 16 28 3195 698 699 3540
7383 4 2 16 28 884 815 883 3535
7384 4 2 16 28 630 631 3228 3580
7385 4 2 16 28 3218 572 3299 3508
7386 4 2 16 28 2673 2268 413 412
7387 4 2 16 28 2457 2322 2588 457
7388 4 2 16 28 2150 2201 1963 3506
7389 4 2 16 28 3289 548 2024 3202
7390 4 2 16 28 1310 444 1434 2283
7391 4 2 16 28 743 3210 3294 3514
7392 4 2 16 28 21 13 3465 3502
7393 4 2 16 28 3189 623 624 3529
7394 4 2 16 28 2394 2509 2660 339
7395 4 2 16 28 3212 3329 575 3508
7396 4 2 16 28 562 3319 3241 2181
7397 4 2 16 28 2059 1960 2162 3515
7398 4 2 16 28 3290 2204 2024 3289
7399 4 2 16 28 2406 2495 2629 435
7400 4 2 16 28 2284 2341 252 1401
7401 4 2 16 28 3281 3278 3280 3582
7402 4 2 16 28 808 851 3499 3501
7403 4 2 16 28 1012 1035 1034 3538
7404 4 2 16 28 780 2683 779 3457
7405 4 2 16 28 324 1279 1393 2294
7406 4 2 16 28 156 2140 2090 2020
7407 4 2 16 28 2109 595 596 2203
7408 4 2 16 28 2191 3240 305 306
7409 4 2 16 28 2430 1393 2481 1273
7410 4 2 16 28 2072 2207 1972 3525
7411 4 2 16 28 3191 709 3282 3503
7412 4 2 16 28 3254 3255 3240 2186
7413 4 2 16 28 2444 2660 338 1377
7414 4 2 16 28 2164 736 3227 735
7415 4 2 16 28 3363 2198 601 602
7416 4 2 16 28 2446 2257 312 1415
7417 4 2 16 28 689 2163 690 2500
7418 4 2 16 28 2356 2669 2671 352
7419 4 2 16 28 782 3487 783 3520
7420 4 2 16 28 3373 719 2040 718
7421 4 2 16 28 217 3115 216 3534
7422 4 2 16 28 124 2140 2014 2119
7423 4 2 16 28 2478 2694 2113 2617
7424 4 2 16 28 797 861 860 3553
7425 4 2 16 28 2592 1262 2382 1427
7426 4 2 16 28 2182 617 3367 618
7427 4 2 16 28 3244 707 3371 3503
7428 4 2 16 28 1310 393 2526 1434
7429 4 2 16 28 2152 3367 617 3200
7430 4 2 16 28 853 1019 1020 3549
7431 4 2 16 28 3197 2197 600 601
7432 4 2 16 28 627 3238 626 3529
7433 4 2 16 28 3270 671 3273 3526
7434 4 2 16 28 2327 2533 2565 1251
7435 4 2 16 28 2140 909 1977 2119
7436 4 2 16 28 3193 3357 3358 3579
7437 4 2 16 28 299 300 2388 3524
7438 4 2 16 28 2126 3248 711 3453
7439 4 2 16 28 3206 3326 3325 3558
7440 4 2 16 28 2036 2577 2374 611
7441 4 2 16 28 2194 3270 671 672
7442 4 2 16 28 874 781 119 3505
7443 4 2 16 28 2213 2558 285 284
7444 4 2 16 28 3291 294 293 2161
7445 4 2 16 28 3311 554 553 3536
7446 4 2 16 28 2414 2445 1293 1407
7447 4 2 16 28 3200 616 2152 3366
7448 4 2 16 28 1015 858 857 3479
7449 4 2 16 28 1252 431 1350 2383
7450 4 2 16 28 2601 314 2397 315
7451 4 2 16 28 392 2352 2354 2526
7452 4 2 16 28 256 1290 255 2355
7453 4 2 16 28 3298 2025 681 3512
7454 4 2 16 28 871 872 828 3486
7455 4 2 16 28 205 606 593 3456
7456 4 2 16 28 2300 2440 2651 1305
7457 4 2 16 28 3301 3215 3302 3526
7458 4 2 16 28 2628 2088 744 745
7459 4 2 16 28 3351 2213 283 3539
7460 4 2 16 28 880 120 774 3510
7461 4 2 16 28 3269 3251 3250 2181
7462 4 2 16 28 463 1253 1347 2334
7463 4 2 16 28 3449 3538 1035 3563
7464 4 2 16 28 873 783 782 3487
7465 4 2 16 28 338 339 1303 2660
7466 4 2 16 28 2189 3358 722 3194
7467 4 2 16 28 1984 2226 939 992
7468 4 2 16 28 2312 2516 2595 347
7469 4 2 16 28 3307 3217 3308 3512
7470 4 2 16 28 2379 2070 647 646
7471 4 2 16 28 1608 3449 1035 3563
7472 4 2 16 28 2076 965 1053 964
7473 4 2 16 28 3237 561 2038 3319
7474 4 2 16 28 79 3177 1220 607
7475 4 2 16 28 2227 651 3338 3237
7476 4 2 16 28 617 2152 3200 616
7477 4 2 16 28 2109 3244 3369 595
7478 4 2 16 28 2257 312 1415 313
7479 4 2 16 28 805 115 854 3556
7480 4 2 16 28 155 864 117 3442
7481 4 2 16 28 3361 3194 613 2036
7482 4 2 16 28 2067 546 2204 545
7483 4 2 16 28 2318 2560 1351 1275
7484 4 2 16 28 1429 440 1309 2291
7485 4 2 16 28 114 99 3499 3511
7486 4 2 16 28 1961 288 2433 289
7487 4 2 16 28 2461 2574 2612 421
7488 4 2 16 28 2152 615 614 3196
7489 4 2 16 28 2070 3536 1959 3537
7490 4 2 16 28 839 2415 838 3450
7491 4 2 16 28 782 874 2614 781
7492 4 2 16 28 438 437 2282 2692
7493 4 2 16 28 550 2024 2252 549
7494 4 2 16 28 3314 2201 3236 3506
7495 4 2 16 28 78 608 1205 3152
7496 4 2 16 28 580 2356 2029 581
7497 4 2 16 28 776 879 775 3505
7498 4 2 16 28 806 1537 805 3489
7499 4 2 16 28 2403 2289 2500 427
7500 4 2 16 28 2240 2630 2693 258
7501 4 2 16 28 72 2289 2501 429
7502 4 2 16 28 2700 696 695 3531
7503 4 2 16 28 2026 752 2305 753
7504 4 2 16 28 2417 1347 2701 462
7505 4 2 16 28 517 1268 1388 2263
7506 4 2 16 28 513 514 1279 2645
7507 4 2 16 28 2597 638 2120 639
7508 4 2 16 28 1011 862 1010 3565
7509 4 2 16 28 291 3325 292 3558
7510 4 2 16 28 505 1300 1382 2639
7511 4 2 16 28 1222 1221 3181 2353
7512 4 2 16 28 2307 2556 1412 1411
7513 4 2 16 28 2434 2470 2698 3494
7514 4 2 16 28 3376 658 81 2210
7515 4 2 16 28 2569 2302 494 493
7516 4 2 16 28 2373 2374 2577 383
7517 4 2 16 28 287 3307 288 3512
7518 4 2 16 28 1230 17 242 2563
7519 4 2 16 28 2263 2597 517 518
7520 4 2 16 28 2109 598 2401 597
7521 4 2 16 28 442 1309 441 2490
7522 4 2 16 28 96 787 117 3504
7523 4 2 16 28 1594 948 2146 832
7524 4 2 16 28 1996 2429 2530 714
7525 4 2 16 28 2022 3460 2147 3466
7526 4 2 16 28 882 816 817 3561
7527 4 2 16 28 3191 707 708 3503
7528 4 2 16 28 828 835 834 3486
7529 4 2 16 28 280 281 2205 3555
7530 4 2 16 28 626 3238 3256 3529
7531 4 2 16 28 893 1477 778 3463
7532 4 2 16 28 2088 3323 3204 3324
7533 4 2 16 28 2529 2279 1342 1343
7534 4 2 16 28 2501 429 2505 1440
7535 4 2 16 28 3210 3274 3275 3514
7536 4 2 16 28 2026 3350 3230 3349
7537 4 2 16 28 483 1272 1384 2387
7538 4 2 16 28 848 26 159 1024
7539 4 2 16 28 3187 3287 76 3532
7540 4 2 16 28 240 12 48 1005
7541 4 2 16 28 576 3205 577 1958
7542 4 2 16 28 3234 733 3261 3541
7543 4 2 16 28 208 79 3134 3177
7544 4 2 16 28 2586 2328 2592 373
7545 4 2 16 28 1283 512 1374 2317
7546 4 2 16 28 3365 3201 599 2197
7547 4 2 16 28 2556 2307 2615 341
7548 4 2 16 28 3152 205 78 3133
7549 4 2 16 28 2079 785 901 1488
7550 4 2 16 28 2693 287 2149 286
7551 4 2 16 28 435 1261 1420 2406
7552 4 2 16 28 3367 2040 717 3200
7553 4 2 16 28 2590 2667 1344 522
7554 4 2 16 28 1259 376 1421 2321
7555 4 2 16 28 2104 3312 3213 3311
7556 4 2 16 28 559 2038 560 2538
7557 4 2 16 28 842 819 818 3552
7558 4 2 16 28 75 3188 2181 3251
7559 4 2 16 28 693 2192 84 2513
7560 4 2 16 28 2066 680 679 2641
7561 4 2 16 28 580 2174 2356 579
7562 4 2 16 28 2571 2203 595 3456
7563 4 2 16 28 705 704 2160 3243
7564 4 2 16 28 1318 1305 335 2300
7565 4 2 16 28 844 817 816 3552
7566 4 2 16 28 2191 3315 304 305
7567 4 2 16 28 711 3248 1996 712
7568 4 2 16 28 1271 261 2453 1389
7569 4 2 16 28 3153 1 2545 1199
7570 4 2 16 28 598 2197 3201 3368
7571 4 2 16 28 237 3131 2129 3546
7572 4 2 16 28 1204 3156 2437 1203
7573 4 2 16 28 2517 2320 2599 467
7574 4 2 16 28 3375 2163 83 692
7575 4 2 16 28 819 842 110 2415
7576 4 2 16 28 3227 2164 3334 3542
7577 4 2 16 28 413 414 1271 2268
7578 4 2 16 28 155 1009 864 3442
7579 4 2 16 28 806 3489 805 3549
7580 4 2 16 28 2186 659 3189 658
7581 4 2 16 28 1999 646 2379 645
7582 4 2 16 28 3253 1963 3188 3268
7583 4 2 16 28 1199 1200 3142 3562
7584 4 2 16 28 1358 1357 2580 1291
7585 4 2 16 28 1995 632 2113 2694
7586 4 2 16 28 725 3285 3283 3579
7587 4 2 16 28 2614 3473 94 3505
7588 4 2 16 28 809 810 1536 3516
7589 4 2 16 28 780 875 779 3510
7590 4 2 16 28 1284 2419 1370 2377
7591 4 2 16 28 2581 2223 570 571
7592 4 2 16 28 948 2063 947 1450
7593 4 2 16 28 546 3279 3208 2204
7594 4 2 16 28 615 614 2385 2152
7595 4 2 16 28 766 1448 765 3502
7596 4 2 16 28 2063 2146 948 949
7597 4 2 16 28 99 810 114 3499
7598 4 2 16 28 1595 832 833 3459
7599 4 2 16 28 1001 1002 1600 3461
7600 4 2 16 28 1302 424 1321 2427
7601 4 2 16 28 3218 3299 3300 3509
7602 4 2 16 28 2336 2459 2531 274
7603 4 2 16 28 583 3276 3216 3513
7604 4 2 16 28 285 2025 284 3223
7605 4 2 16 28 1004 1002 2087 1600
7606 4 2 16 28 808 851 809 3499
7607 4 2 16 28 3202 2024 3290 3548
7608 4 2 16 28 3305 3306 3225 3537
7609 4 2 16 28 859 799 800 3556
7610 4 2 16 28 238 237 3169 3485
7611 4 2 16 28 216 215 3136 3484
7612 4 2 16 28 2151 2544 2518 730
7613 4 2 16 28 2561 2295 2608 268
7614 4 2 16 28 270 271 1286 2666
7615 4 2 16 28 76 2188 605 592
7616 4 2 16 28 3275 3274 3276 3513
7617 4 2 16 28 2402 328 329 557
7618 4 2 16 28 751 3300 752 3509
7619 4 2 16 28 955 840 1566 3490
7620 4 2 16 28 328 2402 556 557
7621 4 2 16 28 911 2118 910 1528
7622 4 2 16 28 2580 2376 1285 1357
7623 4 2 16 28 2426 2364 1301 1380
7624 4 2 16 28 93 780 1471 3457
7625 4 2 16 28 2161 2442 2231 293
7626 4 2 16 28 815 845 816 3535
7627 4 2 16 28 2404 2671 1353 1354
7628 4 2 16 28 852 3501 808 3549
7629 4 2 16 28 1225 1226 3175 3504
7630 4 2 16 28 2373 2297 1419 384
7631 4 2 16 28 757 3314 758 1963
7632 4 2 16 28 2590 2254 2617 523
7633 4 2 16 28 2416 401 1398 402
7634 4 2 16 28 1060 1032 1621 3471
7635 4 2 16 28 864 794 793 3565
7636 4 2 16 28 2223 567 568 2201
7637 4 2 16 28 3301 3302 3220 3525
7638 4 2 16 28 613 2153 2577 2385
7639 4 2 16 28 172 2175 2041 2042
7640 4 2 16 28 3283 724 725 3579
7641 4 2 16 28 3188 75 2181 3253
7642 4 2 16 28 3201 599 2197 598
7643 4 2 16 28 660 3254 661 2186
7644 4 2 16 28 805 854 806 3549
7645 4 2 16 28 3213 553 2104 3311
7646 4 2 16 28 642 643 3332 2104
7647 4 2 16 28 2073 2083 943 944
7648 4 2 16 28 1964 3259 280 3555
7649 4 2 16 28 773 772 881 3561
7650 4 2 16 28 883 771 770 3561
7651 4 2 16 28 2200 969 2099 2016
7652 4 2 16 28 1252 429 1440 2505
7653 4 2 16 28 807 852 808 3549
7654 4 2 16 28 591 3263 592 3541
7655 4 2 16 28 1290 420 1414 2273
7656 4 2 16 28 3153 1199 2545 3568
7657 4 2 16 28 769 1462 885 2135
7658 4 2 16 28 1219 1220 3177 607
7659 4 2 16 28 971 2123 972 1992
7660 4 2 16 28 493 1303 1404 2302
7661 4 2 16 28 1962 2152 617 616
7662 4 2 16 28 1251 448 1257 2565
7663 4 2 16 28 683 3223 2025 682
7664 4 2 16 28 1051 2165 967 1052
7665 4 2 16 28 2204 3279 3208 3278
7666 4 2 16 28 304 303 2191 2459
7667 4 2 16 28 2016 143 970 921
7668 4 2 16 28 652 2227 3320 3237
7669 4 2 16 28 1205 608 1206 3152
7670 4 2 16 28 1060 2123 1059 2004
7671 4 2 16 28 1058 2004 1029 1637
7672 4 2 16 28 2652 2188 592 605
7673 4 2 16 28 3290 638 2120 2204
7674 4 2 16 28 2108 2626 2303 747
7675 4 2 16 28 2016 143 2093 2082
7676 4 2 16 28 2282 720 2515 2495
7677 4 2 16 28 2157 945 2073 1985
7678 4 2 16 28 676 2028 675 3326
7679 4 2 16 28 2076 1988 128 141
7680 4 2 16 28 3222 3296 3295 3533
7681 4 2 16 28 2009 3450 2148 3490
7682 4 2 16 28 3228 3353 540 3533
7683 4 2 16 28 3354 3228 631 3533
7684 4 2 16 28 2126 709 708 3503
7685 4 2 16 28 454 1308 2621 1430
7686 4 2 16 28 595 594 2579 3456
7687 4 2 16 28 663 2023 3316 3233
7688 4 2 16 28 2668 2552 1255 1332
7689 4 2 16 28 2137 2079 2157 902
7690 4 2 16 28 22 23 101 1232
7691 4 2 16 28 22 102 814 763
7692 4 2 16 28 559 2538 558 2159
7693 4 2 16 28 303 3335 3233 3527
7694 4 2 16 28 435 436 1261 2406
7695 4 2 16 28 664 3233 3336 3527
7696 4 2 16 28 2023 3316 662 663
7697 4 2 16 28 2588 2457 457 1424
7698 4 2 16 28 3195 602 2198 3363
7699 4 2 16 28 2447 2407 2570 3488
7700 4 2 16 28 794 1527 793 3496
7701 4 2 16 28 272 1292 1409 2483
7702 4 2 16 28 2563 19 2424 16
7703 4 2 16 28 2204 547 3208 546
7704 4 2 16 28 2221 938 956 2117
7705 4 2 16 28 1012 3538 1034 3553
7706 4 2 16 28 770 3443 884 3535
7707 4 2 16 28 2149 288 2693 2433
7708 4 2 16 28 107 150 1596 1597
7709 4 2 16 28 3342 3229 3341 3539
7710 4 2 16 28 3196 2189 3361 2152
7711 4 2 16 28 2021 3449 2434 3471
7712 4 2 16 28 1222 236 3172 3454
7713 4 2 16 28 2388 2483 2531 272
7714 4 2 16 28 784 2460 785 1983
7715 4 2 16 28 2128 83 2473 2280
7716 4 2 16 28 3267 3254 660 2186
7717 4 2 16 28 576 577 2703 1958
7718 4 2 16 28 3202 640 3322 3548
7719 4 2 16 28 489 490 1291 2562
7720 4 2 16 28 3321 549 3202 3548
7721 4 2 16 28 1561 843 844 2010
7722 4 2 16 28 2397 2590 1282 1362
7723 4 2 16 28 851 1022 1023 3481
7724 4 2 16 28 2529 2279 1343 2602
7725 4 2 16 28 3332 3331 3207 3548
7726 4 2 16 28 3362 2189 721 3194
7727 4 2 16 28 2137 985 2063 2062
7728 4 2 16 28 1461 773 774 3523
7729 4 2 16 28 149 12 9 3472
7730 4 2 16 28 1018 157 164 3474
7731 4 2 16 28 2549 750 2550 3509
7732 4 2 16 28 912 796 1529 3482
7733 4 2 16 28 911 1528 795 3482
7734 4 2 16 28 843 2047 959 1559
7735 4 2 16 28 3186 690 2163 691
7736 4 2 16 28 2584 2398 501 500
7737 4 2 16 28 2047 1559 843 3450
7738 4 2 16 28 2016 143 921 2093
7739 4 2 16 28 247 28 100 1239
7740 4 2 16 28 1491 1983 900 784
7741 4 2 16 28 539 3339 3228 3580
7742 4 2 16 28 3340 630 3228 3580
7743 4 2 16 28 888 772 1464 3522
7744 4 2 16 28 695 2265 2700 3531
7745 4 2 16 28 318 319 1274 2378
7746 4 2 16 28 3258 3235 3259 3555
7747 4 2 16 28 104 820 109 3488
7748 4 2 16 28 2131 127 1970 2084
7749 4 2 16 28 3232 3317 3318 3580
7750 4 2 16 28 590 2188 591 2686
7751 4 2 16 28 2200 2099 1057 1989
7752 4 2 16 28 3337 3237 560 2038
7753 4 2 16 28 2165 2089 1990 1052
7754 4 2 16 28 2239 78 68 2436
7755 4 2 16 28 1992 2123 972 2228
7756 4 2 16 28 1551 813 1443 929
7757 4 2 16 28 1643 963 1553 847
7758 4 2 16 28 2574 684 685 3539
7759 4 2 16 28 440 441 1309 2291
7760 4 2 16 28 2029 2356 2679 581
7761 4 2 16 28 2451 2686 2188 3542
7762 4 2 16 28 3238 3257 3256 3529
7763 4 2 16 28 1056 1638 1027 3491
7764 4 2 16 28 1036 1037 1609 3563
7765 4 2 16 28 3307 288 2122 3211
7766 4 2 16 28 627 3238 2059 3318
7767 4 2 16 28 3195 3360 698 3540
7768 4 2 16 28 2026 571 3299 3224
7769 4 2 16 28 2126 711 3190 3453
7770 4 2 16 28 603 3359 3195 3540
7771 4 2 16 28 693 3377 84 3532
7772 4 2 16 28 2092 1968 897 2005
7773 4 2 16 28 390 2449 2290 389
7774 4 2 16 28 594 3244 3371 3503
7775 4 2 16 28 336 1306 1316 2551
7776 4 2 16 28 2700 2265 2642 3531
7777 4 2 16 28 816 882 883 3561
7778 4 2 16 28 2159 2070 1959 3537
7779 4 2 16 28 2104 645 3312 3536
7780 4 2 16 28 2156 655 2181 3269
7781 4 2 16 28 1055 2169 1638 1056
7782 4 2 16 28 591 3262 3263 3541
7783 4 2 16 28 1354 2671 1353 1276
7784 4 2 16 28 900 1983 1487 784
7785 4 2 16 28 2505 2289 428 429
7786 4 2 16 28 550 551 2209 3548
7787 4 2 16 28 3375 3186 727 2060
7788 4 2 16 28 446 447 1251 2564
7789 4 2 16 28 768 2116 90 764
7790 4 2 16 28 2411 472 1396 2362
7791 4 2 16 28 2163 2289 83 692
7792 4 2 16 28 625 2211 626 3529
7793 4 2 16 28 798 797 860 3554
7794 4 2 16 28 18 3439 19 3462
7795 4 2 16 28 805 854 3549 3556
7796 4 2 16 28 2076 128 928 141
7797 4 2 16 28 2088 3293 580 3513
7798 4 2 16 28 2174 2703 578 577
7799 4 2 16 28 2147 835 1592 3466
7800 4 2 16 28 613 2153 614 2036
7801 4 2 16 28 279 280 2374 2145
7802 4 2 16 28 2009 2117 956 955
7803 4 2 16 28 2328 2588 1423 1424
7804 4 2 16 28 2227 3320 653 652
7805 4 2 16 28 2189 721 720 3362
7806 4 2 16 28 2585 363 362 1325
7807 4 2 16 28 1467 1570 821 877
7808 4 2 16 28 1015 1512 1624 857
7809 4 2 16 28 1046 973 1624 1512
7810 4 2 16 28 1467 993 939 1570
7811 4 2 16 28 1017 857 1625 1513
7812 4 2 16 28 3293 2088 3294 3210
7813 4 2 16 28 2197 2244 600 601
7814 4 2 16 28 2372 636 635 3582
7815 4 2 16 28 1979 236 3129 3571
7816 4 2 16 28 882 816 1454 1575
7817 4 2 16 28 1542 1020 1632 852
7818 4 2 16 28 1494 826 1584 872
7819 4 2 16 28 1506 1613 862 1010
7820 4 2 16 28 1022 1633 852 1543
7821 4 2 16 28 818 882 1455 1576
7822 4 2 16 28 1012 862 1507 1614
7823 4 2 16 28 1585 828 1495 872
7824 4 2 16 28 1585 1495 944 988
7825 4 2 16 28 1633 968 1543 1051
7826 4 2 16 28 2163 3198 690 3186
7827 4 2 16 28 854 1019 853 3549
7828 4 2 16 28 116 97 798 3477
7829 4 2 16 28 772 773 3523 3561
7830 4 2 16 28 76 592 3199 3541
7831 4 2 16 28 2082 1059 171 1047
7832 4 2 16 28 99 810 3499 3516
7833 4 2 16 28 2561 2295 268 267
7834 4 2 16 28 2150 562 563 2181
7835 4 2 16 28 94 2614 781 1968
7836 4 2 16 28 659 3267 660 2186
7837 4 2 16 28 2430 2263 516 1388
7838 4 2 16 28 3273 671 670 3526
7839 4 2 16 28 2088 746 3324 745
7840 4 2 16 28 2147 950 951 1590
7841 4 2 16 28 487 1285 1372 2376
7842 4 2 16 28 3331 552 2104 3213
7843 4 2 16 28 342 1291 1411 2307
7844 4 2 16 28 2530 712 1996 713
7845 4 2 16 28 97 804 1517 3500
7846 4 2 16 28 3153 2545 1 3568
7847 4 2 16 28 1062 2215 2003 2041
7848 4 2 16 28 2162 2638 1994 540
7849 4 2 16 28 3357 612 3194 2036
7850 4 2 16 28 723 724 2060 2629
7851 4 2 16 28 700 2017 3364 699
7852 4 2 16 28 847 161 160 1643
7853 4 2 16 28 1643 963 169 168
7854 4 2 16 28 2026 570 3224 3349
7855 4 2 16 28 454 455 1267 2621
7856 4 2 16 28 2070 649 3356 3231
7857 4 2 16 28 2181 3320 2227 3319
7858 4 2 16 28 774 773 880 3483
7859 4 2 16 28 731 2363 2019 732
7860 4 2 16 28 2638 1994 541 2504
7861 4 2 16 28 149 6 107 3460
7862 4 2 16 28 1220 208 3177 79
7863 4 2 16 28 2026 2305 752 3509
7864 4 2 16 28 245 24 112 1233
7865 4 2 16 28 1564 838 957 3450
7866 4 2 16 28 1030 1062 1619 3449
7867 4 2 16 28 1034 1608 1063 3449
7868 4 2 16 28 281 3341 2205 3555
7869 4 2 16 28 2290 1962 618 617
7870 4 2 16 28 2042 2002 1042 2175
7871 4 2 16 28 2126 1980 1987 3503
7872 4 2 16 28 2487 2634 320 321
7873 4 2 16 28 205 1205 3152 78
7874 4 2 16 28 961 1560 845 3451
7875 4 2 16 28 19 241 2524 2424
7876 4 2 16 28 1419 1258 1420 2555
7877 4 2 16 28 3192 3287 3286 3531
7878 4 2 16 28 2242 2585 362 1325
7879 4 2 16 28 2628 2108 2088 746
7880 4 2 16 28 1029 163 3471 3557
7881 4 2 16 28 548 549 2024 3202
7882 4 2 16 28 2099 2200 1057 1049
7883 4 2 16 28 830 831 213 3119
7884 4 2 16 28 1006 3124 240 1005
7885 4 2 16 28 2419 1284 1370 1369
7886 4 2 16 28 962 846 1556 3451
7887 4 2 16 28 914 1526 798 3517
7888 4 2 16 28 2122 680 3308 679
7889 4 2 16 28 763 85 22 35
7890 4 2 16 28 162 26 25 3123
7891 4 2 16 28 3267 3189 3255 2186
7892 4 2 16 28 653 2567 2227 652
7893 4 2 16 28 2009 2012 2117 955
7894 4 2 16 28 1598 1002 2087 1004
7895 4 2 16 28 950 834 1590 3459
7896 4 2 16 28 1595 2146 948 832
7897 4 2 16 28 663 664 2023 3233
7898 4 2 16 28 2191 304 3315 3527
7899 4 2 16 28 2652 2198 2188 604
7900 4 2 16 28 1029 3471 3491 3557
7901 4 2 16 28 2040 720 2515 719
7902 4 2 16 28 1055 1026 1638 3458
7903 4 2 16 28 2529 2232 2602 317
7904 4 2 16 28 3200 718 2040 717
7905 4 2 16 28 218 1204 3141 3455
7906 4 2 16 28 3364 2198 3195 3540
7907 4 2 16 28 615 2152 616 3366
7908 4 2 16 28 3257 3189 3266 3529
7909 4 2 16 28 2209 2104 551 552
7910 4 2 16 28 1274 1341 1342 2587
7911 4 2 16 28 246 1235 25 3551
7912 4 2 16 28 2203 2109 595 3456
7913 4 2 16 28 737 736 3346 2164
7914 4 2 16 28 621 2182 620 3452
7915 4 2 16 28 2258 2446 2546 1295
7916 4 2 16 28 2407 2460 3486 3487
7917 4 2 16 28 2622 2323 453 452
7918 4 2 16 28 741 740 3277 3514
7919 4 2 16 28 2450 3438 3469 3498
7920 4 2 16 28 2446 2546 1295 1405
7921 4 2 16 28 2200 970 2082 1048
7922 4 2 16 28 2116 930 139 130
7923 4 2 16 28 732 3261 733 3541
7924 4 2 16 28 2108 2141 1958 3508
7925 4 2 16 28 637 3278 636 3582
7926 4 2 16 28 296 3272 297 3526
7927 4 2 16 28 855 116 157 3477
7928 4 2 16 28 2480 3448 3460 3466
7929 4 2 16 28 2481 2502 322 323
7930 4 2 16 28 856 802 803 2470
7931 4 2 16 28 711 710 2126 3190
7932 4 2 16 28 2440 2306 2639 1300
7933 4 2 16 28 1962 2385 2153 616
7934 4 2 16 28 863 1010 862 3565
7935 4 2 16 28 2439 736 2164 735
7936 4 2 16 28 563 562 3241 2181
7937 4 2 16 28 2457 2328 1260 1424
7938 4 2 16 28 3267 659 3189 2186
7939 4 2 16 28 2530 2283 444 443
7940 4 2 16 28 12 1228 9 3472
7941 4 2 16 28 2188 2019 2085 3542
7942 4 2 16 28 533 1254 1331 2631
7943 4 2 16 28 235 2180 234 3454
7944 4 2 16 28 731 3264 732 3541
7945 4 2 16 28 2177 2012 954 2117
7946 4 2 16 28 3203 3291 293 2161
7947 4 2 16 28 3215 3301 298 3526
7948 4 2 16 28 1971 126 921 1534
7949 4 2 16 28 2498 2085 585 586
7950 4 2 16 28 1995 2694 2477 631
7951 4 2 16 28 835 2147 3448 3466
7952 4 2 16 28 622 3248 2039 3453
7953 4 2 16 28 2518 2019 731 2363
7954 4 2 16 28 3282 2126 709 710
7955 4 2 16 28 15 20 243 2524
7956 4 2 16 28 511 2379 2261 510
7957 4 2 16 28 2247 1363 1364 1286
7958 4 2 16 28 1056 2089 1050 1051
7959 4 2 16 28 3295 3533 3296 3581
7960 4 2 16 28 2204 2067 547 546
7961 4 2 16 28 2434 3474 2470 3494
7962 4 2 16 28 3358 2189 723 3579
7963 4 2 16 28 3140 1 1199 3464
7964 4 2 16 28 2686 2188 591 2540
7965 4 2 16 28 840 2447 2570 841
7966 4 2 16 28 99 3439 812 3498
7967 4 2 16 28 2036 614 3361 2152
7968 4 2 16 28 2570 2148 3450 3490
7969 4 2 16 28 559 2038 3337 560
7970 4 2 16 28 572 2141 3299 3508
7971 4 2 16 28 2393 2441 2551 336
7972 4 2 16 28 2614 3487 2407 3488
7973 4 2 16 28 831 106 3108 59
7974 4 2 16 28 151 1005 3125 52
7975 4 2 16 28 880 103 120 3510
7976 4 2 16 28 12 1002 1001 3461
7977 4 2 16 28 833 832 3 3459
7978 4 2 16 28 2057 2131 1449 927
7979 4 2 16 28 2072 303 302 2531
7980 4 2 16 28 3371 707 3191 3503
7981 4 2 16 28 760 3252 3268 1963
7982 4 2 16 28 3312 2104 3213 644
7983 4 2 16 28 840 839 2570 3468
7984 4 2 16 28 2152 719 2040 3373
7985 4 2 16 28 586 3221 3345 2085
7986 4 2 16 28 764 86 2110 1444
7987 4 2 16 28 859 800 858 3479
7988 4 2 16 28 542 3533 3295 3581
7989 4 2 16 28 3219 3306 3305 3536
7990 4 2 16 28 162 159 26 1024
7991 4 2 16 28 1990 1055 2168 170
7992 4 2 16 28 1302 2427 2341 1402
7993 4 2 16 28 2017 3364 699 3540
7994 4 2 16 28 840 2570 839 3490
7995 4 2 16 28 3266 3189 624 3529
7996 4 2 16 28 715 2681 2040 2429
7997 4 2 16 28 96 124 1479 2014
7998 4 2 16 28 158 854 115 3556
7999 4 2 16 28 2149 287 288 3512
8000 4 2 16 28 919 1521 800 3544
8001 4 2 16 28 799 1516 920 3544
8002 4 2 16 28 3292 2194 674 673
8003 4 2 16 28 284 2213 2558 2272
8004 4 2 16 28 1535 807 808 3559
8005 4 2 16 28 2038 559 3231 3537
8006 4 2 16 28 2372 635 634 3582
8007 4 2 16 28 3329 1958 576 575
8008 4 2 16 28 702 2620 2375 2017
8009 4 2 16 28 2130 1981 2170 982
8010 4 2 16 28 552 553 2104 3213
8011 4 2 16 28 2447 776 777 3463
8012 4 2 16 28 715 2182 2040 716
8013 4 2 16 28 3176 1221 235 3454
8014 4 2 16 28 24 160 161 3121
8015 4 2 16 28 2108 2628 2303 2626
8016 4 2 16 28 2194 294 3291 2161
8017 4 2 16 28 2512 755 2657 754
8018 4 2 16 28 3258 3259 3260 1964
8019 4 2 16 28 2156 3268 761 3188
8020 4 2 16 28 568 2201 569 2223
8021 4 2 16 28 234 2134 2180 235
8022 4 2 16 28 3284 3285 3186 3579
8023 4 2 16 28 515 516 1273 2430
8024 4 2 16 28 3201 2160 702 703
8025 4 2 16 28 2463 1421 375 376
8026 4 2 16 28 2579 365 2578 2239
8027 4 2 16 28 143 2016 970 2082
8028 4 2 16 28 918 801 2095 1518
8029 4 2 16 28 2141 3508 2108 3509
8030 4 2 16 28 2227 652 651 3237
8031 4 2 16 28 953 1591 837 3466
8032 4 2 16 28 1503 1008 1603 1007
8033 4 2 16 28 2391 2472 2624 407
8034 4 2 16 28 1430 2323 2621 2606
8035 4 2 16 28 2570 841 3488 3490
8036 4 2 16 28 451 452 1311 2650
8037 4 2 16 28 722 721 2189 3194
8038 4 2 16 28 299 2384 298 3524
8039 4 2 16 28 570 2026 3224 571
8040 4 2 16 28 1055 2168 170 1636
8041 4 2 16 28 2204 547 2024 3289
8042 4 2 16 28 3254 3267 3255 2186
8043 4 2 16 28 19 18 2563 3439
8044 4 2 16 28 1991 925 1539 924
8045 4 2 16 28 1030 1018 164 3474
8046 4 2 16 28 2067 2232 545 3581
8047 4 2 16 28 1970 2699 99 3498
8048 4 2 16 28 821 878 2447 820
8049 4 2 16 28 1968 2092 897 122
8050 4 2 16 28 1033 3471 163 3557
8051 4 2 16 28 2245 2199 2442 2678
8052 4 2 16 28 3328 2122 677 3558
8053 4 2 16 28 2197 599 3365 600
8054 4 2 16 28 79 208 209 609
8055 4 2 16 28 1055 1990 2168 2089
8056 4 2 16 28 1348 1258 1349 2511
8057 4 2 16 28 1530 812 927 3498
8058 4 2 16 28 2441 334 2300 335
8059 4 2 16 28 1970 99 2699 3516
8060 4 2 16 28 1996 2530 2389 712
8061 4 2 16 28 1963 2315 759 758
8062 4 2 16 28 2087 2170 2195 150
8063 4 2 16 28 282 281 2145 2536
8064 4 2 16 28 557 2159 556 3537
8065 4 2 16 28 205 78 212 606
8066 4 2 16 28 3237 561 560 2038
8067 4 2 16 28 2682 714 2530 2429
8068 4 2 16 28 1991 3516 2071 3550
8069 4 2 16 28 778 1473 893 3463
8070 4 2 16 28 2372 634 2113 3582
8071 4 2 16 28 2161 3325 3326 3558
8072 4 2 16 28 2043 2042 2185 1064
8073 4 2 16 28 881 819 880 3483
8074 4 2 16 28 705 1980 3244 3369
8075 4 2 16 28 597 3368 3243 2109
8076 4 2 16 28 1347 2417 1345 462
8077 4 2 16 28 2279 2667 1341 1344
8078 4 2 16 28 2204 2113 1994 3581
8079 4 2 16 28 3315 3233 2023 3527
8080 4 2 16 28 2162 540 3228 539
8081 4 2 16 28 2620 2382 1437 455
8082 4 2 16 28 94 781 2614 3505
8083 4 2 16 28 2437 1203 3156 3570
8084 4 2 16 28 2031 2110 2116 764
8085 4 2 16 28 3221 586 585 2085
8086 4 2 16 28 3358 723 3193 3579
8087 4 2 16 28 2150 2038 561 562
8088 4 2 16 28 246 25 161 3551
8089 4 2 16 28 1323 2663 2287 1328
8090 4 2 16 28 505 506 1300 2639
8091 4 2 16 28 2298 306 535 3515
8092 4 2 16 28 1638 3458 1026 3491
8093 4 2 16 28 835 834 3448 3459
8094 4 2 16 28 2205 282 283 3539
8095 4 2 16 28 985 1985 946 133
8096 4 2 16 28 1013 3474 157 3477
8097 4 2 16 28 1980 705 3244 706
8098 4 2 16 28 292 3203 2161 3325
8099 4 2 16 28 847 160 1553 1643
8100 4 2 16 28 963 1643 1553 168
8101 4 2 16 28 838 2415 839 3468
8102 4 2 16 28 64 3186 3198 2184
8103 4 2 16 28 114 812 99 3511
8104 4 2 16 28 2571 595 2579 3456
8105 4 2 16 28 2480 3460 2022 3466
8106 4 2 16 28 2360 1994 2638 2504
8107 4 2 16 28 950 1985 2146 2073
8108 4 2 16 28 2608 298 2384 3524
8109 4 2 16 28 658 81 2015 2293
8110 4 2 16 28 609 80 622 3528
8111 4 2 16 28 2583 15 241 2524
8112 4 2 16 28 2038 2070 2159 3537
8113 4 2 16 28 611 3357 3193 3579
8114 4 2 16 28 612 613 3194 2036
8115 4 2 16 28 3358 3357 2036 3579
8116 4 2 16 28 241 15 2583 3444
8117 4 2 16 28 1985 985 946 2063
8118 4 2 16 28 2029 2249 584 583
8119 4 2 16 28 12 1005 3124 3122
8120 4 2 16 28 3206 3327 3328 3558
8121 4 2 16 28 217 218 3112 3534
8122 4 2 16 28 143 2093 126 921
8123 4 2 16 28 2151 2544 2448 2518
8124 4 2 16 28 1226 1225 2510 3504
8125 4 2 16 28 500 2653 1442 74
8126 4 2 16 28 2665 2389 2676 445
8127 4 2 16 28 479 480 1276 2313
8128 4 2 16 28 2122 3328 678 3211
8129 4 2 16 28 469 1327 468 2517
8130 4 2 16 28 2198 603 602 3195
8131 4 2 16 28 1415 1288 1416 2582
8132 4 2 16 28 3215 669 3302 3526
8133 4 2 16 28 2184 610 278 64
8134 4 2 16 28 2577 2036 613 612
8135 4 2 16 28 738 737 2164 2465
8136 4 2 16 28 656 2156 3188 3269
8137 4 2 16 28 2184 2374 610 2036
8138 4 2 16 28 2447 776 3463 3473
8139 4 2 16 28 2137 2079 902 123
8140 4 2 16 28 2205 283 282 2213
8141 4 2 16 28 908 907 1481 2014
8142 4 2 16 28 2134 234 3127 235
8143 4 2 16 28 2442 291 1961 2503
8144 4 2 16 28 731 3199 3264 3541
8145 4 2 16 28 2527 2327 2665 1256
8146 4 2 16 28 1288 314 2397 2257
8147 4 2 16 28 827 826 836 3487
8148 4 2 16 28 2085 2278 2451 2497
8149 4 2 16 28 2328 2463 375 374
8150 4 2 16 28 2042 1062 2003 2041
8151 4 2 16 28 544 1994 2601 543
8152 4 2 16 28 1533 99 127 2084
8153 4 2 16 28 618 1962 2354 619
8154 4 2 16 28 2083 944 987 988
8155 4 2 16 28 3271 3270 3272 3526
8156 4 2 16 28 3331 2104 3332 3213
8157 4 2 16 28 2092 1968 2111 122
8158 4 2 16 28 2683 779 3457 3463
8159 4 2 16 28 63 2186 3255 3529
8160 4 2 16 28 674 675 2342 2028
8161 4 2 16 28 2426 1304 1380 1379
8162 4 2 16 28 613 2153 2036 2577
8163 4 2 16 28 978 2187 1506 979
8164 4 2 16 28 2059 3238 3317 3318
8165 4 2 16 28 897 2190 898 2005
8166 4 2 16 28 366 365 1433 2578
8167 4 2 16 28 3299 2026 3224 3300
8168 4 2 16 28 693 84 2192 3532
8169 4 2 16 28 2004 2082 1059 171
8170 4 2 16 28 2324 2564 448 447
8171 4 2 16 28 1958 3323 2088 3205
8172 4 2 16 28 307 277 2576 62
8173 4 2 16 28 1974 2034 2112 893
8174 4 2 16 28 3364 2198 2017 3363
8175 4 2 16 28 5 1987 3453 3567
8176 4 2 16 28 216 1202 3135 3492
8177 4 2 16 28 3135 1203 217 3492
8178 4 2 16 28 3298 3217 3297 3512
8179 4 2 16 28 1283 326 327 2494
8180 4 2 16 28 2387 2330 1384 483
8181 4 2 16 28 107 832 1594 3460
8182 4 2 16 28 2211 2059 628 627
8183 4 2 16 28 1474 895 776 2111
8184 4 2 16 28 2402 556 557 2159
8185 4 2 16 28 2189 721 722 2495
8186 4 2 16 28 701 2017 702 3372
8187 4 2 16 28 2503 289 290 1961
8188 4 2 16 28 903 1478 792 3484
8189 4 2 16 28 16 1233 241 3475
8190 4 2 16 28 1239 243 20 3469
8191 4 2 16 28 1279 513 2645 1374
8192 4 2 16 28 726 727 3186 2060
8193 4 2 16 28 2656 3554 3553 3565
8194 4 2 16 28 2059 628 3318 3580
8195 4 2 16 28 3263 3199 592 3541
8196 4 2 16 28 3301 3220 299 3525
8197 4 2 16 28 453 454 1308 2621
8198 4 2 16 28 2581 2223 569 570
8199 4 2 16 28 2085 588 2451 3542
8200 4 2 16 28 2694 2478 2113 1995
8201 4 2 16 28 23 245 101 1234
8202 4 2 16 28 2017 2620 2704 701
8203 4 2 16 28 1234 23 15 1232
8204 4 2 16 28 1238 19 27 1240
8205 4 2 16 28 125 97 3500 3517
8206 4 2 16 28 870 3445 786 3486
8207 4 2 16 28 1479 787 96 3440
8208 4 2 16 28 792 1478 95 3441
8209 4 2 16 28 3265 688 3258 1964
8210 4 2 16 28 1301 529 1380 2364
8211 4 2 16 28 2194 3270 672 3209
8212 4 2 16 28 2120 639 3290 3548
8213 4 2 16 28 119 781 94 3505
8214 4 2 16 28 596 597 2109 2401
8215 4 2 16 28 3364 3197 2017 700
8216 4 2 16 28 2460 784 783 3520
8217 4 2 16 28 2161 2442 293 292
8218 4 2 16 28 2104 643 3332 3213
8219 4 2 16 28 1975 2332 3438 3476
8220 4 2 16 28 1339 1281 1340 2358
8221 4 2 16 28 1534 1971 126 98
8222 4 2 16 28 2515 720 2189 2495
8223 4 2 16 28 1232 1234 101 3444
8224 4 2 16 28 2113 633 3296 634
8225 4 2 16 28 2170 152 1981 2195
8226 4 2 16 28 1299 2585 1324 2411
8227 4 2 16 28 599 1997 2197 598
8228 4 2 16 28 854 158 1019 3557
8229 4 2 16 28 668 3220 3302 3525
8230 4 2 16 28 3275 582 581 3513
8231 4 2 16 28 1032 1031 3471 3494
8232 4 2 16 28 751 2305 2124 3509
8233 4 2 16 28 161 44 25 246
8234 4 2 16 28 845 844 816 3560
8235 4 2 16 28 2109 3244 595 3503
8236 4 2 16 28 2191 305 304 2459
8237 4 2 16 28 1401 1302 2341 1402
8238 4 2 16 28 3241 3250 3251 2181
8239 4 2 16 28 835 3448 2147 3459
8240 4 2 16 28 1033 1032 3471 3494
8241 4 2 16 28 83 2128 2060 2280
8242 4 2 16 28 2182 617 618 1962
8243 4 2 16 28 2306 2440 2539 333
8244 4 2 16 28 3276 582 3275 3513
8245 4 2 16 28 2513 84 73 2335
8246 4 2 16 28 2161 2027 294 2231
8247 4 2 16 28 802 3479 801 3530
8248 4 2 16 28 153 1009 155 3442
8249 4 2 16 28 2631 2405 1254 2576
8250 4 2 16 28 3307 2122 3308 3211
8251 4 2 16 28 1301 1405 1406 2546
8252 4 2 16 28 218 3137 1204 3455
8253 4 2 16 28 1034 3449 3474 3538
8254 4 2 16 28 2160 3201 3368 703
8255 4 2 16 28 858 801 857 3479
8256 4 2 16 28 2085 3227 3345 587
8257 4 2 16 28 2160 704 703 3243
8258 4 2 16 28 2639 2412 2651 1382
8259 4 2 16 28 25 1025 161 3551
8260 4 2 16 28 1205 3139 219 3456
8261 4 2 16 28 270 298 2608 269
8262 4 2 16 28 688 3265 689 1964
8263 4 2 16 28 749 750 2548 2549
8264 4 2 16 28 3240 2191 3315 2023
8265 4 2 16 28 1972 668 667 2616
8266 4 2 16 28 12 48 1005 3122
8267 4 2 16 28 1015 1016 1032 3494
8268 4 2 16 28 1031 1016 1017 3494
8269 4 2 16 28 799 800 3479 3544
8270 4 2 16 28 22 814 102 3535
8271 4 2 16 28 1971 98 2248 3544
8272 4 2 16 28 234 2134 11 2039
8273 4 2 16 28 2481 2487 1387 321
8274 4 2 16 28 596 2401 2203 2571
8275 4 2 16 28 1531 2172 100 128
8276 4 2 16 28 2554 2570 2148 3450
8277 4 2 16 28 144 976 2175 1505
8278 4 2 16 28 2131 926 2084 2165
8279 4 2 16 28 793 1527 909 2119
8280 4 2 16 28 542 3222 3295 3533
8281 4 2 16 28 2149 288 1961 3558
8282 4 2 16 28 1017 856 3474 3494
8283 4 2 16 28 879 2447 878 820
8284 4 2 16 28 1972 2486 2624 670
8285 4 2 16 28 103 110 824 3510
8286 4 2 16 28 2188 592 591 2540
8287 4 2 16 28 3314 757 2201 1963
8288 4 2 16 28 85 87 1443 813
8289 4 2 16 28 2194 2342 2647 2648
8290 4 2 16 28 2059 63 535 3257
8291 4 2 16 28 301 3347 3226 3527
8292 4 2 16 28 2019 735 3334 734
8293 4 2 16 28 554 2519 553 1959
8294 4 2 16 28 328 2365 2402 329
8295 4 2 16 28 2681 2490 2682 442
8296 4 2 16 28 2425 2236 2409 3470
8297 4 2 16 28 3363 2198 2197 601
8298 4 2 16 28 1985 950 2146 136
8299 4 2 16 28 3222 633 3296 3533
8300 4 2 16 28 3367 2182 618 3242
8301 4 2 16 28 3198 1964 689 3265
8302 4 2 16 28 732 2019 731 3541
8303 4 2 16 28 2220 708 709 2324
8304 4 2 16 28 153 1037 1009 3480
8305 4 2 16 28 3133 211 206 3249
8306 4 2 16 28 2056 2192 2151 3532
8307 4 2 16 28 1023 850 851 3499
8308 4 2 16 28 3226 3348 666 3527
8309 4 2 16 28 284 2025 2213 3351
8310 4 2 16 28 336 337 1306 2551
8311 4 2 16 28 563 2441 2150 3506
8312 4 2 16 28 2536 280 281 2145
8313 4 2 16 28 26 27 38 160
8314 4 2 16 28 1969 3303 3216 3513
8315 4 2 16 28 243 1240 19 3462
8316 4 2 16 28 3348 667 666 3525
8317 4 2 16 28 3347 301 300 3525
8318 4 2 16 28 304 2191 303 3527
8319 4 2 16 28 2140 156 2090 980
8320 4 2 16 28 2446 2250 1405 311
8321 4 2 16 28 2448 2019 2518 2363
8322 4 2 16 28 2161 2028 3326 3203
8323 4 2 16 28 2638 2446 312 311
8324 4 2 16 28 1238 18 19 3462
8325 4 2 16 28 266 1275 265 2560
8326 4 2 16 28 779 778 2683 3468
8327 4 2 16 28 21 34 248 87
8328 4 2 16 28 207 210 3134 3249
8329 4 2 16 28 2281 2403 2663 1264
8330 4 2 16 28 748 3330 2108 747
8331 4 2 16 28 158 1014 163 3556
8332 4 2 16 28 673 3292 2194 3209
8333 4 2 16 28 796 3482 795 3553
8334 4 2 16 28 1048 2082 166 970
8335 4 2 16 28 939 2177 1984 940
8336 4 2 16 28 3214 3581 3296 3582
8337 4 2 16 28 2653 2452 2654 74
8338 4 2 16 28 2118 1977 2045 911
8339 4 2 16 28 3276 583 582 3513
8340 4 2 16 28 596 597 3243 2109
8341 4 2 16 28 2056 76 3287 3532
8342 4 2 16 28 599 1997 598 2244
8343 4 2 16 28 248 1241 21 3502
8344 4 2 16 28 2087 135 2195 2146
8345 4 2 16 28 2214 2332 1975 3476
8346 4 2 16 28 2227 2038 3319 3237
8347 4 2 16 28 593 77 606 3478
8348 4 2 16 28 3189 3255 2186 3529
8349 4 2 16 28 2223 567 2201 3506
8350 4 2 16 28 120 780 93 3510
8351 4 2 16 28 1034 3449 164 3474
8352 4 2 16 28 773 881 880 3483
8353 4 2 16 28 1267 370 1430 2606
8354 4 2 16 28 2600 1318 1329 2552
8355 4 2 16 28 1970 99 127 1530
8356 4 2 16 28 808 3499 809 3550
8357 4 2 16 28 3553 3554 3482 3565
8358 4 2 16 28 581 2029 580 3513
8359 4 2 16 28 1227 6 2 3460
8360 4 2 16 28 2649 2344 2650 450
8361 4 2 16 28 2442 2199 1993 2678
8362 4 2 16 28 104 825 874 3488
8363 4 2 16 28 795 3482 794 3565
8364 4 2 16 28 1637 2004 1029 3471
8365 4 2 16 28 2119 124 96 2014
8366 4 2 16 28 2017 2619 2322 2704
8367 4 2 16 28 119 879 104 3505
8368 4 2 16 28 1223 3169 237 3440
8369 4 2 16 28 1202 216 3136 3441
8370 4 2 16 28 2119 3440 96 3496
8371 4 2 16 28 564 3239 565 3506
8372 4 2 16 28 3236 567 566 3506
8373 4 2 16 28 3354 631 632 3533
8374 4 2 16 28 541 540 3353 3533
8375 4 2 16 28 3332 3207 642 3548
8376 4 2 16 28 2108 3205 3330 1958
8377 4 2 16 28 73 2432 2513 2335
8378 4 2 16 28 3234 3261 3262 3541
8379 4 2 16 28 2236 2214 3470 3476
8380 4 2 16 28 3285 726 3186 2060
8381 4 2 16 28 665 664 3336 3527
8382 4 2 16 28 302 3335 303 3527
8383 4 2 16 28 149 9 6 3460
8384 4 2 16 28 812 3118 811 3511
8385 4 2 16 28 1967 2062 903 2137
8386 4 2 16 28 565 3239 3313 3506
8387 4 2 16 28 3319 562 2038 2181
8388 4 2 16 28 3207 3331 551 3548
8389 4 2 16 28 401 1298 2421 1398
8390 4 2 16 28 955 1565 840 3490
8391 4 2 16 28 954 841 1565 3490
8392 4 2 16 28 281 2205 282 2145
8393 4 2 16 28 951 2073 943 944
8394 4 2 16 28 3357 611 612 2036
8395 4 2 16 28 2100 969 2016 2099
8396 4 2 16 28 2010 2011 2554 3451
8397 4 2 16 28 109 837 825 3488
8398 4 2 16 28 605 3287 3192 3540
8399 4 2 16 28 1995 632 631 3533
8400 4 2 16 28 3232 3318 628 3580
8401 4 2 16 28 799 115 98 3556
8402 4 2 16 28 2578 2400 2613 367
8403 4 2 16 28 2109 1987 1980 3503
8404 4 2 16 28 3248 1996 621 2039
8405 4 2 16 28 1273 323 1393 2481
8406 4 2 16 28 545 2204 2067 3581
8407 4 2 16 28 3265 3258 3260 1964
8408 4 2 16 28 3218 3508 3299 3509
8409 4 2 16 28 1060 1620 1032 3471
8410 4 2 16 28 932 933 2206 1575
8411 4 2 16 28 1525 796 912 3482
8412 4 2 16 28 1525 911 795 3482
8413 4 2 16 28 1342 1341 2279 2587
8414 4 2 16 28 566 3313 3236 3506
8415 4 2 16 28 694 695 3288 3531
8416 4 2 16 28 1285 2580 1357 344
8417 4 2 16 28 1459 2105 91 3543
8418 4 2 16 28 3232 537 3317 3580
8419 4 2 16 28 135 2087 150 107
8420 4 2 16 28 2087 150 107 149
8421 4 2 16 28 235 1221 3172 3454
8422 4 2 16 28 754 755 2657 2173
8423 4 2 16 28 3198 278 64 2184
8424 4 2 16 28 2518 2151 730 731
8425 4 2 16 28 2424 2554 2011 3451
8426 4 2 16 28 1995 2478 2477 2694
8427 4 2 16 28 238 3169 1224 3485
8428 4 2 16 28 1201 3136 215 3484
8429 4 2 16 28 621 622 2039 3452
8430 4 2 16 28 1460 772 888 3522
8431 4 2 16 28 1460 887 771 3522
8432 4 2 16 28 2152 1962 2153 616
8433 4 2 16 28 2251 2598 642 515
8434 4 2 16 28 3372 701 2017 3197
8435 4 2 16 28 768 2116 2031 90
8436 4 2 16 28 87 28 248 3495
8437 4 2 16 28 3234 3333 3334 3542
8438 4 2 16 28 3190 3282 710 2126
8439 4 2 16 28 3204 2088 3294 3293
8440 4 2 16 28 635 3214 634 3582
8441 4 2 16 28 2056 76 605 3287
8442 4 2 16 28 869 1503 1005 868
8443 4 2 16 28 1502 831 866 865
8444 4 2 16 28 839 822 823 3468
8445 4 2 16 28 884 769 89 3443
8446 4 2 16 28 1992 2082 2093 920
8447 4 2 16 28 1355 2420 1268 1356
8448 4 2 16 28 1450 135 948 2195
8449 4 2 16 28 2026 753 754 3350
8450 4 2 16 28 2122 679 3308 3211
8451 4 2 16 28 2540 2188 592 2652
8452 4 2 16 28 2683 778 3463 3468
8453 4 2 16 28 797 3482 796 3554
8454 4 2 16 28 3138 1201 3484 3562
8455 4 2 16 28 2640 786 95 3445
8456 4 2 16 28 1992 2082 920 971
8457 4 2 16 28 2423 576 2703 3507
8458 4 2 16 28 21 34 87 765
8459 4 2 16 28 122 1472 94 3473
8460 4 2 16 28 3369 595 596 2109
8461 4 2 16 28 2129 1981 2130 907
8462 4 2 16 28 587 2085 3227 588
8463 4 2 16 28 416 1277 415 2371
8464 4 2 16 28 1528 2118 794 3482
8465 4 2 16 28 2157 901 2079 2053
8466 4 2 16 28 3322 640 641 3548
8467 4 2 16 28 78 606 205 3456
8468 4 2 16 28 550 549 3321 3548
8469 4 2 16 28 871 870 785 3486
8470 4 2 16 28 821 840 2447 3468
8471 4 2 16 28 1027 1026 3481 3491
8472 4 2 16 28 3264 3261 732 3541
8473 4 2 16 28 1964 2184 279 3260
8474 4 2 16 28 87 28 85 3120
8475 4 2 16 28 2104 644 643 3213
8476 4 2 16 28 3475 3497 2011 3551
8477 4 2 16 28 72 727 2280 83
8478 4 2 16 28 3367 2040 3200 2152
8479 4 2 16 28 2444 1303 1378 2302
8480 4 2 16 28 26 162 1024 3123
8481 4 2 16 28 1521 918 801 2095
8482 4 2 16 28 2468 2607 624 2210
8483 4 2 16 28 3171 3485 1224 3504
8484 4 2 16 28 623 3376 81 2210
8485 4 2 16 28 742 3210 743 3514
8486 4 2 16 28 538 3339 539 3580
8487 4 2 16 28 782 781 2614 3520
8488 4 2 16 28 1227 1 3 3460
8489 4 2 16 28 654 655 2181 2061
8490 4 2 16 28 2510 3442 2347 3480
8491 4 2 16 28 2061 2413 655 656
8492 4 2 16 28 2028 3326 676 3558
8493 4 2 16 28 3309 3218 3310 3509
8494 4 2 16 28 3359 603 604 3540
8495 4 2 16 28 3369 596 3243 2109
8496 4 2 16 28 285 2213 284 2025
8497 4 2 16 28 3360 697 698 3540
8498 4 2 16 28 1359 1284 1360 2677
8499 4 2 16 28 2191 306 305 2298
8500 4 2 16 28 629 630 3340 3580
8501 4 2 16 28 5 1987 4 3478
8502 4 2 16 28 2120 2253 638 2597
8503 4 2 16 28 161 25 44 1025
8504 4 2 16 28 835 3448 834 3486
8505 4 2 16 28 3368 2160 703 3243
8506 4 2 16 28 2583 3444 3535 3560
8507 4 2 16 28 2153 2385 2152 616
8508 4 2 16 28 705 2109 3243 2160
8509 4 2 16 28 2306 1294 1400 1399
8510 4 2 16 28 1961 289 290 3558
8511 4 2 16 28 160 24 27 3121
8512 4 2 16 28 3317 3238 2059 536
8513 4 2 16 28 3374 2156 82 762
8514 4 2 16 28 2103 3469 3438 3498
8515 4 2 16 28 2011 2424 3451 3475
8516 4 2 16 28 2325 602 2463 2586
8517 4 2 16 28 3251 563 3241 2181
8518 4 2 16 28 2401 2109 596 2203
8519 4 2 16 28 595 3456 2109 3503
8520 4 2 16 28 3212 575 574 3508
8521 4 2 16 28 2181 653 2227 3320
8522 4 2 16 28 3240 2191 2186 3255
8523 4 2 16 28 573 572 3218 3508
8524 4 2 16 28 2447 776 3473 3505
8525 4 2 16 28 3187 3288 3287 3532
8526 4 2 16 28 56 226 6 3566
8527 4 2 16 28 2031 2110 764 767
8528 4 2 16 28 2131 926 127 2084
8529 4 2 16 28 838 3468 824 3510
8530 4 2 16 28 2388 2384 299 3524
8531 4 2 16 28 1551 1443 86 929
8532 4 2 16 28 813 1443 85 1551
8533 4 2 16 28 3224 3350 2026 3349
8534 4 2 16 28 2345 2160 705 2622
8535 4 2 16 28 1991 1539 808 924
8536 4 2 16 28 383 1258 1419 2373
8537 4 2 16 28 3355 3225 3356 3537
8538 4 2 16 28 2479 2412 2639 506
8539 4 2 16 28 10 2039 11 3567
8540 4 2 16 28 2104 553 552 1959
8541 4 2 16 28 459 1260 2457 1422
8542 4 2 16 28 2383 1349 2511 1350
8543 4 2 16 28 588 2497 2085 2451
8544 4 2 16 28 234 3173 1220 3452
8545 4 2 16 28 617 2182 3367 2152
8546 4 2 16 28 2120 640 2598 2597
8547 4 2 16 28 102 814 111 3535
8548 4 2 16 28 3203 293 292 2161
8549 4 2 16 28 759 3252 760 1963
8550 4 2 16 28 2191 535 306 3515
8551 4 2 16 28 3286 3287 3288 3531
8552 4 2 16 28 2010 2554 2148 3450
8553 4 2 16 28 328 2365 2618 2422
8554 4 2 16 28 2072 303 2531 2459
8555 4 2 16 28 2229 2021 2022 3472
8556 4 2 16 28 618 2182 1962 619
8557 4 2 16 28 2149 2122 288 3558
8558 4 2 16 28 828 834 829 3486
8559 4 2 16 28 2626 2387 484 483
8560 4 2 16 28 23 22 101 85
8561 4 2 16 28 767 765 1448 3502
8562 4 2 16 28 2406 2629 434 435
8563 4 2 16 28 551 3331 2104 3548
8564 4 2 16 28 2248 98 1971 3489
8565 4 2 16 28 3218 3309 573 3508
8566 4 2 16 28 3212 574 3309 3508
8567 4 2 16 28 2703 576 1958 3507
8568 4 2 16 28 777 776 2447 878
8569 4 2 16 28 280 2205 281 2145
8570 4 2 16 28 556 555 3305 3536
8571 4 2 16 28 3281 3214 635 3582
8572 4 2 16 28 1637 163 2004 3471
8573 4 2 16 28 3375 3186 2163 692
8574 4 2 16 28 657 2156 82 3374
8575 4 2 16 28 237 3485 238 3546
8576 4 2 16 28 821 878 1467 877
8577 4 2 16 28 1512 1015 858 857
8578 4 2 16 28 857 1017 856 1513
8579 4 2 16 28 992 993 939 1467
8580 4 2 16 28 1219 1220 607 3578
8581 4 2 16 28 636 3278 3281 3582
8582 4 2 16 28 20 2524 244 3438
8583 4 2 16 28 804 116 855 3477
8584 4 2 16 28 325 2680 2519 2494
8585 4 2 16 28 863 1506 862 1010
8586 4 2 16 28 1494 873 826 872
8587 4 2 16 28 1454 883 816 882
8588 4 2 16 28 1542 853 1020 852
8589 4 2 16 28 828 871 1495 872
8590 4 2 16 28 861 862 1507 1012
8591 4 2 16 28 881 882 1455 818
8592 4 2 16 28 851 1022 852 1543
8593 4 2 16 28 968 967 1543 1051
8594 4 2 16 28 987 944 1495 988
8595 4 2 16 28 2580 2304 343 344
8596 4 2 16 28 580 2174 579 2088
8597 4 2 16 28 1462 770 886 3543
8598 4 2 16 28 981 1008 1503 1007
8599 4 2 16 28 1627 1514 1018 856
8600 4 2 16 28 1047 972 1626 1515
8601 4 2 16 28 1469 824 1572 876
8602 4 2 16 28 1470 940 1571 992
8603 4 2 16 28 1014 858 1515 1626
8604 4 2 16 28 1470 820 878 1571
8605 4 2 16 28 1627 1043 1514 974
8606 4 2 16 28 94 2614 1968 3473
8607 4 2 16 28 2337 2023 664 2207
8608 4 2 16 28 2071 3516 2418 3550
8609 4 2 16 28 592 2652 605 2658
8610 4 2 16 28 2038 2227 3338 3237
8611 4 2 16 28 2328 2592 373 1423
8612 4 2 16 28 2191 3255 63 2186
8613 4 2 16 28 608 1205 1206 3578
8614 4 2 16 28 2010 2148 2009 3450
8615 4 2 16 28 3132 236 237 1979
8616 4 2 16 28 2596 346 2594 2595
8617 4 2 16 28 878 776 2447 879
8618 4 2 16 28 2399 3184 1223 1224
8619 4 2 16 28 1578 819 1456 881
8620 4 2 16 28 1635 1544 851 1023
8621 4 2 16 28 1616 1508 861 1013
8622 4 2 16 28 1496 945 1587 987
8623 4 2 16 28 871 829 1587 1496
8624 4 2 16 28 967 1052 1544 1635
8625 4 2 16 28 935 997 1578 1456
8626 4 2 16 28 1042 1508 977 1616
8627 4 2 16 28 1497 825 1586 873
8628 4 2 16 28 1457 815 1577 883
8629 4 2 16 28 1545 1048 969 1634
8630 4 2 16 28 1586 941 1497 989
8631 4 2 16 28 1019 1545 853 1634
8632 4 2 16 28 1009 1509 863 1615
8633 4 2 16 28 979 1038 1615 1509
8634 4 2 16 28 999 931 1577 1457
8635 4 2 16 28 3253 3268 3252 1963
8636 4 2 16 28 307 2576 1314 62
8637 4 2 16 28 2450 3469 2277 3498
8638 4 2 16 28 3368 598 2197 2109
8639 4 2 16 28 96 2347 793 3496
8640 4 2 16 28 3265 3260 3198 1964
8641 4 2 16 28 427 1252 1264 2403
8642 4 2 16 28 118 865 792 3562
8643 4 2 16 28 1996 2530 713 714
8644 4 2 16 28 873 872 783 3487
8645 4 2 16 28 535 3238 2059 3257
8646 4 2 16 28 150 135 107 1596
8647 4 2 16 28 150 107 149 1597
8648 4 2 16 28 81 2633 623 2210
8649 4 2 16 28 242 1236 16 3551
8650 4 2 16 28 3194 3361 2189 2036
8651 4 2 16 28 3192 3286 696 3531
8652 4 2 16 28 1027 1022 1021 3481
8653 4 2 16 28 877 778 876 3468
8654 4 2 16 28 2040 2429 1996 715
8655 4 2 16 28 2461 2462 1296 1414
8656 4 2 16 28 2149 288 2122 3512
8657 4 2 16 28 2076 1988 2172 128
8658 4 2 16 28 3292 2161 2194 3291
8659 4 2 16 28 826 827 872 3487
8660 4 2 16 28 2686 1957 2325 2451
8661 4 2 16 28 2284 2536 251 252
8662 4 2 16 28 2036 2230 2374 2577
8663 4 2 16 28 1019 1029 1020 3557
8664 4 2 16 28 681 2025 682 2208
8665 4 2 16 28 943 944 2083 988
8666 4 2 16 28 2689 2309 2703 349
8667 4 2 16 28 916 803 1522 3467
8668 4 2 16 28 980 1038 2187 979
8669 4 2 16 28 1618 2004 163 3471
8670 4 2 16 28 2211 627 628 2541
8671 4 2 16 28 985 2137 903 2062
8672 4 2 16 28 989 2219 2005 2083
8673 4 2 16 28 3266 624 625 3529
8674 4 2 16 28 2372 2590 2617 523
8675 4 2 16 28 105 3445 870 3486
8676 4 2 16 28 2152 3200 3373 2040
8677 4 2 16 28 865 831 213 830
8678 4 2 16 28 869 1006 240 1005
8679 4 2 16 28 810 850 114 3499
8680 4 2 16 28 1474 2111 776 3473
8681 4 2 16 28 2623 2320 466 2476
8682 4 2 16 28 3279 2204 545 3581
8683 4 2 16 28 17 1237 25 3446
8684 4 2 16 28 2054 2165 2084 925
8685 4 2 16 28 102 763 22 3465
8686 4 2 16 28 904 2218 984 2063
8687 4 2 16 28 2149 288 2433 1961
8688 4 2 16 28 1200 3155 1211 3569
8689 4 2 16 28 3155 1199 1212 3569
8690 4 2 16 28 2609 2477 2664 526
8691 4 2 16 28 237 2129 3485 3546
8692 4 2 16 28 2575 2436 68 380
8693 4 2 16 28 270 269 2608 2491
8694 4 2 16 28 2126 3282 709 3503
8695 4 2 16 28 2088 3210 3293 3513
8696 4 2 16 28 822 821 1570 877
8697 4 2 16 28 857 1624 1015 1016
8698 4 2 16 28 857 1016 1017 1625
8699 4 2 16 28 973 1046 1624 1045
8700 4 2 16 28 993 939 1570 938
8701 4 2 16 28 1569 822 877 823
8702 4 2 16 28 843 959 2010 1561
8703 4 2 16 28 969 2200 2099 1049
8704 4 2 16 28 836 837 1591 3466
8705 4 2 16 28 3205 2108 746 2088
8706 4 2 16 28 816 882 817 1575
8707 4 2 16 28 1020 1021 1632 852
8708 4 2 16 28 827 1584 826 872
8709 4 2 16 28 1011 862 1613 1010
8710 4 2 16 28 1585 827 828 872
8711 4 2 16 28 968 1633 1050 1051
8712 4 2 16 28 1021 1633 852 1022
8713 4 2 16 28 882 818 817 1576
8714 4 2 16 28 944 943 1585 988
8715 4 2 16 28 1012 862 1614 1011
8716 4 2 16 28 655 2413 2061 654
8717 4 2 16 28 2548 748 749 2303
8718 4 2 16 28 2122 678 679 3211
8719 4 2 16 28 2672 1386 2268 412
8720 4 2 16 28 111 814 846 3444
8721 4 2 16 28 2567 2061 654 653
8722 4 2 16 28 981 982 1007 1503
8723 4 2 16 28 618 3242 2182 619
8724 4 2 16 28 2441 2551 336 65
8725 4 2 16 28 22 23 32 85
8726 4 2 16 28 558 2159 557 3537
8727 4 2 16 28 2098 218 219 3455
8728 4 2 16 28 762 3374 2156 3188
8729 4 2 16 28 2483 2531 272 273
8730 4 2 16 28 3248 2126 711 1996
8731 4 2 16 28 3343 2201 567 3506
8732 4 2 16 28 2480 2229 2022 3472
8733 4 2 16 28 844 2010 843 3560
8734 4 2 16 28 2520 627 626 2211
8735 4 2 16 28 622 80 3248 3453
8736 4 2 16 28 14 15 2583 1229
8737 4 2 16 28 2558 285 286 2149
8738 4 2 16 28 666 2207 667 2522
8739 4 2 16 28 2166 797 1526 3517
8740 4 2 16 28 2149 285 286 3512
8741 4 2 16 28 2156 656 2061 655
8742 4 2 16 28 741 3277 3274 3514
8743 4 2 16 28 626 2211 627 3529
8744 4 2 16 28 2306 2539 332 333
8745 4 2 16 28 216 3135 217 3492
8746 4 2 16 28 3214 3281 3280 3581
8747 4 2 16 28 1056 1027 1640 3491
8748 4 2 16 28 2508 2521 357 1365
8749 4 2 16 28 1033 1014 3556 3557
8750 4 2 16 28 2388 2491 2666 270
8751 4 2 16 28 3330 3212 748 2108
8752 4 2 16 28 156 2090 980 1038
8753 4 2 16 28 3351 3229 3352 3539
8754 4 2 16 28 2141 2108 2026 3509
8755 4 2 16 28 678 2122 2028 677
8756 4 2 16 28 818 843 842 3552
8757 4 2 16 28 3327 290 289 3558
8758 4 2 16 28 2628 2088 2485 744
8759 4 2 16 28 2201 2026 3230 3349
8760 4 2 16 28 3215 298 297 3526
8761 4 2 16 28 680 2066 679 2122
8762 4 2 16 28 34 30 21 248
8763 4 2 16 28 44 40 25 246
8764 4 2 16 28 284 2213 2272 283
8765 4 2 16 28 780 779 2683 3510
8766 4 2 16 28 12 1002 3461 3472
8767 4 2 16 28 109 3466 3488 3490
8768 4 2 16 28 778 777 1473 3463
8769 4 2 16 28 869 155 117 3442
8770 4 2 16 28 2105 1459 92 2135
8771 4 2 16 28 461 2417 2700 462
8772 4 2 16 28 2488 2209 2252 2450
8773 4 2 16 28 2028 676 677 3558
8774 4 2 16 28 570 2026 571 2223
8775 4 2 16 28 1589 3466 109 3490
8776 4 2 16 28 798 1523 914 3517
8777 4 2 16 28 109 825 104 3488
8778 4 2 16 28 2554 2424 2425 3560
8779 4 2 16 28 556 1959 555 3536
8780 4 2 16 28 2200 969 970 1048
8781 4 2 16 28 909 2140 1977 980
8782 4 2 16 28 359 1293 1407 2414
8783 4 2 16 28 2023 661 3240 2186
8784 4 2 16 28 3134 209 208 609
8785 4 2 16 28 606 212 205 3133
8786 4 2 16 28 237 3131 230 3576
8787 4 2 16 28 3159 1202 1209 3573
8788 4 2 16 28 3115 223 216 3574
8789 4 2 16 28 1223 3183 1216 3573
8790 4 2 16 28 230 3132 237 3574
8791 4 2 16 28 1202 3158 1209 3575
8792 4 2 16 28 223 3114 216 3576
8793 4 2 16 28 1203 3159 1208 3573
8794 4 2 16 28 222 3115 217 3574
8795 4 2 16 28 1215 1224 3184 3575
8796 4 2 16 28 3183 1222 1217 3573
8797 4 2 16 28 3132 231 236 3574
8798 4 2 16 28 1210 3158 1201 3575
8799 4 2 16 28 215 3114 224 3576
8800 4 2 16 28 1210 1201 3157 3572
8801 4 2 16 28 1217 1222 3181 3570
8802 4 2 16 28 231 3129 236 3571
8803 4 2 16 28 1208 3156 1203 3570
8804 4 2 16 28 1215 3182 1224 3572
8805 4 2 16 28 1214 1225 3182 3572
8806 4 2 16 28 3112 218 221 3571
8807 4 2 16 28 1204 3156 1207 3570
8808 4 2 16 28 1218 3181 1221 3570
8809 4 2 16 28 232 235 3129 3571
8810 4 2 16 28 1200 1211 3157 3572
8811 4 2 16 28 3154 1204 1207 3578
8812 4 2 16 28 232 3127 235 3577
8813 4 2 16 28 3110 221 218 3577
8814 4 2 16 28 1206 1205 3154 3578
8815 4 2 16 28 1219 3179 1220 3578
8816 4 2 16 28 234 3127 233 3577
8817 4 2 16 28 219 220 3110 3577
8818 4 2 16 28 219 3109 220 3567
8819 4 2 16 28 3153 1 2 3568
8820 4 2 16 28 3178 7 8 3568
8821 4 2 16 28 3153 1212 1199 3568
8822 4 2 16 28 11 3126 10 3567
8823 4 2 16 28 3194 2189 3358 2036
8824 4 2 16 28 774 773 3483 3523
8825 4 2 16 28 865 105 830 3464
8826 4 2 16 28 295 2027 296 2561
8827 4 2 16 28 826 872 873 3487
8828 4 2 16 28 1254 62 1314 2576
8829 4 2 16 28 2267 1200 3155 1199
8830 4 2 16 28 3341 3235 3342 3555
8831 4 2 16 28 591 3262 3541 3542
8832 4 2 16 28 754 2201 2026 3230
8833 4 2 16 28 251 250 279 2374
8834 4 2 16 28 625 626 3256 3529
8835 4 2 16 28 822 877 823 3468
8836 4 2 16 28 629 628 1995 3580
8837 4 2 16 28 658 2542 2015 659
8838 4 2 16 28 2118 3482 2489 3496
8839 4 2 16 28 963 140 1554 3497
8840 4 2 16 28 3311 553 2104 3536
8841 4 2 16 28 571 572 2304 2141
8842 4 2 16 28 1989 2169 2089 1056
8843 4 2 16 28 1964 280 279 2145
8844 4 2 16 28 992 940 939 1984
8845 4 2 16 28 3374 657 2156 3188
8846 4 2 16 28 781 1486 94 1968
8847 4 2 16 28 2166 2002 912 2045
8848 4 2 16 28 797 2166 1529 3482
8849 4 2 16 28 353 354 1338 2507
8850 4 2 16 28 2184 2060 2036 3579
8851 4 2 16 28 2118 1527 794 3496
8852 4 2 16 28 2122 3308 680 3512
8853 4 2 16 28 89 102 884 3535
8854 4 2 16 28 1024 160 26 41
8855 4 2 16 28 2184 3198 2163 3186
8856 4 2 16 28 1996 2182 715 3370
8857 4 2 16 28 2164 3221 2085 3346
8858 4 2 16 28 2008 2051 2196 997
8859 4 2 16 28 2151 2518 2019 731
8860 4 2 16 28 2027 295 296 3526
8861 4 2 16 28 2641 679 2066 2675
8862 4 2 16 28 2188 1957 2686 2451
8863 4 2 16 28 2236 2332 2214 3476
8864 4 2 16 28 672 673 2194 3209
8865 4 2 16 28 286 285 3297 3512
8866 4 2 16 28 383 382 1258 2373
8867 4 2 16 28 22 101 85 814
8868 4 2 16 28 2176 688 1964 3555
8869 4 2 16 28 3236 2201 3343 3506
8870 4 2 16 28 2308 2013 3522 3543
8871 4 2 16 28 2702 387 2296 1428
8872 4 2 16 28 377 1259 1346 2321
8873 4 2 16 28 691 2163 3186 692
8874 4 2 16 28 1979 237 3132 3574
8875 4 2 16 28 167 2131 2165 142
8876 4 2 16 28 714 713 1996 3245
8877 4 2 16 28 3176 234 3452 3454
8878 4 2 16 28 2498 2497 2085 586
8879 4 2 16 28 2085 2498 2278 2497
8880 4 2 16 28 3201 2017 2197 3372
8881 4 2 16 28 536 3238 2059 535
8882 4 2 16 28 1317 1305 1318 2300
8883 4 2 16 28 1036 3447 1037 3563
8884 4 2 16 28 2406 2495 435 436
8885 4 2 16 28 2087 1600 1002 3461
8886 4 2 16 28 162 25 1025 3123
8887 4 2 16 28 1064 1610 1065 3563
8888 4 2 16 28 1036 1610 1035 3563
8889 4 2 16 28 2236 3438 2332 3476
8890 4 2 16 28 3266 625 3256 3529
8891 4 2 16 28 1051 2165 1052 2089
8892 4 2 16 28 2322 2457 458 457
8893 4 2 16 28 9 2 6 3472
8894 4 2 16 28 2 9 7 3472
8895 4 2 16 28 2220 2530 2389 1996
8896 4 2 16 28 2442 2161 2231 1993
8897 4 2 16 28 839 2570 3450 3490
8898 4 2 16 28 161 43 44 246
8899 4 2 16 28 2188 2686 590 3542
8900 4 2 16 28 2212 125 1978 2044
8901 4 2 16 28 2160 3201 2197 3368
8902 4 2 16 28 3197 701 2017 700
8903 4 2 16 28 794 3496 793 3565
8904 4 2 16 28 2583 13 14 1229
8905 4 2 16 28 969 2100 922 923
8906 4 2 16 28 728 3187 729 3532
8907 4 2 16 28 1530 127 1970 927
8908 4 2 16 28 812 3439 99 3511
8909 4 2 16 28 392 2352 2526 393
8910 4 2 16 28 3491 3501 1028 3557
8911 4 2 16 28 1055 1638 2169 3458
8912 4 2 16 28 3274 3210 742 3514
8913 4 2 16 28 1969 3221 3303 2085
8914 4 2 16 28 2118 2001 2489 3482
8915 4 2 16 28 2436 78 1205 3456
8916 4 2 16 28 3266 3256 3257 3529
8917 4 2 16 28 1060 1620 2004 1059
8918 4 2 16 28 2308 3483 2425 3561
8919 4 2 16 28 807 806 3549 3559
8920 4 2 16 28 619 3242 2182 3370
8921 4 2 16 28 583 584 2029 3513
8922 4 2 16 28 1319 398 1307 2234
8923 4 2 16 28 2104 3312 3311 3536
8924 4 2 16 28 2554 3450 843 3552
8925 4 2 16 28 1982 2083 952 943
8926 4 2 16 28 2453 2268 1386 1271
8927 4 2 16 28 647 3306 646 2070
8928 4 2 16 28 797 796 3553 3554
8929 4 2 16 28 2146 950 1588 136
8930 4 2 16 28 3109 1987 219 4
8931 4 2 16 28 1958 575 3329 3508
8932 4 2 16 28 983 984 134 1501
8933 4 2 16 28 982 983 152 1500
8934 4 2 16 28 3311 3219 554 3536
8935 4 2 16 28 1973 2051 2106 887
8936 4 2 16 28 105 865 118 3445
8937 4 2 16 28 249 250 1323 2456
8938 4 2 16 28 2612 683 2208 682
8939 4 2 16 28 2372 2253 2667 521
8940 4 2 16 28 2703 2174 2423 3507
8941 4 2 16 28 161 160 24 847
8942 4 2 16 28 2131 926 142 127
8943 4 2 16 28 3342 3539 3341 3555
8944 4 2 16 28 1469 875 824 876
8945 4 2 16 28 1470 940 992 991
8946 4 2 16 28 971 972 1047 1515
8947 4 2 16 28 855 1018 1514 856
8948 4 2 16 28 1014 1515 858 859
8949 4 2 16 28 974 975 1043 1514
8950 4 2 16 28 878 879 820 1470
8951 4 2 16 28 2413 2061 2584 656
8952 4 2 16 28 2417 1347 1346 2334
8953 4 2 16 28 3305 3536 3306 3537
8954 4 2 16 28 1531 2172 2057 3498
8955 4 2 16 28 1456 819 880 881
8956 4 2 16 28 1023 1544 851 850
8957 4 2 16 28 1042 1508 976 977
8958 4 2 16 28 1013 1508 861 860
8959 4 2 16 28 997 935 996 1456
8960 4 2 16 28 967 1052 966 1544
8961 4 2 16 28 871 870 829 1496
8962 4 2 16 28 987 986 1496 945
8963 4 2 16 28 874 825 1497 873
8964 4 2 16 28 999 931 1457 1000
8965 4 2 16 28 884 815 1457 883
8966 4 2 16 28 854 1545 853 1019
8967 4 2 16 28 989 990 941 1497
8968 4 2 16 28 979 980 1038 1509
8969 4 2 16 28 1009 863 1509 864
8970 4 2 16 28 1545 1048 970 969
8971 4 2 16 28 712 1996 713 3248
8972 4 2 16 28 1304 2426 2643 1379
8973 4 2 16 28 28 23 85 3120
8974 4 2 16 28 871 829 870 3486
8975 4 2 16 28 2462 254 1296 1413
8976 4 2 16 28 823 877 876 3468
8977 4 2 16 28 299 298 3301 3524
8978 4 2 16 28 908 907 2014 2130
8979 4 2 16 28 2088 2485 3514 3564
8980 4 2 16 28 900 988 899 2083
8981 4 2 16 28 2196 2051 2206 998
8982 4 2 16 28 2181 563 2150 3506
8983 4 2 16 28 761 762 2156 3188
8984 4 2 16 28 620 2352 621 3452
8985 4 2 16 28 1968 2614 781 3520
8986 4 2 16 28 1521 2095 801 3544
8987 4 2 16 28 871 828 829 3486
8988 4 2 16 28 2545 2480 1 3568
8989 4 2 16 28 3377 3187 728 3532
8990 4 2 16 28 2072 2388 2235 2531
8991 4 2 16 28 2413 2600 502 501
8992 4 2 16 28 360 1293 2414 1395
8993 4 2 16 28 2488 2209 2067 2252
8994 4 2 16 28 1010 1037 1036 3480
8995 4 2 16 28 2371 2641 2675 416
8996 4 2 16 28 2504 1994 541 542
8997 4 2 16 28 10 3453 2039 3567
8998 4 2 16 28 2524 2277 3469 3498
8999 4 2 16 28 2639 2412 505 506
9000 4 2 16 28 3301 3302 3524 3526
9001 4 2 16 28 544 3280 545 3581
9002 4 2 16 28 253 1296 1401 2341
9003 4 2 16 28 280 2205 2145 3555
9004 4 2 16 28 2460 1983 784 3520
9005 4 2 16 28 1957 2085 2451 3542
9006 4 2 16 28 1282 1343 1344 2279
9007 4 2 16 28 2073 945 987 944
9008 4 2 16 28 248 34 33 87
9009 4 2 16 28 570 2026 2223 3349
9010 4 2 16 28 723 724 3193 3579
9011 4 2 16 28 2199 2245 2442 1961
9012 4 2 16 28 1957 2085 2278 2451
9013 4 2 16 28 2029 2356 2659 2679
9014 4 2 16 28 599 2197 2244 600
9015 4 2 16 28 2378 2487 320 1355
9016 4 2 16 28 1264 1323 1328 2663
9017 4 2 16 28 876 3468 779 3510
9018 4 2 16 28 848 849 26 1024
9019 4 2 16 28 3314 758 1963 3239
9020 4 2 16 28 1287 1407 1408 2445
9021 4 2 16 28 1062 172 2042 3449
9022 4 2 16 28 801 858 800 3479
9023 4 2 16 28 797 3553 860 3554
9024 4 2 16 28 2162 1995 2059 3580
9025 4 2 16 28 1990 2131 2165 167
9026 4 2 16 28 864 863 794 3565
9027 4 2 16 28 2151 2448 2019 2518
9028 4 2 16 28 844 843 817 3552
9029 4 2 16 28 683 2612 2208 3539
9030 4 2 16 28 3302 668 1972 669
9031 4 2 16 28 2046 2183 2224 131
9032 4 2 16 28 2150 566 567 3506
9033 4 2 16 28 839 3450 2009 3490
9034 4 2 16 28 1957 2451 2188 3542
9035 4 2 16 28 2022 2148 2480 3466
9036 4 2 16 28 950 1590 2147 3459
9037 4 2 16 28 439 440 1266 2291
9038 4 2 16 28 620 2182 2354 3452
9039 4 2 16 28 2328 2443 1260 1421
9040 4 2 16 28 610 611 3193 3579
9041 4 2 16 28 2111 3463 776 3473
9042 4 2 16 28 3215 670 669 3526
9043 4 2 16 28 929 1552 1443 3495
9044 4 2 16 28 1643 963 1554 3497
9045 4 2 16 28 3301 3524 3302 3525
9046 4 2 16 28 97 116 804 3477
9047 4 2 16 28 2181 2150 1963 3506
9048 4 2 16 28 2603 649 648 3521
9049 4 2 16 28 806 854 853 3549
9050 4 2 16 28 3245 3248 713 1996
9051 4 2 16 28 88 87 1447 3502
9052 4 2 16 28 767 1447 765 3502
9053 4 2 16 28 2304 2581 571 2141
9054 4 2 16 28 2243 1983 2080 3519
9055 4 2 16 28 2459 2191 305 2298
9056 4 2 16 28 664 2337 2207 665
9057 4 2 16 28 860 3477 798 3554
9058 4 2 16 28 2483 2388 2666 271
9059 4 2 16 28 2577 2297 384 385
9060 4 2 16 28 1969 3304 739 3216
9061 4 2 16 28 1995 628 629 2541
9062 4 2 16 28 538 3515 537 3580
9063 4 2 16 28 2011 2010 2554 1956
9064 4 2 16 28 2425 3483 2415 3552
9065 4 2 16 28 2064 953 2012 2219
9066 4 2 16 28 97 3517 798 3554
9067 4 2 16 28 922 806 1538 3559
9068 4 2 16 28 631 3533 3228 3580
9069 4 2 16 28 556 555 1959 2255
9070 4 2 16 28 101 1234 245 3444
9071 4 2 16 28 2540 2325 2188 2652
9072 4 2 16 28 2435 3437 2086 3491
9073 4 2 16 28 3132 236 1979 3574
9074 4 2 16 28 3522 3543 771 3561
9075 4 2 16 28 3251 75 563 2181
9076 4 2 16 28 1027 1021 1028 3501
9077 4 2 16 28 2088 579 578 2174
9078 4 2 16 28 2011 2554 2229 1956
9079 4 2 16 28 2103 2488 2277 2450
9080 4 2 16 28 2345 2649 2650 451
9081 4 2 16 28 2071 3489 1991 3550
9082 4 2 16 28 10 3168 11 3528
9083 4 2 16 28 1969 3304 738 739
9084 4 2 16 28 3223 683 2025 3539
9085 4 2 16 28 3288 3531 3287 3532
9086 4 2 16 28 2244 1957 2586 601
9087 4 2 16 28 2342 2194 674 2028
9088 4 2 16 28 247 28 813 100
9089 4 2 16 28 1222 1221 2353 2532
9090 4 2 16 28 1610 1064 1035 3563
9091 4 2 16 28 2224 2008 996 2183
9092 4 2 16 28 652 2256 2227 651
9093 4 2 16 28 2011 2229 2424 3437
9094 4 2 16 28 1519 919 800 3544
9095 4 2 16 28 1519 799 920 3544
9096 4 2 16 28 379 608 607 3578
9097 4 2 16 28 1979 235 236 3454
9098 4 2 16 28 934 2008 997 935
9099 4 2 16 28 125 1517 1978 3500
9100 4 2 16 28 2072 1960 2459 2531
9101 4 2 16 28 2141 2223 2359 2581
9102 4 2 16 28 2459 2191 2072 303
9103 4 2 16 28 1035 3538 1036 3563
9104 4 2 16 28 2188 592 76 3541
9105 4 2 16 28 1031 3449 2003 3471
9106 4 2 16 28 2693 2558 286 2149
9107 4 2 16 28 2156 656 3188 657
9108 4 2 16 28 745 2088 3204 3324
9109 4 2 16 28 100 2172 3469 3495
9110 4 2 16 28 63 2191 2059 535
9111 4 2 16 28 300 299 3220 3525
9112 4 2 16 28 1034 1063 1606 3449
9113 4 2 16 28 2188 2056 76 605
9114 4 2 16 28 1617 1062 1030 3449
9115 4 2 16 28 1562 957 838 3450
9116 4 2 16 28 589 588 3333 3542
9117 4 2 16 28 2120 639 640 2597
9118 4 2 16 28 162 25 1237 3446
9119 4 2 16 28 295 2027 2561 2231
9120 4 2 16 28 282 2145 2213 2536
9121 4 2 16 28 318 545 2695 317
9122 4 2 16 28 78 2436 2239 3456
9123 4 2 16 28 2347 3440 96 3504
9124 4 2 16 28 16 242 2424 2563
9125 4 2 16 28 725 2637 2060 724
9126 4 2 16 28 2120 3290 2024 3548
9127 4 2 16 28 2583 2236 2425 3443
9128 4 2 16 28 614 2153 2385 2152
9129 4 2 16 28 427 428 1252 2403
9130 4 2 16 28 846 962 1555 3451
9131 4 2 16 28 117 787 869 3504
9132 4 2 16 28 1369 1277 1370 2419
9133 4 2 16 28 2493 2347 2656 3480
9134 4 2 16 28 62 1254 1320 2576
9135 4 2 16 28 1642 1025 1054 3458
9136 4 2 16 28 619 2182 2354 620
9137 4 2 16 28 927 812 1532 3498
9138 4 2 16 28 2026 3300 752 3224
9139 4 2 16 28 69 2353 2408 379
9140 4 2 16 28 2509 2150 566 567
9141 4 2 16 28 1027 1028 3491 3501
9142 4 2 16 28 3193 724 3283 3579
9143 4 2 16 28 3272 3270 3273 3526
9144 4 2 16 28 961 845 1558 3451
9145 4 2 16 28 91 92 1446 3476
9146 4 2 16 28 2558 2213 285 2149
9147 4 2 16 28 668 667 3220 3525
9148 4 2 16 28 124 2119 96 1524
9149 4 2 16 28 2610 81 2210 2611
9150 4 2 16 28 847 1643 1554 3497
9151 4 2 16 28 1443 1552 813 3495
9152 4 2 16 28 2024 2120 2204 3290
9153 4 2 16 28 2347 96 3440 3496
9154 4 2 16 28 100 3469 2172 3498
9155 4 2 16 28 1020 1021 852 3501
9156 4 2 16 28 3210 3275 3513 3514
9157 4 2 16 28 2432 2476 2623 465
9158 4 2 16 28 1023 1022 1026 3481
9159 4 2 16 28 2324 2389 2564 447
9160 4 2 16 28 842 2415 819 3552
9161 4 2 16 28 2277 1970 2103 3498
9162 4 2 16 28 95 786 2640 3519
9163 4 2 16 28 79 209 208 3134
9164 4 2 16 28 784 2460 783 3487
9165 4 2 16 28 1594 2146 135 3460
9166 4 2 16 28 3325 291 3206 3558
9167 4 2 16 28 522 1282 1344 2590
9168 4 2 16 28 3270 2194 671 3526
9169 4 2 16 28 910 2119 1527 2118
9170 4 2 16 28 275 276 1375 2458
9171 4 2 16 28 2388 300 301 2072
9172 4 2 16 28 636 1976 637 3582
9173 4 2 16 28 2499 2068 2670 2500
9174 4 2 16 28 2085 3346 3227 2164
9175 4 2 16 28 205 212 78 3133
9176 4 2 16 28 2135 885 769 1459
9177 4 2 16 28 379 2353 380 3578
9178 4 2 16 28 2029 2679 2249 582
9179 4 2 16 28 2638 2162 1960 539
9180 4 2 16 28 2122 288 3307 3512
9181 4 2 16 28 1538 806 807 3559
9182 4 2 16 28 2164 737 2439 2465
9183 4 2 16 28 329 558 2402 557
9184 4 2 16 28 558 329 2402 330
9185 4 2 16 28 145 156 1498 981
9186 4 2 16 28 105 118 865 1499
9187 4 2 16 28 985 146 133 1499
9188 4 2 16 28 1498 155 117 869
9189 4 2 16 28 1241 3438 13 3502
9190 4 2 16 28 1466 120 103 875
9191 4 2 16 28 1511 116 157 855
9192 4 2 16 28 991 132 147 1465
9193 4 2 16 28 975 144 165 1511
9194 4 2 16 28 879 119 104 1465
9195 4 2 16 28 115 158 859 1510
9196 4 2 16 28 1504 117 155 864
9197 4 2 16 28 980 145 156 1504
9198 4 2 16 28 1541 159 114 850
9199 4 2 16 28 986 146 1493 133
9200 4 2 16 28 870 118 105 1493
9201 4 2 16 28 119 104 1492 874
9202 4 2 16 28 115 158 1540 854
9203 4 2 16 28 132 990 147 1492
9204 4 2 16 28 166 970 143 1540
9205 4 2 16 28 880 120 103 1453
9206 4 2 16 28 860 116 157 1505
9207 4 2 16 28 148 996 131 1453
9208 4 2 16 28 252 280 2536 251
9209 4 2 16 28 8 1228 12 3472
9210 4 2 16 28 9 1228 7 3472
9211 4 2 16 28 2236 2214 2332 3470
9212 4 2 16 28 1029 3471 2004 3491
9213 4 2 16 28 3222 542 541 3533
9214 4 2 16 28 2087 150 149 1598
9215 4 2 16 28 301 3226 302 3527
9216 4 2 16 28 280 252 2536 281
9217 4 2 16 28 2402 557 558 2159
9218 4 2 16 28 367 1311 1431 2613
9219 4 2 16 28 2227 2567 2256 652
9220 4 2 16 28 2020 2090 154 2136
9221 4 2 16 28 496 2454 2315 2455
9222 4 2 16 28 2527 2553 70 394
9223 4 2 16 28 2002 2166 912 913
9224 4 2 16 28 3220 3347 300 3525
9225 4 2 16 28 246 242 1235 3551
9226 4 2 16 28 2621 2323 1308 453
9227 4 2 16 28 2450 2103 3438 3498
9228 4 2 16 28 2195 2170 1604 150
9229 4 2 16 28 2375 2160 703 702
9230 4 2 16 28 2210 2186 3376 658
9231 4 2 16 28 1976 2113 2204 3582
9232 4 2 16 28 1271 1389 2534 1390
9233 4 2 16 28 582 2249 2029 583
9234 4 2 16 28 1234 1232 15 3444
9235 4 2 16 28 3348 3220 667 3525
9236 4 2 16 28 1292 272 273 2483
9237 4 2 16 28 138 1557 2225 1562
9238 4 2 16 28 630 1995 631 3580
9239 4 2 16 28 2213 2205 283 3539
9240 4 2 16 28 2066 2028 2675 678
9241 4 2 16 28 2188 2686 2325 2540
9242 4 2 16 28 799 3479 800 3556
9243 4 2 16 28 2693 2433 2558 2149
9244 4 2 16 28 1011 1010 1036 3538
9245 4 2 16 28 1035 1012 1011 3538
9246 4 2 16 28 1371 2376 1372 1285
9247 4 2 16 28 632 633 3222 3533
9248 4 2 16 28 2290 2385 2386 1962
9249 4 2 16 28 647 648 2070 3521
9250 4 2 16 28 2393 565 566 3506
9251 4 2 16 28 1973 2106 2135 886
9252 4 2 16 28 2188 604 2198 3540
9253 4 2 16 28 2497 2085 587 588
9254 4 2 16 28 666 2207 2522 665
9255 4 2 16 28 3370 2182 619 620
9256 4 2 16 28 503 1305 1317 2566
9257 4 2 16 28 666 665 3226 3527
9258 4 2 16 28 1304 531 1313 2276
9259 4 2 16 28 3332 642 2104 3548
9260 4 2 16 28 2087 1002 149 3472
9261 4 2 16 28 667 1972 2616 2522
9262 4 2 16 28 835 3486 827 3487
9263 4 2 16 28 3307 287 3217 3512
9264 4 2 16 28 3481 3499 851 3501
9265 4 2 16 28 3257 2059 63 3529
9266 4 2 16 28 1524 793 909 2119
9267 4 2 16 28 2084 99 1970 3516
9268 4 2 16 28 2237 3457 1986 3463
9269 4 2 16 28 3214 543 3295 3581
9270 4 2 16 28 95 123 1967 1478
9271 4 2 16 28 747 2108 748 2303
9272 4 2 16 28 1565 841 840 3490
9273 4 2 16 28 285 2025 3223 3512
9274 4 2 16 28 1031 1032 1016 3494
9275 4 2 16 28 992 940 1571 939
9276 4 2 16 28 823 1572 824 876
9277 4 2 16 28 972 1046 1047 1626
9278 4 2 16 28 1017 1627 1018 856
9279 4 2 16 28 1015 858 1014 1626
9280 4 2 16 28 820 821 878 1571
9281 4 2 16 28 750 749 3310 3509
9282 4 2 16 28 3215 3273 670 3526
9283 4 2 16 28 662 2547 2158 663
9284 4 2 16 28 1999 2104 645 644
9285 4 2 16 28 241 1234 15 3444
9286 4 2 16 28 219 2134 3567 3577
9287 4 2 16 28 1040 1041 2185 1614
9288 4 2 16 28 935 997 934 1578
9289 4 2 16 28 987 945 1587 944
9290 4 2 16 28 881 1578 819 818
9291 4 2 16 28 828 829 1587 871
9292 4 2 16 28 1635 851 1022 1023
9293 4 2 16 28 1051 1052 967 1635
9294 4 2 16 28 1616 861 1012 1013
9295 4 2 16 28 883 815 1577 816
9296 4 2 16 28 969 1048 1049 1634
9297 4 2 16 28 853 1020 1019 1634
9298 4 2 16 28 979 1038 1039 1615
9299 4 2 16 28 863 1010 1009 1615
9300 4 2 16 28 941 1586 942 989
9301 4 2 16 28 931 999 1577 932
9302 4 2 16 28 826 1586 825 873
9303 4 2 16 28 15 1232 14 3444
9304 4 2 16 28 2531 1960 2459 2235
9305 4 2 16 28 1001 1002 12 3124
9306 4 2 16 28 3119 3 833 832
9307 4 2 16 28 2175 172 1042 2042
9308 4 2 16 28 2223 2150 567 3506
9309 4 2 16 28 2182 621 2039 3452
9310 4 2 16 28 2692 2702 1263 2537
9311 4 2 16 28 125 2212 1978 915
9312 4 2 16 28 448 449 1257 2565
9313 4 2 16 28 2409 2308 2425 3470
9314 4 2 16 28 245 24 847 112
9315 4 2 16 28 869 1006 155 3442
9316 4 2 16 28 2202 916 1978 2171
9317 4 2 16 28 2071 2475 3489 3550
9318 4 2 16 28 2026 753 3350 3224
9319 4 2 16 28 1287 1366 2521 2311
9320 4 2 16 28 970 166 143 2082
9321 4 2 16 28 2196 2047 2224 958
9322 4 2 16 28 286 287 2149 3512
9323 4 2 16 28 1537 3489 806 3559
9324 4 2 16 28 2435 2246 2563 3481
9325 4 2 16 28 2353 69 2408 2431
9326 4 2 16 28 558 557 3355 3537
9327 4 2 16 28 1620 1033 1032 3471
9328 4 2 16 28 796 795 862 3553
9329 4 2 16 28 841 820 2447 3488
9330 4 2 16 28 2025 3298 3223 3512
9331 4 2 16 28 666 667 2207 3525
9332 4 2 16 28 2131 167 1990 965
9333 4 2 16 28 493 494 1303 2302
9334 4 2 16 28 2224 2225 2046 138
9335 4 2 16 28 1994 2360 2638 1960
9336 4 2 16 28 641 640 2598 2120
9337 4 2 16 28 43 40 44 246
9338 4 2 16 28 30 33 29 248
9339 4 2 16 28 30 34 33 248
9340 4 2 16 28 43 40 246 39
9341 4 2 16 28 2690 2373 382 2374
9342 4 2 16 28 2199 2678 3467 3530
9343 4 2 16 28 2503 2433 289 1961
9344 4 2 16 28 1278 347 1391 2312
9345 4 2 16 28 757 756 2201 2173
9346 4 2 16 28 856 2470 803 3477
9347 4 2 16 28 769 91 89 3443
9348 4 2 16 28 2702 2296 1263 1428
9349 4 2 16 28 2535 1993 2094 3544
9350 4 2 16 28 816 3552 817 3561
9351 4 2 16 28 2119 96 793 3496
9352 4 2 16 28 771 3522 1463 3543
9353 4 2 16 28 2015 81 2610 2293
9354 4 2 16 28 3109 219 1987 3567
9355 4 2 16 28 882 881 772 3561
9356 4 2 16 28 883 882 771 3561
9357 4 2 16 28 1487 784 1983 3520
9358 4 2 16 28 1525 795 796 3482
9359 4 2 16 28 1636 170 1641 3458
9360 4 2 16 28 5 3453 1987 3478
9361 4 2 16 28 3222 541 3353 3533
9362 4 2 16 28 3219 3305 555 3536
9363 4 2 16 28 686 687 2176 3555
9364 4 2 16 28 1005 151 3125 868
9365 4 2 16 28 106 831 3108 866
9366 4 2 16 28 503 504 1305 2566
9367 4 2 16 28 2442 2199 1961 1993
9368 4 2 16 28 551 2104 2209 3548
9369 4 2 16 28 107 3 832 3460
9370 4 2 16 28 816 844 3552 3560
9371 4 2 16 28 632 3222 3354 3533
9372 4 2 16 28 1005 240 869 868
9373 4 2 16 28 213 866 831 865
9374 4 2 16 28 3226 3335 302 3527
9375 4 2 16 28 1985 985 2063 2137
9376 4 2 16 28 26 162 1237 3446
9377 4 2 16 28 786 2460 785 3486
9378 4 2 16 28 2298 535 536 3515
9379 4 2 16 28 1230 18 17 2563
9380 4 2 16 28 2011 2086 2229 3437
9381 4 2 16 28 641 642 3207 3548
9382 4 2 16 28 1460 771 772 3522
9383 4 2 16 28 785 2460 786 3519
9384 4 2 16 28 2229 2435 2086 3471
9385 4 2 16 28 2174 2703 577 1958
9386 4 2 16 28 665 3336 3226 3527
9387 4 2 16 28 3288 695 3286 3531
9388 4 2 16 28 339 340 1403 2394
9389 4 2 16 28 7 3472 2510 3568
9390 4 2 16 28 2447 2357 2614 3505
9391 4 2 16 28 2493 2510 2347 3480
9392 4 2 16 28 2174 580 2356 2029
9393 4 2 16 28 2199 2678 2245 3467
9394 4 2 16 28 2594 2580 1285 344
9395 4 2 16 28 2534 2674 414 415
9396 4 2 16 28 2354 2290 1962 618
9397 4 2 16 28 3232 628 629 3580
9398 4 2 16 28 1588 136 1593 3459
9399 4 2 16 28 2698 1015 1033 3494
9400 4 2 16 28 634 3296 2113 3582
9401 4 2 16 28 3223 2025 3351 3539
9402 4 2 16 28 3272 3215 297 3526
9403 4 2 16 28 1499 865 105 1580
9404 4 2 16 28 1499 133 985 1580
9405 4 2 16 28 1498 156 1601 981
9406 4 2 16 28 1498 1601 155 869
9407 4 2 16 28 860 2656 1013 3477
9408 4 2 16 28 1385 1269 1386 2573
9409 4 2 16 28 551 550 3207 3548
9410 4 2 16 28 926 2131 142 2165
9411 4 2 16 28 1609 1037 2143 3563
9412 4 2 16 28 2126 2220 709 710
9413 4 2 16 28 2684 1319 2234 398
9414 4 2 16 28 237 3574 1979 3576
9415 4 2 16 28 1976 636 2372 3582
9416 4 2 16 28 2413 2566 503 502
9417 4 2 16 28 119 775 879 3505
9418 4 2 16 28 938 955 956 2117
9419 4 2 16 28 1972 670 671 3526
9420 4 2 16 28 2291 2490 441 1309
9421 4 2 16 28 2104 2120 2024 3548
9422 4 2 16 28 3269 2156 3188 2181
9423 4 2 16 28 108 829 3448 3486
9424 4 2 16 28 763 22 21 3117
9425 4 2 16 28 211 207 3249 210
9426 4 2 16 28 207 211 3249 206
9427 4 2 16 28 2084 1970 99 127
9428 4 2 16 28 930 2116 764 130
9429 4 2 16 28 774 2049 1458 890
9430 4 2 16 28 2389 711 710 2220
9431 4 2 16 28 2524 3469 3439 3498
9432 4 2 16 28 240 1006 869 3518
9433 4 2 16 28 96 3440 787 3504
9434 4 2 16 28 2067 2204 547 2024
9435 4 2 16 28 832 3119 3 3116
9436 4 2 16 28 1002 3122 12 3124
9437 4 2 16 28 899 1487 900 2190
9438 4 2 16 28 1222 2532 2353 3573
9439 4 2 16 28 1037 3447 1036 3480
9440 4 2 16 28 1548 848 965 1629
9441 4 2 16 28 849 1548 964 1628
9442 4 2 16 28 1995 628 2211 3580
9443 4 2 16 28 824 3468 876 3510
9444 4 2 16 28 2085 3345 586 587
9445 4 2 16 28 94 1472 775 3473
9446 4 2 16 28 995 1572 1469 824
9447 4 2 16 28 2577 2153 2230 2385
9448 4 2 16 28 538 537 3232 3580
9449 4 2 16 28 2506 2321 2658 377
9450 4 2 16 28 610 2036 611 3579
9451 4 2 16 28 571 2026 3299 2141
9452 4 2 16 28 3228 3354 3353 3533
9453 4 2 16 28 2180 2039 234 3452
9454 4 2 16 28 872 3486 784 3487
9455 4 2 16 28 1303 338 2660 1377
9456 4 2 16 28 22 14 1232 3444
9457 4 2 16 28 1980 708 2649 707
9458 4 2 16 28 2493 2021 2229 3472
9459 4 2 16 28 245 1234 241 3444
9460 4 2 16 28 2347 2241 2489 3496
9461 4 2 16 28 2667 2372 521 522
9462 4 2 16 28 2036 2153 614 2152
9463 4 2 16 28 386 1263 387 2702
9464 4 2 16 28 2074 1994 2360 2504
9465 4 2 16 28 843 3552 844 3560
9466 4 2 16 28 1553 168 160 1546
9467 4 2 16 28 604 605 3192 3540
9468 4 2 16 28 2665 446 1251 2564
9469 4 2 16 28 884 102 89 1452
9470 4 2 16 28 2109 2160 3368 3243
9471 4 2 16 28 720 2189 2040 2515
9472 4 2 16 28 2424 242 16 3551
9473 4 2 16 28 2353 2408 379 380
9474 4 2 16 28 3182 1225 2399 3572
9475 4 2 16 28 317 2602 2529 1343
9476 4 2 16 28 567 2223 2509 2150
9477 4 2 16 28 5 4 3143 3478
9478 4 2 16 28 543 1994 2601 542
9479 4 2 16 28 2110 88 86 1451
9480 4 2 16 28 213 214 3111 866
9481 4 2 16 28 239 240 3128 868
9482 4 2 16 28 1321 425 1328 2287
9483 4 2 16 28 2070 3231 3356 3537
9484 4 2 16 28 2203 3492 3455 3519
9485 4 2 16 28 3233 3335 3336 3527
9486 4 2 16 28 2208 2025 682 683
9487 4 2 16 28 506 507 1400 2479
9488 4 2 16 28 159 114 850 3446
9489 4 2 16 28 1291 343 1357 2580
9490 4 2 16 28 309 1301 1379 2426
9491 4 2 16 28 1963 3253 3188 2181
9492 4 2 16 28 93 3457 2049 3523
9493 4 2 16 28 2531 2336 274 273
9494 4 2 16 28 2303 749 2548 2549
9495 4 2 16 28 3192 696 697 3540
9496 4 2 16 28 727 72 2280 430
9497 4 2 16 28 3 6 1227 3460
9498 4 2 16 28 2129 3546 3131 3576
9499 4 2 16 28 65 2300 1318 335
9500 4 2 16 28 2025 2213 3351 3539
9501 4 2 16 28 749 748 3212 2108
9502 4 2 16 28 856 857 2470 3494
9503 4 2 16 28 2308 3470 2013 3543
9504 4 2 16 28 1030 1017 3474 3494
9505 4 2 16 28 3248 2126 1996 3453
9506 4 2 16 28 2077 2011 3451 3475
9507 4 2 16 28 2117 2012 954 955
9508 4 2 16 28 2200 1058 2004 1989
9509 4 2 16 28 2464 2465 2691 476
9510 4 2 16 28 2076 1605 169 168
9511 4 2 16 28 87 85 28 813
9512 4 2 16 28 2243 1983 2460 3520
9513 4 2 16 28 1036 3538 3447 3563
9514 4 2 16 28 824 875 103 3510
9515 4 2 16 28 1262 373 2592 1423
9516 4 2 16 28 1489 1968 897 781
9517 4 2 16 28 2489 3554 2656 3565
9518 4 2 16 28 1643 169 963 3497
9519 4 2 16 28 919 2095 918 1521
9520 4 2 16 28 491 2657 2562 490
9521 4 2 16 28 3173 11 208 3452
9522 4 2 16 28 804 3477 3467 3500
9523 4 2 16 28 598 2109 2401 1997
9524 4 2 16 28 2140 124 2014 908
9525 4 2 16 28 411 412 1269 2672
9526 4 2 16 28 1595 2146 832 3459
9527 4 2 16 28 2393 2150 2441 3506
9528 4 2 16 28 237 230 3574 3576
9529 4 2 16 28 1203 1208 3570 3573
9530 4 2 16 28 1217 1222 3570 3573
9531 4 2 16 28 231 3571 236 3574
9532 4 2 16 28 1215 3572 1224 3575
9533 4 2 16 28 1204 3570 1207 3578
9534 4 2 16 28 232 235 3571 3577
9535 4 2 16 28 221 3571 218 3577
9536 4 2 16 28 219 3567 220 3577
9537 4 2 16 28 682 681 2208 2559
9538 4 2 16 28 2017 3372 3197 2197
9539 4 2 16 28 1500 152 982 1602
9540 4 2 16 28 1602 1500 151 868
9541 4 2 16 28 866 106 1579 1501
9542 4 2 16 28 134 984 1579 1501
9543 4 2 16 28 2480 3472 2 3568
9544 4 2 16 28 2226 1984 939 2117
9545 4 2 16 28 834 3448 829 3486
9546 4 2 16 28 2279 1282 2590 1344
9547 4 2 16 28 295 2027 2194 3526
9548 4 2 16 28 550 2209 2252 2024
9549 4 2 16 28 2484 3457 2644 3523
9550 4 2 16 28 3322 641 3207 3548
9551 4 2 16 28 2347 2489 2656 3565
9552 4 2 16 28 41 38 26 37
9553 4 2 16 28 22 31 35 32
9554 4 2 16 28 1487 899 783 2190
9555 4 2 16 28 710 2126 2220 711
9556 4 2 16 28 3321 3207 550 3548
9557 4 2 16 28 244 3438 1241 3502
9558 4 2 16 28 1978 804 1520 3467
9559 4 2 16 28 243 19 2524 3462
9560 4 2 16 28 2240 2630 258 1369
9561 4 2 16 28 604 603 2198 3540
9562 4 2 16 28 2425 2415 2554 3552
9563 4 2 16 28 2325 602 2586 1957
9564 4 2 16 28 1991 808 1539 3550
9565 4 2 16 28 160 1024 849 1628
9566 4 2 16 28 2229 2434 2435 3471
9567 4 2 16 28 104 820 3488 3505
9568 4 2 16 28 507 2256 2479 506
9569 4 2 16 28 2699 2277 1970 3516
9570 4 2 16 28 1550 130 930 764
9571 4 2 16 28 1550 814 102 763
9572 4 2 16 28 1309 2449 1429 2291
9573 4 2 16 28 101 85 814 1549
9574 4 2 16 28 2429 2681 2040 2467
9575 4 2 16 28 2059 2211 628 3580
9576 4 2 16 28 85 763 814 1444
9577 4 2 16 28 2345 2160 2622 2375
9578 4 2 16 28 1026 3458 3481 3491
9579 4 2 16 28 2315 2173 757 758
9580 4 2 16 28 708 2649 2324 1980
9581 4 2 16 28 925 926 2165 2084
9582 4 2 16 28 139 931 961 2138
9583 4 2 16 28 3359 604 3192 3540
9584 4 2 16 28 2002 912 2185 977
9585 4 2 16 28 159 848 114 3511
9586 4 2 16 28 2110 86 88 1988
9587 4 2 16 28 2072 2388 300 3524
9588 4 2 16 28 950 2147 2073 2146
9589 4 2 16 28 825 3487 874 3488
9590 4 2 16 28 3455 3492 3441 3519
9591 4 2 16 28 2703 1958 2174 3507
9592 4 2 16 28 2388 2483 272 271
9593 4 2 16 28 929 1443 88 3495
9594 4 2 16 28 4 3139 205 3456
9595 4 2 16 28 132 991 1567 1465
9596 4 2 16 28 1623 1511 157 855
9597 4 2 16 28 875 103 1466 1568
9598 4 2 16 28 975 1511 165 1623
9599 4 2 16 28 859 158 1622 1510
9600 4 2 16 28 1567 879 104 1465
9601 4 2 16 28 1219 607 3177 3583
9602 4 2 16 28 2105 3470 2214 3476
9603 4 2 16 28 680 2066 2208 2641
9604 4 2 16 28 2304 572 573 2141
9605 4 2 16 28 819 2415 110 3510
9606 4 2 16 28 2243 2498 1968 2357
9607 4 2 16 28 544 2232 1994 3581
9608 4 2 16 28 965 848 1547 1629
9609 4 2 16 28 849 964 1546 1628
9610 4 2 16 28 1963 759 3252 3239
9611 4 2 16 28 3232 629 3340 3580
9612 4 2 16 28 2294 2645 2680 1279
9613 4 2 16 28 2174 2428 2356 579
9614 4 2 16 28 1014 158 859 3556
9615 4 2 16 28 114 3499 3446 3511
9616 4 2 16 28 2004 1033 1059 1620
9617 4 2 16 28 1203 3570 2437 3573
9618 4 2 16 28 3232 3339 538 3580
9619 4 2 16 28 150 2170 1604 1004
9620 4 2 16 28 1277 1369 259 2419
9621 4 2 16 28 1019 1020 3549 3557
9622 4 2 16 28 27 160 1553 847
9623 4 2 16 28 2036 2230 2577 2153
9624 4 2 16 28 2170 152 2195 1604
9625 4 2 16 28 1553 160 168 1643
9626 4 2 16 28 2344 2613 2650 1311
9627 4 2 16 28 1206 3152 608 3583
9628 4 2 16 28 1504 155 1612 864
9629 4 2 16 28 1504 1612 156 980
9630 4 2 16 28 1630 159 1541 850
9631 4 2 16 28 1493 105 870 1582
9632 4 2 16 28 986 133 1493 1582
9633 4 2 16 28 966 1630 167 1541
9634 4 2 16 28 970 1540 166 1631
9635 4 2 16 28 132 990 1492 1583
9636 4 2 16 28 854 158 1540 1631
9637 4 2 16 28 104 1492 874 1583
9638 4 2 16 28 1453 996 131 1573
9639 4 2 16 28 103 1573 880 1453
9640 4 2 16 28 157 1611 860 1505
9641 4 2 16 28 168 141 1553 963
9642 4 2 16 28 2233 2038 2159 2538
9643 4 2 16 28 1603 1503 1007 1005
9644 4 2 16 28 1502 947 831 1581
9645 4 2 16 28 227 228 3128 867
9646 4 2 16 28 867 3111 226 225
9647 4 2 16 28 880 774 3483 3510
9648 4 2 16 28 1418 1294 508 2392
9649 4 2 16 28 559 2159 2038 2538
9650 4 2 16 28 2026 3300 3299 3509
9651 4 2 16 28 268 269 1280 2295
9652 4 2 16 28 3352 684 683 3539
9653 4 2 16 28 2110 962 2030 930
9654 4 2 16 28 2159 2697 2150 2233
9655 4 2 16 28 2442 2369 2572 264
9656 4 2 16 28 795 863 862 3565
9657 4 2 16 28 2023 2207 2072 3527
9658 4 2 16 28 2243 2080 2316 3519
9659 4 2 16 28 3327 3206 290 3558
9660 4 2 16 28 845 816 3535 3560
9661 4 2 16 28 1445 102 89 763
9662 4 2 16 28 1974 1986 3457 3463
9663 4 2 16 28 2494 327 2255 326
9664 4 2 16 28 3285 725 726 2060
9665 4 2 16 28 3192 697 3360 3540
9666 4 2 16 28 2229 2424 2554 2011
9667 4 2 16 28 1269 263 2573 1385
9668 4 2 16 28 164 3449 1030 3474
9669 4 2 16 28 2120 640 639 3548
9670 4 2 16 28 2014 1479 96 3440
9671 4 2 16 28 3252 3253 1963 3239
9672 4 2 16 28 3369 705 1980 2109
9673 4 2 16 28 17 3437 2563 3481
9674 4 2 16 28 769 91 3443 3470
9675 4 2 16 28 2639 2651 1381 1382
9676 4 2 16 28 403 1292 2416 1410
9677 4 2 16 28 725 431 2637 432
9678 4 2 16 28 861 797 796 3553
9679 4 2 16 28 2007 2484 2308 3523
9680 4 2 16 28 550 2209 2024 3548
9681 4 2 16 28 2274 2149 2433 2035
9682 4 2 16 28 2637 725 2060 2280
9683 4 2 16 28 2509 2394 2615 340
9684 4 2 16 28 2051 2008 2179 888
9685 4 2 16 28 644 1999 2379 645
9686 4 2 16 28 1994 2601 2232 544
9687 4 2 16 28 2554 3552 843 3560
9688 4 2 16 28 2094 1971 2535 3544
9689 4 2 16 28 160 113 27 1553
9690 4 2 16 28 423 424 1302 2427
9691 4 2 16 28 852 807 853 3549
9692 4 2 16 28 2337 2522 2207 665
9693 4 2 16 28 457 2457 458 1424
9694 4 2 16 28 1976 637 638 2253
9695 4 2 16 28 1365 1287 1366 2521
9696 4 2 16 28 2291 1438 1266 439
9697 4 2 16 28 3190 3282 3453 3478
9698 4 2 16 28 1289 329 1417 2618
9699 4 2 16 28 498 1255 1332 2668
9700 4 2 16 28 2186 2015 659 658
9701 4 2 16 28 1997 598 2109 2197
9702 4 2 16 28 2394 2556 2615 340
9703 4 2 16 28 2088 3294 744 3204
9704 4 2 16 28 280 251 279 2374
9705 4 2 16 28 3322 3321 3202 3548
9706 4 2 16 28 2424 2524 2583 241
9707 4 2 16 28 102 89 763 3465
9708 4 2 16 28 769 770 1462 3543
9709 4 2 16 28 151 51 52 3125
9710 4 2 16 28 60 106 59 3108
9711 4 2 16 28 1956 2434 2021 2229
9712 4 2 16 28 2439 736 737 2164
9713 4 2 16 28 734 2019 735 2361
9714 4 2 16 28 2323 1430 2621 1308
9715 4 2 16 28 2447 2570 841 3488
9716 4 2 16 28 2060 726 727 2280
9717 4 2 16 28 1994 543 544 3581
9718 4 2 16 28 2434 2021 2493 3449
9719 4 2 16 28 2316 2401 2571 2203
9720 4 2 16 28 1025 1641 1054 3458
9721 4 2 16 28 686 685 3342 3555
9722 4 2 16 28 1310 392 1432 2526
9723 4 2 16 28 891 1974 121 3457
9724 4 2 16 28 2620 2704 2375 2017
9725 4 2 16 28 307 308 1304 2643
9726 4 2 16 28 1981 2129 2167 906
9727 4 2 16 28 1557 1562 110 3450
9728 4 2 16 28 831 55 59 3108
9729 4 2 16 28 48 52 3125 1005
9730 4 2 16 28 807 3549 808 3550
9731 4 2 16 28 2150 562 2181 2038
9732 4 2 16 28 740 1969 739 3216
9733 4 2 16 28 802 2470 857 3479
9734 4 2 16 28 842 958 1557 2047
9735 4 2 16 28 2203 1967 3492 3519
9736 4 2 16 28 2152 2189 3361 2036
9737 4 2 16 28 2234 1375 1376 1307
9738 4 2 16 28 2093 143 920 2082
9739 4 2 16 28 849 1546 160 1628
9740 4 2 16 28 168 1546 964 1628
9741 4 2 16 28 2485 743 2088 3514
9742 4 2 16 28 1242 3438 244 3502
9743 4 2 16 28 2082 1048 166 171
9744 4 2 16 28 2174 2703 2423 2428
9745 4 2 16 28 2443 2457 1260 1422
9746 4 2 16 28 3234 3262 590 3542
9747 4 2 16 28 2493 3474 3449 3538
9748 4 2 16 28 1459 769 2135 3543
9749 4 2 16 28 1592 951 2147 1982
9750 4 2 16 28 427 1264 426 2403
9751 4 2 16 28 2223 2581 2141 571
9752 4 2 16 28 3489 3549 806 3559
9753 4 2 16 28 1412 2556 491 1297
9754 4 2 16 28 2311 2465 474 475
9755 4 2 16 28 3180 1225 1214 3569
9756 4 2 16 28 1566 839 2009 3490
9757 4 2 16 28 681 2025 2208 3512
9758 4 2 16 28 2413 2566 2567 503
9759 4 2 16 28 2209 2024 2067 2252
9760 4 2 16 28 1033 2004 1618 3471
9761 4 2 16 28 756 755 2201 2173
9762 4 2 16 28 949 1595 833 3459
9763 4 2 16 28 1600 1003 1001 3461
9764 4 2 16 28 97 798 3477 3554
9765 4 2 16 28 8 7 1228 3472
9766 4 2 16 28 744 743 3294 2088
9767 4 2 16 28 2077 2011 3475 3497
9768 4 2 16 28 160 27 24 847
9769 4 2 16 28 3339 3340 3228 3580
9770 4 2 16 28 707 1980 3244 706
9771 4 2 16 28 404 1286 1410 2247
9772 4 2 16 28 2408 2575 2636 1312
9773 4 2 16 28 3261 3263 3262 3541
9774 4 2 16 28 2074 2071 1991 3516
9775 4 2 16 28 541 542 1994 3533
9776 4 2 16 28 1555 1558 111 3451
9777 4 2 16 28 285 2149 2213 3512
9778 4 2 16 28 885 1462 886 2135
9779 4 2 16 28 2087 2170 150 1004
9780 4 2 16 28 3456 3478 4 3503
9781 4 2 16 28 2086 3471 2435 3491
9782 4 2 16 28 934 2008 935 2196
9783 4 2 16 28 2233 2150 2509 2697
9784 4 2 16 28 2201 3314 1963 3506
9785 4 2 16 28 840 2570 2447 3468
9786 4 2 16 28 286 3297 3217 3512
9787 4 2 16 28 2210 3189 3376 2186
9788 4 2 16 28 780 120 875 3510
9789 4 2 16 28 2450 2277 2103 3498
9790 4 2 16 28 2168 170 1054 1990
9791 4 2 16 28 554 1959 553 3536
9792 4 2 16 28 2164 3221 738 1969
9793 4 2 16 28 991 132 1567 940
9794 4 2 16 28 1018 1623 157 855
9795 4 2 16 28 1568 875 103 824
9796 4 2 16 28 820 879 104 1567
9797 4 2 16 28 1623 165 975 1043
9798 4 2 16 28 1622 1014 158 859
9799 4 2 16 28 3274 742 741 3514
9800 4 2 16 28 2480 2493 2229 3472
9801 4 2 16 28 2072 302 301 2531
9802 4 2 16 28 1011 1010 3538 3565
9803 4 2 16 28 842 110 2415 3450
9804 4 2 16 28 2274 2238 2489 3517
9805 4 2 16 28 2108 749 748 2303
9806 4 2 16 28 880 3483 819 3510
9807 4 2 16 28 2600 502 1317 2566
9808 4 2 16 28 2180 235 1979 3454
9809 4 2 16 28 1522 803 802 3467
9810 4 2 16 28 753 2026 752 3224
9811 4 2 16 28 743 2485 2088 744
9812 4 2 16 28 850 809 851 3499
9813 4 2 16 28 1530 1970 99 3498
9814 4 2 16 28 2085 2029 584 3513
9815 4 2 16 28 1612 1038 156 980
9816 4 2 16 28 1582 105 870 829
9817 4 2 16 28 1582 986 133 945
9818 4 2 16 28 159 1630 1023 850
9819 4 2 16 28 155 1009 1612 864
9820 4 2 16 28 1573 819 103 880
9821 4 2 16 28 1611 1013 157 860
9822 4 2 16 28 131 935 1573 996
9823 4 2 16 28 1631 166 970 1048
9824 4 2 16 28 1583 874 104 825
9825 4 2 16 28 1631 854 158 1019
9826 4 2 16 28 990 132 941 1583
9827 4 2 16 28 2090 2187 1977 980
9828 4 2 16 28 398 1307 2234 399
9829 4 2 16 28 2600 1318 1317 1329
9830 4 2 16 28 1995 629 630 2541
9831 4 2 16 28 649 648 2070 3356
9832 4 2 16 28 475 1287 2311 1366
9833 4 2 16 28 2621 2622 453 454
9834 4 2 16 28 803 2470 802 3467
9835 4 2 16 28 965 1990 1053 167
9836 4 2 16 28 334 2539 562 2441
9837 4 2 16 28 2475 2071 2418 3550
9838 4 2 16 28 2241 2006 2386 3496
9839 4 2 16 28 862 1011 1012 3553
9840 4 2 16 28 2195 1981 2218 983
9841 4 2 16 28 2177 939 954 940
9842 4 2 16 28 2019 733 734 3234
9843 4 2 16 28 84 464 2513 73
9844 4 2 16 28 2170 982 1007 2130
9845 4 2 16 28 157 3474 1018 3477
9846 4 2 16 28 2508 2358 1281 355
9847 4 2 16 28 2229 2480 2148 3466
9848 4 2 16 28 1970 2277 2074 3516
9849 4 2 16 28 854 1019 3549 3557
9850 4 2 16 28 1969 2085 3303 3513
9851 4 2 16 28 2213 2558 2272 2593
9852 4 2 16 28 2008 888 2051 997
9853 4 2 16 28 3218 3300 751 3509
9854 4 2 16 28 2040 718 719 2515
9855 4 2 16 28 2027 2161 1993 2231
9856 4 2 16 28 2441 2233 2150 2393
9857 4 2 16 28 3258 3259 1964 3555
9858 4 2 16 28 2284 2456 1322 250
9859 4 2 16 28 251 1302 1322 2284
9860 4 2 16 28 2118 911 910 1977
9861 4 2 16 28 237 1979 2129 3576
9862 4 2 16 28 97 3477 804 3500
9863 4 2 16 28 2018 1103 2102 2350
9864 4 2 16 28 1629 848 159 1024
9865 4 2 16 28 1629 167 965 1053
9866 4 2 16 28 1562 110 138 1557
9867 4 2 16 28 137 109 1563 1589
9868 4 2 16 28 2059 3317 536 3515
9869 4 2 16 28 694 2265 695 2192
9870 4 2 16 28 2460 785 1983 3519
9871 4 2 16 28 80 3453 622 3528
9872 4 2 16 28 2255 2409 2332 2214
9873 4 2 16 28 2059 2186 63 3529
9874 4 2 16 28 3274 3513 3275 3514
9875 4 2 16 28 537 538 2528 3515
9876 4 2 16 28 1960 2191 2459 3515
9877 4 2 16 28 87 248 21 3502
9878 4 2 16 28 2174 2050 2423 3507
9879 4 2 16 28 2308 2425 3470 3561
9880 4 2 16 28 758 759 1963 3239
9881 4 2 16 28 2538 2233 2402 2159
9882 4 2 16 28 798 3517 797 3554
9883 4 2 16 28 172 2175 165 2041
9884 4 2 16 28 1030 3474 3449 3494
9885 4 2 16 28 310 537 2655 309
9886 4 2 16 28 556 3305 3225 3537
9887 4 2 16 28 2020 2130 2170 1008
9888 4 2 16 28 2148 2010 1956 2554
9889 4 2 16 28 1553 113 27 847
9890 4 2 16 28 1980 3369 2109 3244
9891 4 2 16 28 1054 2168 169 1642
9892 4 2 16 28 2462 255 254 1413
9893 4 2 16 28 555 554 3219 3536
9894 4 2 16 28 1026 162 3446 3458
9895 4 2 16 28 2213 1965 2149 2558
9896 4 2 16 28 1959 3536 556 3537
9897 4 2 16 28 2295 2608 268 269
9898 4 2 16 28 838 2415 110 3450
9899 4 2 16 28 2145 282 2213 2205
9900 4 2 16 28 301 2388 2072 2531
9901 4 2 16 28 857 1015 3479 3494
9902 4 2 16 28 2059 3318 3317 3580
9903 4 2 16 28 2640 786 3445 3486
9904 4 2 16 28 665 2207 664 3527
9905 4 2 16 28 799 859 115 3556
9906 4 2 16 28 2667 2253 2696 520
9907 4 2 16 28 2241 2386 2489 3496
9908 4 2 16 28 2022 3460 2480 3472
9909 4 2 16 28 2341 252 1401 253
9910 4 2 16 28 494 495 2454 2569
9911 4 2 16 28 139 111 1555 1558
9912 4 2 16 28 1299 2585 2242 1325
9913 4 2 16 28 2679 582 2029 3513
9914 4 2 16 28 2182 617 1962 2152
9915 4 2 16 28 2697 2159 2402 2233
9916 4 2 16 28 2359 2141 2581 2484
9917 4 2 16 28 1569 876 1468 994
9918 4 2 16 28 2187 978 1040 2185
9919 4 2 16 28 2402 328 556 2255
9920 4 2 16 28 1990 2089 1055 1052
9921 4 2 16 28 969 2100 2016 922
9922 4 2 16 28 2001 2274 2489 3517
9923 4 2 16 28 2031 90 92 768
9924 4 2 16 28 126 1971 921 2093
9925 4 2 16 28 741 742 2525 3564
9926 4 2 16 28 2147 2073 1982 951
9927 4 2 16 28 2134 234 2180 2039
9928 4 2 16 28 2169 1638 1056 3491
9929 4 2 16 28 1461 2179 773 3523
9930 4 2 16 28 1979 2180 2134 235
9931 4 2 16 28 2524 2424 2563 19
9932 4 2 16 28 251 252 1302 2284
9933 4 2 16 28 959 2048 2196 2047
9934 4 2 16 28 2464 2465 739 3564
9935 4 2 16 28 1957 2244 2197 601
9936 4 2 16 28 124 2140 2119 909
9937 4 2 16 28 2375 2160 702 2017
9938 4 2 16 28 2024 549 550 3548
9939 4 2 16 28 1027 1028 1640 3491
9940 4 2 16 28 2022 1956 2021 2229
9941 4 2 16 28 2583 2425 2424 3560
9942 4 2 16 28 2465 2343 1969 3564
9943 4 2 16 28 734 733 2019 2361
9944 4 2 16 28 660 2158 2186 661
9945 4 2 16 28 826 3487 825 3488
9946 4 2 16 28 2134 2039 1987 3567
9947 4 2 16 28 159 26 848 3511
9948 4 2 16 28 772 3523 3522 3561
9949 4 2 16 28 2103 2488 2067 2277
9950 4 2 16 28 2051 887 888 3522
9951 4 2 16 28 2638 2162 1994 1960
9952 4 2 16 28 968 2100 2054 2099
9953 4 2 16 28 627 2059 3238 3529
9954 4 2 16 28 1031 2003 1621 3471
9955 4 2 16 28 2407 2480 2229 3466
9956 4 2 16 28 755 756 2569 2173
9957 4 2 16 28 341 2556 2307 1411
9958 4 2 16 28 2130 981 2020 2140
9959 4 2 16 28 1026 162 1023 3446
9960 4 2 16 28 1203 2437 3135 1202
9961 4 2 16 28 962 1556 2077 3451
9962 4 2 16 28 163 1019 158 3557
9963 4 2 16 28 1541 159 167 1547
9964 4 2 16 28 1452 884 102 1574
9965 4 2 16 28 2501 2280 72 430
9966 4 2 16 28 2699 3439 99 3498
9967 4 2 16 28 2159 2402 556 2255
9968 4 2 16 28 845 815 111 3535
9969 4 2 16 28 2164 735 3334 2019
9970 4 2 16 28 151 227 3125 868
9971 4 2 16 28 866 106 226 3108
9972 4 2 16 28 623 2633 2468 2210
9973 4 2 16 28 2408 2353 2436 380
9974 4 2 16 28 3274 3276 3513 3514
9975 4 2 16 28 2079 1983 785 3519
9976 4 2 16 28 2698 3471 1033 3557
9977 4 2 16 28 3195 3359 3360 3540
9978 4 2 16 28 1527 2119 793 3496
9979 4 2 16 28 1548 848 1629 1024
9980 4 2 16 28 1629 965 1548 1053
9981 4 2 16 28 1037 1010 1009 3480
9982 4 2 16 28 964 1548 1053 1628
9983 4 2 16 28 1548 849 1024 1628
9984 4 2 16 28 2 2480 1 3460
9985 4 2 16 28 2195 152 150 1604
9986 4 2 16 28 255 2558 284 256
9987 4 2 16 28 2612 2461 421 420
9988 4 2 16 28 1974 2034 893 892
9989 4 2 16 28 2001 2035 2274 3517
9990 4 2 16 28 911 2187 1977 2045
9991 4 2 16 28 2558 284 256 285
9992 4 2 16 28 2106 3522 2013 3543
9993 4 2 16 28 2209 2104 552 1959
9994 4 2 16 28 2023 3233 664 3527
9995 4 2 16 28 2225 958 1557 138
9996 4 2 16 28 1034 2656 1013 3553
9997 4 2 16 28 2072 1960 2531 2235
9998 4 2 16 28 2104 3331 3332 3548
9999 4 2 16 28 2006 1965 2386 2489
10000 4 2 16 28 580 2174 2088 3513
10001 4 2 16 28 2111 1968 1986 3473
10002 4 2 16 28 1999 2104 643 642
10003 4 2 16 28 1965 2006 2386 2153
10004 4 2 16 28 1201 1200 2267 3562
10005 4 2 16 28 2006 2489 2386 3496
10006 4 2 16 28 106 831 866 1579
10007 4 2 16 28 1005 151 868 1602
10008 4 2 16 28 3182 1224 2399 1225
10009 4 2 16 28 2435 2424 2229 3437
10010 4 2 16 28 2189 2036 2060 3579
10011 4 2 16 28 573 2304 2141 2596
10012 4 2 16 28 1355 1274 2420 1356
10013 4 2 16 28 777 1476 2112 3463
10014 4 2 16 28 2098 2134 219 3577
10015 4 2 16 28 2396 2498 2508 357
10016 4 2 16 28 1972 667 2207 2522
10017 4 2 16 28 3285 2060 3186 3579
10018 4 2 16 28 2570 2148 2229 2554
10019 4 2 16 28 787 908 1481 3485
10020 4 2 16 28 1482 903 792 3484
10021 4 2 16 28 2083 952 2219 1982
10022 4 2 16 28 87 36 33 3120
10023 4 2 16 28 1995 2113 632 3533
10024 4 2 16 28 2703 2174 578 2428
10025 4 2 16 28 1995 630 631 2477
10026 4 2 16 28 2503 2370 261 260
10027 4 2 16 28 827 3486 872 3487
10028 4 2 16 28 2379 2144 647 2070
10029 4 2 16 28 919 1519 1992 3544
10030 4 2 16 28 1969 738 2465 739
10031 4 2 16 28 2102 2544 2350 2448
10032 4 2 16 28 845 3451 844 3560
10033 4 2 16 28 601 2197 1957 2198
10034 4 2 16 28 97 1523 798 3517
10035 4 2 16 28 2148 2570 3466 3490
10036 4 2 16 28 3281 3280 3581 3582
10037 4 2 16 28 2118 2045 2166 912
10038 4 2 16 28 2126 3453 3282 3478
10039 4 2 16 28 939 2177 2117 1984
10040 4 2 16 28 218 3534 2098 3577
10041 4 2 16 28 2023 2191 3315 3527
10042 4 2 16 28 2213 2145 2593 2536
10043 4 2 16 28 969 2200 970 2016
10044 4 2 16 28 2088 744 745 3204
10045 4 2 16 28 2080 2471 2243 2316
10046 4 2 16 28 2554 2148 2229 1956
10047 4 2 16 28 3307 3308 2122 3512
10048 4 2 16 28 965 1547 167 1629
10049 4 2 16 28 848 159 1547 1629
10050 4 2 16 28 483 484 1272 2387
10051 4 2 16 28 1306 1377 1378 2444
10052 4 2 16 28 2498 2085 2278 2078
10053 4 2 16 28 605 2056 3287 3540
10054 4 2 16 28 2116 930 2110 2030
10055 4 2 16 28 2382 2588 1437 1262
10056 4 2 16 28 611 2036 3357 3579
10057 4 2 16 28 2004 1620 1060 3471
10058 4 2 16 28 2113 633 632 3533
10059 4 2 16 28 2561 296 297 2027
10060 4 2 16 28 768 1448 766 2031
10061 4 2 16 28 2050 3457 2484 3523
10062 4 2 16 28 2386 1962 2241 2354
10063 4 2 16 28 2325 2198 1957 2652
10064 4 2 16 28 1976 2204 2120 638
10065 4 2 16 28 2024 3202 549 3548
10066 4 2 16 28 847 161 1643 3497
10067 4 2 16 28 3264 3199 3263 3541
10068 4 2 16 28 2009 955 956 1566
10069 4 2 16 28 911 2118 1528 3482
10070 4 2 16 28 2243 2460 1983 3519
10071 4 2 16 28 1253 1346 1347 2334
10072 4 2 16 28 236 3571 1979 3574
10073 4 2 16 28 777 2447 3463 3468
10074 4 2 16 28 2493 3480 2656 3538
10075 4 2 16 28 2245 2274 2433 2035
10076 4 2 16 28 1122 2349 2604 2058
10077 4 2 16 28 735 2164 2439 2361
10078 4 2 16 28 3294 3210 2088 3514
10079 4 2 16 28 1967 123 903 1478
10080 4 2 16 28 2389 2676 445 2530
10081 4 2 16 28 545 318 2695 546
10082 4 2 16 28 2070 3306 646 3536
10083 4 2 16 28 2498 2243 1968 2078
10084 4 2 16 28 2157 945 987 2073
10085 4 2 16 28 2245 2199 3467 3500
10086 4 2 16 28 2070 647 3306 3225
10087 4 2 16 28 2085 586 2497 587
10088 4 2 16 28 205 3246 3133 3478
10089 4 2 16 28 815 102 884 1574
10090 4 2 16 28 2480 2407 3448 3466
10091 4 2 16 28 2644 774 93 3510
10092 4 2 16 28 147 2064 990 132
10093 4 2 16 28 2614 2357 1968 3473
10094 4 2 16 28 1013 2656 1034 3474
10095 4 2 16 28 2524 2277 2450 3469
10096 4 2 16 28 91 3470 769 3543
10097 4 2 16 28 2659 2174 2428 2356
10098 4 2 16 28 155 1006 153 3518
10099 4 2 16 28 103 875 120 3510
10100 4 2 16 28 1974 2034 892 2178
10101 4 2 16 28 2309 2428 2703 350
10102 4 2 16 28 3483 2308 3523 3561
10103 4 2 16 28 362 1299 2242 1325
10104 4 2 16 28 1349 1258 382 2511
10105 4 2 16 28 3258 687 3235 3555
10106 4 2 16 28 3227 588 2085 3542
10107 4 2 16 28 767 1448 2031 3502
10108 4 2 16 28 2105 2135 92 2031
10109 4 2 16 28 2432 2476 465 1441
10110 4 2 16 28 332 1300 1399 2306
10111 4 2 16 28 2347 96 3442 3504
10112 4 2 16 28 1121 2058 2349 1122
10113 4 2 16 28 1446 766 91 3476
10114 4 2 16 28 2409 1959 2214 2255
10115 4 2 16 28 2357 2029 1968 3473
10116 4 2 16 28 2190 989 2083 899
10117 4 2 16 28 2425 3443 2236 3470
10118 4 2 16 28 237 3440 3169 3485
10119 4 2 16 28 216 3136 3441 3484
10120 4 2 16 28 2484 2141 2581 2304
10121 4 2 16 28 594 593 3456 3503
10122 4 2 16 28 1003 2136 2170 2020
10123 4 2 16 28 2253 2120 638 1976
10124 4 2 16 28 2625 208 609 3452
10125 4 2 16 28 608 379 380 3578
10126 4 2 16 28 475 476 1366 2691
10127 4 2 16 28 11 2039 2134 3567
10128 4 2 16 28 2520 627 2211 2541
10129 4 2 16 28 135 2087 2195 150
10130 4 2 16 28 864 3442 1009 3480
10131 4 2 16 28 2161 3326 2028 3558
10132 4 2 16 28 208 2625 79 3452
10133 4 2 16 28 1976 2253 2372 636
10134 4 2 16 28 2156 1963 761 3268
10135 4 2 16 28 2489 3482 3554 3565
10136 4 2 16 28 2149 2274 2433 2558
10137 4 2 16 28 2170 2130 1007 1008
10138 4 2 16 28 2157 133 1985 2137
10139 4 2 16 28 94 775 119 3505
10140 4 2 16 28 802 1518 2202 3467
10141 4 2 16 28 2243 2614 1968 3520
10142 4 2 16 28 53 57 3 54
10143 4 2 16 28 9 45 49 46
10144 4 2 16 28 3 57 58 54
10145 4 2 16 28 799 3544 3479 3556
10146 4 2 16 28 87 1443 813 3495
10147 4 2 16 28 949 1985 946 2063
10148 4 2 16 28 815 884 102 3535
10149 4 2 16 28 495 1306 1378 2454
10150 4 2 16 28 2159 1959 556 3537
10151 4 2 16 28 1445 1550 102 763
10152 4 2 16 28 764 1550 130 1445
10153 4 2 16 28 2489 3517 2238 3554
10154 4 2 16 28 1444 814 85 1549
10155 4 2 16 28 1427 1267 1437 2382
10156 4 2 16 28 1038 980 2187 2090
10157 4 2 16 28 991 2177 1984 2092
10158 4 2 16 28 2153 2386 2385 1962
10159 4 2 16 28 2213 2272 2536 2593
10160 4 2 16 28 813 23 101 1551
10161 4 2 16 28 3364 2017 2198 3540
10162 4 2 16 28 290 3206 291 3558
10163 4 2 16 28 2434 3449 1031 3471
10164 4 2 16 28 2011 3437 2169 3491
10165 4 2 16 28 3328 3211 2122 3558
10166 4 2 16 28 2147 3459 3448 3460
10167 4 2 16 28 2402 558 2538 2159
10168 4 2 16 28 246 1236 242 3551
10169 4 2 16 28 2493 3538 3449 3563
10170 4 2 16 28 3154 2436 1205 1204
10171 4 2 16 28 813 85 23 1551
10172 4 2 16 28 149 9 3460 3472
10173 4 2 16 28 1008 1601 156 981
10174 4 2 16 28 1601 1006 155 869
10175 4 2 16 28 1580 865 105 830
10176 4 2 16 28 946 985 133 1580
10177 4 2 16 28 1985 985 2137 133
10178 4 2 16 28 811 928 2057 1531
10179 4 2 16 28 273 274 1397 2336
10180 4 2 16 28 2297 2702 1425 385
10181 4 2 16 28 111 3451 845 3535
10182 4 2 16 28 2439 2311 2465 474
10183 4 2 16 28 2562 2305 489 490
10184 4 2 16 28 2445 2362 1293 1408
10185 4 2 16 28 851 3481 1023 3499
10186 4 2 16 28 484 485 1392 2627
10187 4 2 16 28 3281 635 636 3582
10188 4 2 16 28 114 848 812 3511
10189 4 2 16 28 2169 3458 1638 3491
10190 4 2 16 28 2570 2415 839 3450
10191 4 2 16 28 3 107 6 3460
10192 4 2 16 28 2619 699 698 2193
10193 4 2 16 28 3248 1996 2039 3453
10194 4 2 16 28 2039 11 3452 3453
10195 4 2 16 28 1964 688 3258 3555
10196 4 2 16 28 2420 519 2597 518
10197 4 2 16 28 3234 589 3333 3542
10198 4 2 16 28 2038 3231 2070 3537
10199 4 2 16 28 2114 2113 2372 2617
10200 4 2 16 28 2007 2050 2484 3523
10201 4 2 16 28 1609 2143 1037 1066
10202 4 2 16 28 2002 2166 913 2222
10203 4 2 16 28 2129 1981 907 906
10204 4 2 16 28 160 113 1553 1546
10205 4 2 16 28 1553 141 168 1546
10206 4 2 16 28 2071 2475 1971 3489
10207 4 2 16 28 897 2190 2005 1968
10208 4 2 16 28 1967 903 123 2137
10209 4 2 16 28 2139 3440 2119 3496
10210 4 2 16 28 593 606 2239 3456
10211 4 2 16 28 1639 1989 1028 3491
10212 4 2 16 28 3190 3282 2126 3453
10213 4 2 16 28 115 859 158 3556
10214 4 2 16 28 685 3229 3342 3539
10215 4 2 16 28 370 2244 371 599
10216 4 2 16 28 2489 2386 2593 1965
10217 4 2 16 28 2163 2184 3186 3579
10218 4 2 16 28 2014 2129 907 1481
10219 4 2 16 28 2180 3452 234 3454
10220 4 2 16 28 2184 3198 3260 1964
10221 4 2 16 28 285 2213 2025 3512
10222 4 2 16 28 1986 2357 2237 3463
10223 4 2 16 28 2265 2193 2642 3531
10224 4 2 16 28 3264 3263 3261 3541
10225 4 2 16 28 729 730 2151 3187
10226 4 2 16 28 2283 2526 1434 1310
10227 4 2 16 28 2190 989 2005 2083
10228 4 2 16 28 2457 2619 458 459
10229 4 2 16 28 782 783 1490 3520
10230 4 2 16 28 428 1252 2403 2505
10231 4 2 16 28 163 3556 1014 3557
10232 4 2 16 28 149 49 12 1002
10233 4 2 16 28 3 58 107 832
10234 4 2 16 28 91 3465 3443 3476
10235 4 2 16 28 2435 2229 2086 3437
10236 4 2 16 28 662 2158 661 2023
10237 4 2 16 28 217 216 3492 3534
10238 4 2 16 28 2188 1957 2652 2325
10239 4 2 16 28 2357 2029 2498 1968
10240 4 2 16 28 2261 2603 509 2381
10241 4 2 16 28 48 52 51 3125
10242 4 2 16 28 59 56 60 3108
10243 4 2 16 28 2064 2012 137 2177
10244 4 2 16 28 1224 3182 2399 3572
10245 4 2 16 28 2570 2407 2229 3466
10246 4 2 16 28 3188 2156 3268 1963
10247 4 2 16 28 2554 2010 843 3450
10248 4 2 16 28 685 686 2574 2176
10249 4 2 16 28 914 2166 1526 3517
10250 4 2 16 28 3283 3285 3284 3579
10251 4 2 16 28 2206 1973 932 999
10252 4 2 16 28 2673 2438 2028 2674
10253 4 2 16 28 2060 725 726 2280
10254 4 2 16 28 723 2060 724 3579
10255 4 2 16 28 1013 2656 860 3553
10256 4 2 16 28 243 1239 247 3469
10257 4 2 16 28 245 241 1233 3475
10258 4 2 16 28 2447 3463 2357 3473
10259 4 2 16 28 85 23 28 813
10260 4 2 16 28 2289 2163 691 692
10261 4 2 16 28 2254 523 524 2617
10262 4 2 16 28 2274 2149 1965 2558
10263 4 2 16 28 219 2098 3455 3456
10264 4 2 16 28 2652 2198 1957 2188
10265 4 2 16 28 838 110 2415 3510
10266 4 2 16 28 2021 2493 3449 3563
10267 4 2 16 28 2409 2332 2214 3470
10268 4 2 16 28 286 3217 287 3512
10269 4 2 16 28 2447 2683 2237 3463
10270 4 2 16 28 2440 2639 2651 1381
10271 4 2 16 28 998 999 2206 1454
10272 4 2 16 28 2007 2308 2013 3522
10273 4 2 16 28 1012 861 862 3553
10274 4 2 16 28 1417 1294 1418 2392
10275 4 2 16 28 2245 3467 2470 3500
10276 4 2 16 28 2042 2002 2185 1041
10277 4 2 16 28 2113 1995 2162 3533
10278 4 2 16 28 1564 2009 839 3450
10279 4 2 16 28 835 2407 836 3466
10280 4 2 16 28 3190 3248 80 3453
10281 4 2 16 28 2321 2417 1259 1346
10282 4 2 16 28 1400 2392 507 1294
10283 4 2 16 28 3367 2182 2040 2152
10284 4 2 16 28 2022 2147 2148 3466
10285 4 2 16 28 2055 2069 182 2395
10286 4 2 16 28 2067 2074 1970 2277
10287 4 2 16 28 2486 1972 669 670
10288 4 2 16 28 2186 2542 2158 660
10289 4 2 16 28 740 3514 741 3564
10290 4 2 16 28 2168 1636 1055 3458
10291 4 2 16 28 1055 2169 2089 2168
10292 4 2 16 28 836 1982 1592 3466
10293 4 2 16 28 2028 675 2342 2673
10294 4 2 16 28 3482 3553 796 3554
10295 4 2 16 28 694 2192 695 3531
10296 4 2 16 28 2321 2652 2658 377
10297 4 2 16 28 3249 207 206 3528
10298 4 2 16 28 2245 2503 2442 1961
10299 4 2 16 28 2509 1966 2359 2697
10300 4 2 16 28 26 1237 18 3446
10301 4 2 16 28 636 1976 2253 637
10302 4 2 16 28 2229 2011 1956 2086
10303 4 2 16 28 2241 1962 2180 2354
10304 4 2 16 28 1625 1044 1017 1513
10305 4 2 16 28 1624 1512 1015 1046
10306 4 2 16 28 1467 1570 939 821
10307 4 2 16 28 112 101 245 3444
10308 4 2 16 28 865 830 213 3464
10309 4 2 16 28 1619 2003 1031 3449
10310 4 2 16 28 2237 2357 2447 3463
10311 4 2 16 28 2437 3455 3441 3519
10312 4 2 16 28 964 1548 965 1053
10313 4 2 16 28 1548 849 848 1024
10314 4 2 16 28 2027 297 2561 2608
10315 4 2 16 28 2239 606 78 3456
10316 4 2 16 28 2150 2393 2509 566
10317 4 2 16 28 2617 2114 2478 2372
10318 4 2 16 28 2070 3338 2227 3521
10319 4 2 16 28 1999 2598 642 2251
10320 4 2 16 28 942 826 1584 1494
10321 4 2 16 28 816 932 1454 1575
10322 4 2 16 28 1020 1632 1049 1542
10323 4 2 16 28 1039 1613 1506 1010
10324 4 2 16 28 1543 1022 1633 1051
10325 4 2 16 28 1495 944 828 1585
10326 4 2 16 28 1455 934 818 1576
10327 4 2 16 28 1507 1041 1012 1614
10328 4 2 16 28 2683 2644 93 3510
10329 4 2 16 28 3483 3523 773 3561
10330 4 2 16 28 783 3487 2460 3520
10331 4 2 16 28 603 3195 2198 3540
10332 4 2 16 28 3356 648 2070 3225
10333 4 2 16 28 779 1477 1974 3463
10334 4 2 16 28 1959 554 2519 2255
10335 4 2 16 28 14 13 3443 3465
10336 4 2 16 28 18 1237 17 3446
10337 4 2 16 28 741 3514 742 3564
10338 4 2 16 28 715 2040 2182 1996
10339 4 2 16 28 930 2116 139 2030
10340 4 2 16 28 3175 240 869 3504
10341 4 2 16 28 951 943 1982 952
10342 4 2 16 28 859 3479 858 3556
10343 4 2 16 28 2035 2149 2433 1961
10344 4 2 16 28 949 833 1593 3459
10345 4 2 16 28 1001 1003 1599 3461
10346 4 2 16 28 1254 396 1330 2405
10347 4 2 16 28 2103 1975 2209 3438
10348 4 2 16 28 2161 292 3325 3558
10349 4 2 16 28 802 1518 917 2202
10350 4 2 16 28 2434 2229 2493 2021
10351 4 2 16 28 566 565 3313 3506
10352 4 2 16 28 3301 3524 298 3526
10353 4 2 16 28 2162 1960 539 3515
10354 4 2 16 28 101 846 814 3444
10355 4 2 16 28 3155 2267 1199 3569
10356 4 2 16 28 2244 370 598 599
10357 4 2 16 28 2090 2043 2187 1039
10358 4 2 16 28 76 3199 2151 3541
10359 4 2 16 28 2217 121 2049 2183
10360 4 2 16 28 2342 2647 2672 411
10361 4 2 16 28 3286 695 696 3531
10362 4 2 16 28 2559 2612 2208 682
10363 4 2 16 28 12 3461 1001 3518
10364 4 2 16 28 2498 2029 2249 584
10365 4 2 16 28 301 3525 3347 3527
10366 4 2 16 28 539 3228 2162 3580
10367 4 2 16 28 2059 2191 63 2186
10368 4 2 16 28 2088 2107 2485 3564
10369 4 2 16 28 1259 461 1345 2417
10370 4 2 16 28 581 2679 2029 3513
10371 4 2 16 28 3348 3525 666 3527
10372 4 2 16 28 2245 2678 2470 3467
10373 4 2 16 28 473 1408 2311 474
10374 4 2 16 28 2047 842 1559 3450
10375 4 2 16 28 125 1978 2044 3500
10376 4 2 16 28 2583 2424 241 3444
10377 4 2 16 28 3214 3280 544 3581
10378 4 2 16 28 2162 1994 2113 3533
10379 4 2 16 28 901 2157 2079 902
10380 4 2 16 28 2026 2124 2305 3509
10381 4 2 16 28 2201 2026 3349 2223
10382 4 2 16 28 934 2008 2196 997
10383 4 2 16 28 1557 2225 1562 3450
10384 4 2 16 28 3310 3218 750 3509
10385 4 2 16 28 2386 1962 2354 2290
10386 4 2 16 28 134 984 947 1579
10387 4 2 16 28 1007 982 152 1602
10388 4 2 16 28 1199 3568 1212 3569
10389 4 2 16 28 1962 2386 2241 2006
10390 4 2 16 28 888 1464 2179 3522
10391 4 2 16 28 2381 648 647 3521
10392 4 2 16 28 2360 2071 2418 2235
10393 4 2 16 28 3522 3523 2308 3561
10394 4 2 16 28 2029 582 583 3513
10395 4 2 16 28 3228 540 2162 3533
10396 4 2 16 28 1027 1026 1022 3481
10397 4 2 16 28 2015 658 2210 81
10398 4 2 16 28 2593 2386 2153 1965
10399 4 2 16 28 2332 1959 2255 2214
10400 4 2 16 28 2461 2574 421 422
10401 4 2 16 28 1226 2510 3442 3504
10402 4 2 16 28 854 3556 158 3557
10403 4 2 16 28 2697 2159 2013 2402
10404 4 2 16 28 2646 2560 1275 1333
10405 4 2 16 28 105 3464 3445 3486
10406 4 2 16 28 591 2188 590 3542
10407 4 2 16 28 621 2182 2039 1996
10408 4 2 16 28 740 2464 739 3564
10409 4 2 16 28 2323 2400 368 1431
10410 4 2 16 28 627 2211 2059 3529
10411 4 2 16 28 650 2256 651 3521
10412 4 2 16 28 2230 2374 280 2145
10413 4 2 16 28 1960 2191 2072 2459
10414 4 2 16 28 2179 2051 888 3522
10415 4 2 16 28 773 2179 1461 889
10416 4 2 16 28 2113 3296 633 3533
10417 4 2 16 28 1973 2138 2206 932
10418 4 2 16 28 2298 2191 306 3515
10419 4 2 16 28 2008 935 2196 2224
10420 4 2 16 28 1549 85 86 1551
10421 4 2 16 28 3355 557 3225 3537
10422 4 2 16 28 1106 182 2069 2395
10423 4 2 16 28 21 765 87 3502
10424 4 2 16 28 75 1963 2181 3253
10425 4 2 16 28 1960 2074 1994 2360
10426 4 2 16 28 2524 2450 3438 3469
10427 4 2 16 28 1991 2054 925 924
10428 4 2 16 28 2246 2475 2418 3550
10429 4 2 16 28 133 2157 146 2137
10430 4 2 16 28 2229 2022 2148 2480
10431 4 2 16 28 888 2008 2179 889
10432 4 2 16 28 647 2070 2144 3521
10433 4 2 16 28 2029 1986 1968 3473
10434 4 2 16 28 1992 1519 920 2094
10435 4 2 16 28 509 510 1289 2261
10436 4 2 16 28 1474 775 2111 3473
10437 4 2 16 28 2071 2360 2418 2074
10438 4 2 16 28 1459 2135 2105 3543
10439 4 2 16 28 536 535 2059 3515
10440 4 2 16 28 1993 2231 2442 2535
10441 4 2 16 28 1254 1331 2631 1314
10442 4 2 16 28 775 94 3473 3505
10443 4 2 16 28 2206 1973 999 887
10444 4 2 16 28 1006 240 3124 3518
10445 4 2 16 28 690 428 2289 691
10446 4 2 16 28 810 809 3499 3516
10447 4 2 16 28 111 3444 846 3451
10448 4 2 16 28 542 543 1994 3581
10449 4 2 16 28 2402 2013 2697 2409
10450 4 2 16 28 2074 2418 2071 3516
10451 4 2 16 28 2112 893 1473 3463
10452 4 2 16 28 3214 544 543 3581
10453 4 2 16 28 2357 3473 2614 3505
10454 4 2 16 28 51 47 48 3125
10455 4 2 16 28 56 59 55 3108
10456 4 2 16 28 773 881 3483 3561
10457 4 2 16 28 2567 2061 653 2227
10458 4 2 16 28 2444 1378 1306 2454
10459 4 2 16 28 1500 151 152 1602
10460 4 2 16 28 1579 106 134 1501
10461 4 2 16 28 3282 77 3191 3503
10462 4 2 16 28 2246 3549 2557 3550
10463 4 2 16 28 864 2347 793 3442
10464 4 2 16 28 2583 3535 2425 3560
10465 4 2 16 28 2145 2153 2593 2230
10466 4 2 16 28 1549 86 129 1551
10467 4 2 16 28 101 85 1549 1551
10468 4 2 16 28 2181 2227 2038 3319
10469 4 2 16 28 375 374 1260 2328
10470 4 2 16 28 3477 3500 97 3517
10471 4 2 16 28 668 1972 667 3525
10472 4 2 16 28 994 892 893 2034
10473 4 2 16 28 3138 1201 215 3484
10474 4 2 16 28 3171 238 1224 3485
10475 4 2 16 28 2447 820 879 3505
10476 4 2 16 28 675 2028 676 2673
10477 4 2 16 28 818 817 843 3552
10478 4 2 16 28 2593 1965 2213 2558
10479 4 2 16 28 787 3440 1479 3485
10480 4 2 16 28 1478 3441 792 3484
10481 4 2 16 28 2524 3439 2277 3498
10482 4 2 16 28 2174 2659 2428 1986
10483 4 2 16 28 2273 2462 1414 1290
10484 4 2 16 28 10 5 206 3528
10485 4 2 16 28 2070 2379 1999 646
10486 4 2 16 28 206 3133 3246 3478
10487 4 2 16 28 237 2129 1979 3485
10488 4 2 16 28 125 3500 2044 3517
10489 4 2 16 28 1502 865 985 1581
10490 4 2 16 28 2223 2141 2359 1966
10491 4 2 16 28 995 1572 824 936
10492 4 2 16 28 2051 1973 2206 887
10493 4 2 16 28 1968 2078 2029 2498
10494 4 2 16 28 2071 2360 2074 1960
10495 4 2 16 28 2199 1993 2678 3530
10496 4 2 16 28 3112 3534 218 3571
10497 4 2 16 28 608 607 3578 3583
10498 4 2 16 28 2535 1971 2248 3544
10499 4 2 16 28 2428 1986 2659 2357
10500 4 2 16 28 1446 768 766 2031
10501 4 2 16 28 2373 382 2374 383
10502 4 2 16 28 628 1995 2211 2541
10503 4 2 16 28 2120 641 640 3548
10504 4 2 16 28 2570 2229 2148 3466
10505 4 2 16 28 1114 184 2037 2348
10506 4 2 16 28 2013 1959 2214 2409
10507 4 2 16 28 2182 2354 1962 619
10508 4 2 16 28 85 101 23 1551
10509 4 2 16 28 2524 2450 2236 3438
10510 4 2 16 28 1285 345 1371 2594
10511 4 2 16 28 3184 2589 2399 1223
10512 4 2 16 28 2499 2176 686 687
10513 4 2 16 28 529 1301 528 2364
10514 4 2 16 28 2074 2232 2277 2067
10515 4 2 16 28 2207 665 666 3527
10516 4 2 16 28 27 247 847 113
10517 4 2 16 28 2186 2542 659 2015
10518 4 2 16 28 1562 2225 957 3450
10519 4 2 16 28 2617 2254 2694 524
10520 4 2 16 28 2163 3186 3375 2060
10521 4 2 16 28 2103 2209 2450 3438
10522 4 2 16 28 2193 699 698 3540
10523 4 2 16 28 2040 2292 2429 2467
10524 4 2 16 28 775 896 2111 1472
10525 4 2 16 28 867 152 1500 151
10526 4 2 16 28 867 134 106 1501
10527 4 2 16 28 3249 3134 207 3528
10528 4 2 16 28 2357 1986 2029 3473
10529 4 2 16 28 1964 280 2145 3555
10530 4 2 16 28 89 3465 102 3535
10531 4 2 16 28 837 836 2407 3466
10532 4 2 16 28 206 207 10 3528
10533 4 2 16 28 2188 1957 2325 2686
10534 4 2 16 28 2649 2650 451 450
10535 4 2 16 28 378 68 2575 2239
10536 4 2 16 28 1957 2451 2278 2325
10537 4 2 16 28 2380 1125 2121 2264
10538 4 2 16 28 2238 2035 3500 3517
10539 4 2 16 28 164 1617 1030 3449
10540 4 2 16 28 1562 838 110 3450
10541 4 2 16 28 1606 164 1034 3449
10542 4 2 16 28 1557 110 842 3450
10543 4 2 16 28 145 156 981 2140
10544 4 2 16 28 957 138 2225 1562
10545 4 2 16 28 2408 69 1435 2625
10546 4 2 16 28 2547 2337 2158 663
10547 4 2 16 28 2243 2316 2460 3519
10548 4 2 16 28 1519 800 799 3544
10549 4 2 16 28 2516 2312 1391 347
10550 4 2 16 28 2147 1592 1982 3466
10551 4 2 16 28 580 2029 2174 3513
10552 4 2 16 28 912 1529 2166 3482
10553 4 2 16 28 886 887 1973 2106
10554 4 2 16 28 2184 2374 2036 2145
10555 4 2 16 28 868 789 867 3128
10556 4 2 16 28 3111 867 866 790
10557 4 2 16 28 2614 3487 782 3520
10558 4 2 16 28 3158 1202 1201 3547
10559 4 2 16 28 1021 1020 1028 3501
10560 4 2 16 28 2332 2214 1975 2209
10561 4 2 16 28 129 101 1549 1551
10562 4 2 16 28 591 592 2188 3541
10563 4 2 16 28 2437 3135 1202 3492
10564 4 2 16 28 2056 2188 76 3541
10565 4 2 16 28 111 1558 845 3451
10566 4 2 16 28 573 2141 572 3508
10567 4 2 16 28 2298 536 2655 3515
10568 4 2 16 28 1546 168 160 1628
10569 4 2 16 28 556 3536 3305 3537
10570 4 2 16 28 99 2699 3499 3511
10571 4 2 16 28 2085 2498 2029 2078
10572 4 2 16 28 3 57 107 58
10573 4 2 16 28 2019 733 732 2363
10574 4 2 16 28 1999 2104 644 643
10575 4 2 16 28 2169 1055 2089 1056
10576 4 2 16 28 2454 2315 2569 495
10577 4 2 16 28 3301 299 3524 3525
10578 4 2 16 28 42 43 160 3121
10579 4 2 16 28 2026 752 3300 3509
10580 4 2 16 28 3287 3531 3192 3540
10581 4 2 16 28 846 1555 111 3451
10582 4 2 16 28 2246 3481 2435 3501
10583 4 2 16 28 2230 2036 2374 2145
10584 4 2 16 28 2109 2401 1997 2203
10585 4 2 16 28 1055 1636 1026 3458
10586 4 2 16 28 1024 1629 1548 1053
10587 4 2 16 28 1053 1548 1024 1628
10588 4 2 16 28 2006 1962 2180 2241
10589 4 2 16 28 3175 1226 240 3504
10590 4 2 16 28 486 2548 487 1372
10591 4 2 16 28 79 209 3134 607
10592 4 2 16 28 555 1959 554 3536
10593 4 2 16 28 3282 2126 3478 3503
10594 4 2 16 28 950 1588 834 3459
10595 4 2 16 28 1066 1037 1607 3461
10596 4 2 16 28 2191 3240 2186 2023
10597 4 2 16 28 2425 770 3543 3561
10598 4 2 16 28 1304 1313 1314 2276
10599 4 2 16 28 1970 2277 2699 3498
10600 4 2 16 28 2316 2401 2203 1997
10601 4 2 16 28 3302 3525 3524 3526
10602 4 2 16 28 3177 607 3134 3583
10603 4 2 16 28 2145 2184 279 1964
10604 4 2 16 28 2014 2129 2130 907
10605 4 2 16 28 1984 2092 2111 896
10606 4 2 16 28 955 1566 2009 3490
10607 4 2 16 28 2350 2329 2018 1103
10608 4 2 16 28 122 2111 896 1472
10609 4 2 16 28 1201 1200 3157 2267
10610 4 2 16 28 2424 2563 242 3437
10611 4 2 16 28 2596 573 574 3507
10612 4 2 16 28 2374 251 2230 280
10613 4 2 16 28 2147 950 2073 951
10614 4 2 16 28 2644 2484 2237 3457
10615 4 2 16 28 1484 790 905 3545
10616 4 2 16 28 906 789 1483 3546
10617 4 2 16 28 936 2178 2221 2046
10618 4 2 16 28 1033 3471 2698 3494
10619 4 2 16 28 2064 2177 132 2092
10620 4 2 16 28 2316 2203 3455 3519
10621 4 2 16 28 2245 2238 2274 3500
10622 4 2 16 28 2561 2535 2231 2027
10623 4 2 16 28 2432 464 73 2513
10624 4 2 16 28 3152 3133 608 3583
10625 4 2 16 28 812 811 1532 3498
10626 4 2 16 28 1541 114 159 1547
10627 4 2 16 28 167 142 1541 1547
10628 4 2 16 28 213 3119 3140 3464
10629 4 2 16 28 608 78 212 3133
10630 4 2 16 28 2644 93 774 3523
10631 4 2 16 28 249 2690 2281 61
10632 4 2 16 28 2189 3358 2036 3579
10633 4 2 16 28 889 773 2179 1464
10634 4 2 16 28 2619 2017 699 2193
10635 4 2 16 28 67 1251 1257 2533
10636 4 2 16 28 248 33 29 3120
10637 4 2 16 28 246 43 39 3121
10638 4 2 16 28 578 2428 2174 579
10639 4 2 16 28 2388 2235 2071 2072
10640 4 2 16 28 1259 2366 1422 460
10641 4 2 16 28 2150 2393 566 3506
10642 4 2 16 28 2596 2141 573 3507
10643 4 2 16 28 859 800 3479 3556
10644 4 2 16 28 1330 1254 2405 1320
10645 4 2 16 28 2021 3461 3447 3563
10646 4 2 16 28 2009 1566 956 839
10647 4 2 16 28 1959 2159 556 2255
10648 4 2 16 28 2425 3543 3470 3561
10649 4 2 16 28 2210 81 2633 2611
10650 4 2 16 28 1997 598 2244 2401
10651 4 2 16 28 2193 2704 2367 2619
10652 4 2 16 28 2460 784 785 3486
10653 4 2 16 28 2504 2601 1994 542
10654 4 2 16 28 2655 536 537 3515
10655 4 2 16 28 296 297 2027 3526
10656 4 2 16 28 160 1024 26 849
10657 4 2 16 28 2274 2149 2035 1965
10658 4 2 16 28 1961 2035 2245 2433
10659 4 2 16 28 1384 2330 2404 482
10660 4 2 16 28 2678 2248 2470 3479
10661 4 2 16 28 2026 2108 2124 3509
10662 4 2 16 28 629 1995 630 3580
10663 4 2 16 28 2535 3530 1993 3544
10664 4 2 16 28 2557 2246 2435 3501
10665 4 2 16 28 2365 328 2402 2255
10666 4 2 16 28 1963 3239 3253 3506
10667 4 2 16 28 2436 1204 3154 3578
10668 4 2 16 28 2488 2067 2232 2695
10669 4 2 16 28 3234 590 589 3542
10670 4 2 16 28 599 1997 2244 2197
10671 4 2 16 28 2338 2410 1972 2486
10672 4 2 16 28 2028 677 2122 3558
10673 4 2 16 28 268 1335 267 2295
10674 4 2 16 28 2245 2274 2035 3500
10675 4 2 16 28 2166 2118 912 3482
10676 4 2 16 28 3205 2108 2088 1958
10677 4 2 16 28 3133 3246 211 3249
10678 4 2 16 28 2469 2058 2349 1121
10679 4 2 16 28 2174 2423 2237 2428
10680 4 2 16 28 2029 2357 2498 2659
10681 4 2 16 28 850 1023 159 3446
10682 4 2 16 28 169 1643 161 3497
10683 4 2 16 28 2676 444 445 2530
10684 4 2 16 28 205 606 3246 3478
10685 4 2 16 28 2161 2442 1961 1993
10686 4 2 16 28 1337 2525 479 2313
10687 4 2 16 28 298 3524 297 3526
10688 4 2 16 28 302 303 2072 3527
10689 4 2 16 28 1971 98 1534 3489
10690 4 2 16 28 3482 795 3553 3565
10691 4 2 16 28 867 228 3128 789
10692 4 2 16 28 867 3111 225 790
10693 4 2 16 28 3215 3272 3273 3526
10694 4 2 16 28 213 1199 3142 3562
10695 4 2 16 28 1270 1353 1354 2404
10696 4 2 16 28 2538 2402 330 558
10697 4 2 16 28 2248 1971 2475 3489
10698 4 2 16 28 2386 2230 2593 2153
10699 4 2 16 28 2248 3530 2535 3544
10700 4 2 16 28 2644 3457 93 3523
10701 4 2 16 28 2078 2085 2278 1957
10702 4 2 16 28 766 3476 1448 3502
10703 4 2 16 28 2059 535 2191 3515
10704 4 2 16 28 3348 3347 3220 3525
10705 4 2 16 28 1421 1260 1422 2443
10706 4 2 16 28 980 2187 1977 979
10707 4 2 16 28 24 161 246 3121
10708 4 2 16 28 494 757 495 2569
10709 4 2 16 28 730 3187 3199 2151
10710 4 2 16 28 2280 2473 2501 72
10711 4 2 16 28 2039 3453 1987 3567
10712 4 2 16 28 1447 87 765 3502
10713 4 2 16 28 2536 2230 280 2145
10714 4 2 16 28 3441 3492 1967 3519
10715 4 2 16 28 1971 1534 921 3489
10716 4 2 16 28 112 846 101 3444
10717 4 2 16 28 2274 2035 2238 3517
10718 4 2 16 28 717 718 2040 2467
10719 4 2 16 28 1965 2145 2153 2593
10720 4 2 16 28 1971 2093 2016 921
10721 4 2 16 28 2049 3457 2050 3523
10722 4 2 16 28 2197 2160 3368 2109
10723 4 2 16 28 2545 1199 1 3464
10724 4 2 16 28 2571 595 367 2579
10725 4 2 16 28 2698 2470 3479 3494
10726 4 2 16 28 750 2550 2548 2549
10727 4 2 16 28 2317 2494 1373 1283
10728 4 2 16 28 317 318 1342 2529
10729 4 2 16 28 184 1115 2037 2348
10730 4 2 16 28 830 3119 213 3464
10731 4 2 16 28 2066 2028 678 2122
10732 4 2 16 28 779 1974 3457 3463
10733 4 2 16 28 2609 2477 526 527
10734 4 2 16 28 205 3143 4 3478
10735 4 2 16 28 1963 758 757 2173
10736 4 2 16 28 995 148 2046 1466
10737 4 2 16 28 512 1283 511 2317
10738 4 2 16 28 2644 2683 93 3457
10739 4 2 16 28 2023 662 2158 663
10740 4 2 16 28 1957 2188 2085 3542
10741 4 2 16 28 3309 3508 3218 3509
10742 4 2 16 28 2139 2241 2180 3454
10743 4 2 16 28 668 3302 1972 3525
10744 4 2 16 28 117 869 3442 3504
10745 4 2 16 28 1959 2409 2013 2255
10746 4 2 16 28 2300 2651 2566 1305
10747 4 2 16 28 23 245 813 101
10748 4 2 16 28 907 1981 2130 982
10749 4 2 16 28 1449 2057 927 928
10750 4 2 16 28 2232 2504 2601 1994
10751 4 2 16 28 2174 2659 2029 2356
10752 4 2 16 28 2111 1472 122 3473
10753 4 2 16 28 2017 2619 2704 2193
10754 4 2 16 28 2230 280 251 2536
10755 4 2 16 28 684 3352 3229 3539
10756 4 2 16 28 2220 2530 2333 2389
10757 4 2 16 28 2002 2175 976 1042
10758 4 2 16 28 300 3524 299 3525
10759 4 2 16 28 2363 2019 733 2361
10760 4 2 16 28 3309 574 573 3508
10761 4 2 16 28 3193 3284 610 3579
10762 4 2 16 28 2573 2672 1269 1386
10763 4 2 16 28 952 2083 942 943
10764 4 2 16 28 2067 1994 2232 3581
10765 4 2 16 28 835 3448 2407 3466
10766 4 2 16 28 2470 3467 803 3477
10767 4 2 16 28 3314 3239 1963 3506
10768 4 2 16 28 1381 2651 2440 1305
10769 4 2 16 28 2020 2090 156 154
10770 4 2 16 28 2554 843 2010 3560
10771 4 2 16 28 1038 979 1039 2187
10772 4 2 16 28 91 2105 92 3476
10773 4 2 16 28 3135 2437 1203 3492
10774 4 2 16 28 2056 3287 3531 3532
10775 4 2 16 28 2053 2157 901 987
10776 4 2 16 28 2655 537 2528 3515
10777 4 2 16 28 2535 1993 2231 2027
10778 4 2 16 28 3341 3539 2205 3555
10779 4 2 16 28 2013 2159 1959 2255
10780 4 2 16 28 811 928 1532 2057
10781 4 2 16 28 830 946 985 1581
10782 4 2 16 28 1603 1006 1008 869
10783 4 2 16 28 2151 730 731 3199
10784 4 2 16 28 415 1277 1390 2534
10785 4 2 16 28 649 2603 650 3521
10786 4 2 16 28 3210 3513 2088 3514
10787 4 2 16 28 437 719 2282 720
10788 4 2 16 28 647 2070 648 3225
10789 4 2 16 28 1570 1467 993 877
10790 4 2 16 28 1569 1468 877 993
10791 4 2 16 28 1625 857 973 1513
10792 4 2 16 28 1512 973 1624 857
10793 4 2 16 28 2382 2606 2591 1267
10794 4 2 16 28 8 2510 7 3472
10795 4 2 16 28 2118 2489 2001 2006
10796 4 2 16 28 3227 2085 2164 3542
10797 4 2 16 28 2533 2578 1257 365
10798 4 2 16 28 260 261 1389 2370
10799 4 2 16 28 3281 3581 3214 3582
10800 4 2 16 28 718 2040 2467 2515
10801 4 2 16 28 593 3478 3456 3503
10802 4 2 16 28 1613 862 978 1506
10803 4 2 16 28 1584 1494 872 988
10804 4 2 16 28 998 882 1454 1575
10805 4 2 16 28 968 1542 1632 852
10806 4 2 16 28 1495 1585 872 988
10807 4 2 16 28 882 998 1455 1576
10808 4 2 16 28 852 1633 968 1543
10809 4 2 16 28 862 978 1507 1614
10810 4 2 16 28 751 750 3218 3509
10811 4 2 16 28 710 709 2324 2220
10812 4 2 16 28 2062 985 2063 904
10813 4 2 16 28 2357 3463 1986 3473
10814 4 2 16 28 655 2156 2181 2061
10815 4 2 16 28 801 3479 800 3530
10816 4 2 16 28 2131 127 927 1970
10817 4 2 16 28 2209 2332 2502 2252
10818 4 2 16 28 383 611 2374 2577
10819 4 2 16 28 1594 832 2146 3460
10820 4 2 16 28 2430 514 1394 515
10821 4 2 16 28 329 330 2365 2402
10822 4 2 16 28 206 3246 3249 3478
10823 4 2 16 28 2048 2196 2206 933
10824 4 2 16 28 87 248 28 3120
10825 4 2 16 28 2246 2418 3516 3550
10826 4 2 16 28 743 3294 2088 3514
10827 4 2 16 28 756 757 2569 2173
10828 4 2 16 28 1982 1591 953 3466
10829 4 2 16 28 2415 2570 839 3468
10830 4 2 16 28 2057 811 1531 3498
10831 4 2 16 28 3282 3478 77 3503
10832 4 2 16 28 605 76 592 2658
10833 4 2 16 28 1518 2095 918 2202
10834 4 2 16 28 814 3444 111 3535
10835 4 2 16 28 2347 864 793 3565
10836 4 2 16 28 2032 1120 1121 2331
10837 4 2 16 28 2069 761 760 2299
10838 4 2 16 28 26 159 162 3446
10839 4 2 16 28 2047 843 2010 3450
10840 4 2 16 28 2080 2471 2078 2243
10841 4 2 16 28 2038 2233 2159 2150
10842 4 2 16 28 2066 2438 2675 2028
10843 4 2 16 28 836 2407 835 3487
10844 4 2 16 28 1443 87 88 3495
10845 4 2 16 28 2539 334 561 333
10846 4 2 16 28 2450 2332 2236 3438
10847 4 2 16 28 2118 2489 2006 3496
10848 4 2 16 28 2135 769 1462 3543
10849 4 2 16 28 334 2539 561 562
10850 4 2 16 28 2218 904 2062 2063
10851 4 2 16 28 1231 22 21 3465
10852 4 2 16 28 14 1231 13 3465
10853 4 2 16 28 1978 1517 804 3500
10854 4 2 16 28 247 1239 100 3469
10855 4 2 16 28 557 556 3225 3537
10856 4 2 16 28 2489 3496 3482 3565
10857 4 2 16 28 686 3342 3235 3555
10858 4 2 16 28 1443 86 85 1551
10859 4 2 16 28 1966 2013 2308 2697
10860 4 2 16 28 1546 160 113 849
10861 4 2 16 28 2615 2556 341 340
10862 4 2 16 28 553 1959 2104 3536
10863 4 2 16 28 148 121 2217 2183
10864 4 2 16 28 2392 1400 507 2479
10865 4 2 16 28 2354 2180 2241 3454
10866 4 2 16 28 2424 3437 242 3551
10867 4 2 16 28 719 437 2282 438
10868 4 2 16 28 897 1968 1486 781
10869 4 2 16 28 2050 1986 2237 3457
10870 4 2 16 28 2039 3452 622 3453
10871 4 2 16 28 10 11 2039 3453
10872 4 2 16 28 2315 2173 2569 757
10873 4 2 16 28 2343 1969 2164 2465
10874 4 2 16 28 2571 2316 2203 3455
10875 4 2 16 28 1222 2353 3181 3570
10876 4 2 16 28 1204 2436 3570 3578
10877 4 2 16 28 2180 2354 2182 3452
10878 4 2 16 28 64 610 3284 3579
10879 4 2 16 28 978 2187 1613 1506
10880 4 2 16 28 370 2244 2591 371
10881 4 2 16 28 2087 3461 1002 3472
10882 4 2 16 28 950 1985 2073 945
10883 4 2 16 28 2274 2001 2489 1965
10884 4 2 16 28 337 336 2393 2551
10885 4 2 16 28 1466 148 2046 131
10886 4 2 16 28 576 575 1958 3507
10887 4 2 16 28 2059 3257 3238 3529
10888 4 2 16 28 1019 163 1029 3557
10889 4 2 16 28 3222 3353 3354 3533
10890 4 2 16 28 960 2010 1561 844
10891 4 2 16 28 2074 2232 1994 2504
10892 4 2 16 28 2001 1965 2006 2489
10893 4 2 16 28 1959 555 554 2255
10894 4 2 16 28 2013 2409 2308 2697
10895 4 2 16 28 254 2462 1296 2341
10896 4 2 16 28 2367 2091 1134 2368
10897 4 2 16 28 2413 2567 2061 654
10898 4 2 16 28 680 2066 2122 2208
10899 4 2 16 28 3 3459 832 3460
10900 4 2 16 28 2347 3496 2489 3565
10901 4 2 16 28 867 868 3128 227
10902 4 2 16 28 867 3111 866 226
10903 4 2 16 28 770 3443 2425 3543
10904 4 2 16 28 2009 2012 955 3490
10905 4 2 16 28 99 3439 2699 3511
10906 4 2 16 28 2078 2080 2243 1983
10907 4 2 16 28 2145 2536 2230 2593
10908 4 2 16 28 3336 3335 3226 3527
10909 4 2 16 28 1482 2062 903 3484
10910 4 2 16 28 2596 2423 2484 3507
10911 4 2 16 28 977 978 2185 1507
10912 4 2 16 28 2002 2175 2222 976
10913 4 2 16 28 2384 2475 2535 1971
10914 4 2 16 28 152 2170 1007 1604
10915 4 2 16 28 1035 1011 1036 3538
10916 4 2 16 28 2082 920 971 143
10917 4 2 16 28 2386 2230 2153 2385
10918 4 2 16 28 1034 3474 2656 3538
10919 4 2 16 28 2088 2628 2485 2032
10920 4 2 16 28 513 2317 1374 512
10921 4 2 16 28 866 790 214 3111
10922 4 2 16 28 239 868 3128 789
10923 4 2 16 28 2697 2159 2150 1966
10924 4 2 16 28 2095 1521 919 3544
10925 4 2 16 28 2327 67 2636 2533
10926 4 2 16 28 162 1025 25 3458
10927 4 2 16 28 916 1522 2202 3467
10928 4 2 16 28 2434 2493 2656 3474
10929 4 2 16 28 2637 432 1348 433
10930 4 2 16 28 2013 1966 2308 2007
10931 4 2 16 28 2241 3440 2139 3496
10932 4 2 16 28 322 321 2481 1387
10933 4 2 16 28 2067 2204 1994 3581
10934 4 2 16 28 1514 1043 1627 1018
10935 4 2 16 28 1515 1014 1626 1047
10936 4 2 16 28 1470 940 820 1571
10937 4 2 16 28 17 2563 3446 3481
10938 4 2 16 28 2238 2245 2470 3500
10939 4 2 16 28 1968 781 1489 3520
10940 4 2 16 28 815 102 111 3535
10941 4 2 16 28 2396 359 2497 358
10942 4 2 16 28 64 2184 610 3579
10943 4 2 16 28 2423 2174 2237 2050
10944 4 2 16 28 3447 3461 2021 3472
10945 4 2 16 28 2617 2114 2113 2478
10946 4 2 16 28 1636 2168 170 3458
10947 4 2 16 28 2199 2245 1961 3500
10948 4 2 16 28 865 3445 105 3464
10949 4 2 16 28 303 2191 2072 3527
10950 4 2 16 28 1979 3440 237 3485
10951 4 2 16 28 2238 2470 3477 3500
10952 4 2 16 28 807 3550 808 3559
10953 4 2 16 28 1586 941 825 1497
10954 4 2 16 28 931 815 1577 1457
10955 4 2 16 28 1048 1545 1019 1634
10956 4 2 16 28 1509 1009 1038 1615
10957 4 2 16 28 829 945 1587 1496
10958 4 2 16 28 1578 819 935 1456
10959 4 2 16 28 1635 1544 1023 1052
10960 4 2 16 28 1508 1042 1013 1616
10961 4 2 16 28 831 59 55 3116
10962 4 2 16 28 52 48 3122 1005
10963 4 2 16 28 99 3499 2699 3516
10964 4 2 16 28 2208 2025 683 3539
10965 4 2 16 28 2577 2373 383 384
10966 4 2 16 28 960 2010 844 1560
10967 4 2 16 28 810 809 850 3499
10968 4 2 16 28 2187 978 2185 2045
10969 4 2 16 28 2071 2475 2418 2235
10970 4 2 16 28 772 3522 771 3561
10971 4 2 16 28 31 21 3117 30
10972 4 2 16 28 3234 3541 3262 3542
10973 4 2 16 28 2150 1966 2509 2697
10974 4 2 16 28 1640 1989 1056 3491
10975 4 2 16 28 981 156 2020 2140
10976 4 2 16 28 708 707 1980 3503
10977 4 2 16 28 2415 842 3450 3552
10978 4 2 16 28 3443 3470 91 3476
10979 4 2 16 28 2060 723 2189 3579
10980 4 2 16 28 2315 1963 2173 758
10981 4 2 16 28 2459 2191 2298 3515
10982 4 2 16 28 2149 1961 2122 3558
10983 4 2 16 28 36 29 3120 32
10984 4 2 16 28 42 39 43 3121
10985 4 2 16 28 42 39 3121 38
10986 4 2 16 28 36 29 33 3120
10987 4 2 16 28 2304 2594 2596 345
10988 4 2 16 28 153 1009 3442 3480
10989 4 2 16 28 2480 2545 2510 3568
10990 4 2 16 28 141 929 963 1988
10991 4 2 16 28 934 2196 958 959
10992 4 2 16 28 2001 2274 2035 1965
10993 4 2 16 28 3134 609 208 3528
10994 4 2 16 28 222 217 3112 3534
10995 4 2 16 28 533 1331 532 2607
10996 4 2 16 28 1132 2154 1131 2286
10997 4 2 16 28 2447 3473 2357 3505
10998 4 2 16 28 91 766 3465 3476
10999 4 2 16 28 2145 2213 2593 1965
11000 4 2 16 28 521 635 2372 636
11001 4 2 16 28 138 131 2046 2224
11002 4 2 16 28 2056 2188 2198 3540
11003 4 2 16 28 802 917 1522 2202
11004 4 2 16 28 2274 2593 2558 1965
11005 4 2 16 28 623 2468 624 2210
11006 4 2 16 28 161 160 43 3121
11007 4 2 16 28 2699 2418 2277 3516
11008 4 2 16 28 3447 3461 1037 3563
11009 4 2 16 28 685 3539 3342 3555
11010 4 2 16 28 1983 2190 900 1487
11011 4 2 16 28 821 2447 878 3468
11012 4 2 16 28 705 1980 2345 706
11013 4 2 16 28 206 3143 205 3478
11014 4 2 16 28 245 1233 112 3475
11015 4 2 16 28 2554 2425 3552 3560
11016 4 2 16 28 1214 3569 1225 3572
11017 4 2 16 28 45 49 52 3122
11018 4 2 16 28 2225 958 138 2224
11019 4 2 16 28 3371 593 594 3503
11020 4 2 16 28 1985 949 136 2146
11021 4 2 16 28 2418 2074 2277 3516
11022 4 2 16 28 2194 1972 671 3526
11023 4 2 16 28 47 51 151 3125
11024 4 2 16 28 106 60 56 3108
11025 4 2 16 28 2218 134 2195 983
11026 4 2 16 28 2008 935 2224 996
11027 4 2 16 28 149 107 2087 3460
11028 4 2 16 28 800 801 3530 3544
11029 4 2 16 28 255 2462 254 2272
11030 4 2 16 28 2071 2384 2027 1971
11031 4 2 16 28 28 3495 3469 3502
11032 4 2 16 28 72 2289 83 2473
11033 4 2 16 28 172 2175 1042 165
11034 4 2 16 28 218 3571 3534 3577
11035 4 2 16 28 464 84 2513 693
11036 4 2 16 28 574 575 3507 3508
11037 4 2 16 28 2190 897 1489 1968
11038 4 2 16 28 2007 2013 2106 3522
11039 4 2 16 28 1970 1530 927 3498
11040 4 2 16 28 2023 2337 663 2158
11041 4 2 16 28 1316 1255 2552 1332
11042 4 2 16 28 3125 240 48 1005
11043 4 2 16 28 831 213 55 3108
11044 4 2 16 28 1973 931 932 999
11045 4 2 16 28 2004 1058 171 1637
11046 4 2 16 28 2290 388 2385 616
11047 4 2 16 28 2182 2039 2180 3452
11048 4 2 16 28 2236 2332 2409 3470
11049 4 2 16 28 2012 2219 953 1982
11050 4 2 16 28 776 2447 879 3505
11051 4 2 16 28 3296 3581 2113 3582
11052 4 2 16 28 210 3134 3249 3247
11053 4 2 16 28 2452 82 74 2584
11054 4 2 16 28 1255 501 1329 2398
11055 4 2 16 28 574 3507 573 3508
11056 4 2 16 28 802 3467 2470 3530
11057 4 2 16 28 2274 2489 2593 1965
11058 4 2 16 28 2010 960 961 1560
11059 4 2 16 28 2007 2484 2050 1966
11060 4 2 16 28 2681 2291 441 440
11061 4 2 16 28 2429 1996 2530 2127
11062 4 2 16 28 2210 624 623 3529
11063 4 2 16 28 3185 77 3190 3478
11064 4 2 16 28 2105 2013 2214 3470
11065 4 2 16 28 1473 2112 777 894
11066 4 2 16 28 315 1282 1361 2397
11067 4 2 16 28 2252 2332 2450 2209
11068 4 2 16 28 2386 2006 1962 2153
11069 4 2 16 28 2372 1976 2262 2253
11070 4 2 16 28 1254 534 1439 2632
11071 4 2 16 28 2067 1970 2103 2277
11072 4 2 16 28 2006 2180 2139 2241
11073 4 2 16 28 2420 2587 2696 1274
11074 4 2 16 28 2656 2238 3477 3554
11075 4 2 16 28 2123 1047 972 1046
11076 4 2 16 28 994 2178 892 2034
11077 4 2 16 28 472 2411 1396 471
11078 4 2 16 28 1060 1621 2003 3471
11079 4 2 16 28 159 167 1547 1629
11080 4 2 16 28 1580 946 985 830
11081 4 2 16 28 1006 1601 1008 869
11082 4 2 16 28 2080 2471 2316 1997
11083 4 2 16 28 2542 2293 395 658
11084 4 2 16 28 2484 2007 2308 1966
11085 4 2 16 28 2537 2702 1263 1425
11086 4 2 16 28 246 161 43 3121
11087 4 2 16 28 2516 2703 348 2689
11088 4 2 16 28 1526 2166 913 797
11089 4 2 16 28 108 3448 3464 3486
11090 4 2 16 28 1276 480 1354 2313
11091 4 2 16 28 2184 2036 610 3579
11092 4 2 16 28 937 876 823 1569
11093 4 2 16 28 2566 2567 503 504
11094 4 2 16 28 2076 1988 141 963
11095 4 2 16 28 2316 2640 2460 3519
11096 4 2 16 28 2357 2029 1986 2659
11097 4 2 16 28 2050 2484 2423 3507
11098 4 2 16 28 28 100 1239 3469
11099 4 2 16 28 950 2146 1588 3459
11100 4 2 16 28 2359 2141 2484 1966
11101 4 2 16 28 1037 153 3447 3480
11102 4 2 16 28 3244 1980 707 3503
11103 4 2 16 28 2195 1981 983 152
11104 4 2 16 28 2384 2071 2475 1971
11105 4 2 16 28 1438 438 2466 2692
11106 4 2 16 28 695 2192 2265 3531
11107 4 2 16 28 2336 2458 275 1298
11108 4 2 16 28 245 24 27 847
11109 4 2 16 28 23 247 28 813
11110 4 2 16 28 247 245 27 847
11111 4 2 16 28 23 245 247 813
11112 4 2 16 28 2433 2503 2245 1961
11113 4 2 16 28 2025 2176 2205 3539
11114 4 2 16 28 1598 2087 150 1004
11115 4 2 16 28 1201 2267 3441 3562
11116 4 2 16 28 2583 2424 3444 3560
11117 4 2 16 28 2562 2307 1412 1291
11118 4 2 16 28 2074 2360 2418 2504
11119 4 2 16 28 3377 693 3187 3532
11120 4 2 16 28 2328 375 1421 1260
11121 4 2 16 28 2071 1971 1991 3489
11122 4 2 16 28 3190 77 3282 3478
11123 4 2 16 28 2136 1004 2087 1600
11124 4 2 16 28 2095 2202 1518 3467
11125 4 2 16 28 2640 2437 3441 3519
11126 4 2 16 28 25 3458 1025 3551
11127 4 2 16 28 813 1552 100 3495
11128 4 2 16 28 2352 622 621 3452
11129 4 2 16 28 2243 1968 2614 2357
11130 4 2 16 28 2232 2074 2277 2418
11131 4 2 16 28 919 1992 972 2228
11132 4 2 16 28 937 2178 936 1572
11133 4 2 16 28 2357 2237 2428 1986
11134 4 2 16 28 961 1558 2030 3451
11135 4 2 16 28 2404 1270 1384 482
11136 4 2 16 28 685 684 3229 3539
11137 4 2 16 28 2436 1205 3455 3456
11138 4 2 16 28 2140 908 2130 981
11139 4 2 16 28 1315 1306 496 2314
11140 4 2 16 28 2124 2303 2469 2549
11141 4 2 16 28 2232 2074 1994 2067
11142 4 2 16 28 2484 2141 2304 2596
11143 4 2 16 28 2399 2510 1225 3504
11144 4 2 16 28 2316 3455 2437 3519
11145 4 2 16 28 831 866 213 3108
11146 4 2 16 28 1005 3125 240 868
11147 4 2 16 28 694 3531 3288 3532
11148 4 2 16 28 916 2212 1978 2171
11149 4 2 16 28 1979 3571 3534 3574
11150 4 2 16 28 1499 105 133 1580
11151 4 2 16 28 1601 155 156 1498
11152 4 2 16 28 847 813 113 247
11153 4 2 16 28 1026 3458 3446 3481
11154 4 2 16 28 850 3446 114 3499
11155 4 2 16 28 533 1331 2607 2631
11156 4 2 16 28 1407 1287 358 2445
11157 4 2 16 28 2134 1979 235 3571
11158 4 2 16 28 2384 1971 2535 2027
11159 4 2 16 28 2346 2075 1117 1116
11160 4 2 16 28 2094 920 1516 3544
11161 4 2 16 28 1602 1007 982 1005
11162 4 2 16 28 831 1579 947 984
11163 4 2 16 28 2113 2114 2372 3582
11164 4 2 16 28 3322 3207 3321 3548
11165 4 2 16 28 1972 3302 669 3526
11166 4 2 16 28 87 3495 248 3502
11167 4 2 16 28 2056 2151 76 3532
11168 4 2 16 28 240 869 3504 3518
11169 4 2 16 28 795 794 863 3565
11170 4 2 16 28 2683 3463 2447 3468
11171 4 2 16 28 2510 3447 2493 3472
11172 4 2 16 28 2087 2021 3461 3472
11173 4 2 16 28 959 843 2010 2047
11174 4 2 16 28 2164 2361 2343 2439
11175 4 2 16 28 1960 2459 2528 3515
11176 4 2 16 28 28 248 3495 3502
11177 4 2 16 28 2448 2151 2019 2102
11178 4 2 16 28 2447 777 878 3468
11179 4 2 16 28 1271 1385 1386 2453
11180 4 2 16 28 867 152 134 983
11181 4 2 16 28 2614 2243 2460 3520
11182 4 2 16 28 749 2108 3212 3509
11183 4 2 16 28 495 1306 2454 496
11184 4 2 16 28 52 48 45 3122
11185 4 2 16 28 55 58 54 3116
11186 4 2 16 28 58 55 59 3116
11187 4 2 16 28 1052 170 1055 1990
11188 4 2 16 28 1995 3533 631 3580
11189 4 2 16 28 2471 2080 2078 1997
11190 4 2 16 28 33 248 87 3120
11191 4 2 16 28 19 3439 2524 3462
11192 4 2 16 28 1307 399 1376 2234
11193 4 2 16 28 1967 1478 903 3484
11194 4 2 16 28 2489 2001 3517 3554
11195 4 2 16 28 2126 708 1980 3503
11196 4 2 16 28 89 884 3443 3535
11197 4 2 16 28 428 690 2289 427
11198 4 2 16 28 813 100 113 247
11199 4 2 16 28 1306 1315 1316 2314
11200 4 2 16 28 2384 2071 2388 2235
11201 4 2 16 28 2377 2371 1370 417
11202 4 2 16 28 2097 1110 183 2390
11203 4 2 16 28 806 853 807 3549
11204 4 2 16 28 811 3462 3469 3498
11205 4 2 16 28 571 2223 2026 2141
11206 4 2 16 28 686 3235 687 3555
11207 4 2 16 28 3198 2184 2163 1964
11208 4 2 16 28 2293 2611 71 81
11209 4 2 16 28 1224 3572 2399 3575
11210 4 2 16 28 772 771 882 3561
11211 4 2 16 28 2227 651 2256 3521
11212 4 2 16 28 152 867 1500 983
11213 4 2 16 28 1501 867 134 983
11214 4 2 16 28 2036 2230 2153 2145
11215 4 2 16 28 968 969 2099 1542
11216 4 2 16 28 2190 989 899 898
11217 4 2 16 28 2174 2659 1986 2029
11218 4 2 16 28 2435 3471 2698 3557
11219 4 2 16 28 1503 982 1007 1005
11220 4 2 16 28 984 947 831 1502
11221 4 2 16 28 3232 3340 3339 3580
11222 4 2 16 28 2159 2697 2013 1966
11223 4 2 16 28 2196 2051 998 997
11224 4 2 16 28 990 897 2092 147
11225 4 2 16 28 2019 3334 2164 3542
11226 4 2 16 28 47 151 227 3125
11227 4 2 16 28 226 106 56 3108
11228 4 2 16 28 2608 2384 2027 3524
11229 4 2 16 28 2232 2074 2418 2504
11230 4 2 16 28 2087 107 135 3460
11231 4 2 16 28 2113 3296 3533 3581
11232 4 2 16 28 738 1969 2465 2164
11233 4 2 16 28 2183 2046 148 131
11234 4 2 16 28 2475 2248 2535 1971
11235 4 2 16 28 2238 2035 2274 3500
11236 4 2 16 28 1033 1059 1618 2004
11237 4 2 16 28 2267 2545 2640 3445
11238 4 2 16 28 1967 95 1478 3441
11239 4 2 16 28 510 646 2379 647
11240 4 2 16 28 2347 3440 2241 3496
11241 4 2 16 28 1202 3547 3158 3575
11242 4 2 16 28 3158 3547 1201 3575
11243 4 2 16 28 2643 2426 308 1379
11244 4 2 16 28 2470 3467 2678 3530
11245 4 2 16 28 1351 1275 1352 2318
11246 4 2 16 28 861 796 862 3553
11247 4 2 16 28 2379 511 646 510
11248 4 2 16 28 886 887 2106 1463
11249 4 2 16 28 81 71 2633 2611
11250 4 2 16 28 2679 2659 2029 2249
11251 4 2 16 28 1112 2340 1127 1128
11252 4 2 16 28 2332 1959 2519 2255
11253 4 2 16 28 112 1233 24 3475
11254 4 2 16 28 2278 2243 2498 2078
11255 4 2 16 28 849 26 1238 3462
11256 4 2 16 28 2109 1980 3244 3503
11257 4 2 16 28 2015 2610 81 2210
11258 4 2 16 28 2484 2644 2308 3523
11259 4 2 16 28 2542 2293 2688 395
11260 4 2 16 28 922 2100 2016 3559
11261 4 2 16 28 696 3531 697 3540
11262 4 2 16 28 2219 2083 989 942
11263 4 2 16 28 2399 2347 2510 3442
11264 4 2 16 28 525 526 1416 2664
11265 4 2 16 28 2206 2196 998 933
11266 4 2 16 28 927 2131 1970 2057
11267 4 2 16 28 3192 3360 3359 3540
11268 4 2 16 28 1225 3569 2399 3572
11269 4 2 16 28 124 909 2119 1524
11270 4 2 16 28 636 2253 2372 521
11271 4 2 16 28 2050 2237 2484 3457
11272 4 2 16 28 2223 2201 2150 3506
11273 4 2 16 28 1480 789 906 3493
11274 4 2 16 28 905 790 1480 3493
11275 4 2 16 28 994 995 2178 1572
11276 4 2 16 28 989 2190 2005 898
11277 4 2 16 28 2563 2699 2524 3439
11278 4 2 16 28 2559 2208 2066 2641
11279 4 2 16 28 2232 2067 2488 2277
11280 4 2 16 28 592 2540 2652 2658
11281 4 2 16 28 1568 131 1466 2046
11282 4 2 16 28 1057 1049 2200 1058
11283 4 2 16 28 1640 1057 1989 1028
11284 4 2 16 28 2554 3451 2424 3560
11285 4 2 16 28 2072 1960 2235 2071
11286 4 2 16 28 3192 3531 696 3540
11287 4 2 16 28 1554 112 847 3497
11288 4 2 16 28 1466 103 131 1568
11289 4 2 16 28 1511 157 165 1623
11290 4 2 16 28 1465 132 104 1567
11291 4 2 16 28 158 166 1622 1510
11292 4 2 16 28 2166 913 797 1529
11293 4 2 16 28 328 329 1289 2618
11294 4 2 16 28 621 392 2352 620
11295 4 2 16 28 75 2181 1963 3506
11296 4 2 16 28 2261 2379 2381 510
11297 4 2 16 28 1281 2508 356 1365
11298 4 2 16 28 2524 3438 20 3469
11299 4 2 16 28 2481 2294 323 1393
11300 4 2 16 28 2094 2535 1971 1993
11301 4 2 16 28 2056 76 2151 3541
11302 4 2 16 28 2049 93 121 3457
11303 4 2 16 28 2459 1960 2528 2235
11304 4 2 16 28 3482 3496 794 3565
11305 4 2 16 28 2379 2144 2381 647
11306 4 2 16 28 156 155 1612 1504
11307 4 2 16 28 133 105 1493 1582
11308 4 2 16 28 1630 159 167 1541
11309 4 2 16 28 1492 104 132 1583
11310 4 2 16 28 1540 158 166 1631
11311 4 2 16 28 1573 103 131 1453
11312 4 2 16 28 1611 157 165 1505
11313 4 2 16 28 1957 2278 2471 2325
11314 4 2 16 28 2354 3452 2180 3454
11315 4 2 16 28 686 2176 685 3555
11316 4 2 16 28 2220 1996 711 2126
11317 4 2 16 28 1270 1354 481 2404
11318 4 2 16 28 2050 1958 2141 3507
11319 4 2 16 28 1429 389 1266 2449
11320 4 2 16 28 3499 3516 809 3550
11321 4 2 16 28 1212 1211 3155 3569
11322 4 2 16 28 3187 694 3288 3532
11323 4 2 16 28 2050 1974 1986 3457
11324 4 2 16 28 1023 3446 850 3499
11325 4 2 16 28 2113 3581 2204 3582
11326 4 2 16 28 992 993 2226 939
11327 4 2 16 28 2528 2298 2655 3515
11328 4 2 16 28 540 313 2638 541
11329 4 2 16 28 341 1297 2556 1411
11330 4 2 16 28 866 791 865 3562
11331 4 2 16 28 1349 1252 2383 2281
11332 4 2 16 28 313 540 2638 312
11333 4 2 16 28 319 318 2695 2378
11334 4 2 16 28 2116 930 764 2110
11335 4 2 16 28 211 3133 206 3583
11336 4 2 16 28 3134 210 207 3583
11337 4 2 16 28 2052 3484 216 3492
11338 4 2 16 28 392 621 2352 393
11339 4 2 16 28 915 1978 1517 804
11340 4 2 16 28 517 518 1268 2263
11341 4 2 16 28 2513 694 2265 2701
11342 4 2 16 28 2545 2460 2640 3486
11343 4 2 16 28 573 3507 2141 3508
11344 4 2 16 28 2167 1480 906 3493
11345 4 2 16 28 2589 2353 2532 3573
11346 4 2 16 28 2288 1114 1113 2065
11347 4 2 16 28 2150 2393 2233 2509
11348 4 2 16 28 1443 88 1988 929
11349 4 2 16 28 2369 2453 1385 262
11350 4 2 16 28 8 3447 2510 3472
11351 4 2 16 28 2103 3469 2172 3495
11352 4 2 16 28 1027 3491 3481 3501
11353 4 2 16 28 1320 2405 1330 1319
11354 4 2 16 28 2649 2345 2324 1980
11355 4 2 16 28 2133 2266 1112 1113
11356 4 2 16 28 542 1994 3533 3581
11357 4 2 16 28 1121 1105 2058 1122
11358 4 2 16 28 2532 2399 2589 1223
11359 4 2 16 28 1289 510 1368 2261
11360 4 2 16 28 847 101 813 245
11361 4 2 16 28 830 985 865 1581
11362 4 2 16 28 1596 1597 152 3566
11363 4 2 16 28 2207 3525 2072 3527
11364 4 2 16 28 1125 2380 2121 1124
11365 4 2 16 28 2151 729 3187 3532
11366 4 2 16 28 2489 3482 2001 3554
11367 4 2 16 28 1564 956 839 2009
11368 4 2 16 28 2203 2080 1967 3519
11369 4 2 16 28 1515 858 972 1626
11370 4 2 16 28 1627 1514 856 974
11371 4 2 16 28 1470 878 992 1571
11372 4 2 16 28 994 1469 1572 876
11373 4 2 16 28 769 3470 3443 3543
11374 4 2 16 28 2174 1958 2050 3507
11375 4 2 16 28 2114 1976 2372 3582
11376 4 2 16 28 3180 1214 1213 3569
11377 4 2 16 28 924 808 1991 3559
11378 4 2 16 28 2327 2564 2665 1251
11379 4 2 16 28 10 11 3453 3528
11380 4 2 16 28 1421 1422 1259 2443
11381 4 2 16 28 2246 808 3499 3501
11382 4 2 16 28 2071 2360 1960 2235
11383 4 2 16 28 2434 3471 1031 3494
11384 4 2 16 28 1999 642 643 2251
11385 4 2 16 28 209 3134 3247 609
11386 4 2 16 28 998 999 887 2206
11387 4 2 16 28 937 876 1569 994
11388 4 2 16 28 2526 2527 1434 393
11389 4 2 16 28 97 3477 3517 3554
11390 4 2 16 28 2640 2460 786 3486
11391 4 2 16 28 2168 2011 3497 3551
11392 4 2 16 28 967 1544 851 1635
11393 4 2 16 28 977 1508 861 1616
11394 4 2 16 28 1587 871 1496 987
11395 4 2 16 28 1578 1456 997 881
11396 4 2 16 28 989 1497 1586 873
11397 4 2 16 28 1457 1577 999 883
11398 4 2 16 28 1545 969 853 1634
11399 4 2 16 28 1509 979 863 1615
11400 4 2 16 28 630 1995 2541 2477
11401 4 2 16 28 1959 2332 2209 2214
11402 4 2 16 28 1499 985 865 1580
11403 4 2 16 28 981 1601 1498 869
11404 4 2 16 28 902 123 2079 1485
11405 4 2 16 28 1987 3453 2126 3478
11406 4 2 16 28 893 1974 1477 3463
11407 4 2 16 28 1560 2010 844 3451
11408 4 2 16 28 167 142 1547 965
11409 4 2 16 28 1547 114 159 848
11410 4 2 16 28 48 12 45 3122
11411 4 2 16 28 54 3 55 3116
11412 4 2 16 28 163 158 3556 3557
11413 4 2 16 28 2022 2087 3460 3472
11414 4 2 16 28 2665 2389 445 446
11415 4 2 16 28 739 2465 1969 3564
11416 4 2 16 28 1111 183 2482 2097
11417 4 2 16 28 212 606 3246 3133
11418 4 2 16 28 1058 2200 2004 171
11419 4 2 16 28 2190 783 1487 3520
11420 4 2 16 28 3249 3247 3134 3528
11421 4 2 16 28 2207 2023 664 3527
11422 4 2 16 28 205 3133 206 3478
11423 4 2 16 28 2484 2141 2050 1966
11424 4 2 16 28 2368 2091 1118 2115
11425 4 2 16 28 3178 8 1226 2510
11426 4 2 16 28 2024 2209 2104 3548
11427 4 2 16 28 125 915 1978 1517
11428 4 2 16 28 1123 186 2395 2055
11429 4 2 16 28 404 405 1286 2247
11430 4 2 16 28 85 763 22 814
11431 4 2 16 28 1962 2180 2354 2182
11432 4 2 16 28 952 2083 2219 942
11433 4 2 16 28 992 993 894 2226
11434 4 2 16 28 2524 19 2563 3439
11435 4 2 16 28 2571 2437 2316 3455
11436 4 2 16 28 2049 2050 2007 3523
11437 4 2 16 28 2401 2244 1997 2316
11438 4 2 16 28 735 473 2439 736
11439 4 2 16 28 2236 3443 13 3465
11440 4 2 16 28 1989 1057 2200 1058
11441 4 2 16 28 216 3441 1202 3492
11442 4 2 16 28 2590 523 1362 2254
11443 4 2 16 28 2695 2232 317 545
11444 4 2 16 28 886 2135 1973 885
11445 4 2 16 28 278 2690 610 2374
11446 4 2 16 28 888 998 2051 997
11447 4 2 16 28 1599 2136 154 1607
11448 4 2 16 28 1636 162 1026 3458
11449 4 2 16 28 2137 902 2157 146
11450 4 2 16 28 2160 2345 705 1980
11451 4 2 16 28 2325 2244 1957 2586
11452 4 2 16 28 735 473 472 2439
11453 4 2 16 28 2616 1972 2338 2522
11454 4 2 16 28 834 1588 108 3459
11455 4 2 16 28 1037 153 1607 3461
11456 4 2 16 28 969 2100 923 2099
11457 4 2 16 28 953 2064 2012 137
11458 4 2 16 28 2078 1983 2243 3520
11459 4 2 16 28 888 889 2179 1464
11460 4 2 16 28 669 1972 2486 2616
11461 4 2 16 28 2040 2292 2467 2515
11462 4 2 16 28 3161 230 3144 1216
11463 4 2 16 28 1209 223 3145 3160
11464 4 2 16 28 1210 3146 229 3163
11465 4 2 16 28 231 3147 1217 3162
11466 4 2 16 28 224 3144 1210 3161
11467 4 2 16 28 3160 231 3145 1217
11468 4 2 16 28 3150 1218 221 3166
11469 4 2 16 28 3151 228 1211 3167
11470 4 2 16 28 2545 1 2480 3448
11471 4 2 16 28 233 3148 1219 3164
11472 4 2 16 28 3149 7 9 3165
11473 4 2 16 28 1219 3150 233 3166
11474 4 2 16 28 227 3151 1212 3167
11475 4 2 16 28 300 301 2072 3525
11476 4 2 16 28 2561 2027 2608 2384
11477 4 2 16 28 5 3143 206 3478
11478 4 2 16 28 2237 2174 2428 1986
11479 4 2 16 28 1016 973 1045 1625
11480 4 2 16 28 993 938 822 1569
11481 4 2 16 28 938 1570 993 822
11482 4 2 16 28 1045 1624 973 1016
11483 4 2 16 28 2522 2207 2523 2337
11484 4 2 16 28 808 3501 2246 3549
11485 4 2 16 28 968 1021 1632 1050
11486 4 2 16 28 978 1613 1040 1011
11487 4 2 16 28 827 943 1584 872
11488 4 2 16 28 933 817 998 1575
11489 4 2 16 28 1585 943 827 872
11490 4 2 16 28 1576 817 998 933
11491 4 2 16 28 1633 1050 1021 968
11492 4 2 16 28 1040 1614 978 1011
11493 4 2 16 28 2628 2108 2303 2032
11494 4 2 16 28 2435 3491 3471 3557
11495 4 2 16 28 2533 365 378 2239
11496 4 2 16 28 779 3468 2683 3510
11497 4 2 16 28 2110 962 930 129
11498 4 2 16 28 918 917 1518 2202
11499 4 2 16 28 2596 2484 2141 3507
11500 4 2 16 28 1219 3578 607 3583
11501 4 2 16 28 1036 3480 3447 3538
11502 4 2 16 28 1201 2267 3157 3572
11503 4 2 16 28 2480 2510 2493 3472
11504 4 2 16 28 791 904 1482 3545
11505 4 2 16 28 1481 907 788 3546
11506 4 2 16 28 2399 2241 2347 3440
11507 4 2 16 28 2119 2006 2139 3496
11508 4 2 16 28 2022 2021 2087 3472
11509 4 2 16 28 2210 3189 2186 3529
11510 4 2 16 28 145 156 155 1498
11511 4 2 16 28 118 105 133 1499
11512 4 2 16 28 157 165 144 1511
11513 4 2 16 28 148 103 131 1466
11514 4 2 16 28 132 1465 104 119
11515 4 2 16 28 166 158 115 1510
11516 4 2 16 28 155 156 145 1504
11517 4 2 16 28 133 105 118 1493
11518 4 2 16 28 148 131 103 1453
11519 4 2 16 28 144 165 157 1505
11520 4 2 16 28 119 104 132 1492
11521 4 2 16 28 115 158 166 1540
11522 4 2 16 28 2047 2010 2009 3450
11523 4 2 16 28 159 1023 162 3446
11524 4 2 16 28 2424 16 241 3475
11525 4 2 16 28 2199 3467 2095 3530
11526 4 2 16 28 1103 2155 2329 2018
11527 4 2 16 28 1367 1283 2422 1368
11528 4 2 16 28 1977 2119 910 2118
11529 4 2 16 28 608 3578 1206 3583
11530 4 2 16 28 1008 981 2130 1007
11531 4 2 16 28 647 2144 2381 3521
11532 4 2 16 28 2090 2043 1039 1066
11533 4 2 16 28 2417 461 1345 462
11534 4 2 16 28 996 2216 2183 2008
11535 4 2 16 28 1987 219 2134 3567
11536 4 2 16 28 2011 2169 2086 3491
11537 4 2 16 28 2027 2561 2535 2384
11538 4 2 16 28 255 2558 2272 284
11539 4 2 16 28 1993 1971 2027 2535
11540 4 2 16 28 2496 2637 2060 2280
11541 4 2 16 28 215 224 3545 3576
11542 4 2 16 28 274 1298 1397 2336
11543 4 2 16 28 2241 2139 2006 3496
11544 4 2 16 28 2418 2699 2246 3516
11545 4 2 16 28 620 2354 2352 3452
11546 4 2 16 28 217 2098 218 3534
11547 4 2 16 28 1031 3449 2434 3494
11548 4 2 16 28 1005 982 1602 868
11549 4 2 16 28 1579 831 866 984
11550 4 2 16 28 1968 2078 2243 3520
11551 4 2 16 28 1048 2082 2200 171
11552 4 2 16 28 2459 2298 2528 3515
11553 4 2 16 28 802 2470 3479 3530
11554 4 2 16 28 2389 710 2324 2220
11555 4 2 16 28 213 866 865 3562
11556 4 2 16 28 1114 188 184 2348
11557 4 2 16 28 2185 2043 1040 2187
11558 4 2 16 28 83 72 2473 2280
11559 4 2 16 28 1027 3481 1021 3501
11560 4 2 16 28 1114 1130 188 2348
11561 4 2 16 28 1057 1639 1989 1028
11562 4 2 16 28 2203 2571 3455 3456
11563 4 2 16 28 2014 124 1479 908
11564 4 2 16 28 2484 2308 2697 1966
11565 4 2 16 28 184 188 1115 2348
11566 4 2 16 28 3164 206 10 3148
11567 4 2 16 28 1112 1129 2266 1128
11568 4 2 16 28 2583 13 2236 3443
11569 4 2 16 28 2042 2002 1041 1042
11570 4 2 16 28 1381 333 2440 1300
11571 4 2 16 28 2316 2080 2203 3519
11572 4 2 16 28 188 1131 1115 2348
11573 4 2 16 28 2282 2466 2515 438
11574 4 2 16 28 2237 2174 1986 2050
11575 4 2 16 28 2108 2628 2088 2032
11576 4 2 16 28 2409 2013 2308 3470
11577 4 2 16 28 1023 1026 3446 3481
11578 4 2 16 28 1108 2568 1998 1107
11579 4 2 16 28 2126 1987 2039 3453
11580 4 2 16 28 95 3441 1967 3519
11581 4 2 16 28 2405 397 396 1330
11582 4 2 16 28 2 3460 6 3472
11583 4 2 16 28 1289 1417 1418 2618
11584 4 2 16 28 3191 593 3371 3503
11585 4 2 16 28 340 341 1297 2556
11586 4 2 16 28 1983 1968 2190 3520
11587 4 2 16 28 2323 2606 1430 369
11588 4 2 16 28 593 3191 77 3503
11589 4 2 16 28 1011 3538 1012 3553
11590 4 2 16 28 2206 1454 932 1575
11591 4 2 16 28 2571 367 2400 2579
11592 4 2 16 28 2215 1062 2003 1061
11593 4 2 16 28 491 2556 2512 1297
11594 4 2 16 28 668 1972 669 2616
11595 4 2 16 28 2118 2119 1527 3496
11596 4 2 16 28 2471 1997 2244 2316
11597 4 2 16 28 2443 2321 1259 1421
11598 4 2 16 28 2043 1065 1039 1066
11599 4 2 16 28 2437 3570 2353 3573
11600 4 2 16 28 2695 318 317 2529
11601 4 2 16 28 833 108 3459 3464
11602 4 2 16 28 1991 2016 2100 3559
11603 4 2 16 28 2188 2151 2019 3541
11604 4 2 16 28 2140 981 145 908
11605 4 2 16 28 1223 1216 2589 3573
11606 4 2 16 28 917 2033 2171 2202
11607 4 2 16 28 9 6 3460 3472
11608 4 2 16 28 2498 2029 2659 2249
11609 4 2 16 28 2424 2435 2563 3437
11610 4 2 16 28 1289 1367 328 2618
11611 4 2 16 28 2220 708 2324 1980
11612 4 2 16 28 2207 667 1972 3525
11613 4 2 16 28 2071 2384 2475 2235
11614 4 2 16 28 1960 2360 2638 2528
11615 4 2 16 28 2124 2303 2549 2108
11616 4 2 16 28 14 2583 15 3444
11617 4 2 16 28 2021 2003 2042 3449
11618 4 2 16 28 983 984 905 2218
11619 4 2 16 28 1005 1503 982 868
11620 4 2 16 28 984 831 866 1502
11621 4 2 16 28 869 1006 3442 3518
11622 4 2 16 28 1001 3461 153 3518
11623 4 2 16 28 2401 596 368 2571
11624 4 2 16 28 1984 2111 2112 895
11625 4 2 16 28 927 1532 2057 3498
11626 4 2 16 28 226 213 866 3108
11627 4 2 16 28 3125 227 240 868
11628 4 2 16 28 108 830 105 3464
11629 4 2 16 28 2021 3447 2493 3563
11630 4 2 16 28 968 2100 924 2054
11631 4 2 16 28 1122 1105 2058 1106
11632 4 2 16 28 2203 1987 2109 3456
11633 4 2 16 28 353 352 2356 2671
11634 4 2 16 28 2169 2168 1055 3458
11635 4 2 16 28 2109 3456 1987 3503
11636 4 2 16 28 2266 2028 2342 2673
11637 4 2 16 28 1111 1112 2081 2340
11638 4 2 16 28 1297 340 2556 1403
11639 4 2 16 28 770 883 2425 3535
11640 4 2 16 28 896 1474 775 2111
11641 4 2 16 28 740 741 2464 3564
11642 4 2 16 28 982 1500 1602 868
11643 4 2 16 28 1579 866 1501 984
11644 4 2 16 28 936 995 1568 824
11645 4 2 16 28 1043 975 1623 1018
11646 4 2 16 28 1622 1047 1014 859
11647 4 2 16 28 879 820 940 1567
11648 4 2 16 28 856 1017 1044 1513
11649 4 2 16 28 878 1467 939 821
11650 4 2 16 28 1046 858 1512 1015
11651 4 2 16 28 2123 1047 1046 1059
11652 4 2 16 28 2442 2678 1993 2535
11653 4 2 16 28 1000 90 2116 1452
11654 4 2 16 28 1956 2022 2148 2229
11655 4 2 16 28 1000 931 815 1574
11656 4 2 16 28 1048 970 1631 1019
11657 4 2 16 28 1009 1038 1612 864
11658 4 2 16 28 1583 990 825 941
11659 4 2 16 28 945 1582 870 829
11660 4 2 16 28 1052 1023 1630 966
11661 4 2 16 28 1042 1013 1611 976
11662 4 2 16 28 1573 935 819 996
11663 4 2 16 28 919 2095 2228 918
11664 4 2 16 28 388 387 2385 616
11665 4 2 16 28 1519 920 2094 3544
11666 4 2 16 28 2583 14 13 3443
11667 4 2 16 28 1543 967 1022 1051
11668 4 2 16 28 944 828 987 1495
11669 4 2 16 28 934 881 1455 818
11670 4 2 16 28 1041 861 1507 1012
11671 4 2 16 28 826 942 873 1494
11672 4 2 16 28 863 1039 1506 1010
11673 4 2 16 28 1049 853 1020 1542
11674 4 2 16 28 932 1454 999 816
11675 4 2 16 28 2042 2003 1062 3449
11676 4 2 16 28 2683 3457 2237 3463
11677 4 2 16 28 161 847 24 3497
11678 4 2 16 28 2549 2108 2303 749
11679 4 2 16 28 1015 3479 2698 3556
11680 4 2 16 28 118 3445 865 3562
11681 4 2 16 28 2329 2155 185 1134
11682 4 2 16 28 2045 2185 2002 912
11683 4 2 16 28 2105 91 3470 3476
11684 4 2 16 28 2020 1008 981 2130
11685 4 2 16 28 101 847 112 245
11686 4 2 16 28 593 77 3478 3503
11687 4 2 16 28 842 958 2047 1559
11688 4 2 16 28 2340 1127 1111 1112
11689 4 2 16 28 2325 2244 2471 1957
11690 4 2 16 28 159 114 3446 3511
11691 4 2 16 28 2248 3479 2678 3530
11692 4 2 16 28 1308 368 1431 2323
11693 4 2 16 28 2353 1221 2431 2532
11694 4 2 16 28 2499 2176 2574 686
11695 4 2 16 28 2470 2678 3479 3530
11696 4 2 16 28 3283 3284 3193 3579
11697 4 2 16 28 856 1017 1627 1044
11698 4 2 16 28 937 876 1572 823
11699 4 2 16 28 939 878 821 1571
11700 4 2 16 28 858 1015 1046 1626
11701 4 2 16 28 1568 1466 995 2046
11702 4 2 16 28 2574 685 2176 3539
11703 4 2 16 28 2164 3221 1969 2085
11704 4 2 16 28 1306 337 1377 2444
11705 4 2 16 28 87 85 36 3120
11706 4 2 16 28 1060 2003 2004 3471
11707 4 2 16 28 1287 2521 2396 2445
11708 4 2 16 28 1999 643 644 2251
11709 4 2 16 28 1206 206 3152 3583
11710 4 2 16 28 207 1219 3177 3583
11711 4 2 16 28 1132 2346 1133 1116
11712 4 2 16 28 975 1043 1514 1018
11713 4 2 16 28 1515 1014 1047 859
11714 4 2 16 28 940 1470 820 879
11715 4 2 16 28 1012 1041 861 1616
11716 4 2 16 28 987 1587 828 944
11717 4 2 16 28 881 934 1578 818
11718 4 2 16 28 1051 967 1022 1635
11719 4 2 16 28 999 1577 932 816
11720 4 2 16 28 1586 826 942 873
11721 4 2 16 28 1020 853 1049 1634
11722 4 2 16 28 1039 863 1615 1010
11723 4 2 16 28 990 825 941 1497
11724 4 2 16 28 1545 1048 1019 970
11725 4 2 16 28 1038 1009 1509 864
11726 4 2 16 28 815 931 1000 1457
11727 4 2 16 28 996 935 819 1456
11728 4 2 16 28 829 870 945 1496
11729 4 2 16 28 1042 1508 1013 976
11730 4 2 16 28 1544 1023 1052 966
11731 4 2 16 28 1129 1112 2266 1113
11732 4 2 16 28 1103 2329 185 1119
11733 4 2 16 28 1381 1305 1382 2651
11734 4 2 16 28 913 914 2166 1526
11735 4 2 16 28 1238 19 1240 3462
11736 4 2 16 28 2267 1201 3441 3547
11737 4 2 16 28 2573 2369 1385 263
11738 4 2 16 28 2493 2656 3474 3538
11739 4 2 16 28 1580 985 865 830
11740 4 2 16 28 981 1008 1601 869
11741 4 2 16 28 395 396 2688 2542
11742 4 2 16 28 160 38 42 3121
11743 4 2 16 28 2440 2306 1300 333
11744 4 2 16 28 1996 2333 2220 2530
11745 4 2 16 28 27 1238 1240 3462
11746 4 2 16 28 2187 1040 1613 1039
11747 4 2 16 28 332 560 2539 2538
11748 4 2 16 28 1589 2012 3466 3490
11749 4 2 16 28 2300 334 2440 1305
11750 4 2 16 28 2399 1225 2510 3569
11751 4 2 16 28 2343 2164 2439 2465
11752 4 2 16 28 2293 81 2610 2611
11753 4 2 16 28 2032 1120 1104 1121
11754 4 2 16 28 2407 3448 835 3486
11755 4 2 16 28 2266 2028 2673 2438
11756 4 2 16 28 2447 2614 3488 3505
11757 4 2 16 28 1968 1983 2078 3520
11758 4 2 16 28 813 28 87 3495
11759 4 2 16 28 2070 3225 3306 3537
11760 4 2 16 28 2472 1333 1336 1335
11761 4 2 16 28 2237 2484 2423 2050
11762 4 2 16 28 1110 187 183 2390
11763 4 2 16 28 476 1281 1366 2691
11764 4 2 16 28 2010 3451 2554 3560
11765 4 2 16 28 187 1110 1126 2390
11766 4 2 16 28 2200 969 1048 1049
11767 4 2 16 28 3187 693 694 3532
11768 4 2 16 28 21 3117 765 3465
11769 4 2 16 28 950 1985 945 136
11770 4 2 16 28 2192 694 2265 2513
11771 4 2 16 28 1569 2034 938 937
11772 4 2 16 28 2656 3553 3538 3565
11773 4 2 16 28 22 1231 14 3465
11774 4 2 16 28 1448 766 2031 3476
11775 4 2 16 28 2640 2316 2437 3519
11776 4 2 16 28 2425 883 770 3561
11777 4 2 16 28 2407 3488 3466 3490
11778 4 2 16 28 3201 2160 2197 2017
11779 4 2 16 28 545 316 2232 317
11780 4 2 16 28 235 3127 2134 3577
11781 4 2 16 28 2512 492 491 1297
11782 4 2 16 28 1309 2351 2490 1432
11783 4 2 16 28 2698 2248 2557 3556
11784 4 2 16 28 2172 3469 2103 3498
11785 4 2 16 28 615 2385 387 616
11786 4 2 16 28 1010 3480 1036 3538
11787 4 2 16 28 1979 3574 2052 3576
11788 4 2 16 28 415 416 2371 2675
11789 4 2 16 28 608 2436 78 1205
11790 4 2 16 28 2285 434 1420 2406
11791 4 2 16 28 1 3448 3 3460
11792 4 2 16 28 1977 911 979 2187
11793 4 2 16 28 2429 2040 1996 2127
11794 4 2 16 28 2646 409 410 2647
11795 4 2 16 28 2137 902 146 123
11796 4 2 16 28 1066 154 2136 1607
11797 4 2 16 28 2471 2078 2278 1957
11798 4 2 16 28 224 225 3113 3493
11799 4 2 16 28 3130 228 229 3493
11800 4 2 16 28 2454 496 2315 495
11801 4 2 16 28 2112 1473 777 3463
11802 4 2 16 28 369 368 1308 2323
11803 4 2 16 28 1563 2012 137 1589
11804 4 2 16 28 2098 2203 1967 3492
11805 4 2 16 28 2339 2542 2015 2543
11806 4 2 16 28 6 57 3 53
11807 4 2 16 28 45 9 49 12
11808 4 2 16 28 2114 1995 2113 2478
11809 4 2 16 28 2564 447 2389 446
11810 4 2 16 28 1465 1567 879 991
11811 4 2 16 28 875 1466 995 1568
11812 4 2 16 28 1623 975 1511 855
11813 4 2 16 28 971 859 1622 1510
11814 4 2 16 28 16 1236 24 3551
11815 4 2 16 28 725 2060 3285 3579
11816 4 2 16 28 2105 3470 91 3543
11817 4 2 16 28 142 114 1541 1547
11818 4 2 16 28 1481 908 2014 3485
11819 4 2 16 28 1117 1133 2346 1116
11820 4 2 16 28 2121 1124 1108 1125
11821 4 2 16 28 791 1482 792 3484
11822 4 2 16 28 788 787 1481 3485
11823 4 2 16 28 2044 144 125 914
11824 4 2 16 28 2535 2678 1993 3530
11825 4 2 16 28 635 521 2372 522
11826 4 2 16 28 1016 857 973 1625
11827 4 2 16 28 1569 822 993 877
11828 4 2 16 28 857 973 1624 1016
11829 4 2 16 28 822 1570 993 877
11830 4 2 16 28 3247 609 3134 3528
11831 4 2 16 28 1492 990 874 1583
11832 4 2 16 28 1540 970 854 1631
11833 4 2 16 28 884 1452 1000 1574
11834 4 2 16 28 980 1504 1612 864
11835 4 2 16 28 986 1493 870 1582
11836 4 2 16 28 976 860 1611 1505
11837 4 2 16 28 1453 1573 880 996
11838 4 2 16 28 1541 966 1630 850
11839 4 2 16 28 786 2460 2640 3519
11840 4 2 16 28 213 3140 1199 3464
11841 4 2 16 28 1057 1989 1056 1640
11842 4 2 16 28 783 899 1490 2190
11843 4 2 16 28 705 2109 2160 1980
11844 4 2 16 28 767 2031 2125 3502
11845 4 2 16 28 872 943 1584 988
11846 4 2 16 28 882 998 817 1575
11847 4 2 16 28 1021 968 1632 852
11848 4 2 16 28 1613 978 862 1011
11849 4 2 16 28 1614 862 978 1011
11850 4 2 16 28 872 1585 943 988
11851 4 2 16 28 998 882 817 1576
11852 4 2 16 28 968 1021 1633 852
11853 4 2 16 28 186 1122 2395 1106
11854 4 2 16 28 2471 2244 1997 1957
11855 4 2 16 28 2697 2484 1966 2359
11856 4 2 16 28 937 2178 1572 994
11857 4 2 16 28 985 904 984 2063
11858 4 2 16 28 1116 1132 2154 1131
11859 4 2 16 28 2122 2208 2025 3512
11860 4 2 16 28 155 117 145 1498
11861 4 2 16 28 133 146 118 1499
11862 4 2 16 28 1427 1267 2382 2591
11863 4 2 16 28 148 120 103 1466
11864 4 2 16 28 144 116 157 1511
11865 4 2 16 28 132 1465 119 147
11866 4 2 16 28 115 143 166 1510
11867 4 2 16 28 117 155 145 1504
11868 4 2 16 28 146 133 118 1493
11869 4 2 16 28 103 120 148 1453
11870 4 2 16 28 144 157 116 1505
11871 4 2 16 28 119 132 147 1492
11872 4 2 16 28 143 115 166 1540
11873 4 2 16 28 2134 3127 234 3577
11874 4 2 16 28 838 2415 3468 3510
11875 4 2 16 28 2164 735 2019 2361
11876 4 2 16 28 2208 2612 2176 3539
11877 4 2 16 28 1121 1104 2032 1105
11878 4 2 16 28 1217 1216 3183 3573
11879 4 2 16 28 231 3132 230 3574
11880 4 2 16 28 1210 1209 3158 3575
11881 4 2 16 28 224 3114 223 3576
11882 4 2 16 28 222 223 3115 3574
11883 4 2 16 28 1209 1208 3159 3573
11884 4 2 16 28 1215 3184 1216 3575
11885 4 2 16 28 230 3131 229 3576
11886 4 2 16 28 1217 3181 1218 3570
11887 4 2 16 28 232 3129 231 3571
11888 4 2 16 28 1210 3157 1211 3572
11889 4 2 16 28 1208 1207 3156 3570
11890 4 2 16 28 222 3112 221 3571
11891 4 2 16 28 1215 1214 3182 3572
11892 4 2 16 28 3178 1213 7 3568
11893 4 2 16 28 3109 5 220 3567
11894 4 2 16 28 10 3126 233 3567
11895 4 2 16 28 1212 3153 2 3568
11896 4 2 16 28 1206 3154 1207 3578
11897 4 2 16 28 220 221 3110 3577
11898 4 2 16 28 1218 3179 1219 3578
11899 4 2 16 28 233 3127 232 3577
11900 4 2 16 28 1303 494 1378 2302
11901 4 2 16 28 113 141 1553 1546
11902 4 2 16 28 1381 2440 334 1305
11903 4 2 16 28 1033 3556 2698 3557
11904 4 2 16 28 2126 2039 1996 3453
11905 4 2 16 28 493 755 2512 492
11906 4 2 16 28 1041 1064 2185 2042
11907 4 2 16 28 2203 3455 2098 3456
11908 4 2 16 28 2399 3440 2347 3504
11909 4 2 16 28 2052 3484 2062 3545
11910 4 2 16 28 795 862 3553 3565
11911 4 2 16 28 865 3464 213 3562
11912 4 2 16 28 2013 2409 2214 3470
11913 4 2 16 28 2655 310 309 2250
11914 4 2 16 28 627 529 2541 530
11915 4 2 16 28 790 791 866 214
11916 4 2 16 28 788 789 868 239
11917 4 2 16 28 2365 2538 2402 330
11918 4 2 16 28 2127 2333 1116 2075
11919 4 2 16 28 2434 3449 2493 3474
11920 4 2 16 28 1963 757 2201 2173
11921 4 2 16 28 994 995 892 2178
11922 4 2 16 28 111 3444 3451 3535
11923 4 2 16 28 2425 816 883 3561
11924 4 2 16 28 529 627 2541 628
11925 4 2 16 28 1642 1054 2168 3458
11926 4 2 16 28 2470 3474 856 3494
11927 4 2 16 28 2095 1993 2199 3530
11928 4 2 16 28 2642 2193 697 3531
11929 4 2 16 28 1600 2136 1004 1003
11930 4 2 16 28 3115 3534 217 3574
11931 4 2 16 28 1987 3478 2126 3503
11932 4 2 16 28 422 1296 2461 1402
11933 4 2 16 28 2289 72 83 429
11934 4 2 16 28 380 2353 2436 3578
11935 4 2 16 28 2245 2035 1961 3500
11936 4 2 16 28 2037 2060 2163 83
11937 4 2 16 28 2319 2019 2363 2361
11938 4 2 16 28 946 947 2063 1581
11939 4 2 16 28 2276 1304 530 1380
11940 4 2 16 28 732 733 2019 3541
11941 4 2 16 28 2199 1961 2035 3500
11942 4 2 16 28 246 24 1236 3551
11943 4 2 16 28 1004 2087 2170 2136
11944 4 2 16 28 246 161 24 3551
11945 4 2 16 28 2518 2517 468 467
11946 4 2 16 28 2019 733 3234 3541
11947 4 2 16 28 1958 3507 575 3508
11948 4 2 16 28 1323 2287 1321 1328
11949 4 2 16 28 938 2221 937 2034
11950 4 2 16 28 2192 2018 2151 3532
11951 4 2 16 28 3169 3440 1224 3485
11952 4 2 16 28 1201 3441 3136 3484
11953 4 2 16 28 1108 2568 1123 1124
11954 4 2 16 28 837 3466 2407 3488
11955 4 2 16 28 2066 1113 2266 2133
11956 4 2 16 28 2656 3538 3480 3565
11957 4 2 16 28 102 130 1452 1574
11958 4 2 16 28 412 1269 2672 1386
11959 4 2 16 28 916 2212 915 1978
11960 4 2 16 28 26 40 3123 37
11961 4 2 16 28 2059 3515 2162 3580
11962 4 2 16 28 2187 978 1613 1040
11963 4 2 16 28 763 89 766 3465
11964 4 2 16 28 719 2282 720 2515
11965 4 2 16 28 1984 2112 2226 895
11966 4 2 16 28 913 912 2002 977
11967 4 2 16 28 2014 1479 3440 3485
11968 4 2 16 28 2327 67 2533 1251
11969 4 2 16 28 2019 2151 731 3541
11970 4 2 16 28 238 239 3130 3546
11971 4 2 16 28 214 215 3113 3545
11972 4 2 16 28 2515 2189 2040 2000
11973 4 2 16 28 2118 794 3482 3496
11974 4 2 16 28 1445 764 1550 763
11975 4 2 16 28 1444 85 86 1549
11976 4 2 16 28 1550 102 130 1445
11977 4 2 16 28 901 1983 2079 2053
11978 4 2 16 28 1108 1109 2121 1125
11979 4 2 16 28 930 814 1444 1549
11980 4 2 16 28 2353 3570 1222 3573
11981 4 2 16 28 2433 260 2503 289
11982 4 2 16 28 2493 3447 2021 3472
11983 4 2 16 28 2480 3448 1 3460
11984 4 2 16 28 148 996 2183 131
11985 4 2 16 28 2423 575 576 3507
11986 4 2 16 28 2656 3480 2347 3565
11987 4 2 16 28 1034 3538 2656 3553
11988 4 2 16 28 2464 741 2525 3564
11989 4 2 16 28 1476 777 2112 894
11990 4 2 16 28 2495 2189 2515 2000
11991 4 2 16 28 1997 2078 2471 1957
11992 4 2 16 28 1015 2698 3479 3494
11993 4 2 16 28 575 2595 574 3507
11994 4 2 16 28 130 139 2116 931
11995 4 2 16 28 2070 3356 3225 3537
11996 4 2 16 28 763 764 814 1444
11997 4 2 16 28 814 1550 764 763
11998 4 2 16 28 930 814 764 1444
11999 4 2 16 28 930 814 1550 764
12000 4 2 16 28 1995 2211 2059 3580
12001 4 2 16 28 971 1992 972 919
12002 4 2 16 28 858 1046 1512 972
12003 4 2 16 28 1044 974 856 1513
12004 4 2 16 28 1467 939 992 878
12005 4 2 16 28 995 875 1568 824
12006 4 2 16 28 859 1622 1047 971
12007 4 2 16 28 975 1623 1018 855
12008 4 2 16 28 1567 940 879 991
12009 4 2 16 28 1302 423 2427 1402
12010 4 2 16 28 816 2425 883 3535
12011 4 2 16 28 2436 3154 1205 3578
12012 4 2 16 28 2030 962 2077 3451
12013 4 2 16 28 870 986 1582 945
12014 4 2 16 28 880 1573 819 996
12015 4 2 16 28 966 1023 1630 850
12016 4 2 16 28 860 1611 1013 976
12017 4 2 16 28 815 884 1000 1574
12018 4 2 16 28 990 874 1583 825
12019 4 2 16 28 970 854 1631 1019
12020 4 2 16 28 980 1612 1038 864
12021 4 2 16 28 26 40 25 3123
12022 4 2 16 28 313 312 2638 2257
12023 4 2 16 28 881 934 1455 997
12024 4 2 16 28 861 1041 1507 977
12025 4 2 16 28 828 871 987 1495
12026 4 2 16 28 1022 851 967 1543
12027 4 2 16 28 883 999 1454 816
12028 4 2 16 28 979 1039 1506 863
12029 4 2 16 28 942 989 873 1494
12030 4 2 16 28 1049 969 853 1542
12031 4 2 16 28 64 278 2690 610
12032 4 2 16 28 2041 2175 165 2212
12033 4 2 16 28 2157 945 133 986
12034 4 2 16 28 1037 3447 153 3461
12035 4 2 16 28 834 108 3448 3459
12036 4 2 16 28 2050 2141 2484 3507
12037 4 2 16 28 155 3442 1006 3518
12038 4 2 16 28 2165 967 925 2054
12039 4 2 16 28 2473 2128 2280 2635
12040 4 2 16 28 2470 857 3479 3494
12041 4 2 16 28 2181 1963 2156 3188
12042 4 2 16 28 3118 849 811 3462
12043 4 2 16 28 856 3474 2470 3477
12044 4 2 16 28 1636 1641 162 3458
12045 4 2 16 28 1636 170 162 1641
12046 4 2 16 28 2139 3440 2241 3454
12047 4 2 16 28 931 1973 932 2138
12048 4 2 16 28 2354 390 2290 618
12049 4 2 16 28 2571 2239 2436 3456
12050 4 2 16 28 911 1977 979 910
12051 4 2 16 28 292 264 2442 293
12052 4 2 16 28 292 264 263 2442
12053 4 2 16 28 1454 2206 998 1575
12054 4 2 16 28 945 2157 987 986
12055 4 2 16 28 1129 1113 2288 1130
12056 4 2 16 28 1425 1261 1426 2537
12057 4 2 16 28 939 992 878 1571
12058 4 2 16 28 858 1046 972 1626
12059 4 2 16 28 876 937 1572 994
12060 4 2 16 28 974 856 1627 1044
12061 4 2 16 28 2415 3483 819 3552
12062 4 2 16 28 1018 1514 975 855
12063 4 2 16 28 940 1470 879 991
12064 4 2 16 28 1047 1515 859 971
12065 4 2 16 28 995 875 824 1469
12066 4 2 16 28 811 3462 100 3469
12067 4 2 16 28 2634 2378 320 319
12068 4 2 16 28 1588 136 108 1593
12069 4 2 16 28 154 153 1599 1607
12070 4 2 16 28 2070 648 649 3521
12071 4 2 16 28 1588 1593 108 3459
12072 4 2 16 28 1599 1607 153 3461
12073 4 2 16 28 1988 141 929 128
12074 4 2 16 28 851 1022 967 1635
12075 4 2 16 28 871 1587 828 987
12076 4 2 16 28 997 934 1578 881
12077 4 2 16 28 1041 977 861 1616
12078 4 2 16 28 989 1586 942 873
12079 4 2 16 28 863 1039 1615 979
12080 4 2 16 28 1577 999 883 816
12081 4 2 16 28 1049 853 969 1634
12082 4 2 16 28 213 3464 1199 3562
12083 4 2 16 28 2508 356 355 1281
12084 4 2 16 28 2699 2277 2524 3439
12085 4 2 16 28 2395 2055 186 182
12086 4 2 16 28 870 986 945 1496
12087 4 2 16 28 996 819 880 1456
12088 4 2 16 28 966 1544 1023 850
12089 4 2 16 28 860 1013 1508 976
12090 4 2 16 28 990 874 825 1497
12091 4 2 16 28 854 970 1545 1019
12092 4 2 16 28 980 1038 1509 864
12093 4 2 16 28 815 1000 884 1457
12094 4 2 16 28 1412 2307 1411 1291
12095 4 2 16 28 1964 2145 2205 3555
12096 4 2 16 28 90 130 102 1445
12097 4 2 16 28 18 1238 26 3462
12098 4 2 16 28 2570 3488 2407 3490
12099 4 2 16 28 1000 885 886 1973
12100 4 2 16 28 243 247 1240 3462
12101 4 2 16 28 1620 2004 1033 3471
12102 4 2 16 28 967 2165 966 1052
12103 4 2 16 28 1126 2132 1110 1109
12104 4 2 16 28 2178 936 1572 995
12105 4 2 16 28 2108 3508 3212 3509
12106 4 2 16 28 2163 3186 2060 3579
12107 4 2 16 28 102 130 90 1452
12108 4 2 16 28 2442 2572 2231 264
12109 4 2 16 28 1642 3458 2168 3551
12110 4 2 16 28 3438 3469 2103 3495
12111 4 2 16 28 2589 2437 2353 3573
12112 4 2 16 28 2030 1555 962 3451
12113 4 2 16 28 3119 3 3140 3464
12114 4 2 16 28 2691 475 476 2465
12115 4 2 16 28 811 812 3439 3498
12116 4 2 16 28 2575 380 68 1436
12117 4 2 16 28 122 2111 2092 896
12118 4 2 16 28 811 3439 3462 3498
12119 4 2 16 28 2048 2206 2138 960
12120 4 2 16 28 88 3495 87 3502
12121 4 2 16 28 148 996 890 2183
12122 4 2 16 28 2349 2604 2058 2315
12123 4 2 16 28 2354 2431 3452 3454
12124 4 2 16 28 2207 666 3525 3527
12125 4 2 16 28 2603 2256 650 3521
12126 4 2 16 28 1223 2532 2399 3440
12127 4 2 16 28 2434 2698 2435 3471
12128 4 2 16 28 2311 2445 1287 1408
12129 4 2 16 28 219 1987 2098 3456
12130 4 2 16 28 411 412 2672 2342
12131 4 2 16 28 449 2649 2324 708
12132 4 2 16 28 263 264 1269 2573
12133 4 2 16 28 2052 2098 1967 3492
12134 4 2 16 28 2005 2064 2219 941
12135 4 2 16 28 229 238 3130 3546
12136 4 2 16 28 215 224 3113 3545
12137 4 2 16 28 3442 3447 8 3518
12138 4 2 16 28 2267 1199 2545 3445
12139 4 2 16 28 2218 134 983 984
12140 4 2 16 28 1037 3461 2143 3563
12141 4 2 16 28 1979 3534 2052 3574
12142 4 2 16 28 89 90 102 1445
12143 4 2 16 28 2203 2316 1997 2080
12144 4 2 16 28 2131 167 965 142
12145 4 2 16 28 812 811 3439 3511
12146 4 2 16 28 239 3171 1225 3504
12147 4 2 16 28 2095 919 2228 1992
12148 4 2 16 28 905 2218 1981 983
12149 4 2 16 28 2210 2633 2468 2611
12150 4 2 16 28 211 206 207 3583
12151 4 2 16 28 211 207 210 3583
12152 4 2 16 28 2014 3440 1979 3485
12153 4 2 16 28 1588 2146 136 3459
12154 4 2 16 28 83 2128 2473 2037
12155 4 2 16 28 2167 3493 2129 3576
12156 4 2 16 28 2347 793 3496 3565
12157 4 2 16 28 2656 3474 1013 3477
12158 4 2 16 28 90 89 102 1452
12159 4 2 16 28 2644 3483 2308 3523
12160 4 2 16 28 2198 2193 2056 3540
12161 4 2 16 28 2244 1957 2197 1997
12162 4 2 16 28 958 2225 1557 2047
12163 4 2 16 28 2445 1293 1407 1408
12164 4 2 16 28 1123 186 2055 1107
12165 4 2 16 28 984 1502 985 2063
12166 4 2 16 28 813 100 28 3495
12167 4 2 16 28 982 983 906 1981
12168 4 2 16 28 1969 3513 3216 3514
12169 4 2 16 28 2021 2043 2143 3563
12170 4 2 16 28 2231 264 293 2442
12171 4 2 16 28 2051 887 2206 998
12172 4 2 16 28 2060 725 724 3579
12173 4 2 16 28 2069 761 1963 760
12174 4 2 16 28 1323 249 2456 1264
12175 4 2 16 28 8 12 3447 3472
12176 4 2 16 28 807 3549 3550 3559
12177 4 2 16 28 25 40 44 3123
12178 4 2 16 28 2014 1979 2129 3485
12179 4 2 16 28 78 378 2239 68
12180 4 2 16 28 2277 3439 2699 3498
12181 4 2 16 28 2261 2381 509 510
12182 4 2 16 28 1972 2338 2486 2616
12183 4 2 16 28 2642 2091 2193 2265
12184 4 2 16 28 2545 2480 2407 3448
12185 4 2 16 28 378 78 2239 606
12186 4 2 16 28 2385 385 2577 613
12187 4 2 16 28 844 3451 2010 3560
12188 4 2 16 28 2019 2164 2085 3542
12189 4 2 16 28 2576 1314 1254 2631
12190 4 2 16 28 2549 2124 2108 3509
12191 4 2 16 28 1061 1060 1621 2003
12192 4 2 16 28 1379 1304 308 2643
12193 4 2 16 28 2072 301 302 3527
12194 4 2 16 28 2 2480 3460 3472
12195 4 2 16 28 57 6 3 107
12196 4 2 16 28 9 49 12 149
12197 4 2 16 28 1065 1036 1609 3563
12198 4 2 16 28 2135 2116 885 90
12199 4 2 16 28 2509 2393 2660 338
12200 4 2 16 28 2056 3531 3287 3540
12201 4 2 16 28 2535 2248 2678 3530
12202 4 2 16 28 31 21 22 3117
12203 4 2 16 28 2502 2294 324 323
12204 4 2 16 28 2568 2144 2381 1124
12205 4 2 16 28 1522 802 2202 3467
12206 4 2 16 28 2401 368 2400 2571
12207 4 2 16 28 2487 2263 1387 1268
12208 4 2 16 28 1001 153 1006 3518
12209 4 2 16 28 950 2147 2146 3459
12210 4 2 16 28 89 91 766 3465
12211 4 2 16 28 2011 2086 3437 3491
12212 4 2 16 28 1423 2588 1262 1424
12213 4 2 16 28 129 86 2110 1988
12214 4 2 16 28 991 2177 940 1984
12215 4 2 16 28 2112 2034 2226 894
12216 4 2 16 28 907 982 906 1981
12217 4 2 16 28 2304 2594 345 344
12218 4 2 16 28 2112 1986 1974 3463
12219 4 2 16 28 2622 2345 2650 452
12220 4 2 16 28 107 1597 1596 3566
12221 4 2 16 28 2129 1979 2052 3576
12222 4 2 16 28 300 2072 3524 3525
12223 4 2 16 28 186 2395 182 1106
12224 4 2 16 28 2499 2176 2275 2574
12225 4 2 16 28 181 185 2155 1118
12226 4 2 16 28 147 2064 2092 990
12227 4 2 16 28 3181 2353 1221 3570
12228 4 2 16 28 658 2015 2210 2186
12229 4 2 16 28 439 717 2467 718
12230 4 2 16 28 1972 3525 3302 3526
12231 4 2 16 28 2178 1974 891 892
12232 4 2 16 28 2077 2011 2010 3451
12233 4 2 16 28 2028 2266 2066 2438
12234 4 2 16 28 2154 1116 1131 1115
12235 4 2 16 28 842 2047 1557 3450
12236 4 2 16 28 819 3483 2415 3510
12237 4 2 16 28 1991 1539 3516 3550
12238 4 2 16 28 1118 185 2155 1134
12239 4 2 16 28 343 344 1357 2580
12240 4 2 16 28 2050 2049 1974 3457
12241 4 2 16 28 3118 848 849 3511
12242 4 2 16 28 92 2031 1446 3476
12243 4 2 16 28 902 2079 901 1488
12244 4 2 16 28 498 1255 2668 499
12245 4 2 16 28 1972 669 670 3526
12246 4 2 16 28 187 183 2482 1111
12247 4 2 16 28 276 277 2687 2298
12248 4 2 16 28 2129 1481 2014 3485
12249 4 2 16 28 2542 397 2684 660
12250 4 2 16 28 2532 2241 2399 3440
12251 4 2 16 28 836 1591 1982 3466
12252 4 2 16 28 1111 2482 187 1127
12253 4 2 16 28 2589 3547 2437 3573
12254 4 2 16 28 1220 79 2431 3452
12255 4 2 16 28 906 2129 1483 907
12256 4 2 16 28 2025 2205 2213 3539
12257 4 2 16 28 2225 958 2224 2047
12258 4 2 16 28 2134 219 1987 2098
12259 4 2 16 28 2158 2523 2207 2337
12260 4 2 16 28 2187 1613 1506 1039
12261 4 2 16 28 1114 2288 1113 1130
12262 4 2 16 28 2435 2563 3437 3481
12263 4 2 16 28 764 86 1451 2110
12264 4 2 16 28 894 2112 893 1473
12265 4 2 16 28 502 654 2413 655
12266 4 2 16 28 1960 2235 2360 2528
12267 4 2 16 28 1978 915 1520 804
12268 4 2 16 28 2532 1221 2431 3454
12269 4 2 16 28 455 1437 1267 2382
12270 4 2 16 28 981 982 2130 1007
12271 4 2 16 28 967 2165 925 966
12272 4 2 16 28 1273 516 1388 2430
12273 4 2 16 28 530 531 1304 2276
12274 4 2 16 28 216 3114 2052 3576
12275 4 2 16 28 1979 3440 2139 3454
12276 4 2 16 28 2076 928 964 141
12277 4 2 16 28 113 247 100 3462
12278 4 2 16 28 2436 1205 608 3578
12279 4 2 16 28 293 265 264 2231
12280 4 2 16 28 24 847 112 3497
12281 4 2 16 28 2023 2158 661 2186
12282 4 2 16 28 952 836 1591 1982
12283 4 2 16 28 293 294 265 2231
12284 4 2 16 28 3117 766 765 3465
12285 4 2 16 28 2681 715 2682 2429
12286 4 2 16 28 2151 3199 731 3541
12287 4 2 16 28 789 228 239 3130
12288 4 2 16 28 225 214 3113 790
12289 4 2 16 28 1324 1325 1326 2585
12290 4 2 16 28 26 849 848 3511
12291 4 2 16 28 1277 260 1389 2370
12292 4 2 16 28 1052 1630 167 2165
12293 4 2 16 28 945 2157 133 1985
12294 4 2 16 28 309 308 2655 2426
12295 4 2 16 28 913 914 976 2222
12296 4 2 16 28 2568 1108 1123 1107
12297 4 2 16 28 2232 2529 2695 317
12298 4 2 16 28 2645 513 514 2251
12299 4 2 16 28 345 1285 344 2594
12300 4 2 16 28 846 3451 3444 3475
12301 4 2 16 28 913 914 2222 2166
12302 4 2 16 28 408 1333 1336 2472
12303 4 2 16 28 2136 1600 2087 3461
12304 4 2 16 28 2135 2106 2105 3543
12305 4 2 16 28 917 973 974 2033
12306 4 2 16 28 2611 2097 2210 2610
12307 4 2 16 28 2614 2460 3487 3520
12308 4 2 16 28 332 333 1300 2306
12309 4 2 16 28 1277 259 260 2419
12310 4 2 16 28 21 30 34 3117
12311 4 2 16 28 32 36 85 3120
12312 4 2 16 28 8 3442 2510 3447
12313 4 2 16 28 2551 2314 1306 1316
12314 4 2 16 28 905 2167 1480 906
12315 4 2 16 28 983 2195 152 134
12316 4 2 16 28 1555 2030 139 1558
12317 4 2 16 28 2339 2340 2482 2158
12318 4 2 16 28 3489 3550 3549 3559
12319 4 2 16 28 3117 21 763 3465
12320 4 2 16 28 74 82 2452 2654
12321 4 2 16 28 860 2656 3477 3554
12322 4 2 16 28 425 2287 2670 426
12323 4 2 16 28 2640 3441 95 3519
12324 4 2 16 28 956 1564 957 2009
12325 4 2 16 28 1413 1290 1414 2462
12326 4 2 16 28 2105 2106 2013 3543
12327 4 2 16 28 1134 1117 1133 2368
12328 4 2 16 28 2639 2412 1382 505
12329 4 2 16 28 1278 1391 1392 2312
12330 4 2 16 28 2579 365 366 2578
12331 4 2 16 28 699 2193 2017 3540
12332 4 2 16 28 1564 957 2009 3450
12333 4 2 16 28 2157 133 146 986
12334 4 2 16 28 2435 2698 2557 3557
12335 4 2 16 28 997 935 2008 996
12336 4 2 16 28 1375 275 2458 1298
12337 4 2 16 28 2333 2389 2324 2220
12338 4 2 16 28 2088 2032 2485 2107
12339 4 2 16 28 2133 2486 1972 2410
12340 4 2 16 28 346 347 1278 2312
12341 4 2 16 28 2205 2176 1964 3555
12342 4 2 16 28 378 67 365 2533
12343 4 2 16 28 2691 1366 475 2311
12344 4 2 16 28 12 8 3447 3518
12345 4 2 16 28 2090 2187 1038 1039
12346 4 2 16 28 1061 1621 1031 2003
12347 4 2 16 28 1365 2521 357 1287
12348 4 2 16 28 122 94 1486 1968
12349 4 2 16 28 996 997 889 2008
12350 4 2 16 28 3501 3549 1020 3557
12351 4 2 16 28 1299 470 2411 1324
12352 4 2 16 28 2062 985 904 903
12353 4 2 16 28 155 153 3442 3518
12354 4 2 16 28 2525 1337 479 478
12355 4 2 16 28 2113 1976 2114 3582
12356 4 2 16 28 3438 3495 2125 3502
12357 4 2 16 28 2244 2591 371 372
12358 4 2 16 28 977 978 912 2185
12359 4 2 16 28 1062 2003 1619 3449
12360 4 2 16 28 2143 1609 1065 1066
12361 4 2 16 28 912 913 2166 1529
12362 4 2 16 28 2368 1118 1117 2115
12363 4 2 16 28 2475 2246 2557 3550
12364 4 2 16 28 2213 2149 2025 3512
12365 4 2 16 28 1057 1989 1639 1058
12366 4 2 16 28 2447 3488 820 3505
12367 4 2 16 28 3249 206 3478 3528
12368 4 2 16 28 89 3443 91 3465
12369 4 2 16 28 3441 3484 1201 3562
12370 4 2 16 28 2608 270 2491 2384
12371 4 2 16 28 2030 1558 1555 3451
12372 4 2 16 28 2057 2172 2103 3498
12373 4 2 16 28 159 3446 26 3511
12374 4 2 16 28 2554 2415 3450 3552
12375 4 2 16 28 961 2010 1560 3451
12376 4 2 16 28 835 2407 3486 3487
12377 4 2 16 28 37 44 40 3123
12378 4 2 16 28 37 41 44 3123
12379 4 2 16 28 3119 833 3 3464
12380 4 2 16 28 149 3460 2087 3472
12381 4 2 16 28 995 148 891 2217
12382 4 2 16 28 2221 957 2225 2009
12383 4 2 16 28 591 3541 2188 3542
12384 4 2 16 28 2516 348 1391 2689
12385 4 2 16 28 2111 775 1472 3473
12386 4 2 16 28 1296 1401 2341 1402
12387 4 2 16 28 891 892 995 2178
12388 4 2 16 28 767 1448 768 2031
12389 4 2 16 28 983 1981 905 906
12390 4 2 16 28 2192 2335 2018 84
12391 4 2 16 28 95 3441 2640 3445
12392 4 2 16 28 2442 2369 264 263
12393 4 2 16 28 2525 478 741 2464
12394 4 2 16 28 213 226 866 3111
12395 4 2 16 28 868 227 240 3128
12396 4 2 16 28 1224 3485 3440 3504
12397 4 2 16 28 2456 2281 2663 1264
12398 4 2 16 28 2178 2046 995 2217
12399 4 2 16 28 3446 3499 2699 3511
12400 4 2 16 28 1023 3481 3446 3499
12401 4 2 16 28 762 499 2299 2654
12402 4 2 16 28 222 3534 3112 3571
12403 4 2 16 28 1970 2074 2084 3516
12404 4 2 16 28 2282 719 438 2515
12405 4 2 16 28 2256 2227 1998 2567
12406 4 2 16 28 942 2219 941 989
12407 4 2 16 28 385 614 2385 386
12408 4 2 16 28 1111 2081 2158 2340
12409 4 2 16 28 316 545 2232 544
12410 4 2 16 28 1341 521 1344 2667
12411 4 2 16 28 385 614 613 2385
12412 4 2 16 28 2090 2043 1066 2143
12413 4 2 16 28 186 2055 1107 182
12414 4 2 16 28 121 1974 2049 3457
12415 4 2 16 28 1134 2091 1118 2368
12416 4 2 16 28 2105 1975 2031 3476
12417 4 2 16 28 1357 2376 1285 1358
12418 4 2 16 28 935 138 958 2224
12419 4 2 16 28 1042 977 976 2002
12420 4 2 16 28 2399 2347 3442 3504
12421 4 2 16 28 3437 3481 3458 3491
12422 4 2 16 28 914 2175 2044 144
12423 4 2 16 28 1347 2417 1346 1345
12424 4 2 16 28 2545 2640 3445 3486
12425 4 2 16 28 566 339 338 2509
12426 4 2 16 28 2077 169 2168 3497
12427 4 2 16 28 2003 2086 2004 3471
12428 4 2 16 28 566 339 2509 567
12429 4 2 16 28 2293 2611 2633 71
12430 4 2 16 28 923 807 1535 3559
12431 4 2 16 28 112 846 3444 3475
12432 4 2 16 28 2196 2047 958 959
12433 4 2 16 28 2094 1993 2095 3544
12434 4 2 16 28 2271 2499 2574 423
12435 4 2 16 28 83 2128 2037 2060
12436 4 2 16 28 927 928 2057 1532
12437 4 2 16 28 2660 2509 338 339
12438 4 2 16 28 22 763 21 3465
12439 4 2 16 28 800 3530 3479 3544
12440 4 2 16 28 512 644 2379 645
12441 4 2 16 28 2218 2167 905 1981
12442 4 2 16 28 2052 3492 216 3534
12443 4 2 16 28 2087 2021 2136 3461
12444 4 2 16 28 2551 2552 1316 65
12445 4 2 16 28 2019 2101 2164 2361
12446 4 2 16 28 1975 2105 2214 3476
12447 4 2 16 28 1993 3530 2095 3544
12448 4 2 16 28 916 2212 975 915
12449 4 2 16 28 1066 2143 1037 3461
12450 4 2 16 28 2537 1425 1261 2297
12451 4 2 16 28 949 2063 947 948
12452 4 2 16 28 1443 88 86 1988
12453 4 2 16 28 214 1200 3138 3562
12454 4 2 16 28 919 1992 2095 3544
12455 4 2 16 28 2034 1569 994 937
12456 4 2 16 28 2480 2510 3472 3568
12457 4 2 16 28 112 140 1556 2077
12458 4 2 16 28 2265 2192 2193 3531
12459 4 2 16 28 2528 2250 310 2655
12460 4 2 16 28 10 207 3168 3528
12461 4 2 16 28 11 3168 208 3528
12462 4 2 16 28 845 3535 3451 3560
12463 4 2 16 28 2392 2618 1418 1417
12464 4 2 16 28 2138 2030 961 139
12465 4 2 16 28 1557 2047 2225 3450
12466 4 2 16 28 2665 2327 1251 1256
12467 4 2 16 28 729 728 2018 2544
12468 4 2 16 28 2576 1254 1320 2405
12469 4 2 16 28 49 45 12 3122
12470 4 2 16 28 54 58 3 3116
12471 4 2 16 28 3185 3190 3453 3478
12472 4 2 16 28 977 913 976 2002
12473 4 2 16 28 2090 154 2136 1066
12474 4 2 16 28 3190 80 3185 3453
12475 4 2 16 28 2007 2308 3522 3523
12476 4 2 16 28 991 132 2177 2092
12477 4 2 16 28 2077 3475 112 3497
12478 4 2 16 28 245 247 813 847
12479 4 2 16 28 307 308 2643 2298
12480 4 2 16 28 482 1384 2330 483
12481 4 2 16 28 1117 1134 1118 2368
12482 4 2 16 28 784 3486 2460 3487
12483 4 2 16 28 610 383 2374 382
12484 4 2 16 28 383 610 2374 611
12485 4 2 16 28 2262 1125 2264 2121
12486 4 2 16 28 1126 2096 2132 2259
12487 4 2 16 28 2078 2243 2471 2278
12488 4 2 16 28 3 3448 1 3464
12489 4 2 16 28 137 2012 953 1589
12490 4 2 16 28 31 34 3117 35
12491 4 2 16 28 34 31 3117 30
12492 4 2 16 28 1989 1640 1028 3491
12493 4 2 16 28 2105 2013 3470 3543
12494 4 2 16 28 905 1480 2167 3493
12495 4 2 16 28 1991 808 3550 3559
12496 4 2 16 28 3467 3477 2470 3500
12497 4 2 16 28 2644 3483 774 3510
12498 4 2 16 28 1428 2702 387 1263
12499 4 2 16 28 1049 1050 2099 1632
12500 4 2 16 28 2506 1253 2599 2334
12501 4 2 16 28 2520 2259 2541 2211
12502 4 2 16 28 2021 2143 2136 3461
12503 4 2 16 28 310 309 2426 1301
12504 4 2 16 28 333 334 1381 2440
12505 4 2 16 28 2112 1974 893 3463
12506 4 2 16 28 1025 162 1641 3458
12507 4 2 16 28 245 112 3444 3475
12508 4 2 16 28 4 1987 219 3456
12509 4 2 16 28 733 734 471 2361
12510 4 2 16 28 717 439 2467 440
12511 4 2 16 28 2575 2533 2636 378
12512 4 2 16 28 1361 1362 1288 2397
12513 4 2 16 28 1302 1321 1322 2427
12514 4 2 16 28 2436 1204 2437 3455
12515 4 2 16 28 860 3553 2656 3554
12516 4 2 16 28 2215 2041 1044 2171
12517 4 2 16 28 2610 2543 2015 2293
12518 4 2 16 28 519 1274 1356 2420
12519 4 2 16 28 481 2404 2330 482
12520 4 2 16 28 2222 2175 2044 914
12521 4 2 16 28 470 733 471 2361
12522 4 2 16 28 108 1593 833 3459
12523 4 2 16 28 1001 1599 153 3461
12524 4 2 16 28 2629 2495 2496 2000
12525 4 2 16 28 2469 2058 1105 2124
12526 4 2 16 28 2434 2698 3471 3494
12527 4 2 16 28 2034 1569 938 993
12528 4 2 16 28 448 1251 447 2564
12529 4 2 16 28 245 3444 241 3475
12530 4 2 16 28 1446 2031 766 3476
12531 4 2 16 28 2644 2237 2683 3457
12532 4 2 16 28 371 1267 1427 2591
12533 4 2 16 28 1025 25 44 3123
12534 4 2 16 28 790 3493 905 3545
12535 4 2 16 28 906 3493 789 3546
12536 4 2 16 28 1129 2266 2270 2066
12537 4 2 16 28 1978 804 3467 3500
12538 4 2 16 28 223 2052 216 3574
12539 4 2 16 28 335 334 2300 1305
12540 4 2 16 28 2125 2031 1975 3502
12541 4 2 16 28 2008 888 997 889
12542 4 2 16 28 1983 2190 1487 3520
12543 4 2 16 28 697 2193 698 3540
12544 4 2 16 28 1967 903 2062 3484
12545 4 2 16 28 2584 2301 2061 2413
12546 4 2 16 28 67 1257 365 2533
12547 4 2 16 28 3443 3470 2425 3543
12548 4 2 16 28 131 936 138 2046
12549 4 2 16 28 156 1038 154 2090
12550 4 2 16 28 1489 2190 1968 3520
12551 4 2 16 28 3118 812 848 3511
12552 4 2 16 28 2125 3438 2103 3495
12553 4 2 16 28 1008 156 2020 981
12554 4 2 16 28 423 686 2574 685
12555 4 2 16 28 1992 2093 2094 920
12556 4 2 16 28 830 108 833 3464
12557 4 2 16 28 2098 3492 2052 3534
12558 4 2 16 28 2532 2241 3440 3454
12559 4 2 16 28 2436 3455 2571 3456
12560 4 2 16 28 423 2574 422 685
12561 4 2 16 28 2077 2168 2011 3497
12562 4 2 16 28 2674 2268 414 413
12563 4 2 16 28 1484 904 2062 905
12564 4 2 16 28 2410 2338 1972 2081
12565 4 2 16 28 1341 1342 2279 1343
12566 4 2 16 28 1346 1253 2506 2334
12567 4 2 16 28 3228 3533 2162 3580
12568 4 2 16 28 1507 978 2185 1614
12569 4 2 16 28 2124 2303 2108 2032
12570 4 2 16 28 2444 1303 1377 1378
12571 4 2 16 28 1979 2134 3534 3571
12572 4 2 16 28 2023 2072 2191 3527
12573 4 2 16 28 27 38 160 3121
12574 4 2 16 28 2511 2285 1348 1258
12575 4 2 16 28 914 1523 2044 3517
12576 4 2 16 28 2328 374 373 2586
12577 4 2 16 28 2151 2544 729 2018
12578 4 2 16 28 2246 808 3549 3550
12579 4 2 16 28 764 2110 1451 767
12580 4 2 16 28 1967 2062 2052 3484
12581 4 2 16 28 982 983 1981 152
12582 4 2 16 28 770 2425 3443 3535
12583 4 2 16 28 740 739 1969 3564
12584 4 2 16 28 653 503 2567 504
12585 4 2 16 28 686 2499 423 2574
12586 4 2 16 28 2062 2167 905 2218
12587 4 2 16 28 2148 2012 2009 3490
12588 4 2 16 28 1041 1507 2185 1614
12589 4 2 16 28 790 225 1480 3493
12590 4 2 16 28 2275 2066 1129 2270
12591 4 2 16 28 503 653 2567 654
12592 4 2 16 28 1043 2041 2171 1044
12593 4 2 16 28 2399 3442 2510 3504
12594 4 2 16 28 588 589 360 2451
12595 4 2 16 28 1120 2310 2331 2107
12596 4 2 16 28 2115 2193 2017 2704
12597 4 2 16 28 80 381 609 622
12598 4 2 16 28 2170 1004 2136 1003
12599 4 2 16 28 705 2345 451 706
12600 4 2 16 28 2336 275 274 1298
12601 4 2 16 28 589 361 360 2451
12602 4 2 16 28 2034 2112 893 894
12603 4 2 16 28 400 2337 2547 663
12604 4 2 16 28 3447 12 3461 3472
12605 4 2 16 28 996 2216 889 890
12606 4 2 16 28 2202 2033 2228 917
12607 4 2 16 28 152 134 1596 3566
12608 4 2 16 28 2260 2541 1995 2477
12609 4 2 16 28 2437 2436 2353 3570
12610 4 2 16 28 147 2064 132 2092
12611 4 2 16 28 2215 1062 1044 2041
12612 4 2 16 28 484 1272 2387 1392
12613 4 2 16 28 2257 314 313 1288
12614 4 2 16 28 2194 2133 2342 2648
12615 4 2 16 28 1200 2267 3155 3569
12616 4 2 16 28 132 991 2177 940
12617 4 2 16 28 402 2522 2337 665
12618 4 2 16 28 2128 2280 2496 2060
12619 4 2 16 28 675 411 2342 412
12620 4 2 16 28 2095 3530 801 3544
12621 4 2 16 28 747 485 2303 748
12622 4 2 16 28 411 675 2342 674
12623 4 2 16 28 137 132 941 2064
12624 4 2 16 28 485 747 2303 484
12625 4 2 16 28 2087 135 2146 3460
12626 4 2 16 28 223 216 2052 3576
12627 4 2 16 28 2570 2407 3466 3490
12628 4 2 16 28 218 3455 2098 3492
12629 4 2 16 28 2143 3461 2021 3563
12630 4 2 16 28 2217 1974 891 2178
12631 4 2 16 28 2023 2337 2158 2207
12632 4 2 16 28 992 894 895 2226
12633 4 2 16 28 1272 1383 1384 2387
12634 4 2 16 28 2020 2170 1003 1008
12635 4 2 16 28 2598 1999 2264 2251
12636 4 2 16 28 2056 3531 2192 3532
12637 4 2 16 28 2146 3459 2147 3460
12638 4 2 16 28 3451 3535 3444 3560
12639 4 2 16 28 61 1264 2281 249
12640 4 2 16 28 940 992 991 1984
12641 4 2 16 28 429 83 2289 692
12642 4 2 16 28 2354 2241 2431 3454
12643 4 2 16 28 2499 2068 2065 2176
12644 4 2 16 28 121 148 890 2183
12645 4 2 16 28 453 704 703 2622
12646 4 2 16 28 2097 2611 2210 2096
12647 4 2 16 28 2156 2584 2452 2055
12648 4 2 16 28 1277 415 2371 2534
12649 4 2 16 28 647 509 2381 510
12650 4 2 16 28 507 508 1294 2392
12651 4 2 16 28 991 992 895 1984
12652 4 2 16 28 509 647 2381 648
12653 4 2 16 28 1610 1036 1065 3563
12654 4 2 16 28 2637 724 433 2629
12655 4 2 16 28 1448 3476 2031 3502
12656 4 2 16 28 499 761 2299 498
12657 4 2 16 28 380 2436 608 3578
12658 4 2 16 28 144 915 975 2212
12659 4 2 16 28 3480 3538 1010 3565
12660 4 2 16 28 2141 3507 1958 3508
12661 4 2 16 28 2070 3306 3536 3537
12662 4 2 16 28 811 2057 1532 3498
12663 4 2 16 28 1275 265 2560 1351
12664 4 2 16 28 761 499 2299 762
12665 4 2 16 28 2650 2345 451 452
12666 4 2 16 28 2537 1426 1425 1263
12667 4 2 16 28 940 137 954 2177
12668 4 2 16 28 885 2116 1000 90
12669 4 2 16 28 1367 327 2422 1283
12670 4 2 16 28 345 346 1371 2594
12671 4 2 16 28 2179 2008 2216 889
12672 4 2 16 28 2056 2193 2192 3531
12673 4 2 16 28 477 741 478 2464
12674 4 2 16 28 2485 2331 2032 2628
12675 4 2 16 28 808 2246 3499 3550
12676 4 2 16 28 2034 1569 993 994
12677 4 2 16 28 125 2212 915 144
12678 4 2 16 28 1200 3157 2267 3572
12679 4 2 16 28 270 2384 299 2388
12680 4 2 16 28 2352 2354 2431 3452
12681 4 2 16 28 1383 349 350 2309
12682 4 2 16 28 2094 1992 1519 3544
12683 4 2 16 28 2084 1991 2054 925
12684 4 2 16 28 1351 264 2572 1269
12685 4 2 16 28 3447 3538 2493 3563
12686 4 2 16 28 1121 2331 2469 2032
12687 4 2 16 28 1449 927 2131 965
12688 4 2 16 28 2037 2068 1114 2474
12689 4 2 16 28 2289 2474 2068 2163
12690 4 2 16 28 2030 2010 2138 961
12691 4 2 16 28 1268 518 1356 2420
12692 4 2 16 28 774 3483 2644 3523
12693 4 2 16 28 3117 763 766 3465
12694 4 2 16 28 2292 2040 2429 2127
12695 4 2 16 28 2027 297 3524 3526
12696 4 2 16 28 316 2232 2601 544
12697 4 2 16 28 1452 1574 2116 1000
12698 4 2 16 28 2541 1995 2211 2132
12699 4 2 16 28 2323 453 452 1308
12700 4 2 16 28 2436 2437 2571 3455
12701 4 2 16 28 3246 3185 3249 3478
12702 4 2 16 28 2208 2176 2025 3539
12703 4 2 16 28 2207 2523 2081 2522
12704 4 2 16 28 140 1556 2077 962
12705 4 2 16 28 574 2595 2596 3507
12706 4 2 16 28 269 270 1363 2491
12707 4 2 16 28 2030 2077 2010 3451
12708 4 2 16 28 2061 2567 1998 2227
12709 4 2 16 28 2176 3539 685 3555
12710 4 2 16 28 1291 489 2562 1358
12711 4 2 16 28 239 789 3130 3546
12712 4 2 16 28 3113 790 214 3545
12713 4 2 16 28 554 326 2519 2255
12714 4 2 16 28 939 2177 954 2117
12715 4 2 16 28 2415 2570 2554 3450
12716 4 2 16 28 2010 959 2047 2048
12717 4 2 16 28 2144 2379 1999 2070
12718 4 2 16 28 980 145 2140 156
12719 4 2 16 28 1199 2545 3445 3464
12720 4 2 16 28 2215 1062 1061 1044
12721 4 2 16 28 34 21 3117 765
12722 4 2 16 28 392 2352 620 2354
12723 4 2 16 28 3493 3545 224 3576
12724 4 2 16 28 229 3546 3493 3576
12725 4 2 16 28 1984 2092 896 991
12726 4 2 16 28 1596 150 2195 1597
12727 4 2 16 28 973 2215 974 2033
12728 4 2 16 28 451 2345 2649 706
12729 4 2 16 28 2210 2468 2607 2259
12730 4 2 16 28 2106 887 2051 3522
12731 4 2 16 28 2107 1969 2101 3564
12732 4 2 16 28 222 217 3534 3574
12733 4 2 16 28 521 2253 2667 520
12734 4 2 16 28 165 1042 1611 2175
12735 4 2 16 28 1361 314 315 2397
12736 4 2 16 28 1266 388 1428 2296
12737 4 2 16 28 239 3485 3171 3504
12738 4 2 16 28 2211 2132 2259 2541
12739 4 2 16 28 113 100 811 3462
12740 4 2 16 28 2519 326 325 2494
12741 4 2 16 28 72 430 1440 2501
12742 4 2 16 28 658 396 2542 659
12743 4 2 16 28 396 658 2542 395
12744 4 2 16 28 1361 1282 1362 2397
12745 4 2 16 28 917 918 973 2033
12746 4 2 16 28 1991 2054 924 2100
12747 4 2 16 28 307 536 2298 535
12748 4 2 16 28 2303 2124 2469 2032
12749 4 2 16 28 926 2165 966 925
12750 4 2 16 28 224 3493 3113 3545
12751 4 2 16 28 229 3130 3493 3546
12752 4 2 16 28 2289 2068 2500 2163
12753 4 2 16 28 2681 2490 442 441
12754 4 2 16 28 2139 1979 2014 3440
12755 4 2 16 28 2259 2520 2607 2211
12756 4 2 16 28 536 307 2298 308
12757 4 2 16 28 897 1968 122 1486
12758 4 2 16 28 973 2228 2123 2033
12759 4 2 16 28 932 933 960 2206
12760 4 2 16 28 1370 416 417 2371
12761 4 2 16 28 3441 3455 2437 3492
12762 4 2 16 28 2533 2565 1251 1257
12763 4 2 16 28 501 502 1329 2600
12764 4 2 16 28 2187 978 911 979
12765 4 2 16 28 1280 1363 1364 2492
12766 4 2 16 28 2241 2532 2431 3454
12767 4 2 16 28 1996 2333 2530 2127
12768 4 2 16 28 260 259 288 2433
12769 4 2 16 28 290 261 289 2503
12770 4 2 16 28 963 169 2077 3497
12771 4 2 16 28 260 289 261 2503
12772 4 2 16 28 289 260 288 2433
12773 4 2 16 28 2260 2262 2114 1109
12774 4 2 16 28 2037 2348 2474 1114
12775 4 2 16 28 984 904 905 2218
12776 4 2 16 28 1367 2422 328 2618
12777 4 2 16 28 1296 253 254 2341
12778 4 2 16 28 2146 948 949 1595
12779 4 2 16 28 1433 366 2578 1311
12780 4 2 16 28 710 446 2389 447
12781 4 2 16 28 2239 365 378 606
12782 4 2 16 28 2133 2486 2410 2648
12783 4 2 16 28 422 423 1402 2271
12784 4 2 16 28 2419 2371 1277 1370
12785 4 2 16 28 18 26 3446 3511
12786 4 2 16 28 2681 440 717 2467
12787 4 2 16 28 167 2165 1990 1052
12788 4 2 16 28 2349 2305 2657 2124
12789 4 2 16 28 2263 518 1268 2420
12790 4 2 16 28 728 729 2018 3532
12791 4 2 16 28 2347 3442 864 3480
12792 4 2 16 28 1061 1031 1619 2003
12793 4 2 16 28 885 90 92 2135
12794 4 2 16 28 832 3 58 3116
12795 4 2 16 28 3122 12 49 1002
12796 4 2 16 28 932 1454 2206 999
12797 4 2 16 28 146 986 902 2157
12798 4 2 16 28 259 260 2630 2433
12799 4 2 16 28 2563 3439 18 3511
12800 4 2 16 28 906 2167 1981 905
12801 4 2 16 28 1345 1259 2417 1346
12802 4 2 16 28 2044 2035 2001 3517
12803 4 2 16 28 3446 3481 2563 3499
12804 4 2 16 28 2080 2079 1967 3519
12805 4 2 16 28 171 1059 2004 1618
12806 4 2 16 28 2251 644 1999 2379
12807 4 2 16 28 1538 807 923 3559
12808 4 2 16 28 12 1001 3124 3518
12809 4 2 16 28 2601 2504 314 542
12810 4 2 16 28 2262 1976 2264 2253
12811 4 2 16 28 487 2376 2550 488
12812 4 2 16 28 84 2018 728 2544
12813 4 2 16 28 779 1477 892 1974
12814 4 2 16 28 370 2244 598 2401
12815 4 2 16 28 2179 2106 2051 3522
12816 4 2 16 28 153 3447 3442 3518
12817 4 2 16 28 2627 2387 1392 484
12818 4 2 16 28 657 74 82 2584
12819 4 2 16 28 1967 3441 1478 3484
12820 4 2 16 28 216 3484 3441 3492
12821 4 2 16 28 2509 2393 338 566
12822 4 2 16 28 5 3478 206 3528
12823 4 2 16 28 2267 3445 3441 3562
12824 4 2 16 28 2098 3455 2203 3492
12825 4 2 16 28 1218 1221 2353 3570
12826 4 2 16 28 131 138 935 2224
12827 4 2 16 28 21 13 1231 3465
12828 4 2 16 28 1988 86 1443 929
12829 4 2 16 28 2511 382 2373 1258
12830 4 2 16 28 2125 2103 2172 3495
12831 4 2 16 28 2160 2345 2115 2375
12832 4 2 16 28 2372 2590 523 522
12833 4 2 16 28 243 2524 20 3469
12834 4 2 16 28 2192 3531 694 3532
12835 4 2 16 28 2134 2098 3534 3577
12836 4 2 16 28 2324 2075 1980 2345
12837 4 2 16 28 2167 906 2129 3493
12838 4 2 16 28 1120 2319 2343 2101
12839 4 2 16 28 986 987 901 2157
12840 4 2 16 28 916 2202 1522 917
12841 4 2 16 28 966 167 1630 2165
12842 4 2 16 28 2031 3476 1975 3502
12843 4 2 16 28 836 952 1592 1982
12844 4 2 16 28 2107 2310 2485 3564
12845 4 2 16 28 1349 1350 1348 2511
12846 4 2 16 28 2563 18 3446 3511
12847 4 2 16 28 2052 1967 3484 3492
12848 4 2 16 28 2090 2136 2143 1066
12849 4 2 16 28 2169 1056 1989 3491
12850 4 2 16 28 2183 2046 2217 148
12851 4 2 16 28 3443 3465 2236 3476
12852 4 2 16 28 1269 1351 1352 2318
12853 4 2 16 28 214 3138 3484 3562
12854 4 2 16 28 2435 3501 3491 3557
12855 4 2 16 28 2559 2066 2270 2641
12856 4 2 16 28 1340 1337 1339 2358
12857 4 2 16 28 651 505 2256 506
12858 4 2 16 28 864 2347 3480 3565
12859 4 2 16 28 2496 2060 2629 2000
12860 4 2 16 28 2074 1991 2084 3516
12861 4 2 16 28 2299 499 2653 2654
12862 4 2 16 28 2437 1202 3441 3492
12863 4 2 16 28 2317 1283 511 1368
12864 4 2 16 28 2256 652 505 651
12865 4 2 16 28 2568 2144 1998 2381
12866 4 2 16 28 16 3475 2424 3551
12867 4 2 16 28 618 2354 390 619
12868 4 2 16 28 2125 1975 2103 3438
12869 4 2 16 28 974 975 2171 1043
12870 4 2 16 28 2387 2689 1272 1383
12871 4 2 16 28 1065 2043 2143 1066
12872 4 2 16 28 2441 336 2393 564
12873 4 2 16 28 1976 2372 2262 2114
12874 4 2 16 28 1987 4 3478 3503
12875 4 2 16 28 264 265 1351 2572
12876 4 2 16 28 2043 1064 1065 3563
12877 4 2 16 28 975 916 974 2171
12878 4 2 16 28 1987 3456 4 3503
12879 4 2 16 28 2329 2350 2018 2335
12880 4 2 16 28 243 247 3462 3469
12881 4 2 16 28 308 2655 2298 536
12882 4 2 16 28 2212 975 2041 2171
12883 4 2 16 28 2399 3572 2589 3575
12884 4 2 16 28 2221 938 937 956
12885 4 2 16 28 405 1286 2247 1364
12886 4 2 16 28 1986 3463 2111 3473
12887 4 2 16 28 590 363 2686 591
12888 4 2 16 28 2107 2343 1120 2310
12889 4 2 16 28 24 1233 16 3475
12890 4 2 16 28 28 1239 20 3469
12891 4 2 16 28 2193 2367 2642 2619
12892 4 2 16 28 2282 436 721 2495
12893 4 2 16 28 1340 477 2358 1281
12894 4 2 16 28 2275 1113 2066 2065
12895 4 2 16 28 527 1406 2258 2609
12896 4 2 16 28 365 1257 1433 2578
12897 4 2 16 28 1252 1349 2383 1350
12898 4 2 16 28 933 998 2206 1575
12899 4 2 16 28 352 579 2356 351
12900 4 2 16 28 2075 2324 1980 2220
12901 4 2 16 28 579 352 2356 580
12902 4 2 16 28 2259 1126 2260 2132
12903 4 2 16 28 954 2012 137 1563
12904 4 2 16 28 2160 2345 1980 2115
12905 4 2 16 28 317 316 2232 2602
12906 4 2 16 28 230 223 1209 3160
12907 4 2 16 28 1216 230 1209 3160
12908 4 2 16 28 230 223 3144 1209
12909 4 2 16 28 1209 3144 230 1216
12910 4 2 16 28 3146 229 224 1210
12911 4 2 16 28 1208 222 3147 1217
12912 4 2 16 28 222 231 3147 1217
12913 4 2 16 28 1215 1210 229 3163
12914 4 2 16 28 1215 229 1210 3161
12915 4 2 16 28 3145 231 222 1217
12916 4 2 16 28 1210 229 224 3161
12917 4 2 16 28 222 1208 3145 1217
12918 4 2 16 28 221 3166 1218 232
12919 4 2 16 28 228 3151 1211 225
12920 4 2 16 28 1218 3150 221 1207
12921 4 2 16 28 3167 228 1211 1214
12922 4 2 16 28 1218 221 3147 1207
12923 4 2 16 28 3146 228 1211 225
12924 4 2 16 28 9 6 2 3149
12925 4 2 16 28 7 3149 9 2
12926 4 2 16 28 1206 233 3148 1219
12927 4 2 16 28 1213 1212 227 3165
12928 4 2 16 28 233 1206 3148 220
12929 4 2 16 28 233 1206 3150 1219
12930 4 2 16 28 3167 1212 227 1213
12931 4 2 16 28 1206 220 233 3150
12932 4 2 16 28 3151 226 227 1212
12933 4 2 16 28 2699 2563 2246 3499
12934 4 2 16 28 2128 2280 2635 2496
12935 4 2 16 28 132 137 940 2177
12936 4 2 16 28 1463 3522 2106 3543
12937 4 2 16 28 2168 3437 2011 3551
12938 4 2 16 28 295 267 2561 296
12939 4 2 16 28 2227 2256 1998 3521
12940 4 2 16 28 1982 1591 952 953
12941 4 2 16 28 247 100 3462 3469
12942 4 2 16 28 2343 2101 1969 3564
12943 4 2 16 28 107 149 1597 3566
12944 4 2 16 28 2545 3448 2407 3486
12945 4 2 16 28 250 1322 1323 2456
12946 4 2 16 28 3152 206 3133 3583
12947 4 2 16 28 3177 3134 207 3583
12948 4 2 16 28 2546 2258 1295 1406
12949 4 2 16 28 2169 3437 2168 3458
12950 4 2 16 28 3442 3447 153 3480
12951 4 2 16 28 2178 936 2221 937
12952 4 2 16 28 792 3484 3441 3562
12953 4 2 16 28 85 23 32 3120
12954 4 2 16 28 2206 932 2138 960
12955 4 2 16 28 92 2105 2031 3476
12956 4 2 16 28 324 1393 323 2294
12957 4 2 16 28 2134 3571 235 3577
12958 4 2 16 28 302 274 273 2531
12959 4 2 16 28 2465 2310 2343 3564
12960 4 2 16 28 2435 2557 3501 3557
12961 4 2 16 28 302 274 2531 303
12962 4 2 16 28 452 2345 451 705
12963 4 2 16 28 931 1574 2116 130
12964 4 2 16 28 1000 2116 931 1574
12965 4 2 16 28 2354 391 390 619
12966 4 2 16 28 2010 960 2138 961
12967 4 2 16 28 41 37 26 3123
12968 4 2 16 28 2163 2060 2184 3579
12969 4 2 16 28 904 791 1484 3545
12970 4 2 16 28 1483 788 907 3546
12971 4 2 16 28 993 994 893 2034
12972 4 2 16 28 206 5 10 3148
12973 4 2 16 28 2246 3499 3481 3501
12974 4 2 16 28 2381 2603 648 3521
12975 4 2 16 28 2190 1983 900 2053
12976 4 2 16 28 832 3459 2146 3460
12977 4 2 16 28 2301 2567 2061 2413
12978 4 2 16 28 152 1597 151 3566
12979 4 2 16 28 1596 134 106 3566
12980 4 2 16 28 2424 3451 3444 3560
12981 4 2 16 28 80 3185 3453 3528
12982 4 2 16 28 1974 893 1477 892
12983 4 2 16 28 2356 2428 351 579
12984 4 2 16 28 2069 761 2299 2156
12985 4 2 16 28 152 1596 2195 1597
12986 4 2 16 28 2142 2567 1998 2061
12987 4 2 16 28 3234 2019 3541 3542
12988 4 2 16 28 2589 3572 3547 3575
12989 4 2 16 28 88 1988 929 3495
12990 4 2 16 28 2246 2563 3481 3499
12991 4 2 16 28 2095 2228 918 2202
12992 4 2 16 28 77 3246 606 3478
12993 4 2 16 28 2548 485 748 2303
12994 4 2 16 28 2630 259 1369 2419
12995 4 2 16 28 869 787 788 3504
12996 4 2 16 28 1300 1381 1382 2639
12997 4 2 16 28 1277 1389 1390 2534
12998 4 2 16 28 654 502 2413 503
12999 4 2 16 28 89 3443 3465 3535
13000 4 2 16 28 2437 3441 1202 3547
13001 4 2 16 28 2589 3573 1216 3575
13002 4 2 16 28 2257 2601 2504 314
13003 4 2 16 28 2215 2171 974 2033
13004 4 2 16 28 1438 2296 1263 2692
13005 4 2 16 28 1973 931 999 1000
13006 4 2 16 28 869 3442 3504 3518
13007 4 2 16 28 206 3164 10 207
13008 4 2 16 28 995 2217 891 2178
13009 4 2 16 28 381 70 2553 622
13010 4 2 16 28 113 811 849 3462
13011 4 2 16 28 2282 2537 1426 436
13012 4 2 16 28 1429 2449 1266 2291
13013 4 2 16 28 2028 2194 2133 2342
13014 4 2 16 28 2173 2124 2349 2657
13015 4 2 16 28 139 962 2030 1555
13016 4 2 16 28 441 2681 440 716
13017 4 2 16 28 154 2136 1003 2020
13018 4 2 16 28 1308 1431 452 2323
13019 4 2 16 28 2115 1980 2075 2345
13020 4 2 16 28 1994 2113 3533 3581
13021 4 2 16 28 925 1536 926 2084
13022 4 2 16 28 2091 2642 2367 2265
13023 4 2 16 28 2084 926 127 1533
13024 4 2 16 28 14 2583 3444 3535
13025 4 2 16 28 2424 241 3444 3475
13026 4 2 16 28 340 2509 568 2615
13027 4 2 16 28 3448 3459 3 3460
13028 4 2 16 28 1316 1315 1332 2314
13029 4 2 16 28 2203 2098 1987 3456
13030 4 2 16 28 2634 321 2252 549
13031 4 2 16 28 267 2560 1334 266
13032 4 2 16 28 2337 2158 2339 2547
13033 4 2 16 28 2586 2463 374 602
13034 4 2 16 28 2425 3552 816 3561
13035 4 2 16 28 2353 3570 2436 3578
13036 4 2 16 28 3152 206 205 3133
13037 4 2 16 28 207 208 3134 3177
13038 4 2 16 28 937 956 957 2221
13039 4 2 16 28 2030 961 139 1558
13040 4 2 16 28 525 2694 631 526
13041 4 2 16 28 981 982 907 2130
13042 4 2 16 28 721 435 722 2495
13043 4 2 16 28 2135 92 885 1459
13044 4 2 16 28 2202 916 2171 917
13045 4 2 16 28 2047 2009 2225 3450
13046 4 2 16 28 70 1256 2327 2527
13047 4 2 16 28 14 3465 3443 3535
13048 4 2 16 28 689 2500 427 426
13049 4 2 16 28 2041 1062 1044 1043
13050 4 2 16 28 1114 2288 2068 2065
13051 4 2 16 28 2694 525 631 632
13052 4 2 16 28 2238 3500 3477 3517
13053 4 2 16 28 518 519 1356 2420
13054 4 2 16 28 2146 2147 2022 3460
13055 4 2 16 28 2607 2210 2259 2211
13056 4 2 16 28 792 865 791 3562
13057 4 2 16 28 2102 2544 2018 2350
13058 4 2 16 28 2520 530 627 2541
13059 4 2 16 28 830 833 3119 3464
13060 4 2 16 28 309 310 2426 2250
13061 4 2 16 28 3440 3485 787 3504
13062 4 2 16 28 2120 1999 2264 2598
13063 4 2 16 28 2190 1490 783 3520
13064 4 2 16 28 1132 2286 2292 2154
13065 4 2 16 28 2703 350 2428 578
13066 4 2 16 28 721 436 435 2495
13067 4 2 16 28 2242 2686 361 362
13068 4 2 16 28 2365 328 2618 329
13069 4 2 16 28 1200 2267 1211 3572
13070 4 2 16 28 2125 1975 3438 3502
13071 4 2 16 28 957 2221 956 2009
13072 4 2 16 28 2324 2389 447 710
13073 4 2 16 28 2394 340 1403 2556
13074 4 2 16 28 2339 2482 2543 2015
13075 4 2 16 28 372 1427 2592 2591
13076 4 2 16 28 2212 916 975 2171
13077 4 2 16 28 2162 3533 1995 3580
13078 4 2 16 28 2114 2132 2260 1109
13079 4 2 16 28 1344 1343 1341 2279
13080 4 2 16 28 1574 1452 2116 130
13081 4 2 16 28 2057 2103 1970 3498
13082 4 2 16 28 1303 1403 1404 2302
13083 4 2 16 28 484 2626 747 2303
13084 4 2 16 28 35 31 22 3117
13085 4 2 16 28 927 2057 1970 3498
13086 4 2 16 28 156 154 1008 2020
13087 4 2 16 28 446 710 2389 711
13088 4 2 16 28 1437 1262 1427 2382
13089 4 2 16 28 279 250 278 2374
13090 4 2 16 28 865 3445 3464 3562
13091 4 2 16 28 107 6 149 3566
13092 4 2 16 28 2469 1105 2032 2124
13093 4 2 16 28 654 2413 2567 503
13094 4 2 16 28 790 3113 225 3493
13095 4 2 16 28 3130 789 228 3493
13096 4 2 16 28 905 904 2062 2218
13097 4 2 16 28 2064 953 941 137
13098 4 2 16 28 706 450 2649 451
13099 4 2 16 28 2156 2584 2055 2061
13100 4 2 16 28 2571 2579 2239 3456
13101 4 2 16 28 1998 1107 2568 2142
13102 4 2 16 28 1278 1371 346 2312
13103 4 2 16 28 264 2573 2572 1269
13104 4 2 16 28 737 738 475 2465
13105 4 2 16 28 460 2366 2700 461
13106 4 2 16 28 8 1226 2510 3442
13107 4 2 16 28 2523 2158 2339 2337
13108 4 2 16 28 737 475 474 2465
13109 4 2 16 28 990 2064 2092 2005
13110 4 2 16 28 2228 917 918 2202
13111 4 2 16 28 2388 271 270 2666
13112 4 2 16 28 2120 2253 2597 2264
13113 4 2 16 28 3439 3462 18 3511
13114 4 2 16 28 905 3493 2167 3545
13115 4 2 16 28 2118 2006 2119 3496
13116 4 2 16 28 689 2670 2500 426
13117 4 2 16 28 957 138 936 2225
13118 4 2 16 28 168 141 963 2076
13119 4 2 16 28 918 972 973 2228
13120 4 2 16 28 1224 3440 2399 3504
13121 4 2 16 28 2572 264 265 2231
13122 4 2 16 28 2296 387 388 1428
13123 4 2 16 28 2328 373 374 1423
13124 4 2 16 28 2244 370 2591 2401
13125 4 2 16 28 453 703 454 2622
13126 4 2 16 28 975 144 2212 165
13127 4 2 16 28 2358 355 1339 1281
13128 4 2 16 28 3444 3451 2424 3475
13129 4 2 16 28 3113 3493 790 3545
13130 4 2 16 28 3130 789 3493 3546
13131 4 2 16 28 380 1312 2575 2408
13132 4 2 16 28 1482 904 2062 3545
13133 4 2 16 28 1043 2041 975 2171
13134 4 2 16 28 12 3447 3461 3518
13135 4 2 16 28 1983 2079 2080 3519
13136 4 2 16 28 2431 79 69 2625
13137 4 2 16 28 2118 2166 2001 3482
13138 4 2 16 28 1972 2133 2410 2081
13139 4 2 16 28 378 365 67 606
13140 4 2 16 28 1200 1211 2267 3569
13141 4 2 16 28 217 3492 2098 3534
13142 4 2 16 28 2064 990 132 941
13143 4 2 16 28 35 22 763 3117
13144 4 2 16 28 816 3552 2425 3560
13145 4 2 16 28 1270 481 482 2404
13146 4 2 16 28 1065 1609 2143 3563
13147 4 2 16 28 323 322 551 2502
13148 4 2 16 28 917 918 2033 2228
13149 4 2 16 28 2087 2146 2022 3460
13150 4 2 16 28 380 1312 1436 2575
13151 4 2 16 28 933 934 959 2196
13152 4 2 16 28 381 70 1312 2553
13153 4 2 16 28 2256 651 506 650
13154 4 2 16 28 142 966 926 2165
13155 4 2 16 28 2242 361 360 1395
13156 4 2 16 28 2514 2192 2265 2513
13157 4 2 16 28 949 2146 1595 3459
13158 4 2 16 28 650 506 2256 507
13159 4 2 16 28 2169 3437 3458 3491
13160 4 2 16 28 2298 2655 308 2643
13161 4 2 16 28 2097 2015 2482 1111
13162 4 2 16 28 2324 2075 2333 2220
13163 4 2 16 28 2314 1306 496 2454
13164 4 2 16 28 2041 975 165 1043
13165 4 2 16 28 1502 947 1581 2063
13166 4 2 16 28 1061 1044 1045 2215
13167 4 2 16 28 1103 2350 2329 1119
13168 4 2 16 28 2047 958 959 1559
13169 4 2 16 28 2612 2208 2275 2559
13170 4 2 16 28 525 526 2664 2694
13171 4 2 16 28 2236 3470 3443 3476
13172 4 2 16 28 2544 2335 2018 2350
13173 4 2 16 28 1630 1052 966 2165
13174 4 2 16 28 2019 2319 2101 2361
13175 4 2 16 28 2107 2101 2343 3564
13176 4 2 16 28 1380 529 530 2364
13177 4 2 16 28 1006 3124 1001 3518
13178 4 2 16 28 444 712 445 2530
13179 4 2 16 28 2012 2177 954 137
13180 4 2 16 28 1419 2555 2373 1258
13181 4 2 16 28 2456 2281 1264 249
13182 4 2 16 28 2043 1065 2143 3563
13183 4 2 16 28 2169 2011 2168 3437
13184 4 2 16 28 2375 2704 2115 2017
13185 4 2 16 28 129 930 2110 1549
13186 4 2 16 28 1376 1375 2421 1298
13187 4 2 16 28 2056 2151 2188 3541
13188 4 2 16 28 337 1306 2551 2444
13189 4 2 16 28 2324 449 708 448
13190 4 2 16 28 144 976 914 2175
13191 4 2 16 28 122 1968 2111 3473
13192 4 2 16 28 816 2425 3535 3560
13193 4 2 16 28 2657 755 2512 2349
13194 4 2 16 28 1038 1066 154 2090
13195 4 2 16 28 403 666 2522 665
13196 4 2 16 28 1267 2621 455 2382
13197 4 2 16 28 2699 3499 2246 3516
13198 4 2 16 28 2542 2186 2158 2015
13199 4 2 16 28 122 94 1968 3473
13200 4 2 16 28 1040 1041 1064 2185
13201 4 2 16 28 2597 2598 2120 2264
13202 4 2 16 28 2232 2601 2602 316
13203 4 2 16 28 2437 3455 1203 3492
13204 4 2 16 28 1611 976 1505 2175
13205 4 2 16 28 2522 402 403 665
13206 4 2 16 28 2642 2366 2700 460
13207 4 2 16 28 228 239 3128 789
13208 4 2 16 28 225 214 790 3111
13209 4 2 16 28 906 1483 2129 3546
13210 4 2 16 28 17 2563 18 3446
13211 4 2 16 28 2168 3458 3437 3551
13212 4 2 16 28 1554 140 112 3497
13213 4 2 16 28 779 892 1475 1974
13214 4 2 16 28 981 907 908 2130
13215 4 2 16 28 507 2256 650 2603
13216 4 2 16 28 1296 1413 1414 2462
13217 4 2 16 28 2423 2595 575 3507
13218 4 2 16 28 999 1000 886 1973
13219 4 2 16 28 1055 1056 1051 2089
13220 4 2 16 28 1400 1399 1300 2306
13221 4 2 16 28 2127 2333 2530 2429
13222 4 2 16 28 209 210 3247 3134
13223 4 2 16 28 3439 3469 3462 3498
13224 4 2 16 28 2033 2171 974 917
13225 4 2 16 28 3493 3546 2129 3576
13226 4 2 16 28 477 741 2464 740
13227 4 2 16 28 243 3462 2524 3469
13228 4 2 16 28 2500 427 2289 690
13229 4 2 16 28 1289 1418 2261 2618
13230 4 2 16 28 2664 2477 2694 526
13231 4 2 16 28 2180 1979 2139 3454
13232 4 2 16 28 2556 1403 1404 1297
13233 4 2 16 28 740 1969 3514 3564
13234 4 2 16 28 3247 80 609 3528
13235 4 2 16 28 891 148 121 2217
13236 4 2 16 28 526 2694 631 2477
13237 4 2 16 28 2370 1277 260 2419
13238 4 2 16 28 2179 2007 2106 3522
13239 4 2 16 28 2044 3500 2035 3517
13240 4 2 16 28 2629 722 435 2495
13241 4 2 16 28 324 552 2519 2502
13242 4 2 16 28 2658 377 66 2506
13243 4 2 16 28 347 346 2595 2312
13244 4 2 16 28 3168 207 208 3528
13245 4 2 16 28 2136 1607 1599 3461
13246 4 2 16 28 2343 2107 1120 2101
13247 4 2 16 28 2348 2474 1114 1130
13248 4 2 16 28 2210 2097 2015 2610
13249 4 2 16 28 914 2044 2166 3517
13250 4 2 16 28 3479 3544 2248 3556
13251 4 2 16 28 2469 2058 2124 2349
13252 4 2 16 28 3445 3464 2545 3486
13253 4 2 16 28 2030 2010 961 3451
13254 4 2 16 28 211 212 3246 3133
13255 4 2 16 28 895 896 2111 1474
13256 4 2 16 28 1 3448 2545 3464
13257 4 2 16 28 2641 2066 2270 2675
13258 4 2 16 28 1985 949 946 136
13259 4 2 16 28 1632 1049 1542 2099
13260 4 2 16 28 1320 62 2576 277
13261 4 2 16 28 295 266 2231 2561
13262 4 2 16 28 360 2497 588 2451
13263 4 2 16 28 995 148 2217 2046
13264 4 2 16 28 1505 165 1611 2175
13265 4 2 16 28 2393 336 337 564
13266 4 2 16 28 2361 2363 470 733
13267 4 2 16 28 1265 467 2517 2599
13268 4 2 16 28 985 2137 133 146
13269 4 2 16 28 942 952 953 2219
13270 4 2 16 28 1985 945 136 133
13271 4 2 16 28 2142 2567 2061 2301
13272 4 2 16 28 565 2393 337 564
13273 4 2 16 28 1614 978 2185 1040
13274 4 2 16 28 2202 1978 916 3467
13275 4 2 16 28 916 917 974 2171
13276 4 2 16 28 902 986 901 2157
13277 4 2 16 28 2468 2210 2611 2259
13278 4 2 16 28 1129 2266 2066 1113
13279 4 2 16 28 521 1341 520 2667
13280 4 2 16 28 2621 2606 1267 1430
13281 4 2 16 28 422 2271 2574 423
13282 4 2 16 28 963 2077 140 3497
13283 4 2 16 28 357 358 1287 2396
13284 4 2 16 28 2183 121 2049 890
13285 4 2 16 28 352 351 2356 2669
13286 4 2 16 28 959 960 933 2048
13287 4 2 16 28 301 2072 3525 3527
13288 4 2 16 28 1996 2333 2127 2220
13289 4 2 16 28 960 2010 2138 2048
13290 4 2 16 28 1008 2170 1003 1007
13291 4 2 16 28 2096 2390 2611 2259
13292 4 2 16 28 1986 2112 2111 3463
13293 4 2 16 28 2267 3441 2640 3547
13294 4 2 16 28 124 145 908 2140
13295 4 2 16 28 510 2379 2381 647
13296 4 2 16 28 1318 1255 1329 2552
13297 4 2 16 28 1058 171 1048 2200
13298 4 2 16 28 2388 2384 2491 270
13299 4 2 16 28 2256 2412 506 505
13300 4 2 16 28 150 1596 2195 135
13301 4 2 16 28 2269 408 671 2624
13302 4 2 16 28 2219 989 2005 941
13303 4 2 16 28 1061 1062 2003 1619
13304 4 2 16 28 2048 2196 933 959
13305 4 2 16 28 1333 2560 1275 1334
13306 4 2 16 28 2367 2091 2514 1134
13307 4 2 16 28 991 895 896 1984
13308 4 2 16 28 1108 2121 1999 2380
13309 4 2 16 28 2188 3541 2019 3542
13310 4 2 16 28 271 272 1409 2483
13311 4 2 16 28 998 887 888 2051
13312 4 2 16 28 3449 3474 2434 3494
13313 4 2 16 28 336 1316 65 2551
13314 4 2 16 28 223 2052 3574 3576
13315 4 2 16 28 2619 458 699 2322
13316 4 2 16 28 968 2100 2099 923
13317 4 2 16 28 3469 3495 3438 3502
13318 4 2 16 28 121 93 2049 1458
13319 4 2 16 28 2269 672 409 2647
13320 4 2 16 28 2123 1060 1059 1046
13321 4 2 16 28 167 170 1052 1990
13322 4 2 16 28 2100 968 924 923
13323 4 2 16 28 2035 2044 1978 3500
13324 4 2 16 28 2068 2500 2474 2289
13325 4 2 16 28 66 1346 2506 377
13326 4 2 16 28 1978 2199 2035 3500
13327 4 2 16 28 2499 2068 2500 2288
13328 4 2 16 28 944 950 951 2073
13329 4 2 16 28 14 3443 2583 3535
13330 4 2 16 28 1600 2136 1003 3461
13331 4 2 16 28 239 788 3485 3504
13332 4 2 16 28 2507 354 1338 1339
13333 4 2 16 28 1969 2343 2164 2101
13334 4 2 16 28 331 330 2538 2662
13335 4 2 16 28 2500 427 690 689
13336 4 2 16 28 3118 3462 811 3511
13337 4 2 16 28 2557 2246 3501 3549
13338 4 2 16 28 445 1256 2676 2665
13339 4 2 16 28 979 980 910 1977
13340 4 2 16 28 973 1046 1045 2123
13341 4 2 16 28 2044 2166 2222 914
13342 4 2 16 28 897 990 2092 2005
13343 4 2 16 28 918 919 972 2228
13344 4 2 16 28 2301 1123 2395 2055
13345 4 2 16 28 448 708 2324 709
13346 4 2 16 28 341 342 1411 2307
13347 4 2 16 28 527 528 1406 2609
13348 4 2 16 28 2225 2009 957 3450
13349 4 2 16 28 2699 3446 2563 3499
13350 4 2 16 28 368 367 1431 2400
13351 4 2 16 28 3247 3249 3185 3528
13352 4 2 16 28 2062 1482 903 904
13353 4 2 16 28 2092 122 147 897
13354 4 2 16 28 405 667 668 2616
13355 4 2 16 28 2064 953 2219 941
13356 4 2 16 28 1130 2068 2288 2474
13357 4 2 16 28 2451 589 361 2686
13358 4 2 16 28 2066 2065 2208 2275
13359 4 2 16 28 2226 993 894 2034
13360 4 2 16 28 667 405 404 2616
13361 4 2 16 28 2356 351 2428 2669
13362 4 2 16 28 2238 3517 3477 3554
13363 4 2 16 28 1199 3464 3445 3562
13364 4 2 16 28 1388 1387 2263 1268
13365 4 2 16 28 1405 2546 1295 1406
13366 4 2 16 28 1346 377 2321 2506
13367 4 2 16 28 2154 2040 2000 2515
13368 4 2 16 28 1260 1423 1424 2328
13369 4 2 16 28 2198 2017 2193 3540
13370 4 2 16 28 383 612 2577 384
13371 4 2 16 28 383 612 611 2577
13372 4 2 16 28 424 686 2499 423
13373 4 2 16 28 2683 3468 2415 3510
13374 4 2 16 28 2329 1134 2514 2155
13375 4 2 16 28 2132 2211 2259 2096
13376 4 2 16 28 2267 1201 3547 3572
13377 4 2 16 28 686 424 2499 687
13378 4 2 16 28 2334 2701 1347 463
13379 4 2 16 28 909 980 145 2140
13380 4 2 16 28 2054 968 967 924
13381 4 2 16 28 1978 915 916 1520
13382 4 2 16 28 351 352 1353 2669
13383 4 2 16 28 2239 593 365 606
13384 4 2 16 28 2309 1383 349 2689
13385 4 2 16 28 2228 973 2123 972
13386 4 2 16 28 267 295 2561 266
13387 4 2 16 28 1287 2521 357 2396
13388 4 2 16 28 2298 277 307 535
13389 4 2 16 28 306 277 2298 535
13390 4 2 16 28 363 590 2686 362
13391 4 2 16 28 1481 788 3485 3546
13392 4 2 16 28 791 1482 3484 3545
13393 4 2 16 28 1398 2416 1292 1397
13394 4 2 16 28 2055 2584 2452 2301
13395 4 2 16 28 1982 953 2012 3466
13396 4 2 16 28 2121 2114 2262 1109
13397 4 2 16 28 906 2129 3493 3546
13398 4 2 16 28 2167 2129 2052 3576
13399 4 2 16 28 56 106 226 3566
13400 4 2 16 28 599 372 2244 371
13401 4 2 16 28 433 434 2285 2629
13402 4 2 16 28 2464 476 739 2465
13403 4 2 16 28 929 1988 129 963
13404 4 2 16 28 791 214 3484 3562
13405 4 2 16 28 340 339 2509 2394
13406 4 2 16 28 69 609 2625 79
13407 4 2 16 28 2698 3479 2248 3556
13408 4 2 16 28 1225 3175 239 3504
13409 4 2 16 28 2331 2485 2032 2107
13410 4 2 16 28 697 3531 2193 3540
13411 4 2 16 28 895 992 2226 1984
13412 4 2 16 28 968 969 923 2099
13413 4 2 16 28 1126 2096 2259 2390
13414 4 2 16 28 2120 2253 2264 1976
13415 4 2 16 28 674 2342 411 2647
13416 4 2 16 28 2095 2199 2202 3467
13417 4 2 16 28 2160 2375 2115 2017
13418 4 2 16 28 941 942 953 2219
13419 4 2 16 28 2292 2040 2154 2515
13420 4 2 16 28 423 2271 2427 1402
13421 4 2 16 28 988 989 899 2083
13422 4 2 16 28 351 2428 578 579
13423 4 2 16 28 350 351 2428 578
13424 4 2 16 28 919 920 971 1992
13425 4 2 16 28 390 389 1429 2449
13426 4 2 16 28 3249 3478 3185 3528
13427 4 2 16 28 1301 1379 2426 1380
13428 4 2 16 28 1049 1058 1048 2200
13429 4 2 16 28 2192 84 2018 3532
13430 4 2 16 28 2267 2640 3441 3445
13431 4 2 16 28 2305 2349 2549 2124
13432 4 2 16 28 1975 3476 3438 3502
13433 4 2 16 28 890 2049 2183 2216
13434 4 2 16 28 1507 2185 977 1041
13435 4 2 16 28 894 2112 895 2226
13436 4 2 16 28 933 2206 2048 960
13437 4 2 16 28 2148 1982 2012 3466
13438 4 2 16 28 2193 2265 2091 2192
13439 4 2 16 28 2121 1124 2380 1108
13440 4 2 16 28 2018 84 2335 2544
13441 4 2 16 28 41 26 1024 3123
13442 4 2 16 28 761 2069 1963 2156
13443 4 2 16 28 153 3461 3447 3518
13444 4 2 16 28 2361 472 2439 735
13445 4 2 16 28 717 440 2681 716
13446 4 2 16 28 2636 67 378 2533
13447 4 2 16 28 2550 487 750 2548
13448 4 2 16 28 3178 8 2510 3568
13449 4 2 16 28 1366 2521 1281 1365
13450 4 2 16 28 2616 404 667 2522
13451 4 2 16 28 599 372 600 2244
13452 4 2 16 28 696 460 2700 461
13453 4 2 16 28 526 631 630 2477
13454 4 2 16 28 2001 2166 2044 3517
13455 4 2 16 28 2531 303 274 2459
13456 4 2 16 28 475 738 739 2465
13457 4 2 16 28 630 527 526 2477
13458 4 2 16 28 657 500 74 2584
13459 4 2 16 28 2345 2075 2115 2346
13460 4 2 16 28 475 739 476 2465
13461 4 2 16 28 2686 591 363 2540
13462 4 2 16 28 450 706 2649 707
13463 4 2 16 28 610 2690 382 2374
13464 4 2 16 28 1263 1428 2296 1438
13465 4 2 16 28 1127 2158 2482 2340
13466 4 2 16 28 2338 2081 2523 2522
13467 4 2 16 28 2545 3464 3448 3486
13468 4 2 16 28 1329 2600 2398 501
13469 4 2 16 28 3134 208 207 3528
13470 4 2 16 28 1312 378 1436 2575
13471 4 2 16 28 138 2046 936 2225
13472 4 2 16 28 2058 2469 1105 1121
13473 4 2 16 28 2099 1542 1632 968
13474 4 2 16 28 1506 2187 1039 979
13475 4 2 16 28 2389 445 712 2530
13476 4 2 16 28 2066 2275 1129 1113
13477 4 2 16 28 2216 996 889 2008
13478 4 2 16 28 2007 2179 2049 3523
13479 4 2 16 28 1300 2639 2440 1381
13480 4 2 16 28 1286 1409 1410 2247
13481 4 2 16 28 791 3484 214 3545
13482 4 2 16 28 239 3485 788 3546
13483 4 2 16 28 16 24 3475 3551
13484 4 2 16 28 454 2375 702 455
13485 4 2 16 28 317 316 2602 1343
13486 4 2 16 28 2596 2595 2423 3507
13487 4 2 16 28 524 2694 525 2254
13488 4 2 16 28 2068 2499 2065 2288
13489 4 2 16 28 995 1568 2046 936
13490 4 2 16 28 1004 1007 1003 2170
13491 4 2 16 28 1112 2081 2338 2410
13492 4 2 16 28 2622 2345 452 705
13493 4 2 16 28 1427 372 371 2591
13494 4 2 16 28 2331 2032 2303 2469
13495 4 2 16 28 502 655 2413 501
13496 4 2 16 28 1041 2002 2185 977
13497 4 2 16 28 2148 2147 1982 3466
13498 4 2 16 28 2167 2052 2062 3545
13499 4 2 16 28 894 993 893 2034
13500 4 2 16 28 1416 2258 2664 526
13501 4 2 16 28 787 3485 788 3504
13502 4 2 16 28 2431 79 2625 3452
13503 4 2 16 28 712 444 713 2530
13504 4 2 16 28 1412 2556 1297 1411
13505 4 2 16 28 2339 2482 2015 2158
13506 4 2 16 28 1057 2099 1049 1050
13507 4 2 16 28 327 328 1367 2422
13508 4 2 16 28 641 515 2598 516
13509 4 2 16 28 524 1362 523 2254
13510 4 2 16 28 515 641 2598 642
13511 4 2 16 28 2016 969 922 970
13512 4 2 16 28 1042 172 1063 2042
13513 4 2 16 28 996 2216 890 2183
13514 4 2 16 28 1062 172 1043 2041
13515 4 2 16 28 2604 1106 2395 1122
13516 4 2 16 28 1066 1038 1039 2090
13517 4 2 16 28 1042 1063 1041 2042
13518 4 2 16 28 903 146 123 2137
13519 4 2 16 28 3118 849 3462 3511
13520 4 2 16 28 2112 895 1476 894
13521 4 2 16 28 2018 84 728 3532
13522 4 2 16 28 946 947 949 2063
13523 4 2 16 28 1054 170 1053 1990
13524 4 2 16 28 250 249 278 2374
13525 4 2 16 28 2300 2566 1317 1305
13526 4 2 16 28 976 1611 1042 2175
13527 4 2 16 28 1343 2529 317 1342
13528 4 2 16 28 1044 2171 974 2215
13529 4 2 16 28 2396 358 1287 2445
13530 4 2 16 28 648 2381 509 2603
13531 4 2 16 28 3 1 3140 3464
13532 4 2 16 28 2262 2121 1976 2114
13533 4 2 16 28 407 408 1336 2472
13534 4 2 16 28 1116 2127 2154 2292
13535 4 2 16 28 791 3484 792 3562
13536 4 2 16 28 2127 2040 2154 2292
13537 4 2 16 28 1053 170 167 1990
13538 4 2 16 28 593 2579 2239 365
13539 4 2 16 28 567 340 2509 568
13540 4 2 16 28 3448 3459 108 3464
13541 4 2 16 28 340 567 2509 339
13542 4 2 16 28 2299 2156 2654 2069
13543 4 2 16 28 257 258 2240 2693
13544 4 2 16 28 2485 2310 2525 3564
13545 4 2 16 28 2114 2372 2262 2478
13546 4 2 16 28 628 528 629 2541
13547 4 2 16 28 1978 3467 2199 3500
13548 4 2 16 28 154 1003 1008 2020
13549 4 2 16 28 2284 1302 1322 2427
13550 4 2 16 28 581 354 2679 582
13551 4 2 16 28 2064 990 941 2005
13552 4 2 16 28 2100 924 1991 3559
13553 4 2 16 28 528 628 529 2541
13554 4 2 16 28 3483 3552 2425 3561
13555 4 2 16 28 124 909 145 2140
13556 4 2 16 28 2558 286 257 2693
13557 4 2 16 28 2583 3443 2425 3535
13558 4 2 16 28 127 2131 927 142
13559 4 2 16 28 2069 2299 2605 2654
13560 4 2 16 28 2019 2319 2102 2101
13561 4 2 16 28 88 2125 3495 3502
13562 4 2 16 28 209 210 3134 607
13563 4 2 16 28 9 149 6 3566
13564 4 2 16 28 417 681 2641 680
13565 4 2 16 28 517 2598 640 2597
13566 4 2 16 28 347 348 1391 2516
13567 4 2 16 28 2641 418 681 417
13568 4 2 16 28 100 3469 28 3495
13569 4 2 16 28 2081 2133 2410 1112
13570 4 2 16 28 2205 3539 2176 3555
13571 4 2 16 28 211 212 3133 608
13572 4 2 16 28 1319 1307 1320 2234
13573 4 2 16 28 369 1308 1430 2323
13574 4 2 16 28 989 2005 941 990
13575 4 2 16 28 2508 357 356 1365
13576 4 2 16 28 252 1401 1302 2284
13577 4 2 16 28 936 937 957 2221
13578 4 2 16 28 1373 1283 1374 2317
13579 4 2 16 28 2422 327 2494 1283
13580 4 2 16 28 2438 2066 2675 2270
13581 4 2 16 28 1105 2032 1121 2469
13582 4 2 16 28 2542 2339 2015 2158
13583 4 2 16 28 2195 150 152 1597
13584 4 2 16 28 2173 2315 2349 2058
13585 4 2 16 28 1596 134 152 2195
13586 4 2 16 28 2055 2061 2584 2301
13587 4 2 16 28 267 296 297 2561
13588 4 2 16 28 2086 2169 1989 3491
13589 4 2 16 28 2107 2331 2485 2310
13590 4 2 16 28 2249 2679 354 582
13591 4 2 16 28 1123 2301 2568 2142
13592 4 2 16 28 1972 3524 3525 3526
13593 4 2 16 28 575 2423 347 2595
13594 4 2 16 28 2137 985 903 146
13595 4 2 16 28 358 2497 586 587
13596 4 2 16 28 932 960 961 2138
13597 4 2 16 28 2497 358 359 587
13598 4 2 16 28 2315 1963 2069 2173
13599 4 2 16 28 2497 360 359 2414
13600 4 2 16 28 2267 3547 2589 3572
13601 4 2 16 28 2107 2343 2310 3564
13602 4 2 16 28 80 3247 3185 3528
13603 4 2 16 28 2096 2390 1110 2097
13604 4 2 16 28 434 722 435 2629
13605 4 2 16 28 2253 519 638 2597
13606 4 2 16 28 548 321 320 2634
13607 4 2 16 28 548 321 2634 549
13608 4 2 16 28 2178 2046 936 995
13609 4 2 16 28 2075 2220 2127 2333
13610 4 2 16 28 434 722 2629 723
13611 4 2 16 28 1127 2158 2340 1111
13612 4 2 16 28 2581 571 343 2304
13613 4 2 16 28 2361 2164 2343 2101
13614 4 2 16 28 2185 2045 978 912
13615 4 2 16 28 2640 3441 2437 3547
13616 4 2 16 28 2559 419 2612 682
13617 4 2 16 28 2390 2096 2611 2097
13618 4 2 16 28 112 3475 24 3497
13619 4 2 16 28 2175 144 165 2212
13620 4 2 16 28 555 556 327 2255
13621 4 2 16 28 2066 2438 2266 2270
13622 4 2 16 28 328 327 556 2255
13623 4 2 16 28 2375 703 454 702
13624 4 2 16 28 143 2093 920 126
13625 4 2 16 28 2058 2069 2173 2315
13626 4 2 16 28 154 2136 1599 1003
13627 4 2 16 28 1200 214 3142 3562
13628 4 2 16 28 911 912 978 2045
13629 4 2 16 28 991 132 2092 147
13630 4 2 16 28 2625 2352 2431 3452
13631 4 2 16 28 2259 2260 2541 2132
13632 4 2 16 28 2595 2423 347 2516
13633 4 2 16 28 346 2596 2594 345
13634 4 2 16 28 2129 1483 907 3546
13635 4 2 16 28 459 460 1422 2366
13636 4 2 16 28 593 2579 365 366
13637 4 2 16 28 2381 1124 2144 2380
13638 4 2 16 28 3134 607 210 3583
13639 4 2 16 28 3547 3573 2589 3575
13640 4 2 16 28 136 133 946 1985
13641 4 2 16 28 437 436 2282 1426
13642 4 2 16 28 924 925 967 2054
13643 4 2 16 28 2375 2620 702 455
13644 4 2 16 28 77 3185 3246 3478
13645 4 2 16 28 78 68 2436 608
13646 4 2 16 28 2301 2142 1123 2055
13647 4 2 16 28 608 3133 211 3583
13648 4 2 16 28 2465 2464 2310 3564
13649 4 2 16 28 1394 2430 1273 1393
13650 4 2 16 28 2435 3481 3437 3491
13651 4 2 16 28 1289 509 2261 1418
13652 4 2 16 28 887 999 886 1973
13653 4 2 16 28 1369 258 259 2630
13654 4 2 16 28 2345 2346 2115 2368
13655 4 2 16 28 443 714 2530 2682
13656 4 2 16 28 2456 1323 1264 2663
13657 4 2 16 28 2579 593 594 366
13658 4 2 16 28 2259 2210 2611 2096
13659 4 2 16 28 951 1592 952 1982
13660 4 2 16 28 414 415 1390 2534
13661 4 2 16 28 811 3462 3439 3511
13662 4 2 16 28 1482 2062 3484 3545
13663 4 2 16 28 737 474 2439 2465
13664 4 2 16 28 1998 2256 2381 3521
13665 4 2 16 28 257 285 286 2558
13666 4 2 16 28 386 385 1425 2702
13667 4 2 16 28 257 256 285 2558
13668 4 2 16 28 394 2625 2352 2553
13669 4 2 16 28 454 703 2375 2622
13670 4 2 16 28 2095 1992 2094 3544
13671 4 2 16 28 904 1484 2062 3545
13672 4 2 16 28 2319 2350 2448 2102
13673 4 2 16 28 661 399 2547 662
13674 4 2 16 28 7 2510 8 3568
13675 4 2 16 28 1211 3569 1214 3572
13676 4 2 16 28 2453 1389 261 2370
13677 4 2 16 28 1213 1212 3568 3569
13678 4 2 16 28 1111 2482 2158 2015
13679 4 2 16 28 399 661 2547 398
13680 4 2 16 28 1109 2260 2262 1125
13681 4 2 16 28 496 758 2315 495
13682 4 2 16 28 3447 3480 2493 3538
13683 4 2 16 28 2684 398 397 1319
13684 4 2 16 28 2547 2684 398 661
13685 4 2 16 28 1064 2185 2043 1040
13686 4 2 16 28 3479 3530 2248 3544
13687 4 2 16 28 1218 3570 2353 3578
13688 4 2 16 28 758 496 2315 759
13689 4 2 16 28 1106 2604 2395 2069
13690 4 2 16 28 2315 2069 2604 2058
13691 4 2 16 28 26 3462 849 3511
13692 4 2 16 28 2497 359 360 588
13693 4 2 16 28 1332 498 2668 497
13694 4 2 16 28 2192 2514 2265 2091
13695 4 2 16 28 319 320 1355 2378
13696 4 2 16 28 359 2497 587 588
13697 4 2 16 28 2266 2028 2066 2133
13698 4 2 16 28 2114 2262 2260 2478
13699 4 2 16 28 381 70 622 80
13700 4 2 16 28 1999 1108 2380 2144
13701 4 2 16 28 1251 448 2565 2564
13702 4 2 16 28 1312 378 2575 2636
13703 4 2 16 28 67 2636 378 1312
13704 4 2 16 28 1047 166 171 2082
13705 4 2 16 28 1599 1003 2136 3461
13706 4 2 16 28 531 625 532 2607
13707 4 2 16 28 2267 3569 1211 3572
13708 4 2 16 28 2603 2381 2256 3521
13709 4 2 16 28 2324 2075 2345 2346
13710 4 2 16 28 503 1317 502 2566
13711 4 2 16 28 2349 2549 2124 2469
13712 4 2 16 28 412 413 1386 2268
13713 4 2 16 28 608 210 607 3583
13714 4 2 16 28 2315 2173 2349 2569
13715 4 2 16 28 222 3534 3571 3574
13716 4 2 16 28 2523 2158 2340 2339
13717 4 2 16 28 301 272 2388 2531
13718 4 2 16 28 1978 2202 2199 3467
13719 4 2 16 28 636 520 2253 521
13720 4 2 16 28 1991 3550 3489 3559
13721 4 2 16 28 2555 1420 2285 1258
13722 4 2 16 28 2340 2081 2338 1128
13723 4 2 16 28 161 3497 24 3551
13724 4 2 16 28 976 2175 2222 914
13725 4 2 16 28 331 332 1399 2306
13726 4 2 16 28 2495 2515 2286 2000
13727 4 2 16 28 2114 1995 2260 2132
13728 4 2 16 28 3185 3478 3453 3528
13729 4 2 16 28 1128 1112 2338 2410
13730 4 2 16 28 319 2634 2695 547
13731 4 2 16 28 569 342 2581 570
13732 4 2 16 28 563 335 2441 564
13733 4 2 16 28 416 417 2371 2641
13734 4 2 16 28 342 569 2581 341
13735 4 2 16 28 511 2261 1368 510
13736 4 2 16 28 2028 2266 2342 2133
13737 4 2 16 28 2690 278 249 2374
13738 4 2 16 28 2263 2598 516 517
13739 4 2 16 28 675 412 2342 2673
13740 4 2 16 28 227 867 151 3566
13741 4 2 16 28 106 867 226 3566
13742 4 2 16 28 2002 2222 913 976
13743 4 2 16 28 2523 2158 2207 2081
13744 4 2 16 28 1043 172 165 2041
13745 4 2 16 28 69 609 381 2625
13746 4 2 16 28 1276 1337 2313 1338
13747 4 2 16 28 370 369 1430 2606
13748 4 2 16 28 2076 964 1053 1628
13749 4 2 16 28 77 365 593 606
13750 4 2 16 28 438 439 1438 2466
13751 4 2 16 28 1055 1051 1052 2089
13752 4 2 16 28 1502 984 947 2063
13753 4 2 16 28 2096 1126 2132 1110
13754 4 2 16 28 2096 2211 2259 2210
13755 4 2 16 28 459 2619 458 698
13756 4 2 16 28 2037 2068 2474 2163
13757 4 2 16 28 69 381 1435 2625
13758 4 2 16 28 1977 909 980 910
13759 4 2 16 28 755 2657 2173 2349
13760 4 2 16 28 2132 2541 1995 2260
13761 4 2 16 28 2604 1106 1122 2058
13762 4 2 16 28 2127 2333 2429 2292
13763 4 2 16 28 270 300 271 2388
13764 4 2 16 28 304 274 2459 275
13765 4 2 16 28 3481 3491 2435 3501
13766 4 2 16 28 2193 2367 2091 2642
13767 4 2 16 28 699 458 2619 698
13768 4 2 16 28 300 270 299 2388
13769 4 2 16 28 274 304 2459 303
13770 4 2 16 28 1542 1049 969 2099
13771 4 2 16 28 495 1378 494 2454
13772 4 2 16 28 2246 3516 3499 3550
13773 4 2 16 28 394 393 1434 2527
13774 4 2 16 28 2128 2060 2496 2000
13775 4 2 16 28 2681 715 442 2682
13776 4 2 16 28 326 1373 325 2494
13777 4 2 16 28 258 286 2693 257
13778 4 2 16 28 286 258 2693 287
13779 4 2 16 28 569 341 2615 2581
13780 4 2 16 28 499 74 1442 2653
13781 4 2 16 28 139 962 930 2030
13782 4 2 16 28 1284 2677 2377 1360
13783 4 2 16 28 700 456 2322 457
13784 4 2 16 28 2148 3466 2012 3490
13785 4 2 16 28 325 1373 2680 2494
13786 4 2 16 28 2618 329 1417 2365
13787 4 2 16 28 2698 3556 2557 3557
13788 4 2 16 28 656 2584 2413 501
13789 4 2 16 28 975 165 2212 2041
13790 4 2 16 28 939 954 955 2117
13791 4 2 16 28 682 420 419 2612
13792 4 2 16 28 2121 2262 1976 2264
13793 4 2 16 28 312 539 2638 311
13794 4 2 16 28 682 420 2612 683
13795 4 2 16 28 539 312 2638 540
13796 4 2 16 28 1414 420 421 2461
13797 4 2 16 28 521 522 1344 2667
13798 4 2 16 28 563 65 335 564
13799 4 2 16 28 900 901 987 2053
13800 4 2 16 28 2176 2499 2275 2065
13801 4 2 16 28 2617 523 634 2372
13802 4 2 16 28 227 226 867 3566
13803 4 2 16 28 462 2700 461 695
13804 4 2 16 28 577 350 2703 578
13805 4 2 16 28 350 577 2703 349
13806 4 2 16 28 2142 2567 2301 2568
13807 4 2 16 28 2177 2064 132 137
13808 4 2 16 28 2110 86 129 1549
13809 4 2 16 28 2068 2288 2474 2500
13810 4 2 16 28 535 62 277 307
13811 4 2 16 28 62 306 535 277
13812 4 2 16 28 2287 425 1328 426
13813 4 2 16 28 2672 2342 412 2673
13814 4 2 16 28 2436 68 380 608
13815 4 2 16 28 1388 517 2263 516
13816 4 2 16 28 2110 1444 86 1549
13817 4 2 16 28 1053 168 2076 1628
13818 4 2 16 28 456 455 2620 1437
13819 4 2 16 28 1974 892 1475 891
13820 4 2 16 28 2326 364 66 2658
13821 4 2 16 28 2033 918 973 2228
13822 4 2 16 28 309 1379 308 2426
13823 4 2 16 28 2007 3522 2179 3523
13824 4 2 16 28 434 1420 2406 435
13825 4 2 16 28 898 1490 899 2190
13826 4 2 16 28 378 68 1436 2575
13827 4 2 16 28 2567 2142 1998 2568
13828 4 2 16 28 2585 363 1325 1326
13829 4 2 16 28 2099 1632 1050 968
13830 4 2 16 28 1605 2076 1053 168
13831 4 2 16 28 147 991 896 2092
13832 4 2 16 28 2219 1982 952 953
13833 4 2 16 28 2540 592 364 2658
13834 4 2 16 28 502 1329 2600 1317
13835 4 2 16 28 365 77 67 606
13836 4 2 16 28 142 927 965 2131
13837 4 2 16 28 418 2641 681 2559
13838 4 2 16 28 1118 2514 2155 2091
13839 4 2 16 28 559 560 331 2538
13840 4 2 16 28 1347 462 463 2701
13841 4 2 16 28 944 945 950 2073
13842 4 2 16 28 560 332 331 2538
13843 4 2 16 28 2111 1984 896 895
13844 4 2 16 28 297 268 267 2561
13845 4 2 16 28 383 384 2373 1419
13846 4 2 16 28 656 2413 655 501
13847 4 2 16 28 2101 2107 1120 1104
13848 4 2 16 28 633 2694 524 2617
13849 4 2 16 28 447 709 2324 710
13850 4 2 16 28 2068 1114 2474 1130
13851 4 2 16 28 354 353 2679 2507
13852 4 2 16 28 263 262 2369 1385
13853 4 2 16 28 2110 930 1444 1549
13854 4 2 16 28 354 581 2679 353
13855 4 2 16 28 211 210 608 3583
13856 4 2 16 28 2075 2115 2346 1117
13857 4 2 16 28 18 3462 26 3511
13858 4 2 16 28 2611 2097 2610 2390
13859 4 2 16 28 316 543 2601 315
13860 4 2 16 28 543 316 2601 544
13861 4 2 16 28 71 81 2633 534
13862 4 2 16 28 122 147 896 2092
13863 4 2 16 28 2348 2473 2635 2037
13864 4 2 16 28 2151 2018 729 3532
13865 4 2 16 28 2473 2128 2635 2037
13866 4 2 16 28 3441 3484 1967 3492
13867 4 2 16 28 2585 1299 1324 1325
13868 4 2 16 28 2058 2173 2124 2349
13869 4 2 16 28 1064 1065 1040 2043
13870 4 2 16 28 978 2187 911 2045
13871 4 2 16 28 272 300 2388 271
13872 4 2 16 28 2056 2193 3531 3540
13873 4 2 16 28 300 272 2388 301
13874 4 2 16 28 2075 2324 2333 2346
13875 4 2 16 28 572 343 2304 344
13876 4 2 16 28 343 572 2304 571
13877 4 2 16 28 755 2569 2512 2349
13878 4 2 16 28 301 273 2531 302
13879 4 2 16 28 709 2324 448 447
13880 4 2 16 28 2354 392 391 620
13881 4 2 16 28 273 301 2531 272
13882 4 2 16 28 2121 1125 1109 2262
13883 4 2 16 28 2187 2043 1040 1039
13884 4 2 16 28 931 932 961 2138
13885 4 2 16 28 3534 3571 2134 3577
13886 4 2 16 28 520 636 2253 637
13887 4 2 16 28 2669 2671 352 1353
13888 4 2 16 28 2120 1999 2121 2264
13889 4 2 16 28 989 990 898 2005
13890 4 2 16 28 1213 3568 2510 3569
13891 4 2 16 28 522 634 2372 635
13892 4 2 16 28 634 522 2372 523
13893 4 2 16 28 1127 2158 1111 2482
13894 4 2 16 28 1219 1206 3578 3583
13895 4 2 16 28 1266 1428 1438 2296
13896 4 2 16 28 2574 421 684 2612
13897 4 2 16 28 144 165 1505 2175
13898 4 2 16 28 2524 3462 3439 3469
13899 4 2 16 28 463 694 2513 2701
13900 4 2 16 28 898 990 897 2005
13901 4 2 16 28 619 2354 391 620
13902 4 2 16 28 125 2044 914 1523
13903 4 2 16 28 1118 2514 2091 1134
13904 4 2 16 28 2331 2303 2032 2628
13905 4 2 16 28 1060 1045 1046 2123
13906 4 2 16 28 624 533 2607 2468
13907 4 2 16 28 2256 1998 2568 2567
13908 4 2 16 28 2400 2613 367 1431
13909 4 2 16 28 2304 573 345 2596
13910 4 2 16 28 2673 676 413 2674
13911 4 2 16 28 2519 553 325 554
13912 4 2 16 28 2305 2550 488 751
13913 4 2 16 28 2519 325 326 554
13914 4 2 16 28 256 257 1359 2355
13915 4 2 16 28 1998 2381 2144 3521
13916 4 2 16 28 938 939 955 2117
13917 4 2 16 28 12 3174 8 3518
13918 4 2 16 28 605 2652 377 2658
13919 4 2 16 28 2346 2368 1117 2115
13920 4 2 16 28 294 295 266 2231
13921 4 2 16 28 1209 1216 3573 3575
13922 4 2 16 28 223 3574 230 3576
13923 4 2 16 28 1208 1217 3570 3573
13924 4 2 16 28 222 3571 231 3574
13925 4 2 16 28 1210 3572 1215 3575
13926 4 2 16 28 294 266 265 2231
13927 4 2 16 28 1207 3570 1218 3578
13928 4 2 16 28 232 3571 221 3577
13929 4 2 16 28 233 220 3567 3577
13930 4 2 16 28 504 505 1382 2412
13931 4 2 16 28 2604 1106 2058 2069
13932 4 2 16 28 1976 2120 2121 2264
13933 4 2 16 28 659 397 2542 660
13934 4 2 16 28 346 2596 574 2595
13935 4 2 16 28 2561 297 268 2608
13936 4 2 16 28 2252 321 550 549
13937 4 2 16 28 322 321 550 2252
13938 4 2 16 28 229 3493 224 3576
13939 4 2 16 28 2091 2514 2265 2367
13940 4 2 16 28 106 107 1596 3566
13941 4 2 16 28 149 151 1597 3566
13942 4 2 16 28 2520 626 531 2607
13943 4 2 16 28 574 345 2596 346
13944 4 2 16 28 345 574 2596 573
13945 4 2 16 28 2472 407 408 2624
13946 4 2 16 28 407 671 408 2624
13947 4 2 16 28 2348 2037 2474 2473
13948 4 2 16 28 625 531 626 2607
13949 4 2 16 28 354 355 2249 582
13950 4 2 16 28 768 92 2031 1446
13951 4 2 16 28 415 677 2674 414
13952 4 2 16 28 2518 467 730 2320
13953 4 2 16 28 2292 2286 2515 2154
13954 4 2 16 28 2192 2514 2091 2155
13955 4 2 16 28 431 2383 432 1350
13956 4 2 16 28 2585 1324 1327 1326
13957 4 2 16 28 1063 1064 1041 2042
13958 4 2 16 28 1546 2076 168 964
13959 4 2 16 28 555 326 2255 327
13960 4 2 16 28 496 759 2455 2315
13961 4 2 16 28 2569 755 2173 2349
13962 4 2 16 28 326 555 2255 554
13963 4 2 16 28 1458 2049 121 890
13964 4 2 16 28 964 2076 168 1628
13965 4 2 16 28 2368 2345 2375 2115
13966 4 2 16 28 490 2657 2305 753
13967 4 2 16 28 311 310 2250 1405
13968 4 2 16 28 410 409 673 2647
13969 4 2 16 28 672 673 409 2647
13970 4 2 16 28 1114 2288 1130 2068
13971 4 2 16 28 90 130 2116 1452
13972 4 2 16 28 1126 2096 2390 1110
13973 4 2 16 28 524 632 2694 633
13974 4 2 16 28 379 1312 380 2408
13975 4 2 16 28 524 632 525 2694
13976 4 2 16 28 81 395 71 2293
13977 4 2 16 28 2329 2018 2155 2335
13978 4 2 16 28 75 65 563 564
13979 4 2 16 28 2496 2495 2286 2000
13980 4 2 16 28 306 62 535 63
13981 4 2 16 28 1112 2338 2081 1128
13982 4 2 16 28 2065 2208 2275 2176
13983 4 2 16 28 73 465 1441 2432
13984 4 2 16 28 2368 2346 1117 1133
13985 4 2 16 28 2395 2605 2069 2604
13986 4 2 16 28 329 330 1417 2365
13987 4 2 16 28 2081 2340 1112 1128
13988 4 2 16 28 2703 350 349 2309
13989 4 2 16 28 1107 1123 2568 2142
13990 4 2 16 28 276 306 277 2298
13991 4 2 16 28 2158 2523 2340 2081
13992 4 2 16 28 276 306 2298 305
13993 4 2 16 28 2568 2381 1998 2256
13994 4 2 16 28 2557 3549 3501 3557
13995 4 2 16 28 490 2562 491 1412
13996 4 2 16 28 24 3497 3475 3551
13997 4 2 16 28 2641 416 679 2675
13998 4 2 16 28 1040 1065 1039 2043
13999 4 2 16 28 2652 376 377 2321
14000 4 2 16 28 2154 2292 1132 1116
14001 4 2 16 28 645 511 2379 512
14002 4 2 16 28 511 645 2379 646
14003 4 2 16 28 430 726 2280 727
14004 4 2 16 28 518 638 519 2597
14005 4 2 16 28 638 518 639 2597
14006 4 2 16 28 2077 112 140 3497
14007 4 2 16 28 2000 2286 2154 2515
14008 4 2 16 28 726 430 2280 431
14009 4 2 16 28 664 2337 401 663
14010 4 2 16 28 400 401 2337 663
14011 4 2 16 28 2700 696 461 695
14012 4 2 16 28 376 2652 604 2463
14013 4 2 16 28 2361 2319 2101 2343
14014 4 2 16 28 1322 250 251 2284
14015 4 2 16 28 2069 2315 2604 2299
14016 4 2 16 28 2288 2275 2499 2065
14017 4 2 16 28 732 469 731 2363
14018 4 2 16 28 2342 2266 2648 2133
14019 4 2 16 28 723 434 433 2629
14020 4 2 16 28 723 433 724 2629
14021 4 2 16 28 422 684 2574 421
14022 4 2 16 28 1312 379 1435 2408
14023 4 2 16 28 684 422 2574 685
14024 4 2 16 28 672 408 671 2269
14025 4 2 16 28 426 688 2670 425
14026 4 2 16 28 589 362 2686 590
14027 4 2 16 28 362 589 2686 361
14028 4 2 16 28 462 694 463 2701
14029 4 2 16 28 2015 2097 2482 2610
14030 4 2 16 28 316 315 2601 2602
14031 4 2 16 28 2464 2525 2310 3564
14032 4 2 16 28 734 472 471 2361
14033 4 2 16 28 734 472 2361 735
14034 4 2 16 28 1124 1108 2144 2380
14035 4 2 16 28 281 253 2536 282
14036 4 2 16 28 2142 1107 1123 2055
14037 4 2 16 28 2679 2356 353 581
14038 4 2 16 28 253 281 2536 252
14039 4 2 16 28 355 2249 582 583
14040 4 2 16 28 73 1441 464 2432
14041 4 2 16 28 2061 2055 2142 2301
14042 4 2 16 28 413 412 676 2673
14043 4 2 16 28 412 675 676 2673
14044 4 2 16 28 2301 2395 2452 2055
14045 4 2 16 28 508 648 2603 649
14046 4 2 16 28 648 508 2603 509
14047 4 2 16 28 1440 72 2501 429
14048 4 2 16 28 81 2633 534 623
14049 4 2 16 28 2703 349 348 2689
14050 4 2 16 28 559 330 2538 331
14051 4 2 16 28 330 559 2538 558
14052 4 2 16 28 397 659 2542 396
14053 4 2 16 28 2251 2264 2380 1999
14054 4 2 16 28 1118 2514 1134 2155
14055 4 2 16 28 573 344 572 2304
14056 4 2 16 28 2379 2144 1999 2380
14057 4 2 16 28 573 345 344 2304
14058 4 2 16 28 407 671 2624 670
14059 4 2 16 28 2016 970 922 921
14060 4 2 16 28 2482 2390 2610 2097
14061 4 2 16 28 514 643 642 2251
14062 4 2 16 28 1546 141 2076 964
14063 4 2 16 28 514 642 515 2251
14064 4 2 16 28 474 736 2439 473
14065 4 2 16 28 736 474 2439 737
14066 4 2 16 28 2514 2329 2155 2335
14067 4 2 16 28 595 594 367 2579
14068 4 2 16 28 2144 2379 2381 2380
14069 4 2 16 28 261 290 262 2503
14070 4 2 16 28 291 262 290 2503
14071 4 2 16 28 413 677 2674 676
14072 4 2 16 28 413 677 414 2674
14073 4 2 16 28 614 386 387 2385
14074 4 2 16 28 2385 387 614 615
14075 4 2 16 28 432 2637 725 724
14076 4 2 16 28 681 419 2559 682
14077 4 2 16 28 2170 1604 1004 1007
14078 4 2 16 28 168 141 2076 1546
14079 4 2 16 28 419 681 2559 418
14080 4 2 16 28 469 468 731 2363
14081 4 2 16 28 2363 468 731 2518
14082 4 2 16 28 754 2657 2512 491
14083 4 2 16 28 594 366 367 2579
14084 4 2 16 28 402 664 2337 401
14085 4 2 16 28 683 421 2612 684
14086 4 2 16 28 523 633 524 2617
14087 4 2 16 28 603 374 2463 602
14088 4 2 16 28 374 603 2463 375
14089 4 2 16 28 664 402 2337 665
14090 4 2 16 28 2121 2380 2264 1999
14091 4 2 16 28 683 421 420 2612
14092 4 2 16 28 523 633 2617 634
14093 4 2 16 28 1444 764 930 2110
14094 4 2 16 28 497 760 2455 759
14095 4 2 16 28 81 395 2293 658
14096 4 2 16 28 548 2634 320 547
14097 4 2 16 28 2634 319 320 547
14098 4 2 16 28 135 134 1596 2195
14099 4 2 16 28 660 398 397 2684
14100 4 2 16 28 486 748 2548 485
14101 4 2 16 28 748 486 2548 749
14102 4 2 16 28 688 426 2670 689
14103 4 2 16 28 672 409 408 2269
14104 4 2 16 28 404 666 2522 403
14105 4 2 16 28 666 404 2522 667
14106 4 2 16 28 534 2633 2468 623
14107 4 2 16 28 318 547 2695 546
14108 4 2 16 28 318 547 319 2695
14109 4 2 16 28 1450 134 135 2195
14110 4 2 16 28 368 369 597 2401
14111 4 2 16 28 377 604 2652 605
14112 4 2 16 28 604 377 2652 376
14113 4 2 16 28 2266 2410 2648 2133
14114 4 2 16 28 466 465 2623 2476
14115 4 2 16 28 730 468 2518 731
14116 4 2 16 28 442 714 443 2682
14117 4 2 16 28 532 625 624 2607
14118 4 2 16 28 597 596 368 2401
14119 4 2 16 28 2482 2610 2543 2015
14120 4 2 16 28 617 390 2290 389
14121 4 2 16 28 297 269 2608 298
14122 4 2 16 28 297 269 268 2608
14123 4 2 16 28 729 467 466 2320
14124 4 2 16 28 441 715 2681 716
14125 4 2 16 28 443 714 713 2530
14126 4 2 16 28 363 592 2540 591
14127 4 2 16 28 470 732 2363 469
14128 4 2 16 28 2704 2115 2368 2375
14129 4 2 16 28 617 390 618 2290
14130 4 2 16 28 622 70 2553 394
14131 4 2 16 28 2081 2523 2340 2338
14132 4 2 16 28 379 69 1435 2408
14133 4 2 16 28 678 416 415 2675
14134 4 2 16 28 678 416 2675 679
14135 4 2 16 28 574 347 346 2595
14136 4 2 16 28 347 574 575 2595
14137 4 2 16 28 314 315 2601 543
14138 4 2 16 28 543 2601 314 542
14139 4 2 16 28 753 491 2657 754
14140 4 2 16 28 490 752 2305 489
14141 4 2 16 28 491 753 2657 490
14142 4 2 16 28 752 490 2305 753
14143 4 2 16 28 691 428 2289 429
14144 4 2 16 28 2251 1999 2380 2379
14145 4 2 16 28 692 691 2289 429
14146 4 2 16 28 457 700 699 2322
14147 4 2 16 28 699 458 457 2322
14148 4 2 16 28 468 730 2518 467
14149 4 2 16 28 673 674 410 2647
14150 4 2 16 28 674 411 410 2647
14151 4 2 16 28 2305 751 489 752
14152 4 2 16 28 751 488 2305 489
14153 4 2 16 28 432 2637 724 433
14154 4 2 16 28 478 742 2525 741
14155 4 2 16 28 519 2253 638 637
14156 4 2 16 28 2253 520 637 519
14157 4 2 16 28 759 2455 497 496
14158 4 2 16 28 580 353 2356 581
14159 4 2 16 28 580 353 352 2356
14160 4 2 16 28 349 576 2703 348
14161 4 2 16 28 576 349 2703 577
14162 4 2 16 28 442 714 2682 715
14163 4 2 16 28 2299 2604 2069 2605
14164 4 2 16 28 394 393 2352 622
14165 4 2 16 28 715 441 2681 442
14166 4 2 16 28 660 398 2684 661
14167 4 2 16 28 732 470 2363 733
14168 4 2 16 28 517 639 2597 640
14169 4 2 16 28 639 517 2597 518
14170 4 2 16 28 443 713 444 2530
14171 4 2 16 28 565 338 2393 566
14172 4 2 16 28 338 565 2393 337
14173 4 2 16 28 592 66 364 2658
14174 4 2 16 28 363 592 364 2540
14175 4 2 16 28 622 393 2352 621
14176 4 2 16 28 679 680 417 2641
14177 4 2 16 28 417 416 679 2641
14178 4 2 16 28 729 467 2320 730
14179 4 2 16 28 624 533 532 2607
14180 4 2 16 28 552 323 551 2502
14181 4 2 16 28 552 324 323 2502
14182 4 2 16 28 537 308 2655 309
14183 4 2 16 28 656 500 2584 501
14184 4 2 16 28 308 537 2655 536
14185 4 2 16 28 2584 657 500 656
14186 4 2 16 28 2463 604 375 603
14187 4 2 16 28 604 375 376 2463
14188 4 2 16 28 662 400 399 2547
14189 4 2 16 28 662 400 2547 663
14190 4 2 16 28 480 744 2485 743
14191 4 2 16 28 481 744 2485 480
14192 4 2 16 28 476 740 477 2464
14193 4 2 16 28 740 476 739 2464
14194 4 2 16 28 746 2626 747 483
14195 4 2 16 28 484 747 2626 483
14196 4 2 16 28 2620 702 455 701
14197 4 2 16 28 568 341 340 2615
14198 4 2 16 28 568 341 2615 569
14199 4 2 16 28 2548 487 750 486
14200 4 2 16 28 750 488 487 2550
14201 4 2 16 28 750 2548 486 749
14202 4 2 16 28 750 488 2550 751
14203 4 2 16 28 701 455 2620 456
14204 4 2 16 28 507 649 508 2603
14205 4 2 16 28 561 332 2539 333
14206 4 2 16 28 649 507 650 2603
14207 4 2 16 28 332 561 2539 560
14208 4 2 16 28 384 385 612 2577
14209 4 2 16 28 385 613 612 2577
14210 4 2 16 28 66 605 377 2658
14211 4 2 16 28 704 452 2622 453
14212 4 2 16 28 720 436 2282 437
14213 4 2 16 28 478 742 479 2525
14214 4 2 16 28 436 720 2282 721
14215 4 2 16 28 463 693 464 2513
14216 4 2 16 28 463 693 2513 694
14217 4 2 16 28 617 388 2290 616
14218 4 2 16 28 449 707 2649 708
14219 4 2 16 28 553 325 324 2519
14220 4 2 16 28 552 553 324 2519
14221 4 2 16 28 64 278 249 2690
14222 4 2 16 28 389 388 2290 617
14223 4 2 16 28 627 530 2520 626
14224 4 2 16 28 624 533 2468 623
14225 4 2 16 28 534 2468 533 623
14226 4 2 16 28 626 530 2520 531
14227 4 2 16 28 2690 382 61 610
14228 4 2 16 28 494 756 2569 493
14229 4 2 16 28 756 494 2569 757
14230 4 2 16 28 76 66 592 2658
14231 4 2 16 28 754 492 491 2512
14232 4 2 16 28 754 492 2512 755
14233 4 2 16 28 405 668 669 2616
14234 4 2 16 28 406 405 669 2616
14235 4 2 16 28 570 343 342 2581
14236 4 2 16 28 570 571 343 2581
14237 4 2 16 28 445 712 711 2389
14238 4 2 16 28 452 704 2622 705
14239 4 2 16 28 598 2401 369 370
14240 4 2 16 28 2401 598 369 597
14241 4 2 16 28 66 605 2658 76
14242 4 2 16 28 563 2441 335 562
14243 4 2 16 28 334 335 2441 562
14244 4 2 16 28 449 707 450 2649
14245 4 2 16 28 711 446 445 2389
14246 4 2 16 28 601 2586 373 602
14247 4 2 16 28 374 373 2586 602
14248 4 2 16 28 284 255 283 2272
14249 4 2 16 28 254 283 255 2272
14250 4 2 16 28 249 61 64 2690
14251 4 2 16 28 61 64 2690 610
14252 4 2 16 28 516 640 2598 641
14253 4 2 16 28 516 640 517 2598
14254 4 2 16 28 513 643 514 2251
14255 4 2 16 28 513 643 2251 644
14256 4 2 16 28 2125 2110 2031 767
14257 4 2 16 28 1324 2363 470 2411
14258 4 2 16 28 2462 254 2272 2341
14259 4 2 16 28 2517 2585 469 1327
14260 4 2 16 28 2525 480 2313 2485
14261 4 2 16 28 2376 1371 1372 2312
14262 4 2 16 28 2314 2551 2552 1316
14263 4 2 16 28 2512 2302 2569 493
14264 4 2 16 28 2420 2263 2487 1268
14265 4 2 16 28 2378 2420 2487 1355
14266 4 2 16 28 1335 2560 2295 2472
14267 4 2 16 28 2341 2271 2461 1402
14268 4 2 16 28 2453 2370 2534 1389
14269 4 2 16 28 417 418 1284 2377
14270 4 2 16 28 2337 2416 2522 402
14271 4 2 16 28 2394 2302 2556 1403
14272 4 2 16 28 2257 2446 2582 1415
14273 4 2 16 28 2370 2433 2630 260
14274 4 2 16 28 2291 2449 2490 1309
14275 4 2 16 28 61 1252 1349 2281
14276 4 2 16 28 2231 2560 2561 266
14277 4 2 16 28 2309 2387 1383 2689
14278 4 2 16 28 2517 2326 2585 1326
14279 4 2 16 28 450 1311 1433 2344
14280 4 2 16 28 2242 2585 2686 362
14281 4 2 16 28 2526 2283 1432 1310
14282 4 2 16 28 2324 2564 2565 448
14283 4 2 16 28 2323 2621 2622 453
14284 4 2 16 28 2323 2401 2606 369
14285 4 2 16 28 1437 2620 2588 2382
14286 4 2 16 28 1421 2463 2321 376
14287 4 2 16 28 2600 1318 2552 2300
14288 4 2 16 28 2382 2591 2592 1427
14289 4 2 16 28 2401 2591 2606 370
14290 4 2 16 28 2533 2239 2578 365
14291 4 2 16 28 2408 2436 2575 380
14292 4 2 16 28 2436 2239 2575 68
14293 4 2 16 28 2416 401 402 2337
14294 4 2 16 28 2538 2306 2539 332
14295 4 2 16 28 2364 2541 2609 528
14296 4 2 16 28 2411 472 2362 2361
14297 4 2 16 28 2313 2404 2485 480
14298 4 2 16 28 481 2404 480 2485
14299 4 2 16 28 2525 480 479 2313
14300 4 2 16 28 2376 1371 2312 2594
14301 4 2 16 28 2404 2330 2485 481
14302 4 2 16 28 2365 328 2255 2422
14303 4 2 16 28 2387 1270 1383 1384
14304 4 2 16 28 2330 2387 2626 483
14305 4 2 16 28 2669 2404 2671 1353
14306 4 2 16 28 352 1276 1353 2671
14307 4 2 16 28 2313 2404 480 1354
14308 4 2 16 28 1338 2358 1339 1337
14309 4 2 16 28 1338 2358 2507 1339
14310 4 2 16 28 1340 2525 1337 2358
14311 4 2 16 28 1340 2525 478 1337
14312 4 2 16 28 1337 2525 2313 2358
14313 4 2 16 28 2411 472 2361 471
14314 4 2 16 28 2311 2445 2521 1287
14315 4 2 16 28 2377 2273 2559 418
14316 4 2 16 28 2411 2361 470 471
14317 4 2 16 28 2361 2362 2439 472
14318 4 2 16 28 2326 2517 2599 1265
14319 4 2 16 28 2363 1324 2585 2411
14320 4 2 16 28 2540 2326 2658 364
14321 4 2 16 28 2361 2363 2411 470
14322 4 2 16 28 2585 2517 1326 1327
14323 4 2 16 28 2362 2414 2445 1293
14324 4 2 16 28 2363 2517 2585 469
14325 4 2 16 28 2439 472 2362 473
14326 4 2 16 28 360 2451 2242 2414
14327 4 2 16 28 2363 1324 469 2585
14328 4 2 16 28 469 2585 1324 1327
14329 4 2 16 28 2363 1324 470 469
14330 4 2 16 28 1299 2585 2411 2242
14331 4 2 16 28 2451 360 2242 361
14332 4 2 16 28 2328 2443 2457 1260
14333 4 2 16 28 2539 334 2440 2441
14334 4 2 16 28 2328 2457 2588 1424
14335 4 2 16 28 2588 2322 2620 456
14336 4 2 16 28 2306 2392 1400 1294
14337 4 2 16 28 2321 2417 2443 1259
14338 4 2 16 28 2334 2513 2701 463
14339 4 2 16 28 2432 464 2476 1441
14340 4 2 16 28 2465 2311 2691 475
14341 4 2 16 28 2077 2076 2168 169
14342 4 2 16 28 2522 2247 2616 404
14343 4 2 16 28 2422 2255 2494 327
14344 4 2 16 28 2252 2481 322 321
14345 4 2 16 28 314 2601 2397 2257
14346 4 2 16 28 2300 2566 2600 1317
14347 4 2 16 28 2584 2452 2653 74
14348 4 2 16 28 2306 2538 2662 331
14349 4 2 16 28 65 1255 1318 2552
14350 4 2 16 28 2454 2314 2455 496
14351 4 2 16 28 2314 2552 2668 1332
14352 4 2 16 28 1255 65 1316 2552
14353 4 2 16 28 2668 2314 1332 497
14354 4 2 16 28 2392 2603 508 509
14355 4 2 16 28 2413 2584 2600 501
14356 4 2 16 28 2365 2392 1417 2618
14357 4 2 16 28 2392 2261 2603 509
14358 4 2 16 28 2441 2300 65 335
14359 4 2 16 28 2547 1376 2234 2421
14360 4 2 16 28 2125 2110 88 1988
14361 4 2 16 28 2302 2512 2556 1404
14362 4 2 16 28 2302 2444 2454 1378
14363 4 2 16 28 2551 2441 2552 65
14364 4 2 16 28 2444 2393 2551 337
14365 4 2 16 28 2314 2444 2551 1306
14366 4 2 16 28 2302 2454 2569 494
14367 4 2 16 28 2263 2481 2487 1387
14368 4 2 16 28 1273 322 2481 1387
14369 4 2 16 28 2560 2231 2572 265
14370 4 2 16 28 2487 2252 2634 321
14371 4 2 16 28 511 2379 2317 2261
14372 4 2 16 28 2251 2430 2598 515
14373 4 2 16 28 2261 2392 1418 509
14374 4 2 16 28 2422 2255 327 328
14375 4 2 16 28 2387 1270 1384 2404
14376 4 2 16 28 2317 513 2645 2251
14377 4 2 16 28 2261 2392 2618 1418
14378 4 2 16 28 2263 2430 2481 1273
14379 4 2 16 28 2110 88 767 2125
14380 4 2 16 28 2252 2481 2502 322
14381 4 2 16 28 131 936 2046 1568
14382 4 2 16 28 2306 1294 2662 2392
14383 4 2 16 28 2556 2512 2562 491
14384 4 2 16 28 2376 489 2305 488
14385 4 2 16 28 2307 2562 2580 1291
14386 4 2 16 28 2562 2580 1291 1358
14387 4 2 16 28 2376 2305 2550 488
14388 4 2 16 28 2305 2376 2562 489
14389 4 2 16 28 2556 2562 1412 491
14390 4 2 16 28 2307 2556 2562 1412
14391 4 2 16 28 2304 2580 2594 344
14392 4 2 16 28 2312 2376 2548 1372
14393 4 2 16 28 2548 2376 2550 487
14394 4 2 16 28 348 349 1272 2689
14395 4 2 16 28 2312 1372 2548 1278
14396 4 2 16 28 2548 1278 1372 486
14397 4 2 16 28 2689 1272 2312 2387
14398 4 2 16 28 1272 2689 2312 1391
14399 4 2 16 28 2387 2312 1392 1272
14400 4 2 16 28 2387 2312 2627 1392
14401 4 2 16 28 2387 2330 2404 1384
14402 4 2 16 28 2336 2458 2459 275
14403 4 2 16 28 2385 385 2702 2577
14404 4 2 16 28 2560 2295 2561 267
14405 4 2 16 28 2453 2369 2503 262
14406 4 2 16 28 2337 2421 401 400
14407 4 2 16 28 2247 2491 2492 1363
14408 4 2 16 28 2561 2560 267 266
14409 4 2 16 28 418 2641 2559 2377
14410 4 2 16 28 2318 2560 2572 1351
14411 4 2 16 28 2472 2560 2646 1333
14412 4 2 16 28 2560 2318 2646 1275
14413 4 2 16 28 2560 2231 265 266
14414 4 2 16 28 88 2110 767 1451
14415 4 2 16 28 409 1275 1333 2646
14416 4 2 16 28 2383 2281 2511 1349
14417 4 2 16 28 2336 275 2459 274
14418 4 2 16 28 2276 2364 2426 1380
14419 4 2 16 28 2247 403 404 2522
14420 4 2 16 28 276 277 1307 2687
14421 4 2 16 28 2295 2472 2492 1280
14422 4 2 16 28 2483 2336 2531 273
14423 4 2 16 28 2416 1409 1410 1292
14424 4 2 16 28 2416 1409 1292 2483
14425 4 2 16 28 2247 2492 2616 405
14426 4 2 16 28 403 2247 404 1410
14427 4 2 16 28 2421 401 2416 2337
14428 4 2 16 28 2616 2247 405 404
14429 4 2 16 28 2416 2247 403 1410
14430 4 2 16 28 919 920 1992 1519
14431 4 2 16 28 2424 19 241 16
14432 4 2 16 28 2563 242 19 16
14433 4 2 16 28 2576 2298 2687 277
14434 4 2 16 28 2590 2372 2667 522
14435 4 2 16 28 1295 311 312 2446
14436 4 2 16 28 2582 2258 2664 1416
14437 4 2 16 28 2276 2426 1304 1380
14438 4 2 16 28 2254 2397 2582 1288
14439 4 2 16 28 2601 2397 2602 315
14440 4 2 16 28 2279 2590 2667 1344
14441 4 2 16 28 2420 2378 2587 1274
14442 4 2 16 28 2587 2279 2667 1341
14443 4 2 16 28 2522 2416 403 402
14444 4 2 16 28 2234 2405 2576 1320
14445 4 2 16 28 2421 2234 2458 1375
14446 4 2 16 28 2336 2421 2458 1298
14447 4 2 16 28 1397 2421 1298 1398
14448 4 2 16 28 2426 2250 2655 309
14449 4 2 16 28 2250 2446 2638 311
14450 4 2 16 28 2446 2257 2638 312
14451 4 2 16 28 2426 2364 2546 1301
14452 4 2 16 28 2546 2609 2258 1406
14453 4 2 16 28 2276 2426 2643 1304
14454 4 2 16 28 2234 2405 1320 1319
14455 4 2 16 28 2520 2276 2607 531
14456 4 2 16 28 2607 1313 1331 532
14457 4 2 16 28 1313 2631 2276 2607
14458 4 2 16 28 1313 2631 2607 1331
14459 4 2 16 28 2468 2607 2631 533
14460 4 2 16 28 2542 2405 2684 397
14461 4 2 16 28 2684 1319 2405 2234
14462 4 2 16 28 255 2462 2272 2355
14463 4 2 16 28 2284 2374 2456 250
14464 4 2 16 28 2289 2403 2505 428
14465 4 2 16 28 72 2289 2473 2501
14466 4 2 16 28 2280 2383 2637 431
14467 4 2 16 28 432 2383 1348 1350
14468 4 2 16 28 2383 2511 2637 1348
14469 4 2 16 28 2637 2383 1348 432
14470 4 2 16 28 2511 2285 2637 1348
14471 4 2 16 28 433 434 1258 2285
14472 4 2 16 28 2449 2351 2490 1309
14473 4 2 16 28 2379 511 2317 512
14474 4 2 16 28 385 2385 2702 386
14475 4 2 16 28 2373 2297 2555 1419
14476 4 2 16 28 1990 1605 1053 1054
14477 4 2 16 28 2284 2341 2536 252
14478 4 2 16 28 2427 2284 2456 1322
14479 4 2 16 28 2461 2271 2574 422
14480 4 2 16 28 2287 2403 2670 426
14481 4 2 16 28 2273 2355 2462 1290
14482 4 2 16 28 2271 2341 2427 1402
14483 4 2 16 28 2341 2461 2462 1296
14484 4 2 16 28 2272 253 2536 2341
14485 4 2 16 28 2272 253 2341 254
14486 4 2 16 28 2559 2273 419 418
14487 4 2 16 28 2273 2377 2677 1360
14488 4 2 16 28 2461 2273 2462 1414
14489 4 2 16 28 2534 2371 2675 415
14490 4 2 16 28 2573 2268 2672 1386
14491 4 2 16 28 2268 2453 2534 1271
14492 4 2 16 28 2370 2453 2503 261
14493 4 2 16 28 1284 2419 2377 2240
14494 4 2 16 28 2370 2419 2534 1277
14495 4 2 16 28 2431 2408 2625 69
14496 4 2 16 28 2385 388 2296 387
14497 4 2 16 28 2351 390 2354 391
14498 4 2 16 28 2290 2296 2385 388
14499 4 2 16 28 2449 390 2290 2351
14500 4 2 16 28 387 2702 2296 2385
14501 4 2 16 28 2291 1438 2466 2296
14502 4 2 16 28 2296 2466 2692 1438
14503 4 2 16 28 2291 1438 2296 1266
14504 4 2 16 28 2317 2422 1368 2261
14505 4 2 16 28 2351 2290 2354 390
14506 4 2 16 28 2283 2526 2527 1434
14507 4 2 16 28 2527 2352 2553 394
14508 4 2 16 28 2351 2283 2490 1432
14509 4 2 16 28 1309 442 1432 2490
14510 4 2 16 28 2283 2351 2526 1432
14511 4 2 16 28 444 445 1256 2676
14512 4 2 16 28 1251 70 1256 2327
14513 4 2 16 28 2564 2327 2565 1251
14514 4 2 16 28 446 2665 1251 1256
14515 4 2 16 28 1397 2421 2336 1298
14516 4 2 16 28 2463 1421 2321 2443
14517 4 2 16 28 1252 61 1264 2281
14518 4 2 16 28 2341 2536 252 253
14519 4 2 16 28 500 2653 2398 1442
14520 4 2 16 28 2454 2302 1378 494
14521 4 2 16 28 2285 2637 1348 433
14522 4 2 16 28 2317 2261 1368 511
14523 4 2 16 28 2562 2376 2580 1358
14524 4 2 16 28 2377 2240 2677 1284
14525 4 2 16 28 429 2501 2505 2289
14526 4 2 16 28 2283 2530 2682 443
14527 4 2 16 28 2416 2247 2522 403
14528 4 2 16 28 2377 2371 2419 1370
14529 4 2 16 28 2291 2296 2449 1266
14530 4 2 16 28 2689 2312 1391 2516
14531 4 2 16 28 2451 2242 2686 361
14532 4 2 16 28 2291 2490 2681 441
14533 4 2 16 28 2364 2276 2520 530
14534 4 2 16 28 2281 2383 2505 1252
14535 4 2 16 28 2457 2366 2619 459
14536 4 2 16 28 2392 509 508 1418
14537 4 2 16 28 2526 2352 2527 393
14538 4 2 16 28 2653 500 2398 2584
14539 4 2 16 28 2558 257 2355 2240
14540 4 2 16 28 2376 489 488 1358
14541 4 2 16 28 2562 2376 1358 489
14542 4 2 16 28 1372 2312 1371 1278
14543 4 2 16 28 401 2421 2416 1398
14544 4 2 16 28 2657 491 2562 2512
14545 4 2 16 28 2631 2405 2632 1254
14546 4 2 16 28 2249 2358 2508 355
14547 4 2 16 28 1319 2684 2405 397
14548 4 2 16 28 2421 2337 2547 400
14549 4 2 16 28 2422 2317 1368 1283
14550 4 2 16 28 2397 2254 2590 1362
14551 4 2 16 28 1272 2312 1392 1391
14552 4 2 16 28 2441 2300 2552 65
14553 4 2 16 28 2463 2328 2586 374
14554 4 2 16 28 2317 2422 2494 1283
14555 4 2 16 28 2362 2311 2439 473
14556 4 2 16 28 2566 2413 2600 502
14557 4 2 16 28 464 2432 2476 2513
14558 4 2 16 28 2369 2453 2573 1385
14559 4 2 16 28 2311 2362 2445 1408
14560 4 2 16 28 2443 2366 2457 1422
14561 4 2 16 28 2420 2253 2597 519
14562 4 2 16 28 2559 2273 2612 419
14563 4 2 16 28 2404 481 480 1354
14564 4 2 16 28 330 331 1294 2662
14565 4 2 16 28 1253 467 1265 2599
14566 4 2 16 28 2558 2240 2693 257
14567 4 2 16 28 2276 2576 2631 1314
14568 4 2 16 28 2584 2398 2600 501
14569 4 2 16 28 2481 2294 2502 323
14570 4 2 16 28 2273 2461 2612 420
14571 4 2 16 28 2529 2279 2587 1342
14572 4 2 16 28 1281 2521 2691 2358
14573 4 2 16 28 2247 2492 405 1364
14574 4 2 16 28 2446 2250 2546 1405
14575 4 2 16 28 2421 2234 1375 1376
14576 4 2 16 28 2306 2392 2479 1400
14577 4 2 16 28 2297 2373 2577 384
14578 4 2 16 28 2674 2534 2675 415
14579 4 2 16 28 2279 2397 2590 1282
14580 4 2 16 28 2297 2577 2702 385
14581 4 2 16 28 2481 2252 2487 321
14582 4 2 16 28 2547 1376 399 2234
14583 4 2 16 28 2456 2374 2690 249
14584 4 2 16 28 2470 2434 2656 3474
14585 4 2 16 28 2656 2470 3474 3477
14586 4 2 16 28 2644 2415 2425 3483
14587 4 2 16 28 2308 2644 2425 3483
14588 4 2 16 28 2407 2614 2460 3487
14589 4 2 16 28 2614 2407 2447 3488
14590 4 2 16 28 1969 2088 2029 3513
14591 4 2 16 28 2174 2029 2088 3513
14592 4 2 16 28 2227 1998 2070 3521
14593 4 2 16 28 1998 2144 2070 3521
14594 4 2 16 28 2072 1972 2027 3524
14595 4 2 16 28 2052 2134 2098 3534
14596 4 2 16 28 2134 2052 1979 3534
14597 4 2 16 28 2104 1959 2070 3536
14598 4 2 16 28 2267 2437 2589 3547
14599 4 2 16 28 2267 2640 2437 3547
14600 4 2 16 28 2444 2393 338 2660
14601 4 2 16 28 2444 338 2393 337
14602 4 2 16 28 1305 2566 1382 2651
14603 4 2 16 28 1305 1382 2566 504
14604 4 2 16 28 2412 1382 2566 2651
14605 4 2 16 28 2412 2566 1382 504
14606 4 2 16 28 2000 2495 722 2629
14607 4 2 16 28 722 2495 2000 2189
14608 4 2 16 28 960 959 2010 2048
14609 4 2 16 28 960 2010 959 1561
14610 4 2 16 28 688 687 2176 2499
14611 4 2 16 28 2176 687 688 3555
14612 4 2 16 28 1238 849 27 26
14613 4 2 16 28 160 27 849 26
14614 4 2 16 28 160 849 27 113
14615 4 2 16 28 2069 759 1963 2315
14616 4 2 16 28 2069 1963 759 760
14617 4 2 16 28 2299 2455 2069 2315
14618 4 2 16 28 2299 2069 2455 760
14619 4 2 16 28 2455 759 2069 2315
14620 4 2 16 28 2455 2069 759 760
14621 4 2 16 28 1488 785 3519 2079
14622 4 2 16 28 1488 3519 785 786
14623 4 2 16 28 2558 2355 255 2272
14624 4 2 16 28 2558 255 2355 256
14625 4 2 16 28 3556 2248 805 98
14626 4 2 16 28 1213 3180 2510 1226
14627 4 2 16 28 1213 2510 3180 3569
14628 4 2 16 28 1225 2510 3180 1226
14629 4 2 16 28 1225 3180 2510 3569
14630 4 2 16 28 624 625 2210 2607
14631 4 2 16 28 624 2210 625 3529
14632 4 2 16 28 2211 2210 625 2607
14633 4 2 16 28 2211 625 2210 3529
14634 4 2 16 28 943 2073 1982 2083
14635 4 2 16 28 943 1982 2073 951
14636 4 2 16 28 2234 2547 398 399
14637 4 2 16 28 2234 398 2547 2684
14638 4 2 16 28 1294 330 2392 1417
14639 4 2 16 28 1294 2392 330 2662
14640 4 2 16 28 2365 2392 330 1417
14641 4 2 16 28 2365 330 2392 2662
14642 4 2 16 28 785 901 1983 2079
14643 4 2 16 28 785 1983 901 1491
14644 4 2 16 28 2572 2318 1269 2573
14645 4 2 16 28 2572 1269 2318 1351
14646 4 2 16 28 2082 971 2123 1047
14647 4 2 16 28 2082 2123 971 1992
14648 4 2 16 28 269 1280 2491 1363
14649 4 2 16 28 269 2491 1280 2295
14650 4 2 16 28 2492 2491 1280 1363
14651 4 2 16 28 2492 1280 2491 2295
14652 4 2 16 28 2004 163 171 1618
14653 4 2 16 28 2004 171 163 1637
14654 4 2 16 28 1235 3437 242 17
14655 4 2 16 28 242 3437 1235 3551
14656 4 2 16 28 3437 3458 25 3551
14657 4 2 16 28 1235 25 3437 17
14658 4 2 16 28 3437 25 1235 3551
14659 4 2 16 28 1423 2592 2588 2328
14660 4 2 16 28 1423 2588 2592 1262
14661 4 2 16 28 2634 2695 2067 2488
14662 4 2 16 28 2634 2067 2695 547
14663 4 2 16 28 1206 206 1219 3148
14664 4 2 16 28 1206 1219 206 3583
14665 4 2 16 28 3164 1219 206 3148
14666 4 2 16 28 207 1219 206 3164
14667 4 2 16 28 206 1219 207 3583
14668 4 2 16 28 2647 674 2194 673
14669 4 2 16 28 2647 2194 674 2342
14670 4 2 16 28 678 679 2066 2122
14671 4 2 16 28 678 2066 679 2675
14672 4 2 16 28 2355 2273 1359 1290
14673 4 2 16 28 2355 1359 2273 2677
14674 4 2 16 28 1360 1359 2273 1290
14675 4 2 16 28 1360 2273 1359 2677
14676 4 2 16 28 228 229 3146 3163
14677 4 2 16 28 1539 809 3550 808
14678 4 2 16 28 3550 809 1539 3516
14679 4 2 16 28 2431 1220 3578 79
14680 4 2 16 28 7 3149 1212 3165
14681 4 2 16 28 1212 1213 7 3165
14682 4 2 16 28 7 1213 1212 3568
14683 4 2 16 28 233 10 3148 3164
14684 4 2 16 28 2 1212 7 3149
14685 4 2 16 28 2 7 1212 3568
14686 4 2 16 28 1218 1217 3147 3162
14687 4 2 16 28 1207 1218 1217 3147
14688 4 2 16 28 1217 1218 1207 3570
14689 4 2 16 28 1217 1208 1207 3147
14690 4 2 16 28 1207 1208 1217 3570
14691 4 2 16 28 221 222 231 3147
14692 4 2 16 28 231 222 221 3571
14693 4 2 16 28 221 232 231 3571
14694 4 2 16 28 1215 1214 1210 3163
14695 4 2 16 28 1215 1210 1214 3572
14696 4 2 16 28 1211 1214 1210 3572
14697 4 2 16 28 3145 1217 1209 3160
14698 4 2 16 28 1216 1209 1217 3160
14699 4 2 16 28 1216 1217 1209 3573
14700 4 2 16 28 231 3145 223 3160
14701 4 2 16 28 223 230 231 3160
14702 4 2 16 28 231 230 223 3574
14703 4 2 16 28 3161 1210 1216 3144
14704 4 2 16 28 1209 1216 1210 3144
14705 4 2 16 28 1209 1210 1216 3575
14706 4 2 16 28 224 3161 230 3144
14707 4 2 16 28 230 223 224 3144
14708 4 2 16 28 224 223 230 3576
14709 4 2 16 28 1209 1208 1217 3145
14710 4 2 16 28 1217 1208 1209 3573
14711 4 2 16 28 222 223 231 3145
14712 4 2 16 28 231 223 222 3574
14713 4 2 16 28 1216 1215 1210 3161
14714 4 2 16 28 1216 1210 1215 3575
14715 4 2 16 28 229 230 224 3161
14716 4 2 16 28 224 230 229 3576
14717 4 2 16 28 220 221 233 3150
14718 4 2 16 28 220 233 221 3577
14719 4 2 16 28 3166 233 221 3150
14720 4 2 16 28 1219 1218 3150 3166
14721 4 2 16 28 232 233 221 3166
14722 4 2 16 28 232 221 233 3577
14723 4 2 16 28 2463 2328 1421 2443
14724 4 2 16 28 2463 1421 2328 375
14725 4 2 16 28 2341 1302 2284 2427
14726 4 2 16 28 2341 2284 1302 1401
14727 4 2 16 28 1335 267 2560 1334
14728 4 2 16 28 1335 2560 267 2295
14729 4 2 16 28 93 774 2049 1458
14730 4 2 16 28 2049 774 93 3523
14731 4 2 16 28 1222 1221 3454 3172
14732 4 2 16 28 1222 3454 1221 2532
14733 4 2 16 28 499 2668 2299 2653
14734 4 2 16 28 499 2299 2668 498
14735 4 2 16 28 2302 2394 1303 1403
14736 4 2 16 28 2302 1303 2394 2660
14737 4 2 16 28 339 1303 2394 1403
14738 4 2 16 28 339 2394 1303 2660
14739 4 2 16 28 2287 2403 1328 2663
14740 4 2 16 28 2287 1328 2403 426
14741 4 2 16 28 1264 1328 2403 2663
14742 4 2 16 28 1264 2403 1328 426
14743 4 2 16 28 2234 2458 1307 2687
14744 4 2 16 28 2234 1307 2458 1375
14745 4 2 16 28 276 1307 2458 2687
14746 4 2 16 28 276 2458 1307 1375
14747 4 2 16 28 3478 205 3456 4
14748 4 2 16 28 3478 3456 205 593
14749 4 2 16 28 2647 2194 672 673
14750 4 2 16 28 2506 2326 1265 66
14751 4 2 16 28 1265 2326 2506 2599
14752 4 2 16 28 1265 1253 2506 66
14753 4 2 16 28 2506 1253 1265 2599
14754 4 2 16 28 2598 641 1999 642
14755 4 2 16 28 1999 641 2598 2120
14756 4 2 16 28 3548 2104 1999 642
14757 4 2 16 28 1999 2104 3548 2120
14758 4 2 16 28 641 3548 1999 642
14759 4 2 16 28 1999 3548 641 2120
14760 4 2 16 28 28 3502 3438 1242
14761 4 2 16 28 3438 3502 28 3469
14762 4 2 16 28 3438 20 28 1242
14763 4 2 16 28 28 20 3438 3469
14764 4 2 16 28 1051 968 2054 2099
14765 4 2 16 28 1051 2054 968 967
14766 4 2 16 28 2576 2298 307 2643
14767 4 2 16 28 2576 307 2298 277
14768 4 2 16 28 1991 925 3516 1539
14769 4 2 16 28 1991 3516 925 2084
14770 4 2 16 28 809 3516 925 1539
14771 4 2 16 28 676 2674 2028 677
14772 4 2 16 28 2028 2674 676 2673
14773 4 2 16 28 2624 2269 1972 671
14774 4 2 16 28 2624 1972 2269 2486
14775 4 2 16 28 2194 1972 2269 671
14776 4 2 16 28 2327 70 1312 1251
14777 4 2 16 28 2327 67 1312 2636
14778 4 2 16 28 1312 67 2327 1251
14779 4 2 16 28 3491 1639 2004 1029
14780 4 2 16 28 3491 2004 1639 1989
14781 4 2 16 28 1058 2004 1639 1029
14782 4 2 16 28 1058 1639 2004 1989
14783 4 2 16 28 1533 99 3516 810
14784 4 2 16 28 1533 3516 99 2084
14785 4 2 16 28 754 753 2173 2657
14786 4 2 16 28 754 2173 753 2026
14787 4 2 16 28 2173 753 2124 2657
14788 4 2 16 28 2173 2124 753 2026
14789 4 2 16 28 2124 753 2305 2657
14790 4 2 16 28 2124 2305 753 2026
14791 4 2 16 28 1274 2587 520 1341
14792 4 2 16 28 1274 520 2587 2696
14793 4 2 16 28 2667 520 2587 1341
14794 4 2 16 28 2667 2587 520 2696
14795 4 2 16 28 1396 2411 1395 1299
14796 4 2 16 28 1396 1395 2411 2685
14797 4 2 16 28 2242 1395 2411 1299
14798 4 2 16 28 2242 2411 1395 2685
14799 4 2 16 28 2290 2296 389 2449
14800 4 2 16 28 2290 389 2296 388
14801 4 2 16 28 1266 389 2296 2449
14802 4 2 16 28 1266 2296 389 388
14803 4 2 16 28 895 1476 3463 2112
14804 4 2 16 28 3463 1476 895 776
14805 4 2 16 28 3463 2111 895 2112
14806 4 2 16 28 895 2111 3463 776
14807 4 2 16 28 3570 1204 2437 2436
14808 4 2 16 28 3570 2437 1204 3156
14809 4 2 16 28 3573 3159 2437 1203
14810 4 2 16 28 1202 2437 3159 1203
14811 4 2 16 28 1286 270 2491 1363
14812 4 2 16 28 2491 270 1286 2666
14813 4 2 16 28 2491 2247 1286 1363
14814 4 2 16 28 1286 2247 2491 2666
14815 4 2 16 28 2550 3509 2124 2549
14816 4 2 16 28 2124 3509 2550 751
14817 4 2 16 28 2124 2305 2550 2549
14818 4 2 16 28 2550 2305 2124 751
14819 4 2 16 28 316 2279 1343 1282
14820 4 2 16 28 316 1343 2279 2602
14821 4 2 16 28 315 2397 316 1282
14822 4 2 16 28 315 316 2397 2602
14823 4 2 16 28 2397 2279 316 1282
14824 4 2 16 28 2397 316 2279 2602
14825 4 2 16 28 331 1294 2306 1399
14826 4 2 16 28 331 2306 1294 2662
14827 4 2 16 28 1333 2472 409 2646
14828 4 2 16 28 1333 409 2472 408
14829 4 2 16 28 2269 409 2472 2646
14830 4 2 16 28 2269 2472 409 408
14831 4 2 16 28 100 811 3498 1531
14832 4 2 16 28 3498 811 100 3469
14833 4 2 16 28 2468 2631 534 533
14834 4 2 16 28 2468 534 2631 2632
14835 4 2 16 28 1254 534 2631 533
14836 4 2 16 28 1254 2631 534 2632
14837 4 2 16 28 1257 450 2565 449
14838 4 2 16 28 2649 450 2565 2344
14839 4 2 16 28 2649 2565 450 449
14840 4 2 16 28 2212 144 2044 2175
14841 4 2 16 28 2212 2044 144 125
14842 4 2 16 28 1274 520 2420 519
14843 4 2 16 28 1274 2420 520 2696
14844 4 2 16 28 2253 2420 520 519
14845 4 2 16 28 2253 520 2420 2696
14846 4 2 16 28 208 1220 3452 79
14847 4 2 16 28 208 3452 1220 3173
14848 4 2 16 28 3189 623 2210 3376
14849 4 2 16 28 2210 623 3189 3529
14850 4 2 16 28 1051 2054 2165 2089
14851 4 2 16 28 1051 2165 2054 967
14852 4 2 16 28 1205 205 3456 78
14853 4 2 16 28 1205 3456 205 3139
14854 4 2 16 28 2581 2307 341 2615
14855 4 2 16 28 2581 341 2307 342
14856 4 2 16 28 3449 172 164 1617
14857 4 2 16 28 3449 164 172 1606
14858 4 2 16 28 2524 3438 2583 244
14859 4 2 16 28 2524 2583 3438 2236
14860 4 2 16 28 13 2583 3438 244
14861 4 2 16 28 13 3438 2583 2236
14862 4 2 16 28 2607 626 2211 2520
14863 4 2 16 28 2607 2211 626 625
14864 4 2 16 28 719 2152 3196 3373
14865 4 2 16 28 530 2364 2541 2520
14866 4 2 16 28 530 2541 2364 529
14867 4 2 16 28 1589 1563 3490 109
14868 4 2 16 28 1589 3490 1563 2012
14869 4 2 16 28 601 602 1957 2586
14870 4 2 16 28 1957 602 601 2198
14871 4 2 16 28 2003 2123 1061 1060
14872 4 2 16 28 2003 1061 2123 2215
14873 4 2 16 28 1045 1061 2123 1060
14874 4 2 16 28 1045 2123 1061 2215
14875 4 2 16 28 2548 485 1278 486
14876 4 2 16 28 2320 2544 466 729
14877 4 2 16 28 2320 466 2544 2623
14878 4 2 16 28 728 466 2544 729
14879 4 2 16 28 3446 25 3458 162
14880 4 2 16 28 779 1475 3457 1974
14881 4 2 16 28 779 3457 1475 780
14882 4 2 16 28 891 3457 1475 1974
14883 4 2 16 28 891 1475 3457 780
14884 4 2 16 28 2695 545 2067 2232
14885 4 2 16 28 2067 545 2695 546
14886 4 2 16 28 1510 971 166 1622
14887 4 2 16 28 1047 971 166 2082
14888 4 2 16 28 1047 166 971 1622
14889 4 2 16 28 208 11 622 3452
14890 4 2 16 28 208 622 11 3528
14891 4 2 16 28 3453 622 11 3452
14892 4 2 16 28 3453 11 622 3528
14893 4 2 16 28 2446 2582 1295 2258
14894 4 2 16 28 2446 1295 2582 1415
14895 4 2 16 28 1416 1295 2582 2258
14896 4 2 16 28 1416 2582 1295 1415
14897 4 2 16 28 2406 2297 1420 2555
14898 4 2 16 28 2406 1420 2297 1261
14899 4 2 16 28 1419 1420 2297 2555
14900 4 2 16 28 1419 2297 1420 1261
14901 4 2 16 28 2641 681 2208 680
14902 4 2 16 28 2641 2208 681 2559
14903 4 2 16 28 2265 2700 462 695
14904 4 2 16 28 462 2700 2265 2701
14905 4 2 16 28 462 694 2265 695
14906 4 2 16 28 2265 694 462 2701
14907 4 2 16 28 3521 3338 651 650
14908 4 2 16 28 3521 651 3338 2227
14909 4 2 16 28 2077 112 3451 1556
14910 4 2 16 28 2077 3451 112 3475
14911 4 2 16 28 846 3451 112 1556
14912 4 2 16 28 846 112 3451 3475
14913 4 2 16 28 2317 2645 1373 2680
14914 4 2 16 28 2317 1373 2645 1374
14915 4 2 16 28 1279 1373 2645 2680
14916 4 2 16 28 1279 2645 1373 1374
14917 4 2 16 28 2686 363 2585 2540
14918 4 2 16 28 2686 2585 363 362
14919 4 2 16 28 2647 2269 2194 2648
14920 4 2 16 28 2647 2194 2269 672
14921 4 2 16 28 3119 831 3 3116
14922 4 2 16 28 2675 2674 2028 2438
14923 4 2 16 28 484 2627 2303 485
14924 4 2 16 28 484 2303 2627 2626
14925 4 2 16 28 3540 605 2188 604
14926 4 2 16 28 3540 2188 605 2056
14927 4 2 16 28 2579 2578 367 2400
14928 4 2 16 28 2579 367 2578 366
14929 4 2 16 28 2527 2283 1256 2676
14930 4 2 16 28 2527 1256 2283 1434
14931 4 2 16 28 444 1256 2283 2676
14932 4 2 16 28 444 2283 1256 1434
14933 4 2 16 28 2355 257 2677 2240
14934 4 2 16 28 2355 2677 257 1359
14935 4 2 16 28 1284 2677 257 2240
14936 4 2 16 28 1284 257 2677 1359
14937 4 2 16 28 2215 973 1044 1045
14938 4 2 16 28 1625 1044 973 1045
14939 4 2 16 28 1625 973 1044 1513
14940 4 2 16 28 90 2135 2031 92
14941 4 2 16 28 90 2031 2135 2116
14942 4 2 16 28 539 3515 3580 2162
14943 4 2 16 28 3580 3515 539 538
14944 4 2 16 28 717 2681 2040 716
14945 4 2 16 28 717 2040 2681 2467
14946 4 2 16 28 3174 8 3442 1226
14947 4 2 16 28 3174 3442 8 3518
14948 4 2 16 28 3504 240 3442 1226
14949 4 2 16 28 3504 3442 240 3518
14950 4 2 16 28 240 3174 3442 1226
14951 4 2 16 28 240 3442 3174 3518
14952 4 2 16 28 989 988 942 2083
14953 4 2 16 28 989 942 988 1494
14954 4 2 16 28 1584 988 942 1494
14955 4 2 16 28 217 3492 218 2098
14956 4 2 16 28 2654 499 82 762
14957 4 2 16 28 1994 540 3533 2162
14958 4 2 16 28 1994 3533 540 541
14959 4 2 16 28 2049 890 2179 2216
14960 4 2 16 28 889 2179 890 2216
14961 4 2 16 28 889 890 2179 1461
14962 4 2 16 28 1976 637 2204 638
14963 4 2 16 28 1976 2204 637 3582
14964 4 2 16 28 3208 2204 637 638
14965 4 2 16 28 1988 2125 3495 88
14966 4 2 16 28 1988 3495 2125 2172
14967 4 2 16 28 3573 1223 2532 2589
14968 4 2 16 28 3573 2532 1223 3183
14969 4 2 16 28 2403 426 2500 2670
14970 4 2 16 28 2403 2500 426 427
14971 4 2 16 28 2060 83 3375 2163
14972 4 2 16 28 2060 3375 83 727
14973 4 2 16 28 121 2217 1974 891
14974 4 2 16 28 121 1974 2217 2049
14975 4 2 16 28 279 2184 2374 278
14976 4 2 16 28 279 2374 2184 2145
14977 4 2 16 28 680 3512 2208 2122
14978 4 2 16 28 2208 3512 680 681
14979 4 2 16 28 1286 271 2247 2666
14980 4 2 16 28 1286 2247 271 1409
14981 4 2 16 28 2483 2247 271 2666
14982 4 2 16 28 2483 271 2247 1409
14983 4 2 16 28 562 2150 2539 561
14984 4 2 16 28 2038 2150 2539 2233
14985 4 2 16 28 2038 2539 2150 561
14986 4 2 16 28 2242 2414 1395 360
14987 4 2 16 28 2242 1395 2414 2685
14988 4 2 16 28 3578 1220 2353 3179
14989 4 2 16 28 3578 2353 1220 2431
14990 4 2 16 28 1221 2353 1220 3179
14991 4 2 16 28 1221 1220 2353 2431
14992 4 2 16 28 2552 2398 1329 2600
14993 4 2 16 28 2552 1329 2398 1255
14994 4 2 16 28 1028 3557 1020 1029
14995 4 2 16 28 1020 3557 1028 3501
14996 4 2 16 28 3454 236 3440 3170
14997 4 2 16 28 3454 3440 236 1979
14998 4 2 16 28 237 3440 236 3170
14999 4 2 16 28 237 236 3440 1979
15000 4 2 16 28 2582 1288 525 2254
15001 4 2 16 28 525 1288 2582 1416
15002 4 2 16 28 525 2664 2582 2254
15003 4 2 16 28 2582 2664 525 1416
15004 4 2 16 28 2576 307 2276 2643
15005 4 2 16 28 2576 2276 307 1314
15006 4 2 16 28 1304 2276 307 2643
15007 4 2 16 28 1304 307 2276 1314
15008 4 2 16 28 478 2464 1340 477
15009 4 2 16 28 478 1340 2464 2525
15010 4 2 16 28 2358 1340 2464 477
15011 4 2 16 28 2358 2464 1340 2525
15012 4 2 16 28 2576 277 2234 1320
15013 4 2 16 28 2576 2234 277 2687
15014 4 2 16 28 1307 2234 277 1320
15015 4 2 16 28 1307 277 2234 2687
15016 4 2 16 28 2634 2024 547 548
15017 4 2 16 28 2634 547 2024 2067
15018 4 2 16 28 455 2621 2375 2620
15019 4 2 16 28 455 2375 2621 454
15020 4 2 16 28 101 22 3444 814
15021 4 2 16 28 101 3444 22 1232
15022 4 2 16 28 2027 2072 2384 2071
15023 4 2 16 28 2027 2384 2072 3524
15024 4 2 16 28 2388 2384 2072 2071
15025 4 2 16 28 2388 2072 2384 3524
15026 4 2 16 28 2547 2158 661 662
15027 4 2 16 28 1279 325 2294 324
15028 4 2 16 28 1279 2294 325 2680
15029 4 2 16 28 2519 2294 325 324
15030 4 2 16 28 2519 325 2294 2680
15031 4 2 16 28 3363 2197 2017 3197
15032 4 2 16 28 3363 2017 2197 2198
15033 4 2 16 28 3471 2021 2003 2086
15034 4 2 16 28 3471 2003 2021 3449
15035 4 2 16 28 3506 75 563 564
15036 4 2 16 28 3506 563 75 2181
15037 4 2 16 28 2442 291 263 292
15038 4 2 16 28 247 27 3462 113
15039 4 2 16 28 247 3462 27 1240
15040 4 2 16 28 754 2201 2173 2026
15041 4 2 16 28 754 2173 2201 755
15042 4 2 16 28 2634 2067 2252 2488
15043 4 2 16 28 2634 2252 2067 2024
15044 4 2 16 28 3539 3341 282 3229
15045 4 2 16 28 3539 282 3341 2205
15046 4 2 16 28 1224 1223 3440 3169
15047 4 2 16 28 1224 3440 1223 2399
15048 4 2 16 28 559 3537 2159 558
15049 4 2 16 28 2159 3537 559 2038
15050 4 2 16 28 2529 2587 318 1342
15051 4 2 16 28 2529 318 2587 2378
15052 4 2 16 28 1274 318 2587 1342
15053 4 2 16 28 1274 2587 318 2378
15054 4 2 16 28 1203 1204 3455 2437
15055 4 2 16 28 1203 3455 1204 3137
15056 4 2 16 28 3535 22 3444 14
15057 4 2 16 28 3535 3444 22 814
15058 4 2 16 28 2267 2399 3572 2589
15059 4 2 16 28 2267 3572 2399 3569
15060 4 2 16 28 2179 3523 1464 773
15061 4 2 16 28 2179 1464 3523 3522
15062 4 2 16 28 772 1464 3523 773
15063 4 2 16 28 772 3523 1464 3522
15064 4 2 16 28 22 3535 3465 14
15065 4 2 16 28 3465 3535 22 102
15066 4 2 16 28 2519 2502 2209 2332
15067 4 2 16 28 2209 2502 2519 552
15068 4 2 16 28 2209 1959 2519 2332
15069 4 2 16 28 2519 1959 2209 552
15070 4 2 16 28 2027 294 2194 2161
15071 4 2 16 28 2194 294 2027 295
15072 4 2 16 28 1204 1205 3455 2436
15073 4 2 16 28 1204 3455 1205 3141
15074 4 2 16 28 584 2085 2498 2029
15075 4 2 16 28 584 2498 2085 585
15076 4 2 16 28 586 2498 357 585
15077 4 2 16 28 2119 910 909 1977
15078 4 2 16 28 909 910 2119 1527
15079 4 2 16 28 3521 649 3231 650
15080 4 2 16 28 3231 649 3521 2070
15081 4 2 16 28 3231 3338 3521 650
15082 4 2 16 28 3521 3338 3231 2070
15083 4 2 16 28 3196 720 2152 719
15084 4 2 16 28 3196 2152 720 2189
15085 4 2 16 28 2040 2152 720 719
15086 4 2 16 28 2040 720 2152 2189
15087 4 2 16 28 270 298 2384 2608
15088 4 2 16 28 270 2384 298 299
15089 4 2 16 28 3278 2204 637 3208
15090 4 2 16 28 3278 637 2204 3582
15091 4 2 16 28 353 2507 1276 2671
15092 4 2 16 28 353 1276 2507 1338
15093 4 2 16 28 2313 1276 2507 2671
15094 4 2 16 28 2313 2507 1276 1338
15095 4 2 16 28 1021 3501 1022 852
15096 4 2 16 28 1021 1022 3501 3481
15097 4 2 16 28 851 1022 3501 852
15098 4 2 16 28 851 3501 1022 3481
15099 4 2 16 28 3338 2070 2038 3231
15100 4 2 16 28 3338 2038 2070 2227
15101 4 2 16 28 2509 2615 2223 568
15102 4 2 16 28 2509 2223 2615 2359
15103 4 2 16 28 1489 2190 782 898
15104 4 2 16 28 1489 782 2190 3520
15105 4 2 16 28 1490 782 2190 898
15106 4 2 16 28 1490 2190 782 3520
15107 4 2 16 28 3487 874 2614 782
15108 4 2 16 28 3487 2614 874 3488
15109 4 2 16 28 3454 1221 3452 3176
15110 4 2 16 28 3454 3452 1221 2431
15111 4 2 16 28 1220 3452 1221 3176
15112 4 2 16 28 1220 1221 3452 2431
15113 4 2 16 28 2578 2344 1311 2613
15114 4 2 16 28 2578 1311 2344 1433
15115 4 2 16 28 716 2182 717 3242
15116 4 2 16 28 716 717 2182 2040
15117 4 2 16 28 3367 717 2182 3242
15118 4 2 16 28 3367 2182 717 2040
15119 4 2 16 28 2528 3515 2638 1960
15120 4 2 16 28 2528 2638 3515 538
15121 4 2 16 28 539 2638 3515 1960
15122 4 2 16 28 539 3515 2638 538
15123 4 2 16 28 3486 108 105 3464
15124 4 2 16 28 3486 105 108 829
15125 4 2 16 28 498 2299 760 761
15126 4 2 16 28 442 1310 2283 443
15127 4 2 16 28 2283 2682 442 443
15128 4 2 16 28 442 2682 2283 2490
15129 4 2 16 28 2223 2615 2581 569
15130 4 2 16 28 2223 2581 2615 2359
15131 4 2 16 28 2160 2622 703 704
15132 4 2 16 28 703 2622 2160 2375
15133 4 2 16 28 2034 2117 993 938
15134 4 2 16 28 2034 993 2117 2226
15135 4 2 16 28 939 993 2117 938
15136 4 2 16 28 939 2117 993 2226
15137 4 2 16 28 526 2258 2609 527
15138 4 2 16 28 526 2609 2258 2664
15139 4 2 16 28 2427 2287 424 1321
15140 4 2 16 28 2427 424 2287 2661
15141 4 2 16 28 425 424 2287 1321
15142 4 2 16 28 425 2287 424 2661
15143 4 2 16 28 2095 3530 1518 801
15144 4 2 16 28 2095 1518 3530 3467
15145 4 2 16 28 802 1518 3530 801
15146 4 2 16 28 802 3530 1518 3467
15147 4 2 16 28 9 49 50 46
15148 4 2 16 28 50 49 9 149
15149 4 2 16 28 3543 2308 3561 3522
15150 4 2 16 28 3543 3561 2308 3470
15151 4 2 16 28 2204 3582 3279 3278
15152 4 2 16 28 2204 3279 3582 3581
15153 4 2 16 28 3280 3279 3582 3278
15154 4 2 16 28 3280 3582 3279 3581
15155 4 2 16 28 2538 2539 2038 560
15156 4 2 16 28 2038 2539 2538 2233
15157 4 2 16 28 2505 2501 1252 2383
15158 4 2 16 28 2505 1252 2501 1440
15159 4 2 16 28 430 2501 1252 1440
15160 4 2 16 28 5 1987 3109 4
15161 4 2 16 28 5 3109 1987 3567
15162 4 2 16 28 2515 438 718 719
15163 4 2 16 28 2163 689 3198 1964
15164 4 2 16 28 3198 689 2163 690
15165 4 2 16 28 3212 3330 3508 2108
15166 4 2 16 28 3212 3508 3330 3329
15167 4 2 16 28 1958 3508 3330 2108
15168 4 2 16 28 1958 3330 3508 3329
15169 4 2 16 28 3556 1015 858 1014
15170 4 2 16 28 3556 858 1015 3479
15171 4 2 16 28 3505 874 2614 3488
15172 4 2 16 28 3505 2614 874 781
15173 4 2 16 28 2510 2267 3568 2545
15174 4 2 16 28 2510 3568 2267 3569
15175 4 2 16 28 1199 3568 2267 2545
15176 4 2 16 28 1199 2267 3568 3569
15177 4 2 16 28 3455 219 1205 3141
15178 4 2 16 28 3455 1205 219 3456
15179 4 2 16 28 2088 2174 3323 1958
15180 4 2 16 28 2088 3323 2174 578
15181 4 2 16 28 577 3323 2174 1958
15182 4 2 16 28 577 2174 3323 578
15183 4 2 16 28 3489 2248 2557 2475
15184 4 2 16 28 912 911 2118 2045
15185 4 2 16 28 2118 911 912 3482
15186 4 2 16 28 3292 2161 674 2194
15187 4 2 16 28 3292 674 2161 3203
15188 4 2 16 28 2028 674 2161 2194
15189 4 2 16 28 2028 2161 674 3203
15190 4 2 16 28 1212 1211 3167 3151
15191 4 2 16 28 3573 1202 2437 3159
15192 4 2 16 28 3573 2437 1202 3547
15193 4 2 16 28 2637 2629 2060 724
15194 4 2 16 28 2637 2060 2629 2496
15195 4 2 16 28 126 1971 1516 98
15196 4 2 16 28 273 2336 1292 2483
15197 4 2 16 28 273 1292 2336 1397
15198 4 2 16 28 2416 1292 2336 2483
15199 4 2 16 28 2416 2336 1292 1397
15200 4 2 16 28 922 923 3559 1538
15201 4 2 16 28 922 3559 923 2100
15202 4 2 16 28 1275 410 2318 2646
15203 4 2 16 28 1275 2318 410 1352
15204 4 2 16 28 2314 497 496 1315
15205 4 2 16 28 2314 496 497 2455
15206 4 2 16 28 2573 2369 264 2572
15207 4 2 16 28 2573 264 2369 263
15208 4 2 16 28 1450 2063 134 2195
15209 4 2 16 28 1450 134 2063 947
15210 4 2 16 28 2218 134 2063 2195
15211 4 2 16 28 2103 2488 2209 2067
15212 4 2 16 28 2103 2209 2488 2450
15213 4 2 16 28 652 2567 504 653
15214 4 2 16 28 646 1999 3536 645
15215 4 2 16 28 646 3536 1999 2070
15216 4 2 16 28 2104 3536 1999 645
15217 4 2 16 28 2104 1999 3536 2070
15218 4 2 16 28 797 3554 2166 3482
15219 4 2 16 28 797 2166 3554 3517
15220 4 2 16 28 2001 2166 3554 3482
15221 4 2 16 28 2001 3554 2166 3517
15222 4 2 16 28 2126 708 2220 1980
15223 4 2 16 28 2220 708 2126 709
15224 4 2 16 28 3514 3276 3216 3277
15225 4 2 16 28 3514 3216 3276 3513
15226 4 2 16 28 2335 2513 2192 2514
15227 4 2 16 28 2335 2192 2513 84
15228 4 2 16 28 3558 288 3211 2122
15229 4 2 16 28 3558 3211 288 289
15230 4 2 16 28 3519 1967 123 2079
15231 4 2 16 28 123 1967 3519 95
15232 4 2 16 28 123 1485 3519 2079
15233 4 2 16 28 3519 1485 123 95
15234 4 2 16 28 653 2061 2181 2227
15235 4 2 16 28 653 2181 2061 654
15236 4 2 16 28 3438 3502 2236 13
15237 4 2 16 28 3438 2236 3502 3476
15238 4 2 16 28 3465 2236 3502 13
15239 4 2 16 28 3465 3502 2236 3476
15240 4 2 16 28 3506 75 3253 1963
15241 4 2 16 28 3506 3253 75 564
15242 4 2 16 28 1404 1297 2512 2556
15243 4 2 16 28 2512 1297 1404 492
15244 4 2 16 28 3497 3551 169 2168
15245 4 2 16 28 3497 169 3551 161
15246 4 2 16 28 1642 169 3551 2168
15247 4 2 16 28 1642 3551 169 161
15248 4 2 16 28 506 1300 2479 1400
15249 4 2 16 28 506 2479 1300 2639
15250 4 2 16 28 2306 2479 1300 1400
15251 4 2 16 28 2306 1300 2479 2639
15252 4 2 16 28 2017 3201 702 3372
15253 4 2 16 28 2017 702 3201 2160
15254 4 2 16 28 2524 244 15 20
15255 4 2 16 28 2524 15 244 2583
15256 4 2 16 28 3438 2209 2332 1975
15257 4 2 16 28 3438 2332 2209 2450
15258 4 2 16 28 2486 2616 406 669
15259 4 2 16 28 406 2616 2486 2391
15260 4 2 16 28 406 670 2486 669
15261 4 2 16 28 3509 3309 3212 3310
15262 4 2 16 28 3509 3212 3309 3508
15263 4 2 16 28 1996 3370 620 2182
15264 4 2 16 28 620 3370 1996 3245
15265 4 2 16 28 620 621 1996 2182
15266 4 2 16 28 1996 621 620 3245
15267 4 2 16 28 2318 2647 411 2672
15268 4 2 16 28 411 1269 2318 2672
15269 4 2 16 28 2318 1269 411 1352
15270 4 2 16 28 2021 3471 1956 2086
15271 4 2 16 28 2021 1956 3471 2434
15272 4 2 16 28 2229 1956 3471 2086
15273 4 2 16 28 2229 3471 1956 2434
15274 4 2 16 28 3524 2608 297 2027
15275 4 2 16 28 3524 297 2608 298
15276 4 2 16 28 314 2504 541 542
15277 4 2 16 28 262 2503 263 2369
15278 4 2 16 28 262 263 2503 291
15279 4 2 16 28 2442 263 2503 2369
15280 4 2 16 28 2442 2503 263 291
15281 4 2 16 28 1280 2472 407 1336
15282 4 2 16 28 3556 1033 1015 1014
15283 4 2 16 28 3556 1015 1033 2698
15284 4 2 16 28 760 497 2299 498
15285 4 2 16 28 760 2299 497 2455
15286 4 2 16 28 2668 2299 497 498
15287 4 2 16 28 2668 497 2299 2455
15288 4 2 16 28 2116 885 1973 2135
15289 4 2 16 28 2116 1973 885 1000
15290 4 2 16 28 2476 2320 1253 2599
15291 4 2 16 28 2476 1253 2320 466
15292 4 2 16 28 467 1253 2320 2599
15293 4 2 16 28 467 2320 1253 466
15294 4 2 16 28 3480 2510 3447 2493
15295 4 2 16 28 3480 3447 2510 3442
15296 4 2 16 28 35 32 85 22
15297 4 2 16 28 35 85 32 36
15298 4 2 16 28 41 38 160 26
15299 4 2 16 28 41 160 38 42
15300 4 2 16 28 3466 1589 953 2012
15301 4 2 16 28 3466 953 1589 837
15302 4 2 16 28 868 867 151 227
15303 4 2 16 28 868 151 867 1500
15304 4 2 16 28 867 866 106 226
15305 4 2 16 28 867 106 866 1501
15306 4 2 16 28 3515 3317 3580 2059
15307 4 2 16 28 3515 3580 3317 537
15308 4 2 16 28 2198 602 2325 1957
15309 4 2 16 28 139 2138 2116 931
15310 4 2 16 28 139 2116 2138 2030
15311 4 2 16 28 3551 2424 2011 3475
15312 4 2 16 28 3551 2011 2424 3437
15313 4 2 16 28 935 2196 958 934
15314 4 2 16 28 935 958 2196 2224
15315 4 2 16 28 3509 749 2549 750
15316 4 2 16 28 3509 2549 749 2108
15317 4 2 16 28 3179 2353 1218 1221
15318 4 2 16 28 1218 2353 3179 3578
15319 4 2 16 28 2497 2498 358 586
15320 4 2 16 28 2497 358 2498 2396
15321 4 2 16 28 357 358 2498 586
15322 4 2 16 28 357 2498 358 2396
15323 4 2 16 28 1225 1224 3504 3171
15324 4 2 16 28 1225 3504 1224 2399
15325 4 2 16 28 3488 826 2407 837
15326 4 2 16 28 3488 2407 826 3487
15327 4 2 16 28 836 2407 826 837
15328 4 2 16 28 836 826 2407 3487
15329 4 2 16 28 2476 464 1253 1441
15330 4 2 16 28 2692 1263 1426 2537
15331 4 2 16 28 1426 1263 2692 437
15332 4 2 16 28 1426 2282 2692 2537
15333 4 2 16 28 2692 2282 1426 437
15334 4 2 16 28 711 1996 2389 712
15335 4 2 16 28 711 2389 1996 2220
15336 4 2 16 28 2589 3184 1216 1223
15337 4 2 16 28 2589 1216 3184 3575
15338 4 2 16 28 450 1311 2650 451
15339 4 2 16 28 450 2650 1311 2344
15340 4 2 16 28 310 537 2528 2655
15341 4 2 16 28 310 2528 537 538
15342 4 2 16 28 456 2620 2704 2322
15343 4 2 16 28 456 2704 2620 701
15344 4 2 16 28 3517 125 1523 2044
15345 4 2 16 28 3517 1523 125 97
15346 4 2 16 28 2546 2426 310 2250
15347 4 2 16 28 310 2426 2546 1301
15348 4 2 16 28 310 1405 2546 2250
15349 4 2 16 28 2546 1405 310 1301
15350 4 2 16 28 3579 64 3186 3284
15351 4 2 16 28 3579 3186 64 2184
15352 4 2 16 28 2624 407 2486 2391
15353 4 2 16 28 2624 2486 407 670
15354 4 2 16 28 406 2486 407 2391
15355 4 2 16 28 406 407 2486 670
15356 4 2 16 28 3546 1481 2129 3485
15357 4 2 16 28 3546 2129 1481 907
15358 4 2 16 28 1018 3477 856 855
15359 4 2 16 28 856 3477 1018 3474
15360 4 2 16 28 1311 452 2613 2650
15361 4 2 16 28 1311 2613 452 1431
15362 4 2 16 28 2323 2613 452 2650
15363 4 2 16 28 2323 452 2613 1431
15364 4 2 16 28 5 3453 3528 10
15365 4 2 16 28 5 3528 3453 3478
15366 4 2 16 28 3440 2119 2014 2139
15367 4 2 16 28 3440 2014 2119 96
15368 4 2 16 28 1603 869 1005 1006
15369 4 2 16 28 1005 869 1603 1503
15370 4 2 16 28 1008 1503 869 981
15371 4 2 16 28 869 1503 1008 1603
15372 4 2 16 28 1581 985 2063 946
15373 4 2 16 28 1581 2063 985 1502
15374 4 2 16 28 1581 865 831 1502
15375 4 2 16 28 1581 831 865 830
15376 4 2 16 28 1353 351 2404 1270
15377 4 2 16 28 1353 2404 351 2669
15378 4 2 16 28 290 1961 291 2503
15379 4 2 16 28 290 291 1961 3558
15380 4 2 16 28 3510 2644 2415 2683
15381 4 2 16 28 3510 2415 2644 3483
15382 4 2 16 28 216 3574 3534 3115
15383 4 2 16 28 3534 3574 216 2052
15384 4 2 16 28 2335 73 2544 84
15385 4 2 16 28 2335 2544 73 2432
15386 4 2 16 28 789 788 3546 239
15387 4 2 16 28 789 3546 788 1483
15388 4 2 16 28 791 790 3545 214
15389 4 2 16 28 791 3545 790 1484
15390 4 2 16 28 595 2571 368 596
15391 4 2 16 28 1301 2546 528 2364
15392 4 2 16 28 1301 528 2546 1406
15393 4 2 16 28 2609 528 2546 2364
15394 4 2 16 28 2609 2546 528 1406
15395 4 2 16 28 2261 1368 2618 2422
15396 4 2 16 28 2261 2618 1368 1289
15397 4 2 16 28 1367 2618 1368 2422
15398 4 2 16 28 1367 1368 2618 1289
15399 4 2 16 28 3490 1563 954 841
15400 4 2 16 28 3490 954 1563 2012
15401 4 2 16 28 2649 706 1980 707
15402 4 2 16 28 1980 706 2649 2345
15403 4 2 16 28 3551 1642 1025 161
15404 4 2 16 28 3551 1025 1642 3458
15405 4 2 16 28 2539 2441 2150 562
15406 4 2 16 28 2539 2150 2441 2233
15407 4 2 16 28 2584 2156 656 2061
15408 4 2 16 28 2584 656 2156 657
15409 4 2 16 28 2670 2068 689 2500
15410 4 2 16 28 2163 689 2068 2500
15411 4 2 16 28 2163 2068 689 1964
15412 4 2 16 28 793 3442 96 117
15413 4 2 16 28 96 3442 793 2347
15414 4 2 16 28 3576 215 2052 3545
15415 4 2 16 28 3576 2052 215 3114
15416 4 2 16 28 216 215 2052 3114
15417 4 2 16 28 3546 3131 229 238
15418 4 2 16 28 3546 229 3131 3576
15419 4 2 16 28 1202 1201 3441 3136
15420 4 2 16 28 1202 3441 1201 3547
15421 4 2 16 28 1480 789 225 790
15422 4 2 16 28 867 225 789 790
15423 4 2 16 28 867 789 225 228
15424 4 2 16 28 1281 476 2358 2691
15425 4 2 16 28 1281 2358 476 477
15426 4 2 16 28 2464 2358 476 2691
15427 4 2 16 28 2464 476 2358 477
15428 4 2 16 28 2293 395 2632 2688
15429 4 2 16 28 1254 395 2632 1439
15430 4 2 16 28 3564 2088 1969 3514
15431 4 2 16 28 3564 1969 2088 2107
15432 4 2 16 28 3187 2151 76 3199
15433 4 2 16 28 76 2151 3187 3532
15434 4 2 16 28 314 313 2504 2257
15435 4 2 16 28 314 2504 313 541
15436 4 2 16 28 2638 2504 313 2257
15437 4 2 16 28 2638 313 2504 541
15438 4 2 16 28 538 311 2638 539
15439 4 2 16 28 3553 1011 3565 862
15440 4 2 16 28 3553 3565 1011 3538
15441 4 2 16 28 2423 575 348 576
15442 4 2 16 28 348 2703 2423 576
15443 4 2 16 28 2423 2703 348 2516
15444 4 2 16 28 1966 2509 2223 2150
15445 4 2 16 28 2223 2509 1966 2359
15446 4 2 16 28 1046 973 972 2123
15447 4 2 16 28 1046 972 973 1512
15448 4 2 16 28 2419 2630 260 2370
15449 4 2 16 28 260 2630 2419 259
15450 4 2 16 28 2019 2448 2319 2363
15451 4 2 16 28 2019 2319 2448 2102
15452 4 2 16 28 439 2467 2515 718
15453 4 2 16 28 2515 2467 439 2466
15454 4 2 16 28 2515 438 439 718
15455 4 2 16 28 439 438 2515 2466
15456 4 2 16 28 2612 2176 2275 2208
15457 4 2 16 28 2612 2275 2176 2574
15458 4 2 16 28 757 495 2315 758
15459 4 2 16 28 2315 495 757 2569
15460 4 2 16 28 3558 292 1961 2161
15461 4 2 16 28 3558 1961 292 291
15462 4 2 16 28 2442 1961 292 2161
15463 4 2 16 28 2442 292 1961 291
15464 4 2 16 28 601 373 2244 600
15465 4 2 16 28 601 2244 373 2586
15466 4 2 16 28 372 2244 373 600
15467 4 2 16 28 104 3505 874 119
15468 4 2 16 28 874 3505 104 3488
15469 4 2 16 28 2019 3334 3234 734
15470 4 2 16 28 2019 3234 3334 3542
15471 4 2 16 28 2553 2327 1312 2636
15472 4 2 16 28 2553 1312 2327 70
15473 4 2 16 28 900 2190 2083 899
15474 4 2 16 28 900 2083 2190 2053
15475 4 2 16 28 305 2459 275 304
15476 4 2 16 28 2458 276 2459 275
15477 4 2 16 28 2458 2459 276 2298
15478 4 2 16 28 305 2459 276 275
15479 4 2 16 28 305 276 2459 2298
15480 4 2 16 28 1536 3516 925 809
15481 4 2 16 28 925 3516 1536 2084
15482 4 2 16 28 2499 687 425 688
15483 4 2 16 28 2499 2670 425 2661
15484 4 2 16 28 425 2670 2499 688
15485 4 2 16 28 3575 1202 3573 1209
15486 4 2 16 28 3575 3573 1202 3547
15487 4 2 16 28 1201 3575 3572 1210
15488 4 2 16 28 3572 3575 1201 3547
15489 4 2 16 28 2628 2330 481 2485
15490 4 2 16 28 481 744 2628 2485
15491 4 2 16 28 2628 744 481 745
15492 4 2 16 28 2477 2541 527 2609
15493 4 2 16 28 2477 527 2541 630
15494 4 2 16 28 629 2541 527 630
15495 4 2 16 28 2557 3550 3489 2475
15496 4 2 16 28 3489 3550 2557 3549
15497 4 2 16 28 2441 65 564 335
15498 4 2 16 28 2441 564 65 336
15499 4 2 16 28 725 431 2280 2637
15500 4 2 16 28 725 2280 431 726
15501 4 2 16 28 905 3545 2062 1484
15502 4 2 16 28 2062 3545 905 2167
15503 4 2 16 28 3491 2004 2086 3471
15504 4 2 16 28 3491 2086 2004 1989
15505 4 2 16 28 3549 3556 2248 805
15506 4 2 16 28 2248 3556 3549 2557
15507 4 2 16 28 2248 3489 3549 805
15508 4 2 16 28 3549 3489 2248 2557
15509 4 2 16 28 2478 1995 2260 2114
15510 4 2 16 28 2478 2260 1995 2477
15511 4 2 16 28 2499 2661 423 2271
15512 4 2 16 28 2499 423 2661 424
15513 4 2 16 28 2427 423 2661 2271
15514 4 2 16 28 2427 2661 423 424
15515 4 2 16 28 3485 1479 908 2014
15516 4 2 16 28 3485 908 1479 787
15517 4 2 16 28 370 1267 2591 2606
15518 4 2 16 28 370 2591 1267 371
15519 4 2 16 28 3539 2574 2612 2176
15520 4 2 16 28 3539 2612 2574 684
15521 4 2 16 28 1259 2366 461 2417
15522 4 2 16 28 1259 461 2366 460
15523 4 2 16 28 982 2170 152 1981
15524 4 2 16 28 982 152 2170 1007
15525 4 2 16 28 2083 900 987 2053
15526 4 2 16 28 2083 987 900 988
15527 4 2 16 28 696 2642 460 697
15528 4 2 16 28 696 460 2642 2700
15529 4 2 16 28 1252 431 2501 430
15530 4 2 16 28 1252 2501 431 2383
15531 4 2 16 28 2280 2501 431 430
15532 4 2 16 28 2280 431 2501 2383
15533 4 2 16 28 2013 2402 2255 2409
15534 4 2 16 28 2013 2255 2402 2159
15535 4 2 16 28 504 2567 505 2412
15536 4 2 16 28 504 505 2567 652
15537 4 2 16 28 2256 505 2567 2412
15538 4 2 16 28 2256 2567 505 652
15539 4 2 16 28 2101 1120 1119 1104
15540 4 2 16 28 1119 1120 2101 2319
15541 4 2 16 28 1119 1103 2101 1104
15542 4 2 16 28 3549 3556 3557 2557
15543 4 2 16 28 3557 3556 3549 854
15544 4 2 16 28 2534 1271 414 2268
15545 4 2 16 28 2534 414 1271 1390
15546 4 2 16 28 311 310 2638 2250
15547 4 2 16 28 311 2638 310 538
15548 4 2 16 28 2528 2638 310 2250
15549 4 2 16 28 2528 310 2638 538
15550 4 2 16 28 2579 593 3456 594
15551 4 2 16 28 2579 3456 593 2239
15552 4 2 16 28 71 2632 534 2633
15553 4 2 16 28 71 534 2632 1439
15554 4 2 16 28 2289 690 2163 2500
15555 4 2 16 28 2289 2163 690 691
15556 4 2 16 28 3461 1066 2136 1607
15557 4 2 16 28 3461 2136 1066 2143
15558 4 2 16 28 3458 1054 170 1641
15559 4 2 16 28 3458 170 1054 2168
15560 4 2 16 28 2632 2405 395 1254
15561 4 2 16 28 2632 395 2405 2688
15562 4 2 16 28 396 395 2405 1254
15563 4 2 16 28 396 2405 395 2688
15564 4 2 16 28 697 2619 2193 2642
15565 4 2 16 28 697 2193 2619 698
15566 4 2 16 28 766 3502 3465 3476
15567 4 2 16 28 1020 3549 852 853
15568 4 2 16 28 852 3549 1020 3501
15569 4 2 16 28 2281 2511 61 2690
15570 4 2 16 28 2281 61 2511 1349
15571 4 2 16 28 382 61 2511 2690
15572 4 2 16 28 382 2511 61 1349
15573 4 2 16 28 1415 2257 1288 2582
15574 4 2 16 28 1415 1288 2257 313
15575 4 2 16 28 3556 3544 98 799
15576 4 2 16 28 3556 98 3544 2248
15577 4 2 16 28 3502 88 767 1447
15578 4 2 16 28 3502 767 88 2125
15579 4 2 16 28 2288 1113 2275 2065
15580 4 2 16 28 2288 2275 1113 1129
15581 4 2 16 28 1520 3467 916 1978
15582 4 2 16 28 916 3467 1520 803
15583 4 2 16 28 3561 881 818 882
15584 4 2 16 28 818 817 3561 882
15585 4 2 16 28 3561 817 818 3552
15586 4 2 16 28 583 356 2249 584
15587 4 2 16 28 585 2498 356 584
15588 4 2 16 28 356 2249 2498 2508
15589 4 2 16 28 356 2498 2249 584
15590 4 2 16 28 3441 3562 95 792
15591 4 2 16 28 3441 95 3562 3445
15592 4 2 16 28 118 95 3562 792
15593 4 2 16 28 118 3562 95 3445
15594 4 2 16 28 886 3543 2135 1462
15595 4 2 16 28 2135 3543 886 2106
15596 4 2 16 28 3449 1063 172 2042
15597 4 2 16 28 3449 172 1063 1606
15598 4 2 16 28 1435 1312 2553 381
15599 4 2 16 28 463 2513 2476 2334
15600 4 2 16 28 2476 2513 463 464
15601 4 2 16 28 2476 1253 463 2334
15602 4 2 16 28 463 1253 2476 464
15603 4 2 16 28 924 923 3559 2100
15604 4 2 16 28 924 3559 923 1535
15605 4 2 16 28 2571 367 368 2400
15606 4 2 16 28 2571 368 367 595
15607 4 2 16 28 493 755 2569 2512
15608 4 2 16 28 493 2569 755 756
15609 4 2 16 28 342 1291 2580 343
15610 4 2 16 28 2580 1291 342 2307
15611 4 2 16 28 2580 2581 342 343
15612 4 2 16 28 342 2581 2580 2307
15613 4 2 16 28 2472 2391 1280 407
15614 4 2 16 28 2472 1280 2391 2492
15615 4 2 16 28 406 1280 2391 407
15616 4 2 16 28 406 2391 1280 2492
15617 4 2 16 28 974 1043 1044 1627
15618 4 2 16 28 974 1044 1043 2171
15619 4 2 16 28 864 3565 1009 863
15620 4 2 16 28 864 1009 3565 3480
15621 4 2 16 28 1010 1009 3565 863
15622 4 2 16 28 1010 3565 1009 3480
15623 4 2 16 28 436 2537 1261 2406
15624 4 2 16 28 436 1261 2537 1426
15625 4 2 16 28 3490 954 955 1565
15626 4 2 16 28 3490 955 954 2012
15627 4 2 16 28 2154 1131 2000 1115
15628 4 2 16 28 2154 2000 1131 2286
15629 4 2 16 28 2128 2000 1131 1115
15630 4 2 16 28 130 90 764 1445
15631 4 2 16 28 130 764 90 2116
15632 4 2 16 28 390 1309 2449 1429
15633 4 2 16 28 390 2449 1309 2351
15634 4 2 16 28 367 1311 2578 366
15635 4 2 16 28 367 2578 1311 2613
15636 4 2 16 28 3522 1463 887 771
15637 4 2 16 28 3522 887 1463 2106
15638 4 2 16 28 765 3465 3502 21
15639 4 2 16 28 3502 3465 765 766
15640 4 2 16 28 2544 2102 2151 2448
15641 4 2 16 28 2544 2151 2102 2018
15642 4 2 16 28 2076 2172 928 128
15643 4 2 16 28 2076 928 2172 2057
15644 4 2 16 28 1531 928 2172 128
15645 4 2 16 28 1531 2172 928 2057
15646 4 2 16 28 742 2525 743 479
15647 4 2 16 28 480 743 2525 479
15648 4 2 16 28 480 2525 743 2485
15649 4 2 16 28 2498 357 356 2508
15650 4 2 16 28 2498 356 357 585
15651 4 2 16 28 2192 693 694 2513
15652 4 2 16 28 694 693 2192 3532
15653 4 2 16 28 609 2625 622 381
15654 4 2 16 28 394 2625 622 2352
15655 4 2 16 28 2178 937 2034 994
15656 4 2 16 28 2034 937 2178 2221
15657 4 2 16 28 2032 1120 2107 1104
15658 4 2 16 28 2032 2107 1120 2331
15659 4 2 16 28 3543 1463 886 2106
15660 4 2 16 28 3543 886 1463 770
15661 4 2 16 28 2547 2684 2158 2339
15662 4 2 16 28 2547 2158 2684 661
15663 4 2 16 28 660 2684 2158 661
15664 4 2 16 28 1290 255 2462 1413
15665 4 2 16 28 1290 2462 255 2355
15666 4 2 16 28 253 2272 282 254
15667 4 2 16 28 253 282 2272 2536
15668 4 2 16 28 283 282 2272 254
15669 4 2 16 28 2317 512 2251 2379
15670 4 2 16 28 2317 2251 512 513
15671 4 2 16 28 644 2251 512 2379
15672 4 2 16 28 644 512 2251 513
15673 4 2 16 28 929 128 2172 1988
15674 4 2 16 28 2172 128 929 1552
15675 4 2 16 28 2172 3495 929 1988
15676 4 2 16 28 929 3495 2172 1552
15677 4 2 16 28 2281 1252 2403 1264
15678 4 2 16 28 2403 1252 2281 2505
15679 4 2 16 28 74 2654 499 82
15680 4 2 16 28 499 2654 74 2653
15681 4 2 16 28 2541 528 527 2609
15682 4 2 16 28 2541 527 528 629
15683 4 2 16 28 936 2225 2221 957
15684 4 2 16 28 2221 2225 936 2046
15685 4 2 16 28 2619 459 697 698
15686 4 2 16 28 3511 2699 2563 3439
15687 4 2 16 28 3511 2563 2699 3446
15688 4 2 16 28 867 3566 152 151
15689 4 2 16 28 3566 134 867 152
15690 4 2 16 28 3566 867 134 106
15691 4 2 16 28 2399 3575 3184 1224
15692 4 2 16 28 3184 3575 2399 2589
15693 4 2 16 28 425 424 2499 2661
15694 4 2 16 28 425 2499 424 687
15695 4 2 16 28 2293 2542 2015 658
15696 4 2 16 28 2293 2015 2542 2543
15697 4 2 16 28 2548 2312 485 2627
15698 4 2 16 28 2548 485 2312 1278
15699 4 2 16 28 1392 485 2312 2627
15700 4 2 16 28 1392 2312 485 1278
15701 4 2 16 28 2653 499 2398 1442
15702 4 2 16 28 2653 2398 499 2668
15703 4 2 16 28 1255 2398 499 1442
15704 4 2 16 28 1255 499 2398 2668
15705 4 2 16 28 1116 2333 2292 1132
15706 4 2 16 28 1116 2292 2333 2127
15707 4 2 16 28 185 2155 1103 181
15708 4 2 16 28 185 1103 2155 2329
15709 4 2 16 28 3509 2141 3299 2026
15710 4 2 16 28 3509 3299 2141 3508
15711 4 2 16 28 355 2249 356 2508
15712 4 2 16 28 355 356 2249 583
15713 4 2 16 28 1116 2346 2333 1132
15714 4 2 16 28 1116 2333 2346 2075
15715 4 2 16 28 2037 2474 2289 2163
15716 4 2 16 28 2289 2474 2037 2473
15717 4 2 16 28 2289 83 2037 2163
15718 4 2 16 28 2037 83 2289 2473
15719 4 2 16 28 2215 973 2123 2033
15720 4 2 16 28 2215 2123 973 1045
15721 4 2 16 28 2368 2091 2704 2367
15722 4 2 16 28 2368 2704 2091 2115
15723 4 2 16 28 2193 2704 2091 2367
15724 4 2 16 28 2193 2091 2704 2115
15725 4 2 16 28 1112 2266 2410 1128
15726 4 2 16 28 2410 2266 1112 2133
15727 4 2 16 28 2568 1108 2144 1124
15728 4 2 16 28 2568 2144 1108 1998
15729 4 2 16 28 183 2390 2482 2097
15730 4 2 16 28 2482 2390 183 187
15731 4 2 16 28 1109 2260 1126 2132
15732 4 2 16 28 1109 1126 2260 1125
15733 4 2 16 28 2224 996 131 2183
15734 4 2 16 28 131 996 2224 935
15735 4 2 16 28 460 459 2619 2366
15736 4 2 16 28 2619 459 460 697
15737 4 2 16 28 2619 2642 460 2366
15738 4 2 16 28 460 2642 2619 697
15739 4 2 16 28 2335 2192 2155 2514
15740 4 2 16 28 2335 2155 2192 2018
15741 4 2 16 28 2522 2081 1972 2338
15742 4 2 16 28 2522 1972 2081 2207
15743 4 2 16 28 2654 2069 2452 2605
15744 4 2 16 28 2654 2452 2069 2156
15745 4 2 16 28 2055 2069 2452 2156
15746 4 2 16 28 3459 949 136 1593
15747 4 2 16 28 3459 136 949 2146
15748 4 2 16 28 100 2172 1552 128
15749 4 2 16 28 1552 2172 100 3495
15750 4 2 16 28 2553 622 2625 381
15751 4 2 16 28 2553 2625 622 394
15752 4 2 16 28 1213 2510 3178 1226
15753 4 2 16 28 1213 3178 2510 3568
15754 4 2 16 28 3459 3464 3 833
15755 4 2 16 28 3 3464 3459 3448
15756 4 2 16 28 348 347 2423 2516
15757 4 2 16 28 348 2423 347 575
15758 4 2 16 28 57 6 60 53
15759 4 2 16 28 56 60 6 53
15760 4 2 16 28 47 9 50 46
15761 4 2 16 28 2433 259 2693 2630
15762 4 2 16 28 2433 2693 259 288
15763 4 2 16 28 287 259 2693 288
15764 4 2 16 28 129 929 86 1988
15765 4 2 16 28 86 929 129 1551
15766 4 2 16 28 2066 2559 2275 2208
15767 4 2 16 28 2275 2559 2066 2270
15768 4 2 16 28 3562 2267 1199 1200
15769 4 2 16 28 3562 1199 2267 3445
15770 4 2 16 28 3576 2167 3545 2052
15771 4 2 16 28 3576 3545 2167 3493
15772 4 2 16 28 60 107 6 57
15773 4 2 16 28 50 151 47 51
15774 4 2 16 28 391 1432 2526 2351
15775 4 2 16 28 2526 1432 391 392
15776 4 2 16 28 2526 2354 391 2351
15777 4 2 16 28 391 2354 2526 392
15778 4 2 16 28 1131 2348 2037 1115
15779 4 2 16 28 2037 2348 1131 2635
15780 4 2 16 28 2037 2128 1131 1115
15781 4 2 16 28 1131 2128 2037 2635
15782 4 2 16 28 258 259 2693 287
15783 4 2 16 28 2693 259 258 2630
15784 4 2 16 28 746 2628 482 745
15785 4 2 16 28 481 2628 482 2330
15786 4 2 16 28 481 482 2628 745
15787 4 2 16 28 465 466 2544 728
15788 4 2 16 28 2544 466 465 2623
15789 4 2 16 28 2544 84 465 728
15790 4 2 16 28 869 240 788 868
15791 4 2 16 28 239 788 240 868
15792 4 2 16 28 2401 368 2323 2400
15793 4 2 16 28 2401 2323 368 369
15794 4 2 16 28 2421 2416 1397 2336
15795 4 2 16 28 2421 1397 2416 1398
15796 4 2 16 28 2324 449 2565 2649
15797 4 2 16 28 2324 2565 449 448
15798 4 2 16 28 901 900 1983 2053
15799 4 2 16 28 901 1983 900 1491
15800 4 2 16 28 1339 354 2358 2507
15801 4 2 16 28 1339 2358 354 355
15802 4 2 16 28 2249 2358 354 2507
15803 4 2 16 28 2249 354 2358 355
15804 4 2 16 28 2313 2358 1338 1337
15805 4 2 16 28 2313 1338 2358 2507
15806 4 2 16 28 350 2309 1270 1383
15807 4 2 16 28 2387 2309 1270 2404
15808 4 2 16 28 2387 1270 2309 1383
15809 4 2 16 28 1396 2362 1395 2685
15810 4 2 16 28 1396 1395 2362 1293
15811 4 2 16 28 2414 1395 2362 2685
15812 4 2 16 28 2414 2362 1395 1293
15813 4 2 16 28 2427 1321 2456 2287
15814 4 2 16 28 2427 2456 1321 1322
15815 4 2 16 28 1323 2456 1321 2287
15816 4 2 16 28 1323 1321 2456 1322
15817 4 2 16 28 1605 1990 169 1054
15818 4 2 16 28 1605 169 1990 2076
15819 4 2 16 28 2168 169 1990 1054
15820 4 2 16 28 2168 1990 169 2076
15821 4 2 16 28 876 1569 877 823
15822 4 2 16 28 876 877 1569 1468
15823 4 2 16 28 1455 998 934 1576
15824 4 2 16 28 933 998 934 2196
15825 4 2 16 28 933 934 998 1576
15826 4 2 16 28 1333 2560 1335 2472
15827 4 2 16 28 1333 1335 2560 1334
15828 4 2 16 28 1409 2416 2247 2483
15829 4 2 16 28 1409 2247 2416 1410
15830 4 2 16 28 922 921 3559 2016
15831 4 2 16 28 922 3559 921 1537
15832 4 2 16 28 3489 921 3559 1537
15833 4 2 16 28 966 142 167 2165
15834 4 2 16 28 966 167 142 1541
15835 4 2 16 28 977 1042 1041 2002
15836 4 2 16 28 977 1041 1042 1616
15837 4 2 16 28 228 3151 227 3167
15838 4 2 16 28 12 240 3124 1005
15839 4 2 16 28 831 55 3 3116
15840 4 2 16 28 831 3 55 213
15841 4 2 16 28 214 215 3484 3138
15842 4 2 16 28 3484 215 214 3545
15843 4 2 16 28 238 239 3485 3171
15844 4 2 16 28 3485 239 238 3546
15845 4 2 16 28 227 9 226 3566
15846 4 2 16 28 6 9 226 3149
15847 4 2 16 28 6 226 9 3566
15848 4 2 16 28 2499 2068 688 2670
15849 4 2 16 28 689 2068 688 1964
15850 4 2 16 28 689 688 2068 2670
15851 4 2 16 28 229 224 228 3146
15852 4 2 16 28 229 228 224 3493
15853 4 2 16 28 225 228 224 3146
15854 4 2 16 28 225 224 228 3493
15855 4 2 16 28 5 220 233 3148
15856 4 2 16 28 233 220 5 3567
15857 4 2 16 28 233 10 5 3148
15858 4 2 16 28 5 10 233 3567
15859 4 2 16 28 1206 1219 1218 3150
15860 4 2 16 28 1218 1219 1206 3578
15861 4 2 16 28 1218 1207 1206 3150
15862 4 2 16 28 1206 1207 1218 3578
15863 4 2 16 28 2578 1433 2565 1257
15864 4 2 16 28 2578 2565 1433 2344
15865 4 2 16 28 450 2565 1433 1257
15866 4 2 16 28 450 1433 2565 2344
15867 4 2 16 28 2553 2408 1312 1435
15868 4 2 16 28 1312 2408 2553 2636
15869 4 2 16 28 3440 1223 3454 3170
15870 4 2 16 28 3440 3454 1223 2532
15871 4 2 16 28 1222 3454 1223 3170
15872 4 2 16 28 1222 1223 3454 2532
15873 4 2 16 28 442 1432 2283 1310
15874 4 2 16 28 442 2283 1432 2490
15875 4 2 16 28 1214 1213 1211 3167
15876 4 2 16 28 1214 1211 1213 3569
15877 4 2 16 28 1212 1211 1213 3167
15878 4 2 16 28 1212 1213 1211 3569
15879 4 2 16 28 2244 2592 373 2586
15880 4 2 16 28 373 2592 2244 372
15881 4 2 16 28 2684 2542 2158 2339
15882 4 2 16 28 2684 2158 2542 660
15883 4 2 16 28 9 50 151 47
15884 4 2 16 28 151 227 9 47
15885 4 2 16 28 9 227 151 3566
15886 4 2 16 28 2176 688 2068 1964
15887 4 2 16 28 2176 2068 688 2499
15888 4 2 16 28 3216 3514 740 1969
15889 4 2 16 28 740 3514 3216 3277
15890 4 2 16 28 2431 69 3578 2353
15891 4 2 16 28 2431 3578 69 79
15892 4 2 16 28 379 3578 69 2353
15893 4 2 16 28 379 69 3578 79
15894 4 2 16 28 3527 3348 3347 3226
15895 4 2 16 28 3527 3347 3348 3525
15896 4 2 16 28 482 483 2628 746
15897 4 2 16 28 482 2628 483 2330
15898 4 2 16 28 2626 2628 483 746
15899 4 2 16 28 2626 483 2628 2330
15900 4 2 16 28 56 106 6 60
15901 4 2 16 28 56 6 106 3566
15902 4 2 16 28 107 6 106 60
15903 4 2 16 28 107 106 6 3566
15904 4 2 16 28 149 151 9 50
15905 4 2 16 28 149 9 151 3566
15906 4 2 16 28 226 225 227 867
15907 4 2 16 28 226 227 225 3151
15908 4 2 16 28 228 227 225 867
15909 4 2 16 28 228 225 227 3151
15910 4 2 16 28 410 2318 411 1352
15911 4 2 16 28 411 2318 410 2647
15912 4 2 16 28 2060 2629 2189 723
15913 4 2 16 28 2060 2189 2629 2000
15914 4 2 16 28 722 2189 2629 723
15915 4 2 16 28 722 2629 2189 2000
15916 4 2 16 28 849 27 3462 1238
15917 4 2 16 28 849 3462 27 113
15918 4 2 16 28 1488 2079 786 902
15919 4 2 16 28 1488 786 2079 3519
15920 4 2 16 28 1485 786 2079 902
15921 4 2 16 28 1485 2079 786 3519
15922 4 2 16 28 25 3437 3481 3458
15923 4 2 16 28 3481 3437 25 17
15924 4 2 16 28 3481 3446 25 3458
15925 4 2 16 28 25 3446 3481 17
15926 4 2 16 28 2198 604 2463 603
15927 4 2 16 28 2198 602 2463 2325
15928 4 2 16 28 2463 602 2198 603
15929 4 2 16 28 2652 2198 2463 2325
15930 4 2 16 28 2652 2463 2198 604
15931 4 2 16 28 221 1218 3162 232
15932 4 2 16 28 3162 1218 221 3147
15933 4 2 16 28 3162 231 221 232
15934 4 2 16 28 221 231 3162 3147
15935 4 2 16 28 228 1214 3146 1211
15936 4 2 16 28 228 3146 1214 3163
15937 4 2 16 28 1210 3146 1214 1211
15938 4 2 16 28 1210 1214 3146 3163
15939 4 2 16 28 678 415 2674 2675
15940 4 2 16 28 2674 415 678 677
15941 4 2 16 28 2674 2028 678 2675
15942 4 2 16 28 678 2028 2674 677
15943 4 2 16 28 3126 11 2134 3567
15944 4 2 16 28 3126 2134 11 234
15945 4 2 16 28 3577 233 2134 3567
15946 4 2 16 28 3577 2134 233 234
15947 4 2 16 28 233 3126 2134 3567
15948 4 2 16 28 233 2134 3126 234
15949 4 2 16 28 2133 1972 2648 2194
15950 4 2 16 28 2133 2648 1972 2486
15951 4 2 16 28 2269 2648 1972 2194
15952 4 2 16 28 2269 1972 2648 2486
15953 4 2 16 28 1533 2084 810 3516
15954 4 2 16 28 1533 810 2084 926
15955 4 2 16 28 1536 810 2084 3516
15956 4 2 16 28 1536 2084 810 926
15957 4 2 16 28 2179 890 3523 1461
15958 4 2 16 28 2179 3523 890 2049
15959 4 2 16 28 774 3523 890 1461
15960 4 2 16 28 774 890 3523 2049
15961 4 2 16 28 2294 1279 1394 2645
15962 4 2 16 28 1394 1279 2294 1393
15963 4 2 16 28 1394 2430 2294 2645
15964 4 2 16 28 2294 2430 1394 1393
15965 4 2 16 28 971 166 143 1510
15966 4 2 16 28 971 143 166 2082
15967 4 2 16 28 2209 550 2502 551
15968 4 2 16 28 2209 2502 550 2252
15969 4 2 16 28 322 2502 550 551
15970 4 2 16 28 322 550 2502 2252
15971 4 2 16 28 213 3 3119 831
15972 4 2 16 28 3119 3 213 3140
15973 4 2 16 28 743 2525 3564 2485
15974 4 2 16 28 3564 2525 743 742
15975 4 2 16 28 3564 3514 743 2485
15976 4 2 16 28 743 3514 3564 742
15977 4 2 16 28 973 1044 974 2215
15978 4 2 16 28 973 974 1044 1513
15979 4 2 16 28 988 942 943 1584
15980 4 2 16 28 988 943 942 2083
15981 4 2 16 28 217 1203 3455 3492
15982 4 2 16 28 3455 1203 217 3137
15983 4 2 16 28 3455 218 217 3492
15984 4 2 16 28 217 218 3455 3137
15985 4 2 16 28 395 71 2632 1439
15986 4 2 16 28 395 2632 71 2293
15987 4 2 16 28 3271 3270 2194 3209
15988 4 2 16 28 2194 3270 3271 3526
15989 4 2 16 28 2194 295 3271 3209
15990 4 2 16 28 3271 295 2194 3526
15991 4 2 16 28 1971 1516 3544 2094
15992 4 2 16 28 1971 3544 1516 98
15993 4 2 16 28 126 1971 2094 1516
15994 4 2 16 28 2094 1971 126 2093
15995 4 2 16 28 2094 920 126 1516
15996 4 2 16 28 126 920 2094 2093
15997 4 2 16 28 1064 2043 2021 3563
15998 4 2 16 28 1064 2021 2043 2042
15999 4 2 16 28 3449 2021 1063 2042
16000 4 2 16 28 1063 2021 1064 2042
16001 4 2 16 28 134 2063 984 2218
16002 4 2 16 28 134 984 2063 947
16003 4 2 16 28 2428 2669 350 2309
16004 4 2 16 28 2428 350 2669 351
16005 4 2 16 28 456 2322 701 700
16006 4 2 16 28 456 701 2322 2704
16007 4 2 16 28 2017 701 2322 700
16008 4 2 16 28 2017 2322 701 2704
16009 4 2 16 28 465 2544 73 84
16010 4 2 16 28 2432 2544 465 2623
16011 4 2 16 28 2432 465 2544 73
16012 4 2 16 28 1608 1064 2021 3563
16013 4 2 16 28 2021 1064 1608 1063
16014 4 2 16 28 2021 3449 1608 3563
16015 4 2 16 28 1608 3449 2021 1063
16016 4 2 16 28 215 2052 3484 216
16017 4 2 16 28 215 3484 2052 3545
16018 4 2 16 28 789 225 3493 1480
16019 4 2 16 28 789 3493 225 228
16020 4 2 16 28 1119 2350 2102 1103
16021 4 2 16 28 2102 2350 1119 2319
16022 4 2 16 28 2102 2101 1119 1103
16023 4 2 16 28 1119 2101 2102 2319
16024 4 2 16 28 818 3561 3483 881
16025 4 2 16 28 3483 3561 818 3552
16026 4 2 16 28 3483 819 818 881
16027 4 2 16 28 818 819 3483 3552
16028 4 2 16 28 2496 2000 2635 2128
16029 4 2 16 28 2496 2635 2000 2286
16030 4 2 16 28 1131 2635 2000 2128
16031 4 2 16 28 1131 2000 2635 2286
16032 4 2 16 28 2625 622 3452 609
16033 4 2 16 28 2625 3452 622 2352
16034 4 2 16 28 282 2272 2213 283
16035 4 2 16 28 282 2213 2272 2536
16036 4 2 16 28 2309 1270 2669 350
16037 4 2 16 28 2309 2669 1270 2404
16038 4 2 16 28 351 2669 1270 350
16039 4 2 16 28 351 1270 2669 2404
16040 4 2 16 28 2069 2452 2395 2055
16041 4 2 16 28 2069 2395 2452 2605
16042 4 2 16 28 239 3504 869 788
16043 4 2 16 28 869 3504 239 3175
16044 4 2 16 28 869 240 239 788
16045 4 2 16 28 239 240 869 3175
16046 4 2 16 28 3562 213 214 3142
16047 4 2 16 28 866 3562 214 791
16048 4 2 16 28 866 214 3562 213
16049 4 2 16 28 998 934 997 1455
16050 4 2 16 28 998 997 934 2196
16051 4 2 16 28 921 3559 1971 3489
16052 4 2 16 28 921 1971 3559 2016
16053 4 2 16 28 1991 1971 3559 3489
16054 4 2 16 28 1991 3559 1971 2016
16055 4 2 16 28 12 240 3518 3124
16056 4 2 16 28 3518 240 12 3174
16057 4 2 16 28 9 226 3165 227
16058 4 2 16 28 9 3165 226 3149
16059 4 2 16 28 1212 3165 226 227
16060 4 2 16 28 1212 226 3165 3149
16061 4 2 17 29 1122 186 2395 2773
16062 4 2 17 29 2418 2235 2475 2745
16063 4 2 17 29 2855 2266 2750 2850
16064 4 2 17 29 1120 1121 2331 2875
16065 4 2 17 29 1149 1148 2776 2346
16066 4 2 17 29 2349 2604 2315 2817
16067 4 2 17 29 2888 2714 2545 2889
16068 4 2 17 29 2418 2745 2975 2897
16069 4 2 17 29 2235 2418 2360 2745
16070 4 2 17 29 2357 2237 2447 2956
16071 4 2 17 29 2245 2806 2900 2892
16072 4 2 17 29 2407 2889 2853 2964
16073 4 2 17 29 2720 2853 2956 2357
16074 4 2 17 29 2886 2698 2970 2931
16075 4 2 17 29 1146 1145 2748 2288
16076 4 2 17 29 2475 2384 2535 2882
16077 4 2 17 29 1135 2761 2763 2319
16078 4 2 17 29 2510 2888 2910 2721
16079 4 2 17 29 1142 1141 2811 2260
16080 4 2 17 29 2811 2898 2262 1141
16081 4 2 17 29 2923 2656 2724 2887
16082 4 2 17 29 2329 1119 2350 2859
16083 4 2 17 29 2895 2717 2308 2862
16084 4 2 17 29 2910 2493 2887 2705
16085 4 2 17 29 2340 2339 2482 2884
16086 4 2 17 29 2644 2308 2717 2862
16087 4 2 17 29 2850 1144 2855 2266
16088 4 2 17 29 2450 2524 2236 2984
16089 4 2 17 29 2237 2484 2644 2862
16090 4 2 17 29 1138 2817 2864 2604
16091 4 2 17 29 2380 2792 2794 2793
16092 4 2 17 29 2889 2480 2910 2705
16093 4 2 17 29 2846 2783 2498 2720
16094 4 2 17 29 2402 2755 2906 2821
16095 4 2 17 29 2229 2424 2435 2996
16096 4 2 17 29 2357 2237 2956 2428
16097 4 2 17 29 2737 1149 2368 1150
16098 4 2 17 29 2888 2721 2399 2799
16099 4 2 17 29 2568 2838 2794 2989
16100 4 2 17 29 2357 2243 2498 2720
16101 4 2 17 29 2714 2785 2316 2927
16102 4 2 17 29 2800 2758 2691 2953
16103 4 2 17 29 2895 2484 2766 2862
16104 4 2 17 29 2931 2246 2975 2867
16105 4 2 17 29 2932 2316 2785 2927
16106 4 2 17 29 2425 2308 2409 2717
16107 4 2 17 29 2332 2236 2409 2938
16108 4 2 17 29 2460 2853 2714 2927
16109 4 2 17 29 2519 2779 2680 2294
16110 4 2 17 29 2872 2633 2901 2738
16111 4 2 17 29 2357 2498 2659 2720
16112 4 2 17 29 2264 2251 2808 2598
16113 4 2 17 29 2308 2484 2697 2895
16114 4 2 17 29 2246 2745 2931 2975
16115 4 2 17 29 2390 187 2482 2827
16116 4 2 17 29 2689 2851 2715 2796
16117 4 2 17 29 2516 2851 2715 2689
16118 4 2 17 29 2922 2866 2583 2974
16119 4 2 17 29 2717 2866 2425 2873
16120 4 2 17 29 2884 2340 2856 1144
16121 4 2 17 29 2934 2343 2763 2758
16122 4 2 17 29 2307 2809 2615 2718
16123 4 2 17 29 2724 2923 2900 2238
16124 4 2 17 29 2827 1142 2959 2390
16125 4 2 17 29 2838 2794 1139 2568
16126 4 2 17 29 2758 2800 2691 2820
16127 4 2 17 29 2241 2489 2386 2865
16128 4 2 17 29 2260 2811 2262 1141
16129 4 2 17 29 2835 2307 2937 2718
16130 4 2 17 29 2755 2821 2697 2895
16131 4 2 17 29 2542 2405 2688 2872
16132 4 2 17 29 2914 2440 2300 2868
16133 4 2 17 29 2475 2745 2931 2246
16134 4 2 17 29 2938 2409 2821 2717
16135 4 2 17 29 2277 2975 2713 2897
16136 4 2 17 29 2415 2747 2873 2964
16137 4 2 17 29 2238 2245 2274 2900
16138 4 2 17 29 2972 2680 2779 2294
16139 4 2 17 29 2798 2681 2682 2429
16140 4 2 17 29 2838 2768 2567 2936
16141 4 2 17 29 2865 2923 2489 2711
16142 4 2 17 29 2684 2405 2880 2739
16143 4 2 17 29 2798 2682 2530 2429
16144 4 2 17 29 2825 2452 2837 2864
16145 4 2 17 29 2235 2384 2475 2882
16146 4 2 17 29 2418 2232 2504 2897
16147 4 2 17 29 2833 2624 2854 2391
16148 4 2 17 29 2737 2704 2775 2869
16149 4 2 17 29 2927 2243 2614 2720
16150 4 2 17 29 2290 2354 2386 2830
16151 4 2 17 29 2868 2716 2539 2906
16152 4 2 17 29 2819 2897 2504 3008
16153 4 2 17 29 2237 2484 2862 2423
16154 4 2 17 29 2824 2919 2722 2692
16155 4 2 17 29 3011 2872 2542 2688
16156 4 2 17 29 2307 2835 2809 2718
16157 4 2 17 29 2873 2866 2425 2922
16158 4 2 17 29 2956 2447 2853 2747
16159 4 2 17 29 2761 1135 2859 2350
16160 4 2 17 29 2872 2739 2880 2405
16161 4 2 17 29 2984 2857 2450 2713
16162 4 2 17 29 2927 2614 2853 2720
16163 4 2 17 29 2301 2395 2837 2452
16164 4 2 17 29 2316 2243 2460 2927
16165 4 2 17 29 2402 2255 2409 2821
16166 4 2 17 29 2854 2833 2391 2736
16167 4 2 17 29 2405 2542 2684 2880
16168 4 2 17 29 2243 2927 2846 2720
16169 4 2 17 29 2452 2825 2605 2864
16170 4 2 17 29 2881 2377 2732 2801
16171 4 2 17 29 2712 2931 2970 2248
16172 4 2 17 29 2230 2386 2593 2711
16173 4 2 17 29 2518 2839 2320 2544
16174 4 2 17 29 2482 2339 2543 2740
16175 4 2 17 29 2425 2415 2644 2873
16176 4 2 17 29 1123 2301 2395 2837
16177 4 2 17 29 2889 2545 2888 2910
16178 4 2 17 29 2914 2716 2440 2868
16179 4 2 17 29 2509 2978 2755 2718
16180 4 2 17 29 2900 2245 2892 2724
16181 4 2 17 29 2808 2793 2264 2898
16182 4 2 17 29 2443 2328 2774 2845
16183 4 2 17 29 2853 2714 2889 2460
16184 4 2 17 29 2542 2872 2880 2405
16185 4 2 17 29 2381 1124 2380 2794
16186 4 2 17 29 2785 2571 2860 2726
16187 4 2 17 29 2300 2767 2914 2868
16188 4 2 17 29 2788 2286 1147 2834
16189 4 2 17 29 2820 2311 2691 2758
16190 4 2 17 29 2266 1129 2270 2850
16191 4 2 17 29 2827 1142 2390 191
16192 4 2 17 29 2711 2386 2865 2830
16193 4 2 17 29 2872 2633 2632 2293
16194 4 2 17 29 2554 2229 2964 2922
16195 4 2 17 29 2725 2332 2938 2857
16196 4 2 17 29 2922 2229 2964 2705
16197 4 2 17 29 2875 1137 2469 2751
16198 4 2 17 29 2521 2800 2783 2820
16199 4 2 17 29 2381 2256 2568 2989
16200 4 2 17 29 2489 2274 2593 2829
16201 4 2 17 29 2474 2814 1146 2781
16202 4 2 17 29 2802 2850 2270 2803
16203 4 2 17 29 2423 2237 2428 3003
16204 4 2 17 29 2872 2880 3011 2542
16205 4 2 17 29 2697 2484 2359 2895
16206 4 2 17 29 2872 2633 2293 2901
16207 4 2 17 29 2494 2789 2680 2725
16208 4 2 17 29 2747 2447 2853 2964
16209 4 2 17 29 2713 2857 2450 2977
16210 4 2 17 29 2835 2512 2752 2657
16211 4 2 17 29 2755 2868 2233 2906
16212 4 2 17 29 2789 2494 2908 2725
16213 4 2 17 29 2932 2471 2927 2846
16214 4 2 17 29 2589 2939 2888 2799
16215 4 2 17 29 2511 2863 2945 2710
16216 4 2 17 29 2378 2943 2810 2777
16217 4 2 17 29 2434 2886 2887 2705
16218 4 2 17 29 2829 2935 2593 2711
16219 4 2 17 29 2529 2587 2782 2378
16220 4 2 17 29 2848 2401 2719 2785
16221 4 2 17 29 2752 2835 2657 2949
16222 4 2 17 29 2633 2872 2468 2738
16223 4 2 17 29 2972 2680 2789 2725
16224 4 2 17 29 2460 2614 2853 2927
16225 4 2 17 29 2828 2292 1148 2788
16226 4 2 17 29 2976 2725 2502 2779
16227 4 2 17 29 2745 2235 2874 2709
16228 4 2 17 29 2237 2862 2956 3003
16229 4 2 17 29 2715 2596 2766 2915
16230 4 2 17 29 2829 2489 2923 2711
16231 4 2 17 29 2386 2489 2593 2711
16232 4 2 17 29 2521 2396 2445 2820
16233 4 2 17 29 2959 2960 2827 2390
16234 4 2 17 29 2434 2435 2698 2886
16235 4 2 17 29 2866 2984 2938 2236
16236 4 2 17 29 2271 2795 2831 2804
16237 4 2 17 29 2931 2698 2970 2248
16238 4 2 17 29 2381 2930 2794 2792
16239 4 2 17 29 2470 2238 2656 2724
16240 4 2 17 29 2707 2870 2408 2961
16241 4 2 17 29 2624 2854 2729 2833
16242 4 2 17 29 2245 2274 2900 2433
16243 4 2 17 29 2994 2320 2623 2476
16244 4 2 17 29 2859 2765 2842 2335
16245 4 2 17 29 2894 2303 2911 2751
16246 4 2 17 29 2638 2819 3008 2878
16247 4 2 17 29 2310 2331 2485 2760
16248 4 2 17 29 2480 2493 2510 2910
16249 4 2 17 29 2521 2311 2691 2820
16250 4 2 17 29 2307 2556 2615 2809
16251 4 2 17 29 2870 2707 2553 2963
16252 4 2 17 29 1150 2737 2765 2367
16253 4 2 17 29 2429 2728 2798 2828
16254 4 2 17 29 2910 2545 2888 2510
16255 4 2 17 29 2868 2441 2767 2753
16256 4 2 17 29 2332 2252 2450 2857
16257 4 2 17 29 2354 2386 2830 2241
16258 4 2 17 29 2492 2833 2928 2736
16259 4 2 17 29 2754 2838 2567 2936
16260 4 2 17 29 2233 2868 2539 2906
16261 4 2 17 29 2229 2434 2493 2705
16262 4 2 17 29 2301 1123 2568 2838
16263 4 2 17 29 2401 2316 2571 2785
16264 4 2 17 29 2849 2848 2592 2774
16265 4 2 17 29 2819 2638 2979 2878
16266 4 2 17 29 2445 2396 3007 2820
16267 4 2 17 29 2434 2229 2435 2886
16268 4 2 17 29 2293 3011 2872 2901
16269 4 2 17 29 2712 2836 2535 2892
16270 4 2 17 29 2516 2715 2703 2689
16271 4 2 17 29 2316 2243 2927 2471
16272 4 2 17 29 2473 2348 2635 2781
16273 4 2 17 29 2511 2383 2945 2863
16274 4 2 17 29 2241 2354 2431 2941
16275 4 2 17 29 2377 2677 2881 2732
16276 4 2 17 29 2424 2922 2583 2974
16277 4 2 17 29 2879 2734 2880 2547
16278 4 2 17 29 2870 2727 2533 2239
16279 4 2 17 29 2239 2436 2575 2870
16280 4 2 17 29 2424 2229 2554 2922
16281 4 2 17 29 2734 2896 2337 2879
16282 4 2 17 29 2636 2870 2553 2963
16283 4 2 17 29 2345 2368 2375 2775
16284 4 2 17 29 2640 2888 3006 2714
16285 4 2 17 29 2721 2510 2888 2399
16286 4 2 17 29 2909 2402 2906 2821
16287 4 2 17 29 2241 2347 2489 2865
16288 4 2 17 29 2719 2785 2571 2860
16289 4 2 17 29 2394 2809 2978 2718
16290 4 2 17 29 2710 2511 2863 2784
16291 4 2 17 29 2837 2395 2773 2864
16292 4 2 17 29 2512 2809 2556 2835
16293 4 2 17 29 2832 2824 2722 2692
16294 4 2 17 29 2553 2408 2625 2707
16295 4 2 17 29 2902 2749 2318 2967
16296 4 2 17 29 2238 2470 2245 2724
16297 4 2 17 29 2659 2797 2428 2357
16298 4 2 17 29 2667 2696 2742 2782
16299 4 2 17 29 2824 2406 2982 2710
16300 4 2 17 29 2978 2393 2868 2753
16301 4 2 17 29 2341 2427 2723 2831
16302 4 2 17 29 2493 2434 2656 2887
16303 4 2 17 29 2863 2505 2921 2772
16304 4 2 17 29 2887 2970 2886 2434
16305 4 2 17 29 2293 2632 2872 2688
16306 4 2 17 29 2996 2435 2886 2931
16307 4 2 17 29 2943 2782 2587 2378
16308 4 2 17 29 2851 2595 2715 2915
16309 4 2 17 29 2511 2285 2945 2637
16310 4 2 17 29 2877 2780 2744 2254
16311 4 2 17 29 2743 2810 2529 2782
16312 4 2 17 29 2427 2804 2831 2341
16313 4 2 17 29 2905 2372 2744 2898
16314 4 2 17 29 2337 2339 2523 2734
16315 4 2 17 29 2838 2301 2837 2754
16316 4 2 17 29 2484 2895 2308 2862
16317 4 2 17 29 2231 2967 2730 2836
16318 4 2 17 29 2817 2752 2816 2315
16319 4 2 17 29 2386 2711 2876 2830
16320 4 2 17 29 2810 2232 2713 2897
16321 4 2 17 29 2446 3008 2780 2878
16322 4 2 17 29 2691 2800 2521 2820
16323 4 2 17 29 2977 2488 2713 2810
16324 4 2 17 29 2767 2552 2818 2753
16325 4 2 17 29 2435 2229 2996 2886
16326 4 2 17 29 2914 2805 2639 2716
16327 4 2 17 29 2781 1146 2474 2348
16328 4 2 17 29 2300 2441 2767 2868
16329 4 2 17 29 2809 2556 2835 2307
16330 4 2 17 29 2798 2530 2812 2728
16331 4 2 17 29 2625 2707 2408 2961
16332 4 2 17 29 2441 2440 2868 2300
16333 4 2 17 29 2852 2483 2980 2746
16334 4 2 17 29 2509 2755 2233 2697
16335 4 2 17 29 2677 2999 2881 2732
16336 4 2 17 29 2782 2696 2742 2943
16337 4 2 17 29 2293 2872 3011 2688
16338 4 2 17 29 2811 2744 2951 2477
16339 4 2 17 29 2956 2747 2862 2237
16340 4 2 17 29 2365 2255 2402 2909
16341 4 2 17 29 2745 2819 2360 2709
16342 4 2 17 29 2848 2244 2932 2849
16343 4 2 17 29 2274 2593 2829 2558
16344 4 2 17 29 2298 2917 2861 2933
16345 4 2 17 29 2943 2487 2920 2777
16346 4 2 17 29 2243 2278 2498 2846
16347 4 2 17 29 2821 2909 2255 2725
16348 4 2 17 29 2687 2739 2917 2933
16349 4 2 17 29 2897 2810 2232 2743
16350 4 2 17 29 2285 2511 2945 2710
16351 4 2 17 29 2829 2274 2900 2923
16352 4 2 17 29 2415 2447 2683 2747
16353 4 2 17 29 2384 2235 2388 2874
16354 4 2 17 29 2887 2493 2910 2721
16355 4 2 17 29 2932 2471 2316 2927
16356 4 2 17 29 2339 2482 2884 2740
16357 4 2 17 29 2809 2394 2615 2718
16358 4 2 17 29 2824 2969 2555 2710
16359 4 2 17 29 2238 2489 2656 2923
16360 4 2 17 29 2783 2815 2800 2508
16361 4 2 17 29 2569 2958 2816 2454
16362 4 2 17 29 2232 2418 2277 2897
16363 4 2 17 29 2504 2601 3008 2743
16364 4 2 17 29 2605 2825 2452 2654
16365 4 2 17 29 2782 2587 2696 2943
16366 4 2 17 29 2848 2998 2592 2774
16367 4 2 17 29 2523 2734 2856 2858
16368 4 2 17 29 2604 2395 2605 2864
16369 4 2 17 29 2842 2320 2839 2544
16370 4 2 17 29 2359 2718 2755 2895
16371 4 2 17 29 2833 2492 2391 2736
16372 4 2 17 29 2230 2935 2823 2711
16373 4 2 17 29 2723 2341 2831 2804
16374 4 2 17 29 2720 2956 2797 2357
16375 4 2 17 29 2922 2424 2867 2974
16376 4 2 17 29 2513 2843 2765 2968
16377 4 2 17 29 2431 2707 2961 2941
16378 4 2 17 29 2262 2253 2898 2372
16379 4 2 17 29 2884 2734 2339 2880
16380 4 2 17 29 2811 2741 2947 2541
16381 4 2 17 29 2809 2512 2752 2835
16382 4 2 17 29 2722 2466 2832 2692
16383 4 2 17 29 2907 2313 2759 2973
16384 4 2 17 29 2427 2804 2271 2831
16385 4 2 17 29 2459 2235 2528 2709
16386 4 2 17 29 2402 2755 2821 2697
16387 4 2 17 29 2614 2853 2720 2357
16388 4 2 17 29 2725 2976 2502 2857
16389 4 2 17 29 3008 2446 2638 2878
16390 4 2 17 29 1121 2331 2875 2469
16391 4 2 17 29 2998 2591 2606 2955
16392 4 2 17 29 2853 2889 2407 2460
16393 4 2 17 29 2885 2579 2400 2578
16394 4 2 17 29 2229 2424 2996 2922
16395 4 2 17 29 2349 2305 2549 2949
16396 4 2 17 29 2942 2351 2940 2798
16397 4 2 17 29 2900 2806 2433 2708
16398 4 2 17 29 2799 2532 2961 2941
16399 4 2 17 29 2406 2824 2555 2710
16400 4 2 17 29 2765 2842 2513 2968
16401 4 2 17 29 2779 2519 2680 2725
16402 4 2 17 29 2244 2325 2471 2932
16403 4 2 17 29 2708 2274 2900 2829
16404 4 2 17 29 2314 2818 2753 2816
16405 4 2 17 29 2407 2480 2545 2889
16406 4 2 17 29 2832 2515 2788 2899
16407 4 2 17 29 2732 2377 2802 2801
16408 4 2 17 29 2795 2831 2890 2661
16409 4 2 17 29 2861 2643 2933 2946
16410 4 2 17 29 2576 2739 2933 2872
16411 4 2 17 29 2511 2373 2690 2784
16412 4 2 17 29 2229 2996 2886 2705
16413 4 2 17 29 2434 2229 2886 2705
16414 4 2 17 29 2801 2377 2802 2641
16415 4 2 17 29 2937 2718 2581 2766
16416 4 2 17 29 2786 2967 2231 2836
16417 4 2 17 29 2970 2892 2470 2724
16418 4 2 17 29 2470 2698 2248 2970
16419 4 2 17 29 3006 2785 2316 2714
16420 4 2 17 29 2443 2774 2844 2845
16421 4 2 17 29 2799 2241 2941 2865
16422 4 2 17 29 2700 2417 2844 2968
16423 4 2 17 29 2600 2944 2754 2767
16424 4 2 17 29 2533 2239 2575 2870
16425 4 2 17 29 2872 2576 2739 2405
16426 4 2 17 29 2733 2561 2836 2987
16427 4 2 17 29 2281 2663 2772 2991
16428 4 2 17 29 2603 2805 2930 2769
16429 4 2 17 29 2590 2744 2877 2905
16430 4 2 17 29 2418 2246 2699 2975
16431 4 2 17 29 2511 2383 2637 2945
16432 4 2 17 29 3003 2428 2423 2703
16433 4 2 17 29 2787 2924 2534 2801
16434 4 2 17 29 2547 2234 2684 2879
16435 4 2 17 29 2479 2768 2914 2412
16436 4 2 17 29 2929 2268 2749 2573
16437 4 2 17 29 2877 2743 2602 2279
16438 4 2 17 29 2813 2966 2473 2781
16439 4 2 17 29 2250 2426 2655 2861
16440 4 2 17 29 2893 2330 2796 2757
16441 4 2 17 29 2779 2680 2972 2725
16442 4 2 17 29 2957 2687 2739 2917
16443 4 2 17 29 2982 2285 2945 2710
16444 4 2 17 29 2845 2443 2988 2844
16445 4 2 17 29 2386 2230 2385 2711
16446 4 2 17 29 2929 2730 2806 2503
16447 4 2 17 29 2797 2659 3000 2720
16448 4 2 17 29 2811 2260 2262 2478
16449 4 2 17 29 2914 2651 2566 2300
16450 4 2 17 29 2757 2330 2626 2628
16451 4 2 17 29 2770 2808 2792 2251
16452 4 2 17 29 2988 2844 2417 2968
16453 4 2 17 29 2881 2952 2708 2693
16454 4 2 17 29 2786 2836 2561 2987
16455 4 2 17 29 2841 2846 2278 2706
16456 4 2 17 29 2945 2383 2813 2863
16457 4 2 17 29 2377 2240 2419 2881
16458 4 2 17 29 2282 2824 2832 2692
16459 4 2 17 29 2914 2805 2479 2639
16460 4 2 17 29 2440 2300 2651 2914
16461 4 2 17 29 2580 2835 2937 2756
16462 4 2 17 29 2766 2596 2715 2423
16463 4 2 17 29 2396 2521 2783 2820
16464 4 2 17 29 2325 2849 2244 2586
16465 4 2 17 29 2880 2879 2684 2739
16466 4 2 17 29 2780 2664 2951 2254
16467 4 2 17 29 2862 2747 2683 2237
16468 4 2 17 29 2327 2533 2636 2963
16469 4 2 17 29 2553 2408 2707 2870
16470 4 2 17 29 2446 2780 2258 2878
16471 4 2 17 29 2813 2505 2921 2863
16472 4 2 17 29 2532 2431 2961 2941
16473 4 2 17 29 2888 2399 2589 2799
16474 4 2 17 29 2614 2447 2407 2853
16475 4 2 17 29 2433 2806 2952 2708
16476 4 2 17 29 2907 2759 2358 2800
16477 4 2 17 29 2928 2980 2852 2666
16478 4 2 17 29 2819 2504 2897 2360
16479 4 2 17 29 2613 2885 2883 2719
16480 4 2 17 29 2339 2740 2884 2880
16481 4 2 17 29 2262 2253 2264 2898
16482 4 2 17 29 2538 2539 2716 2906
16483 4 2 17 29 2811 2951 2741 2541
16484 4 2 17 29 2653 2944 2398 2668
16485 4 2 17 29 2984 2450 2332 2236
16486 4 2 17 29 2752 2569 2816 2315
16487 4 2 17 29 2446 2258 2546 2878
16488 4 2 17 29 2732 2612 2916 2559
16489 4 2 17 29 2234 2684 2879 2739
16490 4 2 17 29 2956 2428 2797 2357
16491 4 2 17 29 2733 2608 2561 2987
16492 4 2 17 29 2437 3006 2316 2640
16493 4 2 17 29 2545 2889 2480 2910
16494 4 2 17 29 2755 2233 2868 2978
16495 4 2 17 29 2641 2371 2675 2801
16496 4 2 17 29 2484 2308 2644 2862
16497 4 2 17 29 2425 2236 2583 2866
16498 4 2 17 29 2715 2595 2851 2516
16499 4 2 17 29 2713 2232 2277 2897
16500 4 2 17 29 2646 2269 2647 2902
16501 4 2 17 29 2268 2453 2573 2929
16502 4 2 17 29 2919 2824 2537 2692
16503 4 2 17 29 2690 2863 2511 2784
16504 4 2 17 29 2876 2822 2711 2385
16505 4 2 17 29 1119 2329 185 2859
16506 4 2 17 29 2434 2887 2493 2705
16507 4 2 17 29 2441 2551 2552 2753
16508 4 2 17 29 2819 2897 2745 2360
16509 4 2 17 29 2685 2762 3007 3009
16510 4 2 17 29 2851 2796 2387 2757
16511 4 2 17 29 2233 2755 2402 2697
16512 4 2 17 29 2306 2805 2639 2479
16513 4 2 17 29 2882 2836 2535 2712
16514 4 2 17 29 2480 2229 2493 2705
16515 4 2 17 29 2568 1124 2794 1123
16516 4 2 17 29 2259 2520 2541 2791
16517 4 2 17 29 2710 2903 2373 2784
16518 4 2 17 29 2318 2647 2749 2902
16519 4 2 17 29 2477 2811 2744 2478
16520 4 2 17 29 2240 2419 2881 2952
16521 4 2 17 29 2421 2416 2746 2879
16522 4 2 17 29 2554 2873 2425 2922
16523 4 2 17 29 2234 2421 2458 2957
16524 4 2 17 29 2273 2461 2804 2732
16525 4 2 17 29 2971 2706 2652 2845
16526 4 2 17 29 2463 2652 2706 2845
16527 4 2 17 29 2236 2524 2583 2984
16528 4 2 17 29 2329 2350 2335 2859
16529 4 2 17 29 2996 2435 2931 2867
16530 4 2 17 29 2895 2359 2718 2766
16531 4 2 17 29 2466 2282 2832 2692
16532 4 2 17 29 2986 2917 2336 2746
16533 4 2 17 29 2851 2689 2387 2796
16534 4 2 17 29 2749 2573 2967 2929
16535 4 2 17 29 1145 2266 1144 2850
16536 4 2 17 29 2505 2501 2813 2921
16537 4 2 17 29 2824 2282 2832 2899
16538 4 2 17 29 2823 2822 2230 2711
16539 4 2 17 29 2436 2870 2726 2961
16540 4 2 17 29 2349 2305 2949 2657
16541 4 2 17 29 2667 2742 2905 2782
16542 4 2 17 29 2775 2375 2847 2869
16543 4 2 17 29 2270 2266 2850 2438
16544 4 2 17 29 2898 2372 2744 2478
16545 4 2 17 29 2877 2590 2782 2279
16546 4 2 17 29 2709 2459 2986 2917
16547 4 2 17 29 2737 2367 1150 2368
16548 4 2 17 29 2408 2553 2636 2870
16549 4 2 17 29 2877 2590 2905 2782
16550 4 2 17 29 2743 2877 2782 2279
16551 4 2 17 29 2609 2741 2951 2541
16552 4 2 17 29 2491 2666 2928 2852
16553 4 2 17 29 2768 2479 2914 2805
16554 4 2 17 29 2881 2419 2801 2952
16555 4 2 17 29 2879 2337 2734 2547
16556 4 2 17 29 2752 2949 2349 2871
16557 4 2 17 29 2348 2473 2474 2781
16558 4 2 17 29 2831 2287 2772 2890
16559 4 2 17 29 2867 2699 2975 2974
16560 4 2 17 29 2446 3008 2638 2257
16561 4 2 17 29 2870 2726 2860 2239
16562 4 2 17 29 2891 2392 2805 2965
16563 4 2 17 29 2591 2382 2592 2998
16564 4 2 17 29 2712 2678 2535 2248
16565 4 2 17 29 2911 2757 2851 2627
16566 4 2 17 29 2783 2800 2521 2508
16567 4 2 17 29 2805 2306 2639 2716
16568 4 2 17 29 2910 2480 2545 2510
16569 4 2 17 29 2483 2986 2746 2852
16570 4 2 17 29 2250 2528 2638 2979
16571 4 2 17 29 2742 2808 2807 2597
16572 4 2 17 29 2567 2301 2568 2838
16573 4 2 17 29 2957 2917 2336 2458
16574 4 2 17 29 2450 2332 2857 2984
16575 4 2 17 29 2923 2347 2721 2865
16576 4 2 17 29 2590 2667 2782 2279
16577 4 2 17 29 2273 2804 2999 2732
16578 4 2 17 29 2281 2863 2784 2991
16579 4 2 17 29 2790 2933 2872 2631
16580 4 2 17 29 2229 2889 2964 2705
16581 4 2 17 29 2991 2663 2772 2287
16582 4 2 17 29 2759 2973 2671 3001
16583 4 2 17 29 2831 2795 2271 2661
16584 4 2 17 29 2309 2689 2703 2796
16585 4 2 17 29 2907 2485 2893 2760
16586 4 2 17 29 2628 2893 2760 2894
16587 4 2 17 29 2285 2982 2406 2710
16588 4 2 17 29 2684 2879 2880 2547
16589 4 2 17 29 2318 2647 2672 2749
16590 4 2 17 29 2497 2783 2846 2841
16591 4 2 17 29 2560 2472 2646 2902
16592 4 2 17 29 2700 2366 2642 2843
16593 4 2 17 29 2435 2424 2563 2996
16594 4 2 17 29 2539 2538 2233 2906
16595 4 2 17 29 2933 2576 2872 2631
16596 4 2 17 29 2893 2330 2757 2628
16597 4 2 17 29 2442 2730 2503 2245
16598 4 2 17 29 2531 2746 2336 2483
16599 4 2 17 29 2309 3002 3001 2796
16600 4 2 17 29 2648 2855 2750 2926
16601 4 2 17 29 2421 2336 2458 2957
16602 4 2 17 29 2925 2268 2749 2924
16603 4 2 17 29 2400 2719 2571 2579
16604 4 2 17 29 2546 2946 2426 2878
16605 4 2 17 29 2878 2780 2258 2741
16606 4 2 17 29 2917 2957 2336 2746
16607 4 2 17 29 2272 2558 2778 2593
16608 4 2 17 29 2273 2999 2677 2732
16609 4 2 17 29 2855 2648 2729 2926
16610 4 2 17 29 2632 2468 2633 2872
16611 4 2 17 29 2733 2874 2388 2852
16612 4 2 17 29 3008 2897 2504 2743
16613 4 2 17 29 2766 2304 2937 2915
16614 4 2 17 29 2695 2977 2634 2777
16615 4 2 17 29 2804 2461 2916 2732
16616 4 2 17 29 2571 2785 2316 2437
16617 4 2 17 29 2942 2993 2490 2798
16618 4 2 17 29 2555 2373 2969 2297
16619 4 2 17 29 2268 2929 2749 2924
16620 4 2 17 29 2902 2472 2729 2833
16621 4 2 17 29 2526 2798 2992 2940
16622 4 2 17 29 2966 2474 2289 2473
16623 4 2 17 29 2913 2439 2820 2758
16624 4 2 17 29 2617 2744 2590 2905
16625 4 2 17 29 2876 2290 2830 2942
16626 4 2 17 29 2892 2245 2678 2470
16627 4 2 17 29 2254 2590 2617 2744
16628 4 2 17 29 2480 2889 2229 2705
16629 4 2 17 29 2441 2393 2551 2753
16630 4 2 17 29 2413 2754 2567 2936
16631 4 2 17 29 2409 2308 2697 2895
16632 4 2 17 29 2723 2341 2804 3004
16633 4 2 17 29 2535 2678 2712 2892
16634 4 2 17 29 2258 2546 2878 2741
16635 4 2 17 29 2732 2803 2802 2559
16636 4 2 17 29 2287 2772 2991 2831
16637 4 2 17 29 2511 2373 2784 2710
16638 4 2 17 29 2967 2318 2573 2749
16639 4 2 17 29 2281 2863 2991 2772
16640 4 2 17 29 2931 2557 2698 2248
16641 4 2 17 29 2855 1144 2856 2410
16642 4 2 17 29 2728 2798 2530 2429
16643 4 2 17 29 2870 2860 2727 2239
16644 4 2 17 29 2285 2406 2555 2710
16645 4 2 17 29 2403 2281 2663 2772
16646 4 2 17 29 2746 2980 2896 2416
16647 4 2 17 29 2873 2415 2964 2554
16648 4 2 17 29 2395 1123 2837 2773
16649 4 2 17 29 2912 2761 2319 2763
16650 4 2 17 29 2416 2247 2483 2980
16651 4 2 17 29 2809 2978 2958 2660
16652 4 2 17 29 2241 2431 2532 2941
16653 4 2 17 29 2409 2402 2821 2697
16654 4 2 17 29 2232 2713 2488 2810
16655 4 2 17 29 2984 2583 2866 2974
16656 4 2 17 29 2941 2352 2707 2940
16657 4 2 17 29 2279 2397 2602 2877
16658 4 2 17 29 2482 2390 2827 2610
16659 4 2 17 29 2978 2444 2958 2660
16660 4 2 17 29 2453 2929 2924 2787
16661 4 2 17 29 2783 3007 2396 2820
16662 4 2 17 29 2327 3012 2727 2963
16663 4 2 17 29 2582 2877 2254 2780
16664 4 2 17 29 2566 2767 2914 2300
16665 4 2 17 29 2552 2441 2753 2767
16666 4 2 17 29 2756 2548 2550 2911
16667 4 2 17 29 2320 2839 2994 2842
16668 4 2 17 29 2781 2635 1147 2348
16669 4 2 17 29 2298 2933 2687 2917
16670 4 2 17 29 2833 2560 2902 2472
16671 4 2 17 29 2427 2804 2341 2271
16672 4 2 17 29 2394 2978 2509 2718
16673 4 2 17 29 2419 2952 2787 2801
16674 4 2 17 29 2724 2470 2970 2887
16675 4 2 17 29 2426 2250 2546 2878
16676 4 2 17 29 2574 2804 2271 2461
16677 4 2 17 29 2726 2437 2571 2436
16678 4 2 17 29 2774 2457 2844 2995
16679 4 2 17 29 2747 2873 2683 2415
16680 4 2 17 29 2471 2244 2932 2316
16681 4 2 17 29 2397 2877 3008 2743
16682 4 2 17 29 2263 2943 2920 2807
16683 4 2 17 29 2932 2244 2848 2785
16684 4 2 17 29 186 2773 1122 1138
16685 4 2 17 29 2302 2752 2958 2809
16686 4 2 17 29 2926 2672 2749 2925
16687 4 2 17 29 2488 2450 2252 2977
16688 4 2 17 29 1130 1146 188 2348
16689 4 2 17 29 2353 2437 2589 2939
16690 4 2 17 29 2316 2640 2714 2460
16691 4 2 17 29 2488 2450 2713 2277
16692 4 2 17 29 2229 2407 2889 2480
16693 4 2 17 29 188 1147 1131 2348
16694 4 2 17 29 2354 2941 2830 2940
16695 4 2 17 29 2237 2956 2428 3003
16696 4 2 17 29 2981 2971 2658 2764
16697 4 2 17 29 2957 2458 2687 2917
16698 4 2 17 29 2558 2274 2433 2708
16699 4 2 17 29 2992 2553 2963 2527
16700 4 2 17 29 1123 2773 186 1139
16701 4 2 17 29 2658 2326 2981 2764
16702 4 2 17 29 2929 2268 2453 2924
16703 4 2 17 29 2712 2678 2970 2892
16704 4 2 17 29 2792 2770 2251 2789
16705 4 2 17 29 2983 2775 2776 2345
16706 4 2 17 29 2596 2766 2484 2423
16707 4 2 17 29 2433 2558 2708 2693
16708 4 2 17 29 2975 2246 2745 2418
16709 4 2 17 29 2308 2425 2644 2717
16710 4 2 17 29 2714 2640 2888 2545
16711 4 2 17 29 2879 2416 2746 2896
16712 4 2 17 29 2720 2243 2614 2357
16713 4 2 17 29 2724 2656 2923 2238
16714 4 2 17 29 2563 2867 2424 2974
16715 4 2 17 29 2924 2534 2801 2731
16716 4 2 17 29 2652 2540 3010 2971
16717 4 2 17 29 2963 2665 2327 3012
16718 4 2 17 29 2374 2373 2577 2903
16719 4 2 17 29 2703 3002 2309 2796
16720 4 2 17 29 2668 2818 2825 2944
16721 4 2 17 29 2487 2263 2943 2920
16722 4 2 17 29 2531 2746 2483 2986
16723 4 2 17 29 2503 2730 2806 2245
16724 4 2 17 29 2515 2828 2832 2788
16725 4 2 17 29 2419 2377 2881 2801
16726 4 2 17 29 2376 2594 2312 2756
16727 4 2 17 29 2548 2756 2550 2376
16728 4 2 17 29 2494 2680 2519 2725
16729 4 2 17 29 2306 2392 2662 2965
16730 4 2 17 29 185 2329 1134 1150
16731 4 2 17 29 2512 2302 2556 2809
16732 4 2 17 29 2709 2360 2235 2528
16733 4 2 17 29 2581 2307 2718 2937
16734 4 2 17 29 2373 2555 2969 2710
16735 4 2 17 29 2286 1147 1148 2788
16736 4 2 17 29 2730 2929 2369 2503
16737 4 2 17 29 2697 2821 2409 2895
16738 4 2 17 29 2417 2506 2988 2764
16739 4 2 17 29 2590 2877 2744 2254
16740 4 2 17 29 2653 2944 2668 2825
16741 4 2 17 29 2425 2415 2873 2554
16742 4 2 17 29 2359 2581 2718 2766
16743 4 2 17 29 2314 2444 2816 2753
16744 4 2 17 29 2341 2272 2462 3004
16745 4 2 17 29 2706 2471 2278 2325
16746 4 2 17 29 2230 2822 2577 2385
16747 4 2 17 29 2311 2820 2439 2758
16748 4 2 17 29 2986 2483 2531 2852
16749 4 2 17 29 2261 2317 2422 3005
16750 4 2 17 29 2988 2658 2971 2764
16751 4 2 17 29 2919 2537 2824 2969
16752 4 2 17 29 2347 2923 2489 2865
16753 4 2 17 29 2601 2397 3008 2743
16754 4 2 17 29 2245 2730 2806 2892
16755 4 2 17 29 2951 2609 2541 2477
16756 4 2 17 29 1142 187 1126 2390
16757 4 2 17 29 2885 2613 2650 2344
16758 4 2 17 29 2407 2570 2229 2964
16759 4 2 17 29 2992 2553 2707 2963
16760 4 2 17 29 2313 2358 2907 2759
16761 4 2 17 29 2907 2358 2953 2800
16762 4 2 17 29 2384 2733 2836 2882
16763 4 2 17 29 2596 2715 2595 2915
16764 4 2 17 29 2362 3007 2685 2762
16765 4 2 17 29 2833 2560 2472 2295
16766 4 2 17 29 2355 2881 2999 2778
16767 4 2 17 29 2591 2998 2592 2848
16768 4 2 17 29 2764 2321 2658 2506
16769 4 2 17 29 2863 2403 2505 2772
16770 4 2 17 29 2978 2444 2753 2958
16771 4 2 17 29 2727 2885 2578 2860
16772 4 2 17 29 2386 2865 2489 2711
16773 4 2 17 29 2833 2928 2295 2492
16774 4 2 17 29 2245 2678 2442 2892
16775 4 2 17 29 2978 2444 2660 2393
16776 4 2 17 29 2440 2539 2868 2716
16777 4 2 17 29 2812 2963 3012 2665
16778 4 2 17 29 2403 2921 2505 2772
16779 4 2 17 29 2727 2533 2327 2963
16780 4 2 17 29 2756 2550 2950 2911
16781 4 2 17 29 2690 2863 2784 2281
16782 4 2 17 29 2548 2756 2851 2911
16783 4 2 17 29 2783 2497 3007 2841
16784 4 2 17 29 2434 2470 2656 2887
16785 4 2 17 29 2623 2320 2994 2842
16786 4 2 17 29 2558 2708 2778 2829
16787 4 2 17 29 2774 2869 2998 2588
16788 4 2 17 29 2913 2820 2362 2762
16789 4 2 17 29 2642 2619 2844 2366
16790 4 2 17 29 2928 2733 2491 2852
16791 4 2 17 29 2431 2707 2625 2961
16792 4 2 17 29 2690 2863 2281 2511
16793 4 2 17 29 2300 2441 2552 2767
16794 4 2 17 29 2489 2347 2656 2923
16795 4 2 17 29 2706 2849 2463 2845
16796 4 2 17 29 2839 2518 2912 2761
16797 4 2 17 29 2882 2384 2874 2235
16798 4 2 17 29 2272 2341 2536 3004
16799 4 2 17 29 2246 2435 2563 2867
16800 4 2 17 29 2242 2841 3009 2414
16801 4 2 17 29 2415 2447 2747 2570
16802 4 2 17 29 2229 2922 2996 2705
16803 4 2 17 29 2423 2715 2766 2862
16804 4 2 17 29 2450 2524 2713 2277
16805 4 2 17 29 2404 2893 2796 2973
16806 4 2 17 29 2849 2845 2774 2586
16807 4 2 17 29 2293 2542 2688 3011
16808 4 2 17 29 2787 2503 2929 2806
16809 4 2 17 29 2257 2446 3008 2780
16810 4 2 17 29 2488 2713 2232 2277
16811 4 2 17 29 2939 2353 2961 2799
16812 4 2 17 29 2640 3006 2316 2714
16813 4 2 17 29 2806 2433 2503 2245
16814 4 2 17 29 2296 2942 2722 2449
16815 4 2 17 29 2840 2686 2242 2585
16816 4 2 17 29 2239 2436 2870 2726
16817 4 2 17 29 2985 2981 2517 2839
16818 4 2 17 29 2451 2841 2278 2706
16819 4 2 17 29 2902 2926 2647 2749
16820 4 2 17 29 2863 2505 2403 2281
16821 4 2 17 29 2531 2746 2986 2336
16822 4 2 17 29 2249 3000 2659 2815
16823 4 2 17 29 2583 2425 2866 2922
16824 4 2 17 29 2578 2997 2885 2727
16825 4 2 17 29 2718 2755 2509 2359
16826 4 2 17 29 2306 2805 2965 2716
16827 4 2 17 29 2746 2421 2879 2957
16828 4 2 17 29 2580 2915 2594 2756
16829 4 2 17 29 2582 2877 2397 2254
16830 4 2 17 29 2532 2799 2241 2941
16831 4 2 17 29 2489 2829 2593 2711
16832 4 2 17 29 2841 2451 3010 2706
16833 4 2 17 29 2616 2854 2391 2736
16834 4 2 17 29 2716 2662 2538 2965
16835 4 2 17 29 2441 2868 2393 2753
16836 4 2 17 29 2292 2286 2788 2515
16837 4 2 17 29 2358 2953 2525 2907
16838 4 2 17 29 2897 2418 2745 2360
16839 4 2 17 29 2851 2756 2594 2915
16840 4 2 17 29 2825 2818 2668 2735
16841 4 2 17 29 2332 2938 2984 2236
16842 4 2 17 29 2885 2579 2578 2860
16843 4 2 17 29 2242 2841 2451 3009
16844 4 2 17 29 2657 2562 2949 2835
16845 4 2 17 29 185 2859 1135 1119
16846 4 2 17 29 2540 2585 2686 2840
16847 4 2 17 29 2312 2756 2594 2851
16848 4 2 17 29 2823 2374 2784 2990
16849 4 2 17 29 2574 2804 2461 2916
16850 4 2 17 29 2986 2531 2459 2709
16851 4 2 17 29 2501 2813 2383 2505
16852 4 2 17 29 2582 2254 2664 2780
16853 4 2 17 29 2506 2599 2326 2764
16854 4 2 17 29 2269 2902 2729 2647
16855 4 2 17 29 2242 2841 2414 2451
16856 4 2 17 29 2889 2407 2229 2964
16857 4 2 17 29 2832 2993 2828 2467
16858 4 2 17 29 2967 2730 2929 2369
16859 4 2 17 29 2798 2526 2351 2940
16860 4 2 17 29 2889 2714 2545 2460
16861 4 2 17 29 2419 2534 2801 2787
16862 4 2 17 29 2241 2865 2386 2830
16863 4 2 17 29 2770 2598 2807 2808
16864 4 2 17 29 2363 2985 2585 2517
16865 4 2 17 29 2940 2352 2707 2992
16866 4 2 17 29 2442 2678 2535 2892
16867 4 2 17 29 2394 2509 2615 2718
16868 4 2 17 29 2624 2729 2472 2833
16869 4 2 17 29 2855 2266 1144 2410
16870 4 2 17 29 2363 2985 2411 2585
16871 4 2 17 29 2462 2999 2804 3004
16872 4 2 17 29 2487 2976 2920 2777
16873 4 2 17 29 2845 2328 2774 2586
16874 4 2 17 29 2560 2833 2902 2786
16875 4 2 17 29 2517 2326 2599 2981
16876 4 2 17 29 2893 2404 2796 2330
16877 4 2 17 29 2553 2992 2352 2527
16878 4 2 17 29 2704 2368 2737 2775
16879 4 2 17 29 2773 186 190 1138
16880 4 2 17 29 2533 2565 2578 2727
16881 4 2 17 29 3009 2451 2686 3010
16882 4 2 17 29 2843 2700 2844 2968
16883 4 2 17 29 2294 2430 2481 2779
16884 4 2 17 29 192 188 1146 2348
16885 4 2 17 29 2268 2672 2925 2749
16886 4 2 17 29 2984 2583 2974 2524
16887 4 2 17 29 2352 2431 2354 2941
16888 4 2 17 29 2355 2272 2558 2778
16889 4 2 17 29 188 192 1147 2348
16890 4 2 17 29 2569 2958 2454 2302
16891 4 2 17 29 2376 2835 2562 2580
16892 4 2 17 29 190 186 2773 1139
16893 4 2 17 29 2994 2506 2599 2334
16894 4 2 17 29 2691 2358 2953 2464
16895 4 2 17 29 2401 2848 2244 2785
16896 4 2 17 29 2444 2978 2753 2393
16897 4 2 17 29 2670 2772 2287 2890
16898 4 2 17 29 2240 2377 2677 2881
16899 4 2 17 29 2753 2444 2816 2958
16900 4 2 17 29 2932 2471 2706 2325
16901 4 2 17 29 2861 2459 2917 2298
16902 4 2 17 29 2382 2606 2998 2591
16903 4 2 17 29 2699 2975 2277 2418
16904 4 2 17 29 2950 2305 2835 2949
16905 4 2 17 29 2401 2244 2316 2785
16906 4 2 17 29 2416 2336 2421 2746
16907 4 2 17 29 2412 2479 2639 2914
16908 4 2 17 29 2314 2444 2454 2816
16909 4 2 17 29 2890 2831 2287 2661
16910 4 2 17 29 2233 2393 2868 2978
16911 4 2 17 29 2481 2779 2920 2976
16912 4 2 17 29 1143 187 2482 1127
16913 4 2 17 29 2332 2938 2857 2984
16914 4 2 17 29 2816 2817 2315 2735
16915 4 2 17 29 2247 2416 2522 2896
16916 4 2 17 29 2408 2436 2961 2870
16917 4 2 17 29 2976 2487 2920 2481
16918 4 2 17 29 2491 2247 2492 2928
16919 4 2 17 29 2953 2358 2525 2464
16920 4 2 17 29 2418 2897 2504 2360
16921 4 2 17 29 2364 2276 2426 2946
16922 4 2 17 29 2844 2737 2642 2843
16923 4 2 17 29 2619 2737 2642 2844
16924 4 2 17 29 2397 2279 2590 2877
16925 4 2 17 29 2456 2287 2663 2991
16926 4 2 17 29 2417 2321 2443 2988
16927 4 2 17 29 2527 2327 2553 2963
16928 4 2 17 29 2383 2281 2505 2863
16929 4 2 17 29 2355 2999 2881 2677
16930 4 2 17 29 2374 2284 2456 2990
16931 4 2 17 29 2329 185 189 1150
16932 4 2 17 29 2249 2358 2507 2815
16933 4 2 17 29 2458 2234 2957 2687
16934 4 2 17 29 2345 2324 2346 2776
16935 4 2 17 29 2263 2770 2807 2920
16936 4 2 17 29 2281 2383 2511 2863
16937 4 2 17 29 2522 2736 2616 2247
16938 4 2 17 29 2505 2813 2383 2863
16939 4 2 17 29 2565 2578 2727 2997
16940 4 2 17 29 2868 2539 2441 2233
16941 4 2 17 29 2799 2721 2399 2241
16942 4 2 17 29 2716 2639 2914 2440
16943 4 2 17 29 2263 2770 2920 2430
16944 4 2 17 29 2286 2496 2635 2834
16945 4 2 17 29 2862 2423 2715 3003
16946 4 2 17 29 2573 2318 2672 2749
16947 4 2 17 29 2533 2327 2565 2727
16948 4 2 17 29 2448 2912 2518 2761
16949 4 2 17 29 2786 2295 2561 2560
16950 4 2 17 29 2643 2298 2861 2933
16951 4 2 17 29 2981 2326 2599 2764
16952 4 2 17 29 2568 2381 2989 2794
16953 4 2 17 29 2376 2950 2835 2756
16954 4 2 17 29 2491 2388 2666 2852
16955 4 2 17 29 1142 191 187 2390
16956 4 2 17 29 2577 2297 2702 2969
16957 4 2 17 29 2389 2324 2918 2333
16958 4 2 17 29 2692 2702 2537 2919
16959 4 2 17 29 2378 2810 2695 2777
16960 4 2 17 29 2631 2405 2576 2872
16961 4 2 17 29 2321 2658 2971 2988
16962 4 2 17 29 2849 2244 2932 2325
16963 4 2 17 29 2604 1122 2395 2864
16964 4 2 17 29 2737 2619 2995 2844
16965 4 2 17 29 2891 2805 2392 2769
16966 4 2 17 29 2565 2324 2649 2904
16967 4 2 17 29 2258 2780 2951 2741
16968 4 2 17 29 2839 2842 2544 2761
16969 4 2 17 29 2376 2835 2580 2756
16970 4 2 17 29 2679 2815 2507 2759
16971 4 2 17 29 2403 2863 2281 2772
16972 4 2 17 29 2845 2321 2652 2988
16973 4 2 17 29 2858 2854 2616 2736
16974 4 2 17 29 2823 2935 2536 2723
16975 4 2 17 29 2543 3011 2880 2542
16976 4 2 17 29 2321 2971 2652 2988
16977 4 2 17 29 2442 2730 2245 2892
16978 4 2 17 29 2655 2861 2979 2250
16979 4 2 17 29 2874 2235 2388 2531
16980 4 2 17 29 2470 2434 2698 2970
16981 4 2 17 29 2580 2915 2756 2937
16982 4 2 17 29 2635 1147 2286 2834
16983 4 2 17 29 2958 2569 2816 2752
16984 4 2 17 29 2994 2764 2506 2334
16985 4 2 17 29 2912 2411 2985 2762
16986 4 2 17 29 2475 2745 2246 2418
16987 4 2 17 29 2983 2622 2883 2847
16988 4 2 17 29 2881 2240 2952 2693
16989 4 2 17 29 2360 2235 2745 2709
16990 4 2 17 29 2743 2397 2877 2602
16991 4 2 17 29 2411 2242 2985 3009
16992 4 2 17 29 2414 2242 2685 3009
16993 4 2 17 29 2404 3001 2973 2796
16994 4 2 17 29 2416 2337 2522 2896
16995 4 2 17 29 2716 2662 2306 2538
16996 4 2 17 29 3007 2362 2820 2762
16997 4 2 17 29 2667 2590 2782 2905
16998 4 2 17 29 2811 2947 2791 2541
16999 4 2 17 29 2909 2422 2365 2255
17000 4 2 17 29 2626 2911 2627 2757
17001 4 2 17 29 2243 2471 2278 2846
17002 4 2 17 29 2576 2643 2276 2933
17003 4 2 17 29 2860 2571 2719 2579
17004 4 2 17 29 2851 2387 2627 2757
17005 4 2 17 29 2358 2815 2759 2507
17006 4 2 17 29 2518 2839 2544 2761
17007 4 2 17 29 2330 2387 2796 2757
17008 4 2 17 29 2537 2702 2969 2919
17009 4 2 17 29 2833 2560 2295 2786
17010 4 2 17 29 2296 2290 2385 2876
17011 4 2 17 29 2613 2885 2650 2883
17012 4 2 17 29 2351 2942 2490 2798
17013 4 2 17 29 2994 2476 2842 2968
17014 4 2 17 29 2353 2726 2939 2961
17015 4 2 17 29 2747 2570 2447 2964
17016 4 2 17 29 2374 2784 2903 2823
17017 4 2 17 29 2979 2638 2360 2528
17018 4 2 17 29 2455 2818 2816 2735
17019 4 2 17 29 2309 3001 2669 2796
17020 4 2 17 29 2763 1135 2319 1136
17021 4 2 17 29 2395 2837 2452 2864
17022 4 2 17 29 2318 2967 2573 2572
17023 4 2 17 29 2736 2928 2247 2980
17024 4 2 17 29 2794 1123 1139 2568
17025 4 2 17 29 2653 2944 2584 2398
17026 4 2 17 29 2932 2706 2849 2325
17027 4 2 17 29 2562 2305 2657 2949
17028 4 2 17 29 2664 2744 2951 2254
17029 4 2 17 29 2398 2552 2818 2944
17030 4 2 17 29 2247 2416 2896 2980
17031 4 2 17 29 2706 2325 2652 2463
17032 4 2 17 29 2764 2321 2988 2658
17033 4 2 17 29 2451 2242 3009 2686
17034 4 2 17 29 2416 2483 2746 2980
17035 4 2 17 29 2805 2306 2965 2392
17036 4 2 17 29 2699 2867 2563 2974
17037 4 2 17 29 2502 2332 2857 2252
17038 4 2 17 29 2234 2405 2684 2739
17039 4 2 17 29 2419 2370 2534 2787
17040 4 2 17 29 2671 2356 2759 3001
17041 4 2 17 29 2969 2373 2710 2903
17042 4 2 17 29 2430 2481 2779 2920
17043 4 2 17 29 2986 2874 2852 2531
17044 4 2 17 29 2485 2760 2331 2628
17045 4 2 17 29 2492 2247 2616 2736
17046 4 2 17 29 2552 2314 2668 2818
17047 4 2 17 29 2978 2809 2394 2660
17048 4 2 17 29 2807 2943 2742 2420
17049 4 2 17 29 2998 2591 2955 2848
17050 4 2 17 29 2861 2979 2250 2878
17051 4 2 17 29 2923 2489 2274 2238
17052 4 2 17 29 2241 2799 2721 2865
17053 4 2 17 29 2389 2918 2812 2728
17054 4 2 17 29 2585 2517 2981 2326
17055 4 2 17 29 2937 2307 2835 2580
17056 4 2 17 29 2247 2896 2736 2980
17057 4 2 17 29 2885 2613 2400 2719
17058 4 2 17 29 2840 2326 2981 2540
17059 4 2 17 29 2970 2678 2712 2248
17060 4 2 17 29 2621 2883 2955 2323
17061 4 2 17 29 2618 2965 2392 2891
17062 4 2 17 29 2818 2944 2552 2767
17063 4 2 17 29 2549 2950 2911 2751
17064 4 2 17 29 2702 2537 2969 2297
17065 4 2 17 29 2491 2295 2928 2492
17066 4 2 17 29 2498 2243 2846 2720
17067 4 2 17 29 2421 2336 2957 2746
17068 4 2 17 29 2528 2861 2655 2298
17069 4 2 17 29 1137 1120 2875 1121
17070 4 2 17 29 1128 2340 1127 1144
17071 4 2 17 29 2853 2447 2956 2357
17072 4 2 17 29 2336 2416 2483 2746
17073 4 2 17 29 2859 189 185 1135
17074 4 2 17 29 2276 2946 2933 2643
17075 4 2 17 29 2828 2993 2681 2467
17076 4 2 17 29 2254 2397 2590 2877
17077 4 2 17 29 2351 2940 2830 2942
17078 4 2 17 29 2268 2573 2672 2749
17079 4 2 17 29 2767 2754 2600 2936
17080 4 2 17 29 2592 2586 2849 2774
17081 4 2 17 29 2923 2274 2900 2238
17082 4 2 17 29 2327 2564 2565 3012
17083 4 2 17 29 2381 2930 2792 2769
17084 4 2 17 29 2843 2513 2701 2968
17085 4 2 17 29 2399 2721 2347 2241
17086 4 2 17 29 2791 2259 2959 2811
17087 4 2 17 29 3009 2414 3007 2685
17088 4 2 17 29 2387 2312 2689 2851
17089 4 2 17 29 2878 2546 2946 2741
17090 4 2 17 29 2318 2646 2647 2902
17091 4 2 17 29 2341 2284 2536 2723
17092 4 2 17 29 2883 2621 2622 2323
17093 4 2 17 29 2414 2841 3009 3007
17094 4 2 17 29 2486 2854 2855 2729
17095 4 2 17 29 2470 2892 2245 2724
17096 4 2 17 29 2981 2599 2517 2994
17097 4 2 17 29 2560 2318 2967 2902
17098 4 2 17 29 2946 2643 2276 2426
17099 4 2 17 29 2881 2558 2708 2778
17100 4 2 17 29 2581 2307 2615 2718
17101 4 2 17 29 2356 2507 2671 2759
17102 4 2 17 29 2640 2267 2888 2545
17103 4 2 17 29 2935 2536 2723 3004
17104 4 2 17 29 2534 2674 2731 2924
17105 4 2 17 29 2252 2487 2634 2777
17106 4 2 17 29 2451 3009 2841 3010
17107 4 2 17 29 2444 2302 2454 2958
17108 4 2 17 29 2964 2570 2229 2554
17109 4 2 17 29 2321 2417 2506 2988
17110 4 2 17 29 2316 2244 2932 2785
17111 4 2 17 29 2300 2552 2600 2767
17112 4 2 17 29 2908 2255 2909 2725
17113 4 2 17 29 2702 2876 2919 2296
17114 4 2 17 29 2329 189 185 2859
17115 4 2 17 29 2409 2821 2255 2332
17116 4 2 17 29 2930 2256 2805 2603
17117 4 2 17 29 2528 2250 2655 2979
17118 4 2 17 29 2393 2444 2551 2753
17119 4 2 17 29 2421 2234 2547 2879
17120 4 2 17 29 2283 2527 2992 2676
17121 4 2 17 29 2988 2971 2652 2845
17122 4 2 17 29 2913 2763 2343 2758
17123 4 2 17 29 2630 2806 2370 2952
17124 4 2 17 29 2824 2982 2406 2899
17125 4 2 17 29 2256 2768 2930 2805
17126 4 2 17 29 2404 2669 3001 2796
17127 4 2 17 29 2560 2231 2561 2786
17128 4 2 17 29 2414 2362 3007 2685
17129 4 2 17 29 2534 2924 2453 2268
17130 4 2 17 29 2588 2774 2869 2995
17131 4 2 17 29 2327 2527 2665 2963
17132 4 2 17 29 2358 2249 2508 2815
17133 4 2 17 29 2789 2379 3005 2317
17134 4 2 17 29 2904 2565 2324 2564
17135 4 2 17 29 2259 2541 2811 2791
17136 4 2 17 29 2392 2365 2662 2965
17137 4 2 17 29 2398 2584 2600 2944
17138 4 2 17 29 2488 2252 2634 2977
17139 4 2 17 29 2459 2709 2861 2917
17140 4 2 17 29 3006 2316 2785 2437
17141 4 2 17 29 2925 2674 2924 2731
17142 4 2 17 29 2723 2284 2990 2831
17143 4 2 17 29 2540 3010 2325 2652
17144 4 2 17 29 2369 2572 2573 2929
17145 4 2 17 29 2628 2757 2893 2894
17146 4 2 17 29 2417 2366 2700 2844
17147 4 2 17 29 2399 2532 2799 2241
17148 4 2 17 29 2230 2284 2374 2823
17149 4 2 17 29 2522 2734 2858 2896
17150 4 2 17 29 2449 2876 2296 2942
17151 4 2 17 29 2740 3011 2543 2901
17152 4 2 17 29 2445 2362 3007 2414
17153 4 2 17 29 2993 2722 2449 2291
17154 4 2 17 29 2353 2431 2408 2961
17155 4 2 17 29 2419 2240 2630 2952
17156 4 2 17 29 2798 2526 2992 2283
17157 4 2 17 29 2832 2466 2722 2993
17158 4 2 17 29 2306 2538 2539 2716
17159 4 2 17 29 2524 2974 2984 2713
17160 4 2 17 29 2588 2382 2620 2998
17161 4 2 17 29 2449 2942 2722 2993
17162 4 2 17 29 2647 2672 2749 2926
17163 4 2 17 29 2912 2913 2763 2361
17164 4 2 17 29 2611 2901 2633 2738
17165 4 2 17 29 2524 2699 2974 2277
17166 4 2 17 29 2297 2406 2537 2824
17167 4 2 17 29 2738 2259 2959 2791
17168 4 2 17 29 2317 2261 2379 3005
17169 4 2 17 29 2430 2263 2481 2920
17170 4 2 17 29 2405 2234 2576 2739
17171 4 2 17 29 2404 2313 2485 2973
17172 4 2 17 29 2393 2868 2441 2233
17173 4 2 17 29 2816 2958 2444 2454
17174 4 2 17 29 2906 2771 2365 2909
17175 4 2 17 29 2446 2257 2582 2780
17176 4 2 17 29 2928 2833 2295 2987
17177 4 2 17 29 2267 2437 2939 2589
17178 4 2 17 29 2424 2524 2563 2974
17179 4 2 17 29 2247 2491 2666 2928
17180 4 2 17 29 2306 2440 2639 2716
17181 4 2 17 29 2706 2278 2451 2325
17182 4 2 17 29 2404 2309 2669 2796
17183 4 2 17 29 2567 2301 2754 2413
17184 4 2 17 29 2291 2296 2466 2722
17185 4 2 17 29 2861 2528 2459 2298
17186 4 2 17 29 1150 2367 1134 2368
17187 4 2 17 29 2456 2281 2690 2991
17188 4 2 17 29 2297 2824 2537 2969
17189 4 2 17 29 2917 2986 2336 2459
17190 4 2 17 29 2283 2812 2992 2798
17191 4 2 17 29 2966 2813 2501 2921
17192 4 2 17 29 2882 2384 2733 2874
17193 4 2 17 29 2931 2557 2248 2475
17194 4 2 17 29 2519 2779 2294 2502
17195 4 2 17 29 2290 2351 2830 2942
17196 4 2 17 29 2992 2553 2352 2707
17197 4 2 17 29 2506 2326 2658 2764
17198 4 2 17 29 2984 2450 2524 2713
17199 4 2 17 29 2302 2394 2556 2809
17200 4 2 17 29 2418 2975 2277 2897
17201 4 2 17 29 2311 2362 2439 2820
17202 4 2 17 29 2494 2255 2908 2725
17203 4 2 17 29 2698 2886 2435 2931
17204 4 2 17 29 2476 2623 2994 2842
17205 4 2 17 29 2263 2420 2943 2807
17206 4 2 17 29 2427 2271 2661 2831
17207 4 2 17 29 2581 2484 2304 2766
17208 4 2 17 29 2926 2729 2902 2647
17209 4 2 17 29 2922 2424 2996 2867
17210 4 2 17 29 2549 2303 2469 2751
17211 4 2 17 29 2374 2456 2690 2784
17212 4 2 17 29 2442 2231 2730 2836
17213 4 2 17 29 2611 2390 2610 2960
17214 4 2 17 29 2844 2366 2700 2843
17215 4 2 17 29 2422 2909 2365 2771
17216 4 2 17 29 2786 2967 2902 2560
17217 4 2 17 29 2724 2656 2470 2887
17218 4 2 17 29 1128 2266 1145 1129
17219 4 2 17 29 2634 2488 2977 2695
17220 4 2 17 29 2920 2430 2770 2972
17221 4 2 17 29 2715 3003 2703 3002
17222 4 2 17 29 2565 2327 3012 2727
17223 4 2 17 29 2273 2355 2677 2999
17224 4 2 17 29 2436 2408 2575 2870
17225 4 2 17 29 2853 2407 2614 2460
17226 4 2 17 29 2460 2243 2614 2927
17227 4 2 17 29 2545 2407 2889 2460
17228 4 2 17 29 2493 2910 2480 2705
17229 4 2 17 29 2770 2263 2807 2598
17230 4 2 17 29 2783 2497 2498 2396
17231 4 2 17 29 2306 2805 2479 2392
17232 4 2 17 29 2287 2661 2670 2890
17233 4 2 17 29 2424 2524 2974 2583
17234 4 2 17 29 2697 2359 2755 2895
17235 4 2 17 29 2411 3009 2985 2762
17236 4 2 17 29 2653 2668 2735 2825
17237 4 2 17 29 2742 2807 2420 2597
17238 4 2 17 29 2239 2726 2571 2436
17239 4 2 17 29 2525 2358 2907 2313
17240 4 2 17 29 2556 2394 2615 2809
17241 4 2 17 29 2618 2891 2908 2771
17242 4 2 17 29 2332 2255 2519 2725
17243 4 2 17 29 2888 3006 2939 2267
17244 4 2 17 29 2358 2313 2507 2759
17245 4 2 17 29 2248 2970 2678 2470
17246 4 2 17 29 2485 2973 2907 2893
17247 4 2 17 29 2618 2965 2365 2392
17248 4 2 17 29 2573 2572 2967 2929
17249 4 2 17 29 1125 2793 1124 1141
17250 4 2 17 29 2736 2522 2896 2247
17251 4 2 17 29 2387 2309 2404 2796
17252 4 2 17 29 2980 2483 2852 2666
17253 4 2 17 29 3012 2812 2564 2918
17254 4 2 17 29 1131 1148 1132 2286
17255 4 2 17 29 2496 2899 2982 2834
17256 4 2 17 29 2256 2930 2381 2603
17257 4 2 17 29 2344 2826 2650 2885
17258 4 2 17 29 2689 2312 2516 2851
17259 4 2 17 29 2735 2315 2455 2299
17260 4 2 17 29 2440 2306 2539 2716
17261 4 2 17 29 2400 2578 2613 2885
17262 4 2 17 29 2849 2325 2463 2586
17263 4 2 17 29 2263 2487 2943 2420
17264 4 2 17 29 1149 1132 2346 1133
17265 4 2 17 29 2883 2955 2323 2719
17266 4 2 17 29 2847 2869 2620 2998
17267 4 2 17 29 2472 2295 2492 2833
17268 4 2 17 29 2460 2714 2316 2927
17269 4 2 17 29 2908 2422 2618 2771
17270 4 2 17 29 2819 2638 2360 2979
17271 4 2 17 29 2234 2879 2957 2739
17272 4 2 17 29 2924 2534 2453 2787
17273 4 2 17 29 2354 2351 2526 2940
17274 4 2 17 29 2802 2801 2641 2675
17275 4 2 17 29 2516 2312 2595 2851
17276 4 2 17 29 2621 2847 2998 2955
17277 4 2 17 29 2304 2937 2581 2766
17278 4 2 17 29 2764 2988 2417 2968
17279 4 2 17 29 2686 3010 2325 2540
17280 4 2 17 29 2798 2676 2812 2530
17281 4 2 17 29 2327 2564 3012 2665
17282 4 2 17 29 2552 2314 2818 2753
17283 4 2 17 29 2906 2538 2233 2402
17284 4 2 17 29 2730 2967 2572 2369
17285 4 2 17 29 2386 2876 2385 2290
17286 4 2 17 29 2353 2436 2726 2961
17287 4 2 17 29 2901 2611 2960 2738
17288 4 2 17 29 2427 2287 2456 2831
17289 4 2 17 29 2590 2372 2617 2905
17290 4 2 17 29 2977 2695 2810 2777
17291 4 2 17 29 2343 2319 2763 2361
17292 4 2 17 29 2616 2338 2858 2522
17293 4 2 17 29 2491 2987 2733 2928
17294 4 2 17 29 2271 2341 2461 2804
17295 4 2 17 29 2787 2503 2453 2929
17296 4 2 17 29 2540 2326 2585 2840
17297 4 2 17 29 2600 2767 2398 2944
17298 4 2 17 29 2267 2888 3006 2640
17299 4 2 17 29 2377 2371 2641 2801
17300 4 2 17 29 2821 2409 2938 2332
17301 4 2 17 29 2398 2818 2668 2944
17302 4 2 17 29 2421 2234 2879 2957
17303 4 2 17 29 2949 2562 2305 2835
17304 4 2 17 29 2351 2449 2490 2942
17305 4 2 17 29 2885 2826 2650 2883
17306 4 2 17 29 2263 2770 2430 2598
17307 4 2 17 29 2318 2560 2646 2902
17308 4 2 17 29 2744 2617 2372 2905
17309 4 2 17 29 2804 2341 2462 3004
17310 4 2 17 29 2296 2876 2919 2722
17311 4 2 17 29 2978 2233 2393 2509
17312 4 2 17 29 2745 2882 2235 2475
17313 4 2 17 29 2836 2535 2231 2561
17314 4 2 17 29 2887 2470 2970 2434
17315 4 2 17 29 2295 2786 2987 2833
17316 4 2 17 29 2634 2378 2695 2777
17317 4 2 17 29 2947 2741 2946 2364
17318 4 2 17 29 2692 2296 2702 2919
17319 4 2 17 29 2922 2583 2425 2424
17320 4 2 17 29 2356 3000 2759 3001
17321 4 2 17 29 2581 2359 2484 2766
17322 4 2 17 29 3012 2812 2665 2564
17323 4 2 17 29 2894 2331 2303 2751
17324 4 2 17 29 2706 2849 2325 2463
17325 4 2 17 29 2312 2627 2548 2851
17326 4 2 17 29 2574 2275 2499 2795
17327 4 2 17 29 2230 2284 2823 2536
17328 4 2 17 29 2764 2506 2599 2994
17329 4 2 17 29 2562 2657 2512 2835
17330 4 2 17 29 2797 2659 2720 2357
17331 4 2 17 29 2690 2373 2374 2784
17332 4 2 17 29 2693 2558 2881 2240
17333 4 2 17 29 2415 2570 2747 2964
17334 4 2 17 29 2681 2490 2993 2798
17335 4 2 17 29 2840 2686 3009 2242
17336 4 2 17 29 3009 2585 2985 2840
17337 4 2 17 29 2605 2395 2452 2864
17338 4 2 17 29 2760 2485 2893 2628
17339 4 2 17 29 2989 2930 2381 2256
17340 4 2 17 29 1124 1140 2794 1123
17341 4 2 17 29 2530 2389 2812 2728
17342 4 2 17 29 2344 2565 2649 2997
17343 4 2 17 29 2282 2406 2899 2824
17344 4 2 17 29 2527 2963 2992 2812
17345 4 2 17 29 2525 2907 2953 2954
17346 4 2 17 29 2946 2276 2947 2364
17347 4 2 17 29 2353 2939 2589 2799
17348 4 2 17 29 2388 2491 2733 2852
17349 4 2 17 29 1136 1119 2319 1120
17350 4 2 17 29 2328 2443 2463 2845
17351 4 2 17 29 2350 2761 1135 2319
17352 4 2 17 29 2894 2875 2331 2751
17353 4 2 17 29 2946 2276 2933 2790
17354 4 2 17 29 2512 2556 2562 2835
17355 4 2 17 29 1131 1147 1148 2286
17356 4 2 17 29 2665 2527 2812 2963
17357 4 2 17 29 2768 2936 2914 2412
17358 4 2 17 29 1137 1121 2871 1122
17359 4 2 17 29 2883 2621 2955 2847
17360 4 2 17 29 2667 2587 2696 2782
17361 4 2 17 29 2815 2659 2249 2720
17362 4 2 17 29 2866 2583 2984 2236
17363 4 2 17 29 2465 2464 2953 2954
17364 4 2 17 29 2716 2662 2965 2306
17365 4 2 17 29 2622 2323 2650 2883
17366 4 2 17 29 1126 2260 1125 1141
17367 4 2 17 29 2785 2401 2719 2571
17368 4 2 17 29 2447 2853 2614 2357
17369 4 2 17 29 2272 2935 2536 2593
17370 4 2 17 29 2269 2472 2624 2729
17371 4 2 17 29 2396 2508 2783 2521
17372 4 2 17 29 2526 2352 2940 2992
17373 4 2 17 29 2457 2774 2328 2588
17374 4 2 17 29 2534 2268 2674 2924
17375 4 2 17 29 2281 2690 2991 2784
17376 4 2 17 29 2981 2540 2971 2840
17377 4 2 17 29 2424 2996 2867 2563
17378 4 2 17 29 2528 2709 2979 2861
17379 4 2 17 29 1145 1129 2288 1130
17380 4 2 17 29 2620 2621 2847 2998
17381 4 2 17 29 2825 2754 2584 2944
17382 4 2 17 29 2558 2693 2881 2708
17383 4 2 17 29 3001 2669 3002 2309
17384 4 2 17 29 2532 2353 2589 2799
17385 4 2 17 29 2296 2942 2876 2722
17386 4 2 17 29 2797 2428 2956 3003
17387 4 2 17 29 2993 2467 2466 2291
17388 4 2 17 29 2711 2822 2230 2385
17389 4 2 17 29 2674 2268 2925 2924
17390 4 2 17 29 2622 2983 2375 2847
17391 4 2 17 29 2382 2588 2592 2774
17392 4 2 17 29 2536 3004 2341 2723
17393 4 2 17 29 2242 2762 2685 3009
17394 4 2 17 29 2366 2457 2619 2995
17395 4 2 17 29 2552 2398 2767 2944
17396 4 2 17 29 2398 2552 2668 2818
17397 4 2 17 29 2338 2854 2486 2616
17398 4 2 17 29 2713 2524 2974 2277
17399 4 2 17 29 2403 2287 2772 2663
17400 4 2 17 29 2294 2430 2779 2972
17401 4 2 17 29 2370 2453 2534 2787
17402 4 2 17 29 2538 2716 2965 2906
17403 4 2 17 29 2525 2953 2464 2954
17404 4 2 17 29 2603 2769 2392 2805
17405 4 2 17 29 2347 2399 2510 2721
17406 4 2 17 29 2764 2599 2981 2994
17407 4 2 17 29 1122 2773 2395 2864
17408 4 2 17 29 2592 2382 2774 2998
17409 4 2 17 29 2512 2302 2809 2752
17410 4 2 17 29 2798 2676 2530 2283
17411 4 2 17 29 2276 2946 2947 2790
17412 4 2 17 29 2517 2585 2981 2985
17413 4 2 17 29 2443 2321 2463 2845
17414 4 2 17 29 2327 2553 2963 2636
17415 4 2 17 29 2925 2850 2438 2731
17416 4 2 17 29 2365 2538 2906 2402
17417 4 2 17 29 2883 2621 2847 2622
17418 4 2 17 29 2934 2760 2875 2310
17419 4 2 17 29 2780 2951 2744 2254
17420 4 2 17 29 2281 2456 2663 2991
17421 4 2 17 29 2378 2529 2695 2810
17422 4 2 17 29 1122 2871 1137 1138
17423 4 2 17 29 2532 2961 2353 2799
17424 4 2 17 29 2503 2787 2453 2370
17425 4 2 17 29 2404 2893 2485 2330
17426 4 2 17 29 2355 2273 2462 2999
17427 4 2 17 29 2613 2323 2719 2883
17428 4 2 17 29 2387 2330 2626 2757
17429 4 2 17 29 2990 2456 2991 2831
17430 4 2 17 29 2352 2526 2527 2992
17431 4 2 17 29 2260 1126 1142 1141
17432 4 2 17 29 2485 2313 2907 2973
17433 4 2 17 29 2396 2414 2445 3007
17434 4 2 17 29 2247 2492 2928 2736
17435 4 2 17 29 2358 2691 2953 2800
17436 4 2 17 29 2723 2427 2284 2831
17437 4 2 17 29 2903 2823 2822 2577
17438 4 2 17 29 2370 2419 2630 2952
17439 4 2 17 29 2422 2909 2771 2908
17440 4 2 17 29 2303 2911 2757 2894
17441 4 2 17 29 2701 2417 2700 2968
17442 4 2 17 29 2585 2326 2981 2840
17443 4 2 17 29 2630 2240 2693 2952
17444 4 2 17 29 2466 2296 2692 2722
17445 4 2 17 29 2284 2374 2823 2990
17446 4 2 17 29 2826 2344 2997 2885
17447 4 2 17 29 2392 2261 2618 2891
17448 4 2 17 29 2486 2648 2269 2729
17449 4 2 17 29 1146 1145 2288 1130
17450 4 2 17 29 2815 2358 2759 2800
17451 4 2 17 29 2934 2760 2310 2954
17452 4 2 17 29 2560 2318 2572 2967
17453 4 2 17 29 2678 2970 2892 2470
17454 4 2 17 29 2928 2247 2980 2666
17455 4 2 17 29 2273 2377 2559 2732
17456 4 2 17 29 2839 2599 2517 2320
17457 4 2 17 29 2687 2739 2933 2576
17458 4 2 17 29 2628 2626 2757 2894
17459 4 2 17 29 2618 2965 2891 2365
17460 4 2 17 29 2284 2823 2536 2723
17461 4 2 17 29 2815 3000 2659 2720
17462 4 2 17 29 2359 2895 2484 2766
17463 4 2 17 29 1123 1140 2794 1139
17464 4 2 17 29 2240 2355 2558 2881
17465 4 2 17 29 2341 2804 2462 2461
17466 4 2 17 29 2430 2779 2972 2920
17467 4 2 17 29 2823 2284 2990 2723
17468 4 2 17 29 2374 2456 2784 2990
17469 4 2 17 29 2445 2311 2521 2820
17470 4 2 17 29 1135 1119 2319 1136
17471 4 2 17 29 2433 2806 2900 2245
17472 4 2 17 29 2557 2698 2435 2931
17473 4 2 17 29 2630 2806 2433 2370
17474 4 2 17 29 2588 2774 2382 2998
17475 4 2 17 29 2798 2676 2283 2812
17476 4 2 17 29 2566 2412 2651 2914
17477 4 2 17 29 2399 2267 2510 2888
17478 4 2 17 29 2491 2384 2733 2608
17479 4 2 17 29 2802 2801 2675 2731
17480 4 2 17 29 2231 2560 2572 2967
17481 4 2 17 29 2375 2775 2704 2869
17482 4 2 17 29 2531 2986 2235 2709
17483 4 2 17 29 2362 2445 3007 2820
17484 4 2 17 29 2861 2655 2298 2643
17485 4 2 17 29 2397 2601 2602 2743
17486 4 2 17 29 2433 2952 2630 2693
17487 4 2 17 29 2815 2679 3000 2759
17488 4 2 17 29 2257 2638 2504 3008
17489 4 2 17 29 3012 2997 2565 2727
17490 4 2 17 29 2534 2674 2675 2731
17491 4 2 17 29 2585 2242 3009 2985
17492 4 2 17 29 2994 2517 2981 2839
17493 4 2 17 29 2760 2875 2331 2894
17494 4 2 17 29 2373 2374 2784 2903
17495 4 2 17 29 2952 2433 2708 2693
17496 4 2 17 29 2481 2263 2487 2920
17497 4 2 17 29 2695 2232 2488 2810
17498 4 2 17 29 2403 2287 2670 2772
17499 4 2 17 29 3006 2437 2939 2267
17500 4 2 17 29 2916 2803 2732 2559
17501 4 2 17 29 2276 2607 2631 2790
17502 4 2 17 29 2690 2456 2991 2784
17503 4 2 17 29 2610 2901 2960 2827
17504 4 2 17 29 2865 2241 2941 2830
17505 4 2 17 29 2692 2296 2919 2722
17506 4 2 17 29 2542 2293 2543 3011
17507 4 2 17 29 2804 2574 2271 2795
17508 4 2 17 29 2242 2762 3009 2411
17509 4 2 17 29 2578 2344 2613 2885
17510 4 2 17 29 2836 2561 2733 2384
17511 4 2 17 29 2450 2857 2252 2977
17512 4 2 17 29 2397 2257 2601 3008
17513 4 2 17 29 2400 2719 2401 2571
17514 4 2 17 29 2428 2356 2797 2659
17515 4 2 17 29 2487 2976 2252 2481
17516 4 2 17 29 2686 2840 3009 3010
17517 4 2 17 29 2376 2580 2594 2756
17518 4 2 17 29 2562 2307 2580 2835
17519 4 2 17 29 2330 2387 2404 2796
17520 4 2 17 29 2738 2468 2611 2259
17521 4 2 17 29 2247 2483 2980 2666
17522 4 2 17 29 2659 2498 2249 2720
17523 4 2 17 29 2522 2736 2896 2858
17524 4 2 17 29 2399 2267 2888 2589
17525 4 2 17 29 2274 2829 2489 2923
17526 4 2 17 29 1133 1149 1134 2368
17527 4 2 17 29 2702 2876 2385 2919
17528 4 2 17 29 2933 2298 2687 2576
17529 4 2 17 29 2566 2767 2936 2914
17530 4 2 17 29 2510 2267 2545 2888
17531 4 2 17 29 2411 2242 2585 2985
17532 4 2 17 29 2241 2721 2347 2865
17533 4 2 17 29 2458 2336 2459 2917
17534 4 2 17 29 2370 2952 2806 2787
17535 4 2 17 29 2840 3010 2540 2971
17536 4 2 17 29 2572 2967 2730 2231
17537 4 2 17 29 2312 2387 2627 2851
17538 4 2 17 29 2291 2467 2681 2993
17539 4 2 17 29 2903 2374 2823 2577
17540 4 2 17 29 2459 2709 2528 2861
17541 4 2 17 29 2828 2681 2429 2467
17542 4 2 17 29 2287 2456 2831 2991
17543 4 2 17 29 2299 2653 2668 2735
17544 4 2 17 29 2952 2787 2370 2419
17545 4 2 17 29 1120 1137 2875 1136
17546 4 2 17 29 2626 2911 2757 2303
17547 4 2 17 29 2714 2640 2545 2460
17548 4 2 17 29 2552 2398 2600 2767
17549 4 2 17 29 2635 1131 1147 2348
17550 4 2 17 29 2857 2725 2332 2502
17551 4 2 17 29 2425 2554 2922 2424
17552 4 2 17 29 2834 2813 2945 2280
17553 4 2 17 29 2691 2953 2465 2464
17554 4 2 17 29 2443 2321 2845 2988
17555 4 2 17 29 2340 2338 2856 1128
17556 4 2 17 29 2876 2711 2386 2385
17557 4 2 17 29 2371 2419 2534 2801
17558 4 2 17 29 2572 2967 2929 2369
17559 4 2 17 29 2250 2638 2878 2979
17560 4 2 17 29 2366 2844 2642 2843
17561 4 2 17 29 2399 2532 2589 2799
17562 4 2 17 29 2242 2762 2411 2685
17563 4 2 17 29 2365 2422 2771 2618
17564 4 2 17 29 2551 2314 2552 2753
17565 4 2 17 29 2998 2621 2606 2382
17566 4 2 17 29 2630 2806 2952 2433
17567 4 2 17 29 2764 2321 2506 2988
17568 4 2 17 29 2362 2439 2820 2913
17569 4 2 17 29 2558 2778 2593 2829
17570 4 2 17 29 2987 2733 2608 2491
17571 4 2 17 29 2267 2939 2888 2589
17572 4 2 17 29 2451 2686 3010 2325
17573 4 2 17 29 2900 2433 2274 2708
17574 4 2 17 29 2961 2353 2431 2532
17575 4 2 17 29 2302 2444 2660 2958
17576 4 2 17 29 2702 2876 2296 2385
17577 4 2 17 29 2476 2320 2599 2994
17578 4 2 17 29 2428 2309 2703 3002
17579 4 2 17 29 1149 1150 1134 2368
17580 4 2 17 29 2383 2280 2637 2945
17581 4 2 17 29 2962 2403 2670 2772
17582 4 2 17 29 2497 2278 2846 2498
17583 4 2 17 29 2683 2644 2862 2237
17584 4 2 17 29 2455 2299 2668 2735
17585 4 2 17 29 2576 2298 2643 2933
17586 4 2 17 29 2909 2255 2402 2821
17587 4 2 17 29 2272 3004 2935 2778
17588 4 2 17 29 2234 2576 2739 2687
17589 4 2 17 29 2458 2459 2298 2917
17590 4 2 17 29 2724 2900 2245 2238
17591 4 2 17 29 2256 2479 2805 2603
17592 4 2 17 29 2561 2608 2733 2384
17593 4 2 17 29 2526 2283 2527 2992
17594 4 2 17 29 2366 2417 2443 2844
17595 4 2 17 29 2822 2702 2577 2385
17596 4 2 17 29 2935 2230 2593 2711
17597 4 2 17 29 2362 2311 2445 2820
17598 4 2 17 29 2378 2487 2943 2777
17599 4 2 17 29 2798 2526 2283 2351
17600 4 2 17 29 2425 2644 2717 2873
17601 4 2 17 29 3006 2437 2267 2640
17602 4 2 17 29 2389 2676 2530 2812
17603 4 2 17 29 2294 2481 2502 2779
17604 4 2 17 29 2337 2421 2547 2879
17605 4 2 17 29 2339 2734 2337 2547
17606 4 2 17 29 2404 2893 2973 2485
17607 4 2 17 29 2352 2354 2526 2940
17608 4 2 17 29 2472 2391 2624 2833
17609 4 2 17 29 2588 2328 2592 2774
17610 4 2 17 29 2940 2351 2830 2354
17611 4 2 17 29 2652 2321 2658 2971
17612 4 2 17 29 2874 2388 2852 2531
17613 4 2 17 29 2979 2528 2861 2655
17614 4 2 17 29 2748 2275 2803 2795
17615 4 2 17 29 2784 2456 2991 2990
17616 4 2 17 29 2372 2590 2667 2905
17617 4 2 17 29 2935 2230 2536 2593
17618 4 2 17 29 2541 2811 2951 2477
17619 4 2 17 29 2378 2420 2587 2943
17620 4 2 17 29 2486 2854 2729 2624
17621 4 2 17 29 3005 2379 2792 2769
17622 4 2 17 29 2242 2840 2585 3009
17623 4 2 17 29 2703 3003 2428 3002
17624 4 2 17 29 2235 2874 2882 2745
17625 4 2 17 29 2598 2770 2251 2808
17626 4 2 17 29 2444 2314 2551 2753
17627 4 2 17 29 2752 2569 2315 2349
17628 4 2 17 29 2982 2495 2899 2496
17629 4 2 17 29 2734 2339 2880 2547
17630 4 2 17 29 2649 2565 2904 2997
17631 4 2 17 29 2638 2250 2878 2446
17632 4 2 17 29 2356 2797 3000 3001
17633 4 2 17 29 2423 2766 2484 2862
17634 4 2 17 29 2983 2650 2826 2883
17635 4 2 17 29 2748 2499 2795 2890
17636 4 2 17 29 2484 2304 2766 2596
17637 4 2 17 29 2296 2291 2449 2722
17638 4 2 17 29 2513 2265 2843 2701
17639 4 2 17 29 2896 2522 2734 2337
17640 4 2 17 29 2283 2351 2490 2798
17641 4 2 17 29 2606 2323 2621 2955
17642 4 2 17 29 2402 2906 2365 2909
17643 4 2 17 29 2353 2408 2436 2961
17644 4 2 17 29 2487 2378 2943 2420
17645 4 2 17 29 2241 2354 2941 2830
17646 4 2 17 29 2620 2382 2621 2998
17647 4 2 17 29 2618 3005 2261 2422
17648 4 2 17 29 2355 2558 2881 2778
17649 4 2 17 29 2996 2435 2867 2563
17650 4 2 17 29 2234 2957 2687 2739
17651 4 2 17 29 2232 2529 2602 2743
17652 4 2 17 29 2664 2254 2694 2744
17653 4 2 17 29 2469 2303 2331 2751
17654 4 2 17 29 2968 2506 2417 2764
17655 4 2 17 29 2978 2755 2233 2509
17656 4 2 17 29 2313 2671 2759 2973
17657 4 2 17 29 2511 2555 2373 2710
17658 4 2 17 29 2392 2479 2603 2805
17659 4 2 17 29 2912 2361 2411 2762
17660 4 2 17 29 2394 2302 2660 2809
17661 4 2 17 29 2755 2509 2359 2697
17662 4 2 17 29 2607 2948 2520 2791
17663 4 2 17 29 2561 2836 2535 2384
17664 4 2 17 29 2985 2363 2839 2517
17665 4 2 17 29 2772 2670 2962 2890
17666 4 2 17 29 2487 2378 2634 2777
17667 4 2 17 29 2943 2696 2742 2420
17668 4 2 17 29 2490 2291 2681 2993
17669 4 2 17 29 2403 2962 2500 2289
17670 4 2 17 29 2284 2341 2427 2723
17671 4 2 17 29 2839 2599 2320 2994
17672 4 2 17 29 2338 2856 1128 2410
17673 4 2 17 29 2266 1144 1128 1145
17674 4 2 17 29 2849 2463 2845 2586
17675 4 2 17 29 2362 2361 2439 2913
17676 4 2 17 29 2459 2531 2235 2709
17677 4 2 17 29 2272 2355 2462 2999
17678 4 2 17 29 2408 2431 2625 2961
17679 4 2 17 29 2836 2231 2786 2561
17680 4 2 17 29 2574 2804 2916 2795
17681 4 2 17 29 1138 1122 2817 2604
17682 4 2 17 29 2945 2637 2496 2280
17683 4 2 17 29 2498 2396 2508 2783
17684 4 2 17 29 2569 2958 2302 2752
17685 4 2 17 29 2420 2263 2597 2807
17686 4 2 17 29 2404 2313 2973 2671
17687 4 2 17 29 2756 2550 2376 2950
17688 4 2 17 29 2842 2623 2320 2544
17689 4 2 17 29 2369 2442 2572 2730
17690 4 2 17 29 2625 2707 2431 2352
17691 4 2 17 29 2982 2629 2495 2496
17692 4 2 17 29 2907 2525 2485 2760
17693 4 2 17 29 2919 2822 2876 2385
17694 4 2 17 29 2442 2572 2730 2231
17695 4 2 17 29 2279 2529 2587 2782
17696 4 2 17 29 2548 2851 2627 2911
17697 4 2 17 29 2303 2757 2626 2894
17698 4 2 17 29 2386 2876 2290 2830
17699 4 2 17 29 2793 1140 1124 1141
17700 4 2 17 29 2464 2465 2310 2954
17701 4 2 17 29 2449 2876 2942 2290
17702 4 2 17 29 2371 2377 2419 2801
17703 4 2 17 29 2369 2453 2503 2929
17704 4 2 17 29 2289 2473 2501 2966
17705 4 2 17 29 2598 2770 2430 2251
17706 4 2 17 29 1132 1149 2346 1148
17707 4 2 17 29 2290 2351 2354 2830
17708 4 2 17 29 2370 2433 2503 2806
17709 4 2 17 29 3012 2565 2904 2564
17710 4 2 17 29 1139 1123 2773 2837
17711 4 2 17 29 2350 2319 2448 2761
17712 4 2 17 29 2389 2324 2564 2918
17713 4 2 17 29 2974 2563 2699 2524
17714 4 2 17 29 2768 2256 2567 2412
17715 4 2 17 29 2479 2768 2256 2805
17716 4 2 17 29 1146 1130 2474 2348
17717 4 2 17 29 2455 2818 2314 2816
17718 4 2 17 29 2253 2420 2742 2696
17719 4 2 17 29 2422 2317 2494 2908
17720 4 2 17 29 2260 2259 2541 2811
17721 4 2 17 29 2323 2613 2650 2883
17722 4 2 17 29 2487 2976 2777 2252
17723 4 2 17 29 2231 2560 2967 2786
17724 4 2 17 29 2834 2496 2635 2280
17725 4 2 17 29 2931 2557 2475 2246
17726 4 2 17 29 2803 2916 2612 2559
17727 4 2 17 29 2857 2976 2252 2977
17728 4 2 17 29 2537 2282 2692 2824
17729 4 2 17 29 2499 2271 2574 2795
17730 4 2 17 29 2351 2290 2449 2942
17731 4 2 17 29 2302 2660 2809 2958
17732 4 2 17 29 2358 2521 2691 2800
17733 4 2 17 29 2979 2360 2709 2528
17734 4 2 17 29 2261 2379 3005 2769
17735 4 2 17 29 2588 2322 2995 2869
17736 4 2 17 29 2354 2352 2941 2940
17737 4 2 17 29 2258 2582 2664 2780
17738 4 2 17 29 2695 2488 2977 2810
17739 4 2 17 29 2985 2585 2981 2840
17740 4 2 17 29 3006 2437 2726 2939
17741 4 2 17 29 2454 2315 2816 2569
17742 4 2 17 29 2575 2533 2870 2636
17743 4 2 17 29 2301 2838 2567 2754
17744 4 2 17 29 2899 2495 2286 2496
17745 4 2 17 29 2467 2832 2466 2515
17746 4 2 17 29 2668 2455 2735 2818
17747 4 2 17 29 2508 2358 2815 2800
17748 4 2 17 29 2676 2812 2992 2283
17749 4 2 17 29 2279 2587 2667 2782
17750 4 2 17 29 2449 2876 2290 2296
17751 4 2 17 29 2702 2822 2969 2919
17752 4 2 17 29 2377 2273 2677 2732
17753 4 2 17 29 2369 2442 2730 2503
17754 4 2 17 29 2476 2334 2513 2968
17755 4 2 17 29 2471 2243 2927 2846
17756 4 2 17 29 2384 2388 2491 2733
17757 4 2 17 29 2822 2702 2969 2577
17758 4 2 17 29 2846 2783 2497 2498
17759 4 2 17 29 2253 2372 2667 2905
17760 4 2 17 29 2588 2620 2869 2998
17761 4 2 17 29 2403 2289 2505 2921
17762 4 2 17 29 2448 2518 2544 2761
17763 4 2 17 29 2463 2321 2652 2845
17764 4 2 17 29 2672 2926 2342 2925
17765 4 2 17 29 2977 2252 2634 2777
17766 4 2 17 29 2314 2455 2668 2818
17767 4 2 17 29 2638 2504 2819 2360
17768 4 2 17 29 2400 2323 2401 2719
17769 4 2 17 29 2760 2875 2310 2331
17770 4 2 17 29 2908 2317 2494 2789
17771 4 2 17 29 2387 2626 2627 2757
17772 4 2 17 29 2363 2912 2518 2448
17773 4 2 17 29 2403 2962 2921 2772
17774 4 2 17 29 2495 2406 2629 2982
17775 4 2 17 29 2439 2913 2343 2758
17776 4 2 17 29 2367 2619 2704 2737
17777 4 2 17 29 2358 2508 2521 2800
17778 4 2 17 29 2374 2823 2577 2230
17779 4 2 17 29 2700 2843 2701 2968
17780 4 2 17 29 2969 2903 2822 2577
17781 4 2 17 29 2372 2617 2744 2478
17782 4 2 17 29 2406 2285 2629 2982
17783 4 2 17 29 2391 2492 2616 2736
17784 4 2 17 29 3001 2356 2428 2669
17785 4 2 17 29 2485 2313 2525 2907
17786 4 2 17 29 2393 2509 2660 2978
17787 4 2 17 29 2417 2443 2844 2988
17788 4 2 17 29 2841 2414 2451 2497
17789 4 2 17 29 2582 2446 2780 2258
17790 4 2 17 29 2365 2965 2891 2771
17791 4 2 17 29 2773 1122 1138 2864
17792 4 2 17 29 2349 2817 2752 2871
17793 4 2 17 29 2469 2331 2875 2751
17794 4 2 17 29 2511 2285 2555 2710
17795 4 2 17 29 2322 2457 2588 2995
17796 4 2 17 29 2507 2249 2815 2679
17797 4 2 17 29 2976 2502 2857 2252
17798 4 2 17 29 2499 2288 2500 2748
17799 4 2 17 29 2999 3004 2272 2778
17800 4 2 17 29 2459 2336 2531 2986
17801 4 2 17 29 2621 2998 2606 2955
17802 4 2 17 29 2527 2992 2676 2812
17803 4 2 17 29 2251 2972 2645 2789
17804 4 2 17 29 2233 2755 2906 2402
17805 4 2 17 29 2497 2396 3007 2414
17806 4 2 17 29 2231 2442 2535 2836
17807 4 2 17 29 2707 2431 2352 2941
17808 4 2 17 29 2255 2422 2494 2908
17809 4 2 17 29 2626 2911 2303 2627
17810 4 2 17 29 2945 2637 2629 2496
17811 4 2 17 29 2282 2406 2495 2899
17812 4 2 17 29 2817 2871 1122 1138
17813 4 2 17 29 2709 2819 2360 2979
17814 4 2 17 29 2976 2502 2481 2779
17815 4 2 17 29 2328 2586 2592 2774
17816 4 2 17 29 3003 2423 2715 2703
17817 4 2 17 29 2906 2662 2365 2965
17818 4 2 17 29 2365 2891 2618 2771
17819 4 2 17 29 2543 3011 2740 2880
17820 4 2 17 29 2266 2342 2750 2673
17821 4 2 17 29 2944 2653 2584 2825
17822 4 2 17 29 2334 2476 2599 2994
17823 4 2 17 29 2491 2295 2987 2928
17824 4 2 17 29 2520 2790 2607 2276
17825 4 2 17 29 2905 2742 2253 2898
17826 4 2 17 29 2497 2846 2278 2841
17827 4 2 17 29 2970 2698 2886 2434
17828 4 2 17 29 2880 2339 2543 2542
17829 4 2 17 29 2873 2644 2683 2415
17830 4 2 17 29 2466 2291 2722 2993
17831 4 2 17 29 2453 2369 2573 2929
17832 4 2 17 29 2769 2603 2392 2261
17833 4 2 17 29 2778 2935 2272 2593
17834 4 2 17 29 2541 2364 2609 2741
17835 4 2 17 29 2309 2428 2669 3002
17836 4 2 17 29 2858 2338 2523 2522
17837 4 2 17 29 2299 2735 2604 2864
17838 4 2 17 29 2250 2446 2546 2878
17839 4 2 17 29 2631 2468 2632 2872
17840 4 2 17 29 2457 2774 2588 2995
17841 4 2 17 29 2789 2379 2792 3005
17842 4 2 17 29 2601 2232 2602 2743
17843 4 2 17 29 2273 2559 2612 2732
17844 4 2 17 29 2911 2550 2950 2549
17845 4 2 17 29 2571 2860 2726 2239
17846 4 2 17 29 2375 2621 2622 2847
17847 4 2 17 29 2284 2456 2831 2427
17848 4 2 17 29 2261 2392 2769 2891
17849 4 2 17 29 2490 2681 2682 2798
17850 4 2 17 29 2565 3012 2904 2997
17851 4 2 17 29 2406 2282 2537 2824
17852 4 2 17 29 2322 2620 2704 2869
17853 4 2 17 29 2305 2376 2550 2950
17854 4 2 17 29 2366 2457 2995 2844
17855 4 2 17 29 2488 2713 2450 2977
17856 4 2 17 29 2309 2387 2689 2796
17857 4 2 17 29 2794 2381 2792 2380
17858 4 2 17 29 2744 2694 2477 2478
17859 4 2 17 29 2869 2375 2847 2620
17860 4 2 17 29 2708 2558 2274 2829
17861 4 2 17 29 2744 2694 2951 2477
17862 4 2 17 29 2403 2962 2670 2500
17863 4 2 17 29 2324 2346 2776 2333
17864 4 2 17 29 2950 2305 2949 2549
17865 4 2 17 29 2507 2313 2671 2759
17866 4 2 17 29 2839 2599 2994 2517
17867 4 2 17 29 2519 2779 2502 2725
17868 4 2 17 29 2827 187 191 2390
17869 4 2 17 29 2670 2499 2500 2890
17870 4 2 17 29 2575 2408 2636 2870
17871 4 2 17 29 2276 2364 2520 2947
17872 4 2 17 29 2465 2953 2758 2954
17873 4 2 17 29 2797 2428 3003 3002
17874 4 2 17 29 2435 2557 2931 2246
17875 4 2 17 29 2986 2874 2235 2709
17876 4 2 17 29 2566 2300 2600 2767
17877 4 2 17 29 2673 2750 2438 2925
17878 4 2 17 29 2936 2600 2767 2566
17879 4 2 17 29 2303 2627 2911 2548
17880 4 2 17 29 2235 2874 2986 2531
17881 4 2 17 29 2388 2483 2666 2852
17882 4 2 17 29 2261 2603 2381 2769
17883 4 2 17 29 2420 2587 2943 2696
17884 4 2 17 29 2366 2443 2457 2844
17885 4 2 17 29 2272 2355 2999 2778
17886 4 2 17 29 2462 2272 2999 3004
17887 4 2 17 29 1128 1144 2266 2410
17888 4 2 17 29 2593 2778 2935 2829
17889 4 2 17 29 2430 2294 2645 2972
17890 4 2 17 29 2611 2960 2738 2259
17891 4 2 17 29 2768 2930 2989 2256
17892 4 2 17 29 2628 2331 2303 2894
17893 4 2 17 29 2384 2836 2535 2882
17894 4 2 17 29 2502 2976 2481 2252
17895 4 2 17 29 2962 2403 2921 2289
17896 4 2 17 29 2457 2322 2619 2995
17897 4 2 17 29 2456 2284 2831 2990
17898 4 2 17 29 2363 2912 2319 2361
17899 4 2 17 29 2639 2440 2651 2914
17900 4 2 17 29 2401 2955 2848 2719
17901 4 2 17 29 2629 2982 2945 2496
17902 4 2 17 29 2483 2388 2531 2852
17903 4 2 17 29 2458 2298 2687 2917
17904 4 2 17 29 2638 2819 2504 3008
17905 4 2 17 29 2441 2440 2539 2868
17906 4 2 17 29 2854 2338 2858 2616
17907 4 2 17 29 2650 2622 2883 2983
17908 4 2 17 29 2417 2334 2506 2968
17909 4 2 17 29 2762 2361 2913 2912
17910 4 2 17 29 2645 2294 2680 2972
17911 4 2 17 29 2389 2564 2665 2812
17912 4 2 17 29 2364 2546 2609 2741
17913 4 2 17 29 2556 2307 2562 2835
17914 4 2 17 29 2379 2789 2251 2317
17915 4 2 17 29 2345 2983 2375 2622
17916 4 2 17 29 2246 2699 2867 2563
17917 4 2 17 29 2361 2439 2913 2343
17918 4 2 17 29 2466 2282 2515 2832
17919 4 2 17 29 2934 2763 2343 1136
17920 4 2 17 29 2389 2564 2812 2918
17921 4 2 17 29 2295 2786 2561 2987
17922 4 2 17 29 2304 2766 2596 2915
17923 4 2 17 29 2600 2413 2936 2754
17924 4 2 17 29 2580 2307 2581 2937
17925 4 2 17 29 2315 2455 2816 2735
17926 4 2 17 29 2452 2584 2653 2825
17927 4 2 17 29 2486 2854 2338 2410
17928 4 2 17 29 1132 2346 2333 1148
17929 4 2 17 29 2953 2691 2465 2758
17930 4 2 17 29 2322 2588 2620 2869
17931 4 2 17 29 2244 2401 2591 2848
17932 4 2 17 29 2649 2776 2826 2904
17933 4 2 17 29 3010 2686 2840 2540
17934 4 2 17 29 2841 2278 2497 2451
17935 4 2 17 29 2843 2765 2265 2513
17936 4 2 17 29 2268 2672 2673 2925
17937 4 2 17 29 2486 2854 2624 2391
17938 4 2 17 29 2520 2364 2541 2947
17939 4 2 17 29 2680 2645 2972 2789
17940 4 2 17 29 2391 2472 2492 2833
17941 4 2 17 29 2485 2330 2893 2628
17942 4 2 17 29 2270 2802 2559 2641
17943 4 2 17 29 2345 2622 2650 2983
17944 4 2 17 29 2372 2898 2262 2478
17945 4 2 17 29 2494 2317 2680 2789
17946 4 2 17 29 2906 2965 2365 2771
17947 4 2 17 29 2679 3000 2659 2249
17948 4 2 17 29 2947 2520 2791 2541
17949 4 2 17 29 2918 2904 2564 3012
17950 4 2 17 29 2549 2949 2950 2751
17951 4 2 17 29 2304 2580 2581 2937
17952 4 2 17 29 2334 2764 2506 2968
17953 4 2 17 29 2317 2908 2422 3005
17954 4 2 17 29 2495 2515 2282 2899
17955 4 2 17 29 2246 2931 2435 2867
17956 4 2 17 29 2428 2797 3001 3002
17957 4 2 17 29 2549 2911 2303 2751
17958 4 2 17 29 2428 3001 2669 3002
17959 4 2 17 29 2355 2240 2677 2881
17960 4 2 17 29 2901 2293 2610 2611
17961 4 2 17 29 2729 2269 2486 2624
17962 4 2 17 29 2232 2529 2810 2695
17963 4 2 17 29 2519 2332 2725 2502
17964 4 2 17 29 2858 2523 2734 2522
17965 4 2 17 29 2808 2598 2597 2264
17966 4 2 17 29 2854 2486 2855 2410
17967 4 2 17 29 2317 2908 3005 2789
17968 4 2 17 29 2396 2497 3007 2783
17969 4 2 17 29 2412 2566 2567 2936
17970 4 2 17 29 2448 2363 2912 2319
17971 4 2 17 29 2491 2295 2608 2987
17972 4 2 17 29 2496 2286 2899 2834
17973 4 2 17 29 2500 2814 2474 2289
17974 4 2 17 29 2365 2538 2662 2906
17975 4 2 17 29 2479 2768 2412 2256
17976 4 2 17 29 2706 2451 3010 2325
17977 4 2 17 29 2780 2951 2664 2258
17978 4 2 17 29 2543 3011 2293 2901
17979 4 2 17 29 2982 2945 2496 2834
17980 4 2 17 29 2495 2406 2982 2899
17981 4 2 17 29 2509 2394 2660 2978
17982 4 2 17 29 2328 2463 2586 2845
17983 4 2 17 29 2311 2465 2691 2758
17984 4 2 17 29 2422 2909 2908 2255
17985 4 2 17 29 2618 3005 2891 2261
17986 4 2 17 29 2405 2631 2632 2872
17987 4 2 17 29 2597 2263 2598 2807
17988 4 2 17 29 2257 2601 3008 2504
17989 4 2 17 29 1145 1129 2275 2288
17990 4 2 17 29 2364 2541 2947 2741
17991 4 2 17 29 2363 2985 2839 2912
17992 4 2 17 29 2324 2776 2649 2904
17993 4 2 17 29 2323 2400 2613 2719
17994 4 2 17 29 2965 2662 2538 2906
17995 4 2 17 29 2375 2620 2621 2847
17996 4 2 17 29 2586 2244 2592 2849
17997 4 2 17 29 2379 2261 2381 2769
17998 4 2 17 29 2334 2476 2994 2968
17999 4 2 17 29 2467 2993 2466 2832
18000 4 2 17 29 2623 2842 2432 2544
18001 4 2 17 29 2750 2342 2266 2648
18002 4 2 17 29 2429 2828 2467 2292
18003 4 2 17 29 2438 2266 2750 2673
18004 4 2 17 29 2964 2415 2570 2554
18005 4 2 17 29 2289 2501 2505 2921
18006 4 2 17 29 2334 2994 2764 2968
18007 4 2 17 29 2790 2520 2607 2948
18008 4 2 17 29 2412 2639 2651 2914
18009 4 2 17 29 2985 2363 2411 2912
18010 4 2 17 29 2232 2529 2743 2810
18011 4 2 17 29 2787 2503 2806 2370
18012 4 2 17 29 2604 1138 1122 2864
18013 4 2 17 29 1129 2266 1145 2850
18014 4 2 17 29 2828 2515 2292 2788
18015 4 2 17 29 2289 2501 2921 2966
18016 4 2 17 29 2665 2527 2676 2812
18017 4 2 17 29 2699 2975 2246 2867
18018 4 2 17 29 2368 2737 2367 2704
18019 4 2 17 29 2515 2832 2282 2899
18020 4 2 17 29 2550 2911 2548 2549
18021 4 2 17 29 2366 2995 2619 2844
18022 4 2 17 29 2286 2788 2899 2834
18023 4 2 17 29 2600 2584 2754 2944
18024 4 2 17 29 2761 2448 2912 2319
18025 4 2 17 29 2823 2822 2577 2230
18026 4 2 17 29 2797 2356 2428 3001
18027 4 2 17 29 2423 2862 2237 3003
18028 4 2 17 29 2314 2454 2455 2816
18029 4 2 17 29 2802 2270 2850 2731
18030 4 2 17 29 2935 2536 3004 2272
18031 4 2 17 29 2295 2561 2608 2987
18032 4 2 17 29 2823 2935 2230 2536
18033 4 2 17 29 2750 2342 2926 2925
18034 4 2 17 29 2874 2384 2733 2388
18035 4 2 17 29 2574 2461 2612 2916
18036 4 2 17 29 2251 2770 2972 2789
18037 4 2 17 29 2276 2520 2790 2947
18038 4 2 17 29 2596 2594 2915 2595
18039 4 2 17 29 2628 2760 2331 2894
18040 4 2 17 29 2413 2600 2936 2566
18041 4 2 17 29 2363 2361 2411 2912
18042 4 2 17 29 2869 2704 2375 2620
18043 4 2 17 29 2287 2427 2661 2831
18044 4 2 17 29 2907 2525 2310 2954
18045 4 2 17 29 2305 2950 2550 2549
18046 4 2 17 29 2352 2625 2707 2553
18047 4 2 17 29 2345 2776 2983 2826
18048 4 2 17 29 2579 2578 2860 2239
18049 4 2 17 29 2518 2912 2363 2839
18050 4 2 17 29 2339 2880 2684 2542
18051 4 2 17 29 2647 2342 2672 2926
18052 4 2 17 29 2467 2828 2832 2515
18053 4 2 17 29 2611 2293 2633 2901
18054 4 2 17 29 2420 2253 2742 2597
18055 4 2 17 29 2438 2750 2850 2925
18056 4 2 17 29 2522 2523 2734 2337
18057 4 2 17 29 2841 2414 2497 3007
18058 4 2 17 29 2775 2375 2983 2847
18059 4 2 17 29 2268 2674 2925 2673
18060 4 2 17 29 2317 2251 2645 2789
18061 4 2 17 29 2822 2702 2385 2919
18062 4 2 17 29 2669 2356 2671 3001
18063 4 2 17 29 2814 2966 2289 2921
18064 4 2 17 29 2596 2715 2423 2595
18065 4 2 17 29 2517 2320 2518 2839
18066 4 2 17 29 2317 2645 2680 2789
18067 4 2 17 29 2790 2520 2948 2947
18068 4 2 17 29 2664 2609 2258 2951
18069 4 2 17 29 2649 2983 2345 2650
18070 4 2 17 29 2649 2344 2997 2826
18071 4 2 17 29 2477 2609 2664 2951
18072 4 2 17 29 2673 2672 2342 2925
18073 4 2 17 29 2411 2362 2685 2762
18074 4 2 17 29 2592 2244 2848 2849
18075 4 2 17 29 2522 2736 2858 2616
18076 4 2 17 29 2904 2324 2776 2918
18077 4 2 17 29 2811 2541 2260 2477
18078 4 2 17 29 2760 2525 2485 2310
18079 4 2 17 29 1136 2343 2934 1120
18080 4 2 17 29 2566 2413 2567 2936
18081 4 2 17 29 2335 2432 2842 2544
18082 4 2 17 29 2918 2324 2776 2333
18083 4 2 17 29 2259 2607 2520 2791
18084 4 2 17 29 2976 2252 2977 2777
18085 4 2 17 29 2286 1131 1147 2635
18086 4 2 17 29 2253 2372 2905 2898
18087 4 2 17 29 2280 2383 2501 2813
18088 4 2 17 29 2293 2610 2543 2901
18089 4 2 17 29 2315 2817 2752 2349
18090 4 2 17 29 2546 2609 2741 2258
18091 4 2 17 29 2405 2632 2688 2872
18092 4 2 17 29 2255 2494 2519 2725
18093 4 2 17 29 2244 2591 2592 2848
18094 4 2 17 29 2253 2667 2696 2742
18095 4 2 17 29 2500 2288 2474 2748
18096 4 2 17 29 2951 2694 2744 2664
18097 4 2 17 29 2926 2342 2648 2647
18098 4 2 17 29 2271 2499 2661 2795
18099 4 2 17 29 2499 2795 2890 2661
18100 4 2 17 29 2261 3005 2891 2769
18101 4 2 17 29 2473 2280 2501 2813
18102 4 2 17 29 2653 2452 2825 2654
18103 4 2 17 29 2741 2951 2258 2609
18104 4 2 17 29 2803 2275 2270 2559
18105 4 2 17 29 2748 2499 2275 2795
18106 4 2 17 29 2765 2859 2329 2335
18107 4 2 17 29 2289 2962 2814 2921
18108 4 2 17 29 2302 2512 2569 2752
18109 4 2 17 29 1121 2875 1137 2469
18110 4 2 17 29 2574 2275 2916 2612
18111 4 2 17 29 2648 2486 2855 2729
18112 4 2 17 29 2579 2860 2571 2239
18113 4 2 17 29 2664 2477 2951 2694
18114 4 2 17 29 2594 2304 2596 2915
18115 4 2 17 29 2826 2345 2776 2649
18116 4 2 17 29 2817 2604 2735 2864
18117 4 2 17 29 2379 2381 2792 2769
18118 4 2 17 29 2649 2983 2650 2826
18119 4 2 17 29 2280 2383 2813 2945
18120 4 2 17 29 2907 2525 2760 2310
18121 4 2 17 29 2718 2509 2615 2359
18122 4 2 17 29 2391 2486 2854 2616
18123 4 2 17 29 2253 2742 2905 2667
18124 4 2 17 29 2514 2329 2335 2765
18125 4 2 17 29 2890 2670 2499 2661
18126 4 2 17 29 1119 2350 1135 2319
18127 4 2 17 29 2339 2543 2740 2880
18128 4 2 17 29 3000 2659 2356 2679
18129 4 2 17 29 2310 2760 2907 2954
18130 4 2 17 29 2338 2523 2340 2856
18131 4 2 17 29 2500 2748 2962 2890
18132 4 2 17 29 2513 2334 2701 2968
18133 4 2 17 29 2530 2283 2682 2798
18134 4 2 17 29 2454 2315 2455 2816
18135 4 2 17 29 2356 2797 2659 3000
18136 4 2 17 29 2814 2966 2474 2289
18137 4 2 17 29 2947 2520 2948 2791
18138 4 2 17 29 2324 2776 2345 2649
18139 4 2 17 29 2310 2525 2464 2954
18140 4 2 17 29 2997 2904 2649 2826
18141 4 2 17 29 1136 2934 2875 1120
18142 4 2 17 29 2333 2292 1132 1148
18143 4 2 17 29 2581 2718 2615 2359
18144 4 2 17 29 2486 2855 2410 2648
18145 4 2 17 29 2584 2413 2600 2754
18146 4 2 17 29 2966 2474 2473 2781
18147 4 2 17 29 2474 2966 2814 2781
18148 4 2 17 29 2303 2548 2911 2549
18149 4 2 17 29 2249 2679 3000 2815
18150 4 2 17 29 2410 2855 2266 2648
18151 4 2 17 29 2808 2598 2807 2597
18152 4 2 17 29 2750 2342 2648 2926
18153 4 2 17 29 2674 2925 2438 2731
18154 4 2 17 29 2610 2901 2611 2960
18155 4 2 17 29 2333 2918 2389 2728
18156 4 2 17 29 1130 2288 1146 2474
18157 4 2 17 29 2500 2962 2748 2814
18158 4 2 17 29 2363 2517 2518 2839
18159 4 2 17 29 2334 2417 2701 2968
18160 4 2 17 29 2960 2738 2259 2959
18161 4 2 17 29 2344 2649 2650 2826
18162 4 2 17 29 2789 2379 2251 2792
18163 4 2 17 29 2501 2473 2813 2966
18164 4 2 17 29 2311 2439 2465 2758
18165 4 2 17 29 2814 2500 2962 2289
18166 4 2 17 29 2675 2438 2270 2731
18167 4 2 17 29 2768 2567 2936 2412
18168 4 2 17 29 1125 2260 2262 1141
18169 4 2 17 29 2971 2652 2540 2658
18170 4 2 17 29 2584 2754 2301 2413
18171 4 2 17 29 2748 2500 2814 2474
18172 4 2 17 29 2270 2802 2641 2675
18173 4 2 17 29 2412 2566 2936 2914
18174 4 2 17 29 2628 2303 2626 2894
18175 4 2 17 29 2855 2750 2266 2648
18176 4 2 17 29 2675 2674 2438 2731
18177 4 2 17 29 2633 2468 2611 2738
18178 4 2 17 29 2738 2607 2468 2259
18179 4 2 17 29 2642 2265 2700 2843
18180 4 2 17 29 2854 2338 2856 2858
18181 4 2 17 29 2703 2423 2715 2516
18182 4 2 17 29 2904 2918 2564 2324
18183 4 2 17 29 2283 2682 2798 2490
18184 4 2 17 29 2544 2448 2761 2350
18185 4 2 17 29 1142 1126 2959 2390
18186 4 2 17 29 2265 2700 2843 2701
18187 4 2 17 29 2838 1139 1123 2568
18188 4 2 17 29 2715 2423 2595 2516
18189 4 2 17 29 2684 2880 2339 2547
18190 4 2 17 29 2670 2500 2962 2890
18191 4 2 17 29 1128 2856 2340 1144
18192 4 2 17 29 2389 2665 2676 2812
18193 4 2 17 29 1144 1128 2856 2410
18194 4 2 17 29 2930 2381 2603 2769
18195 4 2 17 29 2763 2319 2912 2361
18196 4 2 17 29 2270 2802 2675 2731
18197 4 2 17 29 2837 2301 2452 2584
18198 4 2 17 29 2948 2607 2738 2259
18199 4 2 17 29 2389 2530 2333 2728
18200 4 2 17 29 2649 2983 2826 2345
18201 4 2 17 29 2438 2673 2925 2674
18202 4 2 17 29 2270 2802 2803 2559
18203 4 2 17 29 2605 2299 2604 2864
18204 4 2 17 29 2476 2432 2623 2842
18205 4 2 17 29 2776 2918 2333 2728
18206 4 2 17 29 2913 2763 2361 2343
18207 4 2 17 29 2948 2607 2259 2791
18208 4 2 17 29 2381 2792 2380 2379
18209 4 2 17 29 2251 2380 2792 2379
18210 4 2 17 29 2515 2467 2828 2292
18211 4 2 17 29 2254 2617 2694 2744
18212 4 2 17 29 1135 2859 2350 1119
18213 4 2 17 29 2775 2704 2368 2375
18214 4 2 17 29 2275 2499 2748 2288
18215 4 2 17 29 2949 2657 2752 2349
18216 4 2 17 29 2260 2811 2477 2478
18217 4 2 17 29 2758 2343 2439 2465
18218 4 2 17 29 2368 1133 1149 2346
18219 4 2 17 29 2375 2775 2983 2345
18220 4 2 17 29 2945 2496 2834 2280
18221 4 2 17 29 2301 2837 2754 2584
18222 4 2 17 29 2438 2850 2270 2731
18223 4 2 17 29 2275 2803 2612 2559
18224 4 2 17 29 2856 2338 2523 2858
18225 4 2 17 29 2694 2744 2617 2478
18226 4 2 17 29 2530 2333 2728 2429
18227 4 2 17 29 2960 2610 2827 2390
18228 4 2 17 29 2499 2748 2500 2890
18229 4 2 17 29 2342 2750 2673 2925
18230 4 2 17 29 2569 2752 2512 2349
18231 4 2 17 29 2794 2930 2381 2989
18232 4 2 17 29 2259 2738 2948 2791
18233 4 2 17 29 2657 2512 2752 2349
18234 4 2 17 29 2765 2514 2513 2335
18235 4 2 17 29 2265 2765 2514 2513
18236 4 2 17 29 2916 2275 2803 2612
18237 4 2 17 29 2850 2266 2750 2438
18238 4 2 17 29 2737 2642 2367 2619
18239 4 2 17 29 189 2765 2859 2329
18240 4 2 17 29 2737 1149 2775 2368
18241 4 2 17 29 189 2765 2329 1150
18242 4 2 17 29 1120 2310 2343 2934
18243 4 2 17 29 1124 2381 2568 2794
18244 4 2 17 29 1121 1122 2349 2871
18245 4 2 17 29 2554 2964 2873 2922
18246 4 2 17 29 2873 2644 2717 2862
18247 4 2 17 29 1125 2380 1124 2793
18248 4 2 17 29 2740 1143 2827 2482
18249 4 2 17 29 2745 2931 2882 2475
18250 4 2 17 29 1125 2264 2380 2793
18251 4 2 17 29 1147 2781 2834 2635
18252 4 2 17 29 186 1123 2395 2773
18253 4 2 17 29 1147 192 2781 2348
18254 4 2 17 29 192 1146 2781 2348
18255 4 2 17 29 2259 1126 2390 2959
18256 4 2 17 29 2478 2811 2898 2262
18257 4 2 17 29 2478 2898 2811 2744
18258 4 2 17 29 2873 2862 2683 2644
18259 4 2 17 29 2683 2862 2873 2747
18260 4 2 17 29 2798 2681 2828 2993
18261 4 2 17 29 2828 2681 2798 2429
18262 4 2 17 29 1120 2310 2875 2331
18263 4 2 17 29 1120 2875 2310 2934
18264 4 2 17 29 2781 2834 2473 2813
18265 4 2 17 29 2781 2473 2834 2635
18266 4 2 17 29 2280 2473 2834 2813
18267 4 2 17 29 2280 2834 2473 2635
18268 4 2 17 29 2259 1126 2811 2260
18269 4 2 17 29 2259 2811 1126 2959
18270 4 2 17 29 1142 2811 1126 2260
18271 4 2 17 29 1142 1126 2811 2959
18272 4 2 17 29 2720 2783 2249 2815
18273 4 2 17 29 2720 2249 2783 2498
18274 4 2 17 29 2508 2249 2783 2815
18275 4 2 17 29 2508 2783 2249 2498
18276 4 2 17 29 2349 2817 1122 2604
18277 4 2 17 29 2349 1122 2817 2871
18278 4 2 17 29 1145 2748 2275 2803
18279 4 2 17 29 1145 2275 2748 2288
18280 4 2 17 29 2931 2882 2248 2712
18281 4 2 17 29 2931 2248 2882 2475
18282 4 2 17 29 2535 2248 2882 2712
18283 4 2 17 29 2535 2882 2248 2475
18284 4 2 17 29 2654 2735 2653 2299
18285 4 2 17 29 2654 2653 2735 2825
18286 4 2 17 29 2960 2390 2259 2611
18287 4 2 17 29 2960 2259 2390 2959
18288 4 2 17 29 1148 2776 2333 2728
18289 4 2 17 29 1148 2333 2776 2346
18290 4 2 17 29 2378 2782 2810 2943
18291 4 2 17 29 2378 2810 2782 2529
18292 4 2 17 29 2703 2796 2715 3002
18293 4 2 17 29 2715 2796 2703 2689
18294 4 2 17 29 2319 2343 1136 1120
18295 4 2 17 29 1136 2343 2319 2763
18296 4 2 17 29 2237 2447 2747 2683
18297 4 2 17 29 2237 2747 2447 2956
18298 4 2 17 29 2774 2443 2457 2328
18299 4 2 17 29 2774 2457 2443 2844
18300 4 2 17 29 2898 2808 2253 2264
18301 4 2 17 29 2898 2253 2808 2742
18302 4 2 17 29 2597 2253 2808 2264
18303 4 2 17 29 2597 2808 2253 2742
18304 4 2 17 29 2825 2605 2735 2654
18305 4 2 17 29 2825 2735 2605 2864
18306 4 2 17 29 2299 2735 2605 2654
18307 4 2 17 29 2299 2605 2735 2864
18308 4 2 17 29 2804 2273 2462 2461
18309 4 2 17 29 2804 2462 2273 2999
18310 4 2 17 29 2938 2409 2866 2236
18311 4 2 17 29 2938 2866 2409 2717
18312 4 2 17 29 2425 2866 2409 2236
18313 4 2 17 29 2425 2409 2866 2717
18314 4 2 17 29 2555 2824 2297 2969
18315 4 2 17 29 2555 2297 2824 2406
18316 4 2 17 29 2776 1149 2368 2775
18317 4 2 17 29 2368 1149 2776 2346
18318 4 2 17 29 2368 2345 2776 2775
18319 4 2 17 29 2776 2345 2368 2346
18320 4 2 17 29 2963 2533 2870 2727
18321 4 2 17 29 2963 2870 2533 2636
18322 4 2 17 29 2279 2743 2529 2782
18323 4 2 17 29 2279 2529 2743 2602
18324 4 2 17 29 2793 2264 1141 1125
18325 4 2 17 29 2793 1141 2264 2898
18326 4 2 17 29 2262 1141 2264 1125
18327 4 2 17 29 2262 2264 1141 2898
18328 4 2 17 29 2802 2377 2559 2641
18329 4 2 17 29 2802 2559 2377 2732
18330 4 2 17 29 2861 2426 2643 2946
18331 4 2 17 29 2861 2643 2426 2655
18332 4 2 17 29 2610 2827 2740 2901
18333 4 2 17 29 2740 2827 2610 2482
18334 4 2 17 29 2740 2543 2610 2901
18335 4 2 17 29 2610 2543 2740 2482
18336 4 2 17 29 2416 2879 2337 2896
18337 4 2 17 29 2416 2337 2879 2421
18338 4 2 17 29 2367 2265 2765 2514
18339 4 2 17 29 2264 2251 2793 2808
18340 4 2 17 29 2264 2793 2251 2380
18341 4 2 17 29 2792 2793 2251 2808
18342 4 2 17 29 2792 2251 2793 2380
18343 4 2 17 29 2933 2631 2276 2576
18344 4 2 17 29 2933 2276 2631 2790
18345 4 2 17 29 2504 2743 2232 2601
18346 4 2 17 29 2232 2743 2504 2897
18347 4 2 17 29 2409 2895 2717 2308
18348 4 2 17 29 2717 2895 2409 2821
18349 4 2 17 29 2286 2292 1148 1132
18350 4 2 17 29 1148 2292 2286 2788
18351 4 2 17 29 2407 2447 2964 2853
18352 4 2 17 29 2964 2447 2407 2570
18353 4 2 17 29 2513 2842 2476 2968
18354 4 2 17 29 2513 2476 2842 2432
18355 4 2 17 29 2239 2727 2578 2860
18356 4 2 17 29 2239 2578 2727 2533
18357 4 2 17 29 2915 2580 2304 2937
18358 4 2 17 29 2915 2304 2580 2594
18359 4 2 17 29 2549 2349 2751 2469
18360 4 2 17 29 2549 2751 2349 2949
18361 4 2 17 29 2871 2349 2751 2949
18362 4 2 17 29 2768 2838 2568 2989
18363 4 2 17 29 2568 2838 2768 2567
18364 4 2 17 29 2568 2256 2768 2989
18365 4 2 17 29 2768 2256 2568 2567
18366 4 2 17 29 2332 2821 2725 2938
18367 4 2 17 29 2332 2725 2821 2255
18368 4 2 17 29 2827 1143 187 2482
18369 4 2 17 29 2827 187 1143 191
18370 4 2 17 29 2981 2658 2540 2326
18371 4 2 17 29 2981 2540 2658 2971
18372 4 2 17 29 2579 2719 2885 2400
18373 4 2 17 29 2579 2885 2719 2860
18374 4 2 17 29 2878 2426 2861 2946
18375 4 2 17 29 2878 2861 2426 2250
18376 4 2 17 29 2756 2312 2548 2851
18377 4 2 17 29 2756 2548 2312 2376
18378 4 2 17 29 2728 1148 2292 2333
18379 4 2 17 29 2292 1148 2728 2828
18380 4 2 17 29 2292 2429 2728 2333
18381 4 2 17 29 2728 2429 2292 2828
18382 4 2 17 29 2397 2257 2877 2582
18383 4 2 17 29 2397 2877 2257 3008
18384 4 2 17 29 2780 2877 2257 2582
18385 4 2 17 29 2780 2257 2877 3008
18386 4 2 17 29 2471 2706 2846 2932
18387 4 2 17 29 2846 2706 2471 2278
18388 4 2 17 29 2591 2955 2401 2606
18389 4 2 17 29 2591 2401 2955 2848
18390 4 2 17 29 2997 2578 2344 2565
18391 4 2 17 29 2997 2344 2578 2885
18392 4 2 17 29 2732 2461 2612 2273
18393 4 2 17 29 2732 2612 2461 2916
18394 4 2 17 29 2604 2315 2735 2299
18395 4 2 17 29 2604 2735 2315 2817
18396 4 2 17 29 2974 2277 2975 2713
18397 4 2 17 29 2975 2277 2974 2699
18398 4 2 17 29 2902 2269 2472 2646
18399 4 2 17 29 2902 2472 2269 2729
18400 4 2 17 29 2794 2793 1124 2380
18401 4 2 17 29 1124 2793 2794 1140
18402 4 2 17 29 2969 2373 2577 2297
18403 4 2 17 29 2969 2577 2373 2903
18404 4 2 17 29 2442 2836 2892 2535
18405 4 2 17 29 2892 2836 2442 2730
18406 4 2 17 29 2993 2449 2490 2291
18407 4 2 17 29 2993 2490 2449 2942
18408 4 2 17 29 2801 2675 2534 2371
18409 4 2 17 29 2801 2534 2675 2731
18410 4 2 17 29 2350 2761 2842 2859
18411 4 2 17 29 2842 2761 2350 2544
18412 4 2 17 29 2842 2335 2350 2859
18413 4 2 17 29 2350 2335 2842 2544
18414 4 2 17 29 2437 2785 2726 2571
18415 4 2 17 29 2437 2726 2785 3006
18416 4 2 17 29 1146 2474 2748 2814
18417 4 2 17 29 2748 2474 1146 2288
18418 4 2 17 29 2594 2851 2595 2312
18419 4 2 17 29 2594 2595 2851 2915
18420 4 2 17 29 2679 2759 2356 3000
18421 4 2 17 29 2679 2356 2759 2507
18422 4 2 17 29 2721 2493 2510 2347
18423 4 2 17 29 2721 2510 2493 2910
18424 4 2 17 29 2652 2706 3010 2325
18425 4 2 17 29 3010 2706 2652 2971
18426 4 2 17 29 2339 2340 2734 2884
18427 4 2 17 29 2339 2734 2340 2523
18428 4 2 17 29 2856 2734 2340 2884
18429 4 2 17 29 2856 2340 2734 2523
18430 4 2 17 29 2618 2908 3005 2422
18431 4 2 17 29 2618 3005 2908 2891
18432 4 2 17 29 2850 2270 1145 1129
18433 4 2 17 29 2850 1145 2270 2803
18434 4 2 17 29 2275 1145 2270 1129
18435 4 2 17 29 2275 2270 1145 2803
18436 4 2 17 29 2305 2835 2376 2950
18437 4 2 17 29 2305 2376 2835 2562
18438 4 2 17 29 2737 2869 2619 2704
18439 4 2 17 29 2737 2619 2869 2995
18440 4 2 17 29 2322 2619 2869 2704
18441 4 2 17 29 2322 2869 2619 2995
18442 4 2 17 29 2838 2837 1123 1139
18443 4 2 17 29 1123 2837 2838 2301
18444 4 2 17 29 3001 2404 2671 2669
18445 4 2 17 29 3001 2671 2404 2973
18446 4 2 17 29 2513 2842 2335 2432
18447 4 2 17 29 2513 2335 2842 2765
18448 4 2 17 29 2837 2584 2825 2754
18449 4 2 17 29 2825 2584 2837 2452
18450 4 2 17 29 2367 2514 1150 1134
18451 4 2 17 29 2367 1150 2514 2765
18452 4 2 17 29 2329 1150 2514 1134
18453 4 2 17 29 2329 2514 1150 2765
18454 4 2 17 29 2726 2353 2437 2436
18455 4 2 17 29 2437 2353 2726 2939
18456 4 2 17 29 2762 2361 2362 2913
18457 4 2 17 29 2762 2362 2361 2411
18458 4 2 17 29 2729 2647 2648 2269
18459 4 2 17 29 2648 2647 2729 2926
18460 4 2 17 29 2946 2546 2364 2741
18461 4 2 17 29 2946 2364 2546 2426
18462 4 2 17 29 2955 2401 2323 2719
18463 4 2 17 29 2955 2323 2401 2606
18464 4 2 17 29 2607 2738 2872 2948
18465 4 2 17 29 2872 2738 2607 2468
18466 4 2 17 29 2607 2631 2872 2468
18467 4 2 17 29 2310 2934 2465 2343
18468 4 2 17 29 2310 2465 2934 2954
18469 4 2 17 29 2758 2465 2934 2343
18470 4 2 17 29 2758 2934 2465 2954
18471 4 2 17 29 2251 2972 2430 2645
18472 4 2 17 29 2251 2430 2972 2770
18473 4 2 17 29 1143 2884 2482 2740
18474 4 2 17 29 2629 2945 2285 2637
18475 4 2 17 29 2629 2285 2945 2982
18476 4 2 17 29 2916 2275 2795 2803
18477 4 2 17 29 2916 2795 2275 2574
18478 4 2 17 29 2410 2854 2856 2855
18479 4 2 17 29 2410 2856 2854 2338
18480 4 2 17 29 1121 1137 2349 2469
18481 4 2 17 29 1121 2349 1137 2871
18482 4 2 17 29 2751 2349 1137 2469
18483 4 2 17 29 2751 1137 2349 2871
18484 4 2 17 29 2899 2286 2515 2788
18485 4 2 17 29 2899 2515 2286 2495
18486 4 2 17 29 1144 2340 1143 2884
18487 4 2 17 29 1144 1143 2340 1127
18488 4 2 17 29 2482 1143 2340 2884
18489 4 2 17 29 2482 2340 1143 1127
18490 4 2 17 29 2737 2642 2265 2367
18491 4 2 17 29 2265 2642 2737 2843
18492 4 2 17 29 2265 2765 2737 2367
18493 4 2 17 29 2737 2765 2265 2843
18494 4 2 17 29 2493 2656 2721 2887
18495 4 2 17 29 2493 2721 2656 2347
18496 4 2 17 29 2923 2721 2656 2887
18497 4 2 17 29 2923 2656 2721 2347
18498 4 2 17 29 2872 2607 2790 2631
18499 4 2 17 29 2790 2607 2872 2948
18500 4 2 18 30 2971 2845 2988 3642
18501 4 2 18 30 2708 2829 2900 3639
18502 4 2 18 30 2886 2931 2970 3660
18503 4 2 18 30 2984 2857 2713 3634
18504 4 2 18 30 2849 2845 2706 3642
18505 4 2 18 30 2991 2772 2863 3620
18506 4 2 18 30 2878 2861 2979 3618
18507 4 2 18 30 2959 2827 2960 3667
18508 4 2 18 30 2869 2995 2774 3619
18509 4 2 18 30 2970 2887 2886 3609
18510 4 2 18 30 2809 2752 2958 3645
18511 4 2 18 30 2912 2913 2762 3642
18512 4 2 18 30 3045 3588 3585 3593
18513 4 2 18 30 2713 2857 2977 3634
18514 4 2 18 30 3598 3661 3608 3663
18515 4 2 18 30 2761 2763 2912 3615
18516 4 2 18 30 2869 2774 2998 3619
18517 4 2 18 30 2799 2961 2939 3614
18518 4 2 18 30 2998 2774 2848 3619
18519 4 2 18 30 2718 2809 2978 3622
18520 4 2 18 30 2770 2808 2807 3634
18521 4 2 18 30 2980 2928 2852 3612
18522 4 2 18 30 3586 3590 3047 3594
18523 4 2 18 30 3045 3584 3588 3593
18524 4 2 18 30 2986 2917 2746 3647
18525 4 2 18 30 2718 2937 2835 3645
18526 4 2 18 30 2837 2825 3653 3654
18527 4 2 18 30 2728 2828 3039 3663
18528 4 2 18 30 3047 3586 3585 3590
18529 4 2 18 30 3585 3588 3052 3589
18530 4 2 18 30 2961 2870 2726 3628
18531 4 2 18 30 2792 2769 2930 3664
18532 4 2 18 30 2718 2835 2809 3645
18533 4 2 18 30 2876 2711 2822 3662
18534 4 2 18 30 2713 2974 2984 3617
18535 4 2 18 30 3046 3584 3586 3587
18536 4 2 18 30 3045 3586 3584 3593
18537 4 2 18 30 2810 2977 2777 3634
18538 4 2 18 30 2980 2746 2896 3656
18539 4 2 18 30 3012 2812 2918 3626
18540 4 2 18 30 3045 3585 3586 3593
18541 4 2 18 30 3584 3587 3040 3592
18542 4 2 18 30 3020 3586 3047 3594
18543 4 2 18 30 2874 2986 2852 3612
18544 4 2 18 30 3045 3584 3049 3588
18545 4 2 18 30 2809 2958 2978 3622
18546 4 2 18 30 2750 2926 2855 3630
18547 4 2 18 30 2984 2974 2866 3660
18548 4 2 18 30 3047 3045 3585 3586
18549 4 2 18 30 2863 2772 2921 3610
18550 4 2 18 30 2837 2825 2864 3653
18551 4 2 18 30 2737 2775 3037 3619
18552 4 2 18 30 3045 3046 3584 3586
18553 4 2 18 30 2706 2841 2846 3642
18554 4 2 18 30 3039 2828 3661 3663
18555 4 2 18 30 2984 2857 3634 3635
18556 4 2 18 30 3045 3052 3585 3588
18557 4 2 18 30 2981 2971 2764 3642
18558 4 2 18 30 3020 3047 3590 3594
18559 4 2 18 30 2957 2746 2917 3647
18560 4 2 18 30 2822 2823 2903 3662
18561 4 2 18 30 2869 2737 2995 3619
18562 4 2 18 30 2852 2746 2980 3612
18563 4 2 18 30 2746 2852 2986 3612
18564 4 2 18 30 3020 3594 3590 3601
18565 4 2 18 30 2912 2762 2985 3642
18566 4 2 18 30 2726 2939 2961 3628
18567 4 2 18 30 2938 2857 2984 3635
18568 4 2 18 30 2708 3639 2900 3641
18569 4 2 18 30 2714 2889 2888 3614
18570 4 2 18 30 2973 2759 2907 3669
18571 4 2 18 30 2793 2898 2808 3633
18572 4 2 18 30 2904 3012 2918 3625
18573 4 2 18 30 2736 2928 2980 3631
18574 4 2 18 30 3020 3016 3586 3594
18575 4 2 18 30 2791 2948 2947 3618
18576 4 2 18 30 2714 2853 2889 3657
18577 4 2 18 30 3048 3585 3052 3589
18578 4 2 18 30 2750 3031 3611 3630
18579 4 2 18 30 3046 3040 3584 3587
18580 4 2 18 30 2821 2895 2755 3635
18581 4 2 18 30 2763 3604 2912 3615
18582 4 2 18 30 2874 2852 2733 3655
18583 4 2 18 30 2928 2733 2852 3655
18584 4 2 18 30 2912 2763 2913 3604
18585 4 2 18 30 2866 2717 2938 3635
18586 4 2 18 30 2970 3609 2886 3660
18587 4 2 18 30 3049 3588 3584 3591
18588 4 2 18 30 2863 2813 2945 3620
18589 4 2 18 30 2887 2705 2886 3640
18590 4 2 18 30 2774 2844 2845 3605
18591 4 2 18 30 2995 2844 2774 3605
18592 4 2 18 30 2724 2887 2970 3609
18593 4 2 18 30 2878 2946 2861 3618
18594 4 2 18 30 3037 3040 3587 3592
18595 4 2 18 30 2718 2978 2755 3622
18596 4 2 18 30 1144 3631 2856 3656
18597 4 2 18 30 2945 2982 2710 3620
18598 4 2 18 30 2728 3598 3626 3663
18599 4 2 18 30 2849 2774 2845 3605
18600 4 2 18 30 2707 2961 2941 3626
18601 4 2 18 30 2848 2849 2932 3644
18602 4 2 18 30 2772 2890 2962 3610
18603 4 2 18 30 2759 2973 3001 3669
18604 4 2 18 30 2863 2921 2813 3610
18605 4 2 18 30 2709 2917 2986 3616
18606 4 2 18 30 2934 2763 1136 3629
18607 4 2 18 30 3049 3036 3588 3591
18608 4 2 18 30 2762 3642 2913 3646
18609 4 2 18 30 2882 2745 2874 3616
18610 4 2 18 30 2966 2813 2921 3610
18611 4 2 18 30 3046 3586 3016 3587
18612 4 2 18 30 2755 2906 3666 3668
18613 4 2 18 30 2887 2721 2910 3614
18614 4 2 18 30 2710 2863 2945 3620
18615 4 2 18 30 2805 2930 2769 3666
18616 4 2 18 30 3031 3599 3631 3656
18617 4 2 18 30 2990 2991 2784 3637
18618 4 2 18 30 2888 2939 3006 3628
18619 4 2 18 30 2784 2991 2863 3620
18620 4 2 18 30 2727 2870 2963 3626
18621 4 2 18 30 2871 3645 3017 3653
18622 4 2 18 30 2849 2848 2774 3605
18623 4 2 18 30 2786 2833 2902 3630
18624 4 2 18 30 2744 2905 2898 3633
18625 4 2 18 30 3041 2843 2737 3615
18626 4 2 18 30 2884 3636 3034 3656
18627 4 2 18 30 3047 3585 3051 3590
18628 4 2 18 30 2951 2744 2811 3632
18629 4 2 18 30 3049 3584 3043 3591
18630 4 2 18 30 2729 2855 2926 3631
18631 4 2 18 30 2955 2998 2848 3619
18632 4 2 18 30 2868 2978 2753 3668
18633 4 2 18 30 2933 2917 2861 3618
18634 4 2 18 30 3039 3661 3598 3663
18635 4 2 18 30 2770 2807 2920 3634
18636 4 2 18 30 2728 3039 3598 3663
18637 4 2 18 30 2737 2844 2995 3605
18638 4 2 18 30 3048 3028 3585 3589
18639 4 2 18 30 3020 3013 3016 3594
18640 4 2 18 30 2971 2706 2845 3642
18641 4 2 18 30 3052 3045 3049 3588
18642 4 2 18 30 2921 2772 2962 3610
18643 4 2 18 30 2966 2781 2813 3610
18644 4 2 18 30 2970 2712 2892 3641
18645 4 2 18 30 2831 2890 2772 3637
18646 4 2 18 30 2811 2791 2947 3618
18647 4 2 18 30 2865 2721 2923 3643
18648 4 2 18 30 2783 2815 2720 3646
18649 4 2 18 30 2755 3666 3622 3668
18650 4 2 18 30 2931 2712 2970 3613
18651 4 2 18 30 3047 3020 3016 3586
18652 4 2 18 30 2987 2833 2786 3655
18653 4 2 18 30 2797 3000 3001 3627
18654 4 2 18 30 2812 2728 2918 3626
18655 4 2 18 30 2886 2705 2996 3660
18656 4 2 18 30 2810 2782 2743 3633
18657 4 2 18 30 2809 2958 3622 3645
18658 4 2 18 30 2839 2912 2985 3615
18659 4 2 18 30 2868 2755 2978 3668
18660 4 2 18 30 2961 2799 2941 3643
18661 4 2 18 30 2878 2979 2819 3616
18662 4 2 18 30 2756 2835 2937 3649
18663 4 2 18 30 2846 2783 2720 3646
18664 4 2 18 30 2889 2910 2888 3614
18665 4 2 18 30 3051 3585 3024 3590
18666 4 2 18 30 3006 2714 2888 3628
18667 4 2 18 30 3008 2819 2897 3632
18668 4 2 18 30 2958 2753 2978 3622
18669 4 2 18 30 3045 3052 3048 3585
18670 4 2 18 30 2818 2767 2753 3654
18671 4 2 18 30 2839 2985 2981 3615
18672 4 2 18 30 2909 2821 2906 3666
18673 4 2 18 30 3020 3047 3027 3590
18674 4 2 18 30 3046 3044 3040 3587
18675 4 2 18 30 2772 2991 2831 3637
18676 4 2 18 30 2931 2867 2975 3660
18677 4 2 18 30 3032 3052 3588 3589
18678 4 2 18 30 2804 2732 2916 3639
18679 4 2 18 30 2844 2968 2988 3615
18680 4 2 18 30 2717 2895 2821 3635
18681 4 2 18 30 2750 3630 3611 3659
18682 4 2 18 30 2768 2930 2805 3623
18683 4 2 18 30 3585 3589 3021 3596
18684 4 2 18 30 2763 3604 3595 3629
18685 4 2 18 30 3034 3606 3589 3636
18686 4 2 18 30 2975 2974 2713 3617
18687 4 2 18 30 2729 2902 2833 3631
18688 4 2 18 30 2882 3616 2874 3655
18689 4 2 18 30 2746 2879 2896 3656
18690 4 2 18 30 2855 2750 3031 2850
18691 4 2 18 30 2981 2985 2840 3642
18692 4 2 18 30 2866 2922 2873 3660
18693 4 2 18 30 3020 3590 3027 3601
18694 4 2 18 30 2910 2705 2887 3640
18695 4 2 18 30 2912 3604 2913 3642
18696 4 2 18 30 2893 2760 2894 3669
18697 4 2 18 30 2761 3018 2763 3615
18698 4 2 18 30 3037 3040 3044 3587
18699 4 2 18 30 2895 3621 2755 3635
18700 4 2 18 30 3046 3054 3044 3587
18701 4 2 18 30 2808 2770 2792 3665
18702 4 2 18 30 2999 2732 2804 3639
18703 4 2 18 30 2736 2980 2896 3656
18704 4 2 18 30 2997 3012 2904 3625
18705 4 2 18 30 2981 2840 2971 3642
18706 4 2 18 30 3000 2759 3001 3627
18707 4 2 18 30 2887 2886 3609 3640
18708 4 2 18 30 3024 3027 3047 3590
18709 4 2 18 30 2920 2807 2943 3634
18710 4 2 18 30 3586 3587 3584 3603
18711 4 2 18 30 2859 2761 2842 3615
18712 4 2 18 30 2874 2709 2986 3616
18713 4 2 18 30 2806 2952 2708 3658
18714 4 2 18 30 2945 3620 2813 3661
18715 4 2 18 30 3046 3019 3054 3587
18716 4 2 18 30 2991 2772 3620 3637
18717 4 2 18 30 2946 2878 2741 3618
18718 4 2 18 30 2782 2905 2877 3633
18719 4 2 18 30 2984 2713 3617 3634
18720 4 2 18 30 2743 3008 2897 3632
18721 4 2 18 30 3043 3584 3038 3591
18722 4 2 18 30 2961 2707 2870 3626
18723 4 2 18 30 2796 2757 2851 3669
18724 4 2 18 30 2741 2878 2780 3632
18725 4 2 18 30 3046 3016 3019 3587
18726 4 2 18 30 3584 3593 3586 3603
18727 4 2 18 30 2730 2836 2967 3655
18728 4 2 18 30 3032 3049 3036 3588
18729 4 2 18 30 3639 3641 2708 3658
18730 4 2 18 30 3023 3596 2898 3633
18731 4 2 18 30 2933 2872 2739 3647
18732 4 2 18 30 2808 3633 2807 3634
18733 4 2 18 30 2762 2913 2820 3646
18734 4 2 18 30 2712 2970 3613 3641
18735 4 2 18 30 2706 2932 2849 3644
18736 4 2 18 30 2752 2958 3645 3653
18737 4 2 18 30 2843 2968 2844 3615
18738 4 2 18 30 2804 2723 3004 3639
18739 4 2 18 30 2823 2990 2784 3637
18740 4 2 18 30 2760 3624 2894 3669
18741 4 2 18 30 3035 3048 3032 3589
18742 4 2 18 30 2883 2719 2885 3625
18743 4 2 18 30 2918 2776 2904 3625
18744 4 2 18 30 2841 2846 3642 3646
18745 4 2 18 30 2745 2975 2897 3617
18746 4 2 18 30 2915 2937 2766 3649
18747 4 2 18 30 3009 2762 3007 3642
18748 4 2 18 30 3001 3002 2797 3650
18749 4 2 18 30 2955 2848 2719 3619
18750 4 2 18 30 2791 2959 2738 3667
18751 4 2 18 30 2750 3031 2850 3611
18752 4 2 18 30 2981 2764 2994 3615
18753 4 2 18 30 2845 3615 2988 3642
18754 4 2 18 30 3046 3053 3045 3584
18755 4 2 18 30 2939 2888 2799 3614
18756 4 2 18 30 2964 2873 2922 3640
18757 4 2 18 30 3056 3028 3048 3035
18758 4 2 18 30 3027 3047 3020 3055
18759 4 2 18 30 3043 3049 3036 3057
18760 4 2 18 30 2766 2715 2915 3649
18761 4 2 18 30 3012 2918 3625 3626
18762 4 2 18 30 1144 2855 2856 3631
18763 4 2 18 30 3046 3040 3053 3584
18764 4 2 18 30 2856 2884 1144 3656
18765 4 2 18 30 2810 2777 2943 3633
18766 4 2 18 30 2848 2785 2719 3628
18767 4 2 18 30 2752 2816 2958 3653
18768 4 2 18 30 3047 3050 3045 3586
18769 4 2 18 30 2959 2791 2811 3606
18770 4 2 18 30 2755 3635 3622 3666
18771 4 2 18 30 3054 3019 3044 3587
18772 4 2 18 30 2768 2805 2914 3668
18773 4 2 18 30 3049 3040 3043 3584
18774 4 2 18 30 3047 3051 3024 3590
18775 4 2 18 30 2970 2892 2724 3641
18776 4 2 18 30 2961 3626 2870 3628
18777 4 2 18 30 2731 3611 2802 3658
18778 4 2 18 30 3032 3048 3052 3589
18779 4 2 18 30 2839 2761 2912 3615
18780 4 2 18 30 2976 2977 2857 3634
18781 4 2 18 30 2746 2957 2879 3647
18782 4 2 18 30 2916 2795 2804 3652
18783 4 2 18 30 3586 3621 3602 3651
18784 4 2 18 30 2913 2758 2820 3646
18785 4 2 18 30 3045 3050 3046 3586
18786 4 2 18 30 3045 3051 3047 3585
18787 4 2 18 30 3021 3585 3028 3589
18788 4 2 18 30 3036 3029 3588 3591
18789 4 2 18 30 2707 2941 2940 3626
18790 4 2 18 30 3028 3024 3048 3585
18791 4 2 18 30 2830 2942 2940 3663
18792 4 2 18 30 2819 3008 2878 3632
18793 4 2 18 30 2798 2992 2940 3626
18794 4 2 18 30 2818 2825 2944 3653
18795 4 2 18 30 2747 2964 2853 3657
18796 4 2 18 30 2869 2998 2847 3619
18797 4 2 18 30 3029 3611 3607 3652
18798 4 2 18 30 2917 2986 3616 3647
18799 4 2 18 30 2764 2988 2968 3615
18800 4 2 18 30 2886 2996 2931 3660
18801 4 2 18 30 2883 2826 2983 3625
18802 4 2 18 30 2907 2759 2800 3629
18803 4 2 18 30 2793 3633 2808 3665
18804 4 2 18 30 3012 2997 2727 3625
18805 4 2 18 30 2823 2784 2903 3620
18806 4 2 18 30 2998 2955 2847 3619
18807 4 2 18 30 2969 2903 2710 3662
18808 4 2 18 30 2955 2719 2883 3619
18809 4 2 18 30 2770 3597 2808 3634
18810 4 2 18 30 2811 2947 2741 3618
18811 4 2 18 30 3014 3016 3586 3587
18812 4 2 18 30 2948 2790 2947 3618
18813 4 2 18 30 2760 2934 2875 3629
18814 4 2 18 30 3585 3590 3586 3600
18815 4 2 18 30 2763 3595 1136 3629
18816 4 2 18 30 3047 3016 3050 3586
18817 4 2 18 30 2743 2897 2810 3617
18818 4 2 18 30 2867 2974 2975 3660
18819 4 2 18 30 2798 2728 2812 3626
18820 4 2 18 30 3036 3049 3043 3591
18821 4 2 18 30 3030 3589 3588 3599
18822 4 2 18 30 3608 3614 3598 3643
18823 4 2 18 30 2793 3023 2898 3633
18824 4 2 18 30 2974 2984 3617 3660
18825 4 2 18 30 2730 2967 2929 3659
18826 4 2 18 30 2758 2953 2800 3646
18827 4 2 18 30 2863 2710 2784 3620
18828 4 2 18 30 2849 3605 2845 3642
18829 4 2 18 30 2753 2958 2816 3653
18830 4 2 18 30 3012 2963 2812 3626
18831 4 2 18 30 3048 3035 3028 3589
18832 4 2 18 30 2946 2933 2861 3618
18833 4 2 18 30 2960 2738 2959 3667
18834 4 2 18 30 3050 3016 3046 3586
18835 4 2 18 30 2933 2790 2872 3618
18836 4 2 18 30 2791 2948 3618 3667
18837 4 2 18 30 2834 2945 2813 3661
18838 4 2 18 30 2742 2807 2808 3633
18839 4 2 18 30 2778 2829 2708 3639
18840 4 2 18 30 3032 3036 3029 3588
18841 4 2 18 30 2900 2829 2923 3638
18842 4 2 18 30 2784 2710 2903 3620
18843 4 2 18 30 2741 2780 2951 3632
18844 4 2 18 30 3052 3049 3032 3588
18845 4 2 18 30 2800 2759 2815 3627
18846 4 2 18 30 2939 3614 2961 3628
18847 4 2 18 30 2770 3664 2792 3665
18848 4 2 18 30 2831 2795 2890 3637
18849 4 2 18 30 2920 2943 2777 3634
18850 4 2 18 30 3014 3019 3016 3587
18851 4 2 18 30 3586 3600 3621 3651
18852 4 2 18 30 2737 2869 2775 3619
18853 4 2 18 30 2934 2758 2763 3629
18854 4 2 18 30 2791 2738 2948 3667
18855 4 2 18 30 3040 3038 3043 3584
18856 4 2 18 30 2923 2887 2724 3609
18857 4 2 18 30 3024 3022 3027 3590
18858 4 2 18 30 3585 3586 3593 3600
18859 4 2 18 30 3002 3001 2796 3669
18860 4 2 18 30 2977 2810 2713 3617
18861 4 2 18 30 2981 2994 2839 3615
18862 4 2 18 30 3018 3604 2763 3615
18863 4 2 18 30 2757 2911 2851 3649
18864 4 2 18 30 2805 3623 2930 3666
18865 4 2 18 30 2944 2767 2818 3654
18866 4 2 18 30 2847 2955 2883 3619
18867 4 2 18 30 2983 2776 2775 3619
18868 4 2 18 30 3008 2780 2878 3632
18869 4 2 18 30 2829 3638 2900 3639
18870 4 2 18 30 2871 3017 2817 3653
18871 4 2 18 30 2957 2917 2739 3647
18872 4 2 18 30 2937 2718 2766 3621
18873 4 2 18 30 2917 2933 2739 3647
18874 4 2 18 30 2732 2802 3652 3658
18875 4 2 18 30 3021 3596 3589 3606
18876 4 2 18 30 2742 2808 2898 3633
18877 4 2 18 30 2893 2973 2907 3669
18878 4 2 18 30 3041 2737 3605 3615
18879 4 2 18 30 2806 2708 2900 3641
18880 4 2 18 30 2843 3041 2765 3615
18881 4 2 18 30 2948 2872 2790 3667
18882 4 2 18 30 2907 2760 2893 3629
18883 4 2 18 30 2836 2892 2712 3641
18884 4 2 18 30 3045 3053 3049 3584
18885 4 2 18 30 2972 2789 2770 3664
18886 4 2 18 30 2721 3614 2923 3643
18887 4 2 18 30 2714 3614 2888 3628
18888 4 2 18 30 2855 3630 2926 3631
18889 4 2 18 30 3014 3595 2763 3604
18890 4 2 18 30 3035 3032 3030 3589
18891 4 2 18 30 2875 2894 2760 3624
18892 4 2 18 30 3028 3021 3024 3585
18893 4 2 18 30 2752 2809 2835 3645
18894 4 2 18 30 2725 2779 2976 3634
18895 4 2 18 30 2865 2799 2721 3643
18896 4 2 18 30 2946 2947 2790 3618
18897 4 2 18 30 2866 2873 2717 3651
18898 4 2 18 30 2800 2953 2907 3629
18899 4 2 18 30 2970 2724 3609 3641
18900 4 2 18 30 3049 3053 3040 3584
18901 4 2 18 30 2880 2872 3011 3647
18902 4 2 18 30 2728 3626 2798 3663
18903 4 2 18 30 3031 3631 1144 3656
18904 4 2 18 30 3611 3652 2802 3658
18905 4 2 18 30 3626 3628 2961 3643
18906 4 2 18 30 3010 2706 2971 3642
18907 4 2 18 30 2928 2736 2833 3631
18908 4 2 18 30 2794 3648 3026 3665
18909 4 2 18 30 2972 2779 2725 3664
18910 4 2 18 30 2802 2731 2850 3611
18911 4 2 18 30 2952 2806 2787 3659
18912 4 2 18 30 2730 2892 2836 3641
18913 4 2 18 30 2881 2778 2708 3639
18914 4 2 18 30 2751 3624 1137 3645
18915 4 2 18 30 2762 2820 3007 3646
18916 4 2 18 30 2911 2751 2950 3645
18917 4 2 18 30 2782 2810 2943 3633
18918 4 2 18 30 3589 3593 3588 3613
18919 4 2 18 30 3030 1144 2884 3656
18920 4 2 18 30 3048 3024 3051 3585
18921 4 2 18 30 2720 2815 3000 3627
18922 4 2 18 30 2727 2860 2870 3625
18923 4 2 18 30 2995 3605 2774 3619
18924 4 2 18 30 2853 2714 2927 3657
18925 4 2 18 30 3588 3589 3585 3593
18926 4 2 18 30 2737 3605 2995 3619
18927 4 2 18 30 3017 3645 3594 3653
18928 4 2 18 30 3000 2815 2759 3627
18929 4 2 18 30 3585 3593 3589 3613
18930 4 2 18 30 2961 3614 2799 3643
18931 4 2 18 30 2884 3034 3030 3656
18932 4 2 18 30 2770 2920 2972 3634
18933 4 2 18 30 2898 1141 2811 3596
18934 4 2 18 30 2706 3010 2841 3642
18935 4 2 18 30 2762 3009 2985 3642
18936 4 2 18 30 3609 3614 3608 3643
18937 4 2 18 30 2760 3629 3624 3669
18938 4 2 18 30 2870 2707 2963 3626
18939 4 2 18 30 2841 3009 3007 3642
18940 4 2 18 30 2768 3623 2805 3668
18941 4 2 18 30 2758 2934 2954 3629
18942 4 2 18 30 2745 2897 2819 3616
18943 4 2 18 30 2920 2779 2972 3634
18944 4 2 18 30 2770 3597 3634 3664
18945 4 2 18 30 2928 3612 2980 3631
18946 4 2 18 30 2935 3004 2723 3639
18947 4 2 18 30 3048 3051 3045 3585
18948 4 2 18 30 1149 2737 2775 3037
18949 4 2 18 30 2757 2894 2911 3624
18950 4 2 18 30 2850 2802 3611 3652
18951 4 2 18 30 2895 2718 2755 3621
18952 4 2 18 30 2933 2946 2790 3618
18953 4 2 18 30 2758 2800 2820 3646
18954 4 2 18 30 2874 3612 2852 3655
18955 4 2 18 30 2749 2929 2967 3659
18956 4 2 18 30 2842 2839 2994 3615
18957 4 2 18 30 2982 3620 2945 3661
18958 4 2 18 30 2871 2752 3645 3653
18959 4 2 18 30 3590 3586 3600 3621
18960 4 2 18 30 3038 3584 3598 3608
18961 4 2 18 30 2840 2985 3009 3642
18962 4 2 18 30 2989 2930 2768 3648
18963 4 2 18 30 2928 2852 3612 3655
18964 4 2 18 30 2786 2967 2836 3655
18965 4 2 18 30 2926 2749 2902 3630
18966 4 2 18 30 2722 2876 2919 3662
18967 4 2 18 30 3621 3622 2755 3635
18968 4 2 18 30 2899 3661 2832 3662
18969 4 2 18 30 2714 2785 2927 3628
18970 4 2 18 30 2910 2721 2888 3614
18971 4 2 18 30 2797 3003 2956 3650
18972 4 2 18 30 2911 3645 2950 3649
18973 4 2 18 30 2848 2719 3619 3628
18974 4 2 18 30 2814 2781 2966 3610
18975 4 2 18 30 2733 2928 2987 3655
18976 4 2 18 30 2881 2732 2999 3658
18977 4 2 18 30 2966 2921 2814 3610
18978 4 2 18 30 2791 3606 2959 3667
18979 4 2 18 30 2883 2885 2826 3625
18980 4 2 18 30 2801 2731 2802 3658
18981 4 2 18 30 2915 2756 2937 3649
18982 4 2 18 30 2890 3610 2772 3637
18983 4 2 18 30 2936 2768 2914 3668
18984 4 2 18 30 2822 2903 2969 3662
18985 4 2 18 30 2828 2832 3661 3663
18986 4 2 18 30 3035 3589 3034 3606
18987 4 2 18 30 2837 3653 3601 3654
18988 4 2 18 30 2862 2766 2895 3651
18989 4 2 18 30 2811 3596 3021 3606
18990 4 2 18 30 2883 2983 2847 3619
18991 4 2 18 30 2876 3643 3662 3663
18992 4 2 18 30 3021 3589 3028 3606
18993 4 2 18 30 2804 3004 2999 3639
18994 4 2 18 30 2901 2827 2740 3667
18995 4 2 18 30 2931 3613 2970 3660
18996 4 2 18 30 2721 2799 2888 3614
18997 4 2 18 30 3030 3636 3599 3656
18998 4 2 18 30 3028 3589 3035 3606
18999 4 2 18 30 2805 2965 2716 3666
19000 4 2 18 30 2946 2741 2947 3618
19001 4 2 18 30 2912 2985 3615 3642
19002 4 2 18 30 3023 3585 3596 3597
19003 4 2 18 30 2996 2705 2922 3660
19004 4 2 18 30 3031 2850 3611 3652
19005 4 2 18 30 2982 2899 2824 3662
19006 4 2 18 30 2718 3621 2809 3622
19007 4 2 18 30 2813 3610 2781 3661
19008 4 2 18 30 3015 1137 3624 3645
19009 4 2 18 30 2924 2731 2801 3659
19010 4 2 18 30 3607 3610 3029 3652
19011 4 2 18 30 2831 2804 2795 3637
19012 4 2 18 30 2841 2783 2846 3646
19013 4 2 18 30 2743 2877 3008 3632
19014 4 2 18 30 2756 2950 2835 3645
19015 4 2 18 30 2900 2923 2724 3609
19016 4 2 18 30 2935 2723 2823 3637
19017 4 2 18 30 2990 2831 2991 3637
19018 4 2 18 30 2711 2876 2830 3643
19019 4 2 18 30 2751 1137 2871 3645
19020 4 2 18 30 2804 3639 2916 3652
19021 4 2 18 30 2942 2830 2876 3663
19022 4 2 18 30 2842 2761 2839 3615
19023 4 2 18 30 2939 2726 3006 3628
19024 4 2 18 30 2805 2716 2914 3668
19025 4 2 18 30 3011 2901 2740 3667
19026 4 2 18 30 2880 2734 2879 3656
19027 4 2 18 30 2798 2812 2992 3626
19028 4 2 18 30 2916 3639 2732 3652
19029 4 2 18 30 2882 2874 2733 3655
19030 4 2 18 30 2718 2809 3621 3645
19031 4 2 18 30 2716 2906 2868 3668
19032 4 2 18 30 2810 2777 3633 3634
19033 4 2 18 30 2876 2822 2919 3662
19034 4 2 18 30 2772 3610 2863 3620
19035 4 2 18 30 3014 3587 3586 3595
19036 4 2 18 30 1137 3013 2871 3645
19037 4 2 18 30 2813 2781 2834 3661
19038 4 2 18 30 2994 2764 2968 3615
19039 4 2 18 30 2912 3615 3604 3642
19040 4 2 18 30 2977 2976 2777 3634
19041 4 2 18 30 2720 3000 2797 3657
19042 4 2 18 30 2837 2864 3601 3653
19043 4 2 18 30 2925 2731 2924 3659
19044 4 2 18 30 2967 2786 2902 3630
19045 4 2 18 30 3590 3594 3586 3621
19046 4 2 18 30 2980 3612 2746 3656
19047 4 2 18 30 2862 2956 3003 3650
19048 4 2 18 30 2826 2776 2983 3625
19049 4 2 18 30 2931 2996 2867 3660
19050 4 2 18 30 2840 3010 2971 3642
19051 4 2 18 30 2842 2765 2859 3615
19052 4 2 18 30 2986 2746 3612 3647
19053 4 2 18 30 2975 2713 2897 3617
19054 4 2 18 30 2758 2954 2953 3629
19055 4 2 18 30 2910 2887 3614 3640
19056 4 2 18 30 2864 2773 2837 3601
19057 4 2 18 30 2736 2896 2858 3656
19058 4 2 18 30 3017 2871 3013 3645
19059 4 2 18 30 2707 2940 2992 3626
19060 4 2 18 30 3030 3588 3031 3599
19061 4 2 18 30 2904 2776 2826 3625
19062 4 2 18 30 2982 2824 2710 3662
19063 4 2 18 30 2997 2904 2826 3625
19064 4 2 18 30 2943 2807 2742 3633
19065 4 2 18 30 1139 3026 2794 3648
19066 4 2 18 30 2814 2921 2962 3610
19067 4 2 18 30 2755 2868 2906 3668
19068 4 2 18 30 2713 2810 2897 3617
19069 4 2 18 30 2961 2941 3626 3643
19070 4 2 18 30 3589 3599 3636 3656
19071 4 2 18 30 2823 3620 2903 3662
19072 4 2 18 30 3041 2859 2765 3615
19073 4 2 18 30 2832 3662 3661 3663
19074 4 2 18 30 2711 3638 2822 3662
19075 4 2 18 30 2913 3642 3604 3646
19076 4 2 18 30 2815 3627 2720 3646
19077 4 2 18 30 2810 2743 3617 3633
19078 4 2 18 30 2982 2710 3620 3662
19079 4 2 18 30 2877 2744 2780 3632
19080 4 2 18 30 3031 3611 3029 3652
19081 4 2 18 30 2875 3624 2760 3629
19082 4 2 18 30 3032 3588 3030 3589
19083 4 2 18 30 2906 2771 2909 3666
19084 4 2 18 30 3589 3612 3599 3656
19085 4 2 18 30 2712 2931 2882 3613
19086 4 2 18 30 2811 3606 3618 3632
19087 4 2 18 30 2990 2823 2723 3637
19088 4 2 18 30 3609 3640 2886 3660
19089 4 2 18 30 2893 2894 2757 3669
19090 4 2 18 30 2885 2719 2860 3625
19091 4 2 18 30 2749 2967 2902 3630
19092 4 2 18 30 3034 3636 3030 3656
19093 4 2 18 30 2866 2873 3651 3660
19094 4 2 18 30 2818 2753 2816 3653
19095 4 2 18 30 2711 2865 2923 3638
19096 4 2 18 30 2929 2806 2730 3659
19097 4 2 18 30 2847 2775 2869 3619
19098 4 2 18 30 2851 2715 2796 3650
19099 4 2 18 30 2922 2705 2964 3640
19100 4 2 18 30 3041 3605 3587 3615
19101 4 2 18 30 2808 3633 3597 3665
19102 4 2 18 30 2875 3015 3624 3629
19103 4 2 18 30 2713 2977 3617 3634
19104 4 2 18 30 2874 2986 3612 3616
19105 4 2 18 30 2716 2965 2906 3666
19106 4 2 18 30 2842 2994 2968 3615
19107 4 2 18 30 2885 2727 2997 3625
19108 4 2 18 30 2739 2872 2880 3647
19109 4 2 18 30 2776 3619 2983 3625
19110 4 2 18 30 2922 2866 2974 3660
19111 4 2 18 30 2714 2889 3640 3657
19112 4 2 18 30 2938 2717 2821 3635
19113 4 2 18 30 2806 2708 3641 3658
19114 4 2 18 30 2878 2979 3616 3618
19115 4 2 18 30 3042 3033 3591 3610
19116 4 2 18 30 2981 3615 2985 3642
19117 4 2 18 30 2718 3621 2937 3645
19118 4 2 18 30 2863 3610 2813 3620
19119 4 2 18 30 3033 1164 3042 3591
19120 4 2 18 30 3020 3013 3594 3601
19121 4 2 18 30 2850 2803 2802 3652
19122 4 2 18 30 2871 2817 2752 3653
19123 4 2 18 30 2825 2735 2864 3653
19124 4 2 18 30 2734 2880 2884 3656
19125 4 2 18 30 3010 3009 2841 3642
19126 4 2 18 30 2749 2925 2924 3659
19127 4 2 18 30 3027 3590 3022 3601
19128 4 2 18 30 2760 2954 2934 3629
19129 4 2 18 30 2798 2940 2942 3663
19130 4 2 18 30 2872 3011 3647 3667
19131 4 2 18 30 2730 2967 3630 3655
19132 4 2 18 30 2959 2811 3025 3606
19133 4 2 18 30 2856 2854 2858 3656
19134 4 2 18 30 2736 3631 2980 3656
19135 4 2 18 30 2741 3618 2878 3632
19136 4 2 18 30 2793 3023 3633 3665
19137 4 2 18 30 2900 3639 3638 3641
19138 4 2 18 30 2864 2817 3017 3653
19139 4 2 18 30 2908 2725 2909 3664
19140 4 2 18 30 3609 3613 2970 3641
19141 4 2 18 30 2823 2822 2711 3638
19142 4 2 18 30 2737 3041 2765 2843
19143 4 2 18 30 2810 3617 2977 3634
19144 4 2 18 30 3623 3666 2805 3668
19145 4 2 18 30 2899 2982 3661 3662
19146 4 2 18 30 3018 3014 2763 3604
19147 4 2 18 30 2753 3654 2767 3668
19148 4 2 18 30 3622 3645 2958 3653
19149 4 2 18 30 3599 3611 3031 3630
19150 4 2 18 30 2838 2837 1139 3648
19151 4 2 18 30 2886 3640 2705 3660
19152 4 2 18 30 2973 2796 3001 3669
19153 4 2 18 30 2831 2723 2804 3637
19154 4 2 18 30 2846 2720 3644 3646
19155 4 2 18 30 2972 2770 3634 3664
19156 4 2 18 30 2833 3631 2786 3655
19157 4 2 18 30 3032 1167 3036 3049
19158 4 2 18 30 1157 3020 3016 3047
19159 4 2 18 30 1162 3028 3024 3048
19160 4 2 18 30 3044 1170 3046 3040
19161 4 2 18 30 3035 3048 1165 3032
19162 4 2 18 30 3047 1160 3027 3024
19163 4 2 18 30 3049 3040 1168 3043
19164 4 2 18 30 3019 3016 3046 1155
19165 4 2 18 30 2770 2789 2792 3664
19166 4 2 18 30 2725 2976 2857 3634
19167 4 2 18 30 2824 2899 2832 3662
19168 4 2 18 30 2953 3629 2800 3646
19169 4 2 18 30 3001 2797 3627 3650
19170 4 2 18 30 3033 3036 1164 3591
19171 4 2 18 30 2836 3641 2712 3655
19172 4 2 18 30 2856 2855 2854 3631
19173 4 2 18 30 2753 3622 2958 3653
19174 4 2 18 30 2868 2753 2767 3668
19175 4 2 18 30 3041 3018 2859 3615
19176 4 2 18 30 2714 2889 3614 3640
19177 4 2 18 30 3056 3048 1165 3035
19178 4 2 18 30 3019 3046 3054 1155
19179 4 2 18 30 3027 1160 3047 3055
19180 4 2 18 30 3043 1168 3049 3057
19181 4 2 18 30 2724 2892 2900 3641
19182 4 2 18 30 3043 3042 1164 3591
19183 4 2 18 30 2780 2744 2951 3632
19184 4 2 18 30 3054 3044 1170 3046
19185 4 2 18 30 3056 3028 1162 3048
19186 4 2 18 30 1167 3036 3049 3057
19187 4 2 18 30 3047 1157 3020 3055
19188 4 2 18 30 2891 2769 3005 3666
19189 4 2 18 30 2877 2780 3008 3632
19190 4 2 18 30 3609 3608 3638 3643
19191 4 2 18 30 2712 3641 3613 3655
19192 4 2 18 30 2908 2909 2771 3666
19193 4 2 18 30 1144 3031 2855 3631
19194 4 2 18 30 2930 2989 2794 3648
19195 4 2 18 30 2835 3645 2937 3649
19196 4 2 18 30 2953 2954 2907 3629
19197 4 2 18 30 2982 2945 2834 3661
19198 4 2 18 30 2979 2709 2819 3616
19199 4 2 18 30 3018 2761 2859 3615
19200 4 2 18 30 3010 2840 3009 3642
19201 4 2 18 30 2792 3664 2930 3665
19202 4 2 18 30 2785 2860 2719 3628
19203 4 2 18 30 2824 2969 2710 3662
19204 4 2 18 30 2756 2911 2950 3649
19205 4 2 18 30 2735 2825 2818 3653
19206 4 2 18 30 2974 3617 2975 3660
19207 4 2 18 30 2935 2829 2778 3639
19208 4 2 18 30 2866 3600 2717 3635
19209 4 2 18 30 2949 2751 2871 3645
19210 4 2 18 30 2718 2895 2766 3621
19211 4 2 18 30 2975 2745 2931 3613
19212 4 2 18 30 2818 2753 3653 3654
19213 4 2 18 30 2855 2729 2854 3631
19214 4 2 18 30 1152 3018 3041 3587
19215 4 2 18 30 2962 2890 2748 3610
19216 4 2 18 30 2712 3613 2882 3655
19217 4 2 18 30 2811 3021 3025 3606
19218 4 2 18 30 2754 2944 2825 3654
19219 4 2 18 30 2745 2709 2874 3616
19220 4 2 18 30 3025 3034 2827 3667
19221 4 2 18 30 2894 2875 2751 3624
19222 4 2 18 30 2828 1148 3039 3661
19223 4 2 18 30 2718 2755 3621 3622
19224 4 2 18 30 3031 3030 3599 3656
19225 4 2 18 30 1139 2794 2838 3648
19226 4 2 18 30 2757 3649 2851 3669
19227 4 2 18 30 2758 3629 2953 3646
19228 4 2 18 30 3023 3585 3021 3596
19229 4 2 18 30 2819 3616 2897 3632
19230 4 2 18 30 2837 3601 3648 3654
19231 4 2 18 30 2927 2846 2720 3644
19232 4 2 18 30 2959 2811 1142 3025
19233 4 2 18 30 2795 2890 3637 3652
19234 4 2 18 30 2759 3629 2907 3669
19235 4 2 18 30 2774 3605 2848 3619
19236 4 2 18 30 2707 2992 2963 3626
19237 4 2 18 30 2813 3620 3610 3661
19238 4 2 18 30 2881 2999 2778 3639
19239 4 2 18 30 2755 3622 2978 3668
19240 4 2 18 30 2752 2949 2871 3645
19241 4 2 18 30 1152 3041 3044 3587
19242 4 2 18 30 2833 3630 2786 3631
19243 4 2 18 30 3038 3591 3584 3608
19244 4 2 18 30 3006 2785 2714 3628
19245 4 2 18 30 3588 3607 3029 3611
19246 4 2 18 30 2848 3605 2849 3644
19247 4 2 18 30 1154 3017 3020 3601
19248 4 2 18 30 2745 2897 3616 3617
19249 4 2 18 30 3593 3600 3586 3651
19250 4 2 18 30 3611 3658 2731 3659
19251 4 2 18 30 2759 3001 3627 3669
19252 4 2 18 30 3029 3607 3591 3610
19253 4 2 18 30 2885 2997 2826 3625
19254 4 2 18 30 2964 2747 3651 3657
19255 4 2 18 30 3018 1152 3019 3587
19256 4 2 18 30 3041 3587 3018 3615
19257 4 2 18 30 2792 3005 2769 3664
19258 4 2 18 30 2828 2728 3039 1148
19259 4 2 18 30 2952 2881 2708 3658
19260 4 2 18 30 2991 3620 2784 3637
19261 4 2 18 30 2836 2712 2882 3655
19262 4 2 18 30 2970 3613 3609 3660
19263 4 2 18 30 2812 2963 2992 3626
19264 4 2 18 30 2984 3634 3600 3635
19265 4 2 18 30 2920 2777 2976 3634
19266 4 2 18 30 3020 3027 1154 3601
19267 4 2 18 30 3002 2796 2715 3650
19268 4 2 18 30 2948 2790 3618 3667
19269 4 2 18 30 2714 3628 3644 3657
19270 4 2 18 30 2833 2736 2854 3631
19271 4 2 18 30 2924 2801 2787 3659
19272 4 2 18 30 2805 2769 2891 3666
19273 4 2 18 30 2788 2832 2899 3661
19274 4 2 18 30 3039 3584 3592 3598
19275 4 2 18 30 2851 2915 2715 3649
19276 4 2 18 30 2743 2897 3617 3632
19277 4 2 18 30 3027 3026 1154 3601
19278 4 2 18 30 3003 2797 3002 3650
19279 4 2 18 30 3039 3038 3584 3598
19280 4 2 18 30 2978 3622 2753 3668
19281 4 2 18 30 2729 2833 2854 3631
19282 4 2 18 30 2760 2907 2954 3629
19283 4 2 18 30 2862 2715 2766 3650
19284 4 2 18 30 2898 3023 1141 3596
19285 4 2 18 30 2811 3606 2791 3618
19286 4 2 18 30 2873 2922 3640 3660
19287 4 2 18 30 2888 3614 2939 3628
19288 4 2 18 30 2706 2846 2932 3644
19289 4 2 18 30 2957 2739 2879 3647
19290 4 2 18 30 2909 3635 2821 3666
19291 4 2 18 30 2993 2828 2798 3663
19292 4 2 18 30 3043 1164 3036 3591
19293 4 2 18 30 2972 3634 2779 3664
19294 4 2 18 30 2959 3025 2827 3667
19295 4 2 18 30 2960 2827 2901 3667
19296 4 2 18 30 2984 2866 3600 3660
19297 4 2 18 30 2841 3007 2783 3646
19298 4 2 18 30 2981 2764 3615 3642
19299 4 2 18 30 2917 3618 2933 3647
19300 4 2 18 30 2873 2964 2747 3651
19301 4 2 18 30 2830 3643 2876 3663
19302 4 2 18 30 2838 2794 2989 3648
19303 4 2 18 30 2990 2723 2831 3637
19304 4 2 18 30 3018 3587 3604 3615
19305 4 2 18 30 2910 2889 2705 3640
19306 4 2 18 30 2727 2885 2860 3625
19307 4 2 18 30 2816 2752 2817 3653
19308 4 2 18 30 3591 3608 3038 3661
19309 4 2 18 30 3048 3024 1162 3051
19310 4 2 18 30 1167 3032 3052 3049
19311 4 2 18 30 1157 3016 3050 3047
19312 4 2 18 30 3053 3046 1170 3040
19313 4 2 18 30 2882 2931 2745 3613
19314 4 2 18 30 3016 3050 3046 1155
19315 4 2 18 30 3040 3053 3049 1168
19316 4 2 18 30 3047 1160 3024 3051
19317 4 2 18 30 3032 3048 1165 3052
19318 4 2 18 30 2972 2725 2789 3664
19319 4 2 18 30 2730 3630 2967 3659
19320 4 2 18 30 2811 1141 3021 3596
19321 4 2 18 30 3588 3591 3029 3607
19322 4 2 18 30 3597 3633 2808 3634
19323 4 2 18 30 2742 2898 2905 3633
19324 4 2 18 30 2803 2732 2802 3652
19325 4 2 18 30 3041 3592 3587 3605
19326 4 2 18 30 2752 2835 2949 3645
19327 4 2 18 30 2902 3630 2833 3631
19328 4 2 18 30 2722 2919 2824 3662
19329 4 2 18 30 2751 2949 2950 3645
19330 4 2 18 30 3029 3591 3033 3610
19331 4 2 18 30 2802 2732 2801 3658
19332 4 2 18 30 2908 2891 3005 3666
19333 4 2 18 30 2920 2976 2779 3634
19334 4 2 18 30 2860 3625 2719 3628
19335 4 2 18 30 3020 3017 3013 3601
19336 4 2 18 30 3587 3592 3584 3603
19337 4 2 18 30 3044 3019 1152 3587
19338 4 2 18 30 3586 3594 3602 3621
19339 4 2 18 30 3595 3604 3603 3627
19340 4 2 18 30 2932 2927 2785 3644
19341 4 2 18 30 1137 2751 2875 3624
19342 4 2 18 30 2757 3624 2911 3649
19343 4 2 18 30 2730 3641 2836 3655
19344 4 2 18 30 2944 2818 3653 3654
19345 4 2 18 30 2864 3017 3601 3653
19346 4 2 18 30 2905 2782 2742 3633
19347 4 2 18 30 2740 2880 3011 3636
19348 4 2 18 30 3599 3613 3641 3655
19349 4 2 18 30 2894 2751 2911 3624
19350 4 2 18 30 3002 3650 3001 3669
19351 4 2 18 30 2798 3626 2940 3663
19352 4 2 18 30 2766 3621 2895 3651
19353 4 2 18 30 3014 1136 2763 3595
19354 4 2 18 30 2893 2907 3629 3669
19355 4 2 18 30 2937 3621 2766 3649
19356 4 2 18 30 2754 2838 2936 3654
19357 4 2 18 30 3039 3598 3592 3625
19358 4 2 18 30 2837 2838 2754 3654
19359 4 2 18 30 3016 3586 3015 3595
19360 4 2 18 30 2943 3633 2777 3634
19361 4 2 18 30 2725 2857 2938 3635
19362 4 2 18 30 3598 3608 3584 3614
19363 4 2 18 30 2865 2941 2799 3643
19364 4 2 18 30 2762 3007 3642 3646
19365 4 2 18 30 2791 3618 3606 3667
19366 4 2 18 30 2822 2969 2919 3662
19367 4 2 18 30 2944 3653 2825 3654
19368 4 2 18 30 2866 2717 3600 3651
19369 4 2 18 30 2922 2974 2867 3660
19370 4 2 18 30 2807 3633 2943 3634
19371 4 2 18 30 2864 3017 2773 3601
19372 4 2 18 30 2873 3640 2964 3651
19373 4 2 18 30 3590 3622 3621 3635
19374 4 2 18 30 3014 3586 3016 3595
19375 4 2 18 30 2714 3644 2927 3657
19376 4 2 18 30 2936 3654 2768 3668
19377 4 2 18 30 2724 2900 3609 3641
19378 4 2 18 30 2843 2765 2968 3615
19379 4 2 18 30 2828 2832 2788 3661
19380 4 2 18 30 2715 3649 2766 3650
19381 4 2 18 30 2941 2830 2940 3643
19382 4 2 18 30 2727 3625 2870 3626
19383 4 2 18 30 3040 3039 3584 3592
19384 4 2 18 30 2880 3011 3636 3647
19385 4 2 18 30 3622 3635 3623 3666
19386 4 2 18 30 2759 3627 2800 3629
19387 4 2 18 30 2800 2815 2783 3646
19388 4 2 18 30 2835 2950 2949 3645
19389 4 2 18 30 2775 2847 2983 3619
19390 4 2 18 30 2795 3637 2804 3652
19391 4 2 18 30 2746 3647 2879 3656
19392 4 2 18 30 2734 2896 2879 3656
19393 4 2 18 30 3017 3594 3013 3601
19394 4 2 18 30 2811 3596 3606 3632
19395 4 2 18 30 2745 2819 2709 3616
19396 4 2 18 30 3034 3589 3030 3636
19397 4 2 18 30 2935 2778 3004 3639
19398 4 2 18 30 2893 2757 2796 3669
19399 4 2 18 30 3597 3633 3023 3665
19400 4 2 18 30 2872 2948 2738 3667
19401 4 2 18 30 2837 2754 2825 3654
19402 4 2 18 30 3588 3593 3584 3609
19403 4 2 18 30 3004 2778 2999 3639
19404 4 2 18 30 2883 2983 3619 3625
19405 4 2 18 30 2933 3618 2872 3647
19406 4 2 18 30 2832 2722 2824 3662
19407 4 2 18 30 2851 2911 2756 3649
19408 4 2 18 30 2865 2923 3638 3643
19409 4 2 18 30 2782 2943 2742 3633
19410 4 2 18 30 1156 3016 3050 1157
19411 4 2 18 30 1170 3053 3040 1169
19412 4 2 18 30 3024 1161 1162 3051
19413 4 2 18 30 1167 3032 1166 3052
19414 4 2 18 30 2779 3634 2725 3664
19415 4 2 18 30 2788 1147 1148 3661
19416 4 2 18 30 2706 3642 2846 3644
19417 4 2 18 30 1161 3024 1160 3051
19418 4 2 18 30 3032 1165 1166 3052
19419 4 2 18 30 3016 3050 1155 1156
19420 4 2 18 30 3053 3040 1169 1168
19421 4 2 18 30 3023 3597 3596 3633
19422 4 2 18 30 2848 3628 3619 3644
19423 4 2 18 30 2731 3658 2801 3659
19424 4 2 18 30 2803 2916 2732 3652
19425 4 2 18 30 1148 2828 2788 3661
19426 4 2 18 30 3031 1144 3030 3656
19427 4 2 18 30 2732 3652 3639 3658
19428 4 2 18 30 2984 3617 3600 3634
19429 4 2 18 30 2870 3626 3625 3628
19430 4 2 18 30 2805 3666 2716 3668
19431 4 2 18 30 2930 3623 2768 3648
19432 4 2 18 30 3022 3597 3023 3665
19433 4 2 18 30 2781 1147 2834 3661
19434 4 2 18 30 3042 2781 3610 3661
19435 4 2 18 30 3592 3598 3584 3628
19436 4 2 18 30 2830 2940 3643 3663
19437 4 2 18 30 2910 3614 2889 3640
19438 4 2 18 30 3022 3590 3597 3665
19439 4 2 18 30 2800 3627 2815 3646
19440 4 2 18 30 2809 3622 3621 3645
19441 4 2 18 30 3620 3661 2982 3662
19442 4 2 18 30 2883 3619 2719 3625
19443 4 2 18 30 2794 3026 1140 3665
19444 4 2 18 30 2786 3630 2967 3655
19445 4 2 18 30 3623 3622 3666 3668
19446 4 2 18 30 2908 2771 2891 3666
19447 4 2 18 30 2819 2878 3616 3632
19448 4 2 18 30 2872 3618 2790 3667
19449 4 2 18 30 3612 2874 3616 3655
19450 4 2 18 30 2787 2806 2929 3659
19451 4 2 18 30 2799 3614 2721 3643
19452 4 2 18 30 3030 3032 3031 3588
19453 4 2 18 30 2805 2891 2965 3666
19454 4 2 18 30 3591 3609 3608 3638
19455 4 2 18 30 2711 2923 2829 3638
19456 4 2 18 30 3015 1136 3595 3629
19457 4 2 18 30 3608 3609 3584 3614
19458 4 2 18 30 2716 3666 2906 3668
19459 4 2 18 30 3024 3021 3023 3585
19460 4 2 18 30 2952 3658 2806 3659
19461 4 2 18 30 3042 2781 3033 3610
19462 4 2 18 30 3017 3013 3594 3645
19463 4 2 18 30 3614 2961 3628 3643
19464 4 2 18 30 2817 2871 1138 3017
19465 4 2 18 30 3015 3013 1137 3645
19466 4 2 18 30 2930 3664 3623 3665
19467 4 2 18 30 2717 2862 2895 3651
19468 4 2 18 30 3614 3628 2714 3640
19469 4 2 18 30 2761 1135 2763 3018
19470 4 2 18 30 2900 2892 2806 3641
19471 4 2 18 30 2865 3638 2711 3643
19472 4 2 18 30 2894 3624 2757 3669
19473 4 2 18 30 2841 3642 3007 3646
19474 4 2 18 30 2823 2784 3620 3637
19475 4 2 18 30 2851 2756 2915 3649
19476 4 2 18 30 3000 3627 2797 3657
19477 4 2 18 30 2935 2723 3637 3639
19478 4 2 18 30 2773 3026 2837 3601
19479 4 2 18 30 3036 3033 3029 3591
19480 4 2 18 30 3593 3603 3640 3651
19481 4 2 18 30 2893 2796 2973 3669
19482 4 2 18 30 2792 2793 2808 3665
19483 4 2 18 30 2865 2711 2830 3643
19484 4 2 18 30 2996 2922 2867 3660
19485 4 2 18 30 3026 3027 3022 3601
19486 4 2 18 30 2935 2823 2711 3638
19487 4 2 18 30 2936 2914 2767 3668
19488 4 2 18 30 3014 3016 3015 3595
19489 4 2 18 30 2732 3639 2999 3658
19490 4 2 18 30 2834 2899 2982 3661
19491 4 2 18 30 3031 3588 3029 3611
19492 4 2 18 30 3040 3039 3038 3584
19493 4 2 18 30 3042 3610 3591 3661
19494 4 2 18 30 3599 3641 3630 3655
19495 4 2 18 30 2908 2789 2725 3664
19496 4 2 18 30 3612 3631 3599 3656
19497 4 2 18 30 3605 3615 2845 3642
19498 4 2 18 30 3021 3028 3025 3606
19499 4 2 18 30 2747 2956 2862 3651
19500 4 2 18 30 2760 2893 3629 3669
19501 4 2 18 30 2881 2801 2732 3658
19502 4 2 18 30 2881 3639 2708 3658
19503 4 2 18 30 3033 2781 2814 3610
19504 4 2 18 30 1149 2737 3037 3041
19505 4 2 18 30 3653 3654 2753 3668
19506 4 2 18 30 3610 3637 2890 3652
19507 4 2 18 30 3022 3023 1140 3665
19508 4 2 18 30 2964 2705 2889 3640
19509 4 2 18 30 2725 3634 2857 3635
19510 4 2 18 30 2872 2901 3011 3667
19511 4 2 18 30 3021 2811 3025 1141
19512 4 2 18 30 2756 3645 2835 3649
19513 4 2 18 30 2814 2962 2748 3610
19514 4 2 18 30 2880 2879 3647 3656
19515 4 2 18 30 3593 3586 3603 3651
19516 4 2 18 30 2836 2987 2786 3655
19517 4 2 18 30 2887 3609 3614 3640
19518 4 2 18 30 3034 1143 2884 1144
19519 4 2 18 30 3034 3035 3030 3589
19520 4 2 18 30 2785 2726 2860 3628
19521 4 2 18 30 2745 3613 2975 3617
19522 4 2 18 30 3031 3599 3588 3611
19523 4 2 18 30 3590 3621 3600 3635
19524 4 2 18 30 2728 2798 2828 3663
19525 4 2 18 30 3033 1145 3029 3652
19526 4 2 18 30 2766 3649 3621 3650
19527 4 2 18 30 3594 3586 3602 3624
19528 4 2 18 30 2903 3620 2710 3662
19529 4 2 18 30 2722 2942 2876 3663
19530 4 2 18 30 2864 2735 2817 3653
19531 4 2 18 30 2714 3628 2927 3644
19532 4 2 18 30 2735 2818 2816 3653
19533 4 2 18 30 2941 2940 3626 3643
19534 4 2 18 30 3589 3588 3599 3613
19535 4 2 18 30 1138 2871 1137 3017
19536 4 2 18 30 1141 1142 2811 3025
19537 4 2 18 30 3033 3610 2748 3652
19538 4 2 18 30 2814 2748 3033 3610
19539 4 2 18 30 3018 1135 2763 1136
19540 4 2 18 30 1164 3043 3036 1163
19541 4 2 18 30 3028 1158 1159 3035
19542 4 2 18 30 1151 1152 3044 3019
19543 4 2 18 30 3020 3027 1153 1154
19544 4 2 18 30 3029 3610 3033 3652
19545 4 2 18 30 2738 2960 2901 3667
19546 4 2 18 30 2879 2739 2880 3647
19547 4 2 18 30 2882 3613 2745 3616
19548 4 2 18 30 2763 3014 3018 1136
19549 4 2 18 30 2749 2924 2929 3659
19550 4 2 18 30 3022 1140 3026 3665
19551 4 2 18 30 2884 3030 3034 1144
19552 4 2 18 30 3621 3645 3624 3649
19553 4 2 18 30 2832 2828 2993 3663
19554 4 2 18 30 1147 3042 1148 3661
19555 4 2 18 30 3612 3616 2986 3647
19556 4 2 18 30 2842 2968 2765 3615
19557 4 2 18 30 3595 3602 3586 3624
19558 4 2 18 30 3017 2871 1137 3013
19559 4 2 18 30 3026 2794 1140 1139
19560 4 2 18 30 2850 3031 1145 3652
19561 4 2 18 30 2848 3619 3605 3644
19562 4 2 18 30 2931 2975 3613 3660
19563 4 2 18 30 3627 2720 3646 3657
19564 4 2 18 30 2737 1149 1150 3041
19565 4 2 18 30 3041 3037 3044 3587
19566 4 2 18 30 2756 2950 3645 3649
19567 4 2 18 30 2935 3637 2823 3638
19568 4 2 18 30 2743 3632 3617 3633
19569 4 2 18 30 2797 3650 2956 3657
19570 4 2 18 30 3055 3027 194 1153
19571 4 2 18 30 1151 3054 193 3019
19572 4 2 18 30 3056 195 1158 3035
19573 4 2 18 30 196 3043 1163 3057
19574 4 2 18 30 194 3020 3055 1153
19575 4 2 18 30 193 3054 1151 3044
19576 4 2 18 30 3056 1158 195 3028
19577 4 2 18 30 1163 3036 196 3057
19578 4 2 18 30 3610 3620 2772 3637
19579 4 2 18 30 3616 3618 2917 3647
19580 4 2 18 30 3584 3608 3591 3609
19581 4 2 18 30 2789 3005 2792 3664
19582 4 2 18 30 3596 3618 3606 3632
19583 4 2 18 30 2821 2909 2725 3635
19584 4 2 18 30 1148 3042 3038 3661
19585 4 2 18 30 3590 3623 3622 3635
19586 4 2 18 30 2730 2806 2892 3641
19587 4 2 18 30 3612 3631 2928 3655
19588 4 2 18 30 2908 3664 2909 3666
19589 4 2 18 30 2804 3637 2723 3639
19590 4 2 18 30 2824 2919 2969 3662
19591 4 2 18 30 2898 3023 2793 1141
19592 4 2 18 30 2881 2999 3639 3658
19593 4 2 18 30 3600 3635 3621 3651
19594 4 2 18 30 2719 3625 3619 3628
19595 4 2 18 30 2959 3606 3025 3667
19596 4 2 18 30 2900 2923 3609 3638
19597 4 2 18 30 2720 2797 2956 3657
19598 4 2 18 30 3589 3599 3030 3636
19599 4 2 18 30 3011 2740 3636 3667
19600 4 2 18 30 3584 3591 3588 3609
19601 4 2 18 30 3022 3601 3590 3648
19602 4 2 18 30 3594 3601 3017 3653
19603 4 2 18 30 3002 2796 3650 3669
19604 4 2 18 30 3597 3623 3635 3664
19605 4 2 18 30 2880 3647 3636 3656
19606 4 2 18 30 2785 3006 2726 3628
19607 4 2 18 30 3603 3627 3604 3644
19608 4 2 18 30 3636 3647 3011 3667
19609 4 2 18 30 3588 3599 3613 3641
19610 4 2 18 30 2930 3623 3648 3665
19611 4 2 18 30 2771 2906 2965 3666
19612 4 2 18 30 3624 3645 2911 3649
19613 4 2 18 30 2911 3624 2751 3645
19614 4 2 18 30 3031 3029 1145 3652
19615 4 2 18 30 2804 3637 3639 3652
19616 4 2 18 30 2880 3636 2884 3656
19617 4 2 18 30 2856 3631 2854 3656
19618 4 2 18 30 3028 3056 1158 3035
19619 4 2 18 30 3054 1151 3044 3019
19620 4 2 18 30 3055 3020 3027 1153
19621 4 2 18 30 1163 3043 3036 3057
19622 4 2 18 30 3595 3624 3015 3629
19623 4 2 18 30 2769 3664 3005 3666
19624 4 2 18 30 2927 2720 2853 3657
19625 4 2 18 30 2722 2832 2993 3663
19626 4 2 18 30 2914 2868 2767 3668
19627 4 2 18 30 2705 3640 2922 3660
19628 4 2 18 30 3038 3042 3043 3591
19629 4 2 18 30 3040 3037 3039 3592
19630 4 2 18 30 3587 3595 3014 3604
19631 4 2 18 30 2882 3613 3616 3655
19632 4 2 18 30 2944 2754 2767 3654
19633 4 2 18 30 2956 2747 2853 3657
19634 4 2 18 30 3586 3595 3587 3604
19635 4 2 18 30 2820 2800 2783 3646
19636 4 2 18 30 2817 1138 2864 3017
19637 4 2 18 30 3626 3643 2940 3663
19638 4 2 18 30 3001 3650 3627 3669
19639 4 2 18 30 3029 3031 3032 3588
19640 4 2 18 30 2937 3645 3621 3649
19641 4 2 18 30 1143 2884 2740 3636
19642 4 2 18 30 2836 2882 2733 3655
19643 4 2 18 30 2837 3648 2838 3654
19644 4 2 18 30 2717 3635 3600 3651
19645 4 2 18 30 2927 3628 2785 3644
19646 4 2 18 30 3584 3609 3593 3614
19647 4 2 18 30 1144 2850 2855 3031
19648 4 2 18 30 3600 3617 2984 3660
19649 4 2 18 30 2956 3650 2862 3651
19650 4 2 18 30 2720 3627 3000 3657
19651 4 2 18 30 2837 3601 3026 3648
19652 4 2 18 30 2858 2896 2734 3656
19653 4 2 18 30 2980 3631 3612 3656
19654 4 2 18 30 3018 3587 3014 3604
19655 4 2 18 30 2733 2987 2836 3655
19656 4 2 18 30 3018 3019 3014 3587
19657 4 2 18 30 2810 3633 3617 3634
19658 4 2 18 30 2820 2783 3007 3646
19659 4 2 18 30 2851 3649 2715 3650
19660 4 2 18 30 2989 2768 2838 3648
19661 4 2 18 30 2846 3644 3642 3646
19662 4 2 18 30 2923 3614 3609 3643
19663 4 2 18 30 1137 2875 3015 3624
19664 4 2 18 30 2932 2846 2927 3644
19665 4 2 18 30 2714 3603 3628 3657
19666 4 2 18 30 2749 2967 3630 3659
19667 4 2 18 30 2923 3609 3638 3643
19668 4 2 18 30 2859 3041 189 1152
19669 4 2 18 30 2771 2965 2891 3666
19670 4 2 18 30 3592 3584 3603 3628
19671 4 2 18 30 3586 3603 3595 3604
19672 4 2 18 30 2768 3648 3623 3668
19673 4 2 18 30 3021 1141 3023 3596
19674 4 2 18 30 2821 2725 2938 3635
19675 4 2 18 30 3588 3613 3609 3641
19676 4 2 18 30 1143 2740 2827 3034
19677 4 2 18 30 2866 3651 3600 3660
19678 4 2 18 30 3611 3630 3599 3641
19679 4 2 18 30 2884 2880 2740 3636
19680 4 2 18 30 3616 3617 2897 3632
19681 4 2 18 30 2776 1148 3039 2728
19682 4 2 18 30 3041 3037 3587 3592
19683 4 2 18 30 2952 2801 2881 3658
19684 4 2 18 30 2715 2862 3003 3650
19685 4 2 18 30 3603 2714 3628 3640
19686 4 2 18 30 2748 3610 2890 3652
19687 4 2 18 30 2738 2901 2872 3667
19688 4 2 18 30 3586 3595 3603 3627
19689 4 2 18 30 3039 1148 3038 3661
19690 4 2 18 30 2930 2794 2792 3665
19691 4 2 18 30 3592 3603 3587 3605
19692 4 2 18 30 2878 3618 3616 3632
19693 4 2 18 30 2789 2908 3005 3664
19694 4 2 18 30 2781 1164 3033 192
19695 4 2 18 30 3003 3002 2715 3650
19696 4 2 18 30 2781 1164 192 3042
19697 4 2 18 30 2823 3637 3620 3638
19698 4 2 18 30 3619 3625 3592 3628
19699 4 2 18 30 189 2765 3041 2859
19700 4 2 18 30 2829 2935 2711 3638
19701 4 2 18 30 2930 3648 2794 3665
19702 4 2 18 30 2730 3630 3641 3655
19703 4 2 18 30 3591 3607 3609 3638
19704 4 2 18 30 2722 2876 3662 3663
19705 4 2 18 30 2716 2868 2914 3668
19706 4 2 18 30 1138 190 2773 3017
19707 4 2 18 30 2859 1152 189 3018
19708 4 2 18 30 3608 3662 3643 3663
19709 4 2 18 30 3026 190 2773 1139
19710 4 2 18 30 2942 2993 2798 3663
19711 4 2 18 30 3644 3646 2720 3657
19712 4 2 18 30 3590 3648 3623 3665
19713 4 2 18 30 2746 3612 3647 3656
19714 4 2 18 30 2806 3641 2730 3659
19715 4 2 18 30 3022 3026 3648 3665
19716 4 2 18 30 3041 2859 3018 1152
19717 4 2 18 30 2768 3654 3648 3668
19718 4 2 18 30 3026 3601 3022 3648
19719 4 2 18 30 3022 3648 3590 3665
19720 4 2 18 30 3622 3653 2753 3668
19721 4 2 18 30 3584 3593 3603 3614
19722 4 2 18 30 2873 3640 3651 3660
19723 4 2 18 30 3661 3662 3608 3663
19724 4 2 18 30 1143 191 3034 2827
19725 4 2 18 30 2873 2862 2717 3651
19726 4 2 18 30 3590 3594 3621 3622
19727 4 2 18 30 3613 3616 3596 3617
19728 4 2 18 30 2734 2856 2858 3656
19729 4 2 18 30 2929 2924 2787 3659
19730 4 2 18 30 3042 3591 3038 3661
19731 4 2 18 30 3586 3587 3603 3604
19732 4 2 18 30 3600 3651 3640 3660
19733 4 2 18 30 191 3034 2827 1159
19734 4 2 18 30 2722 3662 2832 3663
19735 4 2 18 30 3624 3649 2757 3669
19736 4 2 18 30 2827 1142 191 3025
19737 4 2 18 30 2781 1164 3042 3033
19738 4 2 18 30 2773 3026 1139 2837
19739 4 2 18 30 3015 1136 3014 3595
19740 4 2 18 30 2827 3034 3025 1159
19741 4 2 18 30 2734 2884 2856 3656
19742 4 2 18 30 1146 192 2781 3033
19743 4 2 18 30 2786 3631 3630 3655
19744 4 2 18 30 2827 3025 191 1159
19745 4 2 18 30 2941 2865 2830 3643
19746 4 2 18 30 2725 3635 2909 3664
19747 4 2 18 30 2864 1138 2773 3017
19748 4 2 18 30 2816 2817 2735 3653
19749 4 2 18 30 3593 3640 3600 3651
19750 4 2 18 30 2748 1146 2814 3033
19751 4 2 18 30 3033 1146 2814 2781
19752 4 2 18 30 2795 2748 2890 3652
19753 4 2 18 30 192 1147 2781 3042
19754 4 2 18 30 1142 2827 2959 3025
19755 4 2 18 30 2806 3658 3641 3659
19756 4 2 18 30 2747 2862 2873 3651
19757 4 2 18 30 2765 189 3041 1150
19758 4 2 18 30 2850 1145 2803 3652
19759 4 2 18 30 3602 3603 3586 3651
19760 4 2 18 30 3627 3629 2759 3669
19761 4 2 18 30 3612 3613 3599 3655
19762 4 2 18 30 2942 2722 2993 3663
19763 4 2 18 30 3602 3627 3603 3657
19764 4 2 18 30 2900 3638 3609 3641
19765 4 2 18 30 2956 3651 2747 3657
19766 4 2 18 30 2748 2803 1145 3652
19767 4 2 18 30 3018 189 2859 1135
19768 4 2 18 30 2797 3627 3650 3657
19769 4 2 18 30 2773 1154 190 3026
19770 4 2 18 30 3603 3587 3605 3644
19771 4 2 18 30 3589 3596 3613 3616
19772 4 2 18 30 2714 3640 3603 3657
19773 4 2 18 30 190 1154 2773 3017
19774 4 2 18 30 3589 3636 3618 3647
19775 4 2 18 30 3621 3624 3602 3649
19776 4 2 18 30 3596 3585 3613 3617
19777 4 2 18 30 2927 3644 2720 3657
19778 4 2 18 30 3618 2872 3647 3667
19779 4 2 18 30 2800 3629 3627 3646
19780 4 2 18 30 2935 3638 2829 3639
19781 4 2 18 30 2956 2853 2720 3657
19782 4 2 18 30 2730 3641 3630 3659
19783 4 2 18 30 2975 3617 3613 3660
19784 4 2 18 30 3591 3607 3588 3609
19785 4 2 18 30 3600 3613 3585 3617
19786 4 2 18 30 3588 3611 3599 3641
19787 4 2 18 30 1139 2837 3026 3648
19788 4 2 18 30 3598 3592 3625 3628
19789 4 2 18 30 1147 2788 2834 3661
19790 4 2 18 30 2803 2795 2916 3652
19791 4 2 18 30 2935 3637 3638 3639
19792 4 2 18 30 2964 3651 3640 3657
19793 4 2 18 30 2745 3616 3613 3617
19794 4 2 18 30 3603 3604 3587 3644
19795 4 2 18 30 3638 3643 3608 3662
19796 4 2 18 30 3594 3624 3621 3645
19797 4 2 18 30 3627 3604 3644 3646
19798 4 2 18 30 3586 3603 3602 3627
19799 4 2 18 30 1143 3034 2884 3636
19800 4 2 18 30 3589 3618 3612 3647
19801 4 2 18 30 3602 3603 3651 3657
19802 4 2 18 30 1135 2761 2859 3018
19803 4 2 18 30 3613 3617 3600 3660
19804 4 2 18 30 3585 3589 3596 3613
19805 4 2 18 30 3623 3664 3597 3665
19806 4 2 18 30 3588 3593 3609 3613
19807 4 2 18 30 1143 2740 3034 3636
19808 4 2 18 30 3586 3602 3595 3627
19809 4 2 18 30 3593 3640 3609 3660
19810 4 2 18 30 2781 3042 1147 3661
19811 4 2 18 30 2956 3650 3651 3657
19812 4 2 18 30 2737 1150 2765 3041
19813 4 2 18 30 3604 3605 3587 3644
19814 4 2 18 30 3019 3054 193 1155
19815 4 2 18 30 194 1160 3027 3055
19816 4 2 18 30 195 3056 1165 3035
19817 4 2 18 30 196 1168 3043 3057
19818 4 2 18 30 2936 2767 3654 3668
19819 4 2 18 30 3028 195 3056 1162
19820 4 2 18 30 3036 1167 196 3057
19821 4 2 18 30 194 3020 1157 3055
19822 4 2 18 30 193 3054 3044 1170
19823 4 2 18 30 3593 3600 3640 3660
19824 4 2 18 30 2908 3005 3664 3666
19825 4 2 18 30 2909 3664 3635 3666
19826 4 2 18 30 3620 3637 3607 3638
19827 4 2 18 30 1136 2875 3015 1137
19828 4 2 18 30 3634 3635 2725 3664
19829 4 2 18 30 3598 3643 3626 3663
19830 4 2 18 30 3638 3639 3609 3641
19831 4 2 18 30 2793 1140 3023 3665
19832 4 2 18 30 3593 3613 3600 3660
19833 4 2 18 30 3589 3596 3616 3618
19834 4 2 18 30 2793 2792 2794 3665
19835 4 2 18 30 3607 3620 3610 3637
19836 4 2 18 30 3597 3600 3585 3617
19837 4 2 18 30 3594 3645 3622 3653
19838 4 2 18 30 3609 3613 3593 3660
19839 4 2 18 30 3639 3652 3607 3658
19840 4 2 18 30 2788 2899 2834 3661
19841 4 2 18 30 2767 2754 2936 3654
19842 4 2 18 30 3599 3612 3589 3613
19843 4 2 18 30 3597 3635 3634 3664
19844 4 2 18 30 3590 3601 3594 3622
19845 4 2 18 30 3596 3597 3585 3617
19846 4 2 18 30 3627 3644 3603 3657
19847 4 2 18 30 3593 3585 3600 3613
19848 4 2 18 30 1140 2793 3023 1141
19849 4 2 18 30 3608 3620 3591 3638
19850 4 2 18 30 3610 3620 3591 3661
19851 4 2 18 30 3590 3585 3597 3600
19852 4 2 18 30 3627 3646 3644 3657
19853 4 2 18 30 3602 3621 3594 3624
19854 4 2 18 30 3603 3644 3628 3657
19855 4 2 18 30 3608 3661 3620 3662
19856 4 2 18 30 3589 3606 3618 3636
19857 4 2 18 30 1148 1149 2776 3039
19858 4 2 18 30 3589 3606 3596 3618
19859 4 2 18 30 3589 3616 3612 3618
19860 4 2 18 30 3597 3600 3634 3635
19861 4 2 18 30 3618 3647 3636 3667
19862 4 2 18 30 1144 3031 1145 2850
19863 4 2 18 30 3601 3623 3590 3648
19864 4 2 18 30 3611 3607 3652 3658
19865 4 2 18 30 3627 3629 3595 3646
19866 4 2 18 30 3607 3609 3638 3639
19867 4 2 18 30 3612 3616 3613 3655
19868 4 2 18 30 3625 3626 3598 3628
19869 4 2 18 30 3607 3591 3620 3638
19870 4 2 18 30 3620 3638 3608 3662
19871 4 2 18 30 3588 3609 3611 3641
19872 4 2 18 30 3603 3614 3593 3640
19873 4 2 18 30 3600 3617 3597 3634
19874 4 2 18 30 3601 3622 3590 3623
19875 4 2 18 30 3594 3622 3601 3653
19876 4 2 18 30 3616 3618 3596 3632
19877 4 2 18 30 3589 3613 3612 3616
19878 4 2 18 30 3597 3617 3596 3633
19879 4 2 18 30 3590 3597 3623 3635
19880 4 2 18 30 3590 3623 3597 3665
19881 4 2 18 30 3596 3617 3616 3632
19882 4 2 18 30 3590 3600 3597 3635
19883 4 2 18 30 3595 3624 3629 3669
19884 4 2 18 30 3602 3624 3595 3669
19885 4 2 18 30 3612 3618 3616 3647
19886 4 2 18 30 3604 3595 3629 3646
19887 4 2 18 30 3603 3628 3614 3640
19888 4 2 18 30 3591 3620 3608 3661
19889 4 2 18 30 3618 3636 3606 3667
19890 4 2 18 30 3602 3595 3627 3669
19891 4 2 18 30 3608 3643 3598 3663
19892 4 2 18 30 3602 3650 3649 3669
19893 4 2 18 30 3640 3651 3603 3657
19894 4 2 18 30 3617 3632 3596 3633
19895 4 2 18 30 3642 3644 3604 3646
19896 4 2 18 30 3593 3614 3609 3640
19897 4 2 18 30 3617 3633 3597 3634
19898 4 2 18 30 3622 3654 3653 3668
19899 4 2 18 30 3604 3615 3605 3642
19900 4 2 18 30 3604 3642 3605 3644
19901 4 2 18 30 2748 2795 2803 3652
19902 4 2 18 30 3604 3627 3595 3646
19903 4 2 18 30 3587 3605 3604 3615
19904 4 2 18 30 3595 3629 3627 3669
19905 4 2 18 30 3588 3609 3607 3611
19906 4 2 18 30 3607 3637 3610 3652
19907 4 2 18 30 3621 3650 3602 3651
19908 4 2 18 30 3612 3599 3631 3655
19909 4 2 18 30 3621 3622 3594 3645
19910 4 2 18 30 3607 3591 3610 3620
19911 4 2 18 30 3621 3649 3602 3650
19912 4 2 18 30 3624 3602 3649 3669
19913 4 2 18 30 3641 3658 3611 3659
19914 4 2 18 30 3635 3664 3623 3666
19915 4 2 18 30 3622 3601 3653 3654
19916 4 2 18 30 3602 3650 3627 3657
19917 4 2 18 30 3602 3651 3650 3657
19918 4 2 18 30 3630 3631 3599 3655
19919 4 2 18 30 3607 3639 3637 3652
19920 4 2 18 30 3630 3641 3611 3659
19921 4 2 18 30 3627 3650 3602 3669
19922 4 2 18 30 3607 3638 3637 3639
19923 4 2 18 30 2793 2794 1140 3665
19924 4 2 18 30 3626 2918 3598 2728
19925 4 2 18 30 3626 3598 2918 3625
19926 4 2 18 30 3039 3598 2776 2728
19927 4 2 18 30 3039 2776 3598 3625
19928 4 2 18 30 3598 2918 2776 2728
19929 4 2 18 30 3598 2776 2918 3625
19930 4 2 18 30 2855 3630 3031 2750
19931 4 2 18 30 3596 3633 2811 2898
19932 4 2 18 30 3596 2811 3633 3632
19933 4 2 18 30 2744 2811 3633 2898
19934 4 2 18 30 2744 3633 2811 3632
19935 4 2 18 30 2749 3659 2926 2925
19936 4 2 18 30 2749 2926 3659 3630
19937 4 2 18 30 2750 2926 3659 2925
19938 4 2 18 30 2750 3659 2926 3630
19939 4 2 18 30 2731 3659 2850 3611
19940 4 2 18 30 2731 2850 3659 2925
19941 4 2 18 30 2750 2850 3659 3611
19942 4 2 18 30 2750 3659 2850 2925
19943 4 2 18 30 3646 2758 3604 2913
19944 4 2 18 30 3646 3604 2758 3629
19945 4 2 18 30 2763 3604 2758 2913
19946 4 2 18 30 2763 2758 3604 3629
19947 4 2 18 30 3615 2737 2844 2843
19948 4 2 18 30 3615 2844 2737 3605
19949 4 2 18 30 3594 3016 3015 3013
19950 4 2 18 30 3594 3015 3016 3586
19951 4 2 18 30 3665 2770 3597 2808
19952 4 2 18 30 3665 3597 2770 3664
19953 4 2 18 30 3632 2741 2811 2951
19954 4 2 18 30 3632 2811 2741 3618
19955 4 2 18 30 3666 2930 3664 3623
19956 4 2 18 30 3666 3664 2930 2769
19957 4 2 18 30 3642 2849 3644 2706
19958 4 2 18 30 3642 3644 2849 3605
19959 4 2 18 30 2926 3631 2902 2729
19960 4 2 18 30 2902 3631 2926 3630
19961 4 2 18 30 3661 3598 3038 3039
19962 4 2 18 30 3661 3038 3598 3608
19963 4 2 18 30 3619 3605 3041 2737
19964 4 2 18 30 3041 3605 3619 3592
19965 4 2 18 30 3041 3037 3619 2737
19966 4 2 18 30 3619 3037 3041 3592
19967 4 2 18 30 3666 2821 2755 3635
19968 4 2 18 30 3666 2755 2821 2906
19969 4 2 18 30 3667 3034 2740 3636
19970 4 2 18 30 3667 2740 3034 2827
19971 4 2 18 30 3615 2845 2844 3605
19972 4 2 18 30 3615 2844 2845 2988
19973 4 2 18 30 3662 2711 3643 2876
19974 4 2 18 30 3662 3643 2711 3638
19975 4 2 18 30 3662 2823 3638 2822
19976 4 2 18 30 3662 3638 2823 3620
19977 4 2 18 30 3656 3589 3647 3636
19978 4 2 18 30 3656 3647 3589 3612
19979 4 2 18 30 3624 3586 3015 3594
19980 4 2 18 30 3624 3015 3586 3595
19981 4 2 18 30 3631 3031 3630 3599
19982 4 2 18 30 3631 3630 3031 2855
19983 4 2 18 30 2988 3642 2764 2971
19984 4 2 18 30 2764 3642 2988 3615
19985 4 2 18 30 2895 3651 3635 2717
19986 4 2 18 30 3635 3651 2895 3621
19987 4 2 18 30 3645 3015 3594 3624
19988 4 2 18 30 3645 3594 3015 3013
19989 4 2 18 30 3633 2744 2877 3632
19990 4 2 18 30 3633 2877 2744 2905
19991 4 2 18 30 2917 3618 2709 2861
19992 4 2 18 30 2917 2709 3618 3616
19993 4 2 18 30 2979 2709 3618 2861
19994 4 2 18 30 2979 3618 2709 3616
19995 4 2 18 30 3628 2870 2860 3625
19996 4 2 18 30 3628 2860 2870 2726
19997 4 2 18 30 3657 2889 2964 2853
19998 4 2 18 30 3657 2964 2889 3640
19999 4 2 18 30 3635 2866 2984 2938
20000 4 2 18 30 3635 2984 2866 3600
20001 4 2 18 30 3656 2854 2736 3631
20002 4 2 18 30 3656 2736 2854 2858
20003 4 2 18 30 2877 3633 2743 2782
20004 4 2 18 30 2743 3633 2877 3632
20005 4 2 18 30 2851 3669 3650 2796
20006 4 2 18 30 3650 3669 2851 3649
20007 4 2 18 30 3614 2923 2887 2721
20008 4 2 18 30 3614 2887 2923 3609
20009 4 2 18 30 3597 3022 3585 3590
20010 4 2 18 30 3597 3585 3022 3023
20011 4 2 18 30 3024 3585 3022 3590
20012 4 2 18 30 3024 3022 3585 3023
20013 4 2 18 30 3619 3039 3625 2776
20014 4 2 18 30 3619 3625 3039 3592
20015 4 2 18 30 3626 2727 3012 2963
20016 4 2 18 30 3626 3012 2727 3625
20017 4 2 18 30 3629 1136 2875 3015
20018 4 2 18 30 3629 2875 1136 2934
20019 4 2 18 30 3655 2833 2928 2987
20020 4 2 18 30 3655 2928 2833 3631
20021 4 2 18 30 3651 2766 3650 2862
20022 4 2 18 30 3651 3650 2766 3621
20023 4 2 18 30 2785 3644 2848 2932
20024 4 2 18 30 2848 3644 2785 3628
20025 4 2 18 30 3619 3039 3037 3592
20026 4 2 18 30 3659 2952 2801 2787
20027 4 2 18 30 3659 2801 2952 3658
20028 4 2 18 30 3028 3025 3035 1159
20029 4 2 18 30 3028 3035 3025 3606
20030 4 2 18 30 3034 3035 3025 1159
20031 4 2 18 30 3034 3025 3035 3606
20032 4 2 18 30 3628 3584 3614 3598
20033 4 2 18 30 3628 3614 3584 3603
20034 4 2 18 30 3034 3606 3667 3025
20035 4 2 18 30 3034 3667 3606 3636
20036 4 2 18 30 2748 3033 1145 1146
20037 4 2 18 30 2748 1145 3033 3652
20038 4 2 18 30 3654 2768 2838 2936
20039 4 2 18 30 3654 2838 2768 3648
20040 4 2 18 30 3628 3643 3598 3614
20041 4 2 18 30 3598 3643 3628 3626
20042 4 2 18 30 3668 3648 3622 3654
20043 4 2 18 30 3668 3622 3648 3623
20044 4 2 18 30 3601 3622 3648 3654
20045 4 2 18 30 3601 3648 3622 3623
20046 4 2 18 30 3644 3619 3603 3628
20047 4 2 18 30 3644 3603 3619 3605
20048 4 2 18 30 3592 3603 3619 3628
20049 4 2 18 30 3592 3619 3603 3605
20050 4 2 18 30 3601 1154 2773 3026
20051 4 2 18 30 3601 2773 1154 3017
20052 4 2 18 30 3658 3607 3641 3611
20053 4 2 18 30 3658 3641 3607 3639
20054 4 2 18 30 3609 3641 3607 3611
20055 4 2 18 30 3609 3607 3641 3639
20056 4 2 18 30 2775 2776 3039 3619
20057 4 2 18 30 3039 2776 2775 1149
20058 4 2 18 30 3039 3037 2775 3619
20059 4 2 18 30 2775 3037 3039 1149
20060 4 2 19 31 1131 1132 1148 3076
20061 4 2 19 31 1127 1128 1144 3107
20062 4 2 19 31 1136 3066 1119 1120
20063 4 2 19 31 1140 1124 3092 1123
20064 4 2 19 31 1121 1137 3067 1122
20065 4 2 19 31 1141 1125 1126 3091
20066 4 2 19 31 1149 1134 3077 1133
20067 4 2 19 31 1145 1129 1130 3106
20068 4 2 19 31 1189 1086 178 1954
20069 4 2 19 31 1093 1191 178 1954
20070 4 2 19 31 1122 1137 3067 1138
20071 4 2 19 31 1126 1142 1141 3091
20072 4 2 19 31 1143 1127 1144 3107
20073 4 2 19 31 1131 1148 1147 3076
20074 4 2 19 31 1150 1134 3077 1149
20075 4 2 19 31 1130 1146 1145 3106
20076 4 2 19 31 1119 1135 3066 1136
20077 4 2 19 31 1123 3092 1140 1139
20078 4 2 19 31 1193 3056 195 1162
20079 4 2 19 31 3056 195 1165 1198
20080 4 2 19 31 1090 3098 1675 1091
20081 4 2 19 31 1072 1073 3058 1649
20082 4 2 19 31 1082 1081 1662 3083
20083 4 2 19 31 1097 1688 1098 3068
20084 4 2 19 31 3097 1161 3096 3051
20085 4 2 19 31 3052 3097 1166 3095
20086 4 2 19 31 1094 1950 3080 3082
20087 4 2 19 31 1085 3081 1949 3082
20088 4 2 19 31 1067 1694 1068 1173
20089 4 2 19 31 1192 1193 3085 1161
20090 4 2 19 31 3070 1181 1169 1182
20091 4 2 19 31 1198 3100 1166 1197
20092 4 2 19 31 1179 3060 1156 1180
20093 4 2 19 31 1067 1068 1656 1173
20094 4 2 19 31 3085 3024 3086 1161
20095 4 2 19 31 1169 3040 3071 3070
20096 4 2 19 31 3100 3032 1166 3101
20097 4 2 19 31 1156 3061 3016 3060
20098 4 2 19 31 1198 1166 3097 1197
20099 4 2 19 31 1192 1193 1161 3097
20100 4 2 19 31 1191 1094 1190 3082
20101 4 2 19 31 3082 1085 1188 1189
20102 4 2 19 31 1084 176 1953 3081
20103 4 2 19 31 1955 3080 180 1095
20104 4 2 19 31 1089 177 1677 3107
20105 4 2 19 31 179 1690 1096 3076
20106 4 2 19 31 1074 175 3067 1650
20107 4 2 19 31 1083 1663 177 3091
20108 4 2 19 31 1080 3092 175 1664
20109 4 2 19 31 1092 1676 179 3106
20110 4 2 19 31 1197 3100 1166 3101
20111 4 2 19 31 3086 1192 3085 1161
20112 4 2 19 31 1169 3071 1181 3070
20113 4 2 19 31 3060 1179 1156 3061
20114 4 2 19 31 194 3096 1160 3055
20115 4 2 19 31 196 1167 3095 3057
20116 4 2 19 31 203 178 3082 1189
20117 4 2 19 31 203 178 1191 3082
20118 4 2 19 31 3063 3058 1073 1649
20119 4 2 19 31 1082 1662 3088 3083
20120 4 2 19 31 3102 1675 3098 1091
20121 4 2 19 31 3072 1098 1688 3068
20122 4 2 19 31 3073 1688 1097 3068
20123 4 2 19 31 1675 3103 3098 1090
20124 4 2 19 31 3062 1072 3058 1649
20125 4 2 19 31 3087 1662 1081 3083
20126 4 2 19 31 1657 1662 3087 3084
20127 4 2 19 31 1644 3062 3059 1649
20128 4 2 19 31 1670 3099 1675 3103
20129 4 2 19 31 3069 1683 3073 1688
20130 4 2 19 31 204 195 3097 1198
20131 4 2 19 31 204 195 1193 3097
20132 4 2 19 31 1197 1166 3097 3095
20133 4 2 19 31 1161 3096 1192 3097
20134 4 2 19 31 3080 1190 1094 3082
20135 4 2 19 31 3081 1085 1188 3082
20136 4 2 19 31 1683 3069 3072 1688
20137 4 2 19 31 1675 3102 3099 1670
20138 4 2 19 31 1644 3059 3063 1649
20139 4 2 19 31 1657 1662 3084 3088
20140 4 2 19 31 3081 1175 1076 1174
20141 4 2 19 31 1186 1101 3080 1187
20142 4 2 19 31 1663 1078 177 1195
20143 4 2 19 31 177 1078 1677 1195
20144 4 2 19 31 1650 175 1177 1069
20145 4 2 19 31 1087 179 1676 1184
20146 4 2 19 31 1087 1690 179 1184
20147 4 2 19 31 1664 1177 175 1069
20148 4 2 19 31 199 176 3081 1175
20149 4 2 19 31 3080 180 202 1187
20150 4 2 19 31 3082 178 1191 1954
20151 4 2 19 31 1189 178 3082 1954
20152 4 2 19 31 1110 1083 183 3091
20153 4 2 19 31 1111 183 1089 3107
20154 4 2 19 31 184 1096 1115 3076
20155 4 2 19 31 1118 181 3077 1099
20156 4 2 19 31 1092 184 1114 3106
20157 4 2 19 31 1103 3066 181 1071
20158 4 2 19 31 1120 1136 3066 3058
20159 4 2 19 31 3092 1124 1140 3083
20160 4 2 19 31 3068 1148 1132 3076
20161 4 2 19 31 1144 1128 3098 3107
20162 4 2 19 31 1089 183 177 3107
20163 4 2 19 31 184 179 1096 3076
20164 4 2 19 31 177 183 1083 3091
20165 4 2 19 31 1688 3073 3072 3068
20166 4 2 19 31 3102 1675 3103 3098
20167 4 2 19 31 1662 3087 3088 3083
20168 4 2 19 31 3058 3063 3062 1649
20169 4 2 19 31 1092 179 184 3106
20170 4 2 19 31 173 181 3066 1071
20171 4 2 19 31 181 173 3077 1099
20172 4 2 19 31 1129 1145 3098 3106
20173 4 2 19 31 3077 1149 1133 3068
20174 4 2 19 31 3067 1137 1121 3058
20175 4 2 19 31 1125 1141 3083 3091
20176 4 2 19 31 201 196 3095 1182
20177 4 2 19 31 1180 200 194 3096
20178 4 2 19 31 1695 3073 1087 3075
20179 4 2 19 31 3105 1682 1078 3103
20180 4 2 19 31 3087 1069 1669 3089
20181 4 2 19 31 1180 1156 1179 3096
20182 4 2 19 31 1181 3095 1169 1182
20183 4 2 19 31 195 3056 3097 1198
20184 4 2 19 31 1193 195 3056 3097
20185 4 2 19 31 1074 3067 182 1106
20186 4 2 19 31 1080 182 3092 1107
20187 4 2 19 31 1067 1173 1172 3072
20188 4 2 19 31 1172 1173 1067 3062
20189 4 2 19 31 1087 3102 1185 1184
20190 4 2 19 31 1069 3087 1177 1178
20191 4 2 19 31 3103 1078 1196 1195
20192 4 2 19 31 1196 1078 3088 1195
20193 4 2 19 31 1177 3063 1069 1178
20194 4 2 19 31 1087 1185 3073 1184
20195 4 2 19 31 1078 1668 3090 3088
20196 4 2 19 31 1655 1069 3063 3065
20197 4 2 19 31 1681 1087 3102 3104
20198 4 2 19 31 3067 182 175 1074
20199 4 2 19 31 175 182 3092 1080
20200 4 2 19 31 3077 3041 1150 1149
20201 4 2 19 31 1145 1146 3033 3106
20202 4 2 19 31 1135 3018 3066 1136
20203 4 2 19 31 3026 1140 3092 1139
20204 4 2 19 31 1138 1137 3067 3017
20205 4 2 19 31 1142 3025 1141 3091
20206 4 2 19 31 3034 1143 1144 3107
20207 4 2 19 31 3042 1147 1148 3076
20208 4 2 19 31 1186 1101 3079 3080
20209 4 2 19 31 1174 1076 3081 3079
20210 4 2 19 31 3074 1068 1694 1173
20211 4 2 19 31 1171 193 198 3061
20212 4 2 19 31 198 193 1171 3071
20213 4 2 19 31 1068 3064 1656 1173
20214 4 2 19 31 1664 3087 1177 1069
20215 4 2 19 31 1087 1676 3102 1184
20216 4 2 19 31 3103 1677 1078 1195
20217 4 2 19 31 1078 1663 3088 1195
20218 4 2 19 31 3073 1690 1087 1184
20219 4 2 19 31 1177 3063 1650 1069
20220 4 2 19 31 3073 3072 3069 1688
20221 4 2 19 31 1675 3099 3102 3103
20222 4 2 19 31 1662 3087 3084 3088
20223 4 2 19 31 3062 3063 3059 1649
20224 4 2 19 31 3086 200 194 1176
20225 4 2 19 31 196 201 3101 1183
20226 4 2 19 31 1161 1160 3096 3051
20227 4 2 19 31 3052 1166 1167 3095
20228 4 2 19 31 1082 1108 3083 1109
20229 4 2 19 31 1073 1104 3058 1105
20230 4 2 19 31 1098 1116 3068 1117
20231 4 2 19 31 1113 3098 1112 1091
20232 4 2 19 31 3081 1084 1085 1949
20233 4 2 19 31 1095 1950 3080 1094
20234 4 2 19 31 1952 1075 174 3079
20235 4 2 19 31 1102 1952 174 3079
20236 4 2 19 31 1153 3086 194 1176
20237 4 2 19 31 193 1151 1171 3071
20238 4 2 19 31 1171 1151 193 3061
20239 4 2 19 31 3101 196 1183 1163
20240 4 2 19 31 1188 199 176 3081
20241 4 2 19 31 3080 202 180 1190
20242 4 2 19 31 3095 3094 1181 1169
20243 4 2 19 31 3094 1179 1156 3096
20244 4 2 19 31 1174 197 174 3079
20245 4 2 19 31 1186 174 197 3079
20246 4 2 19 31 183 187 1110 3091
20247 4 2 19 31 188 184 1115 3076
20248 4 2 19 31 1111 187 183 3107
20249 4 2 19 31 1195 177 183 3107
20250 4 2 19 31 177 183 3091 1195
20251 4 2 19 31 3076 184 179 1184
20252 4 2 19 31 185 181 3077 1118
20253 4 2 19 31 181 185 3066 1103
20254 4 2 19 31 1114 184 188 3106
20255 4 2 19 31 3077 173 181 1172
20256 4 2 19 31 181 173 3066 1172
20257 4 2 19 31 184 179 1184 3106
20258 4 2 19 31 3050 3094 1156 3096
20259 4 2 19 31 3094 3095 3053 1169
20260 4 2 19 31 187 1111 1127 3107
20261 4 2 19 31 1115 1131 188 3076
20262 4 2 19 31 1126 1110 187 3091
20263 4 2 19 31 186 3067 1122 1106
20264 4 2 19 31 185 3066 1103 1119
20265 4 2 19 31 1123 3092 186 1107
20266 4 2 19 31 1118 3077 185 1134
20267 4 2 19 31 1114 188 1130 3106
20268 4 2 19 31 1076 1948 3081 3079
20269 4 2 19 31 3080 1101 3079 1951
20270 4 2 19 31 3082 1086 1189 1954
20271 4 2 19 31 1162 1193 3056 3097
20272 4 2 19 31 1191 1093 3082 1954
20273 4 2 19 31 1165 3097 3056 1198
20274 4 2 19 31 3096 200 194 1192
20275 4 2 19 31 201 196 1197 3095
20276 4 2 19 31 3080 180 1100 1955
20277 4 2 19 31 176 1953 3081 1077
20278 4 2 19 31 3094 193 3054 1155
20279 4 2 19 31 193 3054 1170 3094
20280 4 2 19 31 3067 175 182 1177
20281 4 2 19 31 194 200 3060 1176
20282 4 2 19 31 3070 201 196 1183
20283 4 2 19 31 175 182 1177 3092
20284 4 2 19 31 194 200 1180 3060
20285 4 2 19 31 3070 196 201 1182
20286 4 2 19 31 3067 186 182 1106
20287 4 2 19 31 3083 3024 3086 3085
20288 4 2 19 31 3070 3040 3071 3068
20289 4 2 19 31 3098 3032 3100 3101
20290 4 2 19 31 3060 3061 3016 3058
20291 4 2 19 31 182 186 3092 1107
20292 4 2 19 31 1121 1104 3058 1120
20293 4 2 19 31 3098 1112 1128 1129
20294 4 2 19 31 1125 1108 3083 1124
20295 4 2 19 31 1116 1133 1132 3068
20296 4 2 19 31 3024 3022 3023 3083
20297 4 2 19 31 3014 3015 3016 3058
20298 4 2 19 31 3039 3040 3038 3068
20299 4 2 19 31 3031 3030 3098 3032
20300 4 2 19 31 1658 1657 1660 3088
20301 4 2 19 31 3063 1645 1647 1644
20302 4 2 19 31 3102 1671 1673 1670
20303 4 2 19 31 1686 3072 1684 1683
20304 4 2 19 31 3098 3031 3032 3029
20305 4 2 19 31 3039 3037 3040 3068
20306 4 2 19 31 3021 3024 3023 3083
20307 4 2 19 31 3016 3015 3013 3058
20308 4 2 19 31 1125 1108 1109 3083
20309 4 2 19 31 1129 3098 1112 1113
20310 4 2 19 31 1104 1121 3058 1105
20311 4 2 19 31 1117 1133 1116 3068
20312 4 2 19 31 1194 195 204 3100
20313 4 2 19 31 204 195 1194 3085
20314 4 2 19 31 1085 1665 1084 3084
20315 4 2 19 31 1076 3059 1652 1075
20316 4 2 19 31 3100 195 204 1198
20317 4 2 19 31 195 204 1193 3085
20318 4 2 19 31 1678 1094 3099 1093
20319 4 2 19 31 1101 1100 3069 1691
20320 4 2 19 31 1168 196 3095 3057
20321 4 2 19 31 3096 194 1157 3055
20322 4 2 19 31 1181 198 193 3094
20323 4 2 19 31 3094 198 193 1179
20324 4 2 19 31 3093 3097 3052 3095
20325 4 2 19 31 3080 1950 3078 3082
20326 4 2 19 31 3078 1949 3081 3082
20327 4 2 19 31 3097 3096 3093 3051
20328 4 2 19 31 1660 1668 1658 3088
20329 4 2 19 31 3063 1645 1655 1647
20330 4 2 19 31 195 1194 1158 3100
20331 4 2 19 31 1153 194 3060 1176
20332 4 2 19 31 1158 1194 195 3085
20333 4 2 19 31 196 3070 1183 1163
20334 4 2 19 31 3102 1671 1681 1673
20335 4 2 19 31 3072 1684 1694 1686
20336 4 2 19 31 1192 1160 3096 1161
20337 4 2 19 31 1197 1167 1166 3095
20338 4 2 19 31 1076 1175 3059 1174
20339 4 2 19 31 1186 1101 1187 3069
20340 4 2 19 31 1084 1085 1188 3081
20341 4 2 19 31 3080 1190 1095 1094
20342 4 2 19 31 1677 3103 1089 3107
20343 4 2 19 31 1096 1690 3073 3076
20344 4 2 19 31 1083 3088 1663 3091
20345 4 2 19 31 3063 1074 3067 1650
20346 4 2 19 31 3092 1080 3087 1664
20347 4 2 19 31 3102 1676 1092 3106
20348 4 2 19 31 1082 1108 1081 3083
20349 4 2 19 31 1090 1112 3098 1091
20350 4 2 19 31 1116 1098 3068 1097
20351 4 2 19 31 1104 1073 3058 1072
20352 4 2 19 31 3077 173 1172 3072
20353 4 2 19 31 1172 173 3066 3062
20354 4 2 19 31 1195 183 187 3107
20355 4 2 19 31 183 187 3091 1195
20356 4 2 19 31 3076 188 184 1184
20357 4 2 19 31 3077 181 185 1172
20358 4 2 19 31 185 181 3066 1172
20359 4 2 19 31 188 184 1184 3106
20360 4 2 19 31 193 198 1181 3071
20361 4 2 19 31 3061 193 198 1179
20362 4 2 19 31 3086 194 200 1192
20363 4 2 19 31 1197 196 201 3101
20364 4 2 19 31 1188 1085 3084 1189
20365 4 2 19 31 1190 1094 1191 3099
20366 4 2 19 31 1687 1683 1685 3073
20367 4 2 19 31 1670 1672 1674 3103
20368 4 2 19 31 1077 3081 176 1175
20369 4 2 19 31 180 3080 1100 1187
20370 4 2 19 31 1659 1657 3087 1661
20371 4 2 19 31 1646 3062 1648 1644
20372 4 2 19 31 1165 1166 3097 1198
20373 4 2 19 31 1162 1161 1193 3097
20374 4 2 19 31 1152 3066 1171 1172
20375 4 2 19 31 1171 3077 1152 1172
20376 4 2 19 31 3106 1184 1164 1183
20377 4 2 19 31 1177 1154 1176 3092
20378 4 2 19 31 3091 1195 1159 1194
20379 4 2 19 31 1195 3107 1159 1194
20380 4 2 19 31 3067 1154 1176 1177
20381 4 2 19 31 1184 3076 1164 1183
20382 4 2 19 31 3067 182 186 1177
20383 4 2 19 31 182 186 1177 3092
20384 4 2 19 31 1152 3077 189 1172
20385 4 2 19 31 1152 189 3066 1172
20386 4 2 19 31 1177 190 1154 3092
20387 4 2 19 31 1184 1164 192 3106
20388 4 2 19 31 1195 191 3091 1159
20389 4 2 19 31 191 1195 3107 1159
20390 4 2 19 31 3076 1164 192 1184
20391 4 2 19 31 3067 190 1154 1177
20392 4 2 19 31 1175 3059 1077 1076
20393 4 2 19 31 1094 1191 3099 1093
20394 4 2 19 31 3084 1085 1086 1189
20395 4 2 19 31 1101 1100 1187 3069
20396 4 2 19 31 1094 1191 1093 3082
20397 4 2 19 31 1085 3082 1086 1189
20398 4 2 19 31 176 199 3065 1175
20399 4 2 19 31 180 202 1187 3075
20400 4 2 19 31 3101 3098 3032 3029
20401 4 2 19 31 3037 3071 3040 3068
20402 4 2 19 31 3022 3024 3086 3083
20403 4 2 19 31 3061 3014 3016 3058
20404 4 2 19 31 3014 3018 1136 3058
20405 4 2 19 31 3026 1140 3022 3083
20406 4 2 19 31 3037 1149 3041 3068
20407 4 2 19 31 3033 1145 3098 3029
20408 4 2 19 31 3038 1148 3068 3042
20409 4 2 19 31 3030 3098 3034 1144
20410 4 2 19 31 1137 3017 3013 3058
20411 4 2 19 31 3025 3021 1141 3083
20412 4 2 19 31 1157 1180 194 3096
20413 4 2 19 31 1168 3095 196 1182
20414 4 2 19 31 3059 1648 3062 1644
20415 4 2 19 31 1657 3087 1661 3084
20416 4 2 19 31 1078 1196 3105 3103
20417 4 2 19 31 3090 1196 1078 3088
20418 4 2 19 31 1069 3087 1178 3089
20419 4 2 19 31 1087 1185 3102 3104
20420 4 2 19 31 3073 1185 1087 3075
20421 4 2 19 31 1178 3063 1069 3065
20422 4 2 19 31 1674 3099 1670 3103
20423 4 2 19 31 1683 1687 3069 3073
20424 4 2 19 31 1950 3078 1943 1947
20425 4 2 19 31 3052 3045 3093 3049
20426 4 2 19 31 1943 1949 1945 3078
20427 4 2 19 31 3047 3045 3093 3051
20428 4 2 19 31 1668 1660 3090 3088
20429 4 2 19 31 3065 3063 1655 1647
20430 4 2 19 31 3072 1694 3074 1686
20431 4 2 19 31 3104 3102 1681 1673
20432 4 2 19 31 1084 1188 176 3081
20433 4 2 19 31 1190 180 3080 1095
20434 4 2 19 31 1662 1657 1658 3088
20435 4 2 19 31 3063 1645 1644 1649
20436 4 2 19 31 1671 3102 1675 1670
20437 4 2 19 31 1683 3072 1684 1688
20438 4 2 19 31 1169 1168 3070 1182
20439 4 2 19 31 1166 1165 3100 1198
20440 4 2 19 31 1193 3085 1161 1162
20441 4 2 19 31 1156 1180 3060 1157
20442 4 2 19 31 1101 1102 1686 3069
20443 4 2 19 31 1673 1094 1095 3099
20444 4 2 19 31 197 174 3074 1173
20445 4 2 19 31 174 197 3064 1173
20446 4 2 19 31 1191 178 203 3105
20447 4 2 19 31 203 178 1189 3090
20448 4 2 19 31 3059 1647 1077 1076
20449 4 2 19 31 1660 1085 1086 3084
20450 4 2 19 31 1171 1151 1152 3071
20451 4 2 19 31 1176 1153 3086 1154
20452 4 2 19 31 1183 1164 3101 1163
20453 4 2 19 31 1152 1151 1171 3061
20454 4 2 19 31 1084 3081 1945 1949
20455 4 2 19 31 1950 3080 1947 1095
20456 4 2 19 31 3049 3052 1167 3095
20457 4 2 19 31 3047 3096 1160 3051
20458 4 2 19 31 3072 1686 3069 1683
20459 4 2 19 31 3099 3102 1673 1670
20460 4 2 19 31 3059 3063 1647 1644
20461 4 2 19 31 3084 1660 1657 3088
20462 4 2 19 31 1178 199 176 3089
20463 4 2 19 31 180 202 1185 3104
20464 4 2 19 31 202 180 1185 3075
20465 4 2 19 31 176 199 1178 3065
20466 4 2 19 31 1127 1143 187 3107
20467 4 2 19 31 1131 1147 188 3076
20468 4 2 19 31 1122 3067 186 1138
20469 4 2 19 31 1142 1126 187 3091
20470 4 2 19 31 1123 186 3092 1139
20471 4 2 19 31 3066 185 1135 1119
20472 4 2 19 31 1134 3077 185 1150
20473 4 2 19 31 1130 188 1146 3106
20474 4 2 19 31 3079 1948 3081 3078
20475 4 2 19 31 3094 3050 3093 3096
20476 4 2 19 31 3080 3079 3078 1951
20477 4 2 19 31 3095 3093 3094 3053
20478 4 2 19 31 1672 1682 1674 3103
20479 4 2 19 31 3073 1685 1687 1695
20480 4 2 19 31 1669 1659 3087 1661
20481 4 2 19 31 1648 1656 3062 1646
20482 4 2 19 31 196 1167 1197 3095
20483 4 2 19 31 1160 3096 194 1192
20484 4 2 19 31 1678 1674 1093 3105
20485 4 2 19 31 1691 1687 1100 3075
20486 4 2 19 31 1661 1665 3089 1084
20487 4 2 19 31 1648 1075 1652 3064
20488 4 2 19 31 203 178 3090 1196
20489 4 2 19 31 3105 178 203 1196
20490 4 2 19 31 3090 178 1079 1196
20491 4 2 19 31 3105 1079 178 1196
20492 4 2 19 31 1185 180 3104 1088
20493 4 2 19 31 176 1178 3089 1070
20494 4 2 19 31 3064 1068 174 1173
20495 4 2 19 31 1068 3074 174 1173
20496 4 2 19 31 3065 1178 176 1070
20497 4 2 19 31 1088 1185 180 3075
20498 4 2 19 31 174 1186 1102 3079
20499 4 2 19 31 1174 174 1075 3079
20500 4 2 19 31 3078 1950 3080 1947
20501 4 2 19 31 3093 3052 3049 3095
20502 4 2 19 31 3081 1945 1949 3078
20503 4 2 19 31 3096 3047 3093 3051
20504 4 2 19 31 3073 1687 3069 3075
20505 4 2 19 31 3099 1674 3105 3103
20506 4 2 19 31 1661 3087 3089 3084
20507 4 2 19 31 3059 1648 3064 3062
20508 4 2 19 31 3077 3041 1149 3068
20509 4 2 19 31 3033 3098 1145 3106
20510 4 2 19 31 3092 1140 3026 3083
20511 4 2 19 31 1136 3018 3066 3058
20512 4 2 19 31 3017 1137 3067 3058
20513 4 2 19 31 3083 1141 3025 3091
20514 4 2 19 31 3042 1148 3068 3076
20515 4 2 19 31 1144 3098 3034 3107
20516 4 2 19 31 1687 3073 1695 3075
20517 4 2 19 31 1682 3105 1674 3103
20518 4 2 19 31 3089 1669 3087 1661
20519 4 2 19 31 1656 3064 1648 3062
20520 4 2 19 31 3098 3033 3029 3106
20521 4 2 19 31 3041 3077 3037 3068
20522 4 2 19 31 3018 3014 3066 3058
20523 4 2 19 31 3026 3022 3092 3083
20524 4 2 19 31 3083 3021 3024 3085
20525 4 2 19 31 3013 3060 3016 3058
20526 4 2 19 31 3025 3021 3083 3091
20527 4 2 19 31 3013 3017 3067 3058
20528 4 2 19 31 3098 3030 3034 3107
20529 4 2 19 31 3042 3068 3038 3076
20530 4 2 19 31 3030 3098 3032 3100
20531 4 2 19 31 3040 3070 3038 3068
20532 4 2 19 31 1155 3061 3016 1156
20533 4 2 19 31 3086 3024 1160 1161
20534 4 2 19 31 3071 1170 3040 1169
20535 4 2 19 31 1167 1166 3032 3101
20536 4 2 19 31 1174 1075 1076 3079
20537 4 2 19 31 1101 1102 1186 3079
20538 4 2 19 31 3060 1180 194 1157
20539 4 2 19 31 3085 1193 195 1162
20540 4 2 19 31 3100 1165 195 1198
20541 4 2 19 31 3070 1168 196 1182
20542 4 2 19 31 1147 192 188 3076
20543 4 2 19 31 191 187 1143 3107
20544 4 2 19 31 3067 190 186 1138
20545 4 2 19 31 1142 187 191 3091
20546 4 2 19 31 3077 189 185 1150
20547 4 2 19 31 3066 185 189 1135
20548 4 2 19 31 186 190 3092 1139
20549 4 2 19 31 188 192 1146 3106
20550 4 2 19 31 1947 3078 1943 1951
20551 4 2 19 31 3049 3045 3093 3053
20552 4 2 19 31 1948 1943 1945 3078
20553 4 2 19 31 3045 3093 3050 3047
20554 4 2 19 31 3074 174 197 1186
20555 4 2 19 31 174 197 1174 3064
20556 4 2 19 31 187 191 3091 1195
20557 4 2 19 31 187 191 1195 3107
20558 4 2 19 31 3067 186 190 1177
20559 4 2 19 31 192 188 3076 1184
20560 4 2 19 31 3066 189 185 1172
20561 4 2 19 31 186 190 1177 3092
20562 4 2 19 31 192 188 1184 3106
20563 4 2 19 31 185 189 3077 1172
20564 4 2 19 31 1158 1194 1159 3100
20565 4 2 19 31 3060 1153 1176 1154
20566 4 2 19 31 1159 1194 1158 3085
20567 4 2 19 31 3070 1164 1183 1163
20568 4 2 19 31 1660 3084 3090 3088
20569 4 2 19 31 1647 3065 3063 3059
20570 4 2 19 31 1686 3074 3072 3069
20571 4 2 19 31 1673 3104 3102 3099
20572 4 2 19 31 1186 1102 1101 3069
20573 4 2 19 31 1075 1076 3059 1174
20574 4 2 19 31 3050 3094 1155 1156
20575 4 2 19 31 1170 3094 3053 1169
20576 4 2 19 31 1683 1685 3073 1688
20577 4 2 19 31 1675 1672 1670 3103
20578 4 2 19 31 1659 1657 1662 3087
20579 4 2 19 31 1644 1646 3062 1649
20580 4 2 19 31 1155 1179 3061 1156
20581 4 2 19 31 1192 3086 1160 1161
20582 4 2 19 31 1170 3071 1181 1169
20583 4 2 19 31 1166 1167 1197 3101
20584 4 2 19 31 1155 3094 1179 1156
20585 4 2 19 31 3094 1170 1181 1169
20586 4 2 19 31 1948 1076 1075 3079
20587 4 2 19 31 3079 1101 1102 1951
20588 4 2 19 31 1077 176 3065 1175
20589 4 2 19 31 1189 178 1086 3090
20590 4 2 19 31 1093 178 1191 3105
20591 4 2 19 31 1187 1100 180 3075
20592 4 2 19 31 1191 3099 1093 3105
20593 4 2 19 31 1100 1187 3069 3075
20594 4 2 19 31 3059 1077 3065 1175
20595 4 2 19 31 1086 3084 1189 3090
20596 4 2 19 31 1084 1665 3089 3084
20597 4 2 19 31 1075 3059 1652 3064
20598 4 2 19 31 1093 3099 1678 3105
20599 4 2 19 31 1691 1100 3069 3075
20600 4 2 19 31 1648 1652 3059 3064
20601 4 2 19 31 3089 1665 1661 3084
20602 4 2 19 31 1674 1678 3099 3105
20603 4 2 19 31 3069 1687 1691 3075
20604 4 2 19 31 1170 1181 193 3094
20605 4 2 19 31 193 3094 1179 1155
20606 4 2 19 31 3022 3086 3092 3083
20607 4 2 19 31 3061 3066 3014 3058
20608 4 2 19 31 3029 3101 3098 3106
20609 4 2 19 31 3071 3037 3077 3068
20610 4 2 19 31 1102 3074 1686 3069
20611 4 2 19 31 1673 1095 3104 3099
20612 4 2 19 31 1647 1077 3065 3059
20613 4 2 19 31 1086 1660 3084 3090
20614 4 2 19 31 3089 199 176 1188
20615 4 2 19 31 3104 180 202 1190
20616 4 2 19 31 1654 1068 174 3064
20617 4 2 19 31 1667 176 3089 1070
20618 4 2 19 31 180 1693 1088 3075
20619 4 2 19 31 1680 1079 178 3105
20620 4 2 19 31 1166 1165 3032 3100
20621 4 2 19 31 3040 1169 1168 3070
20622 4 2 19 31 1161 3085 3024 1162
20623 4 2 19 31 3016 1156 3060 1157
20624 4 2 19 31 1168 1169 3095 1182
20625 4 2 19 31 1156 1180 1157 3096
20626 4 2 19 31 1679 3104 180 1088
20627 4 2 19 31 174 3074 1068 1692
20628 4 2 19 31 1079 1666 178 3090
20629 4 2 19 31 176 3065 1070 1653
20630 4 2 19 31 1084 1188 1085 3084
20631 4 2 19 31 1190 1095 1094 3099
20632 4 2 19 31 1100 3080 1101 1187
20633 4 2 19 31 1175 1077 3081 1076
20634 4 2 19 31 3019 193 1151 3061
20635 4 2 19 31 3086 194 3027 1153
20636 4 2 19 31 3071 193 1151 3044
20637 4 2 19 31 196 3101 3036 1163
20638 4 2 19 31 3019 1151 1152 3061
20639 4 2 19 31 3027 3086 1153 1154
20640 4 2 19 31 1164 3036 3101 1163
20641 4 2 19 31 3071 1151 1152 3044
20642 4 2 19 31 1953 1084 3081 1945
20643 4 2 19 31 1160 3096 3047 3055
20644 4 2 19 31 1955 1947 3080 1095
20645 4 2 19 31 3095 1167 3049 3057
20646 4 2 19 31 1165 3097 1166 3052
20647 4 2 19 31 3097 1162 1161 3051
20648 4 2 19 31 3078 1944 1943 1951
20649 4 2 19 31 3046 3093 3045 3053
20650 4 2 19 31 3093 3050 3046 3045
20651 4 2 19 31 1943 1948 1944 3078
20652 4 2 19 31 1171 3066 1152 3061
20653 4 2 19 31 1152 3077 1171 3071
20654 4 2 19 31 3106 1164 3101 1183
20655 4 2 19 31 1154 3086 1176 3092
20656 4 2 19 31 1093 1950 1094 3082
20657 4 2 19 31 3082 1949 1085 1086
20658 4 2 19 31 1197 1167 196 3101
20659 4 2 19 31 3071 1181 193 1170
20660 4 2 19 31 1179 3061 193 1155
20661 4 2 19 31 3086 1160 194 1192
20662 4 2 19 31 3048 3097 3045 3051
20663 4 2 19 31 3048 3045 3097 3052
20664 4 2 19 31 1946 1949 1943 3082
20665 4 2 19 31 1946 1943 1950 3082
20666 4 2 19 31 1121 1137 1120 3058
20667 4 2 19 31 1141 1124 1125 3083
20668 4 2 19 31 1149 1132 1133 3068
20669 4 2 19 31 1145 3098 1128 1129
20670 4 2 19 31 1136 3015 3014 3058
20671 4 2 19 31 3023 3022 1140 3083
20672 4 2 19 31 3098 3030 3031 1144
20673 4 2 19 31 1148 3039 3038 3068
20674 4 2 19 31 3031 3098 1145 3029
20675 4 2 19 31 1149 3037 3039 3068
20676 4 2 19 31 3015 1137 3013 3058
20677 4 2 19 31 1141 3021 3023 3083
20678 4 2 19 31 3059 1652 1648 1644
20679 4 2 19 31 1661 1665 1657 3084
20680 4 2 19 31 3099 1678 1674 1670
20681 4 2 19 31 1691 1687 3069 1683
20682 4 2 19 31 3070 3038 3068 3076
20683 4 2 19 31 3098 3030 3107 3100
20684 4 2 19 31 3021 3083 3091 3085
20685 4 2 19 31 3013 3067 3060 3058
20686 4 2 19 31 1152 3018 3019 3061
20687 4 2 19 31 3027 3086 1154 3026
20688 4 2 19 31 3033 3036 3101 1164
20689 4 2 19 31 1152 3041 3071 3044
20690 4 2 19 31 3090 1666 1660 1668
20691 4 2 19 31 1653 3065 1655 1647
20692 4 2 19 31 1694 1692 3074 1686
20693 4 2 19 31 1679 3104 1681 1673
20694 4 2 19 31 3102 1671 1087 1681
20695 4 2 19 31 1694 1067 1684 3072
20696 4 2 19 31 3063 1645 1069 1655
20697 4 2 19 31 1668 1078 1658 3088
20698 4 2 19 31 1102 1186 3074 3069
20699 4 2 19 31 1174 3059 1075 3064
20700 4 2 19 31 174 3074 1692 1102
20701 4 2 19 31 180 3104 1679 1095
20702 4 2 19 31 1653 176 3065 1077
20703 4 2 19 31 1666 1086 178 3090
20704 4 2 19 31 1659 3087 1069 1669
20705 4 2 19 31 3062 1656 1067 1646
20706 4 2 19 31 1672 1078 1682 3103
20707 4 2 19 31 1685 3073 1087 1695
20708 4 2 19 31 1667 3089 176 1084
20709 4 2 19 31 1654 174 1075 3064
20710 4 2 19 31 178 1093 1680 3105
20711 4 2 19 31 1693 180 1100 3075
20712 4 2 19 31 1174 1075 174 3064
20713 4 2 19 31 3074 174 1186 1102
20714 4 2 19 31 3035 195 1158 3100
20715 4 2 19 31 3070 196 3043 1163
20716 4 2 19 31 194 3060 3020 1153
20717 4 2 19 31 3085 195 1158 3028
20718 4 2 19 31 3107 1159 1194 3100
20719 4 2 19 31 1154 1176 3060 3067
20720 4 2 19 31 1194 1159 3091 3085
20721 4 2 19 31 3070 1164 3076 1183
20722 4 2 19 31 3088 1658 1662 1082
20723 4 2 19 31 1645 3063 1073 1649
20724 4 2 19 31 3102 1671 1675 1091
20725 4 2 19 31 3072 1098 1684 1688
20726 4 2 19 31 3035 1158 1159 3100
20727 4 2 19 31 1164 3070 3043 1163
20728 4 2 19 31 3060 3020 1153 1154
20729 4 2 19 31 3085 1158 1159 3028
20730 4 2 19 31 3097 3045 3093 3052
20731 4 2 19 31 3078 1943 1949 3082
20732 4 2 19 31 1943 3078 1950 3082
20733 4 2 19 31 3097 3093 3045 3051
20734 4 2 19 31 3069 1686 1101 1691
20735 4 2 19 31 3099 1673 1094 1678
20736 4 2 19 31 1647 3059 1652 1076
20737 4 2 19 31 1660 1665 1085 3084
20738 4 2 19 31 1170 3094 3046 3053
20739 4 2 19 31 1944 3079 1102 1951
20740 4 2 19 31 3094 3046 3050 1155
20741 4 2 19 31 3079 1075 1948 1944
20742 4 2 19 31 1685 3073 1688 1097
20743 4 2 19 31 1675 1672 3103 1090
20744 4 2 19 31 1072 3062 1646 1649
20745 4 2 19 31 1081 1659 1662 3087
20746 4 2 19 31 1945 3081 1948 3078
20747 4 2 19 31 1947 3080 3078 1951
20748 4 2 19 31 3095 3049 3093 3053
20749 4 2 19 31 3093 3050 3047 3096
20750 4 2 19 31 3061 3019 193 1155
20751 4 2 19 31 3027 1160 194 3086
20752 4 2 19 31 3101 1167 196 3036
20753 4 2 19 31 3044 3071 193 1170
20754 4 2 19 31 3077 3041 3037 3071
20755 4 2 19 31 3029 3033 3101 3106
20756 4 2 19 31 3102 1671 1676 1087
20757 4 2 19 31 1067 1651 3062 1646
20758 4 2 19 31 1659 3087 1664 1069
20759 4 2 19 31 1067 1689 1684 3072
20760 4 2 19 31 1685 3073 1690 1087
20761 4 2 19 31 1672 1677 1078 3103
20762 4 2 19 31 1078 1663 1658 3088
20763 4 2 19 31 3063 1645 1650 1069
20764 4 2 19 31 1138 3067 190 3017
20765 4 2 19 31 3025 1142 191 3091
20766 4 2 19 31 3041 189 3077 1150
20767 4 2 19 31 3033 1146 192 3106
20768 4 2 19 31 1143 3034 191 3107
20769 4 2 19 31 192 1147 3042 3076
20770 4 2 19 31 3066 189 3018 1135
20771 4 2 19 31 3026 3092 190 1139
20772 4 2 19 31 3018 3066 3014 3061
20773 4 2 19 31 3022 3092 3086 3026
20774 4 2 19 31 3079 1944 3078 1951
20775 4 2 19 31 3093 3046 3094 3053
20776 4 2 19 31 3050 3046 3094 3093
20777 4 2 19 31 1944 1948 3079 3078
20778 4 2 19 31 1084 3089 1188 3084
20779 4 2 19 31 1095 1190 3104 3099
20780 4 2 19 31 1100 1687 1693 3075
20781 4 2 19 31 1680 1093 1674 3105
20782 4 2 19 31 1075 1648 1654 3064
20783 4 2 19 31 1661 3089 1667 1084
20784 4 2 19 31 3101 3033 1164 3106
20785 4 2 19 31 3077 1152 3041 3071
20786 4 2 19 31 3092 1154 3086 3026
20787 4 2 19 31 3018 1152 3066 3061
20788 4 2 19 31 3032 1167 3101 3036
20789 4 2 19 31 1170 3044 3071 3040
20790 4 2 19 31 3098 1128 1144 1145
20791 4 2 19 31 1141 1140 1124 3083
20792 4 2 19 31 1136 1120 1137 3058
20793 4 2 19 31 1149 1132 3068 1148
20794 4 2 19 31 1160 3027 3024 3086
20795 4 2 19 31 3016 3019 3061 1155
20796 4 2 19 31 1088 1693 1695 3075
20797 4 2 19 31 3105 1680 1079 1682
20798 4 2 19 31 3042 3070 3043 1164
20799 4 2 19 31 3035 1159 3034 3100
20800 4 2 19 31 3064 1654 1068 1656
20801 4 2 19 31 1667 3089 1669 1070
20802 4 2 19 31 1159 3025 3085 3028
20803 4 2 19 31 3060 3020 1154 3017
20804 4 2 19 31 1188 176 3089 1084
20805 4 2 19 31 3104 180 1190 1095
20806 4 2 19 31 3095 3053 1169 1168
20807 4 2 19 31 1157 3050 1156 3096
20808 4 2 19 31 1658 3088 1083 1082
20809 4 2 19 31 3063 1073 1074 1645
20810 4 2 19 31 1089 3103 1672 1090
20811 4 2 19 31 1685 3073 1097 1096
20812 4 2 19 31 1091 3102 1671 1092
20813 4 2 19 31 1099 1098 1684 3072
20814 4 2 19 31 1081 1080 1659 3087
20815 4 2 19 31 3062 1071 1072 1646
20816 4 2 19 31 1951 3080 1101 1100
20817 4 2 19 31 1077 1948 3081 1076
20818 4 2 19 31 3090 1079 1666 1668
20819 4 2 19 31 1070 3065 1655 1653
20820 4 2 19 31 1946 1950 1093 3082
20821 4 2 19 31 1162 3097 3048 3051
20822 4 2 19 31 3082 1946 1949 1086
20823 4 2 19 31 3048 3097 1165 3052
20824 4 2 19 31 3065 1653 1077 1647
20825 4 2 19 31 1660 1086 1666 3090
20826 4 2 19 31 3104 1679 1095 1673
20827 4 2 19 31 1686 1692 3074 1102
20828 4 2 19 31 1681 3104 1679 1088
20829 4 2 19 31 3074 1068 1692 1694
20830 4 2 19 31 1693 1687 1695 3075
20831 4 2 19 31 3105 1674 1680 1682
20832 4 2 19 31 3064 1648 1654 1656
20833 4 2 19 31 1669 3089 1667 1661
20834 4 2 19 31 3036 3101 3032 3029
20835 4 2 19 31 3044 3037 3071 3040
20836 4 2 19 31 3027 3024 3086 3022
20837 4 2 19 31 3014 3016 3019 3061
20838 4 2 19 31 3035 1165 195 3100
20839 4 2 19 31 3043 1168 196 3070
20840 4 2 19 31 3020 3060 194 1157
20841 4 2 19 31 3028 3085 195 1162
20842 4 2 19 31 1152 189 3077 3041
20843 4 2 19 31 1164 3033 192 3106
20844 4 2 19 31 3091 191 3025 1159
20845 4 2 19 31 1154 190 3067 3017
20846 4 2 19 31 3066 189 1152 3018
20847 4 2 19 31 3092 190 1154 3026
20848 4 2 19 31 3034 191 3107 1159
20849 4 2 19 31 192 3042 1164 3076
20850 4 2 19 31 3017 3067 3060 3013
20851 4 2 19 31 3025 3021 3091 3085
20852 4 2 19 31 3038 3070 3042 3076
20853 4 2 19 31 3030 3034 3107 3100
20854 4 2 19 31 3067 3060 1154 3017
20855 4 2 19 31 1159 3025 3091 3085
20856 4 2 19 31 1159 3107 3034 3100
20857 4 2 19 31 1164 3042 3070 3076
20858 4 2 19 31 3041 3037 3071 3044
20859 4 2 19 31 3101 3036 3033 3029
20860 4 2 19 31 3019 3018 3014 3061
20861 4 2 19 31 3022 3086 3027 3026
20862 4 2 19 31 3020 3016 3060 1157
20863 4 2 19 31 3028 3024 3085 1162
20864 4 2 19 31 1165 3035 3032 3100
20865 4 2 19 31 3040 1168 3043 3070
20866 4 2 19 31 3079 1952 1075 1944
20867 4 2 19 31 3094 3054 1170 3046
20868 4 2 19 31 1102 1952 3079 1944
20869 4 2 19 31 3046 3094 3054 1155
20870 4 2 19 31 3050 1157 3047 3096
20871 4 2 19 31 3081 1945 1948 1077
20872 4 2 19 31 3053 3095 3049 1168
20873 4 2 19 31 1951 1947 3080 1100
20874 4 2 19 31 1691 3069 1686 1683
20875 4 2 19 31 1678 3099 1673 1670
20876 4 2 19 31 1652 3059 1647 1644
20877 4 2 19 31 1660 1657 1665 3084
20878 4 2 19 31 1080 1659 3087 1664
20879 4 2 19 31 3062 1651 1071 1646
20880 4 2 19 31 1676 1671 3102 1092
20881 4 2 19 31 1684 1689 1099 3072
20882 4 2 19 31 3103 1672 1677 1089
20883 4 2 19 31 3073 1685 1690 1096
20884 4 2 19 31 1074 3063 1645 1650
20885 4 2 19 31 1663 1658 3088 1083
20886 4 2 19 31 3048 3097 3056 1165
20887 4 2 19 31 1093 1946 3082 1954
20888 4 2 19 31 1086 3082 1946 1954
20889 4 2 19 31 3056 1162 3097 3048
20890 4 2 19 31 3020 3060 3016 3013
20891 4 2 19 31 3085 3021 3024 3028
20892 4 2 19 31 3070 3043 3040 3038
20893 4 2 19 31 3032 3035 3030 3100
20894 4 2 19 31 3060 3020 3017 3013
20895 4 2 19 31 3025 3021 3085 3028
20896 4 2 19 31 3034 3030 3035 3100
20897 4 2 19 31 3038 3070 3043 3042
20898 4 2 19 31 1168 3095 3049 3057
20899 4 2 19 31 1100 1947 3080 1955
20900 4 2 19 31 1157 3047 3096 3055
20901 4 2 19 31 1945 3081 1953 1077
20902 4 2 19 31 1141 3023 1140 3083
20903 4 2 19 31 1137 3015 1136 3058
20904 4 2 19 31 1144 3031 3098 1145
20905 4 2 19 31 1149 3039 1148 3068
20906 4 2 19 31 1127 3107 1112 1128
20907 4 2 19 31 3098 1112 3107 1128
20908 4 2 19 31 1131 3076 1116 1132
20909 4 2 19 31 3068 1116 3076 1132
20910 4 2 19 31 3083 1108 3092 1124
20911 4 2 19 31 1123 3092 1108 1124
20912 4 2 19 31 3058 1104 3066 1120
20913 4 2 19 31 1119 3066 1104 1120
20914 4 2 19 31 1122 1105 3067 1121
20915 4 2 19 31 3058 3067 1105 1121
20916 4 2 19 31 3091 1126 1109 1125
20917 4 2 19 31 1109 3083 3091 1125
20918 4 2 19 31 1130 1113 3106 1129
20919 4 2 19 31 3098 3106 1113 1129
20920 4 2 19 31 1134 1117 3077 1133
20921 4 2 19 31 3068 3077 1117 1133
20922 4 2 19 31 1106 1105 3067 1122
20923 4 2 19 31 1110 1109 3091 1126
20924 4 2 19 31 1118 1117 3077 1134
20925 4 2 19 31 1114 1113 3106 1130
20926 4 2 19 31 3107 1112 1111 1127
20927 4 2 19 31 1116 1115 3076 1131
20928 4 2 19 31 1108 1107 3092 1123
20929 4 2 19 31 1104 1103 3066 1119
20930 4 2 19 31 1078 3105 1079 1682
20931 4 2 19 31 1078 1079 3105 1196
20932 4 2 19 31 1087 3075 1088 1695
20933 4 2 19 31 1088 3075 1087 1185
20934 4 2 19 31 3089 1069 1070 1178
20935 4 2 19 31 3089 1070 1069 1669
20936 4 2 19 31 1656 1173 3062 1067
20937 4 2 19 31 3062 1173 1656 3064
20938 4 2 19 31 1078 3090 1079 1196
20939 4 2 19 31 1078 1079 3090 1668
20940 4 2 19 31 3065 1069 1070 1655
20941 4 2 19 31 3065 1070 1069 1178
20942 4 2 19 31 1087 3104 1088 1185
20943 4 2 19 31 1088 3104 1087 1681
20944 4 2 19 31 1173 1694 3072 1067
20945 4 2 19 31 1173 3072 1694 3074
20946 4 2 19 31 1106 1073 3067 1105
20947 4 2 19 31 3058 3067 1073 1105
20948 4 2 19 31 3058 1073 3067 3063
20949 4 2 19 31 3091 1110 1082 1109
20950 4 2 19 31 3091 3083 1082 3088
20951 4 2 19 31 1082 3083 3091 1109
20952 4 2 19 31 1114 1091 3106 1113
20953 4 2 19 31 3098 3106 1091 1113
20954 4 2 19 31 3098 1091 3106 3102
20955 4 2 19 31 1118 1098 3077 1117
20956 4 2 19 31 3068 3077 1098 1117
20957 4 2 19 31 3068 1098 3077 3072
20958 4 2 19 31 3098 1090 3107 1112
20959 4 2 19 31 3098 3107 1090 3103
20960 4 2 19 31 1111 3107 1090 1112
20961 4 2 19 31 1097 1115 3076 1116
20962 4 2 19 31 3076 3068 1097 1116
20963 4 2 19 31 1097 3068 3076 3073
20964 4 2 19 31 3083 1081 3092 1108
20965 4 2 19 31 3083 3092 1081 3087
20966 4 2 19 31 1107 3092 1081 1108
20967 4 2 19 31 1072 1103 3066 1104
20968 4 2 19 31 3066 3058 1072 1104
20969 4 2 19 31 1072 3058 3066 3062
20970 4 2 19 31 1177 1664 3092 3087
20971 4 2 19 31 3092 1664 1177 175
20972 4 2 19 31 3062 173 1067 1172
20973 4 2 19 31 3062 1067 173 1651
20974 4 2 19 31 3072 173 1067 1689
20975 4 2 19 31 3072 1067 173 1172
20976 4 2 19 31 1184 1676 3106 179
20977 4 2 19 31 1184 3106 1676 3102
20978 4 2 19 31 1195 1677 3107 3103
20979 4 2 19 31 1195 3107 1677 177
20980 4 2 19 31 1663 1195 3091 3088
20981 4 2 19 31 3091 1195 1663 177
20982 4 2 19 31 1184 1690 3076 3073
20983 4 2 19 31 1184 3076 1690 179
20984 4 2 19 31 1177 1650 3067 175
20985 4 2 19 31 3067 1650 1177 3063
20986 4 2 19 31 3062 173 1071 1651
20987 4 2 19 31 3062 1071 173 3066
20988 4 2 19 31 3072 173 1099 3077
20989 4 2 19 31 3072 1099 173 1689
20990 4 2 19 31 1083 1082 3091 1110
20991 4 2 19 31 3091 1082 1083 3088
20992 4 2 19 31 1074 1073 3067 1106
20993 4 2 19 31 1074 3067 1073 3063
20994 4 2 19 31 1089 1090 3107 3103
20995 4 2 19 31 3107 1090 1089 1111
20996 4 2 19 31 1096 1097 3076 3073
20997 4 2 19 31 3076 1097 1096 1115
20998 4 2 19 31 1091 1092 3106 3102
20999 4 2 19 31 3106 1092 1091 1114
21000 4 2 19 31 1099 1098 3077 1118
21001 4 2 19 31 1099 3077 1098 3072
21002 4 2 19 31 1072 1071 3066 1103
21003 4 2 19 31 1072 3066 1071 3062
21004 4 2 19 31 1081 1080 3092 1107
21005 4 2 19 31 1081 3092 1080 3087
$EndElements
