$MeshFormat
2.2 0 8
$EndMeshFormat
$PhysicalNames
24
2 2 "Metal1_1_xy"
2 3 "Metal1_1_z"
2 4 "TopMetal1_1_xy"
2 5 "TopMetal1_1_z"
2 6 "TopMetal1_2_xy"
2 7 "TopMetal1_2_z"
2 8 "TopMetal1_3_xy"
2 9 "TopMetal1_3_z"
2 10 "TopMetal2_1_xy"
2 11 "TopMetal2_1_z"
2 12 "TopMetal2_2_xy"
2 13 "TopMetal2_2_z"
2 20 "P1"
2 21 "P2"
2 22 "Absorbing_boundary"
2 23 "PEC_boundary"
2 24 "PMC_boundary"
3 1 "TopVia2"
3 14 "AIR"
3 15 "Passive"
3 16 "SiO2"
3 17 "EPI"
3 18 "Substrate"
3 19 "airbox"
$EndPhysicalNames
$Nodes
3315
1 -3 -29.26 190.1803
2 -1 -29.26 190.1803
3 -3 -29.26 192.1803
4 -3 -65.26000000000001 192.1803
5 -1 -65.26000000000001 192.1803
6 -1 -29.26 192.1803
7 1 -29.26 190.1803
8 3 -29.26 190.1803
9 1 -29.26 192.1803
10 1 -65.26000000000001 192.1803
11 3 -65.26000000000001 192.1803
12 3 -29.26 192.1803
13 -5.24 35.26 190.1803
14 -5.24 33.26 190.1803
15 -2.414 33.26 190.1803
16 1.586 29.26 190.1803
17 5.24 29.26 190.1803
18 5.24 31.26 190.1803
19 2.414 31.26 190.1803
20 -1.586 35.26 190.1803
21 -5.24 35.26 192.1803
22 -5.24 33.26 192.1803
23 -2.414 33.26 192.1803
24 1.586 29.26 192.1803
25 5.24 29.26 192.1803
26 5.24 31.26 192.1803
27 2.414 31.26 192.1803
28 -1.586 35.26 192.1803
29 -3.8 34.71 192.1803
30 -4.7 34.71 192.1803
31 -4.7 33.81 192.1803
32 -3.8 33.81 192.1803
33 -3.8 34.71 194.9803
34 -4.7 34.71 194.9803
35 -4.7 33.81 194.9803
36 -3.8 33.81 194.9803
37 4.7 30.71 192.1803
38 3.8 30.71 192.1803
39 3.8 29.81 192.1803
40 4.7 29.81 192.1803
41 4.7 30.71 194.9803
42 3.8 30.71 194.9803
43 3.8 29.81 194.9803
44 4.7 29.81 194.9803
45 2.45 -29.81 192.1803
46 1.55 -29.81 192.1803
47 1.55 -30.71 192.1803
48 2.45 -30.71 192.1803
49 2.45 -29.81 194.9803
50 1.55 -29.81 194.9803
51 1.55 -30.71 194.9803
52 2.45 -30.71 194.9803
53 -1.55 -29.81 192.1803
54 -2.45 -29.81 192.1803
55 -2.45 -30.71 192.1803
56 -1.55 -30.71 192.1803
57 -1.55 -29.81 194.9803
58 -2.45 -29.81 194.9803
59 -2.45 -30.71 194.9803
60 -1.55 -30.71 194.9803
61 70.52 -70.52 184.79
62 70.52 70.52 184.79
63 70.52 70.52 185.21
64 70.52 -70.52 185.21
65 -70.52 70.52 184.79
66 -70.52 -70.52 184.79
67 -4 -70.52 184.79
68 -4 -63.26 184.79
69 4 -63.26 184.79
70 4 -70.52 184.79
71 80.52 80.52 184.79
72 80.52 -80.52 184.79
73 -80.52 -80.52 184.79
74 -80.52 80.52 184.79
75 -70.52 70.52 185.21
76 -70.52 -70.52 185.21
77 -4 -70.52 185.21
78 -4 -63.26 185.21
79 4 -63.26 185.21
80 4 -70.52 185.21
81 80.52 80.52 185.21
82 -80.52 80.52 185.21
83 80.52 -80.52 185.21
84 -80.52 -80.52 185.21
85 -3.24 33.26 194.9803
86 -3.24 33.26 197.9803
87 -3.24 35.26 194.9803
88 -3.24 35.26 197.9803
89 -13.776 33.26 194.9803
90 -13.776 33.26 197.9803
91 -14.604 35.26 194.9803
92 -14.604 35.26 197.9803
93 -35.26 14.604 194.9803
94 -35.26 -14.604 194.9803
95 -14.604 -35.26 194.9803
96 14.604 -35.26 194.9803
97 35.26 -14.604 194.9803
98 35.26 14.604 194.9803
99 14.604 35.26 194.9803
100 1.586 35.26 194.9803
101 -2.414 31.26 194.9803
102 -12.944 31.26 194.9803
103 -31.26 12.944 194.9803
104 -31.26 -12.944 194.9803
105 -12.944 -31.26 194.9803
106 -1 -31.26 194.9803
107 -1 -29.26 194.9803
108 -12.116 -29.26 194.9803
109 -29.26 -12.116 194.9803
110 -29.26 12.116 194.9803
111 -12.116 29.26 194.9803
112 -1.586 29.26 194.9803
113 2.414 33.26 194.9803
114 13.776 33.26 194.9803
115 33.26 13.776 194.9803
116 33.26 -13.776 194.9803
117 13.776 -33.26 194.9803
118 -13.776 -33.26 194.9803
119 -33.26 -13.776 194.9803
120 -33.26 13.776 194.9803
121 -35.26 14.604 197.9803
122 -35.26 -14.604 197.9803
123 -14.604 -35.26 197.9803
124 14.604 -35.26 197.9803
125 35.26 -14.604 197.9803
126 35.26 14.604 197.9803
127 14.604 35.26 197.9803
128 1.586 35.26 197.9803
129 -2.414 31.26 197.9803
130 -12.944 31.26 197.9803
131 -31.26 12.944 197.9803
132 -31.26 -12.944 197.9803
133 -12.944 -31.26 197.9803
134 -1 -31.26 197.9803
135 -1 -29.26 197.9803
136 -12.116 -29.26 197.9803
137 -29.26 -12.116 197.9803
138 -29.26 12.116 197.9803
139 -12.116 29.26 197.9803
140 -1.586 29.26 197.9803
141 2.414 33.26 197.9803
142 13.776 33.26 197.9803
143 33.26 13.776 197.9803
144 33.26 -13.776 197.9803
145 13.776 -33.26 197.9803
146 -13.776 -33.26 197.9803
147 -33.26 -13.776 197.9803
148 -33.26 13.776 197.9803
149 1 -29.26 194.9803
150 1 -29.26 197.9803
151 1 -31.26 194.9803
152 1 -31.26 197.9803
153 12.116 -29.26 194.9803
154 12.116 -29.26 197.9803
155 12.944 -31.26 194.9803
156 12.944 -31.26 197.9803
157 31.26 -12.944 194.9803
158 31.26 12.944 194.9803
159 12.944 31.26 194.9803
160 3.24 31.26 194.9803
161 3.24 29.26 194.9803
162 12.116 29.26 194.9803
163 29.26 12.116 194.9803
164 29.26 -12.116 194.9803
165 31.26 -12.944 197.9803
166 31.26 12.944 197.9803
167 12.944 31.26 197.9803
168 3.24 31.26 197.9803
169 3.24 29.26 197.9803
170 12.116 29.26 197.9803
171 29.26 12.116 197.9803
172 29.26 -12.116 197.9803
173 -130.52 -130.52 199.8803
174 -130.52 -130.52 399.8803
175 -130.52 130.52 199.8803
176 -130.52 130.52 399.8803
177 130.52 130.52 199.8803
178 130.52 130.52 399.8803
179 130.52 -130.52 199.8803
180 130.52 -130.52 399.8803
181 -130.52 -130.52 199.4803
182 -130.52 130.52 199.4803
183 130.52 130.52 199.4803
184 130.52 -130.52 199.4803
185 -130.52 -130.52 183.75
186 -130.52 130.52 183.75
187 130.52 130.52 183.75
188 130.52 -130.52 183.75
189 -130.52 -130.52 180
190 -130.52 130.52 180
191 130.52 130.52 180
192 130.52 -130.52 180
193 -130.52 -130.52 0
194 -130.52 130.52 0
195 130.52 130.52 0
196 130.52 -130.52 0
197 -180.52 -180.52 449.8803
198 -180.52 -180.52 -50
199 -180.52 180.52 449.8803
200 -180.52 180.52 -50
201 180.52 -180.52 -50
202 180.52 -180.52 449.8803
203 180.52 180.52 449.8803
204 180.52 180.52 -50
205 -3 -65.26000000000001 190.1803
206 -1 -65.26000000000001 190.1803
207 1 -65.26000000000001 190.1803
208 3 -65.26000000000001 190.1803
209 3 -65.26000000000001 185.21
210 1 -65.26000000000001 185.21
211 -1 -65.26000000000001 185.21
212 -3 -65.26000000000001 185.21
213 -3 -33.76016995840226 192.1803
214 -3 -38.26014815578684 192.1803
215 -3 -42.76009244243853 192.1803
216 -3 -47.2599999979687 192.1803
217 -3 -51.75990755756156 192.1803
218 -3 -56.25985184421322 192.1803
219 -3 -60.75983004159777 192.1803
220 -1 -60.75983004159775 192.1803
221 -1 -56.25985184421317 192.1803
222 -1 -51.75990755756148 192.1803
223 -1 -47.26000000203132 192.1803
224 -1 -42.76009244243845 192.1803
225 -1 -38.26014815578677 192.1803
226 -1 -33.76016995840223 192.1803
227 1 -33.76016995840226 192.1803
228 1 -38.26014815578684 192.1803
229 1 -42.76009244243853 192.1803
230 1 -47.2599999979687 192.1803
231 1 -51.75990755756156 192.1803
232 1 -56.25985184421322 192.1803
233 1 -60.75983004159777 192.1803
234 3 -60.75983004159775 192.1803
235 3 -56.25985184421317 192.1803
236 3 -51.75990755756148 192.1803
237 3 -47.26000000203132 192.1803
238 3 -42.76009244243845 192.1803
239 3 -38.26014815578677 192.1803
240 3 -33.76016995840223 192.1803
241 -0.4139999999999984 31.26 190.1803
242 0.4139999999999984 33.26000000000001 190.1803
243 -0.4139999999999984 31.26 192.1803
244 0.4139999999999984 33.26000000000001 192.1803
245 70.52 -65.4834382339432 184.79
246 70.52 -60.44663423650876 184.79
247 70.52 -55.40943297001964 184.79
248 70.52 -50.37185267998029 184.79
249 70.52 -45.33391716954608 184.79
250 70.52 -40.29619919864024 184.79
251 70.52 -35.25887997126183 184.79
252 70.52 -30.22193361056607 184.79
253 70.52 -25.18539059143928 184.79
254 70.52 -20.1490488115422 184.79
255 70.52 -15.11237119396438 184.79
256 70.52 -10.07530280574045 184.79
257 70.52 -5.037844875991354 184.79
258 70.52 4.263256414560601e-13 184.79
259 70.52 5.037844875992192 184.79
260 70.52 10.07530280574122 184.79
261 70.52 15.11237119396517 184.79
262 70.52 20.14904881154277 184.79
263 70.52 25.18539059143991 184.79
264 70.52 30.22193361056645 184.79
265 70.52 35.25887997126227 184.79
266 70.52 40.29619919864055 184.79
267 70.52 45.33391716954645 184.79
268 70.52 50.37185267998068 184.79
269 70.52 55.40943297002001 184.79
270 70.52 60.44663423650904 184.79
271 70.52 65.48343823394335 184.79
272 70.52 -65.4834382339432 185.21
273 70.52 -60.44663423650876 185.21
274 70.52 -55.40943297001964 185.21
275 70.52 -50.37185267998029 185.21
276 70.52 -45.33391716954608 185.21
277 70.52 -40.29619919864024 185.21
278 70.52 -35.25887997126183 185.21
279 70.52 -30.22193361056607 185.21
280 70.52 -25.18539059143928 185.21
281 70.52 -20.1490488115422 185.21
282 70.52 -15.11237119396438 185.21
283 70.52 -10.07530280574045 185.21
284 70.52 -5.037844875991354 185.21
285 70.52 4.263256414560601e-13 185.21
286 70.52 5.037844875992192 185.21
287 70.52 10.07530280574122 185.21
288 70.52 15.11237119396517 185.21
289 70.52 20.14904881154277 185.21
290 70.52 25.18539059143991 185.21
291 70.52 30.22193361056645 185.21
292 70.52 35.25887997126227 185.21
293 70.52 40.29619919864055 185.21
294 70.52 45.33391716954645 185.21
295 70.52 50.37185267998068 185.21
296 70.52 55.40943297002001 185.21
297 70.52 60.44663423650904 185.21
298 70.52 65.48343823394335 185.21
299 65.4834382339432 70.52 184.79
300 60.44663423650876 70.52 184.79
301 55.40943297001963 70.52 184.79
302 50.37185267998029 70.52 184.79
303 45.33391716954608 70.52 184.79
304 40.29619919864025 70.52 184.79
305 35.2588799712618 70.52 184.79
306 30.22193361056603 70.52 184.79
307 25.18539059143922 70.52 184.79
308 20.14904881154214 70.52 184.79
309 15.11237119396426 70.52 184.79
310 10.07530280574049 70.52 184.79
311 5.037844875991411 70.52 184.79
312 -3.836930773104541e-13 70.52 184.79
313 -5.037844875992164 70.52 184.79
314 -10.07530280574119 70.52 184.79
315 -15.11237119396516 70.52 184.79
316 -20.14904881154277 70.52 184.79
317 -25.18539059143991 70.52 184.79
318 -30.22193361056645 70.52 184.79
319 -35.25887997126232 70.52 184.79
320 -40.29619919864059 70.52 184.79
321 -45.3339171695465 70.52 184.79
322 -50.37185267998061 70.52 184.79
323 -55.40943297002001 70.52 184.79
324 -60.44663423650901 70.52 184.79
325 -65.48343823394332 70.52 184.79
326 -70.52 65.4834382339432 184.79
327 -70.52 60.44663423650876 184.79
328 -70.52 55.40943297001964 184.79
329 -70.52 50.37185267998029 184.79
330 -70.52 45.33391716954608 184.79
331 -70.52 40.29619919864024 184.79
332 -70.52 35.25887997126183 184.79
333 -70.52 30.22193361056607 184.79
334 -70.52 25.18539059143928 184.79
335 -70.52 20.1490488115422 184.79
336 -70.52 15.11237119396438 184.79
337 -70.52 10.07530280574045 184.79
338 -70.52 5.037844875991354 184.79
339 -70.52 -4.263256414560601e-13 184.79
340 -70.52 -5.037844875992192 184.79
341 -70.52 -10.07530280574122 184.79
342 -70.52 -15.11237119396517 184.79
343 -70.52 -20.14904881154277 184.79
344 -70.52 -25.18539059143991 184.79
345 -70.52 -30.22193361056645 184.79
346 -70.52 -35.25887997126227 184.79
347 -70.52 -40.29619919864055 184.79
348 -70.52 -45.33391716954645 184.79
349 -70.52 -50.37185267998068 184.79
350 -70.52 -55.40943297002001 184.79
351 -70.52 -60.44663423650904 184.79
352 -70.52 -65.48343823394335 184.79
353 -8.751254563288867 -70.52 184.79
354 -13.50278616193008 -70.52 184.79
355 -18.25451929890021 -70.52 184.79
356 -23.00593295402236 -70.52 184.79
357 -27.75704712652539 -70.52 184.79
358 -32.508345338672 -70.52 184.79
359 -37.25999999804536 -70.52 184.79
360 -42.01165466132841 -70.52 184.79
361 -46.7629528734749 -70.52 184.79
362 -51.51406704597798 -70.52 184.79
363 -56.26548070109995 -70.52 184.79
364 -61.01721383807002 -70.52 184.79
365 -65.76874543671123 -70.52 184.79
366 -4 -66.89 184.79
367 5.747704534542208e-10 -63.26 184.79
368 4 -66.89 184.79
369 65.76874543671113 -70.52 184.79
370 61.01721383806994 -70.52 184.79
371 56.26548070109985 -70.52 184.79
372 51.51406704597774 -70.52 184.79
373 46.76295287347469 -70.52 184.79
374 42.01165466132804 -70.52 184.79
375 37.26000000195479 -70.52 184.79
376 32.50834533867175 -70.52 184.79
377 27.75704712652526 -70.52 184.79
378 23.00593295402221 -70.52 184.79
379 18.25451929890016 -70.52 184.79
380 13.5027861619301 -70.52 184.79
381 8.751254563288796 -70.52 184.79
382 80.52 75.48871274582166 184.79
383 80.52 70.45546704378746 184.79
384 80.52 65.42119064955864 184.79
385 80.52 60.38884934370857 184.79
386 80.52 55.35823057247488 184.79
387 80.52 50.32619416281803 184.79
388 80.52 45.29207816910388 184.79
389 80.52 40.25853952579345 184.79
390 80.52 35.22710383637509 184.79
391 80.52 30.19623125806108 184.79
392 80.52 25.1632926224861 184.79
393 80.52 20.12892211031556 184.79
394 80.52 15.09629147570618 184.79
395 80.52 10.06558206849164 184.79
396 80.52 5.033852391399776 184.79
397 80.52 -1.27897692436818e-13 184.79
398 80.52 -5.033852391400131 184.79
399 80.52 -10.06558206849175 184.79
400 80.52 -15.0962914757059 184.79
401 80.52 -20.128922110315 184.79
402 80.52 -25.16329262248534 184.79
403 80.52 -30.19623125806032 184.79
404 80.52 -35.22710383637406 184.79
405 80.52 -40.25853952579253 184.79
406 80.52 -45.29207816910331 184.79
407 80.52 -50.32619416281734 184.79
408 80.52 -55.35823057247403 184.79
409 80.52 -60.38884934370778 184.79
410 80.52 -65.4211906495582 184.79
411 80.52 -70.45546704378718 184.79
412 80.52 -75.4887127458215 184.79
413 75.48871274582166 -80.52 184.79
414 70.45546704378746 -80.52 184.79
415 65.42119064955864 -80.52 184.79
416 60.38884934370857 -80.52 184.79
417 55.35823057247488 -80.52 184.79
418 50.32619416281803 -80.52 184.79
419 45.29207816910388 -80.52 184.79
420 40.25853952579345 -80.52 184.79
421 35.22710383637509 -80.52 184.79
422 30.19623125806108 -80.52 184.79
423 25.1632926224861 -80.52 184.79
424 20.12892211031556 -80.52 184.79
425 15.09629147570618 -80.52 184.79
426 10.06558206849164 -80.52 184.79
427 5.033852391399776 -80.52 184.79
428 -1.27897692436818e-13 -80.52 184.79
429 -5.033852391400131 -80.52 184.79
430 -10.06558206849175 -80.52 184.79
431 -15.0962914757059 -80.52 184.79
432 -20.128922110315 -80.52 184.79
433 -25.16329262248534 -80.52 184.79
434 -30.19623125806032 -80.52 184.79
435 -35.22710383637406 -80.52 184.79
436 -40.25853952579253 -80.52 184.79
437 -45.29207816910331 -80.52 184.79
438 -50.32619416281734 -80.52 184.79
439 -55.35823057247403 -80.52 184.79
440 -60.38884934370778 -80.52 184.79
441 -65.4211906495582 -80.52 184.79
442 -70.45546704378718 -80.52 184.79
443 -75.4887127458215 -80.52 184.79
444 -80.52 -75.48871274582166 184.79
445 -80.52 -70.45546704378746 184.79
446 -80.52 -65.42119064955864 184.79
447 -80.52 -60.38884934370857 184.79
448 -80.52 -55.35823057247488 184.79
449 -80.52 -50.32619416281803 184.79
450 -80.52 -45.29207816910388 184.79
451 -80.52 -40.25853952579345 184.79
452 -80.52 -35.22710383637509 184.79
453 -80.52 -30.19623125806108 184.79
454 -80.52 -25.1632926224861 184.79
455 -80.52 -20.12892211031556 184.79
456 -80.52 -15.09629147570618 184.79
457 -80.52 -10.06558206849164 184.79
458 -80.52 -5.033852391399776 184.79
459 -80.52 1.27897692436818e-13 184.79
460 -80.52 5.033852391400131 184.79
461 -80.52 10.06558206849175 184.79
462 -80.52 15.0962914757059 184.79
463 -80.52 20.128922110315 184.79
464 -80.52 25.16329262248534 184.79
465 -80.52 30.19623125806032 184.79
466 -80.52 35.22710383637406 184.79
467 -80.52 40.25853952579253 184.79
468 -80.52 45.29207816910331 184.79
469 -80.52 50.32619416281734 184.79
470 -80.52 55.35823057247403 184.79
471 -80.52 60.38884934370778 184.79
472 -80.52 65.4211906495582 184.79
473 -80.52 70.45546704378718 184.79
474 -80.52 75.4887127458215 184.79
475 -75.48871274582166 80.52 184.79
476 -70.45546704378746 80.52 184.79
477 -65.42119064955864 80.52 184.79
478 -60.38884934370857 80.52 184.79
479 -55.35823057247488 80.52 184.79
480 -50.32619416281803 80.52 184.79
481 -45.29207816910388 80.52 184.79
482 -40.25853952579345 80.52 184.79
483 -35.22710383637509 80.52 184.79
484 -30.19623125806108 80.52 184.79
485 -25.1632926224861 80.52 184.79
486 -20.12892211031556 80.52 184.79
487 -15.09629147570618 80.52 184.79
488 -10.06558206849164 80.52 184.79
489 -5.033852391399776 80.52 184.79
490 1.27897692436818e-13 80.52 184.79
491 5.033852391400131 80.52 184.79
492 10.06558206849175 80.52 184.79
493 15.0962914757059 80.52 184.79
494 20.128922110315 80.52 184.79
495 25.16329262248534 80.52 184.79
496 30.19623125806032 80.52 184.79
497 35.22710383637406 80.52 184.79
498 40.25853952579253 80.52 184.79
499 45.29207816910331 80.52 184.79
500 50.32619416281734 80.52 184.79
501 55.35823057247403 80.52 184.79
502 60.38884934370778 80.52 184.79
503 65.4211906495582 80.52 184.79
504 70.45546704378718 80.52 184.79
505 75.4887127458215 80.52 184.79
506 65.4834382339432 70.52 185.21
507 60.44663423650876 70.52 185.21
508 55.40943297001963 70.52 185.21
509 50.37185267998029 70.52 185.21
510 45.33391716954608 70.52 185.21
511 40.29619919864025 70.52 185.21
512 35.2588799712618 70.52 185.21
513 30.22193361056603 70.52 185.21
514 25.18539059143922 70.52 185.21
515 20.14904881154214 70.52 185.21
516 15.11237119396426 70.52 185.21
517 10.07530280574049 70.52 185.21
518 5.037844875991411 70.52 185.21
519 -3.836930773104541e-13 70.52 185.21
520 -5.037844875992164 70.52 185.21
521 -10.07530280574119 70.52 185.21
522 -15.11237119396516 70.52 185.21
523 -20.14904881154277 70.52 185.21
524 -25.18539059143991 70.52 185.21
525 -30.22193361056645 70.52 185.21
526 -35.25887997126232 70.52 185.21
527 -40.29619919864059 70.52 185.21
528 -45.3339171695465 70.52 185.21
529 -50.37185267998061 70.52 185.21
530 -55.40943297002001 70.52 185.21
531 -60.44663423650901 70.52 185.21
532 -65.48343823394332 70.52 185.21
533 -70.52 65.4834382339432 185.21
534 -70.52 60.44663423650876 185.21
535 -70.52 55.40943297001964 185.21
536 -70.52 50.37185267998029 185.21
537 -70.52 45.33391716954608 185.21
538 -70.52 40.29619919864024 185.21
539 -70.52 35.25887997126183 185.21
540 -70.52 30.22193361056607 185.21
541 -70.52 25.18539059143928 185.21
542 -70.52 20.1490488115422 185.21
543 -70.52 15.11237119396438 185.21
544 -70.52 10.07530280574045 185.21
545 -70.52 5.037844875991354 185.21
546 -70.52 -4.263256414560601e-13 185.21
547 -70.52 -5.037844875992192 185.21
548 -70.52 -10.07530280574122 185.21
549 -70.52 -15.11237119396517 185.21
550 -70.52 -20.14904881154277 185.21
551 -70.52 -25.18539059143991 185.21
552 -70.52 -30.22193361056645 185.21
553 -70.52 -35.25887997126227 185.21
554 -70.52 -40.29619919864055 185.21
555 -70.52 -45.33391716954645 185.21
556 -70.52 -50.37185267998068 185.21
557 -70.52 -55.40943297002001 185.21
558 -70.52 -60.44663423650904 185.21
559 -70.52 -65.48343823394335 185.21
560 -8.751254563288867 -70.52 185.21
561 -13.50278616193008 -70.52 185.21
562 -18.25451929890021 -70.52 185.21
563 -23.00593295402236 -70.52 185.21
564 -27.75704712652539 -70.52 185.21
565 -32.508345338672 -70.52 185.21
566 -37.25999999804536 -70.52 185.21
567 -42.01165466132841 -70.52 185.21
568 -46.7629528734749 -70.52 185.21
569 -51.51406704597798 -70.52 185.21
570 -56.26548070109995 -70.52 185.21
571 -61.01721383807002 -70.52 185.21
572 -65.76874543671123 -70.52 185.21
573 -4 -66.89 185.21
574 5.747704534542208e-10 -63.26 185.21
575 4 -66.89 185.21
576 65.76874543671113 -70.52 185.21
577 61.01721383806994 -70.52 185.21
578 56.26548070109985 -70.52 185.21
579 51.51406704597774 -70.52 185.21
580 46.76295287347469 -70.52 185.21
581 42.01165466132804 -70.52 185.21
582 37.26000000195479 -70.52 185.21
583 32.50834533867175 -70.52 185.21
584 27.75704712652526 -70.52 185.21
585 23.00593295402221 -70.52 185.21
586 18.25451929890016 -70.52 185.21
587 13.5027861619301 -70.52 185.21
588 8.751254563288796 -70.52 185.21
589 75.48871274582166 80.52 185.21
590 70.45546704378746 80.52 185.21
591 65.42119064955864 80.52 185.21
592 60.38884934370857 80.52 185.21
593 55.35823057247488 80.52 185.21
594 50.32619416281803 80.52 185.21
595 45.29207816910388 80.52 185.21
596 40.25853952579345 80.52 185.21
597 35.22710383637509 80.52 185.21
598 30.19623125806108 80.52 185.21
599 25.1632926224861 80.52 185.21
600 20.12892211031556 80.52 185.21
601 15.09629147570618 80.52 185.21
602 10.06558206849164 80.52 185.21
603 5.033852391399776 80.52 185.21
604 -1.27897692436818e-13 80.52 185.21
605 -5.033852391400131 80.52 185.21
606 -10.06558206849175 80.52 185.21
607 -15.0962914757059 80.52 185.21
608 -20.128922110315 80.52 185.21
609 -25.16329262248534 80.52 185.21
610 -30.19623125806032 80.52 185.21
611 -35.22710383637406 80.52 185.21
612 -40.25853952579253 80.52 185.21
613 -45.29207816910331 80.52 185.21
614 -50.32619416281734 80.52 185.21
615 -55.35823057247403 80.52 185.21
616 -60.38884934370778 80.52 185.21
617 -65.4211906495582 80.52 185.21
618 -70.45546704378718 80.52 185.21
619 -75.4887127458215 80.52 185.21
620 80.52 75.48871274582166 185.21
621 80.52 70.45546704378746 185.21
622 80.52 65.42119064955864 185.21
623 80.52 60.38884934370857 185.21
624 80.52 55.35823057247488 185.21
625 80.52 50.32619416281803 185.21
626 80.52 45.29207816910388 185.21
627 80.52 40.25853952579345 185.21
628 80.52 35.22710383637509 185.21
629 80.52 30.19623125806108 185.21
630 80.52 25.1632926224861 185.21
631 80.52 20.12892211031556 185.21
632 80.52 15.09629147570618 185.21
633 80.52 10.06558206849164 185.21
634 80.52 5.033852391399776 185.21
635 80.52 -1.27897692436818e-13 185.21
636 80.52 -5.033852391400131 185.21
637 80.52 -10.06558206849175 185.21
638 80.52 -15.0962914757059 185.21
639 80.52 -20.128922110315 185.21
640 80.52 -25.16329262248534 185.21
641 80.52 -30.19623125806032 185.21
642 80.52 -35.22710383637406 185.21
643 80.52 -40.25853952579253 185.21
644 80.52 -45.29207816910331 185.21
645 80.52 -50.32619416281734 185.21
646 80.52 -55.35823057247403 185.21
647 80.52 -60.38884934370778 185.21
648 80.52 -65.4211906495582 185.21
649 80.52 -70.45546704378718 185.21
650 80.52 -75.4887127458215 185.21
651 -75.48871274582166 -80.52 185.21
652 -70.45546704378746 -80.52 185.21
653 -65.42119064955864 -80.52 185.21
654 -60.38884934370857 -80.52 185.21
655 -55.35823057247488 -80.52 185.21
656 -50.32619416281803 -80.52 185.21
657 -45.29207816910388 -80.52 185.21
658 -40.25853952579345 -80.52 185.21
659 -35.22710383637509 -80.52 185.21
660 -30.19623125806108 -80.52 185.21
661 -25.1632926224861 -80.52 185.21
662 -20.12892211031556 -80.52 185.21
663 -15.09629147570618 -80.52 185.21
664 -10.06558206849164 -80.52 185.21
665 -5.033852391399776 -80.52 185.21
666 1.27897692436818e-13 -80.52 185.21
667 5.033852391400131 -80.52 185.21
668 10.06558206849175 -80.52 185.21
669 15.0962914757059 -80.52 185.21
670 20.128922110315 -80.52 185.21
671 25.16329262248534 -80.52 185.21
672 30.19623125806032 -80.52 185.21
673 35.22710383637406 -80.52 185.21
674 40.25853952579253 -80.52 185.21
675 45.29207816910331 -80.52 185.21
676 50.32619416281734 -80.52 185.21
677 55.35823057247403 -80.52 185.21
678 60.38884934370778 -80.52 185.21
679 65.4211906495582 -80.52 185.21
680 70.45546704378718 -80.52 185.21
681 75.4887127458215 -80.52 185.21
682 -80.52 -75.48871274582166 185.21
683 -80.52 -70.45546704378746 185.21
684 -80.52 -65.42119064955864 185.21
685 -80.52 -60.38884934370857 185.21
686 -80.52 -55.35823057247488 185.21
687 -80.52 -50.32619416281803 185.21
688 -80.52 -45.29207816910388 185.21
689 -80.52 -40.25853952579345 185.21
690 -80.52 -35.22710383637509 185.21
691 -80.52 -30.19623125806108 185.21
692 -80.52 -25.1632926224861 185.21
693 -80.52 -20.12892211031556 185.21
694 -80.52 -15.09629147570618 185.21
695 -80.52 -10.06558206849164 185.21
696 -80.52 -5.033852391399776 185.21
697 -80.52 1.27897692436818e-13 185.21
698 -80.52 5.033852391400131 185.21
699 -80.52 10.06558206849175 185.21
700 -80.52 15.0962914757059 185.21
701 -80.52 20.128922110315 185.21
702 -80.52 25.16329262248534 185.21
703 -80.52 30.19623125806032 185.21
704 -80.52 35.22710383637406 185.21
705 -80.52 40.25853952579253 185.21
706 -80.52 45.29207816910331 185.21
707 -80.52 50.32619416281734 185.21
708 -80.52 55.35823057247403 185.21
709 -80.52 60.38884934370778 185.21
710 -80.52 65.4211906495582 185.21
711 -80.52 70.45546704378718 185.21
712 -80.52 75.4887127458215 185.21
713 -10.26398699255834 33.26 194.9803
714 -6.752004105359048 33.26 194.9803
715 -10.26398699255834 33.26 197.9803
716 -6.752004105359048 33.26 197.9803
717 -7.028004125324307 35.26 194.9803
718 -10.815984999471 35.26 194.9803
719 -7.028004125324307 35.26 197.9803
720 -10.815984999471 35.26 197.9803
721 -18.04672376348879 31.81727623651121 194.9803
722 -21.48934485284965 28.37465514715034 194.9803
723 -24.9319999990531 24.9320000009469 194.9803
724 -28.37465514715028 21.48934485284972 194.9803
725 -31.81727623651118 18.04672376348881 194.9803
726 -35.26 -9.735919261609055 194.9803
727 -35.26 -4.867983706719597 194.9803
728 -35.26 -1.338680277740423e-09 194.9803
729 -35.26 4.867983706719672 194.9803
730 -35.26 9.7359192616091 194.9803
731 -31.81727623651121 -18.04672376348879 194.9803
732 -28.37465514715034 -21.48934485284965 194.9803
733 -24.9320000009469 -24.9319999990531 194.9803
734 -21.48934485284972 -28.37465514715028 194.9803
735 -18.04672376348881 -31.81727623651118 194.9803
736 9.735919261609055 -35.26 194.9803
737 4.867983706719597 -35.26 194.9803
738 1.338680277740423e-09 -35.26 194.9803
739 -4.867983706719672 -35.26 194.9803
740 -9.7359192616091 -35.26 194.9803
741 18.04672376348879 -31.81727623651121 194.9803
742 21.48934485284965 -28.37465514715034 194.9803
743 24.9319999990531 -24.9320000009469 194.9803
744 28.37465514715028 -21.48934485284972 194.9803
745 31.81727623651118 -18.04672376348881 194.9803
746 35.26 9.735919261609055 194.9803
747 35.26 4.867983706719597 194.9803
748 35.26 1.338680277740423e-09 194.9803
749 35.26 -4.867983706719672 194.9803
750 35.26 -9.7359192616091 194.9803
751 31.81727623651121 18.04672376348879 194.9803
752 28.37465514715034 21.48934485284965 194.9803
753 24.9320000009469 24.9319999990531 194.9803
754 21.48934485284972 28.37465514715028 194.9803
755 18.04672376348881 31.81727623651118 194.9803
756 5.925347583052831 35.26 194.9803
757 10.26465241517402 35.26 194.9803
758 -0.4140000000000013 33.26 194.9803
759 -9.433989968370923 31.26 194.9803
760 -5.924010032872786 31.26 194.9803
761 -15.99671725653118 28.20728274346882 194.9803
762 -19.04934616416343 25.15465383583657 194.9803
763 -22.10200000000001 22.10199999999999 194.9803
764 -25.1546538358366 19.0493461641634 194.9803
765 -28.20728274346886 15.99671725653115 194.9803
766 -31.26 -8.62926182067519 194.9803
767 -31.26 -4.314648517212865 194.9803
768 -31.26 0 194.9803
769 -31.26 4.314648517212847 194.9803
770 -31.26 8.62926182067517 194.9803
771 -28.20728274346882 -15.99671725653118 194.9803
772 -25.15465383583657 -19.04934616416343 194.9803
773 -22.10199999999999 -22.10200000000001 194.9803
774 -19.0493461641634 -25.1546538358366 194.9803
775 -15.99671725653115 -28.20728274346886 194.9803
776 -8.962650394542795 -31.26 194.9803
777 -4.981337361350302 -31.26 194.9803
778 -4.705337574439753 -29.26 194.9803
779 -8.410652131912761 -29.26 194.9803
780 -15.54488222794666 -25.83111777205334 194.9803
781 -18.9736346192623 -22.4023653807377 194.9803
782 -22.40236538073766 -18.97363461926233 194.9803
783 -25.83111777205333 -15.54488222794667 194.9803
784 -29.26 7.269483527866519 194.9803
785 -29.26 2.423150990556277 194.9803
786 -29.26 -2.423150990556204 194.9803
787 -29.26 -7.269483527866445 194.9803
788 -25.83111777205334 15.54488222794666 194.9803
789 -22.4023653807377 18.9736346192623 194.9803
790 -18.97363461926233 22.40236538073766 194.9803
791 -15.54488222794667 25.83111777205333 194.9803
792 -5.09601003162908 29.26 194.9803
793 -8.605989967127217 29.26 194.9803
794 0.4140000000000013 31.26 194.9803
795 9.988655294752226 33.26 194.9803
796 6.201344706598999 33.26 194.9803
797 17.02338667228 30.01261332772 194.9803
798 20.27067872806376 26.76532127193624 194.9803
799 23.51799999966291 23.51800000033708 194.9803
800 26.76532127193624 20.27067872806376 194.9803
801 30.01261332771999 17.02338667228001 194.9803
802 33.26 -9.183924572818949 194.9803
803 33.26 -4.591982941549434 194.9803
804 33.26 -4.766036454384448e-10 194.9803
805 33.26 4.591982941549482 194.9803
806 33.26 9.183924572818995 194.9803
807 30.01261332772 -17.02338667228 194.9803
808 26.76532127193624 -20.27067872806376 194.9803
809 23.51800000033708 -23.51799999966291 194.9803
810 20.27067872806376 -26.76532127193624 194.9803
811 17.02338667228001 -30.01261332771999 194.9803
812 -9.183924572818949 -33.26 194.9803
813 -4.591982941549434 -33.26 194.9803
814 -4.766036454384448e-10 -33.26 194.9803
815 4.591982941549482 -33.26 194.9803
816 9.183924572818995 -33.26 194.9803
817 -17.02338667228 -30.01261332772 194.9803
818 -20.27067872806376 -26.76532127193624 194.9803
819 -23.51799999966291 -23.51800000033708 194.9803
820 -26.76532127193624 -20.27067872806376 194.9803
821 -30.01261332771999 -17.02338667228001 194.9803
822 -33.26 9.183924572818949 194.9803
823 -33.26 4.591982941549434 194.9803
824 -33.26 4.766036454384448e-10 194.9803
825 -33.26 -4.591982941549482 194.9803
826 -33.26 -9.183924572818995 194.9803
827 -30.01261332772 17.02338667228 194.9803
828 -26.76532127193624 20.27067872806376 194.9803
829 -23.51800000033708 23.51799999966291 194.9803
830 -20.27067872806376 26.76532127193624 194.9803
831 -17.02338667228001 30.01261332771999 194.9803
832 -18.04672376348879 31.81727623651121 197.9803
833 -21.48934485284965 28.37465514715034 197.9803
834 -24.9319999990531 24.9320000009469 197.9803
835 -28.37465514715028 21.48934485284972 197.9803
836 -31.81727623651118 18.04672376348881 197.9803
837 -35.26 9.735919261609055 197.9803
838 -35.26 4.867983706719597 197.9803
839 -35.26 1.338680277740423e-09 197.9803
840 -35.26 -4.867983706719672 197.9803
841 -35.26 -9.7359192616091 197.9803
842 -31.81727623651121 -18.04672376348879 197.9803
843 -28.37465514715034 -21.48934485284965 197.9803
844 -24.9320000009469 -24.9319999990531 197.9803
845 -21.48934485284972 -28.37465514715028 197.9803
846 -18.04672376348881 -31.81727623651118 197.9803
847 -9.735919261609055 -35.26 197.9803
848 -4.867983706719597 -35.26 197.9803
849 -1.338680277740423e-09 -35.26 197.9803
850 4.867983706719672 -35.26 197.9803
851 9.7359192616091 -35.26 197.9803
852 18.04672376348879 -31.81727623651121 197.9803
853 21.48934485284965 -28.37465514715034 197.9803
854 24.9319999990531 -24.9320000009469 197.9803
855 28.37465514715028 -21.48934485284972 197.9803
856 31.81727623651118 -18.04672376348881 197.9803
857 35.26 -9.735919261609055 197.9803
858 35.26 -4.867983706719597 197.9803
859 35.26 -1.338680277740423e-09 197.9803
860 35.26 4.867983706719672 197.9803
861 35.26 9.7359192616091 197.9803
862 31.81727623651121 18.04672376348879 197.9803
863 28.37465514715034 21.48934485284965 197.9803
864 24.9320000009469 24.9319999990531 197.9803
865 21.48934485284972 28.37465514715028 197.9803
866 18.04672376348881 31.81727623651118 197.9803
867 10.26465241694717 35.26 197.9803
868 5.925347584825976 35.26 197.9803
869 -0.4140000000000013 33.26 197.9803
870 -5.924010031629079 31.26 197.9803
871 -9.433989967127214 31.26 197.9803
872 -15.99671725653118 28.20728274346882 197.9803
873 -19.04934616416343 25.15465383583657 197.9803
874 -22.10200000000001 22.10199999999999 197.9803
875 -25.1546538358366 19.0493461641634 197.9803
876 -28.20728274346886 15.99671725653115 197.9803
877 -31.26 8.62926182067519 197.9803
878 -31.26 4.314648517212865 197.9803
879 -31.26 0 197.9803
880 -31.26 -4.314648517212847 197.9803
881 -31.26 -8.62926182067517 197.9803
882 -28.20728274346882 -15.99671725653118 197.9803
883 -25.15465383583657 -19.04934616416343 197.9803
884 -22.10199999999999 -22.10200000000001 197.9803
885 -19.0493461641634 -25.1546538358366 197.9803
886 -15.99671725653115 -28.20728274346886 197.9803
887 -8.962650394542795 -31.26 197.9803
888 -4.981337361350302 -31.26 197.9803
889 -4.705337574439753 -29.26 197.9803
890 -8.410652131912761 -29.26 197.9803
891 -15.54488222794666 -25.83111777205334 197.9803
892 -18.9736346192623 -22.4023653807377 197.9803
893 -22.40236538073766 -18.97363461926233 197.9803
894 -25.83111777205333 -15.54488222794667 197.9803
895 -29.26 -7.269483527866519 197.9803
896 -29.26 -2.423150990556277 197.9803
897 -29.26 2.423150990556204 197.9803
898 -29.26 7.269483527866445 197.9803
899 -25.83111777205334 15.54488222794666 197.9803
900 -22.4023653807377 18.9736346192623 197.9803
901 -18.97363461926233 22.40236538073766 197.9803
902 -15.54488222794667 25.83111777205333 197.9803
903 -8.60598996837092 29.26 197.9803
904 -5.096010032872783 29.26 197.9803
905 0.4140000000000013 31.26 197.9803
906 6.201344705247775 33.26 197.9803
907 9.988655293401003 33.26 197.9803
908 17.02338667228 30.01261332772 197.9803
909 20.27067872806376 26.76532127193624 197.9803
910 23.51799999966291 23.51800000033708 197.9803
911 26.76532127193624 20.27067872806376 197.9803
912 30.01261332771999 17.02338667228001 197.9803
913 33.26 9.183924572818949 197.9803
914 33.26 4.591982941549434 197.9803
915 33.26 4.766036454384448e-10 197.9803
916 33.26 -4.591982941549482 197.9803
917 33.26 -9.183924572818995 197.9803
918 30.01261332772 -17.02338667228 197.9803
919 26.76532127193624 -20.27067872806376 197.9803
920 23.51800000033708 -23.51799999966291 197.9803
921 20.27067872806376 -26.76532127193624 197.9803
922 17.02338667228001 -30.01261332771999 197.9803
923 9.183924572818949 -33.26 197.9803
924 4.591982941549434 -33.26 197.9803
925 4.766036454384448e-10 -33.26 197.9803
926 -4.591982941549482 -33.26 197.9803
927 -9.183924572818995 -33.26 197.9803
928 -17.02338667228 -30.01261332772 197.9803
929 -20.27067872806376 -26.76532127193624 197.9803
930 -23.51799999966291 -23.51800000033708 197.9803
931 -26.76532127193624 -20.27067872806376 197.9803
932 -30.01261332771999 -17.02338667228001 197.9803
933 -33.26 -9.183924572818949 197.9803
934 -33.26 -4.591982941549434 197.9803
935 -33.26 -4.766036454384448e-10 197.9803
936 -33.26 4.591982941549482 197.9803
937 -33.26 9.183924572818995 197.9803
938 -30.01261332772 17.02338667228 197.9803
939 -26.76532127193624 20.27067872806376 197.9803
940 -23.51800000033708 23.51799999966291 197.9803
941 -20.27067872806376 26.76532127193624 197.9803
942 -17.02338667228001 30.01261332771999 197.9803
943 8.410652133206169 -29.26 194.9803
944 4.705337575733161 -29.26 194.9803
945 8.410652133206169 -29.26 197.9803
946 4.705337575733161 -29.26 197.9803
947 4.981337359857333 -31.26 194.9803
948 8.962650393049831 -31.26 194.9803
949 4.981337359857333 -31.26 197.9803
950 8.962650393049831 -31.26 197.9803
951 15.99671725653118 -28.20728274346882 194.9803
952 19.04934616416343 -25.15465383583657 194.9803
953 22.10200000000001 -22.10199999999999 194.9803
954 25.1546538358366 -19.0493461641634 194.9803
955 28.20728274346886 -15.99671725653115 194.9803
956 31.26 8.62926182067519 194.9803
957 31.26 4.314648517212865 194.9803
958 31.26 0 194.9803
959 31.26 -4.314648517212847 194.9803
960 31.26 -8.62926182067517 194.9803
961 28.20728274346882 15.99671725653118 194.9803
962 25.15465383583657 19.04934616416343 194.9803
963 22.10199999999999 22.10200000000001 194.9803
964 19.0493461641634 25.1546538358366 194.9803
965 15.99671725653115 28.20728274346886 194.9803
966 8.091996536116131 31.26 194.9803
967 7.677997578421945 29.26 194.9803
968 15.54488222794666 25.83111777205334 194.9803
969 18.9736346192623 22.4023653807377 194.9803
970 22.40236538073766 18.97363461926233 194.9803
971 25.83111777205333 15.54488222794667 194.9803
972 29.26 -7.269483527866519 194.9803
973 29.26 -2.423150990556277 194.9803
974 29.26 2.423150990556204 194.9803
975 29.26 7.269483527866445 194.9803
976 25.83111777205334 -15.54488222794666 194.9803
977 22.4023653807377 -18.9736346192623 194.9803
978 18.97363461926233 -22.40236538073766 194.9803
979 15.54488222794667 -25.83111777205333 194.9803
980 15.99671725653118 -28.20728274346882 197.9803
981 19.04934616416343 -25.15465383583657 197.9803
982 22.10200000000001 -22.10199999999999 197.9803
983 25.1546538358366 -19.0493461641634 197.9803
984 28.20728274346886 -15.99671725653115 197.9803
985 31.26 -8.62926182067519 197.9803
986 31.26 -4.314648517212865 197.9803
987 31.26 0 197.9803
988 31.26 4.314648517212847 197.9803
989 31.26 8.62926182067517 197.9803
990 28.20728274346882 15.99671725653118 197.9803
991 25.15465383583657 19.04934616416343 197.9803
992 22.10199999999999 22.10200000000001 197.9803
993 19.0493461641634 25.1546538358366 197.9803
994 15.99671725653115 28.20728274346886 197.9803
995 8.091996536116131 31.26 197.9803
996 7.677997578421945 29.26 197.9803
997 15.54488222794666 25.83111777205334 197.9803
998 18.9736346192623 22.4023653807377 197.9803
999 22.40236538073766 18.97363461926233 197.9803
1000 25.83111777205333 15.54488222794667 197.9803
1001 29.26 7.269483527866519 197.9803
1002 29.26 2.423150990556277 197.9803
1003 29.26 -2.423150990556204 197.9803
1004 29.26 -7.269483527866445 197.9803
1005 25.83111777205334 -15.54488222794666 197.9803
1006 22.4023653807377 -18.9736346192623 197.9803
1007 18.97363461926233 -22.40236538073766 197.9803
1008 15.54488222794667 -25.83111777205333 197.9803
1009 -130.52 -130.52 266.5469666666665
1010 -130.52 -130.52 333.213633333333
1011 -130.52 130.52 266.5469666666665
1012 -130.52 130.52 333.213633333333
1013 -130.52 -75.68669598491104 199.8803
1014 -130.52 -25.22889986826206 199.8803
1015 -130.52 25.22889986826252 199.8803
1016 -130.52 75.68669598491172 199.8803
1017 -130.52 -65.26000000000019 399.8803
1018 -130.52 -4.263256414560601e-13 399.8803
1019 -130.52 65.25999999999974 399.8803
1020 130.52 130.52 266.5469666666665
1021 130.52 130.52 333.213633333333
1022 -75.68669598491104 130.52 199.8803
1023 -25.22889986826206 130.52 199.8803
1024 25.22889986826252 130.52 199.8803
1025 75.68669598491172 130.52 199.8803
1026 -65.26000000000019 130.52 399.8803
1027 -4.263256414560601e-13 130.52 399.8803
1028 65.25999999999974 130.52 399.8803
1029 130.52 -130.52 266.5469666666665
1030 130.52 -130.52 333.213633333333
1031 130.52 75.68669598491104 199.8803
1032 130.52 25.22889986826206 199.8803
1033 130.52 -25.22889986826252 199.8803
1034 130.52 -75.68669598491172 199.8803
1035 130.52 65.26000000000019 399.8803
1036 130.52 4.263256414560601e-13 399.8803
1037 130.52 -65.25999999999974 399.8803
1038 75.68669598491104 -130.52 199.8803
1039 25.22889986826206 -130.52 199.8803
1040 -25.22889986826252 -130.52 199.8803
1041 -75.68669598491172 -130.52 199.8803
1042 65.26000000000019 -130.52 399.8803
1043 4.263256414560601e-13 -130.52 399.8803
1044 -65.25999999999974 -130.52 399.8803
1045 -130.52 -75.6779075275988 199.4803
1046 -130.52 -25.22597034717364 199.4803
1047 -130.52 25.22597034717347 199.4803
1048 -130.52 75.67790752759888 199.4803
1049 -75.6779075275988 130.52 199.4803
1050 -25.22597034717364 130.52 199.4803
1051 25.22597034717347 130.52 199.4803
1052 75.67790752759888 130.52 199.4803
1053 130.52 75.6779075275988 199.4803
1054 130.52 25.22597034717364 199.4803
1055 130.52 -25.22597034717347 199.4803
1056 130.52 -75.67790752759888 199.4803
1057 75.6779075275988 -130.52 199.4803
1058 25.22597034717364 -130.52 199.4803
1059 -25.22597034717347 -130.52 199.4803
1060 -75.67790752759888 -130.52 199.4803
1061 -130.52 -75.5508121741518 183.75
1062 -130.52 -25.18360470114953 183.75
1063 -130.52 25.18360470114996 183.75
1064 -130.52 75.55081217415201 183.75
1065 -75.5508121741518 130.52 183.75
1066 -25.18360470114953 130.52 183.75
1067 25.18360470114996 130.52 183.75
1068 75.55081217415201 130.52 183.75
1069 130.52 75.5508121741518 183.75
1070 130.52 25.18360470114953 183.75
1071 130.52 -25.18360470114996 183.75
1072 130.52 -75.55081217415201 183.75
1073 75.5508121741518 -130.52 183.75
1074 25.18360470114953 -130.52 183.75
1075 -25.18360470114996 -130.52 183.75
1076 -75.55081217415201 -130.52 183.75
1077 -130.52 -75.56445056791486 180
1078 -130.52 -25.18815088373323 180
1079 -130.52 25.18815088373336 180
1080 -130.52 75.56445056791489 180
1081 -75.56445056791486 130.52 180
1082 -25.18815088373323 130.52 180
1083 25.18815088373336 130.52 180
1084 75.56445056791489 130.52 180
1085 130.52 75.56445056791486 180
1086 130.52 25.18815088373323 180
1087 130.52 -25.18815088373336 180
1088 130.52 -75.56445056791489 180
1089 75.56445056791486 -130.52 180
1090 25.18815088373323 -130.52 180
1091 -25.18815088373336 -130.52 180
1092 -75.56445056791489 -130.52 180
1093 -130.52 -130.52 60.00000000000005
1094 -130.52 -130.52 119.9999999999998
1095 -130.52 130.52 60.00000000000005
1096 -130.52 130.52 119.9999999999998
1097 -130.52 -65.26000000000019 0
1098 -130.52 -4.263256414560601e-13 0
1099 -130.52 65.25999999999974 0
1100 130.52 130.52 60.00000000000005
1101 130.52 130.52 119.9999999999998
1102 -65.26000000000019 130.52 0
1103 -4.263256414560601e-13 130.52 0
1104 65.25999999999974 130.52 0
1105 130.52 -130.52 60.00000000000005
1106 130.52 -130.52 119.9999999999998
1107 130.52 65.26000000000019 0
1108 130.52 4.263256414560601e-13 0
1109 130.52 -65.25999999999974 0
1110 65.26000000000019 -130.52 0
1111 4.263256414560601e-13 -130.52 0
1112 -65.25999999999974 -130.52 0
1113 -180.52 -180.52 74.97007500000011
1114 -180.52 -180.52 199.9401500000001
1115 -180.52 -180.52 324.9102250000001
1116 -180.52 -60.1733333333334 449.8803
1117 -180.52 60.17333333333332 449.8803
1118 -180.52 180.52 74.97007500000011
1119 -180.52 180.52 199.9401500000001
1120 -180.52 180.52 324.9102250000001
1121 -180.52 -60.1733333333334 -50
1122 -180.52 60.17333333333332 -50
1123 -60.1733333333334 -180.52 -50
1124 60.17333333333332 -180.52 -50
1125 180.52 -180.52 74.97007500000011
1126 180.52 -180.52 199.9401500000001
1127 180.52 -180.52 324.9102250000001
1128 -60.1733333333334 -180.52 449.8803
1129 60.17333333333332 -180.52 449.8803
1130 -60.1733333333334 180.52 449.8803
1131 60.17333333333332 180.52 449.8803
1132 180.52 -60.1733333333334 449.8803
1133 180.52 60.17333333333332 449.8803
1134 -60.1733333333334 180.52 -50
1135 60.17333333333332 180.52 -50
1136 180.52 180.52 74.97007500000011
1137 180.52 180.52 199.9401500000001
1138 180.52 180.52 324.9102250000001
1139 180.52 -60.1733333333334 -50
1140 180.52 60.17333333333332 -50
1141 -3 -33.76016995840226 190.1803
1142 -3 -38.26014815578684 190.1803
1143 -3 -42.76009244243853 190.1803
1144 -3 -47.2599999979687 190.1803
1145 -3 -51.75990755756156 190.1803
1146 -3 -56.25985184421322 190.1803
1147 -3 -60.75983004159777 190.1803
1148 -1 -60.75983004159775 190.1803
1149 -1 -56.25985184421317 190.1803
1150 -1 -51.75990755756148 190.1803
1151 -1 -47.26000000203132 190.1803
1152 -1 -42.76009244243845 190.1803
1153 -1 -38.26014815578677 190.1803
1154 -1 -33.76016995840223 190.1803
1155 1 -33.76016995840226 190.1803
1156 1 -38.26014815578684 190.1803
1157 1 -42.76009244243853 190.1803
1158 1 -47.2599999979687 190.1803
1159 1 -51.75990755756156 190.1803
1160 1 -56.25985184421322 190.1803
1161 1 -60.75983004159777 190.1803
1162 3 -60.75983004159775 190.1803
1163 3 -56.25985184421317 190.1803
1164 3 -51.75990755756148 190.1803
1165 3 -47.26000000203132 190.1803
1166 3 -42.76009244243845 190.1803
1167 3 -38.26014815578677 190.1803
1168 3 -33.76016995840223 190.1803
1169 -2 -29.26 191.1803
1170 2 -29.26 191.1803
1171 -3.62 34.26 190.1803
1172 3.62 30.26 190.1803
1173 -5.24 34.26 191.1803
1174 -3.827 33.26 191.1803
1175 -1.413999999999999 32.26 191.1803
1176 0.5860000000000012 30.26 191.1803
1177 3.413 29.26 191.1803
1178 5.24 30.26 191.1803
1179 3.827 31.26 191.1803
1180 1.413999999999999 32.26000000000001 191.1803
1181 -0.5860000000000012 34.26 191.1803
1182 -3.413 35.26 191.1803
1183 -4.25 34.26000000000001 192.1803
1184 -4.25 34.26000000000001 194.9803
1185 4.25 30.26 192.1803
1186 4.25 30.26 194.9803
1187 2 -30.26 192.1803
1188 2 -30.26 194.9803
1189 -2 -30.26 192.1803
1190 -2 -30.26 194.9803
1191 -2.842170943040401e-14 -74.91135730172554 184.79
1192 8.212452939915238e-11 -68.55447961453223 184.79
1193 -6.474374560034661 -75.28713923093305 184.79
1194 6.47437456003459 -75.28713923093309 184.79
1195 -74.89460823687514 -74.87689160993489 184.79
1196 74.89460823687523 -74.8768916099348 184.79
1197 74.90989485495192 74.87319145345782 184.79
1198 -74.87319145345779 74.9098948549519 184.79
1199 68.40883183405383 -75.27508897556933 184.79
1200 -68.40883183405367 -75.27508897556933 184.79
1201 -75.31588226629486 -68.28700396207506 184.79
1202 75.41783266010937 -68.21974907501752 184.79
1203 58.40056962367265 -75.46843183379622 184.79
1204 -58.40056962367242 -75.46843183379781 184.79
1205 75.52007829545505 -2.517535395871493 184.79
1206 -75.52007829545502 2.517535395871493 184.79
1207 2.517535395871519 75.52007829545502 184.79
1208 75.52078607563668 7.550455004427709 184.79
1209 -7.550455004427761 75.52078607563665 184.79
1210 -75.52078607563666 -7.550455004427709 184.79
1211 12.58505749248189 75.52089421295349 184.79
1212 75.52089421295349 -12.58505749248188 184.79
1213 -75.52089421295346 12.58505749248188 184.79
1214 75.52096012755828 17.61959140880255 184.79
1215 -75.52096012692664 -17.61959141018165 184.79
1216 -17.61959140880256 75.52096012755827 184.79
1217 22.65355297529625 75.52146667636261 184.79
1218 75.52146667639079 -22.65355297527102 184.79
1219 -75.52146667636262 22.65355297529626 184.79
1220 75.5216571613982 27.68802520173001 184.79
1221 -27.68802520172997 75.52165716139817 184.79
1222 -75.5216568258231 -27.68802593442158 184.79
1223 32.72252803631556 75.52157830477161 184.79
1224 75.52157831972734 -32.72252802291032 184.79
1225 -75.52157830477159 32.72252803631554 184.79
1226 75.52131640444804 37.75747278818535 184.79
1227 -75.52143437515787 -37.75720949171495 184.79
1228 -37.75747278818534 75.52131640444804 184.79
1229 75.52126602433445 -42.79267932622844 184.79
1230 -75.52104603973538 42.7931524447371 184.79
1231 42.79315244473712 75.52104603973537 184.79
1232 75.52203159426072 47.82666655892542 184.79
1233 -75.5208185182999 -47.82926456030579 184.79
1234 -47.82666655892538 75.52203159426072 184.79
1235 75.52252444254005 -52.86447069136393 184.79
1236 52.86496639095918 75.52212078085094 184.79
1237 -75.52212078085094 52.86496639095917 184.79
1238 -57.89702182920257 75.52198012416036 184.79
1239 75.52198012416039 57.89702182920259 184.79
1240 -75.5206359780463 -57.90173262093084 184.79
1241 -75.50769001922623 62.99099790365705 184.79
1242 62.99099790365705 75.50769001922626 184.79
1243 75.41821635866552 68.28235866481091 184.79
1244 -68.28235866481086 75.41821635866549 184.79
1245 48.6061716356683 -75.46293230450648 184.79
1246 -48.60617163565334 -75.4629323045326 184.79
1247 -16.60950285730883 -75.42674570710722 184.79
1248 16.609502857309 -75.42674570710723 184.79
1249 -38.512484080033 -75.47393983281395 184.79
1250 38.51248408075848 -75.47393983279889 184.79
1251 -26.71690925437233 -75.47309881603803 184.79
1252 26.7169092544281 -75.47309881603415 184.79
1253 -32.65242307848386 -75.29661166362578 184.79
1254 32.65242307881689 -75.29661166360248 184.79
1255 68.2991177835661 75.40946993276972 184.79
1256 -75.4094699327697 68.29911778356609 184.79
1257 75.50715458858886 -62.97713228626592 184.79
1258 -75.48608637405687 -62.98814150778757 184.79
1259 75.51940329704119 62.9408646081182 184.79
1260 -62.94086460811815 75.51940329704117 184.79
1261 -52.86185726729428 75.52209129532568 184.79
1262 -75.52126198189603 -52.86398576547749 184.79
1263 75.52209129532568 52.86185726729429 184.79
1264 47.8287047075628 75.52126851794756 184.79
1265 75.52153202153184 -47.82814773888721 184.79
1266 -75.52126851794753 47.82870470756278 184.79
1267 57.90858149140828 75.52286793033605 184.79
1268 -75.52286793033602 57.90858149140828 184.79
1269 -42.79170040722737 75.52169907732944 184.79
1270 75.52169907732944 42.79170040722739 184.79
1271 -75.52091878125032 -42.79336827036816 184.79
1272 27.68819960824466 75.52156240785881 184.79
1273 75.52156240850769 -27.68819960766308 184.79
1274 -75.52156240785882 27.68819960824467 184.79
1275 75.5214980803041 32.72275468400633 184.79
1276 -75.52148549951983 -32.72278209846792 184.79
1277 -32.72275468400628 75.52149808030407 184.79
1278 75.52130540158853 -37.75751358562363 184.79
1279 -75.52130510423314 37.7575138121261 184.79
1280 37.75751381212613 75.52130510423314 184.79
1281 75.52130253084667 22.65381111609022 184.79
1282 -75.52130251628785 -22.65381114787782 184.79
1283 -22.6538111160902 75.52130253084667 184.79
1284 75.52102536396227 -17.619448090072 184.79
1285 -75.52102536396103 17.6194480900731 184.79
1286 17.61944809007309 75.52102536396103 184.79
1287 7.551740851570486 75.52040673092986 184.79
1288 -75.52040673092986 7.55174085157044 184.79
1289 75.52040673092988 -7.551740851570438 184.79
1290 -2.517414716939626 75.52016727636058 184.79
1291 75.52016727636061 2.51741471693964 184.79
1292 -75.52016727636058 -2.517414716939641 184.79
1293 75.52083948240535 12.58531192781013 184.79
1294 -75.52083948240534 -12.58531192781013 184.79
1295 -12.58531192781012 75.52083948240534 184.79
1296 21.52652848665704 -75.46198123260251 184.79
1297 -21.52652848665679 -75.46198123260248 184.79
1298 -43.66518338017381 -75.46702733325805 184.79
1299 43.66518338028262 -75.46702733319091 184.79
1300 11.62410834611067 -75.31582459855504 184.79
1301 -11.62410834611063 -75.31582459855501 184.79
1302 53.52141387454543 -75.46015480932309 184.79
1303 -53.52141387454526 -75.46015480933691 184.79
1304 -63.27436306194764 -75.4575900088267 184.79
1305 63.27436306194784 -75.45759000882671 184.79
1306 -1.708454810244177 -65.19631775616125 184.79
1307 1.729704460125305 -65.20516015821381 184.79
1308 75.52349522678298 -57.90616242125273 184.79
1309 77.86308140406811 77.84946058080342 184.79
1310 77.85583024567421 -77.85140108893907 184.79
1311 -77.85583024567416 -77.85140108893913 184.79
1312 -77.84946058080342 77.8630814040681 184.79
1313 -3.24 34.26 196.4803
1314 -12.01999349627917 33.26 196.4803
1315 -4.996002052679524 33.26 196.4803
1316 -8.507995548958695 33.26 196.4803
1317 -12.7099924997355 35.26 196.4803
1318 -5.134002062662153 35.26 196.4803
1319 -8.92199456239765 35.26 196.4803
1320 2.364991661851761 -34.25999999999999 197.9803
1321 -34.26 -2.364991661851757 197.9803
1322 34.25999999999998 2.364991661851757 197.9803
1323 -34.26 2.364991662282794 197.9803
1324 -2.36499166228279 -34.25999999999999 197.9803
1325 34.26 -2.36499166228279 197.9803
1326 -25.89749410461918 22.55250589538082 197.9803
1327 -22.55250589538082 -25.89749410461917 197.9803
1328 25.89749410461916 -22.55250589538082 197.9803
1329 22.55250589538082 25.89749410461918 197.9803
1330 22.55250589507589 -25.8974941049241 197.9803
1331 25.8974941049241 22.5525058950759 197.9803
1332 -22.5525058950759 25.8974941049241 197.9803
1333 -25.8974941049241 -22.55250589507589 197.9803
1334 -2.921668733947513 -30.26 197.9803
1335 -5.065002057670842 34.26 197.9803
1336 -15.39969333614 31.63630666385999 196.4803
1337 -31.63630666386 15.39969333614 196.4803
1338 -21.89433936420042 25.14166063579957 196.4803
1339 -25.14166063613666 21.89433936386334 196.4803
1340 -28.38896729982812 18.64703270017188 196.4803
1341 -18.64703270017188 28.38896729982811 196.4803
1342 -33.53863811825559 16.32536188174441 196.4803
1343 -16.3253618817444 33.53863811825561 196.4803
1344 -26.65332757310169 23.21067242689831 196.4803
1345 -23.21067242595138 26.65332757404862 196.4803
1346 -30.09596569183073 19.76803430816927 196.4803
1347 -19.76803430816922 30.09596569183078 196.4803
1348 -33.26 11.47996228640948 196.4803
1349 -33.26 -11.47996228640948 196.4803
1350 -33.26 2.295991470774728 196.4803
1351 -33.26 -2.295991470774729 196.4803
1352 -33.26 -6.887953757184214 196.4803
1353 -33.26 6.887953757184214 196.4803
1354 -35.26 -12.16995963080453 196.4803
1355 -35.26 12.16995963080454 196.4803
1356 -35.26 2.433991853359817 196.4803
1357 -35.26 -2.433991853359819 196.4803
1358 -35.26 -7.301951484164354 196.4803
1359 -35.26 7.301951484164356 196.4803
1360 12.16995963080453 -35.26 196.4803
1361 -12.16995963080454 -35.26 196.4803
1362 -2.433991853359817 -35.26 196.4803
1363 2.433991853359819 -35.26 196.4803
1364 7.301951484164354 -35.26 196.4803
1365 -7.301951484164356 -35.26 196.4803
1366 -16.32536188174441 -33.53863811825559 196.4803
1367 -33.53863811825561 -16.3253618817444 196.4803
1368 -23.21067242689831 -26.65332757310169 196.4803
1369 -26.65332757404862 -23.21067242595138 196.4803
1370 -19.76803430816927 -30.09596569183073 196.4803
1371 -30.09596569183078 -19.76803430816922 196.4803
1372 -31.63630666385999 -15.39969333614 196.4803
1373 -15.39969333614 -31.63630666386 196.4803
1374 -25.14166063579957 -21.89433936420042 196.4803
1375 -21.89433936386334 -25.14166063613666 196.4803
1376 -18.64703270017188 -28.38896729982812 196.4803
1377 -28.38896729982811 -18.64703270017188 196.4803
1378 -11.47996228640948 -33.26 196.4803
1379 11.47996228640948 -33.26 196.4803
1380 -2.29599147077473 -33.26 196.4803
1381 2.295991470774728 -33.26 196.4803
1382 -6.887953757184215 -33.26 196.4803
1383 6.887953757184214 -33.26 196.4803
1384 15.39969333614 -31.63630666385999 196.4803
1385 31.63630666386 -15.39969333614 196.4803
1386 21.89433936420042 -25.14166063579957 196.4803
1387 25.14166063613666 -21.89433936386334 196.4803
1388 28.38896729982812 -18.64703270017188 196.4803
1389 18.64703270017188 -28.38896729982811 196.4803
1390 33.26 -11.47996228640948 196.4803
1391 33.26 11.47996228640948 196.4803
1392 33.26 -2.295991470774728 196.4803
1393 33.26 2.295991470774729 196.4803
1394 33.26 6.887953757184214 196.4803
1395 33.26 -6.887953757184214 196.4803
1396 35.26 12.16995963080453 196.4803
1397 35.26 -12.16995963080454 196.4803
1398 35.26 2.433991853359819 196.4803
1399 35.26 -2.433991853359817 196.4803
1400 35.26 7.301951484164354 196.4803
1401 35.26 -7.301951484164356 196.4803
1402 33.53863811825559 -16.32536188174441 196.4803
1403 16.3253618817444 -33.53863811825561 196.4803
1404 26.65332757310169 -23.21067242689831 196.4803
1405 23.21067242595138 -26.65332757404862 196.4803
1406 30.09596569183073 -19.76803430816927 196.4803
1407 19.76803430816922 -30.09596569183078 196.4803
1408 3.755673791969704 35.26 196.4803
1409 12.4343262080303 35.26 196.4803
1410 8.095000000000001 35.26 196.4803
1411 16.32536188174441 33.53863811825559 196.4803
1412 33.53863811825561 16.3253618817444 196.4803
1413 23.21067242689831 26.65332757310169 196.4803
1414 26.65332757404862 23.21067242595138 196.4803
1415 19.76803430816927 30.09596569183073 196.4803
1416 30.09596569183078 19.76803430816922 196.4803
1417 31.63630666385999 15.39969333614 196.4803
1418 15.39969333614 31.63630666386 196.4803
1419 25.14166063579957 21.89433936420042 196.4803
1420 21.89433936386334 25.14166063613666 196.4803
1421 18.64703270017188 28.38896729982812 196.4803
1422 28.38896729982811 18.64703270017188 196.4803
1423 11.88232764703831 33.26 196.4803
1424 4.307672352961694 33.26 196.4803
1425 8.095000000000001 33.26 196.4803
1426 -4.169005016125467 31.26 196.4803
1427 -11.18899498387453 31.26 196.4803
1428 -7.679 31.26 196.4803
1429 0.4818767180341514 34.15587671803415 196.4803
1430 -1.315297546957824 32.35870245304218 196.4803
1431 -0.4818767180341517 30.36412328196585 196.4803
1432 1.315297546957823 32.16129754695782 196.4803
1433 -10.36099498387453 29.26 196.4803
1434 -3.341005016125466 29.26 196.4803
1435 -6.851 29.26 196.4803
1436 -13.83044111397333 27.54555888602667 196.4803
1437 -27.54555888602667 13.83044111397333 196.4803
1438 -17.2592584236045 24.1167415763955 196.4803
1439 -24.11674157639552 17.25925842360448 196.4803
1440 -20.68800000000002 20.68799999999998 196.4803
1441 -29.26 -9.69274176393324 196.4803
1442 -29.26 9.69274176393324 196.4803
1443 -29.26 -4.846317259211361 196.4803
1444 -29.26 4.846317259211361 196.4803
1445 -29.26 -2.220446049250313e-16 196.4803
1446 -31.26 10.78663091033759 196.4803
1447 -31.26 -10.78663091033759 196.4803
1448 -31.26 2.157324258606431 196.4803
1449 -31.26 -2.157324258606428 196.4803
1450 -31.26 -6.471955168944019 196.4803
1451 -31.26 6.471955168944017 196.4803
1452 -14.47035862826559 29.73364137173441 196.4803
1453 -29.73364137173443 14.47035862826557 196.4803
1454 -23.62832691791831 20.5756730820817 196.4803
1455 -20.57567308208172 23.62832691791828 196.4803
1456 -26.68096828965273 17.52303171034727 196.4803
1457 -17.5230317103473 26.6809682896527 196.4803
1458 -10.9533251972714 -31.26 196.4803
1459 -2.990668680675153 -31.26 196.4803
1460 -6.971993877946549 -31.26 196.4803
1461 -29.73364137173441 -14.47035862826559 196.4803
1462 -14.47035862826557 -29.73364137173443 196.4803
1463 -20.5756730820817 -23.62832691791831 196.4803
1464 -23.62832691791828 -20.57567308208172 196.4803
1465 -17.52303171034727 -26.68096828965273 196.4803
1466 -26.6809682896527 -17.5230317103473 196.4803
1467 -27.54555888602667 -13.83044111397333 196.4803
1468 -13.83044111397333 -27.54555888602667 196.4803
1469 -24.1167415763955 -17.2592584236045 196.4803
1470 -17.25925842360448 -24.11674157639552 196.4803
1471 -20.68799999999998 -20.68800000000002 196.4803
1472 -10.26332606595638 -29.26 196.4803
1473 -2.852668787219876 -29.26 196.4803
1474 -6.557994853176257 -29.26 196.4803
1475 -1 -30.26 196.4803
1476 1 -30.26 196.4803
1477 10.26332606660308 -29.26 196.4803
1478 2.85266878786658 -29.26 196.4803
1479 6.557994854469665 -29.26 196.4803
1480 10.95332519652491 -31.26 196.4803
1481 2.990668679928667 -31.26 196.4803
1482 6.971993876453582 -31.26 196.4803
1483 5.562498528634521 30.26 197.9803
1484 2.921668733897622 -30.26 197.9803
1485 13.83044111397333 -27.54555888602667 196.4803
1486 27.54555888602667 -13.83044111397333 196.4803
1487 17.2592584236045 -24.1167415763955 196.4803
1488 24.11674157639552 -17.25925842360448 196.4803
1489 20.68800000000002 -20.68799999999998 196.4803
1490 14.47035862826559 -29.73364137173441 196.4803
1491 29.73364137173443 -14.47035862826557 196.4803
1492 23.62832691791831 -20.5756730820817 196.4803
1493 20.57567308208172 -23.62832691791828 196.4803
1494 26.68096828965273 -17.52303171034727 196.4803
1495 17.5230317103473 -26.6809682896527 196.4803
1496 29.26 9.69274176393324 196.4803
1497 29.26 -9.69274176393324 196.4803
1498 29.26 4.846317259211361 196.4803
1499 29.26 -4.846317259211362 196.4803
1500 29.26 2.220446049250313e-16 196.4803
1501 31.26 -10.78663091033759 196.4803
1502 31.26 10.78663091033759 196.4803
1503 31.26 -2.157324258606428 196.4803
1504 31.26 2.157324258606428 196.4803
1505 31.26 6.471955168944019 196.4803
1506 31.26 -6.471955168944017 196.4803
1507 10.51799826805807 31.26 196.4803
1508 5.665998268058066 31.26 196.4803
1509 29.73364137173441 14.47035862826559 196.4803
1510 14.47035862826557 29.73364137173443 196.4803
1511 20.5756730820817 23.62832691791831 196.4803
1512 23.62832691791828 20.57567308208172 196.4803
1513 17.52303171034727 26.68096828965273 196.4803
1514 26.6809682896527 17.5230317103473 196.4803
1515 27.54555888602667 13.83044111397333 196.4803
1516 13.83044111397333 27.54555888602667 196.4803
1517 24.1167415763955 17.2592584236045 196.4803
1518 17.25925842360448 24.11674157639552 196.4803
1519 20.68799999999998 20.68800000000002 196.4803
1520 9.896998789210972 29.26 196.4803
1521 5.458998789210972 29.26 196.4803
1522 3.24 30.26 196.4803
1523 -130.52 2.751105547421275 293.2107152534282
1524 -130.52 -56.24936338358275 253.0502380772878
1525 -130.52 56.83667136260459 253.0502380772878
1526 -130.52 -58.25628973719434 332.9750313288746
1527 -130.52 61.26217776602653 330.6919914818301
1528 -130.52 0.5799697172206209 240.4121142909925
1529 -130.52 12.33346755945308 349.0846782642967
1530 -130.52 -98.24401484212345 229.8394511859886
1531 -130.52 98.39084183687908 229.8394511859886
1532 -130.52 -96.13907243429863 366.4873161655519
1533 -130.52 97.88999999999982 366.5469666666665
1534 2.751105547421275 130.52 293.2107152534282
1535 -56.24936338358275 130.52 253.0502380772878
1536 56.83667136260459 130.52 253.0502380772878
1537 -58.25628973719434 130.52 332.9750313288746
1538 61.26217776602653 130.52 330.6919914818301
1539 0.5799697172206209 130.52 240.4121142909925
1540 12.33346755945308 130.52 349.0846782642967
1541 -98.24401484212345 130.52 229.8394511859886
1542 98.39084183687908 130.52 229.8394511859886
1543 -96.13907243429863 130.52 366.4873161655519
1544 97.88999999999982 130.52 366.5469666666665
1545 130.52 -2.751105547421275 293.2107152534282
1546 130.52 56.24936338358275 253.0502380772878
1547 130.52 -56.83667136260459 253.0502380772878
1548 130.52 58.25628973719434 332.9750313288746
1549 130.52 -61.26217776602653 330.6919914818301
1550 130.52 -0.5799697172206209 240.4121142909925
1551 130.52 -12.33346755945308 349.0846782642967
1552 130.52 98.24401484212345 229.8394511859886
1553 130.52 -98.39084183687908 229.8394511859886
1554 130.52 96.13907243429861 366.4873161655519
1555 130.52 -97.88999999999982 366.5469666666665
1556 -2.751105547421275 -130.52 293.2107152534282
1557 56.24936338358275 -130.52 253.0502380772878
1558 -56.83667136260459 -130.52 253.0502380772878
1559 58.25628973719434 -130.52 332.9750313288746
1560 -61.26217776602653 -130.52 330.6919914818301
1561 -0.5799697172206209 -130.52 240.4121142909925
1562 -12.33346755945308 -130.52 349.0846782642967
1563 98.24401484212345 -130.52 229.8394511859886
1564 -98.39084183687908 -130.52 229.8394511859886
1565 96.13907243429861 -130.52 366.4873161655519
1566 -97.88999999999982 -130.52 366.5469666666665
1567 0.1821213869050423 1.56808347310528 199.8803
1568 -54.08751146586096 -57.57868839660139 199.8803
1569 10.90978899288507 -66.09354655835111 199.8803
1570 65.70472685732216 -26.30132468224541 199.8803
1571 60.25541460035084 58.02715539315819 199.8803
1572 63.36956041661692 -77.94968896937736 199.8803
1573 40.10329895252064 -51.00179221049977 199.8803
1574 -9.314822666704062 65.54847133896057 199.8803
1575 -62.82326958801004 24.29800453580055 199.8803
1576 -66.13298151565945 79.28776532502012 199.8803
1577 -41.84950057937011 50.46754362710904 199.8803
1578 -19.49954487438652 -38.7052771259032 199.8803
1579 -53.88671988533796 -15.08757289065521 199.8803
1580 -22.48200391458582 -71.29611595111399 199.8803
1581 14.80972341253065 -34.98338961560993 199.8803
1582 -3.326318410695976 -49.10746064122022 199.8803
1583 -1.487371588746183 -31.66233469412958 199.8803
1584 34.78487351813972 -6.823440277435805 199.8803
1585 65.36569868157932 14.88318727462014 199.8803
1586 41.69510483528592 31.97044925150797 199.8803
1587 26.20311506533431 57.18317336905549 199.8803
1588 36.15958511917575 -32.03716844378494 199.8803
1589 22.96350537935078 -18.26307939242882 199.8803
1590 8.850174838456097 -14.65183490014806 199.8803
1591 48.85374364209372 9.838975259844313 199.8803
1592 13.52424766635854 -51.63495871049903 199.8803
1593 98.49901570984248 -54.94351445851486 199.8803
1594 -96.97085370718744 50.34289246462215 199.8803
1595 -86.74861788966035 0.7205555326773959 199.8803
1596 -16.97976078404324 -13.78596892765136 199.8803
1597 -35.62619420923993 11.47325011151073 199.8803
1598 -14.99580105292411 34.71127732759734 199.8803
1599 13.29234179513968 34.13116693790114 199.8803
1600 18.17305244639246 8.741306146231775 199.8803
1601 16.94592213108377 -2.90051416281472 199.8803
1602 -2.366804679323938 52.42870400431617 199.8803
1603 -35.933586471047 31.43492127565962 199.8803
1604 -21.56749672699891 19.86929491424994 199.8803
1605 -19.02842727922546 1.703904506868899 199.8803
1606 -34.71440571357805 -7.724005762906463 199.8803
1607 -34.25216138584599 -26.54798176793565 199.8803
1608 -36.27532791430387 -41.29074195421803 199.8803
1609 -51.55476026114946 0.5886394550103208 199.8803
1610 -82.34498195217714 -34.800994708064 199.8803
1611 1.809744066071052 -102.2647244537481 199.8803
1612 27.8742124458588 -95.42607322819316 199.8803
1613 -18.21794385205835 -53.29474516903731 199.8803
1614 -12.23830240242616 -24.57017878813382 199.8803
1615 100.4191576323282 49.82480442988557 199.8803
1616 84.47113165191996 99.6719213742572 199.8803
1617 44.0973544978637 88.57887766966337 199.8803
1618 14.19049070706548 86.00838804856613 199.8803
1619 -54.6438813734476 -101.3294243365105 199.8803
1620 98.69246867825187 -5.053091456912781 199.8803
1621 -91.37053907035919 -70.91158244661298 199.8803
1622 21.9119876891586 26.11514844097598 199.8803
1623 12.65867800447713 21.03549445064798 199.8803
1624 -2.096432517905823 20.40585633870631 199.8803
1625 -1.164926047860738 30.7199599630514 199.8803
1626 28.84310359985237 40.85185365129519 199.8803
1627 3.719725037849542 -41.44072754576463 199.8803
1628 55.05935511722254 -10.89042851285268 199.8803
1629 -34.81316791994382 79.21457351151419 199.8803
1630 -12.07397556146765 91.93818155402339 199.8803
1631 -95.54323083203846 21.50760345443 199.8803
1632 26.11499079723131 -30.09940290093895 199.8803
1633 36.47575256832833 -20.25451218390762 199.8803
1634 27.84087658956225 -11.49865288204739 199.8803
1635 32.52777623369489 9.91354989595261 199.8803
1636 29.91121200227493 17.02390242639362 199.8803
1637 17.84334982837419 -24.49985555684071 199.8803
1638 -96.21532809100364 96.01030911909933 199.8803
1639 4.895845136041919 -30.61334385184824 199.8803
1640 -10.850990779763 -42.66635445034002 199.8803
1641 -4.083999147744089 -19.25038317963086 199.8803
1642 -28.47932489353793 -0.1537380715720486 199.8803
1643 -25.1954895299021 -6.9163228478197 199.8803
1644 -14.60026958516285 53.66096567248707 199.8803
1645 -66.54448603099846 56.02645305618841 199.8803
1646 98.59981869724169 22.0356081915327 199.8803
1647 -25.44045179465875 -93.65205680984657 199.8803
1648 -49.90341465063005 22.74641887826239 199.8803
1649 -67.35325243699982 0.1912963095332038 199.8803
1650 66.79859363134554 -52.47058564576091 199.8803
1651 98.84667314545658 -93.01053609718261 199.8803
1652 -27.79928575199462 -14.11564805645364 199.8803
1653 -40.33355684434382 -18.4672116867756 199.8803
1654 -50.48094086811947 109.3631634755831 199.8803
1655 -25.5001321604891 -30.4309601933019 199.8803
1656 5.234308723813913 26.90459801852545 199.8803
1657 -32.63576527538835 21.05201096929764 199.8803
1658 -27.79457415073894 14.54515251401679 199.8803
1659 -23.51523783188756 31.19514867246574 199.8803
1660 -16.72656007958892 26.54675794295041 199.8803
1661 -8.355123611810175 27.79073763417462 199.8803
1662 29.03826721049353 -23.42161806547568 199.8803
1663 60.84666274662111 81.05866918287552 199.8803
1664 81.37398826326687 67.06103093886347 199.8803
1665 52.92816975056233 105.2262375861038 199.8803
1666 72.56468472174488 -4.912271196668823 199.8803
1667 59.31884008513553 35.10237454397166 199.8803
1668 -84.55653650003578 73.8280111696624 199.8803
1669 81.22834859615924 -73.45723939351606 199.8803
1670 25.85469623547204 4.124302834079977 199.8803
1671 39.03190986179217 17.84235524225238 199.8803
1672 -104.3048188559277 -46.28295568091957 199.8803
1673 40.93855264965956 70.82449043096632 199.8803
1674 22.68070142800424 -40.56236726466749 199.8803
1675 -4.901588432271293 -80.3258536749011 199.8803
1676 13.24377777747737 -83.15403600322273 199.8803
1677 30.52673181484319 -71.65998210092013 199.8803
1678 -70.75261344011091 100.2192616883873 199.8803
1679 82.7162230823718 -36.43415777572376 199.8803
1680 34.12907271467168 1.781945435089426 199.8803
1681 -67.638521419829 -76.49003528964792 199.8803
1682 -84.13076105114921 -98.04778274123028 199.8803
1683 -43.30815098619079 -76.78876697837603 199.8803
1684 12.57806731305177 44.87410239966784 199.8803
1685 -76.832948041354 -54.88428792198516 199.8803
1686 -9.977875791986461 -33.27675122368728 199.8803
1687 51.81869231582595 -102.1128505706035 199.8803
1688 98.8625697493751 -28.3171978938632 199.8803
1689 -7.0523225420457 35.34831382314237 199.8803
1690 -26.15054955464034 -21.41556771443214 199.8803
1691 -28.06581720619034 7.243782725358479 199.8803
1692 -5.450577191920814 -62.90923700065731 199.8803
1693 -73.24367383382852 -16.78373463267021 199.8803
1694 5.713979946955703 33.77513804997844 199.8803
1695 -58.71594788168281 -34.96028287870132 199.8803
1696 11.6599155818454 -26.75405092644639 199.8803
1697 16.3015301984528 28.10808434034199 199.8803
1698 -12.80943381330982 12.73609006741532 199.8803
1699 76.35067417566022 47.90866310455847 199.8803
1700 -24.03811633132277 43.96527140920436 199.8803
1701 44.40246689447591 -1.348522036692892 199.8803
1702 41.82411663903837 -12.27133568055349 199.8803
1703 26.52855675966941 -4.294572742042513 199.8803
1704 47.75486062137656 -23.08272559755012 199.8803
1705 51.30562742717219 -36.74158408195664 199.8803
1706 -44.37284824137654 -28.42171015295558 199.8803
1707 -5.521054145070685 -26.67301963885528 199.8803
1708 42.87568847260308 48.99324943999246 199.8803
1709 -40.94853752302327 2.786027163175532 199.8803
1710 -75.23200023785361 34.12224866698545 199.8803
1711 -46.24224794370627 11.32469659172141 199.8803
1712 -19.49139652462829 -24.35117374090033 199.8803
1713 -27.20905154590384 24.87151842710199 199.8803
1714 26.13787689579008 11.57514477781489 199.8803
1715 44.54995154509093 -82.8527653974878 199.8803
1716 -10.31179527252765 43.42447816368362 199.8803
1717 105.4712731661578 83.64559053770041 199.8803
1718 22.64066473626843 18.9351813097507 199.8803
1719 8.94671973272739 65.67077722448876 199.8803
1720 30.08685265402498 -17.38833181414794 199.8803
1721 23.71659092637652 73.55203961817993 199.8803
1722 23.29194480770468 -23.82475415866403 199.8803
1723 40.10121044609962 7.134397661712368 199.8803
1724 34.1474332685375 -13.55607716668276 199.8803
1725 74.18999409179393 -95.41006300613589 199.8803
1726 -98.68895527758059 -22.55903710328729 199.8803
1727 -59.26435803986296 12.07022175858395 199.8803
1728 -33.64096037264897 3.951859316301705 199.8803
1729 16.11113516272925 -18.88390772834945 199.8803
1730 20.48850667921322 35.23733832146447 199.8803
1731 -27.06406072866879 62.88019909254229 199.8803
1732 80.38597029721957 29.52795021691347 199.8803
1733 -3.23332575199551 -38.94757618866598 199.8803
1734 -0.4339668802917585 40.09511606730663 199.8803
1735 19.87336181014193 -11.74876030130516 199.8803
1736 -17.33181425488408 -30.27501336807014 199.8803
1737 19.40445542077837 -30.65110657210261 199.8803
1738 -47.41320678369147 69.44596075669565 199.8803
1739 -35.02934344746105 -1.744081061962652 199.8803
1740 -108.8935471582621 -90.12048270620998 199.8803
1741 4.404752018833753 -56.2960518685269 199.8803
1742 49.06962727208344 -67.1869628648092 199.8803
1743 -102.0656795745567 73.96697718457389 199.8803
1744 -34.97560509469518 -13.73149950646026 199.8803
1745 -55.22245350943464 37.0661449896134 199.8803
1746 83.71620946397366 -20.1381661982344 199.8803
1747 -35.55653594876259 -60.38628108653572 199.8803
1748 -22.2545865460948 25.62067998919202 199.8803
1749 26.33043929197412 103.6778897107643 199.8803
1750 4.188654446047611 104.3333191173193 199.8803
1751 -21.85128611449982 11.23540512924633 199.8803
1752 2.389249216856791 -24.93152678168043 199.8803
1753 -31.75380820654256 96.39570370043135 199.8803
1754 2.522839424920664 -35.53185472158609 199.8803
1755 -2.201595955677443 79.79711447477729 199.8803
1756 18.39742278932489 23.54281660081927 199.8803
1757 82.98149687840889 10.64947789951512 199.8803
1758 -30.60041764428967 -5.205129034887504 199.8803
1759 -30.61375037360057 -9.582850253656547 199.8803
1760 -41.63344573796657 -7.752832202296966 199.8803
1761 -12.31100934992273 21.46974737949932 199.8803
1762 -32.88056072084077 -19.26167360034997 199.8803
1763 -74.49412150407085 15.48498837633509 199.8803
1764 -79.41436488670243 87.33633682554228 199.8803
1765 29.21749848626366 26.85374694909147 199.8803
1766 11.58420663171386 -41.95414151898186 199.8803
1767 11.0602442334033 28.5865412902431 199.8803
1768 24.09129251479384 -56.42562581806342 199.8803
1769 -40.06824171000233 19.60625956529036 199.8803
1770 -27.33520630588771 19.93926271870269 199.8803
1771 -108.3505604981313 0.001741141454351671 199.8803
1772 58.10376465343298 1.935691584204842 199.8803
1773 50.88222152186326 22.18111367309957 199.8803
1774 8.719324291453553 -34.99529132752199 199.8803
1775 -18.85207704004559 78.19015201880511 199.8803
1776 -49.07378798141678 89.14815164266246 199.8803
1777 28.5747352886706 88.37874012395396 199.8803
1778 6.051517954086641 -48.10811464982813 199.8803
1779 -6.755797113750126e-15 6.968240130040824e-15 399.8803
1780 -60.45249468696986 -60.45249468696993 399.8803
1781 -54.38333333333328 54.38333333333336 399.8803
1782 54.38333333333335 54.38333333333328 399.8803
1783 54.38333333333327 -54.38333333333335 399.8803
1784 -73.02904761904759 6.319984210758667e-14 399.8803
1785 73.02904761904759 -4.926336184750502e-14 399.8803
1786 -5.944689647117966e-14 -73.02904761904759 399.8803
1787 4.926336184750502e-14 73.02904761904759 399.8803
1788 -88.37291666666673 88.37291666666657 399.8803
1789 88.37291666666657 88.37291666666673 399.8803
1790 -93.90592050277183 -93.90592050277198 399.8803
1791 88.37291666666673 -88.37291666666657 399.8803
1792 0.3905574562767028 -1.447825853537506 199.4803
1793 58.68729744394688 59.55978456246951 199.4803
1794 -10.44626798344329 65.00548612462779 199.4803
1795 -61.05505517821759 19.36606883952231 199.4803
1796 -54.86737924121594 -55.82870824689647 199.4803
1797 9.759161172531583 -65.86973610145188 199.4803
1798 63.70973173066849 -23.23456468939298 199.4803
1799 62.43901345145576 -79.57546062995694 199.4803
1800 35.96734134800867 -50.88270956456777 199.4803
1801 -63.77190099154409 79.24631047512226 199.4803
1802 -42.93372950748258 46.82050300676958 199.4803
1803 -19.72219513339014 -38.11077750633101 199.4803
1804 -20.88456089088996 -70.91855995256712 199.4803
1805 -50.76600466981174 -15.16209738636839 199.4803
1806 13.87907724234765 -35.68277509201231 199.4803
1807 -3.799158744460657 -48.90098647319755 199.4803
1808 -2.279033897718982 -31.79246648346108 199.4803
1809 35.31030465783446 -6.919316610782063 199.4803
1810 65.93495051271071 17.44751570216369 199.4803
1811 37.4244176282001 27.58026846287821 199.4803
1812 21.39113098632949 59.50603682688669 199.4803
1813 34.89461330962958 -32.21143225869591 199.4803
1814 21.02282700476843 -17.87796103792054 199.4803
1815 7.431997611077066 -19.70234208575023 199.4803
1816 48.54738027019864 7.020681785187509 199.4803
1817 12.30651075881714 -52.05389744057871 199.4803
1818 -97.86598367518982 52.24672731117503 199.4803
1819 95.10685312073869 -52.31355702566366 199.4803
1820 -97.19845219628554 1.147002007482762 199.4803
1821 -13.94704712162682 -13.11755829024509 199.4803
1822 -36.77950320036959 10.67539095655165 199.4803
1823 -7.159509899298152 32.25663927129954 199.4803
1824 -28.20574694530596 33.92339277568547 199.4803
1825 -18.71832372748806 17.75141211576398 199.4803
1826 -19.71719089722053 2.670110124924545 199.4803
1827 17.20300018862045 35.12387128322103 199.4803
1828 1.724702014729767 49.78235400670675 199.4803
1829 -19.10822987591924 48.13180509274271 199.4803
1830 -37.11943401447828 -24.28814083424976 199.4803
1831 -36.39369766620604 -6.913297866622694 199.4803
1832 -55.06588095503553 0.5483336056597619 199.4803
1833 -35.61579505186425 -42.05185039173376 199.4803
1834 -18.81755817475497 -51.90759570446004 199.4803
1835 -2.544473344550887 -100.5233957099363 199.4803
1836 26.6067218566886 -94.79848145856324 199.4803
1837 99.8370865253795 50.3239941639852 199.4803
1838 31.29789062994785 10.88696631703309 199.4803
1839 23.1308682418688 22.12930624658777 199.4803
1840 6.397874273131499 19.8436031818823 199.4803
1841 15.50272659943682 9.339195349189799 199.4803
1842 19.76062484493075 -4.355362751981304 199.4803
1843 26.93414698131049 34.55509098285739 199.4803
1844 -81.36006666422207 -33.61277982039788 199.4803
1845 -58.59583084699243 -96.42576512520748 199.4803
1846 -11.44085004875826 -23.92036070778561 199.4803
1847 86.21985884257164 99.66918344435636 199.4803
1848 -44.36018524058715 26.47647734520401 199.4803
1849 3.081396260495451 -41.59373353389807 199.4803
1850 2.836799559367064 31.30722454734086 199.4803
1851 41.87644777267582 94.33183453424039 199.4803
1852 13.32929118862196 85.95946821579227 199.4803
1853 101.7499117847247 -5.687528187610282 199.4803
1854 -7.685426309136121 14.96362921704659 199.4803
1855 52.45751741705823 -9.053838320624786 199.4803
1856 -93.37286487389775 -65.28368548108617 199.4803
1857 -36.78309846820534 79.4527073210707 199.4803
1858 -13.24090209939717 91.74332072982342 199.4803
1859 24.9995038100886 -30.52774771760425 199.4803
1860 16.13354297048367 -24.85297789089518 199.4803
1861 -96.60477361214872 25.95571903741981 199.4803
1862 34.87694403979719 -19.90801159991195 199.4803
1863 26.86910930746965 -11.43141101686621 199.4803
1864 -25.24231133165059 -27.99694710014037 199.4803
1865 -20.25490526608358 30.55209995866132 199.4803
1866 -31.64443573964581 22.77927378824315 199.4803
1867 -25.0331987342694 12.3817315989908 199.4803
1868 98.36127067607818 22.3634115936919 199.4803
1869 98.9029704911685 -95.71630906918224 199.4803
1870 -11.24692510528771 -42.14707659763689 199.4803
1871 -4.01296707439435 -18.86924504931158 199.4803
1872 -28.05665561403401 -98.90719211348789 199.4803
1873 -27.4621450638013 -14.0577183185569 199.4803
1874 -39.16011634336349 -13.34068955009336 199.4803
1875 4.152051601597098 -30.44160261971181 199.4803
1876 -51.36061218515874 109.6288371746868 199.4803
1877 70.68155799787731 -54.77534657748103 199.4803
1878 -68.88947393025238 51.15864780659711 199.4803
1879 -29.65339988456898 0.8639808574648326 199.4803
1880 -27.22579876569887 -5.791412002120848 199.4803
1881 -99.36755894471476 85.22831100667327 199.4803
1882 27.54176809722399 0.6083870734509318 199.4803
1883 38.53687170537125 3.246824071159835 199.4803
1884 13.74901054725911 24.51641622904268 199.4803
1885 27.53432227568594 -23.50070590207667 199.4803
1886 22.27817648840719 -41.3287381723953 199.4803
1887 57.30222629364046 35.90279341411653 199.4803
1888 19.60135433810584 28.08515138252606 199.4803
1889 -72.89033719928726 3.513886650037242 199.4803
1890 -23.7910228493277 24.82357114650027 199.4803
1891 -96.22197077215992 -103.3903902139427 199.4803
1892 81.26436845452658 -69.03639362980434 199.4803
1893 -82.78243411037393 67.75801425315989 199.4803
1894 80.97727508271262 70.25531286628492 199.4803
1895 104.0969297978627 80.02638677240454 199.4803
1896 61.69611608411231 82.8792021150426 199.4803
1897 64.35092456314341 103.8141989124062 199.4803
1898 -4.365476374990056 -78.08306371082155 199.4803
1899 11.73750993999065 -82.10063716092759 199.4803
1900 29.231616390274 -71.22850882386498 199.4803
1901 75.11266778302696 -8.824033961657708 199.4803
1902 86.10631232475336 -26.78428555078072 199.4803
1903 -75.75077493009933 101.7315323532436 199.4803
1904 -51.51844950154345 -73.30598930178226 199.4803
1905 -70.32223002818364 -70.84263273324275 199.4803
1906 38.03531581379425 46.93329889514654 199.4803
1907 38.76506181156655 72.06753755733742 199.4803
1908 30.92235205906236 20.48424529692242 199.4803
1909 24.95241909716955 15.08331730843986 199.4803
1910 24.33252202901323 8.264679482798684 199.4803
1911 -10.13146863331986 -32.97412060739357 199.4803
1912 51.44546289546121 -102.2346824216336 199.4803
1913 -5.965807805444819 -63.21389939935103 199.4803
1914 -103.0598626876073 -43.34682811899707 199.4803
1915 10.73909432461841 -28.11500005757184 199.4803
1916 8.610039195626987 38.11813450959482 199.4803
1917 -0.7547626924996255 37.30503143882254 199.4803
1918 38.23363142320985 16.08163224403609 199.4803
1919 10.11815489463066 30.44784812578155 199.4803
1920 -41.50401101554724 3.811083933917907 199.4803
1921 -77.16611616748962 -52.74278060868503 199.4803
1922 28.22701102321764 -5.272442831088269 199.4803
1923 -29.44273111974525 7.787373135301891 199.4803
1924 79.8527178224 30.62766251446031 199.4803
1925 -17.61921404470286 37.07210156994874 199.4803
1926 -72.98188703624683 -14.44249316573682 199.4803
1927 46.60817499024525 -22.62935409942744 199.4803
1928 40.59391938495189 -12.43757027237126 199.4803
1929 42.06537600973622 -4.016817127338429 199.4803
1930 -57.74820042031069 -33.84106229418772 199.4803
1931 -5.376820001697009 -26.62011793173115 199.4803
1932 -58.90212581442671 35.46323435116147 199.4803
1933 -22.57649974584049 -18.03430259696535 199.4803
1934 -77.39088545451588 33.48050563181962 199.4803
1935 27.29577322848427 -17.23053833209367 199.4803
1936 -30.09900235377962 64.21694119096847 199.4803
1937 -11.38389680268743 24.69679864071055 199.4803
1938 -46.27786974131337 13.15020342074118 199.4803
1939 44.5442280133022 -82.18358308579755 199.4803
1940 -18.08659183207568 -22.55484063784668 199.4803
1941 -3.081578156828517 26.26767709251595 199.4803
1942 -32.19332136404386 -10.13603934438639 199.4803
1943 7.38134922506993 69.0816030848634 199.4803
1944 21.75411931665872 74.64756738869204 199.4803
1945 73.94594456404216 -95.41656915011542 199.4803
1946 -9.440331963107763 39.36737334555169 199.4803
1947 32.24519919503999 -12.09808387614291 199.4803
1948 53.49838541252802 -39.96984151758733 199.4803
1949 18.31565179878843 -30.88140014745437 199.4803
1950 -44.00974352144089 -5.412651355578518 199.4803
1951 -31.29860193786312 15.04962635157988 199.4803
1952 -38.9025828581232 18.02386584359145 199.4803
1953 21.86451595678508 -24.78116195424734 199.4803
1954 20.64280403315272 44.55510867934314 199.4803
1955 -17.09020807338805 -29.38616931807523 199.4803
1956 31.96866496599638 5.176730371279788 199.4803
1957 33.4200176764589 -0.7716689471883512 199.4803
1958 36.68291965796308 8.825194230424543 199.4803
1959 17.1823618960992 18.64676072753677 199.4803
1960 -17.93356544241729 25.28512545384738 199.4803
1961 -28.5351476682832 -20.81250743608511 199.4803
1962 -34.17449692600339 5.083394237351278 199.4803
1963 -25.98915997502548 18.65012278680034 199.4803
1964 -13.72497728095647 31.65630869378991 199.4803
1965 3.363269191713839 -56.55978006645027 199.4803
1966 27.53177672576418 26.46353649833843 199.4803
1967 64.3645237235696 3.046544311169168 199.4803
1968 -3.764249511660956 -38.84180779317393 199.4803
1969 -51.55908196346404 68.18069836387907 199.4803
1970 53.89479629820867 -62.70959210062638 199.4803
1971 0.9802197197508825 -25.54438969220038 199.4803
1972 101.4485480166084 -73.18604181306227 199.4803
1973 73.11744608197301 -38.31259666091957 199.4803
1974 82.71065170376417 9.004007919872478 199.4803
1975 -32.86254697598965 96.74225641398182 199.4803
1976 -35.2486570872835 -0.135971114276351 199.4803
1977 -32.88513409715492 -16.5486973574653 199.4803
1978 75.33132063361589 49.3339095042633 199.4803
1979 22.00646018900463 -57.84814451423673 199.4803
1980 -36.23135938842356 -62.49074234828521 199.4803
1981 1.789693050326022 -35.64246306345646 199.4803
1982 -3.476122064219821 79.5968586261711 199.4803
1983 -78.76616095262568 83.43568459486241 199.4803
1984 51.40888644225782 22.14002934850447 199.4803
1985 -21.15132332417247 79.45959506777389 199.4803
1986 -32.14297495356025 -4.422547893988289 199.4803
1987 22.13645002360861 100.8376162787675 199.4803
1988 2.821055867672407 104.6521121248138 199.4803
1989 -95.844267148775 -23.6907349223835 199.4803
1990 -22.1857363188376 -9.666176216592728 199.4803
1991 -49.41337544389727 89.64907820013393 199.4803
1992 -2.021444348390786 31.81651049634048 199.4803
1993 10.67617709562754 -42.43670101277519 199.4803
1994 5.966090079641472 -25.84056398323643 199.4803
1995 7.386248262502027 -35.65204589657094 199.4803
1996 27.90376337170566 86.62319125858043 199.4803
1997 108.9184800054503 -35.57179731439812 199.4803
1998 67.20749861928884 -66.31009853028499 199.4803
1999 -69.02299304908701 66.72070054649161 199.4803
2000 18.41848619397022 23.35406808391522 199.4803
2001 -18.29471002403271 -85.87204438253343 199.4803
2002 -35.62238389569863 -80.92801042585432 199.4803
2003 -81.027900728091 16.69263643325635 199.4803
2004 -85.79611548620822 -83.80827841690717 199.4803
2005 5.125638912438663 -48.30901970537995 199.4803
2006 31.3515733023474 15.63404029160787 199.4803
2007 -3.180635410697256 1.752540147294381 183.75
2008 -56.15122704313347 -54.81635361368776 183.75
2009 -65.95400682652178 9.197315371951483 183.75
2010 -23.19953385481433 61.96185798933467 183.75
2011 55.31086978111953 52.65127014394914 183.75
2012 -79.45393092052018 63.8954037227626 183.75
2013 -50.90271326753674 41.5113327965059 183.75
2014 -79.15140470647557 36.21468876505551 183.75
2015 14.61505053817167 40.63747664922641 183.75
2016 49.27877256662817 3.099302571799429 183.75
2017 34.17933518857708 -59.10400962522748 183.75
2018 -11.99135458696781 -43.05758245078631 183.75
2019 -37.94569739829692 -18.43901300998336 183.75
2020 -76.60489310619431 -24.32367321679822 183.75
2021 -29.94270693842403 12.7083615989578 183.75
2022 -14.7101730586064 36.08080271470306 183.75
2023 -50.76233709795143 69.1898759073314 183.75
2024 81.29785767700243 -35.25204340213278 183.75
2025 45.53660119632566 -31.39677728404891 183.75
2026 74.06171154111351 -85.99353193423617 183.75
2027 59.82148067461652 -59.3362313158431 183.75
2028 90.2732731901072 -60.43040209908782 183.75
2029 49.79810494536604 -82.15185921044231 183.75
2030 -3.221174899439201 -90.60545854195307 183.75
2031 24.20330652543029 -88.43590704821656 183.75
2032 6.216661774365003 -65.93929326328019 183.75
2033 14.36919132697286 -39.38745725461979 183.75
2034 -19.28764217545105 -68.88889642580864 183.75
2035 -59.55129461766104 -9.361855803624033 183.75
2036 -80.18635643487656 -5.109734416612087 183.75
2037 -89.48889163792938 15.30959259124273 183.75
2038 -32.36038082439631 -51.29693541945242 183.75
2039 13.92876904661408 87.26686568674056 183.75
2040 0.9589847492138934 62.25236674619527 183.75
2041 -15.09795406022832 89.56446535618636 183.75
2042 -29.80794299503016 81.14881241728071 183.75
2043 26.71983823431954 62.77649259400164 183.75
2044 50.37692497688462 89.97418523262257 183.75
2045 62.52872227182826 -73.68984698295499 183.75
2046 63.4460553169861 -89.93322785696571 183.75
2047 -50.44441762244356 -98.03874268124653 183.75
2048 -25.04305302937686 -95.51252520475745 183.75
2049 92.33459876258365 4.980441359869377 183.75
2050 70.38767741290822 -9.361342574546999 183.75
2051 92.96924837667294 -22.47301633596943 183.75
2052 103.2883957400333 -33.05245362372782 183.75
2053 70.54102702283258 30.14719781230452 183.75
2054 73.04126042076845 8.28933912276711 183.75
2055 84.72286133300217 19.81655862036483 183.75
2056 99.45158556374651 52.05373356423248 183.75
2057 -35.97307706064939 67.26068944744071 183.75
2058 -43.62796291951449 78.34157092211603 183.75
2059 -70.93483442353656 96.50050726629605 183.75
2060 -48.77626643280231 106.563350246454 183.75
2061 -66.89906425580899 77.98029046276039 183.75
2062 -66.38726608548551 63.39549028352805 183.75
2063 -86.41565310615631 82.48613653327507 183.75
2064 -70.11826620836715 48.72055655599463 183.75
2065 -91.65433330976062 49.06587746172776 183.75
2066 -99.95915681906699 31.54052129784163 183.75
2067 -95.34237571641189 66.15610120108687 183.75
2068 -55.92475660439801 80.67188964246131 183.75
2069 -6.771139802120399 -60.06285102895345 183.75
2070 -4.640550045253236 -74.37059867706189 183.75
2071 9.9711523311785 -80.5151112996169 183.75
2072 77.21806517647167 76.51314372124136 183.75
2073 19.82928205475205 -69.27459692760289 183.75
2074 -42.04816227677927 -75.75885742188248 183.75
2075 46.45028801274364 34.0946133040481 183.75
2076 75.90627446424335 -68.60629952159977 183.75
2077 96.58293577606757 -75.64555959104176 183.75
2078 33.58210159375157 82.87608747831243 183.75
2079 19.74255011491128 -56.53430427896119 183.75
2080 -96.15616114498683 -60.83350863468463 183.75
2081 78.22206787589306 -22.16713505066739 183.75
2082 -26.46882087826468 100.2336807192404 183.75
2083 35.20872048285212 -75.78595772783467 183.75
2084 39.3974940981925 -92.25756939152193 183.75
2085 50.97302296289811 -65.04467555217789 183.75
2086 -65.59666150006316 -77.26345725311197 183.75
2087 -100.8197173158667 -99.1747544550346 183.75
2088 -73.65903576455922 20.4978830288741 183.75
2089 86.21535406128325 39.19215938129756 183.75
2090 73.90207873673542 54.84832305517949 183.75
2091 74.82960441406188 -50.84992641111768 183.75
2092 91.2552308889357 -48.44458193965867 183.75
2093 -56.45652997330999 -30.4738157364548 183.75
2094 11.2661593155156 -94.86689287206093 183.75
2095 76.15223485767625 42.3766543254083 183.75
2096 59.39084000780223 -37.93012261299427 183.75
2097 61.6057026130252 -26.18857776405649 183.75
2098 -75.05187008414777 -46.9413937077567 183.75
2099 -97.09718598627457 -35.7931827416062 183.75
2100 -97.55093145214394 -19.62371041872289 183.75
2101 -100.0518937058029 -4.469418516921717 183.75
2102 -77.1000716377347 -62.99592701713546 183.75
2103 47.54159982771314 -51.26530601293879 183.75
2104 1.98390641551375 79.30896550818002 183.75
2105 -5.860715433614921 97.94521114811448 183.75
2106 -10.75115389832084 70.88603700719725 183.75
2107 12.08738907062775 72.68875321149024 183.75
2108 -20.38762663797674 78.13943029760135 183.75
2109 -12.42035522084889 55.1994086345404 183.75
2110 13.80959870854591 56.7831966464375 183.75
2111 21.83458161417721 79.3679218942298 183.75
2112 82.85827123280944 -1.364956263800968 183.75
2113 80.62320479388207 -12.23963667994781 183.75
2114 70.15463153996365 -0.09501795017744877 183.75
2115 -45.50320544112508 0.1829070446728117 183.75
2116 74.87562970395935 19.74295193956914 183.75
2117 -77.63732862639597 7.477857902761929 183.75
2118 -68.75848176285945 1.486848144128846 183.75
2119 -86.40209155489779 -84.27637656127959 183.75
2120 -74.83990114145233 -96.78611426514726 183.75
2121 -29.36727726421136 73.91440693028116 183.75
2122 -15.49610293174118 -84.32022266706595 183.75
2123 58.36974745183603 74.14017934827348 183.75
2124 43.32506364950769 68.65896103697537 183.75
2125 66.73398441839515 89.5493636063506 183.75
2126 68.22035756175077 66.40628895669464 183.75
2127 96.77122902887464 103.8037989077325 183.75
2128 81.21299162256264 65.34490348489865 183.75
2129 96.45097208638121 77.11242173074842 183.75
2130 -111.248711861101 51.09441626142576 183.75
2131 -29.02018154897844 -78.98692336866854 183.75
2132 -34.33240508633288 -65.05421688637195 183.75
2133 26.04162089102077 89.60667907398241 183.75
2134 51.19260100628856 -14.70663998549926 183.75
2135 57.01031959443462 18.94837998089213 183.75
2136 -78.69298636727186 -75.18554827737825 183.75
2137 -56.72625984557543 73.31294156489527 183.75
2138 -45.5583553258091 58.98647975403642 183.75
2139 -78.36061239642342 75.5123549821585 183.75
2140 46.629673852687 81.0525161520483 183.75
2141 39.79474865960676 76.16294761226541 183.75
2142 -59.81528017582674 27.54797965636409 183.75
2143 -64.84273062753812 38.76951765935521 183.75
2144 6.66790040318387 -50.50495164023073 183.75
2145 -85.45827660205057 28.79296734600352 183.75
2146 -37.96344339578384 -88.49456121159851 183.75
2147 24.88502929587986 16.37378396018752 183.75
2148 25.77586419140048 -8.294577449296561 183.75
2149 19.54495397939922 -80.90334840556186 183.75
2150 11.42517231719489 -73.30455525545307 183.75
2151 13.56469559159525 -64.48059571320651 183.75
2152 2.981687260486784 -73.29222126764907 183.75
2153 84.58880450367192 -27.39734116581305 183.75
2154 96.89428860112218 -102.5328390570418 183.75
2155 44.00565761858124 -72.54538889454159 183.75
2156 71.60366797517622 -29.74153446996618 183.75
2157 12.57457677737539 106.263904012778 183.75
2158 -20.87378245544927 -77.75105112917498 183.75
2159 68.12590285067513 76.48201245773171 183.75
2160 48.71670804232357 74.24641402685029 183.75
2161 -27.32226604409091 -71.2914693184749 183.75
2162 25.77109045728687 -77.38377554789444 183.75
2163 107.6513609662425 -55.78174523233566 183.75
2164 75.69937029852441 -4.186462006316868 183.75
2165 -13.1253149069397 -19.43392354522141 183.75
2166 -24.67745340848172 -5.06217994817694 183.75
2167 0.8682849776608873 -28.46643903202143 183.75
2168 16.44064715136465 -21.94643980243518 183.75
2169 -53.40514803005996 -69.66951930077818 183.75
2170 -66.49706880913841 -66.61318945708398 183.75
2171 -45.60819650665319 -61.41619077477943 183.75
2172 -53.17980483924159 -84.08647445944148 183.75
2173 -69.13002651130461 -56.44583818045014 183.75
2174 -79.45128190441649 -57.05722190815911 183.75
2175 -95.35807285968208 108.0660933359945 183.75
2176 52.96710666983693 80.23381732512983 183.75
2177 -69.02291930362401 -12.63068795461969 183.75
2178 -83.29589067053639 -16.85571726667059 183.75
2179 -72.85518673831751 -5.190281132918563 183.75
2180 -100.3193843390972 -78.28727383590527 183.75
2181 53.93233356058942 -74.81296453083137 183.75
2182 84.13611833619558 29.56645823215702 183.75
2183 96.23800186093186 28.63825587260708 183.75
2184 29.73199915234933 74.36449102324458 183.75
2185 -10.89331977363086 81.66654061171454 183.75
2186 -3.44252779702873 72.0617766478556 183.75
2187 4.939854446188321 71.91800387729546 183.75
2188 8.392827082858199 79.24979033088745 183.75
2189 -31.00748098169633 45.80875735916224 183.75
2190 -81.53613626565979 44.29992539639365 183.75
2191 -80.99918457694316 52.3683716679684 183.75
2192 -70.56862627327762 56.63170898352845 183.75
2193 -73.99834649759023 41.93748284249207 183.75
2194 -60.97350207075792 53.35416399338911 183.75
2195 -14.1547546672281 76.77050249137953 183.75
2196 -18.7564769467234 70.80899123199606 183.75
2197 40.79418920888885 56.88424300306676 183.75
2198 14.42302539526948 -85.15269360885992 183.75
2199 74.97661278453924 -15.84440954411003 183.75
2200 -57.65037814050838 -77.36983053703739 183.75
2201 0.9704557013193642 -81.5520871737986 183.75
2202 59.99126208330088 40.32193558002817 183.75
2203 -12.79811890701264 -75.78898896517109 183.75
2204 74.07675185770825 -101.6864202175933 183.75
2205 52.96962726972885 -106.8757802042181 183.75
2206 77.36547284770198 3.134762148904086 183.75
2207 82.22896611677253 10.89278701528259 183.75
2208 -5.311315408718631 85.53423994645482 183.75
2209 2.626694340530496 85.86101452407547 183.75
2210 -43.52304831928616 70.77926111574601 183.75
2211 -87.50923000161693 -46.40728562385508 183.75
2212 -82.81796462383802 -36.5541165487134 183.75
2213 -65.29601531115058 -37.0513822706566 183.75
2214 -65.77988364254112 -47.75067357784123 183.75
2215 -87.69895167973461 -71.60091735437571 183.75
2216 35.72057389252609 103.3844931540728 183.75
2217 -49.57131429403541 -76.82683392031296 183.75
2218 68.56258837830094 -40.59983807245566 183.75
2219 76.40796317252801 -42.45366475843259 183.75
2220 78.62603228783075 -29.19884370239222 183.75
2221 -110.0685713278188 8.597648096809813 183.75
2222 84.16581184728989 48.44822944215459 183.75
2223 82.74918681092035 57.37997034751515 183.75
2224 64.90868979418013 -48.38870655141282 183.75
2225 -49.8848147777266 75.82697198825107 183.75
2226 41.61355125616486 -81.13398839584018 183.75
2227 -24.13611168153644 -84.49306101746274 183.75
2228 -17.85467864057077 -55.59882301161581 183.75
2229 -25.60578071240035 -63.41317307188175 183.75
2230 -68.13293592582735 31.07422690972957 183.75
2231 -77.13067699684314 -11.24088065279134 183.75
2232 -88.02814732454652 -8.691107777924483 183.75
2233 -1.7658408561713 -66.59458961062346 183.75
2234 1.446181268795691 -58.96446113653437 183.75
2235 -34.81380428593351 -73.65455502894358 183.75
2236 22.64580264100307 71.23971522768288 183.75
2237 88.81385819130455 64.93462160129147 183.75
2238 -36.6978361721135 76.42594421086815 183.75
2239 62.85969346020702 6.84743007353077 183.75
2240 -86.31247102570366 -26.74923150903555 183.75
2241 71.12639160304985 -75.95309677712692 183.75
2242 -10.7317141856516 -67.61355106526987 183.75
2243 60.74247902545343 81.7557918658545 183.75
2244 -74.43298045145505 -32.61278399666882 183.75
2245 -67.52681603378801 -27.5236649534743 183.75
2246 0.1032740847530665 20.92886491030784 183.75
2247 -14.18506637434194 19.12559646463863 183.75
2248 -24.44363306833199 -34.41374827582331 183.75
2249 81.93941748374289 91.57034227385688 183.75
2250 14.7848582436788 78.45917155349073 183.75
2251 -7.828359063399516 65.15961135153655 183.75
2252 -70.42163040174358 68.30874318982396 183.75
2253 -48.74452387963409 82.66629277695642 183.75
2254 -39.21166199216616 88.02760752376416 183.75
2255 -75.25610762415994 28.54908371121441 183.75
2256 70.94744910292671 -22.48940954459867 183.75
2257 -62.6593817257636 -86.16780537723267 183.75
2258 78.47524402994817 -60.37024067207833 183.75
2259 65.11405961989328 -15.64736897970237 183.75
2260 -76.03420885810922 1.092870564444317 183.75
2261 -84.65482049237906 2.77467110821405 183.75
2262 77.14837190186401 34.06962485122671 183.75
2263 68.56745097396015 37.3075523009651 183.75
2264 61.56898977205142 30.0197159183209 183.75
2265 75.43379800424297 69.84654862140569 183.75
2266 68.24602539901871 47.79881225444413 183.75
2267 66.78301908059009 58.03526901955519 183.75
2268 60.30187956911509 64.53003637410588 183.75
2269 51.21380311502245 65.23007307659806 183.75
2270 -63.86448324000613 84.18352552546179 183.75
2271 -54.88476290889056 90.06166391426734 183.75
2272 -87.15390709761135 38.11364881179581 183.75
2273 1.108370305925742 48.33842423026262 183.75
2274 28.41942199344344 46.84008913011437 183.75
2275 83.68549652228324 72.3212930514544 183.75
2276 67.32868137320253 -66.23445727245382 183.75
2277 41.96194564547785 -64.54878861135266 183.75
2278 61.7675098689006 107.0837439152083 183.75
2279 74.71690530280036 61.97688391420814 183.75
2280 9.653519423212197 65.94774029727478 183.75
2281 -72.45355102499889 12.93486751846824 183.75
2282 -66.20291188603737 18.18936647702263 183.75
2283 -26.59698707437286 27.65414533596729 183.75
2284 -43.1395080187956 24.54720854237472 183.75
2285 -73.1629864555904 -82.53900651609027 183.75
2286 -24.68517975107948 88.77954498293028 183.75
2287 -73.06209695395989 -69.18564219040751 183.75
2288 -74.29581890579347 -40.18000455990193 183.75
2289 35.51574438181091 67.20070734456847 183.75
2290 -85.34086083153028 59.88815759558231 183.75
2291 -84.12312555860709 69.36333197964736 183.75
2292 9.648075050828107 -58.99933660919572 183.75
2293 73.84490947943635 -35.26677691180902 183.75
2294 -11.51403401521639 -32.66420266666826 183.75
2295 -73.06920379873731 82.09273697928583 183.75
2296 -41.95577324015646 -33.71228286208626 183.75
2297 -62.28592569777525 -20.05431451056735 183.75
2298 58.33004522888672 -67.84862974848242 183.75
2299 -108.2341355905585 85.64559325098902 183.75
2300 77.27804615923621 25.82772705522778 183.75
2301 -75.25432494623382 -17.20135996949416 183.75
2302 29.61665780648384 -68.86033329011497 183.75
2303 61.57431479967187 -5.29383446540279 183.75
2304 15.16415985926311 27.12191172725449 183.75
2305 83.25695314156809 4.453783640718666 183.75
2306 81.50074455299367 -77.49310008041999 183.75
2307 84.99928057098171 -88.94343995181019 183.75
2308 84.44700282648273 -68.5822545283944 183.75
2309 33.23883256398533 -82.99943962226156 183.75
2310 17.04440784829504 66.86982912457781 183.75
2311 -4.949645328565884 -51.54282954120351 183.75
2312 33.17241791072644 4.312713452210805 183.75
2313 19.1871365906189 3.079015894009911 183.75
2314 -1.194780613715882 -41.06830797910042 183.75
2315 -6.950149203271675 -81.4876565756884 183.75
2316 -59.80451250108106 1.995468517782669 183.75
2317 -56.60008718605617 14.01152441473278 183.75
2318 -76.33976917398238 48.04677377738325 183.75
2319 82.98329405171873 80.17611914722006 183.75
2320 75.62251898971459 83.36339495879932 183.75
2321 -74.13371262853587 -58.34819706744767 183.75
2322 -33.49779213700341 58.6654757152025 183.75
2323 -0.4278940489858348 -108.6839817437501 183.75
2324 -45.02607954410902 -83.73452806173619 183.75
2325 83.2278646529666 -53.75803063101821 183.75
2326 -82.18978984208955 -10.16005732192752 183.75
2327 69.67497049354768 -57.66312491848587 183.75
2328 57.14826068685149 -82.56065535770492 183.75
2329 52.55578233093149 -90.29684044113412 183.75
2330 -36.4797441111081 -81.01645271900423 183.75
2331 -64.5206877072231 71.48024842525517 183.75
2332 -57.76550219381058 64.97811508141783 183.75
2333 -73.41505461206317 63.25483343283911 183.75
2334 45.84123315766372 -86.46006435973463 183.75
2335 -72.00177419224624 35.57343345392853 183.75
2336 39.86445027284557 17.90473519714696 183.75
2337 0.9056038774825316 34.35823061912118 183.75
2338 6.518932396298071 -86.33040648540799 183.75
2339 -61.49946069270892 77.7305483429967 183.75
2340 -71.90450118743277 6.565819166755554 183.75
2341 28.68131149365846 -31.33770477664414 183.75
2342 31.41412429432734 -45.90513428575583 183.75
2343 -14.59117579682139 64.80318124292099 183.75
2344 -61.37780210723819 -70.48457038611882 183.75
2345 -58.89343019998415 -62.93100485718828 183.75
2346 -67.62873234024408 -71.7494871503154 183.75
2347 -25.36675363310778 77.84164183886242 183.75
2348 63.80396606354552 -80.32253916253117 183.75
2349 -6.971590367678187 27.62337367719268 183.75
2350 -79.36352185904629 15.68096316344377 183.75
2351 -80.02168860616803 -44.0924670790853 183.75
2352 -80.43355941544395 -50.37953495519938 183.75
2353 12.4419041027446 -9.187526517434387 183.75
2354 1.306515142385808 -15.70933702913348 183.75
2355 28.2831484843693 30.38300754216835 183.75
2356 -40.28400529869187 -69.25297439680091 183.75
2357 68.78470650237706 15.18572012755031 183.75
2358 68.21986323876112 23.4792679055194 183.75
2359 17.67940788355637 73.72507820229428 183.75
2360 -84.36517052283106 -62.71635663547241 183.75
2361 -85.58308059785905 -55.47878155147411 183.75
2362 -75.0469123213515 52.90753242406748 183.75
2363 66.00829620220146 -33.76223170981011 183.75
2364 -51.44551046076999 -19.13927124790851 183.75
2365 -80.05637444281335 -30.04386265553685 183.75
2366 36.79270215198326 -68.91169578302893 183.75
2367 12.38152408744526 15.28537713089716 183.75
2368 -46.18336528124394 -70.58487516291078 183.75
2369 -76.18811416640605 69.13998334393135 183.75
2370 -73.99672236439829 -52.82047656614236 183.75
2371 28.03117694177627 80.9275650116515 183.75
2372 -30.49538386992125 -85.71494769105209 183.75
2373 76.85409278039052 13.77035312615304 183.75
2374 -17.99646553298624 7.131079565678466 183.75
2375 -29.38606649981362 66.23837960351476 183.75
2376 -51.58396341587493 -45.3160930183684 183.75
2377 -65.99847898470861 -4.740101645850155 183.75
2378 72.79254708520824 -63.18223643735379 183.75
2379 74.76758711031296 -25.82739049981352 183.75
2380 25.78158986836311 -105.4876298893548 183.75
2381 63.70530757572195 70.56389121545497 183.75
2382 -25.04802469551258 -19.33721619480125 183.75
2383 -71.63272056742524 74.23764942900601 183.75
2384 -70.99044816114949 -62.42152632001876 183.75
2385 18.49986761618811 -75.73147776434678 183.75
2386 -23.75415733288178 74.01878764681116 183.75
2387 77.01526559252756 49.05068238718918 183.75
2388 84.21152688081672 -41.83049307991848 183.75
2389 90.10790973773084 -35.3651407944313 183.75
2390 81.959142959247 -47.61376488123548 183.75
2391 84.03895528314402 -18.32427917326224 183.75
2392 70.95743356672716 -45.507834913275 183.75
2393 14.77283432784604 -79.12143726676771 183.75
2394 -68.7487870093658 24.93112006778561 183.75
2395 -71.62869272342589 -75.18462827746067 183.75
2396 -8.774188976373235 76.04881329727216 183.75
2397 38.97877875980716 -6.924175290693874 183.75
2398 -4.629188745657643 78.85920972821388 183.75
2399 76.1043587590504 -10.00600230933457 183.75
2400 -79.94613006347753 22.62903652232492 183.75
2401 59.35332064570367 -77.84650150850561 183.75
2402 34.43430063314082 -19.10105243143632 183.75
2403 5.565197578455273 -78.08170854375076 183.75
2404 5.72948447518762 -81.71120729689977 183.75
2405 -80.20143908873705 -68.33179804338681 183.75
2406 -66.01971242622345 -60.94036400758787 183.75
2407 -63.19485596463736 -56.57684684735105 183.75
2408 -77.47076158928098 58.15766797112472 183.75
2409 69.22104534496155 -81.95190672150095 183.75
2410 -82.55334040503978 10.80816933775979 183.75
2411 47.30128604893522 -77.68970732369559 183.75
2412 79.9284318220201 -6.940012206873839 183.75
2413 88.56480052445845 -9.632250519107233 183.75
2414 107.2266244706175 -11.06663273882193 183.75
2415 36.71369510079853 91.56858449822101 183.75
2416 41.18505496749667 84.6337534336073 183.75
2417 -24.8927023796889 69.38848468038756 183.75
2418 -17.40248620486027 83.22027143371901 183.75
2419 -23.5252733942682 81.8607264684362 183.75
2420 -70.08455166284291 -20.6260199897 183.75
2421 -8.448678393049674 2.838747632212789 180
2422 55.09668331790741 58.64520414753125 180
2423 65.55960779462649 -12.55252134807109 180
2424 23.23083016601018 -60.10613516863637 180
2425 -53.42491248435193 -56.01679863301127 180
2426 78.15166286194466 -62.87856163539528 180
2427 50.73468059534862 -41.68871092764311 180
2428 -65.76459324705745 8.120639054726515 180
2429 -28.64865459199212 61.46451761128642 180
2430 -75.8466273671087 62.7207367152488 180
2431 -50.08738385044477 41.53430501693998 180
2432 13.72606175104384 37.83035777059581 180
2433 44.09117958357276 18.39312965919173 180
2434 86.77067829590791 28.7653144960622 180
2435 -11.80774186499975 -39.17918285075859 180
2436 -41.07957643098286 -21.06994606777562 180
2437 -85.59931853312324 -28.20880723233647 180
2438 -80.11080475677579 35.43432000348676 180
2439 16.43305496297747 -31.99325897323312 180
2440 79.965313104274 -37.05643591557487 180
2441 53.19424769916092 -104.8070849836141 180
2442 -51.46205938518548 107.1471660809079 180
2443 -14.39445915777609 -86.81110071718703 180
2444 15.898522631572 -98.41982527012061 180
2445 -2.128792141606837 -63.62657901496578 180
2446 -29.69304426080913 -62.47604793018358 180
2447 -53.1831726595388 -95.07927403323853 180
2448 13.77990103474664 87.14557202118016 180
2449 -17.06906512938946 96.91451941934208 180
2450 2.363449450259884 62.49392999455009 180
2451 28.39342054929167 62.35480102406194 180
2452 56.83465817054181 98.8332735573202 180
2453 38.52382092483663 -10.726434561746 180
2454 -12.16498222024566 40.53187799983622 180
2455 61.05904572225115 11.67268241033652 180
2456 88.65016762327762 1.956982047704046 180
2457 86.30702837482266 -18.9081915316451 180
2458 63.30279137527967 34.58504523487589 180
2459 87.01276938066027 55.12707232604856 180
2460 -66.81023599761696 -14.21211739897877 180
2461 -90.93193644075033 -4.697650491633775 180
2462 -66.14267537032748 -36.72169226323891 180
2463 -87.6980725237357 -64.35657918369517 180
2464 -84.50751344731026 12.84594536793503 180
2465 -49.9836947891987 69.07895857910158 180
2466 -68.50866148805592 83.12548611517691 180
2467 97.71346402285923 93.71952683496738 180
2468 -37.73773491967378 84.64519760772303 180
2469 -82.2028617481661 -45.15634994657332 180
2470 -107.7382708175453 -45.40149321912549 180
2471 -31.99317830128 11.34239337462573 180
2472 69.72180454352294 76.65889933654206 180
2473 49.9952100105915 -70.3612680821165 180
2474 67.97293076036119 -79.90920015036933 180
2475 36.03110641607306 -86.13634458006476 180
2476 13.62500254422991 -48.18647297459824 180
2477 -66.76028136641145 -75.43828999955986 180
2478 -100.4346758989889 -97.24091253108631 180
2479 107.3945705659951 -48.35713833274513 180
2480 -72.36840846129492 -58.76644848184287 180
2481 33.38152061634142 81.38465115835459 180
2482 -65.12398488016851 68.19291577106409 180
2483 100.1180537180435 -86.70666985023956 180
2484 -107.7942767712012 47.59061108707046 180
2485 63.37664141820743 -70.06035974530508 180
2486 78.2104285497082 40.55511852815724 180
2487 95.86598064489942 38.19299175607235 180
2488 -100.3173543149034 84.38214066224936 180
2489 -32.88354841532006 -80.73787154263584 180
2490 4.747587656398531 -85.16062720231729 180
2491 19.02938362495566 -79.27833633096846 180
2492 -6.913558169118384 -101.2435104648781 180
2493 50.75365527412148 73.65598701699584 180
2494 -34.63768621940734 -42.89491689169546 180
2495 68.18782166974998 -24.23567421223288 180
2496 89.52950500593458 75.08284988273891 180
2497 36.53263432102926 -66.47076005163923 180
2498 -15.74574899601966 -71.02878547237594 180
2499 -71.23002497346128 23.1621066671245 180
2500 5.88193612818209 -72.0398673271484 180
2501 -52.12891580275661 -3.446392536676326 180
2502 -38.67327435334572 66.88086879399417 180
2503 -5.054551448560759 85.2138309792156 180
2504 -23.3514988231877 78.036055890543 180
2505 3.542442957448184 101.7722242859349 180
2506 33.02121478870813 41.03567246438107 180
2507 -72.98811319107509 -97.16331221048891 180
2508 102.9471314261719 61.25031638422338 180
2509 52.1457151502667 -1.611498867224686 180
2510 -53.47770839404124 20.99319878029288 180
2511 12.46203024825758 67.93837470307616 180
2512 53.40600811255243 -21.92231083476236 180
2513 -65.91778614949641 47.91983779653232 180
2514 -82.68508635964466 46.29950346178119 180
2515 -56.86370412599533 56.80975235759767 180
2516 -15.92065578227704 -58.72435177235719 180
2517 -74.8513241476069 -0.2024619043958922 180
2518 -81.3215301938809 -15.17589165670098 180
2519 -94.12649217133561 -18.84658263249401 180
2520 -70.63003533879683 -24.66905169714063 180
2521 81.38318547847258 11.59675696051719 180
2522 95.29316347003783 16.09380910023141 180
2523 68.03293612166114 0.05398420053498876 180
2524 66.08703003179372 -49.25719628241816 180
2525 63.95287251197701 -35.6346362326122 180
2526 82.29206827154056 -47.86965745539838 180
2527 57.31061959523026 -58.24898663516785 180
2528 -48.89111713457693 -71.87731510391625 180
2529 100.2949604168995 -29.34732030036547 180
2530 102.2219869149672 -9.18673016442451 180
2531 -7.257009961400085 71.60244527921073 180
2532 -3.146920620413823 -75.3171973606548 180
2533 -68.77374331125927 -48.3331874660933 180
2534 71.65239749267064 20.50785803197023 180
2535 -101.7496319611704 28.08679356484065 180
2536 58.99256105550132 -79.01536631615548 180
2537 49.41466744291747 -85.86597175982915 180
2538 38.46272175062443 71.28748180156241 180
2539 86.93076145676642 -76.90883564791903 180
2540 82.51128628241472 -104.8003420426924 180
2541 -57.91833291493773 -22.79172761817713 180
2542 -88.74348729553093 75.58070098973968 180
2543 -91.25007569463486 106.2535242317237 180
2544 30.96408435635943 -46.15095337879263 180
2545 44.63404564301334 -56.64515937870921 180
2546 22.70105268434688 80.47722854748397 180
2547 25.16037150233987 92.28193732053424 180
2548 -42.35155609020442 56.52299458312542 180
2549 -101.0224159351624 5.077740241839948 180
2550 -57.72946660264055 78.31724259541014 180
2551 -48.18860774310041 81.64653385889203 180
2552 -85.85349863031196 -82.45136698766375 180
2553 67.67564546378645 58.51076758985646 180
2554 63.97414886072382 47.81386754407559 180
2555 61.06078477960813 68.20291836866112 180
2556 -29.02155232015335 44.55233966392495 180
2557 75.12756355642769 98.84490203112598 180
2558 -37.37533453648457 -70.68043244458588 180
2559 75.61588319896752 -72.42063123183678 180
2560 3.377642352384552 75.01418448463106 180
2561 98.33690544697299 -66.71126043211758 180
2562 -98.42684516129009 65.54270983075251 180
2563 -32.14054253005661 -106.3186743598984 180
2564 15.03826564085055 56.07967887193832 180
2565 27.75328244797445 -74.72007923439747 180
2566 82.66501031693305 66.02764502875335 180
2567 -21.58876613197916 -78.43947989475065 180
2568 -24.41043758040743 -91.18761319043816 180
2569 -78.48700463520419 -33.81332001520518 180
2570 -77.15356542334891 73.66325213320522 180
2571 -76.7766141891876 -69.78989002869692 180
2572 -13.29397494872161 56.9303833534541 180
2573 -34.2890795569613 98.57867499497304 180
2574 -30.83014879284564 74.66574719512647 180
2575 41.83053283421351 57.48248755949764 180
2576 58.24512845804556 23.74271644389915 180
2577 76.64275364060997 -9.295690244103415 180
2578 32.9259790772737 -100.3291289571478 180
2579 -21.21128838369898 -21.54112456867426 180
2580 -0.4369980174878513 -23.03077164250616 180
2581 -67.71781899645917 57.60950239882258 180
2582 9.208149762988045 -60.84943851382251 180
2583 19.36779804474716 17.46190393449928 180
2584 -0.2931289770012456 27.92479758801419 180
2585 -19.78156888141825 26.0104281750299 180
2586 -63.0871025209491 34.89824224264755 180
2587 -90.31832509779261 -36.95117429186491 180
2588 -92.24005678727245 -52.33671375764085 180
2589 -100.7474291096424 -69.55858604118772 180
2590 60.19340159807921 77.85792028469275 180
2591 -58.19812842161496 -81.83616303811029 180
2592 -76.58419399998596 8.320494712356599 180
2593 77.84266643842736 -27.02989327642578 180
2594 76.62900197877504 31.6990228883206 180
2595 -40.58927346473379 -58.88798951075469 180
2596 -79.80987708775876 24.33917871344637 180
2597 -1.367553243194662 -51.29746212220018 180
2598 75.57487822425391 49.40647200270882 180
2599 -37.21445106437972 -91.20494011026057 180
2600 43.44461082003568 80.43980865003897 180
2601 -43.35435141637712 -81.98800859822686 180
2602 -81.59870979892412 -55.61879558676001 180
2603 90.53860403242496 64.37197090544105 180
2604 -58.52074741676192 -70.26244170520617 180
2605 -65.21302848260838 -64.17676055272096 180
2606 73.4474556322433 -42.85293303690497 180
2607 -73.14634421728485 41.26673097965814 180
2608 75.70822400261702 -53.93775780065565 180
2609 53.08343165559274 84.78911469945531 180
2610 -74.77529442216465 -81.40198939580129 180
2611 -67.07787535581241 -85.16249271236398 180
2612 -29.2270442734849 -72.65962744037168 180
2613 91.57714987654631 -41.00307242935818 180
2614 -5.966507134067995 -84.57337498950072 180
2615 3.289152876305021 -38.73742971265926 180
2616 -92.30344507609632 39.80509340772134 180
2617 79.434365842896 84.21121538477036 180
2618 -30.85056711760407 -5.924104381837267 180
2619 4.664568101333254 85.01204505560625 180
2620 93.11840765556488 -52.32857538296791 180
2621 -93.25025029141001 51.35551837625228 180
2622 78.81970279195917 74.10710544399049 180
2623 -82.84834607024155 87.30072909377577 180
2624 50.4459735559366 32.63254141393506 180
2625 -45.52974408885593 91.9744826403624 180
2626 24.37991416420562 -87.87434718240938 180
2627 29.28523444107152 72.84579059138294 180
2628 -26.59322235551977 85.68037182849824 180
2629 34.73753814106168 -27.00669969380658 180
2630 -75.06714604427573 52.2933409132436 180
2631 12.22380666736691 -78.65333225716611 180
2632 15.25584294889974 -85.87729364859636 180
2633 1.432638361656221 47.27419994715611 180
2634 78.77530339853084 -87.38366145685625 180
2635 -16.34238148115607 81.26756260540893 180
2636 69.53145793071069 -62.12924816485774 180
2637 39.71739297600315 -76.25153845179574 180
2638 -85.04193433221853 57.53959071308331 180
2639 42.89150015885628 -94.28463257016395 180
2640 -50.90669240802696 -82.69519019337298 180
2641 16.20428594857292 -70.91054044636087 180
2642 -57.08924525213563 90.50169695355153 180
2643 -71.12047307636138 100.8081004125226 180
2644 -52.33536009542049 -37.70237005066311 180
2645 85.80941198331216 -8.125980906626559 180
2646 72.84976045721521 67.12443639328663 180
2647 19.13119155541979 -9.588159760490266 180
2648 65.10822127419499 -90.2730281783795 180
2649 51.36707504381079 45.39899050749026 180
2650 65.73253756117673 86.86588754898442 180
2651 -41.08269211963285 75.38346120696745 180
2652 34.34674600453658 3.798782187589668 180
2653 -19.95394476655053 70.66111865583827 180
2654 -36.87175936465912 28.88767775540109 180
2655 33.35343844187487 -57.4302365349218 180
2656 84.35039542756475 36.66379852286895 180
2657 -64.76378095704393 -3.056929814599726 180
2658 84.57242456625147 -67.67455182215473 180
2659 -74.20499142633439 -9.44552639741795 180
2660 -74.22168735567874 -42.16993222353766 180
2661 41.54172783474776 91.08181313087574 180
2662 37.34577424363508 108.7620933995513 180
2663 -85.19590649976536 2.438243910263618 180
2664 72.1832286328162 8.939857698453764 180
2665 -84.97565076958213 67.02573498122146 180
2666 74.9079755836473 -18.40439412249565 180
2667 78.78361391335827 0.8543182927466693 180
2668 -74.59522681116945 -17.30140351485096 180
2669 21.60471856851508 71.72401840992322 180
2670 19.32201461155074 64.52783241859089 180
2671 -22.62028673276371 -68.7946390673568 180
2672 -62.66755937779595 -89.97270891785962 180
2673 85.35027321101867 -58.22670745657775 180
2674 -75.66170205482742 -50.84220878371932 180
2675 77.15561276856977 59.23927866813077 180
2676 -8.828854066717799 -68.61932721797896 180
2677 70.82781395346372 40.33671485956891 180
2678 86.39757924500394 -31.05930718909728 180
2679 -11.83983776808225 -77.85672183288916 180
2680 72.67922587133432 -33.36191453475014 180
2681 -72.01013947262754 30.75514146023811 180
2682 -64.67668327953554 25.43027015506535 180
2683 -73.8051619346825 16.10481840350974 180
2684 13.08736772441745 77.82448089612764 180
2685 81.72979870908412 21.21026499412066 180
2686 45.99262717115146 65.81757924373447 180
2687 53.34875901482626 66.56120828463644 180
2688 84.16772651395331 44.26248057933869 180
2689 -80.29412900254442 -22.81623245174439 180
2690 -65.37429712302897 18.37667145041242 180
2691 -63.42720697764248 -54.78669446800875 180
2692 -60.82077964780034 -46.71214857620307 180
2693 -83.38681155802068 -7.469713286997603 180
2694 -79.42115721824818 -62.25447336708859 180
2695 -88.23213633042261 30.06345221642265 180
2696 -90.62784696096737 20.79517221580792 180
2697 -130.52 -11.87309094669256 85.23819858749047
2698 -130.52 63.54224924539085 113.8209519041063
2699 -130.52 -63.54224924539078 113.8209519041062
2700 -130.52 -75.10892791720303 58.37952588828315
2701 -130.52 77.65314231384735 56.98075872566091
2702 -130.52 -1.051902948806685 136.2933643147523
2703 -130.52 29.52014874851869 49.99624155510612
2704 -130.52 103.0422252839574 149.9999999999999
2705 -130.52 -103.0422252839574 149.9999999999999
2706 -130.52 -24.59786356266432 39.1181559585888
2707 -11.87309094669256 130.52 85.23819858749047
2708 63.54224924539085 130.52 113.8209519041063
2709 -63.54224924539078 130.52 113.8209519041062
2710 -75.10892791720303 130.52 58.37952588828315
2711 77.65314231384735 130.52 56.98075872566091
2712 -1.051902948806685 130.52 136.2933643147523
2713 29.52014874851869 130.52 49.99624155510612
2714 103.0422252839574 130.52 149.9999999999999
2715 -103.0422252839574 130.52 149.9999999999999
2716 -24.59786356266432 130.52 39.1181559585888
2717 130.52 11.87309094669256 85.23819858749047
2718 130.52 63.54224924539078 113.8209519041062
2719 130.52 -63.54224924539085 113.8209519041063
2720 130.52 75.10892791720303 58.37952588828314
2721 130.52 -77.65314231384735 56.98075872566089
2722 130.52 1.051902948806685 136.2933643147523
2723 130.52 -29.52014874851869 49.99624155510614
2724 130.52 -103.0422252839574 149.9999999999999
2725 130.52 103.0422252839574 149.9999999999999
2726 130.52 24.59786356266429 39.1181559585888
2727 11.87309094669256 -130.52 85.23819858749047
2728 -63.54224924539085 -130.52 113.8209519041063
2729 63.54224924539078 -130.52 113.8209519041062
2730 75.10892791720303 -130.52 58.37952588828315
2731 -77.65314231384735 -130.52 56.98075872566091
2732 1.051902948806685 -130.52 136.2933643147523
2733 -29.52014874851869 -130.52 49.99624155510612
2734 -103.0422252839574 -130.52 149.9999999999999
2735 103.0422252839574 -130.52 149.9999999999999
2736 24.59786356266432 -130.52 39.1181559585888
2737 -6.755797113750126e-15 6.968240130040824e-15 0
2738 -60.45249468696986 -60.45249468696993 0
2739 -54.38333333333328 54.38333333333336 0
2740 54.38333333333335 54.38333333333328 0
2741 54.38333333333327 -54.38333333333335 0
2742 -73.02904761904759 6.319984210758667e-14 0
2743 73.02904761904759 -4.926336184750502e-14 0
2744 -5.944689647117966e-14 -73.02904761904759 0
2745 4.926336184750502e-14 73.02904761904759 0
2746 -88.37291666666673 88.37291666666657 0
2747 88.37291666666657 88.37291666666673 0
2748 -93.90592050277183 -93.90592050277198 0
2749 88.37291666666673 -88.37291666666657 0
2750 -180.52 -0.006824976115126447 257.4897109392763
2751 -180.52 -0.008677492437072942 86.46483701350024
2752 -180.52 68.465642425449 159.1946141136565
2753 -180.52 -68.44789703092515 158.9383653368091
2754 -180.52 -76.39472117696457 345.0693686153985
2755 -180.52 76.39472117696454 345.0693686153986
2756 -180.52 -82.01820656558868 45.05266926254586
2757 -180.52 81.96510161112349 44.42306163803921
2758 -180.52 -101.177888636801 257.2695639782968
2759 -180.52 101.1787077252597 257.3208137336664
2760 -180.52 -0.01235648938046552 15.18811358281705
2761 -0.006824976115069603 -180.52 257.4897109392763
2762 -0.008677492437072942 -180.52 86.46483701350024
2763 68.465642425449 -180.52 159.1946141136565
2764 -68.44789703092513 -180.52 158.9383653368091
2765 76.39472117696454 -180.52 345.0693686153986
2766 -76.39472117696452 -180.52 345.0693686153985
2767 -82.01820656558867 -180.52 45.05266926254588
2768 81.96510161112349 -180.52 44.42306163803921
2769 -101.1778886368009 -180.52 257.2695639782968
2770 101.1787077252597 -180.52 257.3208137336664
2771 -0.01235648938046552 -180.52 15.18811358281707
2772 1.546420075468802 7.571768212495272 449.8803
2773 82.00058342858938 -59.33692661236273 449.8803
2774 -66.10104296107667 -64.88064328820302 449.8803
2775 60.91471475465391 83.45104874152742 449.8803
2776 -70.79534719267141 74.28001209424338 449.8803
2777 -0.006824976115126447 180.52 257.4897109392764
2778 -0.008677492437101364 180.52 86.46483701350024
2779 68.46564242544892 180.52 159.1946141136565
2780 -68.44789703092518 180.52 158.9383653368091
2781 -76.39472117696457 180.52 345.0693686153985
2782 76.39472117696454 180.52 345.0693686153986
2783 -82.01820656558868 180.52 45.05266926254588
2784 81.96510161112349 180.52 44.42306163803921
2785 101.1787077252597 180.52 257.3208137336664
2786 -101.177888636801 180.52 257.2695639782968
2787 -0.01235648938046552 180.52 15.18811358281707
2788 1.546420075468802 7.571768212495272 -50
2789 82.00058342858938 -59.33692661236273 -50
2790 -66.10104296107667 -64.88064328820302 -50
2791 60.91471475465391 83.45104874152742 -50
2792 -70.79534719267141 74.28001209424338 -50
2793 180.52 -0.006824976115126447 257.4897109392763
2794 180.52 -0.008677492437072942 86.46483701350024
2795 180.52 68.465642425449 159.1946141136565
2796 180.52 -68.44789703092515 158.9383653368091
2797 180.52 -76.39472117696457 345.0693686153985
2798 180.52 76.39472117696454 345.0693686153986
2799 180.52 -82.01820656558868 45.05266926254586
2800 180.52 81.96510161112349 44.42306163803921
2801 180.52 -101.177888636801 257.2695639782968
2802 180.52 101.1787077252597 257.3208137336664
2803 180.52 -0.01235648938046552 15.18811358281705
2804 -2 -32.36581539928855 192.1803
2805 -2 -45.01004622121925 192.1803
2806 -2 -49.50995377878077 192.1803
2807 -2 -54.00987970088736 192.1803
2808 -2 -40.51012029911265 192.1803
2809 -2 -63.00991502079888 192.1803
2810 -2 -58.50984094290548 192.1803
2811 -2 -36.01015905709453 192.1803
2812 -3.754471588059648 -30.26000000000019 194.9803
2813 34.26 -2.364991661851757 194.9803
2814 -34.26 2.364991661851757 194.9803
2815 -2.364991661851761 -34.25999999999999 194.9803
2816 -34.26 -2.36499166228279 194.9803
2817 2.364991662282783 -34.25999999999999 194.9803
2818 34.26 2.364991662282787 194.9803
2819 -25.89749410461918 22.55250589538082 194.9803
2820 -22.55250589538082 -25.89749410461917 194.9803
2821 25.89749410461916 -22.55250589538082 194.9803
2822 22.55250589538082 25.89749410461918 194.9803
2823 22.55250589507589 -25.8974941049241 194.9803
2824 25.8974941049241 22.5525058950759 194.9803
2825 -22.5525058950759 25.8974941049241 194.9803
2826 -25.8974941049241 -22.55250589507589 194.9803
2827 -5.920324275992151 34.26000000000001 194.9803
2828 2.819301587301586 30.26 192.1803
2829 -2.819301587301584 34.26000000000001 192.1803
2830 6.322897487748985 30.26000000000012 194.9803
2831 3.754471588604904 -30.26000000000001 194.9803
2832 2 -32.36581539928855 192.1803
2833 2 -45.01004622121925 192.1803
2834 2 -49.50995377878077 192.1803
2835 2 -54.00987970088736 192.1803
2836 2 -40.51012029911265 192.1803
2837 2 -63.00991502079888 192.1803
2838 2 -58.50984094290548 192.1803
2839 2 -36.01015905709453 192.1803
2840 -2 -65.26000000000001 187.69515
2841 2 -65.26000000000001 187.69515
2842 -3 -49.50995377776513 191.1803
2843 -3 -45.01004622020361 191.1803
2844 -3 -54.0098797008874 191.1803
2845 -3 -40.51012029911269 191.1803
2846 -3 -63.00991502079889 191.1803
2847 -3 -31.51008497920113 191.1803
2848 -3 -58.5098409429055 191.1803
2849 -3 -36.01015905709455 191.1803
2850 -2 -65.26000000000001 191.1803
2851 -1 -45.01004622223488 191.1803
2852 -1 -49.5099537797964 191.1803
2853 -1 -40.51012029911261 191.1803
2854 -1 -54.00987970088732 191.1803
2855 -1 -31.51008497920112 191.1803
2856 -1 -63.00991502079888 191.1803
2857 -1 -36.0101590570945 191.1803
2858 -1 -58.50984094290546 191.1803
2859 -2 -45.01004622121925 190.1803
2860 -2 -49.50995377878077 190.1803
2861 -2 -54.00987970088736 190.1803
2862 -2 -40.51012029911265 190.1803
2863 -2 -63.00991502079888 190.1803
2864 -2 -31.51008497920112 190.1803
2865 -2 -58.50984094290548 190.1803
2866 -2 -36.01015905709453 190.1803
2867 1 -49.50995377776513 191.1803
2868 1 -45.01004622020361 191.1803
2869 1 -54.0098797008874 191.1803
2870 1 -40.51012029911269 191.1803
2871 1 -63.00991502079889 191.1803
2872 1 -31.51008497920113 191.1803
2873 1 -58.5098409429055 191.1803
2874 1 -36.01015905709455 191.1803
2875 2 -65.26000000000001 191.1803
2876 3 -45.01004622223488 191.1803
2877 3 -49.5099537797964 191.1803
2878 3 -40.51012029911261 191.1803
2879 3 -54.00987970088732 191.1803
2880 3 -31.51008497920112 191.1803
2881 3 -63.00991502079888 191.1803
2882 3 -36.0101590570945 191.1803
2883 3 -58.50984094290546 191.1803
2884 2 -45.01004622121925 190.1803
2885 2 -49.50995377878077 190.1803
2886 2 -54.00987970088736 190.1803
2887 2 -40.51012029911265 190.1803
2888 2 -63.00991502079888 190.1803
2889 2 -31.51008497920112 190.1803
2890 2 -58.50984094290548 190.1803
2891 2 -36.01015905709453 190.1803
2892 -0.1174680841864983 -70.03484602906948 185.21
2893 6.413814999025846 -75.27920400060503 185.21
2894 -6.375627281644427 -75.32783774373982 185.21
2895 -74.89460823687523 -74.87689160993489 185.21
2896 74.89460823687516 -74.87689160993479 185.21
2897 74.90989485495203 74.87319145345784 185.21
2898 -74.87319145345765 74.90989485495192 185.21
2899 -68.40883183405381 -75.27508897556932 185.21
2900 68.4088318340537 -75.27508897556933 185.21
2901 -75.31588226629495 -68.28700396207508 185.21
2902 75.41783266010935 -68.21974907501752 185.21
2903 -58.40056962367271 -75.46843183379791 185.21
2904 58.4005696236724 -75.46843183379617 185.21
2905 -75.52007829545502 2.517535395871493 185.21
2906 75.52007829545505 -2.517535395871493 185.21
2907 2.517535395871334 75.52007829545505 185.21
2908 -7.550455004427917 75.52078607563659 185.21
2909 -75.52078607563666 -7.550455004427709 185.21
2910 75.52078607563668 7.550455004427707 185.21
2911 75.52089421295349 -12.58505749248188 185.21
2912 -75.52089421295346 12.58505749248188 185.21
2913 12.58505749248194 75.52089421295349 185.21
2914 -17.61959140880231 75.52096012755828 185.21
2915 75.52096012755828 17.61959140880255 185.21
2916 -75.52096012692664 -17.61959141018165 185.21
2917 22.65355297529665 75.52146667636258 185.21
2918 75.52146667639079 -22.65355297527102 185.21
2919 -75.52146667636262 22.65355297529626 185.21
2920 75.5216571613982 27.68802520173001 185.21
2921 -75.5216568258231 -27.68802593442158 185.21
2922 -27.68802520172949 75.52165716139822 185.21
2923 32.72252803631609 75.52157830477157 185.21
2924 75.52157831972734 -32.72252802291032 185.21
2925 -75.52157830477159 32.72252803631554 185.21
2926 -75.52143437515787 -37.75720949171495 185.21
2927 75.52131640444804 37.75747278818535 185.21
2928 -37.7574727881848 75.52131640444807 185.21
2929 42.79315244473755 75.52104603973537 185.21
2930 75.52126602433445 -42.79267932622844 185.21
2931 -75.52104603973538 42.7931524447371 185.21
2932 -75.52081851829993 -47.82926456030581 185.21
2933 75.52203159426072 47.82666655892542 185.21
2934 -47.82666655892498 75.52203159426075 185.21
2935 52.86496639095959 75.52212078085093 185.21
2936 75.52252444254005 -52.86447069136393 185.21
2937 -75.52212078085094 52.86496639095917 185.21
2938 -75.52063597804636 -57.90173262093084 185.21
2939 75.52198012416039 57.89702182920257 185.21
2940 -57.89702182920203 75.52198012416041 185.21
2941 62.99099790365737 75.50769001922626 185.21
2942 -75.50769001922623 62.99099790365705 185.21
2943 75.41821635866553 68.2823586648109 185.21
2944 -68.28235866481066 75.41821635866549 185.21
2945 48.60617163566803 -75.46293230450647 185.21
2946 -48.60617163565357 -75.46293230453264 185.21
2947 16.60864458688637 -75.42663324635994 185.21
2948 -16.6909703077927 -75.49778637625535 185.21
2949 -38.51248408003346 -75.47393983281395 185.21
2950 38.512484080758 -75.47393983279888 185.21
2951 26.7169092544277 -75.47309881603415 185.21
2952 -26.72270382801644 -75.47511618869437 185.21
2953 32.65242307881627 -75.29661166360248 185.21
2954 -32.6524230784845 -75.29661166362578 185.21
2955 1.29701764416329 -67.25155907813381 185.21
2956 -1.803408406670528 -67.53606751786721 185.21
2957 -0.3172602183417155 -75.09346089267589 185.21
2958 -75.40946993276967 68.29911778356609 185.21
2959 68.29911778356629 75.40946993276971 185.21
2960 75.50715458858886 -62.97713228626592 185.21
2961 -75.48608637405687 -62.98814150778757 185.21
2962 -62.94086460811775 75.51940329704122 185.21
2963 75.51940329704119 62.94086460811818 185.21
2964 -75.52126198189603 -52.86398576547749 185.21
2965 75.52209129532568 52.86185726729429 185.21
2966 -52.86185726729383 75.52209129532571 185.21
2967 47.82870470756317 75.52126851794753 185.21
2968 75.52153202153184 -47.82814773888721 185.21
2969 -75.52126851794753 47.82870470756278 185.21
2970 -75.52286793033602 57.90858149140828 185.21
2971 57.9085814914087 75.52286793033603 185.21
2972 -42.79170040722694 75.52169907732947 185.21
2973 75.52169907732944 42.79170040722739 185.21
2974 -75.52091878125034 -42.79336827036816 185.21
2975 27.68819960824514 75.52156240785878 185.21
2976 75.52156240850769 -27.68819960766308 185.21
2977 -75.52156240785882 27.68819960824467 185.21
2978 -32.72275468400578 75.52149808030413 185.21
2979 -75.52148549951983 -32.72278209846792 185.21
2980 75.5214980803041 32.72275468400633 185.21
2981 75.52130540158853 -37.75751358562363 185.21
2982 -75.52130510423314 37.7575138121261 185.21
2983 37.75751381212665 75.52130510423309 185.21
2984 75.52130253084667 22.65381111609022 185.21
2985 -75.52130251628785 -22.65381114787782 185.21
2986 -22.6538111160898 75.5213025308467 185.21
2987 17.61944809007332 75.52102536396102 185.21
2988 75.52102536396227 -17.619448090072 185.21
2989 -75.52102536396103 17.6194480900731 185.21
2990 7.551740851570344 75.52040673092991 185.21
2991 -75.52040673092986 7.55174085157044 185.21
2992 75.52040673092988 -7.551740851570438 185.21
2993 -2.517414716939811 75.52016727636058 185.21
2994 75.52016727636061 2.51741471693964 185.21
2995 -75.52016727636058 -2.517414716939641 185.21
2996 75.52083948240535 12.58531192781013 185.21
2997 -75.52083948240534 -12.58531192781013 185.21
2998 -12.58531192781007 75.52083948240534 185.21
2999 21.52652848665675 -75.46198123260251 185.21
3000 -21.56129592851927 -75.47408546854057 185.21
3001 -43.66518338017414 -75.46702733325807 185.21
3002 43.66518338028229 -75.46702733319091 185.21
3003 11.61579580105984 -75.31473539053417 185.21
3004 -11.63677431324727 -75.44473702492968 185.21
3005 53.52141387454517 -75.46015480932306 185.21
3006 -53.52141387454549 -75.46015480933697 185.21
3007 63.27436306194761 -75.4575900088267 185.21
3008 -63.27436306194784 -75.45759000882673 185.21
3009 75.52349522678298 -57.90616242125273 185.21
3010 77.86308140406818 77.84946058080342 185.21
3011 -77.85583024567421 -77.85140108893913 185.21
3012 -77.84946058080334 77.86308140406811 185.21
3013 77.85583024567417 -77.85140108893907 185.21
3014 -32.09112045424926 -7.389469882682842 298.961871747194
3015 30.56869834460254 -13.83150344846067 269.3787299406789
3016 -8.000011267166379 57.84511131723202 273.5166949629166
3017 -32.09112045424926 -7.389469882682842 249.3857940444322
3018 0.6781386216040959 -38.98116782570715 245.4040652400513
3019 18.90328258083124 26.53879541573712 247.2672909146131
3020 -19.98962070361172 29.06267680976076 239.3609869253397
3021 40.72467883898179 -73.26427411396675 251.9948171142466
3022 -45.81990952197472 -65.5688381206305 252.7009546034927
3023 26.78258134935421 -19.92181452707291 233.9260047002028
3024 54.09680043073015 69.70860076301062 254.4665683623135
3025 -72.44041800902802 24.89953480009893 250.6684831279986
3026 72.47169087420272 -16.6770452550045 245.6821821507611
3027 28.55483811096871 7.75248213560497 227.896508857225
3028 61.20848584833291 24.65370552392363 236.0035775323652
3029 -36.51648702755364 68.40121618445411 241.1606435287158
3030 18.90328258083124 26.53879541573712 221.684718159866
3031 -2.159425682000423 35.51357243913851 222.2530410662542
3032 19.07331317681431 64.47340752270456 237.5614047952056
3033 -32.44340271780087 8.290640441537251 226.7926946534368
3034 -36.45676954090398 -17.4545510973868 225.6517715322155
3035 -15.92358999569086 -26.40606799842014 222.1715771342427
3036 5.506439950067546 -33.93963468550204 222.3434546234976
3037 -17.12466465376437 21.74188056640492 219.7909600492811
3038 16.28293327077668 -59.59946735216715 226.771211194208
3039 -70.49405844488271 -29.48005088437963 234.7747295361024
3040 -56.85810694671981 19.40236839250557 225.5984656605742
3041 20.91840186640698 -26.99316771239063 217.1241544719446
3042 23.7597075265172 -8.520524169950972 217.8906846217626
3043 48.06593208934815 -7.97900871819035 223.7019849017951
3044 -75.84459645633214 78.24455443291822 239.2725897586933
3045 -15.80318805023347 -63.37244675614459 230.73616302781
3046 -33.75303951752212 -4.675119028441288 215.8780836086437
3047 36.22212053548692 97.31475428729556 235.0990983063236
3048 -30.61396830530416 17.50187016900719 214.437382001466
3049 -8.000011267166379 57.84511131723202 221.6094015870407
3050 -58.859067319758 -5.743516122902242 223.3300176158266
3051 -1.5606940606881 -1.14620027865155 237.4165600887158
3052 38.27440248949538 40.76002414822052 221.9849589273047
3053 1.669351444653121 -51.48633723535567 217.611281609848
3054 41.75181103178029 -40.76662071512467 223.4716941348936
3055 33.92463676906216 -17.38738889017366 213.527772089512
3056 46.5934661388914 37.93513259293942 324.647441765335
3057 12.96603954378698 -63.04881004210667 324.6648663730202
3058 62.06362190963806 -64.80363788020979 228.9667030775417
3059 -46.93485611838625 4.984998073261697 214.9553804023008
3060 46.20158025184556 16.61263177962528 219.902661538164
3061 25.72682980171286 15.89072069740491 214.0192186223893
3062 35.4885181954042 6.273118881130282 212.8119507022651
3063 -29.60805471519427 37.34144162415264 217.9790566412396
3064 -54.90121160055052 50.11856806576274 226.4040776218415
3065 -47.92203982107264 -39.63704947799596 222.1782856516338
3066 -8.331805199486025 -38.16521105156193 214.8235238923655
3067 -1.229807522814785 -27.32890189156095 212.3380845814018
3068 7.282423135659373e-18 -29.03129696869996 196.6468468640177
3069 -3.074106363700477 25.9381444480974 190.5025747030575
3070 4.02286988531475 38.86886988531477 189.6803
3071 9.782161538448788 -30.4855066727636 188.0638644730494
3072 11.82331687253658 20.94797076047786 192.3842161366628
3073 11.88232764737611 34.017719544447 187.6255708568966
3074 1.999999999999996 -20.22572215357407 192.1803
3075 -10.53589878547333 -41.85733134430835 191.1803
3076 10.53589878547326 -41.85733134430828 191.1803
3077 2.451962238211529 -73.2215977184713 193.4291007403828
3078 -11.60358253989254 28.33813350086549 188.8263389441597
3079 -23.40973658730276 9.69274176393326 193.7729065071116
3080 23.40973658730276 -9.69274176393326 193.7729065071116
3081 -3.827 29.8487155 189.6820155
3082 3.827 34.6712845 189.6820155
3083 -12.30423455236396 -61.66265870166664 191.1803
3084 11.33754405981767 -55.357090746083 191.1803
3085 -12.02159693550986 -50.85715745493772 191.1803
3086 -9.955011393366789 34.42145240737808 190.3417524073781
3087 13.96844965443053 -13.9684496544305 193.7709342275521
3088 10.81008234401153 -64.35717133993113 191.1803
3089 -1.627710347689725 41.84337965681141 191.8521097351221
3090 -10.26332606595638 -24.69185882226961 194.5861664313718
3091 10.26332606660308 -24.69185882361515 194.5861664321705
3092 -12.0861783143802 46.21994034106316 191.66209146291
3093 -6.375627281644434 -72.3370017084692 192.4635468076255
3094 -10.36099498356361 24.07611275561694 193.7707611111452
3095 -18.27737645815753 27.65143859810454 189.0357653044376
3096 -17.32855207338715 -27.68843001747198 189.0045307226497
3097 11.02180760716112 28.56685582743651 190.7218120152489
3098 -7.690242004388458 -30.53500808987389 190.3428646554281
3099 6.351671526418126 -29.52339511217593 191.2766615530412
3100 -45.71690992120243 79.98051124483415 193.4806977090294
3101 12.43432620758701 43.2563123852821 194.1611385448387
3102 43.581941166893 12.16995963080453 193.7554491603756
3103 -32.18538391087173 28.74272876466835 193.7549875885466
3104 9.509842054367438 -48.48613293479821 194.8300231694614
3105 0.8269999999999998 22.10392824562944 194.5171728571428
3106 -63.22924325621709 -62.36142725027298 192.6756607167678
3107 8.095000000675611 34.47872634223168 191.1803
3108 -35.13448985855106 3.689005883939452 188.510967165487
3109 -14.14307129622535 -77.45304659528466 194.0888433171271
3110 -1.110223024625157e-16 -26.0192987330289 196.4803
3111 18.8966719602153 -30.33076010925754 188.8601125327475
3112 24.91181483698745 -23.53818516425988 186.8021417469487
3113 31.09557995848629 27.65292481038905 193.7549875907198
3114 68.15817471134564 67.21542495050961 193.4327943286985
3115 58.32572475061982 71.8342947246484 193.2640058293357
3116 47.62473495684976 68.69788432592665 193.7737988017001
3117 24.4390566505019 -34.76698803416345 193.7550266725146
3118 34.99633374043306 -24.66840235677159 193.7550266725146
3119 72.97208989480455 77.92489304630672 195.8261535609796
3120 -22.29675117503035 -4.846317259211324 193.7730550781507
3121 63.15612594742471 -42.81505818409315 193.532827223051
3122 -60.83329709266541 -73.58878180835585 194.5310217126814
3123 38.86911466705482 21.65583843054361 193.7549088480516
3124 30.20535793186233 77.38698288063509 194.7666811451826
3125 -7.631632285660318 -37.3573769053405 191.1803
3126 7.631632285660285 -37.35737690534044 191.1803
3127 23.40785953598655 9.692741763933221 189.0669110020006
3128 63.95740929495317 -70.9906517467722 192.6944840968658
3129 71.63661889319565 -78.88595779021524 192.7759643455989
3130 53.88977387353879 -72.43257525601769 194.2185378299189
3131 44.38730376740136 -72.4758036887945 194.2005646711196
3132 24.91181483617025 23.53818516258242 187.1663558976695
3133 33.04209568885366 -11.47996228640947 187.1087485875608
3134 -64.32567716645235 2.518922437995463 192.6990656427604
3135 -25.38927017301251 -35.71720155667398 193.7550266725146
3136 -36.44155868783975 -5.408770470491085 188.6496536750876
3137 -30.15121397254438 -12.56940693382666 189.2635912103904
3138 -65.18476476910882 -7.556573840866704 193.4574260676266
3139 73.65346399294722 5.034164405060569 195.1627654259105
3140 65.73453977310861 -32.74040679091395 194.1115986287479
3141 74.8355794210221 59.6345482618357 192.1675311984533
3142 -72.36453085600532 -62.96503623522619 194.057451309138
3143 78.65354077813481 -2.516926195700129 193.8135730729941
3144 3.413 23.42533261396184 189.0113355
3145 31.1265920967797 -2.295991471013019 187.6716343366181
3146 -28.05568024919697 -25.12876965272628 188.0738835847838
3147 -73.03355916686337 22.38348081522135 193.6873741638295
3148 -72.38626678421238 12.59383699985241 194.8384277836375
3149 -30.20533094213652 73.65427389068471 194.6949572010818
3150 -31.21889421543 -27.77623906733275 193.7549875907198
3151 73.42030701620151 -18.53271025991415 193.051499286922
3152 78.6542338099154 -27.67976194027283 193.9089119248481
3153 -73.65346399294722 -5.034164405060576 193.4721439336471
3154 -86.59626752667644 -8.344673673617539 192.6905232634373
3155 -37.57471456994104 20.36143833342986 193.7549088480516
3156 36.61566686217704 -81.16360854197362 191.5924538686154
3157 71.21395348782518 -64.53354509680722 191.5360186154489
3158 -23.63243846315132 20.38511719087799 187.0589218588531
3159 6.782452773508028 25.09087875051619 194.8623063155881
3160 -30.1326962325987 -72.98213585530651 195.0809204869469
3161 -39.82818049896538 -71.74172671629702 192.338682279974
3162 -71.13542174237573 -27.54484128809219 193.6917903003407
3163 -71.16569168150241 -36.99937831749698 191.8534834722543
3164 -64.52025943632526 -46.59135480931758 192.6245700771324
3165 -77.38635503391242 -45.31135355652458 193.7619311196446
3166 -19.56827318032 -12.710790027529 193.7709095065078
3167 -23.63243846208448 -20.38511719048532 189.0767028583078
3168 -80.37375954476227 57.58621513659407 192.9163603186895
3169 -78.65431482918117 47.80913616596033 194.8462816972224
3170 -73.65433625514544 40.27523708663328 193.7606447421294
3171 -64.54445574056336 22.66721970149074 191.071324500387
3172 -41.59041737301412 -2.433991854029139 193.7555278870122
3173 -44.65206577902389 -12.16995963080453 190.274373892376
3174 38.03717060818313 -2.011815097572224 188.9916664673457
3175 -10.06790326770801 73.65404251904731 194.6267562136468
3176 31.94867582402352 15.71206249630353 187.367649110165
3177 79.88483114027875 87.16272751956072 193.0246986429983
3178 10.06821842508899 77.38688660479733 194.6709803590998
3179 79.04930607701954 -47.21411216919861 192.9796866778843
3180 87.61141098742733 -39.66952433783468 191.6758294062833
3181 -20.41788114605456 37.63115738256577 193.7549088480516
3182 81.34524403025702 -57.70305263667013 192.6300328491479
3183 -2 -24.32400898043135 192.1803
3184 11.12702036260945 -72.35369094736348 192.8044736450445
3185 20.63022612646119 -72.50124523061524 194.3244832991727
3186 27.27813542277792 -80.70044460055834 193.2416747231057
3187 40.867057640426 2.433991854029139 193.7555278870122
3188 -40.43843980166606 -8.981143628240478 196.4803
3189 -5.488602691460535 -31.69811001384909 186.4758419926325
3190 -64.88801382975848 -17.63071000275397 193.1843072331308
3191 -78.65299711094299 -57.87353995809173 192.7790190922939
3192 -81.9762676802106 -68.0441635362171 193.9774338071686
3193 -71.65613417849991 -53.53824671754929 190.5205652628632
3194 -2 -69.33964010286925 189.1389200988874
3195 -77.72496366781698 -75.02043138387948 193.4170401569468
3196 5.666218905537132 26.30910263636451 186.6699689035764
3197 41.63929315537404 78.65392080556595 192.2207033203127
3198 0.827 26.93221532270519 196.4803
3199 -78.65321203738475 7.549717229945941 192.8753166424426
3200 -86.04909045277455 12.58093677209882 191.8549581326815
3201 -22.64610736640083 -78.50828858727942 193.1989805030846
3202 23.06107193809924 4.846317259211324 193.7730550781507
3203 19.73378095893457 12.87629780614357 193.7709095065078
3204 41.31797890826357 -7.301951484164386 193.7555669527869
3205 72.38671592540817 22.66721970149134 194.4139493176009
3206 77.38674035151377 15.10240695393978 193.7455731742114
3207 50.66166485210833 81.49636975545182 191.7017502898235
3208 -80.69440773035791 -21.97992634163836 192.7792382071032
3209 -88.26008301594204 22.64610736640017 191.5385958621076
3210 -78.65423380950774 27.67976194027283 193.1000384410833
3211 0.6520552494067847 -52.72204630022252 186.2249722024685
3212 80.37796586420409 78.00435637291082 192.8025518712817
3213 -42.81505818409354 72.38665454764538 193.2030580379919
3214 80.37122326778211 -78.00435637291075 192.8039296982873
3215 -77.7147167916518 75.02251903631212 194.5805598752443
3216 -7.679000000621855 30.81516984722457 192.0360050308508
3217 -32.13170490426893 21.80377352060746 187.2301296999821
3218 -77.38674035104981 -15.10240695486344 192.2486014996499
3219 -28.79208481924158 3.662062746596404e-14 188.5644256916411
3220 64.43687624534054 -7.556573840865902 194.7656653087329
3221 -2.249728302701835 -43.18863869921612 196.1865410958608
3222 -46.13733051261772 -77.4594656639794 192.8383899394003
3223 -48.81969153309096 -87.30837695412572 192.3512516565697
3224 37.74282168108427 85.84880762832283 191.8086644930405
3225 77.38677807260657 -35.24012191361096 192.372924950197
3226 6.892474565238162 -41.29724152160914 195.6761176831735
3227 88.86476033626471 41.39367664792127 192.2031101960373
3228 74.8131803275637 40.00544491900106 193.1687633229246
3229 72.3866994552657 32.74040679091436 193.7775217101448
3230 -55.37948072432874 77.38698281488932 192.9637338784381
3231 -41.96290355712617 12.16995963080455 193.7554491603756
3232 85.35766720435349 2.516926195699824 191.8681935338248
3233 -69.01218030583485 -83.54013826189697 192.2682945477917
3234 23.83447575191197 -16.97699259912094 188.5574198679115
3235 0 -31.11175078080204 198.1314671872014
3236 -72.38675054259188 32.74040679091395 192.3244636194631
3237 21.7171780595881 38.93045429609928 193.7549088480516
3238 -2.000000000000023 -55.35709074608302 197.7752411249188
3239 -17.63071000275396 72.3864111479151 192.5189240360492
3240 22.64610736640083 78.65453587245652 192.5484752537911
3241 17.6307100027532 72.38645235798404 192.6005424627327
3242 2.516926195699824 78.65354077813478 192.5199184086781
3243 30.31756805375343 -19.6665271125891 190.0321821135444
3244 -2.518922437996273 72.38560806719153 192.507941471877
3245 88.47881934458468 59.23547306113188 192.89345504196
3246 -67.19963822945526 22.11849802866498 106.3352982690296
3247 6.895944713659372 -29.58646302741511 88.41408955099176
3248 17.32759578181081 69.12062405610487 111.4418988403145
3249 -58.01694846531058 -52.07515724503275 108.6419676023905
3250 73.58423067267854 -23.66676842780057 114.4090482757243
3251 74.63216205940648 36.6248420609089 119.7012992533115
3252 15.92982596551469 -75.66399873247232 122.2942974846435
3253 -36.15505230254011 72.1871486453784 125.0428740136579
3254 69.0807225777645 -73.39528626754522 128.5316071384843
3255 -81.64387024562424 62.2591507613055 133.1065151476495
3256 -77.01198200212905 -13.24372193641192 134.1778400766866
3257 59.64166271993935 84.40422597810002 131.2740045586061
3258 -27.4964344826141 -78.30961850872016 135.0488957950148
3259 -69.42976949870629 -80.21839178868713 138.2582642115106
3260 -75.12930996071751 26.59808318462225 142.829166877361
3261 -68.46746859205767 -50.89981106945727 138.7066090879883
3262 -29.32216876286759 21.53598791945354 134.3385783777552
3263 79.28915307093213 -42.85887263244562 144.5262421525752
3264 28.23936905328783 78.59948731119495 145.5233025053273
3265 50.12469379051983 61.69832522804101 152.1664587964355
3266 74.40686019961787 44.24063354182736 150.5202716508709
3267 41.4606959817033 -46.62834309405062 143.4492936478538
3268 53.02234822866721 16.16209180185167 145.5693411640664
3269 80.73443421630907 -4.857934212080488 145.7451233507304
3270 84.42731781539791 71.8211816216662 151.2772150963553
3271 5.497387638801642 -46.69941261820473 144.9658034586816
3272 -3.434512266244681 77.96780964461131 149.0059192465591
3273 -31.8128038753249 81.3659472000206 152.0648349292092
3274 -57.66330238011594 70.5063825721988 153.0529970278925
3275 11.23747188650578 -73.25171403620655 152.3810154020287
3276 42.66184081810722 -82.97935162703523 147.5767775512893
3277 -31.35309877591387 -30.06224900671385 141.656283362406
3278 11.14060116290523 47.18810046943511 147.3130245194257
3279 -11.19589035764835 -72.95719899229059 157.5203394213528
3280 -34.17919634397991 -75.28475987413974 157.5892990131671
3281 79.14136809849546 -68.24954632948628 153.5964165112835
3282 -39.94826401096508 45.79201133765213 151.6140253803179
3283 -82.12583779284967 79.59467566602721 155.0018879073555
3284 -78.82442567996584 57.25530446137417 158.0760603164995
3285 -58.2487123777498 3.160003138443555 151.2829596116255
3286 65.4104276253879 80.85692477096829 158.5523277942063
3287 -82.47923463914879 -67.55945850185044 155.9030573695762
3288 3.40835162087353 -7.664531822351596 144.2553115993282
3289 -71.59315396011138 -13.51289855599514 158.1077201464032
3290 -82.32128853094778 7.474725835531421 157.1331356486547
3291 -95.39478261920264 -28.56616388791906 153.1341041546992
3292 73.58423067267854 -23.66676842780057 157.3922796239139
3293 49.22787800834971 -11.9870584715181 155.1281745576633
3294 56.59305571312411 -66.08087333094046 158.2524707602855
3295 -80.96112414783231 -50.33331218340287 162.3345935754147
3296 29.62751125213792 -63.81975902308316 159.4479210778895
3297 -64.52670528787682 20.858792965032 164.8090048183486
3298 -74.49570690369045 35.80367613873743 163.2378259651573
3299 -102.6654957046278 38.49153833621961 150.9872191852758
3300 75.44966272539982 14.88592699809563 157.4467133033727
3301 -64.28151146855758 -50.05298430305327 163.9455491349892
3302 46.51944621402799 86.48074422589566 161.2904718992174
3303 17.32759578181087 69.12062405610476 160.0954416618061
3304 -53.87841517299868 -76.54479439554328 161.142314021665
3305 59.47487924759641 -43.31462647903702 158.8360496810868
3306 76.35433832879667 -48.03302560497078 162.9944579009326
3307 -20.1132338850575 62.1033099811326 158.2524801142074
3308 72.2021807317562 61.65258378101787 161.7654833195584
3309 -71.51178534746798 -31.85901154593509 162.564963556126
3310 -48.88749117740156 -27.91085498066648 159.2468011855162
3311 -60.28460579680586 100.8558250351095 151.4869486072068
3312 82.11227273319896 31.65792658307762 162.1694915964826
3313 25.57058836194024 -81.17001310721636 163.1279334238396
3314 74.40686019961787 44.24063354182736 165.7666769209896
3315 -25.42643557377895 -50.98376281574974 157.2628211939339
$EndNodes
$Elements
18952
1 2 2 5 35 2 1 1169
2 2 2 5 35 1 3 1169
3 2 2 5 35 6 2 1169
4 2 2 5 35 3 6 1169
5 2 2 7 41 8 7 1170
6 2 2 7 41 7 9 1170
7 2 2 7 41 12 8 1170
8 2 2 7 41 9 12 1170
9 2 2 8 43 14 1171 13
10 2 2 8 43 13 1171 20
11 2 2 8 43 15 1171 14
12 2 2 8 43 20 15 242
13 2 2 8 43 20 1171 15
14 2 2 8 43 242 15 241
15 2 2 8 43 17 1172 16
16 2 2 8 43 241 16 19
17 2 2 8 43 16 1172 19
18 2 2 8 43 18 1172 17
19 2 2 8 43 19 1172 18
20 2 2 8 43 242 241 19
21 2 2 9 44 13 14 1173
22 2 2 9 44 21 13 1173
23 2 2 9 44 14 22 1173
24 2 2 9 44 22 21 1173
25 2 2 9 45 14 15 1174
26 2 2 9 45 22 14 1174
27 2 2 9 45 15 23 1174
28 2 2 9 45 23 22 1174
29 2 2 9 46 23 15 1175
30 2 2 9 46 15 241 1175
31 2 2 9 46 16 24 1176
32 2 2 9 46 241 16 1176
33 2 2 9 46 243 23 1175
34 2 2 9 46 24 243 1176
35 2 2 9 46 241 243 1175
36 2 2 9 46 243 241 1176
37 2 2 9 47 16 17 1177
38 2 2 9 47 24 16 1177
39 2 2 9 47 17 25 1177
40 2 2 9 47 25 24 1177
41 2 2 9 48 17 18 1178
42 2 2 9 48 25 17 1178
43 2 2 9 48 18 26 1178
44 2 2 9 48 26 25 1178
45 2 2 9 49 18 19 1179
46 2 2 9 49 26 18 1179
47 2 2 9 49 19 27 1179
48 2 2 9 49 27 26 1179
49 2 2 9 50 27 19 1180
50 2 2 9 50 19 242 1180
51 2 2 9 50 20 28 1181
52 2 2 9 50 242 20 1181
53 2 2 9 50 244 27 1180
54 2 2 9 50 28 244 1181
55 2 2 9 50 242 244 1180
56 2 2 9 50 244 242 1181
57 2 2 9 51 20 13 1182
58 2 2 9 51 13 21 1182
59 2 2 9 51 28 20 1182
60 2 2 9 51 21 28 1182
61 2 2 8 53 30 1183 29
62 2 2 8 53 29 1183 32
63 2 2 8 53 31 1183 30
64 2 2 8 53 32 1183 31
65 2 2 10 58 34 1184 33
66 2 2 10 58 33 1184 36
67 2 2 10 58 35 1184 34
68 2 2 10 58 36 1184 35
69 2 2 8 59 38 1185 37
70 2 2 8 59 37 1185 40
71 2 2 8 59 39 1185 38
72 2 2 8 59 40 1185 39
73 2 2 12 64 42 1186 41
74 2 2 12 64 41 1186 44
75 2 2 12 64 43 1186 42
76 2 2 12 64 44 1186 43
77 2 2 6 65 46 1187 45
78 2 2 6 65 45 1187 48
79 2 2 6 65 47 1187 46
80 2 2 6 65 48 1187 47
81 2 2 12 70 50 1188 49
82 2 2 12 70 49 1188 52
83 2 2 12 70 51 1188 50
84 2 2 12 70 52 1188 51
85 2 2 4 71 54 1189 53
86 2 2 4 71 53 1189 56
87 2 2 4 71 55 1189 54
88 2 2 4 71 56 1189 55
89 2 2 10 76 58 1190 57
90 2 2 10 76 57 1190 60
91 2 2 10 76 59 1190 58
92 2 2 10 76 60 1190 59
93 2 2 3 173 245 61 64
94 2 2 3 173 63 62 298
95 2 2 3 173 62 271 298
96 2 2 3 173 272 245 64
97 2 2 3 173 246 245 272
98 2 2 3 173 247 246 273
99 2 2 3 173 273 246 272
100 2 2 3 173 248 247 274
101 2 2 3 173 274 247 273
102 2 2 3 173 249 248 275
103 2 2 3 173 275 248 274
104 2 2 3 173 250 249 276
105 2 2 3 173 276 249 275
106 2 2 3 173 251 250 277
107 2 2 3 173 277 250 276
108 2 2 3 173 252 251 278
109 2 2 3 173 278 251 277
110 2 2 3 173 253 252 279
111 2 2 3 173 279 252 278
112 2 2 3 173 254 253 280
113 2 2 3 173 280 253 279
114 2 2 3 173 255 254 281
115 2 2 3 173 281 254 280
116 2 2 3 173 283 256 255
117 2 2 3 173 282 255 281
118 2 2 3 173 283 255 282
119 2 2 3 173 284 257 256
120 2 2 3 173 284 256 283
121 2 2 3 173 285 258 257
122 2 2 3 173 285 257 284
123 2 2 3 173 286 259 258
124 2 2 3 173 286 258 285
125 2 2 3 173 287 260 259
126 2 2 3 173 287 259 286
127 2 2 3 173 288 261 260
128 2 2 3 173 288 260 287
129 2 2 3 173 289 262 261
130 2 2 3 173 289 261 288
131 2 2 3 173 290 263 262
132 2 2 3 173 290 262 289
133 2 2 3 173 264 263 290
134 2 2 3 173 265 264 291
135 2 2 3 173 291 264 290
136 2 2 3 173 293 266 265
137 2 2 3 173 292 265 291
138 2 2 3 173 293 265 292
139 2 2 3 173 293 267 266
140 2 2 3 173 295 268 267
141 2 2 3 173 293 294 267
142 2 2 3 173 295 267 294
143 2 2 3 173 296 269 268
144 2 2 3 173 296 268 295
145 2 2 3 173 297 270 269
146 2 2 3 173 297 269 296
147 2 2 3 173 297 271 270
148 2 2 3 173 297 298 271
149 2 2 2 174 245 1202 61
150 2 2 2 174 61 1199 369
151 2 2 2 174 1196 1199 61
152 2 2 2 174 61 1202 1196
153 2 2 2 174 62 1243 271
154 2 2 2 174 299 1255 62
155 2 2 2 174 1197 1243 62
156 2 2 2 174 62 1255 1197
157 2 2 2 174 65 1244 325
158 2 2 2 174 326 1256 65
159 2 2 2 174 1198 1244 65
160 2 2 2 174 65 1256 1198
161 2 2 2 174 66 1201 352
162 2 2 2 174 365 1200 66
163 2 2 2 174 66 1200 1195
164 2 2 2 174 1195 1201 66
165 2 2 2 174 67 1193 353
166 2 2 2 174 366 1192 67
167 2 2 2 174 67 1192 1191
168 2 2 2 174 1191 1193 67
169 2 2 2 174 68 1306 366
170 2 2 2 174 367 1306 68
171 2 2 2 174 69 1307 367
172 2 2 2 174 368 1307 69
173 2 2 2 174 70 1192 368
174 2 2 2 174 381 1194 70
175 2 2 2 174 1191 1192 70
176 2 2 2 174 70 1194 1191
177 2 2 2 174 382 1309 71
178 2 2 2 174 71 1309 505
179 2 2 2 174 72 1310 412
180 2 2 2 174 413 1310 72
181 2 2 2 174 73 1311 443
182 2 2 2 174 444 1311 73
183 2 2 2 174 74 1312 474
184 2 2 2 174 475 1312 74
185 2 2 2 174 246 1257 245
186 2 2 2 174 245 1257 1202
187 2 2 2 174 247 1308 246
188 2 2 2 174 246 1308 1257
189 2 2 2 174 248 1235 247
190 2 2 2 174 1235 1308 247
191 2 2 2 174 249 1265 248
192 2 2 2 174 248 1265 1235
193 2 2 2 174 250 1229 249
194 2 2 2 174 1229 1265 249
195 2 2 2 174 251 1278 250
196 2 2 2 174 250 1278 1229
197 2 2 2 174 252 1224 251
198 2 2 2 174 1224 1278 251
199 2 2 2 174 253 1273 252
200 2 2 2 174 252 1273 1224
201 2 2 2 174 254 1218 253
202 2 2 2 174 1218 1273 253
203 2 2 2 174 255 1284 254
204 2 2 2 174 254 1284 1218
205 2 2 2 174 256 1212 255
206 2 2 2 174 1212 1284 255
207 2 2 2 174 257 1289 256
208 2 2 2 174 256 1289 1212
209 2 2 2 174 258 1205 257
210 2 2 2 174 1205 1289 257
211 2 2 2 174 259 1291 258
212 2 2 2 174 258 1291 1205
213 2 2 2 174 260 1208 259
214 2 2 2 174 1208 1291 259
215 2 2 2 174 261 1293 260
216 2 2 2 174 260 1293 1208
217 2 2 2 174 262 1214 261
218 2 2 2 174 1214 1293 261
219 2 2 2 174 263 1281 262
220 2 2 2 174 262 1281 1214
221 2 2 2 174 264 1220 263
222 2 2 2 174 1220 1281 263
223 2 2 2 174 265 1275 264
224 2 2 2 174 264 1275 1220
225 2 2 2 174 266 1226 265
226 2 2 2 174 1226 1275 265
227 2 2 2 174 267 1270 266
228 2 2 2 174 266 1270 1226
229 2 2 2 174 268 1232 267
230 2 2 2 174 1232 1270 267
231 2 2 2 174 269 1263 268
232 2 2 2 174 268 1263 1232
233 2 2 2 174 270 1239 269
234 2 2 2 174 1239 1263 269
235 2 2 2 174 271 1259 270
236 2 2 2 174 270 1259 1239
237 2 2 2 174 1243 1259 271
238 2 2 2 174 300 1242 299
239 2 2 2 174 1242 1255 299
240 2 2 2 174 301 1267 300
241 2 2 2 174 300 1267 1242
242 2 2 2 174 302 1236 301
243 2 2 2 174 1236 1267 301
244 2 2 2 174 303 1264 302
245 2 2 2 174 302 1264 1236
246 2 2 2 174 304 1231 303
247 2 2 2 174 1231 1264 303
248 2 2 2 174 305 1280 304
249 2 2 2 174 304 1280 1231
250 2 2 2 174 306 1223 305
251 2 2 2 174 1223 1280 305
252 2 2 2 174 307 1272 306
253 2 2 2 174 306 1272 1223
254 2 2 2 174 308 1217 307
255 2 2 2 174 1217 1272 307
256 2 2 2 174 309 1286 308
257 2 2 2 174 308 1286 1217
258 2 2 2 174 310 1211 309
259 2 2 2 174 1211 1286 309
260 2 2 2 174 311 1287 310
261 2 2 2 174 310 1287 1211
262 2 2 2 174 312 1207 311
263 2 2 2 174 1207 1287 311
264 2 2 2 174 313 1290 312
265 2 2 2 174 312 1290 1207
266 2 2 2 174 314 1209 313
267 2 2 2 174 1209 1290 313
268 2 2 2 174 315 1295 314
269 2 2 2 174 314 1295 1209
270 2 2 2 174 316 1216 315
271 2 2 2 174 1216 1295 315
272 2 2 2 174 317 1283 316
273 2 2 2 174 316 1283 1216
274 2 2 2 174 318 1221 317
275 2 2 2 174 1221 1283 317
276 2 2 2 174 319 1277 318
277 2 2 2 174 318 1277 1221
278 2 2 2 174 320 1228 319
279 2 2 2 174 1228 1277 319
280 2 2 2 174 321 1269 320
281 2 2 2 174 320 1269 1228
282 2 2 2 174 322 1234 321
283 2 2 2 174 1234 1269 321
284 2 2 2 174 323 1261 322
285 2 2 2 174 322 1261 1234
286 2 2 2 174 324 1238 323
287 2 2 2 174 1238 1261 323
288 2 2 2 174 325 1260 324
289 2 2 2 174 324 1260 1238
290 2 2 2 174 1244 1260 325
291 2 2 2 174 327 1241 326
292 2 2 2 174 1241 1256 326
293 2 2 2 174 328 1268 327
294 2 2 2 174 327 1268 1241
295 2 2 2 174 329 1237 328
296 2 2 2 174 1237 1268 328
297 2 2 2 174 330 1266 329
298 2 2 2 174 329 1266 1237
299 2 2 2 174 331 1230 330
300 2 2 2 174 1230 1266 330
301 2 2 2 174 332 1279 331
302 2 2 2 174 331 1279 1230
303 2 2 2 174 333 1225 332
304 2 2 2 174 1225 1279 332
305 2 2 2 174 334 1274 333
306 2 2 2 174 333 1274 1225
307 2 2 2 174 335 1219 334
308 2 2 2 174 1219 1274 334
309 2 2 2 174 336 1285 335
310 2 2 2 174 335 1285 1219
311 2 2 2 174 337 1213 336
312 2 2 2 174 1213 1285 336
313 2 2 2 174 338 1288 337
314 2 2 2 174 337 1288 1213
315 2 2 2 174 339 1206 338
316 2 2 2 174 1206 1288 338
317 2 2 2 174 340 1292 339
318 2 2 2 174 339 1292 1206
319 2 2 2 174 341 1210 340
320 2 2 2 174 1210 1292 340
321 2 2 2 174 342 1294 341
322 2 2 2 174 341 1294 1210
323 2 2 2 174 343 1215 342
324 2 2 2 174 1215 1294 342
325 2 2 2 174 344 1282 343
326 2 2 2 174 343 1282 1215
327 2 2 2 174 345 1222 344
328 2 2 2 174 1222 1282 344
329 2 2 2 174 346 1276 345
330 2 2 2 174 345 1276 1222
331 2 2 2 174 347 1227 346
332 2 2 2 174 1227 1276 346
333 2 2 2 174 348 1271 347
334 2 2 2 174 347 1271 1227
335 2 2 2 174 349 1233 348
336 2 2 2 174 1233 1271 348
337 2 2 2 174 350 1262 349
338 2 2 2 174 349 1262 1233
339 2 2 2 174 351 1240 350
340 2 2 2 174 1240 1262 350
341 2 2 2 174 352 1258 351
342 2 2 2 174 351 1258 1240
343 2 2 2 174 1201 1258 352
344 2 2 2 174 353 1301 354
345 2 2 2 174 1193 1301 353
346 2 2 2 174 354 1247 355
347 2 2 2 174 354 1301 1247
348 2 2 2 174 355 1297 356
349 2 2 2 174 1247 1297 355
350 2 2 2 174 356 1251 357
351 2 2 2 174 356 1297 1251
352 2 2 2 174 357 1253 358
353 2 2 2 174 1251 1253 357
354 2 2 2 174 358 1253 359
355 2 2 2 174 359 1249 360
356 2 2 2 174 359 1253 1249
357 2 2 2 174 360 1298 361
358 2 2 2 174 1249 1298 360
359 2 2 2 174 361 1246 362
360 2 2 2 174 361 1298 1246
361 2 2 2 174 362 1303 363
362 2 2 2 174 1246 1303 362
363 2 2 2 174 363 1204 364
364 2 2 2 174 363 1303 1204
365 2 2 2 174 364 1304 365
366 2 2 2 174 1204 1304 364
367 2 2 2 174 365 1304 1200
368 2 2 2 174 366 1306 1192
369 2 2 2 174 367 1307 1306
370 2 2 2 174 1192 1307 368
371 2 2 2 174 369 1305 370
372 2 2 2 174 1199 1305 369
373 2 2 2 174 370 1203 371
374 2 2 2 174 370 1305 1203
375 2 2 2 174 371 1302 372
376 2 2 2 174 1203 1302 371
377 2 2 2 174 372 1245 373
378 2 2 2 174 372 1302 1245
379 2 2 2 174 373 1299 374
380 2 2 2 174 1245 1299 373
381 2 2 2 174 374 1250 375
382 2 2 2 174 374 1299 1250
383 2 2 2 174 375 1254 376
384 2 2 2 174 1250 1254 375
385 2 2 2 174 376 1254 377
386 2 2 2 174 377 1252 378
387 2 2 2 174 377 1254 1252
388 2 2 2 174 378 1296 379
389 2 2 2 174 1252 1296 378
390 2 2 2 174 379 1248 380
391 2 2 2 174 379 1296 1248
392 2 2 2 174 380 1300 381
393 2 2 2 174 1248 1300 380
394 2 2 2 174 381 1300 1194
395 2 2 2 174 383 1197 382
396 2 2 2 174 1197 1309 382
397 2 2 2 174 384 1243 383
398 2 2 2 174 383 1243 1197
399 2 2 2 174 385 1259 384
400 2 2 2 174 384 1259 1243
401 2 2 2 174 386 1239 385
402 2 2 2 174 1239 1259 385
403 2 2 2 174 387 1263 386
404 2 2 2 174 386 1263 1239
405 2 2 2 174 388 1232 387
406 2 2 2 174 1232 1263 387
407 2 2 2 174 389 1270 388
408 2 2 2 174 388 1270 1232
409 2 2 2 174 390 1226 389
410 2 2 2 174 1226 1270 389
411 2 2 2 174 391 1275 390
412 2 2 2 174 390 1275 1226
413 2 2 2 174 392 1220 391
414 2 2 2 174 1220 1275 391
415 2 2 2 174 393 1281 392
416 2 2 2 174 392 1281 1220
417 2 2 2 174 394 1214 393
418 2 2 2 174 1214 1281 393
419 2 2 2 174 395 1293 394
420 2 2 2 174 394 1293 1214
421 2 2 2 174 396 1208 395
422 2 2 2 174 1208 1293 395
423 2 2 2 174 397 1291 396
424 2 2 2 174 396 1291 1208
425 2 2 2 174 398 1205 397
426 2 2 2 174 1205 1291 397
427 2 2 2 174 399 1289 398
428 2 2 2 174 398 1289 1205
429 2 2 2 174 400 1212 399
430 2 2 2 174 1212 1289 399
431 2 2 2 174 401 1284 400
432 2 2 2 174 400 1284 1212
433 2 2 2 174 402 1218 401
434 2 2 2 174 1218 1284 401
435 2 2 2 174 403 1273 402
436 2 2 2 174 402 1273 1218
437 2 2 2 174 404 1224 403
438 2 2 2 174 1224 1273 403
439 2 2 2 174 405 1278 404
440 2 2 2 174 404 1278 1224
441 2 2 2 174 406 1229 405
442 2 2 2 174 1229 1278 405
443 2 2 2 174 407 1265 406
444 2 2 2 174 406 1265 1229
445 2 2 2 174 408 1235 407
446 2 2 2 174 1235 1265 407
447 2 2 2 174 409 1308 408
448 2 2 2 174 408 1308 1235
449 2 2 2 174 410 1257 409
450 2 2 2 174 1257 1308 409
451 2 2 2 174 411 1202 410
452 2 2 2 174 1202 1257 410
453 2 2 2 174 412 1196 411
454 2 2 2 174 1196 1202 411
455 2 2 2 174 412 1310 1196
456 2 2 2 174 414 1196 413
457 2 2 2 174 1196 1310 413
458 2 2 2 174 415 1199 414
459 2 2 2 174 414 1199 1196
460 2 2 2 174 416 1305 415
461 2 2 2 174 415 1305 1199
462 2 2 2 174 417 1203 416
463 2 2 2 174 1203 1305 416
464 2 2 2 174 418 1302 417
465 2 2 2 174 417 1302 1203
466 2 2 2 174 419 1245 418
467 2 2 2 174 1245 1302 418
468 2 2 2 174 420 1299 419
469 2 2 2 174 419 1299 1245
470 2 2 2 174 421 1250 420
471 2 2 2 174 1250 1299 420
472 2 2 2 174 422 1254 421
473 2 2 2 174 421 1254 1250
474 2 2 2 174 423 1252 422
475 2 2 2 174 1252 1254 422
476 2 2 2 174 424 1296 423
477 2 2 2 174 423 1296 1252
478 2 2 2 174 425 1248 424
479 2 2 2 174 1248 1296 424
480 2 2 2 174 426 1300 425
481 2 2 2 174 425 1300 1248
482 2 2 2 174 427 1194 426
483 2 2 2 174 1194 1300 426
484 2 2 2 174 428 1191 427
485 2 2 2 174 1191 1194 427
486 2 2 2 174 429 1191 428
487 2 2 2 174 430 1193 429
488 2 2 2 174 429 1193 1191
489 2 2 2 174 431 1301 430
490 2 2 2 174 430 1301 1193
491 2 2 2 174 432 1247 431
492 2 2 2 174 1247 1301 431
493 2 2 2 174 433 1297 432
494 2 2 2 174 432 1297 1247
495 2 2 2 174 434 1251 433
496 2 2 2 174 1251 1297 433
497 2 2 2 174 435 1253 434
498 2 2 2 174 434 1253 1251
499 2 2 2 174 436 1249 435
500 2 2 2 174 1249 1253 435
501 2 2 2 174 437 1298 436
502 2 2 2 174 436 1298 1249
503 2 2 2 174 438 1246 437
504 2 2 2 174 1246 1298 437
505 2 2 2 174 439 1303 438
506 2 2 2 174 438 1303 1246
507 2 2 2 174 440 1204 439
508 2 2 2 174 1204 1303 439
509 2 2 2 174 441 1304 440
510 2 2 2 174 440 1304 1204
511 2 2 2 174 442 1200 441
512 2 2 2 174 1200 1304 441
513 2 2 2 174 443 1195 442
514 2 2 2 174 1195 1200 442
515 2 2 2 174 443 1311 1195
516 2 2 2 174 445 1195 444
517 2 2 2 174 1195 1311 444
518 2 2 2 174 446 1201 445
519 2 2 2 174 445 1201 1195
520 2 2 2 174 447 1258 446
521 2 2 2 174 446 1258 1201
522 2 2 2 174 448 1240 447
523 2 2 2 174 1240 1258 447
524 2 2 2 174 449 1262 448
525 2 2 2 174 448 1262 1240
526 2 2 2 174 450 1233 449
527 2 2 2 174 1233 1262 449
528 2 2 2 174 451 1271 450
529 2 2 2 174 450 1271 1233
530 2 2 2 174 452 1227 451
531 2 2 2 174 1227 1271 451
532 2 2 2 174 453 1276 452
533 2 2 2 174 452 1276 1227
534 2 2 2 174 454 1222 453
535 2 2 2 174 1222 1276 453
536 2 2 2 174 455 1282 454
537 2 2 2 174 454 1282 1222
538 2 2 2 174 456 1215 455
539 2 2 2 174 1215 1282 455
540 2 2 2 174 457 1294 456
541 2 2 2 174 456 1294 1215
542 2 2 2 174 458 1210 457
543 2 2 2 174 1210 1294 457
544 2 2 2 174 459 1292 458
545 2 2 2 174 458 1292 1210
546 2 2 2 174 460 1206 459
547 2 2 2 174 1206 1292 459
548 2 2 2 174 461 1288 460
549 2 2 2 174 460 1288 1206
550 2 2 2 174 462 1213 461
551 2 2 2 174 1213 1288 461
552 2 2 2 174 463 1285 462
553 2 2 2 174 462 1285 1213
554 2 2 2 174 464 1219 463
555 2 2 2 174 1219 1285 463
556 2 2 2 174 465 1274 464
557 2 2 2 174 464 1274 1219
558 2 2 2 174 466 1225 465
559 2 2 2 174 1225 1274 465
560 2 2 2 174 467 1279 466
561 2 2 2 174 466 1279 1225
562 2 2 2 174 468 1230 467
563 2 2 2 174 1230 1279 467
564 2 2 2 174 469 1266 468
565 2 2 2 174 468 1266 1230
566 2 2 2 174 470 1237 469
567 2 2 2 174 1237 1266 469
568 2 2 2 174 471 1268 470
569 2 2 2 174 470 1268 1237
570 2 2 2 174 472 1241 471
571 2 2 2 174 1241 1268 471
572 2 2 2 174 473 1256 472
573 2 2 2 174 472 1256 1241
574 2 2 2 174 474 1198 473
575 2 2 2 174 1198 1256 473
576 2 2 2 174 474 1312 1198
577 2 2 2 174 476 1198 475
578 2 2 2 174 1198 1312 475
579 2 2 2 174 477 1244 476
580 2 2 2 174 476 1244 1198
581 2 2 2 174 478 1260 477
582 2 2 2 174 477 1260 1244
583 2 2 2 174 479 1238 478
584 2 2 2 174 1238 1260 478
585 2 2 2 174 480 1261 479
586 2 2 2 174 479 1261 1238
587 2 2 2 174 481 1234 480
588 2 2 2 174 1234 1261 480
589 2 2 2 174 482 1269 481
590 2 2 2 174 481 1269 1234
591 2 2 2 174 483 1228 482
592 2 2 2 174 1228 1269 482
593 2 2 2 174 484 1277 483
594 2 2 2 174 483 1277 1228
595 2 2 2 174 485 1221 484
596 2 2 2 174 1221 1277 484
597 2 2 2 174 486 1283 485
598 2 2 2 174 485 1283 1221
599 2 2 2 174 487 1216 486
600 2 2 2 174 1216 1283 486
601 2 2 2 174 488 1295 487
602 2 2 2 174 487 1295 1216
603 2 2 2 174 489 1209 488
604 2 2 2 174 1209 1295 488
605 2 2 2 174 490 1290 489
606 2 2 2 174 489 1290 1209
607 2 2 2 174 491 1207 490
608 2 2 2 174 1207 1290 490
609 2 2 2 174 492 1287 491
610 2 2 2 174 491 1287 1207
611 2 2 2 174 493 1211 492
612 2 2 2 174 1211 1287 492
613 2 2 2 174 494 1286 493
614 2 2 2 174 493 1286 1211
615 2 2 2 174 495 1217 494
616 2 2 2 174 1217 1286 494
617 2 2 2 174 496 1272 495
618 2 2 2 174 495 1272 1217
619 2 2 2 174 497 1223 496
620 2 2 2 174 1223 1272 496
621 2 2 2 174 498 1280 497
622 2 2 2 174 497 1280 1223
623 2 2 2 174 499 1231 498
624 2 2 2 174 1231 1280 498
625 2 2 2 174 500 1264 499
626 2 2 2 174 499 1264 1231
627 2 2 2 174 501 1236 500
628 2 2 2 174 1236 1264 500
629 2 2 2 174 502 1267 501
630 2 2 2 174 501 1267 1236
631 2 2 2 174 503 1242 502
632 2 2 2 174 1242 1267 502
633 2 2 2 174 504 1255 503
634 2 2 2 174 503 1255 1242
635 2 2 2 174 505 1197 504
636 2 2 2 174 1197 1255 504
637 2 2 2 174 505 1309 1197
638 2 2 2 174 1306 1307 1192
639 2 2 3 175 506 62 63
640 2 2 3 175 299 62 506
641 2 2 3 175 532 75 65
642 2 2 3 175 325 532 65
643 2 2 3 175 300 299 506
644 2 2 3 175 300 508 301
645 2 2 3 175 300 506 507
646 2 2 3 175 300 507 508
647 2 2 3 175 301 509 302
648 2 2 3 175 301 508 509
649 2 2 3 175 302 510 303
650 2 2 3 175 302 509 510
651 2 2 3 175 303 511 304
652 2 2 3 175 303 510 511
653 2 2 3 175 304 512 305
654 2 2 3 175 304 511 512
655 2 2 3 175 305 513 306
656 2 2 3 175 305 512 513
657 2 2 3 175 306 514 307
658 2 2 3 175 306 513 514
659 2 2 3 175 307 515 308
660 2 2 3 175 307 514 515
661 2 2 3 175 308 515 309
662 2 2 3 175 309 516 310
663 2 2 3 175 515 516 309
664 2 2 3 175 310 517 311
665 2 2 3 175 516 517 310
666 2 2 3 175 311 518 312
667 2 2 3 175 517 518 311
668 2 2 3 175 312 519 313
669 2 2 3 175 518 519 312
670 2 2 3 175 313 520 314
671 2 2 3 175 519 520 313
672 2 2 3 175 314 521 315
673 2 2 3 175 520 521 314
674 2 2 3 175 315 522 316
675 2 2 3 175 521 522 315
676 2 2 3 175 316 523 317
677 2 2 3 175 522 523 316
678 2 2 3 175 317 524 318
679 2 2 3 175 523 524 317
680 2 2 3 175 318 526 319
681 2 2 3 175 524 525 318
682 2 2 3 175 318 525 526
683 2 2 3 175 319 527 320
684 2 2 3 175 319 526 527
685 2 2 3 175 320 527 321
686 2 2 3 175 321 528 322
687 2 2 3 175 527 528 321
688 2 2 3 175 322 529 323
689 2 2 3 175 528 529 322
690 2 2 3 175 323 530 324
691 2 2 3 175 529 530 323
692 2 2 3 175 324 532 325
693 2 2 3 175 530 531 324
694 2 2 3 175 324 531 532
695 2 2 3 177 61 576 64
696 2 2 3 177 369 576 61
697 2 2 3 177 80 588 70
698 2 2 3 177 70 588 381
699 2 2 3 177 370 577 369
700 2 2 3 177 369 577 576
701 2 2 3 177 371 577 370
702 2 2 3 177 372 578 371
703 2 2 3 177 578 577 371
704 2 2 3 177 580 372 373
705 2 2 3 177 579 578 372
706 2 2 3 177 580 579 372
707 2 2 3 177 374 580 373
708 2 2 3 177 582 374 375
709 2 2 3 177 581 580 374
710 2 2 3 177 582 581 374
711 2 2 3 177 376 582 375
712 2 2 3 177 376 377 583
713 2 2 3 177 582 376 583
714 2 2 3 177 377 378 584
715 2 2 3 177 583 377 584
716 2 2 3 177 378 379 586
717 2 2 3 177 584 378 585
718 2 2 3 177 378 586 585
719 2 2 3 177 379 380 586
720 2 2 3 177 588 380 381
721 2 2 3 177 586 380 587
722 2 2 3 177 380 588 587
723 2 2 3 178 71 589 81
724 2 2 3 178 505 589 71
725 2 2 3 178 74 82 475
726 2 2 3 178 475 82 619
727 2 2 3 178 619 476 475
728 2 2 3 178 477 476 618
729 2 2 3 178 618 476 619
730 2 2 3 178 617 478 477
731 2 2 3 178 617 477 618
732 2 2 3 178 616 479 478
733 2 2 3 178 616 478 617
734 2 2 3 178 615 480 479
735 2 2 3 178 615 479 616
736 2 2 3 178 614 481 480
737 2 2 3 178 614 480 615
738 2 2 3 178 613 482 481
739 2 2 3 178 613 481 614
740 2 2 3 178 612 483 482
741 2 2 3 178 612 482 613
742 2 2 3 178 484 483 611
743 2 2 3 178 611 483 612
744 2 2 3 178 484 610 485
745 2 2 3 178 611 610 484
746 2 2 3 178 485 609 486
747 2 2 3 178 485 610 609
748 2 2 3 178 486 608 487
749 2 2 3 178 486 609 608
750 2 2 3 178 487 607 488
751 2 2 3 178 487 608 607
752 2 2 3 178 488 605 489
753 2 2 3 178 488 606 605
754 2 2 3 178 488 607 606
755 2 2 3 178 489 604 490
756 2 2 3 178 489 605 604
757 2 2 3 178 490 603 491
758 2 2 3 178 604 603 490
759 2 2 3 178 491 602 492
760 2 2 3 178 491 603 602
761 2 2 3 178 492 602 493
762 2 2 3 178 493 601 494
763 2 2 3 178 602 601 493
764 2 2 3 178 494 600 495
765 2 2 3 178 494 601 600
766 2 2 3 178 495 599 496
767 2 2 3 178 495 600 599
768 2 2 3 178 496 598 497
769 2 2 3 178 496 599 598
770 2 2 3 178 497 597 498
771 2 2 3 178 497 598 597
772 2 2 3 178 498 596 499
773 2 2 3 178 498 597 596
774 2 2 3 178 499 595 500
775 2 2 3 178 499 596 595
776 2 2 3 178 594 501 500
777 2 2 3 178 595 594 500
778 2 2 3 178 593 502 501
779 2 2 3 178 593 501 594
780 2 2 3 178 502 592 503
781 2 2 3 178 593 592 502
782 2 2 3 178 503 591 504
783 2 2 3 178 503 592 591
784 2 2 3 178 504 590 505
785 2 2 3 178 504 591 590
786 2 2 3 178 505 590 589
787 2 2 3 179 620 71 81
788 2 2 3 179 620 382 71
789 2 2 3 179 83 72 412
790 2 2 3 179 412 650 83
791 2 2 3 179 621 383 382
792 2 2 3 179 621 382 620
793 2 2 3 179 384 383 621
794 2 2 3 179 384 622 385
795 2 2 3 179 621 622 384
796 2 2 3 179 385 623 386
797 2 2 3 179 622 623 385
798 2 2 3 179 386 624 387
799 2 2 3 179 623 624 386
800 2 2 3 179 387 625 388
801 2 2 3 179 624 625 387
802 2 2 3 179 627 389 388
803 2 2 3 179 625 626 388
804 2 2 3 179 388 626 627
805 2 2 3 179 627 390 389
806 2 2 3 179 391 390 629
807 2 2 3 179 627 628 390
808 2 2 3 179 390 628 629
809 2 2 3 179 630 392 391
810 2 2 3 179 391 629 630
811 2 2 3 179 631 393 392
812 2 2 3 179 631 392 630
813 2 2 3 179 632 394 393
814 2 2 3 179 632 393 631
815 2 2 3 179 633 395 394
816 2 2 3 179 633 394 632
817 2 2 3 179 634 396 395
818 2 2 3 179 634 395 633
819 2 2 3 179 397 396 634
820 2 2 3 179 635 398 397
821 2 2 3 179 397 634 635
822 2 2 3 179 398 636 399
823 2 2 3 179 635 636 398
824 2 2 3 179 399 638 400
825 2 2 3 179 636 637 399
826 2 2 3 179 399 637 638
827 2 2 3 179 400 638 401
828 2 2 3 179 401 639 402
829 2 2 3 179 638 639 401
830 2 2 3 179 402 640 403
831 2 2 3 179 639 640 402
832 2 2 3 179 403 641 404
833 2 2 3 179 640 641 403
834 2 2 3 179 404 642 405
835 2 2 3 179 641 642 404
836 2 2 3 179 405 643 406
837 2 2 3 179 642 643 405
838 2 2 3 179 406 645 407
839 2 2 3 179 643 644 406
840 2 2 3 179 406 644 645
841 2 2 3 179 407 645 408
842 2 2 3 179 408 646 409
843 2 2 3 179 645 646 408
844 2 2 3 179 409 647 410
845 2 2 3 179 646 647 409
846 2 2 3 179 410 648 411
847 2 2 3 179 647 648 410
848 2 2 3 179 411 649 412
849 2 2 3 179 648 649 411
850 2 2 3 179 649 650 412
851 2 2 3 180 83 413 72
852 2 2 3 180 73 651 84
853 2 2 3 180 443 651 73
854 2 2 3 180 681 413 83
855 2 2 3 180 681 414 413
856 2 2 3 180 415 414 680
857 2 2 3 180 680 414 681
858 2 2 3 180 415 679 416
859 2 2 3 180 415 680 679
860 2 2 3 180 416 678 417
861 2 2 3 180 416 679 678
862 2 2 3 180 417 677 418
863 2 2 3 180 417 678 677
864 2 2 3 180 418 676 419
865 2 2 3 180 418 677 676
866 2 2 3 180 675 420 419
867 2 2 3 180 419 676 675
868 2 2 3 180 421 420 674
869 2 2 3 180 674 420 675
870 2 2 3 180 673 422 421
871 2 2 3 180 421 674 673
872 2 2 3 180 672 423 422
873 2 2 3 180 672 422 673
874 2 2 3 180 671 424 423
875 2 2 3 180 671 423 672
876 2 2 3 180 670 425 424
877 2 2 3 180 670 424 671
878 2 2 3 180 669 426 425
879 2 2 3 180 669 425 670
880 2 2 3 180 426 667 427
881 2 2 3 180 426 668 667
882 2 2 3 180 669 668 426
883 2 2 3 180 428 427 666
884 2 2 3 180 427 667 666
885 2 2 3 180 429 428 665
886 2 2 3 180 665 428 666
887 2 2 3 180 429 664 430
888 2 2 3 180 665 664 429
889 2 2 3 180 430 664 431
890 2 2 3 180 431 663 432
891 2 2 3 180 431 664 663
892 2 2 3 180 432 662 433
893 2 2 3 180 432 663 662
894 2 2 3 180 433 661 434
895 2 2 3 180 662 661 433
896 2 2 3 180 434 660 435
897 2 2 3 180 661 660 434
898 2 2 3 180 435 659 436
899 2 2 3 180 435 660 659
900 2 2 3 180 436 658 437
901 2 2 3 180 436 659 658
902 2 2 3 180 437 657 438
903 2 2 3 180 437 658 657
904 2 2 3 180 438 656 439
905 2 2 3 180 657 656 438
906 2 2 3 180 439 655 440
907 2 2 3 180 439 656 655
908 2 2 3 180 440 654 441
909 2 2 3 180 655 654 440
910 2 2 3 180 441 653 442
911 2 2 3 180 441 654 653
912 2 2 3 180 442 652 443
913 2 2 3 180 442 653 652
914 2 2 3 180 443 652 651
915 2 2 3 181 533 65 75
916 2 2 3 181 326 65 533
917 2 2 3 181 76 66 559
918 2 2 3 181 66 352 559
919 2 2 3 181 327 326 533
920 2 2 3 181 328 327 534
921 2 2 3 181 534 327 533
922 2 2 3 181 329 328 535
923 2 2 3 181 535 328 534
924 2 2 3 181 330 329 536
925 2 2 3 181 536 329 535
926 2 2 3 181 330 538 331
927 2 2 3 181 536 537 330
928 2 2 3 181 330 537 538
929 2 2 3 181 332 331 539
930 2 2 3 181 331 538 539
931 2 2 3 181 333 332 539
932 2 2 3 181 334 333 540
933 2 2 3 181 540 333 539
934 2 2 3 181 335 334 541
935 2 2 3 181 541 334 540
936 2 2 3 181 336 335 542
937 2 2 3 181 542 335 541
938 2 2 3 181 544 337 336
939 2 2 3 181 543 336 542
940 2 2 3 181 544 336 543
941 2 2 3 181 545 338 337
942 2 2 3 181 545 337 544
943 2 2 3 181 546 339 338
944 2 2 3 181 546 338 545
945 2 2 3 181 547 340 339
946 2 2 3 181 547 339 546
947 2 2 3 181 548 341 340
948 2 2 3 181 548 340 547
949 2 2 3 181 549 342 341
950 2 2 3 181 549 341 548
951 2 2 3 181 550 343 342
952 2 2 3 181 550 342 549
953 2 2 3 181 551 344 343
954 2 2 3 181 551 343 550
955 2 2 3 181 552 345 344
956 2 2 3 181 552 344 551
957 2 2 3 181 553 346 345
958 2 2 3 181 553 345 552
959 2 2 3 181 554 347 346
960 2 2 3 181 554 346 553
961 2 2 3 181 554 348 347
962 2 2 3 181 556 349 348
963 2 2 3 181 554 555 348
964 2 2 3 181 556 348 555
965 2 2 3 181 557 350 349
966 2 2 3 181 557 349 556
967 2 2 3 181 558 351 350
968 2 2 3 181 558 350 557
969 2 2 3 181 558 352 351
970 2 2 3 181 558 559 352
971 2 2 3 182 575 69 79
972 2 2 3 182 368 69 575
973 2 2 3 182 368 80 70
974 2 2 3 182 368 575 80
975 2 2 3 183 572 66 76
976 2 2 3 183 66 572 365
977 2 2 3 183 67 560 77
978 2 2 3 183 560 67 353
979 2 2 3 183 354 560 353
980 2 2 3 183 355 561 354
981 2 2 3 183 561 560 354
982 2 2 3 183 355 356 563
983 2 2 3 183 562 561 355
984 2 2 3 183 562 355 563
985 2 2 3 183 357 563 356
986 2 2 3 183 358 564 357
987 2 2 3 183 564 563 357
988 2 2 3 183 359 565 358
989 2 2 3 183 565 564 358
990 2 2 3 183 360 566 359
991 2 2 3 183 566 565 359
992 2 2 3 183 360 361 567
993 2 2 3 183 566 360 567
994 2 2 3 183 361 362 568
995 2 2 3 183 567 361 568
996 2 2 3 183 362 363 570
997 2 2 3 183 568 362 569
998 2 2 3 183 362 570 569
999 2 2 3 183 363 364 570
1000 2 2 3 183 572 364 365
1001 2 2 3 183 570 364 571
1002 2 2 3 183 364 572 571
1003 2 2 3 184 574 68 78
1004 2 2 3 184 367 68 574
1005 2 2 3 184 367 79 69
1006 2 2 3 184 367 574 79
1007 2 2 3 185 682 73 84
1008 2 2 3 185 682 444 73
1009 2 2 3 185 82 74 474
1010 2 2 3 185 474 712 82
1011 2 2 3 185 683 445 444
1012 2 2 3 185 683 444 682
1013 2 2 3 185 446 445 683
1014 2 2 3 185 684 447 446
1015 2 2 3 185 446 683 684
1016 2 2 3 185 447 685 448
1017 2 2 3 185 684 685 447
1018 2 2 3 185 448 686 449
1019 2 2 3 185 685 686 448
1020 2 2 3 185 449 687 450
1021 2 2 3 185 686 687 449
1022 2 2 3 185 450 688 451
1023 2 2 3 185 687 688 450
1024 2 2 3 185 451 689 452
1025 2 2 3 185 688 689 451
1026 2 2 3 185 452 690 453
1027 2 2 3 185 689 690 452
1028 2 2 3 185 692 454 453
1029 2 2 3 185 690 691 453
1030 2 2 3 185 453 691 692
1031 2 2 3 185 693 455 454
1032 2 2 3 185 693 454 692
1033 2 2 3 185 456 455 693
1034 2 2 3 185 695 457 456
1035 2 2 3 185 694 456 693
1036 2 2 3 185 695 456 694
1037 2 2 3 185 696 458 457
1038 2 2 3 185 696 457 695
1039 2 2 3 185 459 458 696
1040 2 2 3 185 460 459 697
1041 2 2 3 185 697 459 696
1042 2 2 3 185 460 698 461
1043 2 2 3 185 697 698 460
1044 2 2 3 185 461 700 462
1045 2 2 3 185 698 699 461
1046 2 2 3 185 461 699 700
1047 2 2 3 185 701 463 462
1048 2 2 3 185 700 701 462
1049 2 2 3 185 464 463 701
1050 2 2 3 185 702 465 464
1051 2 2 3 185 464 701 702
1052 2 2 3 185 465 703 466
1053 2 2 3 185 702 703 465
1054 2 2 3 185 466 704 467
1055 2 2 3 185 703 704 466
1056 2 2 3 185 467 705 468
1057 2 2 3 185 704 705 467
1058 2 2 3 185 468 706 469
1059 2 2 3 185 705 706 468
1060 2 2 3 185 469 707 470
1061 2 2 3 185 706 707 469
1062 2 2 3 185 470 708 471
1063 2 2 3 185 707 708 470
1064 2 2 3 185 471 710 472
1065 2 2 3 185 708 709 471
1066 2 2 3 185 471 709 710
1067 2 2 3 185 472 710 473
1068 2 2 3 185 473 711 474
1069 2 2 3 185 710 711 473
1070 2 2 3 185 711 712 474
1071 2 2 3 186 573 67 77
1072 2 2 3 186 366 67 573
1073 2 2 3 186 366 78 68
1074 2 2 3 186 366 573 78
1075 2 2 11 187 86 85 1313
1076 2 2 11 187 85 87 1313
1077 2 2 11 187 88 86 1313
1078 2 2 11 187 87 88 1313
1079 2 2 11 188 85 86 1315
1080 2 2 11 188 714 85 1315
1081 2 2 11 188 86 716 1315
1082 2 2 11 188 90 89 1314
1083 2 2 11 188 89 713 1314
1084 2 2 11 188 715 90 1314
1085 2 2 11 188 713 714 1316
1086 2 2 11 188 713 715 1314
1087 2 2 11 188 715 713 1316
1088 2 2 11 188 716 714 1315
1089 2 2 11 188 714 716 1316
1090 2 2 11 188 716 715 1316
1091 2 2 11 189 88 87 1318
1092 2 2 11 189 87 717 1318
1093 2 2 11 189 719 88 1318
1094 2 2 11 189 91 92 1317
1095 2 2 11 189 718 91 1317
1096 2 2 11 189 92 720 1317
1097 2 2 11 189 717 718 1319
1098 2 2 11 189 717 719 1318
1099 2 2 11 189 719 717 1319
1100 2 2 11 189 720 718 1317
1101 2 2 11 189 718 720 1319
1102 2 2 11 189 720 719 1319
1103 2 2 10 191 88 1335 86
1104 2 2 10 191 86 1335 716
1105 2 2 10 191 719 1335 88
1106 2 2 10 191 90 720 92
1107 2 2 10 191 92 832 90
1108 2 2 10 191 715 720 90
1109 2 2 10 191 90 832 942
1110 2 2 10 191 121 148 836
1111 2 2 10 191 837 148 121
1112 2 2 10 191 122 147 841
1113 2 2 10 191 842 147 122
1114 2 2 10 191 123 146 846
1115 2 2 10 191 847 146 123
1116 2 2 10 191 124 145 851
1117 2 2 10 191 852 145 124
1118 2 2 10 191 125 144 856
1119 2 2 10 191 857 144 125
1120 2 2 10 191 126 143 861
1121 2 2 10 191 862 143 126
1122 2 2 10 191 127 142 866
1123 2 2 10 191 867 142 127
1124 2 2 10 191 128 141 868
1125 2 2 10 191 869 141 128
1126 2 2 10 191 904 140 129
1127 2 2 10 191 129 140 905
1128 2 2 10 191 129 905 869
1129 2 2 10 191 870 904 129
1130 2 2 10 191 130 139 871
1131 2 2 10 191 872 139 130
1132 2 2 10 191 131 138 876
1133 2 2 10 191 877 138 131
1134 2 2 10 191 132 137 881
1135 2 2 10 191 882 137 132
1136 2 2 10 191 133 136 886
1137 2 2 10 191 887 136 133
1138 2 2 10 191 135 1334 134
1139 2 2 10 191 134 1334 888
1140 2 2 10 191 889 1334 135
1141 2 2 10 191 886 136 891
1142 2 2 10 191 890 136 887
1143 2 2 10 191 881 137 895
1144 2 2 10 191 894 137 882
1145 2 2 10 191 876 138 899
1146 2 2 10 191 898 138 877
1147 2 2 10 191 871 139 903
1148 2 2 10 191 902 139 872
1149 2 2 10 191 868 141 906
1150 2 2 10 191 905 141 869
1151 2 2 10 191 866 142 908
1152 2 2 10 191 907 142 867
1153 2 2 10 191 861 143 913
1154 2 2 10 191 912 143 862
1155 2 2 10 191 144 918 856
1156 2 2 10 191 857 917 144
1157 2 2 10 191 145 923 851
1158 2 2 10 191 852 922 145
1159 2 2 10 191 846 146 928
1160 2 2 10 191 927 146 847
1161 2 2 10 191 841 147 933
1162 2 2 10 191 932 147 842
1163 2 2 10 191 836 148 938
1164 2 2 10 191 937 148 837
1165 2 2 10 191 715 716 719
1166 2 2 10 191 719 720 715
1167 2 2 10 191 716 1335 719
1168 2 2 10 191 942 832 833
1169 2 2 10 191 834 1332 833
1170 2 2 10 191 942 833 941
1171 2 2 10 191 833 1332 941
1172 2 2 10 191 835 1326 834
1173 2 2 10 191 834 1326 940
1174 2 2 10 191 940 1332 834
1175 2 2 10 191 835 836 938
1176 2 2 10 191 939 835 938
1177 2 2 10 191 939 1326 835
1178 2 2 10 191 837 838 937
1179 2 2 10 191 839 1323 838
1180 2 2 10 191 937 838 936
1181 2 2 10 191 838 1323 936
1182 2 2 10 191 840 1321 839
1183 2 2 10 191 839 1321 935
1184 2 2 10 191 935 1323 839
1185 2 2 10 191 840 841 933
1186 2 2 10 191 934 840 933
1187 2 2 10 191 934 1321 840
1188 2 2 10 191 842 843 932
1189 2 2 10 191 844 1333 843
1190 2 2 10 191 932 843 931
1191 2 2 10 191 843 1333 931
1192 2 2 10 191 845 1327 844
1193 2 2 10 191 844 1327 930
1194 2 2 10 191 930 1333 844
1195 2 2 10 191 928 845 846
1196 2 2 10 191 929 845 928
1197 2 2 10 191 929 1327 845
1198 2 2 10 191 927 847 848
1199 2 2 10 191 849 1324 848
1200 2 2 10 191 927 848 926
1201 2 2 10 191 848 1324 926
1202 2 2 10 191 850 1320 849
1203 2 2 10 191 849 1320 925
1204 2 2 10 191 925 1324 849
1205 2 2 10 191 851 923 850
1206 2 2 10 191 923 924 850
1207 2 2 10 191 924 1320 850
1208 2 2 10 191 853 922 852
1209 2 2 10 191 854 1330 853
1210 2 2 10 191 921 922 853
1211 2 2 10 191 853 1330 921
1212 2 2 10 191 855 1328 854
1213 2 2 10 191 854 1328 920
1214 2 2 10 191 920 1330 854
1215 2 2 10 191 856 918 855
1216 2 2 10 191 918 919 855
1217 2 2 10 191 919 1328 855
1218 2 2 10 191 858 917 857
1219 2 2 10 191 859 1325 858
1220 2 2 10 191 916 917 858
1221 2 2 10 191 858 1325 916
1222 2 2 10 191 860 1322 859
1223 2 2 10 191 859 1322 915
1224 2 2 10 191 915 1325 859
1225 2 2 10 191 861 913 860
1226 2 2 10 191 913 914 860
1227 2 2 10 191 914 1322 860
1228 2 2 10 191 863 912 862
1229 2 2 10 191 864 1331 863
1230 2 2 10 191 911 912 863
1231 2 2 10 191 863 1331 911
1232 2 2 10 191 865 1329 864
1233 2 2 10 191 864 1329 910
1234 2 2 10 191 910 1331 864
1235 2 2 10 191 866 908 865
1236 2 2 10 191 908 909 865
1237 2 2 10 191 909 1329 865
1238 2 2 10 191 868 907 867
1239 2 2 10 191 906 907 868
1240 2 2 10 191 871 903 870
1241 2 2 10 191 903 904 870
1242 2 2 10 191 873 902 872
1243 2 2 10 191 874 901 873
1244 2 2 10 191 901 902 873
1245 2 2 10 191 875 900 874
1246 2 2 10 191 900 901 874
1247 2 2 10 191 876 899 875
1248 2 2 10 191 899 900 875
1249 2 2 10 191 878 898 877
1250 2 2 10 191 879 897 878
1251 2 2 10 191 897 898 878
1252 2 2 10 191 880 896 879
1253 2 2 10 191 896 897 879
1254 2 2 10 191 881 895 880
1255 2 2 10 191 895 896 880
1256 2 2 10 191 894 882 883
1257 2 2 10 191 884 893 883
1258 2 2 10 191 893 894 883
1259 2 2 10 191 884 885 892
1260 2 2 10 191 892 893 884
1261 2 2 10 191 885 886 891
1262 2 2 10 191 892 885 891
1263 2 2 10 191 890 887 888
1264 2 2 10 191 890 888 889
1265 2 2 10 191 888 1334 889
1266 2 2 10 191 910 1329 909
1267 2 2 10 191 911 1331 910
1268 2 2 10 191 915 1322 914
1269 2 2 10 191 916 1325 915
1270 2 2 10 191 920 1328 919
1271 2 2 10 191 921 1330 920
1272 2 2 10 191 925 1320 924
1273 2 2 10 191 926 1324 925
1274 2 2 10 191 930 1327 929
1275 2 2 10 191 931 1333 930
1276 2 2 10 191 935 1321 934
1277 2 2 10 191 936 1323 935
1278 2 2 10 191 940 1326 939
1279 2 2 10 191 941 1332 940
1280 2 2 11 192 89 90 1336
1281 2 2 11 192 831 89 1336
1282 2 2 11 192 90 942 1336
1283 2 2 11 192 148 120 1337
1284 2 2 11 192 120 827 1337
1285 2 2 11 192 938 148 1337
1286 2 2 11 192 827 828 1340
1287 2 2 11 192 827 938 1337
1288 2 2 11 192 938 827 1340
1289 2 2 11 192 828 829 1339
1290 2 2 11 192 939 828 1339
1291 2 2 11 192 828 939 1340
1292 2 2 11 192 829 830 1338
1293 2 2 11 192 940 829 1338
1294 2 2 11 192 829 940 1339
1295 2 2 11 192 830 831 1341
1296 2 2 11 192 830 941 1338
1297 2 2 11 192 941 830 1341
1298 2 2 11 192 942 831 1336
1299 2 2 11 192 831 942 1341
1300 2 2 11 192 939 938 1340
1301 2 2 11 192 940 939 1339
1302 2 2 11 192 941 940 1338
1303 2 2 11 192 942 941 1341
1304 2 2 11 193 92 91 1343
1305 2 2 11 193 91 721 1343
1306 2 2 11 193 832 92 1343
1307 2 2 11 193 93 121 1342
1308 2 2 11 193 725 93 1342
1309 2 2 11 193 121 836 1342
1310 2 2 11 193 721 722 1347
1311 2 2 11 193 721 832 1343
1312 2 2 11 193 832 721 1347
1313 2 2 11 193 722 723 1345
1314 2 2 11 193 833 722 1345
1315 2 2 11 193 722 833 1347
1316 2 2 11 193 723 724 1344
1317 2 2 11 193 834 723 1344
1318 2 2 11 193 723 834 1345
1319 2 2 11 193 724 725 1346
1320 2 2 11 193 724 835 1344
1321 2 2 11 193 835 724 1346
1322 2 2 11 193 836 725 1342
1323 2 2 11 193 725 836 1346
1324 2 2 11 193 833 832 1347
1325 2 2 11 193 834 833 1345
1326 2 2 11 193 835 834 1344
1327 2 2 11 193 836 835 1346
1328 2 2 11 194 147 119 1349
1329 2 2 11 194 119 826 1349
1330 2 2 11 194 120 148 1348
1331 2 2 11 194 822 120 1348
1332 2 2 11 194 933 147 1349
1333 2 2 11 194 148 937 1348
1334 2 2 11 194 823 822 1353
1335 2 2 11 194 937 822 1348
1336 2 2 11 194 822 937 1353
1337 2 2 11 194 824 823 1350
1338 2 2 11 194 823 936 1350
1339 2 2 11 194 936 823 1353
1340 2 2 11 194 825 824 1351
1341 2 2 11 194 935 824 1350
1342 2 2 11 194 824 935 1351
1343 2 2 11 194 826 825 1352
1344 2 2 11 194 934 825 1351
1345 2 2 11 194 825 934 1352
1346 2 2 11 194 826 933 1349
1347 2 2 11 194 933 826 1352
1348 2 2 11 194 934 933 1352
1349 2 2 11 194 935 934 1351
1350 2 2 11 194 936 935 1350
1351 2 2 11 194 937 936 1353
1352 2 2 11 195 121 93 1355
1353 2 2 11 195 93 730 1355
1354 2 2 11 195 94 122 1354
1355 2 2 11 195 726 94 1354
1356 2 2 11 195 837 121 1355
1357 2 2 11 195 122 841 1354
1358 2 2 11 195 727 726 1358
1359 2 2 11 195 841 726 1354
1360 2 2 11 195 726 841 1358
1361 2 2 11 195 728 727 1357
1362 2 2 11 195 727 840 1357
1363 2 2 11 195 840 727 1358
1364 2 2 11 195 729 728 1356
1365 2 2 11 195 728 839 1356
1366 2 2 11 195 839 728 1357
1367 2 2 11 195 730 729 1359
1368 2 2 11 195 838 729 1356
1369 2 2 11 195 729 838 1359
1370 2 2 11 195 730 837 1355
1371 2 2 11 195 837 730 1359
1372 2 2 11 195 838 837 1359
1373 2 2 11 195 839 838 1356
1374 2 2 11 195 840 839 1357
1375 2 2 11 195 841 840 1358
1376 2 2 11 196 123 95 1361
1377 2 2 11 196 95 740 1361
1378 2 2 11 196 96 124 1360
1379 2 2 11 196 736 96 1360
1380 2 2 11 196 847 123 1361
1381 2 2 11 196 124 851 1360
1382 2 2 11 196 737 736 1364
1383 2 2 11 196 851 736 1360
1384 2 2 11 196 736 851 1364
1385 2 2 11 196 738 737 1363
1386 2 2 11 196 737 850 1363
1387 2 2 11 196 850 737 1364
1388 2 2 11 196 739 738 1362
1389 2 2 11 196 738 849 1362
1390 2 2 11 196 849 738 1363
1391 2 2 11 196 740 739 1365
1392 2 2 11 196 848 739 1362
1393 2 2 11 196 739 848 1365
1394 2 2 11 196 740 847 1361
1395 2 2 11 196 847 740 1365
1396 2 2 11 196 848 847 1365
1397 2 2 11 196 849 848 1362
1398 2 2 11 196 850 849 1363
1399 2 2 11 196 851 850 1364
1400 2 2 11 197 122 94 1367
1401 2 2 11 197 94 731 1367
1402 2 2 11 197 95 123 1366
1403 2 2 11 197 735 95 1366
1404 2 2 11 197 842 122 1367
1405 2 2 11 197 123 846 1366
1406 2 2 11 197 731 732 1371
1407 2 2 11 197 731 842 1367
1408 2 2 11 197 842 731 1371
1409 2 2 11 197 732 733 1369
1410 2 2 11 197 843 732 1369
1411 2 2 11 197 732 843 1371
1412 2 2 11 197 733 734 1368
1413 2 2 11 197 844 733 1368
1414 2 2 11 197 733 844 1369
1415 2 2 11 197 734 735 1370
1416 2 2 11 197 734 845 1368
1417 2 2 11 197 845 734 1370
1418 2 2 11 197 846 735 1366
1419 2 2 11 197 735 846 1370
1420 2 2 11 197 843 842 1371
1421 2 2 11 197 844 843 1369
1422 2 2 11 197 845 844 1368
1423 2 2 11 197 846 845 1370
1424 2 2 11 198 146 118 1373
1425 2 2 11 198 118 817 1373
1426 2 2 11 198 119 147 1372
1427 2 2 11 198 821 119 1372
1428 2 2 11 198 928 146 1373
1429 2 2 11 198 147 932 1372
1430 2 2 11 198 817 818 1376
1431 2 2 11 198 817 928 1373
1432 2 2 11 198 928 817 1376
1433 2 2 11 198 818 819 1375
1434 2 2 11 198 929 818 1375
1435 2 2 11 198 818 929 1376
1436 2 2 11 198 819 820 1374
1437 2 2 11 198 930 819 1374
1438 2 2 11 198 819 930 1375
1439 2 2 11 198 820 821 1377
1440 2 2 11 198 820 931 1374
1441 2 2 11 198 931 820 1377
1442 2 2 11 198 932 821 1372
1443 2 2 11 198 821 932 1377
1444 2 2 11 198 929 928 1376
1445 2 2 11 198 930 929 1375
1446 2 2 11 198 931 930 1374
1447 2 2 11 198 932 931 1377
1448 2 2 11 199 145 117 1379
1449 2 2 11 199 117 816 1379
1450 2 2 11 199 118 146 1378
1451 2 2 11 199 812 118 1378
1452 2 2 11 199 923 145 1379
1453 2 2 11 199 146 927 1378
1454 2 2 11 199 813 812 1382
1455 2 2 11 199 927 812 1378
1456 2 2 11 199 812 927 1382
1457 2 2 11 199 814 813 1380
1458 2 2 11 199 813 926 1380
1459 2 2 11 199 926 813 1382
1460 2 2 11 199 815 814 1381
1461 2 2 11 199 925 814 1380
1462 2 2 11 199 814 925 1381
1463 2 2 11 199 816 815 1383
1464 2 2 11 199 924 815 1381
1465 2 2 11 199 815 924 1383
1466 2 2 11 199 816 923 1379
1467 2 2 11 199 923 816 1383
1468 2 2 11 199 924 923 1383
1469 2 2 11 199 925 924 1381
1470 2 2 11 199 926 925 1380
1471 2 2 11 199 927 926 1382
1472 2 2 11 200 144 116 1385
1473 2 2 11 200 116 807 1385
1474 2 2 11 200 117 145 1384
1475 2 2 11 200 811 117 1384
1476 2 2 11 200 918 144 1385
1477 2 2 11 200 145 922 1384
1478 2 2 11 200 807 808 1388
1479 2 2 11 200 807 918 1385
1480 2 2 11 200 918 807 1388
1481 2 2 11 200 808 809 1387
1482 2 2 11 200 919 808 1387
1483 2 2 11 200 808 919 1388
1484 2 2 11 200 809 810 1386
1485 2 2 11 200 920 809 1386
1486 2 2 11 200 809 920 1387
1487 2 2 11 200 810 811 1389
1488 2 2 11 200 810 921 1386
1489 2 2 11 200 921 810 1389
1490 2 2 11 200 922 811 1384
1491 2 2 11 200 811 922 1389
1492 2 2 11 200 919 918 1388
1493 2 2 11 200 920 919 1387
1494 2 2 11 200 921 920 1386
1495 2 2 11 200 922 921 1389
1496 2 2 11 201 143 115 1391
1497 2 2 11 201 115 806 1391
1498 2 2 11 201 116 144 1390
1499 2 2 11 201 802 116 1390
1500 2 2 11 201 913 143 1391
1501 2 2 11 201 144 917 1390
1502 2 2 11 201 803 802 1395
1503 2 2 11 201 917 802 1390
1504 2 2 11 201 802 917 1395
1505 2 2 11 201 804 803 1392
1506 2 2 11 201 803 916 1392
1507 2 2 11 201 916 803 1395
1508 2 2 11 201 805 804 1393
1509 2 2 11 201 915 804 1392
1510 2 2 11 201 804 915 1393
1511 2 2 11 201 806 805 1394
1512 2 2 11 201 914 805 1393
1513 2 2 11 201 805 914 1394
1514 2 2 11 201 806 913 1391
1515 2 2 11 201 913 806 1394
1516 2 2 11 201 914 913 1394
1517 2 2 11 201 915 914 1393
1518 2 2 11 201 916 915 1392
1519 2 2 11 201 917 916 1395
1520 2 2 11 202 125 97 1397
1521 2 2 11 202 97 750 1397
1522 2 2 11 202 98 126 1396
1523 2 2 11 202 746 98 1396
1524 2 2 11 202 857 125 1397
1525 2 2 11 202 126 861 1396
1526 2 2 11 202 747 746 1400
1527 2 2 11 202 861 746 1396
1528 2 2 11 202 746 861 1400
1529 2 2 11 202 748 747 1398
1530 2 2 11 202 747 860 1398
1531 2 2 11 202 860 747 1400
1532 2 2 11 202 749 748 1399
1533 2 2 11 202 859 748 1398
1534 2 2 11 202 748 859 1399
1535 2 2 11 202 750 749 1401
1536 2 2 11 202 858 749 1399
1537 2 2 11 202 749 858 1401
1538 2 2 11 202 750 857 1397
1539 2 2 11 202 857 750 1401
1540 2 2 11 202 858 857 1401
1541 2 2 11 202 859 858 1399
1542 2 2 11 202 860 859 1398
1543 2 2 11 202 861 860 1400
1544 2 2 11 203 124 96 1403
1545 2 2 11 203 96 741 1403
1546 2 2 11 203 97 125 1402
1547 2 2 11 203 745 97 1402
1548 2 2 11 203 852 124 1403
1549 2 2 11 203 125 856 1402
1550 2 2 11 203 741 742 1407
1551 2 2 11 203 741 852 1403
1552 2 2 11 203 852 741 1407
1553 2 2 11 203 742 743 1405
1554 2 2 11 203 853 742 1405
1555 2 2 11 203 742 853 1407
1556 2 2 11 203 743 744 1404
1557 2 2 11 203 854 743 1404
1558 2 2 11 203 743 854 1405
1559 2 2 11 203 744 745 1406
1560 2 2 11 203 744 855 1404
1561 2 2 11 203 855 744 1406
1562 2 2 11 203 856 745 1402
1563 2 2 11 203 745 856 1406
1564 2 2 11 203 853 852 1407
1565 2 2 11 203 854 853 1405
1566 2 2 11 203 855 854 1404
1567 2 2 11 203 856 855 1406
1568 2 2 11 204 127 99 1409
1569 2 2 11 204 99 757 1409
1570 2 2 11 204 100 128 1408
1571 2 2 11 204 756 100 1408
1572 2 2 11 204 867 127 1409
1573 2 2 11 204 128 868 1408
1574 2 2 11 204 757 756 1410
1575 2 2 11 204 868 756 1408
1576 2 2 11 204 756 868 1410
1577 2 2 11 204 757 867 1409
1578 2 2 11 204 867 757 1410
1579 2 2 11 204 868 867 1410
1580 2 2 11 205 126 98 1412
1581 2 2 11 205 98 751 1412
1582 2 2 11 205 99 127 1411
1583 2 2 11 205 755 99 1411
1584 2 2 11 205 862 126 1412
1585 2 2 11 205 127 866 1411
1586 2 2 11 205 751 752 1416
1587 2 2 11 205 751 862 1412
1588 2 2 11 205 862 751 1416
1589 2 2 11 205 752 753 1414
1590 2 2 11 205 863 752 1414
1591 2 2 11 205 752 863 1416
1592 2 2 11 205 753 754 1413
1593 2 2 11 205 864 753 1413
1594 2 2 11 205 753 864 1414
1595 2 2 11 205 754 755 1415
1596 2 2 11 205 754 865 1413
1597 2 2 11 205 865 754 1415
1598 2 2 11 205 866 755 1411
1599 2 2 11 205 755 866 1415
1600 2 2 11 205 863 862 1416
1601 2 2 11 205 864 863 1414
1602 2 2 11 205 865 864 1413
1603 2 2 11 205 866 865 1415
1604 2 2 11 206 142 114 1418
1605 2 2 11 206 114 797 1418
1606 2 2 11 206 115 143 1417
1607 2 2 11 206 801 115 1417
1608 2 2 11 206 908 142 1418
1609 2 2 11 206 143 912 1417
1610 2 2 11 206 797 798 1421
1611 2 2 11 206 797 908 1418
1612 2 2 11 206 908 797 1421
1613 2 2 11 206 798 799 1420
1614 2 2 11 206 909 798 1420
1615 2 2 11 206 798 909 1421
1616 2 2 11 206 799 800 1419
1617 2 2 11 206 910 799 1419
1618 2 2 11 206 799 910 1420
1619 2 2 11 206 800 801 1422
1620 2 2 11 206 800 911 1419
1621 2 2 11 206 911 800 1422
1622 2 2 11 206 912 801 1417
1623 2 2 11 206 801 912 1422
1624 2 2 11 206 909 908 1421
1625 2 2 11 206 910 909 1420
1626 2 2 11 206 911 910 1419
1627 2 2 11 206 912 911 1422
1628 2 2 11 207 141 113 1424
1629 2 2 11 207 113 796 1424
1630 2 2 11 207 114 142 1423
1631 2 2 11 207 795 114 1423
1632 2 2 11 207 906 141 1424
1633 2 2 11 207 142 907 1423
1634 2 2 11 207 796 795 1425
1635 2 2 11 207 907 795 1423
1636 2 2 11 207 795 907 1425
1637 2 2 11 207 796 906 1424
1638 2 2 11 207 906 796 1425
1639 2 2 11 207 907 906 1425
1640 2 2 11 208 129 101 1426
1641 2 2 11 208 101 760 1426
1642 2 2 11 208 102 130 1427
1643 2 2 11 208 759 102 1427
1644 2 2 11 208 870 129 1426
1645 2 2 11 208 130 871 1427
1646 2 2 11 208 760 759 1428
1647 2 2 11 208 871 759 1427
1648 2 2 11 208 759 871 1428
1649 2 2 11 208 760 870 1426
1650 2 2 11 208 870 760 1428
1651 2 2 11 208 871 870 1428
1652 2 2 11 209 128 100 1429
1653 2 2 11 209 100 758 1429
1654 2 2 11 209 101 129 1430
1655 2 2 11 209 758 101 1430
1656 2 2 11 209 869 128 1429
1657 2 2 11 209 129 869 1430
1658 2 2 11 209 1429 758 1430
1659 2 2 11 209 869 1429 1430
1660 2 2 11 210 140 112 1431
1661 2 2 11 210 112 794 1431
1662 2 2 11 210 113 141 1432
1663 2 2 11 210 794 113 1432
1664 2 2 11 210 905 140 1431
1665 2 2 11 210 141 905 1432
1666 2 2 11 210 1431 794 1432
1667 2 2 11 210 905 1431 1432
1668 2 2 11 211 139 111 1433
1669 2 2 11 211 111 793 1433
1670 2 2 11 211 112 140 1434
1671 2 2 11 211 792 112 1434
1672 2 2 11 211 903 139 1433
1673 2 2 11 211 140 904 1434
1674 2 2 11 211 793 792 1435
1675 2 2 11 211 904 792 1434
1676 2 2 11 211 792 904 1435
1677 2 2 11 211 793 903 1433
1678 2 2 11 211 903 793 1435
1679 2 2 11 211 904 903 1435
1680 2 2 11 212 138 110 1437
1681 2 2 11 212 110 788 1437
1682 2 2 11 212 111 139 1436
1683 2 2 11 212 791 111 1436
1684 2 2 11 212 899 138 1437
1685 2 2 11 212 139 902 1436
1686 2 2 11 212 788 789 1439
1687 2 2 11 212 788 899 1437
1688 2 2 11 212 899 788 1439
1689 2 2 11 212 789 790 1440
1690 2 2 11 212 789 900 1439
1691 2 2 11 212 900 789 1440
1692 2 2 11 212 790 791 1438
1693 2 2 11 212 901 790 1438
1694 2 2 11 212 790 901 1440
1695 2 2 11 212 902 791 1436
1696 2 2 11 212 791 902 1438
1697 2 2 11 212 900 899 1439
1698 2 2 11 212 901 900 1440
1699 2 2 11 212 902 901 1438
1700 2 2 11 213 137 109 1441
1701 2 2 11 213 109 787 1441
1702 2 2 11 213 110 138 1442
1703 2 2 11 213 784 110 1442
1704 2 2 11 213 895 137 1441
1705 2 2 11 213 138 898 1442
1706 2 2 11 213 785 784 1444
1707 2 2 11 213 898 784 1442
1708 2 2 11 213 784 898 1444
1709 2 2 11 213 786 785 1445
1710 2 2 11 213 897 785 1444
1711 2 2 11 213 785 897 1445
1712 2 2 11 213 787 786 1443
1713 2 2 11 213 786 896 1443
1714 2 2 11 213 896 786 1445
1715 2 2 11 213 787 895 1441
1716 2 2 11 213 895 787 1443
1717 2 2 11 213 896 895 1443
1718 2 2 11 213 897 896 1445
1719 2 2 11 213 898 897 1444
1720 2 2 11 214 131 103 1446
1721 2 2 11 214 103 770 1446
1722 2 2 11 214 104 132 1447
1723 2 2 11 214 766 104 1447
1724 2 2 11 214 877 131 1446
1725 2 2 11 214 132 881 1447
1726 2 2 11 214 767 766 1450
1727 2 2 11 214 881 766 1447
1728 2 2 11 214 766 881 1450
1729 2 2 11 214 768 767 1449
1730 2 2 11 214 767 880 1449
1731 2 2 11 214 880 767 1450
1732 2 2 11 214 769 768 1448
1733 2 2 11 214 768 879 1448
1734 2 2 11 214 879 768 1449
1735 2 2 11 214 770 769 1451
1736 2 2 11 214 878 769 1448
1737 2 2 11 214 769 878 1451
1738 2 2 11 214 770 877 1446
1739 2 2 11 214 877 770 1451
1740 2 2 11 214 878 877 1451
1741 2 2 11 214 879 878 1448
1742 2 2 11 214 880 879 1449
1743 2 2 11 214 881 880 1450
1744 2 2 11 215 130 102 1452
1745 2 2 11 215 102 761 1452
1746 2 2 11 215 103 131 1453
1747 2 2 11 215 765 103 1453
1748 2 2 11 215 872 130 1452
1749 2 2 11 215 131 876 1453
1750 2 2 11 215 761 762 1457
1751 2 2 11 215 761 872 1452
1752 2 2 11 215 872 761 1457
1753 2 2 11 215 762 763 1455
1754 2 2 11 215 873 762 1455
1755 2 2 11 215 762 873 1457
1756 2 2 11 215 763 764 1454
1757 2 2 11 215 874 763 1454
1758 2 2 11 215 763 874 1455
1759 2 2 11 215 764 765 1456
1760 2 2 11 215 764 875 1454
1761 2 2 11 215 875 764 1456
1762 2 2 11 215 876 765 1453
1763 2 2 11 215 765 876 1456
1764 2 2 11 215 873 872 1457
1765 2 2 11 215 874 873 1455
1766 2 2 11 215 875 874 1454
1767 2 2 11 215 876 875 1456
1768 2 2 11 216 133 105 1458
1769 2 2 11 216 105 776 1458
1770 2 2 11 216 106 134 1459
1771 2 2 11 216 777 106 1459
1772 2 2 11 216 887 133 1458
1773 2 2 11 216 134 888 1459
1774 2 2 11 216 776 777 1460
1775 2 2 11 216 776 887 1458
1776 2 2 11 216 887 776 1460
1777 2 2 11 216 888 777 1459
1778 2 2 11 216 777 888 1460
1779 2 2 11 216 888 887 1460
1780 2 2 11 217 132 104 1461
1781 2 2 11 217 104 771 1461
1782 2 2 11 217 105 133 1462
1783 2 2 11 217 775 105 1462
1784 2 2 11 217 882 132 1461
1785 2 2 11 217 133 886 1462
1786 2 2 11 217 771 772 1466
1787 2 2 11 217 771 882 1461
1788 2 2 11 217 882 771 1466
1789 2 2 11 217 772 773 1464
1790 2 2 11 217 883 772 1464
1791 2 2 11 217 772 883 1466
1792 2 2 11 217 773 774 1463
1793 2 2 11 217 884 773 1463
1794 2 2 11 217 773 884 1464
1795 2 2 11 217 774 775 1465
1796 2 2 11 217 774 885 1463
1797 2 2 11 217 885 774 1465
1798 2 2 11 217 886 775 1462
1799 2 2 11 217 775 886 1465
1800 2 2 11 217 883 882 1466
1801 2 2 11 217 884 883 1464
1802 2 2 11 217 885 884 1463
1803 2 2 11 217 886 885 1465
1804 2 2 11 218 136 108 1468
1805 2 2 11 218 108 780 1468
1806 2 2 11 218 109 137 1467
1807 2 2 11 218 783 109 1467
1808 2 2 11 218 891 136 1468
1809 2 2 11 218 137 894 1467
1810 2 2 11 218 780 781 1470
1811 2 2 11 218 780 891 1468
1812 2 2 11 218 891 780 1470
1813 2 2 11 218 781 782 1471
1814 2 2 11 218 781 892 1470
1815 2 2 11 218 892 781 1471
1816 2 2 11 218 782 783 1469
1817 2 2 11 218 893 782 1469
1818 2 2 11 218 782 893 1471
1819 2 2 11 218 894 783 1467
1820 2 2 11 218 783 894 1469
1821 2 2 11 218 892 891 1470
1822 2 2 11 218 893 892 1471
1823 2 2 11 218 894 893 1469
1824 2 2 11 219 135 107 1473
1825 2 2 11 219 107 778 1473
1826 2 2 11 219 108 136 1472
1827 2 2 11 219 779 108 1472
1828 2 2 11 219 889 135 1473
1829 2 2 11 219 136 890 1472
1830 2 2 11 219 778 779 1474
1831 2 2 11 219 778 889 1473
1832 2 2 11 219 889 778 1474
1833 2 2 11 219 890 779 1472
1834 2 2 11 219 779 890 1474
1835 2 2 11 219 890 889 1474
1836 2 2 11 220 106 107 1475
1837 2 2 11 220 134 106 1475
1838 2 2 11 220 107 135 1475
1839 2 2 11 220 135 134 1475
1840 2 2 13 221 150 149 1476
1841 2 2 13 221 149 151 1476
1842 2 2 13 221 152 150 1476
1843 2 2 13 221 151 152 1476
1844 2 2 13 222 149 150 1478
1845 2 2 13 222 944 149 1478
1846 2 2 13 222 150 946 1478
1847 2 2 13 222 154 153 1477
1848 2 2 13 222 153 943 1477
1849 2 2 13 222 945 154 1477
1850 2 2 13 222 943 944 1479
1851 2 2 13 222 943 945 1477
1852 2 2 13 222 945 943 1479
1853 2 2 13 222 946 944 1478
1854 2 2 13 222 944 946 1479
1855 2 2 13 222 946 945 1479
1856 2 2 13 223 152 151 1481
1857 2 2 13 223 151 947 1481
1858 2 2 13 223 949 152 1481
1859 2 2 13 223 155 156 1480
1860 2 2 13 223 948 155 1480
1861 2 2 13 223 156 950 1480
1862 2 2 13 223 947 948 1482
1863 2 2 13 223 947 949 1481
1864 2 2 13 223 949 947 1482
1865 2 2 13 223 950 948 1480
1866 2 2 13 223 948 950 1482
1867 2 2 13 223 950 949 1482
1868 2 2 12 225 152 1484 150
1869 2 2 12 225 150 1484 946
1870 2 2 12 225 949 1484 152
1871 2 2 12 225 950 156 154
1872 2 2 12 225 154 156 980
1873 2 2 12 225 950 154 945
1874 2 2 12 225 1008 154 980
1875 2 2 12 225 172 984 165
1876 2 2 12 225 165 985 172
1877 2 2 12 225 989 166 171
1878 2 2 12 225 171 166 990
1879 2 2 12 225 170 994 167
1880 2 2 12 225 167 995 170
1881 2 2 12 225 169 1483 168
1882 2 2 12 225 168 1483 995
1883 2 2 12 225 996 1483 169
1884 2 2 12 225 997 994 170
1885 2 2 12 225 170 995 996
1886 2 2 12 225 1001 989 171
1887 2 2 12 225 171 990 1000
1888 2 2 12 225 1005 984 172
1889 2 2 12 225 172 985 1004
1890 2 2 12 225 949 945 946
1891 2 2 12 225 950 945 949
1892 2 2 12 225 946 1484 949
1893 2 2 12 225 1008 980 981
1894 2 2 12 225 981 982 1007
1895 2 2 12 225 1007 1008 981
1896 2 2 12 225 1006 982 983
1897 2 2 12 225 1007 982 1006
1898 2 2 12 225 983 984 1005
1899 2 2 12 225 983 1005 1006
1900 2 2 12 225 985 986 1004
1901 2 2 12 225 986 987 1003
1902 2 2 12 225 1004 986 1003
1903 2 2 12 225 987 988 1002
1904 2 2 12 225 1003 987 1002
1905 2 2 12 225 988 989 1001
1906 2 2 12 225 1002 988 1001
1907 2 2 12 225 1000 990 991
1908 2 2 12 225 991 992 999
1909 2 2 12 225 1000 991 999
1910 2 2 12 225 998 992 993
1911 2 2 12 225 999 992 998
1912 2 2 12 225 993 994 997
1913 2 2 12 225 998 993 997
1914 2 2 12 225 995 1483 996
1915 2 2 13 226 153 154 1485
1916 2 2 13 226 979 153 1485
1917 2 2 13 226 154 1008 1485
1918 2 2 13 226 172 164 1486
1919 2 2 13 226 164 976 1486
1920 2 2 13 226 1005 172 1486
1921 2 2 13 226 976 977 1488
1922 2 2 13 226 976 1005 1486
1923 2 2 13 226 1005 976 1488
1924 2 2 13 226 977 978 1489
1925 2 2 13 226 977 1006 1488
1926 2 2 13 226 1006 977 1489
1927 2 2 13 226 978 979 1487
1928 2 2 13 226 1007 978 1487
1929 2 2 13 226 978 1007 1489
1930 2 2 13 226 1008 979 1485
1931 2 2 13 226 979 1008 1487
1932 2 2 13 226 1006 1005 1488
1933 2 2 13 226 1007 1006 1489
1934 2 2 13 226 1008 1007 1487
1935 2 2 13 227 156 155 1490
1936 2 2 13 227 155 951 1490
1937 2 2 13 227 980 156 1490
1938 2 2 13 227 157 165 1491
1939 2 2 13 227 955 157 1491
1940 2 2 13 227 165 984 1491
1941 2 2 13 227 951 952 1495
1942 2 2 13 227 951 980 1490
1943 2 2 13 227 980 951 1495
1944 2 2 13 227 952 953 1493
1945 2 2 13 227 981 952 1493
1946 2 2 13 227 952 981 1495
1947 2 2 13 227 953 954 1492
1948 2 2 13 227 982 953 1492
1949 2 2 13 227 953 982 1493
1950 2 2 13 227 954 955 1494
1951 2 2 13 227 954 983 1492
1952 2 2 13 227 983 954 1494
1953 2 2 13 227 984 955 1491
1954 2 2 13 227 955 984 1494
1955 2 2 13 227 981 980 1495
1956 2 2 13 227 982 981 1493
1957 2 2 13 227 983 982 1492
1958 2 2 13 227 984 983 1494
1959 2 2 13 228 171 163 1496
1960 2 2 13 228 163 975 1496
1961 2 2 13 228 164 172 1497
1962 2 2 13 228 972 164 1497
1963 2 2 13 228 1001 171 1496
1964 2 2 13 228 172 1004 1497
1965 2 2 13 228 973 972 1499
1966 2 2 13 228 1004 972 1497
1967 2 2 13 228 972 1004 1499
1968 2 2 13 228 974 973 1500
1969 2 2 13 228 1003 973 1499
1970 2 2 13 228 973 1003 1500
1971 2 2 13 228 975 974 1498
1972 2 2 13 228 974 1002 1498
1973 2 2 13 228 1002 974 1500
1974 2 2 13 228 975 1001 1496
1975 2 2 13 228 1001 975 1498
1976 2 2 13 228 1002 1001 1498
1977 2 2 13 228 1003 1002 1500
1978 2 2 13 228 1004 1003 1499
1979 2 2 13 229 165 157 1501
1980 2 2 13 229 157 960 1501
1981 2 2 13 229 158 166 1502
1982 2 2 13 229 956 158 1502
1983 2 2 13 229 985 165 1501
1984 2 2 13 229 166 989 1502
1985 2 2 13 229 957 956 1505
1986 2 2 13 229 989 956 1502
1987 2 2 13 229 956 989 1505
1988 2 2 13 229 958 957 1504
1989 2 2 13 229 957 988 1504
1990 2 2 13 229 988 957 1505
1991 2 2 13 229 959 958 1503
1992 2 2 13 229 958 987 1503
1993 2 2 13 229 987 958 1504
1994 2 2 13 229 960 959 1506
1995 2 2 13 229 986 959 1503
1996 2 2 13 229 959 986 1506
1997 2 2 13 229 960 985 1501
1998 2 2 13 229 985 960 1506
1999 2 2 13 229 986 985 1506
2000 2 2 13 229 987 986 1503
2001 2 2 13 229 988 987 1504
2002 2 2 13 229 989 988 1505
2003 2 2 13 230 167 159 1507
2004 2 2 13 230 159 966 1507
2005 2 2 13 230 160 168 1508
2006 2 2 13 230 966 160 1508
2007 2 2 13 230 995 167 1507
2008 2 2 13 230 168 995 1508
2009 2 2 13 230 966 995 1507
2010 2 2 13 230 995 966 1508
2011 2 2 13 231 166 158 1509
2012 2 2 13 231 158 961 1509
2013 2 2 13 231 159 167 1510
2014 2 2 13 231 965 159 1510
2015 2 2 13 231 990 166 1509
2016 2 2 13 231 167 994 1510
2017 2 2 13 231 961 962 1514
2018 2 2 13 231 961 990 1509
2019 2 2 13 231 990 961 1514
2020 2 2 13 231 962 963 1512
2021 2 2 13 231 991 962 1512
2022 2 2 13 231 962 991 1514
2023 2 2 13 231 963 964 1511
2024 2 2 13 231 992 963 1511
2025 2 2 13 231 963 992 1512
2026 2 2 13 231 964 965 1513
2027 2 2 13 231 964 993 1511
2028 2 2 13 231 993 964 1513
2029 2 2 13 231 994 965 1510
2030 2 2 13 231 965 994 1513
2031 2 2 13 231 991 990 1514
2032 2 2 13 231 992 991 1512
2033 2 2 13 231 993 992 1511
2034 2 2 13 231 994 993 1513
2035 2 2 13 232 170 162 1516
2036 2 2 13 232 162 968 1516
2037 2 2 13 232 163 171 1515
2038 2 2 13 232 971 163 1515
2039 2 2 13 232 997 170 1516
2040 2 2 13 232 171 1000 1515
2041 2 2 13 232 968 969 1518
2042 2 2 13 232 968 997 1516
2043 2 2 13 232 997 968 1518
2044 2 2 13 232 969 970 1519
2045 2 2 13 232 969 998 1518
2046 2 2 13 232 998 969 1519
2047 2 2 13 232 970 971 1517
2048 2 2 13 232 999 970 1517
2049 2 2 13 232 970 999 1519
2050 2 2 13 232 1000 971 1515
2051 2 2 13 232 971 1000 1517
2052 2 2 13 232 998 997 1518
2053 2 2 13 232 999 998 1519
2054 2 2 13 232 1000 999 1517
2055 2 2 13 233 169 161 1521
2056 2 2 13 233 161 967 1521
2057 2 2 13 233 162 170 1520
2058 2 2 13 233 967 162 1520
2059 2 2 13 233 996 169 1521
2060 2 2 13 233 170 996 1520
2061 2 2 13 233 996 967 1520
2062 2 2 13 233 967 996 1521
2063 2 2 13 234 160 161 1522
2064 2 2 13 234 168 160 1522
2065 2 2 13 234 161 169 1522
2066 2 2 13 234 169 168 1522
2067 2 2 22 261 1115 197 2754
2068 2 2 22 261 197 1116 2754
2069 2 2 22 261 198 1113 2756
2070 2 2 22 261 1121 198 2756
2071 2 2 22 261 1117 199 2755
2072 2 2 22 261 199 1120 2755
2073 2 2 22 261 1118 200 2757
2074 2 2 22 261 200 1122 2757
2075 2 2 22 261 1113 1114 2753
2076 2 2 22 261 1113 2753 2756
2077 2 2 22 261 1114 1115 2758
2078 2 2 22 261 2753 1114 2758
2079 2 2 22 261 1115 2754 2758
2080 2 2 22 261 1116 1117 2754
2081 2 2 22 261 2754 1117 2755
2082 2 2 22 261 1119 1118 2752
2083 2 2 22 261 2752 1118 2757
2084 2 2 22 261 1120 1119 2759
2085 2 2 22 261 1119 2752 2759
2086 2 2 22 261 2755 1120 2759
2087 2 2 22 261 1122 1121 2760
2088 2 2 22 261 1121 2756 2760
2089 2 2 22 261 2757 1122 2760
2090 2 2 22 261 2750 2752 2753
2091 2 2 22 261 2752 2750 2759
2092 2 2 22 261 2750 2753 2758
2093 2 2 22 261 2750 2754 2755
2094 2 2 22 261 2754 2750 2758
2095 2 2 22 261 2750 2755 2759
2096 2 2 22 261 2752 2751 2753
2097 2 2 22 261 2751 2752 2757
2098 2 2 22 261 2753 2751 2756
2099 2 2 22 261 2756 2751 2760
2100 2 2 22 261 2751 2757 2760
2101 2 2 22 262 197 1115 2766
2102 2 2 22 262 1128 197 2766
2103 2 2 22 262 1113 198 2767
2104 2 2 22 262 198 1123 2767
2105 2 2 22 262 1124 201 2768
2106 2 2 22 262 201 1125 2768
2107 2 2 22 262 1127 202 2765
2108 2 2 22 262 202 1129 2765
2109 2 2 22 262 1114 1113 2764
2110 2 2 22 262 2764 1113 2767
2111 2 2 22 262 1115 1114 2769
2112 2 2 22 262 1114 2764 2769
2113 2 2 22 262 2766 1115 2769
2114 2 2 22 262 1123 1124 2771
2115 2 2 22 262 2767 1123 2771
2116 2 2 22 262 1124 2768 2771
2117 2 2 22 262 1125 1126 2763
2118 2 2 22 262 1125 2763 2768
2119 2 2 22 262 1126 1127 2770
2120 2 2 22 262 2763 1126 2770
2121 2 2 22 262 1127 2765 2770
2122 2 2 22 262 1129 1128 2766
2123 2 2 22 262 2765 1129 2766
2124 2 2 22 262 2763 2761 2764
2125 2 2 22 262 2761 2763 2770
2126 2 2 22 262 2764 2761 2769
2127 2 2 22 262 2761 2765 2766
2128 2 2 22 262 2765 2761 2770
2129 2 2 22 262 2761 2766 2769
2130 2 2 22 262 2762 2763 2764
2131 2 2 22 262 2763 2762 2768
2132 2 2 22 262 2762 2764 2767
2133 2 2 22 262 2762 2767 2771
2134 2 2 22 262 2768 2762 2771
2135 2 2 22 263 197 2774 1116
2136 2 2 22 263 1128 2774 197
2137 2 2 22 263 1117 2776 199
2138 2 2 22 263 199 2776 1130
2139 2 2 22 263 202 2773 1129
2140 2 2 22 263 1132 2773 202
2141 2 2 22 263 1131 2775 203
2142 2 2 22 263 203 2775 1133
2143 2 2 22 263 1116 2774 1117
2144 2 2 22 263 2774 2776 1117
2145 2 2 22 263 1129 2774 1128
2146 2 2 22 263 2773 2774 1129
2147 2 2 22 263 1130 2775 1131
2148 2 2 22 263 1130 2776 2775
2149 2 2 22 263 1133 2773 1132
2150 2 2 22 263 1133 2775 2773
2151 2 2 22 263 2772 2774 2773
2152 2 2 22 263 2773 2775 2772
2153 2 2 22 263 2772 2776 2774
2154 2 2 22 263 2775 2776 2772
2155 2 2 22 264 199 2781 1120
2156 2 2 22 264 1130 2781 199
2157 2 2 22 264 1118 2783 200
2158 2 2 22 264 200 2783 1134
2159 2 2 22 264 203 2782 1131
2160 2 2 22 264 1138 2782 203
2161 2 2 22 264 1135 2784 204
2162 2 2 22 264 204 2784 1136
2163 2 2 22 264 1119 2780 1118
2164 2 2 22 264 2780 2783 1118
2165 2 2 22 264 1120 2786 1119
2166 2 2 22 264 1119 2786 2780
2167 2 2 22 264 2781 2786 1120
2168 2 2 22 264 1131 2782 1130
2169 2 2 22 264 1130 2782 2781
2170 2 2 22 264 1134 2787 1135
2171 2 2 22 264 2783 2787 1134
2172 2 2 22 264 1135 2787 2784
2173 2 2 22 264 1136 2779 1137
2174 2 2 22 264 1136 2784 2779
2175 2 2 22 264 1137 2785 1138
2176 2 2 22 264 2779 2785 1137
2177 2 2 22 264 1138 2785 2782
2178 2 2 22 264 2779 2780 2777
2179 2 2 22 264 2777 2785 2779
2180 2 2 22 264 2780 2786 2777
2181 2 2 22 264 2781 2782 2777
2182 2 2 22 264 2777 2786 2781
2183 2 2 22 264 2782 2785 2777
2184 2 2 22 264 2778 2780 2779
2185 2 2 22 264 2779 2784 2778
2186 2 2 22 264 2778 2783 2780
2187 2 2 22 264 2778 2787 2783
2188 2 2 22 264 2784 2787 2778
2189 2 2 22 265 198 1121 2790
2190 2 2 22 265 1123 198 2790
2191 2 2 22 265 1122 200 2792
2192 2 2 22 265 200 1134 2792
2193 2 2 22 265 201 1124 2789
2194 2 2 22 265 1139 201 2789
2195 2 2 22 265 1135 204 2791
2196 2 2 22 265 204 1140 2791
2197 2 2 22 265 1121 1122 2790
2198 2 2 22 265 2790 1122 2792
2199 2 2 22 265 1124 1123 2790
2200 2 2 22 265 2789 1124 2790
2201 2 2 22 265 1134 1135 2791
2202 2 2 22 265 1134 2791 2792
2203 2 2 22 265 1140 1139 2789
2204 2 2 22 265 1140 2789 2791
2205 2 2 22 265 2788 2789 2790
2206 2 2 22 265 2789 2788 2791
2207 2 2 22 265 2788 2790 2792
2208 2 2 22 265 2791 2788 2792
2209 2 2 22 266 201 2799 1125
2210 2 2 22 266 1139 2799 201
2211 2 2 22 266 1127 2797 202
2212 2 2 22 266 202 2797 1132
2213 2 2 22 266 1133 2798 203
2214 2 2 22 266 203 2798 1138
2215 2 2 22 266 1136 2800 204
2216 2 2 22 266 204 2800 1140
2217 2 2 22 266 1125 2796 1126
2218 2 2 22 266 1125 2799 2796
2219 2 2 22 266 1126 2801 1127
2220 2 2 22 266 2796 2801 1126
2221 2 2 22 266 1127 2801 2797
2222 2 2 22 266 1132 2797 1133
2223 2 2 22 266 2797 2798 1133
2224 2 2 22 266 1137 2795 1136
2225 2 2 22 266 2795 2800 1136
2226 2 2 22 266 1138 2802 1137
2227 2 2 22 266 1137 2802 2795
2228 2 2 22 266 2798 2802 1138
2229 2 2 22 266 1140 2803 1139
2230 2 2 22 266 1139 2803 2799
2231 2 2 22 266 2800 2803 1140
2232 2 2 22 266 2793 2796 2795
2233 2 2 22 266 2795 2802 2793
2234 2 2 22 266 2793 2801 2796
2235 2 2 22 266 2793 2798 2797
2236 2 2 22 266 2797 2801 2793
2237 2 2 22 266 2793 2802 2798
2238 2 2 22 266 2795 2796 2794
2239 2 2 22 266 2794 2800 2795
2240 2 2 22 266 2796 2799 2794
2241 2 2 22 266 2799 2803 2794
2242 2 2 22 266 2794 2803 2800
2243 2 2 4 267 53 3 6
2244 2 2 4 267 53 54 3
2245 2 2 4 267 54 55 3
2246 2 2 4 267 3 55 213
2247 2 2 4 267 5 4 2809
2248 2 2 4 267 4 219 2809
2249 2 2 4 267 220 5 2809
2250 2 2 4 267 56 53 6
2251 2 2 4 267 226 56 6
2252 2 2 4 267 55 56 2804
2253 2 2 4 267 213 55 2804
2254 2 2 4 267 56 226 2804
2255 2 2 4 267 214 213 2811
2256 2 2 4 267 226 213 2804
2257 2 2 4 267 213 226 2811
2258 2 2 4 267 215 214 2808
2259 2 2 4 267 214 225 2808
2260 2 2 4 267 225 214 2811
2261 2 2 4 267 216 215 2805
2262 2 2 4 267 215 224 2805
2263 2 2 4 267 224 215 2808
2264 2 2 4 267 217 216 2806
2265 2 2 4 267 223 216 2805
2266 2 2 4 267 216 223 2806
2267 2 2 4 267 218 217 2807
2268 2 2 4 267 222 217 2806
2269 2 2 4 267 217 222 2807
2270 2 2 4 267 219 218 2810
2271 2 2 4 267 221 218 2807
2272 2 2 4 267 218 221 2810
2273 2 2 4 267 219 220 2809
2274 2 2 4 267 220 219 2810
2275 2 2 4 267 221 220 2810
2276 2 2 4 267 222 221 2807
2277 2 2 4 267 223 222 2806
2278 2 2 4 267 224 223 2805
2279 2 2 4 267 225 224 2808
2280 2 2 4 267 226 225 2811
2281 2 2 10 268 87 34 33
2282 2 2 10 268 33 36 87
2283 2 2 10 268 34 2827 35
2284 2 2 10 268 717 34 87
2285 2 2 10 268 717 2827 34
2286 2 2 10 268 85 36 35
2287 2 2 10 268 35 714 85
2288 2 2 10 268 35 2827 714
2289 2 2 10 268 87 36 85
2290 2 2 10 268 57 107 58
2291 2 2 10 268 60 106 57
2292 2 2 10 268 106 107 57
2293 2 2 10 268 58 2812 59
2294 2 2 10 268 107 778 58
2295 2 2 10 268 778 2812 58
2296 2 2 10 268 59 106 60
2297 2 2 10 268 59 777 106
2298 2 2 10 268 59 2812 777
2299 2 2 10 268 91 89 718
2300 2 2 10 268 721 89 91
2301 2 2 10 268 89 713 718
2302 2 2 10 268 831 89 721
2303 2 2 10 268 120 725 93
2304 2 2 10 268 93 730 120
2305 2 2 10 268 726 94 119
2306 2 2 10 268 119 94 731
2307 2 2 10 268 735 95 118
2308 2 2 10 268 118 95 740
2309 2 2 10 268 736 96 117
2310 2 2 10 268 117 96 741
2311 2 2 10 268 116 745 97
2312 2 2 10 268 116 97 750
2313 2 2 10 268 115 746 98
2314 2 2 10 268 115 98 751
2315 2 2 10 268 755 99 114
2316 2 2 10 268 114 99 757
2317 2 2 10 268 100 113 756
2318 2 2 10 268 758 113 100
2319 2 2 10 268 101 792 112
2320 2 2 10 268 112 794 101
2321 2 2 10 268 101 794 758
2322 2 2 10 268 760 792 101
2323 2 2 10 268 102 111 759
2324 2 2 10 268 102 761 111
2325 2 2 10 268 110 765 103
2326 2 2 10 268 103 770 110
2327 2 2 10 268 109 766 104
2328 2 2 10 268 104 771 109
2329 2 2 10 268 108 775 105
2330 2 2 10 268 105 776 108
2331 2 2 10 268 108 780 775
2332 2 2 10 268 776 779 108
2333 2 2 10 268 109 787 766
2334 2 2 10 268 771 783 109
2335 2 2 10 268 110 788 765
2336 2 2 10 268 770 784 110
2337 2 2 10 268 111 793 759
2338 2 2 10 268 761 791 111
2339 2 2 10 268 113 796 756
2340 2 2 10 268 758 794 113
2341 2 2 10 268 114 797 755
2342 2 2 10 268 757 795 114
2343 2 2 10 268 115 806 746
2344 2 2 10 268 751 801 115
2345 2 2 10 268 116 807 745
2346 2 2 10 268 750 802 116
2347 2 2 10 268 816 736 117
2348 2 2 10 268 741 811 117
2349 2 2 10 268 817 735 118
2350 2 2 10 268 740 812 118
2351 2 2 10 268 826 726 119
2352 2 2 10 268 119 731 821
2353 2 2 10 268 827 725 120
2354 2 2 10 268 120 730 822
2355 2 2 10 268 717 713 714
2356 2 2 10 268 718 713 717
2357 2 2 10 268 714 2827 717
2358 2 2 10 268 721 722 831
2359 2 2 10 268 723 2825 722
2360 2 2 10 268 831 722 830
2361 2 2 10 268 722 2825 830
2362 2 2 10 268 724 2819 723
2363 2 2 10 268 723 2819 829
2364 2 2 10 268 829 2825 723
2365 2 2 10 268 724 725 827
2366 2 2 10 268 828 724 827
2367 2 2 10 268 828 2819 724
2368 2 2 10 268 826 727 726
2369 2 2 10 268 727 2816 728
2370 2 2 10 268 825 727 826
2371 2 2 10 268 825 2816 727
2372 2 2 10 268 728 2814 729
2373 2 2 10 268 824 2814 728
2374 2 2 10 268 728 2816 824
2375 2 2 10 268 822 730 729
2376 2 2 10 268 822 729 823
2377 2 2 10 268 729 2814 823
2378 2 2 10 268 821 731 732
2379 2 2 10 268 733 2826 732
2380 2 2 10 268 821 732 820
2381 2 2 10 268 732 2826 820
2382 2 2 10 268 734 2820 733
2383 2 2 10 268 733 2820 819
2384 2 2 10 268 819 2826 733
2385 2 2 10 268 817 734 735
2386 2 2 10 268 818 734 817
2387 2 2 10 268 818 2820 734
2388 2 2 10 268 737 736 816
2389 2 2 10 268 737 2817 738
2390 2 2 10 268 815 737 816
2391 2 2 10 268 815 2817 737
2392 2 2 10 268 738 2815 739
2393 2 2 10 268 814 2815 738
2394 2 2 10 268 738 2817 814
2395 2 2 10 268 739 812 740
2396 2 2 10 268 739 813 812
2397 2 2 10 268 739 2815 813
2398 2 2 10 268 742 811 741
2399 2 2 10 268 743 2823 742
2400 2 2 10 268 810 811 742
2401 2 2 10 268 742 2823 810
2402 2 2 10 268 744 2821 743
2403 2 2 10 268 743 2821 809
2404 2 2 10 268 809 2823 743
2405 2 2 10 268 745 807 744
2406 2 2 10 268 807 808 744
2407 2 2 10 268 808 2821 744
2408 2 2 10 268 746 806 747
2409 2 2 10 268 747 2818 748
2410 2 2 10 268 747 806 805
2411 2 2 10 268 805 2818 747
2412 2 2 10 268 748 2813 749
2413 2 2 10 268 804 2813 748
2414 2 2 10 268 748 2818 804
2415 2 2 10 268 749 802 750
2416 2 2 10 268 749 803 802
2417 2 2 10 268 749 2813 803
2418 2 2 10 268 752 801 751
2419 2 2 10 268 753 2824 752
2420 2 2 10 268 800 801 752
2421 2 2 10 268 752 2824 800
2422 2 2 10 268 754 2822 753
2423 2 2 10 268 753 2822 799
2424 2 2 10 268 799 2824 753
2425 2 2 10 268 755 797 754
2426 2 2 10 268 797 798 754
2427 2 2 10 268 798 2822 754
2428 2 2 10 268 756 796 757
2429 2 2 10 268 757 796 795
2430 2 2 10 268 759 793 760
2431 2 2 10 268 760 793 792
2432 2 2 10 268 762 791 761
2433 2 2 10 268 763 790 762
2434 2 2 10 268 790 791 762
2435 2 2 10 268 764 789 763
2436 2 2 10 268 789 790 763
2437 2 2 10 268 765 788 764
2438 2 2 10 268 788 789 764
2439 2 2 10 268 766 787 767
2440 2 2 10 268 767 786 768
2441 2 2 10 268 767 787 786
2442 2 2 10 268 768 785 769
2443 2 2 10 268 768 786 785
2444 2 2 10 268 769 784 770
2445 2 2 10 268 769 785 784
2446 2 2 10 268 772 783 771
2447 2 2 10 268 773 782 772
2448 2 2 10 268 782 783 772
2449 2 2 10 268 774 781 773
2450 2 2 10 268 781 782 773
2451 2 2 10 268 775 780 774
2452 2 2 10 268 780 781 774
2453 2 2 10 268 777 779 776
2454 2 2 10 268 778 779 777
2455 2 2 10 268 777 2812 778
2456 2 2 10 268 799 2822 798
2457 2 2 10 268 800 2824 799
2458 2 2 10 268 803 2813 804
2459 2 2 10 268 804 2818 805
2460 2 2 10 268 809 2821 808
2461 2 2 10 268 810 2823 809
2462 2 2 10 268 813 2815 814
2463 2 2 10 268 814 2817 815
2464 2 2 10 268 819 2820 818
2465 2 2 10 268 820 2826 819
2466 2 2 10 268 823 2814 824
2467 2 2 10 268 824 2816 825
2468 2 2 10 268 829 2819 828
2469 2 2 10 268 830 2825 829
2470 2 2 8 269 21 31 22
2471 2 2 8 269 29 21 28
2472 2 2 8 269 29 30 21
2473 2 2 8 269 30 31 21
2474 2 2 8 269 22 32 23
2475 2 2 8 269 31 32 22
2476 2 2 8 269 244 23 28
2477 2 2 8 269 28 23 2829
2478 2 2 8 269 23 32 2829
2479 2 2 8 269 23 244 243
2480 2 2 8 269 24 39 25
2481 2 2 8 269 27 24 243
2482 2 2 8 269 24 27 2828
2483 2 2 8 269 39 24 2828
2484 2 2 8 269 25 37 26
2485 2 2 8 269 37 25 40
2486 2 2 8 269 25 39 40
2487 2 2 8 269 26 38 27
2488 2 2 8 269 37 38 26
2489 2 2 8 269 27 38 2828
2490 2 2 8 269 244 27 243
2491 2 2 8 269 29 28 2829
2492 2 2 8 269 32 29 2829
2493 2 2 8 269 38 39 2828
2494 2 2 12 270 42 41 160
2495 2 2 12 270 44 2830 41
2496 2 2 12 270 41 966 160
2497 2 2 12 270 41 2830 966
2498 2 2 12 270 43 42 161
2499 2 2 12 270 42 160 161
2500 2 2 12 270 43 161 44
2501 2 2 12 270 44 161 967
2502 2 2 12 270 967 2830 44
2503 2 2 12 270 49 149 50
2504 2 2 12 270 52 2831 49
2505 2 2 12 270 944 149 49
2506 2 2 12 270 49 2831 944
2507 2 2 12 270 50 149 51
2508 2 2 12 270 51 151 52
2509 2 2 12 270 51 149 151
2510 2 2 12 270 52 151 947
2511 2 2 12 270 947 2831 52
2512 2 2 12 270 155 153 948
2513 2 2 12 270 951 153 155
2514 2 2 12 270 948 153 943
2515 2 2 12 270 979 153 951
2516 2 2 12 270 164 955 157
2517 2 2 12 270 157 960 164
2518 2 2 12 270 163 956 158
2519 2 2 12 270 163 158 961
2520 2 2 12 270 965 159 162
2521 2 2 12 270 159 966 162
2522 2 2 12 270 968 965 162
2523 2 2 12 270 162 966 967
2524 2 2 12 270 975 956 163
2525 2 2 12 270 163 961 971
2526 2 2 12 270 976 955 164
2527 2 2 12 270 164 960 972
2528 2 2 12 270 947 943 944
2529 2 2 12 270 948 943 947
2530 2 2 12 270 944 2831 947
2531 2 2 12 270 952 979 951
2532 2 2 12 270 978 952 953
2533 2 2 12 270 978 979 952
2534 2 2 12 270 954 977 953
2535 2 2 12 270 953 977 978
2536 2 2 12 270 954 955 976
2537 2 2 12 270 976 977 954
2538 2 2 12 270 975 957 956
2539 2 2 12 270 974 958 957
2540 2 2 12 270 974 957 975
2541 2 2 12 270 973 959 958
2542 2 2 12 270 973 958 974
2543 2 2 12 270 972 960 959
2544 2 2 12 270 972 959 973
2545 2 2 12 270 961 962 971
2546 2 2 12 270 970 962 963
2547 2 2 12 270 971 962 970
2548 2 2 12 270 963 964 969
2549 2 2 12 270 970 963 969
2550 2 2 12 270 968 964 965
2551 2 2 12 270 969 964 968
2552 2 2 12 270 966 2830 967
2553 2 2 6 271 45 9 12
2554 2 2 6 271 45 46 9
2555 2 2 6 271 46 47 9
2556 2 2 6 271 9 47 227
2557 2 2 6 271 11 10 2837
2558 2 2 6 271 10 233 2837
2559 2 2 6 271 234 11 2837
2560 2 2 6 271 48 45 12
2561 2 2 6 271 240 48 12
2562 2 2 6 271 47 48 2832
2563 2 2 6 271 227 47 2832
2564 2 2 6 271 48 240 2832
2565 2 2 6 271 228 227 2839
2566 2 2 6 271 240 227 2832
2567 2 2 6 271 227 240 2839
2568 2 2 6 271 229 228 2836
2569 2 2 6 271 228 239 2836
2570 2 2 6 271 239 228 2839
2571 2 2 6 271 230 229 2833
2572 2 2 6 271 229 238 2833
2573 2 2 6 271 238 229 2836
2574 2 2 6 271 231 230 2834
2575 2 2 6 271 237 230 2833
2576 2 2 6 271 230 237 2834
2577 2 2 6 271 232 231 2835
2578 2 2 6 271 236 231 2834
2579 2 2 6 271 231 236 2835
2580 2 2 6 271 233 232 2838
2581 2 2 6 271 235 232 2835
2582 2 2 6 271 232 235 2838
2583 2 2 6 271 233 234 2837
2584 2 2 6 271 234 233 2838
2585 2 2 6 271 235 234 2838
2586 2 2 6 271 236 235 2835
2587 2 2 6 271 237 236 2834
2588 2 2 6 271 238 237 2833
2589 2 2 6 271 239 238 2836
2590 2 2 6 271 240 239 2839
2591 2 2 20 272 206 2840 205
2592 2 2 20 272 205 2840 212
2593 2 2 20 272 211 2840 206
2594 2 2 20 272 212 2840 211
2595 2 2 21 273 208 2841 207
2596 2 2 21 273 207 2841 210
2597 2 2 21 273 209 2841 208
2598 2 2 21 273 210 2841 209
2599 2 2 5 274 3 1 2847
2600 2 2 5 274 1 1141 2847
2601 2 2 5 274 213 3 2847
2602 2 2 5 274 205 4 2846
2603 2 2 5 274 4 219 2846
2604 2 2 5 274 1147 205 2846
2605 2 2 5 274 214 213 2849
2606 2 2 5 274 1141 213 2847
2607 2 2 5 274 213 1141 2849
2608 2 2 5 274 215 214 2845
2609 2 2 5 274 214 1142 2845
2610 2 2 5 274 1142 214 2849
2611 2 2 5 274 216 215 2843
2612 2 2 5 274 215 1143 2843
2613 2 2 5 274 1143 215 2845
2614 2 2 5 274 217 216 2842
2615 2 2 5 274 216 1144 2842
2616 2 2 5 274 1144 216 2843
2617 2 2 5 274 218 217 2844
2618 2 2 5 274 1145 217 2842
2619 2 2 5 274 217 1145 2844
2620 2 2 5 274 219 218 2848
2621 2 2 5 274 1146 218 2844
2622 2 2 5 274 218 1146 2848
2623 2 2 5 274 219 1147 2846
2624 2 2 5 274 1147 219 2848
2625 2 2 5 274 1141 1142 2849
2626 2 2 5 274 1142 1143 2845
2627 2 2 5 274 1143 1144 2843
2628 2 2 5 274 1144 1145 2842
2629 2 2 5 274 1145 1146 2844
2630 2 2 5 274 1146 1147 2848
2631 2 2 5 275 5 4 2850
2632 2 2 5 275 4 205 2850
2633 2 2 5 275 206 5 2850
2634 2 2 5 275 205 206 2850
2635 2 2 5 276 2 6 2855
2636 2 2 5 276 1154 2 2855
2637 2 2 5 276 5 206 2856
2638 2 2 5 276 220 5 2856
2639 2 2 5 276 6 226 2855
2640 2 2 5 276 206 1148 2856
2641 2 2 5 276 221 220 2858
2642 2 2 5 276 1148 220 2856
2643 2 2 5 276 220 1148 2858
2644 2 2 5 276 222 221 2854
2645 2 2 5 276 221 1149 2854
2646 2 2 5 276 1149 221 2858
2647 2 2 5 276 223 222 2852
2648 2 2 5 276 222 1150 2852
2649 2 2 5 276 1150 222 2854
2650 2 2 5 276 224 223 2851
2651 2 2 5 276 223 1151 2851
2652 2 2 5 276 1151 223 2852
2653 2 2 5 276 225 224 2853
2654 2 2 5 276 1152 224 2851
2655 2 2 5 276 224 1152 2853
2656 2 2 5 276 226 225 2857
2657 2 2 5 276 1153 225 2853
2658 2 2 5 276 225 1153 2857
2659 2 2 5 276 226 1154 2855
2660 2 2 5 276 1154 226 2857
2661 2 2 5 276 1148 1149 2858
2662 2 2 5 276 1149 1150 2854
2663 2 2 5 276 1150 1151 2852
2664 2 2 5 276 1151 1152 2851
2665 2 2 5 276 1152 1153 2853
2666 2 2 5 276 1153 1154 2857
2667 2 2 4 277 1 2 2864
2668 2 2 4 277 1141 1 2864
2669 2 2 4 277 2 1154 2864
2670 2 2 4 277 206 205 2863
2671 2 2 4 277 205 1147 2863
2672 2 2 4 277 1148 206 2863
2673 2 2 4 277 1142 1141 2866
2674 2 2 4 277 1154 1141 2864
2675 2 2 4 277 1141 1154 2866
2676 2 2 4 277 1143 1142 2862
2677 2 2 4 277 1142 1153 2862
2678 2 2 4 277 1153 1142 2866
2679 2 2 4 277 1144 1143 2859
2680 2 2 4 277 1143 1152 2859
2681 2 2 4 277 1152 1143 2862
2682 2 2 4 277 1145 1144 2860
2683 2 2 4 277 1151 1144 2859
2684 2 2 4 277 1144 1151 2860
2685 2 2 4 277 1146 1145 2861
2686 2 2 4 277 1150 1145 2860
2687 2 2 4 277 1145 1150 2861
2688 2 2 4 277 1147 1146 2865
2689 2 2 4 277 1149 1146 2861
2690 2 2 4 277 1146 1149 2865
2691 2 2 4 277 1147 1148 2863
2692 2 2 4 277 1148 1147 2865
2693 2 2 4 277 1149 1148 2865
2694 2 2 4 277 1150 1149 2861
2695 2 2 4 277 1151 1150 2860
2696 2 2 4 277 1152 1151 2859
2697 2 2 4 277 1153 1152 2862
2698 2 2 4 277 1154 1153 2866
2699 2 2 7 278 9 7 2872
2700 2 2 7 278 7 1155 2872
2701 2 2 7 278 227 9 2872
2702 2 2 7 278 207 10 2871
2703 2 2 7 278 10 233 2871
2704 2 2 7 278 1161 207 2871
2705 2 2 7 278 228 227 2874
2706 2 2 7 278 1155 227 2872
2707 2 2 7 278 227 1155 2874
2708 2 2 7 278 229 228 2870
2709 2 2 7 278 228 1156 2870
2710 2 2 7 278 1156 228 2874
2711 2 2 7 278 230 229 2868
2712 2 2 7 278 229 1157 2868
2713 2 2 7 278 1157 229 2870
2714 2 2 7 278 231 230 2867
2715 2 2 7 278 230 1158 2867
2716 2 2 7 278 1158 230 2868
2717 2 2 7 278 232 231 2869
2718 2 2 7 278 1159 231 2867
2719 2 2 7 278 231 1159 2869
2720 2 2 7 278 233 232 2873
2721 2 2 7 278 1160 232 2869
2722 2 2 7 278 232 1160 2873
2723 2 2 7 278 233 1161 2871
2724 2 2 7 278 1161 233 2873
2725 2 2 7 278 1155 1156 2874
2726 2 2 7 278 1156 1157 2870
2727 2 2 7 278 1157 1158 2868
2728 2 2 7 278 1158 1159 2867
2729 2 2 7 278 1159 1160 2869
2730 2 2 7 278 1160 1161 2873
2731 2 2 7 279 11 10 2875
2732 2 2 7 279 10 207 2875
2733 2 2 7 279 208 11 2875
2734 2 2 7 279 207 208 2875
2735 2 2 7 280 8 12 2880
2736 2 2 7 280 1168 8 2880
2737 2 2 7 280 11 208 2881
2738 2 2 7 280 234 11 2881
2739 2 2 7 280 12 240 2880
2740 2 2 7 280 208 1162 2881
2741 2 2 7 280 235 234 2883
2742 2 2 7 280 1162 234 2881
2743 2 2 7 280 234 1162 2883
2744 2 2 7 280 236 235 2879
2745 2 2 7 280 235 1163 2879
2746 2 2 7 280 1163 235 2883
2747 2 2 7 280 237 236 2877
2748 2 2 7 280 236 1164 2877
2749 2 2 7 280 1164 236 2879
2750 2 2 7 280 238 237 2876
2751 2 2 7 280 237 1165 2876
2752 2 2 7 280 1165 237 2877
2753 2 2 7 280 239 238 2878
2754 2 2 7 280 1166 238 2876
2755 2 2 7 280 238 1166 2878
2756 2 2 7 280 240 239 2882
2757 2 2 7 280 1167 239 2878
2758 2 2 7 280 239 1167 2882
2759 2 2 7 280 240 1168 2880
2760 2 2 7 280 1168 240 2882
2761 2 2 7 280 1162 1163 2883
2762 2 2 7 280 1163 1164 2879
2763 2 2 7 280 1164 1165 2877
2764 2 2 7 280 1165 1166 2876
2765 2 2 7 280 1166 1167 2878
2766 2 2 7 280 1167 1168 2882
2767 2 2 6 281 7 8 2889
2768 2 2 6 281 1155 7 2889
2769 2 2 6 281 8 1168 2889
2770 2 2 6 281 208 207 2888
2771 2 2 6 281 207 1161 2888
2772 2 2 6 281 1162 208 2888
2773 2 2 6 281 1156 1155 2891
2774 2 2 6 281 1168 1155 2889
2775 2 2 6 281 1155 1168 2891
2776 2 2 6 281 1157 1156 2887
2777 2 2 6 281 1156 1167 2887
2778 2 2 6 281 1167 1156 2891
2779 2 2 6 281 1158 1157 2884
2780 2 2 6 281 1157 1166 2884
2781 2 2 6 281 1166 1157 2887
2782 2 2 6 281 1159 1158 2885
2783 2 2 6 281 1165 1158 2884
2784 2 2 6 281 1158 1165 2885
2785 2 2 6 281 1160 1159 2886
2786 2 2 6 281 1164 1159 2885
2787 2 2 6 281 1159 1164 2886
2788 2 2 6 281 1161 1160 2890
2789 2 2 6 281 1163 1160 2886
2790 2 2 6 281 1160 1163 2890
2791 2 2 6 281 1161 1162 2888
2792 2 2 6 281 1162 1161 2890
2793 2 2 6 281 1163 1162 2890
2794 2 2 6 281 1164 1163 2886
2795 2 2 6 281 1165 1164 2885
2796 2 2 6 281 1166 1165 2884
2797 2 2 6 281 1167 1166 2887
2798 2 2 6 281 1168 1167 2891
2799 2 2 2 282 63 298 2943
2800 2 2 2 282 506 63 2959
2801 2 2 2 282 2897 63 2943
2802 2 2 2 282 63 2897 2959
2803 2 2 2 282 272 64 2902
2804 2 2 2 282 64 576 2900
2805 2 2 2 282 2896 64 2900
2806 2 2 2 282 64 2896 2902
2807 2 2 2 282 75 532 2944
2808 2 2 2 282 533 75 2958
2809 2 2 2 282 2898 75 2944
2810 2 2 2 282 75 2898 2958
2811 2 2 2 282 76 559 2901
2812 2 2 2 282 572 76 2899
2813 2 2 2 282 76 2895 2899
2814 2 2 2 282 2895 76 2901
2815 2 2 2 282 77 560 2894
2816 2 2 2 282 573 77 2956
2817 2 2 2 282 77 2892 2956
2818 2 2 2 282 2892 77 2957
2819 2 2 2 282 77 2894 2957
2820 2 2 2 282 212 211 78
2821 2 2 2 282 211 574 78
2822 2 2 2 282 573 212 78
2823 2 2 2 282 574 209 79
2824 2 2 2 282 209 575 79
2825 2 2 2 282 80 575 2955
2826 2 2 2 282 588 80 2893
2827 2 2 2 282 2892 80 2955
2828 2 2 2 282 80 2892 2957
2829 2 2 2 282 2893 80 2957
2830 2 2 2 282 81 589 3010
2831 2 2 2 282 620 81 3010
2832 2 2 2 282 619 82 3012
2833 2 2 2 282 82 712 3012
2834 2 2 2 282 83 650 3013
2835 2 2 2 282 681 83 3013
2836 2 2 2 282 84 651 3011
2837 2 2 2 282 682 84 3011
2838 2 2 2 282 210 209 574
2839 2 2 2 282 209 210 2955
2840 2 2 2 282 575 209 2955
2841 2 2 2 282 211 210 574
2842 2 2 2 282 210 211 2955
2843 2 2 2 282 211 212 2956
2844 2 2 2 282 2955 211 2956
2845 2 2 2 282 212 573 2956
2846 2 2 2 282 273 272 2960
2847 2 2 2 282 272 2902 2960
2848 2 2 2 282 274 273 3009
2849 2 2 2 282 273 2960 3009
2850 2 2 2 282 275 274 2936
2851 2 2 2 282 2936 274 3009
2852 2 2 2 282 276 275 2968
2853 2 2 2 282 275 2936 2968
2854 2 2 2 282 277 276 2930
2855 2 2 2 282 2930 276 2968
2856 2 2 2 282 278 277 2981
2857 2 2 2 282 277 2930 2981
2858 2 2 2 282 279 278 2924
2859 2 2 2 282 2924 278 2981
2860 2 2 2 282 280 279 2976
2861 2 2 2 282 279 2924 2976
2862 2 2 2 282 281 280 2918
2863 2 2 2 282 2918 280 2976
2864 2 2 2 282 282 281 2988
2865 2 2 2 282 281 2918 2988
2866 2 2 2 282 283 282 2911
2867 2 2 2 282 2911 282 2988
2868 2 2 2 282 284 283 2992
2869 2 2 2 282 283 2911 2992
2870 2 2 2 282 285 284 2906
2871 2 2 2 282 2906 284 2992
2872 2 2 2 282 286 285 2994
2873 2 2 2 282 285 2906 2994
2874 2 2 2 282 287 286 2910
2875 2 2 2 282 2910 286 2994
2876 2 2 2 282 288 287 2996
2877 2 2 2 282 287 2910 2996
2878 2 2 2 282 289 288 2915
2879 2 2 2 282 2915 288 2996
2880 2 2 2 282 290 289 2984
2881 2 2 2 282 289 2915 2984
2882 2 2 2 282 291 290 2920
2883 2 2 2 282 2920 290 2984
2884 2 2 2 282 292 291 2980
2885 2 2 2 282 291 2920 2980
2886 2 2 2 282 293 292 2927
2887 2 2 2 282 2927 292 2980
2888 2 2 2 282 294 293 2973
2889 2 2 2 282 293 2927 2973
2890 2 2 2 282 295 294 2933
2891 2 2 2 282 2933 294 2973
2892 2 2 2 282 296 295 2965
2893 2 2 2 282 295 2933 2965
2894 2 2 2 282 297 296 2939
2895 2 2 2 282 2939 296 2965
2896 2 2 2 282 298 297 2963
2897 2 2 2 282 297 2939 2963
2898 2 2 2 282 2943 298 2963
2899 2 2 2 282 507 506 2941
2900 2 2 2 282 2941 506 2959
2901 2 2 2 282 508 507 2971
2902 2 2 2 282 507 2941 2971
2903 2 2 2 282 509 508 2935
2904 2 2 2 282 2935 508 2971
2905 2 2 2 282 510 509 2967
2906 2 2 2 282 509 2935 2967
2907 2 2 2 282 511 510 2929
2908 2 2 2 282 2929 510 2967
2909 2 2 2 282 512 511 2983
2910 2 2 2 282 511 2929 2983
2911 2 2 2 282 513 512 2923
2912 2 2 2 282 2923 512 2983
2913 2 2 2 282 514 513 2975
2914 2 2 2 282 513 2923 2975
2915 2 2 2 282 515 514 2917
2916 2 2 2 282 2917 514 2975
2917 2 2 2 282 516 515 2987
2918 2 2 2 282 515 2917 2987
2919 2 2 2 282 517 516 2913
2920 2 2 2 282 2913 516 2987
2921 2 2 2 282 518 517 2990
2922 2 2 2 282 517 2913 2990
2923 2 2 2 282 519 518 2907
2924 2 2 2 282 2907 518 2990
2925 2 2 2 282 520 519 2993
2926 2 2 2 282 519 2907 2993
2927 2 2 2 282 521 520 2908
2928 2 2 2 282 2908 520 2993
2929 2 2 2 282 522 521 2998
2930 2 2 2 282 521 2908 2998
2931 2 2 2 282 523 522 2914
2932 2 2 2 282 2914 522 2998
2933 2 2 2 282 524 523 2986
2934 2 2 2 282 523 2914 2986
2935 2 2 2 282 525 524 2922
2936 2 2 2 282 2922 524 2986
2937 2 2 2 282 526 525 2978
2938 2 2 2 282 525 2922 2978
2939 2 2 2 282 527 526 2928
2940 2 2 2 282 2928 526 2978
2941 2 2 2 282 528 527 2972
2942 2 2 2 282 527 2928 2972
2943 2 2 2 282 529 528 2934
2944 2 2 2 282 2934 528 2972
2945 2 2 2 282 530 529 2966
2946 2 2 2 282 529 2934 2966
2947 2 2 2 282 531 530 2940
2948 2 2 2 282 2940 530 2966
2949 2 2 2 282 532 531 2962
2950 2 2 2 282 531 2940 2962
2951 2 2 2 282 2944 532 2962
2952 2 2 2 282 534 533 2942
2953 2 2 2 282 2942 533 2958
2954 2 2 2 282 535 534 2970
2955 2 2 2 282 534 2942 2970
2956 2 2 2 282 536 535 2937
2957 2 2 2 282 2937 535 2970
2958 2 2 2 282 537 536 2969
2959 2 2 2 282 536 2937 2969
2960 2 2 2 282 538 537 2931
2961 2 2 2 282 2931 537 2969
2962 2 2 2 282 539 538 2982
2963 2 2 2 282 538 2931 2982
2964 2 2 2 282 540 539 2925
2965 2 2 2 282 2925 539 2982
2966 2 2 2 282 541 540 2977
2967 2 2 2 282 540 2925 2977
2968 2 2 2 282 542 541 2919
2969 2 2 2 282 2919 541 2977
2970 2 2 2 282 543 542 2989
2971 2 2 2 282 542 2919 2989
2972 2 2 2 282 544 543 2912
2973 2 2 2 282 2912 543 2989
2974 2 2 2 282 545 544 2991
2975 2 2 2 282 544 2912 2991
2976 2 2 2 282 546 545 2905
2977 2 2 2 282 2905 545 2991
2978 2 2 2 282 547 546 2995
2979 2 2 2 282 546 2905 2995
2980 2 2 2 282 548 547 2909
2981 2 2 2 282 2909 547 2995
2982 2 2 2 282 549 548 2997
2983 2 2 2 282 548 2909 2997
2984 2 2 2 282 550 549 2916
2985 2 2 2 282 2916 549 2997
2986 2 2 2 282 551 550 2985
2987 2 2 2 282 550 2916 2985
2988 2 2 2 282 552 551 2921
2989 2 2 2 282 2921 551 2985
2990 2 2 2 282 553 552 2979
2991 2 2 2 282 552 2921 2979
2992 2 2 2 282 554 553 2926
2993 2 2 2 282 2926 553 2979
2994 2 2 2 282 555 554 2974
2995 2 2 2 282 554 2926 2974
2996 2 2 2 282 556 555 2932
2997 2 2 2 282 2932 555 2974
2998 2 2 2 282 557 556 2964
2999 2 2 2 282 556 2932 2964
3000 2 2 2 282 558 557 2938
3001 2 2 2 282 2938 557 2964
3002 2 2 2 282 559 558 2961
3003 2 2 2 282 558 2938 2961
3004 2 2 2 282 2901 559 2961
3005 2 2 2 282 560 561 3004
3006 2 2 2 282 2894 560 3004
3007 2 2 2 282 561 562 2948
3008 2 2 2 282 561 2948 3004
3009 2 2 2 282 562 563 3000
3010 2 2 2 282 2948 562 3000
3011 2 2 2 282 563 564 2952
3012 2 2 2 282 563 2952 3000
3013 2 2 2 282 564 565 2954
3014 2 2 2 282 2952 564 2954
3015 2 2 2 282 565 566 2954
3016 2 2 2 282 566 567 2949
3017 2 2 2 282 566 2949 2954
3018 2 2 2 282 567 568 3001
3019 2 2 2 282 2949 567 3001
3020 2 2 2 282 568 569 2946
3021 2 2 2 282 568 2946 3001
3022 2 2 2 282 569 570 3006
3023 2 2 2 282 2946 569 3006
3024 2 2 2 282 570 571 2903
3025 2 2 2 282 570 2903 3006
3026 2 2 2 282 571 572 3008
3027 2 2 2 282 2903 571 3008
3028 2 2 2 282 572 2899 3008
3029 2 2 2 282 576 577 3007
3030 2 2 2 282 2900 576 3007
3031 2 2 2 282 577 578 2904
3032 2 2 2 282 577 2904 3007
3033 2 2 2 282 578 579 3005
3034 2 2 2 282 2904 578 3005
3035 2 2 2 282 579 580 2945
3036 2 2 2 282 579 2945 3005
3037 2 2 2 282 580 581 3002
3038 2 2 2 282 2945 580 3002
3039 2 2 2 282 581 582 2950
3040 2 2 2 282 581 2950 3002
3041 2 2 2 282 582 583 2953
3042 2 2 2 282 2950 582 2953
3043 2 2 2 282 583 584 2953
3044 2 2 2 282 584 585 2951
3045 2 2 2 282 584 2951 2953
3046 2 2 2 282 585 586 2999
3047 2 2 2 282 2951 585 2999
3048 2 2 2 282 586 587 2947
3049 2 2 2 282 586 2947 2999
3050 2 2 2 282 587 588 3003
3051 2 2 2 282 2947 587 3003
3052 2 2 2 282 588 2893 3003
3053 2 2 2 282 589 590 2897
3054 2 2 2 282 589 2897 3010
3055 2 2 2 282 590 591 2959
3056 2 2 2 282 2897 590 2959
3057 2 2 2 282 591 592 2941
3058 2 2 2 282 591 2941 2959
3059 2 2 2 282 592 593 2971
3060 2 2 2 282 2941 592 2971
3061 2 2 2 282 593 594 2935
3062 2 2 2 282 593 2935 2971
3063 2 2 2 282 594 595 2967
3064 2 2 2 282 2935 594 2967
3065 2 2 2 282 595 596 2929
3066 2 2 2 282 595 2929 2967
3067 2 2 2 282 596 597 2983
3068 2 2 2 282 2929 596 2983
3069 2 2 2 282 597 598 2923
3070 2 2 2 282 597 2923 2983
3071 2 2 2 282 598 599 2975
3072 2 2 2 282 2923 598 2975
3073 2 2 2 282 599 600 2917
3074 2 2 2 282 599 2917 2975
3075 2 2 2 282 600 601 2987
3076 2 2 2 282 2917 600 2987
3077 2 2 2 282 601 602 2913
3078 2 2 2 282 601 2913 2987
3079 2 2 2 282 602 603 2990
3080 2 2 2 282 2913 602 2990
3081 2 2 2 282 603 604 2907
3082 2 2 2 282 603 2907 2990
3083 2 2 2 282 604 605 2993
3084 2 2 2 282 2907 604 2993
3085 2 2 2 282 605 606 2908
3086 2 2 2 282 605 2908 2993
3087 2 2 2 282 606 607 2998
3088 2 2 2 282 2908 606 2998
3089 2 2 2 282 607 608 2914
3090 2 2 2 282 607 2914 2998
3091 2 2 2 282 608 609 2986
3092 2 2 2 282 2914 608 2986
3093 2 2 2 282 609 610 2922
3094 2 2 2 282 609 2922 2986
3095 2 2 2 282 610 611 2978
3096 2 2 2 282 2922 610 2978
3097 2 2 2 282 611 612 2928
3098 2 2 2 282 611 2928 2978
3099 2 2 2 282 612 613 2972
3100 2 2 2 282 2928 612 2972
3101 2 2 2 282 613 614 2934
3102 2 2 2 282 613 2934 2972
3103 2 2 2 282 614 615 2966
3104 2 2 2 282 2934 614 2966
3105 2 2 2 282 615 616 2940
3106 2 2 2 282 615 2940 2966
3107 2 2 2 282 616 617 2962
3108 2 2 2 282 2940 616 2962
3109 2 2 2 282 617 618 2944
3110 2 2 2 282 617 2944 2962
3111 2 2 2 282 618 619 2898
3112 2 2 2 282 618 2898 2944
3113 2 2 2 282 2898 619 3012
3114 2 2 2 282 621 620 2897
3115 2 2 2 282 2897 620 3010
3116 2 2 2 282 622 621 2943
3117 2 2 2 282 621 2897 2943
3118 2 2 2 282 623 622 2963
3119 2 2 2 282 622 2943 2963
3120 2 2 2 282 624 623 2939
3121 2 2 2 282 2939 623 2963
3122 2 2 2 282 625 624 2965
3123 2 2 2 282 624 2939 2965
3124 2 2 2 282 626 625 2933
3125 2 2 2 282 2933 625 2965
3126 2 2 2 282 627 626 2973
3127 2 2 2 282 626 2933 2973
3128 2 2 2 282 628 627 2927
3129 2 2 2 282 2927 627 2973
3130 2 2 2 282 629 628 2980
3131 2 2 2 282 628 2927 2980
3132 2 2 2 282 630 629 2920
3133 2 2 2 282 2920 629 2980
3134 2 2 2 282 631 630 2984
3135 2 2 2 282 630 2920 2984
3136 2 2 2 282 632 631 2915
3137 2 2 2 282 2915 631 2984
3138 2 2 2 282 633 632 2996
3139 2 2 2 282 632 2915 2996
3140 2 2 2 282 634 633 2910
3141 2 2 2 282 2910 633 2996
3142 2 2 2 282 635 634 2994
3143 2 2 2 282 634 2910 2994
3144 2 2 2 282 636 635 2906
3145 2 2 2 282 2906 635 2994
3146 2 2 2 282 637 636 2992
3147 2 2 2 282 636 2906 2992
3148 2 2 2 282 638 637 2911
3149 2 2 2 282 2911 637 2992
3150 2 2 2 282 639 638 2988
3151 2 2 2 282 638 2911 2988
3152 2 2 2 282 640 639 2918
3153 2 2 2 282 2918 639 2988
3154 2 2 2 282 641 640 2976
3155 2 2 2 282 640 2918 2976
3156 2 2 2 282 642 641 2924
3157 2 2 2 282 2924 641 2976
3158 2 2 2 282 643 642 2981
3159 2 2 2 282 642 2924 2981
3160 2 2 2 282 644 643 2930
3161 2 2 2 282 2930 643 2981
3162 2 2 2 282 645 644 2968
3163 2 2 2 282 644 2930 2968
3164 2 2 2 282 646 645 2936
3165 2 2 2 282 2936 645 2968
3166 2 2 2 282 647 646 3009
3167 2 2 2 282 646 2936 3009
3168 2 2 2 282 648 647 2960
3169 2 2 2 282 2960 647 3009
3170 2 2 2 282 649 648 2902
3171 2 2 2 282 2902 648 2960
3172 2 2 2 282 650 649 2896
3173 2 2 2 282 2896 649 2902
3174 2 2 2 282 650 2896 3013
3175 2 2 2 282 651 652 2895
3176 2 2 2 282 651 2895 3011
3177 2 2 2 282 652 653 2899
3178 2 2 2 282 2895 652 2899
3179 2 2 2 282 653 654 3008
3180 2 2 2 282 2899 653 3008
3181 2 2 2 282 654 655 2903
3182 2 2 2 282 654 2903 3008
3183 2 2 2 282 655 656 3006
3184 2 2 2 282 2903 655 3006
3185 2 2 2 282 656 657 2946
3186 2 2 2 282 656 2946 3006
3187 2 2 2 282 657 658 3001
3188 2 2 2 282 2946 657 3001
3189 2 2 2 282 658 659 2949
3190 2 2 2 282 658 2949 3001
3191 2 2 2 282 659 660 2954
3192 2 2 2 282 2949 659 2954
3193 2 2 2 282 660 661 2952
3194 2 2 2 282 660 2952 2954
3195 2 2 2 282 661 662 3000
3196 2 2 2 282 2952 661 3000
3197 2 2 2 282 662 663 2948
3198 2 2 2 282 662 2948 3000
3199 2 2 2 282 663 664 3004
3200 2 2 2 282 2948 663 3004
3201 2 2 2 282 664 665 2894
3202 2 2 2 282 664 2894 3004
3203 2 2 2 282 665 666 2957
3204 2 2 2 282 2894 665 2957
3205 2 2 2 282 666 667 2957
3206 2 2 2 282 667 668 2893
3207 2 2 2 282 667 2893 2957
3208 2 2 2 282 668 669 3003
3209 2 2 2 282 2893 668 3003
3210 2 2 2 282 669 670 2947
3211 2 2 2 282 669 2947 3003
3212 2 2 2 282 670 671 2999
3213 2 2 2 282 2947 670 2999
3214 2 2 2 282 671 672 2951
3215 2 2 2 282 671 2951 2999
3216 2 2 2 282 672 673 2953
3217 2 2 2 282 2951 672 2953
3218 2 2 2 282 673 674 2950
3219 2 2 2 282 673 2950 2953
3220 2 2 2 282 674 675 3002
3221 2 2 2 282 2950 674 3002
3222 2 2 2 282 675 676 2945
3223 2 2 2 282 675 2945 3002
3224 2 2 2 282 676 677 3005
3225 2 2 2 282 2945 676 3005
3226 2 2 2 282 677 678 2904
3227 2 2 2 282 677 2904 3005
3228 2 2 2 282 678 679 3007
3229 2 2 2 282 2904 678 3007
3230 2 2 2 282 679 680 2900
3231 2 2 2 282 679 2900 3007
3232 2 2 2 282 680 681 2896
3233 2 2 2 282 680 2896 2900
3234 2 2 2 282 2896 681 3013
3235 2 2 2 282 683 682 2895
3236 2 2 2 282 2895 682 3011
3237 2 2 2 282 684 683 2901
3238 2 2 2 282 683 2895 2901
3239 2 2 2 282 685 684 2961
3240 2 2 2 282 684 2901 2961
3241 2 2 2 282 686 685 2938
3242 2 2 2 282 2938 685 2961
3243 2 2 2 282 687 686 2964
3244 2 2 2 282 686 2938 2964
3245 2 2 2 282 688 687 2932
3246 2 2 2 282 2932 687 2964
3247 2 2 2 282 689 688 2974
3248 2 2 2 282 688 2932 2974
3249 2 2 2 282 690 689 2926
3250 2 2 2 282 2926 689 2974
3251 2 2 2 282 691 690 2979
3252 2 2 2 282 690 2926 2979
3253 2 2 2 282 692 691 2921
3254 2 2 2 282 2921 691 2979
3255 2 2 2 282 693 692 2985
3256 2 2 2 282 692 2921 2985
3257 2 2 2 282 694 693 2916
3258 2 2 2 282 2916 693 2985
3259 2 2 2 282 695 694 2997
3260 2 2 2 282 694 2916 2997
3261 2 2 2 282 696 695 2909
3262 2 2 2 282 2909 695 2997
3263 2 2 2 282 697 696 2995
3264 2 2 2 282 696 2909 2995
3265 2 2 2 282 698 697 2905
3266 2 2 2 282 2905 697 2995
3267 2 2 2 282 699 698 2991
3268 2 2 2 282 698 2905 2991
3269 2 2 2 282 700 699 2912
3270 2 2 2 282 2912 699 2991
3271 2 2 2 282 701 700 2989
3272 2 2 2 282 700 2912 2989
3273 2 2 2 282 702 701 2919
3274 2 2 2 282 2919 701 2989
3275 2 2 2 282 703 702 2977
3276 2 2 2 282 702 2919 2977
3277 2 2 2 282 704 703 2925
3278 2 2 2 282 2925 703 2977
3279 2 2 2 282 705 704 2982
3280 2 2 2 282 704 2925 2982
3281 2 2 2 282 706 705 2931
3282 2 2 2 282 2931 705 2982
3283 2 2 2 282 707 706 2969
3284 2 2 2 282 706 2931 2969
3285 2 2 2 282 708 707 2937
3286 2 2 2 282 2937 707 2969
3287 2 2 2 282 709 708 2970
3288 2 2 2 282 708 2937 2970
3289 2 2 2 282 710 709 2942
3290 2 2 2 282 2942 709 2970
3291 2 2 2 282 711 710 2958
3292 2 2 2 282 710 2942 2958
3293 2 2 2 282 712 711 2898
3294 2 2 2 282 2898 711 2958
3295 2 2 2 282 712 2898 3012
3296 2 2 2 282 2892 2955 2956
3297 4 2 1 9 1184 30 29 1183
3298 4 2 1 9 1184 32 31 1183
3299 4 2 1 9 31 30 1184 1183
3300 4 2 1 9 1184 29 32 1183
3301 4 2 1 9 36 29 1184 33
3302 4 2 1 9 34 31 30 1184
3303 4 2 1 9 35 36 32 1184
3304 4 2 1 9 30 29 33 1184
3305 4 2 1 9 31 35 32 1184
3306 4 2 1 9 34 30 33 1184
3307 4 2 1 9 34 31 1184 35
3308 4 2 1 9 29 36 1184 32
3309 4 2 1 10 1186 37 40 1185
3310 4 2 1 10 1186 39 38 1185
3311 4 2 1 10 1186 40 39 1185
3312 4 2 1 10 38 37 1186 1185
3313 4 2 1 10 42 39 1186 43
3314 4 2 1 10 40 43 1186 39
3315 4 2 1 10 39 42 1186 38
3316 4 2 1 10 44 37 40 1186
3317 4 2 1 10 43 40 1186 44
3318 4 2 1 10 41 38 37 1186
3319 4 2 1 10 41 38 1186 42
3320 4 2 1 10 37 44 41 1186
3321 4 2 1 11 50 1187 49 1188
3322 4 2 1 11 51 1187 50 1188
3323 4 2 1 11 52 51 1188 1187
3324 4 2 1 11 49 52 1188 1187
3325 4 2 1 11 46 45 49 1187
3326 4 2 1 11 50 1187 46 49
3327 4 2 1 11 52 49 45 1187
3328 4 2 1 11 51 52 48 1187
3329 4 2 1 11 48 52 45 1187
3330 4 2 1 11 47 50 1187 46
3331 4 2 1 11 50 47 1187 51
3332 4 2 1 11 47 51 48 1187
3333 4 2 1 12 54 53 1190 1189
3334 4 2 1 12 1190 53 56 1189
3335 4 2 1 12 1190 55 54 1189
3336 4 2 1 12 1190 56 55 1189
3337 4 2 1 12 60 57 53 1190
3338 4 2 1 12 57 54 53 1190
3339 4 2 1 12 57 58 54 1190
3340 4 2 1 12 56 59 60 1190
3341 4 2 1 12 53 56 60 1190
3342 4 2 1 12 55 58 1190 54
3343 4 2 1 12 58 55 1190 59
3344 4 2 1 12 59 56 55 1190
3345 4 2 14 26 1685 1681 1568 3065
3346 4 2 14 26 1772 1666 1585 3043
3347 4 2 14 26 1676 1675 1611 3045
3348 4 2 14 26 1615 1664 1699 3024
3349 4 2 14 26 1613 1578 1608 3066
3350 4 2 14 26 1744 1762 1652 3046
3351 4 2 14 26 1641 1567 1596 3067
3352 4 2 14 26 1553 1563 1547 3058
3353 4 2 14 26 1551 3056 3015 3057
3354 4 2 14 26 1677 1612 1715 3038
3355 4 2 14 26 1767 1694 1656 3031
3356 4 2 14 26 1781 3014 1527 3016
3357 4 2 14 26 1683 1747 1568 3065
3358 4 2 14 26 1771 1726 1595 3039
3359 4 2 14 26 1639 1774 1696 3067
3360 4 2 14 26 1639 1754 1774 3067
3361 4 2 14 26 1651 1593 1669 1553
3362 4 2 14 26 1755 1618 1750 3032
3363 4 2 14 26 1605 1751 1691 3048
3364 4 2 14 26 3016 3025 1527 3044
3365 4 2 14 26 1772 3043 1585 3060
3366 4 2 14 26 1605 1567 1698 3037
3367 4 2 14 26 3014 3016 1787 3056
3368 4 2 14 26 1626 1684 1730 3030
3369 4 2 14 26 1615 1732 1646 3028
3370 4 2 14 26 1551 1545 3015 3056
3371 4 2 14 26 1615 1699 1732 3028
3372 4 2 14 26 1527 3016 3014 3025
3373 4 2 14 26 1553 1669 1651 3058
3374 4 2 14 26 1595 1631 1771 1528
3375 4 2 14 26 1787 3014 1781 3016
3376 4 2 14 26 1600 1623 1567 3061
3377 4 2 14 26 1648 1769 1603 3048
3378 4 2 14 26 1567 3035 1596 3067
3379 4 2 14 26 1567 3042 1600 3061
3380 4 2 14 26 1766 1592 1674 3053
3381 4 2 14 26 1621 1681 1685 3022
3382 4 2 14 26 1701 1584 1702 3055
3383 4 2 14 26 1790 1566 1532 1560
3384 4 2 14 26 1567 1641 1590 3067
3385 4 2 14 26 1661 1689 1598 3031
3386 4 2 14 26 1590 1696 1729 3067
3387 4 2 14 26 1785 3056 1551 3057
3388 4 2 14 26 1766 1674 1581 3041
3389 4 2 14 26 1549 1551 3015 3057
3390 4 2 14 26 1579 1653 1760 3046
3391 4 2 14 26 1753 1654 1776 3029
3392 4 2 14 26 1567 1601 1600 3042
3393 4 2 14 26 1744 1652 1759 3046
3394 4 2 14 26 1682 1621 1530 3022
3395 4 2 14 26 1599 1767 1697 3030
3396 4 2 14 26 1679 1593 1688 3026
3397 4 2 14 26 1690 1762 1607 3034
3398 4 2 14 26 1567 1623 1624 3030
3399 4 2 14 26 3016 3029 3025 3044
3400 4 2 14 26 1581 1696 1774 3041
3401 4 2 14 26 1615 3024 1699 3028
3402 4 2 14 26 1605 1643 1596 3046
3403 4 2 14 26 1631 1763 1710 3040
3404 4 2 14 26 1621 1682 1681 3022
3405 4 2 14 26 1661 1598 1660 3037
3406 4 2 14 26 1774 1754 1627 3036
3407 4 2 14 26 3021 3022 3018 3045
3408 4 2 14 26 1549 3021 3015 3026
3409 4 2 14 26 1560 3022 3014 3057
3410 4 2 14 26 1664 1571 1699 3024
3411 4 2 14 26 1757 3026 1646 3028
3412 4 2 14 26 1785 1551 1783 3057
3413 4 2 14 26 1781 1527 1537 3016
3414 4 2 14 26 1578 3035 1608 3066
3415 4 2 14 26 1691 1728 1642 3046
3416 4 2 14 26 1527 1781 1529 3014
3417 4 2 14 26 1647 1611 1675 3045
3418 4 2 14 26 1549 1551 1545 3015
3419 4 2 14 26 1578 1655 1608 3035
3420 4 2 14 26 1690 1607 1655 3035
3421 4 2 14 26 1725 1563 1651 3058
3422 4 2 14 26 1784 1529 1781 3014
3423 4 2 14 26 1643 1759 1652 3046
3424 4 2 14 26 1549 3015 3021 3057
3425 4 2 14 26 1540 1787 3016 3056
3426 4 2 14 26 1720 1634 1589 3055
3427 4 2 14 26 1779 3014 1787 3056
3428 4 2 14 26 1560 3014 1780 3057
3429 4 2 14 26 1526 3014 3022 3039
3430 4 2 14 26 1755 3032 1630 3049
3431 4 2 14 26 1623 3030 1567 3061
3432 4 2 14 26 1537 3016 1527 3044
3433 4 2 14 26 1698 1567 1624 3037
3434 4 2 14 26 1791 1555 1565 1549
3435 4 2 14 26 1554 1538 1789 1544
3436 4 2 14 26 1533 1543 1788 1527
3437 4 2 14 26 1708 1571 1673 3052
3438 4 2 14 26 1730 1684 1599 3030
3439 4 2 14 26 1754 1733 1627 3066
3440 4 2 14 26 1622 1697 1756 3030
3441 4 2 14 26 1755 1750 1630 3032
3442 4 2 14 26 1661 1625 1689 3031
3443 4 2 14 26 1598 1689 1716 3031
3444 4 2 14 26 1672 1621 1685 3039
3445 4 2 14 26 1526 1523 3014 3039
3446 4 2 14 26 1667 1699 1571 3028
3447 4 2 14 26 1757 1646 1732 3028
3448 4 2 14 26 1597 1728 1691 3048
3449 4 2 14 26 1735 1729 1589 3042
3450 4 2 14 26 3024 3028 1546 3056
3451 4 2 14 26 1549 3015 1545 3026
3452 4 2 14 26 1744 1759 1606 3046
3453 4 2 14 26 1553 1651 1563 3058
3454 4 2 14 26 1605 1691 1642 3046
3455 4 2 14 26 1698 1751 1605 3037
3456 4 2 14 26 1545 3028 3026 3056
3457 4 2 14 26 1675 1569 1692 3053
3458 4 2 14 26 1700 1716 1644 3063
3459 4 2 14 26 1585 1666 1757 3028
3460 4 2 14 26 1676 1612 1677 3038
3461 4 2 14 26 1781 1787 1779 3014
3462 4 2 14 26 1545 1546 3028 3056
3463 4 2 14 26 1766 1774 1627 3036
3464 4 2 14 26 1624 1623 1656 3030
3465 4 2 14 26 1700 1644 1731 3063
3466 4 2 14 26 1759 1643 1758 3046
3467 4 2 14 26 1549 1783 1551 3057
3468 4 2 14 26 1570 1650 1679 3058
3469 4 2 14 26 1589 1637 1722 3041
3470 4 2 14 26 1787 1781 1537 3016
3471 4 2 14 26 1686 1614 1736 3066
3472 4 2 14 26 1677 1715 1742 3058
3473 4 2 14 26 1747 1613 1608 3065
3474 4 2 14 26 1637 1729 1696 3041
3475 4 2 14 26 1596 1643 1652 3046
3476 4 2 14 26 1661 1660 1761 3037
3477 4 2 14 26 1662 1589 1722 3055
3478 4 2 14 26 1759 1758 1606 3046
3479 4 2 14 26 1696 3041 1729 3067
3480 4 2 14 26 1624 1656 1625 3031
3481 4 2 14 26 1729 1637 1589 3041
3482 4 2 14 26 1733 1754 1583 3067
3483 4 2 14 26 1680 1703 1584 3062
3484 4 2 14 26 1526 3022 1524 3039
3485 4 2 14 26 1526 3014 1560 3022
3486 4 2 14 26 1682 1740 1530 1621
3487 4 2 14 26 1725 1651 1669 3058
3488 4 2 14 26 1576 1738 1776 3044
3489 4 2 14 26 1751 1605 3037 3048
3490 4 2 14 26 1654 1678 1776 3044
3491 4 2 14 26 1540 1787 1537 3016
3492 4 2 14 26 1603 1745 1648 3063
3493 4 2 14 26 1567 1590 1601 3042
3494 4 2 14 26 1701 1584 3055 3062
3495 4 2 14 26 1771 1595 1528 3039
3496 4 2 14 26 1613 1608 3065 3066
3497 4 2 14 26 1694 1625 1656 3031
3498 4 2 14 26 1527 3014 1523 3025
3499 4 2 14 26 1624 1625 1661 3031
3500 4 2 14 26 1526 1524 1523 3039
3501 4 2 14 26 1765 1626 1730 3030
3502 4 2 14 26 1779 3014 3056 3057
3503 4 2 14 26 1684 1694 1599 3031
3504 4 2 14 26 1599 1697 1730 3030
3505 4 2 14 26 1765 1730 1622 3030
3506 4 2 14 26 1622 1730 1697 3030
3507 4 2 14 26 1619 1681 1682 3022
3508 4 2 14 26 1593 1669 1553 1547
3509 4 2 14 26 1660 1748 1604 3037
3510 4 2 14 26 1593 1669 1547 3058
3511 4 2 14 26 1527 1529 1523 3014
3512 4 2 14 26 1573 1677 1742 3054
3513 4 2 14 26 1775 1755 1630 3049
3514 4 2 14 26 1762 1653 1607 3034
3515 4 2 14 26 1556 3022 3021 3045
3516 4 2 14 26 1579 1706 1653 3034
3517 4 2 14 26 1626 1587 1684 3052
3518 4 2 14 26 1585 1667 1773 3060
3519 4 2 14 26 1647 1683 1619 3022
3520 4 2 14 26 1547 3021 1549 3026
3521 4 2 14 26 1643 1642 1758 3046
3522 4 2 14 26 1653 1744 1760 3046
3523 4 2 14 26 1560 1526 1780 3014
3524 4 2 14 26 1621 3022 1685 3039
3525 4 2 14 26 3015 1545 3026 3056
3526 4 2 14 26 1728 1709 1739 3046
3527 4 2 14 26 1721 1673 1777 3047
3528 4 2 14 26 1621 1524 1530 3022
3529 4 2 14 26 1630 3032 3029 3049
3530 4 2 14 26 1009 1564 1530 1558
3531 4 2 14 26 1547 1563 1553 1029
3532 4 2 14 26 1593 3026 1679 3058
3533 4 2 14 26 1780 3014 1779 3057
3534 4 2 14 26 3015 3026 3028 3056
3535 4 2 14 26 1648 3048 1603 3063
3536 4 2 14 26 1597 1709 1728 3059
3537 4 2 14 26 1748 1713 1604 3048
3538 4 2 14 26 1769 3048 1648 3059
3539 4 2 14 26 1629 1775 1753 3029
3540 4 2 14 26 1622 1756 1718 3061
3541 4 2 14 26 1624 1661 1761 3037
3542 4 2 14 26 1571 1663 1673 3024
3543 4 2 14 26 1747 1683 1580 3045
3544 4 2 14 26 1746 1679 1688 3026
3545 4 2 14 26 1681 1619 1683 3022
3546 4 2 14 26 1540 3016 1534 3056
3547 4 2 14 26 1546 1615 1646 3028
3548 4 2 14 26 1523 3025 3014 3039
3549 4 2 14 26 1662 1720 1589 3055
3550 4 2 14 26 1624 3030 1656 3031
3551 4 2 14 26 1724 1584 1634 3055
3552 4 2 14 26 1605 1691 3046 3048
3553 4 2 14 26 3021 3026 1547 3058
3554 4 2 14 26 1734 1684 1602 3031
3555 4 2 14 26 1751 1658 1691 3048
3556 4 2 14 26 1571 1664 1663 3024
3557 4 2 14 26 1713 1770 1604 3048
3558 4 2 14 26 3015 3056 3014 3057
3559 4 2 14 26 3018 3022 3021 3057
3560 4 2 14 26 1647 1561 1611 3045
3561 4 2 14 26 1628 1570 1666 3043
3562 4 2 14 26 1767 1656 1623 3030
3563 4 2 14 26 1553 1547 1669 3058
3564 4 2 14 26 1647 3022 1561 3045
3565 4 2 14 26 1769 1648 1711 3059
3566 4 2 14 26 1729 1735 1590 3042
3567 4 2 14 26 1779 3056 1785 3057
3568 4 2 14 26 1654 1776 3029 3044
3569 4 2 14 26 1771 1528 1726 3039
3570 4 2 14 26 1708 1673 1587 3052
3571 4 2 14 26 1632 1674 1588 3041
3572 4 2 14 26 1712 1690 1655 3035
3573 4 2 14 26 1529 1784 1526 3014
3574 4 2 14 26 1671 1765 1636 3061
3575 4 2 14 26 1673 1663 1617 3047
3576 4 2 14 26 1642 1643 1605 3046
3577 4 2 14 26 1721 1618 1719 3032
3578 4 2 14 26 1703 1634 1584 3042
3579 4 2 14 26 1561 1556 3021 3045
3580 4 2 14 26 1542 1616 1552 3024
3581 4 2 14 26 1650 1570 1705 3054
3582 4 2 14 26 1716 1734 1602 3031
3583 4 2 14 26 1612 1687 1715 3021
3584 4 2 14 26 1687 1572 1715 3058
3585 4 2 14 26 1610 1672 1685 3039
3586 4 2 14 26 1736 1712 1655 3035
3587 4 2 14 26 1667 1586 1773 3060
3588 4 2 14 26 1700 1598 1716 3063
3589 4 2 14 26 3016 3024 1534 3056
3590 4 2 14 26 1616 1664 1717 3024
3591 4 2 14 26 1647 1580 1683 3045
3592 4 2 14 26 1734 1716 1689 3031
3593 4 2 14 26 1673 1721 1587 3032
3594 4 2 14 26 1629 1753 1776 3029
3595 4 2 14 26 3030 3031 1624 3037
3596 4 2 14 26 1719 1618 1755 3032
3597 4 2 14 26 1578 1736 1655 3035
3598 4 2 14 26 1627 1778 1766 3053
3599 4 2 14 26 1529 1526 1523 3014
3600 4 2 14 26 1550 3026 1545 3028
3601 4 2 14 26 1532 1526 1790 1560
3602 4 2 14 26 1604 1770 1658 3048
3603 4 2 14 26 1685 3022 1681 3065
3604 4 2 14 26 1549 3021 1559 3057
3605 4 2 14 26 1634 1735 1589 3042
3606 4 2 14 26 1540 1537 1534 3016
3607 4 2 14 26 1781 1779 1784 3014
3608 4 2 14 26 1595 3025 3039 3050
3609 4 2 14 26 1606 1760 1744 3046
3610 4 2 14 26 1616 1663 1664 3024
3611 4 2 14 26 1632 1588 1662 3055
3612 4 2 14 26 1707 1614 1686 3067
3613 4 2 14 26 1667 3028 1571 3052
3614 4 2 14 26 1736 1614 1712 3035
3615 4 2 14 26 1726 1693 1595 3039
3616 4 2 14 26 1670 1703 1680 3062
3617 4 2 14 26 1776 1738 1629 3029
3618 4 2 14 26 1711 1597 1769 3059
3619 4 2 14 26 1728 3046 1691 3048
3620 4 2 14 26 1784 1780 1526 3014
3621 4 2 14 26 1590 1729 3041 3067
3622 4 2 14 26 1699 3024 1571 3028
3623 4 2 14 26 1561 3022 1556 3045
3624 4 2 14 26 1751 1604 1658 3048
3625 4 2 14 26 1704 1705 1570 3054
3626 4 2 14 26 1539 1630 1750 3032
3627 4 2 14 26 1753 1630 1539 3029
3628 4 2 14 26 1527 3025 1525 3044
3629 4 2 14 26 1767 1656 3030 3031
3630 4 2 14 26 1739 1642 1728 3046
3631 4 2 14 26 1625 1734 1689 3031
3632 4 2 14 26 1618 1750 3032 3047
3633 4 2 14 26 1666 3028 1585 3043
3634 4 2 14 26 1616 1717 1552 3024
3635 4 2 14 26 1653 1706 1607 3034
3636 4 2 14 26 1571 3024 1673 3052
3637 4 2 14 26 1775 1629 1731 3029
3638 4 2 14 26 1758 1739 1606 3046
3639 4 2 14 26 1576 1776 1678 3044
3640 4 2 14 26 1766 1778 1592 3053
3641 4 2 14 26 1779 1785 1783 3057
3642 4 2 14 26 1772 1591 1701 3043
3643 4 2 14 26 1664 1615 1717 1546
3644 4 2 14 26 1020 1542 1552 3024
3645 4 2 14 26 1029 1549 1547 3021
3646 4 2 14 26 1615 1546 1664 3024
3647 4 2 14 26 1666 1772 1628 3043
3648 4 2 14 26 1582 1627 1733 3066
3649 4 2 14 26 1783 1791 1559 1549
3650 4 2 14 26 1537 1781 1788 1527
3651 4 2 14 26 1560 1556 3022 3057
3652 4 2 14 26 3036 3042 3041 3067
3653 4 2 14 26 1672 1610 1726 3039
3654 4 2 14 26 1704 1570 1628 3043
3655 4 2 14 26 3019 3015 3028 3056
3656 4 2 14 26 1679 1746 1570 3026
3657 4 2 14 26 1739 1758 1642 3046
3658 4 2 14 26 1737 1696 1581 3041
3659 4 2 14 26 1550 1546 1646 3028
3660 4 2 14 26 1784 1779 1780 3014
3661 4 2 14 26 1602 1684 1719 3049
3662 4 2 14 26 1734 1694 1684 3031
3663 4 2 14 26 1549 1545 1547 3026
3664 4 2 14 26 1660 1604 1761 3037
3665 4 2 14 26 1608 1655 1607 3065
3666 4 2 14 26 1550 1545 1546 3028
3667 4 2 14 26 1557 1559 1029 3021
3668 4 2 14 26 3019 3028 3024 3056
3669 4 2 14 26 1639 1583 1754 3067
3670 4 2 14 26 1719 1684 1587 3032
3671 4 2 14 26 1590 3041 3042 3067
3672 4 2 14 26 1561 3021 1612 3038
3673 4 2 14 26 1631 1528 1595 3025
3674 4 2 14 26 1598 3031 1716 3063
3675 4 2 14 26 1647 1683 3022 3045
3676 4 2 14 26 1524 1526 1009 3022
3677 4 2 14 26 1667 1571 1708 3052
3678 4 2 14 26 1570 3054 1650 3058
3679 4 2 14 26 1763 1649 1727 3040
3680 4 2 14 26 1720 1724 1634 3055
3681 4 2 14 26 1561 3021 3038 3045
3682 4 2 14 26 1761 1698 1624 3037
3683 4 2 14 26 3021 3022 1556 3057
3684 4 2 14 26 1613 1582 1640 3066
3685 4 2 14 26 1710 1575 1745 3040
3686 4 2 14 26 3014 3022 3018 3057
3687 4 2 14 26 1752 1696 1590 3067
3688 4 2 14 26 1565 1559 1791 1549
3689 4 2 14 26 1788 1543 1537 1527
3690 4 2 14 26 1538 1789 1548 1554
3691 4 2 14 26 1560 1780 1562 3057
3692 4 2 14 26 1712 1596 1690 3035
3693 4 2 14 26 1558 1009 1560 3022
3694 4 2 14 26 1563 1725 1557 3058
3695 4 2 14 26 1596 1614 1641 3067
3696 4 2 14 26 1757 1732 1585 3028
3697 4 2 14 26 1572 1687 1725 3058
3698 4 2 14 26 1775 1630 3029 3049
3699 4 2 14 26 1729 1590 3041 3042
3700 4 2 14 26 1688 1620 1746 3026
3701 4 2 14 26 1597 1728 3048 3059
3702 4 2 14 26 1711 1648 1727 3059
3703 4 2 14 26 1012 1543 1533 1527
3704 4 2 14 26 1532 1566 1010 1560
3705 4 2 14 26 1030 1565 1555 1549
3706 4 2 14 26 1544 1554 1538 1021
3707 4 2 14 26 1567 1624 3037 3051
3708 4 2 14 26 1670 1600 1601 3042
3709 4 2 14 26 1672 1726 1524 3039
3710 4 2 14 26 1701 1680 1584 3062
3711 4 2 14 26 1567 1590 3051 3067
3712 4 2 14 26 1738 1577 1731 3064
3713 4 2 14 26 1597 1691 1658 3048
3714 4 2 14 26 1655 3035 1607 3065
3715 4 2 14 26 1621 1524 3022 3039
3716 4 2 14 26 1664 1546 1717 3024
3717 4 2 14 26 1594 1631 1710 3025
3718 4 2 14 26 1783 1549 1559 3057
3719 4 2 14 26 1754 3036 1774 3067
3720 4 2 14 26 1596 1567 1605 3051
3721 4 2 14 26 1592 1768 1674 3038
3722 4 2 14 26 1753 1775 1630 3029
3723 4 2 14 26 1763 1575 1710 3040
3724 4 2 14 26 3014 3020 3019 3051
3725 4 2 14 26 1538 1534 3024 3056
3726 4 2 14 26 1673 1617 1777 3047
3727 4 2 14 26 1639 1696 1752 3067
3728 4 2 14 26 1666 1620 1757 3026
3729 4 2 14 26 1696 1737 1637 3041
3730 4 2 14 26 1672 1524 1621 3039
3731 4 2 14 26 1782 1538 1789 3056
3732 4 2 14 26 1732 1699 1667 3028
3733 4 2 14 26 1684 1599 3030 3031
3734 4 2 14 26 1637 1737 1722 3041
3735 4 2 14 26 1539 3029 1630 3032
3736 4 2 14 26 1724 1702 1584 3055
3737 4 2 14 26 1609 1579 1760 3059
3738 4 2 14 26 1567 3030 1624 3051
3739 4 2 14 26 1635 1671 1636 3062
3740 4 2 14 26 1625 1694 1734 3031
3741 4 2 14 26 1670 1601 1703 3042
3742 4 2 14 26 1663 1616 1665 3047
3743 4 2 14 26 1626 1684 3030 3052
3744 4 2 14 26 1772 1585 1591 3060
3745 4 2 14 26 1548 1538 3024 3056
3746 4 2 14 26 1719 1587 1721 3032
3747 4 2 14 26 1580 1647 1675 3045
3748 4 2 14 26 1751 1698 1604 3037
3749 4 2 14 26 1550 1646 3026 3028
3750 4 2 14 26 1645 1594 1710 3064
3751 4 2 14 26 1731 1629 1738 3029
3752 4 2 14 26 1704 1570 3043 3054
3753 4 2 14 26 1701 3043 1591 3062
3754 4 2 14 26 1786 1562 1780 3057
3755 4 2 14 26 1540 1782 1787 3056
3756 4 2 14 26 1687 1557 1725 3058
3757 4 2 14 26 1559 1549 1029 3021
3758 4 2 14 26 1013 1621 1530 1740
3759 4 2 14 26 1760 1739 1709 3046
3760 4 2 14 26 1780 1779 1786 3057
3761 4 2 14 26 1670 1635 1714 3062
3762 4 2 14 26 1581 1674 1737 3041
3763 4 2 14 26 3014 3017 3020 3051
3764 4 2 14 26 1523 1528 3025 3039
3765 4 2 14 26 1526 1560 1009 3022
3766 4 2 14 26 3042 3051 1590 3067
3767 4 2 14 26 1756 1697 1623 3030
3768 4 2 14 26 1585 3043 3028 3060
3769 4 2 14 26 1546 1548 3024 3056
3770 4 2 14 26 1697 1767 1623 3030
3771 4 2 14 26 1670 1600 3042 3061
3772 4 2 14 26 1743 1594 1668 3044
3773 4 2 14 26 1723 1701 1591 3062
3774 4 2 14 26 1774 3036 1696 3067
3775 4 2 14 26 1731 1577 3063 3064
3776 4 2 14 26 1546 1545 1548 3056
3777 4 2 14 26 1595 3039 1693 3050
3778 4 2 14 26 1618 1777 1749 3047
3779 4 2 14 26 1595 3025 1528 3039
3780 4 2 14 26 1601 1590 1735 3042
3781 4 2 14 26 3035 3065 1608 3066
3782 4 2 14 26 3015 3019 3016 3056
3783 4 2 14 26 1540 1538 1782 3056
3784 4 2 14 26 1526 1790 1560 1780
3785 4 2 14 26 1579 3034 1653 3046
3786 4 2 14 26 1603 1769 1657 3048
3787 4 2 14 26 1755 1775 1574 3049
3788 4 2 14 26 1540 1534 1538 3056
3789 4 2 14 26 1746 1666 1570 3026
3790 4 2 14 26 3015 3016 3014 3056
3791 4 2 14 26 1729 3041 1589 3042
3792 4 2 14 26 1537 1527 1011 3044
3793 4 2 14 26 3035 3045 3018 3065
3794 4 2 14 26 1703 1735 1634 3042
3795 4 2 14 26 1678 1764 1576 3044
3796 4 2 14 26 1593 1547 1688 3026
3797 4 2 14 26 1723 1591 1671 3062
3798 4 2 14 26 1754 1627 3036 3066
3799 4 2 14 26 1586 3052 1765 3061
3800 4 2 14 26 1789 1538 1548 3056
3801 4 2 14 26 1707 1686 1583 3067
3802 4 2 14 26 1683 3022 1747 3065
3803 4 2 14 26 1537 1011 1535 3044
3804 4 2 14 26 1570 1679 3026 3058
3805 4 2 14 26 3030 3037 1624 3051
3806 4 2 14 26 1569 1592 1741 3053
3807 4 2 14 26 1690 3034 1607 3035
3808 4 2 14 26 1649 1609 1727 3059
3809 4 2 14 26 1567 3051 3042 3061
3810 4 2 14 26 1613 1640 1578 3066
3811 4 2 14 26 1620 1666 1746 3026
3812 4 2 14 26 1638 1764 1678 3044
3813 4 2 14 26 1700 1731 1577 3063
3814 4 2 14 26 1567 3030 3051 3061
3815 4 2 14 26 1741 1692 1569 3053
3816 4 2 14 26 1525 1011 1527 3044
3817 4 2 14 26 1753 1535 1654 3029
3818 4 2 14 26 1661 3031 1598 3037
3819 4 2 14 26 1523 1524 1528 3039
3820 4 2 14 26 1615 1546 3024 3028
3821 4 2 14 26 1594 1645 1668 3044
3822 4 2 14 26 1595 1693 1649 3050
3823 4 2 14 26 1548 1020 1546 3024
3824 4 2 14 26 3017 3014 3025 3039
3825 4 2 14 26 1736 3035 1578 3066
3826 4 2 14 26 1745 3040 1648 3063
3827 4 2 14 26 1612 3021 1715 3038
3828 4 2 14 26 1572 1725 1669 3058
3829 4 2 14 26 1782 1789 1548 3056
3830 4 2 14 26 1644 3049 1731 3063
3831 4 2 14 26 1747 3045 1613 3065
3832 4 2 14 26 1713 1657 1770 3048
3833 4 2 14 26 1650 1593 1679 3058
3834 4 2 14 26 1739 1760 1606 3046
3835 4 2 14 26 1687 1715 3021 3058
3836 4 2 14 26 1588 1704 1633 3055
3837 4 2 14 26 1647 1619 1558 3022
3838 4 2 14 26 1618 1749 1750 3047
3839 4 2 14 26 1722 1737 1632 3041
3840 4 2 14 26 1703 3042 1584 3062
3841 4 2 14 26 3021 3018 3038 3045
3842 4 2 14 26 1567 1590 3042 3051
3843 4 2 14 26 1539 3032 1750 3047
3844 4 2 14 26 1670 3042 1703 3062
3845 4 2 14 26 1596 1712 1614 3035
3846 4 2 14 26 1672 1726 1014 1524
3847 4 2 14 26 1713 1603 1657 3048
3848 4 2 14 26 1605 3046 3033 3048
3849 4 2 14 26 1552 1717 1546 3024
3850 4 2 14 26 1698 1761 1604 3037
3851 4 2 14 26 1654 1753 1023 1535
3852 4 2 14 26 1695 1579 1693 3050
3853 4 2 14 26 1567 3051 3035 3067
3854 4 2 14 26 3016 3032 1539 3047
3855 4 2 14 26 1567 3037 1605 3051
3856 4 2 14 26 1569 1676 1677 3038
3857 4 2 14 26 1613 3065 3045 3066
3858 4 2 14 26 3014 3016 3015 3019
3859 4 2 14 26 1673 3032 1587 3052
3860 4 2 14 26 1692 3045 1675 3053
3861 4 2 14 26 1552 1546 1020 3024
3862 4 2 14 26 1589 3041 1722 3055
3863 4 2 14 26 1775 1731 1574 3049
3864 4 2 14 26 3014 3018 3015 3057
3865 4 2 14 26 1535 1534 1537 3016
3866 4 2 14 26 1548 1538 1020 3024
3867 4 2 14 26 1622 3030 1756 3061
3868 4 2 14 26 1714 1635 1636 3061
3869 4 2 14 26 3014 3016 3019 3020
3870 4 2 14 26 1647 1558 1561 3022
3871 4 2 14 26 1666 3026 1757 3028
3872 4 2 14 26 1737 1674 1632 3041
3873 4 2 14 26 1614 3066 1686 3067
3874 4 2 14 26 1765 1622 1718 3061
3875 4 2 14 26 1528 1524 1726 3039
3876 4 2 14 26 1015 1525 1631 1594
3877 4 2 14 26 1594 1525 1631 3025
3878 4 2 14 26 1716 3049 1644 3063
3879 4 2 14 26 1747 3022 1683 3045
3880 4 2 14 26 1536 1020 1538 3024
3881 4 2 14 26 1686 1736 1578 3066
3882 4 2 14 26 1624 3031 1661 3037
3883 4 2 14 26 1613 1747 1580 3045
3884 4 2 14 26 1719 3032 1755 3049
3885 4 2 14 26 1534 3024 3016 3047
3886 4 2 14 26 1770 1657 1658 3048
3887 4 2 14 26 3033 3037 1605 3048
3888 4 2 14 26 1020 1536 1542 3024
3889 4 2 14 26 1608 3035 1655 3065
3890 4 2 14 26 1684 3031 3030 3032
3891 4 2 14 26 1542 1665 1025 1616
3892 4 2 14 26 1610 1693 1726 3039
3893 4 2 14 26 1685 3039 3022 3065
3894 4 2 14 26 1571 3028 3024 3052
3895 4 2 14 26 1704 1628 1702 3043
3896 4 2 14 26 1763 1727 1575 3040
3897 4 2 14 26 1688 1550 1620 3026
3898 4 2 14 26 1663 3024 1616 3047
3899 4 2 14 26 1551 1785 1548 3056
3900 4 2 14 26 1772 1701 1628 3043
3901 4 2 14 26 1032 1546 1615 1646
3902 4 2 14 26 1745 1603 1577 3063
3903 4 2 14 26 1597 3048 1769 3059
3904 4 2 14 26 1579 1695 1706 3065
3905 4 2 14 26 1525 1527 1523 3025
3906 4 2 14 26 1596 3035 1614 3067
3907 4 2 14 26 1594 3025 1710 3064
3908 4 2 14 26 1765 3030 1622 3061
3909 4 2 14 26 1670 3061 3042 3062
3910 4 2 14 26 3017 3022 3014 3039
3911 4 2 14 26 1718 1756 1623 3061
3912 4 2 14 26 1551 1548 1545 3056
3913 4 2 14 26 1648 3040 3048 3063
3914 4 2 14 26 3016 3020 3014 3025
3915 4 2 14 26 1040 1558 1647 1619
3916 4 2 14 26 1695 1685 1568 3065
3917 4 2 14 26 1667 1585 1732 3028
3918 4 2 14 26 1556 1559 3021 3057
3919 4 2 14 26 1034 1593 1651 1553
3920 4 2 14 26 1684 1587 3032 3052
3921 4 2 14 26 1596 3035 1567 3051
3922 4 2 14 26 1663 1665 1617 3047
3923 4 2 14 26 1751 3037 1604 3048
3924 4 2 14 26 1711 1709 1597 3059
3925 4 2 14 26 3016 3029 1539 3032
3926 4 2 14 26 1539 1535 1753 3029
3927 4 2 14 26 3014 3020 3017 3025
3928 4 2 14 26 1548 1785 1782 3056
3929 4 2 14 26 1696 3036 1774 3041
3930 4 2 14 26 1733 3066 1754 3067
3931 4 2 14 26 1560 1562 1556 3057
3932 4 2 14 26 1600 1670 1714 3061
3933 4 2 14 26 3020 3032 3031 3049
3934 4 2 14 26 1593 1547 3026 3058
3935 4 2 14 26 1634 3042 1589 3055
3936 4 2 14 26 1645 1576 1668 3044
3937 4 2 14 26 1692 1580 1675 3045
3938 4 2 14 26 1534 3016 1539 3047
3939 4 2 14 26 1773 1591 1585 3060
3940 4 2 14 26 1556 1558 1560 3022
3941 4 2 14 26 1576 1738 3044 3064
3942 4 2 14 26 1632 3041 1588 3055
3943 4 2 14 26 1576 1645 1738 3064
3944 4 2 14 26 3019 3024 3016 3056
3945 4 2 14 26 3018 3021 3015 3057
3946 4 2 14 26 1748 1604 3037 3048
3947 4 2 14 26 1745 1575 1648 3040
3948 4 2 14 26 1039 1612 1557 1687
3949 4 2 14 26 1743 1525 1594 3044
3950 4 2 14 26 1742 1650 1573 3054
3951 4 2 14 26 1619 1682 1558 3022
3952 4 2 14 26 1702 1633 1704 3055
3953 4 2 14 26 1783 1791 1549 1037
3954 4 2 14 26 1019 1788 1781 1527
3955 4 2 14 26 1789 1782 1028 1538
3956 4 2 14 26 1768 1573 1674 3054
3957 4 2 14 26 1702 1704 3043 3055
3958 4 2 14 26 1688 1547 1550 3026
3959 4 2 14 26 1773 1586 1671 3060
3960 4 2 14 26 1701 1702 3043 3055
3961 4 2 14 26 1531 1743 1638 3044
3962 4 2 14 26 3033 3046 1605 3051
3963 4 2 14 26 1704 3054 3043 3055
3964 4 2 14 26 1702 1628 1701 3043
3965 4 2 14 26 1579 1706 3034 3065
3966 4 2 14 26 1602 3031 1684 3049
3967 4 2 14 26 1612 1557 1687 3021
3968 4 2 14 26 3014 3019 3015 3051
3969 4 2 14 26 1783 1559 1786 3057
3970 4 2 14 26 1597 1658 1657 3048
3971 4 2 14 26 1668 1576 1764 3044
3972 4 2 14 26 1614 3035 1736 3066
3973 4 2 14 26 3024 3032 3016 3047
3974 4 2 14 26 1560 1790 1566 1044
3975 4 2 14 26 1009 1526 1010 1560
3976 4 2 14 26 1537 1012 1011 1527
3977 4 2 14 26 1030 1029 1559 1549
3978 4 2 14 26 1548 1538 1021 1020
3979 4 2 14 26 1588 1633 1662 3055
3980 4 2 14 26 1572 1742 1715 3058
3981 4 2 14 26 1695 1610 1685 3039
3982 4 2 14 26 1584 3042 1634 3055
3983 4 2 14 26 1636 1765 1718 3061
3984 4 2 14 26 1574 1719 1755 3049
3985 4 2 14 26 1654 1535 1678 3044
3986 4 2 14 26 1631 1710 3025 3040
3987 4 2 14 26 1592 3038 1674 3053
3988 4 2 14 26 1536 3024 1534 3047
3989 4 2 14 26 1741 1592 1778 3053
3990 4 2 14 26 1700 1659 1598 3063
3991 4 2 14 26 1775 3029 1731 3049
3992 4 2 14 26 1782 1779 1787 3056
3993 4 2 14 26 1626 1765 1586 3052
3994 4 2 14 26 1786 1559 1562 3057
3995 4 2 14 26 1709 3046 1728 3059
3996 4 2 14 26 1638 1668 1764 3044
3997 4 2 14 26 1719 1684 3032 3049
3998 4 2 14 26 1593 1650 1669 3058
3999 4 2 14 26 1579 3046 1760 3050
4000 4 2 14 26 1769 1597 1657 3048
4001 4 2 14 26 1779 1783 1786 3057
4002 4 2 14 26 1538 1534 1536 3024
4003 4 2 14 26 3017 3020 3033 3040
4004 4 2 14 26 1570 3026 1666 3043
4005 4 2 14 26 1723 1671 1635 3062
4006 4 2 14 26 1525 1015 1631 1528
4007 4 2 14 26 1023 1753 1630 1539
4008 4 2 14 26 1017 1526 1790 1532
4009 4 2 14 26 1638 1678 1541 3044
4010 4 2 14 26 1525 1528 1631 3025
4011 4 2 14 26 1772 1591 3043 3060
4012 4 2 14 26 1558 1556 1561 3022
4013 4 2 14 26 3045 3065 3035 3066
4014 4 2 14 26 3017 3018 3014 3022
4015 4 2 14 26 1613 1692 1582 3053
4016 4 2 14 26 1670 1714 3061 3062
4017 4 2 14 26 1721 3032 1673 3047
4018 4 2 14 26 1541 1011 1531 3044
4019 4 2 14 26 1684 3032 3030 3052
4020 4 2 14 26 1731 1644 1574 3049
4021 4 2 14 26 1570 3026 3054 3058
4022 4 2 14 26 1558 1040 1647 1561
4023 4 2 14 26 1548 1035 1789 1782
4024 4 2 14 26 1781 1026 1537 1788
4025 4 2 14 26 1783 1791 1042 1559
4026 4 2 14 26 1612 1561 1611 1039
4027 4 2 14 26 1667 3052 1586 3060
4028 4 2 14 26 1556 1559 1557 3021
4029 4 2 14 26 1738 3029 1776 3044
4030 4 2 14 26 3033 1605 3037 3051
4031 4 2 14 26 1527 1781 1019 1529
4032 4 2 14 26 1782 1028 1538 1540
4033 4 2 14 26 1037 1549 1783 1551
4034 4 2 14 26 1557 1612 1561 3021
4035 4 2 14 26 1575 1727 1648 3040
4036 4 2 14 26 1673 3024 1663 3047
4037 4 2 14 26 1569 1677 1768 3038
4038 4 2 14 26 1532 1010 1526 1560
4039 4 2 14 26 1543 1012 1537 1527
4040 4 2 14 26 1548 1538 1554 1021
4041 4 2 14 26 1559 1565 1030 1549
4042 4 2 14 26 1733 1640 1582 3066
4043 4 2 14 26 1550 1546 1032 1646
4044 4 2 14 26 1688 1033 1547 1593
4045 4 2 14 26 1627 1766 3036 3053
4046 4 2 14 26 1726 1014 1524 1528
4047 4 2 14 26 1587 1626 1708 3052
4048 4 2 14 26 1779 1782 1785 3056
4049 4 2 14 26 1723 1680 1701 3062
4050 4 2 14 26 1627 1582 1778 3053
4051 4 2 14 26 1692 1613 1580 3045
4052 4 2 14 26 1671 3061 1636 3062
4053 4 2 14 26 1525 1743 1531 3044
4054 4 2 14 26 1588 3054 1704 3055
4055 4 2 14 26 1667 1708 1586 3052
4056 4 2 14 26 3023 3041 3036 3042
4057 4 2 14 26 1616 1542 1536 3024
4058 4 2 14 26 3034 3035 1690 3046
4059 4 2 14 26 1654 1022 1678 1535
4060 4 2 14 26 1016 1594 1743 1525
4061 4 2 14 26 1525 1531 1011 3044
4062 4 2 14 26 1557 1038 1687 1725
4063 4 2 14 26 1612 1557 1561 1039
4064 4 2 14 26 1013 1524 1621 1672
4065 4 2 14 26 1601 1735 1703 3042
4066 4 2 14 26 1771 1631 1015 1528
4067 4 2 14 26 1033 1688 1547 1550
4068 4 2 14 26 3046 3048 1728 3059
4069 4 2 14 26 1585 3028 1667 3060
4070 4 2 14 26 1633 1702 1724 3055
4071 4 2 14 26 3015 3027 3028 3043
4072 4 2 14 26 1753 1023 1535 1539
4073 4 2 14 26 1781 1784 1019 1529
4074 4 2 14 26 1037 1783 1785 1551
4075 4 2 14 26 1028 1782 1787 1540
4076 4 2 14 26 1633 1720 1662 3055
4077 4 2 14 26 1768 1674 3038 3054
4078 4 2 14 26 1680 1635 1670 3062
4079 4 2 14 26 1541 1535 1011 3044
4080 4 2 14 26 1584 3042 3055 3062
4081 4 2 14 26 1645 3044 1594 3064
4082 4 2 14 26 1592 1569 1768 3038
4083 4 2 14 26 1633 1724 1720 3055
4084 4 2 14 26 1771 1014 1726 1528
4085 4 2 14 26 3020 3025 3016 3029
4086 4 2 14 26 1608 1607 1706 3065
4087 4 2 14 26 1716 1602 1644 3049
4088 4 2 14 26 1638 1743 1668 3044
4089 4 2 14 26 1747 3022 3045 3065
4090 4 2 14 26 1626 3030 1765 3052
4091 4 2 14 26 3036 3051 3042 3067
4092 4 2 14 26 1609 1760 1709 3059
4093 4 2 14 26 1614 1707 1641 3067
4094 4 2 14 26 3031 3032 1684 3049
4095 4 2 14 26 1749 1539 1750 3047
4096 4 2 14 26 1613 3053 1582 3066
4097 4 2 14 26 1541 1531 1638 3044
4098 4 2 14 26 1035 1548 1785 1782
4099 4 2 14 26 1537 1026 1781 1787
4100 4 2 14 26 1786 1783 1042 1559
4101 4 2 14 26 1754 3066 3036 3067
4102 4 2 14 26 1611 1647 1040 1561
4103 4 2 14 26 1044 1560 1790 1780
4104 4 2 14 26 3023 3038 3036 3041
4105 4 2 14 26 1713 1659 1603 3063
4106 4 2 14 26 1542 1665 1616 1536
4107 4 2 14 26 1573 1650 1705 3054
4108 4 2 14 26 1635 1636 3061 3062
4109 4 2 14 26 3027 3042 3051 3061
4110 4 2 14 26 1607 3035 3034 3065
4111 4 2 14 26 3024 3032 1673 3052
4112 4 2 14 26 3026 3028 1666 3043
4113 4 2 14 26 1598 3037 3031 3063
4114 4 2 14 26 1701 3055 3043 3062
4115 4 2 14 26 3026 3043 1570 3054
4116 4 2 14 26 1791 1555 1549 1037
4117 4 2 14 26 1538 1028 1789 1544
4118 4 2 14 26 1019 1533 1788 1527
4119 4 2 14 26 1649 1727 3050 3059
4120 4 2 14 26 1636 1718 1714 3061
4121 4 2 14 26 1590 1641 1752 3067
4122 4 2 14 26 1747 1608 1568 3065
4123 4 2 14 26 1616 1536 1665 3047
4124 4 2 14 26 1654 3029 1535 3044
4125 4 2 14 26 1524 1013 1621 1530
4126 4 2 14 26 3043 3060 1591 3062
4127 4 2 14 26 1649 1727 3040 3050
4128 4 2 14 26 1678 1535 1541 3044
4129 4 2 14 26 1704 1588 1705 3054
4130 4 2 14 26 1548 1785 1551 1036
4131 4 2 14 26 1784 1018 1529 1526
4132 4 2 14 26 1043 1562 1786 1559
4133 4 2 14 26 1540 1537 1787 1027
4134 4 2 14 26 1542 1665 1536 1025
4135 4 2 14 26 1579 3050 1695 3065
4136 4 2 14 26 3033 3048 3040 3063
4137 4 2 14 26 1602 1719 1574 3049
4138 4 2 14 26 3019 3031 3020 3032
4139 4 2 14 26 1616 3024 1536 3047
4140 4 2 14 26 1594 3044 3025 3064
4141 4 2 14 26 1749 1777 1617 3047
4142 4 2 14 26 1038 1557 1563 1725
4143 4 2 14 26 1545 1550 1547 3026
4144 4 2 14 26 3031 3049 1716 3063
4145 4 2 14 26 1579 3050 1760 3059
4146 4 2 14 26 3028 3043 3027 3060
4147 4 2 14 26 1607 3034 1706 3065
4148 4 2 14 26 1593 1553 1034 1547
4149 4 2 14 26 1561 1556 1557 3021
4150 4 2 14 26 1023 1630 1750 1539
4151 4 2 14 26 1731 3049 3029 3063
4152 4 2 14 26 3031 3037 3030 3051
4153 4 2 14 26 1562 1560 1044 1780
4154 4 2 14 26 1748 3048 3037 3063
4155 4 2 14 26 1790 1526 1017 1780
4156 4 2 14 26 1760 3050 3046 3059
4157 4 2 14 26 1674 1588 3041 3054
4158 4 2 14 26 1695 1693 1610 3039
4159 4 2 14 26 1789 1035 1548 1554
4160 4 2 14 26 1791 1042 1559 1565
4161 4 2 14 26 1026 1543 1537 1788
4162 4 2 14 26 1687 3021 1557 3058
4163 4 2 14 26 1033 1620 1688 1550
4164 4 2 14 26 1756 3030 1623 3061
4165 4 2 14 26 1784 1017 1526 1780
4166 4 2 14 26 1525 1743 1016 1531
4167 4 2 14 26 1648 3048 3040 3059
4168 4 2 14 26 1594 1525 3025 3044
4169 4 2 14 26 1586 3060 3052 3061
4170 4 2 14 26 1765 3052 3030 3061
4171 4 2 14 26 1752 1583 1639 3067
4172 4 2 14 26 1640 1733 1686 3066
4173 4 2 14 26 1562 1044 1786 1780
4174 4 2 14 26 1716 3031 1602 3049
4175 4 2 14 26 1600 1714 1718 3061
4176 4 2 14 26 1674 3041 3038 3054
4177 4 2 14 26 1686 1578 1640 3066
4178 4 2 14 26 1635 3061 1714 3062
4179 4 2 14 26 3027 3051 3030 3061
4180 4 2 14 26 1535 1022 1678 1541
4181 4 2 14 26 1749 1750 1539 1024
4182 4 2 14 26 1609 1711 1727 3059
4183 4 2 14 26 3035 3046 3034 3051
4184 4 2 14 26 1695 3039 1685 3065
4185 4 2 14 26 3021 3054 3026 3058
4186 4 2 14 26 1042 1043 1786 1559
4187 4 2 14 26 1785 1548 1035 1036
4188 4 2 14 26 1018 1784 1017 1526
4189 4 2 14 26 1537 1026 1787 1027
4190 4 2 14 26 3030 3052 3027 3060
4191 4 2 14 26 1773 1671 1591 3060
4192 4 2 14 26 1692 1741 1582 3053
4193 4 2 14 26 1713 1603 3048 3063
4194 4 2 14 26 3017 3039 3034 3065
4195 4 2 14 26 1760 3046 1709 3059
4196 4 2 14 26 3025 3017 3039 3050
4197 4 2 14 26 1738 1731 3029 3064
4198 4 2 14 26 3025 3040 1710 3064
4199 4 2 14 26 1674 1573 1588 3054
4200 4 2 14 26 1525 1523 1528 3025
4201 4 2 14 26 3021 3023 3015 3054
4202 4 2 14 26 3036 3041 1696 3067
4203 4 2 14 26 1032 1620 1550 1646
4204 4 2 14 26 1710 3040 1745 3064
4205 4 2 14 26 1778 1582 1741 3053
4206 4 2 14 26 1649 1579 1609 3050
4207 4 2 14 26 1613 3045 1692 3053
4208 4 2 14 26 1583 1752 1707 3067
4209 4 2 14 26 3022 3018 3045 3065
4210 4 2 14 26 1562 1559 1556 3057
4211 4 2 14 26 3015 3023 3027 3043
4212 4 2 14 26 1600 1718 1623 3061
4213 4 2 14 26 1615 1717 1546 1031
4214 4 2 14 26 3038 3041 3023 3054
4215 4 2 14 26 1645 1710 1745 3064
4216 4 2 14 26 1648 3040 1727 3059
4217 4 2 14 26 1589 3042 3041 3055
4218 4 2 14 26 1749 1665 1024 3047
4219 4 2 14 26 3016 3024 3019 3032
4220 4 2 14 26 1576 3044 1645 3064
4221 4 2 14 26 3015 3027 3019 3028
4222 4 2 14 26 1023 1022 1654 1535
4223 4 2 14 26 3035 3051 3036 3067
4224 4 2 14 26 3033 3034 3046 3051
4225 4 2 14 26 1613 3045 3053 3066
4226 4 2 14 26 3018 3022 3017 3065
4227 4 2 14 26 3060 3061 1671 3062
4228 4 2 14 26 3025 3029 3020 3064
4229 4 2 14 26 1536 1534 1539 3047
4230 4 2 14 26 1680 1723 1635 3062
4231 4 2 14 26 3035 3066 1614 3067
4232 4 2 14 26 3021 3015 3026 3054
4233 4 2 14 26 1617 1665 1749 3047
4234 4 2 14 26 3023 3026 3015 3054
4235 4 2 14 26 1588 3041 3054 3055
4236 4 2 14 26 1731 3063 3029 3064
4237 4 2 14 26 1555 180 1791 1565
4238 4 2 14 26 1554 1789 178 1544
4239 4 2 14 26 1533 1543 176 1788
4240 4 2 14 26 1582 3053 1627 3066
4241 4 2 14 26 1785 1037 1551 1036
4242 4 2 14 26 1787 1028 1540 1027
4243 4 2 14 26 1784 1018 1019 1529
4244 4 2 14 26 1786 1044 1562 1043
4245 4 2 14 26 1594 1016 1015 1525
4246 4 2 14 26 3020 3063 3040 3064
4247 4 2 14 26 1025 1665 1536 1024
4248 4 2 14 26 1591 3060 1671 3062
4249 4 2 14 26 1626 1586 1708 3052
4250 4 2 14 26 1603 1700 1577 3063
4251 4 2 14 26 1745 3063 1577 3064
4252 4 2 14 26 3034 3046 1579 3050
4253 4 2 14 26 1649 1693 1579 3050
4254 4 2 14 26 1033 1593 1034 1547
4255 4 2 14 26 1650 3054 1742 3058
4256 4 2 14 26 1619 1041 1040 1558
4257 4 2 14 26 1667 3028 3052 3060
4258 4 2 14 26 1579 3034 3050 3065
4259 4 2 14 26 1615 1031 1546 1032
4260 4 2 14 26 3022 3039 3017 3065
4261 4 2 14 26 3029 3025 3044 3064
4262 4 2 14 26 1038 1039 1557 1687
4263 4 2 14 26 1566 1010 174 1532
4264 4 2 14 26 1565 1555 180 1030
4265 4 2 14 26 1544 178 1554 1021
4266 4 2 14 26 1543 176 1012 1533
4267 4 2 14 26 1539 1749 1024 3047
4268 4 2 14 26 1659 1700 1603 3063
4269 4 2 14 26 3024 3028 3019 3052
4270 4 2 14 26 1644 1602 1574 3049
4271 4 2 14 26 3023 3043 3026 3054
4272 4 2 14 26 1013 1672 1014 1524
4273 4 2 14 26 1022 1638 1678 1541
4274 4 2 14 26 1650 1572 1669 3058
4275 4 2 14 26 1673 3032 3024 3047
4276 4 2 14 26 1038 1651 1725 1563
4277 4 2 14 26 3015 3021 3018 3023
4278 4 2 14 26 3020 3033 3040 3063
4279 4 2 14 26 3040 3050 1727 3059
4280 4 2 14 26 1695 1693 3039 3050
4281 4 2 14 26 1609 3050 1579 3059
4282 4 2 14 26 1745 3040 3063 3064
4283 4 2 14 26 1031 1717 1546 1552
4284 4 2 14 26 3015 3028 3026 3043
4285 4 2 14 26 1609 1709 1711 3059
4286 4 2 14 26 174 1790 1566 1532
4287 4 2 14 26 1649 3050 1609 3059
4288 4 2 14 26 3029 3044 1738 3064
4289 4 2 14 26 3017 3025 3020 3040
4290 4 2 14 26 1536 1024 1665 3047
4291 4 2 14 26 3035 3018 3045 3066
4292 4 2 14 26 3030 3060 3027 3061
4293 4 2 14 26 3025 3020 3040 3064
4294 4 2 14 26 1569 3038 1592 3053
4295 4 2 14 26 3020 3016 3032 3049
4296 4 2 14 26 1738 1645 1577 3064
4297 4 2 14 26 1608 1695 1568 3065
4298 4 2 14 26 1572 1650 1742 3058
4299 4 2 14 26 3033 3017 3040 3050
4300 4 2 14 26 1627 3053 3036 3066
4301 4 2 14 26 3019 3027 3052 3060
4302 4 2 14 26 3029 3032 3016 3049
4303 4 2 14 26 1638 1016 1743 1531
4304 4 2 14 26 3023 3042 3036 3051
4305 4 2 14 26 3018 3036 3023 3038
4306 4 2 14 26 3052 3060 3030 3061
4307 4 2 14 26 3020 3048 3033 3063
4308 4 2 14 26 1563 179 1651 1553
4309 4 2 14 26 3020 3037 3031 3051
4310 4 2 14 26 1695 1608 1706 3065
4311 4 2 14 26 1014 1771 1015 1528
4312 4 2 14 26 1541 175 1638 1531
4313 4 2 14 26 3030 3031 3019 3032
4314 4 2 14 26 3024 3019 3032 3052
4315 4 2 14 26 3043 3055 3042 3062
4316 4 2 14 26 179 1563 1651 1038
4317 4 2 14 26 1588 1573 1705 3054
4318 4 2 14 26 3019 3028 3027 3060
4319 4 2 14 26 3019 3027 3030 3052
4320 4 2 14 26 3029 3049 3020 3063
4321 4 2 14 26 1745 1577 1645 3064
4322 4 2 14 26 3025 3040 3017 3050
4323 4 2 14 26 3043 3054 3023 3055
4324 4 2 14 26 1789 178 1035 1554
4325 4 2 14 26 1026 176 1543 1788
4326 4 2 14 26 1042 1791 180 1565
4327 4 2 14 26 1016 1638 175 1531
4328 4 2 14 26 3040 3033 3050 3059
4329 4 2 14 26 1022 175 1638 1541
4330 4 2 14 26 3031 3020 3049 3063
4331 4 2 14 26 3019 3031 3030 3051
4332 4 2 14 26 173 1682 1564 1041
4333 4 2 14 26 3019 3052 3028 3060
4334 4 2 14 26 1028 178 1789 1544
4335 4 2 14 26 1555 1791 180 1037
4336 4 2 14 26 176 1533 1788 1019
4337 4 2 14 26 1790 174 1017 1532
4338 4 2 14 26 1566 1790 174 1044
4339 4 2 14 26 1611 1561 1040 1039
4340 4 2 14 26 1539 1024 1536 3047
4341 4 2 14 26 3034 3039 3017 3050
4342 4 2 14 26 1033 1032 1620 1550
4343 4 2 14 26 1616 177 1025 1542
4344 4 2 14 26 1023 1750 1024 1539
4345 4 2 14 26 1651 179 1034 1553
4346 4 2 14 26 3037 3048 3020 3063
4347 4 2 14 26 1564 173 1009 1530
4348 4 2 14 26 1531 1541 175 1011
4349 4 2 14 26 1553 1563 179 1029
4350 4 2 14 26 1542 177 1020 1552
4351 4 2 14 26 3015 3027 3023 3051
4352 4 2 14 26 1013 173 1740 1530
4353 4 2 14 26 3020 3029 3016 3049
4354 4 2 14 26 3019 3020 3016 3032
4355 4 2 14 26 3036 3053 3018 3066
4356 4 2 14 26 3020 3029 3063 3064
4357 4 2 14 26 1707 1752 1641 3067
4358 4 2 14 26 3035 3036 3018 3066
4359 4 2 14 26 1717 177 1552 1031
4360 4 2 14 26 1695 3050 3039 3065
4361 4 2 14 26 3015 3026 3023 3043
4362 4 2 14 26 3018 3036 3035 3051
4363 4 2 14 26 3042 3061 3027 3062
4364 4 2 14 26 3018 3053 3045 3066
4365 4 2 14 26 3030 3032 3019 3052
4366 4 2 14 26 3017 3018 3035 3051
4367 4 2 14 26 3015 3019 3027 3051
4368 4 2 14 26 3020 3037 3033 3048
4369 4 2 14 26 3027 3043 3042 3062
4370 4 2 14 26 3023 3027 3042 3051
4371 4 2 14 26 3040 3048 3033 3059
4372 4 2 14 26 3019 3020 3031 3051
4373 4 2 14 26 3041 3023 3054 3055
4374 4 2 14 26 3017 3035 3034 3051
4375 4 2 14 26 3018 3023 3036 3051
4376 4 2 14 26 3015 3023 3018 3051
4377 4 2 14 26 3027 3060 3043 3062
4378 4 2 14 26 3033 3037 3020 3051
4379 4 2 14 26 3033 3034 3017 3050
4380 4 2 14 26 3038 3054 3021 3058
4381 4 2 14 26 3031 3037 3020 3063
4382 4 2 14 26 3042 3043 3023 3055
4383 4 2 14 26 3017 3034 3033 3051
4384 4 2 14 26 3019 3030 3027 3051
4385 4 2 14 26 3023 3042 3027 3043
4386 4 2 14 26 3036 3066 3035 3067
4387 4 2 14 26 3033 3048 3046 3059
4388 4 2 14 26 3017 3033 3020 3051
4389 4 2 14 26 3039 3050 3034 3065
4390 4 2 14 26 3038 3045 3018 3053
4391 4 2 14 26 3027 3061 3060 3062
4392 4 2 14 26 3036 3038 3018 3053
4393 4 2 14 26 3041 3042 3023 3055
4394 4 2 14 26 3045 1676 3053 3038
4395 4 2 14 26 3045 3053 1676 1675
4396 4 2 14 26 1569 3053 1676 3038
4397 4 2 14 26 1569 1676 3053 1675
4398 4 2 14 26 3045 1676 1561 1611
4399 4 2 14 26 3045 1561 1676 3038
4400 4 2 14 26 1612 1561 1676 1611
4401 4 2 14 26 1612 1676 1561 3038
4402 4 2 14 26 1558 1530 1682 1564
4403 4 2 14 26 1682 1530 1558 3022
4404 4 2 14 26 3026 1646 1620 1757
4405 4 2 14 26 3026 1620 1646 1550
4406 4 2 14 26 3044 3016 1535 1537
4407 4 2 14 26 3044 1535 3016 3029
4408 4 2 14 26 1690 3046 1596 1652
4409 4 2 14 26 1596 3046 1690 3035
4410 4 2 14 26 3038 3041 3053 3036
4411 4 2 14 26 3038 3053 3041 1674
4412 4 2 14 26 1766 3053 3041 3036
4413 4 2 14 26 1766 3041 3053 1674
4414 4 2 14 26 3046 1690 1762 1652
4415 4 2 14 26 3046 1762 1690 3034
4416 4 2 14 26 3065 1681 1683 3022
4417 4 2 14 26 3065 1683 1681 1568
4418 4 2 14 26 1715 3038 3058 1677
4419 4 2 14 26 3058 3038 1715 3021
4420 4 2 14 26 3061 1586 1671 1765
4421 4 2 14 26 3061 1671 1586 3060
4422 4 2 14 26 3054 1677 3058 3038
4423 4 2 14 26 3054 3058 1677 1742
4424 4 2 14 26 3046 1762 1653 1744
4425 4 2 14 26 3046 1653 1762 3034
4426 4 2 14 26 3031 1767 1599 3030
4427 4 2 14 26 3031 1599 1767 1694
4428 4 2 14 26 3063 1748 1713 1659
4429 4 2 14 26 3063 1713 1748 3048
4430 4 2 14 26 3021 1029 3058 1547
4431 4 2 14 26 3021 3058 1029 1557
4432 4 2 14 26 1563 3058 1029 1547
4433 4 2 14 26 1563 1029 3058 1557
4434 4 2 14 26 3051 1596 3046 1605
4435 4 2 14 26 3051 3046 1596 3035
4436 4 2 14 26 3055 1632 1722 1662
4437 4 2 14 26 3055 1722 1632 3041
4438 4 2 14 26 3035 3017 3065 3018
4439 4 2 14 26 3035 3065 3017 3034
4440 4 2 14 26 1774 3041 1766 1581
4441 4 2 14 26 1766 3041 1774 3036
4442 4 2 14 26 3050 3040 1595 3025
4443 4 2 14 26 1631 1595 3040 3025
4444 4 2 14 26 1631 3040 1595 1763
4445 4 2 14 26 3022 1009 1530 1558
4446 4 2 14 26 3022 1530 1009 1524
4447 4 2 14 26 3063 1598 1660 1659
4448 4 2 14 26 1660 1598 3063 3037
4449 4 2 14 26 1660 1748 3063 1659
4450 4 2 14 26 3063 1748 1660 3037
4451 4 2 14 26 1535 3016 1539 1534
4452 4 2 14 26 1535 1539 3016 3029
4453 4 2 14 26 1530 1682 173 1740
4454 4 2 14 26 1530 173 1682 1564
4455 4 2 14 26 3054 1768 1677 3038
4456 4 2 14 26 3054 1677 1768 1573
4457 4 2 14 26 3047 1721 1618 1777
4458 4 2 14 26 3047 1618 1721 3032
4459 4 2 14 26 3023 3038 3021 3018
4460 4 2 14 26 3023 3021 3038 3054
4461 4 2 14 26 1558 1682 1041 1564
4462 4 2 14 26 1558 1041 1682 1619
4463 4 2 14 26 3067 1733 1686 1583
4464 4 2 14 26 3067 1686 1733 3066
4465 4 2 14 26 3051 3014 3018 3015
4466 4 2 14 26 3051 3018 3014 3017
4467 4 2 14 26 1552 1616 177 1717
4468 4 2 14 26 1552 177 1616 1542
4469 4 2 14 26 3050 3046 3033 3034
4470 4 2 14 26 3050 3033 3046 3059
4471 4 2 14 26 3040 1595 1649 3050
4472 4 2 14 26 3040 1649 1595 1763
4473 4 2 15 27 1890 1824 1713 1659
4474 4 2 15 27 1894 1837 1895 1664
4475 4 2 15 27 1766 1886 1674 1592
4476 4 2 15 27 1050 1876 1975 1654
4477 4 2 15 27 1653 1760 1874 1805
4478 4 2 15 27 1755 1618 1852 1750
4479 4 2 15 27 1758 1880 1643 1759
4480 4 2 15 27 1746 1902 1679 1570
4481 4 2 15 27 1737 1859 1632 1674
4482 4 2 15 27 1765 1908 1839 1966
4483 4 2 15 27 1860 1814 1729 1637
4484 4 2 15 27 1633 1702 1928 1724
4485 4 2 15 27 1925 1865 1964 1598
4486 4 2 15 27 1806 1886 1949 1581
4487 4 2 15 27 1583 1808 1733 1686
4488 4 2 15 27 1671 1984 1591 1918
4489 4 2 15 27 1915 1815 1994 1696
4490 4 2 15 27 1915 1995 1774 1639
4491 4 2 15 27 1054 1053 1837 1615
4492 4 2 15 27 1846 1940 1955 1614
4493 4 2 15 27 1949 1859 1953 1737
4494 4 2 15 27 1729 1814 1589 1637
4495 4 2 15 27 1858 1975 1985 1753
4496 4 2 15 27 1588 1704 1927 1633
4497 4 2 15 27 1981 1583 1733 1754
4498 4 2 15 27 1662 1885 1722 1589
4499 4 2 15 27 1880 1873 1990 1643
4500 4 2 15 27 1855 1702 1701 1929
4501 4 2 15 27 1579 1930 1695 1693
4502 4 2 15 27 1971 1641 1707 1752
4503 4 2 15 27 1612 1676 1677 1836
4504 4 2 15 27 1813 1859 1886 1674
4505 4 2 15 27 1614 1955 1736 1712
4506 4 2 15 27 1713 1657 1866 1770
4507 4 2 15 27 1889 1763 2003 1595
4508 4 2 15 27 1755 1630 1982 1775
4509 4 2 15 27 1981 1583 1875 1808
4510 4 2 15 27 1896 1847 1616 1894
4511 4 2 15 27 1883 1958 1680 1723
4512 4 2 15 27 1639 1754 1995 1774
4513 4 2 15 27 1939 1900 1836 1677
4514 4 2 15 27 1705 1813 1573 1588
4515 4 2 15 27 1987 1051 1988 1750
4516 4 2 15 27 1614 1911 1955 1846
4517 4 2 15 27 1600 1842 1670 1601
4518 4 2 15 27 1692 1898 1804 1913
4519 4 2 15 27 1852 1944 1996 1618
4520 4 2 15 27 1582 1733 1627 1849
4521 4 2 15 27 1964 1937 1661 1660
4522 4 2 15 27 1804 1613 1692 1913
4523 4 2 15 27 1632 1662 1885 1722
4524 4 2 15 27 1909 1841 1600 1959
4525 4 2 15 27 1677 1742 1715 1939
4526 4 2 15 27 1875 1981 1995 1754
4527 4 2 15 27 1808 1875 1971 1583
4528 4 2 15 27 1691 1642 1826 1605
4529 4 2 15 27 1837 1615 1664 1699
4530 4 2 15 27 1860 1949 1953 1637
4531 4 2 15 27 1802 1824 1700 1603
4532 4 2 15 27 1682 1740 2004 1891
4533 4 2 15 27 1893 1983 1668 1999
4534 4 2 15 27 1858 1050 1975 1753
4535 4 2 15 27 1578 1640 1870 1686
4536 4 2 15 27 1813 1662 1632 1588
4537 4 2 15 27 1922 1863 1947 1634
4538 4 2 15 27 1885 1662 1935 1589
4539 4 2 15 27 1878 1818 1594 1893
4540 4 2 15 27 1852 1618 1755 1943
4541 4 2 15 27 1908 1636 2006 1671
4542 4 2 15 27 1803 1834 1870 1578
4543 4 2 15 27 1987 1852 1996 1618
4544 4 2 15 27 1849 1993 1995 1627
4545 4 2 15 27 1813 1885 1632 1662
4546 4 2 15 27 1880 1873 1643 1759
4547 4 2 15 27 1875 1915 1994 1639
4548 4 2 15 27 1692 1965 1741 1797
4549 4 2 15 27 1812 1828 1684 1719
4550 4 2 15 27 1722 1589 1814 1637
4551 4 2 15 27 1584 1929 1702 1809
4552 4 2 15 27 1703 1670 1882 1842
4553 4 2 15 27 1863 1935 1947 1634
4554 4 2 15 27 1875 1639 1583 1754
4555 4 2 15 27 1965 1913 1797 1692
4556 4 2 15 27 1841 1792 1601 1567
4557 4 2 15 27 1809 1922 1947 1584
4558 4 2 15 27 1716 1946 1598 1925
4559 4 2 15 27 1582 1807 1613 1640
4560 4 2 15 27 1905 1856 1621 1685
4561 4 2 15 27 1821 1641 1871 1792
4562 4 2 15 27 1837 1615 1895 1664
4563 4 2 15 27 1797 1569 1898 1899
4564 4 2 15 27 1984 1773 1591 1585
4565 4 2 15 27 1715 1799 1912 1939
4566 4 2 15 27 1652 1759 1942 1744
4567 4 2 15 27 1807 1965 2005 1582
4568 4 2 15 27 1849 1981 1968 1733
4569 4 2 15 27 1746 1853 1620 1688
4570 4 2 15 27 1965 1692 1807 1913
4571 4 2 15 27 1695 1706 1608 1930
4572 4 2 15 27 1803 1578 1736 1655
4573 4 2 15 27 1023 1022 1876 1654
4574 4 2 15 27 1703 1922 1882 1957
4575 4 2 15 27 1886 1674 1768 1800
4576 4 2 15 27 1886 1813 1674 1800
4577 4 2 15 27 1962 1879 1923 1728
4578 4 2 15 27 1736 1712 1864 1655
4579 4 2 15 27 1728 1739 1976 1879
4580 4 2 15 27 1878 1999 1893 1645
4581 4 2 15 27 1883 1680 1957 1929
4582 4 2 15 27 1962 1920 1976 1709
4583 4 2 15 27 1922 1809 1957 1584
4584 4 2 15 27 1584 1702 1928 1809
4585 4 2 15 27 1960 1890 1604 1748
4586 4 2 15 27 1845 2004 1682 1681
4587 4 2 15 27 1868 1646 1615 1732
4588 4 2 15 27 1934 1710 1878 1594
4589 4 2 15 27 1935 1947 1634 1720
4590 4 2 15 27 1924 1667 1810 1732
4591 4 2 15 27 1698 1751 1826 1605
4592 4 2 15 27 1612 1039 1912 1687
4593 4 2 15 27 1849 1778 2005 1993
4594 4 2 15 27 1808 1968 1733 1686
4595 4 2 15 27 1984 1671 1591 1773
4596 4 2 15 27 1925 1824 1659 1700
4597 4 2 15 27 1655 1607 1833 1608
4598 4 2 15 27 1794 1982 1775 1574
4599 4 2 15 27 1709 1920 1822 1962
4600 4 2 15 27 1608 1833 1747 1568
4601 4 2 15 27 1722 1859 1953 1885
4602 4 2 15 27 1968 1870 1686 1911
4603 4 2 15 27 1928 1862 1633 1724
4604 4 2 15 27 1849 1778 1993 1627
4605 4 2 15 27 1969 1991 1801 1776
4606 4 2 15 27 1774 1993 1995 1806
4607 4 2 15 27 1947 1922 1634 1584
4608 4 2 15 27 1807 1849 1968 1733
4609 4 2 15 27 1959 1718 1600 1909
4610 4 2 15 27 1873 1933 1990 1652
4611 4 2 15 27 1824 1866 1713 1603
4612 4 2 15 27 1974 1810 1585 1757
4613 4 2 15 27 1987 1051 1750 1749
4614 4 2 15 27 1640 1582 1807 1733
4615 4 2 15 27 1734 1684 1916 1828
4616 4 2 15 27 1613 1692 1807 1582
4617 4 2 15 27 1808 1911 1968 1686
4618 4 2 15 27 1901 1666 1628 1798
4619 4 2 15 27 1940 1614 1846 1596
4620 4 2 15 27 1869 184 1038 1057
4621 4 2 15 27 1723 1883 1816 1701
4622 4 2 15 27 1809 1957 1584 1929
4623 4 2 15 27 1912 1057 1945 1687
4624 4 2 15 27 1913 1797 1692 1898
4625 4 2 15 27 1034 1056 184 1869
4626 4 2 15 27 1060 1891 181 1041
4627 4 2 15 27 1953 1949 1737 1637
4628 4 2 15 27 1774 1993 1806 1766
4629 4 2 15 27 1045 181 1740 1013
4630 4 2 15 27 1860 1915 1949 1696
4631 4 2 15 27 1692 1965 1807 1582
4632 4 2 15 27 1574 1602 1644 1794
4633 4 2 15 27 1766 1806 1581 1886
4634 4 2 15 27 1575 1934 1763 1710
4635 4 2 15 27 183 1052 1847 1025
4636 4 2 15 27 1738 1857 1629 1936
4637 4 2 15 27 1047 1014 1046 1771
4638 4 2 15 27 1799 1912 1945 1687
4639 4 2 15 27 1632 1859 1813 1674
4640 4 2 15 27 184 1869 1038 179
4641 4 2 15 27 1918 1838 1958 1635
4642 4 2 15 27 1049 1050 1023 1876
4643 4 2 15 27 1986 1942 1758 1606
4644 4 2 15 27 1832 1711 1727 1609
4645 4 2 15 27 1931 1614 1846 1911
4646 4 2 15 27 1944 1618 1852 1943
4647 4 2 15 27 1995 1875 1754 1639
4648 4 2 15 27 1034 184 179 1869
4649 4 2 15 27 1873 1942 1977 1652
4650 4 2 15 27 1891 173 181 1041
4651 4 2 15 27 1991 1857 1975 1776
4652 4 2 15 27 1611 1059 1058 1039
4653 4 2 15 27 1049 1023 1022 1876
4654 4 2 15 27 181 173 1740 1013
4655 4 2 15 27 1023 1051 1988 1050
4656 4 2 15 27 1918 1838 1635 2006
4657 4 2 15 27 1055 1032 1054 1853
4658 4 2 15 27 1939 1715 1677 1836
4659 4 2 15 27 183 1847 177 1025
4660 4 2 15 27 1015 1048 1818 1047
4661 4 2 15 27 1053 1615 1054 1032
4662 4 2 15 27 1624 1854 1840 1567
4663 4 2 15 27 1606 1831 1739 1986
4664 4 2 15 27 1047 1014 1771 1015
4665 4 2 15 27 1022 175 182 1638
4666 4 2 15 27 1956 1957 1680 1882
4667 4 2 15 27 182 1016 1638 175
4668 4 2 15 27 1057 1058 1039 1912
4669 4 2 15 27 1051 1665 1052 1024
4670 4 2 15 27 2005 1807 1582 1849
4671 4 2 15 27 1848 1603 1802 1745
4672 4 2 15 27 1613 1692 1913 1807
4673 4 2 15 27 1048 1015 1818 1016
4674 4 2 15 27 1060 1619 1040 1059
4675 4 2 15 27 1837 1978 1699 1664
4676 4 2 15 27 1776 1738 1801 1969
4677 4 2 15 27 1581 1766 1886 1674
4678 4 2 15 27 183 177 1717 1031
4679 4 2 15 27 183 1847 1717 177
4680 4 2 15 27 1615 1053 1031 1032
4681 4 2 15 27 1722 1859 1885 1632
4682 4 2 15 27 1025 1052 1665 1024
4683 4 2 15 27 1059 1611 1040 1039
4684 4 2 15 27 1041 1060 1619 1040
4685 4 2 15 27 1045 1013 1672 1014
4686 4 2 15 27 1583 1981 1733 1808
4687 4 2 15 27 2003 1820 1595 1631
4688 4 2 15 27 1676 1569 1900 1899
4689 4 2 15 27 1055 1033 1032 1853
4690 4 2 15 27 1929 1928 1702 1809
4691 4 2 15 27 1616 1717 1895 1847
4692 4 2 15 27 1799 1715 1912 1687
4693 4 2 15 27 1997 1033 1056 1055
4694 4 2 15 27 1639 1752 1994 1875
4695 4 2 15 27 1697 1919 1767 1599
4696 4 2 15 27 1992 1941 1625 1823
4697 4 2 15 27 1705 1704 1927 1588
4698 4 2 15 27 1917 1625 1992 1850
4699 4 2 15 27 1879 1976 1986 1739
4700 4 2 15 27 1900 1677 1676 1836
4701 4 2 15 27 1713 1748 1890 1659
4702 4 2 15 27 1715 1612 1912 1687
4703 4 2 15 27 1709 1920 1950 1609
4704 4 2 15 27 1818 1048 1016 1743
4705 4 2 15 27 1971 1875 1994 1752
4706 4 2 15 27 1576 1668 1983 1999
4707 4 2 15 27 1895 1894 1616 1847
4708 4 2 15 27 1981 1583 1754 1875
4709 4 2 15 27 1808 1968 1981 1733
4710 4 2 15 27 1814 1953 1722 1637
4711 4 2 15 27 1804 1898 1675 2001
4712 4 2 15 27 1662 1633 1813 1862
4713 4 2 15 27 1902 1973 1679 1570
4714 4 2 15 27 1887 1773 1984 1667
4715 4 2 15 27 1643 1759 1873 1652
4716 4 2 15 27 1716 1602 1734 1828
4717 4 2 15 27 1876 1050 1023 1654
4718 4 2 15 27 1619 1040 1059 1872
4719 4 2 15 27 1688 1853 1033 1997
4720 4 2 15 27 1702 1928 1927 1633
4721 4 2 15 27 181 173 1891 1740
4722 4 2 15 27 1823 1941 1625 1661
4723 4 2 15 27 1977 1942 1744 1652
4724 4 2 15 27 1612 1677 1715 1836
4725 4 2 15 27 1646 1868 1757 1732
4726 4 2 15 27 1873 1942 1652 1759
4727 4 2 15 27 1758 1942 1759 1606
4728 4 2 15 27 1821 1940 1846 1596
4729 4 2 15 27 1837 1053 1895 1615
4730 4 2 15 27 1593 1056 1034 1972
4731 4 2 15 27 1956 1883 1958 1680
4732 4 2 15 27 1051 1749 1665 1024
4733 4 2 15 27 1612 1039 1058 1912
4734 4 2 15 27 1733 1582 1807 1849
4735 4 2 15 27 1908 1918 1671 2006
4736 4 2 15 27 1982 1755 1574 1943
4737 4 2 15 27 1990 1643 1873 1652
4738 4 2 15 27 1976 1962 1709 1728
4739 4 2 15 27 1860 1729 1815 1696
4740 4 2 15 27 1631 1771 1015 1047
4741 4 2 15 27 1931 1871 1641 1971
4742 4 2 15 27 1916 1827 1684 1599
4743 4 2 15 27 1618 1852 1750 1987
4744 4 2 15 27 1871 1846 1931 1641
4745 4 2 15 27 1641 1707 1931 1971
4746 4 2 15 27 1046 1014 1726 1771
4747 4 2 15 27 1633 1662 1813 1588
4748 4 2 15 27 1047 1015 1631 1861
4749 4 2 15 27 1690 1873 1933 1961
4750 4 2 15 27 1631 1934 2003 1861
4751 4 2 15 27 1053 1031 1895 1615
4752 4 2 15 27 1955 1864 1736 1712
4753 4 2 15 27 1750 1749 1051 1024
4754 4 2 15 27 1690 1873 1652 1933
4755 4 2 15 27 1940 1955 1614 1712
4756 4 2 15 27 1014 1726 1914 1046
4757 4 2 15 27 1917 1946 1689 1734
4758 4 2 15 27 1641 1871 1846 1821
4759 4 2 15 27 1665 1897 1052 1025
4760 4 2 15 27 1909 1714 1600 1910
4761 4 2 15 27 1055 1033 1853 1997
4762 4 2 15 27 1919 1850 1656 1694
4763 4 2 15 27 1881 1016 1048 1743
4764 4 2 15 27 1919 1916 1694 1599
4765 4 2 15 27 1630 1858 1982 1775
4766 4 2 15 27 1599 1684 1916 1694
4767 4 2 15 27 1719 1574 1755 1943
4768 4 2 15 27 1662 1633 1862 1720
4769 4 2 15 27 1669 1799 1998 1892
4770 4 2 15 27 1613 1580 1804 1692
4771 4 2 15 27 1624 1698 1761 1854
4772 4 2 15 27 1792 1840 1854 1567
4773 4 2 15 27 1649 1595 1763 1889
4774 4 2 15 27 1942 1874 1977 1744
4775 4 2 15 27 1930 1695 1706 1579
4776 4 2 15 27 1771 1595 1726 1820
4777 4 2 15 27 1760 1606 1831 1739
4778 4 2 15 27 1845 1904 1905 1681
4779 4 2 15 27 1712 1614 1940 1596
4780 4 2 15 27 1760 1874 1744 1653
4781 4 2 15 27 1909 1841 1910 1600
4782 4 2 15 27 1659 1824 1713 1603
4783 4 2 15 27 1625 1823 1661 1689
4784 4 2 15 27 1745 1848 1603 1648
4785 4 2 15 27 1874 1831 1950 1760
4786 4 2 15 27 1855 1798 1901 1628
4787 4 2 15 27 1920 1950 1976 1709
4788 4 2 15 27 1598 1865 1660 1659
4789 4 2 15 27 1795 1727 1575 1763
4790 4 2 15 27 1693 1610 1726 1989
4791 4 2 15 27 1933 1821 1990 1596
4792 4 2 15 27 1794 1943 1982 1574
4793 4 2 15 27 1886 1806 1993 1766
4794 4 2 15 27 1761 1604 1825 1698
4795 4 2 15 27 1824 1829 1700 1925
4796 4 2 15 27 1823 1917 1946 1689
4797 4 2 15 27 1574 1731 1775 1794
4798 4 2 15 27 1854 1937 1825 1761
4799 4 2 15 27 1615 1717 1031 1895
4800 4 2 15 27 1025 1616 1665 1897
4801 4 2 15 27 1674 1768 1800 1573
4802 4 2 15 27 1806 1915 1995 1774
4803 4 2 15 27 1910 1714 1600 1670
4804 4 2 15 27 1909 1910 1838 1714
4805 4 2 15 27 1855 1628 1772 1701
4806 4 2 15 27 1729 1590 1815 1696
4807 4 2 15 27 1937 1823 1964 1661
4808 4 2 15 27 1913 1834 1804 1613
4809 4 2 15 27 1949 1737 1696 1581
4810 4 2 15 27 1692 1675 1898 1569
4811 4 2 15 27 1696 1639 1915 1774
4812 4 2 15 27 1797 1817 1965 1741
4813 4 2 15 27 1924 1757 1868 1732
4814 4 2 15 27 1967 1810 1585 1974
4815 4 2 15 27 1681 1568 1683 1904
4816 4 2 15 27 1872 2001 1647 1835
4817 4 2 15 27 1980 1683 1580 1747
4818 4 2 15 27 1891 1845 2004 1682
4819 4 2 15 27 1060 1059 1845 1619
4820 4 2 15 27 1675 1647 2001 1835
4821 4 2 15 27 1913 1834 1613 1807
4822 4 2 15 27 1580 2002 1683 1980
4823 4 2 15 27 1802 1936 1969 1577
4824 4 2 15 27 1675 1898 1804 1692
4825 4 2 15 27 1797 1899 1900 1569
4826 4 2 15 27 1580 1804 1675 2001
4827 4 2 15 27 1872 1845 1059 1619
4828 4 2 15 27 1872 2001 2002 1647
4829 4 2 15 27 1833 1706 1930 1608
4830 4 2 15 27 1933 1596 1990 1652
4831 4 2 15 27 1610 1693 1844 1989
4832 4 2 15 27 1826 1867 1923 1691
4833 4 2 15 27 1834 1833 1980 1747
4834 4 2 15 27 1804 1580 1675 1692
4835 4 2 15 27 1833 1803 1864 1655
4836 4 2 15 27 1940 1864 1955 1712
4837 4 2 15 27 1976 1831 1986 1739
4838 4 2 15 27 1942 1759 1606 1744
4839 4 2 15 27 1854 1840 1941 1624
4840 4 2 15 27 1686 1583 1808 1707
4841 4 2 15 27 1933 1821 1596 1940
4842 4 2 15 27 1815 1590 1641 1752
4843 4 2 15 27 1690 1940 1864 1933
4844 4 2 15 27 1854 1825 1698 1761
4845 4 2 15 27 1942 1873 1880 1759
4846 4 2 15 27 1643 1990 1596 1652
4847 4 2 15 27 1805 1653 1760 1579
4848 4 2 15 27 1880 1642 1758 1643
4849 4 2 15 27 1059 1611 1058 1835
4850 4 2 15 27 1758 1606 1739 1986
4851 4 2 15 27 1942 1880 1986 1758
4852 4 2 15 27 1690 1940 1712 1864
4853 4 2 15 27 1830 1833 1864 1607
4854 4 2 15 27 1653 1706 1830 1607
4855 4 2 15 27 1933 1596 1652 1690
4856 4 2 15 27 1762 1652 1977 1744
4857 4 2 15 27 1706 1607 1833 1830
4858 4 2 15 27 1575 1710 1745 1932
4859 4 2 15 27 1830 1762 1653 1607
4860 4 2 15 27 1864 1712 1690 1655
4861 4 2 15 27 1607 1655 1833 1864
4862 4 2 15 27 1690 1607 1864 1655
4863 4 2 15 27 1578 1834 1613 1608
4864 4 2 15 27 1833 1830 1930 1706
4865 4 2 15 27 1738 1576 1776 1801
4866 4 2 15 27 1805 1926 1930 1579
4867 4 2 15 27 1576 1668 1764 1983
4868 4 2 15 27 1926 1930 1579 1693
4869 4 2 15 27 1926 1844 1693 1989
4870 4 2 15 27 1891 1045 181 1740
4871 4 2 15 27 1905 1921 1856 1685
4872 4 2 15 27 1921 1796 1930 1695
4873 4 2 15 27 1045 1891 2004 1740
4874 4 2 15 27 1845 1905 2004 1681
4875 4 2 15 27 1695 1610 1921 1685
4876 4 2 15 27 1685 1921 1695 1796
4877 4 2 15 27 1905 1921 1685 1796
4878 4 2 15 27 1594 1645 1710 1878
4879 4 2 15 27 1695 1685 1796 1568
4880 4 2 15 27 1904 2002 1683 1845
4881 4 2 15 27 1595 1631 1763 2003
4882 4 2 15 27 1980 1904 2002 1683
4883 4 2 15 27 1631 1595 1771 1820
4884 4 2 15 27 1610 1672 1726 1914
4885 4 2 15 27 2004 1856 1621 1905
4886 4 2 15 27 1796 1904 1980 1568
4887 4 2 15 27 1905 2004 1681 1621
4888 4 2 15 27 1016 1638 1743 1881
4889 4 2 15 27 1645 1594 1893 1878
4890 4 2 15 27 1015 1594 1631 1861
4891 4 2 15 27 1621 1672 1685 1856
4892 4 2 15 27 1672 1726 1914 1014
4893 4 2 15 27 1926 1844 1930 1693
4894 4 2 15 27 1914 1844 1989 1610
4895 4 2 15 27 183 1847 1895 1717
4896 4 2 15 27 1934 1818 1594 1878
4897 4 2 15 27 1818 1881 1048 1743
4898 4 2 15 27 1877 1970 1998 1650
4899 4 2 15 27 1829 1644 1731 1700
4900 4 2 15 27 1022 1654 1678 1876
4901 4 2 15 27 1801 1983 1999 1576
4902 4 2 15 27 1991 1876 1903 1678
4903 4 2 15 27 1654 1975 1753 1776
4904 4 2 15 27 1572 1650 1669 1998
4905 4 2 15 27 1727 1832 1609 1649
4906 4 2 15 27 1881 1893 1983 1668
4907 4 2 15 27 1621 1681 1682 2004
4908 4 2 15 27 1851 1896 1665 1617
4909 4 2 15 27 1828 1794 1644 1602
4910 4 2 15 27 1985 1982 1858 1775
4911 4 2 15 27 1794 1982 1985 1775
4912 4 2 15 27 1776 1738 1857 1629
4913 4 2 15 27 1645 1969 1738 1577
4914 4 2 15 27 1734 1716 1946 1689
4915 4 2 15 27 1936 1969 1577 1738
4916 4 2 15 27 1878 1969 1999 1645
4917 4 2 15 27 1857 1936 1985 1629
4918 4 2 15 27 1963 1770 1658 1604
4919 4 2 15 27 1748 1960 1660 1604
4920 4 2 15 27 1738 1577 1936 1731
4921 4 2 15 27 1982 1755 1775 1574
4922 4 2 15 27 1617 1907 1673 1777
4923 4 2 15 27 1811 1843 1966 1765
4924 4 2 15 27 1574 1644 1731 1794
4925 4 2 15 27 1828 1794 1829 1644
4926 4 2 15 27 1946 1925 1964 1598
4927 4 2 15 27 1716 1946 1689 1598
4928 4 2 15 27 1941 1850 1992 1625
4929 4 2 15 27 1824 1659 1700 1603
4930 4 2 15 27 1823 1625 1992 1689
4931 4 2 15 27 1682 173 1740 1891
4932 4 2 15 27 1823 1917 1689 1992
4933 4 2 15 27 1917 1992 1625 1689
4934 4 2 15 27 1734 1917 1625 1689
4935 4 2 15 27 1728 1923 1597 1691
4936 4 2 15 27 1598 1865 1964 1660
4937 4 2 15 27 1661 1598 1964 1660
4938 4 2 15 27 1865 1960 1964 1660
4939 4 2 15 27 1700 1577 1802 1603
4940 4 2 15 27 1824 1865 1925 1659
4941 4 2 15 27 1824 1802 1848 1603
4942 4 2 15 27 1598 1925 1865 1659
4943 4 2 15 27 1936 1857 1969 1738
4944 4 2 15 27 1681 1619 1682 1845
4945 4 2 15 27 1865 1824 1890 1659
4946 4 2 15 27 1926 1693 1579 1649
4947 4 2 15 27 1802 1824 1829 1700
4948 4 2 15 27 1598 1925 1659 1700
4949 4 2 15 27 1925 1598 1716 1700
4950 4 2 15 27 1716 1829 1925 1700
4951 4 2 15 27 1626 1843 1765 1730
4952 4 2 15 27 1644 1829 1716 1700
4953 4 2 15 27 1848 1795 1938 1648
4954 4 2 15 27 1709 1739 1976 1728
4955 4 2 15 27 1698 1604 1825 1751
4956 4 2 15 27 1920 1832 1950 1609
4957 4 2 15 27 1826 1879 1880 1642
4958 4 2 15 27 1960 1937 1964 1660
4959 4 2 15 27 1826 1867 1691 1751
4960 4 2 15 27 1962 1976 1879 1728
4961 4 2 15 27 1728 1642 1739 1879
4962 4 2 15 27 1826 1751 1691 1605
4963 4 2 15 27 1597 1952 1769 1657
4964 4 2 15 27 1951 1867 1963 1658
4965 4 2 15 27 1951 1866 1952 1657
4966 4 2 15 27 1952 1597 1951 1657
4967 4 2 15 27 1597 1658 1951 1657
4968 4 2 15 27 1657 1603 1713 1866
4969 4 2 15 27 1824 1866 1890 1713
4970 4 2 15 27 1937 1661 1660 1761
4971 4 2 15 27 1890 1963 1825 1604
4972 4 2 15 27 1713 1890 1748 1604
4973 4 2 15 27 1824 1848 1866 1603
4974 4 2 15 27 1625 1661 1941 1624
4975 4 2 15 27 1691 1867 1658 1751
4976 4 2 15 27 1890 1960 1604 1825
4977 4 2 15 27 1826 1825 1867 1751
4978 4 2 15 27 1576 1645 1668 1999
4979 4 2 15 27 1854 1624 1698 1567
4980 4 2 15 27 1641 1821 1596 1567
4981 4 2 15 27 1840 1792 1841 1567
4982 4 2 15 27 1570 1628 1666 1798
4983 4 2 15 27 1629 1753 1775 1985
4984 4 2 15 27 2003 1795 1934 1763
4985 4 2 15 27 1932 1934 1575 1710
4986 4 2 15 27 1822 1709 1597 1711
4987 4 2 15 27 1878 1934 1932 1710
4988 4 2 15 27 1848 1802 1932 1745
4989 4 2 15 27 1603 1577 1802 1745
4990 4 2 15 27 1950 1760 1709 1609
4991 4 2 15 27 1889 1795 1763 1727
4992 4 2 15 27 1575 1727 1795 1648
4993 4 2 15 27 1920 1709 1822 1711
4994 4 2 15 27 1629 1731 1738 1936
4995 4 2 15 27 1920 1938 1711 1822
4996 4 2 15 27 1832 1889 1926 1649
4997 4 2 15 27 1920 1709 1711 1609
4998 4 2 15 27 1926 1693 1649 1595
4999 4 2 15 27 1889 1649 1727 1763
5000 4 2 15 27 1795 1934 1763 1575
5001 4 2 15 27 1645 1668 1999 1893
5002 4 2 15 27 1889 1926 1649 1595
5003 4 2 15 27 1047 1046 1820 1771
5004 4 2 15 27 1889 1820 1926 1595
5005 4 2 15 27 1889 1820 1595 2003
5006 4 2 15 27 1818 1861 1934 1594
5007 4 2 15 27 2003 1861 1820 1631
5008 4 2 15 27 182 1881 1903 1638
5009 4 2 15 27 1927 1813 1588 1633
5010 4 2 15 27 1668 1638 1881 1743
5011 4 2 15 27 1638 1022 1678 1903
5012 4 2 15 27 1638 1678 1764 1903
5013 4 2 15 27 1580 1647 1683 2002
5014 4 2 15 27 1681 1621 1685 1905
5015 4 2 15 27 1900 1677 1569 1676
5016 4 2 15 27 1647 1580 1675 2001
5017 4 2 15 27 1799 1669 1998 1572
5018 4 2 15 27 1663 1665 1896 1617
5019 4 2 15 27 1746 1666 1901 1570
5020 4 2 15 27 1587 1673 1907 1721
5021 4 2 15 27 1615 1664 1717 1895
5022 4 2 15 27 1757 1810 1924 1974
5023 4 2 15 27 1585 1666 1772 1967
5024 4 2 15 27 1812 1684 1954 1587
5025 4 2 15 27 1967 1816 1772 1585
5026 4 2 15 27 1967 1810 1816 1585
5027 4 2 15 27 1901 1853 1974 1620
5028 4 2 15 27 1680 1883 1723 1701
5029 4 2 15 27 1033 1620 1853 1688
5030 4 2 15 27 1650 1570 1679 1973
5031 4 2 15 27 1924 1887 1810 1667
5032 4 2 15 27 1811 1908 1918 1671
5033 4 2 15 27 1837 1978 1924 1699
5034 4 2 15 27 1811 1887 1906 1586
5035 4 2 15 27 1907 1777 1996 1721
5036 4 2 15 27 1585 1667 1732 1810
5037 4 2 15 27 1810 1757 1924 1732
5038 4 2 15 27 1810 1585 1757 1732
5039 4 2 15 27 1842 1600 1670 1910
5040 4 2 15 27 1567 1840 1624 1623
5041 4 2 15 27 1838 1636 1714 1635
5042 4 2 15 27 1591 1816 1772 1701
5043 4 2 15 27 1908 1636 1671 1765
5044 4 2 15 27 1587 1626 1684 1954
5045 4 2 15 27 1883 1956 1957 1680
5046 4 2 15 27 1839 1959 1909 1718
5047 4 2 15 27 1718 1600 1623 1959
5048 4 2 15 27 1765 1839 1718 1622
5049 4 2 15 27 2006 1635 1918 1671
5050 4 2 15 27 1723 1958 1635 1671
5051 4 2 15 27 1714 1600 1718 1909
5052 4 2 15 27 1718 1636 1714 1909
5053 4 2 15 27 1909 2006 1908 1636
5054 4 2 15 27 1910 1882 1956 1670
5055 4 2 15 27 1816 1883 1929 1701
5056 4 2 15 27 1882 1670 1680 1956
5057 4 2 15 27 1663 1571 1673 1793
5058 4 2 15 27 1838 2006 1636 1635
5059 4 2 15 27 1670 1680 1956 1635
5060 4 2 15 27 1635 1680 1956 1958
5061 4 2 15 27 1918 1816 1984 1591
5062 4 2 15 27 1927 1855 1928 1702
5063 4 2 15 27 1929 1701 1680 1584
5064 4 2 15 27 1635 2006 1636 1671
5065 4 2 15 27 1667 1887 1773 1586
5066 4 2 15 27 1958 1635 1680 1723
5067 4 2 15 27 1918 1635 1958 1671
5068 4 2 15 27 1671 1984 1918 1811
5069 4 2 15 27 1811 1908 1671 1765
5070 4 2 15 27 1671 1586 1811 1765
5071 4 2 15 27 1908 1811 1966 1765
5072 4 2 15 27 1966 1839 1765 1622
5073 4 2 15 27 1906 1812 1954 1587
5074 4 2 15 27 1843 1827 1888 1730
5075 4 2 15 27 1843 1906 1954 1626
5076 4 2 15 27 1884 1840 1959 1623
5077 4 2 15 27 1697 1622 1888 1730
5078 4 2 15 27 1730 1827 1599 1684
5079 4 2 15 27 1684 1734 1602 1828
5080 4 2 15 27 1828 1916 1954 1684
5081 4 2 15 27 1827 1916 1919 1599
5082 4 2 15 27 1916 1954 1684 1827
5083 4 2 15 27 1719 1684 1602 1828
5084 4 2 15 27 1916 1828 1917 1734
5085 4 2 15 27 1697 1884 1623 1767
5086 4 2 15 27 1916 1684 1734 1694
5087 4 2 15 27 1916 1850 1919 1694
5088 4 2 15 27 1919 1884 1888 1697
5089 4 2 15 27 1919 1884 1697 1767
5090 4 2 15 27 1694 1919 1767 1656
5091 4 2 15 27 1625 1850 1694 1656
5092 4 2 15 27 1599 1694 1919 1767
5093 4 2 15 27 1623 1840 1624 1656
5094 4 2 15 27 1840 1919 1850 1656
5095 4 2 15 27 1828 1946 1734 1716
5096 4 2 15 27 1708 1626 1587 1906
5097 4 2 15 27 1887 1793 1906 1708
5098 4 2 15 27 1586 1667 1887 1708
5099 4 2 15 27 1906 1887 1708 1586
5100 4 2 15 27 1708 1586 1626 1906
5101 4 2 15 27 1673 1721 1777 1907
5102 4 2 15 27 1851 1907 1896 1617
5103 4 2 15 27 1618 1719 1755 1943
5104 4 2 15 27 1944 1721 1996 1618
5105 4 2 15 27 1665 1617 1749 1851
5106 4 2 15 27 1943 1812 1944 1719
5107 4 2 15 27 1944 1907 1996 1721
5108 4 2 15 27 1777 1996 1721 1618
5109 4 2 15 27 1719 1721 1944 1618
5110 4 2 15 27 1618 1944 1719 1943
5111 4 2 15 27 1851 1051 1987 1749
5112 4 2 15 27 1982 1943 1852 1755
5113 4 2 15 27 1828 1812 1943 1719
5114 4 2 15 27 1858 1982 1988 1630
5115 4 2 15 27 1051 1851 1897 1665
5116 4 2 15 27 1630 1023 1750 1988
5117 4 2 15 27 1732 1924 1667 1699
5118 4 2 15 27 1837 1894 1978 1664
5119 4 2 15 27 1708 1667 1887 1571
5120 4 2 15 27 1978 1699 1664 1571
5121 4 2 15 27 1793 1673 1708 1571
5122 4 2 15 27 1793 1896 1663 1894
5123 4 2 15 27 1896 1663 1894 1616
5124 4 2 15 27 1896 1847 1897 1616
5125 4 2 15 27 1616 177 1717 1847
5126 4 2 15 27 1051 1897 1052 1665
5127 4 2 15 27 1616 177 1847 1025
5128 4 2 15 27 1987 1988 1852 1750
5129 4 2 15 27 1749 1618 1750 1987
5130 4 2 15 27 1851 1051 1749 1665
5131 4 2 15 27 1853 1902 1997 1688
5132 4 2 15 27 1032 1033 1620 1853
5133 4 2 15 27 1974 1868 1924 1757
5134 4 2 15 27 1620 1666 1757 1974
5135 4 2 15 27 1033 1593 1688 1997
5136 4 2 15 27 1056 1819 1593 1997
5137 4 2 15 27 1819 1972 1056 1593
5138 4 2 15 27 1572 1687 1715 1799
5139 4 2 15 27 1877 1593 1892 1819
5140 4 2 15 27 1799 1669 1945 1892
5141 4 2 15 27 1038 1651 1869 1725
5142 4 2 15 27 1800 1948 1813 1573
5143 4 2 15 27 1948 1877 1973 1650
5144 4 2 15 27 1666 1620 1746 1901
5145 4 2 15 27 1902 1973 1819 1679
5146 4 2 15 27 1688 1679 1746 1902
5147 4 2 15 27 1616 1664 1663 1894
5148 4 2 15 27 1901 1666 1798 1570
5149 4 2 15 27 1680 1883 1701 1929
5150 4 2 15 27 1901 1620 1974 1666
5151 4 2 15 27 1901 1902 1853 1746
5152 4 2 15 27 1967 1901 1974 1666
5153 4 2 15 27 1901 1853 1620 1746
5154 4 2 15 27 1816 1855 1967 1772
5155 4 2 15 27 1650 1573 1705 1948
5156 4 2 15 27 1902 1798 1973 1570
5157 4 2 15 27 1724 1702 1928 1584
5158 4 2 15 27 1720 1935 1589 1634
5159 4 2 15 27 1590 1814 1735 1729
5160 4 2 15 27 1813 1862 1885 1662
5161 4 2 15 27 1859 1813 1885 1632
5162 4 2 15 27 1862 1813 1927 1633
5163 4 2 15 27 1948 1800 1970 1573
5164 4 2 15 27 1816 1855 1772 1701
5165 4 2 15 27 1927 1813 1705 1588
5166 4 2 15 27 1702 1927 1704 1633
5167 4 2 15 27 1935 1862 1947 1720
5168 4 2 15 27 1590 1814 1842 1735
5169 4 2 15 27 1814 1815 1860 1729
5170 4 2 15 27 1841 1792 1842 1601
5171 4 2 15 27 1885 1814 1722 1589
5172 4 2 15 27 1662 1720 1935 1589
5173 4 2 15 27 1842 1703 1670 1601
5174 4 2 15 27 1862 1947 1720 1724
5175 4 2 15 27 1680 1670 1882 1703
5176 4 2 15 27 1590 1814 1729 1815
5177 4 2 15 27 1929 1680 1957 1584
5178 4 2 15 27 1862 1928 1947 1724
5179 4 2 15 27 1633 1862 1720 1724
5180 4 2 15 27 1947 1634 1720 1724
5181 4 2 15 27 1724 1947 1634 1584
5182 4 2 15 27 1703 1882 1680 1957
5183 4 2 15 27 1628 1855 1702 1701
5184 4 2 15 27 1816 1591 1723 1701
5185 4 2 15 27 1702 1701 1929 1584
5186 4 2 15 27 1680 1703 1957 1584
5187 4 2 15 27 1957 1703 1922 1584
5188 4 2 15 27 1855 1928 1702 1929
5189 4 2 15 27 1634 1922 1703 1584
5190 4 2 15 27 1862 1927 1928 1633
5191 4 2 15 27 1637 1953 1722 1737
5192 4 2 15 27 1842 1600 1841 1601
5193 4 2 15 27 1641 1821 1567 1792
5194 4 2 15 27 1567 1641 1792 1590
5195 4 2 15 27 1601 1567 1792 1590
5196 4 2 15 27 1882 1842 1922 1703
5197 4 2 15 27 1841 1600 1567 1601
5198 4 2 15 27 1590 1842 1601 1735
5199 4 2 15 27 1601 1842 1703 1735
5200 4 2 15 27 1589 1735 1814 1729
5201 4 2 15 27 1814 1590 1842 1815
5202 4 2 15 27 1885 1814 1953 1722
5203 4 2 15 27 1860 1815 1915 1696
5204 4 2 15 27 1815 1971 1994 1752
5205 4 2 15 27 1707 1583 1971 1752
5206 4 2 15 27 1752 1815 1590 1696
5207 4 2 15 27 1860 1637 1729 1696
5208 4 2 15 27 1581 1806 1766 1774
5209 4 2 15 27 1915 1875 1995 1639
5210 4 2 15 27 1814 1860 1953 1637
5211 4 2 15 27 1632 1813 1588 1674
5212 4 2 15 27 1815 1752 1994 1696
5213 4 2 15 27 1639 1915 1994 1696
5214 4 2 15 27 1994 1752 1639 1696
5215 4 2 15 27 1627 1993 1766 1778
5216 4 2 15 27 1754 1995 1774 1627
5217 4 2 15 27 1816 1585 1591 1772
5218 4 2 15 27 1582 1692 1965 1741
5219 4 2 15 27 1569 1692 1741 1797
5220 4 2 15 27 1898 1692 1569 1797
5221 4 2 15 27 1592 1886 1674 1768
5222 4 2 15 27 1817 1993 2005 1778
5223 4 2 15 27 1742 1900 1970 1939
5224 4 2 15 27 1778 1741 1817 1592
5225 4 2 15 27 1886 1817 1979 1592
5226 4 2 15 27 1569 1979 1592 1768
5227 4 2 15 27 1927 1813 1948 1705
5228 4 2 15 27 1813 1705 1573 1948
5229 4 2 15 27 1742 1650 1970 1573
5230 4 2 15 27 1970 1650 1948 1573
5231 4 2 15 27 1800 1886 1979 1768
5232 4 2 15 27 1800 1979 1900 1768
5233 4 2 15 27 1569 1675 1898 1899
5234 4 2 15 27 1742 1900 1939 1677
5235 4 2 15 27 1835 1898 2001 1675
5236 4 2 15 27 1611 1647 1675 1835
5237 4 2 15 27 1675 1569 1676 1899
5238 4 2 15 27 1835 1898 1675 1899
5239 4 2 15 27 1612 1611 1676 1836
5240 4 2 15 27 1797 1900 1979 1569
5241 4 2 15 27 1899 1836 1900 1676
5242 4 2 15 27 1836 1058 1912 1612
5243 4 2 15 27 1669 1945 1892 1869
5244 4 2 15 27 1593 1034 1651 1972
5245 4 2 15 27 179 1038 1651 1869
5246 4 2 15 27 1651 179 1869 1034
5247 4 2 15 27 173 1682 1041 1891
5248 4 2 15 27 1792 1842 1601 1590
5249 4 2 15 27 1978 1793 1887 1571
5250 4 2 15 27 1832 1795 1889 1727
5251 4 2 15 27 1040 1619 1647 1872
5252 4 2 15 27 1877 1948 1970 1650
5253 4 2 15 27 1647 1580 2001 2002
5254 4 2 15 27 1719 1587 1684 1812
5255 4 2 15 27 1607 1706 1833 1608
5256 4 2 15 27 1683 1681 1845 1619
5257 4 2 15 27 1681 1683 1845 1904
5258 4 2 15 27 1045 1856 1914 1672
5259 4 2 15 27 1842 1882 1910 1670
5260 4 2 15 27 1822 1951 1952 1597
5261 4 2 15 27 1594 1016 1743 1818
5262 4 2 15 27 1816 1958 1883 1723
5263 4 2 15 27 1831 1942 1986 1606
5264 4 2 15 27 1887 1793 1708 1571
5265 4 2 15 27 1935 1814 1885 1589
5266 4 2 15 27 1798 1948 1973 1570
5267 4 2 15 27 1805 1830 1874 1653
5268 4 2 15 27 1954 1906 1587 1626
5269 4 2 15 27 1792 1815 1842 1590
5270 4 2 15 27 1989 1046 1914 1726
5271 4 2 15 27 1825 1826 1854 1698
5272 4 2 15 27 1826 1825 1751 1698
5273 4 2 15 27 1054 1837 1868 1615
5274 4 2 15 27 1795 1932 1934 1575
5275 4 2 15 27 1828 1946 1917 1734
5276 4 2 15 27 1058 1611 1836 1835
5277 4 2 15 27 1828 1954 1812 1684
5278 4 2 15 27 1830 1961 1977 1762
5279 4 2 15 27 1620 1868 1853 1974
5280 4 2 15 27 1842 1600 1910 1841
5281 4 2 15 27 1740 1682 2004 1621
5282 4 2 15 27 1864 1933 1961 1690
5283 4 2 15 27 1799 1998 1970 1572
5284 4 2 15 27 1897 1851 1896 1665
5285 4 2 15 27 1795 2003 1889 1763
5286 4 2 15 27 1822 1923 1951 1597
5287 4 2 15 27 1594 1016 1818 1015
5288 4 2 15 27 1889 1832 1727 1649
5289 4 2 15 27 1886 1979 1768 1592
5290 4 2 15 27 1942 1880 1758 1759
5291 4 2 15 27 2002 1804 1980 1580
5292 4 2 15 27 1804 2002 2001 1580
5293 4 2 15 27 1972 1819 1892 1593
5294 4 2 15 27 1853 1902 1688 1746
5295 4 2 15 27 1610 1726 1989 1914
5296 4 2 15 27 1888 1839 1966 1622
5297 4 2 15 27 1844 1914 1921 1610
5298 4 2 15 27 1812 1906 1907 1587
5299 4 2 15 27 1829 1946 1828 1716
5300 4 2 15 27 1946 1829 1925 1716
5301 4 2 15 27 1645 1594 1668 1893
5302 4 2 15 27 1838 1956 1958 1635
5303 4 2 15 27 1823 1937 1941 1661
5304 4 2 15 27 1874 1950 1805 1760
5305 4 2 15 27 1855 1816 1929 1701
5306 4 2 15 27 1810 1887 1984 1667
5307 4 2 15 27 1704 1927 1570 1705
5308 4 2 15 27 1948 1927 1570 1798
5309 4 2 15 27 1948 1570 1927 1705
5310 4 2 15 27 1867 1951 1691 1658
5311 4 2 15 27 1867 1691 1951 1923
5312 4 2 15 27 1597 1691 1951 1658
5313 4 2 15 27 1597 1951 1691 1923
5314 4 2 15 27 1802 1577 1829 1936
5315 4 2 15 27 1802 1829 1577 1700
5316 4 2 15 27 1731 1829 1577 1936
5317 4 2 15 27 1731 1577 1829 1700
5318 4 2 15 27 1862 1662 1935 1885
5319 4 2 15 27 1862 1935 1662 1720
5320 4 2 15 27 1795 1648 1711 1938
5321 4 2 15 27 1711 1648 1795 1727
5322 4 2 15 27 1711 1832 1795 1938
5323 4 2 15 27 1795 1832 1711 1727
5324 4 2 15 27 1858 1753 1775 1630
5325 4 2 15 27 1858 1775 1753 1985
5326 4 2 15 27 1778 1582 1849 2005
5327 4 2 15 27 1778 1849 1582 1627
5328 4 2 15 27 1880 1758 1879 1986
5329 4 2 15 27 1880 1879 1758 1642
5330 4 2 15 27 1739 1879 1758 1986
5331 4 2 15 27 1739 1758 1879 1642
5332 4 2 15 27 1875 1583 1752 1971
5333 4 2 15 27 1875 1752 1583 1639
5334 4 2 15 27 1634 1814 1589 1735
5335 4 2 15 27 1842 1634 1814 1863
5336 4 2 15 27 1842 1814 1634 1735
5337 4 2 15 27 1703 1842 1634 1735
5338 4 2 15 27 1658 1657 1963 1951
5339 4 2 15 27 1658 1963 1657 1770
5340 4 2 15 27 1866 1963 1657 1951
5341 4 2 15 27 1866 1657 1963 1770
5342 4 2 15 27 1969 1577 1878 1802
5343 4 2 15 27 1969 1878 1577 1645
5344 4 2 15 27 1696 1637 1949 1860
5345 4 2 15 27 1949 1637 1696 1737
5346 4 2 15 27 1661 1823 1598 1689
5347 4 2 15 27 1661 1598 1823 1964
5348 4 2 15 27 1946 1598 1823 1689
5349 4 2 15 27 1946 1823 1598 1964
5350 4 2 15 27 1763 1934 1631 1710
5351 4 2 15 27 1763 1631 1934 2003
5352 4 2 15 27 1677 1900 1573 1742
5353 4 2 15 27 1970 1573 1900 1742
5354 4 2 15 27 1970 1900 1573 1800
5355 4 2 15 27 1614 1641 1931 1846
5356 4 2 15 27 1931 1641 1614 1707
5357 4 2 15 27 1627 1774 1993 1995
5358 4 2 15 27 1627 1993 1774 1766
5359 4 2 15 27 1684 1827 1626 1730
5360 4 2 15 27 1684 1626 1827 1954
5361 4 2 15 27 1843 1626 1827 1730
5362 4 2 15 27 1843 1827 1626 1954
5363 4 2 15 27 1730 1765 1888 1843
5364 4 2 15 27 1730 1888 1765 1622
5365 4 2 15 27 1966 1888 1765 1843
5366 4 2 15 27 1966 1765 1888 1622
5367 4 2 15 27 1846 1641 1596 1614
5368 4 2 15 27 1846 1596 1641 1821
5369 4 2 15 27 1658 1963 1751 1867
5370 4 2 15 27 1658 1751 1963 1604
5371 4 2 15 27 1825 1751 1963 1867
5372 4 2 15 27 1825 1963 1751 1604
5373 4 2 15 27 1979 1592 1797 1569
5374 4 2 15 27 1979 1797 1592 1817
5375 4 2 15 27 1741 1797 1592 1569
5376 4 2 15 27 1741 1592 1797 1817
5377 4 2 15 27 1744 1762 1874 1977
5378 4 2 15 27 1744 1874 1762 1653
5379 4 2 15 27 1830 1874 1762 1977
5380 4 2 15 27 1830 1762 1874 1653
5381 4 2 15 27 1930 1833 1695 1796
5382 4 2 15 27 1930 1695 1833 1608
5383 4 2 15 27 1568 1695 1833 1796
5384 4 2 15 27 1568 1833 1695 1608
5385 4 2 15 27 1709 1760 1976 1739
5386 4 2 15 27 1709 1976 1760 1950
5387 4 2 15 27 1831 1976 1760 1739
5388 4 2 15 27 1831 1760 1976 1950
5389 4 2 15 27 1828 1719 1794 1602
5390 4 2 15 27 1828 1794 1719 1943
5391 4 2 15 27 1574 1794 1719 1602
5392 4 2 15 27 1574 1719 1794 1943
5393 4 2 15 27 1916 1850 1734 1917
5394 4 2 15 27 1916 1734 1850 1694
5395 4 2 15 27 1625 1734 1850 1917
5396 4 2 15 27 1625 1850 1734 1694
5397 4 2 15 27 1838 1636 1909 1714
5398 4 2 15 27 1838 1909 1636 2006
5399 4 2 15 27 1914 1856 1685 1672
5400 4 2 15 27 1685 1856 1914 1921
5401 4 2 15 27 1685 1610 1914 1672
5402 4 2 15 27 1914 1610 1685 1921
5403 4 2 15 27 1630 1982 1750 1755
5404 4 2 15 27 1630 1750 1982 1988
5405 4 2 15 27 1852 1750 1982 1755
5406 4 2 15 27 1852 1982 1750 1988
5407 4 2 15 27 1980 1568 1833 1796
5408 4 2 15 27 1833 1568 1980 1747
5409 4 2 15 27 1736 1803 1864 1955
5410 4 2 15 27 1736 1864 1803 1655
5411 4 2 15 27 1937 1825 1660 1960
5412 4 2 15 27 1937 1660 1825 1761
5413 4 2 15 27 1604 1660 1825 1960
5414 4 2 15 27 1604 1825 1660 1761
5415 4 2 15 27 1585 1974 1666 1967
5416 4 2 15 27 1585 1666 1974 1757
5417 4 2 15 27 1842 1922 1634 1863
5418 4 2 15 27 1842 1634 1922 1703
5419 4 2 15 27 1616 1895 1664 1894
5420 4 2 15 27 1616 1664 1895 1717
5421 4 2 15 27 1715 1912 1836 1939
5422 4 2 15 27 1715 1836 1912 1612
5423 4 2 15 27 1984 1667 1585 1810
5424 4 2 15 27 1585 1667 1984 1773
5425 4 2 15 27 1778 1766 1817 1993
5426 4 2 15 27 1778 1817 1766 1592
5427 4 2 15 27 1886 1817 1766 1993
5428 4 2 15 27 1886 1766 1817 1592
5429 4 2 15 27 1750 1023 1051 1988
5430 4 2 15 27 1750 1051 1023 1024
5431 4 2 15 27 1813 1674 1573 1588
5432 4 2 15 27 1813 1573 1674 1800
5433 4 2 15 27 1935 1634 1814 1589
5434 4 2 15 27 1935 1814 1634 1863
5435 4 2 15 27 1678 1776 1876 1654
5436 4 2 15 27 1678 1876 1776 1991
5437 4 2 15 27 1975 1876 1776 1654
5438 4 2 15 27 1975 1776 1876 1991
5439 4 2 15 27 1578 1870 1613 1834
5440 4 2 15 27 1578 1613 1870 1640
5441 4 2 15 27 1807 1613 1870 1834
5442 4 2 15 27 1807 1870 1613 1640
5443 4 2 15 27 1776 1753 1857 1975
5444 4 2 15 27 1776 1857 1753 1629
5445 4 2 15 27 1985 1857 1753 1975
5446 4 2 15 27 1985 1753 1857 1629
5447 4 2 15 27 1671 1591 1958 1918
5448 4 2 15 27 1671 1958 1591 1723
5449 4 2 15 27 1816 1958 1591 1918
5450 4 2 15 27 1816 1591 1958 1723
5451 4 2 15 27 1624 1625 1850 1941
5452 4 2 15 27 1850 1625 1624 1656
5453 4 2 15 27 1850 1840 1624 1941
5454 4 2 15 27 1624 1840 1850 1656
5455 4 2 15 27 1699 1732 1837 1615
5456 4 2 15 27 1699 1837 1732 1924
5457 4 2 15 27 1868 1837 1732 1615
5458 4 2 15 27 1868 1732 1837 1924
5459 4 2 15 27 1818 1861 1015 1047
5460 4 2 15 27 1818 1015 1861 1594
5461 4 2 15 27 1581 1886 1737 1674
5462 4 2 15 27 1581 1737 1886 1949
5463 4 2 15 27 1859 1737 1886 1674
5464 4 2 15 27 1859 1886 1737 1949
5465 4 2 15 27 1675 1676 1835 1899
5466 4 2 15 27 1675 1835 1676 1611
5467 4 2 15 27 1836 1835 1676 1899
5468 4 2 15 27 1836 1676 1835 1611
5469 4 2 15 27 1715 1572 1939 1742
5470 4 2 15 27 1715 1939 1572 1799
5471 4 2 15 27 1970 1939 1572 1742
5472 4 2 15 27 1970 1572 1939 1799
5473 4 2 15 27 1047 1631 1820 1861
5474 4 2 15 27 1047 1820 1631 1771
5475 4 2 15 27 1686 1733 1870 1968
5476 4 2 15 27 1686 1870 1733 1640
5477 4 2 15 27 1807 1870 1733 1968
5478 4 2 15 27 1807 1733 1870 1640
5479 4 2 15 27 1821 1596 1826 1990
5480 4 2 15 27 1880 1826 1643 1990
5481 4 2 15 27 1826 1596 1643 1990
5482 4 2 15 27 1826 1643 1596 1605
5483 4 2 15 27 1949 1806 1696 1915
5484 4 2 15 27 1949 1696 1806 1581
5485 4 2 15 27 1774 1696 1806 1915
5486 4 2 15 27 1774 1806 1696 1581
5487 4 2 15 27 1857 1776 1969 1738
5488 4 2 15 27 1857 1969 1776 1991
5489 4 2 15 27 1868 1054 1620 1853
5490 4 2 15 27 1868 1620 1054 1646
5491 4 2 15 27 1032 1620 1054 1853
5492 4 2 15 27 1032 1054 1620 1646
5493 4 2 15 27 1659 1660 1960 1865
5494 4 2 15 27 1960 1660 1659 1748
5495 4 2 15 27 1960 1890 1659 1865
5496 4 2 15 27 1659 1890 1960 1748
5497 4 2 15 27 1830 1762 1690 1961
5498 4 2 15 27 1690 1762 1830 1607
5499 4 2 15 27 1690 1864 1830 1961
5500 4 2 15 27 1830 1864 1690 1607
5501 4 2 15 27 1859 1737 1722 1953
5502 4 2 15 27 1722 1737 1859 1632
5503 4 2 15 27 1847 1897 1025 1052
5504 4 2 15 27 1025 1897 1847 1616
5505 4 2 15 27 1765 1839 1636 1718
5506 4 2 15 27 1765 1636 1839 1908
5507 4 2 15 27 1909 1636 1839 1718
5508 4 2 15 27 1909 1839 1636 1908
5509 4 2 15 27 1854 1761 1941 1937
5510 4 2 15 27 1854 1941 1761 1624
5511 4 2 15 27 1661 1941 1761 1937
5512 4 2 15 27 1661 1761 1941 1624
5513 4 2 15 27 1613 1580 1834 1804
5514 4 2 15 27 1613 1834 1580 1747
5515 4 2 15 27 1980 1834 1580 1804
5516 4 2 15 27 1980 1580 1834 1747
5517 4 2 15 27 1971 1815 1641 1752
5518 4 2 15 27 1971 1641 1815 1871
5519 4 2 15 27 1942 1831 1744 1606
5520 4 2 15 27 1942 1744 1831 1874
5521 4 2 15 27 1760 1744 1831 1606
5522 4 2 15 27 1760 1831 1744 1874
5523 4 2 15 27 1693 1930 1610 1844
5524 4 2 15 27 1693 1610 1930 1695
5525 4 2 15 27 1921 1610 1930 1844
5526 4 2 15 27 1921 1930 1610 1695
5527 4 2 15 27 1641 1792 1815 1871
5528 4 2 15 27 1641 1815 1792 1590
5529 4 2 15 27 1733 1754 1849 1981
5530 4 2 15 27 1733 1849 1754 1627
5531 4 2 15 27 1995 1849 1754 1981
5532 4 2 15 27 1995 1754 1849 1627
5533 4 2 15 27 1753 1654 1050 1975
5534 4 2 15 27 1050 1654 1753 1023
5535 4 2 15 27 1834 1803 1608 1578
5536 4 2 15 27 1834 1608 1803 1833
5537 4 2 15 27 1655 1608 1803 1578
5538 4 2 15 27 1655 1803 1608 1833
5539 4 2 15 27 1956 1635 1910 1670
5540 4 2 15 27 1956 1910 1635 1838
5541 4 2 15 27 1714 1910 1635 1670
5542 4 2 15 27 1714 1635 1910 1838
5543 4 2 15 27 1876 1903 1022 1049
5544 4 2 15 27 1876 1022 1903 1678
5545 4 2 15 27 1614 1736 1911 1686
5546 4 2 15 27 1614 1911 1736 1955
5547 4 2 15 27 1803 1736 1911 1955
5548 4 2 15 27 1901 1666 1855 1628
5549 4 2 15 27 1901 1855 1666 1967
5550 4 2 15 27 1772 1855 1666 1628
5551 4 2 15 27 1772 1666 1855 1967
5552 4 2 15 27 1928 1584 1947 1724
5553 4 2 15 27 1928 1947 1584 1809
5554 4 2 15 27 1730 1888 1599 1827
5555 4 2 15 27 1730 1599 1888 1697
5556 4 2 15 27 1919 1599 1888 1827
5557 4 2 15 27 1919 1888 1599 1697
5558 4 2 15 27 1603 1866 1952 1848
5559 4 2 15 27 1952 1938 1648 1848
5560 4 2 15 27 1603 1952 1648 1848
5561 4 2 15 27 1648 1952 1603 1769
5562 4 2 15 27 1579 1653 1830 1805
5563 4 2 15 27 1830 1653 1579 1706
5564 4 2 15 27 1830 1930 1579 1805
5565 4 2 15 27 1579 1930 1830 1706
5566 4 2 15 27 1757 1868 1620 1974
5567 4 2 15 27 1757 1620 1868 1646
5568 4 2 15 27 1904 1796 1681 1568
5569 4 2 15 27 1904 1681 1796 1905
5570 4 2 15 27 1685 1681 1796 1568
5571 4 2 15 27 1685 1796 1681 1905
5572 4 2 15 27 1687 1039 1057 1038
5573 4 2 15 27 1687 1057 1039 1912
5574 4 2 15 27 1887 1571 1699 1978
5575 4 2 15 27 1699 1571 1887 1667
5576 4 2 15 27 1699 1924 1887 1978
5577 4 2 15 27 1887 1924 1699 1667
5578 4 2 15 27 1907 1944 1587 1721
5579 4 2 15 27 1907 1587 1944 1812
5580 4 2 15 27 1719 1587 1944 1721
5581 4 2 15 27 1719 1944 1587 1812
5582 4 2 15 27 1808 1686 1931 1911
5583 4 2 15 27 1808 1931 1686 1707
5584 4 2 15 27 1614 1931 1686 1911
5585 4 2 15 27 1614 1686 1931 1707
5586 4 2 15 27 1965 1582 1778 2005
5587 4 2 15 27 1778 1582 1965 1741
5588 4 2 15 27 1778 1817 1965 2005
5589 4 2 15 27 1965 1817 1778 1741
5590 4 2 15 27 1642 1728 1923 1879
5591 4 2 15 27 1923 1728 1642 1691
5592 4 2 15 27 1923 1826 1642 1879
5593 4 2 15 27 1642 1826 1923 1691
5594 4 2 15 27 1845 1619 1041 1060
5595 4 2 15 27 1041 1619 1845 1682
5596 4 2 15 27 1041 1891 1845 1060
5597 4 2 15 27 1845 1891 1041 1682
5598 4 2 15 27 1820 1926 1726 1989
5599 4 2 15 27 1820 1726 1926 1595
5600 4 2 15 27 1693 1726 1926 1989
5601 4 2 15 27 1693 1926 1726 1595
5602 4 2 15 27 1690 1762 1873 1961
5603 4 2 15 27 1690 1873 1762 1652
5604 4 2 15 27 1977 1873 1762 1961
5605 4 2 15 27 1977 1762 1873 1652
5606 4 2 15 27 182 1022 1903 1049
5607 4 2 15 27 182 1903 1022 1638
5608 4 2 15 27 1016 182 1881 1048
5609 4 2 15 27 1016 1881 182 1638
5610 4 2 15 27 1031 183 1895 1717
5611 4 2 15 27 1895 183 1031 1053
5612 4 2 15 27 1768 1900 1573 1677
5613 4 2 15 27 1573 1900 1768 1800
5614 4 2 15 27 1996 1618 1749 1987
5615 4 2 15 27 1749 1618 1996 1777
5616 4 2 15 27 1749 1851 1996 1987
5617 4 2 15 27 1887 1773 1811 1984
5618 4 2 15 27 1887 1811 1773 1586
5619 4 2 15 27 1671 1811 1773 1984
5620 4 2 15 27 1671 1773 1811 1586
5621 4 2 15 27 1014 1045 1914 1672
5622 4 2 15 27 1914 1045 1014 1046
5623 4 2 15 27 1630 1988 1050 1023
5624 4 2 15 27 1050 1988 1630 1858
5625 4 2 15 27 1050 1753 1630 1023
5626 4 2 15 27 1630 1753 1050 1858
5627 4 2 15 27 1615 1646 1054 1032
5628 4 2 15 27 1054 1646 1615 1868
5629 4 2 15 27 1869 1725 1057 1038
5630 4 2 15 27 1869 1057 1725 1945
5631 4 2 15 27 1687 1057 1725 1038
5632 4 2 15 27 1687 1725 1057 1945
5633 4 2 15 27 1808 1971 1707 1583
5634 4 2 15 27 1808 1707 1971 1931
5635 4 2 15 27 1643 1642 1826 1880
5636 4 2 15 27 1826 1642 1643 1605
5637 4 2 15 27 1736 1911 1578 1803
5638 4 2 15 27 1736 1578 1911 1686
5639 4 2 15 27 1870 1578 1911 1803
5640 4 2 15 27 1870 1911 1578 1686
5641 4 2 15 27 1033 1056 1593 1997
5642 4 2 15 27 1593 1056 1033 1034
5643 4 2 15 27 1945 1669 1572 1725
5644 4 2 15 27 1572 1669 1945 1799
5645 4 2 15 27 1572 1687 1945 1725
5646 4 2 15 27 1945 1687 1572 1799
5647 4 2 15 27 1657 1603 1952 1769
5648 4 2 15 27 1952 1603 1657 1866
5649 4 2 15 27 1611 1612 1058 1836
5650 4 2 15 27 1611 1058 1612 1039
5651 4 2 15 27 1669 1725 1869 1651
5652 4 2 15 27 1669 1869 1725 1945
5653 4 2 15 27 1901 1570 1902 1746
5654 4 2 15 27 1902 1570 1901 1798
5655 4 2 15 27 1919 1767 1840 1884
5656 4 2 15 27 1919 1840 1767 1656
5657 4 2 15 27 1623 1840 1767 1884
5658 4 2 15 27 1623 1767 1840 1656
5659 4 2 15 27 1034 1869 1972 1056
5660 4 2 15 27 1972 1869 1034 1651
5661 4 2 15 27 1683 1845 1647 1619
5662 4 2 15 27 1683 1647 1845 2002
5663 4 2 15 27 1872 1647 1845 1619
5664 4 2 15 27 1872 1845 1647 2002
5665 4 2 15 27 2004 1045 1621 1856
5666 4 2 15 27 2004 1621 1045 1740
5667 4 2 15 27 1013 1045 1621 1740
5668 4 2 15 27 1816 1984 1585 1810
5669 4 2 15 27 1585 1984 1816 1591
5670 4 2 15 27 1594 1631 1934 1710
5671 4 2 15 27 1594 1934 1631 1861
5672 4 2 15 27 1765 1626 1811 1843
5673 4 2 15 27 1765 1811 1626 1586
5674 4 2 15 27 1906 1811 1626 1843
5675 4 2 15 27 1906 1626 1811 1586
5676 4 2 15 27 1970 1572 1650 1742
5677 4 2 15 27 1970 1650 1572 1998
5678 4 2 15 27 1059 1835 1040 1611
5679 4 2 15 27 1059 1040 1835 1872
5680 4 2 15 27 1647 1040 1835 1611
5681 4 2 15 27 1647 1835 1040 1872
5682 4 2 15 27 1570 1628 1927 1704
5683 4 2 15 27 1570 1927 1628 1798
5684 4 2 15 27 1855 1628 1927 1798
5685 4 2 15 27 1747 1834 1608 1613
5686 4 2 15 27 1608 1834 1747 1833
5687 4 2 15 27 1596 1940 1690 1933
5688 4 2 15 27 1596 1690 1940 1712
5689 4 2 15 27 1832 1609 1805 1950
5690 4 2 15 27 1760 1805 1609 1950
5691 4 2 15 27 1760 1609 1805 1579
5692 4 2 15 27 1828 1716 1644 1829
5693 4 2 15 27 1828 1644 1716 1602
5694 4 2 15 27 1805 1926 1649 1832
5695 4 2 15 27 1649 1926 1805 1579
5696 4 2 15 27 1649 1609 1805 1832
5697 4 2 15 27 1805 1609 1649 1579
5698 4 2 15 27 1903 1764 1881 1983
5699 4 2 15 27 1903 1881 1764 1638
5700 4 2 15 27 1668 1881 1764 1983
5701 4 2 15 27 1668 1764 1881 1638
5702 4 2 15 27 1672 1621 1045 1856
5703 4 2 15 27 1672 1045 1621 1013
5704 4 2 15 27 1568 1683 1980 1747
5705 4 2 15 27 1980 1683 1568 1904
5706 4 2 15 27 1665 1896 1616 1663
5707 4 2 15 27 1665 1616 1896 1897
5708 4 2 15 27 1046 1726 1820 1771
5709 4 2 15 27 1046 1820 1726 1989
5710 4 2 15 27 1881 1818 1668 1743
5711 4 2 15 27 1881 1668 1818 1893
5712 4 2 15 27 1594 1668 1818 1743
5713 4 2 15 27 1594 1818 1668 1893
5714 4 2 15 27 1645 1576 1969 1999
5715 4 2 15 27 1645 1969 1576 1738
5716 4 2 15 27 1801 1969 1576 1999
5717 4 2 15 27 1801 1576 1969 1738
5718 4 2 15 27 1794 1829 1731 1936
5719 4 2 15 27 1794 1731 1829 1644
5720 4 2 15 27 1575 1745 1795 1932
5721 4 2 15 27 1575 1795 1745 1648
5722 4 2 15 27 1848 1795 1745 1932
5723 4 2 15 27 1848 1745 1795 1648
5724 4 2 15 27 1794 1936 1775 1985
5725 4 2 15 27 1794 1775 1936 1731
5726 4 2 15 27 1629 1775 1936 1985
5727 4 2 15 27 1629 1936 1775 1731
5728 4 2 15 27 1663 1894 1571 1793
5729 4 2 15 27 1663 1571 1894 1664
5730 4 2 15 27 1978 1571 1894 1793
5731 4 2 15 27 1978 1894 1571 1664
5732 4 2 15 27 1832 1711 1920 1938
5733 4 2 15 27 1832 1920 1711 1609
5734 4 2 15 27 1709 1597 1962 1822
5735 4 2 15 27 1709 1962 1597 1728
5736 4 2 15 27 1923 1962 1597 1822
5737 4 2 15 27 1923 1597 1962 1728
5738 4 2 15 27 1841 1959 1623 1600
5739 4 2 15 27 1623 1959 1841 1840
5740 4 2 15 27 1623 1567 1841 1600
5741 4 2 15 27 1841 1567 1623 1840
5742 4 2 15 27 1866 1890 1770 1963
5743 4 2 15 27 1866 1770 1890 1713
5744 4 2 15 27 1604 1770 1890 1963
5745 4 2 15 27 1604 1890 1770 1713
5746 4 2 15 27 1932 1710 1645 1878
5747 4 2 15 27 1645 1710 1932 1745
5748 4 2 15 27 1932 1645 1577 1878
5749 4 2 15 27 1577 1645 1932 1745
5750 4 2 15 27 1932 1577 1802 1878
5751 4 2 15 27 1802 1577 1932 1745
5752 4 2 15 27 1597 1952 1711 1769
5753 4 2 15 27 1648 1952 1711 1938
5754 4 2 15 27 1648 1711 1952 1769
5755 4 2 15 27 1793 1906 1673 1907
5756 4 2 15 27 1793 1673 1906 1708
5757 4 2 15 27 1587 1673 1906 1907
5758 4 2 15 27 1587 1906 1673 1708
5759 4 2 15 27 1902 1997 1679 1819
5760 4 2 15 27 1902 1679 1997 1688
5761 4 2 15 27 1593 1679 1997 1819
5762 4 2 15 27 1593 1997 1679 1688
5763 4 2 15 27 1623 2000 1959 1884
5764 4 2 15 27 1697 1888 2000 1884
5765 4 2 15 27 1623 1697 2000 1884
5766 4 2 15 27 2000 1697 1623 1756
5767 4 2 15 27 1839 1718 2000 1959
5768 4 2 15 27 1623 2000 1718 1959
5769 4 2 15 27 1623 1718 2000 1756
5770 4 2 15 27 1622 1718 2000 1839
5771 4 2 15 27 2000 1718 1622 1756
5772 4 2 15 27 2000 1888 1622 1839
5773 4 2 15 27 1617 1673 1896 1663
5774 4 2 15 27 1617 1896 1673 1907
5775 4 2 15 27 1793 1896 1673 1663
5776 4 2 15 27 1793 1673 1896 1907
5777 4 2 15 27 1907 1617 1996 1777
5778 4 2 15 27 1907 1996 1617 1851
5779 4 2 15 27 1749 1996 1617 1777
5780 4 2 15 27 1749 1617 1996 1851
5781 4 2 15 27 1651 1593 1892 1669
5782 4 2 15 27 1892 1593 1651 1972
5783 4 2 15 27 1892 1869 1651 1669
5784 4 2 15 27 1651 1869 1892 1972
5785 4 2 15 27 1593 1819 1650 1679
5786 4 2 15 27 1593 1650 1819 1877
5787 4 2 15 27 1973 1650 1819 1679
5788 4 2 15 27 1973 1819 1650 1877
5789 4 2 15 27 1768 1900 1569 1979
5790 4 2 15 27 1569 1900 1768 1677
5791 4 2 15 27 1593 1892 1650 1877
5792 4 2 15 27 1593 1650 1892 1669
5793 4 2 15 27 1998 1650 1892 1877
5794 4 2 15 27 1998 1892 1650 1669
5795 4 2 15 27 1948 1650 1570 1705
5796 4 2 15 27 1948 1570 1650 1973
5797 4 2 15 27 1826 1605 1567 1698
5798 4 2 15 27 1826 1854 1567 1792
5799 4 2 15 27 1567 1854 1826 1698
5800 4 2 15 27 1576 1776 1991 1678
5801 4 2 15 27 1576 1991 1776 1801
5802 4 2 15 27 1903 1576 1991 1678
5803 4 2 15 27 1903 1991 1576 1801
5804 4 2 15 27 1764 1576 1903 1678
5805 4 2 15 27 1821 1826 1567 1792
5806 4 2 15 27 1952 1822 1711 1938
5807 4 2 15 27 1952 1711 1822 1597
5808 4 2 15 27 1596 1826 1567 1821
5809 4 2 15 27 1596 1567 1826 1605
5810 4 2 15 27 1697 1622 2000 1888
5811 4 2 15 27 1697 2000 1622 1756
5812 4 2 15 27 1927 1702 1628 1855
5813 4 2 15 27 1927 1628 1702 1704
5814 4 2 15 27 1983 1576 1903 1764
5815 4 2 15 27 1983 1903 1576 1801
5816 4 2 16 28 301 2160 302 1236
5817 4 2 16 28 295 2965 296 3141
5818 4 2 16 28 2179 2177 2377 341
5819 4 2 16 28 2168 2033 2341 3111
5820 4 2 16 28 2090 2223 2279 1239
5821 4 2 16 28 2280 516 517 3241
5822 4 2 16 28 1919 867 1827 142
5823 4 2 16 28 2262 2053 2300 1220
5824 4 2 16 28 710 2942 2958 3168
5825 4 2 16 28 2294 2165 2248 3096
5826 4 2 16 28 2190 2014 2193 467
5827 4 2 16 28 2226 2029 2411 419
5828 4 2 16 28 2260 2117 2261 460
5829 4 2 16 28 220 5 1913 2809
5830 4 2 16 28 2212 2244 2365 452
5831 4 2 16 28 2068 2270 2339 478
5832 4 2 16 28 2107 2187 2280 310
5833 4 2 16 28 2023 2137 2332 323
5834 4 2 16 28 109 1441 1467 3166
5835 4 2 16 28 2295 82 74 475
5836 4 2 16 28 377 2162 1252 378
5837 4 2 16 28 2131 2161 2235 1253
5838 4 2 16 28 1487 978 979 3091
5839 4 2 16 28 780 781 1470 3090
5840 4 2 16 28 2045 2181 1203 371
5841 4 2 16 28 87 21 34 717
5842 4 2 16 28 714 85 22 35
5843 4 2 16 28 167 1827 1919 908
5844 4 2 16 28 233 234 1965 2837
5845 4 2 16 28 274 2027 273 3157
5846 4 2 16 28 2166 2115 2019 3136
5847 4 2 16 28 1935 1947 856 918
5848 4 2 16 28 2083 2162 422 1254
5849 4 2 16 28 705 706 2272 3169
5850 4 2 16 28 355 2203 354 1247
5851 4 2 16 28 2387 386 2090 1263
5852 4 2 16 28 2150 2151 381 380
5853 4 2 16 28 266 2095 1226 2263
5854 4 2 16 28 2220 2156 2293 1224
5855 4 2 16 28 2343 521 522 3239
5856 4 2 16 28 2200 363 2344 1204
5857 4 2 16 28 2244 2212 2288 1227
5858 4 2 16 28 2155 2085 2277 373
5859 4 2 16 28 510 511 2124 3116
5860 4 2 16 28 1878 1818 1893 3168
5861 4 2 16 28 1404 1859 854 743
5862 4 2 16 28 2179 2118 2260 339
5863 4 2 16 28 2088 2282 2394 335
5864 4 2 16 28 2302 2083 2366 376
5865 4 2 16 28 2195 2185 2418 487
5866 4 2 16 28 82 2295 619 475
5867 4 2 16 28 575 208 80 588
5868 4 2 16 28 2276 2076 2378 245
5869 4 2 16 28 1208 2207 2373 395
5870 4 2 16 28 2356 567 566 3161
5871 4 2 16 28 2258 2028 2325 409
5872 4 2 16 28 2098 2214 348 349
5873 4 2 16 28 2122 2158 2227 432
5874 4 2 16 28 2904 677 678 3130
5875 4 2 16 28 1915 923 1995 950
5876 4 2 16 28 2181 2045 2298 371
5877 4 2 16 28 2388 2219 2390 406
5878 4 2 16 28 1870 1803 1911 123
5879 4 2 16 28 1325 859 1957 858
5880 4 2 16 28 2122 2203 431 430
5881 4 2 16 28 2290 2191 2408 470
5882 4 2 16 28 2361 687 2211 3191
5883 4 2 16 28 911 1909 1839 991
5884 4 2 16 28 2068 2225 2253 480
5885 4 2 16 28 2218 2219 2293 250
5886 4 2 16 28 2263 1226 265 2262
5887 4 2 16 28 1991 1857 1969 3100
5888 4 2 16 28 2262 2053 1220 1275
5889 4 2 16 28 2265 2126 2279 271
5890 4 2 16 28 231 2005 236 2834
5891 4 2 16 28 1219 2255 2088 2400
5892 4 2 16 28 1919 994 1888 1884
5893 4 2 16 28 2014 2190 2272 467
5894 4 2 16 28 1985 2286 609 610
5895 4 2 16 28 2055 2300 393 392
5896 4 2 16 28 2941 2959 591 3119
5897 4 2 16 28 2325 645 646 3182
5898 4 2 16 28 2298 578 577 3128
5899 4 2 16 28 2057 2238 320 319
5900 4 2 16 28 2231 2178 456 2326
5901 4 2 16 28 21 29 28 87
5902 4 2 16 28 1973 1902 1819 3180
5903 4 2 16 28 1973 1819 1877 3179
5904 4 2 16 28 2217 2172 2324 438
5905 4 2 16 28 2024 2153 2220 403
5906 4 2 16 28 1846 1911 1955 136
5907 4 2 16 28 2288 2213 346 347
5908 4 2 16 28 608 2286 2419 609
5909 4 2 16 28 660 2372 661 3201
5910 4 2 16 28 2201 2070 2315 429
5911 4 2 16 28 1158 2885 1159 3211
5912 4 2 16 28 293 294 1887 3228
5913 4 2 16 28 2402 2168 2341 3112
5914 4 2 16 28 2257 440 2086 441
5915 4 2 16 28 1947 125 1928 1862
5916 4 2 16 28 2287 2102 2405 1201
5917 4 2 16 28 2848 219 218 3083
5918 4 2 16 28 720 1823 1964 715
5919 4 2 16 28 2277 2017 582 3131
5920 4 2 16 28 1167 2314 1166 2887
5921 4 2 16 28 2200 2172 2217 439
5922 4 2 16 28 738 739 2815 2811
5923 4 2 16 28 737 738 2817 2839
5924 4 2 16 28 2331 2061 2383 1244
5925 4 2 16 28 2345 570 569 3106
5926 4 2 16 28 570 3006 569 3122
5927 4 2 16 28 2145 703 704 3210
5928 4 2 16 28 2361 686 687 3191
5929 4 2 16 28 1799 1892 1945 3129
5930 4 2 16 28 2111 1272 2184 2371
5931 4 2 16 28 725 827 120 3217
5932 4 2 16 28 119 731 94 3137
5933 4 2 16 28 950 1875 1995 1915
5934 4 2 16 28 2152 67 2233 2070
5935 4 2 16 28 65 1198 1244 2383
5936 4 2 16 28 217 2844 218 3085
5937 4 2 16 28 1145 1146 2844 3085
5938 4 2 16 28 126 1838 2006 143
5939 4 2 16 28 2211 687 3165 3191
5940 4 2 16 28 605 604 2208 3242
5941 4 2 16 28 538 2143 537 3170
5942 4 2 16 28 1907 512 2289 513
5943 4 2 16 28 2289 2184 306 305
5944 4 2 16 28 1171 14 13 2337
5945 4 2 16 28 815 814 2832 2817
5946 4 2 16 28 814 813 2804 2815
5947 4 2 16 28 1962 935 1323 936
5948 4 2 16 28 908 1827 1919 1888
5949 4 2 16 28 2124 2269 510 3116
5950 4 2 16 28 2177 2231 2301 1294
5951 4 2 16 28 2078 1223 496 2184
5952 4 2 16 28 553 2213 552 3163
5953 4 2 16 28 87 717 1318 3089
5954 4 2 16 28 2863 2840 78 574
5955 4 2 16 28 1221 485 1283 2347
5956 4 2 16 28 2407 556 557 3193
5957 4 2 16 28 355 2203 1247 2034
5958 4 2 16 28 79 2888 574 2841
5959 4 2 16 28 1154 2872 7 2855
5960 4 2 16 28 753 2822 754 3132
5961 4 2 16 28 2869 221 231 2854
5962 4 2 16 28 2851 1158 1152 2868
5963 4 2 16 28 1153 1154 2857 2874
5964 4 2 16 28 1148 2873 1160 2858
5965 4 2 16 28 1798 1901 1902 3151
5966 4 2 16 28 2310 516 2280 3241
5967 4 2 16 28 405 1278 2024 2219
5968 4 2 16 28 533 534 1999 2942
5969 4 2 16 28 2121 2042 2238 1277
5970 4 2 16 28 1896 3114 1793 3115
5971 4 2 16 28 675 676 2945 3131
5972 4 2 16 28 707 708 2065 3169
5973 4 2 16 28 230 237 2833 2005
5974 4 2 16 28 2884 1166 1165 2144
5975 4 2 16 28 961 971 962 3176
5976 4 2 16 28 930 1940 1933 1864
5977 4 2 16 28 584 1979 585 3185
5978 4 2 16 28 534 2970 535 3168
5979 4 2 16 28 2076 2258 2378 1257
5980 4 2 16 28 235 234 2883 3084
5981 4 2 16 28 2003 1934 1795 3147
5982 4 2 16 28 276 275 2968 3179
5983 4 2 16 28 2102 2360 2405 446
5984 4 2 16 28 2139 2063 2291 474
5985 4 2 16 28 2207 1208 2373 2054
5986 4 2 16 28 2264 290 291 3229
5987 4 2 16 28 2070 2203 2315 1193
5988 4 2 16 28 355 2203 2034 354
5989 4 2 16 28 149 49 12 944
5990 4 2 16 28 1192 1307 368 2233
5991 4 2 16 28 2327 2276 2378 246
5992 4 2 16 28 810 809 2823 3112
5993 4 2 16 28 797 754 2304 755
5994 4 2 16 28 2819 724 723 3217
5995 4 2 16 28 2944 1999 75 532
5996 4 2 16 28 531 532 2062 1999
5997 4 2 16 28 679 2409 680 2046
5998 4 2 16 28 2911 2988 638 3151
5999 4 2 16 28 218 1146 2848 3083
6000 4 2 16 28 520 521 2251 3244
6001 4 2 16 28 2137 2068 2339 1238
6002 4 2 16 28 1911 1808 848 926
6003 4 2 16 28 798 2822 799 3132
6004 4 2 16 28 638 1901 2413 637
6005 4 2 16 28 804 805 2818 3145
6006 4 2 16 28 969 963 970 3132
6007 4 2 16 28 2941 506 2959 3114
6008 4 2 16 28 2926 690 689 3163
6009 4 2 16 28 2040 518 519 3244
6010 4 2 16 28 2969 537 536 3169
6011 4 2 16 28 800 961 962 3176
6012 4 2 16 28 2235 2132 2356 359
6013 4 2 16 28 733 2820 734 3146
6014 4 2 16 28 293 1887 294 2202
6015 4 2 16 28 1919 994 170 167
6016 4 2 16 28 680 679 2046 3129
6017 4 2 16 28 218 2844 1146 3085
6018 4 2 16 28 1166 2876 1165 3076
6019 4 2 16 28 1144 2843 1143 3075
6020 4 2 16 28 215 2843 216 3075
6021 4 2 16 28 1911 1808 1968 848
6022 4 2 16 28 2058 2210 2238 1269
6023 4 2 16 28 2160 2124 303 1231
6024 4 2 16 28 2339 2061 2331 1260
6025 4 2 16 28 2081 2256 2379 1218
6026 4 2 16 28 1947 1809 985 1922
6027 4 2 16 28 1818 3168 1878 3169
6028 4 2 16 28 208 209 575 2841
6029 4 2 16 28 2097 2156 2256 253
6030 4 2 16 28 735 95 1366 3135
6031 4 2 16 28 562 2034 563 3083
6032 4 2 16 28 2238 2121 1277 319
6033 4 2 16 28 120 93 725 3217
6034 4 2 16 28 2933 294 2973 3228
6035 4 2 16 28 647 648 2028 3182
6036 4 2 16 28 2276 2076 245 61
6037 4 2 16 28 336 2282 2088 335
6038 4 2 16 28 2976 280 279 3152
6039 4 2 16 28 285 284 2906 3143
6040 4 2 16 28 1310 2241 413 1196
6041 4 2 16 28 722 723 1345 3103
6042 4 2 16 28 245 246 1257 2378
6043 4 2 16 28 629 628 2980 3229
6044 4 2 16 28 923 1915 156 950
6045 4 2 16 28 2983 2923 512 3124
6046 4 2 16 28 2239 2054 260 259
6047 4 2 16 28 2119 2136 2215 444
6048 4 2 16 28 2986 609 2922 3149
6049 4 2 16 28 611 2928 2978 3149
6050 4 2 16 28 2328 678 677 1799
6051 4 2 16 28 754 755 1415 3237
6052 4 2 16 28 829 2825 830 3095
6053 4 2 16 28 2972 612 613 3213
6054 4 2 16 28 2939 2965 624 3141
6055 4 2 16 28 2914 607 608 3239
6056 4 2 16 28 551 550 2985 3208
6057 4 2 16 28 2958 533 1999 2942
6058 4 2 16 28 2257 652 2285 3233
6059 4 2 16 28 974 957 2312 975
6060 4 2 16 28 2293 250 2219 1278
6061 4 2 16 28 2250 494 2039 493
6062 4 2 16 28 1151 1150 2860 3211
6063 4 2 16 28 2057 526 527 3213
6064 4 2 16 28 638 1902 639 2391
6065 4 2 16 28 819 818 2820 3167
6066 4 2 16 28 1520 1516 1884 3159
6067 4 2 16 28 1978 1837 3227 3245
6068 4 2 16 28 2164 2112 2206 397
6069 4 2 16 28 790 789 1825 1440
6070 4 2 16 28 710 2958 711 3215
6071 4 2 16 28 2155 2277 2366 374
6072 4 2 16 28 2300 2053 263 1220
6073 4 2 16 28 1913 5 10 3077
6074 4 2 16 28 68 2233 367 1306
6075 4 2 16 28 1810 287 2357 288
6076 4 2 16 28 105 118 817 3096
6077 4 2 16 28 1928 2134 97 3204
6078 4 2 16 28 670 2947 669 3185
6079 4 2 16 28 2062 2252 2333 326
6080 4 2 16 28 1934 1818 1878 3169
6081 4 2 16 28 2211 688 689 3165
6082 4 2 16 28 2132 565 564 3160
6083 4 2 16 28 2009 2282 543 3171
6084 4 2 16 28 732 731 821 3146
6085 4 2 16 28 2179 341 2377 340
6086 4 2 16 28 757 756 1410 3101
6087 4 2 16 28 214 2845 215 3125
6088 4 2 16 28 1143 2845 1142 3125
6089 4 2 16 28 1166 1167 2878 3126
6090 4 2 16 28 2995 2905 697 3153
6091 4 2 16 28 2306 1196 1310 412
6092 4 2 16 28 743 744 1404 3118
6093 4 2 16 28 97 1402 745 3118
6094 4 2 16 28 1846 1911 136 890
6095 4 2 16 28 785 1445 786 3120
6096 4 2 16 28 118 735 817 3096
6097 4 2 16 28 109 787 1441 3120
6098 4 2 16 28 820 732 821 3167
6099 4 2 16 28 584 1979 2079 585
6100 4 2 16 28 2203 2158 431 1247
6101 4 2 16 28 2233 2069 2242 68
6102 4 2 16 28 996 169 1521 3159
6103 4 2 16 28 2841 208 80 575
6104 4 2 16 28 2029 2226 2334 419
6105 4 2 16 28 2304 798 754 797
6106 4 2 16 28 1359 730 729 3231
6107 4 2 16 28 164 157 955 3243
6108 4 2 16 28 2188 2107 2250 1211
6109 4 2 16 28 2014 2255 1225 465
6110 4 2 16 28 531 2940 2962 3230
6111 4 2 16 28 529 2934 2966 3230
6112 4 2 16 28 1951 1822 1952 121
6113 4 2 16 28 743 1405 742 3117
6114 4 2 16 28 741 1403 96 3117
6115 4 2 16 28 2981 277 2930 3225
6116 4 2 16 28 2896 649 2902 3214
6117 4 2 16 28 1438 790 791 3094
6118 4 2 16 28 2921 691 2979 3162
6119 4 2 16 28 534 2942 2970 3168
6120 4 2 16 28 734 1368 733 3150
6121 4 2 16 28 1371 731 732 3150
6122 4 2 16 28 205 1147 2863 78
6123 4 2 16 28 1171 15 14 2337
6124 4 2 16 28 535 2970 2937 3168
6125 4 2 16 28 1911 1846 1931 890
6126 4 2 16 28 621 2897 2943 3212
6127 4 2 16 28 1142 1141 2866 3189
6128 4 2 16 28 1471 781 782 3166
6129 4 2 16 28 1467 783 109 3166
6130 4 2 16 28 728 1356 729 3172
6131 4 2 16 28 2159 1197 62 2265
6132 4 2 16 28 753 754 1413 3113
6133 4 2 16 28 1416 751 752 3113
6134 4 2 16 28 2936 2968 275 3179
6135 4 2 16 28 2863 78 1148 574
6136 4 2 16 28 1162 208 2888 79
6137 4 2 16 28 1161 207 574 2888
6138 4 2 16 28 1148 206 2863 574
6139 4 2 16 28 2184 2078 2371 496
6140 4 2 16 28 701 2989 2919 3147
6141 4 2 16 28 2930 276 2968 3179
6142 4 2 16 28 1909 911 1839 1908
6143 4 2 16 28 2890 1163 1162 2234
6144 4 2 16 28 1397 97 750 3204
6145 4 2 16 28 970 1519 969 3203
6146 4 2 16 28 974 973 1500 3202
6147 4 2 16 28 574 2888 79 1161
6148 4 2 16 28 1955 846 146 123
6149 4 2 16 28 746 1400 747 3187
6150 4 2 16 28 722 1347 721 3181
6151 4 2 16 28 1346 724 725 3155
6152 4 2 16 28 2117 2261 460 2410
6153 4 2 16 28 977 1488 976 3080
6154 4 2 16 28 788 789 1439 3079
6155 4 2 16 28 1499 973 972 3080
6156 4 2 16 28 784 1444 785 3079
6157 4 2 16 28 1931 888 890 889
6158 4 2 16 28 95 118 740 3125
6159 4 2 16 28 96 736 117 3126
6160 4 2 16 28 217 216 2842 3085
6161 4 2 16 28 1145 2842 1144 3085
6162 4 2 16 28 509 2269 508 3116
6163 4 2 16 28 986 1957 1809 916
6164 4 2 16 28 2971 2941 592 3115
6165 4 2 16 28 1827 867 1916 127
6166 4 2 16 28 798 754 2822 3132
6167 4 2 16 28 230 237 2005 2834
6168 4 2 16 28 89 102 831 3078
6169 4 2 16 28 212 205 2840 78
6170 4 2 16 28 619 82 3012 3215
6171 4 2 16 28 78 205 2242 573
6172 4 2 16 28 1939 677 2329 676
6173 4 2 16 28 824 728 2814 3136
6174 4 2 16 28 389 2262 1226 2095
6175 4 2 16 28 220 221 2810 3238
6176 4 2 16 28 2810 218 219 3238
6177 4 2 16 28 167 1827 908 142
6178 4 2 16 28 208 209 2841 79
6179 4 2 16 28 206 211 2840 574
6180 4 2 16 28 207 210 574 2841
6181 4 2 16 28 1196 414 1199 2241
6182 4 2 16 28 1520 967 162 3159
6183 4 2 16 28 564 563 2229 3160
6184 4 2 16 28 224 225 2808 3221
6185 4 2 16 28 83 681 2026 3214
6186 4 2 16 28 2009 543 544 3148
6187 4 2 16 28 973 3145 3080 3202
6188 4 2 16 28 1144 216 2843 3075
6189 4 2 16 28 2953 582 583 3156
6190 4 2 16 28 622 2943 2963 3141
6191 4 2 16 28 167 1827 142 1919
6192 4 2 16 28 639 638 2988 3151
6193 4 2 16 28 2106 313 2251 2186
6194 4 2 16 28 2166 3136 2019 3137
6195 4 2 16 28 281 282 2259 3151
6196 4 2 16 28 149 1475 1476 3068
6197 4 2 16 28 2014 2145 465 466
6198 4 2 16 28 3005 676 677 3130
6199 4 2 16 28 3155 3217 93 3231
6200 4 2 16 28 2076 412 411 1196
6201 4 2 16 28 968 969 1518 3072
6202 4 2 16 28 78 205 2840 2863
6203 4 2 16 28 158 956 163 3176
6204 4 2 16 28 965 159 797 3097
6205 4 2 16 28 3007 678 679 3128
6206 4 2 16 28 2888 79 208 2841
6207 4 2 16 28 207 574 2888 2841
6208 4 2 16 28 206 2863 574 2840
6209 4 2 16 28 296 1793 295 3141
6210 4 2 16 28 2104 2188 2209 491
6211 4 2 16 28 868 1850 906 1916
6212 4 2 16 28 2150 2152 1194 381
6213 4 2 16 28 658 659 2949 3161
6214 4 2 16 28 380 2385 379 1248
6215 4 2 16 28 1404 1859 743 3118
6216 4 2 16 28 442 1195 1200 2395
6217 4 2 16 28 3006 2903 655 3122
6218 4 2 16 28 1191 70 1194 2152
6219 4 2 16 28 956 158 806 3176
6220 4 2 16 28 964 2304 969 968
6221 4 2 16 28 532 531 2962 1801
6222 4 2 16 28 2255 2230 2335 333
6223 4 2 16 28 2835 236 231 1965
6224 4 2 16 28 21 717 87 3089
6225 4 2 16 28 978 1487 1007 3087
6226 4 2 16 28 273 2276 272 3157
6227 4 2 16 28 2287 2136 2395 1195
6228 4 2 16 28 2072 2275 2319 382
6229 4 2 16 28 2285 652 651 3233
6230 4 2 16 28 1857 612 611 2928
6231 4 2 16 28 2926 2979 690 3163
6232 4 2 16 28 2256 2081 1284 1218
6233 4 2 16 28 2145 704 2272 3210
6234 4 2 16 28 668 2893 667 3184
6235 4 2 16 28 2969 536 2937 3169
6236 4 2 16 28 567 2171 568 3161
6237 4 2 16 28 2912 2989 700 3148
6238 4 2 16 28 2344 2200 1204 1304
6239 4 2 16 28 1249 359 1253 2235
6240 4 2 16 28 2896 2902 64 3129
6241 4 2 16 28 2348 1199 2045 1305
6242 4 2 16 28 2310 2236 2359 308
6243 4 2 16 28 2955 2841 80 575
6244 4 2 16 28 748 804 2818 3174
6245 4 2 16 28 1478 1994 946 944
6246 4 2 16 28 634 633 2910 3139
6247 4 2 16 28 2391 402 2081 2153
6248 4 2 16 28 2231 2179 1210 341
6249 4 2 16 28 1153 1154 2314 2866
6250 4 2 16 28 665 666 2957 3077
6251 4 2 16 28 2897 63 2943 3119
6252 4 2 16 28 2126 270 2279 271
6253 4 2 16 28 770 784 769 3108
6254 4 2 16 28 3006 2946 569 3222
6255 4 2 16 28 2301 2020 2420 1282
6256 4 2 16 28 1239 385 2223 2279
6257 4 2 16 28 1163 1164 2879 3084
6258 4 2 16 28 2078 1223 497 496
6259 4 2 16 28 1144 1143 2859 2314
6260 4 2 16 28 562 563 3000 3201
6261 4 2 16 28 293 2973 294 3228
6262 4 2 16 28 1896 1847 1894 3119
6263 4 2 16 28 559 76 572 3106
6264 4 2 16 28 251 1224 1278 2293
6265 4 2 16 28 651 3011 84 3195
6266 4 2 16 28 253 1218 1273 2379
6267 4 2 16 28 798 2304 965 797
6268 4 2 16 28 630 2920 2984 3205
6269 4 2 16 28 888 1911 890 887
6270 4 2 16 28 2203 1193 353 1301
6271 4 2 16 28 1917 1408 100 3089
6272 4 2 16 28 78 1148 1147 2863
6273 4 2 16 28 1254 2302 376 2083
6274 4 2 16 28 87 88 1313 1429
6275 4 2 16 28 2091 408 407 1235
6276 4 2 16 28 1162 79 2888 1161
6277 4 2 16 28 961 163 971 3176
6278 4 2 16 28 513 512 2923 3124
6279 4 2 16 28 1915 923 1806 1995
6280 4 2 16 28 2810 219 220 3238
6281 4 2 16 28 721 3095 722 3181
6282 4 2 16 28 513 2975 514 3124
6283 4 2 16 28 1947 1935 856 1862
6284 4 2 16 28 609 610 2922 3149
6285 4 2 16 28 2372 2227 661 3201
6286 4 2 16 28 957 805 804 3145
6287 4 2 16 28 2304 964 798 965
6288 4 2 16 28 1812 513 2043 514
6289 4 2 16 28 517 2990 518 3178
6290 4 2 16 28 610 611 2978 3149
6291 4 2 16 28 692 2240 691 3208
6292 4 2 16 28 2930 644 643 3179
6293 4 2 16 28 2908 605 606 3175
6294 4 2 16 28 1899 670 2198 669
6295 4 2 16 28 606 607 2998 3175
6296 4 2 16 28 2240 693 2178 3208
6297 4 2 16 28 2114 1205 2206 1291
6298 4 2 16 28 408 2091 407 2325
6299 4 2 16 28 494 2250 2039 2111
6300 4 2 16 28 623 2939 624 3141
6301 4 2 16 28 309 310 1211 2107
6302 4 2 16 28 821 731 119 3137
6303 4 2 16 28 2282 2281 2009 336
6304 4 2 16 28 2808 214 215 1968
6305 4 2 16 28 2368 2217 362 2169
6306 4 2 16 28 2171 1904 569 568
6307 4 2 16 28 2924 2976 279 3152
6308 4 2 16 28 969 970 2147 3132
6309 4 2 16 28 808 2821 809 3112
6310 4 2 16 28 2976 2918 280 3152
6311 4 2 16 28 560 573 205 3194
6312 4 2 16 28 506 2941 507 3115
6313 4 2 16 28 741 96 117 3111
6314 4 2 16 28 1329 1839 1966 1888
6315 4 2 16 28 285 2906 2994 3143
6316 4 2 16 28 284 2992 2906 3143
6317 4 2 16 28 2980 2920 629 3229
6318 4 2 16 28 2010 523 524 3239
6319 4 2 16 28 594 2044 595 3207
6320 4 2 16 28 1146 1149 2865 2234
6321 4 2 16 28 533 1999 75 2958
6322 4 2 16 28 825 2816 824 3136
6323 4 2 16 28 975 957 2312 956
6324 4 2 16 28 75 532 1999 533
6325 4 2 16 28 336 337 1213 2281
6326 4 2 16 28 2927 2980 628 3229
6327 4 2 16 28 672 2031 2309 3186
6328 4 2 16 28 746 747 2312 3187
6329 4 2 16 28 583 584 2953 3186
6330 4 2 16 28 2150 2071 2393 1300
6331 4 2 16 28 709 2942 710 3168
6332 4 2 16 28 746 806 2312 747
6333 4 2 16 28 655 2903 654 3122
6334 4 2 16 28 1327 1940 930 1864
6335 4 2 16 28 2886 1164 1163 3211
6336 4 2 16 28 957 805 2312 956
6337 4 2 16 28 1165 2885 1158 2144
6338 4 2 16 28 566 565 2132 3161
6339 4 2 16 28 1219 335 1285 2088
6340 4 2 16 28 2270 1801 618 617
6341 4 2 16 28 770 769 823 3108
6342 4 2 16 28 2413 1902 638 2391
6343 4 2 16 28 581 2277 582 3131
6344 4 2 16 28 11 2881 234 3088
6345 4 2 16 28 660 2954 659 3160
6346 4 2 16 28 235 1965 236 2835
6347 4 2 16 28 752 3113 751 3176
6348 4 2 16 28 2201 2070 429 428
6349 4 2 16 28 771 820 821 3167
6350 4 2 16 28 582 1900 2017 583
6351 4 2 16 28 2949 659 2954 3161
6352 4 2 16 28 623 622 2963 3141
6353 4 2 16 28 223 222 1807 2806
6354 4 2 16 28 562 3000 2948 3201
6355 4 2 16 28 650 2308 649 3214
6356 4 2 16 28 574 78 2865 2234
6357 4 2 16 28 108 105 775 3096
6358 4 2 16 28 2911 282 2988 3151
6359 4 2 16 28 957 804 958 3145
6360 4 2 16 28 760 22 101 792
6361 4 2 16 28 811 117 155 3111
6362 4 2 16 28 359 358 1253 2235
6363 4 2 16 28 133 1955 1911 136
6364 4 2 16 28 2928 612 2972 3213
6365 4 2 16 28 124 1993 1360 96
6366 4 2 16 28 1875 950 945 1915
6367 4 2 16 28 951 153 979 3071
6368 4 2 16 28 668 669 3003 3184
6369 4 2 16 28 1946 1823 1964 720
6370 4 2 16 28 551 2985 2921 3208
6371 4 2 16 28 774 818 819 3167
6372 4 2 16 28 1970 1939 1900 3131
6373 4 2 16 28 2985 550 2916 3208
6374 4 2 16 28 2972 613 2934 3213
6375 4 2 16 28 1941 903 1937 1823
6376 4 2 16 28 800 801 961 3176
6377 4 2 16 28 799 2824 800 3132
6378 4 2 16 28 105 817 775 3096
6379 4 2 16 28 305 2141 1280 304
6380 4 2 16 28 704 2982 705 3170
6381 4 2 16 28 287 2996 288 3206
6382 4 2 16 28 956 805 2312 806
6383 4 2 16 28 545 2991 2905 3199
6384 4 2 16 28 705 2931 706 3170
6385 4 2 16 28 508 2971 2935 3207
6386 4 2 16 28 2385 2150 2393 1248
6387 4 2 16 28 486 1216 1283 2108
6388 4 2 16 28 1195 1200 2395 66
6389 4 2 16 28 555 554 2974 3165
6390 4 2 16 28 867 1919 907 142
6391 4 2 16 28 98 3102 746 3176
6392 4 2 16 28 2132 2356 566 3161
6393 4 2 16 28 793 792 1435 3094
6394 4 2 16 28 819 2820 733 3167
6395 4 2 16 28 2929 2983 511 3197
6396 4 2 16 28 522 523 2343 3239
6397 4 2 16 28 2208 2104 2209 490
6398 4 2 16 28 1878 1893 1999 3168
6399 4 2 16 28 1894 3114 1896 3119
6400 4 2 16 28 2255 2088 2394 334
6401 4 2 16 28 1327 1940 1864 929
6402 4 2 16 28 2987 601 2913 3241
6403 4 2 16 28 2964 2932 687 3193
6404 4 2 16 28 1917 1408 128 100
6405 4 2 16 28 607 2914 2998 3239
6406 4 2 16 28 2995 697 696 3153
6407 4 2 16 28 2993 605 2908 3244
6408 4 2 16 28 2411 418 2029 2181
6409 4 2 16 28 888 1931 890 1911
6410 4 2 16 28 2990 2907 518 3242
6411 4 2 16 28 696 695 2909 3153
6412 4 2 16 28 514 2975 2917 3240
6413 4 2 16 28 2286 608 1985 609
6414 4 2 16 28 3005 2945 676 3130
6415 4 2 16 28 2031 671 670 3186
6416 4 2 16 28 2140 1231 2160 1264
6417 4 2 16 28 274 3009 2936 3182
6418 4 2 16 28 2914 608 2986 3239
6419 4 2 16 28 2391 402 401 2081
6420 4 2 16 28 18 3097 17 3196
6421 4 2 16 28 1915 923 156 1806
6422 4 2 16 28 762 763 829 3095
6423 4 2 16 28 1806 1915 1949 156
6424 4 2 16 28 539 2143 538 3236
6425 4 2 16 28 1931 888 1808 1911
6426 4 2 16 28 970 2147 962 971
6427 4 2 16 28 2944 2898 75 3215
6428 4 2 16 28 2009 543 3148 3171
6429 4 2 16 28 2181 2029 417 418
6430 4 2 16 28 97 3118 745 3243
6431 4 2 16 28 704 2925 2982 3236
6432 4 2 16 28 2818 2312 805 747
6433 4 2 16 28 977 953 978 3234
6434 4 2 16 28 2168 3071 2033 3111
6435 4 2 16 28 955 976 164 3234
6436 4 2 16 28 2344 2170 2346 365
6437 4 2 16 28 637 2413 636 3143
6438 4 2 16 28 784 785 769 3219
6439 4 2 16 28 786 787 767 3219
6440 4 2 16 28 2210 2058 2225 1234
6441 4 2 16 28 3007 2904 678 3128
6442 4 2 16 28 545 544 2991 3148
6443 4 2 16 28 849 850 1320 1981
6444 4 2 16 28 2979 553 552 3163
6445 4 2 16 28 2086 2346 2395 1200
6446 4 2 16 28 2219 2390 406 1265
6447 4 2 16 28 526 525 1936 2375
6448 4 2 16 28 543 542 2989 3148
6449 4 2 16 28 1964 92 1946 720
6450 4 2 16 28 97 2402 2134 3118
6451 4 2 16 28 333 2394 2255 2230
6452 4 2 16 28 802 803 749 3133
6453 4 2 16 28 510 2929 511 3116
6454 4 2 16 28 1898 2338 2030 666
6455 4 2 16 28 2256 2156 2379 253
6456 4 2 16 28 2304 964 965 968
6457 4 2 16 28 93 120 730 2021
6458 4 2 16 28 2937 708 707 3169
6459 4 2 16 28 2098 2288 2351 1271
6460 4 2 16 28 1154 2866 1141 3189
6461 4 2 16 28 1242 2243 503 2159
6462 4 2 16 28 612 2254 613 3100
6463 4 2 16 28 399 1212 1289 2399
6464 4 2 16 28 2203 2070 353 1193
6465 4 2 16 28 1884 996 1520 3159
6466 4 2 16 28 2940 531 530 3230
6467 4 2 16 28 1917 868 1850 128
6468 4 2 16 28 2155 375 1250 374
6469 4 2 16 28 806 805 2312 747
6470 4 2 16 28 775 780 108 3096
6471 4 2 16 28 822 770 823 3108
6472 4 2 16 28 534 1999 2062 533
6473 4 2 16 28 746 115 98 3176
6474 4 2 16 28 2045 2298 371 370
6475 4 2 16 28 2402 3133 97 3204
6476 4 2 16 28 1218 401 402 2081
6477 4 2 16 28 529 2966 530 3230
6478 4 2 16 28 828 764 765 3158
6479 4 2 16 28 892 1470 781 1821
6480 4 2 16 28 1963 874 1825 900
6481 4 2 16 28 2090 2223 1239 386
6482 4 2 16 28 980 1915 154 156
6483 4 2 16 28 469 2318 2190 2191
6484 4 2 16 28 2037 2350 2400 463
6485 4 2 16 28 675 2334 676 1939
6486 4 2 16 28 807 955 157 3243
6487 4 2 16 28 774 819 773 3167
6488 4 2 16 28 337 338 1288 2340
6489 4 2 16 28 568 569 2946 3222
6490 4 2 16 28 2933 2973 626 3228
6491 4 2 16 28 2290 2065 708 3168
6492 4 2 16 28 741 96 3111 3117
6493 4 2 16 28 619 618 2295 1983
6494 4 2 16 28 2201 1191 2070 428
6495 4 2 16 28 1205 2114 2206 2164
6496 4 2 16 28 676 1939 677 3130
6497 4 2 16 28 1170 9 12 3183
6498 4 2 16 28 514 515 1812 3241
6499 4 2 16 28 771 109 783 3137
6500 4 2 16 28 233 10 1913 5
6501 4 2 16 28 5 220 1913 233
6502 4 2 16 28 1927 97 2134 3118
6503 4 2 16 28 994 1919 170 1884
6504 4 2 16 28 276 3121 275 3179
6505 4 2 16 28 1999 532 2062 533
6506 4 2 16 28 2131 2330 2372 434
6507 4 2 16 28 2981 278 277 3225
6508 4 2 16 28 791 3094 790 3095
6509 4 2 16 28 762 790 763 3095
6510 4 2 16 28 2262 2053 1275 265
6511 4 2 16 28 2859 1151 1144 2314
6512 4 2 16 28 834 1345 723 3103
6513 4 2 16 28 745 116 97 3243
6514 4 2 16 28 2916 550 549 3218
6515 4 2 16 28 289 288 2915 3205
6516 4 2 16 28 327 328 2062 534
6517 4 2 16 28 278 2924 279 3225
6518 4 2 16 28 104 821 119 3137
6519 4 2 16 28 548 2997 549 3218
6520 4 2 16 28 2901 2961 684 3142
6521 4 2 16 28 653 652 2257 3233
6522 4 2 16 28 2983 597 2923 3124
6523 4 2 16 28 527 528 2138 3213
6524 4 2 16 28 2306 2307 83 72
6525 4 2 16 28 1965 235 234 2838
6526 4 2 16 28 2211 687 688 3165
6527 4 2 16 28 1960 874 901 1825
6528 4 2 16 28 2986 1985 608 609
6529 4 2 16 28 2922 524 2986 3149
6530 4 2 16 28 2978 2928 526 3149
6531 4 2 16 28 2143 539 2230 3236
6532 4 2 16 28 957 958 974 3145
6533 4 2 16 28 752 801 800 3176
6534 4 2 16 28 2033 1167 1166 3126
6535 4 2 16 28 1965 234 233 2838
6536 4 2 16 28 953 952 978 3112
6537 4 2 16 28 830 762 829 3095
6538 4 2 16 28 2187 2186 312 1207
6539 4 2 16 28 1942 1977 122 147
6540 4 2 16 28 150 1808 1971 135
6541 4 2 16 28 2904 3005 677 3130
6542 4 2 16 28 2328 2348 2401 416
6543 4 2 16 28 73 651 2285 443
6544 4 2 16 28 563 1804 562 3083
6545 4 2 16 28 2172 2217 439 438
6546 4 2 16 28 531 2062 2332 1999
6547 4 2 16 28 478 1238 1260 2339
6548 4 2 16 28 2943 63 298 3114
6549 4 2 16 28 755 866 1415 3237
6550 4 2 16 28 2240 692 693 3208
6551 4 2 16 28 11 1797 10 3077
6552 4 2 16 28 205 560 2242 573
6553 4 2 16 28 63 2959 506 3114
6554 4 2 16 28 296 2965 2939 3141
6555 4 2 16 28 1943 2280 518 517
6556 4 2 16 28 233 2856 5 220
6557 4 2 16 28 1154 2872 1155 7
6558 4 2 16 28 7 1154 2855 2
6559 4 2 16 28 231 2854 221 222
6560 4 2 16 28 2869 221 232 231
6561 4 2 16 28 1160 1159 1149 2869
6562 4 2 16 28 2851 1158 1151 1152
6563 4 2 16 28 223 224 230 2851
6564 4 2 16 28 230 231 223 2867
6565 4 2 16 28 232 233 221 2873
6566 4 2 16 28 1148 1149 2858 1160
6567 4 2 16 28 1153 1155 2874 1156
6568 4 2 16 28 1158 1152 2868 1157
6569 4 2 16 28 2873 1148 1160 1161
6570 4 2 16 28 1155 1153 2874 1154
6571 4 2 16 28 806 115 746 3176
6572 4 2 16 28 170 996 1520 1884
6573 4 2 16 28 2820 818 734 3096
6574 4 2 16 28 21 28 1182 3089
6575 4 2 16 28 1182 20 13 3089
6576 4 2 16 28 28 87 100 3089
6577 4 2 16 28 1155 1156 2314 2891
6578 4 2 16 28 13 20 1171 2337
6579 4 2 16 28 115 806 158 3176
6580 4 2 16 28 2898 2944 618 3215
6581 4 2 16 28 802 749 750 3133
6582 4 2 16 28 380 2385 1248 2150
6583 4 2 16 28 1808 150 1971 1875
6584 4 2 16 28 978 1007 1489 3087
6585 4 2 16 28 2947 3003 669 3184
6586 4 2 16 28 2268 507 508 3115
6587 4 2 16 28 510 2269 509 3116
6588 4 2 16 28 901 1937 1438 902
6589 4 2 16 28 884 931 1933 883
6590 4 2 16 28 803 960 959 3145
6591 4 2 16 28 1825 2247 789 790
6592 4 2 16 28 1955 891 136 886
6593 4 2 16 28 418 419 1245 2411
6594 4 2 16 28 164 972 960 3133
6595 4 2 16 28 519 520 2040 3244
6596 4 2 16 28 2918 640 639 3152
6597 4 2 16 28 1160 1161 2234 2890
6598 4 2 16 28 624 625 1978 2965
6599 4 2 16 28 729 730 822 3108
6600 4 2 16 28 854 855 1885 1404
6601 4 2 16 28 811 741 117 3111
6602 4 2 16 28 2357 288 289 1810
6603 4 2 16 28 1241 326 327 2333
6604 4 2 16 28 1994 1479 946 944
6605 4 2 16 28 2960 2902 648 3157
6606 4 2 16 28 2392 250 2219 2218
6607 4 2 16 28 2164 2050 2399 1289
6608 4 2 16 28 2264 291 292 3229
6609 4 2 16 28 217 3085 218 3238
6610 4 2 16 28 634 2994 635 3143
6611 4 2 16 28 2992 637 636 3143
6612 4 2 16 28 2207 1974 632 633
6613 4 2 16 28 764 788 765 3158
6614 4 2 16 28 821 3137 771 3167
6615 4 2 16 28 926 925 1808 1324
6616 4 2 16 28 525 524 1936 2375
6617 4 2 16 28 290 2920 291 3229
6618 4 2 16 28 969 964 963 3132
6619 4 2 16 28 1959 1839 1909 999
6620 4 2 16 28 2405 2136 445 2215
6621 4 2 16 28 2018 3085 3075 3135
6622 4 2 16 28 2358 290 2264 3205
6623 4 2 16 28 293 292 2927 3229
6624 4 2 16 28 441 1200 1304 2086
6625 4 2 16 28 2350 2117 1213 461
6626 4 2 16 28 1474 778 779 3090
6627 4 2 16 28 943 944 1479 3091
6628 4 2 16 28 2272 1934 704 705
6629 4 2 16 28 340 1210 1292 2179
6630 4 2 16 28 664 665 2894 3093
6631 4 2 16 28 2261 2260 460 459
6632 4 2 16 28 730 3108 729 3231
6633 4 2 16 28 2276 273 2027 3157
6634 4 2 16 28 2138 2057 527 3213
6635 4 2 16 28 2962 2944 532 1801
6636 4 2 16 28 781 782 3166 3167
6637 4 2 16 28 996 1840 1850 169
6638 4 2 16 28 666 1898 667 3077
6639 4 2 16 28 1941 903 1823 904
6640 4 2 16 28 1955 1911 146 133
6641 4 2 16 28 718 717 1946 1319
6642 4 2 16 28 2333 2012 2408 1241
6643 4 2 16 28 889 1808 1931 888
6644 4 2 16 28 2900 3007 679 3128
6645 4 2 16 28 807 157 116 3243
6646 4 2 16 28 3076 3084 1886 3104
6647 4 2 16 28 2289 1907 511 512
6648 4 2 16 28 1921 1905 1856 3192
6649 4 2 16 28 1973 1819 3179 3180
6650 4 2 16 28 109 783 3137 3166
6651 4 2 16 28 285 284 3143 3220
6652 4 2 16 28 789 3079 788 3158
6653 4 2 16 28 2212 1227 451 2288
6654 4 2 16 28 2368 2217 1298 1246
6655 4 2 16 28 1967 287 286 2239
6656 4 2 16 28 677 2329 2328 1799
6657 4 2 16 28 2195 2106 2396 1295
6658 4 2 16 28 761 831 102 3078
6659 4 2 16 28 1520 170 1884 1516
6660 4 2 16 28 2084 2334 674 3156
6661 4 2 16 28 507 2268 506 3114
6662 4 2 16 28 972 3080 973 3145
6663 4 2 16 28 105 812 118 3098
6664 4 2 16 28 2329 2029 2334 676
6665 4 2 16 28 2192 2333 2408 1268
6666 4 2 16 28 293 3228 1887 3229
6667 4 2 16 28 1825 790 1438 3094
6668 4 2 16 28 2182 390 2262 391
6669 4 2 16 28 896 786 1445 3120
6670 4 2 16 28 744 855 1404 3118
6671 4 2 16 28 269 1239 1263 2090
6672 4 2 16 28 273 3009 274 3157
6673 4 2 16 28 2055 631 632 3206
6674 4 2 16 28 810 2823 742 3111
6675 4 2 16 28 767 787 766 3136
6676 4 2 16 28 1930 1844 3162 3163
6677 4 2 16 28 974 3145 973 3202
6678 4 2 16 28 2247 2283 2021 3158
6679 4 2 16 28 1479 944 1994 3091
6680 4 2 16 28 729 822 823 3108
6681 4 2 16 28 2996 2910 633 3206
6682 4 2 16 28 2963 2943 298 3141
6683 4 2 16 28 1333 1961 843 844
6684 4 2 16 28 2235 2132 359 358
6685 4 2 16 28 2915 631 2984 3206
6686 4 2 16 28 317 1221 1283 2386
6687 4 2 16 28 2931 537 2969 3170
6688 4 2 16 28 2194 1999 2332 2062
6689 4 2 16 28 2285 651 2120 3233
6690 4 2 16 28 2195 2418 2108 487
6691 4 2 16 28 2842 216 1144 3085
6692 4 2 16 28 675 2945 3002 3131
6693 4 2 16 28 701 700 2989 2003
6694 4 2 16 28 155 153 951 3071
6695 4 2 16 28 821 104 771 3137
6696 4 2 16 28 2953 3156 583 3186
6697 4 2 16 28 1957 986 1809 1922
6698 4 2 16 28 526 2928 527 3213
6699 4 2 16 28 1937 1960 872 902
6700 4 2 16 28 966 41 26 2830
6701 4 2 16 28 2158 2131 433 1251
6702 4 2 16 28 2217 2200 439 1303
6703 4 2 16 28 2277 2017 2366 582
6704 4 2 16 28 370 371 2045 1203
6705 4 2 16 28 1216 487 1295 2195
6706 4 2 16 28 691 2921 692 3208
6707 4 2 16 28 94 1354 726 3188
6708 4 2 16 28 2090 2267 269 270
6709 4 2 16 28 2074 2235 2356 1249
6710 4 2 16 28 952 953 809 3112
6711 4 2 16 28 781 774 773 3167
6712 4 2 16 28 701 2919 702 3210
6713 4 2 16 28 867 1919 1827 1916
6714 4 2 16 28 206 2840 211 3194
6715 4 2 16 28 703 2925 704 3210
6716 4 2 16 28 2283 2247 2022 3095
6717 4 2 16 28 944 1478 1994 3110
6718 4 2 16 28 4 2846 205 3083
6719 4 2 16 28 709 2290 708 3168
6720 4 2 16 28 1219 2255 334 2088
6721 4 2 16 28 706 707 2065 3169
6722 4 2 16 28 903 793 1435 3094
6723 4 2 16 28 1955 1940 929 1864
6724 4 2 16 28 1363 1849 849 738
6725 4 2 16 28 750 97 3133 3204
6726 4 2 16 28 2904 678 3128 3130
6727 4 2 16 28 2252 2331 2383 65
6728 4 2 16 28 447 448 1240 2174
6729 4 2 16 28 2281 2117 2340 1288
6730 4 2 16 28 959 960 972 3145
6731 4 2 16 28 546 2905 2995 3153
6732 4 2 16 28 741 852 1403 3117
6733 4 2 16 28 830 2825 722 3095
6734 4 2 16 28 712 3012 82 3215
6735 4 2 16 28 2177 2231 1294 341
6736 4 2 16 28 2865 1148 574 2234
6737 4 2 16 28 94 726 119 3137
6738 4 2 16 28 698 697 2905 3199
6739 4 2 16 28 2217 2074 2368 1298
6740 4 2 16 28 642 2389 641 3180
6741 4 2 16 28 2912 700 699 3199
6742 4 2 16 28 2983 596 597 3197
6743 4 2 16 28 1919 906 1850 1916
6744 4 2 16 28 609 1985 610 3149
6745 4 2 16 28 96 1886 3076 3117
6746 4 2 16 28 2117 2350 2410 461
6747 4 2 16 28 1243 2279 2128 1259
6748 4 2 16 28 594 595 2967 3207
6749 4 2 16 28 2174 2352 2361 448
6750 4 2 16 28 99 755 114 3073
6751 4 2 16 28 843 1371 732 3150
6752 4 2 16 28 2894 3004 664 3093
6753 4 2 16 28 752 751 801 3176
6754 4 2 16 28 687 686 2964 3191
6755 4 2 16 28 2971 592 593 3207
6756 4 2 16 28 797 114 755 3073
6757 4 2 16 28 561 562 2948 3109
6758 4 2 16 28 2019 2248 2382 3146
6759 4 2 16 28 598 1996 599 3240
6760 4 2 16 28 1902 638 639 3151
6761 4 2 16 28 893 1471 782 3166
6762 4 2 16 28 1839 1329 1966 864
6763 4 2 16 28 2936 646 645 3182
6764 4 2 16 28 930 1940 929 885
6765 4 2 16 28 2331 2137 2339 1260
6766 4 2 16 28 670 2999 2947 3185
6767 4 2 16 28 605 1982 2208 606
6768 4 2 16 28 2029 2334 676 675
6769 4 2 16 28 2913 517 516 3241
6770 4 2 16 28 839 1356 728 3172
6771 4 2 16 28 13 20 2337 3089
6772 4 2 16 28 670 1899 2198 2031
6773 4 2 16 28 514 2917 515 3241
6774 4 2 16 28 2860 2311 1144 1151
6775 4 2 16 28 2209 2208 604 3242
6776 4 2 16 28 2932 556 555 3193
6777 4 2 16 28 863 1416 752 3113
6778 4 2 16 28 558 557 2938 3193
6779 4 2 16 28 518 2907 519 3244
6780 4 2 16 28 810 952 809 3112
6781 4 2 16 28 754 3113 753 3132
6782 4 2 16 28 600 601 2987 3240
6783 4 2 16 28 2993 604 605 3242
6784 4 2 16 28 1911 1808 926 888
6785 4 2 16 28 2986 524 523 3239
6786 4 2 16 28 2903 3006 570 3122
6787 4 2 16 28 2211 2212 1844 689
6788 4 2 16 28 754 2355 755 3237
6789 4 2 16 28 618 619 2898 3215
6790 4 2 16 28 2138 2322 2057 3213
6791 4 2 16 28 1431 1432 905 1522
6792 4 2 16 28 1313 869 1430 1429
6793 4 2 16 28 1430 758 1313 1429
6794 4 2 16 28 794 1432 1431 1522
6795 4 2 16 28 2272 706 2065 3169
6796 4 2 16 28 3079 3120 785 3219
6797 4 2 16 28 772 820 771 3167
6798 4 2 16 28 1895 1837 1894 3245
6799 4 2 16 28 1901 2413 637 3143
6800 4 2 16 28 964 799 963 3132
6801 4 2 16 28 2284 2021 2283 3217
6802 4 2 16 28 1974 2207 632 2055
6803 4 2 16 28 1515 1000 971 3203
6804 4 2 16 28 641 642 3180 3225
6805 4 2 16 28 2988 2918 639 3151
6806 4 2 16 28 2301 2177 1294 342
6807 4 2 16 28 951 979 952 3111
6808 4 2 16 28 1959 1518 969 3072
6809 4 2 16 28 654 653 2257 3233
6810 4 2 16 28 2190 2193 2318 1230
6811 4 2 16 28 1827 908 866 1888
6812 4 2 16 28 784 3079 785 3219
6813 4 2 16 28 540 2977 541 3236
6814 4 2 16 28 308 309 1286 2359
6815 4 2 16 28 969 2367 970 3203
6816 4 2 16 28 558 3106 557 3193
6817 4 2 16 28 2229 356 2161 2034
6818 4 2 16 28 150 1875 1808 3235
6819 4 2 16 28 1967 286 285 2239
6820 4 2 16 28 731 1367 94 1830
6821 4 2 16 28 208 80 588 3077
6822 4 2 16 28 2962 2940 616 3230
6823 4 2 16 28 1900 582 2017 3131
6824 4 2 16 28 2367 3105 3072 3144
6825 4 2 16 28 2021 730 93 3231
6826 4 2 16 28 614 2966 2934 3230
6827 4 2 16 28 885 1955 1940 929
6828 4 2 16 28 1220 392 1281 2300
6829 4 2 16 28 664 2030 2315 665
6830 4 2 16 28 680 2900 679 3129
6831 4 2 16 28 109 787 3120 3137
6832 4 2 16 28 460 461 1288 2117
6833 4 2 16 28 2382 2166 2019 3137
6834 4 2 16 28 551 552 2245 3162
6835 4 2 16 28 2959 590 591 3119
6836 4 2 16 28 1849 229 238 2833
6837 4 2 16 28 647 2960 648 3182
6838 4 2 16 28 2022 13 2337 3089
6839 4 2 16 28 83 2026 2307 3214
6840 4 2 16 28 8 1170 12 3074
6841 4 2 16 28 755 3073 99 3237
6842 4 2 16 28 578 2904 577 3128
6843 4 2 16 28 2324 2074 437 436
6844 4 2 16 28 222 2807 221 3238
6845 4 2 16 28 217 218 2807 3238
6846 4 2 16 28 1347 832 721 3181
6847 4 2 16 28 976 1488 1005 3080
6848 4 2 16 28 898 1444 784 3079
6849 4 2 16 28 972 1004 1499 3080
6850 4 2 16 28 781 1821 1470 3090
6851 4 2 16 28 769 768 824 3219
6852 4 2 16 28 626 1978 625 2933
6853 4 2 16 28 2200 363 1303 2169
6854 4 2 16 28 1862 1928 97 125
6855 4 2 16 28 781 780 774 3096
6856 4 2 16 28 2155 375 374 2366
6857 4 2 16 28 2961 685 684 3191
6858 4 2 16 28 233 2838 232 3238
6859 4 2 16 28 88 869 1313 1429
6860 4 2 16 28 1313 758 87 1429
6861 4 2 16 28 2039 2188 2250 492
6862 4 2 16 28 638 2911 1901 637
6863 4 2 16 28 708 3168 2065 3169
6864 4 2 16 28 2310 2280 1812 3241
6865 4 2 16 28 1927 2134 97 1928
6866 4 2 16 28 471 472 1241 2012
6867 4 2 16 28 1399 748 859 3187
6868 4 2 16 28 215 3075 216 3221
6869 4 2 16 28 2076 2258 1257 410
6870 4 2 16 28 2081 2256 1284 2199
6871 4 2 16 28 2848 1147 219 3083
6872 4 2 16 28 2145 2014 2272 466
6873 4 2 16 28 2187 2040 2280 311
6874 4 2 16 28 829 2819 723 3158
6875 4 2 16 28 639 1902 640 2391
6876 4 2 16 28 1844 691 2979 690
6877 4 2 16 28 579 580 2945 3131
6878 4 2 16 28 653 654 3008 3233
6879 4 2 16 28 1963 835 1326 939
6880 4 2 16 28 965 968 162 3097
6881 4 2 16 28 1404 1859 1885 854
6882 4 2 16 28 799 964 798 3132
6883 4 2 16 28 419 1245 2411 1299
6884 4 2 16 28 287 1967 286 3139
6885 4 2 16 28 228 738 225 3221
6886 4 2 16 28 2889 8 1168 2167
6887 4 2 16 28 822 730 120 2021
6888 4 2 16 28 1840 996 1850 1919
6889 4 2 16 28 1955 846 123 1803
6890 4 2 16 28 825 767 766 3136
6891 4 2 16 28 13 21 1182 3089
6892 4 2 16 28 2388 2219 406 405
6893 4 2 16 28 2058 2254 481 482
6894 4 2 16 28 559 2901 76 3142
6895 4 2 16 28 277 276 2930 1973
6896 4 2 16 28 2270 2061 2339 477
6897 4 2 16 28 420 2083 2226 421
6898 4 2 16 28 1008 1487 979 3091
6899 4 2 16 28 280 3140 279 3152
6900 4 2 16 28 224 2805 223 3221
6901 4 2 16 28 216 2805 215 3221
6902 4 2 16 28 2332 530 531 1969
6903 4 2 16 28 2327 248 2224 247
6904 4 2 16 28 2981 2930 643 3225
6905 4 2 16 28 2211 689 1844 3165
6906 4 2 16 28 2947 3184 669 3185
6907 4 2 16 28 1870 1911 1968 847
6908 4 2 16 28 977 978 1489 3087
6909 4 2 16 28 2953 2950 582 3156
6910 4 2 16 28 2122 2158 432 431
6911 4 2 16 28 159 965 162 3097
6912 4 2 16 28 540 3171 2230 3236
6913 4 2 16 28 696 3153 697 3154
6914 4 2 16 28 944 149 1478 3110
6915 4 2 16 28 229 2836 228 3221
6916 4 2 16 28 2997 2909 695 3218
6917 4 2 16 28 2849 1141 1142 3125
6918 4 2 16 28 2882 1167 1168 3126
6919 4 2 16 28 674 675 3002 3156
6920 4 2 16 28 2134 2402 97 3204
6921 4 2 16 28 756 113 26 796
6922 4 2 16 28 95 3075 1803 3135
6923 4 2 16 28 1978 294 295 2933
6924 4 2 16 28 621 620 2897 3212
6925 4 2 16 28 2187 2040 311 312
6926 4 2 16 28 650 649 2896 3214
6927 4 2 16 28 2253 2058 2254 481
6928 4 2 16 28 2264 3205 290 3229
6929 4 2 16 28 1221 318 1277 2121
6930 4 2 16 28 74 2139 474 2063
6931 4 2 16 28 1878 534 2194 535
6932 4 2 16 28 1821 892 1471 781
6933 4 2 16 28 771 3137 783 3167
6934 4 2 16 28 13 3086 21 3092
6935 4 2 16 28 565 566 2954 3161
6936 4 2 16 28 567 568 3001 3222
6937 4 2 16 28 386 2387 387 1263
6938 4 2 16 28 2953 584 2951 3186
6939 4 2 16 28 1167 2314 1156 2891
6940 4 2 16 28 363 2200 1303 1204
6941 4 2 16 28 67 1191 1193 2070
6942 4 2 16 28 25 1177 17 3159
6943 4 2 16 28 2139 475 1312 1198
6944 4 2 16 28 2061 2295 2383 476
6945 4 2 16 28 64 3129 2902 3157
6946 4 2 16 28 1250 421 1254 2083
6947 4 2 16 28 1329 1888 1966 865
6948 4 2 16 28 968 1518 1884 3072
6949 4 2 16 28 2970 2942 709 3168
6950 4 2 16 28 109 771 104 3137
6951 4 2 16 28 2979 552 2921 3162
6952 4 2 16 28 324 2137 2331 1260
6953 4 2 16 28 2945 676 3130 3131
6954 4 2 16 28 1003 1004 1922 1499
6955 4 2 16 28 622 3141 623 3245
6956 4 2 16 28 2290 2408 471 470
6957 4 2 16 28 2139 2369 2383 1198
6958 4 2 16 28 490 491 1207 2104
6959 4 2 16 28 670 671 2999 3186
6960 4 2 16 28 21 3086 717 3092
6961 4 2 16 28 2937 2970 708 3168
6962 4 2 16 28 697 3153 2905 3199
6963 4 2 16 28 514 2043 1812 515
6964 4 2 16 28 1870 95 123 1361
6965 4 2 16 28 849 738 1968 1362
6966 4 2 16 28 1474 1931 778 3090
6967 4 2 16 28 1817 1886 3084 3104
6968 4 2 16 28 2085 579 578 3130
6969 4 2 16 28 634 2910 2994 3139
6970 4 2 16 28 95 2294 118 3125
6971 4 2 16 28 1007 1860 1953 1814
6972 4 2 16 28 1803 3075 3085 3135
6973 4 2 16 28 470 471 1268 2408
6974 4 2 16 28 783 772 771 3167
6975 4 2 16 28 1152 2314 1151 2859
6976 4 2 16 28 699 2410 698 3200
6977 4 2 16 28 2952 3000 563 3201
6978 4 2 16 28 477 1244 2061 1260
6979 4 2 16 28 2936 645 2968 3179
6980 4 2 16 28 1965 234 235 3084
6981 4 2 16 28 555 2214 554 3164
6982 4 2 16 28 327 328 2192 2062
6983 4 2 16 28 2361 2360 685 3191
6984 4 2 16 28 974 975 3127 3202
6985 4 2 16 28 967 26 25 2830
6986 4 2 16 28 1433 793 903 3094
6987 4 2 16 28 807 116 745 3243
6988 4 2 16 28 2968 644 2930 3179
6989 4 2 16 28 1145 2844 217 3085
6990 4 2 16 28 822 120 103 2021
6991 4 2 16 28 2389 2153 641 3180
6992 4 2 16 28 2372 2001 2227 3201
6993 4 2 16 28 729 823 2814 3108
6994 4 2 16 28 1855 1967 1901 3220
6995 4 2 16 28 2108 2418 2419 486
6996 4 2 16 28 978 2168 952 979
6997 4 2 16 28 542 2919 2989 3147
6998 4 2 16 28 96 3076 2033 3117
6999 4 2 16 28 2911 283 282 1901
7000 4 2 16 28 321 2225 322 1234
7001 4 2 16 28 2031 672 671 3186
7002 4 2 16 28 851 736 1360 3226
7003 4 2 16 28 3006 3122 655 3223
7004 4 2 16 28 2279 1243 2265 271
7005 4 2 16 28 2034 2229 563 3083
7006 4 2 16 28 2007 1821 3120 3166
7007 4 2 16 28 668 3003 2893 3184
7008 4 2 16 28 499 2141 2140 1231
7009 4 2 16 28 1810 287 288 3206
7010 4 2 16 28 698 2261 697 3199
7011 4 2 16 28 1964 872 1937 1960
7012 4 2 16 28 2212 1844 689 690
7013 4 2 16 28 457 1210 1294 2231
7014 4 2 16 28 215 1968 214 3125
7015 4 2 16 28 2357 1293 2373 261
7016 4 2 16 28 2971 507 2941 3115
7017 4 2 16 28 1918 1838 2006 126
7018 4 2 16 28 1838 1956 1910 1001
7019 4 2 16 28 2277 1800 2017 3131
7020 4 2 16 28 726 3137 94 3173
7021 4 2 16 28 2898 2958 75 3215
7022 4 2 16 28 208 588 575 3088
7023 4 2 16 28 1847 3119 1896 3177
7024 4 2 16 28 1935 855 856 1862
7025 4 2 16 28 2927 2973 293 3228
7026 4 2 16 28 2118 2009 2340 338
7027 4 2 16 28 2952 563 564 3160
7028 4 2 16 28 874 1963 1825 1890
7029 4 2 16 28 2145 2272 3209 3210
7030 4 2 16 28 717 3086 718 3092
7031 4 2 16 28 540 2230 539 3236
7032 4 2 16 28 1945 3129 1892 3214
7033 4 2 16 28 682 84 3011 3195
7034 4 2 16 28 1947 1928 857 1809
7035 4 2 16 28 1939 2329 2334 676
7036 4 2 16 28 2280 517 1943 3241
7037 4 2 16 28 2314 1155 1153 1156
7038 4 2 16 28 1154 1153 2314 1155
7039 4 2 16 28 1487 3087 978 3091
7040 4 2 16 28 212 205 78 573
7041 4 2 16 28 278 3140 277 3225
7042 4 2 16 28 2409 2026 680 2046
7043 4 2 16 28 80 2841 2955 3194
7044 4 2 16 28 2319 3177 81 3212
7045 4 2 16 28 756 868 1916 1408
7046 4 2 16 28 580 2085 2277 3131
7047 4 2 16 28 697 2261 696 3154
7048 4 2 16 28 791 790 762 3095
7049 4 2 16 28 903 1941 1435 904
7050 4 2 16 28 1936 2057 2322 3213
7051 4 2 16 28 208 209 79 575
7052 4 2 16 28 18 17 1172 3196
7053 4 2 16 28 695 3154 694 3218
7054 4 2 16 28 1403 124 96 1886
7055 4 2 16 28 634 633 3139 3232
7056 4 2 16 28 64 2902 272 3157
7057 4 2 16 28 1211 493 1286 2250
7058 4 2 16 28 2373 2116 261 1214
7059 4 2 16 28 2325 2258 409 408
7060 4 2 16 28 267 293 2202 266
7061 4 2 16 28 293 267 2202 294
7062 4 2 16 28 2894 665 2957 3093
7063 4 2 16 28 239 240 2839 737
7064 4 2 16 28 213 214 2811 739
7065 4 2 16 28 1847 1894 3119 3177
7066 4 2 16 28 810 951 952 3111
7067 4 2 16 28 628 1924 629 2182
7068 4 2 16 28 275 274 2936 1877
7069 4 2 16 28 227 228 2839 738
7070 4 2 16 28 225 226 2811 738
7071 4 2 16 28 2387 268 2266 1232
7072 4 2 16 28 916 1503 915 1392
7073 4 2 16 28 883 1873 894 882
7074 4 2 16 28 628 2182 2089 3227
7075 4 2 16 28 66 365 1200 2346
7076 4 2 16 28 661 2952 660 3201
7077 4 2 16 28 1370 845 734 3135
7078 4 2 16 28 1370 735 846 3135
7079 4 2 16 28 826 825 766 3136
7080 4 2 16 28 1209 489 1290 2398
7081 4 2 16 28 717 714 22 2827
7082 4 2 16 28 238 1849 2833 2005
7083 4 2 16 28 2918 281 280 3151
7084 4 2 16 28 513 2923 2975 3124
7085 4 2 16 28 2988 282 281 3151
7086 4 2 16 28 64 2900 2896 3129
7087 4 2 16 28 1940 1846 1955 891
7088 4 2 16 28 2156 2220 2379 1273
7089 4 2 16 28 2896 2902 3129 3214
7090 4 2 16 28 2944 75 1999 3215
7091 4 2 16 28 845 1864 1955 929
7092 4 2 16 28 1943 2110 2040 2280
7093 4 2 16 28 828 2819 829 3158
7094 4 2 16 28 625 1978 2965 2933
7095 4 2 16 28 1943 2280 2040 518
7096 4 2 16 28 2352 2174 2370 1262
7097 4 2 16 28 401 2199 1284 400
7098 4 2 16 28 784 770 110 2021
7099 4 2 16 28 624 625 2222 3245
7100 4 2 16 28 2865 2069 78 1147
7101 4 2 16 28 743 1859 3117 3118
7102 4 2 16 28 576 2900 64 3128
7103 4 2 16 28 2897 3119 2943 3212
7104 4 2 16 28 2212 1227 452 451
7105 4 2 16 28 584 2079 1979 2302
7106 4 2 16 28 520 2251 2040 3244
7107 4 2 16 28 827 103 120 2021
7108 4 2 16 28 610 2978 2922 3149
7109 4 2 16 28 557 3106 2407 3193
7110 4 2 16 28 2168 979 978 3091
7111 4 2 16 28 2346 66 2287 2395
7112 4 2 16 28 2913 2990 517 3178
7113 4 2 16 28 2312 2336 2147 3176
7114 4 2 16 28 764 789 788 3158
7115 4 2 16 28 1149 1148 2865 2234
7116 4 2 16 28 351 352 1258 2384
7117 4 2 16 28 562 1804 561 3083
7118 4 2 16 28 581 582 2950 3131
7119 4 2 16 28 1825 789 2247 3079
7120 4 2 16 28 2958 2942 1999 3168
7121 4 2 16 28 746 2312 3102 3187
7122 4 2 16 28 1344 834 723 3103
7123 4 2 16 28 2908 606 2998 3175
7124 4 2 16 28 1147 2846 219 3083
7125 4 2 16 28 2941 3114 2959 3119
7126 4 2 16 28 2153 640 641 3152
7127 4 2 16 28 287 1810 2357 2239
7128 4 2 16 28 863 864 1331 1966
7129 4 2 16 28 2897 2959 63 3119
7130 4 2 16 28 1911 1870 123 847
7131 4 2 16 28 2192 329 2362 2064
7132 4 2 16 28 108 105 3096 3098
7133 4 2 16 28 2893 3077 667 3184
7134 4 2 16 28 585 1979 2079 2073
7135 4 2 16 28 3071 3091 3074 3099
7136 4 2 16 28 2965 1978 295 2933
7137 4 2 16 28 2279 1243 2128 2265
7138 4 2 16 28 740 847 1870 1365
7139 4 2 16 28 2010 2343 523 3239
7140 4 2 16 28 1162 234 2881 3088
7141 4 2 16 28 1898 2030 665 666
7142 4 2 16 28 2939 623 2963 3141
7143 4 2 16 28 350 351 1240 2321
7144 4 2 16 28 643 644 2388 3180
7145 4 2 16 28 685 686 2361 3191
7146 4 2 16 28 2132 564 2229 3160
7147 4 2 16 28 416 1203 1305 2401
7148 4 2 16 28 743 1859 854 1405
7149 4 2 16 28 770 822 103 2021
7150 4 2 16 28 23 85 758 2829
7151 4 2 16 28 1887 3228 1924 3229
7152 4 2 16 28 111 791 761 3078
7153 4 2 16 28 2308 2076 411 410
7154 4 2 16 28 2074 2356 2368 360
7155 4 2 16 28 2102 2384 1258 2287
7156 4 2 16 28 780 3090 108 3096
7157 4 2 16 28 611 612 1857 2254
7158 4 2 16 28 1923 937 131 877
7159 4 2 16 28 754 2355 2304 755
7160 4 2 16 28 712 82 2063 3215
7161 4 2 16 28 2061 2270 476 477
7162 4 2 16 28 717 22 21 2827
7163 4 2 16 28 1952 1951 836 1866
7164 4 2 16 28 323 324 2137 2332
7165 4 2 16 28 3119 3177 1894 3212
7166 4 2 16 28 2228 3085 2018 3135
7167 4 2 16 28 1968 1849 1807 3221
7168 4 2 16 28 584 585 2951 3185
7169 4 2 16 28 560 77 573 3194
7170 4 2 16 28 3006 656 2946 3222
7171 4 2 16 28 1917 868 1916 1850
7172 4 2 16 28 568 2171 1904 3161
7173 4 2 16 28 1825 1438 790 901
7174 4 2 16 28 581 580 2277 3131
7175 4 2 16 28 790 789 763 3158
7176 4 2 16 28 2131 2161 1253 1251
7177 4 2 16 28 320 2238 1228 319
7178 4 2 16 28 1899 667 668 2338
7179 4 2 16 28 2314 1167 1166 2033
7180 4 2 16 28 790 1825 2247 3094
7181 4 2 16 28 561 1804 562 3109
7182 4 2 16 28 1887 293 2263 2202
7183 4 2 16 28 761 102 111 3078
7184 4 2 16 28 546 1889 545 2905
7185 4 2 16 28 2081 2199 1284 401
7186 4 2 16 28 909 910 2000 993
7187 4 2 16 28 2272 1934 705 3169
7188 4 2 16 28 91 89 721 2022
7189 4 2 16 28 491 492 1287 2188
7190 4 2 16 28 2344 2169 2345 363
7191 4 2 16 28 2217 2368 362 1246
7192 4 2 16 28 2355 3073 755 3237
7193 4 2 16 28 1409 127 99 3101
7194 4 2 16 28 1990 1467 1441 3166
7195 4 2 16 28 2954 660 2952 3160
7196 4 2 16 28 1863 1922 985 1004
7197 4 2 16 28 2901 2895 76 3195
7198 4 2 16 28 2061 2270 2295 476
7199 4 2 16 28 726 727 826 3136
7200 4 2 16 28 2362 2192 2408 1268
7201 4 2 16 28 110 765 788 2021
7202 4 2 16 28 586 587 2947 3184
7203 4 2 16 28 3012 2898 619 3215
7204 4 2 16 28 1412 751 862 3123
7205 4 2 16 28 734 817 735 3096
7206 4 2 16 28 2310 2107 2280 309
7207 4 2 16 28 290 2358 289 3205
7208 4 2 16 28 852 1886 124 1403
7209 4 2 16 28 2224 1877 274 275
7210 4 2 16 28 758 100 87 1429
7211 4 2 16 28 1821 3090 781 3166
7212 4 2 16 28 2072 504 1197 505
7213 4 2 16 28 1438 1937 791 902
7214 4 2 16 28 2206 2164 397 1205
7215 4 2 16 28 307 308 1217 2236
7216 4 2 16 28 3137 3166 783 3167
7217 4 2 16 28 2242 2203 353 354
7218 4 2 16 28 1878 2062 2194 534
7219 4 2 16 28 868 1850 128 141
7220 4 2 16 28 2294 105 118 3098
7221 4 2 16 28 2934 613 614 3100
7222 4 2 16 28 560 561 3004 3093
7223 4 2 16 28 1976 1962 935 1323
7224 4 2 16 28 164 3080 972 3133
7225 4 2 16 28 2190 2193 1230 467
7226 4 2 16 28 218 3085 3083 3238
7227 4 2 16 28 934 935 1321 1986
7228 4 2 16 28 1145 217 2842 3085
7229 4 2 16 28 652 2895 651 3233
7230 4 2 16 28 59 55 2804 777
7231 4 2 16 28 563 2229 1804 3083
7232 4 2 16 28 1859 1405 743 3117
7233 4 2 16 28 832 1347 1865 3181
7234 4 2 16 28 944 12 149 3110
7235 4 2 16 28 655 3122 654 3223
7236 4 2 16 28 654 2903 3008 3122
7237 4 2 16 28 905 169 1431 1522
7238 4 2 16 28 1431 161 794 1522
7239 4 2 16 28 920 921 1330 1953
7240 4 2 16 28 827 765 103 2021
7241 4 2 16 28 1962 937 1822 1923
7242 4 2 16 28 97 1862 125 1402
7243 4 2 16 28 2910 287 286 3139
7244 4 2 16 28 285 2994 286 3139
7245 4 2 16 28 1812 515 2310 3241
7246 4 2 16 28 259 260 1208 2054
7247 4 2 16 28 752 800 2824 3132
7248 4 2 16 28 1227 347 1271 2288
7249 4 2 16 28 963 962 970 3132
7250 4 2 16 28 103 110 770 2021
7251 4 2 16 28 87 28 21 3089
7252 4 2 16 28 2314 1143 1142 3125
7253 4 2 16 28 2865 2069 1147 1146
7254 4 2 16 28 531 2962 1801 3230
7255 4 2 16 28 27 24 2828 794
7256 4 2 16 28 758 28 23 2829
7257 4 2 16 28 732 3146 821 3167
7258 4 2 16 28 534 1999 2942 3168
7259 4 2 16 28 2173 2321 2384 351
7260 4 2 16 28 531 1969 530 3230
7261 4 2 16 28 2297 2245 2093 3190
7262 4 2 16 28 2883 1163 235 3084
7263 4 2 16 28 680 2026 681 3129
7264 4 2 16 28 972 973 959 3145
7265 4 2 16 28 2833 230 2005 3221
7266 4 2 16 28 977 954 953 3234
7267 4 2 16 28 323 1238 1261 2137
7268 4 2 16 28 955 3234 164 3243
7269 4 2 16 28 1947 856 918 144
7270 4 2 16 28 2979 2926 553 3163
7271 4 2 16 28 632 633 1974 3206
7272 4 2 16 28 954 1387 1492 953
7273 4 2 16 28 982 1387 1492 983
7274 4 2 16 28 883 1374 1464 884
7275 4 2 16 28 2217 2324 437 438
7276 4 2 16 28 481 482 1269 2058
7277 4 2 16 28 2967 2929 510 3116
7278 4 2 16 28 544 2912 2991 3148
7279 4 2 16 28 2937 707 2969 3169
7280 4 2 16 28 2328 2046 678 1799
7281 4 2 16 28 824 2816 728 3136
7282 4 2 16 28 1960 874 1825 1890
7283 4 2 16 28 446 447 1258 2102
7284 4 2 16 28 1273 402 403 2220
7285 4 2 16 28 1849 238 229 2836
7286 4 2 16 28 1959 969 1519 3203
7287 4 2 16 28 543 2989 2912 3148
7288 4 2 16 28 2974 554 2926 3163
7289 4 2 16 28 435 2131 434 2330
7290 4 2 16 28 2921 552 551 3162
7291 4 2 16 28 706 2931 2969 3169
7292 4 2 16 28 1244 476 477 2061
7293 4 2 16 28 804 2813 803 3145
7294 4 2 16 28 2194 330 2143 537
7295 4 2 16 28 664 665 3093 3109
7296 4 2 16 28 744 2821 808 3243
7297 4 2 16 28 633 634 2305 3232
7298 4 2 16 28 1794 2343 521 2251
7299 4 2 16 28 733 3146 734 3150
7300 4 2 16 28 731 3146 732 3150
7301 4 2 16 28 576 3128 64 3157
7302 4 2 16 28 2199 2399 2050 1212
7303 4 2 16 28 643 2388 642 3180
7304 4 2 16 28 2005 231 236 1965
7305 4 2 16 28 2271 2270 616 1801
7306 4 2 16 28 618 1801 2944 617
7307 4 2 16 28 2117 2260 2340 1206
7308 4 2 16 28 2079 378 585 2073
7309 4 2 16 28 804 748 2813 3174
7310 4 2 16 28 628 627 2927 3228
7311 4 2 16 28 2826 732 820 3167
7312 4 2 16 28 681 3129 2026 3214
7313 4 2 16 28 979 3071 153 3091
7314 4 2 16 28 708 2970 709 3168
7315 4 2 16 28 1934 2272 704 3210
7316 4 2 16 28 2182 630 1924 629
7317 4 2 16 28 2901 684 683 3192
7318 4 2 16 28 1857 611 610 3149
7319 4 2 16 28 2269 3115 508 3116
7320 4 2 16 28 1920 729 3172 3231
7321 4 2 16 28 2261 3154 697 3199
7322 4 2 16 28 627 626 2973 3228
7323 4 2 16 28 977 978 3087 3234
7324 4 2 16 28 809 953 808 3112
7325 4 2 16 28 1863 1922 1947 985
7326 4 2 16 28 2126 506 2268 3114
7327 4 2 16 28 654 2257 3223 3233
7328 4 2 16 28 67 2152 1191 2070
7329 4 2 16 28 21 717 3089 3092
7330 4 2 16 28 889 1473 778 1931
7331 4 2 16 28 55 59 2812 777
7332 4 2 16 28 947 48 52 2831
7333 4 2 16 28 551 3162 2245 3190
7334 4 2 16 28 618 1983 619 3215
7335 4 2 16 28 298 3114 297 3141
7336 4 2 16 28 2074 2217 437 1298
7337 4 2 16 28 2820 3096 734 3146
7338 4 2 16 28 282 2259 3151 3220
7339 4 2 16 28 2983 512 511 1907
7340 4 2 16 28 2338 668 1899 2198
7341 4 2 16 28 681 3013 2896 3129
7342 4 2 16 28 283 284 1901 2992
7343 4 2 16 28 645 644 2968 3179
7344 4 2 16 28 806 746 2312 3176
7345 4 2 16 28 2111 2250 2359 1286
7346 4 2 16 28 1959 3072 969 3203
7347 4 2 16 28 589 2897 3010 3119
7348 4 2 16 28 723 3158 2819 3217
7349 4 2 16 28 1809 1947 985 917
7350 4 2 16 28 2982 2931 705 3170
7351 4 2 16 28 92 1964 1946 1925
7352 4 2 16 28 288 2996 2915 3206
7353 4 2 16 28 958 973 974 3145
7354 4 2 16 28 2974 2932 555 3165
7355 4 2 16 28 2166 2007 3120 3166
7356 4 2 16 28 668 669 1899 2198
7357 4 2 16 28 548 549 2177 3190
7358 4 2 16 28 1181 242 20 3082
7359 4 2 16 28 16 1176 241 3081
7360 4 2 16 28 953 954 808 3112
7361 4 2 16 28 374 373 1299 2155
7362 4 2 16 28 2962 617 2944 1801
7363 4 2 16 28 541 2919 542 3147
7364 4 2 16 28 2901 76 3142 3195
7365 4 2 16 28 594 593 2044 3207
7366 4 2 16 28 1968 1911 848 847
7367 4 2 16 28 507 2971 508 3115
7368 4 2 16 28 1910 1515 1496 3202
7369 4 2 16 28 765 110 103 2021
7370 4 2 16 28 746 98 1396 3102
7371 4 2 16 28 2116 2373 261 2357
7372 4 2 16 28 727 825 826 3136
7373 4 2 16 28 2345 569 1796 3106
7374 4 2 16 28 956 806 2312 3176
7375 4 2 16 28 1915 980 1949 156
7376 4 2 16 28 312 313 1290 2186
7377 4 2 16 28 2930 3179 643 3225
7378 4 2 16 28 232 221 233 3238
7379 4 2 16 28 321 2225 1234 2210
7380 4 2 16 28 220 233 221 3238
7381 4 2 16 28 2319 2129 3177 3212
7382 4 2 16 28 506 3114 2941 3115
7383 4 2 16 28 1817 1886 1979 3084
7384 4 2 16 28 2194 1878 536 537
7385 4 2 16 28 1947 984 172 165
7386 4 2 16 28 969 970 2367 2147
7387 4 2 16 28 757 114 795 3107
7388 4 2 16 28 2010 1794 2343 3239
7389 4 2 16 28 2192 329 328 2362
7390 4 2 16 28 598 2923 597 3124
7391 4 2 16 28 918 984 1947 165
7392 4 2 16 28 1157 1158 2314 2884
7393 4 2 16 28 1222 454 1282 2020
7394 4 2 16 28 896 1443 786 3120
7395 4 2 16 28 2304 969 968 3072
7396 4 2 16 28 1808 1931 1971 135
7397 4 2 16 28 13 21 3089 3092
7398 4 2 16 28 2971 3115 592 3207
7399 4 2 16 28 2962 616 617 1801
7400 4 2 16 28 420 2083 1250 2226
7401 4 2 16 28 599 2133 600 3240
7402 4 2 16 28 2210 2058 1234 1269
7403 4 2 16 28 1924 1810 3205 3206
7404 4 2 16 28 757 756 3070 3107
7405 4 2 16 28 67 2152 1192 1191
7406 4 2 16 28 1862 1402 97 3118
7407 4 2 16 28 525 2978 526 3149
7408 4 2 16 28 719 1946 1823 1917
7409 4 2 16 28 2861 1145 1150 3211
7410 4 2 16 28 1149 1146 2861 3211
7411 4 2 16 28 2992 1901 2911 637
7412 4 2 16 28 691 3162 2921 3208
7413 4 2 16 28 2202 1793 2266 2011
7414 4 2 16 28 321 2225 2023 322
7415 4 2 16 28 855 744 1406 3118
7416 4 2 16 28 974 975 2312 3127
7417 4 2 16 28 2922 525 524 3149
7418 4 2 16 28 697 3154 3153 3199
7419 4 2 16 28 2296 2248 2019 3146
7420 4 2 16 28 831 722 721 3095
7421 4 2 16 28 2304 754 798 3132
7422 4 2 16 28 2406 558 559 3106
7423 4 2 16 28 1941 1435 792 3094
7424 4 2 16 28 601 602 2913 3178
7425 4 2 16 28 2144 2885 1158 3211
7426 4 2 16 28 433 434 1251 2131
7427 4 2 16 28 477 478 1260 2339
7428 4 2 16 28 403 1224 1273 2220
7429 4 2 16 28 701 3147 2919 3210
7430 4 2 16 28 2153 640 1902 2391
7431 4 2 16 28 2984 289 2915 3205
7432 4 2 16 28 2909 2995 696 3153
7433 4 2 16 28 2885 1164 1159 3211
7434 4 2 16 28 1866 1951 836 938
7435 4 2 16 28 712 2291 1893 2063
7436 4 2 16 28 2367 2246 3105 3144
7437 4 2 16 28 28 1181 20 3070
7438 4 2 16 28 2021 93 3217 3231
7439 4 2 16 28 1386 952 1493 809
7440 4 2 16 28 819 772 1374 1464
7441 4 2 16 28 829 762 1338 1455
7442 4 2 16 28 799 962 1419 1512
7443 4 2 16 28 940 873 1455 1338
7444 4 2 16 28 1375 774 819 1463
7445 4 2 16 28 1375 885 1463 930
7446 4 2 16 28 875 1339 940 1454
7447 4 2 16 28 829 764 1454 1339
7448 4 2 16 28 910 993 1420 1511
7449 4 2 16 28 799 964 1511 1420
7450 4 2 16 28 540 541 2394 3171
7451 4 2 16 28 808 953 1387 954
7452 4 2 16 28 931 884 1374 883
7453 4 2 16 28 2984 2920 290 3205
7454 4 2 16 28 2057 1936 526 3213
7455 4 2 16 28 537 2194 1878 2143
7456 4 2 16 28 3010 81 589 3212
7457 4 2 16 28 824 767 1449 1351
7458 4 2 16 28 1350 878 935 1448
7459 4 2 16 28 1393 957 804 1504
7460 4 2 16 28 824 769 1350 1448
7461 4 2 16 28 804 959 1392 1503
7462 4 2 16 28 988 915 1504 1393
7463 4 2 16 28 2986 3149 524 3239
7464 4 2 16 28 321 527 2138 320
7465 4 2 16 28 527 321 2138 528
7466 4 2 16 28 2203 1193 430 2315
7467 4 2 16 28 1936 2057 526 2375
7468 4 2 16 28 2029 2329 677 676
7469 4 2 16 28 551 2297 550 3190
7470 4 2 16 28 1159 2886 1160 3211
7471 4 2 16 28 1857 612 2928 3213
7472 4 2 16 28 83 3013 681 3214
7473 4 2 16 28 1941 1435 904 792
7474 4 2 16 28 2862 1143 1142 2314
7475 4 2 16 28 1814 983 982 1006
7476 4 2 16 28 2988 281 2918 3151
7477 4 2 16 28 109 3120 1441 3166
7478 4 2 16 28 2211 1856 2361 3191
7479 4 2 16 28 540 541 3171 3236
7480 4 2 16 28 2355 2304 2147 3132
7481 4 2 16 28 682 73 84 2119
7482 4 2 16 28 1909 911 990 991
7483 4 2 16 28 624 623 3141 3245
7484 4 2 16 28 2963 298 297 3141
7485 4 2 16 28 2135 3102 1984 3123
7486 4 2 16 28 628 3227 627 3228
7487 4 2 16 28 444 445 2136 2215
7488 4 2 16 28 1798 1855 1901 3220
7489 4 2 16 28 2055 632 1974 3206
7490 4 2 16 28 1949 1806 156 145
7491 4 2 16 28 1850 1840 1941 169
7492 4 2 16 28 2939 297 296 3141
7493 4 2 16 28 163 961 158 3176
7494 4 2 16 28 2949 2954 566 3161
7495 4 2 16 28 827 725 724 3217
7496 4 2 16 28 14 2337 15 3081
7497 4 2 16 28 2281 2117 1288 1213
7498 4 2 16 28 231 230 1807 2834
7499 4 2 16 28 962 963 799 3132
7500 4 2 16 28 149 107 1475 3068
7501 4 2 16 28 285 286 1967 3139
7502 4 2 16 28 2003 1795 1889 3148
7503 4 2 16 28 545 2009 544 3134
7504 4 2 16 28 1985 608 607 3239
7505 4 2 16 28 2283 3103 722 3181
7506 4 2 16 28 2983 597 3124 3197
7507 4 2 16 28 1238 323 324 2137
7508 4 2 16 28 2280 1812 2110 2310
7509 4 2 16 28 977 1488 3080 3087
7510 4 2 16 28 1977 1942 122 1874
7511 4 2 16 28 2230 3171 1932 3236
7512 4 2 16 28 968 1516 162 3072
7513 4 2 16 28 2864 1154 1141 3189
7514 4 2 16 28 2948 3004 561 3109
7515 4 2 16 28 662 661 2227 3201
7516 4 2 16 28 1796 2345 2171 569
7517 4 2 16 28 743 2823 809 3112
7518 4 2 16 28 542 3148 543 3171
7519 4 2 16 28 617 616 2270 1801
7520 4 2 16 28 2813 749 803 3174
7521 4 2 16 28 650 2896 3013 3214
7522 4 2 16 28 740 1361 95 3075
7523 4 2 16 28 96 1360 736 3076
7524 4 2 16 28 819 733 2826 3167
7525 4 2 16 28 1867 900 1439 899
7526 4 2 16 28 398 399 1289 2412
7527 4 2 16 28 1383 950 1482 949
7528 4 2 16 28 93 1355 121 3231
7529 4 2 16 28 854 855 1328 1885
7530 4 2 16 28 620 3010 2897 3212
7531 4 2 16 28 665 3077 2957 3093
7532 4 2 16 28 1166 1165 2144 3076
7533 4 2 16 28 159 795 114 3097
7534 4 2 16 28 945 1994 1875 1915
7535 4 2 16 28 2237 622 623 3245
7536 4 2 16 28 526 3149 2928 3213
7537 4 2 16 28 951 810 811 3111
7538 4 2 16 28 1893 2291 710 2290
7539 4 2 16 28 1942 122 841 147
7540 4 2 16 28 1901 2911 283 2992
7541 4 2 16 28 1931 1808 1334 135
7542 4 2 16 28 734 818 817 3096
7543 4 2 16 28 2022 13 3089 3092
7544 4 2 16 28 2194 1999 1969 2332
7545 4 2 16 28 2040 1943 518 3244
7546 4 2 16 28 1840 3072 2367 3105
7547 4 2 16 28 800 962 3132 3176
7548 4 2 16 28 513 1907 512 3124
7549 4 2 16 28 232 235 2835 1965
7550 4 2 16 28 630 1924 629 2920
7551 4 2 16 28 1902 2413 638 1901
7552 4 2 16 28 1825 1439 789 3079
7553 4 2 16 28 2255 2335 1225 333
7554 4 2 16 28 514 3124 2975 3240
7555 4 2 16 28 1940 930 884 885
7556 4 2 16 28 1878 535 536 2937
7557 4 2 16 28 2990 518 3178 3242
7558 4 2 16 28 2350 2281 1285 1213
7559 4 2 16 28 1272 2111 495 2371
7560 4 2 16 28 605 3175 2908 3244
7561 4 2 16 28 237 2877 1165 3104
7562 4 2 16 28 2346 66 2170 2287
7563 4 2 16 28 607 2998 3175 3239
7564 4 2 16 28 996 967 1520 3159
7565 4 2 16 28 1214 262 1281 2116
7566 4 2 16 28 101 85 22 760
7567 4 2 16 28 585 2999 2951 3185
7568 4 2 16 28 696 695 3153 3154
7569 4 2 16 28 636 3143 2413 3232
7570 4 2 16 28 586 3088 587 3184
7571 4 2 16 28 910 911 1331 1839
7572 4 2 16 28 966 26 967 2830
7573 4 2 16 28 1804 2229 563 3160
7574 4 2 16 28 105 2294 118 3096
7575 4 2 16 28 2304 964 969 3132
7576 4 2 16 28 768 786 767 3219
7577 4 2 16 28 769 785 768 3219
7578 4 2 16 28 16 1177 24 3144
7579 4 2 16 28 626 2222 625 3227
7580 4 2 16 28 574 68 78 2234
7581 4 2 16 28 3008 571 572 3122
7582 4 2 16 28 741 1407 852 3117
7583 4 2 16 28 1166 2884 2314 2144
7584 4 2 16 28 2244 2365 452 1276
7585 4 2 16 28 651 2895 3011 3195
7586 4 2 16 28 2407 3164 556 3193
7587 4 2 16 28 1370 734 735 3135
7588 4 2 16 28 1878 1999 2062 534
7589 4 2 16 28 965 797 2304 3097
7590 4 2 16 28 1913 220 2809 219
7591 4 2 16 28 9 1170 7 3183
7592 4 2 16 28 367 68 574 2234
7593 4 2 16 28 1154 2314 2866 3189
7594 4 2 16 28 1810 289 2358 3205
7595 4 2 16 28 2188 2107 1211 1287
7596 4 2 16 28 1182 28 20 3089
7597 4 2 16 28 2372 2002 660 659
7598 4 2 16 28 92 1964 90 720
7599 4 2 16 28 150 152 1875 3235
7600 4 2 16 28 396 397 1291 2206
7601 4 2 16 28 1142 3125 1141 3189
7602 4 2 16 28 99 757 1409 3101
7603 4 2 16 28 514 3124 3240 3241
7604 4 2 16 28 2217 2169 1303 362
7605 4 2 16 28 1151 2860 2311 3211
7606 4 2 16 28 525 526 1936 3149
7607 4 2 16 28 96 117 3071 3126
7608 4 2 16 28 2961 558 2938 3142
7609 4 2 16 28 2912 3148 700 3199
7610 4 2 16 28 537 2143 1878 3170
7611 4 2 16 28 581 2950 3002 3131
7612 4 2 16 28 561 3093 3083 3109
7613 4 2 16 28 1226 390 1275 2262
7614 4 2 16 28 2312 747 2818 3174
7615 4 2 16 28 1982 2208 2209 3242
7616 4 2 16 28 1896 2941 592 591
7617 4 2 16 28 2122 2030 664 2001
7618 4 2 16 28 824 767 825 3136
7619 4 2 16 28 1794 1943 2040 3244
7620 4 2 16 28 285 2303 284 3220
7621 4 2 16 28 2124 2141 304 1231
7622 4 2 16 28 138 1951 1923 1867
7623 4 2 16 28 704 2982 3170 3236
7624 4 2 16 28 161 24 112 794
7625 4 2 16 28 778 3 3090 3183
7626 4 2 16 28 124 1993 96 1886
7627 4 2 16 28 550 3190 549 3218
7628 4 2 16 28 986 1809 985 916
7629 4 2 16 28 2009 2317 2282 3171
7630 4 2 16 28 1830 94 122 1367
7631 4 2 16 28 1223 306 1272 2184
7632 4 2 16 28 393 2300 2116 1281
7633 4 2 16 28 1441 1880 787 895
7634 4 2 16 28 659 3160 2954 3161
7635 4 2 16 28 85 87 758 2829
7636 4 2 16 28 572 2170 559 3106
7637 4 2 16 28 682 73 2119 444
7638 4 2 16 28 1248 425 1300 2393
7639 4 2 16 28 2343 1794 521 3239
7640 4 2 16 28 316 317 1283 2386
7641 4 2 16 28 1934 3209 2272 3210
7642 4 2 16 28 2318 469 2190 468
7643 4 2 16 28 2879 235 1163 3084
7644 4 2 16 28 674 673 421 2309
7645 4 2 16 28 1369 843 732 3150
7646 4 2 16 28 733 844 1369 3150
7647 4 2 16 28 784 769 3108 3219
7648 4 2 16 28 525 1936 524 3149
7649 4 2 16 28 530 2966 2940 3230
7650 4 2 16 28 723 724 1344 3103
7651 4 2 16 28 980 1915 1949 1860
7652 4 2 16 28 893 782 1469 3166
7653 4 2 16 28 1469 783 894 3166
7654 4 2 16 28 1358 727 726 3188
7655 4 2 16 28 434 1251 2131 1253
7656 4 2 16 28 586 2151 587 3088
7657 4 2 16 28 746 3102 1400 3187
7658 4 2 16 28 641 2976 2924 3152
7659 4 2 16 28 439 440 1204 2200
7660 4 2 16 28 480 1234 1261 2225
7661 4 2 16 28 63 3114 2943 3119
7662 4 2 16 28 974 3127 3145 3202
7663 4 2 16 28 488 1209 1295 2396
7664 4 2 16 28 2918 2976 640 3152
7665 4 2 16 28 421 420 674 2309
7666 4 2 16 28 2179 2260 1292 339
7667 4 2 16 28 671 2951 2999 3186
7668 4 2 16 28 800 962 799 3132
7669 4 2 16 28 2197 2269 2124 3116
7670 4 2 16 28 818 774 775 3096
7671 4 2 16 28 2239 285 1967 2303
7672 4 2 16 28 1874 1831 1942 841
7673 4 2 16 28 670 669 1899 3185
7674 4 2 16 28 1957 858 916 1325
7675 4 2 16 28 494 495 1217 2111
7676 4 2 16 28 2002 1980 1804 3160
7677 4 2 16 28 1235 248 1265 2091
7678 4 2 16 28 1870 847 740 1361
7679 4 2 16 28 332 1225 1279 2335
7680 4 2 16 28 208 2875 207 3077
7681 4 2 16 28 751 3113 3123 3176
7682 4 2 16 28 610 1857 1975 611
7683 4 2 16 28 137 1990 1467 1441
7684 4 2 16 28 2880 1168 8 3099
7685 4 2 16 28 2847 1 1141 3098
7686 4 2 16 28 1886 2079 1979 3084
7687 4 2 16 28 1992 1941 1823 904
7688 4 2 16 28 2977 3210 541 3236
7689 4 2 16 28 2906 635 2994 3143
7690 4 2 16 28 2992 636 2906 3143
7691 4 2 16 28 24 1176 16 3069
7692 4 2 16 28 740 1365 3075 3125
7693 4 2 16 28 2228 1834 3085 3135
7694 4 2 16 28 1978 1887 294 3228
7695 4 2 16 28 1357 839 728 3172
7696 4 2 16 28 2112 2164 2412 398
7697 4 2 16 28 746 861 1958 1396
7698 4 2 16 28 818 775 817 3096
7699 4 2 16 28 612 3100 613 3213
7700 4 2 16 28 2225 321 2023 2210
7701 4 2 16 28 1999 75 2958 3215
7702 4 2 16 28 1951 1952 836 121
7703 4 2 16 28 1936 2322 2138 3213
7704 4 2 16 28 560 3083 561 3093
7705 4 2 16 28 274 1877 2027 3157
7706 4 2 16 28 735 2248 95 3135
7707 4 2 16 28 2980 291 2920 3229
7708 4 2 16 28 545 3134 544 3148
7709 4 2 16 28 797 755 2304 3073
7710 4 2 16 28 1965 232 235 2838
7711 4 2 16 28 2040 2251 1794 3244
7712 4 2 16 28 3154 3199 2261 3200
7713 4 2 16 28 5 1913 2809 4
7714 4 2 16 28 2147 971 970 3203
7715 4 2 16 28 157 164 960 3133
7716 4 2 16 28 1913 10 1797 3077
7717 4 2 16 28 4 3083 205 3093
7718 4 2 16 28 2234 1162 79 2292
7719 4 2 16 28 2252 2062 2331 325
7720 4 2 16 28 726 826 119 3137
7721 4 2 16 28 752 1414 863 3113
7722 4 2 16 28 579 2945 3005 3130
7723 4 2 16 28 2329 1939 1799 677
7724 4 2 16 28 725 93 3155 3217
7725 4 2 16 28 2259 282 283 3220
7726 4 2 16 28 292 2980 2927 3229
7727 4 2 16 28 1346 3103 724 3155
7728 4 2 16 28 1951 138 1923 131
7729 4 2 16 28 758 87 28 2829
7730 4 2 16 28 2040 2109 1794 2251
7731 4 2 16 28 148 1822 1951 121
7732 4 2 16 28 100 87 28 758
7733 4 2 16 28 2137 2023 2225 1261
7734 4 2 16 28 2143 3170 538 3236
7735 4 2 16 28 597 2078 598 3224
7736 4 2 16 28 2916 3208 550 3218
7737 4 2 16 28 2063 1893 712 3215
7738 4 2 16 28 518 3242 2907 3244
7739 4 2 16 28 2993 3242 605 3244
7740 4 2 16 28 230 231 1807 223
7741 4 2 16 28 222 223 1807 231
7742 4 2 16 28 1474 889 778 1931
7743 4 2 16 28 2043 2310 1812 515
7744 4 2 16 28 1902 2413 2051 2391
7745 4 2 16 28 799 2822 753 3132
7746 4 2 16 28 601 2987 3240 3241
7747 4 2 16 28 2876 1166 238 3076
7748 4 2 16 28 1143 2843 215 3075
7749 4 2 16 28 1949 853 1953 1859
7750 4 2 16 28 555 554 3163 3164
7751 4 2 16 28 1995 924 1981 1875
7752 4 2 16 28 2148 2402 2397 3133
7753 4 2 16 28 289 1810 288 3205
7754 4 2 16 28 2088 2281 336 1285
7755 4 2 16 28 2241 2076 61 1196
7756 4 2 16 28 498 1231 1280 2141
7757 4 2 16 28 1965 235 236 3104
7758 4 2 16 28 812 105 776 3098
7759 4 2 16 28 1397 1928 97 3204
7760 4 2 16 28 514 3240 2917 3241
7761 4 2 16 28 743 3117 2341 3118
7762 4 2 16 28 1922 1809 985 986
7763 4 2 16 28 1498 974 1002 3202
7764 4 2 16 28 2903 570 571 3122
7765 4 2 16 28 999 970 1517 3203
7766 4 2 16 28 2357 2054 2373 1293
7767 4 2 16 28 971 1000 1517 3203
7768 4 2 16 28 551 3162 550 3208
7769 4 2 16 28 1920 3172 1832 3231
7770 4 2 16 28 1473 107 778 3183
7771 4 2 16 28 1411 755 99 3237
7772 4 2 16 28 1145 2311 2861 1146
7773 4 2 16 28 666 667 2957 3077
7774 4 2 16 28 549 342 2297 550
7775 4 2 16 28 2140 2160 2176 500
7776 4 2 16 28 342 343 2297 550
7777 4 2 16 28 662 2001 663 3201
7778 4 2 16 28 232 2835 231 3238
7779 4 2 16 28 391 1220 2262 2300
7780 4 2 16 28 780 775 774 3096
7781 4 2 16 28 2234 1163 1162 2292
7782 4 2 16 28 2994 2910 286 3139
7783 4 2 16 28 633 2207 1974 3232
7784 4 2 16 28 1258 2384 352 2287
7785 4 2 16 28 674 3002 2950 3156
7786 4 2 16 28 562 2948 3109 3201
7787 4 2 16 28 1359 729 1920 3231
7788 4 2 16 28 2924 3152 279 3225
7789 4 2 16 28 544 3134 2009 3148
7790 4 2 16 28 378 2162 1252 1296
7791 4 2 16 28 2964 687 3191 3193
7792 4 2 16 28 2230 2143 2335 332
7793 4 2 16 28 387 1232 1263 2387
7794 4 2 16 28 2865 2069 1146 2234
7795 4 2 16 28 1899 1797 1900 3185
7796 4 2 16 28 551 550 3162 3190
7797 4 2 16 28 2961 684 3142 3191
7798 4 2 16 28 1963 1951 876 1867
7799 4 2 16 28 2194 2332 1969 2138
7800 4 2 16 28 654 3223 3122 3233
7801 4 2 16 28 1959 1884 1518 3072
7802 4 2 16 28 1942 1873 1977 132
7803 4 2 16 28 1946 1318 717 3089
7804 4 2 16 28 2275 620 621 3212
7805 4 2 16 28 1904 2002 1845 3223
7806 4 2 16 28 2314 1157 2884 1166
7807 4 2 16 28 2025 2096 2097 3140
7808 4 2 16 28 3115 3116 1896 3207
7809 4 2 16 28 782 772 783 3167
7810 4 2 16 28 11 2875 208 3077
7811 4 2 16 28 2218 2293 251 250
7812 4 2 16 28 660 2002 2372 3201
7813 4 2 16 28 1939 1900 3156 3186
7814 4 2 16 28 752 3132 3113 3176
7815 4 2 16 28 798 964 2304 3132
7816 4 2 16 28 2262 389 1226 390
7817 4 2 16 28 2960 3157 648 3182
7818 4 2 16 28 785 3120 786 3219
7819 4 2 16 28 1295 2106 315 2195
7820 4 2 16 28 280 281 2097 1798
7821 4 2 16 28 2005 231 1807 2834
7822 4 2 16 28 559 76 3106 3142
7823 4 2 16 28 751 1412 98 3123
7824 4 2 16 28 452 2244 1276 1227
7825 4 2 16 28 2356 2235 359 1249
7826 4 2 16 28 2004 1856 1905 3192
7827 4 2 16 28 1969 531 2332 1999
7828 4 2 16 28 402 639 2391 401
7829 4 2 16 28 639 402 2391 640
7830 4 2 16 28 2247 3079 789 3158
7831 4 2 16 28 614 1991 615 3230
7832 4 2 16 28 1877 2027 2224 274
7833 4 2 16 28 704 3210 2925 3236
7834 4 2 16 28 16 1172 17 3196
7835 4 2 16 28 2135 2336 3102 3123
7836 4 2 16 28 993 910 2000 992
7837 4 2 16 28 2900 3128 679 3129
7838 4 2 16 28 538 537 2931 3170
7839 4 2 16 28 1416 751 3113 3123
7840 4 2 16 28 858 1401 749 3204
7841 4 2 16 28 1401 857 750 3204
7842 4 2 16 28 688 2974 689 3165
7843 4 2 16 28 2961 2901 559 3142
7844 4 2 16 28 2890 1160 1163 2234
7845 4 2 16 28 1855 1929 3187 3204
7846 4 2 16 28 632 2996 633 3206
7847 4 2 16 28 1168 1155 2889 2167
7848 4 2 16 28 531 532 324 2062
7849 4 2 16 28 137 1880 1441 895
7850 4 2 16 28 2206 2112 2305 397
7851 4 2 16 28 2926 554 553 3163
7852 4 2 16 28 2397 3133 2402 3204
7853 4 2 16 28 2059 74 2295 82
7854 4 2 16 28 632 631 2915 3206
7855 4 2 16 28 543 2912 544 3148
7856 4 2 16 28 734 3135 1368 3150
7857 4 2 16 28 707 706 2969 3169
7858 4 2 16 28 325 324 532 2062
7859 4 2 16 28 1808 1324 848 926
7860 4 2 16 28 687 2932 688 3165
7861 4 2 16 28 12 3074 944 3091
7862 4 2 16 28 2355 2304 755 3073
7863 4 2 16 28 509 2967 510 3116
7864 4 2 16 28 786 3120 787 3219
7865 4 2 16 28 2038 1833 2376 2171
7866 4 2 16 28 2909 3153 695 3218
7867 4 2 16 28 2013 1932 2194 2143
7868 4 2 16 28 268 1263 2387 2090
7869 4 2 16 28 611 1857 2928 3149
7870 4 2 16 28 274 3157 3009 3182
7871 4 2 16 28 1840 1792 1854 3105
7872 4 2 16 28 560 205 3083 3093
7873 4 2 16 28 1799 1939 1970 3130
7874 4 2 16 28 2310 515 516 3241
7875 4 2 16 28 2355 2075 2274 3113
7876 4 2 16 28 2910 3139 633 3206
7877 4 2 16 28 2927 627 2973 3228
7878 4 2 16 28 1985 2986 608 3239
7879 4 2 16 28 24 243 112 794
7880 4 2 16 28 679 678 2046 1799
7881 4 2 16 28 801 158 961 3176
7882 4 2 16 28 1854 1792 2007 3105
7883 4 2 16 28 2981 2924 278 3225
7884 4 2 16 28 2349 3078 14 3086
7885 4 2 16 28 537 3169 2969 3170
7886 4 2 16 28 1842 1003 1499 973
7887 4 2 16 28 930 931 1933 884
7888 4 2 16 28 210 2841 207 3194
7889 4 2 16 28 2321 2102 2384 1258
7890 4 2 16 28 764 829 763 3158
7891 4 2 16 28 506 507 3114 3115
7892 4 2 16 28 409 1257 1308 2258
7893 4 2 16 28 829 764 828 3158
7894 4 2 16 28 1171 20 15 2337
7895 4 2 16 28 2139 2291 473 474
7896 4 2 16 28 750 97 116 3133
7897 4 2 16 28 554 2213 553 3163
7898 4 2 16 28 577 2904 3007 3128
7899 4 2 16 28 3122 3223 1845 3233
7900 4 2 16 28 1857 610 1985 3149
7901 4 2 16 28 2208 2398 490 489
7902 4 2 16 28 953 3112 978 3234
7903 4 2 16 28 1214 394 1293 2373
7904 4 2 16 28 231 2835 1965 3238
7905 4 2 16 28 595 2416 596 3224
7906 4 2 16 28 831 830 722 3095
7907 4 2 16 28 966 159 795 1507
7908 4 2 16 28 168 995 1508 906
7909 4 2 16 28 2193 2014 1279 467
7910 4 2 16 28 26 1178 18 3097
7911 4 2 16 28 2143 2230 1932 3236
7912 4 2 16 28 230 2833 229 3221
7913 4 2 16 28 787 3136 767 3219
7914 4 2 16 28 513 1812 1907 3124
7915 4 2 16 28 1937 901 1960 902
7916 4 2 16 28 923 1806 1995 851
7917 4 2 16 28 2133 2111 2371 495
7918 4 2 16 28 3 1 3098 3183
7919 4 2 16 28 1794 2251 521 3244
7920 4 2 16 28 2297 551 2245 3190
7921 4 2 16 28 589 2320 590 3177
7922 4 2 16 28 2997 2916 549 3218
7923 4 2 16 28 1852 602 601 3178
7924 4 2 16 28 1900 1800 1970 3131
7925 4 2 16 28 1980 2038 2171 1833
7926 4 2 16 28 532 531 1801 1999
7927 4 2 16 28 12 9 149 3110
7928 4 2 16 28 2960 3009 273 3157
7929 4 2 16 28 10 2875 11 3077
7930 4 2 16 28 96 3071 117 3111
7931 4 2 16 28 781 3090 2165 3166
7932 4 2 16 28 898 784 1442 3079
7933 4 2 16 28 1004 972 1497 3080
7934 4 2 16 28 545 3148 2991 3199
7935 4 2 16 28 2211 3165 1921 3191
7936 4 2 16 28 1857 2254 612 3100
7937 4 2 16 28 999 1909 991 1839
7938 4 2 16 28 2020 2420 1282 344
7939 4 2 16 28 104 119 826 3137
7940 4 2 16 28 683 684 2215 3192
7941 4 2 16 28 164 976 3080 3234
7942 4 2 16 28 1930 1926 1805 3190
7943 4 2 16 28 976 1005 1486 3080
7944 4 2 16 28 48 240 947 2832
7945 4 2 16 28 2804 55 213 777
7946 4 2 16 28 620 2275 2319 3212
7947 4 2 16 28 2016 2303 1967 3220
7948 4 2 16 28 754 1413 1843 865
7949 4 2 16 28 511 3116 2929 3197
7950 4 2 16 28 2358 2264 1810 3205
7951 4 2 16 28 1238 2339 2137 1260
7952 4 2 16 28 782 781 773 3167
7953 4 2 16 28 2044 2176 2243 501
7954 4 2 16 28 3001 568 2946 3222
7955 4 2 16 28 2374 3120 3079 3219
7956 4 2 16 28 633 2305 2207 3232
7957 4 2 16 28 2016 1967 2303 2239
7958 4 2 16 28 2297 2093 2364 3190
7959 4 2 16 28 91 718 3086 3092
7960 4 2 16 28 1840 2367 2007 3105
7961 4 2 16 28 244 243 27 794
7962 4 2 16 28 244 23 243 758
7963 4 2 16 28 1232 2266 267 268
7964 4 2 16 28 1197 383 1243 2265
7965 4 2 16 28 351 1240 2321 1258
7966 4 2 16 28 890 1474 779 3090
7967 4 2 16 28 945 943 1479 3091
7968 4 2 16 28 876 1963 1867 899
7969 4 2 16 28 109 3137 3120 3166
7970 4 2 16 28 832 1343 721 3181
7971 4 2 16 28 1901 1967 1974 3139
7972 4 2 16 28 2235 2161 358 1253
7973 4 2 16 28 2283 723 722 3103
7974 4 2 16 28 253 254 1218 2256
7975 4 2 16 28 227 47 151 2832
7976 4 2 16 28 1969 1936 2138 3213
7977 4 2 16 28 2904 578 3005 3130
7978 4 2 16 28 976 977 3080 3234
7979 4 2 16 28 3000 662 2948 3201
7980 4 2 16 28 1806 156 145 923
7981 4 2 16 28 833 1890 834 1332
7982 4 2 16 28 1488 1814 1005 3080
7983 4 2 16 28 1249 2330 436 2074
7984 4 2 16 28 2909 548 547 3153
7985 4 2 16 28 2893 588 80 3077
7986 4 2 16 28 2995 547 546 3153
7987 4 2 16 28 595 2044 2416 3224
7988 4 2 16 28 109 766 787 3137
7989 4 2 16 28 278 279 3140 3225
7990 4 2 16 28 1243 1259 2128 384
7991 4 2 16 28 1804 2229 1834 3083
7992 4 2 16 28 1803 3085 1834 3135
7993 4 2 16 28 895 1942 1986 881
7994 4 2 16 28 381 380 1300 2150
7995 4 2 16 28 2122 663 662 2001
7996 4 2 16 28 2928 2972 527 3213
7997 4 2 16 28 951 3071 979 3111
7998 4 2 16 28 1246 438 1303 2217
7999 4 2 16 28 802 157 960 3133
8000 4 2 16 28 504 2072 1197 2159
8001 4 2 16 28 2199 2113 2399 1212
8002 4 2 16 28 615 480 2253 614
8003 4 2 16 28 643 3179 644 3180
8004 4 2 16 28 480 615 2253 479
8005 4 2 16 28 818 3096 2820 3167
8006 4 2 16 28 1867 1439 788 899
8007 4 2 16 28 1231 2140 499 1264
8008 4 2 16 28 819 2826 820 3167
8009 4 2 16 28 1884 1516 968 3072
8010 4 2 16 28 931 884 930 1374
8011 4 2 16 28 808 953 809 1387
8012 4 2 16 28 598 2975 2923 3124
8013 4 2 16 28 1793 2269 2197 3116
8014 4 2 16 28 1864 929 845 1327
8015 4 2 16 28 2355 754 3113 3237
8016 4 2 16 28 639 640 1902 3152
8017 4 2 16 28 1922 1499 1004 3080
8018 4 2 16 28 853 1949 1953 921
8019 4 2 16 28 2007 2165 1821 3166
8020 4 2 16 28 2280 2107 310 309
8021 4 2 16 28 889 1334 135 1931
8022 4 2 16 28 808 954 955 3243
8023 4 2 16 28 980 156 922 1949
8024 4 2 16 28 1810 2239 287 1967
8025 4 2 16 28 692 2921 2985 3208
8026 4 2 16 28 1887 1924 1810 3229
8027 4 2 16 28 2972 2934 528 3213
8028 4 2 16 28 725 1342 836 3155
8029 4 2 16 28 218 1146 3083 3085
8030 4 2 16 28 2813 748 749 3174
8031 4 2 16 28 101 243 23 758
8032 4 2 16 28 542 543 2282 3171
8033 4 2 16 28 507 2268 3114 3115
8034 4 2 16 28 2985 2916 693 3208
8035 4 2 16 28 2821 743 809 3112
8036 4 2 16 28 1968 1362 214 739
8037 4 2 16 28 562 1804 563 3201
8038 4 2 16 28 1162 79 2292 3088
8039 4 2 16 28 1144 1145 2311 2860
8040 4 2 16 28 897 1826 896 1445
8041 4 2 16 28 675 1939 676 3131
8042 4 2 16 28 1830 2093 2364 2296
8043 4 2 16 28 2159 299 62 1255
8044 4 2 16 28 2820 3146 733 3167
8045 4 2 16 28 2407 2214 556 3164
8046 4 2 16 28 1149 2861 1150 3211
8047 4 2 16 28 2003 3147 1795 3148
8048 4 2 16 28 2314 2033 2167 3071
8049 4 2 16 28 525 2922 2978 3149
8050 4 2 16 28 757 3070 756 3101
8051 4 2 16 28 2247 789 790 3158
8052 4 2 16 28 1986 840 1976 1321
8053 4 2 16 28 2925 703 2977 3210
8054 4 2 16 28 900 1867 1963 899
8055 4 2 16 28 872 1964 1937 139
8056 4 2 16 28 602 2990 2913 3178
8057 4 2 16 28 1943 1812 2280 3241
8058 4 2 16 28 652 2899 2895 3233
8059 4 2 16 28 228 2836 1849 3221
8060 4 2 16 28 2977 702 2919 3210
8061 4 2 16 28 727 1358 840 3188
8062 4 2 16 28 954 976 955 3234
8063 4 2 16 28 646 2325 409 408
8064 4 2 16 28 598 599 1996 2133
8065 4 2 16 28 965 2304 968 3097
8066 4 2 16 28 2001 662 2122 2227
8067 4 2 16 28 1809 1957 1929 858
8068 4 2 16 28 349 2173 557 350
8069 4 2 16 28 2347 2121 2386 1221
8070 4 2 16 28 1826 1792 1821 3120
8071 4 2 16 28 1985 609 2986 3149
8072 4 2 16 28 1935 172 1947 984
8073 4 2 16 28 2208 2185 2398 489
8074 4 2 16 28 64 3128 2900 3129
8075 4 2 16 28 1398 859 748 3187
8076 4 2 16 28 662 2227 2001 3201
8077 4 2 16 28 255 1212 1284 2199
8078 4 2 16 28 680 2896 2900 3129
8079 4 2 16 28 2325 409 647 646
8080 4 2 16 28 2314 2167 1168 3071
8081 4 2 16 28 95 3075 2294 3125
8082 4 2 16 28 1843 3113 754 3237
8083 4 2 16 28 2896 680 681 3129
8084 4 2 16 28 2132 2161 357 358
8085 4 2 16 28 1438 1937 1825 3094
8086 4 2 16 28 1930 3162 1926 3190
8087 4 2 16 28 2908 2998 521 3175
8088 4 2 16 28 810 742 811 3111
8089 4 2 16 28 711 2958 2898 3215
8090 4 2 16 28 589 590 2897 3119
8091 4 2 16 28 333 2394 334 2255
8092 4 2 16 28 80 2955 2892 3194
8093 4 2 16 28 2984 290 289 3205
8094 4 2 16 28 941 940 1890 1332
8095 4 2 16 28 1794 2109 2010 2343
8096 4 2 16 28 1978 1924 1887 3228
8097 4 2 16 28 804 3145 2818 3174
8098 4 2 16 28 1924 3205 1810 3229
8099 4 2 16 28 1814 1815 1842 3087
8100 4 2 16 28 565 2954 564 3160
8101 4 2 16 28 391 392 2300 2182
8102 4 2 16 28 1967 2303 285 3220
8103 4 2 16 28 2897 590 2959 3119
8104 4 2 16 28 2250 2039 492 493
8105 4 2 16 28 691 2240 1844 3208
8106 4 2 16 28 761 762 830 3095
8107 4 2 16 28 2091 2390 1265 407
8108 4 2 16 28 1883 860 1400 747
8109 4 2 16 28 867 1919 1916 907
8110 4 2 16 28 1900 583 582 3156
8111 4 2 16 28 2963 297 2939 3141
8112 4 2 16 28 679 1799 2046 3129
8113 4 2 16 28 1905 3122 1845 3233
8114 4 2 16 28 1403 1886 96 3117
8115 4 2 16 28 12 48 947 2831
8116 4 2 16 28 3 55 2812 777
8117 4 2 16 28 2090 2279 270 1239
8118 4 2 16 28 2943 3114 298 3141
8119 4 2 16 28 611 1975 610 2254
8120 4 2 16 28 108 3096 3090 3098
8121 4 2 16 28 1934 704 705 3170
8122 4 2 16 28 2103 1800 2025 2342
8123 4 2 16 28 1978 624 2965 3141
8124 4 2 16 28 576 3007 2900 3128
8125 4 2 16 28 752 800 3132 3176
8126 4 2 16 28 2374 1826 1854 3079
8127 4 2 16 28 761 830 831 3095
8128 4 2 16 28 1930 2245 552 3162
8129 4 2 16 28 2864 1141 1 3189
8130 4 2 16 28 628 2089 627 3227
8131 4 2 16 28 940 939 1963 1326
8132 4 2 16 28 572 571 2170 3106
8133 4 2 16 28 25 44 967 2830
8134 4 2 16 28 1873 1961 932 882
8135 4 2 16 28 1843 754 865 1415
8136 4 2 16 28 233 1965 2838 3238
8137 4 2 16 28 1993 1360 96 3076
8138 4 2 16 28 219 1913 218 3083
8139 4 2 16 28 1832 1805 1926 3138
8140 4 2 16 28 2967 595 2929 3197
8141 4 2 16 28 2007 2367 2246 3105
8142 4 2 16 28 2228 2018 2248 3135
8143 4 2 16 28 1881 182 1903 2175
8144 4 2 16 28 2094 1899 2198 2338
8145 4 2 16 28 89 3086 3078 3095
8146 4 2 16 28 4 2850 5 3194
8147 4 2 16 28 17 3097 3072 3196
8148 4 2 16 28 1920 729 1356 3172
8149 4 2 16 28 897 1445 785 1826
8150 4 2 16 28 313 519 2040 312
8151 4 2 16 28 2991 698 2905 3199
8152 4 2 16 28 2991 2912 699 3199
8153 4 2 16 28 519 313 2040 520
8154 4 2 16 28 2007 1821 1792 3120
8155 4 2 16 28 724 3103 723 3217
8156 4 2 16 28 675 3131 3002 3156
8157 4 2 16 28 1970 3130 1939 3131
8158 4 2 16 28 2312 957 974 3145
8159 4 2 16 28 1932 2013 2194 1802
8160 4 2 16 28 847 1365 848 1968
8161 4 2 16 28 315 1216 2195 2196
8162 4 2 16 28 2935 2971 593 3207
8163 4 2 16 28 2929 596 2983 3197
8164 4 2 16 28 97 1927 1862 3118
8165 4 2 16 28 2010 524 1936 3239
8166 4 2 16 28 2245 2213 1930 552
8167 4 2 16 28 1873 1961 1977 932
8168 4 2 16 28 150 946 1875 1484
8169 4 2 16 28 1936 2010 2375 524
8170 4 2 16 28 17 1177 16 3144
8171 4 2 16 28 749 750 3133 3174
8172 4 2 16 28 1376 1465 775 818
8173 4 2 16 28 1421 909 994 1513
8174 4 2 16 28 1494 1388 808 955
8175 4 2 16 28 1456 765 1340 828
8176 4 2 16 28 1513 1421 798 965
8177 4 2 16 28 886 1465 1376 929
8178 4 2 16 28 1377 1466 882 931
8179 4 2 16 28 1457 1341 761 830
8180 4 2 16 28 1514 800 1422 961
8181 4 2 16 28 1495 1389 921 980
8182 4 2 16 28 1495 810 1389 951
8183 4 2 16 28 771 1466 1377 820
8184 4 2 16 28 911 990 1514 1422
8185 4 2 16 28 547 3138 546 3153
8186 4 2 16 28 554 348 347 2214
8187 4 2 16 28 348 554 555 2214
8188 4 2 16 28 1205 398 1289 2164
8189 4 2 16 28 1800 2025 2342 1813
8190 4 2 16 28 1951 1866 1963 938
8191 4 2 16 28 2806 216 217 1807
8192 4 2 16 28 1855 3187 2016 3204
8193 4 2 16 28 2192 2333 1268 327
8194 4 2 16 28 2834 1807 2005 230
8195 4 2 16 28 2877 237 236 3104
8196 4 2 16 28 491 602 2209 603
8197 4 2 16 28 602 491 2209 492
8198 4 2 16 28 1201 2102 1258 2287
8199 4 2 16 28 770 1451 1353 823
8200 4 2 16 28 960 1506 1395 803
8201 4 2 16 28 1450 934 1352 881
8202 4 2 16 28 1352 766 825 1450
8203 4 2 16 28 1353 1451 877 936
8204 4 2 16 28 1505 1394 805 956
8205 4 2 16 28 1395 1506 985 916
8206 4 2 16 28 1796 1833 2171 2376
8207 4 2 16 28 1840 2007 1792 3105
8208 4 2 16 28 2935 594 2967 3207
8209 4 2 16 28 654 2257 655 3223
8210 4 2 16 28 1823 715 871 1964
8211 4 2 16 28 636 2112 635 3232
8212 4 2 16 28 263 290 264 2358
8213 4 2 16 28 858 859 1957 1929
8214 4 2 16 28 99 3073 757 3101
8215 4 2 16 28 280 254 2097 281
8216 4 2 16 28 254 253 280 2097
8217 4 2 16 28 619 1983 82 3215
8218 4 2 16 28 2961 2938 685 3191
8219 4 2 16 28 2828 160 27 794
8220 4 2 16 28 664 2315 2122 430
8221 4 2 16 28 1304 2086 2200 440
8222 4 2 16 28 1148 1160 2234 1149
8223 4 2 16 28 1161 1160 2234 1148
8224 4 2 16 28 1443 787 786 3120
8225 4 2 16 28 1152 2314 1158 1151
8226 4 2 16 28 1158 1157 2314 1152
8227 4 2 16 28 459 1206 1292 2260
8228 4 2 16 28 1193 2203 430 1301
8229 4 2 16 28 1816 2135 1810 2239
8230 4 2 16 28 906 1919 907 1916
8231 4 2 16 28 805 2312 2818 3145
8232 4 2 16 28 239 737 1363 3226
8233 4 2 16 28 1816 1984 2135 3102
8234 4 2 16 28 280 281 1798 3151
8235 4 2 16 28 2396 2186 2398 1209
8236 4 2 16 28 2348 2045 2401 1305
8237 4 2 16 28 1893 710 2958 3168
8238 4 2 16 28 3006 3222 3122 3223
8239 4 2 16 28 1256 473 1198 2369
8240 4 2 16 28 668 667 1899 3184
8241 4 2 16 28 2027 2224 2103 3121
8242 4 2 16 28 761 791 762 3095
8243 4 2 16 28 571 570 2345 3106
8244 4 2 16 28 349 350 1262 2370
8245 4 2 16 28 2283 722 3095 3181
8246 4 2 16 28 1932 2142 1848 3171
8247 4 2 16 28 962 971 2147 3176
8248 4 2 16 28 99 3101 127 3237
8249 4 2 16 28 101 792 22 3081
8250 4 2 16 28 1444 897 785 1826
8251 4 2 16 28 2352 2174 1262 448
8252 4 2 16 28 2397 2312 2148 3145
8253 4 2 16 28 701 702 3209 3210
8254 4 2 16 28 891 1955 136 1846
8255 4 2 16 28 1406 744 745 3118
8256 4 2 16 28 2938 2964 686 3191
8257 4 2 16 28 1947 125 857 1928
8258 4 2 16 28 78 2069 2865 2234
8259 4 2 16 28 1795 2009 3148 3171
8260 4 2 16 28 2866 1153 1142 2314
8261 4 2 16 28 670 2999 3185 3186
8262 4 2 16 28 1470 1821 1846 3090
8263 4 2 16 28 272 2902 2960 3157
8264 4 2 16 28 2957 77 2894 3194
8265 4 2 16 28 898 1826 897 1444
8266 4 2 16 28 580 3002 2945 3131
8267 4 2 16 28 756 1916 1410 3101
8268 4 2 16 28 1843 866 1415 865
8269 4 2 16 28 2960 647 3009 3182
8270 4 2 16 28 2384 2173 351 2406
8271 4 2 16 28 1967 1810 1974 3139
8272 4 2 16 28 2881 11 208 3088
8273 4 2 16 28 2966 614 615 3230
8274 4 2 16 28 218 3083 1913 3238
8275 4 2 16 28 1826 2374 2007 3120
8276 4 2 16 28 424 1248 1296 2385
8277 4 2 16 28 459 458 696 2261
8278 4 2 16 28 696 459 2261 697
8279 4 2 16 28 1980 1833 2171 1796
8280 4 2 16 28 149 1476 150 3068
8281 4 2 16 28 164 3133 157 3243
8282 4 2 16 28 741 811 742 3111
8283 4 2 16 28 2016 3187 3174 3204
8284 4 2 16 28 466 467 1279 2014
8285 4 2 16 28 208 11 3077 3184
8286 4 2 16 28 597 598 3124 3224
8287 4 2 16 28 265 291 2264 264
8288 4 2 16 28 291 265 2264 292
8289 4 2 16 28 182 1049 1903 2175
8290 4 2 16 28 1434 1941 904 792
8291 4 2 16 28 3001 657 658 3222
8292 4 2 16 28 1994 3074 944 3110
8293 4 2 16 28 1792 3074 2354 3087
8294 4 2 16 28 2940 615 616 3230
8295 4 2 16 28 1906 1843 2274 3113
8296 4 2 16 28 1909 171 2006 1838
8297 4 2 16 28 2145 702 703 3210
8298 4 2 16 28 2936 3009 646 3182
8299 4 2 16 28 499 2141 1231 498
8300 4 2 16 28 352 66 1201 2287
8301 4 2 16 28 1921 3106 1905 3142
8302 4 2 16 28 719 1946 1318 717
8303 4 2 16 28 1978 625 624 3245
8304 4 2 16 28 1947 918 1935 984
8305 4 2 16 28 1795 2009 3134 3148
8306 4 2 16 28 2203 353 354 1301
8307 4 2 16 28 2828 24 161 794
8308 4 2 16 28 242 1181 244 3082
8309 4 2 16 28 241 1176 243 3081
8310 4 2 16 28 2213 3163 554 3164
8311 4 2 16 28 847 1870 123 1361
8312 4 2 16 28 2311 1146 1145 3085
8313 4 2 16 28 895 1942 137 1880
8314 4 2 16 28 2033 1166 3076 3126
8315 4 2 16 28 736 3071 117 3126
8316 4 2 16 28 271 62 2265 2126
8317 4 2 16 28 2987 2913 516 3241
8318 4 2 16 28 763 789 764 3158
8319 4 2 16 28 718 1946 717 3092
8320 4 2 16 28 657 3222 656 3223
8321 4 2 16 28 944 3074 12 3110
8322 4 2 16 28 1970 1800 2277 3131
8323 4 2 16 28 2932 2964 556 3193
8324 4 2 16 28 1821 781 1471 3166
8325 4 2 16 28 803 959 804 3145
8326 4 2 16 28 250 2392 2219 1229
8327 4 2 16 28 2917 2987 515 3241
8328 4 2 16 28 901 1937 1825 1438
8329 4 2 16 28 517 518 1943 3178
8330 4 2 16 28 959 958 804 3145
8331 4 2 16 28 558 2961 559 3142
8332 4 2 16 28 1342 1952 121 836
8333 4 2 16 28 1838 1918 1958 126
8334 4 2 16 28 1413 754 1843 3113
8335 4 2 16 28 2824 799 753 3132
8336 4 2 16 28 1832 2317 1938 3231
8337 4 2 16 28 802 116 157 3133
8338 4 2 16 28 1888 1884 994 997
8339 4 2 16 28 279 280 2097 3140
8340 4 2 16 28 1144 1143 2018 3075
8341 4 2 16 28 2918 639 3151 3152
8342 4 2 16 28 2142 1932 2230 3171
8343 4 2 16 28 2917 2975 599 3240
8344 4 2 16 28 557 2964 2938 3193
8345 4 2 16 28 299 300 1242 2381
8346 4 2 16 28 2017 1979 2079 2302
8347 4 2 16 28 3008 2903 571 3122
8348 4 2 16 28 858 1399 859 1929
8349 4 2 16 28 2917 600 2987 3240
8350 4 2 16 28 500 501 1236 2176
8351 4 2 16 28 889 1808 1334 1931
8352 4 2 16 28 568 2171 362 569
8353 4 2 16 28 522 2998 2914 3239
8354 4 2 16 28 2314 1167 1156 2887
8355 4 2 16 28 604 2993 2907 3242
8356 4 2 16 28 2907 2990 603 3242
8357 4 2 16 28 2907 2993 519 3244
8358 4 2 16 28 712 2898 3012 3215
8359 4 2 16 28 1872 2002 2146 3223
8360 4 2 16 28 520 2993 2908 3244
8361 4 2 16 28 1500 1882 974 3202
8362 4 2 16 28 285 3143 3139 3220
8363 4 2 16 28 567 3001 2949 3161
8364 4 2 16 28 64 3128 3129 3157
8365 4 2 16 28 98 115 751 3176
8366 4 2 16 28 2914 2986 523 3239
8367 4 2 16 28 1900 2017 1800 3131
8368 4 2 16 28 1848 2013 1802 3103
8369 4 2 16 28 749 750 3174 3204
8370 4 2 16 28 2913 3178 517 3241
8371 4 2 16 28 540 2394 2230 3171
8372 4 2 16 28 7 1155 2167 2889
8373 4 2 16 28 1848 2284 2013 3103
8374 4 2 16 28 571 570 3106 3122
8375 4 2 16 28 1198 476 1244 2383
8376 4 2 16 28 605 2208 1982 3242
8377 4 2 16 28 2936 645 3179 3182
8378 4 2 16 28 24 1177 25 3159
8379 4 2 16 28 2173 349 2370 350
8380 4 2 16 28 2999 586 2947 3185
8381 4 2 16 28 2033 3076 2144 3084
8382 4 2 16 28 1899 2030 1898 2338
8383 4 2 16 28 1979 2342 2079 1886
8384 4 2 16 28 2918 3151 280 3152
8385 4 2 16 28 1161 2890 1162 2234
8386 4 2 16 28 164 1486 1497 3080
8387 4 2 16 28 110 1437 1442 3079
8388 4 2 16 28 2952 563 3160 3201
8389 4 2 16 28 1968 3075 1365 3125
8390 4 2 16 28 1886 2342 2033 3117
8391 4 2 16 28 167 995 907 1507
8392 4 2 16 28 362 361 2171 568
8393 4 2 16 28 780 2165 781 3090
8394 4 2 16 28 796 1508 160 966
8395 4 2 16 28 2807 222 217 3238
8396 4 2 16 28 2002 659 2146 658
8397 4 2 16 28 1144 1143 2314 2018
8398 4 2 16 28 450 451 1271 2351
8399 4 2 16 28 2097 1798 1927 3140
8400 4 2 16 28 2135 1984 2075 3123
8401 4 2 16 28 2043 307 308 515
8402 4 2 16 28 307 2043 514 515
8403 4 2 16 28 112 3069 24 3198
8404 4 2 16 28 940 873 1338 941
8405 4 2 16 28 820 819 772 1374
8406 4 2 16 28 830 829 762 1338
8407 4 2 16 28 800 799 962 1419
8408 4 2 16 28 1386 952 809 810
8409 4 2 16 28 1375 885 930 929
8410 4 2 16 28 829 764 1339 828
8411 4 2 16 28 799 964 1420 798
8412 4 2 16 28 875 1339 939 940
8413 4 2 16 28 818 819 1375 774
8414 4 2 16 28 909 910 993 1420
8415 4 2 16 28 1935 1814 1863 1005
8416 4 2 16 28 2951 672 2953 3186
8417 4 2 16 28 2110 1943 2040 1828
8418 4 2 16 28 2014 2335 1279 1225
8419 4 2 16 28 1844 689 690 3163
8420 4 2 16 28 1350 878 936 935
8421 4 2 16 28 824 767 1351 825
8422 4 2 16 28 805 804 1393 957
8423 4 2 16 28 988 915 1393 914
8424 4 2 16 28 823 824 769 1350
8425 4 2 16 28 803 804 959 1392
8426 4 2 16 28 463 464 1219 2400
8427 4 2 16 28 816 1383 947 815
8428 4 2 16 28 1382 777 813 812
8429 4 2 16 28 1382 926 888 927
8430 4 2 16 28 208 3077 588 3184
8431 4 2 16 28 1888 1966 865 1843
8432 4 2 16 28 727 2816 825 3136
8433 4 2 16 28 555 3163 554 3165
8434 4 2 16 28 1804 1980 2229 3160
8435 4 2 16 28 2025 2134 2402 3118
8436 4 2 16 28 1800 2103 2025 1948
8437 4 2 16 28 705 706 3169 3170
8438 4 2 16 28 568 1904 569 3222
8439 4 2 16 28 628 1924 2182 3227
8440 4 2 16 28 601 3178 2913 3241
8441 4 2 16 28 2950 2953 673 3156
8442 4 2 16 28 641 640 2976 3152
8443 4 2 16 28 2042 2238 1277 483
8444 4 2 16 28 730 1355 93 3231
8445 4 2 16 28 2952 3160 660 3201
8446 4 2 16 28 2317 2284 1938 3231
8447 4 2 16 28 524 3149 1936 3239
8448 4 2 16 28 17 3097 25 3159
8449 4 2 16 28 947 944 12 2831
8450 4 2 16 28 777 2812 3 778
8451 4 2 16 28 600 2133 2039 3240
8452 4 2 16 28 116 3133 97 3243
8453 4 2 16 28 108 776 105 3098
8454 4 2 16 28 1980 1804 2229 1834
8455 4 2 16 28 110 138 1442 1437
8456 4 2 16 28 1486 172 164 1497
8457 4 2 16 28 163 171 1515 1496
8458 4 2 16 28 1441 137 109 1467
8459 4 2 16 28 1969 1857 1936 3213
8460 4 2 16 28 285 2994 3139 3143
8461 4 2 16 28 634 3139 2994 3143
8462 4 2 16 28 98 751 3123 3176
8463 4 2 16 28 2046 2328 2329 1799
8464 4 2 16 28 2340 2117 1206 1288
8465 4 2 16 28 243 112 101 3081
8466 4 2 16 28 2115 3172 729 3231
8467 4 2 16 28 2025 1927 2134 3118
8468 4 2 16 28 1970 2027 2103 3121
8469 4 2 16 28 1969 2138 1802 2194
8470 4 2 16 28 1830 1874 94 3173
8471 4 2 16 28 2927 628 3228 3229
8472 4 2 16 28 370 369 1305 2045
8473 4 2 16 28 1854 2007 2246 3105
8474 4 2 16 28 1227 2244 346 2288
8475 4 2 16 28 1801 618 2944 3215
8476 4 2 16 28 137 1880 1942 1873
8477 4 2 16 28 2147 970 962 3132
8478 4 2 16 28 2009 337 336 2281
8479 4 2 16 28 977 1814 1488 3087
8480 4 2 16 28 2021 110 784 3079
8481 4 2 16 28 2932 3165 687 3193
8482 4 2 16 28 293 2927 3228 3229
8483 4 2 16 28 643 3180 642 3225
8484 4 2 16 28 712 711 2898 3215
8485 4 2 16 28 550 3208 3190 3218
8486 4 2 16 28 1978 2965 295 3141
8487 4 2 16 28 1220 391 2262 1275
8488 4 2 16 28 1952 121 93 1342
8489 4 2 16 28 1800 2025 1813 1948
8490 4 2 16 28 564 2954 2952 3160
8491 4 2 16 28 1821 1871 2354 1792
8492 4 2 16 28 2242 366 78 573
8493 4 2 16 28 969 1959 998 1518
8494 4 2 16 28 711 2291 710 1893
8495 4 2 16 28 2947 587 3003 3184
8496 4 2 16 28 1936 3149 526 3213
8497 4 2 16 28 540 2925 2977 3236
8498 4 2 16 28 783 3166 782 3167
8499 4 2 16 28 2906 636 635 3143
8500 4 2 16 28 814 815 2832 151
8501 4 2 16 28 813 814 2804 106
8502 4 2 16 28 2901 3142 684 3192
8503 4 2 16 28 2959 3114 63 3119
8504 4 2 16 28 2215 684 2360 3192
8505 4 2 16 28 1810 1967 1816 2239
8506 4 2 16 28 1893 2958 710 3215
8507 4 2 16 28 838 729 1920 1359
8508 4 2 16 28 288 2915 3205 3206
8509 4 2 16 28 1958 1400 746 3102
8510 4 2 16 28 2135 2016 1816 3102
8511 4 2 16 28 1816 2135 2239 2016
8512 4 2 16 28 2885 1165 1164 2144
8513 4 2 16 28 1996 1907 1944 3124
8514 4 2 16 28 2932 555 3165 3193
8515 4 2 16 28 1980 2038 1834 2229
8516 4 2 16 28 158 801 115 3176
8517 4 2 16 28 833 1824 1347 722
8518 4 2 16 28 579 3005 578 3130
8519 4 2 16 28 731 94 2019 1830
8520 4 2 16 28 665 1898 666 3077
8521 4 2 16 28 1859 742 1405 3117
8522 4 2 16 28 750 116 802 3133
8523 4 2 16 28 741 742 1407 3117
8524 4 2 16 28 277 2218 276 3121
8525 4 2 16 28 118 2294 3098 3125
8526 4 2 16 28 539 2982 2925 3236
8527 4 2 16 28 1922 985 1004 986
8528 4 2 16 28 2170 2406 559 3106
8529 4 2 16 28 534 535 1878 3168
8530 4 2 16 28 1840 1792 2367 1841
8531 4 2 16 28 944 3074 1994 3091
8532 4 2 16 28 1173 22 21 3086
8533 4 2 16 28 1969 531 1999 3230
8534 4 2 16 28 2415 1996 2133 3224
8535 4 2 16 28 1230 331 1279 2193
8536 4 2 16 28 667 2893 2957 3077
8537 4 2 16 28 698 3199 699 3200
8538 4 2 16 28 2042 2347 2419 485
8539 4 2 16 28 2950 3131 582 3156
8540 4 2 16 28 291 2980 292 3229
8541 4 2 16 28 1976 839 838 1323
8542 4 2 16 28 1206 338 339 2118
8543 4 2 16 28 2214 2407 2008 3164
8544 4 2 16 28 1793 2197 1906 3116
8545 4 2 16 28 27 113 244 794
8546 4 2 16 28 1937 872 139 902
8547 4 2 16 28 1951 1963 876 938
8548 4 2 16 28 960 3133 972 3145
8549 4 2 16 28 826 766 104 3137
8550 4 2 16 28 3106 3164 2407 3193
8551 4 2 16 28 210 2955 2841 3194
8552 4 2 16 28 700 3199 3148 3200
8553 4 2 16 28 107 135 1475 3068
8554 4 2 16 28 2021 3108 730 3231
8555 4 2 16 28 1798 2259 2134 3220
8556 4 2 16 28 774 3096 818 3167
8557 4 2 16 28 2286 2418 608 2419
8558 4 2 16 28 1974 1853 3143 3232
8559 4 2 16 28 1865 1925 1964 832
8560 4 2 16 28 1890 941 833 1865
8561 4 2 16 28 889 135 1473 1931
8562 4 2 16 28 973 3080 1842 3202
8563 4 2 16 28 2397 2402 2134 3204
8564 4 2 16 28 1916 1828 1954 3101
8565 4 2 16 28 11 208 3088 3184
8566 4 2 16 28 2312 2016 3102 3187
8567 4 2 16 28 2039 2111 2133 494
8568 4 2 16 28 2007 2374 2166 3120
8569 4 2 16 28 1979 2342 2017 2079
8570 4 2 16 28 1826 2007 1792 3120
8571 4 2 16 28 621 2943 622 1894
8572 4 2 16 28 603 2209 604 3242
8573 4 2 16 28 2979 552 3162 3163
8574 4 2 16 28 163 3127 971 3176
8575 4 2 16 28 878 935 1962 936
8576 4 2 16 28 1924 1974 1810 3206
8577 4 2 16 28 2003 700 2989 3148
8578 4 2 16 28 726 3136 3137 3173
8579 4 2 16 28 2165 1871 3090 3183
8580 4 2 16 28 2016 1855 2303 3220
8581 4 2 16 28 626 625 1978 3227
8582 4 2 16 28 2115 2284 2317 3231
8583 4 2 16 28 962 799 963 1512
8584 4 2 16 28 772 819 773 1464
8585 4 2 16 28 873 940 1455 874
8586 4 2 16 28 829 762 1455 763
8587 4 2 16 28 809 952 1493 953
8588 4 2 16 28 764 829 1454 763
8589 4 2 16 28 964 799 1511 963
8590 4 2 16 28 819 1463 774 773
8591 4 2 16 28 940 875 1454 874
8592 4 2 16 28 910 993 1511 992
8593 4 2 16 28 930 885 1463 884
8594 4 2 16 28 1882 1922 1003 1957
8595 4 2 16 28 2016 2397 2134 3204
8596 4 2 16 28 2937 3168 708 3169
8597 4 2 16 28 677 1799 678 3130
8598 4 2 16 28 726 3136 3173 3188
8599 4 2 16 28 719 1823 720 715
8600 4 2 16 28 2276 370 577 2298
8601 4 2 16 28 2331 2062 324 325
8602 4 2 16 28 878 935 1448 879
8603 4 2 16 28 767 824 1449 768
8604 4 2 16 28 804 1504 957 958
8605 4 2 16 28 769 824 768 1448
8606 4 2 16 28 915 988 1504 987
8607 4 2 16 28 804 959 1503 958
8608 4 2 16 28 542 3147 2989 3148
8609 4 2 16 28 445 446 1201 2405
8610 4 2 16 28 2931 3169 706 3170
8611 4 2 16 28 1828 2110 1812 3101
8612 4 2 16 28 647 409 2028 410
8613 4 2 16 28 1968 2808 225 3221
8614 4 2 16 28 1161 79 574 2234
8615 4 2 16 28 554 3163 2974 3165
8616 4 2 16 28 1919 906 907 995
8617 4 2 16 28 2137 2068 1238 1261
8618 4 2 16 28 740 1365 1870 3075
8619 4 2 16 28 584 3185 2951 3186
8620 4 2 16 28 595 596 3197 3224
8621 4 2 16 28 2010 1936 1794 3239
8622 4 2 16 28 634 3143 635 3232
8623 4 2 16 28 562 561 2034 3083
8624 4 2 16 28 683 2895 2901 3195
8625 4 2 16 28 2806 217 222 1807
8626 4 2 16 28 215 2808 1968 3221
8627 4 2 16 28 584 1900 1979 3185
8628 4 2 16 28 2135 1810 2358 2264
8629 4 2 16 28 244 100 28 758
8630 4 2 16 28 1346 1866 724 3103
8631 4 2 16 28 1832 1926 1889 3138
8632 4 2 16 28 701 2003 2989 3147
8633 4 2 16 28 106 777 2804 813
8634 4 2 16 28 947 151 2832 815
8635 4 2 16 28 1810 2135 1984 2264
8636 4 2 16 28 2112 636 2413 3232
8637 4 2 16 28 2011 2075 2202 1887
8638 4 2 16 28 2314 3125 1142 3189
8639 4 2 16 28 1885 1404 855 3118
8640 4 2 16 28 2168 3074 3071 3091
8641 4 2 16 28 223 2805 216 3221
8642 4 2 16 28 1966 753 1413 3113
8643 4 2 16 28 1827 908 142 866
8644 4 2 16 28 1249 436 1298 2074
8645 4 2 16 28 1993 96 1886 3076
8646 4 2 16 28 814 815 151 1381
8647 4 2 16 28 134 1380 925 926
8648 4 2 16 28 152 1381 924 925
8649 4 2 16 28 813 106 1380 814
8650 4 2 16 28 2021 788 110 3079
8651 4 2 16 28 657 656 2324 3223
8652 4 2 16 28 1913 219 218 3238
8653 4 2 16 28 1936 1857 1985 3149
8654 4 2 16 28 1290 489 490 2398
8655 4 2 16 28 1902 1901 638 3151
8656 4 2 16 28 3007 576 577 3128
8657 4 2 16 28 1236 302 1264 2160
8658 4 2 16 28 915 914 1956 1322
8659 4 2 16 28 1904 2171 569 1796
8660 4 2 16 28 1793 1978 295 3141
8661 4 2 16 28 725 3155 724 3217
8662 4 2 16 28 2057 1936 2322 2375
8663 4 2 16 28 1977 147 1942 132
8664 4 2 16 28 641 2924 642 3225
8665 4 2 16 28 1002 1882 974 1500
8666 4 2 16 28 1877 274 2936 3182
8667 4 2 16 28 733 1369 732 3150
8668 4 2 16 28 2314 1142 2866 3189
8669 4 2 16 28 1800 2103 2277 2017
8670 4 2 16 28 2355 3132 2147 3176
8671 4 2 16 28 2228 2038 1834 3135
8672 4 2 16 28 242 241 15 2337
8673 4 2 16 28 2085 578 2298 1970
8674 4 2 16 28 2028 647 410 648
8675 4 2 16 28 1990 137 1467 894
8676 4 2 16 28 1899 670 3185 3186
8677 4 2 16 28 758 101 243 794
8678 4 2 16 28 810 2823 3111 3112
8679 4 2 16 28 782 783 1469 3166
8680 4 2 16 28 89 2022 91 3086
8681 4 2 16 28 643 642 2981 3225
8682 4 2 16 28 62 1197 1243 2265
8683 4 2 16 28 2097 2156 253 252
8684 4 2 16 28 94 726 3173 3188
8685 4 2 16 28 784 2021 3079 3219
8686 4 2 16 28 2309 421 2083 422
8687 4 2 16 28 2374 1854 2247 3079
8688 4 2 16 28 1843 754 1415 3237
8689 4 2 16 28 2108 2347 2386 1283
8690 4 2 16 28 78 68 366 2242
8691 4 2 16 28 1792 1871 2354 3074
8692 4 2 16 28 2232 696 2261 3154
8693 4 2 16 28 1261 2068 480 2225
8694 4 2 16 28 1973 1877 1948 3121
8695 4 2 16 28 1815 1792 1842 3087
8696 4 2 16 28 2079 2033 1886 2342
8697 4 2 16 28 2209 2188 492 491
8698 4 2 16 28 1886 1806 852 124
8699 4 2 16 28 2194 1878 535 536
8700 4 2 16 28 627 3227 626 3228
8701 4 2 16 28 2050 255 1212 256
8702 4 2 16 28 1365 848 1968 739
8703 4 2 16 28 2231 2036 2326 457
8704 4 2 16 28 112 792 101 3081
8705 4 2 16 28 242 19 241 2337
8706 4 2 16 28 22 792 760 3216
8707 4 2 16 28 538 2931 2982 3170
8708 4 2 16 28 2010 1936 2322 1829
8709 4 2 16 28 688 2932 2974 3165
8710 4 2 16 28 632 2915 2996 3206
8711 4 2 16 28 558 3142 3106 3193
8712 4 2 16 28 869 1430 86 1313
8713 4 2 16 28 1430 758 85 1313
8714 4 2 16 28 844 845 1327 1864
8715 4 2 16 28 2177 2377 341 548
8716 4 2 16 28 560 205 3093 3194
8717 4 2 16 28 664 3004 663 3109
8718 4 2 16 28 1960 874 873 901
8719 4 2 16 28 575 588 2032 3088
8720 4 2 16 28 2420 2177 342 2297
8721 4 2 16 28 2132 1980 2356 3161
8722 4 2 16 28 556 3164 555 3193
8723 4 2 16 28 1985 607 3175 3239
8724 4 2 16 28 2027 1877 1998 3157
8725 4 2 16 28 731 2019 3146 3150
8726 4 2 16 28 561 3083 1804 3109
8727 4 2 16 28 267 1270 2095 1232
8728 4 2 16 28 1935 855 1862 1885
8729 4 2 16 28 120 2021 93 3217
8730 4 2 16 28 290 3205 2920 3229
8731 4 2 16 28 2263 1226 266 265
8732 4 2 16 28 924 1995 1981 850
8733 4 2 16 28 104 766 109 3137
8734 4 2 16 28 664 3093 3004 3109
8735 4 2 16 28 2214 2213 554 3164
8736 4 2 16 28 2317 1795 2009 3134
8737 4 2 16 28 558 2938 3142 3193
8738 4 2 16 28 1999 2944 1801 532
8739 4 2 16 28 654 3122 3008 3233
8740 4 2 16 28 695 694 2997 3218
8741 4 2 16 28 1986 896 1879 1880
8742 4 2 16 28 1932 2013 1848 2142
8743 4 2 16 28 1935 855 918 856
8744 4 2 16 28 1842 2313 1841 3202
8745 4 2 16 28 1795 1848 1938 2317
8746 4 2 16 28 588 3088 208 3184
8747 4 2 16 28 1859 852 853 1407
8748 4 2 16 28 2137 324 1238 1260
8749 4 2 16 28 1945 1892 1869 3214
8750 4 2 16 28 3004 3093 561 3109
8751 4 2 16 28 2003 701 700 3200
8752 4 2 16 28 2025 1948 2096 3140
8753 4 2 16 28 243 244 758 794
8754 4 2 16 28 164 3080 3133 3234
8755 4 2 16 28 1824 722 3103 3181
8756 4 2 16 28 693 2916 694 3218
8757 4 2 16 28 1873 1933 883 894
8758 4 2 16 28 756 26 113 3082
8759 4 2 16 28 2306 411 412 2308
8760 4 2 16 28 1922 986 1003 1957
8761 4 2 16 28 2166 2165 2007 3166
8762 4 2 16 28 2911 638 1901 3151
8763 4 2 16 28 324 325 1260 2331
8764 4 2 16 28 870 1823 904 1992
8765 4 2 16 28 1932 2143 2142 2230
8766 4 2 16 28 17 3072 3144 3196
8767 4 2 16 28 1992 86 88 869
8768 4 2 16 28 1890 1865 1960 941
8769 4 2 16 28 1907 1906 2197 3116
8770 4 2 16 28 727 1357 728 3172
8771 4 2 16 28 2284 2189 2013 3103
8772 4 2 16 28 1793 1906 1907 3116
8773 4 2 16 28 2284 3217 3155 3231
8774 4 2 16 28 2341 2342 1813 3117
8775 4 2 16 28 581 3002 580 3131
8776 4 2 16 28 595 3197 2967 3207
8777 4 2 16 28 2194 330 2064 2143
8778 4 2 16 28 2135 1816 1810 1984
8779 4 2 16 28 1943 2110 2280 1812
8780 4 2 16 28 535 329 2194 536
8781 4 2 16 28 329 535 2194 328
8782 4 2 16 28 2287 2405 2136 1201
8783 4 2 16 28 2312 805 957 3145
8784 4 2 16 28 18 3073 3097 3196
8785 4 2 16 28 2369 1256 2333 2252
8786 4 2 16 28 1825 2247 1854 3079
8787 4 2 16 28 417 418 1302 2181
8788 4 2 16 28 1894 2237 622 621
8789 4 2 16 28 2111 1272 495 1217
8790 4 2 16 28 342 2297 2177 549
8791 4 2 16 28 2009 1795 2317 3171
8792 4 2 16 28 25 1178 26 3097
8793 4 2 16 28 117 3071 155 3111
8794 4 2 16 28 653 3008 2899 3233
8795 4 2 16 28 2307 2077 83 3214
8796 4 2 16 28 2341 3112 743 3118
8797 4 2 16 28 781 3096 774 3167
8798 4 2 16 28 1906 2274 2075 3113
8799 4 2 16 28 850 1363 737 3226
8800 4 2 16 28 810 3111 952 3112
8801 4 2 16 28 2033 3111 96 3117
8802 4 2 16 28 2112 2164 398 397
8803 4 2 16 28 1801 2059 2271 2270
8804 4 2 16 28 1967 287 1810 3139
8805 4 2 16 28 1832 3172 1950 3173
8806 4 2 16 28 1793 2202 1887 2011
8807 4 2 16 28 2999 585 586 3185
8808 4 2 16 28 2075 3113 2355 3123
8809 4 2 16 28 753 1414 752 3113
8810 4 2 16 28 2363 278 279 3140
8811 4 2 16 28 2016 3174 2397 3204
8812 4 2 16 28 501 2044 593 2243
8813 4 2 16 28 2279 385 2128 1259
8814 4 2 16 28 705 3169 1934 3170
8815 4 2 16 28 1161 574 1148 2234
8816 4 2 16 28 1810 3139 287 3206
8817 4 2 16 28 2022 3086 13 3092
8818 4 2 16 28 244 28 23 758
8819 4 2 16 28 24 27 243 794
8820 4 2 16 28 1002 1957 1882 987
8821 4 2 16 28 668 1899 669 3184
8822 4 2 16 28 240 815 737 3126
8823 4 2 16 28 813 213 739 3125
8824 4 2 16 28 95 1361 1870 3075
8825 4 2 16 28 91 2022 721 3181
8826 4 2 16 28 598 3124 1996 3240
8827 4 2 16 28 2407 2345 2008 3106
8828 4 2 16 28 577 576 369 2276
8829 4 2 16 28 2290 2012 2291 472
8830 4 2 16 28 1988 2209 1852 3242
8831 4 2 16 28 751 115 801 3176
8832 4 2 16 28 829 3095 763 3158
8833 4 2 16 28 1472 890 779 3090
8834 4 2 16 28 943 945 1477 3091
8835 4 2 16 28 941 1890 833 1332
8836 4 2 16 28 1844 690 2979 3163
8837 4 2 16 28 343 342 2297 2420
8838 4 2 16 28 468 2190 2318 1230
8839 4 2 16 28 908 909 994 1421
8840 4 2 16 28 775 817 1376 818
8841 4 2 16 28 965 1421 798 797
8842 4 2 16 28 955 1388 808 807
8843 4 2 16 28 1340 765 827 828
8844 4 2 16 28 1341 831 761 830
8845 4 2 16 28 1377 882 932 931
8846 4 2 16 28 821 771 1377 820
8847 4 2 16 28 941 872 1341 942
8848 4 2 16 28 911 990 1422 912
8849 4 2 16 28 801 1422 800 961
8850 4 2 16 28 810 1389 951 811
8851 4 2 16 28 980 1389 921 922
8852 4 2 16 28 822 770 1353 823
8853 4 2 16 28 802 960 1395 803
8854 4 2 16 28 881 933 934 1352
8855 4 2 16 28 956 1394 805 806
8856 4 2 16 28 825 826 766 1352
8857 4 2 16 28 936 937 877 1353
8858 4 2 16 28 916 917 985 1395
8859 4 2 16 28 1917 1828 1408 3089
8860 4 2 16 28 205 78 2242 3083
8861 4 2 16 28 277 1973 2930 3225
8862 4 2 16 28 824 2814 3108 3136
8863 4 2 16 28 584 378 2302 377
8864 4 2 16 28 94 731 2019 3137
8865 4 2 16 28 2273 3089 3070 3101
8866 4 2 16 28 793 792 3069 3216
8867 4 2 16 28 577 369 370 2276
8868 4 2 16 28 1948 1798 1973 3140
8869 4 2 16 28 217 1807 216 3085
8870 4 2 16 28 1153 1152 2862 2314
8871 4 2 16 28 864 865 1329 1966
8872 4 2 16 28 833 1824 722 1345
8873 4 2 16 28 2001 2372 2002 3201
8874 4 2 16 28 2276 273 246 2027
8875 4 2 16 28 700 699 3199 3200
8876 4 2 16 28 1162 79 1161 2234
8877 4 2 16 28 2933 626 1978 3228
8878 4 2 16 28 974 1498 975 3202
8879 4 2 16 28 736 3076 1360 3226
8880 4 2 16 28 3004 2894 560 3093
8881 4 2 16 28 1517 970 971 3203
8882 4 2 16 28 1959 1841 3072 3203
8883 4 2 16 28 1802 2013 2189 3103
8884 4 2 16 28 1994 945 1479 3091
8885 4 2 16 28 529 530 1969 3230
8886 4 2 16 28 1794 521 3175 3244
8887 4 2 16 28 2930 1973 276 3179
8888 4 2 16 28 1845 3122 1904 3223
8889 4 2 16 28 597 3197 596 3224
8890 4 2 16 28 1796 2008 2376 2171
8891 4 2 16 28 1279 2193 467 1230
8892 4 2 16 28 1928 1862 97 1927
8893 4 2 16 28 2147 970 2367 3203
8894 4 2 16 28 283 282 1901 3220
8895 4 2 16 28 1252 423 1296 2162
8896 4 2 16 28 1810 2239 2135 2357
8897 4 2 16 28 840 1976 1321 839
8898 4 2 16 28 272 2960 273 3157
8899 4 2 16 28 289 262 2357 2358
8900 4 2 16 28 2134 1928 1855 3204
8901 4 2 16 28 114 757 99 3073
8902 4 2 16 28 1992 140 904 129
8903 4 2 16 28 1305 370 2045 1203
8904 4 2 16 28 2274 3101 2015 3237
8905 4 2 16 28 1843 1888 866 865
8906 4 2 16 28 2033 2314 2144 1166
8907 4 2 16 28 1862 745 1402 3118
8908 4 2 16 28 958 959 973 3145
8909 4 2 16 28 1953 1860 981 921
8910 4 2 16 28 255 2050 1212 2199
8911 4 2 16 28 281 2259 1798 3151
8912 4 2 16 28 816 737 815 3126
8913 4 2 16 28 813 739 812 3125
8914 4 2 16 28 141 128 869 1850
8915 4 2 16 28 2033 3076 1886 3117
8916 4 2 16 28 1794 1828 2040 1943
8917 4 2 16 28 547 2995 2909 3153
8918 4 2 16 28 3138 3153 548 3218
8919 4 2 16 28 2168 3087 3074 3091
8920 4 2 16 28 2895 3195 651 3233
8921 4 2 16 28 2186 2398 1209 1290
8922 4 2 16 28 2129 2249 2319 3177
8923 4 2 16 28 1844 2979 691 3162
8924 4 2 16 28 315 316 2343 522
8925 4 2 16 28 522 316 2343 523
8926 4 2 16 28 2372 2002 659 2146
8927 4 2 16 28 1516 3072 1884 3159
8928 4 2 16 28 2377 547 548 3138
8929 4 2 16 28 2354 2007 1821 1792
8930 4 2 16 28 3113 3132 2355 3176
8931 4 2 16 28 2168 3111 2341 3112
8932 4 2 16 28 2144 3084 3076 3104
8933 4 2 16 28 636 635 3143 3232
8934 4 2 16 28 2160 1264 500 2140
8935 4 2 16 28 625 3227 2222 3245
8936 4 2 16 28 974 3127 2312 3145
8937 4 2 16 28 1978 294 2933 3228
8938 4 2 16 28 2224 275 276 3121
8939 4 2 16 28 1927 2097 2025 2134
8940 4 2 16 28 2135 2075 2336 3123
8941 4 2 16 28 2322 1802 1936 2138
8942 4 2 16 28 1141 2849 213 3125
8943 4 2 16 28 1168 240 2882 3126
8944 4 2 16 28 211 2955 210 3194
8945 4 2 16 28 940 1963 875 874
8946 4 2 16 28 1888 997 2000 1884
8947 4 2 16 28 341 2231 1294 1210
8948 4 2 16 28 399 400 1212 2113
8949 4 2 16 28 1930 3162 552 3163
8950 4 2 16 28 1985 1975 2286 610
8951 4 2 16 28 1930 552 2213 3163
8952 4 2 16 28 1803 1366 95 3135
8953 4 2 16 28 2336 2355 2147 3176
8954 4 2 16 28 613 3100 2934 3213
8955 4 2 16 28 2283 2189 3103 3181
8956 4 2 16 28 567 3161 568 3222
8957 4 2 16 28 1239 270 1259 2279
8958 4 2 16 28 2261 3199 698 3200
8959 4 2 16 28 639 1902 3151 3152
8960 4 2 16 28 528 527 2972 3213
8961 4 2 16 28 1982 606 605 3175
8962 4 2 16 28 1919 906 995 1850
8963 4 2 16 28 1208 396 1291 2206
8964 4 2 16 28 81 3010 620 3212
8965 4 2 16 28 2038 1980 2132 2229
8966 4 2 16 28 65 326 1256 2252
8967 4 2 16 28 2016 1967 2239 1816
8968 4 2 16 28 1792 2353 1842 3087
8969 4 2 16 28 2007 1826 1854 2374
8970 4 2 16 28 157 3133 116 3243
8971 4 2 16 28 2156 2097 2363 252
8972 4 2 16 28 402 2391 640 2153
8973 4 2 16 28 221 231 222 3238
8974 4 2 16 28 231 221 232 3238
8975 4 2 16 28 907 1916 868 906
8976 4 2 16 28 1292 2036 2179 1210
8977 4 2 16 28 427 1194 426 2403
8978 4 2 16 28 2 1154 2864 2167
8979 4 2 16 28 1821 2165 2007 2354
8980 4 2 16 28 785 3079 1826 3120
8981 4 2 16 28 158 115 801 1417
8982 4 2 16 28 932 147 132 1372
8983 4 2 16 28 119 104 1372 821
8984 4 2 16 28 912 143 166 1417
8985 4 2 16 28 117 155 1384 811
8986 4 2 16 28 1336 89 102 831
8987 4 2 16 28 1384 156 145 922
8988 4 2 16 28 1337 103 120 827
8989 4 2 16 28 817 118 105 1373
8990 4 2 16 28 807 116 157 1385
8991 4 2 16 28 146 928 133 1373
8992 4 2 16 28 144 165 1385 918
8993 4 2 16 28 3013 83 650 3214
8994 4 2 16 28 551 2921 3162 3208
8995 4 2 16 28 2985 693 692 3208
8996 4 2 16 28 1814 1489 1007 3087
8997 4 2 16 28 118 105 1378 812
8998 4 2 16 28 822 103 120 1348
8999 4 2 16 28 116 157 1390 802
9000 4 2 16 28 156 145 923 1379
9001 4 2 16 28 131 937 148 1348
9002 4 2 16 28 158 115 1391 806
9003 4 2 16 28 816 117 155 1379
9004 4 2 16 28 826 119 104 1349
9005 4 2 16 28 215 3075 1968 3125
9006 4 2 16 28 663 3004 2948 3109
9007 4 2 16 28 1962 1879 878 1923
9008 4 2 16 28 722 1824 1347 3181
9009 4 2 16 28 1866 938 836 835
9010 4 2 16 28 1883 1957 859 1929
9011 4 2 16 28 1170 12 3074 3183
9012 4 2 16 28 1247 432 1297 2158
9013 4 2 16 28 1870 216 3075 3221
9014 4 2 16 28 749 1401 750 3204
9015 4 2 16 28 1947 918 165 144
9016 4 2 16 28 1928 97 125 1397
9017 4 2 16 28 1889 545 2905 3199
9018 4 2 16 28 508 3115 2971 3207
9019 4 2 16 28 1925 3092 91 3181
9020 4 2 16 28 331 1230 330 2193
9021 4 2 16 28 2370 2174 2321 1240
9022 4 2 16 28 949 152 1875 1484
9023 4 2 16 28 66 1195 1201 2287
9024 4 2 16 28 567 2949 566 3161
9025 4 2 16 28 2109 2040 1794 1828
9026 4 2 16 28 730 2021 822 3108
9027 4 2 16 28 1002 1910 1001 1498
9028 4 2 16 28 2132 2356 1980 2171
9029 4 2 16 28 838 1359 1822 837
9030 4 2 16 28 2150 2393 1248 1300
9031 4 2 16 28 1942 122 1874 841
9032 4 2 16 28 2097 2259 2134 1798
9033 4 2 16 28 1996 3124 598 3224
9034 4 2 16 28 560 205 2242 3083
9035 4 2 16 28 1870 3075 216 3085
9036 4 2 16 28 3013 3129 681 3214
9037 4 2 16 28 2248 2038 2228 3135
9038 4 2 16 28 2016 2134 1855 3204
9039 4 2 16 28 1433 1436 111 3094
9040 4 2 16 28 1954 3101 2274 3237
9041 4 2 16 28 598 2078 2133 3224
9042 4 2 16 28 311 1207 1287 2187
9043 4 2 16 28 35 22 714 2827
9044 4 2 16 28 216 3075 1144 3085
9045 4 2 16 28 1980 1904 2171 3161
9046 4 2 16 28 3010 589 3119 3212
9047 4 2 16 28 276 1973 277 3121
9048 4 2 16 28 12 9 3110 3183
9049 4 2 16 28 358 564 2132 565
9050 4 2 16 28 2164 1289 257 2050
9051 4 2 16 28 2167 8 1168 3099
9052 4 2 16 28 702 2977 703 3210
9053 4 2 16 28 790 763 3095 3158
9054 4 2 16 28 55 56 59 2804
9055 4 2 16 28 127 1409 867 1916
9056 4 2 16 28 2268 299 2381 300
9057 4 2 16 28 1157 2314 2887 1166
9058 4 2 16 28 1329 864 1839 910
9059 4 2 16 28 1166 2144 2033 3076
9060 4 2 16 28 456 457 1294 2231
9061 4 2 16 28 102 3078 89 3086
9062 4 2 16 28 283 284 2303 3220
9063 4 2 16 28 1408 1828 1916 3089
9064 4 2 16 28 2031 670 1836 3186
9065 4 2 16 28 2168 978 3087 3091
9066 4 2 16 28 968 1884 1518 997
9067 4 2 16 28 1886 1800 2342 3117
9068 4 2 16 28 2109 1794 2251 2343
9069 4 2 16 28 565 2954 3160 3161
9070 4 2 16 28 1899 1900 1836 3186
9071 4 2 16 28 1930 2296 2093 1830
9072 4 2 16 28 1794 3175 521 3239
9073 4 2 16 28 1796 569 1904 3106
9074 4 2 16 28 761 831 3078 3095
9075 4 2 16 28 1499 1842 973 3080
9076 4 2 16 28 589 590 3119 3177
9077 4 2 16 28 672 2951 671 3186
9078 4 2 16 28 2252 2331 65 325
9079 4 2 16 28 1199 1196 2241 61
9080 4 2 16 28 2174 2102 2321 1240
9081 4 2 16 28 950 1875 945 949
9082 4 2 16 28 1866 834 1344 3103
9083 4 2 16 28 1807 3085 217 3238
9084 4 2 16 28 2194 1999 2062 1878
9085 4 2 16 28 885 1465 886 929
9086 4 2 16 28 765 1456 764 828
9087 4 2 16 28 993 994 909 1513
9088 4 2 16 28 954 1494 808 955
9089 4 2 16 28 1465 774 775 818
9090 4 2 16 28 1513 798 964 965
9091 4 2 16 28 990 911 1514 991
9092 4 2 16 28 1466 771 772 820
9093 4 2 16 28 1466 883 882 931
9094 4 2 16 28 830 761 1457 762
9095 4 2 16 28 1514 962 800 961
9096 4 2 16 28 810 1495 952 951
9097 4 2 16 28 1495 921 981 980
9098 4 2 16 28 2164 2399 2412 1289
9099 4 2 16 28 1792 2354 2353 3087
9100 4 2 16 28 2093 1930 1830 2364
9101 4 2 16 28 2283 2189 2284 3103
9102 4 2 16 28 170 162 1516 1520
9103 4 2 16 28 432 433 1297 2158
9104 4 2 16 28 852 1407 1859 3117
9105 4 2 16 28 2110 2274 1954 3101
9106 4 2 16 28 2377 2118 546 3134
9107 4 2 16 28 1451 770 769 823
9108 4 2 16 28 1506 960 959 803
9109 4 2 16 28 766 767 825 1450
9110 4 2 16 28 1506 985 916 986
9111 4 2 16 28 936 1451 877 878
9112 4 2 16 28 805 957 1505 956
9113 4 2 16 28 2337 18 3073 3082
9114 4 2 16 28 833 1824 1345 834
9115 4 2 16 28 770 2021 784 3108
9116 4 2 16 28 361 362 2171 2368
9117 4 2 16 28 1939 2334 2084 3156
9118 4 2 16 28 851 1364 736 3226
9119 4 2 16 28 1799 677 1939 3130
9120 4 2 16 28 1985 1982 1794 3175
9121 4 2 16 28 2936 275 1877 3179
9122 4 2 16 28 1889 2905 546 3153
9123 4 2 16 28 2915 2984 3205 3206
9124 4 2 16 28 35 31 22 2827
9125 4 2 16 28 550 2297 549 3190
9126 4 2 16 28 734 3146 3135 3150
9127 4 2 16 28 1875 152 150 1484
9128 4 2 16 28 978 952 2168 3112
9129 4 2 16 28 1949 1860 1953 921
9130 4 2 16 28 22 31 35 32
9131 4 2 16 28 2276 2378 246 245
9132 4 2 16 28 2097 281 2259 1798
9133 4 2 16 28 2342 1979 2017 1800
9134 4 2 16 28 1932 1848 1795 3171
9135 4 2 16 28 840 1986 1976 1831
9136 4 2 16 28 52 45 49 2831
9137 4 2 16 28 1917 100 87 3089
9138 4 2 16 28 2189 1936 1829 2322
9139 4 2 16 28 168 995 1850 1483
9140 4 2 16 28 1865 832 1964 942
9141 4 2 16 28 2138 320 2210 321
9142 4 2 16 28 2037 1861 3200 3209
9143 4 2 16 28 439 1204 1303 2200
9144 4 2 16 28 1810 1887 2264 1984
9145 4 2 16 28 2950 673 674 3156
9146 4 2 16 28 1438 791 1937 3094
9147 4 2 16 28 988 989 1956 1505
9148 4 2 16 28 2264 2135 1984 2075
9149 4 2 16 28 2132 2229 1980 3160
9150 4 2 16 28 279 3152 3140 3225
9151 4 2 16 28 2234 79 69 2292
9152 4 2 16 28 2170 559 76 572
9153 4 2 16 28 1931 778 3090 3183
9154 4 2 16 28 375 1250 1254 2083
9155 4 2 16 28 2038 2248 2296 3135
9156 4 2 16 28 34 31 2827 30
9157 4 2 16 28 31 34 2827 35
9158 4 2 16 28 812 105 1378 1458
9159 4 2 16 28 923 1480 156 1379
9160 4 2 16 28 155 1480 816 1379
9161 4 2 16 28 1149 2234 1146 3211
9162 4 2 16 28 454 692 693 2240
9163 4 2 16 28 693 455 454 2240
9164 4 2 16 28 1355 1822 121 3231
9165 4 2 16 28 1992 140 1850 1941
9166 4 2 16 28 2257 2285 2120 3233
9167 4 2 16 28 2002 1904 1980 3161
9168 4 2 16 28 2904 3128 578 3130
9169 4 2 16 28 1848 2317 2142 2284
9170 4 2 16 28 1873 1942 137 132
9171 4 2 16 28 2911 1901 282 3151
9172 4 2 16 28 808 955 807 3243
9173 4 2 16 28 1893 1983 1999 3215
9174 4 2 16 28 2016 1967 1855 3220
9175 4 2 16 28 2099 2080 1914 1061
9176 4 2 16 28 219 4 2809 1913
9177 4 2 16 28 1886 1813 1800 3117
9178 4 2 16 28 229 2833 1849 3221
9179 4 2 16 28 1842 2313 1792 1841
9180 4 2 16 28 1813 2342 1800 3117
9181 4 2 16 28 266 2095 267 1270
9182 4 2 16 28 1486 164 976 3080
9183 4 2 16 28 110 788 1437 3079
9184 4 2 16 28 969 3072 2367 3203
9185 4 2 16 28 784 110 1442 3079
9186 4 2 16 28 164 1497 972 3080
9187 4 2 16 28 2138 320 527 2057
9188 4 2 16 28 1813 2025 2341 3118
9189 4 2 16 28 890 1931 1474 3090
9190 4 2 16 28 2952 661 3000 3201
9191 4 2 16 28 2110 2015 2274 3101
9192 4 2 16 28 223 230 224 3221
9193 4 2 16 28 229 224 230 3221
9194 4 2 16 28 2322 1802 2189 1936
9195 4 2 16 28 579 2945 3130 3131
9196 4 2 16 28 1408 1917 1916 1828
9197 4 2 16 28 2257 441 442 653
9198 4 2 16 28 2931 2969 3169 3170
9199 4 2 16 28 2135 2336 2016 3102
9200 4 2 16 28 2059 74 82 2063
9201 4 2 16 28 2311 1145 1144 3085
9202 4 2 16 28 757 1410 1916 3101
9203 4 2 16 28 2024 2293 1278 404
9204 4 2 16 28 1886 1403 852 3117
9205 4 2 16 28 642 2388 2389 3180
9206 4 2 16 28 788 2021 765 3158
9207 4 2 16 28 1883 747 1400 3187
9208 4 2 16 28 2109 1828 1794 3092
9209 4 2 16 28 368 80 588 575
9210 4 2 16 28 2147 2367 969 3132
9211 4 2 16 28 1326 1963 940 1890
9212 4 2 16 28 1932 1878 2194 2143
9213 4 2 16 28 595 596 2929 3197
9214 4 2 16 28 891 1468 780 3090
9215 4 2 16 28 1008 979 1485 3091
9216 4 2 16 28 2284 3155 1848 3231
9217 4 2 16 28 952 979 2168 3111
9218 4 2 16 28 699 698 2991 3199
9219 4 2 16 28 682 2895 683 3195
9220 4 2 16 28 930 1327 1864 844
9221 4 2 16 28 1802 2194 2138 2013
9222 4 2 16 28 1969 1802 1878 2194
9223 4 2 16 28 2277 373 374 2155
9224 4 2 16 28 2264 1887 2263 2202
9225 4 2 16 28 623 624 2223 3245
9226 4 2 16 28 1840 1792 2007 2367
9227 4 2 16 28 1930 2093 2245 3190
9228 4 2 16 28 2196 2386 2417 316
9229 4 2 16 28 1444 1826 785 3079
9230 4 2 16 28 758 244 113 794
9231 4 2 16 28 1972 1869 1892 3214
9232 4 2 16 28 15 2337 241 3081
9233 4 2 16 28 1261 322 323 2023
9234 4 2 16 28 1293 2373 395 1208
9235 4 2 16 28 3083 3085 1913 3238
9236 4 2 16 28 1802 1878 2194 1932
9237 4 2 16 28 2983 1907 511 3197
9238 4 2 16 28 136 1468 1846 1472
9239 4 2 16 28 3162 3190 550 3208
9240 4 2 16 28 1979 2342 1886 1800
9241 4 2 16 28 2341 2025 1813 2342
9242 4 2 16 28 1198 474 1312 2139
9243 4 2 16 28 468 469 1266 2318
9244 4 2 16 28 312 2186 1290 1207
9245 4 2 16 28 721 1343 91 3181
9246 4 2 16 28 1356 729 1920 838
9247 4 2 16 28 2893 3003 588 3184
9248 4 2 16 28 2313 1842 1792 2353
9249 4 2 16 28 1399 859 1929 3187
9250 4 2 16 28 3080 3145 2313 3202
9251 4 2 16 28 560 2242 561 3083
9252 4 2 16 28 319 2121 1277 318
9253 4 2 16 28 2935 593 594 3207
9254 4 2 16 28 1916 907 868 867
9255 4 2 16 28 2308 2306 650 412
9256 4 2 16 28 875 1963 900 874
9257 4 2 16 28 2941 591 1896 3119
9258 4 2 16 28 602 1852 2039 2209
9259 4 2 16 28 1932 3170 2143 3236
9260 4 2 16 28 1926 3138 1805 3190
9261 4 2 16 28 1905 1921 1796 3106
9262 4 2 16 28 2089 626 627 3227
9263 4 2 16 28 1927 2097 2134 1798
9264 4 2 16 28 2223 624 2222 3245
9265 4 2 16 28 152 1381 1481 924
9266 4 2 16 28 151 815 1481 1381
9267 4 2 16 28 813 106 1459 1380
9268 4 2 16 28 134 1380 926 1459
9269 4 2 16 28 1824 3103 2189 3181
9270 4 2 16 28 2355 754 2304 3132
9271 4 2 16 28 2224 2027 1877 3121
9272 4 2 16 28 1151 2311 1144 2314
9273 4 2 16 28 1147 2069 78 3083
9274 4 2 16 28 555 556 2214 3164
9275 4 2 16 28 1892 649 2902 648
9276 4 2 16 28 2156 2220 1273 1224
9277 4 2 16 28 140 1434 112 3198
9278 4 2 16 28 877 138 131 1923
9279 4 2 16 28 2345 1796 2171 2008
9280 4 2 16 28 912 166 1509 1417
9281 4 2 16 28 104 1461 1372 821
9282 4 2 16 28 831 102 1336 1452
9283 4 2 16 28 801 1509 158 1417
9284 4 2 16 28 922 1384 156 1490
9285 4 2 16 28 1461 932 132 1372
9286 4 2 16 28 1490 1384 155 811
9287 4 2 16 28 1462 817 105 1373
9288 4 2 16 28 827 1337 103 1453
9289 4 2 16 28 918 165 1385 1491
9290 4 2 16 28 928 1462 133 1373
9291 4 2 16 28 157 807 1385 1491
9292 4 2 16 28 10 1913 1797 1965
9293 4 2 16 28 140 1992 1850 905
9294 4 2 16 28 2079 2073 2302 378
9295 4 2 16 28 1921 1796 3106 3164
9296 4 2 16 28 2962 616 1801 3230
9297 4 2 16 28 1884 1840 1919 996
9298 4 2 16 28 85 714 22 760
9299 4 2 16 28 1943 2110 1812 1828
9300 4 2 16 28 1322 1956 860 914
9301 4 2 16 28 853 742 1859 1407
9302 4 2 16 28 1971 1994 946 1478
9303 4 2 16 28 757 867 1409 1916
9304 4 2 16 28 223 216 2806 1807
9305 4 2 16 28 2224 1877 275 3121
9306 4 2 16 28 461 2410 2117 460
9307 4 2 16 28 827 2021 120 3217
9308 4 2 16 28 1833 3135 2296 3150
9309 4 2 16 28 171 1910 1515 1496
9310 4 2 16 28 2225 2023 322 1261
9311 4 2 16 28 2382 3166 3137 3167
9312 4 2 16 28 2115 729 3108 3231
9313 4 2 16 28 1815 3074 1792 3087
9314 4 2 16 28 3153 3154 695 3218
9315 4 2 16 28 834 1866 1344 835
9316 4 2 16 28 1939 1836 1900 3186
9317 4 2 16 28 793 3069 792 3094
9318 4 2 16 28 558 559 3106 3142
9319 4 2 16 28 103 822 1446 1348
9320 4 2 16 28 1501 1390 157 802
9321 4 2 16 28 1446 937 131 1348
9322 4 2 16 28 1447 826 104 1349
9323 4 2 16 28 1502 158 1391 806
9324 4 2 16 28 2214 2376 2213 3164
9325 4 2 16 28 614 2934 3100 3230
9326 4 2 16 28 2092 2052 2389 3180
9327 4 2 16 28 2010 2322 2189 1829
9328 4 2 16 28 788 1439 1867 3079
9329 4 2 16 28 2036 2260 459 1292
9330 4 2 16 28 590 2320 2125 3177
9331 4 2 16 28 2332 2331 2062 324
9332 4 2 16 28 766 3136 787 3137
9333 4 2 16 28 2273 2022 2337 3089
9334 4 2 16 28 1905 1904 1845 3122
9335 4 2 16 28 2038 1833 1834 3135
9336 4 2 16 28 2352 2370 1233 1262
9337 4 2 16 28 2895 682 3011 3195
9338 4 2 16 28 2028 648 1892 3182
9339 4 2 16 28 93 1342 725 3155
9340 4 2 16 28 2317 1848 1938 2284
9341 4 2 16 28 1800 2103 1970 2277
9342 4 2 16 28 2321 2173 2370 350
9343 4 2 16 28 2038 2296 1833 3135
9344 4 2 16 28 791 3078 111 3094
9345 4 2 16 28 2109 2022 2273 3092
9346 4 2 16 28 1930 2364 2093 3190
9347 4 2 16 28 1946 719 1823 720
9348 4 2 16 28 721 2022 89 3095
9349 4 2 16 28 2054 2373 1293 1208
9350 4 2 16 28 2966 615 2940 3230
9351 4 2 16 28 685 2938 686 3191
9352 4 2 16 28 239 1363 1849 3226
9353 4 2 16 28 48 45 52 2831
9354 4 2 16 28 55 58 54 2812
9355 4 2 16 28 55 59 58 2812
9356 4 2 16 28 793 111 759 3216
9357 4 2 16 28 2063 2067 2291 1893
9358 4 2 16 28 150 1971 946 1478
9359 4 2 16 28 284 1901 2992 3143
9360 4 2 16 28 683 2901 3192 3195
9361 4 2 16 28 2177 549 2297 3190
9362 4 2 16 28 657 2946 656 3222
9363 4 2 16 28 1796 1904 1905 3106
9364 4 2 16 28 726 3136 826 3137
9365 4 2 16 28 869 86 88 1313
9366 4 2 16 28 758 87 85 1313
9367 4 2 16 28 438 1303 2217 439
9368 4 2 16 28 2098 2288 1271 348
9369 4 2 16 28 1943 3242 518 3244
9370 4 2 16 28 2298 2027 1970 3128
9371 4 2 16 28 2259 2303 2134 3220
9372 4 2 16 28 2336 3102 98 3176
9373 4 2 16 28 1936 1985 1794 3239
9374 4 2 16 28 2059 1983 2063 82
9375 4 2 16 28 2022 3089 2273 3092
9376 4 2 16 28 69 368 1307 2032
9377 4 2 16 28 761 3078 791 3095
9378 4 2 16 28 1898 1899 667 3077
9379 4 2 16 28 864 1413 1966 753
9380 4 2 16 28 785 1826 1445 3120
9381 4 2 16 28 101 112 243 794
9382 4 2 16 28 2833 2005 1849 3221
9383 4 2 16 28 2312 747 3174 3187
9384 4 2 16 28 2248 735 734 3135
9385 4 2 16 28 101 23 85 758
9386 4 2 16 28 1365 847 1870 1968
9387 4 2 16 28 2038 1980 2171 2132
9388 4 2 16 28 1936 2010 2322 2375
9389 4 2 16 28 2202 266 293 2263
9390 4 2 16 28 2245 3162 1930 3190
9391 4 2 16 28 338 1206 1288 2340
9392 4 2 16 28 546 2118 545 3134
9393 4 2 16 28 546 545 1889 3134
9394 4 2 16 28 2042 1277 484 483
9395 4 2 16 28 836 1342 1952 3155
9396 4 2 16 28 1803 95 1870 3075
9397 4 2 16 28 21 22 31 2827
9398 4 2 16 28 2983 512 1907 3124
9399 4 2 16 28 100 113 244 3082
9400 4 2 16 28 2255 1219 334 1274
9401 4 2 16 28 647 646 3009 3182
9402 4 2 16 28 606 1858 607 3175
9403 4 2 16 28 822 2021 770 3108
9404 4 2 16 28 586 3184 2947 3185
9405 4 2 16 28 2103 2085 1970 2277
9406 4 2 16 28 1003 1842 1499 1922
9407 4 2 16 28 2189 1829 1824 3181
9408 4 2 16 28 813 2815 213 2804
9409 4 2 16 28 815 2832 240 2817
9410 4 2 16 28 1906 2075 1811 3113
9411 4 2 16 28 748 747 1398 3187
9412 4 2 16 28 167 142 908 1418
9413 4 2 16 28 797 114 159 1418
9414 4 2 16 28 1888 1843 866 1827
9415 4 2 16 28 1942 895 1986 1880
9416 4 2 16 28 480 479 2068 1261
9417 4 2 16 28 545 2118 2009 3134
9418 4 2 16 28 1944 1943 1852 3178
9419 4 2 16 28 444 445 1195 2136
9420 4 2 16 28 2331 2383 65 1244
9421 4 2 16 28 2115 3108 729 3172
9422 4 2 16 28 2294 3096 105 3098
9423 4 2 16 28 915 916 1325 1957
9424 4 2 16 28 864 865 1966 1413
9425 4 2 16 28 1177 24 3144 3159
9426 4 2 16 28 1205 1289 257 2164
9427 4 2 16 28 2210 2023 2138 321
9428 4 2 16 28 21 34 717 2827
9429 4 2 16 28 2351 2212 2211 451
9430 4 2 16 28 939 940 1963 875
9431 4 2 16 28 1801 1999 531 3230
9432 4 2 16 28 279 253 2097 280
9433 4 2 16 28 253 279 2097 252
9434 4 2 16 28 2341 3111 2033 3117
9435 4 2 16 28 1854 2246 2247 3094
9436 4 2 16 28 567 3001 3161 3222
9437 4 2 16 28 1 2 2167 3183
9438 4 2 16 28 79 69 2292 2032
9439 4 2 16 28 2317 2316 1832 3134
9440 4 2 16 28 2992 1901 637 3143
9441 4 2 16 28 1812 2274 2043 1906
9442 4 2 16 28 2158 2227 432 433
9443 4 2 16 28 2987 516 515 3241
9444 4 2 16 28 171 1909 2006 990
9445 4 2 16 28 2312 3174 2016 3187
9446 4 2 16 28 1278 405 2024 404
9447 4 2 16 28 571 3106 572 3122
9448 4 2 16 28 1954 1812 2110 3101
9449 4 2 16 28 1988 1982 2209 3242
9450 4 2 16 28 1814 982 1953 1007
9451 4 2 16 28 667 3077 1899 3184
9452 4 2 16 28 791 902 1937 1436
9453 4 2 16 28 260 1208 2054 1293
9454 4 2 16 28 1894 1978 3141 3245
9455 4 2 16 28 213 813 2804 777
9456 4 2 16 28 240 947 2832 815
9457 4 2 16 28 149 6 107 3110
9458 4 2 16 28 1978 3227 1924 3228
9459 4 2 16 28 1893 710 711 3215
9460 4 2 16 28 8 2167 7 3074
9461 4 2 16 28 2079 2033 2144 3084
9462 4 2 16 28 1984 1811 2075 3123
9463 4 2 16 28 557 556 2964 3193
9464 4 2 16 28 518 312 2040 519
9465 4 2 16 28 312 518 2040 311
9466 4 2 16 28 1915 1008 1485 3091
9467 4 2 16 28 1870 1365 1968 3075
9468 4 2 16 28 18 1178 17 3097
9469 4 2 16 28 1844 1926 3162 3208
9470 4 2 16 28 1828 1812 1954 3101
9471 4 2 16 28 895 1942 881 137
9472 4 2 16 28 2153 1902 640 3152
9473 4 2 16 28 601 3240 3178 3241
9474 4 2 16 28 229 1849 2836 3221
9475 4 2 16 28 2418 608 1858 2286
9476 4 2 16 28 2202 294 267 2266
9477 4 2 16 28 315 316 1216 2196
9478 4 2 16 28 1220 1281 263 2300
9479 4 2 16 28 599 600 2917 3240
9480 4 2 16 28 2069 1146 2311 3085
9481 4 2 16 28 2360 2102 447 446
9482 4 2 16 28 2956 2955 211 3194
9483 4 2 16 28 94 1830 122 1874
9484 4 2 16 28 310 1211 2107 1287
9485 4 2 16 28 1832 1938 1920 3231
9486 4 2 16 28 2069 3083 1146 3085
9487 4 2 16 28 1834 2229 2228 3083
9488 4 2 16 28 743 3112 2341 3117
9489 4 2 16 28 1899 3185 1900 3186
9490 4 2 16 28 2907 603 604 3242
9491 4 2 16 28 1983 2063 82 3215
9492 4 2 16 28 1906 2011 1793 1887
9493 4 2 16 28 1863 1005 1814 3080
9494 4 2 16 28 522 2914 523 3239
9495 4 2 16 28 520 519 2993 3244
9496 4 2 16 28 2325 2092 2390 645
9497 4 2 16 28 385 1239 2223 386
9498 4 2 16 28 650 2077 2308 3214
9499 4 2 16 28 3088 3184 586 3185
9500 4 2 16 28 2304 969 2367 3132
9501 4 2 16 28 545 338 2009 2118
9502 4 2 16 28 2355 2015 3073 3237
9503 4 2 16 28 161 160 2828 794
9504 4 2 16 28 1994 945 1875 946
9505 4 2 16 28 741 3111 742 3117
9506 4 2 16 28 2284 1848 1938 3231
9507 4 2 16 28 1840 1841 2367 3072
9508 4 2 16 28 1793 2011 2197 2269
9509 4 2 16 28 2896 3129 3013 3214
9510 4 2 16 28 868 1410 756 1916
9511 4 2 16 28 415 416 1305 2348
9512 4 2 16 28 2039 601 1852 602
9513 4 2 16 28 1939 3130 676 3131
9514 4 2 16 28 30 21 31 2827
9515 4 2 16 28 2374 2247 1854 2007
9516 4 2 16 28 1906 1811 1843 3113
9517 4 2 16 28 776 108 779 3098
9518 4 2 16 28 943 153 948 3099
9519 4 2 16 28 28 100 3070 3089
9520 4 2 16 28 2407 1796 2008 3164
9521 4 2 16 28 1163 2144 1164 3084
9522 4 2 16 28 734 735 2248 3096
9523 4 2 16 28 2364 2019 2115 3173
9524 4 2 16 28 1409 1916 127 3101
9525 4 2 16 28 855 1406 1862 3118
9526 4 2 16 28 3010 3119 2897 3212
9527 4 2 16 28 2211 1921 1856 3191
9528 4 2 16 28 1979 1900 1797 3185
9529 4 2 16 28 2019 3137 731 3146
9530 4 2 16 28 1047 1048 1818 2130
9531 4 2 16 28 213 2847 1141 3098
9532 4 2 16 28 2880 240 1168 3099
9533 4 2 16 28 1874 1354 94 3188
9534 4 2 16 28 2260 2118 1206 339
9535 4 2 16 28 2016 2336 2312 3102
9536 4 2 16 28 2292 2234 1163 3211
9537 4 2 16 28 854 1953 1859 1885
9538 4 2 16 28 3165 3191 687 3193
9539 4 2 16 28 1970 2103 1948 3121
9540 4 2 16 28 1158 2314 2144 3211
9541 4 2 16 28 210 207 574 211
9542 4 2 16 28 206 211 574 207
9543 4 2 16 28 22 714 717 3086
9544 4 2 16 28 2272 1818 1934 3169
9545 4 2 16 28 1490 155 951 811
9546 4 2 16 28 1461 132 932 882
9547 4 2 16 28 1452 831 102 761
9548 4 2 16 28 104 1461 821 771
9549 4 2 16 28 801 158 1509 961
9550 4 2 16 28 922 156 980 1490
9551 4 2 16 28 105 817 1462 775
9552 4 2 16 28 928 133 1462 886
9553 4 2 16 28 827 103 765 1453
9554 4 2 16 28 807 157 955 1491
9555 4 2 16 28 984 165 918 1491
9556 4 2 16 28 113 100 756 3082
9557 4 2 16 28 83 2077 2306 3214
9558 4 2 16 28 2328 2029 677 417
9559 4 2 16 28 620 2319 81 3212
9560 4 2 16 28 943 3091 153 3099
9561 4 2 16 28 779 108 3090 3098
9562 4 2 16 28 683 446 2215 684
9563 4 2 16 28 2013 1848 2142 2284
9564 4 2 16 28 103 822 770 1446
9565 4 2 16 28 960 1501 157 802
9566 4 2 16 28 131 937 1446 877
9567 4 2 16 28 766 826 104 1447
9568 4 2 16 28 158 1502 956 806
9569 4 2 16 28 717 719 1946 1319
9570 4 2 16 28 1926 3208 3154 3218
9571 4 2 16 28 722 1345 1824 3103
9572 4 2 16 28 718 89 91 3086
9573 4 2 16 28 2296 3135 2248 3150
9574 4 2 16 28 380 588 2151 381
9575 4 2 16 28 630 1924 2920 3205
9576 4 2 16 28 2008 2376 2214 3164
9577 4 2 16 28 2202 267 266 2266
9578 4 2 16 28 1828 2273 2040 2110
9579 4 2 16 28 2016 2134 2303 1855
9580 4 2 16 28 2323 1835 2380 2094
9581 4 2 16 28 1904 568 3161 3222
9582 4 2 16 28 851 1360 1993 3226
9583 4 2 16 28 1201 1258 352 2287
9584 4 2 16 28 2028 2308 1892 648
9585 4 2 16 28 331 332 1279 2335
9586 4 2 16 28 16 24 3069 3144
9587 4 2 16 28 661 662 3000 3201
9588 4 2 16 28 2886 1159 1164 3211
9589 4 2 16 28 1160 2886 1163 3211
9590 4 2 16 28 904 129 870 1992
9591 4 2 16 28 2350 2037 462 463
9592 4 2 16 28 442 2257 653 652
9593 4 2 16 28 1850 1941 140 169
9594 4 2 16 28 2277 2085 1970 3131
9595 4 2 16 28 169 1941 140 3198
9596 4 2 16 28 757 3101 3073 3107
9597 4 2 16 28 2198 2149 2393 425
9598 4 2 16 28 1969 2332 2023 2138
9599 4 2 16 28 2353 2313 2007 1792
9600 4 2 16 28 1278 404 2293 1224
9601 4 2 16 28 227 151 814 2832
9602 4 2 16 28 820 772 819 3167
9603 4 2 16 28 2115 2317 1832 3231
9604 4 2 16 28 2413 3143 1853 3232
9605 4 2 16 28 2351 2211 2352 450
9606 4 2 16 28 1816 1855 1929 3187
9607 4 2 16 28 2030 2122 2048 2001
9608 4 2 16 28 1830 94 2019 3173
9609 4 2 16 28 2407 2008 1796 3106
9610 4 2 16 28 3073 3082 18 3107
9611 4 2 16 28 36 29 33 2829
9612 4 2 16 28 42 39 43 2828
9613 4 2 16 28 42 39 2828 38
9614 4 2 16 28 36 29 2829 32
9615 4 2 16 28 3133 3174 750 3204
9616 4 2 16 28 2991 3148 2912 3199
9617 4 2 16 28 2967 2929 3116 3197
9618 4 2 16 28 1315 760 870 1428
9619 4 2 16 28 1956 1838 989 1001
9620 4 2 16 28 2330 434 435 2372
9621 4 2 16 28 1910 1498 975 1001
9622 4 2 16 28 1427 871 759 1316
9623 4 2 16 28 1224 404 2220 403
9624 4 2 16 28 716 1428 714 1315
9625 4 2 16 28 2274 1843 1906 3237
9626 4 2 16 28 1857 610 1975 1985
9627 4 2 16 28 401 1218 1284 2081
9628 4 2 16 28 2367 3072 1841 3203
9629 4 2 16 28 1834 1913 1804 3083
9630 4 2 16 28 2011 1906 2075 1887
9631 4 2 16 28 160 966 26 796
9632 4 2 16 28 97 2402 3118 3243
9633 4 2 16 28 1828 2109 2040 2273
9634 4 2 16 28 2279 1243 271 1259
9635 4 2 16 28 1800 1979 2017 1900
9636 4 2 16 28 2225 481 2058 2253
9637 4 2 16 28 1828 2273 2110 3101
9638 4 2 16 28 2341 2033 2342 3117
9639 4 2 16 28 539 2925 540 3236
9640 4 2 16 28 1900 582 3131 3156
9641 4 2 16 28 772 773 819 3167
9642 4 2 16 28 18 2337 19 3082
9643 4 2 16 28 2264 2053 265 264
9644 4 2 16 28 858 1957 916 1809
9645 4 2 16 28 83 2306 650 3214
9646 4 2 16 28 25 26 37 2830
9647 4 2 16 28 221 218 2810 3238
9648 4 2 16 28 41 38 26 37
9649 4 2 16 28 2144 3076 1165 3104
9650 4 2 16 28 1156 1157 2314 2887
9651 4 2 16 28 1963 835 938 1866
9652 4 2 16 28 2934 3213 3100 3230
9653 4 2 16 28 589 81 2320 3177
9654 4 2 16 28 588 380 2151 587
9655 4 2 16 28 1261 1234 322 2225
9656 4 2 16 28 598 2133 1996 3224
9657 4 2 16 28 37 26 41 2830
9658 4 2 16 28 678 1799 679 3128
9659 4 2 16 28 898 1867 1442 138
9660 4 2 16 28 2106 313 1209 314
9661 4 2 16 28 2069 78 68 2234
9662 4 2 16 28 1813 1927 2025 3118
9663 4 2 16 28 3096 3146 2820 3167
9664 4 2 16 28 96 3076 736 3126
9665 4 2 16 28 95 740 3075 3125
9666 4 2 16 28 2009 2316 2317 3134
9667 4 2 16 28 1400 1958 1883 3187
9668 4 2 16 28 85 86 1430 1313
9669 4 2 16 28 1803 1870 95 123
9670 4 2 16 28 864 1839 1331 1966
9671 4 2 16 28 170 996 1884 1919
9672 4 2 16 28 629 2920 1924 3229
9673 4 2 16 28 1958 746 1396 3102
9674 4 2 16 28 26 113 160 796
9675 4 2 16 28 3 3098 3090 3183
9676 4 2 16 28 1976 1831 1950 840
9677 4 2 16 28 1965 3084 235 3104
9678 4 2 16 28 713 102 89 3086
9679 4 2 16 28 1225 466 1279 2014
9680 4 2 16 28 740 1870 1361 3075
9681 4 2 16 28 1816 2016 1855 3187
9682 4 2 16 28 2951 3185 2999 3186
9683 4 2 16 28 826 3136 766 3137
9684 4 2 16 28 15 20 242 2337
9685 4 2 16 28 486 1283 485 2108
9686 4 2 16 28 2317 1832 1795 3134
9687 4 2 16 28 2229 2038 1834 2228
9688 4 2 16 28 1400 3102 1958 3187
9689 4 2 16 28 1174 22 14 3081
9690 4 2 16 28 18 1179 26 3082
9691 4 2 16 28 1913 3093 1898 3109
9692 4 2 16 28 458 459 2036 2261
9693 4 2 16 28 244 1180 242 3082
9694 4 2 16 28 1175 241 243 3081
9695 4 2 16 28 3124 3197 597 3224
9696 4 2 16 28 481 2225 480 2253
9697 4 2 16 28 1857 3100 612 3213
9698 4 2 16 28 501 500 594 2044
9699 4 2 16 28 594 501 2044 593
9700 4 2 16 28 1228 483 1277 2238
9701 4 2 16 28 300 301 1267 2123
9702 4 2 16 28 977 3087 3080 3234
9703 4 2 16 28 254 253 2097 2256
9704 4 2 16 28 22 717 21 3086
9705 4 2 16 28 3179 3180 643 3225
9706 4 2 16 28 1169 2 1 3183
9707 4 2 16 28 2153 2389 2051 1902
9708 4 2 16 28 2380 1835 1836 2094
9709 4 2 16 28 768 785 786 3219
9710 4 2 16 28 1315 760 85 1426
9711 4 2 16 28 1315 86 870 1426
9712 4 2 16 28 2170 66 352 2287
9713 4 2 16 28 153 3091 3071 3099
9714 4 2 16 28 2115 1832 3172 3231
9715 4 2 16 28 716 870 1428 1315
9716 4 2 16 28 1315 760 1428 714
9717 4 2 16 28 1965 236 2005 3104
9718 4 2 16 28 714 759 1428 1316
9719 4 2 16 28 1316 871 1428 716
9720 4 2 16 28 2259 256 2303 283
9721 4 2 16 28 1999 2194 1969 1878
9722 4 2 16 28 1906 2043 2197 2274
9723 4 2 16 28 2044 2415 2416 3224
9724 4 2 16 28 756 3070 1916 3101
9725 4 2 16 28 2219 2392 1265 1229
9726 4 2 16 28 954 977 976 3234
9727 4 2 16 28 1510 167 908 1418
9728 4 2 16 28 159 1510 797 1418
9729 4 2 16 28 78 211 574 2840
9730 4 2 16 28 1870 1807 216 3221
9731 4 2 16 28 968 3072 162 3097
9732 4 2 16 28 1854 2247 1825 3094
9733 4 2 16 28 2263 2266 2202 266
9734 4 2 16 28 2349 2337 14 3081
9735 4 2 16 28 1852 3178 601 3240
9736 4 2 16 28 2189 2022 2109 3092
9737 4 2 16 28 420 2083 421 1250
9738 4 2 16 28 171 1910 1838 1909
9739 4 2 16 28 285 3139 1967 3220
9740 4 2 16 28 2821 3112 808 3243
9741 4 2 16 28 1870 216 1807 3085
9742 4 2 16 28 3090 3098 2165 3183
9743 4 2 16 28 1970 1877 2027 3121
9744 4 2 16 28 209 574 2841 79
9745 4 2 16 28 599 1996 2133 3240
9746 4 2 16 28 237 2005 3104 3226
9747 4 2 16 28 495 600 2133 494
9748 4 2 16 28 600 495 2133 599
9749 4 2 16 28 1989 1926 1844 3208
9750 4 2 16 28 2313 1841 3202 3203
9751 4 2 16 28 1936 2010 1794 1829
9752 4 2 16 28 1910 1496 975 3202
9753 4 2 16 28 1479 945 1994 946
9754 4 2 16 28 538 330 2143 331
9755 4 2 16 28 330 538 2143 537
9756 4 2 16 28 473 474 1198 2139
9757 4 2 16 28 2407 349 556 2214
9758 4 2 16 28 2350 2037 2410 462
9759 4 2 16 28 2374 1826 3079 3120
9760 4 2 16 28 2261 698 2410 3200
9761 4 2 16 28 1878 2937 536 3169
9762 4 2 16 28 2059 74 2063 2295
9763 4 2 16 28 41 44 37 2830
9764 4 2 16 28 1794 1828 1829 3092
9765 4 2 16 28 106 813 1459 777
9766 4 2 16 28 152 924 1481 949
9767 4 2 16 28 947 151 815 1481
9768 4 2 16 28 1975 2286 610 2254
9769 4 2 16 28 302 303 1264 2160
9770 4 2 16 28 1849 2005 238 3226
9771 4 2 16 28 2062 328 2192 2194
9772 4 2 16 28 3003 587 588 3184
9773 4 2 16 28 311 310 2280 2187
9774 4 2 16 28 1872 2146 2047 3223
9775 4 2 16 28 320 321 1269 2210
9776 4 2 16 28 3002 3131 2950 3156
9777 4 2 16 28 887 136 1911 890
9778 4 2 16 28 2038 1980 1834 1833
9779 4 2 16 28 2165 1821 1871 2354
9780 4 2 16 28 1927 1798 1948 3140
9781 4 2 16 28 1920 838 839 1356
9782 4 2 16 28 2310 1812 2110 2043
9783 4 2 16 28 642 2924 2981 3225
9784 4 2 16 28 544 336 2009 337
9785 4 2 16 28 2226 2309 420 421
9786 4 2 16 28 336 544 2009 543
9787 4 2 16 28 431 1247 1301 2203
9788 4 2 16 28 757 3070 3101 3107
9789 4 2 16 28 1867 1442 138 1437
9790 4 2 16 28 541 3147 542 3171
9791 4 2 16 28 2168 3071 979 3091
9792 4 2 16 28 2075 2355 2336 3123
9793 4 2 16 28 2043 308 2310 515
9794 4 2 16 28 1833 1930 2376 1796
9795 4 2 16 28 1878 535 2937 3168
9796 4 2 16 28 613 2253 1991 2254
9797 4 2 16 28 1485 1915 1477 154
9798 4 2 16 28 1901 284 283 3220
9799 4 2 16 28 888 134 1334 1808
9800 4 2 16 28 583 1900 584 3186
9801 4 2 16 28 2075 1811 3113 3123
9802 4 2 16 28 1966 863 1414 3113
9803 4 2 16 28 2044 2140 2176 500
9804 4 2 16 28 669 3184 1899 3185
9805 4 2 16 28 445 446 2405 2215
9806 4 2 16 28 384 1259 2128 385
9807 4 2 16 28 1898 2001 1804 3109
9808 4 2 16 28 1269 481 2058 1234
9809 4 2 16 28 1826 2007 1854 1792
9810 4 2 16 28 1058 1059 1835 2323
9811 4 2 16 28 567 361 568 2171
9812 4 2 16 28 2312 2397 2016 3174
9813 4 2 16 28 1967 2016 1855 1816
9814 4 2 16 28 87 29 28 2829
9815 4 2 16 28 1846 136 1472 890
9816 4 2 16 28 1066 1065 2060 1876
9817 4 2 16 28 898 1442 1867 3079
9818 4 2 16 28 1902 2051 2153 2391
9819 4 2 16 28 1152 2859 1143 2314
9820 4 2 16 28 81 3177 589 3212
9821 4 2 16 28 351 352 2384 2406
9822 4 2 16 28 2221 1046 1820 1047
9823 4 2 16 28 536 537 1878 3169
9824 4 2 16 28 948 816 947 3099
9825 4 2 16 28 812 776 777 3098
9826 4 2 16 28 968 1516 1884 997
9827 4 2 16 28 471 1268 2408 1241
9828 4 2 16 28 2001 3109 663 3201
9829 4 2 16 28 265 1226 1275 2262
9830 4 2 16 28 2225 481 480 1234
9831 4 2 16 28 36 33 87 2829
9832 4 2 16 28 435 2131 1253 434
9833 4 2 16 28 1795 1832 2317 1938
9834 4 2 16 28 1150 1159 1149 3211
9835 4 2 16 28 1159 1160 1149 3211
9836 4 2 16 28 1433 111 793 3094
9837 4 2 16 28 564 358 2132 357
9838 4 2 16 28 1197 2159 62 1255
9839 4 2 16 28 1004 1497 1863 3080
9840 4 2 16 28 2928 3149 1857 3213
9841 4 2 16 28 2138 1969 1802 1936
9842 4 2 16 28 2330 2324 2146 436
9843 4 2 16 28 2167 3071 2168 3074
9844 4 2 16 28 689 451 688 2211
9845 4 2 16 28 85 86 1426 1430
9846 4 2 16 28 450 688 451 2211
9847 4 2 16 28 2916 2997 694 3218
9848 4 2 16 28 1965 1797 234 3084
9849 4 2 16 28 835 1866 1344 724
9850 4 2 16 28 2296 2038 1833 2376
9851 4 2 16 28 696 458 2232 2261
9852 4 2 16 28 1810 288 3205 3206
9853 4 2 16 28 1812 2274 2110 2043
9854 4 2 16 28 83 72 2026 413
9855 4 2 16 28 232 2838 1965 3238
9856 4 2 16 28 672 422 2031 423
9857 4 2 16 28 1984 2264 2075 1887
9858 4 2 16 28 1143 2018 3075 3125
9859 4 2 16 28 901 1937 1960 1825
9860 4 2 16 28 848 1911 926 927
9861 4 2 16 28 169 161 1521 3159
9862 4 2 16 28 996 1521 967 3159
9863 4 2 16 28 2096 2025 2103 1948
9864 4 2 16 28 1896 592 2941 3115
9865 4 2 16 28 2007 2247 1854 2246
9866 4 2 16 28 777 813 812 3098
9867 4 2 16 28 947 816 815 3099
9868 4 2 16 28 832 1865 1925 3181
9869 4 2 16 28 1843 1415 866 3237
9870 4 2 16 28 1932 1878 2143 3170
9871 4 2 16 28 954 3112 953 3234
9872 4 2 16 28 1412 862 1918 3123
9873 4 2 16 28 716 86 870 1315
9874 4 2 16 28 1315 760 714 85
9875 4 2 16 28 101 85 760 1426
9876 4 2 16 28 86 129 870 1426
9877 4 2 16 28 1428 760 759 714
9878 4 2 16 28 2109 1794 2010 1829
9879 4 2 16 28 2096 2103 2224 3121
9880 4 2 16 28 2386 2417 317 2121
9881 4 2 16 28 1821 1471 893 3166
9882 4 2 16 28 1480 156 950 923
9883 4 2 16 28 1480 948 155 816
9884 4 2 16 28 1458 812 105 776
9885 4 2 16 28 361 360 2171 567
9886 4 2 16 28 1303 2217 362 1246
9887 4 2 16 28 2296 1930 2376 1833
9888 4 2 16 28 3001 2946 657 3222
9889 4 2 16 28 469 1266 2318 1237
9890 4 2 16 28 1433 1937 139 1436
9891 4 2 16 28 1241 326 2333 1256
9892 4 2 16 28 781 2165 780 3096
9893 4 2 16 28 2094 2031 2198 1836
9894 4 2 16 28 2031 672 423 671
9895 4 2 16 28 240 737 2817 2839
9896 4 2 16 28 2811 2815 213 739
9897 4 2 16 28 609 2286 2419 485
9898 4 2 16 28 731 1830 2019 3150
9899 4 2 16 28 1802 2189 1824 3103
9900 4 2 16 28 149 9 6 3110
9901 4 2 16 28 7 2167 2 3183
9902 4 2 16 28 2085 578 1970 3130
9903 4 2 16 28 2023 321 528 2138
9904 4 2 16 28 2188 2039 2209 492
9905 4 2 16 28 2023 323 1261 2137
9906 4 2 16 28 2103 1800 1970 1948
9907 4 2 16 28 1327 1940 929 930
9908 4 2 16 28 279 2097 2363 3140
9909 4 2 16 28 2084 420 2309 674
9910 4 2 16 28 2961 3142 2938 3191
9911 4 2 16 28 1913 220 219 3238
9912 4 2 16 28 1946 1828 3089 3092
9913 4 2 16 28 380 586 2151 587
9914 4 2 16 28 552 345 2213 553
9915 4 2 16 28 345 346 2213 553
9916 4 2 16 28 164 3234 3133 3243
9917 4 2 16 28 2311 2861 1146 3211
9918 4 2 16 28 2148 3080 972 3145
9919 4 2 16 28 842 1830 122 1367
9920 4 2 16 28 3071 3099 1168 3126
9921 4 2 16 28 1510 965 159 797
9922 4 2 16 28 908 994 167 1510
9923 4 2 16 28 1002 1001 1956 988
9924 4 2 16 28 2043 308 307 2236
9925 4 2 16 28 215 224 2808 3221
9926 4 2 16 28 2237 2129 1894 3245
9927 4 2 16 28 1853 1901 1974 3143
9928 4 2 16 28 1932 2013 2142 2143
9929 4 2 16 28 2052 1902 2389 3180
9930 4 2 16 28 518 1943 3178 3242
9931 4 2 16 28 93 121 1952 3231
9932 4 2 16 28 653 2899 652 3233
9933 4 2 16 28 1850 140 905 169
9934 4 2 16 28 756 796 26 3107
9935 4 2 16 28 1201 2405 2136 445
9936 4 2 16 28 2353 3080 1842 3087
9937 4 2 16 28 2986 1985 3149 3239
9938 4 2 16 28 2284 2021 3217 3231
9939 4 2 16 28 222 231 1807 3238
9940 4 2 16 28 548 2177 3138 3190
9941 4 2 16 28 348 1233 1271 2098
9942 4 2 16 28 2893 588 3077 3184
9943 4 2 16 28 2022 3092 2189 3181
9944 4 2 16 28 700 2410 699 3200
9945 4 2 16 28 2304 2367 969 3072
9946 4 2 16 28 629 1924 628 3229
9947 4 2 16 28 274 248 2224 275
9948 4 2 16 28 248 274 2224 247
9949 4 2 16 28 2021 788 3079 3158
9950 4 2 16 28 2084 2329 2334 1912
9951 4 2 16 28 781 3166 2165 3167
9952 4 2 16 28 1802 1824 1848 3103
9953 4 2 16 28 1998 1970 2027 3128
9954 4 2 16 28 896 1445 1826 3120
9955 4 2 16 28 548 3138 547 3153
9956 4 2 16 28 1798 2134 1855 3220
9957 4 2 16 28 2237 2275 621 1894
9958 4 2 16 28 791 111 1436 3094
9959 4 2 16 28 977 1489 1814 3087
9960 4 2 16 28 1970 1948 1877 3121
9961 4 2 16 28 492 493 1211 2250
9962 4 2 16 28 275 3121 1877 3179
9963 4 2 16 28 586 380 2151 379
9964 4 2 16 28 1069 1070 1837 2056
9965 4 2 16 28 446 683 2215 445
9966 4 2 16 28 2019 3136 2115 3173
9967 4 2 16 28 885 1955 891 1940
9968 4 2 16 28 345 346 1276 2244
9969 4 2 16 28 1468 108 780 3090
9970 4 2 16 28 153 1485 979 3091
9971 4 2 16 28 1899 1836 670 3186
9972 4 2 16 28 2415 1996 1987 2133
9973 4 2 16 28 67 573 560 77
9974 4 2 16 28 2154 188 1072 1869
9975 4 2 16 28 183 2127 1895 1847
9976 4 2 16 28 2313 2367 1841 3203
9977 4 2 16 28 2355 3113 754 3132
9978 4 2 16 28 898 1826 1444 3079
9979 4 2 16 28 2122 2030 2315 664
9980 4 2 16 28 1946 718 720 1317
9981 4 2 16 28 292 265 2264 2263
9982 4 2 16 28 1862 855 856 1406
9983 4 2 16 28 2337 3073 18 3196
9984 4 2 16 28 2316 3134 2377 3138
9985 4 2 16 28 991 992 1839 1512
9986 4 2 16 28 1232 387 388 2387
9987 4 2 16 28 2370 2174 1240 1262
9988 4 2 16 28 1886 1806 1949 852
9989 4 2 16 28 1996 1852 2133 3240
9990 4 2 16 28 87 100 1917 1429
9991 4 2 16 28 1287 2107 310 2187
9992 4 2 16 28 462 463 1285 2350
9993 4 2 16 28 1213 462 1285 2350
9994 4 2 16 28 2251 313 520 2040
9995 4 2 16 28 713 1427 759 1316
9996 4 2 16 28 871 1427 715 1316
9997 4 2 16 28 3164 3165 555 3193
9998 4 2 16 28 804 2813 3145 3174
9999 4 2 16 28 2009 2282 336 543
10000 4 2 16 28 1063 1047 2130 1064
10001 4 2 16 28 1947 917 1809 857
10002 4 2 16 28 1793 3115 2269 3116
10003 4 2 16 28 1821 2165 1871 3090
10004 4 2 16 28 1173 21 13 3086
10005 4 2 16 28 2319 2249 81 3177
10006 4 2 16 28 1982 1852 1943 3178
10007 4 2 16 28 622 1894 2943 3141
10008 4 2 16 28 1956 1883 860 1958
10009 4 2 16 28 517 3178 1943 3241
10010 4 2 16 28 2133 2111 495 494
10011 4 2 16 28 521 315 314 2343
10012 4 2 16 28 315 521 522 2343
10013 4 2 16 28 1996 1907 3124 3224
10014 4 2 16 28 2367 3144 3072 3196
10015 4 2 16 28 304 303 2124 1231
10016 4 2 16 28 390 391 1275 2262
10017 4 2 16 28 287 259 286 2239
10018 4 2 16 28 287 260 259 2239
10019 4 2 16 28 3073 3101 3070 3107
10020 4 2 16 28 1972 1819 1056 2163
10021 4 2 16 28 2004 1905 1845 3233
10022 4 2 16 28 381 2152 1194 70
10023 4 2 16 28 1825 789 1439 900
10024 4 2 16 28 1900 3131 1939 3156
10025 4 2 16 28 2004 651 3195 3233
10026 4 2 16 28 570 364 571 2345
10027 4 2 16 28 309 308 2310 2359
10028 4 2 16 28 555 3164 3163 3165
10029 4 2 16 28 1920 1356 839 3172
10030 4 2 16 28 562 3109 1804 3201
10031 4 2 16 28 1934 2003 3209 3210
10032 4 2 16 28 777 213 813 3098
10033 4 2 16 28 947 815 240 3099
10034 4 2 16 28 1832 3134 2316 3138
10035 4 2 16 28 1830 1833 2296 3150
10036 4 2 16 28 797 3073 2304 3097
10037 4 2 16 28 1433 903 1937 3094
10038 4 2 16 28 570 364 2345 363
10039 4 2 16 28 1825 1854 1826 3079
10040 4 2 16 28 2813 803 3145 3174
10041 4 2 16 28 2106 313 314 2251
10042 4 2 16 28 2414 1868 2049 1853
10043 4 2 16 28 624 387 2222 625
10044 4 2 16 28 2395 2086 1200 442
10045 4 2 16 28 624 387 386 2222
10046 4 2 16 28 260 287 2357 2239
10047 4 2 16 28 2015 99 3073 3237
10048 4 2 16 28 2168 3087 978 3234
10049 4 2 16 28 1074 1059 2323 1075
10050 4 2 16 28 444 682 2215 2119
10051 4 2 16 28 1805 3138 2035 3190
10052 4 2 16 28 21 30 34 2827
10053 4 2 16 28 621 2943 1894 3212
10054 4 2 16 28 744 808 807 3243
10055 4 2 16 28 2416 498 597 497
10056 4 2 16 28 2077 650 2306 3214
10057 4 2 16 28 2416 498 596 597
10058 4 2 16 28 2308 649 412 650
10059 4 2 16 28 1911 848 847 927
10060 4 2 16 28 641 3152 2924 3225
10061 4 2 16 28 1904 3222 2002 3223
10062 4 2 16 28 896 1880 1443 3120
10063 4 2 16 28 658 2002 659 3161
10064 4 2 16 28 14 1173 13 3086
10065 4 2 16 28 2357 2116 262 261
10066 4 2 16 28 1830 1930 1805 2364
10067 4 2 16 28 1863 1486 1005 3080
10068 4 2 16 28 2004 651 84 3195
10069 4 2 16 28 50 47 51 149
10070 4 2 16 28 718 713 89 3086
10071 4 2 16 28 1902 2052 2389 2051
10072 4 2 16 28 2372 2001 2048 2227
10073 4 2 16 28 940 1963 874 1890
10074 4 2 16 28 2062 327 326 2333
10075 4 2 16 28 1229 2219 250 1278
10076 4 2 16 28 1969 3100 1857 3213
10077 4 2 16 28 1229 405 406 2219
10078 4 2 16 28 2040 2280 311 518
10079 4 2 16 28 2096 1948 2103 3121
10080 4 2 16 28 660 659 2002 3160
10081 4 2 16 28 1813 1927 1948 2025
10082 4 2 16 28 2341 3117 1813 3118
10083 4 2 16 28 2407 3106 1796 3164
10084 4 2 16 28 681 83 2026 413
10085 4 2 16 28 1908 1918 2006 862
10086 4 2 16 28 460 461 2410 698
10087 4 2 16 28 699 2410 461 698
10088 4 2 16 28 1939 1912 2334 2329
10089 4 2 16 28 2345 2170 571 3106
10090 4 2 16 28 1990 1441 3120 3166
10091 4 2 16 28 254 281 2259 2097
10092 4 2 16 28 2015 2110 2273 3101
10093 4 2 16 28 1906 2011 2075 2197
10094 4 2 16 28 2274 1812 2110 1954
10095 4 2 16 28 2960 3009 3157 3182
10096 4 2 16 28 888 1911 887 927
10097 4 2 16 28 3147 3171 541 3236
10098 4 2 16 28 2066 2145 2272 3209
10099 4 2 16 28 1906 2011 2197 1793
10100 4 2 16 28 2290 2067 1893 2291
10101 4 2 16 28 649 1892 2308 648
10102 4 2 16 28 314 315 1295 2106
10103 4 2 16 28 2213 2245 1930 2093
10104 4 2 16 28 1905 3106 1904 3122
10105 4 2 16 28 2259 283 2303 3220
10106 4 2 16 28 340 548 2377 547
10107 4 2 16 28 548 340 2377 341
10108 4 2 16 28 1431 112 794 3198
10109 4 2 16 28 1431 905 140 3198
10110 4 2 16 28 2345 2407 2406 3106
10111 4 2 16 28 926 1911 888 927
10112 4 2 16 28 937 1962 1822 837
10113 4 2 16 28 2013 1932 1848 1802
10114 4 2 16 28 2047 1872 1845 1059
10115 4 2 16 28 2317 2115 1832 2316
10116 4 2 16 28 1814 3080 1488 3087
10117 4 2 16 28 1834 1833 1803 3135
10118 4 2 16 28 2087 1891 185 1076
10119 4 2 16 28 1795 3134 1889 3148
10120 4 2 16 28 2291 474 2063 712
10121 4 2 16 28 2132 2161 2229 357
10122 4 2 16 28 232 1965 2835 3238
10123 4 2 16 28 85 23 32 2829
10124 4 2 16 28 2015 3101 99 3237
10125 4 2 16 28 77 560 2894 3093
10126 4 2 16 28 998 1519 1959 969
10127 4 2 16 28 714 713 759 1316
10128 4 2 16 28 1316 715 871 716
10129 4 2 16 28 1195 444 2136 1311
10130 4 2 16 28 1830 2364 1805 3173
10131 4 2 16 28 315 316 2196 2343
10132 4 2 16 28 1989 3154 1926 3208
10133 4 2 16 28 1164 2144 1163 3211
10134 4 2 16 28 487 1295 2195 488
10135 4 2 16 28 1913 3083 4 3093
10136 4 2 16 28 905 1432 168 1522
10137 4 2 16 28 160 1432 794 1522
10138 4 2 16 28 1990 137 894 1873
10139 4 2 16 28 1832 2115 3172 3173
10140 4 2 16 28 1853 2413 1901 3143
10141 4 2 16 28 1842 3080 2313 3202
10142 4 2 16 28 2826 3146 732 3167
10143 4 2 16 28 2315 2070 1193 429
10144 4 2 16 28 2109 1794 1829 3092
10145 4 2 16 28 588 587 2151 3088
10146 4 2 16 28 2240 2178 1989 3208
10147 4 2 16 28 848 1362 1968 739
10148 4 2 16 28 2167 1154 7 2
10149 4 2 16 28 1155 7 2167 1154
10150 4 2 16 28 1830 2019 2364 3173
10151 4 2 16 28 1882 1002 974 3202
10152 4 2 16 28 2925 3210 2977 3236
10153 4 2 16 28 2358 264 263 2053
10154 4 2 16 28 1855 1927 1928 2134
10155 4 2 16 28 997 998 1884 1518
10156 4 2 16 28 2296 2248 3146 3150
10157 4 2 16 28 2337 20 3070 3089
10158 4 2 16 28 124 1993 1886 1806
10159 4 2 16 28 2296 3146 2019 3150
10160 4 2 16 28 397 398 1205 2164
10161 4 2 16 28 1866 1848 1824 3103
10162 4 2 16 28 1824 833 1347 1865
10163 4 2 16 28 2275 621 1894 3212
10164 4 2 16 28 1930 2296 2376 2093
10165 4 2 16 28 169 1840 1941 3198
10166 4 2 16 28 2832 814 227 2817
10167 4 2 16 28 814 226 2815 2804
10168 4 2 16 28 713 717 714 3086
10169 4 2 16 28 234 3084 1797 3088
10170 4 2 16 28 713 715 1427 1316
10171 4 2 16 28 2901 3142 3192 3195
10172 4 2 16 28 2162 1254 1252 422
10173 4 2 16 28 414 1196 413 2241
10174 4 2 16 28 1798 2097 280 3140
10175 4 2 16 28 328 329 1237 2362
10176 4 2 16 28 2157 1066 1988 1067
10177 4 2 16 28 486 608 2418 2419
10178 4 2 16 28 53 60 106 57
10179 4 2 16 28 861 126 1958 1396
10180 4 2 16 28 542 3147 3148 3171
10181 4 2 16 28 1910 1515 3202 3203
10182 4 2 16 28 2337 2015 2273 3070
10183 4 2 16 28 2035 2316 2377 3138
10184 4 2 16 28 1970 2027 2085 2103
10185 4 2 16 28 1059 1074 2323 1058
10186 4 2 16 28 1815 1871 1792 3074
10187 4 2 16 28 2032 2292 79 3088
10188 4 2 16 28 2211 1914 1921 3165
10189 4 2 16 28 2021 2374 2247 3158
10190 4 2 16 28 1396 98 126 1918
10191 4 2 16 28 997 998 2000 1884
10192 4 2 16 28 135 1473 1931 3110
10193 4 2 16 28 2098 2352 2370 1233
10194 4 2 16 28 1917 869 128 1850
10195 4 2 16 28 2185 487 607 2418
10196 4 2 16 28 733 3146 2826 3167
10197 4 2 16 28 2267 2268 1793 3114
10198 4 2 16 28 1898 3077 665 3093
10199 4 2 16 28 2085 2298 2027 1970
10200 4 2 16 28 597 596 2416 3224
10201 4 2 16 28 1263 268 2387 1232
10202 4 2 16 28 760 1315 870 1426
10203 4 2 16 28 784 3108 2021 3219
10204 4 2 16 28 967 25 3097 3159
10205 4 2 16 28 1428 759 871 1316
10206 4 2 16 28 2957 2894 3093 3194
10207 4 2 16 28 1930 2296 1830 1833
10208 4 2 16 28 85 86 1315 1426
10209 4 2 16 28 1316 1428 714 716
10210 4 2 16 28 1867 1439 1825 3079
10211 4 2 16 28 1832 2316 2035 3138
10212 4 2 16 28 2354 3074 2168 3087
10213 4 2 16 28 2015 2273 3070 3101
10214 4 2 16 28 3142 3191 684 3192
10215 4 2 16 28 2032 2151 588 381
10216 4 2 16 28 787 3137 3136 3219
10217 4 2 16 28 375 376 2366 2083
10218 4 2 16 28 2272 2065 1818 3169
10219 4 2 16 28 386 1239 2090 1263
10220 4 2 16 28 1798 1927 1855 2134
10221 4 2 16 28 394 395 1293 2373
10222 4 2 16 28 2964 3191 2938 3193
10223 4 2 16 28 3080 3087 2353 3234
10224 4 2 16 28 2022 2189 2283 3181
10225 4 2 16 28 791 3078 3094 3095
10226 4 2 16 28 1830 842 731 1367
10227 4 2 16 28 1930 1805 2364 3190
10228 4 2 16 28 2283 3103 2284 3217
10229 4 2 16 28 2907 3242 2993 3244
10230 4 2 16 28 2917 3240 2987 3241
10231 4 2 16 28 2180 2004 1856 1045
10232 4 2 16 28 2313 3202 3127 3203
10233 4 2 16 28 2294 3125 2314 3189
10234 4 2 16 28 1811 1887 1984 2075
10235 4 2 16 28 2008 1796 2376 3164
10236 4 2 16 28 2189 3092 1829 3181
10237 4 2 16 28 558 352 2406 559
10238 4 2 16 28 1866 834 1824 1890
10239 4 2 16 28 1468 136 108 1472
10240 4 2 16 28 154 153 1477 1485
10241 4 2 16 28 1065 1066 1050 1876
10242 4 2 16 28 1284 2256 1218 254
10243 4 2 16 28 2374 3079 2247 3158
10244 4 2 16 28 32 36 85 2829
10245 4 2 16 28 1440 1825 790 901
10246 4 2 16 28 1907 3197 3124 3224
10247 4 2 16 28 1862 1406 856 745
10248 4 2 16 28 2276 2327 2027 246
10249 4 2 16 28 2022 3095 721 3181
10250 4 2 16 28 2007 2354 2353 1792
10251 4 2 16 28 1482 1383 949 947
10252 4 2 16 28 1382 888 777 1460
10253 4 2 16 28 2818 3145 2312 3174
10254 4 2 16 28 1988 1852 1982 3242
10255 4 2 16 28 495 496 1272 2371
10256 4 2 16 28 2178 3154 1989 3208
10257 4 2 16 28 1999 2958 1893 3215
10258 4 2 16 28 352 558 2406 351
10259 4 2 16 28 516 310 2280 517
10260 4 2 16 28 310 516 2280 309
10261 4 2 16 28 1797 1899 3077 3184
10262 4 2 16 28 744 745 3118 3243
10263 4 2 16 28 1472 108 1468 3090
10264 4 2 16 28 153 1477 1485 3091
10265 4 2 16 28 2304 3072 968 3097
10266 4 2 16 28 745 744 807 3243
10267 4 2 16 28 466 703 2145 465
10268 4 2 16 28 3172 3173 3136 3188
10269 4 2 16 28 2402 2341 2025 3118
10270 4 2 16 28 703 466 2145 704
10271 4 2 16 28 773 772 782 3167
10272 4 2 16 28 1944 1907 1812 3124
10273 4 2 16 28 447 1240 1258 2102
10274 4 2 16 28 2148 2313 3080 3145
10275 4 2 16 28 17 1178 25 3097
10276 4 2 16 28 624 3141 1978 3245
10277 4 2 16 28 490 1290 2398 2104
10278 4 2 16 28 2297 2364 2035 3190
10279 4 2 16 28 1473 3110 107 3183
10280 4 2 16 28 2355 2015 2304 3073
10281 4 2 16 28 1804 3160 563 3201
10282 4 2 16 28 2288 2351 1271 451
10283 4 2 16 28 1058 1057 2205 1912
10284 4 2 16 28 1991 613 2254 3100
10285 4 2 16 28 2412 2113 2413 399
10286 4 2 16 28 2336 98 3102 3123
10287 4 2 16 28 1946 3089 717 3092
10288 4 2 16 28 1193 1191 429 2070
10289 4 2 16 28 2402 3234 3112 3243
10290 4 2 16 28 1913 1797 1898 3077
10291 4 2 16 28 1923 897 1826 1879
10292 4 2 16 28 1177 3144 17 3159
10293 4 2 16 28 2000 910 1839 992
10294 4 2 16 28 2169 2171 362 2368
10295 4 2 16 28 2314 2018 1143 3125
10296 4 2 16 28 632 394 2055 2207
10297 4 2 16 28 2415 1851 1996 3224
10298 4 2 16 28 693 3208 2916 3218
10299 4 2 16 28 2417 2196 316 2010
10300 4 2 16 28 2147 3127 971 3203
10301 4 2 16 28 1892 2902 649 3214
10302 4 2 16 28 1857 1975 611 2254
10303 4 2 16 28 1946 1829 1828 3092
10304 4 2 16 28 60 53 106 56
10305 4 2 16 28 689 3163 1844 3165
10306 4 2 16 28 634 3139 3143 3232
10307 4 2 16 28 1944 3240 3124 3241
10308 4 2 16 28 77 3093 2894 3194
10309 4 2 16 28 2360 2174 2361 447
10310 4 2 16 28 317 318 1221 2121
10311 4 2 16 28 1224 252 1273 2156
10312 4 2 16 28 230 223 1807 3221
10313 4 2 16 28 2172 655 2257 3223
10314 4 2 16 28 2322 1802 2138 2189
10315 4 2 16 28 1802 1936 1829 2189
10316 4 2 16 28 1062 1061 2099 1914
10317 4 2 16 28 2325 409 2028 647
10318 4 2 16 28 1978 3227 625 3245
10319 4 2 16 28 1795 1832 1889 3134
10320 4 2 16 28 2127 183 1052 1847
10321 4 2 16 28 1956 1957 1882 1002
10322 4 2 16 28 2189 2109 1829 3092
10323 4 2 16 28 1930 2376 1796 3164
10324 4 2 16 28 3069 3078 2349 3094
10325 4 2 16 28 1065 186 2175 1049
10326 4 2 16 28 2059 1801 2271 1991
10327 4 2 16 28 1859 1405 742 853
10328 4 2 16 28 1264 1236 2160 500
10329 4 2 16 28 1904 1796 1980 2171
10330 4 2 16 28 2008 2345 1796 3106
10331 4 2 16 28 1892 649 2308 3214
10332 4 2 16 28 1832 1805 2035 3173
10333 4 2 16 28 1832 2035 1805 3138
10334 4 2 16 28 2190 2191 2065 469
10335 4 2 16 28 1821 2165 3090 3166
10336 4 2 16 28 835 1963 938 939
10337 4 2 16 28 720 92 1946 1317
10338 4 2 16 28 1248 379 1296 2385
10339 4 2 16 28 506 300 2268 507
10340 4 2 16 28 1935 1863 1947 172
10341 4 2 16 28 2097 252 279 2363
10342 4 2 16 28 850 1849 1363 3226
10343 4 2 16 28 1801 1983 618 3215
10344 4 2 16 28 303 302 510 2269
10345 4 2 16 28 271 297 2126 270
10346 4 2 16 28 2269 302 510 509
10347 4 2 16 28 84 73 2120 2119
10348 4 2 16 28 1844 1914 2211 3165
10349 4 2 16 28 1806 145 852 124
10350 4 2 16 28 1254 2302 377 376
10351 4 2 16 28 1141 3125 3098 3189
10352 4 2 16 28 86 129 1426 1430
10353 4 2 16 28 1426 101 85 1430
10354 4 2 16 28 2127 1053 1069 187
10355 4 2 16 28 2268 299 300 506
10356 4 2 16 28 212 211 78 2840
10357 4 2 16 28 2311 2144 2314 3211
10358 4 2 16 28 205 2850 4 3194
10359 4 2 16 28 5 2850 206 3194
10360 4 2 16 28 340 341 1210 2179
10361 4 2 16 28 1146 2234 2069 3211
10362 4 2 16 28 1899 2094 2198 1836
10363 4 2 16 28 1225 2014 465 466
10364 4 2 16 28 2103 1800 2342 2017
10365 4 2 16 28 2374 3079 2021 3219
10366 4 2 16 28 28 3070 20 3089
10367 4 2 16 28 1822 148 937 837
10368 4 2 16 28 297 271 2126 298
10369 4 2 16 28 1162 2292 3084 3088
10370 4 2 16 28 790 3094 2247 3095
10371 4 2 16 28 1803 1833 1864 3135
10372 4 2 16 28 211 210 207 3194
10373 4 2 16 28 211 207 206 3194
10374 4 2 16 28 679 416 2046 678
10375 4 2 16 28 76 1905 572 3106
10376 4 2 16 28 1801 2944 1999 3215
10377 4 2 16 28 25 26 967 3097
10378 4 2 16 28 2296 2364 1830 2019
10379 4 2 16 28 2420 342 2301 343
10380 4 2 16 28 2335 331 332 2143
10381 4 2 16 28 1920 1822 1359 3231
10382 4 2 16 28 249 1229 1265 2392
10383 4 2 16 28 860 1883 1398 747
10384 4 2 16 28 1899 2031 670 1836
10385 4 2 16 28 1047 2130 1064 1048
10386 4 2 16 28 210 209 574 2841
10387 4 2 16 28 87 85 36 2829
10388 4 2 16 28 1976 1962 1323 838
10389 4 2 16 28 2084 1939 1912 2334
10390 4 2 16 28 1399 3187 1929 3204
10391 4 2 16 28 2281 337 1288 2340
10392 4 2 16 28 1063 1062 2221 1047
10393 4 2 16 28 720 90 715 1964
10394 4 2 16 28 850 737 1364 3226
10395 4 2 16 28 1076 2047 1059 1075
10396 4 2 16 28 701 3209 2003 3210
10397 4 2 16 28 1994 1478 1971 3110
10398 4 2 16 28 2957 2893 80 3077
10399 4 2 16 28 161 39 24 2828
10400 4 2 16 28 1930 2213 2376 3164
10401 4 2 16 28 1843 1413 1966 865
10402 4 2 16 28 73 444 1311 2136
10403 4 2 16 28 1066 1051 1988 1067
10404 4 2 16 28 1144 3075 2018 3085
10405 4 2 16 28 1994 1971 3074 3110
10406 4 2 16 28 1985 3175 1794 3239
10407 4 2 16 28 2178 455 693 2240
10408 4 2 16 28 701 2003 3147 3210
10409 4 2 16 28 1899 2094 1835 2338
10410 4 2 16 28 2243 1242 503 502
10411 4 2 16 28 1918 1984 3102 3123
10412 4 2 16 28 1958 861 746 1400
10413 4 2 16 28 682 2004 84 3195
10414 4 2 16 28 1859 1886 1949 852
10415 4 2 16 28 2885 2144 1164 3211
10416 4 2 16 28 2225 481 1234 2058
10417 4 2 16 28 2389 1902 2153 3180
10418 4 2 16 28 1879 1826 896 897
10419 4 2 16 28 2062 324 531 2332
10420 4 2 16 28 2408 2333 1241 1268
10421 4 2 16 28 2388 2092 2389 3180
10422 4 2 16 28 1144 2018 2311 3085
10423 4 2 16 28 2139 74 474 1312
10424 4 2 16 28 532 326 2062 533
10425 4 2 16 28 972 3080 2148 3133
10426 4 2 16 28 614 3100 1991 3230
10427 4 2 16 28 889 1808 888 1334
10428 4 2 16 28 1908 863 1966 3113
10429 4 2 16 28 1858 2209 1982 2208
10430 4 2 16 28 415 416 2046 679
10431 4 2 16 28 1001 975 1910 1496
10432 4 2 16 28 914 915 1956 988
10433 4 2 16 28 2958 1999 1893 3168
10434 4 2 16 28 2305 634 635 3232
10435 4 2 16 28 96 2033 3076 3126
10436 4 2 16 28 1922 1004 1863 3080
10437 4 2 16 28 1798 3151 2259 3220
10438 4 2 16 28 1169 6 2 3183
10439 4 2 16 28 1169 1 3 3183
10440 4 2 16 28 1934 1878 1932 3170
10441 4 2 16 28 541 542 2394 3171
10442 4 2 16 28 382 1197 1309 2072
10443 4 2 16 28 2029 2329 2328 677
10444 4 2 16 28 1898 3093 665 3109
10445 4 2 16 28 2232 2100 2178 3154
10446 4 2 16 28 214 1142 2845 3125
10447 4 2 16 28 1167 239 2878 3126
10448 4 2 16 28 954 3234 955 3243
10449 4 2 16 28 405 1229 1278 2219
10450 4 2 16 28 1475 151 1476 3235
10451 4 2 16 28 42 161 2828 43
10452 4 2 16 28 1237 328 2362 1268
10453 4 2 16 28 1855 2134 2303 3220
10454 4 2 16 28 1801 1999 1983 3215
10455 4 2 16 28 80 368 588 70
10456 4 2 16 28 1901 3139 1974 3143
10457 4 2 16 28 1821 1990 1826 3120
10458 4 2 16 28 10 5 206 3194
10459 4 2 16 28 2292 1163 2144 3211
10460 4 2 16 28 1053 2127 183 187
10461 4 2 16 28 1816 1918 1984 3102
10462 4 2 16 28 1003 987 1882 1957
10463 4 2 16 28 49 12 944 2831
10464 4 2 16 28 2812 58 3 778
10465 4 2 16 28 903 1823 904 870
10466 4 2 16 28 1060 2047 1845 1059
10467 4 2 16 28 96 3071 2033 3126
10468 4 2 16 28 1397 125 1928 857
10469 4 2 16 28 1049 1065 1050 1876
10470 4 2 16 28 1979 1797 3088 3185
10471 4 2 16 28 1887 1811 1906 2075
10472 4 2 16 28 1213 336 2281 1285
10473 4 2 16 28 2862 1142 1153 2314
10474 4 2 16 28 1797 11 234 3088
10475 4 2 16 28 541 3210 3147 3236
10476 4 2 16 28 2361 1856 2360 3191
10477 4 2 16 28 2101 2261 2037 3200
10478 4 2 16 28 2039 1852 1988 2209
10479 4 2 16 28 453 1222 1276 2365
10480 4 2 16 28 1002 1003 1882 1500
10481 4 2 16 28 2348 415 1199 1305
10482 4 2 16 28 1923 897 898 1826
10483 4 2 16 28 2268 2269 2011 1793
10484 4 2 16 28 1434 1941 3105 3198
10485 4 2 16 28 504 591 2125 503
10486 4 2 16 28 842 1830 731 1371
10487 4 2 16 28 1864 3135 1833 3150
10488 4 2 16 28 2399 2113 2412 399
10489 4 2 16 28 689 2212 451 2211
10490 4 2 16 28 1045 2087 185 1061
10491 4 2 16 28 1254 2083 421 422
10492 4 2 16 28 2354 2167 2168 3074
10493 4 2 16 28 1992 869 1917 1850
10494 4 2 16 28 2216 1987 1851 1051
10495 4 2 16 28 2148 3080 2353 3234
10496 4 2 16 28 2147 3132 962 3176
10497 4 2 16 28 1920 838 1359 1822
10498 4 2 16 28 2004 2180 1891 1045
10499 4 2 16 28 2307 72 2026 83
10500 4 2 16 28 2115 2035 2364 3173
10501 4 2 16 28 1298 1249 2074 360
10502 4 2 16 28 1487 1815 3087 3091
10503 4 2 16 28 1346 1866 3103 3155
10504 4 2 16 28 205 4 3093 3194
10505 4 2 16 28 2240 2212 2365 453
10506 4 2 16 28 2168 2148 2353 3234
10507 4 2 16 28 139 903 1937 1433
10508 4 2 16 28 419 1299 2411 2226
10509 4 2 16 28 1371 1830 731 3150
10510 4 2 16 28 2055 1974 1868 3206
10511 4 2 16 28 1874 94 3173 3188
10512 4 2 16 28 2274 2075 2197 1906
10513 4 2 16 28 33 29 87 2829
10514 4 2 16 28 1046 2221 1062 1047
10515 4 2 16 28 99 2015 3073 3101
10516 4 2 16 28 1830 2296 2019 3150
10517 4 2 16 28 1071 1055 2163 1072
10518 4 2 16 28 1215 2301 343 1282
10519 4 2 16 28 1892 648 2902 3157
10520 4 2 16 28 364 363 1204 2344
10521 4 2 16 28 1974 3139 1810 3206
10522 4 2 16 28 10 3077 5 3194
10523 4 2 16 28 2213 1930 2376 2093
10524 4 2 16 28 832 1925 1343 3181
10525 4 2 16 28 1219 2255 2400 1274
10526 4 2 16 28 2226 1250 420 1299
10527 4 2 16 28 2216 1051 2278 1067
10528 4 2 16 28 1978 626 3227 3228
10529 4 2 16 28 306 307 2043 514
10530 4 2 16 28 2043 306 514 513
10531 4 2 16 28 1832 2035 2115 3173
10532 4 2 16 28 244 113 100 758
10533 4 2 16 28 778 777 779 3098
10534 4 2 16 28 944 943 947 3099
10535 4 2 16 28 1051 1066 1988 1050
10536 4 2 16 28 2185 2396 488 2195
10537 4 2 16 28 2337 3073 3070 3082
10538 4 2 16 28 623 2223 2237 3245
10539 4 2 16 28 1877 2027 1998 1970
10540 4 2 16 28 1288 460 2117 1206
10541 4 2 16 28 152 1981 924 1875
10542 4 2 16 28 297 270 2267 2126
10543 4 2 16 28 2127 1053 183 1895
10544 4 2 16 28 1433 139 111 1436
10545 4 2 16 28 2287 2136 1195 1201
10546 4 2 16 28 1058 1835 1836 2380
10547 4 2 16 28 501 500 2044 2176
10548 4 2 16 28 649 411 2308 412
10549 4 2 16 28 2004 2120 651 3233
10550 4 2 16 28 1966 1414 864 753
10551 4 2 16 28 12 45 48 2831
10552 4 2 16 28 54 3 55 2812
10553 4 2 16 28 129 86 870 1992
10554 4 2 16 28 327 328 1268 2192
10555 4 2 16 28 508 3116 3115 3207
10556 4 2 16 28 1867 1825 1826 3079
10557 4 2 16 28 188 1073 1057 2154
10558 4 2 16 28 2368 362 1246 361
10559 4 2 16 28 468 2318 1266 1230
10560 4 2 16 28 1834 1913 3083 3085
10561 4 2 16 28 1503 916 959 1392
10562 4 2 16 28 2292 2144 2234 3211
10563 4 2 16 28 89 2022 3086 3095
10564 4 2 16 28 65 325 2331 1244
10565 4 2 16 28 2182 2183 2089 3227
10566 4 2 16 28 1074 1058 1073 2205
10567 4 2 16 28 392 1220 391 2300
10568 4 2 16 28 2355 2274 2015 3237
10569 4 2 16 28 1181 20 3070 3082
10570 4 2 16 28 618 476 2295 2270
10571 4 2 16 28 2353 2313 1842 3080
10572 4 2 16 28 1070 1069 1837 1054
10573 4 2 16 28 713 718 717 3086
10574 4 2 16 28 1804 1913 1898 3109
10575 4 2 16 28 453 690 2212 452
10576 4 2 16 28 1216 1295 315 2195
10577 4 2 16 28 546 3138 3134 3153
10578 4 2 16 28 1891 181 185 1060
10579 4 2 16 28 1056 188 184 1869
10580 4 2 16 28 2015 3070 2337 3073
10581 4 2 16 28 1917 88 87 1429
10582 4 2 16 28 1056 1072 188 1869
10583 4 2 16 28 252 1273 2156 253
10584 4 2 16 28 187 1052 1068 2127
10585 4 2 16 28 1799 3128 678 3130
10586 4 2 16 28 1060 185 1891 1076
10587 4 2 16 28 1835 2323 2380 1058
10588 4 2 16 28 2272 1934 1861 3209
10589 4 2 16 28 587 3088 588 3184
10590 4 2 16 28 2283 2021 3158 3217
10591 4 2 16 28 422 2031 2309 672
10592 4 2 16 28 2807 218 221 3238
10593 4 2 16 28 2019 3137 3136 3173
10594 4 2 16 28 1857 3149 1936 3213
10595 4 2 16 28 2019 94 3137 3173
10596 4 2 16 28 2414 1868 1853 1070
10597 4 2 16 28 2392 250 249 1229
10598 4 2 16 28 300 2268 507 508
10599 4 2 16 28 335 1219 334 2088
10600 4 2 16 28 2267 2268 2011 1793
10601 4 2 16 28 62 271 2265 1243
10602 4 2 16 28 2031 1836 2309 3186
10603 4 2 16 28 2268 300 301 508
10604 4 2 16 28 813 3098 213 3125
10605 4 2 16 28 240 3099 815 3126
10606 4 2 16 28 479 2068 2253 480
10607 4 2 16 28 1813 3117 1859 3118
10608 4 2 16 28 1249 435 2330 2235
10609 4 2 16 28 724 3155 3103 3217
10610 4 2 16 28 2010 2189 2109 1829
10611 4 2 16 28 868 1850 141 906
10612 4 2 16 28 1878 1999 534 3168
10613 4 2 16 28 2037 700 701 3200
10614 4 2 16 28 3 57 58 54
10615 4 2 16 28 3 53 57 54
10616 4 2 16 28 9 45 49 46
10617 4 2 16 28 656 2172 2324 3223
10618 4 2 16 28 1863 1497 1486 3080
10619 4 2 16 28 320 2138 2210 2057
10620 4 2 16 28 2035 2115 2316 1832
10621 4 2 16 28 2232 2036 2261 458
10622 4 2 16 28 897 1923 878 1879
10623 4 2 16 28 2217 437 1298 1246
10624 4 2 16 28 1921 3142 1905 3192
10625 4 2 16 28 2124 304 2289 511
10626 4 2 16 28 122 94 1874 1354
10627 4 2 16 28 1258 446 2102 1201
10628 4 2 16 28 583 3156 1900 3186
10629 4 2 16 28 1820 2003 3199 3200
10630 4 2 16 28 2049 1070 2183 1868
10631 4 2 16 28 2292 2151 3084 3088
10632 4 2 16 28 437 438 1246 2217
10633 4 2 16 28 2070 428 1191 429
10634 4 2 16 28 2000 909 993 1888
10635 4 2 16 28 834 1824 1345 3103
10636 4 2 16 28 2145 3209 702 3210
10637 4 2 16 28 138 1951 1867 876
10638 4 2 16 28 354 2034 561 2242
10639 4 2 16 28 98 3123 2336 3176
10640 4 2 16 28 720 718 1946 1319
10641 4 2 16 28 561 2242 2034 3083
10642 4 2 16 28 999 1909 1959 3203
10643 4 2 16 28 3112 3118 2341 3243
10644 4 2 16 28 1986 933 881 1942
10645 4 2 16 28 899 788 1867 1437
10646 4 2 16 28 399 636 2413 398
10647 4 2 16 28 636 399 2413 637
10648 4 2 16 28 380 2073 2151 379
10649 4 2 16 28 393 1281 392 2300
10650 4 2 16 28 448 1240 2174 1262
10651 4 2 16 28 2345 2406 2170 3106
10652 4 2 16 28 1844 3162 691 3208
10653 4 2 16 28 1861 2066 1047 2130
10654 4 2 16 28 3133 3234 2402 3243
10655 4 2 16 28 1924 3227 628 3228
10656 4 2 16 28 1935 855 1885 919
10657 4 2 16 28 2271 1876 2059 1991
10658 4 2 16 28 842 1830 1371 843
10659 4 2 16 28 9 2 6 3183
10660 4 2 16 28 7 2 9 3183
10661 4 2 16 28 1894 622 2237 3245
10662 4 2 16 28 1966 1413 1843 3113
10663 4 2 16 28 2414 1868 1070 2049
10664 4 2 16 28 1915 1008 980 154
10665 4 2 16 28 2291 472 710 2290
10666 4 2 16 28 1832 1950 1805 3173
10667 4 2 16 28 1860 1007 1953 981
10668 4 2 16 28 1972 2308 1892 2028
10669 4 2 16 28 270 269 2090 1239
10670 4 2 16 28 560 3093 77 3194
10671 4 2 16 28 1242 300 1267 2123
10672 4 2 16 28 1849 1981 1995 850
10673 4 2 16 28 1881 182 2175 2299
10674 4 2 16 28 1973 3121 276 3179
10675 4 2 16 28 2220 404 2024 403
10676 4 2 16 28 588 368 575 2032
10677 4 2 16 28 1055 1070 1071 2414
10678 4 2 16 28 92 1964 832 90
10679 4 2 16 28 997 998 993 2000
10680 4 2 16 28 1412 862 126 1918
10681 4 2 16 28 2420 343 2301 1282
10682 4 2 16 28 183 2127 1052 187
10683 4 2 16 28 1936 3149 1985 3239
10684 4 2 16 28 713 714 759 3216
10685 4 2 16 28 206 207 10 3194
10686 4 2 16 28 1986 933 934 881
10687 4 2 16 28 2283 3095 2022 3181
10688 4 2 16 28 1829 2189 1824 1802
10689 4 2 16 28 2349 14 3078 3081
10690 4 2 16 28 1939 3131 675 3156
10691 4 2 16 28 1205 258 1291 2114
10692 4 2 16 28 457 2326 2231 456
10693 4 2 16 28 813 812 3098 3125
10694 4 2 16 28 816 815 3099 3126
10695 4 2 16 28 1852 2039 2133 3240
10696 4 2 16 28 726 1354 841 3188
10697 4 2 16 28 1206 2117 2260 460
10698 4 2 16 28 186 182 2175 1049
10699 4 2 16 28 1986 840 1321 934
10700 4 2 16 28 1851 3207 3197 3224
10701 4 2 16 28 2275 1894 2129 3212
10702 4 2 16 28 1945 2307 2026 3214
10703 4 2 16 28 2314 2311 1144 2018
10704 4 2 16 28 1883 859 1398 3187
10705 4 2 16 28 616 478 2270 2271
10706 4 2 16 28 1844 1921 1914 3165
10707 4 2 16 28 1861 1818 2066 2130
10708 4 2 16 28 2313 2312 2147 3127
10709 4 2 16 28 316 523 2010 2343
10710 4 2 16 28 941 872 942 1960
10711 4 2 16 28 1836 1899 2031 2198
10712 4 2 16 28 102 1427 713 1314
10713 4 2 16 28 715 1427 130 1314
10714 4 2 16 28 2374 2166 3120 3219
10715 4 2 16 28 1812 2274 1906 1954
10716 4 2 16 28 1908 1918 862 3123
10717 4 2 16 28 833 1824 1890 1865
10718 4 2 16 28 787 1880 1443 895
10719 4 2 16 28 479 2253 2271 615
10720 4 2 16 28 2363 2097 2096 3140
10721 4 2 16 28 347 2213 554 2214
10722 4 2 16 28 613 481 2253 2254
10723 4 2 16 28 2936 3179 1877 3182
10724 4 2 16 28 2193 1266 2318 1230
10725 4 2 16 28 1956 1838 913 989
10726 4 2 16 28 2257 442 2285 652
10727 4 2 16 28 1321 1976 1986 935
10728 4 2 16 28 2003 2989 3147 3148
10729 4 2 16 28 2120 2004 651 84
10730 4 2 16 28 2076 245 61 1202
10731 4 2 16 28 778 3 777 3098
10732 4 2 16 28 944 947 12 3099
10733 4 2 16 28 2292 2144 1163 3084
10734 4 2 16 28 172 1486 1863 1497
10735 4 2 16 28 2003 700 3148 3200
10736 4 2 16 28 910 911 1839 1419
10737 4 2 16 28 1431 169 905 3198
10738 4 2 16 28 1431 794 161 3198
10739 4 2 16 28 612 482 613 2254
10740 4 2 16 28 482 481 613 2254
10741 4 2 16 28 2160 1231 303 1264
10742 4 2 16 28 2047 1076 1059 1060
10743 4 2 16 28 1427 715 713 1314
10744 4 2 16 28 1048 2067 1818 2130
10745 4 2 16 28 2037 700 462 701
10746 4 2 16 28 463 2037 462 701
10747 4 2 16 28 2033 3071 96 3111
10748 4 2 16 28 1803 123 95 1366
10749 4 2 16 28 3153 3154 1889 3199
10750 4 2 16 28 1075 1872 2048 2047
10751 4 2 16 28 1805 2035 2364 3190
10752 4 2 16 28 1912 1799 2046 2329
10753 4 2 16 28 737 816 736 3126
10754 4 2 16 28 740 812 739 3125
10755 4 2 16 28 2002 3160 1804 3201
10756 4 2 16 28 1959 1518 1884 998
10757 4 2 16 28 1856 2080 2211 2361
10758 4 2 16 28 327 1241 2333 1268
10759 4 2 16 28 458 2232 2326 696
10760 4 2 16 28 2957 2892 77 3194
10761 4 2 16 28 1055 1997 2163 1056
10762 4 2 16 28 2351 450 451 2211
10763 4 2 16 28 2273 1828 3089 3101
10764 4 2 16 28 361 360 2368 2171
10765 4 2 16 28 1899 2030 2338 1835
10766 4 2 16 28 2360 446 684 2215
10767 4 2 16 28 2372 2002 2146 1872
10768 4 2 16 28 2003 701 3200 3209
10769 4 2 16 28 2289 306 2043 513
10770 4 2 16 28 2245 345 2213 552
10771 4 2 16 28 2016 1816 3102 3187
10772 4 2 16 28 655 2172 656 3223
10773 4 2 16 28 24 3159 161 3198
10774 4 2 16 28 78 68 2242 2069
10775 4 2 16 28 1424 141 168 906
10776 4 2 16 28 1427 130 871 715
10777 4 2 16 28 1427 759 102 713
10778 4 2 16 28 453 2365 1276 452
10779 4 2 16 28 2221 2037 1861 3200
10780 4 2 16 28 921 1860 981 980
10781 4 2 16 28 2138 2013 2189 1802
10782 4 2 16 28 363 364 2345 2344
10783 4 2 16 28 1832 1889 3134 3138
10784 4 2 16 28 17 3144 16 3196
10785 4 2 16 28 1916 1409 757 3101
10786 4 2 16 28 1293 2373 261 1214
10787 4 2 16 28 1057 1073 1058 2205
10788 4 2 16 28 2331 2061 1244 1260
10789 4 2 16 28 915 1956 1957 1322
10790 4 2 16 28 1053 1054 1837 1069
10791 4 2 16 28 1431 161 1522 3198
10792 4 2 16 28 1431 1522 169 3198
10793 4 2 16 28 1866 1344 724 3103
10794 4 2 16 28 1875 945 949 946
10795 4 2 16 28 1889 3154 1820 3199
10796 4 2 16 28 1873 1990 1933 894
10797 4 2 16 28 1934 3169 1878 3170
10798 4 2 16 28 1294 2231 2301 456
10799 4 2 16 28 1225 333 1274 2255
10800 4 2 16 28 1867 1442 1437 3079
10801 4 2 16 28 547 2377 339 546
10802 4 2 16 28 2377 339 340 547
10803 4 2 16 28 866 127 1827 1411
10804 4 2 16 28 2382 2165 3166 3167
10805 4 2 16 28 1386 952 981 1493
10806 4 2 16 28 883 1374 772 1464
10807 4 2 16 28 991 1419 962 1512
10808 4 2 16 28 873 1338 762 1455
10809 4 2 16 28 1375 885 774 1463
10810 4 2 16 28 1339 875 764 1454
10811 4 2 16 28 954 1387 983 1492
10812 4 2 16 28 964 1420 993 1511
10813 4 2 16 28 878 1350 769 1448
10814 4 2 16 28 1504 1393 957 988
10815 4 2 16 28 1351 880 767 1449
10816 4 2 16 28 924 925 1981 152
10817 4 2 16 28 16 3144 3069 3196
10818 4 2 16 28 1899 3184 1797 3185
10819 4 2 16 28 2278 1051 1068 1067
10820 4 2 16 28 1824 1865 1347 3181
10821 4 2 16 28 1061 1046 1914 1062
10822 4 2 16 28 1813 1886 1859 3117
10823 4 2 16 28 2021 3079 2374 3158
10824 4 2 16 28 1241 472 1256 2012
10825 4 2 16 28 2089 2222 626 3227
10826 4 2 16 28 93 1952 1342 3155
10827 4 2 16 28 91 92 1925 1343
10828 4 2 16 28 2283 2247 3095 3158
10829 4 2 16 28 855 1862 1885 3118
10830 4 2 16 28 245 272 246 2276
10831 4 2 16 28 1948 1973 3121 3140
10832 4 2 16 28 273 246 272 2276
10833 4 2 16 28 2202 2075 2264 1887
10834 4 2 16 28 1797 1899 1898 3077
10835 4 2 16 28 740 739 1365 3125
10836 4 2 16 28 45 12 49 2831
10837 4 2 16 28 54 58 3 2812
10838 4 2 16 28 2218 2363 2096 3121
10839 4 2 16 28 1950 840 1831 3188
10840 4 2 16 28 226 2815 2811 738
10841 4 2 16 28 738 227 2817 2839
10842 4 2 16 28 2050 2259 256 2303
10843 4 2 16 28 1294 342 1215 2301
10844 4 2 16 28 1806 923 145 851
10845 4 2 16 28 1426 129 101 1430
10846 4 2 16 28 2304 3072 3097 3196
10847 4 2 16 28 1475 151 149 1476
10848 4 2 16 28 313 1209 1290 2186
10849 4 2 16 28 283 256 255 2259
10850 4 2 16 28 283 255 282 2259
10851 4 2 16 28 1918 1396 98 3102
10852 4 2 16 28 1925 1824 1829 3181
10853 4 2 16 28 2177 2297 2035 3190
10854 4 2 16 28 2005 1807 1849 3221
10855 4 2 16 28 793 111 3078 3094
10856 4 2 16 28 757 3073 114 3107
10857 4 2 16 28 2003 1889 1820 3199
10858 4 2 16 28 793 3069 3094 3216
10859 4 2 16 28 979 3071 2168 3111
10860 4 2 16 28 857 1809 1928 3204
10861 4 2 16 28 634 395 2305 396
10862 4 2 16 28 395 634 2305 633
10863 4 2 16 28 2284 3103 1848 3155
10864 4 2 16 28 1168 3099 240 3126
10865 4 2 16 28 1141 213 3098 3125
10866 4 2 16 28 776 779 777 3098
10867 4 2 16 28 943 948 947 3099
10868 4 2 16 28 1845 2002 1872 3223
10869 4 2 16 28 2236 2310 2043 308
10870 4 2 16 28 1066 2105 2157 1988
10871 4 2 16 28 591 504 2125 590
10872 4 2 16 28 1048 1064 186 2299
10873 4 2 16 28 2938 3191 3142 3193
10874 4 2 16 28 660 3160 2002 3201
10875 4 2 16 28 1851 3197 1907 3224
10876 4 2 16 28 2864 2167 1154 3189
10877 4 2 16 28 1286 2111 2250 494
10878 4 2 16 28 2248 3135 734 3146
10879 4 2 16 28 2108 2418 486 487
10880 4 2 16 28 1072 1055 2163 1056
10881 4 2 16 28 1075 1872 2323 2048
10882 4 2 16 28 7 3074 2167 3183
10883 4 2 16 28 1915 1008 154 1485
10884 4 2 16 28 2105 2082 1858 1988
10885 4 2 16 28 686 449 2361 687
10886 4 2 16 28 2274 1906 1954 3237
10887 4 2 16 28 449 686 2361 448
10888 4 2 16 28 1859 1407 742 3117
10889 4 2 16 28 2055 392 630 2182
10890 4 2 16 28 1274 2400 1219 464
10891 4 2 16 28 2079 2144 2292 3084
10892 4 2 16 28 1433 1937 1436 3094
10893 4 2 16 28 1974 3139 633 3232
10894 4 2 16 28 1993 1360 3076 3226
10895 4 2 16 28 2069 2234 2311 3211
10896 4 2 16 28 282 3151 1901 3220
10897 4 2 16 28 487 1216 2108 2195
10898 4 2 16 28 1844 2979 3162 3163
10899 4 2 16 28 1824 833 1890 834
10900 4 2 16 28 972 3133 2148 3145
10901 4 2 16 28 415 416 2348 2046
10902 4 2 16 28 852 1859 1886 3117
10903 4 2 16 28 1443 1880 787 3120
10904 4 2 16 28 269 1263 268 2090
10905 4 2 16 28 486 1216 2108 487
10906 4 2 16 28 2222 2387 388 387
10907 4 2 16 28 1930 3163 2213 3164
10908 4 2 16 28 160 113 27 794
10909 4 2 16 28 2001 2002 1804 3201
10910 4 2 16 28 1926 1889 3153 3154
10911 4 2 16 28 2413 1902 2051 1853
10912 4 2 16 28 2805 224 215 3221
10913 4 2 16 28 1989 2101 2100 1046
10914 4 2 16 28 1223 305 306 2184
10915 4 2 16 28 2105 1050 2082 1988
10916 4 2 16 28 922 156 145 1949
10917 4 2 16 28 461 1288 2117 1213
10918 4 2 16 28 1424 168 1508 906
10919 4 2 16 28 1047 1818 1861 2130
10920 4 2 16 28 1868 1853 1974 3232
10921 4 2 16 28 47 51 149 151
10922 4 2 16 28 660 434 661 2372
10923 4 2 16 28 2380 1058 2205 1912
10924 4 2 16 28 967 1521 161 3159
10925 4 2 16 28 121 1822 1952 3231
10926 4 2 16 28 500 1236 2160 2176
10927 4 2 16 28 2032 588 2151 3088
10928 4 2 16 28 16 3069 1176 3081
10929 4 2 16 28 997 1888 2000 993
10930 4 2 16 28 996 1840 169 3159
10931 4 2 16 28 97 3133 2402 3243
10932 4 2 16 28 1921 3191 3142 3192
10933 4 2 16 28 795 159 1423 1507
10934 4 2 16 28 2256 2259 2097 254
10935 4 2 16 28 1889 2905 3153 3199
10936 4 2 16 28 126 98 1412 1918
10937 4 2 16 28 2005 230 1807 3221
10938 4 2 16 28 2407 349 2214 2173
10939 4 2 16 28 1877 3157 274 3182
10940 4 2 16 28 6 3 107 3183
10941 4 2 16 28 1806 1993 1995 851
10942 4 2 16 28 2402 2341 3118 3243
10943 4 2 16 28 2085 3130 1970 3131
10944 4 2 16 28 1208 2054 2206 1291
10945 4 2 16 28 489 604 2208 605
10946 4 2 16 28 1340 938 1963 939
10947 4 2 16 28 604 489 2208 490
10948 4 2 16 28 1046 2221 1820 2101
10949 4 2 16 28 1915 1477 945 3091
10950 4 2 16 28 2002 1980 3160 3161
10951 4 2 16 28 2930 1973 3179 3225
10952 4 2 16 28 618 477 2270 617
10953 4 2 16 28 1058 1836 1912 2380
10954 4 2 16 28 966 795 159 3097
10955 4 2 16 28 170 1884 1516 997
10956 4 2 16 28 2367 3072 2304 3196
10957 4 2 16 28 1472 779 108 3090
10958 4 2 16 28 153 943 1477 3091
10959 4 2 16 28 981 982 1953 1493
10960 4 2 16 28 2182 1924 2183 3227
10961 4 2 16 28 1945 2026 3129 3214
10962 4 2 16 28 1048 182 1881 2299
10963 4 2 16 28 444 683 2215 682
10964 4 2 16 28 1959 1841 1840 3072
10965 4 2 16 28 1291 258 259 2114
10966 4 2 16 28 1260 325 1244 2331
10967 4 2 16 28 2353 2148 2313 3080
10968 4 2 16 28 26 966 967 3097
10969 4 2 16 28 1056 1819 1997 2163
10970 4 2 16 28 70 1191 1192 2152
10971 4 2 16 28 1954 1906 1843 3237
10972 4 2 16 28 2235 1249 435 1253
10973 4 2 16 28 15 241 1175 3081
10974 4 2 16 28 242 1180 19 3082
10975 4 2 16 28 2078 597 2416 3224
10976 4 2 16 28 497 597 2416 2078
10977 4 2 16 28 1952 3155 93 3231
10978 4 2 16 28 2006 126 862 1918
10979 4 2 16 28 1179 18 19 3082
10980 4 2 16 28 14 15 1174 3081
10981 4 2 16 28 154 156 1915 950
10982 4 2 16 28 2165 3090 780 3096
10983 4 2 16 28 913 1958 1838 1956
10984 4 2 16 28 993 998 992 2000
10985 4 2 16 28 1963 875 900 899
10986 4 2 16 28 1830 1864 1833 3150
10987 4 2 16 28 1982 1943 1794 3244
10988 4 2 16 28 1990 3120 1821 3166
10989 4 2 16 28 2168 978 3112 3234
10990 4 2 16 28 971 3127 2147 3176
10991 4 2 16 28 2382 2166 3137 3166
10992 4 2 16 28 2041 2418 1858 2286
10993 4 2 16 28 2333 1256 326 2252
10994 4 2 16 28 2147 3127 2312 3176
10995 4 2 16 28 1979 1797 3084 3088
10996 4 2 16 28 2356 360 567 2171
10997 4 2 16 28 504 2125 590 2320
10998 4 2 16 28 471 710 2290 709
10999 4 2 16 28 1822 121 837 1355
11000 4 2 16 28 1889 3148 545 3199
11001 4 2 16 28 1982 605 3242 3244
11002 4 2 16 28 2193 330 1266 1230
11003 4 2 16 28 1050 1858 1975 2082
11004 4 2 16 28 2313 2148 2312 3145
11005 4 2 16 28 891 1846 136 1468
11006 4 2 16 28 848 849 1968 1362
11007 4 2 16 28 1912 1799 2329 1939
11008 4 2 16 28 1823 719 1335 716
11009 4 2 16 28 1966 1414 753 3113
11010 4 2 16 28 2294 2018 2314 3125
11011 4 2 16 28 137 1990 1441 1880
11012 4 2 16 28 2254 2271 2253 1991
11013 4 2 16 28 853 854 1859 1405
11014 4 2 16 28 301 2269 2268 508
11015 4 2 16 28 2053 2264 265 2263
11016 4 2 16 28 910 1419 1512 799
11017 4 2 16 28 829 1455 1338 940
11018 4 2 16 28 1386 920 809 1493
11019 4 2 16 28 1375 1463 819 930
11020 4 2 16 28 1511 910 799 1420
11021 4 2 16 28 940 829 1454 1339
11022 4 2 16 28 900 1867 1825 1963
11023 4 2 16 28 1910 171 1001 1496
11024 4 2 16 28 1943 1944 1812 3241
11025 4 2 16 28 3070 3082 3073 3107
11026 4 2 16 28 2035 1805 2364 3173
11027 4 2 16 28 1350 1448 935 824
11028 4 2 16 28 1351 935 1449 824
11029 4 2 16 28 1393 915 1504 804
11030 4 2 16 28 1503 804 915 1392
11031 4 2 16 28 1046 1061 1914 1045
11032 4 2 16 28 112 3069 792 3081
11033 4 2 16 28 2983 3124 1907 3197
11034 4 2 16 28 161 794 112 3198
11035 4 2 16 28 140 905 169 3198
11036 4 2 16 28 734 3096 2248 3146
11037 4 2 16 28 91 3086 2022 3092
11038 4 2 16 28 24 161 112 3198
11039 4 2 16 28 1485 1477 1915 3091
11040 4 2 16 28 2316 2118 2377 3134
11041 4 2 16 28 1932 1934 3170 3236
11042 4 2 16 28 2311 1145 2861 3211
11043 4 2 16 28 1830 1805 1874 3173
11044 4 2 16 28 423 1252 422 2162
11045 4 2 16 28 794 161 160 1522
11046 4 2 16 28 905 168 169 1522
11047 4 2 16 28 2165 3098 2294 3189
11048 4 2 16 28 91 3092 2022 3181
11049 4 2 16 28 2031 671 424 670
11050 4 2 16 28 1382 812 927 1460
11051 4 2 16 28 2832 227 240 2817
11052 4 2 16 28 226 213 2815 2804
11053 4 2 16 28 314 315 2106 2343
11054 4 2 16 28 1981 924 850 1320
11055 4 2 16 28 1875 1971 946 150
11056 4 2 16 28 633 3139 1974 3206
11057 4 2 16 28 671 423 2031 424
11058 4 2 16 28 1989 2101 1046 1820
11059 4 2 16 28 1268 470 2408 1237
11060 4 2 16 28 332 333 1225 2335
11061 4 2 16 28 1006 1488 977 1814
11062 4 2 16 28 2004 682 2215 3195
11063 4 2 16 28 1858 2082 1050 1988
11064 4 2 16 28 994 1884 170 997
11065 4 2 16 28 2308 2028 410 648
11066 4 2 16 28 2382 2165 2166 3166
11067 4 2 16 28 2275 2129 2319 3212
11068 4 2 16 28 2272 2014 467 466
11069 4 2 16 28 2167 1168 3071 3099
11070 4 2 16 28 1206 339 1292 2260
11071 4 2 16 28 1160 2234 1149 3211
11072 4 2 16 28 2275 2237 2129 1894
11073 4 2 16 28 2338 426 668 2198
11074 4 2 16 28 2268 299 506 2126
11075 4 2 16 28 471 710 472 2290
11076 4 2 16 28 1836 2031 2309 2084
11077 4 2 16 28 1837 2183 2056 1070
11078 4 2 16 28 1972 2077 2308 2028
11079 4 2 16 28 874 1960 873 1890
11080 4 2 16 28 270 1259 2279 271
11081 4 2 16 28 2094 1835 2338 2030
11082 4 2 16 28 339 340 1292 2179
11083 4 2 16 28 11 1797 3077 3184
11084 4 2 16 28 2354 2168 2353 3087
11085 4 2 16 28 1889 546 3134 3153
11086 4 2 16 28 1283 485 2108 2347
11087 4 2 16 28 161 43 39 2828
11088 4 2 16 28 733 1368 1864 3150
11089 4 2 16 28 2351 450 2352 2098
11090 4 2 16 28 723 3103 2283 3217
11091 4 2 16 28 450 449 2352 1233
11092 4 2 16 28 22 3081 792 3216
11093 4 2 16 28 1858 608 1985 2286
11094 4 2 16 28 2862 1152 1143 2314
11095 4 2 16 28 1822 1920 838 1962
11096 4 2 16 28 476 2383 2061 1244
11097 4 2 16 28 1842 1910 1882 3202
11098 4 2 16 28 1831 933 1986 1942
11099 4 2 16 28 1913 3077 1898 3093
11100 4 2 16 28 335 336 1285 2088
11101 4 2 16 28 411 1196 1202 2076
11102 4 2 16 28 2071 2393 425 2198
11103 4 2 16 28 1961 842 1977 932
11104 4 2 16 28 867 757 1410 1916
11105 4 2 16 28 100 128 1917 1429
11106 4 2 16 28 227 151 226 814
11107 4 2 16 28 2889 7 8 2167
11108 4 2 16 28 130 139 871 1964
11109 4 2 16 28 1262 349 2370 1233
11110 4 2 16 28 344 343 2420 1282
11111 4 2 16 28 1261 479 2068 1238
11112 4 2 16 28 2151 2079 2292 3084
11113 4 2 16 28 1423 114 159 795
11114 4 2 16 28 1213 337 1288 2281
11115 4 2 16 28 1941 1854 3094 3105
11116 4 2 16 28 685 686 448 2361
11117 4 2 16 28 2098 450 2352 1233
11118 4 2 16 28 849 1849 1968 3221
11119 4 2 16 28 2354 2165 2167 3183
11120 4 2 16 28 2413 1902 1853 1901
11121 4 2 16 28 1958 3102 1883 3187
11122 4 2 16 28 407 2390 1265 406
11123 4 2 16 28 257 1205 2164 2114
11124 4 2 16 28 1948 3121 2096 3140
11125 4 2 16 28 2066 1861 2037 3209
11126 4 2 16 28 251 250 2293 1278
11127 4 2 16 28 1045 2087 2180 1891
11128 4 2 16 28 1862 1406 745 3118
11129 4 2 16 28 2029 677 417 418
11130 4 2 16 28 2293 252 251 1224
11131 4 2 16 28 2077 2306 2307 83
11132 4 2 16 28 1807 1870 1968 3221
11133 4 2 16 28 355 354 2034 561
11134 4 2 16 28 447 685 448 2361
11135 4 2 16 28 2394 2088 335 334
11136 4 2 16 28 2406 559 352 2170
11137 4 2 16 28 1394 1956 914 913
11138 4 2 16 28 2367 2246 3144 3196
11139 4 2 16 28 2306 2077 2308 650
11140 4 2 16 28 1169 3 6 3183
11141 4 2 16 28 1894 3141 622 3245
11142 4 2 16 28 1048 186 182 2299
11143 4 2 16 28 1899 2094 1836 1835
11144 4 2 16 28 447 2102 2174 1240
11145 4 2 16 28 2301 343 342 1215
11146 4 2 16 28 1146 2069 2311 3211
11147 4 2 16 28 1499 1922 1842 3080
11148 4 2 16 28 3 57 107 58
11149 4 2 16 28 578 372 2085 371
11150 4 2 16 28 1793 3114 2268 3115
11151 4 2 16 28 998 1519 999 1959
11152 4 2 16 28 492 1287 2188 1211
11153 4 2 16 28 1215 1294 2301 456
11154 4 2 16 28 952 3111 2168 3112
11155 4 2 16 28 152 1381 151 1481
11156 4 2 16 28 1380 134 106 1459
11157 4 2 16 28 3090 3096 2165 3098
11158 4 2 16 28 1941 1854 1937 3094
11159 4 2 16 28 2352 449 1262 1233
11160 4 2 16 28 677 2029 676 418
11161 4 2 16 28 2142 2230 2394 3171
11162 4 2 16 28 1973 277 3140 3225
11163 4 2 16 28 1918 1811 1984 3123
11164 4 2 16 28 2390 2325 645 407
11165 4 2 16 28 140 1992 904 1941
11166 4 2 16 28 2125 2249 1897 3177
11167 4 2 16 28 1892 2308 2077 3214
11168 4 2 16 28 2380 1836 1912 2084
11169 4 2 16 28 2415 2133 2078 3224
11170 4 2 16 28 2943 3119 1894 3212
11171 4 2 16 28 2224 276 2218 3121
11172 4 2 16 28 449 448 2352 1262
11173 4 2 16 28 2080 1045 2180 1856
11174 4 2 16 28 1964 92 832 1925
11175 4 2 16 28 704 1934 3210 3236
11176 4 2 16 28 1846 890 1472 3090
11177 4 2 16 28 1075 1872 2047 1059
11178 4 2 16 28 935 878 1962 1879
11179 4 2 16 28 1798 1973 3140 3152
11180 4 2 16 28 561 2034 355 562
11181 4 2 16 28 372 578 2085 579
11182 4 2 16 28 2920 3205 1924 3229
11183 4 2 16 28 1008 1915 980 1860
11184 4 2 16 28 2307 1869 2077 3214
11185 4 2 16 28 837 1822 838 1962
11186 4 2 16 28 125 1947 857 144
11187 4 2 16 28 3103 3155 2284 3217
11188 4 2 16 28 2313 3145 3127 3202
11189 4 2 16 28 679 3128 1799 3129
11190 4 2 16 28 518 2280 311 517
11191 4 2 16 28 2280 310 311 517
11192 4 2 16 28 367 79 69 2234
11193 4 2 16 28 932 1873 882 132
11194 4 2 16 28 1981 1849 1968 849
11195 4 2 16 28 457 2231 2036 1210
11196 4 2 16 28 1955 136 133 886
11197 4 2 16 28 342 341 2177 1294
11198 4 2 16 28 756 100 3070 3082
11199 4 2 16 28 2084 2226 2309 420
11200 4 2 16 28 79 367 574 2234
11201 4 2 16 28 1907 3116 511 3197
11202 4 2 16 28 1919 142 167 907
11203 4 2 16 28 2282 2317 2142 3171
11204 4 2 16 28 1982 3175 605 3244
11205 4 2 16 28 2967 3197 3116 3207
11206 4 2 16 28 2165 3096 781 3167
11207 4 2 16 28 2205 2084 2380 1912
11208 4 2 16 28 745 856 1862 1402
11209 4 2 16 28 636 398 2112 2413
11210 4 2 16 28 1926 1889 3138 3153
11211 4 2 16 28 990 991 1000 1909
11212 4 2 16 28 1424 160 113 796
11213 4 2 16 28 2892 2955 2956 3194
11214 4 2 16 28 2304 3097 3073 3196
11215 4 2 16 28 1295 488 2396 2195
11216 4 2 16 28 107 106 6 149
11217 4 2 16 28 242 2337 20 3082
11218 4 2 16 28 2177 2035 3138 3190
11219 4 2 16 28 1986 896 880 879
11220 4 2 16 28 846 1955 146 928
11221 4 2 16 28 1893 1818 2290 3168
11222 4 2 16 28 1901 3143 284 3220
11223 4 2 16 28 1340 876 765 1456
11224 4 2 16 28 1465 775 886 1376
11225 4 2 16 28 1513 1421 965 994
11226 4 2 16 28 1388 1494 984 955
11227 4 2 16 28 761 872 1341 1457
11228 4 2 16 28 990 1514 1422 961
11229 4 2 16 28 1389 1495 951 980
11230 4 2 16 28 1466 882 771 1377
11231 4 2 16 28 1070 1868 1853 1054
11232 4 2 16 28 2247 790 3095 3158
11233 4 2 16 28 2343 314 521 2251
11234 4 2 16 28 985 1506 1395 960
11235 4 2 16 28 1394 1505 989 956
11236 4 2 16 28 1450 1352 766 881
11237 4 2 16 28 1451 877 770 1353
11238 4 2 16 28 1212 400 1284 2199
11239 4 2 16 28 878 935 879 1879
11240 4 2 16 28 1863 1814 1842 3080
11241 4 2 16 28 1425 796 795 966
11242 4 2 16 28 906 1425 907 995
11243 4 2 16 28 1797 1817 1979 3084
11244 4 2 16 28 1204 1304 364 2344
11245 4 2 16 28 545 1889 3134 3148
11246 4 2 16 28 715 130 871 1964
11247 4 2 16 28 2356 1249 360 2074
11248 4 2 16 28 2148 2402 3133 3234
11249 4 2 16 28 1950 3173 3172 3188
11250 4 2 16 28 12 3110 3074 3183
11251 4 2 16 28 704 3170 1934 3236
11252 4 2 16 28 2305 2206 397 396
11253 4 2 16 28 467 704 2272 466
11254 4 2 16 28 704 467 2272 705
11255 4 2 16 28 2175 182 186 2299
11256 4 2 16 28 2310 309 2280 516
11257 4 2 16 28 1987 2216 2415 2133
11258 4 2 16 28 1832 1920 1950 3172
11259 4 2 16 28 1820 1861 2221 1047
11260 4 2 16 28 1996 1851 1907 3224
11261 4 2 16 28 1251 357 356 2161
11262 4 2 16 28 863 864 1966 1414
11263 4 2 16 28 726 841 1358 3188
11264 4 2 16 28 2001 2372 1872 2002
11265 4 2 16 28 159 162 966 3097
11266 4 2 16 28 139 1937 902 1436
11267 4 2 16 28 318 524 2375 317
11268 4 2 16 28 524 318 2375 525
11269 4 2 16 28 389 1226 1270 2095
11270 4 2 16 28 393 1214 1281 2116
11271 4 2 16 28 2009 2118 2316 3134
11272 4 2 16 28 1072 2077 1869 1972
11273 4 2 16 28 1878 3169 537 3170
11274 4 2 16 28 2002 3161 658 3222
11275 4 2 16 28 1818 2272 1934 1861
11276 4 2 16 28 2154 1945 2204 1057
11277 4 2 16 28 1160 1163 2234 3211
11278 4 2 16 28 477 618 2270 476
11279 4 2 16 28 160 27 38 2828
11280 4 2 16 28 1879 1826 1880 896
11281 4 2 16 28 589 3177 3119 3212
11282 4 2 16 28 1468 1846 1472 3090
11283 4 2 16 28 311 1207 2187 312
11284 4 2 16 28 843 1961 1864 844
11285 4 2 16 28 264 265 1275 2053
11286 4 2 16 28 2272 2066 1818 2065
11287 4 2 16 28 2957 3093 3077 3194
11288 4 2 16 28 824 3136 3108 3219
11289 4 2 16 28 1856 1914 2080 1045
11290 4 2 16 28 1870 1807 1834 3085
11291 4 2 16 28 466 2272 2145 704
11292 4 2 16 28 1997 1071 1055 2163
11293 4 2 16 28 723 2283 3158 3217
11294 4 2 16 28 227 240 2817 2839
11295 4 2 16 28 213 226 2815 2811
11296 4 2 16 28 350 1240 1262 2370
11297 4 2 16 28 2069 2242 78 3083
11298 4 2 16 28 776 887 812 1460
11299 4 2 16 28 1482 948 950 816
11300 4 2 16 28 796 966 26 3107
11301 4 2 16 28 2143 539 332 2230
11302 4 2 16 28 1818 2065 2290 3168
11303 4 2 16 28 1892 3129 2902 3214
11304 4 2 16 28 1141 3098 1 3189
11305 4 2 16 28 1950 1831 1874 3188
11306 4 2 16 28 1937 1854 1825 3094
11307 4 2 16 28 2046 678 416 2328
11308 4 2 16 28 2377 339 546 2118
11309 4 2 16 28 6 106 57 53
11310 4 2 16 28 510 2124 303 2269
11311 4 2 16 28 1835 1059 1872 2323
11312 4 2 16 28 1945 1869 2307 3214
11313 4 2 16 28 2360 3191 1856 3192
11314 4 2 16 28 1937 791 1436 3094
11315 4 2 16 28 2211 449 687 2361
11316 4 2 16 28 3 1 2847 3098
11317 4 2 16 28 12 2880 8 3099
11318 4 2 16 28 86 129 1430 869
11319 4 2 16 28 85 101 758 1430
11320 4 2 16 28 2247 2349 3078 3094
11321 4 2 16 28 1947 1863 985 172
11322 4 2 16 28 1946 1828 1917 3089
11323 4 2 16 28 793 3078 111 3216
11324 4 2 16 28 627 388 2089 389
11325 4 2 16 28 388 627 2089 626
11326 4 2 16 28 209 2841 2955 575
11327 4 2 16 28 2410 2037 2261 3200
11328 4 2 16 28 435 2372 660 659
11329 4 2 16 28 1340 1963 876 1456
11330 4 2 16 28 1807 217 222 3238
11331 4 2 16 28 876 131 1951 1453
11332 4 2 16 28 1276 345 2244 1222
11333 4 2 16 28 2270 478 477 2339
11334 4 2 16 28 842 1830 1977 122
11335 4 2 16 28 2112 2412 2413 398
11336 4 2 16 28 450 687 2211 449
11337 4 2 16 28 687 450 2211 688
11338 4 2 16 28 1848 3103 1866 3155
11339 4 2 16 28 1918 98 1412 3123
11340 4 2 16 28 896 1986 1879 879
11341 4 2 16 28 683 444 2215 445
11342 4 2 16 28 469 470 1237 2191
11343 4 2 16 28 2902 3129 1892 3157
11344 4 2 16 28 857 858 917 1809
11345 4 2 16 28 1813 1862 1927 3118
11346 4 2 16 28 2937 1878 3168 3169
11347 4 2 16 28 1847 1896 1897 3177
11348 4 2 16 28 457 696 458 2326
11349 4 2 16 28 457 696 2326 695
11350 4 2 16 28 1817 1797 1965 3084
11351 4 2 16 28 6 151 149 106
11352 4 2 16 28 71 2249 2320 81
11353 4 2 16 28 660 434 2372 435
11354 4 2 16 28 446 2360 2405 2215
11355 4 2 16 28 796 1508 1424 160
11356 4 2 16 28 629 390 2182 391
11357 4 2 16 28 390 629 2182 628
11358 4 2 16 28 38 42 160 2828
11359 4 2 16 28 2219 1265 406 1229
11360 4 2 16 28 2028 1819 2325 3182
11361 4 2 16 28 430 431 1301 2203
11362 4 2 16 28 884 883 1933 893
11363 4 2 16 28 2161 357 358 1253
11364 4 2 16 28 1852 1987 1996 2133
11365 4 2 16 28 907 1423 167 1507
11366 4 2 16 28 1910 171 1838 1001
11367 4 2 16 28 814 152 1381 151
11368 4 2 16 28 134 1380 106 814
11369 4 2 16 28 493 494 1286 2250
11370 4 2 16 28 264 1275 1220 2053
11371 4 2 16 28 2365 2244 1222 1276
11372 4 2 16 28 1875 1971 1994 946
11373 4 2 16 28 889 1474 890 1931
11374 4 2 16 28 900 1867 1439 1825
11375 4 2 16 28 2074 1298 360 2368
11376 4 2 16 28 1868 1974 1924 3206
11377 4 2 16 28 1432 113 141 1424
11378 4 2 16 28 1205 257 258 2114
11379 4 2 16 28 928 146 133 1955
11380 4 2 16 28 1861 2003 3200 3209
11381 4 2 16 28 798 1421 1513 909
11382 4 2 16 28 1388 808 919 1494
11383 4 2 16 28 1465 1376 929 818
11384 4 2 16 28 1456 1340 939 828
11385 4 2 16 28 921 810 1389 1495
11386 4 2 16 28 941 1341 1457 830
11387 4 2 16 28 1466 1377 820 931
11388 4 2 16 28 1514 1422 800 911
11389 4 2 16 28 2116 262 261 1214
11390 4 2 16 28 2260 459 1206 460
11391 4 2 16 28 2341 3112 3111 3117
11392 4 2 16 28 1383 924 949 947
11393 4 2 16 28 888 813 1382 777
11394 4 2 16 28 580 374 2277 373
11395 4 2 16 28 1307 1306 367 2233
11396 4 2 16 28 1506 1395 803 916
11397 4 2 16 28 1352 825 934 1450
11398 4 2 16 28 1394 805 914 1505
11399 4 2 16 28 936 1353 1451 823
11400 4 2 16 28 106 6 56 53
11401 4 2 16 28 635 2112 2305 3232
11402 4 2 16 28 2122 2048 2001 2227
11403 4 2 16 28 2206 1291 1205 397
11404 4 2 16 28 150 149 3068 3110
11405 4 2 16 28 1280 1231 304 2141
11406 4 2 16 28 1503 916 986 959
11407 4 2 16 28 2036 2232 2326 458
11408 4 2 16 28 259 2054 1208 1291
11409 4 2 16 28 1210 458 1292 2036
11410 4 2 16 28 1884 1959 998 2000
11411 4 2 16 28 605 488 2208 489
11412 4 2 16 28 488 605 2208 606
11413 4 2 16 28 242 19 2337 3082
11414 4 2 16 28 563 357 2229 356
11415 4 2 16 28 415 2409 679 2046
11416 4 2 16 28 92 832 1925 1343
11417 4 2 16 28 2019 2382 3137 3146
11418 4 2 16 28 278 279 252 2363
11419 4 2 16 28 252 251 278 2363
11420 4 2 16 28 2010 2196 316 2343
11421 4 2 16 28 1378 105 133 1458
11422 4 2 16 28 1480 155 156 1379
11423 4 2 16 28 2313 3127 2367 3203
11424 4 2 16 28 263 264 1220 2053
11425 4 2 16 28 1821 1871 1846 3090
11426 4 2 16 28 756 26 3082 3107
11427 4 2 16 28 255 2050 2259 256
11428 4 2 16 28 2397 2148 3133 3145
11429 4 2 16 28 841 122 1874 1354
11430 4 2 16 28 365 364 1304 2344
11431 4 2 16 28 1848 1866 1952 3155
11432 4 2 16 28 977 1006 1814 1489
11433 4 2 16 28 713 89 102 1314
11434 4 2 16 28 130 90 715 1314
11435 4 2 16 28 3120 3137 2166 3166
11436 4 2 16 28 373 1299 2155 1245
11437 4 2 16 28 2182 390 628 2089
11438 4 2 16 28 1425 1508 906 796
11439 4 2 16 28 2365 453 2212 452
11440 4 2 16 28 329 330 1266 2064
11441 4 2 16 28 1425 795 907 1507
11442 4 2 16 28 1300 381 2150 1194
11443 4 2 16 28 499 500 1264 2140
11444 4 2 16 28 2048 1835 1872 2323
11445 4 2 16 28 351 2321 2384 1258
11446 4 2 16 28 143 912 166 2006
11447 4 2 16 28 1427 102 130 1314
11448 4 2 16 28 787 3120 2166 3219
11449 4 2 16 28 3070 3073 2015 3101
11450 4 2 16 28 2148 3133 3080 3234
11451 4 2 16 28 711 474 2291 712
11452 4 2 16 28 938 1340 1963 876
11453 4 2 16 28 357 1251 1253 2161
11454 4 2 16 28 374 580 2277 581
11455 4 2 16 28 17 3072 3097 3159
11456 4 2 16 28 2045 1199 369 1305
11457 4 2 16 28 1991 2254 1857 3100
11458 4 2 16 28 1844 2240 1989 3208
11459 4 2 16 28 2092 1819 2052 3180
11460 4 2 16 28 924 947 1481 949
11461 4 2 16 28 1459 777 813 888
11462 4 2 16 28 299 2268 2381 2126
11463 4 2 16 28 520 314 313 2251
11464 4 2 16 28 520 314 2251 521
11465 4 2 16 28 898 1867 1923 1826
11466 4 2 16 28 788 1867 1437 3079
11467 4 2 16 28 2125 2320 2249 3177
11468 4 2 16 28 1398 747 1883 3187
11469 4 2 16 28 123 1803 846 1366
11470 4 2 16 28 1830 1371 843 3150
11471 4 2 16 28 389 1270 388 2095
11472 4 2 16 28 457 2036 458 1210
11473 4 2 16 28 1896 592 3115 3207
11474 4 2 16 28 885 1955 886 891
11475 4 2 16 28 1048 2067 2130 2299
11476 4 2 16 28 2193 2335 331 1279
11477 4 2 16 28 2036 459 458 1292
11478 4 2 16 28 424 2162 423 2149
11479 4 2 16 28 1894 3114 2943 3141
11480 4 2 16 28 257 256 2050 1289
11481 4 2 16 28 1973 277 3121 3140
11482 4 2 16 28 1368 3135 1864 3150
11483 4 2 16 28 1851 2044 3207 3224
11484 4 2 16 28 105 133 1462 1373
11485 4 2 16 28 131 103 1337 1453
11486 4 2 16 28 165 157 1385 1491
11487 4 2 16 28 1461 132 104 1372
11488 4 2 16 28 1509 166 158 1417
11489 4 2 16 28 1336 102 130 1452
11490 4 2 16 28 1384 155 156 1490
11491 4 2 16 28 2168 2353 3087 3234
11492 4 2 16 28 1867 1826 898 3079
11493 4 2 16 28 2410 2261 460 698
11494 4 2 16 28 1910 975 1498 3202
11495 4 2 16 28 1985 607 1858 3175
11496 4 2 16 28 882 894 137 1873
11497 4 2 16 28 1446 131 103 1348
11498 4 2 16 28 1390 157 165 1501
11499 4 2 16 28 1391 166 158 1502
11500 4 2 16 28 104 132 1447 1349
11501 4 2 16 28 2349 2022 3078 3086
11502 4 2 16 28 3178 3240 1944 3241
11503 4 2 16 28 2282 2394 542 3171
11504 4 2 16 28 2286 2042 2419 485
11505 4 2 16 28 2166 3120 787 3137
11506 4 2 16 28 1858 2209 2208 2105
11507 4 2 16 28 1239 2279 1259 385
11508 4 2 16 28 107 135 3068 3110
11509 4 2 16 28 1423 167 142 907
11510 4 2 16 28 2348 2046 416 2328
11511 4 2 16 28 1982 1852 3178 3242
11512 4 2 16 28 375 1254 376 2083
11513 4 2 16 28 26 3097 18 3107
11514 4 2 16 28 371 1203 1302 2181
11515 4 2 16 28 1346 1866 835 724
11516 4 2 16 28 714 3086 22 3216
11517 4 2 16 28 1994 1915 945 3091
11518 4 2 16 28 1057 1912 1945 2204
11519 4 2 16 28 2363 2096 3121 3140
11520 4 2 16 28 601 494 493 2039
11521 4 2 16 28 2059 1876 2060 1065
11522 4 2 16 28 601 494 2039 600
11523 4 2 16 28 407 1235 1265 2091
11524 4 2 16 28 892 884 885 1940
11525 4 2 16 28 1233 348 349 2098
11526 4 2 16 28 1814 1842 3080 3087
11527 4 2 16 28 1820 3199 3154 3200
11528 4 2 16 28 214 2849 1142 3125
11529 4 2 16 28 239 1167 2882 3126
11530 4 2 16 28 1425 1508 995 906
11531 4 2 16 28 454 455 1282 2020
11532 4 2 16 28 2127 1053 1895 1069
11533 4 2 16 28 436 437 1298 2074
11534 4 2 16 28 2943 3114 1894 3119
11535 4 2 16 28 1507 1425 795 966
11536 4 2 16 28 1004 172 1863 1497
11537 4 2 16 28 492 602 2039 2209
11538 4 2 16 28 2394 335 2282 542
11539 4 2 16 28 793 3094 3078 3216
11540 4 2 16 28 1997 2051 1902 1853
11541 4 2 16 28 787 2166 3137 3219
11542 4 2 16 28 431 1247 2158 432
11543 4 2 16 28 2146 2324 2047 3223
11544 4 2 16 28 471 472 2012 2290
11545 4 2 16 28 1941 1840 1854 3105
11546 4 2 16 28 887 812 1458 776
11547 4 2 16 28 1480 950 948 816
11548 4 2 16 28 648 3157 1892 3182
11549 4 2 16 28 1158 2851 230 2868
11550 4 2 16 28 1151 2867 223 2852
11551 4 2 16 28 2873 221 1160 2858
11552 4 2 16 28 1153 2857 228 2874
11553 4 2 16 28 2869 1149 221 2854
11554 4 2 16 28 2870 2853 228 1156
11555 4 2 16 28 2855 7 9 2872
11556 4 2 16 28 1154 226 2857 2874
11557 4 2 16 28 1233 450 1271 2098
11558 4 2 16 28 1005 1863 172 1486
11559 4 2 16 28 490 1207 1290 2104
11560 4 2 16 28 3136 3172 2115 3173
11561 4 2 16 28 628 1924 3228 3229
11562 4 2 16 28 2338 2071 426 2198
11563 4 2 16 28 2229 2034 2228 3083
11564 4 2 16 28 3069 3105 24 3198
11565 4 2 16 28 2413 399 398 2412
11566 4 2 16 28 160 113 1432 1424
11567 4 2 16 28 141 168 1432 1424
11568 4 2 16 28 2129 1895 3177 3212
11569 4 2 16 28 1923 897 878 898
11570 4 2 16 28 171 166 2006 1838
11571 4 2 16 28 1072 2077 2154 1869
11572 4 2 16 28 478 479 1238 2068
11573 4 2 16 28 2002 3160 659 3161
11574 4 2 16 28 905 1992 1850 869
11575 4 2 16 28 435 436 1249 2330
11576 4 2 16 28 1797 3184 3088 3185
11577 4 2 16 28 895 1986 880 881
11578 4 2 16 28 2271 478 2270 2068
11579 4 2 16 28 1943 3178 1944 3241
11580 4 2 16 28 1419 991 1839 1512
11581 4 2 16 28 1818 2065 3168 3169
11582 4 2 16 28 91 1343 1925 3181
11583 4 2 16 28 2004 3195 1905 3233
11584 4 2 16 28 1475 1476 3068 3235
11585 4 2 16 28 71 2249 2319 2320
11586 4 2 16 28 473 1256 472 2369
11587 4 2 16 28 859 860 1883 1398
11588 4 2 16 28 2018 2294 3075 3125
11589 4 2 16 28 1883 1929 859 3187
11590 4 2 16 28 924 1381 1481 815
11591 4 2 16 28 1459 813 1380 926
11592 4 2 16 28 1993 3104 2005 3226
11593 4 2 16 28 357 563 2229 564
11594 4 2 16 28 1918 3102 98 3123
11595 4 2 16 28 586 379 2151 2073
11596 4 2 16 28 2105 2039 1988 2209
11597 4 2 16 28 1842 1003 1882 1922
11598 4 2 16 28 3074 3087 1815 3091
11599 4 2 16 28 90 130 102 1314
11600 4 2 16 28 842 1961 1977 1830
11601 4 2 16 28 2141 1280 498 497
11602 4 2 16 28 2298 371 578 2085
11603 4 2 16 28 912 143 862 2006
11604 4 2 16 28 1057 1912 2204 2205
11605 4 2 16 28 2147 2304 2367 3132
11606 4 2 16 28 2199 1212 400 2113
11607 4 2 16 28 1827 1843 866 3237
11608 4 2 16 28 45 9 49 12
11609 4 2 16 28 53 3 57 6
11610 4 2 16 28 1283 1216 316 2196
11611 4 2 16 28 2023 530 323 2332
11612 4 2 16 28 2339 2068 478 1238
11613 4 2 16 28 662 432 2122 2227
11614 4 2 16 28 1249 360 359 2356
11615 4 2 16 28 427 2403 2404 2201
11616 4 2 16 28 2294 2165 3096 3098
11617 4 2 16 28 2047 1872 2048 2146
11618 4 2 16 28 467 2190 2272 705
11619 4 2 16 28 2095 266 1226 1270
11620 4 2 16 28 985 1809 917 916
11621 4 2 16 28 2337 3070 2273 3089
11622 4 2 16 28 1852 2133 2039 1987
11623 4 2 16 28 6 151 9 149
11624 4 2 16 28 1905 3142 76 3195
11625 4 2 16 28 371 1302 372 2181
11626 4 2 16 28 757 795 796 3107
11627 4 2 16 28 927 812 1378 1458
11628 4 2 16 28 1480 923 816 1379
11629 4 2 16 28 1949 1860 921 980
11630 4 2 16 28 337 338 2009 545
11631 4 2 16 28 2229 357 564 2132
11632 4 2 16 28 545 2009 337 544
11633 4 2 16 28 1512 963 992 910
11634 4 2 16 28 773 884 1464 819
11635 4 2 16 28 763 1455 940 874
11636 4 2 16 28 920 982 953 1493
11637 4 2 16 28 940 1454 763 874
11638 4 2 16 28 884 773 1463 819
11639 4 2 16 28 963 992 910 1511
11640 4 2 16 28 1896 1851 2044 3207
11641 4 2 16 28 879 768 1449 824
11642 4 2 16 28 987 1504 804 958
11643 4 2 16 28 879 1448 768 824
11644 4 2 16 28 958 804 987 1503
11645 4 2 16 28 836 1952 1866 3155
11646 4 2 16 28 2119 73 2120 2285
11647 4 2 16 28 1834 3083 2228 3085
11648 4 2 16 28 1473 135 107 3110
11649 4 2 16 28 150 1478 149 3110
11650 4 2 16 28 2032 2151 2292 3088
11651 4 2 16 28 71 2249 81 2319
11652 4 2 16 28 2350 1213 462 461
11653 4 2 16 28 426 2404 2071 2338
11654 4 2 16 28 2417 317 316 2386
11655 4 2 16 28 2067 2290 1893 1818
11656 4 2 16 28 2397 3174 3133 3204
11657 4 2 16 28 1003 1004 986 1922
11658 4 2 16 28 18 3097 3073 3107
11659 4 2 16 28 2271 2068 2253 479
11660 4 2 16 28 584 1900 3185 3186
11661 4 2 16 28 1868 2183 2055 2182
11662 4 2 16 28 860 861 1958 1400
11663 4 2 16 28 465 1225 1274 2255
11664 4 2 16 28 433 1297 2158 1251
11665 4 2 16 28 311 1287 310 2187
11666 4 2 16 28 356 2229 2161 357
11667 4 2 16 28 1977 1873 932 132
11668 4 2 16 28 2196 316 1283 2386
11669 4 2 16 28 1195 445 1201 2136
11670 4 2 16 28 1977 1830 1874 122
11671 4 2 16 28 760 792 793 3216
11672 4 2 16 28 2085 373 580 2277
11673 4 2 16 28 1880 896 1826 3120
11674 4 2 16 28 1931 3090 1871 3183
11675 4 2 16 28 1965 1817 3084 3104
11676 4 2 16 28 1883 1816 1929 3187
11677 4 2 16 28 446 2405 2102 1201
11678 4 2 16 28 1996 2415 1987 1851
11679 4 2 16 28 2181 1302 417 1203
11680 4 2 16 28 1200 441 442 2086
11681 4 2 16 28 1997 1071 2163 2052
11682 4 2 16 28 503 504 1255 2159
11683 4 2 16 28 1235 247 248 2091
11684 4 2 16 28 2147 2367 3127 3203
11685 4 2 16 28 2254 2060 2271 1991
11686 4 2 16 28 2271 1876 2060 2059
11687 4 2 16 28 65 532 2252 325
11688 4 2 16 28 281 255 2259 282
11689 4 2 16 28 1066 1050 2082 2105
11690 4 2 16 28 255 281 2259 254
11691 4 2 16 28 1861 2003 1820 3200
11692 4 2 16 28 1958 1396 1918 3102
11693 4 2 16 28 1958 1400 1883 860
11694 4 2 16 28 346 1227 1276 2244
11695 4 2 16 28 1899 2030 1835 1898
11696 4 2 16 28 850 851 923 1995
11697 4 2 16 28 913 1956 914 860
11698 4 2 16 28 152 814 1381 925
11699 4 2 16 28 134 1380 814 925
11700 4 2 16 28 3122 3222 1904 3223
11701 4 2 16 28 264 2358 2264 2053
11702 4 2 16 28 1905 3106 76 3142
11703 4 2 16 28 483 1228 482 2238
11704 4 2 16 28 2224 276 249 2218
11705 4 2 16 28 869 88 1992 1917
11706 4 2 16 28 887 927 812 1460
11707 4 2 16 28 1982 1794 3175 3244
11708 4 2 16 28 885 1375 774 929
11709 4 2 16 28 875 1339 764 828
11710 4 2 16 28 964 1420 909 993
11711 4 2 16 28 1387 954 983 808
11712 4 2 16 28 952 1386 981 921
11713 4 2 16 28 1374 883 772 931
11714 4 2 16 28 1338 873 762 830
11715 4 2 16 28 1419 991 962 911
11716 4 2 16 28 988 1393 957 914
11717 4 2 16 28 1350 878 769 936
11718 4 2 16 28 880 1351 767 825
11719 4 2 16 28 2171 2356 360 2368
11720 4 2 16 28 1269 321 1234 2210
11721 4 2 16 28 2183 2056 2089 3227
11722 4 2 16 28 424 423 2031 2149
11723 4 2 16 28 2084 1939 1836 1912
11724 4 2 16 28 2208 1858 606 1982
11725 4 2 16 28 2125 2243 503 591
11726 4 2 16 28 3135 3146 2248 3150
11727 4 2 16 28 947 1383 924 815
11728 4 2 16 28 813 888 1382 926
11729 4 2 16 28 2080 1045 1914 1061
11730 4 2 16 28 2012 1241 471 2408
11731 4 2 16 28 1432 168 160 1424
11732 4 2 16 28 89 90 102 1314
11733 4 2 16 28 695 456 2326 457
11734 4 2 16 28 456 695 2326 694
11735 4 2 16 28 891 1846 1468 3090
11736 4 2 16 28 1432 160 168 1522
11737 4 2 16 28 107 6 106 57
11738 4 2 16 28 1920 1962 1976 838
11739 4 2 16 28 572 3106 1905 3122
11740 4 2 16 28 137 1990 1880 1873
11741 4 2 16 28 893 1933 1821 3166
11742 4 2 16 28 796 1508 906 1424
11743 4 2 16 28 907 795 1423 1507
11744 4 2 16 28 2312 3145 2397 3174
11745 4 2 16 28 1872 1075 2323 1059
11746 4 2 16 28 2067 1048 1818 1881
11747 4 2 16 28 2020 344 1282 1222
11748 4 2 16 28 2402 3112 2341 3243
11749 4 2 16 28 1835 2048 2001 2030
11750 4 2 16 28 246 247 1308 2327
11751 4 2 16 28 2133 2039 494 600
11752 4 2 16 28 1058 1074 2380 2205
11753 4 2 16 28 66 559 2170 352
11754 4 2 16 28 1884 1840 996 3159
11755 4 2 16 28 856 125 1862 1402
11756 4 2 16 28 1817 1965 2005 3104
11757 4 2 16 28 1799 1945 2046 3129
11758 4 2 16 28 251 250 277 2218
11759 4 2 16 28 1845 1891 2120 1060
11760 4 2 16 28 2312 3127 2313 3145
11761 4 2 16 28 1864 1830 1961 843
11762 4 2 16 28 885 774 1465 929
11763 4 2 16 28 764 1456 875 828
11764 4 2 16 28 983 1494 808 954
11765 4 2 16 28 909 1513 964 993
11766 4 2 16 28 772 883 1466 931
11767 4 2 16 28 1495 981 921 952
11768 4 2 16 28 873 830 1457 762
11769 4 2 16 28 991 1514 962 911
11770 4 2 16 28 1807 223 216 3221
11771 4 2 16 28 1944 1852 1996 3240
11772 4 2 16 28 914 957 988 1505
11773 4 2 16 28 880 825 767 1450
11774 4 2 16 28 916 959 1506 986
11775 4 2 16 28 878 936 1451 769
11776 4 2 16 28 2031 2094 2380 1836
11777 4 2 16 28 1046 2221 2101 1062
11778 4 2 16 28 2166 3108 3136 3219
11779 4 2 16 28 449 448 2361 2352
11780 4 2 16 28 148 131 103 1337
11781 4 2 16 28 144 165 157 1385
11782 4 2 16 28 133 105 118 1373
11783 4 2 16 28 102 130 90 1336
11784 4 2 16 28 155 156 145 1384
11785 4 2 16 28 115 158 166 1417
11786 4 2 16 28 119 104 132 1372
11787 4 2 16 28 1512 963 910 799
11788 4 2 16 28 953 809 920 1493
11789 4 2 16 28 940 829 1455 763
11790 4 2 16 28 799 963 910 1511
11791 4 2 16 28 819 1463 884 930
11792 4 2 16 28 829 940 1454 763
11793 4 2 16 28 148 103 131 1348
11794 4 2 16 28 118 105 133 1378
11795 4 2 16 28 157 165 144 1390
11796 4 2 16 28 145 156 155 1379
11797 4 2 16 28 132 104 119 1349
11798 4 2 16 28 166 158 115 1391
11799 4 2 16 28 915 987 1504 804
11800 4 2 16 28 879 1449 935 824
11801 4 2 16 28 879 935 1448 824
11802 4 2 16 28 915 987 804 1503
11803 4 2 16 28 2066 2272 1861 3209
11804 4 2 16 28 900 1825 789 1440
11805 4 2 16 28 1270 388 2095 1232
11806 4 2 16 28 2247 3094 3078 3095
11807 4 2 16 28 1842 1841 1910 3202
11808 4 2 16 28 1304 2086 440 441
11809 4 2 16 28 448 447 2361 2174
11810 4 2 16 28 471 470 708 2290
11811 4 2 16 28 123 1911 847 146
11812 4 2 16 28 1004 172 985 1863
11813 4 2 16 28 2956 573 77 3194
11814 4 2 16 28 1798 1901 3151 3220
11815 4 2 16 28 3078 3086 2022 3095
11816 4 2 16 28 947 924 1481 815
11817 4 2 16 28 813 1459 888 926
11818 4 2 16 28 408 409 1308 2258
11819 4 2 16 28 709 471 708 2290
11820 4 2 16 28 941 1960 1890 873
11821 4 2 16 28 494 1217 1286 2111
11822 4 2 16 28 2269 301 302 509
11823 4 2 16 28 2269 301 509 508
11824 4 2 16 28 2003 3148 3199 3200
11825 4 2 16 28 151 1475 106 3235
11826 4 2 16 28 161 42 2828 160
11827 4 2 16 28 1837 2183 1868 3227
11828 4 2 16 28 361 360 1298 2368
11829 4 2 16 28 2215 2360 1856 3192
11830 4 2 16 28 694 2178 2326 456
11831 4 2 16 28 1960 1865 942 941
11832 4 2 16 28 2190 468 467 1230
11833 4 2 16 28 1196 2076 61 1202
11834 4 2 16 28 1820 3154 2261 3200
11835 4 2 16 28 169 3159 1840 3198
11836 4 2 16 28 415 2409 2046 2348
11837 4 2 16 28 2066 2037 2145 3209
11838 4 2 16 28 162 967 966 3097
11839 4 2 16 28 760 714 22 3216
11840 4 2 16 28 541 2394 334 540
11841 4 2 16 28 853 1949 852 1859
11842 4 2 16 28 333 2394 540 334
11843 4 2 16 28 2294 3098 3125 3189
11844 4 2 16 28 692 453 2240 454
11845 4 2 16 28 453 692 2240 691
11846 4 2 16 28 47 149 9 151
11847 4 2 16 28 300 1242 2381 2123
11848 4 2 16 28 2078 2416 2415 3224
11849 4 2 16 28 612 611 483 2254
11850 4 2 16 28 757 796 756 3107
11851 4 2 16 28 482 612 483 2254
11852 4 2 16 28 942 831 1336 1452
11853 4 2 16 28 912 1509 801 1417
11854 4 2 16 28 1490 922 1384 811
11855 4 2 16 28 1372 1461 932 821
11856 4 2 16 28 1453 827 1337 938
11857 4 2 16 28 817 1462 928 1373
11858 4 2 16 28 797 1510 908 1418
11859 4 2 16 28 918 1385 807 1491
11860 4 2 16 28 2335 332 333 2230
11861 4 2 16 28 2001 2030 1898 1835
11862 4 2 16 28 933 826 1447 1349
11863 4 2 16 28 1446 822 937 1348
11864 4 2 16 28 1501 917 1390 802
11865 4 2 16 28 806 1391 1502 913
11866 4 2 16 28 474 711 2291 473
11867 4 2 16 28 713 3086 714 3216
11868 4 2 16 28 9 6 3110 3183
11869 4 2 16 28 1969 1999 1801 3230
11870 4 2 16 28 334 333 2255 1274
11871 4 2 16 28 11 3088 1797 3184
11872 4 2 16 28 2004 2215 3192 3195
11873 4 2 16 28 2406 352 2384 2170
11874 4 2 16 28 152 1476 151 3235
11875 4 2 16 28 106 1475 134 3235
11876 4 2 16 28 24 3105 3159 3198
11877 4 2 16 28 1069 2127 2129 1895
11878 4 2 16 28 1958 1918 1816 3102
11879 4 2 16 28 929 1375 774 818
11880 4 2 16 28 875 1339 828 939
11881 4 2 16 28 983 1387 808 919
11882 4 2 16 28 1420 964 909 798
11883 4 2 16 28 962 800 1419 911
11884 4 2 16 28 952 1386 921 810
11885 4 2 16 28 1338 873 830 941
11886 4 2 16 28 931 820 772 1374
11887 4 2 16 28 2200 1204 1304 440
11888 4 2 16 28 2354 2167 3074 3183
11889 4 2 16 28 805 957 1393 914
11890 4 2 16 28 769 1350 936 823
11891 4 2 16 28 959 916 803 1392
11892 4 2 16 28 880 1351 825 934
11893 4 2 16 28 1845 3223 2257 3233
11894 4 2 16 28 862 143 126 2006
11895 4 2 16 28 675 2029 2334 419
11896 4 2 16 28 1866 1824 834 3103
11897 4 2 16 28 1508 1425 995 966
11898 4 2 16 28 896 895 1443 1880
11899 4 2 16 28 2004 3192 1905 3195
11900 4 2 16 28 817 886 775 1376
11901 4 2 16 28 827 876 765 1340
11902 4 2 16 28 984 807 1388 955
11903 4 2 16 28 1421 965 994 797
11904 4 2 16 28 821 771 882 1377
11905 4 2 16 28 980 951 1389 922
11906 4 2 16 28 761 872 831 1341
11907 4 2 16 28 990 1422 912 961
11908 4 2 16 28 1507 1425 966 995
11909 4 2 16 28 822 770 877 1353
11910 4 2 16 28 956 989 1394 913
11911 4 2 16 28 826 766 1352 881
11912 4 2 16 28 1395 917 985 960
11913 4 2 16 28 2394 2282 2142 3171
11914 4 2 16 28 1997 2051 2052 1902
11915 4 2 16 28 66 365 2170 572
11916 4 2 16 28 2129 1847 2249 3177
11917 4 2 16 28 2066 2221 1861 1047
11918 4 2 16 28 122 842 147 1977
11919 4 2 16 28 107 3068 149 3110
11920 4 2 16 28 2188 2250 492 1211
11921 4 2 16 28 1330 921 853 1953
11922 4 2 16 28 513 305 2289 306
11923 4 2 16 28 305 513 2289 512
11924 4 2 16 28 2220 2153 402 403
11925 4 2 16 28 1271 347 348 2288
11926 4 2 16 28 1257 1202 2076 410
11927 4 2 16 28 1461 821 771 882
11928 4 2 16 28 994 965 1510 797
11929 4 2 16 28 827 765 876 1453
11930 4 2 16 28 807 955 984 1491
11931 4 2 16 28 1462 817 886 775
11932 4 2 16 28 990 912 1509 961
11933 4 2 16 28 980 951 922 1490
11934 4 2 16 28 831 1452 872 761
11935 4 2 16 28 822 770 1446 877
11936 4 2 16 28 956 1502 989 913
11937 4 2 16 28 826 766 881 1447
11938 4 2 16 28 917 1501 985 960
11939 4 2 16 28 2390 406 644 2388
11940 4 2 16 28 2120 1891 2087 1076
11941 4 2 16 28 166 171 2006 990
11942 4 2 16 28 2066 2272 1818 1861
11943 4 2 16 28 1240 2102 2321 1258
11944 4 2 16 28 1956 1394 1505 989
11945 4 2 16 28 82 474 2063 74
11946 4 2 16 28 409 410 1257 2258
11947 4 2 16 28 150 3068 135 3110
11948 4 2 16 28 2311 2018 2228 3085
11949 4 2 16 28 1456 939 875 828
11950 4 2 16 28 964 798 1513 909
11951 4 2 16 28 1494 808 919 983
11952 4 2 16 28 929 774 1465 818
11953 4 2 16 28 820 772 1466 931
11954 4 2 16 28 830 873 1457 941
11955 4 2 16 28 800 962 1514 911
11956 4 2 16 28 921 810 1495 952
11957 4 2 16 28 1856 1914 1921 2211
11958 4 2 16 28 1972 2077 1869 3214
11959 4 2 16 28 880 934 825 1450
11960 4 2 16 28 769 936 1451 823
11961 4 2 16 28 959 916 1506 803
11962 4 2 16 28 805 957 914 1505
11963 4 2 16 28 146 133 118 1373
11964 4 2 16 28 144 157 116 1385
11965 4 2 16 28 103 120 148 1337
11966 4 2 16 28 119 132 147 1372
11967 4 2 16 28 90 89 102 1336
11968 4 2 16 28 143 115 166 1417
11969 4 2 16 28 117 155 145 1384
11970 4 2 16 28 855 1935 918 919
11971 4 2 16 28 17 3144 3072 3159
11972 4 2 16 28 138 899 1867 1437
11973 4 2 16 28 2120 1845 2257 3233
11974 4 2 16 28 144 116 157 1390
11975 4 2 16 28 148 120 103 1348
11976 4 2 16 28 133 146 118 1378
11977 4 2 16 28 119 147 132 1349
11978 4 2 16 28 115 143 166 1391
11979 4 2 16 28 155 117 145 1379
11980 4 2 16 28 3078 3081 14 3216
11981 4 2 16 28 1959 1840 1884 3072
11982 4 2 16 28 350 2370 2321 1240
11983 4 2 16 28 2154 1945 2307 2204
11984 4 2 16 28 937 837 838 1962
11985 4 2 16 28 966 3097 26 3107
11986 4 2 16 28 1247 354 1301 2203
11987 4 2 16 28 890 1846 1931 3090
11988 4 2 16 28 24 3105 3069 3144
11989 4 2 16 28 2368 1298 361 1246
11990 4 2 16 28 812 887 1458 927
11991 4 2 16 28 950 1480 923 816
11992 4 2 16 28 322 528 2023 321
11993 4 2 16 28 1425 1508 796 966
11994 4 2 16 28 528 322 2023 529
11995 4 2 16 28 1507 907 1425 995
11996 4 2 16 28 2009 338 337 2340
11997 4 2 16 28 2154 1945 1057 1869
11998 4 2 16 28 66 559 76 2170
11999 4 2 16 28 2343 2106 314 2251
12000 4 2 16 28 1872 2372 2048 2146
12001 4 2 16 28 1971 1478 150 3110
12002 4 2 16 28 1912 1799 1945 2046
12003 4 2 16 28 1995 1849 850 3226
12004 4 2 16 28 933 1831 841 1942
12005 4 2 16 28 2228 2034 2242 3083
12006 4 2 16 28 171 1001 989 1838
12007 4 2 16 28 1066 1050 2105 1988
12008 4 2 16 28 795 966 796 3107
12009 4 2 16 28 2387 2095 388 1232
12010 4 2 16 28 2069 2311 2228 3085
12011 4 2 16 28 135 1931 1971 3110
12012 4 2 16 28 2222 3227 2056 3245
12013 4 2 16 28 873 901 902 1960
12014 4 2 16 28 1503 987 986 1957
12015 4 2 16 28 1881 2067 1893 1818
12016 4 2 16 28 160 168 1508 1424
12017 4 2 16 28 1423 159 167 1507
12018 4 2 16 28 1823 719 716 715
12019 4 2 16 28 2080 1061 2180 1045
12020 4 2 16 28 6 107 3110 3183
12021 4 2 16 28 1046 2101 2100 1062
12022 4 2 16 28 910 1839 1331 864
12023 4 2 16 28 1272 496 2184 2371
12024 4 2 16 28 1872 2047 1845 3223
12025 4 2 16 28 426 669 2198 425
12026 4 2 16 28 2002 1904 3161 3222
12027 4 2 16 28 1997 2051 2414 2052
12028 4 2 16 28 2218 249 2224 2392
12029 4 2 16 28 366 68 1306 2233
12030 4 2 16 28 2361 2211 449 2352
12031 4 2 16 28 2211 450 449 2352
12032 4 2 16 28 851 1993 1995 3226
12033 4 2 16 28 1844 2211 2099 2212
12034 4 2 16 28 1901 3139 3143 3220
12035 4 2 16 28 57 6 3 107
12036 4 2 16 28 9 49 12 149
12037 4 2 16 28 1813 1885 1862 3118
12038 4 2 16 28 580 372 2085 579
12039 4 2 16 28 2319 2275 620 382
12040 4 2 16 28 1982 1858 1988 2209
12041 4 2 16 28 832 833 942 1865
12042 4 2 16 28 474 82 2063 712
12043 4 2 16 28 2120 2004 1891 1845
12044 4 2 16 28 606 1982 1858 3175
12045 4 2 16 28 1944 3178 1852 3240
12046 4 2 16 28 2394 333 540 2230
12047 4 2 16 28 2290 1818 2067 2065
12048 4 2 16 28 166 143 2006 1838
12049 4 2 16 28 669 426 2198 668
12050 4 2 16 28 380 1248 1300 2150
12051 4 2 16 28 2249 2320 81 3177
12052 4 2 16 28 372 580 2085 373
12053 4 2 16 28 1945 1912 2046 2204
12054 4 2 16 28 792 3081 3069 3216
12055 4 2 16 28 759 714 760 3216
12056 4 2 16 28 1993 2005 1849 3226
12057 4 2 16 28 2408 1268 1237 2362
12058 4 2 16 28 324 530 2332 323
12059 4 2 16 28 530 324 2332 531
12060 4 2 16 28 1192 366 1306 2233
12061 4 2 16 28 148 836 121 1951
12062 4 2 16 28 922 921 980 1949
12063 4 2 16 28 2084 2031 2380 1836
12064 4 2 16 28 1896 2125 2044 1897
12065 4 2 16 28 2037 3200 701 3209
12066 4 2 16 28 208 207 2888 2841
12067 4 2 16 28 2840 205 206 2863
12068 4 2 16 28 2170 76 66 572
12069 4 2 16 28 858 916 917 1809
12070 4 2 16 28 1805 1950 1874 3188
12071 4 2 16 28 18 3082 26 3107
12072 4 2 16 28 2242 2069 2228 3083
12073 4 2 16 28 169 161 3159 3198
12074 4 2 16 28 1302 1245 372 2181
12075 4 2 16 28 1510 159 167 1418
12076 4 2 16 28 1074 2380 2323 1058
12077 4 2 16 28 922 951 1389 811
12078 4 2 16 28 932 821 882 1377
12079 4 2 16 28 801 912 1422 961
12080 4 2 16 28 872 942 831 1341
12081 4 2 16 28 876 827 938 1340
12082 4 2 16 28 807 984 1388 918
12083 4 2 16 28 817 928 886 1376
12084 4 2 16 28 908 1421 994 797
12085 4 2 16 28 171 1909 990 1000
12086 4 2 16 28 937 822 877 1353
12087 4 2 16 28 806 956 1394 913
12088 4 2 16 28 881 1352 826 933
12089 4 2 16 28 960 1395 917 802
12090 4 2 16 28 933 1831 840 841
12091 4 2 16 28 685 447 2360 2361
12092 4 2 16 28 1250 2155 374 1299
12093 4 2 16 28 499 596 2416 498
12094 4 2 16 28 596 499 2416 595
12095 4 2 16 28 2367 2313 2147 3127
12096 4 2 16 28 2077 2163 1972 1072
12097 4 2 16 28 114 159 142 1423
12098 4 2 16 28 2362 1268 328 2192
12099 4 2 16 28 1931 1871 3110 3183
12100 4 2 16 28 3105 3144 24 3159
12101 4 2 16 28 112 1431 140 3198
12102 4 2 16 28 1829 3092 1925 3181
12103 4 2 16 28 1340 939 1963 1456
12104 4 2 16 28 1850 906 995 168
12105 4 2 16 28 317 2386 2121 1221
12106 4 2 16 28 462 2410 2350 461
12107 4 2 16 28 1824 1925 1865 3181
12108 4 2 16 28 1452 942 831 872
12109 4 2 16 28 821 1461 932 882
12110 4 2 16 28 951 922 1490 811
12111 4 2 16 28 801 1509 912 961
12112 4 2 16 28 1510 908 994 797
12113 4 2 16 28 1462 817 928 886
12114 4 2 16 28 1453 876 827 938
12115 4 2 16 28 807 984 918 1491
12116 4 2 16 28 1446 937 822 877
12117 4 2 16 28 1447 881 826 933
12118 4 2 16 28 917 1501 960 802
12119 4 2 16 28 1502 956 806 913
12120 4 2 16 28 1883 3102 1816 3187
12121 4 2 16 28 2100 1046 2099 1989
12122 4 2 16 28 604 490 2208 2209
12123 4 2 16 28 1982 3178 1943 3242
12124 4 2 16 28 2073 1296 379 2385
12125 4 2 16 28 358 359 565 2132
12126 4 2 16 28 472 2369 1256 2012
12127 4 2 16 28 1976 1920 838 839
12128 4 2 16 28 1976 1962 1879 935
12129 4 2 16 28 1795 3148 3147 3171
12130 4 2 16 28 1271 1227 2288 451
12131 4 2 16 28 1934 2003 1861 3209
12132 4 2 16 28 1961 1830 842 843
12133 4 2 16 28 589 71 2320 81
12134 4 2 16 28 1880 1826 1990 3120
12135 4 2 16 28 2048 1835 2323 2030
12136 4 2 16 28 737 815 240 2817
12137 4 2 16 28 739 2815 213 813
12138 4 2 16 28 1956 1394 989 913
12139 4 2 16 28 931 882 932 1961
12140 4 2 16 28 2101 2100 2232 3154
12141 4 2 16 28 1934 3147 2003 3210
12142 4 2 16 28 609 486 485 2419
12143 4 2 16 28 609 486 2419 608
12144 4 2 16 28 2089 2056 2222 3227
12145 4 2 16 28 107 106 149 1475
12146 4 2 16 28 2001 1804 3109 3201
12147 4 2 16 28 2178 2100 1989 3154
12148 4 2 16 28 1855 1928 1929 3204
12149 4 2 16 28 346 347 1227 2288
12150 4 2 16 28 1419 991 911 1839
12151 4 2 16 28 423 2162 424 1296
12152 4 2 16 28 1892 1819 2028 3182
12153 4 2 16 28 2125 1897 1896 3177
12154 4 2 16 28 2204 1912 2046 2205
12155 4 2 16 28 2001 2372 2048 1872
12156 4 2 16 28 22 14 3081 3216
12157 4 2 16 28 332 331 539 2143
12158 4 2 16 28 331 538 539 2143
12159 4 2 16 28 114 142 159 1418
12160 4 2 16 28 1221 1283 2386 2347
12161 4 2 16 28 3140 3152 1973 3225
12162 4 2 16 28 1242 503 1255 2159
12163 4 2 16 28 940 873 1890 874
12164 4 2 16 28 1396 126 1958 1918
12165 4 2 16 28 2325 2092 1819 2028
12166 4 2 16 28 2123 301 1267 1236
12167 4 2 16 28 239 3126 737 3226
12168 4 2 16 28 2208 2185 488 606
12169 4 2 16 28 1868 2049 1853 3232
12170 4 2 16 28 206 2850 205 3194
12171 4 2 16 28 2221 1861 1820 3200
12172 4 2 16 28 2069 2228 3083 3085
12173 4 2 16 28 2216 2278 1851 2044
12174 4 2 16 28 795 3097 966 3107
12175 4 2 16 28 936 937 838 1962
12176 4 2 16 28 1889 3134 3138 3153
12177 4 2 16 28 504 1255 2159 1197
12178 4 2 16 28 1949 145 922 852
12179 4 2 16 28 1941 1434 140 3198
12180 4 2 16 28 1892 1998 1877 3157
12181 4 2 16 28 429 2315 2030 665
12182 4 2 16 28 1924 1868 2182 2183
12183 4 2 16 28 159 167 142 1423
12184 4 2 16 28 2201 2315 2030 429
12185 4 2 16 28 1063 1047 2066 2130
12186 4 2 16 28 1805 3173 1950 3188
12187 4 2 16 28 1045 2087 1061 2180
12188 4 2 16 28 1228 1277 319 2238
12189 4 2 16 28 143 913 861 1838
12190 4 2 16 28 1198 473 2139 2369
12191 4 2 16 28 2044 1851 2216 2415
12192 4 2 16 28 1817 2005 1993 3104
12193 4 2 16 28 253 1273 2156 2379
12194 4 2 16 28 624 2223 2222 386
12195 4 2 16 28 1864 1830 843 3150
12196 4 2 16 28 1993 3076 3104 3226
12197 4 2 16 28 700 2410 2037 462
12198 4 2 16 28 2223 2237 385 623
12199 4 2 16 28 925 926 1808 134
12200 4 2 16 28 2041 1858 2082 2286
12201 4 2 16 28 2399 399 1212 2113
12202 4 2 16 28 2271 1876 1991 2060
12203 4 2 16 28 2101 1820 2261 3200
12204 4 2 16 28 2120 2004 84 2119
12205 4 2 16 28 1493 1386 1953 981
12206 4 2 16 28 1972 1892 2077 3214
12207 4 2 16 28 1909 1841 1959 3203
12208 4 2 16 28 1973 3152 1902 3225
12209 4 2 16 28 1851 2415 2044 3224
12210 4 2 16 28 1067 1987 2157 2216
12211 4 2 16 28 938 836 148 1951
12212 4 2 16 28 2077 1972 2308 1892
12213 4 2 16 28 563 2034 356 2229
12214 4 2 16 28 1877 1892 3157 3182
12215 4 2 16 28 353 67 1193 2070
12216 4 2 16 28 2155 2411 1245 1299
12217 4 2 16 28 2096 2224 2218 3121
12218 4 2 16 28 1958 1816 1883 3102
12219 4 2 16 28 140 1992 905 129
12220 4 2 16 28 145 1806 852 1949
12221 4 2 16 28 1989 2178 2240 2100
12222 4 2 16 28 1955 885 886 929
12223 4 2 16 28 2246 3069 3105 3144
12224 4 2 16 28 2207 633 395 2305
12225 4 2 16 28 403 640 2153 402
12226 4 2 16 28 640 403 2153 641
12227 4 2 16 28 1973 1902 3180 3225
12228 4 2 16 28 3078 3094 3069 3216
12229 4 2 16 28 2287 66 1195 2395
12230 4 2 16 28 924 152 1875 949
12231 4 2 16 28 142 167 159 1418
12232 4 2 16 28 419 420 1299 2226
12233 4 2 16 28 793 759 760 3216
12234 4 2 16 28 1002 1003 987 1882
12235 4 2 16 28 2048 1835 2001 1872
12236 4 2 16 28 2037 2221 1861 2066
12237 4 2 16 28 916 1503 1957 915
12238 4 2 16 28 1048 2067 2299 1881
12239 4 2 16 28 3100 3213 1969 3230
12240 4 2 16 28 1197 505 1309 2072
12241 4 2 16 28 2172 2257 2047 3223
12242 4 2 16 28 1805 1874 3173 3188
12243 4 2 16 28 151 1475 149 106
12244 4 2 16 28 1920 1938 1822 3231
12245 4 2 16 28 450 2351 1271 2098
12246 4 2 16 28 1272 496 1223 2184
12247 4 2 16 28 2170 365 66 2346
12248 4 2 16 28 71 589 2320 505
12249 4 2 16 28 1917 869 88 1429
12250 4 2 16 28 1924 1868 2183 3227
12251 4 2 16 28 1921 1856 3191 3192
12252 4 2 16 28 2337 3070 20 3082
12253 4 2 16 28 1993 1849 1995 3226
12254 4 2 16 28 2315 1193 430 429
12255 4 2 16 28 1983 1893 1881 3215
12256 4 2 16 28 1952 1822 1938 3231
12257 4 2 16 28 1867 876 899 138
12258 4 2 16 28 424 425 2393 2149
12259 4 2 16 28 1987 2039 1852 2157
12260 4 2 16 28 2115 3136 3108 3172
12261 4 2 16 28 2061 2339 477 1260
12262 4 2 16 28 2278 1847 2249 2127
12263 4 2 16 28 1503 916 1957 986
12264 4 2 16 28 1003 986 987 1957
12265 4 2 16 28 349 2098 2370 1233
12266 4 2 16 28 351 2173 558 2406
12267 4 2 16 28 846 928 845 1955
12268 4 2 16 28 898 1867 138 1923
12269 4 2 16 28 2208 2185 489 488
12270 4 2 16 28 2222 2056 2223 3245
12271 4 2 16 28 2004 1845 2120 3233
12272 4 2 16 28 1944 1996 3124 3240
12273 4 2 16 28 1866 836 1346 835
12274 4 2 16 28 1874 841 1354 3188
12275 4 2 16 28 1871 3074 1971 3110
12276 4 2 16 28 913 1958 861 1838
12277 4 2 16 28 1844 2099 2240 2212
12278 4 2 16 28 1864 1368 733 844
12279 4 2 16 28 733 1864 844 3150
12280 4 2 16 28 1945 2026 2307 2204
12281 4 2 16 28 169 1522 161 3198
12282 4 2 16 28 399 1289 2412 2399
12283 4 2 16 28 1888 1329 909 865
12284 4 2 16 28 1056 1869 1972 1072
12285 4 2 16 28 2089 388 626 2222
12286 4 2 16 28 425 426 2071 2198
12287 4 2 16 28 928 1955 133 886
12288 4 2 16 28 1888 997 994 993
12289 4 2 16 28 2223 2237 2128 385
12290 4 2 16 28 1928 1809 1929 3204
12291 4 2 16 28 2163 1972 2028 2077
12292 4 2 16 28 410 411 1202 2076
12293 4 2 16 28 1814 983 1005 1935
12294 4 2 16 28 147 933 841 1942
12295 4 2 16 28 634 396 2305 397
12296 4 2 16 28 397 2305 634 635
12297 4 2 16 28 736 3126 3076 3226
12298 4 2 16 28 1493 920 1953 1386
12299 4 2 16 28 2056 1069 2129 1895
12300 4 2 16 28 406 405 643 2388
12301 4 2 16 28 644 406 643 2388
12302 4 2 16 28 1991 1857 2254 1975
12303 4 2 16 28 1432 113 160 794
12304 4 2 16 28 1432 168 141 905
12305 4 2 16 28 879 896 897 1879
12306 4 2 16 28 1987 2216 1851 2415
12307 4 2 16 28 2205 2046 2329 1912
12308 4 2 16 28 1925 1829 1946 3092
12309 4 2 16 28 1943 1982 3242 3244
12310 4 2 16 28 304 305 2289 512
12311 4 2 16 28 512 2289 304 511
12312 4 2 16 28 1005 1006 1814 1488
12313 4 2 16 28 2108 2419 2347 485
12314 4 2 16 28 1926 3154 3153 3218
12315 4 2 16 28 2063 1881 1893 3215
12316 4 2 16 28 1931 1846 1871 3090
12317 4 2 16 28 2223 2056 2237 3245
12318 4 2 16 28 3190 3208 1926 3218
12319 4 2 16 28 379 378 1296 2073
12320 4 2 16 28 2052 2092 2163 1819
12321 4 2 16 28 1901 1967 3139 3220
12322 4 2 16 28 2243 593 501 502
12323 4 2 16 28 923 850 1995 924
12324 4 2 16 28 542 336 2282 543
12325 4 2 16 28 336 542 2282 335
12326 4 2 16 28 2051 1997 2414 1853
12327 4 2 16 28 2419 2108 486 485
12328 4 2 16 28 593 2243 592 502
12329 4 2 16 28 1973 3180 3179 3225
12330 4 2 16 28 1994 3074 1815 3091
12331 4 2 16 28 1994 1971 1815 3074
12332 4 2 16 28 865 908 909 1888
12333 4 2 16 28 167 995 1919 907
12334 4 2 16 28 576 61 369 2276
12335 4 2 16 28 658 2146 2324 436
12336 4 2 16 28 2401 416 2348 1305
12337 4 2 16 28 983 1814 1005 1006
12338 4 2 16 28 490 603 491 2209
12339 4 2 16 28 490 603 2209 604
12340 4 2 16 28 940 941 1890 873
12341 4 2 16 28 2815 226 814 738
12342 4 2 16 28 2817 814 227 738
12343 4 2 16 28 487 2185 488 2195
12344 4 2 16 28 2393 2385 424 2149
12345 4 2 16 28 2356 566 359 2132
12346 4 2 16 28 1825 874 901 900
12347 4 2 16 28 1218 2379 253 2256
12348 4 2 16 28 362 363 2169 1303
12349 4 2 16 28 1989 1046 2099 1914
12350 4 2 16 28 374 582 2366 375
12351 4 2 16 28 863 912 1908 911
12352 4 2 16 28 2397 3145 3133 3174
12353 4 2 16 28 62 299 2126 506
12354 4 2 16 28 2066 2065 2130 1818
12355 4 2 16 28 1972 1819 2028 1892
12356 4 2 16 28 1843 1811 1966 3113
12357 4 2 16 28 1975 1985 2286 1858
12358 4 2 16 28 1989 2100 2101 3154
12359 4 2 16 28 1983 1881 2063 3215
12360 4 2 16 28 905 141 869 1850
12361 4 2 16 28 1973 1877 3121 3179
12362 4 2 16 28 351 350 2173 2321
12363 4 2 16 28 590 589 505 2320
12364 4 2 16 28 392 631 2055 630
12365 4 2 16 28 631 392 2055 393
12366 4 2 16 28 77 2892 2956 3194
12367 4 2 16 28 1860 981 1008 1007
12368 4 2 16 28 565 359 566 2132
12369 4 2 16 28 869 1992 129 905
12370 4 2 16 28 700 2037 2410 3200
12371 4 2 16 28 1067 1987 2216 1051
12372 4 2 16 28 981 982 1007 1953
12373 4 2 16 28 1880 1986 896 880
12374 4 2 16 28 833 942 1865 941
12375 4 2 16 28 1840 3105 1941 3198
12376 4 2 16 28 205 2840 206 3194
12377 4 2 16 28 1975 2082 2286 2254
12378 4 2 16 28 2867 1151 223 1158
12379 4 2 16 28 2851 1158 230 223
12380 4 2 16 28 1158 230 223 2867
12381 4 2 16 28 2851 1158 223 1151
12382 4 2 16 28 2854 231 1150 222
12383 4 2 16 28 1152 229 2868 1157
12384 4 2 16 28 2857 228 225 1153
12385 4 2 16 28 221 2873 1160 232
12386 4 2 16 28 1149 221 2858 1160
12387 4 2 16 28 1156 1153 228 2874
12388 4 2 16 28 228 1153 2853 225
12389 4 2 16 28 1153 228 2853 1156
12390 4 2 16 28 221 1160 2869 232
12391 4 2 16 28 1160 221 2869 1149
12392 4 2 16 28 9 6 2 2855
12393 4 2 16 28 7 2855 9 2
12394 4 2 16 28 2856 233 1148 220
12395 4 2 16 28 1154 2872 227 1155
12396 4 2 16 28 227 226 1154 2874
12397 4 2 16 28 227 1154 1155 2874
12398 4 2 16 28 1148 233 1161 2873
12399 4 2 16 28 1871 1971 1931 3110
12400 4 2 16 28 2067 1881 1893 2063
12401 4 2 16 28 1827 1954 1843 3237
12402 4 2 16 28 1922 1863 1842 3080
12403 4 2 16 28 983 984 1005 1935
12404 4 2 16 28 2092 3179 1819 3180
12405 4 2 16 28 862 863 912 1908
12406 4 2 16 28 2003 3148 1889 3199
12407 4 2 16 28 2154 1057 2204 1073
12408 4 2 16 28 1917 128 869 1429
12409 4 2 16 28 989 171 1838 166
12410 4 2 16 28 656 438 2324 2172
12411 4 2 16 28 875 876 899 1963
12412 4 2 16 28 756 3082 3070 3107
12413 4 2 16 28 576 64 61 2276
12414 4 2 16 28 842 932 147 1977
12415 4 2 16 28 2126 63 62 506
12416 4 2 16 28 702 464 2145 465
12417 4 2 16 28 703 702 2145 465
12418 4 2 16 28 917 144 857 1947
12419 4 2 16 28 14 3086 3078 3216
12420 4 2 16 28 400 638 401 2391
12421 4 2 16 28 639 401 638 2391
12422 4 2 16 28 1994 1815 1915 3091
12423 4 2 16 28 137 882 1873 132
12424 4 2 16 28 932 842 843 1961
12425 4 2 16 28 3138 3190 1926 3218
12426 4 2 16 28 533 327 2062 534
12427 4 2 16 28 2205 1057 1073 2204
12428 4 2 16 28 630 392 391 2182
12429 4 2 16 28 391 629 630 2182
12430 4 2 16 28 327 533 2062 326
12431 4 2 16 28 1289 398 2412 2164
12432 4 2 16 28 720 1946 719 1319
12433 4 2 16 28 928 845 1955 929
12434 4 2 16 28 1945 2046 2026 2204
12435 4 2 16 28 664 2122 663 431
12436 4 2 16 28 1876 2059 1903 1065
12437 4 2 16 28 1926 3190 3162 3208
12438 4 2 16 28 335 2394 541 542
12439 4 2 16 28 334 335 2394 541
12440 4 2 16 28 1224 2293 252 2156
12441 4 2 16 28 1831 841 1874 3188
12442 4 2 16 28 1988 2157 1852 2039
12443 4 2 16 28 1006 1007 1814 1489
12444 4 2 16 28 130 872 139 1964
12445 4 2 16 28 2066 1063 2221 1047
12446 4 2 16 28 461 700 2410 699
12447 4 2 16 28 700 461 2410 462
12448 4 2 16 28 2349 3069 2246 3196
12449 4 2 16 28 151 106 814 3235
12450 4 2 16 28 2324 2172 2047 3223
12451 4 2 16 28 2084 2205 2329 1912
12452 4 2 16 28 664 429 2315 430
12453 4 2 16 28 2278 2249 1897 2125
12454 4 2 16 28 1060 1891 2120 1076
12455 4 2 16 28 1942 137 132 881
12456 4 2 16 28 151 814 152 3235
12457 4 2 16 28 134 814 106 3235
12458 4 2 16 28 1811 1908 3113 3123
12459 4 2 16 28 2122 664 430 431
12460 4 2 16 28 406 645 2390 644
12461 4 2 16 28 645 406 2390 407
12462 4 2 16 28 250 276 277 2218
12463 4 2 16 28 249 276 250 2218
12464 4 2 16 28 932 147 1977 132
12465 4 2 16 28 1926 3153 3138 3218
12466 4 2 16 28 627 390 2089 628
12467 4 2 16 28 390 627 2089 389
12468 4 2 16 28 1972 2163 2028 1819
12469 4 2 16 28 914 1956 1394 1505
12470 4 2 16 28 412 72 1310 2306
12471 4 2 16 28 1512 1839 1419 910
12472 4 2 16 28 2004 2180 2215 2119
12473 4 2 16 28 493 602 2039 492
12474 4 2 16 28 602 493 2039 601
12475 4 2 16 28 148 1822 121 837
12476 4 2 16 28 931 932 843 1961
12477 4 2 16 28 2065 2067 2130 1818
12478 4 2 16 28 272 245 64 2276
12479 4 2 16 28 170 167 995 1919
12480 4 2 16 28 908 909 1888 994
12481 4 2 16 28 2080 1856 2211 1914
12482 4 2 16 28 865 866 908 1888
12483 4 2 16 28 872 873 902 1960
12484 4 2 16 28 1200 66 2346 2395
12485 4 2 16 28 516 2310 309 515
12486 4 2 16 28 2310 308 309 515
12487 4 2 16 28 138 1951 876 131
12488 4 2 16 28 2049 2183 2055 1868
12489 4 2 16 28 662 433 432 2227
12490 4 2 16 28 662 433 2227 661
12491 4 2 16 28 942 90 832 1964
12492 4 2 16 28 539 540 333 2230
12493 4 2 16 28 539 333 332 2230
12494 4 2 16 28 893 894 883 1933
12495 4 2 16 28 553 346 2213 554
12496 4 2 16 28 346 347 2213 554
12497 4 2 16 28 1974 3143 3139 3232
12498 4 2 16 28 1895 1894 2129 3245
12499 4 2 16 28 2209 1858 1988 2105
12500 4 2 16 28 1884 3072 1840 3159
12501 4 2 16 28 413 2026 681 414
12502 4 2 16 28 1910 1841 1909 3203
12503 4 2 16 28 1811 1908 1966 3113
12504 4 2 16 28 891 892 885 1940
12505 4 2 16 28 2326 2036 458 457
12506 4 2 16 28 2183 1837 2056 3227
12507 4 2 16 28 900 901 1825 1440
12508 4 2 16 28 1046 2100 2099 1062
12509 4 2 16 28 2218 250 249 2392
12510 4 2 16 28 2101 1820 1989 3154
12511 4 2 16 28 275 249 2224 276
12512 4 2 16 28 249 275 2224 248
12513 4 2 16 28 3072 3144 3105 3159
12514 4 2 16 28 2080 2360 2361 1856
12515 4 2 16 28 1908 1811 1918 3123
12516 4 2 16 28 2120 1891 2119 2087
12517 4 2 16 28 991 992 999 1839
12518 4 2 16 28 2414 2051 1853 2413
12519 4 2 16 28 1945 2154 2307 1869
12520 4 2 16 28 412 72 2306 83
12521 4 2 16 28 504 590 505 2320
12522 4 2 16 28 245 61 64 2276
12523 4 2 16 28 348 556 2214 555
12524 4 2 16 28 556 348 2214 349
12525 4 2 16 28 1990 1821 1933 3166
12526 4 2 16 28 429 664 2315 665
12527 4 2 16 28 2133 2039 1987 2157
12528 4 2 16 28 165 985 172 1947
12529 4 2 16 28 1958 913 860 1956
12530 4 2 16 28 635 397 2305 2112
12531 4 2 16 28 912 1908 2006 862
12532 4 2 16 28 441 654 2257 440
12533 4 2 16 28 140 1941 904 1434
12534 4 2 16 28 2216 1987 2157 2133
12535 4 2 16 28 1871 3074 3110 3183
12536 4 2 16 28 980 1860 981 1008
12537 4 2 16 28 866 127 142 1827
12538 4 2 16 28 2087 2004 2119 2180
12539 4 2 16 28 1856 2004 2215 3192
12540 4 2 16 28 851 124 145 1806
12541 4 2 16 28 2082 2041 2105 1858
12542 4 2 16 28 210 209 2841 2955
12543 4 2 16 28 814 925 152 3235
12544 4 2 16 28 814 134 925 3235
12545 4 2 16 28 129 86 1992 869
12546 4 2 16 28 654 441 2257 653
12547 4 2 16 28 1897 1851 2044 1896
12548 4 2 16 28 1921 3165 3164 3193
12549 4 2 16 28 341 549 2177 548
12550 4 2 16 28 341 549 342 2177
12551 4 2 16 28 988 989 1001 1956
12552 4 2 16 28 2120 2004 2119 1891
12553 4 2 16 28 870 1428 871 1823
12554 4 2 16 28 1048 2299 2130 1064
12555 4 2 16 28 260 287 288 2357
12556 4 2 16 28 260 288 261 2357
12557 4 2 16 28 206 10 207 2871
12558 4 2 16 28 2059 1801 1991 1903
12559 4 2 16 28 2323 1835 2094 2030
12560 4 2 16 28 993 994 1888 909
12561 4 2 16 28 1909 999 991 1000
12562 4 2 16 28 3069 3081 3078 3216
12563 4 2 16 28 608 487 2418 607
12564 4 2 16 28 487 608 2418 486
12565 4 2 16 28 1841 1910 3202 3203
12566 4 2 16 28 412 83 2306 650
12567 4 2 16 28 895 1986 1880 880
12568 4 2 16 28 2185 488 606 607
12569 4 2 16 28 488 2185 487 607
12570 4 2 16 28 920 1493 1953 982
12571 4 2 16 28 1951 1453 1337 938
12572 4 2 16 28 546 339 338 2118
12573 4 2 16 28 545 546 338 2118
12574 4 2 16 28 1453 1337 131 1951
12575 4 2 16 28 393 632 394 2055
12576 4 2 16 28 393 631 632 2055
12577 4 2 16 28 1815 1971 1871 3074
12578 4 2 16 28 2044 2125 2278 1897
12579 4 2 16 28 1071 1997 2414 2052
12580 4 2 16 28 2325 408 645 407
12581 4 2 16 28 2077 1869 2307 2154
12582 4 2 16 28 408 646 2325 645
12583 4 2 16 28 69 575 2032 79
12584 4 2 16 28 438 2324 657 656
12585 4 2 16 28 319 527 2057 526
12586 4 2 16 28 527 319 2057 320
12587 4 2 16 28 715 90 130 1964
12588 4 2 16 28 1858 1975 2082 2286
12589 4 2 16 28 657 437 2324 438
12590 4 2 16 28 1203 2401 2045 1305
12591 4 2 16 28 2163 1072 1056 1972
12592 4 2 16 28 1949 853 852 922
12593 4 2 16 28 414 2026 681 680
12594 4 2 16 28 2129 1894 1895 3212
12595 4 2 16 28 2129 2127 2249 1847
12596 4 2 16 28 878 879 897 1879
12597 4 2 16 28 1386 921 1953 981
12598 4 2 16 28 1987 1988 2157 1852
12599 4 2 16 28 447 684 685 2360
12600 4 2 16 28 877 898 138 1923
12601 4 2 16 28 418 2029 676 419
12602 4 2 16 28 558 350 2173 351
12603 4 2 16 28 350 558 2173 557
12604 4 2 16 28 871 903 870 1823
12605 4 2 16 28 896 895 1880 880
12606 4 2 16 28 1847 2278 1068 2127
12607 4 2 16 28 1853 2414 1055 1997
12608 4 2 16 28 675 676 2029 419
12609 4 2 16 28 2059 1876 1903 1991
12610 4 2 16 28 2029 418 2411 419
12611 4 2 16 28 2349 3078 3069 3081
12612 4 2 16 28 996 170 995 1919
12613 4 2 16 28 2211 1844 2099 1914
12614 4 2 16 28 69 368 2032 575
12615 4 2 16 28 2099 1046 1062 1914
12616 4 2 16 28 447 446 684 2360
12617 4 2 16 28 915 987 1503 1957
12618 4 2 16 28 2413 1853 2049 3232
12619 4 2 16 28 2087 2004 2180 1891
12620 4 2 16 28 2413 2049 2112 3232
12621 4 2 16 28 913 1958 860 861
12622 4 2 16 28 261 289 2357 288
12623 4 2 16 28 289 261 2357 262
12624 4 2 16 28 2246 3069 3144 3196
12625 4 2 16 28 1949 853 922 921
12626 4 2 16 28 2180 2004 2215 1856
12627 4 2 16 28 1847 1897 2249 3177
12628 4 2 16 28 867 1410 868 1916
12629 4 2 16 28 3136 3137 2166 3219
12630 4 2 16 28 945 1915 154 1477
12631 4 2 16 28 877 898 1923 878
12632 4 2 16 28 814 226 227 738
12633 4 2 16 28 296 297 269 2267
12634 4 2 16 28 297 270 269 2267
12635 4 2 16 28 1905 3192 3142 3195
12636 4 2 16 28 1951 876 1453 938
12637 4 2 16 28 2049 2207 2305 3232
12638 4 2 16 28 3142 3191 1921 3193
12639 4 2 16 28 2207 395 394 2373
12640 4 2 16 28 1006 1007 982 1814
12641 4 2 16 28 1895 2056 1837 2129
12642 4 2 16 28 1921 3191 3165 3193
12643 4 2 16 28 1983 2059 2063 1903
12644 4 2 16 28 1823 871 715 716
12645 4 2 16 28 2319 81 71 620
12646 4 2 16 28 62 298 2126 271
12647 4 2 16 28 2063 1983 1903 1881
12648 4 2 16 28 663 432 2122 662
12649 4 2 16 28 497 496 598 2078
12650 4 2 16 28 597 497 598 2078
12651 4 2 16 28 577 371 2298 370
12652 4 2 16 28 1823 1428 871 716
12653 4 2 16 28 1911 133 136 887
12654 4 2 16 28 577 371 578 2298
12655 4 2 16 28 366 1192 67 2233
12656 4 2 16 28 432 663 2122 431
12657 4 2 16 28 2278 1897 1851 2044
12658 4 2 16 28 927 146 847 1911
12659 4 2 16 28 2099 1844 2240 1989
12660 4 2 16 28 1801 2059 1983 1903
12661 4 2 16 28 705 468 467 2190
12662 4 2 16 28 150 3068 1476 3235
12663 4 2 16 28 1839 1512 992 910
12664 4 2 16 28 939 875 1963 1456
12665 4 2 16 28 1808 135 134 1334
12666 4 2 16 28 2215 2360 2080 1856
12667 4 2 16 28 1903 2063 2175 2059
12668 4 2 16 28 1985 1858 1982 3175
12669 4 2 16 28 2104 490 491 2209
12670 4 2 16 28 2163 2028 1819 2092
12671 4 2 16 28 1895 1847 2129 3177
12672 4 2 16 28 2059 1065 2175 1903
12673 4 2 16 28 2105 2157 1988 2039
12674 4 2 16 28 298 62 2126 63
12675 4 2 16 28 71 2319 620 382
12676 4 2 16 28 265 292 293 2263
12677 4 2 16 28 266 265 293 2263
12678 4 2 16 28 344 552 2245 551
12679 4 2 16 28 344 552 345 2245
12680 4 2 16 28 417 678 2328 416
12681 4 2 16 28 2278 1847 1068 1897
12682 4 2 16 28 1858 2208 2041 2105
12683 4 2 16 28 150 135 1971 3110
12684 4 2 16 28 1192 1306 1307 2233
12685 4 2 16 28 1934 3147 3210 3236
12686 4 2 16 28 678 417 2328 677
12687 4 2 16 28 945 154 1915 950
12688 4 2 16 28 1840 3159 3105 3198
12689 4 2 16 28 2120 2047 2257 1845
12690 4 2 16 28 2080 2180 2215 1856
12691 4 2 16 28 323 322 529 2023
12692 4 2 16 28 529 530 323 2023
12693 4 2 16 28 1981 925 1320 849
12694 4 2 16 28 2099 2080 2211 1914
12695 4 2 16 28 614 481 2253 613
12696 4 2 16 28 614 481 480 2253
12697 4 2 16 28 844 845 1864 1368
12698 4 2 16 28 636 398 635 2112
12699 4 2 16 28 398 397 635 2112
12700 4 2 16 28 617 616 478 2270
12701 4 2 16 28 1322 1957 915 859
12702 4 2 16 28 1837 2056 3227 3245
12703 4 2 16 28 1953 854 1330 920
12704 4 2 16 28 3072 3105 1840 3159
12705 4 2 16 28 477 617 478 2270
12706 4 2 16 28 437 2324 658 657
12707 4 2 16 28 2278 1847 1897 2249
12708 4 2 16 28 436 2324 658 437
12709 4 2 16 28 710 473 472 2291
12710 4 2 16 28 2163 1819 1997 2052
12711 4 2 16 28 1903 1876 1065 1049
12712 4 2 16 28 567 566 360 2356
12713 4 2 16 28 1068 1052 1847 2127
12714 4 2 16 28 633 395 394 2207
12715 4 2 16 28 394 632 633 2207
12716 4 2 16 28 870 1428 1823 716
12717 4 2 16 28 141 906 1850 168
12718 4 2 16 28 303 511 304 2124
12719 4 2 16 28 303 511 2124 510
12720 4 2 16 28 411 648 2308 410
12721 4 2 16 28 262 290 2358 289
12722 4 2 16 28 262 290 263 2358
12723 4 2 16 28 680 415 2409 679
12724 4 2 16 28 1956 914 988 1505
12725 4 2 16 28 582 376 2366 375
12726 4 2 16 28 359 360 566 2356
12727 4 2 16 28 2063 1903 2175 1881
12728 4 2 16 28 2087 2004 1891 2119
12729 4 2 16 28 673 421 2309 422
12730 4 2 16 28 2261 460 698 697
12731 4 2 16 28 460 2261 459 697
12732 4 2 16 28 1997 1071 2414 1055
12733 4 2 16 28 422 2309 673 672
12734 4 2 16 28 1052 1847 1897 1068
12735 4 2 16 28 2063 2175 2299 1881
12736 4 2 16 28 655 439 656 2172
12737 4 2 16 28 2047 2257 1845 3223
12738 4 2 16 28 625 388 2222 626
12739 4 2 16 28 710 473 2291 711
12740 4 2 16 28 388 625 2222 387
12741 4 2 16 28 438 656 439 2172
12742 4 2 16 28 414 2409 2026 680
12743 4 2 16 28 2067 1881 2063 2299
12744 4 2 16 28 1337 148 131 1951
12745 4 2 16 28 2243 592 502 503
12746 4 2 16 28 648 411 2308 649
12747 4 2 16 28 503 2243 592 591
12748 4 2 16 28 680 415 414 2409
12749 4 2 16 28 1333 1961 931 843
12750 4 2 16 28 2275 620 382 621
12751 4 2 16 28 1844 2099 1914 1989
12752 4 2 16 28 693 456 2178 694
12753 4 2 16 28 456 693 2178 455
12754 4 2 16 28 295 267 294 2266
12755 4 2 16 28 267 295 268 2266
12756 4 2 16 28 2212 689 452 690
12757 4 2 16 28 689 451 2212 452
12758 4 2 16 28 1328 919 1885 855
12759 4 2 16 28 1895 2127 2129 1847
12760 4 2 16 28 2305 2112 2049 3232
12761 4 2 16 28 378 379 586 2073
12762 4 2 16 28 1049 2175 1065 1903
12763 4 2 16 28 2049 2413 2414 1853
12764 4 2 16 28 586 585 378 2073
12765 4 2 16 28 560 353 354 2242
12766 4 2 16 28 1808 925 134 3235
12767 4 2 16 28 1962 1323 838 936
12768 4 2 16 28 354 561 560 2242
12769 4 2 16 28 621 382 2275 383
12770 4 2 16 28 619 2295 476 475
12771 4 2 16 28 940 1890 834 1326
12772 4 2 16 28 2240 2099 1989 2100
12773 4 2 16 28 652 651 443 2285
12774 4 2 16 28 618 2295 476 619
12775 4 2 16 28 562 2034 355 563
12776 4 2 16 28 150 1476 152 3235
12777 4 2 16 28 2034 356 355 563
12778 4 2 16 28 583 377 2302 376
12779 4 2 16 28 169 168 905 1850
12780 4 2 16 28 946 949 1875 1484
12781 4 2 16 28 442 652 443 2285
12782 4 2 16 28 624 623 2223 386
12783 4 2 16 28 623 385 2223 386
12784 4 2 16 28 169 168 1850 1483
12785 4 2 16 28 1323 935 1976 839
12786 4 2 16 28 583 377 584 2302
12787 4 2 16 28 935 1321 1976 839
12788 4 2 16 28 1957 915 859 1325
12789 4 2 16 28 905 168 141 1850
12790 4 2 16 28 1890 834 1332 940
12791 4 2 16 28 2203 2070 2242 353
12792 4 2 16 28 2865 1148 78 574
12793 4 2 16 28 2034 2158 2203 1247
12794 4 2 16 28 227 9 151 47
12795 4 2 16 28 1955 1911 123 146
12796 4 2 16 28 2158 2131 2227 433
12797 4 2 16 28 2195 2108 2196 1216
12798 4 2 16 28 2213 2244 2288 346
12799 4 2 16 28 966 160 26 41
12800 4 2 16 28 867 1827 142 127
12801 4 2 16 28 2182 390 2089 2262
12802 4 2 16 28 994 1919 1888 908
12803 4 2 16 28 2126 2267 2279 270
12804 4 2 16 28 2306 411 2076 412
12805 4 2 16 28 2207 2055 2373 394
12806 4 2 16 28 2241 2076 2276 61
12807 4 2 16 28 2114 2054 2239 259
12808 4 2 16 28 2179 2036 2231 1210
12809 4 2 16 28 2214 2213 2288 347
12810 4 2 16 28 1919 994 167 908
12811 4 2 16 28 67 2152 2233 1192
12812 4 2 16 28 2095 2222 2387 388
12813 4 2 16 28 2034 2203 2242 354
12814 4 2 16 28 2131 2158 2161 1251
12815 4 2 16 28 2161 2132 2235 358
12816 4 2 16 28 2203 2122 2315 430
12817 4 2 16 28 2074 2324 2330 436
12818 4 2 16 28 2235 2074 2330 1249
12819 4 2 16 28 2865 78 1148 1147
12820 4 2 16 28 2032 1307 2234 2233
12821 4 2 16 28 1911 1955 123 1803
12822 4 2 16 28 452 2244 1227 2212
12823 4 2 16 28 169 1850 996 1483
12824 4 2 16 28 2214 2288 348 347
12825 4 2 16 28 2036 2260 2261 459
12826 4 2 16 28 2036 2179 2260 1292
12827 4 2 16 28 2177 2301 2420 342
12828 4 2 16 28 2288 2212 2351 451
12829 4 2 16 28 1222 2245 2020 344
12830 4 2 16 28 2020 2240 455 2178
12831 4 2 16 28 2240 2020 455 454
12832 4 2 16 28 2245 1222 2244 345
12833 4 2 16 28 2020 2245 2420 344
12834 4 2 16 28 1222 2245 344 345
12835 4 2 16 28 2102 2174 2360 447
12836 4 2 16 28 2169 2200 2217 1303
12837 4 2 16 28 2287 2170 2384 352
12838 4 2 16 28 2214 2098 2370 349
12839 4 2 16 28 2173 349 2214 2370
12840 4 2 16 28 2098 2214 2288 348
12841 4 2 16 28 2086 2200 2344 1304
12842 4 2 16 28 2074 2217 2324 437
12843 4 2 16 28 440 2257 2086 2200
12844 4 2 16 28 2285 2086 2395 442
12845 4 2 16 28 73 2136 2285 2119
12846 4 2 16 28 2104 2186 2187 1207
12847 4 2 16 28 2139 74 1312 475
12848 4 2 16 28 2295 74 2063 2139
12849 4 2 16 28 2262 389 2089 2095
12850 4 2 16 28 2068 2137 2225 1261
12851 4 2 16 28 2137 2331 2332 324
12852 4 2 16 28 2192 2062 2333 327
12853 4 2 16 28 2139 2291 2369 473
12854 4 2 16 28 2012 2290 2408 471
12855 4 2 16 28 2143 2193 2335 331
12856 4 2 16 28 2106 2196 315 2195
12857 4 2 16 28 2243 1242 2123 2159
12858 4 2 16 28 2106 2196 2343 315
12859 4 2 16 28 2238 2254 482 483
12860 4 2 16 28 2238 2057 320 2210
12861 4 2 16 28 832 833 1865 1347
12862 4 2 16 28 148 938 1951 1337
12863 4 2 16 28 875 876 1963 1456
12864 4 2 16 28 2143 2064 2193 330
12865 4 2 16 28 2193 2143 330 331
12866 4 2 16 28 2014 2255 2335 1225
12867 4 2 16 28 2014 2145 2255 465
12868 4 2 16 28 2193 2014 2335 1279
12869 4 2 16 28 2282 336 2088 2281
12870 4 2 16 28 2009 2281 2340 337
12871 4 2 16 28 2124 2141 2289 304
12872 4 2 16 28 2123 2268 2381 300
12873 4 2 16 28 1208 2207 2206 2054
12874 4 2 16 28 2113 2199 2391 400
12875 4 2 16 28 2239 2054 2357 260
12876 4 2 16 28 2357 2116 2358 262
12877 4 2 16 28 2300 2053 2358 263
12878 4 2 16 28 2300 393 2116 2055
12879 4 2 16 28 2095 2089 2222 388
12880 4 2 16 28 2262 2095 2263 1226
12881 4 2 16 28 2055 2182 2300 392
12882 4 2 16 28 2182 2262 2300 391
12883 4 2 16 28 2223 2128 2279 385
12884 4 2 16 28 2095 2089 388 389
12885 4 2 16 28 2095 266 2266 2263
12886 4 2 16 28 266 2095 2266 267
12887 4 2 16 28 2186 2040 2187 312
12888 4 2 16 28 2107 2310 2359 309
12889 4 2 16 28 2289 2141 305 304
12890 4 2 16 28 2123 2268 300 301
12891 4 2 16 28 2233 68 367 2234
12892 4 2 16 28 2141 1223 305 1280
12893 4 2 16 28 2141 2184 2289 305
12894 4 2 16 28 497 1223 2141 1280
12895 4 2 16 28 2141 2078 2184 1223
12896 4 2 16 28 1223 497 2141 2078
12897 4 2 16 28 2104 2208 2398 490
12898 4 2 16 28 2186 2104 2398 1290
12899 4 2 16 28 2187 2107 2188 1287
12900 4 2 16 28 2266 2090 269 268
12901 4 2 16 28 2266 2090 2267 269
12902 4 2 16 28 386 2387 2090 2223
12903 4 2 16 28 2125 2159 504 503
12904 4 2 16 28 1231 2140 2160 2141
12905 4 2 16 28 2160 2123 2176 1236
12906 4 2 16 28 504 2072 2320 505
12907 4 2 16 28 504 2072 2159 2320
12908 4 2 16 28 2125 2159 2320 504
12909 4 2 16 28 2072 2159 2265 1197
12910 4 2 16 28 2265 2128 2275 383
12911 4 2 16 28 1310 2241 2306 413
12912 4 2 16 28 2258 2091 2327 1308
12913 4 2 16 28 369 2241 61 1199
12914 4 2 16 28 2045 2241 369 1199
12915 4 2 16 28 1310 2241 1196 2306
12916 4 2 16 28 2306 2026 72 413
12917 4 2 16 28 2076 2241 2306 1196
12918 4 2 16 28 1245 372 2155 373
12919 4 2 16 28 2306 2026 2307 72
12920 4 2 16 28 2241 2026 2306 413
12921 4 2 16 28 2181 2029 2328 417
12922 4 2 16 28 1199 2348 2045 2241
12923 4 2 16 28 2085 2155 372 373
12924 4 2 16 28 2045 2276 2298 370
12925 4 2 16 28 2219 2024 2293 1278
12926 4 2 16 28 2218 2293 2363 251
12927 4 2 16 28 2091 408 2258 2325
12928 4 2 16 28 2091 2325 2390 407
12929 4 2 16 28 2076 412 1196 2306
12930 4 2 16 28 2258 2076 2308 410
12931 4 2 16 28 2091 2224 2327 248
12932 4 2 16 28 2091 2219 2392 1265
12933 4 2 16 28 2159 2126 2265 62
12934 4 2 16 28 2050 2114 2303 257
12935 4 2 16 28 255 2050 2199 2259
12936 4 2 16 28 2153 2081 2220 402
12937 4 2 16 28 2234 2032 2292 69
12938 4 2 16 28 1940 930 1933 884
12939 4 2 16 28 925 924 1981 1320
12940 4 2 16 28 240 12 48 947
12941 4 2 16 28 920 921 1953 1386
12942 4 2 16 28 1007 1008 1860 1487
12943 4 2 16 28 2314 1168 2891 1167
12944 4 2 16 28 2234 2233 68 2069
12945 4 2 16 28 1307 2234 367 69
12946 4 2 16 28 2233 2032 1307 368
12947 4 2 16 28 2032 2150 2151 381
12948 4 2 16 28 2181 2155 2411 1245
12949 4 2 16 28 2155 1250 2226 1299
12950 4 2 16 28 1254 2302 2083 2162
12951 4 2 16 28 2226 2083 2309 421
12952 4 2 16 28 1250 2155 2226 2083
12953 4 2 16 28 2083 2162 2309 422
12954 4 2 16 28 2302 2162 378 2073
12955 4 2 16 28 2152 2070 2201 1191
12956 4 2 16 28 2162 2302 378 377
12957 4 2 16 28 2150 2073 2151 380
12958 4 2 16 28 2162 2073 2385 1296
12959 4 2 16 28 2150 2152 2403 1194
12960 4 2 16 28 2150 2032 2152 381
12961 4 2 16 28 2149 2031 2162 423
12962 4 2 16 28 2159 2125 2243 503
12963 4 2 16 28 2141 2124 2160 1231
12964 4 2 16 28 2200 363 2169 2344
12965 4 2 16 28 2186 2104 1290 1207
12966 4 2 16 28 2057 2121 2238 319
12967 4 2 16 28 1223 2141 305 2184
12968 4 2 16 28 2231 2178 2301 456
12969 4 2 16 28 1307 2032 2234 69
12970 4 2 16 28 2233 2234 367 1307
12971 4 2 16 28 2045 2241 2276 369
12972 4 2 16 28 2276 2241 61 369
12973 4 2 16 28 2091 2327 247 248
12974 4 2 16 28 2152 381 2032 70
12975 4 2 16 28 2262 389 390 2089
12976 4 2 16 28 2058 2238 2254 482
12977 4 2 16 28 2306 413 72 1310
12978 4 2 16 28 2177 2179 2231 341
12979 4 2 16 28 2306 411 2308 2076
12980 4 2 16 28 2123 2160 2269 301
12981 4 2 16 28 1222 2245 2244 2020
12982 4 2 16 28 777 106 2804 59
12983 4 2 16 28 2117 2281 2350 1213
12984 4 2 16 28 2238 2042 2254 483
12985 4 2 16 28 2045 2276 370 369
12986 4 2 16 28 2085 2155 2181 372
12987 4 2 16 28 372 1245 2155 2181
12988 4 2 16 28 2159 2123 2381 1242
12989 4 2 16 28 2184 2043 2289 306
12990 4 2 16 28 2242 2233 68 366
12991 4 2 16 28 2267 2090 2279 270
12992 4 2 16 28 2219 2091 2390 1265
12993 4 2 16 28 2045 2181 2401 1203
12994 4 2 16 28 2162 2073 1296 378
12995 4 2 16 28 2244 2020 2365 1222
12996 4 2 16 28 2160 2269 301 302
12997 4 2 16 28 2090 2266 2387 268
12998 4 2 16 28 2281 2088 2350 1285
12999 4 2 16 28 2024 2219 2388 405
13000 4 2 16 28 301 2160 1236 2123
13001 4 2 16 28 2158 2122 2203 431
13002 4 2 16 28 2053 2262 2263 265
13003 4 2 16 28 3 213 55 777
13004 4 2 16 28 2268 2123 2269 301
13005 4 2 16 28 2114 2050 2164 257
13006 4 2 16 28 2155 2226 2411 1299
13007 4 2 16 28 2295 74 2139 475
13008 4 2 16 28 2119 2136 444 73
13009 4 2 16 28 2167 2033 2168 3071
13010 4 2 16 28 2021 2115 2166 3108
13011 4 2 16 28 1793 1896 1894 3114
13012 4 2 16 28 2166 3108 2115 3136
13013 4 2 16 28 1926 1989 1820 3154
13014 4 2 16 28 1926 1820 1889 3154
13015 4 2 16 28 1930 1844 1926 3162
13016 4 2 16 28 1796 1921 1930 3164
13017 4 2 16 28 2314 2167 2294 3189
13018 4 2 16 28 2165 2294 2167 3189
13019 4 2 16 28 2349 2246 2337 3196
13020 4 2 16 28 2246 2304 2337 3196
13021 4 2 16 28 2367 2304 2246 3196
13022 4 2 16 28 2234 2144 2311 3211
13023 4 2 16 28 1978 1837 1924 3227
13024 4 2 16 28 1868 1924 1837 3227
13025 4 2 16 28 1913 1807 1965 3238
13026 4 2 16 28 1894 1837 1978 3245
13027 4 2 16 28 23 22 3081 101
13028 4 2 16 28 23 3081 22 1174
13029 4 2 16 28 1887 294 1793 1978
13030 4 2 16 28 295 1793 294 1978
13031 4 2 16 28 295 294 1793 2266
13032 4 2 16 28 1935 983 1885 1814
13033 4 2 16 28 1935 1885 983 919
13034 4 2 16 28 1885 983 1953 1814
13035 4 2 16 28 1953 983 982 1814
13036 4 2 16 28 2111 2236 1286 2359
13037 4 2 16 28 2111 1286 2236 1217
13038 4 2 16 28 308 1286 2236 2359
13039 4 2 16 28 308 2236 1286 1217
13040 4 2 16 28 514 3124 1812 513
13041 4 2 16 28 2017 582 376 2366
13042 4 2 16 28 376 582 2017 583
13043 4 2 16 28 376 2302 2017 2366
13044 4 2 16 28 2017 2302 376 583
13045 4 2 16 28 262 1281 2358 263
13046 4 2 16 28 262 2358 1281 2116
13047 4 2 16 28 2300 2358 1281 263
13048 4 2 16 28 2300 1281 2358 2116
13049 4 2 16 28 247 1308 2091 1235
13050 4 2 16 28 247 2091 1308 2327
13051 4 2 16 28 2160 2269 303 2124
13052 4 2 16 28 303 2269 2160 302
13053 4 2 16 28 292 2264 1887 2263
13054 4 2 16 28 1887 2264 292 3229
13055 4 2 16 28 1887 293 292 2263
13056 4 2 16 28 292 293 1887 3229
13057 4 2 16 28 416 2328 1203 2401
13058 4 2 16 28 416 1203 2328 417
13059 4 2 16 28 2181 1203 2328 2401
13060 4 2 16 28 2181 2328 1203 417
13061 4 2 16 28 1937 139 1823 903
13062 4 2 16 28 1937 1823 139 1964
13063 4 2 16 28 871 1823 139 903
13064 4 2 16 28 871 139 1823 1964
13065 4 2 16 28 2199 2391 401 2081
13066 4 2 16 28 2199 401 2391 400
13067 4 2 16 28 3086 14 2022 13
13068 4 2 16 28 3086 2022 14 2349
13069 4 2 16 28 2337 2022 14 13
13070 4 2 16 28 2337 14 2022 2349
13071 4 2 16 28 3167 2165 3146 2382
13072 4 2 16 28 3167 3146 2165 3096
13073 4 2 16 28 2248 3146 2165 2382
13074 4 2 16 28 2248 2165 3146 3096
13075 4 2 16 28 256 284 2303 283
13076 4 2 16 28 2293 2220 404 2024
13077 4 2 16 28 2293 404 2220 1224
13078 4 2 16 28 2095 2266 1232 2387
13079 4 2 16 28 2095 1232 2266 267
13080 4 2 16 28 2073 380 2385 379
13081 4 2 16 28 2073 2385 380 2150
13082 4 2 16 28 345 2213 2244 2245
13083 4 2 16 28 345 2244 2213 346
13084 4 2 16 28 27 26 3082 113
13085 4 2 16 28 27 3082 26 1179
13086 4 2 16 28 2078 496 2133 2371
13087 4 2 16 28 2078 2133 496 598
13088 4 2 16 28 599 496 2133 598
13089 4 2 16 28 2305 2206 395 2207
13090 4 2 16 28 2305 395 2206 396
13091 4 2 16 28 1208 395 2206 2207
13092 4 2 16 28 1208 2206 395 396
13093 4 2 16 28 1163 1162 3084 2883
13094 4 2 16 28 1163 3084 1162 2292
13095 4 2 16 28 930 844 1961 1333
13096 4 2 16 28 1961 844 930 1864
13097 4 2 16 28 930 1933 1961 1864
13098 4 2 16 28 2222 2387 386 2223
13099 4 2 16 28 386 2387 2222 387
13100 4 2 16 28 2126 299 2159 2381
13101 4 2 16 28 2126 2159 299 62
13102 4 2 16 28 694 2326 3154 695
13103 4 2 16 28 696 3154 2326 695
13104 4 2 16 28 696 2326 3154 2232
13105 4 2 16 28 1291 2114 2054 2206
13106 4 2 16 28 1291 2054 2114 259
13107 4 2 16 28 831 89 3095 721
13108 4 2 16 28 3095 89 831 3078
13109 4 2 16 28 3117 743 3111 742
13110 4 2 16 28 3117 3111 743 3112
13111 4 2 16 28 2823 3111 743 742
13112 4 2 16 28 2823 743 3111 3112
13113 4 2 16 28 608 607 1858 1985
13114 4 2 16 28 608 1858 607 2418
13115 4 2 16 28 1158 2884 2144 2314
13116 4 2 16 28 1158 2144 2884 1165
13117 4 2 16 28 1979 3088 586 3185
13118 4 2 16 28 1979 585 586 2073
13119 4 2 16 28 586 585 1979 3185
13120 4 2 16 28 1311 2285 73 2136
13121 4 2 16 28 1311 73 2285 443
13122 4 2 16 28 2344 2086 365 2346
13123 4 2 16 28 2344 365 2086 1304
13124 4 2 16 28 1200 365 2086 2346
13125 4 2 16 28 1200 2086 365 1304
13126 4 2 16 28 238 237 2005 2833
13127 4 2 16 28 238 2005 237 3226
13128 4 2 16 28 712 711 1893 2291
13129 4 2 16 28 712 1893 711 3215
13130 4 2 16 28 2126 3114 297 298
13131 4 2 16 28 3116 1793 1896 1907
13132 4 2 16 28 3116 1896 1793 3115
13133 4 2 16 28 2363 2293 252 251
13134 4 2 16 28 2363 252 2293 2156
13135 4 2 16 28 2814 729 3136 728
13136 4 2 16 28 2814 3136 729 3108
13137 4 2 16 28 3172 3136 729 728
13138 4 2 16 28 3172 729 3136 3108
13139 4 2 16 28 2258 2028 410 2308
13140 4 2 16 28 2258 410 2028 409
13141 4 2 16 28 3125 739 1968 214
13142 4 2 16 28 3125 1968 739 1365
13143 4 2 16 28 205 212 3194 573
13144 4 2 16 28 205 3194 212 2840
13145 4 2 16 28 2956 3194 212 573
13146 4 2 16 28 366 353 2233 67
13147 4 2 16 28 366 2233 353 2242
13148 4 2 16 28 2070 2233 353 67
13149 4 2 16 28 2070 353 2233 2242
13150 4 2 16 28 1965 10 233 2837
13151 4 2 16 28 1965 233 10 1913
13152 4 2 16 28 1170 7 3074 8
13153 4 2 16 28 1170 3074 7 3183
13154 4 2 16 28 3126 1168 2033 1167
13155 4 2 16 28 3126 2033 1168 3071
13156 4 2 16 28 2314 2033 1168 1167
13157 4 2 16 28 2314 1168 2033 3071
13158 4 2 16 28 2235 2131 435 2330
13159 4 2 16 28 2235 435 2131 1253
13160 4 2 16 28 2407 2173 3106 557
13161 4 2 16 28 2407 3106 2173 2406
13162 4 2 16 28 558 3106 2173 557
13163 4 2 16 28 558 2173 3106 2406
13164 4 2 16 28 1155 1168 2314 2167
13165 4 2 16 28 1155 2314 1168 2891
13166 4 2 16 28 862 1416 3123 751
13167 4 2 16 28 2375 2121 317 2417
13168 4 2 16 28 2375 317 2121 318
13169 4 2 16 28 2162 1254 377 1252
13170 4 2 16 28 2162 377 1254 2302
13171 4 2 16 28 570 362 2345 569
13172 4 2 16 28 2171 362 2345 2169
13173 4 2 16 28 2171 2345 362 569
13174 4 2 16 28 235 236 3084 2879
13175 4 2 16 28 235 3084 236 3104
13176 4 2 16 28 1164 3084 236 2879
13177 4 2 16 28 2027 273 247 274
13178 4 2 16 28 247 2224 2027 274
13179 4 2 16 28 2027 2224 247 2327
13180 4 2 16 28 1207 491 2188 2104
13181 4 2 16 28 2188 491 1207 1287
13182 4 2 16 28 2188 2187 1207 2104
13183 4 2 16 28 1207 2187 2188 1287
13184 4 2 16 28 863 1966 1839 1908
13185 4 2 16 28 1839 1966 863 1331
13186 4 2 16 28 1839 911 863 1908
13187 4 2 16 28 863 911 1839 1331
13188 4 2 16 28 3194 211 212 2840
13189 4 2 16 28 3194 212 211 2956
13190 4 2 16 28 260 1293 2357 261
13191 4 2 16 28 260 2357 1293 2054
13192 4 2 16 28 3202 1500 1842 973
13193 4 2 16 28 3202 1842 1500 1882
13194 4 2 16 28 1003 1842 1500 973
13195 4 2 16 28 1003 1500 1842 1882
13196 4 2 16 28 3092 92 1925 91
13197 4 2 16 28 3092 1925 92 1946
13198 4 2 16 28 718 1317 3092 91
13199 4 2 16 28 718 3092 1317 1946
13200 4 2 16 28 1317 92 3092 91
13201 4 2 16 28 1317 3092 92 1946
13202 4 2 16 28 243 23 3081 101
13203 4 2 16 28 243 3081 23 1175
13204 4 2 16 28 472 2369 2291 473
13205 4 2 16 28 472 2291 2369 2012
13206 4 2 16 28 2276 3157 64 272
13207 4 2 16 28 64 3157 2276 576
13208 4 2 16 28 239 1849 228 2836
13209 4 2 16 28 2202 294 1793 1887
13210 4 2 16 28 2202 1793 294 2266
13211 4 2 16 28 2821 743 3243 744
13212 4 2 16 28 2821 3243 743 3112
13213 4 2 16 28 3118 3243 743 744
13214 4 2 16 28 3118 743 3243 3112
13215 4 2 16 28 2023 530 1969 529
13216 4 2 16 28 1969 530 2023 2332
13217 4 2 16 28 942 1964 1960 872
13218 4 2 16 28 942 1960 1964 1865
13219 4 2 16 28 657 658 3223 2324
13220 4 2 16 28 657 3223 658 3222
13221 4 2 16 28 2146 3223 658 2324
13222 4 2 16 28 1821 892 1846 1940
13223 4 2 16 28 1821 1846 892 1470
13224 4 2 16 28 891 1846 892 1940
13225 4 2 16 28 891 892 1846 1470
13226 4 2 16 28 12 240 3099 947
13227 4 2 16 28 12 3099 240 2880
13228 4 2 16 28 213 3 3098 777
13229 4 2 16 28 213 3098 3 2847
13230 4 2 16 28 24 243 3069 112
13231 4 2 16 28 24 3069 243 1176
13232 4 2 16 28 3081 3069 243 112
13233 4 2 16 28 3081 243 3069 1176
13234 4 2 16 28 3182 645 1819 2325
13235 4 2 16 28 3182 1819 645 3179
13236 4 2 16 28 2092 1819 645 2325
13237 4 2 16 28 2092 645 1819 3179
13238 4 2 16 28 613 614 1991 2253
13239 4 2 16 28 613 1991 614 3100
13240 4 2 16 28 163 975 3176 956
13241 4 2 16 28 163 3176 975 3127
13242 4 2 16 28 2312 3176 975 956
13243 4 2 16 28 2312 975 3176 3127
13244 4 2 16 28 3099 944 3091 12
13245 4 2 16 28 3099 3091 944 943
13246 4 2 16 28 3098 778 3090 779
13247 4 2 16 28 3098 3090 778 3
13248 4 2 16 28 2179 339 2377 2118
13249 4 2 16 28 2377 339 2179 340
13250 4 2 16 28 868 1408 1917 1916
13251 4 2 16 28 868 1917 1408 128
13252 4 2 16 28 3099 3074 2167 8
13253 4 2 16 28 3099 2167 3074 3071
13254 4 2 16 28 234 1965 11 1797
13255 4 2 16 28 234 11 1965 2837
13256 4 2 16 28 10 11 1965 1797
13257 4 2 16 28 10 1965 11 2837
13258 4 2 16 28 3081 16 2337 241
13259 4 2 16 28 19 2337 16 241
13260 4 2 16 28 375 2155 2083 2366
13261 4 2 16 28 375 2083 2155 1250
13262 4 2 16 28 586 2151 1979 2073
13263 4 2 16 28 586 1979 2151 3088
13264 4 2 16 28 2079 1979 2151 2073
13265 4 2 16 28 73 651 2120 2285
13266 4 2 16 28 73 2120 651 84
13267 4 2 16 28 1214 394 2116 393
13268 4 2 16 28 1214 2116 394 2373
13269 4 2 16 28 2055 2116 394 393
13270 4 2 16 28 2055 394 2116 2373
13271 4 2 16 28 244 27 3082 113
13272 4 2 16 28 3082 27 244 1180
13273 4 2 16 28 3114 2126 63 298
13274 4 2 16 28 3114 63 2126 506
13275 4 2 16 28 3188 727 3136 3172
13276 4 2 16 28 3188 3136 727 726
13277 4 2 16 28 2031 422 2162 423
13278 4 2 16 28 2031 2162 422 2309
13279 4 2 16 28 748 749 3187 1399
13280 4 2 16 28 748 3187 749 3174
13281 4 2 16 28 3204 3187 749 1399
13282 4 2 16 28 3204 749 3187 3174
13283 4 2 16 28 2186 313 2040 312
13284 4 2 16 28 2040 313 2186 2251
13285 4 2 16 28 1892 3157 3128 1998
13286 4 2 16 28 3128 3157 1892 3129
13287 4 2 16 28 3128 1799 1892 1998
13288 4 2 16 28 1892 1799 3128 3129
13289 4 2 16 28 3194 4 3077 5
13290 4 2 16 28 3194 3077 4 3093
13291 4 2 16 28 1913 3077 4 5
13292 4 2 16 28 1913 4 3077 3093
13293 4 2 16 28 2185 2208 1858 606
13294 4 2 16 28 1858 2208 2185 2041
13295 4 2 16 28 1858 607 2185 606
13296 4 2 16 28 584 2079 378 585
13297 4 2 16 28 584 378 2079 2302
13298 4 2 16 28 328 534 2194 2062
13299 4 2 16 28 328 2194 534 535
13300 4 2 16 28 2241 414 2026 413
13301 4 2 16 28 2026 414 2241 2409
13302 4 2 16 28 2275 2265 382 2072
13303 4 2 16 28 2275 382 2265 383
13304 4 2 16 28 1197 382 2265 2072
13305 4 2 16 28 1197 2265 382 383
13306 4 2 16 28 1968 214 225 2808
13307 4 2 16 28 1888 909 1839 2000
13308 4 2 16 28 1888 1839 909 1329
13309 4 2 16 28 910 1839 909 2000
13310 4 2 16 28 910 909 1839 1329
13311 4 2 16 28 320 1269 2238 2210
13312 4 2 16 28 320 2238 1269 1228
13313 4 2 16 28 240 239 3126 737
13314 4 2 16 28 240 3126 239 2882
13315 4 2 16 28 214 213 3125 739
13316 4 2 16 28 214 3125 213 2849
13317 4 2 16 28 2855 226 9 6
13318 4 2 16 28 151 226 9 227
13319 4 2 16 28 151 9 226 6
13320 4 2 16 28 206 5 2871 2856
13321 4 2 16 28 206 2871 5 10
13322 4 2 16 28 233 2871 5 2856
13323 4 2 16 28 233 5 2871 10
13324 4 2 16 28 1149 1159 2854 2869
13325 4 2 16 28 1149 2854 1159 1150
13326 4 2 16 28 231 2854 1159 2869
13327 4 2 16 28 231 1159 2854 1150
13328 4 2 16 28 2853 1156 1152 1153
13329 4 2 16 28 2314 1152 1156 1153
13330 4 2 16 28 2314 1156 1152 1157
13331 4 2 16 28 2853 224 228 225
13332 4 2 16 28 3221 224 228 229
13333 4 2 16 28 3221 228 224 225
13334 4 2 16 28 3211 1151 1159 1158
13335 4 2 16 28 3211 1159 1151 1150
13336 4 2 16 28 2867 1159 1151 1158
13337 4 2 16 28 223 231 2852 2867
13338 4 2 16 28 223 2852 231 222
13339 4 2 16 28 1150 231 2852 222
13340 4 2 16 28 1152 224 2868 229
13341 4 2 16 28 1152 2868 224 2851
13342 4 2 16 28 230 2868 224 229
13343 4 2 16 28 230 224 2868 2851
13344 4 2 16 28 1148 233 2858 220
13345 4 2 16 28 1148 2858 233 2873
13346 4 2 16 28 221 2858 233 220
13347 4 2 16 28 221 233 2858 2873
13348 4 2 16 28 1146 1147 3083 2069
13349 4 2 16 28 1146 3083 1147 2848
13350 4 2 16 28 682 2119 2004 2215
13351 4 2 16 28 2004 2119 682 84
13352 4 2 16 28 1898 2338 667 1899
13353 4 2 16 28 1898 667 2338 666
13354 4 2 16 28 1335 1917 719 1823
13355 4 2 16 28 1335 719 1917 88
13356 4 2 16 28 86 1335 1992 88
13357 4 2 16 28 1992 1917 1335 1823
13358 4 2 16 28 1992 1335 1917 88
13359 4 2 16 28 846 3135 845 1370
13360 4 2 16 28 756 1916 3089 1408
13361 4 2 16 28 3089 1916 756 3070
13362 4 2 16 28 3089 100 756 1408
13363 4 2 16 28 756 100 3089 3070
13364 4 2 16 28 3074 3099 12 8
13365 4 2 16 28 12 3099 3074 3091
13366 4 2 16 28 2141 499 2416 498
13367 4 2 16 28 2141 2416 499 2140
13368 4 2 16 28 2192 329 2194 328
13369 4 2 16 28 2192 2194 329 2064
13370 4 2 16 28 536 330 2194 537
13371 4 2 16 28 929 928 886 1955
13372 4 2 16 28 929 886 928 1376
13373 4 2 16 28 244 3082 3070 100
13374 4 2 16 28 3070 3082 244 1181
13375 4 2 16 28 3070 28 244 100
13376 4 2 16 28 244 28 3070 1181
13377 4 2 16 28 3154 694 3208 2178
13378 4 2 16 28 3154 3208 694 3218
13379 4 2 16 28 693 3208 694 2178
13380 4 2 16 28 693 694 3208 3218
13381 4 2 16 28 330 329 2194 2064
13382 4 2 16 28 330 2194 329 536
13383 4 2 16 28 1850 996 995 1919
13384 4 2 16 28 1850 995 996 1483
13385 4 2 16 28 219 4 3083 2846
13386 4 2 16 28 219 3083 4 1913
13387 4 2 16 28 975 163 3202 1496
13388 4 2 16 28 975 3202 163 3127
13389 4 2 16 28 1515 3202 163 1496
13390 4 2 16 28 163 971 3203 1515
13391 4 2 16 28 3203 971 163 3127
13392 4 2 16 28 3203 3202 163 1515
13393 4 2 16 28 163 3202 3203 3127
13394 4 2 16 28 1956 860 1957 1322
13395 4 2 16 28 1956 1957 860 1883
13396 4 2 16 28 859 1957 860 1322
13397 4 2 16 28 859 860 1957 1883
13398 4 2 16 28 1411 866 3237 1827
13399 4 2 16 28 1411 3237 866 755
13400 4 2 16 28 23 22 85 32
13401 4 2 16 28 85 22 23 101
13402 4 2 16 28 591 2243 1896 2125
13403 4 2 16 28 591 1896 2243 592
13404 4 2 16 28 2044 1896 2243 2125
13405 4 2 16 28 3128 578 1970 2298
13406 4 2 16 28 3128 1970 578 3130
13407 4 2 16 28 1923 937 1951 131
13408 4 2 16 28 1923 1951 937 1822
13409 4 2 16 28 148 1951 937 131
13410 4 2 16 28 148 937 1951 1822
13411 4 2 16 28 1147 205 3083 78
13412 4 2 16 28 1147 3083 205 2846
13413 4 2 16 28 208 1162 3088 79
13414 4 2 16 28 208 3088 1162 2881
13415 4 2 16 28 3146 821 3137 731
13416 4 2 16 28 3073 2304 2337 2015
13417 4 2 16 28 3073 2337 2304 3196
13418 4 2 16 28 2166 2021 3219 2374
13419 4 2 16 28 2166 3219 2021 3108
13420 4 2 16 28 2871 206 1161 207
13421 4 2 16 28 574 1161 206 207
13422 4 2 16 28 574 206 1161 1148
13423 4 2 16 28 738 3221 1849 849
13424 4 2 16 28 1849 3221 738 228
13425 4 2 16 28 3221 738 1968 849
13426 4 2 16 28 3221 1968 738 225
13427 4 2 16 28 2402 2168 3234 2148
13428 4 2 16 28 2402 3234 2168 3112
13429 4 2 16 28 2247 2022 3078 2349
13430 4 2 16 28 3078 2022 2247 3095
13431 4 2 16 28 2248 3096 95 2294
13432 4 2 16 28 2248 95 3096 735
13433 4 2 16 28 118 95 3096 2294
13434 4 2 16 28 118 3096 95 735
13435 4 2 16 28 538 3236 2982 539
13436 4 2 16 28 2982 3236 538 3170
13437 4 2 16 28 2290 470 2065 2191
13438 4 2 16 28 2290 2065 470 708
13439 4 2 16 28 707 470 2065 708
13440 4 2 16 28 840 841 3188 1358
13441 4 2 16 28 840 3188 841 1831
13442 4 2 16 28 584 583 1979 1900
13443 4 2 16 28 584 1979 583 2302
13444 4 2 16 28 2017 1979 583 1900
13445 4 2 16 28 2017 583 1979 2302
13446 4 2 16 28 3156 2309 674 2084
13447 4 2 16 28 3156 674 2309 673
13448 4 2 16 28 526 2375 318 525
13449 4 2 16 28 1969 1991 3230 1801
13450 4 2 16 28 1969 3230 1991 3100
13451 4 2 16 28 1008 1487 1815 1860
13452 4 2 16 28 1815 1487 1008 3091
13453 4 2 16 28 1815 1915 1008 1860
13454 4 2 16 28 1008 1915 1815 3091
13455 4 2 16 28 27 26 160 38
13456 4 2 16 28 27 160 26 113
13457 4 2 16 28 1151 3211 2314 1158
13458 4 2 16 28 2314 3211 1151 2311
13459 4 2 16 28 849 848 1981 1324
13460 4 2 16 28 849 1981 848 1968
13461 4 2 16 28 1808 1981 848 1324
13462 4 2 16 28 1808 848 1981 1968
13463 4 2 16 28 3113 3237 2274 2355
13464 4 2 16 28 2274 3237 3113 1843
13465 4 2 16 28 1355 837 3231 730
13466 4 2 16 28 1355 3231 837 1822
13467 4 2 16 28 1359 3231 837 730
13468 4 2 16 28 1359 837 3231 1822
13469 4 2 16 28 207 10 3077 2875
13470 4 2 16 28 3077 10 207 3194
13471 4 2 16 28 3223 3006 656 655
13472 4 2 16 28 3223 656 3006 3222
13473 4 2 16 28 296 295 2266 268
13474 4 2 16 28 2266 269 296 268
13475 4 2 16 28 296 269 2266 2267
13476 4 2 16 28 3161 2356 2171 1980
13477 4 2 16 28 3161 2171 2356 567
13478 4 2 16 28 953 1387 920 809
13479 4 2 16 28 1387 982 953 920
13480 4 2 16 28 1387 953 982 1492
13481 4 2 16 28 1374 884 819 1464
13482 4 2 16 28 1374 819 884 930
13483 4 2 16 28 528 2023 1969 529
13484 4 2 16 28 1969 2023 528 2138
13485 4 2 16 28 528 3213 1969 2138
13486 4 2 16 28 2325 3182 647 2028
13487 4 2 16 28 647 3182 2325 646
13488 4 2 16 28 16 1172 2337 19
13489 4 2 16 28 16 2337 1172 3196
13490 4 2 16 28 18 2337 1172 19
13491 4 2 16 28 18 1172 2337 3196
13492 4 2 16 28 3094 3105 2246 3069
13493 4 2 16 28 2246 3105 3094 1854
13494 4 2 16 28 371 2085 2181 372
13495 4 2 16 28 371 2181 2085 2298
13496 4 2 16 28 3082 27 19 1179
13497 4 2 16 28 3082 19 27 1180
13498 4 2 16 28 3081 23 15 1174
13499 4 2 16 28 3081 15 23 1175
13500 4 2 16 28 3159 1516 162 1520
13501 4 2 16 28 3159 162 1516 3072
13502 4 2 16 28 2193 2064 1266 330
13503 4 2 16 28 2193 1266 2064 2318
13504 4 2 16 28 1808 150 134 135
13505 4 2 16 28 1808 134 150 3235
13506 4 2 16 28 1475 134 3068 135
13507 4 2 16 28 1475 3068 134 3235
13508 4 2 16 28 134 150 3068 135
13509 4 2 16 28 134 3068 150 3235
13510 4 2 16 28 2176 501 2123 2243
13511 4 2 16 28 3156 2334 675 1939
13512 4 2 16 28 3156 675 2334 674
13513 4 2 16 28 912 2006 911 990
13514 4 2 16 28 912 911 2006 1908
13515 4 2 16 28 1909 911 2006 990
13516 4 2 16 28 1909 2006 911 1908
13517 4 2 16 28 3128 3157 2027 1998
13518 4 2 16 28 3235 925 1981 1808
13519 4 2 16 28 1981 925 3235 152
13520 4 2 16 28 1981 1875 3235 1808
13521 4 2 16 28 3235 1875 1981 152
13522 4 2 16 28 824 767 3219 768
13523 4 2 16 28 824 3219 767 3136
13524 4 2 16 28 2267 2266 1793 2011
13525 4 2 16 28 453 2212 691 2240
13526 4 2 16 28 453 691 2212 690
13527 4 2 16 28 1844 691 2212 2240
13528 4 2 16 28 1844 2212 691 690
13529 4 2 16 28 125 856 1947 144
13530 4 2 16 28 1947 856 125 1862
13531 4 2 16 28 3238 233 1913 220
13532 4 2 16 28 3238 1913 233 1965
13533 4 2 16 28 3113 863 3123 1908
13534 4 2 16 28 3113 3123 863 1416
13535 4 2 16 28 862 3123 863 1908
13536 4 2 16 28 862 863 3123 1416
13537 4 2 16 28 1283 2108 2196 2386
13538 4 2 16 28 1283 2196 2108 1216
13539 4 2 16 28 888 134 926 1459
13540 4 2 16 28 888 926 134 1808
13541 4 2 16 28 706 469 2065 707
13542 4 2 16 28 3191 684 2360 685
13543 4 2 16 28 3191 2360 684 3192
13544 4 2 16 28 3157 576 577 2276
13545 4 2 16 28 3157 577 576 3128
13546 4 2 16 28 2298 3157 577 2276
13547 4 2 16 28 2298 577 3157 3128
13548 4 2 16 28 2027 3157 2298 2276
13549 4 2 16 28 2027 2298 3157 3128
13550 4 2 16 28 2416 497 2141 498
13551 4 2 16 28 2416 2141 497 2078
13552 4 2 16 28 3207 3224 595 3197
13553 4 2 16 28 595 3224 3207 2044
13554 4 2 16 28 2295 82 1983 2059
13555 4 2 16 28 2295 1983 82 619
13556 4 2 16 28 2407 557 349 2173
13557 4 2 16 28 2407 349 557 556
13558 4 2 16 28 2385 2162 424 2149
13559 4 2 16 28 2385 424 2162 1296
13560 4 2 16 28 2388 2390 3180 644
13561 4 2 16 28 2388 3180 2390 2092
13562 4 2 16 28 3179 3180 645 644
13563 4 2 16 28 3179 645 3180 2092
13564 4 2 16 28 3180 2390 645 644
13565 4 2 16 28 3180 645 2390 2092
13566 4 2 16 28 732 733 3146 2826
13567 4 2 16 28 732 3146 733 3150
13568 4 2 16 28 2021 2115 3231 2284
13569 4 2 16 28 2021 3231 2115 3108
13570 4 2 16 28 1154 2314 2167 1155
13571 4 2 16 28 1154 2167 2314 3189
13572 4 2 16 28 1218 2081 1273 2379
13573 4 2 16 28 1218 1273 2081 402
13574 4 2 16 28 2220 1273 2081 2379
13575 4 2 16 28 2220 2081 1273 402
13576 4 2 16 28 710 3168 2290 709
13577 4 2 16 28 2290 3168 710 1893
13578 4 2 16 28 3141 1793 1894 3114
13579 4 2 16 28 3141 1894 1793 1978
13580 4 2 16 28 3109 665 2001 664
13581 4 2 16 28 3109 2001 665 1898
13582 4 2 16 28 2030 2001 665 664
13583 4 2 16 28 2030 665 2001 1898
13584 4 2 16 28 2106 1209 2186 2396
13585 4 2 16 28 2106 2186 1209 313
13586 4 2 16 28 666 428 2030 665
13587 4 2 16 28 429 2030 428 665
13588 4 2 16 28 429 428 2030 2201
13589 4 2 16 28 1206 2340 2118 2260
13590 4 2 16 28 1206 2118 2340 338
13591 4 2 16 28 3176 3102 2312 2336
13592 4 2 16 28 3176 2312 3102 746
13593 4 2 16 28 3104 1886 1993 1817
13594 4 2 16 28 3104 1993 1886 3076
13595 4 2 16 28 3195 2215 683 682
13596 4 2 16 28 3195 683 2215 3192
13597 4 2 16 28 25 24 161 39
13598 4 2 16 28 25 161 24 3159
13599 4 2 16 28 414 415 2241 2409
13600 4 2 16 28 414 2241 415 1199
13601 4 2 16 28 2348 2241 415 2409
13602 4 2 16 28 2348 415 2241 1199
13603 4 2 16 28 689 3163 2974 2926
13604 4 2 16 28 2974 3163 689 3165
13605 4 2 16 28 3174 803 3133 749
13606 4 2 16 28 3174 3133 803 3145
13607 4 2 16 28 2084 2334 420 674
13608 4 2 16 28 2084 420 2334 2226
13609 4 2 16 28 675 420 2334 674
13610 4 2 16 28 1902 1819 2052 1997
13611 4 2 16 28 1902 2052 1819 3180
13612 4 2 16 28 3193 3106 1921 3142
13613 4 2 16 28 3193 1921 3106 3164
13614 4 2 16 28 1282 2020 1215 2301
13615 4 2 16 28 1282 1215 2020 455
13616 4 2 16 28 456 1215 2178 2301
13617 4 2 16 28 456 2178 1215 455
13618 4 2 16 28 1215 2020 2178 2301
13619 4 2 16 28 1215 2178 2020 455
13620 4 2 16 28 1838 126 861 143
13621 4 2 16 28 1838 861 126 1958
13622 4 2 16 28 2272 468 705 2190
13623 4 2 16 28 705 468 2272 706
13624 4 2 16 28 2065 469 468 2190
13625 4 2 16 28 468 469 2065 706
13626 4 2 16 28 2272 2065 468 2190
13627 4 2 16 28 468 2065 2272 706
13628 4 2 16 28 237 236 2005 2834
13629 4 2 16 28 2005 236 237 3104
13630 4 2 16 28 2388 642 405 643
13631 4 2 16 28 1324 1981 925 1808
13632 4 2 16 28 1324 925 1981 849
13633 4 2 16 28 2126 2267 3114 2268
13634 4 2 16 28 2126 3114 2267 297
13635 4 2 16 28 2123 1236 501 2176
13636 4 2 16 28 501 1236 2123 1267
13637 4 2 16 28 882 931 1873 1961
13638 4 2 16 28 882 1873 931 883
13639 4 2 16 28 1933 1873 931 1961
13640 4 2 16 28 1933 931 1873 883
13641 4 2 16 28 1902 1798 3152 1973
13642 4 2 16 28 1902 3152 1798 3151
13643 4 2 16 28 2326 2178 3154 2232
13644 4 2 16 28 2326 3154 2178 694
13645 4 2 16 28 829 3095 723 2825
13646 4 2 16 28 829 723 3095 3158
13647 4 2 16 28 2283 3095 723 3158
13648 4 2 16 28 663 3201 2948 662
13649 4 2 16 28 2948 3201 663 3109
13650 4 2 16 28 728 727 3136 2816
13651 4 2 16 28 728 3136 727 3172
13652 4 2 16 28 854 853 1953 1330
13653 4 2 16 28 854 1953 853 1859
13654 4 2 16 28 1812 2289 513 1907
13655 4 2 16 28 1812 513 2289 2043
13656 4 2 16 28 840 839 1950 1976
13657 4 2 16 28 1920 1950 839 1976
13658 4 2 16 28 1920 839 1950 3172
13659 4 2 16 28 107 778 3 58
13660 4 2 16 28 107 3 778 3183
13661 4 2 16 28 3094 903 1941 1435
13662 4 2 16 28 3094 1941 903 1937
13663 4 2 16 28 290 264 2264 291
13664 4 2 16 28 2264 264 290 2358
13665 4 2 16 28 3140 2025 1927 2097
13666 4 2 16 28 3140 1927 2025 1948
13667 4 2 16 28 2400 2037 464 2145
13668 4 2 16 28 2400 464 2037 463
13669 4 2 16 28 3241 3124 1812 514
13670 4 2 16 28 3241 1812 3124 1944
13671 4 2 16 28 3202 1002 1910 1882
13672 4 2 16 28 3202 1910 1002 1498
13673 4 2 16 28 752 753 3132 2824
13674 4 2 16 28 3132 753 752 3113
13675 4 2 16 28 2252 532 2062 325
13676 4 2 16 28 2252 2062 532 326
13677 4 2 16 28 234 3084 1162 2883
13678 4 2 16 28 1162 3084 234 3088
13679 4 2 16 28 1245 418 2181 1302
13680 4 2 16 28 1245 2181 418 2411
13681 4 2 16 28 2375 2010 317 524
13682 4 2 16 28 2375 317 2010 2417
13683 4 2 16 28 523 317 2010 524
13684 4 2 16 28 1957 1002 988 987
13685 4 2 16 28 988 1002 1957 1956
13686 4 2 16 28 988 915 1957 987
13687 4 2 16 28 1957 915 988 1956
13688 4 2 16 28 3206 2910 287 2996
13689 4 2 16 28 3206 287 2910 3139
13690 4 2 16 28 3177 3119 2125 590
13691 4 2 16 28 3177 2125 3119 1896
13692 4 2 16 28 591 2125 3119 590
13693 4 2 16 28 591 3119 2125 1896
13694 4 2 16 28 2252 2383 1256 65
13695 4 2 16 28 2252 1256 2383 2369
13696 4 2 16 28 1198 1256 2383 65
13697 4 2 16 28 1198 2383 1256 2369
13698 4 2 16 28 1219 2088 463 2400
13699 4 2 16 28 1219 463 2088 1285
13700 4 2 16 28 2350 463 2088 2400
13701 4 2 16 28 2350 2088 463 1285
13702 4 2 16 28 309 2107 1286 2359
13703 4 2 16 28 309 1286 2107 1211
13704 4 2 16 28 2250 1286 2107 2359
13705 4 2 16 28 2250 2107 1286 1211
13706 4 2 16 28 1848 3171 2317 1795
13707 4 2 16 28 2317 3171 1848 2142
13708 4 2 16 28 3133 803 960 802
13709 4 2 16 28 3133 960 803 3145
13710 4 2 16 28 1934 1795 3236 1932
13711 4 2 16 28 1934 3236 1795 3147
13712 4 2 16 28 3171 3236 1795 1932
13713 4 2 16 28 3171 1795 3236 3147
13714 4 2 16 28 3190 548 3218 3138
13715 4 2 16 28 3190 3218 548 549
13716 4 2 16 28 3218 2909 548 2997
13717 4 2 16 28 3218 548 2909 3153
13718 4 2 16 28 3115 2269 2268 1793
13719 4 2 16 28 3115 2268 2269 508
13720 4 2 16 28 3138 546 2377 547
13721 4 2 16 28 3138 2377 546 3134
13722 4 2 16 28 127 3237 1411 99
13723 4 2 16 28 1411 3237 127 1827
13724 4 2 16 28 1995 924 950 923
13725 4 2 16 28 1383 924 950 949
13726 4 2 16 28 1383 950 924 923
13727 4 2 16 28 479 2271 616 615
13728 4 2 16 28 479 478 2271 2068
13729 4 2 16 28 479 2271 478 616
13730 4 2 16 28 2044 595 500 594
13731 4 2 16 28 3177 1894 1895 1847
13732 4 2 16 28 3177 1895 1894 3212
13733 4 2 16 28 3160 2132 3161 1980
13734 4 2 16 28 3160 3161 2132 565
13735 4 2 16 28 3231 1848 1952 3155
13736 4 2 16 28 3231 1952 1848 1938
13737 4 2 16 28 3126 816 3071 3099
13738 4 2 16 28 3126 3071 816 736
13739 4 2 16 28 117 816 3071 736
13740 4 2 16 28 3125 812 118 740
13741 4 2 16 28 3125 118 812 3098
13742 4 2 16 28 641 404 2389 642
13743 4 2 16 28 2388 405 404 2024
13744 4 2 16 28 404 405 2388 642
13745 4 2 16 28 2389 2388 404 2024
13746 4 2 16 28 404 2388 2389 642
13747 4 2 16 28 1242 2243 1267 502
13748 4 2 16 28 1242 1267 2243 2123
13749 4 2 16 28 501 1267 2243 502
13750 4 2 16 28 501 2243 1267 2123
13751 4 2 16 28 2389 404 403 2024
13752 4 2 16 28 403 404 2389 641
13753 4 2 16 28 403 2153 2389 2024
13754 4 2 16 28 2389 2153 403 641
13755 4 2 16 28 3141 3114 296 1793
13756 4 2 16 28 3141 296 3114 297
13757 4 2 16 28 2267 296 3114 1793
13758 4 2 16 28 2267 3114 296 297
13759 4 2 16 28 575 3088 79 208
13760 4 2 16 28 79 3088 575 2032
13761 4 2 16 28 3094 2246 2349 3069
13762 4 2 16 28 3094 2349 2246 2247
13763 4 2 16 28 1792 2367 2313 2007
13764 4 2 16 28 1792 2313 2367 1841
13765 4 2 16 28 440 2257 655 654
13766 4 2 16 28 2200 439 2257 2172
13767 4 2 16 28 2200 2257 439 440
13768 4 2 16 28 655 2257 439 2172
13769 4 2 16 28 655 439 2257 440
13770 4 2 16 28 569 3122 3106 570
13771 4 2 16 28 3106 3122 569 1904
13772 4 2 16 28 3210 541 2919 2977
13773 4 2 16 28 3210 2919 541 3147
13774 4 2 16 28 3084 2033 1886 2079
13775 4 2 16 28 3084 1886 2033 3076
13776 4 2 16 28 155 3111 951 811
13777 4 2 16 28 951 3111 155 3071
13778 4 2 16 28 1000 3203 1910 1909
13779 4 2 16 28 1910 3203 1000 1515
13780 4 2 16 28 1910 171 1000 1909
13781 4 2 16 28 1000 171 1910 1515
13782 4 2 16 28 3203 1519 999 970
13783 4 2 16 28 3203 999 1519 1959
13784 4 2 16 28 1935 172 1005 1863
13785 4 2 16 28 1935 1005 172 984
13786 4 2 16 28 835 1963 1890 1866
13787 4 2 16 28 1890 1963 835 1326
13788 4 2 16 28 1890 834 835 1866
13789 4 2 16 28 835 834 1890 1326
13790 4 2 16 28 3123 2355 3176 3113
13791 4 2 16 28 3123 3176 2355 2336
13792 4 2 16 28 67 573 353 560
13793 4 2 16 28 67 353 573 366
13794 4 2 16 28 2242 353 573 560
13795 4 2 16 28 2242 573 353 366
13796 4 2 16 28 2257 442 2086 2285
13797 4 2 16 28 2257 2086 442 441
13798 4 2 16 28 2358 2357 1810 2135
13799 4 2 16 28 2358 1810 2357 289
13800 4 2 16 28 3075 3221 1968 1870
13801 4 2 16 28 1968 3221 3075 215
13802 4 2 16 28 844 843 3150 1864
13803 4 2 16 28 3150 843 844 1369
13804 4 2 16 28 32 35 85 36
13805 4 2 16 28 32 85 35 22
13806 4 2 16 28 3131 579 2085 3130
13807 4 2 16 28 3131 2085 579 580
13808 4 2 16 28 1242 299 2159 1255
13809 4 2 16 28 1242 2159 299 2381
13810 4 2 16 28 1913 1807 3085 1834
13811 4 2 16 28 3085 1807 1913 3238
13812 4 2 16 28 610 485 2286 609
13813 4 2 16 28 3085 1803 1870 3075
13814 4 2 16 28 3085 1870 1803 1834
13815 4 2 16 28 2027 246 247 273
13816 4 2 16 28 247 246 2027 2327
13817 4 2 16 28 748 747 3174 2818
13818 4 2 16 28 748 3174 747 3187
13819 4 2 16 28 3109 1913 3083 1804
13820 4 2 16 28 3109 3083 1913 3093
13821 4 2 16 28 1366 3135 846 735
13822 4 2 16 28 846 3135 1366 1803
13823 4 2 16 28 828 827 3158 765
13824 4 2 16 28 2021 3158 827 765
13825 4 2 16 28 2021 827 3158 3217
13826 4 2 16 28 2043 1906 2289 1812
13827 4 2 16 28 2043 2289 1906 2197
13828 4 2 16 28 1907 2289 1906 1812
13829 4 2 16 28 1907 1906 2289 2197
13830 4 2 16 28 1827 3237 3101 1954
13831 4 2 16 28 3101 3237 1827 127
13832 4 2 16 28 3101 1916 1827 1954
13833 4 2 16 28 1827 1916 3101 127
13834 4 2 16 28 1441 3120 1880 1990
13835 4 2 16 28 1880 3120 1441 787
13836 4 2 16 28 1810 3229 2264 1887
13837 4 2 16 28 2264 3229 1810 3205
13838 4 2 16 28 427 1191 2201 428
13839 4 2 16 28 2191 2408 1237 2362
13840 4 2 16 28 1237 2408 2191 470
13841 4 2 16 28 3244 521 2908 520
13842 4 2 16 28 3244 2908 521 3175
13843 4 2 16 28 521 3239 2998 522
13844 4 2 16 28 2998 3239 521 3175
13845 4 2 16 28 3204 1397 857 750
13846 4 2 16 28 3204 857 1397 1928
13847 4 2 16 28 1447 132 933 1349
13848 4 2 16 28 147 132 933 1942
13849 4 2 16 28 147 933 132 1349
13850 4 2 16 28 2354 3183 1871 2165
13851 4 2 16 28 1871 3183 2354 3074
13852 4 2 16 28 500 499 2044 2140
13853 4 2 16 28 500 2044 499 595
13854 4 2 16 28 2416 2044 499 2140
13855 4 2 16 28 2416 499 2044 595
13856 4 2 16 28 2804 814 56 106
13857 4 2 16 28 2804 56 814 226
13858 4 2 16 28 56 814 6 106
13859 4 2 16 28 56 6 814 226
13860 4 2 16 28 6 814 151 106
13861 4 2 16 28 6 151 814 226
13862 4 2 16 28 935 1986 1879 1976
13863 4 2 16 28 935 1879 1986 879
13864 4 2 16 28 343 551 2297 550
13865 4 2 16 28 1487 1860 3087 1815
13866 4 2 16 28 1487 3087 1860 1007
13867 4 2 16 28 1814 3087 1860 1815
13868 4 2 16 28 1814 1860 3087 1007
13869 4 2 16 28 3135 2018 95 3075
13870 4 2 16 28 3135 95 2018 2248
13871 4 2 16 28 2294 95 2018 3075
13872 4 2 16 28 2294 2018 95 2248
13873 4 2 16 28 41 38 160 26
13874 4 2 16 28 41 160 38 42
13875 4 2 16 28 3166 1467 894 1990
13876 4 2 16 28 3166 894 1467 783
13877 4 2 16 28 2039 3240 601 600
13878 4 2 16 28 601 3240 2039 1852
13879 4 2 16 28 3089 3101 1916 3070
13880 4 2 16 28 1916 3101 3089 1828
13881 4 2 16 28 3125 1143 215 3075
13882 4 2 16 28 3125 215 1143 2845
13883 4 2 16 28 3226 238 3126 3076
13884 4 2 16 28 1166 238 3126 2878
13885 4 2 16 28 1166 3126 238 3076
13886 4 2 16 28 3240 598 2975 599
13887 4 2 16 28 3240 2975 598 3124
13888 4 2 16 28 2253 615 1991 2271
13889 4 2 16 28 2253 1991 615 614
13890 4 2 16 28 239 238 1849 2836
13891 4 2 16 28 1849 238 239 3226
13892 4 2 16 28 2177 2377 3138 2035
13893 4 2 16 28 3138 2377 2177 548
13894 4 2 16 28 2001 663 664 2122
13895 4 2 16 28 2001 664 663 3109
13896 4 2 16 28 151 52 48 51
13897 4 2 16 28 48 47 151 51
13898 4 2 16 28 151 47 48 2832
13899 4 2 16 28 59 106 56 60
13900 4 2 16 28 56 106 59 2804
13901 4 2 16 28 1198 2139 2295 2383
13902 4 2 16 28 2295 2139 1198 475
13903 4 2 16 28 2295 476 1198 2383
13904 4 2 16 28 1198 476 2295 475
13905 4 2 16 28 37 25 44 40
13906 4 2 16 28 37 44 25 2830
13907 4 2 16 28 1256 2333 2012 2369
13908 4 2 16 28 1256 2012 2333 1241
13909 4 2 16 28 436 2146 659 658
13910 4 2 16 28 3159 162 3097 967
13911 4 2 16 28 3159 3097 162 3072
13912 4 2 16 28 3183 1473 1931 778
13913 4 2 16 28 3183 1931 1473 3110
13914 4 2 16 28 2254 611 484 610
13915 4 2 16 28 484 2254 2286 2042
13916 4 2 16 28 2286 2254 484 610
13917 4 2 16 28 484 2286 485 2042
13918 4 2 16 28 485 2286 484 610
13919 4 2 16 28 484 483 2254 2042
13920 4 2 16 28 2254 483 484 611
13921 4 2 16 28 2303 257 285 284
13922 4 2 16 28 1399 3204 858 749
13923 4 2 16 28 858 3204 1399 1929
13924 4 2 16 28 2273 3092 1828 2109
13925 4 2 16 28 1828 3092 2273 3089
13926 4 2 16 28 930 931 1961 1933
13927 4 2 16 28 930 1961 931 1333
13928 4 2 16 28 3118 1859 1885 1404
13929 4 2 16 28 3118 1885 1859 1813
13930 4 2 16 28 49 50 9 46
13931 4 2 16 28 49 9 50 149
13932 4 2 16 28 47 9 50 46
13933 4 2 16 28 47 50 9 149
13934 4 2 16 28 30 34 87 21
13935 4 2 16 28 87 34 30 33
13936 4 2 16 28 87 29 30 21
13937 4 2 16 28 30 29 87 33
13938 4 2 16 28 40 39 161 43
13939 4 2 16 28 161 39 40 25
13940 4 2 16 28 161 44 40 43
13941 4 2 16 28 40 44 161 25
13942 4 2 16 28 1910 1002 1956 1882
13943 4 2 16 28 1956 1002 1910 1001
13944 4 2 16 28 435 2372 2146 2330
13945 4 2 16 28 2146 2372 435 659
13946 4 2 16 28 2146 436 435 2330
13947 4 2 16 28 435 436 2146 659
13948 4 2 16 28 1991 615 616 2271
13949 4 2 16 28 616 615 1991 3230
13950 4 2 16 28 616 1801 1991 2271
13951 4 2 16 28 1991 1801 616 3230
13952 4 2 16 28 257 2303 256 284
13953 4 2 16 28 256 2303 257 2050
13954 4 2 16 28 3128 1970 1799 1998
13955 4 2 16 28 3128 1799 1970 3130
13956 4 2 16 28 70 588 2032 368
13957 4 2 16 28 2032 588 70 381
13958 4 2 16 28 880 879 935 1986
13959 4 2 16 28 935 879 880 1449
13960 4 2 16 28 880 1351 935 1449
13961 4 2 16 28 3155 1346 836 725
13962 4 2 16 28 3155 836 1346 1866
13963 4 2 16 28 701 2037 464 463
13964 4 2 16 28 1195 1311 2285 443
13965 4 2 16 28 2285 442 1195 443
13966 4 2 16 28 1195 442 2285 2395
13967 4 2 16 28 3166 894 1933 1990
13968 4 2 16 28 3152 1798 280 3140
13969 4 2 16 28 3152 280 1798 3151
13970 4 2 16 28 71 382 2072 2319
13971 4 2 16 28 2072 382 71 1309
13972 4 2 16 28 2072 2320 71 2319
13973 4 2 16 28 2065 469 470 707
13974 4 2 16 28 2065 470 469 2191
13975 4 2 16 28 719 1917 1318 1946
13976 4 2 16 28 719 1318 1917 88
13977 4 2 16 28 3089 1318 1917 1946
13978 4 2 16 28 3135 1368 845 734
13979 4 2 16 28 3135 845 1368 1864
13980 4 2 16 28 2418 2185 1858 607
13981 4 2 16 28 1858 2185 2418 2041
13982 4 2 16 28 881 880 934 1986
13983 4 2 16 28 881 934 880 1450
13984 4 2 16 28 3222 3122 569 3006
13985 4 2 16 28 3222 569 3122 1904
13986 4 2 16 28 2237 622 385 623
13987 4 2 16 28 1801 2270 1983 2059
13988 4 2 16 28 1801 1983 2270 618
13989 4 2 16 28 2295 1983 2270 2059
13990 4 2 16 28 2295 2270 1983 618
13991 4 2 16 28 3107 114 3097 3073
13992 4 2 16 28 3107 3097 114 795
13993 4 2 16 28 1482 816 947 948
13994 4 2 16 28 947 816 1482 1383
13995 4 2 16 28 950 1383 816 923
13996 4 2 16 28 816 1383 950 1482
13997 4 2 16 28 1460 927 888 887
13998 4 2 16 28 1460 888 927 1382
13999 4 2 16 28 1460 812 777 1382
14000 4 2 16 28 1460 777 812 776
14001 4 2 16 28 3204 858 1809 1929
14002 4 2 16 28 1869 188 1057 2154
14003 4 2 16 28 1869 1057 188 184
14004 4 2 16 28 3243 954 3112 808
14005 4 2 16 28 3243 3112 954 3234
14006 4 2 16 28 736 737 3226 1364
14007 4 2 16 28 736 3226 737 3126
14008 4 2 16 28 1243 383 2128 2265
14009 4 2 16 28 2128 383 1243 384
14010 4 2 16 28 3077 80 2841 208
14011 4 2 16 28 2841 80 3077 3194
14012 4 2 16 28 2841 207 3077 208
14013 4 2 16 28 3077 207 2841 3194
14014 4 2 16 28 1923 878 936 877
14015 4 2 16 28 936 878 1923 1962
14016 4 2 16 28 936 937 1923 877
14017 4 2 16 28 1923 937 936 1962
14018 4 2 16 28 985 165 917 1947
14019 4 2 16 28 985 917 165 1501
14020 4 2 16 28 1390 165 917 1501
14021 4 2 16 28 482 1269 2238 1228
14022 4 2 16 28 482 2238 1269 2058
14023 4 2 16 28 114 3097 797 159
14024 4 2 16 28 797 3097 114 3073
14025 4 2 16 28 2000 1959 999 1839
14026 4 2 16 28 999 1959 2000 998
14027 4 2 16 28 999 992 2000 1839
14028 4 2 16 28 2000 992 999 998
14029 4 2 16 28 245 2076 1257 1202
14030 4 2 16 28 245 1257 2076 2378
14031 4 2 16 28 363 2345 362 2169
14032 4 2 16 28 363 362 2345 570
14033 4 2 16 28 1819 1877 3182 1892
14034 4 2 16 28 3182 1877 1819 3179
14035 4 2 16 28 1277 2042 1221 2121
14036 4 2 16 28 1277 1221 2042 484
14037 4 2 16 28 2347 1221 2042 2121
14038 4 2 16 28 316 2010 317 2417
14039 4 2 16 28 317 2010 316 523
14040 4 2 16 28 2050 1212 1289 256
14041 4 2 16 28 1289 1212 2050 2399
14042 4 2 16 28 667 2338 426 668
14043 4 2 16 28 1266 2064 2362 329
14044 4 2 16 28 2362 2064 1266 2318
14045 4 2 16 28 2362 1237 1266 329
14046 4 2 16 28 1266 1237 2362 2318
14047 4 2 16 28 713 102 3216 759
14048 4 2 16 28 111 102 3216 3078
14049 4 2 16 28 111 3216 102 759
14050 4 2 16 28 2393 424 1248 425
14051 4 2 16 28 2393 1248 424 2385
14052 4 2 16 28 1807 1965 231 2005
14053 4 2 16 28 1807 231 1965 3238
14054 4 2 16 28 1067 1988 1987 1051
14055 4 2 16 28 1067 1987 1988 2157
14056 4 2 16 28 1000 999 3203 1909
14057 4 2 16 28 1000 3203 999 1517
14058 4 2 16 28 3200 2221 2101 1820
14059 4 2 16 28 3200 2101 2221 2037
14060 4 2 16 28 3086 22 14 1173
14061 4 2 16 28 3086 14 22 3216
14062 4 2 16 28 420 419 2334 2226
14063 4 2 16 28 420 2334 419 675
14064 4 2 16 28 2131 2372 433 434
14065 4 2 16 28 2131 433 2372 2227
14066 4 2 16 28 661 433 2372 434
14067 4 2 16 28 661 2372 433 2227
14068 4 2 16 28 319 526 2375 318
14069 4 2 16 28 2375 526 319 2057
14070 4 2 16 28 2375 2121 319 318
14071 4 2 16 28 319 2121 2375 2057
14072 4 2 16 28 1070 1853 1055 1054
14073 4 2 16 28 1055 1853 1070 2414
14074 4 2 16 28 3211 1145 2860 2311
14075 4 2 16 28 3211 2860 1145 1150
14076 4 2 16 28 872 941 873 1960
14077 4 2 16 28 3198 3069 1434 112
14078 4 2 16 28 3198 1434 3069 3105
14079 4 2 16 28 792 1434 3069 112
14080 4 2 16 28 582 2277 374 2366
14081 4 2 16 28 582 374 2277 581
14082 4 2 16 28 1069 1837 1895 2056
14083 4 2 16 28 1069 1895 1837 1053
14084 4 2 16 28 2278 1851 1051 2216
14085 4 2 16 28 2278 1051 1851 1897
14086 4 2 16 28 185 1891 1045 181
14087 4 2 16 28 1045 1891 185 2087
14088 4 2 16 28 872 130 942 1964
14089 4 2 16 28 872 942 130 1452
14090 4 2 16 28 1336 130 942 1452
14091 4 2 16 28 532 65 533 75
14092 4 2 16 28 1237 2191 2318 469
14093 4 2 16 28 2318 2191 1237 2362
14094 4 2 16 28 2413 399 638 637
14095 4 2 16 28 3232 1868 2207 1974
14096 4 2 16 28 3232 2207 1868 2049
14097 4 2 16 28 2055 2207 1868 1974
14098 4 2 16 28 2055 1868 2207 2049
14099 4 2 16 28 2047 1060 2120 1076
14100 4 2 16 28 2047 2120 1060 1845
14101 4 2 16 28 385 384 2237 2128
14102 4 2 16 28 385 2237 384 622
14103 4 2 16 28 621 384 2237 622
14104 4 2 16 28 3245 1837 2129 1895
14105 4 2 16 28 2133 495 496 599
14106 4 2 16 28 2133 496 495 2371
14107 4 2 16 28 425 2198 670 669
14108 4 2 16 28 1868 1070 1837 1054
14109 4 2 16 28 1868 1837 1070 2183
14110 4 2 16 28 1209 2106 1295 2396
14111 4 2 16 28 1209 1295 2106 314
14112 4 2 16 28 3090 891 1470 780
14113 4 2 16 28 3090 1470 891 1846
14114 4 2 16 28 257 258 2303 285
14115 4 2 16 28 2303 258 257 2114
14116 4 2 16 28 258 2239 2303 285
14117 4 2 16 28 2303 2239 258 2114
14118 4 2 16 28 258 286 2239 285
14119 4 2 16 28 840 1986 933 934
14120 4 2 16 28 840 933 1986 1831
14121 4 2 16 28 383 384 2275 621
14122 4 2 16 28 383 2275 384 2128
14123 4 2 16 28 2237 2275 384 621
14124 4 2 16 28 2237 384 2275 2128
14125 4 2 16 28 2167 1 2864 2
14126 4 2 16 28 2167 2864 1 3189
14127 4 2 16 28 1066 1876 2082 1050
14128 4 2 16 28 1066 2082 1876 2060
14129 4 2 16 28 1975 2082 1876 1050
14130 4 2 16 28 3114 1896 2941 3115
14131 4 2 16 28 3114 2941 1896 3119
14132 4 2 16 28 344 2245 2297 551
14133 4 2 16 28 2297 2245 344 2420
14134 4 2 16 28 2297 343 344 551
14135 4 2 16 28 344 343 2297 2420
14136 4 2 16 28 572 364 2170 571
14137 4 2 16 28 2345 2170 364 571
14138 4 2 16 28 2345 364 2170 2344
14139 4 2 16 28 2031 424 2198 670
14140 4 2 16 28 2031 2198 424 2149
14141 4 2 16 28 425 2198 424 670
14142 4 2 16 28 425 424 2198 2149
14143 4 2 16 28 2201 427 2338 2404
14144 4 2 16 28 426 2338 427 2404
14145 4 2 16 28 426 427 2338 667
14146 4 2 16 28 2404 426 2403 427
14147 4 2 16 28 2403 426 2404 2071
14148 4 2 16 28 2071 425 1300 426
14149 4 2 16 28 2071 1300 425 2393
14150 4 2 16 28 3154 2101 2261 2232
14151 4 2 16 28 3154 2261 2101 1820
14152 4 2 16 28 1897 1068 1051 1052
14153 4 2 16 28 1897 1051 1068 2278
14154 4 2 16 28 666 2338 427 667
14155 4 2 16 28 146 927 133 1911
14156 4 2 16 28 146 133 927 1378
14157 4 2 16 28 1458 927 133 1378
14158 4 2 16 28 2259 254 2199 255
14159 4 2 16 28 2259 2199 254 2256
14160 4 2 16 28 1284 2199 254 255
14161 4 2 16 28 1284 254 2199 2256
14162 4 2 16 28 2874 228 226 2857
14163 4 2 16 28 225 228 226 738
14164 4 2 16 28 225 226 228 2857
14165 4 2 16 28 947 151 48 2832
14166 4 2 16 28 947 48 151 52
14167 4 2 16 28 2240 2020 453 2365
14168 4 2 16 28 2240 453 2020 454
14169 4 2 16 28 1222 453 2020 2365
14170 4 2 16 28 1222 2020 453 454
14171 4 2 16 28 65 326 532 533
14172 4 2 16 28 532 326 65 2252
14173 4 2 16 28 2145 2255 464 2400
14174 4 2 16 28 2145 464 2255 465
14175 4 2 16 28 1274 464 2255 2400
14176 4 2 16 28 1274 2255 464 465
14177 4 2 16 28 166 912 990 2006
14178 4 2 16 28 166 990 912 1509
14179 4 2 16 28 2043 2184 307 306
14180 4 2 16 28 2043 307 2184 2236
14181 4 2 16 28 1272 307 2184 306
14182 4 2 16 28 1308 2091 408 2258
14183 4 2 16 28 1308 408 2091 1235
14184 4 2 16 28 2327 2258 246 2378
14185 4 2 16 28 2327 246 2258 1308
14186 4 2 16 28 1257 246 2258 2378
14187 4 2 16 28 1257 2258 246 1308
14188 4 2 16 28 1953 983 920 982
14189 4 2 16 28 1387 983 920 919
14190 4 2 16 28 1387 920 983 982
14191 4 2 16 28 1388 919 984 1494
14192 4 2 16 28 983 919 984 1935
14193 4 2 16 28 983 984 919 1494
14194 4 2 16 28 850 849 1849 1981
14195 4 2 16 28 850 1849 849 1363
14196 4 2 16 28 851 850 3226 1995
14197 4 2 16 28 851 3226 850 1364
14198 4 2 16 28 1192 2233 70 2152
14199 4 2 16 28 1192 70 2233 368
14200 4 2 16 28 2032 70 2233 2152
14201 4 2 16 28 2032 2233 70 368
14202 4 2 16 28 1391 913 166 1502
14203 4 2 16 28 989 913 166 1838
14204 4 2 16 28 989 166 913 1502
14205 4 2 16 28 739 738 214 2811
14206 4 2 16 28 739 214 738 1362
14207 4 2 16 28 225 214 738 2811
14208 4 2 16 28 1265 2091 249 2392
14209 4 2 16 28 1265 249 2091 248
14210 4 2 16 28 2224 249 2091 2392
14211 4 2 16 28 2224 2091 249 248
14212 4 2 16 28 941 1457 872 873
14213 4 2 16 28 941 872 1457 1341
14214 4 2 16 28 228 738 239 2839
14215 4 2 16 28 737 239 738 2839
14216 4 2 16 28 737 738 239 1363
14217 4 2 16 28 2391 400 2413 2113
14218 4 2 16 28 2391 2413 400 638
14219 4 2 16 28 399 2413 400 2113
14220 4 2 16 28 399 400 2413 638
14221 4 2 16 28 1297 355 2034 356
14222 4 2 16 28 1251 2161 1297 2158
14223 4 2 16 28 1251 1297 2161 356
14224 4 2 16 28 2161 2034 1297 2158
14225 4 2 16 28 2161 1297 2034 356
14226 4 2 16 28 858 857 3204 1809
14227 4 2 16 28 858 3204 857 1401
14228 4 2 16 28 228 227 226 738
14229 4 2 16 28 228 226 227 2874
14230 4 2 16 28 124 851 1993 1806
14231 4 2 16 28 124 1993 851 1360
14232 4 2 16 28 161 967 25 44
14233 4 2 16 28 161 25 967 3159
14234 4 2 16 28 1357 839 1950 840
14235 4 2 16 28 1357 1950 839 3172
14236 4 2 16 28 3188 1357 1950 840
14237 4 2 16 28 3188 1950 1357 3172
14238 4 2 16 28 727 1357 3188 840
14239 4 2 16 28 727 3188 1357 3172
14240 4 2 16 28 2243 593 3207 2044
14241 4 2 16 28 3207 593 2243 592
14242 4 2 16 28 3207 1896 2243 2044
14243 4 2 16 28 2243 1896 3207 592
14244 4 2 16 28 1793 296 2266 2267
14245 4 2 16 28 1793 2266 296 295
14246 4 2 16 28 894 893 3166 1933
14247 4 2 16 28 894 3166 893 1469
14248 4 2 16 28 572 2899 1905 76
14249 4 2 16 28 1905 2899 3195 76
14250 4 2 16 28 1905 3195 2899 3233
14251 4 2 16 28 3195 2899 2895 76
14252 4 2 16 28 3195 2895 2899 3233
14253 4 2 16 28 723 722 3095 2283
14254 4 2 16 28 723 3095 722 2825
14255 4 2 16 28 505 71 2072 2320
14256 4 2 16 28 505 2072 71 1309
14257 4 2 16 28 155 816 3071 117
14258 4 2 16 28 824 823 3108 2814
14259 4 2 16 28 2899 1905 3122 572
14260 4 2 16 28 3122 1905 2899 3233
14261 4 2 16 28 3122 3008 2899 572
14262 4 2 16 28 2899 3008 3122 3233
14263 4 2 16 28 1194 2152 427 1191
14264 4 2 16 28 1194 427 2152 2403
14265 4 2 16 28 2201 427 2152 1191
14266 4 2 16 28 2201 2152 427 2403
14267 4 2 16 28 893 1821 892 1471
14268 4 2 16 28 153 948 3071 155
14269 4 2 16 28 153 3071 948 3099
14270 4 2 16 28 816 3071 948 155
14271 4 2 16 28 816 948 3071 3099
14272 4 2 16 28 2967 3207 509 2935
14273 4 2 16 28 2967 509 3207 3116
14274 4 2 16 28 508 509 3207 2935
14275 4 2 16 28 508 3207 509 3116
14276 4 2 16 28 144 917 165 1947
14277 4 2 16 28 144 165 917 1390
14278 4 2 16 28 2289 2124 3116 2197
14279 4 2 16 28 3116 2124 2289 511
14280 4 2 16 28 3116 1907 2289 2197
14281 4 2 16 28 2289 1907 3116 511
14282 4 2 16 28 427 2338 428 2201
14283 4 2 16 28 427 428 2338 666
14284 4 2 16 28 2030 428 2338 2201
14285 4 2 16 28 2030 2338 428 666
14286 4 2 16 28 3161 658 3001 2949
14287 4 2 16 28 3161 3001 658 3222
14288 4 2 16 28 132 881 933 1942
14289 4 2 16 28 132 933 881 1447
14290 4 2 16 28 3167 3137 3146 821
14291 4 2 16 28 3167 3146 3137 2382
14292 4 2 16 28 259 2239 258 286
14293 4 2 16 28 258 2239 259 2114
14294 4 2 16 28 769 3108 824 823
14295 4 2 16 28 769 824 3108 3219
14296 4 2 16 28 3129 2026 2046 680
14297 4 2 16 28 3129 2046 2026 1945
14298 4 2 16 28 238 239 3126 2878
14299 4 2 16 28 238 3126 239 3226
14300 4 2 16 28 16 2337 2349 3081
14301 4 2 16 28 2349 2337 16 3196
14302 4 2 16 28 2349 3069 16 3081
14303 4 2 16 28 16 3069 2349 3196
14304 4 2 16 28 934 935 880 1351
14305 4 2 16 28 934 880 935 1986
14306 4 2 16 28 90 942 130 1964
14307 4 2 16 28 90 130 942 1336
14308 4 2 16 28 1217 2111 2184 2236
14309 4 2 16 28 2184 2111 1217 1272
14310 4 2 16 28 2184 307 1217 2236
14311 4 2 16 28 1217 307 2184 1272
14312 4 2 16 28 2170 365 364 572
14313 4 2 16 28 2170 364 365 2344
14314 4 2 16 28 3245 2056 2129 1837
14315 4 2 16 28 3245 2129 2056 2237
14316 4 2 16 28 3194 80 2957 2892
14317 4 2 16 28 3194 2957 80 3077
14318 4 2 16 28 3165 3163 1930 3164
14319 4 2 16 28 1930 3163 3165 1844
14320 4 2 16 28 1930 1921 3165 3164
14321 4 2 16 28 3165 1921 1930 1844
14322 4 2 16 28 919 1953 983 920
14323 4 2 16 28 983 1953 919 1885
14324 4 2 16 28 1328 854 1953 920
14325 4 2 16 28 1953 854 1328 1885
14326 4 2 16 28 919 1328 1953 920
14327 4 2 16 28 1953 1328 919 1885
14328 4 2 16 28 1896 3207 1907 1851
14329 4 2 16 28 1896 1907 3207 3116
14330 4 2 16 28 3197 1907 3207 1851
14331 4 2 16 28 3197 3207 1907 3116
14332 4 2 16 28 2136 1195 2285 2395
14333 4 2 16 28 2136 2285 1195 1311
14334 4 2 16 28 2218 251 278 277
14335 4 2 16 28 2218 278 251 2363
14336 4 2 16 28 3140 2218 278 277
14337 4 2 16 28 3140 278 2218 2363
14338 4 2 16 28 3121 2218 3140 277
14339 4 2 16 28 3121 3140 2218 2363
14340 4 2 16 28 2953 672 3156 3186
14341 4 2 16 28 2953 3156 672 673
14342 4 2 16 28 2309 3156 672 3186
14343 4 2 16 28 2309 672 3156 673
14344 4 2 16 28 238 3076 237 2876
14345 4 2 16 28 1165 3076 237 3104
14346 4 2 16 28 1165 237 3076 2876
14347 4 2 16 28 237 3226 3076 238
14348 4 2 16 28 3076 3226 237 3104
14349 4 2 16 28 1917 87 1318 3089
14350 4 2 16 28 1917 1318 87 88
14351 4 2 16 28 3223 658 2002 2146
14352 4 2 16 28 3223 2002 658 3222
14353 4 2 16 28 603 2209 1852 602
14354 4 2 16 28 603 1852 2209 3242
14355 4 2 16 28 3178 603 1852 602
14356 4 2 16 28 3178 1852 603 3242
14357 4 2 16 28 2990 603 3178 602
14358 4 2 16 28 2990 3178 603 3242
14359 4 2 16 28 1979 2151 3084 2079
14360 4 2 16 28 1979 3084 2151 3088
14361 4 2 16 28 701 702 2037 3209
14362 4 2 16 28 701 2037 702 464
14363 4 2 16 28 2145 2037 702 3209
14364 4 2 16 28 2145 702 2037 464
14365 4 2 16 28 1154 226 2872 2855
14366 4 2 16 28 1154 2872 226 227
14367 4 2 16 28 9 2872 226 2855
14368 4 2 16 28 9 226 2872 227
14369 4 2 16 28 1156 1152 2870 2853
14370 4 2 16 28 1156 2870 1152 1157
14371 4 2 16 28 229 1152 2870 1157
14372 4 2 16 28 1152 224 2870 2853
14373 4 2 16 28 1152 2870 224 229
14374 4 2 16 28 228 2870 224 2853
14375 4 2 16 28 228 224 2870 229
14376 4 2 16 28 231 1159 2852 2867
14377 4 2 16 28 231 2852 1159 1150
14378 4 2 16 28 1151 2852 1159 2867
14379 4 2 16 28 1151 1159 2852 1150
14380 4 2 16 28 1335 1992 716 86
14381 4 2 16 28 1335 716 1992 1823
14382 4 2 16 28 870 716 1992 86
14383 4 2 16 28 870 1992 716 1823
14384 4 2 16 28 1868 1924 2055 3206
14385 4 2 16 28 631 2984 3205 630
14386 4 2 16 28 3205 2984 631 3206
14387 4 2 16 28 631 3205 1924 630
14388 4 2 16 28 1924 3205 631 3206
14389 4 2 16 28 2055 631 1924 630
14390 4 2 16 28 1924 631 2055 3206
14391 4 2 16 28 846 3135 1864 845
14392 4 2 16 28 1864 3135 846 1803
14393 4 2 16 28 1864 1955 846 845
14394 4 2 16 28 846 1955 1864 1803
14395 4 2 16 28 206 1161 2856 2871
14396 4 2 16 28 206 2856 1161 1148
14397 4 2 16 28 233 2856 1161 2871
14398 4 2 16 28 233 1161 2856 1148
14399 4 2 16 28 1969 528 2934 3213
14400 4 2 16 28 2934 528 1969 529
14401 4 2 16 28 2934 3230 1969 3213
14402 4 2 16 28 1969 3230 2934 529
14403 4 2 16 28 3084 1165 2144 1164
14404 4 2 16 28 3084 2144 1165 3104
14405 4 2 16 28 236 2877 3084 1164
14406 4 2 16 28 236 3084 2877 3104
14407 4 2 16 28 2877 1165 3084 1164
14408 4 2 16 28 2877 3084 1165 3104
14409 4 2 16 28 1300 426 2403 2071
14410 4 2 16 28 2403 426 1300 1194
14411 4 2 16 28 2403 2150 1300 2071
14412 4 2 16 28 1300 2150 2403 1194
14413 4 2 16 28 488 1209 2398 489
14414 4 2 16 28 2398 1209 488 2396
14415 4 2 16 28 2398 2185 488 489
14416 4 2 16 28 488 2185 2398 2396
14417 4 2 16 28 1 2167 2165 3183
14418 4 2 16 28 2165 2167 1 3189
14419 4 2 16 28 2165 3098 1 3183
14420 4 2 16 28 1 3098 2165 3189
14421 4 2 16 28 924 950 1875 1995
14422 4 2 16 28 924 1875 950 949
14423 4 2 16 28 1939 1836 3156 2084
14424 4 2 16 28 1939 3156 1836 3186
14425 4 2 16 28 2309 3156 1836 2084
14426 4 2 16 28 2309 1836 3156 3186
14427 4 2 16 28 724 827 3158 828
14428 4 2 16 28 3158 827 724 3217
14429 4 2 16 28 3158 2819 724 828
14430 4 2 16 28 724 2819 3158 3217
14431 4 2 16 28 2034 1247 1297 2158
14432 4 2 16 28 2034 1297 1247 355
14433 4 2 16 28 1221 2042 485 2347
14434 4 2 16 28 1221 485 2042 484
14435 4 2 16 28 102 3216 3086 713
14436 4 2 16 28 102 3086 3216 3078
14437 4 2 16 28 1434 3069 1941 792
14438 4 2 16 28 1434 1941 3069 3105
14439 4 2 16 28 3094 1941 3069 792
14440 4 2 16 28 3094 3069 1941 3105
14441 4 2 16 28 2082 1876 2254 1975
14442 4 2 16 28 2082 2254 1876 2060
14443 4 2 16 28 1991 2254 1876 1975
14444 4 2 16 28 1991 1876 2254 2060
14445 4 2 16 28 3225 3152 3180 641
14446 4 2 16 28 3225 3180 3152 1902
14447 4 2 16 28 2153 3180 3152 641
14448 4 2 16 28 2153 3152 3180 1902
14449 4 2 16 28 927 133 887 1458
14450 4 2 16 28 927 887 133 1911
14451 4 2 16 28 919 984 918 1388
14452 4 2 16 28 919 918 984 1935
14453 4 2 16 28 913 166 143 1391
14454 4 2 16 28 913 143 166 1838
14455 4 2 16 28 214 738 1968 225
14456 4 2 16 28 214 1968 738 1362
14457 4 2 16 28 738 239 1849 228
14458 4 2 16 28 738 1849 239 1363
14459 4 2 16 28 1821 892 1933 893
14460 4 2 16 28 1821 1933 892 1940
14461 4 2 16 28 884 1933 892 893
14462 4 2 16 28 884 892 1933 1940
14463 4 2 16 28 1924 2055 2182 1868
14464 4 2 16 28 1924 2182 2055 630
14465 4 2 17 29 2584 2421 2583 2367
14466 4 2 17 29 2467 1084 2557 2127
14467 4 2 17 29 2313 2421 2583 2647
14468 4 2 17 29 2421 2583 2367 2313
14469 4 2 17 29 2662 2505 2547 2157
14470 4 2 17 29 2367 2007 2421 2313
14471 4 2 17 29 2025 2512 2427 2629
14472 4 2 17 29 2585 2584 2247 2421
14473 4 2 17 29 2494 2296 2436 2644
14474 4 2 17 29 1091 1090 2492 2323
14475 4 2 17 29 2077 1072 2154 2483
14476 4 2 17 29 1069 2056 2129 2508
14477 4 2 17 29 190 1080 2488 2299
14478 4 2 17 29 2579 2165 2580 2421
14479 4 2 17 29 2647 2168 2580 2439
14480 4 2 17 29 2354 2421 2007 2353
14481 4 2 17 29 2317 2510 2501 2428
14482 4 2 17 29 2189 2283 2284 2654
14483 4 2 17 29 2452 1084 2278 2557
14484 4 2 17 29 2278 2216 1067 2662
14485 4 2 17 29 2115 2618 2501 2471
14486 4 2 17 29 1079 1078 2549 2221
14487 4 2 17 29 2496 2129 2508 2467
14488 4 2 17 29 2452 1084 2662 2278
14489 4 2 17 29 2127 2249 2278 2557
14490 4 2 17 29 2336 2433 2147 2355
14491 4 2 17 29 2509 2512 2134 2453
14492 4 2 17 29 2439 2629 2341 2544
14493 4 2 17 29 2025 2096 2103 2427
14494 4 2 17 29 2075 2011 2202 2649
14495 4 2 17 29 2506 2564 2274 2451
14496 4 2 17 29 2432 2584 2583 2304
14497 4 2 17 29 2501 2115 2471 2510
14498 4 2 17 29 2011 2075 2197 2649
14499 4 2 17 29 2331 2061 2339 2482
14500 4 2 17 29 2618 2166 2579 2421
14501 4 2 17 29 2180 2552 2478 2589
14502 4 2 17 29 2534 2458 2053 2594
14503 4 2 17 29 2278 2249 2125 2557
14504 4 2 17 29 2433 2147 2583 2652
14505 4 2 17 29 2248 2038 2296 2494
14506 4 2 17 29 2383 2466 2061 2482
14507 4 2 17 29 2147 2433 2336 2652
14508 4 2 17 29 1083 2505 2662 2157
14509 4 2 17 29 2647 2629 2168 2439
14510 4 2 17 29 2421 2584 2247 2246
14511 4 2 17 29 2435 2294 2580 2579
14512 4 2 17 29 2274 2075 2355 2506
14513 4 2 17 29 2411 2473 2537 2637
14514 4 2 17 29 2550 2339 2061 2482
14515 4 2 17 29 2248 2436 2579 2494
14516 4 2 17 29 2541 2436 2501 2364
14517 4 2 17 29 1070 2049 2183 2522
14518 4 2 17 29 2572 2531 2653 2343
14519 4 2 17 29 1079 2549 2535 2221
14520 4 2 17 29 2583 2147 2433 2355
14521 4 2 17 29 2033 2079 2144 2476
14522 4 2 17 29 2251 2572 2531 2450
14523 4 2 17 29 2446 2595 2038 2494
14524 4 2 17 29 2115 2166 2019 2618
14525 4 2 17 29 2477 2346 2605 2287
14526 4 2 17 29 2048 2030 2323 2492
14527 4 2 17 29 2332 2482 2465 2515
14528 4 2 17 29 2376 2644 2494 2425
14529 4 2 17 29 2444 2578 2380 1090
14530 4 2 17 29 2303 2523 2423 2509
14531 4 2 17 29 2583 2355 2432 2304
14532 4 2 17 29 2423 2512 2134 2509
14533 4 2 17 29 2465 2137 2550 2482
14534 4 2 17 29 2652 2433 2016 2509
14535 4 2 17 29 2453 2629 2402 2647
14536 4 2 17 29 2097 2025 2134 2512
14537 4 2 17 29 2463 2571 2215 2552
14538 4 2 17 29 2022 2109 2273 2454
14539 4 2 17 29 2035 2657 2501 2460
14540 4 2 17 29 2061 2466 2550 2482
14541 4 2 17 29 2383 2570 2466 2482
14542 4 2 17 29 2471 2284 2654 2510
14543 4 2 17 29 2652 2453 2148 2647
14544 4 2 17 29 2690 2510 2317 2428
14545 4 2 17 29 2349 2584 2585 2454
14546 4 2 17 29 2316 2501 2657 2428
14547 4 2 17 29 2458 2358 2534 2053
14548 4 2 17 29 2421 2165 2580 2354
14549 4 2 17 29 2316 2317 2501 2428
14550 4 2 17 29 2033 2168 2341 2439
14551 4 2 17 29 2035 2501 2541 2460
14552 4 2 17 29 2648 2441 2540 2204
14553 4 2 17 29 1061 2080 2180 2589
14554 4 2 17 29 2644 2376 2692 2425
14555 4 2 17 29 2433 2455 2016 2509
14556 4 2 17 29 2052 1071 2163 2479
14557 4 2 17 29 2473 2485 2527 2298
14558 4 2 17 29 2185 2503 2396 2635
14559 4 2 17 29 2154 2077 2483 2307
14560 4 2 17 29 1078 2519 2549 2101
14561 4 2 17 29 2417 2574 2429 2375
14562 4 2 17 29 2097 2512 2495 2525
14563 4 2 17 29 2337 2432 2584 2633
14564 4 2 17 29 2346 2170 2605 2287
14565 4 2 17 29 2337 2584 2454 2633
14566 4 2 17 29 2510 2501 2115 2317
14567 4 2 17 29 2144 2582 2597 2476
14568 4 2 17 29 2430 2482 2570 2252
14569 4 2 17 29 2060 2254 2271 2625
14570 4 2 17 29 2311 2597 2516 2018
14571 4 2 17 29 2202 2458 2649 2554
14572 4 2 17 29 2585 2584 2349 2247
14573 4 2 17 29 2470 2099 2587 2519
14574 4 2 17 29 2552 2215 2463 2589
14575 4 2 17 29 2343 2572 2531 2251
14576 4 2 17 29 2314 2167 2033 2615
14577 4 2 17 29 2424 2151 2582 2641
14578 4 2 17 29 2287 2477 2346 2395
14579 4 2 17 29 2497 2424 2565 2302
14580 4 2 17 29 2576 2358 2534 2458
14581 4 2 17 29 2429 2322 2548 2556
14582 4 2 17 29 2246 2007 2421 2367
14583 4 2 17 29 2398 2531 2503 2560
14584 4 2 17 29 2631 2403 2404 2071
14585 4 2 17 29 2022 2273 2337 2454
14586 4 2 17 29 2234 2445 2597 2582
14587 4 2 17 29 2084 2205 2380 2578
14588 4 2 17 29 2049 2183 2522 2055
14589 4 2 17 29 2396 2503 2185 2398
14590 4 2 17 29 2283 2556 2585 2654
14591 4 2 17 29 2396 2531 2503 2398
14592 4 2 17 29 2570 2369 2430 2252
14593 4 2 17 29 2462 2644 2541 2093
14594 4 2 17 29 2134 2016 2303 2509
14595 4 2 17 29 2514 2630 2318 2607
14596 4 2 17 29 2061 2331 2383 2482
14597 4 2 17 29 2551 2465 2225 2550
14598 4 2 17 29 2067 2063 2291 2542
14599 4 2 17 29 2653 2417 2574 2429
14600 4 2 17 29 2497 2473 2545 2277
14601 4 2 17 29 2154 1073 2204 2540
14602 4 2 17 29 2296 2038 2376 2494
14603 4 2 17 29 2482 2383 2570 2252
14604 4 2 17 29 2195 2396 2531 2635
14605 4 2 17 29 2381 2646 2555 2472
14606 4 2 17 29 2060 2082 2254 2573
14607 4 2 17 29 2465 2137 2482 2332
14608 4 2 17 29 2641 2565 2424 2073
14609 4 2 17 29 1081 190 2543 2175
14610 4 2 17 29 2445 2597 2516 2069
14611 4 2 17 29 2569 2244 2462 2520
14612 4 2 17 29 2245 2541 2462 2520
14613 4 2 17 29 2138 2189 2548 2322
14614 4 2 17 29 2025 2341 2402 2629
14615 4 2 17 29 2629 2427 2025 2544
14616 4 2 17 29 2646 2555 2126 2381
14617 4 2 17 29 2142 2284 2317 2510
14618 4 2 17 29 2248 2296 2436 2494
14619 4 2 17 29 2127 2129 2249 2467
14620 4 2 17 29 2038 2132 2171 2595
14621 4 2 17 29 2274 2075 2506 2197
14622 4 2 17 29 2165 2579 2166 2421
14623 4 2 17 29 2439 2033 2615 2476
14624 4 2 17 29 2033 2167 2168 2439
14625 4 2 17 29 2195 2185 2396 2635
14626 4 2 17 29 2429 2574 2502 2375
14627 4 2 17 29 2646 2555 2553 2126
14628 4 2 17 29 2194 2515 2332 2138
14629 4 2 17 29 2396 2503 2531 2635
14630 4 2 17 29 2436 2019 2382 2618
14631 4 2 17 29 2018 2597 2516 2435
14632 4 2 17 29 2478 2180 2589 1077
14633 4 2 17 29 2653 2195 2531 2635
14634 4 2 17 29 2586 2142 2682 2510
14635 4 2 17 29 2381 2555 2590 2472
14636 4 2 17 29 2254 2271 2625 2253
14637 4 2 17 29 2066 2065 2272 2616
14638 4 2 17 29 2526 2613 2440 2388
14639 4 2 17 29 2653 2010 2429 2572
14640 4 2 17 29 2433 2075 2624 2506
14641 4 2 17 29 2565 2475 2309 2626
14642 4 2 17 29 2382 2579 2436 2618
14643 4 2 17 29 2225 2465 2551 2651
14644 4 2 17 29 2093 2296 2376 2644
14645 4 2 17 29 2531 2106 2653 2343
14646 4 2 17 29 2571 2477 2605 2287
14647 4 2 17 29 2309 2637 2565 2083
14648 4 2 17 29 2171 2425 2595 2528
14649 4 2 17 29 2675 2598 2090 2553
14650 4 2 17 29 2085 2527 2473 2545
14651 4 2 17 29 2439 2033 2476 2544
14652 4 2 17 29 2595 2558 2356 2528
14653 4 2 17 29 1079 2130 2484 1080
14654 4 2 17 29 2523 2667 2164 2577
14655 4 2 17 29 2402 2148 2453 2647
14656 4 2 17 29 2601 2074 2558 2528
14657 4 2 17 29 2075 2433 2355 2506
14658 4 2 17 29 2073 2079 2302 2424
14659 4 2 17 29 2571 2605 2384 2287
14660 4 2 17 29 2403 2500 2631 2490
14661 4 2 17 29 2424 2017 2079 2302
14662 4 2 17 29 2174 2674 2370 2321
14663 4 2 17 29 2227 2567 2568 2489
14664 4 2 17 29 2144 2597 2615 2476
14665 4 2 17 29 2527 2103 2427 2545
14666 4 2 17 29 2482 2333 2252 2430
14667 4 2 17 29 2063 2059 2295 2623
14668 4 2 17 29 2165 2580 2294 2579
14669 4 2 17 29 2368 2171 2356 2528
14670 4 2 17 29 2531 2106 2195 2653
14671 4 2 17 29 2435 2314 2597 2615
14672 4 2 17 29 2476 2079 2582 2424
14673 4 2 17 29 2445 2582 2032 2500
14674 4 2 17 29 2482 2333 2062 2252
14675 4 2 17 29 2484 2130 2562 1080
14676 4 2 17 29 2458 2053 2677 2263
14677 4 2 17 29 2473 2497 2637 2155
14678 4 2 17 29 2453 2509 2652 2397
14679 4 2 17 29 2214 2213 2376 2692
14680 4 2 17 29 2077 2028 2163 2561
14681 4 2 17 29 2458 2053 2594 2677
14682 4 2 17 29 2170 2344 2346 2605
14683 4 2 17 29 2089 2056 2183 2487
14684 4 2 17 29 2113 2666 2577 2457
14685 4 2 17 29 2183 2487 2522 2434
14686 4 2 17 29 2425 2345 2605 2604
14687 4 2 17 29 2534 2664 2521 2373
14688 4 2 17 29 2181 2298 2485 2473
14689 4 2 17 29 2426 2636 2076 2378
14690 4 2 17 29 2532 2500 2403 2490
14691 4 2 17 29 2571 2136 2552 2610
14692 4 2 17 29 2226 2637 2537 2475
14693 4 2 17 29 2359 2669 2511 2684
14694 4 2 17 29 2384 2480 2605 2571
14695 4 2 17 29 2454 2585 2349 2022
14696 4 2 17 29 2357 2534 2664 2455
14697 4 2 17 29 2170 2287 2384 2605
14698 4 2 17 29 2447 2047 1092 2563
14699 4 2 17 29 2428 2517 2657 2118
14700 4 2 17 29 2321 2174 2674 2480
14701 4 2 17 29 2605 2346 2477 2344
14702 4 2 17 29 2544 2427 2103 2545
14703 4 2 17 29 2168 2402 2629 2647
14704 4 2 17 29 2049 1070 2414 2522
14705 4 2 17 29 2571 2136 2215 2552
14706 4 2 17 29 2431 2654 2284 2510
14707 4 2 17 29 2104 2398 2503 2560
14708 4 2 17 29 2637 2309 2565 2475
14709 4 2 17 29 2487 2056 2508 2459
14710 4 2 17 29 2648 2329 2537 2441
14711 4 2 17 29 2430 2408 2638 2630
14712 4 2 17 29 2333 2581 2430 2062
14713 4 2 17 29 2327 2636 2524 2608
14714 4 2 17 29 2200 2528 2217 2640
14715 4 2 17 29 2129 1085 2508 2467
14716 4 2 17 29 2340 2428 2517 2592
14717 4 2 17 29 2523 2239 2455 2509
14718 4 2 17 29 2473 2181 2536 2485
14719 4 2 17 29 2022 2454 2585 2556
14720 4 2 17 29 2168 2629 2341 2439
14721 4 2 17 29 2511 2107 2684 2560
14722 4 2 17 29 2577 2050 2523 2423
14723 4 2 17 29 2547 2481 2661 2415
14724 4 2 17 29 2480 2384 2102 2571
14725 4 2 17 29 2067 2130 2299 2562
14726 4 2 17 29 2466 2295 2623 2570
14727 4 2 17 29 2142 2586 2431 2510
14728 4 2 17 29 2107 2359 2511 2684
14729 4 2 17 29 2657 2659 2179 2517
14730 4 2 17 29 2490 2403 2532 2201
14731 4 2 17 29 2020 2244 2365 2569
14732 4 2 17 29 2057 2502 2574 2375
14733 4 2 17 29 2007 2166 2374 2421
14734 4 2 17 29 2422 2555 2268 2553
14735 4 2 17 29 2576 2455 2135 2433
14736 4 2 17 29 2247 2584 2349 2246
14737 4 2 17 29 2079 2476 2544 2424
14738 4 2 17 29 2537 2328 2648 2536
14739 4 2 17 29 2064 2143 2513 2194
14740 4 2 17 29 2548 2502 2322 2429
14741 4 2 17 29 2395 2571 2477 2610
14742 4 2 17 29 2386 2653 2417 2574
14743 4 2 17 29 2037 2066 2145 2696
14744 4 2 17 29 2376 2214 2692 2008
14745 4 2 17 29 2585 2283 2654 2471
14746 4 2 17 29 2638 2191 2514 2630
14747 4 2 17 29 2035 2541 2501 2364
14748 4 2 17 29 2509 2134 2016 2397
14749 4 2 17 29 2637 2537 2411 2226
14750 4 2 17 29 2430 2012 2369 2665
14751 4 2 17 29 2181 2045 2401 2536
14752 4 2 17 29 2555 2123 2590 2493
14753 4 2 17 29 2115 2035 2316 2501
14754 4 2 17 29 2135 2264 2576 2624
14755 4 2 17 29 2096 2512 2525 2427
14756 4 2 17 29 2033 2079 2476 2342
14757 4 2 17 29 2092 2052 2613 2389
14758 4 2 17 29 2011 2554 2649 2422
14759 4 2 17 29 2606 2524 2218 2525
14760 4 2 17 29 2433 2016 2135 2336
14761 4 2 17 29 2574 2386 2653 2504
14762 4 2 17 29 2151 2032 2582 2500
14763 4 2 17 29 2678 2051 2529 2457
14764 4 2 17 29 2557 2249 2617 2467
14765 4 2 17 29 2277 2103 2545 2017
14766 4 2 17 29 2289 2575 2451 2538
14767 4 2 17 29 2025 2427 2103 2342
14768 4 2 17 29 2022 2247 2283 2585
14769 4 2 17 29 2032 2150 2500 2151
14770 4 2 17 29 2092 2052 2163 2479
14771 4 2 17 29 2612 2489 2567 2131
14772 4 2 17 29 189 1092 2478 2087
14773 4 2 17 29 2045 2181 2298 2485
14774 4 2 17 29 2574 2042 2628 2468
14775 4 2 17 29 2306 2634 2559 2539
14776 4 2 17 29 2384 2102 2571 2287
14777 4 2 17 29 2026 2559 2474 2241
14778 4 2 17 29 2681 2607 2335 2586
14779 4 2 17 29 2450 2511 2560 2187
14780 4 2 17 29 2541 2644 2436 2093
14781 4 2 17 29 2576 2264 2358 2458
14782 4 2 17 29 2110 2670 2310 2043
14783 4 2 17 29 2076 2276 2378 2636
14784 4 2 17 29 2404 2403 2631 2490
14785 4 2 17 29 2489 2599 2568 2372
14786 4 2 17 29 2303 2423 2134 2509
14787 4 2 17 29 2637 2411 2473 2155
14788 4 2 17 29 2601 2330 2489 2074
14789 4 2 17 29 2479 1071 2163 1072
14790 4 2 17 29 2225 2137 2550 2465
14791 4 2 17 29 2118 2428 2517 2340
14792 4 2 17 29 2102 2694 2480 2571
14793 4 2 17 29 2300 2685 2534 2594
14794 4 2 17 29 2064 2318 2630 2607
14795 4 2 17 29 2639 2537 2329 2441
14796 4 2 17 29 2596 2683 2350 2464
14797 4 2 17 29 2538 2160 2600 2141
14798 4 2 17 29 2167 2314 2294 2615
14799 4 2 17 29 2653 2010 2572 2343
14800 4 2 17 29 2082 2573 1082 2449
14801 4 2 17 29 2493 2590 2609 2176
14802 4 2 17 29 2489 2227 2567 2131
14803 4 2 17 29 2352 2602 2469 2674
14804 4 2 17 29 2532 2500 2152 2403
14805 4 2 17 29 2531 2106 2343 2251
14806 4 2 17 29 2021 2115 2284 2471
14807 4 2 17 29 2152 2233 2500 2532
14808 4 2 17 29 2626 2162 2565 2491
14809 4 2 17 29 2365 2689 2020 2569
14810 4 2 17 29 2523 2164 2050 2577
14811 4 2 17 29 2031 2084 2380 2578
14812 4 2 17 29 2655 2545 2103 2017
14813 4 2 17 29 2546 2669 2359 2684
14814 4 2 17 29 2458 2264 2358 2053
14815 4 2 17 29 2397 2453 2134 2402
14816 4 2 17 29 1087 1086 2530 2414
14817 4 2 17 29 2465 2515 2548 2138
14818 4 2 17 29 2035 2115 2364 2501
14819 4 2 17 29 2438 2272 2514 2616
14820 4 2 17 29 2075 2135 2336 2433
14821 4 2 17 29 2160 2538 2600 2493
14822 4 2 17 29 2521 2456 2305 2667
14823 4 2 17 29 2171 2595 2356 2528
14824 4 2 17 29 2367 2583 2584 2304
14825 4 2 17 29 2480 2533 2173 2691
14826 4 2 17 29 2125 2044 2278 2452
14827 4 2 17 29 2439 2167 2580 2615
14828 4 2 17 29 2553 2422 2554 2267
14829 4 2 17 29 2162 2309 2626 2565
14830 4 2 17 29 2169 2604 2425 2528
14831 4 2 17 29 2211 2587 2469 2588
14832 4 2 17 29 2287 2571 2477 2395
14833 4 2 17 29 2298 2527 2473 2085
14834 4 2 17 29 2333 2430 2369 2252
14835 4 2 17 29 2183 2487 1086 2522
14836 4 2 17 29 2074 2489 2601 2558
14837 4 2 17 29 2179 2377 2659 2657
14838 4 2 17 29 2361 2211 2588 2080
14839 4 2 17 29 2617 2650 2472 2320
14840 4 2 17 29 2694 2174 2321 2480
14841 4 2 17 29 2458 2649 2624 2202
14842 4 2 17 29 2264 2135 2075 2624
14843 4 2 17 29 2135 2239 2016 2455
14844 4 2 17 29 2577 2645 2113 2457
14845 4 2 17 29 2572 2010 2429 2556
14846 4 2 17 29 2037 2101 2221 2549
14847 4 2 17 29 2635 2503 2449 2041
14848 4 2 17 29 2075 2197 2649 2506
14849 4 2 17 29 2565 2385 2641 2491
14850 4 2 17 29 2465 2651 2210 2502
14851 4 2 17 29 2510 2115 2284 2317
14852 4 2 17 29 2323 2094 2380 2444
14853 4 2 17 29 2378 2608 2258 2426
14854 4 2 17 29 2033 2314 2615 2144
14855 4 2 17 29 2691 2425 2345 2605
14856 4 2 17 29 2205 2084 2329 2639
14857 4 2 17 29 2482 2333 2430 2062
14858 4 2 17 29 2106 2195 2396 2531
14859 4 2 17 29 2534 2357 2358 2576
14860 4 2 17 29 2199 2666 2050 2577
14861 4 2 17 29 2123 2555 2687 2493
14862 4 2 17 29 2551 2068 2642 2550
14863 4 2 17 29 2627 2371 2481 2546
14864 4 2 17 29 2096 2525 2524 2427
14865 4 2 17 29 2600 2416 2661 2481
14866 4 2 17 29 2642 2270 2466 2550
14867 4 2 17 29 2641 2151 2582 2500
14868 4 2 17 29 2081 2593 2666 2457
14869 4 2 17 29 2067 2065 2130 2621
14870 4 2 17 29 2600 2538 2141 2481
14871 4 2 17 29 2556 2189 2548 2431
14872 4 2 17 29 2422 2269 2011 2268
14873 4 2 17 29 2228 2248 2494 2038
14874 4 2 17 29 2511 2107 2560 2187
14875 4 2 17 29 2026 2241 2474 2409
14876 4 2 17 29 2359 2250 2546 2684
14877 4 2 17 29 2177 2377 2659 2179
14878 4 2 17 29 2482 2062 2581 2515
14879 4 2 17 29 2691 2173 2480 2406
14880 4 2 17 29 2483 2634 2307 2539
14881 4 2 17 29 2216 2547 2661 2415
14882 4 2 17 29 2568 2227 2489 2372
14883 4 2 17 29 2614 2030 2492 2490
14884 4 2 17 29 2121 2386 2417 2574
14885 4 2 17 29 2453 2629 2512 2402
14886 4 2 17 29 2073 2302 2565 2424
14887 4 2 17 29 2477 2200 2344 2086
14888 4 2 17 29 2609 2140 2493 2176
14889 4 2 17 29 2503 2449 2105 2505
14890 4 2 17 29 2537 2334 2226 2475
14891 4 2 17 29 2219 2440 2526 2606
14892 4 2 17 29 2608 2091 2526 2606
14893 4 2 17 29 2640 2200 2528 2591
14894 4 2 17 29 2244 2020 2520 2569
14895 4 2 17 29 2106 2196 2195 2653
14896 4 2 17 29 2445 2233 2532 2500
14897 4 2 17 29 2582 2597 2234 2144
14898 4 2 17 29 2540 2634 2648 2204
14899 4 2 17 29 2186 2450 2531 2560
14900 4 2 17 29 2140 2493 2600 2609
14901 4 2 17 29 2574 2651 2238 2468
14902 4 2 17 29 2200 2604 2528 2591
14903 4 2 17 29 2241 2559 2474 2485
14904 4 2 17 29 2559 2485 2276 2636
14905 4 2 17 29 2579 2435 2294 2248
14906 4 2 17 29 2598 2553 2266 2090
14907 4 2 17 29 2524 2091 2606 2392
14908 4 2 17 29 2511 2450 2280 2187
14909 4 2 17 29 2026 2559 2241 2306
14910 4 2 17 29 2644 2296 2436 2093
14911 4 2 17 29 2277 2497 2473 2155
14912 4 2 17 29 2382 2019 2436 2248
14913 4 2 17 29 2382 2436 2579 2248
14914 4 2 17 29 2363 2156 2680 2495
14915 4 2 17 29 2581 2062 2482 2430
14916 4 2 17 29 2569 2469 2212 2587
14917 4 2 17 29 2660 2244 2569 2288
14918 4 2 17 29 2438 2607 2335 2681
14919 4 2 17 29 2445 2516 2676 2069
14920 4 2 17 29 2462 2244 2569 2660
14921 4 2 17 29 2689 2020 2569 2520
14922 4 2 17 29 2588 2589 2463 2080
14923 4 2 17 29 2661 2416 2600 2140
14924 4 2 17 29 2425 2345 2604 2169
14925 4 2 17 29 2453 2512 2134 2402
14926 4 2 17 29 2572 2251 2040 2450
14927 4 2 17 29 2336 2312 2147 2652
14928 4 2 17 29 2181 2045 2536 2485
14929 4 2 17 29 2266 2554 2202 2011
14930 4 2 17 29 2649 2624 2075 2506
14931 4 2 17 29 2083 2565 2497 2637
14932 4 2 17 29 2244 2245 2462 2520
14933 4 2 17 29 2369 2570 2383 2252
14934 4 2 17 29 2538 2289 2575 2686
14935 4 2 17 29 2311 2516 2597 2069
14936 4 2 17 29 2608 2378 2636 2426
14937 4 2 17 29 2692 2407 2691 2008
14938 4 2 17 29 2444 2632 2490 2094
14939 4 2 17 29 2525 2097 2512 2096
14940 4 2 17 29 2405 2136 2215 2571
14941 4 2 17 29 2347 2042 2419 2504
14942 4 2 17 29 2102 2174 2321 2694
14943 4 2 17 29 2560 2186 2398 2531
14944 4 2 17 29 2216 2661 2044 2415
14945 4 2 17 29 2286 2041 2418 2628
14946 4 2 17 29 2040 2273 2572 2450
14947 4 2 17 29 2405 2463 2571 2215
14948 4 2 17 29 2675 2279 2128 2646
14949 4 2 17 29 2075 2433 2336 2355
14950 4 2 17 29 2041 2635 2418 2628
14951 4 2 17 29 2655 2103 2342 2017
14952 4 2 17 29 2044 2216 2278 2452
14953 4 2 17 29 2545 2085 2103 2277
14954 4 2 17 29 2255 2596 2438 2681
14955 4 2 17 29 2590 2609 2243 2650
14956 4 2 17 29 2245 2462 2541 2093
14957 4 2 17 29 1075 1076 2047 2563
14958 4 2 17 29 2213 2376 2644 2093
14959 4 2 17 29 2574 2628 2042 2504
14960 4 2 17 29 2423 2259 2512 2495
14961 4 2 17 29 2150 2385 2393 2631
14962 4 2 17 29 2515 2194 2513 2431
14963 4 2 17 29 2123 2268 2269 2687
14964 4 2 17 29 2655 2342 2079 2017
14965 4 2 17 29 2677 2598 2554 2266
14966 4 2 17 29 2150 2500 2151 2641
14967 4 2 17 29 2527 2027 2636 2327
14968 4 2 17 29 2250 2359 2546 2111
14969 4 2 17 29 2166 2007 2165 2421
14970 4 2 17 29 2680 2606 2218 2525
14971 4 2 17 29 2508 2056 2487 1086
14972 4 2 17 29 2424 2497 2655 2302
14973 4 2 17 29 2509 2016 2652 2397
14974 4 2 17 29 2313 2652 2148 2647
14975 4 2 17 29 2029 2181 2328 2536
14976 4 2 17 29 2153 2678 2593 2457
14977 4 2 17 29 2533 2370 2674 2480
14978 4 2 17 29 2193 2190 2318 2607
14979 4 2 17 29 2101 1078 2221 2549
14980 4 2 17 29 2440 2388 2219 2526
14981 4 2 17 29 2444 2490 2492 2094
14982 4 2 17 29 2109 2572 2454 2556
14983 4 2 17 29 2015 2304 2337 2432
14984 4 2 17 29 2342 2025 2427 2544
14985 4 2 17 29 2629 2025 2341 2342
14986 4 2 17 29 2621 2290 2067 2065
14987 4 2 17 29 2336 2016 2312 2652
14988 4 2 17 29 2101 2037 2261 2549
14989 4 2 17 29 2325 2608 2526 2673
14990 4 2 17 29 2321 2674 2370 2480
14991 4 2 17 29 2051 2530 2529 2457
14992 4 2 17 29 2558 2235 2489 2612
14993 4 2 17 29 2278 1068 2662 1067
14994 4 2 17 29 2378 2608 2327 2258
14995 4 2 17 29 2607 2318 2514 2190
14996 4 2 17 29 2192 2408 2430 2630
14997 4 2 17 29 2553 2598 2266 2554
14998 4 2 17 29 2386 2574 2347 2504
14999 4 2 17 29 2402 2629 2341 2168
15000 4 2 17 29 2436 2019 2618 2501
15001 4 2 17 29 2065 2066 2130 2484
15002 4 2 17 29 2113 2391 2666 2457
15003 4 2 17 29 2391 2113 2666 2199
15004 4 2 17 29 2636 2524 2527 2327
15005 4 2 17 29 2123 2269 2493 2687
15006 4 2 17 29 2521 2685 2534 2373
15007 4 2 17 29 2189 2556 2654 2431
15008 4 2 17 29 2519 2100 2101 1078
15009 4 2 17 29 2499 2596 2683 2088
15010 4 2 17 29 2188 2684 2560 2619
15011 4 2 17 29 2281 2683 2428 2592
15012 4 2 17 29 2114 2054 2206 2664
15013 4 2 17 29 2427 2096 2512 2025
15014 4 2 17 29 2342 2341 2629 2544
15015 4 2 17 29 2667 2206 2521 2664
15016 4 2 17 29 2428 2340 2281 2592
15017 4 2 17 29 2147 2312 2313 2652
15018 4 2 17 29 2538 2160 2124 2493
15019 4 2 17 29 2058 2225 2551 2651
15020 4 2 17 29 2369 2570 2430 2665
15021 4 2 17 29 2450 2186 2187 2560
15022 4 2 17 29 2626 2149 2162 2491
15023 4 2 17 29 2537 2334 2475 2639
15024 4 2 17 29 2389 2024 2440 2388
15025 4 2 17 29 2164 2523 2050 2114
15026 4 2 17 29 2095 2263 2266 2677
15027 4 2 17 29 2033 2439 2341 2544
15028 4 2 17 29 2121 2375 2574 2417
15029 4 2 17 29 2173 2370 2533 2480
15030 4 2 17 29 2631 2150 2641 2500
15031 4 2 17 29 2314 2435 2294 2615
15032 4 2 17 29 2201 2152 2403 2532
15033 4 2 17 29 2451 2289 2538 2627
15034 4 2 17 29 2378 2608 2636 2327
15035 4 2 17 29 2125 2243 2609 2650
15036 4 2 17 29 2405 2463 2694 2571
15037 4 2 17 29 2630 2581 2430 2192
15038 4 2 17 29 2224 2103 2096 2427
15039 4 2 17 29 2091 2219 2390 2526
15040 4 2 17 29 2462 2288 2244 2660
15041 4 2 17 29 2116 2534 2685 2373
15042 4 2 17 29 2053 2300 2534 2594
15043 4 2 17 29 2680 2363 2218 2293
15044 4 2 17 29 2133 2481 2371 2546
15045 4 2 17 29 2416 2481 2078 2415
15046 4 2 17 29 2234 2292 2582 2144
15047 4 2 17 29 2424 2151 2641 2073
15048 4 2 17 29 2406 2480 2691 2605
15049 4 2 17 29 2025 2134 2512 2402
15050 4 2 17 29 2027 2527 2103 2224
15051 4 2 17 29 2379 2256 2666 2495
15052 4 2 17 29 2602 2674 2174 2480
15053 4 2 17 29 2155 2085 2181 2473
15054 4 2 17 29 2420 2177 2668 2301
15055 4 2 17 29 1077 189 2478 2087
15056 4 2 17 29 2313 2583 2147 2652
15057 4 2 17 29 2041 2082 2105 2449
15058 4 2 17 29 2166 2019 2618 2382
15059 4 2 17 29 2636 2076 2559 2426
15060 4 2 17 29 2686 2538 2124 2493
15061 4 2 17 29 2220 2024 2293 2440
15062 4 2 17 29 2019 2436 2296 2364
15063 4 2 17 29 2572 2109 2010 2556
15064 4 2 17 29 2032 2152 2233 2500
15065 4 2 17 29 2666 2593 2379 2495
15066 4 2 17 29 2357 2239 2135 2455
15067 4 2 17 29 2027 2276 2485 2636
15068 4 2 17 29 2342 2033 2341 2544
15069 4 2 17 29 2066 2037 2221 2535
15070 4 2 17 29 2131 2567 2161 2158
15071 4 2 17 29 2523 2239 2664 2455
15072 4 2 17 29 2438 2190 2607 2514
15073 4 2 17 29 2351 2660 2212 2288
15074 4 2 17 29 2467 191 2127 1085
15075 4 2 17 29 2282 2281 2690 2009
15076 4 2 17 29 2211 2361 2602 2352
15077 4 2 17 29 2329 2328 2648 2537
15078 4 2 17 29 2592 2663 2260 2117
15079 4 2 17 29 2436 2541 2093 2364
15080 4 2 17 29 2272 2438 2695 2616
15081 4 2 17 29 2247 2022 2349 2585
15082 4 2 17 29 2473 2085 2545 2277
15083 4 2 17 29 2602 2469 2211 2352
15084 4 2 17 29 2407 2691 2214 2692
15085 4 2 17 29 2014 2190 2193 2607
15086 4 2 17 29 2667 2645 2412 2577
15087 4 2 17 29 2490 2404 2403 2201
15088 4 2 17 29 2241 2045 2276 2485
15089 4 2 17 29 2590 2159 2381 2472
15090 4 2 17 29 2513 2143 2586 2431
15091 4 2 17 29 2661 2547 2216 2662
15092 4 2 17 29 2693 2659 2517 2036
15093 4 2 17 29 2646 2675 2279 2553
15094 4 2 17 29 2079 2655 2017 2424
15095 4 2 17 29 2342 2629 2025 2544
15096 4 2 17 29 2219 2091 2606 2526
15097 4 2 17 29 2500 2233 2032 2445
15098 4 2 17 29 2255 2014 2335 2681
15099 4 2 17 29 2485 2276 2027 2298
15100 4 2 17 29 2666 2379 2593 2081
15101 4 2 17 29 2538 2160 2141 2124
15102 4 2 17 29 2681 2255 2596 2499
15103 4 2 17 29 2160 2123 2269 2493
15104 4 2 17 29 2679 2070 2676 2203
15105 4 2 17 29 2556 2022 2189 2283
15106 4 2 17 29 2604 2200 2477 2591
15107 4 2 17 29 2084 2334 2329 2639
15108 4 2 17 29 2062 2482 2332 2515
15109 4 2 17 29 2471 2115 2284 2510
15110 4 2 17 29 2220 2293 2680 2440
15111 4 2 17 29 2258 2608 2327 2091
15112 4 2 17 29 2094 2031 2380 2444
15113 4 2 17 29 2081 2199 2391 2666
15114 4 2 17 29 2174 2694 2602 2480
15115 4 2 17 29 2295 2139 2623 2570
15116 4 2 17 29 2607 2513 2143 2586
15117 4 2 17 29 2164 2667 2412 2577
15118 4 2 17 29 2156 2379 2593 2495
15119 4 2 17 29 2205 1089 1090 2441
15120 4 2 17 29 2606 2293 2680 2218
15121 4 2 17 29 2668 2020 2420 2301
15122 4 2 17 29 2689 2365 2437 2569
15123 4 2 17 29 2501 2019 2618 2115
15124 4 2 17 29 2524 2527 2224 2427
15125 4 2 17 29 2297 2460 2541 2520
15126 4 2 17 29 2196 2106 2343 2653
15127 4 2 17 29 2024 2440 2220 2678
15128 4 2 17 29 2307 2634 2483 2540
15129 4 2 17 29 2015 2432 2633 2564
15130 4 2 17 29 2179 2118 2377 2657
15131 4 2 17 29 2667 2523 2164 2114
15132 4 2 17 29 2331 2252 2383 2482
15133 4 2 17 29 2357 2534 2455 2576
15134 4 2 17 29 2152 2070 2233 2532
15135 4 2 17 29 2560 2188 2107 2684
15136 4 2 17 29 2008 2407 2691 2345
15137 4 2 17 29 2584 2246 2367 2304
15138 4 2 17 29 2652 2453 2397 2148
15139 4 2 17 29 2661 2044 2609 2452
15140 4 2 17 29 2385 2565 2641 2073
15141 4 2 17 29 2091 2608 2524 2606
15142 4 2 17 29 2503 2104 2560 2619
15143 4 2 17 29 2475 2309 2031 2084
15144 4 2 17 29 2273 2633 2572 2450
15145 4 2 17 29 2296 2436 2019 2248
15146 4 2 17 29 1081 186 2175 1065
15147 4 2 17 29 2617 2125 2650 2320
15148 4 2 17 29 2675 2128 2566 2646
15149 4 2 17 29 1063 2066 2221 2535
15150 4 2 17 29 2559 2241 2276 2485
15151 4 2 17 29 187 1085 1069 2127
15152 4 2 17 29 2572 2109 2273 2040
15153 4 2 17 29 2198 2338 2071 2632
15154 4 2 17 29 2347 2121 2574 2386
15155 4 2 17 29 2199 2399 2577 2050
15156 4 2 17 29 2597 2311 2314 2018
15157 4 2 17 29 2624 2075 2264 2202
15158 4 2 17 29 2567 2131 2161 2612
15159 4 2 17 29 2325 2608 2258 2091
15160 4 2 17 29 2206 2523 2114 2664
15161 4 2 17 29 2098 2469 2660 2674
15162 4 2 17 29 2536 2045 2474 2485
15163 4 2 17 29 2220 2440 2680 2593
15164 4 2 17 29 2627 2236 2111 2669
15165 4 2 17 29 2169 2425 2171 2528
15166 4 2 17 29 2165 2248 2382 2579
15167 4 2 17 29 2227 2489 2372 2131
15168 4 2 17 29 2143 2513 2194 2013
15169 4 2 17 29 2419 2628 2635 2504
15170 4 2 17 29 2079 2292 2144 2476
15171 4 2 17 29 2389 2613 2092 2388
15172 4 2 17 29 2206 2523 2667 2114
15173 4 2 17 29 2677 2095 2486 2598
15174 4 2 17 29 2606 2218 2524 2392
15175 4 2 17 29 2118 2179 2517 2657
15176 4 2 17 29 2044 2661 2416 2415
15177 4 2 17 29 2423 2199 2666 2050
15178 4 2 17 29 2165 2248 2579 2294
15179 4 2 17 29 2686 2269 2422 2687
15180 4 2 17 29 2627 2236 2043 2184
15181 4 2 17 29 2032 2150 2152 2500
15182 4 2 17 29 2305 2206 2521 2667
15183 4 2 17 29 2420 2668 2460 2520
15184 4 2 17 29 2206 2523 2664 2667
15185 4 2 17 29 2663 2410 2117 2592
15186 4 2 17 29 2233 2532 2676 2445
15187 4 2 17 29 2665 2430 2012 2638
15188 4 2 17 29 1092 2087 185 1076
15189 4 2 17 29 2680 2363 2495 2525
15190 4 2 17 29 2303 2239 2523 2509
15191 4 2 17 29 2126 2159 2265 2646
15192 4 2 17 29 2161 2131 2235 2612
15193 4 2 17 29 2347 2574 2042 2504
15194 4 2 17 29 2138 2515 2548 2431
15195 4 2 17 29 2585 2022 2556 2283
15196 4 2 17 29 2064 2630 2513 2607
15197 4 2 17 29 2097 2512 2259 2495
15198 4 2 17 29 2408 2191 2638 2630
15199 4 2 17 29 2532 2614 2490 2201
15200 4 2 17 29 2306 2077 2307 2539
15201 4 2 17 29 2521 2456 2207 2305
15202 4 2 17 29 2236 2627 2111 2184
15203 4 2 17 29 2622 2472 2646 2265
15204 4 2 17 29 2472 2072 2622 2617
15205 4 2 17 29 2632 2031 2198 2094
15206 4 2 17 29 2344 2477 2605 2604
15207 4 2 17 29 2646 2566 2622 2265
15208 4 2 17 29 2349 2584 2454 2337
15209 4 2 17 29 2342 2476 2033 2544
15210 4 2 17 29 1077 185 2087 1061
15211 4 2 17 29 2150 2071 2403 2631
15212 4 2 17 29 2465 2548 2502 2138
15213 4 2 17 29 2527 2027 2485 2636
15214 4 2 17 29 2655 2079 2544 2424
15215 4 2 17 29 2062 2581 2194 2192
15216 4 2 17 29 2189 2548 2322 2556
15217 4 2 17 29 2551 2058 2651 2468
15218 4 2 17 29 2109 2189 2010 2556
15219 4 2 17 29 2164 2114 2206 2667
15220 4 2 17 29 2083 2302 2366 2497
15221 4 2 17 29 2301 2659 2668 2231
15222 4 2 17 29 2555 2687 2422 2268
15223 4 2 17 29 2027 2527 2524 2327
15224 4 2 17 29 2008 2425 2376 2171
15225 4 2 17 29 2011 2266 2554 2267
15226 4 2 17 29 2431 2284 2013 2142
15227 4 2 17 29 2559 2276 2076 2636
15228 4 2 17 29 2692 2214 2407 2008
15229 4 2 17 29 2538 2124 2289 2686
15230 4 2 17 29 2123 2268 2687 2555
15231 4 2 17 29 2377 2177 2659 2460
15232 4 2 17 29 2225 2210 2465 2651
15233 4 2 17 29 2342 2427 2103 2544
15234 4 2 17 29 2192 2362 2408 2630
15235 4 2 17 29 2555 2268 2553 2126
15236 4 2 17 29 2491 2385 2631 2393
15237 4 2 17 29 2134 2512 2259 2097
15238 4 2 17 29 2027 2527 2085 2103
15239 4 2 17 29 2460 2297 2420 2520
15240 4 2 17 29 2497 2366 2083 2637
15241 4 2 17 29 1068 1084 187 2127
15242 4 2 17 29 190 186 2175 1081
15243 4 2 17 29 2028 2092 2163 2620
15244 4 2 17 29 2015 2633 2273 2110
15245 4 2 17 29 2652 2016 2312 2397
15246 4 2 17 29 1085 187 191 2127
15247 4 2 17 29 2408 2638 2012 2430
15248 4 2 17 29 2108 2195 2653 2635
15249 4 2 17 29 2567 2568 2443 2227
15250 4 2 17 29 2133 2078 2481 2415
15251 4 2 17 29 2029 2226 2411 2537
15252 4 2 17 29 2165 2421 2007 2354
15253 4 2 17 29 2052 2529 1087 2479
15254 4 2 17 29 2358 2357 2135 2576
15255 4 2 17 29 2628 2635 2418 2419
15256 4 2 17 29 2095 2262 2263 2677
15257 4 2 17 29 2243 2609 2044 2125
15258 4 2 17 29 2179 2177 2231 2659
15259 4 2 17 29 2485 2027 2527 2298
15260 4 2 17 29 2659 2179 2517 2036
15261 4 2 17 29 2292 2582 2144 2476
15262 4 2 17 29 2582 2079 2151 2424
15263 4 2 17 29 2188 2560 2107 2187
15264 4 2 17 29 2174 2352 2370 2674
15265 4 2 17 29 2176 2044 2243 2609
15266 4 2 17 29 2592 2281 2350 2117
15267 4 2 17 29 2622 2617 2319 2496
15268 4 2 17 29 2458 2202 2677 2554
15269 4 2 17 29 2645 2112 2667 2412
15270 4 2 17 29 2200 2086 2477 2591
15271 4 2 17 29 2186 2450 2251 2531
15272 4 2 17 29 2241 2045 2485 2474
15273 4 2 17 29 2043 2184 2289 2627
15274 4 2 17 29 2234 2032 2445 2582
15275 4 2 17 29 2219 2091 2392 2606
15276 4 2 17 29 2582 2292 2079 2476
15277 4 2 17 29 2024 2219 2293 2440
15278 4 2 17 29 2070 2679 2315 2203
15279 4 2 17 29 2271 2068 2551 2253
15280 4 2 17 29 2068 2551 2225 2550
15281 4 2 17 29 2325 2526 2620 2673
15282 4 2 17 29 2159 2650 2320 2472
15283 4 2 17 29 2200 2477 2344 2604
15284 4 2 17 29 2087 185 189 1092
15285 4 2 17 29 2071 2404 2631 2490
15286 4 2 17 29 2192 2064 2630 2581
15287 4 2 17 29 2081 2153 2593 2457
15288 4 2 17 29 2186 2560 2398 2104
15289 4 2 17 29 2070 2152 2201 2532
15290 4 2 17 29 2581 2515 2194 2513
15291 4 2 17 29 2079 2476 2342 2544
15292 4 2 17 29 2337 2022 2454 2349
15293 4 2 17 29 2016 2135 2455 2433
15294 4 2 17 29 2070 2679 2676 2532
15295 4 2 17 29 2635 2653 2108 2504
15296 4 2 17 29 2219 2388 2390 2526
15297 4 2 17 29 2486 2262 2677 2594
15298 4 2 17 29 2260 2117 2340 2592
15299 4 2 17 29 2593 2220 2440 2678
15300 4 2 17 29 2553 2268 2422 2267
15301 4 2 17 29 2629 2025 2512 2402
15302 4 2 17 29 2262 2486 2677 2095
15303 4 2 17 29 2241 2559 2276 2076
15304 4 2 17 29 2087 189 185 1077
15305 4 2 17 29 2561 2620 2673 2028
15306 4 2 17 29 2260 2036 2663 2517
15307 4 2 17 29 2639 2084 2578 2205
15308 4 2 17 29 2301 2659 2177 2668
15309 4 2 17 29 2303 2016 2239 2509
15310 4 2 17 29 2247 2374 2421 2007
15311 4 2 17 29 2377 2657 2460 2659
15312 4 2 17 29 2593 2680 2156 2495
15313 4 2 17 29 2622 2128 2265 2566
15314 4 2 17 29 2057 2210 2502 2138
15315 4 2 17 29 2528 2200 2217 2169
15316 4 2 17 29 2606 2293 2440 2680
15317 4 2 17 29 2236 2669 2043 2670
15318 4 2 17 29 2064 2143 2193 2607
15319 4 2 17 29 2190 2438 2607 2014
15320 4 2 17 29 2233 2070 2676 2532
15321 4 2 17 29 2148 2402 2168 2647
15322 4 2 17 29 2301 2659 2231 2177
15323 4 2 17 29 2206 2054 2521 2664
15324 4 2 17 29 2072 2265 2472 2622
15325 4 2 17 29 2050 2577 2666 2423
15326 4 2 17 29 2300 2594 2182 2434
15327 4 2 17 29 2086 2285 2395 2477
15328 4 2 17 29 2284 2654 2283 2021
15329 4 2 17 29 2320 2072 2472 2617
15330 4 2 17 29 2663 2592 2260 2517
15331 4 2 17 29 2235 2612 2132 2161
15332 4 2 17 29 2385 2565 2162 2491
15333 4 2 17 29 2141 2140 2160 2600
15334 4 2 17 29 2109 2572 2251 2040
15335 4 2 17 29 2108 2195 2196 2653
15336 4 2 17 29 2602 2463 2361 2588
15337 4 2 17 29 2517 2693 2036 2663
15338 4 2 17 29 1079 1063 2130 1064
15339 4 2 17 29 2537 2029 2328 2536
15340 4 2 17 29 2559 2026 2474 2634
15341 4 2 17 29 2078 2141 2184 2481
15342 4 2 17 29 2102 2694 2321 2480
15343 4 2 17 29 2683 2428 2690 2281
15344 4 2 17 29 2591 2086 2477 2611
15345 4 2 17 29 2511 2359 2310 2669
15346 4 2 17 29 2586 2335 2681 2230
15347 4 2 17 29 191 187 1084 2127
15348 4 2 17 29 2155 2181 2411 2473
15349 4 2 17 29 2081 2391 2457 2666
15350 4 2 17 29 2093 2296 2436 2364
15351 4 2 17 29 2096 2097 2512 2025
15352 4 2 17 29 2450 2040 2273 2110
15353 4 2 17 29 2422 2011 2554 2267
15354 4 2 17 29 2095 2089 2262 2486
15355 4 2 17 29 2064 2193 2318 2607
15356 4 2 17 29 2390 2608 2325 2091
15357 4 2 17 29 2276 2045 2298 2485
15358 4 2 17 29 2175 186 190 2299
15359 4 2 17 29 2119 2120 2478 2552
15360 4 2 17 29 2350 2088 2683 2400
15361 4 2 17 29 2142 2431 2284 2510
15362 4 2 17 29 2265 2128 2279 2646
15363 4 2 17 29 2670 2310 2511 2110
15364 4 2 17 29 2083 2155 2226 2637
15365 4 2 17 29 1076 1092 2047 2563
15366 4 2 17 29 2259 2256 2666 2199
15367 4 2 17 29 1080 186 1064 2299
15368 4 2 17 29 2406 2691 2407 2605
15369 4 2 17 29 2575 2686 2269 2422
15370 4 2 17 29 2600 2044 2140 2609
15371 4 2 17 29 2317 2501 2115 2316
15372 4 2 17 29 2333 2581 2192 2430
15373 4 2 17 29 2122 2158 2203 2679
15374 4 2 17 29 2660 2098 2674 2533
15375 4 2 17 29 2527 2103 2224 2427
15376 4 2 17 29 2134 2259 2423 2303
15377 4 2 17 29 2311 2516 2228 2018
15378 4 2 17 29 2389 2051 2678 2153
15379 4 2 17 29 2081 2256 2666 2379
15380 4 2 17 29 2333 2192 2408 2430
15381 4 2 17 29 2191 2514 2630 2318
15382 4 2 17 29 2128 2566 2646 2265
15383 4 2 17 29 2660 2462 2214 2533
15384 4 2 17 29 2440 2613 2389 2388
15385 4 2 17 29 2355 2015 2432 2304
15386 4 2 17 29 1091 1074 2323 1075
15387 4 2 17 29 2454 2337 2633 2273
15388 4 2 17 29 2112 2667 2456 2645
15389 4 2 17 29 2167 2165 2354 2580
15390 4 2 17 29 2671 2158 2161 2567
15391 4 2 17 29 2345 2407 2691 2605
15392 4 2 17 29 2418 2286 2628 2419
15393 4 2 17 29 2570 2466 2295 2383
15394 4 2 17 29 2069 2445 2597 2234
15395 4 2 17 29 2344 2086 2346 2477
15396 4 2 17 29 2102 2321 2384 2480
15397 4 2 17 29 2088 2255 2394 2499
15398 4 2 17 29 2688 2598 2222 2459
15399 4 2 17 29 2450 2186 2251 2040
15400 4 2 17 29 2601 2217 2528 2640
15401 4 2 17 29 2090 2266 2267 2553
15402 4 2 17 29 2490 2030 2492 2094
15403 4 2 17 29 2681 2014 2335 2438
15404 4 2 17 29 2686 2124 2197 2269
15405 4 2 17 29 2304 2246 2337 2584
15406 4 2 17 29 2132 2446 2558 2595
15407 4 2 17 29 2456 2522 2049 2530
15408 4 2 17 29 2638 2290 2067 2621
15409 4 2 17 29 2042 2238 2468 2574
15410 4 2 17 29 2501 2436 2019 2364
15411 4 2 17 29 2123 2381 2555 2590
15412 4 2 17 29 2496 2622 2566 2275
15413 4 2 17 29 2088 2282 2683 2499
15414 4 2 17 29 2660 2351 2469 2098
15415 4 2 17 29 2110 2015 2564 2274
15416 4 2 17 29 2564 2110 2274 2043
15417 4 2 17 29 2230 2681 2586 2682
15418 4 2 17 29 2438 2190 2514 2272
15419 4 2 17 29 2144 2234 2311 2597
15420 4 2 17 29 2633 2337 2015 2273
15421 4 2 17 29 2184 2538 2141 2289
15422 4 2 17 29 2255 2088 2596 2499
15423 4 2 17 29 2250 2448 2546 2684
15424 4 2 17 29 2236 2310 2670 2043
15425 4 2 17 29 2291 2369 2012 2665
15426 4 2 17 29 2256 2259 2666 2495
15427 4 2 17 29 2577 2199 2666 2113
15428 4 2 17 29 2026 2634 2648 2474
15429 4 2 17 29 2669 2111 2627 2546
15430 4 2 17 29 2650 2159 2320 2125
15431 4 2 17 29 2464 2400 2350 2596
15432 4 2 17 29 2136 2395 2610 2571
15433 4 2 17 29 2058 2210 2225 2651
15434 4 2 17 29 2159 2590 2381 2123
15435 4 2 17 29 2137 2068 2225 2550
15436 4 2 17 29 2493 2600 2160 2140
15437 4 2 17 29 2174 2352 2674 2602
15438 4 2 17 29 2167 2033 2615 2439
15439 4 2 17 29 2280 2511 2310 2110
15440 4 2 17 29 2646 2159 2265 2472
15441 4 2 17 29 2440 2024 2389 2678
15442 4 2 17 29 2123 2493 2176 2590
15443 4 2 17 29 2148 2168 2353 2647
15444 4 2 17 29 2241 2076 2306 2559
15445 4 2 17 29 2331 2137 2332 2482
15446 4 2 17 29 2682 2142 2394 2282
15447 4 2 17 29 2336 2433 2016 2652
15448 4 2 17 29 2606 2293 2218 2219
15449 4 2 17 29 2546 2184 2627 2371
15450 4 2 17 29 2312 2652 2397 2148
15451 4 2 17 29 2332 2465 2023 2138
15452 4 2 17 29 2105 2039 2505 2157
15453 4 2 17 29 2273 2633 2450 2110
15454 4 2 17 29 2189 2556 2283 2654
15455 4 2 17 29 2150 2403 2500 2631
15456 4 2 17 29 2019 2501 2364 2115
15457 4 2 17 29 2678 2024 2389 2153
15458 4 2 17 29 2641 2491 2385 2631
15459 4 2 17 29 2282 2682 2142 2690
15460 4 2 17 29 2041 2449 2635 2628
15461 4 2 17 29 2633 2015 2564 2110
15462 4 2 17 29 2260 2340 2517 2592
15463 4 2 17 29 2544 2342 2079 2655
15464 4 2 17 29 2178 2020 2240 2689
15465 4 2 17 29 2359 2669 2546 2111
15466 4 2 17 29 2213 2644 2376 2692
15467 4 2 17 29 2612 2567 2671 2161
15468 4 2 17 29 2592 2350 2683 2464
15469 4 2 17 29 2486 2387 2095 2688
15470 4 2 17 29 2245 2020 2420 2520
15471 4 2 17 29 2286 2628 2042 2254
15472 4 2 17 29 2281 2088 2282 2683
15473 4 2 17 29 1080 190 186 2299
15474 4 2 17 29 2184 2538 2481 2141
15475 4 2 17 29 2185 2503 2635 2041
15476 4 2 17 29 1068 1084 2278 2662
15477 4 2 17 29 2594 2300 2685 2434
15478 4 2 17 29 2021 2654 2283 2471
15479 4 2 17 29 2280 2040 2450 2110
15480 4 2 17 29 2182 2685 2300 2434
15481 4 2 17 29 2144 2311 2314 2597
15482 4 2 17 29 2472 2243 2590 2159
15483 4 2 17 29 2350 2117 2410 2592
15484 4 2 17 29 2348 2648 2328 2536
15485 4 2 17 29 2270 2642 2068 2550
15486 4 2 17 29 2143 2335 2607 2586
15487 4 2 17 29 2015 2506 2355 2432
15488 4 2 17 29 2088 2596 2683 2400
15489 4 2 17 29 2472 2243 2650 2590
15490 4 2 17 29 2077 2306 2308 2539
15491 4 2 17 29 2028 2258 2325 2673
15492 4 2 17 29 2143 2513 2013 2431
15493 4 2 17 29 2357 2373 2664 2534
15494 4 2 17 29 2126 2279 2553 2646
15495 4 2 17 29 2030 2490 2338 2094
15496 4 2 17 29 2632 2338 2490 2094
15497 4 2 17 29 2420 2297 2245 2520
15498 4 2 17 29 2671 2158 2034 2161
15499 4 2 17 29 2541 2035 2460 2297
15500 4 2 17 29 2538 2184 2481 2627
15501 4 2 17 29 2386 2108 2653 2504
15502 4 2 17 29 2217 2601 2528 2074
15503 4 2 17 29 2063 2067 2299 2488
15504 4 2 17 29 2158 2498 2034 2203
15505 4 2 17 29 2366 2155 2637 2497
15506 4 2 17 29 2348 2045 2474 2536
15507 4 2 17 29 2388 2440 2219 2024
15508 4 2 17 29 2652 2312 2313 2148
15509 4 2 17 29 2438 2145 2255 2014
15510 4 2 17 29 2489 2146 2330 2601
15511 4 2 17 29 2134 2509 2453 2397
15512 4 2 17 29 2553 2279 2090 2675
15513 4 2 17 29 2502 2057 2138 2322
15514 4 2 17 29 2218 2524 2224 2525
15515 4 2 17 29 2239 2523 2114 2303
15516 4 2 17 29 2020 2668 2420 2520
15517 4 2 17 29 2293 2606 2440 2219
15518 4 2 17 29 2575 2506 2649 2197
15519 4 2 17 29 2018 2314 2597 2435
15520 4 2 17 29 2141 2416 2600 2481
15521 4 2 17 29 2096 2524 2224 2427
15522 4 2 17 29 1087 1071 2479 1072
15523 4 2 17 29 2627 2111 2184 2546
15524 4 2 17 29 2244 2020 2245 2520
15525 4 2 17 29 2078 2141 2481 2416
15526 4 2 17 29 2130 2066 1063 2484
15527 4 2 17 29 2310 2107 2359 2511
15528 4 2 17 29 2079 2292 2582 2151
15529 4 2 17 29 2153 2081 2391 2457
15530 4 2 17 29 1079 1062 2221 1063
15531 4 2 17 29 2011 2649 2575 2422
15532 4 2 17 29 2390 2608 2526 2325
15533 4 2 17 29 2350 2683 2596 2400
15534 4 2 17 29 2098 2352 2469 2674
15535 4 2 17 29 2486 2387 2598 2095
15536 4 2 17 29 2173 2691 2407 2406
15537 4 2 17 29 2212 2288 2660 2569
15538 4 2 17 29 2057 2121 2375 2574
15539 4 2 17 29 2352 2469 2351 2098
15540 4 2 17 29 2357 2239 2664 2054
15541 4 2 17 29 2128 2265 2275 2622
15542 4 2 17 29 2281 2690 2009 2428
15543 4 2 17 29 2132 2229 2446 2038
15544 4 2 17 29 2081 2153 2220 2593
15545 4 2 17 29 2026 2559 2306 2634
15546 4 2 17 29 2037 2066 2696 2535
15547 4 2 17 29 2607 2335 2014 2438
15548 4 2 17 29 2174 2102 2360 2694
15549 4 2 17 29 2135 2075 2624 2433
15550 4 2 17 29 2511 2310 2670 2669
15551 4 2 17 29 2258 2426 2608 2673
15552 4 2 17 29 2235 2131 2489 2612
15553 4 2 17 29 2143 2586 2142 2230
15554 4 2 17 29 2529 2613 2389 2678
15555 4 2 17 29 2076 2258 2308 2426
15556 4 2 17 29 2297 2093 2541 2364
15557 4 2 17 29 2013 2513 2194 2431
15558 4 2 17 29 2648 2348 2474 2536
15559 4 2 17 29 2625 2573 2060 2254
15560 4 2 17 29 2053 2300 2358 2534
15561 4 2 17 29 2315 2201 2532 2070
15562 4 2 17 29 2638 2290 2665 2067
15563 4 2 17 29 2118 2260 2340 2517
15564 4 2 17 29 2459 2222 2056 2223
15565 4 2 17 29 2385 2565 2073 2162
15566 4 2 17 29 2090 2223 2387 2598
15567 4 2 17 29 2265 2072 2472 2159
15568 4 2 17 29 2160 2140 2176 2493
15569 4 2 17 29 2187 2107 2280 2511
15570 4 2 17 29 2233 2070 2242 2676
15571 4 2 17 29 2070 2679 2532 2315
15572 4 2 17 29 2011 2422 2268 2267
15573 4 2 17 29 2679 2122 2315 2203
15574 4 2 17 29 2073 2150 2151 2641
15575 4 2 17 29 2154 2204 2307 2540
15576 4 2 17 29 2088 2281 2350 2683
15577 4 2 17 29 2673 2658 2561 2028
15578 4 2 17 29 2194 2581 2064 2192
15579 4 2 17 29 2036 2179 2231 2659
15580 4 2 17 29 2580 2168 2167 2439
15581 4 2 17 29 2139 2542 2063 2570
15582 4 2 17 29 2276 2327 2636 2027
15583 4 2 17 29 2206 2054 2207 2521
15584 4 2 17 29 2282 2690 2317 2009
15585 4 2 17 29 2385 2150 2641 2631
15586 4 2 17 29 2620 2092 2613 2526
15587 4 2 17 29 2072 2159 2320 2472
15588 4 2 17 29 2297 2541 2245 2520
15589 4 2 17 29 2117 2281 2340 2592
15590 4 2 17 29 2111 2184 2546 2371
15591 4 2 17 29 2677 2202 2458 2263
15592 4 2 17 29 2525 2224 2218 2096
15593 4 2 17 29 2453 2397 2148 2402
15594 4 2 17 29 2269 2011 2197 2422
15595 4 2 17 29 2486 2387 2688 2598
15596 4 2 17 29 2681 2394 2499 2682
15597 4 2 17 29 2032 2233 2234 2445
15598 4 2 17 29 2042 2238 2254 2468
15599 4 2 17 29 2281 2592 2350 2683
15600 4 2 17 29 2558 2356 2132 2595
15601 4 2 17 29 2259 2512 2134 2423
15602 4 2 17 29 2683 2282 2281 2690
15603 4 2 17 29 2015 2432 2337 2633
15604 4 2 17 29 2156 2220 2293 2680
15605 4 2 17 29 2231 2668 2518 2659
15606 4 2 17 29 2045 2348 2401 2536
15607 4 2 17 29 2368 2169 2171 2528
15608 4 2 17 29 2655 2017 2424 2302
15609 4 2 17 29 2186 2450 2187 2040
15610 4 2 17 29 2277 2545 2497 2655
15611 4 2 17 29 1090 1074 1073 2205
15612 4 2 17 29 2090 2223 2598 2675
15613 4 2 17 29 2066 2535 1063 2484
15614 4 2 17 29 2438 2145 2695 2596
15615 4 2 17 29 2564 2450 2633 2110
15616 4 2 17 29 2631 2393 2071 2198
15617 4 2 17 29 2497 2277 2655 2017
15618 4 2 17 29 2014 2193 2335 2607
15619 4 2 17 29 2483 2077 2561 2539
15620 4 2 17 29 2579 2382 2166 2618
15621 4 2 17 29 2390 2608 2091 2526
15622 4 2 17 29 2327 2524 2091 2608
15623 4 2 17 29 2226 2084 2309 2475
15624 4 2 17 29 2071 2150 2393 2631
15625 4 2 17 29 2220 2156 2379 2593
15626 4 2 17 29 2045 2241 2348 2474
15627 4 2 17 29 2333 2581 2062 2192
15628 4 2 17 29 2007 2421 2247 2246
15629 4 2 17 29 2133 2157 2216 2547
15630 4 2 17 29 1078 1061 2470 1062
15631 4 2 17 29 2145 2438 2255 2596
15632 4 2 17 29 2362 2191 2408 2630
15633 4 2 17 29 2283 2585 2021 2471
15634 4 2 17 29 2017 2655 2497 2302
15635 4 2 17 29 2481 2416 2661 2415
15636 4 2 17 29 2624 2576 2135 2433
15637 4 2 17 29 2235 2131 2330 2489
15638 4 2 17 29 2691 2214 2173 2407
15639 4 2 17 29 2255 2014 2681 2438
15640 4 2 17 29 2149 2626 2632 2491
15641 4 2 17 29 2623 2643 2059 2466
15642 4 2 17 29 2181 2328 2536 2401
15643 4 2 17 29 2192 2064 2362 2630
15644 4 2 17 29 2122 2158 2679 2567
15645 4 2 17 29 2355 2506 2015 2274
15646 4 2 17 29 2540 2441 1089 2204
15647 4 2 17 29 2455 2135 2357 2576
15648 4 2 17 29 2020 2689 2668 2520
15649 4 2 17 29 2206 2305 2521 2207
15650 4 2 17 29 2380 2323 2444 1090
15651 4 2 17 29 2493 2123 2176 2160
15652 4 2 17 29 2162 2083 2309 2565
15653 4 2 17 29 2616 2066 2065 2484
15654 4 2 17 29 1071 1070 1087 2414
15655 4 2 17 29 2502 2210 2465 2138
15656 4 2 17 29 2050 2164 2399 2577
15657 4 2 17 29 2079 2151 2424 2073
15658 4 2 17 29 2417 2653 2010 2429
15659 4 2 17 29 2282 2088 2394 2499
15660 4 2 17 29 2214 2533 2462 2692
15661 4 2 17 29 2465 2332 2515 2138
15662 4 2 17 29 2159 2650 2243 2125
15663 4 2 17 29 2268 2123 2381 2555
15664 4 2 17 29 2213 2462 2644 2692
15665 4 2 17 29 2679 2203 2676 2498
15666 4 2 17 29 2126 2265 2279 2646
15667 4 2 17 29 2266 2095 2677 2598
15668 4 2 17 29 2190 2191 2514 2065
15669 4 2 17 29 2414 2522 1086 2530
15670 4 2 17 29 1083 1066 2157 1067
15671 4 2 17 29 2440 2389 2613 2678
15672 4 2 17 29 2150 2073 2385 2641
15673 4 2 17 29 2153 2024 2220 2678
15674 4 2 17 29 2631 2071 2490 2632
15675 4 2 17 29 2061 2295 2466 2383
15676 4 2 17 29 2140 2141 2416 2600
15677 4 2 17 29 2229 2671 2446 2516
15678 4 2 17 29 2695 2145 2272 2066
15679 4 2 17 29 2264 2576 2624 2458
15680 4 2 17 29 2471 2021 2166 2374
15681 4 2 17 29 2407 2345 2406 2605
15682 4 2 17 29 2083 2302 2497 2565
15683 4 2 17 29 2602 2211 2469 2588
15684 4 2 17 29 2498 2158 2671 2567
15685 4 2 17 29 2086 2257 2285 2611
15686 4 2 17 29 2370 2533 2098 2214
15687 4 2 17 29 2632 2198 2338 2094
15688 4 2 17 29 2264 2358 2135 2576
15689 4 2 17 29 2416 2661 2044 2140
15690 4 2 17 29 2258 2076 2378 2426
15691 4 2 17 29 2044 2661 2600 2140
15692 4 2 17 29 2179 2036 2260 2517
15693 4 2 17 29 2113 2199 2399 2577
15694 4 2 17 29 2371 2184 2627 2481
15695 4 2 17 29 2137 2023 2332 2465
15696 4 2 17 29 2114 2050 2303 2523
15697 4 2 17 29 2130 1079 1064 1080
15698 4 2 17 29 2614 2315 2532 2679
15699 4 2 17 29 1076 1075 1091 2563
15700 4 2 17 29 2455 2239 2016 2509
15701 4 2 17 29 2309 2162 2626 2031
15702 4 2 17 29 2141 2124 2289 2538
15703 4 2 17 29 2615 2314 2597 2144
15704 4 2 17 29 2186 2104 2187 2560
15705 4 2 17 29 2598 2223 2459 2675
15706 4 2 17 29 2696 2464 2037 2549
15707 4 2 17 29 2168 2354 2580 2167
15708 4 2 17 29 2642 2271 2068 2551
15709 4 2 17 29 2662 1068 1083 1067
15710 4 2 17 29 2304 2432 2584 2337
15711 4 2 17 29 2070 2203 2242 2676
15712 4 2 17 29 2118 2179 2260 2517
15713 4 2 17 29 2477 2285 2611 2086
15714 4 2 17 29 2443 2122 2679 2567
15715 4 2 17 29 2570 2291 2542 2665
15716 4 2 17 29 2612 2235 2132 2558
15717 4 2 17 29 2630 2513 2581 2064
15718 4 2 17 29 2403 2150 2500 2152
15719 4 2 17 29 2197 2575 2269 2422
15720 4 2 17 29 2400 2037 2145 2696
15721 4 2 17 29 2425 2171 2345 2169
15722 4 2 17 29 2175 2063 2299 2488
15723 4 2 17 29 2120 2257 2611 2285
15724 4 2 17 29 2212 2437 2569 2587
15725 4 2 17 29 2062 2581 2515 2194
15726 4 2 17 29 2309 2637 2083 2226
15727 4 2 17 29 2031 2309 2475 2626
15728 4 2 17 29 2225 2068 2253 2551
15729 4 2 17 29 2360 2102 2405 2694
15730 4 2 17 29 2036 2231 2326 2693
15731 4 2 17 29 2426 2076 2559 2658
15732 4 2 17 29 2615 2033 2144 2476
15733 4 2 17 29 2638 2408 2012 2290
15734 4 2 17 29 2423 2050 2523 2303
15735 4 2 17 29 2215 2552 2180 2589
15736 4 2 17 29 2108 2419 2635 2504
15737 4 2 17 29 2213 2462 2245 2093
15738 4 2 17 29 2394 2681 2230 2682
15739 4 2 17 29 2231 2518 2326 2693
15740 4 2 17 29 2275 2128 2622 2566
15741 4 2 17 29 2254 2628 2042 2468
15742 4 2 17 29 2105 2449 1082 2505
15743 4 2 17 29 2291 2570 2542 2139
15744 4 2 17 29 2333 2012 2369 2430
15745 4 2 17 29 2158 2498 2671 2034
15746 4 2 17 29 2214 2173 2370 2533
15747 4 2 17 29 2551 2625 2271 2253
15748 4 2 17 29 2023 2137 2225 2465
15749 4 2 17 29 2347 2108 2386 2504
15750 4 2 17 29 2448 2250 2188 2684
15751 4 2 17 29 2155 2083 2366 2637
15752 4 2 17 29 2276 2327 2378 2636
15753 4 2 17 29 2267 2126 2279 2553
15754 4 2 17 29 2230 2255 2335 2681
15755 4 2 17 29 2656 2594 2262 2486
15756 4 2 17 29 2602 2361 2211 2588
15757 4 2 17 29 2592 2663 2410 2464
15758 4 2 17 29 2067 2562 2621 2130
15759 4 2 17 29 2122 2030 2614 2315
15760 4 2 17 29 2193 2143 2335 2607
15761 4 2 17 29 2020 2240 2689 2365
15762 4 2 17 29 2655 2277 2545 2017
15763 4 2 17 29 2384 2480 2406 2605
15764 4 2 17 29 2223 2090 2279 2675
15765 4 2 17 29 2267 2553 2268 2126
15766 4 2 17 29 2236 2111 2669 2359
15767 4 2 17 29 2164 2112 2412 2667
15768 4 2 17 29 2290 2638 2191 2065
15769 4 2 17 29 2553 2266 2267 2554
15770 4 2 17 29 2694 2360 2174 2602
15771 4 2 17 29 2159 2123 2243 2590
15772 4 2 17 29 2078 2481 2371 2133
15773 4 2 17 29 2466 2643 2059 2642
15774 4 2 17 29 2363 2680 2218 2525
15775 4 2 17 29 2156 2293 2363 2680
15776 4 2 17 29 2608 2325 2258 2673
15777 4 2 17 29 2678 2220 2153 2593
15778 4 2 17 29 2621 2616 2514 2065
15779 4 2 17 29 2077 2163 1072 2561
15780 4 2 17 29 2223 2222 2387 2598
15781 4 2 17 29 2459 2223 2566 2675
15782 4 2 17 29 2200 2169 2528 2604
15783 4 2 17 29 2057 2210 2238 2651
15784 4 2 17 29 2057 2210 2651 2502
15785 4 2 17 29 2514 2191 2638 2065
15786 4 2 17 29 2451 2564 2274 2043
15787 4 2 17 29 2423 2666 2259 2495
15788 4 2 17 29 2693 2232 2461 2519
15789 4 2 17 29 2157 2505 1082 1083
15790 4 2 17 29 2393 2631 2491 2632
15791 4 2 17 29 2270 2068 2339 2550
15792 4 2 17 29 2472 2243 2159 2650
15793 4 2 17 29 2644 2494 2296 2376
15794 4 2 17 29 2443 2122 2567 2227
15795 4 2 17 29 2262 2089 2656 2486
15796 4 2 17 29 2131 2158 2227 2567
15797 4 2 17 29 2274 2451 2043 2197
15798 4 2 17 29 2119 2136 2285 2610
15799 4 2 17 29 2218 2219 2392 2606
15800 4 2 17 29 2360 2463 2602 2694
15801 4 2 17 29 2071 2631 2198 2632
15802 4 2 17 29 2029 2226 2537 2334
15803 4 2 17 29 2277 2155 2366 2497
15804 4 2 17 29 2272 2190 2514 2065
15805 4 2 17 29 2089 2182 2262 2656
15806 4 2 17 29 2648 2046 2328 2329
15807 4 2 17 29 2250 2107 2684 2359
15808 4 2 17 29 2121 2057 2238 2574
15809 4 2 17 29 2063 2067 2488 2542
15810 4 2 17 29 2396 2186 2531 2398
15811 4 2 17 29 2032 2234 2292 2582
15812 4 2 17 29 2110 2564 2670 2043
15813 4 2 17 29 2529 2052 2613 2479
15814 4 2 17 29 2162 2149 2385 2491
15815 4 2 17 29 2515 2332 2062 2194
15816 4 2 17 29 2507 2478 2120 2552
15817 4 2 17 29 2205 1090 2578 2441
15818 4 2 17 29 2238 2058 2254 2468
15819 4 2 17 29 2394 2255 2681 2499
15820 4 2 17 29 2301 2668 2518 2231
15821 4 2 17 29 2626 2149 2031 2162
15822 4 2 17 29 2021 2585 2283 2247
15823 4 2 17 29 2337 2246 2349 2584
15824 4 2 17 29 2203 2034 2242 2498
15825 4 2 17 29 2153 2051 2678 2457
15826 4 2 17 29 2108 2196 2386 2653
15827 4 2 17 29 2282 2683 2499 2690
15828 4 2 17 29 2597 2311 2069 2234
15829 4 2 17 29 2145 2695 2696 2066
15830 4 2 17 29 2212 2240 2365 2437
15831 4 2 17 29 2518 2178 2326 2232
15832 4 2 17 29 2156 2097 2256 2495
15833 4 2 17 29 2673 2658 2258 2426
15834 4 2 17 29 2290 2665 2012 2638
15835 4 2 17 29 2112 2164 2206 2667
15836 4 2 17 29 2360 2405 2463 2694
15837 4 2 17 29 2053 2262 2300 2594
15838 4 2 17 29 2220 2081 2593 2379
15839 4 2 17 29 2419 2042 2628 2504
15840 4 2 17 29 2495 2363 2097 2525
15841 4 2 17 29 2632 2393 2149 2491
15842 4 2 17 29 2316 2657 2377 2118
15843 4 2 17 29 2428 2316 2317 2009
15844 4 2 17 29 2020 2178 2301 2689
15845 4 2 17 29 2578 2380 1090 2205
15846 4 2 17 29 1065 1081 1082 2442
15847 4 2 17 29 2199 2081 2256 2666
15848 4 2 17 29 2269 2493 2687 2686
15849 4 2 17 29 1088 1087 2479 1072
15850 4 2 17 29 2059 2270 2642 2271
15851 4 2 17 29 2425 2692 2691 2008
15852 4 2 17 29 2279 2553 2090 2267
15853 4 2 17 29 2142 2282 2690 2510
15854 4 2 17 29 2264 2458 2202 2263
15855 4 2 17 29 2384 2173 2406 2480
15856 4 2 17 29 2026 2634 2307 2204
15857 4 2 17 29 2069 2233 2242 2676
15858 4 2 17 29 2304 2147 2367 2583
15859 4 2 17 29 2165 2579 2382 2166
15860 4 2 17 29 2035 2657 2377 2316
15861 4 2 17 29 2632 2198 2031 2149
15862 4 2 17 29 2271 2642 2625 2551
15863 4 2 17 29 2428 2317 2690 2009
15864 4 2 17 29 2541 2245 2093 2297
15865 4 2 17 29 1073 1089 1090 2205
15866 4 2 17 29 2258 2658 2308 2426
15867 4 2 17 29 2207 2054 2373 2521
15868 4 2 17 29 2623 2139 2063 2570
15869 4 2 17 29 2214 2691 2173 2533
15870 4 2 17 29 2105 2503 2619 2209
15871 4 2 17 29 2291 2570 2369 2665
15872 4 2 17 29 2232 2693 2518 2519
15873 4 2 17 29 2518 2231 2659 2693
15874 4 2 17 29 2438 2190 2272 2014
15875 4 2 17 29 2340 2428 2281 2009
15876 4 2 17 29 2210 2023 2465 2138
15877 4 2 17 29 2451 2670 2564 2043
15878 4 2 17 29 2035 2460 2297 2177
15879 4 2 17 29 1077 1061 2470 1078
15880 4 2 17 29 2259 2199 2666 2423
15881 4 2 17 29 2058 2254 2551 2253
15882 4 2 17 29 2693 2518 2326 2232
15883 4 2 17 29 2414 2049 2522 2530
15884 4 2 17 29 2220 2156 2593 2680
15885 4 2 17 29 2172 2200 2217 2640
15886 4 2 17 29 2464 2400 2596 2696
15887 4 2 17 29 2524 2224 2027 2327
15888 4 2 17 29 2232 2036 2693 2261
15889 4 2 17 29 2648 2409 2026 2474
15890 4 2 17 29 2238 2058 2468 2651
15891 4 2 17 29 2257 2672 2120 2611
15892 4 2 17 29 2244 2212 2365 2569
15893 4 2 17 29 2569 2365 2437 2212
15894 4 2 17 29 2095 2266 2387 2598
15895 4 2 17 29 2139 2542 2291 2063
15896 4 2 17 29 2393 2632 2149 2198
15897 4 2 17 29 2117 2260 2261 2663
15898 4 2 17 29 2169 2200 2344 2604
15899 4 2 17 29 2038 2229 2446 2228
15900 4 2 17 29 2171 2008 2425 2345
15901 4 2 17 29 2255 2088 2400 2596
15902 4 2 17 29 2310 2107 2511 2280
15903 4 2 17 29 2420 2177 2297 2460
15904 4 2 17 29 2107 2188 2250 2684
15905 4 2 17 29 2488 1080 2562 2299
15906 4 2 17 29 2521 2054 2373 2664
15907 4 2 17 29 2116 2300 2685 2534
15908 4 2 17 29 2351 2212 2469 2211
15909 4 2 17 29 2383 2139 2295 2570
15910 4 2 17 29 1074 1091 2323 1090
15911 4 2 17 29 2413 2645 2530 2457
15912 4 2 17 29 2338 2490 2071 2632
15913 4 2 17 29 2693 2231 2659 2036
15914 4 2 17 29 2452 2661 2044 2216
15915 4 2 17 29 2435 2018 2294 2248
15916 4 2 17 29 2546 2133 2481 2547
15917 4 2 17 29 2034 2516 2228 2242
15918 4 2 17 29 2044 2600 2661 2609
15919 4 2 17 29 2146 2489 2599 2601
15920 4 2 17 29 2282 2690 2510 2317
15921 4 2 17 29 2301 2020 2689 2668
15922 4 2 17 29 2309 2637 2226 2475
15923 4 2 17 29 2181 2085 2298 2473
15924 4 2 17 29 2516 2228 2242 2069
15925 4 2 17 29 2477 2285 2395 2610
15926 4 2 17 29 2255 2230 2394 2681
15927 4 2 17 29 2155 2226 2637 2411
15928 4 2 17 29 2620 2092 2526 2325
15929 4 2 17 29 2184 2538 2289 2627
15930 4 2 17 29 2233 2069 2234 2445
15931 4 2 17 29 2285 2120 2119 2610
15932 4 2 17 29 2083 2162 2302 2565
15933 4 2 17 29 2235 2074 2356 2558
15934 4 2 17 29 2128 2223 2279 2675
15935 4 2 17 29 2260 2036 2261 2663
15936 4 2 17 29 2043 2451 2289 2197
15937 4 2 17 29 2069 2233 2676 2445
15938 4 2 17 29 2594 2182 2434 2656
15939 4 2 17 29 2092 2613 2052 2479
15940 4 2 17 29 2308 2673 2258 2028
15941 4 2 17 29 2165 2167 2294 2580
15942 4 2 17 29 2657 2316 2428 2118
15943 4 2 17 29 2086 2200 2257 2591
15944 4 2 17 29 2284 2654 2021 2471
15945 4 2 17 29 2630 2362 2191 2318
15946 4 2 17 29 2527 2085 2103 2545
15947 4 2 17 29 2063 2570 2542 2623
15948 4 2 17 29 2074 2217 2368 2528
15949 4 2 17 29 2561 2620 2163 2479
15950 4 2 17 29 2442 2573 1082 2060
15951 4 2 17 29 2182 2434 2656 2089
15952 4 2 17 29 2475 2031 2626 2578
15953 4 2 17 29 2318 2630 2362 2064
15954 4 2 17 29 2256 2259 2495 2097
15955 4 2 17 29 2308 2673 2658 2258
15956 4 2 17 29 2156 2097 2495 2363
15957 4 2 17 29 2064 2143 2607 2513
15958 4 2 17 29 2078 2184 2371 2481
15959 4 2 17 29 2448 2684 2188 2619
15960 4 2 17 29 2138 2548 2502 2322
15961 4 2 17 29 2212 2244 2288 2569
15962 4 2 17 29 2089 2095 2688 2486
15963 4 2 17 29 2050 2199 2259 2423
15964 4 2 17 29 2068 2137 2339 2550
15965 4 2 17 29 2084 2475 2334 2639
15966 4 2 17 29 2533 2370 2098 2674
15967 4 2 17 29 2188 2104 2619 2560
15968 4 2 17 29 1085 1069 2508 1086
15969 4 2 17 29 2265 2275 2622 2072
15970 4 2 17 29 2269 2422 2687 2268
15971 4 2 17 29 2208 2104 2398 2503
15972 4 2 17 29 2266 2090 2387 2598
15973 4 2 17 29 2522 1086 1070 2414
15974 4 2 17 29 2350 2592 2410 2464
15975 4 2 17 29 2092 2526 2390 2388
15976 4 2 17 29 2012 2333 2408 2430
15977 4 2 17 29 2503 2185 2208 2041
15978 4 2 17 29 2089 2095 2222 2688
15979 4 2 17 29 2201 2315 2532 2614
15980 4 2 17 29 2145 2255 2400 2596
15981 4 2 17 29 2558 2612 2446 2132
15982 4 2 17 29 2391 2413 2051 2457
15983 4 2 17 29 2449 2041 2286 2628
15984 4 2 17 29 2642 2625 2442 2271
15985 4 2 17 29 2050 2259 2303 2423
15986 4 2 17 29 2182 2262 2656 2594
15987 4 2 17 29 2635 2418 2185 2041
15988 4 2 17 29 2547 2133 2481 2415
15989 4 2 17 29 2055 2116 2300 2685
15990 4 2 17 29 2391 2113 2645 2457
15991 4 2 17 29 2541 2035 2297 2364
15992 4 2 17 29 2419 2108 2635 2418
15993 4 2 17 29 2658 2306 2559 2539
15994 4 2 17 29 2054 2357 2373 2664
15995 4 2 17 29 2040 2187 2280 2450
15996 4 2 17 29 2410 2663 2117 2261
15997 4 2 17 29 2645 2413 2113 2391
15998 4 2 17 29 1092 1076 1091 2563
15999 4 2 17 29 2568 2048 2563 2492
16000 4 2 17 29 2334 2226 2475 2084
16001 4 2 17 29 2694 2102 2405 2571
16002 4 2 17 29 2102 2287 2405 2571
16003 4 2 17 29 2621 2514 2638 2065
16004 4 2 17 29 2552 2119 2120 2610
16005 4 2 17 29 2662 1068 1084 1083
16006 4 2 17 29 2018 2294 2314 2435
16007 4 2 17 29 2352 2098 2370 2674
16008 4 2 17 29 2671 2034 2498 2516
16009 4 2 17 29 1078 1062 2221 1079
16010 4 2 17 29 2230 2142 2394 2682
16011 4 2 17 29 2257 2200 2172 2591
16012 4 2 17 29 2377 2657 2035 2460
16013 4 2 17 29 2129 2319 2496 2275
16014 4 2 17 29 2347 2419 2108 2504
16015 4 2 17 29 2213 2244 2245 2462
16016 4 2 17 29 2239 2357 2664 2455
16017 4 2 17 29 2082 2449 2286 2628
16018 4 2 17 29 2170 2605 2345 2344
16019 4 2 17 29 2290 2291 2665 2067
16020 4 2 17 29 2357 2116 2373 2534
16021 4 2 17 29 2525 2524 2224 2096
16022 4 2 17 29 2176 2243 2590 2609
16023 4 2 17 29 2129 2508 2603 2496
16024 4 2 17 29 2270 2466 2059 2642
16025 4 2 17 29 2644 2462 2213 2093
16026 4 2 17 29 2458 2624 2264 2202
16027 4 2 17 29 2516 2498 2676 2242
16028 4 2 17 29 2360 2463 2361 2602
16029 4 2 17 29 2390 2526 2092 2325
16030 4 2 17 29 2236 2310 2359 2669
16031 4 2 17 29 2210 2058 2238 2651
16032 4 2 17 29 2190 2191 2318 2514
16033 4 2 17 29 2111 2133 2371 2546
16034 4 2 17 29 2012 2290 2291 2665
16035 4 2 17 29 2671 2612 2161 2446
16036 4 2 17 29 2631 2393 2198 2632
16037 4 2 17 29 2158 2122 2227 2567
16038 4 2 17 29 2301 2689 2518 2668
16039 4 2 17 29 2332 2331 2482 2062
16040 4 2 17 29 2146 2372 2489 2330
16041 4 2 17 29 2157 2133 2039 2547
16042 4 2 17 29 2128 2223 2675 2566
16043 4 2 17 29 2616 2535 2066 2484
16044 4 2 17 29 2262 2182 2300 2594
16045 4 2 17 29 2177 2420 2668 2460
16046 4 2 17 29 2330 2131 2372 2489
16047 4 2 17 29 2356 2132 2595 2171
16048 4 2 17 29 2172 2672 2257 2591
16049 4 2 17 29 2014 2145 2272 2438
16050 4 2 17 29 2236 2310 2669 2670
16051 4 2 17 29 2447 2324 2601 2640
16052 4 2 17 29 2320 2617 2125 2557
16053 4 2 17 29 2429 2322 2010 2375
16054 4 2 17 29 2596 2145 2696 2400
16055 4 2 17 29 2441 2205 1089 2204
16056 4 2 17 29 2524 2327 2091 2224
16057 4 2 17 29 2116 2055 2373 2685
16058 4 2 17 29 2162 2073 2302 2565
16059 4 2 17 29 2387 2688 2222 2095
16060 4 2 17 29 2123 2176 2243 2590
16061 4 2 17 29 2173 2321 2370 2480
16062 4 2 17 29 2555 2268 2126 2381
16063 4 2 17 29 1092 2120 2087 1076
16064 4 2 17 29 2080 2180 2589 2215
16065 4 2 17 29 2688 2089 2487 2222
16066 4 2 17 29 2638 2290 2621 2065
16067 4 2 17 29 2352 2174 2361 2602
16068 4 2 17 29 2653 2196 2010 2343
16069 4 2 17 29 2308 2426 2658 2076
16070 4 2 17 29 2617 2650 2125 2557
16071 4 2 17 29 2188 2187 2104 2560
16072 4 2 17 29 2212 2240 2437 2587
16073 4 2 17 29 2575 2197 2011 2422
16074 4 2 17 29 2145 2695 2596 2696
16075 4 2 17 29 2685 2521 2522 2055
16076 4 2 17 29 2263 2053 2264 2458
16077 4 2 17 29 2065 2621 2616 2484
16078 4 2 17 29 1070 1086 1087 2414
16079 4 2 17 29 2146 2599 2324 2601
16080 4 2 17 29 2360 2174 2602 2361
16081 4 2 17 29 2462 2213 2214 2692
16082 4 2 17 29 2499 2394 2282 2690
16083 4 2 17 29 1066 1083 2157 1082
16084 4 2 17 29 2308 2559 2306 2076
16085 4 2 17 29 2394 2499 2682 2690
16086 4 2 17 29 2676 2516 2242 2069
16087 4 2 17 29 2136 2287 2395 2571
16088 4 2 17 29 2583 2147 2355 2304
16089 4 2 17 29 2526 2092 2613 2388
16090 4 2 17 29 2581 2194 2064 2513
16091 4 2 17 29 2648 2046 2348 2328
16092 4 2 17 29 2460 2668 2177 2659
16093 4 2 17 29 2254 2058 2551 2468
16094 4 2 17 29 2224 2091 2524 2392
16095 4 2 17 29 2409 2648 2348 2474
16096 4 2 17 29 2522 2685 2055 2434
16097 4 2 17 29 2295 2623 2059 2466
16098 4 2 17 29 2197 2575 2686 2269
16099 4 2 17 29 2648 2046 2441 2204
16100 4 2 17 29 2557 2650 2125 2452
16101 4 2 17 29 2142 2282 2510 2317
16102 4 2 17 29 2136 2119 2215 2552
16103 4 2 17 29 2456 2305 2667 2112
16104 4 2 17 29 2121 2042 2347 2574
16105 4 2 17 29 2417 2196 2010 2653
16106 4 2 17 29 2649 2575 2197 2011
16107 4 2 17 29 2244 2213 2288 2462
16108 4 2 17 29 2075 2624 2649 2202
16109 4 2 17 29 2443 2122 2030 2614
16110 4 2 17 29 2178 2231 2301 2518
16111 4 2 17 29 2691 2425 2008 2345
16112 4 2 17 29 2599 2447 2324 2601
16113 4 2 17 29 2490 2071 2404 2338
16114 4 2 17 29 2613 2092 2620 2479
16115 4 2 17 29 2132 2235 2356 2558
16116 4 2 17 29 2372 2489 2599 2146
16117 4 2 17 29 2578 2475 2031 2084
16118 4 2 17 29 2182 2055 2300 2685
16119 4 2 17 29 2288 2098 2351 2660
16120 4 2 17 29 2009 2428 2316 2118
16121 4 2 17 29 2589 1077 1061 2470
16122 4 2 17 29 2308 2559 2658 2306
16123 4 2 17 29 2300 2116 2358 2534
16124 4 2 17 29 2306 2634 2307 2026
16125 4 2 17 29 2621 2065 2130 2484
16126 4 2 17 29 2429 2010 2417 2375
16127 4 2 17 29 2039 2111 2546 2133
16128 4 2 17 29 2155 2085 2473 2277
16129 4 2 17 29 2387 2688 2598 2222
16130 4 2 17 29 2084 2578 2475 2639
16131 4 2 17 29 2285 2477 2611 2610
16132 4 2 17 29 2287 2405 2571 2136
16133 4 2 17 29 2497 2017 2302 2366
16134 4 2 17 29 2616 2272 2514 2065
16135 4 2 17 29 2346 2086 2395 2477
16136 4 2 17 29 2325 2620 2092 2028
16137 4 2 17 29 2034 2161 2229 2671
16138 4 2 17 29 2324 2074 2330 2601
16139 4 2 17 29 2464 2400 2037 2350
16140 4 2 17 29 2690 2682 2142 2510
16141 4 2 17 29 2132 2161 2612 2446
16142 4 2 17 29 2143 2230 2335 2586
16143 4 2 17 29 2344 2169 2604 2345
16144 4 2 17 29 2609 2125 2650 2452
16145 4 2 17 29 2086 2257 2611 2591
16146 4 2 17 29 2253 2551 2625 2254
16147 4 2 17 29 2460 2035 2377 2177
16148 4 2 17 29 2052 2051 2529 2389
16149 4 2 17 29 2673 2620 2325 2028
16150 4 2 17 29 2554 2649 2202 2011
16151 4 2 17 29 2321 2173 2384 2480
16152 4 2 17 29 2256 2156 2495 2379
16153 4 2 17 29 2216 1067 2662 2157
16154 4 2 17 29 2216 2547 2157 2662
16155 4 2 17 29 2062 2252 2331 2482
16156 4 2 17 29 2027 2527 2298 2085
16157 4 2 17 29 2348 2241 2409 2474
16158 4 2 17 29 2525 2363 2097 2096
16159 4 2 17 29 2595 2132 2446 2038
16160 4 2 17 29 2291 2570 2139 2369
16161 4 2 17 29 2291 2542 2665 2067
16162 4 2 17 29 2345 2406 2605 2170
16163 4 2 17 29 2533 2214 2691 2692
16164 4 2 17 29 2645 2412 2577 2113
16165 4 2 17 29 2496 2237 2129 2275
16166 4 2 17 29 2043 2451 2670 2669
16167 4 2 17 29 2223 2237 2603 2566
16168 4 2 17 29 2223 2222 2598 2459
16169 4 2 17 29 2046 2648 2026 2204
16170 4 2 17 29 2447 2047 2563 2599
16171 4 2 17 29 2601 2217 2324 2074
16172 4 2 17 29 2042 2121 2238 2574
16173 4 2 17 29 2413 2049 2414 2530
16174 4 2 17 29 2051 2153 2391 2457
16175 4 2 17 29 2634 2026 2648 2204
16176 4 2 17 29 2492 2323 2444 2094
16177 4 2 17 29 2461 2232 2693 2261
16178 4 2 17 29 2055 2373 2521 2207
16179 4 2 17 29 2289 2043 2627 2451
16180 4 2 17 29 2648 2046 2329 2441
16181 4 2 17 29 2191 2290 2408 2638
16182 4 2 17 29 2216 2133 2547 2415
16183 4 2 17 29 2224 2524 2218 2392
16184 4 2 17 29 2516 2446 2229 2228
16185 4 2 17 29 2032 2582 2292 2151
16186 4 2 17 29 2229 2034 2671 2516
16187 4 2 17 29 2308 2559 2076 2658
16188 4 2 17 29 2564 2670 2511 2110
16189 4 2 17 29 2425 2376 2692 2008
16190 4 2 17 29 2693 2036 2663 2261
16191 4 2 17 29 2231 2178 2326 2518
16192 4 2 17 29 2210 2023 2225 2465
16193 4 2 17 29 2626 2149 2632 2031
16194 4 2 17 29 2459 2223 2603 2566
16195 4 2 17 29 2270 2642 2271 2068
16196 4 2 17 29 2182 2183 2055 2434
16197 4 2 17 29 2034 2498 2516 2242
16198 4 2 17 29 2042 2628 2286 2419
16199 4 2 17 29 2599 2048 2372 2146
16200 4 2 17 29 2027 2527 2224 2524
16201 4 2 17 29 2009 2118 2340 2428
16202 4 2 17 29 2497 2277 2017 2366
16203 4 2 17 29 2645 2456 2112 2413
16204 4 2 17 29 2254 2551 2625 2468
16205 4 2 17 29 2605 2406 2384 2170
16206 4 2 17 29 2237 2603 2566 2496
16207 4 2 17 29 2101 1078 1062 2221
16208 4 2 17 29 2217 2169 2368 2528
16209 4 2 17 29 2334 2537 2329 2639
16210 4 2 17 29 2496 2319 2622 2275
16211 4 2 17 29 2348 2328 2401 2536
16212 4 2 17 29 2140 2044 2176 2609
16213 4 2 17 29 2077 2539 2308 2658
16214 4 2 17 29 2689 2178 2518 2519
16215 4 2 17 29 2237 2223 2128 2566
16216 4 2 17 29 2498 2242 2203 2676
16217 4 2 17 29 2311 2228 2516 2069
16218 4 2 17 29 2625 2573 2254 2468
16219 4 2 17 29 2211 2351 2352 2469
16220 4 2 17 29 2261 2663 2461 2549
16221 4 2 17 29 2306 2634 2539 2307
16222 4 2 17 29 2195 2418 2635 2108
16223 4 2 17 29 2289 2451 2575 2197
16224 4 2 17 29 2552 2478 2119 2180
16225 4 2 17 29 2119 2136 2610 2552
16226 4 2 17 29 2272 2438 2145 2695
16227 4 2 17 29 2552 2120 2507 2610
16228 4 2 17 29 2254 2573 2628 2468
16229 4 2 17 29 2369 2139 2383 2570
16230 4 2 17 29 2496 2566 2237 2275
16231 4 2 17 29 2695 2272 2616 2066
16232 4 2 17 29 2469 2212 2587 2211
16233 4 2 17 29 1074 1090 2380 2205
16234 4 2 17 29 2059 2295 2466 2270
16235 4 2 17 29 2552 2119 2215 2180
16236 4 2 17 29 2647 2148 2313 2353
16237 4 2 17 29 2232 2036 2326 2693
16238 4 2 17 29 2285 2136 2395 2610
16239 4 2 17 29 2344 2605 2345 2604
16240 4 2 17 29 2492 2443 2030 2614
16241 4 2 17 29 2058 2225 2253 2551
16242 4 2 17 29 2658 2306 2539 2308
16243 4 2 17 29 2082 2449 2041 2286
16244 4 2 17 29 2463 2405 2360 2215
16245 4 2 17 29 2389 2051 2529 2678
16246 4 2 17 29 2665 2638 2067 2562
16247 4 2 17 29 2039 2448 2619 2505
16248 4 2 17 29 2413 2530 2051 2457
16249 4 2 17 29 2491 2385 2393 2149
16250 4 2 17 29 2373 2055 2521 2685
16251 4 2 17 29 2172 2217 2324 2640
16252 4 2 17 29 2282 2394 2682 2690
16253 4 2 17 29 2106 2186 2251 2531
16254 4 2 17 29 2645 2530 2456 2413
16255 4 2 17 29 2146 2599 2047 2324
16256 4 2 17 29 2215 2360 2463 2080
16257 4 2 17 29 2319 2072 2617 2622
16258 4 2 17 29 2240 2689 2365 2437
16259 4 2 17 29 2037 2464 2663 2549
16260 4 2 17 29 2185 2195 2418 2635
16261 4 2 17 29 2249 2320 2125 2557
16262 4 2 17 29 2010 2109 2572 2343
16263 4 2 17 29 2275 2072 2319 2622
16264 4 2 17 29 2125 2609 2044 2452
16265 4 2 17 29 2566 2128 2237 2275
16266 4 2 17 29 2446 2161 2671 2229
16267 4 2 17 29 2449 2082 2573 2628
16268 4 2 17 29 2412 2112 2413 2645
16269 4 2 17 29 2186 2106 2396 2531
16270 4 2 17 29 2562 2638 2067 2621
16271 4 2 17 29 2039 2188 2209 2619
16272 4 2 17 29 2663 2461 2693 2261
16273 4 2 17 29 2035 2501 2657 2316
16274 4 2 17 29 2437 2240 2689 2519
16275 4 2 17 29 2535 2695 2616 2066
16276 4 2 17 29 2201 2315 2614 2030
16277 4 2 17 29 2308 2673 2028 2658
16278 4 2 17 29 2689 2301 2518 2178
16279 4 2 17 29 2100 2101 1078 1062
16280 4 2 17 29 2444 2626 2031 2578
16281 4 2 17 29 2205 2329 2046 2441
16282 4 2 17 29 2212 2587 2211 2099
16283 4 2 17 29 2051 2414 2530 2413
16284 4 2 17 29 2586 2142 2230 2682
16285 4 2 17 29 2441 2046 2205 2204
16286 4 2 17 29 2663 2261 2037 2549
16287 4 2 17 29 2139 2063 2295 2623
16288 4 2 17 29 2229 2034 2516 2228
16289 4 2 17 29 2617 2320 2249 2557
16290 4 2 17 29 2434 2182 2183 2089
16291 4 2 17 29 2503 2105 2208 2209
16292 4 2 17 29 2164 2399 2577 2412
16293 4 2 17 29 2200 2172 2591 2640
16294 4 2 17 29 2658 2308 2561 2028
16295 4 2 17 29 2206 2112 2667 2305
16296 4 2 17 29 2478 2087 2120 2119
16297 4 2 17 29 2218 2363 2525 2096
16298 4 2 17 29 2542 2665 2067 2562
16299 4 2 17 29 2183 1086 1070 2522
16300 4 2 17 29 2442 1065 1081 2643
16301 4 2 17 29 2185 2208 2398 2503
16302 4 2 17 29 2518 2178 2232 2519
16303 4 2 17 29 2208 2104 2503 2209
16304 4 2 17 29 2632 2626 2031 2444
16305 4 2 17 29 2328 2329 2029 2537
16306 4 2 17 29 2278 2216 2662 2452
16307 4 2 17 29 2270 2061 2295 2466
16308 4 2 17 29 2689 2240 2178 2519
16309 4 2 17 29 2109 2572 2343 2251
16310 4 2 17 29 2116 2357 2358 2534
16311 4 2 17 29 2672 2257 2591 2611
16312 4 2 17 29 1090 2380 2323 1074
16313 4 2 17 29 2643 2059 2543 2623
16314 4 2 17 29 2386 2196 2417 2653
16315 4 2 17 29 2104 2503 2209 2619
16316 4 2 17 29 2161 2132 2229 2446
16317 4 2 17 29 2031 2632 2444 2094
16318 4 2 17 29 2483 2307 2540 2154
16319 4 2 17 29 2578 2639 2205 2441
16320 4 2 17 29 2113 2399 2412 2577
16321 4 2 17 29 2205 1073 1089 2204
16322 4 2 17 29 2250 2448 2188 2039
16323 4 2 17 29 2583 2367 2313 2147
16324 4 2 17 29 2063 2623 2542 2488
16325 4 2 17 29 2400 2464 2037 2696
16326 4 2 17 29 2456 2049 2112 2413
16327 4 2 17 29 2249 2319 2320 2617
16328 4 2 17 29 2172 2640 2447 2591
16329 4 2 17 29 2603 2237 2129 2496
16330 4 2 17 29 2568 2048 2492 2443
16331 4 2 17 29 2601 2217 2640 2324
16332 4 2 17 29 2205 2639 2329 2441
16333 4 2 17 29 2201 2030 2490 2338
16334 4 2 17 29 2452 2661 2216 2662
16335 4 2 17 29 2113 2412 2413 2645
16336 4 2 17 29 2587 2212 2240 2099
16337 4 2 17 29 2645 2413 2391 2457
16338 4 2 17 29 2308 2077 2561 2028
16339 4 2 17 29 2046 2409 2648 2348
16340 4 2 17 29 2562 2621 2130 2484
16341 4 2 17 29 2330 2324 2601 2146
16342 4 2 17 29 2182 2055 2685 2434
16343 4 2 17 29 2503 2208 2105 2041
16344 4 2 17 29 2672 2172 2447 2591
16345 4 2 17 29 2447 2047 2172 2257
16346 4 2 17 29 2188 2104 2209 2619
16347 4 2 17 29 2487 2656 2089 2688
16348 4 2 17 29 2163 2620 2092 2479
16349 4 2 17 29 2249 2557 2127 2467
16350 4 2 17 29 1087 1071 2052 2479
16351 4 2 17 29 2037 2350 2410 2464
16352 4 2 17 29 2640 2447 2324 2172
16353 4 2 17 29 2625 2573 2442 2060
16354 4 2 17 29 2089 2486 2688 2656
16355 4 2 17 29 2060 2442 2625 2271
16356 4 2 17 29 2163 2620 2561 2028
16357 4 2 17 29 2535 1079 1063 2484
16358 4 2 17 29 2129 1085 1069 2508
16359 4 2 17 29 2503 2105 2449 2041
16360 4 2 17 29 1091 1075 2323 2492
16361 4 2 17 29 2323 2492 2030 2094
16362 4 2 17 29 2447 2172 2672 2257
16363 4 2 17 29 1077 2180 2589 1061
16364 4 2 17 29 2619 2503 2105 2505
16365 4 2 17 29 2100 2232 2178 2519
16366 4 2 17 29 2119 2478 2087 2180
16367 4 2 17 29 2329 2029 2537 2334
16368 4 2 17 29 2656 2434 2487 2089
16369 4 2 17 29 2026 2409 2648 2046
16370 4 2 17 29 2588 2211 2587 2099
16371 4 2 17 29 2613 2052 2529 2389
16372 4 2 17 29 2201 2490 2404 2338
16373 4 2 17 29 2099 2100 1078 1062
16374 4 2 17 29 2056 2487 2089 2222
16375 4 2 17 29 2178 2240 2100 2519
16376 4 2 17 29 2587 2588 2099 2470
16377 4 2 17 29 2672 2507 2120 2611
16378 4 2 17 29 2578 2031 2444 2380
16379 4 2 17 29 2319 2072 2320 2617
16380 4 2 17 29 2599 2048 2568 2372
16381 4 2 17 29 2130 1063 1079 2484
16382 4 2 17 29 2614 2030 2490 2201
16383 4 2 17 29 2188 2039 2448 2619
16384 4 2 17 29 2207 2456 2049 2305
16385 4 2 17 29 2470 2099 1078 1062
16386 4 2 17 29 2308 2561 2077 2658
16387 4 2 17 29 2563 2599 2048 2568
16388 4 2 17 29 2049 2521 2456 2207
16389 4 2 17 29 1065 2543 1081 2643
16390 4 2 17 29 2535 2696 2695 2066
16391 4 2 17 29 2539 2077 2561 2658
16392 4 2 17 29 1075 1091 2563 2492
16393 4 2 17 29 2227 2568 2048 2372
16394 4 2 17 29 2361 2463 2360 2080
16395 4 2 17 29 2221 1079 1063 2535
16396 4 2 17 29 2521 2522 2049 2456
16397 4 2 17 29 2414 1087 1071 2052
16398 4 2 17 29 2305 2456 2049 2112
16399 4 2 17 29 2562 2067 2542 2488
16400 4 2 17 29 2055 2183 2522 2434
16401 4 2 17 29 2588 2463 2361 2080
16402 4 2 17 29 2562 2067 2488 2299
16403 4 2 17 29 2459 2056 2508 2603
16404 4 2 17 29 2307 2077 2483 2539
16405 4 2 17 29 2589 2215 2463 2080
16406 4 2 17 29 2049 2456 2530 2413
16407 4 2 17 29 2447 2047 2599 2324
16408 4 2 17 29 2540 2307 2634 2204
16409 4 2 17 29 2175 2543 1081 1065
16410 4 2 17 29 2452 2125 2557 2278
16411 4 2 17 29 2540 1089 1073 2204
16412 4 2 17 29 1083 2157 2662 1067
16413 4 2 17 29 2183 2487 2434 2089
16414 4 2 17 29 2447 2047 2324 2172
16415 4 2 17 29 2100 2101 2232 2519
16416 4 2 17 29 2240 2099 2100 2519
16417 4 2 17 29 2583 2355 2506 2432
16418 4 2 17 29 1075 2047 2048 2563
16419 4 2 17 29 2652 2313 2583 2647
16420 4 2 17 29 2579 2435 2248 2494
16421 4 2 17 29 1061 2099 2470 1062
16422 4 2 17 29 2421 2584 2246 2367
16423 4 2 17 29 2355 2433 2583 2506
16424 4 2 17 29 191 1084 2467 2127
16425 4 2 17 29 1090 2492 2323 2444
16426 4 2 17 29 192 2483 2540 2154
16427 4 2 17 29 2421 2471 2166 2374
16428 4 2 17 29 2421 2166 2471 2618
16429 4 2 17 29 2313 2421 2353 2007
16430 4 2 17 29 2353 2421 2313 2647
16431 4 2 17 29 190 2488 2175 2299
16432 4 2 17 29 190 2175 2488 2543
16433 4 2 17 29 2029 2181 2473 2411
16434 4 2 17 29 2473 2181 2029 2536
16435 4 2 17 29 2473 2537 2029 2411
16436 4 2 17 29 2029 2537 2473 2536
16437 4 2 17 29 192 2540 188 2154
16438 4 2 17 29 192 188 2540 1089
16439 4 2 17 29 1073 188 2540 2154
16440 4 2 17 29 1073 2540 188 1089
16441 4 2 17 29 2261 2549 2232 2101
16442 4 2 17 29 2261 2232 2549 2461
16443 4 2 17 29 2519 2232 2549 2101
16444 4 2 17 29 2519 2549 2232 2461
16445 4 2 17 29 2446 2494 2228 2516
16446 4 2 17 29 2228 2494 2446 2038
16447 4 2 17 29 2189 2284 2431 2654
16448 4 2 17 29 2189 2431 2284 2013
16449 4 2 17 29 2564 2506 2015 2432
16450 4 2 17 29 2015 2506 2564 2274
16451 4 2 17 29 2127 2129 1085 1069
16452 4 2 17 29 1085 2129 2127 2467
16453 4 2 17 29 2105 2039 2619 2505
16454 4 2 17 29 2105 2619 2039 2209
16455 4 2 17 29 2129 2056 2603 2508
16456 4 2 17 29 2129 2603 2056 2237
16457 4 2 17 29 2494 2425 2171 2376
16458 4 2 17 29 2171 2425 2494 2595
16459 4 2 17 29 2171 2038 2494 2376
16460 4 2 17 29 2494 2038 2171 2595
16461 4 2 17 29 2482 2339 2137 2550
16462 4 2 17 29 2482 2137 2339 2331
16463 4 2 17 29 2479 2561 1072 2163
16464 4 2 17 29 1072 2561 2479 1088
16465 4 2 17 29 2048 2047 2599 2563
16466 4 2 17 29 2048 2599 2047 2146
16467 4 2 17 29 2354 2421 2647 2580
16468 4 2 17 29 2647 2421 2354 2353
16469 4 2 17 29 2647 2168 2354 2580
16470 4 2 17 29 2354 2168 2647 2353
16471 4 2 17 29 2451 2506 2197 2274
16472 4 2 17 29 2197 2506 2451 2575
16473 4 2 17 29 2061 2550 2270 2339
16474 4 2 17 29 2061 2270 2550 2466
16475 4 2 17 29 2127 2278 1084 2557
16476 4 2 17 29 2127 1084 2278 1068
16477 4 2 17 29 2677 2053 2262 2263
16478 4 2 17 29 2677 2262 2053 2594
16479 4 2 17 29 2074 2489 2235 2330
16480 4 2 17 29 2074 2235 2489 2558
16481 4 2 17 29 2646 2381 2159 2472
16482 4 2 17 29 2646 2159 2381 2126
16483 4 2 17 29 2080 2588 2099 2211
16484 4 2 17 29 2294 2615 2580 2167
16485 4 2 17 29 2580 2615 2294 2435
16486 4 2 17 29 1065 2059 2543 2643
16487 4 2 17 29 1065 2543 2059 2175
16488 4 2 17 29 1061 2589 2099 2080
16489 4 2 17 29 1061 2099 2589 2470
16490 4 2 17 29 2588 2099 2589 2080
16491 4 2 17 29 2588 2589 2099 2470
16492 4 2 17 29 1065 2060 1082 1066
16493 4 2 17 29 1082 2060 1065 2442
16494 4 2 17 29 2435 2248 2516 2018
16495 4 2 17 29 2435 2516 2248 2494
16496 4 2 17 29 2228 2516 2248 2018
16497 4 2 17 29 2228 2248 2516 2494
16498 4 2 17 29 2556 2022 2109 2189
16499 4 2 17 29 2556 2109 2022 2454
16500 4 2 17 29 2105 2157 1082 1066
16501 4 2 17 29 1082 2157 2105 2505
16502 4 2 17 29 2048 1075 2492 2323
16503 4 2 17 29 2048 2492 1075 2563
16504 4 2 17 29 1072 2483 188 2154
16505 4 2 17 29 1072 188 2483 1088
16506 4 2 17 29 192 188 2483 2154
16507 4 2 17 29 192 2483 188 1088
16508 4 2 17 29 2056 1069 1086 2508
16509 4 2 17 29 1086 1069 2056 1070
16510 4 2 17 29 2183 2056 1086 2487
16511 4 2 17 29 2183 1086 2056 1070
16512 4 2 17 29 2212 2660 2469 2569
16513 4 2 17 29 2212 2469 2660 2351
16514 4 2 17 29 2519 2099 1078 2470
16515 4 2 17 29 2519 1078 2099 2100
16516 4 2 17 29 2356 2528 2074 2368
16517 4 2 17 29 2074 2528 2356 2558
16518 4 2 17 29 2103 2655 2544 2545
16519 4 2 17 29 2544 2655 2103 2342
16520 4 2 17 29 2047 2120 1092 1076
16521 4 2 17 29 2443 2030 2048 2492
16522 4 2 17 29 2048 2030 2443 2122
16523 4 2 17 29 2120 2478 1092 2087
16524 4 2 17 29 2120 1092 2478 2507
16525 4 2 17 29 2158 2679 2498 2203
16526 4 2 17 29 2158 2498 2679 2567
16527 4 2 17 29 2105 2082 1082 2449
16528 4 2 17 29 2105 1082 2082 1066
16529 4 2 17 29 2202 2677 2266 2263
16530 4 2 17 29 2202 2266 2677 2554
16531 4 2 17 29 2375 2502 2322 2057
16532 4 2 17 29 2375 2322 2502 2429
16533 4 2 17 29 2505 2547 2039 2448
16534 4 2 17 29 2039 2547 2505 2157
16535 4 2 17 29 2214 2660 2098 2288
16536 4 2 17 29 2214 2098 2660 2533
16537 4 2 17 29 1087 2530 2052 2414
16538 4 2 17 29 1087 2052 2530 2529
16539 4 2 17 29 2051 2052 2530 2414
16540 4 2 17 29 2051 2530 2052 2529
16541 4 2 17 29 2447 1092 2120 2507
16542 4 2 17 29 2120 1092 2447 2047
16543 4 2 17 29 2120 2672 2447 2507
16544 4 2 17 29 2273 2572 2454 2109
16545 4 2 17 29 2273 2454 2572 2633
16546 4 2 17 29 2138 2431 2189 2013
16547 4 2 17 29 2189 2431 2138 2548
16548 4 2 17 29 2614 2122 2679 2443
16549 4 2 17 29 2614 2679 2122 2315
16550 4 2 17 29 2060 2082 1082 1066
16551 4 2 17 29 2060 1082 2082 2573
16552 4 2 17 29 2431 2194 2138 2515
16553 4 2 17 29 2431 2138 2194 2013
16554 4 2 17 29 2664 2114 2239 2523
16555 4 2 17 29 2664 2239 2114 2054
16556 4 2 17 29 2556 2322 2010 2429
16557 4 2 17 29 2556 2010 2322 2189
16558 4 2 17 29 2651 2057 2574 2238
16559 4 2 17 29 2651 2574 2057 2502
16560 4 2 17 29 2166 2471 2115 2021
16561 4 2 17 29 2166 2115 2471 2618
16562 4 2 17 29 2299 2130 1080 2562
16563 4 2 17 29 2299 1080 2130 1064
16564 4 2 17 29 2462 2288 2214 2213
16565 4 2 17 29 2462 2214 2288 2660
16566 4 2 17 29 2087 2180 1077 1061
16567 4 2 17 29 1077 2180 2087 2478
16568 4 2 17 29 2493 2124 2269 2160
16569 4 2 17 29 2493 2269 2124 2686
16570 4 2 17 29 2037 2535 2549 2221
16571 4 2 17 29 2549 2535 2037 2696
16572 4 2 17 29 2431 2143 2142 2013
16573 4 2 17 29 2431 2142 2143 2586
16574 4 2 17 29 2663 2410 2037 2261
16575 4 2 17 29 2037 2410 2663 2464
16576 4 2 17 29 2628 2082 2254 2286
16577 4 2 17 29 2628 2254 2082 2573
16578 4 2 17 29 2043 2669 2627 2451
16579 4 2 17 29 2043 2627 2669 2236
16580 4 2 17 29 2511 2110 2450 2564
16581 4 2 17 29 2450 2110 2511 2280
16582 4 2 17 29 2443 2227 2048 2122
16583 4 2 17 29 2048 2227 2443 2568
16584 4 2 17 29 2487 2459 2222 2056
16585 4 2 17 29 2222 2459 2487 2688
16586 4 2 17 29 2197 2686 2289 2124
16587 4 2 17 29 2289 2686 2197 2575
16588 4 2 17 29 2257 2447 2120 2672
16589 4 2 17 29 2257 2120 2447 2047
16590 4 2 17 29 2546 2039 2250 2111
16591 4 2 17 29 2546 2250 2039 2448
16592 4 2 17 29 2483 2561 1072 1088
16593 4 2 17 29 2483 1072 2561 2077
16594 4 2 17 29 2129 2249 2496 2319
16595 4 2 17 29 2129 2496 2249 2467
16596 4 2 17 29 2617 2496 2249 2319
16597 4 2 17 29 2617 2249 2496 2467
16598 4 2 17 29 2055 2049 2521 2522
16599 4 2 17 29 2521 2049 2055 2207
16600 4 2 17 29 2519 2587 2240 2099
16601 4 2 17 29 2519 2240 2587 2437
16602 4 2 17 29 2223 2603 2056 2459
16603 4 2 17 29 2056 2603 2223 2237
16604 4 2 17 29 2610 2120 2611 2285
16605 4 2 17 29 2610 2611 2120 2507
16606 4 2 17 29 2039 2547 2546 2448
16607 4 2 17 29 2546 2547 2039 2133
16608 4 2 17 29 2374 2021 2585 2471
16609 4 2 17 29 2585 2021 2374 2247
16610 4 2 17 29 2585 2421 2374 2471
16611 4 2 17 29 2374 2421 2585 2247
16612 4 2 17 29 2060 1065 2643 2059
16613 4 2 17 29 2060 2643 1065 2442
16614 4 2 17 29 2642 2271 2643 2059
16615 4 2 17 29 2642 2643 2271 2442
16616 4 2 17 29 2271 2060 2643 2059
16617 4 2 17 29 2271 2643 2060 2442
16618 4 2 17 29 2175 2488 2623 2063
16619 4 2 17 29 2623 2488 2175 2543
16620 4 2 17 29 2623 2059 2175 2063
16621 4 2 17 29 2175 2059 2623 2543
16622 4 2 18 30 2649 2458 2624 3314
16623 4 2 18 30 2538 2627 2481 3302
16624 4 2 18 30 2479 2620 2613 3306
16625 4 2 18 30 2582 2445 2597 3275
16626 4 2 18 30 2740 3248 3247 3251
16627 4 2 18 30 2536 2474 2648 3294
16628 4 2 18 30 2422 2687 2555 3308
16629 4 2 18 30 3246 3247 2737 3248
16630 4 2 18 30 2585 2454 2584 3278
16631 4 2 18 30 2586 2431 2510 3297
16632 4 2 18 30 2745 3248 2716 3253
16633 4 2 18 30 2741 3250 3247 3254
16634 4 2 18 30 2493 2555 2687 3286
16635 4 2 18 30 2627 2546 2481 3303
16636 4 2 18 30 2611 2610 2477 3304
16637 4 2 18 30 2651 2502 2465 3274
16638 4 2 18 30 2586 2431 3297 3298
16639 4 2 18 30 2739 2745 2716 3253
16640 4 2 18 30 2716 3248 2707 3253
16641 4 2 18 30 3247 3248 3246 3262
16642 4 2 18 30 2506 2649 2624 3265
16643 4 2 18 30 2581 2515 2513 3284
16644 4 2 18 30 2716 2710 2739 3253
16645 4 2 18 30 2513 3284 2515 3298
16646 4 2 18 30 2632 2490 2631 3313
16647 4 2 18 30 2577 2423 2523 3292
16648 4 2 18 30 2493 2686 2538 3302
16649 4 2 18 30 2740 3247 2743 3251
16650 4 2 18 30 2740 2737 3247 3248
16651 4 2 18 30 2730 3247 3252 3254
16652 4 2 18 30 2741 3247 2730 3254
16653 4 2 18 30 2741 2721 3250 3254
16654 4 2 18 30 2741 2736 2730 3247
16655 4 2 18 30 2596 2696 2695 3298
16656 4 2 18 30 3247 3250 2743 3251
16657 4 2 18 30 2474 2634 2648 3281
16658 4 2 18 30 3268 3278 3248 3288
16659 4 2 18 30 2551 2550 2642 3274
16660 4 2 18 30 2514 2616 2621 3284
16661 4 2 18 30 2448 2547 2546 3303
16662 4 2 18 30 2574 2502 2651 3273
16663 4 2 18 30 2447 2563 3259 3304
16664 4 2 18 30 2648 2634 2540 3281
16665 4 2 18 30 2710 3246 2739 3253
16666 4 2 18 30 2548 2465 2502 3274
16667 4 2 18 30 2740 2743 2726 3251
16668 4 2 18 30 2560 2619 2684 3303
16669 4 2 18 30 2559 2474 2485 3294
16670 4 2 18 30 3246 3253 2710 3255
16671 4 2 18 30 2711 3248 3251 3257
16672 4 2 18 30 2740 2711 3248 3251
16673 4 2 18 30 2706 2742 3246 3249
16674 4 2 18 30 2493 2590 2555 3286
16675 4 2 18 30 2653 2504 2635 3307
16676 4 2 18 30 2471 2510 2654 3285
16677 4 2 18 30 2740 2726 2720 3251
16678 4 2 18 30 2649 2554 2458 3314
16679 4 2 18 30 2667 2577 2523 3269
16680 4 2 18 30 2706 3246 2697 3249
16681 4 2 18 30 2551 2468 2651 3273
16682 4 2 18 30 2627 2538 2451 3303
16683 4 2 18 30 2742 3247 3246 3249
16684 4 2 18 30 2443 2492 2568 3279
16685 4 2 18 30 1077 2470 2589 3287
16686 4 2 18 30 2551 2651 2465 3274
16687 4 2 18 30 2741 2730 2721 3254
16688 4 2 18 30 2502 2429 2548 3307
16689 4 2 18 30 2540 3276 2648 3281
16690 4 2 18 30 3258 2563 3280 3304
16691 4 2 18 30 2493 2687 2686 3265
16692 4 2 18 30 2487 2508 2718 3312
16693 4 2 18 30 2684 2619 2448 3303
16694 4 2 18 30 2551 2625 2468 3273
16695 4 2 18 30 3247 3268 3248 3288
16696 4 2 18 30 2624 2458 2576 3268
16697 4 2 18 30 2544 2629 2427 3305
16698 4 2 18 30 2628 2635 2504 3273
16699 4 2 18 30 2717 2726 2743 3251
16700 4 2 18 30 2544 2545 2655 3296
16701 4 2 18 30 2561 2620 2479 3281
16702 4 2 18 30 2582 2476 2424 3296
16703 4 2 18 30 2642 2550 2466 3274
16704 4 2 18 30 2632 2444 2490 3313
16705 4 2 18 30 2517 2592 2428 3297
16706 4 2 18 30 2642 2625 2551 3311
16707 4 2 18 30 2605 2477 2571 3287
16708 4 2 18 30 2538 2627 3302 3303
16709 4 2 18 30 2540 2441 2648 3276
16710 4 2 18 30 2494 2595 2425 3301
16711 4 2 18 30 2718 3270 3266 3312
16712 4 2 18 30 2637 2497 2473 3296
16713 4 2 18 30 2613 2440 2678 3306
16714 4 2 18 30 2493 2538 2600 3302
16715 4 2 18 30 1084 2452 2662 3302
16716 4 2 18 30 2714 3257 2725 3270
16717 4 2 18 30 2510 2682 2586 3297
16718 4 2 18 30 2576 2458 2534 3300
16719 4 2 18 30 2613 2678 3263 3306
16720 4 2 18 30 2570 2482 2430 3284
16721 4 2 18 30 2505 2547 2448 3264
16722 4 2 18 30 2613 2678 2529 3263
16723 4 2 18 30 2567 2443 2568 3279
16724 4 2 18 30 2733 3247 2744 3249
16725 4 2 18 30 2431 2586 2513 3298
16726 4 2 18 30 2452 1084 2557 3286
16727 4 2 18 30 2740 2745 2737 3248
16728 4 2 18 30 2544 2476 2439 3271
16729 4 2 18 30 2633 2572 2450 3307
16730 4 2 18 30 2454 2572 2633 3307
16731 4 2 18 30 2667 2523 2664 3300
16732 4 2 18 30 2568 3279 3258 3280
16733 4 2 18 30 3247 3251 3248 3268
16734 4 2 18 30 2474 3281 2648 3294
16735 4 2 18 30 3258 3259 2563 3304
16736 4 2 18 30 2508 3270 2718 3312
16737 4 2 18 30 2740 2720 2711 3251
16738 4 2 18 30 2627 2481 3302 3303
16739 4 2 18 30 2450 2564 2633 3303
16740 4 2 18 30 2740 2737 2743 3247
16741 4 2 18 30 2574 2504 2653 3307
16742 4 2 18 30 2711 2713 2740 3248
16743 4 2 18 30 2641 2491 2631 3313
16744 4 2 18 30 2506 2451 2575 3265
16745 4 2 18 30 2736 2741 2744 3247
16746 4 2 18 30 2422 2553 2554 3308
16747 4 2 18 30 2688 2459 2487 3314
16748 4 2 18 30 2546 2684 2448 3303
16749 4 2 18 30 2595 2558 2528 3304
16750 4 2 18 30 2637 2473 2537 3294
16751 4 2 18 30 2667 2645 2577 3269
16752 4 2 18 30 2678 2457 2529 3292
16753 4 2 18 30 2723 2741 2721 3250
16754 4 2 18 30 2680 2593 2440 3292
16755 4 2 18 30 2474 2536 2485 3294
16756 4 2 18 30 2737 3246 2742 3247
16757 4 2 18 30 2545 2544 2427 3305
16758 4 2 18 30 2445 2582 2500 3275
16759 4 2 18 30 2482 2581 2430 3284
16760 4 2 18 30 2701 3246 2710 3255
16761 4 2 18 30 3248 3253 3246 3262
16762 4 2 18 30 2636 2608 2426 3306
16763 4 2 18 30 3287 3291 2470 3295
16764 4 2 18 30 2612 2671 2567 3280
16765 4 2 18 30 2694 2480 2571 3287
16766 4 2 18 30 2557 2714 3270 3286
16767 4 2 18 30 2466 2482 2570 3283
16768 4 2 18 30 2743 3250 2717 3251
16769 4 2 18 30 2502 2574 2429 3307
16770 4 2 18 30 2742 2738 3247 3249
16771 4 2 18 30 2554 2649 2422 3265
16772 4 2 18 30 2706 2738 2742 3249
16773 4 2 18 30 2582 2424 2641 3296
16774 4 2 18 30 2444 2578 2732 3313
16775 4 2 18 30 2701 2739 2710 3246
16776 4 2 18 30 2472 2622 2646 3308
16777 4 2 18 30 2600 2538 2481 3302
16778 4 2 18 30 2450 2531 2560 3272
16779 4 2 18 30 2575 2538 2686 3265
16780 4 2 18 30 2743 3247 2741 3250
16781 4 2 18 30 2506 2433 2583 3268
16782 4 2 18 30 2716 2707 2710 3253
16783 4 2 18 30 2593 2678 2440 3292
16784 4 2 18 30 2532 2445 2500 3279
16785 4 2 18 30 2629 3267 2439 3293
16786 4 2 18 30 1087 2479 2529 3263
16787 4 2 18 30 2727 3252 2733 3258
16788 4 2 18 30 2571 2477 2610 3287
16789 4 2 18 30 2627 2669 2546 3303
16790 4 2 18 30 2624 2433 2506 3268
16791 4 2 18 30 2624 2458 3268 3314
16792 4 2 18 30 2492 2614 2490 3279
16793 4 2 18 30 2569 2660 2469 3295
16794 4 2 18 30 2455 2523 2509 3293
16795 4 2 18 30 2588 3287 2470 3295
16796 4 2 18 30 2611 3259 2610 3304
16797 4 2 18 30 2739 2742 2737 3246
16798 4 2 18 30 3248 3278 3262 3288
16799 4 2 18 30 2516 2597 2445 3279
16800 4 2 18 30 2603 2459 2566 3308
16801 4 2 18 30 2564 2451 2506 3303
16802 4 2 18 30 2697 2706 2703 3246
16803 4 2 18 30 2492 3258 2568 3279
16804 4 2 18 30 2544 2439 2629 3267
16805 4 2 18 30 2456 2645 2667 3269
16806 4 2 18 30 2687 2422 2686 3265
16807 4 2 18 30 2515 2581 2482 3274
16808 4 2 18 30 2744 3247 2738 3249
16809 4 2 18 30 2465 2548 2515 3274
16810 4 2 18 30 2480 2605 2571 3287
16811 4 2 18 30 2595 2425 3301 3304
16812 4 2 18 30 2465 2550 2551 3274
16813 4 2 18 30 2494 2425 2644 3301
16814 4 2 18 30 2454 2585 2556 3282
16815 4 2 18 30 2514 2630 2607 3298
16816 4 2 18 30 2524 2636 2527 3306
16817 4 2 18 30 2723 2743 2741 3250
16818 4 2 18 30 2479 2613 2529 3263
16819 4 2 18 30 2711 3251 2720 3257
16820 4 2 18 30 2507 2610 2611 3259
16821 4 2 18 30 2583 2433 2652 3268
16822 4 2 18 30 2580 2615 2435 3271
16823 4 2 18 30 2653 2635 2531 3307
16824 4 2 18 30 2733 2744 2738 3249
16825 4 2 18 30 2578 3276 2732 3313
16826 4 2 18 30 2632 2631 2491 3313
16827 4 2 18 30 2706 2742 2703 3246
16828 4 2 18 30 2458 2594 2534 3312
16829 4 2 18 30 2736 2744 2727 3247
16830 4 2 18 30 2477 2605 2604 3304
16831 4 2 18 30 2529 3269 3263 3292
16832 4 2 18 30 2739 2701 2703 3246
16833 4 2 18 30 2706 2700 2738 3249
16834 4 2 18 30 2439 2615 2580 3271
16835 4 2 18 30 2628 2504 2574 3273
16836 4 2 18 30 2456 2667 2521 3300
16837 4 2 18 30 2476 2582 2597 3271
16838 4 2 18 30 2693 2517 2659 3289
16839 4 2 18 30 2437 2569 2587 3309
16840 4 2 18 30 2664 2523 2455 3300
16841 4 2 18 30 2588 2589 2470 3287
16842 4 2 18 30 2657 2659 2517 3289
16843 4 2 18 30 2651 2468 2574 3273
16844 4 2 18 30 2581 2513 2630 3284
16845 4 2 18 30 2741 2749 2721 2730
16846 4 2 18 30 2739 2746 2701 2710
16847 4 2 18 30 2711 2740 2747 2720
16848 4 2 18 30 2727 3247 2733 3252
16849 4 2 18 30 2725 3257 2718 3270
16850 4 2 18 30 2453 2647 2652 3293
16851 4 2 18 30 3268 3288 3250 3293
16852 4 2 18 30 2713 2745 2740 3248
16853 4 2 18 30 2680 2606 2525 3306
16854 4 2 18 30 2646 2555 2472 3308
16855 4 2 18 30 2537 2473 2536 3294
16856 4 2 18 30 2474 2559 2634 3281
16857 4 2 18 30 3250 3251 3247 3268
16858 4 2 18 30 2533 2674 2660 3301
16859 4 2 18 30 2512 2427 2629 3305
16860 4 2 18 30 2567 2679 2443 3279
16861 4 2 18 30 2641 2631 2500 3275
16862 4 2 18 30 2450 2560 2511 3303
16863 4 2 18 30 3247 3248 3262 3288
16864 4 2 18 30 2570 2430 2665 3284
16865 4 2 18 30 1084 2714 2557 3286
16866 4 2 18 30 2624 2506 3265 3268
16867 4 2 18 30 2582 2641 2500 3275
16868 4 2 18 30 2590 2493 2609 3302
16869 4 2 18 30 2723 2717 2726 2743
16870 4 2 18 30 2744 2733 2736 2727
16871 4 2 18 30 2620 3281 2673 3306
16872 4 2 18 30 2584 2421 2585 3262
16873 4 2 18 30 2471 2421 2618 3262
16874 4 2 18 30 2577 2457 2666 3292
16875 4 2 18 30 2555 2553 2422 3308
16876 4 2 18 30 2681 2499 2596 3298
16877 4 2 18 30 2466 2550 2482 3274
16878 4 2 18 30 2672 2611 2591 3304
16879 4 2 18 30 2495 2525 2512 3292
16880 4 2 18 30 2629 2647 2453 3293
16881 4 2 18 30 2715 3255 2709 3283
16882 4 2 18 30 2636 2426 2559 3281
16883 4 2 18 30 2432 2506 2583 3278
16884 4 2 18 30 2606 2680 2440 3306
16885 4 2 18 30 2567 2671 2498 3279
16886 4 2 18 30 2614 2532 2490 3279
16887 4 2 18 30 2490 2500 2631 3275
16888 4 2 18 30 2514 2616 3284 3298
16889 4 2 18 30 2476 2544 2424 3296
16890 4 2 18 30 2649 2506 2575 3265
16891 4 2 18 30 2538 2575 2451 3265
16892 4 2 18 30 2699 2470 3287 3291
16893 4 2 18 30 2458 3312 3300 3314
16894 4 2 18 30 2578 2639 2441 3276
16895 4 2 18 30 2555 2590 2472 3286
16896 4 2 18 30 2518 2668 2689 3289
16897 4 2 18 30 2426 2673 2658 3281
16898 4 2 18 30 2666 2423 2577 3292
16899 4 2 18 30 2479 2613 3263 3306
16900 4 2 18 30 2447 1092 2507 3259
16901 4 2 18 30 2597 2435 2615 3271
16902 4 2 18 30 2610 3287 2477 3304
16903 4 2 18 30 2520 2689 2668 3309
16904 4 2 18 30 2723 2717 2743 3250
16905 4 2 18 30 2557 3270 2617 3286
16906 4 2 18 30 2577 2645 2457 3292
16907 4 2 18 30 2667 2664 2521 3300
16908 4 2 18 30 2476 3271 2544 3296
16909 4 2 18 30 2607 2630 2513 3298
16910 4 2 18 30 2511 2560 2684 3303
16911 4 2 18 30 2480 2694 2602 3295
16912 4 2 18 30 2529 2457 2530 3292
16913 4 2 18 30 2454 2633 2584 3278
16914 4 2 18 30 2646 2622 2566 3308
16915 4 2 18 30 2451 3265 2506 3303
16916 4 2 18 30 2444 3275 2490 3313
16917 4 2 18 30 2620 2526 2613 3306
16918 4 2 18 30 2709 2710 3253 3255
16919 4 2 18 30 2475 2637 2537 3276
16920 4 2 18 30 2591 2611 2477 3304
16921 4 2 18 30 2476 2615 2439 3271
16922 4 2 18 30 2733 2727 2744 3247
16923 4 2 18 30 2654 2510 3282 3285
16924 4 2 18 30 2563 2568 3258 3280
16925 4 2 18 30 2475 2537 2639 3276
16926 4 2 18 30 2699 2700 3249 3259
16927 4 2 18 30 2489 2567 2568 3280
16928 4 2 18 30 2737 2742 2738 3247
16929 4 2 18 30 2619 2505 2448 3272
16930 4 2 18 30 2563 2599 2568 3280
16931 4 2 18 30 2532 2676 2445 3279
16932 4 2 18 30 2733 2738 2731 3249
16933 4 2 18 30 2569 2469 2587 3295
16934 4 2 18 30 2458 2677 2594 3314
16935 4 2 18 30 2742 2739 2703 3246
16936 4 2 18 30 2649 3265 2554 3314
16937 4 2 18 30 2461 2693 3289 3290
16938 4 2 18 30 2463 2602 2694 3295
16939 4 2 18 30 2597 2615 2476 3271
16940 4 2 18 30 2490 2444 2492 3275
16941 4 2 18 30 2514 2438 2616 3298
16942 4 2 18 30 2679 2567 2498 3279
16943 4 2 18 30 2567 2489 2612 3280
16944 4 2 18 30 2651 3273 2502 3274
16945 4 2 18 30 2441 1090 2578 3276
16946 4 2 18 30 2595 3304 3301 3315
16947 4 2 18 30 2608 2673 2426 3306
16948 4 2 18 30 2489 2568 2599 3280
16949 4 2 18 30 2652 2583 3268 3288
16950 4 2 18 30 2492 2443 2614 3279
16951 4 2 18 30 2562 1080 3283 3299
16952 4 2 18 30 2637 2565 2497 3313
16953 4 2 18 30 2696 2695 3298 3299
16954 4 2 18 30 2583 2584 2432 3278
16955 4 2 18 30 2459 3308 3270 3314
16956 4 2 18 30 2436 2618 2579 3310
16957 4 2 18 30 2531 2450 2572 3307
16958 4 2 18 30 2648 3281 3276 3294
16959 4 2 18 30 2435 2579 2580 3277
16960 4 2 18 30 2566 2459 2675 3308
16961 4 2 18 30 2477 3287 2605 3304
16962 4 2 18 30 2638 2514 2621 3284
16963 4 2 18 30 2438 2695 2616 3298
16964 4 2 18 30 2730 3252 2729 3254
16965 4 2 18 30 2593 2457 2678 3292
16966 4 2 18 30 3267 3250 3288 3293
16967 4 2 18 30 2444 2732 3275 3313
16968 4 2 18 30 2731 3249 2700 3259
16969 4 2 18 30 2630 2430 2581 3284
16970 4 2 18 30 2659 2668 2518 3289
16971 4 2 18 30 2458 2576 3268 3300
16972 4 2 18 30 2529 2722 3263 3269
16973 4 2 18 30 2669 2684 2546 3303
16974 4 2 18 30 2561 2673 2620 3281
16975 4 2 18 30 2549 3290 2461 3291
16976 4 2 18 30 2494 2595 3301 3315
16977 4 2 18 30 2487 2718 1086 3312
16978 4 2 18 30 2531 2635 2503 3272
16979 4 2 18 30 2423 2495 2512 3292
16980 4 2 18 30 2619 3272 2448 3303
16981 4 2 18 30 2654 2510 2431 3282
16982 4 2 18 30 2715 3283 2709 3311
16983 4 2 18 30 2739 2746 2710 2716
16984 4 2 18 30 2749 2741 2736 2730
16985 4 2 18 30 2720 2740 2747 2726
16986 4 2 18 30 2612 2446 2671 3280
16987 4 2 18 30 2503 2560 2531 3272
16988 4 2 18 30 2657 3289 2517 3290
16989 4 2 18 30 2679 2614 2443 3279
16990 4 2 18 30 2605 2425 2604 3301
16991 4 2 18 30 2455 2576 2534 3300
16992 4 2 18 30 2639 2578 2475 3313
16993 4 2 18 30 2501 2471 2618 3285
16994 4 2 18 30 2563 2568 2492 3258
16995 4 2 18 30 2479 3263 2719 3281
16996 4 2 18 30 2680 2525 2495 3292
16997 4 2 18 30 2559 2539 2634 3281
16998 4 2 18 30 2717 2720 2726 3251
16999 4 2 18 30 2652 2647 2583 3288
17000 4 2 18 30 2622 2496 2566 3270
17001 4 2 18 30 2585 2654 2556 3282
17002 4 2 18 30 2503 2619 2560 3272
17003 4 2 18 30 2574 2468 2628 3273
17004 4 2 18 30 2678 2529 3263 3292
17005 4 2 18 30 2678 3292 3263 3306
17006 4 2 18 30 2505 3264 2448 3272
17007 4 2 18 30 2552 2478 2589 3287
17008 4 2 18 30 2595 2528 2425 3304
17009 4 2 18 30 2440 3292 2678 3306
17010 4 2 18 30 2455 2523 3293 3300
17011 4 2 18 30 3257 3270 2714 3286
17012 4 2 18 30 2422 2554 3265 3308
17013 4 2 18 30 2501 2618 2436 3310
17014 4 2 18 30 2465 2482 2550 3274
17015 4 2 18 30 2426 2658 2559 3281
17016 4 2 18 30 2460 2657 2501 3289
17017 4 2 18 30 2679 2532 2614 3279
17018 4 2 18 30 2699 2728 2700 3259
17019 4 2 18 30 2441 2639 2537 3276
17020 4 2 18 30 2522 3269 2456 3300
17021 4 2 18 30 2709 3283 3255 3311
17022 4 2 18 30 2617 2622 2472 3286
17023 4 2 18 30 2461 2663 2693 3290
17024 4 2 18 30 2718 3266 3251 3312
17025 4 2 18 30 2456 2522 2530 3269
17026 4 2 18 30 2620 2673 2526 3306
17027 4 2 18 30 2699 3261 3256 3291
17028 4 2 18 30 2705 2478 3259 3287
17029 4 2 18 30 2454 3282 2556 3307
17030 4 2 18 30 2492 2490 3275 3279
17031 4 2 18 30 2693 2663 2517 3290
17032 4 2 18 30 2458 2534 3300 3312
17033 4 2 18 30 2602 2674 2480 3295
17034 4 2 18 30 2566 2496 2603 3270
17035 4 2 18 30 2618 2421 2579 3288
17036 4 2 18 30 2613 2526 2440 3306
17037 4 2 18 30 2738 2700 2731 3249
17038 4 2 18 30 2720 3251 2718 3257
17039 4 2 18 30 2454 2633 3278 3307
17040 4 2 18 30 2603 3270 2459 3308
17041 4 2 18 30 2504 3273 2635 3307
17042 4 2 18 30 3283 3284 2562 3299
17043 4 2 18 30 2465 2515 2482 3274
17044 4 2 18 30 2581 3274 2515 3284
17045 4 2 18 30 2585 2421 2471 3262
17046 4 2 18 30 2542 2570 2665 3283
17047 4 2 18 30 2467 2557 2714 3270
17048 4 2 18 30 2706 2697 2700 3249
17049 4 2 18 30 2625 3273 2551 3311
17050 4 2 18 30 2708 3264 3257 3302
17051 4 2 18 30 2431 3282 2510 3297
17052 4 2 18 30 2652 2433 2509 3268
17053 4 2 18 30 2506 3268 2583 3278
17054 4 2 18 30 2449 2635 2628 3273
17055 4 2 18 30 2454 2556 2572 3307
17056 4 2 18 30 2523 3292 2423 3293
17057 4 2 18 30 2544 2655 2424 3296
17058 4 2 18 30 2735 2724 3254 3281
17059 4 2 18 30 2545 2497 2655 3296
17060 4 2 18 30 2503 2635 2449 3272
17061 4 2 18 30 2679 2676 2532 3279
17062 4 2 18 30 2676 2516 2445 3279
17063 4 2 18 30 2649 2575 2422 3265
17064 4 2 18 30 2601 2528 2558 3304
17065 4 2 18 30 2551 3273 2651 3274
17066 4 2 18 30 2592 2464 2683 3297
17067 4 2 18 30 2731 2700 2728 3259
17068 4 2 18 30 2743 2737 2741 3247
17069 4 2 18 30 2693 2659 2518 3289
17070 4 2 18 30 2708 2662 2712 3302
17071 4 2 18 30 2460 2501 2541 3289
17072 4 2 18 30 2489 2599 2601 3280
17073 4 2 18 30 2598 2675 2459 3314
17074 4 2 18 30 2575 2686 2422 3265
17075 4 2 18 30 3247 3250 3268 3288
17076 4 2 18 30 2585 3262 2454 3278
17077 4 2 18 30 2438 2596 2695 3298
17078 4 2 18 30 3253 3273 2712 3311
17079 4 2 18 30 2480 2605 3287 3301
17080 4 2 18 30 2738 2748 2731 2700
17081 4 2 18 30 2636 2524 2608 3306
17082 4 2 18 30 2510 2428 2690 3297
17083 4 2 18 30 2542 2665 2562 3283
17084 4 2 18 30 2449 2573 1082 3273
17085 4 2 18 30 2624 2576 2433 3268
17086 4 2 18 30 2595 3280 3304 3315
17087 4 2 18 30 2709 2698 2710 3255
17088 4 2 18 30 2459 2603 2508 3270
17089 4 2 18 30 2737 2738 2744 3247
17090 4 2 18 30 2577 2523 3269 3292
17091 4 2 18 30 2540 2729 2441 3276
17092 4 2 18 30 2585 2471 2654 3262
17093 4 2 18 30 2558 2595 2446 3280
17094 4 2 18 30 2677 2458 2554 3314
17095 4 2 18 30 3258 3280 3261 3304
17096 4 2 18 30 2441 2537 2648 3276
17097 4 2 18 30 2538 3265 2451 3303
17098 4 2 18 30 2480 2691 2605 3301
17099 4 2 18 30 2593 2680 2495 3292
17100 4 2 18 30 2520 2460 2541 3309
17101 4 2 18 30 2481 2547 2661 3302
17102 4 2 18 30 2683 2464 2596 3297
17103 4 2 18 30 2593 2666 2457 3292
17104 4 2 18 30 2584 3278 2583 3288
17105 4 2 18 30 2539 2483 2634 3281
17106 4 2 18 30 2711 2708 3248 3257
17107 4 2 18 30 2714 1101 2725 3257
17108 4 2 18 30 2559 2658 2539 3281
17109 4 2 18 30 2667 3269 2523 3300
17110 4 2 18 30 2493 2687 3265 3286
17111 4 2 18 30 2708 2712 3264 3302
17112 4 2 18 30 2582 3271 2476 3296
17113 4 2 18 30 2721 2723 2749 2741
17114 4 2 18 30 2746 2701 2703 2739
17115 4 2 18 30 2740 2713 2711 2747
17116 4 2 18 30 2448 3264 2547 3303
17117 4 2 18 30 2708 2720 2718 3257
17118 4 2 18 30 2463 2589 2588 3287
17119 4 2 18 30 2676 2679 2498 3279
17120 4 2 18 30 2630 2514 2638 3284
17121 4 2 18 30 2584 2583 2421 3288
17122 4 2 18 30 2674 2469 2660 3295
17123 4 2 18 30 2617 2496 2622 3270
17124 4 2 18 30 2590 2609 2650 3286
17125 4 2 18 30 2502 3273 2574 3307
17126 4 2 18 30 3282 3297 2431 3298
17127 4 2 18 30 3246 3247 3262 3277
17128 4 2 18 30 2592 2517 2663 3290
17129 4 2 18 30 2567 3279 2568 3280
17130 4 2 18 30 2471 3262 2618 3285
17131 4 2 18 30 2523 2423 2509 3293
17132 4 2 18 30 2639 2475 3276 3313
17133 4 2 18 30 2601 3280 2599 3304
17134 4 2 18 30 2450 3272 2560 3303
17135 4 2 18 30 2494 3301 2644 3310
17136 4 2 18 30 2653 2429 2574 3307
17137 4 2 18 30 2686 3265 2538 3302
17138 4 2 18 30 2647 3288 2652 3293
17139 4 2 18 30 2701 2698 3246 3255
17140 4 2 18 30 2517 3290 2592 3297
17141 4 2 18 30 2704 3283 1080 3299
17142 4 2 18 30 2637 3276 2475 3313
17143 4 2 18 30 2701 2710 2698 3255
17144 4 2 18 30 2699 3287 3261 3291
17145 4 2 18 30 3246 3249 3247 3277
17146 4 2 18 30 2605 3301 2604 3304
17147 4 2 18 30 2588 2470 2587 3295
17148 4 2 18 30 2519 2549 2461 3291
17149 4 2 18 30 2570 3283 2482 3284
17150 4 2 18 30 2529 2530 2722 3269
17151 4 2 18 30 2448 3272 3264 3303
17152 4 2 18 30 2674 2533 2480 3301
17153 4 2 18 30 2516 2498 2671 3279
17154 4 2 18 30 2515 3284 3282 3298
17155 4 2 18 30 2727 2729 2730 3252
17156 4 2 18 30 2721 2719 3250 3254
17157 4 2 18 30 2728 2447 2563 3259
17158 4 2 18 30 2540 3254 3276 3281
17159 4 2 18 30 2642 2551 3274 3311
17160 4 2 18 30 2656 2486 2688 3314
17161 4 2 18 30 2735 2483 2724 3281
17162 4 2 18 30 2499 2683 2596 3297
17163 4 2 18 30 2437 2689 2569 3309
17164 4 2 18 30 2573 1082 3273 3311
17165 4 2 18 30 2493 3265 2686 3302
17166 4 2 18 30 2666 2495 2423 3292
17167 4 2 18 30 2455 2509 2433 3268
17168 4 2 18 30 2558 2446 2612 3280
17169 4 2 18 30 2711 2720 2708 3257
17170 4 2 18 30 2507 2734 2478 3259
17171 4 2 18 30 2639 3276 2578 3313
17172 4 2 18 30 2696 2535 2695 3299
17173 4 2 18 30 2501 2510 2471 3285
17174 4 2 18 30 2425 2605 2691 3301
17175 4 2 18 30 2680 3292 2440 3306
17176 4 2 18 30 2492 3275 2732 3279
17177 4 2 18 30 3261 3291 3287 3295
17178 4 2 18 30 2637 2473 3294 3296
17179 4 2 18 30 2485 2536 2473 3294
17180 4 2 18 30 2503 2505 2619 3272
17181 4 2 18 30 2721 2729 2719 3254
17182 4 2 18 30 2455 2433 2576 3268
17183 4 2 18 30 2510 3282 3285 3297
17184 4 2 18 30 2728 2727 2733 3258
17185 4 2 18 30 2658 2673 2561 3281
17186 4 2 18 30 2540 2735 3254 3281
17187 4 2 18 30 2652 3288 3268 3293
17188 4 2 18 30 2722 1087 2529 3263
17189 4 2 18 30 2555 2646 2553 3308
17190 4 2 18 30 2491 2641 2565 3313
17191 4 2 18 30 2670 2451 2564 3303
17192 4 2 18 30 2458 3300 3268 3314
17193 4 2 18 30 2454 3262 2585 3282
17194 4 2 18 30 2699 3259 3261 3287
17195 4 2 18 30 2705 2734 1094 3259
17196 4 2 18 30 2609 2493 2600 3302
17197 4 2 18 30 2675 2646 2566 3308
17198 4 2 18 30 2422 3265 2687 3308
17199 4 2 18 30 2548 3274 2502 3282
17200 4 2 18 30 1084 3257 2714 3286
17201 4 2 18 30 2511 2684 2669 3303
17202 4 2 18 30 2558 2612 2489 3280
17203 4 2 18 30 2734 2507 1092 3259
17204 4 2 18 30 2582 2597 3271 3275
17205 4 2 18 30 2480 3287 2694 3295
17206 4 2 18 30 2425 2692 2644 3301
17207 4 2 18 30 2437 3291 2689 3309
17208 4 2 18 30 2595 3280 2558 3304
17209 4 2 18 30 2721 2730 2729 3254
17210 4 2 18 30 2531 3272 2450 3307
17211 4 2 18 30 2633 2432 2584 3278
17212 4 2 18 30 2502 2548 3282 3307
17213 4 2 18 30 2697 3249 3246 3256
17214 4 2 18 30 2664 2455 2534 3300
17215 4 2 18 30 2573 2468 2625 3273
17216 4 2 18 30 2689 2518 3289 3291
17217 4 2 18 30 2463 3287 2588 3295
17218 4 2 18 30 2490 3275 2631 3313
17219 4 2 18 30 2583 3278 3268 3288
17220 4 2 18 30 2454 3262 3282 3307
17221 4 2 18 30 2718 2508 2487 1086
17222 4 2 18 30 2548 2431 2515 3282
17223 4 2 18 30 2610 2552 2571 3287
17224 4 2 18 30 3258 3261 3280 3315
17225 4 2 18 30 1077 2699 2470 3287
17226 4 2 18 30 2604 2425 2528 3304
17227 4 2 18 30 2643 2466 2623 3283
17228 4 2 18 30 2539 2658 2561 3281
17229 4 2 18 30 2501 3285 2618 3310
17230 4 2 18 30 3265 3268 2506 3278
17231 4 2 18 30 2533 2660 2462 3301
17232 4 2 18 30 2657 2460 2659 3289
17233 4 2 18 30 2598 2554 2553 3314
17234 4 2 18 30 2482 3274 2581 3284
17235 4 2 18 30 1084 2662 2708 3302
17236 4 2 18 30 2699 2705 3259 3287
17237 4 2 18 30 2669 2627 2451 3303
17238 4 2 18 30 2540 2483 2735 3281
17239 4 2 18 30 2692 2462 2644 3301
17240 4 2 18 30 2456 3269 2667 3300
17241 4 2 18 30 2461 3290 3289 3291
17242 4 2 18 30 2636 2426 3281 3306
17243 4 2 18 30 2712 3272 2449 3273
17244 4 2 18 30 2424 2565 2641 3296
17245 4 2 18 30 2638 2665 2430 3284
17246 4 2 18 30 2732 2492 2444 3275
17247 4 2 18 30 2585 2584 3262 3278
17248 4 2 18 30 2621 2562 2638 3284
17249 4 2 18 30 2644 2462 2541 3309
17250 4 2 18 30 2737 2744 2741 3247
17251 4 2 18 30 1086 2522 2487 3312
17252 4 2 18 30 2574 3273 2504 3307
17253 4 2 18 30 2540 2634 2483 3281
17254 4 2 18 30 3259 3287 2610 3304
17255 4 2 18 30 2454 3278 3262 3307
17256 4 2 18 30 2666 2593 2495 3292
17257 4 2 18 30 2538 3302 3265 3303
17258 4 2 18 30 2514 2607 2438 3298
17259 4 2 18 30 2467 2617 2557 3270
17260 4 2 18 30 2560 3272 2619 3303
17261 4 2 18 30 2486 2594 2677 3314
17262 4 2 18 30 2512 2629 3293 3305
17263 4 2 18 30 2511 2564 2450 3303
17264 4 2 18 30 2458 2594 3312 3314
17265 4 2 18 30 2735 2724 1106 3254
17266 4 2 18 30 2456 2530 2645 3269
17267 4 2 18 30 2603 2566 3270 3308
17268 4 2 18 30 2502 3274 3273 3307
17269 4 2 18 30 2711 2708 2713 3248
17270 4 2 18 30 2485 2527 2636 3294
17271 4 2 18 30 2511 2669 2670 3303
17272 4 2 18 30 2463 2694 2571 3287
17273 4 2 18 30 2601 2558 2489 3280
17274 4 2 18 30 2471 2654 3262 3285
17275 4 2 18 30 1080 2488 2562 3283
17276 4 2 18 30 2590 3286 2493 3302
17277 4 2 18 30 2544 2439 3267 3271
17278 4 2 18 30 2562 3284 2621 3299
17279 4 2 18 30 2525 2427 2512 3305
17280 4 2 18 30 2441 2729 1090 3276
17281 4 2 18 30 2554 3265 3308 3314
17282 4 2 18 30 2630 2638 2430 3284
17283 4 2 18 30 2559 3281 2474 3294
17284 4 2 18 30 2582 2641 3275 3296
17285 4 2 18 30 2681 2596 2438 3298
17286 4 2 18 30 2472 3286 2622 3308
17287 4 2 18 30 2636 3294 2527 3306
17288 4 2 18 30 2647 2439 2580 3288
17289 4 2 18 30 2445 3275 2500 3279
17290 4 2 18 30 2616 3298 2695 3299
17291 4 2 18 30 3267 3288 2439 3293
17292 4 2 18 30 2719 2729 1106 3254
17293 4 2 18 30 2579 2494 2436 3310
17294 4 2 18 30 2529 2530 3269 3292
17295 4 2 18 30 2590 2650 2472 3286
17296 4 2 18 30 2676 2498 2516 3279
17297 4 2 18 30 2665 2638 2562 3284
17298 4 2 18 30 2526 2673 2608 3306
17299 4 2 18 30 2508 2496 2467 3270
17300 4 2 18 30 2622 3270 2566 3308
17301 4 2 18 30 2669 2451 2670 3303
17302 4 2 18 30 2435 2580 3271 3277
17303 4 2 18 30 2516 2597 3279 3315
17304 4 2 18 30 2683 2428 2592 3297
17305 4 2 18 30 2728 2563 3258 3259
17306 4 2 18 30 2728 2699 1094 3259
17307 4 2 18 30 2470 2699 1078 3291
17308 4 2 18 30 2734 2705 2478 3259
17309 4 2 18 30 2704 2698 3283 3299
17310 4 2 18 30 2718 2725 1101 3257
17311 4 2 18 30 3258 3271 3247 3277
17312 4 2 18 30 2521 2522 2456 3300
17313 4 2 18 30 2715 1096 2709 3255
17314 4 2 18 30 3247 3267 3250 3288
17315 4 2 18 30 2746 2739 1102 2716
17316 4 2 18 30 1107 2747 2740 2726
17317 4 2 18 30 2736 2741 2749 1110
17318 4 2 18 30 2432 2564 2506 3278
17319 4 2 18 30 2577 3269 2645 3292
17320 4 2 18 30 2707 2709 2710 3253
17321 4 2 18 30 2691 2480 2533 3301
17322 4 2 18 30 2702 3260 3246 3299
17323 4 2 18 30 2435 2494 2579 3315
17324 4 2 18 30 2702 3290 3260 3299
17325 4 2 18 30 2469 2588 2587 3295
17326 4 2 18 30 2673 3281 2426 3306
17327 4 2 18 30 2569 3295 2587 3309
17328 4 2 18 30 2635 3272 2531 3307
17329 4 2 18 30 2460 2668 2659 3289
17330 4 2 18 30 2586 2607 2513 3298
17331 4 2 18 30 2661 2600 2481 3302
17332 4 2 18 30 2702 2697 3256 3291
17333 4 2 18 30 2718 3251 2722 3312
17334 4 2 18 30 2628 2468 2573 3273
17335 4 2 18 30 2641 2631 3275 3313
17336 4 2 18 30 2435 2597 2516 3315
17337 4 2 18 30 2660 3295 2569 3309
17338 4 2 18 30 2440 2526 2606 3306
17339 4 2 18 30 2604 2591 2477 3304
17340 4 2 18 30 2534 2594 2685 3312
17341 4 2 18 30 2514 3284 2630 3298
17342 4 2 18 30 2463 2588 2602 3295
17343 4 2 18 30 2712 3253 3272 3273
17344 4 2 18 30 1094 2699 2705 3259
17345 4 2 18 30 2630 3284 2513 3298
17346 4 2 18 30 2699 3249 3256 3261
17347 4 2 18 30 2621 3284 2616 3299
17348 4 2 18 30 2722 1086 2718 3312
17349 4 2 18 30 2466 2570 2623 3283
17350 4 2 18 30 2682 2510 2690 3297
17351 4 2 18 30 2670 2564 2511 3303
17352 4 2 18 30 2617 2472 2650 3286
17353 4 2 18 30 2463 2571 2552 3287
17354 4 2 18 30 2521 2664 2534 3300
17355 4 2 18 30 2503 2449 2505 3272
17356 4 2 18 30 2637 2537 3276 3294
17357 4 2 18 30 2466 3274 2482 3283
17358 4 2 18 30 2544 3267 2629 3305
17359 4 2 18 30 1092 2728 2447 2563
17360 4 2 18 30 2584 2421 3262 3288
17361 4 2 18 30 2618 3285 3277 3310
17362 4 2 18 30 1093 1094 2731 2700
17363 4 2 18 30 2711 1100 1101 2720
17364 4 2 18 30 1106 2730 2721 1105
17365 4 2 18 30 2701 2710 1095 1096
17366 4 2 18 30 2603 2496 2508 3270
17367 4 2 18 30 2509 2453 2652 3293
17368 4 2 18 30 2605 3287 3301 3304
17369 4 2 18 30 2492 2732 3258 3279
17370 4 2 18 30 2540 3254 2729 3276
17371 4 2 18 30 3252 3275 2732 3313
17372 4 2 18 30 2572 2556 2429 3307
17373 4 2 18 30 2712 3264 2505 3272
17374 4 2 18 30 2525 2512 3292 3305
17375 4 2 18 30 2618 3262 2421 3288
17376 4 2 18 30 2427 2527 2545 3305
17377 4 2 18 30 2702 3246 2698 3299
17378 4 2 18 30 2579 2421 2580 3288
17379 4 2 18 30 2709 1096 2698 3255
17380 4 2 18 30 2708 3248 3257 3264
17381 4 2 18 30 2598 2459 2688 3314
17382 4 2 18 30 2718 3257 3251 3270
17383 4 2 18 30 2712 2505 2449 3272
17384 4 2 18 30 2564 2506 3278 3303
17385 4 2 18 30 2696 3298 3290 3299
17386 4 2 18 30 2545 3294 3296 3305
17387 4 2 18 30 2531 2572 2653 3307
17388 4 2 18 30 2601 2447 2640 3304
17389 4 2 18 30 3256 3260 2702 3290
17390 4 2 18 30 2604 3301 2425 3304
17391 4 2 18 30 2545 2527 2473 3294
17392 4 2 18 30 2565 2637 2475 3313
17393 4 2 18 30 2542 2623 2570 3283
17394 4 2 18 30 2674 2602 2469 3295
17395 4 2 18 30 2450 3272 3303 3307
17396 4 2 18 30 2721 2719 2729 1106
17397 4 2 18 30 2746 2703 1099 2739
17398 4 2 18 30 2740 1104 2713 2747
17399 4 2 18 30 2749 2723 1109 2741
17400 4 2 18 30 2671 3279 2567 3280
17401 4 2 18 30 2642 3274 2466 3311
17402 4 2 18 30 2689 2519 2518 3291
17403 4 2 18 30 1080 2562 2484 3299
17404 4 2 18 30 3274 3282 2515 3284
17405 4 2 18 30 3246 3256 3249 3277
17406 4 2 18 30 2719 2723 2721 3250
17407 4 2 18 30 2435 3271 2597 3315
17408 4 2 18 30 2718 1101 2708 3257
17409 4 2 18 30 2714 2725 2467 3270
17410 4 2 18 30 3267 3271 2439 3288
17411 4 2 18 30 2747 1107 2720 2726
17412 4 2 18 30 2710 2746 1102 2716
17413 4 2 18 30 2749 2736 1110 2730
17414 4 2 18 30 2693 2517 3289 3290
17415 4 2 18 30 2719 3254 2724 3281
17416 4 2 18 30 2618 2579 3277 3288
17417 4 2 18 30 2699 3256 2697 3291
17418 4 2 18 30 1090 2732 2578 3276
17419 4 2 18 30 3256 3277 3262 3285
17420 4 2 18 30 2520 2569 2689 3309
17421 4 2 18 30 3265 3278 2506 3303
17422 4 2 18 30 3255 3283 2698 3299
17423 4 2 18 30 2447 2601 2599 3304
17424 4 2 18 30 2554 3308 2553 3314
17425 4 2 18 30 2729 2730 2721 1106
17426 4 2 18 30 2689 3289 2668 3309
17427 4 2 18 30 2712 3253 3248 3272
17428 4 2 18 30 2680 2525 3305 3306
17429 4 2 18 30 2701 2698 2703 3246
17430 4 2 18 30 3300 3312 3266 3314
17431 4 2 18 30 2682 2690 2499 3297
17432 4 2 18 30 2625 2573 3273 3311
17433 4 2 18 30 2563 2732 2728 3258
17434 4 2 18 30 2616 2695 2535 3299
17435 4 2 18 30 2455 3268 2576 3300
17436 4 2 18 30 2579 2494 3310 3315
17437 4 2 18 30 2555 3286 2472 3308
17438 4 2 18 30 2562 2621 2484 3299
17439 4 2 18 30 3258 3261 3259 3304
17440 4 2 18 30 3252 2732 3276 3313
17441 4 2 18 30 2708 1101 2714 3257
17442 4 2 18 30 2643 2642 2466 3311
17443 4 2 18 30 3253 3278 3272 3307
17444 4 2 18 30 3247 3262 3277 3288
17445 4 2 18 30 2509 2652 3268 3293
17446 4 2 18 30 2449 3272 2635 3273
17447 4 2 18 30 2632 2491 2626 3313
17448 4 2 18 30 2727 2728 2732 3258
17449 4 2 18 30 2520 2541 2462 3309
17450 4 2 18 30 3267 3247 3271 3288
17451 4 2 18 30 2709 3255 3253 3311
17452 4 2 18 30 2734 2728 1094 3259
17453 4 2 18 30 2644 3301 2462 3309
17454 4 2 18 30 2617 3270 2622 3286
17455 4 2 18 30 2424 2655 2497 3296
17456 4 2 18 30 2548 2515 3274 3282
17457 4 2 18 30 2675 3308 2459 3314
17458 4 2 18 30 2502 3282 3274 3307
17459 4 2 18 30 2583 2647 2421 3288
17460 4 2 18 30 2508 1085 2718 3270
17461 4 2 18 30 2650 3286 2609 3302
17462 4 2 18 30 3247 3258 3252 3271
17463 4 2 18 30 2521 2534 2685 3300
17464 4 2 18 30 2435 2579 3277 3315
17465 4 2 18 30 2447 2728 1092 3259
17466 4 2 18 30 2543 3283 2715 3311
17467 4 2 18 30 2475 2578 2626 3313
17468 4 2 18 30 3250 3263 2722 3269
17469 4 2 18 30 2646 2675 2553 3308
17470 4 2 18 30 1089 2441 2540 2729
17471 4 2 18 30 2708 2712 3248 3264
17472 4 2 18 30 2437 2519 2689 3291
17473 4 2 18 30 2643 2623 2543 3283
17474 4 2 18 30 2633 2564 2432 3278
17475 4 2 18 30 2437 2587 3291 3309
17476 4 2 18 30 2654 2431 2556 3282
17477 4 2 18 30 1086 2722 2522 3312
17478 4 2 18 30 2570 2665 3283 3284
17479 4 2 18 30 2680 2525 3292 3305
17480 4 2 18 30 2718 3251 3266 3270
17481 4 2 18 30 2626 2444 2632 3313
17482 4 2 18 30 2722 3251 3250 3269
17483 4 2 18 30 2547 2662 2661 3302
17484 4 2 18 30 2708 3257 1084 3302
17485 4 2 18 30 2439 3271 2580 3288
17486 4 2 18 30 2735 1106 2729 3254
17487 4 2 18 30 2527 2485 2473 3294
17488 4 2 18 30 2565 2424 2497 3296
17489 4 2 18 30 2663 2464 2592 3290
17490 4 2 18 30 2692 2533 2462 3301
17491 4 2 18 30 2660 2569 2462 3309
17492 4 2 18 30 2699 2700 2697 3249
17493 4 2 18 30 2521 2685 2522 3300
17494 4 2 18 30 2494 3301 3310 3315
17495 4 2 18 30 2699 1077 2705 3287
17496 4 2 18 30 2625 2442 2573 3311
17497 4 2 18 30 2512 2629 2453 3293
17498 4 2 18 30 2552 2589 2463 3287
17499 4 2 18 30 2704 2715 2543 3283
17500 4 2 18 30 2665 2562 3283 3284
17501 4 2 18 30 2719 1106 2724 3254
17502 4 2 18 30 2449 2628 2573 3273
17503 4 2 18 30 2690 2683 2499 3297
17504 4 2 18 30 3246 3260 3255 3299
17505 4 2 18 30 1088 2719 2724 3281
17506 4 2 18 30 2699 3249 2697 3256
17507 4 2 18 30 2557 2617 2650 3286
17508 4 2 18 30 2540 2735 2729 3254
17509 4 2 18 30 2702 3290 2549 3291
17510 4 2 18 30 2637 2497 3296 3313
17511 4 2 18 30 2722 2530 2522 3269
17512 4 2 18 30 3292 3293 3267 3305
17513 4 2 18 30 2674 3295 2660 3301
17514 4 2 18 30 3270 3308 3266 3314
17515 4 2 18 30 2573 2442 1082 3311
17516 4 2 18 30 2699 3259 3249 3261
17517 4 2 18 30 3262 3277 2618 3285
17518 4 2 18 30 2671 2446 2516 3315
17519 4 2 18 30 3249 3258 3247 3277
17520 4 2 18 30 2563 2492 2732 3258
17521 4 2 18 30 2544 3271 3267 3296
17522 4 2 18 30 2584 3262 3278 3288
17523 4 2 18 30 2712 3248 3264 3272
17524 4 2 18 30 2586 2681 2607 3298
17525 4 2 18 30 2527 3294 2545 3305
17526 4 2 18 30 2748 2731 1112 2738
17527 4 2 18 30 3263 3292 3267 3305
17528 4 2 18 30 2526 2608 2606 3306
17529 4 2 18 30 2618 3277 2579 3310
17530 4 2 18 30 2455 2509 3268 3293
17531 4 2 18 30 2483 2539 2561 3281
17532 4 2 18 30 3261 3277 3301 3315
17533 4 2 18 30 3277 3310 3301 3315
17534 4 2 18 30 1080 2704 2488 3283
17535 4 2 18 30 2738 2748 2700 1097
17536 4 2 18 30 2499 3297 2596 3298
17537 4 2 18 30 3255 3284 3283 3299
17538 4 2 18 30 3273 3274 2551 3311
17539 4 2 18 30 3246 2702 3256 3260
17540 4 2 18 30 3246 3255 2698 3299
17541 4 2 18 30 2585 3262 2654 3282
17542 4 2 18 30 3282 3284 3260 3298
17543 4 2 18 30 2541 3289 2501 3310
17544 4 2 18 30 2556 2431 2548 3282
17545 4 2 18 30 2549 3290 2702 3299
17546 4 2 18 30 2708 2707 2713 3248
17547 4 2 18 30 2748 1093 2731 2700
17548 4 2 18 30 2590 2609 3286 3302
17549 4 2 18 30 2578 2444 2732 1090
17550 4 2 18 30 1100 2711 2747 2720
17551 4 2 18 30 2730 2749 2721 1105
17552 4 2 18 30 2710 2746 2701 1095
17553 4 2 18 30 2564 3278 2633 3303
17554 4 2 18 30 2700 2706 2738 1097
17555 4 2 18 30 2709 3253 2712 3311
17556 4 2 18 30 2436 2541 2501 3310
17557 4 2 18 30 1109 2721 2723 2749
17558 4 2 18 30 1099 2701 2703 2746
17559 4 2 18 30 1104 2711 2713 2747
17560 4 2 18 30 2579 2580 3277 3288
17561 4 2 18 30 2727 2732 3252 3258
17562 4 2 18 30 2729 3254 3252 3276
17563 4 2 18 30 2467 2496 2617 3270
17564 4 2 18 30 2730 196 2749 1105
17565 4 2 18 30 194 2746 2710 1095
17566 4 2 18 30 2747 195 1100 2720
17567 4 2 18 30 2674 2480 3295 3301
17568 4 2 18 30 2446 2671 3280 3315
17569 4 2 18 30 2712 3273 1082 3311
17570 4 2 18 30 2702 2699 2697 3291
17571 4 2 18 30 2718 2720 2717 3251
17572 4 2 18 30 3258 3277 3261 3315
17573 4 2 18 30 2601 2640 2528 3304
17574 4 2 18 30 2729 3252 2732 3276
17575 4 2 18 30 2641 3296 2565 3313
17576 4 2 18 30 2703 2698 2697 3246
17577 4 2 18 30 2452 2650 2609 3302
17578 4 2 18 30 2702 2698 1079 3299
17579 4 2 18 30 2637 3296 3276 3313
17580 4 2 18 30 2602 2588 2469 3295
17581 4 2 18 30 2444 2626 2578 3313
17582 4 2 18 30 1081 2709 1082 3311
17583 4 2 18 30 1081 1082 2442 3311
17584 4 2 18 30 2746 194 2701 1095
17585 4 2 18 30 196 2721 2749 1105
17586 4 2 18 30 2711 195 1100 2747
17587 4 2 18 30 2449 1082 2712 3273
17588 4 2 18 30 2699 1077 2470 1078
17589 4 2 18 30 2428 2683 2690 3297
17590 4 2 18 30 2435 3277 3271 3315
17591 4 2 18 30 2523 3269 3293 3300
17592 4 2 18 30 2744 2733 1111 2736
17593 4 2 18 30 1098 2703 2706 2742
17594 4 2 18 30 2726 1108 2723 2743
17595 4 2 18 30 2716 1103 2713 2745
17596 4 2 18 30 2748 193 1093 2700
17597 4 2 18 30 3246 3262 3256 3277
17598 4 2 18 30 2657 3285 2501 3289
17599 4 2 18 30 2441 1089 1090 2729
17600 4 2 18 30 2565 3296 2497 3313
17601 4 2 18 30 2512 2509 2423 3293
17602 4 2 18 30 1090 2729 2732 3276
17603 4 2 18 30 2582 3275 3271 3296
17604 4 2 18 30 2523 3269 3292 3293
17605 4 2 18 30 1085 2725 2718 3270
17606 4 2 18 30 2685 2434 2522 3312
17607 4 2 18 30 2681 2438 2607 3298
17608 4 2 18 30 2726 2740 1107 2743
17609 4 2 18 30 2716 2739 1102 2745
17610 4 2 18 30 2744 2741 2736 1110
17611 4 2 18 30 1088 2479 1087 2719
17612 4 2 18 30 3271 3279 2597 3315
17613 4 2 18 30 3277 3261 3301 3310
17614 4 2 18 30 2470 3291 2587 3295
17615 4 2 18 30 2601 2558 3280 3304
17616 4 2 18 30 1080 1079 2698 3299
17617 4 2 18 30 2719 3263 3254 3281
17618 4 2 18 30 2697 2698 2702 3246
17619 4 2 18 30 2463 2694 3287 3295
17620 4 2 18 30 2719 2722 3250 3263
17621 4 2 18 30 2704 2543 2488 3283
17622 4 2 18 30 3266 3270 3265 3308
17623 4 2 18 30 2719 2717 2723 3250
17624 4 2 18 30 2706 1097 1098 2742
17625 4 2 18 30 1103 2716 1102 2745
17626 4 2 18 30 1108 2726 1107 2743
17627 4 2 18 30 2736 1111 2744 1110
17628 4 2 18 30 2452 2557 2650 3286
17629 4 2 18 30 3253 3262 3278 3307
17630 4 2 18 30 3255 3283 3274 3311
17631 4 2 18 30 3261 3301 3287 3304
17632 4 2 18 30 2524 2606 2608 3306
17633 4 2 18 30 3246 3256 3262 3285
17634 4 2 18 30 2480 3287 3295 3301
17635 4 2 18 30 2442 2625 2642 3311
17636 4 2 18 30 2520 2462 2569 3309
17637 4 2 18 30 2707 2708 2712 3248
17638 4 2 18 30 2702 1078 2699 3291
17639 4 2 18 30 2616 3284 3298 3299
17640 4 2 18 30 2713 1104 2740 2745
17641 4 2 18 30 2743 1109 2723 2741
17642 4 2 18 30 2742 1099 2703 2739
17643 4 2 18 30 3285 3290 2657 3297
17644 4 2 18 30 2595 2446 3280 3315
17645 4 2 18 30 2748 1093 193 2731
17646 4 2 18 30 2421 2647 2580 3288
17647 4 2 18 30 1080 2484 1079 3299
17648 4 2 18 30 2527 2427 2524 3305
17649 4 2 18 30 2522 2434 2487 3312
17650 4 2 18 30 2429 2653 2572 3307
17651 4 2 18 30 2640 2591 2528 3304
17652 4 2 18 30 2643 3283 2543 3311
17653 4 2 18 30 2654 3282 3262 3285
17654 4 2 18 30 2662 2708 2712 1083
17655 4 2 18 30 2512 2423 3292 3293
17656 4 2 18 30 2598 2677 2554 3314
17657 4 2 18 30 3260 3297 3282 3298
17658 4 2 18 30 2508 2718 1085 1086
17659 4 2 18 30 2643 2466 3283 3311
17660 4 2 18 30 2689 3291 3289 3309
17661 4 2 18 30 1098 1099 2703 2742
17662 4 2 18 30 1104 2713 1103 2745
17663 4 2 18 30 1108 1109 2723 2743
17664 4 2 18 30 2733 1111 1112 2744
17665 4 2 18 30 2594 2434 2685 3312
17666 4 2 18 30 2729 2540 1089 2735
17667 4 2 18 30 3260 3285 3282 3297
17668 4 2 18 30 2486 2598 2688 3314
17669 4 2 18 30 2660 2462 3301 3309
17670 4 2 18 30 2565 2475 2626 3313
17671 4 2 18 30 2709 2712 1082 3311
17672 4 2 18 30 2563 1091 2728 2732
17673 4 2 18 30 2565 2626 2491 3313
17674 4 2 18 30 2484 2621 2616 3299
17675 4 2 18 30 2637 3294 3276 3296
17676 4 2 18 30 2733 1112 2731 2738
17677 4 2 18 30 2618 3277 3262 3288
17678 4 2 18 30 2609 2600 2661 3302
17679 4 2 18 30 3267 3293 2629 3305
17680 4 2 18 30 2461 2549 2663 3290
17681 4 2 18 30 3255 3274 3253 3311
17682 4 2 18 30 2671 2516 3279 3315
17683 4 2 18 30 2734 1092 2728 3259
17684 4 2 18 30 3255 3282 3274 3284
17685 4 2 18 30 1084 2708 2662 1083
17686 4 2 18 30 3247 3277 3271 3288
17687 4 2 18 30 2702 2697 3246 3256
17688 4 2 18 30 2493 3286 3265 3302
17689 4 2 18 30 2719 2722 2717 3250
17690 4 2 18 30 2460 3289 2541 3309
17691 4 2 18 30 2635 3273 3272 3307
17692 4 2 18 30 3256 3290 2702 3291
17693 4 2 18 30 2530 2722 1087 2529
17694 4 2 18 30 2482 3283 3274 3284
17695 4 2 18 30 3253 3262 3248 3278
17696 4 2 18 30 3266 3300 3251 3312
17697 4 2 18 30 2512 2453 2509 3293
17698 4 2 18 30 2704 1080 2698 3299
17699 4 2 18 30 2528 2591 2604 3304
17700 4 2 18 30 2455 3293 3268 3300
17701 4 2 18 30 1085 2508 2467 3270
17702 4 2 18 30 2728 1092 1091 2563
17703 4 2 18 30 2464 2549 2696 3290
17704 4 2 18 30 2692 2691 2533 3301
17705 4 2 18 30 2434 2594 2656 3312
17706 4 2 18 30 2680 3305 3292 3306
17707 4 2 18 30 1097 2706 2738 2742
17708 4 2 18 30 2707 3248 2712 3253
17709 4 2 18 30 3253 3282 3262 3307
17710 4 2 18 30 2592 3290 2464 3297
17711 4 2 18 30 3268 3300 3266 3314
17712 4 2 18 30 3252 3267 3247 3271
17713 4 2 18 30 2595 2494 2446 3315
17714 4 2 18 30 2677 2598 2486 3314
17715 4 2 18 30 3270 3286 3265 3308
17716 4 2 18 30 2636 3281 3294 3306
17717 4 2 18 30 3255 3260 3246 3282
17718 4 2 18 30 3250 3254 2719 3263
17719 4 2 18 30 2672 2591 2447 3304
17720 4 2 18 30 1085 2467 2725 3270
17721 4 2 18 30 3274 3283 2466 3311
17722 4 2 18 30 2657 3285 3289 3290
17723 4 2 18 30 1112 2733 2744 2738
17724 4 2 18 30 2691 2692 2425 3301
17725 4 2 18 30 3271 3277 3258 3315
17726 4 2 18 30 3251 3257 3248 3265
17727 4 2 18 30 2640 2447 2591 3304
17728 4 2 18 30 3248 3265 3264 3278
17729 4 2 18 30 2685 2522 3300 3312
17730 4 2 18 30 2708 2714 1084 3257
17731 4 2 18 30 2534 2685 3300 3312
17732 4 2 18 30 2622 3286 3270 3308
17733 4 2 18 30 2512 3293 3292 3305
17734 4 2 18 30 2436 2494 2644 3310
17735 4 2 18 30 1079 2535 2549 3299
17736 4 2 18 30 3289 3309 3256 3310
17737 4 2 18 30 2587 3295 3291 3309
17738 4 2 18 30 2587 2519 2437 3291
17739 4 2 18 30 2505 1083 2662 2712
17740 4 2 18 30 2715 2709 1081 3311
17741 4 2 18 30 2525 2524 2427 3305
17742 4 2 18 30 2717 3250 2722 3251
17743 4 2 18 30 2587 2470 2519 3291
17744 4 2 18 30 3253 3248 3272 3278
17745 4 2 18 30 3279 3280 2671 3315
17746 4 2 18 30 3271 3277 2580 3288
17747 4 2 18 30 2519 1078 2549 3291
17748 4 2 18 30 2494 2435 2516 3315
17749 4 2 18 30 3251 3266 3265 3268
17750 4 2 18 30 2707 2712 2709 3253
17751 4 2 18 30 3255 3260 3282 3284
17752 4 2 18 30 3271 3258 3279 3315
17753 4 2 18 30 3250 3269 3268 3293
17754 4 2 18 30 3275 3296 2641 3313
17755 4 2 18 30 2464 2663 2549 3290
17756 4 2 18 30 3265 3266 3257 3270
17757 4 2 18 30 2542 2562 2488 3283
17758 4 2 18 30 2501 3289 3285 3310
17759 4 2 18 30 2507 2478 2734 1092
17760 4 2 18 30 3252 3275 3271 3279
17761 4 2 18 30 2748 193 2700 1097
17762 4 2 18 30 3253 3255 3246 3282
17763 4 2 18 30 194 2746 1102 2710
17764 4 2 18 30 195 2747 1107 2720
17765 4 2 18 30 1110 196 2749 2730
17766 4 2 18 30 3250 3267 3292 3293
17767 4 2 18 30 2494 2516 2446 3315
17768 4 2 18 30 3281 3305 3294 3306
17769 4 2 18 30 2644 3309 2541 3310
17770 4 2 18 30 3251 3268 3250 3269
17771 4 2 18 30 3261 3277 3256 3310
17772 4 2 18 30 2732 2729 2727 3252
17773 4 2 18 30 2660 3301 3295 3309
17774 4 2 18 30 3263 3267 3294 3305
17775 4 2 18 30 3257 3264 3248 3265
17776 4 2 18 30 2452 3286 2650 3302
17777 4 2 18 30 3255 3253 3274 3282
17778 4 2 18 30 3265 3302 3264 3303
17779 4 2 18 30 2731 193 2748 1112
17780 4 2 18 30 194 2701 1099 2746
17781 4 2 18 30 1104 195 2711 2747
17782 4 2 18 30 2721 1109 196 2749
17783 4 2 18 30 2718 2717 2722 3251
17784 4 2 18 30 3285 3289 3256 3310
17785 4 2 18 30 3261 3256 3309 3310
17786 4 2 18 30 3250 3267 3263 3292
17787 4 2 18 30 3264 3278 3265 3303
17788 4 2 18 30 3249 3259 3258 3261
17789 4 2 18 30 1081 2643 2543 3311
17790 4 2 18 30 2644 3301 3309 3310
17791 4 2 18 30 2488 190 2543 2704
17792 4 2 18 30 3249 3261 3258 3277
17793 4 2 18 30 2712 1082 2449 2505
17794 4 2 18 30 3278 3303 3272 3307
17795 4 2 18 30 2483 192 2735 2724
17796 4 2 18 30 3250 3292 3269 3293
17797 4 2 18 30 3277 3285 3256 3310
17798 4 2 18 30 2483 192 2540 2735
17799 4 2 18 30 2522 2722 1086 2530
17800 4 2 18 30 2487 2434 2656 3312
17801 4 2 18 30 1090 2492 2444 2732
17802 4 2 18 30 3253 3246 3262 3282
17803 4 2 18 30 3257 3266 3251 3270
17804 4 2 18 30 2623 2488 2543 3283
17805 4 2 18 30 2579 3310 3277 3315
17806 4 2 18 30 2442 2642 2643 3311
17807 4 2 18 30 3266 3308 3265 3314
17808 4 2 18 30 2467 1084 2714 2557
17809 4 2 18 30 2616 2535 2484 3299
17810 4 2 18 30 3274 3282 3273 3307
17811 4 2 18 30 2541 3309 3289 3310
17812 4 2 18 30 2661 2662 2452 3302
17813 4 2 18 30 3268 3269 3251 3300
17814 4 2 18 30 3272 3278 3264 3303
17815 4 2 18 30 2436 2644 2541 3310
17816 4 2 18 30 1078 2702 2549 3291
17817 4 2 18 30 3276 3281 3254 3294
17818 4 2 18 30 1081 2543 2715 3311
17819 4 2 18 30 3257 3265 3251 3266
17820 4 2 18 30 1091 2563 2492 2732
17821 4 2 18 30 3260 3262 3246 3282
17822 4 2 18 30 3290 3298 3260 3299
17823 4 2 18 30 3259 3261 3287 3304
17824 4 2 18 30 2542 2488 2623 3283
17825 4 2 18 30 2452 2609 2661 3302
17826 4 2 18 30 3290 3297 3260 3298
17827 4 2 18 30 2467 2714 191 2725
17828 4 2 18 30 3253 3274 3273 3311
17829 4 2 18 30 3289 3290 3256 3291
17830 4 2 18 30 3271 3275 3252 3296
17831 4 2 18 30 2714 2467 191 1084
17832 4 2 18 30 2442 2643 1081 3311
17833 4 2 18 30 3252 3271 3258 3279
17834 4 2 18 30 2543 190 2715 2704
17835 4 2 18 30 1079 2549 2702 3299
17836 4 2 18 30 3260 3298 3284 3299
17837 4 2 18 30 1092 189 2478 2734
17838 4 2 18 30 3254 3267 3252 3276
17839 4 2 18 30 3256 3261 3249 3277
17840 4 2 18 30 3261 3309 3301 3310
17841 4 2 18 30 3263 3305 3281 3306
17842 4 2 18 30 189 1077 2478 2705
17843 4 2 18 30 2467 191 1085 2725
17844 4 2 18 30 2705 2478 189 2734
17845 4 2 18 30 3263 3294 3281 3305
17846 4 2 18 30 3254 3263 3250 3267
17847 4 2 18 30 1080 190 2488 2704
17848 4 2 18 30 3267 3296 3294 3305
17849 4 2 18 30 3265 3270 3257 3286
17850 4 2 18 30 3262 3282 3260 3285
17851 4 2 18 30 192 2483 1088 2724
17852 4 2 18 30 190 1081 2543 2715
17853 4 2 18 30 2734 189 2705 1094
17854 4 2 18 30 2704 1096 190 2715
17855 4 2 18 30 2725 2714 191 1101
17856 4 2 18 30 192 1106 2735 2724
17857 4 2 18 30 3272 3273 3253 3307
17858 4 2 18 30 2540 192 1089 2735
17859 4 2 18 30 3267 3252 3276 3296
17860 4 2 18 30 3246 3260 3256 3285
17861 4 2 18 30 3246 3262 3260 3285
17862 4 2 18 30 3263 3254 3281 3294
17863 4 2 18 30 3289 3291 3256 3309
17864 4 2 18 30 3263 3267 3254 3294
17865 4 2 18 30 3268 3293 3269 3300
17866 4 2 18 30 3256 3285 3260 3290
17867 4 2 18 30 2519 2470 1078 3291
17868 4 2 18 30 3267 3271 3252 3296
17869 4 2 18 30 3267 3276 3254 3294
17870 4 2 18 30 3276 3294 3267 3296
17871 4 2 18 30 3266 3268 3251 3300
17872 4 2 18 30 3264 3272 3248 3278
17873 4 2 18 30 2535 1079 2484 3299
17874 4 2 18 30 3261 3256 3291 3309
17875 4 2 18 30 3260 3284 3255 3299
17876 4 2 18 30 3265 3286 3257 3302
17877 4 2 18 30 3258 3280 3279 3315
17878 4 2 18 30 3250 3263 3269 3292
17879 4 2 18 30 3273 3282 3253 3307
17880 4 2 18 30 2505 2712 1082 1083
17881 4 2 18 30 3291 3295 3261 3309
17882 4 2 18 30 1078 1079 2549 2702
17883 4 2 18 30 1090 1091 2492 2732
17884 4 2 18 30 3264 3265 3257 3302
17885 4 2 18 30 3273 3274 3253 3282
17886 4 2 18 30 1086 1087 2530 2722
17887 4 2 18 30 3261 3295 3287 3301
17888 4 2 18 30 3260 3290 3285 3297
17889 4 2 18 30 3274 3283 3255 3284
17890 4 2 18 30 3256 3289 3285 3290
17891 4 2 18 30 3292 3305 3263 3306
17892 4 2 18 30 3295 3301 3261 3309
17893 4 2 18 30 2447 2672 3259 2507
17894 4 2 18 30 2447 3259 2672 3304
17895 4 2 18 30 2611 3259 2672 2507
17896 4 2 18 30 2611 2672 3259 3304
17897 4 2 18 30 2599 3304 2563 2447
17898 4 2 18 30 2563 3304 2599 3280
17899 4 2 18 30 3253 2745 3246 2739
17900 4 2 18 30 3253 3246 2745 3248
17901 4 2 18 30 2737 3246 2745 2739
17902 4 2 18 30 2737 2745 3246 3248
17903 4 2 18 30 2727 3247 2730 2736
17904 4 2 18 30 2727 2730 3247 3252
17905 4 2 18 30 3306 2479 3281 3263
17906 4 2 18 30 3306 3281 2479 2620
17907 4 2 18 30 2522 3300 2722 3269
17908 4 2 18 30 2522 2722 3300 3312
17909 4 2 18 30 3251 2722 3300 3269
17910 4 2 18 30 3251 3300 2722 3312
17911 4 2 18 30 2515 3298 2431 2513
17912 4 2 18 30 2431 3298 2515 3282
17913 4 2 18 30 3248 2716 2713 2745
17914 4 2 18 30 3248 2713 2716 2707
17915 4 2 18 30 3302 2712 2547 2662
17916 4 2 18 30 3302 2547 2712 3264
17917 4 2 18 30 2505 2547 2712 2662
17918 4 2 18 30 2505 2712 2547 3264
17919 4 2 18 30 2508 3270 3314 2459
17920 4 2 18 30 2439 3293 2647 2629
17921 4 2 18 30 2647 3293 2439 3288
17922 4 2 18 30 1084 3302 3286 2452
17923 4 2 18 30 3286 3302 1084 3257
17924 4 2 18 30 3258 3247 2733 3249
17925 4 2 18 30 3258 2733 3247 3252
17926 4 2 18 30 3281 1088 2483 2724
17927 4 2 18 30 3281 2483 1088 2561
17928 4 2 18 30 3259 2731 3258 2728
17929 4 2 18 30 3259 3258 2731 3249
17930 4 2 18 30 2733 3258 2731 2728
17931 4 2 18 30 2733 2731 3258 3249
17932 4 2 18 30 2487 3314 2656 2688
17933 4 2 18 30 2656 3314 2487 3312
17934 4 2 18 30 3294 2537 2648 2536
17935 4 2 18 30 3294 2648 2537 3276
17936 4 2 18 30 3314 2487 2508 2459
17937 4 2 18 30 3314 2508 2487 3312
17938 4 2 18 30 3314 3265 2624 2649
17939 4 2 18 30 3287 1077 2478 2589
17940 4 2 18 30 3287 2478 1077 2705
17941 4 2 18 30 3313 3252 3296 3276
17942 4 2 18 30 3313 3296 3252 3275
17943 4 2 18 30 3292 2645 2530 3269
17944 4 2 18 30 3292 2530 2645 2457
17945 4 2 18 30 3297 2517 2657 2428
17946 4 2 18 30 3297 2657 2517 3290
17947 4 2 18 30 3263 1087 2719 2722
17948 4 2 18 30 3263 2719 1087 2479
17949 4 2 18 30 3308 2687 3286 3265
17950 4 2 18 30 3308 3286 2687 2555
17951 4 2 18 30 3312 3270 3314 2508
17952 4 2 18 30 3312 3314 3270 3266
17953 4 2 18 30 3268 3314 3265 2624
17954 4 2 18 30 3265 3314 3268 3266
17955 4 2 18 30 3275 2597 3279 2445
17956 4 2 18 30 3275 3279 2597 3271
17957 4 2 18 30 2478 3259 2552 2507
17958 4 2 18 30 2478 2552 3259 3287
17959 4 2 18 30 2610 2552 3259 2507
17960 4 2 18 30 2610 3259 2552 3287
17961 4 2 18 30 3303 2481 2547 2546
17962 4 2 18 30 3254 3247 3267 3250
17963 4 2 18 30 3254 3267 3247 3252
17964 4 2 18 30 2510 3297 2501 2428
17965 4 2 18 30 2510 2501 3297 3285
17966 4 2 18 30 2657 2501 3297 2428
17967 4 2 18 30 2657 3297 2501 3285
17968 4 2 18 30 3281 1088 2479 2561
17969 4 2 18 30 3281 2479 1088 2719
17970 4 2 18 30 3296 2473 2545 2497
17971 4 2 18 30 3296 2545 2473 3294
17972 4 2 18 30 3299 2696 2549 3290
17973 4 2 18 30 3299 2549 2696 2535
17974 4 2 18 30 3304 3315 3261 3301
17975 4 2 18 30 3261 3315 3304 3280
17976 4 2 18 30 2500 3279 2490 2532
17977 4 2 18 30 2490 3279 2500 3275
17978 4 2 18 30 3294 2559 2636 2485
17979 4 2 18 30 3294 2636 2559 3281
17980 4 2 18 30 2698 2710 1096 2709
17981 4 2 18 30 2698 1096 2710 2701
17982 4 2 18 30 2728 2700 1094 2699
17983 4 2 18 30 1094 2700 2728 2731
17984 4 2 18 30 2708 2720 1101 2718
17985 4 2 18 30 1101 2720 2708 2711
17986 4 2 18 30 2633 3303 3307 2450
17987 4 2 18 30 3307 3303 2633 3278
17988 4 2 18 30 2527 3306 3305 2524
17989 4 2 18 30 3305 3306 2527 3294
17990 4 2 18 30 3268 3248 3265 3251
17991 4 2 18 30 3268 3265 3248 3278
17992 4 2 18 30 3309 2460 2668 2520
17993 4 2 18 30 3309 2668 2460 3289
17994 4 2 18 30 2586 3298 2682 2681
17995 4 2 18 30 2586 2682 3298 3297
17996 4 2 18 30 2499 2682 3298 2681
17997 4 2 18 30 2499 3298 2682 3297
17998 4 2 18 30 3307 2548 2556 2429
17999 4 2 18 30 3307 2556 2548 3282
18000 4 2 18 30 2698 3283 2715 2704
18001 4 2 18 30 2715 3283 2698 3255
18002 4 2 18 30 2715 1096 2698 2704
18003 4 2 18 30 2698 1096 2715 3255
18004 4 2 18 30 3302 3303 2547 3264
18005 4 2 18 30 2547 3303 3302 2481
18006 4 2 18 30 3314 2675 2553 2598
18007 4 2 18 30 3314 2553 2675 3308
18008 4 2 18 30 3296 3305 2544 2545
18009 4 2 18 30 2544 3305 3296 3267
18010 4 2 18 30 3306 2525 2524 2606
18011 4 2 18 30 3306 2524 2525 3305
18012 4 2 18 30 2461 3291 2693 2519
18013 4 2 18 30 2461 2693 3291 3289
18014 4 2 18 30 2518 2693 3291 2519
18015 4 2 18 30 2518 3291 2693 3289
18016 4 2 18 30 3314 2656 2594 3312
18017 4 2 18 30 3314 2594 2656 2486
18018 4 2 18 30 3279 3252 2732 3258
18019 4 2 18 30 3279 2732 3252 3275
18020 4 2 18 30 2464 2596 3290 2696
18021 4 2 18 30 2464 3290 2596 3297
18022 4 2 18 30 3298 3290 2596 2696
18023 4 2 18 30 3298 2596 3290 3297
18024 4 2 19 31 1087 2795 1070 1071
18025 4 2 19 31 1075 1091 1074 2763
18026 4 2 19 31 1063 1079 1062 2752
18027 4 2 19 31 1083 1066 1067 2779
18028 4 2 19 31 1091 1090 1074 2763
18029 4 2 19 31 1070 1086 2795 1087
18030 4 2 19 31 1079 1078 1062 2752
18031 4 2 19 31 1083 1066 2779 1082
18032 4 2 19 31 174 1017 1116 1790
18033 4 2 19 31 1128 174 1790 1044
18034 4 2 19 31 177 1542 2785 1025
18035 4 2 19 31 2759 1016 175 1531
18036 4 2 19 31 2769 1041 173 1564
18037 4 2 19 31 1553 2801 179 1034
18038 4 2 19 31 2802 1552 177 1031
18039 4 2 19 31 2770 1563 179 1038
18040 4 2 19 31 1013 173 1530 2758
18041 4 2 19 31 175 1022 2786 1541
18042 4 2 19 31 1025 1536 2777 1024
18043 4 2 19 31 1016 1015 1525 2750
18044 4 2 19 31 1558 1041 1040 2761
18045 4 2 19 31 2793 1547 1033 1034
18046 4 2 19 31 2793 1546 1031 1032
18047 4 2 19 31 1039 1557 2761 1038
18048 4 2 19 31 1023 1022 1535 2777
18049 4 2 19 31 1014 1013 1524 2750
18050 4 2 19 31 1094 2734 189 2764
18051 4 2 19 31 1094 189 2705 2753
18052 4 2 19 31 1106 192 2796 2724
18053 4 2 19 31 2715 1096 190 2780
18054 4 2 19 31 2714 2779 191 1101
18055 4 2 19 31 2704 190 1096 2752
18056 4 2 19 31 1106 2763 192 2735
18057 4 2 19 31 2725 191 2795 1101
18058 4 2 19 31 193 2748 1121 1097
18059 4 2 19 31 1123 2748 193 1112
18060 4 2 19 31 1091 2732 1090 2763
18061 4 2 19 31 1086 2722 2795 1087
18062 4 2 19 31 2702 1078 1079 2752
18063 4 2 19 31 1083 2712 1082 2779
18064 4 2 19 31 2790 2744 1111 2789
18065 4 2 19 31 2790 1111 1123 1124
18066 4 2 19 31 1087 2796 2795 1071
18067 4 2 19 31 1091 1075 2764 2763
18068 4 2 19 31 1121 2790 1122 1098
18069 4 2 19 31 2753 1062 1078 2752
18070 4 2 19 31 1082 2780 1066 2779
18071 4 2 19 31 2773 2774 1786 1043
18072 4 2 19 31 1043 2766 1562 2765
18073 4 2 19 31 1027 1540 2781 2782
18074 4 2 19 31 2755 1529 1018 2754
18075 4 2 19 31 2798 1551 2797 1036
18076 4 2 19 31 2782 1130 1027 1131
18077 4 2 19 31 2754 1018 1117 1116
18078 4 2 19 31 2766 1129 1043 1128
18079 4 2 19 31 2797 1133 1036 1132
18080 4 2 19 31 2743 2791 1108 2789
18081 4 2 19 31 1043 2774 1128 1129
18082 4 2 19 31 1111 2790 2789 1124
18083 4 2 19 31 1018 1117 1116 2774
18084 4 2 19 31 1536 2777 2785 1025
18085 4 2 19 31 2759 1016 1525 2750
18086 4 2 19 31 1558 2769 1041 2761
18087 4 2 19 31 1547 2793 2801 1034
18088 4 2 19 31 1128 174 197 2774
18089 4 2 19 31 1116 197 174 2774
18090 4 2 19 31 1546 2802 2793 1031
18091 4 2 19 31 2770 2761 1557 1038
18092 4 2 19 31 1524 1013 2758 2750
18093 4 2 19 31 1022 1535 2777 2786
18094 4 2 19 31 1098 2790 1122 2792
18095 4 2 19 31 180 2773 1791 1042
18096 4 2 19 31 1041 181 1060 2764
18097 4 2 19 31 1056 184 2796 1034
18098 4 2 19 31 1013 1045 181 2753
18099 4 2 19 31 1103 1134 1135 2791
18100 4 2 19 31 1057 2763 184 1038
18101 4 2 19 31 1533 176 1012 2755
18102 4 2 19 31 202 180 2773 1132
18103 4 2 19 31 2790 1098 2742 2792
18104 4 2 19 31 1139 1108 1140 2789
18105 4 2 19 31 2797 1133 2798 1036
18106 4 2 19 31 1027 2781 1130 2782
18107 4 2 19 31 1117 2755 1018 2754
18108 4 2 19 31 1129 2766 1043 2765
18109 4 2 19 31 1025 183 1052 2779
18110 4 2 19 31 183 2795 1031 1053
18111 4 2 19 31 1128 1790 174 2774
18112 4 2 19 31 198 193 1123 2790
18113 4 2 19 31 2790 198 193 1121
18114 4 2 19 31 1785 2773 1036 2775
18115 4 2 19 31 203 178 2775 1131
18116 4 2 19 31 1790 1116 174 2774
18117 4 2 19 31 1041 173 181 2764
18118 4 2 19 31 184 179 2796 1034
18119 4 2 19 31 1022 182 2780 1049
18120 4 2 19 31 181 173 1013 2753
18121 4 2 19 31 1043 2773 2774 1129
18122 4 2 19 31 182 1048 1016 2752
18123 4 2 19 31 2791 1140 1108 2789
18124 4 2 19 31 179 184 2763 1038
18125 4 2 19 31 1789 1035 178 2775
18126 4 2 19 31 1565 180 2765 1030
18127 4 2 19 31 1543 1012 176 2781
18128 4 2 19 31 178 2798 1554 1021
18129 4 2 19 31 2764 189 1094 1114
18130 4 2 19 31 2753 1094 189 1114
18131 4 2 19 31 1126 192 2796 1106
18132 4 2 19 31 1119 190 1096 2780
18133 4 2 19 31 2779 1137 191 1101
18134 4 2 19 31 191 1137 2795 1101
18135 4 2 19 31 1119 1096 190 2752
18136 4 2 19 31 2763 192 1126 1106
18137 4 2 19 31 1022 1023 2780 2777
18138 4 2 19 31 1013 1014 2753 2750
18139 4 2 19 31 1041 2764 1040 2761
18140 4 2 19 31 1033 2796 2793 1034
18141 4 2 19 31 1031 2795 2793 1032
18142 4 2 19 31 2763 1039 2761 1038
18143 4 2 19 31 1015 1016 2752 2750
18144 4 2 19 31 1024 2777 1025 2779
18145 4 2 19 31 1025 177 183 2779
18146 4 2 19 31 2795 177 183 1031
18147 4 2 19 31 1139 201 196 2789
18148 4 2 19 31 2789 196 2749 1110
18149 4 2 19 31 1108 1107 2791 2743
18150 4 2 19 31 1117 1018 2776 2774
18151 4 2 19 31 1078 2702 2753 2752
18152 4 2 19 31 2712 2780 1082 2779
18153 4 2 19 31 2796 2795 2722 1087
18154 4 2 19 31 2732 1091 2764 2763
18155 4 2 19 31 175 2780 1022 182
18156 4 2 19 31 2789 2744 1111 1110
18157 4 2 19 31 1135 204 195 2791
18158 4 2 19 31 2764 181 185 1114
18159 4 2 19 31 185 181 2753 1114
18160 4 2 19 31 188 184 1126 2796
18161 4 2 19 31 1123 193 2748 2790
18162 4 2 19 31 175 182 1016 2752
18163 4 2 19 31 184 188 1126 2763
18164 4 2 19 31 2781 2777 1540 1534
18165 4 2 19 31 1134 1103 2792 2791
18166 4 2 19 31 2790 193 2748 1121
18167 4 2 19 31 187 183 1137 2779
18168 4 2 19 31 1137 183 187 2795
18169 4 2 19 31 1018 1784 2776 2774
18170 4 2 19 31 2765 1042 180 1565
18171 4 2 19 31 2781 176 1543 1026
18172 4 2 19 31 1035 178 2798 1554
18173 4 2 19 31 1019 176 1533 2755
18174 4 2 19 31 174 1010 1566 2766
18175 4 2 19 31 1030 1555 180 2797
18176 4 2 19 31 1544 2782 178 1021
18177 4 2 19 31 1120 199 176 2781
18178 4 2 19 31 1120 176 199 2755
18179 4 2 19 31 2764 1094 1113 1114
18180 4 2 19 31 2753 1113 1094 1114
18181 4 2 19 31 1101 2779 1137 1136
18182 4 2 19 31 1106 1126 2763 1125
18183 4 2 19 31 1119 1118 1096 2752
18184 4 2 19 31 1137 2795 1101 1136
18185 4 2 19 31 1096 1118 1119 2780
18186 4 2 19 31 1106 2796 1126 1125
18187 4 2 19 31 2798 178 203 1138
18188 4 2 19 31 2747 2791 195 1107
18189 4 2 19 31 182 186 1119 2780
18190 4 2 19 31 2765 180 202 1127
18191 4 2 19 31 186 182 1119 2752
18192 4 2 19 31 1140 1107 2791 1108
18193 4 2 19 31 1551 2797 2793 2798
18194 4 2 19 31 2754 2755 1529 2750
18195 4 2 19 31 2761 1562 2766 2765
18196 4 2 19 31 2777 2781 1540 2782
18197 4 2 19 31 1027 1130 2775 1131
18198 4 2 19 31 180 202 2773 1129
18199 4 2 19 31 1010 2754 174 1532
18200 4 2 19 31 185 189 2764 1114
18201 4 2 19 31 192 188 1126 2796
18202 4 2 19 31 2753 189 185 1114
18203 4 2 19 31 186 190 1119 2780
18204 4 2 19 31 2795 2722 2794 2796
18205 4 2 19 31 2732 2764 2762 2763
18206 4 2 19 31 2751 2753 2702 2752
18207 4 2 19 31 2778 2780 2712 2779
18208 4 2 19 31 1137 187 191 2795
18209 4 2 19 31 1119 190 186 2752
18210 4 2 19 31 1137 191 187 2779
18211 4 2 19 31 188 192 1126 2763
18212 4 2 19 31 2791 204 195 1140
18213 4 2 19 31 1133 1132 2773 1036
18214 4 2 19 31 2759 1525 1016 1531
18215 4 2 19 31 1536 2785 1542 1025
18216 4 2 19 31 1553 1547 2801 1034
18217 4 2 19 31 1564 2769 1041 1558
18218 4 2 19 31 1060 181 185 2764
18219 4 2 19 31 185 181 1045 2753
18220 4 2 19 31 188 184 2796 1056
18221 4 2 19 31 1525 1523 1527 2750
18222 4 2 19 31 2793 1545 1547 1549
18223 4 2 19 31 184 188 2763 1057
18224 4 2 19 31 1076 1060 185 2764
18225 4 2 19 31 1072 188 2796 1056
18226 4 2 19 31 1065 2780 186 1049
18227 4 2 19 31 1061 185 1045 2753
18228 4 2 19 31 203 178 1133 2775
18229 4 2 19 31 1552 2802 1546 1031
18230 4 2 19 31 1557 1563 2770 1038
18231 4 2 19 31 1022 1535 2786 1541
18232 4 2 19 31 2758 1530 1013 1524
18233 4 2 19 31 1068 1052 187 2779
18234 4 2 19 31 186 1064 1048 2752
18235 4 2 19 31 1073 2763 188 1057
18236 4 2 19 31 187 2795 1053 1069
18237 4 2 19 31 178 203 2782 1131
18238 4 2 19 31 183 187 1052 2779
18239 4 2 19 31 2795 183 187 1053
18240 4 2 19 31 1036 1035 1785 2775
18241 4 2 19 31 1036 2773 1133 2775
18242 4 2 19 31 2782 203 178 1138
18243 4 2 19 31 1132 202 180 2797
18244 4 2 19 31 1043 1786 2773 1042
18245 4 2 19 31 1023 2777 1539 1024
18246 4 2 19 31 1032 2793 1550 1033
18247 4 2 19 31 1528 1015 1014 2750
18248 4 2 19 31 2761 1040 1561 1039
18249 4 2 19 31 2791 1103 2792 2745
18250 4 2 19 31 1127 180 202 2797
18251 4 2 19 31 1112 1123 2748 2790
18252 4 2 19 31 1790 1128 1044 2774
18253 4 2 19 31 2789 201 196 1124
18254 4 2 19 31 1121 2748 2790 1097
18255 4 2 19 31 1017 1116 1790 2774
18256 4 2 19 31 1111 2789 1110 1124
18257 4 2 19 31 2754 1017 174 1532
18258 4 2 19 31 2766 1566 174 1044
18259 4 2 19 31 2797 1555 180 1037
18260 4 2 19 31 2782 178 1028 1544
18261 4 2 19 31 182 186 2780 1049
18262 4 2 19 31 2792 200 194 1134
18263 4 2 19 31 199 176 2776 1117
18264 4 2 19 31 2766 174 197 1128
18265 4 2 19 31 197 174 2754 1116
18266 4 2 19 31 182 186 1048 2752
18267 4 2 19 31 2773 1786 2774 2772
18268 4 2 19 31 2744 2790 2788 2789
18269 4 2 19 31 1115 174 197 2766
18270 4 2 19 31 2754 174 197 1115
18271 4 2 19 31 1130 199 176 2776
18272 4 2 19 31 1788 2776 176 1019
18273 4 2 19 31 2773 1785 2772 2775
18274 4 2 19 31 2743 2788 2791 2789
18275 4 2 19 31 2776 1130 2775 1027
18276 4 2 19 31 1540 1537 2781 1534
18277 4 2 19 31 2730 2736 2762 2727
18278 4 2 19 31 2726 2720 2717 2794
18279 4 2 19 31 2710 2716 2778 2707
18280 4 2 19 31 2706 2697 2751 2700
18281 4 2 19 31 1548 2793 1545 1546
18282 4 2 19 31 2761 1556 1559 1557
18283 4 2 19 31 1524 1526 1523 2750
18284 4 2 19 31 1122 200 194 2792
18285 4 2 19 31 2764 1041 2769 2761
18286 4 2 19 31 2796 2801 2793 1034
18287 4 2 19 31 2764 1041 173 2769
18288 4 2 19 31 2796 179 2801 1034
18289 4 2 19 31 2777 2780 1022 2786
18290 4 2 19 31 2758 1013 2753 2750
18291 4 2 19 31 173 1013 2753 2758
18292 4 2 19 31 1022 175 2786 2780
18293 4 2 19 31 2759 2752 1016 2750
18294 4 2 19 31 1025 2777 2785 2779
18295 4 2 19 31 2752 1016 175 2759
18296 4 2 19 31 1025 2785 177 2779
18297 4 2 19 31 2795 2793 2802 1031
18298 4 2 19 31 2761 2770 2763 1038
18299 4 2 19 31 2763 2770 179 1038
18300 4 2 19 31 2795 2802 177 1031
18301 4 2 19 31 1791 2773 180 1037
18302 4 2 19 31 1096 1118 2757 2752
18303 4 2 19 31 1106 2763 2768 1125
18304 4 2 19 31 1136 1101 2779 2784
18305 4 2 19 31 1136 2795 1101 2800
18306 4 2 19 31 1113 1094 2764 2767
18307 4 2 19 31 2753 1094 1113 2756
18308 4 2 19 31 2776 176 1026 1788
18309 4 2 19 31 1096 2783 1118 2780
18310 4 2 19 31 2799 2796 1106 1125
18311 4 2 19 31 176 1120 1012 2755
18312 4 2 19 31 1012 1120 176 2781
18313 4 2 19 31 1127 2765 180 1030
18314 4 2 19 31 178 2798 1021 1138
18315 4 2 19 31 1135 195 204 2784
18316 4 2 19 31 1139 196 201 2799
18317 4 2 19 31 1123 1112 1111 2790
18318 4 2 19 31 2775 1787 2776 1027
18319 4 2 19 31 2782 1540 2777 1534
18320 4 2 19 31 1562 1556 2761 2766
18321 4 2 19 31 2720 2718 2717 2794
18322 4 2 19 31 2762 2730 2727 2729
18323 4 2 19 31 1130 176 199 2781
18324 4 2 19 31 176 199 2755 1117
18325 4 2 19 31 2697 2699 2751 2700
18326 4 2 19 31 2707 2778 2710 2709
18327 4 2 19 31 1133 1035 1036 2775
18328 4 2 19 31 2773 1043 1042 1129
18329 4 2 19 31 2795 2718 2725 1101
18330 4 2 19 31 1106 2729 2763 2735
18331 4 2 19 31 2780 1050 1023 1049
18332 4 2 19 31 1046 1045 1014 2753
18333 4 2 19 31 1133 178 203 2798
18334 4 2 19 31 1040 2764 1060 1059
18335 4 2 19 31 1055 2796 1033 1056
18336 4 2 19 31 1045 1013 1014 2753
18337 4 2 19 31 1022 2780 1023 1049
18338 4 2 19 31 2796 1033 1056 1034
18339 4 2 19 31 1060 1041 2764 1040
18340 4 2 19 31 2699 1094 2705 2753
18341 4 2 19 31 2780 2715 1096 2709
18342 4 2 19 31 2746 1099 194 2792
18343 4 2 19 31 200 194 2783 1118
18344 4 2 19 31 2763 1058 1039 1057
18345 4 2 19 31 2795 1053 1054 1032
18346 4 2 19 31 1129 180 202 2765
18347 4 2 19 31 193 198 1123 2767
18348 4 2 19 31 2756 193 198 1121
18349 4 2 19 31 194 200 2757 1118
18350 4 2 19 31 2742 2737 2738 2788
18351 4 2 19 31 1784 1780 1779 2772
18352 4 2 19 31 1024 1052 1051 2779
18353 4 2 19 31 1048 1047 1015 2752
18354 4 2 19 31 1039 2763 1057 1038
18355 4 2 19 31 1053 2795 1031 1032
18356 4 2 19 31 1024 1025 1052 2779
18357 4 2 19 31 1016 1048 1015 2752
18358 4 2 19 31 1136 195 204 2800
18359 4 2 19 31 1136 204 195 2784
18360 4 2 19 31 2790 1121 1097 1098
18361 4 2 19 31 2757 2701 1095 1096
18362 4 2 19 31 2784 1100 1101 2711
18363 4 2 19 31 2799 196 201 1125
18364 4 2 19 31 2768 201 196 1125
18365 4 2 19 31 2708 2779 2714 1101
18366 4 2 19 31 2698 2704 1096 2752
18367 4 2 19 31 1106 2768 2730 1105
18368 4 2 19 31 2720 1100 1101 2800
18369 4 2 19 31 2734 1094 2728 2764
18370 4 2 19 31 1106 2796 2719 2724
18371 4 2 19 31 1132 180 2773 1037
18372 4 2 19 31 178 1789 2775 1028
18373 4 2 19 31 1106 2721 2799 1105
18374 4 2 19 31 2767 1093 1094 2731
18375 4 2 19 31 193 1093 1113 2767
18376 4 2 19 31 1113 1093 193 2756
18377 4 2 19 31 2768 1106 1125 1105
18378 4 2 19 31 2757 1095 1118 1096
18379 4 2 19 31 1100 1136 1101 2800
18380 4 2 19 31 1101 1136 1100 2784
18381 4 2 19 31 1125 196 2768 1105
18382 4 2 19 31 1095 194 2757 1118
18383 4 2 19 31 1100 1136 195 2784
18384 4 2 19 31 195 1136 1100 2800
18385 4 2 19 31 2799 196 1125 1105
18386 4 2 19 31 1095 2783 194 1118
18387 4 2 19 31 1093 1094 2700 2756
18388 4 2 19 31 2710 2783 1095 1096
18389 4 2 19 31 1109 196 2749 2789
18390 4 2 19 31 198 193 1113 2767
18391 4 2 19 31 1113 193 198 2756
18392 4 2 19 31 1783 1779 1786 2772
18393 4 2 19 31 2788 2737 2744 2741
18394 4 2 19 31 2740 2791 1107 2743
18395 4 2 19 31 1782 1785 1035 2775
18396 4 2 19 31 1094 1113 1093 2767
18397 4 2 19 31 1094 1093 1113 2756
18398 4 2 19 31 1125 1106 2799 1105
18399 4 2 19 31 1118 1095 2783 1096
18400 4 2 19 31 2792 194 2746 1102
18401 4 2 19 31 2744 2789 2741 1110
18402 4 2 19 31 1783 2773 1786 1042
18403 4 2 19 31 1028 2775 178 1131
18404 4 2 19 31 2795 2718 1101 2800
18405 4 2 19 31 2729 2763 2768 1106
18406 4 2 19 31 1786 2773 1783 2772
18407 4 2 19 31 2789 2788 2744 2741
18408 4 2 19 31 1137 1020 1138 2785
18409 4 2 19 31 1011 1119 2759 1120
18410 4 2 19 31 1127 1126 2770 1029
18411 4 2 19 31 2802 1020 1138 1137
18412 4 2 19 31 1114 1115 1009 2758
18413 4 2 19 31 1009 1115 1114 2769
18414 4 2 19 31 1011 2786 1119 1120
18415 4 2 19 31 1127 2801 1126 1029
18416 4 2 19 31 1010 174 1115 2766
18417 4 2 19 31 1021 2782 178 1138
18418 4 2 19 31 174 2754 1010 1115
18419 4 2 19 31 1030 180 1127 2797
18420 4 2 19 31 2774 1784 2776 2772
18421 4 2 19 31 2792 2742 2790 2788
18422 4 2 19 31 1140 1108 1139 2803
18423 4 2 19 31 1536 1539 2777 1024
18424 4 2 19 31 1528 1525 1015 2750
18425 4 2 19 31 1040 1561 1558 2761
18426 4 2 19 31 1547 1550 2793 1033
18427 4 2 19 31 1134 2787 1103 1135
18428 4 2 19 31 1018 1019 1529 2755
18429 4 2 19 31 2753 2699 1094 2756
18430 4 2 19 31 2780 1096 2783 2709
18431 4 2 19 31 1009 1010 1526 2758
18432 4 2 19 31 1012 1011 2786 1537
18433 4 2 19 31 1559 2770 1029 1030
18434 4 2 19 31 1020 1021 1548 2802
18435 4 2 19 31 2698 1096 2757 2752
18436 4 2 19 31 2708 2779 1101 2784
18437 4 2 19 31 2720 1101 2718 2800
18438 4 2 19 31 2729 2768 2730 1106
18439 4 2 19 31 1042 180 2773 1129
18440 4 2 19 31 2774 1128 1044 1043
18441 4 2 19 31 1108 1107 2726 2803
18442 4 2 19 31 2771 1111 2736 1110
18443 4 2 19 31 2760 2706 1097 1098
18444 4 2 19 31 1102 2716 1103 2787
18445 4 2 19 31 196 1109 1139 2789
18446 4 2 19 31 2732 2762 2727 2729
18447 4 2 19 31 2722 2717 2718 2794
18448 4 2 19 31 2712 2778 2707 2709
18449 4 2 19 31 2702 2697 2699 2751
18450 4 2 19 31 1094 2728 2764 2767
18451 4 2 19 31 2799 2796 2719 1106
18452 4 2 19 31 2757 2701 1096 2698
18453 4 2 19 31 2784 1101 2708 2711
18454 4 2 19 31 1107 2791 195 1140
18455 4 2 19 31 2700 1094 2699 2756
18456 4 2 19 31 2710 2783 1096 2709
18457 4 2 19 31 2801 1029 1030 1549
18458 4 2 19 31 2769 1009 1010 1560
18459 4 2 19 31 2759 1011 1012 1527
18460 4 2 19 31 1020 1538 1021 2785
18461 4 2 19 31 2791 195 1104 2747
18462 4 2 19 31 2783 194 200 1134
18463 4 2 19 31 1546 2793 1550 1032
18464 4 2 19 31 1557 2761 1561 1039
18465 4 2 19 31 2777 1535 1023 1539
18466 4 2 19 31 1524 1528 1014 2750
18467 4 2 19 31 2742 1098 1099 2792
18468 4 2 19 31 1035 1133 178 2775
18469 4 2 19 31 2719 2721 2799 1106
18470 4 2 19 31 1094 2728 2767 2731
18471 4 2 19 31 2800 195 204 1140
18472 4 2 19 31 1055 1071 2796 1072
18473 4 2 19 31 1059 2764 1076 1075
18474 4 2 19 31 1542 1020 177 2785
18475 4 2 19 31 1531 175 2759 1011
18476 4 2 19 31 173 1009 2769 1564
18477 4 2 19 31 1553 179 2801 1029
18478 4 2 19 31 1116 1017 1018 2774
18479 4 2 19 31 1081 2780 186 1065
18480 4 2 19 31 1061 1077 185 2753
18481 4 2 19 31 1088 188 2796 1072
18482 4 2 19 31 185 1092 1076 2764
18483 4 2 19 31 2770 179 1563 1029
18484 4 2 19 31 1552 177 1020 2802
18485 4 2 19 31 1530 173 1009 2758
18486 4 2 19 31 2786 175 1541 1011
18487 4 2 19 31 1122 1099 1098 2792
18488 4 2 19 31 1063 1047 1064 2752
18489 4 2 19 31 1067 1051 1068 2779
18490 4 2 19 31 2795 187 1085 1069
18491 4 2 19 31 1089 2763 188 1073
18492 4 2 19 31 187 1084 1068 2779
18493 4 2 19 31 1080 1064 186 2752
18494 4 2 19 31 1104 1135 195 2791
18495 4 2 19 31 1782 2772 1785 2775
18496 4 2 19 31 2791 2740 2788 2743
18497 4 2 19 31 2737 2788 2743 2741
18498 4 2 19 31 1785 1779 1783 2772
18499 4 2 19 31 2780 1066 1050 1065
18500 4 2 19 31 1061 1046 1062 2753
18501 4 2 19 31 2772 1787 2776 2775
18502 4 2 19 31 2792 2791 2745 2788
18503 4 2 19 31 1122 2760 1121 1098
18504 4 2 19 31 1132 2797 1037 1036
18505 4 2 19 31 1044 1128 2766 1043
18506 4 2 19 31 2782 1027 1028 1131
18507 4 2 19 31 2754 1017 1018 1116
18508 4 2 19 31 1054 1069 2795 1070
18509 4 2 19 31 1074 1058 2763 1073
18510 4 2 19 31 1110 2789 196 1124
18511 4 2 19 31 2771 1123 1111 1124
18512 4 2 19 31 2758 1526 1009 1524
18513 4 2 19 31 1535 2786 1011 1537
18514 4 2 19 31 2802 1548 1020 1546
18515 4 2 19 31 1557 1559 2770 1029
18516 4 2 19 31 2792 1102 1103 1134
18517 4 2 19 31 2754 174 1017 1116
18518 4 2 19 31 1128 2766 174 1044
18519 4 2 19 31 180 1132 2797 1037
18520 4 2 19 31 2782 1028 178 1131
18521 4 2 19 31 185 189 1092 2764
18522 4 2 19 31 192 188 2796 1088
18523 4 2 19 31 1077 189 185 2753
18524 4 2 19 31 186 190 2780 1081
18525 4 2 19 31 1046 1061 1045 2753
18526 4 2 19 31 1050 2780 1065 1049
18527 4 2 19 31 2796 1055 1072 1056
18528 4 2 19 31 2764 1076 1060 1059
18529 4 2 19 31 1084 187 191 2779
18530 4 2 19 31 1080 186 190 2752
18531 4 2 19 31 188 192 2763 1089
18532 4 2 19 31 2795 187 191 1085
18533 4 2 19 31 1058 2763 1073 1057
18534 4 2 19 31 1069 2795 1053 1054
18535 4 2 19 31 1048 1064 1047 2752
18536 4 2 19 31 1052 1068 1051 2779
18537 4 2 19 31 2757 2703 2701 2698
18538 4 2 19 31 2713 2784 2708 2711
18539 4 2 19 31 1122 194 200 2757
18540 4 2 19 31 1551 1037 2797 1036
18541 4 2 19 31 2766 1562 1044 1043
18542 4 2 19 31 1028 1540 1027 2782
18543 4 2 19 31 2713 1103 2787 1104
18544 4 2 19 31 1099 2703 2760 1098
18545 4 2 19 31 1035 1789 1782 2775
18546 4 2 19 31 2747 2740 2791 1107
18547 4 2 19 31 1109 1108 2723 2803
18548 4 2 19 31 1111 1112 2771 2733
18549 4 2 19 31 2741 2789 2749 1110
18550 4 2 19 31 2773 1783 1791 1042
18551 4 2 19 31 1538 1540 2782 1534
18552 4 2 19 31 1556 1562 1560 2766
18553 4 2 19 31 1115 1009 1010 2769
18554 4 2 19 31 1010 1009 1115 2758
18555 4 2 19 31 1029 1127 2801 1030
18556 4 2 19 31 1120 1011 2786 1012
18557 4 2 19 31 1020 1138 1021 2802
18558 4 2 19 31 2759 1011 1120 1012
18559 4 2 19 31 2770 1127 1029 1030
18560 4 2 19 31 1021 1138 1020 2785
18561 4 2 19 31 1009 2769 1558 1560
18562 4 2 19 31 1029 2801 1547 1549
18563 4 2 19 31 1011 2759 1525 1527
18564 4 2 19 31 2785 1020 1538 1536
18565 4 2 19 31 2723 2721 2799 2719
18566 4 2 19 31 2728 2767 2731 2733
18567 4 2 19 31 2755 1525 1527 2750
18568 4 2 19 31 196 201 2768 1124
18569 4 2 19 31 2800 2795 2718 2794
18570 4 2 19 31 2763 2768 2762 2729
18571 4 2 19 31 2712 2707 2778 2708
18572 4 2 19 31 2702 2697 2751 2698
18573 4 2 19 31 2728 2762 2727 2732
18574 4 2 19 31 2722 2717 2794 2719
18575 4 2 19 31 189 2734 1092 2764
18576 4 2 19 31 1088 2796 192 2724
18577 4 2 19 31 2780 190 2715 1081
18578 4 2 19 31 1077 2705 189 2753
18579 4 2 19 31 1527 2759 1525 2755
18580 4 2 19 31 2708 2707 2778 2713
18581 4 2 19 31 2703 2751 2697 2698
18582 4 2 19 31 1779 1781 1784 2772
18583 4 2 19 31 2737 2742 2739 2788
18584 4 2 19 31 2733 2728 2762 2727
18585 4 2 19 31 2794 2717 2723 2719
18586 4 2 19 31 2778 2780 2783 2709
18587 4 2 19 31 2699 2753 2751 2756
18588 4 2 19 31 2779 191 1084 2714
18589 4 2 19 31 1080 190 2704 2752
18590 4 2 19 31 1089 192 2763 2735
18591 4 2 19 31 1085 191 2795 2725
18592 4 2 19 31 1540 2781 1537 1027
18593 4 2 19 31 2765 1562 1043 1559
18594 4 2 19 31 1548 1551 2798 1036
18595 4 2 19 31 2718 2795 2722 2794
18596 4 2 19 31 2762 2732 2763 2729
18597 4 2 19 31 2779 2708 2778 2784
18598 4 2 19 31 2698 2757 2751 2752
18599 4 2 19 31 2755 2759 1525 2750
18600 4 2 19 31 1135 2787 1103 1104
18601 4 2 19 31 1108 1109 1139 2803
18602 4 2 19 31 2771 1123 1112 1111
18603 4 2 19 31 1097 1121 2760 1098
18604 4 2 19 31 2780 2778 2712 2709
18605 4 2 19 31 2753 2702 2699 2751
18606 4 2 19 31 1019 2776 176 1117
18607 4 2 19 31 2767 1123 193 1112
18608 4 2 19 31 1121 2756 193 1097
18609 4 2 19 31 1139 1109 196 2799
18610 4 2 19 31 1103 1102 2792 2745
18611 4 2 19 31 2698 2751 2702 2752
18612 4 2 19 31 2708 2778 2712 2779
18613 4 2 19 31 2796 2794 2799 2719
18614 4 2 19 31 2762 2764 2728 2767
18615 4 2 19 31 2722 2794 2796 2719
18616 4 2 19 31 2762 2728 2764 2732
18617 4 2 19 31 2784 1135 195 1104
18618 4 2 19 31 1102 2792 194 1134
18619 4 2 19 31 1139 1109 1108 2789
18620 4 2 19 31 2776 1784 1018 1019
18621 4 2 19 31 1103 1135 1104 2791
18622 4 2 19 31 2784 2708 2778 2713
18623 4 2 19 31 2703 2757 2751 2698
18624 4 2 19 31 1019 1018 2776 1117
18625 4 2 19 31 1781 2776 1784 2772
18626 4 2 19 31 2792 2739 2742 2788
18627 4 2 19 31 1026 1130 176 2776
18628 4 2 19 31 2794 2723 2799 2719
18629 4 2 19 31 2767 2728 2762 2733
18630 4 2 19 31 2788 2740 2737 2743
18631 4 2 19 31 2772 1785 1779 1782
18632 4 2 19 31 2744 1111 1112 2790
18633 4 2 19 31 175 1119 2759 1011
18634 4 2 19 31 179 2770 1126 1029
18635 4 2 19 31 2802 177 1020 1137
18636 4 2 19 31 1137 177 1020 2785
18637 4 2 19 31 1114 1009 173 2758
18638 4 2 19 31 173 1009 1114 2769
18639 4 2 19 31 1126 2801 179 1029
18640 4 2 19 31 1119 175 2786 1011
18641 4 2 19 31 1099 1122 194 2792
18642 4 2 19 31 2730 2762 2736 2768
18643 4 2 19 31 2720 2726 2800 2794
18644 4 2 19 31 2768 2730 2762 2729
18645 4 2 19 31 2718 2720 2800 2794
18646 4 2 19 31 2706 2760 2751 2703
18647 4 2 19 31 2778 2716 2787 2713
18648 4 2 19 31 2803 2726 2723 2794
18649 4 2 19 31 2762 2771 2733 2736
18650 4 2 19 31 2700 2751 2706 2756
18651 4 2 19 31 2710 2716 2783 2778
18652 4 2 19 31 2797 2793 1547 1549
18653 4 2 19 31 2700 2699 2751 2756
18654 4 2 19 31 2778 2783 2710 2709
18655 4 2 19 31 1779 1787 1781 2772
18656 4 2 19 31 2745 2737 2739 2788
18657 4 2 19 31 1012 2786 1120 2781
18658 4 2 19 31 1012 1120 2759 2755
18659 4 2 19 31 1127 2770 2765 1030
18660 4 2 19 31 2798 1021 1138 2802
18661 4 2 19 31 1018 1019 2755 1117
18662 4 2 19 31 1026 2781 1130 1027
18663 4 2 19 31 1043 1042 1129 2765
18664 4 2 19 31 1035 2798 1133 1036
18665 4 2 19 31 2803 2800 2726 2794
18666 4 2 19 31 2762 2771 2736 2768
18667 4 2 19 31 2751 2760 2706 2756
18668 4 2 19 31 2716 2787 2783 2778
18669 4 2 19 31 1538 2782 2785 1536
18670 4 2 19 31 2797 1547 2801 1549
18671 4 2 19 31 1560 2769 1558 2766
18672 4 2 19 31 1098 1097 2790 2742
18673 4 2 19 31 2785 2782 2777 1536
18674 4 2 19 31 2801 2793 1547 2797
18675 4 2 19 31 2761 1558 2769 2766
18676 4 2 19 31 1779 1787 2772 1782
18677 4 2 19 31 2745 2740 2737 2788
18678 4 2 19 31 1129 1042 180 2765
18679 4 2 19 31 2798 1133 178 1035
18680 4 2 19 31 2781 1130 176 1026
18681 4 2 19 31 2755 1019 176 1117
18682 4 2 19 31 1526 1018 1529 2754
18683 4 2 19 31 2706 2760 2703 1098
18684 4 2 19 31 2716 1103 2787 2713
18685 4 2 19 31 2733 2771 1111 2736
18686 4 2 19 31 2723 1108 2726 2803
18687 4 2 19 31 2787 1102 2716 2783
18688 4 2 19 31 2760 2706 2756 1097
18689 4 2 19 31 2800 2726 1107 2803
18690 4 2 19 31 1110 2736 2771 2768
18691 4 2 19 31 1026 1537 2781 1027
18692 4 2 19 31 1043 1042 2765 1559
18693 4 2 19 31 1035 1548 2798 1036
18694 4 2 19 31 2736 2733 2762 2727
18695 4 2 19 31 2726 2717 2723 2794
18696 4 2 19 31 2716 2778 2707 2713
18697 4 2 19 31 2706 2751 2697 2703
18698 4 2 19 31 2789 2743 2788 2741
18699 4 2 19 31 1783 2773 1785 2772
18700 4 2 19 31 2776 1026 1130 1027
18701 4 2 19 31 1784 2776 1781 1019
18702 4 2 19 31 2739 2742 1099 2792
18703 4 2 19 31 1026 2776 1787 1027
18704 4 2 19 31 1037 2773 1132 1036
18705 4 2 19 31 2775 1028 1027 1131
18706 4 2 19 31 2739 2792 2745 2788
18707 4 2 19 31 2776 1781 1787 2772
18708 4 2 19 31 2781 1012 2786 1537
18709 4 2 19 31 2798 1548 1021 2802
18710 4 2 19 31 2770 1559 2765 1030
18711 4 2 19 31 1010 1115 2769 2766
18712 4 2 19 31 1115 2754 1010 2758
18713 4 2 19 31 1030 1127 2801 2797
18714 4 2 19 31 1138 1021 2782 2785
18715 4 2 19 31 2751 2760 2757 2703
18716 4 2 19 31 2778 2787 2784 2713
18717 4 2 19 31 1044 1786 2774 1043
18718 4 2 19 31 2803 2723 2799 2794
18719 4 2 19 31 2762 2771 2767 2733
18720 4 2 19 31 1012 2759 1527 2755
18721 4 2 19 31 1556 2761 1561 1557
18722 4 2 19 31 1550 1545 2793 1546
18723 4 2 19 31 1523 1528 1524 2750
18724 4 2 19 31 2777 1535 1539 1534
18725 4 2 19 31 2702 1079 2698 2752
18726 4 2 19 31 1083 2708 2712 2779
18727 4 2 19 31 1087 2722 2796 2719
18728 4 2 19 31 1091 2764 2728 2732
18729 4 2 19 31 2783 1102 194 1134
18730 4 2 19 31 2770 1563 1557 1029
18731 4 2 19 31 1020 1552 2802 1546
18732 4 2 19 31 1009 1530 2758 1524
18733 4 2 19 31 1535 2786 1541 1011
18734 4 2 19 31 2785 1542 1020 1536
18735 4 2 19 31 1531 2759 1525 1011
18736 4 2 19 31 1009 2769 1564 1558
18737 4 2 19 31 1553 2801 1547 1029
18738 4 2 19 31 2799 1139 1109 2803
18739 4 2 19 31 2771 1123 2767 1112
18740 4 2 19 31 1121 2760 2756 1097
18741 4 2 19 31 2800 1107 195 1140
18742 4 2 19 31 2718 2722 2795 1086
18743 4 2 19 31 2732 1090 2763 2729
18744 4 2 19 31 2712 1082 2780 2709
18745 4 2 19 31 2702 2699 1078 2753
18746 4 2 19 31 2787 1135 2784 1104
18747 4 2 19 31 2723 2799 1109 2803
18748 4 2 19 31 1112 2767 2771 2733
18749 4 2 19 31 2703 2760 2757 1099
18750 4 2 19 31 2787 2784 2713 1104
18751 4 2 19 31 1523 1525 1528 2750
18752 4 2 19 31 1534 1539 2777 1536
18753 4 2 19 31 1561 1558 2761 1556
18754 4 2 19 31 1547 1550 1545 2793
18755 4 2 19 31 1108 1140 1107 2803
18756 4 2 19 31 2787 1103 1102 1134
18757 4 2 19 31 1026 2776 1781 1787
18758 4 2 19 31 2739 2792 1102 2745
18759 4 2 19 31 1526 1017 1018 2754
18760 4 2 19 31 1784 1018 1017 2774
18761 4 2 19 31 1788 1781 2776 1019
18762 4 2 19 31 2739 1099 2746 2792
18763 4 2 19 31 2700 193 1093 2756
18764 4 2 19 31 194 2710 2783 1095
18765 4 2 19 31 2720 195 1100 2800
18766 4 2 19 31 196 2730 2768 1105
18767 4 2 19 31 2742 2738 2790 2788
18768 4 2 19 31 1780 1784 2774 2772
18769 4 2 19 31 2767 193 1093 2731
18770 4 2 19 31 196 2799 2721 1105
18771 4 2 19 31 2791 2740 2745 2788
18772 4 2 19 31 1782 1787 2772 2775
18773 4 2 19 31 194 2757 2701 1095
18774 4 2 19 31 195 1100 2784 2711
18775 4 2 19 31 2791 1104 1103 2745
18776 4 2 19 31 1010 2754 1526 2758
18777 4 2 19 31 2757 1122 194 1099
18778 4 2 19 31 2743 1108 1109 2789
18779 4 2 19 31 2768 1110 196 1124
18780 4 2 19 31 1010 2769 1560 2766
18781 4 2 19 31 2801 1030 2797 1549
18782 4 2 19 31 1538 2782 1021 2785
18783 4 2 19 31 2738 2744 1112 2790
18784 4 2 19 31 2774 1786 1044 1780
18785 4 2 19 31 2760 1122 1099 1098
18786 4 2 19 31 1110 2771 1111 1124
18787 4 2 19 31 1781 2776 1026 1788
18788 4 2 19 31 2746 2739 2792 1102
18789 4 2 19 31 1097 2738 2790 2742
18790 4 2 19 31 2774 1017 1784 1780
18791 4 2 19 31 1071 1087 2796 1072
18792 4 2 19 31 1075 2764 1076 1091
18793 4 2 19 31 1079 1063 1064 2752
18794 4 2 19 31 1068 1083 1067 2779
18795 4 2 19 31 1085 2718 2795 1086
18796 4 2 19 31 1089 2763 1090 2729
18797 4 2 19 31 2709 1082 2780 1081
18798 4 2 19 31 2699 1077 1078 2753
18799 4 2 19 31 1082 1066 2780 1065
18800 4 2 19 31 1062 1078 1061 2753
18801 4 2 19 31 1086 2795 1069 1070
18802 4 2 19 31 1090 1074 2763 1073
18803 4 2 19 31 1079 1080 2698 2752
18804 4 2 19 31 1084 2708 1083 2779
18805 4 2 19 31 1088 1087 2796 2719
18806 4 2 19 31 2764 2728 1092 1091
18807 4 2 19 31 2783 2787 1102 1134
18808 4 2 19 31 1104 2791 2740 2745
18809 4 2 19 31 2775 1782 1787 1028
18810 4 2 19 31 1140 2800 1107 2803
18811 4 2 19 31 1785 2773 1783 1037
18812 4 2 19 31 2789 1109 2743 2741
18813 4 2 19 31 2710 1102 194 2783
18814 4 2 19 31 2756 2700 193 1097
18815 4 2 19 31 2730 1110 196 2768
18816 4 2 19 31 2720 1107 195 2800
18817 4 2 19 31 1787 2775 1028 1027
18818 4 2 19 31 1785 2773 1037 1036
18819 4 2 19 31 2731 2767 193 1112
18820 4 2 19 31 2799 1109 196 2721
18821 4 2 19 31 2711 2784 195 1104
18822 4 2 19 31 2701 2757 194 1099
18823 4 2 19 31 1019 1527 1529 2755
18824 4 2 19 31 1789 1782 2775 1028
18825 4 2 19 31 2740 2791 1104 2747
18826 4 2 19 31 2789 2749 1109 2741
18827 4 2 19 31 1791 1783 2773 1037
18828 4 2 19 31 2706 2700 2756 1097
18829 4 2 19 31 1102 2710 2716 2783
18830 4 2 19 31 1107 2720 2726 2800
18831 4 2 19 31 2736 1110 2730 2768
18832 4 2 19 31 2795 2718 1085 2725
18833 4 2 19 31 2729 1089 2763 2735
18834 4 2 19 31 1088 2796 1087 1072
18835 4 2 19 31 1092 1076 2764 1091
18836 4 2 19 31 1081 1082 2780 1065
18837 4 2 19 31 1077 1061 1078 2753
18838 4 2 19 31 2760 1122 2757 1099
18839 4 2 19 31 2780 2715 2709 1081
18840 4 2 19 31 1077 2699 2705 2753
18841 4 2 19 31 1079 1064 1080 2752
18842 4 2 19 31 1083 1068 1084 2779
18843 4 2 19 31 1069 1085 2795 1086
18844 4 2 19 31 1089 1090 2763 1073
18845 4 2 19 31 2771 1110 2768 1124
18846 4 2 19 31 1084 2708 2779 2714
18847 4 2 19 31 2698 1080 2704 2752
18848 4 2 19 31 2796 1088 2719 2724
18849 4 2 19 31 2734 2728 1092 2764
18850 4 2 19 31 1565 2765 1559 1030
18851 4 2 19 31 2781 1543 1012 1537
18852 4 2 19 31 2798 1548 1554 1021
18853 4 2 19 31 2774 1044 1790 1780
18854 4 2 19 31 2738 1112 2748 2790
18855 4 2 19 31 1527 1533 1012 2755
18856 4 2 19 31 2797 1549 1037 1551
18857 4 2 19 31 1562 1560 2766 1044
18858 4 2 19 31 1028 1538 1540 2782
18859 4 2 19 31 2721 2799 1109 2723
18860 4 2 19 31 1112 2731 2767 2733
18861 4 2 19 31 2774 1790 1017 1780
18862 4 2 19 31 2748 2738 2790 1097
18863 4 2 19 31 2701 2703 2757 1099
18864 4 2 19 31 2711 2713 2784 1104
18865 4 2 19 31 1527 1019 1533 2755
18866 4 2 19 31 1526 2754 1010 1532
18867 4 2 19 31 2798 1548 1035 1554
18868 4 2 19 31 1042 2765 1559 1565
18869 4 2 19 31 1537 2781 1543 1026
18870 4 2 19 31 1560 1566 1010 2766
18871 4 2 19 31 1538 2782 1544 1021
18872 4 2 19 31 2797 1030 1555 1549
18873 4 2 19 31 1549 1555 2797 1037
18874 4 2 19 31 2766 1560 1566 1044
18875 4 2 19 31 1028 1538 2782 1544
18876 4 2 19 31 2754 1526 1017 1532
18877 4 2 19 31 2779 1051 1066 1067
18878 4 2 19 31 1062 2752 1047 1063
18879 4 2 19 31 1059 1074 2763 1075
18880 4 2 19 31 2763 2764 1059 1075
18881 4 2 19 31 2796 1055 2795 1071
18882 4 2 19 31 1070 2795 1055 1071
18883 4 2 19 31 2779 1051 2780 1066
18884 4 2 19 31 1050 2780 1051 1066
18885 4 2 19 31 1047 1046 2753 1062
18886 4 2 19 31 2753 2752 1047 1062
18887 4 2 19 31 2795 1055 1054 1070
18888 4 2 19 31 1059 1058 2763 1074
18889 4 2 19 31 1014 2753 1047 1046
18890 4 2 19 31 1039 2763 1059 1058
18891 4 2 19 31 1055 1032 2795 1054
18892 4 2 19 31 2780 1051 1023 1050
18893 4 2 19 31 1024 2779 2780 2777
18894 4 2 19 31 2780 2779 1024 1051
18895 4 2 19 31 2780 1023 1024 2777
18896 4 2 19 31 1024 1023 2780 1051
18897 4 2 19 31 1032 1033 2795 2793
18898 4 2 19 31 1032 2795 1033 1055
18899 4 2 19 31 2796 2795 1033 2793
18900 4 2 19 31 2796 1033 2795 1055
18901 4 2 19 31 2764 1040 2763 1059
18902 4 2 19 31 2764 2763 1040 2761
18903 4 2 19 31 1039 2763 1040 1059
18904 4 2 19 31 1039 1040 2763 2761
18905 4 2 19 31 2752 1015 2753 1047
18906 4 2 19 31 2752 2753 1015 2750
18907 4 2 19 31 1014 2753 1015 1047
18908 4 2 19 31 1014 1015 2753 2750
18909 4 2 19 31 179 1126 2763 184
18910 4 2 19 31 2763 1126 179 2770
18911 4 2 19 31 173 1114 2753 181
18912 4 2 19 31 2753 1114 173 2758
18913 4 2 19 31 1126 179 2796 184
18914 4 2 19 31 1126 2796 179 2801
18915 4 2 19 31 1114 173 2764 181
18916 4 2 19 31 2764 173 1114 2769
18917 4 2 19 31 1137 177 2795 2802
18918 4 2 19 31 1137 2795 177 183
18919 4 2 19 31 1137 177 2779 183
18920 4 2 19 31 2779 177 1137 2785
18921 4 2 19 31 1119 175 2752 182
18922 4 2 19 31 1119 2752 175 2759
18923 4 2 19 31 175 1119 2780 182
18924 4 2 19 31 2780 1119 175 2786
18925 4 2 19 31 1527 2750 1529 2755
18926 4 2 19 31 1529 2750 1527 1523
18927 4 2 19 31 1559 2761 1562 1556
18928 4 2 19 31 1559 1562 2761 2765
18929 4 2 19 31 2793 1548 1551 2798
18930 4 2 19 31 1551 1548 2793 1545
18931 4 2 19 31 2802 1548 2793 2798
18932 4 2 19 31 2802 2793 1548 1546
18933 4 2 19 31 1559 2770 2761 1557
18934 4 2 19 31 2761 2770 1559 2765
18935 4 2 19 31 2786 1537 1534 2781
18936 4 2 19 31 1534 1537 2786 1535
18937 4 2 19 31 1534 2777 2786 2781
18938 4 2 19 31 2786 2777 1534 1535
18939 4 2 19 31 2750 1526 1529 2754
18940 4 2 19 31 2750 1529 1526 1523
18941 4 2 19 31 1534 2782 1536 2777
18942 4 2 19 31 1534 1536 2782 1538
18943 4 2 19 31 2766 1556 1558 1560
18944 4 2 19 31 2766 1558 1556 2761
18945 4 2 19 31 2793 1549 1551 1545
18946 4 2 19 31 1551 1549 2793 2797
18947 4 2 19 31 2758 1526 2750 2754
18948 4 2 19 31 2750 1526 2758 1524
18949 4 2 19 31 2788 2738 2744 2737
18950 4 2 19 31 2788 2744 2738 2790
18951 4 2 19 31 1780 2772 1786 1779
18952 4 2 19 31 1786 2772 1780 2774
$EndElements
