$MeshFormat
2.2 0 8
$EndMeshFormat
$PhysicalNames
24
2 2 "Metal1_1_xy"
2 3 "Metal1_1_z"
2 4 "TopMetal1_1_xy"
2 5 "TopMetal1_1_z"
2 6 "TopMetal1_2_xy"
2 7 "TopMetal1_2_z"
2 8 "TopMetal1_3_xy"
2 9 "TopMetal1_3_z"
2 10 "TopMetal2_1_xy"
2 11 "TopMetal2_1_z"
2 12 "TopMetal2_2_xy"
2 13 "TopMetal2_2_z"
2 20 "P1"
2 21 "P2"
2 22 "Absorbing_boundary"
2 23 "PEC_boundary"
2 24 "PMC_boundary"
3 1 "TopVia2"
3 14 "AIR"
3 15 "Passive"
3 16 "SiO2"
3 17 "EPI"
3 18 "Substrate"
3 19 "airbox"
$EndPhysicalNames
$Nodes
3160
1 -3 -27.11 190.1803
2 -1 -27.11 190.1803
3 -3 -27.11 192.1803
4 -3 -63.11 192.1803
5 -1 -63.11 192.1803
6 -1 -27.11 192.1803
7 1 -27.11 190.1803
8 3 -27.11 190.1803
9 1 -27.11 192.1803
10 1 -63.11 192.1803
11 3 -63.11 192.1803
12 3 -27.11 192.1803
13 -5.24 33.11 190.1803
14 -5.24 31.11 190.1803
15 -2.414 31.11 190.1803
16 1.586 27.11 190.1803
17 5.24 27.11 190.1803
18 5.24 29.11 190.1803
19 2.414 29.11 190.1803
20 -1.586 33.11 190.1803
21 -5.24 33.11 192.1803
22 -5.24 31.11 192.1803
23 -2.414 31.11 192.1803
24 1.586 27.11 192.1803
25 5.24 27.11 192.1803
26 5.24 29.11 192.1803
27 2.414 29.11 192.1803
28 -1.586 33.11 192.1803
29 -3.8 32.56 192.1803
30 -4.7 32.56 192.1803
31 -4.7 31.66 192.1803
32 -3.8 31.66 192.1803
33 -3.8 32.56 194.9803
34 -4.7 32.56 194.9803
35 -4.7 31.66 194.9803
36 -3.8 31.66 194.9803
37 4.7 28.56 192.1803
38 3.8 28.56 192.1803
39 3.8 27.66 192.1803
40 4.7 27.66 192.1803
41 4.7 28.56 194.9803
42 3.8 28.56 194.9803
43 3.8 27.66 194.9803
44 4.7 27.66 194.9803
45 2.45 -27.66 192.1803
46 1.55 -27.66 192.1803
47 1.55 -28.56 192.1803
48 2.45 -28.56 192.1803
49 2.45 -27.66 194.9803
50 1.55 -27.66 194.9803
51 1.55 -28.56 194.9803
52 2.45 -28.56 194.9803
53 -1.55 -27.66 192.1803
54 -2.45 -27.66 192.1803
55 -2.45 -28.56 192.1803
56 -1.55 -28.56 192.1803
57 -1.55 -27.66 194.9803
58 -2.45 -27.66 194.9803
59 -2.45 -28.56 194.9803
60 -1.55 -28.56 194.9803
61 66.22 -66.22 184.79
62 66.22 66.22 184.79
63 66.22 66.22 185.21
64 66.22 -66.22 185.21
65 -66.22 66.22 184.79
66 -66.22 -66.22 184.79
67 -4 -66.22 184.79
68 -4 -61.11 184.79
69 4 -61.11 184.79
70 4 -66.22 184.79
71 76.22 76.22 184.79
72 76.22 -76.22 184.79
73 -76.22 -76.22 184.79
74 -76.22 76.22 184.79
75 -66.22 66.22 185.21
76 -66.22 -66.22 185.21
77 -4 -66.22 185.21
78 -4 -61.11 185.21
79 4 -61.11 185.21
80 4 -66.22 185.21
81 76.22 76.22 185.21
82 -76.22 76.22 185.21
83 76.22 -76.22 185.21
84 -76.22 -76.22 185.21
85 -3.24 31.11 194.9803
86 -3.24 31.11 197.9803
87 -3.24 33.11 194.9803
88 -3.24 33.11 197.9803
89 -12.886 31.11 194.9803
90 -12.886 31.11 197.9803
91 -13.714 33.11 194.9803
92 -13.714 33.11 197.9803
93 -33.11 13.714 194.9803
94 -33.11 -13.714 194.9803
95 -13.714 -33.11 194.9803
96 13.714 -33.11 194.9803
97 33.11 -13.714 194.9803
98 33.11 13.714 194.9803
99 13.714 33.11 194.9803
100 1.586 33.11 194.9803
101 -2.414 29.11 194.9803
102 -12.054 29.11 194.9803
103 -29.11 12.054 194.9803
104 -29.11 -12.054 194.9803
105 -12.054 -29.11 194.9803
106 -1 -29.11 194.9803
107 -1 -27.11 194.9803
108 -11.226 -27.11 194.9803
109 -27.11 -11.226 194.9803
110 -27.11 11.226 194.9803
111 -11.226 27.11 194.9803
112 -1.586 27.11 194.9803
113 2.414 31.11 194.9803
114 12.886 31.11 194.9803
115 31.11 12.886 194.9803
116 31.11 -12.886 194.9803
117 12.886 -31.11 194.9803
118 -12.886 -31.11 194.9803
119 -31.11 -12.886 194.9803
120 -31.11 12.886 194.9803
121 -33.11 13.714 197.9803
122 -33.11 -13.714 197.9803
123 -13.714 -33.11 197.9803
124 13.714 -33.11 197.9803
125 33.11 -13.714 197.9803
126 33.11 13.714 197.9803
127 13.714 33.11 197.9803
128 1.586 33.11 197.9803
129 -2.414 29.11 197.9803
130 -12.054 29.11 197.9803
131 -29.11 12.054 197.9803
132 -29.11 -12.054 197.9803
133 -12.054 -29.11 197.9803
134 -1 -29.11 197.9803
135 -1 -27.11 197.9803
136 -11.226 -27.11 197.9803
137 -27.11 -11.226 197.9803
138 -27.11 11.226 197.9803
139 -11.226 27.11 197.9803
140 -1.586 27.11 197.9803
141 2.414 31.11 197.9803
142 12.886 31.11 197.9803
143 31.11 12.886 197.9803
144 31.11 -12.886 197.9803
145 12.886 -31.11 197.9803
146 -12.886 -31.11 197.9803
147 -31.11 -12.886 197.9803
148 -31.11 12.886 197.9803
149 1 -27.11 194.9803
150 1 -27.11 197.9803
151 1 -29.11 194.9803
152 1 -29.11 197.9803
153 11.226 -27.11 194.9803
154 11.226 -27.11 197.9803
155 12.054 -29.11 194.9803
156 12.054 -29.11 197.9803
157 29.11 -12.054 194.9803
158 29.11 12.054 194.9803
159 12.054 29.11 194.9803
160 3.24 29.11 194.9803
161 3.24 27.11 194.9803
162 11.226 27.11 194.9803
163 27.11 11.226 194.9803
164 27.11 -11.226 194.9803
165 29.11 -12.054 197.9803
166 29.11 12.054 197.9803
167 12.054 29.11 197.9803
168 3.24 29.11 197.9803
169 3.24 27.11 197.9803
170 11.226 27.11 197.9803
171 27.11 11.226 197.9803
172 27.11 -11.226 197.9803
173 -126.22 -126.22 199.8803
174 -126.22 -126.22 399.8803
175 -126.22 126.22 199.8803
176 -126.22 126.22 399.8803
177 126.22 126.22 199.8803
178 126.22 126.22 399.8803
179 126.22 -126.22 199.8803
180 126.22 -126.22 399.8803
181 -126.22 -126.22 199.4803
182 -126.22 126.22 199.4803
183 126.22 126.22 199.4803
184 126.22 -126.22 199.4803
185 -126.22 -126.22 183.75
186 -126.22 126.22 183.75
187 126.22 126.22 183.75
188 126.22 -126.22 183.75
189 -126.22 -126.22 180
190 -126.22 126.22 180
191 126.22 126.22 180
192 126.22 -126.22 180
193 -126.22 -126.22 0
194 -126.22 126.22 0
195 126.22 126.22 0
196 126.22 -126.22 0
197 -176.22 -176.22 449.8803
198 -176.22 -176.22 -50
199 -176.22 176.22 449.8803
200 -176.22 176.22 -50
201 176.22 -176.22 -50
202 176.22 -176.22 449.8803
203 176.22 176.22 449.8803
204 176.22 176.22 -50
205 -3 -63.11 190.1803
206 -1 -63.11 190.1803
207 1 -63.11 190.1803
208 3 -63.11 190.1803
209 3 -63.11 185.21
210 1 -63.11 185.21
211 -1 -63.11 185.21
212 -3 -63.11 185.21
213 -3 -31.61016995840226 192.1803
214 -3 -36.11014815578683 192.1803
215 -3 -40.61009244243852 192.1803
216 -3 -45.10999999796869 192.1803
217 -3 -49.60990755756156 192.1803
218 -3 -54.10985184421323 192.1803
219 -3 -58.60983004159777 192.1803
220 -1 -58.60983004159775 192.1803
221 -1 -54.10985184421317 192.1803
222 -1 -49.60990755756148 192.1803
223 -1 -45.11000000203131 192.1803
224 -1 -40.61009244243844 192.1803
225 -1 -36.11014815578677 192.1803
226 -1 -31.61016995840222 192.1803
227 1 -31.61016995840226 192.1803
228 1 -36.11014815578683 192.1803
229 1 -40.61009244243852 192.1803
230 1 -45.10999999796869 192.1803
231 1 -49.60990755756156 192.1803
232 1 -54.10985184421323 192.1803
233 1 -58.60983004159777 192.1803
234 3 -58.60983004159775 192.1803
235 3 -54.10985184421317 192.1803
236 3 -49.60990755756148 192.1803
237 3 -45.11000000203131 192.1803
238 3 -40.61009244243844 192.1803
239 3 -36.11014815578677 192.1803
240 3 -31.61016995840222 192.1803
241 -0.4139999999999993 29.11 190.1803
242 0.4139999999999993 31.11 190.1803
243 -0.4139999999999993 29.11 192.1803
244 0.4139999999999993 31.11 192.1803
245 66.22 -61.31541056354837 184.79
246 66.22 -56.40859091669599 184.79
247 66.22 -51.50498984678374 184.79
248 66.22 -46.59930402437764 184.79
249 66.22 -41.69321079608602 184.79
250 66.22 -36.78973242547812 184.79
251 66.22 -31.88307101996508 184.79
252 66.22 -26.97820687054259 184.79
253 66.22 -22.07412307538358 184.79
254 66.22 -17.16720724622363 184.79
255 66.22 -12.26340979314087 184.79
256 66.22 -7.358134762582949 184.79
257 66.22 -2.451711779209091 184.79
258 66.22 2.451711779209404 184.79
259 66.22 7.358134762583276 184.79
260 66.22 12.26340979314118 184.79
261 66.22 17.16720724622364 184.79
262 66.22 22.0741230753835 184.79
263 66.22 26.97820687054239 184.79
264 66.22 31.88307101996507 184.79
265 66.22 36.78973242547794 184.79
266 66.22 41.69321079608582 184.79
267 66.22 46.59930402437747 184.79
268 66.22 51.50498984678352 184.79
269 66.22 56.40859091669591 184.79
270 66.22 61.3154105635482 184.79
271 66.22 -61.31541056354837 185.21
272 66.22 -56.40859091669599 185.21
273 66.22 -51.50498984678374 185.21
274 66.22 -46.59930402437764 185.21
275 66.22 -41.69321079608602 185.21
276 66.22 -36.78973242547812 185.21
277 66.22 -31.88307101996508 185.21
278 66.22 -26.97820687054259 185.21
279 66.22 -22.07412307538358 185.21
280 66.22 -17.16720724622363 185.21
281 66.22 -12.26340979314087 185.21
282 66.22 -7.358134762582949 185.21
283 66.22 -2.451711779209091 185.21
284 66.22 2.451711779209404 185.21
285 66.22 7.358134762583276 185.21
286 66.22 12.26340979314118 185.21
287 66.22 17.16720724622364 185.21
288 66.22 22.0741230753835 185.21
289 66.22 26.97820687054239 185.21
290 66.22 31.88307101996507 185.21
291 66.22 36.78973242547794 185.21
292 66.22 41.69321079608582 185.21
293 66.22 46.59930402437747 185.21
294 66.22 51.50498984678352 185.21
295 66.22 56.40859091669591 185.21
296 66.22 61.3154105635482 185.21
297 61.31541056354835 66.22 184.79
298 56.40859091669599 66.22 184.79
299 51.50498984678373 66.22 184.79
300 46.59930402437763 66.22 184.79
301 41.69321079608597 66.22 184.79
302 36.78973242547806 66.22 184.79
303 31.88307101996506 66.22 184.79
304 26.97820687054255 66.22 184.79
305 22.07412307538353 66.22 184.79
306 17.16720724622358 66.22 184.79
307 12.26340979314079 66.22 184.79
308 7.358134762582829 66.22 184.79
309 2.451711779208864 66.22 184.79
310 -2.451711779209674 66.22 184.79
311 -7.358134762583546 66.22 184.79
312 -12.26340979314146 66.22 184.79
313 -17.16720724622394 66.22 184.79
314 -22.0741230753838 66.22 184.79
315 -26.97820687054271 66.22 184.79
316 -31.8830710199654 66.22 184.79
317 -36.78973242547828 66.22 184.79
318 -41.69321079608616 66.22 184.79
319 -46.59930402437782 66.22 184.79
320 -51.50498984678387 66.22 184.79
321 -56.40859091669596 66.22 184.79
322 -61.3154105635482 66.22 184.79
323 -66.22 61.31541056354837 184.79
324 -66.22 56.40859091669599 184.79
325 -66.22 51.50498984678374 184.79
326 -66.22 46.59930402437764 184.79
327 -66.22 41.69321079608602 184.79
328 -66.22 36.78973242547812 184.79
329 -66.22 31.88307101996508 184.79
330 -66.22 26.97820687054259 184.79
331 -66.22 22.07412307538358 184.79
332 -66.22 17.16720724622363 184.79
333 -66.22 12.26340979314087 184.79
334 -66.22 7.358134762582949 184.79
335 -66.22 2.451711779209091 184.79
336 -66.22 -2.451711779209404 184.79
337 -66.22 -7.358134762583276 184.79
338 -66.22 -12.26340979314118 184.79
339 -66.22 -17.16720724622364 184.79
340 -66.22 -22.0741230753835 184.79
341 -66.22 -26.97820687054239 184.79
342 -66.22 -31.88307101996507 184.79
343 -66.22 -36.78973242547794 184.79
344 -66.22 -41.69321079608582 184.79
345 -66.22 -46.59930402437747 184.79
346 -66.22 -51.50498984678352 184.79
347 -66.22 -56.40859091669591 184.79
348 -66.22 -61.3154105635482 184.79
349 -8.786011394323737 -66.22 184.79
350 -13.57249280405532 -66.22 184.79
351 -18.35860427664269 -66.22 184.79
352 -23.14443240294216 -66.22 184.79
353 -27.93083924552869 -66.22 184.79
354 -32.71710842231253 -66.22 184.79
355 -37.50289157428861 -66.22 184.79
356 -42.28916075447128 -66.22 184.79
357 -47.075567597058 -66.22 184.79
358 -51.86139572335733 -66.22 184.79
359 -56.64750719594467 -66.22 184.79
360 -61.4339886056763 -66.22 184.79
361 -4 -63.66500000225123 184.79
362 5.747704534542208e-10 -61.11 184.79
363 4 -63.66499999774877 184.79
364 61.43398860567626 -66.22 184.79
365 56.64750719594468 -66.22 184.79
366 51.8613957233573 -66.22 184.79
367 47.07556759705786 -66.22 184.79
368 42.28916075447137 -66.22 184.79
369 37.50289157768741 -66.22 184.79
370 32.7171084257114 -66.22 184.79
371 27.93083924552873 -66.22 184.79
372 23.14443240294192 -66.22 184.79
373 18.35860427664255 -66.22 184.79
374 13.57249280405537 -66.22 184.79
375 8.786011394323765 -66.22 184.79
376 76.22 71.30311436662615 184.79
377 76.22 66.38395117000749 184.79
378 76.22 61.46885990026139 184.79
379 76.22 56.54907474997434 184.79
380 76.22 51.63357513894776 184.79
381 76.22 46.71523262765905 184.79
382 76.22 41.79742909002879 184.79
383 76.22 36.88159015008905 184.79
384 76.22 31.96193505316782 184.79
385 76.22 27.04692400356396 184.79
386 76.22 22.12747581176172 184.79
387 76.22 17.21123572855998 184.79
388 76.22 12.29395474247766 184.79
389 76.22 7.375173609908785 184.79
390 76.22 2.459906520165262 184.79
391 76.22 -2.459906520166044 184.79
392 76.22 -7.375173609909382 184.79
393 76.22 -12.29395474247798 184.79
394 76.22 -17.21123572856045 184.79
395 76.22 -22.12747581176195 184.79
396 76.22 -27.04692400356394 184.79
397 76.22 -31.96193505316779 184.79
398 76.22 -36.8815901500887 184.79
399 76.22 -41.79742909002827 184.79
400 76.22 -46.71523262765842 184.79
401 76.22 -51.63357513894707 184.79
402 76.22 -56.54907474997395 184.79
403 76.22 -61.46885990026107 184.79
404 76.22 -66.38395117000726 184.79
405 76.22 -71.30311436662603 184.79
406 71.30311436662615 -76.22 184.79
407 66.38395117000749 -76.22 184.79
408 61.46885990026139 -76.22 184.79
409 56.54907474997434 -76.22 184.79
410 51.63357513894776 -76.22 184.79
411 46.71523262765905 -76.22 184.79
412 41.79742909002879 -76.22 184.79
413 36.88159015008905 -76.22 184.79
414 31.96193505316782 -76.22 184.79
415 27.04692400356396 -76.22 184.79
416 22.12747581176172 -76.22 184.79
417 17.21123572855998 -76.22 184.79
418 12.29395474247766 -76.22 184.79
419 7.375173609908785 -76.22 184.79
420 2.459906520165262 -76.22 184.79
421 -2.459906520166044 -76.22 184.79
422 -7.375173609909382 -76.22 184.79
423 -12.29395474247798 -76.22 184.79
424 -17.21123572856045 -76.22 184.79
425 -22.12747581176195 -76.22 184.79
426 -27.04692400356394 -76.22 184.79
427 -31.96193505316779 -76.22 184.79
428 -36.8815901500887 -76.22 184.79
429 -41.79742909002827 -76.22 184.79
430 -46.71523262765842 -76.22 184.79
431 -51.63357513894707 -76.22 184.79
432 -56.54907474997395 -76.22 184.79
433 -61.46885990026107 -76.22 184.79
434 -66.38395117000726 -76.22 184.79
435 -71.30311436662603 -76.22 184.79
436 -76.22 -71.30311436662615 184.79
437 -76.22 -66.38395117000749 184.79
438 -76.22 -61.46885990026139 184.79
439 -76.22 -56.54907474997434 184.79
440 -76.22 -51.63357513894776 184.79
441 -76.22 -46.71523262765905 184.79
442 -76.22 -41.79742909002879 184.79
443 -76.22 -36.88159015008905 184.79
444 -76.22 -31.96193505316782 184.79
445 -76.22 -27.04692400356396 184.79
446 -76.22 -22.12747581176172 184.79
447 -76.22 -17.21123572855998 184.79
448 -76.22 -12.29395474247766 184.79
449 -76.22 -7.375173609908785 184.79
450 -76.22 -2.459906520165262 184.79
451 -76.22 2.459906520166044 184.79
452 -76.22 7.375173609909382 184.79
453 -76.22 12.29395474247798 184.79
454 -76.22 17.21123572856045 184.79
455 -76.22 22.12747581176195 184.79
456 -76.22 27.04692400356394 184.79
457 -76.22 31.96193505316779 184.79
458 -76.22 36.8815901500887 184.79
459 -76.22 41.79742909002827 184.79
460 -76.22 46.71523262765842 184.79
461 -76.22 51.63357513894707 184.79
462 -76.22 56.54907474997395 184.79
463 -76.22 61.46885990026107 184.79
464 -76.22 66.38395117000726 184.79
465 -76.22 71.30311436662603 184.79
466 -71.30311436662615 76.22 184.79
467 -66.38395117000749 76.22 184.79
468 -61.46885990026139 76.22 184.79
469 -56.54907474997434 76.22 184.79
470 -51.63357513894776 76.22 184.79
471 -46.71523262765905 76.22 184.79
472 -41.79742909002879 76.22 184.79
473 -36.88159015008905 76.22 184.79
474 -31.96193505316782 76.22 184.79
475 -27.04692400356396 76.22 184.79
476 -22.12747581176172 76.22 184.79
477 -17.21123572855998 76.22 184.79
478 -12.29395474247766 76.22 184.79
479 -7.375173609908785 76.22 184.79
480 -2.459906520165262 76.22 184.79
481 2.459906520166044 76.22 184.79
482 7.375173609909382 76.22 184.79
483 12.29395474247798 76.22 184.79
484 17.21123572856045 76.22 184.79
485 22.12747581176195 76.22 184.79
486 27.04692400356394 76.22 184.79
487 31.96193505316779 76.22 184.79
488 36.8815901500887 76.22 184.79
489 41.79742909002827 76.22 184.79
490 46.71523262765842 76.22 184.79
491 51.63357513894707 76.22 184.79
492 56.54907474997395 76.22 184.79
493 61.46885990026107 76.22 184.79
494 66.38395117000726 76.22 184.79
495 71.30311436662603 76.22 184.79
496 61.31541056354835 66.22 185.21
497 56.40859091669599 66.22 185.21
498 51.50498984678373 66.22 185.21
499 46.59930402437763 66.22 185.21
500 41.69321079608597 66.22 185.21
501 36.78973242547806 66.22 185.21
502 31.88307101996506 66.22 185.21
503 26.97820687054255 66.22 185.21
504 22.07412307538353 66.22 185.21
505 17.16720724622358 66.22 185.21
506 12.26340979314079 66.22 185.21
507 7.358134762582829 66.22 185.21
508 2.451711779208864 66.22 185.21
509 -2.451711779209674 66.22 185.21
510 -7.358134762583546 66.22 185.21
511 -12.26340979314146 66.22 185.21
512 -17.16720724622394 66.22 185.21
513 -22.0741230753838 66.22 185.21
514 -26.97820687054271 66.22 185.21
515 -31.8830710199654 66.22 185.21
516 -36.78973242547828 66.22 185.21
517 -41.69321079608616 66.22 185.21
518 -46.59930402437782 66.22 185.21
519 -51.50498984678387 66.22 185.21
520 -56.40859091669596 66.22 185.21
521 -61.3154105635482 66.22 185.21
522 -66.22 61.31541056354837 185.21
523 -66.22 56.40859091669599 185.21
524 -66.22 51.50498984678374 185.21
525 -66.22 46.59930402437764 185.21
526 -66.22 41.69321079608602 185.21
527 -66.22 36.78973242547812 185.21
528 -66.22 31.88307101996508 185.21
529 -66.22 26.97820687054259 185.21
530 -66.22 22.07412307538358 185.21
531 -66.22 17.16720724622363 185.21
532 -66.22 12.26340979314087 185.21
533 -66.22 7.358134762582949 185.21
534 -66.22 2.451711779209091 185.21
535 -66.22 -2.451711779209404 185.21
536 -66.22 -7.358134762583276 185.21
537 -66.22 -12.26340979314118 185.21
538 -66.22 -17.16720724622364 185.21
539 -66.22 -22.0741230753835 185.21
540 -66.22 -26.97820687054239 185.21
541 -66.22 -31.88307101996507 185.21
542 -66.22 -36.78973242547794 185.21
543 -66.22 -41.69321079608582 185.21
544 -66.22 -46.59930402437747 185.21
545 -66.22 -51.50498984678352 185.21
546 -66.22 -56.40859091669591 185.21
547 -66.22 -61.3154105635482 185.21
548 -8.786011394323737 -66.22 185.21
549 -13.57249280405532 -66.22 185.21
550 -18.35860427664269 -66.22 185.21
551 -23.14443240294216 -66.22 185.21
552 -27.93083924552869 -66.22 185.21
553 -32.71710842231253 -66.22 185.21
554 -37.50289157428861 -66.22 185.21
555 -42.28916075447128 -66.22 185.21
556 -47.075567597058 -66.22 185.21
557 -51.86139572335733 -66.22 185.21
558 -56.64750719594467 -66.22 185.21
559 -61.4339886056763 -66.22 185.21
560 -4 -63.66500000225123 185.21
561 5.747704534542208e-10 -61.11 185.21
562 4 -63.66499999774877 185.21
563 61.43398860567626 -66.22 185.21
564 56.64750719594468 -66.22 185.21
565 51.8613957233573 -66.22 185.21
566 47.07556759705786 -66.22 185.21
567 42.28916075447137 -66.22 185.21
568 37.50289157768741 -66.22 185.21
569 32.7171084257114 -66.22 185.21
570 27.93083924552873 -66.22 185.21
571 23.14443240294192 -66.22 185.21
572 18.35860427664255 -66.22 185.21
573 13.57249280405537 -66.22 185.21
574 8.786011394323765 -66.22 185.21
575 71.30311436662615 76.22 185.21
576 66.38395117000749 76.22 185.21
577 61.46885990026139 76.22 185.21
578 56.54907474997434 76.22 185.21
579 51.63357513894776 76.22 185.21
580 46.71523262765905 76.22 185.21
581 41.79742909002879 76.22 185.21
582 36.88159015008905 76.22 185.21
583 31.96193505316782 76.22 185.21
584 27.04692400356396 76.22 185.21
585 22.12747581176172 76.22 185.21
586 17.21123572855998 76.22 185.21
587 12.29395474247766 76.22 185.21
588 7.375173609908785 76.22 185.21
589 2.459906520165262 76.22 185.21
590 -2.459906520166044 76.22 185.21
591 -7.375173609909382 76.22 185.21
592 -12.29395474247798 76.22 185.21
593 -17.21123572856045 76.22 185.21
594 -22.12747581176195 76.22 185.21
595 -27.04692400356394 76.22 185.21
596 -31.96193505316779 76.22 185.21
597 -36.8815901500887 76.22 185.21
598 -41.79742909002827 76.22 185.21
599 -46.71523262765842 76.22 185.21
600 -51.63357513894707 76.22 185.21
601 -56.54907474997395 76.22 185.21
602 -61.46885990026107 76.22 185.21
603 -66.38395117000726 76.22 185.21
604 -71.30311436662603 76.22 185.21
605 76.22 71.30311436662615 185.21
606 76.22 66.38395117000749 185.21
607 76.22 61.46885990026139 185.21
608 76.22 56.54907474997434 185.21
609 76.22 51.63357513894776 185.21
610 76.22 46.71523262765905 185.21
611 76.22 41.79742909002879 185.21
612 76.22 36.88159015008905 185.21
613 76.22 31.96193505316782 185.21
614 76.22 27.04692400356396 185.21
615 76.22 22.12747581176172 185.21
616 76.22 17.21123572855998 185.21
617 76.22 12.29395474247766 185.21
618 76.22 7.375173609908785 185.21
619 76.22 2.459906520165262 185.21
620 76.22 -2.459906520166044 185.21
621 76.22 -7.375173609909382 185.21
622 76.22 -12.29395474247798 185.21
623 76.22 -17.21123572856045 185.21
624 76.22 -22.12747581176195 185.21
625 76.22 -27.04692400356394 185.21
626 76.22 -31.96193505316779 185.21
627 76.22 -36.8815901500887 185.21
628 76.22 -41.79742909002827 185.21
629 76.22 -46.71523262765842 185.21
630 76.22 -51.63357513894707 185.21
631 76.22 -56.54907474997395 185.21
632 76.22 -61.46885990026107 185.21
633 76.22 -66.38395117000726 185.21
634 76.22 -71.30311436662603 185.21
635 -71.30311436662615 -76.22 185.21
636 -66.38395117000749 -76.22 185.21
637 -61.46885990026139 -76.22 185.21
638 -56.54907474997434 -76.22 185.21
639 -51.63357513894776 -76.22 185.21
640 -46.71523262765905 -76.22 185.21
641 -41.79742909002879 -76.22 185.21
642 -36.88159015008905 -76.22 185.21
643 -31.96193505316782 -76.22 185.21
644 -27.04692400356396 -76.22 185.21
645 -22.12747581176172 -76.22 185.21
646 -17.21123572855998 -76.22 185.21
647 -12.29395474247766 -76.22 185.21
648 -7.375173609908785 -76.22 185.21
649 -2.459906520165262 -76.22 185.21
650 2.459906520166044 -76.22 185.21
651 7.375173609909382 -76.22 185.21
652 12.29395474247798 -76.22 185.21
653 17.21123572856045 -76.22 185.21
654 22.12747581176195 -76.22 185.21
655 27.04692400356394 -76.22 185.21
656 31.96193505316779 -76.22 185.21
657 36.8815901500887 -76.22 185.21
658 41.79742909002827 -76.22 185.21
659 46.71523262765842 -76.22 185.21
660 51.63357513894707 -76.22 185.21
661 56.54907474997395 -76.22 185.21
662 61.46885990026107 -76.22 185.21
663 66.38395117000726 -76.22 185.21
664 71.30311436662603 -76.22 185.21
665 -76.22 -71.30311436662615 185.21
666 -76.22 -66.38395117000749 185.21
667 -76.22 -61.46885990026139 185.21
668 -76.22 -56.54907474997434 185.21
669 -76.22 -51.63357513894776 185.21
670 -76.22 -46.71523262765905 185.21
671 -76.22 -41.79742909002879 185.21
672 -76.22 -36.88159015008905 185.21
673 -76.22 -31.96193505316782 185.21
674 -76.22 -27.04692400356396 185.21
675 -76.22 -22.12747581176172 185.21
676 -76.22 -17.21123572855998 185.21
677 -76.22 -12.29395474247766 185.21
678 -76.22 -7.375173609908785 185.21
679 -76.22 -2.459906520165262 185.21
680 -76.22 2.459906520166044 185.21
681 -76.22 7.375173609909382 185.21
682 -76.22 12.29395474247798 185.21
683 -76.22 17.21123572856045 185.21
684 -76.22 22.12747581176195 185.21
685 -76.22 27.04692400356394 185.21
686 -76.22 31.96193505316779 185.21
687 -76.22 36.8815901500887 185.21
688 -76.22 41.79742909002827 185.21
689 -76.22 46.71523262765842 185.21
690 -76.22 51.63357513894707 185.21
691 -76.22 56.54907474997395 185.21
692 -76.22 61.46885990026107 185.21
693 -76.22 66.38395117000726 185.21
694 -76.22 71.30311436662603 185.21
695 -8.062996605026264 31.11 194.9803
696 -8.062996605026264 31.11 197.9803
697 -6.731337448432211 33.11 194.9803
698 -10.22265378990483 33.11 194.9803
699 -6.731337448432211 33.11 197.9803
700 -10.22265378990483 33.11 197.9803
701 -16.94671981536029 29.87728018463971 194.9803
702 -20.17934543110464 26.64465456889536 194.9803
703 -23.41199999966592 23.41200000033407 194.9803
704 -26.64465456889534 20.17934543110466 194.9803
705 -29.87728018463974 16.94671981536026 194.9803
706 -33.11 -9.142590531348542 194.9803
707 -33.11 -4.571315734808284 194.9803
708 -33.11 -4.723457180944024e-10 194.9803
709 -33.11 4.571315734808278 194.9803
710 -33.11 9.142590531348548 194.9803
711 -29.87728018463971 -16.94671981536029 194.9803
712 -26.64465456889536 -20.17934543110464 194.9803
713 -23.41200000033407 -23.41199999966592 194.9803
714 -20.17934543110466 -26.64465456889534 194.9803
715 -16.94671981536026 -29.87728018463974 194.9803
716 9.142590531348542 -33.11 194.9803
717 4.571315734808284 -33.11 194.9803
718 4.723457180944024e-10 -33.11 194.9803
719 -4.571315734808278 -33.11 194.9803
720 -9.142590531348548 -33.11 194.9803
721 16.94671981536029 -29.87728018463971 194.9803
722 20.17934543110464 -26.64465456889536 194.9803
723 23.41199999966592 -23.41200000033407 194.9803
724 26.64465456889534 -20.17934543110466 194.9803
725 29.87728018463974 -16.94671981536026 194.9803
726 33.11 9.142590531348542 194.9803
727 33.11 4.571315734808284 194.9803
728 33.11 4.723457180944024e-10 194.9803
729 33.11 -4.571315734808278 194.9803
730 33.11 -9.142590531348548 194.9803
731 29.87728018463971 16.94671981536029 194.9803
732 26.64465456889536 20.17934543110464 194.9803
733 23.41200000033407 23.41199999966592 194.9803
734 20.17934543110466 26.64465456889534 194.9803
735 16.94671981536026 29.87728018463974 194.9803
736 5.628679093055982 33.11 194.9803
737 9.671320905404723 33.11 194.9803
738 -0.4139999999999999 31.11 194.9803
739 -7.234000001425347 29.11 194.9803
740 -15.46528182614447 25.69871817385553 194.9803
741 -18.87643441161151 22.28756558838849 194.9803
742 -22.28756558838849 18.87643441161151 194.9803
743 -25.69871817385556 15.46528182614444 194.9803
744 -29.11 -7.232284367012036 194.9803
745 -29.11 -2.410751374247983 194.9803
746 -29.11 2.410751374247948 194.9803
747 -29.11 7.23228436701204 194.9803
748 -25.69871817385553 -15.46528182614447 194.9803
749 -22.28756558838849 -18.87643441161151 194.9803
750 -18.87643441161151 -22.28756558838849 194.9803
751 -15.46528182614444 -25.69871817385556 194.9803
752 -8.369318935329352 -29.11 194.9803
753 -4.684670924001357 -29.11 194.9803
754 -4.408670787032243 -27.11 194.9803
755 -7.817321038188393 -27.11 194.9803
756 -14.40287369773976 -23.93312630226024 194.9803
757 -17.57963088626374 -20.75636911373626 194.9803
758 -20.75636911373626 -17.57963088626374 194.9803
759 -23.93312630226026 -14.40287369773974 194.9803
760 -27.11 6.73549584979464 194.9803
761 -27.11 2.245156353984624 194.9803
762 -27.11 -2.245156353984552 194.9803
763 -27.11 -6.735495849794562 194.9803
764 -23.93312630226024 14.40287369773976 194.9803
765 -20.75636911373626 17.57963088626374 194.9803
766 -17.57963088626374 20.75636911373626 194.9803
767 -14.40287369773974 23.93312630226026 194.9803
768 -6.405999998574654 27.11 194.9803
769 0.4139999999999999 29.11 194.9803
770 9.395323380729081 31.11 194.9803
771 5.904676620500993 31.11 194.9803
772 15.92338350164382 28.07261649835618 194.9803
773 18.96067974392873 25.03532025607127 194.9803
774 21.998 21.99799999999999 194.9803
775 25.03532025607128 18.96067974392872 194.9803
776 28.07261649835619 15.92338350164381 194.9803
777 31.11 -8.590595719321643 194.9803
778 31.11 -4.295314839145494 194.9803
779 31.11 -4.085620730620576e-14 194.9803
780 31.11 4.295314839145425 194.9803
781 31.11 8.590595719321572 194.9803
782 28.07261649835618 -15.92338350164382 194.9803
783 25.03532025607127 -18.96067974392873 194.9803
784 21.99799999999999 -21.998 194.9803
785 18.96067974392872 -25.03532025607128 194.9803
786 15.92338350164381 -28.07261649835619 194.9803
787 -8.590595719321643 -31.11 194.9803
788 -4.295314839145494 -31.11 194.9803
789 -4.085620730620576e-14 -31.11 194.9803
790 4.295314839145425 -31.11 194.9803
791 8.590595719321572 -31.11 194.9803
792 -15.92338350164382 -28.07261649835618 194.9803
793 -18.96067974392873 -25.03532025607127 194.9803
794 -21.998 -21.99799999999999 194.9803
795 -25.03532025607128 -18.96067974392872 194.9803
796 -28.07261649835619 -15.92338350164381 194.9803
797 -31.11 8.590595719321643 194.9803
798 -31.11 4.295314839145494 194.9803
799 -31.11 4.085620730620576e-14 194.9803
800 -31.11 -4.295314839145425 194.9803
801 -31.11 -8.590595719321572 194.9803
802 -28.07261649835618 15.92338350164382 194.9803
803 -25.03532025607127 18.96067974392873 194.9803
804 -21.99799999999999 21.998 194.9803
805 -18.96067974392872 25.03532025607128 194.9803
806 -15.92338350164381 28.07261649835619 194.9803
807 -16.94671981536029 29.87728018463971 197.9803
808 -20.17934543110464 26.64465456889536 197.9803
809 -23.41199999966592 23.41200000033407 197.9803
810 -26.64465456889534 20.17934543110466 197.9803
811 -29.87728018463974 16.94671981536026 197.9803
812 -33.11 9.142590531348542 197.9803
813 -33.11 4.571315734808284 197.9803
814 -33.11 4.723457180944024e-10 197.9803
815 -33.11 -4.571315734808278 197.9803
816 -33.11 -9.142590531348548 197.9803
817 -29.87728018463971 -16.94671981536029 197.9803
818 -26.64465456889536 -20.17934543110464 197.9803
819 -23.41200000033407 -23.41199999966592 197.9803
820 -20.17934543110466 -26.64465456889534 197.9803
821 -16.94671981536026 -29.87728018463974 197.9803
822 -9.142590531348542 -33.11 197.9803
823 -4.571315734808284 -33.11 197.9803
824 -4.723457180944024e-10 -33.11 197.9803
825 4.571315734808278 -33.11 197.9803
826 9.142590531348548 -33.11 197.9803
827 16.94671981536029 -29.87728018463971 197.9803
828 20.17934543110464 -26.64465456889536 197.9803
829 23.41199999966592 -23.41200000033407 197.9803
830 26.64465456889534 -20.17934543110466 197.9803
831 29.87728018463974 -16.94671981536026 197.9803
832 33.11 -9.142590531348542 197.9803
833 33.11 -4.571315734808284 197.9803
834 33.11 -4.723457180944024e-10 197.9803
835 33.11 4.571315734808278 197.9803
836 33.11 9.142590531348548 197.9803
837 29.87728018463971 16.94671981536029 197.9803
838 26.64465456889536 20.17934543110464 197.9803
839 23.41200000033407 23.41199999966592 197.9803
840 20.17934543110466 26.64465456889534 197.9803
841 16.94671981536026 29.87728018463974 197.9803
842 9.671320906944018 33.11 197.9803
843 5.628679094595277 33.11 197.9803
844 -0.4139999999999999 31.11 197.9803
845 -7.233999998574655 29.11 197.9803
846 -15.46528182614447 25.69871817385553 197.9803
847 -18.87643441161151 22.28756558838849 197.9803
848 -22.28756558838849 18.87643441161151 197.9803
849 -25.69871817385556 15.46528182614444 197.9803
850 -29.11 7.232284367012036 197.9803
851 -29.11 2.410751374247983 197.9803
852 -29.11 -2.410751374247948 197.9803
853 -29.11 -7.23228436701204 197.9803
854 -25.69871817385553 -15.46528182614447 197.9803
855 -22.28756558838849 -18.87643441161151 197.9803
856 -18.87643441161151 -22.28756558838849 197.9803
857 -15.46528182614444 -25.69871817385556 197.9803
858 -8.369318935329352 -29.11 197.9803
859 -4.684670924001357 -29.11 197.9803
860 -4.408670787032243 -27.11 197.9803
861 -7.817321038188393 -27.11 197.9803
862 -14.40287369773976 -23.93312630226024 197.9803
863 -17.57963088626374 -20.75636911373626 197.9803
864 -20.75636911373626 -17.57963088626374 197.9803
865 -23.93312630226026 -14.40287369773974 197.9803
866 -27.11 -6.73549584979464 197.9803
867 -27.11 -2.245156353984624 197.9803
868 -27.11 2.245156353984552 197.9803
869 -27.11 6.735495849794562 197.9803
870 -23.93312630226024 14.40287369773976 197.9803
871 -20.75636911373626 17.57963088626374 197.9803
872 -17.57963088626374 20.75636911373626 197.9803
873 -14.40287369773974 23.93312630226026 197.9803
874 -6.406000001425348 27.11 197.9803
875 0.4139999999999999 29.11 197.9803
876 5.904676619270918 31.11 197.9803
877 9.395323379499008 31.11 197.9803
878 15.92338350164382 28.07261649835618 197.9803
879 18.96067974392873 25.03532025607127 197.9803
880 21.998 21.99799999999999 197.9803
881 25.03532025607128 18.96067974392872 197.9803
882 28.07261649835619 15.92338350164381 197.9803
883 31.11 8.590595719321643 197.9803
884 31.11 4.295314839145494 197.9803
885 31.11 4.085620730620576e-14 197.9803
886 31.11 -4.295314839145425 197.9803
887 31.11 -8.590595719321572 197.9803
888 28.07261649835618 -15.92338350164382 197.9803
889 25.03532025607127 -18.96067974392873 197.9803
890 21.99799999999999 -21.998 197.9803
891 18.96067974392872 -25.03532025607128 197.9803
892 15.92338350164381 -28.07261649835619 197.9803
893 8.590595719321643 -31.11 197.9803
894 4.295314839145494 -31.11 197.9803
895 4.085620730620576e-14 -31.11 197.9803
896 -4.295314839145425 -31.11 197.9803
897 -8.590595719321572 -31.11 197.9803
898 -15.92338350164382 -28.07261649835618 197.9803
899 -18.96067974392873 -25.03532025607127 197.9803
900 -21.998 -21.99799999999999 197.9803
901 -25.03532025607128 -18.96067974392872 197.9803
902 -28.07261649835619 -15.92338350164381 197.9803
903 -31.11 -8.590595719321643 197.9803
904 -31.11 -4.295314839145494 197.9803
905 -31.11 -4.085620730620576e-14 197.9803
906 -31.11 4.295314839145425 197.9803
907 -31.11 8.590595719321572 197.9803
908 -28.07261649835618 15.92338350164382 197.9803
909 -25.03532025607127 18.96067974392873 197.9803
910 -21.99799999999999 21.998 197.9803
911 -18.96067974392872 25.03532025607128 197.9803
912 -15.92338350164381 28.07261649835619 197.9803
913 7.817321039986831 -27.11 194.9803
914 4.408670788830682 -27.11 194.9803
915 7.817321039986831 -27.11 197.9803
916 4.408670788830682 -27.11 197.9803
917 4.684670922722272 -29.11 194.9803
918 8.369318934050266 -29.11 194.9803
919 4.684670922722272 -29.11 197.9803
920 8.369318934050266 -29.11 197.9803
921 15.46528182614447 -25.69871817385553 194.9803
922 18.87643441161151 -22.28756558838849 194.9803
923 22.28756558838849 -18.87643441161151 194.9803
924 25.69871817385556 -15.46528182614444 194.9803
925 29.11 7.232284367012036 194.9803
926 29.11 2.410751374247983 194.9803
927 29.11 -2.410751374247948 194.9803
928 29.11 -7.23228436701204 194.9803
929 25.69871817385553 15.46528182614447 194.9803
930 22.28756558838849 18.87643441161151 194.9803
931 18.87643441161151 22.28756558838849 194.9803
932 15.46528182614444 25.69871817385556 194.9803
933 7.646997664849079 29.11 194.9803
934 7.23299870803263 27.11 194.9803
935 14.40287369773976 23.93312630226024 194.9803
936 17.57963088626374 20.75636911373626 194.9803
937 20.75636911373626 17.57963088626374 194.9803
938 23.93312630226026 14.40287369773974 194.9803
939 27.11 -6.73549584979464 194.9803
940 27.11 -2.245156353984624 194.9803
941 27.11 2.245156353984552 194.9803
942 27.11 6.735495849794562 194.9803
943 23.93312630226024 -14.40287369773976 194.9803
944 20.75636911373626 -17.57963088626374 194.9803
945 17.57963088626374 -20.75636911373626 194.9803
946 14.40287369773974 -23.93312630226026 194.9803
947 15.46528182614447 -25.69871817385553 197.9803
948 18.87643441161151 -22.28756558838849 197.9803
949 22.28756558838849 -18.87643441161151 197.9803
950 25.69871817385556 -15.46528182614444 197.9803
951 29.11 -7.232284367012036 197.9803
952 29.11 -2.410751374247983 197.9803
953 29.11 2.410751374247948 197.9803
954 29.11 7.23228436701204 197.9803
955 25.69871817385553 15.46528182614447 197.9803
956 22.28756558838849 18.87643441161151 197.9803
957 18.87643441161151 22.28756558838849 197.9803
958 15.46528182614444 25.69871817385556 197.9803
959 7.646997664849079 29.11 197.9803
960 7.23299870803263 27.11 197.9803
961 14.40287369773976 23.93312630226024 197.9803
962 17.57963088626374 20.75636911373626 197.9803
963 20.75636911373626 17.57963088626374 197.9803
964 23.93312630226026 14.40287369773974 197.9803
965 27.11 6.73549584979464 197.9803
966 27.11 2.245156353984624 197.9803
967 27.11 -2.245156353984552 197.9803
968 27.11 -6.735495849794562 197.9803
969 23.93312630226024 -14.40287369773976 197.9803
970 20.75636911373626 -17.57963088626374 197.9803
971 17.57963088626374 -20.75636911373626 197.9803
972 14.40287369773974 -23.93312630226026 197.9803
973 -126.22 -126.22 266.5469666666665
974 -126.22 -126.22 333.213633333333
975 -126.22 126.22 266.5469666666665
976 -126.22 126.22 333.213633333333
977 -126.22 -73.1066723530644 199.8803
978 -126.22 -24.36888807230798 199.8803
979 -126.22 24.36888807230832 199.8803
980 -126.22 73.10667235306417 199.8803
981 -126.22 -63.10999999999981 399.8803
982 -126.22 4.263256414560601e-13 399.8803
983 -126.22 63.11000000000027 399.8803
984 126.22 126.22 266.5469666666665
985 126.22 126.22 333.213633333333
986 -73.1066723530644 126.22 199.8803
987 -24.36888807230798 126.22 199.8803
988 24.36888807230832 126.22 199.8803
989 73.10667235306417 126.22 199.8803
990 -63.10999999999981 126.22 399.8803
991 4.263256414560601e-13 126.22 399.8803
992 63.11000000000027 126.22 399.8803
993 126.22 -126.22 266.5469666666665
994 126.22 -126.22 333.213633333333
995 126.22 73.1066723530644 199.8803
996 126.22 24.36888807230798 199.8803
997 126.22 -24.36888807230832 199.8803
998 126.22 -73.10667235306417 199.8803
999 126.22 63.10999999999981 399.8803
1000 126.22 -4.263256414560601e-13 399.8803
1001 126.22 -63.11000000000027 399.8803
1002 73.1066723530644 -126.22 199.8803
1003 24.36888807230798 -126.22 199.8803
1004 -24.36888807230832 -126.22 199.8803
1005 -73.10667235306417 -126.22 199.8803
1006 63.10999999999981 -126.22 399.8803
1007 -4.263256414560601e-13 -126.22 399.8803
1008 -63.11000000000027 -126.22 399.8803
1009 -126.22 -73.09800610456963 199.4803
1010 -126.22 -24.36599928291518 199.4803
1011 -126.22 24.36599928291488 199.4803
1012 -126.22 73.09800610456946 199.4803
1013 -73.09800610456963 126.22 199.4803
1014 -24.36599928291518 126.22 199.4803
1015 24.36599928291488 126.22 199.4803
1016 73.09800610456946 126.22 199.4803
1017 126.22 73.09800610456963 199.4803
1018 126.22 24.36599928291518 199.4803
1019 126.22 -24.36599928291488 199.4803
1020 126.22 -73.09800610456946 199.4803
1021 73.09800610456963 -126.22 199.4803
1022 24.36599928291518 -126.22 199.4803
1023 -24.36599928291488 -126.22 199.4803
1024 -73.09800610456946 -126.22 199.4803
1025 -126.22 -72.97081590506967 183.75
1026 -126.22 -24.32360203085524 183.75
1027 -126.22 24.32360203085426 183.75
1028 -126.22 72.97081590506929 183.75
1029 -72.97081590506967 126.22 183.75
1030 -24.32360203085524 126.22 183.75
1031 24.32360203085426 126.22 183.75
1032 72.97081590506929 126.22 183.75
1033 126.22 72.97081590506967 183.75
1034 126.22 24.32360203085524 183.75
1035 126.22 -24.32360203085426 183.75
1036 126.22 -72.97081590506929 183.75
1037 72.97081590506967 -126.22 183.75
1038 24.32360203085524 -126.22 183.75
1039 -24.32360203085426 -126.22 183.75
1040 -72.97081590506929 -126.22 183.75
1041 -126.22 -72.98442464518266 180
1042 -126.22 -24.32813832213142 180
1043 -126.22 24.32813832213131 180
1044 -126.22 72.98442464518263 180
1045 -72.98442464518266 126.22 180
1046 -24.32813832213142 126.22 180
1047 24.32813832213131 126.22 180
1048 72.98442464518263 126.22 180
1049 126.22 72.98442464518266 180
1050 126.22 24.32813832213142 180
1051 126.22 -24.32813832213131 180
1052 126.22 -72.98442464518263 180
1053 72.98442464518266 -126.22 180
1054 24.32813832213142 -126.22 180
1055 -24.32813832213131 -126.22 180
1056 -72.98442464518263 -126.22 180
1057 -126.22 -126.22 60.00000000000005
1058 -126.22 -126.22 119.9999999999998
1059 -126.22 126.22 60.00000000000005
1060 -126.22 126.22 119.9999999999998
1061 -126.22 -63.10999999999981 0
1062 -126.22 4.263256414560601e-13 0
1063 -126.22 63.11000000000027 0
1064 126.22 126.22 60.00000000000005
1065 126.22 126.22 119.9999999999998
1066 -63.10999999999981 126.22 0
1067 4.263256414560601e-13 126.22 0
1068 63.11000000000027 126.22 0
1069 126.22 -126.22 60.00000000000005
1070 126.22 -126.22 119.9999999999998
1071 126.22 63.10999999999981 0
1072 126.22 -4.263256414560601e-13 0
1073 126.22 -63.11000000000027 0
1074 63.10999999999981 -126.22 0
1075 -4.263256414560601e-13 -126.22 0
1076 -63.11000000000027 -126.22 0
1077 -176.22 -176.22 74.97007500000011
1078 -176.22 -176.22 199.9401500000001
1079 -176.22 -176.22 324.9102250000001
1080 -176.22 -58.74000000000029 449.8803
1081 -176.22 58.73999999999981 449.8803
1082 -176.22 176.22 74.97007500000011
1083 -176.22 176.22 199.9401500000001
1084 -176.22 176.22 324.9102250000001
1085 -176.22 -58.74000000000029 -50
1086 -176.22 58.73999999999981 -50
1087 -58.74000000000029 -176.22 -50
1088 58.73999999999981 -176.22 -50
1089 176.22 -176.22 74.97007500000011
1090 176.22 -176.22 199.9401500000001
1091 176.22 -176.22 324.9102250000001
1092 -58.74000000000029 -176.22 449.8803
1093 58.73999999999981 -176.22 449.8803
1094 -58.74000000000029 176.22 449.8803
1095 58.73999999999981 176.22 449.8803
1096 176.22 -58.74000000000029 449.8803
1097 176.22 58.73999999999981 449.8803
1098 -58.74000000000029 176.22 -50
1099 58.73999999999981 176.22 -50
1100 176.22 176.22 74.97007500000011
1101 176.22 176.22 199.9401500000001
1102 176.22 176.22 324.9102250000001
1103 176.22 -58.74000000000029 -50
1104 176.22 58.73999999999981 -50
1105 -3 -31.61016995840226 190.1803
1106 -3 -36.11014815578683 190.1803
1107 -3 -40.61009244243852 190.1803
1108 -3 -45.10999999796869 190.1803
1109 -3 -49.60990755756156 190.1803
1110 -3 -54.10985184421323 190.1803
1111 -3 -58.60983004159777 190.1803
1112 -1 -58.60983004159775 190.1803
1113 -1 -54.10985184421317 190.1803
1114 -1 -49.60990755756148 190.1803
1115 -1 -45.11000000203131 190.1803
1116 -1 -40.61009244243844 190.1803
1117 -1 -36.11014815578677 190.1803
1118 -1 -31.61016995840222 190.1803
1119 1 -31.61016995840226 190.1803
1120 1 -36.11014815578683 190.1803
1121 1 -40.61009244243852 190.1803
1122 1 -45.10999999796869 190.1803
1123 1 -49.60990755756156 190.1803
1124 1 -54.10985184421323 190.1803
1125 1 -58.60983004159777 190.1803
1126 3 -58.60983004159775 190.1803
1127 3 -54.10985184421317 190.1803
1128 3 -49.60990755756148 190.1803
1129 3 -45.11000000203131 190.1803
1130 3 -40.61009244243844 190.1803
1131 3 -36.11014815578677 190.1803
1132 3 -31.61016995840222 190.1803
1133 -2 -27.11 191.1803
1134 2 -27.11 191.1803
1135 -3.62 32.11 190.1802999999999
1136 3.62 28.11 190.1802999999999
1137 -5.24 32.11 191.1803
1138 -3.827 31.11 191.1803
1139 -1.414 30.11 191.1803
1140 0.5860000000000012 28.11 191.1803
1141 3.413 27.11 191.1803
1142 5.24 28.11 191.1803
1143 3.827 29.11 191.1803
1144 1.414 30.11 191.1803
1145 -0.5860000000000012 32.11 191.1803
1146 -3.413 33.11 191.1803
1147 -4.25 32.11 192.1803
1148 -4.25 32.11 194.9803
1149 4.25 28.11 192.1803
1150 4.25 28.11 194.9803
1151 2 -28.11 192.1803
1152 2 -28.11 194.9803
1153 -2 -28.11 192.1803
1154 -2 -28.11 194.9803
1155 -1.13686837721616e-13 -70.29633935487992 184.79
1156 9.578116078046151e-11 -65.19605655914665 184.79
1157 -6.751358585081974 -71.41744756379862 184.79
1158 6.751358585081761 -71.41744756379859 184.79
1159 -70.68759668914348 -70.64605534518665 184.79
1160 70.68759668914355 -70.64605534518662 184.79
1161 -70.70304877119631 70.70304877119628 184.79
1162 70.70304877119628 70.70304877119632 184.79
1163 59.10221389022315 -71.15852646678729 184.79
1164 -59.10221389022297 -71.15852646678727 184.79
1165 49.37577291010395 -71.19766770575151 184.79
1166 -49.37577291007301 -71.19766770575031 184.79
1167 71.13011305043116 -64.17072525615298 184.79
1168 -71.13011305043111 -64.17072525615306 184.79
1169 71.21988044313782 -8.182016538843686e-14 184.79
1170 -71.21988044313781 8.042042594345267e-14 184.79
1171 -4.263256414560601e-14 71.21988044313781 184.79
1172 -9.818295677553337 71.21847241008507 184.79
1173 71.21847241008503 9.81829567755315 184.79
1174 -71.21847241008501 -9.81829567755315 184.79
1175 71.21847241008494 -9.818295677553099 184.79
1176 -71.21847241008493 9.818295677553099 184.79
1177 9.818295677553039 71.21847241008494 184.79
1178 -19.63919138763883 71.21743108057822 184.79
1179 71.21743108057819 19.63919138763865 184.79
1180 -71.21684980702022 -19.63786956833685 184.79
1181 71.21684980702021 -19.63786956833697 184.79
1182 -71.21743108057814 19.63919138763879 184.79
1183 19.63919138763878 71.21743108057817 184.79
1184 -29.46031374595786 71.21671799185741 184.79
1185 -71.21671799185737 29.46031374595773 184.79
1186 71.21599832125747 -29.45873908335061 184.79
1187 29.46031374595772 71.21671799185739 184.79
1188 71.21671799185739 29.46031374595768 184.79
1189 -71.21599832125744 -29.45873908335056 184.79
1190 -71.2164449547661 39.2825932763179 184.79
1191 71.21480757838205 -39.28375021455362 184.79
1192 39.28259327631788 71.21644495476612 184.79
1193 -39.28259327631818 71.21644495476612 184.79
1194 71.2164449547661 39.28259327631798 184.79
1195 -71.21480757838202 -39.2837502145537 184.79
1196 71.21891660655085 -49.11496983398198 184.79
1197 -71.21620252005209 49.10840802002503 184.79
1198 49.10840802002503 71.21620252005212 184.79
1199 -49.10840802002537 71.21620252005212 184.79
1200 71.21620252005211 49.1084080200252 184.79
1201 -71.21891660655083 -49.11496983398219 184.79
1202 -71.20164022790354 58.9921429636164 184.79
1203 -58.99214296361652 71.20164022790355 184.79
1204 58.9921429636164 71.20164022790355 184.79
1205 71.20164022790355 58.99214296361652 184.79
1206 39.67862963650237 -71.18250250663027 184.79
1207 -39.67862963550229 -71.18250250662493 184.79
1208 -29.938781921714 -71.20308594799984 184.79
1209 29.93878192259866 -71.20308594797714 184.79
1210 -20.0094726171009 -71.14186430981729 184.79
1211 20.00947261713746 -71.14186430980922 184.79
1212 -14.12954973508909 -70.78659535184677 184.79
1213 14.12954973508883 -70.78659535184678 184.79
1214 -64.18079655882238 71.11533713396271 184.79
1215 71.11533713396274 64.18079655882239 184.79
1216 -71.11533713396275 64.18079655882232 184.79
1217 64.18079655882232 71.11533713396274 184.79
1218 -71.21866636999903 -54.0335458407164 184.79
1219 71.21866636999906 -54.03354584071622 184.79
1220 64.22367030448115 -71.102415349292 184.79
1221 -64.223670304481 -71.102415349292 184.79
1222 54.03012509239674 71.21450423345863 184.79
1223 -71.21450423345863 54.03012509239674 184.79
1224 71.21450423345863 54.03012509239691 184.79
1225 -54.03012509239699 71.21450423345863 184.79
1226 14.72787415817805 71.21752170450269 184.79
1227 71.21752170450269 -14.72787415817807 184.79
1228 -71.21752170450264 14.72787415817807 184.79
1229 -71.21752170450273 -14.72787415817804 184.79
1230 71.21752170450274 14.72787415817804 184.79
1231 -14.72787415817822 71.21752170450279 184.79
1232 -24.54977052003716 71.21697564367879 184.79
1233 -71.21628911232389 -24.54823088755323 184.79
1234 71.21697564367878 24.54977052003697 184.79
1235 -71.21697564367875 24.54977052003708 184.79
1236 71.21628911232392 -24.54823088755334 184.79
1237 24.54977052003707 71.21697564367878 184.79
1238 -71.21649296553073 34.37128024304832 184.79
1239 71.21601079698038 -34.37065615841726 184.79
1240 34.3712802430483 71.21649296553076 184.79
1241 -34.37128024304853 71.21649296553076 184.79
1242 71.21649296553075 34.37128024304833 184.79
1243 -71.21601079698033 -34.37065615841727 184.79
1244 71.21709173224845 44.19556727544567 184.79
1245 -71.21574177595136 -44.20215866859215 184.79
1246 44.19556727544551 71.21709173224845 184.79
1247 -71.21709173224846 44.19556727544553 184.79
1248 71.21574177595137 -44.20215866859198 184.79
1249 -44.19556727544585 71.21709173224846 184.79
1250 4.909283158288076 71.21964132941345 184.79
1251 71.21964132941351 4.909283158288184 184.79
1252 71.21964132941346 -4.909283158288203 184.79
1253 -71.21964132941346 -4.909283158288186 184.79
1254 -71.21964132941343 4.909283158288201 184.79
1255 -4.90928315828836 71.21964132941351 184.79
1256 -25.0855377476091 -71.1845905070571 184.79
1257 25.08553774782976 -71.18459050700859 184.79
1258 34.82160590726626 -71.18712843541419 184.79
1259 -34.82160590571317 -71.18712843544617 184.79
1260 -44.53227046926108 -71.18674782541797 184.79
1261 44.53227046951989 -71.18674782542783 184.79
1262 54.21409490383315 -71.19026985591736 184.79
1263 -54.21409490383297 -71.19026985591734 184.79
1264 -71.21308161344342 -58.99007455791472 184.79
1265 71.21308161344345 -58.99007455791461 184.79
1266 73.68206721612076 73.68206721612083 184.79
1267 73.61345039075016 -73.59601673244427 184.79
1268 -73.6134503907501 -73.5960167324443 184.79
1269 -73.61154078445563 73.61154078445557 184.79
1270 -3.24 32.11 196.4803
1271 -10.47449830251313 31.11 196.4803
1272 -5.651498302513133 31.11 196.4803
1273 -11.96832689495241 33.11 196.4803
1274 -4.985668724216106 33.11 196.4803
1275 -8.47699561916852 33.11 196.4803
1276 -32.11 -2.216657643370372 197.9803
1277 2.216657643370365 -32.10999999999999 197.9803
1278 32.10999999999999 2.216657643370368 197.9803
1279 -32.11 2.216657643606503 197.9803
1280 -2.216657643606503 -32.11 197.9803
1281 32.10999999999999 -2.216657643606503 197.9803
1282 -24.27249370615813 21.13750629384187 197.9803
1283 21.13750629384186 24.27249370615813 197.9803
1284 -21.13750629384187 -24.27249370615812 197.9803
1285 24.27249370615813 -21.13750629384187 197.9803
1286 -21.13750629367482 24.27249370632518 197.9803
1287 24.27249370632518 21.13750629367482 197.9803
1288 -24.27249370632518 -21.1375062936748 197.9803
1289 21.13750629367481 -24.27249370632518 197.9803
1290 -2.773335427758401 -28.11 197.9803
1291 -5.318583513364619 32.11 197.9803
1292 -29.59130824917809 14.40469175082191 196.4803
1293 -14.4046917508219 29.5913082491781 196.4803
1294 -23.51666012803563 20.47933987196437 196.4803
1295 -20.47933987196436 23.51666012803564 196.4803
1296 -17.44203162278626 26.55396837721374 196.4803
1297 -26.55396837721372 17.44203162278628 196.4803
1298 -15.33035990768015 31.49364009231985 196.4803
1299 -31.49364009231987 15.33035990768013 196.4803
1300 -25.02832728428063 21.79567271571937 196.4803
1301 -21.79567271538528 25.02832728461472 196.4803
1302 -28.26096737676754 18.56303262323246 196.4803
1303 -18.56303262323247 28.26096737676753 196.4803
1304 -31.11 -10.7382978596608 196.4803
1305 -31.11 10.7382978596608 196.4803
1306 -31.11 -2.14765741957273 196.4803
1307 -31.11 2.147657419572729 196.4803
1308 -31.11 6.442955279233534 196.4803
1309 -31.11 -6.442955279233534 196.4803
1310 -33.11 11.42829526567427 196.4803
1311 -33.11 -11.42829526567427 196.4803
1312 -33.11 2.285657867404142 196.4803
1313 -33.11 -2.28565786740414 196.4803
1314 -33.11 -6.856953133078415 196.4803
1315 -33.11 6.856953133078412 196.4803
1316 11.42829526567427 -33.11 196.4803
1317 -11.42829526567427 -33.11 196.4803
1318 -2.285657867404142 -33.11 196.4803
1319 2.28565786740414 -33.11 196.4803
1320 6.856953133078415 -33.11 196.4803
1321 -6.856953133078412 -33.11 196.4803
1322 -31.49364009231985 -15.33035990768015 196.4803
1323 -15.33035990768013 -31.49364009231987 196.4803
1324 -21.79567271571937 -25.02832728428063 196.4803
1325 -25.02832728461472 -21.79567271538528 196.4803
1326 -18.56303262323246 -28.26096737676754 196.4803
1327 -28.26096737676753 -18.56303262323247 196.4803
1328 -14.40469175082191 -29.59130824917809 196.4803
1329 -29.5913082491781 -14.4046917508219 196.4803
1330 -20.47933987196437 -23.51666012803563 196.4803
1331 -23.51666012803564 -20.47933987196436 196.4803
1332 -26.55396837721374 -17.44203162278626 196.4803
1333 -17.44203162278628 -26.55396837721372 196.4803
1334 10.7382978596608 -31.11 196.4803
1335 -10.7382978596608 -31.11 196.4803
1336 2.147657419572729 -31.11 196.4803
1337 -2.14765741957273 -31.11 196.4803
1338 -6.442955279233534 -31.11 196.4803
1339 6.442955279233534 -31.11 196.4803
1340 29.59130824917809 -14.40469175082191 196.4803
1341 14.4046917508219 -29.5913082491781 196.4803
1342 23.51666012803563 -20.47933987196437 196.4803
1343 20.47933987196436 -23.51666012803564 196.4803
1344 17.44203162278626 -26.55396837721374 196.4803
1345 26.55396837721372 -17.44203162278628 196.4803
1346 31.11 10.7382978596608 196.4803
1347 31.11 -10.7382978596608 196.4803
1348 31.11 2.14765741957273 196.4803
1349 31.11 -2.147657419572729 196.4803
1350 31.11 -6.442955279233534 196.4803
1351 31.11 6.442955279233534 196.4803
1352 33.11 11.42829526567427 196.4803
1353 33.11 -11.42829526567427 196.4803
1354 33.11 -2.285657867404142 196.4803
1355 33.11 2.285657867404142 196.4803
1356 33.11 6.856953133078415 196.4803
1357 33.11 -6.856953133078412 196.4803
1358 15.33035990768015 -31.49364009231985 196.4803
1359 31.49364009231987 -15.33035990768013 196.4803
1360 25.02832728428063 -21.79567271571937 196.4803
1361 21.79567271538528 -25.02832728461472 196.4803
1362 28.26096737676754 -18.56303262323246 196.4803
1363 18.56303262323247 -28.26096737676753 196.4803
1364 11.69266045308719 33.11 196.4803
1365 3.607339546912815 33.11 196.4803
1366 7.65 33.11 196.4803
1367 31.49364009231985 15.33035990768015 196.4803
1368 15.33035990768013 31.49364009231987 196.4803
1369 21.79567271571937 25.02832728428063 196.4803
1370 25.02832728461472 21.79567271538528 196.4803
1371 18.56303262323246 28.26096737676754 196.4803
1372 28.26096737676753 18.56303262323247 196.4803
1373 14.40469175082191 29.59130824917809 196.4803
1374 29.5913082491781 14.4046917508219 196.4803
1375 20.47933987196437 23.51666012803563 196.4803
1376 23.51666012803564 20.47933987196436 196.4803
1377 26.55396837721374 17.44203162278626 196.4803
1378 17.44203162278628 26.55396837721372 196.4803
1379 11.14066169005702 31.11 196.4803
1380 4.159338309942978 31.11 196.4803
1381 7.65 31.11 196.4803
1382 -4.824 29.11 196.4803
1383 -9.644 29.11 196.4803
1384 0.4818767180341521 32.00587671803415 196.4803
1385 -1.315297546957824 30.20870245304218 196.4803
1386 -0.4818767180341521 28.21412328196585 196.4803
1387 1.315297546957824 30.01129754695782 196.4803
1388 -3.996 27.11 196.4803
1389 -8.816000000000001 27.11 196.4803
1390 -25.52156315113012 12.81443684886988 196.4803
1391 -12.81443684886987 25.52156315113013 196.4803
1392 -15.99125229200174 22.34474770799826 196.4803
1393 -22.34474770799825 15.99125229200175 196.4803
1394 -19.168 19.168 196.4803
1395 -27.11 8.980747924897299 196.4803
1396 -27.11 -8.980747924897299 196.4803
1397 -27.11 -4.490326101889595 196.4803
1398 -27.11 4.490326101889595 196.4803
1399 -27.11 -4.440892098500626e-16 196.4803
1400 -29.11 -9.643142183506017 196.4803
1401 -29.11 9.643142183506018 196.4803
1402 -29.11 4.821517870630002 196.4803
1403 -29.11 -4.821517870629998 196.4803
1404 -29.11 1.77635683940025e-15 196.4803
1405 -13.75964091307223 27.40435908692777 196.4803
1406 -27.40435908692778 13.75964091307222 196.4803
1407 -23.99314188112203 17.17085811887797 196.4803
1408 -17.17085811887799 23.99314188112201 196.4803
1409 -20.582 20.582 196.4803
1410 -10.21165946766468 -29.11 196.4803
1411 -2.842335462000678 -29.11 196.4803
1412 -6.526994929665355 -29.11 196.4803
1413 -27.40435908692777 -13.75964091307223 196.4803
1414 -13.75964091307222 -27.40435908692778 196.4803
1415 -17.17085811887797 -23.99314188112203 196.4803
1416 -23.99314188112201 -17.17085811887799 196.4803
1417 -20.582 -20.582 196.4803
1418 -12.81443684886988 -25.52156315113012 196.4803
1419 -25.52156315113013 -12.81443684886987 196.4803
1420 -22.34474770799826 -15.99125229200174 196.4803
1421 -15.99125229200175 -22.34474770799825 196.4803
1422 -19.168 -19.168 196.4803
1423 -9.521660519094196 -27.11 196.4803
1424 -2.704335393516121 -27.11 196.4803
1425 -6.112995912610318 -27.11 196.4803
1426 -1 -28.11 196.4803
1427 1 -28.11 196.4803
1428 9.521660519993416 -27.11 196.4803
1429 2.704335394415342 -27.11 196.4803
1430 6.112995914408757 -27.11 196.4803
1431 10.21165946702513 -29.11 196.4803
1432 2.842335461361136 -29.11 196.4803
1433 6.526994928386269 -29.11 196.4803
1434 5.339999093220428 28.11 197.9802999999999
1435 2.773335427888242 -28.11 197.9802999999999
1436 25.52156315113012 -12.81443684886988 196.4803
1437 12.81443684886987 -25.52156315113013 196.4803
1438 15.99125229200174 -22.34474770799826 196.4803
1439 22.34474770799825 -15.99125229200175 196.4803
1440 19.168 -19.168 196.4803
1441 13.75964091307223 -27.40435908692777 196.4803
1442 27.40435908692778 -13.75964091307222 196.4803
1443 23.99314188112203 -17.17085811887797 196.4803
1444 17.17085811887799 -23.99314188112201 196.4803
1445 20.582 -20.582 196.4803
1446 27.11 -8.980747924897299 196.4803
1447 27.11 8.980747924897299 196.4803
1448 27.11 -4.490326101889595 196.4803
1449 27.11 4.490326101889595 196.4803
1450 27.11 4.440892098500626e-16 196.4803
1451 29.11 -9.643142183506018 196.4803
1452 29.11 9.643142183506017 196.4803
1453 29.11 4.821517870629998 196.4803
1454 29.11 -4.821517870630002 196.4803
1455 29.11 -1.77635683940025e-15 196.4803
1456 9.85049883242454 29.11 196.4803
1457 5.44349883242454 29.11 196.4803
1458 27.40435908692777 13.75964091307223 196.4803
1459 13.75964091307222 27.40435908692778 196.4803
1460 17.17085811887797 23.99314188112203 196.4803
1461 23.99314188112201 17.17085811887799 196.4803
1462 20.582 20.582 196.4803
1463 12.81443684886988 25.52156315113012 196.4803
1464 25.52156315113013 12.81443684886987 196.4803
1465 22.34474770799826 15.99125229200174 196.4803
1466 15.99125229200175 22.34474770799825 196.4803
1467 19.168 19.168 196.4803
1468 9.229499354016315 27.11 196.4803
1469 5.236499354016315 27.11 196.4803
1470 3.24 28.11 196.4803
1471 -126.22 -2.059508732235457 293.7031051099191
1472 -126.22 54.32700335754669 253.1338103960497
1473 -126.22 -54.78836260312866 253.1338103960497
1474 -126.22 56.65483773009845 333.0115516662682
1475 -126.22 -58.54488426045893 332.3538591018302
1476 -126.22 -0.3171024602473551 241.4476024816678
1477 -126.22 -9.688544157222864 349.1379966176492
1478 -126.22 94.96841892765272 229.8603442656791
1479 -126.22 -95.08375873904826 229.8603442656791
1480 -126.22 93.39226875873831 366.5071232606907
1481 -126.22 -94.66499999999991 366.5469666666665
1482 -2.059508732235443 126.22 293.7031051099191
1483 54.32700335754669 126.22 253.1338103960497
1484 -54.78836260312865 126.22 253.1338103960497
1485 56.65483773009845 126.22 333.0115516662682
1486 -58.54488426045893 126.22 332.3538591018302
1487 -0.3171024602473551 126.22 241.4476024816678
1488 -9.688544157222864 126.22 349.1379966176492
1489 94.96841892765272 126.22 229.8603442656791
1490 -95.08375873904826 126.22 229.8603442656791
1491 93.39226875873831 126.22 366.5071232606907
1492 -94.66499999999991 126.22 366.5469666666665
1493 126.22 2.059508732235457 293.7031051099191
1494 126.22 -54.32700335754669 253.1338103960497
1495 126.22 54.78836260312866 253.1338103960497
1496 126.22 -56.65483773009845 333.0115516662682
1497 126.22 58.54488426045893 332.3538591018302
1498 126.22 0.3171024602473551 241.4476024816678
1499 126.22 9.688544157222864 349.1379966176492
1500 126.22 -94.96841892765272 229.8603442656791
1501 126.22 95.08375873904826 229.8603442656791
1502 126.22 -93.39226875873831 366.5071232606907
1503 126.22 94.66499999999991 366.5469666666665
1504 2.059508732235457 -126.22 293.7031051099191
1505 -54.32700335754669 -126.22 253.1338103960497
1506 54.78836260312866 -126.22 253.1338103960497
1507 -56.65483773009845 -126.22 333.0115516662682
1508 58.54488426045893 -126.22 332.3538591018302
1509 0.3171024602473551 -126.22 241.4476024816678
1510 9.688544157222864 -126.22 349.1379966176492
1511 -94.96841892765272 -126.22 229.8603442656791
1512 95.08375873904826 -126.22 229.8603442656791
1513 -93.39226875873831 -126.22 366.5071232606907
1514 94.66499999999991 -126.22 366.5469666666665
1515 0.3184619025484649 0.7505589192828768 199.8803
1516 -54.03052996496889 -53.48380740266077 199.8803
1517 -63.90060880625264 5.341662110371962 199.8803
1518 -20.5378935407123 57.9778120518009 199.8803
1519 50.3860226425451 53.438283214139 199.8803
1520 63.06247620689168 -5.584600693182932 199.8803
1521 20.20991878771702 -57.29735236569557 199.8803
1522 -78.48571143633518 59.40667435279581 199.8803
1523 76.62131953360054 -59.01193420403177 199.8803
1524 -47.72902969278844 40.41490064151949 199.8803
1525 47.06678258202874 -39.77749110947091 199.8803
1526 -12.71338868485529 -39.16543494943533 199.8803
1527 -41.04521455456461 -18.66378228329617 199.8803
1528 -82.31498914921374 -28.55668656978865 199.8803
1529 12.54191222326362 41.20926033644861 199.8803
1530 40.70570047008213 18.7055861939421 199.8803
1531 87.06809725079258 25.88282844948277 199.8803
1532 -19.35083975075391 28.53494992210071 199.8803
1533 -37.59962962687015 5.889638696850566 199.8803
1534 -5.428755986315151 48.66817597165628 199.8803
1535 16.46264271303114 81.2657368828543 199.8803
1536 -13.22574173694407 -84.26110155388446 199.8803
1537 18.8932528779357 -27.94121248585205 199.8803
1538 37.72124097673555 -5.404818769219109 199.8803
1539 7.511885887128633 -48.1596400261171 199.8803
1540 0.1558603071709859 -31.26512296431968 199.8803
1541 -15.90065853997644 -16.22574487811433 199.8803
1542 -28.99653981755115 -28.90422257749594 199.8803
1543 -31.34870006224487 -6.83780915750102 199.8803
1544 -46.49383773370266 -4.055899574645801 199.8803
1545 -13.155028765301 -27.28497948510377 199.8803
1546 -8.919210750459776 -62.10826998384501 199.8803
1547 -51.30644878141175 95.20753373840722 199.8803
1548 -20.40870957328302 93.10685645464366 199.8803
1549 50.69063481768649 -94.88094124227678 199.8803
1550 6.381868471312 -94.41087135436706 199.8803
1551 -0.2328338399249496 31.05416796983323 199.8803
1552 17.01899916832187 15.8131962893764 199.8803
1553 29.25662552047995 29.13310796216437 199.8803
1554 31.32167061165461 7.293084328567837 199.8803
1555 47.01630830095751 4.405633028535564 199.8803
1556 10.83500081741644 26.99328927868869 199.8803
1557 29.73964872181625 62.9970052371988 199.8803
1558 50.47732688021128 83.18307131935831 199.8803
1559 -29.45465907454107 -54.59339478610245 199.8803
1560 -43.71944052793124 -85.28352871866464 199.8803
1561 -85.30765900367926 -79.80114491452436 199.8803
1562 34.21823712648366 -26.5132930174881 199.8803
1563 26.81837133391847 -17.68085606390874 199.8803
1564 18.39996094468052 -3.004571316471307 199.8803
1565 -34.11411915909245 27.0966057091678 199.8803
1566 89.09697900826644 73.92260433990032 199.8803
1567 28.85449055168769 -41.81435375475314 199.8803
1568 -26.4337148513478 17.2545424585225 199.8803
1569 -18.17534135143733 4.157754814147082 199.8803
1570 -9.598586508339849 16.03081230320601 199.8803
1571 6.373109623080387 17.67866009558954 199.8803
1572 -31.20433964928157 42.29552309506189 199.8803
1573 -14.45941091883702 -6.876805623667047 199.8803
1574 -78.64419345016471 -53.54730705991998 199.8803
1575 -29.92612820759337 -19.16462982104861 199.8803
1576 -81.80014928354149 37.65877741247403 199.8803
1577 80.48117015516199 -37.3303648473396 199.8803
1578 11.66974801798873 -38.0021656052017 199.8803
1579 15.15380624993316 8.167933661043122 199.8803
1580 29.5794744773107 19.78965035784801 199.8803
1581 99.29478926435775 -1.862315085025318 199.8803
1582 -101.745446727533 4.420825470812227 199.8803
1583 -2.65196229207455 68.0906988102267 199.8803
1584 7.136971974296828 -30.91839675120315 199.8803
1585 10.01368441522334 -13.38803408724462 199.8803
1586 -4.422076822398467 -13.25845172921952 199.8803
1587 61.6040823125308 17.18952941378097 199.8803
1588 77.31470636012959 52.07577027354689 199.8803
1589 -60.62126586761902 -18.14182324411178 199.8803
1590 90.92803670266679 -94.92144804357976 199.8803
1591 -103.0078933180964 48.64204641993678 199.8803
1592 46.9267346398827 -16.09458601121383 199.8803
1593 53.70312943407624 -64.83173909610991 199.8803
1594 -8.940740121414162 24.9847611805542 199.8803
1595 -9.340850530061596 37.00190079084356 199.8803
1596 -55.01266404835543 64.66024523682408 199.8803
1597 100.9630477611229 -48.50077099494833 199.8803
1598 -82.49843059187316 100.1966600909221 199.8803
1599 -47.93314513053967 16.64470936763079 199.8803
1600 30.735134756521 -0.4310800121228981 199.8803
1601 -30.85806649130197 1.025266705552683 199.8803
1602 4.752830062101748 -61.56874539353893 199.8803
1603 45.1673820229405 36.52674152165736 199.8803
1604 4.788462294244876 35.83821923405026 199.8803
1605 -3.684951553265107 -43.94740718779165 199.8803
1606 -43.42179684905414 -36.10135154928394 199.8803
1607 -60.12185608205195 -73.49054374868822 199.8803
1608 101.5470286436236 49.84264052890272 199.8803
1609 -20.25653766427517 -26.05213631066765 199.8803
1610 20.26982481652507 25.89335786356704 199.8803
1611 10.80565529903109 56.51646159345965 199.8803
1612 27.29622076479968 44.59387138759021 199.8803
1613 63.63614839380877 71.70732007852811 199.8803
1614 71.25395739166973 -77.6246508947842 199.8803
1615 28.14691629605997 -8.930705201563223 199.8803
1616 20.35755476337263 -12.16794298541229 199.8803
1617 18.7459985970799 -20.0826680660039 199.8803
1618 34.84923500113168 -14.894962062245 199.8803
1619 24.75208487759719 -24.78715337694891 199.8803
1620 -28.09014800233079 9.423480955332165 199.8803
1621 -20.6399824869032 12.95189184131773 199.8803
1622 -19.26429881901594 20.17217780302578 199.8803
1623 -24.96864328477482 25.15482772150742 199.8803
1624 -34.83415135403617 15.26179543750076 199.8803
1625 -72.32654064166677 79.51743671717367 199.8803
1626 -5.156388748646838 -35.64623130826227 199.8803
1627 64.49864381540787 36.80896969423252 199.8803
1628 32.01754201827242 -75.55435546675187 199.8803
1629 -6.155074086918397 -28.65036950795737 199.8803
1630 18.34642321903478 33.40166547307761 199.8803
1631 -18.46036787882064 -32.77287175664313 199.8803
1632 -24.28154770761838 -40.65545660840161 199.8803
1633 -33.40233287683333 74.00304006850672 199.8803
1634 -98.11285295512886 76.18128378481394 199.8803
1635 4.475716646769294 28.03745358648986 199.8803
1636 -2.071306891046393 23.69204036764173 199.8803
1637 68.32909147072465 96.46026670930317 199.8803
1638 -65.52282095651591 -38.26697394291886 199.8803
1639 97.53489918131217 100.3429560960567 199.8803
1640 93.19727227781198 -70.63309529808163 199.8803
1641 -58.20559337054201 -99.40610905284129 199.8803
1642 12.25844640735409 -72.72601299283231 199.8803
1643 -24.64547683897765 -12.44863184501432 199.8803
1644 -104.2379633217992 -39.72198557809643 199.8803
1645 -98.97353567292396 -61.51000726276253 199.8803
1646 -15.52353250753372 -22.32249695269466 199.8803
1647 -2.420705222751554 -74.6878242597743 199.8803
1648 1.365983273790207 -23.37232316761484 199.8803
1649 -81.64959320919968 -6.689731183736487 199.8803
1650 78.30059624122178 4.015184009321385 199.8803
1651 80.47353779576991 -15.54951688142788 199.8803
1652 -17.73889004491583 39.71004350518101 199.8803
1653 -25.68024384366401 32.71586271472031 199.8803
1654 3.817276605758941 43.80948705354724 199.8803
1655 24.73928222076803 12.80292710629191 199.8803
1656 -13.45711066413487 -49.0092971739899 199.8803
1657 33.46807879331063 13.8564310115986 199.8803
1658 -21.75304701673125 -71.16086873184994 199.8803
1659 -33.69711960304063 -13.54524597070882 199.8803
1660 14.8127009648586 21.93941153640565 199.8803
1661 11.63617051519093 -24.53639115256123 199.8803
1662 -15.86714512404661 76.72029490123269 199.8803
1663 -23.26967730725969 -20.2791667921665 199.8803
1664 37.9626644543817 9.492221482088352 199.8803
1665 36.95140382005007 3.071008011569949 199.8803
1666 25.08456445256825 -31.71773725149175 199.8803
1667 -38.07419294759555 -9.209266355269682 199.8803
1668 -36.91772601339672 -2.648143567345351 199.8803
1669 18.96532289465226 -36.18506823707028 199.8803
1670 -82.08165027583112 15.78092823580108 199.8803
1671 39.18840968949634 99.19040406532422 199.8803
1672 5.390677952603825 101.7847199324857 199.8803
1673 -28.70947196360154 -100.5691415388821 199.8803
1674 22.56136009301247 19.73391494410536 199.8803
1675 25.8068382843482 24.15875798696058 199.8803
1676 -2.068770444901898 37.82302281960779 199.8803
1677 36.18350179221153 79.19893270275803 199.8803
1678 -99.23359848154914 -18.98329318662346 199.8803
1679 -64.37102145973748 27.78929386183534 199.8803
1680 -92.10516559115771 -104.2584044491298 199.8803
1681 64.61518719861587 -46.13923692741597 199.8803
1682 -64.55753669986184 47.72650612660605 199.8803
1683 -99.02308216872251 26.16474174304942 199.8803
1684 64.21568691068657 -27.01263032427549 199.8803
1685 -1.967541467520328 -53.42256786881867 199.8803
1686 3.099069914926635 -38.02907032799494 199.8803
1687 -14.38857898094875 23.85868734412353 199.8803
1688 -12.62930344020129 30.77608810675321 199.8803
1689 -23.8996184791567 -4.200833912220626 199.8803
1690 -2.898275113621847 84.70532219209201 199.8803
1691 10.1975030401458 33.095977581751 199.8803
1692 -6.015921213113516 30.56618589771626 199.8803
1693 36.93401221276844 -56.03659863503994 199.8803
1694 -29.05346314788839 -84.26704742510933 199.8803
1695 97.48650899528252 -25.52237117620989 199.8803
1696 17.44227322783487 -44.29171599776756 199.8803
1697 -37.28113619319089 56.34549802813181 199.8803
1698 13.66029325601289 -31.51664684637768 199.8803
1699 24.06997095671147 4.965658753461733 199.8803
1700 -11.69623056828052 -32.80617272737388 199.8803
1701 -40.6487484529513 -69.47786894676331 199.8803
1702 45.04940841891307 69.35830430621914 199.8803
1703 -8.807846870067372 -21.5941684254425 199.8803
1704 3.602815329476026e-15 -3.602815329476026e-15 399.8803
1705 -52.59166666666671 52.59166666666663 399.8803
1706 52.59166666666664 52.59166666666671 399.8803
1707 -52.59166666666663 -52.59166666666673 399.8803
1708 52.59166666666673 -52.59166666666664 399.8803
1709 70.62309523809526 5.652538907815883e-14 399.8803
1710 -5.652538907815883e-14 70.62309523809526 399.8803
1711 6.085225861071838e-14 -70.62309523809525 399.8803
1712 -70.62309523809525 -6.085225861071838e-14 399.8803
1713 -85.46145833333341 -85.46145833333327 399.8803
1714 -85.46145833333327 85.46145833333341 399.8803
1715 85.46145833333341 85.46145833333327 399.8803
1716 85.46145833333327 -85.46145833333341 399.8803
1717 -1.728500662476835 2.244034042796978 199.4802999999999
1718 -52.90970411708205 -54.65293997097655 199.4802999999999
1719 9.814740947309049 -63.48573939728378 199.4802999999999
1720 63.98049834040382 -20.57754445809623 199.4802999999999
1721 57.1168543475931 53.79466606477564 199.4802999999999
1722 62.53200591886543 -74.96118141907026 199.4802999999999
1723 -8.984614241415407 62.49304941542642 199.4802999999999
1724 -60.55626973736326 25.11004197332977 199.4802999999999
1725 36.25380653240515 -48.68250807137246 199.4802999999999
1726 -59.69534016315027 75.90016843949144 199.4802999999999
1727 -37.37582914816145 47.37777482048874 199.4802999999999
1728 -18.50712716757826 -37.42332035039772 199.4802999999999
1729 -51.2241094644244 -14.25110640731951 199.4802999999999
1730 -21.80617539095567 -68.80334955884527 199.4802999999999
1731 12.45358792259943 -34.82200877820588 199.4802999999999
1732 -2.023738402649534 -47.33673873198148 199.4802999999999
1733 33.19876819389204 -5.645458300394039 199.4802999999999
1734 64.31906970833651 12.38755474854246 199.4802999999999
1735 34.6725013222302 29.33151865772036 199.4802999999999
1736 -1.519491845843967 -31.61339885829948 199.4802999999999
1737 35.52154339102427 -30.0804519081425 199.4802999999999
1738 22.36810566249424 -17.82329085497303 199.4802999999999
1739 6.446706755724109 -16.08258684439367 199.4802999999999
1740 24.78780913336024 54.494851358049 199.4802999999999
1741 11.31952242129226 -47.70921402765436 199.4802999999999
1742 47.91365388737394 10.14565517946802 199.4802999999999
1743 95.55871686785319 -54.05861016103469 199.4802999999999
1744 -93.7721467088855 48.65798037527372 199.4802999999999
1745 -93.51144185425112 0.1871062125089381 199.4802999999999
1746 -17.78019056047739 -12.13159528628426 199.4802999999999
1747 -34.12783581193514 11.80417887737306 199.4802999999999
1748 -14.0856321324798 34.33935948992718 199.4802999999999
1749 12.27465385735724 32.48204032971535 199.4802999999999
1750 19.7743133159997 11.34069457340327 199.4802999999999
1751 14.63472201287234 -0.5593201961837408 199.4802999999999
1752 -1.713615848124097 48.80333573119657 199.4802999999999
1753 -34.55544612797723 30.74916236465793 199.4802999999999
1754 -21.38026726415982 20.97057722280549 199.4802999999999
1755 -18.98193032764184 2.236777908765109 199.4802999999999
1756 -34.25381264719775 -6.721845568831132 199.4802999999999
1757 -31.8927914758523 -23.91579680042839 199.4802999999999
1758 -34.75072396682821 -39.39676093677861 199.4802999999999
1759 -48.18117363392079 0.129854746723882 199.4802999999999
1760 1.959234839423704 -99.14996082041684 199.4802999999999
1761 27.10182957479785 -91.89588833643805 199.4802999999999
1762 -78.76421860950613 -33.56655784228547 199.4802999999999
1763 -11.94396141799752 -25.24460415132519 199.4802999999999
1764 96.80240497246405 46.37910628350993 199.4802999999999
1765 81.20712944785663 95.82295369160063 199.4802999999999
1766 37.1092838702947 82.80665661493471 199.4802999999999
1767 16.03908483535408 83.31737189773119 199.4802999999999
1768 -53.39247120701325 -97.67351179131614 199.4802999999999
1769 -17.5030082865619 -51.54314557358938 199.4802999999999
1770 -0.1846572369265779 16.82753683997586 199.4802999999999
1771 -0.4650131282845483 31.30774443245424 199.4802999999999
1772 -91.6130951225706 -67.90786472463282 199.4802999999999
1773 94.65038118407048 -6.391486073754135 199.4802999999999
1774 23.62571813309613 26.90239541360566 199.4802999999999
1775 12.8038296403725 19.78842355763502 199.4802999999999
1776 24.93043792082092 40.2559721983877 199.4802999999999
1777 -32.70063741107615 74.83048113105944 199.4802999999999
1778 -11.6887679395041 88.9060271730236 199.4802999999999
1779 -8.706293388375727 22.06052146896781 199.4802999999999
1780 3.784036565030351 -38.04199697246451 199.4802999999999
1781 53.58732657910903 -5.350207580879609 199.4802999999999
1782 -5.56689253157472 -20.25936681473627 199.4802999999999
1783 36.93895034714167 7.795386874712396 199.4802999999999
1784 28.06625248119487 17.47755856465946 199.4802999999999
1785 -91.95106645079487 24.6051523854433 199.4802999999999
1786 35.58151045340727 -18.62563877751509 199.4802999999999
1787 26.99934699757618 -11.06457663314834 199.4802999999999
1788 4.346198029408293 25.46548088322207 199.4802999999999
1789 -29.0497013243092 1.652485027738618 199.4802999999999
1790 -23.45620035815942 -6.409775783248659 199.4802999999999
1791 25.61613249735869 -28.78913941641644 199.4802999999999
1792 -14.51031109587243 13.83706545289844 199.4802999999999
1793 -96.03207005123861 94.23134688302662 199.4802999999999
1794 17.45248232651586 -23.42495276600391 199.4802999999999
1795 -18.55856455217819 27.6519866798644 199.4802999999999
1796 -62.43089802137754 50.14935368403423 199.4802999999999
1797 -23.71114390653109 35.76746448919653 199.4802999999999
1798 -15.8009612332099 47.13987156257203 199.4802999999999
1799 -28.31188726628511 -16.40421396323729 199.4802999999999
1800 -38.86540342228549 -17.95601914169167 199.4802999999999
1801 -10.27126396827598 -41.35397572484295 199.4802999999999
1802 -22.80561321266075 10.26050435302225 199.4802999999999
1803 -30.05600356646614 19.43827918357065 199.4802999999999
1804 -42.94903876727264 20.22264667197323 199.4802999999999
1805 5.652493785897917 -29.56648750930517 199.4802999999999
1806 69.33123886860704 -55.03761379230473 199.4802999999999
1807 -50.75621247202744 99.95210432180573 199.4802999999999
1808 95.40960768371332 -90.75218254643588 199.4802999999999
1809 24.98041621887274 4.123749054009697 199.4802999999999
1810 -66.17843125378289 0.2542097263413997 199.4802999999999
1811 94.94885711366425 19.99024106498851 199.4802999999999
1812 -24.72160100286017 -90.67209627447673 199.4802999999999
1813 32.39065399829082 1.495998460262749 199.4802999999999
1814 -23.49292512593865 -29.08687619809374 199.4802999999999
1815 54.15217492184296 29.32387490583184 199.4802999999999
1816 72.65236152987711 -5.099502741237965 199.4802999999999
1817 57.44005964471596 76.85887491270201 199.4802999999999
1818 78.32730758343179 64.02798336856758 199.4802999999999
1819 -7.400284696450528 29.79080947302064 199.4802999999999
1820 -6.314816996521892 38.36525452609175 199.4802999999999
1821 50.31977822452307 101.2230714779374 199.4802999999999
1822 40.56000439459644 63.47791825839612 199.4802999999999
1823 28.05197770946745 -21.81962965863193 199.4802999999999
1824 -80.00973133684974 72.42746051991995 199.4802999999999
1825 79.19743242185939 -72.36544600514362 199.4802999999999
1826 -101.8420510152836 -44.38059584424656 199.4802999999999
1827 29.22841240543334 -68.57103116011129 199.4802999999999
1828 25.37861253377329 -4.056864016415846 199.4802999999999
1829 37.70856771466919 16.96060032368446 199.4802999999999
1830 5.645803109837263 32.56297076273897 199.4802999999999
1831 10.60789470890314 42.96888598042721 199.4802999999999
1832 76.04579479275949 -35.02057316960396 199.4802999999999
1833 -22.01429796558401 -19.55464999378895 199.4802999999999
1834 16.22025677499595 27.25979916577657 199.4802999999999
1835 11.86884601895131 -24.96401353051245 199.4802999999999
1836 -4.734746787696595 -77.67130122158463 199.4802999999999
1837 12.67389419585347 -80.15478418716691 199.4802999999999
1838 -74.28868227689425 -53.06553271490903 199.4802999999999
1839 -67.2593613630554 -73.75353384148224 199.4802999999999
1840 -88.45538095761975 -95.24165511795671 199.4802999999999
1841 23.28409777560884 -39.07063501666538 199.4802999999999
1842 -42.45447853018847 -73.93378551359342 199.4802999999999
1843 50.51886348602163 -98.44648735953086 199.4802999999999
1844 -5.473937386894695 -60.604053034133 199.4802999999999
1845 -9.728527329509387 -32.88086101562087 199.4802999999999
1846 -71.77709126469533 94.72786779628524 199.4802999999999
1847 26.9797579818024 10.01637620603275 199.4802999999999
1848 72.66972067499294 44.01064567017163 199.4802999999999
1849 -56.52375704978697 -33.50197475686403 199.4802999999999
1850 -5.791247687985978 -26.75818401035569 199.4802999999999
1851 -73.66777250447186 -17.53457139773822 199.4802999999999
1852 96.48694430803312 -27.77045022627026 199.4802999999999
1853 40.77583405314426 -0.2432781950834381 199.4802999999999
1854 40.56154677011878 -10.50190786415082 199.4802999999999
1855 21.89126959679376 18.63585686479523 199.4802999999999
1856 -26.03361965942408 61.68782062881021 199.4802999999999
1857 39.55185676175713 45.06871054015298 199.4802999999999
1858 -76.46819905236545 33.28072691488079 199.4802999999999
1859 -36.57139953443937 -0.4590373236161755 199.4802999999999
1860 15.33955037214821 -18.74376513321415 199.4802999999999
1861 32.88219357603865 -12.20099297943934 199.4802999999999
1862 9.249276297435431 62.91186865772899 199.4802999999999
1863 18.52784072243139 -11.3884006130548 199.4802999999999
1864 47.29895449429977 -20.8515420439638 199.4802999999999
1865 -27.80536549521431 7.373033900854296 199.4802999999999
1866 -42.53892041166124 -27.00275219941544 199.4802999999999
1867 29.17284677949472 -16.29930821076219 199.4802999999999
1868 101.8376239376617 80.38779877614871 199.4802999999999
1869 -25.65228508346249 26.915493988019 199.4802999999999
1870 43.86393601045517 -78.8326524602104 199.4802999999999
1871 -12.7280214099872 27.32077020881778 199.4802999999999
1872 -40.42420280841662 -8.581923025018256 199.4802999999999
1873 -17.51871976653802 -24.46843908777186 199.4802999999999
1874 -28.86098141948172 -4.133251862130017 199.4802999999999
1875 -28.81728672514646 -9.907711341261969 199.4802999999999
1876 -33.98211119129243 -12.90899473941091 199.4802999999999
1877 -47.588376372934 34.77331522524569 199.4802999999999
1878 -43.82021071135004 65.11760304439548 199.4802999999999
1879 0.7946654809349549 -24.4811578165314 199.4802999999999
1880 72.15118312300589 -92.54905946603613 199.4802999999999
1881 -24.11922838789913 -1.082638466215835 199.4802999999999
1882 49.93856866715758 -60.28867402590155 199.4802999999999
1883 -95.80467679507963 -24.32910531881066 199.4802999999999
1884 10.71595349349822 27.29889871737194 199.4802999999999
1885 53.54376242655132 -38.0238710594457 199.4802999999999
1886 76.94986154963291 26.52759772817319 199.4802999999999
1887 19.21948315393214 34.02030326920134 199.4802999999999
1888 25.54909170620818 69.401733357368 199.4802999999999
1889 -28.02832258133814 12.54319027765813 199.4802999999999
1890 3.40914689476427 -54.78393629776316 199.4802999999999
1891 -16.23825216151237 -29.82082016064188 199.4802999999999
1892 6.26353947888469 -23.88767922932215 199.4802999999999
1893 22.46234244416545 -23.33679633048997 199.4802999999999
1894 -33.22007427842314 -17.88225539642518 199.4802999999999
1895 18.76070116652743 -29.63818416815243 199.4802999999999
1896 -13.90892937583576 -18.73187720444184 199.4802999999999
1897 -8.564604887024561 -10.47558962728169 199.4802999999999
1898 -15.16946441036878 22.36500145663015 199.4802999999999
1899 -24.33497495357535 15.61563676639662 199.4802999999999
1900 1.411382071518511 38.90483752733409 199.4802999999999
1901 18.68190237171949 23.06673370713015 199.4802999999999
1902 80.76319603102881 -18.97191133379251 199.4802999999999
1903 9.059941413968224 9.928273763525478 199.4802999999999
1904 32.07208424658893 11.82659098023635 199.4802999999999
1905 -33.8387897134008 5.741066960568607 199.4802999999999
1906 -41.80383167285213 8.270766433298782 199.4802999999999
1907 -55.15475257614413 12.1858886667701 199.4802999999999
1908 30.66689270813655 6.883032932092662 199.4802999999999
1909 -3.828340849356634 -37.95172836047411 199.4802999999999
1910 -34.63755810016433 -58.04728164446364 199.4802999999999
1911 26.5431715798939 98.79655646837153 199.4802999999999
1912 4.908772597455643 100.3961680313992 199.4802999999999
1913 -2.438727702047087 25.00731098915642 199.4802999999999
1914 -1.44085289100973 78.91705264926895 199.4802999999999
1915 -98.94854387245908 72.13187315981821 199.4802999999999
1916 -74.49799371694461 17.21487663427544 199.4802999999999
1917 22.28033705641756 -54.90547710811185 199.4802999999999
1918 -24.03872746846421 -12.86818613071426 199.4802999999999
1919 -18.16791211416008 75.49834726298184 199.4802999999999
1920 80.12163786215378 9.069988104098398 199.4802999999999
1921 -30.72474787627908 90.72935015429404 199.4802999999999
1922 -43.5394297267766 81.30594141820923 199.4802999999999
1923 3.600567676474306 -1.124506918568545 183.7499999999999
1924 -51.70324793582299 -54.40888487518565 183.7499999999999
1925 8.811606403402674 -62.69302306709218 183.7499999999999
1926 59.60514628607491 -20.60401950863171 183.7499999999999
1927 51.65899857013424 51.52887931685603 183.7499999999999
1928 60.97168636349649 -76.06973526515006 183.7499999999999
1929 40.01018536044263 -49.87466776750388 183.7499999999999
1930 33.66415949900764 -75.24398694583691 183.7499999999999
1931 40.42485924675664 12.67638925062387 183.7499999999999
1932 5.02386348725791 46.46334542599779 183.7499999999999
1933 67.48719983304399 -49.216559273802 183.7499999999999
1934 -16.5749622329057 -35.39363574100325 183.7499999999999
1935 -61.56184041222969 8.979046286775269 183.7499999999999
1936 -22.38902387167098 -67.99264069404974 183.7499999999999
1937 -47.85029709499515 -20.27878072893724 183.7499999999999
1938 -50.84239985306449 68.02317541241555 183.7499999999999
1939 -32.48903983520768 34.08494695229713 183.7499999999999
1940 -58.91525794682115 39.26551119830479 183.7499999999999
1941 12.9290726455291 -29.5180268982267 183.7499999999999
1942 -8.496757481863481 -54.06335182459885 183.7499999999999
1943 34.93296283164373 -13.80562108792376 183.7499999999999
1944 -5.003545699260039 -72.55341039496359 183.7499999999999
1945 14.84665147313164 -94.72083554532014 183.7499999999999
1946 -21.40015803646409 63.34228866119756 183.7499999999999
1947 86.72600844409394 15.45342950695948 183.7499999999999
1948 60.19168246530923 2.080473311388082 183.7499999999999
1949 86.24596127069384 -12.66255377445824 183.7499999999999
1950 81.59685009081194 -34.95387358605546 183.7499999999999
1951 60.81435584485845 27.65695844385298 183.7499999999999
1952 88.02369523546766 50.07124856619897 183.7499999999999
1953 -88.58368483304444 67.7689570157339 183.7499999999999
1954 -31.3201582834429 3.572872254754748 183.7499999999999
1955 94.95779757171584 -74.43201011727298 183.7499999999999
1956 64.38723253108179 -35.94266781051289 183.7499999999999
1957 -52.73045062843797 -93.47298801469759 183.7499999999999
1958 47.83690185779225 -104.3687504640519 183.7499999999999
1959 -38.78946665225765 51.77050020496304 183.7499999999999
1960 90.55659028084105 -52.95023888667409 183.7499999999999
1961 76.25473183466802 -64.43253047503178 183.7499999999999
1962 61.44216754541086 -62.93031613270426 183.7499999999999
1963 46.75317274241992 -67.71021526418242 183.7499999999999
1964 47.80347986275127 -81.4980772889067 183.7499999999999
1965 82.76295293574472 -88.21382046037428 183.7499999999999
1966 12.31882642684608 85.94189081709496 183.7499999999999
1967 -93.97505985704055 28.87841439354255 183.7499999999999
1968 28.676152897285 64.68930908607473 183.7499999999999
1969 31.33714758198929 38.48726796356738 183.7499999999999
1970 62.35968176315338 87.53705488912777 183.7499999999999
1971 34.55341156355718 90.30397372317356 183.7499999999999
1972 48.43844623449399 72.47658867203317 183.7499999999999
1973 72.92460866347554 69.25959653439837 183.7499999999999
1974 -49.18155935186718 26.85229993557853 183.7499999999999
1975 75.34670010454593 -42.27482820003373 183.7499999999999
1976 -33.82218046464538 98.46261142410066 183.7499999999999
1977 -34.64999379948759 -51.76786411676235 183.7499999999999
1978 -86.12858120958651 -19.6745626559225 183.7499999999999
1979 -87.12554599199845 0.07245756255727373 183.7499999999999
1980 -70.24764013110951 -9.973047586674499 183.7499999999999
1981 -74.07901369729633 24.60047553129502 183.7499999999999
1982 -84.14700734873546 42.98961104831114 183.7499999999999
1983 -69.18019365473759 60.38475146872761 183.7499999999999
1984 -69.86174169818162 84.89265777549861 183.7499999999999
1985 -54.51586764896143 52.93320959160473 183.7499999999999
1986 -66.44772155288184 -33.07835628935828 183.7499999999999
1987 -93.86005211116264 -52.86153375778417 183.7499999999999
1988 -83.56459048314179 -41.53276983240306 183.7499999999999
1989 -10.5864391232751 83.85362092932856 183.7499999999999
1990 18.6431760747751 -78.0529533224323 183.7499999999999
1991 5.787802724329741 -76.90445169193457 183.7499999999999
1992 -4.353790217094921 -95.92126367213339 183.7499999999999
1993 -28.81597855774967 -91.94831192355946 183.7499999999999
1994 26.8868805170316 -60.80023626702225 183.7499999999999
1995 77.23640847777811 34.95286300145333 183.7499999999999
1996 -32.41942665679756 77.48706652513221 183.7499999999999
1997 -50.83913460160084 87.73482815911557 183.7499999999999
1998 -18.04235740436673 76.7078051968538 183.7499999999999
1999 -6.00390985409516 70.11364793802291 183.7499999999999
2000 10.59026540196176 68.68462391956599 183.7499999999999
2001 -63.92362895254563 72.69579481304189 183.7499999999999
2002 20.93777689123324 75.2247496243231 183.7499999999999
2003 -44.8790197913459 -72.9113207351875 183.7499999999999
2004 -68.33689514845521 -71.70458658259632 183.7499999999999
2005 70.5842773252413 15.12847205867964 183.7499999999999
2006 75.45705048729374 3.362869509515324 183.7499999999999
2007 70.65283392861588 -10.14806073293859 183.7499999999999
2008 56.40188215795385 -10.15639146231406 183.7499999999999
2009 96.883602061777 1.541431100537956 183.7499999999999
2010 30.0169873649827 -94.49239177610075 183.7499999999999
2011 20.13696573877933 68.07782674363686 183.7499999999999
2012 16.44965611534401 -47.81075654042939 183.7499999999999
2013 95.71051255208293 97.55234831055509 183.7499999999999
2014 98.43444461251981 72.1390911161261 183.7499999999999
2015 37.47806471813156 -63.72508171100771 183.7499999999999
2016 -98.12261218055295 -98.81315048855632 183.7499999999999
2017 -26.59304433619662 67.69079017995354 183.7499999999999
2018 64.74278459977548 43.53532627609898 183.7499999999999
2019 75.07091717314138 53.8843492773611 183.7499999999999
2020 75.90439551515557 42.74160631553264 183.7499999999999
2021 85.33508173413543 63.17715768610265 183.7499999999999
2022 4.425058911427945 79.87907366501705 183.7499999999999
2023 -71.54556861267265 -48.51007176627826 183.7499999999999
2024 -75.86566719853477 11.80575609689952 183.7499999999999
2025 -71.95221343778263 2.926794793082879 183.7499999999999
2026 -59.11802330893615 -0.3835159956324616 183.7499999999999
2027 52.41910726720018 -33.05449128948323 183.7499999999999
2028 74.98218234613265 -22.5070086123312 183.7499999999999
2029 41.96652114161386 58.20003176789609 183.7499999999999
2030 -68.41306727596024 17.46581982482105 183.7499999999999
2031 72.84879215786228 -79.58017741750886 183.7499999999999
2032 64.11398223407137 -93.12523208821871 183.7499999999999
2033 66.43912779509955 -68.60719025464446 183.7499999999999
2034 69.80664495906251 -57.3162237461806 183.7499999999999
2035 -71.18489342893639 48.35291242175537 183.7499999999999
2036 -102.3828585056623 100.0430998912656 183.7499999999999
2037 54.91404854998171 14.57666262474979 183.7499999999999
2038 -55.97663215760616 62.70971125868515 183.7499999999999
2039 -71.67514283888517 38.08517025890306 183.7499999999999
2040 2.06096275229899 67.99414683236553 183.7499999999999
2041 -82.94400720352263 56.70754214903839 183.7499999999999
2042 -100.1117587909654 52.87829202576109 183.7499999999999
2043 71.99699109040706 24.45007677218721 183.7499999999999
2044 -73.64988206310751 -21.70284987344308 183.7499999999999
2045 -79.20022231008679 -33.76391188222591 183.7499999999999
2046 -74.11099229139693 -41.37193255017309 183.7499999999999
2047 -60.45808235555297 -41.02136155037715 183.7499999999999
2048 55.51219181058902 40.13201884533395 183.7499999999999
2049 18.24944114682161 50.98431173932926 183.7499999999999
2050 56.77387989470003 -68.33513447550223 183.7499999999999
2051 52.88808196740845 -55.94319064525592 183.7499999999999
2052 33.14084071929459 75.82332832532862 183.7499999999999
2053 -48.53729054328668 7.429652096490491 183.7499999999999
2054 40.84643212290275 -71.16097110850865 183.7499999999999
2055 75.69245330959544 -50.53801617490234 183.7499999999999
2056 -61.69777816903811 29.37970949916012 183.7499999999999
2057 -5.299366325412191 53.98546211568439 183.7499999999999
2058 -16.26172904194333 -83.43319852696466 183.7499999999999
2059 -26.47017238094892 -15.16683821733929 183.7499999999999
2060 26.55531896570434 -70.40836068175523 183.7499999999999
2061 18.60735035435855 -66.22825544079865 183.7499999999999
2062 12.64636243063436 -72.41505078612387 183.7499999999999
2063 60.42589292915869 64.6498391033665 183.7499999999999
2064 67.05480092403263 62.67811597352864 183.7499999999999
2065 65.65313673574255 50.3923524808496 183.7499999999999
2066 63.15679908820566 76.98847379013201 183.7499999999999
2067 70.78815184275936 39.354490460258 183.7499999999999
2068 80.53346283127595 85.46350023712331 183.7499999999999
2069 26.84300323124354 72.75493856363819 183.7499999999999
2070 2.946682185881258 -69.4977541346489 183.7499999999999
2071 -39.0041621707538 65.13615359225554 183.7499999999999
2072 -42.73437579015854 75.3579715402112 183.7499999999999
2073 -76.19029837624237 69.79421091920044 183.7499999999999
2074 -86.40644108380297 83.94860637927684 183.7499999999999
2075 71.44854561109651 47.7649984898561 183.7499999999999
2076 -55.8776393616748 -65.56301997249858 183.7499999999999
2077 -66.67781038758068 -60.88584865903778 183.7499999999999
2078 38.18190209100977 67.13325987803722 183.7499999999999
2079 68.41420004194559 -42.16230439206632 183.7499999999999
2080 -80.3564647809913 -57.21948889919292 183.7499999999999
2081 -73.28352244528304 -64.30303468671052 183.7499999999999
2082 -89.81084499059085 -76.04104845168227 183.7499999999999
2083 -75.39153619543688 -92.61381084334671 183.7499999999999
2084 1.461603135364896 -57.51963164385619 183.7499999999999
2085 3.251125925081557 -38.74448632586154 183.7499999999999
2086 -5.125424035226341 -23.64106343289297 183.7499999999999
2087 -55.68024071521387 -79.33628450829305 183.7499999999999
2088 -33.75862840543405 -79.66934589780348 183.7499999999999
2089 -34.51732843715037 -67.01139212328424 183.7499999999999
2090 26.27685863399534 -78.83689379950304 183.7499999999999
2091 -60.08628788427708 -20.77581462982747 183.7499999999999
2092 -43.59526518264519 -60.67039016602636 183.7499999999999
2093 -13.61407804788544 -63.77959553868674 183.7499999999999
2094 69.16506886966853 7.005305713593892 183.7499999999999
2095 76.53578817458192 10.91486715222253 183.7499999999999
2096 -13.86403990857344 32.83181459897104 183.7499999999999
2097 11.7665638438181 24.90421498334161 183.7499999999999
2098 -21.9637465677121 17.99367561317261 183.7499999999999
2099 60.97633660537324 56.50506861055493 183.7499999999999
2100 57.17557246962187 71.37525552155508 183.7499999999999
2101 -47.06989654759017 -38.388321179313 183.7499999999999
2102 64.81509885573251 69.75975233162673 183.7499999999999
2103 101.8400196940088 31.33457862326801 183.7499999999999
2104 68.77398596713863 -0.9567022054848415 183.7499999999999
2105 77.93558105202965 -8.30503823781407 183.7499999999999
2106 40.71189552073428 76.04824208701855 183.7499999999999
2107 51.45232032948582 -76.04841603272666 183.7499999999999
2108 -14.52142559377355 -72.78697577632462 183.7499999999999
2109 45.33102659821729 -61.07029407734272 183.7499999999999
2110 31.94952836425094 -29.38185042406733 183.7499999999999
2111 -41.12129509946903 -84.77051128850947 183.7499999999999
2112 79.32788921793376 -57.98704734444109 183.7499999999999
2113 -75.54904526736047 62.46571627876427 183.7499999999999
2114 -70.1682543203394 66.45484903376391 183.7499999999999
2115 15.76331402494849 73.72275015973045 183.7499999999999
2116 46.66720037756112 -2.040318790391015 183.7499999999999
2117 -82.27167687920443 -11.3903597945585 183.7499999999999
2118 -20.15122252849936 50.20544629513075 183.7499999999999
2119 47.05283598538851 -18.88710002017311 183.7499999999999
2120 -46.74894900024298 40.96036093842913 183.7499999999999
2121 71.74609331244555 -29.89280885826576 183.7499999999999
2122 10.80936354984257 76.88798914229069 183.7499999999999
2123 -63.19523514811232 -66.8653689487281 183.7499999999999
2124 -59.93456292781374 -72.98669377474866 183.7499999999999
2125 -64.39739134431326 -81.60810351281995 183.7499999999999
2126 -60.37774721267833 -59.96045543139379 183.7499999999999
2127 -24.45292416603068 -78.17513680767188 183.7499999999999
2128 -14.94687537570656 69.68429982367986 183.7499999999999
2129 100.3652885244547 -28.69843133685239 183.7499999999999
2130 -4.475615589023006 -63.76940596497145 183.7499999999999
2131 -57.84630259021819 78.51095689097625 183.7499999999999
2132 71.5835679416639 78.06830858094959 183.7499999999999
2133 81.54407375747253 72.43280971787939 183.7499999999999
2134 -73.15420398651762 -28.79602317715242 183.7499999999999
2135 73.84282233056605 60.42204281633911 183.7499999999999
2136 41.79389712513316 -88.63676844632167 183.7499999999999
2137 77.96151726643085 18.52953999125246 183.7499999999999
2138 83.80084194413597 26.89931606619201 183.7499999999999
2139 -52.11997584911301 -72.84279912355606 183.7499999999999
2140 -21.20583979350981 -57.7538642964268 183.7499999999999
2141 -32.97976247653199 69.677349639838 183.7499999999999
2142 46.24532171847948 84.41724786086588 183.7499999999999
2143 52.09794147968992 62.92312239969883 183.7499999999999
2144 -29.68269380658502 -72.28761093329439 183.7499999999999
2145 105.3461722863745 -94.06313868444826 183.7499999999999
2146 -39.75947272115802 83.5906475853498 183.7499999999999
2147 64.32833623613554 36.48565331584168 183.7499999999999
2148 19.13491372068879 4.978296661520567 183.7499999999999
2149 19.85287834420849 -12.72228936473128 183.7499999999999
2150 -75.07088775947773 18.95162973758507 183.7499999999999
2151 -85.23367352321593 14.03556157889757 183.7499999999999
2152 -103.773851261505 8.769107278687784 183.7499999999999
2153 57.94333760877131 -45.33619851597297 183.7499999999999
2154 80.53470737454701 -73.69473991405435 183.7499999999999
2155 84.32634325594114 -64.69931334749485 183.7499999999999
2156 -72.55018024710631 -55.37914677507623 183.7499999999999
2157 71.93332151960936 102.2100472776147 183.7499999999999
2158 -12.07805513382469 61.66883496528175 183.7499999999999
2159 -26.01347472787277 74.62967939401071 183.7499999999999
2160 -69.75816154621745 10.11737756506317 183.7499999999999
2161 31.4612571419835 54.24618594705034 183.7499999999999
2162 12.97143630172803 -81.15514053636946 183.7499999999999
2163 82.50882891034544 6.577650875179009 183.7499999999999
2164 82.32127519560572 -2.147965871129855 183.7499999999999
2165 -74.31710212365711 -79.52757459232424 183.7499999999999
2166 -76.39355130341413 -3.677465372148057 183.7499999999999
2167 -96.33904114195514 -12.57478201600605 183.7499999999999
2168 -79.07601220605551 -49.23278761915099 183.7499999999999
2169 61.33948000249891 -53.90442952272689 183.7499999999999
2170 -30.67094042360766 60.41261692277779 183.7499999999999
2171 44.50396311498244 28.3651452821105 183.7499999999999
2172 -66.73555907057661 24.09212581929835 183.7499999999999
2173 -59.15726956510977 18.86655434627206 183.7499999999999
2174 -77.45059652799884 99.78574697763693 183.7499999999999
2175 -55.63112544727768 103.8243708421438 183.7499999999999
2176 -3.338179627494421 62.54376293783309 183.7499999999999
2177 -82.65329476889598 32.08918579701055 183.7499999999999
2178 -37.45150801856173 -72.76456079843841 183.7499999999999
2179 -47.2428703118047 61.03851390156197 183.7499999999999
2180 71.72708307639024 -46.0421832909629 183.7499999999999
2181 -67.54677474236803 -17.3544385954474 183.7499999999999
2182 -60.47628156851188 -11.19955210238335 183.7499999999999
2183 -66.49198701777952 -25.25091756576638 183.7499999999999
2184 -58.06737874217944 -29.79892532392991 183.7499999999999
2185 5.60392359479855 58.86246600639765 183.7499999999999
2186 15.37745192494372 61.26266388380581 183.7499999999999
2187 -71.30721087784104 76.53051926900841 183.7499999999999
2188 25.74139425150901 20.01007534750161 183.7499999999999
2189 72.61353239316361 -36.70102206581929 183.7499999999999
2190 72.05761940379521 -70.81059003143781 183.7499999999999
2191 -24.53015349483416 85.80499634051796 183.7499999999999
2192 25.04483222578837 82.49130500310224 183.7499999999999
2193 -7.849594492146353 103.6008256174769 183.7499999999999
2194 -91.58458816373906 -30.4466105889718 183.7499999999999
2195 -77.75218432066703 -71.17943719411119 183.7499999999999
2196 -83.01261372973897 -64.32090859789621 183.7499999999999
2197 66.4161439990072 -74.48324831370348 183.7499999999999
2198 66.87443191418696 -17.61060220125916 183.7499999999999
2199 -100.9888609016625 75.71563523624316 183.7499999999999
2200 -49.15794496938458 76.20377775205323 183.7499999999999
2201 -3.594303532658838 17.45006218939183 183.7499999999999
2202 -1.068775068628946 -80.72457249486747 183.7499999999999
2203 63.18712463258127 -28.50918185102183 183.7499999999999
2204 33.13407110681884 -68.9102432656052 183.7499999999999
2205 0.5155937953086651 74.08887764874308 183.7499999999999
2206 -48.37138615129538 -65.73636218928675 183.7499999999999
2207 -15.88099447015993 -23.88588747796312 183.7499999999999
2208 -47.92639193412189 -80.23397445221593 183.7499999999999
2209 42.78374451919303 45.01664449914397 183.7499999999999
2210 5.680248882167986 73.50694224159648 183.7499999999999
2211 -44.41434282705293 69.80018703984547 183.7499999999999
2212 -10.6323380699265 75.86186924139757 183.7499999999999
2213 34.9289516598561 60.97595922007757 183.7499999999999
2214 -57.42020899936022 70.36368711017073 183.7499999999999
2215 0.6719913091339639 -74.83966628775464 183.7499999999999
2216 -79.17090397194984 75.48554138454311 183.7499999999999
2217 -74.32903619279199 -15.2257407678319 183.7499999999999
2218 15.9736653222475 -58.6470261596687 183.7499999999999
2219 40.68478591831548 -78.92181448519068 183.7499999999999
2220 76.99346460999226 -14.82812133554965 183.7499999999999
2221 82.976559369515 -23.5372001756723 183.7499999999999
2222 32.64734752812855 0.3616370273573904 183.7499999999999
2223 -6.627868329074277 -33.59282393183107 183.7499999999999
2224 -41.02736864978652 -78.06994263443096 183.7499999999999
2225 -80.5447016594313 -25.51169106171137 183.7499999999999
2226 20.55102196972256 -85.45164299594515 183.7499999999999
2227 -28.51789860424988 -62.85072741244939 183.7499999999999
2228 -36.07777906656887 -60.51008155528584 183.7499999999999
2229 -81.665314721521 23.89747643043536 183.7499999999999
2230 44.59783796932124 65.73178849256151 183.7499999999999
2231 59.7086896643229 48.4187291059387 183.7499999999999
2232 -14.81841643881887 1.53155606409346 183.7499999999999
2233 -8.929955821458524 -13.42372573219951 183.7499999999999
2234 67.78012181834293 -23.06269567333283 183.7499999999999
2235 32.45405869233404 69.77250319689946 183.7499999999999
2236 78.71884406806421 64.42273761196061 183.7499999999999
2237 -7.354527951659016 -43.23307069324517 183.7499999999999
2238 55.49724030588128 78.55108574326017 183.7499999999999
2239 -74.0196736028998 55.3128517456318 183.7499999999999
2240 61.4834427059611 -70.63052722199058 183.7499999999999
2241 -64.43480423978239 -52.07915409180977 183.7499999999999
2242 -62.44646209600356 52.99854570791039 183.7499999999999
2243 64.36800370864738 18.59360553057487 183.7499999999999
2244 69.33341215752964 55.46755608243775 183.7499999999999
2245 -39.40599336652701 -8.330176545984724 183.7499999999999
2246 -51.08921766041234 -6.579951388209575 183.7499999999999
2247 1.560180091419502 33.79960898775574 183.7499999999999
2248 16.57510949470216 37.69107615074147 183.7499999999999
2249 -6.546117036761516 43.45713548470794 183.7499999999999
2250 -36.72533040336386 17.97936451809595 183.7499999999999
2251 79.9397302991577 56.82614074906952 183.7499999999999
2252 78.62862098403551 48.99362587646899 183.7499999999999
2253 -40.84400814970349 -66.63775205800891 183.7499999999999
2254 -29.6908916925433 -33.05551635779279 183.7499999999999
2255 19.04782578536772 98.446171383863 183.7499999999999
2256 45.65896187989963 103.9604065459309 183.7499999999999
2257 -9.164526675067844 -78.33430445513399 183.7499999999999
2258 1.706434091086535 -28.79988005395062 183.7499999999999
2259 4.105264249122639 -18.50299968094087 183.7499999999999
2260 72.15885599819988 -16.91093619485581 183.7499999999999
2261 9.112833221100692 -55.70285948300103 183.7499999999999
2262 -71.51070776665456 31.7070092657953 183.7499999999999
2263 5.636665042693108 -85.885252788125 183.7499999999999
2264 56.38695347947208 -73.13897017634885 183.7499999999999
2265 55.96060353427302 -80.82948450595867 183.7499999999999
2266 52.17229631931865 -90.72635537387957 183.7499999999999
2267 -62.5792795187186 58.6937388238057 183.7499999999999
2268 34.48733770828687 -83.2263710905906 183.7499999999999
2269 63.46281302626262 11.51309666782826 183.7499999999999
2270 81.16859555389078 -46.06908070184306 183.7499999999999
2271 20.7628584231844 -72.43214927880777 183.7499999999999
2272 -67.67748226925147 -65.89690463920988 183.7499999999999
2273 -78.65044410669135 5.173038598336149 183.7499999999999
2274 69.68532295857736 -64.04439098611961 183.7499999999999
2275 9.453593214236447 12.817551432886 183.7499999999999
2276 -19.33992532171566 -46.50728704323128 183.7499999999999
2277 2.403988827228109 -49.51235941849869 183.7499999999999
2278 69.69093389440091 31.91194388763482 183.7499999999999
2279 -68.19800928063775 -38.95688081163495 183.7499999999999
2280 37.29363959311274 71.82959783455956 183.7499999999999
2281 -72.24225727629417 -34.92444408294665 183.7499999999999
2282 -79.55073222355037 -18.68618819255249 183.7499999999999
2283 41.97950094219099 70.37065568551395 183.7499999999999
2284 22.73377391314547 59.82724820129094 183.7499999999999
2285 68.15291905990074 73.60723306677983 183.7499999999999
2286 -68.54976069929337 53.97558532188233 183.7499999999999
2287 51.68947691675329 -70.65601344366411 183.7499999999999
2288 16.90076923540646 79.07692765150779 183.7499999999999
2289 52.53317839447393 -64.21890809152029 183.7499999999999
2290 -74.04767638515649 7.465155051998934 183.7499999999999
2291 87.0441066920971 36.67540850203157 183.7499999999999
2292 81.3723015778461 42.68308228332525 183.7499999999999
2293 2.186069033906456 -63.36995370264218 183.7499999999999
2294 -76.03525009113457 -9.966237120005799 183.7499999999999
2295 -21.51610399850956 70.4100684817688 183.7499999999999
2296 -71.34993219099418 71.42348093974677 183.7499999999999
2297 64.06830680325407 -6.219296413354177 183.7499999999999
2298 63.52052021801713 -12.94767406369954 183.7499999999999
2299 -66.3824146840939 36.05694597540391 183.7499999999999
2300 -68.11318669907052 41.84732965485629 183.7499999999999
2301 -64.14094051704083 46.39164909434876 183.7499999999999
2302 -75.01765385676717 43.16911441931907 183.7499999999999
2303 -77.26814519854669 49.42094429449397 183.7499999999999
2304 -77.35175110443248 37.64545197973272 183.7499999999999
2305 74.89662739149468 -3.402154699739111 183.7499999999999
2306 36.49761476163675 82.04338336551729 183.7499999999999
2307 77.67560937500471 -27.5732124087869 183.7499999999999
2308 64.06224165774205 -80.81757551810796 183.7499999999999
2309 -3.577559034271147 78.94895027373896 183.7499999999999
2310 0.8166801349332644 89.89661221992458 183.7499999999999
2311 -65.84095670198693 3.447834104686402 183.7499999999999
2312 -67.33811107529019 -3.143158693178182 183.7499999999999
2313 -63.25916661372759 65.2059427125523 183.7499999999999
2314 -37.50430386715144 73.0415300405753 183.7499999999999
2315 46.23735665996797 -74.48443662170421 183.7499999999999
2316 -67.73099292706279 -44.38830958531954 183.7499999999999
2317 -72.29407544709073 14.65060084487049 183.7499999999999
2318 -81.03817005468849 66.05197893370084 183.7499999999999
2319 42.56390246118833 -65.9036329041023 183.7499999999999
2320 -9.411546810032805 -68.10764364775514 183.7499999999999
2321 4.928413074303915 0.9351508446813963 180
2322 -54.08834618676704 -53.41807497875841 180
2323 9.005462445300143 -60.5524694838583 180
2324 63.9581096063866 -21.49893464079248 180
2325 53.76635591069338 51.76632960851665 180
2326 59.64031942068219 -76.5854995022452 180
2327 40.47825138626882 -51.92544656583463 180
2328 40.40230025879514 8.382224473200447 180
2329 4.764248299358442 45.67466126750818 180
2330 -67.18952920122376 10.72114104594306 180
2331 -50.93943687431976 70.81354928815966 180
2332 -31.44026394118217 34.2629910896656 180
2333 -59.42257762776533 39.52513631201439 180
2334 -17.93368644975705 -35.42410085505028 180
2335 -22.49540780340326 -67.09047256138214 180
2336 -47.88846055320328 -19.27478577171179 180
2337 33.94380648989965 -76.07698968159602 180
2338 66.50820187174624 -50.11542910106665 180
2339 31.94703904570627 -21.36481239615921 180
2340 -89.54718201204501 64.62870993821926 180
2341 84.51376982660074 17.78945546854796 180
2342 61.46431677325167 3.336655109846991 180
2343 87.0544729112851 -9.62689837655682 180
2344 60.40885268972661 27.47237064733265 180
2345 92.17177234110804 49.86474321319664 180
2346 84.37668186854268 -32.51739738594339 180
2347 8.760880661913966 -36.29757302407078 180
2348 -0.5607691350954414 -98.82734323267501 180
2349 -19.6290794498875 63.46757779602456 180
2350 -9.287785625116227 -50.38298623144887 180
2351 -3.249820829526911 -70.98578240710404 180
2352 -53.20679868289546 -97.20721457706702 180
2353 -38.40052281004439 2.720924971049528 180
2354 11.96952547499836 90.64687315120642 180
2355 96.17753660032869 -69.54299270277502 180
2356 52.41452896990985 99.07028356711182 180
2357 76.82713827229445 78.80418496952376 180
2358 34.59385426021178 71.4565181334066 180
2359 53.9090876676073 70.47930793342128 180
2360 -96.76339765462686 33.69334320984407 180
2361 -88.65963402860773 -20.36609712646453 180
2362 -89.19315291950663 9.052143266868201 180
2363 47.83671303661061 -104.3676774222249 180
2364 -25.15152011822149 96.31630203316621 180
2365 -68.8768837698566 -8.18657108642855 180
2366 46.36378740265838 -11.14724110190679 180
2367 -91.76260199366251 -60.16012339158515 180
2368 14.96588372121508 -84.31304594533158 180
2369 31.48911118418413 47.32338111976326 180
2370 -27.83413194443395 -94.116967448065 180
2371 88.9977913534789 -48.71963391439799 180
2372 75.42273761622394 -64.9014437221937 180
2373 82.74492465630036 -87.7446605328721 180
2374 62.77107327515438 -58.98960546280836 180
2375 47.17584656162901 -63.46191066230599 180
2376 47.74951665507206 -82.95723039979569 180
2377 -38.47661875907971 49.89561141672504 180
2378 -9.412948093772018 83.80101858087542 180
2379 -49.34155438206019 24.6899681698722 180
2380 -71.53125900086874 26.60860511813985 180
2381 -81.90080068911917 45.3319155817727 180
2382 -67.60512923268662 58.91283998728361 180
2383 -67.19154801391906 83.13005881208895 180
2384 -74.30472809949497 -41.43859650479808 180
2385 -50.19094656214391 93.98268299282915 180
2386 -42.79518669200571 -73.97851506165155 180
2387 -69.53152658533969 -72.18391877433902 180
2388 -97.47871149213913 -96.13334814858041 180
2389 -37.40608612892024 -56.81337567026351 180
2390 81.68784378707912 31.34115637660682 180
2391 -71.05668855349643 -25.08170481377158 180
2392 -55.29818967777911 -36.1667364257646 180
2393 65.7559624636107 -35.45146802052943 180
2394 -97.14459381139804 -39.07397747004222 180
2395 -96.88851759642537 96.43256591084501 180
2396 -32.04070463576537 74.51059787347214 180
2397 -2.316530240537853 65.93459849051325 180
2398 16.14273990670083 70.40761387006687 180
2399 -69.00212206624629 -55.43492410360032 180
2400 31.6415315655473 93.71511500954071 180
2401 27.5529457245691 -57.20856236270655 180
2402 67.75061212531205 18.44033388688279 180
2403 78.83162646296213 7.930290932103089 180
2404 73.29737645091603 -10.17212664032241 180
2405 -37.46792842586387 -39.02320174780008 180
2406 -55.01019348685609 52.14403951547386 180
2407 64.23359820116795 44.72645767874685 180
2408 77.77659120375364 55.72258293917695 180
2409 89.40171004406298 67.50281816554129 180
2410 99.12191487786923 100.8368355866517 180
2411 94.89467210010261 8.095964486483961 180
2412 62.84351027506433 65.30623622374222 180
2413 -63.07454685581758 72.89972934808709 180
2414 -20.6437831695317 73.85929689742335 180
2415 50.10696661930232 -35.47208298138043 180
2416 15.80978389549477 -50.26038593398273 180
2417 -55.320802623377 -4.51609801625014 180
2418 22.30017635215274 -73.80890407403879 180
2419 -76.61261360478602 12.47777766558807 180
2420 -11.29540252013305 69.47660001074227 180
2421 -7.766752789128406 58.69322303778296 180
2422 -73.90621935643159 2.445912135247246 180
2423 78.53869132247037 -20.95924093705217 180
2424 20.2176785987708 21.60243233294137 180
2425 -8.518637461072796 25.35817688160275 180
2426 -22.91064447271593 -54.37715704808079 180
2427 74.45137751768137 -41.90286932911674 180
2428 -13.53709149524405 -85.76645533742064 180
2429 -26.75008551190449 -17.68818148497122 180
2430 -68.85743622133018 48.21213345512282 180
2431 5.322881654196687 -75.49452521705686 180
2432 56.34777457741124 13.5296499018891 180
2433 52.6748106649528 38.80773551382807 180
2434 -55.55668500589476 -65.93102135108168 180
2435 36.87706602004865 -64.67028434353199 180
2436 45.48233024084313 61.04369490010447 180
2437 -78.31407580528983 56.30659116850383 180
2438 -70.89184048626403 37.05227816568859 180
2439 31.43025848549859 -94.29289420866493 180
2440 4.32342053210245 77.45207919599055 180
2441 76.57362224487737 95.62071609821558 180
2442 102.6846267865686 29.28980768188912 180
2443 71.79469409150281 -76.76820570086353 180
2444 63.79176541755844 -92.44054559300022 180
2445 -75.26598753636517 -96.02054643782783 180
2446 64.69086886324386 85.78145431255082 180
2447 -64.08135684304297 -45.79009233267112 180
2448 -74.63239606527661 72.58705883052548 180
2449 -80.81596479362804 82.91296144842946 180
2450 -33.6804632050728 -80.43120173458009 180
2451 -33.99564555159399 -70.19005176335578 180
2452 70.95839677806246 26.52480839715785 180
2453 -20.24330422369331 48.08013683677622 180
2454 -58.57001446961706 64.01771238920824 180
2455 100.3702843766461 -31.39360869307952 180
2456 -62.86629699726161 29.59044316895687 180
2457 -61.91611178109352 19.87731021178761 180
2458 105.3355523694016 -93.8907721728401 180
2459 -46.29883793811388 -64.57249492740132 180
2460 54.25198220654405 -52.04979611532887 180
2461 104.5997413691856 -11.5171993378633 180
2462 43.04161680218065 84.94972845294134 180
2463 -79.32740037644936 -29.51895339151961 180
2464 -31.79213353265905 62.18048281725777 180
2465 -40.49595304497858 69.61130330396396 180
2466 -46.73824163938868 40.10354930075022 180
2467 25.62492862253821 -82.07200051786896 180
2468 -55.77678477549443 -82.30453916688978 180
2469 -78.0623504966878 -64.69585956591715 180
2470 -80.46931277132907 -52.07241242828593 180
2471 -84.00219215030462 -78.61002932787761 180
2472 66.07907837523337 -67.15056578879614 180
2473 27.12635930247656 -38.89973619127667 180
2474 -12.08145594877667 -63.10293159276713 180
2475 -56.04900428461895 9.241037333279143 180
2476 -1.241530410901263 -60.85192860339569 180
2477 23.98360058774525 81.22164331834568 180
2478 76.05037988901064 44.28577313817706 180
2479 -3.579440358971524 74.1851855067937 180
2480 76.57433646467933 -54.07977261175711 180
2481 90.68082379616415 -21.61894942252067 180
2482 24.443263632924 62.319047640695 180
2483 -104.9371811226478 -7.409692300335491 180
2484 -4.22677910895384 -20.47013524831885 180
2485 15.22864778408071 -19.76929007480237 180
2486 -13.30354655099643 -74.92926270519126 180
2487 -5.47343463448783 105.085049904716 180
2488 -73.88638292929217 96.67450503111849 180
2489 -99.86587640902655 -76.97198137830645 180
2490 6.309199462510214 68.01041031845398 180
2491 14.47626700289017 58.91228451532401 180
2492 -44.22834157806286 -83.94819376649679 180
2493 -25.67187895831943 18.41593474676604 180
2494 -44.21375545918988 78.97596405799902 180
2495 -55.04201222868607 79.73747472946525 180
2496 24.95231102685333 -2.702267740890225 180
2497 56.74808342735812 -66.74445056096786 180
2498 -64.69002417590387 -64.21678898080056 180
2499 69.16005806537174 35.14581871045215 180
2500 -83.76796636729239 -6.950270179989659 180
2501 -26.03214162782873 68.51411288158604 180
2502 43.50600380897343 26.24569948472377 180
2503 93.6288770878208 83.149795893023 180
2504 43.93544060806467 71.28924078303697 180
2505 -60.11829918670209 -14.91991374485962 180
2506 -77.14346456758476 -17.26561486350188 180
2507 59.16254136224757 -42.317725586271 180
2508 70.88108117357075 50.25773390188909 180
2509 65.44649425043812 56.47453805240271 180
2510 -2.503737455269041 -83.17495423766512 180
2511 43.40462291428315 -72.09819154054718 180
2512 51.22389607462274 -73.47402117829142 180
2513 3.116001606987608 -49.65965605078675 180
2514 -104.2784329241953 14.91598312462702 180
2515 83.7301474202599 -61.92171858935027 180
2516 107.3466678725054 -49.66033377562049 180
2517 34.1119320564903 80.18225800353785 180
2518 63.97888934110595 74.41550848039111 180
2519 -67.65529319811419 -33.88772957053644 180
2520 -61.86339563842238 -25.33029395469368 180
2521 72.71238889778658 66.37097813846299 180
2522 53.66173870868537 80.99758725490888 180
2523 28.53609742608577 -67.70834844180003 180
2524 70.09756242047889 -58.91418978369823 180
2525 34.27577044130263 63.19821718967511 180
2526 3.709039531663436 59.7385928754568 180
2527 26.05227393498949 71.15635655737648 180
2528 -4.675398075536919 -38.88214323859682 180
2529 -51.7056732736441 -73.87581133186006 180
2530 68.24423663497686 9.520729973718574 180
2531 -80.73913819382526 32.96190728252417 180
2532 -45.62713298738016 61.18403961225646 180
2533 -68.74256688782484 -82.91953962243694 180
2534 74.80876431855164 13.79648579693843 180
2535 -71.96437994502833 -48.68400634233885 180
2536 81.85553960400897 -71.92270130579151 180
2537 4.359287524135604 -67.96788175674618 180
2538 13.0427953104287 -71.03096173843747 180
2539 18.94643674565544 -63.54400281980095 180
2540 60.4721434270187 -6.806366104499286 180
2541 80.35846734411625 -1.521843284863731 180
2542 70.2623255523725 0.09096421465104051 180
2543 55.91288629921488 61.17345796091902 180
2544 -23.48327239042538 -77.78374906350689 180
2545 -71.39391511677687 18.24521540998782 180
2546 -81.38025142999126 21.924476469894 180
2547 73.41616455573833 -30.46598206268683 180
2548 61.61932990530478 36.53809563758993 180
2549 -67.94049030307747 66.45494876658913 180
2550 -67.99800547921205 -18.07312646708266 180
2551 -75.62515823450175 63.62170239889561 180
2552 75.77678497665299 20.27616016040716 180
2553 -64.12550490991481 1.952977617272608 180
2554 -16.53371295567116 1.56557593325408 180
2555 -61.0005434506836 -73.57193653790132 180
2556 -25.45242268980352 83.38587424183963 180
2557 -35.65378409001546 85.04553661965639 180
2558 -76.10235228262353 -73.89229730452709 180
2559 -29.20194598915836 -62.11776426077055 180
2560 66.45244009704096 -42.4943016555245 180
2561 52.70764183454633 1.431551677173642 180
2562 -126.22 -5.684341886080801e-14 91.64405087283544
2563 -126.22 60.89967074484716 115.6607988569175
2564 -126.22 -60.89967074484719 115.6607988569175
2565 -126.22 60.36994541473021 54.14085939577129
2566 -126.22 -68.09539823403998 57.94679279082894
2567 -126.22 -2.842170943040401e-14 137.1380035184891
2568 -126.22 -99.6022123225913 149.9999999999999
2569 -126.22 99.6022123225913 149.9999999999999
2570 -126.22 -19.71010742700605 45.82202543641763
2571 -5.684341886080801e-14 126.22 91.64405087283544
2572 60.89967074484716 126.22 115.6607988569175
2573 -60.89967074484719 126.22 115.6607988569175
2574 60.36994541473021 126.22 54.14085939577129
2575 -68.09539823403998 126.22 57.94679279082894
2576 -2.842170943040401e-14 126.22 137.1380035184891
2577 -99.60221232259133 126.22 149.9999999999999
2578 99.6022123225913 126.22 149.9999999999999
2579 -19.71010742700605 126.22 45.82202543641763
2580 126.22 1.27897692436818e-13 91.64405087283544
2581 126.22 -60.89967074484713 115.6607988569175
2582 126.22 60.8996707448472 115.6607988569175
2583 126.22 -60.36994541473018 54.1408593957713
2584 126.22 68.09539823403998 57.94679279082895
2585 126.22 5.684341886080801e-14 137.1380035184891
2586 126.22 99.60221232259133 149.9999999999999
2587 126.22 -99.6022123225913 149.9999999999999
2588 126.22 19.71010742700606 45.8220254364176
2589 5.684341886080801e-14 -126.22 91.64405087283544
2590 -60.89967074484716 -126.22 115.6607988569175
2591 60.89967074484719 -126.22 115.6607988569175
2592 -60.36994541473021 -126.22 54.14085939577129
2593 68.09539823403998 -126.22 57.94679279082894
2594 2.842170943040401e-14 -126.22 137.1380035184891
2595 99.60221232259133 -126.22 149.9999999999999
2596 -99.6022123225913 -126.22 149.9999999999999
2597 19.71010742700605 -126.22 45.82202543641763
2598 3.602815329476026e-15 -3.602815329476026e-15 0
2599 -52.59166666666671 52.59166666666663 0
2600 52.59166666666664 52.59166666666671 0
2601 -52.59166666666663 -52.59166666666673 0
2602 52.59166666666673 -52.59166666666664 0
2603 70.62309523809526 5.652538907815883e-14 0
2604 -5.652538907815883e-14 70.62309523809526 0
2605 6.085225861071838e-14 -70.62309523809525 0
2606 -70.62309523809525 -6.085225861071838e-14 0
2607 -85.46145833333341 -85.46145833333327 0
2608 -85.46145833333327 85.46145833333341 0
2609 85.46145833333341 85.46145833333327 0
2610 85.46145833333327 -85.46145833333341 0
2611 -176.22 3.119401441615338 265.5637939147247
2612 -176.22 1.923422885757219 113.3162835796788
2613 -176.22 68.45924428619904 179.2790311014921
2614 -176.22 -68.43036562908651 178.3096417818737
2615 -176.22 75.35721106305937 347.7971007455817
2616 -176.22 -59.93088974699127 359.5263520813181
2617 -176.22 66.629544054798 53.7185445936595
2618 -176.22 -58.96473116888146 41.95791684168999
2619 -176.22 99.25244621613618 263.0786273035615
2620 -176.22 -95.99123753962492 265.3920104745211
2621 3.119401441615281 -176.22 134.3165060852753
2622 1.923422885757276 -176.22 286.5640164203211
2623 75.35721106305934 -176.22 52.08319925441832
2624 -59.93088974699128 -176.22 40.35394791868188
2625 68.45924428619904 -176.22 220.6012688985079
2626 -68.43036562908651 -176.22 221.5706582181263
2627 66.62954405479803 -176.22 346.1617554063405
2628 -58.96473116888144 -176.22 357.92238315831
2629 99.25244621613612 -176.22 136.8016726964386
2630 -95.99123753962492 -176.22 134.488289525479
2631 7.207968068324675 7.207968068324675 449.8803
2632 70.62622477050874 70.62622477050874 449.8803
2633 -58.73607897480679 80.08707512886477 449.8803
2634 80.08707512886477 -58.73607897480679 449.8803
2635 -62.51262947220222 -62.51262947220222 449.8803
2636 3.119401441615281 176.22 134.3165060852753
2637 1.923422885757276 176.22 286.5640164203211
2638 75.35721106305934 176.22 52.08319925441832
2639 -59.93088974699128 176.22 40.35394791868188
2640 68.45924428619904 176.22 220.6012688985079
2641 -68.43036562908651 176.22 221.5706582181263
2642 66.62954405479803 176.22 346.1617554063405
2643 -58.96473116888144 176.22 357.92238315831
2644 99.25244621613612 176.22 136.8016726964386
2645 -95.99123753962492 176.22 134.488289525479
2646 7.207968068324675 7.207968068324675 -50
2647 70.62622477050874 70.62622477050874 -50
2648 -58.73607897480679 80.08707512886477 -50
2649 80.08707512886477 -58.73607897480679 -50
2650 -62.51262947220222 -62.51262947220222 -50
2651 176.22 3.119401441615338 265.5637939147247
2652 176.22 1.923422885757219 113.3162835796788
2653 176.22 68.45924428619904 179.2790311014921
2654 176.22 -68.43036562908651 178.3096417818737
2655 176.22 75.35721106305937 347.7971007455817
2656 176.22 -59.93088974699127 359.5263520813181
2657 176.22 66.629544054798 53.7185445936595
2658 176.22 -58.96473116888146 41.95791684168999
2659 176.22 99.25244621613618 263.0786273035615
2660 176.22 -95.99123753962492 265.3920104745211
2661 -2 -30.21581539928855 192.1803
2662 -2 -47.35995377878076 192.1803
2663 -2 -42.86004622121924 192.1803
2664 -2 -38.36012029911264 192.1803
2665 -2 -51.85987970088736 192.1803
2666 -2 -60.85991502079888 192.1803
2667 -2 -33.86015905709452 192.1803
2668 -2 -56.35984094290548 192.1803
2669 -32.11 2.216657643370372 194.9803
2670 -2.216657643370368 -32.10999999999999 194.9803
2671 32.11 -2.216657643370372 194.9803
2672 2.216657643606506 -32.10999999999999 194.9803
2673 32.11 2.216657643606503 194.9803
2674 -32.11 -2.216657643606503 194.9803
2675 24.27249370615813 -21.13750629384187 194.9803
2676 21.13750629384186 24.27249370615813 194.9803
2677 -21.13750629384187 -24.27249370615812 194.9803
2678 -24.27249370615813 21.13750629384187 194.9803
2679 21.13750629367481 -24.27249370632518 194.9803
2680 24.27249370632518 21.13750629367482 194.9803
2681 -21.13750629367482 24.27249370632518 194.9803
2682 -24.27249370632518 -21.1375062936748 194.9803
2683 -3.632917334207772 -28.11000000000007 194.9803
2684 2.819301587301587 28.11 192.1802999999999
2685 -2.819301587301586 32.11 192.1802999999999
2686 6.123921463524509 28.11000000000003 194.9802999999999
2687 3.63291733492003 -28.11 194.9802999999999
2688 2 -30.21581539928855 192.1803
2689 2 -47.35995377878076 192.1803
2690 2 -42.86004622121924 192.1803
2691 2 -38.36012029911264 192.1803
2692 2 -51.85987970088736 192.1803
2693 2 -60.85991502079888 192.1803
2694 2 -33.86015905709452 192.1803
2695 2 -56.35984094290548 192.1803
2696 -2 -63.11 187.69515
2697 2 -63.11 187.69515
2698 -3 -47.35995377776513 191.1803
2699 -3 -42.8600462202036 191.1803
2700 -3 -51.85987970088739 191.1803
2701 -3 -38.36012029911268 191.1803
2702 -3 -60.85991502079889 191.1803
2703 -3 -29.36008497920113 191.1803
2704 -3 -56.35984094290551 191.1803
2705 -3 -33.86015905709454 191.1803
2706 -2 -63.11 191.1803
2707 -1 -42.86004622223487 191.1803
2708 -1 -47.3599537797964 191.1803
2709 -1 -38.36012029911261 191.1803
2710 -1 -51.85987970088732 191.1803
2711 -1 -29.36008497920111 191.1803
2712 -1 -60.85991502079887 191.1803
2713 -1 -33.86015905709449 191.1803
2714 -1 -56.35984094290546 191.1803
2715 -2 -47.35995377878076 190.1803
2716 -2 -42.86004622121924 190.1803
2717 -2 -38.36012029911264 190.1803
2718 -2 -51.85987970088736 190.1803
2719 -2 -60.85991502079888 190.1803
2720 -2 -29.36008497920112 190.1803
2721 -2 -56.35984094290548 190.1803
2722 -2 -33.86015905709452 190.1803
2723 1 -47.35995377776513 191.1803
2724 1 -42.8600462202036 191.1803
2725 1 -51.85987970088739 191.1803
2726 1 -38.36012029911268 191.1803
2727 1 -60.85991502079889 191.1803
2728 1 -29.36008497920113 191.1803
2729 1 -56.35984094290551 191.1803
2730 1 -33.86015905709454 191.1803
2731 2 -63.11 191.1803
2732 3 -42.86004622223487 191.1803
2733 3 -47.3599537797964 191.1803
2734 3 -38.36012029911261 191.1803
2735 3 -51.85987970088732 191.1803
2736 3 -29.36008497920111 191.1803
2737 3 -60.85991502079887 191.1803
2738 3 -33.86015905709449 191.1803
2739 3 -56.35984094290546 191.1803
2740 2 -47.35995377878076 190.1803
2741 2 -42.86004622121924 190.1803
2742 2 -38.36012029911264 190.1803
2743 2 -51.85987970088736 190.1803
2744 2 -60.85991502079888 190.1803
2745 2 -29.36008497920112 190.1803
2746 2 -33.86015905709452 190.1803
2747 2 -56.35984094290548 190.1803
2748 -2.842170943040401e-14 -67.07657556270084 185.21
2749 -6.751358585081789 -71.54010424151942 185.21
2750 6.751358585081945 -71.54010424151943 185.21
2751 -70.68759668914353 -70.64605534518665 185.21
2752 70.68759668914349 -70.64605534518662 185.21
2753 70.70304877119634 70.70304877119632 185.21
2754 -70.70304877119625 70.70304877119628 185.21
2755 -2.000000000000028 -65.14731511254007 185.21
2756 1.999999999999972 -65.14731511254021 185.21
2757 -59.10221389022317 -71.15852646678727 185.21
2758 59.102213890223 -71.15852646678727 185.21
2759 -49.37577291007322 -71.19766770575035 185.21
2760 49.37577291010376 -71.19766770575147 185.21
2761 71.13011305043115 -64.17072525615298 185.21
2762 -71.13011305043113 -64.17072525615306 185.21
2763 -3.694822225952521e-13 71.21988044313782 185.21
2764 71.21988044313782 -8.182016538843686e-14 185.21
2765 -71.21988044313781 8.042042594345267e-14 185.21
2766 71.21847241008503 9.81829567755315 185.21
2767 -71.21847241008498 -9.81829567755315 185.21
2768 -9.818295677553493 71.21847241008501 185.21
2769 9.818295677552882 71.21847241008498 185.21
2770 71.21847241008494 -9.818295677553099 185.21
2771 -71.21847241008493 9.818295677553099 185.21
2772 -19.63919138763896 71.21743108057818 185.21
2773 71.21743108057819 19.63919138763865 185.21
2774 -71.21684980702022 -19.63786956833685 185.21
2775 71.21684980702021 -19.63786956833697 185.21
2776 -71.21743108057814 19.63919138763879 185.21
2777 19.63919138763865 71.21743108057818 185.21
2778 -29.46031374595786 71.21671799185741 185.21
2779 71.21599832125747 -29.45873908335061 185.21
2780 -71.21671799185737 29.46031374595773 185.21
2781 29.46031374595772 71.21671799185738 185.21
2782 71.21671799185739 29.46031374595768 185.21
2783 -71.21599832125744 -29.45873908335056 185.21
2784 -39.28259327631798 71.21644495476613 185.21
2785 71.21480757838205 -39.28375021455362 185.21
2786 -71.2164449547661 39.2825932763179 185.21
2787 39.28259327631805 71.21644495476612 185.21
2788 71.2164449547661 39.28259327631798 185.21
2789 -71.21480757838202 -39.2837502145537 185.21
2790 -49.10840802002511 71.21620252005212 185.21
2791 71.21891660655085 -49.11496983398198 185.21
2792 -71.21620252005209 49.10840802002503 185.21
2793 49.10840802002531 71.21620252005211 185.21
2794 71.21620252005211 49.1084080200252 185.21
2795 -71.21891660655083 -49.11496983398219 185.21
2796 58.99214296361659 71.20164022790354 185.21
2797 -71.20164022790354 58.99214296361641 185.21
2798 -58.99214296361635 71.20164022790355 185.21
2799 71.20164022790357 58.99214296361652 185.21
2800 39.67862963650221 -71.18250250663027 185.21
2801 -39.67862963550246 -71.18250250662496 185.21
2802 -29.93878192171402 -71.20308594799984 185.21
2803 29.93878192259865 -71.20308594797714 185.21
2804 20.00947261713763 -71.14397142448863 185.21
2805 -20.00947261710073 -71.14397142449671 185.21
2806 14.12954973508906 -70.7991113393693 185.21
2807 -14.12954973508883 -70.7991113393693 185.21
2808 71.11533713396274 64.18079655882239 185.21
2809 64.18079655882244 71.11533713396274 185.21
2810 -64.18079655882227 71.11533713396271 185.21
2811 -71.1153371339627 64.18079655882232 185.21
2812 -71.21866636999903 -54.0335458407164 185.21
2813 71.21866636999906 -54.03354584071622 185.21
2814 -64.22367030448115 -71.10241534929199 185.21
2815 64.22367030448103 -71.10241534929199 185.21
2816 1.989519660128281e-13 -71.07944011946191 185.21
2817 54.03012509239698 71.21450423345861 185.21
2818 -71.21450423345863 54.03012509239674 185.21
2819 71.21450423345863 54.03012509239691 185.21
2820 -54.03012509239674 71.21450423345863 185.21
2821 14.72787415817791 71.21752170450273 185.21
2822 71.21752170450269 -14.72787415817807 185.21
2823 -71.21752170450264 14.72787415817807 185.21
2824 71.21752170450274 14.72787415817804 185.21
2825 -71.21752170450273 -14.72787415817804 185.21
2826 -14.72787415817837 71.21752170450273 185.21
2827 -24.54977052003719 71.21697564367878 185.21
2828 -71.21628911232389 -24.54823088755323 185.21
2829 71.21697564367878 24.54977052003697 185.21
2830 -71.21697564367875 24.54977052003708 185.21
2831 71.21628911232392 -24.54823088755334 185.21
2832 24.54977052003701 71.21697564367877 185.21
2833 -71.21649296553073 34.37128024304832 185.21
2834 71.21601079698038 -34.37065615841726 185.21
2835 34.37128024304837 71.21649296553076 185.21
2836 -71.21601079698033 -34.37065615841727 185.21
2837 -34.37128024304843 71.21649296553078 185.21
2838 71.21649296553075 34.37128024304833 185.21
2839 -71.21574177595136 -44.20215866859215 185.21
2840 71.21709173224845 44.19556727544567 185.21
2841 44.19556727544577 71.21709173224845 185.21
2842 -71.21709173224846 44.19556727544553 185.21
2843 71.21574177595137 -44.20215866859198 185.21
2844 -44.19556727544558 71.21709173224848 185.21
2845 4.909283158287849 71.21964132941351 185.21
2846 71.21964132941351 4.909283158288184 185.21
2847 -71.21964132941346 -4.909283158288186 185.21
2848 71.21964132941346 -4.909283158288203 185.21
2849 -71.21964132941343 4.909283158288201 185.21
2850 -4.909283158288602 71.21964132941352 185.21
2851 -25.08553774760904 -71.18471720761104 185.21
2852 25.08553774782983 -71.18471720756256 185.21
2853 34.82160590726617 -71.18712843541418 185.21
2854 -34.82160590571326 -71.18712843544617 185.21
2855 -44.53227046926128 -71.186747825418 185.21
2856 44.5322704695197 -71.1867478254278 185.21
2857 54.21409490383296 -71.19026985591734 185.21
2858 -54.21409490383317 -71.19026985591735 185.21
2859 -71.21308161344342 -58.99007455791472 185.21
2860 71.21308161344345 -58.99007455791461 185.21
2861 73.61154078445563 73.61154078445561 185.21
2862 -73.68206721612077 73.68206721612079 185.21
2863 73.61345039075012 -73.59601673244426 185.21
2864 -73.61345039075016 -73.5960167324443 185.21
2865 -3.950000000000001 32.11000000000001 193.5803
2866 -2.3 -28.11 193.5803
2867 26.06401874415069 20.56747672753701 302.0064342272094
2868 -15.06822778298052 -30.74379788515311 272.0402434623902
2869 -23.51972339149234 29.10519496549686 261.1517060546796
2870 26.06401874415069 20.56747672753701 250.8798993099358
2871 58.10701106554397 -36.70769866139653 266.3205076052509
2872 23.26393241442749 -20.50089169266158 241.7906671282415
2873 -9.931836658546034 -29.38667130350203 234.7474362346123
2874 -35.31452167600631 -6.313206329662776 233.9579441834566
2875 -21.14117122376494 -80.08802808633544 250.838482979104
2876 -6.690320119787945 76.3399673974568 250.0653875100712
2877 -23.71280735102855 20.8359507001251 229.4118677097119
2878 3.678479517542242 31.97606821669184 229.1769166028843
2879 26.06401874415069 20.56747672753701 225.081104716649
2880 55.18102885908176 63.90010100233928 250.8026022197955
2881 -76.52499725210075 26.65016672641617 252.2763122335712
2882 -66.34427592857709 -50.83547490399732 252.2480124896738
2883 58.88134959251638 5.581412090607246 235.4838899369768
2884 29.15916262199936 -64.45623622940191 242.7332572527636
2885 -2.13957612821344 -60.40964095227581 231.2854082123612
2886 35.3461453398038 -1.347667950749416 223.2805536821189
2887 10.14474802345453 -33.98588033896813 223.1326110331576
2888 -28.39178625699808 51.85112310867945 229.6235111222754
2889 22.11747995302386 -16.64772100925959 219.8265653003916
2890 51.55771209976824 -27.90906753851537 228.8301312640873
2891 -7.562120547306881 -40.35366167947529 218.5194011788564
2892 -16.56659482368439 -25.86679525803583 216.6385093416141
2893 -6.137101857797042 -4.871514998365635 222.4701741032387
2894 -28.99358206279515 -14.46383883178512 216.0612629580687
2895 -35.30642375306966 -44.4925154802743 225.022166074581
2896 81.02548806380514 -70.36222070074125 244.4614289410946
2897 -68.32006466548162 -7.246205242113435 230.3040021543612
2898 -35.44988205014234 1.765214164324359 216.7290265551614
2899 85.52018815718695 -26.43817377419102 231.8265053675531
2900 -56.5814378670579 80.34905659087795 237.5838185659484
2901 -9.382841785643421 28.77348935272802 217.3669003946057
2902 32.77547598063157 -34.59819088646118 219.0873696633038
2903 -1.746897950646088 -26.9342244921981 214.1784633831999
2904 39.39548217121308 47.56882748760444 227.3920986023706
2905 -51.84872603339167 28.56430460352877 226.395355965699
2906 -76.24162853012911 47.93815701588069 228.8609147565022
2907 3.678479517542242 31.97606821669184 213.3331020330716
2908 11.8102663993005 17.39771697069992 215.8617498710819
2909 2.613939784619548 52.74644465933027 219.6606562741757
2910 -6.690320119787946 76.3399673974568 223.8972409124371
2911 27.42400647322643 90.73713676150984 236.0635156429802
2912 22.46788174934729 23.20512603546793 212.1025784380272
2913 26.87946541557196 8.672938995195594 214.5417821756161
2914 78.88226030741484 37.74708379902665 234.912076363457
2915 -57.60356633813684 3.992321805772726 322.77837295509
2916 -23.51972339149234 29.10519496549686 213.8349241773493
2917 24.5602290986675 -55.28615027536239 330.5639978285245
2918 -25.17486076983772 12.89755265015797 214.5050413299253
2919 19.10869336902536 40.02983318647093 216.2121707929128
2920 -94.87062337525026 -31.00924107640601 233.2680301964523
2921 0.05682324849407142 -28.15898808338558 197.455262255685
2922 -64.04610660435756 -63.52207143129057 186.9596039992815
2923 0.1721088103615595 -29.0742633317904 192.7639640037277
2924 12.24130115219906 -41.51284254506228 191.1803
2925 3.950739291195474 36.64673929119547 189.6803
2926 -4.151741741339707 23.3722582586603 189.6803
2927 -10.64182645929179 -39.70733134430834 191.1803
2928 11.14066169036454 31.88818913181629 188.5298459274667
2929 -13.59318095176117 -60.60830572273368 191.814620956936
2930 -10.04334785521666 32.11 190.1803
2931 8.401056484079875 -35.24717093333806 187.693439992407
2932 -2.000000000000001 -70.33115080748365 192.1803
2933 -9.521660519094194 -27.71577951487485 188.4524580354023
2934 -3.827000000000001 27.6987155 189.6820155
2935 3.827 32.5212845 189.6820155
2936 -21.68948158251002 -8.980747924897281 194.0499143730823
2937 21.68948158251002 8.980747924897281 194.0499143730823
2938 21.68948158251012 -8.980747924897321 194.0499143730824
2939 4.600172687465791 17.57413957430175 191.1803
2940 11.36978093772311 -59.51265870166662 191.1803
2941 -3 -18.24876710193351 191.1803
2942 9.229499354016315 22.27036521193985 194.4016283901956
2943 -12.00173699576929 -48.70715745493771 191.1803
2944 -9.080005788439895 39.51880825881508 191.1803
2945 -54.58815792817712 57.46841283007096 192.0654881262773
2946 9.235358624453626 29.11 191.1803
2947 -9.521660519094196 -22.90287411070582 194.7620423112753
2948 9.521660519993416 -22.90287411256987 194.762042312297
2949 7.724679245376486 -39.72614952562299 195.5219576154274
2950 22.17157912084178 -24.12301064814635 187.6033345405422
2951 -35.40208398640002 -19.23880380176032 193.9885537658961
2952 -21.47629081679002 3.68594044175552e-14 194.0500576487209
2953 30.42908529349824 11.75310042393164 188.4910134205925
2954 33.5123944042943 -23.81445965075921 193.9886552714055
2955 23.44183480516052 -33.13976955869559 193.9886552714056
2956 -81.34596327926006 59.89681015133814 192.0634802493799
2957 11.66328776280646 -50.51266865569166 191.1803
2958 7.431197741195345 -28.29274504265348 190.5504643521141
2959 0.570430254137015 65.75119727498883 192.9627108757914
2960 14.64983416974196 -14.64983416974196 194.0483557056858
2961 13.71163750148994 13.71163750148994 194.0483557056858
2962 -33.49226354472817 23.79432879119308 193.9886552714055
2963 -2.225827312534209 39.86969723144595 191.1803
2964 39.87527138066829 11.42829526567427 193.988817955827
2965 3.637556415307041 -21.09341464375936 193.704678447615
2966 -55.34677449646401 -66.5378527543011 194.2656035934336
2967 -64.68423993050916 -62.48029031948028 193.2280442471229
2968 45.44854154161136 73.78748378054974 193.1296495121684
2969 -23.28809150824956 -26.52074607681082 187.0442898768945
2970 -22.24077974181451 -19.20345948574322 188.065527886897
2971 -12.11422124078216 24.53372855015783 188.3810954643781
2972 -20.27709766740141 25.30454843134494 187.9775202179328
2973 9.63295124898265 73.74490729556513 193.1738896529803
2974 36.82695532798484 73.11593343339133 194.7135779771952
2975 7.649999999230353 39.28956792989652 194.3683872647541
2976 -74.32195941324215 49.17440388330274 195.3875758833696
2977 60.44976967720045 44.14625741023165 191.5038978401447
2978 -21.68787422715755 8.980747924897319 187.2784574679622
2979 -7.457029335489102 -35.20737690534049 191.1803
2980 64.08006975757752 64.03351133371804 193.3673467609236
2981 69.43765339499795 71.84260691613356 192.0235847336722
2982 68.11599645623853 53.95679038173972 195.5765496160492
2983 -53.95679038173991 68.11599645623861 194.1590039638832
2984 59.69557593005787 34.3364017227215 192.1872570265166
2985 68.11660975802135 29.43063894525373 194.8162738272234
2986 -29.38923196561875 14.20261546726258 186.5429789642986
2987 2.311484714011404 -58.39261094468818 187.3720871856095
2988 -39.38825562618586 2.285657867167966 193.988889370698
2989 73.11609299211104 17.18356780629744 195.5249834890606
2990 -46.6523313758694 73.11572317231882 193.5235827160034
2991 73.11593343339133 36.82695532798478 193.6597391389355
2992 -31.81009610200232 -71.53336362445938 193.3992221794711
2993 -69.32199446307435 41.73932971686802 193.7699229923674
2994 28.71426195608082 -17.38246756136943 188.927251344222
2995 -22.24077974180298 19.20345948573172 189.1076421299461
2996 -7.364241396602171 73.1171938497518 193.8187784745604
2997 -14.7153085196827 68.11729778461454 193.5466455246647
2998 23.0481215739172 32.74605632745228 193.9886552714055
2999 19.39194291208514 28.57868867427906 188.7218721192504
3000 18.84956136794828 21.83608895396865 189.8321080856379
3001 6.81687504038114 -68.5160361730762 191.1803
3002 16.92436140656092 67.95692909873969 192.4742498157428
3003 -28.91414369537078 -6.845229952434603 188.2138441774235
3004 -10.89175281922445 17.24524823522096 189.8857416703581
3005 -67.52429253092203 -29.97275244866995 192.8283637544148
3006 -66.92232945819759 -42.62920534231839 193.3915583986131
3007 40.73340365075521 -65.88930763686743 193.3829303079158
3008 74.32256837072781 -24.58719990766295 194.5652386109877
3009 69.32155775278997 -31.91470243256806 193.5797613387246
3010 69.32272673268348 -41.74331391023143 194.59049963183
3011 74.32372645708041 -49.17440388330274 193.66272103747
3012 82.43922925523783 -59.90698190247388 192.2067322304227
3013 51.79789024520338 -73.12746521887141 195.35510846027
3014 59.04074790081047 -68.10975606237146 193.650562242052
3015 69.56021568499033 -67.31622590186069 195.2906810381659
3016 72.33564474082071 85.54998161964348 193.1346475528187
3017 82.6953435560812 19.66935577016085 192.7896359444411
3018 53.95679038173986 68.11599645623856 193.9140325947552
3019 -34.33640172272184 68.11606260425091 193.6816760751377
3020 -64.44443125451672 67.37258797482896 193.4223209846596
3021 -70.38981965507463 76.07908558251735 192.8588307443868
3022 19.6693557701612 -81.73366584103915 191.9601971690783
3023 22.53219846833624 -73.07123803821879 194.0038307786132
3024 -6.526994929665355 -28.54230406887741 191.8445075738005
3025 55.8629725936027 -49.10506201699987 192.6058353534132
3026 -0.8270000000000002 35.43778467729481 196.4803
3027 -5.031146001039684 -42.8600462202036 196.9501957784545
3028 0.8684702658249566 -42.38847244296561 196.3346948565947
3029 5.031146001039684 -47.3599537797964 197.3828442437944
3030 -74.26248002603728 -63.92640553513444 194.240799771135
3031 -22.02822667742928 8.980747924897321 194.0499143730824
3032 -25.48530911645521 28.71796368568464 193.9886240733933
3033 82.61284787075876 49.17440388330341 195.0996173255506
3034 -8.357347579444994 -54.38373370555384 194.5385423234977
3035 -11.99258067543817 -74.05015436383884 193.2707985924924
3036 20.30165108522105 13.94815566922453 187.4176026313953
3037 -52.18482189969485 -83.49005483907857 192.8844276870794
3038 74.32289160358289 -14.75259523551922 194.0842941004586
3039 -26.52074607681083 23.28809150824957 189.887990275531
3040 29.50442952836587 -82.68772156070706 192.2715199814037
3041 -0.8608160460221603 -66.33382418409016 187.9792143019947
3042 -38.95809391815208 -11.42829526567427 193.988817955827
3043 27.26627402904765 -7.042422724096066 188.9099720851657
3044 60.36571313968295 -58.86200074012218 192.2135445833675
3045 -25.57757947469629 74.2947897805343 192.7170332581794
3046 -39.40765987361723 11.42829526567427 193.988817955827
3047 68.11751495039734 -9.810772277861908 192.6508969361858
3048 66.23959497593086 4.742482222691727 193.6269552057307
3049 33.95337526281413 -73.11145895781276 191.7661329670709
3050 68.11612945943652 -19.6206651608036 192.611170884147
3051 74.3250397616038 -3.907985046680551e-13 192.6998047878975
3052 -0.6676400945194625 -35.36876192752727 186.4286627243447
3053 2 -67.93814997746848 190.1803
3054 22.24077974180297 -19.20345948573171 189.4018107080363
3055 13.87034557240932 -21.34450816394355 188.715734216392
3056 26.52074607681082 -23.28809150824956 189.9213839630482
3057 39.33417893581158 -6.856953133078413 193.9889205612097
3058 60.05665334044974 -34.3364017227216 192.2442694218331
3059 31.01786508531836 27.78521051608893 188.8611689203357
3060 32.96633349352097 23.2683987399859 193.9886552714056
3061 74.31368526281481 59.00896732511787 193.0098990977457
3062 -35.21973542741505 -2.285657867640315 189.2431674111318
3063 -29.30616431953545 -2.147657419572691 189.7479124588442
3064 -74.32256837072785 -24.58719990766284 193.1962692904141
3065 -68.11612945943655 -19.62066516080357 192.5571155052123
3066 -68.11751495039736 -9.810772277862227 194.7782525116979
3067 -73.11738540110514 -2.454734005685876 193.6250797343683
3068 -82.66820402295546 4.917540065037713 195.2374053141371
3069 -73.11719384975177 7.364241396601774 194.574041956741
3070 -81.43295985824963 -9.834564176193222 194.7880843129747
3071 -68.11729778461441 14.71530851968225 193.5990527592092
3072 61.27940134762474 -4.90492327089602 191.6451339961445
3073 5.236499354016315 24.02301989661124 194.2920852528688
3074 2.225827312534209 22.75826790741327 191.1803
3075 -60.78678991669025 49.05214693558069 190.373025734036
3076 -68.13538519487101 53.11231189757004 191.3470342821058
3077 74.32195941324217 49.17440388330341 192.8885657884712
3078 -1.733880854067278 -54.95097714174308 195.9654058840966
3079 0.752813729095308 -63.86213637330778 196.2634874285465
3080 -59.00896732511787 -74.28616219173975 193.6141812672801
3081 -2.454821215354524 -52.46343475697594 186.2326856867151
3082 -4.365417845753187e-14 -37.48326551791394 196.4803
3083 19.91469524483199 -3.641531520770513e-14 194.0500576487209
3084 61.57415405707321 -14.71530851968225 191.5631572219791
3085 -17.88494117238994 -70.95273462539325 192.040624698094
3086 68.1166951746963 44.14625741023165 192.2628636295279
3087 -25.53763582423543 -60.01460877611345 193.8323177054334
3088 -14.71484444526662 -14.71484444526662 194.0483557056858
3089 7.433110979986168 -35.81926957386182 192.1614699179456
3090 -61.40377114449427 -61.40306828267534 185
3091 -8.815999999287326 22.09705968630452 193.7942666655216
3092 26.267694497229 3.671701810953027 189.7109749946059
3093 68.84353276831665 -82.95411017279592 192.6896768641618
3094 73.76155718331302 -76.05550148010278 193.3421916305367
3095 -6.151647629962024 34.00284566170081 187.0729373348655
3096 -1.200924933212633 25.96973877705566 186.3853409501965
3097 5.344906935664521 25.1560376590591 186.2688371431558
3098 -70.23770933776154 62.59813461206738 192.144922739139
3099 81.40465151333588 39.33950962005892 191.9257036858645
3100 59.73617872258461 19.62066516080357 193.2302533940129
3101 15.96554854034896 -68.2523197160797 192.8185888515811
3102 -69.32174299665466 22.09430515734459 192.1628272296563
3103 -67.8504394323873 31.34043699213697 191.2439274064742
3104 -45.31676012520294 -67.82332088960273 192.1873082949261
3105 -60.03516075054 -4.90492327089634 192.3519925784261
3106 -60.21750813239863 4.904923270896021 192.5767286357712
3107 -37.68929876389048 40.85012269462461 89.22915643066494
3108 18.91519463162803 -30.74150064563787 89.47095692504818
3109 -62.72224954497778 -19.83486817568233 111.0476527634162
3110 55.88276950566383 32.69037946242043 105.2284176361774
3111 1.104079693951566 70.68013803339072 122.9701637223831
3112 61.53128689615064 -64.24306872502697 118.6668758442767
3113 -28.40437191431346 -68.05090539181923 120.3857069358189
3114 -62.6594569781147 67.52699328355277 127.4199462064407
3115 -67.24650667221923 22.4961468865514 134.5625341826773
3116 59.77803314006621 70.31370999508452 133.2776661679544
3117 -73.96320332164794 -68.62930748624582 133.0521096711159
3118 67.45408930570447 -6.319816397213406 131.8701101026612
3119 15.38275954690691 -57.37335541270721 133.5815160791828
3120 62.88293195467558 -39.29144156573702 144.6632253529594
3121 75.00597619692456 31.86720303092263 140.6601876873701
3122 -5.513344552930562 11.09944586626062 125.2059865446203
3123 80.69457307486772 -66.52890518204599 147.7760524419507
3124 51.06697487233995 -67.71306737805052 150.7613973236211
3125 30.1725868309164 75.58850994609728 147.3532844769153
3126 1.941658960124709 72.02148560192531 151.8141194128395
3127 -32.20263077795899 68.33977041084997 145.6614226526441
3128 -72.79007451808882 -20.15349642430358 144.9859856714908
3129 -47.20823988001881 -70.26678644417956 149.2279906038091
3130 -15.9151961574793 -68.68307542626985 149.4065523174619
3131 -29.05171591579095 -29.89154978973814 139.810185849369
3132 8.059114343863694 -71.31921710833318 155.6033432968694
3133 -57.28252019566012 70.25391735803426 154.208966286753
3134 -75.97456237568905 49.46855388402396 152.9679482002085
3135 18.67515356746657 37.60855519507718 144.5189702926061
3136 64.98317839127144 50.58572060558859 155.0435085870837
3137 -57.10084470265112 2.287520132810701 152.4928057674222
3138 73.51900696336072 8.599531424522777 153.7855302015337
3139 84.85163042684211 -16.83735253289101 153.1862079702815
3140 66.39664895790865 -55.29243693439165 159.1824353925192
3141 -66.83947910383206 -50.46060231183403 152.7833052666912
3142 59.77803314006621 70.31370999508452 159.8721381579035
3143 24.25209668241857 -13.60679384851202 140.0379273446227
3144 -3.314372766018071 -46.10329480729293 154.6581542514099
3145 52.6309325715925 -6.418853981983555 155.4443397977845
3146 -37.68929876389048 40.85012269462461 152.5894087959523
3147 -73.96320332164794 -68.62930748624582 159.9879677304352
3148 65.95127156295045 29.97839588610976 159.7361954064797
3149 28.35274189803643 -73.75834731973036 159.9902617806618
3150 31.31565544506658 -47.96151041260372 155.6373794146986
3151 -77.87867775530613 27.25842132823666 158.0457752361732
3152 83.58840768165763 87.31629034100193 151.6069743609544
3153 -83.08205079140653 2.203109281797912 156.0279191533231
3154 -27.22799763236023 6.668979802251169 152.2287659229332
3155 -84.28482381078626 93.28515080160503 145.0048102052742
3156 62.88293195467558 -39.29144156573702 163.6976762695844
3157 83.49734950872526 -41.52831705433852 161.1758834649718
3158 -66.16730552002919 16.22907449049895 163.8434640296256
3159 -7.813530010718813 46.10806672567622 155.1165392484342
3160 16.0723753950534 -101.0586723183636 154.6407366125668
$EndNodes
$Elements
18054
1 2 2 5 35 2 1 1133
2 2 2 5 35 1 3 1133
3 2 2 5 35 6 2 1133
4 2 2 5 35 3 6 1133
5 2 2 7 41 8 7 1134
6 2 2 7 41 7 9 1134
7 2 2 7 41 12 8 1134
8 2 2 7 41 9 12 1134
9 2 2 8 43 14 1135 13
10 2 2 8 43 13 1135 20
11 2 2 8 43 15 1135 14
12 2 2 8 43 20 15 242
13 2 2 8 43 20 1135 15
14 2 2 8 43 242 15 241
15 2 2 8 43 17 1136 16
16 2 2 8 43 241 16 19
17 2 2 8 43 16 1136 19
18 2 2 8 43 18 1136 17
19 2 2 8 43 19 1136 18
20 2 2 8 43 242 241 19
21 2 2 9 44 13 14 1137
22 2 2 9 44 21 13 1137
23 2 2 9 44 14 22 1137
24 2 2 9 44 22 21 1137
25 2 2 9 45 14 15 1138
26 2 2 9 45 22 14 1138
27 2 2 9 45 15 23 1138
28 2 2 9 45 23 22 1138
29 2 2 9 46 23 15 1139
30 2 2 9 46 15 241 1139
31 2 2 9 46 16 24 1140
32 2 2 9 46 241 16 1140
33 2 2 9 46 243 23 1139
34 2 2 9 46 24 243 1140
35 2 2 9 46 241 243 1139
36 2 2 9 46 243 241 1140
37 2 2 9 47 16 17 1141
38 2 2 9 47 24 16 1141
39 2 2 9 47 17 25 1141
40 2 2 9 47 25 24 1141
41 2 2 9 48 17 18 1142
42 2 2 9 48 25 17 1142
43 2 2 9 48 18 26 1142
44 2 2 9 48 26 25 1142
45 2 2 9 49 18 19 1143
46 2 2 9 49 26 18 1143
47 2 2 9 49 19 27 1143
48 2 2 9 49 27 26 1143
49 2 2 9 50 27 19 1144
50 2 2 9 50 19 242 1144
51 2 2 9 50 20 28 1145
52 2 2 9 50 242 20 1145
53 2 2 9 50 244 27 1144
54 2 2 9 50 28 244 1145
55 2 2 9 50 242 244 1144
56 2 2 9 50 244 242 1145
57 2 2 9 51 20 13 1146
58 2 2 9 51 13 21 1146
59 2 2 9 51 28 20 1146
60 2 2 9 51 21 28 1146
61 2 2 8 53 30 1147 29
62 2 2 8 53 29 1147 32
63 2 2 8 53 31 1147 30
64 2 2 8 53 32 1147 31
65 2 2 10 58 34 1148 33
66 2 2 10 58 33 1148 36
67 2 2 10 58 35 1148 34
68 2 2 10 58 36 1148 35
69 2 2 8 59 38 1149 37
70 2 2 8 59 37 1149 40
71 2 2 8 59 39 1149 38
72 2 2 8 59 40 1149 39
73 2 2 12 64 42 1150 41
74 2 2 12 64 41 1150 44
75 2 2 12 64 43 1150 42
76 2 2 12 64 44 1150 43
77 2 2 6 65 46 1151 45
78 2 2 6 65 45 1151 48
79 2 2 6 65 47 1151 46
80 2 2 6 65 48 1151 47
81 2 2 12 70 50 1152 49
82 2 2 12 70 49 1152 52
83 2 2 12 70 51 1152 50
84 2 2 12 70 52 1152 51
85 2 2 4 71 54 1153 53
86 2 2 4 71 53 1153 56
87 2 2 4 71 55 1153 54
88 2 2 4 71 56 1153 55
89 2 2 10 76 58 1154 57
90 2 2 10 76 57 1154 60
91 2 2 10 76 59 1154 58
92 2 2 10 76 60 1154 59
93 2 2 3 173 61 64 271
94 2 2 3 173 245 61 271
95 2 2 3 173 63 62 296
96 2 2 3 173 62 270 296
97 2 2 3 173 246 245 271
98 2 2 3 173 247 246 272
99 2 2 3 173 272 246 271
100 2 2 3 173 248 247 273
101 2 2 3 173 273 247 272
102 2 2 3 173 249 248 274
103 2 2 3 173 274 248 273
104 2 2 3 173 250 249 275
105 2 2 3 173 275 249 274
106 2 2 3 173 251 250 276
107 2 2 3 173 276 250 275
108 2 2 3 173 252 251 277
109 2 2 3 173 277 251 276
110 2 2 3 173 253 252 278
111 2 2 3 173 278 252 277
112 2 2 3 173 254 253 279
113 2 2 3 173 279 253 278
114 2 2 3 173 255 254 280
115 2 2 3 173 280 254 279
116 2 2 3 173 282 256 255
117 2 2 3 173 281 255 280
118 2 2 3 173 282 255 281
119 2 2 3 173 283 257 256
120 2 2 3 173 283 256 282
121 2 2 3 173 284 258 257
122 2 2 3 173 284 257 283
123 2 2 3 173 285 259 258
124 2 2 3 173 285 258 284
125 2 2 3 173 286 260 259
126 2 2 3 173 286 259 285
127 2 2 3 173 287 261 260
128 2 2 3 173 287 260 286
129 2 2 3 173 288 262 261
130 2 2 3 173 288 261 287
131 2 2 3 173 289 263 262
132 2 2 3 173 289 262 288
133 2 2 3 173 263 290 264
134 2 2 3 173 289 290 263
135 2 2 3 173 265 264 290
136 2 2 3 173 292 266 265
137 2 2 3 173 291 265 290
138 2 2 3 173 292 265 291
139 2 2 3 173 293 267 266
140 2 2 3 173 293 266 292
141 2 2 3 173 294 268 267
142 2 2 3 173 294 267 293
143 2 2 3 173 295 269 268
144 2 2 3 173 295 268 294
145 2 2 3 173 296 270 269
146 2 2 3 173 296 269 295
147 2 2 2 174 245 1167 61
148 2 2 2 174 61 1220 364
149 2 2 2 174 61 1167 1160
150 2 2 2 174 1160 1220 61
151 2 2 2 174 62 1215 270
152 2 2 2 174 297 1217 62
153 2 2 2 174 1162 1215 62
154 2 2 2 174 62 1217 1162
155 2 2 2 174 65 1214 322
156 2 2 2 174 323 1216 65
157 2 2 2 174 1161 1214 65
158 2 2 2 174 65 1216 1161
159 2 2 2 174 66 1168 348
160 2 2 2 174 360 1221 66
161 2 2 2 174 1159 1168 66
162 2 2 2 174 66 1221 1159
163 2 2 2 174 67 1157 349
164 2 2 2 174 361 1156 67
165 2 2 2 174 67 1156 1155
166 2 2 2 174 1155 1157 67
167 2 2 2 174 68 362 361
168 2 2 2 174 69 363 362
169 2 2 2 174 70 1156 363
170 2 2 2 174 375 1158 70
171 2 2 2 174 1155 1156 70
172 2 2 2 174 70 1158 1155
173 2 2 2 174 376 1266 71
174 2 2 2 174 71 1266 495
175 2 2 2 174 72 1267 405
176 2 2 2 174 406 1267 72
177 2 2 2 174 73 1268 435
178 2 2 2 174 436 1268 73
179 2 2 2 174 74 1269 465
180 2 2 2 174 466 1269 74
181 2 2 2 174 246 1265 245
182 2 2 2 174 245 1265 1167
183 2 2 2 174 247 1219 246
184 2 2 2 174 1219 1265 246
185 2 2 2 174 248 1196 247
186 2 2 2 174 1196 1219 247
187 2 2 2 174 249 1248 248
188 2 2 2 174 248 1248 1196
189 2 2 2 174 250 1191 249
190 2 2 2 174 1191 1248 249
191 2 2 2 174 251 1239 250
192 2 2 2 174 250 1239 1191
193 2 2 2 174 252 1186 251
194 2 2 2 174 1186 1239 251
195 2 2 2 174 253 1236 252
196 2 2 2 174 252 1236 1186
197 2 2 2 174 254 1181 253
198 2 2 2 174 1181 1236 253
199 2 2 2 174 255 1227 254
200 2 2 2 174 254 1227 1181
201 2 2 2 174 256 1175 255
202 2 2 2 174 1175 1227 255
203 2 2 2 174 257 1252 256
204 2 2 2 174 256 1252 1175
205 2 2 2 174 258 1169 257
206 2 2 2 174 1169 1252 257
207 2 2 2 174 259 1251 258
208 2 2 2 174 258 1251 1169
209 2 2 2 174 260 1173 259
210 2 2 2 174 1173 1251 259
211 2 2 2 174 261 1230 260
212 2 2 2 174 260 1230 1173
213 2 2 2 174 262 1179 261
214 2 2 2 174 1179 1230 261
215 2 2 2 174 263 1234 262
216 2 2 2 174 262 1234 1179
217 2 2 2 174 264 1188 263
218 2 2 2 174 1188 1234 263
219 2 2 2 174 265 1242 264
220 2 2 2 174 264 1242 1188
221 2 2 2 174 266 1194 265
222 2 2 2 174 1194 1242 265
223 2 2 2 174 267 1244 266
224 2 2 2 174 266 1244 1194
225 2 2 2 174 268 1200 267
226 2 2 2 174 1200 1244 267
227 2 2 2 174 269 1224 268
228 2 2 2 174 268 1224 1200
229 2 2 2 174 270 1205 269
230 2 2 2 174 1205 1224 269
231 2 2 2 174 270 1215 1205
232 2 2 2 174 298 1204 297
233 2 2 2 174 1204 1217 297
234 2 2 2 174 299 1222 298
235 2 2 2 174 298 1222 1204
236 2 2 2 174 300 1198 299
237 2 2 2 174 1198 1222 299
238 2 2 2 174 301 1246 300
239 2 2 2 174 300 1246 1198
240 2 2 2 174 302 1192 301
241 2 2 2 174 1192 1246 301
242 2 2 2 174 303 1240 302
243 2 2 2 174 302 1240 1192
244 2 2 2 174 304 1187 303
245 2 2 2 174 1187 1240 303
246 2 2 2 174 305 1237 304
247 2 2 2 174 304 1237 1187
248 2 2 2 174 306 1183 305
249 2 2 2 174 1183 1237 305
250 2 2 2 174 307 1226 306
251 2 2 2 174 306 1226 1183
252 2 2 2 174 308 1177 307
253 2 2 2 174 1177 1226 307
254 2 2 2 174 309 1250 308
255 2 2 2 174 308 1250 1177
256 2 2 2 174 310 1171 309
257 2 2 2 174 1171 1250 309
258 2 2 2 174 311 1255 310
259 2 2 2 174 310 1255 1171
260 2 2 2 174 312 1172 311
261 2 2 2 174 1172 1255 311
262 2 2 2 174 313 1231 312
263 2 2 2 174 312 1231 1172
264 2 2 2 174 314 1178 313
265 2 2 2 174 1178 1231 313
266 2 2 2 174 315 1232 314
267 2 2 2 174 314 1232 1178
268 2 2 2 174 316 1184 315
269 2 2 2 174 1184 1232 315
270 2 2 2 174 317 1241 316
271 2 2 2 174 316 1241 1184
272 2 2 2 174 318 1193 317
273 2 2 2 174 1193 1241 317
274 2 2 2 174 319 1249 318
275 2 2 2 174 318 1249 1193
276 2 2 2 174 320 1199 319
277 2 2 2 174 1199 1249 319
278 2 2 2 174 321 1225 320
279 2 2 2 174 320 1225 1199
280 2 2 2 174 322 1203 321
281 2 2 2 174 1203 1225 321
282 2 2 2 174 322 1214 1203
283 2 2 2 174 324 1202 323
284 2 2 2 174 1202 1216 323
285 2 2 2 174 325 1223 324
286 2 2 2 174 324 1223 1202
287 2 2 2 174 326 1197 325
288 2 2 2 174 1197 1223 325
289 2 2 2 174 327 1247 326
290 2 2 2 174 326 1247 1197
291 2 2 2 174 328 1190 327
292 2 2 2 174 1190 1247 327
293 2 2 2 174 329 1238 328
294 2 2 2 174 328 1238 1190
295 2 2 2 174 330 1185 329
296 2 2 2 174 1185 1238 329
297 2 2 2 174 331 1235 330
298 2 2 2 174 330 1235 1185
299 2 2 2 174 332 1182 331
300 2 2 2 174 1182 1235 331
301 2 2 2 174 333 1228 332
302 2 2 2 174 332 1228 1182
303 2 2 2 174 334 1176 333
304 2 2 2 174 1176 1228 333
305 2 2 2 174 335 1254 334
306 2 2 2 174 334 1254 1176
307 2 2 2 174 336 1170 335
308 2 2 2 174 1170 1254 335
309 2 2 2 174 337 1253 336
310 2 2 2 174 336 1253 1170
311 2 2 2 174 338 1174 337
312 2 2 2 174 1174 1253 337
313 2 2 2 174 339 1229 338
314 2 2 2 174 338 1229 1174
315 2 2 2 174 340 1180 339
316 2 2 2 174 1180 1229 339
317 2 2 2 174 341 1233 340
318 2 2 2 174 340 1233 1180
319 2 2 2 174 342 1189 341
320 2 2 2 174 1189 1233 341
321 2 2 2 174 343 1243 342
322 2 2 2 174 342 1243 1189
323 2 2 2 174 344 1195 343
324 2 2 2 174 1195 1243 343
325 2 2 2 174 345 1245 344
326 2 2 2 174 344 1245 1195
327 2 2 2 174 346 1201 345
328 2 2 2 174 1201 1245 345
329 2 2 2 174 347 1218 346
330 2 2 2 174 346 1218 1201
331 2 2 2 174 348 1264 347
332 2 2 2 174 347 1264 1218
333 2 2 2 174 1168 1264 348
334 2 2 2 174 349 1212 350
335 2 2 2 174 1157 1212 349
336 2 2 2 174 350 1212 351
337 2 2 2 174 351 1210 352
338 2 2 2 174 351 1212 1210
339 2 2 2 174 352 1256 353
340 2 2 2 174 1210 1256 352
341 2 2 2 174 353 1208 354
342 2 2 2 174 353 1256 1208
343 2 2 2 174 354 1259 355
344 2 2 2 174 1208 1259 354
345 2 2 2 174 355 1207 356
346 2 2 2 174 355 1259 1207
347 2 2 2 174 356 1260 357
348 2 2 2 174 1207 1260 356
349 2 2 2 174 357 1166 358
350 2 2 2 174 357 1260 1166
351 2 2 2 174 358 1263 359
352 2 2 2 174 1166 1263 358
353 2 2 2 174 359 1164 360
354 2 2 2 174 359 1263 1164
355 2 2 2 174 1164 1221 360
356 2 2 2 174 362 1156 361
357 2 2 2 174 363 1156 362
358 2 2 2 174 364 1163 365
359 2 2 2 174 364 1220 1163
360 2 2 2 174 365 1262 366
361 2 2 2 174 1163 1262 365
362 2 2 2 174 366 1165 367
363 2 2 2 174 366 1262 1165
364 2 2 2 174 367 1261 368
365 2 2 2 174 1165 1261 367
366 2 2 2 174 368 1206 369
367 2 2 2 174 368 1261 1206
368 2 2 2 174 369 1258 370
369 2 2 2 174 1206 1258 369
370 2 2 2 174 370 1209 371
371 2 2 2 174 370 1258 1209
372 2 2 2 174 371 1257 372
373 2 2 2 174 1209 1257 371
374 2 2 2 174 372 1211 373
375 2 2 2 174 372 1257 1211
376 2 2 2 174 373 1213 374
377 2 2 2 174 1211 1213 373
378 2 2 2 174 374 1213 375
379 2 2 2 174 375 1213 1158
380 2 2 2 174 377 1162 376
381 2 2 2 174 1162 1266 376
382 2 2 2 174 378 1215 377
383 2 2 2 174 377 1215 1162
384 2 2 2 174 379 1205 378
385 2 2 2 174 1205 1215 378
386 2 2 2 174 380 1224 379
387 2 2 2 174 379 1224 1205
388 2 2 2 174 381 1200 380
389 2 2 2 174 1200 1224 380
390 2 2 2 174 382 1244 381
391 2 2 2 174 381 1244 1200
392 2 2 2 174 383 1194 382
393 2 2 2 174 1194 1244 382
394 2 2 2 174 384 1242 383
395 2 2 2 174 383 1242 1194
396 2 2 2 174 385 1188 384
397 2 2 2 174 1188 1242 384
398 2 2 2 174 386 1234 385
399 2 2 2 174 385 1234 1188
400 2 2 2 174 387 1179 386
401 2 2 2 174 1179 1234 386
402 2 2 2 174 388 1230 387
403 2 2 2 174 387 1230 1179
404 2 2 2 174 389 1173 388
405 2 2 2 174 1173 1230 388
406 2 2 2 174 390 1251 389
407 2 2 2 174 389 1251 1173
408 2 2 2 174 391 1169 390
409 2 2 2 174 1169 1251 390
410 2 2 2 174 392 1252 391
411 2 2 2 174 391 1252 1169
412 2 2 2 174 393 1175 392
413 2 2 2 174 1175 1252 392
414 2 2 2 174 394 1227 393
415 2 2 2 174 393 1227 1175
416 2 2 2 174 395 1181 394
417 2 2 2 174 1181 1227 394
418 2 2 2 174 396 1236 395
419 2 2 2 174 395 1236 1181
420 2 2 2 174 397 1186 396
421 2 2 2 174 1186 1236 396
422 2 2 2 174 398 1239 397
423 2 2 2 174 397 1239 1186
424 2 2 2 174 399 1191 398
425 2 2 2 174 1191 1239 398
426 2 2 2 174 400 1248 399
427 2 2 2 174 399 1248 1191
428 2 2 2 174 401 1196 400
429 2 2 2 174 1196 1248 400
430 2 2 2 174 402 1219 401
431 2 2 2 174 401 1219 1196
432 2 2 2 174 403 1265 402
433 2 2 2 174 402 1265 1219
434 2 2 2 174 404 1167 403
435 2 2 2 174 1167 1265 403
436 2 2 2 174 405 1160 404
437 2 2 2 174 1160 1167 404
438 2 2 2 174 405 1267 1160
439 2 2 2 174 407 1160 406
440 2 2 2 174 1160 1267 406
441 2 2 2 174 408 1220 407
442 2 2 2 174 407 1220 1160
443 2 2 2 174 409 1163 408
444 2 2 2 174 1163 1220 408
445 2 2 2 174 410 1262 409
446 2 2 2 174 409 1262 1163
447 2 2 2 174 411 1165 410
448 2 2 2 174 1165 1262 410
449 2 2 2 174 412 1261 411
450 2 2 2 174 411 1261 1165
451 2 2 2 174 413 1206 412
452 2 2 2 174 1206 1261 412
453 2 2 2 174 414 1258 413
454 2 2 2 174 413 1258 1206
455 2 2 2 174 415 1209 414
456 2 2 2 174 1209 1258 414
457 2 2 2 174 416 1257 415
458 2 2 2 174 415 1257 1209
459 2 2 2 174 417 1211 416
460 2 2 2 174 1211 1257 416
461 2 2 2 174 418 1213 417
462 2 2 2 174 417 1213 1211
463 2 2 2 174 419 1158 418
464 2 2 2 174 1158 1213 418
465 2 2 2 174 420 1158 419
466 2 2 2 174 421 1155 420
467 2 2 2 174 1155 1158 420
468 2 2 2 174 422 1157 421
469 2 2 2 174 421 1157 1155
470 2 2 2 174 423 1157 422
471 2 2 2 174 424 1212 423
472 2 2 2 174 423 1212 1157
473 2 2 2 174 425 1210 424
474 2 2 2 174 1210 1212 424
475 2 2 2 174 426 1256 425
476 2 2 2 174 425 1256 1210
477 2 2 2 174 427 1208 426
478 2 2 2 174 1208 1256 426
479 2 2 2 174 428 1259 427
480 2 2 2 174 427 1259 1208
481 2 2 2 174 429 1207 428
482 2 2 2 174 1207 1259 428
483 2 2 2 174 430 1260 429
484 2 2 2 174 429 1260 1207
485 2 2 2 174 431 1166 430
486 2 2 2 174 1166 1260 430
487 2 2 2 174 432 1263 431
488 2 2 2 174 431 1263 1166
489 2 2 2 174 433 1164 432
490 2 2 2 174 1164 1263 432
491 2 2 2 174 434 1221 433
492 2 2 2 174 433 1221 1164
493 2 2 2 174 435 1159 434
494 2 2 2 174 1159 1221 434
495 2 2 2 174 435 1268 1159
496 2 2 2 174 437 1159 436
497 2 2 2 174 1159 1268 436
498 2 2 2 174 438 1168 437
499 2 2 2 174 437 1168 1159
500 2 2 2 174 439 1264 438
501 2 2 2 174 438 1264 1168
502 2 2 2 174 440 1218 439
503 2 2 2 174 1218 1264 439
504 2 2 2 174 441 1201 440
505 2 2 2 174 1201 1218 440
506 2 2 2 174 442 1245 441
507 2 2 2 174 441 1245 1201
508 2 2 2 174 443 1195 442
509 2 2 2 174 1195 1245 442
510 2 2 2 174 444 1243 443
511 2 2 2 174 443 1243 1195
512 2 2 2 174 445 1189 444
513 2 2 2 174 1189 1243 444
514 2 2 2 174 446 1233 445
515 2 2 2 174 445 1233 1189
516 2 2 2 174 447 1180 446
517 2 2 2 174 1180 1233 446
518 2 2 2 174 448 1229 447
519 2 2 2 174 447 1229 1180
520 2 2 2 174 449 1174 448
521 2 2 2 174 1174 1229 448
522 2 2 2 174 450 1253 449
523 2 2 2 174 449 1253 1174
524 2 2 2 174 451 1170 450
525 2 2 2 174 1170 1253 450
526 2 2 2 174 452 1254 451
527 2 2 2 174 451 1254 1170
528 2 2 2 174 453 1176 452
529 2 2 2 174 1176 1254 452
530 2 2 2 174 454 1228 453
531 2 2 2 174 453 1228 1176
532 2 2 2 174 455 1182 454
533 2 2 2 174 1182 1228 454
534 2 2 2 174 456 1235 455
535 2 2 2 174 455 1235 1182
536 2 2 2 174 457 1185 456
537 2 2 2 174 1185 1235 456
538 2 2 2 174 458 1238 457
539 2 2 2 174 457 1238 1185
540 2 2 2 174 459 1190 458
541 2 2 2 174 1190 1238 458
542 2 2 2 174 460 1247 459
543 2 2 2 174 459 1247 1190
544 2 2 2 174 461 1197 460
545 2 2 2 174 1197 1247 460
546 2 2 2 174 462 1223 461
547 2 2 2 174 461 1223 1197
548 2 2 2 174 463 1202 462
549 2 2 2 174 1202 1223 462
550 2 2 2 174 464 1216 463
551 2 2 2 174 463 1216 1202
552 2 2 2 174 465 1161 464
553 2 2 2 174 1161 1216 464
554 2 2 2 174 465 1269 1161
555 2 2 2 174 467 1161 466
556 2 2 2 174 1161 1269 466
557 2 2 2 174 468 1214 467
558 2 2 2 174 467 1214 1161
559 2 2 2 174 469 1203 468
560 2 2 2 174 1203 1214 468
561 2 2 2 174 470 1225 469
562 2 2 2 174 469 1225 1203
563 2 2 2 174 471 1199 470
564 2 2 2 174 1199 1225 470
565 2 2 2 174 472 1249 471
566 2 2 2 174 471 1249 1199
567 2 2 2 174 473 1193 472
568 2 2 2 174 1193 1249 472
569 2 2 2 174 474 1241 473
570 2 2 2 174 473 1241 1193
571 2 2 2 174 475 1184 474
572 2 2 2 174 1184 1241 474
573 2 2 2 174 476 1232 475
574 2 2 2 174 475 1232 1184
575 2 2 2 174 477 1178 476
576 2 2 2 174 1178 1232 476
577 2 2 2 174 478 1231 477
578 2 2 2 174 477 1231 1178
579 2 2 2 174 479 1172 478
580 2 2 2 174 1172 1231 478
581 2 2 2 174 480 1255 479
582 2 2 2 174 479 1255 1172
583 2 2 2 174 481 1171 480
584 2 2 2 174 1171 1255 480
585 2 2 2 174 482 1250 481
586 2 2 2 174 481 1250 1171
587 2 2 2 174 483 1177 482
588 2 2 2 174 1177 1250 482
589 2 2 2 174 484 1226 483
590 2 2 2 174 483 1226 1177
591 2 2 2 174 485 1183 484
592 2 2 2 174 1183 1226 484
593 2 2 2 174 486 1237 485
594 2 2 2 174 485 1237 1183
595 2 2 2 174 487 1187 486
596 2 2 2 174 1187 1237 486
597 2 2 2 174 488 1240 487
598 2 2 2 174 487 1240 1187
599 2 2 2 174 489 1192 488
600 2 2 2 174 1192 1240 488
601 2 2 2 174 490 1246 489
602 2 2 2 174 489 1246 1192
603 2 2 2 174 491 1198 490
604 2 2 2 174 1198 1246 490
605 2 2 2 174 492 1222 491
606 2 2 2 174 491 1222 1198
607 2 2 2 174 493 1204 492
608 2 2 2 174 1204 1222 492
609 2 2 2 174 494 1217 493
610 2 2 2 174 493 1217 1204
611 2 2 2 174 495 1162 494
612 2 2 2 174 1162 1217 494
613 2 2 2 174 495 1266 1162
614 2 2 3 175 63 496 62
615 2 2 3 175 62 496 297
616 2 2 3 175 65 521 75
617 2 2 3 175 322 521 65
618 2 2 3 175 497 298 297
619 2 2 3 175 297 496 497
620 2 2 3 175 299 298 497
621 2 2 3 175 300 299 498
622 2 2 3 175 299 497 498
623 2 2 3 175 300 500 301
624 2 2 3 175 300 498 499
625 2 2 3 175 300 499 500
626 2 2 3 175 301 501 302
627 2 2 3 175 301 500 501
628 2 2 3 175 302 502 303
629 2 2 3 175 302 501 502
630 2 2 3 175 303 503 304
631 2 2 3 175 303 502 503
632 2 2 3 175 304 503 305
633 2 2 3 175 305 505 306
634 2 2 3 175 503 504 305
635 2 2 3 175 305 504 505
636 2 2 3 175 306 505 307
637 2 2 3 175 307 506 308
638 2 2 3 175 505 506 307
639 2 2 3 175 308 507 309
640 2 2 3 175 506 507 308
641 2 2 3 175 309 508 310
642 2 2 3 175 507 508 309
643 2 2 3 175 310 510 311
644 2 2 3 175 508 509 310
645 2 2 3 175 310 509 510
646 2 2 3 175 311 510 312
647 2 2 3 175 312 511 313
648 2 2 3 175 510 511 312
649 2 2 3 175 313 512 314
650 2 2 3 175 511 512 313
651 2 2 3 175 314 513 315
652 2 2 3 175 512 513 314
653 2 2 3 175 315 514 316
654 2 2 3 175 513 514 315
655 2 2 3 175 316 515 317
656 2 2 3 175 514 515 316
657 2 2 3 175 317 516 318
658 2 2 3 175 515 516 317
659 2 2 3 175 318 517 319
660 2 2 3 175 516 517 318
661 2 2 3 175 319 518 320
662 2 2 3 175 517 518 319
663 2 2 3 175 320 519 321
664 2 2 3 175 518 519 320
665 2 2 3 175 321 520 322
666 2 2 3 175 519 520 321
667 2 2 3 175 520 521 322
668 2 2 3 177 64 61 563
669 2 2 3 177 563 61 364
670 2 2 3 177 375 70 80
671 2 2 3 177 375 80 574
672 2 2 3 177 564 364 365
673 2 2 3 177 564 563 364
674 2 2 3 177 565 365 366
675 2 2 3 177 565 564 365
676 2 2 3 177 566 366 367
677 2 2 3 177 566 565 366
678 2 2 3 177 567 367 368
679 2 2 3 177 567 566 367
680 2 2 3 177 369 567 368
681 2 2 3 177 569 369 370
682 2 2 3 177 567 369 568
683 2 2 3 177 568 369 569
684 2 2 3 177 570 370 371
685 2 2 3 177 570 569 370
686 2 2 3 177 571 371 372
687 2 2 3 177 571 570 371
688 2 2 3 177 373 571 372
689 2 2 3 177 573 373 374
690 2 2 3 177 373 572 571
691 2 2 3 177 572 373 573
692 2 2 3 177 375 573 374
693 2 2 3 177 573 375 574
694 2 2 3 178 81 71 575
695 2 2 3 178 575 71 495
696 2 2 3 178 466 74 82
697 2 2 3 178 466 82 604
698 2 2 3 178 467 466 604
699 2 2 3 178 603 468 467
700 2 2 3 178 603 467 604
701 2 2 3 178 468 602 469
702 2 2 3 178 603 602 468
703 2 2 3 178 601 470 469
704 2 2 3 178 469 602 601
705 2 2 3 178 470 600 471
706 2 2 3 178 601 600 470
707 2 2 3 178 599 472 471
708 2 2 3 178 471 600 599
709 2 2 3 178 598 473 472
710 2 2 3 178 598 472 599
711 2 2 3 178 474 473 597
712 2 2 3 178 597 473 598
713 2 2 3 178 596 475 474
714 2 2 3 178 474 597 596
715 2 2 3 178 476 475 594
716 2 2 3 178 594 475 595
717 2 2 3 178 595 475 596
718 2 2 3 178 476 593 477
719 2 2 3 178 594 593 476
720 2 2 3 178 477 592 478
721 2 2 3 178 477 593 592
722 2 2 3 178 478 591 479
723 2 2 3 178 592 591 478
724 2 2 3 178 479 590 480
725 2 2 3 178 591 590 479
726 2 2 3 178 481 480 589
727 2 2 3 178 480 590 589
728 2 2 3 178 481 588 482
729 2 2 3 178 589 588 481
730 2 2 3 178 482 587 483
731 2 2 3 178 482 588 587
732 2 2 3 178 483 586 484
733 2 2 3 178 483 587 586
734 2 2 3 178 484 585 485
735 2 2 3 178 484 586 585
736 2 2 3 178 485 584 486
737 2 2 3 178 485 585 584
738 2 2 3 178 486 584 487
739 2 2 3 178 487 583 488
740 2 2 3 178 584 583 487
741 2 2 3 178 488 582 489
742 2 2 3 178 488 583 582
743 2 2 3 178 489 581 490
744 2 2 3 178 489 582 581
745 2 2 3 178 490 580 491
746 2 2 3 178 490 581 580
747 2 2 3 178 491 579 492
748 2 2 3 178 491 580 579
749 2 2 3 178 492 578 493
750 2 2 3 178 492 579 578
751 2 2 3 178 493 577 494
752 2 2 3 178 493 578 577
753 2 2 3 178 494 576 495
754 2 2 3 178 494 577 576
755 2 2 3 178 495 576 575
756 2 2 3 179 81 376 71
757 2 2 3 179 83 72 405
758 2 2 3 179 81 605 376
759 2 2 3 179 405 634 83
760 2 2 3 179 606 377 376
761 2 2 3 179 605 606 376
762 2 2 3 179 607 378 377
763 2 2 3 179 607 377 606
764 2 2 3 179 608 379 378
765 2 2 3 179 608 378 607
766 2 2 3 179 609 380 379
767 2 2 3 179 609 379 608
768 2 2 3 179 381 380 609
769 2 2 3 179 381 610 382
770 2 2 3 179 609 610 381
771 2 2 3 179 382 612 383
772 2 2 3 179 610 611 382
773 2 2 3 179 382 611 612
774 2 2 3 179 383 612 384
775 2 2 3 179 384 614 385
776 2 2 3 179 612 613 384
777 2 2 3 179 384 613 614
778 2 2 3 179 615 386 385
779 2 2 3 179 385 614 615
780 2 2 3 179 387 386 615
781 2 2 3 179 387 617 388
782 2 2 3 179 387 615 616
783 2 2 3 179 387 616 617
784 2 2 3 179 388 618 389
785 2 2 3 179 388 617 618
786 2 2 3 179 389 619 390
787 2 2 3 179 389 618 619
788 2 2 3 179 390 620 391
789 2 2 3 179 390 619 620
790 2 2 3 179 391 621 392
791 2 2 3 179 391 620 621
792 2 2 3 179 392 621 393
793 2 2 3 179 393 623 394
794 2 2 3 179 621 622 393
795 2 2 3 179 393 622 623
796 2 2 3 179 624 395 394
797 2 2 3 179 394 623 624
798 2 2 3 179 625 396 395
799 2 2 3 179 625 395 624
800 2 2 3 179 626 397 396
801 2 2 3 179 626 396 625
802 2 2 3 179 626 398 397
803 2 2 3 179 628 399 398
804 2 2 3 179 626 627 398
805 2 2 3 179 628 398 627
806 2 2 3 179 629 400 399
807 2 2 3 179 629 399 628
808 2 2 3 179 401 400 629
809 2 2 3 179 401 630 402
810 2 2 3 179 629 630 401
811 2 2 3 179 402 631 403
812 2 2 3 179 630 631 402
813 2 2 3 179 403 632 404
814 2 2 3 179 631 632 403
815 2 2 3 179 404 633 405
816 2 2 3 179 632 633 404
817 2 2 3 179 633 634 405
818 2 2 3 180 83 406 72
819 2 2 3 180 84 73 635
820 2 2 3 180 635 73 435
821 2 2 3 180 83 664 406
822 2 2 3 180 406 664 407
823 2 2 3 180 407 663 408
824 2 2 3 180 407 664 663
825 2 2 3 180 662 409 408
826 2 2 3 180 408 663 662
827 2 2 3 180 661 410 409
828 2 2 3 180 661 409 662
829 2 2 3 180 411 410 660
830 2 2 3 180 660 410 661
831 2 2 3 180 412 411 659
832 2 2 3 180 411 660 659
833 2 2 3 180 413 412 658
834 2 2 3 180 658 412 659
835 2 2 3 180 414 413 657
836 2 2 3 180 657 413 658
837 2 2 3 180 415 414 656
838 2 2 3 180 656 414 657
839 2 2 3 180 654 416 415
840 2 2 3 180 654 415 655
841 2 2 3 180 655 415 656
842 2 2 3 180 417 416 653
843 2 2 3 180 653 416 654
844 2 2 3 180 417 652 418
845 2 2 3 180 653 652 417
846 2 2 3 180 418 651 419
847 2 2 3 180 418 652 651
848 2 2 3 180 419 650 420
849 2 2 3 180 651 650 419
850 2 2 3 180 420 649 421
851 2 2 3 180 650 649 420
852 2 2 3 180 421 648 422
853 2 2 3 180 649 648 421
854 2 2 3 180 422 647 423
855 2 2 3 180 648 647 422
856 2 2 3 180 423 646 424
857 2 2 3 180 647 646 423
858 2 2 3 180 645 425 424
859 2 2 3 180 646 645 424
860 2 2 3 180 426 425 644
861 2 2 3 180 644 425 645
862 2 2 3 180 644 427 426
863 2 2 3 180 643 428 427
864 2 2 3 180 643 427 644
865 2 2 3 180 642 429 428
866 2 2 3 180 642 428 643
867 2 2 3 180 641 430 429
868 2 2 3 180 641 429 642
869 2 2 3 180 431 430 640
870 2 2 3 180 640 430 641
871 2 2 3 180 431 639 432
872 2 2 3 180 431 640 639
873 2 2 3 180 432 638 433
874 2 2 3 180 432 639 638
875 2 2 3 180 433 637 434
876 2 2 3 180 433 638 637
877 2 2 3 180 434 635 435
878 2 2 3 180 636 635 434
879 2 2 3 180 434 637 636
880 2 2 3 181 75 522 65
881 2 2 3 181 65 522 323
882 2 2 3 181 66 547 76
883 2 2 3 181 66 348 547
884 2 2 3 181 323 522 324
885 2 2 3 181 324 523 325
886 2 2 3 181 522 523 324
887 2 2 3 181 325 524 326
888 2 2 3 181 523 524 325
889 2 2 3 181 327 326 526
890 2 2 3 181 524 525 326
891 2 2 3 181 326 525 526
892 2 2 3 181 328 327 526
893 2 2 3 181 329 328 527
894 2 2 3 181 527 328 526
895 2 2 3 181 330 329 528
896 2 2 3 181 528 329 527
897 2 2 3 181 331 330 529
898 2 2 3 181 529 330 528
899 2 2 3 181 332 331 530
900 2 2 3 181 530 331 529
901 2 2 3 181 333 332 531
902 2 2 3 181 531 332 530
903 2 2 3 181 533 334 333
904 2 2 3 181 532 333 531
905 2 2 3 181 533 333 532
906 2 2 3 181 534 335 334
907 2 2 3 181 534 334 533
908 2 2 3 181 535 336 335
909 2 2 3 181 535 335 534
910 2 2 3 181 536 337 336
911 2 2 3 181 536 336 535
912 2 2 3 181 537 338 337
913 2 2 3 181 537 337 536
914 2 2 3 181 538 339 338
915 2 2 3 181 538 338 537
916 2 2 3 181 539 340 339
917 2 2 3 181 539 339 538
918 2 2 3 181 540 341 340
919 2 2 3 181 540 340 539
920 2 2 3 181 541 342 341
921 2 2 3 181 541 341 540
922 2 2 3 181 542 343 342
923 2 2 3 181 542 342 541
924 2 2 3 181 543 344 343
925 2 2 3 181 543 343 542
926 2 2 3 181 544 345 344
927 2 2 3 181 544 344 543
928 2 2 3 181 545 346 345
929 2 2 3 181 545 345 544
930 2 2 3 181 546 347 346
931 2 2 3 181 546 346 545
932 2 2 3 181 547 348 347
933 2 2 3 181 547 347 546
934 2 2 3 182 562 69 79
935 2 2 3 182 363 69 562
936 2 2 3 182 363 80 70
937 2 2 3 182 363 562 80
938 2 2 3 183 76 360 66
939 2 2 3 183 349 77 67
940 2 2 3 183 360 76 559
941 2 2 3 183 548 77 349
942 2 2 3 183 549 349 350
943 2 2 3 183 549 548 349
944 2 2 3 183 550 350 351
945 2 2 3 183 550 549 350
946 2 2 3 183 352 550 351
947 2 2 3 183 551 352 353
948 2 2 3 183 551 550 352
949 2 2 3 183 553 353 354
950 2 2 3 183 551 353 552
951 2 2 3 183 552 353 553
952 2 2 3 183 554 354 355
953 2 2 3 183 554 553 354
954 2 2 3 183 555 355 356
955 2 2 3 183 555 554 355
956 2 2 3 183 556 356 357
957 2 2 3 183 556 555 356
958 2 2 3 183 557 357 358
959 2 2 3 183 557 556 357
960 2 2 3 183 558 358 359
961 2 2 3 183 558 557 358
962 2 2 3 183 360 558 359
963 2 2 3 183 558 360 559
964 2 2 3 184 561 68 78
965 2 2 3 184 362 68 561
966 2 2 3 184 362 79 69
967 2 2 3 184 362 561 79
968 2 2 3 185 84 436 73
969 2 2 3 185 82 74 465
970 2 2 3 185 465 694 82
971 2 2 3 185 84 665 436
972 2 2 3 185 666 437 436
973 2 2 3 185 665 666 436
974 2 2 3 185 667 438 437
975 2 2 3 185 667 437 666
976 2 2 3 185 668 439 438
977 2 2 3 185 668 438 667
978 2 2 3 185 669 440 439
979 2 2 3 185 669 439 668
980 2 2 3 185 441 440 669
981 2 2 3 185 441 671 442
982 2 2 3 185 669 670 441
983 2 2 3 185 441 670 671
984 2 2 3 185 442 671 443
985 2 2 3 185 443 672 444
986 2 2 3 185 671 672 443
987 2 2 3 185 444 674 445
988 2 2 3 185 672 673 444
989 2 2 3 185 444 673 674
990 2 2 3 185 675 446 445
991 2 2 3 185 445 674 675
992 2 2 3 185 447 446 675
993 2 2 3 185 447 677 448
994 2 2 3 185 447 675 676
995 2 2 3 185 447 676 677
996 2 2 3 185 448 678 449
997 2 2 3 185 448 677 678
998 2 2 3 185 449 679 450
999 2 2 3 185 449 678 679
1000 2 2 3 185 450 680 451
1001 2 2 3 185 450 679 680
1002 2 2 3 185 451 681 452
1003 2 2 3 185 451 680 681
1004 2 2 3 185 452 681 453
1005 2 2 3 185 683 454 453
1006 2 2 3 185 681 682 453
1007 2 2 3 185 453 682 683
1008 2 2 3 185 684 455 454
1009 2 2 3 185 684 454 683
1010 2 2 3 185 456 455 684
1011 2 2 3 185 686 457 456
1012 2 2 3 185 685 456 684
1013 2 2 3 185 686 456 685
1014 2 2 3 185 686 458 457
1015 2 2 3 185 688 459 458
1016 2 2 3 185 686 687 458
1017 2 2 3 185 688 458 687
1018 2 2 3 185 689 460 459
1019 2 2 3 185 689 459 688
1020 2 2 3 185 461 460 689
1021 2 2 3 185 461 690 462
1022 2 2 3 185 689 690 461
1023 2 2 3 185 462 691 463
1024 2 2 3 185 690 691 462
1025 2 2 3 185 463 692 464
1026 2 2 3 185 691 692 463
1027 2 2 3 185 464 693 465
1028 2 2 3 185 692 693 464
1029 2 2 3 185 693 694 465
1030 2 2 3 186 560 67 77
1031 2 2 3 186 361 67 560
1032 2 2 3 186 361 78 68
1033 2 2 3 186 361 560 78
1034 2 2 11 187 86 85 1270
1035 2 2 11 187 85 87 1270
1036 2 2 11 187 88 86 1270
1037 2 2 11 187 87 88 1270
1038 2 2 11 188 85 86 1272
1039 2 2 11 188 695 85 1272
1040 2 2 11 188 86 696 1272
1041 2 2 11 188 90 89 1271
1042 2 2 11 188 89 695 1271
1043 2 2 11 188 696 90 1271
1044 2 2 11 188 695 696 1271
1045 2 2 11 188 696 695 1272
1046 2 2 11 189 88 87 1274
1047 2 2 11 189 87 697 1274
1048 2 2 11 189 699 88 1274
1049 2 2 11 189 91 92 1273
1050 2 2 11 189 698 91 1273
1051 2 2 11 189 92 700 1273
1052 2 2 11 189 697 698 1275
1053 2 2 11 189 697 699 1274
1054 2 2 11 189 699 697 1275
1055 2 2 11 189 700 698 1273
1056 2 2 11 189 698 700 1275
1057 2 2 11 189 700 699 1275
1058 2 2 10 191 88 1291 86
1059 2 2 10 191 86 1291 696
1060 2 2 10 191 699 1291 88
1061 2 2 10 191 700 92 90
1062 2 2 10 191 90 92 807
1063 2 2 10 191 700 90 696
1064 2 2 10 191 807 912 90
1065 2 2 10 191 811 121 148
1066 2 2 10 191 121 812 148
1067 2 2 10 191 122 147 816
1068 2 2 10 191 817 147 122
1069 2 2 10 191 123 146 821
1070 2 2 10 191 822 146 123
1071 2 2 10 191 124 145 826
1072 2 2 10 191 827 145 124
1073 2 2 10 191 125 144 831
1074 2 2 10 191 832 144 125
1075 2 2 10 191 126 143 836
1076 2 2 10 191 837 143 126
1077 2 2 10 191 127 142 841
1078 2 2 10 191 842 142 127
1079 2 2 10 191 128 141 843
1080 2 2 10 191 844 141 128
1081 2 2 10 191 129 874 140
1082 2 2 10 191 140 875 129
1083 2 2 10 191 129 875 844
1084 2 2 10 191 845 874 129
1085 2 2 10 191 130 139 845
1086 2 2 10 191 139 130 846
1087 2 2 10 191 138 849 131
1088 2 2 10 191 138 131 850
1089 2 2 10 191 137 853 132
1090 2 2 10 191 137 132 854
1091 2 2 10 191 136 857 133
1092 2 2 10 191 858 136 133
1093 2 2 10 191 135 1290 134
1094 2 2 10 191 134 1290 859
1095 2 2 10 191 860 1290 135
1096 2 2 10 191 136 862 857
1097 2 2 10 191 858 861 136
1098 2 2 10 191 137 866 853
1099 2 2 10 191 854 865 137
1100 2 2 10 191 138 870 849
1101 2 2 10 191 850 869 138
1102 2 2 10 191 139 874 845
1103 2 2 10 191 846 873 139
1104 2 2 10 191 141 876 843
1105 2 2 10 191 844 875 141
1106 2 2 10 191 142 878 841
1107 2 2 10 191 842 877 142
1108 2 2 10 191 836 143 883
1109 2 2 10 191 837 882 143
1110 2 2 10 191 831 144 888
1111 2 2 10 191 887 144 832
1112 2 2 10 191 826 145 893
1113 2 2 10 191 892 145 827
1114 2 2 10 191 821 146 898
1115 2 2 10 191 897 146 822
1116 2 2 10 191 816 147 903
1117 2 2 10 191 902 147 817
1118 2 2 10 191 148 908 811
1119 2 2 10 191 812 907 148
1120 2 2 10 191 700 696 699
1121 2 2 10 191 696 1291 699
1122 2 2 10 191 808 912 807
1123 2 2 10 191 809 1286 808
1124 2 2 10 191 911 912 808
1125 2 2 10 191 808 1286 911
1126 2 2 10 191 810 1282 809
1127 2 2 10 191 809 1282 910
1128 2 2 10 191 910 1286 809
1129 2 2 10 191 811 908 810
1130 2 2 10 191 908 909 810
1131 2 2 10 191 909 1282 810
1132 2 2 10 191 813 907 812
1133 2 2 10 191 814 1279 813
1134 2 2 10 191 906 907 813
1135 2 2 10 191 813 1279 906
1136 2 2 10 191 815 1276 814
1137 2 2 10 191 814 1276 905
1138 2 2 10 191 905 1279 814
1139 2 2 10 191 816 903 815
1140 2 2 10 191 903 904 815
1141 2 2 10 191 904 1276 815
1142 2 2 10 191 817 818 902
1143 2 2 10 191 819 1288 818
1144 2 2 10 191 902 818 901
1145 2 2 10 191 818 1288 901
1146 2 2 10 191 820 1284 819
1147 2 2 10 191 819 1284 900
1148 2 2 10 191 900 1288 819
1149 2 2 10 191 821 898 820
1150 2 2 10 191 898 899 820
1151 2 2 10 191 899 1284 820
1152 2 2 10 191 823 897 822
1153 2 2 10 191 824 1280 823
1154 2 2 10 191 896 897 823
1155 2 2 10 191 823 1280 896
1156 2 2 10 191 825 1277 824
1157 2 2 10 191 824 1277 895
1158 2 2 10 191 895 1280 824
1159 2 2 10 191 826 893 825
1160 2 2 10 191 893 894 825
1161 2 2 10 191 894 1277 825
1162 2 2 10 191 828 892 827
1163 2 2 10 191 829 1289 828
1164 2 2 10 191 891 892 828
1165 2 2 10 191 828 1289 891
1166 2 2 10 191 830 1285 829
1167 2 2 10 191 829 1285 890
1168 2 2 10 191 890 1289 829
1169 2 2 10 191 830 831 888
1170 2 2 10 191 889 830 888
1171 2 2 10 191 889 1285 830
1172 2 2 10 191 887 832 833
1173 2 2 10 191 834 1281 833
1174 2 2 10 191 833 886 887
1175 2 2 10 191 833 1281 886
1176 2 2 10 191 835 1278 834
1177 2 2 10 191 834 1278 885
1178 2 2 10 191 885 1281 834
1179 2 2 10 191 836 883 835
1180 2 2 10 191 883 884 835
1181 2 2 10 191 884 1278 835
1182 2 2 10 191 838 882 837
1183 2 2 10 191 839 1287 838
1184 2 2 10 191 881 882 838
1185 2 2 10 191 838 1287 881
1186 2 2 10 191 840 1283 839
1187 2 2 10 191 839 1283 880
1188 2 2 10 191 880 1287 839
1189 2 2 10 191 841 878 840
1190 2 2 10 191 878 879 840
1191 2 2 10 191 879 1283 840
1192 2 2 10 191 843 877 842
1193 2 2 10 191 876 877 843
1194 2 2 10 191 847 873 846
1195 2 2 10 191 848 871 847
1196 2 2 10 191 871 872 847
1197 2 2 10 191 872 873 847
1198 2 2 10 191 849 870 848
1199 2 2 10 191 870 871 848
1200 2 2 10 191 851 869 850
1201 2 2 10 191 852 868 851
1202 2 2 10 191 868 869 851
1203 2 2 10 191 853 866 852
1204 2 2 10 191 866 867 852
1205 2 2 10 191 867 868 852
1206 2 2 10 191 855 865 854
1207 2 2 10 191 856 863 855
1208 2 2 10 191 863 864 855
1209 2 2 10 191 864 865 855
1210 2 2 10 191 857 862 856
1211 2 2 10 191 862 863 856
1212 2 2 10 191 859 861 858
1213 2 2 10 191 860 861 859
1214 2 2 10 191 859 1290 860
1215 2 2 10 191 880 1283 879
1216 2 2 10 191 881 1287 880
1217 2 2 10 191 885 1278 884
1218 2 2 10 191 886 1281 885
1219 2 2 10 191 890 1285 889
1220 2 2 10 191 891 1289 890
1221 2 2 10 191 895 1277 894
1222 2 2 10 191 896 1280 895
1223 2 2 10 191 900 1284 899
1224 2 2 10 191 901 1288 900
1225 2 2 10 191 905 1276 904
1226 2 2 10 191 906 1279 905
1227 2 2 10 191 910 1282 909
1228 2 2 10 191 911 1286 910
1229 2 2 11 192 89 90 1293
1230 2 2 11 192 806 89 1293
1231 2 2 11 192 90 912 1293
1232 2 2 11 192 148 120 1292
1233 2 2 11 192 120 802 1292
1234 2 2 11 192 908 148 1292
1235 2 2 11 192 802 803 1297
1236 2 2 11 192 802 908 1292
1237 2 2 11 192 908 802 1297
1238 2 2 11 192 803 804 1294
1239 2 2 11 192 909 803 1294
1240 2 2 11 192 803 909 1297
1241 2 2 11 192 804 805 1295
1242 2 2 11 192 804 910 1294
1243 2 2 11 192 910 804 1295
1244 2 2 11 192 805 806 1296
1245 2 2 11 192 805 911 1295
1246 2 2 11 192 911 805 1296
1247 2 2 11 192 912 806 1293
1248 2 2 11 192 806 912 1296
1249 2 2 11 192 909 908 1297
1250 2 2 11 192 910 909 1294
1251 2 2 11 192 911 910 1295
1252 2 2 11 192 912 911 1296
1253 2 2 11 193 92 91 1298
1254 2 2 11 193 91 701 1298
1255 2 2 11 193 807 92 1298
1256 2 2 11 193 93 121 1299
1257 2 2 11 193 705 93 1299
1258 2 2 11 193 121 811 1299
1259 2 2 11 193 701 702 1303
1260 2 2 11 193 701 807 1298
1261 2 2 11 193 807 701 1303
1262 2 2 11 193 702 703 1301
1263 2 2 11 193 808 702 1301
1264 2 2 11 193 702 808 1303
1265 2 2 11 193 703 704 1300
1266 2 2 11 193 809 703 1300
1267 2 2 11 193 703 809 1301
1268 2 2 11 193 704 705 1302
1269 2 2 11 193 704 810 1300
1270 2 2 11 193 810 704 1302
1271 2 2 11 193 811 705 1299
1272 2 2 11 193 705 811 1302
1273 2 2 11 193 808 807 1303
1274 2 2 11 193 809 808 1301
1275 2 2 11 193 810 809 1300
1276 2 2 11 193 811 810 1302
1277 2 2 11 194 147 119 1304
1278 2 2 11 194 119 801 1304
1279 2 2 11 194 120 148 1305
1280 2 2 11 194 797 120 1305
1281 2 2 11 194 903 147 1304
1282 2 2 11 194 148 907 1305
1283 2 2 11 194 798 797 1308
1284 2 2 11 194 907 797 1305
1285 2 2 11 194 797 907 1308
1286 2 2 11 194 799 798 1307
1287 2 2 11 194 798 906 1307
1288 2 2 11 194 906 798 1308
1289 2 2 11 194 800 799 1306
1290 2 2 11 194 799 905 1306
1291 2 2 11 194 905 799 1307
1292 2 2 11 194 801 800 1309
1293 2 2 11 194 904 800 1306
1294 2 2 11 194 800 904 1309
1295 2 2 11 194 801 903 1304
1296 2 2 11 194 903 801 1309
1297 2 2 11 194 904 903 1309
1298 2 2 11 194 905 904 1306
1299 2 2 11 194 906 905 1307
1300 2 2 11 194 907 906 1308
1301 2 2 11 195 121 93 1310
1302 2 2 11 195 93 710 1310
1303 2 2 11 195 94 122 1311
1304 2 2 11 195 706 94 1311
1305 2 2 11 195 812 121 1310
1306 2 2 11 195 122 816 1311
1307 2 2 11 195 707 706 1314
1308 2 2 11 195 816 706 1311
1309 2 2 11 195 706 816 1314
1310 2 2 11 195 708 707 1313
1311 2 2 11 195 707 815 1313
1312 2 2 11 195 815 707 1314
1313 2 2 11 195 709 708 1312
1314 2 2 11 195 708 814 1312
1315 2 2 11 195 814 708 1313
1316 2 2 11 195 710 709 1315
1317 2 2 11 195 813 709 1312
1318 2 2 11 195 709 813 1315
1319 2 2 11 195 710 812 1310
1320 2 2 11 195 812 710 1315
1321 2 2 11 195 813 812 1315
1322 2 2 11 195 814 813 1312
1323 2 2 11 195 815 814 1313
1324 2 2 11 195 816 815 1314
1325 2 2 11 196 123 95 1317
1326 2 2 11 196 95 720 1317
1327 2 2 11 196 96 124 1316
1328 2 2 11 196 716 96 1316
1329 2 2 11 196 822 123 1317
1330 2 2 11 196 124 826 1316
1331 2 2 11 196 717 716 1320
1332 2 2 11 196 826 716 1316
1333 2 2 11 196 716 826 1320
1334 2 2 11 196 718 717 1319
1335 2 2 11 196 717 825 1319
1336 2 2 11 196 825 717 1320
1337 2 2 11 196 719 718 1318
1338 2 2 11 196 718 824 1318
1339 2 2 11 196 824 718 1319
1340 2 2 11 196 720 719 1321
1341 2 2 11 196 823 719 1318
1342 2 2 11 196 719 823 1321
1343 2 2 11 196 720 822 1317
1344 2 2 11 196 822 720 1321
1345 2 2 11 196 823 822 1321
1346 2 2 11 196 824 823 1318
1347 2 2 11 196 825 824 1319
1348 2 2 11 196 826 825 1320
1349 2 2 11 197 122 94 1322
1350 2 2 11 197 94 711 1322
1351 2 2 11 197 95 123 1323
1352 2 2 11 197 715 95 1323
1353 2 2 11 197 817 122 1322
1354 2 2 11 197 123 821 1323
1355 2 2 11 197 711 712 1327
1356 2 2 11 197 711 817 1322
1357 2 2 11 197 817 711 1327
1358 2 2 11 197 712 713 1325
1359 2 2 11 197 818 712 1325
1360 2 2 11 197 712 818 1327
1361 2 2 11 197 713 714 1324
1362 2 2 11 197 819 713 1324
1363 2 2 11 197 713 819 1325
1364 2 2 11 197 714 715 1326
1365 2 2 11 197 714 820 1324
1366 2 2 11 197 820 714 1326
1367 2 2 11 197 821 715 1323
1368 2 2 11 197 715 821 1326
1369 2 2 11 197 818 817 1327
1370 2 2 11 197 819 818 1325
1371 2 2 11 197 820 819 1324
1372 2 2 11 197 821 820 1326
1373 2 2 11 198 146 118 1328
1374 2 2 11 198 118 792 1328
1375 2 2 11 198 119 147 1329
1376 2 2 11 198 796 119 1329
1377 2 2 11 198 898 146 1328
1378 2 2 11 198 147 902 1329
1379 2 2 11 198 792 793 1333
1380 2 2 11 198 792 898 1328
1381 2 2 11 198 898 792 1333
1382 2 2 11 198 793 794 1330
1383 2 2 11 198 899 793 1330
1384 2 2 11 198 793 899 1333
1385 2 2 11 198 794 795 1331
1386 2 2 11 198 794 900 1330
1387 2 2 11 198 900 794 1331
1388 2 2 11 198 795 796 1332
1389 2 2 11 198 795 901 1331
1390 2 2 11 198 901 795 1332
1391 2 2 11 198 902 796 1329
1392 2 2 11 198 796 902 1332
1393 2 2 11 198 899 898 1333
1394 2 2 11 198 900 899 1330
1395 2 2 11 198 901 900 1331
1396 2 2 11 198 902 901 1332
1397 2 2 11 199 145 117 1334
1398 2 2 11 199 117 791 1334
1399 2 2 11 199 118 146 1335
1400 2 2 11 199 787 118 1335
1401 2 2 11 199 893 145 1334
1402 2 2 11 199 146 897 1335
1403 2 2 11 199 788 787 1338
1404 2 2 11 199 897 787 1335
1405 2 2 11 199 787 897 1338
1406 2 2 11 199 789 788 1337
1407 2 2 11 199 788 896 1337
1408 2 2 11 199 896 788 1338
1409 2 2 11 199 790 789 1336
1410 2 2 11 199 789 895 1336
1411 2 2 11 199 895 789 1337
1412 2 2 11 199 791 790 1339
1413 2 2 11 199 894 790 1336
1414 2 2 11 199 790 894 1339
1415 2 2 11 199 791 893 1334
1416 2 2 11 199 893 791 1339
1417 2 2 11 199 894 893 1339
1418 2 2 11 199 895 894 1336
1419 2 2 11 199 896 895 1337
1420 2 2 11 199 897 896 1338
1421 2 2 11 200 144 116 1340
1422 2 2 11 200 116 782 1340
1423 2 2 11 200 117 145 1341
1424 2 2 11 200 786 117 1341
1425 2 2 11 200 888 144 1340
1426 2 2 11 200 145 892 1341
1427 2 2 11 200 782 783 1345
1428 2 2 11 200 782 888 1340
1429 2 2 11 200 888 782 1345
1430 2 2 11 200 783 784 1342
1431 2 2 11 200 889 783 1342
1432 2 2 11 200 783 889 1345
1433 2 2 11 200 784 785 1343
1434 2 2 11 200 784 890 1342
1435 2 2 11 200 890 784 1343
1436 2 2 11 200 785 786 1344
1437 2 2 11 200 785 891 1343
1438 2 2 11 200 891 785 1344
1439 2 2 11 200 892 786 1341
1440 2 2 11 200 786 892 1344
1441 2 2 11 200 889 888 1345
1442 2 2 11 200 890 889 1342
1443 2 2 11 200 891 890 1343
1444 2 2 11 200 892 891 1344
1445 2 2 11 201 143 115 1346
1446 2 2 11 201 115 781 1346
1447 2 2 11 201 116 144 1347
1448 2 2 11 201 777 116 1347
1449 2 2 11 201 883 143 1346
1450 2 2 11 201 144 887 1347
1451 2 2 11 201 778 777 1350
1452 2 2 11 201 887 777 1347
1453 2 2 11 201 777 887 1350
1454 2 2 11 201 779 778 1349
1455 2 2 11 201 778 886 1349
1456 2 2 11 201 886 778 1350
1457 2 2 11 201 780 779 1348
1458 2 2 11 201 779 885 1348
1459 2 2 11 201 885 779 1349
1460 2 2 11 201 781 780 1351
1461 2 2 11 201 884 780 1348
1462 2 2 11 201 780 884 1351
1463 2 2 11 201 781 883 1346
1464 2 2 11 201 883 781 1351
1465 2 2 11 201 884 883 1351
1466 2 2 11 201 885 884 1348
1467 2 2 11 201 886 885 1349
1468 2 2 11 201 887 886 1350
1469 2 2 11 202 125 97 1353
1470 2 2 11 202 97 730 1353
1471 2 2 11 202 98 126 1352
1472 2 2 11 202 726 98 1352
1473 2 2 11 202 832 125 1353
1474 2 2 11 202 126 836 1352
1475 2 2 11 202 727 726 1356
1476 2 2 11 202 836 726 1352
1477 2 2 11 202 726 836 1356
1478 2 2 11 202 728 727 1355
1479 2 2 11 202 727 835 1355
1480 2 2 11 202 835 727 1356
1481 2 2 11 202 729 728 1354
1482 2 2 11 202 728 834 1354
1483 2 2 11 202 834 728 1355
1484 2 2 11 202 730 729 1357
1485 2 2 11 202 833 729 1354
1486 2 2 11 202 729 833 1357
1487 2 2 11 202 730 832 1353
1488 2 2 11 202 832 730 1357
1489 2 2 11 202 833 832 1357
1490 2 2 11 202 834 833 1354
1491 2 2 11 202 835 834 1355
1492 2 2 11 202 836 835 1356
1493 2 2 11 203 124 96 1358
1494 2 2 11 203 96 721 1358
1495 2 2 11 203 97 125 1359
1496 2 2 11 203 725 97 1359
1497 2 2 11 203 827 124 1358
1498 2 2 11 203 125 831 1359
1499 2 2 11 203 721 722 1363
1500 2 2 11 203 721 827 1358
1501 2 2 11 203 827 721 1363
1502 2 2 11 203 722 723 1361
1503 2 2 11 203 828 722 1361
1504 2 2 11 203 722 828 1363
1505 2 2 11 203 723 724 1360
1506 2 2 11 203 829 723 1360
1507 2 2 11 203 723 829 1361
1508 2 2 11 203 724 725 1362
1509 2 2 11 203 724 830 1360
1510 2 2 11 203 830 724 1362
1511 2 2 11 203 831 725 1359
1512 2 2 11 203 725 831 1362
1513 2 2 11 203 828 827 1363
1514 2 2 11 203 829 828 1361
1515 2 2 11 203 830 829 1360
1516 2 2 11 203 831 830 1362
1517 2 2 11 204 127 99 1364
1518 2 2 11 204 99 737 1364
1519 2 2 11 204 100 128 1365
1520 2 2 11 204 736 100 1365
1521 2 2 11 204 842 127 1364
1522 2 2 11 204 128 843 1365
1523 2 2 11 204 737 736 1366
1524 2 2 11 204 843 736 1365
1525 2 2 11 204 736 843 1366
1526 2 2 11 204 737 842 1364
1527 2 2 11 204 842 737 1366
1528 2 2 11 204 843 842 1366
1529 2 2 11 205 126 98 1367
1530 2 2 11 205 98 731 1367
1531 2 2 11 205 99 127 1368
1532 2 2 11 205 735 99 1368
1533 2 2 11 205 837 126 1367
1534 2 2 11 205 127 841 1368
1535 2 2 11 205 731 732 1372
1536 2 2 11 205 731 837 1367
1537 2 2 11 205 837 731 1372
1538 2 2 11 205 732 733 1370
1539 2 2 11 205 838 732 1370
1540 2 2 11 205 732 838 1372
1541 2 2 11 205 733 734 1369
1542 2 2 11 205 839 733 1369
1543 2 2 11 205 733 839 1370
1544 2 2 11 205 734 735 1371
1545 2 2 11 205 734 840 1369
1546 2 2 11 205 840 734 1371
1547 2 2 11 205 841 735 1368
1548 2 2 11 205 735 841 1371
1549 2 2 11 205 838 837 1372
1550 2 2 11 205 839 838 1370
1551 2 2 11 205 840 839 1369
1552 2 2 11 205 841 840 1371
1553 2 2 11 206 142 114 1373
1554 2 2 11 206 114 772 1373
1555 2 2 11 206 115 143 1374
1556 2 2 11 206 776 115 1374
1557 2 2 11 206 878 142 1373
1558 2 2 11 206 143 882 1374
1559 2 2 11 206 772 773 1378
1560 2 2 11 206 772 878 1373
1561 2 2 11 206 878 772 1378
1562 2 2 11 206 773 774 1375
1563 2 2 11 206 879 773 1375
1564 2 2 11 206 773 879 1378
1565 2 2 11 206 774 775 1376
1566 2 2 11 206 774 880 1375
1567 2 2 11 206 880 774 1376
1568 2 2 11 206 775 776 1377
1569 2 2 11 206 775 881 1376
1570 2 2 11 206 881 775 1377
1571 2 2 11 206 882 776 1374
1572 2 2 11 206 776 882 1377
1573 2 2 11 206 879 878 1378
1574 2 2 11 206 880 879 1375
1575 2 2 11 206 881 880 1376
1576 2 2 11 206 882 881 1377
1577 2 2 11 207 141 113 1380
1578 2 2 11 207 113 771 1380
1579 2 2 11 207 114 142 1379
1580 2 2 11 207 770 114 1379
1581 2 2 11 207 876 141 1380
1582 2 2 11 207 142 877 1379
1583 2 2 11 207 771 770 1381
1584 2 2 11 207 877 770 1379
1585 2 2 11 207 770 877 1381
1586 2 2 11 207 771 876 1380
1587 2 2 11 207 876 771 1381
1588 2 2 11 207 877 876 1381
1589 2 2 11 208 129 101 1382
1590 2 2 11 208 101 739 1382
1591 2 2 11 208 102 130 1383
1592 2 2 11 208 739 102 1383
1593 2 2 11 208 845 129 1382
1594 2 2 11 208 130 845 1383
1595 2 2 11 208 739 845 1382
1596 2 2 11 208 845 739 1383
1597 2 2 11 209 128 100 1384
1598 2 2 11 209 100 738 1384
1599 2 2 11 209 101 129 1385
1600 2 2 11 209 738 101 1385
1601 2 2 11 209 844 128 1384
1602 2 2 11 209 129 844 1385
1603 2 2 11 209 1384 738 1385
1604 2 2 11 209 844 1384 1385
1605 2 2 11 210 140 112 1386
1606 2 2 11 210 112 769 1386
1607 2 2 11 210 113 141 1387
1608 2 2 11 210 769 113 1387
1609 2 2 11 210 875 140 1386
1610 2 2 11 210 141 875 1387
1611 2 2 11 210 1386 769 1387
1612 2 2 11 210 875 1386 1387
1613 2 2 11 211 139 111 1389
1614 2 2 11 211 111 768 1389
1615 2 2 11 211 112 140 1388
1616 2 2 11 211 768 112 1388
1617 2 2 11 211 874 139 1389
1618 2 2 11 211 140 874 1388
1619 2 2 11 211 874 768 1388
1620 2 2 11 211 768 874 1389
1621 2 2 11 212 138 110 1390
1622 2 2 11 212 110 764 1390
1623 2 2 11 212 111 139 1391
1624 2 2 11 212 767 111 1391
1625 2 2 11 212 870 138 1390
1626 2 2 11 212 139 873 1391
1627 2 2 11 212 764 765 1393
1628 2 2 11 212 764 870 1390
1629 2 2 11 212 870 764 1393
1630 2 2 11 212 765 766 1394
1631 2 2 11 212 765 871 1393
1632 2 2 11 212 871 765 1394
1633 2 2 11 212 766 767 1392
1634 2 2 11 212 872 766 1392
1635 2 2 11 212 766 872 1394
1636 2 2 11 212 873 767 1391
1637 2 2 11 212 767 873 1392
1638 2 2 11 212 871 870 1393
1639 2 2 11 212 872 871 1394
1640 2 2 11 212 873 872 1392
1641 2 2 11 213 137 109 1396
1642 2 2 11 213 109 763 1396
1643 2 2 11 213 110 138 1395
1644 2 2 11 213 760 110 1395
1645 2 2 11 213 866 137 1396
1646 2 2 11 213 138 869 1395
1647 2 2 11 213 761 760 1398
1648 2 2 11 213 869 760 1395
1649 2 2 11 213 760 869 1398
1650 2 2 11 213 762 761 1399
1651 2 2 11 213 868 761 1398
1652 2 2 11 213 761 868 1399
1653 2 2 11 213 763 762 1397
1654 2 2 11 213 762 867 1397
1655 2 2 11 213 867 762 1399
1656 2 2 11 213 763 866 1396
1657 2 2 11 213 866 763 1397
1658 2 2 11 213 867 866 1397
1659 2 2 11 213 868 867 1399
1660 2 2 11 213 869 868 1398
1661 2 2 11 214 131 103 1401
1662 2 2 11 214 103 747 1401
1663 2 2 11 214 104 132 1400
1664 2 2 11 214 744 104 1400
1665 2 2 11 214 850 131 1401
1666 2 2 11 214 132 853 1400
1667 2 2 11 214 745 744 1403
1668 2 2 11 214 853 744 1400
1669 2 2 11 214 744 853 1403
1670 2 2 11 214 746 745 1404
1671 2 2 11 214 852 745 1403
1672 2 2 11 214 745 852 1404
1673 2 2 11 214 747 746 1402
1674 2 2 11 214 746 851 1402
1675 2 2 11 214 851 746 1404
1676 2 2 11 214 747 850 1401
1677 2 2 11 214 850 747 1402
1678 2 2 11 214 851 850 1402
1679 2 2 11 214 852 851 1404
1680 2 2 11 214 853 852 1403
1681 2 2 11 215 130 102 1405
1682 2 2 11 215 102 740 1405
1683 2 2 11 215 103 131 1406
1684 2 2 11 215 743 103 1406
1685 2 2 11 215 846 130 1405
1686 2 2 11 215 131 849 1406
1687 2 2 11 215 740 741 1408
1688 2 2 11 215 740 846 1405
1689 2 2 11 215 846 740 1408
1690 2 2 11 215 741 742 1409
1691 2 2 11 215 741 847 1408
1692 2 2 11 215 847 741 1409
1693 2 2 11 215 742 743 1407
1694 2 2 11 215 848 742 1407
1695 2 2 11 215 742 848 1409
1696 2 2 11 215 849 743 1406
1697 2 2 11 215 743 849 1407
1698 2 2 11 215 847 846 1408
1699 2 2 11 215 848 847 1409
1700 2 2 11 215 849 848 1407
1701 2 2 11 216 133 105 1410
1702 2 2 11 216 105 752 1410
1703 2 2 11 216 106 134 1411
1704 2 2 11 216 753 106 1411
1705 2 2 11 216 858 133 1410
1706 2 2 11 216 134 859 1411
1707 2 2 11 216 752 753 1412
1708 2 2 11 216 752 858 1410
1709 2 2 11 216 858 752 1412
1710 2 2 11 216 859 753 1411
1711 2 2 11 216 753 859 1412
1712 2 2 11 216 859 858 1412
1713 2 2 11 217 132 104 1413
1714 2 2 11 217 104 748 1413
1715 2 2 11 217 105 133 1414
1716 2 2 11 217 751 105 1414
1717 2 2 11 217 854 132 1413
1718 2 2 11 217 133 857 1414
1719 2 2 11 217 748 749 1416
1720 2 2 11 217 748 854 1413
1721 2 2 11 217 854 748 1416
1722 2 2 11 217 749 750 1417
1723 2 2 11 217 749 855 1416
1724 2 2 11 217 855 749 1417
1725 2 2 11 217 750 751 1415
1726 2 2 11 217 856 750 1415
1727 2 2 11 217 750 856 1417
1728 2 2 11 217 857 751 1414
1729 2 2 11 217 751 857 1415
1730 2 2 11 217 855 854 1416
1731 2 2 11 217 856 855 1417
1732 2 2 11 217 857 856 1415
1733 2 2 11 218 136 108 1418
1734 2 2 11 218 108 756 1418
1735 2 2 11 218 109 137 1419
1736 2 2 11 218 759 109 1419
1737 2 2 11 218 862 136 1418
1738 2 2 11 218 137 865 1419
1739 2 2 11 218 756 757 1421
1740 2 2 11 218 756 862 1418
1741 2 2 11 218 862 756 1421
1742 2 2 11 218 757 758 1422
1743 2 2 11 218 757 863 1421
1744 2 2 11 218 863 757 1422
1745 2 2 11 218 758 759 1420
1746 2 2 11 218 864 758 1420
1747 2 2 11 218 758 864 1422
1748 2 2 11 218 865 759 1419
1749 2 2 11 218 759 865 1420
1750 2 2 11 218 863 862 1421
1751 2 2 11 218 864 863 1422
1752 2 2 11 218 865 864 1420
1753 2 2 11 219 135 107 1424
1754 2 2 11 219 107 754 1424
1755 2 2 11 219 108 136 1423
1756 2 2 11 219 755 108 1423
1757 2 2 11 219 860 135 1424
1758 2 2 11 219 136 861 1423
1759 2 2 11 219 754 755 1425
1760 2 2 11 219 754 860 1424
1761 2 2 11 219 860 754 1425
1762 2 2 11 219 861 755 1423
1763 2 2 11 219 755 861 1425
1764 2 2 11 219 861 860 1425
1765 2 2 11 220 106 107 1426
1766 2 2 11 220 134 106 1426
1767 2 2 11 220 107 135 1426
1768 2 2 11 220 135 134 1426
1769 2 2 13 221 150 149 1427
1770 2 2 13 221 149 151 1427
1771 2 2 13 221 152 150 1427
1772 2 2 13 221 151 152 1427
1773 2 2 13 222 149 150 1429
1774 2 2 13 222 914 149 1429
1775 2 2 13 222 150 916 1429
1776 2 2 13 222 154 153 1428
1777 2 2 13 222 153 913 1428
1778 2 2 13 222 915 154 1428
1779 2 2 13 222 913 914 1430
1780 2 2 13 222 913 915 1428
1781 2 2 13 222 915 913 1430
1782 2 2 13 222 916 914 1429
1783 2 2 13 222 914 916 1430
1784 2 2 13 222 916 915 1430
1785 2 2 13 223 152 151 1432
1786 2 2 13 223 151 917 1432
1787 2 2 13 223 919 152 1432
1788 2 2 13 223 155 156 1431
1789 2 2 13 223 918 155 1431
1790 2 2 13 223 156 920 1431
1791 2 2 13 223 917 918 1433
1792 2 2 13 223 917 919 1432
1793 2 2 13 223 919 917 1433
1794 2 2 13 223 920 918 1431
1795 2 2 13 223 918 920 1433
1796 2 2 13 223 920 919 1433
1797 2 2 12 225 152 1435 150
1798 2 2 12 225 150 1435 916
1799 2 2 12 225 919 1435 152
1800 2 2 12 225 156 154 920
1801 2 2 12 225 947 154 156
1802 2 2 12 225 920 154 915
1803 2 2 12 225 972 154 947
1804 2 2 12 225 950 165 172
1805 2 2 12 225 165 951 172
1806 2 2 12 225 166 171 954
1807 2 2 12 225 166 955 171
1808 2 2 12 225 170 958 167
1809 2 2 12 225 167 959 170
1810 2 2 12 225 169 1434 168
1811 2 2 12 225 168 1434 959
1812 2 2 12 225 960 1434 169
1813 2 2 12 225 961 958 170
1814 2 2 12 225 959 960 170
1815 2 2 12 225 954 171 965
1816 2 2 12 225 171 955 964
1817 2 2 12 225 969 950 172
1818 2 2 12 225 172 951 968
1819 2 2 12 225 919 915 916
1820 2 2 12 225 920 915 919
1821 2 2 12 225 916 1435 919
1822 2 2 12 225 972 947 948
1823 2 2 12 225 948 949 970
1824 2 2 12 225 971 948 970
1825 2 2 12 225 972 948 971
1826 2 2 12 225 969 949 950
1827 2 2 12 225 970 949 969
1828 2 2 12 225 951 952 968
1829 2 2 12 225 952 953 967
1830 2 2 12 225 968 952 967
1831 2 2 12 225 953 954 965
1832 2 2 12 225 966 953 965
1833 2 2 12 225 967 953 966
1834 2 2 12 225 955 956 964
1835 2 2 12 225 956 957 962
1836 2 2 12 225 963 956 962
1837 2 2 12 225 964 956 963
1838 2 2 12 225 957 958 961
1839 2 2 12 225 962 957 961
1840 2 2 12 225 959 1434 960
1841 2 2 13 226 153 154 1437
1842 2 2 13 226 946 153 1437
1843 2 2 13 226 154 972 1437
1844 2 2 13 226 172 164 1436
1845 2 2 13 226 164 943 1436
1846 2 2 13 226 969 172 1436
1847 2 2 13 226 943 944 1439
1848 2 2 13 226 943 969 1436
1849 2 2 13 226 969 943 1439
1850 2 2 13 226 944 945 1440
1851 2 2 13 226 944 970 1439
1852 2 2 13 226 970 944 1440
1853 2 2 13 226 945 946 1438
1854 2 2 13 226 971 945 1438
1855 2 2 13 226 945 971 1440
1856 2 2 13 226 972 946 1437
1857 2 2 13 226 946 972 1438
1858 2 2 13 226 970 969 1439
1859 2 2 13 226 971 970 1440
1860 2 2 13 226 972 971 1438
1861 2 2 13 227 156 155 1441
1862 2 2 13 227 155 921 1441
1863 2 2 13 227 947 156 1441
1864 2 2 13 227 157 165 1442
1865 2 2 13 227 924 157 1442
1866 2 2 13 227 165 950 1442
1867 2 2 13 227 921 922 1444
1868 2 2 13 227 921 947 1441
1869 2 2 13 227 947 921 1444
1870 2 2 13 227 922 923 1445
1871 2 2 13 227 922 948 1444
1872 2 2 13 227 948 922 1445
1873 2 2 13 227 923 924 1443
1874 2 2 13 227 949 923 1443
1875 2 2 13 227 923 949 1445
1876 2 2 13 227 950 924 1442
1877 2 2 13 227 924 950 1443
1878 2 2 13 227 948 947 1444
1879 2 2 13 227 949 948 1445
1880 2 2 13 227 950 949 1443
1881 2 2 13 228 171 163 1447
1882 2 2 13 228 163 942 1447
1883 2 2 13 228 164 172 1446
1884 2 2 13 228 939 164 1446
1885 2 2 13 228 965 171 1447
1886 2 2 13 228 172 968 1446
1887 2 2 13 228 940 939 1448
1888 2 2 13 228 968 939 1446
1889 2 2 13 228 939 968 1448
1890 2 2 13 228 941 940 1450
1891 2 2 13 228 967 940 1448
1892 2 2 13 228 940 967 1450
1893 2 2 13 228 942 941 1449
1894 2 2 13 228 941 966 1449
1895 2 2 13 228 966 941 1450
1896 2 2 13 228 942 965 1447
1897 2 2 13 228 965 942 1449
1898 2 2 13 228 966 965 1449
1899 2 2 13 228 967 966 1450
1900 2 2 13 228 968 967 1448
1901 2 2 13 229 165 157 1451
1902 2 2 13 229 157 928 1451
1903 2 2 13 229 158 166 1452
1904 2 2 13 229 925 158 1452
1905 2 2 13 229 951 165 1451
1906 2 2 13 229 166 954 1452
1907 2 2 13 229 926 925 1453
1908 2 2 13 229 954 925 1452
1909 2 2 13 229 925 954 1453
1910 2 2 13 229 927 926 1455
1911 2 2 13 229 953 926 1453
1912 2 2 13 229 926 953 1455
1913 2 2 13 229 928 927 1454
1914 2 2 13 229 927 952 1454
1915 2 2 13 229 952 927 1455
1916 2 2 13 229 928 951 1451
1917 2 2 13 229 951 928 1454
1918 2 2 13 229 952 951 1454
1919 2 2 13 229 953 952 1455
1920 2 2 13 229 954 953 1453
1921 2 2 13 230 167 159 1456
1922 2 2 13 230 159 933 1456
1923 2 2 13 230 160 168 1457
1924 2 2 13 230 933 160 1457
1925 2 2 13 230 959 167 1456
1926 2 2 13 230 168 959 1457
1927 2 2 13 230 933 959 1456
1928 2 2 13 230 959 933 1457
1929 2 2 13 231 166 158 1458
1930 2 2 13 231 158 929 1458
1931 2 2 13 231 159 167 1459
1932 2 2 13 231 932 159 1459
1933 2 2 13 231 955 166 1458
1934 2 2 13 231 167 958 1459
1935 2 2 13 231 929 930 1461
1936 2 2 13 231 929 955 1458
1937 2 2 13 231 955 929 1461
1938 2 2 13 231 930 931 1462
1939 2 2 13 231 930 956 1461
1940 2 2 13 231 956 930 1462
1941 2 2 13 231 931 932 1460
1942 2 2 13 231 957 931 1460
1943 2 2 13 231 931 957 1462
1944 2 2 13 231 958 932 1459
1945 2 2 13 231 932 958 1460
1946 2 2 13 231 956 955 1461
1947 2 2 13 231 957 956 1462
1948 2 2 13 231 958 957 1460
1949 2 2 13 232 170 162 1463
1950 2 2 13 232 162 935 1463
1951 2 2 13 232 163 171 1464
1952 2 2 13 232 938 163 1464
1953 2 2 13 232 961 170 1463
1954 2 2 13 232 171 964 1464
1955 2 2 13 232 935 936 1466
1956 2 2 13 232 935 961 1463
1957 2 2 13 232 961 935 1466
1958 2 2 13 232 936 937 1467
1959 2 2 13 232 936 962 1466
1960 2 2 13 232 962 936 1467
1961 2 2 13 232 937 938 1465
1962 2 2 13 232 963 937 1465
1963 2 2 13 232 937 963 1467
1964 2 2 13 232 964 938 1464
1965 2 2 13 232 938 964 1465
1966 2 2 13 232 962 961 1466
1967 2 2 13 232 963 962 1467
1968 2 2 13 232 964 963 1465
1969 2 2 13 233 169 161 1469
1970 2 2 13 233 161 934 1469
1971 2 2 13 233 162 170 1468
1972 2 2 13 233 934 162 1468
1973 2 2 13 233 960 169 1469
1974 2 2 13 233 170 960 1468
1975 2 2 13 233 960 934 1468
1976 2 2 13 233 934 960 1469
1977 2 2 13 234 160 161 1470
1978 2 2 13 234 168 160 1470
1979 2 2 13 234 161 169 1470
1980 2 2 13 234 169 168 1470
1981 2 2 22 261 1079 197 2616
1982 2 2 22 261 197 1080 2616
1983 2 2 22 261 198 1077 2618
1984 2 2 22 261 1085 198 2618
1985 2 2 22 261 1081 199 2615
1986 2 2 22 261 199 1084 2615
1987 2 2 22 261 1082 200 2617
1988 2 2 22 261 200 1086 2617
1989 2 2 22 261 1077 1078 2614
1990 2 2 22 261 1077 2614 2618
1991 2 2 22 261 1078 1079 2620
1992 2 2 22 261 2614 1078 2620
1993 2 2 22 261 1079 2616 2620
1994 2 2 22 261 1080 1081 2616
1995 2 2 22 261 1081 2615 2616
1996 2 2 22 261 1083 1082 2613
1997 2 2 22 261 2613 1082 2617
1998 2 2 22 261 1084 1083 2619
1999 2 2 22 261 1083 2613 2619
2000 2 2 22 261 2615 1084 2619
2001 2 2 22 261 1086 1085 2618
2002 2 2 22 261 2617 1086 2618
2003 2 2 22 261 2611 2613 2614
2004 2 2 22 261 2613 2611 2619
2005 2 2 22 261 2611 2614 2620
2006 2 2 22 261 2615 2611 2616
2007 2 2 22 261 2611 2615 2619
2008 2 2 22 261 2616 2611 2620
2009 2 2 22 261 2613 2612 2614
2010 2 2 22 261 2612 2613 2617
2011 2 2 22 261 2614 2612 2618
2012 2 2 22 261 2612 2617 2618
2013 2 2 22 262 197 1079 2628
2014 2 2 22 262 1092 197 2628
2015 2 2 22 262 1077 198 2624
2016 2 2 22 262 198 1087 2624
2017 2 2 22 262 1088 201 2623
2018 2 2 22 262 201 1089 2623
2019 2 2 22 262 1091 202 2627
2020 2 2 22 262 202 1093 2627
2021 2 2 22 262 1078 1077 2630
2022 2 2 22 262 1077 2624 2630
2023 2 2 22 262 1079 1078 2626
2024 2 2 22 262 2626 1078 2630
2025 2 2 22 262 1079 2626 2628
2026 2 2 22 262 1087 1088 2624
2027 2 2 22 262 1088 2623 2624
2028 2 2 22 262 1089 1090 2629
2029 2 2 22 262 2623 1089 2629
2030 2 2 22 262 1090 1091 2625
2031 2 2 22 262 1090 2625 2629
2032 2 2 22 262 2625 1091 2627
2033 2 2 22 262 1093 1092 2628
2034 2 2 22 262 2627 1093 2628
2035 2 2 22 262 2623 2621 2624
2036 2 2 22 262 2621 2623 2629
2037 2 2 22 262 2624 2621 2630
2038 2 2 22 262 2621 2625 2626
2039 2 2 22 262 2625 2621 2629
2040 2 2 22 262 2621 2626 2630
2041 2 2 22 262 2625 2622 2626
2042 2 2 22 262 2622 2625 2627
2043 2 2 22 262 2626 2622 2628
2044 2 2 22 262 2622 2627 2628
2045 2 2 22 263 197 2635 1080
2046 2 2 22 263 1092 2635 197
2047 2 2 22 263 1081 2633 199
2048 2 2 22 263 199 2633 1094
2049 2 2 22 263 202 2634 1093
2050 2 2 22 263 1096 2634 202
2051 2 2 22 263 1095 2632 203
2052 2 2 22 263 203 2632 1097
2053 2 2 22 263 1080 2635 1081
2054 2 2 22 263 1081 2635 2633
2055 2 2 22 263 1093 2635 1092
2056 2 2 22 263 2634 2635 1093
2057 2 2 22 263 1094 2633 1095
2058 2 2 22 263 1095 2633 2632
2059 2 2 22 263 1097 2634 1096
2060 2 2 22 263 2632 2634 1097
2061 2 2 22 263 2632 2633 2631
2062 2 2 22 263 2631 2634 2632
2063 2 2 22 263 2633 2635 2631
2064 2 2 22 263 2631 2635 2634
2065 2 2 22 264 199 2643 1084
2066 2 2 22 264 1094 2643 199
2067 2 2 22 264 1082 2639 200
2068 2 2 22 264 200 2639 1098
2069 2 2 22 264 203 2642 1095
2070 2 2 22 264 1102 2642 203
2071 2 2 22 264 1099 2638 204
2072 2 2 22 264 204 2638 1100
2073 2 2 22 264 1083 2645 1082
2074 2 2 22 264 1082 2645 2639
2075 2 2 22 264 1084 2641 1083
2076 2 2 22 264 2641 2645 1083
2077 2 2 22 264 1084 2643 2641
2078 2 2 22 264 1095 2643 1094
2079 2 2 22 264 2642 2643 1095
2080 2 2 22 264 1098 2639 1099
2081 2 2 22 264 1099 2639 2638
2082 2 2 22 264 1100 2644 1101
2083 2 2 22 264 2638 2644 1100
2084 2 2 22 264 1101 2640 1102
2085 2 2 22 264 1101 2644 2640
2086 2 2 22 264 2640 2642 1102
2087 2 2 22 264 2638 2639 2636
2088 2 2 22 264 2636 2644 2638
2089 2 2 22 264 2639 2645 2636
2090 2 2 22 264 2636 2641 2640
2091 2 2 22 264 2640 2644 2636
2092 2 2 22 264 2636 2645 2641
2093 2 2 22 264 2640 2641 2637
2094 2 2 22 264 2637 2642 2640
2095 2 2 22 264 2641 2643 2637
2096 2 2 22 264 2637 2643 2642
2097 2 2 22 265 198 1085 2650
2098 2 2 22 265 1087 198 2650
2099 2 2 22 265 1086 200 2648
2100 2 2 22 265 200 1098 2648
2101 2 2 22 265 201 1088 2649
2102 2 2 22 265 1103 201 2649
2103 2 2 22 265 1099 204 2647
2104 2 2 22 265 204 1104 2647
2105 2 2 22 265 1085 1086 2650
2106 2 2 22 265 1086 2648 2650
2107 2 2 22 265 1088 1087 2650
2108 2 2 22 265 2649 1088 2650
2109 2 2 22 265 1098 1099 2648
2110 2 2 22 265 1099 2647 2648
2111 2 2 22 265 1104 1103 2649
2112 2 2 22 265 2647 1104 2649
2113 2 2 22 265 2647 2646 2648
2114 2 2 22 265 2646 2647 2649
2115 2 2 22 265 2648 2646 2650
2116 2 2 22 265 2646 2649 2650
2117 2 2 22 266 201 2658 1089
2118 2 2 22 266 1103 2658 201
2119 2 2 22 266 1091 2656 202
2120 2 2 22 266 202 2656 1096
2121 2 2 22 266 1097 2655 203
2122 2 2 22 266 203 2655 1102
2123 2 2 22 266 1100 2657 204
2124 2 2 22 266 204 2657 1104
2125 2 2 22 266 1089 2654 1090
2126 2 2 22 266 1089 2658 2654
2127 2 2 22 266 1090 2660 1091
2128 2 2 22 266 2654 2660 1090
2129 2 2 22 266 1091 2660 2656
2130 2 2 22 266 1096 2656 1097
2131 2 2 22 266 1097 2656 2655
2132 2 2 22 266 1101 2653 1100
2133 2 2 22 266 2653 2657 1100
2134 2 2 22 266 1102 2659 1101
2135 2 2 22 266 1101 2659 2653
2136 2 2 22 266 2655 2659 1102
2137 2 2 22 266 1104 2658 1103
2138 2 2 22 266 2657 2658 1104
2139 2 2 22 266 2651 2654 2653
2140 2 2 22 266 2653 2659 2651
2141 2 2 22 266 2651 2660 2654
2142 2 2 22 266 2655 2656 2651
2143 2 2 22 266 2651 2659 2655
2144 2 2 22 266 2656 2660 2651
2145 2 2 22 266 2653 2654 2652
2146 2 2 22 266 2652 2657 2653
2147 2 2 22 266 2654 2658 2652
2148 2 2 22 266 2652 2658 2657
2149 2 2 4 267 53 3 6
2150 2 2 4 267 53 54 3
2151 2 2 4 267 54 55 3
2152 2 2 4 267 3 55 213
2153 2 2 4 267 5 4 2666
2154 2 2 4 267 4 219 2666
2155 2 2 4 267 220 5 2666
2156 2 2 4 267 56 53 6
2157 2 2 4 267 226 56 6
2158 2 2 4 267 55 56 2661
2159 2 2 4 267 213 55 2661
2160 2 2 4 267 56 226 2661
2161 2 2 4 267 214 213 2667
2162 2 2 4 267 226 213 2661
2163 2 2 4 267 213 226 2667
2164 2 2 4 267 215 214 2664
2165 2 2 4 267 214 225 2664
2166 2 2 4 267 225 214 2667
2167 2 2 4 267 216 215 2663
2168 2 2 4 267 215 224 2663
2169 2 2 4 267 224 215 2664
2170 2 2 4 267 217 216 2662
2171 2 2 4 267 216 223 2662
2172 2 2 4 267 223 216 2663
2173 2 2 4 267 218 217 2665
2174 2 2 4 267 222 217 2662
2175 2 2 4 267 217 222 2665
2176 2 2 4 267 219 218 2668
2177 2 2 4 267 221 218 2665
2178 2 2 4 267 218 221 2668
2179 2 2 4 267 219 220 2666
2180 2 2 4 267 220 219 2668
2181 2 2 4 267 221 220 2668
2182 2 2 4 267 222 221 2665
2183 2 2 4 267 223 222 2662
2184 2 2 4 267 224 223 2663
2185 2 2 4 267 225 224 2664
2186 2 2 4 267 226 225 2667
2187 2 2 10 268 33 87 34
2188 2 2 10 268 36 87 33
2189 2 2 10 268 34 697 35
2190 2 2 10 268 87 697 34
2191 2 2 10 268 35 85 36
2192 2 2 10 268 35 695 85
2193 2 2 10 268 697 695 35
2194 2 2 10 268 36 85 87
2195 2 2 10 268 57 107 58
2196 2 2 10 268 60 106 57
2197 2 2 10 268 106 107 57
2198 2 2 10 268 58 2683 59
2199 2 2 10 268 107 754 58
2200 2 2 10 268 754 2683 58
2201 2 2 10 268 59 106 60
2202 2 2 10 268 59 753 106
2203 2 2 10 268 59 2683 753
2204 2 2 10 268 89 698 91
2205 2 2 10 268 91 701 89
2206 2 2 10 268 698 89 695
2207 2 2 10 268 89 701 806
2208 2 2 10 268 120 705 93
2209 2 2 10 268 93 710 120
2210 2 2 10 268 94 119 706
2211 2 2 10 268 711 119 94
2212 2 2 10 268 95 118 715
2213 2 2 10 268 720 118 95
2214 2 2 10 268 96 117 716
2215 2 2 10 268 721 117 96
2216 2 2 10 268 97 116 725
2217 2 2 10 268 730 116 97
2218 2 2 10 268 98 115 726
2219 2 2 10 268 731 115 98
2220 2 2 10 268 99 114 735
2221 2 2 10 268 737 114 99
2222 2 2 10 268 100 113 736
2223 2 2 10 268 738 113 100
2224 2 2 10 268 101 768 112
2225 2 2 10 268 112 769 101
2226 2 2 10 268 101 769 738
2227 2 2 10 268 739 768 101
2228 2 2 10 268 102 111 739
2229 2 2 10 268 111 102 740
2230 2 2 10 268 110 743 103
2231 2 2 10 268 103 747 110
2232 2 2 10 268 744 104 109
2233 2 2 10 268 109 104 748
2234 2 2 10 268 108 751 105
2235 2 2 10 268 105 752 108
2236 2 2 10 268 108 756 751
2237 2 2 10 268 752 755 108
2238 2 2 10 268 109 763 744
2239 2 2 10 268 748 759 109
2240 2 2 10 268 110 764 743
2241 2 2 10 268 747 760 110
2242 2 2 10 268 111 768 739
2243 2 2 10 268 740 767 111
2244 2 2 10 268 113 771 736
2245 2 2 10 268 738 769 113
2246 2 2 10 268 114 772 735
2247 2 2 10 268 737 770 114
2248 2 2 10 268 115 781 726
2249 2 2 10 268 731 776 115
2250 2 2 10 268 116 782 725
2251 2 2 10 268 730 777 116
2252 2 2 10 268 117 791 716
2253 2 2 10 268 721 786 117
2254 2 2 10 268 118 792 715
2255 2 2 10 268 720 787 118
2256 2 2 10 268 706 119 801
2257 2 2 10 268 796 119 711
2258 2 2 10 268 802 705 120
2259 2 2 10 268 120 710 797
2260 2 2 10 268 698 695 697
2261 2 2 10 268 701 702 806
2262 2 2 10 268 703 2681 702
2263 2 2 10 268 806 702 805
2264 2 2 10 268 702 2681 805
2265 2 2 10 268 704 2678 703
2266 2 2 10 268 703 2678 804
2267 2 2 10 268 804 2681 703
2268 2 2 10 268 802 704 705
2269 2 2 10 268 803 704 802
2270 2 2 10 268 803 2678 704
2271 2 2 10 268 801 707 706
2272 2 2 10 268 707 2674 708
2273 2 2 10 268 800 707 801
2274 2 2 10 268 800 2674 707
2275 2 2 10 268 708 2669 709
2276 2 2 10 268 799 2669 708
2277 2 2 10 268 708 2674 799
2278 2 2 10 268 797 710 709
2279 2 2 10 268 797 709 798
2280 2 2 10 268 709 2669 798
2281 2 2 10 268 711 712 796
2282 2 2 10 268 713 2682 712
2283 2 2 10 268 796 712 795
2284 2 2 10 268 712 2682 795
2285 2 2 10 268 714 2677 713
2286 2 2 10 268 713 2677 794
2287 2 2 10 268 794 2682 713
2288 2 2 10 268 715 792 714
2289 2 2 10 268 792 793 714
2290 2 2 10 268 793 2677 714
2291 2 2 10 268 716 791 717
2292 2 2 10 268 717 2672 718
2293 2 2 10 268 717 791 790
2294 2 2 10 268 790 2672 717
2295 2 2 10 268 718 2670 719
2296 2 2 10 268 789 2670 718
2297 2 2 10 268 718 2672 789
2298 2 2 10 268 719 787 720
2299 2 2 10 268 719 788 787
2300 2 2 10 268 719 2670 788
2301 2 2 10 268 722 786 721
2302 2 2 10 268 723 2679 722
2303 2 2 10 268 785 786 722
2304 2 2 10 268 722 2679 785
2305 2 2 10 268 724 2675 723
2306 2 2 10 268 723 2675 784
2307 2 2 10 268 784 2679 723
2308 2 2 10 268 725 782 724
2309 2 2 10 268 782 783 724
2310 2 2 10 268 783 2675 724
2311 2 2 10 268 726 781 727
2312 2 2 10 268 727 2673 728
2313 2 2 10 268 727 781 780
2314 2 2 10 268 780 2673 727
2315 2 2 10 268 728 2671 729
2316 2 2 10 268 779 2671 728
2317 2 2 10 268 728 2673 779
2318 2 2 10 268 729 777 730
2319 2 2 10 268 729 778 777
2320 2 2 10 268 729 2671 778
2321 2 2 10 268 732 776 731
2322 2 2 10 268 733 2680 732
2323 2 2 10 268 775 776 732
2324 2 2 10 268 732 2680 775
2325 2 2 10 268 734 2676 733
2326 2 2 10 268 733 2676 774
2327 2 2 10 268 774 2680 733
2328 2 2 10 268 735 772 734
2329 2 2 10 268 772 773 734
2330 2 2 10 268 773 2676 734
2331 2 2 10 268 736 771 737
2332 2 2 10 268 737 771 770
2333 2 2 10 268 741 767 740
2334 2 2 10 268 742 765 741
2335 2 2 10 268 765 766 741
2336 2 2 10 268 766 767 741
2337 2 2 10 268 743 764 742
2338 2 2 10 268 764 765 742
2339 2 2 10 268 744 763 745
2340 2 2 10 268 745 762 746
2341 2 2 10 268 745 763 762
2342 2 2 10 268 746 760 747
2343 2 2 10 268 746 761 760
2344 2 2 10 268 746 762 761
2345 2 2 10 268 749 759 748
2346 2 2 10 268 750 757 749
2347 2 2 10 268 757 758 749
2348 2 2 10 268 758 759 749
2349 2 2 10 268 751 756 750
2350 2 2 10 268 756 757 750
2351 2 2 10 268 753 755 752
2352 2 2 10 268 754 755 753
2353 2 2 10 268 753 2683 754
2354 2 2 10 268 774 2676 773
2355 2 2 10 268 775 2680 774
2356 2 2 10 268 778 2671 779
2357 2 2 10 268 779 2673 780
2358 2 2 10 268 784 2675 783
2359 2 2 10 268 785 2679 784
2360 2 2 10 268 788 2670 789
2361 2 2 10 268 789 2672 790
2362 2 2 10 268 794 2677 793
2363 2 2 10 268 795 2682 794
2364 2 2 10 268 798 2669 799
2365 2 2 10 268 799 2674 800
2366 2 2 10 268 804 2678 803
2367 2 2 10 268 805 2681 804
2368 2 2 8 269 21 31 22
2369 2 2 8 269 29 21 28
2370 2 2 8 269 29 30 21
2371 2 2 8 269 30 31 21
2372 2 2 8 269 22 32 23
2373 2 2 8 269 31 32 22
2374 2 2 8 269 244 23 28
2375 2 2 8 269 28 23 2685
2376 2 2 8 269 23 32 2685
2377 2 2 8 269 23 244 243
2378 2 2 8 269 24 39 25
2379 2 2 8 269 27 24 243
2380 2 2 8 269 24 27 2684
2381 2 2 8 269 39 24 2684
2382 2 2 8 269 25 37 26
2383 2 2 8 269 37 25 40
2384 2 2 8 269 25 39 40
2385 2 2 8 269 26 38 27
2386 2 2 8 269 37 38 26
2387 2 2 8 269 27 38 2684
2388 2 2 8 269 244 27 243
2389 2 2 8 269 29 28 2685
2390 2 2 8 269 32 29 2685
2391 2 2 8 269 38 39 2684
2392 2 2 12 270 41 160 42
2393 2 2 12 270 44 2686 41
2394 2 2 12 270 41 933 160
2395 2 2 12 270 41 2686 933
2396 2 2 12 270 160 43 42
2397 2 2 12 270 161 44 43
2398 2 2 12 270 160 161 43
2399 2 2 12 270 934 44 161
2400 2 2 12 270 934 2686 44
2401 2 2 12 270 49 149 50
2402 2 2 12 270 52 2687 49
2403 2 2 12 270 914 149 49
2404 2 2 12 270 49 2687 914
2405 2 2 12 270 50 151 51
2406 2 2 12 270 50 149 151
2407 2 2 12 270 51 151 52
2408 2 2 12 270 52 151 917
2409 2 2 12 270 917 2687 52
2410 2 2 12 270 155 153 918
2411 2 2 12 270 921 153 155
2412 2 2 12 270 918 153 913
2413 2 2 12 270 946 153 921
2414 2 2 12 270 157 164 924
2415 2 2 12 270 157 928 164
2416 2 2 12 270 158 163 925
2417 2 2 12 270 158 929 163
2418 2 2 12 270 159 162 932
2419 2 2 12 270 933 162 159
2420 2 2 12 270 932 162 935
2421 2 2 12 270 934 162 933
2422 2 2 12 270 925 163 942
2423 2 2 12 270 163 929 938
2424 2 2 12 270 924 164 943
2425 2 2 12 270 164 928 939
2426 2 2 12 270 917 913 914
2427 2 2 12 270 918 913 917
2428 2 2 12 270 914 2687 917
2429 2 2 12 270 921 922 946
2430 2 2 12 270 944 922 923
2431 2 2 12 270 945 922 944
2432 2 2 12 270 946 922 945
2433 2 2 12 270 923 924 943
2434 2 2 12 270 944 923 943
2435 2 2 12 270 942 926 925
2436 2 2 12 270 941 927 926
2437 2 2 12 270 941 926 942
2438 2 2 12 270 939 928 927
2439 2 2 12 270 939 927 940
2440 2 2 12 270 940 927 941
2441 2 2 12 270 938 929 930
2442 2 2 12 270 930 931 936
2443 2 2 12 270 937 930 936
2444 2 2 12 270 938 930 937
2445 2 2 12 270 935 931 932
2446 2 2 12 270 936 931 935
2447 2 2 12 270 933 2686 934
2448 2 2 6 271 46 9 12
2449 2 2 6 271 46 47 9
2450 2 2 6 271 9 47 227
2451 2 2 6 271 11 10 2693
2452 2 2 6 271 10 233 2693
2453 2 2 6 271 234 11 2693
2454 2 2 6 271 45 46 12
2455 2 2 6 271 48 45 12
2456 2 2 6 271 240 48 12
2457 2 2 6 271 47 48 2688
2458 2 2 6 271 227 47 2688
2459 2 2 6 271 48 240 2688
2460 2 2 6 271 228 227 2694
2461 2 2 6 271 240 227 2688
2462 2 2 6 271 227 240 2694
2463 2 2 6 271 229 228 2691
2464 2 2 6 271 228 239 2691
2465 2 2 6 271 239 228 2694
2466 2 2 6 271 230 229 2690
2467 2 2 6 271 229 238 2690
2468 2 2 6 271 238 229 2691
2469 2 2 6 271 231 230 2689
2470 2 2 6 271 230 237 2689
2471 2 2 6 271 237 230 2690
2472 2 2 6 271 232 231 2692
2473 2 2 6 271 236 231 2689
2474 2 2 6 271 231 236 2692
2475 2 2 6 271 233 232 2695
2476 2 2 6 271 235 232 2692
2477 2 2 6 271 232 235 2695
2478 2 2 6 271 233 234 2693
2479 2 2 6 271 234 233 2695
2480 2 2 6 271 235 234 2695
2481 2 2 6 271 236 235 2692
2482 2 2 6 271 237 236 2689
2483 2 2 6 271 238 237 2690
2484 2 2 6 271 239 238 2691
2485 2 2 6 271 240 239 2694
2486 2 2 20 272 206 2696 205
2487 2 2 20 272 205 2696 212
2488 2 2 20 272 211 2696 206
2489 2 2 20 272 212 2696 211
2490 2 2 21 273 208 2697 207
2491 2 2 21 273 207 2697 210
2492 2 2 21 273 209 2697 208
2493 2 2 21 273 210 2697 209
2494 2 2 5 274 3 1 2703
2495 2 2 5 274 1 1105 2703
2496 2 2 5 274 213 3 2703
2497 2 2 5 274 205 4 2702
2498 2 2 5 274 4 219 2702
2499 2 2 5 274 1111 205 2702
2500 2 2 5 274 214 213 2705
2501 2 2 5 274 1105 213 2703
2502 2 2 5 274 213 1105 2705
2503 2 2 5 274 215 214 2701
2504 2 2 5 274 214 1106 2701
2505 2 2 5 274 1106 214 2705
2506 2 2 5 274 216 215 2699
2507 2 2 5 274 215 1107 2699
2508 2 2 5 274 1107 215 2701
2509 2 2 5 274 217 216 2698
2510 2 2 5 274 216 1108 2698
2511 2 2 5 274 1108 216 2699
2512 2 2 5 274 218 217 2700
2513 2 2 5 274 1109 217 2698
2514 2 2 5 274 217 1109 2700
2515 2 2 5 274 219 218 2704
2516 2 2 5 274 1110 218 2700
2517 2 2 5 274 218 1110 2704
2518 2 2 5 274 219 1111 2702
2519 2 2 5 274 1111 219 2704
2520 2 2 5 274 1105 1106 2705
2521 2 2 5 274 1106 1107 2701
2522 2 2 5 274 1107 1108 2699
2523 2 2 5 274 1108 1109 2698
2524 2 2 5 274 1109 1110 2700
2525 2 2 5 274 1110 1111 2704
2526 2 2 5 275 5 4 2706
2527 2 2 5 275 4 205 2706
2528 2 2 5 275 206 5 2706
2529 2 2 5 275 205 206 2706
2530 2 2 5 276 2 6 2711
2531 2 2 5 276 1118 2 2711
2532 2 2 5 276 5 206 2712
2533 2 2 5 276 220 5 2712
2534 2 2 5 276 6 226 2711
2535 2 2 5 276 206 1112 2712
2536 2 2 5 276 221 220 2714
2537 2 2 5 276 1112 220 2712
2538 2 2 5 276 220 1112 2714
2539 2 2 5 276 222 221 2710
2540 2 2 5 276 221 1113 2710
2541 2 2 5 276 1113 221 2714
2542 2 2 5 276 223 222 2708
2543 2 2 5 276 222 1114 2708
2544 2 2 5 276 1114 222 2710
2545 2 2 5 276 224 223 2707
2546 2 2 5 276 223 1115 2707
2547 2 2 5 276 1115 223 2708
2548 2 2 5 276 225 224 2709
2549 2 2 5 276 1116 224 2707
2550 2 2 5 276 224 1116 2709
2551 2 2 5 276 226 225 2713
2552 2 2 5 276 1117 225 2709
2553 2 2 5 276 225 1117 2713
2554 2 2 5 276 226 1118 2711
2555 2 2 5 276 1118 226 2713
2556 2 2 5 276 1112 1113 2714
2557 2 2 5 276 1113 1114 2710
2558 2 2 5 276 1114 1115 2708
2559 2 2 5 276 1115 1116 2707
2560 2 2 5 276 1116 1117 2709
2561 2 2 5 276 1117 1118 2713
2562 2 2 4 277 1 2 2720
2563 2 2 4 277 1105 1 2720
2564 2 2 4 277 2 1118 2720
2565 2 2 4 277 206 205 2719
2566 2 2 4 277 205 1111 2719
2567 2 2 4 277 1112 206 2719
2568 2 2 4 277 1106 1105 2722
2569 2 2 4 277 1118 1105 2720
2570 2 2 4 277 1105 1118 2722
2571 2 2 4 277 1107 1106 2717
2572 2 2 4 277 1106 1117 2717
2573 2 2 4 277 1117 1106 2722
2574 2 2 4 277 1108 1107 2716
2575 2 2 4 277 1107 1116 2716
2576 2 2 4 277 1116 1107 2717
2577 2 2 4 277 1109 1108 2715
2578 2 2 4 277 1108 1115 2715
2579 2 2 4 277 1115 1108 2716
2580 2 2 4 277 1110 1109 2718
2581 2 2 4 277 1114 1109 2715
2582 2 2 4 277 1109 1114 2718
2583 2 2 4 277 1111 1110 2721
2584 2 2 4 277 1113 1110 2718
2585 2 2 4 277 1110 1113 2721
2586 2 2 4 277 1111 1112 2719
2587 2 2 4 277 1112 1111 2721
2588 2 2 4 277 1113 1112 2721
2589 2 2 4 277 1114 1113 2718
2590 2 2 4 277 1115 1114 2715
2591 2 2 4 277 1116 1115 2716
2592 2 2 4 277 1117 1116 2717
2593 2 2 4 277 1118 1117 2722
2594 2 2 7 278 9 7 2728
2595 2 2 7 278 7 1119 2728
2596 2 2 7 278 227 9 2728
2597 2 2 7 278 207 10 2727
2598 2 2 7 278 10 233 2727
2599 2 2 7 278 1125 207 2727
2600 2 2 7 278 228 227 2730
2601 2 2 7 278 1119 227 2728
2602 2 2 7 278 227 1119 2730
2603 2 2 7 278 229 228 2726
2604 2 2 7 278 228 1120 2726
2605 2 2 7 278 1120 228 2730
2606 2 2 7 278 230 229 2724
2607 2 2 7 278 229 1121 2724
2608 2 2 7 278 1121 229 2726
2609 2 2 7 278 231 230 2723
2610 2 2 7 278 230 1122 2723
2611 2 2 7 278 1122 230 2724
2612 2 2 7 278 232 231 2725
2613 2 2 7 278 1123 231 2723
2614 2 2 7 278 231 1123 2725
2615 2 2 7 278 233 232 2729
2616 2 2 7 278 1124 232 2725
2617 2 2 7 278 232 1124 2729
2618 2 2 7 278 233 1125 2727
2619 2 2 7 278 1125 233 2729
2620 2 2 7 278 1119 1120 2730
2621 2 2 7 278 1120 1121 2726
2622 2 2 7 278 1121 1122 2724
2623 2 2 7 278 1122 1123 2723
2624 2 2 7 278 1123 1124 2725
2625 2 2 7 278 1124 1125 2729
2626 2 2 7 279 11 10 2731
2627 2 2 7 279 10 207 2731
2628 2 2 7 279 208 11 2731
2629 2 2 7 279 207 208 2731
2630 2 2 7 280 8 12 2736
2631 2 2 7 280 1132 8 2736
2632 2 2 7 280 11 208 2737
2633 2 2 7 280 234 11 2737
2634 2 2 7 280 12 240 2736
2635 2 2 7 280 208 1126 2737
2636 2 2 7 280 235 234 2739
2637 2 2 7 280 1126 234 2737
2638 2 2 7 280 234 1126 2739
2639 2 2 7 280 236 235 2735
2640 2 2 7 280 235 1127 2735
2641 2 2 7 280 1127 235 2739
2642 2 2 7 280 237 236 2733
2643 2 2 7 280 236 1128 2733
2644 2 2 7 280 1128 236 2735
2645 2 2 7 280 238 237 2732
2646 2 2 7 280 237 1129 2732
2647 2 2 7 280 1129 237 2733
2648 2 2 7 280 239 238 2734
2649 2 2 7 280 1130 238 2732
2650 2 2 7 280 238 1130 2734
2651 2 2 7 280 240 239 2738
2652 2 2 7 280 1131 239 2734
2653 2 2 7 280 239 1131 2738
2654 2 2 7 280 240 1132 2736
2655 2 2 7 280 1132 240 2738
2656 2 2 7 280 1126 1127 2739
2657 2 2 7 280 1127 1128 2735
2658 2 2 7 280 1128 1129 2733
2659 2 2 7 280 1129 1130 2732
2660 2 2 7 280 1130 1131 2734
2661 2 2 7 280 1131 1132 2738
2662 2 2 6 281 7 8 2745
2663 2 2 6 281 1119 7 2745
2664 2 2 6 281 8 1132 2745
2665 2 2 6 281 208 207 2744
2666 2 2 6 281 207 1125 2744
2667 2 2 6 281 1126 208 2744
2668 2 2 6 281 1120 1119 2746
2669 2 2 6 281 1132 1119 2745
2670 2 2 6 281 1119 1132 2746
2671 2 2 6 281 1121 1120 2742
2672 2 2 6 281 1120 1131 2742
2673 2 2 6 281 1131 1120 2746
2674 2 2 6 281 1122 1121 2741
2675 2 2 6 281 1121 1130 2741
2676 2 2 6 281 1130 1121 2742
2677 2 2 6 281 1123 1122 2740
2678 2 2 6 281 1122 1129 2740
2679 2 2 6 281 1129 1122 2741
2680 2 2 6 281 1124 1123 2743
2681 2 2 6 281 1128 1123 2740
2682 2 2 6 281 1123 1128 2743
2683 2 2 6 281 1125 1124 2747
2684 2 2 6 281 1127 1124 2743
2685 2 2 6 281 1124 1127 2747
2686 2 2 6 281 1125 1126 2744
2687 2 2 6 281 1126 1125 2747
2688 2 2 6 281 1127 1126 2747
2689 2 2 6 281 1128 1127 2743
2690 2 2 6 281 1129 1128 2740
2691 2 2 6 281 1130 1129 2741
2692 2 2 6 281 1131 1130 2742
2693 2 2 6 281 1132 1131 2746
2694 2 2 2 282 63 296 2808
2695 2 2 2 282 496 63 2809
2696 2 2 2 282 2753 63 2808
2697 2 2 2 282 63 2753 2809
2698 2 2 2 282 271 64 2761
2699 2 2 2 282 64 563 2815
2700 2 2 2 282 64 2752 2761
2701 2 2 2 282 2752 64 2815
2702 2 2 2 282 75 521 2810
2703 2 2 2 282 522 75 2811
2704 2 2 2 282 2754 75 2810
2705 2 2 2 282 75 2754 2811
2706 2 2 2 282 76 547 2762
2707 2 2 2 282 559 76 2814
2708 2 2 2 282 2751 76 2762
2709 2 2 2 282 76 2751 2814
2710 2 2 2 282 77 548 2749
2711 2 2 2 282 560 77 2755
2712 2 2 2 282 77 2748 2755
2713 2 2 2 282 2748 77 2816
2714 2 2 2 282 77 2749 2816
2715 2 2 2 282 212 211 78
2716 2 2 2 282 211 561 78
2717 2 2 2 282 560 212 78
2718 2 2 2 282 561 209 79
2719 2 2 2 282 209 562 79
2720 2 2 2 282 80 562 2756
2721 2 2 2 282 574 80 2750
2722 2 2 2 282 2748 80 2756
2723 2 2 2 282 80 2748 2816
2724 2 2 2 282 2750 80 2816
2725 2 2 2 282 81 575 2861
2726 2 2 2 282 605 81 2861
2727 2 2 2 282 604 82 2862
2728 2 2 2 282 82 694 2862
2729 2 2 2 282 83 634 2863
2730 2 2 2 282 664 83 2863
2731 2 2 2 282 84 635 2864
2732 2 2 2 282 665 84 2864
2733 2 2 2 282 210 209 561
2734 2 2 2 282 209 210 2756
2735 2 2 2 282 562 209 2756
2736 2 2 2 282 211 210 561
2737 2 2 2 282 210 211 2756
2738 2 2 2 282 211 212 2755
2739 2 2 2 282 211 2755 2756
2740 2 2 2 282 212 560 2755
2741 2 2 2 282 272 271 2860
2742 2 2 2 282 271 2761 2860
2743 2 2 2 282 273 272 2813
2744 2 2 2 282 2813 272 2860
2745 2 2 2 282 274 273 2791
2746 2 2 2 282 2791 273 2813
2747 2 2 2 282 275 274 2843
2748 2 2 2 282 274 2791 2843
2749 2 2 2 282 276 275 2785
2750 2 2 2 282 2785 275 2843
2751 2 2 2 282 277 276 2834
2752 2 2 2 282 276 2785 2834
2753 2 2 2 282 278 277 2779
2754 2 2 2 282 2779 277 2834
2755 2 2 2 282 279 278 2831
2756 2 2 2 282 278 2779 2831
2757 2 2 2 282 280 279 2775
2758 2 2 2 282 2775 279 2831
2759 2 2 2 282 281 280 2822
2760 2 2 2 282 280 2775 2822
2761 2 2 2 282 282 281 2770
2762 2 2 2 282 2770 281 2822
2763 2 2 2 282 283 282 2848
2764 2 2 2 282 282 2770 2848
2765 2 2 2 282 284 283 2764
2766 2 2 2 282 2764 283 2848
2767 2 2 2 282 285 284 2846
2768 2 2 2 282 284 2764 2846
2769 2 2 2 282 286 285 2766
2770 2 2 2 282 2766 285 2846
2771 2 2 2 282 287 286 2824
2772 2 2 2 282 286 2766 2824
2773 2 2 2 282 288 287 2773
2774 2 2 2 282 2773 287 2824
2775 2 2 2 282 289 288 2829
2776 2 2 2 282 288 2773 2829
2777 2 2 2 282 290 289 2782
2778 2 2 2 282 2782 289 2829
2779 2 2 2 282 291 290 2838
2780 2 2 2 282 290 2782 2838
2781 2 2 2 282 292 291 2788
2782 2 2 2 282 2788 291 2838
2783 2 2 2 282 293 292 2840
2784 2 2 2 282 292 2788 2840
2785 2 2 2 282 294 293 2794
2786 2 2 2 282 2794 293 2840
2787 2 2 2 282 295 294 2819
2788 2 2 2 282 294 2794 2819
2789 2 2 2 282 296 295 2799
2790 2 2 2 282 2799 295 2819
2791 2 2 2 282 296 2799 2808
2792 2 2 2 282 497 496 2796
2793 2 2 2 282 2796 496 2809
2794 2 2 2 282 498 497 2817
2795 2 2 2 282 497 2796 2817
2796 2 2 2 282 499 498 2793
2797 2 2 2 282 2793 498 2817
2798 2 2 2 282 500 499 2841
2799 2 2 2 282 499 2793 2841
2800 2 2 2 282 501 500 2787
2801 2 2 2 282 2787 500 2841
2802 2 2 2 282 502 501 2835
2803 2 2 2 282 501 2787 2835
2804 2 2 2 282 503 502 2781
2805 2 2 2 282 2781 502 2835
2806 2 2 2 282 504 503 2832
2807 2 2 2 282 503 2781 2832
2808 2 2 2 282 505 504 2777
2809 2 2 2 282 2777 504 2832
2810 2 2 2 282 506 505 2821
2811 2 2 2 282 505 2777 2821
2812 2 2 2 282 507 506 2769
2813 2 2 2 282 2769 506 2821
2814 2 2 2 282 508 507 2845
2815 2 2 2 282 507 2769 2845
2816 2 2 2 282 509 508 2763
2817 2 2 2 282 2763 508 2845
2818 2 2 2 282 510 509 2850
2819 2 2 2 282 509 2763 2850
2820 2 2 2 282 511 510 2768
2821 2 2 2 282 2768 510 2850
2822 2 2 2 282 512 511 2826
2823 2 2 2 282 511 2768 2826
2824 2 2 2 282 513 512 2772
2825 2 2 2 282 2772 512 2826
2826 2 2 2 282 514 513 2827
2827 2 2 2 282 513 2772 2827
2828 2 2 2 282 515 514 2778
2829 2 2 2 282 2778 514 2827
2830 2 2 2 282 516 515 2837
2831 2 2 2 282 515 2778 2837
2832 2 2 2 282 517 516 2784
2833 2 2 2 282 2784 516 2837
2834 2 2 2 282 518 517 2844
2835 2 2 2 282 517 2784 2844
2836 2 2 2 282 519 518 2790
2837 2 2 2 282 2790 518 2844
2838 2 2 2 282 520 519 2820
2839 2 2 2 282 519 2790 2820
2840 2 2 2 282 521 520 2798
2841 2 2 2 282 2798 520 2820
2842 2 2 2 282 521 2798 2810
2843 2 2 2 282 523 522 2797
2844 2 2 2 282 2797 522 2811
2845 2 2 2 282 524 523 2818
2846 2 2 2 282 523 2797 2818
2847 2 2 2 282 525 524 2792
2848 2 2 2 282 2792 524 2818
2849 2 2 2 282 526 525 2842
2850 2 2 2 282 525 2792 2842
2851 2 2 2 282 527 526 2786
2852 2 2 2 282 2786 526 2842
2853 2 2 2 282 528 527 2833
2854 2 2 2 282 527 2786 2833
2855 2 2 2 282 529 528 2780
2856 2 2 2 282 2780 528 2833
2857 2 2 2 282 530 529 2830
2858 2 2 2 282 529 2780 2830
2859 2 2 2 282 531 530 2776
2860 2 2 2 282 2776 530 2830
2861 2 2 2 282 532 531 2823
2862 2 2 2 282 531 2776 2823
2863 2 2 2 282 533 532 2771
2864 2 2 2 282 2771 532 2823
2865 2 2 2 282 534 533 2849
2866 2 2 2 282 533 2771 2849
2867 2 2 2 282 535 534 2765
2868 2 2 2 282 2765 534 2849
2869 2 2 2 282 536 535 2847
2870 2 2 2 282 535 2765 2847
2871 2 2 2 282 537 536 2767
2872 2 2 2 282 2767 536 2847
2873 2 2 2 282 538 537 2825
2874 2 2 2 282 537 2767 2825
2875 2 2 2 282 539 538 2774
2876 2 2 2 282 2774 538 2825
2877 2 2 2 282 540 539 2828
2878 2 2 2 282 539 2774 2828
2879 2 2 2 282 541 540 2783
2880 2 2 2 282 2783 540 2828
2881 2 2 2 282 542 541 2836
2882 2 2 2 282 541 2783 2836
2883 2 2 2 282 543 542 2789
2884 2 2 2 282 2789 542 2836
2885 2 2 2 282 544 543 2839
2886 2 2 2 282 543 2789 2839
2887 2 2 2 282 545 544 2795
2888 2 2 2 282 2795 544 2839
2889 2 2 2 282 546 545 2812
2890 2 2 2 282 545 2795 2812
2891 2 2 2 282 547 546 2859
2892 2 2 2 282 546 2812 2859
2893 2 2 2 282 2762 547 2859
2894 2 2 2 282 548 549 2807
2895 2 2 2 282 2749 548 2807
2896 2 2 2 282 549 550 2807
2897 2 2 2 282 550 551 2805
2898 2 2 2 282 550 2805 2807
2899 2 2 2 282 551 552 2851
2900 2 2 2 282 2805 551 2851
2901 2 2 2 282 552 553 2802
2902 2 2 2 282 552 2802 2851
2903 2 2 2 282 553 554 2854
2904 2 2 2 282 2802 553 2854
2905 2 2 2 282 554 555 2801
2906 2 2 2 282 554 2801 2854
2907 2 2 2 282 555 556 2855
2908 2 2 2 282 2801 555 2855
2909 2 2 2 282 556 557 2759
2910 2 2 2 282 556 2759 2855
2911 2 2 2 282 557 558 2858
2912 2 2 2 282 2759 557 2858
2913 2 2 2 282 558 559 2757
2914 2 2 2 282 558 2757 2858
2915 2 2 2 282 2757 559 2814
2916 2 2 2 282 563 564 2758
2917 2 2 2 282 563 2758 2815
2918 2 2 2 282 564 565 2857
2919 2 2 2 282 2758 564 2857
2920 2 2 2 282 565 566 2760
2921 2 2 2 282 565 2760 2857
2922 2 2 2 282 566 567 2856
2923 2 2 2 282 2760 566 2856
2924 2 2 2 282 567 568 2800
2925 2 2 2 282 567 2800 2856
2926 2 2 2 282 568 569 2853
2927 2 2 2 282 2800 568 2853
2928 2 2 2 282 569 570 2803
2929 2 2 2 282 569 2803 2853
2930 2 2 2 282 570 571 2852
2931 2 2 2 282 2803 570 2852
2932 2 2 2 282 571 572 2804
2933 2 2 2 282 571 2804 2852
2934 2 2 2 282 572 573 2806
2935 2 2 2 282 2804 572 2806
2936 2 2 2 282 573 574 2806
2937 2 2 2 282 574 2750 2806
2938 2 2 2 282 575 576 2753
2939 2 2 2 282 575 2753 2861
2940 2 2 2 282 576 577 2809
2941 2 2 2 282 2753 576 2809
2942 2 2 2 282 577 578 2796
2943 2 2 2 282 577 2796 2809
2944 2 2 2 282 578 579 2817
2945 2 2 2 282 2796 578 2817
2946 2 2 2 282 579 580 2793
2947 2 2 2 282 579 2793 2817
2948 2 2 2 282 580 581 2841
2949 2 2 2 282 2793 580 2841
2950 2 2 2 282 581 582 2787
2951 2 2 2 282 581 2787 2841
2952 2 2 2 282 582 583 2835
2953 2 2 2 282 2787 582 2835
2954 2 2 2 282 583 584 2781
2955 2 2 2 282 583 2781 2835
2956 2 2 2 282 584 585 2832
2957 2 2 2 282 2781 584 2832
2958 2 2 2 282 585 586 2777
2959 2 2 2 282 585 2777 2832
2960 2 2 2 282 586 587 2821
2961 2 2 2 282 2777 586 2821
2962 2 2 2 282 587 588 2769
2963 2 2 2 282 587 2769 2821
2964 2 2 2 282 588 589 2845
2965 2 2 2 282 2769 588 2845
2966 2 2 2 282 589 590 2763
2967 2 2 2 282 589 2763 2845
2968 2 2 2 282 590 591 2850
2969 2 2 2 282 2763 590 2850
2970 2 2 2 282 591 592 2768
2971 2 2 2 282 591 2768 2850
2972 2 2 2 282 592 593 2826
2973 2 2 2 282 2768 592 2826
2974 2 2 2 282 593 594 2772
2975 2 2 2 282 593 2772 2826
2976 2 2 2 282 594 595 2827
2977 2 2 2 282 2772 594 2827
2978 2 2 2 282 595 596 2778
2979 2 2 2 282 595 2778 2827
2980 2 2 2 282 596 597 2837
2981 2 2 2 282 2778 596 2837
2982 2 2 2 282 597 598 2784
2983 2 2 2 282 597 2784 2837
2984 2 2 2 282 598 599 2844
2985 2 2 2 282 2784 598 2844
2986 2 2 2 282 599 600 2790
2987 2 2 2 282 599 2790 2844
2988 2 2 2 282 600 601 2820
2989 2 2 2 282 2790 600 2820
2990 2 2 2 282 601 602 2798
2991 2 2 2 282 601 2798 2820
2992 2 2 2 282 602 603 2810
2993 2 2 2 282 2798 602 2810
2994 2 2 2 282 603 604 2754
2995 2 2 2 282 603 2754 2810
2996 2 2 2 282 2754 604 2862
2997 2 2 2 282 606 605 2753
2998 2 2 2 282 2753 605 2861
2999 2 2 2 282 607 606 2808
3000 2 2 2 282 606 2753 2808
3001 2 2 2 282 608 607 2799
3002 2 2 2 282 2799 607 2808
3003 2 2 2 282 609 608 2819
3004 2 2 2 282 608 2799 2819
3005 2 2 2 282 610 609 2794
3006 2 2 2 282 2794 609 2819
3007 2 2 2 282 611 610 2840
3008 2 2 2 282 610 2794 2840
3009 2 2 2 282 612 611 2788
3010 2 2 2 282 2788 611 2840
3011 2 2 2 282 613 612 2838
3012 2 2 2 282 612 2788 2838
3013 2 2 2 282 614 613 2782
3014 2 2 2 282 2782 613 2838
3015 2 2 2 282 615 614 2829
3016 2 2 2 282 614 2782 2829
3017 2 2 2 282 616 615 2773
3018 2 2 2 282 2773 615 2829
3019 2 2 2 282 617 616 2824
3020 2 2 2 282 616 2773 2824
3021 2 2 2 282 618 617 2766
3022 2 2 2 282 2766 617 2824
3023 2 2 2 282 619 618 2846
3024 2 2 2 282 618 2766 2846
3025 2 2 2 282 620 619 2764
3026 2 2 2 282 2764 619 2846
3027 2 2 2 282 621 620 2848
3028 2 2 2 282 620 2764 2848
3029 2 2 2 282 622 621 2770
3030 2 2 2 282 2770 621 2848
3031 2 2 2 282 623 622 2822
3032 2 2 2 282 622 2770 2822
3033 2 2 2 282 624 623 2775
3034 2 2 2 282 2775 623 2822
3035 2 2 2 282 625 624 2831
3036 2 2 2 282 624 2775 2831
3037 2 2 2 282 626 625 2779
3038 2 2 2 282 2779 625 2831
3039 2 2 2 282 627 626 2834
3040 2 2 2 282 626 2779 2834
3041 2 2 2 282 628 627 2785
3042 2 2 2 282 2785 627 2834
3043 2 2 2 282 629 628 2843
3044 2 2 2 282 628 2785 2843
3045 2 2 2 282 630 629 2791
3046 2 2 2 282 2791 629 2843
3047 2 2 2 282 631 630 2813
3048 2 2 2 282 630 2791 2813
3049 2 2 2 282 632 631 2860
3050 2 2 2 282 631 2813 2860
3051 2 2 2 282 633 632 2761
3052 2 2 2 282 2761 632 2860
3053 2 2 2 282 634 633 2752
3054 2 2 2 282 2752 633 2761
3055 2 2 2 282 634 2752 2863
3056 2 2 2 282 635 636 2751
3057 2 2 2 282 635 2751 2864
3058 2 2 2 282 636 637 2814
3059 2 2 2 282 2751 636 2814
3060 2 2 2 282 637 638 2757
3061 2 2 2 282 637 2757 2814
3062 2 2 2 282 638 639 2858
3063 2 2 2 282 2757 638 2858
3064 2 2 2 282 639 640 2759
3065 2 2 2 282 639 2759 2858
3066 2 2 2 282 640 641 2855
3067 2 2 2 282 2759 640 2855
3068 2 2 2 282 641 642 2801
3069 2 2 2 282 641 2801 2855
3070 2 2 2 282 642 643 2854
3071 2 2 2 282 2801 642 2854
3072 2 2 2 282 643 644 2802
3073 2 2 2 282 643 2802 2854
3074 2 2 2 282 644 645 2851
3075 2 2 2 282 2802 644 2851
3076 2 2 2 282 645 646 2805
3077 2 2 2 282 645 2805 2851
3078 2 2 2 282 646 647 2807
3079 2 2 2 282 2805 646 2807
3080 2 2 2 282 647 648 2749
3081 2 2 2 282 647 2749 2807
3082 2 2 2 282 648 649 2749
3083 2 2 2 282 649 650 2816
3084 2 2 2 282 2749 649 2816
3085 2 2 2 282 650 651 2750
3086 2 2 2 282 650 2750 2816
3087 2 2 2 282 651 652 2750
3088 2 2 2 282 652 653 2806
3089 2 2 2 282 2750 652 2806
3090 2 2 2 282 653 654 2804
3091 2 2 2 282 653 2804 2806
3092 2 2 2 282 654 655 2852
3093 2 2 2 282 2804 654 2852
3094 2 2 2 282 655 656 2803
3095 2 2 2 282 655 2803 2852
3096 2 2 2 282 656 657 2853
3097 2 2 2 282 2803 656 2853
3098 2 2 2 282 657 658 2800
3099 2 2 2 282 657 2800 2853
3100 2 2 2 282 658 659 2856
3101 2 2 2 282 2800 658 2856
3102 2 2 2 282 659 660 2760
3103 2 2 2 282 659 2760 2856
3104 2 2 2 282 660 661 2857
3105 2 2 2 282 2760 660 2857
3106 2 2 2 282 661 662 2758
3107 2 2 2 282 661 2758 2857
3108 2 2 2 282 662 663 2815
3109 2 2 2 282 2758 662 2815
3110 2 2 2 282 663 664 2752
3111 2 2 2 282 663 2752 2815
3112 2 2 2 282 2752 664 2863
3113 2 2 2 282 666 665 2751
3114 2 2 2 282 2751 665 2864
3115 2 2 2 282 667 666 2762
3116 2 2 2 282 666 2751 2762
3117 2 2 2 282 668 667 2859
3118 2 2 2 282 667 2762 2859
3119 2 2 2 282 669 668 2812
3120 2 2 2 282 2812 668 2859
3121 2 2 2 282 670 669 2795
3122 2 2 2 282 2795 669 2812
3123 2 2 2 282 671 670 2839
3124 2 2 2 282 670 2795 2839
3125 2 2 2 282 672 671 2789
3126 2 2 2 282 2789 671 2839
3127 2 2 2 282 673 672 2836
3128 2 2 2 282 672 2789 2836
3129 2 2 2 282 674 673 2783
3130 2 2 2 282 2783 673 2836
3131 2 2 2 282 675 674 2828
3132 2 2 2 282 674 2783 2828
3133 2 2 2 282 676 675 2774
3134 2 2 2 282 2774 675 2828
3135 2 2 2 282 677 676 2825
3136 2 2 2 282 676 2774 2825
3137 2 2 2 282 678 677 2767
3138 2 2 2 282 2767 677 2825
3139 2 2 2 282 679 678 2847
3140 2 2 2 282 678 2767 2847
3141 2 2 2 282 680 679 2765
3142 2 2 2 282 2765 679 2847
3143 2 2 2 282 681 680 2849
3144 2 2 2 282 680 2765 2849
3145 2 2 2 282 682 681 2771
3146 2 2 2 282 2771 681 2849
3147 2 2 2 282 683 682 2823
3148 2 2 2 282 682 2771 2823
3149 2 2 2 282 684 683 2776
3150 2 2 2 282 2776 683 2823
3151 2 2 2 282 685 684 2830
3152 2 2 2 282 684 2776 2830
3153 2 2 2 282 686 685 2780
3154 2 2 2 282 2780 685 2830
3155 2 2 2 282 687 686 2833
3156 2 2 2 282 686 2780 2833
3157 2 2 2 282 688 687 2786
3158 2 2 2 282 2786 687 2833
3159 2 2 2 282 689 688 2842
3160 2 2 2 282 688 2786 2842
3161 2 2 2 282 690 689 2792
3162 2 2 2 282 2792 689 2842
3163 2 2 2 282 691 690 2818
3164 2 2 2 282 690 2792 2818
3165 2 2 2 282 692 691 2797
3166 2 2 2 282 2797 691 2818
3167 2 2 2 282 693 692 2811
3168 2 2 2 282 692 2797 2811
3169 2 2 2 282 694 693 2754
3170 2 2 2 282 2754 693 2811
3171 2 2 2 282 694 2754 2862
3172 2 2 2 282 2755 2748 2756
3173 4 2 1 9 29 33 30 1147
3174 4 2 1 9 32 29 1147 2865
3175 4 2 1 9 33 36 1148 2865
3176 4 2 1 9 29 33 1147 2865
3177 4 2 1 9 29 36 33 2865
3178 4 2 1 9 36 29 32 2865
3179 4 2 1 9 31 34 1147 30
3180 4 2 1 9 33 1147 34 30
3181 4 2 1 9 34 1147 35 31
3182 4 2 1 9 32 35 1147 31
3183 4 2 1 9 36 2865 35 1148
3184 4 2 1 9 36 35 2865 32
3185 4 2 1 9 1147 2865 35 32
3186 4 2 1 9 2865 35 34 1147
3187 4 2 1 9 34 35 2865 1148
3188 4 2 1 9 34 33 2865 1147
3189 4 2 1 9 2865 33 34 1148
3190 4 2 1 10 37 38 1149 1150
3191 4 2 1 10 1149 40 37 1150
3192 4 2 1 10 1149 38 39 1150
3193 4 2 1 10 1149 39 40 1150
3194 4 2 1 10 42 39 1150 43
3195 4 2 1 10 43 40 1150 44
3196 4 2 1 10 40 44 37 1150
3197 4 2 1 10 39 42 1150 38
3198 4 2 1 10 40 43 1150 39
3199 4 2 1 10 41 37 44 1150
3200 4 2 1 10 41 38 37 1150
3201 4 2 1 10 41 38 1150 42
3202 4 2 1 11 1151 51 52 1152
3203 4 2 1 11 50 1151 49 1152
3204 4 2 1 11 1151 52 49 1152
3205 4 2 1 11 51 1151 50 1152
3206 4 2 1 11 52 49 45 1151
3207 4 2 1 11 50 1151 46 49
3208 4 2 1 11 46 45 49 1151
3209 4 2 1 11 51 52 48 1151
3210 4 2 1 11 52 45 48 1151
3211 4 2 1 11 47 50 1151 46
3212 4 2 1 11 50 47 1151 51
3213 4 2 1 11 48 47 51 1151
3214 4 2 1 12 57 58 54 1154
3215 4 2 1 12 57 53 60 1154
3216 4 2 1 12 54 53 57 1154
3217 4 2 1 12 59 60 56 1153
3218 4 2 1 12 53 56 60 1153
3219 4 2 1 12 56 55 59 1153
3220 4 2 1 12 58 1154 59 2866
3221 4 2 1 12 54 55 1153 2866
3222 4 2 1 12 55 59 1153 2866
3223 4 2 1 12 55 58 59 2866
3224 4 2 1 12 54 58 55 2866
3225 4 2 1 12 58 54 1154 2866
3226 4 2 1 12 54 2866 53 1154
3227 4 2 1 12 53 2866 54 1153
3228 4 2 1 12 2866 60 53 1154
3229 4 2 1 12 53 60 2866 1153
3230 4 2 1 12 2866 59 60 1154
3231 4 2 1 12 60 59 2866 1153
3232 4 2 14 26 2869 2900 2881 2915
3233 4 2 14 26 1607 1560 1701 2875
3234 4 2 14 26 1488 2869 2867 2915
3235 4 2 14 26 1489 1639 1566 1637
3236 4 2 14 26 1641 1560 1607 2875
3237 4 2 14 26 1482 2867 1488 2869
3238 4 2 14 26 1539 1521 1696 2887
3239 4 2 14 26 1698 1537 1661 2887
3240 4 2 14 26 1698 1669 1537 2887
3241 4 2 14 26 1701 1516 1607 2895
3242 4 2 14 26 1527 2894 1589 2895
3243 4 2 14 26 1488 2867 1710 2915
3244 4 2 14 26 2867 2869 1482 2876
3245 4 2 14 26 1593 1525 1693 2902
3246 4 2 14 26 2869 1486 2900 2915
3247 4 2 14 26 2881 2900 1486 2915
3248 4 2 14 26 1537 1669 1666 2902
3249 4 2 14 26 1488 1486 2869 2915
3250 4 2 14 26 2867 2871 1493 2917
3251 4 2 14 26 1619 1537 1666 2902
3252 4 2 14 26 1482 1488 1486 2869
3253 4 2 14 26 1488 1710 1705 2915
3254 4 2 14 26 1499 2867 1493 2917
3255 4 2 14 26 1664 1555 1530 2886
3256 4 2 14 26 1527 1589 1606 2895
3257 4 2 14 26 1639 1489 1566 1501
3258 4 2 14 26 1701 1560 1694 2875
3259 4 2 14 26 1629 1545 1700 2903
3260 4 2 14 26 1638 1606 1589 2895
3261 4 2 14 26 1607 1561 1641 2882
3262 4 2 14 26 1515 1564 1579 2908
3263 4 2 14 26 1661 1537 1617 2889
3264 4 2 14 26 1507 2868 2915 2917
3265 4 2 14 26 1701 1607 2875 2895
3266 4 2 14 26 1701 1694 1658 2875
3267 4 2 14 26 1541 1703 1586 2892
3268 4 2 14 26 2868 2882 1507 2915
3269 4 2 14 26 1493 2883 2867 2914
3270 4 2 14 26 1584 1698 1661 2887
3271 4 2 14 26 1507 2915 1707 2917
3272 4 2 14 26 1664 2886 1530 2913
3273 4 2 14 26 1700 1631 1526 2892
3274 4 2 14 26 1637 1566 1489 2880
3275 4 2 14 26 1488 1705 1486 2915
3276 4 2 14 26 1687 1622 1570 2918
3277 4 2 14 26 1553 1530 1603 2912
3278 4 2 14 26 1691 1556 1630 2912
3279 4 2 14 26 1664 1530 1657 2913
3280 4 2 14 26 1481 1513 1475 1713
3281 4 2 14 26 1503 1497 1715 1491
3282 4 2 14 26 1486 1492 1480 1714
3283 4 2 14 26 1502 1716 1508 1514
3284 4 2 14 26 1558 1613 1637 2880
3285 4 2 14 26 1493 2867 2880 2914
3286 4 2 14 26 1629 1700 1626 2903
3287 4 2 14 26 1499 1709 2867 2917
3288 4 2 14 26 1617 1537 1619 2889
3289 4 2 14 26 1566 1637 1613 2880
3290 4 2 14 26 1677 1702 1558 2911
3291 4 2 14 26 1669 1698 1578 2887
3292 4 2 14 26 1696 1521 1567 2902
3293 4 2 14 26 1696 2887 1521 2902
3294 4 2 14 26 1559 1701 1658 2895
3295 4 2 14 26 1540 1626 1686 2903
3296 4 2 14 26 1704 1710 2867 2915
3297 4 2 14 26 1584 1578 1698 2887
3298 4 2 14 26 1673 1694 1560 2875
3299 4 2 14 26 1627 1603 1587 2904
3300 4 2 14 26 1561 1645 1479 2882
3301 4 2 14 26 1588 1566 1613 2914
3302 4 2 14 26 1593 1681 1525 2890
3303 4 2 14 26 1524 1596 1682 2905
3304 4 2 14 26 1486 2881 1474 2900
3305 4 2 14 26 1520 1684 1651 2890
3306 4 2 14 26 1679 1670 1517 2905
3307 4 2 14 26 1578 1696 1669 2887
3308 4 2 14 26 1543 1668 1667 2898
3309 4 2 14 26 1578 1539 1696 2887
3310 4 2 14 26 1493 2871 1496 2917
3311 4 2 14 26 1540 1686 1584 2903
3312 4 2 14 26 1578 1686 1539 2887
3313 4 2 14 26 2889 2893 2886 2913
3314 4 2 14 26 2868 2881 2874 2897
3315 4 2 14 26 1561 1479 1511 2882
3316 4 2 14 26 1602 1521 1539 2885
3317 4 2 14 26 1523 1577 1681 2899
3318 4 2 14 26 2867 1704 2915 2917
3319 4 2 14 26 1707 2915 1704 2917
3320 4 2 14 26 1694 1536 1658 2875
3321 4 2 14 26 1670 1576 1683 2906
3322 4 2 14 26 1599 2898 1624 2918
3323 4 2 14 26 1536 1550 1647 2885
3324 4 2 14 26 1613 1702 1519 2904
3325 4 2 14 26 1499 1493 1496 2917
3326 4 2 14 26 1706 1499 1709 2867
3327 4 2 14 26 2868 2875 1507 2882
3328 4 2 14 26 1472 1474 2881 2900
3329 4 2 14 26 1489 1566 1501 2880
3330 4 2 14 26 1534 1518 1652 2909
3331 4 2 14 26 1681 1577 1684 2890
3332 4 2 14 26 1685 1539 1605 2891
3333 4 2 14 26 1493 2871 2867 2883
3334 4 2 14 26 1482 2867 2876 2880
3335 4 2 14 26 1511 1561 1641 1680
3336 4 2 14 26 1507 2875 2868 2917
3337 4 2 14 26 1683 1582 1670 2881
3338 4 2 14 26 1615 1618 1538 2886
3339 4 2 14 26 1539 1685 1602 2885
3340 4 2 14 26 1493 2880 1495 2914
3341 4 2 14 26 1579 2908 1564 2913
3342 4 2 14 26 1475 1507 2882 2915
3343 4 2 14 26 1486 1474 2881 2915
3344 4 2 14 26 1578 1584 1686 2887
3345 4 2 14 26 1613 1558 1702 2880
3346 4 2 14 26 1664 1554 1665 2913
3347 4 2 14 26 1686 1605 1539 2891
3348 4 2 14 26 1570 1571 1636 2908
3349 4 2 14 26 1507 1504 2875 2917
3350 4 2 14 26 1521 1693 1567 2902
3351 4 2 14 26 1692 1676 1595 2907
3352 4 2 14 26 1482 1485 1488 2867
3353 4 2 14 26 1549 1628 1550 2884
3354 4 2 14 26 1600 1564 1615 2913
3355 4 2 14 26 1551 1692 1636 2907
3356 4 2 14 26 1704 1705 1710 2915
3357 4 2 14 26 1511 1561 1505 1641
3358 4 2 14 26 1536 1647 1658 2885
3359 4 2 14 26 1706 1497 1499 2867
3360 4 2 14 26 1521 1602 1642 2885
3361 4 2 14 26 1524 1565 1572 2916
3362 4 2 14 26 1546 1559 1658 2885
3363 4 2 14 26 1488 1485 1710 2867
3364 4 2 14 26 1646 1703 1541 2892
3365 4 2 14 26 1506 2871 2884 2917
3366 4 2 14 26 1593 1523 1681 2896
3367 4 2 14 26 1576 1670 1679 2906
3368 4 2 14 26 1581 1531 1650 2914
3369 4 2 14 26 1664 1665 1555 2886
3370 4 2 14 26 1563 1618 1615 2889
3371 4 2 14 26 1703 1545 1629 2903
3372 4 2 14 26 2870 2867 2883 2914
3373 4 2 14 26 1706 1710 1485 2867
3374 4 2 14 26 1601 1543 1689 2898
3375 4 2 14 26 1507 1475 1707 2915
3376 4 2 14 26 1659 1543 1667 2894
3377 4 2 14 26 1618 1563 1562 2889
3378 4 2 14 26 1573 1689 1643 2894
3379 4 2 14 26 1524 1697 1596 2888
3380 4 2 14 26 1581 1650 2883 2914
3381 4 2 14 26 1673 1550 1536 1509
3382 4 2 14 26 1562 1563 1619 2889
3383 4 2 14 26 1593 2890 1525 2902
3384 4 2 14 26 1689 2898 2894 2918
3385 4 2 14 26 1648 1661 1585 2903
3386 4 2 14 26 1561 1574 1645 2882
3387 4 2 14 26 1506 2884 1504 2917
3388 4 2 14 26 1520 1555 1592 2886
3389 4 2 14 26 1530 2886 2879 2913
3390 4 2 14 26 1704 2867 1709 2917
3391 4 2 14 26 1530 1553 1580 2912
3392 4 2 14 26 1485 2867 1482 2880
3393 4 2 14 26 1493 2867 1497 2880
3394 4 2 14 26 1548 1487 2900 2910
3395 4 2 14 26 1585 1661 1617 2889
3396 4 2 14 26 1611 1557 1535 2909
3397 4 2 14 26 1497 1706 1485 2867
3398 4 2 14 26 1694 1673 1536 2875
3399 4 2 14 26 1562 1592 1618 2902
3400 4 2 14 26 1581 2883 1650 2899
3401 4 2 14 26 1664 1657 1554 2913
3402 4 2 14 26 1501 2880 1566 2914
3403 4 2 14 26 1517 1544 1599 2898
3404 4 2 14 26 1564 1616 1615 2889
3405 4 2 14 26 1631 1700 1545 2892
3406 4 2 14 26 1541 1573 1643 2894
3407 4 2 14 26 1593 1549 1614 2896
3408 4 2 14 26 1691 2907 1556 2912
3409 4 2 14 26 1571 1570 1515 2908
3410 4 2 14 26 1618 1592 1538 2886
3411 4 2 14 26 1703 1646 1545 2892
3412 4 2 14 26 1642 1647 1550 2885
3413 4 2 14 26 1574 1607 1516 2882
3414 4 2 14 26 1511 1561 1680 1479
3415 4 2 14 26 1575 1527 1542 2894
3416 4 2 14 26 1710 1706 1704 2867
3417 4 2 14 26 1585 1586 1648 2903
3418 4 2 14 26 1592 2886 1618 2902
3419 4 2 14 26 1692 1551 1676 2907
3420 4 2 14 26 1497 2867 1485 2880
3421 4 2 14 26 1482 1486 1484 2900
3422 4 2 14 26 1638 2895 1589 2897
3423 4 2 14 26 975 1474 1472 2900
3424 4 2 14 26 1570 1636 2901 2908
3425 4 2 14 26 1506 2884 2871 2896
3426 4 2 14 26 1671 1558 1637 2911
3427 4 2 14 26 1700 1526 1626 2891
3428 4 2 14 26 1574 1516 1638 2882
3429 4 2 14 26 1555 1538 1592 2886
3430 4 2 14 26 1633 1596 1697 2888
3431 4 2 14 26 1515 1585 1564 2893
3432 4 2 14 26 1663 1646 1541 2892
3433 4 2 14 26 1641 2875 1607 2882
3434 4 2 14 26 1609 1663 1542 2892
3435 4 2 14 26 2867 2915 2868 2917
3436 4 2 14 26 1499 1496 1709 2917
3437 4 2 14 26 1709 1704 1706 2867
3438 4 2 14 26 1658 1647 1546 2885
3439 4 2 14 26 1593 1693 2884 2902
3440 4 2 14 26 1703 1586 2892 2903
3441 4 2 14 26 1549 1550 1509 2884
3442 4 2 14 26 1574 1561 1607 2882
3443 4 2 14 26 1692 1594 1636 2901
3444 4 2 14 26 1511 1479 973 2882
3445 4 2 14 26 1669 1696 1567 2902
3446 4 2 14 26 1615 1538 1600 2886
3447 4 2 14 26 1664 1665 2886 2913
3448 4 2 14 26 1482 2880 2876 2911
3449 4 2 14 26 1705 1474 1486 2915
3450 4 2 14 26 1541 1643 1663 2894
3451 4 2 14 26 1493 2871 2883 2899
3452 4 2 14 26 1593 1681 2890 2896
3453 4 2 14 26 1689 1543 1643 2894
3454 4 2 14 26 1484 1486 975 2900
3455 4 2 14 26 1663 1575 1542 2894
3456 4 2 14 26 1564 1585 1616 2889
3457 4 2 14 26 1549 1590 1614 2896
3458 4 2 14 26 1701 2875 1658 2895
3459 4 2 14 26 1582 1649 1670 2897
3460 4 2 14 26 1687 1688 1532 2916
3461 4 2 14 26 1507 1707 1711 2917
3462 4 2 14 26 1490 975 1478 2900
3463 4 2 14 26 1564 2908 2893 2913
3464 4 2 14 26 1636 1594 1570 2901
3465 4 2 14 26 1549 1509 1550 1003
3466 4 2 14 26 1554 1600 1665 2913
3467 4 2 14 26 1597 1577 1523 2899
3468 4 2 14 26 1663 1609 1646 2892
3469 4 2 14 26 1608 1501 995 1566
3470 4 2 14 26 1661 2889 1585 2903
3471 4 2 14 26 1497 1493 1499 2867
3472 4 2 14 26 1550 1628 1642 2884
3473 4 2 14 26 1569 1689 1573 2893
3474 4 2 14 26 1605 1686 1626 2891
3475 4 2 14 26 1610 1556 1660 2912
3476 4 2 14 26 2869 2874 2868 2881
3477 4 2 14 26 1539 2885 1521 2887
3478 4 2 14 26 1615 1616 1563 2889
3479 4 2 14 26 1527 1659 1667 2894
3480 4 2 14 26 1713 1507 1475 1707
3481 4 2 14 26 1706 1715 1497 1485
3482 4 2 14 26 1486 1705 1714 1474
3483 4 2 14 26 1517 2898 1599 2905
3484 4 2 14 26 1528 1638 1589 2897
3485 4 2 14 26 1631 1609 1542 2892
3486 4 2 14 26 2868 2897 2882 2915
3487 4 2 14 26 1589 2895 2894 2897
3488 4 2 14 26 1569 1601 1689 2918
3489 4 2 14 26 1563 1617 1619 2889
3490 4 2 14 26 1606 1638 1516 2895
3491 4 2 14 26 1504 2884 2875 2917
3492 4 2 14 26 2868 2881 2897 2915
3493 4 2 14 26 1600 1699 1564 2913
3494 4 2 14 26 984 1489 1501 2880
3495 4 2 14 26 2886 2889 1618 2902
3496 4 2 14 26 1708 1496 1716 2917
3497 4 2 14 26 1631 1542 1632 2892
3498 4 2 14 26 1515 2893 1564 2908
3499 4 2 14 26 1486 1474 975 2900
3500 4 2 14 26 1508 2871 1496 2896
3501 4 2 14 26 1674 1552 1655 2912
3502 4 2 14 26 1594 1687 1570 2901
3503 4 2 14 26 1626 1540 1629 2903
3504 4 2 14 26 1622 1621 1570 2918
3505 4 2 14 26 1707 1704 1711 2917
3506 4 2 14 26 1496 1708 1709 2917
3507 4 2 14 26 1627 1588 1519 2914
3508 4 2 14 26 1508 1506 2871 2896
3509 4 2 14 26 1623 1568 1622 2916
3510 4 2 14 26 1584 1661 1648 2903
3511 4 2 14 26 1502 1508 1716 1496
3512 4 2 14 26 1475 1513 1507 1713
3513 4 2 14 26 1485 1715 1497 1491
3514 4 2 14 26 1714 1480 1486 1474
3515 4 2 14 26 1582 1678 1649 2920
3516 4 2 14 26 1665 1538 1555 2886
3517 4 2 14 26 1564 2893 2889 2913
3518 4 2 14 26 1558 2880 1637 2911
3519 4 2 14 26 976 1492 1480 1486
3520 4 2 14 26 1514 1508 1502 994
3521 4 2 14 26 1475 974 1513 1481
3522 4 2 14 26 1491 1503 1497 985
3523 4 2 14 26 1495 1493 1497 2880
3524 4 2 14 26 1545 1646 1609 2892
3525 4 2 14 26 1665 1600 1538 2886
3526 4 2 14 26 1561 1505 1641 2882
3527 4 2 14 26 2870 2880 2867 2914
3528 4 2 14 26 1616 1585 1617 2889
3529 4 2 14 26 1656 1685 1605 2891
3530 4 2 14 26 1630 1556 1610 2912
3531 4 2 14 26 1516 2882 1607 2895
3532 4 2 14 26 1580 1655 1657 2913
3533 4 2 14 26 1569 1689 2893 2918
3534 4 2 14 26 1506 1508 2871 2917
3535 4 2 14 26 1633 1518 1662 2910
3536 4 2 14 26 1507 1711 1510 2917
3537 4 2 14 26 1535 1557 1677 2911
3538 4 2 14 26 1647 1642 1602 2885
3539 4 2 14 26 1661 2887 1537 2889
3540 4 2 14 26 1471 1475 2882 2915
3541 4 2 14 26 2868 2875 2884 2917
3542 4 2 14 26 1482 1483 2880 2911
3543 4 2 14 26 1557 2909 1611 2919
3544 4 2 14 26 1619 2889 1537 2902
3545 4 2 14 26 1496 2871 1508 2917
3546 4 2 14 26 1591 1472 1683 2906
3547 4 2 14 26 1594 1688 1687 2901
3548 4 2 14 26 1585 2889 1564 2893
3549 4 2 14 26 1670 2905 1679 2906
3550 4 2 14 26 1685 2885 1539 2891
3551 4 2 14 26 1564 2889 1615 2913
3552 4 2 14 26 1530 1555 1587 2883
3553 4 2 14 26 1614 1523 1593 2896
3554 4 2 14 26 1477 1707 1475 2915
3555 4 2 14 26 1621 1569 1570 2918
3556 4 2 14 26 1599 1533 1624 2898
3557 4 2 14 26 1604 1691 1529 2907
3558 4 2 14 26 1712 1707 1477 2915
3559 4 2 14 26 1511 1505 1561 2882
3560 4 2 14 26 1528 1574 1638 2920
3561 4 2 14 26 1651 1581 1650 2899
3562 4 2 14 26 1544 1667 1668 2898
3563 4 2 14 26 1544 1533 1599 2898
3564 4 2 14 26 1557 1535 2909 2911
3565 4 2 14 26 1505 1507 2875 2882
3566 4 2 14 26 1631 1545 1609 2892
3567 4 2 14 26 1616 1617 1563 2889
3568 4 2 14 26 1623 1565 1568 2916
3569 4 2 14 26 1601 2898 1689 2918
3570 4 2 14 26 1603 1612 1553 2919
3571 4 2 14 26 1594 1692 1688 2901
3572 4 2 14 26 1656 1526 1632 2891
3573 4 2 14 26 1580 1674 1655 2912
3574 4 2 14 26 1549 1593 1628 2884
3575 4 2 14 26 1573 2893 1689 2894
3576 4 2 14 26 1537 2887 1669 2902
3577 4 2 14 26 1507 1510 1504 2917
3578 4 2 14 26 1716 1496 1508 2917
3579 4 2 14 26 1582 1670 2881 2897
3580 4 2 14 26 1478 1598 1490 2900
3581 4 2 14 26 1668 1543 1601 2898
3582 4 2 14 26 1509 1536 1673 2875
3583 4 2 14 26 1520 2886 1592 2890
3584 4 2 14 26 1600 1615 2886 2913
3585 4 2 14 26 973 1507 1505 2882
3586 4 2 14 26 1565 1624 1568 2918
3587 4 2 14 26 1574 1645 2882 2920
3588 4 2 14 26 1522 1596 1625 2906
3589 4 2 14 26 1588 1608 1566 2914
3590 4 2 14 26 1692 1595 1688 2901
3591 4 2 14 26 1584 2887 1661 2903
3592 4 2 14 26 1669 2887 1696 2902
3593 4 2 14 26 1546 1602 1685 2885
3594 4 2 14 26 1624 1533 1620 2918
3595 4 2 14 26 1543 2894 1689 2898
3596 4 2 14 26 2883 2899 1581 2914
3597 4 2 14 26 1557 2904 2909 2919
3598 4 2 14 26 1506 1504 1508 2917
3599 4 2 14 26 1570 2893 1515 2908
3600 4 2 14 26 1596 1682 2905 2906
3601 4 2 14 26 1634 2900 1478 2906
3602 4 2 14 26 2893 2901 1570 2918
3603 4 2 14 26 1512 1590 1549 2896
3604 4 2 14 26 1638 2882 1516 2895
3605 4 2 14 26 1548 2900 1633 2910
3606 4 2 14 26 1687 1570 2901 2918
3607 4 2 14 26 2904 2878 2909 2919
3608 4 2 14 26 1689 2894 2893 2918
3609 4 2 14 26 1618 2886 1615 2889
3610 4 2 14 26 1535 1583 1611 2909
3611 4 2 14 26 984 1495 1497 2880
3612 4 2 14 26 1581 1498 1531 2914
3613 4 2 14 26 1524 1572 1697 2888
3614 4 2 14 26 1704 1709 1708 2917
3615 4 2 14 26 1622 1687 1532 2916
3616 4 2 14 26 1595 1652 1688 2901
3617 4 2 14 26 1670 2897 1517 2905
3618 4 2 14 26 1659 1643 1543 2894
3619 4 2 14 26 1555 2883 1530 2886
3620 4 2 14 26 1707 1712 1704 2915
3621 4 2 14 26 2869 2877 2878 2893
3622 4 2 14 26 1576 1591 1683 2906
3623 4 2 14 26 1693 1628 1593 2884
3624 4 2 14 26 1559 1658 2885 2895
3625 4 2 14 26 1472 1478 975 2900
3626 4 2 14 26 1472 2900 2881 2906
3627 4 2 14 26 1683 1476 1582 2881
3628 4 2 14 26 1642 1550 2884 2885
3629 4 2 14 26 1553 1675 1580 2912
3630 4 2 14 26 1636 1635 1551 2907
3631 4 2 14 26 1531 1587 1650 2914
3632 4 2 14 26 2876 2904 2878 2909
3633 4 2 14 26 1684 1520 1592 2890
3634 4 2 14 26 1570 2901 2893 2908
3635 4 2 14 26 1524 2888 1596 2905
3636 4 2 14 26 1573 1541 1586 2893
3637 4 2 14 26 1473 1479 1645 2882
3638 4 2 14 26 2873 2874 2868 2893
3639 4 2 14 26 1653 1572 1565 2916
3640 4 2 14 26 1475 973 1473 2882
3641 4 2 14 26 1485 1483 984 2880
3642 4 2 14 26 1475 1507 973 2882
3643 4 2 14 26 1686 2887 1584 2903
3644 4 2 14 26 1699 1579 1564 2913
3645 4 2 14 26 1554 1657 1655 2913
3646 4 2 14 26 1548 1547 1633 2900
3647 4 2 14 26 1686 1539 2887 2891
3648 4 2 14 26 1670 1683 2881 2906
3649 4 2 14 26 1562 1618 2889 2902
3650 4 2 14 26 1666 1669 1567 2902
3651 4 2 14 26 1498 1581 2899 2914
3652 4 2 14 26 1497 1485 984 2880
3653 4 2 14 26 1550 1509 2884 2885
3654 4 2 14 26 1545 2892 1700 2903
3655 4 2 14 26 1628 1521 1642 2884
3656 4 2 14 26 1654 1604 1529 2907
3657 4 2 14 26 1605 1626 1526 2891
3658 4 2 14 26 2886 2889 2872 2893
3659 4 2 14 26 1548 1484 1547 2900
3660 4 2 14 26 1521 2884 1693 2902
3661 4 2 14 26 1548 1633 1662 2910
3662 4 2 14 26 2872 2873 2868 2893
3663 4 2 14 26 1523 1681 2896 2899
3664 4 2 14 26 1483 1485 1482 2880
3665 4 2 14 26 2879 2883 1530 2904
3666 4 2 14 26 1521 1628 1693 2884
3667 4 2 14 26 1620 1601 1569 2918
3668 4 2 14 26 1559 1656 1632 2895
3669 4 2 14 26 973 1505 1511 2882
3670 4 2 14 26 1549 1512 1002 1590
3671 4 2 14 26 1705 1704 1712 2915
3672 4 2 14 26 1536 1658 2875 2885
3673 4 2 14 26 1672 1487 1548 2910
3674 4 2 14 26 1648 1540 1584 2903
3675 4 2 14 26 1478 2900 1472 2906
3676 4 2 14 26 1585 2893 1586 2903
3677 4 2 14 26 1536 2875 1550 2885
3678 4 2 14 26 1636 2907 2901 2908
3679 4 2 14 26 1703 1648 1586 2903
3680 4 2 14 26 1649 1517 1670 2897
3681 4 2 14 26 1554 1699 1600 2913
3682 4 2 14 26 1597 1523 1640 2896
3683 4 2 14 26 1652 2901 2888 2916
3684 4 2 14 26 1592 1562 1525 2902
3685 4 2 14 26 1569 1515 1570 2893
3686 4 2 14 26 1517 2897 1544 2898
3687 4 2 14 26 1593 2884 2890 2902
3688 4 2 14 26 1575 1659 1527 2894
3689 4 2 14 26 1543 1667 2894 2898
3690 4 2 14 26 1637 1489 1483 2880
3691 4 2 14 26 2879 2886 2872 2893
3692 4 2 14 26 2870 2872 2868 2893
3693 4 2 14 26 993 1508 1496 2896
3694 4 2 14 26 1654 1676 1604 2907
3695 4 2 14 26 1569 2893 1570 2918
3696 4 2 14 26 1471 2881 1474 2915
3697 4 2 14 26 1515 1586 1585 2893
3698 4 2 14 26 1566 2880 1613 2914
3699 4 2 14 26 1705 1712 1474 2915
3700 4 2 14 26 1666 1562 1619 2902
3701 4 2 14 26 1517 1599 1679 2905
3702 4 2 14 26 1479 1473 973 2882
3703 4 2 14 26 1700 2891 1626 2903
3704 4 2 14 26 1607 2882 2875 2895
3705 4 2 14 26 1634 1598 1478 2900
3706 4 2 14 26 1515 1579 1571 2908
3707 4 2 14 26 1548 1484 987 1547
3708 4 2 14 26 1536 1509 1550 2875
3709 4 2 14 26 1700 1526 2891 2892
3710 4 2 14 26 1518 1633 1697 2888
3711 4 2 14 26 1572 1652 1518 2888
3712 4 2 14 26 1647 1602 1546 2885
3713 4 2 14 26 1565 2916 2905 2918
3714 4 2 14 26 2867 2871 2870 2883
3715 4 2 14 26 1634 1522 1625 2906
3716 4 2 14 26 984 1501 1495 2880
3717 4 2 14 26 2872 2885 2873 2887
3718 4 2 14 26 1552 1579 1655 2913
3719 4 2 14 26 1484 975 1490 2900
3720 4 2 14 26 2869 2881 2868 2915
3721 4 2 14 26 1613 2880 1702 2904
3722 4 2 14 26 1656 2891 1632 2895
3723 4 2 14 26 1510 1711 1708 2917
3724 4 2 14 26 2874 2877 2869 2893
3725 4 2 14 26 1572 1653 1652 2916
3726 4 2 14 26 979 1683 1591 1472
3727 4 2 14 26 1559 1516 1701 2895
3728 4 2 14 26 2868 2884 2871 2917
3729 4 2 14 26 1587 1520 1650 2883
3730 4 2 14 26 1508 993 1506 2896
3731 4 2 14 26 2867 2869 2868 2915
3732 4 2 14 26 1635 1571 1556 2908
3733 4 2 14 26 2868 2867 2871 2872
3734 4 2 14 26 1580 1675 1674 2912
3735 4 2 14 26 1695 1597 997 2899
3736 4 2 14 26 1489 984 1483 2880
3737 4 2 14 26 1634 1625 1598 2900
3738 4 2 14 26 1496 2871 1494 2896
3739 4 2 14 26 2868 2871 2867 2917
3740 4 2 14 26 1509 2875 1504 2884
3741 4 2 14 26 1477 1474 1712 2915
3742 4 2 14 26 1702 2880 1558 2911
3743 4 2 14 26 1548 1487 1484 2900
3744 4 2 14 26 1497 1485 985 984
3745 4 2 14 26 1486 976 975 1474
3746 4 2 14 26 994 993 1508 1496
3747 4 2 14 26 973 1475 974 1507
3748 4 2 14 26 1573 1541 2893 2894
3749 4 2 14 26 1587 1555 1520 2883
3750 4 2 14 26 1530 2883 2879 2886
3751 4 2 14 26 1660 1552 1674 2912
3752 4 2 14 26 1672 1548 1690 2910
3753 4 2 14 26 1626 2891 1686 2903
3754 4 2 14 26 1572 1652 2888 2916
3755 4 2 14 26 996 1531 1581 1498
3756 4 2 14 26 1476 2881 1471 2920
3757 4 2 14 26 1532 1623 1622 2916
3758 4 2 14 26 1518 1534 1583 2909
3759 4 2 14 26 1581 1695 1498 2899
3760 4 2 14 26 1678 1528 1649 2920
3761 4 2 14 26 1676 1654 1534 2909
3762 4 2 14 26 1713 1475 981 1707
3763 4 2 14 26 1705 990 1486 1714
3764 4 2 14 26 1497 999 1715 1706
3765 4 2 14 26 2894 2895 2874 2897
3766 4 2 14 26 1509 1506 1549 2884
3767 4 2 14 26 1473 1471 1475 2882
3768 4 2 14 26 1608 1531 996 2914
3769 4 2 14 26 1524 2905 1565 2916
3770 4 2 14 26 1520 2890 1651 2899
3771 4 2 14 26 2870 2876 2867 2880
3772 4 2 14 26 1593 2884 1549 2896
3773 4 2 14 26 2879 2912 1530 2913
3774 4 2 14 26 1541 2892 1586 2893
3775 4 2 14 26 1525 1681 1684 2890
3776 4 2 14 26 1635 1556 1691 2907
3777 4 2 14 26 2893 2901 2878 2908
3778 4 2 14 26 1521 2887 2884 2902
3779 4 2 14 26 1529 1654 2907 2919
3780 4 2 14 26 1585 2889 2893 2903
3781 4 2 14 26 1676 2907 1654 2909
3782 4 2 14 26 1576 1679 1682 2906
3783 4 2 14 26 1557 2909 2904 2911
3784 4 2 14 26 1528 1638 2897 2920
3785 4 2 14 26 1651 2890 1684 2899
3786 4 2 14 26 1541 1663 2892 2894
3787 4 2 14 26 1575 1663 1643 2894
3788 4 2 14 26 1600 2886 1665 2913
3789 4 2 14 26 1551 1604 1676 2907
3790 4 2 14 26 1672 1690 1535 2910
3791 4 2 14 26 1509 1504 1506 2884
3792 4 2 14 26 993 1496 1494 2896
3793 4 2 14 26 1692 1595 2901 2907
3794 4 2 14 26 1557 1611 1612 2919
3795 4 2 14 26 1655 1579 1699 2913
3796 4 2 14 26 983 1714 1705 1474
3797 4 2 14 26 1715 1706 992 1485
3798 4 2 14 26 1708 1716 1496 1001
3799 4 2 14 26 1008 1507 1713 1707
3800 4 2 14 26 2881 2888 2905 2906
3801 4 2 14 26 1493 1495 1498 2914
3802 4 2 14 26 2892 2894 1542 2895
3803 4 2 14 26 1627 1519 2904 2914
3804 4 2 14 26 1587 2883 1650 2914
3805 4 2 14 26 2876 2900 1487 2910
3806 4 2 14 26 1520 2883 1555 2886
3807 4 2 14 26 1634 1625 2900 2906
3808 4 2 14 26 1501 1495 2880 2914
3809 4 2 14 26 1471 2882 1473 2920
3810 4 2 14 26 1518 2888 1652 2909
3811 4 2 14 26 1663 1542 2892 2894
3812 4 2 14 26 1507 1504 1505 2875
3813 4 2 14 26 1659 1575 1643 2894
3814 4 2 14 26 1528 1589 1649 2897
3815 4 2 14 26 1522 1682 1596 2906
3816 4 2 14 26 1627 1519 1603 2904
3817 4 2 14 26 1549 1509 1003 1506
3818 4 2 14 26 1652 1532 1688 2916
3819 4 2 14 26 1582 1649 2897 2920
3820 4 2 14 26 1679 1524 1682 2905
3821 4 2 14 26 2870 2878 2876 2904
3822 4 2 14 26 1493 1498 1494 2899
3823 4 2 14 26 1651 1684 1577 2899
3824 4 2 14 26 1493 1494 2871 2899
3825 4 2 14 26 1484 1548 987 1487
3826 4 2 14 26 1699 1554 1655 2913
3827 4 2 14 26 1572 1518 1697 2888
3828 4 2 14 26 1635 1556 2907 2908
3829 4 2 14 26 1656 1605 1526 2891
3830 4 2 14 26 1552 1655 2912 2913
3831 4 2 14 26 1550 2875 1509 2885
3832 4 2 14 26 1577 2890 1681 2899
3833 4 2 14 26 1473 2882 1645 2920
3834 4 2 14 26 1640 1523 1614 2896
3835 4 2 14 26 2885 2887 1539 2891
3836 4 2 14 26 1703 2892 1545 2903
3837 4 2 14 26 1693 1525 1567 2902
3838 4 2 14 26 1629 1648 1703 2903
3839 4 2 14 26 1601 1620 1533 2898
3840 4 2 14 26 1599 2905 2898 2918
3841 4 2 14 26 998 1494 1597 1640
3842 4 2 14 26 1488 990 1705 1710
3843 4 2 14 26 1499 1709 999 1706
3844 4 2 14 26 981 1477 1712 1707
3845 4 2 14 26 1006 1711 1708 1510
3846 4 2 14 26 1589 1544 1517 2897
3847 4 2 14 26 1472 2881 1683 2906
3848 4 2 14 26 1494 1496 1493 2871
3849 4 2 14 26 990 1486 1488 1705
3850 4 2 14 26 1477 981 1475 1707
3851 4 2 14 26 999 1497 1499 1706
3852 4 2 14 26 1553 1610 1675 2912
3853 4 2 14 26 1556 2908 1660 2912
3854 4 2 14 26 1684 2890 1577 2899
3855 4 2 14 26 1674 1610 1660 2912
3856 4 2 14 26 1521 1642 2884 2885
3857 4 2 14 26 2870 2871 2867 2872
3858 4 2 14 26 2890 2896 1681 2899
3859 4 2 14 26 2894 2897 2874 2898
3860 4 2 14 26 1638 2882 2895 2897
3861 4 2 14 26 1692 2901 1636 2907
3862 4 2 14 26 2869 2868 2874 2893
3863 4 2 14 26 1517 2897 2898 2905
3864 4 2 14 26 1711 1704 1708 2917
3865 4 2 14 26 1529 1691 1630 2919
3866 4 2 14 26 1474 1471 1472 2881
3867 4 2 14 26 2868 2870 2867 2872
3868 4 2 14 26 1683 979 1582 1476
3869 4 2 14 26 1533 1544 1668 2898
3870 4 2 14 26 1513 974 1475 1507
3871 4 2 14 26 1486 1480 976 1474
3872 4 2 14 26 1508 1502 994 1496
3873 4 2 14 26 1497 1485 1491 985
3874 4 2 14 26 1632 2892 1542 2895
3875 4 2 14 26 1557 1519 1702 2904
3876 4 2 14 26 2875 2885 1658 2895
3877 4 2 14 26 1496 1709 1708 1001
3878 4 2 14 26 1008 1507 1707 1711
3879 4 2 14 26 983 1705 1712 1474
3880 4 2 14 26 992 1706 1710 1485
3881 4 2 14 26 1498 996 1531 2914
3882 4 2 14 26 1518 1583 1662 2910
3883 4 2 14 26 2867 2870 2869 2876
3884 4 2 14 26 1574 2882 1638 2920
3885 4 2 14 26 2887 2889 1661 2903
3886 4 2 14 26 2878 2904 2879 2919
3887 4 2 14 26 1565 1568 2916 2918
3888 4 2 14 26 2869 2878 2870 2893
3889 4 2 14 26 2887 2893 2889 2903
3890 4 2 14 26 1621 1622 1568 2918
3891 4 2 14 26 979 1683 1472 1476
3892 4 2 14 26 986 1598 1547 2900
3893 4 2 14 26 1652 2888 2901 2909
3894 4 2 14 26 1581 997 1498 1695
3895 4 2 14 26 1635 1691 1604 2907
3896 4 2 14 26 1597 1523 2896 2899
3897 4 2 14 26 2869 2870 2868 2893
3898 4 2 14 26 1645 1561 1479 977
3899 4 2 14 26 1641 1505 2875 2882
3900 4 2 14 26 1573 1515 1569 2893
3901 4 2 14 26 1615 2889 2886 2913
3902 4 2 14 26 2873 2894 2892 2895
3903 4 2 14 26 1593 2890 2884 2896
3904 4 2 14 26 1582 1476 1678 2920
3905 4 2 14 26 1675 1610 1674 2912
3906 4 2 14 26 1683 1472 1476 2881
3907 4 2 14 26 1582 2881 1476 2897
3908 4 2 14 26 1477 1475 1471 2915
3909 4 2 14 26 1562 2889 1619 2902
3910 4 2 14 26 1660 1556 1571 2908
3911 4 2 14 26 1648 1629 1540 2903
3912 4 2 14 26 1549 1506 1512 2896
3913 4 2 14 26 986 1490 1598 2900
3914 4 2 14 26 1687 2901 1688 2916
3915 4 2 14 26 1558 1671 1677 2911
3916 4 2 14 26 1671 1637 1483 2911
3917 4 2 14 26 1580 2912 1655 2913
3918 4 2 14 26 1587 1531 1627 2914
3919 4 2 14 26 1716 1006 1508 1514
3920 4 2 14 26 1715 999 1497 1503
3921 4 2 14 26 1492 1486 990 1714
3922 4 2 14 26 1481 1475 981 1713
3923 4 2 14 26 2881 2900 2888 2906
3924 4 2 14 26 1604 1551 1635 2907
3925 4 2 14 26 1640 1590 1500 2896
3926 4 2 14 26 1716 1502 1496 1001
3927 4 2 14 26 1008 1507 1513 1713
3928 4 2 14 26 983 1480 1714 1474
3929 4 2 14 26 1485 992 1715 1491
3930 4 2 14 26 1597 1640 1494 2896
3931 4 2 14 26 2868 2873 2872 2885
3932 4 2 14 26 1637 989 1671 1483
3933 4 2 14 26 1633 2900 2888 2910
3934 4 2 14 26 1652 1688 2901 2916
3935 4 2 14 26 1582 2897 1476 2920
3936 4 2 14 26 2892 2893 1541 2894
3937 4 2 14 26 1596 2905 2888 2906
3938 4 2 14 26 1711 1007 1507 1510
3939 4 2 14 26 1712 982 1474 1477
3940 4 2 14 26 1499 1709 1496 1000
3941 4 2 14 26 1710 1488 991 1485
3942 4 2 14 26 1610 1553 1630 2912
3943 4 2 14 26 2868 2872 2871 2884
3944 4 2 14 26 2869 2876 2888 2900
3945 4 2 14 26 1637 2880 1483 2911
3946 4 2 14 26 2871 2872 2870 2883
3947 4 2 14 26 1608 1501 1495 995
3948 4 2 14 26 1583 2909 1535 2910
3949 4 2 14 26 2878 2893 2877 2901
3950 4 2 14 26 1624 1620 1568 2918
3951 4 2 14 26 2875 2884 1509 2885
3952 4 2 14 26 1640 1614 1590 2896
3953 4 2 14 26 1633 2888 1518 2910
3954 4 2 14 26 1644 1645 1473 977
3955 4 2 14 26 1535 2910 2909 2911
3956 4 2 14 26 1596 2888 1633 2900
3957 4 2 14 26 1590 1512 1500 2896
3958 4 2 14 26 1632 1542 1606 2895
3959 4 2 14 26 1548 987 1487 1672
3960 4 2 14 26 1592 1525 1684 2890
3961 4 2 14 26 2868 2874 2873 2895
3962 4 2 14 26 1581 1651 1695 2899
3963 4 2 14 26 1574 1644 1645 2920
3964 4 2 14 26 2875 2873 2885 2895
3965 4 2 14 26 1549 1512 1506 1002
3966 4 2 14 26 998 1500 1494 1640
3967 4 2 14 26 1529 2907 1691 2919
3968 4 2 14 26 1591 1634 1472 2906
3969 4 2 14 26 1624 2898 1533 2918
3970 4 2 14 26 1537 2889 2887 2902
3971 4 2 14 26 1622 2916 1568 2918
3972 4 2 14 26 1586 1515 1573 2893
3973 4 2 14 26 1577 1597 1695 2899
3974 4 2 14 26 1521 2885 2884 2887
3975 4 2 14 26 1576 1522 1591 2906
3976 4 2 14 26 1506 1549 2884 2896
3977 4 2 14 26 1599 1565 1524 2905
3978 4 2 14 26 1653 1532 1652 2916
3979 4 2 14 26 1644 1473 1645 2920
3980 4 2 14 26 1505 1004 1673 1509
3981 4 2 14 26 1641 1673 1505 1004
3982 4 2 14 26 2877 2901 2893 2918
3983 4 2 14 26 2869 2888 2881 2900
3984 4 2 14 26 1589 1517 1649 2897
3985 4 2 14 26 1533 2898 1620 2918
3986 4 2 14 26 1634 1478 1472 2906
3987 4 2 14 26 1507 1008 1007 1711
3988 4 2 14 26 992 1710 991 1485
3989 4 2 14 26 1712 982 983 1474
3990 4 2 14 26 1001 1496 1709 1000
3991 4 2 14 26 1004 1550 1673 1509
3992 4 2 14 26 1569 1621 1620 2918
3993 4 2 14 26 1620 2898 1601 2918
3994 4 2 14 26 1005 1641 1680 1511
3995 4 2 14 26 2872 2884 2885 2887
3996 4 2 14 26 1583 1535 1690 2910
3997 4 2 14 26 1637 1483 1489 989
3998 4 2 14 26 2881 2888 2869 2905
3999 4 2 14 26 1477 1471 1474 2915
4000 4 2 14 26 1482 2876 1487 2911
4001 4 2 14 26 1601 1533 1668 2898
4002 4 2 14 26 1608 996 1495 2914
4003 4 2 14 26 1500 1512 993 2896
4004 4 2 14 26 2872 2870 2879 2893
4005 4 2 14 26 1476 2897 2881 2920
4006 4 2 14 26 2881 2897 1670 2905
4007 4 2 14 26 2881 2905 1670 2906
4008 4 2 14 26 1645 977 1479 1473
4009 4 2 14 26 1506 993 1512 2896
4010 4 2 14 26 1509 1673 1505 2875
4011 4 2 14 26 2869 2876 2870 2878
4012 4 2 14 26 1520 2883 2886 2890
4013 4 2 14 26 2870 2876 2880 2904
4014 4 2 14 26 1591 1522 1634 2906
4015 4 2 14 26 1630 2912 1553 2919
4016 4 2 14 26 2868 2869 2867 2870
4017 4 2 14 26 1582 978 1678 1476
4018 4 2 14 26 1557 1612 2904 2919
4019 4 2 14 26 1559 1606 1516 2895
4020 4 2 14 26 1596 2900 1625 2906
4021 4 2 14 26 1586 2893 2892 2903
4022 4 2 14 26 1547 1596 1633 2900
4023 4 2 14 26 1498 1695 997 2899
4024 4 2 14 26 1552 2908 1579 2913
4025 4 2 14 26 1482 1487 1483 2911
4026 4 2 14 26 1567 1562 1666 2902
4027 4 2 14 26 1623 1653 1565 2916
4028 4 2 14 26 1679 2905 1682 2906
4029 4 2 14 26 1518 2909 1583 2910
4030 4 2 14 26 1686 2891 2887 2903
4031 4 2 14 26 1640 1500 1494 2896
4032 4 2 14 26 2907 2908 1556 2912
4033 4 2 14 26 1574 1528 1644 2920
4034 4 2 14 26 1547 1598 1625 2900
4035 4 2 14 26 1592 2890 2886 2902
4036 4 2 14 26 1510 1508 1504 2917
4037 4 2 14 26 1566 995 1639 1501
4038 4 2 14 26 1476 1471 1473 2920
4039 4 2 14 26 2904 2909 2876 2911
4040 4 2 14 26 2872 2879 2870 2886
4041 4 2 14 26 1653 1623 1532 2916
4042 4 2 14 26 1637 1639 989 1489
4043 4 2 14 26 2868 2884 2875 2885
4044 4 2 14 26 2891 2892 1632 2895
4045 4 2 14 26 2882 2897 1638 2920
4046 4 2 14 26 1552 1660 1571 2908
4047 4 2 14 26 2869 2877 2874 2905
4048 4 2 14 26 1679 1599 1524 2905
4049 4 2 14 26 1487 2910 1672 2911
4050 4 2 14 26 1651 1577 1695 2899
4051 4 2 14 26 2904 2912 2879 2919
4052 4 2 14 26 1528 2897 1649 2920
4053 4 2 14 26 1519 1557 1612 2904
4054 4 2 14 26 1596 2888 2900 2906
4055 4 2 14 26 1596 1547 1625 2900
4056 4 2 14 26 1520 2883 2890 2899
4057 4 2 14 26 2880 2904 1613 2914
4058 4 2 14 26 1702 2904 2880 2911
4059 4 2 14 26 2878 2888 2876 2909
4060 4 2 14 26 997 1597 1494 2899
4061 4 2 14 26 1611 1529 1612 2919
4062 4 2 14 26 2877 2888 2878 2901
4063 4 2 14 26 1007 1711 1006 1510
4064 4 2 14 26 1709 1499 999 1000
4065 4 2 14 26 1712 982 1477 981
4066 4 2 14 26 990 1488 991 1710
4067 4 2 14 26 176 976 1492 1480
4068 4 2 14 26 1513 974 174 1481
4069 4 2 14 26 1491 178 1503 985
4070 4 2 14 26 1514 1502 180 994
4071 4 2 14 26 1621 1568 1620 2918
4072 4 2 14 26 1682 1522 1576 2906
4073 4 2 14 26 2883 2904 2870 2914
4074 4 2 14 26 2873 2893 2892 2894
4075 4 2 14 26 1500 993 1494 2896
4076 4 2 14 26 2868 2872 2884 2885
4077 4 2 14 26 980 1634 1472 1591
4078 4 2 14 26 2873 2874 2894 2895
4079 4 2 14 26 1548 1662 1690 2910
4080 4 2 14 26 1502 180 1716 1514
4081 4 2 14 26 1480 1492 176 1714
4082 4 2 14 26 1503 1715 178 1491
4083 4 2 14 26 174 1513 1481 1713
4084 4 2 14 26 1700 2892 2891 2903
4085 4 2 14 26 1579 1552 1571 2908
4086 4 2 14 26 979 1591 980 1472
4087 4 2 14 26 1588 1531 1608 2914
4088 4 2 14 26 1660 2908 1552 2912
4089 4 2 14 26 2874 2897 2881 2905
4090 4 2 14 26 1535 1677 1671 2911
4091 4 2 14 26 2908 2912 2907 2919
4092 4 2 14 26 2872 2889 2887 2893
4093 4 2 14 26 1608 995 1495 996
4094 4 2 14 26 1531 1588 1627 2914
4095 4 2 14 26 2874 2877 2898 2905
4096 4 2 14 26 1606 1559 1632 2895
4097 4 2 14 26 1597 997 1494 998
4098 4 2 14 26 2873 2893 2887 2903
4099 4 2 14 26 2898 2905 2877 2918
4100 4 2 14 26 1005 1641 1511 1505
4101 4 2 14 26 1498 1495 996 2914
4102 4 2 14 26 1630 1553 1612 2919
4103 4 2 14 26 2869 2874 2881 2905
4104 4 2 14 26 1476 1472 1471 2881
4105 4 2 14 26 2874 2898 2897 2905
4106 4 2 14 26 986 1547 1484 2900
4107 4 2 14 26 1592 1525 2890 2902
4108 4 2 14 26 1561 1680 1479 977
4109 4 2 14 26 987 986 1547 1484
4110 4 2 14 26 1603 2904 1612 2919
4111 4 2 14 26 2905 2916 2877 2918
4112 4 2 14 26 1535 1672 2910 2911
4113 4 2 14 26 1590 998 1640 1500
4114 4 2 14 26 1552 2912 2908 2913
4115 4 2 14 26 977 1644 978 1473
4116 4 2 14 26 1003 1002 1549 1506
4117 4 2 14 26 1504 1509 1505 2875
4118 4 2 14 26 2878 2901 2888 2909
4119 4 2 14 26 1597 2896 1494 2899
4120 4 2 14 26 1525 1562 1567 2902
4121 4 2 14 26 1484 1490 986 2900
4122 4 2 14 26 1641 1005 1004 1505
4123 4 2 14 26 1671 989 988 1483
4124 4 2 14 26 1494 2896 2871 2899
4125 4 2 14 26 1535 1671 1672 2911
4126 4 2 14 26 2888 2901 2877 2916
4127 4 2 14 26 1654 2909 2907 2919
4128 4 2 14 26 1603 1519 1612 2904
4129 4 2 14 26 1678 1476 978 2920
4130 4 2 14 26 1518 2888 2909 2910
4131 4 2 14 26 2872 2870 2883 2886
4132 4 2 14 26 1598 175 1478 1490
4133 4 2 14 26 2868 2873 2875 2895
4134 4 2 14 26 2879 2912 2908 2919
4135 4 2 14 26 2880 2904 2876 2911
4136 4 2 14 26 2872 2886 2883 2890
4137 4 2 14 26 2877 2893 2874 2918
4138 4 2 14 26 1494 1498 997 2899
4139 4 2 14 26 2872 2883 2871 2890
4140 4 2 14 26 2877 2874 2898 2918
4141 4 2 14 26 1634 980 1472 1478
4142 4 2 14 26 2880 2870 2904 2914
4143 4 2 14 26 2884 2887 2872 2902
4144 4 2 14 26 2879 2870 2883 2904
4145 4 2 14 26 2884 2872 2890 2902
4146 4 2 14 26 2873 2891 2885 2895
4147 4 2 14 26 1672 988 1487 2911
4148 4 2 14 26 1598 175 1634 1478
4149 4 2 14 26 1671 1483 988 2911
4150 4 2 14 26 978 1473 1644 2920
4151 4 2 14 26 2868 2875 2873 2885
4152 4 2 14 26 179 1512 1500 1590
4153 4 2 14 26 1583 1690 1662 2910
4154 4 2 14 26 997 1498 996 1581
4155 4 2 14 26 1004 1003 1550 1509
4156 4 2 14 26 2868 2875 2882 2895
4157 4 2 14 26 978 1582 979 1476
4158 4 2 14 26 1534 1611 1583 2909
4159 4 2 14 26 1489 177 984 1501
4160 4 2 14 26 1478 1490 175 975
4161 4 2 14 26 1500 1512 179 993
4162 4 2 14 26 1479 973 173 1511
4163 4 2 14 26 1672 987 1487 988
4164 4 2 14 26 1678 1644 1528 2920
4165 4 2 14 26 2874 2893 2873 2894
4166 4 2 14 26 179 998 1590 1500
4167 4 2 14 26 2869 2876 2878 2888
4168 4 2 14 26 2872 2887 2873 2893
4169 4 2 14 26 2870 2879 2878 2904
4170 4 2 14 26 995 1501 177 1639
4171 4 2 14 26 1654 1611 1534 2909
4172 4 2 14 26 176 1480 1714 983
4173 4 2 14 26 992 178 1715 1491
4174 4 2 14 26 1513 174 1008 1713
4175 4 2 14 26 1502 1716 180 1001
4176 4 2 14 26 990 176 1492 1714
4177 4 2 14 26 1006 1716 180 1514
4178 4 2 14 26 1715 178 999 1503
4179 4 2 14 26 1481 981 174 1713
4180 4 2 14 26 1476 1473 978 2920
4181 4 2 14 26 173 1680 977 1479
4182 4 2 14 26 1672 1671 988 2911
4183 4 2 14 26 1487 988 1483 2911
4184 4 2 14 26 175 1634 1478 980
4185 4 2 14 26 989 177 1489 1639
4186 4 2 14 26 1501 1489 177 1639
4187 4 2 14 26 2909 2910 2876 2911
4188 4 2 14 26 2871 2890 2883 2899
4189 4 2 14 26 1529 1630 1612 2919
4190 4 2 14 26 2877 2905 2888 2916
4191 4 2 14 26 1002 1512 179 1590
4192 4 2 14 26 1644 1678 978 2920
4193 4 2 14 26 173 1680 1479 1511
4194 4 2 14 26 2869 2878 2877 2888
4195 4 2 14 26 1005 1680 173 1511
4196 4 2 14 26 2888 2900 2876 2910
4197 4 2 14 26 2878 2908 2907 2919
4198 4 2 14 26 2901 2907 2878 2908
4199 4 2 14 26 2884 2890 2871 2896
4200 4 2 14 26 1598 986 175 1490
4201 4 2 14 26 2873 2887 2885 2891
4202 4 2 14 26 2877 2869 2888 2905
4203 4 2 14 26 2876 2910 1487 2911
4204 4 2 14 26 2871 2896 2890 2899
4205 4 2 14 26 2873 2892 2891 2895
4206 4 2 14 26 2879 2883 2870 2886
4207 4 2 14 26 2878 2907 2901 2909
4208 4 2 14 26 2871 2884 2872 2890
4209 4 2 14 26 2873 2892 2893 2903
4210 4 2 14 26 2879 2908 2878 2919
4211 4 2 14 26 2877 2916 2901 2918
4212 4 2 14 26 2876 2909 2888 2910
4213 4 2 14 26 2887 2889 2872 2902
4214 4 2 14 26 2907 2909 2878 2919
4215 4 2 14 26 2887 2891 2873 2903
4216 4 2 14 26 2891 2892 2873 2903
4217 4 2 14 26 2908 2912 2879 2913
4218 4 2 14 26 2913 2879 2893 2886
4219 4 2 14 26 2913 2893 2879 2908
4220 4 2 14 26 2898 1667 1527 1544
4221 4 2 14 26 2898 1527 1667 2894
4222 4 2 14 26 1589 2898 1527 1544
4223 4 2 14 26 1589 1527 2898 2894
4224 4 2 14 26 2897 2898 1589 1544
4225 4 2 14 26 2897 1589 2898 2894
4226 4 2 14 26 2869 1482 2900 1486
4227 4 2 14 26 2869 2900 1482 2876
4228 4 2 14 26 2913 1580 1530 1657
4229 4 2 14 26 2913 1530 1580 2912
4230 4 2 14 26 2900 1482 1487 1484
4231 4 2 14 26 2900 1487 1482 2876
4232 4 2 14 26 2895 1527 1542 1606
4233 4 2 14 26 2895 1542 1527 2894
4234 4 2 14 26 2904 1530 2912 1603
4235 4 2 14 26 2904 2912 1530 2879
4236 4 2 14 26 2897 2868 2895 2874
4237 4 2 14 26 2897 2895 2868 2882
4238 4 2 14 26 2918 1687 2916 2901
4239 4 2 14 26 2918 2916 1687 1622
4240 4 2 14 26 2915 1471 2920 2882
4241 4 2 14 26 2920 1471 2915 2881
4242 4 2 14 26 2920 2897 2915 2882
4243 4 2 14 26 2915 2897 2920 2881
4244 4 2 14 26 2914 1501 1608 1566
4245 4 2 14 26 2914 1608 1501 1495
4246 4 2 14 26 2916 1524 2888 1572
4247 4 2 14 26 2916 2888 1524 2905
4248 4 2 14 26 2911 1702 1557 1677
4249 4 2 14 26 2911 1557 1702 2904
4250 4 2 14 26 2918 1599 1565 1624
4251 4 2 14 26 2918 1565 1599 2905
4252 4 2 14 26 2904 1587 1530 1603
4253 4 2 14 26 2904 1530 1587 2883
4254 4 2 14 26 2917 1510 1006 1708
4255 4 2 14 26 1006 1510 2917 1508
4256 4 2 14 26 1006 1716 2917 1708
4257 4 2 14 26 2917 1716 1006 1508
4258 4 2 14 26 2914 1519 1613 1588
4259 4 2 14 26 2914 1613 1519 2904
4260 4 2 14 26 2895 1656 2885 1559
4261 4 2 14 26 2895 2885 1656 2891
4262 4 2 14 26 1546 2885 1656 1559
4263 4 2 14 26 2893 2879 2878 2870
4264 4 2 14 26 2893 2878 2879 2908
4265 4 2 14 26 2875 1641 1673 1505
4266 4 2 14 26 2875 1673 1641 1560
4267 4 2 14 26 2892 1526 1632 1631
4268 4 2 14 26 2892 1632 1526 2891
4269 4 2 14 26 2919 1691 2912 2907
4270 4 2 14 26 2919 2912 1691 1630
4271 4 2 14 26 2899 1520 1650 1651
4272 4 2 14 26 2899 1650 1520 2883
4273 4 2 14 26 2914 1587 2904 1627
4274 4 2 14 26 2914 2904 1587 2883
4275 4 2 14 26 2899 2914 1493 1498
4276 4 2 14 26 1493 2914 2899 2883
4277 4 2 14 26 2901 1595 2909 2907
4278 4 2 14 26 1676 1595 2909 1534
4279 4 2 14 26 1676 2909 1595 2907
4280 4 2 14 26 2919 1603 2912 1553
4281 4 2 14 26 2919 2912 1603 2904
4282 4 2 14 26 2918 2894 2874 2898
4283 4 2 14 26 2918 2874 2894 2893
4284 4 2 14 26 2908 1635 1636 2907
4285 4 2 14 26 2908 1636 1635 1571
4286 4 2 14 26 2919 1654 1611 1529
4287 4 2 14 26 2919 1611 1654 2909
4288 4 2 14 26 2902 2886 2872 2890
4289 4 2 14 26 2902 2872 2886 2889
4290 4 2 14 26 2885 1656 1685 1546
4291 4 2 14 26 2885 1685 1656 2891
4292 4 2 14 26 1595 2909 1652 2901
4293 4 2 14 26 1595 1652 2909 1534
4294 4 2 15 27 1574 1762 1638 1838
4295 4 2 15 27 1728 1891 1631 1700
4296 4 2 15 27 1747 1865 1889 1620
4297 4 2 15 27 1727 1796 1524 1697
4298 4 2 15 27 1871 1795 1898 1687
4299 4 2 15 27 1541 1586 1896 1897
4300 4 2 15 27 1876 1872 1800 1667
4301 4 2 15 27 1687 1532 1795 1622
4302 4 2 15 27 1891 1545 1873 1609
4303 4 2 15 27 1721 1588 1818 1613
4304 4 2 15 27 1803 1747 1889 1624
4305 4 2 15 27 1672 1690 1778 1912
4306 4 2 15 27 1648 1879 1805 1540
4307 4 2 15 27 1789 1874 1881 1601
4308 4 2 15 27 1538 1618 1861 1854
4309 4 2 15 27 1735 1776 1553 1612
4310 4 2 15 27 1566 1639 1868 1765
4311 4 2 15 27 1749 1834 1887 1630
4312 4 2 15 27 1626 1526 1700 1845
4313 4 2 15 27 1719 1827 1521 1642
4314 4 2 15 27 1895 1731 1669 1698
4315 4 2 15 27 1692 1676 1820 1595
4316 4 2 15 27 1564 1579 1699 1751
4317 4 2 15 27 1542 1663 1609 1814
4318 4 2 15 27 1655 1904 1784 1657
4319 4 2 15 27 1878 1777 1922 1633
4320 4 2 15 27 1541 1746 1918 1643
4321 4 2 15 27 1654 1831 1529 1604
4322 4 2 15 27 1887 1630 1776 1529
4323 4 2 15 27 1784 1829 1580 1657
4324 4 2 15 27 1878 1796 1697 1596
4325 4 2 15 27 1882 1525 1725 1693
4326 4 2 15 27 1735 1815 1603 1530
4327 4 2 15 27 1533 1859 1905 1601
4328 4 2 15 27 1865 1802 1889 1620
4329 4 2 15 27 1534 1798 1518 1723
4330 4 2 15 27 1650 1734 1816 1520
4331 4 2 15 27 1663 1575 1757 1542
4332 4 2 15 27 1783 1904 1908 1554
4333 4 2 15 27 1845 1736 1629 1626
4334 4 2 15 27 1554 1908 1813 1600
4335 4 2 15 27 1790 1881 1689 1755
4336 4 2 15 27 1718 1842 1701 1607
4337 4 2 15 27 1755 1789 1569 1865
4338 4 2 15 27 1801 1732 1605 1656
4339 4 2 15 27 1792 1569 1717 1570
4340 4 2 15 27 1742 1587 1815 1530
4341 4 2 15 27 1780 1578 1584 1686
4342 4 2 15 27 1558 1766 1702 1677
4343 4 2 15 27 1840 1024 1641 1680
4344 4 2 15 27 1820 1771 1676 1692
4345 4 2 15 27 1799 1876 1894 1659
4346 4 2 15 27 1909 1780 1736 1686
4347 4 2 15 27 1875 1756 1876 1543
4348 4 2 15 27 1922 1777 1921 1633
4349 4 2 15 27 1688 1819 1594 1871
4350 4 2 15 27 1733 1854 1538 1861
4351 4 2 15 27 1812 1560 1673 1694
4352 4 2 15 27 1691 1831 1604 1529
4353 4 2 15 27 1799 1894 1575 1659
4354 4 2 15 27 1875 1918 1790 1643
4355 4 2 15 27 1882 1693 1827 1628
4356 4 2 15 27 1875 1799 1918 1643
4357 4 2 15 27 1697 1796 1524 1596
4358 4 2 15 27 1900 1831 1654 1604
4359 4 2 15 27 1648 1850 1782 1879
4360 4 2 15 27 1914 1778 1662 1690
4361 4 2 15 27 1685 1732 1539 1890
4362 4 2 15 27 1802 1792 1621 1569
4363 4 2 15 27 1727 1877 1753 1524
4364 4 2 15 27 1747 1865 1620 1905
4365 4 2 15 27 1659 1543 1875 1876
4366 4 2 15 27 1540 1780 1686 1736
4367 4 2 15 27 1771 1676 1692 1551
4368 4 2 15 27 1845 1545 1700 1629
4369 4 2 15 27 1828 1615 1733 1600
4370 4 2 15 27 1541 1746 1833 1918
4371 4 2 15 27 1624 1889 1803 1568
4372 4 2 15 27 1751 1809 1699 1564
4373 4 2 15 27 1741 1696 1521 1917
4374 4 2 15 27 1804 1803 1565 1624
4375 4 2 15 27 1755 1789 1881 1569
4376 4 2 15 27 1799 1875 1876 1659
4377 4 2 15 27 1628 1827 1882 1870
4378 4 2 15 27 1795 1898 1687 1622
4379 4 2 15 27 1874 1668 1859 1756
4380 4 2 15 27 1729 1849 1866 1589
4381 4 2 15 27 182 1598 1793 1013
4382 4 2 15 27 1631 1526 1728 1700
4383 4 2 15 27 1786 1618 1592 1854
4384 4 2 15 27 1585 1586 1515 1739
4385 4 2 15 27 1573 1541 1746 1897
4386 4 2 15 27 1787 1738 1563 1616
4387 4 2 15 27 1002 1590 184 1021
4388 4 2 15 27 1822 1888 1557 1677
4389 4 2 15 27 184 1020 1808 998
4390 4 2 15 27 181 1680 1005 1024
4391 4 2 15 27 1633 1777 1919 1856
4392 4 2 15 27 1667 1756 1872 1668
4393 4 2 15 27 1586 1782 1739 1648
4394 4 2 15 27 182 1598 175 1793
4395 4 2 15 27 1737 1525 1567 1725
4396 4 2 15 27 1659 1800 1667 1876
4397 4 2 15 27 1598 182 986 1013
4398 4 2 15 27 1648 1879 1892 1805
4399 4 2 15 27 1874 1668 1756 1543
4400 4 2 15 27 181 1680 977 173
4401 4 2 15 27 1565 1753 1804 1877
4402 4 2 15 27 177 183 995 1639
4403 4 2 15 27 989 183 177 1639
4404 4 2 15 27 1896 1833 1646 1541
4405 4 2 15 27 996 1019 1581 1018
4406 4 2 15 27 1003 1023 1760 1022
4407 4 2 15 27 1590 1002 184 179
4408 4 2 15 27 1780 1540 1584 1805
4409 4 2 15 27 1011 979 1591 1012
4410 4 2 15 27 1011 978 1010 1582
4411 4 2 15 27 1813 1809 1600 1908
4412 4 2 15 27 987 1015 1672 1014
4413 4 2 15 27 173 181 1680 1005
4414 4 2 15 27 1019 997 1597 1020
4415 4 2 15 27 1572 1727 1753 1524
4416 4 2 15 27 996 1608 1017 1018
4417 4 2 15 27 1821 1016 1015 988
4418 4 2 15 27 1814 1757 1542 1663
4419 4 2 15 27 1022 1021 1843 1003
4420 4 2 15 27 182 1598 986 175
4421 4 2 15 27 1013 1014 987 1807
4422 4 2 15 27 1744 1785 1576 1683
4423 4 2 15 27 1884 1635 1556 1830
4424 4 2 15 27 979 1591 1012 980
4425 4 2 15 27 1816 1773 1650 1651
4426 4 2 15 27 978 1644 1009 1010
4427 4 2 15 27 998 1597 997 1020
4428 4 2 15 27 1894 1876 1800 1659
4429 4 2 15 27 1608 1017 995 996
4430 4 2 15 27 1530 1829 1580 1735
4431 4 2 15 27 1016 1821 989 988
4432 4 2 15 27 1830 1556 1691 1635
4433 4 2 15 27 1003 1002 1021 1843
4434 4 2 15 27 1013 987 986 1807
4435 4 2 15 27 1874 1668 1543 1601
4436 4 2 15 27 1019 996 1581 997
4437 4 2 15 27 1912 1672 1767 1911
4438 4 2 15 27 1023 1003 1760 1004
4439 4 2 15 27 1011 978 1582 979
4440 4 2 15 27 1782 1703 1586 1896
4441 4 2 15 27 1015 987 1672 988
4442 4 2 15 27 1009 977 1644 978
4443 4 2 15 27 1641 1005 1024 1004
4444 4 2 15 27 1804 1877 1724 1599
4445 4 2 15 27 1562 1791 1619 1823
4446 4 2 15 27 1612 1735 1776 1857
4447 4 2 15 27 1685 1844 1890 1602
4448 4 2 15 27 1913 1771 1692 1551
4449 4 2 15 27 1898 1754 1622 1795
4450 4 2 15 27 1668 1874 1859 1601
4451 4 2 15 27 1697 1878 1633 1856
4452 4 2 15 27 1540 1780 1584 1686
4453 4 2 15 27 1918 1746 1790 1643
4454 4 2 15 27 1586 1782 1896 1897
4455 4 2 15 27 1010 978 1678 1582
4456 4 2 15 27 1672 1014 1548 987
4457 4 2 15 27 1780 1731 1584 1578
4458 4 2 15 27 1602 1647 1719 1642
4459 4 2 15 27 1564 1751 1863 1585
4460 4 2 15 27 1847 1655 1750 1699
4461 4 2 15 27 1922 1596 1726 1878
4462 4 2 15 27 1805 1835 1892 1661
4463 4 2 15 27 1018 996 1811 1581
4464 4 2 15 27 1908 1904 1847 1554
4465 4 2 15 27 1800 1527 1866 1757
4466 4 2 15 27 1847 1784 1655 1904
4467 4 2 15 27 1835 1794 1860 1661
4468 4 2 15 27 1581 1019 997 1695
4469 4 2 15 27 1763 1896 1646 1703
4470 4 2 15 27 1011 979 1683 1591
4471 4 2 15 27 1748 1795 1688 1532
4472 4 2 15 27 1834 1749 1884 1556
4473 4 2 15 27 1773 1695 1651 1902
4474 4 2 15 27 1675 1784 1580 1674
4475 4 2 15 27 1802 1755 1569 1865
4476 4 2 15 27 1582 1011 979 1683
4477 4 2 15 27 1680 1641 1005 1024
4478 4 2 15 27 1763 1873 1545 1646
4479 4 2 15 27 1814 1891 1609 1631
4480 4 2 15 27 978 1678 1644 1010
4481 4 2 15 27 1634 980 1012 1915
4482 4 2 15 27 1739 1879 1892 1648
4483 4 2 15 27 1833 1814 1609 1663
4484 4 2 15 27 1775 1750 1855 1552
4485 4 2 15 27 1844 1719 1602 1647
4486 4 2 15 27 1728 1801 1845 1526
4487 4 2 15 27 1575 1643 1799 1659
4488 4 2 15 27 1842 1718 1839 1607
4489 4 2 15 27 1023 1812 1768 1673
4490 4 2 15 27 1773 1018 1811 1581
4491 4 2 15 27 1873 1763 1896 1646
4492 4 2 15 27 1516 1559 1701 1910
4493 4 2 15 27 1769 1758 1559 1632
4494 4 2 15 27 1559 1656 1769 1632
4495 4 2 15 27 1543 1689 1874 1601
4496 4 2 15 27 1756 1872 1876 1667
4497 4 2 15 27 1693 1882 1593 1628
4498 4 2 15 27 1762 1838 1849 1638
4499 4 2 15 27 1910 1769 1559 1730
4500 4 2 15 27 1668 1872 1667 1544
4501 4 2 15 27 1824 1726 1846 1625
4502 4 2 15 27 1755 1746 1897 1573
4503 4 2 15 27 1788 1830 1771 1635
4504 4 2 15 27 1856 1723 1919 1518
4505 4 2 15 27 1798 1797 1652 1572
4506 4 2 15 27 1804 1907 1599 1724
4507 4 2 15 27 1900 1820 1771 1676
4508 4 2 15 27 1644 1574 1645 1826
4509 4 2 15 27 1803 1753 1804 1565
4510 4 2 15 27 1746 1541 1573 1643
4511 4 2 15 27 1659 1894 1575 1527
4512 4 2 15 27 1576 1591 1744 1683
4513 4 2 15 27 1787 1733 1615 1861
4514 4 2 15 27 1628 1549 1761 1870
4515 4 2 15 27 1752 1534 1654 1611
4516 4 2 15 27 1630 1553 1776 1612
4517 4 2 15 27 1750 1552 1579 1655
4518 4 2 15 27 1815 1734 1886 1587
4519 4 2 15 27 1770 1792 1717 1570
4520 4 2 15 27 1529 1831 1654 1611
4521 4 2 15 27 1816 1920 1734 1650
4522 4 2 15 27 1770 1570 1717 1515
4523 4 2 15 27 1636 1913 1692 1551
4524 4 2 15 27 1797 1748 1798 1652
4525 4 2 15 27 1518 1534 1652 1798
4526 4 2 15 27 1752 1831 1611 1654
4527 4 2 15 27 1774 1735 1776 1553
4528 4 2 15 27 1599 1524 1565 1877
4529 4 2 15 27 1555 1530 1587 1742
4530 4 2 15 27 1725 1827 1882 1693
4531 4 2 15 27 1742 1734 1815 1587
4532 4 2 15 27 1618 1592 1562 1786
4533 4 2 15 27 1852 1832 1743 1577
4534 4 2 15 27 1597 1577 1695 1852
4535 4 2 15 27 1822 1766 1677 1702
4536 4 2 15 27 1593 1549 1628 1870
4537 4 2 15 27 1559 1606 1632 1758
4538 4 2 15 27 1791 1823 1893 1619
4539 4 2 15 27 1583 1690 1914 1662
4540 4 2 15 27 1854 1864 1592 1786
4541 4 2 15 27 1722 1806 1882 1593
4542 4 2 15 27 1546 1559 1656 1769
4543 4 2 15 27 1895 1537 1698 1669
4544 4 2 15 27 1549 1593 1614 1722
4545 4 2 15 27 1546 1844 1685 1602
4546 4 2 15 27 1641 1560 1673 1768
4547 4 2 15 27 1528 1644 1678 1883
4548 4 2 15 27 1560 1768 1641 1607
4549 4 2 15 27 1561 1680 977 1840
4550 4 2 15 27 181 1024 1840 1680
4551 4 2 15 27 1760 1761 1837 1550
4552 4 2 15 27 1561 1641 1680 1840
4553 4 2 15 27 1719 1917 1741 1521
4554 4 2 15 27 1728 1845 1891 1700
4555 4 2 15 27 1571 1515 1903 1579
4556 4 2 15 27 1849 1729 1851 1589
4557 4 2 15 27 1861 1786 1618 1867
4558 4 2 15 27 1730 1844 1769 1546
4559 4 2 15 27 1808 1743 1825 1640
4560 4 2 15 27 1842 1910 1718 1701
4561 4 2 15 27 1768 1812 1560 1673
4562 4 2 15 27 1658 1730 1910 1559
4563 4 2 15 27 1910 1701 1658 1559
4564 4 2 15 27 1769 1559 1730 1546
4565 4 2 15 27 1559 1658 1730 1546
4566 4 2 15 27 1801 1769 1732 1656
4567 4 2 15 27 1656 1685 1732 1605
4568 4 2 15 27 1656 1605 1801 1526
4569 4 2 15 27 1689 1881 1601 1569
4570 4 2 15 27 1548 1672 1690 1778
4571 4 2 15 27 1833 1814 1873 1609
4572 4 2 15 27 1891 1763 1873 1545
4573 4 2 15 27 1700 1891 1631 1545
4574 4 2 15 27 1545 1646 1873 1609
4575 4 2 15 27 1873 1814 1891 1609
4576 4 2 15 27 1891 1845 1545 1700
4577 4 2 15 27 1728 1758 1769 1632
4578 4 2 15 27 1545 1891 1631 1609
4579 4 2 15 27 1542 1609 1631 1814
4580 4 2 15 27 1573 1586 1541 1897
4581 4 2 15 27 1700 1626 1845 1629
4582 4 2 15 27 1909 1736 1845 1626
4583 4 2 15 27 1845 1763 1891 1545
4584 4 2 15 27 1545 1763 1646 1703
4585 4 2 15 27 1527 1800 1894 1757
4586 4 2 15 27 1833 1896 1646 1873
4587 4 2 15 27 1782 1739 1897 1586
4588 4 2 15 27 1738 1823 1867 1563
4589 4 2 15 27 1763 1782 1896 1703
4590 4 2 15 27 1782 1763 1850 1703
4591 4 2 15 27 1896 1703 1586 1541
4592 4 2 15 27 1782 1703 1850 1648
4593 4 2 15 27 1896 1646 1703 1541
4594 4 2 15 27 1746 1896 1897 1541
4595 4 2 15 27 1770 1779 1792 1570
4596 4 2 15 27 1896 1746 1833 1541
4597 4 2 15 27 1717 1751 1903 1515
4598 4 2 15 27 1897 1573 1586 1515
4599 4 2 15 27 1757 1799 1894 1575
4600 4 2 15 27 1701 1910 1718 1516
4601 4 2 15 27 1871 1594 1688 1687
4602 4 2 15 27 1569 1573 1689 1755
4603 4 2 15 27 1569 1689 1881 1755
4604 4 2 15 27 1668 1859 1533 1601
4605 4 2 15 27 1667 1756 1668 1543
4606 4 2 15 27 1756 1859 1872 1668
4607 4 2 15 27 1659 1800 1894 1527
4608 4 2 15 27 1875 1799 1643 1659
4609 4 2 15 27 1643 1543 1875 1659
4610 4 2 15 27 1757 1814 1833 1663
4611 4 2 15 27 1541 1833 1646 1663
4612 4 2 15 27 1574 1528 1638 1762
4613 4 2 15 27 1659 1667 1800 1527
4614 4 2 15 27 1547 1548 1633 1921
4615 4 2 15 27 1010 1826 1883 1644
4616 4 2 15 27 1527 1894 1575 1757
4617 4 2 15 27 1757 1758 1814 1542
4618 4 2 15 27 1757 1575 1527 1542
4619 4 2 15 27 1728 1526 1631 1632
4620 4 2 15 27 1769 1758 1910 1559
4621 4 2 15 27 1800 1729 1866 1527
4622 4 2 15 27 1762 1851 1883 1528
4623 4 2 15 27 1649 1582 1670 1745
4624 4 2 15 27 1866 1527 1729 1589
4625 4 2 15 27 1729 1851 1589 1810
4626 4 2 15 27 1839 1772 1840 1561
4627 4 2 15 27 1516 1718 1701 1607
4628 4 2 15 27 1589 1527 1606 1866
4629 4 2 15 27 1838 1826 1574 1762
4630 4 2 15 27 1544 1527 1589 1729
4631 4 2 15 27 1849 1758 1866 1606
4632 4 2 15 27 1607 1768 1842 1560
4633 4 2 15 27 1024 1768 1840 1641
4634 4 2 15 27 1768 1607 1842 1839
4635 4 2 15 27 1589 1528 1649 1851
4636 4 2 15 27 1772 1838 1826 1574
4637 4 2 15 27 1839 1561 1574 1772
4638 4 2 15 27 1010 1826 1644 1009
4639 4 2 15 27 1517 1589 1649 1810
4640 4 2 15 27 1606 1638 1849 1516
4641 4 2 15 27 1846 1547 1625 1726
4642 4 2 15 27 1011 1010 1745 1582
4643 4 2 15 27 1824 1793 1915 1634
4644 4 2 15 27 995 1566 1639 1868
4645 4 2 15 27 1723 1862 1914 1583
4646 4 2 15 27 1914 1778 1919 1662
4647 4 2 15 27 1671 989 1821 988
4648 4 2 15 27 1807 1922 1921 1547
4649 4 2 15 27 1013 1793 1846 1598
4650 4 2 15 27 1726 1807 1846 1547
4651 4 2 15 27 986 987 1547 1807
4652 4 2 15 27 1519 1557 1702 1822
4653 4 2 15 27 1726 1796 1878 1596
4654 4 2 15 27 1596 1796 1682 1522
4655 4 2 15 27 1576 1796 1682 1858
4656 4 2 15 27 1745 1010 1678 1582
4657 4 2 15 27 1912 1778 1914 1690
4658 4 2 15 27 1798 1723 1856 1518
4659 4 2 15 27 1671 1535 1672 1911
4660 4 2 15 27 1580 1530 1735 1553
4661 4 2 15 27 1583 1919 1914 1723
4662 4 2 15 27 1770 1571 1515 1903
4663 4 2 15 27 1919 1921 1777 1633
4664 4 2 15 27 1777 1878 1856 1633
4665 4 2 15 27 1727 1753 1797 1572
4666 4 2 15 27 1869 1623 1653 1565
4667 4 2 15 27 1727 1796 1877 1524
4668 4 2 15 27 1583 1535 1611 1862
4669 4 2 15 27 1830 1604 1635 1691
4670 4 2 15 27 1621 1754 1792 1899
4671 4 2 15 27 1752 1723 1798 1534
4672 4 2 15 27 1771 1913 1692 1819
4673 4 2 15 27 1595 1652 1748 1688
4674 4 2 15 27 1820 1676 1534 1595
4675 4 2 15 27 1798 1752 1534 1820
4676 4 2 15 27 1819 1771 1820 1692
4677 4 2 15 27 1884 1635 1830 1788
4678 4 2 15 27 1819 1748 1871 1688
4679 4 2 15 27 1748 1795 1871 1688
4680 4 2 15 27 1532 1748 1652 1688
4681 4 2 15 27 1797 1653 1652 1572
4682 4 2 15 27 1517 1670 1679 1916
4683 4 2 15 27 1692 1819 1594 1688
4684 4 2 15 27 1596 1633 1697 1878
4685 4 2 15 27 1802 1792 1899 1621
4686 4 2 15 27 1907 1679 1599 1724
4687 4 2 15 27 1689 1881 1874 1601
4688 4 2 15 27 1754 1803 1899 1568
4689 4 2 15 27 1754 1795 1869 1623
4690 4 2 15 27 1620 1865 1802 1569
4691 4 2 15 27 1670 1576 1679 1858
4692 4 2 15 27 1727 1797 1798 1572
4693 4 2 15 27 1518 1798 1652 1572
4694 4 2 15 27 1623 1568 1754 1622
4695 4 2 15 27 1565 1753 1877 1524
4696 4 2 15 27 1906 1804 1907 1599
4697 4 2 15 27 1796 1858 1724 1679
4698 4 2 15 27 1747 1624 1533 1620
4699 4 2 15 27 1533 1905 1747 1620
4700 4 2 15 27 1589 1649 1810 1851
4701 4 2 15 27 1905 1906 1533 1747
4702 4 2 15 27 1620 1533 1905 1601
4703 4 2 15 27 1859 1789 1905 1601
4704 4 2 15 27 1859 1905 1906 1533
4705 4 2 15 27 1881 1789 1601 1569
4706 4 2 15 27 1747 1624 1620 1889
4707 4 2 15 27 1803 1889 1899 1568
4708 4 2 15 27 1803 1804 1747 1624
4709 4 2 15 27 1679 1670 1858 1916
4710 4 2 15 27 1889 1624 1620 1568
4711 4 2 15 27 1565 1624 1803 1568
4712 4 2 15 27 1792 1621 1569 1570
4713 4 2 15 27 1599 1517 1679 1907
4714 4 2 15 27 1620 1802 1621 1569
4715 4 2 15 27 1622 1898 1687 1570
4716 4 2 15 27 1596 1547 1633 1922
4717 4 2 15 27 1755 1792 1802 1569
4718 4 2 15 27 1755 1717 1792 1569
4719 4 2 15 27 1759 1729 1872 1544
4720 4 2 15 27 1606 1589 1866 1849
4721 4 2 15 27 1858 1744 1785 1576
4722 4 2 15 27 1576 1796 1522 1682
4723 4 2 15 27 1753 1565 1572 1524
4724 4 2 15 27 1877 1804 1565 1599
4725 4 2 15 27 1565 1804 1624 1599
4726 4 2 15 27 1569 1717 1570 1515
4727 4 2 15 27 1906 1599 1907 1759
4728 4 2 15 27 1589 1606 1638 1849
4729 4 2 15 27 1810 1907 1916 1517
4730 4 2 15 27 175 1598 1634 1793
4731 4 2 15 27 1745 1010 1883 1678
4732 4 2 15 27 1810 1745 1851 1649
4733 4 2 15 27 1744 1011 1785 1683
4734 4 2 15 27 1633 1518 1697 1856
4735 4 2 15 27 1785 1745 1916 1670
4736 4 2 15 27 1670 1576 1858 1785
4737 4 2 15 27 1785 1916 1858 1670
4738 4 2 15 27 1793 1915 1634 1012
4739 4 2 15 27 1012 1011 1744 1591
4740 4 2 15 27 1576 1679 1858 1682
4741 4 2 15 27 1530 1553 1603 1735
4742 4 2 15 27 1625 1522 1634 1824
4743 4 2 15 27 1561 1574 1607 1839
4744 4 2 15 27 1596 1524 1682 1796
4745 4 2 15 27 1547 1596 1726 1922
4746 4 2 15 27 1547 1596 1625 1726
4747 4 2 15 27 1598 1547 1625 1846
4748 4 2 15 27 1534 1518 1583 1723
4749 4 2 15 27 1515 1717 1770 1903
4750 4 2 15 27 1516 1574 1638 1838
4751 4 2 15 27 1574 1561 1645 1772
4752 4 2 15 27 1576 1670 1683 1785
4753 4 2 15 27 1560 1607 1701 1842
4754 4 2 15 27 1550 1536 1647 1836
4755 4 2 15 27 1536 1673 1694 1812
4756 4 2 15 27 1602 1521 1642 1719
4757 4 2 15 27 1861 1867 1618 1615
4758 4 2 15 27 1018 1017 1764 1608
4759 4 2 15 27 1520 1816 1651 1720
4760 4 2 15 27 1603 1587 1530 1815
4761 4 2 15 27 1886 1764 1848 1531
4762 4 2 15 27 1613 1558 1817 1702
4763 4 2 15 27 1888 1740 1822 1557
4764 4 2 15 27 1531 1588 1608 1764
4765 4 2 15 27 1776 1831 1887 1529
4766 4 2 15 27 1520 1587 1650 1734
4767 4 2 15 27 1795 1797 1869 1653
4768 4 2 15 27 1781 1742 1853 1555
4769 4 2 15 27 1811 1886 1920 1531
4770 4 2 15 27 1811 1764 1886 1531
4771 4 2 15 27 1815 1886 1627 1587
4772 4 2 15 27 1765 1613 1817 1818
4773 4 2 15 27 1531 1764 1848 1588
4774 4 2 15 27 1735 1815 1857 1603
4775 4 2 15 27 1587 1603 1627 1815
4776 4 2 15 27 1613 1765 1566 1818
4777 4 2 15 27 1519 1603 1612 1857
4778 4 2 15 27 1531 1627 1848 1886
4779 4 2 15 27 1681 1525 1684 1885
4780 4 2 15 27 1570 1770 1571 1515
4781 4 2 15 27 1630 1749 1834 1556
4782 4 2 15 27 1571 1552 1775 1660
4783 4 2 15 27 1579 1750 1655 1699
4784 4 2 15 27 1750 1784 1655 1847
4785 4 2 15 27 1815 1829 1530 1735
4786 4 2 15 27 1699 1847 1655 1554
4787 4 2 15 27 1735 1784 1829 1580
4788 4 2 15 27 1784 1580 1674 1655
4789 4 2 15 27 1750 1809 1847 1699
4790 4 2 15 27 1751 1750 1903 1579
4791 4 2 15 27 1525 1592 1684 1864
4792 4 2 15 27 1867 1738 1563 1787
4793 4 2 15 27 1904 1655 1847 1554
4794 4 2 15 27 1783 1664 1554 1665
4795 4 2 15 27 1784 1580 1655 1657
4796 4 2 15 27 1904 1655 1554 1657
4797 4 2 15 27 1580 1657 1829 1530
4798 4 2 15 27 1742 1815 1829 1530
4799 4 2 15 27 1675 1735 1553 1580
4800 4 2 15 27 1774 1735 1553 1675
4801 4 2 15 27 1660 1775 1571 1556
4802 4 2 15 27 1774 1675 1553 1610
4803 4 2 15 27 1774 1834 1901 1610
4804 4 2 15 27 1610 1674 1660 1901
4805 4 2 15 27 1901 1774 1674 1855
4806 4 2 15 27 1630 1834 1610 1556
4807 4 2 15 27 1529 1630 1776 1612
4808 4 2 15 27 1676 1654 1604 1900
4809 4 2 15 27 1831 1900 1830 1604
4810 4 2 15 27 1749 1630 1691 1556
4811 4 2 15 27 1830 1749 1831 1691
4812 4 2 15 27 1830 1831 1604 1691
4813 4 2 15 27 1635 1571 1636 1788
4814 4 2 15 27 1862 1831 1611 1752
4815 4 2 15 27 1603 1735 1612 1857
4816 4 2 15 27 1831 1740 1862 1611
4817 4 2 15 27 1740 1776 1857 1612
4818 4 2 15 27 1611 1557 1612 1740
4819 4 2 15 27 1553 1603 1735 1612
4820 4 2 15 27 1557 1535 1677 1888
4821 4 2 15 27 1817 1766 1822 1702
4822 4 2 15 27 1557 1822 1677 1702
4823 4 2 15 27 1766 1888 1822 1677
4824 4 2 15 27 1914 1583 1862 1535
4825 4 2 15 27 1535 1583 1690 1914
4826 4 2 15 27 1767 1862 1888 1535
4827 4 2 15 27 1848 1815 1886 1627
4828 4 2 15 27 1818 1848 1764 1588
4829 4 2 15 27 1818 1848 1588 1721
4830 4 2 15 27 1817 1721 1818 1613
4831 4 2 15 27 1566 1588 1613 1818
4832 4 2 15 27 1766 1558 1702 1817
4833 4 2 15 27 1911 1535 1672 1767
4834 4 2 15 27 183 1765 1868 1639
4835 4 2 15 27 1766 1821 1671 1558
4836 4 2 15 27 1817 1821 1766 1558
4837 4 2 15 27 1765 1613 1566 1637
4838 4 2 15 27 1765 1818 1868 1566
4839 4 2 15 27 1817 1765 1821 1637
4840 4 2 15 27 1817 1821 1558 1637
4841 4 2 15 27 1671 1637 1558 1821
4842 4 2 15 27 1613 1558 1637 1817
4843 4 2 15 27 1015 1014 1912 1672
4844 4 2 15 27 1766 1821 1911 1671
4845 4 2 15 27 1637 1639 1765 989
4846 4 2 15 27 1019 1773 1695 1581
4847 4 2 15 27 1651 1581 1773 1650
4848 4 2 15 27 1816 1781 1520 1734
4849 4 2 15 27 1695 1852 1577 1902
4850 4 2 15 27 1743 1019 1852 1597
4851 4 2 15 27 1019 1743 1020 1597
4852 4 2 15 27 1614 1523 1640 1825
4853 4 2 15 27 1825 1722 1880 1614
4854 4 2 15 27 1642 1836 1647 1719
4855 4 2 15 27 1722 1882 1870 1593
4856 4 2 15 27 1806 1832 1885 1681
4857 4 2 15 27 1666 1841 1567 1669
4858 4 2 15 27 1825 1743 1523 1640
4859 4 2 15 27 1885 1684 1864 1525
4860 4 2 15 27 1577 1651 1695 1902
4861 4 2 15 27 1737 1725 1885 1525
4862 4 2 15 27 1540 1780 1736 1805
4863 4 2 15 27 1523 1597 1640 1743
4864 4 2 15 27 1806 1825 1743 1523
4865 4 2 15 27 1523 1593 1681 1806
4866 4 2 15 27 1597 1523 1577 1743
4867 4 2 15 27 1743 1852 1577 1597
4868 4 2 15 27 1651 1581 1695 1773
4869 4 2 15 27 1773 1852 1019 1695
4870 4 2 15 27 1852 1832 1577 1902
4871 4 2 15 27 1520 1650 1651 1816
4872 4 2 15 27 1773 1852 1695 1902
4873 4 2 15 27 1781 1720 1816 1520
4874 4 2 15 27 1816 1773 1920 1650
4875 4 2 15 27 1773 1816 1902 1651
4876 4 2 15 27 1853 1783 1813 1665
4877 4 2 15 27 1555 1520 1592 1781
4878 4 2 15 27 1863 1616 1564 1585
4879 4 2 15 27 1885 1720 1864 1684
4880 4 2 15 27 1890 1539 1685 1602
4881 4 2 15 27 1615 1867 1563 1787
4882 4 2 15 27 1619 1666 1791 1562
4883 4 2 15 27 1562 1525 1567 1737
4884 4 2 15 27 1737 1823 1791 1562
4885 4 2 15 27 1867 1563 1618 1615
4886 4 2 15 27 1823 1619 1562 1563
4887 4 2 15 27 1787 1733 1828 1615
4888 4 2 15 27 1739 1782 1879 1648
4889 4 2 15 27 1863 1739 1860 1585
4890 4 2 15 27 1615 1861 1867 1787
4891 4 2 15 27 1600 1828 1615 1564
4892 4 2 15 27 1781 1854 1864 1592
4893 4 2 15 27 1733 1615 1861 1538
4894 4 2 15 27 1853 1733 1854 1538
4895 4 2 15 27 1615 1733 1600 1538
4896 4 2 15 27 1786 1854 1861 1618
4897 4 2 15 27 1703 1629 1850 1648
4898 4 2 15 27 1813 1809 1828 1600
4899 4 2 15 27 1563 1615 1787 1616
4900 4 2 15 27 1828 1751 1564 1809
4901 4 2 15 27 1665 1554 1813 1600
4902 4 2 15 27 1618 1861 1615 1538
4903 4 2 15 27 1733 1813 1828 1600
4904 4 2 15 27 1538 1665 1555 1853
4905 4 2 15 27 1592 1618 1538 1854
4906 4 2 15 27 1787 1863 1738 1616
4907 4 2 15 27 1828 1751 1863 1564
4908 4 2 15 27 1515 1903 1579 1751
4909 4 2 15 27 1564 1515 1579 1751
4910 4 2 15 27 1616 1738 1563 1617
4911 4 2 15 27 1751 1564 1515 1585
4912 4 2 15 27 1794 1738 1617 1893
4913 4 2 15 27 1794 1738 1860 1617
4914 4 2 15 27 1751 1739 1585 1515
4915 4 2 15 27 1717 1739 1751 1515
4916 4 2 15 27 1751 1739 1863 1585
4917 4 2 15 27 1586 1703 1782 1648
4918 4 2 15 27 1739 1585 1586 1648
4919 4 2 15 27 1629 1850 1648 1879
4920 4 2 15 27 1648 1805 1584 1540
4921 4 2 15 27 1879 1648 1629 1540
4922 4 2 15 27 1626 1736 1629 1540
4923 4 2 15 27 1669 1841 1567 1696
4924 4 2 15 27 1731 1841 1895 1669
4925 4 2 15 27 1731 1669 1698 1578
4926 4 2 15 27 1617 1893 1619 1537
4927 4 2 15 27 1893 1794 1895 1537
4928 4 2 15 27 1794 1617 1860 1661
4929 4 2 15 27 1585 1860 1617 1661
4930 4 2 15 27 1661 1794 1617 1537
4931 4 2 15 27 1835 1731 1895 1698
4932 4 2 15 27 1893 1617 1794 1537
4933 4 2 15 27 1737 1841 1725 1567
4934 4 2 15 27 1698 1584 1731 1578
4935 4 2 15 27 1909 1626 1605 1686
4936 4 2 15 27 1732 1909 1801 1605
4937 4 2 15 27 1741 1732 1890 1539
4938 4 2 15 27 1685 1732 1605 1539
4939 4 2 15 27 1890 1732 1844 1685
4940 4 2 15 27 1844 1719 1890 1602
4941 4 2 15 27 1844 1546 1647 1602
4942 4 2 15 27 1567 1525 1693 1725
4943 4 2 15 27 1827 1761 1870 1628
4944 4 2 15 27 1719 1827 1917 1521
4945 4 2 15 27 1725 1841 1917 1567
4946 4 2 15 27 1628 1521 1693 1827
4947 4 2 15 27 1578 1696 1539 1741
4948 4 2 15 27 1521 1539 1696 1741
4949 4 2 15 27 1521 1696 1567 1917
4950 4 2 15 27 1525 1593 1693 1882
4951 4 2 15 27 1628 1521 1827 1642
4952 4 2 15 27 1721 1822 1857 1519
4953 4 2 15 27 1628 1882 1593 1870
4954 4 2 15 27 1719 1837 1827 1642
4955 4 2 15 27 1550 1836 1837 1760
4956 4 2 15 27 1003 1004 1550 1760
4957 4 2 15 27 1614 1549 1722 1880
4958 4 2 15 27 1843 1870 1761 1549
4959 4 2 15 27 1843 1722 1870 1549
4960 4 2 15 27 1002 1003 1549 1843
4961 4 2 15 27 998 1590 1640 1808
4962 4 2 15 27 1021 1808 1590 184
4963 4 2 15 27 1549 1550 1628 1761
4964 4 2 15 27 1019 1018 1773 1581
4965 4 2 15 27 1789 1859 1874 1601
4966 4 2 15 27 1577 1681 1684 1832
4967 4 2 15 27 1778 1014 1921 1548
4968 4 2 15 27 1784 1735 1675 1580
4969 4 2 15 27 1633 1547 1921 1922
4970 4 2 15 27 1642 1836 1719 1837
4971 4 2 15 27 1720 1885 1832 1684
4972 4 2 15 27 1885 1725 1882 1525
4973 4 2 15 27 1862 1767 1914 1535
4974 4 2 15 27 1812 1730 1842 1694
4975 4 2 15 27 1015 1912 1911 1672
4976 4 2 15 27 1011 1744 1591 1683
4977 4 2 15 27 1737 1786 1823 1562
4978 4 2 15 27 1583 1919 1662 1914
4979 4 2 15 27 989 1637 1671 1821
4980 4 2 15 27 1722 1843 1880 1549
4981 4 2 15 27 1009 1772 1826 1645
4982 4 2 15 27 1917 1841 1696 1567
4983 4 2 15 27 1588 1519 1613 1721
4984 4 2 15 27 1632 1606 1542 1758
4985 4 2 15 27 1779 1819 1871 1594
4986 4 2 15 27 1796 1858 1679 1682
4987 4 2 15 27 1878 1727 1697 1796
4988 4 2 15 27 1736 1850 1845 1629
4989 4 2 15 27 1701 1560 1842 1694
4990 4 2 15 27 1671 1558 1677 1766
4991 4 2 15 27 1520 1651 1684 1720
4992 4 2 15 27 1842 1768 1812 1560
4993 4 2 15 27 1790 1881 1874 1689
4994 4 2 15 27 1796 1824 1744 1522
4995 4 2 15 27 1874 1756 1875 1543
4996 4 2 15 27 1765 1613 1637 1817
4997 4 2 15 27 1590 1549 1614 1880
4998 4 2 15 27 1582 1649 1678 1745
4999 4 2 15 27 1841 1741 1917 1696
5000 4 2 15 27 1810 1907 1517 1759
5001 4 2 15 27 1548 1690 1662 1778
5002 4 2 15 27 1831 1752 1900 1654
5003 4 2 15 27 1549 1593 1722 1870
5004 4 2 15 27 1838 1772 1839 1574
5005 4 2 15 27 1812 1560 1694 1842
5006 4 2 15 27 1736 1805 1879 1540
5007 4 2 15 27 1724 1858 1916 1679
5008 4 2 15 27 1737 1885 1864 1525
5009 4 2 15 27 1836 1719 1844 1647
5010 4 2 15 27 1922 1807 1726 1547
5011 4 2 15 27 1780 1731 1805 1584
5012 4 2 15 27 1891 1814 1728 1631
5013 4 2 15 27 1588 1531 1627 1848
5014 4 2 15 27 1792 1779 1898 1570
5015 4 2 15 27 1522 1576 1591 1744
5016 4 2 15 27 1885 1832 1684 1681
5017 4 2 15 27 1531 996 1581 1811
5018 4 2 15 27 1878 1727 1856 1697
5019 4 2 15 27 1531 1587 1627 1886
5020 4 2 15 27 1572 1524 1697 1727
5021 4 2 15 27 1829 1784 1904 1657
5022 4 2 15 27 1735 1784 1675 1774
5023 4 2 15 27 1845 1728 1526 1700
5024 4 2 15 27 1633 1596 1922 1878
5025 4 2 15 27 1566 1637 1639 1765
5026 4 2 15 27 1883 1010 1644 1678
5027 4 2 15 27 1741 1731 1780 1578
5028 4 2 15 27 1772 1826 1645 1574
5029 4 2 15 27 1775 1770 1903 1571
5030 4 2 15 27 1770 1775 1788 1571
5031 4 2 15 27 1902 1816 1720 1651
5032 4 2 15 27 1803 1753 1565 1869
5033 4 2 15 27 1021 1808 1880 1590
5034 4 2 15 27 1880 1808 1614 1590
5035 4 2 15 27 1880 1614 1808 1825
5036 4 2 15 27 1640 1614 1808 1590
5037 4 2 15 27 1640 1808 1614 1825
5038 4 2 15 27 1533 1747 1599 1624
5039 4 2 15 27 1533 1599 1747 1906
5040 4 2 15 27 1804 1599 1747 1624
5041 4 2 15 27 1804 1747 1599 1906
5042 4 2 15 27 1836 1812 1550 1536
5043 4 2 15 27 1836 1550 1812 1760
5044 4 2 15 27 1673 1550 1812 1536
5045 4 2 15 27 1699 1751 1750 1809
5046 4 2 15 27 1699 1750 1751 1579
5047 4 2 15 27 1634 1824 1598 1625
5048 4 2 15 27 1634 1598 1824 1793
5049 4 2 15 27 1846 1598 1824 1625
5050 4 2 15 27 1846 1824 1598 1793
5051 4 2 15 27 1623 1622 1795 1532
5052 4 2 15 27 1795 1622 1623 1754
5053 4 2 15 27 1830 1749 1556 1884
5054 4 2 15 27 1830 1556 1749 1691
5055 4 2 15 27 1515 1569 1755 1573
5056 4 2 15 27 1755 1569 1515 1717
5057 4 2 15 27 1755 1897 1515 1573
5058 4 2 15 27 1515 1897 1755 1717
5059 4 2 15 27 1652 1748 1653 1797
5060 4 2 15 27 1652 1653 1748 1532
5061 4 2 15 27 1795 1653 1748 1797
5062 4 2 15 27 1795 1748 1653 1532
5063 4 2 15 27 1703 1850 1545 1763
5064 4 2 15 27 1703 1545 1850 1629
5065 4 2 15 27 1845 1545 1850 1763
5066 4 2 15 27 1845 1850 1545 1629
5067 4 2 15 27 1795 1687 1688 1532
5068 4 2 15 27 1795 1688 1687 1871
5069 4 2 15 27 1600 1733 1665 1538
5070 4 2 15 27 1600 1665 1733 1813
5071 4 2 15 27 1853 1665 1733 1538
5072 4 2 15 27 1853 1733 1665 1813
5073 4 2 15 27 1587 1742 1520 1555
5074 4 2 15 27 1587 1520 1742 1734
5075 4 2 15 27 1781 1520 1742 1555
5076 4 2 15 27 1781 1742 1520 1734
5077 4 2 15 27 1570 1898 1621 1622
5078 4 2 15 27 1570 1621 1898 1792
5079 4 2 15 27 1754 1621 1898 1622
5080 4 2 15 27 1754 1898 1621 1792
5081 4 2 15 27 1572 1797 1565 1753
5082 4 2 15 27 1572 1565 1797 1653
5083 4 2 15 27 1869 1565 1797 1753
5084 4 2 15 27 1869 1797 1565 1653
5085 4 2 15 27 1599 1544 1906 1533
5086 4 2 15 27 1599 1906 1544 1759
5087 4 2 15 27 1632 1526 1769 1728
5088 4 2 15 27 1632 1769 1526 1656
5089 4 2 15 27 1801 1769 1526 1728
5090 4 2 15 27 1801 1526 1769 1656
5091 4 2 15 27 1691 1831 1887 1749
5092 4 2 15 27 1887 1831 1691 1529
5093 4 2 15 27 1887 1630 1691 1749
5094 4 2 15 27 1691 1630 1887 1529
5095 4 2 15 27 1776 1831 1612 1740
5096 4 2 15 27 1776 1612 1831 1529
5097 4 2 15 27 1611 1612 1831 1740
5098 4 2 15 27 1611 1831 1612 1529
5099 4 2 15 27 1863 1564 1615 1828
5100 4 2 15 27 1615 1564 1863 1616
5101 4 2 15 27 1615 1787 1863 1828
5102 4 2 15 27 1863 1787 1615 1616
5103 4 2 15 27 1908 1600 1699 1809
5104 4 2 15 27 1699 1600 1908 1554
5105 4 2 15 27 1699 1847 1908 1809
5106 4 2 15 27 1908 1847 1699 1554
5107 4 2 15 27 1827 1521 1725 1917
5108 4 2 15 27 1827 1725 1521 1693
5109 4 2 15 27 1567 1725 1521 1917
5110 4 2 15 27 1567 1521 1725 1693
5111 4 2 15 27 1890 1741 1602 1719
5112 4 2 15 27 1890 1602 1741 1539
5113 4 2 15 27 1521 1602 1741 1719
5114 4 2 15 27 1521 1741 1602 1539
5115 4 2 15 27 1534 1654 1900 1752
5116 4 2 15 27 1900 1654 1534 1676
5117 4 2 15 27 1900 1820 1534 1752
5118 4 2 15 27 1534 1820 1900 1676
5119 4 2 15 27 1876 1667 1543 1756
5120 4 2 15 27 1876 1543 1667 1659
5121 4 2 15 27 1833 1646 1609 1873
5122 4 2 15 27 1609 1646 1833 1663
5123 4 2 15 27 1660 1674 1855 1901
5124 4 2 15 27 1855 1674 1660 1552
5125 4 2 15 27 1855 1775 1660 1901
5126 4 2 15 27 1660 1775 1855 1552
5127 4 2 15 27 1629 1879 1736 1850
5128 4 2 15 27 1629 1736 1879 1540
5129 4 2 15 27 1790 1874 1543 1689
5130 4 2 15 27 1543 1874 1790 1875
5131 4 2 15 27 1543 1643 1790 1689
5132 4 2 15 27 1790 1643 1543 1875
5133 4 2 15 27 1686 1626 1736 1909
5134 4 2 15 27 1686 1736 1626 1540
5135 4 2 15 27 1895 1698 1661 1835
5136 4 2 15 27 1661 1698 1895 1537
5137 4 2 15 27 1661 1794 1895 1835
5138 4 2 15 27 1895 1794 1661 1537
5139 4 2 15 27 1681 1832 1523 1806
5140 4 2 15 27 1681 1523 1832 1577
5141 4 2 15 27 1743 1523 1832 1806
5142 4 2 15 27 1743 1832 1523 1577
5143 4 2 15 27 1534 1611 1723 1583
5144 4 2 15 27 1534 1723 1611 1752
5145 4 2 15 27 1862 1723 1611 1583
5146 4 2 15 27 1862 1611 1723 1752
5147 4 2 15 27 1551 1771 1788 1913
5148 4 2 15 27 1788 1771 1551 1635
5149 4 2 15 27 1788 1636 1551 1913
5150 4 2 15 27 1551 1636 1788 1635
5151 4 2 15 27 1836 1550 1642 1647
5152 4 2 15 27 1836 1642 1550 1837
5153 4 2 15 27 1546 1730 1647 1658
5154 4 2 15 27 1568 1754 1621 1899
5155 4 2 15 27 1568 1621 1754 1622
5156 4 2 15 27 1674 1774 1610 1675
5157 4 2 15 27 1674 1610 1774 1901
5158 4 2 15 27 1585 1860 1835 1739
5159 4 2 15 27 1585 1835 1860 1661
5160 4 2 15 27 1892 1585 1835 1739
5161 4 2 15 27 1892 1835 1585 1661
5162 4 2 15 27 1648 1585 1892 1739
5163 4 2 15 27 1648 1892 1585 1661
5164 4 2 15 27 1528 1851 1678 1649
5165 4 2 15 27 1528 1678 1851 1883
5166 4 2 15 27 1745 1678 1851 1649
5167 4 2 15 27 1745 1851 1678 1883
5168 4 2 15 27 1607 1768 1561 1839
5169 4 2 15 27 1607 1561 1768 1641
5170 4 2 15 27 1840 1561 1768 1839
5171 4 2 15 27 1840 1768 1561 1641
5172 4 2 15 27 1672 1535 1912 1767
5173 4 2 15 27 1672 1912 1535 1690
5174 4 2 15 27 1914 1912 1535 1767
5175 4 2 15 27 1914 1535 1912 1690
5176 4 2 15 27 1686 1578 1741 1780
5177 4 2 15 27 1741 1578 1686 1539
5178 4 2 15 27 1686 1741 1732 1780
5179 4 2 15 27 1732 1741 1686 1539
5180 4 2 15 27 1605 1732 1686 1539
5181 4 2 15 27 1692 1688 1748 1819
5182 4 2 15 27 1748 1688 1692 1595
5183 4 2 15 27 1748 1820 1692 1819
5184 4 2 15 27 1692 1820 1748 1595
5185 4 2 15 27 1594 1570 1898 1779
5186 4 2 15 27 1898 1570 1594 1687
5187 4 2 15 27 1898 1871 1594 1779
5188 4 2 15 27 1594 1871 1898 1687
5189 4 2 15 27 1546 1769 1685 1844
5190 4 2 15 27 1546 1685 1769 1656
5191 4 2 15 27 1732 1685 1769 1844
5192 4 2 15 27 1732 1769 1685 1656
5193 4 2 15 27 1806 1593 1885 1882
5194 4 2 15 27 1806 1885 1593 1681
5195 4 2 15 27 1525 1885 1593 1882
5196 4 2 15 27 1525 1593 1885 1681
5197 4 2 15 27 1909 1686 1732 1780
5198 4 2 15 27 1909 1732 1686 1605
5199 4 2 15 27 1907 1916 1679 1724
5200 4 2 15 27 1679 1916 1907 1517
5201 4 2 15 27 1813 1783 1554 1665
5202 4 2 15 27 1813 1554 1783 1908
5203 4 2 15 27 1519 1822 1612 1557
5204 4 2 15 27 1519 1612 1822 1857
5205 4 2 15 27 1740 1612 1822 1557
5206 4 2 15 27 1740 1822 1612 1857
5207 4 2 15 27 1913 1570 1779 1770
5208 4 2 15 27 1571 1788 1913 1636
5209 4 2 15 27 1913 1788 1571 1770
5210 4 2 15 27 1570 1571 1913 1636
5211 4 2 15 27 1913 1571 1570 1770
5212 4 2 15 27 1750 1775 1579 1552
5213 4 2 15 27 1750 1579 1775 1903
5214 4 2 15 27 1571 1579 1775 1552
5215 4 2 15 27 1571 1775 1579 1903
5216 4 2 15 27 1568 1565 1869 1803
5217 4 2 15 27 1869 1565 1568 1623
5218 4 2 15 27 1869 1754 1568 1803
5219 4 2 15 27 1568 1754 1869 1623
5220 4 2 15 27 1670 1745 1683 1785
5221 4 2 15 27 1670 1683 1745 1582
5222 4 2 15 27 1011 1683 1745 1785
5223 4 2 15 27 1011 1745 1683 1582
5224 4 2 15 27 1679 1524 1796 1682
5225 4 2 15 27 1809 1564 1600 1699
5226 4 2 15 27 1600 1564 1809 1828
5227 4 2 15 27 1829 1783 1657 1904
5228 4 2 15 27 1554 1657 1783 1904
5229 4 2 15 27 1554 1783 1657 1664
5230 4 2 15 27 1805 1661 1648 1584
5231 4 2 15 27 1648 1661 1805 1892
5232 4 2 15 27 1014 1672 1778 1912
5233 4 2 15 27 1014 1778 1672 1548
5234 4 2 15 27 1643 1541 1833 1918
5235 4 2 15 27 1833 1541 1643 1663
5236 4 2 15 27 1833 1799 1643 1918
5237 4 2 15 27 1796 1824 1596 1726
5238 4 2 15 27 1796 1596 1824 1522
5239 4 2 15 27 1625 1596 1824 1726
5240 4 2 15 27 1625 1824 1596 1522
5241 4 2 15 27 1535 1862 1557 1611
5242 4 2 15 27 1535 1557 1862 1888
5243 4 2 15 27 1740 1557 1862 1611
5244 4 2 15 27 1740 1862 1557 1888
5245 4 2 15 27 1798 1518 1727 1572
5246 4 2 15 27 1798 1727 1518 1856
5247 4 2 15 27 1697 1727 1518 1572
5248 4 2 15 27 1697 1518 1727 1856
5249 4 2 15 27 1635 1884 1571 1788
5250 4 2 15 27 1635 1571 1884 1556
5251 4 2 15 27 1775 1571 1884 1788
5252 4 2 15 27 1775 1884 1571 1556
5253 4 2 15 27 1585 1863 1617 1860
5254 4 2 15 27 1585 1617 1863 1616
5255 4 2 15 27 1738 1617 1863 1860
5256 4 2 15 27 1738 1863 1617 1616
5257 4 2 15 27 1689 1755 1746 1790
5258 4 2 15 27 1746 1755 1689 1573
5259 4 2 15 27 1746 1643 1689 1790
5260 4 2 15 27 1689 1643 1746 1573
5261 4 2 15 27 1729 1759 1517 1544
5262 4 2 15 27 1517 1759 1729 1810
5263 4 2 15 27 1517 1589 1729 1544
5264 4 2 15 27 1729 1589 1517 1810
5265 4 2 15 27 1758 1606 1757 1866
5266 4 2 15 27 1758 1757 1606 1542
5267 4 2 15 27 1527 1757 1606 1866
5268 4 2 15 27 1527 1606 1757 1542
5269 4 2 15 27 1857 1519 1815 1721
5270 4 2 15 27 1857 1815 1519 1603
5271 4 2 15 27 1627 1519 1815 1603
5272 4 2 15 27 181 977 1840 1009
5273 4 2 15 27 181 1840 977 1680
5274 4 2 15 27 183 995 1868 1017
5275 4 2 15 27 183 1868 995 1639
5276 4 2 15 27 989 183 1765 1016
5277 4 2 15 27 989 1765 183 1639
5278 4 2 15 27 1012 182 1634 1793
5279 4 2 15 27 1012 1634 182 980
5280 4 2 15 27 175 1634 182 1793
5281 4 2 15 27 175 182 1634 980
5282 4 2 15 27 1784 1750 1674 1855
5283 4 2 15 27 1784 1674 1750 1655
5284 4 2 15 27 1552 1674 1750 1855
5285 4 2 15 27 1552 1750 1674 1655
5286 4 2 15 27 1695 1597 1019 997
5287 4 2 15 27 1019 1597 1695 1852
5288 4 2 15 27 1562 1791 1567 1666
5289 4 2 15 27 1562 1567 1791 1737
5290 4 2 15 27 1841 1567 1791 1666
5291 4 2 15 27 1841 1791 1567 1737
5292 4 2 15 27 1645 1561 1009 1772
5293 4 2 15 27 1645 1009 1561 977
5294 4 2 15 27 1840 1009 1561 1772
5295 4 2 15 27 1840 1561 1009 977
5296 4 2 15 27 998 184 1590 1808
5297 4 2 15 27 998 1590 184 179
5298 4 2 15 27 1834 1775 1556 1884
5299 4 2 15 27 1644 1009 1645 977
5300 4 2 15 27 1644 1645 1009 1826
5301 4 2 15 27 1795 1623 1653 1869
5302 4 2 15 27 1653 1623 1795 1532
5303 4 2 15 27 1023 1673 1641 1004
5304 4 2 15 27 1641 1673 1023 1768
5305 4 2 15 27 1641 1024 1023 1004
5306 4 2 15 27 1023 1024 1641 1768
5307 4 2 15 27 1820 1748 1652 1798
5308 4 2 15 27 1652 1748 1820 1595
5309 4 2 15 27 1652 1534 1820 1798
5310 4 2 15 27 1820 1534 1652 1595
5311 4 2 15 27 1605 1526 1909 1801
5312 4 2 15 27 1605 1909 1526 1626
5313 4 2 15 27 1845 1909 1526 1801
5314 4 2 15 27 1845 1526 1909 1626
5315 4 2 15 27 1825 1614 1806 1722
5316 4 2 15 27 1825 1806 1614 1523
5317 4 2 15 27 1593 1806 1614 1722
5318 4 2 15 27 1593 1614 1806 1523
5319 4 2 15 27 1843 1022 1549 1761
5320 4 2 15 27 1843 1549 1022 1003
5321 4 2 15 27 1549 1022 1550 1761
5322 4 2 15 27 1549 1550 1022 1003
5323 4 2 15 27 1550 1022 1760 1761
5324 4 2 15 27 1550 1760 1022 1003
5325 4 2 15 27 1530 1783 1829 1742
5326 4 2 15 27 1853 1783 1555 1742
5327 4 2 15 27 1555 1530 1783 1664
5328 4 2 15 27 1555 1783 1530 1742
5329 4 2 15 27 1023 1004 1812 1673
5330 4 2 15 27 1023 1812 1004 1760
5331 4 2 15 27 1550 1812 1004 1673
5332 4 2 15 27 1550 1004 1812 1760
5333 4 2 15 27 1635 1771 1604 1830
5334 4 2 15 27 1635 1604 1771 1551
5335 4 2 15 27 1900 1604 1771 1830
5336 4 2 15 27 1843 1021 1549 1002
5337 4 2 15 27 1843 1549 1021 1880
5338 4 2 15 27 1590 1549 1021 1002
5339 4 2 15 27 1590 1021 1549 1880
5340 4 2 15 27 980 1012 1744 1591
5341 4 2 15 27 980 1744 1012 1915
5342 4 2 15 27 1522 1634 1744 1591
5343 4 2 15 27 1634 980 1744 1591
5344 4 2 15 27 1634 1744 980 1915
5345 4 2 15 27 1807 1013 1547 986
5346 4 2 15 27 1807 1547 1013 1846
5347 4 2 15 27 1598 1547 1013 986
5348 4 2 15 27 1598 1013 1547 1846
5349 4 2 15 27 1758 1728 1542 1632
5350 4 2 15 27 1758 1542 1728 1814
5351 4 2 15 27 1631 1542 1728 1632
5352 4 2 15 27 1631 1728 1542 1814
5353 4 2 15 27 989 1821 1765 1637
5354 4 2 15 27 989 1765 1821 1016
5355 4 2 15 27 1883 1644 1762 1528
5356 4 2 15 27 1883 1762 1644 1826
5357 4 2 15 27 1574 1762 1644 1528
5358 4 2 15 27 1574 1644 1762 1826
5359 4 2 15 27 1808 998 1743 1640
5360 4 2 15 27 1808 1743 998 1020
5361 4 2 15 27 1597 1743 998 1640
5362 4 2 15 27 1597 998 1743 1020
5363 4 2 15 27 1015 1821 1671 1911
5364 4 2 15 27 1671 1821 1015 988
5365 4 2 15 27 1671 1672 1015 1911
5366 4 2 15 27 1015 1672 1671 988
5367 4 2 15 27 995 1017 1566 1868
5368 4 2 15 27 995 1566 1017 1608
5369 4 2 15 27 1818 1566 1764 1868
5370 4 2 15 27 1566 1017 1764 1868
5371 4 2 15 27 1566 1764 1017 1608
5372 4 2 15 27 1838 1516 1849 1638
5373 4 2 15 27 1838 1849 1516 1718
5374 4 2 15 27 1919 1633 1518 1662
5375 4 2 15 27 1518 1633 1919 1856
5376 4 2 15 27 1515 1739 1897 1717
5377 4 2 15 27 1515 1897 1739 1586
5378 4 2 15 27 1744 1796 1576 1858
5379 4 2 15 27 1744 1576 1796 1522
5380 4 2 15 27 1018 996 1764 1811
5381 4 2 15 27 1018 1764 996 1608
5382 4 2 15 27 1531 1764 996 1811
5383 4 2 15 27 1531 996 1764 1608
5384 4 2 15 27 1531 1920 1581 1650
5385 4 2 15 27 1531 1581 1920 1811
5386 4 2 15 27 1773 1581 1920 1650
5387 4 2 15 27 1773 1920 1581 1811
5388 4 2 15 27 1613 1817 1519 1702
5389 4 2 15 27 1613 1519 1817 1721
5390 4 2 15 27 1822 1519 1817 1702
5391 4 2 15 27 1822 1817 1519 1721
5392 4 2 15 27 1910 1658 1842 1730
5393 4 2 15 27 1910 1842 1658 1701
5394 4 2 15 27 1694 1842 1658 1730
5395 4 2 15 27 1694 1658 1842 1701
5396 4 2 15 27 1550 1628 1837 1642
5397 4 2 15 27 1550 1837 1628 1761
5398 4 2 15 27 1827 1837 1628 1642
5399 4 2 15 27 1827 1628 1837 1761
5400 4 2 15 27 1658 1836 1647 1536
5401 4 2 15 27 1658 1647 1836 1730
5402 4 2 15 27 1694 1812 1658 1536
5403 4 2 15 27 1694 1658 1812 1730
5404 4 2 15 27 1812 1836 1658 1536
5405 4 2 15 27 1812 1658 1836 1730
5406 4 2 15 27 1669 1578 1841 1696
5407 4 2 15 27 1669 1841 1578 1731
5408 4 2 15 27 1741 1841 1578 1696
5409 4 2 15 27 1741 1578 1841 1731
5410 4 2 15 27 1661 1584 1835 1698
5411 4 2 15 27 1661 1835 1584 1805
5412 4 2 15 27 1731 1835 1584 1698
5413 4 2 15 27 1731 1584 1835 1805
5414 4 2 15 27 1583 1518 1919 1723
5415 4 2 15 27 1583 1919 1518 1662
5416 4 2 15 27 1599 1524 1724 1679
5417 4 2 15 27 1599 1724 1524 1877
5418 4 2 15 27 1796 1724 1524 1679
5419 4 2 15 27 1796 1524 1724 1877
5420 4 2 15 27 1575 1757 1833 1663
5421 4 2 15 27 1833 1757 1575 1799
5422 4 2 15 27 1833 1643 1575 1663
5423 4 2 15 27 1575 1643 1833 1799
5424 4 2 15 27 1516 1718 1758 1910
5425 4 2 15 27 1516 1559 1758 1606
5426 4 2 15 27 1758 1559 1516 1910
5427 4 2 15 27 1544 1872 1527 1729
5428 4 2 15 27 1544 1527 1872 1667
5429 4 2 15 27 1800 1527 1872 1729
5430 4 2 15 27 1800 1872 1527 1667
5431 4 2 15 27 1824 1634 1744 1522
5432 4 2 15 27 1824 1744 1634 1915
5433 4 2 15 27 1849 1762 1589 1851
5434 4 2 15 27 1849 1589 1762 1638
5435 4 2 15 27 1528 1589 1762 1851
5436 4 2 15 27 1528 1762 1589 1638
5437 4 2 15 27 1849 1516 1758 1606
5438 4 2 15 27 1849 1758 1516 1718
5439 4 2 15 27 1784 1674 1774 1855
5440 4 2 15 27 1784 1774 1674 1675
5441 4 2 15 27 1759 1517 1599 1907
5442 4 2 15 27 1759 1599 1517 1544
5443 4 2 15 27 1919 1633 1548 1921
5444 4 2 15 27 1548 1633 1919 1662
5445 4 2 15 27 1548 1778 1919 1921
5446 4 2 15 27 1919 1778 1548 1662
5447 4 2 15 27 1802 1621 1889 1620
5448 4 2 15 27 1802 1889 1621 1899
5449 4 2 15 27 1568 1889 1621 1620
5450 4 2 15 27 1568 1621 1889 1899
5451 4 2 15 27 1569 1865 1601 1620
5452 4 2 15 27 1569 1601 1865 1789
5453 4 2 15 27 1905 1601 1865 1620
5454 4 2 15 27 1905 1865 1601 1789
5455 4 2 15 27 1594 1570 1913 1636
5456 4 2 15 27 1913 1570 1594 1779
5457 4 2 15 27 1594 1819 1913 1779
5458 4 2 15 27 1745 1810 1670 1649
5459 4 2 15 27 1745 1670 1810 1916
5460 4 2 15 27 1517 1670 1810 1649
5461 4 2 15 27 1517 1810 1670 1916
5462 4 2 15 27 1839 1718 1516 1607
5463 4 2 15 27 1516 1718 1839 1838
5464 4 2 15 27 1516 1574 1839 1607
5465 4 2 15 27 1839 1574 1516 1838
5466 4 2 15 27 1531 1920 1587 1886
5467 4 2 15 27 1531 1587 1920 1650
5468 4 2 15 27 1734 1587 1920 1886
5469 4 2 15 27 1734 1920 1587 1650
5470 4 2 15 27 1588 1848 1519 1721
5471 4 2 15 27 1588 1519 1848 1627
5472 4 2 15 27 1815 1519 1848 1721
5473 4 2 15 27 1815 1848 1519 1627
5474 4 2 15 27 1556 1775 1901 1660
5475 4 2 15 27 1901 1775 1556 1834
5476 4 2 15 27 1901 1610 1556 1660
5477 4 2 15 27 1556 1610 1901 1834
5478 4 2 15 27 1562 1823 1618 1786
5479 4 2 15 27 1562 1618 1823 1563
5480 4 2 15 27 1867 1618 1823 1786
5481 4 2 15 27 1867 1823 1618 1563
5482 4 2 15 27 1684 1864 1520 1720
5483 4 2 15 27 1684 1520 1864 1592
5484 4 2 15 27 1781 1520 1864 1720
5485 4 2 15 27 1781 1864 1520 1592
5486 4 2 15 27 1657 1530 1783 1829
5487 4 2 15 27 1783 1530 1657 1664
5488 4 2 15 27 1776 1774 1630 1887
5489 4 2 15 27 1776 1630 1774 1553
5490 4 2 15 27 1610 1774 1630 1553
5491 4 2 15 27 1671 1535 1766 1677
5492 4 2 15 27 1671 1766 1535 1911
5493 4 2 15 27 1767 1535 1766 1911
5494 4 2 15 27 1577 1684 1902 1832
5495 4 2 15 27 1577 1902 1684 1651
5496 4 2 15 27 1720 1902 1684 1832
5497 4 2 15 27 1720 1684 1902 1651
5498 4 2 15 27 1786 1592 1737 1864
5499 4 2 15 27 1786 1737 1592 1562
5500 4 2 15 27 1525 1737 1592 1864
5501 4 2 15 27 1525 1592 1737 1562
5502 4 2 15 27 1893 1617 1563 1738
5503 4 2 15 27 1563 1617 1893 1619
5504 4 2 15 27 1563 1823 1893 1738
5505 4 2 15 27 1893 1823 1563 1619
5506 4 2 15 27 1791 1841 1669 1895
5507 4 2 15 27 1791 1669 1841 1666
5508 4 2 15 27 1537 1791 1669 1895
5509 4 2 15 27 1537 1669 1791 1666
5510 4 2 15 27 1619 1537 1791 1666
5511 4 2 15 27 1853 1555 1854 1781
5512 4 2 15 27 1853 1854 1555 1538
5513 4 2 15 27 1592 1854 1555 1781
5514 4 2 15 27 1592 1555 1854 1538
5515 4 2 15 27 1014 987 1921 1548
5516 4 2 15 27 1014 1921 987 1807
5517 4 2 15 27 1547 1921 987 1548
5518 4 2 15 27 1547 987 1921 1807
5519 4 2 15 27 1844 1647 1730 1836
5520 4 2 15 27 1730 1647 1844 1546
5521 4 2 15 27 1566 1588 1764 1608
5522 4 2 15 27 1566 1764 1588 1818
5523 4 2 15 27 1888 1766 1535 1677
5524 4 2 15 27 1888 1535 1766 1767
5525 4 2 15 27 1544 1906 1859 1759
5526 4 2 15 27 1544 1872 1859 1668
5527 4 2 15 27 1859 1872 1544 1759
5528 4 2 15 27 1791 1893 1537 1619
5529 4 2 15 27 1791 1537 1893 1895
5530 4 2 15 27 1859 1533 1544 1668
5531 4 2 15 27 1544 1533 1859 1906
5532 4 2 15 27 1834 1630 1774 1887
5533 4 2 15 27 1774 1630 1834 1610
5534 4 2 15 27 1783 1665 1555 1664
5535 4 2 15 27 1783 1555 1665 1853
5536 4 2 15 27 1692 1913 1594 1819
5537 4 2 15 27 1594 1913 1692 1636
5538 4 2 15 27 1771 1676 1604 1900
5539 4 2 15 27 1771 1604 1676 1551
5540 4 2 16 28 271 2860 272 3044
5541 4 2 16 28 2812 668 2859 3030
5542 4 2 16 28 2303 689 690 1982
5543 4 2 16 28 631 2813 2860 3011
5544 4 2 16 28 818 1833 1799 1757
5545 4 2 16 28 2006 2094 2104 1251
5546 4 2 16 28 351 2108 350 1212
5547 4 2 16 28 2267 1983 2286 324
5548 4 2 16 28 2094 2005 2269 260
5549 4 2 16 28 2204 1994 371 370
5550 4 2 16 28 504 505 2284 3002
5551 4 2 16 28 2795 545 544 3006
5552 4 2 16 28 593 594 2772 3045
5553 4 2 16 28 2108 351 350 2093
5554 4 2 16 28 502 1740 503 1968
5555 4 2 16 28 494 1162 1217 2285
5556 4 2 16 28 1990 2090 2271 416
5557 4 2 16 28 1805 156 920 1835
5558 4 2 16 28 1784 1847 1750 964
5559 4 2 16 28 2134 2045 2281 444
5560 4 2 16 28 658 659 2856 3013
5561 4 2 16 28 2237 1942 2277 3081
5562 4 2 16 28 2198 2007 2298 255
5563 4 2 16 28 839 1855 1901 880
5564 4 2 16 28 539 540 2091 3065
5565 4 2 16 28 2006 2104 2305 1169
5566 4 2 16 28 2766 618 617 2989
5567 4 2 16 28 2108 2058 423 424
5568 4 2 16 28 1853 1355 727 728
5569 4 2 16 28 598 2784 597 2990
5570 4 2 16 28 1844 1719 1836 3079
5571 4 2 16 28 156 1805 893 1731
5572 4 2 16 28 2172 1182 1981 2030
5573 4 2 16 28 692 693 2318 2956
5574 4 2 16 28 2312 1170 2166 1253
5575 4 2 16 28 2087 433 2124 2125
5576 4 2 16 28 570 2803 569 3049
5577 4 2 16 28 583 584 2781 2974
5578 4 2 16 28 2135 2064 2244 1205
5579 4 2 16 28 1999 2040 2205 1171
5580 4 2 16 28 641 2111 2224 642
5581 4 2 16 28 2031 1267 2190 406
5582 4 2 16 28 2038 2214 322 321
5583 4 2 16 28 2282 675 676 3064
5584 4 2 16 28 2241 2047 2316 345
5585 4 2 16 28 2287 1963 2315 1165
5586 4 2 16 28 516 1959 517 2071
5587 4 2 16 28 2038 1938 2214 321
5588 4 2 16 28 2108 2320 350 1212
5589 4 2 16 28 2030 1981 2150 1182
5590 4 2 16 28 2000 2122 2210 1177
5591 4 2 16 28 2104 1948 2297 257
5592 4 2 16 28 2173 333 2030 1935
5593 4 2 16 28 2011 2002 2115 1183
5594 4 2 16 28 2081 2156 438 1264
5595 4 2 16 28 1833 819 1284 1814
5596 4 2 16 28 1890 1844 1732 3078
5597 4 2 16 28 1814 714 715 2969
5598 4 2 16 28 880 1855 1287 839
5599 4 2 16 28 2121 1956 1239 251
5600 4 2 16 28 2216 1269 2187 74
5601 4 2 16 28 1962 2050 2240 364
5602 4 2 16 28 2079 1956 2153 249
5603 4 2 16 28 1879 152 1435 1805
5604 4 2 16 28 2121 1956 2189 1239
5605 4 2 16 28 2044 2181 2217 1180
5606 4 2 16 28 67 1944 2320 2130
5607 4 2 16 28 156 1805 1731 1835
5608 4 2 16 28 2050 1962 2289 365
5609 4 2 16 28 585 1888 2832 584
5610 4 2 16 28 21 29 28 87
5611 4 2 16 28 572 1917 571 2218
5612 4 2 16 28 1975 2055 400 2180
5613 4 2 16 28 714 715 1326 1814
5614 4 2 16 28 161 112 169 1386
5615 4 2 16 28 1925 2070 375 70
5616 4 2 16 28 722 786 785 2950
5617 4 2 16 28 2069 2011 1237 2002
5618 4 2 16 28 555 2801 554 3104
5619 4 2 16 28 2033 1962 2240 364
5620 4 2 16 28 2113 2041 2239 462
5621 4 2 16 28 1750 1784 964 1855
5622 4 2 16 28 1855 1774 1287 839
5623 4 2 16 28 921 785 786 2950
5624 4 2 16 28 504 503 1740 2284
5625 4 2 16 28 1426 134 1427 2921
5626 4 2 16 28 568 2015 569 3007
5627 4 2 16 28 2172 1185 1981 1235
5628 4 2 16 28 1930 415 2060 2090
5629 4 2 16 28 2047 1986 2279 343
5630 4 2 16 28 1274 87 697 2963
5631 4 2 16 28 700 1820 1819 699
5632 4 2 16 28 2751 665 2864 3030
5633 4 2 16 28 2124 2087 2139 432
5634 4 2 16 28 2139 2087 2208 431
5635 4 2 16 28 2062 1990 2271 417
5636 4 2 16 28 953 967 1813 966
5637 4 2 16 28 789 753 1337 106
5638 4 2 16 28 374 2062 2061 1213
5639 4 2 16 28 2228 2089 355 2253
5640 4 2 16 28 2225 2044 2282 446
5641 4 2 16 28 2250 1954 2098 2986
5642 4 2 16 28 1283 839 1901 880
5643 4 2 16 28 1948 285 2269 3048
5644 4 2 16 28 351 1936 2108 1210
5645 4 2 16 28 156 920 1835 154
5646 4 2 16 28 2007 255 256 2298
5647 4 2 16 28 713 1325 712 1757
5648 4 2 16 28 712 711 796 2970
5649 4 2 16 28 1763 858 133 136
5650 4 2 16 28 405 1961 2190 404
5651 4 2 16 28 646 2805 645 3085
5652 4 2 16 28 1962 2033 2274 61
5653 4 2 16 28 2025 2160 2290 1254
5654 4 2 16 28 2135 377 2236 1973
5655 4 2 16 28 715 792 118 2933
5656 4 2 16 28 1813 1733 1828 952
5657 4 2 16 28 1999 2205 2309 480
5658 4 2 16 28 2851 551 552 2992
5659 4 2 16 28 502 503 1888 2781
5660 4 2 16 28 1930 415 1209 2060
5661 4 2 16 28 2076 2139 2206 358
5662 4 2 16 28 2080 2156 440 439
5663 4 2 16 28 1738 1787 950 969
5664 4 2 16 28 2716 1115 1108 2237
5665 4 2 16 28 508 509 2176 2959
5666 4 2 16 28 733 2676 734 2999
5667 4 2 16 28 2179 2071 2211 318
5668 4 2 16 28 2781 2832 1888 584
5669 4 2 16 28 967 953 1813 952
5670 4 2 16 28 98 2953 731 3060
5671 4 2 16 28 2116 727 728 1853
5672 4 2 16 28 700 1820 698 1273
5673 4 2 16 28 2006 2104 1169 1251
5674 4 2 16 28 2096 701 91 1797
5675 4 2 16 28 1862 1723 1914 2959
5676 4 2 16 28 107 754 1424 2941
5677 4 2 16 28 1805 826 1780 825
5678 4 2 16 28 2744 2697 207 2987
5679 4 2 16 28 2038 2214 2313 322
5680 4 2 16 28 156 1895 892 1835
5681 4 2 16 28 660 659 1964 3013
5682 4 2 16 28 2836 672 2789 3006
5683 4 2 16 28 2839 670 2795 3006
5684 4 2 16 28 588 2022 589 2973
5685 4 2 16 28 2106 2052 2280 488
5686 4 2 16 28 2733 1128 1129 2957
5687 4 2 16 28 227 9 2728 2711
5688 4 2 16 28 1116 2726 1120 2709
5689 4 2 16 28 223 231 2708 2723
5690 4 2 16 28 1119 1120 2730 2713
5691 4 2 16 28 1124 1125 2729 2714
5692 4 2 16 28 2714 232 233 2729
5693 4 2 16 28 21 34 87 697
5694 4 2 16 28 572 571 1917 3101
5695 4 2 16 28 819 1833 1284 900
5696 4 2 16 28 2011 304 1237 305
5697 4 2 16 28 605 81 2861 2981
5698 4 2 16 28 2028 2220 2260 394
5699 4 2 16 28 234 2739 235 2940
5700 4 2 16 28 1185 2172 1981 2262
5701 4 2 16 28 112 140 169 1386
5702 4 2 16 28 1189 2183 1986 2134
5703 4 2 16 28 1882 1885 1806 3025
5704 4 2 16 28 527 1940 2993 3103
5705 4 2 16 28 91 701 1298 1797
5706 4 2 16 28 426 2088 2144 2127
5707 4 2 16 28 838 837 1372 3060
5708 4 2 16 28 1185 2172 2262 330
5709 4 2 16 28 2005 261 2269 260
5710 4 2 16 28 1810 1745 1916 3068
5711 4 2 16 28 946 921 153 3055
5712 4 2 16 28 1941 2950 2149 3055
5713 4 2 16 28 2105 2007 2220 393
5714 4 2 16 28 2851 2805 551 3085
5715 4 2 16 28 767 1392 766 3091
5716 4 2 16 28 713 712 2682 2969
5717 4 2 16 28 505 2186 2284 3002
5718 4 2 16 28 935 162 932 2946
5719 4 2 16 28 2260 2007 2198 1227
5720 4 2 16 28 1933 2055 2180 1196
5721 4 2 16 28 7 1134 8 2965
5722 4 2 16 28 1814 1833 1873 1284
5723 4 2 16 28 940 939 2938 3043
5724 4 2 16 28 959 1788 1434 960
5725 4 2 16 28 94 706 119 3003
5726 4 2 16 28 1941 2149 2259 3055
5727 4 2 16 28 2160 2025 2311 1254
5728 4 2 16 28 1842 1910 1730 2992
5729 4 2 16 28 1225 2200 1199 1938
5730 4 2 16 28 2282 2225 675 3064
5731 4 2 16 28 2270 628 629 3011
5732 4 2 16 28 1718 545 544 2241
5733 4 2 16 28 1867 1738 1787 950
5734 4 2 16 28 760 747 110 2986
5735 4 2 16 28 2809 576 577 2981
5736 4 2 16 28 713 1757 712 2969
5737 4 2 16 28 838 1287 1774 839
5738 4 2 16 28 2766 2824 286 2989
5739 4 2 16 28 2773 2829 288 2989
5740 4 2 16 28 1975 2055 2270 400
5741 4 2 16 28 678 677 2767 3066
5742 4 2 16 28 2859 547 546 2967
5743 4 2 16 28 2782 614 613 2985
5744 4 2 16 28 632 2860 2761 3015
5745 4 2 16 28 887 1787 1733 951
5746 4 2 16 28 714 793 792 2969
5747 4 2 16 28 1828 951 1733 1787
5748 4 2 16 28 1988 2046 443 442
5749 4 2 16 28 537 538 2182 3065
5750 4 2 16 28 349 1157 1212 2320
5751 4 2 16 28 2023 1218 2241 346
5752 4 2 16 28 2747 1127 1126 2987
5753 4 2 16 28 1124 2747 1125 2987
5754 4 2 16 28 145 893 1731 156
5755 4 2 16 28 2080 2156 2168 440
5756 4 2 16 28 671 670 2839 3006
5757 4 2 16 28 1995 2020 2067 383
5758 4 2 16 28 2158 512 1946 2997
5759 4 2 16 28 2854 2801 642 2992
5760 4 2 16 28 2054 2015 2204 369
5761 4 2 16 28 1129 237 2733 2957
5762 4 2 16 28 2122 2022 2210 482
5763 4 2 16 28 672 671 2789 3006
5764 4 2 16 28 512 513 1946 2997
5765 4 2 16 28 929 163 938 3036
5766 4 2 16 28 1122 1121 2741 2085
5767 4 2 16 28 2835 2781 502 2974
5768 4 2 16 28 2760 566 2856 3013
5769 4 2 16 28 644 2851 2802 2992
5770 4 2 16 28 578 579 2817 3018
5771 4 2 16 28 1276 1789 814 1859
5772 4 2 16 28 2159 1998 2191 476
5773 4 2 16 28 2841 2787 500 2974
5774 4 2 16 28 452 1176 1254 2290
5775 4 2 16 28 682 2823 683 3071
5776 4 2 16 28 1732 1780 1741 3029
5777 4 2 16 28 592 593 2826 2997
5778 4 2 16 28 2837 596 597 3019
5779 4 2 16 28 2198 2234 2260 1181
5780 4 2 16 28 2213 502 1822 501
5781 4 2 16 28 402 1219 2055 2034
5782 4 2 16 28 420 421 1155 2215
5783 4 2 16 28 274 273 2791 3011
5784 4 2 16 28 1983 2113 2239 1202
5785 4 2 16 28 2836 2783 673 3005
5786 4 2 16 28 124 1358 1841 96
5787 4 2 16 28 793 2677 794 2970
5788 4 2 16 28 1730 2851 645 644
5789 4 2 16 28 1982 689 690 2976
5790 4 2 16 28 952 1828 1813 967
5791 4 2 16 28 685 2780 686 3103
5792 4 2 16 28 95 1934 1728 715
5793 4 2 16 28 150 1426 1427 2921
5794 4 2 16 28 819 1833 1757 1814
5795 4 2 16 28 718 719 2670 2667
5796 4 2 16 28 717 718 2672 2694
5797 4 2 16 28 519 2179 518 2983
5798 4 2 16 28 1762 3005 1849 3006
5799 4 2 16 28 562 79 208 1925
5800 4 2 16 28 2267 2286 2242 324
5801 4 2 16 28 2739 1127 235 2940
5802 4 2 16 28 1888 503 504 2832
5803 4 2 16 28 774 2680 775 3000
5804 4 2 16 28 308 2040 2185 309
5805 4 2 16 28 543 544 2047 3006
5806 4 2 16 28 691 690 2818 3076
5807 4 2 16 28 1928 2264 2265 409
5808 4 2 16 28 2109 567 566 3007
5809 4 2 16 28 397 2189 1950 398
5810 4 2 16 28 2067 2018 2147 266
5811 4 2 16 28 1966 588 587 2973
5812 4 2 16 28 558 559 2757 3080
5813 4 2 16 28 2084 1925 2261 69
5814 4 2 16 28 2832 1888 503 2781
5815 4 2 16 28 726 727 2953 2964
5816 4 2 16 28 2135 2019 2251 379
5817 4 2 16 28 1129 1130 2732 2924
5818 4 2 16 28 555 1910 554 2092
5819 4 2 16 28 725 97 1359 2954
5820 4 2 16 28 506 2186 505 3002
5821 4 2 16 28 2799 296 295 3061
5822 4 2 16 28 507 2769 2845 2973
5823 4 2 16 28 1299 705 93 2962
5824 4 2 16 28 701 91 89 2930
5825 4 2 16 28 377 2135 1215 1973
5826 4 2 16 28 2841 500 499 2968
5827 4 2 16 28 2715 1109 1108 2237
5828 4 2 16 28 790 789 2688 2672
5829 4 2 16 28 789 788 2661 2670
5830 4 2 16 28 585 2777 2832 3002
5831 4 2 16 28 1131 2734 1130 2931
5832 4 2 16 28 2765 534 2849 3067
5833 4 2 16 28 2079 2153 248 249
5834 4 2 16 28 859 897 1850 858
5835 4 2 16 28 2064 2099 269 270
5836 4 2 16 28 1732 1741 1890 3029
5837 4 2 16 28 687 2833 2786 2993
5838 4 2 16 28 714 792 715 2969
5839 4 2 16 28 802 705 704 3039
5840 4 2 16 28 896 1845 823 1736
5841 4 2 16 28 2040 2176 2185 309
5842 4 2 16 28 627 2834 2785 3009
5843 4 2 16 28 2784 2844 517 2990
5844 4 2 16 28 2164 620 621 3051
5845 4 2 16 28 1936 2144 1256 353
5846 4 2 16 28 2265 660 1964 3013
5847 4 2 16 28 2763 2845 589 2959
5848 4 2 16 28 2827 513 2772 3045
5849 4 2 16 28 2040 2000 2210 1250
5850 4 2 16 28 2701 215 214 2979
5851 4 2 16 28 1107 2701 1106 2979
5852 4 2 16 28 2047 2279 2316 344
5853 4 2 16 28 1736 1909 1845 823
5854 4 2 16 28 1126 208 2744 79
5855 4 2 16 28 2758 661 662 3014
5856 4 2 16 28 709 2669 708 3062
5857 4 2 16 28 217 2700 218 3034
5858 4 2 16 28 1837 651 650 3001
5859 4 2 16 28 2046 2279 2281 1195
5860 4 2 16 28 1845 1891 123 1728
5861 4 2 16 28 2003 2208 2224 430
5862 4 2 16 28 2216 2187 1984 74
5863 4 2 16 28 569 2853 568 3049
5864 4 2 16 28 553 2228 554 1910
5865 4 2 16 28 722 723 1361 2955
5866 4 2 16 28 1358 96 721 2955
5867 4 2 16 28 713 714 1324 1814
5868 4 2 16 28 216 2699 1108 2927
5869 4 2 16 28 1218 2023 2241 2156
5870 4 2 16 28 480 1999 1255 479
5871 4 2 16 28 2698 217 216 2943
5872 4 2 16 28 1109 2698 1108 2943
5873 4 2 16 28 2172 1182 1235 1981
5874 4 2 16 28 1820 700 698 1275
5875 4 2 16 28 1740 502 503 1888
5876 4 2 16 28 1155 70 1158 2070
5877 4 2 16 28 1763 858 1850 1845
5878 4 2 16 28 726 1356 727 2964
5879 4 2 16 28 212 205 2696 78
5880 4 2 16 28 236 2692 235 3029
5881 4 2 16 28 2113 2073 2318 464
5882 4 2 16 28 826 1805 1731 893
5883 4 2 16 28 503 1740 2284 1968
5884 4 2 16 28 2732 238 237 2949
5885 4 2 16 28 91 1273 698 2944
5886 4 2 16 28 208 209 2697 79
5887 4 2 16 28 1721 1818 1848 2982
5888 4 2 16 28 1370 732 733 3060
5889 4 2 16 28 98 731 1367 3060
5890 4 2 16 28 2803 570 2852 3023
5891 4 2 16 28 218 2665 217 3078
5892 4 2 16 28 222 2665 221 3078
5893 4 2 16 28 650 651 1837 2263
5894 4 2 16 28 1355 1783 727 835
5895 4 2 16 28 2102 1973 2285 1162
5896 4 2 16 28 2022 2205 2210 481
5897 4 2 16 28 115 731 98 2953
5898 4 2 16 28 2858 639 2759 3104
5899 4 2 16 28 376 377 1162 1973
5900 4 2 16 28 1801 95 123 1317
5901 4 2 16 28 540 3005 2091 3065
5902 4 2 16 28 169 1913 140 112
5903 4 2 16 28 2076 1164 2124 1263
5904 4 2 16 28 242 241 15 3096
5905 4 2 16 28 733 734 1369 2998
5906 4 2 16 28 99 1368 735 2998
5907 4 2 16 28 799 2669 798 3063
5908 4 2 16 28 2130 2093 2320 349
5909 4 2 16 28 152 1879 1736 1805
5910 4 2 16 28 299 1222 1972 1198
5911 4 2 16 28 1313 708 707 2988
5912 4 2 16 28 1315 710 709 2988
5913 4 2 16 28 2052 2106 2306 488
5914 4 2 16 28 940 927 939 3043
5915 4 2 16 28 1869 1282 809 1754
5916 4 2 16 28 1354 729 728 3057
5917 4 2 16 28 730 1353 97 3057
5918 4 2 16 28 2232 2098 1954 2978
5919 4 2 16 28 559 2922 76 2967
5920 4 2 16 28 1999 2205 480 1255
5921 4 2 16 28 555 554 1910 3104
5922 4 2 16 28 1784 1847 964 955
5923 4 2 16 28 644 2802 643 2992
5924 4 2 16 28 1466 935 936 2942
5925 4 2 16 28 208 79 2697 2744
5926 4 2 16 28 214 1909 719 1321
5927 4 2 16 28 641 2801 2855 3104
5928 4 2 16 28 2282 3064 676 3070
5929 4 2 16 28 2836 2789 542 3006
5930 4 2 16 28 2839 2795 544 3006
5931 4 2 16 28 415 1930 1209 414
5932 4 2 16 28 2735 1127 1128 2957
5933 4 2 16 28 236 235 2735 2957
5934 4 2 16 28 706 1314 707 3042
5935 4 2 16 28 2824 287 286 2989
5936 4 2 16 28 106 753 2661 789
5937 4 2 16 28 1393 764 765 3031
5938 4 2 16 28 2029 1822 2143 499
5939 4 2 16 28 288 287 2773 2989
5940 4 2 16 28 702 1303 701 3032
5941 4 2 16 28 1327 711 712 2951
5942 4 2 16 28 1276 1874 1789 1859
5943 4 2 16 28 795 712 796 2970
5944 4 2 16 28 1845 133 1891 1763
5945 4 2 16 28 658 2856 2800 3007
5946 4 2 16 28 722 785 2679 2950
5947 4 2 16 28 1973 2064 1215 62
5948 4 2 16 28 2023 345 2241 2316
5949 4 2 16 28 817 1894 711 1327
5950 4 2 16 28 76 2751 2814 2967
5951 4 2 16 28 2211 2071 2314 1193
5952 4 2 16 28 1787 887 1733 1861
5953 4 2 16 28 929 776 158 2953
5954 4 2 16 28 929 158 163 2953
5955 4 2 16 28 81 575 2861 2981
5956 4 2 16 28 843 842 1366 2975
5957 4 2 16 28 63 2808 2753 2981
5958 4 2 16 28 1820 700 1819 1748
5959 4 2 16 28 826 1805 1780 1731
5960 4 2 16 28 969 1863 1738 1787
5961 4 2 16 28 2076 1164 2123 2124
5962 4 2 16 28 2041 692 2318 2956
5963 4 2 16 28 11 3053 3001 3079
5964 4 2 16 28 875 168 1788 169
5965 4 2 16 28 2767 677 2825 3066
5966 4 2 16 28 2231 294 2099 2977
5967 4 2 16 28 2159 2017 2295 1232
5968 4 2 16 28 1938 2038 2179 320
5969 4 2 16 28 2836 542 541 3005
5970 4 2 16 28 1718 544 545 3006
5971 4 2 16 28 145 1895 827 892
5972 4 2 16 28 2829 614 2782 2985
5973 4 2 16 28 946 1438 945 2960
5974 4 2 16 28 2139 2208 430 431
5975 4 2 16 28 1159 2195 1268 436
5976 4 2 16 28 1933 2055 1196 1219
5977 4 2 16 28 2309 1999 480 479
5978 4 2 16 28 454 2024 2151 2150
5979 4 2 16 28 11 2737 234 2940
5980 4 2 16 28 585 1767 2288 586
5981 4 2 16 28 1111 2696 78 561
5982 4 2 16 28 2293 70 1925 363
5983 4 2 16 28 1721 2980 1818 2982
5984 4 2 16 28 2862 82 694 3021
5985 4 2 16 28 1161 65 1216 2114
5986 4 2 16 28 2760 565 566 3013
5987 4 2 16 28 2846 618 2766 3048
5988 4 2 16 28 149 49 12 914
5989 4 2 16 28 58 107 3 754
5990 4 2 16 28 2137 1179 2005 387
5991 4 2 16 28 697 87 21 2963
5992 4 2 16 28 137 1918 1419 1396
5993 4 2 16 28 2128 1998 2295 1178
5994 4 2 16 28 61 1160 1220 2033
5995 4 2 16 28 2132 2066 2285 494
5996 4 2 16 28 731 115 776 2953
5997 4 2 16 28 312 1999 1172 311
5998 4 2 16 28 2715 1114 1109 3081
5999 4 2 16 28 2091 540 2184 3005
6000 4 2 16 28 588 589 2845 2973
6001 4 2 16 28 299 1972 300 1198
6002 4 2 16 28 2044 2217 2282 447
6003 4 2 16 28 715 1728 95 1323
6004 4 2 16 28 434 1159 1221 2004
6005 4 2 16 28 502 501 2835 2974
6006 4 2 16 28 2007 2297 2298 256
6007 4 2 16 28 1365 736 100 2975
6008 4 2 16 28 2178 2003 2224 429
6009 4 2 16 28 1420 758 759 2936
6010 4 2 16 28 938 1465 937 2937
6011 4 2 16 28 555 2092 556 3104
6012 4 2 16 28 2128 2158 312 313
6013 4 2 16 28 601 2798 2820 2983
6014 4 2 16 28 939 1448 940 2938
6015 4 2 16 28 760 1398 761 3031
6016 4 2 16 28 2219 657 2268 3040
6017 4 2 16 28 2094 2006 2095 389
6018 4 2 16 28 543 2047 542 3006
6019 4 2 16 28 2080 667 668 3030
6020 4 2 16 28 1888 585 1767 584
6021 4 2 16 28 105 118 792 2933
6022 4 2 16 28 2045 2046 443 1988
6023 4 2 16 28 643 2854 642 2992
6024 4 2 16 28 533 2849 534 3069
6025 4 2 16 28 2124 434 1221 2004
6026 4 2 16 28 588 1966 2022 2973
6027 4 2 16 28 500 2787 501 2974
6028 4 2 16 28 606 2753 2808 2981
6029 4 2 16 28 722 721 2950 2955
6030 4 2 16 28 619 2163 618 3051
6031 4 2 16 28 2062 1991 418 419
6032 4 2 16 28 1163 409 1262 2264
6033 4 2 16 28 2206 2003 2253 1260
6034 4 2 16 28 1850 135 1290 860
6035 4 2 16 28 578 2817 2796 3018
6036 4 2 16 28 585 1767 584 2192
6037 4 2 16 28 936 2942 935 3000
6038 4 2 16 28 2271 1213 2061 2062
6039 4 2 16 28 159 772 932 2946
6040 4 2 16 28 932 162 159 2946
6041 4 2 16 28 507 2845 508 2959
6042 4 2 16 28 778 779 2671 2222
6043 4 2 16 28 2785 628 627 3010
6044 4 2 16 28 646 2058 647 3035
6045 4 2 16 28 2761 2860 271 3015
6046 4 2 16 28 2693 11 234 3079
6047 4 2 16 28 885 953 952 1813
6048 4 2 16 28 120 710 93 2986
6049 4 2 16 28 1954 2059 2232 3003
6050 4 2 16 28 297 2102 2100 1204
6051 4 2 16 28 2015 568 567 3007
6052 4 2 16 28 2784 2837 597 3019
6053 4 2 16 28 405 1961 404 2154
6054 4 2 16 28 2817 579 2793 3018
6055 4 2 16 28 295 2099 294 2982
6056 4 2 16 28 2229 1916 683 684
6057 4 2 16 28 683 2823 2776 3071
6058 4 2 16 28 1909 215 214 2664
6059 4 2 16 28 2826 593 2772 2997
6060 4 2 16 28 725 116 97 2994
6061 4 2 16 28 515 2170 514 3019
6062 4 2 16 28 1936 2140 2227 352
6063 4 2 16 28 1813 966 1809 953
6064 4 2 16 28 1321 719 214 2979
6065 4 2 16 28 2813 2791 273 3011
6066 4 2 16 28 480 481 1171 2205
6067 4 2 16 28 119 706 801 3003
6068 4 2 16 28 777 729 730 3043
6069 4 2 16 28 546 1718 2241 545
6070 4 2 16 28 599 1922 600 2990
6071 4 2 16 28 1963 2287 2289 366
6072 4 2 16 28 927 778 928 3043
6073 4 2 16 28 691 2041 690 2976
6074 4 2 16 28 586 2777 585 3002
6075 4 2 16 28 756 757 1421 3088
6076 4 2 16 28 170 960 1468 2942
6077 4 2 16 28 509 2850 510 2996
6078 4 2 16 28 97 2119 1786 2954
6079 4 2 16 28 379 380 1224 2019
6080 4 2 16 28 2172 2030 2173 331
6081 4 2 16 28 531 2173 530 3102
6082 4 2 16 28 2017 1946 2295 314
6083 4 2 16 28 343 344 1195 2279
6084 4 2 16 28 793 751 792 2207
6085 4 2 16 28 689 688 2842 2993
6086 4 2 16 28 2821 586 587 3002
6087 4 2 16 28 1736 135 1850 1879
6088 4 2 16 28 566 567 2856 3007
6089 4 2 16 28 1814 821 715 1326
6090 4 2 16 28 238 2690 237 3028
6091 4 2 16 28 951 1787 1828 968
6092 4 2 16 28 571 2852 570 3023
6093 4 2 16 28 540 2828 2783 3064
6094 4 2 16 28 2007 392 2105 2305
6095 4 2 16 28 1772 84 665 3030
6096 4 2 16 28 701 1797 2096 3032
6097 4 2 16 28 527 1940 526 2993
6098 4 2 16 28 2858 558 2757 3080
6099 4 2 16 28 2196 2081 438 437
6100 4 2 16 28 2797 691 2818 3076
6101 4 2 16 28 290 2838 291 2991
6102 4 2 16 28 2236 2135 2251 378
6103 4 2 16 28 747 797 103 2986
6104 4 2 16 28 2113 1983 2114 1216
6105 4 2 16 28 747 103 110 2986
6106 4 2 16 28 534 2765 535 3067
6107 4 2 16 28 536 535 2847 3067
6108 4 2 16 28 661 2758 2857 3014
6109 4 2 16 28 2176 2185 508 2959
6110 4 2 16 28 794 750 793 2970
6111 4 2 16 28 2834 627 626 3009
6112 4 2 16 28 2082 2165 2195 73
6113 4 2 16 28 2848 2764 283 3051
6114 4 2 16 28 1754 1899 871 1792
6115 4 2 16 28 1810 3068 3067 3070
6116 4 2 16 28 517 2844 518 2990
6117 4 2 16 28 687 2786 688 2993
6118 4 2 16 28 2848 2770 621 3047
6119 4 2 16 28 2720 1 2223 1105
6120 4 2 16 28 2265 661 660 3013
6121 4 2 16 28 729 730 3043 3057
6122 4 2 16 28 1393 1802 871 870
6123 4 2 16 28 1112 2696 1111 561
6124 4 2 16 28 2732 1130 238 2949
6125 4 2 16 28 4 2932 5 3079
6126 4 2 16 28 785 921 922 3055
6127 4 2 16 28 626 625 2779 3009
6128 4 2 16 28 2753 606 605 2981
6129 4 2 16 28 943 944 1439 2938
6130 4 2 16 28 941 1449 942 2937
6131 4 2 16 28 1397 763 762 2936
6132 4 2 16 28 676 2774 2825 3065
6133 4 2 16 28 119 801 104 3003
6134 4 2 16 28 641 2855 640 3104
6135 4 2 16 28 617 2824 2766 2989
6136 4 2 16 28 1801 1321 720 822
6137 4 2 16 28 2827 514 513 3045
6138 4 2 16 28 615 2829 2773 2989
6139 4 2 16 28 541 2184 540 3005
6140 4 2 16 28 858 1763 861 136
6141 4 2 16 28 503 504 1740 1888
6142 4 2 16 28 2117 2217 2294 448
6143 4 2 16 28 2780 2833 686 3103
6144 4 2 16 28 2043 2137 386 1179
6145 4 2 16 28 1890 235 234 2695
6146 4 2 16 28 1757 2951 712 2969
6147 4 2 16 28 1848 1818 1764 3033
6148 4 2 16 28 725 97 2954 2994
6149 4 2 16 28 1755 1789 868 1881
6150 4 2 16 28 2007 1227 255 2198
6151 4 2 16 28 940 3043 3083 3092
6152 4 2 16 28 158 776 115 2953
6153 4 2 16 28 632 1806 631 2860
6154 4 2 16 28 218 2700 1110 3034
6155 4 2 16 28 580 2142 581 2968
6156 4 2 16 28 169 161 1386 1470
6157 4 2 16 28 428 1207 1259 2178
6158 4 2 16 28 554 2801 2854 2992
6159 4 2 16 28 2840 2788 611 3086
6160 4 2 16 28 2680 774 733 3000
6161 4 2 16 28 685 2830 2780 3103
6162 4 2 16 28 939 927 928 3043
6163 4 2 16 28 231 2692 236 3029
6164 4 2 16 28 569 2015 1725 3007
6165 4 2 16 28 2839 2789 671 3006
6166 4 2 16 28 559 2967 558 3090
6167 4 2 16 28 1763 858 861 1850
6168 4 2 16 28 775 930 774 3000
6169 4 2 16 28 99 1776 1887 2998
6170 4 2 16 28 2228 2092 554 1910
6171 4 2 16 28 1364 99 737 2975
6172 4 2 16 28 169 1913 875 140
6173 4 2 16 28 748 795 796 2970
6174 4 2 16 28 548 205 77 560
6175 4 2 16 28 208 80 562 574
6176 4 2 16 28 118 720 95 2979
6177 4 2 16 28 736 113 26 771
6178 4 2 16 28 2671 2222 728 729
6179 4 2 16 28 754 107 3 2941
6180 4 2 16 28 2851 552 2802 2992
6181 4 2 16 28 1162 377 1215 1973
6182 4 2 16 28 1854 2119 97 3057
6183 4 2 16 28 1895 124 145 827
6184 4 2 16 28 9 1134 7 2965
6185 4 2 16 28 288 2829 289 2985
6186 4 2 16 28 932 772 773 3000
6187 4 2 16 28 763 109 744 3003
6188 4 2 16 28 858 1763 133 1845
6189 4 2 16 28 2173 2030 332 331
6190 4 2 16 28 797 710 120 2986
6191 4 2 16 28 1854 1864 1786 97
6192 4 2 16 28 920 1805 1835 915
6193 4 2 16 28 777 778 729 3043
6194 4 2 16 28 2066 1204 2102 1217
6195 4 2 16 28 1941 721 96 2955
6196 4 2 16 28 1766 584 583 2974
6197 4 2 16 28 1885 1832 1806 3010
6198 4 2 16 28 446 1180 1233 2044
6199 4 2 16 28 2150 1981 2229 455
6200 4 2 16 28 559 2814 2757 3080
6201 4 2 16 28 685 684 2830 3102
6202 4 2 16 28 344 345 1245 2316
6203 4 2 16 28 798 746 799 3063
6204 4 2 16 28 1884 1788 959 960
6205 4 2 16 28 538 2091 2182 3065
6206 4 2 16 28 689 1982 688 2976
6207 4 2 16 28 639 640 2759 3104
6208 4 2 16 28 2177 685 686 1858
6209 4 2 16 28 2762 547 2859 3030
6210 4 2 16 28 785 922 784 3054
6211 4 2 16 28 597 2990 2784 3019
6212 4 2 16 28 572 1917 2218 2940
6213 4 2 16 28 1962 2274 245 61
6214 4 2 16 28 1978 3064 2282 3070
6215 4 2 16 28 2144 354 1208 353
6216 4 2 16 28 684 683 2776 3102
6217 4 2 16 28 758 759 2936 2970
6218 4 2 16 28 1125 2744 207 2987
6219 4 2 16 28 2815 2758 662 3014
6220 4 2 16 28 2173 531 532 3071
6221 4 2 16 28 2809 63 2753 2981
6222 4 2 16 28 2764 284 283 3048
6223 4 2 16 28 650 651 2750 3001
6224 4 2 16 28 2766 286 285 3048
6225 4 2 16 28 1204 2066 2102 2100
6226 4 2 16 28 2760 2856 659 3013
6227 4 2 16 28 2745 8 1132 2258
6228 4 2 16 28 762 2936 763 3063
6229 4 2 16 28 634 2752 2863 3094
6230 4 2 16 28 805 804 2681 2972
6231 4 2 16 28 2094 2005 260 1173
6232 4 2 16 28 2712 5 233 220
6233 4 2 16 28 2711 7 1118 2
6234 4 2 16 28 221 231 2710 222
6235 4 2 16 28 1116 2726 1121 1120
6236 4 2 16 28 1120 1116 2709 1117
6237 4 2 16 28 1113 1123 2725 1124
6238 4 2 16 28 230 231 223 2723
6239 4 2 16 28 230 224 2707 223
6240 4 2 16 28 1122 1123 2723 1115
6241 4 2 16 28 222 223 231 2708
6242 4 2 16 28 301 1192 1246 2283
6243 4 2 16 28 2703 1 1105 3024
6244 4 2 16 28 133 1845 1891 146
6245 4 2 16 28 743 802 803 2995
6246 4 2 16 28 2761 633 632 3015
6247 4 2 16 28 782 157 116 2994
6248 4 2 16 28 605 2861 2753 2981
6249 4 2 16 28 946 922 921 3055
6250 4 2 16 28 2072 2146 2200 471
6251 4 2 16 28 1914 590 2309 589
6252 4 2 16 28 2019 2075 2252 380
6253 4 2 16 28 2243 2005 261 2269
6254 4 2 16 28 2803 2853 569 3049
6255 4 2 16 28 1155 421 1157 1944
6256 4 2 16 28 691 2797 692 3098
6257 4 2 16 28 630 2270 629 3011
6258 4 2 16 28 2810 2798 602 3020
6259 4 2 16 28 810 1754 1869 1803
6260 4 2 16 28 2781 2835 583 2974
6261 4 2 16 28 581 2787 2841 2974
6262 4 2 16 28 1842 642 2111 641
6263 4 2 16 28 2203 278 1926 3058
6264 4 2 16 28 2864 1839 84 635
6265 4 2 16 28 1946 514 1856 513
6266 4 2 16 28 685 1916 684 3102
6267 4 2 16 28 940 3043 2938 3083
6268 4 2 16 28 944 2938 943 3054
6269 4 2 16 28 1833 1896 1873 863
6270 4 2 16 28 1959 2170 516 3019
6271 4 2 16 28 68 2084 1942 3081
6272 4 2 16 28 1833 818 1799 901
6273 4 2 16 28 707 1859 815 1313
6274 4 2 16 28 691 692 2041 2956
6275 4 2 16 28 2095 2006 2163 389
6276 4 2 16 28 2771 2823 682 3069
6277 4 2 16 28 1766 583 584 2192
6278 4 2 16 28 1107 2085 2717 1116
6279 4 2 16 28 1129 2732 237 2924
6280 4 2 16 28 2015 567 2109 3007
6281 4 2 16 28 2843 274 2791 3010
6282 4 2 16 28 2799 2808 296 3061
6283 4 2 16 28 481 482 1250 2210
6284 4 2 16 28 1166 431 1263 2139
6285 4 2 16 28 1851 1745 1810 3070
6286 4 2 16 28 2793 2841 499 2968
6287 4 2 16 28 418 1158 1213 2062
6288 4 2 16 28 622 621 2770 3038
6289 4 2 16 28 447 448 1229 2217
6290 4 2 16 28 1424 754 860 1782
6291 4 2 16 28 623 2775 624 3038
6292 4 2 16 28 556 1718 557 3104
6293 4 2 16 28 1725 1994 2015 569
6294 4 2 16 28 2222 727 2673 728
6295 4 2 16 28 519 518 2790 2983
6296 4 2 16 28 2669 799 708 3063
6297 4 2 16 28 488 1192 1240 2280
6298 4 2 16 28 308 2040 1250 2000
6299 4 2 16 28 1853 2116 727 2964
6300 4 2 16 28 1223 324 325 2286
6301 4 2 16 28 1424 860 135 1879
6302 4 2 16 28 2108 2058 2257 423
6303 4 2 16 28 1879 134 1736 135
6304 4 2 16 28 671 1838 670 3006
6305 4 2 16 28 635 1839 84 2165
6306 4 2 16 28 704 810 1300 2962
6307 4 2 16 28 920 915 1835 154
6308 4 2 16 28 2859 668 667 3030
6309 4 2 16 28 563 64 271 3044
6310 4 2 16 28 2671 2222 729 778
6311 4 2 16 28 2108 1944 2320 1157
6312 4 2 16 28 93 2986 710 3046
6313 4 2 16 28 559 76 2814 2967
6314 4 2 16 28 520 2798 521 3020
6315 4 2 16 28 2311 2160 1254 334
6316 4 2 16 28 94 706 3003 3042
6317 4 2 16 28 504 2284 1740 3002
6318 4 2 16 28 1801 1317 822 720
6319 4 2 16 28 350 349 1212 2320
6320 4 2 16 28 82 604 1984 3021
6321 4 2 16 28 779 927 926 3092
6322 4 2 16 28 2054 2219 412 413
6323 4 2 16 28 365 1163 1262 2050
6324 4 2 16 28 782 116 725 2994
6325 4 2 16 28 1886 1815 1848 2985
6326 4 2 16 28 2096 2098 2201 2971
6327 4 2 16 28 394 1181 1227 2260
6328 4 2 16 28 2762 2751 76 3030
6329 4 2 16 28 445 2044 2225 446
6330 4 2 16 28 738 87 1270 1384
6331 4 2 16 28 844 1270 88 1384
6332 4 2 16 28 873 1392 767 3091
6333 4 2 16 28 496 63 2809 2980
6334 4 2 16 28 63 296 2808 2980
6335 4 2 16 28 413 2054 1258 1206
6336 4 2 16 28 250 2189 2079 1956
6337 4 2 16 28 496 2796 497 3018
6338 4 2 16 28 2067 2147 2278 265
6339 4 2 16 28 514 2778 515 3019
6340 4 2 16 28 163 925 942 3092
6341 4 2 16 28 502 2213 1822 1740
6342 4 2 16 28 1858 1982 688 687
6343 4 2 16 28 517 516 2784 3019
6344 4 2 16 28 1870 1882 1722 3013
6345 4 2 16 28 547 76 2922 2967
6346 4 2 16 28 628 2843 629 3011
6347 4 2 16 28 558 2858 557 2966
6348 4 2 16 28 2813 631 630 3011
6349 4 2 16 28 2789 543 542 3006
6350 4 2 16 28 1936 2140 352 351
6351 4 2 16 28 533 532 2771 3071
6352 4 2 16 28 1994 570 569 1827
6353 4 2 16 28 216 1108 2698 2943
6354 4 2 16 28 2077 2156 1264 347
6355 4 2 16 28 2079 1975 2189 1191
6356 4 2 16 28 775 929 930 3036
6357 4 2 16 28 1775 1855 962 1901
6358 4 2 16 28 511 510 2768 2997
6359 4 2 16 28 1943 2222 2149 3043
6360 4 2 16 28 1425 860 754 1782
6361 4 2 16 28 513 512 2772 2997
6362 4 2 16 28 1939 2098 2096 2972
6363 4 2 16 28 134 152 1427 2921
6364 4 2 16 28 1879 134 152 1736
6365 4 2 16 28 2197 2033 2240 1220
6366 4 2 16 28 104 801 744 3003
6367 4 2 16 28 2839 544 543 3006
6368 4 2 16 28 744 109 104 3003
6369 4 2 16 28 2222 727 728 2116
6370 4 2 16 28 1394 765 766 1792
6371 4 2 16 28 1832 628 2270 3011
6372 4 2 16 28 2059 2254 2207 2969
6373 4 2 16 28 2821 2769 506 3002
6374 4 2 16 28 2139 2076 1263 358
6375 4 2 16 28 1360 1791 829 723
6376 4 2 16 28 2766 618 2989 3048
6377 4 2 16 28 504 2832 2777 3002
6378 4 2 16 28 2850 2763 590 2996
6379 4 2 16 28 1814 713 714 2969
6380 4 2 16 28 398 1191 1239 2189
6381 4 2 16 28 2768 592 2826 2996
6382 4 2 16 28 1910 2092 555 3104
6383 4 2 16 28 2300 1940 2301 327
6384 4 2 16 28 2752 2815 663 3015
6385 4 2 16 28 833 1733 834 1281
6386 4 2 16 28 2858 638 639 3080
6387 4 2 16 28 1954 709 710 2988
6388 4 2 16 28 1358 721 827 2955
6389 4 2 16 28 2712 1125 206 1112
6390 4 2 16 28 527 2786 2833 2993
6391 4 2 16 28 574 562 208 1925
6392 4 2 16 28 1258 2054 369 1206
6393 4 2 16 28 2104 1948 257 258
6394 4 2 16 28 1133 6 2 2941
6395 4 2 16 28 109 763 2936 3003
6396 4 2 16 28 2842 525 2792 2993
6397 4 2 16 28 562 80 208 2697
6398 4 2 16 28 793 750 751 2207
6399 4 2 16 28 2116 1853 728 3057
6400 4 2 16 28 797 120 103 2986
6401 4 2 16 28 2170 515 516 3019
6402 4 2 16 28 2203 2121 252 251
6403 4 2 16 28 13 1146 20 2963
6404 4 2 16 28 1146 21 28 2963
6405 4 2 16 28 2156 2241 1218 347
6406 4 2 16 28 2720 1 2 2258
6407 4 2 16 28 2028 2221 394 395
6408 4 2 16 28 676 675 2774 3064
6409 4 2 16 28 2849 680 2765 3067
6410 4 2 16 28 2847 678 2767 3067
6411 4 2 16 28 483 484 1226 2115
6412 4 2 16 28 1774 838 839 1370
6413 4 2 16 28 564 565 2857 3014
6414 4 2 16 28 674 673 2783 3064
6415 4 2 16 28 639 3037 640 3104
6416 4 2 16 28 613 2838 2782 2991
6417 4 2 16 28 927 940 941 3092
6418 4 2 16 28 247 273 248 2169
6419 4 2 16 28 1884 961 1834 1775
6420 4 2 16 28 2078 2029 2230 301
6421 4 2 16 28 806 701 89 2971
6422 4 2 16 28 96 1316 716 2949
6423 4 2 16 28 278 2779 2831 3009
6424 4 2 16 28 1991 2062 1158 419
6425 4 2 16 28 710 797 709 1954
6426 4 2 16 28 2785 2834 276 3009
6427 4 2 16 28 546 2967 547 3090
6428 4 2 16 28 2063 2102 2100 297
6429 4 2 16 28 2198 1926 2234 253
6430 4 2 16 28 1978 2225 2282 3064
6431 4 2 16 28 572 1917 2940 3101
6432 4 2 16 28 1385 738 1270 1384
6433 4 2 16 28 1386 1387 875 1470
6434 4 2 16 28 844 1385 1270 1384
6435 4 2 16 28 769 1387 1386 1470
6436 4 2 16 28 630 2270 3011 3012
6437 4 2 16 28 2059 119 94 711
6438 4 2 16 28 600 2820 2790 2990
6439 4 2 16 28 598 2844 2784 2990
6440 4 2 16 28 341 1986 1189 2183
6441 4 2 16 28 2096 2972 701 3032
6442 4 2 16 28 838 732 1370 3060
6443 4 2 16 28 731 837 1367 3060
6444 4 2 16 28 9 2 6 2965
6445 4 2 16 28 2 9 7 2965
6446 4 2 16 28 631 2112 630 3012
6447 4 2 16 28 652 2750 651 3001
6448 4 2 16 28 2237 2715 1109 3081
6449 4 2 16 28 2239 2035 2286 1223
6450 4 2 16 28 767 766 741 2972
6451 4 2 16 28 754 755 1425 2947
6452 4 2 16 28 913 914 1430 2948
6453 4 2 16 28 1930 2219 413 2268
6454 4 2 16 28 2803 2852 655 3023
6455 4 2 16 28 1855 839 1901 1774
6456 4 2 16 28 541 2783 2836 3005
6457 4 2 16 28 2127 2144 426 1256
6458 4 2 16 28 780 2673 779 3092
6459 4 2 16 28 672 2836 673 1762
6460 4 2 16 28 235 1127 2735 2957
6461 4 2 16 28 2212 2128 1231 1998
6462 4 2 16 28 2160 1935 333 334
6463 4 2 16 28 652 3022 653 3101
6464 4 2 16 28 611 610 2840 3077
6465 4 2 16 28 2177 2229 685 1858
6466 4 2 16 28 2094 2095 1173 389
6467 4 2 16 28 608 2819 609 3077
6468 4 2 16 28 2039 2262 2299 1238
6469 4 2 16 28 345 2023 2241 346
6470 4 2 16 28 499 2029 1822 500
6471 4 2 16 28 2302 2035 2303 460
6472 4 2 16 28 687 1858 686 2833
6473 4 2 16 28 619 618 2846 3051
6474 4 2 16 28 620 2848 621 3051
6475 4 2 16 28 2792 525 524 3076
6476 4 2 16 28 571 373 2218 372
6477 4 2 16 28 305 306 1183 2011
6478 4 2 16 28 594 2827 2772 3045
6479 4 2 16 28 263 1188 2043 2278
6480 4 2 16 28 793 714 2677 2969
6481 4 2 16 28 596 2837 2778 3045
6482 4 2 16 28 690 2041 2303 1982
6483 4 2 16 28 1393 1802 870 764
6484 4 2 16 28 2848 283 282 3047
6485 4 2 16 28 1178 314 1232 2295
6486 4 2 16 28 2773 287 2824 2989
6487 4 2 16 28 303 1187 1240 2235
6488 4 2 16 28 1188 264 1242 2278
6489 4 2 16 28 1948 284 285 3048
6490 4 2 16 28 643 2802 2854 2992
6491 4 2 16 28 2800 657 658 3049
6492 4 2 16 28 2011 1237 2002 1183
6493 4 2 16 28 1775 1834 1901 961
6494 4 2 16 28 2781 584 1888 2974
6495 4 2 16 28 2822 281 280 3050
6496 4 2 16 28 7 1119 2258 2745
6497 4 2 16 28 941 926 927 3092
6498 4 2 16 28 750 756 751 2207
6499 4 2 16 28 26 736 771 2946
6500 4 2 16 28 220 221 2668 3078
6501 4 2 16 28 1806 1885 3010 3025
6502 4 2 16 28 538 537 2825 3065
6503 4 2 16 28 545 1838 2812 546
6504 4 2 16 28 1424 135 107 1879
6505 4 2 16 28 486 1187 1237 2069
6506 4 2 16 28 539 2828 540 3065
6507 4 2 16 28 1732 3028 1780 3029
6508 4 2 16 28 687 1858 2177 686
6509 4 2 16 28 1964 2315 411 2107
6510 4 2 16 28 117 96 1941 721
6511 4 2 16 28 929 938 930 3036
6512 4 2 16 28 232 2692 231 3078
6513 4 2 16 28 777 928 778 3043
6514 4 2 16 28 935 2942 162 2946
6515 4 2 16 28 2149 2960 2938 3083
6516 4 2 16 28 779 926 780 3092
6517 4 2 16 28 1315 812 710 3046
6518 4 2 16 28 1113 2718 1114 3081
6519 4 2 16 28 2718 1110 1109 3081
6520 4 2 16 28 8 1134 12 2965
6521 4 2 16 28 655 656 2803 3049
6522 4 2 16 28 709 813 1315 2988
6523 4 2 16 28 1779 1819 1913 874
6524 4 2 16 28 576 1970 577 3016
6525 4 2 16 28 1888 585 2832 3002
6526 4 2 16 28 2035 2300 2301 326
6527 4 2 16 28 743 764 110 2986
6528 4 2 16 28 702 701 2972 3032
6529 4 2 16 28 1875 1799 1876 147
6530 4 2 16 28 757 756 2207 3088
6531 4 2 16 28 833 729 1354 3057
6532 4 2 16 28 730 832 1353 3057
6533 4 2 16 28 2759 557 2858 3104
6534 4 2 16 28 2841 580 581 2968
6535 4 2 16 28 664 2752 663 3094
6536 4 2 16 28 1881 867 762 1397
6537 4 2 16 28 692 693 2956 3098
6538 4 2 16 28 1791 723 1360 2954
6539 4 2 16 28 2178 427 428 2088
6540 4 2 16 28 2176 1999 311 310
6541 4 2 16 28 1986 341 2184 2183
6542 4 2 16 28 2207 750 756 757
6543 4 2 16 28 726 115 98 2953
6544 4 2 16 28 1838 2168 1988 670
6545 4 2 16 28 1989 592 591 2996
6546 4 2 16 28 1723 2158 510 2176
6547 4 2 16 28 1133 3 6 2941
6548 4 2 16 28 1133 2 1 2941
6549 4 2 16 28 1135 13 20 3095
6550 4 2 16 28 658 2856 3007 3013
6551 4 2 16 28 400 1196 1248 2180
6552 4 2 16 28 2769 588 2845 2973
6553 4 2 16 28 291 2788 292 3086
6554 4 2 16 28 2760 2857 565 3013
6555 4 2 16 28 293 2794 294 3086
6556 4 2 16 28 1890 234 235 2940
6557 4 2 16 28 2148 2188 2275 3036
6558 4 2 16 28 797 798 709 1954
6559 4 2 16 28 772 114 735 2928
6560 4 2 16 28 760 761 746 1954
6561 4 2 16 28 555 2855 2801 3104
6562 4 2 16 28 239 240 2694 717
6563 4 2 16 28 213 214 2667 719
6564 4 2 16 28 1123 1122 2740 2277
6565 4 2 16 28 306 2000 307 1226
6566 4 2 16 28 1745 3068 1810 3070
6567 4 2 16 28 874 768 1388 3091
6568 4 2 16 28 959 1830 1434 1788
6569 4 2 16 28 227 228 2694 718
6570 4 2 16 28 225 226 2667 718
6571 4 2 16 28 586 585 1767 3002
6572 4 2 16 28 571 373 572 2218
6573 4 2 16 28 269 1205 1224 2244
6574 4 2 16 28 2057 2176 1752 2185
6575 4 2 16 28 2212 1231 478 1998
6576 4 2 16 28 107 6 3 2941
6577 4 2 16 28 2801 2992 554 3104
6578 4 2 16 28 259 1173 1251 2094
6579 4 2 16 28 75 2754 2811 3098
6580 4 2 16 28 694 693 2754 3021
6581 4 2 16 28 99 735 114 2928
6582 4 2 16 28 91 1748 1273 2944
6583 4 2 16 28 945 922 946 3055
6584 4 2 16 28 1115 1116 2085 2716
6585 4 2 16 28 527 2833 528 3103
6586 4 2 16 28 1160 407 1220 2197
6587 4 2 16 28 604 82 2862 3021
6588 4 2 16 28 2185 2176 1752 2959
6589 4 2 16 28 210 2697 207 3041
6590 4 2 16 28 952 1733 1828 886
6591 4 2 16 28 2186 1740 2284 3002
6592 4 2 16 28 1179 2243 2005 261
6593 4 2 16 28 97 125 1854 1353
6594 4 2 16 28 598 597 1922 2990
6595 4 2 16 28 2158 1946 2118 2997
6596 4 2 16 28 734 2998 733 2999
6597 4 2 16 28 735 99 2998 2999
6598 4 2 16 28 1996 2159 2191 475
6599 4 2 16 28 2284 2011 306 305
6600 4 2 16 28 816 1314 706 3042
6601 4 2 16 28 2301 2035 326 325
6602 4 2 16 28 1956 2189 1239 250
6603 4 2 16 28 1891 1845 123 146
6604 4 2 16 28 1801 123 822 1317
6605 4 2 16 28 1204 2066 493 1217
6606 4 2 16 28 323 1202 1216 1983
6607 4 2 16 28 875 169 1386 1470
6608 4 2 16 28 1386 161 769 1470
6609 4 2 16 28 509 2763 2850 2959
6610 4 2 16 28 2763 508 2845 2959
6611 4 2 16 28 812 813 1905 1315
6612 4 2 16 28 600 599 1997 1922
6613 4 2 16 28 662 661 2265 1722
6614 4 2 16 28 1463 170 1468 2942
6615 4 2 16 28 1727 2945 1985 3075
6616 4 2 16 28 543 2789 2839 3006
6617 4 2 16 28 1814 1757 713 2969
6618 4 2 16 28 217 1109 2700 2943
6619 4 2 16 28 571 1917 1994 2218
6620 4 2 16 28 905 1874 1789 1276
6621 4 2 16 28 2702 219 1111 2929
6622 4 2 16 28 1879 916 1805 1435
6623 4 2 16 28 2077 2081 2272 1168
6624 4 2 16 28 98 2964 1931 3060
6625 4 2 16 28 1943 97 2119 3057
6626 4 2 16 28 797 747 798 1954
6627 4 2 16 28 522 521 75 3020
6628 4 2 16 28 20 13 2963 3095
6629 4 2 16 28 2705 1105 1106 2979
6630 4 2 16 28 2806 652 653 3101
6631 4 2 16 28 818 1833 1288 901
6632 4 2 16 28 1923 2961 1903 3083
6633 4 2 16 28 1281 1813 1733 834
6634 4 2 16 28 2156 1264 439 438
6635 4 2 16 28 2123 2076 2126 360
6636 4 2 16 28 963 1775 1855 962
6637 4 2 16 28 501 500 1822 2029
6638 4 2 16 28 1718 2047 544 3006
6639 4 2 16 28 1982 690 2041 2976
6640 4 2 16 28 2078 2230 2283 301
6641 4 2 16 28 1875 1756 816 1876
6642 4 2 16 28 1882 1827 1725 3007
6643 4 2 16 28 2251 607 608 3061
6644 4 2 16 28 1774 838 1370 3060
6645 4 2 16 28 1888 502 2781 2974
6646 4 2 16 28 105 792 751 2933
6647 4 2 16 28 751 108 105 2933
6648 4 2 16 28 97 1864 1786 2119
6649 4 2 16 28 1165 366 1262 2287
6650 4 2 16 28 2265 2308 662 3093
6651 4 2 16 28 1774 1370 733 3060
6652 4 2 16 28 2125 637 636 3080
6653 4 2 16 28 709 798 2669 1954
6654 4 2 16 28 2253 2003 1207 1260
6655 4 2 16 28 1972 2106 2283 1246
6656 4 2 16 28 820 1873 1284 1814
6657 4 2 16 28 897 1850 858 1845
6658 4 2 16 28 14 1135 15 3095
6659 4 2 16 28 789 753 2661 788
6660 4 2 16 28 99 2248 1776 2998
6661 4 2 16 28 2191 595 594 3045
6662 4 2 16 28 2143 497 498 3018
6663 4 2 16 28 1467 937 963 2961
6664 4 2 16 28 556 1718 1924 557
6665 4 2 16 28 2066 2100 1204 493
6666 4 2 16 28 2018 2067 1244 266
6667 4 2 16 28 609 2251 608 3033
6668 4 2 16 28 2158 511 1723 510
6669 4 2 16 28 208 2737 11 2940
6670 4 2 16 28 1940 2993 1877 3075
6671 4 2 16 28 773 772 734 2999
6672 4 2 16 28 2034 1933 247 1219
6673 4 2 16 28 903 1875 1756 816
6674 4 2 16 28 90 1748 1819 700
6675 4 2 16 28 1930 415 2090 414
6676 4 2 16 28 1303 702 808 3032
6677 4 2 16 28 2835 501 2787 2974
6678 4 2 16 28 798 747 746 1954
6679 4 2 16 28 2751 666 665 3030
6680 4 2 16 28 964 1784 955 1855
6681 4 2 16 28 1721 2029 2143 1927
6682 4 2 16 28 1812 644 643 2992
6683 4 2 16 28 427 2178 1259 2144
6684 4 2 16 28 1766 2306 582 583
6685 4 2 16 28 955 166 1847 171
6686 4 2 16 28 168 1771 875 1788
6687 4 2 16 28 1133 1 3 2941
6688 4 2 16 28 582 581 2306 1766
6689 4 2 16 28 553 554 2854 2992
6690 4 2 16 28 1723 510 511 2997
6691 4 2 16 28 1170 451 1254 2025
6692 4 2 16 28 1112 206 2696 1125
6693 4 2 16 28 2922 2967 559 3090
6694 4 2 16 28 756 108 751 2933
6695 4 2 16 28 90 1819 1871 130
6696 4 2 16 28 533 2771 2849 3069
6697 4 2 16 28 2686 25 26 934
6698 4 2 16 28 1857 2048 2977 2984
6699 4 2 16 28 513 2997 2772 3045
6700 4 2 16 28 1856 513 514 3045
6701 4 2 16 28 712 795 2682 2970
6702 4 2 16 28 1722 1806 1825 3015
6703 4 2 16 28 2741 2085 1130 1129
6704 4 2 16 28 1364 737 842 2975
6705 4 2 16 28 843 736 1365 2975
6706 4 2 16 28 786 117 1941 721
6707 4 2 16 28 1948 3048 1742 3072
6708 4 2 16 28 2208 640 639 3037
6709 4 2 16 28 628 2785 2843 3010
6710 4 2 16 28 1365 2975 100 3026
6711 4 2 16 28 1850 859 1290 1736
6712 4 2 16 28 3 2947 1 3024
6713 4 2 16 28 1810 3068 1916 3069
6714 4 2 16 28 389 2094 2006 1251
6715 4 2 16 28 2076 1164 360 2123
6716 4 2 16 28 150 135 1426 2921
6717 4 2 16 28 63 496 296 2980
6718 4 2 16 28 1831 99 127 1364
6719 4 2 16 28 2856 567 2800 3007
6720 4 2 16 28 1774 1735 1784 838
6721 4 2 16 28 791 155 117 2958
6722 4 2 16 28 1883 1745 1851 3070
6723 4 2 16 28 2245 2951 94 3042
6724 4 2 16 28 714 713 2677 2969
6725 4 2 16 28 921 155 1941 786
6726 4 2 16 28 921 155 153 1941
6727 4 2 16 28 2784 2990 517 3019
6728 4 2 16 28 1835 1805 1892 915
6729 4 2 16 28 247 248 1196 1933
6730 4 2 16 28 20 15 1135 3095
6731 4 2 16 28 540 2783 541 3005
6732 4 2 16 28 1822 2968 1817 3018
6733 4 2 16 28 2038 519 520 2945
6734 4 2 16 28 64 563 2815 3014
6735 4 2 16 28 2753 2861 575 2981
6736 4 2 16 28 205 548 77 2932
6737 4 2 16 28 1128 2733 236 2957
6738 4 2 16 28 2064 2063 2099 270
6739 4 2 16 28 97 1943 2119 2954
6740 4 2 16 28 1822 501 502 2974
6741 4 2 16 28 760 746 747 1954
6742 4 2 16 28 1321 2927 720 2979
6743 4 2 16 28 2262 2304 457 458
6744 4 2 16 28 2171 1969 2188 3059
6745 4 2 16 28 342 542 2184 541
6746 4 2 16 28 21 1146 13 2963
6747 4 2 16 28 542 342 2184 343
6748 4 2 16 28 689 2842 2792 2976
6749 4 2 16 28 2182 2026 2312 337
6750 4 2 16 28 1426 149 150 1427
6751 4 2 16 28 2038 2179 519 2945
6752 4 2 16 28 1777 597 596 3019
6753 4 2 16 28 2716 1115 2237 2085
6754 4 2 16 28 147 132 1875 1799
6755 4 2 16 28 616 615 2773 2989
6756 4 2 16 28 2080 1838 668 669
6757 4 2 16 28 2251 2021 607 3061
6758 4 2 16 28 726 781 115 2953
6759 4 2 16 28 1922 597 598 2146
6760 4 2 16 28 274 273 3011 3025
6761 4 2 16 28 847 1898 911 1754
6762 4 2 16 28 1362 725 831 2954
6763 4 2 16 28 2795 1838 2812 545
6764 4 2 16 28 455 456 1235 1981
6765 4 2 16 28 1890 235 232 2692
6766 4 2 16 28 617 616 2824 2989
6767 4 2 16 28 1727 1985 2120 3075
6768 4 2 16 28 1813 1809 1908 953
6769 4 2 16 28 2753 576 2809 2981
6770 4 2 16 28 598 599 1922 2146
6771 4 2 16 28 692 2811 693 3098
6772 4 2 16 28 2075 2018 1244 267
6773 4 2 16 28 785 922 3054 3055
6774 4 2 16 28 2205 1999 1171 1255
6775 4 2 16 28 1910 554 553 2992
6776 4 2 16 28 2039 2262 1238 458
6777 4 2 16 28 707 3042 2988 3062
6778 4 2 16 28 572 2804 571 3101
6779 4 2 16 28 2189 250 2079 1191
6780 4 2 16 28 911 1795 1286 1754
6781 4 2 16 28 256 257 1252 2104
6782 4 2 16 28 1819 1771 1913 129
6783 4 2 16 28 355 354 1259 2089
6784 4 2 16 28 580 2841 2793 2968
6785 4 2 16 28 634 83 2154 3094
6786 4 2 16 28 2262 2039 2304 458
6787 4 2 16 28 547 2967 2922 3090
6788 4 2 16 28 1943 730 97 3057
6789 4 2 16 28 2936 2970 2233 3088
6790 4 2 16 28 636 2125 1839 635
6791 4 2 16 28 789 753 788 1337
6792 4 2 16 28 557 1718 1924 558
6793 4 2 16 28 2858 3080 639 3104
6794 4 2 16 28 1398 868 761 2952
6795 4 2 16 28 78 68 2093 1942
6796 4 2 16 28 2269 286 287 3100
6797 4 2 16 28 1930 2054 1258 413
6798 4 2 16 28 69 2293 1925 363
6799 4 2 16 28 1129 1128 2277 2957
6800 4 2 16 28 2848 283 3047 3051
6801 4 2 16 28 518 2179 517 1878
6802 4 2 16 28 2848 3047 621 3051
6803 4 2 16 28 2171 2964 2037 3100
6804 4 2 16 28 206 2696 211 3041
6805 4 2 16 28 2221 2028 394 2220
6806 4 2 16 28 2125 1839 635 2165
6807 4 2 16 28 652 651 1837 3001
6808 4 2 16 28 2161 1822 2029 2213
6809 4 2 16 28 741 805 740 2972
6810 4 2 16 28 1121 1120 2742 2085
6811 4 2 16 28 1771 1788 1913 875
6812 4 2 16 28 659 660 2760 3013
6813 4 2 16 28 2278 2067 265 1242
6814 4 2 16 28 1420 759 865 2936
6815 4 2 16 28 636 637 2814 3080
6816 4 2 16 28 551 2805 550 3085
6817 4 2 16 28 968 1448 939 2938
6818 4 2 16 28 589 2309 1914 2022
6819 4 2 16 28 2766 2989 286 3048
6820 4 2 16 28 552 553 2802 2992
6821 4 2 16 28 835 1908 1813 1783
6822 4 2 16 28 552 2992 551 3087
6823 4 2 16 28 1941 155 117 786
6824 4 2 16 28 217 2698 1109 2943
6825 4 2 16 28 2769 587 588 2973
6826 4 2 16 28 1193 473 1241 2314
6827 4 2 16 28 1927 2209 2048 2977
6828 4 2 16 28 442 1195 1245 2046
6829 4 2 16 28 733 2676 2999 3000
6830 4 2 16 28 501 302 301 2213
6831 4 2 16 28 1163 364 1220 2240
6832 4 2 16 28 539 2091 538 3065
6833 4 2 16 28 246 1219 1265 2034
6834 4 2 16 28 1988 671 672 1762
6835 4 2 16 28 1857 2209 1927 2977
6836 4 2 16 28 234 1126 2739 2940
6837 4 2 16 28 2158 511 512 2997
6838 4 2 16 28 737 99 2928 2975
6839 4 2 16 28 98 1931 2953 3060
6840 4 2 16 28 733 774 2676 3000
6841 4 2 16 28 2028 2121 2307 396
6842 4 2 16 28 1812 643 644 2088
6843 4 2 16 28 413 414 1258 1930
6844 4 2 16 28 937 930 938 3036
6845 4 2 16 28 2292 383 382 2020
6846 4 2 16 28 1788 1830 1884 959
6847 4 2 16 28 1934 2254 715 2969
6848 4 2 16 28 2692 1890 231 3078
6849 4 2 16 28 444 445 1189 2134
6850 4 2 16 28 769 24 27 2684
6851 4 2 16 28 2685 23 28 738
6852 4 2 16 28 2863 83 634 3094
6853 4 2 16 28 2829 2985 288 2989
6854 4 2 16 28 64 2761 271 3015
6855 4 2 16 28 1841 96 1731 124
6856 4 2 16 28 1128 1127 2743 2277
6857 4 2 16 28 2168 1838 669 670
6858 4 2 16 28 158 115 781 2953
6859 4 2 16 28 1999 2040 1171 310
6860 4 2 16 28 933 41 26 2686
6861 4 2 16 28 1136 17 16 3097
6862 4 2 16 28 434 2124 1221 433
6863 4 2 16 28 2232 2936 1897 2952
6864 4 2 16 28 641 1842 642 2801
6865 4 2 16 28 2821 2777 586 3002
6866 4 2 16 28 2119 1864 1854 97
6867 4 2 16 28 732 2188 731 776
6868 4 2 16 28 1856 1946 513 2997
6869 4 2 16 28 2263 1836 650 2202
6870 4 2 16 28 1398 760 869 3031
6871 4 2 16 28 2850 2768 510 2996
6872 4 2 16 28 880 879 1901 1283
6873 4 2 16 28 2262 330 329 1185
6874 4 2 16 28 119 2059 796 711
6875 4 2 16 28 1742 2964 1829 3100
6876 4 2 16 28 2734 2931 1131 3089
6877 4 2 16 28 633 3012 632 3015
6878 4 2 16 28 24 1140 16 2926
6879 4 2 16 28 2230 1246 1972 2283
6880 4 2 16 28 1890 2692 231 3029
6881 4 2 16 28 217 3034 218 3078
6882 4 2 16 28 740 767 741 2972
6883 4 2 16 28 834 1355 1853 728
6884 4 2 16 28 1902 623 624 3038
6885 4 2 16 28 1982 1858 2177 687
6886 4 2 16 28 2270 1832 1950 628
6887 4 2 16 28 1313 707 1859 2988
6888 4 2 16 28 707 1314 1872 3042
6889 4 2 16 28 484 1183 1226 2115
6890 4 2 16 28 971 948 1738 1794
6891 4 2 16 28 2222 728 779 2671
6892 4 2 16 28 2298 281 282 3084
6893 4 2 16 28 2168 1838 2080 669
6894 4 2 16 28 661 2857 660 3013
6895 4 2 16 28 2026 337 336 2312
6896 4 2 16 28 1858 687 688 2993
6897 4 2 16 28 1942 2093 2130 68
6898 4 2 16 28 2015 2109 1725 3007
6899 4 2 16 28 1986 341 1189 342
6900 4 2 16 28 940 3083 941 3092
6901 4 2 16 28 526 2993 1940 3075
6902 4 2 16 28 972 1438 946 2948
6903 4 2 16 28 862 756 1421 2947
6904 4 2 16 28 673 3005 2783 3064
6905 4 2 16 28 1754 872 1792 871
6906 4 2 16 28 519 2945 2179 2983
6907 4 2 16 28 778 779 2222 927
6908 4 2 16 28 1916 2151 683 682
6909 4 2 16 28 2295 1946 313 314
6910 4 2 16 28 1934 95 1728 2927
6911 4 2 16 28 1724 2993 1940 3103
6912 4 2 16 28 688 2786 2842 2993
6913 4 2 16 28 290 2782 2838 2985
6914 4 2 16 28 2936 2232 3003 3063
6915 4 2 16 28 2763 509 508 2959
6916 4 2 16 28 2753 575 576 2981
6917 4 2 16 28 153 2948 946 3055
6918 4 2 16 28 676 2825 677 1851
6919 4 2 16 28 2080 2196 667 3030
6920 4 2 16 28 2102 1973 1162 62
6921 4 2 16 28 664 2863 2752 3094
6922 4 2 16 28 537 2767 2825 3066
6923 4 2 16 28 439 1218 1264 2156
6924 4 2 16 28 536 2847 2767 3066
6925 4 2 16 28 2982 3061 3033 3077
6926 4 2 16 28 737 770 771 2946
6927 4 2 16 28 2782 289 2829 2985
6928 4 2 16 28 2188 732 775 776
6929 4 2 16 28 1774 1370 839 733
6930 4 2 16 28 599 598 1922 2990
6931 4 2 16 28 777 730 116 3043
6932 4 2 16 28 2246 2988 1759 3042
6933 4 2 16 28 2024 2273 2290 452
6934 4 2 16 28 535 2765 2847 3067
6935 4 2 16 28 1771 168 1830 1788
6936 4 2 16 28 257 258 1169 2104
6937 4 2 16 28 1724 529 2056 530
6938 4 2 16 28 1983 2239 2286 1202
6939 4 2 16 28 448 449 1174 2294
6940 4 2 16 28 291 2838 2788 2991
6941 4 2 16 28 2109 1963 2289 367
6942 4 2 16 28 569 1725 1827 3007
6943 4 2 16 28 93 705 120 2986
6944 4 2 16 28 776 775 2188 929
6945 4 2 16 28 1129 1128 2740 2277
6946 4 2 16 28 100 87 28 738
6947 4 2 16 28 1184 316 1241 2141
6948 4 2 16 28 1870 2266 2136 1964
6949 4 2 16 28 16 1140 241 2934
6950 4 2 16 28 1145 242 20 2935
6951 4 2 16 28 834 1354 728 1853
6952 4 2 16 28 602 601 2131 1726
6953 4 2 16 28 2232 1897 2936 3088
6954 4 2 16 28 89 102 806 2971
6955 4 2 16 28 93 705 2250 2962
6956 4 2 16 28 1930 2090 2268 414
6957 4 2 16 28 1819 699 696 700
6958 4 2 16 28 2287 2315 2107 1165
6959 4 2 16 28 12 8 2948 2958
6960 4 2 16 28 1941 96 2924 2955
6961 4 2 16 28 828 1363 722 2955
6962 4 2 16 28 558 2967 2966 3090
6963 4 2 16 28 1870 3040 1827 3049
6964 4 2 16 28 2271 1213 1211 2061
6965 4 2 16 28 558 557 1718 2966
6966 4 2 16 28 2807 548 549 3085
6967 4 2 16 28 2834 626 2779 3009
6968 4 2 16 28 2252 609 610 3077
6969 4 2 16 28 631 630 3011 3012
6970 4 2 16 28 1734 1886 1920 2989
6971 4 2 16 28 1986 341 342 2184
6972 4 2 16 28 702 701 806 2972
6973 4 2 16 28 1721 1822 1817 3018
6974 4 2 16 28 5 2666 4 3079
6975 4 2 16 28 558 2966 559 3080
6976 4 2 16 28 2176 1752 1723 2057
6977 4 2 16 28 568 2800 567 3007
6978 4 2 16 28 1837 651 652 2162
6979 4 2 16 28 2251 3033 2021 3061
6980 4 2 16 28 1869 1282 810 809
6981 4 2 16 28 1224 2065 1200 268
6982 4 2 16 28 86 1819 1291 696
6983 4 2 16 28 461 462 1223 2239
6984 4 2 16 28 161 112 24 3074
6985 4 2 16 28 946 2948 1438 2960
6986 4 2 16 28 2188 732 2680 775
6987 4 2 16 28 1165 411 1261 2315
6988 4 2 16 28 772 735 734 2999
6989 4 2 16 28 1872 2988 707 3042
6990 4 2 16 28 546 1718 2967 3090
6991 4 2 16 28 715 1934 1728 2254
6992 4 2 16 28 756 1421 2947 3088
6993 4 2 16 28 336 536 2026 535
6994 4 2 16 28 536 336 2026 337
6995 4 2 16 28 1193 2211 2072 2314
6996 4 2 16 28 2844 2790 518 2990
6997 4 2 16 28 221 231 222 3078
6998 4 2 16 28 231 221 232 3078
6999 4 2 16 28 2206 2139 1166 358
7000 4 2 16 28 1894 711 1322 817
7001 4 2 16 28 1856 2118 1946 2997
7002 4 2 16 28 96 1941 2924 2931
7003 4 2 16 28 753 106 1411 1337
7004 4 2 16 28 624 2775 2831 3008
7005 4 2 16 28 524 2242 523 3075
7006 4 2 16 28 726 2953 98 2964
7007 4 2 16 28 941 1450 966 3083
7008 4 2 16 28 1766 1822 1888 2974
7009 4 2 16 28 2716 1108 1107 2237
7010 4 2 16 28 2936 2952 2232 3063
7011 4 2 16 28 1923 1751 2960 3083
7012 4 2 16 28 2798 601 602 1726
7013 4 2 16 28 1748 91 92 1298
7014 4 2 16 28 1858 688 1982 2976
7015 4 2 16 28 715 821 1728 1323
7016 4 2 16 28 785 2950 921 3055
7017 4 2 16 28 2693 233 10 3079
7018 4 2 16 28 1817 2809 2796 577
7019 4 2 16 28 1718 556 2092 3104
7020 4 2 16 28 2735 1128 236 2957
7021 4 2 16 28 392 2007 1252 2305
7022 4 2 16 28 1748 90 1819 1871
7023 4 2 16 28 602 2131 1984 1726
7024 4 2 16 28 477 478 1231 1998
7025 4 2 16 28 1126 2261 79 2987
7026 4 2 16 28 2192 2052 487 486
7027 4 2 16 28 8 12 2948 2965
7028 4 2 16 28 566 3007 2856 3013
7029 4 2 16 28 1352 98 126 2964
7030 4 2 16 28 1968 1740 2284 2161
7031 4 2 16 28 760 761 2978 3031
7032 4 2 16 28 722 723 2955 3056
7033 4 2 16 28 1841 96 1358 2955
7034 4 2 16 28 1209 370 1258 2204
7035 4 2 16 28 2787 581 582 2974
7036 4 2 16 28 707 706 3042 3062
7037 4 2 16 28 625 2831 2779 3008
7038 4 2 16 28 14 2934 2930 3095
7039 4 2 16 28 2176 1723 1752 2959
7040 4 2 16 28 711 94 2059 2951
7041 4 2 16 28 87 28 21 2963
7042 4 2 16 28 678 679 1979 3070
7043 4 2 16 28 365 564 1962 2289
7044 4 2 16 28 2846 2766 285 3048
7045 4 2 16 28 2764 2846 284 3048
7046 4 2 16 28 2169 272 273 3044
7047 4 2 16 28 2164 2163 619 3051
7048 4 2 16 28 2661 59 55 753
7049 4 2 16 28 2852 571 2804 3023
7050 4 2 16 28 1791 1361 723 2955
7051 4 2 16 28 766 765 2995 3004
7052 4 2 16 28 2219 1964 2315 411
7053 4 2 16 28 1913 2926 112 3074
7054 4 2 16 28 2181 2091 2182 339
7055 4 2 16 28 583 1766 2306 2192
7056 4 2 16 28 2046 2023 1245 441
7057 4 2 16 28 504 1888 2832 3002
7058 4 2 16 28 712 2682 2969 2970
7059 4 2 16 28 1834 1887 840 841
7060 4 2 16 28 933 2686 26 934
7061 4 2 16 28 2221 1902 623 624
7062 4 2 16 28 2813 273 272 1806
7063 4 2 16 28 2835 582 583 2974
7064 4 2 16 28 1888 584 1766 2974
7065 4 2 16 28 1890 232 235 2695
7066 4 2 16 28 3001 3053 2932 3079
7067 4 2 16 28 2029 1822 501 2213
7068 4 2 16 28 1729 1851 1810 3066
7069 4 2 16 28 2254 1814 715 2969
7070 4 2 16 28 459 460 1247 2302
7071 4 2 16 28 1914 2310 1966 2022
7072 4 2 16 28 1372 732 838 3060
7073 4 2 16 28 1372 837 731 3060
7074 4 2 16 28 2282 448 2217 2117
7075 4 2 16 28 275 2785 276 3010
7076 4 2 16 28 2681 804 703 2972
7077 4 2 16 28 2778 514 2827 3045
7078 4 2 16 28 1948 2269 1734 3048
7079 4 2 16 28 272 2813 1806 2860
7080 4 2 16 28 287 2989 288 3100
7081 4 2 16 28 2771 682 681 3069
7082 4 2 16 28 1127 2261 1126 2987
7083 4 2 16 28 531 3071 2173 3102
7084 4 2 16 28 2849 681 680 3069
7085 4 2 16 28 2685 28 87 738
7086 4 2 16 28 2186 2049 2284 1740
7087 4 2 16 28 1831 2185 2049 1932
7088 4 2 16 28 1878 1959 2179 517
7089 4 2 16 28 1730 2851 644 2992
7090 4 2 16 28 756 2947 2207 3088
7091 4 2 16 28 801 706 707 3003
7092 4 2 16 28 875 1913 1771 140
7093 4 2 16 28 2855 2759 640 3104
7094 4 2 16 28 2227 2228 553 3087
7095 4 2 16 28 608 609 3033 3077
7096 4 2 16 28 2 1118 2720 2258
7097 4 2 16 28 795 794 2682 2970
7098 4 2 16 28 295 294 2819 2982
7099 4 2 16 28 95 720 1317 2927
7100 4 2 16 28 327 1190 1247 2300
7101 4 2 16 28 367 1165 1261 1963
7102 4 2 16 28 104 119 2059 796
7103 4 2 16 28 916 914 1429 2965
7104 4 2 16 28 507 2845 2959 2973
7105 4 2 16 28 527 2993 2833 3103
7106 4 2 16 28 1780 1732 1909 3028
7107 4 2 16 28 1767 2022 1966 2973
7108 4 2 16 28 2202 1836 649 648
7109 4 2 16 28 728 729 2222 3057
7110 4 2 16 28 617 2163 1920 618
7111 4 2 16 28 589 2959 2845 2973
7112 4 2 16 28 103 802 743 2986
7113 4 2 16 28 1869 1300 810 2962
7114 4 2 16 28 103 743 110 2986
7115 4 2 16 28 1164 2076 360 359
7116 4 2 16 28 1803 811 1299 705
7117 4 2 16 28 694 2754 2862 3021
7118 4 2 16 28 761 2978 2952 3063
7119 4 2 16 28 275 274 2843 3010
7120 4 2 16 28 2028 2121 396 1236
7121 4 2 16 28 96 2949 716 3089
7122 4 2 16 28 1831 1752 2185 1932
7123 4 2 16 28 1817 2980 1721 3018
7124 4 2 16 28 833 1853 1354 834
7125 4 2 16 28 1783 1853 1355 727
7126 4 2 16 28 1849 542 541 2184
7127 4 2 16 28 2829 1886 615 614
7128 4 2 16 28 592 1919 593 2997
7129 4 2 16 28 2750 652 2806 3001
7130 4 2 16 28 2264 2050 2287 1262
7131 4 2 16 28 1927 1857 2029 2209
7132 4 2 16 28 872 766 1392 1792
7133 4 2 16 28 164 943 2938 3043
7134 4 2 16 28 292 2147 291 2977
7135 4 2 16 28 670 1838 669 2795
7136 4 2 16 28 936 2961 2942 3000
7137 4 2 16 28 1820 698 1273 2944
7138 4 2 16 28 1742 2037 2964 3100
7139 4 2 16 28 124 1895 145 1731
7140 4 2 16 28 429 430 1260 2003
7141 4 2 16 28 677 3066 678 3070
7142 4 2 16 28 28 1145 20 2925
7143 4 2 16 28 2854 2802 553 2992
7144 4 2 16 28 2169 1933 248 247
7145 4 2 16 28 1426 134 106 1427
7146 4 2 16 28 701 807 1298 1797
7147 4 2 16 28 764 2978 765 3031
7148 4 2 16 28 1770 2939 1717 3004
7149 4 2 16 28 1182 332 1228 2030
7150 4 2 16 28 205 2932 77 3041
7151 4 2 16 28 2067 2147 265 266
7152 4 2 16 28 1738 1794 1860 971
7153 4 2 16 28 378 1205 1215 2135
7154 4 2 16 28 2246 2245 2988 3042
7155 4 2 16 28 533 3069 534 3106
7156 4 2 16 28 1898 1754 872 1792
7157 4 2 16 28 1889 907 148 131
7158 4 2 16 28 1781 2008 2119 3057
7159 4 2 16 28 218 1110 2704 3034
7160 4 2 16 28 736 737 771 2946
7161 4 2 16 28 2179 1959 2071 517
7162 4 2 16 28 1356 1783 727 2964
7163 4 2 16 28 520 2820 2798 2983
7164 4 2 16 28 1815 1886 1734 2985
7165 4 2 16 28 942 2937 163 3092
7166 4 2 16 28 775 930 3000 3036
7167 4 2 16 28 2058 2257 647 3035
7168 4 2 16 28 620 2164 619 3051
7169 4 2 16 28 2804 2806 653 3101
7170 4 2 16 28 482 1177 1250 2210
7171 4 2 16 28 2170 514 1856 1946
7172 4 2 16 28 959 168 1830 876
7173 4 2 16 28 773 2676 774 3000
7174 4 2 16 28 2166 2117 2294 449
7175 4 2 16 28 822 1909 1321 823
7176 4 2 16 28 2116 2222 727 2964
7177 4 2 16 28 1923 2148 2961 3083
7178 4 2 16 28 628 1832 1950 627
7179 4 2 16 28 2841 500 2968 2974
7180 4 2 16 28 1972 2106 1246 490
7181 4 2 16 28 2024 454 2317 2150
7182 4 2 16 28 527 329 2056 528
7183 4 2 16 28 329 527 2056 328
7184 4 2 16 28 2216 1269 465 2073
7185 4 2 16 28 2182 2181 339 338
7186 4 2 16 28 1218 2241 346 347
7187 4 2 16 28 689 2792 690 2976
7188 4 2 16 28 814 1789 905 1279
7189 4 2 16 28 2824 616 2773 2989
7190 4 2 16 28 717 1319 239 3082
7191 4 2 16 28 719 214 1318 3082
7192 4 2 16 28 1327 1894 711 2951
7193 4 2 16 28 2008 1864 2119 3084
7194 4 2 16 28 1934 2207 2254 2969
7195 4 2 16 28 360 76 559 2922
7196 4 2 16 28 1900 1365 843 128
7197 4 2 16 28 1830 877 1884 959
7198 4 2 16 28 1199 320 1225 1938
7199 4 2 16 28 307 308 1177 2000
7200 4 2 16 28 2822 622 2770 3038
7201 4 2 16 28 223 222 1732 2662
7202 4 2 16 28 1871 807 912 1795
7203 4 2 16 28 294 2231 293 2977
7204 4 2 16 28 2938 2960 1751 3083
7205 4 2 16 28 1862 2049 2185 2186
7206 4 2 16 28 1386 161 112 769
7207 4 2 16 28 1386 140 169 875
7208 4 2 16 28 2736 1132 8 2958
7209 4 2 16 28 2800 658 3007 3049
7210 4 2 16 28 2737 1126 234 2940
7211 4 2 16 28 2170 2017 315 1946
7212 4 2 16 28 2028 2234 1236 1181
7213 4 2 16 28 105 787 118 2933
7214 4 2 16 28 2238 1817 579 578
7215 4 2 16 28 829 1791 1361 723
7216 4 2 16 28 2700 2943 1110 3034
7217 4 2 16 28 1212 351 2108 1210
7218 4 2 16 28 2179 1727 1985 1959
7219 4 2 16 28 2820 519 2790 2983
7220 4 2 16 28 1923 1903 1751 3083
7221 4 2 16 28 1173 2094 389 1251
7222 4 2 16 28 2822 2775 623 3038
7223 4 2 16 28 19 18 1136 3097
7224 4 2 16 28 685 3102 2830 3103
7225 4 2 16 28 1759 2988 1872 3042
7226 4 2 16 28 1857 2048 2209 2977
7227 4 2 16 28 691 692 2956 3098
7228 4 2 16 28 806 805 702 2972
7229 4 2 16 28 734 1371 840 2998
7230 4 2 16 28 806 740 805 2972
7231 4 2 16 28 1422 758 864 3088
7232 4 2 16 28 1107 2699 215 2927
7233 4 2 16 28 737 1366 842 2975
7234 4 2 16 28 843 1366 736 2975
7235 4 2 16 28 249 1191 1248 2079
7236 4 2 16 28 889 1867 1738 1823
7237 4 2 16 28 800 801 707 3003
7238 4 2 16 28 646 2807 2805 3085
7239 4 2 16 28 1942 78 1111 2929
7240 4 2 16 28 1740 1888 504 3002
7241 4 2 16 28 99 1776 1831 1887
7242 4 2 16 28 554 2992 1910 3104
7243 4 2 16 28 1938 2038 320 321
7244 4 2 16 28 650 2932 3001 3053
7245 4 2 16 28 2849 3067 534 3069
7246 4 2 16 28 1433 918 1339 917
7247 4 2 16 28 236 235 2957 3029
7248 4 2 16 28 217 216 2943 3027
7249 4 2 16 28 1838 1839 1772 3030
7250 4 2 16 28 627 3009 2785 3010
7251 4 2 16 28 2288 2115 2002 484
7252 4 2 16 28 812 1310 710 3046
7253 4 2 16 28 93 1310 121 3046
7254 4 2 16 28 618 3048 2846 3051
7255 4 2 16 28 2166 2025 451 450
7256 4 2 16 28 256 257 2104 2297
7257 4 2 16 28 1812 646 2058 645
7258 4 2 16 28 1132 2746 1119 3052
7259 4 2 16 28 1136 16 19 3097
7260 4 2 16 28 1795 1748 1871 807
7261 4 2 16 28 691 2956 2041 2976
7262 4 2 16 28 453 454 1228 2317
7263 4 2 16 28 813 709 1312 2988
7264 4 2 16 28 229 230 2690 3028
7265 4 2 16 28 497 2796 2817 3018
7266 4 2 16 28 1910 553 2228 3087
7267 4 2 16 28 2158 1798 1723 2997
7268 4 2 16 28 1777 2990 597 3019
7269 4 2 16 28 584 1767 1766 2192
7270 4 2 16 28 1767 585 2288 2192
7271 4 2 16 28 703 804 2678 3039
7272 4 2 16 28 951 1828 1733 886
7273 4 2 16 28 942 941 2937 3092
7274 4 2 16 28 525 2792 2993 3076
7275 4 2 16 28 292 2977 291 3086
7276 4 2 16 28 294 2977 293 3086
7277 4 2 16 28 929 2953 163 3036
7278 4 2 16 28 1789 1755 868 1865
7279 4 2 16 28 1356 835 727 1783
7280 4 2 16 28 632 633 2155 3012
7281 4 2 16 28 1803 121 1299 811
7282 4 2 16 28 1185 2172 330 1235
7283 4 2 16 28 99 735 2928 2999
7284 4 2 16 28 2988 3042 2245 3062
7285 4 2 16 28 1106 1117 2717 3052
7286 4 2 16 28 674 675 2225 3064
7287 4 2 16 28 1916 2151 2229 683
7288 4 2 16 28 6 107 149 2965
7289 4 2 16 28 1357 729 833 3057
7290 4 2 16 28 1357 832 730 3057
7291 4 2 16 28 86 129 1771 1819
7292 4 2 16 28 1923 2960 2149 3083
7293 4 2 16 28 1766 583 582 2974
7294 4 2 16 28 2674 800 707 3063
7295 4 2 16 28 252 253 1236 2234
7296 4 2 16 28 2096 1797 1939 3032
7297 4 2 16 28 679 3067 680 3068
7298 4 2 16 28 1914 1966 1767 2022
7299 4 2 16 28 2085 1130 1129 2924
7300 4 2 16 28 701 1303 807 1797
7301 4 2 16 28 2797 691 3076 3098
7302 4 2 16 28 1781 2119 1854 3057
7303 4 2 16 28 2754 75 2810 3020
7304 4 2 16 28 1830 1771 1900 128
7305 4 2 16 28 1995 2278 384 1242
7306 4 2 16 28 1909 1321 823 719
7307 4 2 16 28 2254 1937 1866 2951
7308 4 2 16 28 391 392 1252 2305
7309 4 2 16 28 276 1956 275 3058
7310 4 2 16 28 2806 3001 652 3101
7311 4 2 16 28 484 485 1183 2002
7312 4 2 16 28 873 767 1391 3091
7313 4 2 16 28 1750 1775 1855 963
7314 4 2 16 28 2836 542 3005 3006
7315 4 2 16 28 2269 2037 1948 1734
7316 4 2 16 28 99 1831 127 1887
7317 4 2 16 28 2702 205 4 2929
7318 4 2 16 28 1853 727 1783 2964
7319 4 2 16 28 2793 498 2817 3018
7320 4 2 16 28 903 1874 1875 853
7321 4 2 16 28 596 595 1921 3045
7322 4 2 16 28 2282 448 447 2217
7323 4 2 16 28 1769 1977 2276 3087
7324 4 2 16 28 47 151 227 2688
7325 4 2 16 28 666 2751 2762 3030
7326 4 2 16 28 490 2106 1246 489
7327 4 2 16 28 2857 2760 660 3013
7328 4 2 16 28 593 2772 1919 3045
7329 4 2 16 28 2815 2752 64 3015
7330 4 2 16 28 1172 2212 2128 1231
7331 4 2 16 28 649 1836 2202 650
7332 4 2 16 28 604 603 1984 3021
7333 4 2 16 28 2240 2050 2264 1163
7334 4 2 16 28 1857 2029 1721 1927
7335 4 2 16 28 2063 298 2143 497
7336 4 2 16 28 2204 2054 369 1258
7337 4 2 16 28 2224 2003 430 429
7338 4 2 16 28 1962 2033 61 364
7339 4 2 16 28 16 17 3074 3097
7340 4 2 16 28 1118 1117 2722 3052
7341 4 2 16 28 1283 1774 1901 839
7342 4 2 16 28 1767 584 1766 1888
7343 4 2 16 28 331 2056 529 530
7344 4 2 16 28 2017 316 2170 315
7345 4 2 16 28 63 2980 2808 2981
7346 4 2 16 28 2056 330 331 529
7347 4 2 16 28 889 1867 950 1738
7348 4 2 16 28 17 1141 16 3074
7349 4 2 16 28 2232 1897 1755 2952
7350 4 2 16 28 2027 1864 2119 2954
7351 4 2 16 28 2267 523 2242 2945
7352 4 2 16 28 2254 1814 1728 715
7353 4 2 16 28 765 2978 764 2995
7354 4 2 16 28 724 725 1362 2954
7355 4 2 16 28 2794 3077 294 3086
7356 4 2 16 28 288 2985 289 3100
7357 4 2 16 28 2120 1877 1727 3075
7358 4 2 16 28 2250 705 93 2986
7359 4 2 16 28 937 1467 936 2961
7360 4 2 16 28 230 2689 237 3029
7361 4 2 16 28 236 2689 231 3029
7362 4 2 16 28 2171 1931 2964 3060
7363 4 2 16 28 611 2292 610 3099
7364 4 2 16 28 666 667 2196 3030
7365 4 2 16 28 454 455 1182 2150
7366 4 2 16 28 802 120 705 2986
7367 4 2 16 28 683 3071 2776 3102
7368 4 2 16 28 516 2837 2784 3019
7369 4 2 16 28 758 2970 2936 3088
7370 4 2 16 28 559 2967 2814 3080
7371 4 2 16 28 2843 2791 629 3011
7372 4 2 16 28 723 784 2675 3054
7373 4 2 16 28 2287 2050 2289 366
7374 4 2 16 28 705 1302 704 2962
7375 4 2 16 28 1766 582 581 2974
7376 4 2 16 28 233 2695 232 3078
7377 4 2 16 28 2772 593 1919 2997
7378 4 2 16 28 1239 1956 250 251
7379 4 2 16 28 27 160 769 2684
7380 4 2 16 28 2828 3064 540 3065
7381 4 2 16 28 1873 820 1284 899
7382 4 2 16 28 613 2782 2985 2991
7383 4 2 16 28 1127 2261 1128 2957
7384 4 2 16 28 647 2807 646 3035
7385 4 2 16 28 2178 2003 429 1207
7386 4 2 16 28 1746 1897 2936 2952
7387 4 2 16 28 533 532 3071 3106
7388 4 2 16 28 2225 1762 2045 673
7389 4 2 16 28 505 2821 506 3002
7390 4 2 16 28 355 2178 1207 2253
7391 4 2 16 28 212 205 78 560
7392 4 2 16 28 1812 644 645 2127
7393 4 2 16 28 685 686 1858 3103
7394 4 2 16 28 2026 3105 2246 3106
7395 4 2 16 28 1786 1359 97 2954
7396 4 2 16 28 59 55 753 2683
7397 4 2 16 28 48 52 917 2687
7398 4 2 16 28 462 1223 2239 1202
7399 4 2 16 28 793 2969 2677 2970
7400 4 2 16 28 2837 515 2778 3019
7401 4 2 16 28 617 618 1920 2989
7402 4 2 16 28 2248 99 1831 2975
7403 4 2 16 28 1205 378 379 2135
7404 4 2 16 28 1740 1888 1822 502
7405 4 2 16 28 504 2777 505 3002
7406 4 2 16 28 208 209 79 562
7407 4 2 16 28 678 3066 2767 3067
7408 4 2 16 28 591 592 2768 2996
7409 4 2 16 28 547 2967 2859 3030
7410 4 2 16 28 2761 2752 633 3015
7411 4 2 16 28 2776 2823 531 3071
7412 4 2 16 28 1836 650 649 2932
7413 4 2 16 28 2808 2980 296 3061
7414 4 2 16 28 2751 2967 76 3030
7415 4 2 16 28 700 1820 1273 1748
7416 4 2 16 28 330 331 1235 2172
7417 4 2 16 28 590 591 2850 2996
7418 4 2 16 28 693 1824 694 2318
7419 4 2 16 28 2978 3004 765 3031
7420 4 2 16 28 2008 2116 2119 3057
7421 4 2 16 28 716 1316 826 2949
7422 4 2 16 28 1123 2743 1124 3081
7423 4 2 16 28 532 2823 2771 3071
7424 4 2 16 28 127 842 1831 1364
7425 4 2 16 28 116 157 777 3043
7426 4 2 16 28 2813 630 2791 3011
7427 4 2 16 28 800 744 801 3003
7428 4 2 16 28 235 2692 1890 3029
7429 4 2 16 28 2225 1978 1883 3064
7430 4 2 16 28 762 2952 2936 3063
7431 4 2 16 28 527 526 2786 2993
7432 4 2 16 28 2772 512 2826 2997
7433 4 2 16 28 682 3068 681 3069
7434 4 2 16 28 2120 1940 1877 3075
7435 4 2 16 28 1767 587 586 2973
7436 4 2 16 28 290 289 2782 2985
7437 4 2 16 28 345 2047 544 2241
7438 4 2 16 28 677 2282 448 447
7439 4 2 16 28 2282 677 676 447
7440 4 2 16 28 2768 2826 511 2997
7441 4 2 16 28 1977 1910 2092 2228
7442 4 2 16 28 2221 624 625 3008
7443 4 2 16 28 1905 1315 813 2988
7444 4 2 16 28 2158 2118 1798 2997
7445 4 2 16 28 1816 1781 1734 3048
7446 4 2 16 28 1924 558 1718 3090
7447 4 2 16 28 1977 2101 1924 1718
7448 4 2 16 28 1238 458 1190 2039
7449 4 2 16 28 1218 346 2023 1201
7450 4 2 16 28 537 536 2767 3066
7451 4 2 16 28 90 1871 807 912
7452 4 2 16 28 863 1873 1833 856
7453 4 2 16 28 2008 1781 1864 3084
7454 4 2 16 28 650 2750 2816 3053
7455 4 2 16 28 2840 611 3077 3086
7456 4 2 16 28 1792 3004 2232 3031
7457 4 2 16 28 1881 1397 762 2952
7458 4 2 16 28 1974 1804 2053 3046
7459 4 2 16 28 1995 2067 1242 383
7460 4 2 16 28 644 1812 645 1730
7461 4 2 16 28 237 2949 238 3029
7462 4 2 16 28 2252 2251 609 3033
7463 4 2 16 28 2139 2124 432 1263
7464 4 2 16 28 1882 566 565 3013
7465 4 2 16 28 658 1870 659 3013
7466 4 2 16 28 2027 1737 1864 2954
7467 4 2 16 28 3009 3010 1885 3058
7468 4 2 16 28 944 2960 2938 3054
7469 4 2 16 28 1918 1419 1396 2936
7470 4 2 16 28 564 2857 2758 3014
7471 4 2 16 28 2936 3003 763 3063
7472 4 2 16 28 600 471 1997 599
7473 4 2 16 28 471 600 1997 470
7474 4 2 16 28 2171 1931 2037 2964
7475 4 2 16 28 816 706 1311 3042
7476 4 2 16 28 1311 94 122 3042
7477 4 2 16 28 2859 667 2762 3030
7478 4 2 16 28 309 1171 1250 2040
7479 4 2 16 28 1903 1923 2275 2961
7480 4 2 16 28 2842 526 525 2993
7481 4 2 16 28 559 2966 558 2967
7482 4 2 16 28 769 161 24 2684
7483 4 2 16 28 2776 2830 684 3102
7484 4 2 16 28 275 274 3010 3025
7485 4 2 16 28 93 2962 2250 3046
7486 4 2 16 28 1300 704 2962 3032
7487 4 2 16 28 283 3048 284 3072
7488 4 2 16 28 1861 832 887 1733
7489 4 2 16 28 55 213 2661 753
7490 4 2 16 28 917 48 240 2688
7491 4 2 16 28 1747 1865 1905 907
7492 4 2 16 28 612 611 2788 2991
7493 4 2 16 28 2227 1936 352 353
7494 4 2 16 28 611 610 3077 3099
7495 4 2 16 28 676 3064 2774 3065
7496 4 2 16 28 935 932 2097 2946
7497 4 2 16 28 12 1134 9 2965
7498 4 2 16 28 1830 1788 168 1434
7499 4 2 16 28 2232 3004 2978 3031
7500 4 2 16 28 360 66 76 2922
7501 4 2 16 28 678 2847 679 3067
7502 4 2 16 28 1924 2092 1977 1718
7503 4 2 16 28 2765 680 679 3067
7504 4 2 16 28 762 867 1881 1399
7505 4 2 16 28 737 114 770 2946
7506 4 2 16 28 1822 1740 2213 2161
7507 4 2 16 28 355 2178 2253 2089
7508 4 2 16 28 748 2059 109 759
7509 4 2 16 28 1897 1923 1717 2941
7510 4 2 16 28 1725 1841 1737 2955
7511 4 2 16 28 2087 433 432 2124
7512 4 2 16 28 2804 653 654 3023
7513 4 2 16 28 1897 1717 1739 2941
7514 4 2 16 28 551 3085 550 3087
7515 4 2 16 28 1398 2952 761 3031
7516 4 2 16 28 450 2025 451 1170
7517 4 2 16 28 704 2678 803 3039
7518 4 2 16 28 1131 1132 2738 2931
7519 4 2 16 28 2181 1980 1229 338
7520 4 2 16 28 99 127 1368 1887
7521 4 2 16 28 216 223 2663 3027
7522 4 2 16 28 2663 224 215 3027
7523 4 2 16 28 691 2976 690 3076
7524 4 2 16 28 163 2937 938 3036
7525 4 2 16 28 244 23 243 738
7526 4 2 16 28 244 243 27 769
7527 4 2 16 28 1940 2056 1724 3103
7528 4 2 16 28 651 1837 2263 2162
7529 4 2 16 28 278 277 2779 3009
7530 4 2 16 28 621 3047 3038 3051
7531 4 2 16 28 724 2675 783 3056
7532 4 2 16 28 2838 613 612 2991
7533 4 2 16 28 1114 1115 2277 2715
7534 4 2 16 28 1321 1801 720 2927
7535 4 2 16 28 2267 522 523 2945
7536 4 2 16 28 1797 807 808 1303
7537 4 2 16 28 2187 2001 467 2296
7538 4 2 16 28 168 1771 1830 141
7539 4 2 16 28 2674 708 799 3063
7540 4 2 16 28 296 2982 295 3061
7541 4 2 16 28 1896 864 1422 863
7542 4 2 16 28 2858 2757 638 3080
7543 4 2 16 28 972 1860 1438 2948
7544 4 2 16 28 655 2803 3023 3049
7545 4 2 16 28 754 1782 1424 2941
7546 4 2 16 28 563 3014 64 3044
7547 4 2 16 28 1354 728 1853 3057
7548 4 2 16 28 635 2864 1839 2751
7549 4 2 16 28 5 220 2666 3079
7550 4 2 16 28 1836 2263 650 1837
7551 4 2 16 28 529 530 1724 3102
7552 4 2 16 28 760 110 2978 2986
7553 4 2 16 28 103 120 802 2986
7554 4 2 16 28 2948 2960 2259 2965
7555 4 2 16 28 2810 521 2798 3020
7556 4 2 16 28 99 1776 2248 1831
7557 4 2 16 28 1725 2012 1994 1917
7558 4 2 16 28 1776 2161 2049 1740
7559 4 2 16 28 599 600 2790 2990
7560 4 2 16 28 2098 2972 1939 3039
7561 4 2 16 28 1914 589 2022 2973
7562 4 2 16 28 277 278 2203 3058
7563 4 2 16 28 937 2937 1465 2961
7564 4 2 16 28 277 276 2834 3009
7565 4 2 16 28 1129 2740 1122 2277
7566 4 2 16 28 1806 2860 632 3015
7567 4 2 16 28 2853 657 2800 3049
7568 4 2 16 28 621 2770 3038 3047
7569 4 2 16 28 321 1203 1225 2214
7570 4 2 16 28 1888 1767 585 3002
7571 4 2 16 28 333 334 1176 2160
7572 4 2 16 28 1954 2988 710 3046
7573 4 2 16 28 931 932 773 3000
7574 4 2 16 28 1157 421 422 1944
7575 4 2 16 28 1923 1751 1739 2960
7576 4 2 16 28 96 1731 1316 2949
7577 4 2 16 28 2812 669 1838 2795
7578 4 2 16 28 659 1870 1964 3013
7579 4 2 16 28 99 1887 1368 2998
7580 4 2 16 28 1931 2116 2037 2964
7581 4 2 16 28 748 104 2059 796
7582 4 2 16 28 104 748 2059 109
7583 4 2 16 28 608 3033 2251 3061
7584 4 2 16 28 710 2988 1315 3046
7585 4 2 16 28 569 568 3007 3049
7586 4 2 16 28 2764 3048 283 3051
7587 4 2 16 28 625 624 2831 3008
7588 4 2 16 28 1720 3009 1885 3058
7589 4 2 16 28 82 1984 1846 3021
7590 4 2 16 28 437 438 1168 2081
7591 4 2 16 28 758 757 2970 3088
7592 4 2 16 28 1757 2254 1866 2951
7593 4 2 16 28 783 924 782 2994
7594 4 2 16 28 749 795 748 2970
7595 4 2 16 28 2148 3083 3043 3092
7596 4 2 16 28 478 479 1172 2212
7597 4 2 16 28 2732 237 2924 2949
7598 4 2 16 28 1917 571 1827 3101
7599 4 2 16 28 2227 553 552 3087
7600 4 2 16 28 701 2930 89 2971
7601 4 2 16 28 2277 2085 1129 2924
7602 4 2 16 28 675 2828 2774 3064
7603 4 2 16 28 1174 1253 1980 449
7604 4 2 16 28 2749 77 548 2932
7605 4 2 16 28 2835 2787 582 2974
7606 4 2 16 28 558 2966 1718 3090
7607 4 2 16 28 301 302 1192 2078
7608 4 2 16 28 2844 598 599 2990
7609 4 2 16 28 1896 864 863 1833
7610 4 2 16 28 2012 1725 1841 1917
7611 4 2 16 28 2815 662 663 1722
7612 4 2 16 28 2846 285 284 3048
7613 4 2 16 28 733 1369 1774 2998
7614 4 2 16 28 940 2938 1448 3083
7615 4 2 16 28 1420 758 2936 3088
7616 4 2 16 28 66 360 1221 2123
7617 4 2 16 28 205 2706 4 2932
7618 4 2 16 28 586 2973 587 3002
7619 4 2 16 28 352 1210 1256 1936
7620 4 2 16 28 2011 2115 1226 1183
7621 4 2 16 28 2020 1995 2292 383
7622 4 2 16 28 2113 2041 462 463
7623 4 2 16 28 2752 3015 663 3094
7624 4 2 16 28 678 3067 679 3070
7625 4 2 16 28 2022 2205 481 2309
7626 4 2 16 28 2220 2007 1227 393
7627 4 2 16 28 2815 563 2758 3014
7628 4 2 16 28 810 1869 809 1300
7629 4 2 16 28 2757 2814 637 3080
7630 4 2 16 28 724 783 782 2994
7631 4 2 16 28 548 2130 78 560
7632 4 2 16 28 315 1184 1232 2017
7633 4 2 16 28 1898 1754 1795 911
7634 4 2 16 28 2828 674 2783 3064
7635 4 2 16 28 2093 548 78 2929
7636 4 2 16 28 572 2218 573 2940
7637 4 2 16 28 122 94 1322 2951
7638 4 2 16 28 617 616 2989 3017
7639 4 2 16 28 944 1440 970 2960
7640 4 2 16 28 2744 79 2697 2987
7641 4 2 16 28 2161 1776 2049 1969
7642 4 2 16 28 1832 1885 1720 3009
7643 4 2 16 28 434 435 1159 2004
7644 4 2 16 28 1718 1924 2092 556
7645 4 2 16 28 2104 2094 258 1251
7646 4 2 16 28 2816 649 650 2932
7647 4 2 16 28 1353 1854 97 3057
7648 4 2 16 28 686 2833 1858 3103
7649 4 2 16 28 1909 822 1321 1801
7650 4 2 16 28 2110 1725 1737 2955
7651 4 2 16 28 520 2945 519 2983
7652 4 2 16 28 20 1146 28 2963
7653 4 2 16 28 556 557 2759 3104
7654 4 2 16 28 2771 681 2849 3069
7655 4 2 16 28 1804 1907 2053 3046
7656 4 2 16 28 2061 2218 373 372
7657 4 2 16 28 694 1824 2216 2318
7658 4 2 16 28 312 313 1231 2128
7659 4 2 16 28 2220 2007 2260 1227
7660 4 2 16 28 277 3009 278 3058
7661 4 2 16 28 1324 819 713 1814
7662 4 2 16 28 2843 2785 275 3010
7663 4 2 16 28 1901 840 1283 879
7664 4 2 16 28 889 1823 1285 830
7665 4 2 16 28 506 308 2185 507
7666 4 2 16 28 308 506 2185 307
7667 4 2 16 28 884 953 1813 1908
7668 4 2 16 28 95 1317 1801 2927
7669 4 2 16 28 646 1812 2058 3035
7670 4 2 16 28 668 2812 669 1838
7671 4 2 16 28 1781 1742 3048 3072
7672 4 2 16 28 8 2259 2948 2958
7673 4 2 16 28 1977 1910 1718 2092
7674 4 2 16 28 955 1847 964 171
7675 4 2 16 28 1783 126 1352 836
7676 4 2 16 28 1914 590 589 2996
7677 4 2 16 28 271 64 3015 3044
7678 4 2 16 28 2081 1264 1168 2077
7679 4 2 16 28 945 2960 944 3054
7680 4 2 16 28 596 3019 2837 3045
7681 4 2 16 28 121 1804 93 3046
7682 4 2 16 28 758 749 759 2970
7683 4 2 16 28 575 2132 576 3016
7684 4 2 16 28 595 596 2778 3045
7685 4 2 16 28 14 13 1135 3095
7686 4 2 16 28 2259 7 8 2965
7687 4 2 16 28 525 2993 526 3075
7688 4 2 16 28 1872 815 707 1859
7689 4 2 16 28 2819 608 2799 3061
7690 4 2 16 28 571 570 1827 3023
7691 4 2 16 28 2137 388 617 387
7692 4 2 16 28 874 1388 1913 1779
7693 4 2 16 28 387 617 2137 616
7694 4 2 16 28 802 2986 705 3039
7695 4 2 16 28 2852 654 655 3023
7696 4 2 16 28 275 3010 276 3058
7697 4 2 16 28 1897 2233 1923 2941
7698 4 2 16 28 2243 1179 262 261
7699 4 2 16 28 736 2935 737 2946
7700 4 2 16 28 803 2678 804 2995
7701 4 2 16 28 509 510 2959 2996
7702 4 2 16 28 1913 169 875 1788
7703 4 2 16 28 1954 2978 2098 2986
7704 4 2 16 28 2008 1781 2116 3057
7705 4 2 16 28 2099 2063 2143 497
7706 4 2 16 28 722 2955 2950 3056
7707 4 2 16 28 2809 2980 63 2981
7708 4 2 16 28 521 522 2267 2945
7709 4 2 16 28 1959 2071 516 2170
7710 4 2 16 28 699 697 1275 1820
7711 4 2 16 28 578 577 1817 2796
7712 4 2 16 28 1883 3064 1978 3070
7713 4 2 16 28 721 722 1363 2955
7714 4 2 16 28 3 2941 1 2947
7715 4 2 16 28 940 1450 941 3083
7716 4 2 16 28 840 1901 1774 1834
7717 4 2 16 28 549 2093 550 2929
7718 4 2 16 28 1137 22 21 2930
7719 4 2 16 28 2116 728 2222 3057
7720 4 2 16 28 2171 2964 1829 3060
7721 4 2 16 28 2265 1722 661 3013
7722 4 2 16 28 595 2827 594 3045
7723 4 2 16 28 931 935 932 3000
7724 4 2 16 28 542 1849 541 3005
7725 4 2 16 28 650 3001 2750 3053
7726 4 2 16 28 2685 85 23 738
7727 4 2 16 28 656 2268 657 3040
7728 4 2 16 28 2806 573 574 3001
7729 4 2 16 28 1799 137 132 1875
7730 4 2 16 28 2049 1862 1740 2186
7731 4 2 16 28 2223 1106 2722 1105
7732 4 2 16 28 1974 2053 2250 3046
7733 4 2 16 28 17 18 2946 3097
7734 4 2 16 28 450 679 680 1979
7735 4 2 16 28 450 680 451 1979
7736 4 2 16 28 1742 1948 1734 3048
7737 4 2 16 28 217 2943 2700 3034
7738 4 2 16 28 1864 1720 1926 3084
7739 4 2 16 28 2217 2181 1229 1180
7740 4 2 16 28 1466 936 1775 2942
7741 4 2 16 28 759 749 748 2970
7742 4 2 16 28 610 2794 2840 3077
7743 4 2 16 28 710 2986 1954 3046
7744 4 2 16 28 1720 1864 1926 3058
7745 4 2 16 28 472 599 598 2146
7746 4 2 16 28 472 471 599 2146
7747 4 2 16 28 1397 2936 762 2952
7748 4 2 16 28 9 6 149 2965
7749 4 2 16 28 2818 523 2797 3076
7750 4 2 16 28 1274 697 1820 2963
7751 4 2 16 28 90 1748 807 1871
7752 4 2 16 28 1917 2218 2940 2957
7753 4 2 16 28 3 753 2683 754
7754 4 2 16 28 917 914 12 2687
7755 4 2 16 28 2704 219 218 3034
7756 4 2 16 28 1822 499 500 2968
7757 4 2 16 28 1889 1803 908 811
7758 4 2 16 28 1879 916 1892 1805
7759 4 2 16 28 161 24 112 769
7760 4 2 16 28 1800 2951 1937 3042
7761 4 2 16 28 1858 688 2976 2993
7762 4 2 16 28 2674 707 708 3062
7763 4 2 16 28 679 680 1979 3068
7764 4 2 16 28 613 1995 612 3099
7765 4 2 16 28 1920 2163 2164 3051
7766 4 2 16 28 1846 1824 82 3021
7767 4 2 16 28 2166 2025 450 1170
7768 4 2 16 28 943 2994 924 3054
7769 4 2 16 28 4 2706 5 2932
7770 4 2 16 28 701 2096 91 2930
7771 4 2 16 28 1984 2131 1997 1726
7772 4 2 16 28 2269 1734 286 3100
7773 4 2 16 28 723 1791 2955 3056
7774 4 2 16 28 751 792 2207 2933
7775 4 2 16 28 2027 1926 1864 3058
7776 4 2 16 28 1869 703 809 1300
7777 4 2 16 28 237 238 3028 3029
7778 4 2 16 28 362 363 1156 2293
7779 4 2 16 28 1318 719 1909 823
7780 4 2 16 28 2275 1923 1903 2939
7781 4 2 16 28 1740 2186 1862 3002
7782 4 2 16 28 2315 1963 1261 1165
7783 4 2 16 28 2011 2186 2284 306
7784 4 2 16 28 1748 1797 91 1298
7785 4 2 16 28 556 2855 555 3104
7786 4 2 16 28 1756 1874 1875 903
7787 4 2 16 28 832 1854 125 1353
7788 4 2 16 28 2978 2995 765 3004
7789 4 2 16 28 25 2942 17 2946
7790 4 2 16 28 257 1169 1252 2104
7791 4 2 16 28 697 699 1274 1820
7792 4 2 16 28 1815 2984 1848 2985
7793 4 2 16 28 2093 2130 68 349
7794 4 2 16 28 1301 808 702 3032
7795 4 2 16 28 1717 2201 2232 3004
7796 4 2 16 28 2012 1929 2110 2955
7797 4 2 16 28 1449 2937 941 3083
7798 4 2 16 28 724 782 725 2994
7799 4 2 16 28 2214 2001 2313 322
7800 4 2 16 28 113 244 27 769
7801 4 2 16 28 609 2819 2794 3077
7802 4 2 16 28 98 1352 726 2964
7803 4 2 16 28 881 880 1855 1287
7804 4 2 16 28 2149 2960 2259 3055
7805 4 2 16 28 1804 1803 1747 121
7806 4 2 16 28 575 576 2981 3016
7807 4 2 16 28 753 55 3 2683
7808 4 2 16 28 917 12 48 2687
7809 4 2 16 28 754 1425 1782 2947
7810 4 2 16 28 1439 2938 944 2960
7811 4 2 16 28 1887 840 841 1371
7812 4 2 16 28 1729 2182 2091 3065
7813 4 2 16 28 2151 681 682 3068
7814 4 2 16 28 445 1189 2134 1233
7815 4 2 16 28 1913 169 1788 3073
7816 4 2 16 28 520 519 2820 2983
7817 4 2 16 28 1819 1779 139 874
7818 4 2 16 28 3 754 2941 2947
7819 4 2 16 28 1721 2029 1822 2143
7820 4 2 16 28 2930 2944 13 3095
7821 4 2 16 28 284 3048 1948 3072
7822 4 2 16 28 896 1845 897 823
7823 4 2 16 28 761 868 1399 2952
7824 4 2 16 28 2045 672 673 1762
7825 4 2 16 28 830 1867 889 1823
7826 4 2 16 28 1460 773 931 932
7827 4 2 16 28 751 750 793 1415
7828 4 2 16 28 803 1407 743 742
7829 4 2 16 28 848 849 909 1407
7830 4 2 16 28 923 1443 783 924
7831 4 2 16 28 949 950 889 1443
7832 4 2 16 28 342 343 1986 2184
7833 4 2 16 28 850 906 1402 851
7834 4 2 16 28 780 926 1453 925
7835 4 2 16 28 951 886 1454 952
7836 4 2 16 28 1403 800 745 744
7837 4 2 16 28 2250 2098 1939 3039
7838 4 2 16 28 1857 1815 2048 2984
7839 4 2 16 28 622 2822 623 3038
7840 4 2 16 28 2792 524 2818 3076
7841 4 2 16 28 243 241 1140 2934
7842 4 2 16 28 244 242 1145 2935
7843 4 2 16 28 2851 551 1730 3085
7844 4 2 16 28 1796 1858 2976 2993
7845 4 2 16 28 603 2754 2810 3021
7846 4 2 16 28 1721 1927 2143 2099
7847 4 2 16 28 2937 2961 2148 3083
7848 4 2 16 28 94 119 2059 3003
7849 4 2 16 28 1792 2232 1755 3031
7850 4 2 16 28 1109 1108 2237 2943
7851 4 2 16 28 619 2846 2764 3051
7852 4 2 16 28 2764 2848 620 3051
7853 4 2 16 28 2663 223 224 3028
7854 4 2 16 28 632 2112 631 3012
7855 4 2 16 28 1872 1859 707 2988
7856 4 2 16 28 939 928 164 3043
7857 4 2 16 28 737 736 2925 2935
7858 4 2 16 28 2302 1982 2304 459
7859 4 2 16 28 2089 2227 2228 354
7860 4 2 16 28 1932 2057 1752 2185
7861 4 2 16 28 28 244 100 738
7862 4 2 16 28 1856 2997 513 3045
7863 4 2 16 28 287 1734 286 2989
7864 4 2 16 28 1815 2209 2048 2171
7865 4 2 16 28 2232 2936 2233 3088
7866 4 2 16 28 1746 864 1833 1918
7867 4 2 16 28 866 1790 1874 1875
7868 4 2 16 28 1802 870 764 1390
7869 4 2 16 28 793 2207 792 2969
7870 4 2 16 28 1805 152 1435 919
7871 4 2 16 28 1853 1733 1813 834
7872 4 2 16 28 789 790 2688 151
7873 4 2 16 28 689 2976 688 2993
7874 4 2 16 28 2066 2102 2285 1217
7875 4 2 16 28 1127 1128 2261 2277
7876 4 2 16 28 2151 2150 2229 454
7877 4 2 16 28 862 1896 1873 1763
7878 4 2 16 28 2049 1862 2185 1831
7879 4 2 16 28 2770 281 2822 3047
7880 4 2 16 28 2942 3073 17 3074
7881 4 2 16 28 1858 2833 687 2993
7882 4 2 16 28 592 2826 2996 2997
7883 4 2 16 28 505 305 2284 306
7884 4 2 16 28 305 505 2284 504
7885 4 2 16 28 2848 282 2770 3047
7886 4 2 16 28 2257 648 647 3035
7887 4 2 16 28 1842 2111 1812 3037
7888 4 2 16 28 1974 2250 1804 3046
7889 4 2 16 28 2257 1836 2202 648
7890 4 2 16 28 1873 820 1891 1814
7891 4 2 16 28 125 97 1854 1786
7892 4 2 16 28 572 2940 573 3101
7893 4 2 16 28 2797 2811 692 3098
7894 4 2 16 28 784 783 2675 3054
7895 4 2 16 28 287 286 1734 3100
7896 4 2 16 28 1739 2259 1923 2960
7897 4 2 16 28 1372 731 732 3060
7898 4 2 16 28 931 936 935 3000
7899 4 2 16 28 2201 1717 2939 3004
7900 4 2 16 28 2938 3043 2149 3083
7901 4 2 16 28 1927 1721 1857 2977
7902 4 2 16 28 2775 279 2831 3050
7903 4 2 16 28 663 662 2308 3093
7904 4 2 16 28 797 1954 710 2986
7905 4 2 16 28 1780 1909 1736 824
7906 4 2 16 28 1389 768 874 3091
7907 4 2 16 28 2052 2235 2280 1240
7908 4 2 16 28 2136 1870 1964 2219
7909 4 2 16 28 2269 287 2243 3100
7910 4 2 16 28 553 2992 552 3087
7911 4 2 16 28 2822 280 2775 3050
7912 4 2 16 28 1975 2079 2180 1248
7913 4 2 16 28 1914 2022 1767 2973
7914 4 2 16 28 282 2297 2298 3072
7915 4 2 16 28 934 1468 960 2942
7916 4 2 16 28 502 1888 1822 2974
7917 4 2 16 28 1838 2967 1839 3030
7918 4 2 16 28 1822 500 501 2974
7919 4 2 16 28 432 433 1164 2124
7920 4 2 16 28 1980 2294 1174 449
7921 4 2 16 28 1724 1858 1796 2993
7922 4 2 16 28 1749 1831 842 1830
7923 4 2 16 28 2774 2828 539 3065
7924 4 2 16 28 533 1935 532 3106
7925 4 2 16 28 750 794 749 2970
7926 4 2 16 28 907 1905 1747 812
7927 4 2 16 28 2110 1929 1725 2955
7928 4 2 16 28 458 457 2262 1238
7929 4 2 16 28 732 731 2188 3060
7930 4 2 16 28 2232 2098 2978 3004
7931 4 2 16 28 2176 1723 2158 2057
7932 4 2 16 28 2161 1776 1857 1740
7933 4 2 16 28 1202 323 324 1983
7934 4 2 16 28 1932 1752 2963 2975
7935 4 2 16 28 2242 2945 523 3075
7936 4 2 16 28 2202 1991 2215 420
7937 4 2 16 28 2096 2098 2971 2972
7938 4 2 16 28 607 2808 2799 3061
7939 4 2 16 28 1799 1833 854 1918
7940 4 2 16 28 1447 942 965 2937
7941 4 2 16 28 968 939 1446 2938
7942 4 2 16 28 893 145 1731 826
7943 4 2 16 28 865 759 1419 2936
7944 4 2 16 28 938 1464 964 2937
7945 4 2 16 28 969 1436 943 2938
7946 4 2 16 28 917 151 2688 790
7947 4 2 16 28 956 957 880 1462
7948 4 2 16 28 930 1462 774 931
7949 4 2 16 28 804 742 741 1409
7950 4 2 16 28 784 1445 923 922
7951 4 2 16 28 949 948 1445 890
7952 4 2 16 28 750 794 1417 749
7953 4 2 16 28 538 2825 2774 3065
7954 4 2 16 28 1404 745 799 746
7955 4 2 16 28 851 852 905 1404
7956 4 2 16 28 926 779 1455 927
7957 4 2 16 28 885 953 1455 952
7958 4 2 16 28 1137 14 22 2930
7959 4 2 16 28 1166 2003 2206 1260
7960 4 2 16 28 736 26 2935 2946
7961 4 2 16 28 2232 2233 1897 3088
7962 4 2 16 28 300 2029 2143 499
7963 4 2 16 28 371 1209 1257 2060
7964 4 2 16 28 1119 2746 1120 3052
7965 4 2 16 28 758 757 749 2970
7966 4 2 16 28 1779 139 1389 1391
7967 4 2 16 28 1896 864 1833 1746
7968 4 2 16 28 1867 144 165 1861
7969 4 2 16 28 1749 1830 877 1884
7970 4 2 16 28 111 2971 768 3091
7971 4 2 16 28 575 2981 81 3016
7972 4 2 16 28 656 2853 2803 3049
7973 4 2 16 28 2080 668 1838 3030
7974 4 2 16 28 1393 765 1792 3031
7975 4 2 16 28 1730 1844 3035 3085
7976 4 2 16 28 1848 3033 1764 3099
7977 4 2 16 28 319 320 1199 1938
7978 4 2 16 28 861 1425 755 2947
7979 4 2 16 28 1430 915 913 2948
7980 4 2 16 28 1897 2233 2232 1923
7981 4 2 16 28 612 2991 613 3099
7982 4 2 16 28 220 2668 219 3078
7983 4 2 16 28 2096 1939 2972 3032
7984 4 2 16 28 498 497 2817 3018
7985 4 2 16 28 550 3085 2929 3087
7986 4 2 16 28 937 936 3000 3036
7987 4 2 16 28 163 2937 3036 3092
7988 4 2 16 28 746 1954 761 3063
7989 4 2 16 28 787 105 752 2933
7990 4 2 16 28 1730 1812 1842 2992
7991 4 2 16 28 2048 1857 2209 1815
7992 4 2 16 28 685 1858 3102 3103
7993 4 2 16 28 664 83 2863 3094
7994 4 2 16 28 2669 708 3062 3063
7995 4 2 16 28 75 3020 2754 3098
7996 4 2 16 28 1856 1723 1798 2997
7997 4 2 16 28 1989 1914 591 2309
7998 4 2 16 28 1824 2318 693 2956
7999 4 2 16 28 743 764 2986 2995
8000 4 2 16 28 2138 3017 1811 3099
8001 4 2 16 28 1132 1119 2745 2258
8002 4 2 16 28 1739 1717 1923 2941
8003 4 2 16 28 1786 2119 1864 2954
8004 4 2 16 28 235 1890 2940 2957
8005 4 2 16 28 1723 1798 2158 2057
8006 4 2 16 28 1741 2924 1841 2957
8007 4 2 16 28 1718 2047 2101 1924
8008 4 2 16 28 328 329 2299 2056
8009 4 2 16 28 1416 748 749 795
8010 4 2 16 28 1444 891 948 947
8011 4 2 16 28 854 1416 855 901
8012 4 2 16 28 805 740 1408 741
8013 4 2 16 28 846 847 911 1408
8014 4 2 16 28 955 956 881 1461
8015 4 2 16 28 930 775 1461 929
8016 4 2 16 28 922 785 1444 921
8017 4 2 16 28 937 2961 936 3036
8018 4 2 16 28 1929 2051 2153 3025
8019 4 2 16 28 871 1802 1899 870
8020 4 2 16 28 2265 662 1722 3093
8021 4 2 16 28 884 1453 953 954
8022 4 2 16 28 778 927 928 1454
8023 4 2 16 28 852 853 904 1403
8024 4 2 16 28 746 1402 747 798
8025 4 2 16 28 83 1965 2154 3094
8026 4 2 16 28 290 291 2984 2985
8027 4 2 16 28 2752 2761 64 3015
8028 4 2 16 28 657 656 3040 3049
8029 4 2 16 28 514 2170 1856 3019
8030 4 2 16 28 12 914 2948 2965
8031 4 2 16 28 2858 2966 558 3080
8032 4 2 16 28 1717 1903 1923 2939
8033 4 2 16 28 793 750 2207 2970
8034 4 2 16 28 1985 1727 2120 1959
8035 4 2 16 28 2003 2139 430 1166
8036 4 2 16 28 520 521 2038 2945
8037 4 2 16 28 672 1762 671 3006
8038 4 2 16 28 639 3080 3037 3104
8039 4 2 16 28 423 424 1212 2108
8040 4 2 16 28 274 2791 3010 3011
8041 4 2 16 28 2065 1224 2244 268
8042 4 2 16 28 536 3066 535 3067
8043 4 2 16 28 290 291 2985 2991
8044 4 2 16 28 522 523 2945 3098
8045 4 2 16 28 681 2273 680 3068
8046 4 2 16 28 1207 356 355 2253
8047 4 2 16 28 1126 79 2744 2987
8048 4 2 16 28 26 18 2935 2946
8049 4 2 16 28 283 3047 3051 3072
8050 4 2 16 28 705 2986 2962 3039
8051 4 2 16 28 1836 648 2257 3035
8052 4 2 16 28 2234 1236 252 2121
8053 4 2 16 28 1772 1839 84 3030
8054 4 2 16 28 68 561 362 2084
8055 4 2 16 28 2138 1811 2291 3099
8056 4 2 16 28 930 931 774 3000
8057 4 2 16 28 528 529 2056 3103
8058 4 2 16 28 631 2860 1806 3011
8059 4 2 16 28 2718 1109 1114 3081
8060 4 2 16 28 2171 1829 1735 3060
8061 4 2 16 28 921 786 1941 2950
8062 4 2 16 28 918 791 1339 917
8063 4 2 16 28 1822 1721 2143 3018
8064 4 2 16 28 565 3013 2857 3014
8065 4 2 16 28 1856 1798 2118 2997
8066 4 2 16 28 2176 2040 310 309
8067 4 2 16 28 2031 2197 2308 407
8068 4 2 16 28 2179 1878 518 2983
8069 4 2 16 28 723 2954 1791 3056
8070 4 2 16 28 682 3069 2823 3071
8071 4 2 16 28 1862 1831 1752 2185
8072 4 2 16 28 551 550 2140 3087
8073 4 2 16 28 1766 2968 1822 2974
8074 4 2 16 28 132 854 902 1413
8075 4 2 16 28 748 104 796 1413
8076 4 2 16 28 102 740 1405 806
8077 4 2 16 28 166 955 882 1458
8078 4 2 16 28 158 929 1458 776
8079 4 2 16 28 155 921 1441 786
8080 4 2 16 28 130 846 912 1405
8081 4 2 16 28 947 156 1441 892
8082 4 2 16 28 105 751 792 1414
8083 4 2 16 28 849 131 908 1406
8084 4 2 16 28 743 103 1406 802
8085 4 2 16 28 159 932 772 1459
8086 4 2 16 28 950 165 888 1442
8087 4 2 16 28 133 857 1414 898
8088 4 2 16 28 157 924 782 1442
8089 4 2 16 28 2161 1776 1969 1857
8090 4 2 16 28 1848 2984 2977 3086
8091 4 2 16 28 2086 1 2 2941
8092 4 2 16 28 654 3022 655 3023
8093 4 2 16 28 930 937 936 3000
8094 4 2 16 28 2685 87 85 738
8095 4 2 16 28 165 951 887 1451
8096 4 2 16 28 131 850 907 1401
8097 4 2 16 28 104 744 801 1400
8098 4 2 16 28 158 925 781 1452
8099 4 2 16 28 103 747 1401 797
8100 4 2 16 28 928 157 777 1451
8101 4 2 16 28 853 132 903 1400
8102 4 2 16 28 954 166 883 1452
8103 4 2 16 28 26 113 736 2935
8104 4 2 16 28 872 1394 766 1792
8105 4 2 16 28 150 135 107 1426
8106 4 2 16 28 149 150 107 1426
8107 4 2 16 28 535 3066 536 3105
8108 4 2 16 28 959 168 876 1457
8109 4 2 16 28 2059 1937 2254 2951
8110 4 2 16 28 2015 1725 2109 1929
8111 4 2 16 28 290 2984 289 2985
8112 4 2 16 28 2823 3069 2771 3071
8113 4 2 16 28 945 1438 1860 2960
8114 4 2 16 28 411 412 1261 2315
8115 4 2 16 28 1269 2216 465 74
8116 4 2 16 28 610 2292 2252 3033
8117 4 2 16 28 631 1806 632 3012
8118 4 2 16 28 25 17 2942 3073
8119 4 2 16 28 626 3008 625 3009
8120 4 2 16 28 2101 1758 1718 1977
8121 4 2 16 28 791 918 155 2958
8122 4 2 16 28 628 3010 2843 3011
8123 4 2 16 28 153 1941 155 2958
8124 4 2 16 28 416 1211 1257 2271
8125 4 2 16 28 318 319 1249 2211
8126 4 2 16 28 819 818 1325 1757
8127 4 2 16 28 625 3008 2779 3009
8128 4 2 16 28 707 2988 708 3062
8129 4 2 16 28 2246 2053 2026 3106
8130 4 2 16 28 2788 2991 611 3086
8131 4 2 16 28 533 2771 3069 3071
8132 4 2 16 28 28 100 2925 3026
8133 4 2 16 28 1721 2099 294 2977
8134 4 2 16 28 2246 3105 1759 3106
8135 4 2 16 28 757 863 1896 1422
8136 4 2 16 28 1906 1315 812 1905
8137 4 2 16 28 291 2991 2788 3086
8138 4 2 16 28 2689 236 237 3029
8139 4 2 16 28 661 2857 3013 3014
8140 4 2 16 28 4 2932 1844 3035
8141 4 2 16 28 1890 2957 235 3029
8142 4 2 16 28 2843 3010 2791 3011
8143 4 2 16 28 2148 2275 1923 2961
8144 4 2 16 28 1954 760 761 2978
8145 4 2 16 28 2170 1727 1856 3019
8146 4 2 16 28 2840 2794 293 3086
8147 4 2 16 28 868 1398 869 1755
8148 4 2 16 28 743 803 742 2995
8149 4 2 16 28 1781 3072 3047 3084
8150 4 2 16 28 928 777 157 3043
8151 4 2 16 28 157 164 928 3043
8152 4 2 16 28 290 2985 2838 2991
8153 4 2 16 28 634 1825 633 3094
8154 4 2 16 28 225 2664 224 3082
8155 4 2 16 28 229 2691 228 3082
8156 4 2 16 28 2232 2952 1755 3031
8157 4 2 16 28 750 749 757 2970
8158 4 2 16 28 1717 2232 1792 3004
8159 4 2 16 28 836 726 1352 1783
8160 4 2 16 28 1 2947 2933 3024
8161 4 2 16 28 2821 505 2777 3002
8162 4 2 16 28 516 515 2837 3019
8163 4 2 16 28 242 15 20 2247
8164 4 2 16 28 536 2847 3066 3067
8165 4 2 16 28 2159 2191 475 476
8166 4 2 16 28 2037 2116 1742 2964
8167 4 2 16 28 1730 551 2851 2992
8168 4 2 16 28 2259 8 2948 2965
8169 4 2 16 28 1882 1725 2109 3007
8170 4 2 16 28 2218 573 374 373
8171 4 2 16 28 1767 1966 587 2973
8172 4 2 16 28 2091 3005 1849 3065
8173 4 2 16 28 2261 1126 79 2940
8174 4 2 16 28 1910 1718 2092 3104
8175 4 2 16 28 1841 2924 96 2955
8176 4 2 16 28 253 1236 2234 1181
8177 4 2 16 28 1929 1882 2051 3025
8178 4 2 16 28 557 2966 2858 3104
8179 4 2 16 28 2052 2069 2235 1187
8180 4 2 16 28 2035 2300 326 1247
8181 4 2 16 28 840 1901 1834 879
8182 4 2 16 28 1720 1902 1832 3008
8183 4 2 16 28 2790 2983 518 2990
8184 4 2 16 28 1822 1857 2161 2029
8185 4 2 16 28 2850 591 2768 2996
8186 4 2 16 28 800 2674 799 3063
8187 4 2 16 28 340 540 2091 539
8188 4 2 16 28 630 629 2791 3011
8189 4 2 16 28 540 340 2091 341
8190 4 2 16 28 160 161 769 2684
8191 4 2 16 28 510 2996 2768 2997
8192 4 2 16 28 1974 1877 1940 2056
8193 4 2 16 28 703 2678 704 3039
8194 4 2 16 28 2188 731 2953 3060
8195 4 2 16 28 1879 150 149 1429
8196 4 2 16 28 1799 122 147 817
8197 4 2 16 28 1893 1791 1895 828
8198 4 2 16 28 571 3023 1827 3101
8199 4 2 16 28 2072 2146 471 472
8200 4 2 16 28 2117 1978 2282 3070
8201 4 2 16 28 2778 3019 514 3045
8202 4 2 16 28 272 246 271 1962
8203 4 2 16 28 2045 1988 672 1762
8204 4 2 16 28 1792 765 3004 3031
8205 4 2 16 28 2029 1857 2161 2209
8206 4 2 16 28 231 230 1732 2689
8207 4 2 16 28 1989 1998 2212 478
8208 4 2 16 28 1959 1727 2170 3019
8209 4 2 16 28 774 931 773 3000
8210 4 2 16 28 826 1805 893 825
8211 4 2 16 28 94 3003 2245 3042
8212 4 2 16 28 531 2823 532 3071
8213 4 2 16 28 536 3066 537 3105
8214 4 2 16 28 2675 724 723 3056
8215 4 2 16 28 735 1371 734 2998
8216 4 2 16 28 11 3001 1719 3079
8217 4 2 16 28 1724 1877 1940 2993
8218 4 2 16 28 2788 2840 292 3086
8219 4 2 16 28 795 749 794 2970
8220 4 2 16 28 1395 869 760 3031
8221 4 2 16 28 945 3054 922 3055
8222 4 2 16 28 621 3038 1773 3051
8223 4 2 16 28 522 2797 523 3098
8224 4 2 16 28 108 755 752 3024
8225 4 2 16 28 412 2315 411 2219
8226 4 2 16 28 1815 2985 1734 3100
8227 4 2 16 28 901 1799 1833 854
8228 4 2 16 28 1889 907 1865 1747
8229 4 2 16 28 709 708 2988 3062
8230 4 2 16 28 245 271 246 1962
8231 4 2 16 28 1885 1929 1737 2027
8232 4 2 16 28 2134 2183 1233 1189
8233 4 2 16 28 2086 2207 2933 2947
8234 4 2 16 28 1862 2959 1914 2973
8235 4 2 16 28 756 108 2933 2947
8236 4 2 16 28 1934 1728 2276 2927
8237 4 2 16 28 2276 2254 1728 1934
8238 4 2 16 28 2053 2988 2245 3062
8239 4 2 16 28 767 766 2971 3004
8240 4 2 16 28 311 1172 1255 1999
8241 4 2 16 28 914 149 1429 2965
8242 4 2 16 28 1179 2137 386 387
8243 4 2 16 28 1181 395 1236 2028
8244 4 2 16 28 1906 2988 2053 3046
8245 4 2 16 28 885 884 1813 1278
8246 4 2 16 28 1977 1769 1758 3087
8247 4 2 16 28 2203 253 2234 1926
8248 4 2 16 28 2786 526 2842 2993
8249 4 2 16 28 1303 1797 701 3032
8250 4 2 16 28 531 532 333 2173
8251 4 2 16 28 531 333 332 2173
8252 4 2 16 28 1741 1841 1917 2957
8253 4 2 16 28 512 511 2826 2997
8254 4 2 16 28 1777 1922 597 2990
8255 4 2 16 28 2188 2097 2275 3036
8256 4 2 16 28 524 525 3075 3076
8257 4 2 16 28 710 1310 93 3046
8258 4 2 16 28 1366 737 736 2975
8259 4 2 16 28 1338 753 788 787
8260 4 2 16 28 859 897 1338 896
8261 4 2 16 28 791 1339 917 790
8262 4 2 16 28 2200 1225 1199 470
8263 4 2 16 28 229 238 2691 3082
8264 4 2 16 28 224 2664 215 3082
8265 4 2 16 28 936 931 930 3000
8266 4 2 16 28 564 2758 563 3014
8267 4 2 16 28 2091 1849 1729 3065
8268 4 2 16 28 761 2952 762 3063
8269 4 2 16 28 2 1118 2258 7
8270 4 2 16 28 1119 7 2258 1118
8271 4 2 16 28 726 1783 1356 2964
8272 4 2 16 28 526 2301 525 3075
8273 4 2 16 28 1885 3009 1832 3010
8274 4 2 16 28 1749 841 1887 1834
8275 4 2 16 28 153 2958 2948 3055
8276 4 2 16 28 1312 709 708 2988
8277 4 2 16 28 2158 1723 511 2997
8278 4 2 16 28 1864 1926 2119 3084
8279 4 2 16 28 874 1388 1779 3091
8280 4 2 16 28 1934 95 2927 2979
8281 4 2 16 28 1941 2924 2012 2955
8282 4 2 16 28 747 1954 797 2986
8283 4 2 16 28 388 2005 1230 387
8284 4 2 16 28 2171 2048 1815 2984
8285 4 2 16 28 322 2001 1214 1203
8286 4 2 16 28 1734 2269 2037 3100
8287 4 2 16 28 2197 2031 406 407
8288 4 2 16 28 738 243 244 769
8289 4 2 16 28 475 476 1232 2159
8290 4 2 16 28 1123 2277 1115 1122
8291 4 2 16 28 1115 1114 2277 1123
8292 4 2 16 28 1904 1783 1908 836
8293 4 2 16 28 1742 1948 2116 2037
8294 4 2 16 28 470 471 2200 1997
8295 4 2 16 28 1122 1115 2085 2277
8296 4 2 16 28 946 2960 945 3055
8297 4 2 16 28 1849 2091 1937 2184
8298 4 2 16 28 2116 1853 1742 2964
8299 4 2 16 28 684 1916 683 3102
8300 4 2 16 28 1944 67 2320 1157
8301 4 2 16 28 839 840 1283 1774
8302 4 2 16 28 689 2842 2976 2993
8303 4 2 16 28 906 905 1789 1279
8304 4 2 16 28 1889 1803 1899 908
8305 4 2 16 28 1847 1784 1904 166
8306 4 2 16 28 1943 2954 97 2994
8307 4 2 16 28 1393 1802 764 3031
8308 4 2 16 28 537 2825 3065 3066
8309 4 2 16 28 798 2669 1954 3063
8310 4 2 16 28 2232 2201 2098 3004
8311 4 2 16 28 1748 92 91 1273
8312 4 2 16 28 1932 2049 1831 2975
8313 4 2 16 28 805 741 804 2972
8314 4 2 16 28 433 1164 2124 1221
8315 4 2 16 28 581 2841 2968 2974
8316 4 2 16 28 1781 2119 2008 1864
8317 4 2 16 28 865 137 1918 1419
8318 4 2 16 28 1396 1419 109 2936
8319 4 2 16 28 275 2153 274 3025
8320 4 2 16 28 213 719 788 3024
8321 4 2 16 28 825 1320 826 1780
8322 4 2 16 28 570 569 1827 3049
8323 4 2 16 28 729 1357 730 3057
8324 4 2 16 28 2836 1762 672 3006
8325 4 2 16 28 550 2929 2140 3087
8326 4 2 16 28 654 2852 2804 3023
8327 4 2 16 28 719 787 788 3024
8328 4 2 16 28 3067 3068 679 3070
8329 4 2 16 28 603 468 1984 602
8330 4 2 16 28 2847 2765 679 3067
8331 4 2 16 28 2192 1966 2288 1767
8332 4 2 16 28 2182 3065 1729 3105
8333 4 2 16 28 612 2788 2838 2991
8334 4 2 16 28 2170 1856 1727 2118
8335 4 2 16 28 2207 756 2933 2947
8336 4 2 16 28 1848 1764 1886 3099
8337 4 2 16 28 471 472 1249 2072
8338 4 2 16 28 1786 125 97 1359
8339 4 2 16 28 1941 2012 2110 2955
8340 4 2 16 28 528 2833 2780 3103
8341 4 2 16 28 2927 2979 1321 3027
8342 4 2 16 28 2245 2059 94 2951
8343 4 2 16 28 270 62 1215 2064
8344 4 2 16 28 85 695 739 1272
8345 4 2 16 28 2185 1752 1862 2959
8346 4 2 16 28 709 1954 2669 3062
8347 4 2 16 28 1929 1885 1737 1725
8348 4 2 16 28 843 1365 1900 2975
8349 4 2 16 28 1950 626 1832 3008
8350 4 2 16 28 2259 1739 1923 2941
8351 4 2 16 28 696 130 90 1271
8352 4 2 16 28 89 695 1271 102
8353 4 2 16 28 302 301 2213 2078
8354 4 2 16 28 2757 637 638 3080
8355 4 2 16 28 764 743 742 2995
8356 4 2 16 28 109 759 2059 2936
8357 4 2 16 28 783 923 924 3054
8358 4 2 16 28 1383 739 102 695
8359 4 2 16 28 704 705 2962 3039
8360 4 2 16 28 2057 1932 1752 2963
8361 4 2 16 28 724 725 2954 3056
8362 4 2 16 28 243 24 27 769
8363 4 2 16 28 244 28 23 738
8364 4 2 16 28 724 1823 1360 2954
8365 4 2 16 28 4 1844 2929 3035
8366 4 2 16 28 2775 3008 624 3038
8367 4 2 16 28 2313 2001 1214 322
8368 4 2 16 28 871 1792 1393 765
8369 4 2 16 28 2216 82 1824 694
8370 4 2 16 28 1982 2302 2303 460
8371 4 2 16 28 2109 566 1882 3007
8372 4 2 16 28 2259 8 2258 2958
8373 4 2 16 28 1866 2254 2101 1937
8374 4 2 16 28 2259 2960 2948 3055
8375 4 2 16 28 1732 2943 217 3034
8376 4 2 16 28 1961 2154 2155 404
8377 4 2 16 28 25 1141 17 3074
8378 4 2 16 28 524 3075 523 3076
8379 4 2 16 28 241 2934 15 3096
8380 4 2 16 28 2780 2830 529 3103
8381 4 2 16 28 3065 3066 1729 3105
8382 4 2 16 28 766 2972 2971 2995
8383 4 2 16 28 520 2983 2798 3020
8384 4 2 16 28 277 2834 2779 3009
8385 4 2 16 28 530 2776 531 3102
8386 4 2 16 28 1816 1734 1920 3048
8387 4 2 16 28 1421 757 1896 3088
8388 4 2 16 28 841 1371 735 1887
8389 4 2 16 28 1195 443 1243 2281
8390 4 2 16 28 2110 1737 2027 2954
8391 4 2 16 28 454 684 2229 683
8392 4 2 16 28 455 684 2229 454
8393 4 2 16 28 1977 1758 1910 3087
8394 4 2 16 28 2164 621 1773 3051
8395 4 2 16 28 2097 932 935 3000
8396 4 2 16 28 701 2971 806 2972
8397 4 2 16 28 2118 1856 1946 2170
8398 4 2 16 28 772 2928 735 2999
8399 4 2 16 28 1286 808 1795 911
8400 4 2 16 28 509 2959 2850 2996
8401 4 2 16 28 418 1991 2162 419
8402 4 2 16 28 2074 74 82 2216
8403 4 2 16 28 650 2816 2932 3053
8404 4 2 16 28 1923 2259 2149 2960
8405 4 2 16 28 1717 1897 2232 1923
8406 4 2 16 28 216 2663 215 3027
8407 4 2 16 28 3022 3023 653 3101
8408 4 2 16 28 2681 702 805 2972
8409 4 2 16 28 529 2830 530 3102
8410 4 2 16 28 2807 2749 548 3035
8411 4 2 16 28 1939 2096 2118 1797
8412 4 2 16 28 1932 1831 1752 2975
8413 4 2 16 28 1920 618 2163 3051
8414 4 2 16 28 1761 3022 3023 3040
8415 4 2 16 28 208 1925 79 2940
8416 4 2 16 28 1910 1977 1718 1758
8417 4 2 16 28 1977 1769 2276 1758
8418 4 2 16 28 275 3025 3010 3058
8419 4 2 16 28 1317 720 1801 2927
8420 4 2 16 28 1766 581 2306 2142
8421 4 2 16 28 1941 2950 721 2955
8422 4 2 16 28 2844 599 2790 2990
8423 4 2 16 28 604 2754 603 3021
8424 4 2 16 28 1970 2157 1821 3016
8425 4 2 16 28 1717 1923 2201 2939
8426 4 2 16 28 2110 2027 2119 2954
8427 4 2 16 28 938 2937 937 3036
8428 4 2 16 28 1838 545 2795 3006
8429 4 2 16 28 757 2207 2970 3088
8430 4 2 16 28 2222 729 778 3043
8431 4 2 16 28 339 1180 1229 2181
8432 4 2 16 28 2207 750 757 2970
8433 4 2 16 28 945 1440 944 2960
8434 4 2 16 28 655 3040 656 3049
8435 4 2 16 28 1866 1937 1800 2951
8436 4 2 16 28 102 739 111 2930
8437 4 2 16 28 1781 2119 1864 1854
8438 4 2 16 28 1456 770 159 933
8439 4 2 16 28 279 3050 280 3084
8440 4 2 16 28 61 245 1167 2274
8441 4 2 16 28 2233 2936 2059 2970
8442 4 2 16 28 573 2940 574 3001
8443 4 2 16 28 608 3061 2819 3077
8444 4 2 16 28 117 1941 96 2931
8445 4 2 16 28 2822 3047 281 3050
8446 4 2 16 28 289 2985 2984 3100
8447 4 2 16 28 281 3047 282 3084
8448 4 2 16 28 1872 1729 1759 3042
8449 4 2 16 28 540 2783 3005 3064
8450 4 2 16 28 760 2978 110 3031
8451 4 2 16 28 2201 3096 3074 3097
8452 4 2 16 28 122 1322 1894 2951
8453 4 2 16 28 895 894 1336 152
8454 4 2 16 28 151 790 1336 789
8455 4 2 16 28 896 895 1337 134
8456 4 2 16 28 1910 1769 1730 3087
8457 4 2 16 28 1804 2962 93 3046
8458 4 2 16 28 2140 550 2093 2929
8459 4 2 16 28 1929 1737 2027 2110
8460 4 2 16 28 2680 733 2188 3000
8461 4 2 16 28 164 2938 939 3043
8462 4 2 16 28 2809 1817 2796 3018
8463 4 2 16 28 8 1132 2258 2958
8464 4 2 16 28 1391 111 1389 3091
8465 4 2 16 28 522 2945 521 3020
8466 4 2 16 28 1989 591 1914 2996
8467 4 2 16 28 520 521 2945 3020
8468 4 2 16 28 1819 1779 1871 139
8469 4 2 16 28 1797 2118 1798 2944
8470 4 2 16 28 756 751 2207 2933
8471 4 2 16 28 244 113 738 769
8472 4 2 16 28 1732 3034 217 3078
8473 4 2 16 28 1837 2263 2162 3022
8474 4 2 16 28 740 806 102 2971
8475 4 2 16 28 1396 137 109 1419
8476 4 2 16 28 110 138 1395 1390
8477 4 2 16 28 1758 1728 1769 2276
8478 4 2 16 28 2768 2996 2826 2997
8479 4 2 16 28 1923 2149 2148 3083
8480 4 2 16 28 1820 700 1275 699
8481 4 2 16 28 1727 1796 2945 3075
8482 4 2 16 28 283 3051 3048 3072
8483 4 2 16 28 1802 1395 138 1390
8484 4 2 16 28 2059 2936 2232 3003
8485 4 2 16 28 652 3001 1837 3101
8486 4 2 16 28 2163 617 1920 3017
8487 4 2 16 28 767 2971 766 2972
8488 4 2 16 28 2201 2971 2098 3004
8489 4 2 16 28 854 1918 1833 865
8490 4 2 16 28 2244 2019 2135 1205
8491 4 2 16 28 2754 604 2862 3021
8492 4 2 16 28 2083 2125 1839 3037
8493 4 2 16 28 1129 2924 237 2957
8494 4 2 16 28 2836 673 1762 3005
8495 4 2 16 28 1801 1321 1909 3027
8496 4 2 16 28 2007 392 1252 1175
8497 4 2 16 28 743 2986 802 2995
8498 4 2 16 28 675 674 2828 3064
8499 4 2 16 28 635 1839 636 2751
8500 4 2 16 28 2984 2991 291 3086
8501 4 2 16 28 716 826 1320 2949
8502 4 2 16 28 1325 818 712 1757
8503 4 2 16 28 1954 3003 2232 3063
8504 4 2 16 28 288 289 1951 3100
8505 4 2 16 28 157 116 2994 3043
8506 4 2 16 28 1389 139 111 1391
8507 4 2 16 28 1422 757 758 3088
8508 4 2 16 28 2091 2184 1849 3005
8509 4 2 16 28 1320 825 717 1780
8510 4 2 16 28 216 2927 1108 2943
8511 4 2 16 28 1982 1858 1785 2177
8512 4 2 16 28 2118 2158 1798 2057
8513 4 2 16 28 697 21 2944 2963
8514 4 2 16 28 2043 263 262 1234
8515 4 2 16 28 340 341 1233 2183
8516 4 2 16 28 288 2989 2985 3100
8517 4 2 16 28 2190 1961 2274 1167
8518 4 2 16 28 764 110 2978 3031
8519 4 2 16 28 2248 1969 1776 2998
8520 4 2 16 28 729 3043 2222 3057
8521 4 2 16 28 2259 8 7 2258
8522 4 2 16 28 2071 2211 318 1193
8523 4 2 16 28 2926 3004 1770 3091
8524 4 2 16 28 443 1243 2281 444
8525 4 2 16 28 1809 1847 1908 965
8526 4 2 16 28 1882 1806 3014 3044
8527 4 2 16 28 2276 2927 1728 2943
8528 4 2 16 28 1438 2948 1860 2960
8529 4 2 16 28 1781 3047 1720 3084
8530 4 2 16 28 100 113 244 2935
8531 4 2 16 28 1806 272 2860 3044
8532 4 2 16 28 126 1783 1352 2964
8533 4 2 16 28 923 943 924 3054
8534 4 2 16 28 927 2222 778 3043
8535 4 2 16 28 2160 2030 2317 1228
8536 4 2 16 28 1729 3065 1851 3066
8537 4 2 16 28 1252 391 2305 1169
8538 4 2 16 28 2075 2252 380 381
8539 4 2 16 28 1746 2936 1897 3088
8540 4 2 16 28 1795 1898 846 1871
8541 4 2 16 28 550 549 2929 3085
8542 4 2 16 28 110 1390 1395 3031
8543 4 2 16 28 240 790 791 2958
8544 4 2 16 28 75 521 2810 3020
8545 4 2 16 28 6 2941 107 2965
8546 4 2 16 28 3003 3042 706 3062
8547 4 2 16 28 2037 1742 1948 1734
8548 4 2 16 28 2808 2981 2980 3061
8549 4 2 16 28 1733 1854 1861 832
8550 4 2 16 28 1881 1399 868 2952
8551 4 2 16 28 82 1846 1984 2074
8552 4 2 16 28 742 765 764 2995
8553 4 2 16 28 2248 2928 99 2975
8554 4 2 16 28 56 59 55 2661
8555 4 2 16 28 2094 2269 259 260
8556 4 2 16 28 1423 861 755 2947
8557 4 2 16 28 913 915 1428 2948
8558 4 2 16 28 926 925 780 3092
8559 4 2 16 28 280 3050 281 3084
8560 4 2 16 28 2815 64 3014 3015
8561 4 2 16 28 2192 2052 2306 487
8562 4 2 16 28 283 282 3047 3072
8563 4 2 16 28 269 1224 268 2244
8564 4 2 16 28 1219 246 247 2034
8565 4 2 16 28 2154 405 634 633
8566 4 2 16 28 2849 680 3067 3069
8567 4 2 16 28 2697 562 80 2756
8568 4 2 16 28 407 1160 406 2197
8569 4 2 16 28 1789 1279 1905 906
8570 4 2 16 28 1759 2246 2053 2988
8571 4 2 16 28 1721 294 2099 2982
8572 4 2 16 28 800 745 744 3063
8573 4 2 16 28 150 107 135 1879
8574 4 2 16 28 107 150 149 1879
8575 4 2 16 28 1364 1831 99 2975
8576 4 2 16 28 1116 1117 2085 2717
8577 4 2 16 28 2785 3009 276 3010
8578 4 2 16 28 243 112 24 769
8579 4 2 16 28 235 2940 1127 2957
8580 4 2 16 28 1770 1717 1792 3004
8581 4 2 16 28 2804 3023 571 3101
8582 4 2 16 28 151 227 2688 789
8583 4 2 16 28 2206 2076 358 1924
8584 4 2 16 28 91 698 2930 2944
8585 4 2 16 28 2038 1985 2179 2945
8586 4 2 16 28 217 2943 1732 3027
8587 4 2 16 28 935 961 1463 2942
8588 4 2 16 28 676 2825 1851 3065
8589 4 2 16 28 2057 1752 1798 2944
8590 4 2 16 28 1840 84 1839 2165
8591 4 2 16 28 2982 3033 1848 3077
8592 4 2 16 28 1857 2171 1969 2209
8593 4 2 16 28 2012 2924 1841 2955
8594 4 2 16 28 1797 1727 2118 1939
8595 4 2 16 28 1718 2966 557 3104
8596 4 2 16 28 2049 1862 1831 1740
8597 4 2 16 28 2059 2951 2254 2969
8598 4 2 16 28 483 2288 2115 2122
8599 4 2 16 28 612 383 2292 1995
8600 4 2 16 28 646 3035 2807 3085
8601 4 2 16 28 77 560 205 3041
8602 4 2 16 28 1327 712 1757 2951
8603 4 2 16 28 901 900 1833 1288
8604 4 2 16 28 2245 1937 2059 2951
8605 4 2 16 28 1114 1123 1113 3081
8606 4 2 16 28 1124 1113 1123 3081
8607 4 2 16 28 2249 1932 2057 2963
8608 4 2 16 28 1943 3043 730 3057
8609 4 2 16 28 599 1997 1922 2146
8610 4 2 16 28 389 390 1251 2006
8611 4 2 16 28 556 2759 2855 3104
8612 4 2 16 28 2954 2955 1791 3056
8613 4 2 16 28 2170 1727 1959 2118
8614 4 2 16 28 595 2778 2827 3045
8615 4 2 16 28 2014 2103 1764 1952
8616 4 2 16 28 1767 2310 1966 1914
8617 4 2 16 28 860 1850 135 1879
8618 4 2 16 28 834 835 1278 1813
8619 4 2 16 28 1857 2171 2209 1815
8620 4 2 16 28 1919 1914 1723 2996
8621 4 2 16 28 2031 1267 406 72
8622 4 2 16 28 740 102 111 2971
8623 4 2 16 28 833 1354 1853 3057
8624 4 2 16 28 2082 2165 73 84
8625 4 2 16 28 766 2995 2971 3004
8626 4 2 16 28 657 2853 656 3049
8627 4 2 16 28 1962 2050 364 365
8628 4 2 16 28 612 383 382 2292
8629 4 2 16 28 612 382 611 2292
8630 4 2 16 28 2012 1725 1994 1929
8631 4 2 16 28 1162 62 1217 2102
8632 4 2 16 28 26 113 160 771
8633 4 2 16 28 1311 706 94 3042
8634 4 2 16 28 2939 2942 17 3074
8635 4 2 16 28 1913 1771 140 129
8636 4 2 16 28 468 603 1984 467
8637 4 2 16 28 940 1448 1828 3083
8638 4 2 16 28 153 921 1941 3055
8639 4 2 16 28 1779 1770 1792 3091
8640 4 2 16 28 1836 2257 2058 3035
8641 4 2 16 28 128 1365 100 3026
8642 4 2 16 28 1735 1776 1969 2998
8643 4 2 16 28 2254 2951 1757 2969
8644 4 2 16 28 1918 137 1799 1875
8645 4 2 16 28 52 45 49 2687
8646 4 2 16 28 667 666 2762 3030
8647 4 2 16 28 82 1846 2074 1824
8648 4 2 16 28 661 1722 662 3014
8649 4 2 16 28 764 2978 110 2986
8650 4 2 16 28 1806 2860 2813 3011
8651 4 2 16 28 1791 1360 1823 2954
8652 4 2 16 28 682 683 1916 3071
8653 4 2 16 28 517 518 1878 2990
8654 4 2 16 28 91 2930 2096 2944
8655 4 2 16 28 1105 2705 213 2979
8656 4 2 16 28 283 284 1948 3072
8657 4 2 16 28 215 2664 1909 3082
8658 4 2 16 28 732 3059 733 3060
8659 4 2 16 28 1831 1776 2049 1740
8660 4 2 16 28 208 2940 11 3001
8661 4 2 16 28 2732 2924 1130 2949
8662 4 2 16 28 522 3020 75 3098
8663 4 2 16 28 2119 1926 1864 2027
8664 4 2 16 28 605 1818 606 2133
8665 4 2 16 28 41 38 26 37
8666 4 2 16 28 2804 653 3023 3101
8667 4 2 16 28 1872 815 1859 1756
8668 4 2 16 28 2201 1717 2232 1923
8669 4 2 16 28 1869 703 1301 809
8670 4 2 16 28 1801 1845 123 1728
8671 4 2 16 28 1718 545 1838 3006
8672 4 2 16 28 1844 2932 4 3079
8673 4 2 16 28 1185 457 1238 2262
8674 4 2 16 28 2952 2978 761 3031
8675 4 2 16 28 2214 2001 322 1203
8676 4 2 16 28 1839 2814 636 2751
8677 4 2 16 28 2216 465 694 2318
8678 4 2 16 28 2216 1824 82 2074
8679 4 2 16 28 1750 2937 1903 2961
8680 4 2 16 28 934 2942 25 2946
8681 4 2 16 28 772 2999 773 3000
8682 4 2 16 28 771 1457 160 933
8683 4 2 16 28 639 2087 2208 3037
8684 4 2 16 28 1841 2924 2012 2957
8685 4 2 16 28 2086 2 1 2258
8686 4 2 16 28 2850 2959 2763 2996
8687 4 2 16 28 596 1777 3019 3045
8688 4 2 16 28 1739 1717 1751 1923
8689 4 2 16 28 607 2799 608 3061
8690 4 2 16 28 1950 1975 399 398
8691 4 2 16 28 1832 2221 1950 3008
8692 4 2 16 28 98 1829 2964 3060
8693 4 2 16 28 13 14 2930 3095
8694 4 2 16 28 1318 1909 824 823
8695 4 2 16 28 514 3019 1856 3045
8696 4 2 16 28 1766 581 2142 2968
8697 4 2 16 28 1942 2093 78 2929
8698 4 2 16 28 1190 2300 2302 1247
8699 4 2 16 28 392 2007 393 1175
8700 4 2 16 28 1362 831 1823 2954
8701 4 2 16 28 536 537 2182 3105
8702 4 2 16 28 2210 2000 1177 1250
8703 4 2 16 28 681 3068 680 3069
8704 4 2 16 28 2237 2277 2715 3081
8705 4 2 16 28 1742 1829 1815 3100
8706 4 2 16 28 609 2794 610 3077
8707 4 2 16 28 1722 3014 1806 3015
8708 4 2 16 28 2171 1735 1969 3059
8709 4 2 16 28 731 776 2188 2953
8710 4 2 16 28 1820 1273 1748 2944
8711 4 2 16 28 1977 2140 2276 3087
8712 4 2 16 28 1200 381 1244 2075
8713 4 2 16 28 492 1204 1222 2100
8714 4 2 16 28 113 100 736 2935
8715 4 2 16 28 367 1261 368 1963
8716 4 2 16 28 2837 3019 2778 3045
8717 4 2 16 28 1950 1975 2270 399
8718 4 2 16 28 679 3068 1979 3070
8719 4 2 16 28 2029 1857 1721 1822
8720 4 2 16 28 2246 1759 1729 3042
8721 4 2 16 28 741 766 765 2995
8722 4 2 16 28 2171 3059 1931 3060
8723 4 2 16 28 1881 1790 1397 2952
8724 4 2 16 28 2233 2232 2059 2936
8725 4 2 16 28 615 2989 616 3017
8726 4 2 16 28 923 944 943 3054
8727 4 2 16 28 742 804 741 2995
8728 4 2 16 28 767 766 3004 3091
8729 4 2 16 28 1733 833 834 1853
8730 4 2 16 28 2097 2942 2961 3000
8731 4 2 16 28 2049 2161 2284 1740
8732 4 2 16 28 1860 1738 971 970
8733 4 2 16 28 745 763 744 3063
8734 4 2 16 28 87 1274 88 3026
8735 4 2 16 28 1918 137 1790 1396
8736 4 2 16 28 2091 2181 340 339
8737 4 2 16 28 929 2188 776 2953
8738 4 2 16 28 2820 2983 2790 2990
8739 4 2 16 28 2188 2148 2953 3036
8740 4 2 16 28 1469 169 161 3073
8741 4 2 16 28 934 960 1469 3073
8742 4 2 16 28 2745 7 8 2258
8743 4 2 16 28 2664 214 1909 3082
8744 4 2 16 28 739 695 22 2930
8745 4 2 16 28 331 330 2056 2172
8746 4 2 16 28 96 1841 1731 2924
8747 4 2 16 28 1720 1816 1902 3038
8748 4 2 16 28 1806 1722 1882 3014
8749 4 2 16 28 37 26 41 2686
8750 4 2 16 28 926 942 925 3092
8751 4 2 16 28 2245 2053 2246 2988
8752 4 2 16 28 523 2818 524 3076
8753 4 2 16 28 1770 1903 1717 2939
8754 4 2 16 28 700 1819 90 696
8755 4 2 16 28 2077 2123 2126 3090
8756 4 2 16 28 44 37 41 2686
8757 4 2 16 28 1792 765 766 3004
8758 4 2 16 28 1910 1758 1769 3087
8759 4 2 16 28 1863 1751 2938 2960
8760 4 2 16 28 2056 1724 530 2173
8761 4 2 16 28 628 1832 627 3010
8762 4 2 16 28 2223 1105 1 2933
8763 4 2 16 28 564 563 1962 3044
8764 4 2 16 28 2197 1160 2190 2033
8765 4 2 16 28 2218 573 373 572
8766 4 2 16 28 2053 2988 1954 3046
8767 4 2 16 28 1739 2960 2948 2965
8768 4 2 16 28 362 1156 2130 2293
8769 4 2 16 28 44 25 2686 934
8770 4 2 16 28 305 1968 304 2284
8771 4 2 16 28 292 266 2147 2018
8772 4 2 16 28 1962 272 246 2169
8773 4 2 16 28 2842 2792 2976 2993
8774 4 2 16 28 2160 2030 1228 333
8775 4 2 16 28 85 739 1382 1272
8776 4 2 16 28 86 845 1272 1382
8777 4 2 16 28 206 1125 207 2987
8778 4 2 16 28 1746 1755 1897 2952
8779 4 2 16 28 1926 279 280 3084
8780 4 2 16 28 1755 1897 2232 1717
8781 4 2 16 28 1166 2206 357 1260
8782 4 2 16 28 1176 453 1228 2317
8783 4 2 16 28 101 243 23 738
8784 4 2 16 28 943 3043 2994 3054
8785 4 2 16 28 2039 2300 2302 1190
8786 4 2 16 28 1271 1383 102 695
8787 4 2 16 28 1271 130 1383 696
8788 4 2 16 28 232 1890 2692 3078
8789 4 2 16 28 1724 2056 529 3103
8790 4 2 16 28 736 2925 100 2975
8791 4 2 16 28 2847 2767 3066 3067
8792 4 2 16 28 2838 2985 2782 2991
8793 4 2 16 28 1809 1449 941 3083
8794 4 2 16 28 2779 3008 2831 3009
8795 4 2 16 28 1932 2248 2049 2975
8796 4 2 16 28 2056 1877 1940 1724
8797 4 2 16 28 289 2984 1951 3100
8798 4 2 16 28 741 2972 766 2995
8799 4 2 16 28 641 640 1842 3104
8800 4 2 16 28 2266 1870 1843 3013
8801 4 2 16 28 2128 1998 1178 1231
8802 4 2 16 28 2026 535 536 3105
8803 4 2 16 28 1717 1755 1792 2232
8804 4 2 16 28 1781 3048 1816 3072
8805 4 2 16 28 2188 3000 2097 3036
8806 4 2 16 28 2258 2931 1132 3052
8807 4 2 16 28 1740 1822 1857 2161
8808 4 2 16 28 1878 1959 1727 2179
8809 4 2 16 28 1796 1877 2993 3075
8810 4 2 16 28 1300 1869 703 3032
8811 4 2 16 28 2080 1772 2196 3030
8812 4 2 16 28 2742 1130 2085 1131
8813 4 2 16 28 272 1806 273 3044
8814 4 2 16 28 1804 1974 1877 2962
8815 4 2 16 28 620 619 2764 3051
8816 4 2 16 28 2270 1743 1950 1832
8817 4 2 16 28 1735 2998 1969 3059
8818 4 2 16 28 274 3011 3010 3025
8819 4 2 16 28 1917 2218 2012 1994
8820 4 2 16 28 1984 2074 74 82
8821 4 2 16 28 1841 2012 1917 2957
8822 4 2 16 28 52 48 45 2687
8823 4 2 16 28 58 54 55 2683
8824 4 2 16 28 58 55 59 2683
8825 4 2 16 28 1828 1448 940 967
8826 4 2 16 28 1770 2926 2939 3004
8827 4 2 16 28 2310 1914 2309 2022
8828 4 2 16 28 2151 682 1916 3068
8829 4 2 16 28 2751 2864 1839 3030
8830 4 2 16 28 1994 1725 2015 1929
8831 4 2 16 28 642 2801 1842 2992
8832 4 2 16 28 798 1954 746 3063
8833 4 2 16 28 1336 152 894 1432
8834 4 2 16 28 151 790 1432 1336
8835 4 2 16 28 1337 134 1411 896
8836 4 2 16 28 168 1771 141 875
8837 4 2 16 28 213 788 2661 753
8838 4 2 16 28 240 917 2688 790
8839 4 2 16 28 1939 1727 2118 1959
8840 4 2 16 28 1440 945 971 1860
8841 4 2 16 28 1421 1896 2947 3088
8842 4 2 16 28 1929 2153 1885 3025
8843 4 2 16 28 869 1865 868 1755
8844 4 2 16 28 548 2749 2932 3035
8845 4 2 16 28 1761 3023 1827 3040
8846 4 2 16 28 1430 2948 914 2965
8847 4 2 16 28 1885 1725 1929 3025
8848 4 2 16 28 1759 2053 2246 3106
8849 4 2 16 28 2770 282 281 3047
8850 4 2 16 28 2018 2065 2231 267
8851 4 2 16 28 1790 763 1397 2936
8852 4 2 16 28 1236 1186 252 2121
8853 4 2 16 28 1256 353 2144 1208
8854 4 2 16 28 685 1858 1916 3102
8855 4 2 16 28 2135 377 378 2236
8856 4 2 16 28 2243 287 288 3100
8857 4 2 16 28 2192 1766 2306 1971
8858 4 2 16 28 2076 1164 1263 359
8859 4 2 16 28 134 152 151 1427
8860 4 2 16 28 151 106 134 1427
8861 4 2 16 28 2160 1176 2024 2290
8862 4 2 16 28 2715 2277 1114 3081
8863 4 2 16 28 765 742 741 2995
8864 4 2 16 28 1812 1730 644 2992
8865 4 2 16 28 1929 1725 1882 3025
8866 4 2 16 28 2200 2131 470 1997
8867 4 2 16 28 677 1851 2825 3066
8868 4 2 16 28 601 1726 2798 2983
8869 4 2 16 28 1939 1797 1753 3032
8870 4 2 16 28 862 1421 1896 2947
8871 4 2 16 28 181 1009 1840 2016
8872 4 2 16 28 2289 1963 366 367
8873 4 2 16 28 1951 289 290 2984
8874 4 2 16 28 678 1979 2117 3070
8875 4 2 16 28 2250 1974 1804 2962
8876 4 2 16 28 2188 1931 2171 3059
8877 4 2 16 28 2775 280 279 3050
8878 4 2 16 28 1790 866 763 1396
8879 4 2 16 28 1920 3048 618 3051
8880 4 2 16 28 1852 1902 2221 3008
8881 4 2 16 28 487 584 2192 486
8882 4 2 16 28 584 487 2192 583
8883 4 2 16 28 608 3033 3061 3077
8884 4 2 16 28 1905 813 906 1279
8885 4 2 16 28 2254 2276 1728 1758
8886 4 2 16 28 542 1849 2047 2184
8887 4 2 16 28 2275 2201 1923 2939
8888 4 2 16 28 1902 624 3008 3038
8889 4 2 16 28 2148 2149 3043 3083
8890 4 2 16 28 108 752 105 2933
8891 4 2 16 28 1831 1830 843 842
8892 4 2 16 28 1954 2988 2053 3062
8893 4 2 16 28 2306 487 583 2192
8894 4 2 16 28 711 1322 94 2951
8895 4 2 16 28 285 259 1948 2269
8896 4 2 16 28 1724 1858 2993 3103
8897 4 2 16 28 1365 1900 2975 3026
8898 4 2 16 28 271 1962 563 3044
8899 4 2 16 28 2051 2109 1882 1929
8900 4 2 16 28 1762 1838 671 3006
8901 4 2 16 28 860 1424 1782 1879
8902 4 2 16 28 1776 1969 2248 2049
8903 4 2 16 28 1819 129 1913 874
8904 4 2 16 28 930 937 3000 3036
8905 4 2 16 28 1313 1859 708 2988
8906 4 2 16 28 2270 1743 1832 3011
8907 4 2 16 28 10 11 2693 3079
8908 4 2 16 28 2693 234 233 3079
8909 4 2 16 28 674 444 2225 445
8910 4 2 16 28 444 674 2225 673
8911 4 2 16 28 1932 2963 2925 2975
8912 4 2 16 28 2972 3032 1939 3039
8913 4 2 16 28 1 2933 1105 3024
8914 4 2 16 28 1910 2992 553 3087
8915 4 2 16 28 1136 18 17 3097
8916 4 2 16 28 2106 2142 489 490
8917 4 2 16 28 463 1202 462 2113
8918 4 2 16 28 341 541 2184 540
8919 4 2 16 28 539 538 2774 3065
8920 4 2 16 28 541 341 2184 342
8921 4 2 16 28 445 2044 1233 2134
8922 4 2 16 28 2047 1849 1718 2101
8923 4 2 16 28 1734 1742 1815 3100
8924 4 2 16 28 356 355 2092 555
8925 4 2 16 28 922 945 944 3054
8926 4 2 16 28 2813 273 1806 3011
8927 4 2 16 28 102 695 739 2930
8928 4 2 16 28 707 3003 706 3062
8929 4 2 16 28 1878 2179 2945 2983
8930 4 2 16 28 2097 935 2942 3000
8931 4 2 16 28 430 1260 2003 1166
8932 4 2 16 28 804 742 803 2995
8933 4 2 16 28 2267 2038 521 2945
8934 4 2 16 28 2275 2939 1903 2961
8935 4 2 16 28 2952 2978 2232 3063
8936 4 2 16 28 1440 1860 970 2960
8937 4 2 16 28 1823 829 1360 1791
8938 4 2 16 28 864 1833 1918 865
8939 4 2 16 28 903 147 1875 816
8940 4 2 16 28 2203 253 278 252
8941 4 2 16 28 555 355 2092 554
8942 4 2 16 28 784 922 923 3054
8943 4 2 16 28 548 2929 549 3085
8944 4 2 16 28 948 1738 890 949
8945 4 2 16 28 15 2934 14 3095
8946 4 2 16 28 319 320 1938 2179
8947 4 2 16 28 1861 165 1867 1787
8948 4 2 16 28 1180 446 447 2044
8949 4 2 16 28 941 3083 2937 3092
8950 4 2 16 28 1941 2110 2950 2955
8951 4 2 16 28 1917 2012 2218 2957
8952 4 2 16 28 2171 1857 1969 1735
8953 4 2 16 28 1717 1751 1923 1903
8954 4 2 16 28 745 762 763 3063
8955 4 2 16 28 2250 1939 1974 2962
8956 4 2 16 28 1781 1742 1734 3048
8957 4 2 16 28 1300 2962 1869 3032
8958 4 2 16 28 1942 2943 2929 3034
8959 4 2 16 28 2816 2748 77 3041
8960 4 2 16 28 87 29 28 2685
8961 4 2 16 28 1819 90 696 130
8962 4 2 16 28 2085 1120 1116 1121
8963 4 2 16 28 1117 1116 2085 1120
8964 4 2 16 28 114 737 99 2928
8965 4 2 16 28 1907 1906 2053 3046
8966 4 2 16 28 865 1419 1918 2936
8967 4 2 16 28 1315 1906 812 3046
8968 4 2 16 28 17 1142 25 2946
8969 4 2 16 28 87 36 33 2685
8970 4 2 16 28 1388 1913 1779 3091
8971 4 2 16 28 1752 2057 1798 1723
8972 4 2 16 28 153 155 918 2958
8973 4 2 16 28 1900 2963 1752 2975
8974 4 2 16 28 733 2998 1774 3059
8975 4 2 16 28 2140 2929 1942 2943
8976 4 2 16 28 2230 1246 300 1972
8977 4 2 16 28 918 791 917 2958
8978 4 2 16 28 1723 2996 510 2997
8979 4 2 16 28 167 959 877 1456
8980 4 2 16 28 2008 2119 1926 3084
8981 4 2 16 28 2251 2019 2252 380
8982 4 2 16 28 2041 1953 1744 2956
8983 4 2 16 28 1877 2120 1939 1974
8984 4 2 16 28 2798 1726 602 3020
8985 4 2 16 28 1368 1887 735 2998
8986 4 2 16 28 564 3014 563 3044
8987 4 2 16 28 529 3102 1724 3103
8988 4 2 16 28 1774 733 3059 3060
8989 4 2 16 28 456 686 2177 685
8990 4 2 16 28 686 456 2177 457
8991 4 2 16 28 2126 2123 360 3090
8992 4 2 16 28 89 2930 102 2971
8993 4 2 16 28 297 298 1204 2100
8994 4 2 16 28 2250 2986 93 3046
8995 4 2 16 28 1849 542 2047 3006
8996 4 2 16 28 300 2029 2230 2143
8997 4 2 16 28 1784 143 166 882
8998 4 2 16 28 1860 1738 970 1863
8999 4 2 16 28 1848 2991 2984 3086
9000 4 2 16 28 1799 122 1876 147
9001 4 2 16 28 1824 693 694 3021
9002 4 2 16 28 592 2996 1919 2997
9003 4 2 16 28 1806 3010 1832 3011
9004 4 2 16 28 2120 1985 1940 3075
9005 4 2 16 28 2125 636 1839 3080
9006 4 2 16 28 1299 1803 705 2962
9007 4 2 16 28 2085 1121 2741 1130
9008 4 2 16 28 724 2994 725 3056
9009 4 2 16 28 1954 2053 2245 3062
9010 4 2 16 28 917 791 790 2958
9011 4 2 16 28 2993 3075 525 3076
9012 4 2 16 28 941 942 926 3092
9013 4 2 16 28 2672 240 2688 790
9014 4 2 16 28 213 788 2670 2661
9015 4 2 16 28 2059 119 104 3003
9016 4 2 16 28 2298 282 3072 3084
9017 4 2 16 28 2154 405 633 404
9018 4 2 16 28 1816 1720 1781 3047
9019 4 2 16 28 1788 2942 1770 3073
9020 4 2 16 28 1983 2267 323 324
9021 4 2 16 28 405 1160 404 2190
9022 4 2 16 28 2750 2806 574 3001
9023 4 2 16 28 1810 3067 3068 3069
9024 4 2 16 28 1801 1732 2943 3027
9025 4 2 16 28 1870 1761 1827 3040
9026 4 2 16 28 763 3003 744 3063
9027 4 2 16 28 2203 253 252 2234
9028 4 2 16 28 2110 1725 1929 1737
9029 4 2 16 28 95 1801 123 1728
9030 4 2 16 28 1781 2008 3072 3084
9031 4 2 16 28 348 66 1168 2272
9032 4 2 16 28 275 2153 3025 3058
9033 4 2 16 28 315 1232 314 2017
9034 4 2 16 28 313 1178 2128 2295
9035 4 2 16 28 1853 2116 1781 3057
9036 4 2 16 28 1831 1776 2248 2049
9037 4 2 16 28 1831 1887 1749 127
9038 4 2 16 28 358 2139 1166 1263
9039 4 2 16 28 1942 1109 1110 3081
9040 4 2 16 28 2956 3076 691 3098
9041 4 2 16 28 775 2680 2188 3000
9042 4 2 16 28 829 1791 828 1361
9043 4 2 16 28 945 971 1860 1438
9044 4 2 16 28 712 818 1327 1757
9045 4 2 16 28 42 39 43 2684
9046 4 2 16 28 42 39 2684 38
9047 4 2 16 28 36 29 33 2685
9048 4 2 16 28 36 29 2685 32
9049 4 2 16 28 2027 2203 1926 3058
9050 4 2 16 28 2809 577 1817 2981
9051 4 2 16 28 305 504 2284 503
9052 4 2 16 28 2284 304 305 503
9053 4 2 16 28 2991 3077 611 3086
9054 4 2 16 28 22 31 35 32
9055 4 2 16 28 1748 1795 1797 807
9056 4 2 16 28 873 139 1779 1391
9057 4 2 16 28 2132 575 81 3016
9058 4 2 16 28 2237 1109 1942 3081
9059 4 2 16 28 26 37 25 2686
9060 4 2 16 28 767 740 111 2971
9061 4 2 16 28 1804 2250 2962 3046
9062 4 2 16 28 1838 2795 670 3006
9063 4 2 16 28 1950 1832 626 627
9064 4 2 16 28 1806 3015 3014 3044
9065 4 2 16 28 479 2212 1999 1172
9066 4 2 16 28 542 2047 343 2184
9067 4 2 16 28 464 465 1161 2073
9068 4 2 16 28 271 272 1962 3044
9069 4 2 16 28 1753 1804 1877 2962
9070 4 2 16 28 1943 2119 2116 3057
9071 4 2 16 28 765 1394 871 1792
9072 4 2 16 28 21 13 1137 2930
9073 4 2 16 28 904 905 1874 852
9074 4 2 16 28 859 1850 1290 860
9075 4 2 16 28 2086 2941 2233 2947
9076 4 2 16 28 122 1799 1894 817
9077 4 2 16 28 768 2971 2934 3091
9078 4 2 16 28 944 923 922 3054
9079 4 2 16 28 2048 2231 1927 2977
9080 4 2 16 28 1775 1788 1884 960
9081 4 2 16 28 2137 615 616 3017
9082 4 2 16 28 142 1834 878 841
9083 4 2 16 28 761 1399 762 2952
9084 4 2 16 28 733 3000 2999 3059
9085 4 2 16 28 1737 1885 2027 1864
9086 4 2 16 28 2282 2044 447 446
9087 4 2 16 28 530 2173 1724 3102
9088 4 2 16 28 825 1319 717 1780
9089 4 2 16 28 641 1842 2801 3104
9090 4 2 16 28 2292 3033 610 3099
9091 4 2 16 28 381 382 1244 2020
9092 4 2 16 28 2201 3074 2939 3097
9093 4 2 16 28 2097 2942 935 2946
9094 4 2 16 28 12 149 914 2965
9095 4 2 16 28 1781 1816 3047 3072
9096 4 2 16 28 1797 1727 1798 2118
9097 4 2 16 28 1767 2973 586 3002
9098 4 2 16 28 506 2185 307 2186
9099 4 2 16 28 2101 1758 2254 1866
9100 4 2 16 28 163 3036 2953 3092
9101 4 2 16 28 1758 2101 1718 1849
9102 4 2 16 28 340 341 2183 2091
9103 4 2 16 28 2991 611 3077 3099
9104 4 2 16 28 1984 468 2131 602
9105 4 2 16 28 862 1418 756 2947
9106 4 2 16 28 946 1437 972 2948
9107 4 2 16 28 1463 1468 162 2942
9108 4 2 16 28 54 53 107 57
9109 4 2 16 28 58 54 107 57
9110 4 2 16 28 149 49 50 46
9111 4 2 16 28 2218 1994 571 372
9112 4 2 16 28 621 392 391 2105
9113 4 2 16 28 1933 2153 2169 248
9114 4 2 16 28 573 3001 2806 3101
9115 4 2 16 28 1902 624 2221 3008
9116 4 2 16 28 230 231 1732 223
9117 4 2 16 28 222 223 1732 231
9118 4 2 16 28 1857 1969 2161 2209
9119 4 2 16 28 1920 2989 618 3048
9120 4 2 16 28 1906 1759 2053 2988
9121 4 2 16 28 652 2162 653 3022
9122 4 2 16 28 533 3071 3069 3106
9123 4 2 16 28 352 351 1210 1936
9124 4 2 16 28 2093 1942 2140 2929
9125 4 2 16 28 291 2147 290 2984
9126 4 2 16 28 1236 395 396 2028
9127 4 2 16 28 2 2941 6 2965
9128 4 2 16 28 2071 318 2179 517
9129 4 2 16 28 644 427 2088 643
9130 4 2 16 28 1848 2985 2984 2991
9131 4 2 16 28 427 644 2088 426
9132 4 2 16 28 1831 842 843 2975
9133 4 2 16 28 938 163 1464 2937
9134 4 2 16 28 1419 759 109 2936
9135 4 2 16 28 164 943 1436 2938
9136 4 2 16 28 1970 1817 2142 2238
9137 4 2 16 28 2816 2749 649 2932
9138 4 2 16 28 1396 109 763 2936
9139 4 2 16 28 1447 163 942 2937
9140 4 2 16 28 1446 939 164 2938
9141 4 2 16 28 1845 1801 123 822
9142 4 2 16 28 22 14 1138 2934
9143 4 2 16 28 18 1143 26 2935
9144 4 2 16 28 709 2988 1954 3062
9145 4 2 16 28 2188 1931 3059 3060
9146 4 2 16 28 2136 1761 1870 3040
9147 4 2 16 28 241 243 1139 2934
9148 4 2 16 28 244 1144 242 2935
9149 4 2 16 28 1132 2736 240 2958
9150 4 2 16 28 1856 1798 1727 2118
9151 4 2 16 28 2293 69 362 363
9152 4 2 16 28 1937 2951 2245 3042
9153 4 2 16 28 1766 581 2968 2974
9154 4 2 16 28 1824 694 82 3021
9155 4 2 16 28 779 2222 927 3092
9156 4 2 16 28 2811 522 75 3098
9157 4 2 16 28 733 2999 2998 3059
9158 4 2 16 28 2840 293 292 3086
9159 4 2 16 28 221 2665 218 3078
9160 4 2 16 28 734 735 2998 2999
9161 4 2 16 28 2138 614 615 3017
9162 4 2 16 28 2696 211 78 561
9163 4 2 16 28 677 676 1851 3070
9164 4 2 16 28 1870 3007 1882 3013
9165 4 2 16 28 875 1387 168 1470
9166 4 2 16 28 160 1387 769 1470
9167 4 2 16 28 1825 2155 633 3012
9168 4 2 16 28 1159 66 1221 2004
9169 4 2 16 28 2929 2943 1769 3034
9170 4 2 16 28 664 663 3093 3094
9171 4 2 16 28 307 1177 1226 2000
9172 4 2 16 28 1388 112 140 1913
9173 4 2 16 28 296 62 496 63
9174 4 2 16 28 905 904 1874 1276
9175 4 2 16 28 2259 1923 2233 2941
9176 4 2 16 28 1303 808 1797 3032
9177 4 2 16 28 2812 1838 668 3030
9178 4 2 16 28 746 761 762 3063
9179 4 2 16 28 2116 2008 1948 3072
9180 4 2 16 28 1301 702 703 3032
9181 4 2 16 28 1338 859 753 1412
9182 4 2 16 28 1433 1339 919 917
9183 4 2 16 28 1837 1827 1761 3023
9184 4 2 16 28 2169 273 3025 3044
9185 4 2 16 28 2259 1739 2941 2965
9186 4 2 16 28 1730 1844 1836 3035
9187 4 2 16 28 2775 2831 3008 3050
9188 4 2 16 28 1758 2276 1977 2254
9189 4 2 16 28 574 2940 208 3001
9190 4 2 16 28 784 923 783 3054
9191 4 2 16 28 4 219 1844 2666
9192 4 2 16 28 397 2189 1239 2121
9193 4 2 16 28 276 3009 277 3058
9194 4 2 16 28 796 711 2059 2970
9195 4 2 16 28 2007 392 393 2105
9196 4 2 16 28 274 2153 273 3025
9197 4 2 16 28 2155 1825 1955 3012
9198 4 2 16 28 863 1896 1421 757
9199 4 2 16 28 1831 2049 2248 2975
9200 4 2 16 28 10 233 5 3079
9201 4 2 16 28 5 233 220 3079
9202 4 2 16 28 3066 3067 678 3070
9203 4 2 16 28 574 1925 208 2940
9204 4 2 16 28 745 799 746 3063
9205 4 2 16 28 1849 2047 1718 3006
9206 4 2 16 28 678 2117 677 3070
9207 4 2 16 28 2232 2978 2952 3031
9208 4 2 16 28 866 1790 137 1396
9209 4 2 16 28 596 1921 1777 3045
9210 4 2 16 28 2222 2148 3043 3092
9211 4 2 16 28 711 1894 1322 2951
9212 4 2 16 28 2085 2012 1941 2931
9213 4 2 16 28 951 1828 886 952
9214 4 2 16 28 2806 2804 572 3101
9215 4 2 16 28 737 2925 736 2975
9216 4 2 16 28 917 790 240 2958
9217 4 2 16 28 895 896 1280 1736
9218 4 2 16 28 874 1779 139 1389
9219 4 2 16 28 1463 170 162 1468
9220 4 2 16 28 87 28 2963 3026
9221 4 2 16 28 2173 1907 3071 3106
9222 4 2 16 28 208 80 574 3001
9223 4 2 16 28 1844 2929 1769 3034
9224 4 2 16 28 2151 2273 681 3068
9225 4 2 16 28 1940 2120 1877 1974
9226 4 2 16 28 1857 2171 1815 1735
9227 4 2 16 28 1728 123 95 1323
9228 4 2 16 28 1925 2218 573 374
9229 4 2 16 28 2159 2017 1232 1184
9230 4 2 16 28 889 890 1738 949
9231 4 2 16 28 1397 1790 866 763
9232 4 2 16 28 2829 1886 614 2985
9233 4 2 16 28 647 648 2749 3035
9234 4 2 16 28 1765 183 1868 2013
9235 4 2 16 28 1110 1113 2721 3081
9236 4 2 16 28 641 430 2224 640
9237 4 2 16 28 1856 1919 1723 2997
9238 4 2 16 28 592 477 1989 478
9239 4 2 16 28 477 592 1989 593
9240 4 2 16 28 2250 1939 2962 3039
9241 4 2 16 28 464 465 2073 2318
9242 4 2 16 28 1789 906 1905 1865
9243 4 2 16 28 2846 3048 2764 3051
9244 4 2 16 28 1792 1802 1899 871
9245 4 2 16 28 50 47 149 46
9246 4 2 16 28 2815 662 1722 3014
9247 4 2 16 28 908 148 1889 811
9248 4 2 16 28 10 2731 11 3053
9249 4 2 16 28 551 2227 552 3087
9250 4 2 16 28 2772 2997 1919 3045
9251 4 2 16 28 488 489 2306 582
9252 4 2 16 28 641 430 429 2224
9253 4 2 16 28 582 489 2306 581
9254 4 2 16 28 740 2971 767 2972
9255 4 2 16 28 78 68 1942 3081
9256 4 2 16 28 1739 2259 2960 2965
9257 4 2 16 28 2163 1947 617 3017
9258 4 2 16 28 1853 2116 1742 1781
9259 4 2 16 28 1956 2079 250 249
9260 4 2 16 28 623 1902 2221 1949
9261 4 2 16 28 2977 2984 291 3086
9262 4 2 16 28 1398 869 1755 3031
9263 4 2 16 28 1124 1113 2084 2987
9264 4 2 16 28 98 2953 1931 2964
9265 4 2 16 28 2112 632 2155 3012
9266 4 2 16 28 1917 1827 1719 3101
9267 4 2 16 28 655 654 2090 3022
9268 4 2 16 28 1916 3068 682 3069
9269 4 2 16 28 94 2059 2245 3003
9270 4 2 16 28 1839 2125 2083 2165
9271 4 2 16 28 2924 2949 237 3029
9272 4 2 16 28 816 1872 1314 3042
9273 4 2 16 28 612 2292 611 3099
9274 4 2 16 28 1274 699 88 1820
9275 4 2 16 28 764 1390 110 3031
9276 4 2 16 28 2190 1961 1167 404
9277 4 2 16 28 2222 2148 2149 3043
9278 4 2 16 28 2985 2989 1734 3100
9279 4 2 16 28 1821 1817 1970 3016
9280 4 2 16 28 1723 2959 510 2996
9281 4 2 16 28 1885 1882 1725 3025
9282 4 2 16 28 442 443 1195 2046
9283 4 2 16 28 1801 2927 1321 3027
9284 4 2 16 28 613 614 1886 2985
9285 4 2 16 28 2084 2261 1127 2987
9286 4 2 16 28 160 933 26 771
9287 4 2 16 28 1758 2101 1849 1866
9288 4 2 16 28 333 1176 1228 2160
9289 4 2 16 28 1837 1761 3022 3023
9290 4 2 16 28 1769 2276 1728 2943
9291 4 2 16 28 523 3075 2945 3076
9292 4 2 16 28 1184 475 1232 2159
9293 4 2 16 28 550 352 551 2140
9294 4 2 16 28 799 800 745 1306
9295 4 2 16 28 905 906 851 1307
9296 4 2 16 28 779 780 926 1348
9297 4 2 16 28 885 886 952 1349
9298 4 2 16 28 441 671 1988 670
9299 4 2 16 28 2055 402 2112 401
9300 4 2 16 28 2250 2962 705 2986
9301 4 2 16 28 671 441 1988 442
9302 4 2 16 28 34 31 21 30
9303 4 2 16 28 900 899 1330 856
9304 4 2 16 28 804 803 742 1294
9305 4 2 16 28 909 910 848 1294
9306 4 2 16 28 890 889 1342 949
9307 4 2 16 28 783 784 1342 923
9308 4 2 16 28 879 880 957 1375
9309 4 2 16 28 774 773 931 1375
9310 4 2 16 28 794 793 750 1330
9311 4 2 16 28 1782 2947 1896 3088
9312 4 2 16 28 948 971 1738 970
9313 4 2 16 28 111 1391 767 3091
9314 4 2 16 28 1837 3022 652 3101
9315 4 2 16 28 829 1823 830 1285
9316 4 2 16 28 2244 2019 1205 1224
9317 4 2 16 28 1863 1739 1751 2960
9318 4 2 16 28 2929 3035 1844 3085
9319 4 2 16 28 615 1886 2829 2989
9320 4 2 16 28 1844 1836 2932 3079
9321 4 2 16 28 768 1389 111 3091
9322 4 2 16 28 2086 2233 2207 2947
9323 4 2 16 28 719 1318 1909 3082
9324 4 2 16 28 474 2141 1184 1241
9325 4 2 16 28 2207 2947 2233 3088
9326 4 2 16 28 1818 2021 1764 3033
9327 4 2 16 28 2051 1882 2289 3044
9328 4 2 16 28 762 745 746 3063
9329 4 2 16 28 768 2934 2926 3091
9330 4 2 16 28 2026 536 337 2182
9331 4 2 16 28 346 345 2023 1201
9332 4 2 16 28 2053 1954 2250 3046
9333 4 2 16 28 1734 2037 1742 3100
9334 4 2 16 28 1839 3037 2125 3080
9335 4 2 16 28 1796 1727 1877 3075
9336 4 2 16 28 1743 3011 2270 3012
9337 4 2 16 28 1954 2978 761 3063
9338 4 2 16 28 853 866 1874 1875
9339 4 2 16 28 1977 2228 2227 3087
9340 4 2 16 28 240 2738 1132 3089
9341 4 2 16 28 2225 1883 1762 3064
9342 4 2 16 28 2099 1721 2980 3018
9343 4 2 16 28 1984 2074 2216 74
9344 4 2 16 28 1208 426 427 2144
9345 4 2 16 28 2926 2201 2971 3096
9346 4 2 16 28 227 2688 789 2672
9347 4 2 16 28 2661 2670 226 789
9348 4 2 16 28 2188 2953 1931 3060
9349 4 2 16 28 559 2966 2967 3080
9350 4 2 16 28 2087 2139 432 431
9351 4 2 16 28 528 2780 529 3103
9352 4 2 16 28 2807 3035 548 3085
9353 4 2 16 28 572 573 2806 3101
9354 4 2 16 28 355 2178 1259 1207
9355 4 2 16 28 1770 2926 1913 3074
9356 4 2 16 28 53 60 106 57
9357 4 2 16 28 2754 3020 2810 3021
9358 4 2 16 28 859 134 896 1411
9359 4 2 16 28 919 152 1432 894
9360 4 2 16 28 790 151 1432 917
9361 4 2 16 28 1886 1734 2985 2989
9362 4 2 16 28 1909 1732 1801 3027
9363 4 2 16 28 1878 1777 1856 3019
9364 4 2 16 28 146 898 133 1328
9365 4 2 16 28 142 167 1373 878
9366 4 2 16 28 144 888 165 1340
9367 4 2 16 28 792 118 105 1328
9368 4 2 16 28 802 120 103 1292
9369 4 2 16 28 782 116 157 1340
9370 4 2 16 28 1329 132 147 902
9371 4 2 16 28 1341 156 145 892
9372 4 2 16 28 1373 159 114 772
9373 4 2 16 28 882 143 166 1374
9374 4 2 16 28 119 104 1329 796
9375 4 2 16 28 115 158 1374 776
9376 4 2 16 28 117 155 1341 786
9377 4 2 16 28 775 2188 929 3036
9378 4 2 16 28 2830 2776 530 3102
9379 4 2 16 28 2171 2037 1951 3100
9380 4 2 16 28 2116 1931 2222 2964
9381 4 2 16 28 2023 2168 440 441
9382 4 2 16 28 936 1775 962 1466
9383 4 2 16 28 819 1833 900 1288
9384 4 2 16 28 1347 165 144 887
9385 4 2 16 28 1334 155 117 791
9386 4 2 16 28 897 146 133 1335
9387 4 2 16 28 907 148 131 1305
9388 4 2 16 28 801 119 104 1304
9389 4 2 16 28 115 158 781 1346
9390 4 2 16 28 1305 120 103 797
9391 4 2 16 28 105 118 787 1335
9392 4 2 16 28 116 157 1347 777
9393 4 2 16 28 132 903 1304 147
9394 4 2 16 28 143 883 166 1346
9395 4 2 16 28 145 156 1334 893
9396 4 2 16 28 628 1832 3010 3011
9397 4 2 16 28 1729 3066 1810 3105
9398 4 2 16 28 2140 1769 2929 2943
9399 4 2 16 28 1895 124 1841 1731
9400 4 2 16 28 1782 2941 2947 3088
9401 4 2 16 28 2146 1997 471 599
9402 4 2 16 28 336 337 1253 2312
9403 4 2 16 28 1741 2940 1890 2957
9404 4 2 16 28 1824 693 3021 3098
9405 4 2 16 28 1770 3004 1792 3091
9406 4 2 16 28 1809 1449 966 941
9407 4 2 16 28 738 101 243 769
9408 4 2 16 28 1213 2271 417 2062
9409 4 2 16 28 2807 550 2805 3085
9410 4 2 16 28 2023 2156 1218 440
9411 4 2 16 28 2237 2927 1107 2979
9412 4 2 16 28 2984 2985 291 2991
9413 4 2 16 28 1894 1322 122 817
9414 4 2 16 28 2251 1952 2021 3033
9415 4 2 16 28 2113 2041 463 2318
9416 4 2 16 28 2770 2822 3038 3047
9417 4 2 16 28 592 1919 1778 593
9418 4 2 16 28 1137 13 14 2930
9419 4 2 16 28 104 109 2059 3003
9420 4 2 16 28 1814 2254 1757 2969
9421 4 2 16 28 1882 3013 565 3014
9422 4 2 16 28 1750 938 1465 964
9423 4 2 16 28 288 262 2243 1951
9424 4 2 16 28 695 85 739 22
9425 4 2 16 28 569 1994 2015 370
9426 4 2 16 28 1858 2833 2993 3103
9427 4 2 16 28 2662 217 222 1732
9428 4 2 16 28 1211 416 417 2271
9429 4 2 16 28 1882 3007 566 3013
9430 4 2 16 28 152 1805 894 919
9431 4 2 16 28 1828 1448 968 2938
9432 4 2 16 28 653 3022 654 3023
9433 4 2 16 28 162 2942 934 2946
9434 4 2 16 28 1971 1911 2192 1766
9435 4 2 16 28 2822 2775 3038 3050
9436 4 2 16 28 1885 1929 2027 2153
9437 4 2 16 28 477 1231 1178 1998
9438 4 2 16 28 2249 2118 2096 2944
9439 4 2 16 28 2116 1781 2008 3072
9440 4 2 16 28 1849 2184 541 3005
9441 4 2 16 28 2246 2182 1729 3105
9442 4 2 16 28 2277 1128 2261 2957
9443 4 2 16 28 140 1771 875 129
9444 4 2 16 28 223 216 2662 1732
9445 4 2 16 28 1255 310 1999 1171
9446 4 2 16 28 481 480 2309 2205
9447 4 2 16 28 550 351 352 2140
9448 4 2 16 28 1720 1885 1864 3058
9449 4 2 16 28 100 2975 2925 3026
9450 4 2 16 28 1395 760 110 3031
9451 4 2 16 28 128 1900 1365 3026
9452 4 2 16 28 2165 1268 73 435
9453 4 2 16 28 1368 841 735 1887
9454 4 2 16 28 1790 2936 1397 2952
9455 4 2 16 28 316 317 1241 2141
9456 4 2 16 28 1158 1155 2070 420
9457 4 2 16 28 2142 1817 1766 2968
9458 4 2 16 28 530 331 2056 2173
9459 4 2 16 28 1793 182 1013 2036
9460 4 2 16 28 1886 1811 3017 3099
9461 4 2 16 28 869 138 1802 1395
9462 4 2 16 28 592 593 1778 1989
9463 4 2 16 28 691 2956 2976 3076
9464 4 2 16 28 2242 1985 2267 2945
9465 4 2 16 28 1750 2937 1809 3083
9466 4 2 16 28 39 24 161 2684
9467 4 2 16 28 291 2977 2147 2984
9468 4 2 16 28 2147 2048 292 2018
9469 4 2 16 28 717 2672 240 2694
9470 4 2 16 28 719 2667 213 2670
9471 4 2 16 28 913 2948 153 2958
9472 4 2 16 28 16 3074 3096 3097
9473 4 2 16 28 645 2058 1812 2127
9474 4 2 16 28 309 2176 2185 508
9475 4 2 16 28 1974 1907 1724 2173
9476 4 2 16 28 1131 1130 2085 2931
9477 4 2 16 28 1837 2162 652 3022
9478 4 2 16 28 1163 365 364 2050
9479 4 2 16 28 744 800 801 1309
9480 4 2 16 28 925 1351 780 781
9481 4 2 16 28 951 887 1350 886
9482 4 2 16 28 1308 850 907 906
9483 4 2 16 28 903 904 853 1309
9484 4 2 16 28 797 747 1308 798
9485 4 2 16 28 777 928 1350 778
9486 4 2 16 28 2233 2947 2941 3088
9487 4 2 16 28 2310 1914 1989 2309
9488 4 2 16 28 1296 806 740 805
9489 4 2 16 28 1377 775 776 929
9490 4 2 16 28 743 802 1297 803
9491 4 2 16 28 932 1378 773 772
9492 4 2 16 28 924 1345 783 782
9493 4 2 16 28 909 908 1297 849
9494 4 2 16 28 911 912 846 1296
9495 4 2 16 28 881 882 955 1377
9496 4 2 16 28 901 902 854 1332
9497 4 2 16 28 792 751 793 1333
9498 4 2 16 28 888 889 950 1345
9499 4 2 16 28 947 891 892 1344
9500 4 2 16 28 921 785 1344 786
9501 4 2 16 28 796 748 1332 795
9502 4 2 16 28 412 411 659 2219
9503 4 2 16 28 2091 1849 1937 1729
9504 4 2 16 28 813 1312 1859 2988
9505 4 2 16 28 2949 3028 238 3029
9506 4 2 16 28 1846 1726 1824 3021
9507 4 2 16 28 1935 533 534 3106
9508 4 2 16 28 1801 1728 2927 2943
9509 4 2 16 28 970 948 949 1738
9510 4 2 16 28 515 317 316 2170
9511 4 2 16 28 515 516 317 2170
9512 4 2 16 28 440 1218 2023 1201
9513 4 2 16 28 904 905 852 1306
9514 4 2 16 28 798 799 746 1307
9515 4 2 16 28 884 885 953 1348
9516 4 2 16 28 779 778 1349 927
9517 4 2 16 28 890 891 948 1343
9518 4 2 16 28 900 901 855 1331
9519 4 2 16 28 911 910 1295 847
9520 4 2 16 28 880 881 956 1376
9521 4 2 16 28 784 785 1343 922
9522 4 2 16 28 775 774 930 1376
9523 4 2 16 28 804 805 1295 741
9524 4 2 16 28 794 795 1331 749
9525 4 2 16 28 1932 2925 2248 2975
9526 4 2 16 28 426 2088 2127 644
9527 4 2 16 28 2027 1864 1885 3058
9528 4 2 16 28 412 659 658 2219
9529 4 2 16 28 2251 2021 2236 607
9530 4 2 16 28 630 402 2112 631
9531 4 2 16 28 630 402 401 2112
9532 4 2 16 28 1910 2228 1977 3087
9533 4 2 16 28 25 1142 26 2946
9534 4 2 16 28 18 1142 17 2946
9535 4 2 16 28 1768 1812 2111 3037
9536 4 2 16 28 2192 1966 1767 2255
9537 4 2 16 28 799 745 800 3063
9538 4 2 16 28 1770 1913 2926 3091
9539 4 2 16 28 133 897 1335 1410
9540 4 2 16 28 1335 787 105 1410
9541 4 2 16 28 1334 1431 155 791
9542 4 2 16 28 1334 156 1431 893
9543 4 2 16 28 612 611 2991 3099
9544 4 2 16 28 487 488 1240 2052
9545 4 2 16 28 1832 626 627 3009
9546 4 2 16 28 1867 889 950 888
9547 4 2 16 28 2815 1722 663 3015
9548 4 2 16 28 16 2934 241 3096
9549 4 2 16 28 1356 726 836 1783
9550 4 2 16 28 1012 182 1793 2036
9551 4 2 16 28 9 149 12 2965
9552 4 2 16 28 1730 2929 1844 3085
9553 4 2 16 28 232 2695 1890 3078
9554 4 2 16 28 50 151 47 51
9555 4 2 16 28 60 53 106 56
9556 4 2 16 28 762 1399 1881 2952
9557 4 2 16 28 2109 1725 1882 1929
9558 4 2 16 28 112 768 101 2934
9559 4 2 16 28 1171 309 310 2040
9560 4 2 16 28 1861 1786 1867 125
9561 4 2 16 28 840 1901 1283 1774
9562 4 2 16 28 847 1898 1754 872
9563 4 2 16 28 655 3023 3040 3049
9564 4 2 16 28 1928 2240 2264 1163
9565 4 2 16 28 1774 1834 1887 840
9566 4 2 16 28 1810 534 535 3067
9567 4 2 16 28 1954 2986 2250 3046
9568 4 2 16 28 1878 1727 1959 3019
9569 4 2 16 28 787 2933 752 3024
9570 4 2 16 28 821 1814 715 1728
9571 4 2 16 28 1874 1881 867 1789
9572 4 2 16 28 1992 1038 1760 1039
9573 4 2 16 28 168 959 1830 1434
9574 4 2 16 28 663 1722 662 3093
9575 4 2 16 28 2184 2091 341 540
9576 4 2 16 28 2153 249 1956 275
9577 4 2 16 28 918 913 153 2958
9578 4 2 16 28 1782 1425 861 2947
9579 4 2 16 28 2962 1939 3032 3039
9580 4 2 16 28 237 2690 230 3028
9581 4 2 16 28 2690 238 229 3028
9582 4 2 16 28 244 113 100 738
9583 4 2 16 28 2734 1131 239 3089
9584 4 2 16 28 1217 62 297 2102
9585 4 2 16 28 1215 2064 2135 1205
9586 4 2 16 28 1817 579 578 3018
9587 4 2 16 28 1802 1393 871 1792
9588 4 2 16 28 301 2029 2213 2078
9589 4 2 16 28 785 3054 2950 3055
9590 4 2 16 28 2237 2085 2223 3052
9591 4 2 16 28 1026 1826 1025 1987
9592 4 2 16 28 1741 1917 2940 2957
9593 4 2 16 28 322 521 2267 2038
9594 4 2 16 28 101 243 112 2934
9595 4 2 16 28 2266 2032 2265 3093
9596 4 2 16 28 550 2807 549 3085
9597 4 2 16 28 1010 2152 1011 1745
9598 4 2 16 28 2153 275 1956 3058
9599 4 2 16 28 1132 2931 2258 2958
9600 4 2 16 28 257 283 1948 2297
9601 4 2 16 28 1729 1937 2246 3042
9602 4 2 16 28 738 1270 85 1385
9603 4 2 16 28 1385 1270 86 844
9604 4 2 16 28 2749 2807 647 3035
9605 4 2 16 28 2192 2002 485 2288
9606 4 2 16 28 508 310 2176 509
9607 4 2 16 28 310 508 2176 309
9608 4 2 16 28 410 1165 1262 2287
9609 4 2 16 28 1979 680 451 2273
9610 4 2 16 28 1160 405 1267 2190
9611 4 2 16 28 934 25 2942 3073
9612 4 2 16 28 454 2024 453 2151
9613 4 2 16 28 2961 3000 936 3036
9614 4 2 16 28 601 1726 2983 2990
9615 4 2 16 28 2142 2306 1766 1971
9616 4 2 16 28 535 3067 3066 3105
9617 4 2 16 28 1788 1775 1770 2942
9618 4 2 16 28 1186 251 252 2121
9619 4 2 16 28 821 123 1728 1323
9620 4 2 16 28 1952 1764 2021 3033
9621 4 2 16 28 2056 1974 1877 1724
9622 4 2 16 28 2749 2816 77 2932
9623 4 2 16 28 439 440 1218 2156
9624 4 2 16 28 2831 3009 3008 3050
9625 4 2 16 28 1796 1877 1724 2993
9626 4 2 16 28 162 935 1463 2942
9627 4 2 16 28 1914 2959 1723 2996
9628 4 2 16 28 1787 887 1861 165
9629 4 2 16 28 1939 1727 1959 2120
9630 4 2 16 28 658 3007 1870 3013
9631 4 2 16 28 873 1391 1779 3091
9632 4 2 16 28 1768 2083 1839 3037
9633 4 2 16 28 1817 577 1970 3016
9634 4 2 16 28 1780 1320 826 2949
9635 4 2 16 28 844 1384 88 3026
9636 4 2 16 28 87 1384 738 3026
9637 4 2 16 28 1817 578 2796 3018
9638 4 2 16 28 1758 2101 2254 1977
9639 4 2 16 28 290 264 1951 2147
9640 4 2 16 28 3014 3015 64 3044
9641 4 2 16 28 1870 3007 658 3049
9642 4 2 16 28 534 1810 535 3106
9643 4 2 16 28 1109 2237 1942 2943
9644 4 2 16 28 1757 1758 1866 2254
9645 4 2 16 28 2245 2246 1937 3042
9646 4 2 16 28 1969 1776 1735 1857
9647 4 2 16 28 2211 1193 2072 1249
9648 4 2 16 28 835 1908 884 1813
9649 4 2 16 28 2148 2222 2953 3092
9650 4 2 16 28 1837 1836 1719 3001
9651 4 2 16 28 2088 2224 2111 642
9652 4 2 16 28 1811 1764 2291 3099
9653 4 2 16 28 961 1834 1901 958
9654 4 2 16 28 122 94 1800 3042
9655 4 2 16 28 2271 1213 417 1211
9656 4 2 16 28 771 933 26 2946
9657 4 2 16 28 1115 2237 2085 2277
9658 4 2 16 28 2948 2960 946 3055
9659 4 2 16 28 1729 1800 1937 3042
9660 4 2 16 28 800 3003 707 3063
9661 4 2 16 28 1270 1384 87 3026
9662 4 2 16 28 1270 88 1384 3026
9663 4 2 16 28 814 708 1859 1312
9664 4 2 16 28 2016 1024 1840 181
9665 4 2 16 28 1838 1988 1826 1762
9666 4 2 16 28 1864 1781 1720 3084
9667 4 2 16 28 1220 1163 2240 408
9668 4 2 16 28 1021 1808 184 2145
9669 4 2 16 28 1729 1759 2246 3105
9670 4 2 16 28 1878 1727 1796 2945
9671 4 2 16 28 288 1951 2243 3100
9672 4 2 16 28 1719 234 11 3079
9673 4 2 16 28 2811 2797 522 3098
9674 4 2 16 28 1020 184 1808 2145
9675 4 2 16 28 1753 1727 1797 1939
9676 4 2 16 28 2146 1997 2200 471
9677 4 2 16 28 1836 2263 1760 2202
9678 4 2 16 28 507 2973 1862 3002
9679 4 2 16 28 2774 3064 2828 3065
9680 4 2 16 28 2966 2967 1718 3090
9681 4 2 16 28 1836 2058 1812 3035
9682 4 2 16 28 1399 867 1881 868
9683 4 2 16 28 2980 2982 296 3061
9684 4 2 16 28 1875 1918 137 1790
9685 4 2 16 28 1767 1766 2192 1911
9686 4 2 16 28 1861 1854 125 832
9687 4 2 16 28 2171 1735 3059 3060
9688 4 2 16 28 2013 1016 1765 183
9689 4 2 16 28 653 1990 654 3022
9690 4 2 16 28 298 297 2063 2100
9691 4 2 16 28 2248 2998 99 2999
9692 4 2 16 28 2312 1980 337 1253
9693 4 2 16 28 394 624 2221 623
9694 4 2 16 28 2776 3071 531 3102
9695 4 2 16 28 802 2995 2986 3039
9696 4 2 16 28 2140 2929 1769 3087
9697 4 2 16 28 624 394 2221 395
9698 4 2 16 28 81 71 2068 2133
9699 4 2 16 28 1951 2048 2171 2984
9700 4 2 16 28 1886 615 614 3017
9701 4 2 16 28 672 443 671 1988
9702 4 2 16 28 443 442 671 1988
9703 4 2 16 28 2127 1256 426 425
9704 4 2 16 28 87 33 29 2685
9705 4 2 16 28 1807 1922 1997 2146
9706 4 2 16 28 1844 3078 1890 3079
9707 4 2 16 28 2934 2971 2930 3095
9708 4 2 16 28 695 89 698 2930
9709 4 2 16 28 2106 2280 2283 1192
9710 4 2 16 28 2207 2223 2086 2933
9711 4 2 16 28 1913 3073 1770 3074
9712 4 2 16 28 342 343 1243 1986
9713 4 2 16 28 800 744 3003 3063
9714 4 2 16 28 2031 1965 2154 72
9715 4 2 16 28 463 464 1216 2113
9716 4 2 16 28 1205 2019 2135 379
9717 4 2 16 28 2251 2252 609 380
9718 4 2 16 28 542 1849 3005 3006
9719 4 2 16 28 1906 1315 1905 2988
9720 4 2 16 28 1021 1022 1843 1958
9721 4 2 16 28 2281 443 444 2045
9722 4 2 16 28 806 2971 740 2972
9723 4 2 16 28 1846 1997 1726 1984
9724 4 2 16 28 1321 720 719 2979
9725 4 2 16 28 413 2054 1206 412
9726 4 2 16 28 1908 884 953 954
9727 4 2 16 28 822 1909 823 1845
9728 4 2 16 28 1730 2929 3085 3087
9729 4 2 16 28 224 223 230 3028
9730 4 2 16 28 224 230 229 3028
9731 4 2 16 28 448 449 2294 2117
9732 4 2 16 28 1019 1018 2009 1773
9733 4 2 16 28 2840 3077 2794 3086
9734 4 2 16 28 356 355 2253 2092
9735 4 2 16 28 215 2979 2927 3027
9736 4 2 16 28 634 2154 1825 3094
9737 4 2 16 28 2051 2169 3025 3044
9738 4 2 16 28 2251 2135 379 378
9739 4 2 16 28 149 1426 106 1427
9740 4 2 16 28 18 19 2935 3097
9741 4 2 16 28 1038 1022 1037 1958
9742 4 2 16 28 516 2071 317 2170
9743 4 2 16 28 1113 2084 2721 3081
9744 4 2 16 28 1242 1194 383 2067
9745 4 2 16 28 1863 969 970 1439
9746 4 2 16 28 80 208 2697 3053
9747 4 2 16 28 1188 263 2043 1234
9748 4 2 16 28 1770 2939 2926 3074
9749 4 2 16 28 1916 1907 1810 3071
9750 4 2 16 28 2179 320 2038 519
9751 4 2 16 28 1015 2193 1912 1014
9752 4 2 16 28 806 102 89 1293
9753 4 2 16 28 130 90 1293 912
9754 4 2 16 28 2091 2182 1729 1937
9755 4 2 16 28 934 162 1468 2942
9756 4 2 16 28 16 2926 1140 2934
9757 4 2 16 28 1270 85 87 738
9758 4 2 16 28 88 86 1270 844
9759 4 2 16 28 2816 77 2932 3041
9760 4 2 16 28 613 2991 1886 3099
9761 4 2 16 28 1908 953 965 954
9762 4 2 16 28 1960 1036 2129 1743
9763 4 2 16 28 109 2936 2059 3003
9764 4 2 16 28 697 695 698 2930
9765 4 2 16 28 1769 2276 2140 3087
9766 4 2 16 28 1881 1790 867 1397
9767 4 2 16 28 1205 2019 379 1224
9768 4 2 16 28 2177 1785 1982 1967
9769 4 2 16 28 1838 1987 1988 2168
9770 4 2 16 28 1882 2051 3025 3044
9771 4 2 16 28 1852 1902 1949 2221
9772 4 2 16 28 1831 1364 842 2975
9773 4 2 16 28 1106 2722 1117 3052
9774 4 2 16 28 2722 1105 1118 3052
9775 4 2 16 28 453 683 2151 682
9776 4 2 16 28 96 2924 2949 3089
9777 4 2 16 28 683 453 2151 454
9778 4 2 16 28 617 2989 1920 3017
9779 4 2 16 28 814 815 1276 1859
9780 4 2 16 28 2085 2924 2012 2931
9781 4 2 16 28 1362 1823 830 724
9782 4 2 16 28 2250 2986 2098 3039
9783 4 2 16 28 1448 2938 1828 3083
9784 4 2 16 28 2275 2942 2939 2961
9785 4 2 16 28 107 53 106 57
9786 4 2 16 28 816 147 1875 1876
9787 4 2 16 28 337 338 1174 1980
9788 4 2 16 28 133 1845 897 858
9789 4 2 16 28 272 2169 1962 3044
9790 4 2 16 28 1395 1802 869 3031
9791 4 2 16 28 2036 182 186 1012
9792 4 2 16 28 1804 1907 1724 1974
9793 4 2 16 28 1851 3064 1883 3070
9794 4 2 16 28 2273 1979 680 3068
9795 4 2 16 28 1028 2036 186 1012
9796 4 2 16 28 2252 3033 609 3077
9797 4 2 16 28 1759 1729 1810 3105
9798 4 2 16 28 640 3037 1842 3104
9799 4 2 16 28 526 1940 2301 3075
9800 4 2 16 28 2252 610 3033 3077
9801 4 2 16 28 720 2927 95 2979
9802 4 2 16 28 79 69 2261 1925
9803 4 2 16 28 1199 470 471 2200
9804 4 2 16 28 1948 2008 2297 3072
9805 4 2 16 28 1838 1772 2080 3030
9806 4 2 16 28 2239 1202 1223 2286
9807 4 2 16 28 167 142 1834 878
9808 4 2 16 28 1204 298 1222 2100
9809 4 2 16 28 414 413 657 2268
9810 4 2 16 28 2298 2297 2008 3072
9811 4 2 16 28 2009 1018 1035 1034
9812 4 2 16 28 1794 1835 1860 972
9813 4 2 16 28 2186 306 505 2284
9814 4 2 16 28 676 3064 1851 3070
9815 4 2 16 28 839 1774 733 1369
9816 4 2 16 28 783 924 2994 3054
9817 4 2 16 28 1749 1830 842 877
9818 4 2 16 28 1828 1787 1863 968
9819 4 2 16 28 1939 1753 2962 3032
9820 4 2 16 28 656 414 657 2268
9821 4 2 16 28 769 161 160 1470
9822 4 2 16 28 168 169 875 1470
9823 4 2 16 28 2148 2961 2937 3036
9824 4 2 16 28 960 1775 1788 2942
9825 4 2 16 28 1206 368 1261 2054
9826 4 2 16 28 1011 1012 1744 2042
9827 4 2 16 28 237 2957 2924 3029
9828 4 2 16 28 98 1367 1829 3060
9829 4 2 16 28 185 181 2016 1009
9830 4 2 16 28 1769 2140 2276 2943
9831 4 2 16 28 832 1854 1353 3057
9832 4 2 16 28 1945 2263 1837 3022
9833 4 2 16 28 972 1835 1860 2948
9834 4 2 16 28 212 211 78 2696
9835 4 2 16 28 2797 3076 523 3098
9836 4 2 16 28 1009 2016 185 1025
9837 4 2 16 28 2131 470 1997 600
9838 4 2 16 28 2233 2941 1897 3088
9839 4 2 16 28 2012 2924 1941 2931
9840 4 2 16 28 2016 185 1024 181
9841 4 2 16 28 249 1248 248 2079
9842 4 2 16 28 913 917 914 2958
9843 4 2 16 28 2940 3001 573 3101
9844 4 2 16 28 21 13 2930 2944
9845 4 2 16 28 1852 2221 1832 3008
9846 4 2 16 28 535 336 335 2026
9847 4 2 16 28 2026 335 535 534
9848 4 2 16 28 629 401 2270 630
9849 4 2 16 28 629 401 400 2270
9850 4 2 16 28 238 1780 2691 3082
9851 4 2 16 28 1876 1799 1894 122
9852 4 2 16 28 185 2016 1024 1040
9853 4 2 16 28 607 2236 2251 378
9854 4 2 16 28 1941 2958 153 3055
9855 4 2 16 28 1301 1869 808 3032
9856 4 2 16 28 160 113 27 769
9857 4 2 16 28 1038 1760 1039 1022
9858 4 2 16 28 186 182 2036 1013
9859 4 2 16 28 1862 1888 1740 3002
9860 4 2 16 28 216 2927 2943 3027
9861 4 2 16 28 2178 355 1259 2089
9862 4 2 16 28 1884 961 1775 170
9863 4 2 16 28 1828 951 968 952
9864 4 2 16 28 1029 186 2036 1013
9865 4 2 16 28 1723 1862 1752 2959
9866 4 2 16 28 719 720 787 2979
9867 4 2 16 28 910 909 1754 1282
9868 4 2 16 28 2126 2241 347 546
9869 4 2 16 28 1786 831 125 1359
9870 4 2 16 28 1737 1791 2954 2955
9871 4 2 16 28 105 792 1328 1414
9872 4 2 16 28 133 1328 898 1414
9873 4 2 16 28 103 1406 802 1292
9874 4 2 16 28 888 1442 165 1340
9875 4 2 16 28 157 1442 782 1340
9876 4 2 16 28 1374 166 882 1458
9877 4 2 16 28 1293 806 102 1405
9878 4 2 16 28 1341 1441 156 892
9879 4 2 16 28 1459 159 1373 772
9880 4 2 16 28 1292 131 1406 908
9881 4 2 16 28 1373 167 1459 878
9882 4 2 16 28 104 1329 796 1413
9883 4 2 16 28 158 1374 776 1458
9884 4 2 16 28 902 1329 132 1413
9885 4 2 16 28 912 1293 130 1405
9886 4 2 16 28 155 1441 1341 786
9887 4 2 16 28 354 554 2228 355
9888 4 2 16 28 2976 2993 2792 3076
9889 4 2 16 28 313 1231 2128 1178
9890 4 2 16 28 2216 1953 1824 2074
9891 4 2 16 28 632 3012 1806 3015
9892 4 2 16 28 719 1909 214 3082
9893 4 2 16 28 2058 425 645 424
9894 4 2 16 28 2691 1780 239 3082
9895 4 2 16 28 343 1195 1243 2279
9896 4 2 16 28 1914 589 2959 2996
9897 4 2 16 28 2248 2925 2928 2975
9898 4 2 16 28 424 1210 1212 2108
9899 4 2 16 28 1180 447 1229 2217
9900 4 2 16 28 253 254 1181 2198
9901 4 2 16 28 2172 1182 2030 331
9902 4 2 16 28 2048 2147 292 2977
9903 4 2 16 28 1803 909 908 810
9904 4 2 16 28 2047 344 343 2279
9905 4 2 16 28 1818 3033 2982 3061
9906 4 2 16 28 887 1347 165 1451
9907 4 2 16 28 1305 131 907 1401
9908 4 2 16 28 781 158 1452 1346
9909 4 2 16 28 1400 801 104 1304
9910 4 2 16 28 1451 1347 157 777
9911 4 2 16 28 1346 166 1452 883
9912 4 2 16 28 1400 132 903 1304
9913 4 2 16 28 797 103 1305 1401
9914 4 2 16 28 286 2989 1734 3048
9915 4 2 16 28 523 3076 2945 3098
9916 4 2 16 28 2013 1017 1033 187
9917 4 2 16 28 2147 2278 265 264
9918 4 2 16 28 808 809 1869 1301
9919 4 2 16 28 42 43 160 2684
9920 4 2 16 28 554 354 2228 553
9921 4 2 16 28 126 1783 1904 836
9922 4 2 16 28 1788 168 1434 169
9923 4 2 16 28 770 933 771 2946
9924 4 2 16 28 1430 1892 915 2948
9925 4 2 16 28 428 429 1207 2178
9926 4 2 16 28 3020 3021 2754 3098
9927 4 2 16 28 1724 2056 1974 2173
9928 4 2 16 28 1201 441 1245 2023
9929 4 2 16 28 1014 1013 2175 1807
9930 4 2 16 28 1940 527 328 2056
9931 4 2 16 28 100 738 1384 3026
9932 4 2 16 28 844 128 1384 3026
9933 4 2 16 28 1815 1829 1735 2171
9934 4 2 16 28 2207 2233 2059 2970
9935 4 2 16 28 412 1206 1261 2054
9936 4 2 16 28 1040 1039 1957 1768
9937 4 2 16 28 1831 1749 842 127
9938 4 2 16 28 1158 418 419 2062
9939 4 2 16 28 1792 1802 1393 3031
9940 4 2 16 28 2150 2229 454 455
9941 4 2 16 28 1795 1797 807 808
9942 4 2 16 28 1821 1765 1817 3016
9943 4 2 16 28 1804 1906 1907 3046
9944 4 2 16 28 1759 1907 1906 2053
9945 4 2 16 28 151 50 47 149
9946 4 2 16 28 1809 2937 1449 3083
9947 4 2 16 28 159 770 114 2946
9948 4 2 16 28 1770 1779 1913 3091
9949 4 2 16 28 18 2935 2928 3097
9950 4 2 16 28 2178 427 1259 428
9951 4 2 16 28 1722 3013 1882 3014
9952 4 2 16 28 490 1198 1246 1972
9953 4 2 16 28 2013 1017 183 1868
9954 4 2 16 28 1814 2254 1728 1758
9955 4 2 16 28 89 91 698 2930
9956 4 2 16 28 1862 507 2959 2973
9957 4 2 16 28 142 167 1834 1749
9958 4 2 16 28 2230 1246 301 300
9959 4 2 16 28 1726 1878 2983 2990
9960 4 2 16 28 2948 2958 2259 3055
9961 4 2 16 28 84 1840 1839 1772
9962 4 2 16 28 1391 1389 1779 3091
9963 4 2 16 28 1914 2959 589 2973
9964 4 2 16 28 1787 1863 968 2938
9965 4 2 16 28 1017 2013 183 187
9966 4 2 16 28 1900 128 1771 3026
9967 4 2 16 28 1018 2009 1035 1019
9968 4 2 16 28 48 12 45 2687
9969 4 2 16 28 54 3 55 2683
9970 4 2 16 28 222 231 1732 3078
9971 4 2 16 28 1821 1766 1971 2142
9972 4 2 16 28 724 1362 1823 2954
9973 4 2 16 28 1020 1036 188 2145
9974 4 2 16 28 1942 1110 2943 3034
9975 4 2 16 28 1769 1844 1730 2929
9976 4 2 16 28 1020 188 184 2145
9977 4 2 16 28 2013 1016 187 1032
9978 4 2 16 28 2097 2942 2275 2961
9979 4 2 16 28 1170 336 1253 2312
9980 4 2 16 28 1034 1764 1033 2103
9981 4 2 16 28 1995 384 2138 613
9982 4 2 16 28 215 3027 224 3082
9983 4 2 16 28 813 814 1859 1312
9984 4 2 16 28 184 188 1021 2145
9985 4 2 16 28 1726 1922 1878 2990
9986 4 2 16 28 872 871 1394 1792
9987 4 2 16 28 2242 1985 2945 3075
9988 4 2 16 28 2201 2939 2926 3004
9989 4 2 16 28 1925 574 573 2940
9990 4 2 16 28 1764 1033 1018 1034
9991 4 2 16 28 825 824 1319 1780
9992 4 2 16 28 1775 2939 1770 2942
9993 4 2 16 28 188 1037 1021 2145
9994 4 2 16 28 142 114 1373 1379
9995 4 2 16 28 112 2926 24 3074
9996 4 2 16 28 2149 2994 1943 3043
9997 4 2 16 28 1197 326 1247 2035
9998 4 2 16 28 540 3064 3005 3065
9999 4 2 16 28 2070 2293 1156 70
10000 4 2 16 28 487 488 2306 583
10001 4 2 16 28 268 295 2099 294
10002 4 2 16 28 583 488 2306 582
10003 4 2 16 28 1162 1215 62 1973
10004 4 2 16 28 1836 1812 1730 3035
10005 4 2 16 28 2179 318 319 517
10006 4 2 16 28 518 2179 319 517
10007 4 2 16 28 295 268 2099 269
10008 4 2 16 28 3033 3077 610 3099
10009 4 2 16 28 1023 1039 1760 1022
10010 4 2 16 28 756 1418 108 2947
10011 4 2 16 28 946 153 1437 2948
10012 4 2 16 28 1183 485 1237 2002
10013 4 2 16 28 399 400 1248 1975
10014 4 2 16 28 1031 1030 2193 1014
10015 4 2 16 28 646 2058 645 424
10016 4 2 16 28 1878 1856 1727 3019
10017 4 2 16 28 21 13 2944 2963
10018 4 2 16 28 2059 2936 759 2970
10019 4 2 16 28 1018 1773 1811 2009
10020 4 2 16 28 2960 3054 945 3055
10021 4 2 16 28 2119 1943 2110 2954
10022 4 2 16 28 1822 2968 500 2974
10023 4 2 16 28 1879 149 107 2965
10024 4 2 16 28 804 2995 2678 3039
10025 4 2 16 28 2096 2930 701 2971
10026 4 2 16 28 1015 1032 2256 1031
10027 4 2 16 28 258 1251 1169 2104
10028 4 2 16 28 1123 1128 2743 2277
10029 4 2 16 28 1016 2013 187 183
10030 4 2 16 28 408 409 1163 1928
10031 4 2 16 28 2171 1951 1815 3100
10032 4 2 16 28 833 1853 1733 3057
10033 4 2 16 28 1729 1866 1849 1937
10034 4 2 16 28 1824 1953 2216 2318
10035 4 2 16 28 1127 2940 2261 2957
10036 4 2 16 28 2038 2267 1985 2945
10037 4 2 16 28 255 282 256 2298
10038 4 2 16 28 282 255 281 2298
10039 4 2 16 28 1729 1800 1866 1937
10040 4 2 16 28 2024 2317 1176 2160
10041 4 2 16 28 321 1225 1938 2214
10042 4 2 16 28 1120 2742 2085 1131
10043 4 2 16 28 319 1199 1249 2211
10044 4 2 16 28 2816 2750 80 3053
10045 4 2 16 28 2153 2169 273 3025
10046 4 2 16 28 1818 605 606 2981
10047 4 2 16 28 338 538 2182 537
10048 4 2 16 28 538 338 2182 339
10049 4 2 16 28 1825 3012 633 3015
10050 4 2 16 28 1131 2931 2738 3089
10051 4 2 16 28 1825 2155 1955 2154
10052 4 2 16 28 459 458 2039 1190
10053 4 2 16 28 355 2228 2092 554
10054 4 2 16 28 2152 1010 1027 1026
10055 4 2 16 28 1734 2989 287 3100
10056 4 2 16 28 2663 3027 223 3028
10057 4 2 16 28 2663 224 3027 3028
10058 4 2 16 28 2018 292 293 2977
10059 4 2 16 28 1826 1010 1026 1025
10060 4 2 16 28 1819 1272 696 86
10061 4 2 16 28 631 3011 1806 3012
10062 4 2 16 28 328 329 1238 2299
10063 4 2 16 28 26 1142 18 2946
10064 4 2 16 28 2096 2971 701 2972
10065 4 2 16 28 1105 2933 2979 3024
10066 4 2 16 28 467 468 1214 2001
10067 4 2 16 28 267 1200 1244 2075
10068 4 2 16 28 601 2131 470 469
10069 4 2 16 28 1824 2956 693 3098
10070 4 2 16 28 2131 470 600 601
10071 4 2 16 28 2247 2248 1932 2925
10072 4 2 16 28 166 143 1784 1904
10073 4 2 16 28 910 911 1286 1754
10074 4 2 16 28 1174 2294 2217 448
10075 4 2 16 28 111 767 2971 3091
10076 4 2 16 28 365 1262 366 2050
10077 4 2 16 28 83 664 2031 3094
10078 4 2 16 28 2298 280 281 3084
10079 4 2 16 28 294 3077 2982 3086
10080 4 2 16 28 655 3023 3022 3040
10081 4 2 16 28 1899 1754 871 848
10082 4 2 16 28 576 2132 1970 3016
10083 4 2 16 28 1782 2941 754 2947
10084 4 2 16 28 1802 1755 1865 869
10085 4 2 16 28 343 2047 1986 2184
10086 4 2 16 28 1719 2940 1917 3101
10087 4 2 16 28 2670 2667 226 718
10088 4 2 16 28 2672 718 227 2694
10089 4 2 16 28 970 971 1860 1440
10090 4 2 16 28 258 285 1948 284
10091 4 2 16 28 285 258 1948 259
10092 4 2 16 28 121 1747 1804 3046
10093 4 2 16 28 2188 2999 2097 3000
10094 4 2 16 28 45 49 12 46
10095 4 2 16 28 1719 11 234 2940
10096 4 2 16 28 830 1823 1360 724
10097 4 2 16 28 2210 482 1177 2122
10098 4 2 16 28 1849 2101 2047 2184
10099 4 2 16 28 2678 2995 803 3039
10100 4 2 16 28 1 2086 2223 2933
10101 4 2 16 28 811 1803 1302 705
10102 4 2 16 28 1029 1030 1014 2175
10103 4 2 16 28 945 1860 1440 2960
10104 4 2 16 28 737 2928 2925 2975
10105 4 2 16 28 2173 532 333 1935
10106 4 2 16 28 2978 2986 764 2995
10107 4 2 16 28 1719 1890 1741 2940
10108 4 2 16 28 488 489 1192 2106
10109 4 2 16 28 2152 1010 2167 1745
10110 4 2 16 28 1791 1737 1841 2955
10111 4 2 16 28 916 1879 150 1435
10112 4 2 16 28 2830 3102 529 3103
10113 4 2 16 28 2246 1729 2182 1937
10114 4 2 16 28 1790 867 1397 866
10115 4 2 16 28 80 2748 2816 3053
10116 4 2 16 28 1128 1123 2740 2277
10117 4 2 16 28 1731 1741 1780 2949
10118 4 2 16 28 1038 1945 1992 1760
10119 4 2 16 28 460 1197 1247 2035
10120 4 2 16 28 2133 2014 1818 2021
10121 4 2 16 28 1418 1423 108 2947
10122 4 2 16 28 1428 1437 153 2948
10123 4 2 16 28 693 465 2318 694
10124 4 2 16 28 2020 2252 381 2292
10125 4 2 16 28 1886 1764 1811 3099
10126 4 2 16 28 1774 1887 1776 2998
10127 4 2 16 28 1749 1834 1884 167
10128 4 2 16 28 1026 1987 2194 1826
10129 4 2 16 28 1010 1745 1883 2167
10130 4 2 16 28 2233 2970 2207 3088
10131 4 2 16 28 1431 918 155 791
10132 4 2 16 28 920 1431 156 893
10133 4 2 16 28 897 133 858 1410
10134 4 2 16 28 1410 787 105 752
10135 4 2 16 28 20 28 2925 2963
10136 4 2 16 28 841 1749 142 1834
10137 4 2 16 28 2113 1202 462 2239
10138 4 2 16 28 276 3010 3009 3058
10139 4 2 16 28 228 2691 239 3082
10140 4 2 16 28 225 214 2664 3082
10141 4 2 16 28 2675 3054 783 3056
10142 4 2 16 28 2858 2966 3080 3104
10143 4 2 16 28 347 2156 1264 1218
10144 4 2 16 28 2697 209 562 2756
10145 4 2 16 28 20 2963 2247 3095
10146 4 2 16 28 2173 3071 1724 3102
10147 4 2 16 28 349 67 2320 2130
10148 4 2 16 28 759 748 2059 2970
10149 4 2 16 28 399 2270 1950 628
10150 4 2 16 28 2216 2073 465 2318
10151 4 2 16 28 1420 864 1746 865
10152 4 2 16 28 480 589 2309 590
10153 4 2 16 28 589 480 2309 481
10154 4 2 16 28 1759 1907 2053 3106
10155 4 2 16 28 1749 841 142 127
10156 4 2 16 28 137 1790 866 1875
10157 4 2 16 28 2756 80 2697 3053
10158 4 2 16 28 493 578 2238 492
10159 4 2 16 28 309 2185 507 508
10160 4 2 16 28 308 309 2185 507
10161 4 2 16 28 386 615 2137 2138
10162 4 2 16 28 1896 862 1873 863
10163 4 2 16 28 2962 3032 704 3039
10164 4 2 16 28 1021 1037 1022 1958
10165 4 2 16 28 1848 1886 2991 3099
10166 4 2 16 28 102 2930 111 2971
10167 4 2 16 28 2140 1977 2227 3087
10168 4 2 16 28 283 2297 282 3072
10169 4 2 16 28 1970 494 2132 576
10170 4 2 16 28 1418 136 108 1423
10171 4 2 16 28 1428 154 153 1437
10172 4 2 16 28 218 2668 221 3078
10173 4 2 16 28 213 2703 1105 3024
10174 4 2 16 28 654 416 2090 1990
10175 4 2 16 28 88 1274 1820 3026
10176 4 2 16 28 1033 1764 2014 2103
10177 4 2 16 28 1015 2193 1014 1031
10178 4 2 16 28 1827 569 3007 3049
10179 4 2 16 28 548 3035 2929 3085
10180 4 2 16 28 152 151 1432 1336
10181 4 2 16 28 106 134 1411 1337
10182 4 2 16 28 313 1946 2158 512
10183 4 2 16 28 1848 1886 2985 2991
10184 4 2 16 28 1777 1919 1856 3045
10185 4 2 16 28 1951 2171 1815 2984
10186 4 2 16 28 99 2928 2248 2999
10187 4 2 16 28 107 106 6 149
10188 4 2 16 28 283 1948 2297 3072
10189 4 2 16 28 1926 2198 2298 254
10190 4 2 16 28 1035 1743 1036 1019
10191 4 2 16 28 2039 2302 2304 459
10192 4 2 16 28 2248 2925 2247 2928
10193 4 2 16 28 1852 1832 1902 3008
10194 4 2 16 28 2674 707 3062 3063
10195 4 2 16 28 1913 1788 1770 3073
10196 4 2 16 28 2675 723 3054 3056
10197 4 2 16 28 1945 2162 2263 3022
10198 4 2 16 28 748 796 2059 2970
10199 4 2 16 28 1802 1395 1390 3031
10200 4 2 16 28 938 1750 1465 2937
10201 4 2 16 28 2062 374 375 1213
10202 4 2 16 28 1870 1722 1843 3013
10203 4 2 16 28 122 1800 94 2951
10204 4 2 16 28 708 1859 1313 814
10205 4 2 16 28 1724 3102 1858 3103
10206 4 2 16 28 395 625 396 2307
10207 4 2 16 28 1338 787 897 1412
10208 4 2 16 28 1219 402 2055 401
10209 4 2 16 28 1841 1741 1731 2924
10210 4 2 16 28 907 1889 148 1747
10211 4 2 16 28 1956 276 277 3058
10212 4 2 16 28 1165 410 411 2107
10213 4 2 16 28 1298 807 1748 1797
10214 4 2 16 28 1010 2152 1027 1011
10215 4 2 16 28 680 3068 3067 3069
10216 4 2 16 28 737 2925 2928 2935
10217 4 2 16 28 1882 3025 1806 3044
10218 4 2 16 28 2814 2751 1839 2967
10219 4 2 16 28 1954 2232 2978 3063
10220 4 2 16 28 43 39 161 2684
10221 4 2 16 28 2222 1943 2116 3057
10222 4 2 16 28 1731 826 1316 2949
10223 4 2 16 28 2291 1952 2292 3099
10224 4 2 16 28 409 410 1262 2264
10225 4 2 16 28 96 2931 2924 3089
10226 4 2 16 28 1824 1744 1953 2956
10227 4 2 16 28 578 493 2238 577
10228 4 2 16 28 2669 3062 1954 3063
10229 4 2 16 28 1145 20 2925 2935
10230 4 2 16 28 517 2990 1878 3019
10231 4 2 16 28 2738 2931 1132 3089
10232 4 2 16 28 912 846 1871 1795
10233 4 2 16 28 1465 963 1750 964
10234 4 2 16 28 1768 1023 1040 1039
10235 4 2 16 28 550 351 2140 2093
10236 4 2 16 28 2021 3033 1818 3061
10237 4 2 16 28 16 24 2926 3074
10238 4 2 16 28 1248 399 1975 1191
10239 4 2 16 28 1820 2944 1752 2963
10240 4 2 16 28 2701 214 1106 2979
10241 4 2 16 28 275 249 274 2153
10242 4 2 16 28 914 917 12 2958
10243 4 2 16 28 1422 1896 757 3088
10244 4 2 16 28 963 1855 1750 964
10245 4 2 16 28 249 248 274 2153
10246 4 2 16 28 1011 2042 1027 1028
10247 4 2 16 28 1380 168 1457 876
10248 4 2 16 28 1730 551 2992 3087
10249 4 2 16 28 2018 2048 292 2977
10250 4 2 16 28 490 1198 1972 491
10251 4 2 16 28 1827 3040 3023 3049
10252 4 2 16 28 636 434 2125 635
10253 4 2 16 28 719 2979 787 3024
10254 4 2 16 28 431 1263 2139 432
10255 4 2 16 28 1869 810 1803 2962
10256 4 2 16 28 326 327 1247 2300
10257 4 2 16 28 830 1867 888 889
10258 4 2 16 28 1825 3015 633 3094
10259 4 2 16 28 269 296 2099 295
10260 4 2 16 28 213 2979 719 3024
10261 4 2 16 28 1784 837 143 882
10262 4 2 16 28 510 2158 311 2176
10263 4 2 16 28 132 854 1799 902
10264 4 2 16 28 2222 3043 1943 3057
10265 4 2 16 28 648 421 2202 422
10266 4 2 16 28 1783 726 1352 2964
10267 4 2 16 28 854 132 1799 137
10268 4 2 16 28 363 80 375 562
10269 4 2 16 28 1246 300 1972 1198
10270 4 2 16 28 2674 3062 708 3063
10271 4 2 16 28 1812 1023 1768 1993
10272 4 2 16 28 791 240 2958 3089
10273 4 2 16 28 1771 1830 141 128
10274 4 2 16 28 1951 2984 1815 3100
10275 4 2 16 28 1960 2055 401 2270
10276 4 2 16 28 424 2127 2058 425
10277 4 2 16 28 764 1802 1390 3031
10278 4 2 16 28 2006 2164 2163 390
10279 4 2 16 28 1181 254 1227 2198
10280 4 2 16 28 1110 2718 1113 3081
10281 4 2 16 28 133 1891 1763 898
10282 4 2 16 28 339 340 1180 2181
10283 4 2 16 28 1971 1911 2256 2255
10284 4 2 16 28 49 12 914 2687
10285 4 2 16 28 2683 58 3 754
10286 4 2 16 28 913 918 917 2958
10287 4 2 16 28 1389 874 1779 3091
10288 4 2 16 28 2281 1195 443 2046
10289 4 2 16 28 296 269 2099 270
10290 4 2 16 28 614 385 384 2138
10291 4 2 16 28 614 384 613 2138
10292 4 2 16 28 725 2994 2954 3056
10293 4 2 16 28 1719 1741 1917 2940
10294 4 2 16 28 1035 1743 2129 1036
10295 4 2 16 28 522 2945 3020 3098
10296 4 2 16 28 1926 280 254 2298
10297 4 2 16 28 737 2935 2928 2946
10298 4 2 16 28 2937 2961 937 3036
10299 4 2 16 28 2226 654 1990 3022
10300 4 2 16 28 1965 1825 2154 3094
10301 4 2 16 28 81 71 2132 2068
10302 4 2 16 28 1818 2014 1764 2021
10303 4 2 16 28 1183 305 2011 1237
10304 4 2 16 28 1247 459 2302 1190
10305 4 2 16 28 1743 2270 1950 1960
10306 4 2 16 28 2110 2955 2954 3056
10307 4 2 16 28 1106 1105 2223 2979
10308 4 2 16 28 96 124 1316 1731
10309 4 2 16 28 1772 2016 1009 2082
10310 4 2 16 28 2316 2047 344 345
10311 4 2 16 28 1832 1720 3008 3009
10312 4 2 16 28 2775 3008 3038 3050
10313 4 2 16 28 1775 2939 2942 2961
10314 4 2 16 28 551 1730 3085 3087
10315 4 2 16 28 1336 152 151 789
10316 4 2 16 28 1337 106 134 789
10317 4 2 16 28 1106 2223 2722 3052
10318 4 2 16 28 2305 2104 1252 1169
10319 4 2 16 28 921 2950 1941 3055
10320 4 2 16 28 2237 1108 2927 2943
10321 4 2 16 28 2107 2264 2287 1262
10322 4 2 16 28 2060 2204 371 1209
10323 4 2 16 28 100 87 738 3026
10324 4 2 16 28 207 2731 10 3053
10325 4 2 16 28 11 2731 208 3053
10326 4 2 16 28 1414 792 898 1333
10327 4 2 16 28 908 1406 802 1297
10328 4 2 16 28 782 1442 1345 888
10329 4 2 16 28 1378 1459 878 772
10330 4 2 16 28 1405 912 806 1296
10331 4 2 16 28 902 796 1413 1332
10332 4 2 16 28 776 882 1377 1458
10333 4 2 16 28 892 1441 1344 786
10334 4 2 16 28 518 2983 1878 2990
10335 4 2 16 28 958 167 1834 1459
10336 4 2 16 28 1204 492 493 2100
10337 4 2 16 28 1906 1315 2988 3046
10338 4 2 16 28 1105 2979 213 3024
10339 4 2 16 28 1975 2079 1248 1191
10340 4 2 16 28 1890 1719 234 2940
10341 4 2 16 28 2280 2078 2283 1192
10342 4 2 16 28 489 581 490 2142
10343 4 2 16 28 580 490 581 2142
10344 4 2 16 28 1772 2016 2082 1840
10345 4 2 16 28 1907 1916 1724 3071
10346 4 2 16 28 87 100 28 3026
10347 4 2 16 28 2809 2980 1817 3018
10348 4 2 16 28 2301 1940 1985 3075
10349 4 2 16 28 1400 1309 801 903
10350 4 2 16 28 907 797 1401 1308
10351 4 2 16 28 781 1452 1351 883
10352 4 2 16 28 887 1451 1350 777
10353 4 2 16 28 1811 1947 1920 3017
10354 4 2 16 28 374 2061 2218 373
10355 4 2 16 28 2254 1814 1757 1758
10356 4 2 16 28 1816 3038 1720 3047
10357 4 2 16 28 1916 1810 3069 3071
10358 4 2 16 28 1919 2996 1723 2997
10359 4 2 16 28 2261 79 1925 2940
10360 4 2 16 28 636 2814 1839 3080
10361 4 2 16 28 1130 2924 2085 2931
10362 4 2 16 28 472 1249 2072 1193
10363 4 2 16 28 2009 1920 1947 2163
10364 4 2 16 28 804 2972 741 2995
10365 4 2 16 28 941 966 1809 3083
10366 4 2 16 28 1762 3005 673 3064
10367 4 2 16 28 169 960 1434 1788
10368 4 2 16 28 1117 2085 2717 3052
10369 4 2 16 28 1993 1768 1957 1039
10370 4 2 16 28 602 3020 1726 3021
10371 4 2 16 28 2088 2224 642 428
10372 4 2 16 28 1763 1782 1850 861
10373 4 2 16 28 1934 2223 2933 2979
10374 4 2 16 28 1373 114 159 1379
10375 4 2 16 28 167 142 1373 1379
10376 4 2 16 28 2223 1105 2722 3052
10377 4 2 16 28 304 1237 1187 2069
10378 4 2 16 28 2153 2051 2169 3025
10379 4 2 16 28 242 15 2247 3096
10380 4 2 16 28 370 369 1258 2204
10381 4 2 16 28 2265 2032 2308 3093
10382 4 2 16 28 1197 325 326 2035
10383 4 2 16 28 367 366 1165 1963
10384 4 2 16 28 12 49 45 2687
10385 4 2 16 28 3 54 58 2683
10386 4 2 16 28 793 2207 2969 2970
10387 4 2 16 28 2203 1956 277 3058
10388 4 2 16 28 1897 1739 1782 2941
10389 4 2 16 28 752 858 897 1412
10390 4 2 16 28 787 2979 2933 3024
10391 4 2 16 28 231 2689 1732 3029
10392 4 2 16 28 141 168 1380 876
10393 4 2 16 28 2177 2229 1858 1785
10394 4 2 16 28 6 151 149 106
10395 4 2 16 28 293 2977 292 3086
10396 4 2 16 28 267 266 2018 1244
10397 4 2 16 28 331 332 1182 2030
10398 4 2 16 28 403 404 1167 1961
10399 4 2 16 28 1033 1764 1018 1017
10400 4 2 16 28 1899 909 1754 848
10401 4 2 16 28 2061 1994 2218 372
10402 4 2 16 28 1465 2937 1750 2961
10403 4 2 16 28 2247 2925 1932 2963
10404 4 2 16 28 1921 595 2191 3045
10405 4 2 16 28 1161 2296 466 467
10406 4 2 16 28 2836 3005 1762 3006
10407 4 2 16 28 853 132 1875 903
10408 4 2 16 28 1825 1743 1955 3012
10409 4 2 16 28 132 853 1875 137
10410 4 2 16 28 1011 1744 1785 1967
10411 4 2 16 28 488 489 2106 2306
10412 4 2 16 28 347 546 547 3090
10413 4 2 16 28 1242 384 1188 2278
10414 4 2 16 28 1155 420 2215 2070
10415 4 2 16 28 2140 1942 2276 2943
10416 4 2 16 28 683 2229 454 2151
10417 4 2 16 28 1167 245 1265 2274
10418 4 2 16 28 2182 538 339 2091
10419 4 2 16 28 1036 1019 1743 1020
10420 4 2 16 28 461 690 2041 2303
10421 4 2 16 28 1860 971 972 1438
10422 4 2 16 28 1967 2042 1011 1744
10423 4 2 16 28 313 314 1178 2295
10424 4 2 16 28 1900 2963 2975 3026
10425 4 2 16 28 1132 1119 2258 3052
10426 4 2 16 28 577 493 2238 1970
10427 4 2 16 28 717 1780 1319 3082
10428 4 2 16 28 1171 1255 480 2205
10429 4 2 16 28 547 348 347 3090
10430 4 2 16 28 1172 2212 1231 478
10431 4 2 16 28 69 79 562 1925
10432 4 2 16 28 2170 315 514 1946
10433 4 2 16 28 1908 965 1847 954
10434 4 2 16 28 1837 3001 1719 3101
10435 4 2 16 28 2160 1254 1176 2290
10436 4 2 16 28 1744 1012 1915 2042
10437 4 2 16 28 850 1905 907 906
10438 4 2 16 28 1749 841 127 1887
10439 4 2 16 28 1732 1769 2943 3034
10440 4 2 16 28 1853 1781 1854 3057
10441 4 2 16 28 1804 1877 1974 1724
10442 4 2 16 28 1971 1911 1766 1821
10443 4 2 16 28 1010 1826 1009 1025
10444 4 2 16 28 260 286 287 2269
10445 4 2 16 28 1900 1831 1830 843
10446 4 2 16 28 287 261 260 2269
10447 4 2 16 28 2174 1013 2036 1793
10448 4 2 16 28 2117 2167 1978 3070
10449 4 2 16 28 615 385 2138 386
10450 4 2 16 28 1892 916 1430 915
10451 4 2 16 28 1854 1861 125 1786
10452 4 2 16 28 1768 1842 1812 3037
10453 4 2 16 28 240 1132 2958 3089
10454 4 2 16 28 366 566 565 2289
10455 4 2 16 28 385 615 2138 614
10456 4 2 16 28 1851 3065 2825 3066
10457 4 2 16 28 2207 2059 2969 2970
10458 4 2 16 28 1024 1768 1023 1040
10459 4 2 16 28 1011 1012 2042 1028
10460 4 2 16 28 366 566 2289 367
10461 4 2 16 28 334 335 1254 2311
10462 4 2 16 28 10 5 206 3053
10463 4 2 16 28 1735 1774 1776 2998
10464 4 2 16 28 1784 1735 1829 837
10465 4 2 16 28 1962 2169 2051 3044
10466 4 2 16 28 27 38 160 2684
10467 4 2 16 28 125 1786 1867 831
10468 4 2 16 28 3 53 107 54
10469 4 2 16 28 3 54 107 58
10470 4 2 16 28 149 12 49 46
10471 4 2 16 28 1836 2263 1837 1760
10472 4 2 16 28 538 539 339 2091
10473 4 2 16 28 340 339 539 2091
10474 4 2 16 28 1964 659 411 2219
10475 4 2 16 28 414 1258 1930 1209
10476 4 2 16 28 1918 1396 1790 2936
10477 4 2 16 28 2163 1920 1947 3017
10478 4 2 16 28 431 2139 1166 430
10479 4 2 16 28 677 2282 2117 448
10480 4 2 16 28 1013 1029 1014 2175
10481 4 2 16 28 2266 1870 2136 1843
10482 4 2 16 28 859 753 788 1338
10483 4 2 16 28 917 1339 919 790
10484 4 2 16 28 311 1255 310 1999
10485 4 2 16 28 245 246 1265 2034
10486 4 2 16 28 463 692 2318 2041
10487 4 2 16 28 788 753 859 1411
10488 4 2 16 28 919 1432 917 790
10489 4 2 16 28 1890 234 1719 3079
10490 4 2 16 28 2276 2237 1934 2927
10491 4 2 16 28 1947 2137 388 617
10492 4 2 16 28 1773 3038 1816 3051
10493 4 2 16 28 108 752 2933 3024
10494 4 2 16 28 290 2147 1951 2984
10495 4 2 16 28 1848 2977 1721 3086
10496 4 2 16 28 390 1169 1251 2006
10497 4 2 16 28 473 597 1996 2146
10498 4 2 16 28 1244 2020 2075 381
10499 4 2 16 28 1254 1170 2025 335
10500 4 2 16 28 1730 1769 2929 3087
10501 4 2 16 28 627 1950 628 398
10502 4 2 16 28 2085 1121 1130 2742
10503 4 2 16 28 1950 399 628 398
10504 4 2 16 28 261 1179 1230 2005
10505 4 2 16 28 241 1139 15 2934
10506 4 2 16 28 242 1144 19 2935
10507 4 2 16 28 3047 3072 282 3084
10508 4 2 16 28 1143 18 19 2935
10509 4 2 16 28 15 1138 14 2934
10510 4 2 16 28 137 1918 1799 854
10511 4 2 16 28 895 824 1277 1736
10512 4 2 16 28 1982 2302 460 459
10513 4 2 16 28 905 1874 852 1789
10514 4 2 16 28 2221 1832 1950 1852
10515 4 2 16 28 16 3074 2926 3096
10516 4 2 16 28 472 473 1193 2314
10517 4 2 16 28 2298 3072 2008 3084
10518 4 2 16 28 1164 1221 2123 2124
10519 4 2 16 28 581 489 2306 2142
10520 4 2 16 28 816 1872 1876 1756
10521 4 2 16 28 1746 1420 865 2936
10522 4 2 16 28 855 1833 854 901
10523 4 2 16 28 96 2924 1731 2949
10524 4 2 16 28 1398 1755 868 2952
10525 4 2 16 28 1943 2110 2954 2994
10526 4 2 16 28 1987 1838 2080 2168
10527 4 2 16 28 664 663 2031 3093
10528 4 2 16 28 426 1208 1256 2144
10529 4 2 16 28 1871 1779 873 139
10530 4 2 16 28 2218 1925 573 2940
10531 4 2 16 28 968 1863 1828 2938
10532 4 2 16 28 1808 1955 1825 1743
10533 4 2 16 28 1767 2310 1912 1966
10534 4 2 16 28 502 303 302 2213
10535 4 2 16 28 501 502 302 2213
10536 4 2 16 28 2688 227 240 2672
10537 4 2 16 28 226 213 2670 2661
10538 4 2 16 28 1836 1844 2932 3035
10539 4 2 16 28 140 1388 1913 874
10540 4 2 16 28 1234 1179 262 2043
10541 4 2 16 28 1829 837 1735 3060
10542 4 2 16 28 610 382 2292 611
10543 4 2 16 28 695 102 89 2930
10544 4 2 16 28 2223 2207 1934 2933
10545 4 2 16 28 381 382 2292 610
10546 4 2 16 28 2084 1113 1124 3081
10547 4 2 16 28 1160 404 2190 1167
10548 4 2 16 28 1238 1185 2262 329
10549 4 2 16 28 2267 2313 322 2038
10550 4 2 16 28 281 3050 3047 3084
10551 4 2 16 28 2250 2962 2986 3039
10552 4 2 16 28 1916 3069 682 3071
10553 4 2 16 28 1442 950 1345 888
10554 4 2 16 28 1442 1345 924 782
10555 4 2 16 28 857 1414 898 1333
10556 4 2 16 28 849 1406 908 1297
10557 4 2 16 28 958 1378 1459 878
10558 4 2 16 28 932 1459 1378 772
10559 4 2 16 28 792 1414 751 1333
10560 4 2 16 28 802 1406 743 1297
10561 4 2 16 28 1377 776 1458 929
10562 4 2 16 28 1344 947 1441 892
10563 4 2 16 28 1405 846 912 1296
10564 4 2 16 28 1458 882 1377 955
10565 4 2 16 28 1441 921 1344 786
10566 4 2 16 28 806 740 1405 1296
10567 4 2 16 28 854 902 1413 1332
10568 4 2 16 28 748 1413 796 1332
10569 4 2 16 28 233 3078 220 3079
10570 4 2 16 28 2173 1907 1724 3071
10571 4 2 16 28 1429 1879 150 916
10572 4 2 16 28 2033 1160 2190 2274
10573 4 2 16 28 69 2293 362 2084
10574 4 2 16 28 1870 1827 3007 3049
10575 4 2 16 28 1807 1922 1726 1997
10576 4 2 16 28 2261 2084 1127 2277
10577 4 2 16 28 928 1350 1451 777
10578 4 2 16 28 1452 1351 925 781
10579 4 2 16 28 887 1451 951 1350
10580 4 2 16 28 850 907 1401 1308
10581 4 2 16 28 801 744 1309 1400
10582 4 2 16 28 1401 797 747 1308
10583 4 2 16 28 1400 853 1309 903
10584 4 2 16 28 1452 954 1351 883
10585 4 2 16 28 359 360 558 3090
10586 4 2 16 28 520 2945 2983 3020
10587 4 2 16 28 661 3013 1722 3014
10588 4 2 16 28 1439 1863 2938 2960
10589 4 2 16 28 915 1892 916 1805
10590 4 2 16 28 2097 2939 2275 2942
10591 4 2 16 28 1790 1881 1755 2952
10592 4 2 16 28 2281 1986 1243 2279
10593 4 2 16 28 598 473 2146 597
10594 4 2 16 28 473 598 2146 472
10595 4 2 16 28 972 947 1794 1835
10596 4 2 16 28 1896 1763 862 2947
10597 4 2 16 28 474 2159 475 1184
10598 4 2 16 28 1892 2948 1430 2965
10599 4 2 16 28 1808 1021 1880 1965
10600 4 2 16 28 1780 2949 1741 3029
10601 4 2 16 28 159 1379 770 1456
10602 4 2 16 28 1801 1728 95 2927
10603 4 2 16 28 1410 858 897 752
10604 4 2 16 28 918 1431 920 791
10605 4 2 16 28 526 527 328 1940
10606 4 2 16 28 1989 2212 2309 479
10607 4 2 16 28 2162 1990 653 3022
10608 4 2 16 28 2164 1920 1773 2163
10609 4 2 16 28 526 328 327 1940
10610 4 2 16 28 787 752 753 3024
10611 4 2 16 28 160 38 42 2684
10612 4 2 16 28 1770 1775 1903 2939
10613 4 2 16 28 2135 377 1215 378
10614 4 2 16 28 2041 2956 1744 2976
10615 4 2 16 28 47 149 46 9
10616 4 2 16 28 820 1891 821 898
10617 4 2 16 28 870 1802 138 1390
10618 4 2 16 28 559 558 360 3090
10619 4 2 16 28 1806 3012 1825 3015
10620 4 2 16 28 705 1803 1302 2962
10621 4 2 16 28 831 1823 1786 1867
10622 4 2 16 28 1871 1779 1898 873
10623 4 2 16 28 1774 1735 838 3060
10624 4 2 16 28 2928 2946 18 3097
10625 4 2 16 28 2172 2173 2056 331
10626 4 2 16 28 267 268 1200 2065
10627 4 2 16 28 1996 2159 475 474
10628 4 2 16 28 2026 2053 1935 3106
10629 4 2 16 28 151 152 134 789
10630 4 2 16 28 151 134 106 789
10631 4 2 16 28 2018 293 2231 2977
10632 4 2 16 28 2166 450 1253 1170
10633 4 2 16 28 1985 2242 2301 3075
10634 4 2 16 28 259 1251 258 2094
10635 4 2 16 28 963 1750 1775 2961
10636 4 2 16 28 381 380 2075 1200
10637 4 2 16 28 1191 2189 250 1239
10638 4 2 16 28 1900 1831 843 2975
10639 4 2 16 28 1720 1902 3008 3038
10640 4 2 16 28 836 1908 1904 883
10641 4 2 16 28 1834 1459 167 878
10642 4 2 16 28 347 348 1264 2077
10643 4 2 16 28 788 787 753 3024
10644 4 2 16 28 1782 2941 1739 2965
10645 4 2 16 28 2224 429 428 2178
10646 4 2 16 28 1721 2099 2980 2982
10647 4 2 16 28 862 1896 1421 863
10648 4 2 16 28 865 1833 854 855
10649 4 2 16 28 1219 402 1265 2034
10650 4 2 16 28 459 689 1982 688
10651 4 2 16 28 459 689 460 1982
10652 4 2 16 28 1832 1852 1743 1950
10653 4 2 16 28 1189 444 2134 1243
10654 4 2 16 28 1763 1873 862 857
10655 4 2 16 28 837 1829 1367 3060
10656 4 2 16 28 1911 1971 2192 2255
10657 4 2 16 28 303 1240 302 2235
10658 4 2 16 28 1830 1900 843 128
10659 4 2 16 28 1898 1795 846 911
10660 4 2 16 28 2146 1807 1976 1997
10661 4 2 16 28 2109 2289 566 367
10662 4 2 16 28 2925 2975 2963 3026
10663 4 2 16 28 1457 771 876 1381
10664 4 2 16 28 2164 1773 1920 3051
10665 4 2 16 28 2255 1767 2192 1911
10666 4 2 16 28 1381 770 877 1456
10667 4 2 16 28 297 1204 1217 2102
10668 4 2 16 28 2227 354 553 2228
10669 4 2 16 28 465 693 2318 464
10670 4 2 16 28 206 207 10 3053
10671 4 2 16 28 549 548 2093 2929
10672 4 2 16 28 2085 1941 2258 2931
10673 4 2 16 28 344 2047 543 544
10674 4 2 16 28 1233 2183 341 1189
10675 4 2 16 28 2047 344 345 544
10676 4 2 16 28 2816 2748 3041 3053
10677 4 2 16 28 1737 2954 2110 2955
10678 4 2 16 28 1821 1817 1766 2142
10679 4 2 16 28 83 2031 1965 3094
10680 4 2 16 28 1837 1761 1945 3022
10681 4 2 16 28 589 481 2309 2022
10682 4 2 16 28 1788 1469 960 3073
10683 4 2 16 28 615 2137 2138 3017
10684 4 2 16 28 813 1859 1905 2988
10685 4 2 16 28 1227 254 255 2198
10686 4 2 16 28 328 2299 1940 2056
10687 4 2 16 28 2110 2950 2955 3056
10688 4 2 16 28 2315 2054 412 1261
10689 4 2 16 28 1769 1801 1732 2943
10690 4 2 16 28 2074 1915 1953 1824
10691 4 2 16 28 864 1833 865 855
10692 4 2 16 28 2138 1947 1811 3017
10693 4 2 16 28 2298 1926 280 3084
10694 4 2 16 28 1964 411 660 410
10695 4 2 16 28 1786 1864 1737 2954
10696 4 2 16 28 717 1320 1780 2949
10697 4 2 16 28 1125 2747 1126 2987
10698 4 2 16 28 1846 1984 1726 3021
10699 4 2 16 28 1034 1764 2103 1018
10700 4 2 16 28 2177 2229 456 685
10701 4 2 16 28 1015 2193 1031 1912
10702 4 2 16 28 2798 2983 1726 3020
10703 4 2 16 28 1326 820 714 1814
10704 4 2 16 28 530 332 2173 531
10705 4 2 16 28 1373 159 167 1379
10706 4 2 16 28 332 530 2173 331
10707 4 2 16 28 736 100 2925 2935
10708 4 2 16 28 2288 2115 484 483
10709 4 2 16 28 1731 2924 1741 2949
10710 4 2 16 28 1883 1978 2167 3070
10711 4 2 16 28 411 659 1964 660
10712 4 2 16 28 421 2202 649 648
10713 4 2 16 28 929 2188 2953 3036
10714 4 2 16 28 820 1873 898 899
10715 4 2 16 28 355 354 2089 2228
10716 4 2 16 28 1842 2992 2801 3104
10717 4 2 16 28 683 1916 3071 3102
10718 4 2 16 28 376 1162 1266 1973
10719 4 2 16 28 2077 348 2123 3090
10720 4 2 16 28 1817 2980 2809 2981
10721 4 2 16 28 1782 1897 2941 3088
10722 4 2 16 28 2203 251 277 1956
10723 4 2 16 28 594 475 2191 476
10724 4 2 16 28 1326 1814 821 820
10725 4 2 16 28 2054 368 369 1206
10726 4 2 16 28 475 594 2191 595
10727 4 2 16 28 1182 2172 1235 331
10728 4 2 16 28 2274 2034 245 1265
10729 4 2 16 28 651 418 2162 419
10730 4 2 16 28 663 3015 1722 3094
10731 4 2 16 28 520 322 321 2038
10732 4 2 16 28 279 280 254 1926
10733 4 2 16 28 253 254 1926 279
10734 4 2 16 28 1741 2957 1890 3029
10735 4 2 16 28 255 1175 1227 2007
10736 4 2 16 28 284 257 1948 258
10737 4 2 16 28 257 284 1948 283
10738 4 2 16 28 382 1194 1244 2020
10739 4 2 16 28 265 266 1194 2067
10740 4 2 16 28 934 2942 960 3073
10741 4 2 16 28 2259 2258 1941 2958
10742 4 2 16 28 1872 1759 1859 2988
10743 4 2 16 28 2210 2022 481 482
10744 4 2 16 28 1031 1912 2193 2255
10745 4 2 16 28 25 17 3073 3074
10746 4 2 16 28 1753 1803 1804 2962
10747 4 2 16 28 441 440 2023 1201
10748 4 2 16 28 1158 375 1213 2062
10749 4 2 16 28 1856 1919 2997 3045
10750 4 2 16 28 1336 895 152 789
10751 4 2 16 28 895 1337 134 789
10752 4 2 16 28 261 1230 260 2005
10753 4 2 16 28 1788 960 2942 3073
10754 4 2 16 28 2298 282 256 2297
10755 4 2 16 28 735 1887 1371 2998
10756 4 2 16 28 1119 1118 2258 3052
10757 4 2 16 28 520 322 2038 521
10758 4 2 16 28 1387 160 168 1470
10759 4 2 16 28 67 1155 1157 1944
10760 4 2 16 28 2044 445 1233 446
10761 4 2 16 28 1915 2074 1953 2199
10762 4 2 16 28 87 85 36 2685
10763 4 2 16 28 965 1750 1847 2937
10764 4 2 16 28 287 261 2269 2243
10765 4 2 16 28 1806 3011 273 3025
10766 4 2 16 28 1396 763 1790 2936
10767 4 2 16 28 375 2070 1158 70
10768 4 2 16 28 2013 1017 1868 1033
10769 4 2 16 28 1871 1898 846 873
10770 4 2 16 28 2027 1885 2153 3058
10771 4 2 16 28 924 950 1345 1442
10772 4 2 16 28 1414 857 751 1333
10773 4 2 16 28 1406 849 743 1297
10774 4 2 16 28 1378 1459 932 958
10775 4 2 16 28 955 1377 1458 929
10776 4 2 16 28 947 921 1344 1441
10777 4 2 16 28 1413 748 854 1332
10778 4 2 16 28 1405 740 846 1296
10779 4 2 16 28 1942 2237 2276 2943
10780 4 2 16 28 230 237 3028 3029
10781 4 2 16 28 733 2188 3000 3059
10782 4 2 16 28 1205 270 1215 2064
10783 4 2 16 28 1381 876 1457 959
10784 4 2 16 28 363 69 562 1925
10785 4 2 16 28 1817 1970 2142 1821
10786 4 2 16 28 965 1809 953 1908
10787 4 2 16 28 28 2925 2963 3026
10788 4 2 16 28 690 462 2041 691
10789 4 2 16 28 1160 61 1167 2274
10790 4 2 16 28 822 1909 1845 1801
10791 4 2 16 28 690 462 461 2041
10792 4 2 16 28 1456 1381 770 933
10793 4 2 16 28 2183 2184 2091 341
10794 4 2 16 28 2140 2227 551 3087
10795 4 2 16 28 1451 951 1350 928
10796 4 2 16 28 747 850 1401 1308
10797 4 2 16 28 1351 925 954 1452
10798 4 2 16 28 853 1309 744 1400
10799 4 2 16 28 1986 2279 343 1243
10800 4 2 16 28 320 321 1225 1938
10801 4 2 16 28 448 2217 1174 1229
10802 4 2 16 28 1873 820 898 1891
10803 4 2 16 28 2164 2305 2105 391
10804 4 2 16 28 1010 2152 2167 1026
10805 4 2 16 28 1223 324 2286 1202
10806 4 2 16 28 2151 1745 1979 3068
10807 4 2 16 28 676 1851 3064 3065
10808 4 2 16 28 1801 1769 1728 2943
10809 4 2 16 28 2037 2243 1951 3100
10810 4 2 16 28 1301 703 1869 3032
10811 4 2 16 28 1935 534 2026 3106
10812 4 2 16 28 2284 1968 304 503
10813 4 2 16 28 1867 888 950 1787
10814 4 2 16 28 395 394 2028 1181
10815 4 2 16 28 1851 3066 677 3070
10816 4 2 16 28 1764 2014 1952 2021
10817 4 2 16 28 1921 1014 1976 1807
10818 4 2 16 28 122 1800 1876 3042
10819 4 2 16 28 1879 1429 149 2965
10820 4 2 16 28 1159 437 1168 2081
10821 4 2 16 28 56 106 6 53
10822 4 2 16 28 112 2926 768 2934
10823 4 2 16 28 334 1176 2160 1254
10824 4 2 16 28 1019 1743 1852 2129
10825 4 2 16 28 2296 2187 466 467
10826 4 2 16 28 755 108 1423 2947
10827 4 2 16 28 913 1428 153 2948
10828 4 2 16 28 595 1996 2191 475
10829 4 2 16 28 1836 2202 1992 2257
10830 4 2 16 28 70 363 375 1925
10831 4 2 16 28 502 1968 303 2213
10832 4 2 16 28 413 414 1930 2268
10833 4 2 16 28 1846 2174 1793 1013
10834 4 2 16 28 1926 2298 2008 3084
10835 4 2 16 28 2221 2028 2307 395
10836 4 2 16 28 1327 1757 1894 2951
10837 4 2 16 28 2182 2026 536 3105
10838 4 2 16 28 1903 2939 1775 2961
10839 4 2 16 28 717 1780 239 2949
10840 4 2 16 28 894 1336 1432 790
10841 4 2 16 28 1337 1411 788 896
10842 4 2 16 28 2152 1785 1011 1745
10843 4 2 16 28 161 160 43 2684
10844 4 2 16 28 874 139 1819 845
10845 4 2 16 28 1782 1896 1897 3088
10846 4 2 16 28 275 250 1956 276
10847 4 2 16 28 227 240 2672 2694
10848 4 2 16 28 226 213 2667 2670
10849 4 2 16 28 2256 1821 2157 1032
10850 4 2 16 28 1387 113 141 1380
10851 4 2 16 28 250 275 1956 249
10852 4 2 16 28 1156 362 2130 361
10853 4 2 16 28 2303 460 689 1982
10854 4 2 16 28 837 1829 126 1367
10855 4 2 16 28 1858 1982 1744 2976
10856 4 2 16 28 1775 2942 936 2961
10857 4 2 16 28 85 23 32 2685
10858 4 2 16 28 697 2944 1820 2963
10859 4 2 16 28 2268 2010 2136 3040
10860 4 2 16 28 2247 1932 2249 2963
10861 4 2 16 28 1175 393 1227 2007
10862 4 2 16 28 1867 125 144 1861
10863 4 2 16 28 387 2005 1230 1179
10864 4 2 16 28 85 86 1382 1385
10865 4 2 16 28 1798 1752 1820 2944
10866 4 2 16 28 16 1141 24 3074
10867 4 2 16 28 841 127 1887 1368
10868 4 2 16 28 717 239 1780 3082
10869 4 2 16 28 2822 3038 3047 3050
10870 4 2 16 28 771 1457 1380 160
10871 4 2 16 28 2819 3061 2982 3077
10872 4 2 16 28 338 1174 1980 1229
10873 4 2 16 28 2092 2228 355 2253
10874 4 2 16 28 1260 429 2003 1207
10875 4 2 16 28 1992 1836 2257 2058
10876 4 2 16 28 655 2090 656 3040
10877 4 2 16 28 255 256 1175 2007
10878 4 2 16 28 1908 1904 883 1847
10879 4 2 16 28 129 86 1385 1382
10880 4 2 16 28 1382 101 85 1385
10881 4 2 16 28 1387 168 160 1380
10882 4 2 16 28 1793 1915 1012 2199
10883 4 2 16 28 1832 3008 626 3009
10884 4 2 16 28 771 1457 876 1380
10885 4 2 16 28 1846 1997 1807 1726
10886 4 2 16 28 877 770 1379 1456
10887 4 2 16 28 1720 3038 3008 3050
10888 4 2 16 28 160 113 1387 1380
10889 4 2 16 28 141 168 1387 1380
10890 4 2 16 28 1843 2032 2266 3093
10891 4 2 16 28 1212 2108 2320 1157
10892 4 2 16 28 2269 2243 2037 3100
10893 4 2 16 28 1806 3025 273 3044
10894 4 2 16 28 1744 1824 1953 1915
10895 4 2 16 28 2225 1883 1978 2194
10896 4 2 16 28 2227 551 352 2140
10897 4 2 16 28 2151 1979 2273 3068
10898 4 2 16 28 2756 2697 3041 3053
10899 4 2 16 28 360 1164 1221 2123
10900 4 2 16 28 1848 2982 1818 3033
10901 4 2 16 28 406 1160 2190 2197
10902 4 2 16 28 585 2288 2192 485
10903 4 2 16 28 1848 1721 2982 3086
10904 4 2 16 28 663 1722 3093 3094
10905 4 2 16 28 947 891 948 1794
10906 4 2 16 28 1207 356 2253 1260
10907 4 2 16 28 2117 1979 2167 3070
10908 4 2 16 28 896 859 788 1338
10909 4 2 16 28 1339 894 919 790
10910 4 2 16 28 1919 592 1778 2996
10911 4 2 16 28 2287 1963 1165 366
10912 4 2 16 28 1750 1809 1751 3083
10913 4 2 16 28 1970 2066 2132 494
10914 4 2 16 28 613 2985 1886 2991
10915 4 2 16 28 134 859 1736 1290
10916 4 2 16 28 620 390 619 2164
10917 4 2 16 28 620 391 390 2164
10918 4 2 16 28 1435 916 1805 919
10919 4 2 16 28 1382 129 101 1385
10920 4 2 16 28 1411 859 788 896
10921 4 2 16 28 1432 919 894 790
10922 4 2 16 28 266 1194 2067 1244
10923 4 2 16 28 1955 1036 1960 1743
10924 4 2 16 28 2229 1981 456 455
10925 4 2 16 28 316 2017 1184 315
10926 4 2 16 28 1809 1750 1847 965
10927 4 2 16 28 3010 3025 1885 3058
10928 4 2 16 28 1970 2132 2068 3016
10929 4 2 16 28 484 585 2288 586
10930 4 2 16 28 2148 2275 2961 3036
10931 4 2 16 28 585 484 2288 485
10932 4 2 16 28 2010 1761 1945 1022
10933 4 2 16 28 2048 1951 2147 2984
10934 4 2 16 28 732 2188 3059 3060
10935 4 2 16 28 1828 2938 1751 3083
10936 4 2 16 28 1742 1853 1783 2964
10937 4 2 16 28 1772 2016 1840 1009
10938 4 2 16 28 1768 1039 1993 1023
10939 4 2 16 28 2018 293 267 2231
10940 4 2 16 28 1380 160 113 771
10941 4 2 16 28 1748 90 807 92
10942 4 2 16 28 906 850 1905 1865
10943 4 2 16 28 1335 897 787 1410
10944 4 2 16 28 893 1431 1334 791
10945 4 2 16 28 101 112 243 769
10946 4 2 16 28 1900 1752 1831 2975
10947 4 2 16 28 2315 1165 411 2107
10948 4 2 16 28 101 23 85 738
10949 4 2 16 28 752 897 787 1412
10950 4 2 16 28 751 793 1333 1415
10951 4 2 16 28 1460 1378 773 932
10952 4 2 16 28 1407 849 909 1297
10953 4 2 16 28 1460 879 1378 958
10954 4 2 16 28 1443 889 1345 950
10955 4 2 16 28 1443 1345 783 924
10956 4 2 16 28 1297 1407 743 803
10957 4 2 16 28 748 1416 1332 795
10958 4 2 16 28 846 1408 911 1296
10959 4 2 16 28 775 1377 1461 929
10960 4 2 16 28 785 1344 1444 921
10961 4 2 16 28 1416 854 1332 901
10962 4 2 16 28 1461 1377 881 955
10963 4 2 16 28 1444 891 947 1344
10964 4 2 16 28 1296 740 1408 805
10965 4 2 16 28 32 36 85 2685
10966 4 2 16 28 2155 1955 1743 3012
10967 4 2 16 28 1980 2294 2217 1174
10968 4 2 16 28 1220 407 408 2197
10969 4 2 16 28 1312 708 1859 2988
10970 4 2 16 28 1934 2237 2223 2927
10971 4 2 16 28 1810 3071 1907 3106
10972 4 2 16 28 906 1308 850 1402
10973 4 2 16 28 886 1350 951 1454
10974 4 2 16 28 780 1453 1351 925
10975 4 2 16 28 1403 800 744 1309
10976 4 2 16 28 928 1350 778 1454
10977 4 2 16 28 1402 1308 747 798
10978 4 2 16 28 1309 1403 904 853
10979 4 2 16 28 1351 1453 884 954
10980 4 2 16 28 1320 717 716 3089
10981 4 2 16 28 1908 835 836 1783
10982 4 2 16 28 1863 969 1738 970
10983 4 2 16 28 1780 826 1731 2949
10984 4 2 16 28 907 1905 850 1865
10985 4 2 16 28 1934 2927 2223 2979
10986 4 2 16 28 231 1732 1890 3029
10987 4 2 16 28 1851 1762 1883 3064
10988 4 2 16 28 1989 478 477 1998
10989 4 2 16 28 1381 771 770 933
10990 4 2 16 28 876 1381 877 959
10991 4 2 16 28 2098 2971 2972 2995
10992 4 2 16 28 2756 2748 80 3053
10993 4 2 16 28 2237 2927 2276 2943
10994 4 2 16 28 1993 1768 1812 2111
10995 4 2 16 28 630 1960 2270 3012
10996 4 2 16 28 1885 3025 2153 3058
10997 4 2 16 28 908 909 1899 849
10998 4 2 16 28 1026 1883 1826 2194
10999 4 2 16 28 1751 1828 1863 2938
11000 4 2 16 28 1732 231 1890 3078
11001 4 2 16 28 1194 1242 265 2067
11002 4 2 16 28 1755 2952 1398 3031
11003 4 2 16 28 1420 2936 1746 3088
11004 4 2 16 28 210 2756 2697 3041
11005 4 2 16 28 1880 1825 1965 3094
11006 4 2 16 28 2098 2995 2978 3004
11007 4 2 16 28 458 2039 2304 459
11008 4 2 16 28 793 899 1415 1330
11009 4 2 16 28 889 783 1342 1443
11010 4 2 16 28 1375 879 773 1460
11011 4 2 16 28 1294 1407 909 803
11012 4 2 16 28 795 1416 901 1331
11013 4 2 16 28 1408 1295 911 805
11014 4 2 16 28 1461 881 775 1376
11015 4 2 16 28 1444 891 785 1343
11016 4 2 16 28 1035 1743 1019 2129
11017 4 2 16 28 1720 3047 3038 3050
11018 4 2 16 28 1026 1883 2194 2167
11019 4 2 16 28 1910 2992 1842 3104
11020 4 2 16 28 1454 886 778 1349
11021 4 2 16 28 1306 1403 904 800
11022 4 2 16 28 1348 780 1453 884
11023 4 2 16 28 906 1402 1307 798
11024 4 2 16 28 823 897 822 1845
11025 4 2 16 28 2937 3083 2148 3092
11026 4 2 16 28 1970 2068 2157 3016
11027 4 2 16 28 1763 1782 861 2947
11028 4 2 16 28 2815 3014 1722 3015
11029 4 2 16 28 1216 463 2113 1202
11030 4 2 16 28 1231 312 2128 1172
11031 4 2 16 28 466 1161 1269 2296
11032 4 2 16 28 1836 1992 1812 2058
11033 4 2 16 28 767 3004 2971 3091
11034 4 2 16 28 1811 1920 1886 3017
11035 4 2 16 28 404 633 2154 2155
11036 4 2 16 28 1812 1023 1992 1760
11037 4 2 16 28 53 107 106 6
11038 4 2 16 28 2124 1164 432 1263
11039 4 2 16 28 895 134 152 789
11040 4 2 16 28 463 692 464 2318
11041 4 2 16 28 2105 622 393 1949
11042 4 2 16 28 1013 2174 2036 1029
11043 4 2 16 28 379 609 2251 608
11044 4 2 16 28 609 379 2251 380
11045 4 2 16 28 448 449 2117 678
11046 4 2 16 28 2934 2971 2926 3091
11047 4 2 16 28 2219 657 413 2268
11048 4 2 16 28 448 678 2117 677
11049 4 2 16 28 831 125 144 1867
11050 4 2 16 28 1886 2985 2829 2989
11051 4 2 16 28 1850 860 1782 1879
11052 4 2 16 28 3047 1816 3051 3072
11053 4 2 16 28 1120 2085 1117 3052
11054 4 2 16 28 1379 114 159 770
11055 4 2 16 28 1780 3028 2949 3029
11056 4 2 16 28 664 406 2031 407
11057 4 2 16 28 306 2011 1226 1183
11058 4 2 16 28 593 1919 1778 2191
11059 4 2 16 28 948 972 947 1794
11060 4 2 16 28 570 370 1994 569
11061 4 2 16 28 2050 2287 1262 366
11062 4 2 16 28 262 289 1951 288
11063 4 2 16 28 463 691 2041 462
11064 4 2 16 28 1820 1752 1900 2963
11065 4 2 16 28 262 289 263 1951
11066 4 2 16 28 2151 1916 2229 1785
11067 4 2 16 28 1909 1318 824 3082
11068 4 2 16 28 327 328 1190 2300
11069 4 2 16 28 2111 2088 1812 1993
11070 4 2 16 28 370 570 1994 371
11071 4 2 16 28 1459 1834 958 878
11072 4 2 16 28 1989 1778 592 2996
11073 4 2 16 28 3038 3047 1816 3051
11074 4 2 16 28 1761 1760 1945 1022
11075 4 2 16 28 400 401 1196 2055
11076 4 2 16 28 1778 1014 1912 2193
11077 4 2 16 28 1767 2310 1914 1912
11078 4 2 16 28 737 2928 114 2946
11079 4 2 16 28 1863 1860 1739 2960
11080 4 2 16 28 390 2163 389 619
11081 4 2 16 28 1816 3048 1920 3051
11082 4 2 16 28 2163 618 389 619
11083 4 2 16 28 1821 1911 1015 2256
11084 4 2 16 28 130 846 1871 912
11085 4 2 16 28 716 717 791 3089
11086 4 2 16 28 2218 2261 2940 2957
11087 4 2 16 28 1172 1999 479 1255
11088 4 2 16 28 229 3028 238 3082
11089 4 2 16 28 2098 2971 2995 3004
11090 4 2 16 28 1982 2041 1744 2976
11091 4 2 16 28 2226 3022 1761 3040
11092 4 2 16 28 207 2697 208 3053
11093 4 2 16 28 1938 1199 319 2211
11094 4 2 16 28 1802 1755 869 3031
11095 4 2 16 28 961 1901 1775 962
11096 4 2 16 28 1952 3033 2292 3099
11097 4 2 16 28 482 483 1177 2122
11098 4 2 16 28 2225 1762 2194 2045
11099 4 2 16 28 691 463 2041 692
11100 4 2 16 28 498 499 300 2143
11101 4 2 16 28 1810 534 3067 3069
11102 4 2 16 28 2105 392 391 2305
11103 4 2 16 28 1810 1759 3105 3106
11104 4 2 16 28 498 300 299 2143
11105 4 2 16 28 247 272 273 2169
11106 4 2 16 28 656 414 2268 2090
11107 4 2 16 28 1837 3023 3022 3101
11108 4 2 16 28 2096 2944 2930 3095
11109 4 2 16 28 933 1381 1457 959
11110 4 2 16 28 1249 318 2211 1193
11111 4 2 16 28 1123 2277 2743 3081
11112 4 2 16 28 933 1456 1381 959
11113 4 2 16 28 247 246 272 2169
11114 4 2 16 28 1367 126 98 1829
11115 4 2 16 28 2934 3095 15 3096
11116 4 2 16 28 376 605 606 2133
11117 4 2 16 28 1797 1795 1869 808
11118 4 2 16 28 1180 2217 2044 447
11119 4 2 16 28 1820 2963 1900 3026
11120 4 2 16 28 2130 362 68 361
11121 4 2 16 28 2223 1105 2933 2979
11122 4 2 16 28 339 1229 338 2181
11123 4 2 16 28 2042 1967 1011 1027
11124 4 2 16 28 1997 1846 2175 1984
11125 4 2 16 28 1281 885 1813 834
11126 4 2 16 28 673 2225 444 2045
11127 4 2 16 28 1762 2045 1988 2194
11128 4 2 16 28 1410 897 787 752
11129 4 2 16 28 893 920 1431 791
11130 4 2 16 28 655 3022 2090 3040
11131 4 2 16 28 1987 1009 1772 1826
11132 4 2 16 28 1810 1907 1759 3106
11133 4 2 16 28 1869 1797 808 3032
11134 4 2 16 28 522 323 2313 2267
11135 4 2 16 28 835 1356 836 1783
11136 4 2 16 28 934 933 162 2946
11137 4 2 16 28 1777 1856 3019 3045
11138 4 2 16 28 1819 130 139 1871
11139 4 2 16 28 877 1379 167 1456
11140 4 2 16 28 814 815 1859 1313
11141 4 2 16 28 1021 1958 1843 2032
11142 4 2 16 28 1911 2256 2255 1031
11143 4 2 16 28 20 2247 15 3095
11144 4 2 16 28 260 2005 1230 1173
11145 4 2 16 28 2066 2285 494 1217
11146 4 2 16 28 1930 2204 1209 1258
11147 4 2 16 28 66 547 76 2922
11148 4 2 16 28 1832 3009 627 3010
11149 4 2 16 28 1868 1818 1765 3016
11150 4 2 16 28 1798 1820 1748 2944
11151 4 2 16 28 223 2708 1115 2723
11152 4 2 16 28 1122 2707 230 2724
11153 4 2 16 28 2726 1116 229 2709
11154 4 2 16 28 232 2714 1124 2729
11155 4 2 16 28 2709 1120 225 2726
11156 4 2 16 28 1125 233 2712 2727
11157 4 2 16 28 7 9 2711 2728
11158 4 2 16 28 1125 2714 233 2729
11159 4 2 16 28 227 2713 1119 2730
11160 4 2 16 28 122 1894 1800 2951
11161 4 2 16 28 1722 1880 1843 3093
11162 4 2 16 28 2036 1793 1012 2199
11163 4 2 16 28 934 1469 161 3073
11164 4 2 16 28 534 3069 1810 3106
11165 4 2 16 28 1913 129 140 874
11166 4 2 16 28 84 1840 1772 2082
11167 4 2 16 28 381 382 2020 2292
11168 4 2 16 28 1803 909 1899 908
11169 4 2 16 28 2113 1216 1202 1983
11170 4 2 16 28 372 371 1257 2060
11171 4 2 16 28 857 133 1763 898
11172 4 2 16 28 857 133 136 1763
11173 4 2 16 28 2938 2960 2149 3054
11174 4 2 16 28 1821 2157 1765 3016
11175 4 2 16 28 1729 1872 1800 3042
11176 4 2 16 28 1252 1175 256 2007
11177 4 2 16 28 816 1876 1872 3042
11178 4 2 16 28 807 1748 92 1298
11179 4 2 16 28 160 168 1457 1380
11180 4 2 16 28 1921 1807 2146 1922
11181 4 2 16 28 1186 397 1239 2121
11182 4 2 16 28 2108 1212 423 1157
11183 4 2 16 28 1270 87 88 3026
11184 4 2 16 28 1903 1775 1750 2961
11185 4 2 16 28 2189 397 1239 398
11186 4 2 16 28 211 210 206 3041
11187 4 2 16 28 207 206 210 3041
11188 4 2 16 28 80 2750 574 3001
11189 4 2 16 28 1941 2259 2958 3055
11190 4 2 16 28 94 2951 1800 3042
11191 4 2 16 28 449 450 1253 2166
11192 4 2 16 28 1320 2949 717 3089
11193 4 2 16 28 1181 394 2028 2260
11194 4 2 16 28 381 2292 2252 610
11195 4 2 16 28 1243 444 2134 2281
11196 4 2 16 28 409 1163 1928 2264
11197 4 2 16 28 2301 524 525 3075
11198 4 2 16 28 1844 4 2666 3079
11199 4 2 16 28 714 820 1324 1814
11200 4 2 16 28 1964 411 410 2107
11201 4 2 16 28 1426 149 106 107
11202 4 2 16 28 385 386 1234 2043
11203 4 2 16 28 629 399 2270 400
11204 4 2 16 28 399 629 2270 628
11205 4 2 16 28 1954 2245 3003 3062
11206 4 2 16 28 703 3032 2972 3039
11207 4 2 16 28 846 139 130 1871
11208 4 2 16 28 2277 2012 2085 2924
11209 4 2 16 28 138 1802 870 1889
11210 4 2 16 28 910 1286 809 1754
11211 4 2 16 28 329 2262 1238 2299
11212 4 2 16 28 90 1871 912 130
11213 4 2 16 28 403 632 2155 2112
11214 4 2 16 28 213 788 753 3024
11215 4 2 16 28 1802 1792 1755 3031
11216 4 2 16 28 1826 1762 1988 2194
11217 4 2 16 28 2247 2928 2925 2935
11218 4 2 16 28 775 3000 2188 3036
11219 4 2 16 28 1802 1865 1889 138
11220 4 2 16 28 2032 1843 1021 1880
11221 4 2 16 28 159 933 770 2946
11222 4 2 16 28 61 1160 2033 2274
11223 4 2 16 28 388 389 1173 2095
11224 4 2 16 28 348 1264 2077 1168
11225 4 2 16 28 2083 1768 1839 1840
11226 4 2 16 28 1823 829 1791 1893
11227 4 2 16 28 1912 1767 1966 2255
11228 4 2 16 28 1840 2165 1839 2083
11229 4 2 16 28 2017 316 1184 2141
11230 4 2 16 28 1918 1746 864 865
11231 4 2 16 28 3048 3051 1816 3072
11232 4 2 16 28 660 2265 1964 410
11233 4 2 16 28 1975 1191 399 398
11234 4 2 16 28 1843 1870 2136 1761
11235 4 2 16 28 1976 1778 1921 2191
11236 4 2 16 28 327 2301 526 1940
11237 4 2 16 28 2154 1965 1955 1825
11238 4 2 16 28 593 1778 1989 2191
11239 4 2 16 28 2926 2971 2201 3004
11240 4 2 16 28 1810 3105 535 3106
11241 4 2 16 28 1162 1217 2285 2102
11242 4 2 16 28 1945 2226 2162 3022
11243 4 2 16 28 672 443 1988 2045
11244 4 2 16 28 1780 1909 824 3082
11245 4 2 16 28 2252 1952 2251 3033
11246 4 2 16 28 2179 319 320 518
11247 4 2 16 28 856 857 862 1873
11248 4 2 16 28 518 320 2179 519
11249 4 2 16 28 1020 1955 1808 1743
11250 4 2 16 28 2107 410 1262 2287
11251 4 2 16 28 156 947 1835 892
11252 4 2 16 28 156 947 154 1835
11253 4 2 16 28 2731 207 208 3053
11254 4 2 16 28 152 1736 134 895
11255 4 2 16 28 1294 1407 803 742
11256 4 2 16 28 1375 773 931 1460
11257 4 2 16 28 1342 889 1443 949
11258 4 2 16 28 1415 750 793 1330
11259 4 2 16 28 1407 848 1294 909
11260 4 2 16 28 1443 783 1342 923
11261 4 2 16 28 856 1415 899 1330
11262 4 2 16 28 879 1375 957 1460
11263 4 2 16 28 718 1319 824 3082
11264 4 2 16 28 1318 718 824 3082
11265 4 2 16 28 1878 2990 1777 3019
11266 4 2 16 28 780 926 1348 1453
11267 4 2 16 28 800 1306 1403 745
11268 4 2 16 28 906 1402 851 1307
11269 4 2 16 28 886 1454 952 1349
11270 4 2 16 28 821 1891 1728 123
11271 4 2 16 28 1782 1739 1879 2965
11272 4 2 16 28 2937 2148 3036 3092
11273 4 2 16 28 2928 2935 18 2946
11274 4 2 16 28 1200 2075 267 2065
11275 4 2 16 28 2302 2035 460 1247
11276 4 2 16 28 1919 1777 1921 3045
11277 4 2 16 28 336 335 2312 1170
11278 4 2 16 28 2233 2086 2259 2941
11279 4 2 16 28 2280 2235 2078 1240
11280 4 2 16 28 364 61 1220 2033
11281 4 2 16 28 1268 2195 73 436
11282 4 2 16 28 1996 1921 2191 2146
11283 4 2 16 28 308 1250 1177 2000
11284 4 2 16 28 1810 3067 535 3105
11285 4 2 16 28 375 562 80 574
11286 4 2 16 28 1750 964 1464 2937
11287 4 2 16 28 438 1168 2081 1264
11288 4 2 16 28 1018 1034 2009 1811
11289 4 2 16 28 867 852 1874 1789
11290 4 2 16 28 2046 1245 442 441
11291 4 2 16 28 1987 1838 1988 1826
11292 4 2 16 28 2132 81 2068 3016
11293 4 2 16 28 2301 2242 325 524
11294 4 2 16 28 675 2282 446 2225
11295 4 2 16 28 1457 771 1381 933
11296 4 2 16 28 1803 1753 1869 2962
11297 4 2 16 28 1881 1790 1874 867
11298 4 2 16 28 831 1362 1823 830
11299 4 2 16 28 1456 877 1381 959
11300 4 2 16 28 830 1867 831 888
11301 4 2 16 28 1125 1126 2744 2987
11302 4 2 16 28 439 669 2080 668
11303 4 2 16 28 669 439 2080 440
11304 4 2 16 28 2048 2147 2977 2984
11305 4 2 16 28 324 1202 1983 2286
11306 4 2 16 28 478 591 479 1989
11307 4 2 16 28 1270 86 85 1385
11308 4 2 16 28 478 591 1989 592
11309 4 2 16 28 356 556 2092 357
11310 4 2 16 28 2247 20 2925 2963
11311 4 2 16 28 1167 2190 1160 2274
11312 4 2 16 28 2198 1926 253 254
11313 4 2 16 28 12 2736 8 2958
11314 4 2 16 28 129 1819 845 874
11315 4 2 16 28 1462 880 774 1375
11316 4 2 16 28 1417 794 900 1331
11317 4 2 16 28 890 1445 1342 784
11318 4 2 16 28 880 1462 774 1376
11319 4 2 16 28 784 890 1445 1343
11320 4 2 16 28 1295 804 1409 910
11321 4 2 16 28 1330 794 900 1417
11322 4 2 16 28 1409 804 1294 910
11323 4 2 16 28 556 356 2092 555
11324 4 2 16 28 486 1237 485 2069
11325 4 2 16 28 1455 779 1348 885
11326 4 2 16 28 1306 1404 799 905
11327 4 2 16 28 905 1404 799 1307
11328 4 2 16 28 885 1455 779 1349
11329 4 2 16 28 2223 2927 2237 2979
11330 4 2 16 28 1919 1921 2191 3045
11331 4 2 16 28 2107 1165 410 2287
11332 4 2 16 28 419 420 1158 1991
11333 4 2 16 28 1735 1774 2998 3059
11334 4 2 16 28 337 1174 1253 1980
11335 4 2 16 28 242 2247 20 2935
11336 4 2 16 28 2095 1947 2137 388
11337 4 2 16 28 453 1176 2024 2317
11338 4 2 16 28 1861 144 165 887
11339 4 2 16 28 1015 1912 2255 1911
11340 4 2 16 28 1801 2943 2927 3027
11341 4 2 16 28 1732 230 223 3028
11342 4 2 16 28 1986 342 1189 1243
11343 4 2 16 28 1902 1816 1773 3038
11344 4 2 16 28 910 911 1754 847
11345 4 2 16 28 2112 1960 630 3012
11346 4 2 16 28 2265 409 661 662
11347 4 2 16 28 208 80 3001 3053
11348 4 2 16 28 1174 2217 1980 1229
11349 4 2 16 28 1847 166 1904 883
11350 4 2 16 28 2247 2928 2935 3097
11351 4 2 16 28 2242 325 324 2286
11352 4 2 16 28 958 167 170 1834
11353 4 2 16 28 1730 2992 1910 3087
11354 4 2 16 28 835 1908 836 883
11355 4 2 16 28 505 307 2186 506
11356 4 2 16 28 2954 2994 2110 3056
11357 4 2 16 28 505 307 306 2186
11358 4 2 16 28 2926 2934 16 3096
11359 4 2 16 28 852 853 1874 904
11360 4 2 16 28 2953 3036 2148 3092
11361 4 2 16 28 1823 829 1893 1285
11362 4 2 16 28 2106 2142 2306 489
11363 4 2 16 28 1886 2989 615 3017
11364 4 2 16 28 2040 308 1250 309
11365 4 2 16 28 835 1908 883 884
11366 4 2 16 28 692 693 464 2318
11367 4 2 16 28 894 1805 893 1339
11368 4 2 16 28 151 149 106 1427
11369 4 2 16 28 1839 2967 2751 3030
11370 4 2 16 28 663 664 2031 407
11371 4 2 16 28 2238 493 2066 1970
11372 4 2 16 28 596 475 1996 595
11373 4 2 16 28 475 596 1996 474
11374 4 2 16 28 418 651 2162 652
11375 4 2 16 28 66 360 2123 3090
11376 4 2 16 28 321 322 1203 2214
11377 4 2 16 28 454 2024 2317 453
11378 4 2 16 28 849 131 1889 908
11379 4 2 16 28 2705 1106 214 2979
11380 4 2 16 28 131 849 1889 138
11381 4 2 16 28 2265 409 662 408
11382 4 2 16 28 717 2949 239 3089
11383 4 2 16 28 314 315 2017 1946
11384 4 2 16 28 1965 72 83 2154
11385 4 2 16 28 1780 238 2949 3028
11386 4 2 16 28 1416 855 901 1331
11387 4 2 16 28 1408 1295 805 741
11388 4 2 16 28 1461 956 881 1376
11389 4 2 16 28 1444 891 1343 948
11390 4 2 16 28 785 1444 1343 922
11391 4 2 16 28 847 1408 1295 911
11392 4 2 16 28 795 749 1416 1331
11393 4 2 16 28 775 930 1461 1376
11394 4 2 16 28 778 927 1454 1349
11395 4 2 16 28 1307 1402 746 798
11396 4 2 16 28 1403 852 1306 904
11397 4 2 16 28 1453 953 1348 884
11398 4 2 16 28 2304 1982 688 459
11399 4 2 16 28 322 65 1214 2313
11400 4 2 16 28 66 2123 348 3090
11401 4 2 16 28 1970 2157 2256 1821
11402 4 2 16 28 750 1415 856 1330
11403 4 2 16 28 957 1375 931 1460
11404 4 2 16 28 949 1443 1342 923
11405 4 2 16 28 1294 848 1407 742
11406 4 2 16 28 1296 1408 911 805
11407 4 2 16 28 1377 881 775 1461
11408 4 2 16 28 901 1332 1416 795
11409 4 2 16 28 891 1444 785 1344
11410 4 2 16 28 889 1345 783 1443
11411 4 2 16 28 793 899 1333 1415
11412 4 2 16 28 879 1378 773 1460
11413 4 2 16 28 1297 909 1407 803
11414 4 2 16 28 800 1403 904 1309
11415 4 2 16 28 780 1453 884 1351
11416 4 2 16 28 886 778 1350 1454
11417 4 2 16 28 1402 906 1308 798
11418 4 2 16 28 1445 923 1342 784
11419 4 2 16 28 1445 1342 949 890
11420 4 2 16 28 1462 880 1375 957
11421 4 2 16 28 1294 848 1409 910
11422 4 2 16 28 794 1330 750 1417
11423 4 2 16 28 856 1330 900 1417
11424 4 2 16 28 804 1294 742 1409
11425 4 2 16 28 931 1462 774 1375
11426 4 2 16 28 1242 264 265 2278
11427 4 2 16 28 2278 263 1188 264
11428 4 2 16 28 2249 2944 2096 3095
11429 4 2 16 28 1920 1773 1816 3051
11430 4 2 16 28 1306 1404 745 799
11431 4 2 16 28 1348 926 779 1455
11432 4 2 16 28 905 851 1404 1307
11433 4 2 16 28 885 952 1455 1349
11434 4 2 16 28 2039 2302 459 1190
11435 4 2 16 28 427 1208 2144 1259
11436 4 2 16 28 1828 1751 1809 3083
11437 4 2 16 28 1909 3027 215 3082
11438 4 2 16 28 1785 1916 2229 1858
11439 4 2 16 28 1894 1876 122 1800
11440 4 2 16 28 393 394 1227 2220
11441 4 2 16 28 640 430 2224 2208
11442 4 2 16 28 1967 1011 2152 1785
11443 4 2 16 28 965 1809 966 953
11444 4 2 16 28 2249 2247 2963 3095
11445 4 2 16 28 2107 1262 410 2264
11446 4 2 16 28 2242 524 2301 3075
11447 4 2 16 28 950 165 1787 888
11448 4 2 16 28 172 950 165 1787
11449 4 2 16 28 2193 1778 1976 2191
11450 4 2 16 28 606 377 376 2133
11451 4 2 16 28 468 1203 1214 2001
11452 4 2 16 28 1774 3059 1735 3060
11453 4 2 16 28 11 2940 1719 3001
11454 4 2 16 28 2050 365 2289 366
11455 4 2 16 28 868 851 1865 869
11456 4 2 16 28 1867 165 888 1787
11457 4 2 16 28 957 958 961 1901
11458 4 2 16 28 2245 3042 3003 3062
11459 4 2 16 28 1379 167 142 877
11460 4 2 16 28 1809 1750 965 2937
11461 4 2 16 28 1821 1971 2256 2142
11462 4 2 16 28 1823 831 1786 2954
11463 4 2 16 28 2026 2182 2246 3105
11464 4 2 16 28 1869 2962 1753 3032
11465 4 2 16 28 73 2082 84 2195
11466 4 2 16 28 487 488 2052 2306
11467 4 2 16 28 1225 2214 1203 469
11468 4 2 16 28 67 349 2320 1157
11469 4 2 16 28 971 972 948 1794
11470 4 2 16 28 1855 881 1784 955
11471 4 2 16 28 1915 1953 2042 2199
11472 4 2 16 28 2263 1760 1945 1837
11473 4 2 16 28 1469 1788 169 3073
11474 4 2 16 28 1906 1804 1747 3046
11475 4 2 16 28 645 425 2058 2127
11476 4 2 16 28 2090 654 2226 3022
11477 4 2 16 28 1858 1982 1785 1744
11478 4 2 16 28 2263 1760 2202 1992
11479 4 2 16 28 53 3 107 6
11480 4 2 16 28 9 12 149 46
11481 4 2 16 28 819 820 1284 1814
11482 4 2 16 28 1966 2255 2310 1912
11483 4 2 16 28 143 115 166 1374
11484 4 2 16 28 117 155 145 1341
11485 4 2 16 28 119 132 147 1329
11486 4 2 16 28 146 133 118 1328
11487 4 2 16 28 144 157 116 1340
11488 4 2 16 28 103 120 148 1292
11489 4 2 16 28 155 117 145 1334
11490 4 2 16 28 133 146 118 1335
11491 4 2 16 28 119 147 132 1304
11492 4 2 16 28 115 143 166 1346
11493 4 2 16 28 148 120 103 1305
11494 4 2 16 28 144 116 157 1347
11495 4 2 16 28 852 853 866 1874
11496 4 2 16 28 2268 656 2090 3040
11497 4 2 16 28 2756 3041 2748 3053
11498 4 2 16 28 396 397 1186 2121
11499 4 2 16 28 2009 2103 1811 1034
11500 4 2 16 28 1878 1922 1777 2990
11501 4 2 16 28 1920 1811 2009 1947
11502 4 2 16 28 1920 2989 1886 3017
11503 4 2 16 28 1824 1846 2074 1793
11504 4 2 16 28 3047 3050 1720 3084
11505 4 2 16 28 1810 3069 3071 3106
11506 4 2 16 28 1190 2300 328 2299
11507 4 2 16 28 2083 1768 1040 1957
11508 4 2 16 28 2074 2174 1846 1984
11509 4 2 16 28 1905 1906 1747 812
11510 4 2 16 28 2020 1194 1244 2067
11511 4 2 16 28 2814 2967 1839 3080
11512 4 2 16 28 1814 1891 821 820
11513 4 2 16 28 2018 2231 2048 2977
11514 4 2 16 28 1952 2252 2292 3033
11515 4 2 16 28 1211 373 2061 1213
11516 4 2 16 28 373 374 2061 1213
11517 4 2 16 28 1741 2949 2924 3029
11518 4 2 16 28 2094 260 259 1173
11519 4 2 16 28 2016 1009 2082 1025
11520 4 2 16 28 511 313 312 2158
11521 4 2 16 28 1257 1209 415 2060
11522 4 2 16 28 511 313 2158 512
11523 4 2 16 28 292 265 291 2147
11524 4 2 16 28 316 514 2170 315
11525 4 2 16 28 514 316 2170 515
11526 4 2 16 28 292 266 265 2147
11527 4 2 16 28 1956 2027 2153 3058
11528 4 2 16 28 1756 903 816 815
11529 4 2 16 28 1236 396 1186 2121
11530 4 2 16 28 1911 1971 2256 1821
11531 4 2 16 28 619 390 2163 2164
11532 4 2 16 28 224 3028 229 3082
11533 4 2 16 28 1896 1782 1763 2947
11534 4 2 16 28 667 437 2196 438
11535 4 2 16 28 3003 3062 707 3063
11536 4 2 16 28 1228 2150 2317 454
11537 4 2 16 28 1219 247 1196 1933
11538 4 2 16 28 953 1348 926 1453
11539 4 2 16 28 1402 851 1307 746
11540 4 2 16 28 1403 1306 852 745
11541 4 2 16 28 952 1454 927 1349
11542 4 2 16 28 523 325 2242 524
11543 4 2 16 28 2208 1957 2111 3037
11544 4 2 16 28 207 3041 2697 3053
11545 4 2 16 28 2085 2931 2258 3052
11546 4 2 16 28 855 1417 900 1331
11547 4 2 16 28 794 1417 749 1331
11548 4 2 16 28 804 741 1295 1409
11549 4 2 16 28 930 774 1462 1376
11550 4 2 16 28 1343 1445 784 922
11551 4 2 16 28 1343 890 1445 948
11552 4 2 16 28 1409 847 1295 910
11553 4 2 16 28 1462 880 956 1376
11554 4 2 16 28 325 523 2242 324
11555 4 2 16 28 456 1185 1235 1981
11556 4 2 16 28 1814 1891 1728 821
11557 4 2 16 28 852 1404 1306 905
11558 4 2 16 28 1404 799 1307 746
11559 4 2 16 28 1348 885 953 1455
11560 4 2 16 28 927 779 1455 1349
11561 4 2 16 28 573 375 1925 374
11562 4 2 16 28 1329 902 796 1413
11563 4 2 16 28 898 1328 792 1414
11564 4 2 16 28 878 1459 1373 772
11565 4 2 16 28 782 1442 888 1340
11566 4 2 16 28 1292 1406 802 908
11567 4 2 16 28 806 1293 912 1405
11568 4 2 16 28 776 1374 882 1458
11569 4 2 16 28 892 1341 1441 786
11570 4 2 16 28 2311 335 1254 2025
11571 4 2 16 28 801 1400 903 1304
11572 4 2 16 28 1451 887 1347 777
11573 4 2 16 28 1452 781 1346 883
11574 4 2 16 28 797 1305 907 1401
11575 4 2 16 28 836 126 143 1904
11576 4 2 16 28 159 162 933 2946
11577 4 2 16 28 1320 716 2949 3089
11578 4 2 16 28 424 646 2058 423
11579 4 2 16 28 3008 3009 1720 3050
11580 4 2 16 28 375 363 562 1925
11581 4 2 16 28 753 755 754 3024
11582 4 2 16 28 1906 1905 1859 2988
11583 4 2 16 28 125 832 144 1861
11584 4 2 16 28 2015 2204 369 370
11585 4 2 16 28 401 1960 2270 630
11586 4 2 16 28 132 903 147 1875
11587 4 2 16 28 2984 2985 1815 3100
11588 4 2 16 28 1131 2738 239 3089
11589 4 2 16 28 1114 2277 1123 3081
11590 4 2 16 28 2971 3004 2926 3091
11591 4 2 16 28 1186 1239 251 2121
11592 4 2 16 28 105 133 1335 1410
11593 4 2 16 28 1431 155 156 1334
11594 4 2 16 28 664 3093 2031 3094
11595 4 2 16 28 1228 2150 454 1182
11596 4 2 16 28 228 718 225 3082
11597 4 2 16 28 1013 2175 1846 2174
11598 4 2 16 28 478 479 2212 1989
11599 4 2 16 28 361 78 2130 560
11600 4 2 16 28 1869 1753 1797 3032
11601 4 2 16 28 1768 1993 1957 2111
11602 4 2 16 28 1743 1950 1852 1960
11603 4 2 16 28 1240 1187 487 2052
11604 4 2 16 28 1936 352 353 1256
11605 4 2 16 28 2748 2756 2755 3041
11606 4 2 16 28 315 513 1946 314
11607 4 2 16 28 1724 1916 1858 3102
11608 4 2 16 28 513 315 1946 514
11609 4 2 16 28 2190 1160 406 1267
11610 4 2 16 28 859 134 1736 896
11611 4 2 16 28 2277 2261 2012 2957
11612 4 2 16 28 1854 1733 1853 3057
11613 4 2 16 28 2226 1990 2162 3022
11614 4 2 16 28 2136 2010 1761 3040
11615 4 2 16 28 2087 433 638 432
11616 4 2 16 28 2750 3001 80 3053
11617 4 2 16 28 1406 103 131 1292
11618 4 2 16 28 1459 159 167 1373
11619 4 2 16 28 1442 157 165 1340
11620 4 2 16 28 133 105 1328 1414
11621 4 2 16 28 156 155 1441 1341
11622 4 2 16 28 102 130 1293 1405
11623 4 2 16 28 1329 104 132 1413
11624 4 2 16 28 1374 158 166 1458
11625 4 2 16 28 970 1860 1863 2960
11626 4 2 16 28 1764 1952 2291 3099
11627 4 2 16 28 80 363 375 70
11628 4 2 16 28 2308 2031 663 3093
11629 4 2 16 28 1305 103 131 1401
11630 4 2 16 28 157 165 1347 1451
11631 4 2 16 28 104 132 1400 1304
11632 4 2 16 28 158 166 1452 1346
11633 4 2 16 28 880 881 1855 956
11634 4 2 16 28 739 1272 845 1382
11635 4 2 16 28 421 1155 2215 1944
11636 4 2 16 28 85 86 1272 1382
11637 4 2 16 28 1838 1987 2080 1772
11638 4 2 16 28 695 1271 1383 696
11639 4 2 16 28 1889 907 131 1865
11640 4 2 16 28 216 1732 223 3027
11641 4 2 16 28 1859 1759 1906 2988
11642 4 2 16 28 1016 2013 2157 1032
11643 4 2 16 28 1383 102 130 1271
11644 4 2 16 28 684 2229 456 455
11645 4 2 16 28 1915 2074 1793 1824
11646 4 2 16 28 685 2229 456 684
11647 4 2 16 28 1012 1028 2036 2199
11648 4 2 16 28 159 167 1379 1456
11649 4 2 16 28 891 1895 892 828
11650 4 2 16 28 1791 1841 1895 2955
11651 4 2 16 28 2198 254 255 2298
11652 4 2 16 28 1330 856 750 1417
11653 4 2 16 28 1294 848 742 1409
11654 4 2 16 28 1375 931 1462 957
11655 4 2 16 28 1342 949 923 1445
11656 4 2 16 28 1228 332 333 2030
11657 4 2 16 28 790 2672 240 717
11658 4 2 16 28 788 719 213 2670
11659 4 2 16 28 637 2087 433 638
11660 4 2 16 28 957 962 1855 1901
11661 4 2 16 28 70 1155 1156 2070
11662 4 2 16 28 2076 359 558 3090
11663 4 2 16 28 1033 1764 1017 2014
11664 4 2 16 28 418 1213 417 2062
11665 4 2 16 28 2307 2121 397 396
11666 4 2 16 28 1246 2230 301 2283
11667 4 2 16 28 543 2047 343 542
11668 4 2 16 28 410 2265 1964 2107
11669 4 2 16 28 2047 343 344 543
11670 4 2 16 28 2033 2197 1160 1220
11671 4 2 16 28 1387 113 160 769
11672 4 2 16 28 1387 168 141 875
11673 4 2 16 28 1023 1039 1992 1760
11674 4 2 16 28 378 608 379 2251
11675 4 2 16 28 347 2126 546 3090
11676 4 2 16 28 1022 1038 2010 1958
11677 4 2 16 28 1950 397 626 2307
11678 4 2 16 28 1444 948 1343 922
11679 4 2 16 28 855 1416 749 1331
11680 4 2 16 28 930 956 1461 1376
11681 4 2 16 28 1295 1408 847 741
11682 4 2 16 28 1880 1965 3093 3094
11683 4 2 16 28 829 1823 1360 830
11684 4 2 16 28 850 906 851 1865
11685 4 2 16 28 1038 1945 1760 1022
11686 4 2 16 28 833 886 1733 1281
11687 4 2 16 28 207 208 2697 2744
11688 4 2 16 28 2719 206 205 2696
11689 4 2 16 28 2055 1960 401 2112
11690 4 2 16 28 961 962 957 1901
11691 4 2 16 28 2256 1970 1821 2142
11692 4 2 16 28 551 353 552 2227
11693 4 2 16 28 3027 3028 224 3082
11694 4 2 16 28 670 2168 1988 441
11695 4 2 16 28 1830 876 877 959
11696 4 2 16 28 1768 2083 1024 1840
11697 4 2 16 28 2013 1016 2157 1765
11698 4 2 16 28 132 147 902 1799
11699 4 2 16 28 401 1960 630 2112
11700 4 2 16 28 1235 455 1981 1182
11701 4 2 16 28 2039 2300 1190 2299
11702 4 2 16 28 2203 2027 1956 3058
11703 4 2 16 28 1866 1800 1757 2951
11704 4 2 16 28 138 849 1889 870
11705 4 2 16 28 409 2265 1928 408
11706 4 2 16 28 1407 743 849 1297
11707 4 2 16 28 1460 1378 932 958
11708 4 2 16 28 857 751 1333 1415
11709 4 2 16 28 950 1345 1443 924
11710 4 2 16 28 921 1344 1444 947
11711 4 2 16 28 1416 854 748 1332
11712 4 2 16 28 846 740 1408 1296
11713 4 2 16 28 955 1461 1377 929
11714 4 2 16 28 1453 1351 925 954
11715 4 2 16 28 1309 744 1403 853
11716 4 2 16 28 1308 747 850 1402
11717 4 2 16 28 951 1350 928 1454
11718 4 2 16 28 858 1850 859 861
11719 4 2 16 28 2226 654 2090 1990
11720 4 2 16 28 551 352 353 2227
11721 4 2 16 28 379 2019 2251 380
11722 4 2 16 28 2258 2931 1941 2958
11723 4 2 16 28 1920 1734 2989 3048
11724 4 2 16 28 853 137 866 1875
11725 4 2 16 28 377 606 2236 2133
11726 4 2 16 28 461 460 689 2303
11727 4 2 16 28 690 461 689 2303
11728 4 2 16 28 378 608 2251 607
11729 4 2 16 28 1038 2010 1945 1022
11730 4 2 16 28 1732 3027 1909 3028
11731 4 2 16 28 2248 2928 2097 2999
11732 4 2 16 28 1876 1800 1872 3042
11733 4 2 16 28 536 537 337 2182
11734 4 2 16 28 148 131 103 1292
11735 4 2 16 28 144 165 157 1340
11736 4 2 16 28 133 105 118 1328
11737 4 2 16 28 119 104 132 1329
11738 4 2 16 28 115 158 166 1374
11739 4 2 16 28 155 156 145 1341
11740 4 2 16 28 537 338 337 2182
11741 4 2 16 28 126 1783 1829 1904
11742 4 2 16 28 157 165 144 1347
11743 4 2 16 28 118 105 133 1335
11744 4 2 16 28 148 103 131 1305
11745 4 2 16 28 132 104 119 1304
11746 4 2 16 28 166 158 115 1346
11747 4 2 16 28 145 156 155 1334
11748 4 2 16 28 371 370 1209 2204
11749 4 2 16 28 321 519 2038 320
11750 4 2 16 28 752 755 753 3024
11751 4 2 16 28 2080 2196 1772 1987
11752 4 2 16 28 519 321 2038 520
11753 4 2 16 28 2079 250 249 1191
11754 4 2 16 28 1163 1928 2240 408
11755 4 2 16 28 483 586 484 2288
11756 4 2 16 28 2225 1883 2194 1762
11757 4 2 16 28 938 964 1750 2937
11758 4 2 16 28 954 166 1847 883
11759 4 2 16 28 1805 825 894 893
11760 4 2 16 28 166 954 1847 171
11761 4 2 16 28 2090 3022 2226 3040
11762 4 2 16 28 165 1787 951 172
11763 4 2 16 28 386 1234 2043 1179
11764 4 2 16 28 1787 887 165 951
11765 4 2 16 28 360 2076 2126 3090
11766 4 2 16 28 1881 868 1755 2952
11767 4 2 16 28 2031 3093 1965 3094
11768 4 2 16 28 1918 1746 865 2936
11769 4 2 16 28 952 927 1455 1349
11770 4 2 16 28 1306 1404 852 745
11771 4 2 16 28 1455 1348 926 953
11772 4 2 16 28 1307 851 1404 746
11773 4 2 16 28 423 646 2058 647
11774 4 2 16 28 949 950 1738 889
11775 4 2 16 28 2307 2028 396 395
11776 4 2 16 28 1892 1739 1835 2948
11777 4 2 16 28 2926 3074 2201 3096
11778 4 2 16 28 1181 1227 2260 2198
11779 4 2 16 28 476 477 1178 1998
11780 4 2 16 28 881 1855 956 955
11781 4 2 16 28 1840 1040 2016 2083
11782 4 2 16 28 1780 824 1319 3082
11783 4 2 16 28 2096 2930 2971 3095
11784 4 2 16 28 1807 1921 2146 1976
11785 4 2 16 28 1899 908 849 1889
11786 4 2 16 28 1163 2240 2050 364
11787 4 2 16 28 437 667 2196 666
11788 4 2 16 28 545 345 544 2241
11789 4 2 16 28 11 208 3001 3053
11790 4 2 16 28 346 345 545 2241
11791 4 2 16 28 1790 1874 867 866
11792 4 2 16 28 1860 2948 1739 2960
11793 4 2 16 28 360 359 2076 3090
11794 4 2 16 28 2756 211 2755 3041
11795 4 2 16 28 1222 1972 1198 491
11796 4 2 16 28 312 510 2158 311
11797 4 2 16 28 510 312 2158 511
11798 4 2 16 28 2017 314 2295 1232
11799 4 2 16 28 2308 2265 662 408
11800 4 2 16 28 1220 2033 2240 364
11801 4 2 16 28 852 866 867 1874
11802 4 2 16 28 676 675 2282 447
11803 4 2 16 28 675 446 2282 447
11804 4 2 16 28 753 754 3 3024
11805 4 2 16 28 1818 2982 2980 3061
11806 4 2 16 28 310 510 2176 509
11807 4 2 16 28 510 310 2176 311
11808 4 2 16 28 1789 1881 867 868
11809 4 2 16 28 880 1855 1901 957
11810 4 2 16 28 1773 1852 1902 1949
11811 4 2 16 28 954 1847 1908 883
11812 4 2 16 28 2090 2010 2268 3040
11813 4 2 16 28 1764 1018 1811 2103
11814 4 2 16 28 1947 2009 2103 1811
11815 4 2 16 28 271 61 1962 245
11816 4 2 16 28 2136 1761 2010 1843
11817 4 2 16 28 1786 1737 1823 2954
11818 4 2 16 28 1159 435 1268 2004
11819 4 2 16 28 1026 1883 2167 1010
11820 4 2 16 28 2926 2939 2201 3074
11821 4 2 16 28 485 584 2192 585
11822 4 2 16 28 1958 2136 2010 1843
11823 4 2 16 28 584 485 2192 486
11824 4 2 16 28 1799 147 902 817
11825 4 2 16 28 389 2006 2163 390
11826 4 2 16 28 2002 1237 2069 485
11827 4 2 16 28 144 888 1867 165
11828 4 2 16 28 850 851 869 1865
11829 4 2 16 28 1860 971 1794 972
11830 4 2 16 28 819 820 1814 1324
11831 4 2 16 28 2193 2255 1912 2310
11832 4 2 16 28 365 564 364 1962
11833 4 2 16 28 1851 3005 1762 3064
11834 4 2 16 28 2296 1161 2001 467
11835 4 2 16 28 1958 1021 1037 2032
11836 4 2 16 28 1744 1953 2041 2042
11837 4 2 16 28 466 74 2187 1269
11838 4 2 16 28 950 969 949 1738
11839 4 2 16 28 1819 1272 86 845
11840 4 2 16 28 789 2670 226 718
11841 4 2 16 28 227 789 718 2672
11842 4 2 16 28 1925 2218 2261 2940
11843 4 2 16 28 1957 2087 2125 3037
11844 4 2 16 28 564 563 364 1962
11845 4 2 16 28 847 1295 741 1409
11846 4 2 16 28 855 749 1417 1331
11847 4 2 16 28 956 930 1462 1376
11848 4 2 16 28 1445 1343 948 922
11849 4 2 16 28 879 880 1901 957
11850 4 2 16 28 1764 3033 1952 3099
11851 4 2 16 28 637 2087 2125 433
11852 4 2 16 28 812 1906 1747 3046
11853 4 2 16 28 1987 1009 1826 1025
11854 4 2 16 28 865 137 854 1918
11855 4 2 16 28 358 357 1166 2206
11856 4 2 16 28 559 360 2922 3090
11857 4 2 16 28 172 969 950 1787
11858 4 2 16 28 1214 2001 1161 467
11859 4 2 16 28 964 955 956 1855
11860 4 2 16 28 845 130 139 1819
11861 4 2 16 28 171 954 1847 965
11862 4 2 16 28 1016 2157 1821 1032
11863 4 2 16 28 1739 1860 1835 2948
11864 4 2 16 28 1161 2073 2296 2114
11865 4 2 16 28 1915 2074 2199 1793
11866 4 2 16 28 1975 2180 400 1248
11867 4 2 16 28 2149 3054 2960 3055
11868 4 2 16 28 2267 523 324 2242
11869 4 2 16 28 1013 2175 1807 1846
11870 4 2 16 28 807 808 912 1795
11871 4 2 16 28 1242 383 384 1995
11872 4 2 16 28 2279 1195 1243 2281
11873 4 2 16 28 2931 2958 1132 3089
11874 4 2 16 28 2994 3043 2149 3054
11875 4 2 16 28 1272 739 845 695
11876 4 2 16 28 695 845 1383 739
11877 4 2 16 28 1272 695 845 696
11878 4 2 16 28 845 695 1383 696
11879 4 2 16 28 1883 1026 1826 1010
11880 4 2 16 28 89 90 102 1271
11881 4 2 16 28 90 130 102 1271
11882 4 2 16 28 1834 1884 167 170
11883 4 2 16 28 840 841 878 1834
11884 4 2 16 28 2112 1961 2155 403
11885 4 2 16 28 2174 1984 2175 1846
11886 4 2 16 28 847 1898 846 911
11887 4 2 16 28 2174 1846 1793 2074
11888 4 2 16 28 90 89 102 1293
11889 4 2 16 28 102 130 90 1293
11890 4 2 16 28 877 167 1749 1884
11891 4 2 16 28 1765 1821 1016 2157
11892 4 2 16 28 372 373 2061 1211
11893 4 2 16 28 816 122 147 1876
11894 4 2 16 28 888 831 144 1867
11895 4 2 16 28 2031 2308 663 407
11896 4 2 16 28 1234 385 2043 1188
11897 4 2 16 28 1846 1997 2175 1807
11898 4 2 16 28 2320 350 349 2093
11899 4 2 16 28 962 963 956 1855
11900 4 2 16 28 1945 1761 2226 3022
11901 4 2 16 28 2229 2177 1967 1785
11902 4 2 16 28 400 2270 1975 399
11903 4 2 16 28 238 3028 1780 3082
11904 4 2 16 28 1748 700 92 1273
11905 4 2 16 28 1852 1773 1019 2129
11906 4 2 16 28 359 2076 358 1263
11907 4 2 16 28 896 1280 1736 823
11908 4 2 16 28 1791 1823 1737 2954
11909 4 2 16 28 2924 2957 1741 3029
11910 4 2 16 28 1020 1955 1743 1036
11911 4 2 16 28 2042 1744 1953 1915
11912 4 2 16 28 961 962 1775 1466
11913 4 2 16 28 1768 2083 1040 1024
11914 4 2 16 28 2220 2105 393 1949
11915 4 2 16 28 263 289 290 1951
11916 4 2 16 28 263 290 264 1951
11917 4 2 16 28 907 1747 148 812
11918 4 2 16 28 2138 1811 2103 2291
11919 4 2 16 28 862 856 1873 863
11920 4 2 16 28 821 123 146 1891
11921 4 2 16 28 2090 2226 2010 3040
11922 4 2 16 28 1168 348 2272 2077
11923 4 2 16 28 2999 3000 2188 3059
11924 4 2 16 28 1722 3015 1825 3094
11925 4 2 16 28 2255 1912 1767 1911
11926 4 2 16 28 1017 1764 1868 2014
11927 4 2 16 28 895 896 1736 134
11928 4 2 16 28 139 846 873 1871
11929 4 2 16 28 956 957 1855 880
11930 4 2 16 28 488 2280 2106 1192
11931 4 2 16 28 813 907 1905 906
11932 4 2 16 28 485 2288 2002 484
11933 4 2 16 28 90 1748 700 92
11934 4 2 16 28 969 970 949 1738
11935 4 2 16 28 1894 1757 1800 2951
11936 4 2 16 28 2082 2195 2196 1772
11937 4 2 16 28 78 361 2130 68
11938 4 2 16 28 1883 2167 1745 3070
11939 4 2 16 28 2031 2308 2032 3093
11940 4 2 16 28 2078 302 1240 2235
11941 4 2 16 28 1992 1836 1812 1760
11942 4 2 16 28 2703 3 1 3024
11943 4 2 16 28 1993 1812 1992 2058
11944 4 2 16 28 1982 1785 1744 1967
11945 4 2 16 28 962 956 957 1855
11946 4 2 16 28 1030 1014 1976 2193
11947 4 2 16 28 1773 2163 2009 2164
11948 4 2 16 28 495 71 1266 2132
11949 4 2 16 28 1818 2014 1868 1764
11950 4 2 16 28 1778 2191 2193 1989
11951 4 2 16 28 138 850 1865 131
11952 4 2 16 28 907 131 1865 850
11953 4 2 16 28 883 836 143 1904
11954 4 2 16 28 376 81 2133 71
11955 4 2 16 28 2816 3041 2932 3053
11956 4 2 16 28 152 150 1427 2921
11957 4 2 16 28 1950 1960 2129 1852
11958 4 2 16 28 1835 915 1892 2948
11959 4 2 16 28 364 563 61 1962
11960 4 2 16 28 2202 1836 1992 1760
11961 4 2 16 28 280 255 2298 281
11962 4 2 16 28 255 280 2298 254
11963 4 2 16 28 2748 2755 77 3041
11964 4 2 16 28 809 1282 910 1754
11965 4 2 16 28 1898 847 846 873
11966 4 2 16 28 1911 1015 2256 1031
11967 4 2 16 28 463 464 2113 2318
11968 4 2 16 28 1945 1837 1760 1761
11969 4 2 16 28 812 813 907 1905
11970 4 2 16 28 902 817 818 1799
11971 4 2 16 28 206 3041 207 3053
11972 4 2 16 28 1181 2234 253 2198
11973 4 2 16 28 2031 72 83 1965
11974 4 2 16 28 100 1384 128 3026
11975 4 2 16 28 1912 1031 1015 2255
11976 4 2 16 28 1448 1828 968 967
11977 4 2 16 28 484 2115 2002 1183
11978 4 2 16 28 2317 1228 1176 2160
11979 4 2 16 28 493 494 1217 2066
11980 4 2 16 28 1898 847 873 872
11981 4 2 16 28 1899 870 1802 1889
11982 4 2 16 28 1240 488 2280 2052
11983 4 2 16 28 901 902 818 1799
11984 4 2 16 28 1925 574 375 573
11985 4 2 16 28 211 2756 210 3041
11986 4 2 16 28 1724 3071 1916 3102
11987 4 2 16 28 134 1426 135 2921
11988 4 2 16 28 479 2309 1989 591
11989 4 2 16 28 1967 2151 2229 1785
11990 4 2 16 28 2271 416 417 1990
11991 4 2 16 28 1754 872 871 847
11992 4 2 16 28 832 144 1861 887
11993 4 2 16 28 1868 2068 2014 2133
11994 4 2 16 28 550 350 2093 549
11995 4 2 16 28 323 65 522 2313
11996 4 2 16 28 1191 1975 2189 398
11997 4 2 16 28 437 666 2196 2195
11998 4 2 16 28 857 136 862 1763
11999 4 2 16 28 963 964 956 1855
12000 4 2 16 28 98 1829 126 2964
12001 4 2 16 28 1115 223 230 2707
12002 4 2 16 28 1115 230 223 2723
12003 4 2 16 28 230 1115 1122 2723
12004 4 2 16 28 2707 1122 230 1115
12005 4 2 16 28 2709 229 224 1116
12006 4 2 16 28 1116 2726 229 1121
12007 4 2 16 28 2710 231 1114 222
12008 4 2 16 28 222 231 1114 2708
12009 4 2 16 28 1120 225 2713 1117
12010 4 2 16 28 1113 232 2714 1124
12011 4 2 16 28 2714 221 232 1113
12012 4 2 16 28 225 228 2726 1120
12013 4 2 16 28 1113 2725 232 1124
12014 4 2 16 28 1120 2709 225 1117
12015 4 2 16 28 2711 227 226 1118
12016 4 2 16 28 9 6 2 2711
12017 4 2 16 28 7 9 2 2711
12018 4 2 16 28 1112 233 2712 1125
12019 4 2 16 28 233 1112 2712 220
12020 4 2 16 28 1112 233 2714 220
12021 4 2 16 28 2714 1125 233 1112
12022 4 2 16 28 227 1118 2713 226
12023 4 2 16 28 1118 227 2713 1119
12024 4 2 16 28 878 840 1834 879
12025 4 2 16 28 1762 1883 2194 1826
12026 4 2 16 28 1743 2270 1960 3012
12027 4 2 16 28 951 1787 968 172
12028 4 2 16 28 1879 1739 1892 2965
12029 4 2 16 28 440 2168 2080 669
12030 4 2 16 28 1806 3010 3011 3025
12031 4 2 16 28 1838 1987 1772 1826
12032 4 2 16 28 574 375 562 1925
12033 4 2 16 28 848 849 1899 909
12034 4 2 16 28 146 898 1891 133
12035 4 2 16 28 533 333 1935 334
12036 4 2 16 28 333 533 1935 532
12037 4 2 16 28 965 1809 1449 966
12038 4 2 16 28 2218 2012 2261 2957
12039 4 2 16 28 1914 2310 1989 1778
12040 4 2 16 28 81 376 2133 605
12041 4 2 16 28 167 959 1884 877
12042 4 2 16 28 446 675 2225 445
12043 4 2 16 28 674 2225 675 445
12044 4 2 16 28 2014 2013 1868 1033
12045 4 2 16 28 525 2301 326 524
12046 4 2 16 28 325 326 2301 524
12047 4 2 16 28 1011 1967 2152 1027
12048 4 2 16 28 2265 2308 1928 408
12049 4 2 16 28 15 3095 2247 3096
12050 4 2 16 28 1868 2133 2014 1818
12051 4 2 16 28 1719 3001 2940 3101
12052 4 2 16 28 2755 560 77 3041
12053 4 2 16 28 168 141 1830 876
12054 4 2 16 28 2009 1920 2163 1773
12055 4 2 16 28 1020 1955 2145 1808
12056 4 2 16 28 1754 871 848 847
12057 4 2 16 28 1843 1958 2136 2266
12058 4 2 16 28 410 660 2265 661
12059 4 2 16 28 409 410 2265 661
12060 4 2 16 28 549 349 350 2093
12061 4 2 16 28 2986 2995 2098 3039
12062 4 2 16 28 639 431 2208 2087
12063 4 2 16 28 869 138 1865 1802
12064 4 2 16 28 848 849 870 1899
12065 4 2 16 28 852 868 1789 867
12066 4 2 16 28 832 833 887 1733
12067 4 2 16 28 656 415 414 2090
12068 4 2 16 28 1867 830 831 1823
12069 4 2 16 28 656 415 2090 655
12070 4 2 16 28 808 911 912 1795
12071 4 2 16 28 898 821 146 1891
12072 4 2 16 28 860 861 859 1850
12073 4 2 16 28 1843 1880 2032 3093
12074 4 2 16 28 170 167 959 1884
12075 4 2 16 28 1918 1790 1746 2936
12076 4 2 16 28 2291 1811 2103 1764
12077 4 2 16 28 1848 2991 3077 3099
12078 4 2 16 28 317 318 1193 2071
12079 4 2 16 28 826 124 1731 1316
12080 4 2 16 28 1889 1865 131 138
12081 4 2 16 28 1240 1187 2052 2235
12082 4 2 16 28 2110 2994 2950 3056
12083 4 2 16 28 1840 1040 1024 2016
12084 4 2 16 28 242 3096 2247 3097
12085 4 2 16 28 612 384 1995 613
12086 4 2 16 28 612 384 383 1995
12087 4 2 16 28 363 70 1156 2293
12088 4 2 16 28 1789 851 906 1865
12089 4 2 16 28 548 77 2130 560
12090 4 2 16 28 1745 1979 3068 3070
12091 4 2 16 28 810 811 1803 1302
12092 4 2 16 28 529 2056 330 528
12093 4 2 16 28 329 330 2056 528
12094 4 2 16 28 1967 2152 2151 1785
12095 4 2 16 28 2208 2087 1957 3037
12096 4 2 16 28 1768 2111 1957 3037
12097 4 2 16 28 2042 1967 1982 1744
12098 4 2 16 28 2152 1785 1745 2151
12099 4 2 16 28 1015 1911 2255 1031
12100 4 2 16 28 1834 879 1901 958
12101 4 2 16 28 522 324 2267 523
12102 4 2 16 28 2220 394 1227 2260
12103 4 2 16 28 868 852 1789 851
12104 4 2 16 28 2129 1949 2221 1852
12105 4 2 16 28 143 883 1904 166
12106 4 2 16 28 129 86 844 1385
12107 4 2 16 28 85 101 738 1385
12108 4 2 16 28 324 522 2267 323
12109 4 2 16 28 497 299 2143 498
12110 4 2 16 28 1979 2151 2152 1745
12111 4 2 16 28 2129 1773 2009 1949
12112 4 2 16 28 299 497 2143 298
12113 4 2 16 28 2202 2257 648 422
12114 4 2 16 28 1989 1914 1778 2996
12115 4 2 16 28 642 429 2224 641
12116 4 2 16 28 851 852 1789 905
12117 4 2 16 28 901 902 1799 854
12118 4 2 16 28 1793 2174 2074 2036
12119 4 2 16 28 429 642 2224 428
12120 4 2 16 28 1780 3028 1909 3082
12121 4 2 16 28 2080 2196 438 667
12122 4 2 16 28 417 652 2162 653
12123 4 2 16 28 1897 1896 1746 3088
12124 4 2 16 28 835 1278 1813 884
12125 4 2 16 28 887 951 1733 886
12126 4 2 16 28 170 959 960 1884
12127 4 2 16 28 2074 2036 2199 1793
12128 4 2 16 28 1947 2138 2137 3017
12129 4 2 16 28 1773 1811 2009 1920
12130 4 2 16 28 417 653 2162 1990
12131 4 2 16 28 1745 2167 1979 3070
12132 4 2 16 28 967 1828 968 952
12133 4 2 16 28 301 2283 2078 1192
12134 4 2 16 28 1742 1783 1829 2964
12135 4 2 16 28 1034 1018 2103 1811
12136 4 2 16 28 1993 1812 2058 2127
12137 4 2 16 28 2097 2946 2928 3097
12138 4 2 16 28 481 588 2022 589
12139 4 2 16 28 481 588 482 2022
12140 4 2 16 28 436 84 2195 73
12141 4 2 16 28 259 285 286 2269
12142 4 2 16 28 259 286 260 2269
12143 4 2 16 28 400 401 2055 2270
12144 4 2 16 28 290 265 264 2147
12145 4 2 16 28 290 265 2147 291
12146 4 2 16 28 1848 3077 3033 3099
12147 4 2 16 28 571 1994 570 371
12148 4 2 16 28 1868 1765 2068 3016
12149 4 2 16 28 1955 2155 1743 1960
12150 4 2 16 28 1805 916 915 919
12151 4 2 16 28 169 960 1788 1469
12152 4 2 16 28 1994 571 372 371
12153 4 2 16 28 909 910 1754 848
12154 4 2 16 28 1845 146 133 897
12155 4 2 16 28 2080 439 668 438
12156 4 2 16 28 887 833 886 1733
12157 4 2 16 28 1840 1040 2083 1024
12158 4 2 16 28 350 550 2093 351
12159 4 2 16 28 1291 1819 699 696
12160 4 2 16 28 1818 2980 2981 3061
12161 4 2 16 28 863 855 1833 864
12162 4 2 16 28 1976 2146 2191 1921
12163 4 2 16 28 1997 1976 2175 1807
12164 4 2 16 28 2010 2226 1761 3040
12165 4 2 16 28 396 626 2307 625
12166 4 2 16 28 396 626 397 2307
12167 4 2 16 28 466 2187 2296 1269
12168 4 2 16 28 1743 1960 2155 3012
12169 4 2 16 28 1844 219 3034 3078
12170 4 2 16 28 438 668 2080 667
12171 4 2 16 28 126 1829 1783 2964
12172 4 2 16 28 1914 2310 1778 1912
12173 4 2 16 28 851 1789 868 1865
12174 4 2 16 28 905 906 1789 851
12175 4 2 16 28 2112 2155 1960 3012
12176 4 2 16 28 2098 2995 2972 3039
12177 4 2 16 28 2247 2925 20 2935
12178 4 2 16 28 1851 3005 3064 3065
12179 4 2 16 28 893 1805 920 1339
12180 4 2 16 28 663 408 2308 662
12181 4 2 16 28 839 840 1774 1369
12182 4 2 16 28 855 863 1833 856
12183 4 2 16 28 84 436 2195 665
12184 4 2 16 28 1952 2103 1764 2291
12185 4 2 16 28 210 209 2697 2756
12186 4 2 16 28 123 822 146 1845
12187 4 2 16 28 1987 2082 2196 1772
12188 4 2 16 28 67 361 1156 2130
12189 4 2 16 28 789 226 227 718
12190 4 2 16 28 1811 2138 2103 1947
12191 4 2 16 28 401 1196 2055 1219
12192 4 2 16 28 1848 3077 2991 3086
12193 4 2 16 28 652 417 2162 418
12194 4 2 16 28 405 83 72 2154
12195 4 2 16 28 1852 2129 1950 2221
12196 4 2 16 28 1955 1020 2145 1036
12197 4 2 16 28 2301 327 326 2300
12198 4 2 16 28 2175 1013 1029 2174
12199 4 2 16 28 1892 1739 2948 2965
12200 4 2 16 28 1732 223 3027 3028
12201 4 2 16 28 2950 2994 2149 3054
12202 4 2 16 28 919 920 915 1805
12203 4 2 16 28 565 365 2289 564
12204 4 2 16 28 1883 1978 2194 2167
12205 4 2 16 28 365 565 2289 366
12206 4 2 16 28 848 870 871 1899
12207 4 2 16 28 688 458 2304 459
12208 4 2 16 28 2149 2950 3054 3055
12209 4 2 16 28 497 297 2063 298
12210 4 2 16 28 2310 1778 2193 1989
12211 4 2 16 28 297 497 2063 496
12212 4 2 16 28 2194 1987 1988 1826
12213 4 2 16 28 1909 3028 3027 3082
12214 4 2 16 28 2098 2986 2978 2995
12215 4 2 16 28 827 828 892 1895
12216 4 2 16 28 412 658 413 2219
12217 4 2 16 28 283 257 256 2297
12218 4 2 16 28 282 283 256 2297
12219 4 2 16 28 2266 1843 1958 2032
12220 4 2 16 28 658 657 413 2219
12221 4 2 16 28 1954 3062 3003 3063
12222 4 2 16 28 2041 1982 1744 2042
12223 4 2 16 28 576 495 2132 575
12224 4 2 16 28 2093 549 349 548
12225 4 2 16 28 405 83 2154 634
12226 4 2 16 28 2696 206 205 3041
12227 4 2 16 28 1778 1919 1921 2191
12228 4 2 16 28 2216 74 82 465
12229 4 2 16 28 2301 326 327 526
12230 4 2 16 28 326 2301 525 526
12231 4 2 16 28 2031 2032 1965 3093
12232 4 2 16 28 353 354 553 2227
12233 4 2 16 28 2264 2050 1262 1163
12234 4 2 16 28 266 292 293 2018
12235 4 2 16 28 553 552 353 2227
12236 4 2 16 28 266 293 267 2018
12237 4 2 16 28 1810 3066 3067 3105
12238 4 2 16 28 317 318 2071 516
12239 4 2 16 28 1796 3075 2993 3076
12240 4 2 16 28 318 2071 516 517
12241 4 2 16 28 1955 1808 1825 1965
12242 4 2 16 28 884 885 1813 953
12243 4 2 16 28 434 433 637 2125
12244 4 2 16 28 2129 1949 1852 1773
12245 4 2 16 28 640 639 431 2208
12246 4 2 16 28 431 430 640 2208
12247 4 2 16 28 875 1771 141 844
12248 4 2 16 28 408 663 2308 407
12249 4 2 16 28 138 850 869 1865
12250 4 2 16 28 393 621 2105 392
12251 4 2 16 28 621 393 2105 622
12252 4 2 16 28 822 897 146 1845
12253 4 2 16 28 609 381 2252 610
12254 4 2 16 28 381 609 2252 380
12255 4 2 16 28 2072 472 1193 2314
12256 4 2 16 28 843 877 1830 876
12257 4 2 16 28 416 653 1990 654
12258 4 2 16 28 1919 1778 1914 2996
12259 4 2 16 28 870 1899 849 1889
12260 4 2 16 28 972 154 947 1835
12261 4 2 16 28 1808 1880 1825 1965
12262 4 2 16 28 810 811 908 1803
12263 4 2 16 28 82 2216 465 694
12264 4 2 16 28 1765 2157 2068 3016
12265 4 2 16 28 2152 2167 1979 1745
12266 4 2 16 28 400 1196 2180 2055
12267 4 2 16 28 416 653 417 1990
12268 4 2 16 28 1839 2967 2966 3080
12269 4 2 16 28 567 368 369 2015
12270 4 2 16 28 1743 2129 1960 1852
12271 4 2 16 28 567 369 568 2015
12272 4 2 16 28 575 81 71 2132
12273 4 2 16 28 2982 3077 1848 3086
12274 4 2 16 28 911 912 1795 846
12275 4 2 16 28 278 252 277 2203
12276 4 2 16 28 843 128 141 1830
12277 4 2 16 28 277 252 251 2203
12278 4 2 16 28 607 377 2236 378
12279 4 2 16 28 842 843 877 1830
12280 4 2 16 28 637 636 434 2125
12281 4 2 16 28 1981 1182 455 2150
12282 4 2 16 28 576 495 494 2132
12283 4 2 16 28 1796 2993 2976 3076
12284 4 2 16 28 590 2309 480 479
12285 4 2 16 28 479 590 2309 591
12286 4 2 16 28 512 314 313 1946
12287 4 2 16 28 512 314 1946 513
12288 4 2 16 28 2015 369 568 569
12289 4 2 16 28 616 2137 387 615
12290 4 2 16 28 615 2137 387 386
12291 4 2 16 28 569 2015 369 370
12292 4 2 16 28 397 398 1950 626
12293 4 2 16 28 398 627 1950 626
12294 4 2 16 28 303 503 304 1968
12295 4 2 16 28 303 503 1968 502
12296 4 2 16 28 148 1747 121 812
12297 4 2 16 28 261 287 288 2243
12298 4 2 16 28 1819 1272 845 696
12299 4 2 16 28 261 288 262 2243
12300 4 2 16 28 837 838 882 1784
12301 4 2 16 28 844 1771 129 875
12302 4 2 16 28 1761 1945 2226 2010
12303 4 2 16 28 403 631 2112 402
12304 4 2 16 28 2058 2257 423 647
12305 4 2 16 28 71 495 575 2132
12306 4 2 16 28 578 492 579 2238
12307 4 2 16 28 492 491 579 2238
12308 4 2 16 28 631 403 2112 632
12309 4 2 16 28 894 1805 1339 919
12310 4 2 16 28 1749 142 167 877
12311 4 2 16 28 86 88 1771 844
12312 4 2 16 28 826 124 145 1731
12313 4 2 16 28 2945 3075 1796 3076
12314 4 2 16 28 2068 1868 2014 2013
12315 4 2 16 28 127 842 142 1749
12316 4 2 16 28 358 558 2076 359
12317 4 2 16 28 451 681 2273 680
12318 4 2 16 28 900 901 1833 855
12319 4 2 16 28 681 451 2273 452
12320 4 2 16 28 420 649 2202 650
12321 4 2 16 28 2164 2009 1773 1949
12322 4 2 16 28 1880 1965 2032 3093
12323 4 2 16 28 77 67 349 2130
12324 4 2 16 28 649 420 2202 421
12325 4 2 16 28 2202 421 420 2215
12326 4 2 16 28 643 428 2088 642
12327 4 2 16 28 643 428 427 2088
12328 4 2 16 28 474 596 1996 597
12329 4 2 16 28 1996 474 597 473
12330 4 2 16 28 1778 2310 2193 1912
12331 4 2 16 28 2263 1760 1992 1945
12332 4 2 16 28 2236 606 377 607
12333 4 2 16 28 2068 2013 2157 1765
12334 4 2 16 28 432 639 2087 431
12335 4 2 16 28 639 432 2087 638
12336 4 2 16 28 672 673 444 2045
12337 4 2 16 28 443 672 444 2045
12338 4 2 16 28 2082 2016 2083 1840
12339 4 2 16 28 1893 829 890 1285
12340 4 2 16 28 838 881 882 1784
12341 4 2 16 28 436 665 666 2195
12342 4 2 16 28 83 406 72 2031
12343 4 2 16 28 2994 3054 2950 3056
12344 4 2 16 28 2130 349 77 548
12345 4 2 16 28 276 251 1956 277
12346 4 2 16 28 276 251 250 1956
12347 4 2 16 28 128 141 1771 844
12348 4 2 16 28 560 67 2130 361
12349 4 2 16 28 2241 545 346 546
12350 4 2 16 28 2241 346 347 546
12351 4 2 16 28 73 635 84 2165
12352 4 2 16 28 141 843 1830 876
12353 4 2 16 28 2068 1868 2013 1765
12354 4 2 16 28 83 406 2031 664
12355 4 2 16 28 73 635 2165 435
12356 4 2 16 28 666 437 436 2195
12357 4 2 16 28 142 842 877 1749
12358 4 2 16 28 469 601 2131 602
12359 4 2 16 28 2131 469 602 468
12360 4 2 16 28 77 67 2130 560
12361 4 2 16 28 86 129 844 1771
12362 4 2 16 28 441 669 2168 440
12363 4 2 16 28 669 441 2168 670
12364 4 2 16 28 2014 1868 1017 1033
12365 4 2 16 28 655 415 2090 654
12366 4 2 16 28 416 2090 415 654
12367 4 2 16 28 1955 1965 2145 1808
12368 4 2 16 28 881 882 1784 955
12369 4 2 16 28 426 2127 425 644
12370 4 2 16 28 2127 645 425 644
12371 4 2 16 28 829 1893 890 1289
12372 4 2 16 28 1280 1736 824 895
12373 4 2 16 28 2257 647 648 422
12374 4 2 16 28 1278 1813 885 834
12375 4 2 16 28 647 2257 423 422
12376 4 2 16 28 1179 2243 2043 2005
12377 4 2 16 28 2084 1942 2130 68
12378 4 2 16 28 206 1112 2696 2719
12379 4 2 16 28 753 106 2661 59
12380 4 2 16 28 2144 1936 2227 353
12381 4 2 16 28 2055 2034 2112 402
12382 4 2 16 28 2212 1999 2309 479
12383 4 2 16 28 1948 2094 259 258
12384 4 2 16 28 2124 434 2004 2125
12385 4 2 16 28 2147 1951 2278 264
12386 4 2 16 28 2278 263 1951 2043
12387 4 2 16 28 2043 2005 2137 1179
12388 4 2 16 28 71 1973 2132 2133
12389 4 2 16 28 263 2043 262 1951
12390 4 2 16 28 1968 2213 2235 303
12391 4 2 16 28 69 2293 2084 1925
12392 4 2 16 28 1111 2721 1112 561
12393 4 2 16 28 2088 426 2144 427
12394 4 2 16 28 2178 427 2088 2144
12395 4 2 16 28 425 2108 1210 424
12396 4 2 16 28 2058 2108 2127 424
12397 4 2 16 28 1944 2202 2215 421
12398 4 2 16 28 1936 351 2108 2093
12399 4 2 16 28 2216 1269 2073 2187
12400 4 2 16 28 2088 2178 2224 428
12401 4 2 16 28 425 2108 424 2127
12402 4 2 16 28 2127 1936 2144 1256
12403 4 2 16 28 1179 2243 262 2043
12404 4 2 16 28 2104 2007 2305 1252
12405 4 2 16 28 152 1879 1435 150
12406 4 2 16 28 1337 753 788 1411
12407 4 2 16 28 135 134 1736 1290
12408 4 2 16 28 1935 2030 2160 333
12409 4 2 16 28 1980 2181 2182 338
12410 4 2 16 28 2091 2181 2183 340
12411 4 2 16 28 2182 1980 338 337
12412 4 2 16 28 2166 1980 2312 1253
12413 4 2 16 28 2181 1980 2217 1229
12414 4 2 16 28 445 2044 2134 2225
12415 4 2 16 28 2045 2046 2281 443
12416 4 2 16 28 2123 2004 2124 1221
12417 4 2 16 28 2195 1159 1268 2004
12418 4 2 16 28 2081 2080 438 2156
12419 4 2 16 28 2080 438 2156 439
12420 4 2 16 28 2081 2077 2156 1264
12421 4 2 16 28 2081 2080 2196 438
12422 4 2 16 28 2241 2077 2126 347
12423 4 2 16 28 2046 2023 2316 1245
12424 4 2 16 28 2076 2124 2139 1263
12425 4 2 16 28 2139 2003 2206 1166
12426 4 2 16 28 2003 2139 2208 430
12427 4 2 16 28 1159 2195 2081 2004
12428 4 2 16 28 2004 2165 435 1268
12429 4 2 16 28 2195 2081 2196 437
12430 4 2 16 28 2124 434 2125 433
12431 4 2 16 28 2165 2004 2195 1268
12432 4 2 16 28 1938 2179 2211 319
12433 4 2 16 28 2017 316 2141 2170
12434 4 2 16 28 2179 2211 319 318
12435 4 2 16 28 2200 1225 470 2214
12436 4 2 16 28 2200 1225 2214 1938
12437 4 2 16 28 470 2214 1225 469
12438 4 2 16 28 2001 1984 2187 467
12439 4 2 16 28 2278 263 264 1951
12440 4 2 16 28 2286 2035 2301 325
12441 4 2 16 28 2301 2286 325 2242
12442 4 2 16 28 1983 2267 2313 323
12443 4 2 16 28 2300 2035 2302 1247
12444 4 2 16 28 312 1999 2128 1172
12445 4 2 16 28 1999 312 2158 311
12446 4 2 16 28 2141 2017 2159 1184
12447 4 2 16 28 1996 2146 2314 473
12448 4 2 16 28 1999 2158 2176 311
12449 4 2 16 28 2128 1946 2158 313
12450 4 2 16 28 85 695 35 22
12451 4 2 16 28 1789 1276 814 905
12452 4 2 16 28 1754 810 1869 1282
12453 4 2 16 28 1754 810 1282 909
12454 4 2 16 28 2018 2067 2075 1244
12455 4 2 16 28 2262 2056 2299 329
12456 4 2 16 28 2177 2262 2304 457
12457 4 2 16 28 2172 2056 2262 330
12458 4 2 16 28 333 2173 2030 332
12459 4 2 16 28 2166 2025 2273 451
12460 4 2 16 28 247 2169 2034 246
12461 4 2 16 28 385 1995 2278 384
12462 4 2 16 28 2094 1948 2104 258
12463 4 2 16 28 385 1995 384 2138
12464 4 2 16 28 385 2278 1188 384
12465 4 2 16 28 2067 2020 2075 1244
12466 4 2 16 28 1995 2067 2278 1242
12467 4 2 16 28 1995 385 2278 2043
12468 4 2 16 28 385 2278 2043 1188
12469 4 2 16 28 385 1995 2138 2043
12470 4 2 16 28 933 160 26 41
12471 4 2 16 28 2093 2108 2320 350
12472 4 2 16 28 2100 1972 2143 299
12473 4 2 16 28 1968 2011 2284 305
12474 4 2 16 28 2011 2069 304 1968
12475 4 2 16 28 2069 2052 2192 486
12476 4 2 16 28 1968 2011 305 304
12477 4 2 16 28 2011 2000 306 1226
12478 4 2 16 28 308 2040 2000 2185
12479 4 2 16 28 2040 1999 2176 310
12480 4 2 16 28 2075 2020 2252 381
12481 4 2 16 28 2064 2099 2244 269
12482 4 2 16 28 1973 2064 2135 1215
12483 4 2 16 28 2063 2100 2143 298
12484 4 2 16 28 490 2238 491 1972
12485 4 2 16 28 490 2238 1972 2142
12486 4 2 16 28 71 1973 376 1266
12487 4 2 16 28 2106 1972 2142 490
12488 4 2 16 28 2143 2100 299 298
12489 4 2 16 28 2068 2132 2133 71
12490 4 2 16 28 2154 72 2190 2031
12491 4 2 16 28 2034 1961 2112 403
12492 4 2 16 28 2031 2190 2197 406
12493 4 2 16 28 2031 1267 72 2190
12494 4 2 16 28 1933 2079 2153 248
12495 4 2 16 28 2034 1962 245 246
12496 4 2 16 28 1962 2034 2169 246
12497 4 2 16 28 2034 1962 2274 245
12498 4 2 16 28 1933 2034 2055 1219
12499 4 2 16 28 403 2034 402 2112
12500 4 2 16 28 405 1961 2154 2190
12501 4 2 16 28 1956 2121 2203 251
12502 4 2 16 28 2121 2028 2234 1236
12503 4 2 16 28 1950 2121 397 2307
12504 4 2 16 28 2121 1950 397 2189
12505 4 2 16 28 1181 2028 2234 2260
12506 4 2 16 28 2212 1172 2128 1999
12507 4 2 16 28 2203 2121 2234 252
12508 4 2 16 28 1112 2696 2719 1111
12509 4 2 16 28 2070 1944 2215 1155
12510 4 2 16 28 78 2721 1111 561
12511 4 2 16 28 1925 2061 2218 374
12512 4 2 16 28 2060 1994 2061 372
12513 4 2 16 28 2003 2253 1207 2178
12514 4 2 16 28 1994 2060 371 372
12515 4 2 16 28 2015 1994 2204 370
12516 4 2 16 28 2054 1930 2219 413
12517 4 2 16 28 2169 247 2034 1933
12518 4 2 16 28 1930 2054 2204 1258
12519 4 2 16 28 2060 1930 2204 1209
12520 4 2 16 28 156 1895 145 892
12521 4 2 16 28 2054 2219 2315 412
12522 4 2 16 28 1991 2062 2070 1158
12523 4 2 16 28 70 2293 1925 2070
12524 4 2 16 28 374 2062 1925 2061
12525 4 2 16 28 2062 1925 2070 375
12526 4 2 16 28 2062 1991 2162 418
12527 4 2 16 28 306 2186 2000 2011
12528 4 2 16 28 2000 2011 2115 1226
12529 4 2 16 28 2084 2130 2293 362
12530 4 2 16 28 299 2100 1222 298
12531 4 2 16 28 1963 2054 2315 1261
12532 4 2 16 28 2069 2011 304 1237
12533 4 2 16 28 71 1973 1266 2132
12534 4 2 16 28 1936 2093 2140 351
12535 4 2 16 28 2065 2018 2075 267
12536 4 2 16 28 1981 2177 2229 456
12537 4 2 16 28 1948 2094 2269 259
12538 4 2 16 28 2005 2094 2095 1173
12539 4 2 16 28 135 1736 1850 1290
12540 4 2 16 28 2064 1973 2102 62
12541 4 2 16 28 2187 2073 2296 1269
12542 4 2 16 28 2200 1938 2211 1199
12543 4 2 16 28 1994 2060 2204 371
12544 4 2 16 28 48 917 240 12
12545 4 2 16 28 2130 2070 2293 1156
12546 4 2 16 28 2044 2134 2183 1233
12547 4 2 16 28 330 2262 329 2056
12548 4 2 16 28 362 2130 68 2084
12549 4 2 16 28 208 209 562 2697
12550 4 2 16 28 2156 2077 2241 347
12551 4 2 16 28 1170 2312 2166 2025
12552 4 2 16 28 2186 306 2000 307
12553 4 2 16 28 1935 2160 2311 334
12554 4 2 16 28 2165 1268 2195 73
12555 4 2 16 28 2144 2089 2178 1259
12556 4 2 16 28 2034 403 402 1265
12557 4 2 16 28 2023 2046 2168 441
12558 4 2 16 28 2043 1951 2243 262
12559 4 2 16 28 1975 1950 2189 398
12560 4 2 16 28 1973 71 376 2133
12561 4 2 16 28 312 1999 2158 2128
12562 4 2 16 28 156 1805 920 893
12563 4 2 16 28 3 213 55 753
12564 4 2 16 28 2070 2062 375 1158
12565 4 2 16 28 374 2062 375 1925
12566 4 2 16 28 1222 299 1972 2100
12567 4 2 16 28 1980 2182 2312 337
12568 4 2 16 28 2156 2023 2168 440
12569 4 2 16 28 1946 2128 2295 313
12570 4 2 16 28 1941 2110 2149 2950
12571 4 2 16 28 2222 1931 2188 2953
12572 4 2 16 28 2222 2188 2148 2953
12573 4 2 16 28 1839 1718 1842 2966
12574 4 2 16 28 1838 1718 1839 2967
12575 4 2 16 28 1718 2966 1839 2967
12576 4 2 16 28 1822 1766 1817 2968
12577 4 2 16 28 1862 1914 1767 2973
12578 4 2 16 28 1818 1721 1817 2980
12579 4 2 16 28 1817 1818 2980 2981
12580 4 2 16 28 2097 2188 2248 2999
12581 4 2 16 28 2059 1954 2245 3003
12582 4 2 16 28 1762 1851 1849 3005
12583 4 2 16 28 1838 1762 1849 3006
12584 4 2 16 28 1718 1838 1849 3006
12585 4 2 16 28 1827 1882 1870 3007
12586 4 2 16 28 1825 1806 1743 3012
12587 4 2 16 28 1768 1839 1842 3037
12588 4 2 16 28 2223 2085 2258 3052
12589 4 2 16 28 1890 1719 1844 3079
12590 4 2 16 28 1942 2084 2277 3081
12591 4 2 16 28 66 2922 360 3090
12592 4 2 16 28 2096 2247 2249 3095
12593 4 2 16 28 1972 2238 1222 2100
12594 4 2 16 28 1972 1222 2238 491
12595 4 2 16 28 492 1222 2238 2100
12596 4 2 16 28 492 2238 1222 491
12597 4 2 16 28 815 1314 1872 707
12598 4 2 16 28 498 2143 1822 499
12599 4 2 16 28 498 1822 2143 3018
12600 4 2 16 28 2968 498 1822 499
12601 4 2 16 28 2968 1822 498 3018
12602 4 2 16 28 2793 498 2968 499
12603 4 2 16 28 2793 2968 498 3018
12604 4 2 16 28 881 1287 1784 838
12605 4 2 16 28 881 1784 1287 1855
12606 4 2 16 28 1774 1784 1287 838
12607 4 2 16 28 1774 1287 1784 1855
12608 4 2 16 28 377 1973 2133 2236
12609 4 2 16 28 377 2133 1973 376
12610 4 2 16 28 2141 2170 317 2071
12611 4 2 16 28 2141 317 2170 316
12612 4 2 16 28 2099 2244 268 2065
12613 4 2 16 28 2099 268 2244 269
12614 4 2 16 28 2673 779 2222 728
12615 4 2 16 28 2673 2222 779 3092
12616 4 2 16 28 27 26 2935 113
12617 4 2 16 28 27 2935 26 1143
12618 4 2 16 28 9 2923 2711 227
12619 4 2 16 28 2711 2923 9 6
12620 4 2 16 28 2923 226 2711 227
12621 4 2 16 28 2711 226 2923 6
12622 4 2 16 28 1779 873 1792 1898
12623 4 2 16 28 872 1792 873 1898
12624 4 2 16 28 872 873 1792 1392
12625 4 2 16 28 2976 1796 1744 1858
12626 4 2 16 28 909 1754 1803 1899
12627 4 2 16 28 909 1803 1754 810
12628 4 2 16 28 605 81 1818 2133
12629 4 2 16 28 605 1818 81 2981
12630 4 2 16 28 3016 81 1818 2981
12631 4 2 16 28 2061 2060 1211 2271
12632 4 2 16 28 2061 1211 2060 372
12633 4 2 16 28 1257 1211 2060 2271
12634 4 2 16 28 1257 2060 1211 372
12635 4 2 16 28 2213 1968 1740 502
12636 4 2 16 28 2213 1740 1968 2161
12637 4 2 16 28 66 2004 1168 2272
12638 4 2 16 28 66 1168 2004 1159
12639 4 2 16 28 2081 1168 2004 2272
12640 4 2 16 28 2081 2004 1168 1159
12641 4 2 16 28 1107 2716 2085 1116
12642 4 2 16 28 1107 2085 2716 2237
12643 4 2 16 28 657 658 1870 2219
12644 4 2 16 28 1870 658 657 3049
12645 4 2 16 28 1870 3040 657 2219
12646 4 2 16 28 657 3040 1870 3049
12647 4 2 16 28 2921 150 134 152
12648 4 2 16 28 2921 134 150 135
12649 4 2 16 28 1879 134 150 152
12650 4 2 16 28 1879 150 134 135
12651 4 2 16 28 2239 461 2041 2303
12652 4 2 16 28 2239 2041 461 462
12653 4 2 16 28 2046 441 1988 2168
12654 4 2 16 28 2046 1988 441 442
12655 4 2 16 28 2307 626 2221 625
12656 4 2 16 28 2307 2221 626 1950
12657 4 2 16 28 3008 2221 626 625
12658 4 2 16 28 3008 626 2221 1950
12659 4 2 16 28 732 733 2188 2680
12660 4 2 16 28 732 2188 733 3059
12661 4 2 16 28 1895 1731 156 145
12662 4 2 16 28 156 1731 1895 1835
12663 4 2 16 28 642 2111 1812 1842
12664 4 2 16 28 1812 2111 642 2088
12665 4 2 16 28 642 643 1812 2088
12666 4 2 16 28 1771 86 1291 88
12667 4 2 16 28 1291 86 1771 1819
12668 4 2 16 28 2021 607 1818 2236
12669 4 2 16 28 2021 1818 607 3061
12670 4 2 16 28 606 1818 607 2236
12671 4 2 16 28 1232 2159 1178 2295
12672 4 2 16 28 1232 1178 2159 476
12673 4 2 16 28 1998 1178 2159 2295
12674 4 2 16 28 1998 2159 1178 476
12675 4 2 16 28 2000 2185 307 308
12676 4 2 16 28 2000 307 2185 2186
12677 4 2 16 28 12 240 2958 917
12678 4 2 16 28 12 2958 240 2736
12679 4 2 16 28 213 3 3024 753
12680 4 2 16 28 213 3024 3 2703
12681 4 2 16 28 2105 1773 2164 621
12682 4 2 16 28 2164 1773 2105 1949
12683 4 2 16 28 622 3038 1773 621
12684 4 2 16 28 2105 622 1773 621
12685 4 2 16 28 1773 622 2105 1949
12686 4 2 16 28 493 2100 2238 2066
12687 4 2 16 28 493 2238 2100 492
12688 4 2 16 28 1233 340 2044 1180
12689 4 2 16 28 1233 2044 340 2183
12690 4 2 16 28 2181 2044 340 1180
12691 4 2 16 28 2181 340 2044 2183
12692 4 2 16 28 2162 2062 417 1990
12693 4 2 16 28 2162 417 2062 418
12694 4 2 16 28 1736 859 1845 1850
12695 4 2 16 28 1736 1845 859 896
12696 4 2 16 28 897 1845 859 1850
12697 4 2 16 28 897 859 1845 896
12698 4 2 16 28 879 878 958 1834
12699 4 2 16 28 879 958 878 1378
12700 4 2 16 28 1127 1126 2940 2739
12701 4 2 16 28 1127 2940 1126 2261
12702 4 2 16 28 2134 444 2225 2045
12703 4 2 16 28 2225 444 2134 445
12704 4 2 16 28 2715 1115 2237 1108
12705 4 2 16 28 2715 2237 1115 2277
12706 4 2 16 28 23 22 2934 101
12707 4 2 16 28 23 2934 22 1138
12708 4 2 16 28 84 2864 3030 1839
12709 4 2 16 28 84 3030 2864 665
12710 4 2 16 28 886 952 1813 885
12711 4 2 16 28 1813 952 886 1733
12712 4 2 16 28 1813 1281 886 885
12713 4 2 16 28 886 1281 1813 1733
12714 4 2 16 28 590 591 1914 2309
12715 4 2 16 28 590 1914 591 2996
12716 4 2 16 28 965 2937 171 1447
12717 4 2 16 28 965 171 2937 1847
12718 4 2 16 28 781 727 2953 726
12719 4 2 16 28 240 239 3089 717
12720 4 2 16 28 240 3089 239 2738
12721 4 2 16 28 214 213 2979 719
12722 4 2 16 28 214 2979 213 2705
12723 4 2 16 28 302 2213 2235 2078
12724 4 2 16 28 302 2235 2213 303
12725 4 2 16 28 2102 2064 297 2063
12726 4 2 16 28 2102 297 2064 62
12727 4 2 16 28 270 297 2064 2063
12728 4 2 16 28 270 2064 297 62
12729 4 2 16 28 2979 2237 1106 1107
12730 4 2 16 28 2979 1106 2237 2223
12731 4 2 16 28 124 827 1841 1358
12732 4 2 16 28 124 1841 827 1895
12733 4 2 16 28 2955 1841 827 1358
12734 4 2 16 28 2955 827 1841 1895
12735 4 2 16 28 219 4 2929 2702
12736 4 2 16 28 3090 1924 2076 2126
12737 4 2 16 28 3090 2076 1924 558
12738 4 2 16 28 597 1996 1921 596
12739 4 2 16 28 1921 1996 597 2146
12740 4 2 16 28 1921 1777 597 596
12741 4 2 16 28 722 723 2950 2679
12742 4 2 16 28 722 2950 723 3056
12743 4 2 16 28 3054 723 2950 3056
12744 4 2 16 28 891 947 1895 1794
12745 4 2 16 28 891 1895 947 892
12746 4 2 16 28 1835 1895 947 1794
12747 4 2 16 28 1835 947 1895 892
12748 4 2 16 28 217 216 1732 2662
12749 4 2 16 28 217 1732 216 3027
12750 4 2 16 28 1110 1942 78 1111
12751 4 2 16 28 78 1942 1110 3081
12752 4 2 16 28 78 2721 1110 1111
12753 4 2 16 28 1110 2721 78 3081
12754 4 2 16 28 723 784 2950 2679
12755 4 2 16 28 723 2950 784 3054
12756 4 2 16 28 785 2950 784 2679
12757 4 2 16 28 785 784 2950 3054
12758 4 2 16 28 3019 517 1959 1878
12759 4 2 16 28 3019 1959 517 516
12760 4 2 16 28 2166 1980 449 2294
12761 4 2 16 28 2166 449 1980 1253
12762 4 2 16 28 3053 10 3079 11
12763 4 2 16 28 2005 2137 388 2095
12764 4 2 16 28 388 2137 2005 387
12765 4 2 16 28 895 152 1805 894
12766 4 2 16 28 895 1805 152 1736
12767 4 2 16 28 825 1277 1805 894
12768 4 2 16 28 1277 895 1805 894
12769 4 2 16 28 1277 1805 895 1736
12770 4 2 16 28 2159 2141 474 1996
12771 4 2 16 28 2159 474 2141 1184
12772 4 2 16 28 1122 1129 2085 2741
12773 4 2 16 28 1122 2085 1129 2277
12774 4 2 16 28 354 2227 2144 2089
12775 4 2 16 28 354 2144 2227 353
12776 4 2 16 28 2054 2015 368 2319
12777 4 2 16 28 2054 368 2015 369
12778 4 2 16 28 2241 2047 1718 1924
12779 4 2 16 28 2241 1718 2047 544
12780 4 2 16 28 780 2673 2222 727
12781 4 2 16 28 780 2222 2673 3092
12782 4 2 16 28 2953 780 2222 727
12783 4 2 16 28 2953 2222 780 3092
12784 4 2 16 28 781 780 2953 727
12785 4 2 16 28 1257 416 2060 415
12786 4 2 16 28 1257 2060 416 2271
12787 4 2 16 28 2090 2060 416 415
12788 4 2 16 28 2090 416 2060 2271
12789 4 2 16 28 3085 3035 1812 646
12790 4 2 16 28 1812 3035 3085 1730
12791 4 2 16 28 1812 645 3085 646
12792 4 2 16 28 3085 645 1812 1730
12793 4 2 16 28 2934 22 2930 739
12794 4 2 16 28 2934 2930 22 14
12795 4 2 16 28 172 2938 164 1436
12796 4 2 16 28 164 2938 172 1446
12797 4 2 16 28 713 819 1757 1814
12798 4 2 16 28 713 1757 819 1325
12799 4 2 16 28 244 27 2935 113
12800 4 2 16 28 244 2935 27 1144
12801 4 2 16 28 1109 1110 2943 1942
12802 4 2 16 28 1109 2943 1110 2700
12803 4 2 16 28 2264 2265 410 2107
12804 4 2 16 28 2264 410 2265 409
12805 4 2 16 28 2104 256 2007 1252
12806 4 2 16 28 2104 2007 256 2297
12807 4 2 16 28 618 2163 388 617
12808 4 2 16 28 1947 2163 388 2095
12809 4 2 16 28 1947 388 2163 617
12810 4 2 16 28 848 847 910 1754
12811 4 2 16 28 848 910 847 1409
12812 4 2 16 28 2990 601 2820 2983
12813 4 2 16 28 2990 2820 601 600
12814 4 2 16 28 2001 1203 2131 468
12815 4 2 16 28 2001 2131 1203 2214
12816 4 2 16 28 469 2131 1203 468
12817 4 2 16 28 469 1203 2131 2214
12818 4 2 16 28 2093 68 548 349
12819 4 2 16 28 2093 548 68 78
12820 4 2 16 28 2130 548 68 349
12821 4 2 16 28 2130 68 548 78
12822 4 2 16 28 2238 577 1817 578
12823 4 2 16 28 1817 577 2238 1970
12824 4 2 16 28 838 837 1735 1784
12825 4 2 16 28 1735 837 838 3060
12826 4 2 16 28 2122 483 1226 2115
12827 4 2 16 28 1226 483 2122 1177
12828 4 2 16 28 1226 2000 2122 2115
12829 4 2 16 28 2122 2000 1226 1177
12830 4 2 16 28 2944 1797 2096 91
12831 4 2 16 28 2944 2096 1797 2118
12832 4 2 16 28 719 718 214 2667
12833 4 2 16 28 719 214 718 1318
12834 4 2 16 28 225 214 718 2667
12835 4 2 16 28 228 718 239 2694
12836 4 2 16 28 717 239 718 2694
12837 4 2 16 28 717 718 239 1319
12838 4 2 16 28 642 2992 1812 643
12839 4 2 16 28 1812 2992 642 1842
12840 4 2 16 28 2134 1986 1243 2281
12841 4 2 16 28 2134 1243 1986 1189
12842 4 2 16 28 1718 546 1838 545
12843 4 2 16 28 1718 1838 546 2967
12844 4 2 16 28 754 3024 2947 3
12845 4 2 16 28 2947 3024 754 755
12846 4 2 16 28 730 116 1943 97
12847 4 2 16 28 730 1943 116 3043
12848 4 2 16 28 2994 1943 116 97
12849 4 2 16 28 2994 116 1943 3043
12850 4 2 16 28 28 244 2925 100
12851 4 2 16 28 28 2925 244 1145
12852 4 2 16 28 2935 2925 244 100
12853 4 2 16 28 2935 244 2925 1145
12854 4 2 16 28 1803 811 1747 121
12855 4 2 16 28 1803 1747 811 1889
12856 4 2 16 28 148 1747 811 121
12857 4 2 16 28 148 811 1747 1889
12858 4 2 16 28 1161 2073 1216 464
12859 4 2 16 28 1161 1216 2073 2114
12860 4 2 16 28 2113 1216 2073 464
12861 4 2 16 28 2113 2073 1216 2114
12862 4 2 16 28 227 1118 2728 1119
12863 4 2 16 28 227 2728 1118 2711
12864 4 2 16 28 7 2728 1118 1119
12865 4 2 16 28 7 1118 2728 2711
12866 4 2 16 28 1113 1123 2710 2725
12867 4 2 16 28 1113 2710 1123 1114
12868 4 2 16 28 231 2710 1123 2725
12869 4 2 16 28 231 1123 2710 1114
12870 4 2 16 28 1113 221 2725 2710
12871 4 2 16 28 1113 2725 221 232
12872 4 2 16 28 231 2725 221 2710
12873 4 2 16 28 231 221 2725 232
12874 4 2 16 28 2085 1122 1116 1115
12875 4 2 16 28 2085 1116 1122 1121
12876 4 2 16 28 2707 1116 1122 1115
12877 4 2 16 28 2714 232 220 233
12878 4 2 16 28 2714 220 232 221
12879 4 2 16 28 3078 220 232 233
12880 4 2 16 28 3078 232 220 221
12881 4 2 16 28 1124 2714 2987 1125
12882 4 2 16 28 1124 2987 2714 1113
12883 4 2 16 28 1112 2987 2714 1125
12884 4 2 16 28 1112 2714 2987 1113
12885 4 2 16 28 1123 1115 2708 2723
12886 4 2 16 28 2708 1115 1123 1114
12887 4 2 16 28 2708 231 1123 2723
12888 4 2 16 28 1123 231 2708 1114
12889 4 2 16 28 1119 3052 1117 1118
12890 4 2 16 28 1117 3052 1119 1120
12891 4 2 16 28 1117 2713 1119 1118
12892 4 2 16 28 1119 2713 1117 1120
12893 4 2 16 28 587 1966 482 588
12894 4 2 16 28 2022 482 1966 588
12895 4 2 16 28 2022 1966 482 2122
12896 4 2 16 28 1940 2300 328 327
12897 4 2 16 28 1940 328 2300 2299
12898 4 2 16 28 2097 2946 2999 2928
12899 4 2 16 28 772 2999 2946 2928
12900 4 2 16 28 3090 546 1924 2126
12901 4 2 16 28 3090 1924 546 1718
12902 4 2 16 28 2241 1924 546 2126
12903 4 2 16 28 2241 546 1924 1718
12904 4 2 16 28 157 924 2994 782
12905 4 2 16 28 157 164 2994 924
12906 4 2 16 28 157 2994 164 3043
12907 4 2 16 28 943 2994 164 924
12908 4 2 16 28 943 164 2994 3043
12909 4 2 16 28 81 2068 1868 2133
12910 4 2 16 28 1868 2068 81 3016
12911 4 2 16 28 1868 1818 81 2133
12912 4 2 16 28 81 1818 1868 3016
12913 4 2 16 28 1157 1944 423 2108
12914 4 2 16 28 1157 423 1944 422
12915 4 2 16 28 2257 423 1944 2108
12916 4 2 16 28 2257 1944 423 422
12917 4 2 16 28 2132 1973 1162 2285
12918 4 2 16 28 1162 1973 2132 1266
12919 4 2 16 28 2132 495 1162 1266
12920 4 2 16 28 500 2029 300 499
12921 4 2 16 28 437 1159 2195 2081
12922 4 2 16 28 437 2195 1159 436
12923 4 2 16 28 936 962 2961 1467
12924 4 2 16 28 936 2961 962 1775
12925 4 2 16 28 963 2961 962 1467
12926 4 2 16 28 963 962 2961 1775
12927 4 2 16 28 704 703 3032 1300
12928 4 2 16 28 704 3032 703 3039
12929 4 2 16 28 813 814 1905 1859
12930 4 2 16 28 813 1905 814 1279
12931 4 2 16 28 1789 1905 814 1859
12932 4 2 16 28 1789 814 1905 1279
12933 4 2 16 28 273 248 2153 274
12934 4 2 16 28 273 2153 248 2169
12935 4 2 16 28 3048 2269 286 285
12936 4 2 16 28 3048 286 2269 1734
12937 4 2 16 28 2743 1124 2277 1127
12938 4 2 16 28 2743 2277 1124 3081
12939 4 2 16 28 2084 2277 1124 1127
12940 4 2 16 28 2084 1124 2277 3081
12941 4 2 16 28 453 2151 681 682
12942 4 2 16 28 724 723 2954 1360
12943 4 2 16 28 2954 723 724 3056
12944 4 2 16 28 2263 2162 419 651
12945 4 2 16 28 419 2162 2263 1991
12946 4 2 16 28 419 650 2263 651
12947 4 2 16 28 1265 1167 1961 403
12948 4 2 16 28 1961 1167 1265 2274
12949 4 2 16 28 1961 2034 1265 403
12950 4 2 16 28 1265 2034 1961 2274
12951 4 2 16 28 1111 205 2929 78
12952 4 2 16 28 1111 2929 205 2702
12953 4 2 16 28 3013 2266 1964 2265
12954 4 2 16 28 3013 1964 2266 1870
12955 4 2 16 28 243 23 2934 101
12956 4 2 16 28 243 2934 23 1139
12957 4 2 16 28 208 1126 2940 79
12958 4 2 16 28 208 2940 1126 2737
12959 4 2 16 28 2056 527 3103 1940
12960 4 2 16 28 2056 3103 527 528
12961 4 2 16 28 633 3094 2752 634
12962 4 2 16 28 2752 3094 633 3015
12963 4 2 16 28 2979 118 1934 95
12964 4 2 16 28 2979 1934 118 2933
12965 4 2 16 28 715 1934 118 95
12966 4 2 16 28 715 118 1934 2933
12967 4 2 16 28 862 136 2947 1763
12968 4 2 16 28 862 2947 136 1418
12969 4 2 16 28 1423 136 2947 1418
12970 4 2 16 28 1108 1107 2927 2699
12971 4 2 16 28 1108 2927 1107 2237
12972 4 2 16 28 1813 966 1828 1809
12973 4 2 16 28 1813 1828 966 967
12974 4 2 16 28 3106 532 2173 1935
12975 4 2 16 28 3106 2173 532 3071
12976 4 2 16 28 24 243 2926 112
12977 4 2 16 28 24 2926 243 1140
12978 4 2 16 28 2934 2926 243 112
12979 4 2 16 28 2934 243 2926 1140
12980 4 2 16 28 1994 1827 1725 1917
12981 4 2 16 28 1994 1725 1827 569
12982 4 2 16 28 10 206 2727 207
12983 4 2 16 28 1125 2727 206 207
12984 4 2 16 28 1125 206 2727 2712
12985 4 2 16 28 1944 2202 422 2257
12986 4 2 16 28 1944 422 2202 421
12987 4 2 16 28 1112 1113 2084 2721
12988 4 2 16 28 2084 1113 1112 2987
12989 4 2 16 28 2084 561 1112 2721
12990 4 2 16 28 1112 561 2084 2987
12991 4 2 16 28 2996 589 2763 590
12992 4 2 16 28 2996 2763 589 2959
12993 4 2 16 28 27 26 160 38
12994 4 2 16 28 160 26 27 113
12995 4 2 16 28 2258 1 2223 2720
12996 4 2 16 28 2258 2223 1 2086
12997 4 2 16 28 2192 485 2069 486
12998 4 2 16 28 2069 485 2192 2002
12999 4 2 16 28 3083 1903 2937 2961
13000 4 2 16 28 1797 2944 1748 91
13001 4 2 16 28 1748 2944 1797 1798
13002 4 2 16 28 3002 507 2769 506
13003 4 2 16 28 3002 2769 507 2973
13004 4 2 16 28 558 1924 358 2076
13005 4 2 16 28 558 358 1924 557
13006 4 2 16 28 472 2146 2314 2072
13007 4 2 16 28 472 2314 2146 473
13008 4 2 16 28 3018 2809 496 2796
13009 4 2 16 28 3018 496 2809 2980
13010 4 2 16 28 955 166 1784 1847
13011 4 2 16 28 955 1784 166 882
13012 4 2 16 28 2195 666 1772 665
13013 4 2 16 28 2195 1772 666 2196
13014 4 2 16 28 3030 1772 666 665
13015 4 2 16 28 3030 666 1772 2196
13016 4 2 16 28 210 206 561 211
13017 4 2 16 28 2696 561 206 211
13018 4 2 16 28 1982 688 458 2304
13019 4 2 16 28 458 688 1982 687
13020 4 2 16 28 2177 686 458 687
13021 4 2 16 28 1982 458 2177 2304
13022 4 2 16 28 2177 458 1982 687
13023 4 2 16 28 3064 673 2225 674
13024 4 2 16 28 3064 2225 673 1762
13025 4 2 16 28 354 2144 1259 2089
13026 4 2 16 28 354 1259 2144 1208
13027 4 2 16 28 2019 2075 1224 2244
13028 4 2 16 28 2065 1224 2075 2244
13029 4 2 16 28 2065 2075 1224 1200
13030 4 2 16 28 1916 685 2229 1858
13031 4 2 16 28 1916 2229 685 684
13032 4 2 16 28 2955 827 1363 721
13033 4 2 16 28 301 501 2029 500
13034 4 2 16 28 2029 501 301 2213
13035 4 2 16 28 2247 3096 2096 2201
13036 4 2 16 28 2247 2096 3096 3095
13037 4 2 16 28 2971 2096 3096 2201
13038 4 2 16 28 2971 3096 2096 3095
13039 4 2 16 28 3026 1274 2963 87
13040 4 2 16 28 3026 2963 1274 1820
13041 4 2 16 28 23 2934 15 1139
13042 4 2 16 28 15 2934 23 1138
13043 4 2 16 28 2935 27 19 1143
13044 4 2 16 28 2935 19 27 1144
13045 4 2 16 28 739 2934 101 768
13046 4 2 16 28 101 2934 739 22
13047 4 2 16 28 808 1795 809 1286
13048 4 2 16 28 808 809 1795 1869
13049 4 2 16 28 1754 809 1795 1286
13050 4 2 16 28 1754 1795 809 1869
13051 4 2 16 28 1820 1771 3026 1900
13052 4 2 16 28 1820 3026 1771 88
13053 4 2 16 28 2955 1725 2012 1929
13054 4 2 16 28 2955 2012 1725 1841
13055 4 2 16 28 1806 1743 3011 1832
13056 4 2 16 28 1806 3011 1743 3012
13057 4 2 16 28 1913 3074 169 3073
13058 4 2 16 28 1913 169 3074 112
13059 4 2 16 28 161 169 3074 3073
13060 4 2 16 28 161 3074 169 112
13061 4 2 16 28 2166 451 1979 450
13062 4 2 16 28 2166 1979 451 2273
13063 4 2 16 28 2236 2133 1818 2021
13064 4 2 16 28 1818 2133 2236 606
13065 4 2 16 28 3078 220 1844 219
13066 4 2 16 28 3078 1844 220 3079
13067 4 2 16 28 2666 1844 220 219
13068 4 2 16 28 2666 220 1844 3079
13069 4 2 16 28 233 3078 1890 2695
13070 4 2 16 28 1890 3078 233 3079
13071 4 2 16 28 1890 234 233 2695
13072 4 2 16 28 233 234 1890 3079
13073 4 2 16 28 25 24 161 39
13074 4 2 16 28 1838 671 1988 1762
13075 4 2 16 28 1838 1988 671 670
13076 4 2 16 28 2312 2025 335 2311
13077 4 2 16 28 2312 335 2025 1170
13078 4 2 16 28 2176 2959 510 1723
13079 4 2 16 28 510 2959 2176 509
13080 4 2 16 28 3016 1817 1818 1765
13081 4 2 16 28 3016 1818 1817 2981
13082 4 2 16 28 1302 810 2962 1803
13083 4 2 16 28 1302 2962 810 704
13084 4 2 16 28 2676 2999 773 734
13085 4 2 16 28 2676 773 2999 3000
13086 4 2 16 28 2959 507 2185 508
13087 4 2 16 28 2959 2185 507 1862
13088 4 2 16 28 1913 112 3091 1388
13089 4 2 16 28 1913 3091 112 2926
13090 4 2 16 28 768 3091 112 1388
13091 4 2 16 28 768 112 3091 2926
13092 4 2 16 28 3018 2099 2143 497
13093 4 2 16 28 3018 2143 2099 1721
13094 4 2 16 28 1934 2969 2933 2207
13095 4 2 16 28 1934 2933 2969 715
13096 4 2 16 28 792 2933 2969 2207
13097 4 2 16 28 792 2969 2933 715
13098 4 2 16 28 23 22 85 32
13099 4 2 16 28 85 22 23 101
13100 4 2 16 28 816 815 1872 1756
13101 4 2 16 28 816 1872 815 1314
13102 4 2 16 28 3085 2851 645 1730
13103 4 2 16 28 3085 645 2851 2805
13104 4 2 16 28 2930 697 2944 698
13105 4 2 16 28 2930 2944 697 21
13106 4 2 16 28 171 964 1750 1847
13107 4 2 16 28 1750 964 171 1464
13108 4 2 16 28 1750 2937 171 1847
13109 4 2 16 28 171 2937 1750 1464
13110 4 2 16 28 1949 393 623 622
13111 4 2 16 28 1254 2025 452 2290
13112 4 2 16 28 1254 452 2025 451
13113 4 2 16 28 2273 452 2025 2290
13114 4 2 16 28 2273 2025 452 451
13115 4 2 16 28 1851 1849 3065 1729
13116 4 2 16 28 1851 3065 1849 3005
13117 4 2 16 28 2223 1105 2258 2720
13118 4 2 16 28 2223 2258 1105 3052
13119 4 2 16 28 1118 2258 1105 2720
13120 4 2 16 28 1118 1105 2258 3052
13121 4 2 16 28 856 1833 899 1873
13122 4 2 16 28 856 899 1833 900
13123 4 2 16 28 1284 899 1833 1873
13124 4 2 16 28 1284 1833 899 900
13125 4 2 16 28 2994 2110 2149 1943
13126 4 2 16 28 2994 2149 2110 2950
13127 4 2 16 28 3100 1829 2171 2964
13128 4 2 16 28 3100 2171 1829 1815
13129 4 2 16 28 2026 2312 335 2311
13130 4 2 16 28 335 2312 2026 336
13131 4 2 16 28 2114 1161 2001 2296
13132 4 2 16 28 2938 172 968 1787
13133 4 2 16 28 2938 968 172 1446
13134 4 2 16 28 468 1984 2001 467
13135 4 2 16 28 468 2001 1984 2131
13136 4 2 16 28 3097 2201 2247 2097
13137 4 2 16 28 3097 2247 2201 3096
13138 4 2 16 28 3045 593 2191 1919
13139 4 2 16 28 3045 2191 593 594
13140 4 2 16 28 3040 2219 2136 2268
13141 4 2 16 28 3040 2136 2219 1870
13142 4 2 16 28 2064 269 1205 270
13143 4 2 16 28 2064 1205 269 2244
13144 4 2 16 28 2186 3002 2185 1862
13145 4 2 16 28 2186 2185 3002 506
13146 4 2 16 28 507 2185 3002 1862
13147 4 2 16 28 507 3002 2185 506
13148 4 2 16 28 1963 2054 368 2319
13149 4 2 16 28 1963 368 2054 1261
13150 4 2 16 28 2986 760 1954 2978
13151 4 2 16 28 2986 1954 760 747
13152 4 2 16 28 494 1970 577 576
13153 4 2 16 28 1321 3027 215 1909
13154 4 2 16 28 215 3027 1321 2979
13155 4 2 16 28 215 214 1321 1909
13156 4 2 16 28 1321 214 215 2979
13157 4 2 16 28 1882 566 2289 565
13158 4 2 16 28 2754 3098 693 2811
13159 4 2 16 28 693 3098 2754 3021
13160 4 2 16 28 170 960 1775 1884
13161 4 2 16 28 1775 960 170 2942
13162 4 2 16 28 26 934 2946 933
13163 4 2 16 28 2946 934 26 25
13164 4 2 16 28 84 2195 1772 665
13165 4 2 16 28 84 1772 2195 2082
13166 4 2 16 28 2990 601 1922 600
13167 4 2 16 28 2990 1922 601 1726
13168 4 2 16 28 1997 1922 2131 600
13169 4 2 16 28 1997 2131 1922 1726
13170 4 2 16 28 1922 601 2131 600
13171 4 2 16 28 1922 2131 601 1726
13172 4 2 16 28 2956 1953 2318 2041
13173 4 2 16 28 2956 2318 1953 1824
13174 4 2 16 28 3014 1882 564 565
13175 4 2 16 28 3014 564 1882 3044
13176 4 2 16 28 2289 564 1882 565
13177 4 2 16 28 2289 1882 564 3044
13178 4 2 16 28 219 218 3078 2668
13179 4 2 16 28 3078 218 219 3034
13180 4 2 16 28 2982 296 2099 2980
13181 4 2 16 28 2982 2099 296 295
13182 4 2 16 28 561 2721 3081 78
13183 4 2 16 28 3081 2721 561 2084
13184 4 2 16 28 3081 68 561 78
13185 4 2 16 28 561 68 3081 2084
13186 4 2 16 28 721 2950 786 722
13187 4 2 16 28 786 2950 721 1941
13188 4 2 16 28 904 1874 903 853
13189 4 2 16 28 3084 279 1720 1926
13190 4 2 16 28 3084 1720 279 3050
13191 4 2 16 28 1720 279 3058 1926
13192 4 2 16 28 3058 279 278 1926
13193 4 2 16 28 3091 766 1792 1392
13194 4 2 16 28 3091 1792 766 3004
13195 4 2 16 28 3072 1742 2116 1781
13196 4 2 16 28 3072 2116 1742 1948
13197 4 2 16 28 3013 2266 1722 1843
13198 4 2 16 28 3013 1722 2266 2265
13199 4 2 16 28 3093 1722 2266 1843
13200 4 2 16 28 3093 2266 1722 2265
13201 4 2 16 28 2969 2970 2951 712
13202 4 2 16 28 2969 2951 2970 2059
13203 4 2 16 28 711 2951 2970 712
13204 4 2 16 28 711 2970 2951 2059
13205 4 2 16 28 595 1996 1921 2191
13206 4 2 16 28 595 1921 1996 596
13207 4 2 16 28 3092 927 3043 2222
13208 4 2 16 28 3092 3043 927 940
13209 4 2 16 28 2040 2210 1171 1250
13210 4 2 16 28 2040 1171 2210 2205
13211 4 2 16 28 481 1171 2210 1250
13212 4 2 16 28 481 2210 1171 2205
13213 4 2 16 28 2682 2969 794 713
13214 4 2 16 28 2682 794 2969 2970
13215 4 2 16 28 2677 794 2969 713
13216 4 2 16 28 2677 2969 794 2970
13217 4 2 16 28 679 1979 449 678
13218 4 2 16 28 2117 1979 449 2166
13219 4 2 16 28 2117 449 1979 678
13220 4 2 16 28 1199 471 2211 2200
13221 4 2 16 28 1199 2211 471 1249
13222 4 2 16 28 2072 2211 471 2200
13223 4 2 16 28 2072 471 2211 1249
13224 4 2 16 28 2958 117 1941 155
13225 4 2 16 28 2958 1941 117 2931
13226 4 2 16 28 1848 2984 1721 2977
13227 4 2 16 28 1848 1721 2984 1815
13228 4 2 16 28 1857 1721 2984 2977
13229 4 2 16 28 1857 2984 1721 1815
13230 4 2 16 28 914 2958 2948 913
13231 4 2 16 28 2948 2958 914 12
13232 4 2 16 28 2952 1746 1790 2936
13233 4 2 16 28 2952 1790 1746 1755
13234 4 2 16 28 3097 2939 17 3074
13235 4 2 16 28 2111 641 3037 1842
13236 4 2 16 28 640 3037 641 1842
13237 4 2 16 28 3105 537 3065 3066
13238 4 2 16 28 3105 3065 537 2182
13239 4 2 16 28 1161 65 2001 1214
13240 4 2 16 28 1161 2001 65 2114
13241 4 2 16 28 2313 2001 65 1214
13242 4 2 16 28 2313 65 2001 2114
13243 4 2 16 28 334 534 1935 533
13244 4 2 16 28 1361 2955 828 722
13245 4 2 16 28 828 2955 1361 1791
13246 4 2 16 28 3001 3079 1836 1719
13247 4 2 16 28 1836 3079 3001 2932
13248 4 2 16 28 1926 278 253 279
13249 4 2 16 28 1926 253 278 2203
13250 4 2 16 28 1359 2954 831 725
13251 4 2 16 28 831 2954 1359 1786
13252 4 2 16 28 2964 2222 2953 1931
13253 4 2 16 28 2964 2953 2222 727
13254 4 2 16 28 3104 1718 1842 1910
13255 4 2 16 28 3104 1842 1718 2966
13256 4 2 16 28 2934 2971 3096 2926
13257 4 2 16 28 2934 3096 2971 3095
13258 4 2 16 28 2944 2057 2118 1798
13259 4 2 16 28 2944 2118 2057 2249
13260 4 2 16 28 2219 659 1870 1964
13261 4 2 16 28 2219 1870 659 658
13262 4 2 16 28 890 889 1893 1285
13263 4 2 16 28 890 1893 889 1738
13264 4 2 16 28 1823 1893 889 1285
13265 4 2 16 28 1823 889 1893 1738
13266 4 2 16 28 3101 1827 1837 3023
13267 4 2 16 28 3101 1837 1827 1719
13268 4 2 16 28 3076 690 2792 2976
13269 4 2 16 28 3076 2792 690 2818
13270 4 2 16 28 1877 2962 1939 1753
13271 4 2 16 28 1939 2962 1877 1974
13272 4 2 16 28 739 85 101 22
13273 4 2 16 28 739 101 85 1382
13274 4 2 16 28 2261 79 2084 69
13275 4 2 16 28 2261 2084 79 2987
13276 4 2 16 28 362 2084 79 69
13277 4 2 16 28 1994 1827 571 570
13278 4 2 16 28 571 1827 1994 1917
13279 4 2 16 28 1907 1974 2053 2173
13280 4 2 16 28 2053 1974 1907 1804
13281 4 2 16 28 458 457 2177 2304
13282 4 2 16 28 458 2177 457 686
13283 4 2 16 28 452 2024 2151 453
13284 4 2 16 28 2151 2024 452 2273
13285 4 2 16 28 2151 681 452 453
13286 4 2 16 28 452 681 2151 2273
13287 4 2 16 28 2026 335 1935 2311
13288 4 2 16 28 2026 1935 335 534
13289 4 2 16 28 334 1935 335 2311
13290 4 2 16 28 334 335 1935 534
13291 4 2 16 28 2071 2141 1193 317
13292 4 2 16 28 2071 1193 2141 2314
13293 4 2 16 28 1241 1193 2141 317
13294 4 2 16 28 1241 2141 1193 2314
13295 4 2 16 28 2860 3044 3015 1806
13296 4 2 16 28 3015 3044 2860 271
13297 4 2 16 28 633 2154 1825 634
13298 4 2 16 28 633 1825 2154 2155
13299 4 2 16 28 295 3061 2819 2799
13300 4 2 16 28 2819 3061 295 2982
13301 4 2 16 28 1810 3070 3066 1851
13302 4 2 16 28 3066 3070 1810 3067
13303 4 2 16 28 2979 787 118 720
13304 4 2 16 28 2979 118 787 2933
13305 4 2 16 28 1820 698 697 1275
13306 4 2 16 28 1820 697 698 2944
13307 4 2 16 28 535 3106 2026 534
13308 4 2 16 28 2026 3106 535 3105
13309 4 2 16 28 1355 1783 834 1853
13310 4 2 16 28 1355 834 1783 835
13311 4 2 16 28 1813 834 1783 1853
13312 4 2 16 28 1813 1783 834 835
13313 4 2 16 28 3049 570 3023 1827
13314 4 2 16 28 3049 3023 570 2803
13315 4 2 16 28 3037 2111 640 641
13316 4 2 16 28 3037 640 2111 2208
13317 4 2 16 28 2224 640 2111 641
13318 4 2 16 28 2224 2111 640 2208
13319 4 2 16 28 2046 2316 1195 1245
13320 4 2 16 28 2046 1195 2316 2279
13321 4 2 16 28 344 1195 2316 1245
13322 4 2 16 28 344 2316 1195 2279
13323 4 2 16 28 3049 568 2800 2853
13324 4 2 16 28 3049 2800 568 3007
13325 4 2 16 28 225 2726 229 2709
13326 4 2 16 28 229 224 225 2709
13327 4 2 16 28 225 224 229 3082
13328 4 2 16 28 228 229 225 2726
13329 4 2 16 28 225 229 228 3082
13330 4 2 16 28 3077 294 2819 2794
13331 4 2 16 28 3077 2819 294 2982
13332 4 2 16 28 1844 1732 3034 1769
13333 4 2 16 28 1844 3034 1732 3078
13334 4 2 16 28 2253 1260 357 2206
13335 4 2 16 28 357 1260 2253 356
13336 4 2 16 28 357 2092 2253 2206
13337 4 2 16 28 2253 2092 357 356
13338 4 2 16 28 122 816 3042 1876
13339 4 2 16 28 122 3042 816 1311
13340 4 2 16 28 2122 1966 483 2288
13341 4 2 16 28 393 394 1949 623
13342 4 2 16 28 393 1949 394 2220
13343 4 2 16 28 2221 1949 394 623
13344 4 2 16 28 2221 394 1949 2220
13345 4 2 16 28 3030 547 76 2762
13346 4 2 16 28 3030 76 547 2967
13347 4 2 16 28 16 3097 241 19
13348 4 2 16 28 16 241 3097 3096
13349 4 2 16 28 242 241 3097 19
13350 4 2 16 28 242 3097 241 3096
13351 4 2 16 28 1939 1877 1727 2120
13352 4 2 16 28 1727 1877 1939 1753
13353 4 2 16 28 3021 602 1984 1726
13354 4 2 16 28 3021 1984 602 603
13355 4 2 16 28 2987 1127 1124 2747
13356 4 2 16 28 2987 1124 1127 2084
13357 4 2 16 28 789 2661 56 226
13358 4 2 16 28 789 56 2661 106
13359 4 2 16 28 6 789 56 226
13360 4 2 16 28 6 56 789 106
13361 4 2 16 28 151 6 789 106
13362 4 2 16 28 2150 2030 1228 2317
13363 4 2 16 28 2150 1228 2030 1182
13364 4 2 16 28 890 1893 891 1289
13365 4 2 16 28 828 891 1893 1289
13366 4 2 16 28 3000 772 2097 932
13367 4 2 16 28 3000 2097 772 2999
13368 4 2 16 28 2946 2097 772 932
13369 4 2 16 28 2946 772 2097 2999
13370 4 2 16 28 548 3035 205 2929
13371 4 2 16 28 548 205 3035 2932
13372 4 2 16 28 4 205 3035 2929
13373 4 2 16 28 4 3035 205 2932
13374 4 2 16 28 1465 2961 963 937
13375 4 2 16 28 963 2961 1465 1750
13376 4 2 16 28 2191 476 593 594
13377 4 2 16 28 823 824 1736 1909
13378 4 2 16 28 823 1736 824 1280
13379 4 2 16 28 2289 1962 3044 564
13380 4 2 16 28 2289 3044 1962 2051
13381 4 2 16 28 41 38 160 26
13382 4 2 16 28 41 160 38 42
13383 4 2 16 28 2928 2097 2247 2248
13384 4 2 16 28 2928 2247 2097 3097
13385 4 2 16 28 2057 2963 2944 2249
13386 4 2 16 28 2944 2963 2057 1752
13387 4 2 16 28 3106 2173 2053 1935
13388 4 2 16 28 3106 2053 2173 1907
13389 4 2 16 28 1745 1916 2151 1785
13390 4 2 16 28 1745 2151 1916 3068
13391 4 2 16 28 1196 1933 1248 2180
13392 4 2 16 28 1196 1248 1933 248
13393 4 2 16 28 2079 1248 1933 2180
13394 4 2 16 28 2079 1933 1248 248
13395 4 2 16 28 297 62 296 270
13396 4 2 16 28 296 62 297 496
13397 4 2 16 28 296 2099 2063 270
13398 4 2 16 28 297 296 2063 270
13399 4 2 16 28 2063 296 297 496
13400 4 2 16 28 236 237 2957 2733
13401 4 2 16 28 236 2957 237 3029
13402 4 2 16 28 2963 3095 2944 2249
13403 4 2 16 28 2944 3095 2963 13
13404 4 2 16 28 151 52 48 51
13405 4 2 16 28 48 47 151 51
13406 4 2 16 28 151 47 48 2688
13407 4 2 16 28 59 106 56 60
13408 4 2 16 28 59 56 106 2661
13409 4 2 16 28 829 828 1893 1289
13410 4 2 16 28 1893 828 829 1791
13411 4 2 16 28 891 1895 1893 1794
13412 4 2 16 28 891 1893 1895 828
13413 4 2 16 28 837 143 1904 1784
13414 4 2 16 28 1904 143 837 126
13415 4 2 16 28 1904 1829 837 1784
13416 4 2 16 28 837 1829 1904 126
13417 4 2 16 28 2099 2977 1927 2231
13418 4 2 16 28 1927 2977 2099 1721
13419 4 2 16 28 577 2981 3016 1817
13420 4 2 16 28 3016 2981 577 576
13421 4 2 16 28 383 2020 1194 382
13422 4 2 16 28 383 1194 2020 2067
13423 4 2 16 28 3030 2812 2967 2859
13424 4 2 16 28 3030 2967 2812 1838
13425 4 2 16 28 546 2967 2812 2859
13426 4 2 16 28 546 2812 2967 1838
13427 4 2 16 28 1430 2965 916 1892
13428 4 2 16 28 916 2965 1430 914
13429 4 2 16 28 32 35 85 36
13430 4 2 16 28 32 85 35 22
13431 4 2 16 28 2965 916 1879 1429
13432 4 2 16 28 2965 1879 916 1892
13433 4 2 16 28 2201 2097 2939 2275
13434 4 2 16 28 2201 2939 2097 3097
13435 4 2 16 28 391 621 2164 620
13436 4 2 16 28 391 2164 621 2105
13437 4 2 16 28 2955 828 1895 1791
13438 4 2 16 28 2070 1991 420 2215
13439 4 2 16 28 2070 420 1991 1158
13440 4 2 16 28 2282 677 3070 676
13441 4 2 16 28 2282 3070 677 2117
13442 4 2 16 28 37 25 44 40
13443 4 2 16 28 44 25 37 2686
13444 4 2 16 28 2979 215 1107 2701
13445 4 2 16 28 2979 1107 215 2927
13446 4 2 16 28 1849 1937 2101 2184
13447 4 2 16 28 2101 1937 1849 1866
13448 4 2 16 28 486 2052 1187 2069
13449 4 2 16 28 1187 2052 486 487
13450 4 2 16 28 450 1979 449 679
13451 4 2 16 28 449 1979 450 2166
13452 4 2 16 28 803 3039 802 704
13453 4 2 16 28 802 3039 803 2995
13454 4 2 16 28 1763 898 1873 857
13455 4 2 16 28 1763 1873 898 1891
13456 4 2 16 28 702 703 2972 2681
13457 4 2 16 28 702 2972 703 3032
13458 4 2 16 28 2085 2746 1120 1131
13459 4 2 16 28 2085 1120 2746 3052
13460 4 2 16 28 215 216 2927 2699
13461 4 2 16 28 2927 216 215 3027
13462 4 2 16 28 1428 2948 154 1437
13463 4 2 16 28 972 2948 154 1835
13464 4 2 16 28 972 154 2948 1437
13465 4 2 16 28 3094 1880 1722 3093
13466 4 2 16 28 3094 1722 1880 1825
13467 4 2 16 28 2088 2127 1812 1993
13468 4 2 16 28 1812 2127 2088 644
13469 4 2 16 28 239 238 1780 2691
13470 4 2 16 28 239 1780 238 2949
13471 4 2 16 28 3057 1733 832 1854
13472 4 2 16 28 812 121 3046 1747
13473 4 2 16 28 812 3046 121 1310
13474 4 2 16 28 3002 1767 1862 1888
13475 4 2 16 28 3002 1862 1767 2973
13476 4 2 16 28 617 2137 3017 1947
13477 4 2 16 28 617 3017 2137 616
13478 4 2 16 28 29 30 87 21
13479 4 2 16 28 29 87 30 33
13480 4 2 16 28 34 87 30 21
13481 4 2 16 28 34 30 87 33
13482 4 2 16 28 40 39 161 43
13483 4 2 16 28 161 39 40 25
13484 4 2 16 28 161 44 40 43
13485 4 2 16 28 40 44 161 25
13486 4 2 16 28 2082 2165 1840 2083
13487 4 2 16 28 2082 1840 2165 84
13488 4 2 16 28 3083 1828 966 1809
13489 4 2 16 28 3086 1721 294 2977
13490 4 2 16 28 3086 294 1721 2982
13491 4 2 16 28 1173 388 2005 1230
13492 4 2 16 28 1173 2005 388 2095
13493 4 2 16 28 3001 1836 650 1837
13494 4 2 16 28 3001 650 1836 2932
13495 4 2 16 28 2924 2277 2957 1129
13496 4 2 16 28 2924 2957 2277 2012
13497 4 2 16 28 2937 1449 965 1809
13498 4 2 16 28 2937 965 1449 942
13499 4 2 16 28 130 845 696 1819
13500 4 2 16 28 130 696 845 1383
13501 4 2 16 28 1369 2998 840 1774
13502 4 2 16 28 840 2998 1369 734
13503 4 2 16 28 861 860 1782 1850
13504 4 2 16 28 861 1782 860 1425
13505 4 2 16 28 3053 5 3079 10
13506 4 2 16 28 3053 3079 5 2932
13507 4 2 16 28 34 31 697 21
13508 4 2 16 28 34 697 31 35
13509 4 2 16 28 695 22 697 35
13510 4 2 16 28 697 31 22 21
13511 4 2 16 28 697 22 31 35
13512 4 2 16 28 3017 3099 613 1886
13513 4 2 16 28 613 3099 3017 2138
13514 4 2 16 28 613 614 3017 1886
13515 4 2 16 28 3017 614 613 2138
13516 4 2 16 28 828 827 2955 1895
13517 4 2 16 28 828 2955 827 1363
13518 4 2 16 28 580 490 2238 491
13519 4 2 16 28 2238 490 580 2142
13520 4 2 16 28 2238 579 580 491
13521 4 2 16 28 1771 3026 844 88
13522 4 2 16 28 844 3026 1771 128
13523 4 2 16 28 840 2998 1887 1774
13524 4 2 16 28 1887 2998 840 1371
13525 4 2 16 28 783 3056 2994 724
13526 4 2 16 28 2994 3056 783 3054
13527 4 2 16 28 2960 1439 970 944
13528 4 2 16 28 2960 970 1439 1863
13529 4 2 16 28 2938 172 969 1436
13530 4 2 16 28 1187 2069 1968 304
13531 4 2 16 28 1968 2069 1187 2235
13532 4 2 16 28 1968 303 1187 304
13533 4 2 16 28 1187 303 1968 2235
13534 4 2 16 28 3029 230 1732 3028
13535 4 2 16 28 3029 1732 230 2689
13536 4 2 16 28 920 1339 791 893
13537 4 2 16 28 918 1339 920 1433
13538 4 2 16 28 920 1339 918 791
13539 4 2 16 28 1412 787 753 1338
13540 4 2 16 28 1412 753 787 752
13541 4 2 16 28 1412 897 859 858
13542 4 2 16 28 1412 859 897 1338
13543 4 2 16 28 3039 804 2972 703
13544 4 2 16 28 3039 2972 804 2995
13545 4 2 16 28 3078 222 217 1732
13546 4 2 16 28 3078 217 222 2665
13547 4 2 16 28 114 2946 772 159
13548 4 2 16 28 772 2946 114 2928
13549 4 2 16 28 3037 2083 1957 1768
13550 4 2 16 28 3037 1957 2083 2125
13551 4 2 16 28 1834 961 170 958
13552 4 2 16 28 1834 170 961 1884
13553 4 2 16 28 1995 2292 3099 2291
13554 4 2 16 28 1995 3099 2292 612
13555 4 2 16 28 2004 2123 66 1221
13556 4 2 16 28 2004 66 2123 2272
13557 4 2 16 28 2947 2086 1 2933
13558 4 2 16 28 2947 1 2086 2941
13559 4 2 16 28 2942 1466 961 1775
13560 4 2 16 28 2942 961 1466 935
13561 4 2 16 28 3088 1420 864 1746
13562 4 2 16 28 3088 864 1420 758
13563 4 2 16 28 476 477 2191 593
13564 4 2 16 28 476 2191 477 1998
13565 4 2 16 28 1989 2191 477 593
13566 4 2 16 28 1989 477 2191 1998
13567 4 2 16 28 625 395 2221 2307
13568 4 2 16 28 625 2221 395 624
13569 4 2 16 28 267 294 2231 293
13570 4 2 16 28 267 268 2231 294
13571 4 2 16 28 267 2231 268 2065
13572 4 2 16 28 2099 2231 268 294
13573 4 2 16 28 2099 268 2231 2065
13574 4 2 16 28 1439 2938 969 943
13575 4 2 16 28 969 2938 1439 1863
13576 4 2 16 28 3054 2938 3043 2149
13577 4 2 16 28 3054 3043 2938 943
13578 4 2 16 28 3052 2931 2746 2085
13579 4 2 16 28 3052 2746 2931 1132
13580 4 2 16 28 1131 2746 2931 2085
13581 4 2 16 28 1131 2931 2746 1132
13582 4 2 16 28 482 483 1966 587
13583 4 2 16 28 1966 483 482 2122
13584 4 2 16 28 1970 493 494 577
13585 4 2 16 28 1970 494 493 2066
13586 4 2 16 28 2138 1995 3099 2291
13587 4 2 16 28 3099 1995 2138 613
13588 4 2 16 28 3036 2097 2961 3000
13589 4 2 16 28 3036 2961 2097 2275
13590 4 2 16 28 557 357 1924 556
13591 4 2 16 28 2092 1924 357 556
13592 4 2 16 28 2092 357 1924 2206
13593 4 2 16 28 1223 2035 325 1197
13594 4 2 16 28 325 2035 1223 2286
13595 4 2 16 28 2197 2308 408 1928
13596 4 2 16 28 408 2308 2197 407
13597 4 2 16 28 301 2029 300 500
13598 4 2 16 28 301 300 2029 2230
13599 4 2 16 28 2202 420 2263 1991
13600 4 2 16 28 2202 2263 420 650
13601 4 2 16 28 419 2263 420 1991
13602 4 2 16 28 419 420 2263 650
13603 4 2 16 28 3024 108 2947 2933
13604 4 2 16 28 3024 2947 108 755
13605 4 2 16 28 467 1984 604 603
13606 4 2 16 28 2299 1190 1238 328
13607 4 2 16 28 2299 1238 1190 2039
13608 4 2 16 28 920 919 1339 1805
13609 4 2 16 28 920 1339 919 1433
13610 4 2 16 28 1327 1894 818 817
13611 4 2 16 28 1327 818 1894 1757
13612 4 2 16 28 1799 818 1894 817
13613 4 2 16 28 1799 1894 818 1757
13614 4 2 16 28 845 129 86 1819
13615 4 2 16 28 845 86 129 1382
13616 4 2 16 28 864 3088 1896 1422
13617 4 2 16 28 1896 3088 864 1746
13618 4 2 16 28 3083 1750 1903 1751
13619 4 2 16 28 3083 1903 1750 2937
13620 4 2 16 28 348 2272 2123 66
13621 4 2 16 28 348 2123 2272 2077
13622 4 2 16 28 3080 3104 1842 3037
13623 4 2 16 28 1842 3104 3080 2966
13624 4 2 16 28 1842 1839 3080 3037
13625 4 2 16 28 3080 1839 1842 2966
13626 4 2 16 28 66 547 3090 348
13627 4 2 16 28 3090 547 66 2922
13628 4 2 16 28 3097 242 2935 2247
13629 4 2 16 28 3097 2935 242 19
13630 4 2 16 28 2024 452 1176 453
13631 4 2 16 28 2024 1176 452 2290
13632 4 2 16 28 1021 2145 1965 1808
13633 4 2 16 28 1965 2145 1021 1037
13634 4 2 16 28 2942 961 170 1775
13635 4 2 16 28 2942 170 961 1463
13636 4 2 16 28 3097 2939 2942 17
13637 4 2 16 28 2942 2939 3097 2097
13638 4 2 16 28 2942 2946 3097 17
13639 4 2 16 28 3097 2946 2942 2097
13640 4 2 16 28 1240 2078 1192 302
13641 4 2 16 28 1240 1192 2078 2280
13642 4 2 16 28 3074 24 25 1141
13643 4 2 16 28 2175 1014 1976 1030
13644 4 2 16 28 1976 1014 2175 1807
13645 4 2 16 28 2009 1019 2129 1035
13646 4 2 16 28 2009 2129 1019 1773
13647 4 2 16 28 2010 1843 1022 1958
13648 4 2 16 28 1022 1843 2010 1761
13649 4 2 16 28 1023 1993 1992 1039
13650 4 2 16 28 1023 1992 1993 1812
13651 4 2 16 28 2734 3089 1130 2931
13652 4 2 16 28 2924 1130 3089 2931
13653 4 2 16 28 2924 3089 1130 2949
13654 4 2 16 28 2240 408 2197 1220
13655 4 2 16 28 2197 408 2240 1928
13656 4 2 16 28 521 65 522 75
13657 4 2 16 28 2106 1246 1192 2283
13658 4 2 16 28 1192 1246 2106 489
13659 4 2 16 28 2073 1269 1161 2296
13660 4 2 16 28 2073 1161 1269 465
13661 4 2 16 28 567 367 2109 566
13662 4 2 16 28 2015 368 2109 567
13663 4 2 16 28 2015 2109 368 2319
13664 4 2 16 28 367 2109 368 567
13665 4 2 16 28 2082 1009 1987 1025
13666 4 2 16 28 2082 1987 1009 1772
13667 4 2 16 28 3074 2942 1770 2939
13668 4 2 16 28 3074 1770 2942 3073
13669 4 2 16 28 404 2155 632 633
13670 4 2 16 28 561 209 2697 210
13671 4 2 16 28 207 561 2697 210
13672 4 2 16 28 207 2697 561 2987
13673 4 2 16 28 206 561 207 210
13674 4 2 16 28 206 207 561 2987
13675 4 2 16 28 345 2023 1245 2316
13676 4 2 16 28 1245 2023 345 1201
13677 4 2 16 28 1032 1821 1015 2256
13678 4 2 16 28 1032 1015 1821 1016
13679 4 2 16 28 61 271 563 64
13680 4 2 16 28 61 563 271 1962
13681 4 2 16 28 1976 1778 1014 1921
13682 4 2 16 28 1976 1014 1778 2193
13683 4 2 16 28 1021 2032 1965 1037
13684 4 2 16 28 1021 1965 2032 1880
13685 4 2 16 28 908 131 148 1292
13686 4 2 16 28 908 148 131 1889
13687 4 2 16 28 389 2163 388 618
13688 4 2 16 28 389 388 2163 2095
13689 4 2 16 28 2199 1012 2042 1915
13690 4 2 16 28 2199 2042 1012 1028
13691 4 2 16 28 79 561 2084 362
13692 4 2 16 28 79 2084 561 2987
13693 4 2 16 28 3090 2077 347 2126
13694 4 2 16 28 3090 347 2077 348
13695 4 2 16 28 1819 699 1771 1291
13696 4 2 16 28 1819 1771 699 1820
13697 4 2 16 28 88 1771 699 1291
13698 4 2 16 28 88 699 1771 1820
13699 4 2 16 28 1156 2130 1155 67
13700 4 2 16 28 1156 1155 2130 2070
13701 4 2 16 28 1944 1155 2130 67
13702 4 2 16 28 1944 2130 1155 2070
13703 4 2 16 28 72 405 2190 1267
13704 4 2 16 28 72 2190 405 2154
13705 4 2 16 28 205 212 3041 560
13706 4 2 16 28 205 3041 212 2696
13707 4 2 16 28 2755 3041 212 560
13708 4 2 16 28 917 151 48 2688
13709 4 2 16 28 917 48 151 52
13710 4 2 16 28 1333 899 857 1415
13711 4 2 16 28 856 899 857 1873
13712 4 2 16 28 856 857 899 1415
13713 4 2 16 28 856 855 900 1833
13714 4 2 16 28 856 900 855 1417
13715 4 2 16 28 1833 818 819 1757
13716 4 2 16 28 1833 819 818 1288
13717 4 2 16 28 470 2131 2214 469
13718 4 2 16 28 470 2214 2131 2200
13719 4 2 16 28 2262 1185 456 1981
13720 4 2 16 28 456 1185 2262 457
13721 4 2 16 28 456 2177 2262 1981
13722 4 2 16 28 2262 2177 456 457
13723 4 2 16 28 386 2138 2043 385
13724 4 2 16 28 386 2043 2138 2137
13725 4 2 16 28 227 9 151 47
13726 4 2 16 28 227 151 9 2923
13727 4 2 16 28 149 151 9 47
13728 4 2 16 28 2143 1972 300 299
13729 4 2 16 28 2143 300 1972 2230
13730 4 2 16 28 884 883 954 1908
13731 4 2 16 28 884 954 883 1351
13732 4 2 16 28 958 957 879 1901
13733 4 2 16 28 958 879 957 1460
13734 4 2 16 28 635 2125 435 434
13735 4 2 16 28 635 435 2125 2165
13736 4 2 16 28 2004 435 2125 434
13737 4 2 16 28 2004 2125 435 2165
13738 4 2 16 28 2696 1111 205 2719
13739 4 2 16 28 2696 205 1111 78
13740 4 2 16 28 1256 2127 1210 425
13741 4 2 16 28 1256 1210 2127 1936
13742 4 2 16 28 2108 1210 2127 425
13743 4 2 16 28 2108 2127 1210 1936
13744 4 2 16 28 833 832 3057 1733
13745 4 2 16 28 833 3057 832 1357
13746 4 2 16 28 404 403 2155 1961
13747 4 2 16 28 404 2155 403 632
13748 4 2 16 28 3021 1824 3020 1726
13749 4 2 16 28 1824 1796 3020 1726
13750 4 2 16 28 2188 2248 3059 1969
13751 4 2 16 28 2188 3059 2248 2999
13752 4 2 16 28 2998 3059 2248 1969
13753 4 2 16 28 2998 2248 3059 2999
13754 4 2 16 28 161 934 25 44
13755 4 2 16 28 161 25 934 3073
13756 4 2 16 28 494 1162 2132 495
13757 4 2 16 28 494 2132 1162 2285
13758 4 2 16 28 206 5 2727 2712
13759 4 2 16 28 206 2727 5 10
13760 4 2 16 28 233 2727 5 2712
13761 4 2 16 28 233 5 2727 10
13762 4 2 16 28 3020 2983 1796 2945
13763 4 2 16 28 3020 1796 2983 1726
13764 4 2 16 28 1878 1796 2983 2945
13765 4 2 16 28 1878 2983 1796 1726
13766 4 2 16 28 2179 2945 1727 1878
13767 4 2 16 28 1727 2945 2179 1985
13768 4 2 16 28 891 948 1893 890
13769 4 2 16 28 891 1893 948 1794
13770 4 2 16 28 1738 1893 948 890
13771 4 2 16 28 1738 948 1893 1794
13772 4 2 16 28 107 1879 2941 1424
13773 4 2 16 28 107 2941 1879 2965
13774 4 2 16 28 1782 2941 1879 1424
13775 4 2 16 28 1782 1879 2941 2965
13776 4 2 16 28 648 2749 2932 649
13777 4 2 16 28 2932 2749 648 3035
13778 4 2 16 28 2932 1836 648 649
13779 4 2 16 28 648 1836 2932 3035
13780 4 2 16 28 2810 3021 602 603
13781 4 2 16 28 602 3021 2810 3020
13782 4 2 16 28 587 3002 2769 2821
13783 4 2 16 28 2769 3002 587 2973
13784 4 2 16 28 238 239 3089 2734
13785 4 2 16 28 3089 239 238 2949
13786 4 2 16 28 3089 1130 238 2734
13787 4 2 16 28 238 1130 3089 2949
13788 4 2 16 28 1924 358 357 557
13789 4 2 16 28 1924 357 358 2206
13790 4 2 16 28 2965 2 2259 7
13791 4 2 16 28 2965 2259 2 2941
13792 4 2 16 28 2258 2259 2 7
13793 4 2 16 28 467 466 1984 2187
13794 4 2 16 28 467 1984 466 604
13795 4 2 16 28 82 466 1984 604
13796 4 2 16 28 2109 1963 368 2319
13797 4 2 16 28 2109 368 1963 367
13798 4 2 16 28 2267 322 522 521
13799 4 2 16 28 2267 522 322 2313
13800 4 2 16 28 65 522 322 521
13801 4 2 16 28 65 322 522 2313
13802 4 2 16 28 1984 74 466 82
13803 4 2 16 28 466 74 1984 2187
13804 4 2 16 28 79 2697 561 209
13805 4 2 16 28 79 561 2697 2987
13806 4 2 16 28 3074 161 25 24
13807 4 2 16 28 3074 25 161 3073
13808 4 2 16 28 3098 1824 3020 3021
13809 4 2 16 28 226 225 227 718
13810 4 2 16 28 226 227 225 2713
13811 4 2 16 28 228 227 225 718
13812 4 2 16 28 6 2923 789 226
13813 4 2 16 28 6 789 2923 151
13814 4 2 16 28 227 789 2923 226
13815 4 2 16 28 227 2923 789 151
13816 4 2 16 28 873 1792 3091 1779
13817 4 2 16 28 873 3091 1792 1392
13818 4 2 16 28 1805 1780 1277 825
13819 4 2 16 28 1805 1277 1780 1736
13820 4 2 16 28 824 1277 1780 825
13821 4 2 16 28 824 1780 1277 1736
13822 4 2 16 28 2981 1818 2808 606
13823 4 2 16 28 2981 2808 1818 3061
13824 4 2 16 28 607 2808 1818 606
13825 4 2 16 28 607 1818 2808 3061
13826 4 2 16 28 2980 497 3018 496
13827 4 2 16 28 2980 3018 497 2099
13828 4 2 16 28 296 2063 2980 496
13829 4 2 16 28 296 2980 2063 2099
13830 4 2 16 28 2063 497 2980 496
13831 4 2 16 28 2063 2980 497 2099
13832 4 2 16 28 622 623 1902 3038
13833 4 2 16 28 1902 623 622 1949
13834 4 2 16 28 1902 1773 622 3038
13835 4 2 16 28 622 1773 1902 1949
13836 4 2 16 28 2937 171 163 1464
13837 4 2 16 28 2937 163 171 1447
13838 4 2 16 28 1106 3052 2237 2223
13839 4 2 16 28 597 1921 1922 1777
13840 4 2 16 28 1922 1921 597 2146
13841 4 2 16 28 815 903 1874 1756
13842 4 2 16 28 1874 903 815 904
13843 4 2 16 28 815 1276 1874 904
13844 4 2 16 28 2929 1110 1942 3034
13845 4 2 16 28 2929 1942 1110 1111
13846 4 2 16 28 219 2704 2929 3034
13847 4 2 16 28 219 2929 2704 1111
13848 4 2 16 28 2704 1110 2929 3034
13849 4 2 16 28 2704 2929 1110 1111
13850 4 2 16 28 1216 1983 65 323
13851 4 2 16 28 1216 65 1983 2114
13852 4 2 16 28 2313 65 1983 323
13853 4 2 16 28 2313 1983 65 2114
13854 4 2 16 28 2109 2289 1882 566
13855 4 2 16 28 2109 1882 2289 2051
13856 4 2 16 28 214 718 3082 225
13857 4 2 16 28 214 3082 718 1318
13858 4 2 16 28 718 239 3082 228
13859 4 2 16 28 718 3082 239 1319
13860 4 2 16 28 229 2724 1116 1121
13861 4 2 16 28 1122 2724 1116 2707
13862 4 2 16 28 1122 1116 2724 1121
13863 4 2 16 28 136 2947 861 1423
13864 4 2 16 28 136 861 2947 1763
13865 4 2 16 28 967 940 3083 1450
13866 4 2 16 28 3083 940 967 1828
13867 4 2 16 28 3083 966 967 1450
13868 4 2 16 28 967 966 3083 1828
13869 4 2 16 28 1169 2006 391 2305
13870 4 2 16 28 1169 391 2006 390
13871 4 2 16 28 2164 391 2006 2305
13872 4 2 16 28 2164 2006 391 390
13873 4 2 16 28 1112 561 1125 2696
13874 4 2 16 28 1112 1125 561 2987
13875 4 2 16 28 206 1125 561 2696
13876 4 2 16 28 206 561 1125 2987
13877 4 2 16 28 461 460 2035 1197
13878 4 2 16 28 2035 460 461 2303
13879 4 2 16 28 461 2239 2035 2303
13880 4 2 16 28 2075 1224 380 2019
13881 4 2 16 28 2075 380 1224 1200
13882 4 2 16 28 1299 1803 1804 121
13883 4 2 16 28 1804 1803 1299 2962
13884 4 2 16 28 1804 93 1299 121
13885 4 2 16 28 1299 93 1804 2962
13886 4 2 16 28 2938 1787 969 172
13887 4 2 16 28 969 1787 2938 1863
13888 4 2 16 28 279 2831 3009 278
13889 4 2 16 28 3009 2831 279 3050
13890 4 2 16 28 3009 3058 279 278
13891 4 2 16 28 2931 791 2958 3089
13892 4 2 16 28 2931 2958 791 117
13893 4 2 16 28 96 716 2931 3089
13894 4 2 16 28 96 2931 716 117
13895 4 2 16 28 716 791 2931 3089
13896 4 2 16 28 716 2931 791 117
13897 4 2 16 28 473 1241 1996 474
13898 4 2 16 28 473 1996 1241 2314
13899 4 2 16 28 2141 1996 1241 474
13900 4 2 16 28 2141 1241 1996 2314
13901 4 2 16 28 483 2288 587 586
13902 4 2 16 28 483 587 2288 1966
13903 4 2 16 28 1767 587 2288 586
13904 4 2 16 28 1767 2288 587 1966
13905 4 2 16 28 925 780 2953 781
13906 4 2 16 28 2953 780 925 3092
13907 4 2 16 28 2953 158 925 781
13908 4 2 16 28 639 638 3037 3080
13909 4 2 16 28 3037 638 639 2087
13910 4 2 16 28 637 2125 3037 3080
13911 4 2 16 28 3037 2125 637 2087
13912 4 2 16 28 638 637 3037 3080
13913 4 2 16 28 3037 637 638 2087
13914 4 2 16 28 2948 154 915 1428
13915 4 2 16 28 2948 915 154 1835
13916 4 2 16 28 22 697 2930 695
13917 4 2 16 28 22 2930 697 21
13918 4 2 16 28 580 2238 1817 579
13919 4 2 16 28 1817 2238 580 2142
13920 4 2 16 28 580 2968 1817 2142
13921 4 2 16 28 151 6 9 2923
13922 4 2 16 28 151 9 6 149
13923 4 2 16 28 3041 212 211 2755
13924 4 2 16 28 3041 211 212 2696
13925 4 2 16 28 899 857 898 1333
13926 4 2 16 28 899 898 857 1873
13927 4 2 16 28 1796 3076 3098 2945
13928 4 2 16 28 3098 3020 1796 2945
13929 4 2 16 28 1824 1796 3098 3020
13930 4 2 16 28 230 224 2724 2707
13931 4 2 16 28 230 2724 224 229
13932 4 2 16 28 1116 2724 224 2707
13933 4 2 16 28 1116 224 2724 229
13934 4 2 16 28 548 78 205 560
13935 4 2 16 28 548 205 78 2929
13936 4 2 16 28 2930 2971 739 111
13937 4 2 16 28 2930 739 2971 2934
13938 4 2 16 28 768 739 2971 111
13939 4 2 16 28 768 2971 739 2934
13940 4 2 16 28 717 791 240 790
13941 4 2 16 28 717 240 791 3089
13942 4 2 16 28 1744 2976 1824 1796
13943 4 2 16 28 1824 2976 1744 2956
13944 4 2 16 28 2976 3098 1824 1796
13945 4 2 16 28 1824 3098 2976 2956
13946 4 2 16 28 2976 3076 3098 1796
13947 4 2 16 28 3098 3076 2976 2956
13948 4 2 16 28 1107 2085 3052 2717
13949 4 2 16 28 3052 2085 1107 2237
13950 4 2 16 28 3052 1106 1107 2717
13951 4 2 16 28 1107 1106 3052 2237
13952 4 2 16 28 2929 219 1844 4
13953 4 2 16 28 1844 219 2929 3034
13954 4 2 16 28 815 1859 1874 1276
13955 4 2 16 28 815 1874 1859 1756
13956 4 2 16 28 461 1223 2035 2239
13957 4 2 16 28 461 2035 1223 1197
13958 4 2 16 28 1720 279 3009 3058
13959 4 2 16 28 3009 279 1720 3050
13960 4 2 16 28 925 163 2953 3092
13961 4 2 16 28 925 2953 163 158
13962 4 2 16 28 2259 2 2086 2258
13963 4 2 16 28 2259 2086 2 2941
13964 4 2 16 28 227 225 2730 228
13965 4 2 16 28 227 2730 225 2713
13966 4 2 16 28 1120 2730 225 228
13967 4 2 16 28 1120 225 2730 2713
13968 4 2 16 28 2706 205 3041 2932
13969 4 2 16 28 2706 3041 205 206
13970 4 2 16 28 3053 5 3041 2932
13971 4 2 16 28 3053 3041 5 206
13972 4 2 16 28 5 2706 3041 2932
13973 4 2 16 28 5 3041 2706 206
13974 4 2 16 28 580 2793 3018 2968
13975 4 2 16 28 3018 2793 580 579
13976 4 2 16 28 3018 1817 580 2968
13977 4 2 16 28 580 1817 3018 579
13978 4 2 17 29 2425 2201 2275 2097
13979 4 2 17 29 2201 2554 2425 2321
13980 4 2 17 29 2429 2233 2484 2554
13981 4 2 17 29 2329 2491 2049 2369
13982 4 2 17 29 2453 2425 2096 2332
13983 4 2 17 29 2425 2249 2453 2096
13984 4 2 17 29 1987 1026 2194 2394
13985 4 2 17 29 1046 1045 2385 2175
13986 4 2 17 29 2254 2429 2334 2405
13987 4 2 17 29 2440 2288 1966 2122
13988 4 2 17 29 2209 2433 2369 2325
13989 4 2 17 29 2049 2248 2329 2369
13990 4 2 17 29 2119 2366 2415 2339
13991 4 2 17 29 2248 1969 2424 2369
13992 4 2 17 29 2398 2288 2440 2122
13993 4 2 17 29 2424 2275 2321 2148
13994 4 2 17 29 1047 2354 2400 2255
13995 4 2 17 29 1044 2360 2042 1043
13996 4 2 17 29 2258 2528 2484 2347
13997 4 2 17 29 2366 2496 2339 1943
13998 4 2 17 29 2409 1049 2503 2014
13999 4 2 17 29 190 1044 2395 2036
14000 4 2 17 29 2256 2356 2400 1047
14001 4 2 17 29 1952 2014 2103 2345
14002 4 2 17 29 2364 1976 1046 2385
14003 4 2 17 29 2259 2484 2321 2485
14004 4 2 17 29 2356 2157 2441 1048
14005 4 2 17 29 2426 2276 2350 2334
14006 4 2 17 29 1977 2101 2254 2405
14007 4 2 17 29 2247 2425 2249 2329
14008 4 2 17 29 2484 2485 2258 2347
14009 4 2 17 29 2310 2378 2487 2354
14010 4 2 17 29 2415 2473 2110 2339
14011 4 2 17 29 2222 2328 2366 2496
14012 4 2 17 29 2451 2089 2228 2253
14013 4 2 17 29 2053 2379 2353 2475
14014 4 2 17 29 2353 2493 1954 2554
14015 4 2 17 29 2424 2188 2328 2502
14016 4 2 17 29 2369 2502 2433 2209
14017 4 2 17 29 2348 1054 2439 1945
14018 4 2 17 29 2405 2101 2392 2322
14019 4 2 17 29 2191 1976 2193 2364
14020 4 2 17 29 2354 1047 2487 2255
14021 4 2 17 29 2382 2406 2242 2430
14022 4 2 17 29 2470 1988 2384 2394
14023 4 2 17 29 1945 1038 1992 2348
14024 4 2 17 29 2354 2398 2288 2440
14025 4 2 17 29 2353 2250 2379 2053
14026 4 2 17 29 1032 187 2013 2410
14027 4 2 17 29 2404 2324 2298 2540
14028 4 2 17 29 2334 2223 2528 2484
14029 4 2 17 29 2266 2363 2376 2444
14030 4 2 17 29 187 1033 2013 2410
14031 4 2 17 29 2398 2354 2288 2477
14032 4 2 17 29 2463 2384 1988 2394
14033 4 2 17 29 2260 2404 2423 2324
14034 4 2 17 29 2263 2510 2431 2368
14035 4 2 17 29 2013 2014 2068 2503
14036 4 2 17 29 2389 1977 2426 2405
14037 4 2 17 29 2506 2294 2365 2500
14038 4 2 17 29 2037 1948 2116 2561
14039 4 2 17 29 2369 1969 2502 2209
14040 4 2 17 29 2233 2484 2207 2429
14041 4 2 17 29 2260 2028 2234 2324
14042 4 2 17 29 2561 2328 2366 2116
14043 4 2 17 29 2008 2324 2366 2540
14044 4 2 17 29 2268 2337 2376 2439
14045 4 2 17 29 2485 2259 2484 2258
14046 4 2 17 29 2348 2510 2263 2368
14047 4 2 17 29 2451 2089 2559 2228
14048 4 2 17 29 1992 1038 1039 2348
14049 4 2 17 29 1039 1040 1957 2352
14050 4 2 17 29 1044 2042 2340 2199
14051 4 2 17 29 2324 2198 2404 2298
14052 4 2 17 29 2157 1970 2256 2356
14053 4 2 17 29 1954 2429 2353 2554
14054 4 2 17 29 2014 2409 1049 2345
14055 4 2 17 29 2149 1941 2259 2485
14056 4 2 17 29 2222 2149 2148 2496
14057 4 2 17 29 2496 2339 2149 2485
14058 4 2 17 29 2426 2276 2334 2405
14059 4 2 17 29 2393 2203 2324 2415
14060 4 2 17 29 1929 1994 2012 2401
14061 4 2 17 29 1027 1967 2152 2514
14062 4 2 17 29 2053 1954 2245 2353
14063 4 2 17 29 2376 2136 2268 2439
14064 4 2 17 29 2467 2337 2268 2439
14065 4 2 17 29 2451 2386 2253 2459
14066 4 2 17 29 2404 2260 2198 2324
14067 4 2 17 29 1045 190 2395 2036
14068 4 2 17 29 2219 2337 2376 2268
14069 4 2 17 29 2253 2389 2451 2459
14070 4 2 17 29 2376 2136 2439 2363
14071 4 2 17 29 2486 2320 2351 2474
14072 4 2 17 29 2201 2096 2247 2425
14073 4 2 17 29 2188 1931 2328 2502
14074 4 2 17 29 2242 2267 2406 2382
14075 4 2 17 29 2496 2366 2222 1943
14076 4 2 17 29 1045 2395 2488 2174
14077 4 2 17 29 2228 2389 2451 2253
14078 4 2 17 29 2358 2504 2517 2106
14079 4 2 17 29 2484 2223 2528 2258
14080 4 2 17 29 2053 2353 2417 2475
14081 4 2 17 29 1943 2110 2149 2339
14082 4 2 17 29 2008 2298 2324 2540
14083 4 2 17 29 2321 2496 2149 2485
14084 4 2 17 29 1941 2258 2485 2347
14085 4 2 17 29 2175 1046 1976 2385
14086 4 2 17 29 2086 2223 2207 2484
14087 4 2 17 29 2166 2365 2294 2500
14088 4 2 17 29 2392 2101 2405 2336
14089 4 2 17 29 2438 2430 2381 2302
14090 4 2 17 29 2231 2065 2407 2509
14091 4 2 17 29 2539 2416 2323 2218
14092 4 2 17 29 2511 2337 2376 2219
14093 4 2 17 29 2098 2096 2201 2425
14094 4 2 17 29 2298 2324 1926 2008
14095 4 2 17 29 2504 2462 2517 2106
14096 4 2 17 29 2525 2029 2369 2436
14097 4 2 17 29 2361 2500 2483 2167
14098 4 2 17 29 2272 2081 2498 2387
14099 4 2 17 29 2285 2521 2518 2357
14100 4 2 17 29 2267 2454 2406 2382
14101 4 2 17 29 2007 2198 2298 2404
14102 4 2 17 29 2301 2242 2406 2430
14103 4 2 17 29 2513 2261 2323 2416
14104 4 2 17 29 2256 1970 2142 2356
14105 4 2 17 29 2273 2419 2422 2362
14106 4 2 17 29 2028 2260 2423 2324
14107 4 2 17 29 2503 2357 2068 2441
14108 4 2 17 29 2288 2398 2115 2122
14109 4 2 17 29 2322 2434 2126 2498
14110 4 2 17 29 2059 2429 2245 1954
14111 4 2 17 29 2376 2136 2363 2266
14112 4 2 17 29 1960 1950 2371 2270
14113 4 2 17 29 2479 2212 2378 2420
14114 4 2 17 29 2500 2166 2365 2422
14115 4 2 17 29 2554 2425 2493 2098
14116 4 2 17 29 2223 2334 2207 2484
14117 4 2 17 29 1943 2116 2119 2366
14118 4 2 17 29 2508 2407 2065 2509
14119 4 2 17 29 2126 2399 2322 2498
14120 4 2 17 29 2480 2338 2180 2427
14121 4 2 17 29 2424 2188 2502 1969
14122 4 2 17 29 1938 2454 2532 2038
14123 4 2 17 29 1967 1027 2042 2360
14124 4 2 17 29 2353 2245 2429 1954
14125 4 2 17 29 1966 2288 2440 2354
14126 4 2 17 29 2132 2285 2518 2357
14127 4 2 17 29 2406 2301 2430 2333
14128 4 2 17 29 189 1056 2388 2016
14129 4 2 17 29 2213 2029 2161 2525
14130 4 2 17 29 2442 2345 2390 2291
14131 4 2 17 29 2294 2217 2506 2365
14132 4 2 17 29 2484 2086 2223 2258
14133 4 2 17 29 2497 2289 2051 2375
14134 4 2 17 29 2122 2000 2210 2490
14135 4 2 17 29 2331 2214 2413 2454
14136 4 2 17 29 2389 2451 2559 2228
14137 4 2 17 29 2041 2437 2381 2340
14138 4 2 17 29 2478 2252 1952 2408
14139 4 2 17 29 1949 2129 2221 2481
14140 4 2 17 29 2119 2116 2008 2366
14141 4 2 17 29 2044 2225 2506 2391
14142 4 2 17 29 2540 2404 2542 2297
14143 4 2 17 29 2059 2429 1954 2554
14144 4 2 17 29 2104 2007 2297 2542
14145 4 2 17 29 2122 2210 2440 2490
14146 4 2 17 29 2220 2404 2343 2423
14147 4 2 17 29 2366 2328 2222 2116
14148 4 2 17 29 2408 2236 2409 2521
14149 4 2 17 29 2027 1929 2110 2415
14150 4 2 17 29 2357 1973 2285 2521
14151 4 2 17 29 1971 2255 2256 2400
14152 4 2 17 29 2326 2443 2308 2444
14153 4 2 17 29 1941 2012 2085 2347
14154 4 2 17 29 2376 2136 2219 2268
14155 4 2 17 29 2303 2381 2437 2430
14156 4 2 17 29 2454 1938 2532 2331
14157 4 2 17 29 2451 2144 2544 2335
14158 4 2 17 29 2498 2081 2469 2387
14159 4 2 17 29 2190 2443 2472 2372
14160 4 2 17 29 2338 2460 2374 2169
14161 4 2 17 29 2392 2520 2184 2336
14162 4 2 17 29 2476 2084 2323 2513
14163 4 2 17 29 2482 2161 2369 2525
14164 4 2 17 29 2193 1031 2255 2487
14165 4 2 17 29 2521 2408 2135 2509
14166 4 2 17 29 2098 2554 2425 2201
14167 4 2 17 29 2346 2547 2307 2423
14168 4 2 17 29 2038 2454 2532 2406
14169 4 2 17 29 2035 2302 2303 2430
14170 4 2 17 29 1979 2500 2483 2362
14171 4 2 17 29 2329 2421 2057 2526
14172 4 2 17 29 2259 2484 2233 1923
14173 4 2 17 29 2012 1929 2401 2473
14174 4 2 17 29 2025 2160 2311 2330
14175 4 2 17 29 2074 2036 2174 2395
14176 4 2 17 29 2378 2309 2479 2440
14177 4 2 17 29 2226 2368 2467 2439
14178 4 2 17 29 2381 2438 2302 2304
14179 4 2 17 29 2338 2180 2427 2560
14180 4 2 17 29 2110 1941 2149 2485
14181 4 2 17 29 2197 2443 2326 2472
14182 4 2 17 29 2287 2512 1963 2375
14183 4 2 17 29 2239 2303 2430 2035
14184 4 2 17 29 2244 2135 2408 2509
14185 4 2 17 29 1973 2357 2285 2132
14186 4 2 17 29 2078 2504 2525 2358
14187 4 2 17 29 1959 2377 2118 1939
14188 4 2 17 29 2342 2297 2542 2104
14189 4 2 17 29 2477 2288 2398 2002
14190 4 2 17 29 2081 2399 2498 2469
14191 4 2 17 29 2368 2418 2538 1990
14192 4 2 17 29 2490 2205 2479 2040
14193 4 2 17 29 2292 2478 2252 1952
14194 4 2 17 29 2381 2438 2304 2531
14195 4 2 17 29 2390 1995 2478 2499
14196 4 2 17 29 2375 2051 2497 2460
14197 4 2 17 29 2203 2547 2234 2121
14198 4 2 17 29 2217 2550 2506 2365
14199 4 2 17 29 1040 2016 2083 2445
14200 4 2 17 29 2382 2239 2430 2286
14201 4 2 17 29 2414 1998 2378 2556
14202 4 2 17 29 2064 2521 2509 2412
14203 4 2 17 29 2152 2483 1026 1027
14204 4 2 17 29 2474 2320 2351 2130
14205 4 2 17 29 2399 2447 2241 2322
14206 4 2 17 29 2007 2104 2305 2542
14207 4 2 17 29 2217 2294 1980 2365
14208 4 2 17 29 2300 2438 2430 2333
14209 4 2 17 29 2239 2437 2382 2430
14210 4 2 17 29 2518 2446 2132 2357
14211 4 2 17 29 2408 2508 2244 2509
14212 4 2 17 29 2029 2369 2161 2525
14213 4 2 17 29 2357 2521 2409 2133
14214 4 2 17 29 2260 2007 2404 2198
14215 4 2 17 29 2543 2143 1927 2099
14216 4 2 17 29 2554 2232 2233 1923
14217 4 2 17 29 2402 2432 2243 2344
14218 4 2 17 29 2130 2351 2474 2476
14219 4 2 17 29 2457 2172 2380 2545
14220 4 2 17 29 2237 2528 2350 2334
14221 4 2 17 29 2101 2392 2047 2184
14222 4 2 17 29 1925 2062 2070 2537
14223 4 2 17 29 2215 2510 2351 2431
14224 4 2 17 29 2330 2160 2419 2290
14225 4 2 17 29 2071 2532 2465 2464
14226 4 2 17 29 2375 2319 2435 2511
14227 4 2 17 29 1026 1987 1025 2394
14228 4 2 17 29 2530 2402 2432 2269
14229 4 2 17 29 2084 2476 1942 2513
14230 4 2 17 29 2543 2063 2143 2099
14231 4 2 17 29 2013 2068 2157 2441
14232 4 2 17 29 2465 2396 2141 2464
14233 4 2 17 29 2051 2374 2497 2460
14234 4 2 17 29 2455 2371 1950 2346
14235 4 2 17 29 2322 2389 2405 1924
14236 4 2 17 29 2343 2105 2404 2220
14237 4 2 17 29 2394 2463 2361 2194
14238 4 2 17 29 2499 2067 2478 2407
14239 4 2 17 29 2325 2231 2407 2509
14240 4 2 17 29 2519 2392 2047 2447
14241 4 2 17 29 2398 2527 2477 2002
14242 4 2 17 29 2216 2449 2448 2340
14243 4 2 17 29 2362 2360 1967 2546
14244 4 2 17 29 1929 2473 2415 2327
14245 4 2 17 29 2490 2479 2397 2040
14246 4 2 17 29 2347 2085 2528 2513
14247 4 2 17 29 2405 2101 2322 1924
14248 4 2 17 29 2472 2197 2190 2033
14249 4 2 17 29 2474 2350 1942 2476
14250 4 2 17 29 2008 1948 2561 2116
14251 4 2 17 29 2259 2321 2484 1923
14252 4 2 17 29 2234 2198 2260 2324
14253 4 2 17 29 2065 2231 2099 2509
14254 4 2 17 29 2542 2007 2297 2404
14255 4 2 17 29 2419 2330 2290 2422
14256 4 2 17 29 1937 2059 2254 2429
14257 4 2 17 29 2517 2358 2052 2527
14258 4 2 17 29 2064 2135 2244 2509
14259 4 2 17 29 2437 2239 2303 2430
14260 4 2 17 29 2501 2141 2396 2464
14261 4 2 17 29 2432 2342 2530 2269
14262 4 2 17 29 2287 1963 2289 2375
14263 4 2 17 29 2034 1962 2169 2374
14264 4 2 17 29 2430 2242 2382 2286
14265 4 2 17 29 2404 2220 2260 2423
14266 4 2 17 29 2465 2314 2396 2494
14267 4 2 17 29 1969 2049 2161 2369
14268 4 2 17 29 2096 2118 2453 1939
14269 4 2 17 29 2178 2450 2224 2386
14270 4 2 17 29 2240 2197 2326 2472
14271 4 2 17 29 2096 2425 2249 2247
14272 4 2 17 29 2521 2135 2064 2509
14273 4 2 17 29 2236 2409 2021 2408
14274 4 2 17 29 2069 2517 2052 2527
14275 4 2 17 29 1929 2027 2153 2415
14276 4 2 17 29 2082 1987 2196 2367
14277 4 2 17 29 2360 2362 1967 2514
14278 4 2 17 29 2276 2426 1977 2405
14279 4 2 17 29 2380 2456 2172 2457
14280 4 2 17 29 2375 2512 1963 2511
14281 4 2 17 29 2476 2323 2293 2537
14282 4 2 17 29 2532 1938 2038 2179
14283 4 2 17 29 2180 2055 2480 2427
14284 4 2 17 29 2425 2201 2097 2247
14285 4 2 17 29 2475 2053 2173 1935
14286 4 2 17 29 2134 2463 2519 2281
14287 4 2 17 29 2448 2073 2216 2318
14288 4 2 17 29 2548 2048 1951 2147
14289 4 2 17 29 2254 2334 2276 2405
14290 4 2 17 29 2094 2006 2542 2530
14291 4 2 17 29 2322 2241 2399 2126
14292 4 2 17 29 2448 2551 2318 2340
14293 4 2 17 29 2044 2134 2225 2391
14294 4 2 17 29 2117 2282 1978 2506
14295 4 2 17 29 2335 2108 2486 2474
14296 4 2 17 29 2052 2106 2280 2358
14297 4 2 17 29 2504 2358 2280 2106
14298 4 2 17 29 2512 1963 2315 2287
14299 4 2 17 29 2518 2102 2521 2285
14300 4 2 17 29 2495 2331 2214 2413
14301 4 2 17 29 2326 2265 2376 2444
14302 4 2 17 29 2115 2398 2288 2002
14303 4 2 17 29 2429 2059 2233 2554
14304 4 2 17 29 1985 2532 2179 1959
14305 4 2 17 29 2187 2448 2383 2413
14306 4 2 17 29 2165 2471 2558 2533
14307 4 2 17 29 2463 2391 2134 2519
14308 4 2 17 29 2387 2123 2272 2004
14309 4 2 17 29 1939 1959 2377 2120
14310 4 2 17 29 2331 2532 2465 2211
14311 4 2 17 29 2558 2195 2469 2471
14312 4 2 17 29 2375 2109 2051 2327
14313 4 2 17 29 1939 2098 2250 2493
14314 4 2 17 29 2151 1979 2152 2362
14315 4 2 17 29 1969 2171 2502 2209
14316 4 2 17 29 2237 2350 2276 2334
14317 4 2 17 29 2072 2465 2211 2494
14318 4 2 17 29 2142 2504 1972 2106
14319 4 2 17 29 2464 2170 2377 2453
14320 4 2 17 29 2152 2483 2514 2362
14321 4 2 17 29 2044 2506 2550 2391
14322 4 2 17 29 2490 2210 2205 2040
14323 4 2 17 29 2519 2047 2279 2447
14324 4 2 17 29 1988 2384 2463 2045
14325 4 2 17 29 2523 2061 2418 2060
14326 4 2 17 29 2194 1987 2394 1988
14327 4 2 17 29 2351 2293 2070 2537
14328 4 2 17 29 2053 1954 2353 2250
14329 4 2 17 29 2067 2018 2075 2407
14330 4 2 17 29 2369 2161 2482 2284
14331 4 2 17 29 2060 2061 2418 2271
14332 4 2 17 29 2440 2205 2479 2490
14333 4 2 17 29 1931 2188 2171 2502
14334 4 2 17 29 2399 2081 2156 2469
14335 4 2 17 29 2238 2100 2359 2518
14336 4 2 17 29 2240 2326 2497 2472
14337 4 2 17 29 2305 2542 2541 2404
14338 4 2 17 29 1972 2359 2504 2522
14339 4 2 17 29 2254 2405 2101 1937
14340 4 2 17 29 2389 2228 2092 2253
14341 4 2 17 29 1966 2440 2122 2022
14342 4 2 17 29 2541 2343 2105 2404
14343 4 2 17 29 1986 2391 2134 2183
14344 4 2 17 29 2178 2253 2451 2386
14345 4 2 17 29 2261 2323 2084 2513
14346 4 2 17 29 2028 2121 2234 2547
14347 4 2 17 29 2081 2077 2272 2498
14348 4 2 17 29 2170 2118 2349 1946
14349 4 2 17 29 2324 2547 2203 2393
14350 4 2 17 29 2258 2485 2259 1941
14351 4 2 17 29 2430 2303 2381 2302
14352 4 2 17 29 2153 2460 2051 1929
14353 4 2 17 29 2296 2448 2187 2413
14354 4 2 17 29 2102 2521 2412 2518
14355 4 2 17 29 2550 1980 2365 2217
14356 4 2 17 29 2019 2508 2244 2408
14357 4 2 17 29 1956 2079 2507 2560
14358 4 2 17 29 2033 2197 2240 2472
14359 4 2 17 29 2399 2081 2498 2077
14360 4 2 17 29 2450 2386 2178 2451
14361 4 2 17 29 2471 2196 2469 2367
14362 4 2 17 29 1969 2369 2161 2209
14363 4 2 17 29 1992 1039 1993 2370
14364 4 2 17 29 2510 2257 2351 2486
14365 4 2 17 29 2312 2417 2365 2553
14366 4 2 17 29 2350 2140 2474 1942
14367 4 2 17 29 2212 2128 1998 2420
14368 4 2 17 29 2232 2554 2098 2201
14369 4 2 17 29 2333 2299 2438 2456
14370 4 2 17 29 2474 2320 2108 2486
14371 4 2 17 29 2144 2450 2451 2544
14372 4 2 17 29 2392 2047 2447 2322
14373 4 2 17 29 2070 2351 2537 2215
14374 4 2 17 29 2149 2222 1943 2496
14375 4 2 17 29 2370 2450 2492 2111
14376 4 2 17 29 2140 2426 1977 2276
14377 4 2 17 29 2327 2375 2109 2435
14378 4 2 17 29 2466 1939 2120 1974
14379 4 2 17 29 2100 2518 2412 2359
14380 4 2 17 29 2093 2108 2335 2474
14381 4 2 17 29 2384 2519 2279 2447
14382 4 2 17 29 2110 2119 2415 2339
14383 4 2 17 29 2433 2171 2048 2209
14384 4 2 17 29 1960 2371 2355 2515
14385 4 2 17 29 2122 2440 2398 2490
14386 4 2 17 29 2297 2342 2542 2540
14387 4 2 17 29 2218 2539 2416 2401
14388 4 2 17 29 1995 2452 2278 2499
14389 4 2 17 29 2320 1944 2486 2351
14390 4 2 17 29 2335 2426 2140 2474
14391 4 2 17 29 2453 2118 2377 1939
14392 4 2 17 29 2372 2524 2472 2274
14393 4 2 17 29 1041 189 2388 2016
14394 4 2 17 29 1930 2060 2204 2523
14395 4 2 17 29 2473 2110 2339 2485
14396 4 2 17 29 2170 1959 2377 2118
14397 4 2 17 29 2018 2067 2147 2499
14398 4 2 17 29 2403 2006 2530 2542
14399 4 2 17 29 2547 2203 2234 2324
14400 4 2 17 29 2161 2369 2049 2284
14401 4 2 17 29 2293 2351 2476 2537
14402 4 2 17 29 2368 2467 2418 1990
14403 4 2 17 29 2452 1995 2278 2043
14404 4 2 17 29 2026 2417 2312 2553
14405 4 2 17 29 2431 1991 2263 2162
14406 4 2 17 29 2296 2448 2413 2549
14407 4 2 17 29 1996 2494 2396 2314
14408 4 2 17 29 2559 2144 2451 2335
14409 4 2 17 29 2492 2224 2450 2386
14410 4 2 17 29 2469 2470 2156 2399
14411 4 2 17 29 2205 2440 2210 2490
14412 4 2 17 29 2140 2093 2474 1942
14413 4 2 17 29 2436 2143 2543 2359
14414 4 2 17 29 2553 2365 2312 2422
14415 4 2 17 29 2311 2025 2330 2422
14416 4 2 17 29 2532 1938 2211 2331
14417 4 2 17 29 2359 2063 2543 2412
14418 4 2 17 29 2389 2092 1977 1924
14419 4 2 17 29 2044 2225 2282 2506
14420 4 2 17 29 2520 2505 2091 2336
14421 4 2 17 29 1985 2406 2532 1959
14422 4 2 17 29 2396 2501 2414 2159
14423 4 2 17 29 1948 2008 2540 2297
14424 4 2 17 29 2250 1974 2379 2053
14425 4 2 17 29 2373 2355 1955 2458
14426 4 2 17 29 2101 2392 2184 1937
14427 4 2 17 29 2317 2419 2545 2330
14428 4 2 17 29 2173 2379 1974 2053
14429 4 2 17 29 2502 2188 2171 1969
14430 4 2 17 29 2557 1996 2191 2146
14431 4 2 17 29 2216 2448 2318 2340
14432 4 2 17 29 2512 2287 2497 2375
14433 4 2 17 29 2222 2188 1931 2328
14434 4 2 17 29 2464 2170 2453 2349
14435 4 2 17 29 2074 1984 2216 2449
14436 4 2 17 29 2068 1970 2157 2441
14437 4 2 17 29 1951 2344 2037 2171
14438 4 2 17 29 2083 2082 2165 2471
14439 4 2 17 29 2075 2019 2252 2508
14440 4 2 17 29 2529 2386 2459 2003
14441 4 2 17 29 1931 2116 2222 2328
14442 4 2 17 29 1992 2348 2370 2428
14443 4 2 17 29 2020 1995 2067 2478
14444 4 2 17 29 2063 2064 2099 2412
14445 4 2 17 29 2319 2375 1963 2511
14446 4 2 17 29 2120 2406 2377 2466
14447 4 2 17 29 2245 2429 2059 1937
14448 4 2 17 29 1997 2131 2383 2495
14449 4 2 17 29 2417 2505 2182 2365
14450 4 2 17 29 2108 2093 2320 2474
14451 4 2 17 29 2158 2118 2349 2421
14452 4 2 17 29 1953 2074 2340 2199
14453 4 2 17 29 2454 2313 2413 2549
14454 4 2 17 29 2430 2301 2300 2333
14455 4 2 17 29 2253 2092 2389 2459
14456 4 2 17 29 2470 2469 2156 2080
14457 4 2 17 29 2351 2293 2130 2070
14458 4 2 17 29 2430 2438 2300 2302
14459 4 2 17 29 2383 1984 2131 1997
14460 4 2 17 29 2537 2070 2215 2431
14461 4 2 17 29 2230 2078 2504 2436
14462 4 2 17 29 2319 2435 2511 2054
14463 4 2 17 29 1925 2538 2061 2062
14464 4 2 17 29 2538 1925 2537 2062
14465 4 2 17 29 2171 2433 2502 2209
14466 4 2 17 29 1939 2332 2096 2098
14467 4 2 17 29 2346 2221 2481 2423
14468 4 2 17 29 2108 1936 2093 2335
14469 4 2 17 29 2289 2497 2287 2375
14470 4 2 17 29 2073 2448 2551 2318
14471 4 2 17 29 2120 2377 1939 2466
14472 4 2 17 29 2059 1954 2232 2554
14473 4 2 17 29 2075 2407 2478 2067
14474 4 2 17 29 2379 2173 2457 2475
14475 4 2 17 29 1942 2350 2276 2237
14476 4 2 17 29 2538 1925 2323 2537
14477 4 2 17 29 2113 1983 2239 2551
14478 4 2 17 29 2230 2078 2283 2504
14479 4 2 17 29 2072 2314 2465 2494
14480 4 2 17 29 2227 2335 2144 2559
14481 4 2 17 29 2250 2353 2493 1954
14482 4 2 17 29 2419 2317 2160 2330
14483 4 2 17 29 2196 2469 2195 2471
14484 4 2 17 29 2062 2162 2538 1990
14485 4 2 17 29 2255 1966 2310 2354
14486 4 2 17 29 1995 2067 2478 2499
14487 4 2 17 29 2407 2075 2478 2508
14488 4 2 17 29 2230 2359 1972 2143
14489 4 2 17 29 1961 2524 2274 2034
14490 4 2 17 29 2030 1935 2160 2330
14491 4 2 17 29 2427 2189 2547 2393
14492 4 2 17 29 2460 2375 2051 2327
14493 4 2 17 29 1942 2084 2513 2277
14494 4 2 17 29 1937 2405 2101 2336
14495 4 2 17 29 2099 2543 2063 2412
14496 4 2 17 29 2236 2021 2251 2408
14497 4 2 17 29 2363 1054 1037 1958
14498 4 2 17 29 1939 2250 1974 2379
14499 4 2 17 29 2353 2246 2245 2053
14500 4 2 17 29 2305 2007 2542 2404
14501 4 2 17 29 2266 2376 2265 2444
14502 4 2 17 29 2019 2075 2244 2508
14503 4 2 17 29 2204 2523 2435 2337
14504 4 2 17 29 1955 2355 2373 2536
14505 4 2 17 29 2496 2339 1943 2149
14506 4 2 17 29 2417 2246 2505 2336
14507 4 2 17 29 2402 2432 2269 2243
14508 4 2 17 29 2408 2135 2236 2521
14509 4 2 17 29 2162 2431 2538 2368
14510 4 2 17 29 2325 2543 2099 2509
14511 4 2 17 29 2228 2227 2559 1977
14512 4 2 17 29 2414 2556 2396 2159
14513 4 2 17 29 2377 2532 2406 1959
14514 4 2 17 29 1932 2057 2185 2526
14515 4 2 17 29 2235 2358 2525 2527
14516 4 2 17 29 2063 2102 2412 2100
14517 4 2 17 29 2009 2411 2461 2343
14518 4 2 17 29 2178 2003 2253 2386
14519 4 2 17 29 2261 2323 2416 2218
14520 4 2 17 29 2081 2004 2387 2272
14521 4 2 17 29 2188 2097 2248 2424
14522 4 2 17 29 2344 2432 2037 2502
14523 4 2 17 29 1044 2036 186 1028
14524 4 2 17 29 2350 1942 2476 2513
14525 4 2 17 29 2454 2038 2267 2406
14526 4 2 17 29 2475 2417 2026 2553
14527 4 2 17 29 2230 2359 2504 1972
14528 4 2 17 29 2403 2006 2542 2541
14529 4 2 17 29 2281 2463 2519 2384
14530 4 2 17 29 2253 2003 2459 2386
14531 4 2 17 29 1962 2374 2051 2169
14532 4 2 17 29 2035 2239 2286 2430
14533 4 2 17 29 2374 2274 2034 1962
14534 4 2 17 29 1972 2100 2143 2359
14535 4 2 17 29 2351 2293 2476 2130
14536 4 2 17 29 1032 1048 187 2410
14537 4 2 17 29 2550 1980 2217 2181
14538 4 2 17 29 2044 2183 2550 2181
14539 4 2 17 29 2505 2182 2091 1937
14540 4 2 17 29 187 1049 1033 2410
14541 4 2 17 29 2211 2465 2331 2494
14542 4 2 17 29 2339 2110 2119 1943
14543 4 2 17 29 2416 2473 2347 2012
14544 4 2 17 29 1041 185 2016 1025
14545 4 2 17 29 1973 2102 2285 2521
14546 4 2 17 29 2102 2100 2518 2412
14547 4 2 17 29 1040 185 2016 1056
14548 4 2 17 29 2069 2477 2517 2527
14549 4 2 17 29 2359 2063 2412 2100
14550 4 2 17 29 2442 1049 2345 2103
14551 4 2 17 29 2545 2457 2030 2330
14552 4 2 17 29 1045 186 2036 1029
14553 4 2 17 29 1048 2157 2441 2410
14554 4 2 17 29 2443 2190 2536 2372
14555 4 2 17 29 1994 2218 2012 2401
14556 4 2 17 29 2047 2241 2316 2447
14557 4 2 17 29 2538 2162 2368 1990
14558 4 2 17 29 2146 2072 2200 2494
14559 4 2 17 29 2361 2506 2225 2463
14560 4 2 17 29 2135 2019 2244 2408
14561 4 2 17 29 2500 2166 2422 2273
14562 4 2 17 29 2132 2446 1970 2068
14563 4 2 17 29 2547 2028 2307 2423
14564 4 2 17 29 2521 2236 2409 2133
14565 4 2 17 29 2158 2349 2420 2421
14566 4 2 17 29 2232 2233 2059 2554
14567 4 2 17 29 2097 2188 2275 2424
14568 4 2 17 29 2359 2230 2436 2143
14569 4 2 17 29 2418 2061 2538 2271
14570 4 2 17 29 2134 2044 2183 2391
14571 4 2 17 29 2149 2110 2485 2339
14572 4 2 17 29 1961 2034 2112 2524
14573 4 2 17 29 2330 2553 2311 2422
14574 4 2 17 29 2511 2435 2337 2054
14575 4 2 17 29 2274 2374 2034 2524
14576 4 2 17 29 2085 2528 2258 2347
14577 4 2 17 29 1976 1997 2175 2385
14578 4 2 17 29 2262 2531 2438 2380
14579 4 2 17 29 2529 2003 2206 2139
14580 4 2 17 29 1053 1037 188 2145
14581 4 2 17 29 2366 2561 2008 2540
14582 4 2 17 29 2466 1940 2333 1974
14583 4 2 17 29 2254 2276 1977 2405
14584 4 2 17 29 2508 2019 2252 2408
14585 4 2 17 29 1940 2406 1985 2120
14586 4 2 17 29 2382 2313 2454 2549
14587 4 2 17 29 2525 2504 2078 2436
14588 4 2 17 29 2438 2300 2299 2333
14589 4 2 17 29 2294 2506 2117 2500
14590 4 2 17 29 2419 2151 2546 2362
14591 4 2 17 29 2074 2036 2395 2199
14592 4 2 17 29 2543 2099 2509 2412
14593 4 2 17 29 2142 2504 2106 2462
14594 4 2 17 29 2322 2047 2241 1924
14595 4 2 17 29 1924 2434 2076 2126
14596 4 2 17 29 2553 1935 2475 2330
14597 4 2 17 29 2318 1953 2216 2340
14598 4 2 17 29 2361 2117 2506 2500
14599 4 2 17 29 2230 2359 2436 2504
14600 4 2 17 29 2518 2359 2238 2522
14601 4 2 17 29 1986 2391 2519 2134
14602 4 2 17 29 2351 2537 2215 2431
14603 4 2 17 29 2302 2438 2039 2304
14604 4 2 17 29 2093 2335 2140 2474
14605 4 2 17 29 2183 2044 2550 2391
14606 4 2 17 29 1935 2030 2457 2330
14607 4 2 17 29 2062 2431 2070 2537
14608 4 2 17 29 2319 2109 2375 2435
14609 4 2 17 29 1925 2070 2293 2537
14610 4 2 17 29 2017 2141 2159 2501
14611 4 2 17 29 2353 2417 2246 2053
14612 4 2 17 29 2466 2120 1940 1974
14613 4 2 17 29 2334 2207 2429 2254
14614 4 2 17 29 2505 2181 2365 2550
14615 4 2 17 29 2061 2523 2418 2539
14616 4 2 17 29 2538 1925 2061 2539
14617 4 2 17 29 2149 2148 2321 1923
14618 4 2 17 29 2374 2274 2472 2524
14619 4 2 17 29 2520 2392 2184 2519
14620 4 2 17 29 2223 2334 1934 2207
14621 4 2 17 29 1990 2271 2538 2062
14622 4 2 17 29 2206 2076 1924 2434
14623 4 2 17 29 2110 2473 2415 1929
14624 4 2 17 29 2297 2342 1948 2104
14625 4 2 17 29 2034 2338 2480 2524
14626 4 2 17 29 2399 2081 2077 2156
14627 4 2 17 29 2182 2505 2246 1937
14628 4 2 17 29 2300 2438 2039 2302
14629 4 2 17 29 1942 2130 2474 2476
14630 4 2 17 29 2208 2529 2492 2468
14631 4 2 17 29 2101 2047 2322 1924
14632 4 2 17 29 2529 2492 2386 2208
14633 4 2 17 29 1937 2245 2429 2336
14634 4 2 17 29 2093 1942 2130 2474
14635 4 2 17 29 2453 2170 2118 2349
14636 4 2 17 29 2243 2452 2043 2402
14637 4 2 17 29 2403 2411 2163 2541
14638 4 2 17 29 2075 2065 2244 2508
14639 4 2 17 29 2008 2561 1948 2540
14640 4 2 17 29 2431 2062 2070 1991
14641 4 2 17 29 2070 1944 2130 2351
14642 4 2 17 29 2020 1995 2478 2292
14643 4 2 17 29 2190 2443 2197 2472
14644 4 2 17 29 2004 2123 2555 2387
14645 4 2 17 29 2460 2153 2507 2415
14646 4 2 17 29 2123 2272 2498 2387
14647 4 2 17 29 1924 2459 2206 2434
14648 4 2 17 29 2376 2315 2512 2511
14649 4 2 17 29 2063 2359 2143 2100
14650 4 2 17 29 2101 2392 1937 2336
14651 4 2 17 29 2204 2054 2337 2435
14652 4 2 17 29 2036 186 190 1044
14653 4 2 17 29 2227 2451 2144 2089
14654 4 2 17 29 2415 2027 2119 2110
14655 4 2 17 29 2350 2528 2237 2513
14656 4 2 17 29 1995 2390 2452 2499
14657 4 2 17 29 2271 1990 2538 2418
14658 4 2 17 29 2472 2190 2372 2274
14659 4 2 17 29 2362 2151 2546 1967
14660 4 2 17 29 191 187 1048 2410
14661 4 2 17 29 2018 2067 2499 2407
14662 4 2 17 29 1942 2084 2130 2476
14663 4 2 17 29 2544 2108 2335 1936
14664 4 2 17 29 2243 2452 1951 2043
14665 4 2 17 29 1049 187 191 2410
14666 4 2 17 29 1963 2512 2315 2511
14667 4 2 17 29 189 185 2016 1041
14668 4 2 17 29 2525 1968 2235 2527
14669 4 2 17 29 2515 2371 2480 2112
14670 4 2 17 29 2187 2001 2296 2413
14671 4 2 17 29 2040 2000 2185 2490
14672 4 2 17 29 2195 2387 2558 2081
14673 4 2 17 29 185 189 2016 1056
14674 4 2 17 29 1994 1929 2015 2401
14675 4 2 17 29 2231 2325 2099 2509
14676 4 2 17 29 2062 2431 2162 1991
14677 4 2 17 29 190 186 2036 1045
14678 4 2 17 29 2042 1967 2360 1982
14679 4 2 17 29 1960 2371 2516 2355
14680 4 2 17 29 2374 2034 2338 2169
14681 4 2 17 29 2186 2185 2491 2049
14682 4 2 17 29 2313 1983 2114 2549
14683 4 2 17 29 2399 2126 2077 2498
14684 4 2 17 29 2538 1925 2539 2323
14685 4 2 17 29 2118 2377 2170 2453
14686 4 2 17 29 2098 1954 2250 2493
14687 4 2 17 29 2104 2342 2094 2542
14688 4 2 17 29 2034 2374 2338 2524
14689 4 2 17 29 2003 2529 2206 2459
14690 4 2 17 29 2046 2023 2168 2535
14691 4 2 17 29 2124 2434 2139 2529
14692 4 2 17 29 2332 2096 2453 1939
14693 4 2 17 29 2333 2466 1974 2379
14694 4 2 17 29 2187 2449 2383 2448
14695 4 2 17 29 2091 2184 2520 2336
14696 4 2 17 29 1937 2392 2184 2336
14697 4 2 17 29 2331 2495 2200 2494
14698 4 2 17 29 2200 1938 2214 2331
14699 4 2 17 29 1053 2373 1965 2458
14700 4 2 17 29 2511 2376 2315 2219
14701 4 2 17 29 2323 2293 2084 2476
14702 4 2 17 29 2050 2264 2287 2497
14703 4 2 17 29 2142 2238 2522 1970
14704 4 2 17 29 1951 2171 2048 2433
14705 4 2 17 29 1956 2153 2027 2507
14706 4 2 17 29 2332 2453 2377 1939
14707 4 2 17 29 2391 2520 2183 2519
14708 4 2 17 29 2422 2290 2419 2273
14709 4 2 17 29 2431 2062 2162 2538
14710 4 2 17 29 2050 2240 2264 2497
14711 4 2 17 29 2359 2063 2143 2543
14712 4 2 17 29 1933 2560 2180 2338
14713 4 2 17 29 2406 1985 2301 1940
14714 4 2 17 29 2227 2451 2559 2144
14715 4 2 17 29 2438 2262 2380 2456
14716 4 2 17 29 2555 2468 2125 2533
14717 4 2 17 29 2040 1999 2205 2479
14718 4 2 17 29 2368 2263 2348 1945
14719 4 2 17 29 2434 2124 2123 2555
14720 4 2 17 29 2118 2453 2249 2096
14721 4 2 17 29 2452 2243 2344 2402
14722 4 2 17 29 2197 2326 1928 2240
14723 4 2 17 29 2257 2510 2428 2486
14724 4 2 17 29 2395 2036 1044 2199
14725 4 2 17 29 2000 2122 2398 2490
14726 4 2 17 29 2123 2498 2434 2555
14727 4 2 17 29 2539 1925 2061 2218
14728 4 2 17 29 2059 2207 2254 2429
14729 4 2 17 29 2060 2418 2523 2337
14730 4 2 17 29 2081 2080 2156 2469
14731 4 2 17 29 2334 2276 2237 1934
14732 4 2 17 29 2044 2217 2550 2506
14733 4 2 17 29 2277 2513 2085 2012
14734 4 2 17 29 1954 2232 2554 2098
14735 4 2 17 29 2193 2255 2310 2487
14736 4 2 17 29 2379 1974 2333 2456
14737 4 2 17 29 2420 2479 1999 2397
14738 4 2 17 29 2047 2392 2101 2322
14739 4 2 17 29 1948 2342 2432 2269
14740 4 2 17 29 2426 2140 2474 2350
14741 4 2 17 29 1986 2391 2183 2519
14742 4 2 17 29 1925 2293 2323 2537
14743 4 2 17 29 2515 2480 2372 2112
14744 4 2 17 29 2071 1959 2532 2464
14745 4 2 17 29 1931 2171 2037 2502
14746 4 2 17 29 2350 2276 2140 1942
14747 4 2 17 29 2108 2544 2335 2486
14748 4 2 17 29 2091 2550 2183 2181
14749 4 2 17 29 1969 2424 2188 2248
14750 4 2 17 29 1999 2040 2176 2397
14751 4 2 17 29 2238 2066 2518 2522
14752 4 2 17 29 2090 2010 2467 2268
14753 4 2 17 29 1959 2532 2179 2071
14754 4 2 17 29 2142 2504 2522 1972
14755 4 2 17 29 2185 1932 2491 2049
14756 4 2 17 29 2327 1929 2473 2401
14757 4 2 17 29 2217 2044 2550 2181
14758 4 2 17 29 2531 1981 2262 2177
14759 4 2 17 29 2407 2065 2075 2508
14760 4 2 17 29 2093 1936 2140 2335
14761 4 2 17 29 2512 2265 2376 2326
14762 4 2 17 29 1961 2154 2190 2372
14763 4 2 17 29 2414 2128 2295 2349
14764 4 2 17 29 2436 2029 1927 2143
14765 4 2 17 29 2555 2123 2498 2387
14766 4 2 17 29 2447 2023 2316 2535
14767 4 2 17 29 2312 2182 2365 2417
14768 4 2 17 29 2153 2560 2079 1933
14769 4 2 17 29 2475 2026 2053 1935
14770 4 2 17 29 2094 2269 2342 1948
14771 4 2 17 29 1996 2494 2314 2146
14772 4 2 17 29 2344 2278 2452 2499
14773 4 2 17 29 2121 2393 2203 2547
14774 4 2 17 29 2024 2419 2160 2290
14775 4 2 17 29 2456 2262 2299 2438
14776 4 2 17 29 2391 2225 2506 2463
14777 4 2 17 29 2522 2066 2518 2446
14778 4 2 17 29 2059 2233 2207 2429
14779 4 2 17 29 2061 2539 2418 2538
14780 4 2 17 29 2089 2178 2253 2451
14781 4 2 17 29 2227 2451 2089 2559
14782 4 2 17 29 2052 2358 2069 2527
14783 4 2 17 29 2104 2342 1948 2094
14784 4 2 17 29 2279 2316 2384 2447
14785 4 2 17 29 2043 2005 2243 2402
14786 4 2 17 29 2190 2472 2033 2274
14787 4 2 17 29 2099 2064 2244 2509
14788 4 2 17 29 1944 2108 2320 2486
14789 4 2 17 29 2550 1980 2181 2365
14790 4 2 17 29 2457 2475 1935 2330
14791 4 2 17 29 2335 2227 2144 1936
14792 4 2 17 29 2241 2447 2047 2322
14793 4 2 17 29 2558 2081 2387 2469
14794 4 2 17 29 1983 2239 2551 2382
14795 4 2 17 29 2061 2523 1994 2060
14796 4 2 17 29 2542 2094 2530 2342
14797 4 2 17 29 1996 2494 2557 2396
14798 4 2 17 29 2201 2321 2275 1923
14799 4 2 17 29 2112 1961 2524 2372
14800 4 2 17 29 2397 2176 2421 2526
14801 4 2 17 29 2162 2263 2431 2368
14802 4 2 17 29 2043 1951 2278 2452
14803 4 2 17 29 1933 2034 2169 2338
14804 4 2 17 29 2368 2226 1945 2439
14805 4 2 17 29 2496 2148 2321 2149
14806 4 2 17 29 2478 2508 2252 2408
14807 4 2 17 29 2464 2017 1946 2501
14808 4 2 17 29 2064 2099 2412 2509
14809 4 2 17 29 2326 2308 2443 2197
14810 4 2 17 29 2420 2128 2414 2349
14811 4 2 17 29 1962 2472 2497 2374
14812 4 2 17 29 1033 2013 2410 2503
14813 4 2 17 29 1973 2357 2133 2521
14814 4 2 17 29 2531 2262 2304 2177
14815 4 2 17 29 2414 2295 2501 2349
14816 4 2 17 29 2092 2228 2389 1977
14817 4 2 17 29 2132 2068 2133 2357
14818 4 2 17 29 2014 2013 1033 2503
14819 4 2 17 29 2327 2435 2015 2401
14820 4 2 17 29 2037 2243 2344 1951
14821 4 2 17 29 2072 2146 2314 2494
14822 4 2 17 29 1950 2427 2547 2346
14823 4 2 17 29 2202 2431 1991 2263
14824 4 2 17 29 1054 1038 1037 1958
14825 4 2 17 29 2066 2100 2238 2518
14826 4 2 17 29 1934 2334 2276 2254
14827 4 2 17 29 2058 1992 1993 2428
14828 4 2 17 29 2390 2341 2442 2138
14829 4 2 17 29 1959 2377 2532 2464
14830 4 2 17 29 1986 2047 2279 2519
14831 4 2 17 29 1968 2011 2069 2527
14832 4 2 17 29 2265 2376 2107 2512
14833 4 2 17 29 2415 2460 1929 2327
14834 4 2 17 29 2145 1053 1965 2458
14835 4 2 17 29 2026 2182 2312 2417
14836 4 2 17 29 1948 2342 2561 2432
14837 4 2 17 29 2460 2153 2415 1929
14838 4 2 17 29 2171 2344 2037 2502
14839 4 2 17 29 2158 2118 2421 2057
14840 4 2 17 29 2550 2520 2183 2391
14841 4 2 17 29 2023 2156 2168 2535
14842 4 2 17 29 2106 2052 2517 2358
14843 4 2 17 29 1938 2454 2214 2331
14844 4 2 17 29 1039 1054 2348 1038
14845 4 2 17 29 2307 2221 2346 2423
14846 4 2 17 29 2147 2548 2048 2018
14847 4 2 17 29 2118 2349 1946 2158
14848 4 2 17 29 2482 1968 2525 2527
14849 4 2 17 29 1938 2454 2038 2214
14850 4 2 17 29 2317 2024 2419 2160
14851 4 2 17 29 2445 2016 2388 1056
14852 4 2 17 29 2437 2318 2113 2551
14853 4 2 17 29 2166 2500 1979 2273
14854 4 2 17 29 2213 2161 1968 2525
14855 4 2 17 29 2184 2392 1986 2519
14856 4 2 17 29 2102 2064 2412 2521
14857 4 2 17 29 2215 2202 2510 2431
14858 4 2 17 29 1942 2237 2277 2350
14859 4 2 17 29 2084 1925 2293 2323
14860 4 2 17 29 2124 2434 2123 2076
14861 4 2 17 29 2195 2387 2081 2004
14862 4 2 17 29 2374 2274 1962 2472
14863 4 2 17 29 2470 2156 2399 2535
14864 4 2 17 29 2012 2416 2473 2401
14865 4 2 17 29 1045 2036 2395 2174
14866 4 2 17 29 2153 2560 2507 2079
14867 4 2 17 29 2406 1985 2242 2301
14868 4 2 17 29 2435 2109 2327 2015
14869 4 2 17 29 2313 2214 2454 2413
14870 4 2 17 29 2512 2497 2264 2326
14871 4 2 17 29 2489 2082 2471 2367
14872 4 2 17 29 2144 2088 2178 2451
14873 4 2 17 29 2069 2052 2235 2358
14874 4 2 17 29 2434 2124 2139 2076
14875 4 2 17 29 2035 2300 2302 2430
14876 4 2 17 29 2013 2157 1032 2410
14877 4 2 17 29 1936 2544 2144 2335
14878 4 2 17 29 1981 2531 2262 2380
14879 4 2 17 29 2483 1042 1026 1027
14880 4 2 17 29 1998 1989 2378 2556
14881 4 2 17 29 2560 1933 2180 2079
14882 4 2 17 29 2541 2105 2305 2404
14883 4 2 17 29 2313 2382 2454 2267
14884 4 2 17 29 2119 2366 2339 1943
14885 4 2 17 29 2001 2383 2187 1984
14886 4 2 17 29 1037 2363 1958 2032
14887 4 2 17 29 1999 2158 2128 2420
14888 4 2 17 29 2280 2283 2504 2106
14889 4 2 17 29 2126 2123 2434 2076
14890 4 2 17 29 1978 2361 2117 2506
14891 4 2 17 29 2207 2334 1934 2254
14892 4 2 17 29 2054 1963 2511 2319
14893 4 2 17 29 2223 2085 2237 2528
14894 4 2 17 29 2513 2237 2350 2277
14895 4 2 17 29 2173 2379 2053 2475
14896 4 2 17 29 1998 2128 2414 2420
14897 4 2 17 29 2561 2037 2432 2328
14898 4 2 17 29 1964 2315 2107 2376
14899 4 2 17 29 2446 2132 2357 2068
14900 4 2 17 29 2011 2186 2398 2482
14901 4 2 17 29 2184 1986 2520 2519
14902 4 2 17 29 2549 2001 2114 2313
14903 4 2 17 29 2243 2432 2037 2344
14904 4 2 17 29 2219 2054 2315 2511
14905 4 2 17 29 2460 2153 2338 2507
14906 4 2 17 29 2308 2443 2031 2444
14907 4 2 17 29 2009 2411 1050 2461
14908 4 2 17 29 2060 1994 2204 2523
14909 4 2 17 29 2532 1938 2179 2211
14910 4 2 17 29 2545 1981 2380 2546
14911 4 2 17 29 2545 2030 2317 2330
14912 4 2 17 29 2435 2319 2109 2015
14913 4 2 17 29 2116 2222 2366 1943
14914 4 2 17 29 2133 1973 2521 2236
14915 4 2 17 29 2004 2125 2387 2555
14916 4 2 17 29 2367 1987 2470 2394
14917 4 2 17 29 2137 2043 2138 2552
14918 4 2 17 29 2462 2517 2306 1971
14919 4 2 17 29 2004 2124 2125 2555
14920 4 2 17 29 1047 2256 1032 1031
14921 4 2 17 29 2114 1983 2551 2549
14922 4 2 17 29 2157 2356 2256 1032
14923 4 2 17 29 2010 2090 2467 2226
14924 4 2 17 29 2539 1925 2218 2323
14925 4 2 17 29 2332 1939 2493 2098
14926 4 2 17 29 2030 2172 2457 2545
14927 4 2 17 29 2003 2178 2224 2386
14928 4 2 17 29 2112 2524 2480 2372
14929 4 2 17 29 2089 2227 2559 2228
14930 4 2 17 29 2040 1999 2479 2397
14931 4 2 17 29 2376 2315 2107 2512
14932 4 2 17 29 2377 2332 1939 2466
14933 4 2 17 29 2385 1997 2495 2494
14934 4 2 17 29 2004 2123 2124 2555
14935 4 2 17 29 2130 1944 2320 2351
14936 4 2 17 29 2214 2131 2495 2413
14937 4 2 17 29 2003 2206 2253 2459
14938 4 2 17 29 1950 2189 2547 2427
14939 4 2 17 29 2264 2326 2107 2512
14940 4 2 17 29 2269 2094 2342 2530
14941 4 2 17 29 2244 2508 2065 2509
14942 4 2 17 29 2005 2043 2137 2552
14943 4 2 17 29 2406 2038 2267 1985
14944 4 2 17 29 2139 2434 2206 2529
14945 4 2 17 29 2525 2213 2029 2078
14946 4 2 17 29 2205 1999 2309 2479
14947 4 2 17 29 1956 2079 2153 2507
14948 4 2 17 29 2132 2066 2446 2518
14949 4 2 17 29 1980 2166 2365 2294
14950 4 2 17 29 2237 2223 2528 1934
14951 4 2 17 29 2174 2074 2449 1984
14952 4 2 17 29 2158 2397 2176 2421
14953 4 2 17 29 1046 1030 1029 2175
14954 4 2 17 29 2040 2526 2176 2397
14955 4 2 17 29 1042 1025 2394 1026
14956 4 2 17 29 2314 2396 2141 2465
14957 4 2 17 29 2064 2063 2102 2412
14958 4 2 17 29 2450 2178 2224 2088
14959 4 2 17 29 1936 2108 2127 2544
14960 4 2 17 29 2182 2365 2181 1980
14961 4 2 17 29 1999 2212 2309 2479
14962 4 2 17 29 2054 1963 2315 2511
14963 4 2 17 29 2308 2265 2326 2444
14964 4 2 17 29 2143 2029 2230 2436
14965 4 2 17 29 2513 2528 2237 2277
14966 4 2 17 29 2426 2559 2335 2140
14967 4 2 17 29 2026 2246 2417 2053
14968 4 2 17 29 2001 2114 2296 2549
14969 4 2 17 29 2165 2082 2195 2471
14970 4 2 17 29 2495 2131 2383 2413
14971 4 2 17 29 2030 2160 2317 2330
14972 4 2 17 29 2427 2079 2189 2560
14973 4 2 17 29 2013 2441 2157 2410
14974 4 2 17 29 1055 2352 1040 1039
14975 4 2 17 29 1973 2064 2102 2521
14976 4 2 17 29 2039 2262 2304 2438
14977 4 2 17 29 2069 2477 2527 2002
14978 4 2 17 29 2556 2396 1996 2557
14979 4 2 17 29 1935 2030 2173 2457
14980 4 2 17 29 2338 2153 2460 2169
14981 4 2 17 29 2431 2062 2538 2537
14982 4 2 17 29 2434 2124 2555 2529
14983 4 2 17 29 2343 2220 2423 1949
14984 4 2 17 29 2091 2505 2520 2550
14985 4 2 17 29 2020 2067 2075 2478
14986 4 2 17 29 2459 2206 2434 2529
14987 4 2 17 29 2333 2406 2301 1940
14988 4 2 17 29 2065 2407 2075 2018
14989 4 2 17 29 2554 2493 1954 2098
14990 4 2 17 29 2241 2077 2399 2126
14991 4 2 17 29 2042 1043 1027 1028
14992 4 2 17 29 2043 2390 2552 2452
14993 4 2 17 29 2081 2195 2469 2558
14994 4 2 17 29 2171 1951 2344 2433
14995 4 2 17 29 2189 2079 2393 2560
14996 4 2 17 29 2134 1986 2281 2519
14997 4 2 17 29 2433 2048 1951 2548
14998 4 2 17 29 2481 2343 2423 1949
14999 4 2 17 29 2287 2315 2512 2107
15000 4 2 17 29 1944 2257 2486 2351
15001 4 2 17 29 2435 2204 1994 2523
15002 4 2 17 29 2524 1961 2274 2372
15003 4 2 17 29 1965 1037 1053 2145
15004 4 2 17 29 2052 2192 2306 2517
15005 4 2 17 29 2548 2433 2048 2407
15006 4 2 17 29 2218 2416 2012 2401
15007 4 2 17 29 2306 2517 2462 2106
15008 4 2 17 29 2066 2132 2285 2518
15009 4 2 17 29 2455 1960 2371 2516
15010 4 2 17 29 1050 1033 2103 1034
15011 4 2 17 29 1036 2516 1051 1052
15012 4 2 17 29 2037 1948 2561 2432
15013 4 2 17 29 2118 2453 2349 2421
15014 4 2 17 29 2185 2057 2176 2526
15015 4 2 17 29 2070 1944 2351 2215
15016 4 2 17 29 2330 1935 2311 2553
15017 4 2 17 29 2054 2204 2337 1930
15018 4 2 17 29 1999 2128 2212 2420
15019 4 2 17 29 2033 1962 2274 2472
15020 4 2 17 29 2256 2462 2142 1971
15021 4 2 17 29 2241 2023 2447 2535
15022 4 2 17 29 1962 2033 2240 2472
15023 4 2 17 29 2189 2427 2560 2393
15024 4 2 17 29 2064 1973 2135 2521
15025 4 2 17 29 2432 2037 1948 2269
15026 4 2 17 29 2560 2153 2338 1933
15027 4 2 17 29 2261 2513 2277 2012
15028 4 2 17 29 2296 2001 2549 2413
15029 4 2 17 29 2541 2006 2542 2305
15030 4 2 17 29 2018 2548 2048 2407
15031 4 2 17 29 2061 1994 2539 2218
15032 4 2 17 29 2043 1995 2390 2452
15033 4 2 17 29 1975 1950 2270 2427
15034 4 2 17 29 2077 2156 2241 2399
15035 4 2 17 29 2243 2452 2344 1951
15036 4 2 17 29 2287 2264 2512 2497
15037 4 2 17 29 2313 2382 1983 2549
15038 4 2 17 29 2235 2069 2358 2527
15039 4 2 17 29 2392 2047 1986 2519
15040 4 2 17 29 2071 2141 2464 2465
15041 4 2 17 29 2534 2402 2530 2005
15042 4 2 17 29 2011 2527 2482 2398
15043 4 2 17 29 2257 1944 2510 2351
15044 4 2 17 29 2501 2464 2349 1946
15045 4 2 17 29 2326 2497 2264 2240
15046 4 2 17 29 2241 2023 2316 2447
15047 4 2 17 29 2048 2018 2407 2231
15048 4 2 17 29 1946 2295 2501 2017
15049 4 2 17 29 2160 1935 2311 2330
15050 4 2 17 29 2094 2006 2104 2542
15051 4 2 17 29 2460 2051 2374 2169
15052 4 2 17 29 2349 2464 2170 1946
15053 4 2 17 29 2350 1942 2513 2277
15054 4 2 17 29 2334 2237 2528 1934
15055 4 2 17 29 2065 2099 2244 2509
15056 4 2 17 29 2117 1979 2166 2500
15057 4 2 17 29 2416 2347 2513 2012
15058 4 2 17 29 2559 2389 1977 2426
15059 4 2 17 29 2262 2531 2304 2438
15060 4 2 17 29 2183 1986 2519 2520
15061 4 2 17 29 2161 2369 2029 2209
15062 4 2 17 29 2480 2112 2034 2524
15063 4 2 17 29 2121 2028 2307 2547
15064 4 2 17 29 2159 2141 2396 2501
15065 4 2 17 29 2504 2142 2522 2462
15066 4 2 17 29 2456 2172 2262 2380
15067 4 2 17 29 2433 1951 2344 2548
15068 4 2 17 29 1997 2200 2494 2146
15069 4 2 17 29 2172 2030 1981 2545
15070 4 2 17 29 2546 2177 2531 1967
15071 4 2 17 29 2003 2208 2529 2386
15072 4 2 17 29 2512 2107 2265 2326
15073 4 2 17 29 2118 2453 2057 2249
15074 4 2 17 29 2347 2085 2513 2012
15075 4 2 17 29 2092 1924 2459 2206
15076 4 2 17 29 2522 2238 2066 2446
15077 4 2 17 29 2437 2382 2551 2239
15078 4 2 17 29 2166 2312 2365 2422
15079 4 2 17 29 2185 2000 2186 2491
15080 4 2 17 29 2559 2227 2335 2140
15081 4 2 17 29 2545 2150 1981 2546
15082 4 2 17 29 2186 2011 2284 2482
15083 4 2 17 29 2419 2150 2545 2546
15084 4 2 17 29 2148 2424 2275 2188
15085 4 2 17 29 2040 2526 2397 2490
15086 4 2 17 29 1964 2219 2315 2376
15087 4 2 17 29 2208 2003 2224 2386
15088 4 2 17 29 2074 2395 2174 2449
15089 4 2 17 29 2217 2117 2294 2506
15090 4 2 17 29 2559 2389 2228 1977
15091 4 2 17 29 2172 2456 2262 2056
15092 4 2 17 29 2166 2025 2312 2422
15093 4 2 17 29 2000 2040 2210 2490
15094 4 2 17 29 1984 2383 2385 1997
15095 4 2 17 29 2365 2182 2181 2505
15096 4 2 17 29 1967 1027 2360 2514
15097 4 2 17 29 1941 2085 2258 2347
15098 4 2 17 29 1930 2060 2523 2337
15099 4 2 17 29 2535 2384 2316 2447
15100 4 2 17 29 2447 2535 2399 2241
15101 4 2 17 29 2104 2006 2305 2542
15102 4 2 17 29 2531 1981 2546 2380
15103 4 2 17 29 2085 2237 2528 2277
15104 4 2 17 29 2273 2024 2290 2419
15105 4 2 17 29 2013 2503 2441 2410
15106 4 2 17 29 2296 2073 2448 2114
15107 4 2 17 29 2262 2456 2299 2056
15108 4 2 17 29 2448 2296 2114 2549
15109 4 2 17 29 2526 2040 2176 2185
15110 4 2 17 29 2219 2337 2054 2511
15111 4 2 17 29 2153 2560 2338 2507
15112 4 2 17 29 2214 2038 2313 2454
15113 4 2 17 29 2384 2281 2463 2045
15114 4 2 17 29 2428 2058 1992 2257
15115 4 2 17 29 2337 2219 2054 1930
15116 4 2 17 29 1929 2327 2015 2401
15117 4 2 17 29 2187 2449 2448 2216
15118 4 2 17 29 2275 2321 2148 1923
15119 4 2 17 29 2056 2299 1940 2456
15120 4 2 17 29 2095 2005 2137 2534
15121 4 2 17 29 2494 1996 2557 2146
15122 4 2 17 29 2095 2005 2530 2094
15123 4 2 17 29 2061 2523 2539 1994
15124 4 2 17 29 2026 1935 2553 2311
15125 4 2 17 29 2561 2342 1948 2540
15126 4 2 17 29 2069 2011 2002 2527
15127 4 2 17 29 2172 1981 2262 2380
15128 4 2 17 29 2062 2061 2271 2538
15129 4 2 17 29 1989 1998 2191 2556
15130 4 2 17 29 2200 2131 1997 2495
15131 4 2 17 29 2125 2468 1957 2533
15132 4 2 17 29 2505 2246 2417 2182
15133 4 2 17 29 2100 1972 2238 2359
15134 4 2 17 29 2135 2236 2251 2408
15135 4 2 17 29 2313 2382 2267 1983
15136 4 2 17 29 2297 2342 2540 1948
15137 4 2 17 29 1054 1037 1053 2363
15138 4 2 17 29 2083 2471 2165 2533
15139 4 2 17 29 2103 2442 1049 1050
15140 4 2 17 29 2093 2130 2320 2474
15141 4 2 17 29 2089 2144 2178 2451
15142 4 2 17 29 2243 2005 2269 2402
15143 4 2 17 29 2401 1994 2539 2523
15144 4 2 17 29 2036 1045 1029 2174
15145 4 2 17 29 2004 2165 2195 2558
15146 4 2 17 29 2091 2181 2505 2550
15147 4 2 17 29 2139 2003 2208 2529
15148 4 2 17 29 2024 2419 2273 2151
15149 4 2 17 29 1968 2482 2161 2284
15150 4 2 17 29 2182 1980 2312 2365
15151 4 2 17 29 2344 2171 2433 2502
15152 4 2 17 29 2159 2501 2295 2017
15153 4 2 17 29 2192 2306 2517 1971
15154 4 2 17 29 2141 2017 2464 2501
15155 4 2 17 29 2326 1928 2308 2197
15156 4 2 17 29 2005 2269 2402 2530
15157 4 2 17 29 2005 2094 2269 2530
15158 4 2 17 29 2028 2220 2221 2423
15159 4 2 17 29 2159 1996 2556 2396
15160 4 2 17 29 1997 2383 2385 2495
15161 4 2 17 29 1937 2505 2246 2336
15162 4 2 17 29 2049 1969 2248 2369
15163 4 2 17 29 2486 2428 2058 2544
15164 4 2 17 29 1959 2071 2170 2464
15165 4 2 17 29 2459 1924 2322 2434
15166 4 2 17 29 2420 2212 1999 2479
15167 4 2 17 29 2513 2261 2416 2012
15168 4 2 17 29 2123 2126 2434 2498
15169 4 2 17 29 2318 2437 2113 2041
15170 4 2 17 29 2167 2500 2483 1979
15171 4 2 17 29 2001 1984 2131 2383
15172 4 2 17 29 2100 2066 2102 2518
15173 4 2 17 29 2005 2095 2530 2534
15174 4 2 17 29 1933 2153 2338 2169
15175 4 2 17 29 1981 2172 2545 2380
15176 4 2 17 29 2185 2000 2491 2490
15177 4 2 17 29 2541 2411 2163 2164
15178 4 2 17 29 2233 2086 2484 2259
15179 4 2 17 29 1962 2050 2289 2497
15180 4 2 17 29 2551 2549 1983 2382
15181 4 2 17 29 2172 2173 2457 2056
15182 4 2 17 29 2513 2085 2528 2277
15183 4 2 17 29 2150 2024 2151 2419
15184 4 2 17 29 2187 2073 2448 2296
15185 4 2 17 29 2517 2462 2400 1971
15186 4 2 17 29 1930 2523 2204 2337
15187 4 2 17 29 2544 1936 2144 2127
15188 4 2 17 29 2051 2460 2153 2169
15189 4 2 17 29 1938 2200 2211 2331
15190 4 2 17 29 1985 2267 2406 2242
15191 4 2 17 29 1952 2103 2291 2345
15192 4 2 17 29 2258 2223 2528 2085
15193 4 2 17 29 2212 2309 2479 2378
15194 4 2 17 29 2029 2078 2230 2436
15195 4 2 17 29 1053 2363 2032 2444
15196 4 2 17 29 2522 1970 2446 2356
15197 4 2 17 29 2241 2322 1924 2126
15198 4 2 17 29 1980 2166 2312 2365
15199 4 2 17 29 2067 1995 2278 2499
15200 4 2 17 29 2115 2000 2122 2398
15201 4 2 17 29 2118 2453 2421 2057
15202 4 2 17 29 2140 1936 2227 2335
15203 4 2 17 29 2383 2001 2187 2413
15204 4 2 17 29 2084 1925 2323 2261
15205 4 2 17 29 1983 2114 2551 2113
15206 4 2 17 29 2130 2084 2293 2476
15207 4 2 17 29 2530 2095 2403 2534
15208 4 2 17 29 2354 2487 2310 2255
15209 4 2 17 29 2463 1988 2045 2194
15210 4 2 17 29 2267 2286 2382 2242
15211 4 2 17 29 1961 2190 2274 2372
15212 4 2 17 29 2091 2181 2182 2505
15213 4 2 17 29 2183 2184 2520 2091
15214 4 2 17 29 2550 2091 2183 2520
15215 4 2 17 29 2184 2091 1937 2336
15216 4 2 17 29 2139 2434 2076 2206
15217 4 2 17 29 2352 1040 1056 1055
15218 4 2 17 29 2229 2177 2546 1967
15219 4 2 17 29 2311 2026 2312 2553
15220 4 2 17 29 2282 2217 2506 2117
15221 4 2 17 29 2491 2000 2398 2490
15222 4 2 17 29 1950 2307 2547 2121
15223 4 2 17 29 2008 2561 2366 2116
15224 4 2 17 29 2372 2154 2190 2536
15225 4 2 17 29 2127 2088 2144 2450
15226 4 2 17 29 2087 2124 2139 2529
15227 4 2 17 29 2532 2211 2071 2465
15228 4 2 17 29 2066 1970 2132 2446
15229 4 2 17 29 2187 2449 2216 1984
15230 4 2 17 29 2417 2026 2053 2475
15231 4 2 17 29 2048 2433 2209 1927
15232 4 2 17 29 2095 2137 2341 2534
15233 4 2 17 29 1986 2183 2184 2520
15234 4 2 17 29 1043 2042 1044 1028
15235 4 2 17 29 1041 1025 2394 1042
15236 4 2 17 29 2301 2286 2242 2430
15237 4 2 17 29 1962 2240 2497 2472
15238 4 2 17 29 1927 2325 2543 2099
15239 4 2 17 29 1029 1045 1046 2175
15240 4 2 17 29 2417 2246 2026 2182
15241 4 2 17 29 2090 2418 2337 2467
15242 4 2 17 29 2552 2341 2390 2138
15243 4 2 17 29 2264 2107 2287 2512
15244 4 2 17 29 2140 2426 2276 2350
15245 4 2 17 29 2468 2529 2555 2087
15246 4 2 17 29 2204 2435 1994 2015
15247 4 2 17 29 2011 1968 2284 2482
15248 4 2 17 29 2397 2158 2420 2421
15249 4 2 17 29 2557 2385 2494 2146
15250 4 2 17 29 2035 2286 2301 2430
15251 4 2 17 29 2431 2202 2510 2263
15252 4 2 17 29 2462 2306 2142 1971
15253 4 2 17 29 2050 1962 2240 2497
15254 4 2 17 29 2041 2381 2303 1982
15255 4 2 17 29 2334 2528 2223 1934
15256 4 2 17 29 2471 2083 2445 2533
15257 4 2 17 29 2050 2287 2289 2497
15258 4 2 17 29 2005 2043 2552 2402
15259 4 2 17 29 1986 2047 2392 2184
15260 4 2 17 29 2364 2487 2193 2378
15261 4 2 17 29 2001 2214 2313 2413
15262 4 2 17 29 1991 2070 2431 2215
15263 4 2 17 29 2057 1932 2329 2526
15264 4 2 17 29 2437 2551 2113 2239
15265 4 2 17 29 2135 1973 2236 2521
15266 4 2 17 29 2180 2079 2427 2560
15267 4 2 17 29 2057 2421 2176 2526
15268 4 2 17 29 1998 2159 2556 2414
15269 4 2 17 29 2178 2088 2450 2451
15270 4 2 17 29 2028 2220 2423 2260
15271 4 2 17 29 2462 2256 2400 1971
15272 4 2 17 29 2435 1994 2401 2523
15273 4 2 17 29 2443 2373 2031 2444
15274 4 2 17 29 1991 2202 2215 2431
15275 4 2 17 29 2248 2247 1932 2329
15276 4 2 17 29 2279 2047 2316 2447
15277 4 2 17 29 2038 2267 2313 2454
15278 4 2 17 29 1049 1033 2103 1050
15279 4 2 17 29 2015 2054 2435 2319
15280 4 2 17 29 2090 2060 2337 2418
15281 4 2 17 29 2109 1929 2327 2015
15282 4 2 17 29 2343 2105 2220 1949
15283 4 2 17 29 2082 2083 2388 2471
15284 4 2 17 29 1046 2487 1047 1031
15285 4 2 17 29 2442 2390 2138 2291
15286 4 2 17 29 1972 2238 2359 2522
15287 4 2 17 29 2075 2252 2478 2508
15288 4 2 17 29 2478 2292 2345 1952
15289 4 2 17 29 2121 2189 2547 1950
15290 4 2 17 29 1952 2345 2478 2408
15291 4 2 17 29 2400 2255 2192 1971
15292 4 2 17 29 1929 2051 2109 2327
15293 4 2 17 29 2109 2051 2289 2375
15294 4 2 17 29 1039 1054 1055 2348
15295 4 2 17 29 1975 2055 2180 2427
15296 4 2 17 29 2043 1995 2138 2390
15297 4 2 17 29 2239 1983 2286 2382
15298 4 2 17 29 2470 2469 2080 2367
15299 4 2 17 29 2078 2213 2235 2525
15300 4 2 17 29 2546 2151 2229 1967
15301 4 2 17 29 2395 2488 2174 2449
15302 4 2 17 29 1972 2142 2238 2522
15303 4 2 17 29 2068 2357 2446 2441
15304 4 2 17 29 2434 1924 2322 2126
15305 4 2 17 29 1039 1055 2352 2370
15306 4 2 17 29 2549 2001 2313 2413
15307 4 2 17 29 2462 2142 2522 2356
15308 4 2 17 29 2433 2209 1927 2325
15309 4 2 17 29 1946 2128 2349 2295
15310 4 2 17 29 2068 2446 1970 2441
15311 4 2 17 29 2344 2278 1951 2452
15312 4 2 17 29 2280 2235 2358 2078
15313 4 2 17 29 2060 1930 2090 2337
15314 4 2 17 29 2108 2058 2544 2486
15315 4 2 17 29 2034 2055 2112 2480
15316 4 2 17 29 2251 1952 2252 2408
15317 4 2 17 29 2134 2225 2391 2463
15318 4 2 17 29 1981 2030 2150 2545
15319 4 2 17 29 1966 2440 2022 2354
15320 4 2 17 29 1927 2231 2048 2325
15321 4 2 17 29 2170 2017 1946 2464
15322 4 2 17 29 2437 2318 2551 2340
15323 4 2 17 29 1973 2357 2132 2133
15324 4 2 17 29 2009 2164 2343 1949
15325 4 2 17 29 2483 1042 1027 1043
15326 4 2 17 29 2329 1932 2248 2049
15327 4 2 17 29 2360 2546 2531 1967
15328 4 2 17 29 2004 2165 2558 2387
15329 4 2 17 29 2114 2551 2448 2549
15330 4 2 17 29 2172 2456 2056 2457
15331 4 2 17 29 2030 2172 2173 2457
15332 4 2 17 29 2108 2058 2127 2544
15333 4 2 17 29 2399 2023 2156 2241
15334 4 2 17 29 2211 2532 2071 2179
15335 4 2 17 29 2304 1982 2531 2177
15336 4 2 17 29 1988 2463 2394 2194
15337 4 2 17 29 2531 1982 2381 2360
15338 4 2 17 29 2161 2482 1968 2525
15339 4 2 17 29 2154 2372 1961 2536
15340 4 2 17 29 2088 2144 2450 2451
15341 4 2 17 29 2450 2144 2127 2544
15342 4 2 17 29 1053 1037 1965 2032
15343 4 2 17 29 2195 2387 2004 2558
15344 4 2 17 29 2317 2419 2150 2545
15345 4 2 17 29 2041 2113 2239 2437
15346 4 2 17 29 1968 2069 2235 2527
15347 4 2 17 29 2131 2001 2383 2413
15348 4 2 17 29 2113 2073 2114 2551
15349 4 2 17 29 2399 2023 2241 2535
15350 4 2 17 29 2387 2125 2533 2555
15351 4 2 17 29 2147 2067 2278 2499
15352 4 2 17 29 2087 2124 2529 2555
15353 4 2 17 29 2173 2457 2475 1935
15354 4 2 17 29 2134 2045 2463 2281
15355 4 2 17 29 2539 2218 1994 2401
15356 4 2 17 29 1992 2370 1993 2428
15357 4 2 17 29 2560 1956 2393 2507
15358 4 2 17 29 2190 2154 2443 2536
15359 4 2 17 29 2469 2196 2080 2367
15360 4 2 17 29 2165 2125 2083 2533
15361 4 2 17 29 2192 2477 2255 2400
15362 4 2 17 29 1030 1046 1976 2175
15363 4 2 17 29 2007 2305 2105 2404
15364 4 2 17 29 2129 2516 1960 2455
15365 4 2 17 29 1033 1049 2503 2410
15366 4 2 17 29 2217 2044 2282 2506
15367 4 2 17 29 2213 1968 2235 2525
15368 4 2 17 29 1932 2329 2491 2049
15369 4 2 17 29 2158 2349 2128 2420
15370 4 2 17 29 2551 2448 2073 2114
15371 4 2 17 29 2185 2490 2491 2526
15372 4 2 17 29 2154 1955 2536 2155
15373 4 2 17 29 2205 2479 2309 2440
15374 4 2 17 29 2170 2377 1959 2464
15375 4 2 17 29 1944 2202 2257 2510
15376 4 2 17 29 1956 2121 2189 2393
15377 4 2 17 29 2165 2558 2387 2533
15378 4 2 17 29 1929 2460 2051 2327
15379 4 2 17 29 2467 2368 2226 1990
15380 4 2 17 29 1051 1035 1050 2461
15381 4 2 17 29 2536 2372 1961 2155
15382 4 2 17 29 2534 2552 2402 2005
15383 4 2 17 29 2399 2023 2535 2156
15384 4 2 17 29 1935 2475 2026 2553
15385 4 2 17 29 2004 2533 2165 2387
15386 4 2 17 29 2390 2138 2043 2552
15387 4 2 17 29 2349 2158 2128 1946
15388 4 2 17 29 1968 2011 2527 2482
15389 4 2 17 29 2084 2261 2513 2277
15390 4 2 17 29 2158 2421 2176 2057
15391 4 2 17 29 2265 2264 2326 2107
15392 4 2 17 29 2040 2526 2490 2185
15393 4 2 17 29 2011 2000 2115 2398
15394 4 2 17 29 1945 2439 2010 1054
15395 4 2 17 29 2141 1996 2159 2396
15396 4 2 17 29 2025 2166 2273 2422
15397 4 2 17 29 2196 2471 2082 2367
15398 4 2 17 29 2106 1972 2283 2504
15399 4 2 17 29 2005 2137 2534 2552
15400 4 2 17 29 1937 2246 2245 2336
15401 4 2 17 29 2492 2450 2224 2111
15402 4 2 17 29 2381 2437 2041 2303
15403 4 2 17 29 2168 1988 2384 2470
15404 4 2 17 29 2000 2011 2186 2398
15405 4 2 17 29 2186 2000 2398 2491
15406 4 2 17 29 1978 2361 2194 2167
15407 4 2 17 29 2087 2468 1957 2125
15408 4 2 17 29 1997 2385 1976 2146
15409 4 2 17 29 1963 2109 2289 2375
15410 4 2 17 29 2488 2449 2383 1984
15411 4 2 17 29 2151 2273 1979 2362
15412 4 2 17 29 1983 2267 2286 2382
15413 4 2 17 29 2018 2065 2407 2231
15414 4 2 17 29 2121 2393 1956 2203
15415 4 2 17 29 2127 2058 1993 2544
15416 4 2 17 29 2167 2117 2500 1979
15417 4 2 17 29 1998 2128 2295 2414
15418 4 2 17 29 2157 1048 1032 2410
15419 4 2 17 29 2281 2519 2279 2384
15420 4 2 17 29 2071 2211 2314 2465
15421 4 2 17 29 2004 2533 2387 2125
15422 4 2 17 29 2002 2011 2398 2527
15423 4 2 17 29 1994 2015 2435 2401
15424 4 2 17 29 2069 2477 2002 2192
15425 4 2 17 29 2014 2021 2133 2409
15426 4 2 17 29 2016 2445 1040 1056
15427 4 2 17 29 2015 2054 2204 2435
15428 4 2 17 29 2081 2195 2196 2469
15429 4 2 17 29 1989 2378 2193 2310
15430 4 2 17 29 2488 2174 2449 1984
15431 4 2 17 29 2124 2087 2125 2555
15432 4 2 17 29 2125 1957 2083 2533
15433 4 2 17 29 2295 1946 2501 2349
15434 4 2 17 29 2041 2239 2303 2437
15435 4 2 17 29 2492 2224 2386 2208
15436 4 2 17 29 2299 2333 1940 2456
15437 4 2 17 29 1961 2154 2536 2155
15438 4 2 17 29 2450 2127 1993 2544
15439 4 2 17 29 1028 1044 2036 2199
15440 4 2 17 29 2200 1997 2494 2495
15441 4 2 17 29 2428 1992 2348 2510
15442 4 2 17 29 2080 2081 2196 2469
15443 4 2 17 29 2230 1972 2504 2283
15444 4 2 17 29 2323 2261 1925 2218
15445 4 2 17 29 2325 1927 2231 2099
15446 4 2 17 29 2400 2255 2256 1047
15447 4 2 17 29 2150 2024 2419 2317
15448 4 2 17 29 2341 2403 2095 2534
15449 4 2 17 29 2540 2008 2298 2297
15450 4 2 17 29 2154 2373 2443 2536
15451 4 2 17 29 2029 2078 2436 2525
15452 4 2 17 29 2341 2137 2552 2534
15453 4 2 17 29 2501 2159 2295 2414
15454 4 2 17 29 2022 2205 2309 2440
15455 4 2 17 29 2552 2402 2043 2452
15456 4 2 17 29 1950 1975 2189 2427
15457 4 2 17 29 2055 1975 2270 2427
15458 4 2 17 29 2240 1928 2264 2326
15459 4 2 17 29 2393 2121 2189 2547
15460 4 2 17 29 1937 2091 2505 2336
15461 4 2 17 29 1998 1989 2212 2378
15462 4 2 17 29 2340 2041 1953 2042
15463 4 2 17 29 2491 2186 2482 2398
15464 4 2 17 29 2388 2083 2445 2471
15465 4 2 17 29 2007 2220 2260 2404
15466 4 2 17 29 2450 2088 2224 2111
15467 4 2 17 29 1953 2340 2042 2199
15468 4 2 17 29 2381 2304 1982 2531
15469 4 2 17 29 2151 2419 2273 2362
15470 4 2 17 29 2372 1961 2515 2112
15471 4 2 17 29 2388 2016 2082 2489
15472 4 2 17 29 2477 2192 2517 2400
15473 4 2 17 29 2235 2052 2280 2358
15474 4 2 17 29 2341 1947 2442 2138
15475 4 2 17 29 2073 2113 2318 2551
15476 4 2 17 29 2525 2078 2358 2235
15477 4 2 17 29 2211 2072 2314 2465
15478 4 2 17 29 2159 1996 2191 2556
15479 4 2 17 29 1047 2487 2255 1031
15480 4 2 17 29 1970 2066 2238 2446
15481 4 2 17 29 2007 2105 2220 2404
15482 4 2 17 29 2450 2370 1993 2111
15483 4 2 17 29 1984 2385 2175 1997
15484 4 2 17 29 2152 2167 2483 1979
15485 4 2 17 29 2207 2086 2484 2233
15486 4 2 17 29 2450 1993 2127 2088
15487 4 2 17 29 1945 2348 1054 1038
15488 4 2 17 29 2125 2555 2087 2468
15489 4 2 17 29 1932 2247 2249 2329
15490 4 2 17 29 1998 2159 2191 2556
15491 4 2 17 29 1932 2249 2057 2329
15492 4 2 17 29 2066 2102 2518 2285
15493 4 2 17 29 2300 1940 2299 2333
15494 4 2 17 29 2060 2090 2271 2418
15495 4 2 17 29 2106 2052 2306 2517
15496 4 2 17 29 2536 2372 2155 2515
15497 4 2 17 29 2449 2187 2383 1984
15498 4 2 17 29 2141 2071 2314 2465
15499 4 2 17 29 2083 2082 2388 2016
15500 4 2 17 29 2141 2017 2170 2464
15501 4 2 17 29 2372 1961 2155 2515
15502 4 2 17 29 2423 2221 2481 1949
15503 4 2 17 29 2031 2154 2373 2443
15504 4 2 17 29 2090 1990 2271 2418
15505 4 2 17 29 2123 2077 2126 2498
15506 4 2 17 29 2471 2195 2165 2558
15507 4 2 17 29 2039 2438 2300 2299
15508 4 2 17 29 2385 1997 2494 2146
15509 4 2 17 29 2307 1950 2547 2346
15510 4 2 17 29 1037 1053 2363 2032
15511 4 2 17 29 1049 2503 2014 1033
15512 4 2 17 29 2159 1998 2295 2414
15513 4 2 17 29 1988 2470 1987 2394
15514 4 2 17 29 2411 2009 1947 2163
15515 4 2 17 29 2192 2477 2354 2255
15516 4 2 17 29 2090 1990 2418 2467
15517 4 2 17 29 2356 2157 1048 1032
15518 4 2 17 29 2046 2045 2281 2384
15519 4 2 17 29 2088 2450 1993 2111
15520 4 2 17 29 2187 2073 2216 2448
15521 4 2 17 29 2423 2220 2221 1949
15522 4 2 17 29 2262 2039 2299 2438
15523 4 2 17 29 2252 2075 2478 2020
15524 4 2 17 29 2281 1986 2279 2519
15525 4 2 17 29 2012 2261 2416 2218
15526 4 2 17 29 1930 2219 2268 2337
15527 4 2 17 29 2390 2138 2291 1995
15528 4 2 17 29 2384 2168 2470 2535
15529 4 2 17 29 2265 2376 1964 2107
15530 4 2 17 29 1964 2376 2265 2266
15531 4 2 17 29 2150 2151 2229 2546
15532 4 2 17 29 2019 2251 2252 2408
15533 4 2 17 29 2001 2131 2214 2413
15534 4 2 17 29 1979 2483 2152 2362
15535 4 2 17 29 1040 2445 2352 1056
15536 4 2 17 29 2191 2556 1996 2557
15537 4 2 17 29 2087 2139 2208 2529
15538 4 2 17 29 2487 2193 2378 2310
15539 4 2 17 29 2536 2373 1955 2154
15540 4 2 17 29 1926 2198 2324 2298
15541 4 2 17 29 2137 2341 2552 2138
15542 4 2 17 29 2221 1950 2307 2346
15543 4 2 17 29 2071 2141 2170 2464
15544 4 2 17 29 2300 2035 2301 2430
15545 4 2 17 29 2168 2156 2470 2535
15546 4 2 17 29 2145 1955 1036 2458
15547 4 2 17 29 2022 2122 2210 2440
15548 4 2 17 29 2361 1978 2117 2167
15549 4 2 17 29 2079 1956 2189 2393
15550 4 2 17 29 2117 2166 2294 2500
15551 4 2 17 29 2491 2186 2049 2284
15552 4 2 17 29 2151 2150 2419 2546
15553 4 2 17 29 1970 2522 2142 2356
15554 4 2 17 29 2004 2533 2125 2165
15555 4 2 17 29 2437 2041 2318 2340
15556 4 2 17 29 2269 2432 2037 2243
15557 4 2 17 29 2142 2106 2306 2462
15558 4 2 17 29 2108 1944 2257 2486
15559 4 2 17 29 2400 2192 2517 1971
15560 4 2 17 29 1947 2442 2411 2341
15561 4 2 17 29 2376 1964 2136 2266
15562 4 2 17 29 2468 2208 2529 2087
15563 4 2 17 29 2077 2123 2272 2498
15564 4 2 17 29 2090 2467 2226 1990
15565 4 2 17 29 2154 2031 2190 2443
15566 4 2 17 29 2090 1930 2268 2337
15567 4 2 17 29 2006 2164 2305 2541
15568 4 2 17 29 2086 2484 2259 2258
15569 4 2 17 29 2192 2002 2288 2477
15570 4 2 17 29 1992 2510 2202 2263
15571 4 2 17 29 2190 2031 2197 2443
15572 4 2 17 29 1964 2376 2136 2219
15573 4 2 17 29 2360 1043 1027 2042
15574 4 2 17 29 2045 2046 1988 2384
15575 4 2 17 29 1940 2300 2301 2333
15576 4 2 17 29 2310 1966 2022 2354
15577 4 2 17 29 1963 2109 2375 2319
15578 4 2 17 29 2343 2164 2541 2105
15579 4 2 17 29 2477 2354 2255 2400
15580 4 2 17 29 2186 2491 2482 2284
15581 4 2 17 29 2205 2022 2210 2440
15582 4 2 17 29 2507 2153 2027 2415
15583 4 2 17 29 2042 1044 1028 2199
15584 4 2 17 29 2403 2163 1947 2095
15585 4 2 17 29 2337 2268 2090 2467
15586 4 2 17 29 2048 2433 1927 2325
15587 4 2 17 29 1052 1036 2516 2355
15588 4 2 17 29 1038 1054 2010 1958
15589 4 2 17 29 2058 2108 2257 2486
15590 4 2 17 29 2162 2368 2226 1945
15591 4 2 17 29 1966 2192 2354 2255
15592 4 2 17 29 2030 2150 2545 2317
15593 4 2 17 29 1957 2445 2083 2533
15594 4 2 17 29 2082 2471 2388 2489
15595 4 2 17 29 1054 2010 1945 1038
15596 4 2 17 29 1996 2141 2314 2396
15597 4 2 17 29 1961 2112 2155 2515
15598 4 2 17 29 2010 2439 2136 1958
15599 4 2 17 29 2168 2046 2535 2384
15600 4 2 17 29 2002 2011 2115 2398
15601 4 2 17 29 2206 2092 2253 2459
15602 4 2 17 29 2356 2462 2142 2256
15603 4 2 17 29 2019 2135 2251 2408
15604 4 2 17 29 2256 2356 2462 2400
15605 4 2 17 29 2378 1989 2309 2310
15606 4 2 17 29 2556 2191 2364 2557
15607 4 2 17 29 2450 1993 2370 2544
15608 4 2 17 29 2273 2025 2422 2290
15609 4 2 17 29 2500 2361 2117 2167
15610 4 2 17 29 1047 2255 2256 1031
15611 4 2 17 29 2134 2045 2225 2463
15612 4 2 17 29 1957 2208 2468 2087
15613 4 2 17 29 2468 2352 1957 2533
15614 4 2 17 29 1958 2363 2136 2266
15615 4 2 17 29 2341 2137 1947 2138
15616 4 2 17 29 2197 2031 2308 2443
15617 4 2 17 29 2068 2503 2441 2013
15618 4 2 17 29 2368 2162 2263 1945
15619 4 2 17 29 1947 2095 2137 2341
15620 4 2 17 29 2168 2046 2384 1988
15621 4 2 17 29 2279 2046 2281 2384
15622 4 2 17 29 2266 1958 2363 2032
15623 4 2 17 29 2264 1928 2265 2326
15624 4 2 17 29 2238 2522 1970 2446
15625 4 2 17 29 2020 2252 2292 2478
15626 4 2 17 29 2079 1956 2393 2560
15627 4 2 17 29 2427 2079 1975 2189
15628 4 2 17 29 2006 2164 2541 2163
15629 4 2 17 29 2105 2343 2164 1949
15630 4 2 17 29 2279 2046 2384 2316
15631 4 2 17 29 2471 2195 2196 2082
15632 4 2 17 29 2363 2266 2032 2444
15633 4 2 17 29 2302 1982 2303 2381
15634 4 2 17 29 2079 1975 2180 2427
15635 4 2 17 29 2006 2403 2163 2541
15636 4 2 17 29 2203 2234 2324 1926
15637 4 2 17 29 2006 2095 2163 2403
15638 4 2 17 29 1926 2198 2234 2324
15639 4 2 17 29 1928 2308 2265 2326
15640 4 2 17 29 2236 2021 2409 2133
15641 4 2 17 29 1982 2302 2304 2381
15642 4 2 17 29 2445 1957 2352 2533
15643 4 2 17 29 2515 2155 1960 2112
15644 4 2 17 29 2363 2136 2439 1958
15645 4 2 17 29 2292 2291 2345 1952
15646 4 2 17 29 2470 2168 1988 1987
15647 4 2 17 29 2164 2305 2541 2105
15648 4 2 17 29 2263 1992 2348 1945
15649 4 2 17 29 2032 2308 2031 2444
15650 4 2 17 29 2403 1947 2341 2095
15651 4 2 17 29 2111 2492 1957 2208
15652 4 2 17 29 2221 2028 2423 2307
15653 4 2 17 29 2470 2080 2168 1987
15654 4 2 17 29 2463 2225 2361 2194
15655 4 2 17 29 2439 2226 1945 2010
15656 4 2 17 29 2225 2463 2045 2194
15657 4 2 17 29 2175 1029 1045 2174
15658 4 2 17 29 1960 2371 2515 2112
15659 4 2 17 29 2156 2080 2168 2470
15660 4 2 17 29 2083 2016 2388 2445
15661 4 2 17 29 2461 2481 2455 2129
15662 4 2 17 29 1987 2080 2196 2367
15663 4 2 17 29 2467 2226 2439 2010
15664 4 2 17 29 2257 2428 2058 2486
15665 4 2 17 29 2411 2009 2163 2164
15666 4 2 17 29 2225 1978 2361 2194
15667 4 2 17 29 2492 2352 1957 2468
15668 4 2 17 29 1981 2150 2229 2546
15669 4 2 17 29 1955 1965 2373 2458
15670 4 2 17 29 2226 2368 2162 1990
15671 4 2 17 29 2345 2442 2103 2291
15672 4 2 17 29 1947 2103 2442 2138
15673 4 2 17 29 2208 2492 1957 2468
15674 4 2 17 29 1043 1027 2514 2360
15675 4 2 17 29 2224 2492 2111 2208
15676 4 2 17 29 2439 2268 2467 2010
15677 4 2 17 29 2212 1989 2309 2378
15678 4 2 17 29 1965 1955 2145 2458
15679 4 2 17 29 2265 2308 2032 2444
15680 4 2 17 29 2032 2266 2265 2444
15681 4 2 17 29 2373 1965 1955 2154
15682 4 2 17 29 2138 2103 2442 2291
15683 4 2 17 29 2041 1953 2318 2340
15684 4 2 17 29 2455 1051 2461 2129
15685 4 2 17 29 2510 1992 2348 2263
15686 4 2 17 29 2136 2268 2439 2010
15687 4 2 17 29 1965 2031 2154 2373
15688 4 2 17 29 1987 2470 2080 2367
15689 4 2 17 29 1051 1035 2461 2129
15690 4 2 17 29 2016 1025 2082 2489
15691 4 2 17 29 2321 2424 2148 2496
15692 4 2 17 29 2329 2248 2424 2369
15693 4 2 17 29 2340 1044 2360 2042
15694 4 2 17 29 2334 2207 2484 2429
15695 4 2 17 29 2336 2245 2429 2353
15696 4 2 17 29 1026 2152 2167 2483
15697 4 2 17 29 2353 2250 2493 2379
15698 4 2 17 29 1044 2340 2395 2199
15699 4 2 17 29 2425 2453 2249 2329
15700 4 2 17 29 2425 2201 2321 2275
15701 4 2 17 29 2275 2321 2425 2424
15702 4 2 17 29 1969 2502 2424 2369
15703 4 2 17 29 2424 2425 2275 2097
15704 4 2 17 29 1036 1960 2129 2516
15705 4 2 17 29 2009 1035 2129 2461
15706 4 2 17 29 1929 2012 2110 2473
15707 4 2 17 29 2348 2439 2368 1945
15708 4 2 17 29 2353 2336 2246 2417
15709 4 2 17 29 2353 2246 2336 2245
15710 4 2 17 29 1025 2082 2367 1987
15711 4 2 17 29 2367 2082 1025 2489
15712 4 2 17 29 1025 1041 2367 2489
15713 4 2 17 29 2554 2484 1923 2233
15714 4 2 17 29 1923 2484 2554 2321
15715 4 2 17 29 2343 2009 2481 2461
15716 4 2 17 29 2343 2481 2009 1949
15717 4 2 17 29 2129 2481 2009 2461
15718 4 2 17 29 2129 2009 2481 1949
15719 4 2 17 29 2379 2493 1939 2250
15720 4 2 17 29 2379 1939 2493 2332
15721 4 2 17 29 2110 2485 2347 1941
15722 4 2 17 29 2347 2485 2110 2473
15723 4 2 17 29 2347 2012 2110 1941
15724 4 2 17 29 2110 2012 2347 2473
15725 4 2 17 29 2354 2378 2022 2310
15726 4 2 17 29 2354 2022 2378 2440
15727 4 2 17 29 2309 2022 2378 2310
15728 4 2 17 29 2309 2378 2022 2440
15729 4 2 17 29 1035 2009 1050 2461
15730 4 2 17 29 1035 1050 2009 1034
15731 4 2 17 29 2191 2364 2146 1976
15732 4 2 17 29 2191 2146 2364 2557
15733 4 2 17 29 2385 2146 2364 1976
15734 4 2 17 29 2385 2364 2146 2557
15735 4 2 17 29 2395 2074 2340 2449
15736 4 2 17 29 2395 2340 2074 2199
15737 4 2 17 29 2057 2329 2453 2421
15738 4 2 17 29 2453 2329 2057 2249
15739 4 2 17 29 2425 2332 2098 2096
15740 4 2 17 29 2425 2098 2332 2493
15741 4 2 17 29 2491 2369 2284 2049
15742 4 2 17 29 2284 2369 2491 2482
15743 4 2 17 29 1047 2356 1032 2256
15744 4 2 17 29 1047 1032 2356 1048
15745 4 2 17 29 2345 2292 2390 2291
15746 4 2 17 29 2345 2390 2292 2478
15747 4 2 17 29 1995 2390 2292 2291
15748 4 2 17 29 1995 2292 2390 2478
15749 4 2 17 29 2222 2496 2188 2328
15750 4 2 17 29 2222 2188 2496 2148
15751 4 2 17 29 2424 2188 2496 2328
15752 4 2 17 29 2424 2496 2188 2148
15753 4 2 17 29 2355 1960 1036 2516
15754 4 2 17 29 2355 1036 1960 1955
15755 4 2 17 29 2103 2014 1049 2345
15756 4 2 17 29 2103 1049 2014 1033
15757 4 2 17 29 2405 2429 1937 2254
15758 4 2 17 29 1937 2429 2405 2336
15759 4 2 17 29 2324 2028 2547 2423
15760 4 2 17 29 2324 2547 2028 2234
15761 4 2 17 29 2111 1957 2370 1993
15762 4 2 17 29 1039 2370 1957 1993
15763 4 2 17 29 1039 1957 2370 2352
15764 4 2 17 29 2405 1924 1977 2101
15765 4 2 17 29 1977 1924 2405 2389
15766 4 2 17 29 2404 2297 2298 2007
15767 4 2 17 29 2298 2297 2404 2540
15768 4 2 17 29 1040 2445 1957 2352
15769 4 2 17 29 1957 2445 1040 2083
15770 4 2 17 29 2014 2068 2409 2133
15771 4 2 17 29 2014 2409 2068 2503
15772 4 2 17 29 2357 2409 2068 2133
15773 4 2 17 29 2357 2068 2409 2503
15774 4 2 17 29 2510 2257 1992 2202
15775 4 2 17 29 1992 2257 2510 2428
15776 4 2 17 29 2034 2480 1933 2055
15777 4 2 17 29 2034 1933 2480 2338
15778 4 2 17 29 2180 1933 2480 2055
15779 4 2 17 29 2180 2480 1933 2338
15780 4 2 17 29 2280 2504 2078 2358
15781 4 2 17 29 2280 2078 2504 2283
15782 4 2 17 29 2394 2367 1025 1041
15783 4 2 17 29 2394 1025 2367 1987
15784 4 2 17 29 2203 2415 2507 2027
15785 4 2 17 29 2507 2415 2203 2393
15786 4 2 17 29 2507 1956 2203 2027
15787 4 2 17 29 2203 1956 2507 2393
15788 4 2 17 29 2483 2361 2194 2394
15789 4 2 17 29 2194 2361 2483 2167
15790 4 2 17 29 2369 2436 2209 2325
15791 4 2 17 29 2369 2209 2436 2029
15792 4 2 17 29 1927 2209 2436 2325
15793 4 2 17 29 1927 2436 2209 2029
15794 4 2 17 29 2051 2497 1962 2289
15795 4 2 17 29 2051 1962 2497 2374
15796 4 2 17 29 2259 2321 2149 2485
15797 4 2 17 29 2259 2149 2321 1923
15798 4 2 17 29 2074 2340 2216 1953
15799 4 2 17 29 2216 2340 2074 2449
15800 4 2 17 29 2494 2211 2200 2331
15801 4 2 17 29 2494 2200 2211 2072
15802 4 2 17 29 2441 2356 1970 2157
15803 4 2 17 29 1970 2356 2441 2446
15804 4 2 17 29 1998 2420 2378 2212
15805 4 2 17 29 2378 2420 1998 2414
15806 4 2 17 29 2290 2330 2025 2422
15807 4 2 17 29 2290 2025 2330 2160
15808 4 2 17 29 2500 2273 2362 1979
15809 4 2 17 29 2362 2273 2500 2422
15810 4 2 17 29 2069 2517 2192 2052
15811 4 2 17 29 2069 2192 2517 2477
15812 4 2 17 29 2536 1955 2515 2155
15813 4 2 17 29 2536 2515 1955 2355
15814 4 2 17 29 1960 2515 1955 2155
15815 4 2 17 29 1960 1955 2515 2355
15816 4 2 17 29 2458 1053 188 2145
15817 4 2 17 29 188 1053 2458 192
15818 4 2 17 29 2458 1052 188 192
15819 4 2 17 29 2328 2037 2116 2561
15820 4 2 17 29 2328 2116 2037 1931
15821 4 2 17 29 2483 2514 1027 2152
15822 4 2 17 29 2483 1027 2514 1043
15823 4 2 17 29 2459 1924 2389 2322
15824 4 2 17 29 2459 2389 1924 2092
15825 4 2 17 29 1036 188 2458 1052
15826 4 2 17 29 1036 2458 188 2145
15827 4 2 17 29 2354 2288 2192 1966
15828 4 2 17 29 2354 2192 2288 2477
15829 4 2 17 29 2554 1923 2201 2232
15830 4 2 17 29 2201 1923 2554 2321
15831 4 2 17 29 2158 2397 1999 2176
15832 4 2 17 29 2158 1999 2397 2420
15833 4 2 17 29 1958 2439 1054 2010
15834 4 2 17 29 1958 1054 2439 2363
15835 4 2 17 29 2489 2016 1041 2388
15836 4 2 17 29 2489 1041 2016 1025
15837 4 2 17 29 1959 2406 2120 1985
15838 4 2 17 29 1959 2120 2406 2377
15839 4 2 17 29 2510 2215 1944 2202
15840 4 2 17 29 2510 1944 2215 2351
15841 4 2 17 29 2006 2530 2095 2403
15842 4 2 17 29 2006 2095 2530 2094
15843 4 2 17 29 2371 1950 2427 2270
15844 4 2 17 29 2427 1950 2371 2346
15845 4 2 17 29 2311 2422 2312 2025
15846 4 2 17 29 2312 2422 2311 2553
15847 4 2 17 29 1947 2103 2411 2442
15848 4 2 17 29 1947 2411 2103 2009
15849 4 2 17 29 2548 2018 2499 2407
15850 4 2 17 29 2548 2499 2018 2147
15851 4 2 17 29 2532 1985 2038 2406
15852 4 2 17 29 2038 1985 2532 2179
15853 4 2 17 29 2379 1939 2466 1974
15854 4 2 17 29 2379 2466 1939 2332
15855 4 2 17 29 1978 2506 2225 2361
15856 4 2 17 29 2225 2506 1978 2282
15857 4 2 17 29 2031 2444 1965 2032
15858 4 2 17 29 2031 1965 2444 2373
15859 4 2 17 29 1053 1965 2444 2032
15860 4 2 17 29 1053 2444 1965 2373
15861 4 2 17 29 2177 2546 1981 2229
15862 4 2 17 29 2177 1981 2546 2531
15863 4 2 17 29 1950 2455 1960 2371
15864 4 2 17 29 1950 1960 2455 2129
15865 4 2 17 29 2328 2037 2502 1931
15866 4 2 17 29 2328 2502 2037 2432
15867 4 2 17 29 2456 1974 2457 2379
15868 4 2 17 29 2456 2457 1974 2056
15869 4 2 17 29 2173 2457 1974 2379
15870 4 2 17 29 2173 1974 2457 2056
15871 4 2 17 29 1940 2466 2406 2120
15872 4 2 17 29 2406 2466 1940 2333
15873 4 2 17 29 2543 1927 2436 2325
15874 4 2 17 29 2543 2436 1927 2143
15875 4 2 17 29 1967 2362 2152 2514
15876 4 2 17 29 1967 2152 2362 2151
15877 4 2 17 29 2495 2214 2200 2131
15878 4 2 17 29 2495 2200 2214 2331
15879 4 2 17 29 1947 2403 2411 2163
15880 4 2 17 29 2411 2403 1947 2341
15881 4 2 17 29 2499 2548 2278 2147
15882 4 2 17 29 2499 2278 2548 2344
15883 4 2 17 29 1951 2278 2548 2147
15884 4 2 17 29 1951 2548 2278 2344
15885 4 2 17 29 2516 2129 1051 2455
15886 4 2 17 29 2370 2348 1039 1055
15887 4 2 17 29 2370 1039 2348 1992
15888 4 2 17 29 2048 2325 2407 2433
15889 4 2 17 29 2407 2325 2048 2231
15890 4 2 17 29 2455 2481 2221 2129
15891 4 2 17 29 2221 2481 2455 2346
15892 4 2 17 29 2221 1950 2455 2129
15893 4 2 17 29 2455 1950 2221 2346
15894 4 2 17 29 1993 2428 2544 2058
15895 4 2 17 29 2544 2428 1993 2370
15896 4 2 17 29 2556 1989 2364 2191
15897 4 2 17 29 2556 2364 1989 2378
15898 4 2 17 29 2193 2364 1989 2191
15899 4 2 17 29 2193 1989 2364 2378
15900 4 2 17 29 2526 1932 2491 2185
15901 4 2 17 29 2526 2491 1932 2329
15902 4 2 17 29 2408 1952 2021 2251
15903 4 2 17 29 2385 1984 2488 2383
15904 4 2 17 29 2458 2355 1036 1052
15905 4 2 17 29 2458 1036 2355 1955
15906 4 2 17 29 2559 2140 1977 2227
15907 4 2 17 29 1977 2140 2559 2426
15908 4 2 17 29 2483 1026 2194 2167
15909 4 2 17 29 1940 2456 1974 2056
15910 4 2 17 29 1974 2456 1940 2333
15911 4 2 17 29 1957 2492 2370 2352
15912 4 2 17 29 1957 2370 2492 2111
15913 4 2 17 29 2411 2164 2343 2009
15914 4 2 17 29 2343 2164 2411 2541
15915 4 2 17 29 2394 1026 2483 1042
15916 4 2 17 29 2483 1026 2394 2194
15917 4 2 17 29 1050 2411 2103 2442
15918 4 2 17 29 2046 2535 2316 2023
15919 4 2 17 29 2046 2316 2535 2384
15920 4 2 17 29 2531 1967 1982 2360
15921 4 2 17 29 1982 1967 2531 2177
15922 4 2 17 29 2329 2248 2097 2424
15923 4 2 17 29 2097 2248 2329 2247
15924 4 2 17 29 2097 2425 2329 2424
15925 4 2 17 29 2329 2425 2097 2247
15926 4 2 17 29 1045 2385 2174 2488
15927 4 2 17 29 1045 2174 2385 2175
15928 4 2 17 29 1984 2174 2385 2488
15929 4 2 17 29 1984 2385 2174 2175
15930 4 2 17 29 2360 2340 1982 2381
15931 4 2 17 29 2360 1982 2340 2042
15932 4 2 17 29 2041 1982 2340 2381
15933 4 2 17 29 2041 2340 1982 2042
15934 4 2 17 29 2129 1036 1051 1035
15935 4 2 17 29 2129 1051 1036 2516
15936 4 2 17 29 2270 2055 2371 1960
15937 4 2 17 29 2112 2055 2371 2480
15938 4 2 17 29 2112 2371 2055 1960
15939 4 2 17 29 2014 1952 2409 2345
15940 4 2 17 29 2014 2409 1952 2021
15941 4 2 17 29 2408 2409 1952 2345
15942 4 2 17 29 2408 1952 2409 2021
15943 4 2 17 29 1050 2009 2103 2411
15944 4 2 17 29 2103 2009 1050 1034
15945 4 2 17 29 2119 2008 2324 2366
15946 4 2 17 29 2324 2008 2119 1926
15947 4 2 17 29 2324 2415 2119 2366
15948 4 2 17 29 1031 1030 2487 2193
15949 4 2 17 29 2487 1030 1031 1046
15950 4 2 17 29 1030 2364 2487 2193
15951 4 2 17 29 2487 2364 1030 1046
15952 4 2 17 29 1030 1976 2364 2193
15953 4 2 17 29 2364 1976 1030 1046
15954 4 2 17 29 2027 2119 2324 2415
15955 4 2 17 29 2324 2119 2027 1926
15956 4 2 17 29 2324 2203 2027 2415
15957 4 2 17 29 2027 2203 2324 1926
15958 4 2 17 29 2055 2371 2427 2270
15959 4 2 17 29 2055 2427 2371 2480
15960 4 2 18 30 2525 2504 2436 3142
15961 4 2 18 30 2364 2378 2556 3126
15962 4 2 18 30 2519 2520 2392 3141
15963 4 2 18 30 2389 2426 2559 3130
15964 4 2 18 30 2443 2326 2472 3140
15965 4 2 18 30 2378 2414 2556 3126
15966 4 2 18 30 2432 2328 2502 3148
15967 4 2 18 30 2333 2379 2456 3158
15968 4 2 18 30 2511 2435 2375 3149
15969 4 2 18 30 2468 2352 2533 3147
15970 4 2 18 30 2451 2559 2335 3130
15971 4 2 18 30 2351 2474 2476 3132
15972 4 2 18 30 2348 2370 2428 3160
15973 4 2 18 30 2519 2391 2520 3128
15974 4 2 18 30 2505 2550 2365 3128
15975 4 2 18 30 2389 2322 2405 3141
15976 4 2 18 30 2358 2504 2525 3125
15977 4 2 18 30 2349 2501 2414 3127
15978 4 2 18 30 2551 2549 2382 3134
15979 4 2 18 30 2472 2372 2443 3140
15980 4 2 18 30 2550 2505 2520 3128
15981 4 2 18 30 2472 2326 2497 3140
15982 4 2 18 30 2391 2550 2520 3128
15983 4 2 18 30 2506 2550 2391 3128
15984 4 2 18 30 2416 2539 2323 3132
15985 4 2 18 30 2385 2364 2557 3127
15986 4 2 18 30 2370 3130 2428 3160
15987 4 2 18 30 2396 2414 2501 3127
15988 4 2 18 30 2520 2505 2336 3128
15989 4 2 18 30 2517 2504 2358 3125
15990 4 2 18 30 2486 2351 2510 3132
15991 4 2 18 30 2364 2556 2557 3127
15992 4 2 18 30 2598 3108 3107 3109
15993 4 2 18 30 2365 2550 2506 3128
15994 4 2 18 30 2451 2544 2450 3130
15995 4 2 18 30 2601 3108 2598 3109
15996 4 2 18 30 2463 2391 2519 3128
15997 4 2 18 30 2598 3107 3108 3110
15998 4 2 18 30 2601 3108 3109 3113
15999 4 2 18 30 2361 3128 2483 3153
16000 4 2 18 30 2450 2370 2492 3129
16001 4 2 18 30 2386 2451 2450 3129
16002 4 2 18 30 2361 2394 2483 3128
16003 4 2 18 30 2527 2358 2525 3125
16004 4 2 18 30 3107 3110 2604 3111
16005 4 2 18 30 2482 2525 2369 3125
16006 4 2 18 30 2529 2468 2555 3129
16007 4 2 18 30 2445 2533 2352 3147
16008 4 2 18 30 2396 2557 2556 3127
16009 4 2 18 30 2378 2364 2487 3126
16010 4 2 18 30 2604 3107 2598 3110
16011 4 2 18 30 2555 2434 2529 3129
16012 4 2 18 30 2396 2556 2414 3127
16013 4 2 18 30 2566 3113 3109 3117
16014 4 2 18 30 2564 2367 2489 3147
16015 4 2 18 30 2404 2540 2542 3145
16016 4 2 18 30 2468 2533 2555 3147
16017 4 2 18 30 2331 2465 2532 3133
16018 4 2 18 30 2456 2438 2333 3151
16019 4 2 18 30 2501 2349 2464 3127
16020 4 2 18 30 2517 2358 2527 3125
16021 4 2 18 30 2363 2376 3124 3149
16022 4 2 18 30 2504 2517 2462 3125
16023 4 2 18 30 2322 2392 2405 3141
16024 4 2 18 30 2451 2335 2544 3130
16025 4 2 18 30 2598 3107 2606 3109
16026 4 2 18 30 2422 2553 2365 3153
16027 4 2 18 30 2432 3145 2328 3148
16028 4 2 18 30 2397 2526 2421 3126
16029 4 2 18 30 2604 2598 2600 3110
16030 4 2 18 30 2510 2428 3132 3160
16031 4 2 18 30 2465 2464 2532 3127
16032 4 2 18 30 2430 2382 2406 3134
16033 4 2 18 30 2601 2598 2606 3109
16034 4 2 18 30 2421 2420 2397 3126
16035 4 2 18 30 2544 2370 2450 3130
16036 4 2 18 30 2331 2494 2465 3133
16037 4 2 18 30 2420 2414 2378 3126
16038 4 2 18 30 2485 2347 2484 3144
16039 4 2 18 30 2349 2420 2421 3159
16040 4 2 18 30 2413 2549 2448 3133
16041 4 2 18 30 2454 2406 2382 3133
16042 4 2 18 30 2333 2430 2406 3134
16043 4 2 18 30 2455 1051 2516 3157
16044 4 2 18 30 2386 2459 2451 3129
16045 4 2 18 30 2605 3108 2601 3113
16046 4 2 18 30 2370 2594 3129 3130
16047 4 2 18 30 2513 2416 2323 3144
16048 4 2 18 30 2590 2352 2370 3129
16049 4 2 18 30 2471 2388 2489 3147
16050 4 2 18 30 2351 2476 2537 3132
16051 4 2 18 30 2397 2420 2479 3126
16052 4 2 18 30 2580 3108 3112 3118
16053 4 2 18 30 2463 2519 2384 3141
16054 4 2 18 30 2444 2326 2443 3124
16055 4 2 18 30 2385 2573 2364 3127
16056 4 2 18 30 2456 3151 2333 3158
16057 4 2 18 30 2447 2519 2392 3141
16058 4 2 18 30 2580 3110 3108 3118
16059 4 2 18 30 2363 2439 2376 3149
16060 4 2 18 30 2423 2547 2324 3139
16061 4 2 18 30 2391 2463 2506 3128
16062 4 2 18 30 2501 2464 2396 3127
16063 4 2 18 30 2434 2555 2498 3147
16064 4 2 18 30 2342 2542 2540 3145
16065 4 2 18 30 2364 3126 2556 3127
16066 4 2 18 30 2390 2478 2345 3148
16067 4 2 18 30 2492 2386 2450 3129
16068 4 2 18 30 2433 2369 2325 3136
16069 4 2 18 30 2482 2491 2398 3126
16070 4 2 18 30 2604 3110 2574 3111
16071 4 2 18 30 2323 2537 2476 3132
16072 4 2 18 30 2355 2515 2371 3157
16073 4 2 18 30 2559 2426 2335 3130
16074 4 2 18 30 2580 2603 3108 3110
16075 4 2 18 30 2510 2348 2428 3160
16076 4 2 18 30 2552 2534 2402 3138
16077 4 2 18 30 2530 2342 2432 3138
16078 4 2 18 30 2568 2489 2388 3147
16079 4 2 18 30 2527 2525 2482 3125
16080 4 2 18 30 2598 3108 2603 3110
16081 4 2 18 30 2382 2549 2454 3133
16082 4 2 18 30 2490 2526 2397 3126
16083 4 2 18 30 2571 3107 2604 3111
16084 4 2 18 30 2541 2404 2542 3138
16085 4 2 18 30 2389 2451 2459 3129
16086 4 2 18 30 2453 2464 2349 3159
16087 4 2 18 30 2522 2504 2462 3142
16088 4 2 18 30 2605 2589 3108 3113
16089 4 2 18 30 2322 2389 2459 3129
16090 4 2 18 30 2476 2513 2323 3144
16091 4 2 18 30 2473 2347 2485 3150
16092 4 2 18 30 2509 2543 2412 3142
16093 4 2 18 30 2482 2398 2527 3125
16094 4 2 18 30 2455 3139 1051 3157
16095 4 2 18 30 2352 2492 2370 3129
16096 4 2 18 30 2480 2515 2372 3140
16097 4 2 18 30 2547 2423 2346 3157
16098 4 2 18 30 2328 2496 2424 3143
16099 4 2 18 30 2356 2522 2462 3142
16100 4 2 18 30 2561 2432 2342 3145
16101 4 2 18 30 2444 2363 2376 3124
16102 4 2 18 30 2408 2521 2409 3136
16103 4 2 18 30 2530 2432 2402 3138
16104 4 2 18 30 2598 2603 2600 3110
16105 4 2 18 30 2345 3121 3136 3152
16106 4 2 18 30 2465 2396 2464 3127
16107 4 2 18 30 2373 2595 2444 3123
16108 4 2 18 30 2490 2397 2479 3126
16109 4 2 18 30 2542 2342 2530 3138
16110 4 2 18 30 2448 2551 2340 3134
16111 4 2 18 30 2333 2438 2430 3134
16112 4 2 18 30 2445 2388 2471 3147
16113 4 2 18 30 2532 2406 2454 3133
16114 4 2 18 30 2484 2554 2321 3154
16115 4 2 18 30 2378 2479 2420 3126
16116 4 2 18 30 2500 2506 2361 3153
16117 4 2 18 30 2468 3129 2352 3147
16118 4 2 18 30 2511 2512 2376 3124
16119 4 2 18 30 2571 2604 2574 3111
16120 4 2 18 30 2511 2375 2512 3124
16121 4 2 18 30 2524 2372 2472 3140
16122 4 2 18 30 2444 2591 2363 3124
16123 4 2 18 30 2385 2557 2494 3133
16124 4 2 18 30 2386 2529 2459 3129
16125 4 2 18 30 2389 2405 3129 3141
16126 4 2 18 30 2389 2405 2426 3131
16127 4 2 18 30 2435 2327 2375 3150
16128 4 2 18 30 2517 2527 2477 3125
16129 4 2 18 30 2544 2428 2370 3130
16130 4 2 18 30 2386 2492 2529 3129
16131 4 2 18 30 2360 2514 2567 3151
16132 4 2 18 30 2473 2485 2339 3150
16133 4 2 18 30 2360 2563 3134 3151
16134 4 2 18 30 3124 3149 3119 3160
16135 4 2 18 30 2502 2328 2424 3135
16136 4 2 18 30 2508 2408 2478 3136
16137 4 2 18 30 2459 2434 2322 3129
16138 4 2 18 30 2434 2459 2529 3129
16139 4 2 18 30 2376 2512 2326 3124
16140 4 2 18 30 2574 2604 2600 3110
16141 4 2 18 30 2377 2532 2464 3146
16142 4 2 18 30 2552 2390 2341 3148
16143 4 2 18 30 2556 3126 2414 3127
16144 4 2 18 30 2544 2486 2428 3130
16145 4 2 18 30 2423 2324 2404 3139
16146 4 2 18 30 2398 2477 2527 3125
16147 4 2 18 30 2592 3113 2566 3117
16148 4 2 18 30 2363 3149 3124 3160
16149 4 2 18 30 2593 2602 3108 3112
16150 4 2 18 30 2526 2490 2491 3126
16151 4 2 18 30 2408 2508 2509 3136
16152 4 2 18 30 2460 2497 2375 3140
16153 4 2 18 30 2372 2524 2480 3140
16154 4 2 18 30 2492 2468 2529 3129
16155 4 2 18 30 2521 2509 2412 3142
16156 4 2 18 30 2402 2534 2530 3138
16157 4 2 18 30 2424 2321 2425 3135
16158 4 2 18 30 2567 3151 2514 3153
16159 4 2 18 30 2336 2505 2417 3137
16160 4 2 18 30 2486 2335 2474 3130
16161 4 2 18 30 2579 2604 2571 3107
16162 4 2 18 30 2331 2532 2454 3133
16163 4 2 18 30 2580 2588 2603 3110
16164 4 2 18 30 3119 3132 3130 3160
16165 4 2 18 30 2324 2540 2404 3145
16166 4 2 18 30 2443 2372 2536 3123
16167 4 2 18 30 2605 2601 2592 3113
16168 4 2 18 30 2454 2549 2413 3133
16169 4 2 18 30 2325 2436 2543 3142
16170 4 2 18 30 2591 2444 3123 3124
16171 4 2 18 30 2574 3111 3110 3116
16172 4 2 18 30 2400 1047 2356 3125
16173 4 2 18 30 2433 2502 3135 3148
16174 4 2 18 30 2500 2365 2506 3153
16175 4 2 18 30 2385 2573 3127 3133
16176 4 2 18 30 2580 2603 2583 3108
16177 4 2 18 30 2551 2382 2437 3134
16178 4 2 18 30 2356 2462 3125 3142
16179 4 2 18 30 2424 2496 2321 3143
16180 4 2 18 30 2383 2413 2448 3133
16181 4 2 18 30 2361 2506 2463 3128
16182 4 2 18 30 2548 2407 2499 3148
16183 4 2 18 30 2433 2502 2369 3135
16184 4 2 18 30 2389 3129 2322 3141
16185 4 2 18 30 2570 3107 2562 3109
16186 4 2 18 30 2499 2407 2478 3148
16187 4 2 18 30 2583 3108 2602 3112
16188 4 2 18 30 3108 3110 3107 3122
16189 4 2 18 30 2460 2374 2497 3140
16190 4 2 18 30 2417 2505 2365 3137
16191 4 2 18 30 2599 2575 2608 3107
16192 4 2 18 30 1049 2345 2409 3152
16193 4 2 18 30 2374 2472 2497 3140
16194 4 2 18 30 2580 3108 2583 3112
16195 4 2 18 30 2474 2426 2350 3144
16196 4 2 18 30 2589 2597 2605 3108
16197 4 2 18 30 2486 2544 2335 3130
16198 4 2 18 30 2512 2497 2326 3124
16199 4 2 18 30 2426 2474 2335 3130
16200 4 2 18 30 2351 2537 2431 3132
16201 4 2 18 30 2466 2333 2406 3146
16202 4 2 18 30 2350 2476 2474 3144
16203 4 2 18 30 2484 2429 2554 3154
16204 4 2 18 30 2523 2401 2435 3149
16205 4 2 18 30 2510 2351 2431 3132
16206 4 2 18 30 2508 2478 2407 3136
16207 4 2 18 30 2573 2563 3114 3155
16208 4 2 18 30 2456 2380 2438 3151
16209 4 2 18 30 2603 2602 2583 3108
16210 4 2 18 30 2372 2515 2536 3123
16211 4 2 18 30 2434 2498 2322 3141
16212 4 2 18 30 2532 2377 2406 3146
16213 4 2 18 30 1044 2340 3134 3155
16214 4 2 18 30 2605 2592 2589 3113
16215 4 2 18 30 2385 3127 2557 3133
16216 4 2 18 30 2525 3125 2504 3142
16217 4 2 18 30 2375 2497 2512 3124
16218 4 2 18 30 2345 3136 2409 3152
16219 4 2 18 30 2606 3107 2570 3109
16220 4 2 18 30 2408 2509 2521 3136
16221 4 2 18 30 2581 3118 3120 3139
16222 4 2 18 30 2601 2570 2566 3109
16223 4 2 18 30 2516 2581 3123 3157
16224 4 2 18 30 2561 2328 2432 3145
16225 4 2 18 30 2363 3124 2591 3160
16226 4 2 18 30 2582 2572 3116 3152
16227 4 2 18 30 2605 2598 2601 3108
16228 4 2 18 30 2405 2392 2336 3131
16229 4 2 18 30 2394 2564 3128 3141
16230 4 2 18 30 2322 2447 2392 3141
16231 4 2 18 30 3135 3145 3121 3148
16232 4 2 18 30 2331 2495 2494 3133
16233 4 2 18 30 2356 2446 2522 3142
16234 4 2 18 30 2370 3129 2450 3130
16235 4 2 18 30 2323 2538 2537 3132
16236 4 2 18 30 2364 2576 2487 3126
16237 4 2 18 30 2553 2417 2365 3137
16238 4 2 18 30 2374 2524 2472 3140
16239 4 2 18 30 2606 2570 2601 3109
16240 4 2 18 30 2552 2402 2452 3148
16241 4 2 18 30 2462 2400 2356 3125
16242 4 2 18 30 2440 2479 2378 3126
16243 4 2 18 30 2510 2431 2368 3132
16244 4 2 18 30 2370 2594 2590 3129
16245 4 2 18 30 3115 3134 2563 3151
16246 4 2 18 30 2390 3121 2341 3148
16247 4 2 18 30 2364 2576 3126 3127
16248 4 2 18 30 2444 2376 2326 3124
16249 4 2 18 30 2519 3128 2520 3141
16250 4 2 18 30 2336 2417 2353 3137
16251 4 2 18 30 2599 2608 2565 3107
16252 4 2 18 30 2449 2448 2340 3155
16253 4 2 18 30 2416 2401 2539 3150
16254 4 2 18 30 2528 2334 2484 3144
16255 4 2 18 30 2539 2418 2538 3149
16256 4 2 18 30 2422 2330 2553 3158
16257 4 2 18 30 2356 2446 3142 3152
16258 4 2 18 30 2518 2446 2357 3142
16259 4 2 18 30 2573 2576 2364 3127
16260 4 2 18 30 2597 2593 2602 3108
16261 4 2 18 30 2539 2538 2323 3132
16262 4 2 18 30 2427 2338 2560 3156
16263 4 2 18 30 2401 2523 2539 3149
16264 4 2 18 30 2399 2535 2447 3141
16265 4 2 18 30 2407 2509 2508 3136
16266 4 2 18 30 2475 2379 2353 3137
16267 4 2 18 30 2415 2339 2366 3145
16268 4 2 18 30 2415 2339 3145 3150
16269 4 2 18 30 2490 2479 2440 3126
16270 4 2 18 30 2552 2341 2534 3138
16271 4 2 18 30 2321 2485 2484 3143
16272 4 2 18 30 2574 2572 3111 3116
16273 4 2 18 30 2344 2432 2502 3148
16274 4 2 18 30 2398 2491 2490 3126
16275 4 2 18 30 3121 3145 3138 3148
16276 4 2 18 30 2468 2555 3129 3147
16277 4 2 18 30 2522 2359 2504 3142
16278 4 2 18 30 2492 2352 2468 3129
16279 4 2 18 30 2535 2399 2470 3141
16280 4 2 18 30 2368 2538 2418 3149
16281 4 2 18 30 2478 3136 2345 3148
16282 4 2 18 30 2563 3107 3114 3115
16283 4 2 18 30 1044 2340 2360 3134
16284 4 2 18 30 2334 2426 2405 3131
16285 4 2 18 30 2513 2347 2416 3144
16286 4 2 18 30 2593 2583 2602 3112
16287 4 2 18 30 2443 3124 2326 3140
16288 4 2 18 30 2511 2376 2337 3149
16289 4 2 18 30 2521 3142 2357 3152
16290 4 2 18 30 2447 2384 2519 3141
16291 4 2 18 30 2371 2516 2355 3157
16292 4 2 18 30 2430 2437 2382 3134
16293 4 2 18 30 2563 2562 3107 3115
16294 4 2 18 30 2387 2555 2533 3147
16295 4 2 18 30 2452 2390 2552 3148
16296 4 2 18 30 2333 2466 2379 3146
16297 4 2 18 30 2336 3128 2505 3137
16298 4 2 18 30 2439 3149 2363 3160
16299 4 2 18 30 2573 3133 2385 3155
16300 4 2 18 30 2591 2444 2595 3123
16301 4 2 18 30 2353 2429 2336 3154
16302 4 2 18 30 2565 2562 2570 3107
16303 4 2 18 30 2516 1052 2355 3123
16304 4 2 18 30 2484 2347 2528 3144
16305 4 2 18 30 2572 2356 3125 3152
16306 4 2 18 30 2383 2495 2413 3133
16307 4 2 18 30 2547 2324 3139 3156
16308 4 2 18 30 2422 2553 3153 3158
16309 4 2 18 30 2504 3125 2462 3142
16310 4 2 18 30 2433 3135 2369 3136
16311 4 2 18 30 2572 2584 2582 3116
16312 4 2 18 30 2589 3112 3108 3119
16313 4 2 18 30 2600 2584 2574 3110
16314 4 2 18 30 2361 2463 2394 3128
16315 4 2 18 30 2608 2575 2565 3107
16316 4 2 18 30 2490 2440 2398 3126
16317 4 2 18 30 2600 2603 2588 3110
16318 4 2 18 30 2429 2484 2334 3131
16319 4 2 18 30 2331 2454 2413 3133
16320 4 2 18 30 2592 2601 2607 2566
16321 4 2 18 30 2574 2600 2609 2584
16322 4 2 18 30 2602 2610 2583 2593
16323 4 2 18 30 2491 2482 2369 3135
16324 4 2 18 30 2426 2334 2350 3144
16325 4 2 18 30 2526 2491 2329 3159
16326 4 2 18 30 2415 3150 3145 3156
16327 4 2 18 30 2521 2518 2357 3142
16328 4 2 18 30 2602 2605 2597 3108
16329 4 2 18 30 2600 2588 2584 3110
16330 4 2 18 30 2384 2394 2463 3141
16331 4 2 18 30 2433 3135 3136 3148
16332 4 2 18 30 3112 3119 2591 3160
16333 4 2 18 30 2555 2387 2498 3147
16334 4 2 18 30 2517 2400 2462 3125
16335 4 2 18 30 2597 3108 2589 3112
16336 4 2 18 30 2321 3143 2484 3154
16337 4 2 18 30 2359 2543 2436 3142
16338 4 2 18 30 2574 3110 2584 3116
16339 4 2 18 30 2359 2436 2504 3142
16340 4 2 18 30 2597 2593 3108 3112
16341 4 2 18 30 3130 3132 2428 3160
16342 4 2 18 30 2331 2413 2495 3133
16343 4 2 18 30 2321 2554 2425 3154
16344 4 2 18 30 2496 2366 2339 3145
16345 4 2 18 30 2493 2332 2425 3159
16346 4 2 18 30 2451 2450 3129 3130
16347 4 2 18 30 2535 2470 2384 3141
16348 4 2 18 30 2480 2338 2427 3140
16349 4 2 18 30 2585 3139 2581 3157
16350 4 2 18 30 2418 2539 2523 3149
16351 4 2 18 30 2447 2535 2384 3141
16352 4 2 18 30 2606 2598 2599 3107
16353 4 2 18 30 2432 2344 2402 3148
16354 4 2 18 30 2389 2426 3130 3131
16355 4 2 18 30 1051 2581 2516 3157
16356 4 2 18 30 2381 2438 2531 3151
16357 4 2 18 30 2345 2582 3121 3152
16358 4 2 18 30 2473 2416 2347 3150
16359 4 2 18 30 2403 2542 2530 3138
16360 4 2 18 30 2349 3126 2420 3159
16361 4 2 18 30 2591 3119 2589 3160
16362 4 2 18 30 2606 2565 2570 3107
16363 4 2 18 30 2581 2585 3118 3139
16364 4 2 18 30 2345 2408 2409 3136
16365 4 2 18 30 2385 2495 2383 3133
16366 4 2 18 30 2573 2364 1046 2385
16367 4 2 18 30 2416 3132 2323 3144
16368 4 2 18 30 2329 2424 2425 3159
16369 4 2 18 30 2598 2602 2603 3108
16370 4 2 18 30 2564 2590 2566 3117
16371 4 2 18 30 2356 2441 2446 3152
16372 4 2 18 30 2515 3140 2480 3157
16373 4 2 18 30 2530 2534 2403 3138
16374 4 2 18 30 2434 3129 2555 3147
16375 4 2 18 30 2599 2598 2604 3107
16376 4 2 18 30 2445 2471 2533 3147
16377 4 2 18 30 2549 3133 2382 3134
16378 4 2 18 30 2444 2443 3123 3124
16379 4 2 18 30 2478 2408 2345 3136
16380 4 2 18 30 2496 3143 2328 3145
16381 4 2 18 30 2590 2352 1055 2370
16382 4 2 18 30 2431 2537 2538 3132
16383 4 2 18 30 2434 2498 3141 3147
16384 4 2 18 30 2584 3110 2582 3116
16385 4 2 18 30 2371 2515 2480 3157
16386 4 2 18 30 2588 2580 2603 2583
16387 4 2 18 30 2574 2571 2579 2604
16388 4 2 18 30 2605 2589 2592 2597
16389 4 2 18 30 2595 2587 1070 3123
16390 4 2 18 30 2444 2443 2373 3123
16391 4 2 18 30 2475 2379 3137 3158
16392 4 2 18 30 2571 3107 3111 3114
16393 4 2 18 30 2390 2499 2478 3148
16394 4 2 18 30 2324 2415 2366 3145
16395 4 2 18 30 2562 3109 3107 3115
16396 4 2 18 30 1041 2489 2564 2367
16397 4 2 18 30 2360 2567 2563 3151
16398 4 2 18 30 2483 3128 2567 3153
16399 4 2 18 30 2346 2423 2481 3139
16400 4 2 18 30 2541 2411 2343 3139
16401 4 2 18 30 2465 3127 2532 3133
16402 4 2 18 30 2471 2558 2533 3147
16403 4 2 18 30 2594 3130 2370 3160
16404 4 2 18 30 2400 2517 2477 3125
16405 4 2 18 30 2585 1051 3139 3157
16406 4 2 18 30 3117 3128 2564 3141
16407 4 2 18 30 2404 2542 3138 3145
16408 4 2 18 30 2438 3134 2333 3151
16409 4 2 18 30 2561 2342 2540 3145
16410 4 2 18 30 2565 2606 2599 3107
16411 4 2 18 30 2399 2322 2498 3141
16412 4 2 18 30 2589 3108 3113 3119
16413 4 2 18 30 2392 3131 2405 3141
16414 4 2 18 30 2575 2573 2563 3114
16415 4 2 18 30 2403 2534 2341 3138
16416 4 2 18 30 2324 2415 3145 3156
16417 4 2 18 30 2333 3134 2406 3146
16418 4 2 18 30 2333 3151 3146 3158
16419 4 2 18 30 2333 3146 2379 3158
16420 4 2 18 30 2377 2466 2406 3146
16421 4 2 18 30 2572 2574 2584 3116
16422 4 2 18 30 2521 2357 2409 3152
16423 4 2 18 30 2567 3115 3151 3153
16424 4 2 18 30 2389 3129 2405 3131
16425 4 2 18 30 2385 2494 2495 3133
16426 4 2 18 30 2403 2541 2542 3138
16427 4 2 18 30 2470 2394 2384 3141
16428 4 2 18 30 2546 2545 2419 3158
16429 4 2 18 30 2394 2567 2483 3128
16430 4 2 18 30 3113 3129 2594 3130
16431 4 2 18 30 2442 2411 2341 3138
16432 4 2 18 30 2460 2415 2507 3156
16433 4 2 18 30 2516 3123 2355 3157
16434 4 2 18 30 2416 2539 3132 3150
16435 4 2 18 30 2442 2345 2582 3121
16436 4 2 18 30 3107 3109 3108 3122
16437 4 2 18 30 2463 3128 2519 3141
16438 4 2 18 30 2574 2572 2571 3111
16439 4 2 18 30 2348 2594 2370 3160
16440 4 2 18 30 2579 2575 2599 3107
16441 4 2 18 30 2343 2404 2541 3139
16442 4 2 18 30 3111 3116 2572 3125
16443 4 2 18 30 2355 3123 2515 3157
16444 4 2 18 30 2560 2338 2507 3156
16445 4 2 18 30 2382 3133 2406 3134
16446 4 2 18 30 2592 2590 3113 3117
16447 4 2 18 30 2524 2338 2480 3140
16448 4 2 18 30 2419 2330 2422 3158
16449 4 2 18 30 2460 2507 2338 3156
16450 4 2 18 30 2381 2430 2438 3134
16451 4 2 18 30 2485 2484 3143 3144
16452 4 2 18 30 2599 2604 2579 3107
16453 4 2 18 30 2526 3126 2491 3159
16454 4 2 18 30 2605 2602 2598 3108
16455 4 2 18 30 2571 2573 3107 3114
16456 4 2 18 30 2575 2565 3107 3114
16457 4 2 18 30 2365 3128 2506 3153
16458 4 2 18 30 2457 2456 2379 3158
16459 4 2 18 30 2464 3127 2349 3159
16460 4 2 18 30 2359 2412 2543 3142
16461 4 2 18 30 3112 3124 3119 3160
16462 4 2 18 30 2415 2473 2339 3150
16463 4 2 18 30 2354 2440 2378 3126
16464 4 2 18 30 2476 2350 2513 3144
16465 4 2 18 30 2564 2566 3109 3117
16466 4 2 18 30 2373 2458 2595 3123
16467 4 2 18 30 2511 2337 2435 3149
16468 4 2 18 30 2506 3128 2361 3153
16469 4 2 18 30 1053 2363 2444 2591
16470 4 2 18 30 2394 2564 2567 3128
16471 4 2 18 30 3110 3111 3107 3122
16472 4 2 18 30 2328 2424 3135 3143
16473 4 2 18 30 2552 2341 3138 3148
16474 4 2 18 30 2445 2590 2596 3117
16475 4 2 18 30 2442 2341 2390 3121
16476 4 2 18 30 2505 3128 2365 3137
16477 4 2 18 30 2511 2375 3124 3149
16478 4 2 18 30 2399 2447 2322 3141
16479 4 2 18 30 3116 3136 3121 3152
16480 4 2 18 30 2551 2437 2340 3134
16481 4 2 18 30 2532 2406 3133 3146
16482 4 2 18 30 2448 3134 2340 3155
16483 4 2 18 30 2547 3139 2423 3157
16484 4 2 18 30 2355 2536 2515 3123
16485 4 2 18 30 2338 2524 2374 3140
16486 4 2 18 30 2343 2423 2404 3139
16487 4 2 18 30 2324 2404 3139 3145
16488 4 2 18 30 2592 2566 2590 3117
16489 4 2 18 30 3133 3134 2448 3155
16490 4 2 18 30 2418 2467 2368 3149
16491 4 2 18 30 2405 2336 2429 3131
16492 4 2 18 30 2573 1060 2563 3155
16493 4 2 18 30 2368 2431 2538 3132
16494 4 2 18 30 2362 2514 3151 3153
16495 4 2 18 30 2464 2453 2377 3146
16496 4 2 18 30 2332 2493 2379 3146
16497 4 2 18 30 2482 2398 3125 3126
16498 4 2 18 30 2558 2387 2533 3147
16499 4 2 18 30 2455 2346 2481 3157
16500 4 2 18 30 2567 3115 2563 3151
16501 4 2 18 30 2521 2412 2518 3142
16502 4 2 18 30 3109 2567 3128 3153
16503 4 2 18 30 2352 2445 2590 1056
16504 4 2 18 30 2496 2485 2321 3143
16505 4 2 18 30 2581 2580 3112 3118
16506 4 2 18 30 2424 2321 3135 3143
16507 4 2 18 30 2422 2365 2500 3153
16508 4 2 18 30 2372 3123 2443 3140
16509 4 2 18 30 2432 3138 2342 3145
16510 4 2 18 30 2553 3137 2365 3153
16511 4 2 18 30 2460 2338 2374 3140
16512 4 2 18 30 3121 3135 3118 3145
16513 4 2 18 30 2354 2398 2440 3126
16514 4 2 18 30 2354 2378 2487 3126
16515 4 2 18 30 2475 2553 2330 3158
16516 4 2 18 30 2432 2402 3138 3148
16517 4 2 18 30 2572 3125 3116 3152
16518 4 2 18 30 2433 2548 2344 3148
16519 4 2 18 30 3121 3138 2341 3148
16520 4 2 18 30 3121 3136 3135 3148
16521 4 2 18 30 2547 2393 2324 3156
16522 4 2 18 30 2511 3124 2376 3149
16523 4 2 18 30 2443 2536 2373 3123
16524 4 2 18 30 2429 2334 2405 3131
16525 4 2 18 30 2356 1047 2572 3125
16526 4 2 18 30 2581 3118 3112 3120
16527 4 2 18 30 2380 2531 2438 3151
16528 4 2 18 30 2575 3107 2573 3114
16529 4 2 18 30 2390 2452 2499 3148
16530 4 2 18 30 2385 2488 1045 3155
16531 4 2 18 30 3119 3130 3113 3160
16532 4 2 18 30 2354 2576 3125 3126
16533 4 2 18 30 2420 3126 2421 3159
16534 4 2 18 30 2355 2587 2458 3123
16535 4 2 18 30 2575 2563 2565 3114
16536 4 2 18 30 2477 2354 2400 3125
16537 4 2 18 30 2394 3128 2463 3141
16538 4 2 18 30 2469 2470 2399 3147
16539 4 2 18 30 2460 2375 3124 3140
16540 4 2 18 30 1044 2360 2563 3134
16541 4 2 18 30 2366 2496 2328 3145
16542 4 2 18 30 2469 2558 2471 3147
16543 4 2 18 30 2571 2573 2575 3107
16544 4 2 18 30 2342 3138 2542 3145
16545 4 2 18 30 2354 2477 2398 3126
16546 4 2 18 30 2476 2323 3132 3144
16547 4 2 18 30 2595 1070 2591 3123
16548 4 2 18 30 2442 2585 2411 3138
16549 4 2 18 30 2416 3144 2347 3150
16550 4 2 18 30 2563 3107 2565 3114
16551 4 2 18 30 2344 2502 2433 3148
16552 4 2 18 30 2403 2411 2541 3138
16553 4 2 18 30 2590 2564 1058 3117
16554 4 2 18 30 2425 3135 3154 3159
16555 4 2 18 30 2334 2426 3131 3144
16556 4 2 18 30 2367 2564 1041 2394
16557 4 2 18 30 2326 3124 2497 3140
16558 4 2 18 30 2449 2488 2383 3155
16559 4 2 18 30 2354 2487 2576 3126
16560 4 2 18 30 2597 2589 2593 3112
16561 4 2 18 30 2430 2381 2437 3134
16562 4 2 18 30 2553 2475 2417 3137
16563 4 2 18 30 3127 3146 3111 3159
16564 4 2 18 30 2437 2381 2340 3134
16565 4 2 18 30 1049 2582 2345 3152
16566 4 2 18 30 2327 2435 2401 3150
16567 4 2 18 30 2563 2562 2565 3107
16568 4 2 18 30 2482 3125 2369 3135
16569 4 2 18 30 2395 2449 2340 3155
16570 4 2 18 30 3112 2591 3124 3160
16571 4 2 18 30 2328 3143 3135 3145
16572 4 2 18 30 2593 2589 2591 3112
16573 4 2 18 30 2353 2336 3137 3154
16574 4 2 18 30 2576 3111 2572 3125
16575 4 2 18 30 2379 3146 3137 3158
16576 4 2 18 30 2334 3131 2484 3144
16577 4 2 18 30 2536 2355 2373 3123
16578 4 2 18 30 2582 1065 2572 3152
16579 4 2 18 30 1070 2587 2581 3123
16580 4 2 18 30 2477 3125 2398 3126
16581 4 2 18 30 2369 3135 3125 3136
16582 4 2 18 30 2528 2350 2334 3144
16583 4 2 18 30 1049 2409 2503 3152
16584 4 2 18 30 2357 3142 2446 3152
16585 4 2 18 30 2581 3120 3112 3123
16586 4 2 18 30 2369 2502 2424 3135
16587 4 2 18 30 2411 3138 2585 3139
16588 4 2 18 30 2390 2345 3121 3148
16589 4 2 18 30 3114 3127 2573 3133
16590 4 2 18 30 2518 2522 2446 3142
16591 4 2 18 30 2500 2361 2483 3153
16592 4 2 18 30 2432 3138 3145 3148
16593 4 2 18 30 2573 1046 2364 2576
16594 4 2 18 30 2591 3112 2589 3119
16595 4 2 18 30 2325 2509 2407 3136
16596 4 2 18 30 3109 3115 2567 3153
16597 4 2 18 30 2475 2353 2417 3137
16598 4 2 18 30 2582 1049 2345 2442
16599 4 2 18 30 2580 2583 2581 3112
16600 4 2 18 30 2515 3123 2372 3140
16601 4 2 18 30 2579 2571 2575 3107
16602 4 2 18 30 2595 2458 2587 3123
16603 4 2 18 30 2344 2452 2402 3148
16604 4 2 18 30 2380 2456 2457 3158
16605 4 2 18 30 2349 2421 2453 3159
16606 4 2 18 30 2381 2360 2340 3134
16607 4 2 18 30 2484 3131 2429 3154
16608 4 2 18 30 2337 2523 2435 3149
16609 4 2 18 30 3134 3146 2333 3151
16610 4 2 18 30 2521 3136 2509 3142
16611 4 2 18 30 1052 2587 2355 3123
16612 4 2 18 30 2370 1055 2590 2594
16613 4 2 18 30 2401 3149 2539 3150
16614 4 2 18 30 2552 3138 2402 3148
16615 4 2 18 30 2460 3140 3150 3156
16616 4 2 18 30 2592 1058 2566 1057
16617 4 2 18 30 2583 1070 2593 1069
16618 4 2 18 30 2565 1060 2575 1059
16619 4 2 18 30 2574 1065 2584 1064
16620 4 2 18 30 2380 3151 2456 3158
16621 4 2 18 30 2363 2591 1054 3160
16622 4 2 18 30 2404 3138 2541 3139
16623 4 2 18 30 2475 2457 2379 3158
16624 4 2 18 30 2434 2322 3129 3141
16625 4 2 18 30 1048 2441 2356 3152
16626 4 2 18 30 1044 3134 2563 3155
16627 4 2 18 30 2570 2607 2601 2566
16628 4 2 18 30 2610 2602 2597 2593
16629 4 2 18 30 2599 2608 2575 2579
16630 4 2 18 30 2584 2600 2609 2588
16631 4 2 18 30 2379 2493 2353 3154
16632 4 2 18 30 2380 2457 2545 3158
16633 4 2 18 30 2339 2485 2496 3143
16634 4 2 18 30 2585 2442 2582 3121
16635 4 2 18 30 3118 3135 3143 3145
16636 4 2 18 30 2489 2564 2568 1041
16637 4 2 18 30 2324 3145 3139 3156
16638 4 2 18 30 2563 3115 3114 3134
16639 4 2 18 30 2484 3131 3143 3144
16640 4 2 18 30 2439 2337 2376 3149
16641 4 2 18 30 2433 2325 2407 3136
16642 4 2 18 30 2493 3146 2332 3159
16643 4 2 18 30 2581 2583 2593 3112
16644 4 2 18 30 2445 2596 2590 1056
16645 4 2 18 30 2359 2518 2412 3142
16646 4 2 18 30 2516 2581 1052 3123
16647 4 2 18 30 2469 2399 2498 3147
16648 4 2 18 30 2497 3124 2375 3140
16649 4 2 18 30 2343 2481 2423 3139
16650 4 2 18 30 2514 2567 1043 2360
16651 4 2 18 30 2483 2567 2514 3153
16652 4 2 18 30 2532 3127 2464 3146
16653 4 2 18 30 2324 2366 2540 3145
16654 4 2 18 30 2594 3113 3130 3160
16655 4 2 18 30 2419 2545 2330 3158
16656 4 2 18 30 2442 2341 3121 3138
16657 4 2 18 30 2547 3156 3139 3157
16658 4 2 18 30 2564 3109 2567 3128
16659 4 2 18 30 2591 2444 1053 2595
16660 4 2 18 30 2467 2337 2439 3149
16661 4 2 18 30 2442 3121 2585 3138
16662 4 2 18 30 3116 3121 2582 3152
16663 4 2 18 30 2347 2513 2528 3144
16664 4 2 18 30 2389 3130 3129 3131
16665 4 2 18 30 2570 2601 2607 1061
16666 4 2 18 30 2608 2599 1066 2579
16667 4 2 18 30 1071 2609 2600 2588
16668 4 2 18 30 2597 2602 2610 1074
16669 4 2 18 30 1048 2356 2572 3152
16670 4 2 18 30 2561 2366 2328 3145
16671 4 2 18 30 2427 2393 2547 3156
16672 4 2 18 30 2493 2425 3154 3159
16673 4 2 18 30 1070 2581 3112 3123
16674 4 2 18 30 2564 2590 1058 2566
16675 4 2 18 30 2573 1060 2575 2563
16676 4 2 18 30 2582 2572 1065 2584
16677 4 2 18 30 2474 3130 2426 3144
16678 4 2 18 30 2491 2369 2329 3135
16679 4 2 18 30 2368 2510 3132 3160
16680 4 2 18 30 1070 3112 2591 3123
16681 4 2 18 30 2355 2458 2373 3123
16682 4 2 18 30 2594 2591 2589 3160
16683 4 2 18 30 2469 2498 2387 3147
16684 4 2 18 30 3121 3118 3138 3145
16685 4 2 18 30 2464 2453 3146 3159
16686 4 2 18 30 2580 3110 3118 3121
16687 4 2 18 30 3119 3149 3132 3160
16688 4 2 18 30 2423 3139 2346 3157
16689 4 2 18 30 3109 3113 3108 3131
16690 4 2 18 30 2594 3113 2590 3129
16691 4 2 18 30 2455 2481 3139 3157
16692 4 2 18 30 2385 1045 2573 3155
16693 4 2 18 30 2441 2357 2446 3152
16694 4 2 18 30 2485 3143 2339 3150
16695 4 2 18 30 2548 2499 2344 3148
16696 4 2 18 30 2399 3141 2498 3147
16697 4 2 18 30 2547 2346 2427 3157
16698 4 2 18 30 2582 3110 2580 3121
16699 4 2 18 30 2469 2387 2558 3147
16700 4 2 18 30 3109 3108 3122 3131
16701 4 2 18 30 3145 3150 3120 3156
16702 4 2 18 30 2411 2403 2341 3138
16703 4 2 18 30 2591 3123 3112 3124
16704 4 2 18 30 2585 2581 1051 3157
16705 4 2 18 30 2405 3131 3129 3141
16706 4 2 18 30 2429 3131 2336 3154
16707 4 2 18 30 2518 2359 2522 3142
16708 4 2 18 30 2484 3143 3131 3154
16709 4 2 18 30 2425 2332 2453 3159
16710 4 2 18 30 2566 2562 2564 3109
16711 4 2 18 30 2580 3118 2585 3121
16712 4 2 18 30 3114 3133 2573 3155
16713 4 2 18 30 2541 3138 2411 3139
16714 4 2 18 30 2461 2455 2481 3139
16715 4 2 18 30 2327 2473 2415 3150
16716 4 2 18 30 3111 3126 2576 3127
16717 4 2 18 30 3109 3115 3137 3154
16718 4 2 18 30 2442 2390 2345 3121
16719 4 2 18 30 2427 2560 2393 3156
16720 4 2 18 30 2373 1053 2444 2595
16721 4 2 18 30 2582 2584 2580 3110
16722 4 2 18 30 2443 3123 3124 3140
16723 4 2 18 30 2471 2489 2367 3147
16724 4 2 18 30 2539 2538 3132 3149
16725 4 2 18 30 2581 2585 2580 3118
16726 4 2 18 30 2483 2514 2362 3153
16727 4 2 18 30 2407 3136 2478 3148
16728 4 2 18 30 2568 2596 1058 3117
16729 4 2 18 30 2582 3116 3110 3121
16730 4 2 18 30 2467 2368 3149 3160
16731 4 2 18 30 2564 3117 3109 3128
16732 4 2 18 30 2354 3125 2477 3126
16733 4 2 18 30 2585 3121 3118 3138
16734 4 2 18 30 3122 3111 3146 3159
16735 4 2 18 30 2406 3134 3133 3146
16736 4 2 18 30 3116 3125 3111 3135
16737 4 2 18 30 2346 3139 2481 3157
16738 4 2 18 30 2554 2493 2425 3154
16739 4 2 18 30 2570 2562 2566 3109
16740 4 2 18 30 2461 1051 2455 3139
16741 4 2 18 30 2421 3126 2526 3159
16742 4 2 18 30 1052 2516 1051 2581
16743 4 2 18 30 2585 3138 3118 3139
16744 4 2 18 30 2435 3149 2401 3150
16745 4 2 18 30 3111 3127 3107 3146
16746 4 2 18 30 2575 2608 1066 2579
16747 4 2 18 30 2566 2570 2607 1061
16748 4 2 18 30 2610 2597 1074 2593
16749 4 2 18 30 2609 1071 2584 2588
16750 4 2 18 30 3111 3122 3110 3135
16751 4 2 18 30 2427 3140 2338 3156
16752 4 2 18 30 2580 2584 2588 3110
16753 4 2 18 30 2546 2419 3151 3158
16754 4 2 18 30 2419 2422 3153 3158
16755 4 2 18 30 2528 2513 2350 3144
16756 4 2 18 30 2572 1047 2576 3125
16757 4 2 18 30 2340 1044 2395 3155
16758 4 2 18 30 3130 3131 2426 3144
16759 4 2 18 30 2379 2353 3137 3154
16760 4 2 18 30 2563 2567 2562 3115
16761 4 2 18 30 2329 2369 2424 3135
16762 4 2 18 30 2379 2466 2332 3146
16763 4 2 18 30 2461 2411 2585 3139
16764 4 2 18 30 2452 2344 2499 3148
16765 4 2 18 30 2585 2582 2580 3121
16766 4 2 18 30 2336 3131 3128 3137
16767 4 2 18 30 2424 3135 2425 3159
16768 4 2 18 30 2475 3137 2553 3158
16769 4 2 18 30 2393 2415 2324 3156
16770 4 2 18 30 1042 2394 2564 2567
16771 4 2 18 30 2368 2348 2510 3160
16772 4 2 18 30 2586 1065 2582 3152
16773 4 2 18 30 2539 3149 3132 3150
16774 4 2 18 30 2582 1049 2586 3152
16775 4 2 18 30 2329 3135 2424 3159
16776 4 2 18 30 1042 2483 2394 2567
16777 4 2 18 30 2363 1053 1054 2591
16778 4 2 18 30 1044 2563 2569 3155
16779 4 2 18 30 2410 2441 2578 3152
16780 4 2 18 30 2429 2353 2554 3154
16781 4 2 18 30 2461 2343 2411 3139
16782 4 2 18 30 2360 2546 2362 3151
16783 4 2 18 30 2583 1070 2581 2593
16784 4 2 18 30 1058 2592 2566 2590
16785 4 2 18 30 2565 1060 2563 2575
16786 4 2 18 30 2574 1065 2572 2584
16787 4 2 18 30 2418 2523 2337 3149
16788 4 2 18 30 2563 3134 3114 3155
16789 4 2 18 30 2496 2339 3143 3145
16790 4 2 18 30 2349 3127 3126 3159
16791 4 2 18 30 2381 3134 2438 3151
16792 4 2 18 30 2419 2422 2362 3153
16793 4 2 18 30 2590 2589 2592 3113
16794 4 2 18 30 3112 3119 3120 3143
16795 4 2 18 30 2345 3136 3121 3148
16796 4 2 18 30 2575 2608 2565 1059
16797 4 2 18 30 2607 1057 2592 2566
16798 4 2 18 30 1064 2574 2609 2584
16799 4 2 18 30 2593 2610 2583 1069
16800 4 2 18 30 2608 2565 1063 2599
16801 4 2 18 30 2600 1068 2574 2609
16802 4 2 18 30 2601 1076 2592 2607
16803 4 2 18 30 2610 2583 1073 2602
16804 4 2 18 30 3137 3153 2553 3158
16805 4 2 18 30 2547 2427 3156 3157
16806 4 2 18 30 2470 3141 2399 3147
16807 4 2 18 30 3132 3144 2416 3150
16808 4 2 18 30 2480 3140 2427 3157
16809 4 2 18 30 2572 1065 2578 3152
16810 4 2 18 30 2329 2421 2526 3159
16811 4 2 18 30 2434 3141 3129 3147
16812 4 2 18 30 2567 1043 2360 2563
16813 4 2 18 30 2416 2473 2401 3150
16814 4 2 18 30 2531 2380 2546 3151
16815 4 2 18 30 3120 3143 3119 3150
16816 4 2 18 30 2339 3143 3145 3150
16817 4 2 18 30 3108 3118 3110 3143
16818 4 2 18 30 1045 1046 2385 2573
16819 4 2 18 30 2368 3132 2538 3149
16820 4 2 18 30 2516 2371 2455 3157
16821 4 2 18 30 1062 2565 2570 2606
16822 4 2 18 30 2574 2579 1067 2604
16823 4 2 18 30 2603 1072 2588 2583
16824 4 2 18 30 2592 1075 2605 2597
16825 4 2 18 30 3138 3139 2404 3145
16826 4 2 18 30 2572 2356 1048 1047
16827 4 2 18 30 3115 3122 3146 3154
16828 4 2 18 30 2491 3135 2329 3159
16829 4 2 18 30 2471 2367 2469 3147
16830 4 2 18 30 2596 2590 1058 3117
16831 4 2 18 30 2590 2352 1056 1055
16832 4 2 18 30 2460 3140 3124 3150
16833 4 2 18 30 2493 2379 3146 3154
16834 4 2 18 30 2467 2439 2368 3160
16835 4 2 18 30 2605 1076 2592 2601
16836 4 2 18 30 2574 1068 2600 2604
16837 4 2 18 30 2606 1063 2565 2599
16838 4 2 18 30 2603 1073 2583 2602
16839 4 2 18 30 2469 2367 2470 3147
16840 4 2 18 30 2418 2337 2467 3149
16841 4 2 18 30 2561 2540 2366 3145
16842 4 2 18 30 2572 2576 2571 3111
16843 4 2 18 30 1049 2503 2586 3152
16844 4 2 18 30 2578 1065 2586 3152
16845 4 2 18 30 2410 2586 2503 3152
16846 4 2 18 30 1050 2442 2582 2585
16847 4 2 18 30 1052 2581 2587 3123
16848 4 2 18 30 3123 3140 2515 3157
16849 4 2 18 30 2330 2545 2457 3158
16850 4 2 18 30 1054 2591 2594 3160
16851 4 2 18 30 2564 1041 2394 1042
16852 4 2 18 30 2487 2364 1046 2576
16853 4 2 18 30 2567 3109 2562 3115
16854 4 2 18 30 1058 2564 2568 3117
16855 4 2 18 30 3119 3143 3131 3144
16856 4 2 18 30 3118 3121 3110 3135
16857 4 2 18 30 1044 2360 1043 2563
16858 4 2 18 30 2572 2578 1048 3152
16859 4 2 18 30 3108 3110 3122 3143
16860 4 2 18 30 3111 3125 2576 3126
16861 4 2 18 30 3131 3137 2336 3154
16862 4 2 18 30 3110 3135 3121 3136
16863 4 2 18 30 2371 2480 2427 3157
16864 4 2 18 30 2457 2475 2330 3158
16865 4 2 18 30 2381 2531 2360 3151
16866 4 2 18 30 2419 3153 3151 3158
16867 4 2 18 30 3114 3107 3127 3146
16868 4 2 18 30 2575 194 2608 1059
16869 4 2 18 30 2593 196 2610 1069
16870 4 2 18 30 2607 193 1057 2566
16871 4 2 18 30 2609 195 1064 2584
16872 4 2 18 30 1055 2370 2348 2594
16873 4 2 18 30 3117 3129 3113 3141
16874 4 2 18 30 2460 2338 3140 3156
16875 4 2 18 30 2453 2332 2377 3146
16876 4 2 18 30 3109 3122 3115 3154
16877 4 2 18 30 2564 2562 2567 3109
16878 4 2 18 30 2582 1049 2442 1050
16879 4 2 18 30 194 2565 2608 1059
16880 4 2 18 30 2592 193 1057 2607
16881 4 2 18 30 2574 195 1064 2609
16882 4 2 18 30 196 2583 2610 1069
16883 4 2 18 30 2481 2343 2461 3139
16884 4 2 18 30 2371 2346 2455 3157
16885 4 2 18 30 3125 3135 3116 3136
16886 4 2 18 30 2491 3126 3135 3159
16887 4 2 18 30 3111 3114 3107 3127
16888 4 2 18 30 2493 3154 3146 3159
16889 4 2 18 30 2590 3113 3117 3129
16890 4 2 18 30 2365 3137 3128 3153
16891 4 2 18 30 2332 2466 2377 3146
16892 4 2 18 30 3137 3146 2379 3154
16893 4 2 18 30 2393 2560 2507 3156
16894 4 2 18 30 2579 2599 1066 2604
16895 4 2 18 30 1061 2570 2601 2606
16896 4 2 18 30 1071 2600 2603 2588
16897 4 2 18 30 2605 2602 2597 1074
16898 4 2 18 30 2488 2395 2577 3155
16899 4 2 18 30 2467 3149 2439 3160
16900 4 2 18 30 2532 3133 3127 3146
16901 4 2 18 30 2587 1052 2355 2458
16902 4 2 18 30 1062 1063 2565 2606
16903 4 2 18 30 1075 1076 2592 2605
16904 4 2 18 30 1068 2574 1067 2604
16905 4 2 18 30 1072 2603 1073 2583
16906 4 2 18 30 1044 2569 2395 3155
16907 4 2 18 30 3115 3122 3107 3146
16908 4 2 18 30 3119 3108 3131 3143
16909 4 2 18 30 3129 3131 3113 3141
16910 4 2 18 30 3122 3135 2321 3143
16911 4 2 18 30 3110 3118 3135 3143
16912 4 2 18 30 3109 3137 3131 3154
16913 4 2 18 30 3110 3116 3135 3136
16914 4 2 18 30 2327 2401 2473 3150
16915 4 2 18 30 3110 3116 3111 3135
16916 4 2 18 30 3107 3115 3109 3122
16917 4 2 18 30 2360 2362 2514 3151
16918 4 2 18 30 2381 2360 3134 3151
16919 4 2 18 30 2362 2500 2483 3153
16920 4 2 18 30 2321 3122 3143 3154
16921 4 2 18 30 3111 3107 3122 3146
16922 4 2 18 30 2507 2415 2393 3156
16923 4 2 18 30 2464 3146 3127 3159
16924 4 2 18 30 3113 3119 3108 3131
16925 4 2 18 30 2362 2422 2500 3153
16926 4 2 18 30 2590 2594 2589 3113
16927 4 2 18 30 3110 3135 3122 3143
16928 4 2 18 30 3125 3136 3116 3142
16929 4 2 18 30 3114 3115 3107 3146
16930 4 2 18 30 2354 1047 2576 2487
16931 4 2 18 30 2421 2329 2453 3159
16932 4 2 18 30 2488 2449 2395 3155
16933 4 2 18 30 3112 3108 3119 3143
16934 4 2 18 30 1045 2577 2573 3155
16935 4 2 18 30 2332 3146 2453 3159
16936 4 2 18 30 2569 2563 1060 3155
16937 4 2 18 30 3109 3117 3113 3141
16938 4 2 18 30 2425 2453 2329 3159
16939 4 2 18 30 3146 3151 3115 3158
16940 4 2 18 30 1048 2578 2441 3152
16941 4 2 18 30 3110 3121 3116 3136
16942 4 2 18 30 3139 3145 3120 3156
16943 4 2 18 30 3112 3124 3120 3150
16944 4 2 18 30 3122 3131 3108 3143
16945 4 2 18 30 2371 2427 2346 3157
16946 4 2 18 30 193 2592 1076 2607
16947 4 2 18 30 194 2565 1063 2608
16948 4 2 18 30 1068 195 2574 2609
16949 4 2 18 30 2583 1073 196 2610
16950 4 2 18 30 2409 2357 2503 3152
16951 4 2 18 30 3116 3142 3136 3152
16952 4 2 18 30 3135 3122 3154 3159
16953 4 2 18 30 195 2609 1071 2584
16954 4 2 18 30 1066 194 2608 2575
16955 4 2 18 30 1074 196 2610 2593
16956 4 2 18 30 2607 193 2566 1061
16957 4 2 18 30 3109 3113 3131 3141
16958 4 2 18 30 2348 2368 2439 3160
16959 4 2 18 30 3132 3149 2368 3160
16960 4 2 18 30 3109 3131 3122 3154
16961 4 2 18 30 3109 3128 3117 3141
16962 4 2 18 30 2353 2493 2554 3154
16963 4 2 18 30 2578 2586 2410 3152
16964 4 2 18 30 3137 3146 3115 3158
16965 4 2 18 30 2461 2585 1051 3139
16966 4 2 18 30 1067 2579 1066 2604
16967 4 2 18 30 2570 1061 1062 2606
16968 4 2 18 30 2597 1075 2605 1074
16969 4 2 18 30 2603 1072 1071 2588
16970 4 2 18 30 3120 3145 3143 3150
16971 4 2 18 30 2567 2483 2514 1043
16972 4 2 18 30 2503 2357 2441 3152
16973 4 2 18 30 2410 2441 1048 2578
16974 4 2 18 30 3140 3156 2427 3157
16975 4 2 18 30 3120 3150 3140 3156
16976 4 2 18 30 3109 3131 3128 3141
16977 4 2 18 30 3112 3120 3119 3150
16978 4 2 18 30 2573 2577 1060 3155
16979 4 2 18 30 2395 1045 2488 2577
16980 4 2 18 30 3122 3135 3111 3159
16981 4 2 18 30 2546 2360 2531 3151
16982 4 2 18 30 3115 3146 3134 3151
16983 4 2 18 30 3112 3119 3124 3150
16984 4 2 18 30 2388 2596 2445 1056
16985 4 2 18 30 2373 1053 2595 2458
16986 4 2 18 30 3115 3146 3137 3154
16987 4 2 18 30 1045 2488 2577 3155
16988 4 2 18 30 3133 3134 3114 3146
16989 4 2 18 30 2585 1050 2442 2411
16990 4 2 18 30 2411 2585 1050 2461
16991 4 2 18 30 3119 3113 3130 3144
16992 4 2 18 30 3146 3154 3122 3159
16993 4 2 18 30 1054 2594 2348 3160
16994 4 2 18 30 2410 1049 2503 2586
16995 4 2 18 30 3114 3134 3133 3155
16996 4 2 18 30 3119 3131 3113 3144
16997 4 2 18 30 3120 3124 3123 3140
16998 4 2 18 30 2569 2577 2395 3155
16999 4 2 18 30 3131 3143 3122 3154
17000 4 2 18 30 3118 3143 3120 3145
17001 4 2 18 30 3115 3114 3134 3146
17002 4 2 18 30 2489 2568 2388 1041
17003 4 2 18 30 3119 3149 3124 3150
17004 4 2 18 30 1048 191 2410 2578
17005 4 2 18 30 191 1049 2410 2586
17006 4 2 18 30 3120 3139 3156 3157
17007 4 2 18 30 3109 3128 3131 3137
17008 4 2 18 30 1056 189 2388 2596
17009 4 2 18 30 3143 3144 3119 3150
17010 4 2 18 30 190 1045 2395 2577
17011 4 2 18 30 2410 2503 2441 3152
17012 4 2 18 30 1044 190 2395 2569
17013 4 2 18 30 2587 192 1052 2458
17014 4 2 18 30 2595 1053 192 2458
17015 4 2 18 30 189 1041 2388 2568
17016 4 2 18 30 3113 3131 3130 3144
17017 4 2 18 30 2577 2569 1060 3155
17018 4 2 18 30 190 2395 2569 2577
17019 4 2 18 30 2568 2388 189 2596
17020 4 2 18 30 3124 3140 3120 3150
17021 4 2 18 30 2439 2363 1054 3160
17022 4 2 18 30 3123 3120 3140 3157
17023 4 2 18 30 3126 3127 3111 3159
17024 4 2 18 30 2596 189 2568 1058
17025 4 2 18 30 2586 2578 191 1065
17026 4 2 18 30 2569 1060 190 2577
17027 4 2 18 30 192 1070 2595 2587
17028 4 2 18 30 2578 191 2410 2586
17029 4 2 18 30 3127 3133 3114 3146
17030 4 2 18 30 3151 3153 3115 3158
17031 4 2 18 30 3125 3126 3111 3135
17032 4 2 18 30 2587 2595 192 2458
17033 4 2 18 30 3129 3130 3113 3131
17034 4 2 18 30 2487 1046 1047 2576
17035 4 2 18 30 2594 2348 1055 1054
17036 4 2 18 30 3126 3111 3135 3159
17037 4 2 18 30 3120 3139 3118 3145
17038 4 2 18 30 3137 3115 3153 3158
17039 4 2 18 30 1042 2483 2567 1043
17040 4 2 18 30 3119 3144 3132 3150
17041 4 2 18 30 1051 1050 2585 2461
17042 4 2 18 30 3132 3149 3119 3150
17043 4 2 18 30 1054 2348 2439 3160
17044 4 2 18 30 3130 3132 3119 3144
17045 4 2 18 30 3118 3139 3138 3145
17046 4 2 18 30 3120 3156 3140 3157
17047 4 2 18 30 3129 3141 3117 3147
17048 4 2 18 30 3112 3123 3120 3124
17049 4 2 18 30 3157 3120 2581 3123
17050 4 2 18 30 3157 2581 3120 3139
17051 4 2 18 30 2352 3147 3117 2445
17052 4 2 18 30 3117 3147 2352 3129
17053 4 2 18 30 3117 2590 2352 2445
17054 4 2 18 30 2352 2590 3117 3129
17055 4 2 18 30 2394 3147 2470 2367
17056 4 2 18 30 2470 3147 2394 3141
17057 4 2 18 30 3147 2394 2564 2367
17058 4 2 18 30 3148 2328 3135 3145
17059 4 2 18 30 3148 3135 2328 2502
17060 4 2 18 30 3147 2568 2564 3117
17061 4 2 18 30 3147 2564 2568 2489
17062 4 2 18 30 3125 3152 3142 3116
17063 4 2 18 30 3142 3152 3125 2356
17064 4 2 18 30 2428 3132 2486 2510
17065 4 2 18 30 2486 3132 2428 3130
17066 4 2 18 30 3130 2389 2451 2559
17067 4 2 18 30 3130 2451 2389 3129
17068 4 2 18 30 3134 2448 2549 3133
17069 4 2 18 30 3134 2549 2448 2551
17070 4 2 18 30 3113 2566 2601 2592
17071 4 2 18 30 3113 2601 2566 3109
17072 4 2 18 30 3141 2520 3131 3128
17073 4 2 18 30 3141 3131 2520 2392
17074 4 2 18 30 2336 3131 2520 3128
17075 4 2 18 30 2336 2520 3131 2392
17076 4 2 18 30 2465 3133 2396 3127
17077 4 2 18 30 2465 2396 3133 2494
17078 4 2 18 30 2557 2396 3133 3127
17079 4 2 18 30 2557 3133 2396 2494
17080 4 2 18 30 3147 2568 2445 2388
17081 4 2 18 30 3147 2445 2568 3117
17082 4 2 18 30 2596 2445 2568 2388
17083 4 2 18 30 2596 2568 2445 3117
17084 4 2 18 30 3126 2414 2349 2420
17085 4 2 18 30 3126 2349 2414 3127
17086 4 2 18 30 3136 2369 3142 3125
17087 4 2 18 30 2525 2369 3142 2436
17088 4 2 18 30 2525 3142 2369 3125
17089 4 2 18 30 3126 2482 3135 3125
17090 4 2 18 30 3126 3135 2482 2491
17091 4 2 18 30 3141 2564 3147 2394
17092 4 2 18 30 3141 3147 2564 3117
17093 4 2 18 30 3155 2383 2385 2488
17094 4 2 18 30 3155 2385 2383 3133
17095 4 2 18 30 3155 2448 2383 2449
17096 4 2 18 30 3155 2383 2448 3133
17097 4 2 18 30 3150 2460 2415 2327
17098 4 2 18 30 3150 2415 2460 3156
17099 4 2 18 30 3114 2571 3127 3111
17100 4 2 18 30 3114 3127 2571 2573
17101 4 2 18 30 2576 3127 2571 3111
17102 4 2 18 30 2576 2571 3127 2573
17103 4 2 18 30 3132 2486 2474 3130
17104 4 2 18 30 3132 2474 2486 2351
17105 4 2 18 30 3148 2407 2433 2548
17106 4 2 18 30 3148 2433 2407 3136
17107 4 2 18 30 3153 3109 3137 3128
17108 4 2 18 30 3153 3137 3109 3115
17109 4 2 18 30 3144 2485 3150 3143
17110 4 2 18 30 3144 3150 2485 2347
17111 4 2 18 30 3132 2474 3144 3130
17112 4 2 18 30 3132 3144 2474 2476
17113 4 2 18 30 3149 2375 3150 2435
17114 4 2 18 30 3149 3150 2375 3124
17115 4 2 18 30 3152 2521 3136 2409
17116 4 2 18 30 3152 3136 2521 3142
17117 4 2 18 30 2589 3160 3113 2594
17118 4 2 18 30 3113 3160 2589 3119
17119 4 2 18 30 3125 1047 2354 2400
17120 4 2 18 30 3125 2354 1047 2576
17121 4 2 18 30 3150 2375 2460 2327
17122 4 2 18 30 3150 2460 2375 3124
17123 4 2 18 30 3142 2325 2509 2543
17124 4 2 18 30 3142 2509 2325 3136
17125 4 2 18 30 3112 1070 2593 2581
17126 4 2 18 30 3112 2593 1070 2591
17127 4 2 18 30 3135 3154 2321 2425
17128 4 2 18 30 2321 3154 3135 3122
17129 4 2 18 30 3143 3112 3118 3120
17130 4 2 18 30 3143 3118 3112 3108
17131 4 2 18 30 3151 2362 2419 2546
17132 4 2 18 30 3151 2419 2362 3153
17133 4 2 18 30 3158 2546 2380 3151
17134 4 2 18 30 3158 2380 2546 2545
17135 4 2 18 30 2369 3142 2325 3136
17136 4 2 18 30 2369 2325 3142 2436
17137 4 2 19 31 1026 1010 1027 2613
17138 4 2 19 31 1034 2653 1018 1035
17139 4 2 19 31 1011 1027 1010 2613
17140 4 2 19 31 1035 2653 1018 1019
17141 4 2 19 31 1030 1014 1031 2636
17142 4 2 19 31 1039 1022 2621 1038
17143 4 2 19 31 1027 1042 1026 2613
17144 4 2 19 31 1034 1050 2653 1035
17145 4 2 19 31 1014 1015 1031 2636
17146 4 2 19 31 1022 1039 2621 1023
17147 4 2 19 31 1509 2625 1004 1003
17148 4 2 19 31 2640 1487 987 988
17149 4 2 19 31 1042 1027 1043 2613
17150 4 2 19 31 1035 1050 2653 1051
17151 4 2 19 31 2586 191 2653 1065
17152 4 2 19 31 2569 190 1060 2613
17153 4 2 19 31 1513 174 974 1079
17154 4 2 19 31 189 2568 1058 2614
17155 4 2 19 31 1070 192 2654 2587
17156 4 2 19 31 1502 1091 180 994
17157 4 2 19 31 976 1084 176 1492
17158 4 2 19 31 1481 974 174 1079
17159 4 2 19 31 1514 180 1091 994
17160 4 2 19 31 1491 2642 178 985
17161 4 2 19 31 2563 2569 1060 2613
17162 4 2 19 31 2653 2582 2586 1065
17163 4 2 19 31 2611 978 979 1476
17164 4 2 19 31 996 2651 1498 997
17165 4 2 19 31 1010 1026 2614 2613
17166 4 2 19 31 2650 2605 1075 2649
17167 4 2 19 31 2650 1062 2606 2648
17168 4 2 19 31 2564 1058 2568 2614
17169 4 2 19 31 1070 2654 2581 2587
17170 4 2 19 31 1042 1043 2612 2613
17171 4 2 19 31 1050 2652 2653 1051
17172 4 2 19 31 1035 2654 2653 1019
17173 4 2 19 31 2634 1007 2635 1711
17174 4 2 19 31 982 1712 2633 2635
17175 4 2 19 31 1086 1085 2650 1062
17176 4 2 19 31 2650 1075 1087 1088
17177 4 2 19 31 1080 197 174 2635
17178 4 2 19 31 1092 174 197 2635
17179 4 2 19 31 982 1081 1080 2635
17180 4 2 19 31 1092 1007 2635 1093
17181 4 2 19 31 1489 984 177 1101
17182 4 2 19 31 1078 173 973 1511
17183 4 2 19 31 1490 1083 175 975
17184 4 2 19 31 993 1512 179 1090
17185 4 2 19 31 1501 2659 1495 995
17186 4 2 19 31 1478 980 1472 2619
17187 4 2 19 31 178 2655 1503 985
17188 4 2 19 31 1043 2567 1042 2612
17189 4 2 19 31 2585 2652 1050 1051
17190 4 2 19 31 2643 975 1484 1486
17191 4 2 19 31 2660 1500 1494 998
17192 4 2 19 31 981 174 1713 2635
17193 4 2 19 31 1713 174 1008 2635
17194 4 2 19 31 2625 1004 2626 1509
17195 4 2 19 31 1014 1030 2641 2636
17196 4 2 19 31 2641 1487 987 2640
17197 4 2 19 31 2634 202 180 1096
17198 4 2 19 31 1094 199 176 2633
17199 4 2 19 31 1087 198 193 2650
17200 4 2 19 31 2650 198 193 1085
17201 4 2 19 31 1031 1046 1030 2636
17202 4 2 19 31 1054 1039 2621 1038
17203 4 2 19 31 2627 1006 180 1514
17204 4 2 19 31 2626 1039 1023 2621
17205 4 2 19 31 2642 178 992 1491
17206 4 2 19 31 1062 2650 1086 2648
17207 4 2 19 31 1075 2650 2649 1088
17208 4 2 19 31 2597 2589 2624 2621
17209 4 2 19 31 176 976 1480 2615
17210 4 2 19 31 1507 973 1505 2628
17211 4 2 19 31 180 2634 1716 1006
17212 4 2 19 31 1714 2633 176 983
17213 4 2 19 31 2614 1026 1042 2613
17214 4 2 19 31 1053 192 188 2629
17215 4 2 19 31 187 191 1048 2644
17216 4 2 19 31 2614 2564 1058 2618
17217 4 2 19 31 2581 2658 2654 1070
17218 4 2 19 31 1081 982 2633 2635
17219 4 2 19 31 2634 2635 1007 1093
17220 4 2 19 31 2653 2654 1035 1051
17221 4 2 19 31 1094 176 199 2643
17222 4 2 19 31 1099 1098 2648 1067
17223 4 2 19 31 1072 1104 1103 2649
17224 4 2 19 31 2630 2590 1056 1055
17225 4 2 19 31 2573 1046 2645 1045
17226 4 2 19 31 1492 1084 176 2643
17227 4 2 19 31 1038 2621 2625 1022
17228 4 2 19 31 2624 1075 2597 2623
17229 4 2 19 31 2643 976 975 1486
17230 4 2 19 31 1079 973 974 2628
17231 4 2 19 31 975 1084 976 2643
17232 4 2 19 31 1031 1015 2640 2636
17233 4 2 19 31 1079 1513 174 2628
17234 4 2 19 31 1084 199 176 2643
17235 4 2 19 31 2656 2655 1499 1000
17236 4 2 19 31 2648 200 194 1098
17237 4 2 19 31 201 196 1103 2649
17238 4 2 19 31 202 180 1096 2656
17239 4 2 19 31 2633 991 1094 1095
17240 4 2 19 31 1097 1096 2634 1000
17241 4 2 19 31 1481 174 2616 1079
17242 4 2 19 31 174 197 2628 1092
17243 4 2 19 31 1507 974 973 2628
17244 4 2 19 31 1050 2582 2652 2585
17245 4 2 19 31 2567 1043 2563 2612
17246 4 2 19 31 2613 190 1060 1083
17247 4 2 19 31 1101 2653 191 1065
17248 4 2 19 31 1103 1104 1072 2658
17249 4 2 19 31 1058 1078 189 2614
17250 4 2 19 31 1070 2654 192 1090
17251 4 2 19 31 2607 2650 193 1061
17252 4 2 19 31 2650 193 1076 2607
17253 4 2 19 31 2639 1098 1099 1067
17254 4 2 19 31 180 202 1091 2656
17255 4 2 19 31 203 178 2642 1102
17256 4 2 19 31 1502 180 1091 2656
17257 4 2 19 31 1476 2611 978 1473
17258 4 2 19 31 180 202 2627 1091
17259 4 2 19 31 174 197 1079 2628
17260 4 2 19 31 197 174 2616 1080
17261 4 2 19 31 2577 2645 190 1045
17262 4 2 19 31 2630 2596 189 1056
17263 4 2 19 31 991 2643 1094 1095
17264 4 2 19 31 1102 984 2640 1101
17265 4 2 19 31 993 1091 2625 1090
17266 4 2 19 31 1494 1498 2651 997
17267 4 2 19 31 1078 973 1079 2626
17268 4 2 19 31 2641 1083 975 1084
17269 4 2 19 31 2656 1096 1097 1000
17270 4 2 19 31 1103 196 201 2658
17271 4 2 19 31 1477 982 2615 2616
17272 4 2 19 31 196 2610 2649 1074
17273 4 2 19 31 2608 1063 194 2648
17274 4 2 19 31 2638 2639 1099 1067
17275 4 2 19 31 174 197 2616 1079
17276 4 2 19 31 2579 2639 2571 2638
17277 4 2 19 31 2613 1060 1082 1083
17278 4 2 19 31 1065 1101 2653 1100
17279 4 2 19 31 1090 1070 2654 1089
17280 4 2 19 31 1058 1077 1078 2614
17281 4 2 19 31 999 178 2655 1503
17282 4 2 19 31 983 176 1480 2615
17283 4 2 19 31 2614 1058 1077 2618
17284 4 2 19 31 2658 2654 1070 1089
17285 4 2 19 31 2642 178 203 1095
17286 4 2 19 31 2648 1099 1067 2647
17287 4 2 19 31 1104 1072 2647 2649
17288 4 2 19 31 1477 2615 1474 1471
17289 4 2 19 31 196 201 2658 1089
17290 4 2 19 31 1079 974 1513 2628
17291 4 2 19 31 2618 1085 1086 1062
17292 4 2 19 31 2633 199 176 1081
17293 4 2 19 31 2634 180 202 1093
17294 4 2 19 31 1486 1484 2643 2637
17295 4 2 19 31 1075 2624 1087 1088
17296 4 2 19 31 2655 2656 1097 1000
17297 4 2 19 31 2649 2605 1075 1074
17298 4 2 19 31 2606 1062 1063 2648
17299 4 2 19 31 1475 2611 1471 1473
17300 4 2 19 31 2639 194 200 1098
17301 4 2 19 31 2632 203 178 1095
17302 4 2 19 31 1097 203 178 2632
17303 4 2 19 31 994 1502 1091 2656
17304 4 2 19 31 2618 193 198 1085
17305 4 2 19 31 2640 2641 1487 2637
17306 4 2 19 31 2626 2622 2625 1509
17307 4 2 19 31 1053 2621 1054 2591
17308 4 2 19 31 1048 2572 1047 2636
17309 4 2 19 31 2631 1707 1712 1704
17310 4 2 19 31 2598 2601 2606 2646
17311 4 2 19 31 2598 2605 2601 2646
17312 4 2 19 31 2631 1711 1707 1704
17313 4 2 19 31 2578 1048 191 2644
17314 4 2 19 31 1053 192 2629 2595
17315 4 2 19 31 1492 976 1084 2643
17316 4 2 19 31 2579 2639 2638 1067
17317 4 2 19 31 1101 191 187 2644
17318 4 2 19 31 192 188 2629 1090
17319 4 2 19 31 2639 200 194 1082
17320 4 2 19 31 991 2633 2632 1095
17321 4 2 19 31 1000 2634 1097 2632
17322 4 2 19 31 2616 974 1481 1079
17323 4 2 19 31 195 204 1100 2657
17324 4 2 19 31 1007 1092 2628 1093
17325 4 2 19 31 1057 1058 2566 2618
17326 4 2 19 31 194 200 2617 1082
17327 4 2 19 31 2627 180 1091 1514
17328 4 2 19 31 2616 982 1081 1080
17329 4 2 19 31 1031 1047 1046 2636
17330 4 2 19 31 1039 1054 2621 1055
17331 4 2 19 31 1505 1507 2628 2622
17332 4 2 19 31 2643 176 1492 990
17333 4 2 19 31 2628 1513 174 1008
17334 4 2 19 31 1077 193 198 2618
17335 4 2 19 31 2624 1075 2623 1088
17336 4 2 19 31 2634 1007 1711 1006
17337 4 2 19 31 2633 1712 982 983
17338 4 2 19 31 174 1092 1008 2635
17339 4 2 19 31 174 981 1080 2635
17340 4 2 19 31 1104 2657 1072 2658
17341 4 2 19 31 193 198 1087 2624
17342 4 2 19 31 1499 2655 2656 2651
17343 4 2 19 31 1078 185 181 2626
17344 4 2 19 31 186 182 2641 1083
17345 4 2 19 31 973 1079 2626 2628
17346 4 2 19 31 1084 975 2641 2643
17347 4 2 19 31 173 2620 973 1479
17348 4 2 19 31 180 202 1093 2627
17349 4 2 19 31 198 193 1077 2624
17350 4 2 19 31 178 203 2655 1102
17351 4 2 19 31 1058 1057 1077 2618
17352 4 2 19 31 1089 1070 2658 1069
17353 4 2 19 31 176 199 1084 2615
17354 4 2 19 31 2618 2614 2564 2612
17355 4 2 19 31 2654 2652 2658 2581
17356 4 2 19 31 993 179 1500 2660
17357 4 2 19 31 2658 196 1089 1069
17358 4 2 19 31 1077 1057 193 2618
17359 4 2 19 31 1477 2611 2615 1471
17360 4 2 19 31 2625 188 184 1090
17361 4 2 19 31 1081 2615 982 2616
17362 4 2 19 31 1477 2615 2611 2616
17363 4 2 19 31 1091 2627 1514 994
17364 4 2 19 31 183 187 2640 1101
17365 4 2 19 31 1058 2564 2566 2618
17366 4 2 19 31 2653 1065 1100 2657
17367 4 2 19 31 1060 1082 2617 2613
17368 4 2 19 31 195 204 2657 1104
17369 4 2 19 31 2643 991 2642 1095
17370 4 2 19 31 201 196 2649 1088
17371 4 2 19 31 1086 200 194 2648
17372 4 2 19 31 193 1057 1077 2624
17373 4 2 19 31 1498 1495 2651 996
17374 4 2 19 31 1078 173 1511 2626
17375 4 2 19 31 175 2641 1083 1490
17376 4 2 19 31 1059 2639 194 1082
17377 4 2 19 31 2640 1489 177 1101
17378 4 2 19 31 1493 1496 1494 2651
17379 4 2 19 31 204 195 1099 2647
17380 4 2 19 31 204 195 2647 1104
17381 4 2 19 31 1512 2625 179 1090
17382 4 2 19 31 2648 2606 2650 2646
17383 4 2 19 31 2605 2650 2646 2649
17384 4 2 19 31 2635 1712 2633 2631
17385 4 2 19 31 1711 2635 2634 2631
17386 4 2 19 31 178 203 1097 2655
17387 4 2 19 31 1484 2641 975 2643
17388 4 2 19 31 1072 2603 2647 2649
17389 4 2 19 31 2647 1067 2648 2604
17390 4 2 19 31 973 2626 1505 2628
17391 4 2 19 31 2616 981 174 1481
17392 4 2 19 31 1502 180 2656 1001
17393 4 2 19 31 1472 2611 979 1476
17394 4 2 19 31 1074 2597 1075 2623
17395 4 2 19 31 2654 2653 2652 1051
17396 4 2 19 31 2612 2614 1042 2613
17397 4 2 19 31 2618 1086 2617 1062
17398 4 2 19 31 2592 1058 2630 2590
17399 4 2 19 31 2636 2571 2639 2638
17400 4 2 19 31 2623 2597 2624 2621
17401 4 2 19 31 1075 2649 1074 1088
17402 4 2 19 31 1086 1063 1062 2648
17403 4 2 19 31 2625 2627 1091 993
17404 4 2 19 31 984 2642 1102 2640
17405 4 2 19 31 1482 1484 1486 2637
17406 4 2 19 31 1058 189 1078 2630
17407 4 2 19 31 1060 190 2645 1083
17408 4 2 19 31 1065 191 1101 2644
17409 4 2 19 31 192 2629 1070 1090
17410 4 2 19 31 2657 2588 1072 2658
17411 4 2 19 31 1709 2634 1000 2632
17412 4 2 19 31 991 2633 1710 2632
17413 4 2 19 31 1030 1046 2641 2636
17414 4 2 19 31 2628 1007 2627 1510
17415 4 2 19 31 1093 2628 1007 2627
17416 4 2 19 31 1715 999 178 2632
17417 4 2 19 31 2632 178 1715 992
17418 4 2 19 31 2591 1053 2621 2629
17419 4 2 19 31 1048 2572 2636 2644
17420 4 2 19 31 194 200 1086 2617
17421 4 2 19 31 1493 1499 2656 2651
17422 4 2 19 31 1076 1087 193 2650
17423 4 2 19 31 1085 193 2650 1061
17424 4 2 19 31 204 195 1100 2638
17425 4 2 19 31 1055 1039 2626 2621
17426 4 2 19 31 2611 1475 2620 1473
17427 4 2 19 31 2623 201 196 1089
17428 4 2 19 31 1006 2634 1007 1093
17429 4 2 19 31 983 982 2633 1081
17430 4 2 19 31 177 2659 984 1501
17431 4 2 19 31 985 2642 178 1102
17432 4 2 19 31 1059 194 2617 1082
17433 4 2 19 31 195 1100 1064 2657
17434 4 2 19 31 1065 2653 2582 2657
17435 4 2 19 31 2563 1060 2617 2613
17436 4 2 19 31 1070 2583 2658 1069
17437 4 2 19 31 175 1478 975 2619
17438 4 2 19 31 1495 2659 1497 2651
17439 4 2 19 31 1055 1056 2630 2626
17440 4 2 19 31 1045 1046 2645 2641
17441 4 2 19 31 1493 1495 1497 2651
17442 4 2 19 31 1708 1711 2631 1704
17443 4 2 19 31 2598 2606 2599 2646
17444 4 2 19 31 2646 2598 2605 2602
17445 4 2 19 31 1712 1705 2631 1704
17446 4 2 19 31 1496 2660 1494 2651
17447 4 2 19 31 2592 1058 1057 2630
17448 4 2 19 31 176 199 2615 1081
17449 4 2 19 31 2630 2590 1055 2621
17450 4 2 19 31 2573 2645 1046 2636
17451 4 2 19 31 2620 173 2614 1479
17452 4 2 19 31 2643 991 1488 2642
17453 4 2 19 31 195 204 1099 2638
17454 4 2 19 31 2633 176 990 1714
17455 4 2 19 31 1716 2634 180 1001
17456 4 2 19 31 1040 1024 185 2626
17457 4 2 19 31 1013 1029 186 2641
17458 4 2 19 31 186 182 1013 2641
17459 4 2 19 31 1024 181 185 2626
17460 4 2 19 31 2643 1484 2641 2637
17461 4 2 19 31 2626 1505 2628 2622
17462 4 2 19 31 1507 1505 1504 2622
17463 4 2 19 31 2645 1059 2575 1060
17464 4 2 19 31 2638 2571 2579 2574
17465 4 2 19 31 184 188 2654 1090
17466 4 2 19 31 181 185 1078 2614
17467 4 2 19 31 2622 1504 1508 1506
17468 4 2 19 31 1504 1510 1507 2622
17469 4 2 19 31 2576 2573 1046 2636
17470 4 2 19 31 2621 2590 1055 2594
17471 4 2 19 31 2629 2591 1053 2595
17472 4 2 19 31 2572 1048 2578 2644
17473 4 2 19 31 2613 182 186 1083
17474 4 2 19 31 2617 2570 2618 1062
17475 4 2 19 31 1037 2625 188 1021
17476 4 2 19 31 1016 2640 187 1032
17477 4 2 19 31 2648 2599 2606 2646
17478 4 2 19 31 1712 1705 2633 2631
17479 4 2 19 31 2634 1708 1711 2631
17480 4 2 19 31 2649 2646 2605 2602
17481 4 2 19 31 2627 1091 993 994
17482 4 2 19 31 1102 985 2642 984
17483 4 2 19 31 1067 2638 2579 2574
17484 4 2 19 31 184 188 2625 1021
17485 4 2 19 31 2625 1512 993 1090
17486 4 2 19 31 2641 1083 1490 975
17487 4 2 19 31 181 173 1078 2626
17488 4 2 19 31 182 175 2641 1083
17489 4 2 19 31 984 1489 2640 1101
17490 4 2 19 31 973 1078 1511 2626
17491 4 2 19 31 187 183 2653 1101
17492 4 2 19 31 185 189 1078 2614
17493 4 2 19 31 2654 188 192 1090
17494 4 2 19 31 2599 2606 1063 2648
17495 4 2 19 31 1712 2633 1705 983
17496 4 2 19 31 2605 2649 2602 1074
17497 4 2 19 31 1711 1708 2634 1006
17498 4 2 19 31 1078 173 181 2614
17499 4 2 19 31 179 184 2654 1090
17500 4 2 19 31 1096 180 2634 1001
17501 4 2 19 31 990 1094 176 2633
17502 4 2 19 31 187 183 2640 1016
17503 4 2 19 31 1061 2650 1085 1062
17504 4 2 19 31 1087 1076 1075 2650
17505 4 2 19 31 2611 1477 2616 1471
17506 4 2 19 31 2613 186 190 1083
17507 4 2 19 31 2653 191 187 1101
17508 4 2 19 31 2625 184 179 1090
17509 4 2 19 31 2583 1070 2658 2581
17510 4 2 19 31 2613 175 182 1083
17511 4 2 19 31 1054 2621 2625 1038
17512 4 2 19 31 177 183 2640 1101
17513 4 2 19 31 183 177 2653 1101
17514 4 2 19 31 977 978 2614 1473
17515 4 2 19 31 1506 1508 2627 993
17516 4 2 19 31 196 201 2623 1088
17517 4 2 19 31 999 1499 2655 1000
17518 4 2 19 31 2611 2614 978 1473
17519 4 2 19 31 997 2654 1494 998
17520 4 2 19 31 2654 1494 2651 997
17521 4 2 19 31 2640 1047 1031 2636
17522 4 2 19 31 1482 1488 1485 2637
17523 4 2 19 31 1080 981 982 2635
17524 4 2 19 31 1007 1008 1092 2635
17525 4 2 19 31 2609 2647 195 1071
17526 4 2 19 31 195 1068 2647 2609
17527 4 2 19 31 1030 1046 1029 2641
17528 4 2 19 31 976 176 1084 2615
17529 4 2 19 31 2637 1485 1482 1483
17530 4 2 19 31 2575 2645 1060 2573
17531 4 2 19 31 1054 2625 2621 1053
17532 4 2 19 31 1047 2640 1048 2636
17533 4 2 19 31 985 178 2655 1102
17534 4 2 19 31 976 2619 975 1474
17535 4 2 19 31 1089 196 2623 1069
17536 4 2 19 31 1485 2642 984 1483
17537 4 2 19 31 1064 1100 195 2638
17538 4 2 19 31 1486 1488 1482 2637
17539 4 2 19 31 995 2653 1495 996
17540 4 2 19 31 1092 2628 174 1008
17541 4 2 19 31 2643 1094 176 990
17542 4 2 19 31 1040 1055 1039 2626
17543 4 2 19 31 983 2633 176 1081
17544 4 2 19 31 180 2634 1006 1093
17545 4 2 19 31 2656 1496 1499 1493
17546 4 2 19 31 979 980 2613 1472
17547 4 2 19 31 2640 1489 984 1483
17548 4 2 19 31 1512 1506 2625 993
17549 4 2 19 31 1497 985 2659 984
17550 4 2 19 31 2573 2571 2639 2636
17551 4 2 19 31 2624 2589 2590 2621
17552 4 2 19 31 2590 2630 2624 2621
17553 4 2 19 31 2573 2639 2645 2636
17554 4 2 19 31 2596 2630 2590 1056
17555 4 2 19 31 2573 2645 2577 1045
17556 4 2 19 31 1710 2633 2631 2632
17557 4 2 19 31 2603 2646 2647 2649
17558 4 2 19 31 2634 1709 2631 2632
17559 4 2 19 31 2648 2647 2604 2646
17560 4 2 19 31 1038 2625 1054 1037
17561 4 2 19 31 2616 1477 1475 1471
17562 4 2 19 31 2648 194 2608 1066
17563 4 2 19 31 1073 196 2610 2649
17564 4 2 19 31 2598 2646 2603 2602
17565 4 2 19 31 2598 2599 2604 2646
17566 4 2 19 31 2631 1709 1708 1704
17567 4 2 19 31 1705 2631 1704 1710
17568 4 2 19 31 2626 1511 973 1505
17569 4 2 19 31 1484 1482 1487 2637
17570 4 2 19 31 1510 2627 2628 2622
17571 4 2 19 31 1484 2641 1490 975
17572 4 2 19 31 2656 180 1096 1001
17573 4 2 19 31 2616 174 981 1080
17574 4 2 19 31 2627 2625 1506 993
17575 4 2 19 31 1060 2645 190 2577
17576 4 2 19 31 1058 2596 189 2630
17577 4 2 19 31 1047 1032 2640 1031
17578 4 2 19 31 993 1508 2627 994
17579 4 2 19 31 1505 1504 2622 1509
17580 4 2 19 31 2562 2617 2570 2612
17581 4 2 19 31 2642 1488 2643 2637
17582 4 2 19 31 2640 984 2642 1483
17583 4 2 19 31 1099 2638 1067 1068
17584 4 2 19 31 994 2660 993 1496
17585 4 2 19 31 2653 2652 2582 2657
17586 4 2 19 31 2612 2563 2617 2613
17587 4 2 19 31 1078 1077 1058 2630
17588 4 2 19 31 196 1073 1103 2649
17589 4 2 19 31 1066 2648 194 1098
17590 4 2 19 31 2629 1070 1090 1089
17591 4 2 19 31 2645 1082 1060 1083
17592 4 2 19 31 1485 2642 985 984
17593 4 2 19 31 2630 1077 1057 2624
17594 4 2 19 31 1100 1065 1101 2644
17595 4 2 19 31 2639 1059 2645 1082
17596 4 2 19 31 2636 2572 2571 2638
17597 4 2 19 31 973 2620 1078 1079
17598 4 2 19 31 187 2640 1101 2644
17599 4 2 19 31 188 2625 2629 1090
17600 4 2 19 31 2620 974 2616 1079
17601 4 2 19 31 1091 993 2660 1090
17602 4 2 19 31 1072 1071 2588 2657
17603 4 2 19 31 994 1091 2660 2656
17604 4 2 19 31 1472 975 2619 1474
17605 4 2 19 31 1475 974 2620 973
17606 4 2 19 31 2619 975 1083 1084
17607 4 2 19 31 1508 1510 1504 2622
17608 4 2 19 31 2575 2639 1059 2645
17609 4 2 19 31 2621 2594 1054 2591
17610 4 2 19 31 2576 1047 2572 2636
17611 4 2 19 31 1102 2659 984 1101
17612 4 2 19 31 2653 2651 1495 996
17613 4 2 19 31 992 2632 178 1095
17614 4 2 19 31 999 1097 178 2632
17615 4 2 19 31 2602 2649 2610 1074
17616 4 2 19 31 2634 1708 1716 1006
17617 4 2 19 31 2599 1063 2608 2648
17618 4 2 19 31 1714 1705 2633 983
17619 4 2 19 31 2611 979 2613 1472
17620 4 2 19 31 2655 1097 999 1000
17621 4 2 19 31 984 2659 1497 1495
17622 4 2 19 31 2660 993 179 1090
17623 4 2 19 31 2620 1078 173 973
17624 4 2 19 31 173 977 2614 1479
17625 4 2 19 31 2642 992 178 1095
17626 4 2 19 31 2638 2572 2571 2574
17627 4 2 19 31 2652 2588 2657 2658
17628 4 2 19 31 1071 1072 2647 1104
17629 4 2 19 31 1068 1067 1099 2647
17630 4 2 19 31 1046 2645 2641 2636
17631 4 2 19 31 2626 2630 1055 2621
17632 4 2 19 31 1506 2622 1504 1509
17633 4 2 19 31 2652 2580 2588 2658
17634 4 2 19 31 1482 1487 2637 1483
17635 4 2 19 31 2614 1078 173 2620
17636 4 2 19 31 2654 2660 179 1090
17637 4 2 19 31 182 986 1013 2641
17638 4 2 19 31 1024 1005 181 2626
17639 4 2 19 31 1063 1086 194 2648
17640 4 2 19 31 1074 2649 196 1088
17641 4 2 19 31 2617 1059 1082 1060
17642 4 2 19 31 1064 1100 1065 2657
17643 4 2 19 31 1040 1056 1055 2626
17644 4 2 19 31 1046 1045 1029 2641
17645 4 2 19 31 1029 1014 1030 2641
17646 4 2 19 31 2572 2636 2644 2638
17647 4 2 19 31 2591 2621 2623 2629
17648 4 2 19 31 2617 2618 2570 2612
17649 4 2 19 31 1103 1073 196 2658
17650 4 2 19 31 1085 2618 193 1061
17651 4 2 19 31 1053 2625 2621 2629
17652 4 2 19 31 2636 2640 1048 2644
17653 4 2 19 31 2614 2611 2620 1473
17654 4 2 19 31 2616 1475 2611 1471
17655 4 2 19 31 1494 993 2660 1496
17656 4 2 19 31 2571 2639 2575 2573
17657 4 2 19 31 2651 2660 1494 2654
17658 4 2 19 31 2615 1474 982 1477
17659 4 2 19 31 1070 2629 192 2595
17660 4 2 19 31 1065 2578 191 2644
17661 4 2 19 31 2574 1067 2638 1068
17662 4 2 19 31 1075 1074 2623 1088
17663 4 2 19 31 1097 999 1000 2632
17664 4 2 19 31 991 2632 992 1095
17665 4 2 19 31 975 1083 175 2619
17666 4 2 19 31 984 2659 177 1101
17667 4 2 19 31 1002 184 2625 1021
17668 4 2 19 31 1039 1023 1040 2626
17669 4 2 19 31 2613 175 1083 2619
17670 4 2 19 31 2653 177 2659 1101
17671 4 2 19 31 2590 2589 2624 2592
17672 4 2 19 31 2656 1496 1493 2651
17673 4 2 19 31 977 1009 181 2614
17674 4 2 19 31 973 2620 1475 1473
17675 4 2 19 31 2625 2622 2627 1506
17676 4 2 19 31 998 2654 184 1020
17677 4 2 19 31 989 2640 183 1016
17678 4 2 19 31 2637 2640 2642 1483
17679 4 2 19 31 2622 1508 2627 1506
17680 4 2 19 31 2625 1038 1022 1037
17681 4 2 19 31 2624 1057 2630 2592
17682 4 2 19 31 2640 1048 1032 1047
17683 4 2 19 31 2625 1054 1037 1053
17684 4 2 19 31 2655 1097 178 999
17685 4 2 19 31 2611 1475 2616 2620
17686 4 2 19 31 2624 1087 193 1076
17687 4 2 19 31 2639 1066 194 1098
17688 4 2 19 31 2629 1070 1089 1069
17689 4 2 19 31 2571 2573 2576 2636
17690 4 2 19 31 2621 2589 2590 2594
17691 4 2 19 31 1496 2656 2660 2651
17692 4 2 19 31 982 983 2615 1081
17693 4 2 19 31 2642 1485 2637 1483
17694 4 2 19 31 1015 2640 1032 1031
17695 4 2 19 31 980 182 1012 2613
17696 4 2 19 31 2631 1704 1710 1706
17697 4 2 19 31 2598 2604 2600 2646
17698 4 2 19 31 2600 2598 2646 2603
17699 4 2 19 31 1704 2631 1709 1706
17700 4 2 19 31 1093 1006 180 2627
17701 4 2 19 31 995 183 2653 1017
17702 4 2 19 31 2564 2567 2562 2612
17703 4 2 19 31 2585 2580 2652 2581
17704 4 2 19 31 1024 1040 1023 2626
17705 4 2 19 31 1013 1014 1029 2641
17706 4 2 19 31 2626 1505 2622 1509
17707 4 2 19 31 2641 1484 1487 2637
17708 4 2 19 31 2647 2603 1072 1071
17709 4 2 19 31 2647 1068 1067 2604
17710 4 2 19 31 1068 1099 195 2647
17711 4 2 19 31 1071 2647 195 1104
17712 4 2 19 31 2584 1064 1065 2657
17713 4 2 19 31 1058 1077 1057 2630
17714 4 2 19 31 1072 1071 2657 1104
17715 4 2 19 31 1059 2645 1082 1060
17716 4 2 19 31 2583 2658 2580 2581
17717 4 2 19 31 2657 1071 195 1104
17718 4 2 19 31 2651 1495 2659 2653
17719 4 2 19 31 2613 2611 1472 2619
17720 4 2 19 31 974 2616 1475 2620
17721 4 2 19 31 2658 2652 2580 2581
17722 4 2 19 31 182 175 986 2641
17723 4 2 19 31 173 181 1005 2626
17724 4 2 19 31 1032 1016 2640 1015
17725 4 2 19 31 1037 1022 2625 1021
17726 4 2 19 31 2637 1487 2640 1483
17727 4 2 19 31 982 983 1474 2615
17728 4 2 19 31 1506 2625 2622 1509
17729 4 2 19 31 2660 994 2656 1496
17730 4 2 19 31 2627 1007 1006 1510
17731 4 2 19 31 977 181 173 2614
17732 4 2 19 31 184 179 2654 998
17733 4 2 19 31 2565 2570 2617 1062
17734 4 2 19 31 1065 2574 2638 1064
17735 4 2 19 31 1060 2565 2617 1059
17736 4 2 19 31 1000 999 1709 2632
17737 4 2 19 31 2632 1710 991 992
17738 4 2 19 31 991 992 2642 1095
17739 4 2 19 31 2659 2655 1497 2651
17740 4 2 19 31 2654 2660 1494 998
17741 4 2 19 31 2653 1495 2659 995
17742 4 2 19 31 2615 983 176 1081
17743 4 2 19 31 185 181 1009 2614
17744 4 2 19 31 188 184 2654 1020
17745 4 2 19 31 179 184 2625 1002
17746 4 2 19 31 980 2613 1472 2619
17747 4 2 19 31 1483 1487 2640 988
17748 4 2 19 31 2641 175 986 1490
17749 4 2 19 31 1066 2648 1098 1067
17750 4 2 19 31 1103 1073 1072 2649
17751 4 2 19 31 1065 2582 2584 2657
17752 4 2 19 31 173 1005 1511 2626
17753 4 2 19 31 185 1009 1025 2614
17754 4 2 19 31 1036 188 2654 1020
17755 4 2 19 31 1505 2626 1004 1509
17756 4 2 19 31 2575 2579 2639 2571
17757 4 2 19 31 2582 2580 2652 2585
17758 4 2 19 31 2567 2563 2562 2612
17759 4 2 19 31 183 177 2640 989
17760 4 2 19 31 980 175 182 2613
17761 4 2 19 31 2565 2617 2570 2562
17762 4 2 19 31 2656 994 1502 1496
17763 4 2 19 31 1475 2616 974 1481
17764 4 2 19 31 2582 2652 2653 1050
17765 4 2 19 31 2612 1043 2563 2613
17766 4 2 19 31 1012 182 186 2613
17767 4 2 19 31 1509 1506 2625 1003
17768 4 2 19 31 177 183 2653 995
17769 4 2 19 31 987 1484 1487 2641
17770 4 2 19 31 2638 1099 195 1068
17771 4 2 19 31 187 2653 1017 1033
17772 4 2 19 31 1012 186 1028 2613
17773 4 2 19 31 2643 1492 976 1486
17774 4 2 19 31 1507 1513 974 2628
17775 4 2 19 31 1512 179 2625 1002
17776 4 2 19 31 2640 177 1489 989
17777 4 2 19 31 183 187 2653 1017
17778 4 2 19 31 2630 2590 2624 2592
17779 4 2 19 31 2594 2621 2589 2591
17780 4 2 19 31 2576 2572 2571 2636
17781 4 2 19 31 1063 2617 1086 1062
17782 4 2 19 31 2617 1086 194 1063
17783 4 2 19 31 1494 1498 1493 2651
17784 4 2 19 31 990 991 1094 2633
17785 4 2 19 31 1001 2634 1096 1000
17786 4 2 19 31 1476 1471 2611 1473
17787 4 2 19 31 2650 2601 2605 2646
17788 4 2 19 31 2601 2650 2606 2646
17789 4 2 19 31 2635 1707 1712 2631
17790 4 2 19 31 1707 2635 1711 2631
17791 4 2 19 31 2565 1060 2617 2563
17792 4 2 19 31 1061 1085 2618 1062
17793 4 2 19 31 1103 1072 1073 2658
17794 4 2 19 31 2645 2575 2639 2573
17795 4 2 19 31 2566 193 1057 2618
17796 4 2 19 31 1706 1710 2631 2632
17797 4 2 19 31 2647 2600 2604 2646
17798 4 2 19 31 1706 2631 1709 2632
17799 4 2 19 31 2647 2600 2646 2603
17800 4 2 19 31 1007 1006 1093 2627
17801 4 2 19 31 1062 1061 2650 2606
17802 4 2 19 31 2605 1075 1076 2650
17803 4 2 19 31 1098 2639 1066 1067
17804 4 2 19 31 1076 2624 1087 1075
17805 4 2 19 31 2574 1065 2638 2572
17806 4 2 19 31 2632 1706 1710 992
17807 4 2 19 31 1068 2647 2600 2604
17808 4 2 19 31 2603 2647 2600 1071
17809 4 2 19 31 1706 1709 999 2632
17810 4 2 19 31 976 2619 1474 2615
17811 4 2 19 31 2649 2603 2646 2602
17812 4 2 19 31 2631 1705 2633 1710
17813 4 2 19 31 1708 2634 1709 2631
17814 4 2 19 31 2599 2648 2604 2646
17815 4 2 19 31 1084 2619 975 976
17816 4 2 19 31 985 1102 2659 984
17817 4 2 19 31 2655 1497 985 2659
17818 4 2 19 31 2639 194 2575 1059
17819 4 2 19 31 974 2620 973 1079
17820 4 2 19 31 2660 993 1091 994
17821 4 2 19 31 1094 2643 991 990
17822 4 2 19 31 1008 1092 2628 1007
17823 4 2 19 31 2623 1074 196 1088
17824 4 2 19 31 2584 2582 2580 2657
17825 4 2 19 31 2592 2589 2624 2597
17826 4 2 19 31 1089 2623 2629 1069
17827 4 2 19 31 2584 195 1064 2657
17828 4 2 19 31 1485 1488 991 2642
17829 4 2 19 31 1712 982 981 2635
17830 4 2 19 31 1007 1008 2635 1711
17831 4 2 19 31 2616 981 982 1080
17832 4 2 19 31 1096 2656 1001 1000
17833 4 2 19 31 2644 1065 2572 2638
17834 4 2 19 31 976 1084 2619 2615
17835 4 2 19 31 2562 2563 2617 2612
17836 4 2 19 31 2652 2580 2582 2657
17837 4 2 19 31 196 2658 2583 1069
17838 4 2 19 31 2611 1472 1471 1476
17839 4 2 19 31 2655 985 1102 2659
17840 4 2 19 31 1063 2565 2617 1062
17841 4 2 19 31 1510 2628 1507 2622
17842 4 2 19 31 2617 2565 2563 2562
17843 4 2 19 31 975 1478 1472 2619
17844 4 2 19 31 2658 2580 2588 2583
17845 4 2 19 31 1043 1044 2563 2613
17846 4 2 19 31 1049 2582 2653 1050
17847 4 2 19 31 2642 1485 1488 2637
17848 4 2 19 31 2659 984 1501 1495
17849 4 2 19 31 193 1057 2624 2592
17850 4 2 19 31 1498 1495 1493 2651
17851 4 2 19 31 194 2617 2565 1059
17852 4 2 19 31 1052 1051 2654 2581
17853 4 2 19 31 2564 1041 1042 2614
17854 4 2 19 31 2594 1055 2621 1054
17855 4 2 19 31 1046 1047 2576 2636
17856 4 2 19 31 2653 2582 1049 2586
17857 4 2 19 31 2563 1044 2569 2613
17858 4 2 19 31 1025 1041 185 2614
17859 4 2 19 31 1036 2654 188 1052
17860 4 2 19 31 1500 1494 993 2660
17861 4 2 19 31 1706 999 1715 2632
17862 4 2 19 31 2609 2600 2647 1071
17863 4 2 19 31 1715 1706 2632 992
17864 4 2 19 31 2600 2647 1068 2609
17865 4 2 19 31 1485 991 992 2642
17866 4 2 19 31 2588 2584 2580 2657
17867 4 2 19 31 2653 187 1049 1033
17868 4 2 19 31 1028 186 1044 2613
17869 4 2 19 31 2620 973 1479 1473
17870 4 2 19 31 1041 2564 2568 2614
17871 4 2 19 31 2654 1052 2581 2587
17872 4 2 19 31 196 2593 2623 1069
17873 4 2 19 31 1075 2592 2624 2597
17874 4 2 19 31 2643 1488 1486 2637
17875 4 2 19 31 2601 2605 1076 2650
17876 4 2 19 31 2635 1008 1707 1711
17877 4 2 19 31 2601 2650 1061 2606
17878 4 2 19 31 1707 1712 981 2635
17879 4 2 19 31 1041 2568 189 2614
17880 4 2 19 31 1052 2654 192 2587
17881 4 2 19 31 2572 2578 1065 2644
17882 4 2 19 31 2591 2629 1070 2595
17883 4 2 19 31 1044 190 2569 2613
17884 4 2 19 31 1049 191 2653 2586
17885 4 2 19 31 2580 2652 2588 2657
17886 4 2 19 31 195 1064 2638 2574
17887 4 2 19 31 2588 1072 2658 2583
17888 4 2 19 31 2618 2566 193 1061
17889 4 2 19 31 2584 1071 195 2657
17890 4 2 19 31 1024 1023 1004 2626
17891 4 2 19 31 1013 987 1014 2641
17892 4 2 19 31 189 185 1041 2614
17893 4 2 19 31 192 188 2654 1052
17894 4 2 19 31 1025 1010 1026 2614
17895 4 2 19 31 2653 187 191 1049
17896 4 2 19 31 1044 186 190 2613
17897 4 2 19 31 2658 1073 196 2583
17898 4 2 19 31 997 1019 2654 1020
17899 4 2 19 31 2575 1066 194 2639
17900 4 2 19 31 1010 1009 978 2614
17901 4 2 19 31 1015 1016 2640 988
17902 4 2 19 31 1018 1033 2653 1034
17903 4 2 19 31 1022 1003 2625 1021
17904 4 2 19 31 1019 1035 2654 1036
17905 4 2 19 31 2565 2617 194 1063
17906 4 2 19 31 2592 2624 193 1076
17907 4 2 19 31 1497 1499 2655 999
17908 4 2 19 31 1011 979 1012 2613
17909 4 2 19 31 2630 1058 2596 2590
17910 4 2 19 31 2577 1060 2645 2573
17911 4 2 19 31 1707 981 1713 2635
17912 4 2 19 31 2601 2650 2607 1061
17913 4 2 19 31 1076 2601 2650 2607
17914 4 2 19 31 1707 1713 1008 2635
17915 4 2 19 31 998 997 2654 1020
17916 4 2 19 31 1009 977 978 2614
17917 4 2 19 31 1027 1011 1028 2613
17918 4 2 19 31 996 1017 2653 1018
17919 4 2 19 31 1496 2656 1499 1000
17920 4 2 19 31 1510 1508 2627 2622
17921 4 2 19 31 1067 1066 2648 2604
17922 4 2 19 31 2603 1072 1073 2649
17923 4 2 19 31 1007 2628 1507 1510
17924 4 2 19 31 1005 1024 1004 2626
17925 4 2 19 31 1013 986 987 2641
17926 4 2 19 31 1036 2654 1019 1020
17927 4 2 19 31 1010 1025 1009 2614
17928 4 2 19 31 1709 2634 1708 1001
17929 4 2 19 31 2649 1073 2603 2602
17930 4 2 19 31 2599 2648 1066 2604
17931 4 2 19 31 990 2633 1705 1710
17932 4 2 19 31 2618 2570 1061 1062
17933 4 2 19 31 980 1012 979 2613
17934 4 2 19 31 1017 2653 995 996
17935 4 2 19 31 2593 1074 196 2623
17936 4 2 19 31 1012 1028 1011 2613
17937 4 2 19 31 1033 2653 1017 1018
17938 4 2 19 31 2639 2579 1066 1067
17939 4 2 19 31 1016 989 2640 988
17940 4 2 19 31 1002 2625 1003 1021
17941 4 2 19 31 2633 990 991 1710
17942 4 2 19 31 1709 2634 1001 1000
17943 4 2 19 31 2574 2638 195 1068
17944 4 2 19 31 1488 991 2643 990
17945 4 2 19 31 982 1477 981 2616
17946 4 2 19 31 2656 1496 1001 1000
17947 4 2 19 31 1485 2642 1491 985
17948 4 2 19 31 1008 2628 1507 1007
17949 4 2 19 31 1514 2627 1508 994
17950 4 2 19 31 1705 2633 990 1714
17951 4 2 19 31 2608 2599 2648 1066
17952 4 2 19 31 1716 1708 2634 1001
17953 4 2 19 31 2649 2610 1073 2602
17954 4 2 19 31 1076 2592 2624 1075
17955 4 2 19 31 2658 1072 1073 2583
17956 4 2 19 31 1474 1480 976 2615
17957 4 2 19 31 2655 1497 1503 985
17958 4 2 19 31 987 986 1484 2641
17959 4 2 19 31 1506 2625 1003 1002
17960 4 2 19 31 1004 1005 2626 1505
17961 4 2 19 31 1508 2627 1006 1510
17962 4 2 19 31 989 1483 2640 988
17963 4 2 19 31 2597 1074 2593 2623
17964 4 2 19 31 2655 1497 999 1503
17965 4 2 19 31 1474 983 1480 2615
17966 4 2 19 31 1026 1042 1025 2614
17967 4 2 19 31 1050 2653 1033 1034
17968 4 2 19 31 2654 1035 1051 1036
17969 4 2 19 31 1028 1043 1027 2613
17970 4 2 19 31 1475 981 1477 2616
17971 4 2 19 31 1486 1488 2643 990
17972 4 2 19 31 1006 2627 1508 1514
17973 4 2 19 31 992 1485 2642 1491
17974 4 2 19 31 1071 2584 2588 2657
17975 4 2 19 31 2625 1506 1512 1002
17976 4 2 19 31 986 1484 2641 1490
17977 4 2 19 31 1483 2640 1489 989
17978 4 2 19 31 2626 1005 1511 1505
17979 4 2 19 31 1041 1025 1042 2614
17980 4 2 19 31 1036 1051 2654 1052
17981 4 2 19 31 1033 1049 2653 1050
17982 4 2 19 31 1028 1044 1043 2613
17983 4 2 19 31 2643 1492 1486 990
17984 4 2 19 31 2616 1475 981 1481
17985 4 2 19 31 2628 1507 1513 1008
17986 4 2 19 31 1502 2656 1496 1001
17987 4 2 19 31 2570 2566 2618 1061
17988 4 2 19 31 1066 2575 2579 2639
17989 4 2 19 31 996 2653 1019 1018
17990 4 2 19 31 2614 978 2613 2611
17991 4 2 19 31 2614 2613 978 1010
17992 4 2 19 31 1011 978 2613 1010
17993 4 2 19 31 2654 997 2653 1019
17994 4 2 19 31 2654 2653 997 2651
17995 4 2 19 31 996 2653 997 1019
17996 4 2 19 31 996 997 2653 2651
17997 4 2 19 31 979 978 2613 1011
17998 4 2 19 31 979 2613 978 2611
17999 4 2 19 31 1003 1023 2625 1004
18000 4 2 19 31 2626 2625 1023 1004
18001 4 2 19 31 2626 1023 2625 2621
18002 4 2 19 31 987 1015 2640 988
18003 4 2 19 31 2641 1014 2640 987
18004 4 2 19 31 2641 2640 1014 2636
18005 4 2 19 31 1015 2640 1014 987
18006 4 2 19 31 1015 1014 2640 2636
18007 4 2 19 31 2625 1022 1023 1003
18008 4 2 19 31 1023 1022 2625 2621
18009 4 2 19 31 1056 185 2626 1040
18010 4 2 19 31 2641 186 1045 1029
18011 4 2 19 31 1048 187 2640 1032
18012 4 2 19 31 1048 2640 187 2644
18013 4 2 19 31 188 1053 2625 1037
18014 4 2 19 31 188 2625 1053 2629
18015 4 2 19 31 189 1056 2626 2630
18016 4 2 19 31 2626 1056 189 185
18017 4 2 19 31 2626 1078 189 2630
18018 4 2 19 31 189 1078 2626 185
18019 4 2 19 31 190 1045 2641 186
18020 4 2 19 31 2641 1045 190 2645
18021 4 2 19 31 2641 1083 190 186
18022 4 2 19 31 190 1083 2641 2645
18023 4 2 19 31 2621 2591 2593 2589
18024 4 2 19 31 2593 2591 2621 2623
18025 4 2 19 31 2593 2597 2621 2589
18026 4 2 19 31 2621 2597 2593 2623
18027 4 2 19 31 1472 1471 2619 2611
18028 4 2 19 31 1472 2619 1471 1474
18029 4 2 19 31 2615 2619 1471 2611
18030 4 2 19 31 2615 1471 2619 1474
18031 4 2 19 31 980 2619 175 2613
18032 4 2 19 31 175 2619 980 1478
18033 4 2 19 31 995 2659 177 1501
18034 4 2 19 31 995 177 2659 2653
18035 4 2 19 31 2660 998 179 1500
18036 4 2 19 31 179 998 2660 2654
18037 4 2 19 31 2614 1479 1473 2620
18038 4 2 19 31 1473 1479 2614 977
18039 4 2 19 31 1497 2651 1499 1493
18040 4 2 19 31 1499 2651 1497 2655
18041 4 2 19 31 1051 2652 2581 2585
18042 4 2 19 31 1051 2581 2652 2654
18043 4 2 19 31 2612 1042 2564 2567
18044 4 2 19 31 2612 2564 1042 2614
18045 4 2 19 31 2638 1065 1100 2644
18046 4 2 19 31 2638 1100 1065 1064
18047 4 2 19 31 2629 1069 2593 1070
18048 4 2 19 31 2593 1069 2629 2623
18049 4 2 19 31 2593 2591 2629 1070
18050 4 2 19 31 2629 2591 2593 2623
18051 4 2 19 31 2612 2564 2566 2562
18052 4 2 19 31 2566 2564 2612 2618
18053 4 2 19 31 2566 2570 2612 2562
18054 4 2 19 31 2612 2570 2566 2618
$EndElements
