$MeshFormat
2.2 0 8
$EndMeshFormat
$PhysicalNames
24
2 2 "Metal1_1_xy"
2 3 "Metal1_1_z"
2 4 "TopMetal1_1_xy"
2 5 "TopMetal1_1_z"
2 6 "TopMetal1_2_xy"
2 7 "TopMetal1_2_z"
2 8 "TopMetal1_3_xy"
2 9 "TopMetal1_3_z"
2 10 "TopMetal2_1_xy"
2 11 "TopMetal2_1_z"
2 12 "TopMetal2_2_xy"
2 13 "TopMetal2_2_z"
2 20 "P1"
2 21 "P2"
2 22 "Absorbing_boundary"
2 23 "PEC_boundary"
2 24 "PMC_boundary"
3 1 "TopVia2"
3 14 "AIR"
3 15 "Passive"
3 16 "SiO2"
3 17 "EPI"
3 18 "Substrate"
3 19 "airbox"
$EndPhysicalNames
$Nodes
3869
1 -4.5 -30.38 190.1803
2 -1.5 -30.38 190.1803
3 -4.5 -30.38 192.1803
4 -4.5 -69.38 192.1803
5 -1.5 -69.38 192.1803
6 -1.5 -30.38 192.1803
7 1.5 -30.38 190.1803
8 4.5 -30.38 190.1803
9 1.5 -30.38 192.1803
10 1.5 -69.38 192.1803
11 4.5 -69.38 192.1803
12 4.5 -30.38 192.1803
13 -7.86 39.38 190.1803
14 -7.86 36.38 190.1803
15 -3.621 36.38 190.1803
16 2.379 30.38 190.1803
17 7.86 30.38 190.1803
18 7.86 33.38 190.1803
19 3.621 33.38 190.1803
20 -2.379 39.38 190.1803
21 -7.86 39.38 192.1803
22 -7.86 36.38 192.1803
23 -3.621 36.38 192.1803
24 2.379 30.38 192.1803
25 7.86 30.38 192.1803
26 7.86 33.38 192.1803
27 3.621 33.38 192.1803
28 -2.379 39.38 192.1803
29 -5.92 38.33 192.1803
30 -6.82 38.33 192.1803
31 -6.82 37.43 192.1803
32 -5.92 37.43 192.1803
33 -5.92 38.33 194.9803
34 -6.82 38.33 194.9803
35 -6.82 37.43 194.9803
36 -5.92 37.43 194.9803
37 6.82 32.33 192.1803
38 5.92 32.33 192.1803
39 5.92 31.43 192.1803
40 6.82 31.43 192.1803
41 6.82 32.33 194.9803
42 5.92 32.33 194.9803
43 5.92 31.43 194.9803
44 6.82 31.43 194.9803
45 3.45 -31.43 192.1803
46 2.55 -31.43 192.1803
47 2.55 -32.33 192.1803
48 3.45 -32.33 192.1803
49 3.45 -31.43 194.9803
50 2.55 -31.43 194.9803
51 2.55 -32.33 194.9803
52 3.45 -32.33 194.9803
53 -2.55 -31.43 192.1803
54 -3.45 -31.43 192.1803
55 -3.45 -32.33 192.1803
56 -2.55 -32.33 192.1803
57 -2.55 -31.43 194.9803
58 -3.45 -31.43 194.9803
59 -3.45 -32.33 194.9803
60 -2.55 -32.33 194.9803
61 78.76000000000001 -78.76000000000001 184.79
62 78.76000000000001 78.76000000000001 184.79
63 78.76000000000001 78.76000000000001 185.21
64 78.76000000000001 -78.76000000000001 185.21
65 -78.76000000000001 78.76000000000001 184.79
66 -78.76000000000001 -78.76000000000001 184.79
67 -6 -78.76000000000001 184.79
68 -6 -67.38 184.79
69 6 -67.38 184.79
70 6 -78.76000000000001 184.79
71 93.76000000000001 93.76000000000001 184.79
72 93.76000000000001 -93.76000000000001 184.79
73 -93.76000000000001 -93.76000000000001 184.79
74 -93.76000000000001 93.76000000000001 184.79
75 -78.76000000000001 78.76000000000001 185.21
76 -78.76000000000001 -78.76000000000001 185.21
77 -6 -78.76000000000001 185.21
78 -6 -67.38 185.21
79 6 -67.38 185.21
80 6 -78.76000000000001 185.21
81 93.76000000000001 93.76000000000001 185.21
82 -93.76000000000001 93.76000000000001 185.21
83 93.76000000000001 -93.76000000000001 185.21
84 -93.76000000000001 -93.76000000000001 185.21
85 -4.86 36.38 194.9803
86 -4.86 36.38 197.9803
87 -4.86 39.38 194.9803
88 -4.86 39.38 197.9803
89 -15.069 36.38 194.9803
90 -15.069 36.38 197.9803
91 -16.311 39.38 194.9803
92 -16.311 39.38 197.9803
93 -39.38 16.311 194.9803
94 -39.38 -16.311 194.9803
95 -16.311 -39.38 194.9803
96 16.311 -39.38 194.9803
97 39.38 -16.311 194.9803
98 39.38 16.311 194.9803
99 16.311 39.38 194.9803
100 2.379 39.38 194.9803
101 -3.621 33.38 194.9803
102 -13.831 33.38 194.9803
103 -33.38 13.831 194.9803
104 -33.38 -13.831 194.9803
105 -13.831 -33.38 194.9803
106 -1.5 -33.38 194.9803
107 -1.5 -30.38 194.9803
108 -12.589 -30.38 194.9803
109 -30.38 -12.589 194.9803
110 -30.38 12.589 194.9803
111 -12.589 30.38 194.9803
112 -2.379 30.38 194.9803
113 3.621 36.38 194.9803
114 15.069 36.38 194.9803
115 36.38 15.069 194.9803
116 36.38 -15.069 194.9803
117 15.069 -36.38 194.9803
118 -15.069 -36.38 194.9803
119 -36.38 -15.069 194.9803
120 -36.38 15.069 194.9803
121 -39.38 16.311 197.9803
122 -39.38 -16.311 197.9803
123 -16.311 -39.38 197.9803
124 16.311 -39.38 197.9803
125 39.38 -16.311 197.9803
126 39.38 16.311 197.9803
127 16.311 39.38 197.9803
128 2.379 39.38 197.9803
129 -3.621 33.38 197.9803
130 -13.831 33.38 197.9803
131 -33.38 13.831 197.9803
132 -33.38 -13.831 197.9803
133 -13.831 -33.38 197.9803
134 -1.5 -33.38 197.9803
135 -1.5 -30.38 197.9803
136 -12.589 -30.38 197.9803
137 -30.38 -12.589 197.9803
138 -30.38 12.589 197.9803
139 -12.589 30.38 197.9803
140 -2.379 30.38 197.9803
141 3.621 36.38 197.9803
142 15.069 36.38 197.9803
143 36.38 15.069 197.9803
144 36.38 -15.069 197.9803
145 15.069 -36.38 197.9803
146 -15.069 -36.38 197.9803
147 -36.38 -15.069 197.9803
148 -36.38 15.069 197.9803
149 1.5 -30.38 194.9803
150 1.5 -30.38 197.9803
151 1.5 -33.38 194.9803
152 1.5 -33.38 197.9803
153 12.589 -30.38 194.9803
154 12.589 -30.38 197.9803
155 13.831 -33.38 194.9803
156 13.831 -33.38 197.9803
157 33.38 -13.831 194.9803
158 33.38 13.831 194.9803
159 13.831 33.38 194.9803
160 4.86 33.38 194.9803
161 4.86 30.38 194.9803
162 12.589 30.38 194.9803
163 30.38 12.589 194.9803
164 30.38 -12.589 194.9803
165 33.38 -13.831 197.9803
166 33.38 13.831 197.9803
167 13.831 33.38 197.9803
168 4.86 33.38 197.9803
169 4.86 30.38 197.9803
170 12.589 30.38 197.9803
171 30.38 12.589 197.9803
172 30.38 -12.589 197.9803
173 -143.76 -143.76 199.8803
174 -143.76 -143.76 399.8803
175 -143.76 143.76 199.8803
176 -143.76 143.76 399.8803
177 143.76 143.76 199.8803
178 143.76 143.76 399.8803
179 143.76 -143.76 199.8803
180 143.76 -143.76 399.8803
181 -143.76 -143.76 199.4803
182 -143.76 143.76 199.4803
183 143.76 143.76 199.4803
184 143.76 -143.76 199.4803
185 -143.76 -143.76 183.75
186 -143.76 143.76 183.75
187 143.76 143.76 183.75
188 143.76 -143.76 183.75
189 -143.76 -143.76 180
190 -143.76 143.76 180
191 143.76 143.76 180
192 143.76 -143.76 180
193 -143.76 -143.76 0
194 -143.76 143.76 0
195 143.76 143.76 0
196 143.76 -143.76 0
197 -193.76 -193.76 449.8803
198 -193.76 -193.76 -50
199 -193.76 193.76 449.8803
200 -193.76 193.76 -50
201 193.76 -193.76 -50
202 193.76 -193.76 449.8803
203 193.76 193.76 449.8803
204 193.76 193.76 -50
205 -4.5 -69.38 190.1803
206 -1.5 -69.38 190.1803
207 1.5 -69.38 190.1803
208 4.5 -69.38 190.1803
209 4.5 -69.38 185.21
210 1.5 -69.38 185.21
211 -1.5 -69.38 185.21
212 -4.5 -69.38 185.21
213 -4.5 -35.25518992426654 192.1803
214 -4.5 -40.13016635738546 192.1803
215 -4.5 -45.00510466982733 192.1803
216 -4.5 -49.87999999785553 192.1803
217 -4.5 -54.75489533017272 192.1803
218 -4.5 -59.62983364261461 192.1803
219 -4.5 -64.5048100757335 192.1803
220 -1.5 -64.50481007573346 192.1803
221 -1.5 -59.62983364261454 192.1803
222 -1.5 -54.75489533017267 192.1803
223 -1.5 -49.88000000214446 192.1803
224 -1.5 -45.00510466982728 192.1803
225 -1.5 -40.13016635738539 192.1803
226 -1.5 -35.2551899242665 192.1803
227 1.5 -35.25518992426654 192.1803
228 1.5 -40.13016635738546 192.1803
229 1.5 -45.00510466982733 192.1803
230 1.5 -49.87999999785553 192.1803
231 1.5 -54.75489533017272 192.1803
232 1.5 -59.62983364261461 192.1803
233 1.5 -64.5048100757335 192.1803
234 4.5 -64.50481007573346 192.1803
235 4.5 -59.62983364261454 192.1803
236 4.5 -54.75489533017267 192.1803
237 4.5 -49.88000000214446 192.1803
238 4.5 -45.00510466982728 192.1803
239 4.5 -40.13016635738539 192.1803
240 4.5 -35.2551899242665 192.1803
241 -0.6210000006858047 33.3800000006858 190.1803
242 5.119499999999992 30.38 190.1803
243 0.6210000006857994 36.3799999993142 190.1803
244 -5.119499999999992 39.38 190.1803
245 -0.6210000006858047 33.3800000006858 192.1803
246 5.119499999999992 30.38 192.1803
247 0.6210000006857994 36.3799999993142 192.1803
248 -5.119499999999992 39.38 192.1803
249 78.76000000000001 -73.83865792448637 184.79
250 78.76000000000001 -68.91544471819164 184.79
251 78.76000000000001 -63.99124522343601 184.79
252 78.76000000000001 -59.06889751418519 184.79
253 78.76000000000001 -54.14819854905425 184.79
254 78.76000000000001 -49.22614268481742 184.79
255 78.76000000000001 -44.30209669735069 184.79
256 78.76000000000001 -39.37860312949192 184.79
257 78.76000000000001 -34.45712217966035 184.79
258 78.76000000000001 -29.53618029644728 184.79
259 78.76000000000001 -24.61326097873662 184.79
260 78.76000000000001 -19.68897142098218 184.79
261 78.76000000000001 -14.76634677854094 184.79
262 78.76000000000001 -9.845556081051669 184.79
263 78.76000000000001 -4.923793766936981 184.79
264 78.76000000000001 -1.56319401867222e-13 184.79
265 78.76000000000001 4.923793766936939 184.79
266 78.76000000000001 9.845556081051654 184.79
267 78.76000000000001 14.76634677854084 184.79
268 78.76000000000001 19.68897142098216 184.79
269 78.76000000000001 24.61326097873662 184.79
270 78.76000000000001 29.5361802964478 184.79
271 78.76000000000001 34.45712217966091 184.79
272 78.76000000000001 39.37860312949236 184.79
273 78.76000000000001 44.30209669735099 184.79
274 78.76000000000001 49.2261426848177 184.79
275 78.76000000000001 54.1481985490547 184.79
276 78.76000000000001 59.06889751418545 184.79
277 78.76000000000001 63.99124522343639 184.79
278 78.76000000000001 68.91544471819189 184.79
279 78.76000000000001 73.83865792448638 184.79
280 78.76000000000001 -73.83865792448637 185.21
281 78.76000000000001 -68.91544471819164 185.21
282 78.76000000000001 -63.99124522343601 185.21
283 78.76000000000001 -59.06889751418519 185.21
284 78.76000000000001 -54.14819854905425 185.21
285 78.76000000000001 -49.22614268481742 185.21
286 78.76000000000001 -44.30209669735069 185.21
287 78.76000000000001 -39.37860312949192 185.21
288 78.76000000000001 -34.45712217966035 185.21
289 78.76000000000001 -29.53618029644728 185.21
290 78.76000000000001 -24.61326097873662 185.21
291 78.76000000000001 -19.68897142098218 185.21
292 78.76000000000001 -14.76634677854094 185.21
293 78.76000000000001 -9.845556081051669 185.21
294 78.76000000000001 -4.923793766936981 185.21
295 78.76000000000001 -1.56319401867222e-13 185.21
296 78.76000000000001 4.923793766936939 185.21
297 78.76000000000001 9.845556081051654 185.21
298 78.76000000000001 14.76634677854084 185.21
299 78.76000000000001 19.68897142098216 185.21
300 78.76000000000001 24.61326097873662 185.21
301 78.76000000000001 29.5361802964478 185.21
302 78.76000000000001 34.45712217966091 185.21
303 78.76000000000001 39.37860312949236 185.21
304 78.76000000000001 44.30209669735099 185.21
305 78.76000000000001 49.2261426848177 185.21
306 78.76000000000001 54.1481985490547 185.21
307 78.76000000000001 59.06889751418545 185.21
308 78.76000000000001 63.99124522343639 185.21
309 78.76000000000001 68.91544471819189 185.21
310 78.76000000000001 73.83865792448638 185.21
311 73.83865792448637 78.76000000000001 184.79
312 68.91544471819165 78.76000000000001 184.79
313 63.99124522343608 78.76000000000001 184.79
314 59.06889751418529 78.76000000000001 184.79
315 54.14819854905438 78.76000000000001 184.79
316 49.22614268481757 78.76000000000001 184.79
317 44.30209669735084 78.76000000000001 184.79
318 39.37860312949209 78.76000000000001 184.79
319 34.45712217966053 78.76000000000001 184.79
320 29.53618029644749 78.76000000000001 184.79
321 24.61326097873671 78.76000000000001 184.79
322 19.68897142098236 78.76000000000001 184.79
323 14.76634677854109 78.76000000000001 184.79
324 9.845556081051825 78.76000000000001 184.79
325 4.923793766937152 78.76000000000001 184.79
326 3.552713678800501e-13 78.76000000000001 184.79
327 -4.923793766936726 78.76000000000001 184.79
328 -9.845556081051427 78.76000000000001 184.79
329 -14.76634677854058 78.76000000000001 184.79
330 -19.68897142098189 78.76000000000001 184.79
331 -24.61326097873634 78.76000000000001 184.79
332 -29.5361802964475 78.76000000000001 184.79
333 -34.45712217966059 78.76000000000001 184.79
334 -39.37860312949259 78.76000000000001 184.79
335 -44.30209669735125 78.76000000000001 184.79
336 -49.2261426848178 78.76000000000001 184.79
337 -54.14819854905478 78.76000000000001 184.79
338 -59.06889751418554 78.76000000000001 184.79
339 -63.99124522343642 78.76000000000001 184.79
340 -68.91544471819192 78.76000000000001 184.79
341 -73.83865792448638 78.76000000000001 184.79
342 -78.76000000000001 73.83865792448637 184.79
343 -78.76000000000001 68.91544471819164 184.79
344 -78.76000000000001 63.99124522343601 184.79
345 -78.76000000000001 59.06889751418519 184.79
346 -78.76000000000001 54.14819854905425 184.79
347 -78.76000000000001 49.22614268481742 184.79
348 -78.76000000000001 44.30209669735069 184.79
349 -78.76000000000001 39.37860312949192 184.79
350 -78.76000000000001 34.45712217966035 184.79
351 -78.76000000000001 29.53618029644728 184.79
352 -78.76000000000001 24.61326097873662 184.79
353 -78.76000000000001 19.68897142098218 184.79
354 -78.76000000000001 14.76634677854094 184.79
355 -78.76000000000001 9.845556081051669 184.79
356 -78.76000000000001 4.923793766936981 184.79
357 -78.76000000000001 1.56319401867222e-13 184.79
358 -78.76000000000001 -4.923793766936939 184.79
359 -78.76000000000001 -9.845556081051654 184.79
360 -78.76000000000001 -14.76634677854084 184.79
361 -78.76000000000001 -19.68897142098216 184.79
362 -78.76000000000001 -24.61326097873662 184.79
363 -78.76000000000001 -29.5361802964478 184.79
364 -78.76000000000001 -34.45712217966091 184.79
365 -78.76000000000001 -39.37860312949236 184.79
366 -78.76000000000001 -44.30209669735099 184.79
367 -78.76000000000001 -49.2261426848177 184.79
368 -78.76000000000001 -54.1481985490547 184.79
369 -78.76000000000001 -59.06889751418545 184.79
370 -78.76000000000001 -63.99124522343639 184.79
371 -78.76000000000001 -68.91544471819189 184.79
372 -78.76000000000001 -73.83865792448638 184.79
373 -10.85044690608038 -78.76000000000001 184.79
374 -15.70145709783777 -78.76000000000001 184.79
375 -20.55231499015521 -78.76000000000001 184.79
376 -25.40256802822536 -78.76000000000001 184.79
377 -30.25310862048656 -78.76000000000001 184.79
378 -35.10419671609402 -78.76000000000001 184.79
379 -39.95489500381025 -78.76000000000001 184.79
380 -44.805104991558 -78.76000000000001 184.79
381 -49.65580328390585 -78.76000000000001 184.79
382 -54.50689137951333 -78.76000000000001 184.79
383 -59.35743197177452 -78.76000000000001 184.79
384 -64.20768500984472 -78.76000000000001 184.79
385 -69.05854290216227 -78.76000000000001 184.79
386 -73.90955309391965 -78.76000000000001 184.79
387 -6 -71.17333097358083 184.79
388 -6 -74.96666902506371 184.79
389 2.000002823460314 -67.38 184.79
390 -2.000002821953309 -67.38 184.79
391 6 -74.96666902641917 184.79
392 6 -71.17333097493629 184.79
393 73.90955309391961 -78.76000000000001 184.79
394 69.05854290216222 -78.76000000000001 184.79
395 64.20768500984477 -78.76000000000001 184.79
396 59.35743197177462 -78.76000000000001 184.79
397 54.50689137951345 -78.76000000000001 184.79
398 49.65580328390594 -78.76000000000001 184.79
399 44.80510499618978 -78.76000000000001 184.79
400 39.95489500844203 -78.76000000000001 184.79
401 35.10419671609429 -78.76000000000001 184.79
402 30.25310862048671 -78.76000000000001 184.79
403 25.40256802822541 -78.76000000000001 184.79
404 20.55231499015524 -78.76000000000001 184.79
405 15.70145709783777 -78.76000000000001 184.79
406 10.85044690608044 -78.76000000000001 184.79
407 93.76000000000001 88.6930989164549 184.79
408 93.76000000000001 83.62175799923745 184.79
409 93.76000000000001 78.55698745180018 184.79
410 93.76000000000001 73.4872197947535 184.79
411 93.76000000000001 68.41806626403766 184.79
412 93.76000000000001 63.35308436242202 184.79
413 93.76000000000001 58.28156371270955 184.79
414 93.76000000000001 53.21540690854184 184.79
415 93.76000000000001 48.14807809991692 184.79
416 93.76000000000001 43.07700708843215 184.79
417 93.76000000000001 38.01237053993912 184.79
418 93.76000000000001 32.94207739302771 184.79
419 93.76000000000001 27.87352618059447 184.79
420 93.76000000000001 22.80824348369428 184.79
421 93.76000000000001 17.73664252185183 184.79
422 93.76000000000001 12.67096362371333 184.79
423 93.76000000000001 7.603018381058888 184.79
424 93.76000000000001 2.532293565707903 184.79
425 93.76000000000001 -2.532293565711527 184.79
426 93.76000000000001 -7.603018381062583 184.79
427 93.76000000000001 -12.67096362371676 184.79
428 93.76000000000001 -17.73664252185515 184.79
429 93.76000000000001 -22.80824348369758 184.79
430 93.76000000000001 -27.87352618059765 184.79
431 93.76000000000001 -32.94207739303013 184.79
432 93.76000000000001 -38.01237053994161 184.79
433 93.76000000000001 -43.07700708843477 184.79
434 93.76000000000001 -48.14807809991974 184.79
435 93.76000000000001 -53.21540690854438 184.79
436 93.76000000000001 -58.28156371271213 184.79
437 93.76000000000001 -63.35308436242455 184.79
438 93.76000000000001 -68.41806626404012 184.79
439 93.76000000000001 -73.48721979475594 184.79
440 93.76000000000001 -78.55698745180199 184.79
441 93.76000000000001 -83.62175799923834 184.79
442 93.76000000000001 -88.69309891645518 184.79
443 88.6930989164549 -93.76000000000001 184.79
444 83.62175799923745 -93.76000000000001 184.79
445 78.55698745180018 -93.76000000000001 184.79
446 73.4872197947535 -93.76000000000001 184.79
447 68.41806626403766 -93.76000000000001 184.79
448 63.35308436242202 -93.76000000000001 184.79
449 58.28156371270955 -93.76000000000001 184.79
450 53.21540690854184 -93.76000000000001 184.79
451 48.14807809991692 -93.76000000000001 184.79
452 43.07700708843215 -93.76000000000001 184.79
453 38.01237053993912 -93.76000000000001 184.79
454 32.94207739302771 -93.76000000000001 184.79
455 27.87352618059447 -93.76000000000001 184.79
456 22.80824348369428 -93.76000000000001 184.79
457 17.73664252185183 -93.76000000000001 184.79
458 12.67096362371333 -93.76000000000001 184.79
459 7.603018381058888 -93.76000000000001 184.79
460 2.532293565707903 -93.76000000000001 184.79
461 -2.532293565711527 -93.76000000000001 184.79
462 -7.603018381062583 -93.76000000000001 184.79
463 -12.67096362371676 -93.76000000000001 184.79
464 -17.73664252185515 -93.76000000000001 184.79
465 -22.80824348369758 -93.76000000000001 184.79
466 -27.87352618059765 -93.76000000000001 184.79
467 -32.94207739303013 -93.76000000000001 184.79
468 -38.01237053994161 -93.76000000000001 184.79
469 -43.07700708843477 -93.76000000000001 184.79
470 -48.14807809991974 -93.76000000000001 184.79
471 -53.21540690854438 -93.76000000000001 184.79
472 -58.28156371271213 -93.76000000000001 184.79
473 -63.35308436242455 -93.76000000000001 184.79
474 -68.41806626404012 -93.76000000000001 184.79
475 -73.48721979475594 -93.76000000000001 184.79
476 -78.55698745180199 -93.76000000000001 184.79
477 -83.62175799923834 -93.76000000000001 184.79
478 -88.69309891645518 -93.76000000000001 184.79
479 -93.76000000000001 -88.6930989164549 184.79
480 -93.76000000000001 -83.62175799923745 184.79
481 -93.76000000000001 -78.55698745180018 184.79
482 -93.76000000000001 -73.4872197947535 184.79
483 -93.76000000000001 -68.41806626403766 184.79
484 -93.76000000000001 -63.35308436242202 184.79
485 -93.76000000000001 -58.28156371270955 184.79
486 -93.76000000000001 -53.21540690854184 184.79
487 -93.76000000000001 -48.14807809991692 184.79
488 -93.76000000000001 -43.07700708843215 184.79
489 -93.76000000000001 -38.01237053993912 184.79
490 -93.76000000000001 -32.94207739302771 184.79
491 -93.76000000000001 -27.87352618059447 184.79
492 -93.76000000000001 -22.80824348369428 184.79
493 -93.76000000000001 -17.73664252185183 184.79
494 -93.76000000000001 -12.67096362371333 184.79
495 -93.76000000000001 -7.603018381058888 184.79
496 -93.76000000000001 -2.532293565707903 184.79
497 -93.76000000000001 2.532293565711527 184.79
498 -93.76000000000001 7.603018381062583 184.79
499 -93.76000000000001 12.67096362371676 184.79
500 -93.76000000000001 17.73664252185515 184.79
501 -93.76000000000001 22.80824348369758 184.79
502 -93.76000000000001 27.87352618059765 184.79
503 -93.76000000000001 32.94207739303013 184.79
504 -93.76000000000001 38.01237053994161 184.79
505 -93.76000000000001 43.07700708843477 184.79
506 -93.76000000000001 48.14807809991974 184.79
507 -93.76000000000001 53.21540690854438 184.79
508 -93.76000000000001 58.28156371271213 184.79
509 -93.76000000000001 63.35308436242455 184.79
510 -93.76000000000001 68.41806626404012 184.79
511 -93.76000000000001 73.48721979475594 184.79
512 -93.76000000000001 78.55698745180199 184.79
513 -93.76000000000001 83.62175799923834 184.79
514 -93.76000000000001 88.69309891645518 184.79
515 -88.6930989164549 93.76000000000001 184.79
516 -83.62175799923745 93.76000000000001 184.79
517 -78.55698745180018 93.76000000000001 184.79
518 -73.4872197947535 93.76000000000001 184.79
519 -68.41806626403766 93.76000000000001 184.79
520 -63.35308436242202 93.76000000000001 184.79
521 -58.28156371270955 93.76000000000001 184.79
522 -53.21540690854184 93.76000000000001 184.79
523 -48.14807809991692 93.76000000000001 184.79
524 -43.07700708843215 93.76000000000001 184.79
525 -38.01237053993912 93.76000000000001 184.79
526 -32.94207739302771 93.76000000000001 184.79
527 -27.87352618059447 93.76000000000001 184.79
528 -22.80824348369428 93.76000000000001 184.79
529 -17.73664252185183 93.76000000000001 184.79
530 -12.67096362371333 93.76000000000001 184.79
531 -7.603018381058888 93.76000000000001 184.79
532 -2.532293565707903 93.76000000000001 184.79
533 2.532293565711527 93.76000000000001 184.79
534 7.603018381062583 93.76000000000001 184.79
535 12.67096362371676 93.76000000000001 184.79
536 17.73664252185515 93.76000000000001 184.79
537 22.80824348369758 93.76000000000001 184.79
538 27.87352618059765 93.76000000000001 184.79
539 32.94207739303013 93.76000000000001 184.79
540 38.01237053994161 93.76000000000001 184.79
541 43.07700708843477 93.76000000000001 184.79
542 48.14807809991974 93.76000000000001 184.79
543 53.21540690854438 93.76000000000001 184.79
544 58.28156371271213 93.76000000000001 184.79
545 63.35308436242455 93.76000000000001 184.79
546 68.41806626404012 93.76000000000001 184.79
547 73.48721979475594 93.76000000000001 184.79
548 78.55698745180199 93.76000000000001 184.79
549 83.62175799923834 93.76000000000001 184.79
550 88.69309891645518 93.76000000000001 184.79
551 73.83865792448637 78.76000000000001 185.21
552 68.91544471819165 78.76000000000001 185.21
553 63.99124522343608 78.76000000000001 185.21
554 59.06889751418529 78.76000000000001 185.21
555 54.14819854905438 78.76000000000001 185.21
556 49.22614268481757 78.76000000000001 185.21
557 44.30209669735084 78.76000000000001 185.21
558 39.37860312949209 78.76000000000001 185.21
559 34.45712217966053 78.76000000000001 185.21
560 29.53618029644749 78.76000000000001 185.21
561 24.61326097873671 78.76000000000001 185.21
562 19.68897142098236 78.76000000000001 185.21
563 14.76634677854109 78.76000000000001 185.21
564 9.845556081051825 78.76000000000001 185.21
565 4.923793766937152 78.76000000000001 185.21
566 3.552713678800501e-13 78.76000000000001 185.21
567 -4.923793766936726 78.76000000000001 185.21
568 -9.845556081051427 78.76000000000001 185.21
569 -14.76634677854058 78.76000000000001 185.21
570 -19.68897142098189 78.76000000000001 185.21
571 -24.61326097873634 78.76000000000001 185.21
572 -29.5361802964475 78.76000000000001 185.21
573 -34.45712217966059 78.76000000000001 185.21
574 -39.37860312949259 78.76000000000001 185.21
575 -44.30209669735125 78.76000000000001 185.21
576 -49.2261426848178 78.76000000000001 185.21
577 -54.14819854905478 78.76000000000001 185.21
578 -59.06889751418554 78.76000000000001 185.21
579 -63.99124522343642 78.76000000000001 185.21
580 -68.91544471819192 78.76000000000001 185.21
581 -73.83865792448638 78.76000000000001 185.21
582 -78.76000000000001 73.83865792448637 185.21
583 -78.76000000000001 68.91544471819164 185.21
584 -78.76000000000001 63.99124522343601 185.21
585 -78.76000000000001 59.06889751418519 185.21
586 -78.76000000000001 54.14819854905425 185.21
587 -78.76000000000001 49.22614268481742 185.21
588 -78.76000000000001 44.30209669735069 185.21
589 -78.76000000000001 39.37860312949192 185.21
590 -78.76000000000001 34.45712217966035 185.21
591 -78.76000000000001 29.53618029644728 185.21
592 -78.76000000000001 24.61326097873662 185.21
593 -78.76000000000001 19.68897142098218 185.21
594 -78.76000000000001 14.76634677854094 185.21
595 -78.76000000000001 9.845556081051669 185.21
596 -78.76000000000001 4.923793766936981 185.21
597 -78.76000000000001 1.56319401867222e-13 185.21
598 -78.76000000000001 -4.923793766936939 185.21
599 -78.76000000000001 -9.845556081051654 185.21
600 -78.76000000000001 -14.76634677854084 185.21
601 -78.76000000000001 -19.68897142098216 185.21
602 -78.76000000000001 -24.61326097873662 185.21
603 -78.76000000000001 -29.5361802964478 185.21
604 -78.76000000000001 -34.45712217966091 185.21
605 -78.76000000000001 -39.37860312949236 185.21
606 -78.76000000000001 -44.30209669735099 185.21
607 -78.76000000000001 -49.2261426848177 185.21
608 -78.76000000000001 -54.1481985490547 185.21
609 -78.76000000000001 -59.06889751418545 185.21
610 -78.76000000000001 -63.99124522343639 185.21
611 -78.76000000000001 -68.91544471819189 185.21
612 -78.76000000000001 -73.83865792448638 185.21
613 -10.85044690608038 -78.76000000000001 185.21
614 -15.70145709783777 -78.76000000000001 185.21
615 -20.55231499015521 -78.76000000000001 185.21
616 -25.40256802822536 -78.76000000000001 185.21
617 -30.25310862048656 -78.76000000000001 185.21
618 -35.10419671609402 -78.76000000000001 185.21
619 -39.95489500381025 -78.76000000000001 185.21
620 -44.805104991558 -78.76000000000001 185.21
621 -49.65580328390585 -78.76000000000001 185.21
622 -54.50689137951333 -78.76000000000001 185.21
623 -59.35743197177452 -78.76000000000001 185.21
624 -64.20768500984472 -78.76000000000001 185.21
625 -69.05854290216227 -78.76000000000001 185.21
626 -73.90955309391965 -78.76000000000001 185.21
627 -6 -71.17333097358083 185.21
628 -6 -74.96666902506371 185.21
629 2.000002823460314 -67.38 185.21
630 -2.000002821953309 -67.38 185.21
631 6 -74.96666902641917 185.21
632 6 -71.17333097493629 185.21
633 73.90955309391961 -78.76000000000001 185.21
634 69.05854290216222 -78.76000000000001 185.21
635 64.20768500984477 -78.76000000000001 185.21
636 59.35743197177462 -78.76000000000001 185.21
637 54.50689137951345 -78.76000000000001 185.21
638 49.65580328390594 -78.76000000000001 185.21
639 44.80510499618978 -78.76000000000001 185.21
640 39.95489500844203 -78.76000000000001 185.21
641 35.10419671609429 -78.76000000000001 185.21
642 30.25310862048671 -78.76000000000001 185.21
643 25.40256802822541 -78.76000000000001 185.21
644 20.55231499015524 -78.76000000000001 185.21
645 15.70145709783777 -78.76000000000001 185.21
646 10.85044690608044 -78.76000000000001 185.21
647 88.6930989164549 93.76000000000001 185.21
648 83.62175799923745 93.76000000000001 185.21
649 78.55698745180018 93.76000000000001 185.21
650 73.4872197947535 93.76000000000001 185.21
651 68.41806626403766 93.76000000000001 185.21
652 63.35308436242202 93.76000000000001 185.21
653 58.28156371270955 93.76000000000001 185.21
654 53.21540690854184 93.76000000000001 185.21
655 48.14807809991692 93.76000000000001 185.21
656 43.07700708843215 93.76000000000001 185.21
657 38.01237053993912 93.76000000000001 185.21
658 32.94207739302771 93.76000000000001 185.21
659 27.87352618059447 93.76000000000001 185.21
660 22.80824348369428 93.76000000000001 185.21
661 17.73664252185183 93.76000000000001 185.21
662 12.67096362371333 93.76000000000001 185.21
663 7.603018381058888 93.76000000000001 185.21
664 2.532293565707903 93.76000000000001 185.21
665 -2.532293565711527 93.76000000000001 185.21
666 -7.603018381062583 93.76000000000001 185.21
667 -12.67096362371676 93.76000000000001 185.21
668 -17.73664252185515 93.76000000000001 185.21
669 -22.80824348369758 93.76000000000001 185.21
670 -27.87352618059765 93.76000000000001 185.21
671 -32.94207739303013 93.76000000000001 185.21
672 -38.01237053994161 93.76000000000001 185.21
673 -43.07700708843477 93.76000000000001 185.21
674 -48.14807809991974 93.76000000000001 185.21
675 -53.21540690854438 93.76000000000001 185.21
676 -58.28156371271213 93.76000000000001 185.21
677 -63.35308436242455 93.76000000000001 185.21
678 -68.41806626404012 93.76000000000001 185.21
679 -73.48721979475594 93.76000000000001 185.21
680 -78.55698745180199 93.76000000000001 185.21
681 -83.62175799923834 93.76000000000001 185.21
682 -88.69309891645518 93.76000000000001 185.21
683 93.76000000000001 88.6930989164549 185.21
684 93.76000000000001 83.62175799923745 185.21
685 93.76000000000001 78.55698745180018 185.21
686 93.76000000000001 73.4872197947535 185.21
687 93.76000000000001 68.41806626403766 185.21
688 93.76000000000001 63.35308436242202 185.21
689 93.76000000000001 58.28156371270955 185.21
690 93.76000000000001 53.21540690854184 185.21
691 93.76000000000001 48.14807809991692 185.21
692 93.76000000000001 43.07700708843215 185.21
693 93.76000000000001 38.01237053993912 185.21
694 93.76000000000001 32.94207739302771 185.21
695 93.76000000000001 27.87352618059447 185.21
696 93.76000000000001 22.80824348369428 185.21
697 93.76000000000001 17.73664252185183 185.21
698 93.76000000000001 12.67096362371333 185.21
699 93.76000000000001 7.603018381058888 185.21
700 93.76000000000001 2.532293565707903 185.21
701 93.76000000000001 -2.532293565711527 185.21
702 93.76000000000001 -7.603018381062583 185.21
703 93.76000000000001 -12.67096362371676 185.21
704 93.76000000000001 -17.73664252185515 185.21
705 93.76000000000001 -22.80824348369758 185.21
706 93.76000000000001 -27.87352618059765 185.21
707 93.76000000000001 -32.94207739303013 185.21
708 93.76000000000001 -38.01237053994161 185.21
709 93.76000000000001 -43.07700708843477 185.21
710 93.76000000000001 -48.14807809991974 185.21
711 93.76000000000001 -53.21540690854438 185.21
712 93.76000000000001 -58.28156371271213 185.21
713 93.76000000000001 -63.35308436242455 185.21
714 93.76000000000001 -68.41806626404012 185.21
715 93.76000000000001 -73.48721979475594 185.21
716 93.76000000000001 -78.55698745180199 185.21
717 93.76000000000001 -83.62175799923834 185.21
718 93.76000000000001 -88.69309891645518 185.21
719 -88.6930989164549 -93.76000000000001 185.21
720 -83.62175799923745 -93.76000000000001 185.21
721 -78.55698745180018 -93.76000000000001 185.21
722 -73.4872197947535 -93.76000000000001 185.21
723 -68.41806626403766 -93.76000000000001 185.21
724 -63.35308436242202 -93.76000000000001 185.21
725 -58.28156371270955 -93.76000000000001 185.21
726 -53.21540690854184 -93.76000000000001 185.21
727 -48.14807809991692 -93.76000000000001 185.21
728 -43.07700708843215 -93.76000000000001 185.21
729 -38.01237053993912 -93.76000000000001 185.21
730 -32.94207739302771 -93.76000000000001 185.21
731 -27.87352618059447 -93.76000000000001 185.21
732 -22.80824348369428 -93.76000000000001 185.21
733 -17.73664252185183 -93.76000000000001 185.21
734 -12.67096362371333 -93.76000000000001 185.21
735 -7.603018381058888 -93.76000000000001 185.21
736 -2.532293565707903 -93.76000000000001 185.21
737 2.532293565711527 -93.76000000000001 185.21
738 7.603018381062583 -93.76000000000001 185.21
739 12.67096362371676 -93.76000000000001 185.21
740 17.73664252185515 -93.76000000000001 185.21
741 22.80824348369758 -93.76000000000001 185.21
742 27.87352618059765 -93.76000000000001 185.21
743 32.94207739303013 -93.76000000000001 185.21
744 38.01237053994161 -93.76000000000001 185.21
745 43.07700708843477 -93.76000000000001 185.21
746 48.14807809991974 -93.76000000000001 185.21
747 53.21540690854438 -93.76000000000001 185.21
748 58.28156371271213 -93.76000000000001 185.21
749 63.35308436242455 -93.76000000000001 185.21
750 68.41806626404012 -93.76000000000001 185.21
751 73.48721979475594 -93.76000000000001 185.21
752 78.55698745180199 -93.76000000000001 185.21
753 83.62175799923834 -93.76000000000001 185.21
754 88.69309891645518 -93.76000000000001 185.21
755 -93.76000000000001 -88.6930989164549 185.21
756 -93.76000000000001 -83.62175799923745 185.21
757 -93.76000000000001 -78.55698745180018 185.21
758 -93.76000000000001 -73.4872197947535 185.21
759 -93.76000000000001 -68.41806626403766 185.21
760 -93.76000000000001 -63.35308436242202 185.21
761 -93.76000000000001 -58.28156371270955 185.21
762 -93.76000000000001 -53.21540690854184 185.21
763 -93.76000000000001 -48.14807809991692 185.21
764 -93.76000000000001 -43.07700708843215 185.21
765 -93.76000000000001 -38.01237053993912 185.21
766 -93.76000000000001 -32.94207739302771 185.21
767 -93.76000000000001 -27.87352618059447 185.21
768 -93.76000000000001 -22.80824348369428 185.21
769 -93.76000000000001 -17.73664252185183 185.21
770 -93.76000000000001 -12.67096362371333 185.21
771 -93.76000000000001 -7.603018381058888 185.21
772 -93.76000000000001 -2.532293565707903 185.21
773 -93.76000000000001 2.532293565711527 185.21
774 -93.76000000000001 7.603018381062583 185.21
775 -93.76000000000001 12.67096362371676 185.21
776 -93.76000000000001 17.73664252185515 185.21
777 -93.76000000000001 22.80824348369758 185.21
778 -93.76000000000001 27.87352618059765 185.21
779 -93.76000000000001 32.94207739303013 185.21
780 -93.76000000000001 38.01237053994161 185.21
781 -93.76000000000001 43.07700708843477 185.21
782 -93.76000000000001 48.14807809991974 185.21
783 -93.76000000000001 53.21540690854438 185.21
784 -93.76000000000001 58.28156371271213 185.21
785 -93.76000000000001 63.35308436242455 185.21
786 -93.76000000000001 68.41806626404012 185.21
787 -93.76000000000001 73.48721979475594 185.21
788 -93.76000000000001 78.55698745180199 185.21
789 -93.76000000000001 83.62175799923834 185.21
790 -93.76000000000001 88.69309891645518 185.21
791 -11.66599045411657 36.38 194.9803
792 -8.263009547675917 36.38 194.9803
793 -11.66599045411657 36.38 197.9803
794 -8.263009547675917 36.38 197.9803
795 -8.677011504572496 39.38 194.9803
796 -12.493988494055 39.38 194.9803
797 -8.677011504572496 39.38 197.9803
798 -12.493988494055 39.38 197.9803
799 -19.60665516474724 36.08434483525276 194.9803
800 -22.90223552910014 32.78876447089986 194.9803
801 -26.19769708330571 29.49330291669429 194.9803
802 -29.49330291669432 26.19769708330568 194.9803
803 -32.78876447089991 22.90223552910009 194.9803
804 -36.08434483525281 19.60665516474719 194.9803
805 -39.38 -11.65059587344605 194.9803
806 -39.38 -6.990297527783047 194.9803
807 -39.38 -2.330167179409298 194.9803
808 -39.38 2.330167179409237 194.9803
809 -39.38 6.990297527782971 194.9803
810 -39.38 11.65059587344596 194.9803
811 -36.08434483525276 -19.60665516474724 194.9803
812 -32.78876447089986 -22.90223552910014 194.9803
813 -29.49330291669429 -26.19769708330571 194.9803
814 -26.19769708330568 -29.49330291669432 194.9803
815 -22.90223552910009 -32.78876447089991 194.9803
816 -19.60665516474719 -36.08434483525281 194.9803
817 11.65059587344605 -39.38 194.9803
818 6.990297527783047 -39.38 194.9803
819 2.330167179409298 -39.38 194.9803
820 -2.330167179409237 -39.38 194.9803
821 -6.990297527782971 -39.38 194.9803
822 -11.65059587344596 -39.38 194.9803
823 19.60665516474724 -36.08434483525276 194.9803
824 22.90223552910014 -32.78876447089986 194.9803
825 26.19769708330571 -29.49330291669429 194.9803
826 29.49330291669432 -26.19769708330568 194.9803
827 32.78876447089991 -22.90223552910009 194.9803
828 36.08434483525281 -19.60665516474719 194.9803
829 39.38 11.65059587344605 194.9803
830 39.38 6.990297527783047 194.9803
831 39.38 2.330167179409298 194.9803
832 39.38 -2.330167179409237 194.9803
833 39.38 -6.990297527782971 194.9803
834 39.38 -11.65059587344596 194.9803
835 36.08434483525276 19.60665516474724 194.9803
836 32.78876447089986 22.90223552910014 194.9803
837 29.49330291669429 26.19769708330571 194.9803
838 26.19769708330568 29.49330291669432 194.9803
839 22.90223552910009 32.78876447089991 194.9803
840 19.60665516474719 36.08434483525281 194.9803
841 7.02301637484531 39.38 194.9803
842 11.66698362319677 39.38 194.9803
843 -0.6209999993141988 36.3800000006858 194.9803
844 -10.42765711942295 33.38 194.9803
845 -7.024342882369853 33.38 194.9803
846 -17.08922014577918 30.12177985422083 194.9803
847 -20.34734536755408 26.86365463244593 194.9803
848 -23.60549999966066 23.60550000033935 194.9803
849 -26.8636546324459 20.3473453675541 194.9803
850 -30.12177985422079 17.08922014577921 194.9803
851 -33.38 -9.220591002254988 194.9803
852 -33.38 -4.610316320968691 194.9803
853 -33.38 -4.804086017884401e-10 194.9803
854 -33.38 4.610316320968742 194.9803
855 -33.38 9.220591002255048 194.9803
856 -30.12177985422083 -17.08922014577918 194.9803
857 -26.86365463244593 -20.34734536755408 194.9803
858 -23.60550000033935 -23.60549999966066 194.9803
859 -20.3473453675541 -26.8636546324459 194.9803
860 -17.08922014577921 -30.12177985422079 194.9803
861 -9.720653931335761 -33.38 194.9803
862 -5.610346070255357 -33.38 194.9803
863 -5.196344398693167 -30.38 194.9803
864 -8.892655600019713 -30.38 194.9803
865 -15.55421598109404 -27.41478401890596 194.9803
866 -18.51934655197191 -24.44965344802808 194.9803
867 -21.4845 -21.4845 194.9803
868 -24.44965344802807 -18.51934655197192 194.9803
869 -27.41478401890592 -15.55421598109408 194.9803
870 -30.38 8.392596883589265 194.9803
871 -30.38 4.196314641157946 194.9803
872 -30.38 -7.105427357601002e-15 194.9803
873 -30.38 -4.196314641157963 194.9803
874 -30.38 -8.392596883589269 194.9803
875 -27.41478401890596 15.55421598109404 194.9803
876 -24.44965344802808 18.51934655197191 194.9803
877 -21.4845 21.4845 194.9803
878 -18.51934655197192 24.44965344802807 194.9803
879 -15.55421598109408 27.41478401890592 194.9803
880 -5.782342880577044 30.38 194.9803
881 -9.185657117630148 30.38 194.9803
882 0.6209999993141939 33.37999999931419 194.9803
883 11.25298849941861 36.38 194.9803
884 7.437011501953088 36.38 194.9803
885 18.11350611845714 33.33549388154286 194.9803
886 21.15793852864981 30.29106147135019 194.9803
887 24.20227330408786 27.24672669591214 194.9803
888 27.24672669591223 24.20227330408777 194.9803
889 30.29106147135025 21.15793852864976 194.9803
890 33.33549388154288 18.11350611845712 194.9803
891 36.38 -10.76346176164168 194.9803
892 36.38 -6.458027761925779 194.9803
893 36.38 -2.15273183581172 194.9803
894 36.38 2.152731835811599 194.9803
895 36.38 6.458027761925694 194.9803
896 36.38 10.76346176164165 194.9803
897 33.33549388154286 -18.11350611845714 194.9803
898 30.29106147135019 -21.15793852864981 194.9803
899 27.24672669591214 -24.20227330408786 194.9803
900 24.20227330408777 -27.24672669591223 194.9803
901 21.15793852864976 -30.29106147135025 194.9803
902 18.11350611845712 -33.33549388154288 194.9803
903 -10.76346176164168 -36.38 194.9803
904 -6.458027761925779 -36.38 194.9803
905 -2.15273183581172 -36.38 194.9803
906 2.152731835811599 -36.38 194.9803
907 6.458027761925694 -36.38 194.9803
908 10.76346176164165 -36.38 194.9803
909 -18.11350611845714 -33.33549388154286 194.9803
910 -21.15793852864981 -30.29106147135019 194.9803
911 -24.20227330408786 -27.24672669591214 194.9803
912 -27.24672669591223 -24.20227330408777 194.9803
913 -30.29106147135025 -21.15793852864976 194.9803
914 -33.33549388154288 -18.11350611845712 194.9803
915 -36.38 10.76346176164168 194.9803
916 -36.38 6.458027761925779 194.9803
917 -36.38 2.15273183581172 194.9803
918 -36.38 -2.152731835811599 194.9803
919 -36.38 -6.458027761925694 194.9803
920 -36.38 -10.76346176164165 194.9803
921 -33.33549388154286 18.11350611845714 194.9803
922 -30.29106147135019 21.15793852864981 194.9803
923 -27.24672669591214 24.20227330408786 194.9803
924 -24.20227330408777 27.24672669591223 194.9803
925 -21.15793852864976 30.29106147135025 194.9803
926 -18.11350611845712 33.33549388154288 194.9803
927 -19.60665516474724 36.08434483525276 197.9803
928 -22.90223552910014 32.78876447089986 197.9803
929 -26.19769708330571 29.49330291669429 197.9803
930 -29.49330291669432 26.19769708330568 197.9803
931 -32.78876447089991 22.90223552910009 197.9803
932 -36.08434483525281 19.60665516474719 197.9803
933 -39.38 11.65059587344605 197.9803
934 -39.38 6.990297527783047 197.9803
935 -39.38 2.330167179409298 197.9803
936 -39.38 -2.330167179409237 197.9803
937 -39.38 -6.990297527782971 197.9803
938 -39.38 -11.65059587344596 197.9803
939 -36.08434483525276 -19.60665516474724 197.9803
940 -32.78876447089986 -22.90223552910014 197.9803
941 -29.49330291669429 -26.19769708330571 197.9803
942 -26.19769708330568 -29.49330291669432 197.9803
943 -22.90223552910009 -32.78876447089991 197.9803
944 -19.60665516474719 -36.08434483525281 197.9803
945 -11.65059587344605 -39.38 197.9803
946 -6.990297527783047 -39.38 197.9803
947 -2.330167179409298 -39.38 197.9803
948 2.330167179409237 -39.38 197.9803
949 6.990297527782971 -39.38 197.9803
950 11.65059587344596 -39.38 197.9803
951 19.60665516474724 -36.08434483525276 197.9803
952 22.90223552910014 -32.78876447089986 197.9803
953 26.19769708330571 -29.49330291669429 197.9803
954 29.49330291669432 -26.19769708330568 197.9803
955 32.78876447089991 -22.90223552910009 197.9803
956 36.08434483525281 -19.60665516474719 197.9803
957 39.38 -11.65059587344605 197.9803
958 39.38 -6.990297527783047 197.9803
959 39.38 -2.330167179409298 197.9803
960 39.38 2.330167179409237 197.9803
961 39.38 6.990297527782971 197.9803
962 39.38 11.65059587344596 197.9803
963 36.08434483525276 19.60665516474724 197.9803
964 32.78876447089986 22.90223552910014 197.9803
965 29.49330291669429 26.19769708330571 197.9803
966 26.19769708330568 29.49330291669432 197.9803
967 22.90223552910009 32.78876447089991 197.9803
968 19.60665516474719 36.08434483525281 197.9803
969 11.66698362515469 39.38 197.9803
970 7.023016376803231 39.38 197.9803
971 -0.6209999993141988 36.3800000006858 197.9803
972 -7.024342880577045 33.38 197.9803
973 -10.42765711763014 33.38 197.9803
974 -17.08922014577918 30.12177985422083 197.9803
975 -20.34734536755408 26.86365463244593 197.9803
976 -23.60549999966066 23.60550000033935 197.9803
977 -26.8636546324459 20.3473453675541 197.9803
978 -30.12177985422079 17.08922014577921 197.9803
979 -33.38 9.220591002254988 197.9803
980 -33.38 4.610316320968691 197.9803
981 -33.38 4.804086017884401e-10 197.9803
982 -33.38 -4.610316320968742 197.9803
983 -33.38 -9.220591002255048 197.9803
984 -30.12177985422083 -17.08922014577918 197.9803
985 -26.86365463244593 -20.34734536755408 197.9803
986 -23.60550000033935 -23.60549999966066 197.9803
987 -20.3473453675541 -26.8636546324459 197.9803
988 -17.08922014577921 -30.12177985422079 197.9803
989 -9.720653931335761 -33.38 197.9803
990 -5.610346070255357 -33.38 197.9803
991 -5.196344398693167 -30.38 197.9803
992 -8.892655600019713 -30.38 197.9803
993 -15.55421598109404 -27.41478401890596 197.9803
994 -18.51934655197191 -24.44965344802808 197.9803
995 -21.4845 -21.4845 197.9803
996 -24.44965344802807 -18.51934655197192 197.9803
997 -27.41478401890592 -15.55421598109408 197.9803
998 -30.38 -8.392596883589265 197.9803
999 -30.38 -4.196314641157946 197.9803
1000 -30.38 7.105427357601002e-15 197.9803
1001 -30.38 4.196314641157963 197.9803
1002 -30.38 8.392596883589269 197.9803
1003 -27.41478401890596 15.55421598109404 197.9803
1004 -24.44965344802808 18.51934655197191 197.9803
1005 -21.4845 21.4845 197.9803
1006 -18.51934655197192 24.44965344802807 197.9803
1007 -15.55421598109408 27.41478401890592 197.9803
1008 -9.185657119422956 30.38 197.9803
1009 -5.782342882369853 30.38 197.9803
1010 0.6209999993141939 33.37999999931419 197.9803
1011 7.43701150058139 36.38 197.9803
1012 11.25298849804691 36.38 197.9803
1013 18.11350611845714 33.33549388154286 197.9803
1014 21.15793852864981 30.29106147135019 197.9803
1015 24.20227330408786 27.24672669591214 197.9803
1016 27.24672669591223 24.20227330408777 197.9803
1017 30.29106147135025 21.15793852864976 197.9803
1018 33.33549388154288 18.11350611845712 197.9803
1019 36.38 10.76346176164168 197.9803
1020 36.38 6.458027761925779 197.9803
1021 36.38 2.15273183581172 197.9803
1022 36.38 -2.152731835811599 197.9803
1023 36.38 -6.458027761925694 197.9803
1024 36.38 -10.76346176164165 197.9803
1025 33.33549388154286 -18.11350611845714 197.9803
1026 30.29106147135019 -21.15793852864981 197.9803
1027 27.24672669591214 -24.20227330408786 197.9803
1028 24.20227330408777 -27.24672669591223 197.9803
1029 21.15793852864976 -30.29106147135025 197.9803
1030 18.11350611845712 -33.33549388154288 197.9803
1031 10.76346176164168 -36.38 197.9803
1032 6.458027761925779 -36.38 197.9803
1033 2.15273183581172 -36.38 197.9803
1034 -2.152731835811599 -36.38 197.9803
1035 -6.458027761925694 -36.38 197.9803
1036 -10.76346176164165 -36.38 197.9803
1037 -18.11350611845714 -33.33549388154286 197.9803
1038 -21.15793852864981 -30.29106147135019 197.9803
1039 -24.20227330408786 -27.24672669591214 197.9803
1040 -27.24672669591223 -24.20227330408777 197.9803
1041 -30.29106147135025 -21.15793852864976 197.9803
1042 -33.33549388154288 -18.11350611845712 197.9803
1043 -36.38 -10.76346176164168 197.9803
1044 -36.38 -6.458027761925779 197.9803
1045 -36.38 -2.15273183581172 197.9803
1046 -36.38 2.152731835811599 197.9803
1047 -36.38 6.458027761925694 197.9803
1048 -36.38 10.76346176164165 197.9803
1049 -33.33549388154286 18.11350611845714 197.9803
1050 -30.29106147135019 21.15793852864981 197.9803
1051 -27.24672669591214 24.20227330408786 197.9803
1052 -24.20227330408777 27.24672669591223 197.9803
1053 -21.15793852864976 30.29106147135025 197.9803
1054 -18.11350611845712 33.33549388154288 197.9803
1055 8.892655601306833 -30.38 194.9803
1056 5.196344399980287 -30.38 194.9803
1057 8.892655601306833 -30.38 197.9803
1058 5.196344399980287 -30.38 197.9803
1059 5.610346068664239 -33.38 194.9803
1060 9.720653929744643 -33.38 194.9803
1061 5.610346068664239 -33.38 197.9803
1062 9.720653929744643 -33.38 197.9803
1063 17.08922014577918 -30.12177985422083 194.9803
1064 20.34734536755408 -26.86365463244593 194.9803
1065 23.60549999966066 -23.60550000033935 194.9803
1066 26.8636546324459 -20.3473453675541 194.9803
1067 30.12177985422079 -17.08922014577921 194.9803
1068 33.38 9.220591002254988 194.9803
1069 33.38 4.610316320968691 194.9803
1070 33.38 4.804086017884401e-10 194.9803
1071 33.38 -4.610316320968742 194.9803
1072 33.38 -9.220591002255048 194.9803
1073 30.12177985422083 17.08922014577918 194.9803
1074 26.86365463244593 20.34734536755408 194.9803
1075 23.60550000033935 23.60549999966066 194.9803
1076 20.3473453675541 26.8636546324459 194.9803
1077 17.08922014577921 30.12177985422079 194.9803
1078 9.345500001324851 33.38 194.9803
1079 8.724499999463463 30.38 194.9803
1080 15.55421598109404 27.41478401890596 194.9803
1081 18.51934655197191 24.44965344802808 194.9803
1082 21.4845 21.4845 194.9803
1083 24.44965344802807 18.51934655197192 194.9803
1084 27.41478401890592 15.55421598109408 194.9803
1085 30.38 -8.392596883589265 194.9803
1086 30.38 -4.196314641157946 194.9803
1087 30.38 7.105427357601002e-15 194.9803
1088 30.38 4.196314641157963 194.9803
1089 30.38 8.392596883589269 194.9803
1090 27.41478401890596 -15.55421598109404 194.9803
1091 24.44965344802808 -18.51934655197191 194.9803
1092 21.4845 -21.4845 194.9803
1093 18.51934655197192 -24.44965344802807 194.9803
1094 15.55421598109408 -27.41478401890592 194.9803
1095 17.08922014577918 -30.12177985422083 197.9803
1096 20.34734536755408 -26.86365463244593 197.9803
1097 23.60549999966066 -23.60550000033935 197.9803
1098 26.8636546324459 -20.3473453675541 197.9803
1099 30.12177985422079 -17.08922014577921 197.9803
1100 33.38 -9.220591002254988 197.9803
1101 33.38 -4.610316320968691 197.9803
1102 33.38 -4.804086017884401e-10 197.9803
1103 33.38 4.610316320968742 197.9803
1104 33.38 9.220591002255048 197.9803
1105 30.12177985422083 17.08922014577918 197.9803
1106 26.86365463244593 20.34734536755408 197.9803
1107 23.60550000033935 23.60549999966066 197.9803
1108 20.3473453675541 26.8636546324459 197.9803
1109 17.08922014577921 30.12177985422079 197.9803
1110 9.345500001324851 33.38 197.9803
1111 8.724499999463463 30.38 197.9803
1112 15.55421598109404 27.41478401890596 197.9803
1113 18.51934655197191 24.44965344802808 197.9803
1114 21.4845 21.4845 197.9803
1115 24.44965344802807 18.51934655197192 197.9803
1116 27.41478401890592 15.55421598109408 197.9803
1117 30.38 8.392596883589265 197.9803
1118 30.38 4.196314641157946 197.9803
1119 30.38 -7.105427357601002e-15 197.9803
1120 30.38 -4.196314641157963 197.9803
1121 30.38 -8.392596883589269 197.9803
1122 27.41478401890596 -15.55421598109404 197.9803
1123 24.44965344802808 -18.51934655197191 197.9803
1124 21.4845 -21.4845 197.9803
1125 18.51934655197192 -24.44965344802807 197.9803
1126 15.55421598109408 -27.41478401890592 197.9803
1127 -143.76 -143.76 266.5469666666665
1128 -143.76 -143.76 333.213633333333
1129 -143.76 143.76 266.5469666666665
1130 -143.76 143.76 333.213633333333
1131 -143.76 -83.63054027581919 199.8803
1132 -143.76 -27.87684701387437 199.8803
1133 -143.76 27.87684701387437 199.8803
1134 -143.76 83.63054027581958 199.8803
1135 -143.76 -86.25600000000014 399.8803
1136 -143.76 -28.75200000000035 399.8803
1137 -143.76 28.75199999999967 399.8803
1138 -143.76 86.25599999999986 399.8803
1139 143.76 143.76 266.5469666666665
1140 143.76 143.76 333.213633333333
1141 -83.63054027581919 143.76 199.8803
1142 -27.87684701387437 143.76 199.8803
1143 27.87684701387437 143.76 199.8803
1144 83.63054027581958 143.76 199.8803
1145 -86.25600000000014 143.76 399.8803
1146 -28.75200000000035 143.76 399.8803
1147 28.75199999999967 143.76 399.8803
1148 86.25599999999986 143.76 399.8803
1149 143.76 -143.76 266.5469666666665
1150 143.76 -143.76 333.213633333333
1151 143.76 83.63054027581919 199.8803
1152 143.76 27.87684701387437 199.8803
1153 143.76 -27.87684701387437 199.8803
1154 143.76 -83.63054027581958 199.8803
1155 143.76 86.25600000000014 399.8803
1156 143.76 28.75200000000035 399.8803
1157 143.76 -28.75199999999967 399.8803
1158 143.76 -86.25599999999986 399.8803
1159 83.63054027581919 -143.76 199.8803
1160 27.87684701387437 -143.76 199.8803
1161 -27.87684701387437 -143.76 199.8803
1162 -83.63054027581958 -143.76 199.8803
1163 86.25600000000014 -143.76 399.8803
1164 28.75200000000035 -143.76 399.8803
1165 -28.75199999999967 -143.76 399.8803
1166 -86.25599999999986 -143.76 399.8803
1167 -143.76 -83.62158278145989 199.4803
1168 -143.76 -27.873861205293 199.4803
1169 -143.76 27.87386120529237 199.4803
1170 -143.76 83.62158278145955 199.4803
1171 -83.62158278145989 143.76 199.4803
1172 -27.873861205293 143.76 199.4803
1173 27.87386120529237 143.76 199.4803
1174 83.62158278145955 143.76 199.4803
1175 143.76 83.62158278145989 199.4803
1176 143.76 27.873861205293 199.4803
1177 143.76 -27.87386120529237 199.4803
1178 143.76 -83.62158278145955 199.4803
1179 83.62158278145989 -143.76 199.4803
1180 27.873861205293 -143.76 199.4803
1181 -27.87386120529237 -143.76 199.4803
1182 -83.62158278145955 -143.76 199.4803
1183 -143.76 -92.77210335726353 183.75
1184 -143.76 -46.38605467890041 183.75
1185 -143.76 1.989519660128281e-13 183.75
1186 -143.76 46.38605467890039 183.75
1187 -143.76 92.77210335726357 183.75
1188 -92.77210335726353 143.76 183.75
1189 -46.38605467890041 143.76 183.75
1190 1.989519660128281e-13 143.76 183.75
1191 46.38605467890039 143.76 183.75
1192 92.77210335726357 143.76 183.75
1193 143.76 92.77210335726353 183.75
1194 143.76 46.38605467890041 183.75
1195 143.76 -1.989519660128281e-13 183.75
1196 143.76 -46.38605467890039 183.75
1197 143.76 -92.77210335726357 183.75
1198 92.77210335726353 -143.76 183.75
1199 46.38605467890041 -143.76 183.75
1200 -1.989519660128281e-13 -143.76 183.75
1201 -46.38605467890039 -143.76 183.75
1202 -92.77210335726357 -143.76 183.75
1203 -143.76 -92.78721725583063 180
1204 -143.76 -46.39361169558661 180
1205 -143.76 -2.842170943040401e-14 180
1206 -143.76 46.39361169558643 180
1207 -143.76 92.78721725583071 180
1208 -92.78721725583063 143.76 180
1209 -46.39361169558661 143.76 180
1210 -2.842170943040401e-14 143.76 180
1211 46.39361169558643 143.76 180
1212 92.78721725583071 143.76 180
1213 143.76 92.78721725583063 180
1214 143.76 46.39361169558661 180
1215 143.76 2.842170943040401e-14 180
1216 143.76 -46.39361169558643 180
1217 143.76 -92.78721725583071 180
1218 92.78721725583063 -143.76 180
1219 46.39361169558661 -143.76 180
1220 2.842170943040401e-14 -143.76 180
1221 -46.39361169558643 -143.76 180
1222 -92.78721725583071 -143.76 180
1223 -143.76 -143.76 60.00000000000005
1224 -143.76 -143.76 119.9999999999998
1225 -143.76 143.76 60.00000000000005
1226 -143.76 143.76 119.9999999999998
1227 -143.76 -86.25600000000014 0
1228 -143.76 -28.75200000000035 0
1229 -143.76 28.75199999999967 0
1230 -143.76 86.25599999999986 0
1231 143.76 143.76 60.00000000000005
1232 143.76 143.76 119.9999999999998
1233 -86.25600000000014 143.76 0
1234 -28.75200000000035 143.76 0
1235 28.75199999999967 143.76 0
1236 86.25599999999986 143.76 0
1237 143.76 -143.76 60.00000000000005
1238 143.76 -143.76 119.9999999999998
1239 143.76 86.25600000000014 0
1240 143.76 28.75200000000035 0
1241 143.76 -28.75199999999967 0
1242 143.76 -86.25599999999986 0
1243 86.25600000000014 -143.76 0
1244 28.75200000000035 -143.76 0
1245 -28.75199999999967 -143.76 0
1246 -86.25599999999986 -143.76 0
1247 -193.76 -193.76 74.97007500000011
1248 -193.76 -193.76 199.9401500000001
1249 -193.76 -193.76 324.9102250000001
1250 -193.76 -64.5866666666667 449.8803
1251 -193.76 64.58666666666664 449.8803
1252 -193.76 193.76 74.97007500000011
1253 -193.76 193.76 199.9401500000001
1254 -193.76 193.76 324.9102250000001
1255 -193.76 -64.5866666666667 -50
1256 -193.76 64.58666666666664 -50
1257 -64.5866666666667 -193.76 -50
1258 64.58666666666664 -193.76 -50
1259 193.76 -193.76 74.97007500000011
1260 193.76 -193.76 199.9401500000001
1261 193.76 -193.76 324.9102250000001
1262 -64.5866666666667 -193.76 449.8803
1263 64.58666666666664 -193.76 449.8803
1264 -64.5866666666667 193.76 449.8803
1265 64.58666666666664 193.76 449.8803
1266 193.76 -64.5866666666667 449.8803
1267 193.76 64.58666666666664 449.8803
1268 -64.5866666666667 193.76 -50
1269 64.58666666666664 193.76 -50
1270 193.76 193.76 74.97007500000011
1271 193.76 193.76 199.9401500000001
1272 193.76 193.76 324.9102250000001
1273 193.76 -64.5866666666667 -50
1274 193.76 64.58666666666664 -50
1275 -4.5 -35.25518992426654 190.1803
1276 -4.5 -40.13016635738546 190.1803
1277 -4.5 -45.00510466982733 190.1803
1278 -4.5 -49.87999999785553 190.1803
1279 -4.5 -54.75489533017272 190.1803
1280 -4.5 -59.62983364261461 190.1803
1281 -4.5 -64.5048100757335 190.1803
1282 -1.5 -64.50481007573346 190.1803
1283 -1.5 -59.62983364261454 190.1803
1284 -1.5 -54.75489533017267 190.1803
1285 -1.5 -49.88000000214446 190.1803
1286 -1.5 -45.00510466982728 190.1803
1287 -1.5 -40.13016635738539 190.1803
1288 -1.5 -35.2551899242665 190.1803
1289 1.5 -35.25518992426654 190.1803
1290 1.5 -40.13016635738546 190.1803
1291 1.5 -45.00510466982733 190.1803
1292 1.5 -49.87999999785553 190.1803
1293 1.5 -54.75489533017272 190.1803
1294 1.5 -59.62983364261461 190.1803
1295 1.5 -64.5048100757335 190.1803
1296 4.5 -64.50481007573346 190.1803
1297 4.5 -59.62983364261454 190.1803
1298 4.5 -54.75489533017267 190.1803
1299 4.5 -49.88000000214446 190.1803
1300 4.5 -45.00510466982728 190.1803
1301 4.5 -40.13016635738539 190.1803
1302 4.5 -35.2551899242665 190.1803
1303 -3 -30.38 191.1803
1304 3 -30.38 191.1803
1305 -6.115124999999996 37.88 190.1803
1306 6.115124999999998 31.88 190.1803
1307 -7.86 37.88 191.1803
1308 -5.740500000000001 36.38 191.1803
1309 0.8789999996570983 31.8800000003429 191.1803
1310 -2.121000000342902 34.8800000003429 191.1803
1311 6.489749999999995 30.38 191.1803
1312 3.749249999999996 30.38 191.1803
1313 7.86 31.88 191.1803
1314 5.740500000000001 33.38 191.1803
1315 -0.8789999996571001 37.8799999996571 191.1803
1316 2.121000000342899 34.8799999996571 191.1803
1317 -6.489749999999995 39.38 191.1803
1318 -3.749249999999996 39.38 191.1803
1319 -6.37 37.88 192.1803
1320 -6.37 37.88 194.9803
1321 6.37 31.88 192.1803
1322 6.37 31.88 194.9803
1323 3 -31.88 192.1803
1324 3 -31.88 194.9803
1325 -3 -31.88 192.1803
1326 -3 -31.88 194.9803
1327 0 -85.2737503567642 184.79
1328 -86.40460053584992 -86.31738411099764 184.79
1329 86.40460053584968 -86.31738411099788 184.79
1330 86.32979906278982 86.32979906278963 184.79
1331 -86.29071762757722 86.29071762757744 184.79
1332 7.808500015003304 -86.60588709111575 184.79
1333 -7.808500015004384 -86.6058870911157 184.79
1334 1.4210854715202e-14 -76.86333451320961 184.79
1335 -77.18156153395056 -86.42117940900027 184.79
1336 77.18156153395009 -86.42117940900017 184.79
1337 86.35419534876699 -76.44142654488732 184.79
1338 -86.35419534876682 -76.44142654488707 184.79
1339 -67.43576320748308 -86.81329330993219 184.79
1340 67.43576320748323 -86.81329330993201 184.79
1341 76.29932896224318 86.22807066331407 184.79
1342 -86.22807066331411 76.29932896224322 184.79
1343 86.22807066331377 76.29932896224317 184.79
1344 -76.29932896224325 86.22807066331387 184.79
1345 -57.61141088569174 -86.90520794404567 184.79
1346 57.61141088574931 -86.90520794404618 184.79
1347 67.10304268793865 86.03658506806876 184.79
1348 86.04659495834609 -67.11432026778614 184.79
1349 -86.03658506806876 67.10304268793863 184.79
1350 -67.10304268793767 86.03658506806875 184.79
1351 86.03658506806876 67.10304268793766 184.79
1352 -86.04659495834606 -67.11432026778516 184.79
1353 47.67925410644073 -86.82700310856698 184.79
1354 -47.6792541052131 -86.82700310846197 184.79
1355 57.37085703042756 86.80225327246673 184.79
1356 86.80225327246674 -57.37085703042748 184.79
1357 -86.80225327246673 57.37085703042749 184.79
1358 86.8022532724667 57.3708570304265 184.79
1359 -86.80225327246667 -57.3708570304265 184.79
1360 -57.37085703042651 86.80225327246669 184.79
1361 -37.75606068053882 -86.76887941955455 184.79
1362 37.75606068177859 -86.76887941968828 184.79
1363 17.96043074691455 -86.57738805091749 184.79
1364 -17.96043074691596 -86.57738805091752 184.79
1365 -27.84794541193108 -86.57713667491342 184.79
1366 27.84794541192991 -86.57713667491343 184.79
1367 47.47015907923479 86.9145591623365 184.79
1368 86.91455916233653 -47.4701590792347 184.79
1369 -86.91455916233649 47.4701590792347 184.79
1370 86.9145591623365 47.4701590792335 184.79
1371 -86.91455916233649 -47.4701590792335 184.79
1372 -47.47015907923357 86.91455916233649 184.79
1373 37.38821565915197 86.75699599137802 184.79
1374 86.75699599137805 -37.38821565915186 184.79
1375 -86.75699599137802 37.38821565915186 184.79
1376 86.75699599137802 37.38821565915105 184.79
1377 -86.75699599137799 -37.38821565915104 184.79
1378 -37.38821565915102 86.75699599137801 184.79
1379 86.76444192489157 -27.45731356406718 184.79
1380 -86.76444192489156 27.45731356406718 184.79
1381 27.45731356406726 86.76444192489154 184.79
1382 -27.45731356406574 86.76444192489154 184.79
1383 86.76444192489157 27.4573135640659 184.79
1384 -86.76444192489156 -27.4573135640659 184.79
1385 86.67727443002714 -17.46466161571691 184.79
1386 -86.67727443002714 17.46466161571691 184.79
1387 17.46466161571699 86.67727443002713 184.79
1388 -17.46466161571517 86.67727443002708 184.79
1389 86.67727443002714 17.46466161571536 184.79
1390 -86.67727443002711 -17.46466161571536 184.79
1391 86.75577389778191 -7.199863942394056 184.79
1392 -86.75577389778194 7.199863942394054 184.79
1393 7.19986394239416 86.75577389778189 184.79
1394 -7.19986394239244 86.75577389778185 184.79
1395 86.75577389778189 7.199863942392568 184.79
1396 -86.75577389778191 -7.19986394239257 184.79
1397 1.151079231931362e-12 85.74594063632463 184.79
1398 85.74594063632465 -1.06069546282983e-12 184.79
1399 -85.74594063632468 1.058268757769809e-12 184.79
1400 7.535447821283014e-10 -71.91077037823025 184.79
1401 83.73019757170624 -71.54209499756799 184.79
1402 -83.69616392966144 71.50375120907189 184.79
1403 71.50375120907189 83.69616392966142 184.79
1404 -83.73019757170617 -71.5420949975675 184.79
1405 83.69616392966135 71.5037512090715 184.79
1406 -71.50375120907152 83.69616392966137 184.79
1407 -84.82576964616258 -62.17968087965111 184.79
1408 84.8237676681071 62.17742536368161 184.79
1409 84.82576964616257 -62.17968087965187 184.79
1410 -84.82376766810707 62.17742536368237 184.79
1411 -62.17742536368162 84.8237676681071 184.79
1412 62.17742536368243 84.8237676681071 184.79
1413 -84.99936248696064 -52.28615285041485 184.79
1414 84.99936248696065 52.28615285041485 184.79
1415 52.28615285041574 84.99936248696065 184.79
1416 84.99936248696066 -52.28615285041565 184.79
1417 -84.99936248696066 52.28615285041565 184.79
1418 -52.28615285041492 84.99936248696065 184.79
1419 -42.32321633073214 84.9903110307429 184.79
1420 -84.99031103074289 42.32321633073278 184.79
1421 84.99031103074292 -42.32321633073279 184.79
1422 42.3232163307329 84.9903110307429 184.79
1423 84.9903110307429 42.32321633073202 184.79
1424 -84.99031103074289 -42.32321633073201 184.79
1425 -84.96028758325393 -32.35618181847067 184.79
1426 -32.35618181847052 84.9602875832539 184.79
1427 84.96028758325392 32.35618181847067 184.79
1428 32.35618181847148 84.9602875832539 184.79
1429 -84.96028758325393 32.35618181847136 184.79
1430 84.96028758325393 -32.35618181847136 184.79
1431 -84.94434327098374 22.40649021264009 184.79
1432 84.94434327098375 -22.4064902126401 184.79
1433 22.40649021264018 84.94434327098372 184.79
1434 84.94434327098375 22.40649021263886 184.79
1435 -84.94434327098374 -22.40649021263886 184.79
1436 -22.4064902126387 84.94434327098372 184.79
1437 -84.31151067555039 -12.3485672351465 184.79
1438 84.31151067555035 12.3485672351465 184.79
1439 12.34856723514734 84.31151067555035 184.79
1440 84.31151067555037 -12.3485672351472 184.79
1441 -84.31151067555042 12.3485672351472 184.79
1442 -12.34856723514623 84.31151067555027 184.79
1443 72.21452810645374 -84.90289454378643 184.79
1444 -72.2145281064543 -84.90289454378649 184.79
1445 62.39307508745479 -84.99970025079563 184.79
1446 -62.39307508744373 -84.99970025079557 184.79
1447 -52.53375331257367 -85.00244221050151 184.79
1448 52.53375331283026 -85.00244221052263 184.79
1449 -12.99835967791104 -84.89265502840664 184.79
1450 12.99835967790987 -84.89265502840664 184.79
1451 42.65446437625666 -84.97517650565106 184.79
1452 -42.65446437391101 -84.97517650560332 184.79
1453 -32.78067776441614 -84.92520321889361 184.79
1454 32.78067776466344 -84.92520321892036 184.79
1455 -22.91430053218504 -84.88690494516618 184.79
1456 22.91430053218387 -84.88690494516619 184.79
1457 81.17788818207435 89.99538724458191 184.79
1458 89.99627343419982 -81.17846596122078 184.79
1459 -89.99538724458192 81.17788818207437 184.79
1460 89.99538724458192 81.1778881820736 184.79
1461 -89.99627343419984 -81.17846596122 184.79
1462 -81.17788818207363 89.99538724458196 184.79
1463 -81.2646932628662 -89.90529152232877 184.79
1464 81.26469326286539 -89.90529152232887 184.79
1465 -3.500000705299939 -69.46102533795276 184.79
1466 3.50000070605347 -69.46102533829163 184.79
1467 88.73019757576387 -71.4006255738075 184.79
1468 -88.69616393220888 71.36228178360996 184.79
1469 71.36228178360996 88.69616393220883 184.79
1470 88.69616393220878 71.36228178360869 184.79
1471 -88.73019757576382 -71.40062557380618 184.79
1472 -71.36228178360874 88.69616393220879 184.79
1473 91.00245865999133 91.00245865999119 184.79
1474 90.65442486307614 -90.63262075686326 184.79
1475 -90.65442486307627 -90.63262075686313 184.79
1476 -90.61164430786711 90.61164430786729 184.79
1477 -4.86 37.88 196.4803
1478 -6.561504773837958 36.38 196.4803
1479 -13.36749522705828 36.38 196.4803
1480 -9.964500000896241 36.38 196.4803
1481 -14.4024942470275 39.38 196.4803
1482 -6.768505752286248 39.38 196.4803
1483 -10.58549999931375 39.38 196.4803
1484 -26.78500000000002 -26.78499999999998 197.9802999999999
1485 26.78499999999998 -26.78500000000001 197.9802999999999
1486 -26.78499999999999 26.78500000000002 197.9802999999999
1487 26.78500000000002 26.78499999999999 197.9802999999999
1488 -37.88 -1.06581410364015e-14 197.9802999999999
1489 1.77635683940025e-14 -37.88 197.9802999999999
1490 37.88000000000001 1.77635683940025e-14 197.9802999999999
1491 -31.88 -2.201657740411566 197.9802999999999
1492 -31.88 2.201657740651765 197.9802999999999
1493 -24.10082702003366 20.98917297996634 197.9802999999999
1494 -20.98917297996634 -24.10082702003367 197.9802999999999
1495 -20.98917297979666 24.10082702020334 197.9802999999999
1496 -24.10082702020334 -20.98917297979665 197.9802999999999
1497 -23.65420170404698 29.74298987130946 197.9802999999999
1498 -29.74298987130943 -23.65420170404695 197.9802999999999
1499 23.654201704047 -29.7429898713095 197.9802999999999
1500 29.74298987130946 23.65420170404697 197.9802999999999
1501 -23.654201704047 -29.74298987130929 197.9802999999999
1502 29.7429898713093 -23.65420170404699 197.9802999999999
1503 -29.74298987130931 23.65420170404698 197.9802999999999
1504 23.65420170404699 29.74298987130937 197.9802999999999
1505 -37.75792860653644 -4.305379798868753 197.9802999999999
1506 4.305379798868746 -37.7579286065364 197.9802999999999
1507 37.75792860653641 4.305379798868753 197.9802999999999
1508 -37.75792860653631 4.305379798868653 197.9802999999999
1509 -4.305379798868646 -37.75792860653625 197.9802999999999
1510 37.75792860653631 -4.305379798868653 197.9802999999999
1511 -31.68695640570331 6.375281186576839 197.9802999999999
1512 -31.68695640570328 -6.375281186576846 197.9802999999999
1513 -26.91339789872469 17.9035553636247 197.9802999999999
1514 -17.90355536362469 -26.91339789872469 197.9802999999999
1515 -17.9035553636247 26.91339789872467 197.9802999999999
1516 -26.91339789872468 -17.90355536362469 197.9802999999999
1517 -3.451672617237136 -31.87999999999999 197.9802999999999
1518 -6.665005263062106 37.88 197.9802999999999
1519 5.529005750290679 37.64526363483168 197.9802999999999
1520 13.16099424902344 37.64526363307884 197.9802999999999
1521 -7.044499999356439 -31.65351972801547 197.9802999999999
1522 -34.85774694077143 16.59125305922857 196.4803
1523 -16.59125305922856 34.85774694077144 196.4803
1524 -25.72449999999996 25.72450000000005 196.4803
1525 -31.81327767644653 19.63572232355348 196.4803
1526 -19.63572232355344 31.81327767644657 196.4803
1527 -28.76889408363117 22.68010591636883 196.4803
1528 -22.68010591636876 28.76889408363124 196.4803
1529 -17.95882758237362 37.73217241762638 196.4803
1530 -37.73217241762641 17.95882758237359 196.4803
1531 -27.84550000000002 27.84549999999999 196.4803
1532 -34.43655465307636 21.25444534692364 196.4803
1533 -21.25444534692369 34.43655465307631 196.4803
1534 -31.14103369379712 24.54996630620289 196.4803
1535 -24.54996630620293 31.14103369379708 196.4803
1536 -36.38 -12.91623088082083 196.4803
1537 -36.38 12.91623088082083 196.4803
1538 -36.38 8.881784197001252e-16 196.4803
1539 -36.38 8.610744761783698 196.4803
1540 -36.38 -8.610744761783698 196.4803
1541 -36.38 4.30537979886873 196.4803
1542 -36.38 -4.305379798868697 196.4803
1543 -39.38 13.980797936723 196.4803
1544 -39.38 -13.980797936723 196.4803
1545 -39.38 0 196.4803
1546 -39.38 9.320446700614507 196.4803
1547 -39.38 -9.320446700614511 196.4803
1548 -39.38 -4.660232353596136 196.4803
1549 -39.38 4.66023235359614 196.4803
1550 13.980797936723 -39.38 196.4803
1551 -13.980797936723 -39.38 196.4803
1552 0 -39.38 196.4803
1553 9.320446700614511 -39.38 196.4803
1554 -9.320446700614507 -39.38 196.4803
1555 4.660232353596136 -39.38 196.4803
1556 -4.66023235359614 -39.38 196.4803
1557 -37.73217241762638 -17.95882758237362 196.4803
1558 -17.95882758237359 -37.73217241762641 196.4803
1559 -27.84549999999999 -27.84550000000002 196.4803
1560 -21.25444534692364 -34.43655465307636 196.4803
1561 -34.43655465307631 -21.25444534692369 196.4803
1562 -24.54996630620289 -31.14103369379712 196.4803
1563 -31.14103369379708 -24.54996630620293 196.4803
1564 -16.59125305922857 -34.85774694077143 196.4803
1565 -34.85774694077144 -16.59125305922856 196.4803
1566 -25.72450000000005 -25.72449999999996 196.4803
1567 -19.63572232355348 -31.81327767644653 196.4803
1568 -31.81327767644657 -19.63572232355344 196.4803
1569 -22.68010591636883 -28.76889408363117 196.4803
1570 -28.76889408363124 -22.68010591636876 196.4803
1571 12.91623088082083 -36.38 196.4803
1572 -12.91623088082083 -36.38 196.4803
1573 8.881784197001252e-16 -36.38 196.4803
1574 -8.610744761783698 -36.38 196.4803
1575 8.6107447617837 -36.38 196.4803
1576 -4.30537979886873 -36.38 196.4803
1577 4.305379798868699 -36.38 196.4803
1578 34.85774694077143 -16.59125305922857 196.4803
1579 16.59125305922856 -34.85774694077144 196.4803
1580 25.72449999999996 -25.72450000000005 196.4803
1581 31.81327767644653 -19.63572232355348 196.4803
1582 19.63572232355344 -31.81327767644657 196.4803
1583 28.76889408363117 -22.68010591636883 196.4803
1584 22.68010591636876 -28.76889408363124 196.4803
1585 36.38 12.91623088082083 196.4803
1586 36.38 -12.91623088082083 196.4803
1587 36.38 -8.881784197001252e-16 196.4803
1588 36.38 -8.610744761783698 196.4803
1589 36.38 8.610744761783698 196.4803
1590 36.38 -4.30537979886873 196.4803
1591 36.38 4.305379798868697 196.4803
1592 39.38 13.980797936723 196.4803
1593 39.38 -13.980797936723 196.4803
1594 39.38 0 196.4803
1595 39.38 9.320446700614511 196.4803
1596 39.38 -9.320446700614507 196.4803
1597 39.38 4.660232353596136 196.4803
1598 39.38 -4.66023235359614 196.4803
1599 17.95882758237362 -37.73217241762638 196.4803
1600 37.73217241762641 -17.95882758237359 196.4803
1601 27.84550000000002 -27.84549999999999 196.4803
1602 34.43655465307636 -21.25444534692364 196.4803
1603 21.25444534692369 -34.43655465307631 196.4803
1604 31.14103369379712 -24.54996630620289 196.4803
1605 24.54996630620293 -31.14103369379708 196.4803
1606 4.701008187912137 39.38 196.4803
1607 13.98899181208786 39.38 196.4803
1608 9.344999999999999 39.38 196.4803
1609 37.73217241762638 17.95882758237362 196.4803
1610 17.95882758237359 37.73217241762641 196.4803
1611 27.84549999999999 27.84550000000002 196.4803
1612 21.25444534692364 34.43655465307636 196.4803
1613 34.43655465307631 21.25444534692369 196.4803
1614 24.54996630620289 31.14103369379712 196.4803
1615 31.14103369379708 24.54996630620293 196.4803
1616 16.59125305922857 34.85774694077143 196.4803
1617 34.85774694077144 16.59125305922856 196.4803
1618 25.72450000000005 25.72449999999996 196.4803
1619 19.63572232355348 31.81327767644653 196.4803
1620 31.81327767644657 19.63572232355344 196.4803
1621 22.68010591636883 28.76889408363117 196.4803
1622 28.76889408363124 22.68010591636876 196.4803
1623 13.16099424936638 36.38 196.4803
1624 5.529005750633619 36.38 196.4803
1625 9.344999999999999 36.38 196.4803
1626 -12.12932855926327 33.38 196.4803
1627 -5.322671440736725 33.38 196.4803
1628 -8.725999999999999 33.38 196.4803
1629 -2.120999999657099 34.8800000003429 196.4803
1630 0.8790000003429006 37.8800000003429 196.4803
1631 2.120999999657097 34.8799999996571 196.4803
1632 -0.8790000003429024 31.8799999996571 196.4803
1633 -4.080671440736725 30.38 196.4803
1634 -10.88732855926328 30.38 196.4803
1635 -7.484 30.38 196.4803
1636 -14.07160799054704 28.89739200945296 196.4803
1637 -28.89739200945298 14.07160799054702 196.4803
1638 -22.96707672401404 20.00192327598596 196.4803
1639 -20.00192327598596 22.96707672401404 196.4803
1640 -25.93221873346702 17.03678126653298 196.4803
1641 -17.036781266533 25.932218733467 196.4803
1642 -30.38 10.49079844179463 196.4803
1643 -30.38 -10.49079844179463 196.4803
1644 -30.38 2.098157320578978 196.4803
1645 -30.38 -2.098157320578977 196.4803
1646 -30.38 6.294455762373607 196.4803
1647 -30.38 -6.294455762373607 196.4803
1648 -33.38 -11.52579550112751 196.4803
1649 -33.38 11.52579550112751 196.4803
1650 -33.38 2.305158160484359 196.4803
1651 -33.38 -2.305158160484357 196.4803
1652 -33.38 -6.915453661611867 196.4803
1653 -33.38 6.915453661611867 196.4803
1654 -31.7508899271104 15.46011007288961 196.4803
1655 -15.46011007288959 31.75088992711041 196.4803
1656 -25.23457731605328 21.97642268394672 196.4803
1657 -21.97642268360737 25.23457731639263 196.4803
1658 -18.71828275666662 28.49271724333337 196.4803
1659 -28.49271724333335 18.71828275666665 196.4803
1660 -3.555173035127678 -33.38 196.4803
1661 -11.77582696566788 -33.38 196.4803
1662 -7.665500000795559 -33.38 196.4803
1663 -15.46011007288961 -31.7508899271104 196.4803
1664 -31.75088992711041 -15.46011007288959 196.4803
1665 -21.97642268394672 -25.23457731605328 196.4803
1666 -25.23457731639263 -21.97642268360737 196.4803
1667 -28.49271724333337 -18.71828275666662 196.4803
1668 -18.71828275666665 -28.49271724333335 196.4803
1669 -28.89739200945296 -14.07160799054704 196.4803
1670 -14.07160799054702 -28.89739200945298 196.4803
1671 -20.00192327598596 -22.96707672401404 196.4803
1672 -22.96707672401404 -20.00192327598596 196.4803
1673 -17.03678126653298 -25.93221873346702 196.4803
1674 -25.932218733467 -17.036781266533 196.4803
1675 -10.74082780000986 -30.38 196.4803
1676 -3.348172199346584 -30.38 196.4803
1677 -7.04449999935644 -30.38 196.4803
1678 -1.5 -31.88 196.4803
1679 1.5 -31.88 196.4803
1680 3.348172199990143 -30.38 196.4803
1681 10.74082780065342 -30.38 196.4803
1682 7.04450000064356 -30.38 196.4803
1683 11.77582696487232 -33.38 196.4803
1684 3.555173034332119 -33.38 196.4803
1685 7.665499999204441 -33.38 196.4803
1686 31.88 2.201657740411566 197.9803
1687 31.88 -2.201657740651768 197.9803
1688 24.10082702003366 -20.98917297996634 197.9803
1689 20.98917297996634 24.10082702003366 197.9803
1690 20.98917297979666 -24.10082702020334 197.9803
1691 24.10082702020334 20.98917297979666 197.9803
1692 6.947500000197081 31.88 197.9803
1693 31.68695640570331 -6.37528118657684 197.9803
1694 31.68695640570327 6.375281186576842 197.9803
1695 26.91339789872469 -17.9035553636247 197.9803
1696 17.9035553636247 26.91339789872466 197.9803
1697 17.9035553636247 -26.91339789872467 197.9803
1698 26.91339789872466 17.90355536362471 197.9803
1699 3.451672617161133 -31.88 197.9803
1700 7.044500000643557 -31.65351972939145 197.9803
1701 14.07160799054704 -28.89739200945296 196.4803
1702 28.89739200945298 -14.07160799054702 196.4803
1703 22.96707672401404 -20.00192327598596 196.4803
1704 20.00192327598596 -22.96707672401404 196.4803
1705 25.93221873346702 -17.03678126653298 196.4803
1706 17.036781266533 -25.932218733467 196.4803
1707 31.7508899271104 -15.46011007288961 196.4803
1708 15.46011007288959 -31.75088992711041 196.4803
1709 25.23457731605328 -21.97642268394672 196.4803
1710 21.97642268360737 -25.23457731639263 196.4803
1711 18.71828275666662 -28.49271724333337 196.4803
1712 28.49271724333335 -18.71828275666665 196.4803
1713 30.38 -10.49079844179463 196.4803
1714 30.38 10.49079844179463 196.4803
1715 30.38 2.098157320578977 196.4803
1716 30.38 -2.098157320578977 196.4803
1717 30.38 -6.294455762373607 196.4803
1718 30.38 6.294455762373607 196.4803
1719 33.38 -11.52579550112751 196.4803
1720 33.38 11.52579550112751 196.4803
1721 33.38 -2.305158160484359 196.4803
1722 33.38 2.305158160484357 196.4803
1723 33.38 6.915453661611867 196.4803
1724 33.38 -6.915453661611867 196.4803
1725 7.102750000662426 33.38 196.4803
1726 11.58825000066243 33.38 196.4803
1727 15.46011007288961 31.7508899271104 196.4803
1728 31.75088992711041 15.46011007288959 196.4803
1729 21.97642268394672 25.23457731605328 196.4803
1730 25.23457731639263 21.97642268360737 196.4803
1731 28.49271724333337 18.71828275666662 196.4803
1732 18.71828275666665 28.49271724333335 196.4803
1733 28.89739200945296 14.07160799054704 196.4803
1734 14.07160799054702 28.89739200945298 196.4803
1735 20.00192327598596 22.96707672401404 196.4803
1736 22.96707672401404 20.00192327598596 196.4803
1737 17.03678126653298 25.93221873346702 196.4803
1738 25.932218733467 17.036781266533 196.4803
1739 10.65674999973173 30.38 196.4803
1740 6.792249999731732 30.38 196.4803
1741 4.86 31.88 196.4803
1742 -143.76 -1.4210854715202e-13 304.1029745257238
1743 -143.76 -50.11268010928261 279.5423340284336
1744 -143.76 50.11268010928248 279.5423340284336
1745 -143.76 -53.50400542468593 342.2630634680511
1746 -143.76 53.50400542468563 342.2630634680511
1747 -143.76 0 246.0614638196337
1748 -143.76 -2.273736754432321e-13 357.2532323990073
1749 -143.76 -97.07339659626142 246.5453933828201
1750 -143.76 97.07339659626143 246.5453933828201
1751 -143.76 101.949832474239 355.2835136856462
1752 -143.76 -101.9498324742392 355.2835136856463
1753 -143.76 -51.73869279904751 234.3819582461775
1754 -143.76 51.73869279904758 234.3819582461775
1755 -143.76 98.35998576741139 303.8991507608251
1756 -143.76 -98.35998576741154 303.8991507608251
1757 -1.70530256582424e-13 143.76 304.1029745257238
1758 -50.11268010928262 143.76 279.5423340284336
1759 50.11268010928248 143.76 279.5423340284336
1760 -53.50400542468594 143.76 342.2630634680511
1761 53.50400542468563 143.76 342.2630634680511
1762 0 143.76 246.0614638196337
1763 -2.557953848736361e-13 143.76 357.2532323990072
1764 -97.07339659626142 143.76 246.5453933828201
1765 97.07339659626143 143.76 246.5453933828201
1766 101.949832474239 143.76 355.2835136856462
1767 -101.9498324742392 143.76 355.2835136856463
1768 -51.73869279904751 143.76 234.3819582461775
1769 51.73869279904758 143.76 234.3819582461775
1770 98.35998576741139 143.76 303.8991507608251
1771 -98.35998576741154 143.76 303.8991507608251
1772 143.76 1.70530256582424e-13 304.1029745257238
1773 143.76 50.11268010928262 279.5423340284336
1774 143.76 -50.11268010928248 279.5423340284336
1775 143.76 53.50400542468594 342.2630634680511
1776 143.76 -53.50400542468563 342.2630634680511
1777 143.76 0 246.0614638196337
1778 143.76 2.557953848736361e-13 357.2532323990072
1779 143.76 97.07339659626142 246.5453933828201
1780 143.76 -97.07339659626143 246.5453933828201
1781 143.76 -101.949832474239 355.2835136856462
1782 143.76 101.9498324742392 355.2835136856463
1783 143.76 51.73869279904751 234.3819582461775
1784 143.76 -51.73869279904758 234.3819582461775
1785 143.76 -98.35998576741139 303.8991507608251
1786 143.76 98.35998576741154 303.8991507608251
1787 1.70530256582424e-13 -143.76 304.1029745257238
1788 50.11268010928262 -143.76 279.5423340284336
1789 -50.11268010928248 -143.76 279.5423340284336
1790 53.50400542468594 -143.76 342.2630634680511
1791 -53.50400542468563 -143.76 342.2630634680511
1792 0 -143.76 246.0614638196337
1793 2.557953848736361e-13 -143.76 357.2532323990072
1794 97.07339659626142 -143.76 246.5453933828201
1795 -97.07339659626143 -143.76 246.5453933828201
1796 -101.949832474239 -143.76 355.2835136856462
1797 101.9498324742392 -143.76 355.2835136856463
1798 51.73869279904751 -143.76 234.3819582461775
1799 -51.73869279904758 -143.76 234.3819582461775
1800 -98.35998576741139 -143.76 303.8991507608251
1801 98.35998576741154 -143.76 303.8991507608251
1802 0.5997570192803654 0.1832830700455137 199.8803
1803 -59.92773038011632 -62.63920148207999 199.8803
1804 14.7273303092627 -68.82639553634843 199.8803
1805 70.33029586357888 -22.89501782027725 199.8803
1806 68.9528075199827 58.85149304965664 199.8803
1807 70.21383163766812 -90.32647206607447 199.8803
1808 46.36342087597556 -55.51281337462927 199.8803
1809 -11.36021462526971 68.43030162177587 199.8803
1810 -66.89617752818879 28.50688233812868 199.8803
1811 -67.98678176951192 86.51558313218405 199.8803
1812 -43.68467914998514 56.29188137563091 199.8803
1813 -21.60644190472205 -38.86480739116114 199.8803
1814 -63.60188207180896 -14.22437053868378 199.8803
1815 -25.53291536608315 -78.56821903330238 199.8803
1816 16.37409142855287 -38.56804217708947 199.8803
1817 -2.486013906269269 -54.02190963538226 199.8803
1818 -1.370016112878315 -34.8412253007457 199.8803
1819 38.29900003409288 -5.960899173585108 199.8803
1820 74.1280406133875 21.51067329628506 199.8803
1821 39.27991008617231 30.88928382664074 199.8803
1822 23.34684713116003 60.59639786081348 199.8803
1823 40.98499936412215 -34.56692430235557 199.8803
1824 24.951528560071 -19.82584265675962 199.8803
1825 6.556030191747799 -20.12933335253465 199.8803
1826 15.37751668770221 -56.65700503247781 199.8803
1827 54.46408811790435 12.56044940959561 199.8803
1828 -19.36978453803561 -16.71521009163202 199.8803
1829 -39.91769506790552 11.38312796577335 199.8803
1830 -15.16024017809357 39.05096596197294 199.8803
1831 14.07794591292336 36.48016837780079 199.8803
1832 22.5534625743514 11.55708217142279 199.8803
1833 17.86927062476803 0.2706100335217378 199.8803
1834 0.814499635356858 54.22849901462313 199.8803
1835 -37.39831472703659 -28.04697575117234 199.8803
1836 -36.84699152109355 -7.507369805067747 199.8803
1837 -17.7929694673112 2.474314423449387 199.8803
1838 -23.82988794749304 21.90555442708307 199.8803
1839 -40.79363124354572 35.51743558305381 199.8803
1840 -15.25555311562151 -28.81918306749532 199.8803
1841 -18.05856724271041 -62.2304024480415 199.8803
1842 102.8307247050356 -54.16916551419065 199.8803
1843 -102.3898793647005 59.23844345118555 199.8803
1844 -57.46033958426708 0.7531928849819849 199.8803
1845 -43.94642055662816 -44.03818261770905 199.8803
1846 26.30941099290705 31.24589102531529 199.8803
1847 15.34181041187206 23.11135745676998 199.8803
1848 -2.241165207940981 18.86744488867235 199.8803
1849 0.5261314761696019 34.54197076229171 199.8803
1850 -105.1591574172108 -8.547747400569648 199.8803
1851 -88.17988333184084 -39.23750590834577 199.8803
1852 -101.1448542677265 28.40228850040792 199.8803
1853 -3.465358962546523 -113.5586793194257 199.8803
1854 35.28526521740305 -102.2399349510951 199.8803
1855 5.164232778887317 -45.16134523063592 199.8803
1856 39.86063446328515 8.091125672128017 199.8803
1857 34.18320987515103 21.35894513371208 199.8803
1858 -26.65694227509514 -30.95634811610167 199.8803
1859 107.0768499126629 50.9755962045222 199.8803
1860 96.92219963281147 99.66149687938734 199.8803
1861 43.64214386575698 103.5503073724385 199.8803
1862 14.28462412545271 91.80094238642744 199.8803
1863 27.90574655425651 43.10736382217199 199.8803
1864 -60.55240433343828 -108.4821503037026 199.8803
1865 -4.448058523661952 -22.60526625573866 199.8803
1866 -29.69151288510261 -109.7254645207625 199.8803
1867 29.09670587584505 -32.92467097640687 199.8803
1868 108.9657404932337 -9.779719082840344 199.8803
1869 108.5049295390648 21.61195035196959 199.8803
1870 59.50567400862195 -10.08090277446949 199.8803
1871 19.91387642539954 -26.75577779797825 199.8803
1872 40.61601863186641 -21.42026330945916 199.8803
1873 30.62671613726537 -12.11742574390214 199.8803
1874 6.540211224727409 28.93965883185224 199.8803
1875 -102.5769291792413 -76.04506427437983 199.8803
1876 5.23631588060822 -32.98875818345321 199.8803
1877 -78.43842362713548 2.849340509246758 199.8803
1878 -39.1289387745025 87.2216538999308 199.8803
1879 -12.86945902421998 109.6205735763517 199.8803
1880 -11.73191740682869 -45.52859980124533 199.8803
1881 -28.33029097332635 36.35409416285582 199.8803
1882 -105.5446775413274 103.8747674741085 199.8803
1883 -32.89747993117074 2.680727000448914 199.8803
1884 -30.42693679156719 12.96108707556681 199.8803
1885 -37.85533173749463 22.89979436616845 199.8803
1886 -22.86402031194746 -7.742038076718327 199.8803
1887 -29.96689950740093 -16.51217351567146 199.8803
1888 -25.55989919295925 56.00343532456181 199.8803
1889 -72.80394617822058 57.14220760332654 199.8803
1890 -40.99916479729661 -17.47708703717256 199.8803
1891 72.5604375552705 -57.25411700283892 199.8803
1892 67.06562551280624 85.22373903028469 199.8803
1893 89.43485065011959 71.63401363414307 199.8803
1894 71.16361739968963 111.5615879563466 199.8803
1895 -49.29338890338721 23.23772795351542 199.8803
1896 -11.4304607224761 24.00692105451202 199.8803
1897 -14.14758207752614 15.51995107561178 199.8803
1898 32.4315026314376 -25.59629966749303 199.8803
1899 106.1901114754064 -102.1659517046151 199.8803
1900 -7.212036708542514 30.76005361335628 199.8803
1901 -6.957573954229056 41.22578733326851 199.8803
1902 92.48794495024308 -70.80603216793345 199.8803
1903 -92.32642447195141 76.88364721215812 199.8803
1904 27.96045327023688 3.80559021075831 199.8803
1905 97.45952618031841 -36.13745106726006 199.8803
1906 -3.875249897037094 -92.50393480859125 199.8803
1907 11.86311971823921 -97.03882036074739 199.8803
1908 39.44690545556967 -77.68932786617557 199.8803
1909 82.89700010236072 -5.603837635860634 199.8803
1910 -55.24005123074196 120.7864654830329 199.8803
1911 -77.95695067859737 110.4211229952212 199.8803
1912 39.95561945979627 2.193043080451762 199.8803
1913 81.58785061948319 41.21786443172818 199.8803
1914 58.2832020746792 33.03504424634148 199.8803
1915 -74.54336772531389 -82.9905768619324 199.8803
1916 -96.8178346305717 -114.9747477477079 199.8803
1917 -54.21318571520417 -82.46220377859768 199.8803
1918 44.78952388186948 77.71730932537719 199.8803
1919 24.96344669332742 -44.67321944834892 199.8803
1920 44.38320100647712 20.64227902080204 199.8803
1921 18.40429111239005 30.90787179465924 199.8803
1922 -13.88353656685456 -35.59535654020608 199.8803
1923 7.387346138575939 36.77870337012293 199.8803
1924 2.696715482645081 42.5068385439443 199.8803
1925 13.77207520691482 44.47267909072769 199.8803
1926 -119.3824282051635 -54.22638377876979 199.8803
1927 29.33378064964251 -4.922761267516597 199.8803
1928 13.04688568066699 -29.90720775320912 199.8803
1929 -84.44212852563575 -60.99046861293225 199.8803
1930 -5.001933369242528 -68.30055608790768 199.8803
1931 -45.80804566755309 -9.204665808229297 199.8803
1932 29.88091372690222 10.08460640753654 199.8803
1933 -21.10723505461243 -24.79194357718106 199.8803
1934 -22.8169008260428 29.42805968948183 199.8803
1935 58.4056206961696 -113.1392550040164 199.8803
1936 -85.77090158633233 -17.55895010829331 199.8803
1937 -7.896222264119737 -30.00174987092831 199.8803
1938 -28.92019381115471 -23.16909922240568 199.8803
1939 -107.0074613273903 -33.0047528678231 199.8803
1940 25.21074080407904 21.4996441405652 199.8803
1941 -81.13090740513447 40.4628261128667 199.8803
1942 -45.81299597864384 1.097963272571713 199.8803
1943 -64.49136601956614 -38.18097315495936 199.8803
1944 -19.60221519609107 -32.51034990350232 199.8803
1945 51.52919813899432 -90.19244385921358 199.8803
1946 80.69919618283313 -107.7523139800192 199.8803
1947 -29.89909572326608 27.44885650294069 199.8803
1948 50.29015068362498 -0.5221380824363744 199.8803
1949 46.29967513278905 -12.41604050595517 199.8803
1950 53.02816881721539 -23.32191309814919 199.8803
1951 60.43859053851127 -38.56597091944465 199.8803
1952 33.26754557853038 -18.60065363486169 199.8803
1953 37.71196193201153 -14.04343679669451 199.8803
1954 3.997650535508832 122.8896425182194 199.8803
1955 -13.48310131499271 50.47501259371655 199.8803
1956 12.74963440701127 -10.12978188903248 199.8803
1957 43.92612137269217 51.24146089179693 199.8803
1958 -112.2589970394607 74.20731747724014 199.8803
1959 8.094711051798416 73.98045457824267 199.8803
1960 24.12510921199029 79.42687434573745 199.8803
1961 -47.53572337385558 10.31127557040985 199.8803
1962 -63.50257984261356 14.43008805457818 199.8803
1963 -22.67215719309448 43.91198021035999 199.8803
1964 110.6210474711699 83.56046659043703 199.8803
1965 122.1998680847227 115.6505988908689 199.8803
1966 18.15771439236186 -113.8836311823833 199.8803
1967 20.84738468344674 109.9999154954661 199.8803
1968 45.27879615982378 5.962016829053139 199.8803
1969 -34.51326161094804 9.132102325377604 199.8803
1970 -2.406295265548829 -42.71011881244892 199.8803
1971 -35.41125496667662 -13.98933390396729 199.8803
1972 21.4281594178775 -33.54684540455447 199.8803
1973 -35.76144498013075 15.37199249400325 199.8803
1974 -41.96450555122795 16.63620006708008 199.8803
1975 112.7005905474209 -71.38404890141048 199.8803
1976 25.68446784304042 -26.24717004729427 199.8803
1977 -2.642654599512233 89.39965644680697 199.8803
1978 0.7892719789587137 -27.97449868550989 199.8803
1979 5.181347511361521 -63.15678933705168 199.8803
1980 -34.78779963870755 108.0863842042176 199.8803
1981 -30.08369042563632 19.1705128807308 199.8803
1982 20.17542559348595 37.61078264561728 199.8803
1983 -118.8004741145126 -100.0516745215637 199.8803
1984 -38.77689767979442 -1.949957307527293 199.8803
1985 79.40016681940182 -37.9236123264787 199.8803
1986 -81.39142603884719 20.92210907118638 199.8803
1987 6.407125932995431 -27.74994949367672 199.8803
1988 -12.92700903963506 -22.46435008324958 199.8803
1989 -8.762363485261481 -12.45639928647088 199.8803
1990 -23.89944354721283 14.10106352591879 199.8803
1991 12.89702216715905 30.90103555495042 199.8803
1992 30.1098398696708 93.03926757782648 199.8803
1993 -25.02480187695381 -18.90412488170292 199.8803
1994 90.38543596117405 9.936508971028257 199.8803
1995 0.7021914523197312 27.04069356168472 199.8803
1996 -28.85040859818145 71.62121708759344 199.8803
1997 92.3366213291545 29.05051865110666 199.8803
1998 9.349813183121626 -38.59948680713135 199.8803
1999 13.08215751157108 -46.1135273079967 199.8803
2000 7.26384811665057 -53.02211530870888 199.8803
2001 -85.11983032144813 94.46074439083112 199.8803
2002 -49.64221594599963 -24.00416755484944 199.8803
2003 -15.92310482029651 30.58654360537378 199.8803
2004 -21.20994435136402 35.94507479267484 199.8803
2005 -31.30725350920692 -38.35491207985521 199.8803
2006 59.5909422282526 -73.78251178886534 199.8803
2007 3.194810092838004 -38.86018686688301 199.8803
2008 -59.38871542719847 69.09482229689114 199.8803
2009 -28.16713892530799 6.95310887829321 199.8803
2010 36.06233525540428 13.43757970761214 199.8803
2011 21.32859793440739 26.524606362983 199.8803
2012 27.04697914665573 -64.1501092486175 199.8803
2013 31.21732655759734 26.20742719178504 199.8803
2014 9.864960944573987 12.48731059668521 199.8803
2015 -59.26105207464347 43.90525290842957 199.8803
2016 -118.5996381971487 12.9463822021039 199.8803
2017 -37.9299166038746 -67.1727998605224 199.8803
2018 -31.38707117123592 -4.208985173621711 199.8803
2019 -20.49819396424836 -94.27334023009453 199.8803
2020 -36.90244888382737 -90.40314314079444 199.8803
2021 -21.0803061215276 88.62842517046921 199.8803
2022 -34.53915067132164 -19.83891786570375 199.8803
2023 -39.78077759871685 -11.95180988427464 199.8803
2024 -25.53327745980344 -13.93240464446937 199.8803
2025 34.3595930435125 6.225061791507073 199.8803
2026 -52.53119566737896 98.50118709552117 199.8803
2027 -17.62831501434465 24.30047464430663 199.8803
2028 5.173202690416766 104.959333117885 199.8803
2029 -94.6964206374864 -94.76862595708189 199.8803
2030 68.2282018723466 4.087366557854633 199.8803
2031 -26.60249187917917 -0.0866275369521993 199.8803
2032 16.70026876730634 -19.8870166761053 199.8803
2033 75.99403608791533 -76.32901812663781 199.8803
2034 22.02284543195383 -11.08645252008967 199.8803
2035 -30.33454570423021 -10.64864531591362 199.8803
2036 28.94574554117611 15.47745691486735 199.8803
2037 -39.90900894038635 5.442539804509023 199.8803
2038 118.2341716064196 -46.14855484449361 199.8803
2039 -97.3785197652514 11.35834287521938 199.8803
2040 -76.82961203179624 73.50160244663111 199.8803
2041 88.94776004205386 -51.25807561574035 199.8803
2042 86.72486056103747 -21.89636844889034 199.8803
2043 5.935196533288171 22.07365020104178 199.8803
2044 86.7630896755621 55.66974183001253 199.8803
2045 84.4108097594191 88.02772284374619 199.8803
2046 -117.2740038190365 47.40918897757337 199.8803
2047 -99.79239742379436 -50.58108299708572 199.8803
2048 -7.208869513744338 -37.8474492069041 199.8803
2049 -80.74349753779251 -99.78106637982555 199.8803
2050 -26.92814808255265 -49.86824652313187 199.8803
2051 85.11702406681323 -89.475957609056 199.8803
2052 -11.90335022670494 -79.02285979056589 199.8803
2053 4.62753395007514 -78.62597434212277 199.8803
2054 93.69795691470988 117.4168182794345 199.8803
2055 -87.41423788600372 58.7985384580917 199.8803
2056 -32.20813155058218 45.61576533129247 199.8803
2057 -99.00465786421907 45.56250392238218 199.8803
2058 -52.81399443903752 83.06437132767566 199.8803
2059 -44.70992818455821 73.42833851359559 199.8803
2060 33.87591088691521 0.1020132337349593 199.8803
2061 95.34722687838001 85.72092498692841 199.8803
2062 21.40328800079636 -81.54227466773939 199.8803
2063 44.05799651734461 12.61782443855621 199.8803
2064 -1.065537576586363e-16 0 399.8803
2065 -58.61575196405676 -58.61575196405698 399.8803
2066 -58.61575196405698 58.61575196405676 399.8803
2067 58.61575196405676 58.61575196405698 399.8803
2068 58.61575196405698 -58.61575196405676 399.8803
2069 -83.46231178434127 -2.830419461143396e-13 399.8803
2070 -2.830419461143396e-13 83.46231178434127 399.8803
2071 83.46231178434127 2.830419461143396e-13 399.8803
2072 2.830419461143396e-13 -83.46231178434127 399.8803
2073 -95.72019999999998 -95.72020000000003 399.8803
2074 -95.72020000000003 95.72019999999998 399.8803
2075 95.72019999999998 95.72020000000003 399.8803
2076 95.72020000000003 -95.72019999999998 399.8803
2077 -4.687655310771688 5.120604581523681 199.4803
2078 -59.99519855672381 -62.58382666030889 199.4803
2079 15.3459259332884 -69.75066715656537 199.4803
2080 70.88041455231772 -23.74749672946828 199.4803
2081 64.82777250987995 59.82309483631953 199.4803
2082 68.729198863368 -86.18409827124638 199.4803
2083 44.66780456563868 -55.09761634056516 199.4803
2084 -11.36191601377761 68.42920333015199 199.4803
2085 -66.57091431872865 28.23478050686541 199.4803
2086 -67.98687518669084 86.51393875829939 199.4803
2087 -42.80529382292581 56.2887046374389 199.4803
2088 -20.39327320363696 -39.60587917993696 199.4803
2089 -63.51548647650895 -14.33722129339601 199.4803
2090 -25.38837773196399 -78.58126898962588 199.4803
2091 15.48102733329801 -36.39747404253381 199.4803
2092 -2.489086535542058 -54.12388897948634 199.4803
2093 -2.01319497914938 -34.7566581107532 199.4803
2094 37.57382456384436 -5.509661375453034 199.4803
2095 73.81641444292326 21.49684547084874 199.4803
2096 40.30293685872027 32.29560206636739 199.4803
2097 22.36363470284165 60.86375454708033 199.4803
2098 40.22194850097551 -34.6439764157093 199.4803
2099 24.81756130018358 -19.79327028622853 199.4803
2100 6.626631367390095 -20.74570506587453 199.4803
2101 15.9987261175447 -57.1134214912213 199.4803
2102 54.62332938037876 12.45782055839821 199.4803
2103 -18.05809701153505 -62.23025164217137 199.4803
2104 -19.09783386303891 -15.68044834180528 199.4803
2105 -39.85826070600326 11.34556986659141 199.4803
2106 -16.88057025651552 38.38479247924075 199.4803
2107 14.12632125042718 36.5153574704512 199.4803
2108 22.55194938100257 11.5564588725636 199.4803
2109 20.40228797932158 0.2696719728579196 199.4803
2110 0.5315544285840146 54.02408180627863 199.4803
2111 -37.39711299639209 -28.046641015054 199.4803
2112 -36.84525391721052 -7.506627877267171 199.4803
2113 -18.83587438999951 3.387286222952014 199.4803
2114 -23.82737301054565 21.90564349388593 199.4803
2115 -14.79512657101805 -28.29383756027191 199.4803
2116 -40.42643726796238 35.7163695978608 199.4803
2117 -57.19913601869672 0.4582124747827896 199.4803
2118 102.8292245282117 -54.16844644380687 199.4803
2119 -102.3892845116173 59.23722157514849 199.4803
2120 26.38104477324412 27.87983377484645 199.4803
2121 15.35103173193144 22.78416836100823 199.4803
2122 -3.87416098155921 19.68506139625001 199.4803
2123 -0.3345486092316572 34.91732943323267 199.4803
2124 -43.8469853397066 -44.09390909369114 199.4803
2125 5.491871858499232 -44.69780266375631 199.4803
2126 -96.34804590206373 -4.491662712427074 199.4803
2127 -91.30440179565274 -39.26154362075965 199.4803
2128 -97.41494032549684 28.89033319617753 199.4803
2129 -3.448283339161493 -113.6234639913489 199.4803
2130 35.28576506626062 -102.2392046773495 199.4803
2131 -26.06997407989034 -30.67517145266886 199.4803
2132 25.11599318629108 46.07381423348583 199.4803
2133 -4.729823568708087 -22.50444503732929 199.4803
2134 39.15940432651882 10.06987436982011 199.4803
2135 32.09321753810752 19.63636980284116 199.4803
2136 7.659228838632421 28.67310006421706 199.4803
2137 28.84237445220472 -32.71374080118064 199.4803
2138 19.36986842768646 -27.62820365018408 199.4803
2139 107.0763115883447 50.97446088662251 199.4803
2140 97.38006569490491 99.09901809190616 199.4803
2141 41.80098814935918 108.8895185378051 199.4803
2142 14.94390119354756 92.3793613580448 199.4803
2143 6.69861754831982 -33.21847086337726 199.4803
2144 -60.64411584704335 -108.4480377859055 199.4803
2145 -29.7381398333638 -109.8213526744512 199.4803
2146 61.13054536288244 -9.804881426320144 199.4803
2147 39.79310736593585 -20.77523885664038 199.4803
2148 30.37521447415786 -11.75662686815099 199.4803
2149 108.9364109929036 -9.817479136577129 199.4803
2150 108.2237876498976 21.63624080529464 199.4803
2151 -10.95118151120715 -45.31152415734925 199.4803
2152 -28.81829049737344 36.31272338105418 199.4803
2153 -105.0075218818922 -79.20412949003864 199.4803
2154 -77.1578118727008 1.035326854679139 199.4803
2155 -39.03981749041152 87.21187763661523 199.4803
2156 -12.90930385586201 109.6162273658964 199.4803
2157 -33.39839190983787 2.630615939977806 199.4803
2158 -30.4633391933589 12.82876888498811 199.4803
2159 -37.80171366358415 22.90191280789559 199.4803
2160 -23.87607907703857 -7.06975786205648 199.4803
2161 -30.24447585253836 -16.35209352397021 199.4803
2162 -40.99788995240143 -17.47650323372928 199.4803
2163 -105.516841187942 103.8515279417712 199.4803
2164 -26.33083806220431 55.78089960181106 199.4803
2165 -72.71764818497017 57.00556314893639 199.4803
2166 -49.22905785634217 23.23740160366924 199.4803
2167 31.80543689078637 -25.15048366313481 199.4803
2168 76.15451449640382 -56.79949116103911 199.4803
2169 67.14607155937713 84.22733631725995 199.4803
2170 93.51128076487538 72.97195200062811 199.4803
2171 71.4415491737813 109.9787491801405 199.4803
2172 -12.00537506362994 24.75988452098206 199.4803
2173 -15.2932770383697 16.58512285682501 199.4803
2174 -6.741315386456233 30.61819026490805 199.4803
2175 -6.958199569586815 44.20383080688427 199.4803
2176 106.1883998147414 -102.1637941874612 199.4803
2177 28.44537305771557 3.854268499513786 199.4803
2178 39.8476100375172 2.810966509965166 199.4803
2179 92.68580756236612 -71.04265403547267 199.4803
2180 -92.32531172452079 76.88182995093504 199.4803
2181 -3.892863428942113 -92.57263275610364 199.4803
2182 11.93804715078569 -97.30806524455983 199.4803
2183 36.94528732372484 -83.65681495326481 199.4803
2184 97.49746463413115 -36.30523492303493 199.4803
2185 82.89660165229742 -5.603148583853492 199.4803
2186 7.080203967618346 36.21526115101724 199.4803
2187 1.350394211463913 41.98478057080204 199.4803
2188 12.91722666105955 44.98028166040879 199.4803
2189 19.09205985105702 30.73548023330272 199.4803
2190 79.90424930151266 42.38921696529599 199.4803
2191 57.42416832276655 33.4245373206792 199.4803
2192 -12.13203623701602 -37.27267528363525 199.4803
2193 -75.01413159097757 -82.6456029144688 199.4803
2194 -96.85383985038983 -115.0262779177061 199.4803
2195 -54.30650722100746 -82.39255867008868 199.4803
2196 -55.2387333028157 120.7844719575264 199.4803
2197 -77.95603001275666 110.4199121030096 199.4803
2198 12.68081293429109 -29.90877197065224 199.4803
2199 24.96405347475135 -44.67335096868239 199.4803
2200 30.19271885579763 -4.93048269179723 199.4803
2201 45.30546768927982 22.15213694739574 199.4803
2202 44.50099874620489 76.8150551319206 199.4803
2203 -84.44143005316133 -60.98823779913202 199.4803
2204 -112.7505515043065 -52.40510562510642 199.4803
2205 -8.187955339469536 -30.01167732399572 199.4803
2206 -108.229955295133 -23.48127885395538 199.4803
2207 29.71589302422262 10.22460602461125 199.4803
2208 -4.816514820539965 -67.92045977455233 199.4803
2209 -22.34799565413527 -22.87169315069095 199.4803
2210 -29.09237208617578 -22.82018459507434 199.4803
2211 -22.97098519252044 29.75231818053253 199.4803
2212 -45.80640342632242 -9.204002354422009 199.4803
2213 25.29829383509971 21.08964368029186 199.4803
2214 -83.50739143357265 -19.7861313366537 199.4803
2215 58.24484158957742 -112.6226761429584 199.4803
2216 -20.20994628883562 -33.1103805706304 199.4803
2217 -80.10577094393322 40.5613034830657 199.4803
2218 -45.90733790872915 1.005574693281253 199.4803
2219 36.58305395634176 -12.30985831104569 199.4803
2220 31.50736545863177 -17.98313359895042 199.4803
2221 -29.6736217651261 27.41819475251396 199.4803
2222 24.40333749414443 -27.01163215262594 199.4803
2223 49.76059489287008 -91.66839384931679 199.4803
2224 -64.4886472593768 -38.18040839406321 199.4803
2225 80.35383547750769 -106.8103296496452 199.4803
2226 50.27344781599948 -0.1014886571006562 199.4803
2227 16.26710362819901 -18.06277359436983 199.4803
2228 3.996637076198253 122.8137112598368 199.4803
2229 -13.34519501226162 51.51686958626958 199.4803
2230 53.10888939764102 -23.72708427200043 199.4803
2231 61.09535479660664 -42.55401000133976 199.4803
2232 22.59530154541577 -11.60966422170369 199.4803
2233 9.498097377715489 -8.026728117155082 199.4803
2234 40.52989915493493 49.17745651664332 199.4803
2235 33.25460333407825 93.77939479120603 199.4803
2236 -112.0749565429092 74.05818265948209 199.4803
2237 -35.54671278435318 -13.86859393180057 199.4803
2238 8.459619315593924 74.61500709474095 199.4803
2239 -34.60818391636826 9.080261801154753 199.4803
2240 -47.5317086312379 10.30724939725571 199.4803
2241 -63.28209072895697 13.93794754029003 199.4803
2242 -35.72100085246452 15.31699271816213 199.4803
2243 -41.95381083711482 16.60750927807204 199.4803
2244 45.53200002332623 -10.83691367158841 199.4803
2245 21.15640291516961 111.1074305598414 199.4803
2246 21.76429180338719 -33.33456775171455 199.4803
2247 -21.93253780209516 43.64013450912928 199.4803
2248 45.38665246109558 6.721476166569479 199.4803
2249 18.17904158819791 -113.8874129106055 199.4803
2250 -2.358292299960764 -42.45222802891379 199.4803
2251 110.5398293587149 83.84595796455628 199.4803
2252 122.1972188333186 115.6529938228158 199.4803
2253 -29.98199721668944 19.0971719502894 199.4803
2254 0.6353232644749908 -27.93149237576873 199.4803
2255 112.7392065763537 -71.43359617473382 199.4803
2256 7.249683650226649 -28.23417743979943 199.4803
2257 -38.95807657320763 -1.939120658138776 199.4803
2258 12.89491686269356 30.90158682595914 199.4803
2259 -25.3716600104553 -18.20260983231672 199.4803
2260 5.671456274838967 -63.32313252610528 199.4803
2261 -24.25154569561606 13.59064967386186 199.4803
2262 -2.765796365930394 89.39115290246103 199.4803
2263 20.13896635232764 38.92955358713862 199.4803
2264 -34.78206437818863 108.0833529962296 199.4803
2265 -14.70443361402188 -21.72892625716453 199.4803
2266 -8.70724538429041 -11.71794643203915 199.4803
2267 80.31395965440009 -38.76240328591568 199.4803
2268 -80.67987349873947 20.46356022899832 199.4803
2269 -118.9213614097381 -100.208200755052 199.4803
2270 -16.08291382220157 31.92475110563333 199.4803
2271 -21.38850397977443 35.96629936389277 199.4803
2272 9.659684181999365 -38.31169159329427 199.4803
2273 13.34456990697653 -45.38292038090925 199.4803
2274 7.597151761110317 -52.93182406355609 199.4803
2275 0.9733408896754445 28.10858678687445 199.4803
2276 -28.16549217511288 6.954367228853995 199.4803
2277 33.81426110842618 13.71616876465862 199.4803
2278 30.3492363145205 24.51311973768707 199.4803
2279 90.38359205982694 9.937300902159761 199.4803
2280 21.4190082486252 25.78325574137827 199.4803
2281 3.305051386266692 -37.66174139455993 199.4803
2282 91.81552744675737 29.2283299172447 199.4803
2283 -34.65571273437217 -19.71280325992568 199.4803
2284 -39.81216938082308 -11.94379541131861 199.4803
2285 -28.48562205932784 71.62443828124773 199.4803
2286 34.10720313524158 6.817996157771439 199.4803
2287 -31.74845361571376 -3.965540518757609 199.4803
2288 -85.12000725344204 94.45918809774925 199.4803
2289 -49.64078027059875 -24.003907882676 199.4803
2290 -18.03520808010149 24.98629698621501 199.4803
2291 -30.86494460557403 -38.51145156076198 199.4803
2292 62.31997268113199 -65.10000860336467 199.4803
2293 -59.49786721057501 68.70365401854713 199.4803
2294 -26.07562259638823 -13.28862955004285 199.4803
2295 29.49696930203145 -66.78917099564751 199.4803
2296 28.94375323905359 15.47628892371825 199.4803
2297 -58.83737136968017 44.07842017032997 199.4803
2298 -37.87348960426217 -67.20224312172263 199.4803
2299 -20.49762343000836 -94.27321169876562 199.4803
2300 -36.90720184547387 -90.39984166100365 199.4803
2301 9.13028765828243 10.77417949572613 199.4803
2302 -30.72477485355902 -10.2197404204372 199.4803
2303 -21.0991647948494 88.626549625232 199.4803
2304 -114.4602965525701 8.357121240449707 199.4803
2305 -40.04365994089734 5.405025173353692 199.4803
2306 -26.86982604879726 0.2479635136951766 199.4803
2307 -52.53150561990017 98.50099139210758 199.4803
2308 5.068426532542063 105.0225974121556 199.4803
2309 -95.10438750221066 -95.26984257091462 199.4803
2310 76.39079977709929 -72.34403242721234 199.4803
2311 -6.61867913495951 -38.3689589055162 199.4803
2312 68.63275441004177 4.136149989067589 199.4803
2313 -76.83559900783166 73.4765276651585 199.4803
2314 33.97230137510756 0.5339099528583167 199.4803
2315 -95.32578905483132 10.88370600525731 199.4803
2316 89.51876847631448 -51.13469903289717 199.4803
2317 86.7372409706268 -22.03348786771484 199.4803
2318 118.2326009764491 -46.1715034254688 199.4803
2319 84.08710819109325 87.38351853453389 199.4803
2320 84.46530149840422 59.38803336006127 199.4803
2321 5.847945627392504 22.00501922081518 199.4803
2322 -116.3833452904658 46.6987510480962 199.4803
2323 -80.83766244838242 -99.77866844952604 199.4803
2324 -11.50830263918708 -79.03380396368999 199.4803
2325 84.98515433839175 -89.32107964656022 199.4803
2326 4.051845112860675 -78.62461888215391 199.4803
2327 -15.28608062961121 -33.19387723723105 199.4803
2328 -26.61205952342444 -50.13404513516897 199.4803
2329 -87.24093422985193 58.76628036702724 199.4803
2330 -97.27871468006532 46.4901867631251 199.4803
2331 -52.81481122440332 83.06427667395106 199.4803
2332 -44.52573686614885 73.37165685146032 199.4803
2333 96.43816815153097 85.83383734821228 199.4803
2334 17.05513233153507 -31.78893382613997 199.4803
2335 93.66010412086609 117.1226902737156 199.4803
2336 -32.06267949051222 45.54776634545885 199.4803
2337 24.49015142722321 80.36058538608441 199.4803
2338 21.5106328591662 -82.90299188769882 199.4803
2339 33.69048302928688 -8.614645122811787 199.4803
2340 3.819278787977544 32.01570879058703 199.4803
2341 19.82048178761687 -23.4495253590705 199.4803
2342 -19.75083998178945 -28.17453724099468 199.4803
2343 44.58942052193822 13.7085346861958 199.4803
2344 2.351622007891879 -32.53359710726482 199.4803
2345 78.6055138020899 72.19021826905642 199.4803
2346 52.6003453778651 93.10945253137523 199.4803
2347 -4.885887494230136 37.56200865719777 199.4803
2348 48.60241036117265 -74.76344253215527 199.4803
2349 38.57141262006449 17.19941054600641 199.4803
2350 36.46670453611637 23.91337870512703 199.4803
2351 32.60499860512605 28.96052468655714 199.4803
2352 29.52507054302898 36.20068914875776 199.4803
2353 -10.97966262401657 37.36970995418611 199.4803
2354 -14.01923305289514 43.023067467142 199.4803
2355 14.24453808787085 -24.75174711194409 199.4803
2356 27.32386069459724 -15.28567374375841 199.4803
2357 -1.484907330482576 0.8809968476863648 183.75
2358 -61.25533814040811 -62.72942675581067 183.75
2359 11.26460743215299 -73.15172712263949 183.75
2360 71.24908954360619 -25.14834964135809 183.75
2361 60.73558301897124 59.82226212578853 183.75
2362 71.86429353494282 -86.20621493213352 183.75
2363 44.79854204759075 -55.00600698091337 183.75
2364 -10.16387844684629 71.34539932378331 183.75
2365 -70.92929916134557 29.41455626091336 183.75
2366 -71.50473774131963 88.58019275467674 183.75
2367 -44.91105206019024 51.6571678318174 183.75
2368 -46.55132451747428 -16.9854366333761 183.75
2369 -21.57059590110657 -48.17687330233099 183.75
2370 -26.87753301100291 -91.02647126859097 183.75
2371 -98.41016934188303 -17.41991961391606 183.75
2372 -71.74302378618604 -3.258153570254288 183.75
2373 -99.515252228129 14.32576378352685 183.75
2374 -68.32649925818421 -32.39549777318229 183.75
2375 -102.5552725002317 -60.00930346422459 183.75
2376 -12.81625203726326 -70.70425581549287 183.75
2377 -1.750706140785395 -95.52769983551464 183.75
2378 38.6593906493999 -102.3040550049907 183.75
2379 16.44347255843303 -92.40596531996562 183.75
2380 44.94348152243492 13.82778667841807 183.75
2381 26.28792308748366 47.15526916288404 183.75
2382 29.27017767828997 92.34519611058091 183.75
2383 97.5837802954475 20.27182822125737 183.75
2384 71.09058931126006 5.540005193842811 183.75
2385 99.17881226856085 -11.55380640127314 183.75
2386 69.37111600487518 31.37552596351604 183.75
2387 95.20575532064015 58.62041524067955 183.75
2388 90.30784585098066 40.02902331266571 183.75
2389 114.327812790503 43.64004073862719 183.75
2390 13.45933078298742 69.45962643287908 183.75
2391 0.9797011226461652 96.84636999206785 183.75
2392 -34.30939975306254 102.7304583497928 183.75
2393 -90.04048817130435 -40.2315769911101 183.75
2394 -37.71117249128582 23.25958090770974 183.75
2395 -8.823136738610643 42.45195317618705 183.75
2396 -16.35642572715586 91.41764463597013 183.75
2397 -15.29728990421965 111.2206641377756 183.75
2398 36.20748515881623 -21.07581468126143 183.75
2399 12.28669824297293 -39.00948541294649 183.75
2400 -103.4551875878764 57.21983046300023 183.75
2401 -92.20205320571233 34.73432860762205 183.75
2402 101.9174686903092 -57.99917447916707 183.75
2403 91.68547540319008 -33.40273087834456 183.75
2404 74.43406794869045 103.976633467804 183.75
2405 55.20824697228871 83.93764162039868 183.75
2406 44.88339070484866 112.4561514714379 183.75
2407 24.75805072496657 119.4537277363492 183.75
2408 79.45111969148877 77.3903521702577 183.75
2409 38.8713428825478 68.44658496344746 183.75
2410 -89.72218734519299 -1.896432473636082 183.75
2411 -112.6483629605405 -7.94663389415333 183.75
2412 89.96251896378509 4.514573904658898 183.75
2413 109.507743462617 5.635134654591476 183.75
2414 -75.26691629698419 55.53110681499921 183.75
2415 -87.19913331154058 73.96357101392191 183.75
2416 -76.32212757584682 -106.9823374126792 183.75
2417 75.33561706956344 -54.11477817505805 183.75
2418 86.91287928619799 -72.09428687738774 183.75
2419 -13.0598427258482 -85.48430219417801 183.75
2420 -14.82389551840213 -102.2229556021342 183.75
2421 13.41933103076851 87.09307800044428 183.75
2422 -53.37019496476262 -85.326723811025 183.75
2423 -44.41740964436078 -112.3872139789612 183.75
2424 -38.14086808423969 -65.9644426233653 183.75
2425 54.38901680478457 -10.11582707604353 183.75
2426 111.5638008665704 -108.3010546987382 183.75
2427 112.1388233260534 -83.82320467578366 183.75
2428 -54.60533548125518 12.66348949954332 183.75
2429 77.84208198035549 -38.49157973274929 183.75
2430 90.11137381294947 -46.70375944313338 183.75
2431 0.9799614633276745 58.83701324392107 183.75
2432 80.99524904556813 14.89562355711446 183.75
2433 -76.75074056063301 38.79151619517565 183.75
2434 -81.55551504001922 -14.61632486681587 183.75
2435 -83.73117734668254 -27.28480390503079 183.75
2436 -89.58232198696982 48.98647574094114 183.75
2437 111.7081931860043 87.87497346924064 183.75
2438 6.364262209958357 -84.86592777553702 183.75
2439 -94.9409385022376 112.7074972822789 183.75
2440 -0.8703033794147178 -56.93231250888829 183.75
2441 85.12915907731607 -20.3466408918699 183.75
2442 -81.27635878749922 -77.71855161352435 183.75
2443 -84.21192744689833 -57.04702838149666 183.75
2444 -108.2163662404359 -103.6314316046642 183.75
2445 -79.80299311975543 11.97961217649994 183.75
2446 -90.15080026285293 22.65970655882631 183.75
2447 -104.5787593346067 26.10930085224627 183.75
2448 -72.86052197905614 72.20309116856751 183.75
2449 69.26778411913718 87.31281358753591 183.75
2450 64.23418916694592 72.20394575315865 183.75
2451 -4.587513600625558 84.52462569487361 183.75
2452 -105.3949087662414 -83.22260270599351 183.75
2453 -91.79550183180152 -97.01152797241994 183.75
2454 86.61801424237828 27.3569140163061 183.75
2455 -37.15104737983048 77.12038482963294 183.75
2456 -54.30484259080637 74.59194465804237 183.75
2457 -47.03502918553292 88.63180960900577 183.75
2458 -57.14858948435591 115.7487824481441 183.75
2459 -62.70910748736494 61.04611474989107 183.75
2460 -22.42431533315693 78.7117999743171 183.75
2461 -30.39719101766709 88.62104947592164 183.75
2462 37.86811621740547 -77.19719425274357 183.75
2463 51.49952422997468 -90.47978053998638 183.75
2464 24.00530563056354 -78.48888205138995 183.75
2465 31.70660653907643 -88.92933869925625 183.75
2466 70.55205138254738 -69.91569319928772 183.75
2467 54.1267731736183 -73.52154791536044 183.75
2468 -64.54001529627675 -18.14662556282231 183.75
2469 66.04522900652404 -119.5833332433822 183.75
2470 -29.2955442918299 60.15902027688885 183.75
2471 83.93548479682136 89.92586068001108 183.75
2472 99.03523375188053 116.6557284161422 183.75
2473 -77.64142822860363 -45.73051997848067 183.75
2474 80.03886070047594 56.23179451346667 183.75
2475 90.03391607564393 66.73763932634675 183.75
2476 93.6086782822579 79.44251236266012 183.75
2477 101.1790838979321 70.7083433495271 183.75
2478 73.90733301120633 42.50107425427773 183.75
2479 86.54106923739604 49.87453984089592 183.75
2480 -76.01070433493342 -90.31716816888279 183.75
2481 -66.7621456609248 -79.12052096939826 183.75
2482 -73.11984122373684 -64.67997331858221 183.75
2483 14.25647284197732 -53.94982982610496 183.75
2484 30.86776269352448 -60.2394610643493 183.75
2485 10.73027061786912 -116.0356148719853 183.75
2486 -64.02993338912847 -90.96590334055908 183.75
2487 73.41477926187683 64.008740462844 183.75
2488 -99.69537227533358 -29.51341279584844 183.75
2489 -109.1442387704133 -42.81818701464648 183.75
2490 -124.6295479463563 -23.67822551226192 183.75
2491 67.90211623372016 17.68453076570673 183.75
2492 40.23497791157524 33.41088378657355 183.75
2493 -44.14688934598041 -36.00075617987296 183.75
2494 -88.14699799279745 93.89562217487401 183.75
2495 -115.8635989583563 84.75810603919896 183.75
2496 -91.68098721303997 -68.58176457663548 183.75
2497 -86.39699123864496 64.61255517074144 183.75
2498 91.78274399869754 -92.42659584751382 183.75
2499 42.11362129483524 84.88454308461047 183.75
2500 120.0463189603274 63.98323799601555 183.75
2501 120.9554317057303 -32.83086526265562 183.75
2502 102.3054454352071 -44.80198569994177 183.75
2503 -87.85573033495078 -48.77546988345607 183.75
2504 -80.58987861472028 30.55712581695398 183.75
2505 55.24147741729813 -44.18644886252724 183.75
2506 -80.72598496731172 83.34759214309919 183.75
2507 83.50495990467496 -29.90298532985928 183.75
2508 44.64155446086418 -86.83635316048723 183.75
2509 25.3514173832742 79.82476187981105 183.75
2510 -84.57257527441848 -87.68584528862618 183.75
2511 32.68488225357079 -41.26132436980225 183.75
2512 -113.9017549207119 11.12990845187176 183.75
2513 -38.80969166072384 -82.86943245605545 183.75
2514 80.52911337745715 -7.317953791981644 183.75
2515 -60.72076213197722 40.99229669110647 183.75
2516 -24.14130020453527 -79.54979996689403 183.75
2517 50.59432470241946 70.09916619469925 183.75
2518 -106.6748494313128 42.19646764185505 183.75
2519 -56.15086456048246 88.32661430335155 183.75
2520 -72.36868349363614 104.9206156049015 183.75
2521 -45.4997621954895 79.33628624070012 183.75
2522 85.4840280612722 -60.039210328397 183.75
2523 6.741845354551022 -95.68117689494586 183.75
2524 85.76678256302854 82.35097392409055 183.75
2525 86.3199474583198 -39.18001211571737 183.75
2526 99.62125086829292 -21.18504828272315 183.75
2527 104.4699268080362 -32.20410916626573 183.75
2528 92.24751636169651 12.84034231928852 183.75
2529 8.587303242817336 21.40676266015566 183.75
2530 82.77548338861806 -82.77382016283838 183.75
2531 97.44559919374421 -80.56159309872245 183.75
2532 101.2007737183932 -69.2863402944739 183.75
2533 -13.43095166136427 81.73662400807066 183.75
2534 98.61023871799001 93.97689321450487 183.75
2535 89.9184833628583 104.6961277999472 183.75
2536 -24.46311365256412 -65.57255171135486 183.75
2537 -89.29992231409238 -11.06356338620425 183.75
2538 -28.10687531506945 42.69636903363368 183.75
2539 -91.47264742220608 -78.83710778725489 183.75
2540 -8.394270319456583 -20.34793588021873 183.75
2541 14.46603754509604 -82.30292002256395 183.75
2542 -2.007172538378428 -73.65659708253909 183.75
2543 -7.871160288060189 95.14060543180679 183.75
2544 -91.04164526855295 83.1024081462141 183.75
2545 78.90116942130194 -95.28515717023916 183.75
2546 87.92739532163776 -112.6240501367079 183.75
2547 90.26427042291471 -6.364013432642674 183.75
2548 99.74395911734931 -0.9545971157056279 183.75
2549 -74.47013649666701 -82.4165840685079 183.75
2550 -86.81065296343303 41.41601368525401 183.75
2551 -82.84311270341314 -36.27035488084727 183.75
2552 41.59000080096097 99.01165723016977 183.75
2553 32.81562434816349 83.78148593496306 183.75
2554 27.40966388609254 63.62365542701451 183.75
2555 -38.09174093167444 84.5301951763484 183.75
2556 100.3499879171336 32.11958913494707 183.75
2557 -40.85456093497979 -97.65275621387758 183.75
2558 -28.58890856303798 -104.4108070544149 183.75
2559 -50.65832755073045 -99.23270906988117 183.75
2560 1.502511249187594 72.89147909860927 183.75
2561 -82.11454831736745 -69.19765173892523 183.75
2562 -29.96156303122845 -84.22776103451017 183.75
2563 -103.9714742057407 95.22306900191433 183.75
2564 -89.76640509237497 7.576734194268845 183.75
2565 -100.3976421549872 3.134273513529871 183.75
2566 60.75074790433266 -80.82197000851824 183.75
2567 62.5535375230702 -94.03009883905355 183.75
2568 51.02017926599679 -106.6560334407899 183.75
2569 34.74659178774757 -119.8684194872657 183.75
2570 -80.13677972867021 2.347637803551878 183.75
2571 -68.68377612159452 6.241072155153473 183.75
2572 -81.102244548559 -6.557013295211606 183.75
2573 80.92021204864164 -46.24588458962487 183.75
2574 69.73502231659984 -46.53134914460982 183.75
2575 -9.216603219445672 -41.42351007162183 183.75
2576 58.26229746308824 102.0777053164368 183.75
2577 -89.19283849792357 -118.728986209951 183.75
2578 -48.94032411156221 -69.14634360586645 183.75
2579 8.725836542114262 41.22431468310501 183.75
2580 -80.61905979433371 48.04811120516513 183.75
2581 -71.30440219729964 47.23812294047421 183.75
2582 -57.5485900910111 -76.31077477013922 183.75
2583 -66.40265893074337 -71.43385864500894 183.75
2584 -24.54010260977223 -1.680879760240619 183.75
2585 -28.19973369123343 -19.0056617781072 183.75
2586 70.76580730698896 -94.01527290628326 183.75
2587 63.63689397942582 -102.5506936953381 183.75
2588 75.8524419354757 -104.0046466012318 183.75
2589 87.177287422782 74.82964041331232 183.75
2590 -122.1714317030905 31.08814602939553 183.75
2591 60.94569750631256 117.0917177137891 183.75
2592 21.22669040824201 -0.2009377923217801 183.75
2593 26.63161825080253 16.93348271785148 183.75
2594 -79.27553121824786 94.17685155110908 183.75
2595 -6.713173513515208 18.38760529408114 183.75
2596 67.51301798399794 -35.29815637303695 183.75
2597 26.17547754215145 -100.382009803547 183.75
2598 12.17598610996147 -101.9945381453374 183.75
2599 -0.6122957304553154 -105.0647052365491 183.75
2600 -63.28943049351288 -46.28694934782932 183.75
2601 117.8795562170517 -60.8952319885823 183.75
2602 -23.08983874367688 97.09551699207157 183.75
2603 -13.82642168604637 100.694990692325 183.75
2604 -6.102475660736015 102.7219550396932 183.75
2605 -96.06069387984087 -89.64077125380791 183.75
2606 -64.05406127879294 75.69590843520839 183.75
2607 -81.74401612568636 21.61201062325849 183.75
2608 10.20626344081063 -14.75559661512257 183.75
2609 92.12697992114653 87.83459447640968 183.75
2610 99.57001440596416 85.36529962100833 183.75
2611 31.11219178004274 -81.39520971800874 183.75
2612 95.44275481582146 49.0699661324862 183.75
2613 50.90436188614251 93.57548341271324 183.75
2614 -115.900649022185 112.1609223030755 183.75
2615 -2.501201969176106 -84.83546635514382 183.75
2616 -105.8010871638905 70.59491859760938 183.75
2617 31.72279134916726 105.4748390868944 183.75
2618 19.06679437810162 102.0659916394967 183.75
2619 61.00444757318689 43.58450350726136 183.75
2620 79.99065698673004 34.92153697798109 183.75
2621 -3.169502313592658 30.18170579237665 183.75
2622 100.9150026001681 -91.40556909719169 183.75
2623 80.47566069584451 6.814669240189784 183.75
2624 101.1471108790495 43.74051973047238 183.75
2625 -92.67979604886752 -57.29541427439634 183.75
2626 -97.82077353625473 -50.59616281573668 183.75
2627 23.9848485992272 -87.31738760245526 183.75
2628 22.52703205692482 87.33458884334658 183.75
2629 -29.51196659143134 81.17122172987199 183.75
2630 -28.49914527118137 72.64757038252468 183.75
2631 4.15083496857235 87.71426453459244 183.75
2632 47.42323777107777 -79.14119928156607 183.75
2633 44.08460860305988 -68.43193055782058 183.75
2634 4.680563940133348 -28.3531410494465 183.75
2635 57.62524426561519 5.490334113670011 183.75
2636 -47.77786991523457 104.9711575731878 183.75
2637 76.70140851164717 -16.07256044477327 183.75
2638 69.30856491716378 -6.822376114313111 183.75
2639 43.60896151998351 55.6486711414911 183.75
2640 -80.92198416798126 -97.85920615598552 183.75
2641 -85.09255695609301 104.1470119455787 183.75
2642 -22.53511484574206 86.45897613603717 183.75
2643 89.45612506396941 94.73809229081058 183.75
2644 -68.93626566334461 18.15594607136524 183.75
2645 -35.82138290837688 -90.24052244680422 183.75
2646 -74.60213291032547 -11.85179274404657 183.75
2647 -62.75542225092443 97.45125545893124 183.75
2648 -44.42067919006422 -87.9468358417796 183.75
2649 37.2125883668183 91.40396082361622 183.75
2650 33.46047499544572 97.30358488422496 183.75
2651 -19.79617243857999 69.28851002598611 183.75
2652 99.13950561583349 8.511522770669814 183.75
2653 91.49456423036395 -25.07028135276479 183.75
2654 52.94104019543204 -83.09294945238824 183.75
2655 -71.70526351413609 -54.85300557175815 183.75
2656 55.21647714100085 -26.15893302932443 183.75
2657 -21.80187634001859 -86.00048542438898 183.75
2658 -56.87825895035567 -4.442099049785242 183.75
2659 5.453154085368931 109.9048094477325 183.75
2660 -86.88612013993807 -73.61414352827255 183.75
2661 -35.20604757138488 121.6369184428142 183.75
2662 80.76267673603506 123.1880983132669 183.75
2663 -74.93990164142112 -24.76692751357263 183.75
2664 -97.62289128543844 -6.818485413404347 183.75
2665 83.64846569410531 -0.5292182862347989 183.75
2666 -12.14796035040537 -59.54038814662147 183.75
2667 -100.2127143632965 -71.00310976862355 183.75
2668 -117.6542706364816 -69.05431960140784 183.75
2669 87.58430216742227 58.06983373543149 183.75
2670 4.793319703104348 -65.72449240890769 183.75
2671 -4.766132901138607 -65.25563468038361 183.75
2672 113.5576617740864 -12.69781004224333 183.75
2673 44.02222848660449 91.1004573385882 183.75
2674 -87.39324959772821 -63.14271020775422 183.75
2675 -120.2123078349323 60.71651811531758 183.75
2676 -61.37263645113543 -102.5433273478815 183.75
2677 -66.31410521088664 -120.184653243758 183.75
2678 71.26035302623441 79.36931170230216 183.75
2679 77.57980581287538 84.89522996180062 183.75
2680 63.04549799514164 81.61575184190625 183.75
2681 46.69735095807372 -96.12359229522369 183.75
2682 71.46123921387436 53.16657387276966 183.75
2683 -68.58537119694574 -85.8795738761951 183.75
2684 -74.02428156948977 -74.09452339232446 183.75
2685 -9.883219994470233 88.51767469788237 183.75
2686 60.04023645190987 90.50046482553259 183.75
2687 75.06365887586963 12.45892759430904 183.75
2688 -118.7527600551882 -87.16887622020295 183.75
2689 -60.97806341881655 -84.06524328632062 183.75
2690 22.37755826000043 32.47891886391776 183.75
2691 -75.49754437337454 -18.08347329371005 183.75
2692 115.2890668813972 22.53807696517762 183.75
2693 -43.06971602287545 67.96108581061968 183.75
2694 -35.31087385048904 -54.43446512035641 183.75
2695 82.39077843976609 63.1976568625051 183.75
2696 76.91478822561845 25.25818268680842 183.75
2697 81.91511578093213 43.27403384816313 183.75
2698 -87.57889955117416 28.65061868179663 183.75
2699 -52.19056277792006 82.63001416591709 183.75
2700 3.591480523439012 -90.30767714718506 183.75
2701 -13.33284180050607 57.77116630306244 183.75
2702 -89.5505879809174 15.94425188508841 183.75
2703 -21.019577255046 -32.81489843846978 183.75
2704 61.56966013553568 -60.84879366580023 183.75
2705 -39.01128952798489 5.837429205799459 183.75
2706 -87.70946837689766 -19.37384120973388 183.75
2707 -48.51395400436539 -55.7603972721835 183.75
2708 -16.74727480592598 -118.9262460693771 183.75
2709 65.37291138364051 -16.86360926116249 183.75
2710 73.87984465345853 72.64336661018278 183.75
2711 13.74369280439459 9.760314422071229 183.75
2712 -72.03627227705792 80.0676228983933 183.75
2713 -101.6133174135882 82.77209268131649 183.75
2714 -95.54042883815544 66.24290086547623 183.75
2715 -96.97427606900125 74.60054797977919 183.75
2716 -2.03811978259883 90.64499753290221 183.75
2717 105.3071530208087 53.8439793336357 183.75
2718 -10.1878677065828 -92.15505164965818 183.75
2719 38.95208590280821 -5.929335086111918 183.75
2720 -95.38266787483276 41.84662681821665 183.75
2721 10.60313209306878 -88.78647510592651 183.75
2722 -95.40497532937195 90.03296356162303 183.75
2723 -93.51138859724814 99.20123279325379 183.75
2724 75.57457074787571 18.18136421850492 183.75
2725 89.23107065137611 -85.11092666520678 183.75
2726 94.84360411099647 -87.37617117715868 183.75
2727 84.36828880136041 -90.57176481372764 183.75
2728 85.73617821225629 -99.28683967362613 183.75
2729 95.58502419986601 -100.8088218907555 183.75
2730 -71.47609367603201 96.28222884240463 183.75
2731 -18.19848149752632 28.25917359846569 183.75
2732 55.57444188309512 -96.81367105660829 183.75
2733 75.80589307709026 -31.26982477007019 183.75
2734 1.425046805275589 -46.56787722310014 183.75
2735 17.23069432245317 79.35192934747069 183.75
2736 8.503956365442249 79.51054666351422 183.75
2737 22.89553889565528 73.91989026205418 183.75
2738 -77.83648805411899 64.07005898698115 183.75
2739 -80.83209387661245 70.070279921644 183.75
2740 76.7778388474178 -62.9544946082561 183.75
2741 20.18273422637152 -26.42284702340895 183.75
2742 58.01465330058781 -88.78685551856557 183.75
2743 -109.771469375865 -21.98358371807731 183.75
2744 17.24428769882078 -75.50765724349446 183.75
2745 63.12808016840806 -73.61452261519123 183.75
2746 78.80012778285233 49.02644812587246 183.75
2747 -15.8835903208737 -10.75896637174431 183.75
2748 -85.18222470254591 88.4227065429959 183.75
2749 75.76396053600426 92.98534858104965 183.75
2750 82.68943852103078 97.25698528317994 183.75
2751 22.34851759991506 95.73013373304133 183.75
2752 67.70933426662663 95.17155271690285 183.75
2753 -79.43565110399349 -52.67076314550456 183.75
2754 10.81883306721179 95.3707205922 183.75
2755 -16.37513642009979 -78.79987002312556 183.75
2756 -9.035250283025274 -78.76178770118563 183.75
2757 -20.9792744729783 -73.44816388163761 183.75
2758 -78.39745886346822 121.7527476548799 183.75
2759 -78.88251290881088 75.76871291746893 183.75
2760 85.33075776744055 -12.99789067960378 183.75
2761 87.61143892543561 18.232411348018 183.75
2762 15.3692437748499 56.30267311384628 183.75
2763 124.6717046575233 109.0107980836886 183.75
2764 -21.27652116176117 12.49065101558363 183.75
2765 56.44385387053983 77.51089534484095 183.75
2766 -18.45769222195194 -92.35245628948263 183.75
2767 1.261035838684452 80.55290256708966 183.75
2768 49.13701051590343 79.69797131404189 183.75
2769 -52.30387521913717 95.27094748578844 183.75
2770 -45.56430711202454 37.0881204287647 183.75
2771 27.25411834692622 98.51993920232741 183.75
2772 38.86919415873325 -92.48123636984667 183.75
2773 -31.03071121119758 -75.33766577247631 183.75
2774 31.26060174517268 -71.99758818320032 183.75
2775 31.37532940013089 74.43033104615087 183.75
2776 19.24120018747059 -68.08709977738451 183.75
2777 78.74633295815697 -23.51298443756014 183.75
2778 -38.95544922009589 92.3004191729449 183.75
2779 94.36739241151827 -61.23478334850941 183.75
2780 93.83417566504417 -53.77753108325371 183.75
2781 79.63615200411053 -75.86124615889578 183.75
2782 81.66249504257462 -68.02925691446536 183.75
2783 70.03625721961033 -78.96375886749836 183.75
2784 76.44924729572061 -82.41340479201104 183.75
2785 77.78305915992021 -88.54724145503624 183.75
2786 -92.97447859075972 57.00308838227886 183.75
2787 -5.025347936937534 77.64337451165059 183.75
2788 107.0512006457224 102.6236178838082 183.75
2789 -16.47179740597968 75.27349709005101 183.75
2790 -44.94388521254244 96.98858325365588 183.75
2791 -73.76562625832547 -38.50512172494978 183.75
2792 -76.72126344160529 -31.84454115951655 183.75
2793 -71.07975839015178 -95.69338599158726 183.75
2794 -89.20588959633099 -106.2403855590162 183.75
2795 96.72716462697122 -29.35166096462348 183.75
2796 105.0259895060589 14.91278202611941 183.75
2797 25.03051232192519 -14.08172001187448 183.75
2798 94.04455551617389 -73.17978415598463 183.75
2799 90.61202067268836 -67.31061031986965 183.75
2800 -58.28291168655283 81.06835280273197 183.75
2801 -64.1307116325217 85.19832444221552 183.75
2802 -96.2418228771414 -64.20181089370982 183.75
2803 -97.70774793777412 49.27958250058575 183.75
2804 -56.78679339684309 -92.35708839774441 183.75
2805 -90.97072988215214 -32.64715686433373 183.75
2806 -97.39850157337736 -37.33961267816218 183.75
2807 64.76862806762216 -87.48266321483875 183.75
2808 81.03878212074676 70.24448296235141 183.75
2809 40.908389005052 76.98560780961498 183.75
2810 -50.33584831647403 -92.05037796801672 183.75
2811 -23.99510868694897 -97.22482506219075 183.75
2812 -31.2274988208693 -96.11107640917568 183.75
2813 -92.11085094749055 -25.24418314189531 183.75
2814 82.66990241040229 22.04808182082011 183.75
2815 92.29937550173847 -16.23262176916842 183.75
2816 -96.4205923411228 -43.88031616943914 183.75
2817 98.34930628349423 14.12090083506622 183.75
2818 88.34095667337013 -78.26360951983929 183.75
2819 -56.41119034020549 26.92899830990047 183.75
2820 -47.33239635506815 -79.54120215489877 183.75
2821 -40.85079828455829 -74.57181732253245 183.75
2822 -94.84021143042465 28.02361315793654 183.75
2823 -95.72712224738612 21.41252724752488 183.75
2824 -98.73570825537783 34.58206741557532 183.75
2825 33.85266722234026 -96.02415996941016 183.75
2826 -83.9993247606827 56.32543185414659 183.75
2827 91.29543323061137 53.75695662869497 183.75
2828 -6.690901255461258 -32.08618201950357 183.75
2829 -85.94643766764852 34.31692732618244 183.75
2830 -39.03270668412883 -7.258459826280334 183.75
2831 37.65759512267519 -84.66991908969986 183.75
2832 17.25346203560931 93.21553689711487 183.75
2833 85.87092475860095 11.4341208573447 183.75
2834 -80.82290779955179 -20.84662383160242 183.75
2835 56.79085516713471 24.24755443419103 183.75
2836 33.41377454120197 6.522768698131429 183.75
2837 5.661862857364059 -78.09710024686572 183.75
2838 4.898144877296601 -72.4784832702392 183.75
2839 -84.59518985956797 -42.75198043347353 183.75
2840 93.85558160010723 -40.33313272059286 183.75
2841 97.80871877470238 -36.01872388595368 183.75
2842 41.77194009349606 -81.17042603330441 183.75
2843 43.70130540684594 -76.02707846054101 183.75
2844 47.35681329621006 -74.1988406673152 183.75
2845 93.16444580352615 72.81188173416737 183.75
2846 48.28706210500923 86.6299160933721 183.75
2847 76.99295142899612 -0.4685524287548828 183.75
2848 0.4969609026949886 -37.48803915532371 183.75
2849 85.13708133149419 -52.17623272389339 183.75
2850 -8.401364230944944 -50.60070086127819 183.75
2851 48.9100127137601 101.7802493576894 183.75
2852 -80.42099969020113 -62.5518955353645 183.75
2853 -77.48614379720229 -57.8459217802107 183.75
2854 -90.19160508651126 88.57738310076307 183.75
2855 0.2617264554444819 0.2150571284836287 180
2856 -61.25420125671775 -56.53927870848494 180
2857 -71.39974902400222 12.98355710471248 180
2858 -25.1476827059287 71.25042137296717 180
2859 61.6084579499653 61.51414841973699 180
2860 -85.64090036525415 71.61936660405192 180
2861 -54.35596701577833 42.52369290827303 180
2862 71.51916054256661 -11.57500747757833 180
2863 29.17539522644621 -69.20733921772536 180
2864 86.83701520930123 -69.26048059937604 180
2865 50.12128109095023 -44.70518038593199 180
2866 -15.6174256199373 -48.87494411723959 180
2867 -52.40598262015644 -18.55067509524945 180
2868 -94.32261543384243 -27.73186707026348 180
2869 -18.73891994539308 -99.37770015316217 180
2870 -1.168524913994237 -71.12667397177063 180
2871 11.30293535808633 -100.3494277761777 180
2872 -34.55511549650351 -68.89163524434917 180
2873 -60.42785196195367 -105.3211726871381 180
2874 17.11031582726365 45.71465879228876 180
2875 47.05168890672483 21.45162670462532 180
2876 93.69938269203425 30.19157892825418 180
2877 19.9190861274494 98.78820846624033 180
2878 5.792687805930273 72.15753024924773 180
2879 -13.72280908009269 102.7242531663747 180
2880 17.05111949365208 -35.66122866763253 180
2881 34.52626422018219 67.36756861228233 180
2882 58.59330960976236 97.60601953546205 180
2883 57.15779648656822 -101.5249452365203 180
2884 31.97845043074743 -92.68866283728364 180
2885 -55.93058059441381 99.165022049177 180
2886 -14.78787918793551 37.28123674002441 180
2887 89.15439416568188 -39.79861492986569 180
2888 -31.51499128634763 94.65740874807989 180
2889 110.5391150868761 72.81633898198837 180
2890 -85.41671004043968 41.16241570736383 180
2891 -38.71881365227673 -92.72233083242756 180
2892 -37.41929285975555 11.56226090741752 180
2893 37.28244265795889 -9.545465556068251 180
2894 40.6841507484564 88.84212325061331 180
2895 35.09500974495598 120.6677439238496 180
2896 -106.9871533426782 -67.44520211167517 180
2897 71.41130843656693 14.53275525207004 180
2898 96.78419072591987 2.33870431528413 180
2899 92.10515886293304 -17.49454710720769 180
2900 83.78948803952576 53.15756578342803 180
2901 111.1875183224033 47.58923002695589 180
2902 119.3706686897239 26.53180327804156 180
2903 75.47995573347444 81.23481467137894 180
2904 72.90306804394214 37.18516274183669 180
2905 -71.38729003978439 -12.46771915338589 180
2906 -94.23531094647075 -3.683415557278459 180
2907 -92.28034392800927 19.13584578230751 180
2908 56.22171143376887 -71.18505044210544 180
2909 74.84027285849837 -87.52506504525888 180
2910 -2.549217991366454 -88.84206176952127 180
2911 -5.285807540749852 -109.2710980072946 180
2912 -56.2032874557605 71.7100039072717 180
2913 -70.84568725698897 85.09090115669643 180
2914 -107.5440714706544 107.0561657592018 180
2915 -80.39081844795327 112.3428290127115 180
2916 -85.83286763916368 -53.83759560622435 180
2917 -109.5146727263479 -45.17355189704612 180
2918 -119.5222644381603 -23.28842848935481 180
2919 -69.43837035363802 -36.39141567444403 180
2920 110.7531935398739 -95.34328501358021 180
2921 75.20408191751248 -114.6830185962587 180
2922 12.44036681432671 -52.14524601698142 180
2923 -77.72039972839983 -81.51511918533141 180
2924 -56.80092206892496 -82.92053516792652 180
2925 -103.5967049377723 -108.7227746589392 180
2926 93.76946346983331 111.6939980302983 180
2927 3.00207934545469 91.41543073526014 180
2928 2.874899533467275 116.3456319632862 180
2929 -9.10474603725409 52.16305761388134 180
2930 78.85226365810028 103.190320989376 180
2931 91.44239869373631 88.86553738457695 180
2932 113.9929987794936 95.40129222647103 180
2933 -16.4460406278221 -81.0757726648344 180
2934 12.26265121436102 -80.38154765775943 180
2935 -12.37826703616463 82.8179805597287 180
2936 86.26322519941041 13.14805968304754 180
2937 -80.0654489793618 -102.798836279705 180
2938 -99.54712934115585 -88.31856875801346 180
2939 -21.23575128096919 -63.76940201470715 180
2940 -86.11581118716487 -13.33190998656544 180
2941 15.84063871054758 79.81862500110095 180
2942 40.2425782164493 -75.22079224621135 180
2943 -36.84221273006339 76.87896924283108 180
2944 -25.06345529668948 -88.50370857828881 180
2945 20.36638071079932 -89.53408529257773 180
2946 50.55886074140501 -91.00612997597571 180
2947 -70.43631998137695 71.12444931996112 180
2948 -37.86699502445288 -50.48129817704466 180
2949 -112.6181917155318 55.30350396414949 180
2950 -107.842498054399 34.36303266263592 180
2951 -118.2126835477318 17.5797382674382 180
2952 -73.93012464745806 26.96572733798302 180
2953 74.61175061004087 -26.01468646378962 180
2954 118.9589855481252 -34.57480054256067 180
2955 112.3817316759661 -12.25441284568591 180
2956 -49.35964324148406 91.01599964969444 180
2957 104.6408023113227 -51.99139575771181 180
2958 109.9445399772193 -76.86868804675306 180
2959 29.79454236691277 -120.933463792071 180
2960 -79.64696403784446 55.6850558981218 180
2961 87.85917293564421 70.78281136954395 180
2962 71.62936082685728 64.59757959362227 180
2963 59.00727025132602 80.3057765386164 180
2964 66.48880509065755 87.45840609296665 180
2965 56.59109980027291 2.322532811481604 180
2966 -34.76240889114069 -112.2140660846768 180
2967 72.16272338003562 -73.91166998167536 180
2968 76.16198313945662 -54.24146626608123 180
2969 85.99250712380731 -6.89604412118692 180
2970 -92.83731138649063 91.84975211218966 180
2971 -119.1553258182316 76.52976168233297 180
2972 56.68681089775548 -23.4647676631396 180
2973 35.39068442915059 47.91890181526333 180
2974 -84.91033823302378 7.298793008924954 180
2975 24.72893008052678 -103.3675367561507 180
2976 -56.72332106902473 25.09248326569339 180
2977 -56.93410488913943 0.1879821283418892 180
2978 92.65815892060978 -88.42806448809526 180
2979 -31.91420393638404 121.6113740196877 180
2980 -89.94395111747465 -66.19011240086692 180
2981 -45.72407160440679 -75.61459608616326 180
2982 29.78582719534462 -50.99986828549184 180
2983 19.87330846517942 63.76792582154373 180
2984 43.69829589428721 75.44245367430335 180
2985 26.35357861081316 87.36373517107661 180
2986 65.21104332323671 115.3105367727148 180
2987 -69.17467037939655 -95.19148847365591 180
2988 -44.94686654838928 57.28449471210372 180
2989 -20.30108282460888 91.80879078420992 180
2990 -29.40211552384374 84.30887380964965 180
2991 83.11828712616428 42.64814812523522 180
2992 -29.75870749144507 -98.56036873839091 180
2993 72.70982062283895 52.35181852890632 180
2994 -82.00671728614623 -41.70354735237478 180
2995 -96.95494247361819 55.68882962492459 180
2996 76.65581900130546 25.03277982762154 180
2997 50.88984908315727 91.95944443901661 180
2998 -42.03973939777234 102.6490943230057 180
2999 -77.1006219600638 -23.28478228578758 180
3000 -16.49526165395786 -16.9637805029903 180
3001 1.080098657259769 -23.74002771442554 180
3002 9.123692622955449 -65.61111864319659 180
3003 42.82314580165572 -101.1632774556564 180
3004 46.96786257997653 102.6954752475206 180
3005 31.33545876692708 101.7952542671277 180
3006 18.99306478991105 112.4142395434659 180
3007 92.66458657177817 -57.59970119873546 180
3008 -59.37152759076952 85.40332531799899 180
3009 16.52198563256615 16.95989080722497 180
3010 -0.3696189143437353 24.20394626594262 180
3011 30.95752471158796 -82.24575234674064 180
3012 -89.2076158163037 -78.85817318033099 180
3013 -85.83941267428963 -89.67565864156077 180
3014 102.2690616347104 -65.65882802455815 180
3015 -119.3897173111999 -87.83064435558708 180
3016 66.6965488748249 74.22359896556203 180
3017 61.2907015699729 -85.84409028233662 180
3018 -97.68567195770777 -59.31797206386645 180
3019 -52.09579578470595 -93.40765782830991 180
3020 45.38653479429255 -63.21961046643185 180
3021 -99.7509040899984 69.34413947708566 180
3022 -0.9077957285414675 -57.01272838387406 180
3023 100.5980039272726 59.89799175830251 180
3024 94.70565342998022 48.44482108850693 180
3025 102.139937171059 35.46213544396207 180
3026 79.31129435900804 91.37184697344343 180
3027 74.43217783853369 1.924932910290656 180
3028 -99.78557113781496 8.772121790080009 180
3029 -74.03923824772262 0.2019496730707801 180
3030 -82.14427337465787 82.31047001971902 180
3031 50.27463565364716 -116.4129410161013 180
3032 84.29978694445509 -81.09186510396431 180
3033 -97.241162277718 -41.14723439000247 180
3034 95.96167556402996 -77.53620321398125 180
3035 -80.45240643672031 94.10672356536226 180
3036 -68.64318921905246 99.73208997264435 180
3037 -59.72848007814187 117.5743441967466 180
3038 -73.18143021804438 -66.06894437833716 180
3039 -67.41058450509136 -76.68847804528481 180
3040 82.49666322760967 -18.0997123246247 180
3041 -81.8613670576448 18.15440721426084 180
3042 -64.98110565325035 -24.96425821711298 180
3043 -74.20088883244814 -48.5665339615732 180
3044 88.77233753740236 -29.11167879984284 180
3045 -86.52522598292937 30.5147582969415 180
3046 -92.65301482097897 80.07162736001723 180
3047 97.84345513068625 -9.936146457364018 180
3048 -88.04663362341071 61.22937004234368 180
3049 85.30462486780699 80.52769028471192 180
3050 69.66015811686083 -41.65793220930441 180
3051 63.79209271769 26.44176073577319 180
3052 -67.89591108176722 38.91661518375694 180
3053 -46.09372138309374 -64.0121887674544 180
3054 7.879803151695896 -89.44698728757619 180
3055 102.2820761182245 21.91221766573037 180
3056 112.3118883618912 7.531151834302038 180
3057 80.49657994693554 -98.55967799807895 180
3058 69.7704969438927 -97.62694026186819 180
3059 2.196186016691149 -80.36208187085515 180
3060 118.8432133235265 119.1978768561263 180
3061 56.98832133666124 44.06947153687454 180
3062 47.32600560069424 61.47521508401267 180
3063 -10.14758286681096 68.55141315591584 180
3064 -105.7094547173381 -29.51451711182651 180
3065 -99.62354330587728 -17.39341404241456 180
3066 -112.5232288960092 -3.002233005254943 180
3067 94.28427106353089 -100.5948493180421 180
3068 110.3356049705055 -115.2429622681934 180
3069 -18.23044922579772 18.01648795862205 180
3070 -2.080105496417504 81.00955265264164 180
3071 -87.98481919004064 50.19275319479857 180
3072 102.8068835905877 -27.13367836650723 180
3073 99.57421007802338 -39.00600510254061 180
3074 13.6506923410541 90.18960570429229 180
3075 85.07144639657399 -48.21890347984771 180
3076 -35.58107425669631 -9.02143306785295 180
3077 -46.15974733602916 -85.53971739113125 180
3078 -11.02837127847694 119.4010268667305 180
3079 0.1995990334160885 -41.64098689996868 180
3080 -12.41538110303871 -89.2403382214714 180
3081 -26.37433677228594 106.1546306107075 180
3082 34.8211677078367 9.13597302295004 180
3083 12.10812005295521 -115.5363052663388 180
3084 18.66729456227208 -16.31705798832395 180
3085 -82.13759773083328 -4.396460403046812 180
3086 -8.05577714351749 92.29040382592493 180
3087 -2.854477769275929 103.9664150573345 180
3088 4.294631519034168 57.73334798433986 180
3089 -35.76384314377879 -81.21539826305772 180
3090 -92.26217398314489 -97.37895958455459 180
3091 91.59432377398818 38.10316167628349 180
3092 6.975236504048935 82.06431687994439 180
3093 0.7395528431077971 -96.92829436014456 180
3094 64.27199913467004 -58.77397307842211 180
3095 86.76674353840214 4.569467292891515 180
3096 -90.1939660358958 101.5477746544981 180
3097 -96.37415250725196 42.37442618023409 180
3098 69.20678660826626 99.18190543327204 180
3099 88.26309748865445 98.28302073427237 180
3100 -102.8916848884938 85.23440858703992 180
3101 41.01625767999334 -87.13266879764106 180
3102 -39.45370489939714 88.36214769922634 180
3103 -95.69700235083283 -49.10789741701094 180
3104 34.63874753735211 79.95536804386063 180
3105 -47.56316944961755 80.65934402446096 180
3106 -44.14864078023069 70.58561832974326 180
3107 -35.33796265401448 66.10740879162132 180
3108 -25.60441050546036 54.53754030046145 180
3109 78.01350138450162 -63.86166052448974 180
3110 34.9363420992477 -30.11492891012913 180
3111 -7.649954747488059 -96.7318985023188 180
3112 -6.777558815983396 -80.3322584121829 180
3113 123.5657501746113 -60.69649933079132 180
3114 -36.00974091602021 35.18545668465651 180
3115 84.15406745899291 32.56699769660938 180
3116 -54.97108019811061 -71.10810168306051 180
3117 -61.08690239275099 -92.40885969808457 180
3118 49.53698617811467 -80.47139792397871 180
3119 47.88695126241864 -72.44506960913486 180
3120 19.38974226329817 -61.94554331388682 180
3121 21.53724747004513 -79.35101516266998 180
3122 16.42342945741787 -71.76414440603889 180
3123 -83.57157882586176 -31.34404195199905 180
3124 -52.90990730037368 -36.29401455481403 180
3125 -76.25830077646023 -57.66567133487531 180
3126 -24.3807002704583 -76.0082312737469 180
3127 -66.20183649766982 56.15600045611516 180
3128 83.8605646790964 -89.98142846517692 180
3129 102.5461592958043 -86.07001743394862 180
3130 -21.03490783583456 -0.07082576399520005 180
3131 -97.27668009380511 29.39568981082476 180
3132 -103.079555352352 21.84928566265728 180
3133 -78.30127158370848 64.84607545507963 180
3134 -13.20388594907693 -32.07216935612655 180
3135 -76.23370901852739 -89.18429485513452 180
3136 97.94006726252633 96.29340029356803 180
3137 102.232377880914 87.22315309222145 180
3138 -84.84344469014204 -120.8290822468728 180
3139 -77.66213570068614 46.31539745295687 180
3140 94.43194726648029 -47.87072888396899 180
3141 9.26422406134343 102.1865885783132 180
3142 -79.76526273618276 -72.50523795043028 180
3143 26.24650750881489 75.65464452997286 180
3144 -90.78990442487085 -36.49572346583581 180
3145 -98.11337913233071 -32.87902666063552 180
3146 1.592597873480524 41.35530295400027 180
3147 54.30069043791521 72.36720680944411 180
3148 -68.05943954438882 -86.24427884821735 180
3149 102.7879559330365 -16.54234890844466 180
3150 88.42710964257756 21.78719620770034 180
3151 -20.59037842171084 82.85183623051714 180
3152 12.42430496617966 31.39570200730039 180
3153 27.26617578280667 28.80648206019993 180
3154 79.00882218185232 71.88282688766732 180
3155 -89.93026008010168 -44.44876223029221 180
3156 21.39203801006956 0.9442457898281371 180
3157 80.87342716186257 62.42957160858381 180
3158 89.9775110113759 61.52937647814952 180
3159 96.34586519198912 11.94696457911329 180
3160 80.65730222693999 -36.23450730436435 180
3161 -31.51278889402666 -30.83716145654812 180
3162 -13.21999577698675 -72.59347087724424 180
3163 83.79281066467668 -58.69486203834215 180
3164 -78.53719502674275 36.41483018791668 180
3165 -87.77124349660932 -22.45691586328866 180
3166 -80.94014871213787 -63.7002680889351 180
3167 -10.42989866408579 -62.67544387296714 180
3168 -63.33813939891849 77.2859289068866 180
3169 57.23637305651393 87.86399156452873 180
3170 -17.26106783400487 75.82687746378579 180
3171 59.52404141424018 16.12021529870296 180
3172 -65.25581601706614 -124.0358422001415 180
3173 -72.91587283445632 -113.5354202691875 180
3174 7.119552097474028 -74.21130942653983 180
3175 79.5912978389386 10.22781611816533 180
3176 80.18510978514473 17.20885421736726 180
3177 96.58022178572756 69.11019221591189 180
3178 95.41043060524002 79.21721074223919 180
3179 50.969438245276 82.79683271275374 180
3180 -143.76 -18.22548304111749 92.08247736860176
3181 -143.76 72.92090911014543 113.6909148833019
3182 -143.76 -80.5699336199616 117.9689794193801
3183 -143.76 25.13731005114477 132.1141266399896
3184 -143.76 52.32868679433079 61.40761433002429
3185 -143.76 -77.04265330377683 57.88309507376847
3186 -143.76 -23.19680584779329 139.328160163433
3187 -143.76 -2.313146443190391 43.54253003372392
3188 -143.76 -118.2736086279153 149.9999999999999
3189 -143.76 105.3419205915675 138.758046554389
3190 -143.76 68.51619374085496 148.9126176155361
3191 -143.76 106.3698860697128 42.23317290788292
3192 -143.76 -112.7046633259442 29.47077376844213
3193 -143.76 110.3997755335384 89.99999999999996
3194 -18.22548304111749 143.76 92.08247736860176
3195 72.92090911014543 143.76 113.6909148833019
3196 -80.5699336199616 143.76 117.9689794193801
3197 25.13731005114477 143.76 132.1141266399896
3198 52.32868679433079 143.76 61.40761433002429
3199 -77.04265330377683 143.76 57.88309507376847
3200 -23.19680584779329 143.76 139.328160163433
3201 -2.313146443190391 143.76 43.54253003372392
3202 -118.2736086279153 143.76 149.9999999999999
3203 105.3419205915675 143.76 138.758046554389
3204 68.51619374085496 143.76 148.9126176155361
3205 106.3698860697128 143.76 42.23317290788292
3206 -112.7046633259442 143.76 29.47077376844213
3207 110.3997755335384 143.76 89.99999999999996
3208 143.76 18.22548304111746 92.08247736860176
3209 143.76 -72.92090911014543 113.6909148833019
3210 143.76 80.56993361996157 117.9689794193801
3211 143.76 -25.13731005114477 132.1141266399896
3212 143.76 -52.32868679433079 61.40761433002429
3213 143.76 77.04265330377683 57.88309507376847
3214 143.76 23.19680584779329 139.328160163433
3215 143.76 2.313146443190362 43.54253003372392
3216 143.76 118.2736086279153 149.9999999999999
3217 143.76 -105.3419205915675 138.758046554389
3218 143.76 -68.51619374085496 148.9126176155361
3219 143.76 -106.3698860697128 42.23317290788292
3220 143.76 112.7046633259442 29.47077376844213
3221 143.76 -110.3997755335384 89.99999999999996
3222 18.22548304111749 -143.76 92.08247736860176
3223 -72.9209091101454 -143.76 113.6909148833019
3224 80.5699336199616 -143.76 117.9689794193801
3225 -25.13731005114477 -143.76 132.1141266399896
3226 -52.32868679433079 -143.76 61.40761433002429
3227 77.04265330377683 -143.76 57.88309507376847
3228 23.19680584779329 -143.76 139.328160163433
3229 2.313146443190391 -143.76 43.54253003372392
3230 118.2736086279153 -143.76 149.9999999999999
3231 -105.3419205915675 -143.76 138.758046554389
3232 -68.51619374085493 -143.76 148.9126176155361
3233 -106.3698860697128 -143.76 42.23317290788292
3234 112.7046633259442 -143.76 29.47077376844213
3235 -110.3997755335384 -143.76 89.99999999999996
3236 -1.065537576586363e-16 0 0
3237 -58.61575196405676 -58.61575196405698 0
3238 -58.61575196405698 58.61575196405676 0
3239 58.61575196405676 58.61575196405698 0
3240 58.61575196405698 -58.61575196405676 0
3241 -83.46231178434127 -2.830419461143396e-13 0
3242 -2.830419461143396e-13 83.46231178434127 0
3243 83.46231178434127 2.830419461143396e-13 0
3244 2.830419461143396e-13 -83.46231178434127 0
3245 -95.72019999999998 -95.72020000000003 0
3246 -95.72020000000003 95.72019999999998 0
3247 95.72019999999998 95.72020000000003 0
3248 95.72020000000003 -95.72019999999998 0
3249 -193.76 2.842170943040401e-14 141.7290572781351
3250 -193.76 0 316.0931283022899
3251 -193.76 -81.00479728085564 62.27367981045219
3252 -193.76 81.00479728085571 62.27367981045217
3253 -193.76 -91.90162759843059 234.4887416193197
3254 -193.76 91.90162759843059 234.4887416193198
3255 -193.76 -98.33819707475233 351.0923787996273
3256 -193.76 98.33819707475237 351.0923787996275
3257 -193.76 114.5976239686627 142.5555561301107
3258 -193.76 -114.5976239686626 142.5555561301107
3259 -2.842170943040401e-14 -193.76 141.7290572781352
3260 -5.684341886080801e-14 -193.76 316.0931283022899
3261 -81.00479728085567 -193.76 62.27367981045218
3262 81.00479728085566 -193.76 62.27367981045217
3263 91.90162759843059 -193.76 234.4887416193198
3264 -91.90162759843061 -193.76 234.4887416193199
3265 -98.33819707475234 -193.76 351.0923787996275
3266 98.33819707475232 -193.76 351.0923787996275
3267 -114.5976239686626 -193.76 142.5555561301108
3268 114.5976239686627 -193.76 142.5555561301107
3269 1.680283215326938 6.396652783562388 449.8803
3270 -71.05128103744008 -70.30938771222127 449.8803
3271 87.20612244897956 -67.19931972789118 449.8803
3272 65.37774070581781 89.45145974134527 449.8803
3273 -76.01665396382701 79.60756524655869 449.8803
3274 0 193.76 141.7290572781351
3275 0 193.76 316.0931283022899
3276 -81.00479728085566 193.76 62.27367981045219
3277 81.00479728085571 193.76 62.27367981045219
3278 91.90162759843054 193.76 234.4887416193198
3279 -91.90162759843059 193.76 234.4887416193198
3280 98.33819707475232 193.76 351.0923787996274
3281 -98.33819707475232 193.76 351.0923787996275
3282 -114.5976239686626 193.76 142.5555561301108
3283 114.5976239686626 193.76 142.5555561301107
3284 1.680283215326938 6.396652783562388 -50
3285 -71.05128103744008 -70.30938771222127 -50
3286 87.20612244897956 -67.19931972789118 -50
3287 65.37774070581781 89.45145974134527 -50
3288 -76.01665396382701 79.60756524655869 -50
3289 193.76 -2.842170943040401e-14 141.7290572781352
3290 193.76 -5.684341886080801e-14 316.0931283022899
3291 193.76 81.00479728085566 62.27367981045214
3292 193.76 -81.00479728085567 62.27367981045218
3293 193.76 -91.90162759843061 234.4887416193198
3294 193.76 91.90162759843059 234.4887416193199
3295 193.76 -98.33819707475233 351.0923787996275
3296 193.76 98.33819707475237 351.0923787996275
3297 193.76 114.5976239686627 142.5555561301107
3298 193.76 -114.5976239686626 142.5555561301108
3299 -3 -34.01502949874519 192.1803
3300 -3 -66.94240503786673 192.1803
3301 -3 -62.06732185917402 192.1803
3302 -3 -37.69267814082598 192.1803
3303 -3 -42.56763551360636 192.1803
3304 -3 -57.19236448639363 192.1803
3305 -3 -47.44255233491365 192.1803
3306 -3 -52.31744766508635 192.1803
3307 -8.23310421031243 37.96249562372132 194.9802999999999
3308 -4.90939677267037 -31.88000000000016 194.9802999999999
3309 -26.78500000000002 -26.78499999999998 194.9802999999999
3310 26.78499999999998 -26.78500000000001 194.9802999999999
3311 -26.78499999999999 26.78500000000002 194.9802999999999
3312 26.78500000000002 26.78499999999999 194.9802999999999
3313 -1.4210854715202e-14 -37.88 194.9802999999999
3314 37.88000000000001 -1.06581410364015e-14 194.9802999999999
3315 -37.88 1.77635683940025e-14 194.9802999999999
3316 -31.88 2.201657740411573 194.9802999999999
3317 -31.88 -2.201657740651765 194.9802999999999
3318 -24.10082702003366 20.98917297996634 194.9802999999999
3319 -20.98917297996634 -24.10082702003367 194.9802999999999
3320 -20.98917297979666 24.10082702020334 194.9802999999999
3321 -24.10082702020334 -20.98917297979665 194.9802999999999
3322 -23.65420170404698 29.74298987130946 194.9802999999999
3323 -29.74298987130943 -23.65420170404695 194.9802999999999
3324 23.654201704047 -29.7429898713095 194.9802999999999
3325 29.74298987130945 23.65420170404697 194.9802999999999
3326 -29.74298987130931 23.65420170404697 194.9802999999999
3327 -23.654201704047 -29.74298987130929 194.9802999999999
3328 29.7429898713093 -23.65420170404699 194.9802999999999
3329 23.65420170404698 29.74298987130937 194.9802999999999
3330 -37.75792860653642 4.305379798868753 194.9802999999999
3331 -4.30537979886876 -37.7579286065364 194.9802999999999
3332 37.75792860653644 -4.305379798868746 194.9802999999999
3333 -37.75792860653631 -4.305379798868653 194.9802999999999
3334 4.305379798868646 -37.75792860653627 194.9802999999999
3335 37.75792860653632 4.30537979886865 194.9802999999999
3336 -31.68695640570331 -6.375281186576842 194.9802999999999
3337 -31.68695640570328 6.375281186576842 194.9802999999999
3338 -26.91339789872469 17.9035553636247 194.9802999999999
3339 -17.90355536362469 -26.91339789872469 194.9802999999999
3340 -17.9035553636247 26.91339789872467 194.9802999999999
3341 -26.91339789872468 -17.90355536362469 194.9802999999999
3342 -10.58549999931374 38.29247811860662 194.9802999999999
3343 13.16099424970929 37.64526363483164 194.9802999999999
3344 5.529005750976538 37.64526363307884 194.9802999999999
3345 4.42239241234305 31.77067055393586 192.1803
3346 -4.422392412343052 37.98932944606414 192.1803
3347 4.909396772881689 -31.88 194.9803
3348 31.88 -2.201657740411566 194.9803
3349 31.88 2.201657740651765 194.9803
3350 20.98917297996634 24.10082702003366 194.9803
3351 24.10082702003366 -20.98917297996634 194.9803
3352 20.98917297979666 -24.10082702020334 194.9803
3353 24.10082702020334 20.98917297979666 194.9803
3354 10.65674999973173 31.54429774913087 194.9803
3355 31.68695640570331 6.375281186576846 194.9803
3356 31.68695640570328 -6.375281186576842 194.9803
3357 26.91339789872469 -17.9035553636247 194.9803
3358 17.9035553636247 26.91339789872466 194.9803
3359 26.91339789872466 17.90355536362471 194.9803
3360 17.9035553636247 -26.91339789872466 194.9803
3361 3 -34.01502949874519 192.1803
3362 3 -66.94240503786673 192.1803
3363 3 -62.06732185917402 192.1803
3364 3 -37.69267814082598 192.1803
3365 3 -42.56763551360636 192.1803
3366 3 -57.19236448639363 192.1803
3367 3 -52.31744766508635 192.1803
3368 3 -47.44255233491365 192.1803
3369 -3 -69.37999999999998 187.69515
3370 3 -69.37999999999998 187.69515
3371 -4.5 -52.31744766401413 191.1803
3372 -4.5 -47.44255233384143 191.1803
3373 -4.5 -57.19236448639366 191.1803
3374 -4.5 -42.56763551360639 191.1803
3375 -4.5 -66.94240503786675 191.1803
3376 -4.5 -32.81759496213327 191.1803
3377 -4.5 -62.06732185917406 191.1803
3378 -4.5 -37.692678140826 191.1803
3379 -3 -69.38 191.1803
3380 -1.5 -47.44255233598587 191.1803
3381 -1.5 -52.31744766615856 191.1803
3382 -1.5 -42.56763551360633 191.1803
3383 -1.5 -57.1923644863936 191.1803
3384 -1.5 -66.94240503786672 191.1803
3385 -1.5 -32.81759496213325 191.1803
3386 -1.5 -62.067321859174 191.1803
3387 -1.5 -37.69267814082595 191.1803
3388 -3 -66.94240503786673 190.1803
3389 -3 -32.81759496213326 190.1803
3390 -3 -62.06732185917402 190.1803
3391 -3 -37.69267814082598 190.1803
3392 -3 -42.56763551360636 190.1803
3393 -3 -57.19236448639363 190.1803
3394 -3 -47.44255233491365 190.1803
3395 -3 -52.31744766508635 190.1803
3396 1.5 -52.31744766401413 191.1803
3397 1.5 -47.44255233384143 191.1803
3398 1.5 -57.19236448639366 191.1803
3399 1.5 -42.56763551360639 191.1803
3400 1.5 -66.94240503786675 191.1803
3401 1.5 -32.81759496213327 191.1803
3402 1.5 -62.06732185917406 191.1803
3403 1.5 -37.692678140826 191.1803
3404 3 -69.38 191.1803
3405 4.5 -47.44255233598587 191.1803
3406 4.5 -52.31744766615856 191.1803
3407 4.5 -42.56763551360633 191.1803
3408 4.5 -57.1923644863936 191.1803
3409 4.5 -66.94240503786672 191.1803
3410 4.5 -32.81759496213324 191.1803
3411 4.5 -62.067321859174 191.1803
3412 4.5 -37.69267814082595 191.1803
3413 3 -66.94240503786673 190.1803
3414 3 -32.81759496213326 190.1803
3415 3 -62.06732185917402 190.1803
3416 3 -37.69267814082598 190.1803
3417 3 -42.56763551360636 190.1803
3418 3 -57.19236448639363 190.1803
3419 3 -47.44255233491365 190.1803
3420 3 -52.31744766508635 190.1803
3421 -2.842170943040401e-14 -76.1285384654486 185.21
3422 0 -85.2737503567642 185.21
3423 86.40460053584995 -86.31738411099788 185.21
3424 -86.40460053584967 -86.31738411099764 185.21
3425 -86.30828634615916 86.30828634615918 185.21
3426 86.29214054799662 86.29214054799661 185.21
3427 7.808500015004384 -86.6058870911157 185.21
3428 -7.808500015003276 -86.60588709111578 185.21
3429 77.1815615339506 -86.42117940900027 185.21
3430 -77.18156153395007 -86.42117940900019 185.21
3431 86.35419534876701 -76.44142654488732 185.21
3432 -86.35419534876682 -76.44142654488707 185.21
3433 67.43576320748434 -86.81329330993206 185.21
3434 -67.435763207482 -86.81329330993218 185.21
3435 -86.22807066331411 76.29932896224328 185.21
3436 -76.29932896224325 86.2280706633141 185.21
3437 76.29932896224319 86.22807066331379 185.21
3438 86.22807066331377 76.29932896224317 185.21
3439 57.61141088575059 -86.9052079440462 185.21
3440 -57.61141088569046 -86.90520794404566 185.21
3441 -67.10304268793878 86.0365850680688 185.21
3442 86.04659495834609 -67.11432026778614 185.21
3443 -86.03658506806876 67.10304268793863 185.21
3444 67.10304268793756 86.03658506806875 185.21
3445 86.03658506806876 67.10304268793766 185.21
3446 -86.04659495834606 -67.11432026778516 185.21
3447 47.67925410644203 -86.827003108567 185.21
3448 -47.6792541052118 -86.82700310846197 185.21
3449 -57.3708570304277 86.8022532724667 185.21
3450 86.80225327246674 -57.37085703042749 185.21
3451 -86.80225327246673 57.37085703042749 185.21
3452 86.8022532724667 57.3708570304265 185.21
3453 -86.80225327246667 -57.3708570304265 185.21
3454 57.37085703042639 86.8022532724667 185.21
3455 -37.75606068053757 -86.76887941955455 185.21
3456 37.75606068177981 -86.76887941968826 185.21
3457 -17.96043074691454 -86.57738805091753 185.21
3458 17.960430746916 -86.57738805091749 185.21
3459 27.84794541193118 -86.57713667491343 185.21
3460 -27.84794541192983 -86.57713667491342 185.21
3461 86.91455916233653 -47.4701590792347 185.21
3462 -86.91455916233649 47.4701590792347 185.21
3463 -47.4701590792349 86.9145591623365 185.21
3464 47.47015907923344 86.91455916233649 185.21
3465 86.9145591623365 47.4701590792335 185.21
3466 -86.91455916233649 -47.4701590792335 185.21
3467 86.75699599137805 -37.38821565915185 185.21
3468 -86.75699599137802 37.38821565915186 185.21
3469 37.38821565915087 86.75699599137801 185.21
3470 86.75699599137802 37.38821565915105 185.21
3471 -86.75699599137799 -37.38821565915105 185.21
3472 -37.38821565915208 86.75699599137803 185.21
3473 86.76444192489157 -27.45731356406718 185.21
3474 -86.76444192489156 27.45731356406718 185.21
3475 -27.45731356406715 86.76444192489154 185.21
3476 27.45731356406585 86.76444192489154 185.21
3477 86.76444192489157 27.4573135640659 185.21
3478 -86.76444192489156 -27.4573135640659 185.21
3479 -17.46466161571669 86.67727443002708 185.21
3480 86.67727443002714 -17.46466161571691 185.21
3481 -86.67727443002714 17.46466161571691 185.21
3482 86.67727443002714 17.46466161571536 185.21
3483 -86.67727443002711 -17.46466161571536 185.21
3484 17.46466161571549 86.67727443002713 185.21
3485 -7.199863942393904 86.75577389778189 185.21
3486 86.75577389778191 -7.199863942394056 185.21
3487 -86.75577389778194 7.199863942394054 185.21
3488 86.75577389778189 7.199863942392568 185.21
3489 -86.75577389778188 -7.19986394239257 185.21
3490 7.199863942392682 86.75577389778189 185.21
3491 -3.000000000000014 -72.16874688889602 185.21
3492 3 -72.16874688934783 185.21
3493 85.74594063632465 -1.06069546282983e-12 185.21
3494 -85.74594063632468 1.058268757769809e-12 185.21
3495 -9.379164112033322e-13 85.74594063632469 185.21
3496 0 -71.84520644873849 185.21
3497 83.73019757170624 -71.54209499756799 185.21
3498 -83.69616392966144 71.50375120907191 185.21
3499 71.50375120907142 83.69616392966134 185.21
3500 -83.73019757170617 -71.5420949975675 185.21
3501 83.69616392966135 71.5037512090715 185.21
3502 -71.50375120907201 83.69616392966144 185.21
3503 -84.82576964616258 -62.17968087965111 185.21
3504 84.8237676681071 62.17742536368161 185.21
3505 -62.17742536368259 84.82376766810711 185.21
3506 84.82576964616257 -62.17968087965187 185.21
3507 -84.8237676681071 62.17742536368237 185.21
3508 62.17742536368146 84.82376766810711 185.21
3509 -84.99936248696064 -52.28615285041485 185.21
3510 84.99936248696065 52.28615285041485 185.21
3511 52.28615285041474 84.99936248696065 185.21
3512 -84.99936248696066 52.28615285041565 185.21
3513 84.99936248696066 -52.28615285041565 185.21
3514 -52.28615285041595 84.99936248696065 185.21
3515 -42.32321633073313 84.99031103074292 185.21
3516 -84.99031103074289 42.32321633073278 185.21
3517 84.99031103074292 -42.32321633073279 185.21
3518 42.32321633073188 84.99031103074289 185.21
3519 84.9903110307429 42.32321633073201 185.21
3520 -84.99031103074286 -42.32321633073201 185.21
3521 -32.35618181847151 84.9602875832539 185.21
3522 -84.96028758325393 -32.35618181847067 185.21
3523 84.96028758325392 32.35618181847067 185.21
3524 32.35618181847049 84.9602875832539 185.21
3525 84.96028758325393 -32.35618181847136 185.21
3526 -84.96028758325393 32.35618181847136 185.21
3527 84.94434327098375 -22.4064902126401 185.21
3528 -84.94434327098374 22.40649021264009 185.21
3529 22.40649021263895 84.94434327098372 185.21
3530 84.94434327098375 22.40649021263886 185.21
3531 -84.94434327098374 -22.40649021263886 185.21
3532 -22.40649021263992 84.94434327098372 185.21
3533 -84.31151067555037 -12.3485672351465 185.21
3534 84.31151067555035 12.3485672351465 185.21
3535 84.31151067555037 -12.3485672351472 185.21
3536 -84.31151067555042 12.3485672351472 185.21
3537 12.34856723514669 84.31151067555035 185.21
3538 -12.34856723514689 84.31151067555027 185.21
3539 72.21452810645455 -84.90289454378647 185.21
3540 -72.2145281064535 -84.90289454378649 185.21
3541 62.39307508745578 -84.99970025079566 185.21
3542 -62.39307508744277 -84.99970025079558 185.21
3543 -52.53375331257264 -85.00244221050151 185.21
3544 52.53375331283128 -85.00244221052264 185.21
3545 -12.99835967790985 -84.89265502840664 185.21
3546 12.99835967791108 -84.89265502840664 185.21
3547 42.65446437625768 -84.97517650565105 185.21
3548 -42.65446437390996 -84.97517650560332 185.21
3549 -32.78067776441513 -84.92520321889359 185.21
3550 32.78067776466442 -84.92520321892033 185.21
3551 -22.91430053218384 -84.88690494516618 185.21
3552 22.91430053218509 -84.88690494516619 185.21
3553 89.99627343419989 -81.17846596122077 185.21
3554 -81.17788818207434 89.99538724458199 185.21
3555 -89.99538724458201 81.17788818207437 185.21
3556 89.99538724458186 81.17788818207362 185.21
3557 81.17788818207362 89.99538724458185 185.21
3558 -89.99627343419975 -81.17846596122003 185.21
3559 81.26469326286623 -89.90529152232881 185.21
3560 -81.26469326286535 -89.90529152232884 185.21
3561 88.73019757576387 -71.4006255738075 185.21
3562 -88.69616393220885 71.36228178360999 185.21
3563 -71.36228178361002 88.69616393220888 185.21
3564 71.36228178360867 88.69616393220878 185.21
3565 88.69616393220878 71.36228178360869 185.21
3566 -88.73019757576382 -71.40062557380618 185.21
3567 90.62587351206143 90.62587351206143 185.21
3568 -90.65442486307613 -90.63262075686313 185.21
3569 -90.7873314936845 90.7873314936845 185.21
3570 90.65442486307629 -90.63262075686326 185.21
3571 -6.07 37.88 193.5803
3572 6.382119411136885 -41.32234557583427 302.4508265600442
3573 -19.64888640369558 40.34922186141115 286.8776972807221
3574 43.36518615122705 9.050887503019876 270.1379081706115
3575 -33.34740384704399 -16.67144016826106 261.7663130919354
3576 -79.40362759181558 64.19318849813114 266.3659920515987
3577 68.92592540941278 -67.75483625448599 273.0379743876128
3578 -18.92878564298308 -85.11065007570744 263.1563918897318
3579 12.845703494336 -34.95401362557762 250.5575309066517
3580 22.5233157798546 88.25290702692367 260.9503549115435
3581 10.62851697855783 34.29575373430553 247.052800108509
3582 -28.15099701475651 23.26864660760217 240.4777089878063
3583 30.62780261622529 6.422969577904867 235.7925672537482
3584 88.49498146232419 80.31267208841727 258.1312563322785
3585 -88.52959805380544 -50.49520215495453 258.0618752992489
3586 -71.63364022922197 19.91732982364107 242.4186949677768
3587 -15.89166808149961 -32.47496881900336 233.2917004288611
3588 -36.60939161192831 -10.85472992780041 229.8359315720376
3589 -37.60860663782234 65.2543020004246 241.5473385966962
3590 29.47520228528672 -21.69521468717572 228.5291948594225
3591 69.75834730474676 -33.49135838624422 242.9889505966542
3592 6.182454975523711 -36.60836423118295 223.9241412822736
3593 6.999675815403764 -70.96639352272382 235.1274153641772
3594 -30.88836012856741 9.358549421577065 222.0039453308858
3595 -47.35603462780367 -57.27455349495816 237.8092767299598
3596 85.37565526200812 20.1045092621834 247.5243033791488
3597 26.25327091718367 26.31717093422805 223.2749699769662
3598 2.694173986227286 30.84015144238791 223.4838624929799
3599 -19.64888640369558 40.34922186141115 223.7099553157437
3600 -0.0842482119232536 65.77741562853397 230.5780867759128
3601 102.7499126203563 -65.65230082674904 242.3987092433593
3602 -22.83271412923794 -16.16807031428372 218.2921476264152
3603 2.050653888950948 -10.42085799361802 223.6871360864433
3604 -11.14384252144541 -26.7217698746485 215.2427213131343
3605 -26.33641190173078 -36.31855595000305 217.1321521844523
3606 33.90392957910814 -53.56670231051515 229.4999111946216
3607 -11.91586244544315 -55.00809147043974 222.0513336409836
3608 -56.27226183662294 9.451198838202039 223.7628898820907
3609 52.29486417438807 -7.811096918259373 225.6599519163827
3610 43.36518615122705 9.050887503019876 219.5751566089801
3611 25.63998351178382 7.948512601666255 217.1624017070359
3612 33.53388856839855 -7.881477555304905 216.8104878366427
3613 -84.67201696485353 -88.79041573840153 240.5312477340696
3614 37.62767038408444 64.69886175155466 234.8165983152224
3615 -37.25589880770764 -17.25415088168353 214.3856943071387
3616 -61.65034006176547 -26.29164339976281 225.3102846310904
3617 -66.85819999499851 101.0181505293398 242.9137294136188
3618 -77.33084705491746 -77.33084705491738 324.7166768234055
3619 -95.05543828458318 53.7970026268645 235.1510752396562
3620 -14.7082250654244 20.37787317005654 219.0625868458681
3621 -5.572744551999964 100.6143333482983 233.2985745986017
3622 82.55179604164809 82.55179604164809 330.8211319895508
3623 66.90566125008263 -80.76818797297915 236.945237966558
3624 15.64776576555501 33.23333950853425 214.7258712178989
3625 -18.92878564298308 -85.11065007570744 228.6526732031777
3626 20.79995183063948 -16.35667498988354 214.3911449971138
3627 25.06281753880359 -30.77542285588637 214.2056343993019
3628 -35.32178373427745 -3.86391277634416 212.904582405803
3629 -43.38348110207427 8.407759979488356 213.8677255648628
3630 -83.69736103677047 83.69736103677049 330.7410998067794
3631 -42.703533703854 45.84003386677178 221.2678206090731
3632 79.75657001623958 -21.40636386600436 330.6781034623655
3633 13.69374405012217 81.7246892261992 330.6781034623655
3634 51.32737984188562 -33.57189967462836 223.1164071081257
3635 -71.06565782718114 0.136557012273773 325.2066423321812
3636 12.72103766306345 -51.71373811490106 216.8813047294699
3637 -33.84236448562037 12.51108778574478 210.3057579322104
3638 69.72043102694465 13.29261952543805 225.6107531313057
3639 87.2845535172636 -87.2845535172636 330.4904891077288
3640 -94.75101561414739 -27.53417901846711 230.6261914751085
3641 11.08067404309429 18.58431384821502 213.9313543943803
3642 35.99631145895013 -22.47454618943194 212.8366412372762
3643 22.5233157798546 88.25290702692367 227.4020326171068
3644 7.900159739748879 -77.90259723033249 185.0000991578272
3645 77.14318436463989 -77.11955264149546 185
3646 12.72569878078243 -62.067321859174 187.7096255970669
3647 -4.799271916621049 49.30134364478536 191.1803
3648 5.983048358096077 39.08219593816359 188.9482411199846
3649 12.02496290154516 -46.01869589352096 191.1803
3650 -12.02496290055974 -46.01869589226828 191.1803
3651 10.4200160416405 -32.22436204035034 188.3057172544812
3652 14.34034581531292 29.76542238187386 188.3517972197439
3653 -13.31036413316941 37.88 189.5553
3654 4.799271916621049 22.07983327463071 191.1803
3655 -3 -77.48407020735608 192.8053
3656 -25.31805917097257 -10.49227515206665 194.264882364244
3657 25.31805917097257 10.49227515206665 194.264882364244
3658 25.31805917097264 -10.49227515206669 194.2648823642441
3659 -25.31805917097264 10.49227515206669 194.2648823642441
3660 -1.916666666666667 -21.64064085217434 191.1803
3661 10.65674999973173 25.70601279656015 194.4857699788211
3662 18.58094087542152 22.50842084931825 188.5283788135469
3663 -11.48066652237267 -25.23632916050163 197.0732573532471
3664 -10.88732855881507 31.43260202307474 189.4930283091275
3665 -13.47243484311158 -65.51848734291421 191.1803
3666 29.23963698389638 26.21032340420334 188.7609155799099
3667 -10.74082780000986 -31.48416904025151 188.8790300886917
3668 -16.19657661907738 -24.9317349736734 188.6327108218979
3669 13.16099424970931 35.57400438716198 189.5986249567416
3670 5.406723682485392 -75.66600689350595 190.9300242089431
3671 4.701008187422655 47.49871455832665 193.9330593258474
3672 10.74082780065342 -25.89728332378767 194.5917198405208
3673 -10.88732855881507 26.21916921005097 194.7650714354185
3674 29.94506745929541 -5.632729819426583 188.6384983837519
3675 -32.98326845006468 32.98326845006466 193.9201303651558
3676 -29.18178753228689 28.44929436420772 188.0272288327156
3677 -28.90004418048449 18.90599905223389 189.1332812427393
3678 -31.1313992854462 10.09986172411049 188.2632702162443
3679 -5.304766430141423 32.31449835421009 191.4029573385039
3680 15.79877759582136 15.95264381706795 192.647929204936
3681 11.64551924296893 30.79666666666667 191.1803
3682 -10.84250990551488 -73.77240475396715 191.1803
3683 22.48109099366107 42.25443582891388 193.9200761725125
3684 -1.412358133669619 27.75530853341616 191.1803
3685 -24.66374021082833 -2.098157320578985 194.2628786193669
3686 39.89886379951792 -26.71675449336519 193.9201583436819
3687 -100.5220742329395 -61.91615742991208 192.4540827148628
3688 -90.51269964607533 -77.19891828076508 193.6919909976924
3689 31.95282262320022 31.95282262320025 193.9201303651558
3690 12.09049437374369 -53.74130410773171 191.1803
3691 -12.09049437358354 -53.74130410647904 191.1803
3692 -33.22497840318664 -33.22497840318667 193.9201303651558
3693 -11.62714890507666 45.92455473289846 191.1803
3694 1.412358133669618 42.00469146658385 191.1803
3695 -5.592621858730229 24.85196375104825 196.4803000001134
3696 42.81668730480146 4.181534001324937 188.5098677393511
3697 -69.950687402988 -68.85769121727294 192.343722625523
3698 24.30898140798048 -4.709196292152217 196.4803
3699 9.320446700614552 -41.23548159640733 190.9567561407473
3700 -9.242511301679027 -41.2917446551985 191.3006058852527
3701 37.37456951523351 12.91623088082082 187.0971486061517
3702 -42.59990700489782 22.82656216964501 193.9200761725125
3703 -39.47456438488356 14.02926663399806 189.1390453430116
3704 10.98865595815052 -69.27666548746814 189.0662247766311
3705 -4.440892098500626e-16 -42.59208681057291 194.5913286615786
3706 29.66614939835216 2.098157320578986 188.0869101831512
3707 -25.76146268766019 38.94357199381282 193.9201583436819
3708 30.85325198715749 -28.66574954421104 188.4482446006259
3709 3.348172199990143 -23.96271155754216 194.5917198397279
3710 -45.53266677961722 4.660232353596104 193.9205654280138
3711 -26.12559884245266 -39.30770814860539 193.9201583436819
3712 -30.66959560173746 -11.5421082869743 188.6336798521751
3713 -37.17243618231588 -17.39909134706311 186.3277003982498
3714 -40.36568031213019 -27.18357100597757 188.9092434481283
3715 -6.308084053417867 -43.88529885586004 196.4803
3716 33.77090058770906 20.58879128155644 187.5395936826005
3717 43.82761860342209 24.05427376816934 189.0150291683543
3718 38.2275179672033 25.04540866105068 193.9201583436819
3719 -1.240500000000001 41.45746392890471 195.6882639285714
3720 -3 -73.68625604567417 189.5553
3721 -31.96005676202287 -3.823196370970779 188.2692079924272
3722 -34.39768060301676 2.305158160244167 188.8569994152294
3723 -40.43989302799894 -2.97539770599542e-14 189.0387459425382
3724 -20.33023983220237 19.76583082076181 189.6807853466486
3725 -23.25688680400338 26.22531809857855 190.6345148016121
3726 27.84071531586222 -22.41766688678295 188.8177996875927
3727 32.25153657740012 -15.96075672317933 188.0484366925981
3728 35.58524854769411 -6.084022174945858e-14 189.0549903924433
3729 22.46353693772404 -19.49838348969596 189.2130245136646
3730 18.86121564469014 -15.89606219666206 194.2649441716079
3731 -16.03226252012758 -18.99741596815566 194.2649441716079
3732 44.97327448988612 9.32044670061455 193.9204349441175
3733 -22.69488899555369 -25.95304362766025 188.7047197022146
3734 -22.46353693773552 -19.49838348970745 188.9094751828857
3735 -28.5954265451516 -28.59542654515163 189.0345430469439
3736 -30.88072801193172 -21.33384670954424 190.1072613068717
3737 -7.04449999935644 -25.42120837507353 194.5917402919123
3738 -25.13264632577958 31.72371371337373 189.2198307652128
3739 17.29406818181827 -35.56056206336115 188.5329676852769
3740 -11.00714444728996 37.26923332007183 191.8891499801077
3741 9.530941351024618 -65.56545137179791 194.7712776845019
3742 7.539771916621051 25.95280618210112 191.1803
3743 23.77790566599924 -31.42008638932682 188.8979687879561
3744 16.99033138122415 -28.3891442171851 188.9262784374382
3745 -8.610744761783728 -36.27892569570671 191.2049694768227
3746 8.610744761783671 -36.2789256957067 191.2049694768228
3747 31.50555059714632 -33.97626445619797 193.8420516836698
3748 93.15932405383407 91.22654945822745 193.5032538688253
3749 83.8860321988649 104.1591824878974 192.1040880185453
3750 1.990499999918174 30.38 196.4803
3751 -0.2696162915793474 -47.44255233598587 196.7339108963699
3752 38.58760965419669 -13.98079793672298 188.7728013945847
3753 -42.39495745397474 -22.62161261872198 193.9200761725125
3754 -14.58389729332193 21.23794960290361 196.4803
3755 -100.6411354619945 70.95264302939803 193.7337795516481
3756 45.04919117903594 1.647881566579925 196.4803
3757 45.72411749248945 -4.660232353596104 193.9205654280138
3758 -3.749249999999996 43.70242692801507 192.61909253125
3759 -72.27027981295842 -52.04080500430282 192.9231971222164
3760 -82.56690056257503 -46.24097867937436 191.8945355273685
3761 31.41516286010107 10.49079844179463 188.7602422292848
3762 24.10588505968391 2.098157320578985 194.2628786193669
3763 0 -66.94240503786675 194.6512345997087
3764 -0.2695503980445908 -62.067321859174 196.7310590905339
3765 2.220446049250313e-16 -32.81759496213325 187.7093654002913
3766 -0.005979429217426258 -33.03122727323676 194.1468976570418
3767 0 -57.19236448639366 194.6509279437642
3768 0 -42.56763551360633 187.7096720562358
3769 2.220446049250313e-16 -57.19236448639363 187.7096720562359
3770 0.8457194715993792 -61.74221617673879 186.725493223902
3771 0 -47.44255233384141 187.709724442596
3772 -2.220446049250313e-16 -52.31744766615856 194.6508755574039
3773 -0.4778635902906189 -52.00976146072203 186.9044726688114
3774 7.179384581902662 -52.77779828934494 186.7274593945901
3775 0 -37.69267814082595 187.7096255970669
3776 -47.60383200161612 13.98079793672298 190.6124006895413
3777 -80.97988199664228 -71.85499129368768 192.1058921544859
3778 0 -66.94240503786675 187.7093654002913
3779 -41.68906839661931 -69.67894976509614 98.49675289504646
3780 65.27639210005422 67.41893702452901 102.8237652642424
3781 -63.06104879277566 65.12768955799983 97.96302125076656
3782 67.93479526746395 -50.52090630190128 100.3232305028075
3783 84.22441134084119 8.724318875849473 116.9201501640053
3784 14.14128726122412 -86.88201042359749 119.4480136497122
3785 -92.64705665043716 -40.71944202136827 124.0339370251434
3786 2.914872416077357 77.52502025480801 115.7951866458987
3787 -32.12734369251935 1.660928644641591 109.3675315419452
3788 96.76196215298341 -83.72584247612352 129.6034004168203
3789 -87.51901403842137 13.88746394779274 125.5902817927464
3790 -63.34280543080337 -98.99697764720719 132.5784283284344
3791 -100.3835176720685 77.47462969849516 133.9733993860502
3792 26.43474975705856 -8.697465834028012 120.5211054046104
3793 92.5233535868621 94.47586379872192 132.0707300369598
3794 52.43662302331298 87.39122864540946 138.9906977553319
3795 77.98267509898837 56.42586954246516 140.389276971219
3796 54.42826682072632 -85.31386833450678 137.4663099731451
3797 94.56367547685326 -42.0233141790501 137.8390109221613
3798 -41.07973030023214 81.95381813378349 134.5774825266358
3799 -28.49969053368873 -82.04956051648226 141.0240741414887
3800 -9.579711835540028 -41.16747039286795 135.7088835179811
3801 -83.44328205435428 46.60396962560174 143.8805361597052
3802 2.037529151008134 -75.18925297292235 148.2890782330997
3803 3.407922984629569 32.45969605449536 132.7219451513293
3804 -77.94519090464128 -67.78150769541116 144.037311750567
3805 100.5157157310125 28.66939291441783 144.6763599165016
3806 80.45107633838938 3.939290371590062 148.5530356710362
3807 20.64660755652386 91.67370887152126 147.5736716625916
3808 -8.240053378855976 76.1573453633946 148.1558980255762
3809 24.92560976531761 -95.70089381361643 150.178127894114
3810 -9.110373432896711 110.5350845318997 146.8015510318091
3811 -70.28381776449879 78.1181446261109 148.2771746389377
3812 -47.63099707405741 32.7340050003757 143.4760894577447
3813 -61.89033089131169 -15.4895215799375 139.7412857912279
3814 97.31020973279763 -15.48875131225498 154.2506946025586
3815 -97.00422201408556 23.18189212043066 152.3359271187706
3816 -80.50913943066779 2.165929543783772 154.0937907310518
3817 -94.22141280628603 -21.15175384610266 153.7598748555579
3818 -74.75799283345795 -41.32958070947451 152.9073372078976
3819 28.37147941327825 -60.06641849345236 150.9318303699102
3820 60.67912785879133 -48.23680977404322 147.2366412142959
3821 83.72580698483347 -64.4355303200616 152.0110215932146
3822 29.20929403715557 57.38770573828771 146.5017802424774
3823 70.67344348267002 29.84100633582629 153.0259384830729
3824 -18.24983894751246 47.12936466625192 150.9852783178251
3825 86.36065601315332 -34.54819341562865 158.4302940930932
3826 75.69939552229707 76.87218164915673 156.6912009131674
3827 -52.19504965392365 -77.78869916484715 149.9098083830633
3828 -71.18123381300916 -90.39826989966862 157.4860416818758
3829 61.74301154087955 84.93333239429811 160.2107563794215
3830 96.76196215298341 -83.72584247612352 157.0179481833089
3831 -26.66380838399533 90.25792001108805 156.2998763639904
3832 -38.30085954685274 71.18445438719802 158.3469745386005
3833 75.47499392026634 -94.16671795335078 157.2473061339242
3834 -109.1311773161431 -96.16783299040587 139.427404126181
3835 41.27981616590065 81.93727494045361 160.5121116398308
3836 -24.85708270709429 -10.15440663115703 145.6745663518996
3837 -3.386479391611121 -93.89449452751592 158.5774059777673
3838 -11.8212735161008 -77.98006833502451 162.4397925226959
3839 -8.990223032719538 -54.25904787905027 157.0459956538064
3840 51.22684296658036 -10.591204802417 150.4492493822578
3841 35.50715055123356 20.68554750514831 146.7567228858647
3842 -104.8214500994467 -37.76677313858569 160.791335082811
3843 -90.11537380016817 -50.11803869032592 161.6327608107324
3844 -31.53749224436923 -75.40876505813068 161.4318043260594
3845 85.09759392888941 58.66352305982316 160.410453508832
3846 92.5233535868621 94.47586379872192 159.4187788983441
3847 24.01379327036044 -26.5033493390571 150.6496846371685
3848 -51.19996392814726 109.7373829566085 150.2741061959296
3849 -49.8287864247966 -52.47493108574218 155.4059331692846
3850 37.59772196525854 -81.37363996030061 159.7071108982467
3851 51.26269427191816 -66.57854827617753 160.9880240094412
3852 54.45880267526184 64.58684474864229 159.8351467238321
3853 -76.31831112449561 -62.45258103102963 162.1166034749067
3854 -52.63043823734201 85.114508221131 161.0023999330831
3855 -84.14404344988317 35.64838788844898 160.9486755745954
3856 -62.83137180057226 47.1218636378892 157.5383615980974
3857 85.12507943948962 18.02370364019956 161.1736790320505
3858 18.07095887883737 32.34604875772773 63.53137810308328
3859 -65.85161665887593 21.20765962870906 158.8024491149069
3860 86.00237691267269 37.85068633804474 161.5489863393853
3861 -23.96489026479028 -95.14099592702426 160.4250627842652
3862 -92.8298300346122 -90.37647145021897 159.430906237426
3863 -82.10586071191025 -111.9063342094104 157.7696494883136
3864 -87.103726688701 95.49622883766608 155.6472824789571
3865 -93.04001012850674 72.61576581915732 157.4959352678578
3866 -85.65068938103524 55.72430783574634 161.9963616725123
3867 10.31865006156016 76.64124956889286 159.3035709562662
3868 8.836015398067721 95.22961651131781 162.4248680350504
3869 -6.533835601798287 85.87346742790692 163.2387679535823
$EndNodes
$Elements
22105
1 2 2 5 35 2 1 1303
2 2 2 5 35 1 3 1303
3 2 2 5 35 6 2 1303
4 2 2 5 35 3 6 1303
5 2 2 7 41 8 7 1304
6 2 2 7 41 7 9 1304
7 2 2 7 41 12 8 1304
8 2 2 7 41 9 12 1304
9 2 2 8 43 14 1305 13
10 2 2 8 43 13 1305 244
11 2 2 8 43 15 1305 14
12 2 2 8 43 20 15 243
13 2 2 8 43 244 15 20
14 2 2 8 43 243 15 241
15 2 2 8 43 244 1305 15
16 2 2 8 43 241 16 19
17 2 2 8 43 19 16 242
18 2 2 8 43 18 1306 17
19 2 2 8 43 17 1306 242
20 2 2 8 43 19 1306 18
21 2 2 8 43 243 241 19
22 2 2 8 43 242 1306 19
23 2 2 9 44 13 14 1307
24 2 2 9 44 21 13 1307
25 2 2 9 44 14 22 1307
26 2 2 9 44 22 21 1307
27 2 2 9 45 14 15 1308
28 2 2 9 45 22 14 1308
29 2 2 9 45 15 23 1308
30 2 2 9 45 23 22 1308
31 2 2 9 46 23 15 1310
32 2 2 9 46 15 241 1310
33 2 2 9 46 16 24 1309
34 2 2 9 46 241 16 1309
35 2 2 9 46 245 23 1310
36 2 2 9 46 24 245 1309
37 2 2 9 46 245 241 1309
38 2 2 9 46 241 245 1310
39 2 2 9 47 24 16 1312
40 2 2 9 47 16 242 1312
41 2 2 9 47 17 25 1311
42 2 2 9 47 242 17 1311
43 2 2 9 47 246 24 1312
44 2 2 9 47 25 246 1311
45 2 2 9 47 246 242 1311
46 2 2 9 47 242 246 1312
47 2 2 9 48 17 18 1313
48 2 2 9 48 25 17 1313
49 2 2 9 48 18 26 1313
50 2 2 9 48 26 25 1313
51 2 2 9 49 18 19 1314
52 2 2 9 49 26 18 1314
53 2 2 9 49 19 27 1314
54 2 2 9 49 27 26 1314
55 2 2 9 50 27 19 1316
56 2 2 9 50 19 243 1316
57 2 2 9 50 20 28 1315
58 2 2 9 50 243 20 1315
59 2 2 9 50 247 27 1316
60 2 2 9 50 28 247 1315
61 2 2 9 50 247 243 1315
62 2 2 9 50 243 247 1316
63 2 2 9 51 13 21 1317
64 2 2 9 51 244 13 1317
65 2 2 9 51 28 20 1318
66 2 2 9 51 20 244 1318
67 2 2 9 51 21 248 1317
68 2 2 9 51 248 28 1318
69 2 2 9 51 248 244 1317
70 2 2 9 51 244 248 1318
71 2 2 8 53 30 1319 29
72 2 2 8 53 29 1319 32
73 2 2 8 53 31 1319 30
74 2 2 8 53 32 1319 31
75 2 2 10 58 34 1320 33
76 2 2 10 58 33 1320 36
77 2 2 10 58 35 1320 34
78 2 2 10 58 36 1320 35
79 2 2 8 59 38 1321 37
80 2 2 8 59 37 1321 40
81 2 2 8 59 39 1321 38
82 2 2 8 59 40 1321 39
83 2 2 12 64 42 1322 41
84 2 2 12 64 41 1322 44
85 2 2 12 64 43 1322 42
86 2 2 12 64 44 1322 43
87 2 2 6 65 46 1323 45
88 2 2 6 65 45 1323 48
89 2 2 6 65 47 1323 46
90 2 2 6 65 48 1323 47
91 2 2 12 70 50 1324 49
92 2 2 12 70 49 1324 52
93 2 2 12 70 51 1324 50
94 2 2 12 70 52 1324 51
95 2 2 4 71 54 1325 53
96 2 2 4 71 53 1325 56
97 2 2 4 71 55 1325 54
98 2 2 4 71 56 1325 55
99 2 2 10 76 58 1326 57
100 2 2 10 76 57 1326 60
101 2 2 10 76 59 1326 58
102 2 2 10 76 60 1326 59
103 2 2 3 173 61 64 249
104 2 2 3 173 310 63 62
105 2 2 3 173 62 279 310
106 2 2 3 173 64 280 249
107 2 2 3 173 249 280 250
108 2 2 3 173 250 281 251
109 2 2 3 173 280 281 250
110 2 2 3 173 251 282 252
111 2 2 3 173 281 282 251
112 2 2 3 173 252 283 253
113 2 2 3 173 282 283 252
114 2 2 3 173 253 284 254
115 2 2 3 173 283 284 253
116 2 2 3 173 254 285 255
117 2 2 3 173 284 285 254
118 2 2 3 173 255 286 256
119 2 2 3 173 285 286 255
120 2 2 3 173 256 287 257
121 2 2 3 173 286 287 256
122 2 2 3 173 257 288 258
123 2 2 3 173 287 288 257
124 2 2 3 173 258 289 259
125 2 2 3 173 288 289 258
126 2 2 3 173 259 290 260
127 2 2 3 173 289 290 259
128 2 2 3 173 260 291 261
129 2 2 3 173 290 291 260
130 2 2 3 173 261 292 262
131 2 2 3 173 291 292 261
132 2 2 3 173 262 293 263
133 2 2 3 173 292 293 262
134 2 2 3 173 263 294 264
135 2 2 3 173 293 294 263
136 2 2 3 173 264 295 265
137 2 2 3 173 294 295 264
138 2 2 3 173 266 265 297
139 2 2 3 173 295 296 265
140 2 2 3 173 265 296 297
141 2 2 3 173 266 297 267
142 2 2 3 173 267 298 268
143 2 2 3 173 297 298 267
144 2 2 3 173 268 300 269
145 2 2 3 173 298 299 268
146 2 2 3 173 268 299 300
147 2 2 3 173 269 300 270
148 2 2 3 173 270 301 271
149 2 2 3 173 300 301 270
150 2 2 3 173 271 302 272
151 2 2 3 173 301 302 271
152 2 2 3 173 273 272 304
153 2 2 3 173 302 303 272
154 2 2 3 173 272 303 304
155 2 2 3 173 274 273 304
156 2 2 3 173 274 306 275
157 2 2 3 173 305 274 304
158 2 2 3 173 305 306 274
159 2 2 3 173 307 276 275
160 2 2 3 173 307 275 306
161 2 2 3 173 308 277 276
162 2 2 3 173 308 276 307
163 2 2 3 173 308 278 277
164 2 2 3 173 310 279 278
165 2 2 3 173 308 309 278
166 2 2 3 173 310 278 309
167 2 2 2 174 249 1337 61
168 2 2 2 174 61 1336 393
169 2 2 2 174 1329 1336 61
170 2 2 2 174 61 1337 1329
171 2 2 2 174 62 1343 279
172 2 2 2 174 311 1341 62
173 2 2 2 174 62 1341 1330
174 2 2 2 174 1330 1343 62
175 2 2 2 174 65 1344 341
176 2 2 2 174 342 1342 65
177 2 2 2 174 65 1342 1331
178 2 2 2 174 1331 1344 65
179 2 2 2 174 66 1338 372
180 2 2 2 174 386 1335 66
181 2 2 2 174 66 1335 1328
182 2 2 2 174 1328 1338 66
183 2 2 2 174 67 1333 373
184 2 2 2 174 388 1334 67
185 2 2 2 174 1327 1333 67
186 2 2 2 174 67 1334 1327
187 2 2 2 174 68 1465 387
188 2 2 2 174 390 1465 68
189 2 2 2 174 69 1466 389
190 2 2 2 174 392 1466 69
191 2 2 2 174 70 1334 391
192 2 2 2 174 406 1332 70
193 2 2 2 174 70 1332 1327
194 2 2 2 174 1327 1334 70
195 2 2 2 174 407 1473 71
196 2 2 2 174 71 1473 550
197 2 2 2 174 72 1474 442
198 2 2 2 174 443 1474 72
199 2 2 2 174 73 1475 478
200 2 2 2 174 479 1475 73
201 2 2 2 174 74 1476 514
202 2 2 2 174 515 1476 74
203 2 2 2 174 250 1401 249
204 2 2 2 174 249 1401 1337
205 2 2 2 174 251 1348 250
206 2 2 2 174 1348 1401 250
207 2 2 2 174 252 1409 251
208 2 2 2 174 251 1409 1348
209 2 2 2 174 253 1356 252
210 2 2 2 174 1356 1409 252
211 2 2 2 174 254 1416 253
212 2 2 2 174 253 1416 1356
213 2 2 2 174 255 1368 254
214 2 2 2 174 1368 1416 254
215 2 2 2 174 256 1421 255
216 2 2 2 174 255 1421 1368
217 2 2 2 174 257 1374 256
218 2 2 2 174 1374 1421 256
219 2 2 2 174 258 1430 257
220 2 2 2 174 257 1430 1374
221 2 2 2 174 259 1379 258
222 2 2 2 174 1379 1430 258
223 2 2 2 174 260 1432 259
224 2 2 2 174 259 1432 1379
225 2 2 2 174 261 1385 260
226 2 2 2 174 1385 1432 260
227 2 2 2 174 262 1440 261
228 2 2 2 174 261 1440 1385
229 2 2 2 174 263 1391 262
230 2 2 2 174 1391 1440 262
231 2 2 2 174 264 1398 263
232 2 2 2 174 263 1398 1391
233 2 2 2 174 265 1398 264
234 2 2 2 174 266 1395 265
235 2 2 2 174 1395 1398 265
236 2 2 2 174 267 1438 266
237 2 2 2 174 266 1438 1395
238 2 2 2 174 268 1389 267
239 2 2 2 174 1389 1438 267
240 2 2 2 174 269 1434 268
241 2 2 2 174 268 1434 1389
242 2 2 2 174 270 1383 269
243 2 2 2 174 1383 1434 269
244 2 2 2 174 271 1427 270
245 2 2 2 174 270 1427 1383
246 2 2 2 174 272 1376 271
247 2 2 2 174 1376 1427 271
248 2 2 2 174 273 1423 272
249 2 2 2 174 272 1423 1376
250 2 2 2 174 274 1370 273
251 2 2 2 174 1370 1423 273
252 2 2 2 174 275 1414 274
253 2 2 2 174 274 1414 1370
254 2 2 2 174 276 1358 275
255 2 2 2 174 1358 1414 275
256 2 2 2 174 277 1408 276
257 2 2 2 174 276 1408 1358
258 2 2 2 174 278 1351 277
259 2 2 2 174 1351 1408 277
260 2 2 2 174 279 1405 278
261 2 2 2 174 278 1405 1351
262 2 2 2 174 1343 1405 279
263 2 2 2 174 312 1403 311
264 2 2 2 174 311 1403 1341
265 2 2 2 174 313 1347 312
266 2 2 2 174 1347 1403 312
267 2 2 2 174 314 1412 313
268 2 2 2 174 313 1412 1347
269 2 2 2 174 315 1355 314
270 2 2 2 174 1355 1412 314
271 2 2 2 174 316 1415 315
272 2 2 2 174 315 1415 1355
273 2 2 2 174 317 1367 316
274 2 2 2 174 1367 1415 316
275 2 2 2 174 318 1422 317
276 2 2 2 174 317 1422 1367
277 2 2 2 174 319 1373 318
278 2 2 2 174 1373 1422 318
279 2 2 2 174 320 1428 319
280 2 2 2 174 319 1428 1373
281 2 2 2 174 321 1381 320
282 2 2 2 174 1381 1428 320
283 2 2 2 174 322 1433 321
284 2 2 2 174 321 1433 1381
285 2 2 2 174 323 1387 322
286 2 2 2 174 1387 1433 322
287 2 2 2 174 324 1439 323
288 2 2 2 174 323 1439 1387
289 2 2 2 174 325 1393 324
290 2 2 2 174 1393 1439 324
291 2 2 2 174 326 1397 325
292 2 2 2 174 325 1397 1393
293 2 2 2 174 327 1397 326
294 2 2 2 174 328 1394 327
295 2 2 2 174 1394 1397 327
296 2 2 2 174 329 1442 328
297 2 2 2 174 328 1442 1394
298 2 2 2 174 330 1388 329
299 2 2 2 174 1388 1442 329
300 2 2 2 174 331 1436 330
301 2 2 2 174 330 1436 1388
302 2 2 2 174 332 1382 331
303 2 2 2 174 1382 1436 331
304 2 2 2 174 333 1426 332
305 2 2 2 174 332 1426 1382
306 2 2 2 174 334 1378 333
307 2 2 2 174 1378 1426 333
308 2 2 2 174 335 1419 334
309 2 2 2 174 334 1419 1378
310 2 2 2 174 336 1372 335
311 2 2 2 174 1372 1419 335
312 2 2 2 174 337 1418 336
313 2 2 2 174 336 1418 1372
314 2 2 2 174 338 1360 337
315 2 2 2 174 1360 1418 337
316 2 2 2 174 339 1411 338
317 2 2 2 174 338 1411 1360
318 2 2 2 174 340 1350 339
319 2 2 2 174 1350 1411 339
320 2 2 2 174 341 1406 340
321 2 2 2 174 340 1406 1350
322 2 2 2 174 1344 1406 341
323 2 2 2 174 343 1402 342
324 2 2 2 174 342 1402 1342
325 2 2 2 174 344 1349 343
326 2 2 2 174 1349 1402 343
327 2 2 2 174 345 1410 344
328 2 2 2 174 344 1410 1349
329 2 2 2 174 346 1357 345
330 2 2 2 174 1357 1410 345
331 2 2 2 174 347 1417 346
332 2 2 2 174 346 1417 1357
333 2 2 2 174 348 1369 347
334 2 2 2 174 1369 1417 347
335 2 2 2 174 349 1420 348
336 2 2 2 174 348 1420 1369
337 2 2 2 174 350 1375 349
338 2 2 2 174 1375 1420 349
339 2 2 2 174 351 1429 350
340 2 2 2 174 350 1429 1375
341 2 2 2 174 352 1380 351
342 2 2 2 174 1380 1429 351
343 2 2 2 174 353 1431 352
344 2 2 2 174 352 1431 1380
345 2 2 2 174 354 1386 353
346 2 2 2 174 1386 1431 353
347 2 2 2 174 355 1441 354
348 2 2 2 174 354 1441 1386
349 2 2 2 174 356 1392 355
350 2 2 2 174 1392 1441 355
351 2 2 2 174 357 1399 356
352 2 2 2 174 356 1399 1392
353 2 2 2 174 358 1399 357
354 2 2 2 174 359 1396 358
355 2 2 2 174 1396 1399 358
356 2 2 2 174 360 1437 359
357 2 2 2 174 359 1437 1396
358 2 2 2 174 361 1390 360
359 2 2 2 174 1390 1437 360
360 2 2 2 174 362 1435 361
361 2 2 2 174 361 1435 1390
362 2 2 2 174 363 1384 362
363 2 2 2 174 1384 1435 362
364 2 2 2 174 364 1425 363
365 2 2 2 174 363 1425 1384
366 2 2 2 174 365 1377 364
367 2 2 2 174 1377 1425 364
368 2 2 2 174 366 1424 365
369 2 2 2 174 365 1424 1377
370 2 2 2 174 367 1371 366
371 2 2 2 174 1371 1424 366
372 2 2 2 174 368 1413 367
373 2 2 2 174 367 1413 1371
374 2 2 2 174 369 1359 368
375 2 2 2 174 1359 1413 368
376 2 2 2 174 370 1407 369
377 2 2 2 174 369 1407 1359
378 2 2 2 174 371 1352 370
379 2 2 2 174 1352 1407 370
380 2 2 2 174 372 1404 371
381 2 2 2 174 371 1404 1352
382 2 2 2 174 1338 1404 372
383 2 2 2 174 373 1449 374
384 2 2 2 174 1333 1449 373
385 2 2 2 174 374 1364 375
386 2 2 2 174 374 1449 1364
387 2 2 2 174 375 1455 376
388 2 2 2 174 1364 1455 375
389 2 2 2 174 376 1365 377
390 2 2 2 174 376 1455 1365
391 2 2 2 174 377 1453 378
392 2 2 2 174 1365 1453 377
393 2 2 2 174 378 1361 379
394 2 2 2 174 378 1453 1361
395 2 2 2 174 379 1452 380
396 2 2 2 174 1361 1452 379
397 2 2 2 174 380 1354 381
398 2 2 2 174 380 1452 1354
399 2 2 2 174 381 1447 382
400 2 2 2 174 1354 1447 381
401 2 2 2 174 382 1345 383
402 2 2 2 174 382 1447 1345
403 2 2 2 174 383 1446 384
404 2 2 2 174 1345 1446 383
405 2 2 2 174 384 1339 385
406 2 2 2 174 384 1446 1339
407 2 2 2 174 385 1444 386
408 2 2 2 174 1339 1444 385
409 2 2 2 174 386 1444 1335
410 2 2 2 174 387 1400 388
411 2 2 2 174 387 1465 1400
412 2 2 2 174 388 1400 1334
413 2 2 2 174 389 1400 390
414 2 2 2 174 389 1466 1400
415 2 2 2 174 1400 1465 390
416 2 2 2 174 391 1400 392
417 2 2 2 174 1334 1400 391
418 2 2 2 174 1400 1466 392
419 2 2 2 174 393 1443 394
420 2 2 2 174 1336 1443 393
421 2 2 2 174 394 1340 395
422 2 2 2 174 394 1443 1340
423 2 2 2 174 395 1445 396
424 2 2 2 174 1340 1445 395
425 2 2 2 174 396 1346 397
426 2 2 2 174 396 1445 1346
427 2 2 2 174 397 1448 398
428 2 2 2 174 1346 1448 397
429 2 2 2 174 398 1353 399
430 2 2 2 174 398 1448 1353
431 2 2 2 174 399 1451 400
432 2 2 2 174 1353 1451 399
433 2 2 2 174 400 1362 401
434 2 2 2 174 400 1451 1362
435 2 2 2 174 401 1454 402
436 2 2 2 174 1362 1454 401
437 2 2 2 174 402 1366 403
438 2 2 2 174 402 1454 1366
439 2 2 2 174 403 1456 404
440 2 2 2 174 1366 1456 403
441 2 2 2 174 404 1363 405
442 2 2 2 174 404 1456 1363
443 2 2 2 174 405 1450 406
444 2 2 2 174 1363 1450 405
445 2 2 2 174 406 1450 1332
446 2 2 2 174 408 1330 407
447 2 2 2 174 1330 1473 407
448 2 2 2 174 409 1460 408
449 2 2 2 174 408 1460 1330
450 2 2 2 174 410 1343 409
451 2 2 2 174 1343 1460 409
452 2 2 2 174 411 1470 410
453 2 2 2 174 410 1470 1343
454 2 2 2 174 412 1351 411
455 2 2 2 174 1351 1470 411
456 2 2 2 174 413 1358 412
457 2 2 2 174 412 1408 1351
458 2 2 2 174 1358 1408 412
459 2 2 2 174 414 1358 413
460 2 2 2 174 415 1370 414
461 2 2 2 174 414 1414 1358
462 2 2 2 174 1370 1414 414
463 2 2 2 174 416 1370 415
464 2 2 2 174 417 1376 416
465 2 2 2 174 416 1423 1370
466 2 2 2 174 1376 1423 416
467 2 2 2 174 418 1376 417
468 2 2 2 174 419 1383 418
469 2 2 2 174 418 1427 1376
470 2 2 2 174 1383 1427 418
471 2 2 2 174 420 1383 419
472 2 2 2 174 421 1389 420
473 2 2 2 174 420 1434 1383
474 2 2 2 174 1389 1434 420
475 2 2 2 174 422 1389 421
476 2 2 2 174 423 1395 422
477 2 2 2 174 422 1438 1389
478 2 2 2 174 1395 1438 422
479 2 2 2 174 424 1395 423
480 2 2 2 174 425 1398 424
481 2 2 2 174 424 1398 1395
482 2 2 2 174 426 1391 425
483 2 2 2 174 1391 1398 425
484 2 2 2 174 427 1391 426
485 2 2 2 174 428 1385 427
486 2 2 2 174 1385 1440 427
487 2 2 2 174 427 1440 1391
488 2 2 2 174 429 1385 428
489 2 2 2 174 430 1379 429
490 2 2 2 174 1379 1432 429
491 2 2 2 174 429 1432 1385
492 2 2 2 174 431 1379 430
493 2 2 2 174 432 1374 431
494 2 2 2 174 1374 1430 431
495 2 2 2 174 431 1430 1379
496 2 2 2 174 433 1374 432
497 2 2 2 174 434 1368 433
498 2 2 2 174 1368 1421 433
499 2 2 2 174 433 1421 1374
500 2 2 2 174 435 1368 434
501 2 2 2 174 436 1356 435
502 2 2 2 174 1356 1416 435
503 2 2 2 174 435 1416 1368
504 2 2 2 174 437 1356 436
505 2 2 2 174 438 1348 437
506 2 2 2 174 1348 1409 437
507 2 2 2 174 437 1409 1356
508 2 2 2 174 439 1467 438
509 2 2 2 174 438 1467 1348
510 2 2 2 174 440 1337 439
511 2 2 2 174 1337 1467 439
512 2 2 2 174 441 1458 440
513 2 2 2 174 440 1458 1337
514 2 2 2 174 442 1329 441
515 2 2 2 174 1329 1458 441
516 2 2 2 174 442 1474 1329
517 2 2 2 174 444 1329 443
518 2 2 2 174 1329 1474 443
519 2 2 2 174 445 1464 444
520 2 2 2 174 444 1464 1329
521 2 2 2 174 446 1336 445
522 2 2 2 174 1336 1464 445
523 2 2 2 174 447 1340 446
524 2 2 2 174 446 1443 1336
525 2 2 2 174 1340 1443 446
526 2 2 2 174 448 1340 447
527 2 2 2 174 449 1346 448
528 2 2 2 174 448 1445 1340
529 2 2 2 174 1346 1445 448
530 2 2 2 174 450 1346 449
531 2 2 2 174 451 1353 450
532 2 2 2 174 450 1448 1346
533 2 2 2 174 1353 1448 450
534 2 2 2 174 452 1353 451
535 2 2 2 174 453 1362 452
536 2 2 2 174 452 1451 1353
537 2 2 2 174 1362 1451 452
538 2 2 2 174 454 1362 453
539 2 2 2 174 455 1366 454
540 2 2 2 174 454 1454 1362
541 2 2 2 174 1366 1454 454
542 2 2 2 174 456 1366 455
543 2 2 2 174 457 1363 456
544 2 2 2 174 1363 1456 456
545 2 2 2 174 456 1456 1366
546 2 2 2 174 458 1363 457
547 2 2 2 174 459 1332 458
548 2 2 2 174 1332 1450 458
549 2 2 2 174 458 1450 1363
550 2 2 2 174 460 1332 459
551 2 2 2 174 461 1327 460
552 2 2 2 174 1327 1332 460
553 2 2 2 174 462 1333 461
554 2 2 2 174 461 1333 1327
555 2 2 2 174 463 1333 462
556 2 2 2 174 464 1364 463
557 2 2 2 174 463 1449 1333
558 2 2 2 174 1364 1449 463
559 2 2 2 174 465 1364 464
560 2 2 2 174 466 1365 465
561 2 2 2 174 465 1455 1364
562 2 2 2 174 1365 1455 465
563 2 2 2 174 467 1365 466
564 2 2 2 174 468 1361 467
565 2 2 2 174 1361 1453 467
566 2 2 2 174 467 1453 1365
567 2 2 2 174 469 1361 468
568 2 2 2 174 470 1354 469
569 2 2 2 174 1354 1452 469
570 2 2 2 174 469 1452 1361
571 2 2 2 174 471 1354 470
572 2 2 2 174 472 1345 471
573 2 2 2 174 1345 1447 471
574 2 2 2 174 471 1447 1354
575 2 2 2 174 473 1345 472
576 2 2 2 174 474 1339 473
577 2 2 2 174 1339 1446 473
578 2 2 2 174 473 1446 1345
579 2 2 2 174 475 1339 474
580 2 2 2 174 476 1335 475
581 2 2 2 174 1335 1444 475
582 2 2 2 174 475 1444 1339
583 2 2 2 174 477 1463 476
584 2 2 2 174 476 1463 1335
585 2 2 2 174 478 1328 477
586 2 2 2 174 1328 1463 477
587 2 2 2 174 478 1475 1328
588 2 2 2 174 480 1328 479
589 2 2 2 174 1328 1475 479
590 2 2 2 174 481 1461 480
591 2 2 2 174 480 1461 1328
592 2 2 2 174 482 1338 481
593 2 2 2 174 1338 1461 481
594 2 2 2 174 483 1471 482
595 2 2 2 174 482 1471 1338
596 2 2 2 174 484 1352 483
597 2 2 2 174 1352 1471 483
598 2 2 2 174 485 1359 484
599 2 2 2 174 484 1407 1352
600 2 2 2 174 1359 1407 484
601 2 2 2 174 486 1359 485
602 2 2 2 174 487 1371 486
603 2 2 2 174 486 1413 1359
604 2 2 2 174 1371 1413 486
605 2 2 2 174 488 1371 487
606 2 2 2 174 489 1377 488
607 2 2 2 174 488 1424 1371
608 2 2 2 174 1377 1424 488
609 2 2 2 174 490 1377 489
610 2 2 2 174 491 1384 490
611 2 2 2 174 490 1425 1377
612 2 2 2 174 1384 1425 490
613 2 2 2 174 492 1384 491
614 2 2 2 174 493 1390 492
615 2 2 2 174 492 1435 1384
616 2 2 2 174 1390 1435 492
617 2 2 2 174 494 1390 493
618 2 2 2 174 495 1396 494
619 2 2 2 174 494 1437 1390
620 2 2 2 174 1396 1437 494
621 2 2 2 174 496 1396 495
622 2 2 2 174 497 1399 496
623 2 2 2 174 496 1399 1396
624 2 2 2 174 498 1392 497
625 2 2 2 174 1392 1399 497
626 2 2 2 174 499 1392 498
627 2 2 2 174 500 1386 499
628 2 2 2 174 1386 1441 499
629 2 2 2 174 499 1441 1392
630 2 2 2 174 501 1386 500
631 2 2 2 174 502 1380 501
632 2 2 2 174 1380 1431 501
633 2 2 2 174 501 1431 1386
634 2 2 2 174 503 1380 502
635 2 2 2 174 504 1375 503
636 2 2 2 174 1375 1429 503
637 2 2 2 174 503 1429 1380
638 2 2 2 174 505 1375 504
639 2 2 2 174 506 1369 505
640 2 2 2 174 1369 1420 505
641 2 2 2 174 505 1420 1375
642 2 2 2 174 507 1369 506
643 2 2 2 174 508 1357 507
644 2 2 2 174 1357 1417 507
645 2 2 2 174 507 1417 1369
646 2 2 2 174 509 1357 508
647 2 2 2 174 510 1349 509
648 2 2 2 174 1349 1410 509
649 2 2 2 174 509 1410 1357
650 2 2 2 174 511 1468 510
651 2 2 2 174 510 1468 1349
652 2 2 2 174 512 1342 511
653 2 2 2 174 1342 1468 511
654 2 2 2 174 513 1459 512
655 2 2 2 174 512 1459 1342
656 2 2 2 174 514 1331 513
657 2 2 2 174 1331 1459 513
658 2 2 2 174 514 1476 1331
659 2 2 2 174 516 1331 515
660 2 2 2 174 1331 1476 515
661 2 2 2 174 517 1462 516
662 2 2 2 174 516 1462 1331
663 2 2 2 174 518 1344 517
664 2 2 2 174 1344 1462 517
665 2 2 2 174 519 1472 518
666 2 2 2 174 518 1472 1344
667 2 2 2 174 520 1350 519
668 2 2 2 174 1350 1472 519
669 2 2 2 174 521 1360 520
670 2 2 2 174 520 1411 1350
671 2 2 2 174 1360 1411 520
672 2 2 2 174 522 1360 521
673 2 2 2 174 523 1372 522
674 2 2 2 174 522 1418 1360
675 2 2 2 174 1372 1418 522
676 2 2 2 174 524 1372 523
677 2 2 2 174 525 1378 524
678 2 2 2 174 524 1419 1372
679 2 2 2 174 1378 1419 524
680 2 2 2 174 526 1378 525
681 2 2 2 174 527 1382 526
682 2 2 2 174 526 1426 1378
683 2 2 2 174 1382 1426 526
684 2 2 2 174 528 1382 527
685 2 2 2 174 529 1388 528
686 2 2 2 174 528 1436 1382
687 2 2 2 174 1388 1436 528
688 2 2 2 174 530 1388 529
689 2 2 2 174 531 1394 530
690 2 2 2 174 530 1442 1388
691 2 2 2 174 1394 1442 530
692 2 2 2 174 532 1394 531
693 2 2 2 174 533 1397 532
694 2 2 2 174 532 1397 1394
695 2 2 2 174 534 1393 533
696 2 2 2 174 1393 1397 533
697 2 2 2 174 535 1393 534
698 2 2 2 174 536 1387 535
699 2 2 2 174 1387 1439 535
700 2 2 2 174 535 1439 1393
701 2 2 2 174 537 1387 536
702 2 2 2 174 538 1381 537
703 2 2 2 174 1381 1433 537
704 2 2 2 174 537 1433 1387
705 2 2 2 174 539 1381 538
706 2 2 2 174 540 1373 539
707 2 2 2 174 1373 1428 539
708 2 2 2 174 539 1428 1381
709 2 2 2 174 541 1373 540
710 2 2 2 174 542 1367 541
711 2 2 2 174 1367 1422 541
712 2 2 2 174 541 1422 1373
713 2 2 2 174 543 1367 542
714 2 2 2 174 544 1355 543
715 2 2 2 174 1355 1415 543
716 2 2 2 174 543 1415 1367
717 2 2 2 174 545 1355 544
718 2 2 2 174 546 1347 545
719 2 2 2 174 1347 1412 545
720 2 2 2 174 545 1412 1355
721 2 2 2 174 547 1469 546
722 2 2 2 174 546 1469 1347
723 2 2 2 174 548 1341 547
724 2 2 2 174 1341 1469 547
725 2 2 2 174 549 1457 548
726 2 2 2 174 548 1457 1341
727 2 2 2 174 550 1330 549
728 2 2 2 174 1330 1457 549
729 2 2 2 174 550 1473 1330
730 2 2 2 174 1335 1463 1328
731 2 2 2 174 1328 1461 1338
732 2 2 2 174 1329 1464 1336
733 2 2 2 174 1337 1458 1329
734 2 2 2 174 1341 1457 1330
735 2 2 2 174 1330 1460 1343
736 2 2 2 174 1342 1459 1331
737 2 2 2 174 1331 1462 1344
738 2 2 2 174 1401 1467 1337
739 2 2 2 174 1338 1471 1404
740 2 2 2 174 1403 1469 1341
741 2 2 2 174 1402 1468 1342
742 2 2 2 174 1343 1470 1405
743 2 2 2 174 1344 1472 1406
744 2 2 2 174 1347 1469 1403
745 2 2 2 174 1348 1467 1401
746 2 2 2 174 1349 1468 1402
747 2 2 2 174 1406 1472 1350
748 2 2 2 174 1405 1470 1351
749 2 2 2 174 1404 1471 1352
750 2 2 3 175 551 62 63
751 2 2 3 175 311 62 551
752 2 2 3 175 75 65 581
753 2 2 3 175 581 65 341
754 2 2 3 175 552 312 311
755 2 2 3 175 551 552 311
756 2 2 3 175 553 313 312
757 2 2 3 175 553 312 552
758 2 2 3 175 554 314 313
759 2 2 3 175 554 313 553
760 2 2 3 175 315 314 554
761 2 2 3 175 556 316 315
762 2 2 3 175 554 555 315
763 2 2 3 175 315 555 556
764 2 2 3 175 317 316 556
765 2 2 3 175 557 318 317
766 2 2 3 175 557 317 556
767 2 2 3 175 559 319 318
768 2 2 3 175 557 558 318
769 2 2 3 175 558 559 318
770 2 2 3 175 320 319 559
771 2 2 3 175 561 321 320
772 2 2 3 175 559 560 320
773 2 2 3 175 320 560 561
774 2 2 3 175 562 322 321
775 2 2 3 175 562 321 561
776 2 2 3 175 563 323 322
777 2 2 3 175 563 322 562
778 2 2 3 175 564 324 323
779 2 2 3 175 564 323 563
780 2 2 3 175 565 325 324
781 2 2 3 175 565 324 564
782 2 2 3 175 565 326 325
783 2 2 3 175 326 566 327
784 2 2 3 175 565 566 326
785 2 2 3 175 327 567 328
786 2 2 3 175 566 567 327
787 2 2 3 175 328 569 329
788 2 2 3 175 567 568 328
789 2 2 3 175 328 568 569
790 2 2 3 175 329 569 330
791 2 2 3 175 330 571 331
792 2 2 3 175 569 570 330
793 2 2 3 175 330 570 571
794 2 2 3 175 331 571 332
795 2 2 3 175 332 572 333
796 2 2 3 175 571 572 332
797 2 2 3 175 333 574 334
798 2 2 3 175 572 573 333
799 2 2 3 175 333 573 574
800 2 2 3 175 334 574 335
801 2 2 3 175 335 575 336
802 2 2 3 175 574 575 335
803 2 2 3 175 336 576 337
804 2 2 3 175 575 576 336
805 2 2 3 175 337 577 338
806 2 2 3 175 576 577 337
807 2 2 3 175 338 578 339
808 2 2 3 175 577 578 338
809 2 2 3 175 339 579 340
810 2 2 3 175 578 579 339
811 2 2 3 175 340 580 341
812 2 2 3 175 579 580 340
813 2 2 3 175 580 581 341
814 2 2 3 177 61 633 64
815 2 2 3 177 393 633 61
816 2 2 3 177 646 70 80
817 2 2 3 177 70 646 406
818 2 2 3 177 394 633 393
819 2 2 3 177 634 394 395
820 2 2 3 177 634 633 394
821 2 2 3 177 395 396 635
822 2 2 3 177 634 395 635
823 2 2 3 177 396 397 636
824 2 2 3 177 635 396 636
825 2 2 3 177 397 398 637
826 2 2 3 177 636 397 637
827 2 2 3 177 398 399 638
828 2 2 3 177 637 398 638
829 2 2 3 177 399 400 639
830 2 2 3 177 638 399 639
831 2 2 3 177 641 400 401
832 2 2 3 177 639 400 640
833 2 2 3 177 400 641 640
834 2 2 3 177 641 401 402
835 2 2 3 177 402 403 642
836 2 2 3 177 641 402 642
837 2 2 3 177 644 403 404
838 2 2 3 177 642 403 643
839 2 2 3 177 403 644 643
840 2 2 3 177 405 644 404
841 2 2 3 177 646 405 406
842 2 2 3 177 645 644 405
843 2 2 3 177 646 645 405
844 2 2 3 178 71 550 81
845 2 2 3 178 74 82 682
846 2 2 3 178 682 515 74
847 2 2 3 178 81 550 647
848 2 2 3 178 516 515 681
849 2 2 3 178 681 515 682
850 2 2 3 178 680 517 516
851 2 2 3 178 680 516 681
852 2 2 3 178 679 518 517
853 2 2 3 178 679 517 680
854 2 2 3 178 678 519 518
855 2 2 3 178 678 518 679
856 2 2 3 178 519 677 520
857 2 2 3 178 678 677 519
858 2 2 3 178 520 676 521
859 2 2 3 178 520 677 676
860 2 2 3 178 521 675 522
861 2 2 3 178 521 676 675
862 2 2 3 178 522 674 523
863 2 2 3 178 522 675 674
864 2 2 3 178 673 524 523
865 2 2 3 178 523 674 673
866 2 2 3 178 524 672 525
867 2 2 3 178 673 672 524
868 2 2 3 178 525 671 526
869 2 2 3 178 525 672 671
870 2 2 3 178 526 670 527
871 2 2 3 178 526 671 670
872 2 2 3 178 527 669 528
873 2 2 3 178 670 669 527
874 2 2 3 178 528 668 529
875 2 2 3 178 528 669 668
876 2 2 3 178 530 529 667
877 2 2 3 178 529 668 667
878 2 2 3 178 531 530 666
879 2 2 3 178 666 530 667
880 2 2 3 178 531 665 532
881 2 2 3 178 666 665 531
882 2 2 3 178 664 533 532
883 2 2 3 178 532 665 664
884 2 2 3 178 533 663 534
885 2 2 3 178 664 663 533
886 2 2 3 178 534 662 535
887 2 2 3 178 534 663 662
888 2 2 3 178 661 536 535
889 2 2 3 178 535 662 661
890 2 2 3 178 537 536 660
891 2 2 3 178 660 536 661
892 2 2 3 178 659 538 537
893 2 2 3 178 537 660 659
894 2 2 3 178 539 538 658
895 2 2 3 178 658 538 659
896 2 2 3 178 539 657 540
897 2 2 3 178 658 657 539
898 2 2 3 178 656 541 540
899 2 2 3 178 657 656 540
900 2 2 3 178 655 542 541
901 2 2 3 178 655 541 656
902 2 2 3 178 543 542 654
903 2 2 3 178 654 542 655
904 2 2 3 178 653 544 543
905 2 2 3 178 653 543 654
906 2 2 3 178 652 545 544
907 2 2 3 178 652 544 653
908 2 2 3 178 546 545 651
909 2 2 3 178 651 545 652
910 2 2 3 178 650 547 546
911 2 2 3 178 546 651 650
912 2 2 3 178 649 548 547
913 2 2 3 178 649 547 650
914 2 2 3 178 648 549 548
915 2 2 3 178 648 548 649
916 2 2 3 178 647 550 549
917 2 2 3 178 647 549 648
918 2 2 3 179 71 81 683
919 2 2 3 179 71 683 407
920 2 2 3 179 83 72 442
921 2 2 3 179 442 718 83
922 2 2 3 179 407 683 408
923 2 2 3 179 408 684 409
924 2 2 3 179 683 684 408
925 2 2 3 179 409 685 410
926 2 2 3 179 684 685 409
927 2 2 3 179 410 686 411
928 2 2 3 179 685 686 410
929 2 2 3 179 411 687 412
930 2 2 3 179 686 687 411
931 2 2 3 179 412 688 413
932 2 2 3 179 687 688 412
933 2 2 3 179 690 414 413
934 2 2 3 179 688 689 413
935 2 2 3 179 689 690 413
936 2 2 3 179 691 415 414
937 2 2 3 179 691 414 690
938 2 2 3 179 692 416 415
939 2 2 3 179 692 415 691
940 2 2 3 179 693 417 416
941 2 2 3 179 693 416 692
942 2 2 3 179 694 418 417
943 2 2 3 179 694 417 693
944 2 2 3 179 695 419 418
945 2 2 3 179 695 418 694
946 2 2 3 179 696 420 419
947 2 2 3 179 696 419 695
948 2 2 3 179 697 421 420
949 2 2 3 179 697 420 696
950 2 2 3 179 698 422 421
951 2 2 3 179 698 421 697
952 2 2 3 179 699 423 422
953 2 2 3 179 699 422 698
954 2 2 3 179 700 424 423
955 2 2 3 179 700 423 699
956 2 2 3 179 425 424 700
957 2 2 3 179 426 425 701
958 2 2 3 179 701 425 700
959 2 2 3 179 426 703 427
960 2 2 3 179 426 701 702
961 2 2 3 179 426 702 703
962 2 2 3 179 427 704 428
963 2 2 3 179 427 703 704
964 2 2 3 179 705 429 428
965 2 2 3 179 428 704 705
966 2 2 3 179 706 430 429
967 2 2 3 179 706 429 705
968 2 2 3 179 706 431 430
969 2 2 3 179 708 432 431
970 2 2 3 179 706 707 431
971 2 2 3 179 431 707 708
972 2 2 3 179 708 433 432
973 2 2 3 179 433 709 434
974 2 2 3 179 708 709 433
975 2 2 3 179 434 710 435
976 2 2 3 179 709 710 434
977 2 2 3 179 435 711 436
978 2 2 3 179 710 711 435
979 2 2 3 179 436 712 437
980 2 2 3 179 711 712 436
981 2 2 3 179 437 713 438
982 2 2 3 179 712 713 437
983 2 2 3 179 438 714 439
984 2 2 3 179 713 714 438
985 2 2 3 179 439 715 440
986 2 2 3 179 714 715 439
987 2 2 3 179 440 716 441
988 2 2 3 179 715 716 440
989 2 2 3 179 441 717 442
990 2 2 3 179 716 717 441
991 2 2 3 179 717 718 442
992 2 2 3 180 83 754 72
993 2 2 3 180 72 754 443
994 2 2 3 180 84 73 478
995 2 2 3 180 478 719 84
996 2 2 3 180 443 753 444
997 2 2 3 180 443 754 753
998 2 2 3 180 444 752 445
999 2 2 3 180 444 753 752
1000 2 2 3 180 445 751 446
1001 2 2 3 180 445 752 751
1002 2 2 3 180 446 750 447
1003 2 2 3 180 446 751 750
1004 2 2 3 180 447 749 448
1005 2 2 3 180 447 750 749
1006 2 2 3 180 448 748 449
1007 2 2 3 180 448 749 748
1008 2 2 3 180 449 747 450
1009 2 2 3 180 449 748 747
1010 2 2 3 180 746 451 450
1011 2 2 3 180 450 747 746
1012 2 2 3 180 745 452 451
1013 2 2 3 180 745 451 746
1014 2 2 3 180 744 453 452
1015 2 2 3 180 744 452 745
1016 2 2 3 180 743 454 453
1017 2 2 3 180 743 453 744
1018 2 2 3 180 742 455 454
1019 2 2 3 180 742 454 743
1020 2 2 3 180 741 456 455
1021 2 2 3 180 741 455 742
1022 2 2 3 180 740 457 456
1023 2 2 3 180 740 456 741
1024 2 2 3 180 739 458 457
1025 2 2 3 180 739 457 740
1026 2 2 3 180 738 459 458
1027 2 2 3 180 738 458 739
1028 2 2 3 180 737 460 459
1029 2 2 3 180 737 459 738
1030 2 2 3 180 736 461 460
1031 2 2 3 180 736 460 737
1032 2 2 3 180 462 461 735
1033 2 2 3 180 735 461 736
1034 2 2 3 180 462 734 463
1035 2 2 3 180 735 734 462
1036 2 2 3 180 733 464 463
1037 2 2 3 180 734 733 463
1038 2 2 3 180 732 465 464
1039 2 2 3 180 732 464 733
1040 2 2 3 180 466 465 731
1041 2 2 3 180 731 465 732
1042 2 2 3 180 467 466 730
1043 2 2 3 180 730 466 731
1044 2 2 3 180 729 468 467
1045 2 2 3 180 729 467 730
1046 2 2 3 180 468 728 469
1047 2 2 3 180 729 728 468
1048 2 2 3 180 469 727 470
1049 2 2 3 180 469 728 727
1050 2 2 3 180 470 726 471
1051 2 2 3 180 470 727 726
1052 2 2 3 180 725 472 471
1053 2 2 3 180 471 726 725
1054 2 2 3 180 724 473 472
1055 2 2 3 180 724 472 725
1056 2 2 3 180 723 474 473
1057 2 2 3 180 723 473 724
1058 2 2 3 180 475 474 722
1059 2 2 3 180 722 474 723
1060 2 2 3 180 475 721 476
1061 2 2 3 180 475 722 721
1062 2 2 3 180 476 720 477
1063 2 2 3 180 721 720 476
1064 2 2 3 180 477 719 478
1065 2 2 3 180 720 719 477
1066 2 2 3 181 65 75 582
1067 2 2 3 181 65 582 342
1068 2 2 3 181 612 76 66
1069 2 2 3 181 66 372 612
1070 2 2 3 181 342 582 343
1071 2 2 3 181 343 583 344
1072 2 2 3 181 582 583 343
1073 2 2 3 181 344 585 345
1074 2 2 3 181 583 584 344
1075 2 2 3 181 344 584 585
1076 2 2 3 181 345 585 346
1077 2 2 3 181 587 347 346
1078 2 2 3 181 585 586 346
1079 2 2 3 181 346 586 587
1080 2 2 3 181 588 348 347
1081 2 2 3 181 588 347 587
1082 2 2 3 181 589 349 348
1083 2 2 3 181 589 348 588
1084 2 2 3 181 590 350 349
1085 2 2 3 181 590 349 589
1086 2 2 3 181 591 351 350
1087 2 2 3 181 591 350 590
1088 2 2 3 181 352 351 591
1089 2 2 3 181 353 352 592
1090 2 2 3 181 592 352 591
1091 2 2 3 181 354 353 593
1092 2 2 3 181 353 592 593
1093 2 2 3 181 595 355 354
1094 2 2 3 181 594 354 593
1095 2 2 3 181 595 354 594
1096 2 2 3 181 595 356 355
1097 2 2 3 181 356 596 357
1098 2 2 3 181 595 596 356
1099 2 2 3 181 357 597 358
1100 2 2 3 181 596 597 357
1101 2 2 3 181 358 598 359
1102 2 2 3 181 597 598 358
1103 2 2 3 181 359 599 360
1104 2 2 3 181 598 599 359
1105 2 2 3 181 360 600 361
1106 2 2 3 181 599 600 360
1107 2 2 3 181 361 601 362
1108 2 2 3 181 600 601 361
1109 2 2 3 181 362 602 363
1110 2 2 3 181 601 602 362
1111 2 2 3 181 363 603 364
1112 2 2 3 181 602 603 363
1113 2 2 3 181 364 604 365
1114 2 2 3 181 603 604 364
1115 2 2 3 181 365 606 366
1116 2 2 3 181 604 605 365
1117 2 2 3 181 365 605 606
1118 2 2 3 181 366 607 367
1119 2 2 3 181 366 606 607
1120 2 2 3 181 367 608 368
1121 2 2 3 181 367 607 608
1122 2 2 3 181 608 369 368
1123 2 2 3 181 610 370 369
1124 2 2 3 181 608 609 369
1125 2 2 3 181 610 369 609
1126 2 2 3 181 610 371 370
1127 2 2 3 181 612 372 371
1128 2 2 3 181 610 611 371
1129 2 2 3 181 612 371 611
1130 2 2 3 182 632 69 79
1131 2 2 3 182 69 632 392
1132 2 2 3 182 391 80 70
1133 2 2 3 182 391 631 80
1134 2 2 3 182 632 391 392
1135 2 2 3 182 632 631 391
1136 2 2 3 183 626 66 76
1137 2 2 3 183 66 626 386
1138 2 2 3 183 67 613 77
1139 2 2 3 183 373 613 67
1140 2 2 3 183 374 613 373
1141 2 2 3 183 374 375 615
1142 2 2 3 183 613 374 614
1143 2 2 3 183 374 615 614
1144 2 2 3 183 375 376 615
1145 2 2 3 183 376 377 617
1146 2 2 3 183 615 376 616
1147 2 2 3 183 376 617 616
1148 2 2 3 183 618 377 378
1149 2 2 3 183 377 618 617
1150 2 2 3 183 379 618 378
1151 2 2 3 183 379 380 619
1152 2 2 3 183 618 379 619
1153 2 2 3 183 380 381 620
1154 2 2 3 183 619 380 620
1155 2 2 3 183 381 382 621
1156 2 2 3 183 620 381 621
1157 2 2 3 183 382 383 622
1158 2 2 3 183 621 382 622
1159 2 2 3 183 624 383 384
1160 2 2 3 183 622 383 623
1161 2 2 3 183 383 624 623
1162 2 2 3 183 625 384 385
1163 2 2 3 183 625 624 384
1164 2 2 3 183 626 385 386
1165 2 2 3 183 626 625 385
1166 2 2 3 184 630 68 78
1167 2 2 3 184 68 630 390
1168 2 2 3 184 389 79 69
1169 2 2 3 184 389 629 79
1170 2 2 3 184 630 389 390
1171 2 2 3 184 389 630 629
1172 2 2 3 185 73 84 479
1173 2 2 3 185 82 74 514
1174 2 2 3 185 514 790 82
1175 2 2 3 185 84 755 479
1176 2 2 3 185 479 755 480
1177 2 2 3 185 480 756 481
1178 2 2 3 185 755 756 480
1179 2 2 3 185 481 758 482
1180 2 2 3 185 756 757 481
1181 2 2 3 185 481 757 758
1182 2 2 3 185 482 758 483
1183 2 2 3 185 484 483 760
1184 2 2 3 185 758 759 483
1185 2 2 3 185 483 759 760
1186 2 2 3 185 484 760 485
1187 2 2 3 185 486 485 762
1188 2 2 3 185 760 761 485
1189 2 2 3 185 485 761 762
1190 2 2 3 185 763 487 486
1191 2 2 3 185 762 763 486
1192 2 2 3 185 764 488 487
1193 2 2 3 185 764 487 763
1194 2 2 3 185 765 489 488
1195 2 2 3 185 765 488 764
1196 2 2 3 185 766 490 489
1197 2 2 3 185 766 489 765
1198 2 2 3 185 767 491 490
1199 2 2 3 185 767 490 766
1200 2 2 3 185 768 492 491
1201 2 2 3 185 768 491 767
1202 2 2 3 185 769 493 492
1203 2 2 3 185 769 492 768
1204 2 2 3 185 770 494 493
1205 2 2 3 185 770 493 769
1206 2 2 3 185 495 494 770
1207 2 2 3 185 772 496 495
1208 2 2 3 185 771 495 770
1209 2 2 3 185 772 495 771
1210 2 2 3 185 497 496 772
1211 2 2 3 185 498 497 773
1212 2 2 3 185 773 497 772
1213 2 2 3 185 498 775 499
1214 2 2 3 185 498 773 774
1215 2 2 3 185 498 774 775
1216 2 2 3 185 499 776 500
1217 2 2 3 185 499 775 776
1218 2 2 3 185 777 501 500
1219 2 2 3 185 500 776 777
1220 2 2 3 185 778 502 501
1221 2 2 3 185 778 501 777
1222 2 2 3 185 779 503 502
1223 2 2 3 185 779 502 778
1224 2 2 3 185 504 503 779
1225 2 2 3 185 780 505 504
1226 2 2 3 185 780 504 779
1227 2 2 3 185 506 505 781
1228 2 2 3 185 780 781 505
1229 2 2 3 185 506 782 507
1230 2 2 3 185 781 782 506
1231 2 2 3 185 507 783 508
1232 2 2 3 185 782 783 507
1233 2 2 3 185 508 784 509
1234 2 2 3 185 783 784 508
1235 2 2 3 185 509 785 510
1236 2 2 3 185 784 785 509
1237 2 2 3 185 510 786 511
1238 2 2 3 185 785 786 510
1239 2 2 3 185 511 787 512
1240 2 2 3 185 786 787 511
1241 2 2 3 185 512 788 513
1242 2 2 3 185 787 788 512
1243 2 2 3 185 513 790 514
1244 2 2 3 185 788 789 513
1245 2 2 3 185 513 789 790
1246 2 2 3 186 628 67 77
1247 2 2 3 186 388 67 628
1248 2 2 3 186 387 78 68
1249 2 2 3 186 78 387 627
1250 2 2 3 186 387 388 628
1251 2 2 3 186 387 628 627
1252 2 2 11 187 86 85 1477
1253 2 2 11 187 85 87 1477
1254 2 2 11 187 88 86 1477
1255 2 2 11 187 87 88 1477
1256 2 2 11 188 85 86 1478
1257 2 2 11 188 792 85 1478
1258 2 2 11 188 86 794 1478
1259 2 2 11 188 90 89 1479
1260 2 2 11 188 89 791 1479
1261 2 2 11 188 793 90 1479
1262 2 2 11 188 791 792 1480
1263 2 2 11 188 791 793 1479
1264 2 2 11 188 793 791 1480
1265 2 2 11 188 794 792 1478
1266 2 2 11 188 792 794 1480
1267 2 2 11 188 794 793 1480
1268 2 2 11 189 88 87 1482
1269 2 2 11 189 87 795 1482
1270 2 2 11 189 797 88 1482
1271 2 2 11 189 91 92 1481
1272 2 2 11 189 796 91 1481
1273 2 2 11 189 92 798 1481
1274 2 2 11 189 795 796 1483
1275 2 2 11 189 795 797 1482
1276 2 2 11 189 797 795 1483
1277 2 2 11 189 798 796 1481
1278 2 2 11 189 796 798 1483
1279 2 2 11 189 798 797 1483
1280 2 2 10 191 88 1518 86
1281 2 2 10 191 86 1518 794
1282 2 2 10 191 797 1518 88
1283 2 2 10 191 92 90 798
1284 2 2 10 191 927 90 92
1285 2 2 10 191 798 90 793
1286 2 2 10 191 1054 90 927
1287 2 2 10 191 148 932 121
1288 2 2 10 191 121 933 148
1289 2 2 10 191 938 122 147
1290 2 2 10 191 147 122 939
1291 2 2 10 191 146 944 123
1292 2 2 10 191 146 123 945
1293 2 2 10 191 950 124 145
1294 2 2 10 191 145 124 951
1295 2 2 10 191 125 144 956
1296 2 2 10 191 957 144 125
1297 2 2 10 191 126 143 962
1298 2 2 10 191 963 143 126
1299 2 2 10 191 127 142 968
1300 2 2 10 191 127 1520 142
1301 2 2 10 191 969 1520 127
1302 2 2 10 191 971 141 128
1303 2 2 10 191 141 1519 128
1304 2 2 10 191 128 1519 970
1305 2 2 10 191 129 1009 140
1306 2 2 10 191 129 140 1010
1307 2 2 10 191 1010 971 129
1308 2 2 10 191 972 1009 129
1309 2 2 10 191 130 139 973
1310 2 2 10 191 974 139 130
1311 2 2 10 191 131 138 978
1312 2 2 10 191 979 138 131
1313 2 2 10 191 132 137 983
1314 2 2 10 191 984 137 132
1315 2 2 10 191 133 136 988
1316 2 2 10 191 989 136 133
1317 2 2 10 191 135 1517 134
1318 2 2 10 191 134 1517 990
1319 2 2 10 191 991 1517 135
1320 2 2 10 191 136 993 988
1321 2 2 10 191 989 992 136
1322 2 2 10 191 137 998 983
1323 2 2 10 191 984 997 137
1324 2 2 10 191 138 1003 978
1325 2 2 10 191 979 1002 138
1326 2 2 10 191 139 1008 973
1327 2 2 10 191 974 1007 139
1328 2 2 10 191 1010 141 971
1329 2 2 10 191 1011 1519 141
1330 2 2 10 191 968 142 1013
1331 2 2 10 191 142 1520 1012
1332 2 2 10 191 962 143 1019
1333 2 2 10 191 1018 143 963
1334 2 2 10 191 956 144 1025
1335 2 2 10 191 1024 144 957
1336 2 2 10 191 1031 950 145
1337 2 2 10 191 145 951 1030
1338 2 2 10 191 1037 944 146
1339 2 2 10 191 146 945 1036
1340 2 2 10 191 1043 938 147
1341 2 2 10 191 147 939 1042
1342 2 2 10 191 1049 932 148
1343 2 2 10 191 148 933 1048
1344 2 2 10 191 797 793 794
1345 2 2 10 191 797 798 793
1346 2 2 10 191 794 1518 797
1347 2 2 10 191 928 1054 927
1348 2 2 10 191 929 1497 928
1349 2 2 10 191 1053 1054 928
1350 2 2 10 191 928 1497 1053
1351 2 2 10 191 930 1486 929
1352 2 2 10 191 929 1486 1052
1353 2 2 10 191 1052 1497 929
1354 2 2 10 191 931 1503 930
1355 2 2 10 191 1051 1486 930
1356 2 2 10 191 930 1503 1051
1357 2 2 10 191 931 932 1049
1358 2 2 10 191 1050 931 1049
1359 2 2 10 191 1050 1503 931
1360 2 2 10 191 933 934 1048
1361 2 2 10 191 935 1508 934
1362 2 2 10 191 1048 934 1047
1363 2 2 10 191 934 1508 1047
1364 2 2 10 191 936 1488 935
1365 2 2 10 191 935 1488 1046
1366 2 2 10 191 1046 1508 935
1367 2 2 10 191 937 1505 936
1368 2 2 10 191 1045 1488 936
1369 2 2 10 191 936 1505 1045
1370 2 2 10 191 1043 937 938
1371 2 2 10 191 1044 937 1043
1372 2 2 10 191 1044 1505 937
1373 2 2 10 191 939 940 1042
1374 2 2 10 191 941 1498 940
1375 2 2 10 191 1042 940 1041
1376 2 2 10 191 940 1498 1041
1377 2 2 10 191 942 1484 941
1378 2 2 10 191 941 1484 1040
1379 2 2 10 191 1040 1498 941
1380 2 2 10 191 943 1501 942
1381 2 2 10 191 1039 1484 942
1382 2 2 10 191 942 1501 1039
1383 2 2 10 191 943 944 1037
1384 2 2 10 191 1038 943 1037
1385 2 2 10 191 1038 1501 943
1386 2 2 10 191 1036 945 946
1387 2 2 10 191 947 1509 946
1388 2 2 10 191 1036 946 1035
1389 2 2 10 191 946 1509 1035
1390 2 2 10 191 948 1489 947
1391 2 2 10 191 947 1489 1034
1392 2 2 10 191 1034 1509 947
1393 2 2 10 191 949 1506 948
1394 2 2 10 191 1033 1489 948
1395 2 2 10 191 948 1506 1033
1396 2 2 10 191 1031 949 950
1397 2 2 10 191 1032 949 1031
1398 2 2 10 191 1032 1506 949
1399 2 2 10 191 1030 951 952
1400 2 2 10 191 953 1499 952
1401 2 2 10 191 1030 952 1029
1402 2 2 10 191 952 1499 1029
1403 2 2 10 191 954 1485 953
1404 2 2 10 191 953 1485 1028
1405 2 2 10 191 1028 1499 953
1406 2 2 10 191 955 1502 954
1407 2 2 10 191 1027 1485 954
1408 2 2 10 191 954 1502 1027
1409 2 2 10 191 1025 955 956
1410 2 2 10 191 1026 955 1025
1411 2 2 10 191 1026 1502 955
1412 2 2 10 191 1024 957 958
1413 2 2 10 191 959 1510 958
1414 2 2 10 191 1024 958 1023
1415 2 2 10 191 958 1510 1023
1416 2 2 10 191 960 1490 959
1417 2 2 10 191 959 1490 1022
1418 2 2 10 191 1022 1510 959
1419 2 2 10 191 961 1507 960
1420 2 2 10 191 1021 1490 960
1421 2 2 10 191 960 1507 1021
1422 2 2 10 191 962 1019 961
1423 2 2 10 191 1019 1020 961
1424 2 2 10 191 1020 1507 961
1425 2 2 10 191 964 1018 963
1426 2 2 10 191 965 1500 964
1427 2 2 10 191 1017 1018 964
1428 2 2 10 191 964 1500 1017
1429 2 2 10 191 966 1487 965
1430 2 2 10 191 965 1487 1016
1431 2 2 10 191 1016 1500 965
1432 2 2 10 191 967 1504 966
1433 2 2 10 191 1015 1487 966
1434 2 2 10 191 966 1504 1015
1435 2 2 10 191 968 1013 967
1436 2 2 10 191 967 1013 1014
1437 2 2 10 191 1014 1504 967
1438 2 2 10 191 969 970 1012
1439 2 2 10 191 1012 1520 969
1440 2 2 10 191 1012 970 1011
1441 2 2 10 191 970 1519 1011
1442 2 2 10 191 973 1008 972
1443 2 2 10 191 1008 1009 972
1444 2 2 10 191 975 1515 974
1445 2 2 10 191 974 1515 1007
1446 2 2 10 191 976 1495 975
1447 2 2 10 191 975 1495 1006
1448 2 2 10 191 1006 1515 975
1449 2 2 10 191 977 1493 976
1450 2 2 10 191 976 1493 1005
1451 2 2 10 191 1005 1495 976
1452 2 2 10 191 978 1513 977
1453 2 2 10 191 1004 1493 977
1454 2 2 10 191 977 1513 1004
1455 2 2 10 191 1003 1513 978
1456 2 2 10 191 980 1511 979
1457 2 2 10 191 979 1511 1002
1458 2 2 10 191 981 1492 980
1459 2 2 10 191 980 1492 1001
1460 2 2 10 191 1001 1511 980
1461 2 2 10 191 982 1491 981
1462 2 2 10 191 981 1491 1000
1463 2 2 10 191 1000 1492 981
1464 2 2 10 191 983 1512 982
1465 2 2 10 191 999 1491 982
1466 2 2 10 191 982 1512 999
1467 2 2 10 191 998 1512 983
1468 2 2 10 191 985 1516 984
1469 2 2 10 191 984 1516 997
1470 2 2 10 191 986 1496 985
1471 2 2 10 191 985 1496 996
1472 2 2 10 191 996 1516 985
1473 2 2 10 191 987 1494 986
1474 2 2 10 191 986 1494 995
1475 2 2 10 191 995 1496 986
1476 2 2 10 191 988 1514 987
1477 2 2 10 191 994 1494 987
1478 2 2 10 191 987 1514 994
1479 2 2 10 191 993 1514 988
1480 2 2 10 191 990 1521 989
1481 2 2 10 191 989 1521 992
1482 2 2 10 191 990 1517 991
1483 2 2 10 191 991 1521 990
1484 2 2 10 191 992 1521 991
1485 2 2 10 191 994 1514 993
1486 2 2 10 191 995 1494 994
1487 2 2 10 191 996 1496 995
1488 2 2 10 191 997 1516 996
1489 2 2 10 191 999 1512 998
1490 2 2 10 191 1000 1491 999
1491 2 2 10 191 1001 1492 1000
1492 2 2 10 191 1002 1511 1001
1493 2 2 10 191 1004 1513 1003
1494 2 2 10 191 1005 1493 1004
1495 2 2 10 191 1006 1495 1005
1496 2 2 10 191 1007 1515 1006
1497 2 2 10 191 1015 1504 1014
1498 2 2 10 191 1016 1487 1015
1499 2 2 10 191 1017 1500 1016
1500 2 2 10 191 1021 1507 1020
1501 2 2 10 191 1022 1490 1021
1502 2 2 10 191 1023 1510 1022
1503 2 2 10 191 1027 1502 1026
1504 2 2 10 191 1028 1485 1027
1505 2 2 10 191 1029 1499 1028
1506 2 2 10 191 1033 1506 1032
1507 2 2 10 191 1034 1489 1033
1508 2 2 10 191 1035 1509 1034
1509 2 2 10 191 1039 1501 1038
1510 2 2 10 191 1040 1484 1039
1511 2 2 10 191 1041 1498 1040
1512 2 2 10 191 1045 1505 1044
1513 2 2 10 191 1046 1488 1045
1514 2 2 10 191 1047 1508 1046
1515 2 2 10 191 1051 1503 1050
1516 2 2 10 191 1052 1486 1051
1517 2 2 10 191 1053 1497 1052
1518 2 2 11 192 89 90 1523
1519 2 2 11 192 926 89 1523
1520 2 2 11 192 90 1054 1523
1521 2 2 11 192 148 120 1522
1522 2 2 11 192 120 921 1522
1523 2 2 11 192 1049 148 1522
1524 2 2 11 192 921 922 1525
1525 2 2 11 192 921 1049 1522
1526 2 2 11 192 1049 921 1525
1527 2 2 11 192 922 923 1527
1528 2 2 11 192 922 1050 1525
1529 2 2 11 192 1050 922 1527
1530 2 2 11 192 923 924 1524
1531 2 2 11 192 1051 923 1524
1532 2 2 11 192 923 1051 1527
1533 2 2 11 192 924 925 1528
1534 2 2 11 192 924 1052 1524
1535 2 2 11 192 1052 924 1528
1536 2 2 11 192 925 926 1526
1537 2 2 11 192 1053 925 1526
1538 2 2 11 192 925 1053 1528
1539 2 2 11 192 1054 926 1523
1540 2 2 11 192 926 1054 1526
1541 2 2 11 192 1050 1049 1525
1542 2 2 11 192 1051 1050 1527
1543 2 2 11 192 1052 1051 1524
1544 2 2 11 192 1053 1052 1528
1545 2 2 11 192 1054 1053 1526
1546 2 2 11 193 92 91 1529
1547 2 2 11 193 91 799 1529
1548 2 2 11 193 927 92 1529
1549 2 2 11 193 93 121 1530
1550 2 2 11 193 804 93 1530
1551 2 2 11 193 121 932 1530
1552 2 2 11 193 799 800 1533
1553 2 2 11 193 799 927 1529
1554 2 2 11 193 927 799 1533
1555 2 2 11 193 800 801 1535
1556 2 2 11 193 800 928 1533
1557 2 2 11 193 928 800 1535
1558 2 2 11 193 801 802 1531
1559 2 2 11 193 929 801 1531
1560 2 2 11 193 801 929 1535
1561 2 2 11 193 802 803 1534
1562 2 2 11 193 802 930 1531
1563 2 2 11 193 930 802 1534
1564 2 2 11 193 803 804 1532
1565 2 2 11 193 931 803 1532
1566 2 2 11 193 803 931 1534
1567 2 2 11 193 932 804 1530
1568 2 2 11 193 804 932 1532
1569 2 2 11 193 928 927 1533
1570 2 2 11 193 929 928 1535
1571 2 2 11 193 930 929 1531
1572 2 2 11 193 931 930 1534
1573 2 2 11 193 932 931 1532
1574 2 2 11 194 147 119 1536
1575 2 2 11 194 119 920 1536
1576 2 2 11 194 120 148 1537
1577 2 2 11 194 915 120 1537
1578 2 2 11 194 1043 147 1536
1579 2 2 11 194 148 1048 1537
1580 2 2 11 194 916 915 1539
1581 2 2 11 194 1048 915 1537
1582 2 2 11 194 915 1048 1539
1583 2 2 11 194 917 916 1541
1584 2 2 11 194 1047 916 1539
1585 2 2 11 194 916 1047 1541
1586 2 2 11 194 918 917 1538
1587 2 2 11 194 917 1046 1538
1588 2 2 11 194 1046 917 1541
1589 2 2 11 194 919 918 1542
1590 2 2 11 194 1045 918 1538
1591 2 2 11 194 918 1045 1542
1592 2 2 11 194 920 919 1540
1593 2 2 11 194 919 1044 1540
1594 2 2 11 194 1044 919 1542
1595 2 2 11 194 920 1043 1536
1596 2 2 11 194 1043 920 1540
1597 2 2 11 194 1044 1043 1540
1598 2 2 11 194 1045 1044 1542
1599 2 2 11 194 1046 1045 1538
1600 2 2 11 194 1047 1046 1541
1601 2 2 11 194 1048 1047 1539
1602 2 2 11 195 121 93 1543
1603 2 2 11 195 93 810 1543
1604 2 2 11 195 94 122 1544
1605 2 2 11 195 805 94 1544
1606 2 2 11 195 933 121 1543
1607 2 2 11 195 122 938 1544
1608 2 2 11 195 806 805 1547
1609 2 2 11 195 938 805 1544
1610 2 2 11 195 805 938 1547
1611 2 2 11 195 807 806 1548
1612 2 2 11 195 937 806 1547
1613 2 2 11 195 806 937 1548
1614 2 2 11 195 808 807 1545
1615 2 2 11 195 807 936 1545
1616 2 2 11 195 936 807 1548
1617 2 2 11 195 809 808 1549
1618 2 2 11 195 935 808 1545
1619 2 2 11 195 808 935 1549
1620 2 2 11 195 810 809 1546
1621 2 2 11 195 809 934 1546
1622 2 2 11 195 934 809 1549
1623 2 2 11 195 810 933 1543
1624 2 2 11 195 933 810 1546
1625 2 2 11 195 934 933 1546
1626 2 2 11 195 935 934 1549
1627 2 2 11 195 936 935 1545
1628 2 2 11 195 937 936 1548
1629 2 2 11 195 938 937 1547
1630 2 2 11 196 123 95 1551
1631 2 2 11 196 95 822 1551
1632 2 2 11 196 96 124 1550
1633 2 2 11 196 817 96 1550
1634 2 2 11 196 945 123 1551
1635 2 2 11 196 124 950 1550
1636 2 2 11 196 818 817 1553
1637 2 2 11 196 950 817 1550
1638 2 2 11 196 817 950 1553
1639 2 2 11 196 819 818 1555
1640 2 2 11 196 949 818 1553
1641 2 2 11 196 818 949 1555
1642 2 2 11 196 820 819 1552
1643 2 2 11 196 819 948 1552
1644 2 2 11 196 948 819 1555
1645 2 2 11 196 821 820 1556
1646 2 2 11 196 947 820 1552
1647 2 2 11 196 820 947 1556
1648 2 2 11 196 822 821 1554
1649 2 2 11 196 821 946 1554
1650 2 2 11 196 946 821 1556
1651 2 2 11 196 822 945 1551
1652 2 2 11 196 945 822 1554
1653 2 2 11 196 946 945 1554
1654 2 2 11 196 947 946 1556
1655 2 2 11 196 948 947 1552
1656 2 2 11 196 949 948 1555
1657 2 2 11 196 950 949 1553
1658 2 2 11 197 122 94 1557
1659 2 2 11 197 94 811 1557
1660 2 2 11 197 95 123 1558
1661 2 2 11 197 816 95 1558
1662 2 2 11 197 939 122 1557
1663 2 2 11 197 123 944 1558
1664 2 2 11 197 811 812 1561
1665 2 2 11 197 811 939 1557
1666 2 2 11 197 939 811 1561
1667 2 2 11 197 812 813 1563
1668 2 2 11 197 812 940 1561
1669 2 2 11 197 940 812 1563
1670 2 2 11 197 813 814 1559
1671 2 2 11 197 941 813 1559
1672 2 2 11 197 813 941 1563
1673 2 2 11 197 814 815 1562
1674 2 2 11 197 814 942 1559
1675 2 2 11 197 942 814 1562
1676 2 2 11 197 815 816 1560
1677 2 2 11 197 943 815 1560
1678 2 2 11 197 815 943 1562
1679 2 2 11 197 944 816 1558
1680 2 2 11 197 816 944 1560
1681 2 2 11 197 940 939 1561
1682 2 2 11 197 941 940 1563
1683 2 2 11 197 942 941 1559
1684 2 2 11 197 943 942 1562
1685 2 2 11 197 944 943 1560
1686 2 2 11 198 146 118 1564
1687 2 2 11 198 118 909 1564
1688 2 2 11 198 119 147 1565
1689 2 2 11 198 914 119 1565
1690 2 2 11 198 1037 146 1564
1691 2 2 11 198 147 1042 1565
1692 2 2 11 198 909 910 1567
1693 2 2 11 198 909 1037 1564
1694 2 2 11 198 1037 909 1567
1695 2 2 11 198 910 911 1569
1696 2 2 11 198 910 1038 1567
1697 2 2 11 198 1038 910 1569
1698 2 2 11 198 911 912 1566
1699 2 2 11 198 1039 911 1566
1700 2 2 11 198 911 1039 1569
1701 2 2 11 198 912 913 1570
1702 2 2 11 198 912 1040 1566
1703 2 2 11 198 1040 912 1570
1704 2 2 11 198 913 914 1568
1705 2 2 11 198 1041 913 1568
1706 2 2 11 198 913 1041 1570
1707 2 2 11 198 1042 914 1565
1708 2 2 11 198 914 1042 1568
1709 2 2 11 198 1038 1037 1567
1710 2 2 11 198 1039 1038 1569
1711 2 2 11 198 1040 1039 1566
1712 2 2 11 198 1041 1040 1570
1713 2 2 11 198 1042 1041 1568
1714 2 2 11 199 145 117 1571
1715 2 2 11 199 117 908 1571
1716 2 2 11 199 118 146 1572
1717 2 2 11 199 903 118 1572
1718 2 2 11 199 1031 145 1571
1719 2 2 11 199 146 1036 1572
1720 2 2 11 199 904 903 1574
1721 2 2 11 199 1036 903 1572
1722 2 2 11 199 903 1036 1574
1723 2 2 11 199 905 904 1576
1724 2 2 11 199 1035 904 1574
1725 2 2 11 199 904 1035 1576
1726 2 2 11 199 906 905 1573
1727 2 2 11 199 905 1034 1573
1728 2 2 11 199 1034 905 1576
1729 2 2 11 199 907 906 1577
1730 2 2 11 199 1033 906 1573
1731 2 2 11 199 906 1033 1577
1732 2 2 11 199 908 907 1575
1733 2 2 11 199 907 1032 1575
1734 2 2 11 199 1032 907 1577
1735 2 2 11 199 908 1031 1571
1736 2 2 11 199 1031 908 1575
1737 2 2 11 199 1032 1031 1575
1738 2 2 11 199 1033 1032 1577
1739 2 2 11 199 1034 1033 1573
1740 2 2 11 199 1035 1034 1576
1741 2 2 11 199 1036 1035 1574
1742 2 2 11 200 144 116 1578
1743 2 2 11 200 116 897 1578
1744 2 2 11 200 117 145 1579
1745 2 2 11 200 902 117 1579
1746 2 2 11 200 1025 144 1578
1747 2 2 11 200 145 1030 1579
1748 2 2 11 200 897 898 1581
1749 2 2 11 200 897 1025 1578
1750 2 2 11 200 1025 897 1581
1751 2 2 11 200 898 899 1583
1752 2 2 11 200 898 1026 1581
1753 2 2 11 200 1026 898 1583
1754 2 2 11 200 899 900 1580
1755 2 2 11 200 1027 899 1580
1756 2 2 11 200 899 1027 1583
1757 2 2 11 200 900 901 1584
1758 2 2 11 200 900 1028 1580
1759 2 2 11 200 1028 900 1584
1760 2 2 11 200 901 902 1582
1761 2 2 11 200 1029 901 1582
1762 2 2 11 200 901 1029 1584
1763 2 2 11 200 1030 902 1579
1764 2 2 11 200 902 1030 1582
1765 2 2 11 200 1026 1025 1581
1766 2 2 11 200 1027 1026 1583
1767 2 2 11 200 1028 1027 1580
1768 2 2 11 200 1029 1028 1584
1769 2 2 11 200 1030 1029 1582
1770 2 2 11 201 143 115 1585
1771 2 2 11 201 115 896 1585
1772 2 2 11 201 116 144 1586
1773 2 2 11 201 891 116 1586
1774 2 2 11 201 1019 143 1585
1775 2 2 11 201 144 1024 1586
1776 2 2 11 201 892 891 1588
1777 2 2 11 201 1024 891 1586
1778 2 2 11 201 891 1024 1588
1779 2 2 11 201 893 892 1590
1780 2 2 11 201 1023 892 1588
1781 2 2 11 201 892 1023 1590
1782 2 2 11 201 894 893 1587
1783 2 2 11 201 893 1022 1587
1784 2 2 11 201 1022 893 1590
1785 2 2 11 201 895 894 1591
1786 2 2 11 201 1021 894 1587
1787 2 2 11 201 894 1021 1591
1788 2 2 11 201 896 895 1589
1789 2 2 11 201 895 1020 1589
1790 2 2 11 201 1020 895 1591
1791 2 2 11 201 896 1019 1585
1792 2 2 11 201 1019 896 1589
1793 2 2 11 201 1020 1019 1589
1794 2 2 11 201 1021 1020 1591
1795 2 2 11 201 1022 1021 1587
1796 2 2 11 201 1023 1022 1590
1797 2 2 11 201 1024 1023 1588
1798 2 2 11 202 125 97 1593
1799 2 2 11 202 97 834 1593
1800 2 2 11 202 98 126 1592
1801 2 2 11 202 829 98 1592
1802 2 2 11 202 957 125 1593
1803 2 2 11 202 126 962 1592
1804 2 2 11 202 830 829 1595
1805 2 2 11 202 962 829 1592
1806 2 2 11 202 829 962 1595
1807 2 2 11 202 831 830 1597
1808 2 2 11 202 961 830 1595
1809 2 2 11 202 830 961 1597
1810 2 2 11 202 832 831 1594
1811 2 2 11 202 831 960 1594
1812 2 2 11 202 960 831 1597
1813 2 2 11 202 833 832 1598
1814 2 2 11 202 959 832 1594
1815 2 2 11 202 832 959 1598
1816 2 2 11 202 834 833 1596
1817 2 2 11 202 833 958 1596
1818 2 2 11 202 958 833 1598
1819 2 2 11 202 834 957 1593
1820 2 2 11 202 957 834 1596
1821 2 2 11 202 958 957 1596
1822 2 2 11 202 959 958 1598
1823 2 2 11 202 960 959 1594
1824 2 2 11 202 961 960 1597
1825 2 2 11 202 962 961 1595
1826 2 2 11 203 124 96 1599
1827 2 2 11 203 96 823 1599
1828 2 2 11 203 97 125 1600
1829 2 2 11 203 828 97 1600
1830 2 2 11 203 951 124 1599
1831 2 2 11 203 125 956 1600
1832 2 2 11 203 823 824 1603
1833 2 2 11 203 823 951 1599
1834 2 2 11 203 951 823 1603
1835 2 2 11 203 824 825 1605
1836 2 2 11 203 824 952 1603
1837 2 2 11 203 952 824 1605
1838 2 2 11 203 825 826 1601
1839 2 2 11 203 953 825 1601
1840 2 2 11 203 825 953 1605
1841 2 2 11 203 826 827 1604
1842 2 2 11 203 826 954 1601
1843 2 2 11 203 954 826 1604
1844 2 2 11 203 827 828 1602
1845 2 2 11 203 955 827 1602
1846 2 2 11 203 827 955 1604
1847 2 2 11 203 956 828 1600
1848 2 2 11 203 828 956 1602
1849 2 2 11 203 952 951 1603
1850 2 2 11 203 953 952 1605
1851 2 2 11 203 954 953 1601
1852 2 2 11 203 955 954 1604
1853 2 2 11 203 956 955 1602
1854 2 2 11 204 127 99 1607
1855 2 2 11 204 99 842 1607
1856 2 2 11 204 100 128 1606
1857 2 2 11 204 841 100 1606
1858 2 2 11 204 969 127 1607
1859 2 2 11 204 128 970 1606
1860 2 2 11 204 842 841 1608
1861 2 2 11 204 970 841 1606
1862 2 2 11 204 841 970 1608
1863 2 2 11 204 842 969 1607
1864 2 2 11 204 969 842 1608
1865 2 2 11 204 970 969 1608
1866 2 2 11 205 126 98 1609
1867 2 2 11 205 98 835 1609
1868 2 2 11 205 99 127 1610
1869 2 2 11 205 840 99 1610
1870 2 2 11 205 963 126 1609
1871 2 2 11 205 127 968 1610
1872 2 2 11 205 835 836 1613
1873 2 2 11 205 835 963 1609
1874 2 2 11 205 963 835 1613
1875 2 2 11 205 836 837 1615
1876 2 2 11 205 836 964 1613
1877 2 2 11 205 964 836 1615
1878 2 2 11 205 837 838 1611
1879 2 2 11 205 965 837 1611
1880 2 2 11 205 837 965 1615
1881 2 2 11 205 838 839 1614
1882 2 2 11 205 838 966 1611
1883 2 2 11 205 966 838 1614
1884 2 2 11 205 839 840 1612
1885 2 2 11 205 967 839 1612
1886 2 2 11 205 839 967 1614
1887 2 2 11 205 968 840 1610
1888 2 2 11 205 840 968 1612
1889 2 2 11 205 964 963 1613
1890 2 2 11 205 965 964 1615
1891 2 2 11 205 966 965 1611
1892 2 2 11 205 967 966 1614
1893 2 2 11 205 968 967 1612
1894 2 2 11 206 142 114 1616
1895 2 2 11 206 114 885 1616
1896 2 2 11 206 115 143 1617
1897 2 2 11 206 890 115 1617
1898 2 2 11 206 1013 142 1616
1899 2 2 11 206 143 1018 1617
1900 2 2 11 206 885 886 1619
1901 2 2 11 206 885 1013 1616
1902 2 2 11 206 1013 885 1619
1903 2 2 11 206 886 887 1621
1904 2 2 11 206 886 1014 1619
1905 2 2 11 206 1014 886 1621
1906 2 2 11 206 887 888 1618
1907 2 2 11 206 1015 887 1618
1908 2 2 11 206 887 1015 1621
1909 2 2 11 206 888 889 1622
1910 2 2 11 206 888 1016 1618
1911 2 2 11 206 1016 888 1622
1912 2 2 11 206 889 890 1620
1913 2 2 11 206 1017 889 1620
1914 2 2 11 206 889 1017 1622
1915 2 2 11 206 1018 890 1617
1916 2 2 11 206 890 1018 1620
1917 2 2 11 206 1014 1013 1619
1918 2 2 11 206 1015 1014 1621
1919 2 2 11 206 1016 1015 1618
1920 2 2 11 206 1017 1016 1622
1921 2 2 11 206 1018 1017 1620
1922 2 2 11 207 141 113 1624
1923 2 2 11 207 113 884 1624
1924 2 2 11 207 114 142 1623
1925 2 2 11 207 883 114 1623
1926 2 2 11 207 1011 141 1624
1927 2 2 11 207 142 1012 1623
1928 2 2 11 207 884 883 1625
1929 2 2 11 207 1012 883 1623
1930 2 2 11 207 883 1012 1625
1931 2 2 11 207 884 1011 1624
1932 2 2 11 207 1011 884 1625
1933 2 2 11 207 1012 1011 1625
1934 2 2 11 208 129 101 1627
1935 2 2 11 208 101 845 1627
1936 2 2 11 208 102 130 1626
1937 2 2 11 208 844 102 1626
1938 2 2 11 208 972 129 1627
1939 2 2 11 208 130 973 1626
1940 2 2 11 208 845 844 1628
1941 2 2 11 208 973 844 1626
1942 2 2 11 208 844 973 1628
1943 2 2 11 208 845 972 1627
1944 2 2 11 208 972 845 1628
1945 2 2 11 208 973 972 1628
1946 2 2 11 209 128 100 1630
1947 2 2 11 209 100 843 1630
1948 2 2 11 209 101 129 1629
1949 2 2 11 209 843 101 1629
1950 2 2 11 209 971 128 1630
1951 2 2 11 209 129 971 1629
1952 2 2 11 209 971 843 1629
1953 2 2 11 209 843 971 1630
1954 2 2 11 210 140 112 1632
1955 2 2 11 210 112 882 1632
1956 2 2 11 210 113 141 1631
1957 2 2 11 210 882 113 1631
1958 2 2 11 210 1010 140 1632
1959 2 2 11 210 141 1010 1631
1960 2 2 11 210 1010 882 1631
1961 2 2 11 210 882 1010 1632
1962 2 2 11 211 139 111 1634
1963 2 2 11 211 111 881 1634
1964 2 2 11 211 112 140 1633
1965 2 2 11 211 880 112 1633
1966 2 2 11 211 1008 139 1634
1967 2 2 11 211 140 1009 1633
1968 2 2 11 211 881 880 1635
1969 2 2 11 211 1009 880 1633
1970 2 2 11 211 880 1009 1635
1971 2 2 11 211 881 1008 1634
1972 2 2 11 211 1008 881 1635
1973 2 2 11 211 1009 1008 1635
1974 2 2 11 212 138 110 1637
1975 2 2 11 212 110 875 1637
1976 2 2 11 212 111 139 1636
1977 2 2 11 212 879 111 1636
1978 2 2 11 212 1003 138 1637
1979 2 2 11 212 139 1007 1636
1980 2 2 11 212 875 876 1640
1981 2 2 11 212 875 1003 1637
1982 2 2 11 212 1003 875 1640
1983 2 2 11 212 876 877 1638
1984 2 2 11 212 1004 876 1638
1985 2 2 11 212 876 1004 1640
1986 2 2 11 212 877 878 1639
1987 2 2 11 212 877 1005 1638
1988 2 2 11 212 1005 877 1639
1989 2 2 11 212 878 879 1641
1990 2 2 11 212 878 1006 1639
1991 2 2 11 212 1006 878 1641
1992 2 2 11 212 1007 879 1636
1993 2 2 11 212 879 1007 1641
1994 2 2 11 212 1004 1003 1640
1995 2 2 11 212 1005 1004 1638
1996 2 2 11 212 1006 1005 1639
1997 2 2 11 212 1007 1006 1641
1998 2 2 11 213 137 109 1643
1999 2 2 11 213 109 874 1643
2000 2 2 11 213 110 138 1642
2001 2 2 11 213 870 110 1642
2002 2 2 11 213 998 137 1643
2003 2 2 11 213 138 1002 1642
2004 2 2 11 213 871 870 1646
2005 2 2 11 213 1002 870 1642
2006 2 2 11 213 870 1002 1646
2007 2 2 11 213 872 871 1644
2008 2 2 11 213 871 1001 1644
2009 2 2 11 213 1001 871 1646
2010 2 2 11 213 873 872 1645
2011 2 2 11 213 1000 872 1644
2012 2 2 11 213 872 1000 1645
2013 2 2 11 213 874 873 1647
2014 2 2 11 213 999 873 1645
2015 2 2 11 213 873 999 1647
2016 2 2 11 213 874 998 1643
2017 2 2 11 213 998 874 1647
2018 2 2 11 213 999 998 1647
2019 2 2 11 213 1000 999 1645
2020 2 2 11 213 1001 1000 1644
2021 2 2 11 213 1002 1001 1646
2022 2 2 11 214 131 103 1649
2023 2 2 11 214 103 855 1649
2024 2 2 11 214 104 132 1648
2025 2 2 11 214 851 104 1648
2026 2 2 11 214 979 131 1649
2027 2 2 11 214 132 983 1648
2028 2 2 11 214 852 851 1652
2029 2 2 11 214 983 851 1648
2030 2 2 11 214 851 983 1652
2031 2 2 11 214 853 852 1651
2032 2 2 11 214 852 982 1651
2033 2 2 11 214 982 852 1652
2034 2 2 11 214 854 853 1650
2035 2 2 11 214 853 981 1650
2036 2 2 11 214 981 853 1651
2037 2 2 11 214 855 854 1653
2038 2 2 11 214 980 854 1650
2039 2 2 11 214 854 980 1653
2040 2 2 11 214 855 979 1649
2041 2 2 11 214 979 855 1653
2042 2 2 11 214 980 979 1653
2043 2 2 11 214 981 980 1650
2044 2 2 11 214 982 981 1651
2045 2 2 11 214 983 982 1652
2046 2 2 11 215 130 102 1655
2047 2 2 11 215 102 846 1655
2048 2 2 11 215 103 131 1654
2049 2 2 11 215 850 103 1654
2050 2 2 11 215 974 130 1655
2051 2 2 11 215 131 978 1654
2052 2 2 11 215 846 847 1658
2053 2 2 11 215 846 974 1655
2054 2 2 11 215 974 846 1658
2055 2 2 11 215 847 848 1657
2056 2 2 11 215 975 847 1657
2057 2 2 11 215 847 975 1658
2058 2 2 11 215 848 849 1656
2059 2 2 11 215 976 848 1656
2060 2 2 11 215 848 976 1657
2061 2 2 11 215 849 850 1659
2062 2 2 11 215 849 977 1656
2063 2 2 11 215 977 849 1659
2064 2 2 11 215 978 850 1654
2065 2 2 11 215 850 978 1659
2066 2 2 11 215 975 974 1658
2067 2 2 11 215 976 975 1657
2068 2 2 11 215 977 976 1656
2069 2 2 11 215 978 977 1659
2070 2 2 11 216 133 105 1661
2071 2 2 11 216 105 861 1661
2072 2 2 11 216 106 134 1660
2073 2 2 11 216 862 106 1660
2074 2 2 11 216 989 133 1661
2075 2 2 11 216 134 990 1660
2076 2 2 11 216 861 862 1662
2077 2 2 11 216 861 989 1661
2078 2 2 11 216 989 861 1662
2079 2 2 11 216 990 862 1660
2080 2 2 11 216 862 990 1662
2081 2 2 11 216 990 989 1662
2082 2 2 11 217 132 104 1664
2083 2 2 11 217 104 856 1664
2084 2 2 11 217 105 133 1663
2085 2 2 11 217 860 105 1663
2086 2 2 11 217 984 132 1664
2087 2 2 11 217 133 988 1663
2088 2 2 11 217 856 857 1667
2089 2 2 11 217 856 984 1664
2090 2 2 11 217 984 856 1667
2091 2 2 11 217 857 858 1666
2092 2 2 11 217 985 857 1666
2093 2 2 11 217 857 985 1667
2094 2 2 11 217 858 859 1665
2095 2 2 11 217 986 858 1665
2096 2 2 11 217 858 986 1666
2097 2 2 11 217 859 860 1668
2098 2 2 11 217 859 987 1665
2099 2 2 11 217 987 859 1668
2100 2 2 11 217 988 860 1663
2101 2 2 11 217 860 988 1668
2102 2 2 11 217 985 984 1667
2103 2 2 11 217 986 985 1666
2104 2 2 11 217 987 986 1665
2105 2 2 11 217 988 987 1668
2106 2 2 11 218 136 108 1670
2107 2 2 11 218 108 865 1670
2108 2 2 11 218 109 137 1669
2109 2 2 11 218 869 109 1669
2110 2 2 11 218 993 136 1670
2111 2 2 11 218 137 997 1669
2112 2 2 11 218 865 866 1673
2113 2 2 11 218 865 993 1670
2114 2 2 11 218 993 865 1673
2115 2 2 11 218 866 867 1671
2116 2 2 11 218 994 866 1671
2117 2 2 11 218 866 994 1673
2118 2 2 11 218 867 868 1672
2119 2 2 11 218 867 995 1671
2120 2 2 11 218 995 867 1672
2121 2 2 11 218 868 869 1674
2122 2 2 11 218 868 996 1672
2123 2 2 11 218 996 868 1674
2124 2 2 11 218 997 869 1669
2125 2 2 11 218 869 997 1674
2126 2 2 11 218 994 993 1673
2127 2 2 11 218 995 994 1671
2128 2 2 11 218 996 995 1672
2129 2 2 11 218 997 996 1674
2130 2 2 11 219 135 107 1676
2131 2 2 11 219 107 863 1676
2132 2 2 11 219 108 136 1675
2133 2 2 11 219 864 108 1675
2134 2 2 11 219 991 135 1676
2135 2 2 11 219 136 992 1675
2136 2 2 11 219 863 864 1677
2137 2 2 11 219 863 991 1676
2138 2 2 11 219 991 863 1677
2139 2 2 11 219 992 864 1675
2140 2 2 11 219 864 992 1677
2141 2 2 11 219 992 991 1677
2142 2 2 11 220 106 107 1678
2143 2 2 11 220 134 106 1678
2144 2 2 11 220 107 135 1678
2145 2 2 11 220 135 134 1678
2146 2 2 13 221 150 149 1679
2147 2 2 13 221 149 151 1679
2148 2 2 13 221 152 150 1679
2149 2 2 13 221 151 152 1679
2150 2 2 13 222 149 150 1680
2151 2 2 13 222 1056 149 1680
2152 2 2 13 222 150 1058 1680
2153 2 2 13 222 154 153 1681
2154 2 2 13 222 153 1055 1681
2155 2 2 13 222 1057 154 1681
2156 2 2 13 222 1055 1056 1682
2157 2 2 13 222 1055 1057 1681
2158 2 2 13 222 1057 1055 1682
2159 2 2 13 222 1058 1056 1680
2160 2 2 13 222 1056 1058 1682
2161 2 2 13 222 1058 1057 1682
2162 2 2 13 223 152 151 1684
2163 2 2 13 223 151 1059 1684
2164 2 2 13 223 1061 152 1684
2165 2 2 13 223 155 156 1683
2166 2 2 13 223 1060 155 1683
2167 2 2 13 223 156 1062 1683
2168 2 2 13 223 1059 1060 1685
2169 2 2 13 223 1059 1061 1684
2170 2 2 13 223 1061 1059 1685
2171 2 2 13 223 1062 1060 1683
2172 2 2 13 223 1060 1062 1685
2173 2 2 13 223 1062 1061 1685
2174 2 2 12 225 152 1699 150
2175 2 2 12 225 150 1699 1058
2176 2 2 12 225 1061 1699 152
2177 2 2 12 225 1062 156 154
2178 2 2 12 225 154 156 1095
2179 2 2 12 225 1062 154 1057
2180 2 2 12 225 1126 154 1095
2181 2 2 12 225 172 1099 165
2182 2 2 12 225 165 1100 172
2183 2 2 12 225 1104 166 171
2184 2 2 12 225 171 166 1105
2185 2 2 12 225 170 1109 167
2186 2 2 12 225 167 1110 170
2187 2 2 12 225 169 1692 168
2188 2 2 12 225 168 1692 1110
2189 2 2 12 225 1111 1692 169
2190 2 2 12 225 170 1112 1109
2191 2 2 12 225 170 1110 1111
2192 2 2 12 225 1117 1104 171
2193 2 2 12 225 171 1105 1116
2194 2 2 12 225 1122 1099 172
2195 2 2 12 225 172 1100 1121
2196 2 2 12 225 1058 1700 1057
2197 2 2 12 225 1057 1700 1062
2198 2 2 12 225 1058 1699 1061
2199 2 2 12 225 1061 1700 1058
2200 2 2 12 225 1062 1700 1061
2201 2 2 12 225 1096 1697 1095
2202 2 2 12 225 1095 1697 1126
2203 2 2 12 225 1097 1690 1096
2204 2 2 12 225 1096 1690 1125
2205 2 2 12 225 1125 1697 1096
2206 2 2 12 225 1098 1688 1097
2207 2 2 12 225 1097 1688 1124
2208 2 2 12 225 1124 1690 1097
2209 2 2 12 225 1099 1695 1098
2210 2 2 12 225 1123 1688 1098
2211 2 2 12 225 1098 1695 1123
2212 2 2 12 225 1122 1695 1099
2213 2 2 12 225 1101 1693 1100
2214 2 2 12 225 1100 1693 1121
2215 2 2 12 225 1102 1687 1101
2216 2 2 12 225 1101 1687 1120
2217 2 2 12 225 1120 1693 1101
2218 2 2 12 225 1103 1686 1102
2219 2 2 12 225 1102 1686 1119
2220 2 2 12 225 1119 1687 1102
2221 2 2 12 225 1104 1694 1103
2222 2 2 12 225 1118 1686 1103
2223 2 2 12 225 1103 1694 1118
2224 2 2 12 225 1117 1694 1104
2225 2 2 12 225 1106 1698 1105
2226 2 2 12 225 1105 1698 1116
2227 2 2 12 225 1107 1691 1106
2228 2 2 12 225 1106 1691 1115
2229 2 2 12 225 1115 1698 1106
2230 2 2 12 225 1108 1689 1107
2231 2 2 12 225 1107 1689 1114
2232 2 2 12 225 1114 1691 1107
2233 2 2 12 225 1109 1696 1108
2234 2 2 12 225 1113 1689 1108
2235 2 2 12 225 1108 1696 1113
2236 2 2 12 225 1112 1696 1109
2237 2 2 12 225 1110 1692 1111
2238 2 2 12 225 1113 1696 1112
2239 2 2 12 225 1114 1689 1113
2240 2 2 12 225 1115 1691 1114
2241 2 2 12 225 1116 1698 1115
2242 2 2 12 225 1118 1694 1117
2243 2 2 12 225 1119 1686 1118
2244 2 2 12 225 1120 1687 1119
2245 2 2 12 225 1121 1693 1120
2246 2 2 12 225 1123 1695 1122
2247 2 2 12 225 1124 1688 1123
2248 2 2 12 225 1125 1690 1124
2249 2 2 12 225 1126 1697 1125
2250 2 2 13 226 153 154 1701
2251 2 2 13 226 1094 153 1701
2252 2 2 13 226 154 1126 1701
2253 2 2 13 226 172 164 1702
2254 2 2 13 226 164 1090 1702
2255 2 2 13 226 1122 172 1702
2256 2 2 13 226 1090 1091 1705
2257 2 2 13 226 1090 1122 1702
2258 2 2 13 226 1122 1090 1705
2259 2 2 13 226 1091 1092 1703
2260 2 2 13 226 1123 1091 1703
2261 2 2 13 226 1091 1123 1705
2262 2 2 13 226 1092 1093 1704
2263 2 2 13 226 1092 1124 1703
2264 2 2 13 226 1124 1092 1704
2265 2 2 13 226 1093 1094 1706
2266 2 2 13 226 1093 1125 1704
2267 2 2 13 226 1125 1093 1706
2268 2 2 13 226 1126 1094 1701
2269 2 2 13 226 1094 1126 1706
2270 2 2 13 226 1123 1122 1705
2271 2 2 13 226 1124 1123 1703
2272 2 2 13 226 1125 1124 1704
2273 2 2 13 226 1126 1125 1706
2274 2 2 13 227 156 155 1708
2275 2 2 13 227 155 1063 1708
2276 2 2 13 227 1095 156 1708
2277 2 2 13 227 157 165 1707
2278 2 2 13 227 1067 157 1707
2279 2 2 13 227 165 1099 1707
2280 2 2 13 227 1063 1064 1711
2281 2 2 13 227 1063 1095 1708
2282 2 2 13 227 1095 1063 1711
2283 2 2 13 227 1064 1065 1710
2284 2 2 13 227 1096 1064 1710
2285 2 2 13 227 1064 1096 1711
2286 2 2 13 227 1065 1066 1709
2287 2 2 13 227 1097 1065 1709
2288 2 2 13 227 1065 1097 1710
2289 2 2 13 227 1066 1067 1712
2290 2 2 13 227 1066 1098 1709
2291 2 2 13 227 1098 1066 1712
2292 2 2 13 227 1099 1067 1707
2293 2 2 13 227 1067 1099 1712
2294 2 2 13 227 1096 1095 1711
2295 2 2 13 227 1097 1096 1710
2296 2 2 13 227 1098 1097 1709
2297 2 2 13 227 1099 1098 1712
2298 2 2 13 228 171 163 1714
2299 2 2 13 228 163 1089 1714
2300 2 2 13 228 164 172 1713
2301 2 2 13 228 1085 164 1713
2302 2 2 13 228 1117 171 1714
2303 2 2 13 228 172 1121 1713
2304 2 2 13 228 1086 1085 1717
2305 2 2 13 228 1121 1085 1713
2306 2 2 13 228 1085 1121 1717
2307 2 2 13 228 1087 1086 1716
2308 2 2 13 228 1086 1120 1716
2309 2 2 13 228 1120 1086 1717
2310 2 2 13 228 1088 1087 1715
2311 2 2 13 228 1087 1119 1715
2312 2 2 13 228 1119 1087 1716
2313 2 2 13 228 1089 1088 1718
2314 2 2 13 228 1118 1088 1715
2315 2 2 13 228 1088 1118 1718
2316 2 2 13 228 1089 1117 1714
2317 2 2 13 228 1117 1089 1718
2318 2 2 13 228 1118 1117 1718
2319 2 2 13 228 1119 1118 1715
2320 2 2 13 228 1120 1119 1716
2321 2 2 13 228 1121 1120 1717
2322 2 2 13 229 165 157 1719
2323 2 2 13 229 157 1072 1719
2324 2 2 13 229 158 166 1720
2325 2 2 13 229 1068 158 1720
2326 2 2 13 229 1100 165 1719
2327 2 2 13 229 166 1104 1720
2328 2 2 13 229 1069 1068 1723
2329 2 2 13 229 1104 1068 1720
2330 2 2 13 229 1068 1104 1723
2331 2 2 13 229 1070 1069 1722
2332 2 2 13 229 1069 1103 1722
2333 2 2 13 229 1103 1069 1723
2334 2 2 13 229 1071 1070 1721
2335 2 2 13 229 1070 1102 1721
2336 2 2 13 229 1102 1070 1722
2337 2 2 13 229 1072 1071 1724
2338 2 2 13 229 1101 1071 1721
2339 2 2 13 229 1071 1101 1724
2340 2 2 13 229 1072 1100 1719
2341 2 2 13 229 1100 1072 1724
2342 2 2 13 229 1101 1100 1724
2343 2 2 13 229 1102 1101 1721
2344 2 2 13 229 1103 1102 1722
2345 2 2 13 229 1104 1103 1723
2346 2 2 13 230 167 159 1726
2347 2 2 13 230 159 1078 1726
2348 2 2 13 230 160 168 1725
2349 2 2 13 230 1078 160 1725
2350 2 2 13 230 1110 167 1726
2351 2 2 13 230 168 1110 1725
2352 2 2 13 230 1110 1078 1725
2353 2 2 13 230 1078 1110 1726
2354 2 2 13 231 166 158 1728
2355 2 2 13 231 158 1073 1728
2356 2 2 13 231 159 167 1727
2357 2 2 13 231 1077 159 1727
2358 2 2 13 231 1105 166 1728
2359 2 2 13 231 167 1109 1727
2360 2 2 13 231 1073 1074 1731
2361 2 2 13 231 1073 1105 1728
2362 2 2 13 231 1105 1073 1731
2363 2 2 13 231 1074 1075 1730
2364 2 2 13 231 1106 1074 1730
2365 2 2 13 231 1074 1106 1731
2366 2 2 13 231 1075 1076 1729
2367 2 2 13 231 1107 1075 1729
2368 2 2 13 231 1075 1107 1730
2369 2 2 13 231 1076 1077 1732
2370 2 2 13 231 1076 1108 1729
2371 2 2 13 231 1108 1076 1732
2372 2 2 13 231 1109 1077 1727
2373 2 2 13 231 1077 1109 1732
2374 2 2 13 231 1106 1105 1731
2375 2 2 13 231 1107 1106 1730
2376 2 2 13 231 1108 1107 1729
2377 2 2 13 231 1109 1108 1732
2378 2 2 13 232 170 162 1734
2379 2 2 13 232 162 1080 1734
2380 2 2 13 232 163 171 1733
2381 2 2 13 232 1084 163 1733
2382 2 2 13 232 1112 170 1734
2383 2 2 13 232 171 1116 1733
2384 2 2 13 232 1080 1081 1737
2385 2 2 13 232 1080 1112 1734
2386 2 2 13 232 1112 1080 1737
2387 2 2 13 232 1081 1082 1735
2388 2 2 13 232 1113 1081 1735
2389 2 2 13 232 1081 1113 1737
2390 2 2 13 232 1082 1083 1736
2391 2 2 13 232 1082 1114 1735
2392 2 2 13 232 1114 1082 1736
2393 2 2 13 232 1083 1084 1738
2394 2 2 13 232 1083 1115 1736
2395 2 2 13 232 1115 1083 1738
2396 2 2 13 232 1116 1084 1733
2397 2 2 13 232 1084 1116 1738
2398 2 2 13 232 1113 1112 1737
2399 2 2 13 232 1114 1113 1735
2400 2 2 13 232 1115 1114 1736
2401 2 2 13 232 1116 1115 1738
2402 2 2 13 233 169 161 1740
2403 2 2 13 233 161 1079 1740
2404 2 2 13 233 162 170 1739
2405 2 2 13 233 1079 162 1739
2406 2 2 13 233 1111 169 1740
2407 2 2 13 233 170 1111 1739
2408 2 2 13 233 1111 1079 1739
2409 2 2 13 233 1079 1111 1740
2410 2 2 13 234 160 161 1741
2411 2 2 13 234 168 160 1741
2412 2 2 13 234 161 169 1741
2413 2 2 13 234 169 168 1741
2414 2 2 22 261 1249 197 3255
2415 2 2 22 261 197 1250 3255
2416 2 2 22 261 198 1247 3251
2417 2 2 22 261 1255 198 3251
2418 2 2 22 261 1251 199 3256
2419 2 2 22 261 199 1254 3256
2420 2 2 22 261 1252 200 3252
2421 2 2 22 261 200 1256 3252
2422 2 2 22 261 1247 1248 3258
2423 2 2 22 261 3251 1247 3258
2424 2 2 22 261 1248 1249 3253
2425 2 2 22 261 1248 3253 3258
2426 2 2 22 261 3253 1249 3255
2427 2 2 22 261 1250 1251 3250
2428 2 2 22 261 1250 3250 3255
2429 2 2 22 261 3250 1251 3256
2430 2 2 22 261 1253 1252 3257
2431 2 2 22 261 1252 3252 3257
2432 2 2 22 261 1254 1253 3254
2433 2 2 22 261 3254 1253 3257
2434 2 2 22 261 1254 3254 3256
2435 2 2 22 261 1256 1255 3251
2436 2 2 22 261 1256 3251 3252
2437 2 2 22 261 3250 3249 3253
2438 2 2 22 261 3249 3250 3254
2439 2 2 22 261 3251 3249 3252
2440 2 2 22 261 3249 3251 3258
2441 2 2 22 261 3252 3249 3257
2442 2 2 22 261 3253 3249 3258
2443 2 2 22 261 3249 3254 3257
2444 2 2 22 261 3250 3253 3255
2445 2 2 22 261 3254 3250 3256
2446 2 2 22 262 197 1249 3265
2447 2 2 22 262 1262 197 3265
2448 2 2 22 262 1247 198 3261
2449 2 2 22 262 198 1257 3261
2450 2 2 22 262 1258 201 3262
2451 2 2 22 262 201 1259 3262
2452 2 2 22 262 1261 202 3266
2453 2 2 22 262 202 1263 3266
2454 2 2 22 262 1248 1247 3267
2455 2 2 22 262 1247 3261 3267
2456 2 2 22 262 1249 1248 3264
2457 2 2 22 262 3264 1248 3267
2458 2 2 22 262 1249 3264 3265
2459 2 2 22 262 1257 1258 3261
2460 2 2 22 262 3261 1258 3262
2461 2 2 22 262 1259 1260 3268
2462 2 2 22 262 3262 1259 3268
2463 2 2 22 262 1260 1261 3263
2464 2 2 22 262 1260 3263 3268
2465 2 2 22 262 3263 1261 3266
2466 2 2 22 262 1263 1262 3260
2467 2 2 22 262 3260 1262 3265
2468 2 2 22 262 1263 3260 3266
2469 2 2 22 262 3260 3259 3263
2470 2 2 22 262 3259 3260 3264
2471 2 2 22 262 3259 3261 3262
2472 2 2 22 262 3261 3259 3267
2473 2 2 22 262 3259 3262 3268
2474 2 2 22 262 3263 3259 3268
2475 2 2 22 262 3259 3264 3267
2476 2 2 22 262 3260 3263 3266
2477 2 2 22 262 3264 3260 3265
2478 2 2 22 263 197 3270 1250
2479 2 2 22 263 1262 3270 197
2480 2 2 22 263 1251 3273 199
2481 2 2 22 263 199 3273 1264
2482 2 2 22 263 202 3271 1263
2483 2 2 22 263 1266 3271 202
2484 2 2 22 263 1265 3272 203
2485 2 2 22 263 203 3272 1267
2486 2 2 22 263 1250 3270 1251
2487 2 2 22 263 3270 3273 1251
2488 2 2 22 263 1263 3270 1262
2489 2 2 22 263 1263 3271 3270
2490 2 2 22 263 1264 3272 1265
2491 2 2 22 263 1264 3273 3272
2492 2 2 22 263 1267 3271 1266
2493 2 2 22 263 1267 3272 3271
2494 2 2 22 263 3270 3271 3269
2495 2 2 22 263 3269 3273 3270
2496 2 2 22 263 3271 3272 3269
2497 2 2 22 263 3272 3273 3269
2498 2 2 22 264 199 3281 1254
2499 2 2 22 264 1264 3281 199
2500 2 2 22 264 1252 3276 200
2501 2 2 22 264 200 3276 1268
2502 2 2 22 264 203 3280 1265
2503 2 2 22 264 1272 3280 203
2504 2 2 22 264 1269 3277 204
2505 2 2 22 264 204 3277 1270
2506 2 2 22 264 1253 3282 1252
2507 2 2 22 264 1252 3282 3276
2508 2 2 22 264 1254 3279 1253
2509 2 2 22 264 3279 3282 1253
2510 2 2 22 264 1254 3281 3279
2511 2 2 22 264 1265 3275 1264
2512 2 2 22 264 3275 3281 1264
2513 2 2 22 264 1265 3280 3275
2514 2 2 22 264 1268 3276 1269
2515 2 2 22 264 3276 3277 1269
2516 2 2 22 264 1270 3283 1271
2517 2 2 22 264 3277 3283 1270
2518 2 2 22 264 1271 3278 1272
2519 2 2 22 264 1271 3283 3278
2520 2 2 22 264 3278 3280 1272
2521 2 2 22 264 3275 3278 3274
2522 2 2 22 264 3274 3279 3275
2523 2 2 22 264 3274 3277 3276
2524 2 2 22 264 3276 3282 3274
2525 2 2 22 264 3274 3283 3277
2526 2 2 22 264 3278 3283 3274
2527 2 2 22 264 3274 3282 3279
2528 2 2 22 264 3275 3280 3278
2529 2 2 22 264 3279 3281 3275
2530 2 2 22 265 198 1255 3285
2531 2 2 22 265 1257 198 3285
2532 2 2 22 265 1256 200 3288
2533 2 2 22 265 200 1268 3288
2534 2 2 22 265 201 1258 3286
2535 2 2 22 265 1273 201 3286
2536 2 2 22 265 1269 204 3287
2537 2 2 22 265 204 1274 3287
2538 2 2 22 265 1255 1256 3285
2539 2 2 22 265 3285 1256 3288
2540 2 2 22 265 1258 1257 3285
2541 2 2 22 265 1258 3285 3286
2542 2 2 22 265 1268 1269 3287
2543 2 2 22 265 1268 3287 3288
2544 2 2 22 265 1274 1273 3286
2545 2 2 22 265 1274 3286 3287
2546 2 2 22 265 3285 3284 3286
2547 2 2 22 265 3284 3285 3288
2548 2 2 22 265 3286 3284 3287
2549 2 2 22 265 3287 3284 3288
2550 2 2 22 266 201 3292 1259
2551 2 2 22 266 1273 3292 201
2552 2 2 22 266 1261 3295 202
2553 2 2 22 266 202 3295 1266
2554 2 2 22 266 1267 3296 203
2555 2 2 22 266 203 3296 1272
2556 2 2 22 266 1270 3291 204
2557 2 2 22 266 204 3291 1274
2558 2 2 22 266 1259 3298 1260
2559 2 2 22 266 3292 3298 1259
2560 2 2 22 266 1260 3293 1261
2561 2 2 22 266 1260 3298 3293
2562 2 2 22 266 3293 3295 1261
2563 2 2 22 266 1266 3290 1267
2564 2 2 22 266 1266 3295 3290
2565 2 2 22 266 3290 3296 1267
2566 2 2 22 266 1271 3297 1270
2567 2 2 22 266 1270 3297 3291
2568 2 2 22 266 1272 3294 1271
2569 2 2 22 266 3294 3297 1271
2570 2 2 22 266 1272 3296 3294
2571 2 2 22 266 1274 3292 1273
2572 2 2 22 266 3291 3292 1274
2573 2 2 22 266 3290 3293 3289
2574 2 2 22 266 3289 3294 3290
2575 2 2 22 266 3289 3292 3291
2576 2 2 22 266 3291 3297 3289
2577 2 2 22 266 3289 3298 3292
2578 2 2 22 266 3293 3298 3289
2579 2 2 22 266 3289 3297 3294
2580 2 2 22 266 3290 3295 3293
2581 2 2 22 266 3294 3296 3290
2582 2 2 4 267 54 3 6
2583 2 2 4 267 54 55 3
2584 2 2 4 267 3 55 213
2585 2 2 4 267 5 4 3300
2586 2 2 4 267 4 219 3300
2587 2 2 4 267 220 5 3300
2588 2 2 4 267 53 54 6
2589 2 2 4 267 56 53 6
2590 2 2 4 267 226 56 6
2591 2 2 4 267 55 56 3299
2592 2 2 4 267 213 55 3299
2593 2 2 4 267 56 226 3299
2594 2 2 4 267 214 213 3302
2595 2 2 4 267 226 213 3299
2596 2 2 4 267 213 226 3302
2597 2 2 4 267 215 214 3303
2598 2 2 4 267 225 214 3302
2599 2 2 4 267 214 225 3303
2600 2 2 4 267 216 215 3305
2601 2 2 4 267 224 215 3303
2602 2 2 4 267 215 224 3305
2603 2 2 4 267 217 216 3306
2604 2 2 4 267 223 216 3305
2605 2 2 4 267 216 223 3306
2606 2 2 4 267 218 217 3304
2607 2 2 4 267 217 222 3304
2608 2 2 4 267 222 217 3306
2609 2 2 4 267 219 218 3301
2610 2 2 4 267 218 221 3301
2611 2 2 4 267 221 218 3304
2612 2 2 4 267 219 220 3300
2613 2 2 4 267 220 219 3301
2614 2 2 4 267 221 220 3301
2615 2 2 4 267 222 221 3304
2616 2 2 4 267 223 222 3306
2617 2 2 4 267 224 223 3305
2618 2 2 4 267 225 224 3303
2619 2 2 4 267 226 225 3302
2620 2 2 10 268 87 34 33
2621 2 2 10 268 33 36 85
2622 2 2 10 268 33 85 87
2623 2 2 10 268 34 3307 35
2624 2 2 10 268 795 34 87
2625 2 2 10 268 795 3307 34
2626 2 2 10 268 85 36 35
2627 2 2 10 268 85 35 792
2628 2 2 10 268 35 3307 792
2629 2 2 10 268 57 107 58
2630 2 2 10 268 60 107 57
2631 2 2 10 268 58 3308 59
2632 2 2 10 268 58 107 863
2633 2 2 10 268 863 3308 58
2634 2 2 10 268 59 106 60
2635 2 2 10 268 59 862 106
2636 2 2 10 268 59 3308 862
2637 2 2 10 268 106 107 60
2638 2 2 10 268 796 91 89
2639 2 2 10 268 89 91 799
2640 2 2 10 268 796 89 791
2641 2 2 10 268 926 89 799
2642 2 2 10 268 93 120 804
2643 2 2 10 268 810 120 93
2644 2 2 10 268 94 119 805
2645 2 2 10 268 811 119 94
2646 2 2 10 268 95 118 816
2647 2 2 10 268 822 118 95
2648 2 2 10 268 96 117 817
2649 2 2 10 268 823 117 96
2650 2 2 10 268 97 116 828
2651 2 2 10 268 834 116 97
2652 2 2 10 268 98 115 829
2653 2 2 10 268 835 115 98
2654 2 2 10 268 99 114 840
2655 2 2 10 268 99 3343 114
2656 2 2 10 268 842 3343 99
2657 2 2 10 268 843 113 100
2658 2 2 10 268 113 3344 100
2659 2 2 10 268 100 3344 841
2660 2 2 10 268 880 112 101
2661 2 2 10 268 101 112 882
2662 2 2 10 268 101 882 843
2663 2 2 10 268 845 880 101
2664 2 2 10 268 102 111 844
2665 2 2 10 268 846 111 102
2666 2 2 10 268 103 110 850
2667 2 2 10 268 855 110 103
2668 2 2 10 268 104 109 851
2669 2 2 10 268 856 109 104
2670 2 2 10 268 105 108 860
2671 2 2 10 268 861 108 105
2672 2 2 10 268 860 108 865
2673 2 2 10 268 864 108 861
2674 2 2 10 268 851 109 874
2675 2 2 10 268 869 109 856
2676 2 2 10 268 850 110 875
2677 2 2 10 268 870 110 855
2678 2 2 10 268 844 111 881
2679 2 2 10 268 879 111 846
2680 2 2 10 268 882 113 843
2681 2 2 10 268 884 3344 113
2682 2 2 10 268 114 885 840
2683 2 2 10 268 114 3343 883
2684 2 2 10 268 829 115 896
2685 2 2 10 268 835 890 115
2686 2 2 10 268 828 116 897
2687 2 2 10 268 834 891 116
2688 2 2 10 268 817 117 908
2689 2 2 10 268 902 117 823
2690 2 2 10 268 816 118 909
2691 2 2 10 268 903 118 822
2692 2 2 10 268 805 119 920
2693 2 2 10 268 914 119 811
2694 2 2 10 268 804 120 921
2695 2 2 10 268 915 120 810
2696 2 2 10 268 792 3342 791
2697 2 2 10 268 791 3342 796
2698 2 2 10 268 3307 3342 792
2699 2 2 10 268 796 3342 795
2700 2 2 10 268 795 3342 3307
2701 2 2 10 268 799 800 926
2702 2 2 10 268 801 3322 800
2703 2 2 10 268 926 800 925
2704 2 2 10 268 800 3322 925
2705 2 2 10 268 802 3311 801
2706 2 2 10 268 801 3311 924
2707 2 2 10 268 924 3322 801
2708 2 2 10 268 803 3326 802
2709 2 2 10 268 923 3311 802
2710 2 2 10 268 802 3326 923
2711 2 2 10 268 803 804 921
2712 2 2 10 268 922 803 921
2713 2 2 10 268 922 3326 803
2714 2 2 10 268 920 806 805
2715 2 2 10 268 806 3333 807
2716 2 2 10 268 919 806 920
2717 2 2 10 268 919 3333 806
2718 2 2 10 268 807 3315 808
2719 2 2 10 268 918 3315 807
2720 2 2 10 268 807 3333 918
2721 2 2 10 268 808 3330 809
2722 2 2 10 268 808 3315 917
2723 2 2 10 268 917 3330 808
2724 2 2 10 268 810 809 915
2725 2 2 10 268 915 809 916
2726 2 2 10 268 809 3330 916
2727 2 2 10 268 914 811 812
2728 2 2 10 268 813 3323 812
2729 2 2 10 268 914 812 913
2730 2 2 10 268 812 3323 913
2731 2 2 10 268 814 3309 813
2732 2 2 10 268 813 3309 912
2733 2 2 10 268 912 3323 813
2734 2 2 10 268 815 3327 814
2735 2 2 10 268 911 3309 814
2736 2 2 10 268 814 3327 911
2737 2 2 10 268 909 815 816
2738 2 2 10 268 910 815 909
2739 2 2 10 268 910 3327 815
2740 2 2 10 268 818 817 908
2741 2 2 10 268 818 3334 819
2742 2 2 10 268 907 818 908
2743 2 2 10 268 907 3334 818
2744 2 2 10 268 819 3313 820
2745 2 2 10 268 906 3313 819
2746 2 2 10 268 819 3334 906
2747 2 2 10 268 820 3331 821
2748 2 2 10 268 820 3313 905
2749 2 2 10 268 905 3331 820
2750 2 2 10 268 822 821 903
2751 2 2 10 268 903 821 904
2752 2 2 10 268 821 3331 904
2753 2 2 10 268 902 823 824
2754 2 2 10 268 825 3324 824
2755 2 2 10 268 902 824 901
2756 2 2 10 268 824 3324 901
2757 2 2 10 268 826 3310 825
2758 2 2 10 268 825 3310 900
2759 2 2 10 268 900 3324 825
2760 2 2 10 268 827 3328 826
2761 2 2 10 268 899 3310 826
2762 2 2 10 268 826 3328 899
2763 2 2 10 268 897 827 828
2764 2 2 10 268 898 827 897
2765 2 2 10 268 898 3328 827
2766 2 2 10 268 830 829 896
2767 2 2 10 268 830 3335 831
2768 2 2 10 268 895 830 896
2769 2 2 10 268 895 3335 830
2770 2 2 10 268 831 3314 832
2771 2 2 10 268 894 3314 831
2772 2 2 10 268 831 3335 894
2773 2 2 10 268 832 3332 833
2774 2 2 10 268 832 3314 893
2775 2 2 10 268 893 3332 832
2776 2 2 10 268 833 891 834
2777 2 2 10 268 833 892 891
2778 2 2 10 268 833 3332 892
2779 2 2 10 268 836 890 835
2780 2 2 10 268 837 3325 836
2781 2 2 10 268 889 890 836
2782 2 2 10 268 836 3325 889
2783 2 2 10 268 838 3312 837
2784 2 2 10 268 837 3312 888
2785 2 2 10 268 888 3325 837
2786 2 2 10 268 839 3329 838
2787 2 2 10 268 887 3312 838
2788 2 2 10 268 838 3329 887
2789 2 2 10 268 840 885 839
2790 2 2 10 268 885 886 839
2791 2 2 10 268 886 3329 839
2792 2 2 10 268 841 884 842
2793 2 2 10 268 841 3344 884
2794 2 2 10 268 842 884 883
2795 2 2 10 268 883 3343 842
2796 2 2 10 268 844 881 845
2797 2 2 10 268 845 881 880
2798 2 2 10 268 847 3340 846
2799 2 2 10 268 846 3340 879
2800 2 2 10 268 848 3320 847
2801 2 2 10 268 847 3320 878
2802 2 2 10 268 878 3340 847
2803 2 2 10 268 849 3318 848
2804 2 2 10 268 848 3318 877
2805 2 2 10 268 877 3320 848
2806 2 2 10 268 850 3338 849
2807 2 2 10 268 876 3318 849
2808 2 2 10 268 849 3338 876
2809 2 2 10 268 875 3338 850
2810 2 2 10 268 851 3336 852
2811 2 2 10 268 874 3336 851
2812 2 2 10 268 852 3317 853
2813 2 2 10 268 873 3317 852
2814 2 2 10 268 852 3336 873
2815 2 2 10 268 853 3316 854
2816 2 2 10 268 872 3316 853
2817 2 2 10 268 853 3317 872
2818 2 2 10 268 854 3337 855
2819 2 2 10 268 854 3316 871
2820 2 2 10 268 871 3337 854
2821 2 2 10 268 855 3337 870
2822 2 2 10 268 857 3341 856
2823 2 2 10 268 856 3341 869
2824 2 2 10 268 858 3321 857
2825 2 2 10 268 857 3321 868
2826 2 2 10 268 868 3341 857
2827 2 2 10 268 859 3319 858
2828 2 2 10 268 858 3319 867
2829 2 2 10 268 867 3321 858
2830 2 2 10 268 860 3339 859
2831 2 2 10 268 866 3319 859
2832 2 2 10 268 859 3339 866
2833 2 2 10 268 865 3339 860
2834 2 2 10 268 862 864 861
2835 2 2 10 268 862 3308 864
2836 2 2 10 268 864 3308 863
2837 2 2 10 268 866 3339 865
2838 2 2 10 268 867 3319 866
2839 2 2 10 268 868 3321 867
2840 2 2 10 268 869 3341 868
2841 2 2 10 268 870 3337 871
2842 2 2 10 268 871 3316 872
2843 2 2 10 268 872 3317 873
2844 2 2 10 268 873 3336 874
2845 2 2 10 268 876 3338 875
2846 2 2 10 268 877 3318 876
2847 2 2 10 268 878 3320 877
2848 2 2 10 268 879 3340 878
2849 2 2 10 268 887 3329 886
2850 2 2 10 268 888 3312 887
2851 2 2 10 268 889 3325 888
2852 2 2 10 268 892 3332 893
2853 2 2 10 268 893 3314 894
2854 2 2 10 268 894 3335 895
2855 2 2 10 268 899 3328 898
2856 2 2 10 268 900 3310 899
2857 2 2 10 268 901 3324 900
2858 2 2 10 268 904 3331 905
2859 2 2 10 268 905 3313 906
2860 2 2 10 268 906 3334 907
2861 2 2 10 268 911 3327 910
2862 2 2 10 268 912 3309 911
2863 2 2 10 268 913 3323 912
2864 2 2 10 268 916 3330 917
2865 2 2 10 268 917 3315 918
2866 2 2 10 268 918 3333 919
2867 2 2 10 268 923 3326 922
2868 2 2 10 268 924 3311 923
2869 2 2 10 268 925 3322 924
2870 2 2 8 269 21 30 22
2871 2 2 8 269 30 21 248
2872 2 2 8 269 22 32 23
2873 2 2 8 269 30 31 22
2874 2 2 8 269 31 32 22
2875 2 2 8 269 247 23 28
2876 2 2 8 269 28 23 3346
2877 2 2 8 269 23 32 3346
2878 2 2 8 269 245 23 247
2879 2 2 8 269 24 245 27
2880 2 2 8 269 24 27 3345
2881 2 2 8 269 246 24 3345
2882 2 2 8 269 25 37 26
2883 2 2 8 269 40 37 25
2884 2 2 8 269 40 25 246
2885 2 2 8 269 26 38 27
2886 2 2 8 269 37 38 26
2887 2 2 8 269 27 38 3345
2888 2 2 8 269 245 247 27
2889 2 2 8 269 248 28 3346
2890 2 2 8 269 29 30 248
2891 2 2 8 269 32 29 3346
2892 2 2 8 269 29 248 3346
2893 2 2 8 269 38 39 3345
2894 2 2 8 269 39 40 246
2895 2 2 8 269 39 246 3345
2896 2 2 12 270 42 41 160
2897 2 2 12 270 1079 41 44
2898 2 2 12 270 41 1078 160
2899 2 2 12 270 1079 1078 41
2900 2 2 12 270 42 160 43
2901 2 2 12 270 43 161 44
2902 2 2 12 270 43 160 161
2903 2 2 12 270 44 161 1079
2904 2 2 12 270 49 149 50
2905 2 2 12 270 52 3347 49
2906 2 2 12 270 1056 149 49
2907 2 2 12 270 49 3347 1056
2908 2 2 12 270 50 149 51
2909 2 2 12 270 151 52 51
2910 2 2 12 270 51 149 151
2911 2 2 12 270 151 1059 52
2912 2 2 12 270 1059 3347 52
2913 2 2 12 270 155 153 1060
2914 2 2 12 270 1063 153 155
2915 2 2 12 270 1060 153 1055
2916 2 2 12 270 1094 153 1063
2917 2 2 12 270 164 1067 157
2918 2 2 12 270 157 1072 164
2919 2 2 12 270 163 1068 158
2920 2 2 12 270 158 1073 163
2921 2 2 12 270 1077 159 162
2922 2 2 12 270 159 3354 162
2923 2 2 12 270 1078 3354 159
2924 2 2 12 270 1080 1077 162
2925 2 2 12 270 162 3354 1079
2926 2 2 12 270 1089 1068 163
2927 2 2 12 270 163 1073 1084
2928 2 2 12 270 1090 1067 164
2929 2 2 12 270 164 1072 1085
2930 2 2 12 270 1056 3347 1055
2931 2 2 12 270 1055 1059 1060
2932 2 2 12 270 1055 3347 1059
2933 2 2 12 270 1064 3360 1063
2934 2 2 12 270 1063 3360 1094
2935 2 2 12 270 1065 3352 1064
2936 2 2 12 270 1064 3352 1093
2937 2 2 12 270 1093 3360 1064
2938 2 2 12 270 1066 3351 1065
2939 2 2 12 270 1065 3351 1092
2940 2 2 12 270 1092 3352 1065
2941 2 2 12 270 1067 3357 1066
2942 2 2 12 270 1091 3351 1066
2943 2 2 12 270 1066 3357 1091
2944 2 2 12 270 1090 3357 1067
2945 2 2 12 270 1068 3355 1069
2946 2 2 12 270 1089 3355 1068
2947 2 2 12 270 1069 3349 1070
2948 2 2 12 270 1088 3349 1069
2949 2 2 12 270 1069 3355 1088
2950 2 2 12 270 1070 3348 1071
2951 2 2 12 270 1087 3348 1070
2952 2 2 12 270 1070 3349 1087
2953 2 2 12 270 1071 3356 1072
2954 2 2 12 270 1071 3348 1086
2955 2 2 12 270 1086 3356 1071
2956 2 2 12 270 1072 3356 1085
2957 2 2 12 270 1074 3359 1073
2958 2 2 12 270 1073 3359 1084
2959 2 2 12 270 1075 3353 1074
2960 2 2 12 270 1074 3353 1083
2961 2 2 12 270 1083 3359 1074
2962 2 2 12 270 1076 3350 1075
2963 2 2 12 270 1075 3350 1082
2964 2 2 12 270 1082 3353 1075
2965 2 2 12 270 1077 3358 1076
2966 2 2 12 270 1081 3350 1076
2967 2 2 12 270 1076 3358 1081
2968 2 2 12 270 1080 3358 1077
2969 2 2 12 270 1079 3354 1078
2970 2 2 12 270 1081 3358 1080
2971 2 2 12 270 1082 3350 1081
2972 2 2 12 270 1083 3353 1082
2973 2 2 12 270 1084 3359 1083
2974 2 2 12 270 1085 3356 1086
2975 2 2 12 270 1086 3348 1087
2976 2 2 12 270 1087 3349 1088
2977 2 2 12 270 1088 3355 1089
2978 2 2 12 270 1091 3357 1090
2979 2 2 12 270 1092 3351 1091
2980 2 2 12 270 1093 3352 1092
2981 2 2 12 270 1094 3360 1093
2982 2 2 6 271 46 9 12
2983 2 2 6 271 46 47 9
2984 2 2 6 271 9 47 227
2985 2 2 6 271 11 10 3362
2986 2 2 6 271 10 233 3362
2987 2 2 6 271 234 11 3362
2988 2 2 6 271 45 46 12
2989 2 2 6 271 48 45 12
2990 2 2 6 271 240 48 12
2991 2 2 6 271 47 48 3361
2992 2 2 6 271 227 47 3361
2993 2 2 6 271 48 240 3361
2994 2 2 6 271 228 227 3364
2995 2 2 6 271 240 227 3361
2996 2 2 6 271 227 240 3364
2997 2 2 6 271 229 228 3365
2998 2 2 6 271 239 228 3364
2999 2 2 6 271 228 239 3365
3000 2 2 6 271 230 229 3368
3001 2 2 6 271 238 229 3365
3002 2 2 6 271 229 238 3368
3003 2 2 6 271 231 230 3367
3004 2 2 6 271 230 237 3367
3005 2 2 6 271 237 230 3368
3006 2 2 6 271 232 231 3366
3007 2 2 6 271 231 236 3366
3008 2 2 6 271 236 231 3367
3009 2 2 6 271 233 232 3363
3010 2 2 6 271 232 235 3363
3011 2 2 6 271 235 232 3366
3012 2 2 6 271 233 234 3362
3013 2 2 6 271 234 233 3363
3014 2 2 6 271 235 234 3363
3015 2 2 6 271 236 235 3366
3016 2 2 6 271 237 236 3367
3017 2 2 6 271 238 237 3368
3018 2 2 6 271 239 238 3365
3019 2 2 6 271 240 239 3364
3020 2 2 20 272 206 3369 205
3021 2 2 20 272 205 3369 212
3022 2 2 20 272 211 3369 206
3023 2 2 20 272 212 3369 211
3024 2 2 21 273 208 3370 207
3025 2 2 21 273 207 3370 210
3026 2 2 21 273 209 3370 208
3027 2 2 21 273 210 3370 209
3028 2 2 5 274 3 1 3376
3029 2 2 5 274 1 1275 3376
3030 2 2 5 274 213 3 3376
3031 2 2 5 274 205 4 3375
3032 2 2 5 274 4 219 3375
3033 2 2 5 274 1281 205 3375
3034 2 2 5 274 214 213 3378
3035 2 2 5 274 1275 213 3376
3036 2 2 5 274 213 1275 3378
3037 2 2 5 274 215 214 3374
3038 2 2 5 274 214 1276 3374
3039 2 2 5 274 1276 214 3378
3040 2 2 5 274 216 215 3372
3041 2 2 5 274 215 1277 3372
3042 2 2 5 274 1277 215 3374
3043 2 2 5 274 217 216 3371
3044 2 2 5 274 216 1278 3371
3045 2 2 5 274 1278 216 3372
3046 2 2 5 274 218 217 3373
3047 2 2 5 274 1279 217 3371
3048 2 2 5 274 217 1279 3373
3049 2 2 5 274 219 218 3377
3050 2 2 5 274 1280 218 3373
3051 2 2 5 274 218 1280 3377
3052 2 2 5 274 219 1281 3375
3053 2 2 5 274 1281 219 3377
3054 2 2 5 274 1275 1276 3378
3055 2 2 5 274 1276 1277 3374
3056 2 2 5 274 1277 1278 3372
3057 2 2 5 274 1278 1279 3371
3058 2 2 5 274 1279 1280 3373
3059 2 2 5 274 1280 1281 3377
3060 2 2 5 275 5 4 3379
3061 2 2 5 275 4 205 3379
3062 2 2 5 275 206 5 3379
3063 2 2 5 275 205 206 3379
3064 2 2 5 276 2 6 3385
3065 2 2 5 276 1288 2 3385
3066 2 2 5 276 5 206 3384
3067 2 2 5 276 220 5 3384
3068 2 2 5 276 6 226 3385
3069 2 2 5 276 206 1282 3384
3070 2 2 5 276 221 220 3386
3071 2 2 5 276 1282 220 3384
3072 2 2 5 276 220 1282 3386
3073 2 2 5 276 222 221 3383
3074 2 2 5 276 221 1283 3383
3075 2 2 5 276 1283 221 3386
3076 2 2 5 276 223 222 3381
3077 2 2 5 276 222 1284 3381
3078 2 2 5 276 1284 222 3383
3079 2 2 5 276 224 223 3380
3080 2 2 5 276 223 1285 3380
3081 2 2 5 276 1285 223 3381
3082 2 2 5 276 225 224 3382
3083 2 2 5 276 1286 224 3380
3084 2 2 5 276 224 1286 3382
3085 2 2 5 276 226 225 3387
3086 2 2 5 276 1287 225 3382
3087 2 2 5 276 225 1287 3387
3088 2 2 5 276 226 1288 3385
3089 2 2 5 276 1288 226 3387
3090 2 2 5 276 1282 1283 3386
3091 2 2 5 276 1283 1284 3383
3092 2 2 5 276 1284 1285 3381
3093 2 2 5 276 1285 1286 3380
3094 2 2 5 276 1286 1287 3382
3095 2 2 5 276 1287 1288 3387
3096 2 2 4 277 1 2 3389
3097 2 2 4 277 1275 1 3389
3098 2 2 4 277 2 1288 3389
3099 2 2 4 277 206 205 3388
3100 2 2 4 277 205 1281 3388
3101 2 2 4 277 1282 206 3388
3102 2 2 4 277 1276 1275 3391
3103 2 2 4 277 1288 1275 3389
3104 2 2 4 277 1275 1288 3391
3105 2 2 4 277 1277 1276 3392
3106 2 2 4 277 1287 1276 3391
3107 2 2 4 277 1276 1287 3392
3108 2 2 4 277 1278 1277 3394
3109 2 2 4 277 1286 1277 3392
3110 2 2 4 277 1277 1286 3394
3111 2 2 4 277 1279 1278 3395
3112 2 2 4 277 1285 1278 3394
3113 2 2 4 277 1278 1285 3395
3114 2 2 4 277 1280 1279 3393
3115 2 2 4 277 1279 1284 3393
3116 2 2 4 277 1284 1279 3395
3117 2 2 4 277 1281 1280 3390
3118 2 2 4 277 1280 1283 3390
3119 2 2 4 277 1283 1280 3393
3120 2 2 4 277 1281 1282 3388
3121 2 2 4 277 1282 1281 3390
3122 2 2 4 277 1283 1282 3390
3123 2 2 4 277 1284 1283 3393
3124 2 2 4 277 1285 1284 3395
3125 2 2 4 277 1286 1285 3394
3126 2 2 4 277 1287 1286 3392
3127 2 2 4 277 1288 1287 3391
3128 2 2 7 278 9 7 3401
3129 2 2 7 278 7 1289 3401
3130 2 2 7 278 227 9 3401
3131 2 2 7 278 207 10 3400
3132 2 2 7 278 10 233 3400
3133 2 2 7 278 1295 207 3400
3134 2 2 7 278 228 227 3403
3135 2 2 7 278 1289 227 3401
3136 2 2 7 278 227 1289 3403
3137 2 2 7 278 229 228 3399
3138 2 2 7 278 228 1290 3399
3139 2 2 7 278 1290 228 3403
3140 2 2 7 278 230 229 3397
3141 2 2 7 278 229 1291 3397
3142 2 2 7 278 1291 229 3399
3143 2 2 7 278 231 230 3396
3144 2 2 7 278 230 1292 3396
3145 2 2 7 278 1292 230 3397
3146 2 2 7 278 232 231 3398
3147 2 2 7 278 1293 231 3396
3148 2 2 7 278 231 1293 3398
3149 2 2 7 278 233 232 3402
3150 2 2 7 278 1294 232 3398
3151 2 2 7 278 232 1294 3402
3152 2 2 7 278 233 1295 3400
3153 2 2 7 278 1295 233 3402
3154 2 2 7 278 1289 1290 3403
3155 2 2 7 278 1290 1291 3399
3156 2 2 7 278 1291 1292 3397
3157 2 2 7 278 1292 1293 3396
3158 2 2 7 278 1293 1294 3398
3159 2 2 7 278 1294 1295 3402
3160 2 2 7 279 11 10 3404
3161 2 2 7 279 10 207 3404
3162 2 2 7 279 208 11 3404
3163 2 2 7 279 207 208 3404
3164 2 2 7 280 8 12 3410
3165 2 2 7 280 1302 8 3410
3166 2 2 7 280 11 208 3409
3167 2 2 7 280 234 11 3409
3168 2 2 7 280 12 240 3410
3169 2 2 7 280 208 1296 3409
3170 2 2 7 280 235 234 3411
3171 2 2 7 280 1296 234 3409
3172 2 2 7 280 234 1296 3411
3173 2 2 7 280 236 235 3408
3174 2 2 7 280 235 1297 3408
3175 2 2 7 280 1297 235 3411
3176 2 2 7 280 237 236 3406
3177 2 2 7 280 236 1298 3406
3178 2 2 7 280 1298 236 3408
3179 2 2 7 280 238 237 3405
3180 2 2 7 280 237 1299 3405
3181 2 2 7 280 1299 237 3406
3182 2 2 7 280 239 238 3407
3183 2 2 7 280 1300 238 3405
3184 2 2 7 280 238 1300 3407
3185 2 2 7 280 240 239 3412
3186 2 2 7 280 1301 239 3407
3187 2 2 7 280 239 1301 3412
3188 2 2 7 280 240 1302 3410
3189 2 2 7 280 1302 240 3412
3190 2 2 7 280 1296 1297 3411
3191 2 2 7 280 1297 1298 3408
3192 2 2 7 280 1298 1299 3406
3193 2 2 7 280 1299 1300 3405
3194 2 2 7 280 1300 1301 3407
3195 2 2 7 280 1301 1302 3412
3196 2 2 6 281 7 8 3414
3197 2 2 6 281 1289 7 3414
3198 2 2 6 281 8 1302 3414
3199 2 2 6 281 208 207 3413
3200 2 2 6 281 207 1295 3413
3201 2 2 6 281 1296 208 3413
3202 2 2 6 281 1290 1289 3416
3203 2 2 6 281 1302 1289 3414
3204 2 2 6 281 1289 1302 3416
3205 2 2 6 281 1291 1290 3417
3206 2 2 6 281 1301 1290 3416
3207 2 2 6 281 1290 1301 3417
3208 2 2 6 281 1292 1291 3419
3209 2 2 6 281 1300 1291 3417
3210 2 2 6 281 1291 1300 3419
3211 2 2 6 281 1293 1292 3420
3212 2 2 6 281 1299 1292 3419
3213 2 2 6 281 1292 1299 3420
3214 2 2 6 281 1294 1293 3418
3215 2 2 6 281 1293 1298 3418
3216 2 2 6 281 1298 1293 3420
3217 2 2 6 281 1295 1294 3415
3218 2 2 6 281 1294 1297 3415
3219 2 2 6 281 1297 1294 3418
3220 2 2 6 281 1295 1296 3413
3221 2 2 6 281 1296 1295 3415
3222 2 2 6 281 1297 1296 3415
3223 2 2 6 281 1298 1297 3418
3224 2 2 6 281 1299 1298 3420
3225 2 2 6 281 1300 1299 3419
3226 2 2 6 281 1301 1300 3417
3227 2 2 6 281 1302 1301 3416
3228 2 2 2 282 63 310 3438
3229 2 2 2 282 551 63 3437
3230 2 2 2 282 63 3426 3437
3231 2 2 2 282 3426 63 3438
3232 2 2 2 282 280 64 3431
3233 2 2 2 282 64 633 3429
3234 2 2 2 282 3423 64 3429
3235 2 2 2 282 64 3423 3431
3236 2 2 2 282 75 581 3436
3237 2 2 2 282 582 75 3435
3238 2 2 2 282 75 3425 3435
3239 2 2 2 282 3425 75 3436
3240 2 2 2 282 76 612 3432
3241 2 2 2 282 626 76 3430
3242 2 2 2 282 76 3424 3430
3243 2 2 2 282 3424 76 3432
3244 2 2 2 282 77 613 3428
3245 2 2 2 282 628 77 3421
3246 2 2 2 282 3421 77 3422
3247 2 2 2 282 3422 77 3428
3248 2 2 2 282 627 212 78
3249 2 2 2 282 212 630 78
3250 2 2 2 282 629 209 79
3251 2 2 2 282 209 632 79
3252 2 2 2 282 80 631 3421
3253 2 2 2 282 646 80 3427
3254 2 2 2 282 80 3421 3422
3255 2 2 2 282 80 3422 3427
3256 2 2 2 282 81 647 3567
3257 2 2 2 282 683 81 3567
3258 2 2 2 282 682 82 3569
3259 2 2 2 282 82 790 3569
3260 2 2 2 282 83 718 3570
3261 2 2 2 282 754 83 3570
3262 2 2 2 282 84 719 3568
3263 2 2 2 282 755 84 3568
3264 2 2 2 282 629 210 209
3265 2 2 2 282 209 210 3492
3266 2 2 2 282 632 209 3492
3267 2 2 2 282 630 211 210
3268 2 2 2 282 210 211 3496
3269 2 2 2 282 629 630 210
3270 2 2 2 282 3492 210 3496
3271 2 2 2 282 630 212 211
3272 2 2 2 282 211 212 3491
3273 2 2 2 282 211 3491 3496
3274 2 2 2 282 212 627 3491
3275 2 2 2 282 281 280 3497
3276 2 2 2 282 280 3431 3497
3277 2 2 2 282 282 281 3442
3278 2 2 2 282 3442 281 3497
3279 2 2 2 282 283 282 3506
3280 2 2 2 282 282 3442 3506
3281 2 2 2 282 284 283 3450
3282 2 2 2 282 3450 283 3506
3283 2 2 2 282 285 284 3513
3284 2 2 2 282 284 3450 3513
3285 2 2 2 282 286 285 3461
3286 2 2 2 282 3461 285 3513
3287 2 2 2 282 287 286 3517
3288 2 2 2 282 286 3461 3517
3289 2 2 2 282 288 287 3467
3290 2 2 2 282 3467 287 3517
3291 2 2 2 282 289 288 3525
3292 2 2 2 282 288 3467 3525
3293 2 2 2 282 290 289 3473
3294 2 2 2 282 3473 289 3525
3295 2 2 2 282 291 290 3527
3296 2 2 2 282 290 3473 3527
3297 2 2 2 282 292 291 3480
3298 2 2 2 282 3480 291 3527
3299 2 2 2 282 293 292 3535
3300 2 2 2 282 292 3480 3535
3301 2 2 2 282 294 293 3486
3302 2 2 2 282 3486 293 3535
3303 2 2 2 282 295 294 3493
3304 2 2 2 282 294 3486 3493
3305 2 2 2 282 296 295 3493
3306 2 2 2 282 297 296 3488
3307 2 2 2 282 3488 296 3493
3308 2 2 2 282 298 297 3534
3309 2 2 2 282 297 3488 3534
3310 2 2 2 282 299 298 3482
3311 2 2 2 282 3482 298 3534
3312 2 2 2 282 300 299 3530
3313 2 2 2 282 299 3482 3530
3314 2 2 2 282 301 300 3477
3315 2 2 2 282 3477 300 3530
3316 2 2 2 282 302 301 3523
3317 2 2 2 282 301 3477 3523
3318 2 2 2 282 303 302 3470
3319 2 2 2 282 3470 302 3523
3320 2 2 2 282 304 303 3519
3321 2 2 2 282 303 3470 3519
3322 2 2 2 282 305 304 3465
3323 2 2 2 282 3465 304 3519
3324 2 2 2 282 306 305 3510
3325 2 2 2 282 305 3465 3510
3326 2 2 2 282 307 306 3452
3327 2 2 2 282 3452 306 3510
3328 2 2 2 282 308 307 3504
3329 2 2 2 282 307 3452 3504
3330 2 2 2 282 309 308 3445
3331 2 2 2 282 3445 308 3504
3332 2 2 2 282 310 309 3501
3333 2 2 2 282 309 3445 3501
3334 2 2 2 282 3438 310 3501
3335 2 2 2 282 552 551 3499
3336 2 2 2 282 551 3437 3499
3337 2 2 2 282 553 552 3444
3338 2 2 2 282 3444 552 3499
3339 2 2 2 282 554 553 3508
3340 2 2 2 282 553 3444 3508
3341 2 2 2 282 555 554 3454
3342 2 2 2 282 3454 554 3508
3343 2 2 2 282 556 555 3511
3344 2 2 2 282 555 3454 3511
3345 2 2 2 282 557 556 3464
3346 2 2 2 282 3464 556 3511
3347 2 2 2 282 558 557 3518
3348 2 2 2 282 557 3464 3518
3349 2 2 2 282 559 558 3469
3350 2 2 2 282 3469 558 3518
3351 2 2 2 282 560 559 3524
3352 2 2 2 282 559 3469 3524
3353 2 2 2 282 561 560 3476
3354 2 2 2 282 3476 560 3524
3355 2 2 2 282 562 561 3529
3356 2 2 2 282 561 3476 3529
3357 2 2 2 282 563 562 3484
3358 2 2 2 282 3484 562 3529
3359 2 2 2 282 564 563 3537
3360 2 2 2 282 563 3484 3537
3361 2 2 2 282 565 564 3490
3362 2 2 2 282 3490 564 3537
3363 2 2 2 282 566 565 3495
3364 2 2 2 282 565 3490 3495
3365 2 2 2 282 567 566 3495
3366 2 2 2 282 568 567 3485
3367 2 2 2 282 3485 567 3495
3368 2 2 2 282 569 568 3538
3369 2 2 2 282 568 3485 3538
3370 2 2 2 282 570 569 3479
3371 2 2 2 282 3479 569 3538
3372 2 2 2 282 571 570 3532
3373 2 2 2 282 570 3479 3532
3374 2 2 2 282 572 571 3475
3375 2 2 2 282 3475 571 3532
3376 2 2 2 282 573 572 3521
3377 2 2 2 282 572 3475 3521
3378 2 2 2 282 574 573 3472
3379 2 2 2 282 3472 573 3521
3380 2 2 2 282 575 574 3515
3381 2 2 2 282 574 3472 3515
3382 2 2 2 282 576 575 3463
3383 2 2 2 282 3463 575 3515
3384 2 2 2 282 577 576 3514
3385 2 2 2 282 576 3463 3514
3386 2 2 2 282 578 577 3449
3387 2 2 2 282 3449 577 3514
3388 2 2 2 282 579 578 3505
3389 2 2 2 282 578 3449 3505
3390 2 2 2 282 580 579 3441
3391 2 2 2 282 3441 579 3505
3392 2 2 2 282 581 580 3502
3393 2 2 2 282 580 3441 3502
3394 2 2 2 282 3436 581 3502
3395 2 2 2 282 583 582 3498
3396 2 2 2 282 582 3435 3498
3397 2 2 2 282 584 583 3443
3398 2 2 2 282 3443 583 3498
3399 2 2 2 282 585 584 3507
3400 2 2 2 282 584 3443 3507
3401 2 2 2 282 586 585 3451
3402 2 2 2 282 3451 585 3507
3403 2 2 2 282 587 586 3512
3404 2 2 2 282 586 3451 3512
3405 2 2 2 282 588 587 3462
3406 2 2 2 282 3462 587 3512
3407 2 2 2 282 589 588 3516
3408 2 2 2 282 588 3462 3516
3409 2 2 2 282 590 589 3468
3410 2 2 2 282 3468 589 3516
3411 2 2 2 282 591 590 3526
3412 2 2 2 282 590 3468 3526
3413 2 2 2 282 592 591 3474
3414 2 2 2 282 3474 591 3526
3415 2 2 2 282 593 592 3528
3416 2 2 2 282 592 3474 3528
3417 2 2 2 282 594 593 3481
3418 2 2 2 282 3481 593 3528
3419 2 2 2 282 595 594 3536
3420 2 2 2 282 594 3481 3536
3421 2 2 2 282 596 595 3487
3422 2 2 2 282 3487 595 3536
3423 2 2 2 282 597 596 3494
3424 2 2 2 282 596 3487 3494
3425 2 2 2 282 598 597 3494
3426 2 2 2 282 599 598 3489
3427 2 2 2 282 3489 598 3494
3428 2 2 2 282 600 599 3533
3429 2 2 2 282 599 3489 3533
3430 2 2 2 282 601 600 3483
3431 2 2 2 282 3483 600 3533
3432 2 2 2 282 602 601 3531
3433 2 2 2 282 601 3483 3531
3434 2 2 2 282 603 602 3478
3435 2 2 2 282 3478 602 3531
3436 2 2 2 282 604 603 3522
3437 2 2 2 282 603 3478 3522
3438 2 2 2 282 605 604 3471
3439 2 2 2 282 3471 604 3522
3440 2 2 2 282 606 605 3520
3441 2 2 2 282 605 3471 3520
3442 2 2 2 282 607 606 3466
3443 2 2 2 282 3466 606 3520
3444 2 2 2 282 608 607 3509
3445 2 2 2 282 607 3466 3509
3446 2 2 2 282 609 608 3453
3447 2 2 2 282 3453 608 3509
3448 2 2 2 282 610 609 3503
3449 2 2 2 282 609 3453 3503
3450 2 2 2 282 611 610 3446
3451 2 2 2 282 3446 610 3503
3452 2 2 2 282 612 611 3500
3453 2 2 2 282 611 3446 3500
3454 2 2 2 282 3432 612 3500
3455 2 2 2 282 613 614 3545
3456 2 2 2 282 3428 613 3545
3457 2 2 2 282 614 615 3457
3458 2 2 2 282 614 3457 3545
3459 2 2 2 282 615 616 3551
3460 2 2 2 282 3457 615 3551
3461 2 2 2 282 616 617 3460
3462 2 2 2 282 616 3460 3551
3463 2 2 2 282 617 618 3549
3464 2 2 2 282 3460 617 3549
3465 2 2 2 282 618 619 3455
3466 2 2 2 282 618 3455 3549
3467 2 2 2 282 619 620 3548
3468 2 2 2 282 3455 619 3548
3469 2 2 2 282 620 621 3448
3470 2 2 2 282 620 3448 3548
3471 2 2 2 282 621 622 3543
3472 2 2 2 282 3448 621 3543
3473 2 2 2 282 622 623 3440
3474 2 2 2 282 622 3440 3543
3475 2 2 2 282 623 624 3542
3476 2 2 2 282 3440 623 3542
3477 2 2 2 282 624 625 3434
3478 2 2 2 282 624 3434 3542
3479 2 2 2 282 625 626 3540
3480 2 2 2 282 3434 625 3540
3481 2 2 2 282 626 3430 3540
3482 2 2 2 282 627 628 3491
3483 2 2 2 282 628 3421 3491
3484 2 2 2 282 631 632 3492
3485 2 2 2 282 3421 631 3492
3486 2 2 2 282 633 634 3539
3487 2 2 2 282 3429 633 3539
3488 2 2 2 282 634 635 3433
3489 2 2 2 282 634 3433 3539
3490 2 2 2 282 635 636 3541
3491 2 2 2 282 3433 635 3541
3492 2 2 2 282 636 637 3439
3493 2 2 2 282 636 3439 3541
3494 2 2 2 282 637 638 3544
3495 2 2 2 282 3439 637 3544
3496 2 2 2 282 638 639 3447
3497 2 2 2 282 638 3447 3544
3498 2 2 2 282 639 640 3547
3499 2 2 2 282 3447 639 3547
3500 2 2 2 282 640 641 3456
3501 2 2 2 282 640 3456 3547
3502 2 2 2 282 641 642 3550
3503 2 2 2 282 3456 641 3550
3504 2 2 2 282 642 643 3459
3505 2 2 2 282 642 3459 3550
3506 2 2 2 282 643 644 3552
3507 2 2 2 282 3459 643 3552
3508 2 2 2 282 644 645 3458
3509 2 2 2 282 644 3458 3552
3510 2 2 2 282 645 646 3546
3511 2 2 2 282 3458 645 3546
3512 2 2 2 282 646 3427 3546
3513 2 2 2 282 647 648 3426
3514 2 2 2 282 647 3426 3567
3515 2 2 2 282 648 649 3557
3516 2 2 2 282 3426 648 3557
3517 2 2 2 282 649 650 3437
3518 2 2 2 282 649 3437 3557
3519 2 2 2 282 650 651 3564
3520 2 2 2 282 3437 650 3564
3521 2 2 2 282 651 652 3444
3522 2 2 2 282 651 3444 3564
3523 2 2 2 282 652 653 3454
3524 2 2 2 282 3444 652 3508
3525 2 2 2 282 652 3454 3508
3526 2 2 2 282 653 654 3454
3527 2 2 2 282 654 655 3464
3528 2 2 2 282 3454 654 3511
3529 2 2 2 282 654 3464 3511
3530 2 2 2 282 655 656 3464
3531 2 2 2 282 656 657 3469
3532 2 2 2 282 3464 656 3518
3533 2 2 2 282 656 3469 3518
3534 2 2 2 282 657 658 3469
3535 2 2 2 282 658 659 3476
3536 2 2 2 282 3469 658 3524
3537 2 2 2 282 658 3476 3524
3538 2 2 2 282 659 660 3476
3539 2 2 2 282 660 661 3484
3540 2 2 2 282 3476 660 3529
3541 2 2 2 282 660 3484 3529
3542 2 2 2 282 661 662 3484
3543 2 2 2 282 662 663 3490
3544 2 2 2 282 3484 662 3537
3545 2 2 2 282 662 3490 3537
3546 2 2 2 282 663 664 3490
3547 2 2 2 282 664 665 3495
3548 2 2 2 282 3490 664 3495
3549 2 2 2 282 665 666 3485
3550 2 2 2 282 665 3485 3495
3551 2 2 2 282 666 667 3485
3552 2 2 2 282 667 668 3479
3553 2 2 2 282 667 3479 3538
3554 2 2 2 282 3485 667 3538
3555 2 2 2 282 668 669 3479
3556 2 2 2 282 669 670 3475
3557 2 2 2 282 669 3475 3532
3558 2 2 2 282 3479 669 3532
3559 2 2 2 282 670 671 3475
3560 2 2 2 282 671 672 3472
3561 2 2 2 282 671 3472 3521
3562 2 2 2 282 3475 671 3521
3563 2 2 2 282 672 673 3472
3564 2 2 2 282 673 674 3463
3565 2 2 2 282 673 3463 3515
3566 2 2 2 282 3472 673 3515
3567 2 2 2 282 674 675 3463
3568 2 2 2 282 675 676 3449
3569 2 2 2 282 675 3449 3514
3570 2 2 2 282 3463 675 3514
3571 2 2 2 282 676 677 3449
3572 2 2 2 282 677 678 3441
3573 2 2 2 282 677 3441 3505
3574 2 2 2 282 3449 677 3505
3575 2 2 2 282 678 679 3563
3576 2 2 2 282 3441 678 3563
3577 2 2 2 282 679 680 3436
3578 2 2 2 282 679 3436 3563
3579 2 2 2 282 680 681 3554
3580 2 2 2 282 3436 680 3554
3581 2 2 2 282 681 682 3425
3582 2 2 2 282 681 3425 3554
3583 2 2 2 282 3425 682 3569
3584 2 2 2 282 684 683 3426
3585 2 2 2 282 3426 683 3567
3586 2 2 2 282 685 684 3556
3587 2 2 2 282 684 3426 3556
3588 2 2 2 282 686 685 3438
3589 2 2 2 282 3438 685 3556
3590 2 2 2 282 687 686 3565
3591 2 2 2 282 686 3438 3565
3592 2 2 2 282 688 687 3445
3593 2 2 2 282 3445 687 3565
3594 2 2 2 282 689 688 3452
3595 2 2 2 282 688 3445 3504
3596 2 2 2 282 3452 688 3504
3597 2 2 2 282 690 689 3452
3598 2 2 2 282 691 690 3465
3599 2 2 2 282 690 3452 3510
3600 2 2 2 282 3465 690 3510
3601 2 2 2 282 692 691 3465
3602 2 2 2 282 693 692 3470
3603 2 2 2 282 692 3465 3519
3604 2 2 2 282 3470 692 3519
3605 2 2 2 282 694 693 3470
3606 2 2 2 282 695 694 3477
3607 2 2 2 282 694 3470 3523
3608 2 2 2 282 3477 694 3523
3609 2 2 2 282 696 695 3477
3610 2 2 2 282 697 696 3482
3611 2 2 2 282 696 3477 3530
3612 2 2 2 282 3482 696 3530
3613 2 2 2 282 698 697 3482
3614 2 2 2 282 699 698 3488
3615 2 2 2 282 698 3482 3534
3616 2 2 2 282 3488 698 3534
3617 2 2 2 282 700 699 3488
3618 2 2 2 282 701 700 3493
3619 2 2 2 282 700 3488 3493
3620 2 2 2 282 702 701 3486
3621 2 2 2 282 3486 701 3493
3622 2 2 2 282 703 702 3486
3623 2 2 2 282 704 703 3480
3624 2 2 2 282 3480 703 3535
3625 2 2 2 282 703 3486 3535
3626 2 2 2 282 705 704 3480
3627 2 2 2 282 706 705 3473
3628 2 2 2 282 3473 705 3527
3629 2 2 2 282 705 3480 3527
3630 2 2 2 282 707 706 3473
3631 2 2 2 282 708 707 3467
3632 2 2 2 282 3467 707 3525
3633 2 2 2 282 707 3473 3525
3634 2 2 2 282 709 708 3467
3635 2 2 2 282 710 709 3461
3636 2 2 2 282 3461 709 3517
3637 2 2 2 282 709 3467 3517
3638 2 2 2 282 711 710 3461
3639 2 2 2 282 712 711 3450
3640 2 2 2 282 3450 711 3513
3641 2 2 2 282 711 3461 3513
3642 2 2 2 282 713 712 3450
3643 2 2 2 282 714 713 3442
3644 2 2 2 282 3442 713 3506
3645 2 2 2 282 713 3450 3506
3646 2 2 2 282 715 714 3561
3647 2 2 2 282 714 3442 3561
3648 2 2 2 282 716 715 3431
3649 2 2 2 282 3431 715 3561
3650 2 2 2 282 717 716 3553
3651 2 2 2 282 716 3431 3553
3652 2 2 2 282 718 717 3423
3653 2 2 2 282 3423 717 3553
3654 2 2 2 282 718 3423 3570
3655 2 2 2 282 719 720 3424
3656 2 2 2 282 719 3424 3568
3657 2 2 2 282 720 721 3560
3658 2 2 2 282 3424 720 3560
3659 2 2 2 282 721 722 3430
3660 2 2 2 282 721 3430 3560
3661 2 2 2 282 722 723 3434
3662 2 2 2 282 3430 722 3540
3663 2 2 2 282 722 3434 3540
3664 2 2 2 282 723 724 3434
3665 2 2 2 282 724 725 3440
3666 2 2 2 282 3434 724 3542
3667 2 2 2 282 724 3440 3542
3668 2 2 2 282 725 726 3440
3669 2 2 2 282 726 727 3448
3670 2 2 2 282 3440 726 3543
3671 2 2 2 282 726 3448 3543
3672 2 2 2 282 727 728 3448
3673 2 2 2 282 728 729 3455
3674 2 2 2 282 3448 728 3548
3675 2 2 2 282 728 3455 3548
3676 2 2 2 282 729 730 3455
3677 2 2 2 282 730 731 3460
3678 2 2 2 282 3455 730 3549
3679 2 2 2 282 730 3460 3549
3680 2 2 2 282 731 732 3460
3681 2 2 2 282 732 733 3457
3682 2 2 2 282 732 3457 3551
3683 2 2 2 282 3460 732 3551
3684 2 2 2 282 733 734 3457
3685 2 2 2 282 734 735 3428
3686 2 2 2 282 734 3428 3545
3687 2 2 2 282 3457 734 3545
3688 2 2 2 282 735 736 3428
3689 2 2 2 282 736 737 3422
3690 2 2 2 282 736 3422 3428
3691 2 2 2 282 737 738 3427
3692 2 2 2 282 3422 737 3427
3693 2 2 2 282 738 739 3427
3694 2 2 2 282 739 740 3458
3695 2 2 2 282 3427 739 3546
3696 2 2 2 282 739 3458 3546
3697 2 2 2 282 740 741 3458
3698 2 2 2 282 741 742 3459
3699 2 2 2 282 3458 741 3552
3700 2 2 2 282 741 3459 3552
3701 2 2 2 282 742 743 3459
3702 2 2 2 282 743 744 3456
3703 2 2 2 282 743 3456 3550
3704 2 2 2 282 3459 743 3550
3705 2 2 2 282 744 745 3456
3706 2 2 2 282 745 746 3447
3707 2 2 2 282 745 3447 3547
3708 2 2 2 282 3456 745 3547
3709 2 2 2 282 746 747 3447
3710 2 2 2 282 747 748 3439
3711 2 2 2 282 747 3439 3544
3712 2 2 2 282 3447 747 3544
3713 2 2 2 282 748 749 3439
3714 2 2 2 282 749 750 3433
3715 2 2 2 282 749 3433 3541
3716 2 2 2 282 3439 749 3541
3717 2 2 2 282 750 751 3433
3718 2 2 2 282 751 752 3429
3719 2 2 2 282 751 3429 3539
3720 2 2 2 282 3433 751 3539
3721 2 2 2 282 752 753 3559
3722 2 2 2 282 3429 752 3559
3723 2 2 2 282 753 754 3423
3724 2 2 2 282 753 3423 3559
3725 2 2 2 282 3423 754 3570
3726 2 2 2 282 756 755 3424
3727 2 2 2 282 3424 755 3568
3728 2 2 2 282 757 756 3558
3729 2 2 2 282 756 3424 3558
3730 2 2 2 282 758 757 3432
3731 2 2 2 282 3432 757 3558
3732 2 2 2 282 759 758 3566
3733 2 2 2 282 758 3432 3566
3734 2 2 2 282 760 759 3446
3735 2 2 2 282 3446 759 3566
3736 2 2 2 282 761 760 3453
3737 2 2 2 282 760 3446 3503
3738 2 2 2 282 3453 760 3503
3739 2 2 2 282 762 761 3453
3740 2 2 2 282 763 762 3466
3741 2 2 2 282 762 3453 3509
3742 2 2 2 282 3466 762 3509
3743 2 2 2 282 764 763 3466
3744 2 2 2 282 765 764 3471
3745 2 2 2 282 764 3466 3520
3746 2 2 2 282 3471 764 3520
3747 2 2 2 282 766 765 3471
3748 2 2 2 282 767 766 3478
3749 2 2 2 282 766 3471 3522
3750 2 2 2 282 3478 766 3522
3751 2 2 2 282 768 767 3478
3752 2 2 2 282 769 768 3483
3753 2 2 2 282 768 3478 3531
3754 2 2 2 282 3483 768 3531
3755 2 2 2 282 770 769 3483
3756 2 2 2 282 771 770 3489
3757 2 2 2 282 770 3483 3533
3758 2 2 2 282 3489 770 3533
3759 2 2 2 282 772 771 3489
3760 2 2 2 282 773 772 3494
3761 2 2 2 282 772 3489 3494
3762 2 2 2 282 774 773 3487
3763 2 2 2 282 3487 773 3494
3764 2 2 2 282 775 774 3487
3765 2 2 2 282 776 775 3481
3766 2 2 2 282 3481 775 3536
3767 2 2 2 282 775 3487 3536
3768 2 2 2 282 777 776 3481
3769 2 2 2 282 778 777 3474
3770 2 2 2 282 3474 777 3528
3771 2 2 2 282 777 3481 3528
3772 2 2 2 282 779 778 3474
3773 2 2 2 282 780 779 3468
3774 2 2 2 282 3468 779 3526
3775 2 2 2 282 779 3474 3526
3776 2 2 2 282 781 780 3468
3777 2 2 2 282 782 781 3462
3778 2 2 2 282 3462 781 3516
3779 2 2 2 282 781 3468 3516
3780 2 2 2 282 783 782 3462
3781 2 2 2 282 784 783 3451
3782 2 2 2 282 3451 783 3512
3783 2 2 2 282 783 3462 3512
3784 2 2 2 282 785 784 3451
3785 2 2 2 282 786 785 3443
3786 2 2 2 282 3443 785 3507
3787 2 2 2 282 785 3451 3507
3788 2 2 2 282 787 786 3562
3789 2 2 2 282 786 3443 3562
3790 2 2 2 282 788 787 3435
3791 2 2 2 282 3435 787 3562
3792 2 2 2 282 789 788 3555
3793 2 2 2 282 788 3435 3555
3794 2 2 2 282 790 789 3425
3795 2 2 2 282 3425 789 3555
3796 2 2 2 282 790 3425 3569
3797 2 2 2 282 3491 3421 3496
3798 2 2 2 282 3421 3492 3496
3799 2 2 2 282 3423 3429 3559
3800 2 2 2 282 3431 3423 3553
3801 2 2 2 282 3430 3424 3560
3802 2 2 2 282 3424 3432 3558
3803 2 2 2 282 3435 3425 3555
3804 2 2 2 282 3425 3436 3554
3805 2 2 2 282 3437 3426 3557
3806 2 2 2 282 3426 3438 3556
3807 2 2 2 282 3497 3431 3561
3808 2 2 2 282 3432 3500 3566
3809 2 2 2 282 3498 3435 3562
3810 2 2 2 282 3436 3502 3563
3811 2 2 2 282 3499 3437 3564
3812 2 2 2 282 3438 3501 3565
3813 2 2 2 282 3502 3441 3563
3814 2 2 2 282 3442 3497 3561
3815 2 2 2 282 3443 3498 3562
3816 2 2 2 282 3444 3499 3564
3817 2 2 2 282 3501 3445 3565
3818 2 2 2 282 3500 3446 3566
3819 4 2 1 9 35 36 32 1320
3820 4 2 1 9 32 29 1319 3571
3821 4 2 1 9 33 36 1320 3571
3822 4 2 1 9 36 32 1320 3571
3823 4 2 1 9 29 36 33 3571
3824 4 2 1 9 36 29 32 3571
3825 4 2 1 9 32 1320 31 35
3826 4 2 1 9 34 31 1320 35
3827 4 2 1 9 30 31 1320 34
3828 4 2 1 9 1320 33 30 34
3829 4 2 1 9 3571 29 30 33
3830 4 2 1 9 30 29 3571 1319
3831 4 2 1 9 30 1320 3571 33
3832 4 2 1 9 3571 30 31 1320
3833 4 2 1 9 31 30 3571 1319
3834 4 2 1 9 31 32 3571 1320
3835 4 2 1 9 3571 32 31 1319
3836 4 2 1 10 43 42 1322 1321
3837 4 2 1 10 41 44 1322 1321
3838 4 2 1 10 1322 42 41 1321
3839 4 2 1 10 1322 44 43 1321
3840 4 2 1 10 39 42 1321 38
3841 4 2 1 10 44 41 37 1321
3842 4 2 1 10 43 40 1321 44
3843 4 2 1 10 41 38 1321 42
3844 4 2 1 10 37 40 44 1321
3845 4 2 1 10 42 39 1321 43
3846 4 2 1 10 40 43 1321 39
3847 4 2 1 10 41 38 37 1321
3848 4 2 1 11 50 1323 49 1324
3849 4 2 1 11 51 1323 50 1324
3850 4 2 1 11 1323 51 52 1324
3851 4 2 1 11 49 1323 52 1324
3852 4 2 1 11 46 45 49 1323
3853 4 2 1 11 50 1323 46 49
3854 4 2 1 11 1323 49 52 45
3855 4 2 1 11 51 52 48 1323
3856 4 2 1 11 45 48 52 1323
3857 4 2 1 11 50 47 1323 51
3858 4 2 1 11 47 50 1323 46
3859 4 2 1 11 47 51 48 1323
3860 4 2 1 12 1325 53 54 1326
3861 4 2 1 12 1325 56 53 1326
3862 4 2 1 12 1325 54 55 1326
3863 4 2 1 12 1325 55 56 1326
3864 4 2 1 12 58 54 57 1326
3865 4 2 1 12 57 54 53 1326
3866 4 2 1 12 53 60 57 1326
3867 4 2 1 12 59 60 56 1326
3868 4 2 1 12 60 53 56 1326
3869 4 2 1 12 55 58 1326 54
3870 4 2 1 12 58 55 1326 59
3871 4 2 1 12 59 56 55 1326
3872 4 2 14 26 1966 1798 1854 3593
3873 4 2 14 26 1909 1805 2042 3609
3874 4 2 14 26 1928 1998 1816 3627
3875 4 2 14 26 1889 2008 2040 3619
3876 4 2 14 26 1907 1966 3593 3625
3877 4 2 14 26 1966 1854 1907 3593
3878 4 2 14 26 1907 1853 1966 3625
3879 4 2 14 26 1887 2024 2035 3615
3880 4 2 14 26 1914 1957 1821 3597
3881 4 2 14 26 1934 2003 2004 3599
3882 4 2 14 26 2044 1806 1913 3596
3883 4 2 14 26 3572 3632 3574 3633
3884 4 2 14 26 1925 1834 1924 3624
3885 4 2 14 26 1947 1981 1838 3637
3886 4 2 14 26 1852 2016 2039 3586
3887 4 2 14 26 3572 3574 3573 3633
3888 4 2 14 26 1914 1913 1806 3638
3889 4 2 14 26 1790 1787 1793 3572
3890 4 2 14 26 2010 1857 2036 3611
3891 4 2 14 26 1793 3572 1787 3618
3892 4 2 14 26 1970 2007 1818 3592
3893 4 2 14 26 1987 1978 1876 3592
3894 4 2 14 26 1876 1818 2007 3592
3895 4 2 14 26 1880 2048 1922 3604
3896 4 2 14 26 1901 1924 1834 3598
3897 4 2 14 26 1818 1876 1978 3592
3898 4 2 14 26 3572 2064 3632 3633
3899 4 2 14 26 1790 1793 2072 3572
3900 4 2 14 26 1881 1934 2004 3599
3901 4 2 14 26 1938 1993 1887 3615
3902 4 2 14 26 1791 1793 1787 3618
3903 4 2 14 26 1881 1947 1934 3599
3904 4 2 14 26 1861 1892 1894 3643
3905 4 2 14 26 3572 3573 2064 3633
3906 4 2 14 26 1837 2031 1886 3628
3907 4 2 14 26 1934 1947 1838 3620
3908 4 2 14 26 1900 1830 2003 3599
3909 4 2 14 26 1966 1792 1798 3593
3910 4 2 14 26 1889 2008 3619 3631
3911 4 2 14 26 2072 3572 1793 3618
3912 4 2 14 26 1876 1928 1987 3592
3913 4 2 14 26 1920 1914 1821 3610
3914 4 2 14 26 2002 1845 1835 3615
3915 4 2 14 26 1947 3631 1885 3637
3916 4 2 14 26 2007 1970 1855 3592
3917 4 2 14 26 1864 2020 1917 3625
3918 4 2 14 26 1940 2036 1857 3597
3919 4 2 14 26 1849 1874 1923 3624
3920 4 2 14 26 2007 1998 1876 3592
3921 4 2 14 26 2061 1964 1860 3584
3922 4 2 14 26 2003 1934 2027 3620
3923 4 2 14 26 2059 1878 2058 3589
3924 4 2 14 26 1893 1806 2044 3584
3925 4 2 14 26 1944 1840 1933 3604
3926 4 2 14 26 1773 3596 1772 3622
3927 4 2 14 26 1830 2004 2003 3599
3928 4 2 14 26 2025 1856 2010 3610
3929 4 2 14 26 1787 3572 1790 3639
3930 4 2 14 26 1914 3597 1821 3610
3931 4 2 14 26 3574 3632 3622 3633
3932 4 2 14 26 2061 1860 2045 3584
3933 4 2 14 26 1856 2025 1912 3610
3934 4 2 14 26 1893 1964 2061 3584
3935 4 2 14 26 1933 1938 1858 3605
3936 4 2 14 26 1798 1854 3593 3623
3937 4 2 14 26 1943 1929 1803 3616
3938 4 2 14 26 1790 3572 2072 3639
3939 4 2 14 26 1907 1854 2062 3593
3940 4 2 14 26 1834 3598 1924 3624
3941 4 2 14 26 1937 2048 1818 3604
3942 4 2 14 26 2008 2058 1811 3617
3943 4 2 14 26 1932 2025 2010 3611
3944 4 2 14 26 1998 2007 1855 3592
3945 4 2 14 26 1837 1990 2009 3637
3946 4 2 14 26 1788 1798 3593 3623
3947 4 2 14 26 2064 3633 3573 3635
3948 4 2 14 26 1787 1788 3577 3639
3949 4 2 14 26 1772 3622 3596 3632
3950 4 2 14 26 3580 3589 1758 3621
3951 4 2 14 26 2026 2058 1878 3617
3952 4 2 14 26 1863 1821 1957 3597
3953 4 2 14 26 1925 1863 1822 3624
3954 4 2 14 26 2058 2008 2059 3589
3955 4 2 14 26 1742 1747 3586 3640
3956 4 2 14 26 1868 1909 2042 3591
3957 4 2 14 26 1933 1993 1938 3602
3958 4 2 14 26 1787 1790 1788 3639
3959 4 2 14 26 3572 3578 1787 3618
3960 4 2 14 26 1787 3577 3572 3639
3961 4 2 14 26 2036 1932 2010 3611
3962 4 2 14 26 1852 2039 1986 3586
3963 4 2 14 26 1928 1876 1998 3592
3964 4 2 14 26 2008 1811 2040 3617
3965 4 2 14 26 1871 2032 1928 3626
3966 4 2 14 26 1986 1941 1852 3619
3967 4 2 14 26 1818 1978 1937 3604
3968 4 2 14 26 1845 3605 1835 3615
3969 4 2 14 26 1792 1788 1798 3593
3970 4 2 14 26 2045 1893 2061 3584
3971 4 2 14 26 2016 1850 2039 3640
3972 4 2 14 26 2038 1784 1868 1905
3973 4 2 14 26 1985 1951 1891 3634
3974 4 2 14 26 2064 3573 3572 3635
3975 4 2 14 26 1791 2072 1793 3618
3976 4 2 14 26 1970 2048 1880 3607
3977 4 2 14 26 1924 1901 1849 3598
3978 4 2 14 26 1905 1868 2042 3591
3979 4 2 14 26 1809 1996 1888 3600
3980 4 2 14 26 1943 1851 1929 3616
3981 4 2 14 26 2001 1882 1903 3617
3982 4 2 14 26 1857 2013 1940 3597
3983 4 2 14 26 1758 3630 3573 3633
3984 4 2 14 26 1900 1901 1830 3599
3985 4 2 14 26 3596 3622 3574 3632
3986 4 2 14 26 1903 2040 2001 3617
3987 4 2 14 26 2059 1812 1996 3631
3988 4 2 14 26 1944 1933 1858 3605
3989 4 2 14 26 1947 1839 1885 3631
3990 4 2 14 26 1986 1962 1810 3608
3991 4 2 14 26 1758 3580 3573 3589
3992 4 2 14 26 2021 1996 1809 3600
3993 4 2 14 26 1758 3589 3576 3617
3994 4 2 14 26 2067 3622 3632 3633
3995 4 2 14 26 1825 1865 1978 3604
3996 4 2 14 26 2035 1971 1887 3615
3997 4 2 14 26 1892 1806 1893 3584
3998 4 2 14 26 1868 1994 1909 3638
3999 4 2 14 26 1758 1757 1760 3630
4000 4 2 14 26 2067 3632 2064 3633
4001 4 2 14 26 1901 1834 1955 3599
4002 4 2 14 26 1895 1885 3631 3637
4003 4 2 14 26 1908 1854 1945 3623
4004 4 2 14 26 1934 1838 2027 3620
4005 4 2 14 26 1947 1885 1981 3637
4006 4 2 14 26 1914 1806 3614 3638
4007 4 2 14 26 1758 3573 1757 3633
4008 4 2 14 26 1985 2041 1905 3591
4009 4 2 14 26 1788 3593 3577 3623
4010 4 2 14 26 1758 3573 3576 3589
4011 4 2 14 26 1970 3604 2048 3607
4012 4 2 14 26 1742 3586 3585 3640
4013 4 2 14 26 1775 1773 1772 3622
4014 4 2 14 26 1758 1757 3573 3580
4015 4 2 14 26 1758 1757 3630 3633
4016 4 2 14 26 1775 3622 1772 3632
4017 4 2 14 26 1914 3597 3610 3638
4018 4 2 14 26 1868 1905 1784 3601
4019 4 2 14 26 1787 3577 1788 3578
4020 4 2 14 26 1957 1914 1806 3614
4021 4 2 14 26 2021 1878 1996 3589
4022 4 2 14 26 2045 1892 1893 3584
4023 4 2 14 26 1900 1995 1849 3598
4024 4 2 14 26 1844 1931 1942 3629
4025 4 2 14 26 1900 1849 1901 3598
4026 4 2 14 26 1836 2023 1971 3628
4027 4 2 14 26 1900 2003 1896 3620
4028 4 2 14 26 1861 1894 1769 3643
4029 4 2 14 26 1958 1903 1882 3619
4030 4 2 14 26 1842 1905 2041 3601
4031 4 2 14 26 1907 2053 1906 3593
4032 4 2 14 26 1817 1855 1970 3636
4033 4 2 14 26 1893 2044 1859 3584
4034 4 2 14 26 1758 3576 3573 3630
4035 4 2 14 26 1947 1838 3620 3637
4036 4 2 14 26 2012 1804 2062 3593
4037 4 2 14 26 1811 2001 2040 3617
4038 4 2 14 26 2052 2053 1930 3625
4039 4 2 14 26 3572 3577 1787 3578
4040 4 2 14 26 2064 2066 3633 3635
4041 4 2 14 26 1874 1849 1995 3598
4042 4 2 14 26 1864 1866 2020 3625
4043 4 2 14 26 1757 1760 3630 3633
4044 4 2 14 26 1944 1922 1840 3604
4045 4 2 14 26 1775 1778 2071 3632
4046 4 2 14 26 2041 1985 1891 3591
4047 4 2 14 26 3589 3617 1758 3621
4048 4 2 14 26 2012 2062 1908 3606
4049 4 2 14 26 1853 1907 1906 3625
4050 4 2 14 26 1821 2013 1857 3597
4051 4 2 14 26 2055 1889 2040 3619
4052 4 2 14 26 1914 1957 3597 3614
4053 4 2 14 26 1792 3593 1966 3625
4054 4 2 14 26 1980 2026 1878 3617
4055 4 2 14 26 1881 2004 1963 3599
4056 4 2 14 26 1878 2021 1980 3621
4057 4 2 14 26 1788 3578 3577 3593
4058 4 2 14 26 1812 2059 2008 3631
4059 4 2 14 26 3583 3610 3597 3638
4060 4 2 14 26 1892 3584 1894 3643
4061 4 2 14 26 2065 3572 3618 3635
4062 4 2 14 26 2060 1904 1927 3612
4063 4 2 14 26 1918 1892 1861 3643
4064 4 2 14 26 1883 1969 2037 3637
4065 4 2 14 26 1792 1966 1853 3625
4066 4 2 14 26 1792 3578 1788 3593
4067 4 2 14 26 1940 1832 2036 3611
4068 4 2 14 26 1808 3606 1891 3634
4069 4 2 14 26 1772 3591 1774 3632
4070 4 2 14 26 1891 1808 2006 3623
4071 4 2 14 26 1773 3584 3596 3622
4072 4 2 14 26 1874 1995 2043 3641
4073 4 2 14 26 3573 3580 1757 3633
4074 4 2 14 26 1913 3596 1806 3638
4075 4 2 14 26 1777 3591 1774 3596
4076 4 2 14 26 1868 3591 1905 3601
4077 4 2 14 26 1802 1833 2014 3641
4078 4 2 14 26 1870 1805 1909 3609
4079 4 2 14 26 1999 1816 1998 3636
4080 4 2 14 26 1952 1873 1824 3626
4081 4 2 14 26 1922 1944 1813 3605
4082 4 2 14 26 2054 1894 1860 3584
4083 4 2 14 26 1852 2016 3586 3619
4084 4 2 14 26 1953 1873 1952 3642
4085 4 2 14 26 2003 2027 1896 3620
4086 4 2 14 26 1878 2059 1996 3589
4087 4 2 14 26 1886 2035 2024 3602
4088 4 2 14 26 1833 2034 1927 3626
4089 4 2 14 26 1791 1787 1789 3618
4090 4 2 14 26 2022 1938 1887 3615
4091 4 2 14 26 1940 3624 2011 3641
4092 4 2 14 26 1922 1813 1880 3605
4093 4 2 14 26 1775 2071 3622 3632
4094 4 2 14 26 1923 1925 1924 3624
4095 4 2 14 26 1772 1774 3591 3596
4096 4 2 14 26 2064 3572 2065 3635
4097 4 2 14 26 1947 3620 3599 3637
4098 4 2 14 26 1772 1777 1774 3596
4099 4 2 14 26 1744 1742 1747 3586
4100 4 2 14 26 1948 1912 1819 3612
4101 4 2 14 26 1772 3596 3591 3632
4102 4 2 14 26 1784 1905 2038 3601
4103 4 2 14 26 1844 1814 1931 3608
4104 4 2 14 26 1830 1963 2004 3599
4105 4 2 14 26 1787 3578 1789 3618
4106 4 2 14 26 1947 1881 1839 3631
4107 4 2 14 26 1877 1986 2039 3586
4108 4 2 14 26 1856 2063 2010 3610
4109 4 2 14 26 1892 3614 3584 3643
4110 4 2 14 26 1940 2011 1847 3641
4111 4 2 14 26 2020 2017 1917 3625
4112 4 2 14 26 1986 1810 1941 3586
4113 4 2 14 26 1742 3585 3586 3635
4114 4 2 14 26 1837 1886 1989 3602
4115 4 2 14 26 1933 1988 1828 3604
4116 4 2 14 26 1775 1772 1778 3632
4117 4 2 14 26 3581 3583 3579 3603
4118 4 2 14 26 2056 1963 1888 3599
4119 4 2 14 26 2008 1889 2015 3631
4120 4 2 14 26 1937 1922 2048 3604
4121 4 2 14 26 1756 1800 3613 3618
4122 4 2 14 26 2047 1875 1929 3613
4123 4 2 14 26 2046 2016 1852 3619
4124 4 2 14 26 1915 1803 1929 3613
4125 4 2 14 26 1758 1757 3580 3621
4126 4 2 14 26 1914 1920 1827 3610
4127 4 2 14 26 1804 3593 2012 3636
4128 4 2 14 26 1913 1859 2044 3596
4129 4 2 14 26 3574 3622 3580 3633
4130 4 2 14 26 1746 1744 3630 3635
4131 4 2 14 26 1933 1828 1993 3602
4132 4 2 14 26 3594 3602 1837 3620
4133 4 2 14 26 2056 1881 1963 3599
4134 4 2 14 26 2008 3617 2040 3619
4135 4 2 14 26 1864 1799 1866 3625
4136 4 2 14 26 1971 2035 1836 3628
4137 4 2 14 26 1934 3599 1947 3620
4138 4 2 14 26 1745 1743 1742 3635
4139 4 2 14 26 1863 1982 1846 3624
4140 4 2 14 26 1846 1940 2013 3597
4141 4 2 14 26 2044 3584 1806 3596
4142 4 2 14 26 1746 1742 1744 3635
4143 4 2 14 26 1841 2050 2017 3607
4144 4 2 14 26 1904 2025 1932 3611
4145 4 2 14 26 2068 2072 3572 3639
4146 4 2 14 26 1990 1838 1981 3637
4147 4 2 14 26 1982 1863 1925 3624
4148 4 2 14 26 2070 1760 1763 3633
4149 4 2 14 26 2070 3630 1760 3633
4150 4 2 14 26 2047 1929 1851 3640
4151 4 2 14 26 1846 2013 1821 3597
4152 4 2 14 26 1860 1894 2045 3584
4153 4 2 14 26 1914 3614 3597 3638
4154 4 2 14 26 1931 3628 1942 3629
4155 4 2 14 26 3574 3584 3580 3622
4156 4 2 14 26 1893 1859 1964 3584
4157 4 2 14 26 1900 1848 1995 3620
4158 4 2 14 26 1812 1888 1996 3631
4159 4 2 14 26 2010 1920 1857 3610
4160 4 2 14 26 1805 1951 1985 3634
4161 4 2 14 26 1860 1779 1964 1965
4162 4 2 14 26 3574 3596 3584 3622
4163 4 2 14 26 2057 1852 1941 3619
4164 4 2 14 26 1895 1885 1839 3631
4165 4 2 14 26 1948 1819 1949 3612
4166 4 2 14 26 1977 2021 1809 3600
4167 4 2 14 26 1905 2042 1985 3591
4168 4 2 14 26 1894 1892 2045 3584
4169 4 2 14 26 1745 3618 1743 3635
4170 4 2 14 26 1748 2069 1745 3635
4171 4 2 14 26 1979 1930 2053 3593
4172 4 2 14 26 3576 3630 1744 3635
4173 4 2 14 26 1746 2069 1748 3635
4174 4 2 14 26 2053 1907 2062 3593
4175 4 2 14 26 1808 1891 1951 3634
4176 4 2 14 26 1946 1899 2051 3623
4177 4 2 14 26 1771 1755 1750 3576
4178 4 2 14 26 1895 3631 3629 3637
4179 4 2 14 26 2069 3618 1745 3635
4180 4 2 14 26 2065 3572 2072 3618
4181 4 2 14 26 1746 3630 2069 3635
4182 4 2 14 26 1864 1917 3613 3625
4183 4 2 14 26 1863 1846 1821 3597
4184 4 2 14 26 2060 1819 1912 3612
4185 4 2 14 26 2011 1846 1921 3624
4186 4 2 14 26 1909 2030 1870 3609
4187 4 2 14 26 2068 3572 3632 3639
4188 4 2 14 26 1774 3591 3577 3632
4189 4 2 14 26 1901 3598 1834 3599
4190 4 2 14 26 1912 1968 1856 3610
4191 4 2 14 26 1925 1822 3600 3624
4192 4 2 14 26 1851 1929 3616 3640
4193 4 2 14 26 1795 1756 1800 3613
4194 4 2 14 26 1800 1789 3613 3618
4195 4 2 14 26 1900 1896 1848 3620
4196 4 2 14 26 1804 1979 2053 3593
4197 4 2 14 26 1949 1872 1950 3642
4198 4 2 14 26 2064 2068 3572 3632
4199 4 2 14 26 1827 1948 2030 3610
4200 4 2 14 26 1922 1880 3604 3605
4201 4 2 14 26 1972 1928 1816 3627
4202 4 2 14 26 1744 3586 1747 3619
4203 4 2 14 26 1938 1835 1858 3605
4204 4 2 14 26 1828 1988 1989 3604
4205 4 2 14 26 1918 3614 1892 3643
4206 4 2 14 26 1837 1802 1897 3620
4207 4 2 14 26 1825 1928 2032 3626
4208 4 2 14 26 1947 3599 3631 3637
4209 4 2 14 26 1743 3618 3585 3635
4210 4 2 14 26 1988 1933 1840 3604
4211 4 2 14 26 3603 3620 3598 3641
4212 4 2 14 26 1828 2024 1993 3602
4213 4 2 14 26 3629 3631 3594 3637
4214 4 2 14 26 1848 3620 1802 3641
4215 4 2 14 26 1902 1891 2033 3623
4216 4 2 14 26 1986 1877 1962 3608
4217 4 2 14 26 1891 1902 2041 3601
4218 4 2 14 26 1937 1978 1865 3604
4219 4 2 14 26 1805 3591 2042 3609
4220 4 2 14 26 2022 1887 1971 3615
4221 4 2 14 26 2015 1810 1895 3631
4222 4 2 14 26 1818 3592 1978 3604
4223 4 2 14 26 1750 1764 1771 3576
4224 4 2 14 26 1837 1886 3602 3628
4225 4 2 14 26 1743 3585 1742 3635
4226 4 2 14 26 1963 1955 1888 3599
4227 4 2 14 26 1923 1874 1991 3624
4228 4 2 14 26 1877 3586 2039 3640
4229 4 2 14 26 1758 1762 1757 3621
4230 4 2 14 26 2010 3610 1857 3611
4231 4 2 14 26 3575 3618 3572 3635
4232 4 2 14 26 1953 1949 1819 3612
4233 4 2 14 26 1999 1998 1855 3636
4234 4 2 14 26 2065 2064 2072 3572
4235 4 2 14 26 1889 2055 1941 3619
4236 4 2 14 26 1850 1877 2039 3640
4237 4 2 14 26 2067 2071 2064 3632
4238 4 2 14 26 1771 3576 1764 3617
4239 4 2 14 26 1830 1901 1955 3599
4240 4 2 14 26 3581 3598 3603 3620
4241 4 2 14 26 1913 1997 1859 3596
4242 4 2 14 26 1925 3600 1834 3624
4243 4 2 14 26 1804 2053 2062 3593
4244 4 2 14 26 1894 3584 1769 3643
4245 4 2 14 26 1795 1749 1756 3613
4246 4 2 14 26 1810 3608 1895 3631
4247 4 2 14 26 2042 1805 1985 3591
4248 4 2 14 26 1837 3594 2031 3628
4249 4 2 14 26 1866 1799 1792 3625
4250 4 2 14 26 2048 3604 1880 3607
4251 4 2 14 26 1789 3578 3613 3618
4252 4 2 14 26 1844 3608 1931 3629
4253 4 2 14 26 1980 3617 1878 3621
4254 4 2 14 26 1771 1758 3576 3617
4255 4 2 14 26 1900 3599 2003 3620
4256 4 2 14 26 1968 2063 1856 3610
4257 4 2 14 26 1926 3585 2047 3640
4258 4 2 14 26 1855 1817 2000 3636
4259 4 2 14 26 3583 3603 3598 3641
4260 4 2 14 26 1854 1935 1945 3623
4261 4 2 14 26 2035 1886 2018 3628
4262 4 2 14 26 1805 1870 1950 3609
4263 4 2 14 26 1866 1792 1853 3625
4264 4 2 14 26 2031 2018 1886 3628
4265 4 2 14 26 2026 1811 2058 3617
4266 4 2 14 26 1864 2049 1916 3613
4267 4 2 14 26 1930 1979 1817 3607
4268 4 2 14 26 2020 1815 2017 3625
4269 4 2 14 26 1802 1848 1897 3620
4270 4 2 14 26 1799 1864 3613 3625
4271 4 2 14 26 1906 2053 2052 3625
4272 4 2 14 26 1863 3614 1822 3624
4273 4 2 14 26 1929 3595 1803 3616
4274 4 2 14 26 3574 3580 3584 3614
4275 4 2 14 26 1848 2043 1995 3641
4276 4 2 14 26 1756 3613 3585 3618
4277 4 2 14 26 2068 1790 2072 3639
4278 4 2 14 26 3575 3578 3572 3618
4279 4 2 14 26 1935 1798 1946 3623
4280 4 2 14 26 2011 1921 1847 3624
4281 4 2 14 26 1937 1840 1922 3604
4282 4 2 14 26 1928 1871 3626 3627
4283 4 2 14 26 1877 1936 1814 3616
4284 4 2 14 26 1831 1923 1991 3624
4285 4 2 14 26 1908 1945 2006 3623
4286 4 2 14 26 2003 3599 1934 3620
4287 4 2 14 26 1774 3591 1777 3601
4288 4 2 14 26 1806 3584 1892 3614
4289 4 2 14 26 1963 1830 1955 3599
4290 4 2 14 26 1868 1784 1777 3601
4291 4 2 14 26 1837 3594 1990 3637
4292 4 2 14 26 1928 3592 1998 3627
4293 4 2 14 26 1806 1892 1918 3614
4294 4 2 14 26 1909 2042 3591 3609
4295 4 2 14 26 1947 3599 1881 3631
4296 4 2 14 26 2050 1880 1813 3605
4297 4 2 14 26 1953 1872 1949 3642
4298 4 2 14 26 3578 3585 3575 3595
4299 4 2 14 26 2064 2068 2072 3572
4300 4 2 14 26 1785 3577 1801 3639
4301 4 2 14 26 1883 2037 1984 3628
4302 4 2 14 26 1779 1860 1964 3584
4303 4 2 14 26 1912 1948 1968 3610
4304 4 2 14 26 2067 3622 2071 3632
4305 4 2 14 26 3573 3580 3574 3581
4306 4 2 14 26 2063 1920 2010 3610
4307 4 2 14 26 1744 3576 3586 3619
4308 4 2 14 26 1857 3597 2036 3611
4309 4 2 14 26 2055 2040 1903 3619
4310 4 2 14 26 1845 2005 1835 3605
4311 4 2 14 26 2051 1902 2033 3623
4312 4 2 14 26 1958 1882 1750 3619
4313 4 2 14 26 3602 3603 1837 3620
4314 4 2 14 26 1748 1745 1742 3635
4315 4 2 14 26 2038 1905 1842 3601
4316 4 2 14 26 2000 1817 1979 3636
4317 4 2 14 26 1755 3576 1771 3630
4318 4 2 14 26 1746 1748 1742 3635
4319 4 2 14 26 1854 1798 1935 3623
4320 4 2 14 26 2070 2064 2066 3633
4321 4 2 14 26 1863 1846 3597 3624
4322 4 2 14 26 1757 1763 1760 3633
4323 4 2 14 26 1919 1823 1867 3627
4324 4 2 14 26 1758 1771 3576 3630
4325 4 2 14 26 1804 2012 1826 3636
4326 4 2 14 26 1886 1828 1989 3602
4327 4 2 14 26 2018 2031 1883 3628
4328 4 2 14 26 1907 3593 1906 3625
4329 4 2 14 26 1914 1820 1913 3638
4330 4 2 14 26 3575 3585 3578 3618
4331 4 2 14 26 1837 3603 1802 3620
4332 4 2 14 26 1928 1972 1871 3627
4333 4 2 14 26 3597 3614 1863 3624
4334 4 2 14 26 3574 3580 3573 3633
4335 4 2 14 26 1989 1802 1837 3603
4336 4 2 14 26 1869 1859 1997 3596
4337 4 2 14 26 1940 2036 3597 3611
4338 4 2 14 26 1791 2065 2072 3618
4339 4 2 14 26 2065 1745 2069 3618
4340 4 2 14 26 1903 3617 1882 3619
4341 4 2 14 26 3579 3577 3593 3606
4342 4 2 14 26 1750 1764 3576 3617
4343 4 2 14 26 3591 3596 3574 3632
4344 4 2 14 26 2036 1832 1932 3611
4345 4 2 14 26 1771 1129 1750 1755
4346 4 2 14 26 1780 1801 1149 1785
4347 4 2 14 26 1756 1800 1127 1795
4348 4 2 14 26 3580 3622 1759 3633
4349 4 2 14 26 1960 1959 1822 3643
4350 4 2 14 26 1841 1815 2052 3625
4351 4 2 14 26 3585 3618 3575 3635
4352 4 2 14 26 2066 2069 1746 3630
4353 4 2 14 26 2066 1760 2070 3630
4354 4 2 14 26 1967 1861 1769 3643
4355 4 2 14 26 1878 3589 2021 3621
4356 4 2 14 26 1792 1787 1788 3578
4357 4 2 14 26 1846 1982 1921 3624
4358 4 2 14 26 3577 3578 3572 3593
4359 4 2 14 26 2014 1848 1802 3641
4360 4 2 14 26 1925 1822 1834 3600
4361 4 2 14 26 1898 1824 1976 3642
4362 4 2 14 26 1762 1967 1769 3643
4363 4 2 14 26 1814 1844 1877 3608
4364 4 2 14 26 2058 3589 1878 3617
4365 4 2 14 26 3574 3583 3597 3638
4366 4 2 14 26 1949 1950 3609 3642
4367 4 2 14 26 1820 1997 1913 3638
4368 4 2 14 26 1756 1752 1800 3618
4369 4 2 14 26 3596 3614 1806 3638
4370 4 2 14 26 2067 1775 2071 3622
4371 4 2 14 26 3577 3572 3579 3593
4372 4 2 14 26 2037 1942 1984 3629
4373 4 2 14 26 1891 2006 2033 3623
4374 4 2 14 26 2002 1845 3615 3616
4375 4 2 14 26 1788 1801 1794 3577
4376 4 2 14 26 1933 3602 1938 3605
4377 4 2 14 26 1977 1959 1862 3643
4378 4 2 14 26 1868 1777 3591 3601
4379 4 2 14 26 1944 3604 1933 3605
4380 4 2 14 26 1859 3584 2044 3596
4381 4 2 14 26 2032 1871 1824 3626
4382 4 2 14 26 1946 1794 1899 3623
4383 4 2 14 26 3577 3591 1774 3601
4384 4 2 14 26 3580 3584 1759 3622
4385 4 2 14 26 3573 3575 3572 3635
4386 4 2 14 26 1925 1923 1831 3624
4387 4 2 14 26 1964 1859 1783 3584
4388 4 2 14 26 1938 2022 1835 3615
4389 4 2 14 26 2008 3589 2058 3617
4390 4 2 14 26 1796 1800 1752 3618
4391 4 2 14 26 3575 3586 3585 3635
4392 4 2 14 26 1761 3622 2067 3633
4393 4 2 14 26 1863 3597 1957 3614
4394 4 2 14 26 1761 1759 3622 3633
4395 4 2 14 26 2066 3630 2070 3633
4396 4 2 14 26 1810 1962 1895 3608
4397 4 2 14 26 1903 2040 3617 3619
4398 4 2 14 26 3586 3616 3585 3640
4399 4 2 14 26 1877 1814 3608 3616
4400 4 2 14 26 1969 1883 2009 3637
4401 4 2 14 26 1969 1829 2037 3637
4402 4 2 14 26 3574 3597 3614 3638
4403 4 2 14 26 1828 1886 2024 3602
4404 4 2 14 26 1994 1868 1869 3596
4405 4 2 14 26 1762 3580 1757 3621
4406 4 2 14 26 2066 2069 3630 3635
4407 4 2 14 26 1795 1800 1789 3613
4408 4 2 14 26 1989 1837 3602 3603
4409 4 2 14 26 1953 1949 3612 3642
4410 4 2 14 26 3595 3613 1917 3625
4411 4 2 14 26 1770 1759 3584 3622
4412 4 2 14 26 3575 3581 3579 3603
4413 4 2 14 26 1891 3606 1808 3623
4414 4 2 14 26 1877 3616 3608 3640
4415 4 2 14 26 3577 3632 3572 3639
4416 4 2 14 26 2050 2005 1845 3605
4417 4 2 14 26 3605 3615 1845 3616
4418 4 2 14 26 2065 3618 2069 3635
4419 4 2 14 26 1749 3585 1756 3613
4420 4 2 14 26 1977 1862 2028 3621
4421 4 2 14 26 2021 3589 1996 3600
4422 4 2 14 26 1747 3586 2016 3619
4423 4 2 14 26 3589 3619 2008 3631
4424 4 2 14 26 1990 1981 1884 3637
4425 4 2 14 26 2057 2046 1852 3619
4426 4 2 14 26 2068 3632 1776 3639
4427 4 2 14 26 1142 1980 1879 3621
4428 4 2 14 26 1885 1973 1981 3637
4429 4 2 14 26 1895 1962 1961 3629
4430 4 2 14 26 3573 3630 3576 3635
4431 4 2 14 26 1837 3602 3594 3628
4432 4 2 14 26 1749 1756 1127 1795
4433 4 2 14 26 1801 1780 1149 1794
4434 4 2 14 26 1129 1750 1764 1771
4435 4 2 14 26 1786 1770 1139 3584
4436 4 2 14 26 1804 1979 3593 3636
4437 4 2 14 26 1991 1847 1921 3624
4438 4 2 14 26 1807 1946 2051 3623
4439 4 2 14 26 1804 1826 1979 3636
4440 4 2 14 26 1799 3613 3578 3625
4441 4 2 14 26 1774 3632 3577 3639
4442 4 2 14 26 2015 1812 2008 3631
4443 4 2 14 26 2001 1911 1882 3617
4444 4 2 14 26 3595 3616 1929 3640
4445 4 2 14 26 1865 1989 1988 3604
4446 4 2 14 26 2047 3585 1929 3640
4447 4 2 14 26 1885 1974 1973 3637
4448 4 2 14 26 1900 1995 3598 3620
4449 4 2 14 26 2057 1941 2055 3619
4450 4 2 14 26 1990 3620 1838 3637
4451 4 2 14 26 1833 1956 2034 3626
4452 4 2 14 26 2017 2050 1845 3595
4453 4 2 14 26 1898 1952 1824 3642
4454 4 2 14 26 3577 3601 1794 3623
4455 4 2 14 26 3575 3582 3581 3603
4456 4 2 14 26 1744 1747 1754 3619
4457 4 2 14 26 2054 1765 1894 3584
4458 4 2 14 26 1776 3632 1774 3639
4459 4 2 14 26 3579 3581 3574 3583
4460 4 2 14 26 2017 1803 1917 3595
4461 4 2 14 26 1961 1962 1844 3629
4462 4 2 14 26 1842 2041 1902 3601
4463 4 2 14 26 1794 1946 1798 3623
4464 4 2 14 26 3585 3613 3578 3618
4465 4 2 14 26 1855 3592 1970 3636
4466 4 2 14 26 1769 3584 3580 3643
4467 4 2 14 26 1785 3577 1774 3601
4468 4 2 14 26 1794 1788 3577 3623
4469 4 2 14 26 1743 1756 3585 3618
4470 4 2 14 26 2031 3628 3594 3637
4471 4 2 14 26 1784 1774 1777 3601
4472 4 2 14 26 1922 3604 1944 3605
4473 4 2 14 26 3593 3606 3577 3623
4474 4 2 14 26 3599 3620 3594 3637
4475 4 2 14 26 1143 1954 1967 1762
4476 4 2 14 26 2002 1890 1931 3615
4477 4 2 14 26 2050 1845 3595 3605
4478 4 2 14 26 1809 1959 1977 3600
4479 4 2 14 26 1967 1762 1954 3621
4480 4 2 14 26 2016 1754 1747 3619
4481 4 2 14 26 3574 3581 3580 3614
4482 4 2 14 26 1762 3621 1967 3643
4483 4 2 14 26 1801 3577 1788 3639
4484 4 2 14 26 1763 1761 1147 3633
4485 4 2 14 26 1991 1874 1847 3641
4486 4 2 14 26 1832 1940 1847 3641
4487 4 2 14 26 1749 1743 1756 3585
4488 4 2 14 26 1900 3598 1901 3599
4489 4 2 14 26 3573 3576 3586 3635
4490 4 2 14 26 3581 3603 3582 3620
4491 4 2 14 26 1980 1910 2026 3617
4492 4 2 14 26 1869 1783 1859 3596
4493 4 2 14 26 1748 1746 1137 2069
4494 4 2 14 26 2072 1165 1791 1793
4495 4 2 14 26 1790 1164 2072 1793
4496 4 2 14 26 1775 2071 1778 1156
4497 4 2 14 26 1748 1136 1745 2069
4498 4 2 14 26 2070 1760 1146 1763
4499 4 2 14 26 1890 1971 2023 3615
4500 4 2 14 26 2024 3602 2035 3615
4501 4 2 14 26 1897 1990 1837 3620
4502 4 2 14 26 1802 3620 3603 3641
4503 4 2 14 26 1774 3577 1785 3639
4504 4 2 14 26 1794 1798 1788 3623
4505 4 2 14 26 2023 1931 1890 3615
4506 4 2 14 26 1883 2037 3628 3637
4507 4 2 14 26 1770 3584 1786 3622
4508 4 2 14 26 1877 1936 3616 3640
4509 4 2 14 26 1921 1982 1831 3624
4510 4 2 14 26 1802 3603 1833 3641
4511 4 2 14 26 1843 2055 1903 3619
4512 4 2 14 26 1833 1927 3612 3626
4513 4 2 14 26 2059 3589 2008 3631
4514 4 2 14 26 1786 1766 1770 3622
4515 4 2 14 26 1928 3626 3592 3627
4516 4 2 14 26 1868 3591 1777 3596
4517 4 2 14 26 1802 1956 1833 3603
4518 4 2 14 26 1831 1991 1921 3624
4519 4 2 14 26 1807 1945 1935 3623
4520 4 2 14 26 1813 1944 1858 3605
4521 4 2 14 26 1768 1758 3617 3621
4522 4 2 14 26 1786 3584 1773 3622
4523 4 2 14 26 2047 1929 3585 3613
4524 4 2 14 26 1970 1880 1817 3607
4525 4 2 14 26 1761 1757 1759 3633
4526 4 2 14 26 1157 1778 1776 3632
4527 4 2 14 26 1994 1869 1997 3596
4528 4 2 14 26 1931 3615 3608 3616
4529 4 2 14 26 1985 1891 3591 3634
4530 4 2 14 26 1833 3603 1956 3626
4531 4 2 14 26 1765 1139 1770 3584
4532 4 2 14 26 1873 2034 1824 3626
4533 4 2 14 26 2046 1843 1958 3619
4534 4 2 14 26 1800 1791 1789 3618
4535 4 2 14 26 1743 1745 1756 3618
4536 4 2 14 26 1986 1852 3586 3619
4537 4 2 14 26 1756 1752 1128 1800
4538 4 2 14 26 1767 1771 1755 1130
4539 4 2 14 26 1786 1766 1140 1770
4540 4 2 14 26 1803 3595 1929 3613
4541 4 2 14 26 1786 1139 1779 3584
4542 4 2 14 26 1958 1843 1903 3619
4543 4 2 14 26 1768 1762 1758 3621
4544 4 2 14 26 1869 1777 1783 3596
4545 4 2 14 26 1770 1761 1759 3622
4546 4 2 14 26 1775 1786 1773 3622
4547 4 2 14 26 1853 1866 1161 1792
4548 4 2 14 26 1799 1789 3578 3613
4549 4 2 14 26 1782 1766 1786 3622
4550 4 2 14 26 1953 1819 1873 3612
4551 4 2 14 26 3573 3586 3575 3635
4552 4 2 14 26 1767 1755 1771 3630
4553 4 2 14 26 1848 1995 3598 3641
4554 4 2 14 26 1850 1936 1877 3640
4555 4 2 14 26 1891 2041 3591 3601
4556 4 2 14 26 3587 3602 3588 3603
4557 4 2 14 26 1967 1954 2028 3621
4558 4 2 14 26 2067 1147 1761 3633
4559 4 2 14 26 1930 3593 1979 3607
4560 4 2 14 26 2046 1754 2016 3619
4561 4 2 14 26 3594 3631 3599 3637
4562 4 2 14 26 2070 2067 2064 3633
4563 4 2 14 26 1895 3608 3629 3631
4564 4 2 14 26 2035 2018 1836 3628
4565 4 2 14 26 1950 1872 1823 3642
4566 4 2 14 26 2012 1908 1808 3606
4567 4 2 14 26 1806 3596 3584 3614
4568 4 2 14 26 1755 1744 3576 3630
4569 4 2 14 26 1982 1925 1831 3624
4570 4 2 14 26 1849 3598 1874 3624
4571 4 2 14 26 1755 1746 1744 3630
4572 4 2 14 26 1758 1760 1771 3630
4573 4 2 14 26 1132 1939 1850 3640
4574 4 2 14 26 2069 2064 2065 3635
4575 4 2 14 26 2069 2066 2064 3635
4576 4 2 14 26 1948 3610 1912 3612
4577 4 2 14 26 1986 3586 1941 3619
4578 4 2 14 26 1988 1840 1937 3604
4579 4 2 14 26 1990 1884 2009 3637
4580 4 2 14 26 2012 3593 2062 3606
4581 4 2 14 26 1864 1917 1915 3613
4582 4 2 14 26 1950 1870 1949 3609
4583 4 2 14 26 2033 1807 2051 3623
4584 4 2 14 26 1939 1926 2047 3640
4585 4 2 14 26 3594 3629 3608 3631
4586 4 2 14 26 1752 1796 1128 1800
4587 4 2 14 26 1755 1751 1767 1130
4588 4 2 14 26 1782 1766 1140 1786
4589 4 2 14 26 2073 1745 2065 3618
4590 4 2 14 26 2073 2065 1791 3618
4591 4 2 14 26 2025 3610 2010 3611
4592 4 2 14 26 1905 3591 2041 3601
4593 4 2 14 26 1776 1772 1774 3632
4594 4 2 14 26 3572 3577 3574 3632
4595 4 2 14 26 1806 1918 1957 3614
4596 4 2 14 26 1767 1751 1755 3630
4597 4 2 14 26 1863 1957 1822 3614
4598 4 2 14 26 1868 1153 1784 2038
4599 4 2 14 26 2068 2076 1790 3639
4600 4 2 14 26 2068 1776 2076 3639
4601 4 2 14 26 1760 2066 2074 3630
4602 4 2 14 26 2066 1746 2074 3630
4603 4 2 14 26 2067 2075 1775 3622
4604 4 2 14 26 2067 1761 2075 3622
4605 4 2 14 26 1952 1873 3626 3642
4606 4 2 14 26 1743 1753 1747 3640
4607 4 2 14 26 1792 1866 1161 1799
4608 4 2 14 26 2017 3595 1917 3625
4609 4 2 14 26 1974 1829 1973 3637
4610 4 2 14 26 1776 2068 1157 3632
4611 4 2 14 26 1843 2057 2055 3619
4612 4 2 14 26 1757 3580 1759 3633
4613 4 2 14 26 1938 1835 3605 3615
4614 4 2 14 26 1874 3598 1995 3641
4615 4 2 14 26 1882 3617 1750 3619
4616 4 2 14 26 1955 1834 1809 3600
4617 4 2 14 26 1948 3609 2030 3610
4618 4 2 14 26 2064 2071 2068 3632
4619 4 2 14 26 3578 3593 1792 3625
4620 4 2 14 26 3577 3591 3574 3632
4621 4 2 14 26 1938 3602 1993 3615
4622 4 2 14 26 1774 1785 1776 3639
4623 4 2 14 26 1790 1801 1788 3639
4624 4 2 14 26 2049 1864 1915 3613
4625 4 2 14 26 1772 1773 1777 3596
4626 4 2 14 26 1817 1970 3607 3636
4627 4 2 14 26 1814 1931 3608 3616
4628 4 2 14 26 1952 3626 1824 3642
4629 4 2 14 26 2005 1858 1835 3605
4630 4 2 14 26 3591 1909 3609 3638
4631 4 2 14 26 1931 2023 1836 3628
4632 4 2 14 26 3584 3596 3574 3614
4633 4 2 14 26 1935 1946 1807 3623
4634 4 2 14 26 1868 3596 1994 3638
4635 4 2 14 26 1899 3601 2051 3623
4636 4 2 14 26 2050 3595 2017 3607
4637 4 2 14 26 1152 1777 1783 1869
4638 4 2 14 26 1796 2073 1791 3618
4639 4 2 14 26 1752 1745 2073 3618
4640 4 2 14 26 2063 1827 1920 3610
4641 4 2 14 26 3588 3615 3605 3616
4642 4 2 14 26 1996 3589 1888 3600
4643 4 2 14 26 3603 3611 1833 3641
4644 4 2 14 26 1824 3627 1976 3642
4645 4 2 14 26 1958 1750 1754 3619
4646 4 2 14 26 1834 3600 3598 3624
4647 4 2 14 26 1950 1805 3609 3634
4648 4 2 14 26 1927 1819 2060 3612
4649 4 2 14 26 1143 1967 1769 1762
4650 4 2 14 26 1822 1959 1834 3600
4651 4 2 14 26 3585 3595 3578 3613
4652 4 2 14 26 1832 1904 1932 3611
4653 4 2 14 26 1142 1768 1980 3621
4654 4 2 14 26 1986 1810 3586 3608
4655 4 2 14 26 1750 1755 1744 3576
4656 4 2 14 26 1768 3617 1980 3621
4657 4 2 14 26 1911 2001 1811 3617
4658 4 2 14 26 1990 3594 1837 3620
4659 4 2 14 26 1794 3601 1899 3623
4660 4 2 14 26 1990 3594 3620 3637
4661 4 2 14 26 3574 3579 3575 3581
4662 4 2 14 26 3583 3598 3597 3641
4663 4 2 14 26 2050 3605 3595 3607
4664 4 2 14 26 3585 3586 3575 3616
4665 4 2 14 26 3577 3579 3574 3591
4666 4 2 14 26 1832 3611 1940 3641
4667 4 2 14 26 1968 1948 1827 3610
4668 4 2 14 26 1888 3589 1996 3631
4669 4 2 14 26 1799 3578 1792 3625
4670 4 2 14 26 1848 3598 1995 3620
4671 4 2 14 26 1931 1984 1942 3628
4672 4 2 14 26 3574 3575 3573 3581
4673 4 2 14 26 2017 1845 1803 3595
4674 4 2 14 26 1891 3606 3623 3634
4675 4 2 14 26 1759 3580 1769 3584
4676 4 2 14 26 1964 1783 1779 3584
4677 4 2 14 26 1878 3617 3589 3621
4678 4 2 14 26 1968 1827 2063 3610
4679 4 2 14 26 1919 3606 1823 3627
4680 4 2 14 26 1966 1798 1792 1160
4681 4 2 14 26 3574 3577 3572 3579
4682 4 2 14 26 1765 1779 1139 3584
4683 4 2 14 26 1877 3608 3586 3640
4684 4 2 14 26 1869 1868 1777 3596
4685 4 2 14 26 1971 3615 2035 3628
4686 4 2 14 26 3573 3574 3572 3575
4687 4 2 14 26 1853 1906 2019 3625
4688 4 2 14 26 1950 1951 1805 3634
4689 4 2 14 26 1769 1894 1765 3584
4690 4 2 14 26 1780 1785 1774 3601
4691 4 2 14 26 1870 2030 1948 3609
4692 4 2 14 26 1994 1997 1820 3638
4693 4 2 14 26 1986 3586 1877 3608
4694 4 2 14 26 3583 3611 3603 3641
4695 4 2 14 26 1817 3607 1979 3636
4696 4 2 14 26 1826 2012 1919 3636
4697 4 2 14 26 1937 1865 1988 3604
4698 4 2 14 26 1983 2029 1875 3613
4699 4 2 14 26 1771 1764 1758 3617
4700 4 2 14 26 1906 3593 2053 3625
4701 4 2 14 26 1926 1753 3585 3640
4702 4 2 14 26 2030 3609 1909 3638
4703 4 2 14 26 2066 1137 1746 2069
4704 4 2 14 26 2072 1791 1165 2065
4705 4 2 14 26 1775 2071 1156 2067
4706 4 2 14 26 2065 1745 1136 2069
4707 4 2 14 26 2066 1760 1146 2070
4708 4 2 14 26 2072 2068 1164 1790
4709 4 2 14 26 3572 3575 3574 3579
4710 4 2 14 26 1970 3592 3604 3607
4711 4 2 14 26 1759 1765 1770 3584
4712 4 2 14 26 1890 2022 1971 3615
4713 4 2 14 26 2059 1996 3589 3631
4714 4 2 14 26 1839 2015 1895 3631
4715 4 2 14 26 1955 3599 1834 3600
4716 4 2 14 26 1915 2029 2049 3613
4717 4 2 14 26 2023 3615 1971 3628
4718 4 2 14 26 2035 3602 1886 3628
4719 4 2 14 26 2056 1888 1812 3631
4720 4 2 14 26 1864 1916 1799 3613
4721 4 2 14 26 1998 3592 1855 3636
4722 4 2 14 26 1752 2073 1796 3618
4723 4 2 14 26 1941 3619 3586 3631
4724 4 2 14 26 3584 3614 3580 3643
4725 4 2 14 26 1866 1853 2019 3625
4726 4 2 14 26 1859 1783 3584 3596
4727 4 2 14 26 1763 1147 2070 3633
4728 4 2 14 26 1805 1985 3591 3634
4729 4 2 14 26 1879 1954 1762 3621
4730 4 2 14 26 2006 1945 1807 3623
4731 4 2 14 26 1979 1826 2000 3636
4732 4 2 14 26 1816 1999 1919 3636
4733 4 2 14 26 1881 2056 1839 3631
4734 4 2 14 26 1980 1768 1910 3617
4735 4 2 14 26 1981 1973 1884 3637
4736 4 2 14 26 3591 3606 3590 3634
4737 4 2 14 26 2028 1862 1967 3643
4738 4 2 14 26 3578 3579 3572 3593
4739 4 2 14 26 1759 1769 1765 3584
4740 4 2 14 26 1855 2000 1999 3636
4741 4 2 14 26 3586 3608 1810 3631
4742 4 2 14 26 2006 1807 2033 3623
4743 4 2 14 26 1879 1142 1762 1954
4744 4 2 14 26 1833 3611 3603 3626
4745 4 2 14 26 3574 3597 3581 3614
4746 4 2 14 26 2008 3589 3617 3619
4747 4 2 14 26 1939 1753 1926 3640
4748 4 2 14 26 1847 1874 2043 3641
4749 4 2 14 26 1157 2071 1778 3632
4750 4 2 14 26 1778 1772 1776 3632
4751 4 2 14 26 1877 1844 1962 3608
4752 4 2 14 26 1871 1972 1976 3627
4753 4 2 14 26 1784 1777 1153 1868
4754 4 2 14 26 1865 1825 1989 3603
4755 4 2 14 26 1756 1745 1752 3618
4756 4 2 14 26 1796 1791 1800 3618
4757 4 2 14 26 2070 1147 2067 3633
4758 4 2 14 26 1984 2018 1883 3628
4759 4 2 14 26 1761 1766 2075 3622
4760 4 2 14 26 2075 1782 1775 3622
4761 4 2 14 26 1780 1899 1794 3601
4762 4 2 14 26 2051 1899 1902 3601
4763 4 2 14 26 2026 1911 1811 3617
4764 4 2 14 26 1933 1828 3602 3604
4765 4 2 14 26 1751 2074 1746 3630
4766 4 2 14 26 2074 1767 1760 3630
4767 4 2 14 26 1997 3596 1913 3638
4768 4 2 14 26 1754 1750 1744 3619
4769 4 2 14 26 3575 3573 3582 3586
4770 4 2 14 26 2011 3624 1847 3641
4771 4 2 14 26 1936 1851 1943 3616
4772 4 2 14 26 1897 2027 1838 3620
4773 4 2 14 26 1854 1798 1966 1160
4774 4 2 14 26 1781 2076 1776 3639
4775 4 2 14 26 2076 1797 1790 3639
4776 4 2 14 26 1132 1753 1939 3640
4777 4 2 14 26 2022 1890 1835 3615
4778 4 2 14 26 1801 1150 1785 3639
4779 4 2 14 26 1750 1882 1764 3617
4780 4 2 14 26 2066 1146 1760 2074
4781 4 2 14 26 2068 2076 1164 1790
4782 4 2 14 26 2073 1745 1136 2065
4783 4 2 14 26 2075 1775 1156 2067
4784 4 2 14 26 1137 2074 2066 1746
4785 4 2 14 26 2073 1165 1791 2065
4786 4 2 14 26 1761 2067 2075 1147
4787 4 2 14 26 2068 2076 1776 1157
4788 4 2 14 26 1862 1959 1960 3643
4789 4 2 14 26 1761 1763 1757 3633
4790 4 2 14 26 1983 1795 1916 3613
4791 4 2 14 26 2053 3593 1930 3625
4792 4 2 14 26 1972 1816 1919 3627
4793 4 2 14 26 1919 1808 1823 3606
4794 4 2 14 26 1828 1989 3602 3604
4795 4 2 14 26 1861 1992 1918 3643
4796 4 2 14 26 1822 3614 3600 3624
4797 4 2 14 26 3581 3598 3583 3603
4798 4 2 14 26 1799 1795 1789 3613
4799 4 2 14 26 1953 3612 1873 3642
4800 4 2 14 26 1773 1783 1777 3596
4801 4 2 14 26 2056 3599 1888 3631
4802 4 2 14 26 3582 3586 3573 3589
4803 4 2 14 26 1750 3617 3576 3619
4804 4 2 14 26 2021 3600 1977 3621
4805 4 2 14 26 1841 1930 1817 3607
4806 4 2 14 26 3582 3589 3581 3599
4807 4 2 14 26 1935 1798 1159 1946
4808 4 2 14 26 1152 1777 1869 1868
4809 4 2 14 26 1138 1751 2074 1746
4810 4 2 14 26 1166 1791 1796 2073
4811 4 2 14 26 1145 1767 1760 2074
4812 4 2 14 26 1776 2076 1781 1158
4813 4 2 14 26 1761 1148 2075 1766
4814 4 2 14 26 2076 1163 1790 1797
4815 4 2 14 26 2075 1155 1775 1782
4816 4 2 14 26 1745 1135 1752 2073
4817 4 2 14 26 1765 2054 1144 1965
4818 4 2 14 26 1911 1910 1141 1768
4819 4 2 14 26 1969 2009 1884 3637
4820 4 2 14 26 1914 3610 1827 3638
4821 4 2 14 26 1743 3585 1753 3640
4822 4 2 14 26 1983 1875 1749 3613
4823 4 2 14 26 3573 3581 3575 3582
4824 4 2 14 26 1865 3603 1989 3604
4825 4 2 14 26 3593 3606 2012 3636
4826 4 2 14 26 1895 1961 1974 3629
4827 4 2 14 26 1797 1150 1801 3639
4828 4 2 14 26 1785 1150 1781 3639
4829 4 2 14 26 1842 1975 2038 3601
4830 4 2 14 26 3574 3590 3583 3609
4831 4 2 14 26 1948 1949 3609 3612
4832 4 2 14 26 1911 1910 1768 3617
4833 4 2 14 26 3574 3583 3581 3597
4834 4 2 14 26 2071 1157 2068 3632
4835 4 2 14 26 1966 1792 1853 1160
4836 4 2 14 26 1799 1789 1792 3578
4837 4 2 14 26 1762 1769 3580 3643
4838 4 2 14 26 1773 3584 1783 3596
4839 4 2 14 26 1898 1976 1867 3627
4840 4 2 14 26 1956 1825 2032 3626
4841 4 2 14 26 1916 2049 2029 3613
4842 4 2 14 26 1927 1873 1819 3612
4843 4 2 14 26 1991 3624 1874 3641
4844 4 2 14 26 1816 1919 3627 3636
4845 4 2 14 26 1872 1953 1952 3642
4846 4 2 14 26 1832 1833 1904 3611
4847 4 2 14 26 1857 3610 3597 3611
4848 4 2 14 26 1162 1864 1916 1799
4849 4 2 14 26 2074 1137 1138 1746
4850 4 2 14 26 1791 1166 1165 2073
4851 4 2 14 26 1158 1776 2076 1157
4852 4 2 14 26 2075 1148 1761 1147
4853 4 2 14 26 1145 1760 1146 2074
4854 4 2 14 26 1136 1135 1745 2073
4855 4 2 14 26 1163 1164 2076 1790
4856 4 2 14 26 1156 1155 1775 2075
4857 4 2 14 26 3611 3612 3583 3626
4858 4 2 14 26 1983 1916 2029 3613
4859 4 2 14 26 1888 3599 3589 3631
4860 4 2 14 26 3581 3599 3589 3600
4861 4 2 14 26 1861 1143 1967 1769
4862 4 2 14 26 3589 3599 1888 3600
4863 4 2 14 26 1143 1142 1954 1762
4864 4 2 14 26 1916 1983 173 1795
4865 4 2 14 26 1918 1960 1822 3614
4866 4 2 14 26 1984 1931 1836 3628
4867 4 2 14 26 1875 1131 1983 1749
4868 4 2 14 26 1797 1781 1150 3639
4869 4 2 14 26 1992 1960 1918 3643
4870 4 2 14 26 1749 173 1983 1795
4871 4 2 14 26 1994 3596 1997 3638
4872 4 2 14 26 1750 3576 1744 3619
4873 4 2 14 26 1898 1867 1823 3642
4874 4 2 14 26 2050 1813 2005 3605
4875 4 2 14 26 1881 3599 2056 3631
4876 4 2 14 26 1829 1969 1973 3637
4877 4 2 14 26 3575 3579 3578 3587
4878 4 2 14 26 3587 3595 3588 3605
4879 4 2 14 26 1823 3627 3634 3642
4880 4 2 14 26 1834 1959 1809 3600
4881 4 2 14 26 3580 3600 3589 3621
4882 4 2 14 26 1779 1765 1139 1965
4883 4 2 14 26 1911 1764 1882 3617
4884 4 2 14 26 1875 1915 1929 3613
4885 4 2 14 26 3604 3605 1880 3607
4886 4 2 14 26 1948 1949 1870 3609
4887 4 2 14 26 2037 1984 3628 3629
4888 4 2 14 26 1765 177 1139 1965
4889 4 2 14 26 1931 3615 2023 3628
4890 4 2 14 26 1825 3603 1865 3604
4891 4 2 14 26 1866 2019 2020 3625
4892 4 2 14 26 1844 1942 1961 3629
4893 4 2 14 26 1789 1787 1792 3578
4894 4 2 14 26 1779 1139 177 1965
4895 4 2 14 26 1911 2026 1910 3617
4896 4 2 14 26 1813 1858 2005 3605
4897 4 2 14 26 1990 1897 1838 3620
4898 4 2 14 26 1977 3600 1959 3643
4899 4 2 14 26 2046 2057 1843 3619
4900 4 2 14 26 3574 3591 3590 3609
4901 4 2 14 26 1882 175 1750 1764
4902 4 2 14 26 1983 1749 1795 3613
4903 4 2 14 26 2034 2032 1824 3626
4904 4 2 14 26 2002 1943 1845 3616
4905 4 2 14 26 179 1794 1780 1899
4906 4 2 14 26 3582 3575 3588 3603
4907 4 2 14 26 2021 1879 1980 3621
4908 4 2 14 26 3609 3612 1949 3642
4909 4 2 14 26 3587 3578 3595 3607
4910 4 2 14 26 3580 3573 3589 3600
4911 4 2 14 26 1919 2012 1808 3606
4912 4 2 14 26 3578 3613 3595 3625
4913 4 2 14 26 1765 2054 1894 1144
4914 4 2 14 26 2002 1835 1890 3615
4915 4 2 14 26 1834 3599 3598 3600
4916 4 2 14 26 1842 1902 1975 3601
4917 4 2 14 26 2029 1915 1875 3613
4918 4 2 14 26 1798 1794 1159 1946
4919 4 2 14 26 1747 1753 1132 3640
4920 4 2 14 26 2046 1958 1754 3619
4921 4 2 14 26 1938 3605 3602 3615
4922 4 2 14 26 1902 1899 1975 3601
4923 4 2 14 26 3588 3605 3595 3616
4924 4 2 14 26 1867 3627 1823 3642
4925 4 2 14 26 3575 3582 3588 3608
4926 4 2 14 26 3583 3609 3610 3638
4927 4 2 14 26 1823 1808 1951 3634
4928 4 2 14 26 1926 1939 1132 1753
4929 4 2 14 26 1900 3598 3599 3620
4930 4 2 14 26 1879 1762 1142 3621
4931 4 2 14 26 1959 3600 1822 3643
4932 4 2 14 26 1969 1884 1973 3637
4933 4 2 14 26 1782 1786 1775 3622
4934 4 2 14 26 1761 1770 1766 3622
4935 4 2 14 26 1902 3601 1891 3623
4936 4 2 14 26 1891 3623 3591 3634
4937 4 2 14 26 1757 1762 1759 3580
4938 4 2 14 26 1833 3612 3611 3626
4939 4 2 14 26 2027 1897 1896 3620
4940 4 2 14 26 1779 1783 1964 1151
4941 4 2 14 26 2028 1967 3621 3643
4942 4 2 14 26 3574 3614 3596 3638
4943 4 2 14 26 2043 1848 2014 3641
4944 4 2 14 26 1783 1859 1152 1869
4945 4 2 14 26 3585 3595 1929 3640
4946 4 2 14 26 2046 1133 2016 1754
4947 4 2 14 26 1779 1773 1786 3584
4948 4 2 14 26 3579 3591 3577 3606
4949 4 2 14 26 1769 1759 1762 3580
4950 4 2 14 26 1766 1782 2075 3622
4951 4 2 14 26 1764 1911 1141 1768
4952 4 2 14 26 3591 3609 1805 3634
4953 4 2 14 26 2019 1906 2052 3625
4954 4 2 14 26 1975 1899 1780 3601
4955 4 2 14 26 3610 3611 2025 3612
4956 4 2 14 26 1802 1825 1956 3603
4957 4 2 14 26 1795 1799 1916 3613
4958 4 2 14 26 2050 1880 3605 3607
4959 4 2 14 26 1754 1133 2016 1747
4960 4 2 14 26 1979 3607 3593 3636
4961 4 2 14 26 1974 1961 1829 3629
4962 4 2 14 26 2051 3601 1902 3623
4963 4 2 14 26 2050 1841 1880 3607
4964 4 2 14 26 3592 3607 1970 3636
4965 4 2 14 26 1848 1896 1897 3620
4966 4 2 14 26 3579 3590 3574 3591
4967 4 2 14 26 1151 1779 177 1965
4968 4 2 14 26 1975 1784 1780 1154
4969 4 2 14 26 1767 1771 1760 3630
4970 4 2 14 26 1751 1746 1755 3630
4971 4 2 14 26 1749 1753 1743 3585
4972 4 2 14 26 1910 1980 1142 1768
4973 4 2 14 26 1754 1958 1134 1750
4974 4 2 14 26 3608 3616 3586 3640
4975 4 2 14 26 1957 1918 1822 3614
4976 4 2 14 26 3595 3605 1845 3616
4977 4 2 14 26 1751 1767 2074 3630
4978 4 2 14 26 3578 3575 3587 3595
4979 4 2 14 26 1768 1142 1762 3621
4980 4 2 14 26 1974 3629 1829 3637
4981 4 2 14 26 1820 1914 1827 3638
4982 4 2 14 26 1764 1911 1768 3617
4983 4 2 14 26 1942 3628 1984 3629
4984 4 2 14 26 1943 1814 1936 3616
4985 4 2 14 26 1933 3604 3602 3605
4986 4 2 14 26 1832 1847 2014 3641
4987 4 2 14 26 1749 1753 3585 3613
4988 4 2 14 26 3580 3581 3573 3600
4989 4 2 14 26 1975 1780 1784 3601
4990 4 2 14 26 1160 1854 1798 1935
4991 4 2 14 26 1956 2032 2034 3626
4992 4 2 14 26 1802 1989 1825 3603
4993 4 2 14 26 1783 1964 1151 1859
4994 4 2 14 26 2018 1984 1836 3628
4995 4 2 14 26 1780 1975 1154 1899
4996 4 2 14 26 2021 3589 3600 3621
4997 4 2 14 26 1976 1972 1867 3627
4998 4 2 14 26 1161 1160 1853 1792
4999 4 2 14 26 1762 3580 3621 3643
5000 4 2 14 26 1827 3610 2030 3638
5001 4 2 14 26 1958 1882 1134 1750
5002 4 2 14 26 3587 3588 3575 3603
5003 4 2 14 26 3590 3591 3579 3606
5004 4 2 14 26 1841 1817 1880 3607
5005 4 2 14 26 1911 1141 1882 1764
5006 4 2 14 26 1967 1992 1861 3643
5007 4 2 14 26 1946 1794 1159 1899
5008 4 2 14 26 1815 2019 2052 3625
5009 4 2 14 26 3583 3597 3611 3641
5010 4 2 14 26 1755 1771 1129 1130
5011 4 2 14 26 1785 1801 1149 1150
5012 4 2 14 26 1128 1756 1800 1127
5013 4 2 14 26 1140 1786 1770 1139
5014 4 2 14 26 2012 3606 1919 3636
5015 4 2 14 26 1895 3608 1962 3629
5016 4 2 14 26 1823 3627 3606 3634
5017 4 2 14 26 1153 1152 1868 1777
5018 4 2 14 26 3579 3583 3590 3603
5019 4 2 14 26 1781 1797 2076 3639
5020 4 2 14 26 3597 3581 3614 3624
5021 4 2 14 26 3575 3579 3587 3603
5022 4 2 14 26 1940 3597 3624 3641
5023 4 2 14 26 2028 3621 1862 3643
5024 4 2 14 26 1867 1972 1919 3627
5025 4 2 14 26 1795 1162 1916 1799
5026 4 2 14 26 1991 1847 3624 3641
5027 4 2 14 26 1940 3611 3597 3641
5028 4 2 14 26 2000 1826 1999 3636
5029 4 2 14 26 2030 1909 1994 3638
5030 4 2 14 26 2017 3607 3595 3625
5031 4 2 14 26 3582 3594 3588 3608
5032 4 2 14 26 1794 179 1159 1899
5033 4 2 14 26 3598 3600 3581 3624
5034 4 2 14 26 1749 1127 173 1795
5035 4 2 14 26 1764 175 1750 1129
5036 4 2 14 26 1780 1794 179 1149
5037 4 2 14 26 1898 1976 3627 3642
5038 4 2 14 26 3590 3609 3591 3634
5039 4 2 14 26 3586 3589 3582 3631
5040 4 2 14 26 3576 3573 3586 3589
5041 4 2 14 26 1790 1797 1801 3639
5042 4 2 14 26 1781 1776 1785 3639
5043 4 2 14 26 1950 3634 3609 3642
5044 4 2 14 26 1898 3627 1867 3642
5045 4 2 14 26 1151 1964 1779 1965
5046 4 2 14 26 3602 3605 3588 3615
5047 4 2 14 26 1864 1161 1866 1799
5048 4 2 14 26 175 1882 1141 1764
5049 4 2 14 26 2035 3615 3602 3628
5050 4 2 14 26 1781 180 2076 1797
5051 4 2 14 26 176 1751 1767 2074
5052 4 2 14 26 174 1796 1752 2073
5053 4 2 14 26 178 2075 1766 1782
5054 4 2 14 26 1992 1967 1862 3643
5055 4 2 14 26 1133 1132 2016 1747
5056 4 2 14 26 1929 3595 3585 3613
5057 4 2 14 26 1773 1779 1783 3584
5058 4 2 14 26 2021 1977 1879 3621
5059 4 2 14 26 1851 3616 1936 3640
5060 4 2 14 26 1999 1826 1919 3636
5061 4 2 14 26 1144 177 1765 1965
5062 4 2 14 26 3603 3611 3583 3626
5063 4 2 14 26 1134 1882 175 1750
5064 4 2 14 26 3572 3578 3575 3579
5065 4 2 14 26 1820 2030 1994 3638
5066 4 2 14 26 1851 1939 2047 3640
5067 4 2 14 26 1825 3603 3592 3626
5068 4 2 14 26 1815 2020 2019 3625
5069 4 2 14 26 1989 3603 3602 3604
5070 4 2 14 26 1823 3606 1808 3634
5071 4 2 14 26 179 1780 1154 1899
5072 4 2 14 26 3608 3615 3588 3616
5073 4 2 14 26 3585 3616 3595 3640
5074 4 2 14 26 3590 3583 3612 3626
5075 4 2 14 26 1961 2037 1829 3629
5076 4 2 14 26 1977 2028 1879 3621
5077 4 2 14 26 1142 1141 1910 1768
5078 4 2 14 26 173 1983 1131 1749
5079 4 2 14 26 1950 1823 3634 3642
5080 4 2 14 26 3579 3583 3574 3590
5081 4 2 14 26 1977 1862 3621 3643
5082 4 2 14 26 1950 1823 1951 3634
5083 4 2 14 26 1825 3592 3603 3604
5084 4 2 14 26 3581 3589 3573 3600
5085 4 2 14 26 2028 1954 1879 3621
5086 4 2 14 26 1930 3593 3607 3625
5087 4 2 14 26 1919 3606 3627 3636
5088 4 2 14 26 1956 3603 1825 3626
5089 4 2 14 26 1829 3629 2037 3637
5090 4 2 14 26 1960 1992 1862 3643
5091 4 2 14 26 3598 3620 1848 3641
5092 4 2 14 26 3576 3586 3619 3631
5093 4 2 14 26 3590 3606 3592 3627
5094 4 2 14 26 3576 3619 3589 3631
5095 4 2 14 26 1874 3624 3598 3641
5096 4 2 14 26 1891 3601 3591 3623
5097 4 2 14 26 1143 1861 1894 1769
5098 4 2 14 26 1162 1916 173 1795
5099 4 2 14 26 3594 3608 3582 3631
5100 4 2 14 26 1962 3608 1844 3629
5101 4 2 14 26 1766 1140 178 1782
5102 4 2 14 26 1796 1128 174 1752
5103 4 2 14 26 1797 1781 180 1150
5104 4 2 14 26 1767 1751 176 1130
5105 4 2 14 26 1132 1131 1926 1753
5106 4 2 14 26 1958 1134 2046 1754
5107 4 2 14 26 2038 1975 1784 3601
5108 4 2 14 26 1960 1822 3614 3643
5109 4 2 14 26 1820 1827 2030 3638
5110 4 2 14 26 1961 1942 2037 3629
5111 4 2 14 26 3591 3609 3596 3638
5112 4 2 14 26 1839 2056 1812 3631
5113 4 2 14 26 3592 3627 3606 3636
5114 4 2 14 26 1823 1872 1898 3642
5115 4 2 14 26 3587 3592 3579 3607
5116 4 2 14 26 3612 3626 1873 3642
5117 4 2 14 26 3575 3595 3585 3616
5118 4 2 14 26 1894 1769 1765 1144
5119 4 2 14 26 1975 2038 1784 1154
5120 4 2 14 26 3576 3589 3586 3631
5121 4 2 14 26 2037 3629 3628 3637
5122 4 2 14 26 3626 3627 1824 3642
5123 4 2 14 26 1948 3609 3610 3612
5124 4 2 14 26 1898 1872 1952 3642
5125 4 2 14 26 3575 3586 3582 3608
5126 4 2 14 26 3581 3582 3573 3589
5127 4 2 14 26 1152 1151 1859 1783
5128 4 2 14 26 3600 3614 3581 3624
5129 4 2 14 26 1796 174 1166 2073
5130 4 2 14 26 1781 2076 180 1158
5131 4 2 14 26 1752 1135 174 2073
5132 4 2 14 26 2075 178 1155 1782
5133 4 2 14 26 1148 178 2075 1766
5134 4 2 14 26 1163 2076 180 1797
5135 4 2 14 26 2074 176 1751 1138
5136 4 2 14 26 1145 176 1767 2074
5137 4 2 14 26 1162 1161 1864 1799
5138 4 2 14 26 3574 3609 3583 3638
5139 4 2 14 26 2015 1839 1812 3631
5140 4 2 14 26 1160 1159 1935 1798
5141 4 2 14 26 3595 3605 3587 3607
5142 4 2 14 26 1960 3614 1918 3643
5143 4 2 14 26 1943 2002 1814 3616
5144 4 2 14 26 3590 3603 3583 3626
5145 4 2 14 26 3574 3596 3609 3638
5146 4 2 14 26 3593 3607 3592 3636
5147 4 2 14 26 3592 3626 3590 3627
5148 4 2 14 26 2014 1847 2043 3641
5149 4 2 14 26 1134 1133 2046 1754
5150 4 2 14 26 3574 3596 3591 3609
5151 4 2 14 26 3581 3597 3583 3598
5152 4 2 14 26 3582 3599 3594 3631
5153 4 2 14 26 1154 1153 2038 1784
5154 4 2 14 26 2030 3610 3609 3638
5155 4 2 14 26 1768 1758 1764 3617
5156 4 2 14 26 3578 3607 3593 3625
5157 4 2 14 26 1143 1144 1769 1894
5158 4 2 14 26 3592 3593 3579 3607
5159 4 2 14 26 3578 3595 3607 3625
5160 4 2 14 26 1784 1780 1774 3601
5161 4 2 14 26 3592 3603 3590 3626
5162 4 2 14 26 3582 3608 3586 3631
5163 4 2 14 26 3591 3623 3606 3634
5164 4 2 14 26 3598 3599 3581 3600
5165 4 2 14 26 1939 1851 1936 3640
5166 4 2 14 26 3582 3594 3599 3620
5167 4 2 14 26 3590 3634 3627 3642
5168 4 2 14 26 3588 3602 3587 3605
5169 4 2 14 26 3575 3588 3595 3616
5170 4 2 14 26 3575 3588 3587 3595
5171 4 2 14 26 1977 3621 3600 3643
5172 4 2 14 26 3600 3614 1822 3643
5173 4 2 14 26 3576 3617 3589 3619
5174 4 2 14 26 3580 3581 3600 3614
5175 4 2 14 26 3579 3593 3592 3636
5176 4 2 14 26 3602 3603 3587 3604
5177 4 2 14 26 3591 3577 3606 3623
5178 4 2 14 26 3597 3598 3581 3624
5179 4 2 14 26 3579 3592 3606 3636
5180 4 2 14 26 3594 3602 3588 3628
5181 4 2 14 26 3588 3594 3628 3629
5182 4 2 14 26 3588 3608 3594 3629
5183 4 2 14 26 3589 3599 3582 3631
5184 4 2 14 26 3587 3605 3604 3607
5185 4 2 14 26 3606 3627 3590 3634
5186 4 2 14 26 1165 2072 1164 1793
5187 4 2 14 26 1763 1146 2070 1147
5188 4 2 14 26 1778 2071 1157 1156
5189 4 2 14 26 1136 1748 1137 2069
5190 4 2 14 26 3590 3612 3609 3642
5191 4 2 14 26 3592 3587 3603 3604
5192 4 2 14 26 3590 3592 3579 3603
5193 4 2 14 26 3587 3579 3592 3603
5194 4 2 14 26 3587 3604 3592 3607
5195 4 2 14 26 1850 1939 1936 3640
5196 4 2 14 26 3579 3606 3593 3636
5197 4 2 14 26 3583 3609 3590 3612
5198 4 2 14 26 3597 3598 3624 3641
5199 4 2 14 26 3590 3609 3634 3642
5200 4 2 14 26 3579 3592 3590 3606
5201 4 2 14 26 3583 3610 3609 3612
5202 4 2 14 26 3602 3604 3587 3605
5203 4 2 14 26 3580 3600 3621 3643
5204 4 2 14 26 3591 3601 3577 3623
5205 4 2 14 26 3597 3610 3583 3611
5206 4 2 14 26 3580 3614 3600 3643
5207 4 2 14 26 3583 3611 3610 3612
5208 4 2 14 26 3628 3629 3594 3637
5209 4 2 14 26 3602 3615 3588 3628
5210 4 2 14 26 3590 3626 3612 3642
5211 4 2 14 26 3590 3627 3626 3642
5212 4 2 14 26 1978 1825 3592 1987
5213 4 2 14 26 3592 1825 1978 3604
5214 4 2 14 26 3637 1974 1895 1885
5215 4 2 14 26 3637 1895 1974 3629
5216 4 2 14 26 3640 2016 3586 2039
5217 4 2 14 26 3640 3586 2016 1747
5218 4 2 14 26 3633 3635 3630 3573
5219 4 2 14 26 3630 3635 3633 2066
5220 4 2 14 26 3640 1742 1743 3585
5221 4 2 14 26 3640 1743 1742 1747
5222 4 2 14 26 3604 1970 1818 3592
5223 4 2 14 26 3604 1818 1970 2048
5224 4 2 14 26 1825 1928 3592 1987
5225 4 2 14 26 1825 3592 1928 3626
5226 4 2 14 26 2031 3637 1837 2009
5227 4 2 14 26 1837 3637 2031 3594
5228 4 2 14 26 3631 1941 1889 2015
5229 4 2 14 26 3631 1889 1941 3619
5230 4 2 14 26 3637 2031 1883 2009
5231 4 2 14 26 3637 1883 2031 3628
5232 4 2 14 26 2025 3612 1904 2060
5233 4 2 14 26 1904 3612 2025 3611
5234 4 2 14 26 1941 3631 1810 2015
5235 4 2 14 26 1810 3631 1941 3586
5236 4 2 14 26 1794 3601 1801 1780
5237 4 2 14 26 1794 1801 3601 3577
5238 4 2 14 26 1785 1801 3601 1780
5239 4 2 14 26 1785 3601 1801 3577
5240 4 2 14 26 3606 2062 3623 3593
5241 4 2 14 26 3606 3623 2062 1908
5242 4 2 14 26 1854 3623 2062 3593
5243 4 2 14 26 1854 2062 3623 1908
5244 4 2 14 26 3635 1744 3586 1742
5245 4 2 14 26 3635 3586 1744 3576
5246 4 2 14 26 3584 2054 1779 1860
5247 4 2 14 26 3584 1779 2054 1765
5248 4 2 14 26 1965 1779 2054 1860
5249 4 2 14 26 1965 2054 1779 1765
5250 4 2 14 26 3612 2025 1912 2060
5251 4 2 14 26 3612 1912 2025 3610
5252 4 2 14 26 3627 1998 3636 3592
5253 4 2 14 26 3627 3636 1998 1816
5254 4 2 14 26 3616 1931 2002 1814
5255 4 2 14 26 3616 2002 1931 3615
5256 4 2 14 26 1888 3600 1955 1809
5257 4 2 14 26 1955 3600 1888 3599
5258 4 2 14 26 3624 1940 1846 3597
5259 4 2 14 26 3624 1846 1940 2011
5260 4 2 14 26 3624 1849 1924 1923
5261 4 2 14 26 3624 1924 1849 3598
5262 4 2 14 26 1821 3610 1857 1920
5263 4 2 14 26 1857 3610 1821 3597
5264 4 2 14 26 3638 1868 3591 1909
5265 4 2 14 26 3638 3591 1868 3596
5266 4 2 14 26 3623 1808 1908 3606
5267 4 2 14 26 3623 1908 1808 2006
5268 4 2 14 26 3615 2024 1993 1887
5269 4 2 14 26 3615 1993 2024 3602
5270 4 2 14 26 1753 3613 1926 3585
5271 4 2 14 26 2047 1926 3613 3585
5272 4 2 14 26 2047 3613 1926 1875
5273 4 2 14 26 3640 2016 1132 1747
5274 4 2 14 26 3640 1132 2016 1850
5275 4 2 14 26 3625 1930 1841 3607
5276 4 2 14 26 3625 1841 1930 2052
5277 4 2 14 26 1803 3616 1845 1943
5278 4 2 14 26 1845 3616 1803 3595
5279 4 2 14 26 3620 3602 3582 3594
5280 4 2 14 26 3620 3582 3602 3603
5281 4 2 14 26 3588 3582 3602 3594
5282 4 2 14 26 3588 3602 3582 3603
5283 4 2 14 26 3613 1803 1917 1915
5284 4 2 14 26 3613 1917 1803 3595
5285 4 2 14 26 3620 3581 3599 3582
5286 4 2 14 26 3620 3599 3581 3598
5287 4 2 14 26 3625 1841 2017 3607
5288 4 2 14 26 3625 2017 1841 1815
5289 4 2 14 26 3626 1927 1873 2034
5290 4 2 14 26 3626 1873 1927 3612
5291 4 2 14 26 3612 1904 1833 3611
5292 4 2 14 26 3612 1833 1904 1927
5293 4 2 14 26 3641 1833 1832 3611
5294 4 2 14 26 3641 1832 1833 2014
5295 4 2 14 26 3627 1824 1871 3626
5296 4 2 14 26 3627 1871 1824 1976
5297 4 2 14 26 3579 3607 3578 3587
5298 4 2 14 26 3578 3607 3579 3593
5299 4 2 14 26 3608 3575 3616 3588
5300 4 2 14 26 3608 3616 3575 3586
5301 4 2 14 26 1931 3629 3615 3628
5302 4 2 14 26 1931 3615 3629 3608
5303 4 2 14 26 3588 3615 3629 3628
5304 4 2 14 26 3588 3629 3615 3608
5305 4 2 14 26 3613 1926 1749 1753
5306 4 2 14 26 3613 1749 1926 1875
5307 4 2 14 26 1131 1749 1926 1753
5308 4 2 14 26 1131 1926 1749 1875
5309 4 2 15 27 2100 2254 2256 1987
5310 4 2 15 27 2104 2209 2265 1828
5311 4 2 15 27 1992 2337 1960 1862
5312 4 2 15 27 1960 1862 2238 1959
5313 4 2 15 27 2027 2172 2003 1896
5314 4 2 15 27 2147 1872 1953 1952
5315 4 2 15 27 2120 2278 2351 2013
5316 4 2 15 27 2115 1840 1937 1988
5317 4 2 15 27 2259 2104 2294 2024
5318 4 2 15 27 2275 2136 2340 1874
5319 4 2 15 27 1900 2123 2347 1849
5320 4 2 15 27 2103 2151 2328 1880
5321 4 2 15 27 2200 1927 2339 1819
5322 4 2 15 27 2192 2311 2205 2048
5323 4 2 15 27 2167 2098 2147 1898
5324 4 2 15 27 2268 2128 2315 1986
5325 4 2 15 27 2274 1999 2101 2273
5326 4 2 15 27 2110 2097 2238 1959
5327 4 2 15 27 1886 2104 1828 2024
5328 4 2 15 27 1818 2093 2048 1937
5329 4 2 15 27 2353 2175 2354 1901
5330 4 2 15 27 2216 2327 2342 1944
5331 4 2 15 27 1952 2167 1824 2220
5332 4 2 15 27 2200 2060 1927 1819
5333 4 2 15 27 1934 2290 2003 2027
5334 4 2 15 27 2222 1867 1976 1972
5335 4 2 15 27 1946 1807 2051 2225
5336 4 2 15 27 2101 1826 1804 2012
5337 4 2 15 27 1180 1179 2215 1935
5338 4 2 15 27 2173 2172 2290 2027
5339 4 2 15 27 1872 1949 2230 2147
5340 4 2 15 27 2167 1898 1952 1824
5341 4 2 15 27 2172 1900 2003 1896
5342 4 2 15 27 1898 2167 1976 1824
5343 4 2 15 27 2350 2096 1821 2201
5344 4 2 15 27 2138 2222 2341 1871
5345 4 2 15 27 2027 1897 2173 1896
5346 4 2 15 27 2164 2084 2285 1888
5347 4 2 15 27 2128 2217 1941 1986
5348 4 2 15 27 2291 2131 2111 1858
5349 4 2 15 27 1819 2339 2200 2094
5350 4 2 15 27 2088 1880 2192 1922
5351 4 2 15 27 1918 1992 2337 1960
5352 4 2 15 27 2097 1822 1960 1959
5353 4 2 15 27 2200 2060 1819 2094
5354 4 2 15 27 2147 2244 1953 1949
5355 4 2 15 27 2263 2188 1925 2132
5356 4 2 15 27 2178 2094 2226 1912
5357 4 2 15 27 2295 2338 2183 2062
5358 4 2 15 27 2178 2226 2248 1968
5359 4 2 15 27 1914 2191 2201 2096
5360 4 2 15 27 1919 1867 1823 2098
5361 4 2 15 27 2247 2164 2336 1963
5362 4 2 15 27 2143 2256 2344 1876
5363 4 2 15 27 2142 2238 2337 1862
5364 4 2 15 27 2100 2233 2266 1825
5365 4 2 15 27 2229 2247 2354 1955
5366 4 2 15 27 2186 2123 2340 1849
5367 4 2 15 27 2125 2272 2281 2007
5368 4 2 15 27 2024 1887 2259 1993
5369 4 2 15 27 2281 2143 2344 1876
5370 4 2 15 27 2025 1932 2010 2286
5371 4 2 15 27 1999 2274 2101 1826
5372 4 2 15 27 1830 1901 2353 2354
5373 4 2 15 27 2266 1886 1989 1837
5374 4 2 15 27 2178 2286 2314 2025
5375 4 2 15 27 1812 2087 2059 1996
5376 4 2 15 27 1963 1830 2106 2247
5377 4 2 15 27 2094 2219 2244 1819
5378 4 2 15 27 1970 2311 2048 1818
5379 4 2 15 27 2232 1824 2356 2034
5380 4 2 15 27 2274 1855 2125 2092
5381 4 2 15 27 2115 2342 2327 1840
5382 4 2 15 27 2101 1919 1826 2012
5383 4 2 15 27 1915 1929 2193 1875
5384 4 2 15 27 2053 2052 1930 2326
5385 4 2 15 27 2265 1988 1989 1828
5386 4 2 15 27 2201 2349 1920 2350
5387 4 2 15 27 2273 1999 1816 1998
5388 4 2 15 27 2144 2195 2193 1915
5389 4 2 15 27 2157 2037 1984 1883
5390 4 2 15 27 2046 1852 2016 2322
5391 4 2 15 27 1819 2226 2244 2094
5392 4 2 15 27 2241 2085 2268 1962
5393 4 2 15 27 2134 2277 2286 2010
5394 4 2 15 27 2210 2209 2259 1993
5395 4 2 15 27 2319 2140 2171 2045
5396 4 2 15 27 2175 2229 2354 1955
5397 4 2 15 27 2035 1836 2018 2302
5398 4 2 15 27 2111 2124 2291 2005
5399 4 2 15 27 2252 1174 2335 2054
5400 4 2 15 27 1889 2293 2008 2015
5401 4 2 15 27 2015 1812 1839 2297
5402 4 2 15 27 2217 2085 2297 2015
5403 4 2 15 27 2148 2200 2232 1927
5404 4 2 15 27 2189 2011 1846 1921
5405 4 2 15 27 2173 2114 2261 1990
5406 4 2 15 27 2260 2092 2208 1979
5407 4 2 15 27 2053 1906 2052 2326
5408 4 2 15 27 2316 2041 1842 1905
5409 4 2 15 27 2267 2168 2316 2041
5410 4 2 15 27 1915 2193 2029 1875
5411 4 2 15 27 2355 2138 1871 1928
5412 4 2 15 27 2093 2281 2344 1818
5413 4 2 15 27 2226 1819 1912 2094
5414 4 2 15 27 2231 1951 1823 1808
5415 4 2 15 27 1921 2107 2189 2258
5416 4 2 15 27 1880 2151 2048 1970
5417 4 2 15 27 2276 2157 2306 1883
5418 4 2 15 27 2166 2116 2297 1839
5419 4 2 15 27 2282 1913 1820 1997
5420 4 2 15 27 2347 2175 1901 2187
5421 4 2 15 27 1812 2008 2293 2015
5422 4 2 15 27 1923 2340 2186 1874
5423 4 2 15 27 1900 2270 2353 2174
5424 4 2 15 27 2230 2098 1823 1872
5425 4 2 15 27 2140 1860 1964 1965
5426 4 2 15 27 2085 1810 1962 1895
5427 4 2 15 27 1951 1950 2230 1823
5428 4 2 15 27 2161 2294 2302 2035
5429 4 2 15 27 2045 1893 2345 2319
5430 4 2 15 27 2108 2109 2177 1904
5431 4 2 15 27 2192 2205 2327 1922
5432 4 2 15 27 2032 2099 2341 2227
5433 4 2 15 27 2205 2093 2048 2311
5434 4 2 15 27 1932 2277 2010 2286
5435 4 2 15 27 1962 2241 1961 1844
5436 4 2 15 27 2151 1880 1817 1970
5437 4 2 15 27 2110 2097 1959 1834
5438 4 2 15 27 2217 2085 2015 1810
5439 4 2 15 27 1881 2152 1947 1839
5440 4 2 15 27 2030 1820 1994 2312
5441 4 2 15 27 1930 2208 1817 1979
5442 4 2 15 27 2287 1883 1984 2018
5443 4 2 15 27 2261 1884 2009 1990
5444 4 2 15 27 2338 2053 1907 2062
5445 4 2 15 27 2290 1934 1838 2027
5446 4 2 15 27 2260 1979 1804 1826
5447 4 2 15 27 2143 2272 1928 1998
5448 4 2 15 27 2004 2270 2003 1934
5449 4 2 15 27 2139 1175 2251 1964
5450 4 2 15 27 1983 1916 2309 2029
5451 4 2 15 27 1935 1807 1946 2225
5452 4 2 15 27 2014 1832 2121 1847
5453 4 2 15 27 2098 2147 1898 1872
5454 4 2 15 27 2087 2285 2332 1996
5455 4 2 15 27 1996 2285 2021 1809
5456 4 2 15 27 1994 2030 2312 1909
5457 4 2 15 27 2152 1881 2056 1839
5458 4 2 15 27 2147 1898 1872 1952
5459 4 2 15 27 2098 2137 2199 1867
5460 4 2 15 27 1927 2148 1873 2034
5461 4 2 15 27 2104 1989 2265 2266
5462 4 2 15 27 1867 1898 1823 2098
5463 4 2 15 27 1841 2328 2050 1880
5464 4 2 15 27 2213 1832 2036 1940
5465 4 2 15 27 1827 1820 2095 1914
5466 4 2 15 27 2178 1856 2025 1912
5467 4 2 15 27 2052 2324 1930 2326
5468 4 2 15 27 2208 2324 1930 2103
5469 4 2 15 27 2208 2324 2326 1930
5470 4 2 15 27 2060 2177 1904 2025
5471 4 2 15 27 2327 2342 1944 1840
5472 4 2 15 27 1923 1925 2188 1924
5473 4 2 15 27 1841 1930 2208 1817
5474 4 2 15 27 2124 2328 2291 2050
5475 4 2 15 27 2110 2097 1834 2188
5476 4 2 15 27 2293 1812 2015 2297
5477 4 2 15 27 2103 2090 2324 2052
5478 4 2 15 27 2101 2274 2260 1826
5479 4 2 15 27 1173 1172 2228 1954
5480 4 2 15 27 2125 1998 2007 1855
5481 4 2 15 27 1921 1846 2189 1982
5482 4 2 15 27 2093 1937 2254 2205
5483 4 2 15 27 2103 2151 1880 2092
5484 4 2 15 27 2050 1813 2291 2005
5485 4 2 15 27 2230 1870 1949 1950
5486 4 2 15 27 2151 2311 2048 1970
5487 4 2 15 27 2340 1849 1923 2186
5488 4 2 15 27 2247 2152 2271 1881
5489 4 2 15 27 2004 2211 1934 1881
5490 4 2 15 27 1810 2085 2015 1895
5491 4 2 15 27 2336 2056 2087 2116
5492 4 2 15 27 2131 2209 2210 1938
5493 4 2 15 27 1935 1945 1807 2215
5494 4 2 15 27 2186 1991 1923 1874
5495 4 2 15 27 1928 2091 1998 2272
5496 4 2 15 27 2196 1142 1171 1910
5497 4 2 15 27 2009 2261 1990 2113
5498 4 2 15 27 2160 2287 2302 2018
5499 4 2 15 27 1931 1814 1844 2117
5500 4 2 15 27 2087 2332 2059 1996
5501 4 2 15 27 2125 2272 2007 1998
5502 4 2 15 27 2084 2238 2262 1959
5503 4 2 15 27 2306 1883 2031 2009
5504 4 2 15 27 2000 2274 1999 1826
5505 4 2 15 27 1950 2230 1805 1951
5506 4 2 15 27 2123 2275 2340 1849
5507 4 2 15 27 1935 2223 1945 2215
5508 4 2 15 27 2030 1820 2095 1827
5509 4 2 15 27 2134 2248 2063 1856
5510 4 2 15 27 1889 2165 2293 2297
5511 4 2 15 27 2161 2035 1971 1887
5512 4 2 15 27 1856 1968 2248 2063
5513 4 2 15 27 2095 2279 2282 1820
5514 4 2 15 27 1888 2285 1996 1809
5515 4 2 15 27 2179 1902 2051 1899
5516 4 2 15 27 1992 2337 1862 2142
5517 4 2 15 27 2286 2177 2314 2025
5518 4 2 15 27 1804 1979 2260 2053
5519 4 2 15 27 2177 2060 2314 2025
5520 4 2 15 27 1983 2269 173 1131
5521 4 2 15 27 2287 1883 2306 2157
5522 4 2 15 27 1866 1161 1864 2145
5523 4 2 15 27 2232 2034 1956 2227
5524 4 2 15 27 2086 2293 2331 2008
5525 4 2 15 27 2350 1920 2201 1821
5526 4 2 15 27 1934 2114 2211 2290
5527 4 2 15 27 1803 1929 1943 2078
5528 4 2 15 27 2285 2155 2332 1996
5529 4 2 15 27 1810 1941 2217 1986
5530 4 2 15 27 2200 2094 2314 2060
5531 4 2 15 27 2090 2299 2324 2052
5532 4 2 15 27 2328 2050 2017 1841
5533 4 2 15 27 1160 2129 1161 1853
5534 4 2 15 27 2252 1144 2054 1965
5535 4 2 15 27 2056 2152 1839 2116
5536 4 2 15 27 1933 2265 2209 1828
5537 4 2 15 27 1883 2287 1984 2157
5538 4 2 15 27 2271 2152 2211 1881
5539 4 2 15 27 1897 2173 1896 2122
5540 4 2 15 27 1173 1172 1954 1142
5541 4 2 15 27 1173 1142 1954 1143
5542 4 2 15 27 1900 2174 2123 1849
5543 4 2 15 27 2274 1855 2092 2000
5544 4 2 15 27 2168 1902 2316 2041
5545 4 2 15 27 2140 1964 2251 1965
5546 4 2 15 27 2015 1889 2293 2297
5547 4 2 15 27 1819 2060 1912 2094
5548 4 2 15 27 2170 2139 2251 1964
5549 4 2 15 27 1949 1872 2230 1950
5550 4 2 15 27 1175 183 2252 1151
5551 4 2 15 27 1894 1173 2141 1143
5552 4 2 15 27 2088 2151 2192 1880
5553 4 2 15 27 1887 2210 1938 2022
5554 4 2 15 27 1975 1902 2179 1899
5555 4 2 15 27 1858 1944 2216 2131
5556 4 2 15 27 1928 2143 2256 2198
5557 4 2 15 27 2021 2262 1977 1809
5558 4 2 15 27 1972 2222 1867 2246
5559 4 2 15 27 2176 1159 184 1899
5560 4 2 15 27 2090 2298 2300 1815
5561 4 2 15 27 2100 1865 2133 2254
5562 4 2 15 27 1171 1882 182 2163
5563 4 2 15 27 1828 1989 2265 2104
5564 4 2 15 27 2177 1932 1904 2025
5565 4 2 15 27 2133 1865 1989 1988
5566 4 2 15 27 2281 2250 2007 1818
5567 4 2 15 27 2163 1170 2236 1958
5568 4 2 15 27 1887 1971 2161 2022
5569 4 2 15 27 1142 2196 1171 1172
5570 4 2 15 27 1182 1181 2144 1864
5571 4 2 15 27 1886 1989 2104 2266
5572 4 2 15 27 2177 2200 2314 2060
5573 4 2 15 27 182 1170 2163 1882
5574 4 2 15 27 2115 1933 2342 1840
5575 4 2 15 27 2213 2120 2280 1940
5576 4 2 15 27 2323 1916 2144 2049
5577 4 2 15 27 1177 1176 2149 1868
5578 4 2 15 27 1152 2139 1859 1175
5579 4 2 15 27 1176 2139 2150 1869
5580 4 2 15 27 1873 2339 2148 1927
5581 4 2 15 27 2176 1159 1179 184
5582 4 2 15 27 1943 2203 2078 1929
5583 4 2 15 27 2203 1943 2078 2224
5584 4 2 15 27 2262 1809 2084 1959
5585 4 2 15 27 1845 2050 2017 2124
5586 4 2 15 27 1809 2262 1977 1959
5587 4 2 15 27 1921 2107 1982 2189
5588 4 2 15 27 2239 2276 1883 2157
5589 4 2 15 27 2138 2198 2334 1928
5590 4 2 15 27 2176 1154 1899 184
5591 4 2 15 27 1809 2021 2262 2084
5592 4 2 15 27 1168 1167 1926 1132
5593 4 2 15 27 2161 2210 2259 1887
5594 4 2 15 27 2093 2250 2281 1818
5595 4 2 15 27 1171 1882 1141 182
5596 4 2 15 27 1814 2089 1943 2214
5597 4 2 15 27 1142 1171 1910 1141
5598 4 2 15 27 2093 2048 2311 1818
5599 4 2 15 27 1144 2252 2054 1174
5600 4 2 15 27 2258 1847 2189 1921
5601 4 2 15 27 1943 2203 1851 2224
5602 4 2 15 27 1943 2203 1929 1851
5603 4 2 15 27 2108 2177 2207 1904
5604 4 2 15 27 2291 1813 1858 2005
5605 4 2 15 27 2291 1858 2111 2005
5606 4 2 15 27 2124 1845 2224 2078
5607 4 2 15 27 2021 2303 2262 2084
5608 4 2 15 27 1160 1181 2129 1180
5609 4 2 15 27 1181 1160 2129 1161
5610 4 2 15 27 1919 2199 2083 2012
5611 4 2 15 27 182 1170 1882 1134
5612 4 2 15 27 2286 2177 2025 1932
5613 4 2 15 27 1181 1864 2145 2144
5614 4 2 15 27 2272 2143 1928 2198
5615 4 2 15 27 2121 2108 2213 1832
5616 4 2 15 27 1827 2095 2030 2102
5617 4 2 15 27 1177 1176 1868 1152
5618 4 2 15 27 1177 1152 1868 1153
5619 4 2 15 27 2176 1154 184 1178
5620 4 2 15 27 2252 1144 183 1174
5621 4 2 15 27 2135 1940 2213 2036
5622 4 2 15 27 2221 2159 1947 2116
5623 4 2 15 27 2237 2161 2302 2035
5624 4 2 15 27 2103 2052 2324 1930
5625 4 2 15 27 2095 2279 1820 2312
5626 4 2 15 27 1152 2139 1175 1176
5627 4 2 15 27 1131 1132 1926 1167
5628 4 2 15 27 184 1899 1159 179
5629 4 2 15 27 2092 1841 2208 1817
5630 4 2 15 27 2057 2322 2046 1843
5631 4 2 15 27 2098 1919 2199 2083
5632 4 2 15 27 1803 1943 1845 2078
5633 4 2 15 27 2089 2154 2214 1814
5634 4 2 15 27 1868 1176 1869 1152
5635 4 2 15 27 1167 181 2269 1131
5636 4 2 15 27 1182 1181 1864 1161
5637 4 2 15 27 2205 1840 1937 2115
5638 4 2 15 27 2205 2115 1937 1988
5639 4 2 15 27 1990 2253 2114 2261
5640 4 2 15 27 1180 1179 1935 1160
5641 4 2 15 27 182 1882 1141 175
5642 4 2 15 27 2277 2207 2286 1932
5643 4 2 15 27 2165 1889 2329 2217
5644 4 2 15 27 1169 1132 2016 1133
5645 4 2 15 27 2014 1848 2321 2301
5646 4 2 15 27 2117 2089 1814 2154
5647 4 2 15 27 2194 1162 1916 173
5648 4 2 15 27 2047 1851 2203 2127
5649 4 2 15 27 182 1134 1882 175
5650 4 2 15 27 1817 2092 1841 1880
5651 4 2 15 27 1151 1152 1859 1175
5652 4 2 15 27 1943 2002 2089 1814
5653 4 2 15 27 1170 1169 2046 1133
5654 4 2 15 27 2313 2165 1889 2329
5655 4 2 15 27 2103 2328 2298 1841
5656 4 2 15 27 2194 1162 181 1182
5657 4 2 15 27 1154 184 179 1899
5658 4 2 15 27 2183 2295 2062 1908
5659 4 2 15 27 1175 1859 1964 2139
5660 4 2 15 27 2210 1993 1887 1938
5661 4 2 15 27 1143 1174 1894 1173
5662 4 2 15 27 1182 1161 1864 1162
5663 4 2 15 27 1937 2254 1865 1978
5664 4 2 15 27 1877 1962 2241 2268
5665 4 2 15 27 1159 1160 1935 1179
5666 4 2 15 27 2178 2226 1968 1912
5667 4 2 15 27 1809 2285 2021 2084
5668 4 2 15 27 2237 2161 2035 1971
5669 4 2 15 27 2157 2239 2305 2037
5670 4 2 15 27 2151 2092 2250 1970
5671 4 2 15 27 1131 181 2269 173
5672 4 2 15 27 2215 1180 1935 2130
5673 4 2 15 27 1832 2296 2213 2036
5674 4 2 15 27 1884 2242 2253 2158
5675 4 2 15 27 1902 2168 2316 2179
5676 4 2 15 27 2136 2186 1874 1991
5677 4 2 15 27 2046 1170 1133 1134
5678 4 2 15 27 2131 2291 1813 1858
5679 4 2 15 27 2303 2021 2285 2084
5680 4 2 15 27 2176 2179 2325 2051
5681 4 2 15 27 2319 2045 1893 2061
5682 4 2 15 27 2298 2017 1815 1841
5683 4 2 15 27 2253 2158 2261 1884
5684 4 2 15 27 1143 1174 1144 1894
5685 4 2 15 27 2180 2119 2329 2055
5686 4 2 15 27 2354 2106 1830 2247
5687 4 2 15 27 2337 1960 1862 2238
5688 4 2 15 27 1969 2242 1884 2158
5689 4 2 15 27 2272 2125 2273 1998
5690 4 2 15 27 1162 2194 181 173
5691 4 2 15 27 2089 2224 1943 2214
5692 4 2 15 27 2312 2030 2095 2102
5693 4 2 15 27 2193 2029 2049 1915
5694 4 2 15 27 2289 1845 1835 2002
5695 4 2 15 27 1181 1864 1161 2145
5696 4 2 15 27 2242 1969 2239 2158
5697 4 2 15 27 1931 2162 1890 2289
5698 4 2 15 27 2161 2237 2283 1971
5699 4 2 15 27 1845 2124 2224 2289
5700 4 2 15 27 1930 2208 1979 2326
5701 4 2 15 27 2152 2221 1947 2116
5702 4 2 15 27 2195 1917 1803 1915
5703 4 2 15 27 2115 1933 2265 2342
5704 4 2 15 27 2271 2004 1963 1881
5705 4 2 15 27 2250 2007 1818 1970
5706 4 2 15 27 2024 2161 2259 1887
5707 4 2 15 27 1912 2178 1856 1968
5708 4 2 15 27 2123 2275 1849 2174
5709 4 2 15 27 2120 2213 2278 1940
5710 4 2 15 27 2214 2224 1943 1851
5711 4 2 15 27 2103 1841 2092 1880
5712 4 2 15 27 2224 1845 1943 2078
5713 4 2 15 27 2157 2257 2287 1984
5714 4 2 15 27 2005 2291 2050 2124
5715 4 2 15 27 2017 2298 2328 1841
5716 4 2 15 27 2092 2103 2208 1841
5717 4 2 15 27 2271 1881 2211 2004
5718 4 2 15 27 2193 2195 2078 1915
5719 4 2 15 27 1878 2155 2021 1996
5720 4 2 15 27 2321 2043 1848 2014
5721 4 2 15 27 2148 1927 2232 2034
5722 4 2 15 27 2276 1969 2158 2239
5723 4 2 15 27 2168 2179 1902 2310
5724 4 2 15 27 1963 1888 2164 2056
5725 4 2 15 27 2056 2087 2164 2336
5726 4 2 15 27 1917 1803 2017 2195
5727 4 2 15 27 2052 2103 1841 1930
5728 4 2 15 27 2276 1883 1969 2239
5729 4 2 15 27 1832 2207 1932 1904
5730 4 2 15 27 2268 1877 1986 2315
5731 4 2 15 27 2207 2036 1832 1932
5732 4 2 15 27 2159 2242 2253 1981
5733 4 2 15 27 2280 2189 1847 2011
5734 4 2 15 27 1803 2078 2195 1915
5735 4 2 15 27 2040 2313 2288 2086
5736 4 2 15 27 2222 2137 1867 2246
5737 4 2 15 27 1836 2237 1971 2023
5738 4 2 15 27 2165 2293 2313 1889
5739 4 2 15 27 2130 1160 1935 1854
5740 4 2 15 27 2288 2001 2040 1811
5741 4 2 15 27 2260 2208 2326 1979
5742 4 2 15 27 2017 1815 2020 2298
5743 4 2 15 27 1973 2159 1981 2242
5744 4 2 15 27 1969 2158 1884 2009
5745 4 2 15 27 1979 2260 2000 1826
5746 4 2 15 27 2078 1929 2203 2193
5747 4 2 15 27 2185 1909 2146 1805
5748 4 2 15 27 2024 2161 2294 2259
5749 4 2 15 27 2093 2205 2048 1937
5750 4 2 15 27 1823 1950 2230 1872
5751 4 2 15 27 2155 2021 1980 1878
5752 4 2 15 27 1859 1175 1964 1151
5753 4 2 15 27 2238 2097 1960 1959
5754 4 2 15 27 1847 2258 2189 2121
5755 4 2 15 27 2147 1949 1953 1872
5756 4 2 15 27 2032 2099 1824 2341
5757 4 2 15 27 1961 2241 1962 1895
5758 4 2 15 27 2258 1847 2136 2121
5759 4 2 15 27 1842 1902 2041 2316
5760 4 2 15 27 2207 2177 2286 1932
5761 4 2 15 27 2198 2138 2355 1928
5762 4 2 15 27 1931 2212 2289 2089
5763 4 2 15 27 2020 2017 2298 1917
5764 4 2 15 27 2279 1994 1820 2312
5765 4 2 15 27 1151 2251 1964 1965
5766 4 2 15 27 2205 1840 2115 2327
5767 4 2 15 27 1839 2152 1947 2116
5768 4 2 15 27 1928 2256 2355 2198
5769 4 2 15 27 1811 2288 2197 2086
5770 4 2 15 27 2197 2026 1911 1811
5771 4 2 15 27 2110 1809 2229 1834
5772 4 2 15 27 1931 2212 2089 2117
5773 4 2 15 27 2053 1930 1979 2326
5774 4 2 15 27 2242 1969 1884 1973
5775 4 2 15 27 1809 2229 1888 2084
5776 4 2 15 27 2174 2123 2347 1900
5777 4 2 15 27 1847 2258 2136 1991
5778 4 2 15 27 2253 2221 2159 1981
5779 4 2 15 27 2008 2293 2059 1812
5780 4 2 15 27 173 181 2269 2194
5781 4 2 15 27 1809 1888 2285 2084
5782 4 2 15 27 2262 1977 1879 2021
5783 4 2 15 27 2130 1160 2249 1180
5784 4 2 15 27 2298 2195 2300 1917
5785 4 2 15 27 2274 2000 2260 1826
5786 4 2 15 27 1841 2103 2328 1880
5787 4 2 15 27 2242 1969 2105 2239
5788 4 2 15 27 2174 2347 2353 1900
5789 4 2 15 27 1981 2242 1884 1973
5790 4 2 15 27 2100 1825 1978 1987
5791 4 2 15 27 2099 2167 2220 1824
5792 4 2 15 27 2195 2144 2300 1917
5793 4 2 15 27 2080 1805 2230 1951
5794 4 2 15 27 1818 2311 2250 1970
5795 4 2 15 27 1811 2040 2288 2086
5796 4 2 15 27 1865 2100 1978 2254
5797 4 2 15 27 1855 2274 1999 2000
5798 4 2 15 27 2111 2210 2283 2022
5799 4 2 15 27 2270 2106 2271 2004
5800 4 2 15 27 1154 1975 2255 1899
5801 4 2 15 27 2001 2040 1903 2288
5802 4 2 15 27 1885 2116 1947 2159
5803 4 2 15 27 2002 1931 2289 2089
5804 4 2 15 27 2232 2099 2356 1824
5805 4 2 15 27 2244 2219 1953 1819
5806 4 2 15 27 2294 2160 2302 2035
5807 4 2 15 27 1931 1984 2257 1942
5808 4 2 15 27 2144 2049 1916 1864
5809 4 2 15 27 2271 2270 2004 2211
5810 4 2 15 27 2307 2026 2196 2197
5811 4 2 15 27 2228 1172 2156 1954
5812 4 2 15 27 2199 1919 2101 2012
5813 4 2 15 27 2140 2335 1860 2252
5814 4 2 15 27 1819 2226 1948 2244
5815 4 2 15 27 1819 2226 1912 1948
5816 4 2 15 27 2105 1969 1973 1829
5817 4 2 15 27 2259 2210 1993 1887
5818 4 2 15 27 2330 2055 2329 2119
5819 4 2 15 27 2254 1818 2093 2344
5820 4 2 15 27 1980 1142 1879 2156
5821 4 2 15 27 1878 2058 2331 2059
5822 4 2 15 27 2089 2002 1931 1814
5823 4 2 15 27 1142 2196 1980 1910
5824 4 2 15 27 2258 1831 2186 1991
5825 4 2 15 27 2184 2149 2317 1905
5826 4 2 15 27 2111 1890 2283 2162
5827 4 2 15 27 2255 1178 2318 1154
5828 4 2 15 27 2189 2280 1847 2121
5829 4 2 15 27 2208 2092 1817 1979
5830 4 2 15 27 1969 2242 2105 1973
5831 4 2 15 27 1934 2114 2221 2211
5832 4 2 15 27 1976 2099 1824 2167
5833 4 2 15 27 2001 1903 2163 2288
5834 4 2 15 27 2139 1869 1152 1859
5835 4 2 15 27 2107 2186 2258 1831
5836 4 2 15 27 2242 1884 2253 1981
5837 4 2 15 27 2270 2004 2211 1934
5838 4 2 15 27 1836 2302 2237 2112
5839 4 2 15 27 2041 2316 2267 1905
5840 4 2 15 27 2197 1910 1171 1911
5841 4 2 15 27 2144 1915 1917 2195
5842 4 2 15 27 2106 2353 1830 2270
5843 4 2 15 27 2303 2262 2156 2021
5844 4 2 15 27 2261 2009 2276 2113
5845 4 2 15 27 1159 2176 1946 1899
5846 4 2 15 27 1815 2300 2020 2298
5847 4 2 15 27 2084 1809 2229 2110
5848 4 2 15 27 2312 2185 1909 2146
5849 4 2 15 27 2331 2058 2008 2059
5850 4 2 15 27 1867 1919 2199 2098
5851 4 2 15 27 1813 2131 1858 2216
5852 4 2 15 27 2135 2213 2296 2036
5853 4 2 15 27 1990 2253 1884 1981
5854 4 2 15 27 2026 2331 1878 2058
5855 4 2 15 27 1170 2046 1958 1134
5856 4 2 15 27 2298 2300 2020 1917
5857 4 2 15 27 2130 1160 1180 1935
5858 4 2 15 27 1847 2258 1991 1921
5859 4 2 15 27 1963 2247 2271 1881
5860 4 2 15 27 2107 1921 1982 1831
5861 4 2 15 27 2210 2161 2022 1887
5862 4 2 15 27 1971 2283 2022 1890
5863 4 2 15 27 2197 1910 2196 1171
5864 4 2 15 27 1961 1942 2305 2037
5865 4 2 15 27 2186 2136 2258 1991
5866 4 2 15 27 2013 1846 2351 2120
5867 4 2 15 27 2338 1907 2182 1854
5868 4 2 15 27 1916 2049 2309 2029
5869 4 2 15 27 1880 2151 2192 2048
5870 4 2 15 27 2176 1159 1946 1179
5871 4 2 15 27 2031 1886 2160 1837
5872 4 2 15 27 2111 1890 2162 2289
5873 4 2 15 27 1949 1948 1870 2244
5874 4 2 15 27 1884 2009 2158 2261
5875 4 2 15 27 1814 1931 2089 2117
5876 4 2 15 27 2311 1818 2250 2093
5877 4 2 15 27 2213 2135 2278 1940
5878 4 2 15 27 1907 1853 2182 1966
5879 4 2 15 27 1931 2212 2162 2289
5880 4 2 15 27 2329 2313 2180 2055
5881 4 2 15 27 2186 1991 1831 1923
5882 4 2 15 27 2198 2272 2091 1928
5883 4 2 15 27 1910 2197 2026 1911
5884 4 2 15 27 1845 2005 2050 2124
5885 4 2 15 27 1176 2139 1869 1152
5886 4 2 15 27 2203 1875 2193 1929
5887 4 2 15 27 1964 2251 2333 2140
5888 4 2 15 27 2185 1994 2312 1909
5889 4 2 15 27 2296 1832 2213 2108
5890 4 2 15 27 2182 1907 1966 1854
5891 4 2 15 27 1916 2323 2144 2194
5892 4 2 15 27 2317 1905 2149 2042
5893 4 2 15 27 2053 1979 2260 2326
5894 4 2 15 27 2239 2105 2305 2037
5895 4 2 15 27 2145 1864 1866 2020
5896 4 2 15 27 2277 2135 2296 2036
5897 4 2 15 27 2242 2159 2243 1973
5898 4 2 15 27 1994 2185 2312 2279
5899 4 2 15 27 1917 2017 2298 2195
5900 4 2 15 27 2179 2255 1975 1899
5901 4 2 15 27 1958 1903 1843 2236
5902 4 2 15 27 1826 1804 2260 2101
5903 4 2 15 27 2160 2302 2035 2018
5904 4 2 15 27 2212 1931 2218 2117
5905 4 2 15 27 2149 2185 2317 2042
5906 4 2 15 27 2258 1921 1831 1991
5907 4 2 15 27 1970 1817 2092 1855
5908 4 2 15 27 2283 2161 1971 2022
5909 4 2 15 27 2296 1832 2207 2036
5910 4 2 15 27 2254 1818 2344 1978
5911 4 2 15 27 2197 1910 2026 2196
5912 4 2 15 27 1909 2185 2042 1805
5913 4 2 15 27 1842 2118 2316 2184
5914 4 2 15 27 2180 2163 1903 2288
5915 4 2 15 27 2095 1820 2030 2312
5916 4 2 15 27 2218 1961 2240 2117
5917 4 2 15 27 2210 2161 2283 2022
5918 4 2 15 27 2155 2307 2331 1878
5919 4 2 15 27 2303 2156 2264 2021
5920 4 2 15 27 2199 2137 2246 1867
5921 4 2 15 27 1921 2107 2258 1831
5922 4 2 15 27 2251 1151 2252 1965
5923 4 2 15 27 2162 2237 2284 2023
5924 4 2 15 27 1903 2313 2040 2055
5925 4 2 15 27 1869 2150 1994 1997
5926 4 2 15 27 2289 1890 1931 2002
5927 4 2 15 27 1847 2189 1921 2011
5928 4 2 15 27 2173 2172 2027 1896
5929 4 2 15 27 2136 2186 2340 1874
5930 4 2 15 27 1866 1853 2299 2019
5931 4 2 15 27 1905 1842 2316 2184
5932 4 2 15 27 2185 2149 1994 1909
5933 4 2 15 27 2099 2220 2356 1824
5934 4 2 15 27 2252 2140 2251 1965
5935 4 2 15 27 1990 2253 1981 1838
5936 4 2 15 27 2056 2164 1963 2336
5937 4 2 15 27 2149 1994 2279 2185
5938 4 2 15 27 1883 2276 1969 2009
5939 4 2 15 27 1842 2118 1975 2179
5940 4 2 15 27 1973 2159 1885 1981
5941 4 2 15 27 1931 2257 2218 1942
5942 4 2 15 27 2335 1894 2054 1174
5943 4 2 15 27 2225 2176 2325 2051
5944 4 2 15 27 1981 2159 1947 2221
5945 4 2 15 27 1897 2077 2122 1848
5946 4 2 15 27 2056 1963 1881 2336
5947 4 2 15 27 2152 2056 2336 2116
5948 4 2 15 27 1882 1958 1170 2163
5949 4 2 15 27 2299 1906 2052 2019
5950 4 2 15 27 2038 1868 2149 1905
5951 4 2 15 27 1827 2343 1920 2201
5952 4 2 15 27 2207 2277 2036 1932
5953 4 2 15 27 1855 1817 2092 2000
5954 4 2 15 27 2100 1978 2254 1987
5955 4 2 15 27 2185 2042 2149 1909
5956 4 2 15 27 2306 2276 2009 2113
5957 4 2 15 27 2131 2216 2342 1944
5958 4 2 15 27 2003 2290 2172 2027
5959 4 2 15 27 1832 2108 2207 1904
5960 4 2 15 27 2221 1881 2211 2152
5961 4 2 15 27 1858 1835 2111 2005
5962 4 2 15 27 2221 1838 1934 1947
5963 4 2 15 27 2343 1827 2102 2201
5964 4 2 15 27 1807 1935 2215 2225
5965 4 2 15 27 2276 1969 2009 2158
5966 4 2 15 27 2090 2300 2299 1815
5967 4 2 15 27 2159 1981 1947 1885
5968 4 2 15 27 2129 1161 2145 1181
5969 4 2 15 27 2218 2257 2305 1942
5970 4 2 15 27 2341 2138 1871 2355
5971 4 2 15 27 2228 2245 1173 1954
5972 4 2 15 27 2173 2114 1990 1838
5973 4 2 15 27 1947 1839 2116 1885
5974 4 2 15 27 2167 2147 1952 1898
5975 4 2 15 27 1875 1929 2203 2047
5976 4 2 15 27 1885 2243 1973 1974
5977 4 2 15 27 1958 1882 1170 1134
5978 4 2 15 27 1885 2243 1974 2166
5979 4 2 15 27 2086 1811 2040 2008
5980 4 2 15 27 2248 1856 2178 1968
5981 4 2 15 27 2105 1973 2243 1829
5982 4 2 15 27 1859 1964 2139 2170
5983 4 2 15 27 2207 2277 2296 2036
5984 4 2 15 27 2245 2141 1173 1143
5985 4 2 15 27 2149 2038 1153 1868
5986 4 2 15 27 2176 1154 2255 1899
5987 4 2 15 27 1973 2105 2243 2242
5988 4 2 15 27 2103 1841 1930 2208
5989 4 2 15 27 1858 1938 2111 1835
5990 4 2 15 27 2000 1817 2092 1979
5991 4 2 15 27 2096 1821 2352 2351
5992 4 2 15 27 2129 2145 1866 2299
5993 4 2 15 27 2267 1905 2184 2317
5994 4 2 15 27 1851 2047 2203 1929
5995 4 2 15 27 2098 1898 1823 1872
5996 4 2 15 27 1934 2114 2290 1838
5997 4 2 15 27 2253 1990 1884 2261
5998 4 2 15 27 1879 2156 2262 2021
5999 4 2 15 27 1880 1817 2092 2151
6000 4 2 15 27 1890 2111 1835 2289
6001 4 2 15 27 2009 2276 2158 2261
6002 4 2 15 27 2110 1924 2188 1834
6003 4 2 15 27 1175 2251 1151 2252
6004 4 2 15 27 2276 1883 2306 2009
6005 4 2 15 27 2176 1178 2255 1154
6006 4 2 15 27 2200 2148 2339 1927
6007 4 2 15 27 2151 2092 1970 1817
6008 4 2 15 27 1980 2026 2307 1878
6009 4 2 15 27 2176 2179 2051 1899
6010 4 2 15 27 1935 1179 1946 1159
6011 4 2 15 27 2177 2207 1904 1932
6012 4 2 15 27 2026 2196 1980 2307
6013 4 2 15 27 1903 2180 2313 2055
6014 4 2 15 27 2156 1879 2262 2308
6015 4 2 15 27 1915 2049 2144 1864
6016 4 2 15 27 2253 1990 2114 1838
6017 4 2 15 27 1905 2038 1842 2184
6018 4 2 15 27 1905 2316 2267 2184
6019 4 2 15 27 2114 1934 2221 1838
6020 4 2 15 27 1915 2144 1917 1864
6021 4 2 15 27 2320 2190 2044 1806
6022 4 2 15 27 1865 2100 1825 1978
6023 4 2 15 27 1910 1171 1911 1141
6024 4 2 15 27 1885 2159 2243 2166
6025 4 2 15 27 2331 2026 1878 2307
6026 4 2 15 27 1961 2243 1974 1829
6027 4 2 15 27 2311 2192 2151 2048
6028 4 2 15 27 2255 2318 2118 1975
6029 4 2 15 27 1980 2264 2156 2021
6030 4 2 15 27 2210 2209 1993 1938
6031 4 2 15 27 2221 1981 1838 1947
6032 4 2 15 27 2156 1879 1980 2021
6033 4 2 15 27 1848 2043 2321 1995
6034 4 2 15 27 2181 2129 1853 2299
6035 4 2 15 27 1973 2243 1829 1974
6036 4 2 15 27 2166 1885 1839 1895
6037 4 2 15 27 2182 2338 1854 2130
6038 4 2 15 27 1860 2140 2252 1965
6039 4 2 15 27 2289 1835 1890 2002
6040 4 2 15 27 2020 2019 2299 1815
6041 4 2 15 27 1964 2251 2170 2333
6042 4 2 15 27 2243 1885 1973 2159
6043 4 2 15 27 2179 2176 2255 1899
6044 4 2 15 27 2118 2255 1975 2179
6045 4 2 15 27 1902 1842 1975 2179
6046 4 2 15 27 2219 2094 2339 1819
6047 4 2 15 27 2129 1866 1853 2299
6048 4 2 15 27 2296 1832 2108 2207
6049 4 2 15 27 2198 2091 2334 1928
6050 4 2 15 27 2056 1881 2152 2336
6051 4 2 15 27 2196 2264 1980 2307
6052 4 2 15 27 1980 1910 2196 2026
6053 4 2 15 27 1143 1173 2245 1954
6054 4 2 15 27 1913 1859 2139 2044
6055 4 2 15 27 1843 2057 2322 2119
6056 4 2 15 27 1854 2338 2183 2130
6057 4 2 15 27 2019 2299 1866 2020
6058 4 2 15 27 2151 2250 2311 1970
6059 4 2 15 27 2257 1931 2218 2212
6060 4 2 15 27 1153 2149 1868 1177
6061 4 2 15 27 1868 2149 1905 2042
6062 4 2 15 27 1916 2049 2323 2309
6063 4 2 15 27 2126 1850 2039 2304
6064 4 2 15 27 2020 2299 2300 1815
6065 4 2 15 27 1903 1882 2163 1958
6066 4 2 15 27 2163 1882 1903 2001
6067 4 2 15 27 2226 1968 1912 1948
6068 4 2 15 27 1964 2251 1151 1175
6069 4 2 15 27 2149 1868 1994 1909
6070 4 2 15 27 2166 1961 1974 1895
6071 4 2 15 27 2153 2269 2309 1983
6072 4 2 15 27 2141 2171 1894 1861
6073 4 2 15 27 2181 1853 2129 2182
6074 4 2 15 27 2162 1931 2284 2212
6075 4 2 15 27 2246 2138 2334 1972
6076 4 2 15 27 2221 1881 2152 1947
6077 4 2 15 27 1868 2149 2042 1909
6078 4 2 15 27 1816 2199 1972 1919
6079 4 2 15 27 1894 2054 1174 1144
6080 4 2 15 27 1911 1882 2163 2001
6081 4 2 15 27 2166 1974 1885 1895
6082 4 2 15 27 2183 2223 1854 2130
6083 4 2 15 27 2194 1916 2323 2309
6084 4 2 15 27 2203 2204 1875 2047
6085 4 2 15 27 1813 1944 2216 1858
6086 4 2 15 27 2082 2292 2348 2006
6087 4 2 15 27 2088 2192 2327 1922
6088 4 2 15 27 1851 1936 1943 2214
6089 4 2 15 27 2115 2205 2265 1988
6090 4 2 15 27 2018 1886 2160 2031
6091 4 2 15 27 2088 1813 1880 1922
6092 4 2 15 27 2347 2175 2353 1901
6093 4 2 15 27 1830 1955 1901 2354
6094 4 2 15 27 1131 1875 1983 2153
6095 4 2 15 27 1914 2096 1821 1957
6096 4 2 15 27 2134 2178 2248 1856
6097 4 2 15 27 1822 1863 2132 2234
6098 4 2 15 27 2077 2113 2266 1837
6099 4 2 15 27 1806 1892 1893 2345
6100 4 2 15 27 1822 2097 1834 1959
6101 4 2 15 27 1806 1914 1957 2081
6102 4 2 15 27 1913 2190 1914 1806
6103 4 2 15 27 2345 2170 2319 1893
6104 4 2 15 27 2202 2097 2234 1822
6105 4 2 15 27 2292 1891 2231 1808
6106 4 2 15 27 2081 1806 2345 1892
6107 4 2 15 27 1909 1870 2146 1805
6108 4 2 15 27 2168 2292 2310 1891
6109 4 2 15 27 1856 2134 2010 2063
6110 4 2 15 27 2355 2032 1825 1928
6111 4 2 15 27 2147 2098 2230 1872
6112 4 2 15 27 1808 1891 2006 2292
6113 4 2 15 27 1816 2199 2273 2091
6114 4 2 15 27 2151 2088 2328 1880
6115 4 2 15 27 2048 2192 1880 1922
6116 4 2 15 27 2088 2131 2291 1813
6117 4 2 15 27 1944 1922 2327 1840
6118 4 2 15 27 1944 1840 2342 1933
6119 4 2 15 27 2265 1933 1988 1828
6120 4 2 15 27 1956 2227 2032 1825
6121 4 2 15 27 2281 1876 1818 2007
6122 4 2 15 27 2265 2209 2342 1933
6123 4 2 15 27 2104 1828 1989 1886
6124 4 2 15 27 2122 1896 1897 1848
6125 4 2 15 27 2224 2127 2203 1851
6126 4 2 15 27 2160 1886 2018 2035
6127 4 2 15 27 1828 2209 1933 1993
6128 4 2 15 27 2160 2266 1837 1886
6129 4 2 15 27 1852 1941 1986 2128
6130 4 2 15 27 1993 2209 1933 1938
6131 4 2 15 27 2135 1940 1857 2278
6132 4 2 15 27 1169 2016 2304 2322
6133 4 2 15 27 2214 2127 2224 1851
6134 4 2 15 27 2126 2304 2206 1850
6135 4 2 15 27 1926 2047 1875 2204
6136 4 2 15 27 2204 2127 2206 1939
6137 4 2 15 27 2234 1822 1863 1957
6138 4 2 15 27 2315 2154 1877 2126
6139 4 2 15 27 1861 1892 1918 2346
6140 4 2 15 27 2055 2330 1941 2057
6141 4 2 15 27 1852 2330 2128 2322
6142 4 2 15 27 2084 2164 2229 1888
6143 4 2 15 27 1955 2229 1888 1809
6144 4 2 15 27 2202 2234 1957 1822
6145 4 2 15 27 2087 2293 2297 1812
6146 4 2 15 27 2087 1812 1888 1996
6147 4 2 15 27 2122 2172 2173 1896
6148 4 2 15 27 1901 1900 2347 1849
6149 4 2 15 27 2014 2077 1848 2301
6150 4 2 15 27 2106 2353 2354 1830
6151 4 2 15 27 1901 2347 1900 2353
6152 4 2 15 27 1924 1901 2347 1849
6153 4 2 15 27 1900 1901 2353 1830
6154 4 2 15 27 1939 1851 2047 2127
6155 4 2 15 27 1955 2175 1901 2354
6156 4 2 15 27 1877 1850 2039 2126
6157 4 2 15 27 1963 2106 1830 2004
6158 4 2 15 27 2004 2106 1830 2270
6159 4 2 15 27 1830 2004 2270 2003
6160 4 2 15 27 2290 2003 2172 2270
6161 4 2 15 27 1888 2087 2164 2056
6162 4 2 15 27 1812 2087 1888 2056
6163 4 2 15 27 2173 1897 1838 1990
6164 4 2 15 27 1838 2027 1897 2173
6165 4 2 15 27 1837 2009 1990 2113
6166 4 2 15 27 2122 2301 2321 1848
6167 4 2 15 27 2077 2122 2173 1897
6168 4 2 15 27 1986 1962 1877 2268
6169 4 2 15 27 2315 2304 2126 2039
6170 4 2 15 27 2128 2217 2330 1941
6171 4 2 15 27 2015 1941 2217 1810
6172 4 2 15 27 1941 2217 1889 2015
6173 4 2 15 27 1877 1986 2315 2039
6174 4 2 15 27 2268 2154 2241 1877
6175 4 2 15 27 2154 2268 2315 1877
6176 4 2 15 27 2128 2268 2217 1986
6177 4 2 15 27 2126 1877 2315 2039
6178 4 2 15 27 1132 1850 1939 2206
6179 4 2 15 27 1170 1169 2322 2046
6180 4 2 15 27 2322 2046 1852 2057
6181 4 2 15 27 1852 2330 2322 2057
6182 4 2 15 27 2322 2330 2119 2057
6183 4 2 15 27 2016 1850 1132 2304
6184 4 2 15 27 1850 2016 2039 2304
6185 4 2 15 27 1943 1936 1814 2214
6186 4 2 15 27 1926 1939 2047 2204
6187 4 2 15 27 1802 1897 1848 2077
6188 4 2 15 27 1902 1891 2041 2168
6189 4 2 15 27 1806 1918 1892 2081
6190 4 2 15 27 2081 2202 2234 1957
6191 4 2 15 27 2190 1913 2044 1806
6192 4 2 15 27 2234 1821 2096 1957
6193 4 2 15 27 2234 1863 1821 1957
6194 4 2 15 27 2190 2282 2139 1913
6195 4 2 15 27 2095 2190 2191 1914
6196 4 2 15 27 2301 2121 2321 2014
6197 4 2 15 27 1802 1837 1897 2077
6198 4 2 15 27 1819 1949 1953 2244
6199 4 2 15 27 1848 2077 2014 1802
6200 4 2 15 27 2233 2077 2266 1802
6201 4 2 15 27 2350 2096 2351 1821
6202 4 2 15 27 2146 2080 2185 1805
6203 4 2 15 27 2350 1857 1920 1821
6204 4 2 15 27 1846 1863 1821 2352
6205 4 2 15 27 1924 1925 2188 1834
6206 4 2 15 27 1940 1846 2013 2120
6207 4 2 15 27 1857 2010 2349 1920
6208 4 2 15 27 2350 1857 2349 1920
6209 4 2 15 27 2278 2135 2350 1857
6210 4 2 15 27 2135 1857 1940 2036
6211 4 2 15 27 2277 2010 2036 1932
6212 4 2 15 27 1870 2230 2244 2146
6213 4 2 15 27 2230 1870 2244 1949
6214 4 2 15 27 2248 2343 2134 2063
6215 4 2 15 27 1859 1893 1964 2170
6216 4 2 15 27 1920 1914 1827 2201
6217 4 2 15 27 1827 2343 2063 1920
6218 4 2 15 27 2343 2201 2349 1920
6219 4 2 15 27 1821 1846 2352 2351
6220 4 2 15 27 2201 1920 1914 1821
6221 4 2 15 27 2096 2201 1914 1821
6222 4 2 15 27 1863 2132 1925 1822
6223 4 2 15 27 2013 1857 1940 2278
6224 4 2 15 27 1821 1846 2351 2013
6225 4 2 15 27 2278 1940 2013 2120
6226 4 2 15 27 2189 2120 2352 1846
6227 4 2 15 27 2280 1847 1940 2011
6228 4 2 15 27 2107 2189 2263 1982
6229 4 2 15 27 1901 2175 1955 1834
6230 4 2 15 27 2347 1901 1924 2187
6231 4 2 15 27 1923 1849 2340 1874
6232 4 2 15 27 1847 1991 2136 1874
6233 4 2 15 27 1809 1955 2229 1834
6234 4 2 15 27 2081 2190 2320 1806
6235 4 2 15 27 2097 2337 2238 1960
6236 4 2 15 27 1822 1957 2202 1918
6237 4 2 15 27 1957 2202 1918 2081
6238 4 2 15 27 2142 1862 1992 1967
6239 4 2 15 27 2238 2142 2262 1862
6240 4 2 15 27 2084 2110 2238 1959
6241 4 2 15 27 2081 2320 2345 1806
6242 4 2 15 27 2169 2171 2346 1892
6243 4 2 15 27 1892 2345 2081 2169
6244 4 2 15 27 1893 1892 2045 2345
6245 4 2 15 27 2141 2235 2346 1861
6246 4 2 15 27 2346 2141 1861 2171
6247 4 2 15 27 1892 1894 2045 2171
6248 4 2 15 27 2335 1894 1174 2171
6249 4 2 15 27 1174 1173 2171 1894
6250 4 2 15 27 2235 2142 2337 1992
6251 4 2 15 27 1861 1143 1894 2141
6252 4 2 15 27 1954 1143 1967 2245
6253 4 2 15 27 1891 1902 2033 2310
6254 4 2 15 27 2310 2168 1891 1902
6255 4 2 15 27 2006 1807 1945 2082
6256 4 2 15 27 1807 2006 2033 2082
6257 4 2 15 27 1871 2032 2341 2355
6258 4 2 15 27 2168 2231 2292 1891
6259 4 2 15 27 2219 2147 2244 1953
6260 4 2 15 27 2325 2310 2082 2033
6261 4 2 15 27 2041 2267 1985 1905
6262 4 2 15 27 1985 2042 2080 1805
6263 4 2 15 27 1805 2080 1985 1951
6264 4 2 15 27 2034 1956 2227 2032
6265 4 2 15 27 2080 2146 2230 1805
6266 4 2 15 27 2080 2230 2231 1951
6267 4 2 15 27 1891 1808 1951 2231
6268 4 2 15 27 2231 2083 2292 1808
6269 4 2 15 27 2147 2219 1952 1953
6270 4 2 15 27 2167 2147 2220 1952
6271 4 2 15 27 1873 2356 1824 2034
6272 4 2 15 27 1833 2109 1904 1927
6273 4 2 15 27 2147 2230 2244 1949
6274 4 2 15 27 2233 2109 2301 1833
6275 4 2 15 27 1873 2339 1927 1819
6276 4 2 15 27 1819 1948 1949 2244
6277 4 2 15 27 2232 2109 1927 2200
6278 4 2 15 27 2227 2232 2233 1956
6279 4 2 15 27 2233 1833 1802 1956
6280 4 2 15 27 2341 2227 2355 2032
6281 4 2 15 27 1802 2233 1956 1825
6282 4 2 15 27 1928 1876 2143 1998
6283 4 2 15 27 2250 2125 2281 2007
6284 4 2 15 27 1978 1818 2344 1876
6285 4 2 15 27 2355 1871 2032 1928
6286 4 2 15 27 2032 2341 1824 1871
6287 4 2 15 27 2222 2167 2099 1976
6288 4 2 15 27 1972 1928 2334 1816
6289 4 2 15 27 1928 2091 2334 1816
6290 4 2 15 27 1928 2091 1816 1998
6291 4 2 15 27 1871 2222 1976 1972
6292 4 2 15 27 1818 2344 1876 2281
6293 4 2 15 27 2199 2101 2295 2012
6294 4 2 15 27 2079 2101 2260 1804
6295 4 2 15 27 2083 1808 1919 2012
6296 4 2 15 27 1808 2292 2006 2348
6297 4 2 15 27 2083 1808 2012 2295
6298 4 2 15 27 2012 2295 1908 2062
6299 4 2 15 27 2295 2183 2348 1908
6300 4 2 15 27 1808 2012 2295 1908
6301 4 2 15 27 1908 1854 2062 2183
6302 4 2 15 27 2053 2079 1804 2062
6303 4 2 15 27 2079 2338 2295 2062
6304 4 2 15 27 1813 2131 2216 2088
6305 4 2 15 27 2062 2338 2183 1854
6306 4 2 15 27 1907 2338 2062 1854
6307 4 2 15 27 1935 1854 1945 2223
6308 4 2 15 27 1179 2176 2225 1946
6309 4 2 15 27 2199 2295 2083 2012
6310 4 2 15 27 2135 2349 2350 1857
6311 4 2 15 27 2153 2203 1875 2193
6312 4 2 15 27 2190 2139 2044 1913
6313 4 2 15 27 2127 2204 2203 2047
6314 4 2 15 27 2204 2127 1939 2047
6315 4 2 15 27 2301 2122 2077 1848
6316 4 2 15 27 1908 1808 2006 2348
6317 4 2 15 27 1173 1894 2141 2171
6318 4 2 15 27 2292 2083 2348 1808
6319 4 2 15 27 2225 2082 2215 1807
6320 4 2 15 27 2113 2266 1837 2160
6321 4 2 15 27 2204 2153 2203 1875
6322 4 2 15 27 2187 2188 2110 1924
6323 4 2 15 27 2147 2219 2220 1952
6324 4 2 15 27 2352 2120 2351 1846
6325 4 2 15 27 2139 2320 2190 2044
6326 4 2 15 27 1168 1167 2204 1926
6327 4 2 15 27 2134 2349 2277 2010
6328 4 2 15 27 1918 1806 1957 2081
6329 4 2 15 27 2234 2097 2132 1822
6330 4 2 15 27 2133 2265 2205 1988
6331 4 2 15 27 2160 2104 2266 1886
6332 4 2 15 27 2132 2352 2234 1863
6333 4 2 15 27 2352 2132 2263 1863
6334 4 2 15 27 2035 2160 2024 2294
6335 4 2 15 27 2035 2024 2160 1886
6336 4 2 15 27 2104 2024 2160 2294
6337 4 2 15 27 2104 2160 2024 1886
6338 4 2 15 27 1972 2138 1928 1871
6339 4 2 15 27 1972 1928 2138 2334
6340 4 2 15 27 2209 2104 1993 1828
6341 4 2 15 27 2209 1993 2104 2259
6342 4 2 15 27 2024 1993 2104 1828
6343 4 2 15 27 2024 2104 1993 2259
6344 4 2 15 27 1179 2225 1935 1946
6345 4 2 15 27 1179 1935 2225 2215
6346 4 2 15 27 2351 1821 1857 2350
6347 4 2 15 27 1857 1821 2351 2013
6348 4 2 15 27 1857 2278 2351 2350
6349 4 2 15 27 2351 2278 1857 2013
6350 4 2 15 27 1833 2233 2014 2301
6351 4 2 15 27 1833 2014 2233 1802
6352 4 2 15 27 2077 2014 2233 2301
6353 4 2 15 27 2077 2233 2014 1802
6354 4 2 15 27 1988 1933 2115 1840
6355 4 2 15 27 2115 1933 1988 2265
6356 4 2 15 27 1922 1840 2205 2327
6357 4 2 15 27 2205 1840 1922 1937
6358 4 2 15 27 1848 2275 2321 2122
6359 4 2 15 27 1848 2321 2275 1995
6360 4 2 15 27 2201 2191 1827 2102
6361 4 2 15 27 2201 1827 2191 1914
6362 4 2 15 27 2095 1827 2191 2102
6363 4 2 15 27 2095 2191 1827 1914
6364 4 2 15 27 2188 2132 1822 1925
6365 4 2 15 27 1822 2132 2188 2097
6366 4 2 15 27 1822 1834 2188 1925
6367 4 2 15 27 2188 1834 1822 2097
6368 4 2 15 27 2081 2190 1914 2191
6369 4 2 15 27 2081 1914 2190 1806
6370 4 2 15 27 2345 2169 2045 2319
6371 4 2 15 27 2345 2045 2169 1892
6372 4 2 15 27 2171 2045 2169 2319
6373 4 2 15 27 2171 2169 2045 1892
6374 4 2 15 27 2231 1823 2230 2098
6375 4 2 15 27 2231 2230 1823 1951
6376 4 2 15 27 2062 2295 1804 2012
6377 4 2 15 27 2062 1804 2295 2079
6378 4 2 15 27 2101 1804 2295 2012
6379 4 2 15 27 2101 2295 1804 2079
6380 4 2 15 27 2234 2352 1821 1863
6381 4 2 15 27 2234 1821 2352 2096
6382 4 2 15 27 2304 2206 1132 1168
6383 4 2 15 27 2304 1132 2206 1850
6384 4 2 15 27 2133 1989 2265 1988
6385 4 2 15 27 2133 2265 1989 2266
6386 4 2 15 27 1874 2275 1849 2340
6387 4 2 15 27 1849 2275 1874 1995
6388 4 2 15 27 1861 1967 2235 1992
6389 4 2 15 27 2172 2270 1900 2174
6390 4 2 15 27 1900 2270 2172 2003
6391 4 2 15 27 2087 2293 2059 2332
6392 4 2 15 27 2087 2059 2293 1812
6393 4 2 15 27 2247 1830 1955 1963
6394 4 2 15 27 2247 1955 1830 2354
6395 4 2 15 27 2330 2217 2055 1941
6396 4 2 15 27 2330 2055 2217 2329
6397 4 2 15 27 1889 2055 2217 1941
6398 4 2 15 27 1889 2217 2055 2329
6399 4 2 15 27 1862 1959 2262 2238
6400 4 2 15 27 2262 1959 1862 1977
6401 4 2 15 27 2309 2193 2049 2323
6402 4 2 15 27 2309 2049 2193 2029
6403 4 2 15 27 2007 1876 2143 2281
6404 4 2 15 27 2143 1876 2007 1998
6405 4 2 15 27 2143 2272 2007 2281
6406 4 2 15 27 2007 2272 2143 1998
6407 4 2 15 27 2270 2290 1934 2211
6408 4 2 15 27 1934 2290 2270 2003
6409 4 2 15 27 2231 2098 1808 1823
6410 4 2 15 27 2231 1808 2098 2083
6411 4 2 15 27 1919 1808 2098 1823
6412 4 2 15 27 1919 2098 1808 2083
6413 4 2 15 27 1876 2256 1928 2143
6414 4 2 15 27 1876 1928 2256 1987
6415 4 2 15 27 2123 2347 1924 2187
6416 4 2 15 27 2123 1924 2347 1849
6417 4 2 15 27 1923 2123 1924 2187
6418 4 2 15 27 1923 1924 2123 1849
6419 4 2 15 27 2186 2123 1923 2187
6420 4 2 15 27 2186 1923 2123 1849
6421 4 2 15 27 1888 2087 2285 2164
6422 4 2 15 27 2285 2087 1888 1996
6423 4 2 15 27 2060 2200 1904 2177
6424 4 2 15 27 2060 1904 2200 1927
6425 4 2 15 27 2109 1904 2200 2177
6426 4 2 15 27 2109 2200 1904 1927
6427 4 2 15 27 1976 1867 2167 1898
6428 4 2 15 27 2098 1867 2167 2137
6429 4 2 15 27 2098 2167 1867 1898
6430 4 2 15 27 2099 2032 2232 2227
6431 4 2 15 27 2099 2232 2032 1824
6432 4 2 15 27 2034 2232 2032 2227
6433 4 2 15 27 2034 2032 2232 1824
6434 4 2 15 27 2338 2079 2053 2062
6435 4 2 15 27 2338 2053 2079 2326
6436 4 2 15 27 1940 2280 1846 2120
6437 4 2 15 27 1940 1846 2280 2011
6438 4 2 15 27 2189 1846 2280 2120
6439 4 2 15 27 2189 2280 1846 2011
6440 4 2 15 27 2256 1928 1825 1987
6441 4 2 15 27 1825 1928 2256 2355
6442 4 2 15 27 1825 2100 2256 1987
6443 4 2 15 27 2256 2100 1825 2355
6444 4 2 15 27 2333 1964 1893 2170
6445 4 2 15 27 1893 1964 2333 2061
6446 4 2 15 27 1893 2319 2333 2170
6447 4 2 15 27 2333 2319 1893 2061
6448 4 2 15 27 2188 1923 2187 2186
6449 4 2 15 27 2187 1923 2188 1924
6450 4 2 15 27 1831 1925 2188 1923
6451 4 2 15 27 1831 2186 2188 2107
6452 4 2 15 27 2188 2186 1831 1923
6453 4 2 15 27 2188 2263 1831 2107
6454 4 2 15 27 2188 1831 2263 1925
6455 4 2 15 27 1982 1831 2263 2107
6456 4 2 15 27 1982 2263 1831 1925
6457 4 2 15 27 1865 2100 1989 1825
6458 4 2 15 27 1865 1989 2100 2133
6459 4 2 15 27 2266 1989 2100 1825
6460 4 2 15 27 2266 2100 1989 2133
6461 4 2 15 27 2247 2336 1881 1963
6462 4 2 15 27 2247 1881 2336 2152
6463 4 2 15 27 2007 2125 1970 2250
6464 4 2 15 27 2007 1970 2125 1855
6465 4 2 15 27 2092 1970 2125 2250
6466 4 2 15 27 2092 2125 1970 1855
6467 4 2 15 27 2202 2346 1892 2169
6468 4 2 15 27 1892 2346 2202 1918
6469 4 2 15 27 1892 2081 2202 2169
6470 4 2 15 27 2202 2081 1892 1918
6471 4 2 15 27 2193 2144 2049 2323
6472 4 2 15 27 2193 2049 2144 1915
6473 4 2 15 27 2290 2173 1838 2114
6474 4 2 15 27 2290 1838 2173 2027
6475 4 2 15 27 2322 2236 1843 2119
6476 4 2 15 27 1963 2106 2271 2247
6477 4 2 15 27 1963 2271 2106 2004
6478 4 2 15 27 2235 1967 2142 1992
6479 4 2 15 27 2235 2142 1967 2245
6480 4 2 15 27 2209 1933 2131 2342
6481 4 2 15 27 1944 1933 2131 1858
6482 4 2 15 27 1944 2131 1933 2342
6483 4 2 15 27 2081 1914 2234 2191
6484 4 2 15 27 2081 2234 1914 1957
6485 4 2 15 27 2096 2234 1914 2191
6486 4 2 15 27 2096 1914 2234 1957
6487 4 2 15 27 2217 2085 1986 2268
6488 4 2 15 27 2217 1986 2085 1810
6489 4 2 15 27 1962 1986 2085 2268
6490 4 2 15 27 1962 2085 1986 1810
6491 4 2 15 27 2273 2274 1855 2125
6492 4 2 15 27 1855 2274 2273 1999
6493 4 2 15 27 1855 1998 2273 2125
6494 4 2 15 27 2273 1998 1855 1999
6495 4 2 15 27 2254 2256 1876 2344
6496 4 2 15 27 1876 2256 2254 1987
6497 4 2 15 27 1876 1978 2254 2344
6498 4 2 15 27 2254 1978 1876 1987
6499 4 2 15 27 2034 2356 2148 1873
6500 4 2 15 27 2034 2148 2356 2232
6501 4 2 15 27 2035 2024 2161 2294
6502 4 2 15 27 2035 2161 2024 1887
6503 4 2 15 27 2214 2127 1939 2206
6504 4 2 15 27 2214 1939 1850 2206
6505 4 2 15 27 1850 1939 2214 1936
6506 4 2 15 27 2214 1850 2126 2206
6507 4 2 15 27 1844 2241 1877 1962
6508 4 2 15 27 2048 1922 2205 2192
6509 4 2 15 27 2048 2205 1922 1937
6510 4 2 15 27 1894 1860 2335 2054
6511 4 2 15 27 2233 1833 2232 2109
6512 4 2 15 27 2233 2232 1833 1956
6513 4 2 15 27 2034 1833 2232 1956
6514 4 2 15 27 2297 2217 1889 2165
6515 4 2 15 27 2297 1889 2217 2015
6516 4 2 15 27 1920 2343 2010 2349
6517 4 2 15 27 1920 2010 2343 2063
6518 4 2 15 27 2134 2010 2343 2349
6519 4 2 15 27 2134 2343 2010 2063
6520 4 2 15 27 2140 2045 1894 2171
6521 4 2 15 27 1894 2045 2140 1860
6522 4 2 15 27 1894 2335 2140 2171
6523 4 2 15 27 2140 2335 1894 1860
6524 4 2 15 27 2241 2117 1877 2154
6525 4 2 15 27 2241 1877 2117 1844
6526 4 2 15 27 1814 1877 2117 2154
6527 4 2 15 27 1814 2117 1877 1844
6528 4 2 15 27 2326 2338 1907 2182
6529 4 2 15 27 2326 1907 2338 2053
6530 4 2 15 27 2079 2260 2053 1804
6531 4 2 15 27 2079 2053 2260 2326
6532 4 2 15 27 1836 2035 2237 2302
6533 4 2 15 27 1836 2237 2035 1971
6534 4 2 15 27 1875 1131 1167 2153
6535 4 2 15 27 1167 1131 1875 1926
6536 4 2 15 27 1167 2204 1875 2153
6537 4 2 15 27 1875 2204 1167 1926
6538 4 2 15 27 2215 1945 2082 2223
6539 4 2 15 27 2215 2082 1945 1807
6540 4 2 15 27 2297 2087 1839 2116
6541 4 2 15 27 2297 1839 2087 1812
6542 4 2 15 27 2056 1839 2087 2116
6543 4 2 15 27 2056 2087 1839 1812
6544 4 2 15 27 1927 2232 1833 2109
6545 4 2 15 27 1927 1833 2232 2034
6546 4 2 15 27 1818 1937 2254 2093
6547 4 2 15 27 1818 2254 1937 1978
6548 4 2 15 27 1883 2037 2239 2157
6549 4 2 15 27 1883 2239 2037 1969
6550 4 2 15 27 2131 2111 1938 2210
6551 4 2 15 27 2131 1938 2111 1858
6552 4 2 15 27 1851 2214 1939 1936
6553 4 2 15 27 1851 1939 2214 2127
6554 4 2 15 27 1871 2222 1824 1976
6555 4 2 15 27 1871 1824 2222 2341
6556 4 2 15 27 2099 1824 2222 1976
6557 4 2 15 27 2099 2222 1824 2341
6558 4 2 15 27 2214 2126 1877 2154
6559 4 2 15 27 2214 1814 1877 1936
6560 4 2 15 27 1877 1814 2214 2154
6561 4 2 15 27 2330 1941 1852 2128
6562 4 2 15 27 2330 1852 1941 2057
6563 4 2 15 27 1847 2280 2213 2121
6564 4 2 15 27 2213 2280 1847 1940
6565 4 2 15 27 2213 1832 1847 2121
6566 4 2 15 27 1847 1832 2213 1940
6567 4 2 15 27 2178 2094 2060 2314
6568 4 2 15 27 2060 2094 2178 1912
6569 4 2 15 27 2060 2025 2178 2314
6570 4 2 15 27 2178 2025 2060 1912
6571 4 2 15 27 2241 2085 1895 2166
6572 4 2 15 27 2241 1895 2085 1962
6573 4 2 15 27 2349 1857 2277 2010
6574 4 2 15 27 2349 2277 1857 2135
6575 4 2 15 27 2036 2277 1857 2010
6576 4 2 15 27 2036 1857 2277 2135
6577 4 2 15 27 2226 2312 1948 2146
6578 4 2 15 27 1948 2312 1870 2146
6579 4 2 15 27 1948 1870 2312 2030
6580 4 2 15 27 1870 2312 1909 2146
6581 4 2 15 27 1870 1909 2312 2030
6582 4 2 15 27 2270 1900 1830 2003
6583 4 2 15 27 2270 1830 1900 2353
6584 4 2 15 27 2025 2010 2134 2286
6585 4 2 15 27 2134 2010 2025 1856
6586 4 2 15 27 2134 2178 2025 2286
6587 4 2 15 27 2025 2178 2134 1856
6588 4 2 15 27 2124 2328 2017 2298
6589 4 2 15 27 2017 2328 2124 2050
6590 4 2 15 27 2229 2164 1963 1888
6591 4 2 15 27 1963 2164 2229 2247
6592 4 2 15 27 1963 1955 2229 1888
6593 4 2 15 27 2229 1955 1963 2247
6594 4 2 15 27 1915 1929 2078 2193
6595 4 2 15 27 1915 2078 1929 1803
6596 4 2 15 27 2295 1808 2348 2083
6597 4 2 15 27 2295 2348 1808 1908
6598 4 2 15 27 1802 2266 1825 1989
6599 4 2 15 27 1802 1825 2266 2233
6600 4 2 15 27 2306 2160 1837 2031
6601 4 2 15 27 1837 2160 2306 2113
6602 4 2 15 27 1837 2009 2306 2031
6603 4 2 15 27 2306 2009 1837 2113
6604 4 2 15 27 1961 1844 2218 1942
6605 4 2 15 27 1961 2218 1844 2117
6606 4 2 15 27 1931 2218 1844 1942
6607 4 2 15 27 1931 1844 2218 2117
6608 4 2 15 27 2000 2092 2260 1979
6609 4 2 15 27 2000 2260 2092 2274
6610 4 2 15 27 1825 2233 2227 2100
6611 4 2 15 27 1825 2227 2233 1956
6612 4 2 15 27 2110 1959 1809 1834
6613 4 2 15 27 2110 1809 1959 2084
6614 4 2 15 27 1144 1965 183 177
6615 4 2 15 27 1144 183 1965 2252
6616 4 2 15 27 1151 183 1965 177
6617 4 2 15 27 1151 1965 183 2252
6618 4 2 15 27 2129 2249 1160 1180
6619 4 2 15 27 2318 1975 1154 2038
6620 4 2 15 27 1154 1975 2318 2255
6621 4 2 15 27 1948 2244 2146 1870
6622 4 2 15 27 1948 2146 2244 2226
6623 4 2 15 27 1883 2287 2031 2018
6624 4 2 15 27 1883 2031 2287 2306
6625 4 2 15 27 2160 2031 2287 2018
6626 4 2 15 27 2160 2287 2031 2306
6627 4 2 15 27 2110 2187 1834 2175
6628 4 2 15 27 2110 1834 2187 1924
6629 4 2 15 27 1901 1834 2187 2175
6630 4 2 15 27 1901 2187 1834 1924
6631 4 2 15 27 2254 2205 1865 2133
6632 4 2 15 27 2254 1865 2205 1937
6633 4 2 15 27 1988 1865 2205 2133
6634 4 2 15 27 1988 2205 1865 1937
6635 4 2 15 27 1966 2182 2130 2249
6636 4 2 15 27 2130 2182 1966 1854
6637 4 2 15 27 2130 1160 1966 2249
6638 4 2 15 27 1966 1160 2130 1854
6639 4 2 15 27 1843 1958 2322 2046
6640 4 2 15 27 1843 2322 1958 2236
6641 4 2 15 27 1170 2322 1958 2046
6642 4 2 15 27 1170 1958 2322 2236
6643 4 2 15 27 2080 2185 2042 2317
6644 4 2 15 27 2080 2042 2185 1805
6645 4 2 15 27 2293 2331 2059 2332
6646 4 2 15 27 2293 2059 2331 2008
6647 4 2 15 27 1853 2182 2249 2129
6648 4 2 15 27 2249 2182 1853 1966
6649 4 2 15 27 2249 1160 1853 2129
6650 4 2 15 27 1853 1160 2249 1966
6651 4 2 15 27 1815 2298 2103 2090
6652 4 2 15 27 2103 2298 1815 1841
6653 4 2 15 27 2103 2052 1815 2090
6654 4 2 15 27 1815 2052 2103 1841
6655 4 2 15 27 2117 2241 1961 2240
6656 4 2 15 27 2117 1961 2241 1844
6657 4 2 15 27 2321 2136 1847 2121
6658 4 2 15 27 2321 2014 1847 2043
6659 4 2 15 27 1847 2014 2321 2121
6660 4 2 15 27 1934 1881 2221 1947
6661 4 2 15 27 1934 2221 1881 2211
6662 4 2 15 27 2173 2113 1990 2261
6663 4 2 15 27 1935 2223 2130 1854
6664 4 2 15 27 2130 2223 1935 2215
6665 4 2 15 27 1835 2289 2124 1845
6666 4 2 15 27 2124 2289 1835 2111
6667 4 2 15 27 2124 2005 1835 1845
6668 4 2 15 27 1835 2005 2124 2111
6669 4 2 15 27 1832 2121 2301 2014
6670 4 2 15 27 2301 2121 1832 2108
6671 4 2 15 27 2301 1833 1832 2014
6672 4 2 15 27 1169 1132 2304 2016
6673 4 2 15 27 1169 2304 1132 1168
6674 4 2 15 27 2195 2078 2017 2298
6675 4 2 15 27 2195 2017 2078 1803
6676 4 2 15 27 2124 2017 2078 2298
6677 4 2 15 27 2026 2331 2086 2307
6678 4 2 15 27 2026 2197 2086 1811
6679 4 2 15 27 2086 2197 2026 2307
6680 4 2 15 27 2085 2015 2166 2297
6681 4 2 15 27 2085 2166 2015 1895
6682 4 2 15 27 1839 2166 2015 2297
6683 4 2 15 27 1839 2015 2166 1895
6684 4 2 15 27 1813 1944 2088 2216
6685 4 2 15 27 1813 2088 1944 1922
6686 4 2 15 27 2327 2088 1944 2216
6687 4 2 15 27 2327 1944 2088 1922
6688 4 2 15 27 2282 1820 2190 2095
6689 4 2 15 27 2282 2190 1820 1913
6690 4 2 15 27 1914 2190 1820 2095
6691 4 2 15 27 1914 1820 2190 1913
6692 4 2 15 27 2289 2089 1943 2002
6693 4 2 15 27 1943 2089 2289 2224
6694 4 2 15 27 1943 1845 2289 2002
6695 4 2 15 27 2289 1845 1943 2224
6696 4 2 15 27 1948 2312 2102 2030
6697 4 2 15 27 2102 2312 1948 2226
6698 4 2 15 27 2102 1827 1948 2030
6699 4 2 15 27 2166 2116 1885 2159
6700 4 2 15 27 2166 1885 2116 1839
6701 4 2 15 27 1153 1154 2318 1178
6702 4 2 15 27 2318 1154 1153 2038
6703 4 2 15 27 2318 1177 1153 1178
6704 4 2 15 27 1889 2055 2313 2329
6705 4 2 15 27 2313 2055 1889 2040
6706 4 2 15 27 1834 2175 2229 2110
6707 4 2 15 27 1834 2229 2175 1955
6708 4 2 15 27 1879 2028 2262 2308
6709 4 2 15 27 1879 2262 2028 1977
6710 4 2 15 27 1862 2028 2262 1977
6711 4 2 15 27 1911 1171 1882 1141
6712 4 2 15 27 2078 1845 2017 2124
6713 4 2 15 27 2078 2017 1845 1803
6714 4 2 15 27 1811 2288 1911 2197
6715 4 2 15 27 1811 1911 2288 2001
6716 4 2 15 27 2163 1911 2288 2197
6717 4 2 15 27 2163 2288 1911 2001
6718 4 2 15 27 2291 2328 1813 2050
6719 4 2 15 27 2291 1813 2328 2088
6720 4 2 15 27 1880 1813 2328 2050
6721 4 2 15 27 1880 2328 1813 2088
6722 4 2 15 27 1907 2326 1906 2053
6723 4 2 15 27 2222 2138 1972 1871
6724 4 2 15 27 2222 1972 2138 2246
6725 4 2 15 27 2184 2149 2038 2318
6726 4 2 15 27 2184 2038 2149 1905
6727 4 2 15 27 2285 2155 2021 2303
6728 4 2 15 27 2021 2155 2285 1996
6729 4 2 15 27 2022 1890 2111 1835
6730 4 2 15 27 2022 2111 1890 2283
6731 4 2 15 27 1805 2230 1870 2146
6732 4 2 15 27 1805 1870 2230 1950
6733 4 2 15 27 1815 2052 2299 2090
6734 4 2 15 27 1815 2299 2052 2019
6735 4 2 15 27 2026 2058 2086 2331
6736 4 2 15 27 2026 2086 2058 1811
6737 4 2 15 27 2008 2086 2058 2331
6738 4 2 15 27 2008 2058 2086 1811
6739 4 2 15 27 1867 2222 2167 2137
6740 4 2 15 27 1867 2167 2222 1976
6741 4 2 15 27 1961 2241 2166 2240
6742 4 2 15 27 1961 2166 2241 1895
6743 4 2 15 27 1997 2150 2279 2282
6744 4 2 15 27 2279 2150 1997 1994
6745 4 2 15 27 2279 1820 1997 2282
6746 4 2 15 27 1997 1820 2279 1994
6747 4 2 15 27 1942 2305 1984 2257
6748 4 2 15 27 1942 1984 2305 2037
6749 4 2 15 27 2157 1984 2305 2257
6750 4 2 15 27 2157 2305 1984 2037
6751 4 2 15 27 1969 2037 2105 2239
6752 4 2 15 27 1969 2105 2037 1829
6753 4 2 15 27 1161 1866 2129 2145
6754 4 2 15 27 1161 2129 1866 1853
6755 4 2 15 27 1983 2309 1875 2029
6756 4 2 15 27 1983 1875 2309 2153
6757 4 2 15 27 2193 1875 2309 2029
6758 4 2 15 27 2193 2309 1875 2153
6759 4 2 15 27 2101 1919 1999 1826
6760 4 2 15 27 2236 2119 1903 1843
6761 4 2 15 27 2236 1903 2119 2180
6762 4 2 15 27 2055 1903 2119 1843
6763 4 2 15 27 2055 2119 1903 2180
6764 4 2 15 27 2155 2021 2264 1980
6765 4 2 15 27 2155 2264 2021 2303
6766 4 2 15 27 2077 1837 2173 2113
6767 4 2 15 27 2077 2173 1837 1897
6768 4 2 15 27 1990 2173 1837 2113
6769 4 2 15 27 1990 1837 2173 1897
6770 4 2 15 27 2313 2288 1903 2040
6771 4 2 15 27 1903 2288 2313 2180
6772 4 2 15 27 1906 1853 2299 2181
6773 4 2 15 27 2299 1853 1906 2019
6774 4 2 15 27 1889 2293 2040 2008
6775 4 2 15 27 1889 2040 2293 2313
6776 4 2 15 27 2086 2040 2293 2008
6777 4 2 15 27 2086 2293 2040 2313
6778 4 2 15 27 1860 2054 2252 2335
6779 4 2 15 27 1860 2252 2054 1965
6780 4 2 15 27 1954 2156 1142 1172
6781 4 2 15 27 1954 1142 2156 1879
6782 4 2 15 27 2299 2324 1906 2181
6783 4 2 15 27 2299 1906 2324 2052
6784 4 2 15 27 2326 1906 2324 2181
6785 4 2 15 27 2326 2324 1906 2052
6786 4 2 15 27 2156 2264 1142 1172
6787 4 2 15 27 2156 1142 2264 1980
6788 4 2 15 27 2196 1142 2264 1172
6789 4 2 15 27 2196 2264 1142 1980
6790 4 2 15 27 2097 2337 1822 2202
6791 4 2 15 27 2097 1822 2337 1960
6792 4 2 15 27 1918 1822 2337 2202
6793 4 2 15 27 1918 2337 1822 1960
6794 4 2 15 27 1996 2332 1878 2155
6795 4 2 15 27 1996 1878 2332 2059
6796 4 2 15 27 2331 1878 2332 2155
6797 4 2 15 27 2331 2332 1878 2059
6798 4 2 15 27 1931 2023 2162 2284
6799 4 2 15 27 1931 2162 2023 1890
6800 4 2 15 27 2020 1917 2144 1864
6801 4 2 15 27 2144 1917 2020 2300
6802 4 2 15 27 2144 2145 2020 1864
6803 4 2 15 27 2020 2145 2144 2300
6804 4 2 15 27 2334 2246 1816 2091
6805 4 2 15 27 2334 1816 2246 1972
6806 4 2 15 27 2199 1816 2246 2091
6807 4 2 15 27 2199 2246 1816 1972
6808 4 2 15 27 1994 2150 2149 2279
6809 4 2 15 27 2305 1961 2105 2240
6810 4 2 15 27 2243 1961 2105 1829
6811 4 2 15 27 2243 2105 1961 2240
6812 4 2 15 27 1842 2316 2179 1902
6813 4 2 15 27 2179 2316 1842 2118
6814 4 2 15 27 2163 1171 1911 2197
6815 4 2 15 27 2163 1911 1171 1882
6816 4 2 15 27 2166 2243 1961 2240
6817 4 2 15 27 2166 1961 2243 1974
6818 4 2 15 27 2145 2020 2299 2300
6819 4 2 15 27 2299 2020 2145 1866
6820 4 2 15 27 2016 2046 1169 1133
6821 4 2 15 27 2016 1169 2046 2322
6822 4 2 15 27 2283 1971 2162 1890
6823 4 2 15 27 2283 2162 1971 2237
6824 4 2 15 27 2023 2162 1971 1890
6825 4 2 15 27 2023 1971 2162 2237
6826 4 2 15 27 2248 2102 1968 2226
6827 4 2 15 27 1948 2102 1968 1827
6828 4 2 15 27 1948 1968 2102 2226
6829 4 2 15 27 2253 2221 1838 2114
6830 4 2 15 27 2253 1838 2221 1981
6831 4 2 15 27 2022 1938 2111 2210
6832 4 2 15 27 2111 1938 2022 1835
6833 4 2 15 27 1903 2236 2163 2180
6834 4 2 15 27 2163 2236 1903 1958
6835 4 2 15 27 2037 1961 2105 2305
6836 4 2 15 27 2105 1961 2037 1829
6837 4 2 15 27 2139 2150 1997 2282
6838 4 2 15 27 2139 1913 1997 1859
6839 4 2 15 27 1997 1913 2139 2282
6840 4 2 15 27 2119 2055 2057 2330
6841 4 2 15 27 2119 2057 2055 1843
6842 4 2 15 27 2257 2112 1931 2212
6843 4 2 15 27 2284 1931 2112 2212
6844 4 2 15 27 2235 2245 1861 2141
6845 4 2 15 27 2235 1861 2245 1967
6846 4 2 15 27 1143 1861 2245 2141
6847 4 2 15 27 1143 2245 1861 1967
6848 4 2 15 27 2155 2307 1980 2264
6849 4 2 15 27 2155 1980 2307 1878
6850 4 2 15 27 1867 1972 2199 1919
6851 4 2 15 27 1867 2199 1972 2246
6852 4 2 15 27 2305 2218 1961 2240
6853 4 2 15 27 2305 1961 2218 1942
6854 4 2 15 27 2273 1998 2091 2272
6855 4 2 15 27 2091 1998 2273 1816
6856 4 2 15 27 2318 2149 1153 1177
6857 4 2 15 27 2318 1153 2149 2038
6858 4 2 15 27 1869 1176 2149 2150
6859 4 2 15 27 2149 1176 1869 1868
6860 4 2 15 27 2149 1994 1869 2150
6861 4 2 15 27 1869 1994 2149 1868
6862 4 2 15 27 2080 2042 2267 2317
6863 4 2 15 27 2080 2267 2042 1985
6864 4 2 15 27 1905 2267 2042 2317
6865 4 2 15 27 1905 2042 2267 1985
6866 4 2 15 27 2227 2355 1825 2100
6867 4 2 15 27 1825 2355 2227 2032
6868 4 2 15 27 1968 2063 2102 2248
6869 4 2 15 27 1968 2102 2063 1827
6870 4 2 15 27 2343 2102 2063 2248
6871 4 2 15 27 2343 2063 2102 1827
6872 4 2 15 27 2206 1132 2204 1939
6873 4 2 15 27 2206 2204 1132 1168
6874 4 2 15 27 1926 2204 1132 1939
6875 4 2 15 27 1926 1132 2204 1168
6876 4 2 15 27 2051 2225 2082 2325
6877 4 2 15 27 2082 2225 2051 1807
6878 4 2 15 27 2082 2033 2051 2325
6879 4 2 15 27 2051 2033 2082 1807
6880 4 2 15 27 1869 1997 2139 2150
6881 4 2 15 27 2139 1997 1869 1859
6882 4 2 15 27 1842 2184 2318 2118
6883 4 2 15 27 2318 2184 1842 2038
6884 4 2 15 27 2318 1975 1842 2118
6885 4 2 15 27 1842 1975 2318 2038
6886 4 2 15 27 2308 2028 1954 1879
6887 4 2 15 27 2308 2156 1954 2228
6888 4 2 15 27 1954 2156 2308 1879
6889 4 2 15 27 2153 2269 1131 1167
6890 4 2 15 27 1131 2269 2153 1983
6891 4 2 15 27 2194 2144 1162 1182
6892 4 2 15 27 2194 1162 2144 1916
6893 4 2 15 27 1864 1162 2144 1182
6894 4 2 15 27 1864 2144 1162 1916
6895 4 2 15 27 2263 2189 1846 1982
6896 4 2 15 27 1846 2189 2263 2352
6897 4 2 15 27 1846 1863 2263 1982
6898 4 2 15 27 2263 1863 1846 2352
6899 4 2 15 27 1946 2051 2176 2225
6900 4 2 15 27 1946 2176 2051 1899
6901 4 2 15 27 1861 2171 1892 2346
6902 4 2 15 27 1861 1892 2171 1894
6903 4 2 15 27 2333 2045 2319 2061
6904 4 2 15 27 2333 2319 2045 2140
6905 4 2 15 27 1964 1860 2333 2061
6906 4 2 15 27 1964 2333 1860 2140
6907 4 2 15 27 1860 2045 2333 2061
6908 4 2 15 27 1860 2333 2045 2140
6909 4 2 15 27 2051 1902 2325 2033
6910 4 2 15 27 2051 2325 1902 2179
6911 4 2 15 27 2310 2325 1902 2033
6912 4 2 15 27 2310 1902 2325 2179
6913 4 2 15 27 2269 2309 1916 2194
6914 4 2 15 27 1916 2309 2269 1983
6915 4 2 15 27 1916 173 2269 2194
6916 4 2 15 27 2269 173 1916 1983
6917 4 2 15 27 1854 1908 2223 2183
6918 4 2 15 27 1854 2223 1908 1945
6919 4 2 15 27 2348 2223 1908 2183
6920 4 2 15 27 1837 2266 1802 1989
6921 4 2 15 27 1802 2266 1837 2077
6922 4 2 15 27 1861 2235 1918 1992
6923 4 2 15 27 1861 1918 2235 2346
6924 4 2 15 27 2202 2235 1918 2346
6925 4 2 15 27 2028 1862 2142 1967
6926 4 2 15 27 2245 2142 2028 2308
6927 4 2 15 27 2245 2028 2142 1967
6928 4 2 15 27 1925 2263 1863 1982
6929 4 2 15 27 1925 1863 2263 2132
6930 4 2 15 27 2322 2304 1852 2016
6931 4 2 15 27 2322 1852 2304 2128
6932 4 2 15 27 1877 1850 2214 1936
6933 4 2 15 27 1877 2214 1850 2126
6934 4 2 15 27 1806 1893 2320 2345
6935 4 2 15 27 1806 2320 1893 2044
6936 4 2 15 27 2170 2320 1893 2345
6937 4 2 15 27 2301 2109 1832 1833
6938 4 2 15 27 2301 1832 2109 2108
6939 4 2 15 27 1904 1832 2109 1833
6940 4 2 15 27 1904 2109 1832 2108
6941 4 2 15 27 2275 1874 2321 2136
6942 4 2 15 27 1847 2321 1874 2136
6943 4 2 15 27 1847 1874 2321 2043
6944 4 2 15 27 1891 2033 2292 2310
6945 4 2 15 27 1891 2292 2033 2006
6946 4 2 15 27 2082 2292 2033 2310
6947 4 2 15 27 2082 2033 2292 2006
6948 4 2 15 27 1891 2231 2267 2168
6949 4 2 15 27 2267 2041 1891 2168
6950 4 2 15 27 1891 2041 2267 1985
6951 4 2 15 27 2080 1951 2267 1985
6952 4 2 15 27 2080 2267 1951 2231
6953 4 2 15 27 1891 2267 1951 1985
6954 4 2 15 27 1891 1951 2267 2231
6955 4 2 15 27 1873 2148 2220 2356
6956 4 2 15 27 2220 1824 1873 2356
6957 4 2 15 27 1873 1824 2220 1952
6958 4 2 15 27 2219 1819 1873 1953
6959 4 2 15 27 1873 1819 2219 2339
6960 4 2 15 27 2219 2148 1873 2339
6961 4 2 15 27 2082 2006 2223 1945
6962 4 2 15 27 2082 2223 2006 2348
6963 4 2 15 27 1908 2223 2006 1945
6964 4 2 15 27 1908 2006 2223 2348
6965 4 2 15 27 2142 2262 2028 2308
6966 4 2 15 27 2142 2028 2262 1862
6967 4 2 15 27 1853 2182 1906 1907
6968 4 2 15 27 1853 1906 2182 2181
6969 4 2 15 27 2326 1906 2182 1907
6970 4 2 15 27 2326 2182 1906 2181
6971 4 2 15 27 2101 2273 1919 2199
6972 4 2 15 27 2101 1919 2273 1999
6973 4 2 15 27 1816 1919 2273 2199
6974 4 2 15 27 1816 2273 1919 1999
6975 4 2 15 27 2237 2023 2112 2284
6976 4 2 15 27 2237 2112 2023 1836
6977 4 2 15 27 1931 2112 2023 2284
6978 4 2 15 27 1931 2023 2112 1836
6979 4 2 15 27 2287 2112 1984 2257
6980 4 2 15 27 1931 2112 1984 1836
6981 4 2 15 27 1931 1984 2112 2257
6982 4 2 15 27 1938 2131 1933 1858
6983 4 2 15 27 1933 2131 1938 2209
6984 4 2 15 27 2235 2337 1918 1992
6985 4 2 15 27 2235 1918 2337 2202
6986 4 2 15 27 1900 1849 2275 2174
6987 4 2 15 27 2275 1849 1900 1995
6988 4 2 15 27 1900 1848 2275 1995
6989 4 2 15 27 1900 1896 2122 1848
6990 4 2 15 27 1900 2275 2122 2174
6991 4 2 15 27 2122 2275 1900 1848
6992 4 2 15 27 2321 1995 1874 2275
6993 4 2 15 27 2321 1874 1995 2043
6994 4 2 15 27 2219 1873 1952 1953
6995 4 2 15 27 1984 2018 2112 2287
6996 4 2 15 27 1984 2112 2018 1836
6997 4 2 15 27 2302 2112 2018 2287
6998 4 2 15 27 2302 2018 2112 1836
6999 4 2 15 27 1852 2304 2039 2016
7000 4 2 15 27 2028 2245 1954 1967
7001 4 2 15 27 2245 2308 1954 2228
7002 4 2 15 27 1954 2308 2245 2028
7003 4 2 15 27 1900 2172 2122 1896
7004 4 2 15 27 1900 2122 2172 2174
7005 4 2 15 27 2128 1986 2039 2315
7006 4 2 15 27 2039 1986 2128 1852
7007 4 2 15 27 2039 2304 2128 2315
7008 4 2 15 27 2128 2304 2039 1852
7009 4 2 15 27 2320 2139 1893 2044
7010 4 2 15 27 2320 1893 2139 2170
7011 4 2 15 27 1859 1893 2139 2044
7012 4 2 15 27 1859 2139 1893 2170
7013 4 2 15 27 2220 1873 2219 2148
7014 4 2 15 27 2219 1873 2220 1952
7015 4 2 16 28 2715 2415 512 511
7016 4 2 16 28 2513 378 2821 379
7017 4 2 16 28 2609 2476 2610 408
7018 4 2 16 28 424 1395 423 2412
7019 4 2 16 28 1365 2657 2370 2562
7020 4 2 16 28 429 430 1379 2653
7021 4 2 16 28 512 2544 2713 513
7022 4 2 16 28 2547 2412 2665 1398
7023 4 2 16 28 411 412 1351 2475
7024 4 2 16 28 2555 2455 2629 333
7025 4 2 16 28 2465 2611 2627 1366
7026 4 2 16 28 1327 70 1332 2438
7027 4 2 16 28 526 1382 1426 2461
7028 4 2 16 28 2562 2773 378 377
7029 4 2 16 28 2405 2680 2686 1412
7030 4 2 16 28 364 1377 1425 2551
7031 4 2 16 28 2560 2736 2767 325
7032 4 2 16 28 926 846 925 3738
7033 4 2 16 28 2365 2504 352 351
7034 4 2 16 28 932 2253 2242 1049
7035 4 2 16 28 1349 2415 2739 2497
7036 4 2 16 28 139 2174 2270 2172
7037 4 2 16 28 97 834 2244 3752
7038 4 2 16 28 1517 2254 2205 2093
7039 4 2 16 28 891 1072 892 3752
7040 4 2 16 28 345 346 1357 2826
7041 4 2 16 28 973 2174 139 1008
7042 4 2 16 28 2627 2541 1363 1456
7043 4 2 16 28 2415 2544 512 1459
7044 4 2 16 28 2650 2649 539 2382
7045 4 2 16 28 2607 2446 2702 1386
7046 4 2 16 28 2566 2742 2807 1445
7047 4 2 16 28 499 500 1386 2702
7048 4 2 16 28 548 2750 2471 2749
7049 4 2 16 28 467 1361 1453 2645
7050 4 2 16 28 2393 2805 2806 489
7051 4 2 16 28 2521 2455 2555 334
7052 4 2 16 28 379 378 1361 2513
7053 4 2 16 28 972 2353 2347 794
7054 4 2 16 28 3445 2345 3565 3501
7055 4 2 16 28 2391 2543 2716 532
7056 4 2 16 28 2609 71 2643 1473
7057 4 2 16 28 2464 2541 1456 404
7058 4 2 16 28 2541 2837 2438 406
7059 4 2 16 28 219 3301 218 3764
7060 4 2 16 28 238 3365 1555 818
7061 4 2 16 28 2550 348 2580 1420
7062 4 2 16 28 2570 2564 1399 1392
7063 4 2 16 28 2849 2417 253 254
7064 4 2 16 28 358 359 1396 2572
7065 4 2 16 28 2585 2830 2368 3713
7066 4 2 16 28 2589 1351 2808 2475
7067 4 2 16 28 2528 2383 421 2817
7068 4 2 16 28 1736 1114 1082 3680
7069 4 2 16 28 368 369 1359 2443
7070 4 2 16 28 2446 2607 2698 1431
7071 4 2 16 28 27 113 1314 1316
7072 4 2 16 28 2645 2513 2648 1361
7073 4 2 16 28 2509 2628 2735 1433
7074 4 2 16 28 1425 490 2805 1377
7075 4 2 16 28 3558 756 3424 3688
7076 4 2 16 28 2531 1458 440 2818
7077 4 2 16 28 2415 1349 2739 1402
7078 4 2 16 28 2487 2695 277 276
7079 4 2 16 28 1437 494 2537 1390
7080 4 2 16 28 2430 2573 2849 1368
7081 4 2 16 28 2738 2497 2826 1410
7082 4 2 16 28 990 2311 989 1035
7083 4 2 16 28 91 3653 799 3707
7084 4 2 16 28 2561 2684 371 372
7085 4 2 16 28 2801 2606 339 340
7086 4 2 16 28 1026 1027 2099 1098
7087 4 2 16 28 1368 254 255 2573
7088 4 2 16 28 3439 2348 636 637
7089 4 2 16 28 2478 2697 2746 273
7090 4 2 16 28 1357 346 1417 2826
7091 4 2 16 28 2212 94 805 1544
7092 4 2 16 28 67 1327 1333 2615
7093 4 2 16 28 95 2575 118 3700
7094 4 2 16 28 507 1369 2436 1417
7095 4 2 16 28 1361 379 2513 1452
7096 4 2 16 28 2199 96 823 3739
7097 4 2 16 28 2219 125 2244 2147
7098 4 2 16 28 2800 339 2801 2606
7099 4 2 16 28 2415 1349 1468 2497
7100 4 2 16 28 2504 2433 2829 350
7101 4 2 16 28 743 742 2183 3459
7102 4 2 16 28 2578 2582 2820 381
7103 4 2 16 28 437 438 1348 2799
7104 4 2 16 28 569 2303 568 3538
7105 4 2 16 28 1317 13 21 3758
7106 4 2 16 28 2838 69 2359 2670
7107 4 2 16 28 3560 720 2323 3424
7108 4 2 16 28 604 2127 603 3522
7109 4 2 16 28 311 2679 2408 2678
7110 4 2 16 28 790 3569 82 2288
7111 4 2 16 28 2154 3533 3489 599
7112 4 2 16 28 2516 2755 2757 375
7113 4 2 16 28 1638 876 877 2173
7114 4 2 16 28 2438 2615 2700 1327
7115 4 2 16 28 1736 1114 2108 1115
7116 4 2 16 28 794 973 972 2353
7117 4 2 16 28 1093 3672 3730 3744
7118 4 2 16 28 675 676 3449 2331
7119 4 2 16 28 1055 12 8 3410
7120 4 2 16 28 425 426 1391 2547
7121 4 2 16 28 2533 2787 2451 328
7122 4 2 16 28 105 118 909 3667
7123 4 2 16 28 1644 2306 871 1001
7124 4 2 16 28 967 1504 2120 2189
7125 4 2 16 28 2492 2593 2380 3716
7126 4 2 16 28 446 2785 2545 2586
7127 4 2 16 28 2418 2781 2818 1337
7128 4 2 16 28 3556 2333 685 684
7129 4 2 16 28 1736 1082 1083 3680
7130 4 2 16 28 325 326 1397 2767
7131 4 2 16 28 2551 2791 2792 364
7132 4 2 16 28 2261 1513 2114 1004
7133 4 2 16 28 2463 2508 2681 451
7134 4 2 16 28 3450 713 712 2316
7135 4 2 16 28 2143 2198 2272 1062
7136 4 2 16 28 218 3377 219 3665
7137 4 2 16 28 1360 337 338 2800
7138 4 2 16 28 2611 2465 2831 1454
7139 4 2 16 28 2539 2667 481 482
7140 4 2 16 28 2461 2629 2642 1382
7141 4 2 16 28 323 2390 2736 2735
7142 4 2 16 28 2525 257 2507 2429
7143 4 2 16 28 470 471 1354 2810
7144 4 2 16 28 1735 1082 1114 3680
7145 4 2 16 28 777 2268 776 3481
7146 4 2 16 28 3311 923 802 3725
7147 4 2 16 28 2725 2530 2727 1329
7148 4 2 16 28 2366 2712 1406 1344
7149 4 2 16 28 257 2525 2507 1430
7150 4 2 16 28 807 2212 806 1548
7151 4 2 16 28 2456 2699 2800 337
7152 4 2 16 28 2552 2649 540 2650
7153 4 2 16 28 2210 941 2131 2111
7154 4 2 16 28 660 2235 659 2771
7155 4 2 16 28 2702 2373 499 500
7156 4 2 16 28 1115 2296 1116 1698
7157 4 2 16 28 2669 2475 2695 1408
7158 4 2 16 28 1355 315 1415 2405
7159 4 2 16 28 3487 3494 2315 773
7160 4 2 16 28 2310 3442 282 3506
7161 4 2 16 28 822 95 118 3700
7162 4 2 16 28 2612 2387 2827 414
7163 4 2 16 28 675 2331 3463 674
7164 4 2 16 28 2492 3666 2593 3716
7165 4 2 16 28 1388 529 530 2396
7166 4 2 16 28 2719 2836 2592 3674
7167 4 2 16 28 3506 2316 713 3450
7168 4 2 16 28 1331 65 1342 2506
7169 4 2 16 28 3366 2274 235 236
7170 4 2 16 28 2544 2506 2748 1331
7171 4 2 16 28 2221 2253 2159 931
7172 4 2 16 28 526 527 1382 2461
7173 4 2 16 28 1027 2099 2222 2167
7174 4 2 16 28 13 1317 244 3758
7175 4 2 16 28 1348 438 1467 2799
7176 4 2 16 28 1384 362 2435 1435
7177 4 2 16 28 2244 97 1593 834
7178 4 2 16 28 2187 2188 2186 970
7179 4 2 16 28 473 1339 1446 2486
7180 4 2 16 28 2653 2403 2795 430
7181 4 2 16 28 1393 535 1439 2421
7182 4 2 16 28 2353 130 973 2270
7183 4 2 16 28 217 3373 218 3691
7184 4 2 16 28 236 235 3408 3690
7185 4 2 16 28 3408 1297 1298 3690
7186 4 2 16 28 2441 1379 1432 2507
7187 4 2 16 28 2486 2683 2793 474
7188 4 2 16 28 2310 281 3442 3497
7189 4 2 16 28 2220 144 2147 956
7190 4 2 16 28 390 1400 1465 2542
7191 4 2 16 28 806 2212 807 3723
7192 4 2 16 28 1329 444 1464 2727
7193 4 2 16 28 2079 644 645 2744
7194 4 2 16 28 139 2270 973 130
7195 4 2 16 28 2417 2573 2574 254
7196 4 2 16 28 2576 2613 544 543
7197 4 2 16 28 1085 1072 164 3727
7198 4 2 16 28 1093 3730 3729 3744
7199 4 2 16 28 2781 2466 2783 393
7200 4 2 16 28 8 7 1304 3709
7201 4 2 16 28 2457 2519 2699 1418
7202 4 2 16 28 803 802 3326 3676
7203 4 2 16 28 1330 62 1341 2679
7204 4 2 16 28 1517 2205 991 990
7205 4 2 16 28 3465 2320 691 690
7206 4 2 16 28 3337 870 871 3678
7207 4 2 16 28 2476 2609 1460 408
7208 4 2 16 28 3453 3509 762 3760
7209 4 2 16 28 1359 368 2443 1413
7210 4 2 16 28 2377 2615 2718 461
7211 4 2 16 28 599 598 3489 2154
7212 4 2 16 28 573 2332 574 2455
7213 4 2 16 28 2585 2703 2540 3668
7214 4 2 16 28 3425 3436 3554 2288
7215 4 2 16 28 2775 2337 559 560
7216 4 2 16 28 2079 2776 643 644
7217 4 2 16 28 3442 2310 282 281
7218 4 2 16 28 959 958 1598 3757
7219 4 2 16 28 265 266 1395 2623
7220 4 2 16 28 1366 456 1456 2627
7221 4 2 16 28 1362 401 400 2831
7222 4 2 16 28 782 783 2330 3462
7223 4 2 16 28 2443 2625 2674 1359
7224 4 2 16 28 3512 587 586 2329
7225 4 2 16 28 2408 2678 2710 311
7226 4 2 16 28 454 455 1366 2465
7227 4 2 16 28 2177 1119 2314 2200
7228 4 2 16 28 840 3669 99 3683
7229 4 2 16 28 2623 2384 2847 265
7230 4 2 16 28 2221 2253 1503 1051
7231 4 2 16 28 2383 2761 421 420
7232 4 2 16 28 1027 1026 2099 1502
7233 4 2 16 28 2597 2379 457 456
7234 4 2 16 28 1503 2253 931 1050
7235 4 2 16 28 1075 3350 1076 3662
7236 4 2 16 28 1340 448 1445 2807
7237 4 2 16 28 2467 2566 396 397
7238 4 2 16 28 886 887 2690 3329
7239 4 2 16 28 809 916 3330 3722
7240 4 2 16 28 490 491 1384 2805
7241 4 2 16 28 2450 2345 2710 552
7242 4 2 16 28 1504 967 2120 966
7243 4 2 16 28 3327 910 815 3733
7244 4 2 16 28 2749 2471 548 1457
7245 4 2 16 28 2696 2724 2814 268
7246 4 2 16 28 2526 2317 704 705
7247 4 2 16 28 2542 2756 67 388
7248 4 2 16 28 671 3475 670 2155
7249 4 2 16 28 2247 3693 91 3707
7250 4 2 16 28 491 492 1384 2813
7251 4 2 16 28 1301 1302 2848 3416
7252 4 2 16 28 2205 2093 2311 990
7253 4 2 16 28 2435 2663 362 363
7254 4 2 16 28 144 2220 1025 956
7255 4 2 16 28 552 2345 2710 551
7256 4 2 16 28 1045 2157 2287 981
7257 4 2 16 28 2380 2836 2719 3696
7258 4 2 16 28 262 263 1391 2514
7259 4 2 16 28 1065 900 1064 3743
7260 4 2 16 28 314 315 1355 2405
7261 4 2 16 28 871 872 3316 3722
7262 4 2 16 28 723 2193 724 3434
7263 4 2 16 28 2549 2480 2683 1444
7264 4 2 16 28 2268 777 3474 3528
7265 4 2 16 28 2793 473 2486 474
7266 4 2 16 28 969 2186 2107 2188
7267 4 2 16 28 2094 2178 2226 959
7268 4 2 16 28 2531 1458 441 440
7269 4 2 16 28 1073 3359 1074 3716
7270 4 2 16 28 541 542 1367 2673
7271 4 2 16 28 2687 297 298 2095
7272 4 2 16 28 718 3570 83 2325
7273 4 2 16 28 258 1379 1430 2507
7274 4 2 16 28 431 1374 1430 2403
7275 4 2 16 28 484 1359 1407 2674
7276 4 2 16 28 641 2295 640 2462
7277 4 2 16 28 218 1280 3377 3665
7278 4 2 16 28 1331 514 1476 2854
7279 4 2 16 28 496 497 1399 2410
7280 4 2 16 28 915 916 809 3703
7281 4 2 16 28 665 2262 2604 666
7282 4 2 16 28 1477 971 843 1630
7283 4 2 16 28 1071 1072 3356 3674
7284 4 2 16 28 723 2793 2323 722
7285 4 2 16 28 833 891 892 3752
7286 4 2 16 28 462 463 1333 2718
7287 4 2 16 28 2780 2522 436 1356
7288 4 2 16 28 2510 2480 1335 1463
7289 4 2 16 28 2433 2504 2365 350
7290 4 2 16 28 3454 3511 555 2346
7291 4 2 16 28 1351 411 2475 1470
7292 4 2 16 28 2550 348 349 2433
7293 4 2 16 28 347 348 1369 2580
7294 4 2 16 28 2467 2566 2745 396
7295 4 2 16 28 2775 2553 320 319
7296 4 2 16 28 1330 1341 1457 2679
7297 4 2 16 28 2621 14 15 1305
7298 4 2 16 28 549 1330 1457 2471
7299 4 2 16 28 537 1387 2628 1433
7300 4 2 16 28 441 1329 1458 2725
7301 4 2 16 28 831 832 3314 3728
7302 4 2 16 28 1368 255 1421 2573
7303 4 2 16 28 2199 823 1603 824
7304 4 2 16 28 2746 2474 1414 2479
7305 4 2 16 28 79 629 3370 3413
7306 4 2 16 28 1386 499 2702 1441
7307 4 2 16 28 3342 795 21 796
7308 4 2 16 28 3353 1083 1082 3662
7309 4 2 16 28 78 3388 3369 630
7310 4 2 16 28 447 2567 2807 2586
7311 4 2 16 28 1600 828 97 3686
7312 4 2 16 28 537 1381 1433 2628
7313 4 2 16 28 234 3411 235 3741
7314 4 2 16 28 2274 3366 235 3767
7315 4 2 16 28 2552 2613 2851 542
7316 4 2 16 28 1375 503 504 2401
7317 4 2 16 28 75 3425 2313 3436
7318 4 2 16 28 2686 2405 1412 1355
7319 4 2 16 28 69 2776 2359 2670
7320 4 2 16 28 2597 2379 2598 457
7321 4 2 16 28 2503 2393 2816 488
7322 4 2 16 28 660 2337 3529 3476
7323 4 2 16 28 617 618 3549 2090
7324 4 2 16 28 3424 2309 755 3568
7325 4 2 16 28 1502 2099 1027 2167
7326 4 2 16 28 762 3466 763 3760
7327 4 2 16 28 861 862 3376 864
7328 4 2 16 28 744 3456 2183 745
7329 4 2 16 28 799 3653 926 3738
7330 4 2 16 28 2099 1502 1026 2167
7331 4 2 16 28 600 2691 2089 601
7332 4 2 16 28 1706 1093 1094 3672
7333 4 2 16 28 3436 3554 2288 680
7334 4 2 16 28 2309 3424 719 3568
7335 4 2 16 28 1461 2510 2442 1328
7336 4 2 16 28 3521 573 572 2155
7337 4 2 16 28 2463 2681 2732 450
7338 4 2 16 28 2235 3476 660 659
7339 4 2 16 28 538 539 1381 2382
7340 4 2 16 28 849 848 3318 3724
7341 4 2 16 28 2830 2585 2584 3712
7342 4 2 16 28 748 747 2732 2223
7343 4 2 16 28 813 1563 812 3692
7344 4 2 16 28 219 3375 4 3665
7345 4 2 16 28 678 679 2197 2730
7346 4 2 16 28 1335 386 1444 2549
7347 4 2 16 28 781 2217 3468 3516
7348 4 2 16 28 2268 777 3528 3481
7349 4 2 16 28 2550 2436 2720 505
7350 4 2 16 28 1301 2734 1300 3417
7351 4 2 16 28 2221 2253 931 1503
7352 4 2 16 28 692 2190 691 3465
7353 4 2 16 28 2817 2279 697 698
7354 4 2 16 28 2079 645 646 3704
7355 4 2 16 28 3425 3569 790 2288
7356 4 2 16 28 3495 2262 566 565
7357 4 2 16 28 2324 615 614 3457
7358 4 2 16 28 2657 2419 2755 1364
7359 4 2 16 28 3526 2268 3474 591
7360 4 2 16 28 842 841 1608 3671
7361 4 2 16 28 857 3321 858 3734
7362 4 2 16 28 2552 2673 542 541
7363 4 2 16 28 1297 3418 1298 3774
7364 4 2 16 28 2622 2498 2729 72
7365 4 2 16 28 2210 941 1484 2131
7366 4 2 16 28 914 104 856 3713
7367 4 2 16 28 1558 816 95 3711
7368 4 2 16 28 1370 2827 1414 414
7369 4 2 16 28 802 803 1534 3675
7370 4 2 16 28 2442 2549 2684 66
7371 4 2 16 28 2279 2652 700 699
7372 4 2 16 28 2522 2779 2780 436
7373 4 2 16 28 2080 288 2733 289
7374 4 2 16 28 2525 2403 1430 1374
7375 4 2 16 28 218 3373 1280 3691
7376 4 2 16 28 235 1297 3408 3690
7377 4 2 16 28 2095 302 301 2386
7378 4 2 16 28 2377 2523 2700 460
7379 4 2 16 28 584 3443 2313 583
7380 4 2 16 28 575 3463 2331 3515
7381 4 2 16 28 804 803 921 3677
7382 4 2 16 28 3507 3443 2329 584
7383 4 2 16 28 2273 2091 2199 124
7384 4 2 16 28 377 1365 1453 2562
7385 4 2 16 28 2331 3514 675 3463
7386 4 2 16 28 583 3443 2313 3498
7387 4 2 16 28 2123 2275 2174 140
7388 4 2 16 28 3427 646 80 3670
7389 4 2 16 28 2462 2611 2831 401
7390 4 2 16 28 1562 814 815 3711
7391 4 2 16 28 1532 803 804 3702
7392 4 2 16 28 2307 677 678 2647
7393 4 2 16 28 743 2183 3550 3459
7394 4 2 16 28 2584 2764 2705 3678
7395 4 2 16 28 1115 2296 2213 2108
7396 4 2 16 28 91 799 1529 3707
7397 4 2 16 28 2368 2493 2585 3713
7398 4 2 16 28 799 3707 3653 3738
7399 4 2 16 28 3328 827 826 3726
7400 4 2 16 28 2621 243 241 19
7401 4 2 16 28 599 2646 2089 600
7402 4 2 16 28 860 105 909 3667
7403 4 2 16 28 923 3326 802 3676
7404 4 2 16 28 3469 3518 656 2235
7405 4 2 16 28 1545 808 807 3710
7406 4 2 16 28 3311 802 801 3738
7407 4 2 16 28 539 540 1373 2649
7408 4 2 16 28 2337 560 2737 561
7409 4 2 16 28 1737 1080 1081 3661
7410 4 2 16 28 2401 2720 2824 504
7411 4 2 16 28 2434 2537 2706 1390
7412 4 2 16 28 620 2298 2578 621
7413 4 2 16 28 135 107 1676 2254
7414 4 2 16 28 1561 811 812 3753
7415 4 2 16 28 2345 309 3501 3445
7416 4 2 16 28 3536 2154 3487 595
7417 4 2 16 28 2805 2488 2806 490
7418 4 2 16 28 642 3550 2183 3459
7419 4 2 16 28 1360 338 1411 2800
7420 4 2 16 28 892 1072 1071 3674
7421 4 2 16 28 3432 3558 3424 3688
7422 4 2 16 28 2108 1736 1115 1083
7423 4 2 16 28 433 434 1368 2430
7424 4 2 16 28 2310 3431 280 3497
7425 4 2 16 28 2316 286 3461 285
7426 4 2 16 28 889 1073 1074 3716
7427 4 2 16 28 1609 98 835 3718
7428 4 2 16 28 98 1592 829 3732
7429 4 2 16 28 250 1348 1401 2782
7430 4 2 16 28 1125 1093 1706 2355
7431 4 2 16 28 414 1358 413 2827
7432 4 2 16 28 1612 839 840 3683
7433 4 2 16 28 2311 989 2192 2205
7434 4 2 16 28 2736 2421 1393 1439
7435 4 2 16 28 801 1535 800 3707
7436 4 2 16 28 128 2186 141 1519
7437 4 2 16 28 1384 363 1425 2435
7438 4 2 16 28 1596 834 833 3757
7439 4 2 16 28 110 850 875 3678
7440 4 2 16 28 2509 2735 2737 322
7441 4 2 16 28 2579 2621 1306 19
7442 4 2 16 28 2789 569 570 2084
7443 4 2 16 28 2471 2643 1473 2609
7444 4 2 16 28 657 3469 656 2235
7445 4 2 16 28 2115 994 1514 2342
7446 4 2 16 28 2395 15 244 1305
7447 4 2 16 28 2664 2537 495 494
7448 4 2 16 28 308 309 2345 3445
7449 4 2 16 28 563 3537 2337 3484
7450 4 2 16 28 1121 1713 172 3658
7451 4 2 16 28 2331 576 3463 575
7452 4 2 16 28 3495 3490 2262 565
7453 4 2 16 28 2671 2670 2440 3770
7454 4 2 16 28 825 1605 824 3747
7455 4 2 16 28 2552 2649 2673 541
7456 4 2 16 28 2471 2643 2750 549
7457 4 2 16 28 234 1296 3411 3741
7458 4 2 16 28 1375 505 1420 2550
7459 4 2 16 28 2816 2127 763 764
7460 4 2 16 28 2539 2442 1338 1461
7461 4 2 16 28 1614 838 839 3689
7462 4 2 16 28 2093 2205 1517 990
7463 4 2 16 28 244 20 15 2395
7464 4 2 16 28 2420 2181 735 734
7465 4 2 16 28 1615 836 837 3718
7466 4 2 16 28 3457 615 3551 2090
7467 4 2 16 28 2613 1355 2405 2686
7468 4 2 16 28 2329 3443 785 786
7469 4 2 16 28 2131 2209 2342 1039
7470 4 2 16 28 2566 2654 2742 1346
7471 4 2 16 28 443 444 1329 2727
7472 4 2 16 28 263 264 1398 2665
7473 4 2 16 28 2183 3456 744 743
7474 4 2 16 28 856 109 869 3712
7475 4 2 16 28 803 3326 922 3677
7476 4 2 16 28 2628 2382 2751 537
7477 4 2 16 28 2474 2682 2746 275
7478 4 2 16 28 2195 3440 725 724
7479 4 2 16 28 2516 2657 2755 375
7480 4 2 16 28 2315 774 3487 773
7481 4 2 16 28 887 886 2690 1076
7482 4 2 16 28 846 926 102 3664
7483 4 2 16 28 932 2253 1049 931
7484 4 2 16 28 2638 2514 2847 263
7485 4 2 16 28 900 899 3310 3726
7486 4 2 16 28 601 2691 2089 2663
7487 4 2 16 28 3348 1086 1087 3706
7488 4 2 16 28 764 763 3466 3760
7489 4 2 16 28 2126 2371 770 769
7490 4 2 16 28 591 590 3526 2217
7491 4 2 16 28 3558 757 756 3688
7492 4 2 16 28 250 251 1348 2782
7493 4 2 16 28 1454 454 2465 1362
7494 4 2 16 28 3370 207 3496 3492
7495 4 2 16 28 1352 371 1404 2561
7496 4 2 16 28 1382 332 1426 2629
7497 4 2 16 28 2174 139 1008 2172
7498 4 2 16 28 441 442 1329 2725
7499 4 2 16 28 2189 1112 1696 2121
7500 4 2 16 28 2481 2582 2583 384
7501 4 2 16 28 613 3545 3428 3655
7502 4 2 16 28 675 3449 3514 2331
7503 4 2 16 28 1353 452 1451 2508
7504 4 2 16 28 219 2208 218 3665
7505 4 2 16 28 2244 3752 834 3757
7506 4 2 16 28 103 921 850 3677
7507 4 2 16 28 3547 2183 3456 745
7508 4 2 16 28 2550 349 2829 2433
7509 4 2 16 28 2494 2722 1476 74
7510 4 2 16 28 2088 146 2192 123
7511 4 2 16 28 2094 2314 1490 1022
7512 4 2 16 28 878 877 3320 3724
7513 4 2 16 28 789 2180 790 2713
7514 4 2 16 28 156 1062 1031 2091
7515 4 2 16 28 3462 587 3512 2217
7516 4 2 16 28 2157 2239 2276 1511
7517 4 2 16 28 2644 595 2241 594
7518 4 2 16 28 877 2173 876 3724
7519 4 2 16 28 1331 516 1462 2748
7520 4 2 16 28 2362 2783 2807 1340
7521 4 2 16 28 2329 3462 783 3512
7522 4 2 16 28 2387 2669 412 2475
7523 4 2 16 28 2436 2720 505 506
7524 4 2 16 28 2342 994 2209 2265
7525 4 2 16 28 3564 2319 3437 650
7526 4 2 16 28 1704 1092 1093 3730
7527 4 2 16 28 2443 2674 2852 1407
7528 4 2 16 28 1386 2607 2446 1431
7529 4 2 16 28 125 2219 144 2147
7530 4 2 16 28 3371 217 216 3691
7531 4 2 16 28 83 3570 754 2325
7532 4 2 16 28 144 2220 2147 2219
7533 4 2 16 28 2494 2722 2854 1476
7534 4 2 16 28 3327 815 814 3735
7535 4 2 16 28 808 809 3330 3723
7536 4 2 16 28 807 3333 806 3723
7537 4 2 16 28 2253 2114 2261 1513
7538 4 2 16 28 3465 2320 690 3510
7539 4 2 16 28 871 1644 872 3685
7540 4 2 16 28 859 3339 860 3733
7541 4 2 16 28 1464 2545 2785 2727
7542 4 2 16 28 2752 1469 2749 547
7543 4 2 16 28 360 1390 1437 2434
7544 4 2 16 28 1299 1300 3405 3649
7545 4 2 16 28 237 3405 238 3649
7546 4 2 16 28 868 1672 867 3731
7547 4 2 16 28 865 866 1673 3731
7548 4 2 16 28 3337 854 855 3722
7549 4 2 16 28 78 627 205 3682
7550 4 2 16 28 2684 66 2549 386
7551 4 2 16 28 1046 2305 2157 1508
7552 4 2 16 28 771 3489 2126 770
7553 4 2 16 28 685 2610 684 2333
7554 4 2 16 28 855 916 915 3678
7555 4 2 16 28 2181 3545 3428 734
7556 4 2 16 28 1075 1074 3353 3666
7557 4 2 16 28 846 3340 847 3725
7558 4 2 16 28 3536 2268 595 594
7559 4 2 16 28 1089 3355 1088 3706
7560 4 2 16 28 2644 2085 592 593
7561 4 2 16 28 2370 2645 2812 467
7562 4 2 16 28 871 870 1646 3659
7563 4 2 16 28 1089 1088 1718 3657
7564 4 2 16 28 1647 874 873 3656
7565 4 2 16 28 2551 2791 364 365
7566 4 2 16 28 2462 2611 401 2774
7567 4 2 16 28 2368 805 806 2212
7568 4 2 16 28 1090 1091 1705 3658
7569 4 2 16 28 1084 1738 1083 3657
7570 4 2 16 28 1640 875 876 3659
7571 4 2 16 28 868 869 1674 3656
7572 4 2 16 28 2203 2078 2193 3697
7573 4 2 16 28 2168 2574 286 285
7574 4 2 16 28 866 3319 867 3734
7575 4 2 16 28 3466 762 3509 3760
7576 4 2 16 28 2131 2088 943 2216
7577 4 2 16 28 645 2079 2744 3704
7578 4 2 16 28 125 2219 2244 957
7579 4 2 16 28 2804 2559 2810 471
7580 4 2 16 28 2250 2093 1489 947
7581 4 2 16 28 562 563 2337 3484
7582 4 2 16 28 781 782 2330 3462
7583 4 2 16 28 870 3659 871 3678
7584 4 2 16 28 475 1335 1444 2480
7585 4 2 16 28 2192 123 2151 2088
7586 4 2 16 28 2250 2093 2281 1489
7587 4 2 16 28 1115 2296 1698 2213
7588 4 2 16 28 2812 468 467 2645
7589 4 2 16 28 720 2323 721 3560
7590 4 2 16 28 2487 308 309 2345
7591 4 2 16 28 1297 3769 3418 3774
7592 4 2 16 28 3422 2181 737 3427
7593 4 2 16 28 80 646 3644 3670
7594 4 2 16 28 2503 2816 487 488
7595 4 2 16 28 2313 2448 584 583
7596 4 2 16 28 920 919 851 3712
7597 4 2 16 28 2530 2781 2784 61
7598 4 2 16 28 2811 2370 2812 466
7599 4 2 16 28 2189 1112 2121 2258
7600 4 2 16 28 1092 3352 1093 3729
7601 4 2 16 28 2154 3487 595 596
7602 4 2 16 28 275 276 1358 2474
7603 4 2 16 28 892 893 3332 3728
7604 4 2 16 28 895 3335 894 3728
7605 4 2 16 28 3569 682 82 2288
7606 4 2 16 28 850 110 103 3678
7607 4 2 16 28 2290 974 1007 1515
7608 4 2 16 28 2190 693 3470 692
7609 4 2 16 28 890 158 1073 3716
7610 4 2 16 28 578 2331 3449 3505
7611 4 2 16 28 1086 3348 1071 3674
7612 4 2 16 28 2710 2487 309 2345
7613 4 2 16 28 1378 334 1419 2555
7614 4 2 16 28 1047 2305 2157 2239
7615 4 2 16 28 1076 3358 1077 3652
7616 4 2 16 28 2186 969 970 2188
7617 4 2 16 28 3464 656 3518 2346
7618 4 2 16 28 1734 1112 170 3661
7619 4 2 16 28 2253 932 2242 2159
7620 4 2 16 28 629 79 1296 3413
7621 4 2 16 28 333 334 1378 2555
7622 4 2 16 28 2739 2415 1402 2759
7623 4 2 16 28 1706 2355 1093 3672
7624 4 2 16 28 2737 2337 2775 560
7625 4 2 16 28 1281 3388 78 630
7626 4 2 16 28 356 357 1399 2570
7627 4 2 16 28 650 2169 651 3564
7628 4 2 16 28 120 921 103 3703
7629 4 2 16 28 2262 663 3490 664
7630 4 2 16 28 3521 3475 671 2155
7631 4 2 16 28 834 3752 833 3757
7632 4 2 16 28 2080 288 2596 2733
7633 4 2 16 28 706 3473 707 2317
7634 4 2 16 28 825 900 3310 3743
7635 4 2 16 28 2270 2172 2290 1007
7636 4 2 16 28 2305 1047 2157 1508
7637 4 2 16 28 644 2079 2776 2744
7638 4 2 16 28 2377 2718 462 461
7639 4 2 16 28 2244 97 125 1593
7640 4 2 16 28 2831 2508 2842 1451
7641 4 2 16 28 2205 2311 989 990
7642 4 2 16 28 2241 595 2268 594
7643 4 2 16 28 401 1362 1454 2831
7644 4 2 16 28 119 805 920 3713
7645 4 2 16 28 3468 779 2128 780
7646 4 2 16 28 2606 2456 2800 338
7647 4 2 16 28 2555 2461 2778 1378
7648 4 2 16 28 2430 2573 1368 1421
7649 4 2 16 28 3440 2195 3542 724
7650 4 2 16 28 1076 887 1075 3662
7651 4 2 16 28 2253 2261 1003 1513
7652 4 2 16 28 91 1481 796 3693
7653 4 2 16 28 567 568 2262 3485
7654 4 2 16 28 598 3494 3489 2154
7655 4 2 16 28 109 856 104 3712
7656 4 2 16 28 922 3326 923 3677
7657 4 2 16 28 3439 636 2082 3541
7658 4 2 16 28 3562 2180 3443 3498
7659 4 2 16 28 800 799 926 3738
7660 4 2 16 28 868 3341 869 3734
7661 4 2 16 28 559 560 2337 3524
7662 4 2 16 28 427 428 1385 2815
7663 4 2 16 28 3524 2202 559 3469
7664 4 2 16 28 2550 2401 2829 1375
7665 4 2 16 28 568 2262 3485 3538
7666 4 2 16 28 287 2267 2574 286
7667 4 2 16 28 2343 98 3717 3732
7668 4 2 16 28 2414 2580 2581 347
7669 4 2 16 28 2282 300 301 3477
7670 4 2 16 28 2342 2216 1501 1038
7671 4 2 16 28 646 3670 2079 3704
7672 4 2 16 28 3388 205 78 3369
7673 4 2 16 28 1469 2752 546 547
7674 4 2 16 28 2774 2611 401 402
7675 4 2 16 28 2783 2566 2807 395
7676 4 2 16 28 208 79 3370 3413
7677 4 2 16 28 400 399 1451 2842
7678 4 2 16 28 838 2690 3329 839
7679 4 2 16 28 835 98 115 3716
7680 4 2 16 28 665 664 2391 2308
7681 4 2 16 28 2436 2580 1417 1369
7682 4 2 16 28 571 572 2303 3475
7683 4 2 16 28 2596 2267 287 288
7684 4 2 16 28 2405 2613 2846 1415
7685 4 2 16 28 828 827 897 3727
7686 4 2 16 28 3357 1091 1090 3729
7687 4 2 16 28 2552 2235 2650 657
7688 4 2 16 28 2773 617 616 2090
7689 4 2 16 28 1069 3355 1068 3761
7690 4 2 16 28 959 1490 1022 2094
7691 4 2 16 28 157 1072 891 3727
7692 4 2 16 28 605 3471 3520 3760
7693 4 2 16 28 1639 1005 877 3754
7694 4 2 16 28 674 2155 3463 673
7695 4 2 16 28 2211 974 975 1053
7696 4 2 16 28 1073 163 1084 3761
7697 4 2 16 28 951 2091 124 2199
7698 4 2 16 28 267 1389 1438 2432
7699 4 2 16 28 2682 306 2190 305
7700 4 2 16 28 887 3312 888 3666
7701 4 2 16 28 2761 2454 2814 1434
7702 4 2 16 28 709 3461 2316 3517
7703 4 2 16 28 635 2292 634 2745
7704 4 2 16 28 1094 3672 1093 3744
7705 4 2 16 28 2524 2408 2589 1343
7706 4 2 16 28 742 3459 741 2338
7707 4 2 16 28 1735 1081 1082 3680
7708 4 2 16 28 2371 2488 2813 492
7709 4 2 16 28 865 1670 108 3663
7710 4 2 16 28 2521 2457 2699 1372
7711 4 2 16 28 2324 614 3545 3457
7712 4 2 16 28 2615 2377 2700 461
7713 4 2 16 28 1000 2157 2287 2306
7714 4 2 16 28 2768 2405 2846 1415
7715 4 2 16 28 2778 526 2392 525
7716 4 2 16 28 810 915 809 3703
7717 4 2 16 28 2167 2099 2220 1026
7718 4 2 16 28 1075 888 1074 3666
7719 4 2 16 28 2560 2767 2787 326
7720 4 2 16 28 3489 2214 770 3533
7721 4 2 16 28 404 2744 2541 405
7722 4 2 16 28 667 3485 2262 3538
7723 4 2 16 28 959 2178 1490 2094
7724 4 2 16 28 2127 762 763 3760
7725 4 2 16 28 1469 2752 2749 2449
7726 4 2 16 28 1555 819 3365 3705
7727 4 2 16 28 3427 80 3422 3670
7728 4 2 16 28 761 762 2375 3687
7729 4 2 16 28 3490 2238 565 564
7730 4 2 16 28 2235 2552 656 657
7731 4 2 16 28 2158 2253 2261 1003
7732 4 2 16 28 2813 1435 2435 2706
7733 4 2 16 28 2448 2606 2712 340
7734 4 2 16 28 837 3312 838 3666
7735 4 2 16 28 158 890 115 3716
7736 4 2 16 28 696 3482 697 2282
7737 4 2 16 28 863 1676 107 3737
7738 4 2 16 28 2333 684 3556 3748
7739 4 2 16 28 2651 2789 570 2084
7740 4 2 16 28 3352 1064 1093 3744
7741 4 2 16 28 805 2830 2368 806
7742 4 2 16 28 591 2268 3474 592
7743 4 2 16 28 2282 3530 300 3477
7744 4 2 16 28 619 3548 2300 620
7745 4 2 16 28 2279 2817 2652 698
7746 4 2 16 28 803 922 921 3677
7747 4 2 16 28 2310 280 281 3497
7748 4 2 16 28 3482 2279 298 3534
7749 4 2 16 28 3353 1082 1075 3662
7750 4 2 16 28 3456 2183 3550 743
7751 4 2 16 28 2644 2268 593 594
7752 4 2 16 28 800 926 925 3738
7753 4 2 16 28 910 859 860 3733
7754 4 2 16 28 2541 2438 2721 1450
7755 4 2 16 28 989 2192 2205 2327
7756 4 2 16 28 2737 2238 562 2390
7757 4 2 16 28 3529 660 3484 2142
7758 4 2 16 28 2731 879 3340 878
7759 4 2 16 28 916 855 854 3722
7760 4 2 16 28 3312 887 838 3666
7761 4 2 16 28 2235 658 659 2771
7762 4 2 16 28 2345 3501 310 3438
7763 4 2 16 28 3494 772 2126 773
7764 4 2 16 28 2637 2441 2760 261
7765 4 2 16 28 2654 2508 1353 2632
7766 4 2 16 28 639 2348 3547 3447
7767 4 2 16 28 2316 285 3461 3513
7768 4 2 16 28 2765 2405 2768 315
7769 4 2 16 28 877 3724 878 3754
7770 4 2 16 28 1046 2305 1508 935
7771 4 2 16 28 847 925 846 3725
7772 4 2 16 28 1676 2254 107 3737
7773 4 2 16 28 2578 622 621 2195
7774 4 2 16 28 2238 3490 3537 564
7775 4 2 16 28 1000 2287 981 1491
7776 4 2 16 28 99 2762 2188 3683
7777 4 2 16 28 3692 3711 2493 3735
7778 4 2 16 28 2474 2487 2682 276
7779 4 2 16 28 2115 994 993 1514
7780 4 2 16 28 238 239 3365 818
7781 4 2 16 28 2319 649 650 3749
7782 4 2 16 28 2295 641 2774 2462
7783 4 2 16 28 2837 1327 2615 2438
7784 4 2 16 28 372 66 1338 2442
7785 4 2 16 28 2687 298 2724 2095
7786 4 2 16 28 2410 2664 495 496
7787 4 2 16 28 2513 2645 1453 1361
7788 4 2 16 28 921 120 804 3703
7789 4 2 16 28 3546 646 2338 645
7790 4 2 16 28 2274 236 3366 3767
7791 4 2 16 28 1077 885 886 3652
7792 4 2 16 28 3507 2329 585 584
7793 4 2 16 28 3 3376 862 864
7794 4 2 16 28 3495 2262 567 566
7795 4 2 16 28 941 1563 813 3692
7796 4 2 16 28 2533 330 2789 329
7797 4 2 16 28 2086 581 3436 3502
7798 4 2 16 28 3460 617 3549 2090
7799 4 2 16 28 2718 461 1333 462
7800 4 2 16 28 717 2726 2622 718
7801 4 2 16 28 330 2642 2533 2460
7802 4 2 16 28 609 2482 2655 3697
7803 4 2 16 28 2552 2649 541 540
7804 4 2 16 28 2178 1020 961 1507
7805 4 2 16 28 2589 2408 2808 1405
7806 4 2 16 28 267 268 1389 2432
7807 4 2 16 28 2189 2263 967 968
7808 4 2 16 28 3458 739 740 2182
7809 4 2 16 28 2095 3530 299 300
7810 4 2 16 28 3447 2348 3544 638
7811 4 2 16 28 2134 2277 1019 2286
7812 4 2 16 28 1335 476 1463 2480
7813 4 2 16 28 2368 2493 3713 3714
7814 4 2 16 28 3356 1072 1085 3674
7815 4 2 16 28 2280 1696 2121 2189
7816 4 2 16 28 841 970 1608 3671
7817 4 2 16 28 3390 2671 1281 1280
7818 4 2 16 28 766 3478 767 2127
7819 4 2 16 28 2214 768 3478 767
7820 4 2 16 28 896 830 895 3701
7821 4 2 16 28 310 2710 2345 551
7822 4 2 16 28 1076 1077 886 3652
7823 4 2 16 28 2575 1276 3391 1275
7824 4 2 16 28 682 2723 82 2288
7825 4 2 16 28 2718 2615 1333 461
7826 4 2 16 28 735 2181 3428 734
7827 4 2 16 28 2108 1114 1736 3680
7828 4 2 16 28 925 846 3725 3738
7829 4 2 16 28 2169 3499 3437 551
7830 4 2 16 28 2279 297 298 3534
7831 4 2 16 28 157 164 1072 3727
7832 4 2 16 28 2222 2099 1097 2341
7833 4 2 16 28 2838 69 1466 392
7834 4 2 16 28 827 898 897 3727
7835 4 2 16 28 140 129 2174 2123
7836 4 2 16 28 661 3484 660 2142
7837 4 2 16 28 2815 429 2526 428
7838 4 2 16 28 1359 369 1407 2443
7839 4 2 16 28 2620 2454 1427 270
7840 4 2 16 28 652 2346 2576 653
7841 4 2 16 28 2199 2091 2246 951
7842 4 2 16 28 827 955 1604 3686
7843 4 2 16 28 2136 1692 1110 1111
7844 4 2 16 28 865 108 860 3667
7845 4 2 16 28 2821 620 619 2298
7846 4 2 16 28 2473 2503 2753 367
7847 4 2 16 28 776 775 3481 2315
7848 4 2 16 28 2348 639 638 3447
7849 4 2 16 28 2292 635 636 2745
7850 4 2 16 28 1301 1302 3412 3746
7851 4 2 16 28 3378 1275 1276 3745
7852 4 2 16 28 509 1349 1410 2497
7853 4 2 16 28 1068 896 895 3761
7854 4 2 16 28 779 2128 3526 3468
7855 4 2 16 28 666 3485 2262 667
7856 4 2 16 28 615 2757 616 2090
7857 4 2 16 28 524 525 1378 2778
7858 4 2 16 28 2238 562 2390 563
7859 4 2 16 28 2174 2353 972 973
7860 4 2 16 28 679 680 3436 2086
7861 4 2 16 28 802 1534 930 3675
7862 4 2 16 28 2544 2748 2854 1331
7863 4 2 16 28 3514 2331 576 3463
7864 4 2 16 28 2210 2111 2283 940
7865 4 2 16 28 2754 663 662 2308
7866 4 2 16 28 3391 1276 2848 3775
7867 4 2 16 28 578 3449 2331 577
7868 4 2 16 28 243 2621 241 15
7869 4 2 16 28 1081 3661 1080 3662
7870 4 2 16 28 590 2085 591 2365
7871 4 2 16 28 2325 3559 752 3429
7872 4 2 16 28 753 754 2325 2728
7873 4 2 16 28 1076 1081 3358 3662
7874 4 2 16 28 2314 2178 2094 1490
7875 4 2 16 28 2594 2494 516 2641
7876 4 2 16 28 758 3566 759 3688
7877 4 2 16 28 2279 3493 296 3488
7878 4 2 16 28 3357 1090 1067 3727
7879 4 2 16 28 1362 400 1451 2831
7880 4 2 16 28 2836 2380 2593 3701
7881 4 2 16 28 2222 1499 953 2246
7882 4 2 16 28 891 833 834 3752
7883 4 2 16 28 2463 2732 2742 450
7884 4 2 16 28 2434 2537 1390 1437
7885 4 2 16 28 3546 2326 646 3427
7886 4 2 16 28 498 499 1392 2564
7887 4 2 16 28 658 2235 2650 2771
7888 4 2 16 28 1330 62 2679 2524
7889 4 2 16 28 3494 772 3489 2126
7890 4 2 16 28 2313 581 75 3436
7891 4 2 16 28 218 2092 217 3691
7892 4 2 16 28 2748 515 1331 516
7893 4 2 16 28 2182 3458 739 3546
7894 4 2 16 28 807 936 1545 2218
7895 4 2 16 28 12 1055 8 3672
7896 4 2 16 28 720 2640 2323 719
7897 4 2 16 28 2750 548 2471 549
7898 4 2 16 28 2276 2306 871 3659
7899 4 2 16 28 900 1065 899 3726
7900 4 2 16 28 3469 2202 559 558
7901 4 2 16 28 2349 2135 2350 963
7902 4 2 16 28 96 817 117 3739
7903 4 2 16 28 1069 1068 895 3761
7904 4 2 16 28 2214 3478 603 3522
7905 4 2 16 28 97 2656 3686 3752
7906 4 2 16 28 990 2205 1521 989
7907 4 2 16 28 2183 639 3547 640
7908 4 2 16 28 2391 664 663 2308
7909 4 2 16 28 2420 2766 464 463
7910 4 2 16 28 871 2306 1644 3685
7911 4 2 16 28 2537 2572 1396 1437
7912 4 2 16 28 2295 641 640 2183
7913 4 2 16 28 2738 2448 2739 343
7914 4 2 16 28 386 1335 66 2549
7915 4 2 16 28 2453 1475 2605 73
7916 4 2 16 28 849 923 848 3724
7917 4 2 16 28 2404 650 649 3749
7918 4 2 16 28 2091 1062 1031 2272
7919 4 2 16 28 3341 857 856 3736
7920 4 2 16 28 445 1336 1464 2785
7921 4 2 16 28 2685 2451 2716 1394
7922 4 2 16 28 89 926 799 3653
7923 4 2 16 28 567 2238 566 2262
7924 4 2 16 28 285 284 3513 2168
7925 4 2 16 28 703 3480 2317 3535
7926 4 2 16 28 22 23 845 1308
7927 4 2 16 28 1435 2813 2435 1384
7928 4 2 16 28 802 803 3675 3676
7929 4 2 16 28 144 2147 956 125
7930 4 2 16 28 2727 2728 443 444
7931 4 2 16 28 2353 972 2347 2174
7932 4 2 16 28 2579 2762 99 3683
7933 4 2 16 28 640 2348 639 2843
7934 4 2 16 28 97 2244 2425 3752
7935 4 2 16 28 1389 422 1438 2528
7936 4 2 16 28 2689 2804 1345 2486
7937 4 2 16 28 431 1379 2403 1430
7938 4 2 16 28 117 817 908 3746
7939 4 2 16 28 118 903 822 3745
7940 4 2 16 28 94 805 119 3713
7941 4 2 16 28 301 2282 3477 3523
7942 4 2 16 28 2127 604 3471 3522
7943 4 2 16 28 610 2482 609 3697
7944 4 2 16 28 309 310 2710 2345
7945 4 2 16 28 658 2235 657 2650
7946 4 2 16 28 2579 99 3669 3683
7947 4 2 16 28 2195 3448 727 726
7948 4 2 16 28 3411 1297 235 3646
7949 4 2 16 28 2154 598 3494 597
7950 4 2 16 28 923 849 922 3677
7951 4 2 16 28 2465 455 2825 454
7952 4 2 16 28 2390 323 2736 324
7953 4 2 16 28 2315 777 2268 776
7954 4 2 16 28 1277 3374 1276 3700
7955 4 2 16 28 3407 1300 1301 3699
7956 4 2 16 28 99 840 114 3669
7957 4 2 16 28 205 1281 3388 78
7958 4 2 16 28 448 449 1346 2742
7959 4 2 16 28 3436 679 2086 3563
7960 4 2 16 28 3520 764 3466 3760
7961 4 2 16 28 282 283 2168 3506
7962 4 2 16 28 3487 2154 3494 596
7963 4 2 16 28 331 332 1382 2629
7964 4 2 16 28 3458 740 741 2338
7965 4 2 16 28 2635 2380 2719 3696
7966 4 2 16 28 873 3656 874 3721
7967 4 2 16 28 615 2757 2090 3682
7968 4 2 16 28 2531 716 717 2179
7969 4 2 16 28 118 822 3700 3745
7970 4 2 16 28 1296 208 3413 79
7971 4 2 16 28 2830 2658 806 3723
7972 4 2 16 28 589 588 2217 2581
7973 4 2 16 28 1295 629 1296 3413
7974 4 2 16 28 860 3339 865 3668
7975 4 2 16 28 483 1352 1471 2496
7976 4 2 16 28 616 617 3460 2090
7977 4 2 16 28 2123 2174 2347 129
7978 4 2 16 28 2182 739 3427 3546
7979 4 2 16 28 163 1073 158 3761
7980 4 2 16 28 569 568 2303 2084
7981 4 2 16 28 650 649 2319 3437
7982 4 2 16 28 692 3470 2190 3519
7983 4 2 16 28 737 738 2182 2523
7984 4 2 16 28 64 2310 3431 280
7985 4 2 16 28 1281 1282 3388 630
7986 4 2 16 28 2173 3659 876 3724
7987 4 2 16 28 3486 2185 703 702
7988 4 2 16 28 3493 296 295 2185
7989 4 2 16 28 816 118 95 2703
7990 4 2 16 28 2148 2219 2220 165
7991 4 2 16 28 894 1069 895 3728
7992 4 2 16 28 892 1071 893 3728
7993 4 2 16 28 2826 2497 1357 1410
7994 4 2 16 28 874 3336 873 3721
7995 4 2 16 28 1007 139 2270 2172
7996 4 2 16 28 442 1329 2725 1474
7997 4 2 16 28 886 3329 2690 839
7998 4 2 16 28 2311 2093 947 1509
7999 4 2 16 28 858 912 857 3734
8000 4 2 16 28 2815 2547 2760 427
8001 4 2 16 28 3553 717 716 2179
8002 4 2 16 28 3356 1086 1071 3674
8003 4 2 16 28 3501 310 309 2345
8004 4 2 16 28 3333 806 2830 919
8005 4 2 16 28 2646 2434 2691 360
8006 4 2 16 28 2114 1513 977 1004
8007 4 2 16 28 245 24 112 1309
8008 4 2 16 28 457 458 1363 2379
8009 4 2 16 28 1682 1055 1056 3672
8010 4 2 16 28 2080 2637 292 291
8011 4 2 16 28 1482 87 795 3758
8012 4 2 16 28 811 1561 939 3753
8013 4 2 16 28 98 829 3701 3732
8014 4 2 16 28 99 3343 842 3669
8015 4 2 16 28 710 3461 2316 709
8016 4 2 16 28 576 577 2456 2332
8017 4 2 16 28 2198 2091 1062 156
8018 4 2 16 28 431 432 1374 2403
8019 4 2 16 28 2372 2572 2646 358
8020 4 2 16 28 2306 871 3659 3685
8021 4 2 16 28 2547 2412 1398 425
8022 4 2 16 28 3537 563 2238 564
8023 4 2 16 28 823 96 2199 1599
8024 4 2 16 28 795 796 1483 3693
8025 4 2 16 28 2805 2435 1384 1425
8026 4 2 16 28 2690 2579 2529 3652
8027 4 2 16 28 1646 1001 871 2276
8028 4 2 16 28 830 1597 831 3756
8029 4 2 16 28 2594 2748 1462 516
8030 4 2 16 28 1081 1076 3350 3662
8031 4 2 16 28 89 102 926 3653
8032 4 2 16 28 2182 739 738 3427
8033 4 2 16 28 908 155 117 3746
8034 4 2 16 28 105 903 118 3745
8035 4 2 16 28 93 810 1543 3776
8036 4 2 16 28 2217 3462 587 588
8037 4 2 16 28 2331 2155 3463 674
8038 4 2 16 28 943 1562 815 3711
8039 4 2 16 28 214 1556 3303 820
8040 4 2 16 28 2260 2208 2092 3764
8041 4 2 16 28 2142 3490 663 662
8042 4 2 16 28 806 2658 2212 3723
8043 4 2 16 28 2646 2691 2089 600
8044 4 2 16 28 486 487 1371 2503
8045 4 2 16 28 3437 63 2169 551
8046 4 2 16 28 2391 2604 665 2308
8047 4 2 16 28 587 2217 588 2581
8048 4 2 16 28 2436 2803 506 507
8049 4 2 16 28 2136 1692 2186 1110
8050 4 2 16 28 879 846 111 3664
8051 4 2 16 28 554 2169 3508 3454
8052 4 2 16 28 1629 843 85 1477
8053 4 2 16 28 971 1629 86 1477
8054 4 2 16 28 562 2337 3529 3484
8055 4 2 16 28 677 2086 2307 678
8056 4 2 16 28 3479 2303 570 569
8057 4 2 16 28 799 927 1529 3707
8058 4 2 16 28 2580 2414 346 347
8059 4 2 16 28 1083 1115 2108 1738
8060 4 2 16 28 365 2839 2473 366
8061 4 2 16 28 637 3544 2348 638
8062 4 2 16 28 580 581 2086 3502
8063 4 2 16 28 2211 2114 2221 1486
8064 4 2 16 28 2082 749 748 3439
8065 4 2 16 28 2827 1370 415 414
8066 4 2 16 28 2221 2114 2253 1051
8067 4 2 16 28 2822 2401 2824 503
8068 4 2 16 28 2192 2088 2327 146
8069 4 2 16 28 2190 692 3519 3465
8070 4 2 16 28 2086 578 579 3505
8071 4 2 16 28 2596 2267 2574 287
8072 4 2 16 28 571 2303 3532 3475
8073 4 2 16 28 2642 330 2533 1388
8074 4 2 16 28 3481 775 3536 2315
8075 4 2 16 28 843 1629 971 1477
8076 4 2 16 28 106 862 59 3299
8077 4 2 16 28 151 1059 3361 52
8078 4 2 16 28 843 87 85 1477
8079 4 2 16 28 971 86 88 1477
8080 4 2 16 28 2157 2239 1511 980
8081 4 2 16 28 871 1646 2276 3659
8082 4 2 16 28 725 3440 2195 726
8083 4 2 16 28 919 3333 918 3721
8084 4 2 16 28 2104 868 996 1674
8085 4 2 16 28 3423 3553 3431 2325
8086 4 2 16 28 2157 1045 2287 2257
8087 4 2 16 28 559 2409 2202 2775
8088 4 2 16 28 486 1371 1413 2503
8089 4 2 16 28 2108 3680 3657 3762
8090 4 2 16 28 2433 2085 590 2365
8091 4 2 16 28 108 3667 865 3737
8092 4 2 16 28 1005 2114 1004 2173
8093 4 2 16 28 3474 2268 3528 592
8094 4 2 16 28 2136 2186 2258 1110
8095 4 2 16 28 1026 2099 2220 1098
8096 4 2 16 28 3506 283 2168 3450
8097 4 2 16 28 3500 3446 3566 3777
8098 4 2 16 28 850 3338 875 3677
8099 4 2 16 28 251 2782 2522 1409
8100 4 2 16 28 2268 592 2085 593
8101 4 2 16 28 2609 71 407 2534
8102 4 2 16 28 805 2368 94 2212
8103 4 2 16 28 2737 2337 561 562
8104 4 2 16 28 1687 2314 1119 2200
8105 4 2 16 28 3449 3514 2331 577
8106 4 2 16 28 25 26 3354 1313
8107 4 2 16 28 95 3650 2575 3700
8108 4 2 16 28 1119 1716 1120 3698
8109 4 2 16 28 591 592 2365 2085
8110 4 2 16 28 1301 2734 3417 3768
8111 4 2 16 28 2630 2629 331 2460
8112 4 2 16 28 676 2086 677 3449
8113 4 2 16 28 94 2212 2162 1544
8114 4 2 16 28 549 550 1330 2471
8115 4 2 16 28 2562 2513 1453 378
8116 4 2 16 28 452 453 1362 2772
8117 4 2 16 28 2262 568 2303 3538
8118 4 2 16 28 446 1340 1443 2362
8119 4 2 16 28 2115 2205 2327 136
8120 4 2 16 28 4 3375 205 3665
8121 4 2 16 28 538 2382 2751 2771
8122 4 2 16 28 240 12 48 1059
8123 4 2 16 28 2290 1005 2173 2114
8124 4 2 16 28 3350 1075 1082 3662
8125 4 2 16 28 3435 582 2313 3498
8126 4 2 16 28 2286 2178 1021 1507
8127 4 2 16 28 797 2354 1483 798
8128 4 2 16 28 832 3696 831 3757
8129 4 2 16 28 2737 2238 2337 562
8130 4 2 16 28 2381 2352 3683 3689
8131 4 2 16 28 18 2579 19 3648
8132 4 2 16 28 851 852 3336 3721
8133 4 2 16 28 2162 2212 94 3753
8134 4 2 16 28 2118 2402 713 712
8135 4 2 16 28 1360 522 1418 2519
8136 4 2 16 28 471 472 1345 2804
8137 4 2 16 28 2175 2353 797 2347
8138 4 2 16 28 2690 3683 839 3689
8139 4 2 16 28 885 886 2690 839
8140 4 2 16 28 770 2214 769 3483
8141 4 2 16 28 1020 2178 2286 1507
8142 4 2 16 28 613 3428 77 3655
8143 4 2 16 28 899 826 3310 3726
8144 4 2 16 28 3451 586 585 2329
8145 4 2 16 28 3479 2303 569 3538
8146 4 2 16 28 796 798 1483 2354
8147 4 2 16 28 816 2703 95 3711
8148 4 2 16 28 840 885 2690 839
8149 4 2 16 28 3459 742 2183 2338
8150 4 2 16 28 587 2165 586 2329
8151 4 2 16 28 842 3648 841 3671
8152 4 2 16 28 1339 473 474 2486
8153 4 2 16 28 3487 2154 2315 3494
8154 4 2 16 28 772 771 3489 2126
8155 4 2 16 28 2418 2798 2799 1467
8156 4 2 16 28 574 575 2155 3515
8157 4 2 16 28 2227 1125 1093 1704
8158 4 2 16 28 1596 833 958 3757
8159 4 2 16 28 616 3460 3551 2090
8160 4 2 16 28 2380 2593 3701 3716
8161 4 2 16 28 3517 709 3467 2184
8162 4 2 16 28 2115 994 2342 2265
8163 4 2 16 28 1380 503 1429 2698
8164 4 2 16 28 966 838 1614 3689
8165 4 2 16 28 2403 2840 2841 432
8166 4 2 16 28 920 2830 806 919
8167 4 2 16 28 786 785 2329 3755
8168 4 2 16 28 1692 2136 2186 2340
8169 4 2 16 28 2386 2620 271 270
8170 4 2 16 28 704 703 3480 2317
8171 4 2 16 28 2303 3479 667 3538
8172 4 2 16 28 3566 3432 3500 3777
8173 4 2 16 28 2185 294 293 2638
8174 4 2 16 28 2285 571 570 2651
8175 4 2 16 28 2338 2079 643 644
8176 4 2 16 28 577 576 2331 2332
8177 4 2 16 28 2323 2577 2416 2677
8178 4 2 16 28 2451 1442 2685 2533
8179 4 2 16 28 3536 2154 2315 3487
8180 4 2 16 28 888 1075 887 3666
8181 4 2 16 28 473 1345 2486 1446
8182 4 2 16 28 3550 641 642 2183
8183 4 2 16 28 943 2216 1038 1501
8184 4 2 16 28 2114 2221 1486 1051
8185 4 2 16 28 864 108 1675 3663
8186 4 2 16 28 3532 570 2303 571
8187 4 2 16 28 731 2145 730 2812
8188 4 2 16 28 3337 855 870 3678
8189 4 2 16 28 2108 1736 1083 3680
8190 4 2 16 28 2217 2085 591 590
8191 4 2 16 28 236 237 3367 2274
8192 4 2 16 28 9 1304 7 3709
8193 4 2 16 28 3556 684 3426 3748
8194 4 2 16 28 2680 2765 314 2405
8195 4 2 16 28 2678 1347 2449 2680
8196 4 2 16 28 639 2844 2843 2348
8197 4 2 16 28 820 821 214 1556
8198 4 2 16 28 3451 783 3512 2329
8199 4 2 16 28 2745 2292 634 2466
8200 4 2 16 28 2479 2612 2827 415
8201 4 2 16 28 690 2320 689 3452
8202 4 2 16 28 247 28 100 1315
8203 4 2 16 28 2208 219 218 3764
8204 4 2 16 28 1070 3348 1087 3728
8205 4 2 16 28 934 1546 809 3710
8206 4 2 16 28 3464 655 656 2346
8207 4 2 16 28 775 2315 774 3487
8208 4 2 16 28 283 284 2168 3450
8209 4 2 16 28 806 805 2830 920
8210 4 2 16 28 1716 1119 1087 3762
8211 4 2 16 28 2279 296 297 3488
8212 4 2 16 28 3530 3482 696 2282
8213 4 2 16 28 2324 614 615 3682
8214 4 2 16 28 133 136 2327 989
8215 4 2 16 28 3494 596 2154 597
8216 4 2 16 28 785 3443 2329 3507
8217 4 2 16 28 2168 284 3513 3450
8218 4 2 16 28 3394 2850 1277 3771
8219 4 2 16 28 568 567 2262 2084
8220 4 2 16 28 2315 775 3536 3487
8221 4 2 16 28 2170 688 3445 687
8222 4 2 16 28 93 804 120 3703
8223 4 2 16 28 99 842 2579 3669
8224 4 2 16 28 860 108 105 3667
8225 4 2 16 28 17 2529 2579 3652
8226 4 2 16 28 2128 778 3474 777
8227 4 2 16 28 2095 301 300 2696
8228 4 2 16 28 19 16 241 2621
8229 4 2 16 28 587 586 2165 2414
8230 4 2 16 28 3353 1083 2593 1074
8231 4 2 16 28 69 2776 2670 3646
8232 4 2 16 28 1334 388 1400 2542
8233 4 2 16 28 2771 2235 2650 2617
8234 4 2 16 28 2748 515 1476 1331
8235 4 2 16 28 1086 1087 3706 3762
8236 4 2 16 28 857 913 856 3736
8237 4 2 16 28 2295 641 642 2774
8238 4 2 16 28 1317 21 248 3758
8239 4 2 16 28 1609 835 963 3718
8240 4 2 16 28 104 914 119 3713
8241 4 2 16 28 3473 289 3525 2317
8242 4 2 16 28 829 830 896 3701
8243 4 2 16 28 2298 2821 620 2578
8244 4 2 16 28 636 2348 2467 637
8245 4 2 16 28 87 28 85 3346
8246 4 2 16 28 2262 663 664 2308
8247 4 2 16 28 2534 2535 2643 71
8248 4 2 16 28 748 2223 3439 747
8249 4 2 16 28 1280 3393 2440 1279
8250 4 2 16 28 708 3467 709 2184
8251 4 2 16 28 895 3728 1069 3761
8252 4 2 16 28 3451 3512 586 2329
8253 4 2 16 28 579 580 2606 2293
8254 4 2 16 28 702 3486 2185 701
8255 4 2 16 28 813 3692 812 3735
8256 4 2 16 28 2106 2353 2270 90
8257 4 2 16 28 3427 2326 646 3670
8258 4 2 16 28 1303 2 1 3660
8259 4 2 16 28 823 824 2511 3743
8260 4 2 16 28 2107 2188 2263 127
8261 4 2 16 28 1605 2137 952 824
8262 4 2 16 28 615 614 2757 3682
8263 4 2 16 28 3557 2319 649 3437
8264 4 2 16 28 12 1056 1055 3672
8265 4 2 16 28 1296 1297 3411 3646
8266 4 2 16 28 2394 2428 2705 3703
8267 4 2 16 28 3510 2320 690 3452
8268 4 2 16 28 675 2307 2769 676
8269 4 2 16 28 2128 3526 3474 779
8270 4 2 16 28 1088 3657 1089 3706
8271 4 2 16 28 2640 2323 722 721
8272 4 2 16 28 236 2274 235 3690
8273 4 2 16 28 2826 2738 1410 345
8274 4 2 16 28 2652 2796 2817 2150
8275 4 2 16 28 1740 161 1079 3742
8276 4 2 16 28 2180 790 3425 789
8277 4 2 16 28 3426 3567 647 3748
8278 4 2 16 28 3325 836 889 3716
8279 4 2 16 28 3451 784 783 2329
8280 4 2 16 28 776 2268 2315 3481
8281 4 2 16 28 884 113 3344 1314
8282 4 2 16 28 2466 634 633 2310
8283 4 2 16 28 1547 806 805 2212
8284 4 2 16 28 703 3535 2185 3486
8285 4 2 16 28 2599 2181 736 735
8286 4 2 16 28 2690 839 838 3689
8287 4 2 16 28 2657 2562 1455 2516
8288 4 2 16 28 1489 947 2093 1034
8289 4 2 16 28 734 3545 3457 2299
8290 4 2 16 28 503 1380 502 2698
8291 4 2 16 28 1454 1366 402 2611
8292 4 2 16 28 2170 3445 3565 687
8293 4 2 16 28 2309 84 755 3568
8294 4 2 16 28 770 3533 2214 3483
8295 4 2 16 28 407 408 1330 2609
8296 4 2 16 28 3462 2217 3516 588
8297 4 2 16 28 22 23 32 85
8298 4 2 16 28 648 3426 647 3748
8299 4 2 16 28 876 3659 875 3724
8300 4 2 16 28 2831 2772 1362 2465
8301 4 2 16 28 2805 2488 490 491
8302 4 2 16 28 2268 3526 2217 591
8303 4 2 16 28 2632 2467 2844 398
8304 4 2 16 28 2254 2093 135 2344
8305 4 2 16 28 809 3722 3330 3723
8306 4 2 16 28 3356 1085 1086 3674
8307 4 2 16 28 840 839 2690 3683
8308 4 2 16 28 815 3711 814 3735
8309 4 2 16 28 2313 582 583 3498
8310 4 2 16 28 3522 3478 766 2127
8311 4 2 16 28 761 2203 762 3687
8312 4 2 16 28 2259 995 1496 996
8313 4 2 16 28 1045 1046 2157 981
8314 4 2 16 28 712 3450 2316 711
8315 4 2 16 28 2198 2272 1062 2091
8316 4 2 16 28 2262 567 3485 3495
8317 4 2 16 28 576 2331 3514 577
8318 4 2 16 28 618 2821 619 2298
8319 4 2 16 28 2309 719 84 3568
8320 4 2 16 28 405 1363 1450 2541
8321 4 2 16 28 728 727 2300 3448
8322 4 2 16 28 2747 3656 2160 3685
8323 4 2 16 28 2154 595 2571 596
8324 4 2 16 28 2280 1504 2189 2120
8325 4 2 16 28 699 2279 2652 698
8326 4 2 16 28 1278 2850 1277 3394
8327 4 2 16 28 2582 2578 2078 622
8328 4 2 16 28 3327 3733 815 3735
8329 4 2 16 28 2338 3459 741 3552
8330 4 2 16 28 2169 3499 3564 3437
8331 4 2 16 28 2181 2599 2420 735
8332 4 2 16 28 3411 3646 235 3741
8333 4 2 16 28 27 247 113 1316
8334 4 2 16 28 3551 615 616 2090
8335 4 2 16 28 2556 2282 693 694
8336 4 2 16 28 3658 3698 2592 3730
8337 4 2 16 28 2306 1001 2157 2276
8338 4 2 16 28 835 115 890 3716
8339 4 2 16 28 170 1739 1734 3661
8340 4 2 16 28 810 3703 809 3776
8341 4 2 16 28 107 6 3 3737
8342 4 2 16 28 1093 1092 3729 3730
8343 4 2 16 28 2409 2097 2775 2554
8344 4 2 16 28 868 869 3656 3734
8345 4 2 16 28 347 1369 1417 2580
8346 4 2 16 28 3656 3731 868 3734
8347 4 2 16 28 2703 2585 2493 3735
8348 4 2 16 28 3474 778 2128 779
8349 4 2 16 28 569 2303 570 2084
8350 4 2 16 28 1606 970 841 3671
8351 4 2 16 28 2326 10 5 3763
8352 4 2 16 28 3511 555 2202 556
8353 4 2 16 28 2735 2736 323 1439
8354 4 2 16 28 1705 1091 1123 3730
8355 4 2 16 28 137 1643 2294 1669
8356 4 2 16 28 968 2263 967 1612
8357 4 2 16 28 2396 2603 529 530
8358 4 2 16 28 2142 661 662 2618
8359 4 2 16 28 2731 878 3724 3754
8360 4 2 16 28 2329 3512 587 2217
8361 4 2 16 28 1116 1733 171 2207
8362 4 2 16 28 2629 2630 331 332
8363 4 2 16 28 659 2235 3476 658
8364 4 2 16 28 2681 2508 452 451
8365 4 2 16 28 1069 1088 3355 3706
8366 4 2 16 28 282 2168 2310 3506
8367 4 2 16 28 1091 3658 1090 3729
8368 4 2 16 28 254 2573 2574 255
8369 4 2 16 28 2593 2529 2711 3662
8370 4 2 16 28 3495 2262 3490 664
8371 4 2 16 28 2253 2114 1513 977
8372 4 2 16 28 2754 2421 2832 535
8373 4 2 16 28 3333 807 918 3723
8374 4 2 16 28 3536 2154 595 2268
8375 4 2 16 28 921 922 850 3677
8376 4 2 16 28 624 2195 623 3697
8377 4 2 16 28 91 89 799 3653
8378 4 2 16 28 1637 138 1642 2261
8379 4 2 16 28 2223 3547 3447 745
8380 4 2 16 28 2345 63 310 551
8381 4 2 16 28 2104 868 1674 3656
8382 4 2 16 28 2155 671 3521 3472
8383 4 2 16 28 589 2433 588 2581
8384 4 2 16 28 999 1647 873 3685
8385 4 2 16 28 2296 1115 1116 2108
8386 4 2 16 28 766 2806 765 2127
8387 4 2 16 28 901 900 3324 3743
8388 4 2 16 28 2523 2721 459 458
8389 4 2 16 28 3459 642 643 2338
8390 4 2 16 28 2277 1019 2286 1104
8391 4 2 16 28 66 1338 2442 1328
8392 4 2 16 28 2827 1370 1414 2479
8393 4 2 16 28 2081 308 307 2487
8394 4 2 16 28 103 855 915 3678
8395 4 2 16 28 2204 762 2626 763
8396 4 2 16 28 2705 3678 2394 3703
8397 4 2 16 28 149 6 107 3709
8398 4 2 16 28 2604 2262 665 2308
8399 4 2 16 28 942 1559 814 3692
8400 4 2 16 28 1559 941 813 3692
8401 4 2 16 28 850 849 3338 3677
8402 4 2 16 28 585 2165 2459 584
8403 4 2 16 28 1740 2321 161 3742
8404 4 2 16 28 127 99 2263 1610
8405 4 2 16 28 918 852 919 3721
8406 4 2 16 28 2261 1004 876 1640
8407 4 2 16 28 298 299 2724 2095
8408 4 2 16 28 1006 1005 1639 3754
8409 4 2 16 28 1639 877 878 3754
8410 4 2 16 28 2332 573 574 2155
8411 4 2 16 28 873 3317 872 3721
8412 4 2 16 28 3448 3548 620 2195
8413 4 2 16 28 2803 783 2330 782
8414 4 2 16 28 573 2155 3472 574
8415 4 2 16 28 1045 1044 2112 1505
8416 4 2 16 28 8 1304 12 3709
8417 4 2 16 28 666 2603 2543 667
8418 4 2 16 28 825 824 3743 3747
8419 4 2 16 28 995 867 1672 3731
8420 4 2 16 28 2837 2359 2838 391
8421 4 2 16 28 160 1078 41 26
8422 4 2 16 28 2488 2127 2806 766
8423 4 2 16 28 2735 2628 1387 1433
8424 4 2 16 28 3476 2337 560 3524
8425 4 2 16 28 310 63 2345 3438
8426 4 2 16 28 2353 90 130 2270
8427 4 2 16 28 2776 2744 2079 3704
8428 4 2 16 28 2093 947 1509 1034
8429 4 2 16 28 2350 836 964 1615
8430 4 2 16 28 2747 2104 3656 3731
8431 4 2 16 28 1337 440 1458 2818
8432 4 2 16 28 2326 2079 646 3670
8433 4 2 16 28 2082 751 3429 752
8434 4 2 16 28 595 2644 2241 2571
8435 4 2 16 28 663 2142 662 2308
8436 4 2 16 28 2315 3494 2126 773
8437 4 2 16 28 2125 238 237 3368
8438 4 2 16 28 1082 3662 1083 3680
8439 4 2 16 28 3469 2202 558 3518
8440 4 2 16 28 1400 2838 1466 392
8441 4 2 16 28 642 2295 2774 643
8442 4 2 16 28 826 825 3310 3708
8443 4 2 16 28 2543 2604 2603 666
8444 4 2 16 28 378 1361 2513 1453
8445 4 2 16 28 2775 2337 2202 559
8446 4 2 16 28 2329 3451 784 785
8447 4 2 16 28 2268 591 2085 592
8448 4 2 16 28 2448 2712 2759 341
8449 4 2 16 28 3377 1281 219 3665
8450 4 2 16 28 1081 3350 1082 3662
8451 4 2 16 28 1607 2188 99 842
8452 4 2 16 28 2202 558 2409 559
8453 4 2 16 28 671 2155 672 3472
8454 4 2 16 28 782 2330 2803 781
8455 4 2 16 28 1504 2189 967 1014
8456 4 2 16 28 840 968 1612 2263
8457 4 2 16 28 851 919 852 3721
8458 4 2 16 28 1300 3649 1299 3774
8459 4 2 16 28 679 2086 3563 678
8460 4 2 16 28 827 1602 955 3686
8461 4 2 16 28 2169 652 3508 3454
8462 4 2 16 28 149 150 1678 1679
8463 4 2 16 28 10 2326 11 3763
8464 4 2 16 28 2124 3692 2291 3711
8465 4 2 16 28 1093 3360 1094 3744
8466 4 2 16 28 2654 1353 2463 1448
8467 4 2 16 28 28 23 85 3346
8468 4 2 16 28 164 1090 3658 3727
8469 4 2 16 28 3352 1093 3729 3744
8470 4 2 16 28 2678 1347 1403 2449
8471 4 2 16 28 717 3553 3423 2325
8472 4 2 16 28 392 391 1400 2838
8473 4 2 16 28 464 465 1364 2766
8474 4 2 16 28 859 866 3339 3733
8475 4 2 16 28 93 3702 804 3703
8476 4 2 16 28 863 107 3 3737
8477 4 2 16 28 383 1345 1446 2689
8478 4 2 16 28 1051 1050 2253 1503
8479 4 2 16 28 161 25 44 1079
8480 4 2 16 28 1550 817 96 3649
8481 4 2 16 28 95 822 1551 3650
8482 4 2 16 28 2757 3665 2090 3682
8483 4 2 16 28 2211 1486 929 1052
8484 4 2 16 28 885 114 840 3669
8485 4 2 16 28 707 3525 3467 2184
8486 4 2 16 28 2448 2459 2165 584
8487 4 2 16 28 998 2294 137 1643
8488 4 2 16 28 2654 2463 2742 1448
8489 4 2 16 28 3555 2180 3425 789
8490 4 2 16 28 3521 573 2155 3472
8491 4 2 16 28 2679 311 2408 62
8492 4 2 16 28 2082 636 635 3541
8493 4 2 16 28 1001 2306 871 2276
8494 4 2 16 28 450 2732 2742 449
8495 4 2 16 28 2190 305 304 2478
8496 4 2 16 28 102 111 846 3664
8497 4 2 16 28 1358 275 2474 1414
8498 4 2 16 28 853 872 3317 3721
8499 4 2 16 28 361 362 1435 2834
8500 4 2 16 28 2324 615 3457 2090
8501 4 2 16 28 603 3478 2214 602
8502 4 2 16 28 3490 2142 3537 662
8503 4 2 16 28 3449 676 2086 2331
8504 4 2 16 28 932 2253 931 2159
8505 4 2 16 28 2642 330 1388 1436
8506 4 2 16 28 2152 2271 2211 928
8507 4 2 16 28 1093 3672 2227 3730
8508 4 2 16 28 2622 717 718 2176
8509 4 2 16 28 407 1330 1473 2609
8510 4 2 16 28 3479 667 668 2303
8511 4 2 16 28 920 851 104 3712
8512 4 2 16 28 21 795 87 3758
8513 4 2 16 28 913 912 3323 3736
8514 4 2 16 28 2681 2463 451 450
8515 4 2 16 28 854 3337 871 3722
8516 4 2 16 28 813 3735 812 3736
8517 4 2 16 28 2343 1592 98 3732
8518 4 2 16 28 523 524 1372 2457
8519 4 2 16 28 21 34 87 795
8520 4 2 16 28 2112 2212 2257 937
8521 4 2 16 28 733 734 3457 2299
8522 4 2 16 28 585 3451 2329 3507
8523 4 2 16 28 599 2214 3533 600
8524 4 2 16 28 1051 1052 1486 2114
8525 4 2 16 28 3419 2734 1300 1299
8526 4 2 16 28 3436 3425 2313 2288
8527 4 2 16 28 2320 3465 691 2190
8528 4 2 16 28 2679 1403 1341 2449
8529 4 2 16 28 2099 1027 2222 1097
8530 4 2 16 28 2247 2354 91 3693
8531 4 2 16 28 3560 721 3430 2193
8532 4 2 16 28 2550 2580 1369 1420
8533 4 2 16 28 2329 3462 3512 2217
8534 4 2 16 28 336 2699 2456 337
8535 4 2 16 28 118 816 909 2703
8536 4 2 16 28 2207 2277 2286 1104
8537 4 2 16 28 241 1310 15 3679
8538 4 2 16 28 336 337 1418 2699
8539 4 2 16 28 2180 3425 3435 3555
8540 4 2 16 28 2478 2190 305 2682
8541 4 2 16 28 15 1308 14 3679
8542 4 2 16 28 16 1309 241 3684
8543 4 2 16 28 2324 3545 614 613
8544 4 2 16 28 801 1531 929 3675
8545 4 2 16 28 852 853 3317 3721
8546 4 2 16 28 3448 2195 3543 726
8547 4 2 16 28 2420 2766 2811 464
8548 4 2 16 28 1314 19 27 1316
8549 4 2 16 28 1092 1065 3352 3729
8550 4 2 16 28 2274 237 3367 3772
8551 4 2 16 28 2711 3654 2301 3680
8552 4 2 16 28 846 879 3340 2731
8553 4 2 16 28 741 3458 2338 3552
8554 4 2 16 28 892 3674 1071 3728
8555 4 2 16 28 2555 2629 1426 333
8556 4 2 16 28 2170 687 2477 688
8557 4 2 16 28 900 1065 3726 3743
8558 4 2 16 28 2593 1083 1084 3359
8559 4 2 16 28 446 2785 1336 445
8560 4 2 16 28 3434 624 2193 3542
8561 4 2 16 28 2182 2326 3546 3427
8562 4 2 16 28 3340 878 847 3725
8563 4 2 16 28 552 3499 2169 551
8564 4 2 16 28 2781 2818 1337 2530
8565 4 2 16 28 3357 1090 3727 3729
8566 4 2 16 28 998 874 1647 3656
8567 4 2 16 28 1117 1089 1718 3657
8568 4 2 16 28 649 648 2319 3557
8569 4 2 16 28 2182 740 741 2597
8570 4 2 16 28 1084 1116 1738 3657
8571 4 2 16 28 1090 1705 1122 3658
8572 4 2 16 28 1680 1058 1056 3709
8573 4 2 16 28 606 607 2473 3759
8574 4 2 16 28 594 3536 2268 3481
8575 4 2 16 28 3339 866 865 3668
8576 4 2 16 28 2312 2687 297 2384
8577 4 2 16 28 2778 2392 2790 525
8578 4 2 16 28 681 2288 3554 680
8579 4 2 16 28 2749 2404 2752 547
8580 4 2 16 28 594 2268 593 3481
8581 4 2 16 28 950 124 2091 2273
8582 4 2 16 28 2244 97 2425 2230
8583 4 2 16 28 773 2315 774 2565
8584 4 2 16 28 2081 2682 307 306
8585 4 2 16 28 358 1396 1399 2572
8586 4 2 16 28 3526 590 3468 2217
8587 4 2 16 28 3414 8 1302 2634
8588 4 2 16 28 668 2603 2156 667
8589 4 2 16 28 1004 1638 1005 2173
8590 4 2 16 28 641 2295 642 2183
8591 4 2 16 28 3445 308 3504 2320
8592 4 2 16 28 277 1351 1408 2695
8593 4 2 16 28 2169 651 3564 3444
8594 4 2 16 28 570 2303 3479 3532
8595 4 2 16 28 2484 3646 2101 3690
8596 4 2 16 28 2466 280 281 2310
8597 4 2 16 28 989 2327 2205 136
8598 4 2 16 28 2239 2158 2276 1002
8599 4 2 16 28 268 269 1434 2814
8600 4 2 16 28 1553 2273 817 950
8601 4 2 16 28 2152 2211 2221 929
8602 4 2 16 28 3299 3308 59 55
8603 4 2 16 28 3473 290 289 2317
8604 4 2 16 28 3526 2268 2128 3474
8605 4 2 16 28 951 952 2199 1603
8606 4 2 16 28 369 370 1407 2852
8607 4 2 16 28 3476 2235 3524 658
8608 4 2 16 28 120 103 915 3703
8609 4 2 16 28 2081 2710 2487 2450
8610 4 2 16 28 832 3332 893 3728
8611 4 2 16 28 831 894 3335 3728
8612 4 2 16 28 1382 528 1436 2642
8613 4 2 16 28 87 248 21 3758
8614 4 2 16 28 888 3312 837 3666
8615 4 2 16 28 3558 3432 757 3688
8616 4 2 16 28 2155 3463 673 3515
8617 4 2 16 28 972 129 86 2347
8618 4 2 16 28 2414 2826 346 345
8619 4 2 16 28 359 1396 2572 1437
8620 4 2 16 28 3434 2193 722 723
8621 4 2 16 28 23 22 845 85
8622 4 2 16 28 2337 660 2235 3476
8623 4 2 16 28 837 3325 888 3666
8624 4 2 16 28 292 291 3480 2317
8625 4 2 16 28 1555 948 819 3705
8626 4 2 16 28 606 605 2224 2791
8627 4 2 16 28 297 2279 3488 3534
8628 4 2 16 28 575 2331 576 2332
8629 4 2 16 28 2337 660 3529 2142
8630 4 2 16 28 521 522 1360 2519
8631 4 2 16 28 2396 2602 528 529
8632 4 2 16 28 2317 3480 292 3535
8633 4 2 16 28 623 624 3542 2195
8634 4 2 16 28 2235 657 3469 658
8635 4 2 16 28 3445 3504 688 2320
8636 4 2 16 28 24 3654 161 3750
8637 4 2 16 28 3449 2086 677 3505
8638 4 2 16 28 2162 122 94 1544
8639 4 2 16 28 897 116 828 3727
8640 4 2 16 28 381 380 1354 2820
8641 4 2 16 28 1670 1675 108 3663
8642 4 2 16 28 154 1701 1681 3672
8643 4 2 16 28 3423 64 2325 3431
8644 4 2 16 28 377 376 1365 2562
8645 4 2 16 28 2517 2768 2809 317
8646 4 2 16 28 2173 3724 877 3754
8647 4 2 16 28 1005 1638 877 2173
8648 4 2 16 28 573 572 2155 2285
8649 4 2 16 28 868 3656 2104 3731
8650 4 2 16 28 769 2214 768 3483
8651 4 2 16 28 78 212 205 627
8652 4 2 16 28 2811 733 732 2299
8653 4 2 16 28 3341 868 857 3734
8654 4 2 16 28 3423 3570 718 2325
8655 4 2 16 28 3337 3678 871 3722
8656 4 2 16 28 2346 2851 654 655
8657 4 2 16 28 2641 2288 681 680
8658 4 2 16 28 2183 641 640 3456
8659 4 2 16 28 528 1388 1436 2642
8660 4 2 16 28 2314 1101 2200 1687
8661 4 2 16 28 1036 2311 1035 989
8662 4 2 16 28 603 2127 2214 3522
8663 4 2 16 28 732 2299 3460 731
8664 4 2 16 28 3439 2082 749 3541
8665 4 2 16 28 273 1423 2697 1370
8666 4 2 16 28 1055 3410 8 3651
8667 4 2 16 28 2325 3559 753 752
8668 4 2 16 28 996 1672 868 2104
8669 4 2 16 28 288 2267 3467 3525
8670 4 2 16 28 689 688 3452 2320
8671 4 2 16 28 600 2089 599 2214
8672 4 2 16 28 1112 1080 1737 3661
8673 4 2 16 28 1627 85 86 1629
8674 4 2 16 28 96 124 1550 2273
8675 4 2 16 28 3422 2181 736 737
8676 4 2 16 28 2667 2496 2802 483
8677 4 2 16 28 2220 144 165 2219
8678 4 2 16 28 1083 2593 1074 3359
8679 4 2 16 28 1364 465 1455 2657
8680 4 2 16 28 2478 2386 2620 271
8681 4 2 16 28 605 604 2224 2791
8682 4 2 16 28 208 209 79 632
8683 4 2 16 28 828 116 97 3752
8684 4 2 16 28 18 3652 2579 3669
8685 4 2 16 28 3313 3364 228 227
8686 4 2 16 28 225 226 3302 3313
8687 4 2 16 28 1069 3349 1088 3706
8688 4 2 16 28 2272 2125 2281 949
8689 4 2 16 28 1118 2286 1103 1694
8690 4 2 16 28 921 804 3677 3703
8691 4 2 16 28 926 3653 102 3664
8692 4 2 16 28 2572 2646 358 359
8693 4 2 16 28 2642 330 1436 2460
8694 4 2 16 28 640 3547 2183 3456
8695 4 2 16 28 2126 2371 2664 770
8696 4 2 16 28 2126 3489 3494 2154
8697 4 2 16 28 3448 620 621 2195
8698 4 2 16 28 2782 251 2522 2740
8699 4 2 16 28 1050 1051 2253 977
8700 4 2 16 28 993 865 1673 3663
8701 4 2 16 28 3446 610 3503 3777
8702 4 2 16 28 287 288 2429 2596
8703 4 2 16 28 1404 1338 1471 2660
8704 4 2 16 28 2526 2653 2795 429
8705 4 2 16 28 736 2181 2599 737
8706 4 2 16 28 2553 1428 2649 2382
8707 4 2 16 28 1278 3371 216 3691
8708 4 2 16 28 237 3406 1299 3690
8709 4 2 16 28 2267 288 3467 287
8710 4 2 16 28 3390 1280 1283 3770
8711 4 2 16 28 900 825 3324 3743
8712 4 2 16 28 2218 1545 807 3710
8713 4 2 16 28 1481 91 92 2354
8714 4 2 16 28 2337 3537 563 2238
8715 4 2 16 28 3432 3566 758 3688
8716 4 2 16 28 97 2425 2656 3752
8717 4 2 16 28 922 849 850 3677
8718 4 2 16 28 715 716 2531 2179
8719 4 2 16 28 2180 3425 75 3435
8720 4 2 16 28 2722 2723 2563 74
8721 4 2 16 28 3462 2329 783 2330
8722 4 2 16 28 1085 1717 1086 3698
8723 4 2 16 28 321 1381 320 2509
8724 4 2 16 28 3562 3435 2180 3498
8725 4 2 16 28 2142 3490 3537 2238
8726 4 2 16 28 2348 3439 636 2082
8727 4 2 16 28 1392 497 498 2564
8728 4 2 16 28 126 98 2343 1592
8729 4 2 16 28 624 3434 2193 625
8730 4 2 16 28 560 2337 3476 561
8731 4 2 16 28 1481 2354 796 3693
8732 4 2 16 28 2132 2188 2762 3683
8733 4 2 16 28 2534 2609 2610 407
8734 4 2 16 28 621 620 2298 2195
8735 4 2 16 28 2687 2432 2724 267
8736 4 2 16 28 2212 2368 94 3753
8737 4 2 16 28 2086 679 2197 678
8738 4 2 16 28 2217 780 3468 2128
8739 4 2 16 28 664 665 2262 2308
8740 4 2 16 28 64 2082 633 3429
8741 4 2 16 28 590 3468 2217 589
8742 4 2 16 28 237 1299 3405 3649
8743 4 2 16 28 1278 216 3372 3650
8744 4 2 16 28 3563 2086 3436 3502
8745 4 2 16 28 845 881 844 3679
8746 4 2 16 28 1010 1631 168 1741
8747 4 2 16 28 3469 2235 658 3524
8748 4 2 16 28 3493 2185 3486 701
8749 4 2 16 28 2292 635 2082 636
8750 4 2 16 28 2168 2740 2417 283
8751 4 2 16 28 2402 2532 2118 713
8752 4 2 16 28 1391 425 2547 1398
8753 4 2 16 28 619 2300 3455 618
8754 4 2 16 28 2227 2099 2341 1124
8755 4 2 16 28 1629 85 86 1477
8756 4 2 16 28 2514 2665 2847 263
8757 4 2 16 28 666 2156 2603 667
8758 4 2 16 28 1674 997 2294 869
8759 4 2 16 28 2154 3533 599 2214
8760 4 2 16 28 1678 150 152 1679
8761 4 2 16 28 2299 732 2811 731
8762 4 2 16 28 18 17 3652 3681
8763 4 2 16 28 943 2088 1560 944
8764 4 2 16 28 795 21 796 3693
8765 4 2 16 28 3427 3422 2326 3670
8766 4 2 16 28 1066 1091 3357 3729
8767 4 2 16 28 2274 3367 236 3772
8768 4 2 16 28 746 2223 3447 745
8769 4 2 16 28 2276 2157 1511 1001
8770 4 2 16 28 469 1452 1361 2648
8771 4 2 16 28 2693 2455 574 2332
8772 4 2 16 28 2329 3451 785 3507
8773 4 2 16 28 1555 3365 238 2125
8774 4 2 16 28 2214 3489 2154 3533
8775 4 2 16 28 1066 3357 1067 3726
8776 4 2 16 28 566 2238 2560 565
8777 4 2 16 28 2664 771 2126 770
8778 4 2 16 28 830 3335 895 3696
8779 4 2 16 28 2165 585 2329 584
8780 4 2 16 28 2112 2237 1043 983
8781 4 2 16 28 2358 2655 2482 3697
8782 4 2 16 28 2805 2551 1425 1377
8783 4 2 16 28 1084 1073 2593 3359
8784 4 2 16 28 2155 672 3472 673
8785 4 2 16 28 770 2214 2126 769
8786 4 2 16 28 3569 3425 682 2288
8787 4 2 16 28 1303 6 2 3660
8788 4 2 16 28 146 2088 2327 944
8789 4 2 16 28 990 2205 991 1521
8790 4 2 16 28 213 214 3302 3331
8791 4 2 16 28 239 240 3364 3334
8792 4 2 16 28 3537 3484 662 2142
8793 4 2 16 28 3305 215 216 3715
8794 4 2 16 28 110 855 103 3678
8795 4 2 16 28 768 2214 3478 3531
8796 4 2 16 28 717 3423 718 2325
8797 4 2 16 28 2088 2216 2327 944
8798 4 2 16 28 3537 2142 2337 3484
8799 4 2 16 28 574 2155 3472 3515
8800 4 2 16 28 761 3453 762 2203
8801 4 2 16 28 91 2354 1481 3693
8802 4 2 16 28 2287 998 1512 999
8803 4 2 16 28 2168 2574 2267 286
8804 4 2 16 28 2841 2403 431 2795
8805 4 2 16 28 3657 3680 2711 3762
8806 4 2 16 28 2509 2735 322 1433
8807 4 2 16 28 911 3309 912 3733
8808 4 2 16 28 2276 2239 1002 1511
8809 4 2 16 28 1351 412 1408 2475
8810 4 2 16 28 700 3493 2279 3488
8811 4 2 16 28 3428 2324 3545 2181
8812 4 2 16 28 388 387 1400 2542
8813 4 2 16 28 1369 348 1420 2580
8814 4 2 16 28 2186 969 2107 1012
8815 4 2 16 28 661 662 3484 2142
8816 4 2 16 28 2292 636 2467 2745
8817 4 2 16 28 592 2365 2085 2644
8818 4 2 16 28 633 3429 2082 3539
8819 4 2 16 28 2354 797 2353 798
8820 4 2 16 28 2313 2448 2165 584
8821 4 2 16 28 20 2621 15 2395
8822 4 2 16 28 149 9 6 3709
8823 4 2 16 28 796 1481 798 2354
8824 4 2 16 28 2316 711 3461 710
8825 4 2 16 28 2829 2433 349 350
8826 4 2 16 28 736 2181 3428 735
8827 4 2 16 28 2724 2687 2095 2491
8828 4 2 16 28 1483 796 2354 3693
8829 4 2 16 28 898 1067 897 3727
8830 4 2 16 28 849 3318 876 3724
8831 4 2 16 28 3490 2142 663 2262
8832 4 2 16 28 2544 2506 1331 1459
8833 4 2 16 28 2181 3428 3422 736
8834 4 2 16 28 2279 297 296 2312
8835 4 2 16 28 2235 3518 656 2346
8836 4 2 16 28 2313 2329 3443 584
8837 4 2 16 28 287 286 3517 2267
8838 4 2 16 28 3304 217 218 2092
8839 4 2 16 28 815 1560 943 3711
8840 4 2 16 28 110 875 3659 3678
8841 4 2 16 28 2193 2203 3697 3777
8842 4 2 16 28 2177 1117 1718 3657
8843 4 2 16 28 2110 2390 2762 2431
8844 4 2 16 28 978 131 2242 1049
8845 4 2 16 28 693 3470 694 2282
8846 4 2 16 28 3524 2202 2337 559
8847 4 2 16 28 2323 2193 723 722
8848 4 2 16 28 685 2170 2477 2333
8849 4 2 16 28 3332 832 833 2719
8850 4 2 16 28 20 3648 2579 3694
8851 4 2 16 28 3375 219 1281 3665
8852 4 2 16 28 2776 2079 643 2295
8853 4 2 16 28 396 395 1445 2566
8854 4 2 16 28 827 3328 898 3726
8855 4 2 16 28 2718 2420 462 463
8856 4 2 16 28 949 1553 950 2125
8857 4 2 16 28 3464 2202 556 3511
8858 4 2 16 28 2183 3550 641 3456
8859 4 2 16 28 803 3676 3326 3677
8860 4 2 16 28 912 813 3323 3736
8861 4 2 16 28 811 939 1557 3753
8862 4 2 16 28 2258 1013 167 2107
8863 4 2 16 28 990 2311 1035 2093
8864 4 2 16 28 2202 2639 2409 2517
8865 4 2 16 28 2138 2198 2355 1126
8866 4 2 16 28 863 991 1676 3737
8867 4 2 16 28 2288 3554 3425 681
8868 4 2 16 28 890 1073 889 3716
8869 4 2 16 28 914 3713 856 3736
8870 4 2 16 28 856 913 914 3736
8871 4 2 16 28 2095 2687 297 2312
8872 4 2 16 28 2312 297 296 2384
8873 4 2 16 28 1057 2143 1062 2198
8874 4 2 16 28 2618 2308 2754 662
8875 4 2 16 28 2114 2253 1051 977
8876 4 2 16 28 2516 2757 2773 376
8877 4 2 16 28 575 2331 2155 3515
8878 4 2 16 28 1696 2280 2121 1113
8879 4 2 16 28 832 3728 3696 3757
8880 4 2 16 28 941 2210 940 2111
8881 4 2 16 28 21 34 248 87
8882 4 2 16 28 1002 138 2276 1642
8883 4 2 16 28 161 246 25 3742
8884 4 2 16 28 2092 216 217 3691
8885 4 2 16 28 918 3315 917 3722
8886 4 2 16 28 2097 2409 2775 2202
8887 4 2 16 28 1087 1119 1715 3762
8888 4 2 16 28 2655 609 3697 3759
8889 4 2 16 28 2559 2144 727 726
8890 4 2 16 28 2161 2237 2302 132
8891 4 2 16 28 2415 1349 1402 1468
8892 4 2 16 28 3517 3467 287 2267
8893 4 2 16 28 2813 1435 492 1384
8894 4 2 16 28 736 2377 2599 735
8895 4 2 16 28 2247 2538 3693 3707
8896 4 2 16 28 3440 3543 2195 726
8897 4 2 16 28 2280 2121 1113 1114
8898 4 2 16 28 2395 20 3694 3758
8899 4 2 16 28 234 3409 1296 3741
8900 4 2 16 28 2637 2441 261 260
8901 4 2 16 28 565 2238 2560 564
8902 4 2 16 28 2157 1000 2287 981
8903 4 2 16 28 548 2471 549 1457
8904 4 2 16 28 2268 2644 2241 594
8905 4 2 16 28 2596 2267 288 2080
8906 4 2 16 28 2457 2521 1419 1372
8907 4 2 16 28 218 2092 2208 3764
8908 4 2 16 28 2164 2247 2538 3693
8909 4 2 16 28 122 2237 2283 147
8910 4 2 16 28 1346 448 2742 1445
8911 4 2 16 28 2279 2095 298 297
8912 4 2 16 28 2164 2247 2336 3707
8913 4 2 16 28 880 1635 881 3695
8914 4 2 16 28 1009 1008 1635 3695
8915 4 2 16 28 1027 2222 954 2167
8916 4 2 16 28 717 2176 2325 718
8917 4 2 16 28 283 2168 2740 282
8918 4 2 16 28 842 883 884 3648
8919 4 2 16 28 2258 1112 2136 170
8920 4 2 16 28 780 779 2128 2824
8921 4 2 16 28 452 2378 2772 2681
8922 4 2 16 28 1279 2850 3395 3773
8923 4 2 16 28 2575 3392 1277 3768
8924 4 2 16 28 26 27 38 160
8925 4 2 16 28 3548 2300 3455 619
8926 4 2 16 28 608 609 2655 3759
8927 4 2 16 28 25 44 246 161
8928 4 2 16 28 143 2277 2134 2349
8929 4 2 16 28 2201 2343 98 3717
8930 4 2 16 28 845 844 22 3679
8931 4 2 16 28 24 160 161 3345
8932 4 2 16 28 3316 872 853 3722
8933 4 2 16 28 2237 2112 2302 983
8934 4 2 16 28 2329 784 783 2119
8935 4 2 16 28 3422 2181 3427 2326
8936 4 2 16 28 989 2311 2192 1036
8937 4 2 16 28 2121 1735 1114 3680
8938 4 2 16 28 1318 20 244 3758
8939 4 2 16 28 218 1280 3665 3691
8940 4 2 16 28 153 1063 155 3744
8941 4 2 16 28 2319 2171 2140 3749
8942 4 2 16 28 109 3656 869 3712
8943 4 2 16 28 3307 795 21 3342
8944 4 2 16 28 2289 3714 2368 3753
8945 4 2 16 28 1543 2243 93 3776
8946 4 2 16 28 670 669 2303 3475
8947 4 2 16 28 1093 1064 3360 3744
8948 4 2 16 28 2606 580 2448 2293
8949 4 2 16 28 110 870 855 3678
8950 4 2 16 28 3426 3438 3556 2319
8951 4 2 16 28 1633 112 140 3695
8952 4 2 16 28 2160 2266 2104 3656
8953 4 2 16 28 914 811 119 3713
8954 4 2 16 28 2190 2619 2682 2478
8955 4 2 16 28 2807 2566 1445 395
8956 4 2 16 28 2238 2762 2110 2390
8957 4 2 16 28 456 1363 1456 2627
8958 4 2 16 28 1051 1052 2114 976
8959 4 2 16 28 2137 824 1605 3747
8960 4 2 16 28 293 292 3535 2185
8961 4 2 16 28 3528 593 2268 3481
8962 4 2 16 28 2169 652 651 3444
8963 4 2 16 28 1063 901 902 3744
8964 4 2 16 28 2747 2266 2113 3685
8965 4 2 16 28 2431 3671 3647 3694
8966 4 2 16 28 3439 2223 3544 747
8967 4 2 16 28 582 75 3435 2313
8968 4 2 16 28 2757 2536 2103 3665
8969 4 2 16 28 2169 3508 553 554
8970 4 2 16 28 3467 708 707 2184
8971 4 2 16 28 924 923 3311 3725
8972 4 2 16 28 447 2567 2586 2587
8973 4 2 16 28 109 104 851 3712
8974 4 2 16 28 2753 2503 1413 367
8975 4 2 16 28 1119 2177 2314 1686
8976 4 2 16 28 1435 361 2834 1390
8977 4 2 16 28 8 1055 3651 3672
8978 4 2 16 28 566 2262 2238 565
8979 4 2 16 28 1302 8 3410 3651
8980 4 2 16 28 2775 2554 2097 2737
8981 4 2 16 28 612 76 626 3777
8982 4 2 16 28 2317 2526 2184 705
8983 4 2 16 28 3506 2316 3450 2168
8984 4 2 16 28 2241 2154 595 2571
8985 4 2 16 28 561 2337 3476 3529
8986 4 2 16 28 2299 2811 2558 731
8987 4 2 16 28 1067 1090 164 3727
8988 4 2 16 28 3496 210 207 3370
8989 4 2 16 28 3496 206 211 3369
8990 4 2 16 28 2090 2757 2103 3665
8991 4 2 16 28 3438 3556 2170 685
8992 4 2 16 28 1393 533 534 2631
8993 4 2 16 28 230 237 3368 3751
8994 4 2 16 28 229 3368 238 3751
8995 4 2 16 28 232 3363 235 3764
8996 4 2 16 28 233 234 3363 3764
8997 4 2 16 28 915 3678 916 3703
8998 4 2 16 28 2690 3669 840 3683
8999 4 2 16 28 2256 2143 2344 1058
9000 4 2 16 28 2790 2457 524 523
9001 4 2 16 28 562 2238 2337 563
9002 4 2 16 28 959 1598 832 3757
9003 4 2 16 28 2644 355 354 2445
9004 4 2 16 28 2678 2450 2710 312
9005 4 2 16 28 721 722 3430 2193
9006 4 2 16 28 2286 2178 2314 1021
9007 4 2 16 28 961 2248 1595 962
9008 4 2 16 28 2635 3756 3696 3757
9009 4 2 16 28 513 1331 1459 2544
9010 4 2 16 28 673 2264 672 2790
9011 4 2 16 28 3551 732 2299 3460
9012 4 2 16 28 2093 2250 2311 947
9013 4 2 16 28 2483 2670 2776 3646
9014 4 2 16 28 2373 2315 774 775
9015 4 2 16 28 333 1378 1426 2555
9016 4 2 16 28 2205 2254 991 2133
9017 4 2 16 28 2091 2273 2272 950
9018 4 2 16 28 877 3318 848 3724
9019 4 2 16 28 2703 2493 3711 3735
9020 4 2 16 28 2583 625 624 3697
9021 4 2 16 28 2268 2644 593 2085
9022 4 2 16 28 2384 2312 2687 2491
9023 4 2 16 28 1298 3418 3769 3774
9024 4 2 16 28 2086 3441 580 3502
9025 4 2 16 28 135 2093 1517 134
9026 4 2 16 28 1641 879 1007 3754
9027 4 2 16 28 2613 1355 1415 2405
9028 4 2 16 28 2462 2295 2633 2774
9029 4 2 16 28 3432 758 757 3688
9030 4 2 16 28 827 828 1602 3686
9031 4 2 16 28 1640 876 2261 3659
9032 4 2 16 28 1278 2850 3394 3771
9033 4 2 16 28 2575 95 118 2703
9034 4 2 16 28 869 3712 3656 3734
9035 4 2 16 28 859 3319 866 3733
9036 4 2 16 28 1065 3351 1066 3726
9037 4 2 16 28 826 899 3328 3726
9038 4 2 16 28 2143 2272 2281 1032
9039 4 2 16 28 1689 1114 1107 2280
9040 4 2 16 28 92 91 1529 2247
9041 4 2 16 28 2698 2504 2829 1429
9042 4 2 16 28 814 1559 813 3692
9043 4 2 16 28 2081 2639 2517 2361
9044 4 2 16 28 613 2324 3545 3655
9045 4 2 16 28 2504 2365 350 351
9046 4 2 16 28 547 548 1341 2749
9047 4 2 16 28 823 902 824 3743
9048 4 2 16 28 2239 2157 1047 980
9049 4 2 16 28 2088 1558 95 3711
9050 4 2 16 28 951 2199 823 1603
9051 4 2 16 28 571 570 2303 2285
9052 4 2 16 28 2303 670 3475 2155
9053 4 2 16 28 571 2303 572 2285
9054 4 2 16 28 2352 2120 967 966
9055 4 2 16 28 1442 2451 2685 1394
9056 4 2 16 28 2246 1499 953 952
9057 4 2 16 28 522 2769 2519 521
9058 4 2 16 28 96 3699 817 3739
9059 4 2 16 28 2122 2077 2595 3654
9060 4 2 16 28 3559 2325 3423 3429
9061 4 2 16 28 258 1379 2507 259
9062 4 2 16 28 3481 3536 2268 2315
9063 4 2 16 28 1357 345 2826 1410
9064 4 2 16 28 2215 748 749 2587
9065 4 2 16 28 3546 2338 3458 645
9066 4 2 16 28 627 212 205 3369
9067 4 2 16 28 618 2300 3455 3549
9068 4 2 16 28 2634 8 3672 3709
9069 4 2 16 28 2132 2762 2381 3683
9070 4 2 16 28 25 44 40 246
9071 4 2 16 28 34 30 21 248
9072 4 2 16 28 806 2830 2368 2658
9073 4 2 16 28 2101 2199 2484 3690
9074 4 2 16 28 1172 1173 2228 1190
9075 4 2 16 28 921 3677 103 3703
9076 4 2 16 28 2634 1302 3414 3765
9077 4 2 16 28 759 3446 760 2203
9078 4 2 16 28 2368 805 94 3713
9079 4 2 16 28 634 2292 2310 2466
9080 4 2 16 28 3365 229 238 3705
9081 4 2 16 28 3370 209 208 632
9082 4 2 16 28 762 2203 2127 3687
9083 4 2 16 28 2143 1057 2256 2198
9084 4 2 16 28 2448 2459 584 2738
9085 4 2 16 28 25 1079 161 3742
9086 4 2 16 28 532 1394 531 2716
9087 4 2 16 28 861 864 3376 3667
9088 4 2 16 28 3390 2671 1282 1281
9089 4 2 16 28 2316 3450 3513 711
9090 4 2 16 28 3341 3734 857 3736
9091 4 2 16 28 412 413 1358 2669
9092 4 2 16 28 3324 825 824 3743
9093 4 2 16 28 2671 1280 3390 3770
9094 4 2 16 28 2338 643 3459 3552
9095 4 2 16 28 3428 2181 3422 3655
9096 4 2 16 28 2776 2774 2295 643
9097 4 2 16 28 2238 2262 3490 565
9098 4 2 16 28 3524 2202 3469 2235
9099 4 2 16 28 205 212 78 3369
9100 4 2 16 28 3531 2214 3478 602
9101 4 2 16 28 97 2230 2147 3686
9102 4 2 16 28 349 2550 2829 1375
9103 4 2 16 28 223 216 3306 3772
9104 4 2 16 28 1278 1285 3395 3773
9105 4 2 16 28 3419 1299 1292 3771
9106 4 2 16 28 3394 1285 1278 3771
9107 4 2 16 28 3420 1292 1299 3773
9108 4 2 16 28 230 3367 237 3772
9109 4 2 16 28 1284 1279 3395 3773
9110 4 2 16 28 3306 217 222 3772
9111 4 2 16 28 231 236 3367 3772
9112 4 2 16 28 3420 1298 1293 3773
9113 4 2 16 28 1291 1300 3419 3771
9114 4 2 16 28 1286 3394 1277 3771
9115 4 2 16 28 1298 3418 1293 3769
9116 4 2 16 28 1286 1277 3392 3768
9117 4 2 16 28 231 3366 236 3767
9118 4 2 16 28 1279 1284 3393 3769
9119 4 2 16 28 222 217 3304 3767
9120 4 2 16 28 3393 1283 1280 3769
9121 4 2 16 28 1297 1294 3418 3769
9122 4 2 16 28 3417 1290 1301 3768
9123 4 2 16 28 218 221 3304 3767
9124 4 2 16 28 1287 3392 1276 3768
9125 4 2 16 28 232 235 3366 3767
9126 4 2 16 28 2085 2433 2515 2365
9127 4 2 16 28 3391 1287 1276 3775
9128 4 2 16 28 1290 3416 1301 3775
9129 4 2 16 28 1302 3416 1289 3775
9130 4 2 16 28 1275 1288 3391 3775
9131 4 2 16 28 3362 234 233 3763
9132 4 2 16 28 219 3300 220 3763
9133 4 2 16 28 1302 1289 3414 3765
9134 4 2 16 28 1288 1275 3389 3765
9135 4 2 16 28 3414 7 8 3765
9136 4 2 16 28 3362 10 11 3763
9137 4 2 16 28 5 3300 4 3763
9138 4 2 16 28 3423 64 3429 2325
9139 4 2 16 28 935 1549 808 3710
9140 4 2 16 28 2393 2806 2816 489
9141 4 2 16 28 2395 13 14 1305
9142 4 2 16 28 2302 2161 132 137
9143 4 2 16 28 865 3668 3731 3737
9144 4 2 16 28 2795 706 707 2184
9145 4 2 16 28 79 209 208 3370
9146 4 2 16 28 2088 146 123 944
9147 4 2 16 28 1069 1070 3349 3728
9148 4 2 16 28 1070 1071 3348 3728
9149 4 2 16 28 3452 688 3504 2320
9150 4 2 16 28 365 1377 2551 1424
9151 4 2 16 28 87 85 28 843
9152 4 2 16 28 3646 3690 235 3741
9153 4 2 16 28 2109 2233 2301 2711
9154 4 2 16 28 150 149 2254 1680
9155 4 2 16 28 2250 2125 2092 3751
9156 4 2 16 28 2395 20 2579 3694
9157 4 2 16 28 354 595 2644 594
9158 4 2 16 28 2635 3732 3696 3756
9159 4 2 16 28 3309 813 912 3735
9160 4 2 16 28 814 3309 911 3735
9161 4 2 16 28 8 12 3672 3709
9162 4 2 16 28 119 811 94 3713
9163 4 2 16 28 1533 800 928 3707
9164 4 2 16 28 808 917 3315 3723
9165 4 2 16 28 3315 918 807 3723
9166 4 2 16 28 301 2095 2386 2696
9167 4 2 16 28 2212 806 2368 2658
9168 4 2 16 28 2116 2770 2336 3675
9169 4 2 16 28 673 3472 2155 3515
9170 4 2 16 28 1516 2161 985 2259
9171 4 2 16 28 854 871 3316 3722
9172 4 2 16 28 3529 561 2337 562
9173 4 2 16 28 2102 2343 3717 3732
9174 4 2 16 28 2386 2190 2095 302
9175 4 2 16 28 595 354 2644 355
9176 4 2 16 28 3424 2323 3560 2193
9177 4 2 16 28 126 2201 98 1609
9178 4 2 16 28 1478 792 1628 794
9179 4 2 16 28 1110 2258 2136 1111
9180 4 2 16 28 958 833 1598 3757
9181 4 2 16 28 3321 857 868 3734
9182 4 2 16 28 1093 2355 2227 3672
9183 4 2 16 28 638 2844 639 2348
9184 4 2 16 28 2324 3428 3545 3655
9185 4 2 16 28 1080 1077 3358 3652
9186 4 2 16 28 117 3739 817 3746
9187 4 2 16 28 1381 539 1428 2382
9188 4 2 16 28 1059 1055 12 3347
9189 4 2 16 28 862 3308 3 864
9190 4 2 16 28 420 421 1389 2761
9191 4 2 16 28 795 797 2175 1483
9192 4 2 16 28 2336 2770 2538 3675
9193 4 2 16 28 611 610 3446 3777
9194 4 2 16 28 108 864 3667 3737
9195 4 2 16 28 160 24 27 3345
9196 4 2 16 28 109 851 874 3712
9197 4 2 16 28 827 3708 826 3726
9198 4 2 16 28 797 88 2347 1518
9199 4 2 16 28 272 273 1423 2697
9200 4 2 16 28 3473 706 705 2317
9201 4 2 16 28 2169 3499 3444 3564
9202 4 2 16 28 903 105 861 3745
9203 4 2 16 28 908 1060 155 3746
9204 4 2 16 28 892 3332 833 2719
9205 4 2 16 28 2317 3473 290 3527
9206 4 2 16 28 601 2089 600 2214
9207 4 2 16 28 1615 837 3689 3718
9208 4 2 16 28 105 118 3667 3745
9209 4 2 16 28 3333 918 3721 3723
9210 4 2 16 28 2277 1018 2135 2349
9211 4 2 16 28 3516 2217 3468 589
9212 4 2 16 28 2446 2822 2823 501
9213 4 2 16 28 2747 2113 2584 3685
9214 4 2 16 28 1577 1033 1061 1684
9215 4 2 16 28 606 2224 605 3760
9216 4 2 16 28 113 1316 247 3648
9217 4 2 16 28 862 861 3376 3745
9218 4 2 16 28 2193 3434 722 3540
9219 4 2 16 28 2262 665 3485 666
9220 4 2 16 28 2233 2592 3698 3730
9221 4 2 16 28 2214 768 3483 3531
9222 4 2 16 28 1703 1123 1091 3730
9223 4 2 16 28 1703 1092 1124 3730
9224 4 2 16 28 2315 2373 776 775
9225 4 2 16 28 580 2313 581 2448
9226 4 2 16 28 2671 2666 78 1281
9227 4 2 16 28 8 2634 7 3709
9228 4 2 16 28 2169 652 3444 3508
9229 4 2 16 28 618 619 2300 2298
9230 4 2 16 28 2658 3710 2212 3723
9231 4 2 16 28 305 2190 3465 3510
9232 4 2 16 28 2690 3662 2593 3666
9233 4 2 16 28 621 2298 2578 2195
9234 4 2 16 28 901 1064 900 3743
9235 4 2 16 28 322 323 1387 2735
9236 4 2 16 28 2119 784 783 2400
9237 4 2 16 28 2338 2079 644 645
9238 4 2 16 28 2337 2737 2775 2097
9239 4 2 16 28 567 2084 2364 2560
9240 4 2 16 28 2492 3716 2380 3717
9241 4 2 16 28 97 2656 2230 3686
9242 4 2 16 28 898 1066 1067 3726
9243 4 2 16 28 2145 2423 2559 2557
9244 4 2 16 28 3432 3424 76 2193
9245 4 2 16 28 910 3327 911 3733
9246 4 2 16 28 1055 1056 12 3347
9247 4 2 16 28 864 3308 3 863
9248 4 2 16 28 812 811 914 3736
9249 4 2 16 28 2705 3710 2658 3723
9250 4 2 16 28 2217 2128 3468 3526
9251 4 2 16 28 2288 3425 682 681
9252 4 2 16 28 3513 2316 711 3461
9253 4 2 16 28 847 878 3320 3725
9254 4 2 16 28 593 2268 592 3528
9255 4 2 16 28 2225 750 751 2588
9256 4 2 16 28 1277 1276 3392 2575
9257 4 2 16 28 580 3441 2086 579
9258 4 2 16 28 1073 3716 158 3761
9259 4 2 16 28 2118 2402 712 711
9260 4 2 16 28 696 3530 2282 3477
9261 4 2 16 28 1501 2342 1039 2131
9262 4 2 16 28 3463 2155 2331 3515
9263 4 2 16 28 427 1385 1440 2760
9264 4 2 16 28 673 674 2307 2790
9265 4 2 16 28 2268 2154 595 2241
9266 4 2 16 28 2850 1278 1279 3395
9267 4 2 16 28 2079 3704 3670 3741
9268 4 2 16 28 1518 797 794 2353
9269 4 2 16 28 2621 3654 16 3684
9270 4 2 16 28 866 865 3668 3731
9271 4 2 16 28 2310 2325 64 3431
9272 4 2 16 28 3567 3426 683 3748
9273 4 2 16 28 2357 2233 2266 3660
9274 4 2 16 28 2824 2330 2128 780
9275 4 2 16 28 1083 2593 1084 3657
9276 4 2 16 28 2247 2164 2229 3693
9277 4 2 16 28 3342 796 21 3740
9278 4 2 16 28 1645 999 873 3685
9279 4 2 16 28 2344 150 1058 1699
9280 4 2 16 28 2214 768 767 2206
9281 4 2 16 28 868 2104 1672 3731
9282 4 2 16 28 1601 826 954 3747
9283 4 2 16 28 91 1529 2247 3707
9284 4 2 16 28 2553 2382 1381 1428
9285 4 2 16 28 285 284 2168 2417
9286 4 2 16 28 430 431 1379 2403
9287 4 2 16 28 740 2182 2598 2597
9288 4 2 16 28 2113 2077 2266 2747
9289 4 2 16 28 352 353 1431 2607
9290 4 2 16 28 2213 2120 2278 1016
9291 4 2 16 28 1085 3674 1072 3727
9292 4 2 16 28 934 809 1549 3710
9293 4 2 16 28 2690 1076 886 3652
9294 4 2 16 28 1414 2669 2827 2479
9295 4 2 16 28 2112 2257 1045 1505
9296 4 2 16 28 785 784 2329 2119
9297 4 2 16 28 2620 2478 271 272
9298 4 2 16 28 842 884 841 3648
9299 4 2 16 28 2610 683 684 3748
9300 4 2 16 28 961 2248 1597 830
9301 4 2 16 28 3495 665 2262 664
9302 4 2 16 28 2837 1327 1334 2615
9303 4 2 16 28 2575 1276 3392 3768
9304 4 2 16 28 2250 2281 948 1489
9305 4 2 16 28 2399 3649 2483 3739
9306 4 2 16 28 1077 159 885 3652
9307 4 2 16 28 104 3712 856 3713
9308 4 2 16 28 9 2 6 3660
9309 4 2 16 28 2 9 7 3660
9310 4 2 16 28 2333 3556 685 2170
9311 4 2 16 28 3424 3560 3430 2193
9312 4 2 16 28 837 3666 3689 3718
9313 4 2 16 28 2287 998 2302 1512
9314 4 2 16 28 3447 747 2223 746
9315 4 2 16 28 1634 139 1636 3673
9316 4 2 16 28 831 3696 832 3728
9317 4 2 16 28 2747 2104 2266 3656
9318 4 2 16 28 2618 2308 662 2142
9319 4 2 16 28 2222 1029 1499 2246
9320 4 2 16 28 1007 1006 1641 3754
9321 4 2 16 28 1641 878 879 3754
9322 4 2 16 28 2658 2218 2212 3710
9323 4 2 16 28 2586 2785 2362 446
9324 4 2 16 28 3672 2608 3730 3744
9325 4 2 16 28 2135 2213 2278 1017
9326 4 2 16 28 1531 801 802 3675
9327 4 2 16 28 116 157 891 3752
9328 4 2 16 28 2253 2158 978 1003
9329 4 2 16 28 943 2291 2088 2131
9330 4 2 16 28 2585 856 3341 869
9331 4 2 16 28 578 2331 2293 577
9332 4 2 16 28 1392 2445 356 2570
9333 4 2 16 28 3373 217 1279 3691
9334 4 2 16 28 1298 236 3408 3690
9335 4 2 16 28 789 788 2180 2713
9336 4 2 16 28 3323 813 812 3736
9337 4 2 16 28 578 2086 2331 3505
9338 4 2 16 28 1611 838 966 3689
9339 4 2 16 28 1671 867 995 3731
9340 4 2 16 28 654 2346 653 2576
9341 4 2 16 28 2781 393 2784 61
9342 4 2 16 28 917 3330 916 3722
9343 4 2 16 28 2492 2380 2835 3717
9344 4 2 16 28 2345 2710 2487 2081
9345 4 2 16 28 87 88 2175 1482
9346 4 2 16 28 2084 568 567 2364
9347 4 2 16 28 2217 587 2165 2581
9348 4 2 16 28 2684 2481 2583 385
9349 4 2 16 28 2376 2755 2756 373
9350 4 2 16 28 831 3314 894 3728
9351 4 2 16 28 3314 832 893 3728
9352 4 2 16 28 2317 290 291 3527
9353 4 2 16 28 2081 2345 2710 2450
9354 4 2 16 28 885 840 2690 3669
9355 4 2 16 28 2293 2086 579 580
9356 4 2 16 28 574 2155 575 2332
9357 4 2 16 28 605 3520 606 3760
9358 4 2 16 28 2715 788 2713 3755
9359 4 2 16 28 245 24 882 112
9360 4 2 16 28 3351 1091 1066 3729
9361 4 2 16 28 63 2345 2169 551
9362 4 2 16 28 787 2180 786 3562
9363 4 2 16 28 608 607 3509 3760
9364 4 2 16 28 86 129 1629 971
9365 4 2 16 28 2477 2170 685 686
9366 4 2 16 28 3441 3563 2086 678
9367 4 2 16 28 2210 941 940 1498
9368 4 2 16 28 2787 567 2364 2560
9369 4 2 16 28 586 2165 585 2329
9370 4 2 16 28 115 98 829 3701
9371 4 2 16 28 881 3673 3664 3679
9372 4 2 16 28 2373 2315 2565 774
9373 4 2 16 28 1111 2136 1740 1079
9374 4 2 16 28 2144 2195 727 726
9375 4 2 16 28 971 1630 1477 3719
9376 4 2 16 28 2395 244 20 3758
9377 4 2 16 28 2193 3688 2203 3777
9378 4 2 16 28 2282 2095 301 300
9379 4 2 16 28 792 1480 1628 794
9380 4 2 16 28 1478 85 86 1627
9381 4 2 16 28 2159 3675 803 3702
9382 4 2 16 28 2445 1392 356 355
9383 4 2 16 28 2595 3695 3673 3754
9384 4 2 16 28 98 3716 835 3717
9385 4 2 16 28 420 1389 1434 2761
9386 4 2 16 28 2632 2842 399 2843
9387 4 2 16 28 962 2349 143 2134
9388 4 2 16 28 4 3379 5 3720
9389 4 2 16 28 2584 871 872 3685
9390 4 2 16 28 924 801 3322 3738
9391 4 2 16 28 2141 2171 1191 1173
9392 4 2 16 28 2134 143 962 1019
9393 4 2 16 28 3422 77 3428 3655
9394 4 2 16 28 289 2733 2080 2360
9395 4 2 16 28 2135 2278 2350 964
9396 4 2 16 28 839 2352 1612 967
9397 4 2 16 28 2666 2376 2671 68
9398 4 2 16 28 1400 387 1465 2542
9399 4 2 16 28 2118 712 2316 711
9400 4 2 16 28 115 896 158 3701
9401 4 2 16 28 292 291 2317 2080
9402 4 2 16 28 844 845 22 792
9403 4 2 16 28 3471 3522 766 2127
9404 4 2 16 28 3460 730 731 2300
9405 4 2 16 28 668 2156 2603 2602
9406 4 2 16 28 85 101 23 1629
9407 4 2 16 28 1504 2280 2189 1014
9408 4 2 16 28 555 2517 2202 556
9409 4 2 16 28 843 85 23 1629
9410 4 2 16 28 3362 11 2260 3763
9411 4 2 16 28 1532 2159 803 3702
9412 4 2 16 28 3448 2300 728 3548
9413 4 2 16 28 3321 867 858 3734
9414 4 2 16 28 131 978 2242 2158
9415 4 2 16 28 216 3305 3715 3751
9416 4 2 16 28 831 3335 830 3696
9417 4 2 16 28 2295 2338 643 642
9418 4 2 16 28 1044 1045 2112 982
9419 4 2 16 28 963 2135 1018 2349
9420 4 2 16 28 2211 974 2270 2290
9421 4 2 16 28 2373 2128 2823 2447
9422 4 2 16 28 460 461 1327 2700
9423 4 2 16 28 785 784 2119 2400
9424 4 2 16 28 865 3731 3663 3737
9425 4 2 16 28 801 3675 1535 3707
9426 4 2 16 28 913 857 912 3736
9427 4 2 16 28 639 2348 2183 3547
9428 4 2 16 28 2202 3464 556 557
9429 4 2 16 28 291 3480 2317 3527
9430 4 2 16 28 646 2338 2326 3546
9431 4 2 16 28 3458 2338 644 645
9432 4 2 16 28 823 2511 3739 3743
9433 4 2 16 28 1560 2088 816 944
9434 4 2 16 28 2572 2410 1396 1399
9435 4 2 16 28 2459 2165 585 2414
9436 4 2 16 28 692 2624 2139 693
9437 4 2 16 28 1075 3353 3662 3666
9438 4 2 16 28 2683 2486 2689 1446
9439 4 2 16 28 3426 684 683 3748
9440 4 2 16 28 925 924 3322 3725
9441 4 2 16 28 2751 2382 538 537
9442 4 2 16 28 2173 2261 876 3659
9443 4 2 16 28 489 490 1377 2805
9444 4 2 16 28 797 2347 2353 1518
9445 4 2 16 28 421 422 1389 2528
9446 4 2 16 28 2182 2599 737 2523
9447 4 2 16 28 2357 2608 2233 3660
9448 4 2 16 28 485 486 1359 2625
9449 4 2 16 28 2431 2238 2390 2560
9450 4 2 16 28 916 3678 855 3722
9451 4 2 16 28 1562 3692 814 3711
9452 4 2 16 28 1555 238 818 2125
9453 4 2 16 28 767 3478 2214 2127
9454 4 2 16 28 2467 2292 2704 2633
9455 4 2 16 28 2174 2347 129 972
9456 4 2 16 28 1595 829 962 3732
9457 4 2 16 28 733 2420 734 2299
9458 4 2 16 28 207 3496 3492 3670
9459 4 2 16 28 1704 1093 2227 3730
9460 4 2 16 28 11 3670 3704 3741
9461 4 2 16 28 802 3675 801 3738
9462 4 2 16 28 711 2316 2118 710
9463 4 2 16 28 238 2125 237 3649
9464 4 2 16 28 969 2107 1520 127
9465 4 2 16 28 370 371 1352 2561
9466 4 2 16 28 1660 862 905 1576
9467 4 2 16 28 1577 1684 1059 906
9468 4 2 16 28 793 130 973 2353
9469 4 2 16 28 2161 1516 985 984
9470 4 2 16 28 37 41 44 1079
9471 4 2 16 28 2232 3698 3658 3730
9472 4 2 16 28 2182 741 740 2338
9473 4 2 16 28 843 1477 1630 3719
9474 4 2 16 28 3438 2170 3565 686
9475 4 2 16 28 2566 2742 1445 1346
9476 4 2 16 28 3544 2223 3447 747
9477 4 2 16 28 2491 2835 2095 2386
9478 4 2 16 28 1076 2690 887 3662
9479 4 2 16 28 1083 1738 2108 3657
9480 4 2 16 28 3326 3676 923 3677
9481 4 2 16 28 1069 3706 3355 3761
9482 4 2 16 28 3659 3677 875 3724
9483 4 2 16 28 2086 3563 3441 3502
9484 4 2 16 28 3488 2279 700 699
9485 4 2 16 28 2416 2794 2577 2323
9486 4 2 16 28 2625 2375 2802 485
9487 4 2 16 28 2200 2148 1121 2339
9488 4 2 16 28 1680 1056 149 3709
9489 4 2 16 28 552 2169 2345 551
9490 4 2 16 28 910 860 909 2703
9491 4 2 16 28 2536 3665 2666 3691
9492 4 2 16 28 871 2584 872 3722
9493 4 2 16 28 2184 705 706 2317
9494 4 2 16 28 2158 2239 2242 131
9495 4 2 16 28 647 3748 81 3749
9496 4 2 16 28 1518 794 2347 2353
9497 4 2 16 28 732 3457 3551 2299
9498 4 2 16 28 2273 1550 817 950
9499 4 2 16 28 2431 2238 2560 2110
9500 4 2 16 28 2731 878 3340 3725
9501 4 2 16 28 2301 3680 2108 3762
9502 4 2 16 28 974 2290 1007 2270
9503 4 2 16 28 2106 1054 2271 927
9504 4 2 16 28 399 398 1353 2632
9505 4 2 16 28 2519 2457 2769 522
9506 4 2 16 28 573 572 2285 2630
9507 4 2 16 28 1045 2287 2112 982
9508 4 2 16 28 1611 2351 965 837
9509 4 2 16 28 3480 705 704 2317
9510 4 2 16 28 2507 2733 257 258
9511 4 2 16 28 2595 2173 2122 3754
9512 4 2 16 28 2251 2610 685 2333
9513 4 2 16 28 844 1626 1480 791
9514 4 2 16 28 1480 1628 844 792
9515 4 2 16 28 1480 973 1628 794
9516 4 2 16 28 1628 845 792 1478
9517 4 2 16 28 1628 972 1478 794
9518 4 2 16 28 1478 845 85 1627
9519 4 2 16 28 86 972 1478 1627
9520 4 2 16 28 1088 3349 1087 3706
9521 4 2 16 28 2454 2696 2814 269
9522 4 2 16 28 2183 3547 2223 745
9523 4 2 16 28 755 84 2309 2605
9524 4 2 16 28 3464 655 2346 654
9525 4 2 16 28 3464 2202 3518 557
9526 4 2 16 28 2666 2376 68 78
9527 4 2 16 28 2607 2698 1431 1380
9528 4 2 16 28 852 918 853 3721
9529 4 2 16 28 2574 2168 2704 2417
9530 4 2 16 28 2604 2156 2603 666
9531 4 2 16 28 614 2324 613 3682
9532 4 2 16 28 321 1381 2509 1433
9533 4 2 16 28 2211 2152 928 929
9534 4 2 16 28 676 675 2307 2331
9535 4 2 16 28 140 1009 1633 3695
9536 4 2 16 28 1633 880 112 3695
9537 4 2 16 28 1317 248 244 3758
9538 4 2 16 28 2670 3770 1297 3774
9539 4 2 16 28 2643 2471 1473 550
9540 4 2 16 28 1634 139 2172 1008
9541 4 2 16 28 1682 1057 1055 3672
9542 4 2 16 28 570 2285 2651 2084
9543 4 2 16 28 21 3693 13 3740
9544 4 2 16 28 1314 19 1316 3648
9545 4 2 16 28 3561 3442 3497 2179
9546 4 2 16 28 449 1346 2742 450
9547 4 2 16 28 935 936 2218 1545
9548 4 2 16 28 2279 3482 697 698
9549 4 2 16 28 1451 400 2842 2831
9550 4 2 16 28 1071 3674 3348 3728
9551 4 2 16 28 648 3748 647 3749
9552 4 2 16 28 412 1358 1408 2669
9553 4 2 16 28 2448 342 2759 2739
9554 4 2 16 28 1548 2212 937 936
9555 4 2 16 28 997 1669 2294 869
9556 4 2 16 28 2579 2621 20 2395
9557 4 2 16 28 2693 575 576 2332
9558 4 2 16 28 302 2190 3470 303
9559 4 2 16 28 313 314 1412 2680
9560 4 2 16 28 23 28 85 843
9561 4 2 16 28 71 2609 407 1473
9562 4 2 16 28 2244 2425 3752 3757
9563 4 2 16 28 2607 2504 2698 1380
9564 4 2 16 28 78 2376 627 3682
9565 4 2 16 28 3545 2324 3457 2299
9566 4 2 16 28 2570 2372 356 357
9567 4 2 16 28 2750 649 648 3749
9568 4 2 16 28 1365 2657 2562 1455
9569 4 2 16 28 863 1677 991 3737
9570 4 2 16 28 800 801 3707 3738
9571 4 2 16 28 1615 837 2351 3689
9572 4 2 16 28 2797 3658 2592 3730
9573 4 2 16 28 2086 3441 677 3505
9574 4 2 16 28 949 818 1553 2125
9575 4 2 16 28 2357 2301 2711 3654
9576 4 2 16 28 2084 2789 569 2364
9577 4 2 16 28 611 3446 3500 3777
9578 4 2 16 28 1032 1577 1033 1061
9579 4 2 16 28 678 2197 2307 2647
9580 4 2 16 28 2110 2560 2431 2084
9581 4 2 16 28 3432 612 3500 3777
9582 4 2 16 28 2232 2109 2200 3698
9583 4 2 16 28 3530 2095 2282 300
9584 4 2 16 28 2536 2090 2757 2103
9585 4 2 16 28 2214 3489 770 2126
9586 4 2 16 28 2439 2723 2641 2288
9587 4 2 16 28 2238 2762 2390 2097
9588 4 2 16 28 878 3724 3320 3725
9589 4 2 16 28 1072 891 3727 3752
9590 4 2 16 28 3441 2086 579 3505
9591 4 2 16 28 243 1316 19 3648
9592 4 2 16 28 2820 2513 380 1452
9593 4 2 16 28 2764 2113 3659 3685
9594 4 2 16 28 2195 621 3448 3543
9595 4 2 16 28 2824 2822 778 2447
9596 4 2 16 28 1314 18 19 3648
9597 4 2 16 28 777 2268 3474 2128
9598 4 2 16 28 2671 2666 1281 1280
9599 4 2 16 28 591 2268 2085 2217
9600 4 2 16 28 2 2540 1 3660
9601 4 2 16 28 3729 3730 2608 3744
9602 4 2 16 28 555 3511 2202 2346
9603 4 2 16 28 248 34 33 87
9604 4 2 16 28 92 927 2247 1529
9605 4 2 16 28 1530 804 93 3702
9606 4 2 16 28 2159 1532 803 931
9607 4 2 16 28 2301 2077 2122 3654
9608 4 2 16 28 961 830 1595 3732
9609 4 2 16 28 2171 2141 1191 2591
9610 4 2 16 28 732 733 3457 2299
9611 4 2 16 28 682 2641 2288 681
9612 4 2 16 28 2484 2483 3646 3690
9613 4 2 16 28 665 2262 3485 3495
9614 4 2 16 28 3504 308 307 2320
9615 4 2 16 28 2346 653 3454 654
9616 4 2 16 28 3376 864 3 3667
9617 4 2 16 28 2534 2535 71 81
9618 4 2 16 28 3351 1065 1092 3729
9619 4 2 16 28 3469 2202 3518 2235
9620 4 2 16 28 1009 140 2174 3695
9621 4 2 16 28 247 28 843 100
9622 4 2 16 28 2850 1278 3395 3773
9623 4 2 16 28 246 1311 25 3742
9624 4 2 16 28 3306 216 217 2092
9625 4 2 16 28 769 2214 2206 768
9626 4 2 16 28 2851 2346 654 2576
9627 4 2 16 28 923 3676 802 3725
9628 4 2 16 28 2147 1600 97 3686
9629 4 2 16 28 307 306 3452 2320
9630 4 2 16 28 989 1035 1574 1662
9631 4 2 16 28 1574 904 861 1662
9632 4 2 16 28 1060 1685 907 1575
9633 4 2 16 28 1575 1062 1685 1032
9634 4 2 16 28 2414 2165 587 2581
9635 4 2 16 28 2354 91 92 2247
9636 4 2 16 28 96 124 2199 1599
9637 4 2 16 28 3339 3668 860 3733
9638 4 2 16 28 669 3479 668 2303
9639 4 2 16 28 2747 2266 2160 3656
9640 4 2 16 28 33 29 30 248
9641 4 2 16 28 30 34 33 248
9642 4 2 16 28 43 40 44 246
9643 4 2 16 28 43 40 246 39
9644 4 2 16 28 99 114 3343 3669
9645 4 2 16 28 2595 2077 2357 3654
9646 4 2 16 28 2294 996 1674 2104
9647 4 2 16 28 2182 739 740 2598
9648 4 2 16 28 2160 2266 2747 3685
9649 4 2 16 28 1469 1403 2449 1341
9650 4 2 16 28 579 2606 578 2293
9651 4 2 16 28 2640 2323 721 720
9652 4 2 16 28 788 2715 787 3755
9653 4 2 16 28 2420 2181 734 2299
9654 4 2 16 28 902 901 824 3743
9655 4 2 16 28 2217 3516 588 589
9656 4 2 16 28 2081 2320 306 307
9657 4 2 16 28 807 3710 808 3723
9658 4 2 16 28 2306 872 1645 1000
9659 4 2 16 28 2741 2511 3708 3743
9660 4 2 16 28 120 915 810 3703
9661 4 2 16 28 1412 313 2680 1347
9662 4 2 16 28 2078 3697 2203 3759
9663 4 2 16 28 324 325 1393 2736
9664 4 2 16 28 246 44 43 161
9665 4 2 16 28 14 3653 2395 3664
9666 4 2 16 28 2574 2168 2417 285
9667 4 2 16 28 733 2811 2420 2299
9668 4 2 16 28 3561 3497 3431 2179
9669 4 2 16 28 3484 2337 3529 2142
9670 4 2 16 28 912 858 911 3733
9671 4 2 16 28 2227 3672 2100 3730
9672 4 2 16 28 800 3707 799 3738
9673 4 2 16 28 552 2169 3499 3444
9674 4 2 16 28 951 823 2199 1599
9675 4 2 16 28 2381 3683 2690 3689
9676 4 2 16 28 1454 402 401 2611
9677 4 2 16 28 626 2684 612 3697
9678 4 2 16 28 2431 2238 2110 2390
9679 4 2 16 28 1556 3303 820 3715
9680 4 2 16 28 1076 3358 3652 3662
9681 4 2 16 28 3355 1089 1068 3761
9682 4 2 16 28 2179 3506 713 3442
9683 4 2 16 28 711 2118 2502 710
9684 4 2 16 28 586 585 2165 2414
9685 4 2 16 28 153 3651 1055 3672
9686 4 2 16 28 242 1311 246 3742
9687 4 2 16 28 234 11 3409 3741
9688 4 2 16 28 213 214 3331 904
9689 4 2 16 28 239 907 240 3334
9690 4 2 16 28 1180 1181 2129 1200
9691 4 2 16 28 2475 2695 1408 1351
9692 4 2 16 28 2320 3510 306 3452
9693 4 2 16 28 772 2126 773 2565
9694 4 2 16 28 2734 3768 1277 3771
9695 4 2 16 28 866 3733 3319 3734
9696 4 2 16 28 2351 965 966 1611
9697 4 2 16 28 1560 815 816 3711
9698 4 2 16 28 1059 151 3361 906
9699 4 2 16 28 2170 687 3565 686
9700 4 2 16 28 2235 2337 3476 3524
9701 4 2 16 28 1055 153 1060 3651
9702 4 2 16 28 734 2181 3545 2299
9703 4 2 16 28 2372 598 2154 597
9704 4 2 16 28 2575 3391 1276 2848
9705 4 2 16 28 1066 899 1065 3726
9706 4 2 16 28 1084 163 3657 3761
9707 4 2 16 28 873 3685 3656 3721
9708 4 2 16 28 1574 1661 989 861
9709 4 2 16 28 1683 1062 1060 1575
9710 4 2 16 28 2783 2362 2784 1443
9711 4 2 16 28 677 3441 2086 678
9712 4 2 16 28 2454 2696 269 270
9713 4 2 16 28 260 1385 1432 2441
9714 4 2 16 28 3370 207 3492 3670
9715 4 2 16 28 1084 1733 1116 3657
9716 4 2 16 28 1090 1122 1702 3658
9717 4 2 16 28 929 2152 928 1535
9718 4 2 16 28 2203 762 2127 3760
9719 4 2 16 28 2433 2297 2515 2581
9720 4 2 16 28 2740 2168 2292 282
9721 4 2 16 28 1117 1714 1089 3657
9722 4 2 16 28 874 998 1643 3656
9723 4 2 16 28 1121 1085 1713 3658
9724 4 2 16 28 2409 2234 2554 2639
9725 4 2 16 28 2357 2077 2301 3654
9726 4 2 16 28 795 21 3693 3758
9727 4 2 16 28 2690 3652 2529 3662
9728 4 2 16 28 2331 675 2307 674
9729 4 2 16 28 2168 2574 2704 2231
9730 4 2 16 28 866 867 3731 3734
9731 4 2 16 28 308 2081 307 2320
9732 4 2 16 28 2169 2081 2202 554
9733 4 2 16 28 2220 2099 2356 1695
9734 4 2 16 28 2167 2137 2222 954
9735 4 2 16 28 1114 2213 1115 1691
9736 4 2 16 28 2638 293 2185 2146
9737 4 2 16 28 2655 2358 2600 3759
9738 4 2 16 28 157 3727 891 3752
9739 4 2 16 28 1068 158 896 3761
9740 4 2 16 28 3470 694 2282 3523
9741 4 2 16 28 2330 2518 2400 2803
9742 4 2 16 28 1726 883 159 1078
9743 4 2 16 28 3564 2319 650 2169
9744 4 2 16 28 1061 1033 152 1684
9745 4 2 16 28 2223 748 3439 2082
9746 4 2 16 28 540 541 1373 2649
9747 4 2 16 28 2266 2104 2747 3731
9748 4 2 16 28 2352 839 3683 3689
9749 4 2 16 28 2558 2420 2811 2299
9750 4 2 16 28 2303 568 2262 2084
9751 4 2 16 28 622 2578 2078 2195
9752 4 2 16 28 2084 2238 567 2262
9753 4 2 16 28 2638 2514 263 262
9754 4 2 16 28 1647 3656 873 3685
9755 4 2 16 28 3426 63 3438 2319
9756 4 2 16 28 3348 3674 1086 3706
9757 4 2 16 28 2081 2361 2517 2450
9758 4 2 16 28 3445 2345 2170 3565
9759 4 2 16 28 844 1626 973 1480
9760 4 2 16 28 2316 285 3513 2168
9761 4 2 16 28 4 5 2208 3655
9762 4 2 16 28 1368 433 2430 1421
9763 4 2 16 28 1337 61 249 2781
9764 4 2 16 28 845 1628 972 1478
9765 4 2 16 28 758 759 3687 3688
9766 4 2 16 28 2342 2115 2327 988
9767 4 2 16 28 2655 2473 2753 367
9768 4 2 16 28 2101 235 3690 3741
9769 4 2 16 28 18 1314 26 3648
9770 4 2 16 28 1609 2201 98 3718
9771 4 2 16 28 1069 894 1070 3728
9772 4 2 16 28 1070 893 1071 3728
9773 4 2 16 28 1083 2593 3657 3680
9774 4 2 16 28 808 3710 809 3723
9775 4 2 16 28 3459 2183 642 2338
9776 4 2 16 28 247 1316 243 3648
9777 4 2 16 28 2154 3536 2315 2268
9778 4 2 16 28 1705 3658 1091 3730
9779 4 2 16 28 868 3731 867 3734
9780 4 2 16 28 2773 2516 376 377
9781 4 2 16 28 884 1314 3344 3648
9782 4 2 16 28 1101 2314 2200 2094
9783 4 2 16 28 2109 2711 2301 3762
9784 4 2 16 28 2099 2220 1098 1695
9785 4 2 16 28 851 3712 919 3721
9786 4 2 16 28 2223 2348 3447 3547
9787 4 2 16 28 695 696 2282 3477
9788 4 2 16 28 2351 1615 965 837
9789 4 2 16 28 1718 3657 1088 3762
9790 4 2 16 28 2596 2080 2733 2360
9791 4 2 16 28 1021 2314 2286 1103
9792 4 2 16 28 2704 2083 2363 2633
9793 4 2 16 28 3360 1064 1063 3744
9794 4 2 16 28 877 876 3318 3724
9795 4 2 16 28 2312 295 296 2185
9796 4 2 16 28 1012 2258 1110 167
9797 4 2 16 28 2359 646 645 3704
9798 4 2 16 28 608 2655 607 3759
9799 4 2 16 28 917 853 918 3722
9800 4 2 16 28 837 3666 838 3689
9801 4 2 16 28 672 2155 2264 673
9802 4 2 16 28 3355 3706 1089 3761
9803 4 2 16 28 879 2731 3664 3673
9804 4 2 16 28 2109 2233 2711 2592
9805 4 2 16 28 3686 3708 2511 3747
9806 4 2 16 28 2714 2400 785 3755
9807 4 2 16 28 350 351 1429 2504
9808 4 2 16 28 645 2744 2359 3704
9809 4 2 16 28 3337 855 3678 3722
9810 4 2 16 28 3664 3673 2595 3684
9811 4 2 16 28 2170 3438 685 686
9812 4 2 16 28 625 2193 624 3697
9813 4 2 16 28 2239 2105 2242 1048
9814 4 2 16 28 895 3696 3335 3728
9815 4 2 16 28 896 3701 895 3761
9816 4 2 16 28 857 3734 912 3736
9817 4 2 16 28 2227 2099 1124 1123
9818 4 2 16 28 2160 2113 2266 3685
9819 4 2 16 28 1080 162 1077 3681
9820 4 2 16 28 2658 2117 2218 3710
9821 4 2 16 28 1083 3657 2108 3680
9822 4 2 16 28 150 135 107 1678
9823 4 2 16 28 149 150 107 1678
9824 4 2 16 28 2633 2843 2844 2348
9825 4 2 16 28 159 1078 883 3681
9826 4 2 16 28 2295 2776 2079 3646
9827 4 2 16 28 2579 3671 2431 3694
9828 4 2 16 28 2240 3710 2117 3776
9829 4 2 16 28 1086 3674 3698 3762
9830 4 2 16 28 2693 574 575 2332
9831 4 2 16 28 3437 3557 2319 3426
9832 4 2 16 28 762 2204 2127 763
9833 4 2 16 28 1627 86 129 1629
9834 4 2 16 28 101 85 1627 1629
9835 4 2 16 28 778 2128 779 2824
9836 4 2 16 28 2081 308 2487 2345
9837 4 2 16 28 2299 3457 3551 2090
9838 4 2 16 28 2676 2559 2804 472
9839 4 2 16 28 4 2208 219 3665
9840 4 2 16 28 3696 3756 831 3757
9841 4 2 16 28 354 1386 2445 1441
9842 4 2 16 28 2352 839 1612 3683
9843 4 2 16 28 1278 3771 1285 3773
9844 4 2 16 28 1292 3771 1299 3773
9845 4 2 16 28 1298 3769 1293 3773
9846 4 2 16 28 231 3767 236 3772
9847 4 2 16 28 1286 1277 3768 3771
9848 4 2 16 28 2580 2826 1417 346
9849 4 2 16 28 1287 3768 1276 3775
9850 4 2 16 28 1301 3768 1290 3775
9851 4 2 16 28 1643 998 2294 3656
9852 4 2 16 28 1302 1289 3765 3775
9853 4 2 16 28 1275 3765 1288 3775
9854 4 2 16 28 2641 2723 682 2288
9855 4 2 16 28 2084 569 568 2364
9856 4 2 16 28 2353 2106 2354 798
9857 4 2 16 28 2202 2097 2337 2775
9858 4 2 16 28 2078 2583 2358 2582
9859 4 2 16 28 343 1349 1402 2739
9860 4 2 16 28 2099 1097 1124 1688
9861 4 2 16 28 422 423 1395 2528
9862 4 2 16 28 2647 2307 677 676
9863 4 2 16 28 2112 2237 2284 1043
9864 4 2 16 28 2082 3433 749 3541
9865 4 2 16 28 2080 290 289 2360
9866 4 2 16 28 2470 2087 2367 2336
9867 4 2 16 28 3493 295 294 2185
9868 4 2 16 28 3532 2303 669 3475
9869 4 2 16 28 1376 271 272 2620
9870 4 2 16 28 2191 2478 2386 2619
9871 4 2 16 28 2219 958 957 1024
9872 4 2 16 28 2253 2242 1049 978
9873 4 2 16 28 2701 2164 2538 3693
9874 4 2 16 28 32 22 35 31
9875 4 2 16 28 41 38 26 37
9876 4 2 16 28 15 2395 2621 1305
9877 4 2 16 28 2465 2825 2772 454
9878 4 2 16 28 2277 143 2134 1019
9879 4 2 16 28 2274 236 3767 3772
9880 4 2 16 28 850 103 3677 3678
9881 4 2 16 28 1112 2136 170 3661
9882 4 2 16 28 2610 684 2333 3748
9883 4 2 16 28 2344 2093 135 134
9884 4 2 16 28 2403 2507 1430 1379
9885 4 2 16 28 919 851 852 1652
9886 4 2 16 28 1723 895 1069 1068
9887 4 2 16 28 982 1044 1652 983
9888 4 2 16 28 1072 1724 892 1071
9889 4 2 16 28 916 855 1653 854
9890 4 2 16 28 2711 2109 2592 3762
9891 4 2 16 28 2491 2095 2724 2696
9892 4 2 16 28 2238 563 2390 564
9893 4 2 16 28 144 2220 165 1025
9894 4 2 16 28 1176 1177 2149 1195
9895 4 2 16 28 2531 2726 2622 717
9896 4 2 16 28 1074 889 1731 1073
9897 4 2 16 28 1106 1731 1017 1105
9898 4 2 16 28 1064 901 1711 1063
9899 4 2 16 28 1667 856 857 913
9900 4 2 16 28 1667 985 984 1041
9901 4 2 16 28 1658 975 974 1053
9902 4 2 16 28 846 1658 925 847
9903 4 2 16 28 1095 1096 1029 1711
9904 4 2 16 28 1732 886 1076 1077
9905 4 2 16 28 922 1659 850 849
9906 4 2 16 28 1026 1712 1098 1099
9907 4 2 16 28 860 859 910 1668
9908 4 2 16 28 1066 1712 898 1067
9909 4 2 16 28 2346 3511 3464 654
9910 4 2 16 28 2077 2173 2595 2764
9911 4 2 16 28 860 865 3667 3668
9912 4 2 16 28 2438 2700 2721 1332
9913 4 2 16 28 996 2294 1674 997
9914 4 2 16 28 505 1420 2550 1369
9915 4 2 16 28 94 811 1557 3753
9916 4 2 16 28 2312 294 295 2185
9917 4 2 16 28 1737 1081 2121 3661
9918 4 2 16 28 2303 667 2262 3538
9919 4 2 16 28 1168 1169 2304 1185
9920 4 2 16 28 3540 722 2193 3430
9921 4 2 16 28 133 2192 989 2327
9922 4 2 16 28 3460 2299 3551 2090
9923 4 2 16 28 1346 396 1445 2566
9924 4 2 16 28 1456 2541 1363 404
9925 4 2 16 28 581 75 582 2313
9926 4 2 16 28 924 848 923 3725
9927 4 2 16 28 638 2467 2844 2348
9928 4 2 16 28 1295 629 3413 3778
9929 4 2 16 28 896 115 829 3701
9930 4 2 16 28 80 3421 3422 3670
9931 4 2 16 28 2260 11 2326 3763
9932 4 2 16 28 982 981 1651 1045
9933 4 2 16 28 853 854 917 1650
9934 4 2 16 28 1071 1070 1721 893
9935 4 2 16 28 980 981 1046 1650
9936 4 2 16 28 1070 1069 1722 894
9937 4 2 16 28 1101 1102 1022 1721
9938 4 2 16 28 853 852 1651 918
9939 4 2 16 28 8 3651 2634 3672
9940 4 2 16 28 1111 1079 1739 3661
9941 4 2 16 28 76 3432 2193 3777
9942 4 2 16 28 823 2199 2511 824
9943 4 2 16 28 913 812 914 3736
9944 4 2 16 28 85 35 22 792
9945 4 2 16 28 2697 2478 272 273
9946 4 2 16 28 1076 1075 887 1729
9947 4 2 16 28 1066 1065 899 1709
9948 4 2 16 28 1098 1097 1709 1027
9949 4 2 16 28 858 859 1665 911
9950 4 2 16 28 976 977 1051 1656
9951 4 2 16 28 986 987 1039 1665
9952 4 2 16 28 848 849 1656 923
9953 4 2 16 28 1107 1108 1015 1729
9954 4 2 16 28 1052 1657 975 976
9955 4 2 16 28 1096 1097 1028 1710
9956 4 2 16 28 858 857 912 1666
9957 4 2 16 28 985 986 1040 1666
9958 4 2 16 28 1074 1075 1730 888
9959 4 2 16 28 1106 1107 1016 1730
9960 4 2 16 28 1065 1064 900 1710
9961 4 2 16 28 848 847 924 1657
9962 4 2 16 28 750 2082 3433 749
9963 4 2 16 28 606 607 3759 3760
9964 4 2 16 28 872 2306 1644 1000
9965 4 2 16 28 507 508 1357 2786
9966 4 2 16 28 1282 3388 630 3778
9967 4 2 16 28 1171 1172 2196 1189
9968 4 2 16 28 571 2285 2630 2651
9969 4 2 16 28 153 155 1060 3651
9970 4 2 16 28 120 810 93 3703
9971 4 2 16 28 2200 2148 2232 1121
9972 4 2 16 28 2267 3517 3467 2184
9973 4 2 16 28 2634 2 7 3660
9974 4 2 16 28 2175 795 1483 3693
9975 4 2 16 28 2137 2199 824 3747
9976 4 2 16 28 2835 2095 2102 2491
9977 4 2 16 28 2329 587 2165 2217
9978 4 2 16 28 2175 1482 797 795
9979 4 2 16 28 69 2838 1466 2670
9980 4 2 16 28 1398 264 265 2665
9981 4 2 16 28 1005 2290 1495 2114
9982 4 2 16 28 5 10 2326 3655
9983 4 2 16 28 2456 577 578 2293
9984 4 2 16 28 955 2147 1602 956
9985 4 2 16 28 675 2769 2307 674
9986 4 2 16 28 122 2283 939 147
9987 4 2 16 28 2135 1106 1017 1105
9988 4 2 16 28 2517 2768 317 316
9989 4 2 16 28 2109 2301 2108 3762
9990 4 2 16 28 2346 3454 3511 654
9991 4 2 16 28 2087 2459 2693 2367
9992 4 2 16 28 2103 2092 218 3691
9993 4 2 16 28 3649 3699 96 3739
9994 4 2 16 28 2281 2250 948 2125
9995 4 2 16 28 11 208 3409 3704
9996 4 2 16 28 2795 2527 2526 2184
9997 4 2 16 28 2088 943 2216 944
9998 4 2 16 28 911 859 910 3733
9999 4 2 16 28 1380 2698 1431 2446
10000 4 2 16 28 2085 2433 2297 2515
10001 4 2 16 28 1504 2280 1015 2120
10002 4 2 16 28 123 2192 2151 945
10003 4 2 16 28 943 1560 2088 3711
10004 4 2 16 28 2558 2145 731 2812
10005 4 2 16 28 824 2511 3743 3747
10006 4 2 16 28 2091 2198 2334 156
10007 4 2 16 28 836 890 889 3716
10008 4 2 16 28 2199 823 2511 3739
10009 4 2 16 28 899 898 3328 3726
10010 4 2 16 28 12 1304 9 3709
10011 4 2 16 28 811 812 3714 3736
10012 4 2 16 28 2448 584 583 2738
10013 4 2 16 28 3434 2193 625 3540
10014 4 2 16 28 2114 2173 2261 1004
10015 4 2 16 28 961 2248 2134 2178
10016 4 2 16 28 640 2348 2295 2183
10017 4 2 16 28 3703 3710 809 3776
10018 4 2 16 28 161 160 24 882
10019 4 2 16 28 1075 3662 887 3666
10020 4 2 16 28 2536 2773 2090 2298
10021 4 2 16 28 1094 1063 153 3744
10022 4 2 16 28 340 341 1406 2712
10023 4 2 16 28 989 990 1035 1662
10024 4 2 16 28 1061 1062 1032 1685
10025 4 2 16 28 2081 2682 2487 307
10026 4 2 16 28 1087 1715 1088 3762
10027 4 2 16 28 114 885 159 3669
10028 4 2 16 28 2395 244 13 1305
10029 4 2 16 28 2621 2395 14 1305
10030 4 2 16 28 2128 2447 2518 2824
10031 4 2 16 28 2125 3368 237 3751
10032 4 2 16 28 2077 2113 2173 2764
10033 4 2 16 28 2193 723 724 2144
10034 4 2 16 28 111 879 3664 3673
10035 4 2 16 28 634 633 2082 3539
10036 4 2 16 28 2785 446 2545 445
10037 4 2 16 28 2538 2470 2367 2336
10038 4 2 16 28 2086 3449 2331 3505
10039 4 2 16 28 2312 2095 2687 2491
10040 4 2 16 28 865 3663 108 3737
10041 4 2 16 28 919 2830 3333 3721
10042 4 2 16 28 1125 2355 2227 1093
10043 4 2 16 28 2097 2409 2234 2554
10044 4 2 16 28 2329 3462 2217 2330
10045 4 2 16 28 2344 1058 2254 2256
10046 4 2 16 28 2113 2357 2077 2747
10047 4 2 16 28 1628 844 973 1480
10048 4 2 16 28 972 845 1478 1627
10049 4 2 16 28 850 3677 875 3678
10050 4 2 16 28 1339 385 384 2481
10051 4 2 16 28 1294 1297 3415 3770
10052 4 2 16 28 2493 2368 2289 3714
10053 4 2 16 28 680 2288 3436 2086
10054 4 2 16 28 765 3471 766 2127
10055 4 2 16 28 865 3667 3668 3737
10056 4 2 16 28 666 2262 2156 667
10057 4 2 16 28 754 3570 3423 2325
10058 4 2 16 28 2711 3680 2301 3762
10059 4 2 16 28 751 2082 3429 3539
10060 4 2 16 28 98 3717 835 3718
10061 4 2 16 28 2357 2301 2233 2711
10062 4 2 16 28 846 2731 926 3664
10063 4 2 16 28 910 909 815 2703
10064 4 2 16 28 2286 1118 2177 1694
10065 4 2 16 28 1440 261 262 2760
10066 4 2 16 28 1626 793 1480 791
10067 4 2 16 28 1276 3768 2848 3775
10068 4 2 16 28 2310 3506 2179 3442
10069 4 2 16 28 849 3677 923 3724
10070 4 2 16 28 806 3333 2830 3723
10071 4 2 16 28 2830 920 805 3713
10072 4 2 16 28 615 2090 2324 3682
10073 4 2 16 28 3458 2338 3552 644
10074 4 2 16 28 21 796 3693 3740
10075 4 2 16 28 2238 2084 2560 2110
10076 4 2 16 28 2210 941 1040 1484
10077 4 2 16 28 2195 3542 623 3440
10078 4 2 16 28 395 1340 2807 2783
10079 4 2 16 28 1080 3661 3652 3662
10080 4 2 16 28 1059 151 906 1684
10081 4 2 16 28 2079 3646 2776 3704
10082 4 2 16 28 697 2150 2817 2383
10083 4 2 16 28 2484 2199 2483 3690
10084 4 2 16 28 2785 2530 2784 1336
10085 4 2 16 28 2213 1017 2135 1106
10086 4 2 16 28 884 26 1314 3648
10087 4 2 16 28 223 3305 216 3751
10088 4 2 16 28 224 215 3305 3751
10089 4 2 16 28 2317 290 289 2080
10090 4 2 16 28 2271 2270 2211 1054
10091 4 2 16 28 2103 2092 2208 218
10092 4 2 16 28 1429 351 1380 2504
10093 4 2 16 28 221 218 3301 3764
10094 4 2 16 28 220 3301 219 3764
10095 4 2 16 28 1297 3646 2670 3774
10096 4 2 16 28 909 816 815 2703
10097 4 2 16 28 3518 2202 558 557
10098 4 2 16 28 2431 2364 2084 2560
10099 4 2 16 28 845 85 22 792
10100 4 2 16 28 1424 488 2393 1371
10101 4 2 16 28 2678 1347 312 1403
10102 4 2 16 28 2230 2080 2231 2596
10103 4 2 16 28 2381 3669 2690 3683
10104 4 2 16 28 2483 2199 3649 3690
10105 4 2 16 28 897 157 116 3727
10106 4 2 16 28 2282 2190 693 3470
10107 4 2 16 28 2190 304 305 3465
10108 4 2 16 28 3404 11 10 3670
10109 4 2 16 28 3646 3704 2079 3741
10110 4 2 16 28 827 3726 898 3727
10111 4 2 16 28 2327 2216 2342 988
10112 4 2 16 28 769 768 2206 2371
10113 4 2 16 28 793 90 130 2353
10114 4 2 16 28 1343 410 1470 2589
10115 4 2 16 28 791 1480 844 792
10116 4 2 16 28 2164 2538 2247 3707
10117 4 2 16 28 792 845 85 1478
10118 4 2 16 28 972 86 1478 794
10119 4 2 16 28 872 3685 873 3721
10120 4 2 16 28 2536 2103 3665 3691
10121 4 2 16 28 2399 1301 1300 3699
10122 4 2 16 28 992 1677 864 3737
10123 4 2 16 28 2693 576 2456 2332
10124 4 2 16 28 99 1610 840 3683
10125 4 2 16 28 1296 3646 3411 3741
10126 4 2 16 28 3525 2267 3467 2184
10127 4 2 16 28 102 791 844 3740
10128 4 2 16 28 994 1671 2265 866
10129 4 2 16 28 2647 521 2769 676
10130 4 2 16 28 4 219 2208 3300
10131 4 2 16 28 956 2220 1025 955
10132 4 2 16 28 2180 2313 3443 3498
10133 4 2 16 28 3552 2338 643 644
10134 4 2 16 28 2511 2483 3649 3739
10135 4 2 16 28 1059 52 48 3361
10136 4 2 16 28 1555 3365 2125 3705
10137 4 2 16 28 3553 716 3431 2179
10138 4 2 16 28 790 82 2163 2288
10139 4 2 16 28 2257 2218 2305 935
10140 4 2 16 28 2431 2762 2110 3671
10141 4 2 16 28 916 854 917 3722
10142 4 2 16 28 2282 2556 695 694
10143 4 2 16 28 13 3693 21 3758
10144 4 2 16 28 1086 3706 3674 3762
10145 4 2 16 28 552 553 2169 3444
10146 4 2 16 28 2747 2077 2266 2357
10147 4 2 16 28 2100 3660 2608 3709
10148 4 2 16 28 1072 2719 892 3752
10149 4 2 16 28 2352 2132 2234 3683
10150 4 2 16 28 2336 3675 2538 3707
10151 4 2 16 28 2262 2142 663 2308
10152 4 2 16 28 3453 761 760 2203
10153 4 2 16 28 2470 2164 2087 2336
10154 4 2 16 28 2225 2587 750 2588
10155 4 2 16 28 2764 2113 2173 3659
10156 4 2 16 28 2467 2633 2844 2348
10157 4 2 16 28 1631 113 27 882
10158 4 2 16 28 843 23 101 1629
10159 4 2 16 28 17 1311 242 3742
10160 4 2 16 28 2393 489 2816 488
10161 4 2 16 28 1281 2671 1282 630
10162 4 2 16 28 817 2273 1553 3649
10163 4 2 16 28 2161 985 1041 984
10164 4 2 16 28 800 925 3322 3738
10165 4 2 16 28 1298 3406 236 3690
10166 4 2 16 28 1279 217 3371 3691
10167 4 2 16 28 2080 291 290 2360
10168 4 2 16 28 1718 1118 2177 1088
10169 4 2 16 28 1328 1335 1463 2510
10170 4 2 16 28 2108 2121 1114 3680
10171 4 2 16 28 2303 669 3479 3532
10172 4 2 16 28 88 971 1477 3719
10173 4 2 16 28 2338 2182 3546 3458
10174 4 2 16 28 3549 618 2300 2090
10175 4 2 16 28 740 3458 2182 2338
10176 4 2 16 28 406 405 1450 2541
10177 4 2 16 28 1674 2294 2104 3656
10178 4 2 16 28 318 2499 2553 1373
10179 4 2 16 28 164 157 1067 3727
10180 4 2 16 28 2459 2087 2297 2367
10181 4 2 16 28 1301 3416 2848 3775
10182 4 2 16 28 2367 2336 2116 2770
10183 4 2 16 28 2295 2079 2101 3646
10184 4 2 16 28 1392 356 1399 2570
10185 4 2 16 28 84 719 2309 2453
10186 4 2 16 28 904 214 3331 821
10187 4 2 16 28 239 907 3334 818
10188 4 2 16 28 481 1338 1461 2539
10189 4 2 16 28 2082 750 751 2225
10190 4 2 16 28 2127 2214 3522 3478
10191 4 2 16 28 2380 3717 98 3732
10192 4 2 16 28 1298 3420 1299 3774
10193 4 2 16 28 149 49 12 1056
10194 4 2 16 28 107 3 58 863
10195 4 2 16 28 3657 3706 2592 3761
10196 4 2 16 28 1112 1734 1080 3661
10197 4 2 16 28 2352 2381 2234 3689
10198 4 2 16 28 211 207 3496 210
10199 4 2 16 28 207 211 3496 206
10200 4 2 16 28 794 972 86 2347
10201 4 2 16 28 705 3473 2317 3527
10202 4 2 16 28 1482 795 2175 3758
10203 4 2 16 28 2315 2154 2126 3494
10204 4 2 16 28 2263 1612 840 3683
10205 4 2 16 28 2528 2652 2817 422
10206 4 2 16 28 3664 3679 3673 3684
10207 4 2 16 28 648 2319 3557 3426
10208 4 2 16 28 2298 2424 2821 2578
10209 4 2 16 28 2285 572 571 2630
10210 4 2 16 28 3404 207 208 3670
10211 4 2 16 28 2168 2316 3450 3513
10212 4 2 16 28 750 2082 751 3433
10213 4 2 16 28 2223 2348 3544 3447
10214 4 2 16 28 779 2822 778 2824
10215 4 2 16 28 2639 2234 2202 2409
10216 4 2 16 28 2317 3480 705 3527
10217 4 2 16 28 626 625 2684 3697
10218 4 2 16 28 85 33 3346 36
10219 4 2 16 28 2448 2313 582 583
10220 4 2 16 28 3445 2345 308 2320
10221 4 2 16 28 1533 799 800 3707
10222 4 2 16 28 2701 2229 2164 3693
10223 4 2 16 28 1300 238 3405 3649
10224 4 2 16 28 215 1277 3372 3650
10225 4 2 16 28 97 2425 2230 2656
10226 4 2 16 28 2666 78 68 2671
10227 4 2 16 28 883 884 26 1078
10228 4 2 16 28 557 558 2809 2202
10229 4 2 16 28 991 2133 1676 3737
10230 4 2 16 28 2404 649 2750 3749
10231 4 2 16 28 2477 2251 685 2333
10232 4 2 16 28 2348 640 639 2183
10233 4 2 16 28 165 1100 1024 1719
10234 4 2 16 28 158 1720 1068 896
10235 4 2 16 28 851 920 104 1648
10236 4 2 16 28 132 983 1648 1043
10237 4 2 16 28 103 915 855 1649
10238 4 2 16 28 1072 1719 157 891
10239 4 2 16 28 208 3670 632 3704
10240 4 2 16 28 2258 1013 1109 167
10241 4 2 16 28 2731 2395 2538 3653
10242 4 2 16 28 2579 3669 2381 3683
10243 4 2 16 28 107 2254 3709 3737
10244 4 2 16 28 105 909 1663 860
10245 4 2 16 28 1013 1109 167 1727
10246 4 2 16 28 1727 1077 159 885
10247 4 2 16 28 155 1063 1708 902
10248 4 2 16 28 1655 926 102 846
10249 4 2 16 28 2285 570 2303 2084
10250 4 2 16 28 2740 2292 2704 2466
10251 4 2 16 28 2266 2540 2357 3660
10252 4 2 16 28 760 2802 759 3687
10253 4 2 16 28 921 103 850 1654
10254 4 2 16 28 897 157 1067 1707
10255 4 2 16 28 1049 978 131 1654
10256 4 2 16 28 166 1018 1728 1105
10257 4 2 16 28 132 984 1042 1664
10258 4 2 16 28 104 1664 914 856
10259 4 2 16 28 158 1728 890 1073
10260 4 2 16 28 925 847 924 3725
10261 4 2 16 28 159 1077 162 3681
10262 4 2 16 28 1598 833 832 3757
10263 4 2 16 28 875 3677 3659 3678
10264 4 2 16 28 2666 78 1281 3665
10265 4 2 16 28 805 938 2212 1544
10266 4 2 16 28 98 3701 115 3716
10267 4 2 16 28 2164 2651 2701 2470
10268 4 2 16 28 2830 2705 2658 3723
10269 4 2 16 28 1372 524 1419 2457
10270 4 2 16 28 2097 2409 2202 2234
10271 4 2 16 28 1036 1035 1574 989
10272 4 2 16 28 1574 904 903 861
10273 4 2 16 28 907 908 1060 1575
10274 4 2 16 28 1575 1031 1062 1032
10275 4 2 16 28 2216 2131 2342 1501
10276 4 2 16 28 859 858 3319 3733
10277 4 2 16 28 3376 3 1 3667
10278 4 2 16 28 2122 3695 2595 3754
10279 4 2 16 28 2117 2154 2571 2372
10280 4 2 16 28 152 135 150 1678
10281 4 2 16 28 110 3659 870 3678
10282 4 2 16 28 2424 2298 2707 2578
10283 4 2 16 28 153 3672 1094 3744
10284 4 2 16 28 207 3404 10 3670
10285 4 2 16 28 2443 2852 2853 369
10286 4 2 16 28 923 848 3724 3725
10287 4 2 16 28 2265 995 1671 994
10288 4 2 16 28 2336 2367 2538 2770
10289 4 2 16 28 2448 580 2313 2293
10290 4 2 16 28 2300 3460 730 3549
10291 4 2 16 28 2503 367 1371 1413
10292 4 2 16 28 2398 2511 2656 3686
10293 4 2 16 28 2604 2543 665 666
10294 4 2 16 28 2467 2292 2633 2348
10295 4 2 16 28 3654 3684 2595 3695
10296 4 2 16 28 715 2531 2532 2179
10297 4 2 16 28 2203 3453 762 3760
10298 4 2 16 28 1464 2545 445 2785
10299 4 2 16 28 2629 2460 2642 1436
10300 4 2 16 28 70 406 1332 2438
10301 4 2 16 28 886 885 2690 3652
10302 4 2 16 28 2312 2384 2847 2638
10303 4 2 16 28 830 3696 895 3701
10304 4 2 16 28 636 2348 2292 2467
10305 4 2 16 28 3653 3707 2538 3738
10306 4 2 16 28 2098 2505 2511 3686
10307 4 2 16 28 1126 1706 1094 2355
10308 4 2 16 28 2294 2161 2302 137
10309 4 2 16 28 2732 748 2215 2587
10310 4 2 16 28 3422 3655 2326 3670
10311 4 2 16 28 2267 2596 2574 2231
10312 4 2 16 28 2386 2190 2478 2191
10313 4 2 16 28 2387 2669 2827 413
10314 4 2 16 28 3424 3430 76 2193
10315 4 2 16 28 118 2703 909 3667
10316 4 2 16 28 2083 2704 2292 2633
10317 4 2 16 28 697 696 2150 2383
10318 4 2 16 28 2347 2175 2187 88
10319 4 2 16 28 2351 1611 966 3689
10320 4 2 16 28 1626 793 791 1479
10321 4 2 16 28 2189 1112 2258 1109
10322 4 2 16 28 168 141 1631 1010
10323 4 2 16 28 2101 235 2274 3690
10324 4 2 16 28 861 904 862 1662
10325 4 2 16 28 1685 1060 907 1059
10326 4 2 16 28 2428 2117 3710 3776
10327 4 2 16 28 2182 2599 2181 737
10328 4 2 16 28 2239 2158 1002 979
10329 4 2 16 28 2122 2077 2173 2595
10330 4 2 16 28 2773 2536 2424 2298
10331 4 2 16 28 3423 2325 3559 753
10332 4 2 16 28 1674 869 2294 3656
10333 4 2 16 28 3452 3504 307 2320
10334 4 2 16 28 2349 962 2343 2134
10335 4 2 16 28 271 1376 1427 2620
10336 4 2 16 28 695 2282 694 3477
10337 4 2 16 28 94 3713 811 3753
10338 4 2 16 28 803 3675 2394 3702
10339 4 2 16 28 2264 671 2155 672
10340 4 2 16 28 679 517 2730 518
10341 4 2 16 28 582 581 2313 2448
10342 4 2 16 28 2719 2398 2425 3752
10343 4 2 16 28 1192 2763 2252 2472
10344 4 2 16 28 835 890 836 3716
10345 4 2 16 28 2828 2575 3391 1275
10346 4 2 16 28 2164 2651 2470 2285
10347 4 2 16 28 2634 7 2 3765
10348 4 2 16 28 596 357 2372 597
10349 4 2 16 28 1301 2848 2734 3768
10350 4 2 16 28 2358 2578 2078 2582
10351 4 2 16 28 767 768 2488 2206
10352 4 2 16 28 2097 2762 2188 3671
10353 4 2 16 28 2595 3684 3673 3695
10354 4 2 16 28 2391 2754 663 534
10355 4 2 16 28 573 2332 2285 2155
10356 4 2 16 28 1682 3672 1056 3709
10357 4 2 16 28 600 601 2214 3483
10358 4 2 16 28 901 1063 1064 3744
10359 4 2 16 28 2608 3672 2634 3744
10360 4 2 16 28 2185 2312 294 2638
10361 4 2 16 28 2354 797 2175 2353
10362 4 2 16 28 2363 2098 2083 2505
10363 4 2 16 28 2645 1365 2370 2562
10364 4 2 16 28 2095 2491 2386 2696
10365 4 2 16 28 2241 2085 2819 2644
10366 4 2 16 28 1374 433 1421 2525
10367 4 2 16 28 160 113 27 1631
10368 4 2 16 28 2378 2772 2825 453
10369 4 2 16 28 2259 995 996 2104
10370 4 2 16 28 27 160 1631 882
10371 4 2 16 28 2623 2687 2384 266
10372 4 2 16 28 158 115 3701 3716
10373 4 2 16 28 2133 3731 2266 3737
10374 4 2 16 28 2273 1550 96 3649
10375 4 2 16 28 306 2682 2190 2081
10376 4 2 16 28 2737 2238 2390 2097
10377 4 2 16 28 2731 3724 878 3725
10378 4 2 16 28 926 2731 846 3738
10379 4 2 16 28 155 3651 117 3746
10380 4 2 16 28 2287 1045 2112 2257
10381 4 2 16 28 3566 3688 3432 3777
10382 4 2 16 28 2314 2178 1490 1021
10383 4 2 16 28 2109 3698 2592 3762
10384 4 2 16 28 2428 2819 2241 3776
10385 4 2 16 28 456 1366 455 2627
10386 4 2 16 28 2099 2341 1124 1097
10387 4 2 16 28 2259 995 2104 2209
10388 4 2 16 28 2217 2330 780 2128
10389 4 2 16 28 962 2349 2343 126
10390 4 2 16 28 943 2291 1562 3711
10391 4 2 16 28 1670 865 993 3663
10392 4 2 16 28 1094 1701 1126 3672
10393 4 2 16 28 1661 1036 1574 989
10394 4 2 16 28 1574 903 1661 861
10395 4 2 16 28 908 1683 1060 1575
10396 4 2 16 28 1062 1683 1031 1575
10397 4 2 16 28 151 51 52 3361
10398 4 2 16 28 60 106 59 3299
10399 4 2 16 28 78 205 3665 3682
10400 4 2 16 28 2585 3712 2830 3713
10401 4 2 16 28 2221 2211 1486 929
10402 4 2 16 28 2156 668 667 2303
10403 4 2 16 28 2083 2704 2231 2292
10404 4 2 16 28 2575 1276 1275 3745
10405 4 2 16 28 2158 2242 2253 978
10406 4 2 16 28 995 2259 1496 2209
10407 4 2 16 28 867 3321 868 3734
10408 4 2 16 28 2741 3708 2398 3726
10409 4 2 16 28 2394 3678 3677 3703
10410 4 2 16 28 3564 2319 2169 3437
10411 4 2 16 28 235 3646 1297 3690
10412 4 2 16 28 1628 845 844 792
10413 4 2 16 28 972 1628 973 794
10414 4 2 16 28 477 1328 1463 2510
10415 4 2 16 28 2147 828 1600 3686
10416 4 2 16 28 858 3733 912 3734
10417 4 2 16 28 854 3316 853 3722
10418 4 2 16 28 2168 2292 282 2310
10419 4 2 16 28 1556 214 3303 3715
10420 4 2 16 28 2747 3731 3656 3734
10421 4 2 16 28 2408 2524 2679 62
10422 4 2 16 28 2180 75 3425 2313
10423 4 2 16 28 2154 2089 2214 599
10424 4 2 16 28 836 1615 2350 3718
10425 4 2 16 28 1081 3662 1082 3680
10426 4 2 16 28 482 483 2496 2667
10427 4 2 16 28 1327 461 1333 2615
10428 4 2 16 28 2102 2343 2201 3717
10429 4 2 16 28 2109 2233 2592 3698
10430 4 2 16 28 2190 3470 303 3519
10431 4 2 16 28 3448 727 2300 2195
10432 4 2 16 28 741 742 2338 2130
10433 4 2 16 28 2087 2367 2336 2116
10434 4 2 16 28 1549 809 808 3710
10435 4 2 16 28 2274 3751 237 3772
10436 4 2 16 28 2190 3519 304 3465
10437 4 2 16 28 612 626 3697 3777
10438 4 2 16 28 2150 2817 2652 2279
10439 4 2 16 28 143 2277 2349 1018
10440 4 2 16 28 2100 3672 2608 3730
10441 4 2 16 28 2319 63 3437 3426
10442 4 2 16 28 1101 2314 2094 1022
10443 4 2 16 28 3560 2323 721 2193
10444 4 2 16 28 2395 2538 3653 3693
10445 4 2 16 28 1680 2254 150 1058
10446 4 2 16 28 2291 943 1562 2131
10447 4 2 16 28 3299 3308 862 59
10448 4 2 16 28 2232 2233 3698 3730
10449 4 2 16 28 1016 2278 965 1487
10450 4 2 16 28 981 982 1491 2287
10451 4 2 16 28 620 3548 2300 2195
10452 4 2 16 28 2579 3648 842 3671
10453 4 2 16 28 3477 2282 694 3523
10454 4 2 16 28 1307 13 14 3740
10455 4 2 16 28 2741 2634 2399 3651
10456 4 2 16 28 2459 2165 2414 2581
10457 4 2 16 28 160 27 24 882
10458 4 2 16 28 793 973 1626 1480
10459 4 2 16 28 209 79 629 3370
10460 4 2 16 28 2833 2412 2528 1395
10461 4 2 16 28 874 3656 109 3712
10462 4 2 16 28 2227 1124 1125 1704
10463 4 2 16 28 2214 3533 600 3483
10464 4 2 16 28 45 49 12 46
10465 4 2 16 28 6 57 54 53
10466 4 2 16 28 81 683 2534 3748
10467 4 2 16 28 3369 212 78 630
10468 4 2 16 28 697 3482 2279 2282
10469 4 2 16 28 2704 2083 2505 2363
10470 4 2 16 28 3503 760 3446 2203
10471 4 2 16 28 2417 2168 2704 2740
10472 4 2 16 28 2621 14 2395 3664
10473 4 2 16 28 2083 2704 2505 2231
10474 4 2 16 28 905 3299 213 862
10475 4 2 16 28 906 1059 240 3361
10476 4 2 16 28 2238 2390 2560 564
10477 4 2 16 28 634 3433 2082 635
10478 4 2 16 28 1047 2305 2239 934
10479 4 2 16 28 3526 2268 2217 2128
10480 4 2 16 28 872 1644 2306 3685
10481 4 2 16 28 717 3553 2325 2179
10482 4 2 16 28 3555 788 2180 789
10483 4 2 16 28 764 3471 765 2127
10484 4 2 16 28 2316 3506 713 2179
10485 4 2 16 28 1280 3769 1283 3770
10486 4 2 16 28 2161 2210 2283 1041
10487 4 2 16 28 2651 2164 2701 2084
10488 4 2 16 28 2509 1381 2628 1433
10489 4 2 16 28 2086 2197 2307 678
10490 4 2 16 28 96 2199 2273 3649
10491 4 2 16 28 244 248 1318 3758
10492 4 2 16 28 2434 2706 2834 1390
10493 4 2 16 28 477 719 2640 720
10494 4 2 16 28 2110 2762 2097 3671
10495 4 2 16 28 638 637 2467 2348
10496 4 2 16 28 2457 1418 2699 1372
10497 4 2 16 28 2244 834 1596 3757
10498 4 2 16 28 2187 970 1606 3671
10499 4 2 16 28 2713 2495 2236 2563
10500 4 2 16 28 3436 2313 581 2086
10501 4 2 16 28 3464 2202 2346 3518
10502 4 2 16 28 64 2082 2310 633
10503 4 2 16 28 542 543 1367 2613
10504 4 2 16 28 11 3670 208 3704
10505 4 2 16 28 2121 1081 1735 3680
10506 4 2 16 28 2394 804 803 3702
10507 4 2 16 28 2477 2251 2610 685
10508 4 2 16 28 1302 2848 3416 3775
10509 4 2 16 28 2190 2139 692 691
10510 4 2 16 28 2644 355 2445 2571
10511 4 2 16 28 841 3344 100 3648
10512 4 2 16 28 2600 2707 2124 2078
10513 4 2 16 28 3343 883 842 3669
10514 4 2 16 28 2338 2295 643 2079
10515 4 2 16 28 284 283 2168 2417
10516 4 2 16 28 2540 2608 2357 3660
10517 4 2 16 28 632 79 208 3704
10518 4 2 16 28 2836 3706 3674 3728
10519 4 2 16 28 1089 3706 3657 3761
10520 4 2 16 28 565 324 564 2560
10521 4 2 16 28 2529 2357 2711 3654
10522 4 2 16 28 398 397 1448 2654
10523 4 2 16 28 1091 1092 1703 3730
10524 4 2 16 28 2144 2195 725 724
10525 4 2 16 28 2523 2182 2599 2598
10526 4 2 16 28 1675 992 864 3663
10527 4 2 16 28 1055 1057 1681 3672
10528 4 2 16 28 965 2351 964 1615
10529 4 2 16 28 674 2307 2155 673
10530 4 2 16 28 2505 2656 2511 3686
10531 4 2 16 28 1391 427 1440 2760
10532 4 2 16 28 2214 3489 2126 2154
10533 4 2 16 28 2370 2766 2657 465
10534 4 2 16 28 3423 754 2325 753
10535 4 2 16 28 553 3508 2169 3444
10536 4 2 16 28 894 3314 893 3728
10537 4 2 16 28 2383 696 2150 695
10538 4 2 16 28 813 3309 814 3735
10539 4 2 16 28 2335 2140 2171 3749
10540 4 2 16 28 2275 2174 140 3695
10541 4 2 16 28 102 1626 791 1479
10542 4 2 16 28 3567 81 647 3748
10543 4 2 16 28 807 808 3315 3723
10544 4 2 16 28 2244 125 957 1593
10545 4 2 16 28 2608 2592 2233 3730
10546 4 2 16 28 847 3320 848 3725
10547 4 2 16 28 2275 2123 1010 140
10548 4 2 16 28 995 2104 1672 996
10549 4 2 16 28 1634 881 1008 3673
10550 4 2 16 28 1175 1176 2139 1194
10551 4 2 16 28 342 343 1402 2739
10552 4 2 16 28 2090 3665 2103 3682
10553 4 2 16 28 2285 2087 2693 2470
10554 4 2 16 28 294 3493 2185 3486
10555 4 2 16 28 2215 1199 1179 1180
10556 4 2 16 28 1088 3657 3706 3762
10557 4 2 16 28 1614 2352 839 967
10558 4 2 16 28 785 786 2714 3755
10559 4 2 16 28 51 48 52 3361
10560 4 2 16 28 59 56 60 3299
10561 4 2 16 28 61 1336 2784 2530
10562 4 2 16 28 1065 3729 3726 3743
10563 4 2 16 28 771 772 2664 2126
10564 4 2 16 28 76 612 3432 3777
10565 4 2 16 28 2103 218 2208 3665
10566 4 2 16 28 1101 2200 2339 2094
10567 4 2 16 28 324 325 2560 565
10568 4 2 16 28 918 919 852 1542
10569 4 2 16 28 894 895 1069 1591
10570 4 2 16 28 1023 1022 1590 1101
10571 4 2 16 28 1047 1046 1541 980
10572 4 2 16 28 916 917 854 1541
10573 4 2 16 28 893 892 1590 1071
10574 4 2 16 28 1044 1045 982 1542
10575 4 2 16 28 1021 1020 1591 1103
10576 4 2 16 28 889 888 1074 1622
10577 4 2 16 28 1029 1028 1584 1096
10578 4 2 16 28 912 913 1570 857
10579 4 2 16 28 924 925 1528 847
10580 4 2 16 28 1052 1053 975 1528
10581 4 2 16 28 1016 1017 1106 1622
10582 4 2 16 28 900 901 1584 1064
10583 4 2 16 28 1040 1041 985 1570
10584 4 2 16 28 1038 1039 987 1569
10585 4 2 16 28 1050 1051 977 1527
10586 4 2 16 28 1014 1108 1621 1015
10587 4 2 16 28 1026 1027 1098 1583
10588 4 2 16 28 898 899 1583 1066
10589 4 2 16 28 923 922 849 1527
10590 4 2 16 28 911 910 859 1569
10591 4 2 16 28 887 886 1076 1621
10592 4 2 16 28 2484 2101 2295 2199
10593 4 2 16 28 2155 2331 575 2332
10594 4 2 16 28 2119 2518 2400 2330
10595 4 2 16 28 2731 2595 3673 3754
10596 4 2 16 28 245 241 1309 3684
10597 4 2 16 28 1601 825 826 3747
10598 4 2 16 28 2195 623 622 3440
10599 4 2 16 28 2381 2234 2132 3683
10600 4 2 16 28 870 1646 2276 1002
10601 4 2 16 28 951 2199 124 1599
10602 4 2 16 28 2103 218 3665 3691
10603 4 2 16 28 2142 3490 2238 2262
10604 4 2 16 28 2592 2711 2357 2233
10605 4 2 16 28 2266 2100 2133 3660
10606 4 2 16 28 3374 1277 215 3700
10607 4 2 16 28 3407 238 1300 3699
10608 4 2 16 28 2222 1029 2246 2138
10609 4 2 16 28 2319 648 649 3749
10610 4 2 16 28 2409 2809 558 2202
10611 4 2 16 28 2331 2293 577 2332
10612 4 2 16 28 3428 2324 2181 3655
10613 4 2 16 28 2204 1184 1167 1168
10614 4 2 16 28 2214 3531 601 602
10615 4 2 16 28 2459 2087 2693 2293
10616 4 2 16 28 2164 2336 2538 3707
10617 4 2 16 28 2806 2805 490 489
10618 4 2 16 28 2078 2707 2298 2578
10619 4 2 16 28 917 918 853 1538
10620 4 2 16 28 893 894 1070 1587
10621 4 2 16 28 1046 1045 1538 981
10622 4 2 16 28 942 943 2131 1562
10623 4 2 16 28 2621 15 14 3679
10624 4 2 16 28 923 924 1524 848
10625 4 2 16 28 1027 1028 1097 1580
10626 4 2 16 28 899 900 1580 1065
10627 4 2 16 28 912 911 858 1566
10628 4 2 16 28 1052 1051 1524 976
10629 4 2 16 28 1016 1015 1618 1107
10630 4 2 16 28 1040 1039 1566 986
10631 4 2 16 28 888 887 1075 1618
10632 4 2 16 28 2537 2410 495 1396
10633 4 2 16 28 24 3684 3654 3750
10634 4 2 16 28 2634 3672 3651 3744
10635 4 2 16 28 3410 3651 1055 3746
10636 4 2 16 28 2144 1201 1181 1182
10637 4 2 16 28 610 609 2203 3697
10638 4 2 16 28 2332 2293 577 2456
10639 4 2 16 28 2337 660 2142 2235
10640 4 2 16 28 2573 2429 255 256
10641 4 2 16 28 279 62 1343 2408
10642 4 2 16 28 2084 2651 2789 2364
10643 4 2 16 28 2126 772 2664 2565
10644 4 2 16 28 2357 2764 2113 2077
10645 4 2 16 28 2113 2357 2747 2584
10646 4 2 16 28 2345 63 2319 3438
10647 4 2 16 28 1337 1401 1467 2418
10648 4 2 16 28 3433 2082 635 3541
10649 4 2 16 28 2381 2352 2234 3683
10650 4 2 16 28 1738 1115 2108 1116
10651 4 2 16 28 26 883 1078 3669
10652 4 2 16 28 2691 2468 2089 2663
10653 4 2 16 28 2470 2630 2693 2285
10654 4 2 16 28 823 96 117 3739
10655 4 2 16 28 1403 2679 311 2678
10656 4 2 16 28 2300 3455 728 3548
10657 4 2 16 28 632 3670 631 3704
10658 4 2 16 28 3556 2319 2333 3748
10659 4 2 16 28 3363 234 235 2260
10660 4 2 16 28 2088 816 1558 3711
10661 4 2 16 28 3370 208 207 3670
10662 4 2 16 28 2596 2267 2080 2231
10663 4 2 16 28 1081 3661 3662 3680
10664 4 2 16 28 3652 3662 3661 3742
10665 4 2 16 28 2411 2206 2304 2490
10666 4 2 16 28 107 2254 149 3709
10667 4 2 16 28 218 3304 2092 3767
10668 4 2 16 28 1054 2106 2271 2270
10669 4 2 16 28 3357 1067 3726 3727
10670 4 2 16 28 335 336 1372 2521
10671 4 2 16 28 1331 1342 1459 2506
10672 4 2 16 28 2238 2762 2097 2110
10673 4 2 16 28 1645 873 872 3685
10674 4 2 16 28 2529 2595 2357 3654
10675 4 2 16 28 3556 3426 2319 3748
10676 4 2 16 28 2462 2842 2843 400
10677 4 2 16 28 698 2279 3482 3534
10678 4 2 16 28 1033 2093 1489 2281
10679 4 2 16 28 1280 2440 2666 1279
10680 4 2 16 28 2185 293 294 3486
10681 4 2 16 28 2164 2651 2285 2084
10682 4 2 16 28 2459 2165 2581 2297
10683 4 2 16 28 149 1056 12 3709
10684 4 2 16 28 2470 2630 2285 2651
10685 4 2 16 28 2266 3731 3660 3737
10686 4 2 16 28 761 760 2203 3687
10687 4 2 16 28 3317 873 852 3721
10688 4 2 16 28 2099 2232 2356 1123
10689 4 2 16 28 89 791 102 3740
10690 4 2 16 28 2155 572 2303 2285
10691 4 2 16 28 2819 2770 2297 2166
10692 4 2 16 28 429 430 2653 2795
10693 4 2 16 28 905 3313 227 906
10694 4 2 16 28 959 2178 2226 3756
10695 4 2 16 28 2095 2279 2312 297
10696 4 2 16 28 964 836 2350 1613
10697 4 2 16 28 229 238 3705 3751
10698 4 2 16 28 902 117 155 3739
10699 4 2 16 28 751 2082 3539 3433
10700 4 2 16 28 822 3650 95 3700
10701 4 2 16 28 96 3649 817 3699
10702 4 2 16 28 134 135 152 1678
10703 4 2 16 28 2830 919 920 3712
10704 4 2 16 28 2575 95 2369 3650
10705 4 2 16 28 2133 2254 1676 3737
10706 4 2 16 28 2307 2086 677 676
10707 4 2 16 28 2098 2230 2231 2505
10708 4 2 16 28 2190 304 303 2478
10709 4 2 16 28 1114 2213 1107 2280
10710 4 2 16 28 1072 3727 3674 3752
10711 4 2 16 28 302 272 2478 303
10712 4 2 16 28 2085 2365 2819 2644
10713 4 2 16 28 2770 2166 2819 3702
10714 4 2 16 28 759 2203 760 3687
10715 4 2 16 28 1611 837 838 3689
10716 4 2 16 28 2212 937 806 1548
10717 4 2 16 28 2203 609 3453 608
10718 4 2 16 28 785 2119 2329 3755
10719 4 2 16 28 843 87 1477 3719
10720 4 2 16 28 2579 2381 2762 3683
10721 4 2 16 28 2770 3675 2116 3702
10722 4 2 16 28 758 759 2667 3687
10723 4 2 16 28 3466 3509 607 3760
10724 4 2 16 28 1195 2150 2692 2413
10725 4 2 16 28 2511 3686 2398 3708
10726 4 2 16 28 1740 3661 2321 3742
10727 4 2 16 28 2078 623 2195 3697
10728 4 2 16 28 2770 2116 2367 2297
10729 4 2 16 28 2139 1175 1194 2500
10730 4 2 16 28 2369 2493 2694 3711
10731 4 2 16 28 2312 2384 2635 2491
10732 4 2 16 28 728 729 3455 2300
10733 4 2 16 28 3658 3729 1091 3730
10734 4 2 16 28 230 237 3751 3772
10735 4 2 16 28 232 3764 235 3767
10736 4 2 16 28 1631 168 160 1624
10737 4 2 16 28 2274 235 2260 3767
10738 4 2 16 28 234 233 3763 3764
10739 4 2 16 28 2313 2165 2329 584
10740 4 2 16 28 91 796 3653 3693
10741 4 2 16 28 2199 2295 2484 2083
10742 4 2 16 28 397 1346 1448 2654
10743 4 2 16 28 2226 3756 2635 3757
10744 4 2 16 28 2265 1673 994 866
10745 4 2 16 28 606 3466 607 3760
10746 4 2 16 28 2459 2087 2293 2297
10747 4 2 16 28 2629 2460 1436 331
10748 4 2 16 28 2260 2326 11 3741
10749 4 2 16 28 1405 278 2808 1351
10750 4 2 16 28 1636 1007 879 3673
10751 4 2 16 28 2285 2087 2332 2693
10752 4 2 16 28 2532 713 714 2179
10753 4 2 16 28 2477 412 2387 688
10754 4 2 16 28 2635 2226 3732 3756
10755 4 2 16 28 12 1056 3672 3709
10756 4 2 16 28 2513 2648 1361 1452
10757 4 2 16 28 873 3336 852 3721
10758 4 2 16 28 2399 3649 1300 3774
10759 4 2 16 28 2199 2273 3649 3690
10760 4 2 16 28 2428 3703 2394 3776
10761 4 2 16 28 1102 1101 2314 1687
10762 4 2 16 28 1615 3689 2351 3718
10763 4 2 16 28 2185 3535 293 3486
10764 4 2 16 28 168 1624 1011 1725
10765 4 2 16 28 2099 1098 1097 1688
10766 4 2 16 28 2254 1058 1680 3709
10767 4 2 16 28 2231 2168 2292 2704
10768 4 2 16 28 2286 1507 1021 1020
10769 4 2 16 28 150 107 135 2254
10770 4 2 16 28 149 107 150 2254
10771 4 2 16 28 2351 2350 964 1615
10772 4 2 16 28 2268 2644 2085 2241
10773 4 2 16 28 2125 2274 237 3649
10774 4 2 16 28 2608 2634 3672 3709
10775 4 2 16 28 3351 1092 1091 3729
10776 4 2 16 28 2506 2759 65 1342
10777 4 2 16 28 2326 3670 11 3741
10778 4 2 16 28 1177 1178 2318 1196
10779 4 2 16 28 3535 2317 703 2185
10780 4 2 16 28 1337 249 1401 2781
10781 4 2 16 28 764 2127 763 3760
10782 4 2 16 28 2098 2656 2505 3686
10783 4 2 16 28 2595 2077 2764 2357
10784 4 2 16 28 1740 1079 3661 3742
10785 4 2 16 28 1671 866 867 3731
10786 4 2 16 28 3453 760 3503 2203
10787 4 2 16 28 2850 2734 1277 3771
10788 4 2 16 28 2142 3537 2337 2238
10789 4 2 16 28 4 3655 2208 3682
10790 4 2 16 28 107 3660 6 3737
10791 4 2 16 28 10 5 206 3720
10792 4 2 16 28 2275 2123 2340 1010
10793 4 2 16 28 2579 3652 2690 3669
10794 4 2 16 28 2381 2492 2234 3689
10795 4 2 16 28 48 51 47 3361
10796 4 2 16 28 59 55 56 3299
10797 4 2 16 28 2341 1690 1097 2222
10798 4 2 16 28 2815 2526 2385 428
10799 4 2 16 28 627 3369 205 3720
10800 4 2 16 28 2162 1557 939 3753
10801 4 2 16 28 1083 3662 2593 3680
10802 4 2 16 28 2266 2233 2100 3660
10803 4 2 16 28 41 37 26 1079
10804 4 2 16 28 2536 2424 2298 2694
10805 4 2 16 28 302 272 271 2478
10806 4 2 16 28 2703 118 2575 3667
10807 4 2 16 28 2147 1602 956 828
10808 4 2 16 28 2461 2555 1426 1378
10809 4 2 16 28 2117 2154 2241 2571
10810 4 2 16 28 999 2306 1645 1000
10811 4 2 16 28 1186 2322 1170 1169
10812 4 2 16 28 1716 3698 1119 3762
10813 4 2 16 28 160 113 1631 1624
10814 4 2 16 28 1631 141 168 1624
10815 4 2 16 28 2348 636 2292 2082
10816 4 2 16 28 277 1408 276 2695
10817 4 2 16 28 611 612 2684 3697
10818 4 2 16 28 235 2101 2260 3741
10819 4 2 16 28 2285 2164 2087 2470
10820 4 2 16 28 1571 155 156 1579
10821 4 2 16 28 105 133 1564 1572
10822 4 2 16 28 814 3711 3692 3735
10823 4 2 16 28 27 247 882 113
10824 4 2 16 28 23 245 843 101
10825 4 2 16 28 13 244 2395 3758
10826 4 2 16 28 2180 3425 790 2288
10827 4 2 16 28 104 132 1536 1565
10828 4 2 16 28 1617 166 158 1585
10829 4 2 16 28 1578 157 165 1586
10830 4 2 16 28 1537 131 103 1522
10831 4 2 16 28 608 3759 607 3760
10832 4 2 16 28 2731 926 3653 3738
10833 4 2 16 28 557 2202 2517 556
10834 4 2 16 28 2658 2372 2117 2571
10835 4 2 16 28 2279 2150 2817 697
10836 4 2 16 28 329 1388 1442 2533
10837 4 2 16 28 2508 2463 1353 451
10838 4 2 16 28 2262 2156 2604 666
10839 4 2 16 28 862 3376 213 3745
10840 4 2 16 28 296 3493 2279 2185
10841 4 2 16 28 2394 3702 2819 3776
10842 4 2 16 28 448 1445 2807 2742
10843 4 2 16 28 1561 812 2111 3753
10844 4 2 16 28 879 2731 846 3664
10845 4 2 16 28 2326 5 2208 3763
10846 4 2 16 28 955 1602 2147 3686
10847 4 2 16 28 811 3714 812 3753
10848 4 2 16 28 2144 2195 726 725
10849 4 2 16 28 1078 160 1725 884
10850 4 2 16 28 2797 2741 2398 3726
10851 4 2 16 28 897 1067 157 3727
10852 4 2 16 28 2644 592 353 593
10853 4 2 16 28 1558 95 123 2088
10854 4 2 16 28 2177 1718 1088 3762
10855 4 2 16 28 3409 3704 1296 3741
10856 4 2 16 28 206 207 10 3720
10857 4 2 16 28 1715 2177 1118 1088
10858 4 2 16 28 109 1643 1669 3656
10859 4 2 16 28 110 1637 1642 3659
10860 4 2 16 28 1120 1716 1086 3698
10861 4 2 16 28 818 949 1555 2125
10862 4 2 16 28 1171 2614 2163 182
10863 4 2 16 28 2505 2704 2574 2231
10864 4 2 16 28 2248 961 2134 962
10865 4 2 16 28 731 2811 2558 2812
10866 4 2 16 28 1191 2171 1174 1173
10867 4 2 16 28 895 3696 3728 3761
10868 4 2 16 28 25 26 37 1079
10869 4 2 16 28 699 3488 2279 698
10870 4 2 16 28 2534 683 2610 3748
10871 4 2 16 28 2119 2400 2616 3755
10872 4 2 16 28 2102 3717 2380 3732
10873 4 2 16 28 2209 2104 2265 995
10874 4 2 16 28 611 3697 610 3777
10875 4 2 16 28 2164 2701 2538 2470
10876 4 2 16 28 158 1068 163 3761
10877 4 2 16 28 2574 2168 2267 2231
10878 4 2 16 28 3313 226 3302 905
10879 4 2 16 28 3313 3364 227 906
10880 4 2 16 28 1637 875 1003 2261
10881 4 2 16 28 2323 2193 722 721
10882 4 2 16 28 2200 1119 1120 3698
10883 4 2 16 28 11 2326 10 3670
10884 4 2 16 28 1643 2294 1669 3656
10885 4 2 16 28 2240 2117 2241 3776
10886 4 2 16 28 2808 2408 279 1405
10887 4 2 16 28 1401 1337 2781 2418
10888 4 2 16 28 883 159 1623 1726
10889 4 2 16 28 124 96 2199 2273
10890 4 2 16 28 2732 748 2223 2215
10891 4 2 16 28 998 2287 2160 999
10892 4 2 16 28 2222 2137 2246 953
10893 4 2 16 28 2456 2293 2459 2693
10894 4 2 16 28 2703 2493 2369 3711
10895 4 2 16 28 2596 2429 287 2574
10896 4 2 16 28 1365 466 467 2370
10897 4 2 16 28 2827 1370 2479 415
10898 4 2 16 28 2297 2515 2770 2819
10899 4 2 16 28 117 155 1571 1579
10900 4 2 16 28 133 146 1564 1572
10901 4 2 16 28 156 145 1571 1579
10902 4 2 16 28 1564 118 105 1572
10903 4 2 16 28 2614 1171 1188 182
10904 4 2 16 28 2819 2241 2644 2428
10905 4 2 16 28 1536 119 104 1565
10906 4 2 16 28 158 115 1617 1585
10907 4 2 16 28 165 144 1578 1586
10908 4 2 16 28 1536 132 147 1565
10909 4 2 16 28 1537 148 131 1522
10910 4 2 16 28 1617 143 166 1585
10911 4 2 16 28 1578 116 157 1586
10912 4 2 16 28 1537 103 120 1522
10913 4 2 16 28 2515 2367 2459 2297
10914 4 2 16 28 2694 2298 2536 2328
10915 4 2 16 28 2800 2606 338 339
10916 4 2 16 28 2111 2162 2283 939
10917 4 2 16 28 2326 2182 2181 3427
10918 4 2 16 28 2807 1340 395 1445
10919 4 2 16 28 2209 994 995 2265
10920 4 2 16 28 3353 2593 1083 3662
10921 4 2 16 28 2824 2330 2518 2128
10922 4 2 16 28 2610 409 2477 685
10923 4 2 16 28 825 3310 3708 3743
10924 4 2 16 28 3465 2320 3510 2190
10925 4 2 16 28 2395 2701 2538 3693
10926 4 2 16 28 357 596 2372 356
10927 4 2 16 28 773 2126 2315 2565
10928 4 2 16 28 2583 2684 625 3697
10929 4 2 16 28 2317 291 290 2080
10930 4 2 16 28 1532 804 2159 3702
10931 4 2 16 28 1632 112 882 3750
10932 4 2 16 28 1002 2239 979 1511
10933 4 2 16 28 1614 839 2352 3689
10934 4 2 16 28 2193 2078 2195 3697
10935 4 2 16 28 3543 2195 622 3440
10936 4 2 16 28 2731 3653 2538 3738
10937 4 2 16 28 2098 2230 2656 3686
10938 4 2 16 28 10 3655 5 3720
10939 4 2 16 28 2287 998 2160 2302
10940 4 2 16 28 871 3678 2584 3722
10941 4 2 16 28 606 3520 3466 3760
10942 4 2 16 28 2302 2294 137 998
10943 4 2 16 28 2086 2313 581 580
10944 4 2 16 28 1015 1016 1487 2120
10945 4 2 16 28 2298 2090 2300 618
10946 4 2 16 28 2273 124 1550 950
10947 4 2 16 28 2365 2819 2515 2085
10948 4 2 16 28 812 1563 2111 3692
10949 4 2 16 28 353 352 592 2644
10950 4 2 16 28 2275 140 112 3695
10951 4 2 16 28 743 2183 742 2130
10952 4 2 16 28 2164 2470 2538 2336
10953 4 2 16 28 2819 2166 2241 3776
10954 4 2 16 28 2126 2206 2371 769
10955 4 2 16 28 1110 1012 167 1726
10956 4 2 16 28 3549 2300 3460 2090
10957 4 2 16 28 2431 2084 2701 3647
10958 4 2 16 28 2398 3686 2656 3752
10959 4 2 16 28 1631 160 168 1741
10960 4 2 16 28 2244 1593 957 834
10961 4 2 16 28 2145 730 729 2300
10962 4 2 16 28 601 3531 2214 3483
10963 4 2 16 28 2323 2144 2677 2416
10964 4 2 16 28 2216 2327 944 1037
10965 4 2 16 28 1589 895 1068 896
10966 4 2 16 28 920 851 919 1540
10967 4 2 16 28 1043 1044 983 1540
10968 4 2 16 28 1104 1020 1589 1019
10969 4 2 16 28 1072 892 1588 891
10970 4 2 16 28 855 915 916 1539
10971 4 2 16 28 167 159 1623 1616
10972 4 2 16 28 2123 971 2347 2187
10973 4 2 16 28 2328 2298 2536 2103
10974 4 2 16 28 2181 2326 3422 3655
10975 4 2 16 28 1037 1038 988 1567
10976 4 2 16 28 860 909 1567 910
10977 4 2 16 28 850 921 1525 922
10978 4 2 16 28 1077 886 885 1619
10979 4 2 16 28 1067 1581 898 897
10980 4 2 16 28 901 1063 902 1582
10981 4 2 16 28 1041 1042 984 1568
10982 4 2 16 28 1017 1018 1105 1620
10983 4 2 16 28 856 914 913 1568
10984 4 2 16 28 974 1054 1526 1053
10985 4 2 16 28 890 1620 889 1073
10986 4 2 16 28 1526 926 846 925
10987 4 2 16 28 2237 2161 2283 1042
10988 4 2 16 28 2224 606 2791 3759
10989 4 2 16 28 883 3648 842 3669
10990 4 2 16 28 3370 3413 629 3778
10991 4 2 16 28 2188 127 99 3683
10992 4 2 16 28 2459 2293 2448 2165
10993 4 2 16 28 2368 2468 2493 2289
10994 4 2 16 28 2082 2310 633 634
10995 4 2 16 28 2395 3653 2731 3664
10996 4 2 16 28 2357 2608 2592 2233
10997 4 2 16 28 2804 2559 471 472
10998 4 2 16 28 2729 2498 443 72
10999 4 2 16 28 2705 2428 2658 3710
11000 4 2 16 28 2306 999 1645 3685
11001 4 2 16 28 2241 2428 2117 2571
11002 4 2 16 28 3542 2193 2195 624
11003 4 2 16 28 159 3354 1078 3681
11004 4 2 16 28 2770 2394 3675 3702
11005 4 2 16 28 899 1066 898 3726
11006 4 2 16 28 2100 2608 3672 3709
11007 4 2 16 28 2555 334 1419 2521
11008 4 2 16 28 2771 2245 2235 2617
11009 4 2 16 28 2802 2625 485 484
11010 4 2 16 28 817 3739 3699 3746
11011 4 2 16 28 2850 3771 1278 3773
11012 4 2 16 28 962 2349 126 143
11013 4 2 16 28 2116 2166 2770 3702
11014 4 2 16 28 3369 630 3388 3778
11015 4 2 16 28 2484 2363 2511 2083
11016 4 2 16 28 670 2264 2392 671
11017 4 2 16 28 718 83 2622 2176
11018 4 2 16 28 1480 793 973 794
11019 4 2 16 28 892 2719 1072 3674
11020 4 2 16 28 2549 2480 1444 1335
11021 4 2 16 28 2536 2369 2103 3691
11022 4 2 16 28 3432 3424 2193 3688
11023 4 2 16 28 762 2127 2204 3687
11024 4 2 16 28 206 3496 207 3720
11025 4 2 16 28 2077 2233 2266 2357
11026 4 2 16 28 845 101 85 1627
11027 4 2 16 28 972 86 129 1627
11028 4 2 16 28 43 39 246 3345
11029 4 2 16 28 33 29 248 3346
11030 4 2 16 28 2619 2190 2682 2081
11031 4 2 16 28 172 2148 1121 3658
11032 4 2 16 28 1074 2593 3353 3666
11033 4 2 16 28 1392 499 1441 2564
11034 4 2 16 28 278 279 1405 2808
11035 4 2 16 28 908 117 155 1571
11036 4 2 16 28 1036 146 133 1572
11037 4 2 16 28 156 145 1031 1571
11038 4 2 16 28 118 105 1572 903
11039 4 2 16 28 158 115 1585 896
11040 4 2 16 28 920 119 104 1536
11041 4 2 16 28 1048 148 131 1537
11042 4 2 16 28 1024 144 165 1586
11043 4 2 16 28 915 103 120 1537
11044 4 2 16 28 116 157 1586 891
11045 4 2 16 28 1706 1094 2355 3672
11046 4 2 16 28 2085 2819 2297 2166
11047 4 2 16 28 622 621 2195 3543
11048 4 2 16 28 167 142 1013 1616
11049 4 2 16 28 885 114 159 1616
11050 4 2 16 28 1523 89 102 926
11051 4 2 16 28 909 118 105 1564
11052 4 2 16 28 117 155 1579 902
11053 4 2 16 28 1030 145 156 1579
11054 4 2 16 28 2124 2707 2298 2078
11055 4 2 16 28 2120 2213 2280 1107
11056 4 2 16 28 144 165 1578 1025
11057 4 2 16 28 1522 103 120 921
11058 4 2 16 28 897 116 157 1578
11059 4 2 16 28 119 104 1565 914
11060 4 2 16 28 158 115 890 1617
11061 4 2 16 28 1042 147 132 1565
11062 4 2 16 28 812 3735 3714 3736
11063 4 2 16 28 3492 631 632 3670
11064 4 2 16 28 2184 706 707 2317
11065 4 2 16 28 78 2671 1281 630
11066 4 2 16 28 2202 3524 2337 2235
11067 4 2 16 28 1300 2399 2734 1301
11068 4 2 16 28 2079 2101 3646 3741
11069 4 2 16 28 2217 2165 2297 2581
11070 4 2 16 28 3348 3706 1087 3728
11071 4 2 16 28 2180 2713 788 3755
11072 4 2 16 28 830 829 1595 3732
11073 4 2 16 28 1096 2341 2222 1690
11074 4 2 16 28 130 102 1523 1479
11075 4 2 16 28 2135 2277 1105 1018
11076 4 2 16 28 2690 838 3666 3689
11077 4 2 16 28 815 2703 816 3711
11078 4 2 16 28 1726 1625 883 1078
11079 4 2 16 28 1110 1011 1625 1725
11080 4 2 16 28 1371 2393 2839 2503
11081 4 2 16 28 1529 927 2247 3707
11082 4 2 16 28 713 3442 714 2179
11083 4 2 16 28 2238 2737 2337 2097
11084 4 2 16 28 1741 168 1010 2340
11085 4 2 16 28 31 30 22 3307
11086 4 2 16 28 3656 3712 874 3721
11087 4 2 16 28 2208 2103 3665 3682
11088 4 2 16 28 2464 2611 402 403
11089 4 2 16 28 2105 2239 2305 934
11090 4 2 16 28 2180 787 3435 3562
11091 4 2 16 28 12 48 1059 3347
11092 4 2 16 28 2087 2297 2367 2116
11093 4 2 16 28 2122 2321 2301 3654
11094 4 2 16 28 2774 2633 2484 2295
11095 4 2 16 28 940 939 1561 2111
11096 4 2 16 28 1175 2139 2251 2500
11097 4 2 16 28 1574 903 1036 1661
11098 4 2 16 28 908 1031 1683 1575
11099 4 2 16 28 846 2731 3340 3725
11100 4 2 16 28 2592 3706 2836 3761
11101 4 2 16 28 827 2398 828 3686
11102 4 2 16 28 2608 2100 2233 3660
11103 4 2 16 28 2371 2126 2664 2411
11104 4 2 16 28 103 3678 915 3703
11105 4 2 16 28 810 93 3703 3776
11106 4 2 16 28 2138 2355 1125 1697
11107 4 2 16 28 2133 2266 3660 3737
11108 4 2 16 28 611 2482 610 3697
11109 4 2 16 28 833 2719 832 3757
11110 4 2 16 28 3309 912 3733 3735
11111 4 2 16 28 2290 1005 1495 1006
11112 4 2 16 28 2293 2087 2693 2332
11113 4 2 16 28 1036 1572 133 1661
11114 4 2 16 28 903 105 1572 1661
11115 4 2 16 28 155 1683 908 1571
11116 4 2 16 28 1031 1683 156 1571
11117 4 2 16 28 834 116 891 3752
11118 4 2 16 28 2384 2623 266 265
11119 4 2 16 28 2082 3433 634 3539
11120 4 2 16 28 1069 3728 3706 3761
11121 4 2 16 28 2534 2610 2251 3748
11122 4 2 16 28 2357 2301 2077 2233
11123 4 2 16 28 3315 3722 918 3723
11124 4 2 16 28 1434 268 2814 1389
11125 4 2 16 28 613 2324 3655 3682
11126 4 2 16 28 1112 2189 1696 1109
11127 4 2 16 28 403 402 1366 2611
11128 4 2 16 28 108 861 105 3667
11129 4 2 16 28 3488 2279 698 3534
11130 4 2 16 28 2116 2166 2297 2770
11131 4 2 16 28 2376 387 78 627
11132 4 2 16 28 2734 1300 1299 3774
11133 4 2 16 28 2319 2170 3438 3556
11134 4 2 16 28 828 3727 116 3752
11135 4 2 16 28 2274 2101 2260 235
11136 4 2 16 28 3442 3561 714 2179
11137 4 2 16 28 2658 2428 2117 3710
11138 4 2 16 28 2286 1021 1103 1020
11139 4 2 16 28 2582 381 2578 382
11140 4 2 16 28 1740 2136 2321 3661
11141 4 2 16 28 462 2599 735 2420
11142 4 2 16 28 691 2320 2139 690
11143 4 2 16 28 1112 2258 2136 2121
11144 4 2 16 28 1175 183 1193 2252
11145 4 2 16 28 327 1394 2451 328
11146 4 2 16 28 2182 2338 3546 2326
11147 4 2 16 28 22 30 21 3307
11148 4 2 16 28 2295 2338 642 2183
11149 4 2 16 28 1683 1060 155 908
11150 4 2 16 28 1683 156 1062 1031
11151 4 2 16 28 133 1036 1661 989
11152 4 2 16 28 1661 903 105 861
11153 4 2 16 28 2122 2172 2174 3695
11154 4 2 16 28 1327 67 1334 2615
11155 4 2 16 28 2584 2357 2764 2113
11156 4 2 16 28 2119 785 2400 3755
11157 4 2 16 28 2649 1373 1428 2553
11158 4 2 16 28 18 1313 17 3681
11159 4 2 16 28 2084 2229 2701 3647
11160 4 2 16 28 3439 2348 2223 2082
11161 4 2 16 28 2173 2764 3659 3724
11162 4 2 16 28 2220 955 2167 1026
11163 4 2 16 28 2610 2333 2251 3748
11164 4 2 16 28 2298 2090 2536 2103
11165 4 2 16 28 3442 2179 2310 3497
11166 4 2 16 28 2358 2482 2583 3697
11167 4 2 16 28 2124 2111 3692 3714
11168 4 2 16 28 901 3324 824 3743
11169 4 2 16 28 1069 3349 3706 3728
11170 4 2 16 28 2082 64 2325 3429
11171 4 2 16 28 2731 3724 2595 3754
11172 4 2 16 28 1635 880 1009 3695
11173 4 2 16 28 3421 3655 3422 3670
11174 4 2 16 28 2218 2658 2212 2117
11175 4 2 16 28 126 962 1592 2343
11176 4 2 16 28 2596 2230 2080 2656
11177 4 2 16 28 856 3713 3712 3736
11178 4 2 16 28 2363 2098 2505 2511
11179 4 2 16 28 2517 2768 315 2765
11180 4 2 16 28 2515 2459 2581 2297
11181 4 2 16 28 2562 2645 1365 1453
11182 4 2 16 28 2484 2363 2083 2633
11183 4 2 16 28 860 909 2703 3667
11184 4 2 16 28 1426 526 2461 1378
11185 4 2 16 28 2176 1198 2426 184
11186 4 2 16 28 811 3713 914 3736
11187 4 2 16 28 2089 2212 2368 2658
11188 4 2 16 28 2592 3674 2836 3706
11189 4 2 16 28 994 2209 995 1494
11190 4 2 16 28 2292 2083 2633 2348
11191 4 2 16 28 2201 126 98 2343
11192 4 2 16 28 3313 227 226 905
11193 4 2 16 28 2606 2456 578 2293
11194 4 2 16 28 842 1608 2188 3671
11195 4 2 16 28 1717 1120 1086 3698
11196 4 2 16 28 2098 3686 2511 3747
11197 4 2 16 28 2381 2690 2492 3689
11198 4 2 16 28 75 2180 3435 2313
11199 4 2 16 28 1511 2157 980 1001
11200 4 2 16 28 245 1309 112 3684
11201 4 2 16 28 2780 2779 2402 436
11202 4 2 16 28 2679 2749 1341 1457
11203 4 2 16 28 2231 2230 2596 2656
11204 4 2 16 28 3561 3431 715 2179
11205 4 2 16 28 2273 817 1550 3649
11206 4 2 16 28 1633 1009 880 3695
11207 4 2 16 28 614 2376 2757 3682
11208 4 2 16 28 832 2719 3332 3728
11209 4 2 16 28 2540 2747 2266 2357
11210 4 2 16 28 2372 2089 2117 2154
11211 4 2 16 28 72 754 2729 83
11212 4 2 16 28 1637 2261 1642 3659
11213 4 2 16 28 311 312 1403 2678
11214 4 2 16 28 1623 142 167 1616
11215 4 2 16 28 159 114 1623 1616
11216 4 2 16 28 2288 2313 3436 2086
11217 4 2 16 28 387 78 68 2376
11218 4 2 16 28 3322 801 800 3738
11219 4 2 16 28 2259 2161 2294 997
11220 4 2 16 28 3 864 863 3737
11221 4 2 16 28 2315 777 2128 2268
11222 4 2 16 28 688 2170 3445 2320
11223 4 2 16 28 2165 2459 2293 2297
11224 4 2 16 28 943 2216 1501 2131
11225 4 2 16 28 2095 2312 2102 2491
11226 4 2 16 28 3365 238 2125 3705
11227 4 2 16 28 3496 206 3369 3720
11228 4 2 16 28 967 2263 2352 1612
11229 4 2 16 28 2528 2652 422 423
11230 4 2 16 28 2233 2227 2100 3730
11231 4 2 16 28 376 375 1455 2516
11232 4 2 16 28 731 730 2145 2300
11233 4 2 16 28 735 462 2420 734
11234 4 2 16 28 2275 3684 112 3750
11235 4 2 16 28 33 85 3346 87
11236 4 2 16 28 2505 2098 2083 2231
11237 4 2 16 28 2456 2293 2693 2332
11238 4 2 16 28 21 30 34 3307
11239 4 2 16 28 2570 2571 356 2372
11240 4 2 16 28 2707 2298 2424 2694
11241 4 2 16 28 1564 146 118 1572
11242 4 2 16 28 120 148 1537 1522
11243 4 2 16 28 1578 144 116 1586
11244 4 2 16 28 147 119 1536 1565
11245 4 2 16 28 115 143 1617 1585
11246 4 2 16 28 1571 145 117 1579
11247 4 2 16 28 316 317 1367 2768
11248 4 2 16 28 2719 3674 2797 3727
11249 4 2 16 28 826 3708 3310 3726
11250 4 2 16 28 1374 2840 432 433
11251 4 2 16 28 2477 687 2170 686
11252 4 2 16 28 2232 2099 2227 1123
11253 4 2 16 28 149 12 9 3709
11254 4 2 16 28 3535 292 2317 2185
11255 4 2 16 28 1024 1586 165 1719
11256 4 2 16 28 1720 1585 166 1019
11257 4 2 16 28 1648 920 104 1536
11258 4 2 16 28 1719 1586 157 891
11259 4 2 16 28 1720 158 1585 896
11260 4 2 16 28 1649 1048 131 1537
11261 4 2 16 28 103 915 1649 1537
11262 4 2 16 28 1043 1648 132 1536
11263 4 2 16 28 940 1561 812 2111
11264 4 2 16 28 3431 716 715 2179
11265 4 2 16 28 2579 2762 2431 3671
11266 4 2 16 28 702 2185 2149 701
11267 4 2 16 28 2138 1697 1126 2355
11268 4 2 16 28 2272 2281 1032 949
11269 4 2 16 28 2363 2098 2511 2083
11270 4 2 16 28 2608 2797 2592 3730
11271 4 2 16 28 2176 2325 718 83
11272 4 2 16 28 836 1613 835 3718
11273 4 2 16 28 2431 2110 2084 3647
11274 4 2 16 28 2299 2090 2324 3457
11275 4 2 16 28 2309 2193 3424 3688
11276 4 2 16 28 265 1395 1398 2623
11277 4 2 16 28 1663 909 105 1564
11278 4 2 16 28 1727 167 1013 1616
11279 4 2 16 28 159 1727 885 1616
11280 4 2 16 28 926 102 1523 1655
11281 4 2 16 28 1030 1579 156 1708
11282 4 2 16 28 1708 1579 155 902
11283 4 2 16 28 985 2161 1041 2210
11284 4 2 16 28 1074 3359 2593 3716
11285 4 2 16 28 157 897 1578 1707
11286 4 2 16 28 921 1522 103 1654
11287 4 2 16 28 131 1522 1049 1654
11288 4 2 16 28 1025 165 1578 1707
11289 4 2 16 28 132 1664 1042 1565
11290 4 2 16 28 1728 1018 166 1617
11291 4 2 16 28 104 1664 1565 914
11292 4 2 16 28 890 1728 158 1617
11293 4 2 16 28 1058 2344 2254 150
11294 4 2 16 28 2819 2297 2515 2085
11295 4 2 16 28 2191 2095 2835 2386
11296 4 2 16 28 1355 2613 1415 543
11297 4 2 16 28 509 784 2400 508
11298 4 2 16 28 3702 3703 93 3776
11299 4 2 16 28 3701 3716 98 3717
11300 4 2 16 28 861 989 1574 1662
11301 4 2 16 28 1685 1060 1062 1575
11302 4 2 16 28 2484 2511 2199 2083
11303 4 2 16 28 1073 1084 2593 3761
11304 4 2 16 28 1195 2150 2413 2149
11305 4 2 16 28 2292 2745 2467 2704
11306 4 2 16 28 3662 3680 3661 3742
11307 4 2 16 28 1591 1020 895 1723
11308 4 2 16 28 1047 916 1653 1541
11309 4 2 16 28 1044 919 1542 1652
11310 4 2 16 28 1724 1023 892 1590
11311 4 2 16 28 2589 2408 1405 1343
11312 4 2 16 28 2212 2289 2368 3753
11313 4 2 16 28 2191 2478 2619 2190
11314 4 2 16 28 1723 1020 1589 1104
11315 4 2 16 28 1044 1540 1652 983
11316 4 2 16 28 916 1653 855 1539
11317 4 2 16 28 892 1588 1724 1072
11318 4 2 16 28 1100 1724 1023 1588
11319 4 2 16 28 1540 851 919 1652
11320 4 2 16 28 1539 1653 979 1047
11321 4 2 16 28 1589 895 1723 1068
11322 4 2 16 28 2313 2448 2293 2165
11323 4 2 16 28 859 911 858 3733
11324 4 2 16 28 1034 1660 905 1576
11325 4 2 16 28 1577 1033 1684 906
11326 4 2 16 28 2163 790 2180 2713
11327 4 2 16 28 2812 468 729 467
11328 4 2 16 28 2243 3702 93 3776
11329 4 2 16 28 2731 3677 2764 3724
11330 4 2 16 28 2578 2298 2078 2195
11331 4 2 16 28 1731 1017 889 1622
11332 4 2 16 28 1667 1041 913 1570
11333 4 2 16 28 1053 1658 1528 925
11334 4 2 16 28 1038 1668 910 1569
11335 4 2 16 28 1659 1050 1527 922
11336 4 2 16 28 886 1014 1732 1621
11337 4 2 16 28 1026 898 1583 1712
11338 4 2 16 28 1584 1029 1711 901
11339 4 2 16 28 1658 974 1526 1053
11340 4 2 16 28 1711 1029 1095 1582
11341 4 2 16 28 1526 846 1658 925
11342 4 2 16 28 1620 1017 1731 1105
11343 4 2 16 28 1620 1731 889 1073
11344 4 2 16 28 1063 901 1711 1582
11345 4 2 16 28 984 1667 1041 1568
11346 4 2 16 28 913 1667 856 1568
11347 4 2 16 28 1077 1732 886 1619
11348 4 2 16 28 1659 850 1525 922
11349 4 2 16 28 1712 1026 1581 1099
11350 4 2 16 28 1567 988 1668 1038
11351 4 2 16 28 1581 898 1712 1067
11352 4 2 16 28 1567 860 910 1668
11353 4 2 16 28 2177 1715 1119 3762
11354 4 2 16 28 595 2644 2571 355
11355 4 2 16 28 435 710 2502 434
11356 4 2 16 28 730 3455 2300 3549
11357 4 2 16 28 2621 2395 2731 3664
11358 4 2 16 28 906 907 3334 240
11359 4 2 16 28 904 905 3331 213
11360 4 2 16 28 2330 2329 783 2119
11361 4 2 16 28 359 360 2434 2646
11362 4 2 16 28 2078 2600 2707 2358
11363 4 2 16 28 2263 840 968 1610
11364 4 2 16 28 2669 2387 412 413
11365 4 2 16 28 697 2282 2150 696
11366 4 2 16 28 2635 2384 2312 2638
11367 4 2 16 28 3435 788 2180 3555
11368 4 2 16 28 2264 2392 672 2790
11369 4 2 16 28 547 1341 1469 2749
11370 4 2 16 28 708 2841 707 2184
11371 4 2 16 28 2619 2234 2639 2492
11372 4 2 16 28 2694 2707 2298 2124
11373 4 2 16 28 2768 2517 315 316
11374 4 2 16 28 756 481 2452 757
11375 4 2 16 28 2848 2399 1302 1301
11376 4 2 16 28 2428 2241 2644 2571
11377 4 2 16 28 462 2599 2377 735
11378 4 2 16 28 3692 3714 812 3735
11379 4 2 16 28 2325 3553 3431 2179
11380 4 2 16 28 237 3649 2274 3690
11381 4 2 16 28 979 1649 855 1539
11382 4 2 16 28 1588 1719 1100 1072
11383 4 2 16 28 1104 1720 1589 1068
11384 4 2 16 28 983 1540 851 1648
11385 4 2 16 28 2319 63 2169 3437
11386 4 2 16 28 1606 2187 100 128
11387 4 2 16 28 1414 2669 2474 1358
11388 4 2 16 28 892 3332 2719 3728
11389 4 2 16 28 1089 163 1068 3761
11390 4 2 16 28 2596 2656 2080 2360
11391 4 2 16 28 2123 128 141 971
11392 4 2 16 28 2633 2083 2484 2295
11393 4 2 16 28 862 1660 990 1576
11394 4 2 16 28 1684 1061 1577 1059
11395 4 2 16 28 2350 1615 2351 3718
11396 4 2 16 28 1105 1620 1728 1073
11397 4 2 16 28 1063 1095 1708 1582
11398 4 2 16 28 1664 856 984 1568
11399 4 2 16 28 1526 1655 974 846
11400 4 2 16 28 1109 1077 1727 1619
11401 4 2 16 28 1067 1099 1581 1707
11402 4 2 16 28 1663 1567 988 860
11403 4 2 16 28 1654 978 850 1525
11404 4 2 16 28 1301 2399 1302 3746
11405 4 2 16 28 2428 2571 2658 2117
11406 4 2 16 28 1308 23 845 3679
11407 4 2 16 28 1041 2161 984 1042
11408 4 2 16 28 1181 2144 2145 2423
11409 4 2 16 28 3357 3727 3726 3729
11410 4 2 16 28 628 387 2376 627
11411 4 2 16 28 2277 2207 2296 171
11412 4 2 16 28 2489 2127 2816 2806
11413 4 2 16 28 481 756 2452 480
11414 4 2 16 28 2193 625 3540 626
11415 4 2 16 28 2122 3654 2595 3695
11416 4 2 16 28 2613 2576 2851 543
11417 4 2 16 28 1626 844 102 791
11418 4 2 16 28 2243 93 121 1543
11419 4 2 16 28 3354 25 1313 3681
11420 4 2 16 28 2578 382 381 621
11421 4 2 16 28 2214 769 2206 2126
11422 4 2 16 28 1060 1055 3651 3746
11423 4 2 16 28 234 235 2260 3741
11424 4 2 16 28 2275 2122 2174 3695
11425 4 2 16 28 2082 2325 752 3429
11426 4 2 16 28 6 3660 107 3709
11427 4 2 16 28 2110 2097 2188 3671
11428 4 2 16 28 2309 719 2323 2453
11429 4 2 16 28 826 825 3708 3747
11430 4 2 16 28 2714 786 2715 3755
11431 4 2 16 28 2090 2103 2324 3682
11432 4 2 16 28 2247 2229 2354 3693
11433 4 2 16 28 2399 1300 2734 3774
11434 4 2 16 28 2239 934 1048 1047
11435 4 2 16 28 3455 729 730 2300
11436 4 2 16 28 948 949 1506 2281
11437 4 2 16 28 2120 2213 1107 1016
11438 4 2 16 28 2511 824 2199 3747
11439 4 2 16 28 2797 1090 3658 3729
11440 4 2 16 28 2275 3684 3654 3695
11441 4 2 16 28 2381 2554 2234 2639
11442 4 2 16 28 804 2394 803 3677
11443 4 2 16 28 2579 2690 2381 3669
11444 4 2 16 28 2529 3654 2711 3680
11445 4 2 16 28 3389 1 2828 1275
11446 4 2 16 28 3464 2202 3511 2346
11447 4 2 16 28 2534 81 2140 2535
11448 4 2 16 28 42 39 3345 38
11449 4 2 16 28 42 39 43 3345
11450 4 2 16 28 36 29 3346 32
11451 4 2 16 28 36 29 33 3346
11452 4 2 16 28 2208 3665 4 3682
11453 4 2 16 28 2554 2390 2097 2737
11454 4 2 16 28 1637 1003 138 2261
11455 4 2 16 28 2324 3545 2181 2299
11456 4 2 16 28 1530 2159 121 932
11457 4 2 16 28 88 797 2347 2175
11458 4 2 16 28 3497 2310 3431 2179
11459 4 2 16 28 2230 2709 2425 2146
11460 4 2 16 28 2201 2835 2102 3717
11461 4 2 16 28 1523 90 130 1479
11462 4 2 16 28 1523 102 89 1479
11463 4 2 16 28 2096 2191 2492 2234
11464 4 2 16 28 2098 2230 2505 2656
11465 4 2 16 28 971 2123 128 2187
11466 4 2 16 28 1302 2848 2634 3651
11467 4 2 16 28 1296 79 3646 3704
11468 4 2 16 28 2289 2212 2368 2089
11469 4 2 16 28 902 823 117 3739
11470 4 2 16 28 2709 2230 2080 2146
11471 4 2 16 28 2241 2117 2428 3776
11472 4 2 16 28 2107 2188 127 969
11473 4 2 16 28 2578 2078 2707 2358
11474 4 2 16 28 2128 2447 2824 778
11475 4 2 16 28 833 892 2719 3752
11476 4 2 16 28 2379 2598 457 458
11477 4 2 16 28 2177 3657 1718 3762
11478 4 2 16 28 2111 3714 2289 3753
11479 4 2 16 28 2167 954 1027 1502
11480 4 2 16 28 3420 3773 1299 3774
11481 4 2 16 28 1298 3773 3420 3774
11482 4 2 16 28 671 2264 2392 672
11483 4 2 16 28 223 3751 216 3772
11484 4 2 16 28 218 3764 221 3767
11485 4 2 16 28 1632 140 112 3750
11486 4 2 16 28 34 31 3307 30
11487 4 2 16 28 31 34 3307 35
11488 4 2 16 28 220 219 3763 3764
11489 4 2 16 28 853 917 854 3722
11490 4 2 16 28 1073 2593 3359 3716
11491 4 2 16 28 247 1315 100 3694
11492 4 2 16 28 648 647 2750 3749
11493 4 2 16 28 160 42 43 3345
11494 4 2 16 28 97 116 834 3752
11495 4 2 16 28 2258 1013 2107 2189
11496 4 2 16 28 2731 3653 926 3664
11497 4 2 16 28 2149 703 2185 702
11498 4 2 16 28 2162 2289 2212 3753
11499 4 2 16 28 793 1626 130 1479
11500 4 2 16 28 2592 3706 3657 3762
11501 4 2 16 28 919 852 1542 1652
11502 4 2 16 28 895 1069 1591 1723
11503 4 2 16 28 1724 1023 1590 1101
11504 4 2 16 28 1541 1653 1047 980
11505 4 2 16 28 1020 1591 1103 1723
11506 4 2 16 28 1542 982 1044 1652
11507 4 2 16 28 1541 916 1653 854
11508 4 2 16 28 1071 1724 892 1590
11509 4 2 16 28 97 125 1600 2147
11510 4 2 16 28 2176 1197 184 2426
11511 4 2 16 28 324 325 2736 2560
11512 4 2 16 28 2399 1300 3649 3699
11513 4 2 16 28 2425 2226 2635 3757
11514 4 2 16 28 2081 2234 2619 2191
11515 4 2 16 28 713 2532 2118 2179
11516 4 2 16 28 2684 2442 66 372
11517 4 2 16 28 1528 975 1658 1053
11518 4 2 16 28 913 857 1667 1570
11519 4 2 16 28 889 1074 1731 1622
11520 4 2 16 28 1029 1096 1584 1711
11521 4 2 16 28 1041 1667 985 1570
11522 4 2 16 28 925 1658 1528 847
11523 4 2 16 28 1017 1731 1106 1622
11524 4 2 16 28 901 1711 1584 1064
11525 4 2 16 28 1014 1108 1732 1621
11526 4 2 16 28 859 910 1668 1569
11527 4 2 16 28 1527 1659 922 849
11528 4 2 16 28 1527 977 1050 1659
11529 4 2 16 28 1712 1583 1026 1098
11530 4 2 16 28 1712 898 1583 1066
11531 4 2 16 28 1668 1038 987 1569
11532 4 2 16 28 1732 1076 886 1621
11533 4 2 16 28 812 940 2111 1563
11534 4 2 16 28 881 845 880 3679
11535 4 2 16 28 2545 2586 2588 446
11536 4 2 16 28 1033 151 152 1684
11537 4 2 16 28 905 134 106 1660
11538 4 2 16 28 495 496 1396 2410
11539 4 2 16 28 632 631 2359 3704
11540 4 2 16 28 507 2400 2786 2803
11541 4 2 16 28 112 1309 24 3684
11542 4 2 16 28 2650 2141 2552 2617
11543 4 2 16 28 1574 1035 904 1662
11544 4 2 16 28 1575 1685 907 1032
11545 4 2 16 28 1413 2625 1359 486
11546 4 2 16 28 2293 2448 2606 2459
11547 4 2 16 28 349 2550 1375 1420
11548 4 2 16 28 1294 3769 1297 3770
11549 4 2 16 28 2108 1733 1116 2207
11550 4 2 16 28 2372 2089 2658 2117
11551 4 2 16 28 2376 3665 2757 3682
11552 4 2 16 28 1002 2276 138 2158
11553 4 2 16 28 2298 2124 2328 2694
11554 4 2 16 28 2096 2234 2492 3689
11555 4 2 16 28 2124 2289 2111 3714
11556 4 2 16 28 257 2525 1430 1374
11557 4 2 16 28 471 725 472 2559
11558 4 2 16 28 1192 2335 2472 2252
11559 4 2 16 28 152 151 1033 1573
11560 4 2 16 28 905 106 134 1573
11561 4 2 16 28 2274 2092 2125 3751
11562 4 2 16 28 2806 2206 2127 2488
11563 4 2 16 28 1000 999 2287 1491
11564 4 2 16 28 2275 112 3684 3695
11565 4 2 16 28 382 2578 622 621
11566 4 2 16 28 2398 2719 2797 3727
11567 4 2 16 28 2155 2331 2307 674
11568 4 2 16 28 606 3759 2224 3760
11569 4 2 16 28 2652 2413 2796 2150
11570 4 2 16 28 820 821 3331 214
11571 4 2 16 28 818 819 3334 239
11572 4 2 16 28 85 32 36 3346
11573 4 2 16 28 957 1596 2244 834
11574 4 2 16 28 825 2137 1605 3747
11575 4 2 16 28 2190 2386 2095 2191
11576 4 2 16 28 3491 3369 627 3720
11577 4 2 16 28 367 368 1413 2753
11578 4 2 16 28 153 155 3651 3744
11579 4 2 16 28 3422 3421 77 3655
11580 4 2 16 28 2453 1475 73 478
11581 4 2 16 28 2311 945 2151 2192
11582 4 2 16 28 3496 3670 207 3720
11583 4 2 16 28 3390 1283 1282 3770
11584 4 2 16 28 951 952 2246 2199
11585 4 2 16 28 558 2809 2409 559
11586 4 2 16 28 609 3503 610 2203
11587 4 2 16 28 2210 2161 2259 985
11588 4 2 16 28 1483 2354 2175 3693
11589 4 2 16 28 2260 2326 2208 3763
11590 4 2 16 28 2575 1277 2734 3768
11591 4 2 16 28 1024 1719 1100 1588
11592 4 2 16 28 920 851 1540 1648
11593 4 2 16 28 1068 1720 1589 896
11594 4 2 16 28 1072 1588 1719 891
11595 4 2 16 28 1648 983 1540 1043
11596 4 2 16 28 915 855 1649 1539
11597 4 2 16 28 1589 1720 1104 1019
11598 4 2 16 28 1734 1739 162 3661
11599 4 2 16 28 3500 612 611 3777
11600 4 2 16 28 87 248 28 3346
11601 4 2 16 28 861 3667 3376 3745
11602 4 2 16 28 866 3668 3339 3733
11603 4 2 16 28 1623 114 159 883
11604 4 2 16 28 2505 2230 2231 2656
11605 4 2 16 28 1032 2281 1506 949
11606 4 2 16 28 2188 127 1607 99
11607 4 2 16 28 2103 2369 2328 3691
11608 4 2 16 28 1037 944 146 2327
11609 4 2 16 28 2358 2583 2078 3697
11610 4 2 16 28 2595 3664 2731 3673
11611 4 2 16 28 1330 1473 2609 2471
11612 4 2 16 28 2177 2108 2207 1117
11613 4 2 16 28 2176 1198 184 1179
11614 4 2 16 28 1663 909 1567 860
11615 4 2 16 28 1654 850 921 1525
11616 4 2 16 28 1654 1049 978 1525
11617 4 2 16 28 1727 1013 1109 1619
11618 4 2 16 28 1037 1663 1567 988
11619 4 2 16 28 885 1727 1077 1619
11620 4 2 16 28 1025 1581 1099 1707
11621 4 2 16 28 897 1067 1581 1707
11622 4 2 16 28 856 1664 914 1568
11623 4 2 16 28 1042 1664 984 1568
11624 4 2 16 28 890 1728 1620 1073
11625 4 2 16 28 902 1063 1708 1582
11626 4 2 16 28 1526 1655 1054 974
11627 4 2 16 28 1526 926 1655 846
11628 4 2 16 28 1728 1018 1620 1105
11629 4 2 16 28 1708 1095 1030 1582
11630 4 2 16 28 2336 2152 3675 3707
11631 4 2 16 28 23 247 28 843
11632 4 2 16 28 245 24 27 882
11633 4 2 16 28 247 245 27 882
11634 4 2 16 28 23 245 247 843
11635 4 2 16 28 882 843 113 247
11636 4 2 16 28 101 843 882 245
11637 4 2 16 28 101 882 112 245
11638 4 2 16 28 2161 2237 132 1042
11639 4 2 16 28 2191 2492 2835 3717
11640 4 2 16 28 2164 2084 2229 2701
11641 4 2 16 28 2598 457 740 2597
11642 4 2 16 28 2602 2264 2392 670
11643 4 2 16 28 2180 786 2329 3755
11644 4 2 16 28 2820 2821 2578 380
11645 4 2 16 28 3389 1275 2828 3765
11646 4 2 16 28 2709 2080 2656 2360
11647 4 2 16 28 2130 741 742 2597
11648 4 2 16 28 2081 308 2345 2320
11649 4 2 16 28 2677 2194 2323 2577
11650 4 2 16 28 994 2115 993 2265
11651 4 2 16 28 2084 2110 2229 3647
11652 4 2 16 28 1643 137 109 1669
11653 4 2 16 28 1642 110 138 1637
11654 4 2 16 28 3323 812 913 3736
11655 4 2 16 28 3351 3726 1065 3729
11656 4 2 16 28 2256 1057 1682 3672
11657 4 2 16 28 1685 907 1032 1061
11658 4 2 16 28 1555 2125 948 3705
11659 4 2 16 28 161 246 24 3345
11660 4 2 16 28 1631 1741 1010 3750
11661 4 2 16 28 980 1541 1650 1046
11662 4 2 16 28 852 1542 1651 918
11663 4 2 16 28 1722 894 1069 1591
11664 4 2 16 28 1721 1101 1590 1022
11665 4 2 16 28 1045 1651 982 1542
11666 4 2 16 28 1021 1722 1103 1591
11667 4 2 16 28 1541 1650 917 854
11668 4 2 16 28 1590 893 1071 1721
11669 4 2 16 28 2666 2369 2536 3691
11670 4 2 16 28 3649 3690 1299 3774
11671 4 2 16 28 3362 2260 234 3763
11672 4 2 16 28 2851 2346 2576 2141
11673 4 2 16 28 2511 2399 2483 3739
11674 4 2 16 28 1074 888 1730 1622
11675 4 2 16 28 1106 1730 1016 1622
11676 4 2 16 28 1052 1657 1528 975
11677 4 2 16 28 900 1584 1710 1064
11678 4 2 16 28 1666 1570 857 912
11679 4 2 16 28 1666 985 1570 1040
11680 4 2 16 28 1528 1657 924 847
11681 4 2 16 28 1584 1028 1710 1096
11682 4 2 16 28 1569 1665 859 911
11683 4 2 16 28 1527 1656 849 923
11684 4 2 16 28 1656 1051 1527 977
11685 4 2 16 28 1729 1015 1621 1108
11686 4 2 16 28 1709 1027 1583 1098
11687 4 2 16 28 899 1709 1583 1066
11688 4 2 16 28 987 1039 1665 1569
11689 4 2 16 28 1076 887 1621 1729
11690 4 2 16 28 2580 2581 347 348
11691 4 2 16 28 138 2276 1642 2261
11692 4 2 16 28 2468 2374 2493 2289
11693 4 2 16 28 3313 3364 819 228
11694 4 2 16 28 3313 225 820 3302
11695 4 2 16 28 2095 2102 2191 2835
11696 4 2 16 28 3364 3313 819 906
11697 4 2 16 28 820 3313 3302 905
11698 4 2 16 28 848 924 847 3725
11699 4 2 16 28 2361 2081 2487 2450
11700 4 2 16 28 613 3655 77 3682
11701 4 2 16 28 2234 2097 2381 2132
11702 4 2 16 28 117 3651 155 3739
11703 4 2 16 28 2704 2168 2292 2740
11704 4 2 16 28 2352 2234 2096 3689
11705 4 2 16 28 2085 2166 2241 2819
11706 4 2 16 28 1007 139 2172 1636
11707 4 2 16 28 2263 142 127 968
11708 4 2 16 28 2493 3714 3692 3735
11709 4 2 16 28 2125 2272 950 949
11710 4 2 16 28 787 2715 786 3755
11711 4 2 16 28 2093 1033 2344 2281
11712 4 2 16 28 3519 304 303 2190
11713 4 2 16 28 2394 2770 2819 3702
11714 4 2 16 28 2483 2199 2511 3649
11715 4 2 16 28 3415 1295 1294 3770
11716 4 2 16 28 2406 2141 2591 1191
11717 4 2 16 28 108 864 861 3667
11718 4 2 16 28 1577 1032 907 1061
11719 4 2 16 28 316 1367 1415 2768
11720 4 2 16 28 2745 2292 2466 2704
11721 4 2 16 28 251 1348 2782 1409
11722 4 2 16 28 2102 2312 2635 2491
11723 4 2 16 28 205 3682 627 3720
11724 4 2 16 28 836 835 3716 3718
11725 4 2 16 28 1340 395 394 2783
11726 4 2 16 28 2522 251 1409 252
11727 4 2 16 28 2354 797 1483 2175
11728 4 2 16 28 2787 567 2560 566
11729 4 2 16 28 2199 2101 2273 3690
11730 4 2 16 28 894 1587 1021 1722
11731 4 2 16 28 1046 1650 1538 917
11732 4 2 16 28 1651 1045 1538 918
11733 4 2 16 28 1721 893 1587 1022
11734 4 2 16 28 2394 2819 2428 3776
11735 4 2 16 28 1713 1085 164 3658
11736 4 2 16 28 870 110 1642 3659
11737 4 2 16 28 1643 109 874 3656
11738 4 2 16 28 1714 163 1089 3657
11739 4 2 16 28 2797 3658 1090 3727
11740 4 2 16 28 109 1669 869 3656
11741 4 2 16 28 163 1733 1084 3657
11742 4 2 16 28 1702 164 1090 3658
11743 4 2 16 28 875 1637 110 3659
11744 4 2 16 28 1580 900 1028 1710
11745 4 2 16 28 1666 1040 912 1566
11746 4 2 16 28 1657 1052 924 1524
11747 4 2 16 28 888 1730 1016 1618
11748 4 2 16 28 1656 1051 1524 923
11749 4 2 16 28 1709 1580 899 1027
11750 4 2 16 28 1039 1665 911 1566
11751 4 2 16 28 1015 887 1618 1729
11752 4 2 16 28 1722 1587 1021 1102
11753 4 2 16 28 1538 1045 1651 981
11754 4 2 16 28 1587 1070 893 1721
11755 4 2 16 28 853 1538 1650 917
11756 4 2 16 28 1587 894 1070 1722
11757 4 2 16 28 981 1650 1538 1046
11758 4 2 16 28 1102 1721 1587 1022
11759 4 2 16 28 853 1651 1538 918
11760 4 2 16 28 122 94 1557 2162
11761 4 2 16 28 151 906 1573 3766
11762 4 2 16 28 905 106 1573 3766
11763 4 2 16 28 1191 2171 2591 1174
11764 4 2 16 28 1684 1033 151 906
11765 4 2 16 28 1660 905 134 1034
11766 4 2 16 28 1524 924 1657 848
11767 4 2 16 28 1657 1052 1524 976
11768 4 2 16 28 1730 888 1075 1618
11769 4 2 16 28 1580 1065 900 1710
11770 4 2 16 28 1040 1666 986 1566
11771 4 2 16 28 912 858 1666 1566
11772 4 2 16 28 1016 1730 1107 1618
11773 4 2 16 28 1028 1097 1580 1710
11774 4 2 16 28 1015 1618 1107 1729
11775 4 2 16 28 1027 1709 1580 1097
11776 4 2 16 28 1075 1618 887 1729
11777 4 2 16 28 858 911 1665 1566
11778 4 2 16 28 1665 1039 986 1566
11779 4 2 16 28 1524 1656 923 848
11780 4 2 16 28 1524 1051 1656 976
11781 4 2 16 28 1709 899 1580 1065
11782 4 2 16 28 476 2640 475 721
11783 4 2 16 28 2097 2132 2188 2762
11784 4 2 16 28 2635 2491 2835 2102
11785 4 2 16 28 2585 869 3341 3734
11786 4 2 16 28 3548 3448 2300 2195
11787 4 2 16 28 4 3665 205 3682
11788 4 2 16 28 113 141 1631 1624
11789 4 2 16 28 787 788 2180 3435
11790 4 2 16 28 2263 1610 99 3683
11791 4 2 16 28 2204 2127 2203 3687
11792 4 2 16 28 2800 2519 1360 2699
11793 4 2 16 28 81 3567 683 3748
11794 4 2 16 28 2334 1029 1030 1582
11795 4 2 16 28 3453 3503 609 2203
11796 4 2 16 28 2295 2633 2083 2348
11797 4 2 16 28 1185 2490 2411 2304
11798 4 2 16 28 980 981 1492 2157
11799 4 2 16 28 159 3652 1077 3681
11800 4 2 16 28 2593 3657 2592 3761
11801 4 2 16 28 3421 3492 3496 3670
11802 4 2 16 28 3360 1063 1094 3744
11803 4 2 16 28 704 2149 2385 703
11804 4 2 16 28 2104 995 1672 3731
11805 4 2 16 28 1573 151 1033 906
11806 4 2 16 28 1034 905 134 1573
11807 4 2 16 28 3432 3688 2193 3777
11808 4 2 16 28 2402 2118 2502 711
11809 4 2 16 28 2769 2457 523 522
11810 4 2 16 28 898 3726 1067 3727
11811 4 2 16 28 1477 87 88 3719
11812 4 2 16 28 910 860 2703 3733
11813 4 2 16 28 2367 2515 2770 2297
11814 4 2 16 28 999 2306 2287 2160
11815 4 2 16 28 1108 1107 2280 1689
11816 4 2 16 28 2364 2084 2701 2431
11817 4 2 16 28 893 1070 894 3728
11818 4 2 16 28 2492 2191 2096 3717
11819 4 2 16 28 1116 171 2296 2207
11820 4 2 16 28 2263 127 2188 3683
11821 4 2 16 28 2774 2484 2776 2295
11822 4 2 16 28 941 2131 942 1484
11823 4 2 16 28 2367 2693 2087 2470
11824 4 2 16 28 214 215 3303 3715
11825 4 2 16 28 1685 907 1061 1059
11826 4 2 16 28 1035 990 862 1662
11827 4 2 16 28 2705 809 3703 3710
11828 4 2 16 28 2112 2257 1505 937
11829 4 2 16 28 2206 1168 2304 2490
11830 4 2 16 28 2521 2456 2693 336
11831 4 2 16 28 2306 1644 1000 1001
11832 4 2 16 28 2416 2640 2794 2323
11833 4 2 16 28 941 2111 940 1563
11834 4 2 16 28 2522 251 252 2740
11835 4 2 16 28 841 884 3344 3648
11836 4 2 16 28 2144 2559 725 726
11837 4 2 16 28 2482 611 2684 3697
11838 4 2 16 28 925 3725 3322 3738
11839 4 2 16 28 2796 2817 2150 2383
11840 4 2 16 28 2328 3650 2151 3691
11841 4 2 16 28 1095 1029 2334 1582
11842 4 2 16 28 1185 1184 2490 1168
11843 4 2 16 28 122 2237 2284 2162
11844 4 2 16 28 2180 2236 2713 3755
11845 4 2 16 28 3390 1282 2671 3770
11846 4 2 16 28 828 2398 827 3727
11847 4 2 16 28 2608 2540 2634 3660
11848 4 2 16 28 2422 1354 2820 1447
11849 4 2 16 28 960 831 1597 3756
11850 4 2 16 28 108 3663 864 3737
11851 4 2 16 28 1726 1110 1625 1078
11852 4 2 16 28 1078 1110 1625 1725
11853 4 2 16 28 2395 3694 3647 3758
11854 4 2 16 28 2144 1201 1182 2677
11855 4 2 16 28 102 844 111 3664
11856 4 2 16 28 328 327 2787 2451
11857 4 2 16 28 1547 805 938 2212
11858 4 2 16 28 1195 2150 2149 1176
11859 4 2 16 28 832 2719 3728 3757
11860 4 2 16 28 28 100 1315 3694
11861 4 2 16 28 2179 2176 2325 717
11862 4 2 16 28 804 2159 1530 932
11863 4 2 16 28 870 2276 1646 3659
11864 4 2 16 28 208 11 3404 3670
11865 4 2 16 28 907 1577 1061 1059
11866 4 2 16 28 1576 990 862 1035
11867 4 2 16 28 2478 2386 271 302
11868 4 2 16 28 522 523 1372 2457
11869 4 2 16 28 3496 210 3370 3492
11870 4 2 16 28 211 3491 3496 3369
11871 4 2 16 28 875 1640 1003 2261
11872 4 2 16 28 2533 2451 1442 328
11873 4 2 16 28 896 1720 1589 1019
11874 4 2 16 28 1024 1719 1588 891
11875 4 2 16 28 1648 1540 920 1043
11876 4 2 16 28 1649 1048 915 1539
11877 4 2 16 28 2609 2524 1460 1330
11878 4 2 16 28 2103 2151 2092 3691
11879 4 2 16 28 731 2299 3460 2300
11880 4 2 16 28 2689 2683 1446 2481
11881 4 2 16 28 2242 2239 1048 131
11882 4 2 16 28 2608 3729 2797 3730
11883 4 2 16 28 2206 2214 2127 767
11884 4 2 16 28 1482 2175 87 3758
11885 4 2 16 28 2313 2180 3435 3498
11886 4 2 16 28 2146 2425 2244 3757
11887 4 2 16 28 2307 2086 676 2331
11888 4 2 16 28 921 1049 1654 1525
11889 4 2 16 28 1013 1727 885 1619
11890 4 2 16 28 1025 897 1581 1707
11891 4 2 16 28 1567 909 1663 1037
11892 4 2 16 28 902 1708 1030 1582
11893 4 2 16 28 1620 1018 1728 890
11894 4 2 16 28 1664 1042 914 1568
11895 4 2 16 28 1655 926 1526 1054
11896 4 2 16 28 2347 971 88 2187
11897 4 2 16 28 1069 1103 1591 1723
11898 4 2 16 28 980 1541 1653 854
11899 4 2 16 28 982 1542 852 1652
11900 4 2 16 28 1590 1071 1724 1101
11901 4 2 16 28 2223 2348 3547 2183
11902 4 2 16 28 2492 2619 2234 2191
11903 4 2 16 28 843 1630 100 3719
11904 4 2 16 28 2820 2648 1452 1354
11905 4 2 16 28 48 240 1059 3361
11906 4 2 16 28 2573 256 255 1421
11907 4 2 16 28 2224 2600 2124 2078
11908 4 2 16 28 1711 1096 1584 1064
11909 4 2 16 28 1658 975 1528 847
11910 4 2 16 28 857 985 1667 1570
11911 4 2 16 28 1106 1731 1074 1622
11912 4 2 16 28 1659 1527 977 849
11913 4 2 16 28 987 859 1668 1569
11914 4 2 16 28 1621 1732 1076 1108
11915 4 2 16 28 1098 1712 1583 1066
11916 4 2 16 28 62 311 1341 2679
11917 4 2 16 28 833 3752 2719 3757
11918 4 2 16 28 1066 3357 3726 3729
11919 4 2 16 28 1174 183 2252 1192
11920 4 2 16 28 2683 2486 1446 1339
11921 4 2 16 28 2248 3732 2226 3756
11922 4 2 16 28 2698 2401 2822 503
11923 4 2 16 28 212 627 3491 3369
11924 4 2 16 28 2176 1197 1178 184
11925 4 2 16 28 230 3368 229 3751
11926 4 2 16 28 2625 2626 485 486
11927 4 2 16 28 233 3363 232 3764
11928 4 2 16 28 2202 3518 2235 2346
11929 4 2 16 28 2326 2079 3670 3741
11930 4 2 16 28 17 3652 3681 3742
11931 4 2 16 28 151 47 51 3361
11932 4 2 16 28 106 60 56 3299
11933 4 2 16 28 153 3651 3672 3744
11934 4 2 16 28 2621 2595 3654 3684
11935 4 2 16 28 2773 376 2757 616
11936 4 2 16 28 2107 2258 1012 167
11937 4 2 16 28 2474 2746 1414 275
11938 4 2 16 28 238 3368 2125 3751
11939 4 2 16 28 2503 2625 1413 486
11940 4 2 16 28 734 462 2420 463
11941 4 2 16 28 2121 1113 1735 1081
11942 4 2 16 28 2257 2212 936 937
11943 4 2 16 28 2619 2081 2682 2361
11944 4 2 16 28 219 2208 3300 3763
11945 4 2 16 28 209 3370 3492 632
11946 4 2 16 28 3369 206 211 3778
11947 4 2 16 28 207 3370 210 3778
11948 4 2 16 28 786 2180 787 3755
11949 4 2 16 28 2356 1122 1695 1123
11950 4 2 16 28 2608 3660 2634 3709
11951 4 2 16 28 885 3652 159 3669
11952 4 2 16 28 2394 3675 803 3676
11953 4 2 16 28 1448 1346 2742 2654
11954 4 2 16 28 216 3715 2092 3751
11955 4 2 16 28 2634 2848 1302 3765
11956 4 2 16 28 322 563 2390 562
11957 4 2 16 28 2339 1023 1024 1588
11958 4 2 16 28 1192 2335 2252 1174
11959 4 2 16 28 2208 2324 2103 3682
11960 4 2 16 28 950 1553 2273 2125
11961 4 2 16 28 2621 3664 2595 3684
11962 4 2 16 28 2139 2624 692 691
11963 4 2 16 28 652 651 2752 2171
11964 4 2 16 28 1296 2670 1297 3646
11965 4 2 16 28 2524 2471 2679 1330
11966 4 2 16 28 8 1302 2634 3651
11967 4 2 16 28 2193 2195 624 3697
11968 4 2 16 28 2313 3425 2180 2288
11969 4 2 16 28 92 927 2106 2247
11970 4 2 16 28 1045 1651 1542 918
11971 4 2 16 28 1541 1650 1046 917
11972 4 2 16 28 1722 1021 894 1591
11973 4 2 16 28 1721 1590 893 1022
11974 4 2 16 28 4 5 3655 3720
11975 4 2 16 28 2245 2771 2618 2617
11976 4 2 16 28 843 100 113 247
11977 4 2 16 28 2567 447 2807 448
11978 4 2 16 28 1099 2148 172 2356
11979 4 2 16 28 1016 1017 2213 1106
11980 4 2 16 28 2185 2080 292 2317
11981 4 2 16 28 1016 1730 888 1622
11982 4 2 16 28 900 1584 1028 1710
11983 4 2 16 28 1052 1657 924 1528
11984 4 2 16 28 1570 1666 1040 912
11985 4 2 16 28 1527 1051 1656 923
11986 4 2 16 28 1039 1665 1569 911
11987 4 2 16 28 1015 1621 887 1729
11988 4 2 16 28 899 1709 1027 1583
11989 4 2 16 28 3305 223 224 3751
11990 4 2 16 28 24 882 112 3750
11991 4 2 16 28 904 1035 862 1662
11992 4 2 16 28 3301 220 221 3764
11993 4 2 16 28 2193 2309 3424 2323
11994 4 2 16 28 2378 452 2772 453
11995 4 2 16 28 1354 380 1452 2820
11996 4 2 16 28 2554 2234 2097 2381
11997 4 2 16 28 863 864 1677 3737
11998 4 2 16 28 1015 1107 2120 2280
11999 4 2 16 28 2520 2197 2641 680
12000 4 2 16 28 1046 1047 1508 2157
12001 4 2 16 28 563 322 2390 323
12002 4 2 16 28 1670 136 1675 3663
12003 4 2 16 28 1681 1701 153 3672
12004 4 2 16 28 1328 1461 1338 2442
12005 4 2 16 28 2078 2600 2358 3759
12006 4 2 16 28 831 3335 3696 3728
12007 4 2 16 28 2705 2428 3710 3776
12008 4 2 16 28 2274 2125 237 3751
12009 4 2 16 28 2560 2390 2736 324
12010 4 2 16 28 2240 1546 934 3710
12011 4 2 16 28 2119 2236 2180 3755
12012 4 2 16 28 2786 1357 509 508
12013 4 2 16 28 2137 2098 2199 3747
12014 4 2 16 28 2186 2340 168 1692
12015 4 2 16 28 2638 2312 2635 2146
12016 4 2 16 28 710 435 2502 711
12017 4 2 16 28 885 2690 3652 3669
12018 4 2 16 28 21 13 1307 3740
12019 4 2 16 28 2690 3666 2492 3689
12020 4 2 16 28 2275 3654 3684 3750
12021 4 2 16 28 881 111 844 3664
12022 4 2 16 28 2290 1005 1006 2173
12023 4 2 16 28 1671 995 2265 3731
12024 4 2 16 28 353 1431 2607 1386
12025 4 2 16 28 652 2169 651 2171
12026 4 2 16 28 2226 2425 2146 3757
12027 4 2 16 28 2575 2848 1276 3768
12028 4 2 16 28 2425 2398 2656 3752
12029 4 2 16 28 296 2279 2312 2185
12030 4 2 16 28 1167 181 1183 2269
12031 4 2 16 28 703 704 2149 2317
12032 4 2 16 28 762 485 2626 486
12033 4 2 16 28 18 3652 3669 3681
12034 4 2 16 28 1088 3706 1087 3762
12035 4 2 16 28 1035 862 1576 904
12036 4 2 16 28 2477 2476 409 2610
12037 4 2 16 28 366 1371 1424 2839
12038 4 2 16 28 1344 2594 1462 517
12039 4 2 16 28 1561 2111 939 3753
12040 4 2 16 28 2320 690 689 2139
12041 4 2 16 28 1342 1402 1468 2415
12042 4 2 16 28 853 3721 918 3722
12043 4 2 16 28 648 2319 3426 3748
12044 4 2 16 28 1705 1123 2232 3730
12045 4 2 16 28 1101 1102 2314 1022
12046 4 2 16 28 328 329 1442 2533
12047 4 2 16 28 14 13 2395 3653
12048 4 2 16 28 1647 2160 999 998
12049 4 2 16 28 3343 114 883 3669
12050 4 2 16 28 2540 3660 2266 3731
12051 4 2 16 28 80 3644 631 3670
12052 4 2 16 28 252 1356 1409 2522
12053 4 2 16 28 2715 2713 2616 3755
12054 4 2 16 28 1000 2157 1492 981
12055 4 2 16 28 2711 2592 3657 3762
12056 4 2 16 28 2233 2100 2608 3730
12057 4 2 16 28 2237 122 2283 2162
12058 4 2 16 28 2276 2113 2306 3659
12059 4 2 16 28 327 2767 2787 2451
12060 4 2 16 28 1372 335 2521 1419
12061 4 2 16 28 2653 2403 430 1379
12062 4 2 16 28 953 1601 2137 825
12063 4 2 16 28 2714 2616 2400 3755
12064 4 2 16 28 970 2187 1606 128
12065 4 2 16 28 2545 1464 444 2727
12066 4 2 16 28 2381 2132 2097 2762
12067 4 2 16 28 2193 2144 2323 723
12068 4 2 16 28 2107 1012 969 1520
12069 4 2 16 28 1020 1589 895 1723
12070 4 2 16 28 1539 916 1653 1047
12071 4 2 16 28 1724 1023 1588 892
12072 4 2 16 28 919 1044 1540 1652
12073 4 2 16 28 2759 2415 1402 1342
12074 4 2 16 28 2425 2638 2635 2146
12075 4 2 16 28 883 1012 1625 1726
12076 4 2 16 28 2793 2323 2144 723
12077 4 2 16 28 1526 1658 1053 925
12078 4 2 16 28 1029 1711 901 1582
12079 4 2 16 28 913 1041 1667 1568
12080 4 2 16 28 889 1017 1731 1620
12081 4 2 16 28 1668 910 1567 1038
12082 4 2 16 28 1659 1525 1050 922
12083 4 2 16 28 1732 1014 886 1619
12084 4 2 16 28 1581 898 1026 1712
12085 4 2 16 28 1011 884 1625 1725
12086 4 2 16 28 2254 2344 135 150
12087 4 2 16 28 9 7 3660 3709
12088 4 2 16 28 223 3381 1285 3396
12089 4 2 16 28 3397 230 3380 1292
12090 4 2 16 28 1286 3382 224 3399
12091 4 2 16 28 231 3383 1293 3398
12092 4 2 16 28 1286 224 3380 3397
12093 4 2 16 28 232 3386 1294 3402
12094 4 2 16 28 226 3401 1288 3385
12095 4 2 16 28 233 3384 1295 3400
12096 4 2 16 28 3385 7 9 3401
12097 4 2 16 28 2819 3702 2166 3776
12098 4 2 16 28 2320 2081 306 2190
12099 4 2 16 28 1735 1113 2121 1114
12100 4 2 16 28 1275 2828 3765 3775
12101 4 2 16 28 131 1649 979 2239
12102 4 2 16 28 608 2203 609 3759
12103 4 2 16 28 2283 2161 1041 1042
12104 4 2 16 28 2187 1606 100 3671
12105 4 2 16 28 2207 1117 2108 3657
12106 4 2 16 28 901 3743 902 3744
12107 4 2 16 28 409 410 1343 2589
12108 4 2 16 28 1624 168 160 1725
12109 4 2 16 28 784 509 2400 785
12110 4 2 16 28 2560 2390 324 564
12111 4 2 16 28 2493 2600 2707 2124
12112 4 2 16 28 2191 2190 2619 2081
12113 4 2 16 28 2239 2105 1048 934
12114 4 2 16 28 2733 2429 288 2596
12115 4 2 16 28 237 1299 3649 3690
12116 4 2 16 28 1278 216 3650 3691
12117 4 2 16 28 2540 2 2634 3660
12118 4 2 16 28 2835 2380 2102 3717
12119 4 2 16 28 723 473 2676 474
12120 4 2 16 28 1373 319 1428 2553
12121 4 2 16 28 2666 3665 1280 3691
12122 4 2 16 28 2328 2088 2151 3650
12123 4 2 16 28 2774 402 403 2464
12124 4 2 16 28 966 967 2352 1614
12125 4 2 16 28 1089 3657 163 3761
12126 4 2 16 28 2321 3654 161 3742
12127 4 2 16 28 2380 3696 2635 3732
12128 4 2 16 28 1626 102 130 1479
12129 4 2 16 28 2086 2293 2313 580
12130 4 2 16 28 1333 373 67 2756
12131 4 2 16 28 2398 3686 827 3708
12132 4 2 16 28 2611 2465 1454 1366
12133 4 2 16 28 87 33 248 3346
12134 4 2 16 28 3341 856 2585 3736
12135 4 2 16 28 2634 3660 7 3709
12136 4 2 16 28 1556 821 214 3715
12137 4 2 16 28 1 2540 3667 3737
12138 4 2 16 28 47 151 227 3361
12139 4 2 16 28 106 56 226 3299
12140 4 2 16 28 462 2599 2420 2377
12141 4 2 16 28 2655 2473 367 607
12142 4 2 16 28 2150 2282 695 696
12143 4 2 16 28 954 1601 2137 953
12144 4 2 16 28 94 2368 3713 3753
12145 4 2 16 28 258 259 2507 2777
12146 4 2 16 28 823 3739 902 3743
12147 4 2 16 28 2773 2821 378 618
12148 4 2 16 28 2242 2105 2243 121
12149 4 2 16 28 3677 3678 103 3703
12150 4 2 16 28 467 729 2812 730
12151 4 2 16 28 2100 2133 3660 3709
12152 4 2 16 28 1608 970 2188 3671
12153 4 2 16 28 745 2681 2130 2378
12154 4 2 16 28 1046 1047 2157 980
12155 4 2 16 28 3496 3369 3491 3720
12156 4 2 16 28 2126 2411 2565 2664
12157 4 2 16 28 89 91 796 3653
12158 4 2 16 28 2619 2492 2835 2191
12159 4 2 16 28 2102 2380 2635 3732
12160 4 2 16 28 2615 2700 1327 461
12161 4 2 16 28 2643 549 2471 550
12162 4 2 16 28 2260 2079 2326 3741
12163 4 2 16 28 835 3717 3716 3718
12164 4 2 16 28 3540 3430 2193 626
12165 4 2 16 28 1033 2093 2344 152
12166 4 2 16 28 1547 937 806 2212
12167 4 2 16 28 856 869 2585 3712
12168 4 2 16 28 1699 2143 1058 2344
12169 4 2 16 28 2089 2468 2691 2646
12170 4 2 16 28 2250 2092 3715 3751
12171 4 2 16 28 1734 162 1080 3661
12172 4 2 16 28 105 3667 861 3745
12173 4 2 16 28 2693 575 336 576
12174 4 2 16 28 161 43 246 3345
12175 4 2 16 28 2211 928 1497 929
12176 4 2 16 28 468 2812 729 2557
12177 4 2 16 28 1680 149 2254 3709
12178 4 2 16 28 22 1308 845 3679
12179 4 2 16 28 3303 3705 820 3715
12180 4 2 16 28 2709 2230 2656 2080
12181 4 2 16 28 2199 2483 2511 2484
12182 4 2 16 28 2600 2078 2224 3759
12183 4 2 16 28 3354 1313 26 3681
12184 4 2 16 28 2306 3659 2113 3685
12185 4 2 16 28 107 3709 3660 3737
12186 4 2 16 28 25 1311 17 3742
12187 4 2 16 28 2169 650 651 2171
12188 4 2 16 28 884 1624 160 1725
12189 4 2 16 28 1060 3651 155 3746
12190 4 2 16 28 542 654 2851 655
12191 4 2 16 28 2538 3676 2731 3738
12192 4 2 16 28 324 1393 1439 2736
12193 4 2 16 28 1516 2161 2259 997
12194 4 2 16 28 1553 2273 2125 3649
12195 4 2 16 28 947 820 1552 3705
12196 4 2 16 28 819 948 1552 3705
12197 4 2 16 28 2356 1695 1099 2220
12198 4 2 16 28 2432 2761 2814 1389
12199 4 2 16 28 3506 2316 2168 2179
12200 4 2 16 28 2311 1035 2093 1509
12201 4 2 16 28 2484 2483 2776 3646
12202 4 2 16 28 169 2136 2340 2275
12203 4 2 16 28 1538 853 1650 981
12204 4 2 16 28 1587 1070 1721 1102
12205 4 2 16 28 853 1538 1651 981
12206 4 2 16 28 1070 1587 1722 1102
12207 4 2 16 28 2278 2120 2351 965
12208 4 2 16 28 2690 1076 3652 3662
12209 4 2 16 28 1391 426 427 2547
12210 4 2 16 28 858 986 1666 1566
12211 4 2 16 28 848 1657 1524 976
12212 4 2 16 28 1075 1107 1730 1618
12213 4 2 16 28 1065 1580 1097 1710
12214 4 2 16 28 1524 1656 848 976
12215 4 2 16 28 1618 1075 1107 1729
12216 4 2 16 28 986 858 1665 1566
12217 4 2 16 28 1097 1709 1580 1065
12218 4 2 16 28 2265 1673 866 3731
12219 4 2 16 28 521 520 2519 1360
12220 4 2 16 28 152 150 135 2344
12221 4 2 16 28 2578 381 620 621
12222 4 2 16 28 1608 969 2188 970
12223 4 2 16 28 2737 2509 322 321
12224 4 2 16 28 1100 1101 1693 2339
12225 4 2 16 28 1649 131 1048 2239
12226 4 2 16 28 2830 805 2368 3713
12227 4 2 16 28 215 3715 3305 3751
12228 4 2 16 28 26 1313 18 3681
12229 4 2 16 28 1623 114 142 1616
12230 4 2 16 28 2764 2584 2113 3685
12231 4 2 16 28 2146 2230 2244 2425
12232 4 2 16 28 673 2307 2264 2790
12233 4 2 16 28 2144 2195 2300 727
12234 4 2 16 28 1682 2256 3672 3709
12235 4 2 16 28 158 3701 896 3761
12236 4 2 16 28 971 88 86 2347
12237 4 2 16 28 1342 1468 511 2415
12238 4 2 16 28 973 1626 130 793
12239 4 2 16 28 2488 2813 492 491
12240 4 2 16 28 1678 1679 152 3766
12241 4 2 16 28 2616 2236 2119 3755
12242 4 2 16 28 1182 181 2194 1202
12243 4 2 16 28 2351 837 1611 3689
12244 4 2 16 28 1103 1104 1694 2286
12245 4 2 16 28 2341 2138 2355 1125
12246 4 2 16 28 895 3701 3696 3761
12247 4 2 16 28 2517 317 2809 557
12248 4 2 16 28 1275 3376 3667 3745
12249 4 2 16 28 3506 2310 2179 2168
12250 4 2 16 28 1601 954 2137 3747
12251 4 2 16 28 3309 3733 911 3735
12252 4 2 16 28 2741 2634 3651 3744
12253 4 2 16 28 2098 2199 2511 2083
12254 4 2 16 28 791 89 102 1479
12255 4 2 16 28 1018 143 963 2349
12256 4 2 16 28 2237 2302 132 983
12257 4 2 16 28 2493 2374 2224 2289
12258 4 2 16 28 2144 2676 2793 723
12259 4 2 16 28 41 26 1078 1079
12260 4 2 16 28 825 3743 3708 3747
12261 4 2 16 28 814 3692 813 3735
12262 4 2 16 28 263 264 2665 2847
12263 4 2 16 28 2440 3770 2670 3774
12264 4 2 16 28 627 3682 628 3720
12265 4 2 16 28 612 3697 611 3777
12266 4 2 16 28 2492 3689 3666 3718
12267 4 2 16 28 2705 3703 2428 3776
12268 4 2 16 28 2482 2684 2583 3697
12269 4 2 16 28 1734 170 162 1739
12270 4 2 16 28 187 1192 2763 2252
12271 4 2 16 28 917 3722 3315 3723
12272 4 2 16 28 2572 2434 359 1437
12273 4 2 16 28 2341 2227 1124 1125
12274 4 2 16 28 9 3660 6 3709
12275 4 2 16 28 1625 1012 1011 1110
12276 4 2 16 28 884 883 1625 1078
12277 4 2 16 28 1282 206 3388 3778
12278 4 2 16 28 207 1295 3413 3778
12279 4 2 16 28 2261 2173 2113 3659
12280 4 2 16 28 336 2693 335 575
12281 4 2 16 28 319 2809 559 2775
12282 4 2 16 28 1005 2173 877 3754
12283 4 2 16 28 923 3677 3676 3725
12284 4 2 16 28 1195 1194 2692 1176
12285 4 2 16 28 754 72 2729 443
12286 4 2 16 28 703 2149 2385 702
12287 4 2 16 28 2172 1634 1008 3673
12288 4 2 16 28 2789 570 330 2651
12289 4 2 16 28 1296 79 2670 3646
12290 4 2 16 28 2263 2352 1612 3683
12291 4 2 16 28 1012 1623 167 1726
12292 4 2 16 28 714 715 2532 2179
12293 4 2 16 28 2703 3711 815 3735
12294 4 2 16 28 457 456 740 2597
12295 4 2 16 28 406 70 646 3644
12296 4 2 16 28 801 3675 3707 3738
12297 4 2 16 28 471 725 2559 726
12298 4 2 16 28 2747 2540 2266 3731
12299 4 2 16 28 620 380 381 2578
12300 4 2 16 28 89 796 791 3740
12301 4 2 16 28 739 457 740 2598
12302 4 2 16 28 1090 2797 3727 3729
12303 4 2 16 28 2387 2612 2717 414
12304 4 2 16 28 872 3721 853 3722
12305 4 2 16 28 949 948 1555 2125
12306 4 2 16 28 112 3684 24 3750
12307 4 2 16 28 2381 2492 2639 2234
12308 4 2 16 28 1301 2848 3768 3775
12309 4 2 16 28 159 167 1623 1726
12310 4 2 16 28 2118 2532 2402 2255
12311 4 2 16 28 2797 3729 3658 3730
12312 4 2 16 28 1441 354 355 2445
12313 4 2 16 28 463 1364 1449 2419
12314 4 2 16 28 880 3684 112 3695
12315 4 2 16 28 2153 756 757 3688
12316 4 2 16 28 714 3561 715 2179
12317 4 2 16 28 2536 2328 2103 2369
12318 4 2 16 28 2333 3556 2170 2319
12319 4 2 16 28 2317 2526 704 2149
12320 4 2 16 28 2383 2150 2556 695
12321 4 2 16 28 2621 241 15 3679
12322 4 2 16 28 2203 3697 609 3759
12323 4 2 16 28 1428 539 2649 2382
12324 4 2 16 28 2152 1535 3675 3707
12325 4 2 16 28 2326 2208 5 3655
12326 4 2 16 28 2638 2185 2312 2146
12327 4 2 16 28 752 753 2325 2225
12328 4 2 16 28 2189 1013 968 967
12329 4 2 16 28 795 21 34 3307
12330 4 2 16 28 2407 1191 1190 1173
12331 4 2 16 28 3674 3706 3348 3728
12332 4 2 16 28 2089 2212 2658 2117
12333 4 2 16 28 2133 2265 2266 3731
12334 4 2 16 28 1006 1639 878 3754
12335 4 2 16 28 2540 3660 3731 3737
12336 4 2 16 28 502 2698 2822 503
12337 4 2 16 28 959 3756 2226 3757
12338 4 2 16 28 2277 2135 1105 2296
12339 4 2 16 28 2191 2102 2201 2835
12340 4 2 16 28 216 2092 3306 3772
12341 4 2 16 28 993 136 1670 3663
12342 4 2 16 28 1094 153 1701 3672
12343 4 2 16 28 1079 162 1739 3661
12344 4 2 16 28 667 2262 2156 2303
12345 4 2 16 28 2406 2576 2141 2851
12346 4 2 16 28 88 87 2175 3719
12347 4 2 16 28 964 965 1500 2278
12348 4 2 16 28 123 2151 1551 945
12349 4 2 16 28 2701 2651 2084 2364
12350 4 2 16 28 2244 1596 957 958
12351 4 2 16 28 2468 2089 2372 2646
12352 4 2 16 28 2667 759 2802 3687
12353 4 2 16 28 3675 3676 2538 3738
12354 4 2 16 28 2584 3721 872 3722
12355 4 2 16 28 2092 2151 216 3691
12356 4 2 16 28 2716 2543 531 532
12357 4 2 16 28 481 482 1338 2539
12358 4 2 16 28 225 3303 224 3705
12359 4 2 16 28 229 3365 228 3705
12360 4 2 16 28 2761 2454 1434 420
12361 4 2 16 28 207 3670 10 3720
12362 4 2 16 28 185 2194 1202 2444
12363 4 2 16 28 722 475 2640 721
12364 4 2 16 28 2395 2431 2701 3647
12365 4 2 16 28 2103 2328 2151 3691
12366 4 2 16 28 2444 2453 2605 73
12367 4 2 16 28 2093 990 1660 1576
12368 4 2 16 28 2621 3679 3664 3684
12369 4 2 16 28 2235 2552 2141 656
12370 4 2 16 28 2111 941 2131 3692
12371 4 2 16 28 1700 1057 2256 2143
12372 4 2 16 28 3333 3721 2830 3723
12373 4 2 16 28 2192 133 989 1036
12374 4 2 16 28 743 744 2183 2130
12375 4 2 16 28 1339 1446 2481 384
12376 4 2 16 28 2231 2656 2596 2505
12377 4 2 16 28 2662 2404 2535 3749
12378 4 2 16 28 1103 1722 1069 1591
12379 4 2 16 28 1651 982 1542 852
12380 4 2 16 28 1541 980 1650 854
12381 4 2 16 28 1101 1590 1071 1721
12382 4 2 16 28 2482 611 371 2684
12383 4 2 16 28 2144 1201 2423 1181
12384 4 2 16 28 884 1011 1624 1725
12385 4 2 16 28 1012 883 1623 1726
12386 4 2 16 28 1318 28 20 3758
12387 4 2 16 28 1096 1710 1584 1064
12388 4 2 16 28 857 985 1570 1666
12389 4 2 16 28 975 1657 1528 847
12390 4 2 16 28 1730 1106 1074 1622
12391 4 2 16 28 1665 859 987 1569
12392 4 2 16 28 1729 1621 1076 1108
12393 4 2 16 28 1527 1656 977 849
12394 4 2 16 28 1583 1709 1098 1066
12395 4 2 16 28 105 133 1572 1661
12396 4 2 16 28 1683 155 156 1571
12397 4 2 16 28 923 3724 3677 3725
12398 4 2 16 28 1043 132 983 2237
12399 4 2 16 28 2741 3729 2608 3744
12400 4 2 16 28 2536 2694 2328 2369
12401 4 2 16 28 1054 90 2106 2270
12402 4 2 16 28 2101 3690 3646 3741
12403 4 2 16 28 1360 2801 1411 520
12404 4 2 16 28 3414 8 2634 3765
12405 4 2 16 28 2180 2313 2329 3443
12406 4 2 16 28 802 3676 3675 3738
12407 4 2 16 28 545 1347 1412 2686
12408 4 2 16 28 2294 869 1669 3656
12409 4 2 16 28 2448 343 342 2739
12410 4 2 16 28 2439 2641 2197 2288
12411 4 2 16 28 2138 2246 2334 1029
12412 4 2 16 28 1385 427 2815 2760
12413 4 2 16 28 866 3731 3668 3734
12414 4 2 16 28 1594 831 960 3756
12415 4 2 16 28 2644 2365 352 592
12416 4 2 16 28 944 1558 2088 816
12417 4 2 16 28 475 2640 2793 722
12418 4 2 16 28 2235 2552 2650 2141
12419 4 2 16 28 927 90 2106 1054
12420 4 2 16 28 1624 160 113 884
12421 4 2 16 28 165 2339 1100 2148
12422 4 2 16 28 2312 2226 2635 2146
12423 4 2 16 28 2111 1563 941 3692
12424 4 2 16 28 2814 2696 268 269
12425 4 2 16 28 104 132 1648 1536
12426 4 2 16 28 1649 131 103 1537
12427 4 2 16 28 166 158 1585 1720
12428 4 2 16 28 157 165 1586 1719
12429 4 2 16 28 2719 3752 2425 3757
12430 4 2 16 28 102 130 1523 1655
12431 4 2 16 28 155 156 1579 1708
12432 4 2 16 28 1727 159 167 1616
12433 4 2 16 28 105 133 1663 1564
12434 4 2 16 28 542 543 2613 2851
12435 4 2 16 28 2195 2193 724 2144
12436 4 2 16 28 231 3367 230 3772
12437 4 2 16 28 3420 1293 1292 3773
12438 4 2 16 28 1285 3394 1286 3771
12439 4 2 16 28 3306 222 223 3772
12440 4 2 16 28 3395 1285 1284 3773
12441 4 2 16 28 3419 1292 1291 3771
12442 4 2 16 28 3418 1294 1293 3769
12443 4 2 16 28 1286 3392 1287 3768
12444 4 2 16 28 3393 1284 1283 3769
12445 4 2 16 28 232 3366 231 3767
12446 4 2 16 28 1291 1290 3417 3768
12447 4 2 16 28 3304 221 222 3767
12448 4 2 16 28 220 3300 5 3763
12449 4 2 16 28 3414 1289 7 3765
12450 4 2 16 28 10 3362 233 3763
12451 4 2 16 28 1288 3389 2 3765
12452 4 2 16 28 1290 1289 3416 3775
12453 4 2 16 28 1287 3391 1288 3775
12454 4 2 16 28 1180 2130 2569 2249
12455 4 2 16 28 904 861 862 3745
12456 4 2 16 28 907 1059 1060 3746
12457 4 2 16 28 2608 2634 2741 3744
12458 4 2 16 28 1110 1625 1012 1726
12459 4 2 16 28 1740 1079 2136 3661
12460 4 2 16 28 1625 884 1078 1725
12461 4 2 16 28 98 3701 2380 3732
12462 4 2 16 28 626 2193 625 3697
12463 4 2 16 28 1664 132 104 1565
12464 4 2 16 28 1728 166 158 1617
12465 4 2 16 28 131 103 1522 1654
12466 4 2 16 28 1578 165 157 1707
12467 4 2 16 28 1015 1014 2280 1504
12468 4 2 16 28 2278 2351 964 965
12469 4 2 16 28 2193 3430 76 626
12470 4 2 16 28 706 429 2795 430
12471 4 2 16 28 2682 2081 2487 2361
12472 4 2 16 28 842 3648 2579 3669
12473 4 2 16 28 2756 2615 67 1333
12474 4 2 16 28 2806 2206 2488 2489
12475 4 2 16 28 2534 2140 81 3748
12476 4 2 16 28 912 3734 3733 3736
12477 4 2 16 28 2146 2635 2425 2226
12478 4 2 16 28 2150 1195 2692 1176
12479 4 2 16 28 702 2149 2548 701
12480 4 2 16 28 3331 3302 213 905
12481 4 2 16 28 3334 906 240 3364
12482 4 2 16 28 1302 3651 3410 3746
12483 4 2 16 28 1104 1589 1723 1068
12484 4 2 16 28 1652 1540 851 983
12485 4 2 16 28 1653 979 855 1539
12486 4 2 16 28 1100 1724 1588 1072
12487 4 2 16 28 410 685 2477 409
12488 4 2 16 28 3675 2538 3707 3738
12489 4 2 16 28 846 974 1526 1658
12490 4 2 16 28 1095 1063 1711 1582
12491 4 2 16 28 1667 984 856 1568
12492 4 2 16 28 1731 1620 1105 1073
12493 4 2 16 28 1732 1077 1109 1619
12494 4 2 16 28 1099 1581 1712 1067
12495 4 2 16 28 860 1567 988 1668
12496 4 2 16 28 1525 978 850 1659
12497 4 2 16 28 1048 148 933 2242
12498 4 2 16 28 2497 2786 1357 509
12499 4 2 16 28 887 3662 2690 3666
12500 4 2 16 28 2709 2230 2425 2656
12501 4 2 16 28 2584 2830 3712 3721
12502 4 2 16 28 161 160 43 3345
12503 4 2 16 28 2450 2710 312 552
12504 4 2 16 28 158 3716 3701 3761
12505 4 2 16 28 2288 2641 2197 680
12506 4 2 16 28 508 2400 783 784
12507 4 2 16 28 2671 2440 2666 1280
12508 4 2 16 28 2734 1299 3419 3771
12509 4 2 16 28 2471 1457 2679 1330
12510 4 2 16 28 2129 2485 2249 1200
12511 4 2 16 28 2652 2413 2150 2279
12512 4 2 16 28 129 101 1627 1629
12513 4 2 16 28 1418 336 2699 1372
12514 4 2 16 28 1374 2840 433 2525
12515 4 2 16 28 2663 2691 2834 361
12516 4 2 16 28 248 28 1318 3758
12517 4 2 16 28 159 883 114 3669
12518 4 2 16 28 1640 2261 875 3659
12519 4 2 16 28 80 646 70 3644
12520 4 2 16 28 2260 235 3764 3767
12521 4 2 16 28 1201 2144 2423 2677
12522 4 2 16 28 135 134 152 2344
12523 4 2 16 28 127 2263 99 3683
12524 4 2 16 28 843 28 87 3719
12525 4 2 16 28 901 1064 3743 3744
12526 4 2 16 28 1037 943 944 2216
12527 4 2 16 28 953 2137 1605 825
12528 4 2 16 28 2447 2128 2590 2304
12529 4 2 16 28 2584 3685 872 3721
12530 4 2 16 28 2444 1202 2577 2194
12531 4 2 16 28 102 844 3664 3740
12532 4 2 16 28 3307 3342 21 3740
12533 4 2 16 28 2477 2139 2170 688
12534 4 2 16 28 912 3735 813 3736
12535 4 2 16 28 2191 2835 2201 3717
12536 4 2 16 28 2762 2097 2381 2554
12537 4 2 16 28 2624 417 2556 693
12538 4 2 16 28 2592 3658 2797 3674
12539 4 2 16 28 2144 2676 723 724
12540 4 2 16 28 685 410 2477 686
12541 4 2 16 28 2683 2486 1339 474
12542 4 2 16 28 2635 2226 2102 3732
12543 4 2 16 28 116 3727 157 3752
12544 4 2 16 28 2281 1033 1032 1506
12545 4 2 16 28 2625 2375 485 2626
12546 4 2 16 28 1673 993 2265 994
12547 4 2 16 28 827 2398 3708 3726
12548 4 2 16 28 2711 3657 2593 3680
12549 4 2 16 28 2108 1117 2177 3657
12550 4 2 16 28 3351 1066 3726 3729
12551 4 2 16 28 2634 2828 2848 3765
12552 4 2 16 28 1099 1695 1098 2220
12553 4 2 16 28 218 2092 3764 3767
12554 4 2 16 28 811 3714 3713 3736
12555 4 2 16 28 2098 2511 2199 3747
12556 4 2 16 28 111 3664 881 3673
12557 4 2 16 28 3658 3674 2592 3698
12558 4 2 16 28 2441 429 2815 1385
12559 4 2 16 28 2426 184 1198 188
12560 4 2 16 28 1328 66 1335 2510
12561 4 2 16 28 1299 3773 3771 3774
12562 4 2 16 28 3769 3773 1298 3774
12563 4 2 16 28 2334 154 1095 156
12564 4 2 16 28 31 22 35 3307
12565 4 2 16 28 354 593 2644 353
12566 4 2 16 28 2404 2749 2750 548
12567 4 2 16 28 69 2670 79 3646
12568 4 2 16 28 1015 1016 2120 1107
12569 4 2 16 28 81 3748 2140 3749
12570 4 2 16 28 937 1505 936 2257
12571 4 2 16 28 481 757 758 2667
12572 4 2 16 28 1102 1103 1686 2314
12573 4 2 16 28 2200 2339 1693 1101
12574 4 2 16 28 65 342 1342 2759
12575 4 2 16 28 2729 2325 2176 83
12576 4 2 16 28 2517 316 317 556
12577 4 2 16 28 122 2237 147 2284
12578 4 2 16 28 2294 996 2259 997
12579 4 2 16 28 2260 235 3363 3764
12580 4 2 16 28 1560 816 2088 3711
12581 4 2 16 28 910 2703 815 3733
12582 4 2 16 28 1282 630 2671 3770
12583 4 2 16 28 1201 1200 2708 1181
12584 4 2 16 28 1034 2093 1660 1576
12585 4 2 16 28 2621 14 3664 3679
12586 4 2 16 28 2637 262 2638 293
12587 4 2 16 28 1645 872 2306 3685
12588 4 2 16 28 136 108 1670 1675
12589 4 2 16 28 1681 154 153 1701
12590 4 2 16 28 1186 1185 2590 1169
12591 4 2 16 28 2667 2153 757 758
12592 4 2 16 28 2177 1088 1715 3762
12593 4 2 16 28 2244 1596 958 3757
12594 4 2 16 28 818 908 817 3746
12595 4 2 16 28 822 903 821 3745
12596 4 2 16 28 924 3322 3725 3738
12597 4 2 16 28 2498 2728 2729 443
12598 4 2 16 28 464 1364 463 2766
12599 4 2 16 28 1576 2093 990 1035
12600 4 2 16 28 757 481 2452 2667
12601 4 2 16 28 1450 1332 2438 2721
12602 4 2 16 28 355 356 2571 595
12603 4 2 16 28 795 3693 2175 3758
12604 4 2 16 28 1037 1038 943 2216
12605 4 2 16 28 593 354 2644 594
12606 4 2 16 28 1084 3657 2593 3761
12607 4 2 16 28 2376 628 627 3682
12608 4 2 16 28 3525 2267 2184 2317
12609 4 2 16 28 723 2676 2793 474
12610 4 2 16 28 1327 1332 2700 2438
12611 4 2 16 28 543 1367 2613 1415
12612 4 2 16 28 1634 1636 111 3673
12613 4 2 16 28 2637 2360 2777 260
12614 4 2 16 28 1019 2286 1020 2134
12615 4 2 16 28 2389 2500 2139 1194
12616 4 2 16 28 2709 2638 2425 2146
12617 4 2 16 28 2528 423 1395 2412
12618 4 2 16 28 2554 2390 2762 2097
12619 4 2 16 28 2821 380 620 2578
12620 4 2 16 28 2262 2604 2156 2308
12621 4 2 16 28 2253 1049 931 1050
12622 4 2 16 28 162 1080 3661 3681
12623 4 2 16 28 25 17 3681 3742
12624 4 2 16 28 162 1079 3354 3681
12625 4 2 16 28 630 629 389 3770
12626 4 2 16 28 613 388 2376 628
12627 4 2 16 28 3393 1280 2440 3769
12628 4 2 16 28 448 1340 447 2807
12629 4 2 16 28 2353 2106 798 90
12630 4 2 16 28 2648 2645 1361 468
12631 4 2 16 28 2694 2328 2369 3711
12632 4 2 16 28 2492 3666 3716 3718
12633 4 2 16 28 596 2571 356 595
12634 4 2 16 28 2624 416 417 693
12635 4 2 16 28 161 882 24 3750
12636 4 2 16 28 205 4 3682 3720
12637 4 2 16 28 545 652 2752 2576
12638 4 2 16 28 186 182 2614 1188
12639 4 2 16 28 2338 742 2183 2130
12640 4 2 16 28 2519 2801 1360 520
12641 4 2 16 28 1282 630 3770 3778
12642 4 2 16 28 477 478 1328 2510
12643 4 2 16 28 2793 473 474 2676
12644 4 2 16 28 481 758 482 2667
12645 4 2 16 28 2629 2642 1382 1436
12646 4 2 16 28 1180 2129 2249 1200
12647 4 2 16 28 2755 2657 1364 375
12648 4 2 16 28 111 1636 879 3673
12649 4 2 16 28 691 2320 2190 2139
12650 4 2 16 28 1562 2291 3692 3711
12651 4 2 16 28 2151 945 822 1551
12652 4 2 16 28 2322 1170 2236 2675
12653 4 2 16 28 2613 1415 1367 2846
12654 4 2 16 28 841 3671 3648 3694
12655 4 2 16 28 2141 2650 2235 2617
12656 4 2 16 28 1385 428 429 2815
12657 4 2 16 28 1081 2121 3661 3680
12658 4 2 16 28 2701 3647 2229 3693
12659 4 2 16 28 2731 3725 846 3738
12660 4 2 16 28 160 1078 26 884
12661 4 2 16 28 1277 1276 2575 3700
12662 4 2 16 28 2828 3391 2575 2848
12663 4 2 16 28 992 1675 136 3663
12664 4 2 16 28 473 723 2676 724
12665 4 2 16 28 2203 3687 759 3688
12666 4 2 16 28 429 2441 2815 2653
12667 4 2 16 28 2392 525 672 2790
12668 4 2 16 28 1036 903 1572 1661
12669 4 2 16 28 1683 1031 908 1571
12670 4 2 16 28 989 136 2205 992
12671 4 2 16 28 1697 1095 2138 1126
12672 4 2 16 28 2322 2447 2518 2128
12673 4 2 16 28 2683 474 1339 475
12674 4 2 16 28 211 206 207 3778
12675 4 2 16 28 210 211 207 3778
12676 4 2 16 28 2123 140 129 1010
12677 4 2 16 28 317 557 2517 556
12678 4 2 16 28 961 1595 2248 3732
12679 4 2 16 28 993 1673 2265 3663
12680 4 2 16 28 1196 1195 2501 1177
12681 4 2 16 28 983 998 1512 2302
12682 4 2 16 28 2263 840 1610 3683
12683 4 2 16 28 524 672 525 2790
12684 4 2 16 28 2124 2493 2289 3714
12685 4 2 16 28 2201 2096 2191 3717
12686 4 2 16 28 2203 610 3697 3777
12687 4 2 16 28 95 2703 2369 3711
12688 4 2 16 28 881 3664 844 3679
12689 4 2 16 28 2788 2140 2251 2252
12690 4 2 16 28 2808 2710 278 279
12691 4 2 16 28 2635 2835 2380 2102
12692 4 2 16 28 2206 768 2488 2371
12693 4 2 16 28 2341 1690 1124 1097
12694 4 2 16 28 2293 2606 2456 2459
12695 4 2 16 28 2089 2289 2224 2468
12696 4 2 16 28 2121 2136 1112 3661
12697 4 2 16 28 2153 757 758 3688
12698 4 2 16 28 1006 2173 1005 3754
12699 4 2 16 28 465 1364 2766 2657
12700 4 2 16 28 2250 947 1489 948
12701 4 2 16 28 2666 2376 78 3665
12702 4 2 16 28 288 257 2429 2733
12703 4 2 16 28 1018 166 2277 1105
12704 4 2 16 28 1365 467 1453 2645
12705 4 2 16 28 949 948 2125 2281
12706 4 2 16 28 167 2107 1013 142
12707 4 2 16 28 2612 691 2139 690
12708 4 2 16 28 2249 2598 2182 2597
12709 4 2 16 28 878 1641 1006 3754
12710 4 2 16 28 1034 1035 2093 1576
12711 4 2 16 28 85 23 32 3346
12712 4 2 16 28 1200 1199 2569 1180
12713 4 2 16 28 387 628 2376 388
12714 4 2 16 28 2319 650 2171 3749
12715 4 2 16 28 22 14 1308 3679
12716 4 2 16 28 245 1310 241 3679
12717 4 2 16 28 138 979 1002 2158
12718 4 2 16 28 1373 539 2649 1428
12719 4 2 16 28 2444 181 2194 2269
12720 4 2 16 28 2458 1189 2758 2196
12721 4 2 16 28 2208 4 3300 3763
12722 4 2 16 28 1012 142 167 1623
12723 4 2 16 28 2304 1168 1185 2490
12724 4 2 16 28 2250 1556 947 820
12725 4 2 16 28 456 741 740 2597
12726 4 2 16 28 2167 955 2147 3686
12727 4 2 16 28 2338 2182 741 2130
12728 4 2 16 28 87 28 248 3758
12729 4 2 16 28 184 2426 1197 188
12730 4 2 16 28 2399 2848 2734 1301
12731 4 2 16 28 2750 2535 2404 3749
12732 4 2 16 28 1403 1347 1469 2449
12733 4 2 16 28 38 42 160 3345
12734 4 2 16 28 1190 1189 2661 1172
12735 4 2 16 28 2420 464 2811 733
12736 4 2 16 28 11 3704 3409 3741
12737 4 2 16 28 2158 2239 131 979
12738 4 2 16 28 1409 1356 437 2522
12739 4 2 16 28 2162 94 1557 3753
12740 4 2 16 28 999 2306 1000 2287
12741 4 2 16 28 2283 2210 940 1041
12742 4 2 16 28 280 281 250 2466
12743 4 2 16 28 2658 2368 2089 2468
12744 4 2 16 28 2390 323 322 2735
12745 4 2 16 28 2737 322 2390 562
12746 4 2 16 28 89 102 3653 3740
12747 4 2 16 28 727 469 2557 470
12748 4 2 16 28 2114 1005 1004 1493
12749 4 2 16 28 2345 63 2169 2319
12750 4 2 16 28 327 2767 326 2787
12751 4 2 16 28 844 3664 22 3679
12752 4 2 16 28 2232 2200 1121 3698
12753 4 2 16 28 2200 1119 1687 1120
12754 4 2 16 28 2131 1562 2291 3692
12755 4 2 16 28 2241 2166 2240 3776
12756 4 2 16 28 2389 2556 2139 2624
12757 4 2 16 28 64 2082 2325 2310
12758 4 2 16 28 1608 2188 969 842
12759 4 2 16 28 2191 2386 2835 2619
12760 4 2 16 28 2516 376 377 2562
12761 4 2 16 28 2593 2592 2836 3761
12762 4 2 16 28 2830 3712 920 3713
12763 4 2 16 28 2289 2374 2224 2468
12764 4 2 16 28 2601 2118 2502 2402
12765 4 2 16 28 2608 2741 2797 3729
12766 4 2 16 28 185 2194 181 1202
12767 4 2 16 28 2421 2735 1387 1439
12768 4 2 16 28 2399 2848 1302 3651
12769 4 2 16 28 95 2575 2369 2703
12770 4 2 16 28 2208 5 4 3763
12771 4 2 16 28 2831 2462 400 2842
12772 4 2 16 28 2275 3654 2122 3695
12773 4 2 16 28 790 2163 2180 2288
12774 4 2 16 28 633 394 634 2466
12775 4 2 16 28 2176 2546 1179 2225
12776 4 2 16 28 2089 2368 2289 2468
12777 4 2 16 28 2109 2232 2233 3698
12778 4 2 16 28 2575 1277 2850 2734
12779 4 2 16 28 2522 437 2799 2779
12780 4 2 16 28 882 161 160 3750
12781 4 2 16 28 1003 1513 978 2253
12782 4 2 16 28 2505 2574 2596 2231
12783 4 2 16 28 2614 182 186 1187
12784 4 2 16 28 2149 2385 2526 704
12785 4 2 16 28 2679 1403 311 1341
12786 4 2 16 28 2682 2474 276 275
12787 4 2 16 28 2370 467 1365 2645
12788 4 2 16 28 2747 2584 3656 3685
12789 4 2 16 28 1363 405 404 2541
12790 4 2 16 28 1380 351 352 2504
12791 4 2 16 28 2460 2789 330 2651
12792 4 2 16 28 419 696 2383 695
12793 4 2 16 28 318 559 2809 558
12794 4 2 16 28 2722 82 74 2563
12795 4 2 16 28 2541 2438 1450 406
12796 4 2 16 28 1302 3765 2848 3775
12797 4 2 16 28 2616 2713 2236 3755
12798 4 2 16 28 2370 466 467 2812
12799 4 2 16 28 394 393 2466 633
12800 4 2 16 28 2369 3650 2328 3691
12801 4 2 16 28 2139 1176 2150 2389
12802 4 2 16 28 2352 2120 966 2351
12803 4 2 16 28 809 3710 2705 3723
12804 4 2 16 28 2176 1198 2546 2426
12805 4 2 16 28 2836 3674 2719 3728
12806 4 2 16 28 2745 394 395 2783
12807 4 2 16 28 2437 2534 2140 2788
12808 4 2 16 28 2159 2116 3675 3702
12809 4 2 16 28 2600 2224 2493 2374
12810 4 2 16 28 276 307 2487 2682
12811 4 2 16 28 471 1345 1447 2422
12812 4 2 16 28 3713 3714 811 3753
12813 4 2 16 28 1014 1015 2280 1108
12814 4 2 16 28 2153 1167 2204 2668
12815 4 2 16 28 1470 1343 2589 1405
12816 4 2 16 28 610 2203 3503 3777
12817 4 2 16 28 739 458 457 2598
12818 4 2 16 28 509 785 2714 2400
12819 4 2 16 28 843 100 28 3719
12820 4 2 16 28 2224 2124 2493 2289
12821 4 2 16 28 332 333 1426 2629
12822 4 2 16 28 2119 2616 2400 2675
12823 4 2 16 28 2187 2188 970 3671
12824 4 2 16 28 2147 1602 828 3686
12825 4 2 16 28 2723 74 82 2563
12826 4 2 16 28 112 101 245 3679
12827 4 2 16 28 2730 519 518 2366
12828 4 2 16 28 2687 266 2432 267
12829 4 2 16 28 2535 81 2140 3749
12830 4 2 16 28 1327 2837 1334 70
12831 4 2 16 28 143 1018 1617 2277
12832 4 2 16 28 2575 2734 2848 3768
12833 4 2 16 28 2578 2820 380 381
12834 4 2 16 28 2703 3668 2585 3733
12835 4 2 16 28 2225 753 2325 2728
12836 4 2 16 28 2502 2780 435 434
12837 4 2 16 28 2294 996 2104 2259
12838 4 2 16 28 2739 344 1349 2497
12839 4 2 16 28 2224 2600 2493 2124
12840 4 2 16 28 227 151 906 3361
12841 4 2 16 28 3299 226 106 905
12842 4 2 16 28 161 1741 160 3750
12843 4 2 16 28 2537 2706 1390 493
12844 4 2 16 28 613 77 628 3682
12845 4 2 16 28 529 1388 528 2396
12846 4 2 16 28 1411 1350 520 2801
12847 4 2 16 28 185 2194 2444 181
12848 4 2 16 28 2319 3748 648 3749
12849 4 2 16 28 2143 1700 1057 1062
12850 4 2 16 28 2441 429 1385 1432
12851 4 2 16 28 2558 2145 2299 731
12852 4 2 16 28 2478 305 274 2682
12853 4 2 16 28 2149 2184 2526 2527
12854 4 2 16 28 2347 86 794 1518
12855 4 2 16 28 1124 1125 1690 2341
12856 4 2 16 28 542 543 2851 654
12857 4 2 16 28 2711 2592 2593 3657
12858 4 2 16 28 2226 2102 2312 2635
12859 4 2 16 28 559 318 2809 319
12860 4 2 16 28 2139 2170 2251 2477
12861 4 2 16 28 505 506 1369 2436
12862 4 2 16 28 122 2283 2162 939
12863 4 2 16 28 2521 2693 335 336
12864 4 2 16 28 2096 3689 2492 3718
12865 4 2 16 28 2806 2206 2489 2127
12866 4 2 16 28 3652 3661 1080 3681
12867 4 2 16 28 661 535 2618 536
12868 4 2 16 28 2163 1171 2197 2439
12869 4 2 16 28 920 1648 1043 1536
12870 4 2 16 28 896 1585 1720 1019
12871 4 2 16 28 1649 915 1048 1537
12872 4 2 16 28 1719 1024 1586 891
12873 4 2 16 28 2719 1072 3674 3752
12874 4 2 16 28 89 90 1523 1479
12875 4 2 16 28 793 130 90 1479
12876 4 2 16 28 2182 741 2130 2597
12877 4 2 16 28 2757 2376 2536 3665
12878 4 2 16 28 2251 2140 2534 3748
12879 4 2 16 28 2108 1738 1116 3657
12880 4 2 16 28 131 979 138 2158
12881 4 2 16 28 909 1663 1037 1564
12882 4 2 16 28 885 1727 1013 1616
12883 4 2 16 28 1025 1578 897 1707
12884 4 2 16 28 1522 921 1049 1654
12885 4 2 16 28 1664 1042 1565 914
12886 4 2 16 28 1708 1030 1579 902
12887 4 2 16 28 1018 1728 890 1617
12888 4 2 16 28 1523 926 1655 1054
12889 4 2 16 28 129 86 2123 971
12890 4 2 16 28 522 1372 1418 2457
12891 4 2 16 28 240 1302 3410 3746
12892 4 2 16 28 213 3376 1275 3745
12893 4 2 16 28 249 280 250 2466
12894 4 2 16 28 2584 3678 2705 3722
12895 4 2 16 28 2760 2441 1385 261
12896 4 2 16 28 2311 946 1509 947
12897 4 2 16 28 2172 3673 3695 3754
12898 4 2 16 28 2437 2763 2788 2251
12899 4 2 16 28 2344 1033 152 1061
12900 4 2 16 28 2143 1058 2256 1700
12901 4 2 16 28 2394 3703 3702 3776
12902 4 2 16 28 3668 2585 3733 3734
12903 4 2 16 28 2326 3655 10 3670
12904 4 2 16 28 2151 3650 216 3691
12905 4 2 16 28 271 301 2386 270
12906 4 2 16 28 434 1368 2430 435
12907 4 2 16 28 12 9 46 149
12908 4 2 16 28 13 3693 3653 3740
12909 4 2 16 28 416 1423 1370 2388
12910 4 2 16 28 2325 2310 2179 3431
12911 4 2 16 28 265 1398 2665 2623
12912 4 2 16 28 205 3379 4 3720
12913 4 2 16 28 5 3379 206 3720
12914 4 2 16 28 468 2648 469 1361
12915 4 2 16 28 2301 2121 2108 3680
12916 4 2 16 28 375 374 1364 2755
12917 4 2 16 28 26 1078 3354 3681
12918 4 2 16 28 1091 3729 1092 3730
12919 4 2 16 28 2136 169 2340 1692
12920 4 2 16 28 2314 1687 1119 1102
12921 4 2 16 28 2121 1113 1081 1737
12922 4 2 16 28 1617 166 143 2277
12923 4 2 16 28 1097 1096 2222 1690
12924 4 2 16 28 2162 939 2111 3753
12925 4 2 16 28 743 2825 744 2130
12926 4 2 16 28 2207 2286 1117 1104
12927 4 2 16 28 3302 214 820 3331
12928 4 2 16 28 819 3334 239 3364
12929 4 2 16 28 1279 3393 2440 3769
12930 4 2 16 28 2215 1180 2130 2569
12931 4 2 16 28 2378 2681 2130 2568
12932 4 2 16 28 2124 3692 2493 3714
12933 4 2 16 28 1402 2759 342 2739
12934 4 2 16 28 1080 1077 3652 3681
12935 4 2 16 28 2837 1327 2438 70
12936 4 2 16 28 2345 3445 2170 2320
12937 4 2 16 28 2440 1280 2671 3770
12938 4 2 16 28 2525 257 256 1374
12939 4 2 16 28 2125 2273 2274 3649
12940 4 2 16 28 78 3665 2376 3682
12941 4 2 16 28 2345 2170 3438 2319
12942 4 2 16 28 1178 2255 2318 2601
12943 4 2 16 28 2193 626 76 3777
12944 4 2 16 28 172 1122 1099 2356
12945 4 2 16 28 1016 2278 1487 2120
12946 4 2 16 28 2765 2450 314 554
12947 4 2 16 28 2483 2670 3646 3774
12948 4 2 16 28 1121 2339 1693 2200
12949 4 2 16 28 2124 2111 2291 3692
12950 4 2 16 28 1617 1018 166 2277
12951 4 2 16 28 2618 2308 2142 2245
12952 4 2 16 28 943 2088 2291 3711
12953 4 2 16 28 844 22 3664 3740
12954 4 2 16 28 2565 498 2373 774
12955 4 2 16 28 2326 2324 2208 3655
12956 4 2 16 28 257 2525 256 2429
12957 4 2 16 28 918 3722 3721 3723
12958 4 2 16 28 2273 2274 3649 3690
12959 4 2 16 28 1375 1429 2829 350
12960 4 2 16 28 406 2837 2438 70
12961 4 2 16 28 1678 149 1679 3766
12962 4 2 16 28 1349 343 344 2739
12963 4 2 16 28 1634 2172 139 3673
12964 4 2 16 28 1034 1035 1509 2093
12965 4 2 16 28 1634 139 111 1636
12966 4 2 16 28 2676 2144 725 724
12967 4 2 16 28 140 2275 112 3750
12968 4 2 16 28 1705 2232 1122 3658
12969 4 2 16 28 301 271 2386 302
12970 4 2 16 28 798 2106 2354 92
12971 4 2 16 28 2778 524 525 2790
12972 4 2 16 28 792 35 22 3307
12973 4 2 16 28 1078 3669 883 3681
12974 4 2 16 28 649 547 2404 548
12975 4 2 16 28 2250 1552 948 3705
12976 4 2 16 28 507 2400 783 508
12977 4 2 16 28 1357 509 1410 2497
12978 4 2 16 28 836 2350 1613 3718
12979 4 2 16 28 2275 2321 2122 3654
12980 4 2 16 28 2133 3709 2254 3737
12981 4 2 16 28 2389 2692 1176 2150
12982 4 2 16 28 2731 2595 2621 3664
12983 4 2 16 28 2582 382 2578 622
12984 4 2 16 28 2380 3701 98 3717
12985 4 2 16 28 2321 169 2275 2136
12986 4 2 16 28 1061 1033 1032 2281
12987 4 2 16 28 981 982 2287 1045
12988 4 2 16 28 919 3712 2830 3721
12989 4 2 16 28 17 2529 3652 3742
12990 4 2 16 28 1044 982 2112 983
12991 4 2 16 28 1184 2204 1167 2668
12992 4 2 16 28 2271 2247 927 3707
12993 4 2 16 28 2098 2147 2230 3686
12994 4 2 16 28 1374 1421 256 2525
12995 4 2 16 28 2398 2719 3727 3752
12996 4 2 16 28 2850 2666 1279 3691
12997 4 2 16 28 1340 2362 2783 1443
12998 4 2 16 28 339 1350 1411 2801
12999 4 2 16 28 2323 2794 2309 2453
13000 4 2 16 28 100 841 3648 3694
13001 4 2 16 28 224 3715 215 3751
13002 4 2 16 28 2201 3717 98 3718
13003 4 2 16 28 1669 2294 137 997
13004 4 2 16 28 2850 2666 2440 1279
13005 4 2 16 28 559 2809 2409 2775
13006 4 2 16 28 2151 945 1554 822
13007 4 2 16 28 2280 1696 2189 1108
13008 4 2 16 28 3307 792 3342 3740
13009 4 2 16 28 2394 804 3702 3703
13010 4 2 16 28 2376 2755 373 374
13011 4 2 16 28 547 649 2404 650
13012 4 2 16 28 3446 3503 2203 3777
13013 4 2 16 28 2248 2102 2226 3732
13014 4 2 16 28 88 797 2175 1482
13015 4 2 16 28 1055 1681 153 3672
13016 4 2 16 28 390 630 389 3770
13017 4 2 16 28 117 3651 3739 3746
13018 4 2 16 28 746 450 2681 451
13019 4 2 16 28 1098 1026 1099 2220
13020 4 2 16 28 979 980 1511 2239
13021 4 2 16 28 152 2093 1573 1033
13022 4 2 16 28 1186 2322 2675 1170
13023 4 2 16 28 1117 1718 1118 2177
13024 4 2 16 28 1330 550 1473 2471
13025 4 2 16 28 996 997 1516 2259
13026 4 2 16 28 152 1061 1699 2344
13027 4 2 16 28 2516 2657 375 1455
13028 4 2 16 28 2344 1061 2281 1033
13029 4 2 16 28 629 1295 3770 3778
13030 4 2 16 28 2256 2198 1057 3672
13031 4 2 16 28 1416 435 2849 1368
13032 4 2 16 28 749 447 750 2587
13033 4 2 16 28 2274 2260 2092 3767
13034 4 2 16 28 1339 475 1444 2683
13035 4 2 16 28 159 883 3669 3681
13036 4 2 16 28 2738 585 345 2414
13037 4 2 16 28 2226 2146 2244 3757
13038 4 2 16 28 1021 1022 2314 1587
13039 4 2 16 28 2594 517 518 2730
13040 4 2 16 28 451 452 1353 2508
13041 4 2 16 28 268 1389 2432 2814
13042 4 2 16 28 1 3660 2540 3737
13043 4 2 16 28 907 240 1059 3746
13044 4 2 16 28 904 862 213 3745
13045 4 2 16 28 2236 2163 2713 2563
13046 4 2 16 28 2260 3764 2092 3767
13047 4 2 16 28 880 3679 112 3684
13048 4 2 16 28 2155 2307 2264 673
13049 4 2 16 28 2129 2599 2182 2598
13050 4 2 16 28 2119 2180 2329 3755
13051 4 2 16 28 999 2160 1647 3685
13052 4 2 16 28 2145 2144 2559 2423
13053 4 2 16 28 2201 963 2349 2350
13054 4 2 16 28 2215 1199 2469 1179
13055 4 2 16 28 2121 1112 1737 3661
13056 4 2 16 28 2652 423 700 699
13057 4 2 16 28 2273 2101 2274 3690
13058 4 2 16 28 245 247 843 882
13059 4 2 16 28 187 1192 2252 183
13060 4 2 16 28 2184 2149 2501 2527
13061 4 2 16 28 2251 2477 2170 2333
13062 4 2 16 28 2621 16 241 3684
13063 4 2 16 28 2254 2256 1058 3709
13064 4 2 16 28 2746 2478 274 2682
13065 4 2 16 28 2393 2503 1371 488
13066 4 2 16 28 2655 2753 2853 368
13067 4 2 16 28 335 334 574 2693
13068 4 2 16 28 2216 1037 988 2327
13069 4 2 16 28 92 2106 2354 2247
13070 4 2 16 28 2175 2110 3719 3758
13071 4 2 16 28 1079 3661 25 3681
13072 4 2 16 28 1444 2683 475 2480
13073 4 2 16 28 25 3354 1079 3681
13074 4 2 16 28 2299 3460 2300 2090
13075 4 2 16 28 2694 2493 2707 2124
13076 4 2 16 28 1459 1342 512 2415
13077 4 2 16 28 1345 1447 2422 382
13078 4 2 16 28 1388 329 330 2533
13079 4 2 16 28 3303 225 214 820
13080 4 2 16 28 228 239 819 3365
13081 4 2 16 28 2121 2321 3661 3680
13082 4 2 16 28 2143 2281 1061 1032
13083 4 2 16 28 100 3648 247 3694
13084 4 2 16 28 1332 406 1450 2438
13085 4 2 16 28 1275 2828 2575 3745
13086 4 2 16 28 866 3668 3733 3734
13087 4 2 16 28 2111 2283 940 939
13088 4 2 16 28 2096 3717 2201 3718
13089 4 2 16 28 2108 1116 1733 3657
13090 4 2 16 28 2400 507 2786 508
13091 4 2 16 28 2139 1176 2389 1194
13092 4 2 16 28 2612 2717 414 690
13093 4 2 16 28 756 757 2452 2153
13094 4 2 16 28 2359 2744 2776 3704
13095 4 2 16 28 2497 2738 2739 344
13096 4 2 16 28 2232 2227 2233 3730
13097 4 2 16 28 1048 1539 2239 1047
13098 4 2 16 28 339 2800 2801 1411
13099 4 2 16 28 2693 336 2456 576
13100 4 2 16 28 1104 166 171 2277
13101 4 2 16 28 956 1600 2147 828
13102 4 2 16 28 2764 2595 2731 3724
13103 4 2 16 28 625 2583 385 2684
13104 4 2 16 28 2178 959 1490 960
13105 4 2 16 28 2489 2206 2490 2204
13106 4 2 16 28 2171 2752 652 2576
13107 4 2 16 28 1059 48 52 3347
13108 4 2 16 28 86 129 2123 2347
13109 4 2 16 28 2535 2140 2534 2788
13110 4 2 16 28 2499 2846 2673 1367
13111 4 2 16 28 2849 2522 1356 253
13112 4 2 16 28 624 384 2583 2582
13113 4 2 16 28 408 1330 2609 1460
13114 4 2 16 28 227 906 151 3766
13115 4 2 16 28 905 226 106 3766
13116 4 2 16 28 1095 1096 1697 2138
13117 4 2 16 28 966 1614 2352 3689
13118 4 2 16 28 912 3733 3735 3736
13119 4 2 16 28 2307 2458 2636 2647
13120 4 2 16 28 2540 3731 3668 3737
13121 4 2 16 28 934 935 1508 2305
13122 4 2 16 28 2181 2324 2326 3655
13123 4 2 16 28 2383 2556 419 695
13124 4 2 16 28 2224 2791 2600 3759
13125 4 2 16 28 935 936 2257 2218
13126 4 2 16 28 2296 2108 1116 2207
13127 4 2 16 28 2151 216 3650 3715
13128 4 2 16 28 2343 2248 2134 962
13129 4 2 16 28 260 259 2360 2777
13130 4 2 16 28 964 1017 1018 2135
13131 4 2 16 28 2301 3654 2321 3680
13132 4 2 16 28 961 962 1019 2134
13133 4 2 16 28 2603 529 668 2602
13134 4 2 16 28 2212 2218 2257 936
13135 4 2 16 28 1342 342 1402 2759
13136 4 2 16 28 2465 455 1366 2627
13137 4 2 16 28 2159 804 1532 932
13138 4 2 16 28 2605 2309 755 2153
13139 4 2 16 28 627 628 3491 3720
13140 4 2 16 28 2556 2282 695 2150
13141 4 2 16 28 26 3669 1078 3681
13142 4 2 16 28 165 2339 2219 1100
13143 4 2 16 28 798 92 2354 1481
13144 4 2 16 28 869 2585 3712 3734
13145 4 2 16 28 2204 1184 2490 2489
13146 4 2 16 28 416 2624 692 693
13147 4 2 16 28 2376 2666 2536 3665
13148 4 2 16 28 1100 1023 2339 1588
13149 4 2 16 28 2662 2535 2335 3749
13150 4 2 16 28 2151 1551 822 3650
13151 4 2 16 28 216 2151 2092 3715
13152 4 2 16 28 953 1605 2137 952
13153 4 2 16 28 2734 3771 2850 3773
13154 4 2 16 28 2177 2108 3657 3762
13155 4 2 16 28 2817 2528 422 421
13156 4 2 16 28 2335 2788 2472 2252
13157 4 2 16 28 1180 2485 2569 1200
13158 4 2 16 28 499 1441 2564 2702
13159 4 2 16 28 2140 2335 2252 2788
13160 4 2 16 28 2406 1173 2407 2141
13161 4 2 16 28 574 575 335 2693
13162 4 2 16 28 323 1387 2735 1439
13163 4 2 16 28 394 393 2783 2466
13164 4 2 16 28 2351 965 2120 966
13165 4 2 16 28 2356 2099 1123 1695
13166 4 2 16 28 2372 2658 2089 2468
13167 4 2 16 28 2341 1096 2222 2138
13168 4 2 16 28 981 980 1046 2157
13169 4 2 16 28 437 436 2522 1356
13170 4 2 16 28 2194 2677 2323 2144
13171 4 2 16 28 2333 2140 2251 3748
13172 4 2 16 28 684 409 2610 685
13173 4 2 16 28 1111 2136 1079 3661
13174 4 2 16 28 1380 2504 352 2607
13175 4 2 16 28 3653 3693 796 3740
13176 4 2 16 28 961 2248 830 3732
13177 4 2 16 28 359 2646 598 599
13178 4 2 16 28 234 2260 3363 3764
13179 4 2 16 28 2294 2161 137 997
13180 4 2 16 28 1021 1022 1490 2314
13181 4 2 16 28 1034 1033 1573 2093
13182 4 2 16 28 2394 3677 804 3703
13183 4 2 16 28 2485 2597 2598 2249
13184 4 2 16 28 374 2757 614 2376
13185 4 2 16 28 408 409 2610 684
13186 4 2 16 28 10 3670 3655 3720
13187 4 2 16 28 3654 3661 2321 3680
13188 4 2 16 28 1694 1117 2286 1104
13189 4 2 16 28 1122 2232 1702 3658
13190 4 2 16 28 1392 497 2564 1399
13191 4 2 16 28 165 2339 2148 2219
13192 4 2 16 28 2246 953 2137 952
13193 4 2 16 28 331 1382 1436 2629
13194 4 2 16 28 2148 2220 2356 1099
13195 4 2 16 28 2096 2492 3717 3718
13196 4 2 16 28 2261 1513 1004 1003
13197 4 2 16 28 311 312 2710 552
13198 4 2 16 28 1095 1029 2138 2334
13199 4 2 16 28 2260 3763 2208 3764
13200 4 2 16 28 2646 358 359 598
13201 4 2 16 28 672 524 673 2790
13202 4 2 16 28 728 469 2557 727
13203 4 2 16 28 2180 788 787 3755
13204 4 2 16 28 1107 1108 2280 1015
13205 4 2 16 28 526 670 2392 671
13206 4 2 16 28 2172 1636 139 3673
13207 4 2 16 28 892 2719 3674 3728
13208 4 2 16 28 2153 1167 2668 2688
13209 4 2 16 28 881 1634 111 3673
13210 4 2 16 28 2144 2416 2323 2793
13211 4 2 16 28 2718 2766 463 2419
13212 4 2 16 28 447 2567 2587 448
13213 4 2 16 28 143 1019 2277 1585
13214 4 2 16 28 725 2559 2676 472
13215 4 2 16 28 3421 3670 3496 3720
13216 4 2 16 28 2248 2226 2178 3756
13217 4 2 16 28 2308 2618 2754 2659
13218 4 2 16 28 2093 152 1573 134
13219 4 2 16 28 696 419 2383 420
13220 4 2 16 28 2669 1414 2827 1358
13221 4 2 16 28 1343 279 2408 1405
13222 4 2 16 28 2204 2206 2490 1168
13223 4 2 16 28 938 122 147 2284
13224 4 2 16 28 543 653 544 2576
13225 4 2 16 28 964 963 1613 2350
13226 4 2 16 28 2181 2420 2129 2299
13227 4 2 16 28 453 1362 2772 454
13228 4 2 16 28 2495 2163 2614 1187
13229 4 2 16 28 260 291 2637 2360
13230 4 2 16 28 3331 820 3302 905
13231 4 2 16 28 819 906 3334 3364
13232 4 2 16 28 2107 2263 142 127
13233 4 2 16 28 2278 965 1487 2120
13234 4 2 16 28 320 561 2737 560
13235 4 2 16 28 1530 2159 804 3702
13236 4 2 16 28 1279 2440 2850 3773
13237 4 2 16 28 72 443 1474 2498
13238 4 2 16 28 2271 2247 2106 927
13239 4 2 16 28 3708 3743 2511 3747
13240 4 2 16 28 2227 2355 2100 3672
13241 4 2 16 28 2575 3700 1276 3745
13242 4 2 16 28 3307 21 22 3740
13243 4 2 16 28 388 613 2376 373
13244 4 2 16 28 1061 2344 2281 2143
13245 4 2 16 28 2137 2199 2246 952
13246 4 2 16 28 3655 3682 4 3720
13247 4 2 16 28 411 412 2477 687
13248 4 2 16 28 1385 260 261 2441
13249 4 2 16 28 1170 2495 2163 2236
13250 4 2 16 28 2604 2543 532 665
13251 4 2 16 28 323 2736 324 1439
13252 4 2 16 28 544 653 652 2576
13253 4 2 16 28 3656 3685 2584 3721
13254 4 2 16 28 2412 425 424 1398
13255 4 2 16 28 1027 2099 1098 1097
13256 4 2 16 28 498 774 775 2373
13257 4 2 16 28 1484 942 1039 2131
13258 4 2 16 28 2672 1195 2413 2149
13259 4 2 16 28 2604 2391 2659 2308
13260 4 2 16 28 2442 66 1328 2510
13261 4 2 16 28 2590 2128 2322 2304
13262 4 2 16 28 2111 812 3692 3714
13263 4 2 16 28 2502 2527 2841 2184
13264 4 2 16 28 2093 1033 1489 1034
13265 4 2 16 28 2420 2558 2145 2299
13266 4 2 16 28 2723 2163 82 2288
13267 4 2 16 28 17 1313 25 3681
13268 4 2 16 28 2139 2624 691 2612
13269 4 2 16 28 1358 413 2827 2669
13270 4 2 16 28 2579 3648 3671 3694
13271 4 2 16 28 1671 2265 866 3731
13272 4 2 16 28 822 3650 3700 3715
13273 4 2 16 28 3696 3728 2719 3757
13274 4 2 16 28 1198 2176 2546 1179
13275 4 2 16 28 965 966 1487 2120
13276 4 2 16 28 2280 1696 1108 1113
13277 4 2 16 28 1042 2237 132 147
13278 4 2 16 28 49 52 45 3347
13279 4 2 16 28 1009 2174 1008 3695
13280 4 2 16 28 1 2540 2828 3667
13281 4 2 16 28 747 450 2732 2681
13282 4 2 16 28 2110 2188 2187 3671
13283 4 2 16 28 2158 2276 138 2261
13284 4 2 16 28 561 320 2737 321
13285 4 2 16 28 2593 3662 3353 3666
13286 4 2 16 28 323 2390 563 564
13287 4 2 16 28 3671 3719 2110 3758
13288 4 2 16 28 821 946 1554 3715
13289 4 2 16 28 978 131 138 2158
13290 4 2 16 28 2130 744 745 2378
13291 4 2 16 28 964 963 2350 2135
13292 4 2 16 28 2346 652 2576 2171
13293 4 2 16 28 2144 2676 2416 2793
13294 4 2 16 28 2849 1416 253 1356
13295 4 2 16 28 138 1003 2158 2261
13296 4 2 16 28 2732 2215 2568 2587
13297 4 2 16 28 2105 2240 2243 933
13298 4 2 16 28 2423 2708 2145 1181
13299 4 2 16 28 350 349 2829 1375
13300 4 2 16 28 2388 418 417 1376
13301 4 2 16 28 2218 2117 2240 3710
13302 4 2 16 28 2390 323 324 564
13303 4 2 16 28 311 552 2710 551
13304 4 2 16 28 307 275 2682 276
13305 4 2 16 28 2339 1024 1100 1588
13306 4 2 16 28 1552 947 2250 948
13307 4 2 16 28 2397 2228 1172 2156
13308 4 2 16 28 2187 971 88 3719
13309 4 2 16 28 1284 2440 1279 3773
13310 4 2 16 28 238 3649 1300 3699
13311 4 2 16 28 1277 3650 215 3700
13312 4 2 16 28 906 240 227 3361
13313 4 2 16 28 213 226 3299 905
13314 4 2 16 28 2488 768 492 2371
13315 4 2 16 28 217 2092 3304 3767
13316 4 2 16 28 655 542 2552 2851
13317 4 2 16 28 2334 1030 1095 1582
13318 4 2 16 28 1307 22 21 3740
13319 4 2 16 28 715 440 2531 716
13320 4 2 16 28 2346 2141 656 2235
13321 4 2 16 28 1180 2485 1200 2249
13322 4 2 16 28 539 540 2649 2650
13323 4 2 16 28 249 64 280 3645
13324 4 2 16 28 1699 2143 1061 1058
13325 4 2 16 28 2560 326 325 2767
13326 4 2 16 28 674 523 2769 2790
13327 4 2 16 28 2311 945 946 2151
13328 4 2 16 28 2394 3676 803 3677
13329 4 2 16 28 2395 3693 13 3758
13330 4 2 16 28 2402 2502 435 711
13331 4 2 16 28 655 541 2552 542
13332 4 2 16 28 1062 156 154 2198
13333 4 2 16 28 2531 2255 2532 2179
13334 4 2 16 28 2079 2260 2101 3741
13335 4 2 16 28 2177 1118 1117 1694
13336 4 2 16 28 1277 2575 3650 3700
13337 4 2 16 28 2853 2443 368 2753
13338 4 2 16 28 3492 3421 631 3670
13339 4 2 16 28 2756 373 388 2376
13340 4 2 16 28 860 3667 2703 3668
13341 4 2 16 28 987 988 1514 2342
13342 4 2 16 28 1013 2258 1109 2189
13343 4 2 16 28 2558 2423 2708 2145
13344 4 2 16 28 2750 548 649 2404
13345 4 2 16 28 1094 1126 2355 3672
13346 4 2 16 28 2737 2390 322 2735
13347 4 2 16 28 2492 3716 3717 3718
13348 4 2 16 28 2593 3716 1073 3761
13349 4 2 16 28 1296 3704 3646 3741
13350 4 2 16 28 608 2203 3759 3760
13351 4 2 16 28 2283 2237 1042 147
13352 4 2 16 28 904 821 903 3745
13353 4 2 16 28 908 818 907 3746
13354 4 2 16 28 84 2444 2309 2605
13355 4 2 16 28 2144 2559 2676 725
13356 4 2 16 28 410 411 1470 2845
13357 4 2 16 28 2232 3658 1705 3730
13358 4 2 16 28 2172 3695 2122 3754
13359 4 2 16 28 2703 3733 2585 3735
13360 4 2 16 28 642 403 2774 402
13361 4 2 16 28 2129 2599 2420 2181
13362 4 2 16 28 2836 3696 2380 3701
13363 4 2 16 28 403 642 2774 643
13364 4 2 16 28 950 1031 949 2272
13365 4 2 16 28 2372 2571 356 596
13366 4 2 16 28 2703 2575 2828 3667
13367 4 2 16 28 2115 2205 136 3663
13368 4 2 16 28 2392 2264 2636 2790
13369 4 2 16 28 1741 2340 1010 3750
13370 4 2 16 28 100 3671 3694 3719
13371 4 2 16 28 14 22 3664 3679
13372 4 2 16 28 2322 2447 2128 2590
13373 4 2 16 28 2185 2149 2317 703
13374 4 2 16 28 1279 2440 1284 3769
13375 4 2 16 28 1341 548 1457 2749
13376 4 2 16 28 2172 1008 2174 3695
13377 4 2 16 28 1027 1485 2222 1028
13378 4 2 16 28 1039 1038 2342 1501
13379 4 2 16 28 440 715 2531 439
13380 4 2 16 28 2411 2206 2371 2126
13381 4 2 16 28 2137 954 2167 3747
13382 4 2 16 28 2150 2279 2282 697
13383 4 2 16 28 535 661 2618 662
13384 4 2 16 28 435 1416 2849 1356
13385 4 2 16 28 1099 165 2220 1707
13386 4 2 16 28 319 1428 2553 320
13387 4 2 16 28 58 55 59 3308
13388 4 2 16 28 58 54 55 3308
13389 4 2 16 28 52 48 45 3347
13390 4 2 16 28 798 92 90 2106
13391 4 2 16 28 2750 647 2535 3749
13392 4 2 16 28 2738 2497 1410 344
13393 4 2 16 28 2418 2782 1401 1348
13394 4 2 16 28 1125 1126 2355 1706
13395 4 2 16 28 1344 341 2712 1406
13396 4 2 16 28 22 14 3664 3740
13397 4 2 16 28 275 307 2682 306
13398 4 2 16 28 2399 3651 1302 3746
13399 4 2 16 28 964 1017 2135 2278
13400 4 2 16 28 2715 788 512 2713
13401 4 2 16 28 2207 2277 1104 171
13402 4 2 16 28 978 138 1003 2158
13403 4 2 16 28 373 2755 1449 374
13404 4 2 16 28 2758 2197 1171 2439
13405 4 2 16 28 245 3679 241 3684
13406 4 2 16 28 253 2522 1356 252
13407 4 2 16 28 491 768 2488 767
13408 4 2 16 28 2188 1607 969 842
13409 4 2 16 28 1277 2575 2850 3650
13410 4 2 16 28 998 1647 2160 3656
13411 4 2 16 28 1410 2738 344 345
13412 4 2 16 28 2403 430 431 2795
13413 4 2 16 28 946 1556 947 2250
13414 4 2 16 28 427 1391 2547 2760
13415 4 2 16 28 263 293 2638 262
13416 4 2 16 28 2652 423 424 700
13417 4 2 16 28 2387 414 2717 690
13418 4 2 16 28 2336 2152 2116 3675
13419 4 2 16 28 334 335 1419 2521
13420 4 2 16 28 1123 1688 2099 1124
13421 4 2 16 28 1011 1012 970 2186
13422 4 2 16 28 3 55 54 3308
13423 4 2 16 28 45 48 12 3347
13424 4 2 16 28 2274 3767 2092 3772
13425 4 2 16 28 2466 2745 2783 394
13426 4 2 16 28 112 880 101 3679
13427 4 2 16 28 2711 2593 3662 3680
13428 4 2 16 28 245 112 3679 3684
13429 4 2 16 28 293 263 2638 294
13430 4 2 16 28 2163 2180 2236 2713
13431 4 2 16 28 2152 2271 928 3707
13432 4 2 16 28 628 2376 613 3682
13433 4 2 16 28 92 927 90 2106
13434 4 2 16 28 447 749 448 2587
13435 4 2 16 28 27 38 160 3345
13436 4 2 16 28 1174 2591 1191 2662
13437 4 2 16 28 132 984 137 2161
13438 4 2 16 28 314 1355 1412 2405
13439 4 2 16 28 1557 939 122 2162
13440 4 2 16 28 2816 2204 2489 2626
13441 4 2 16 28 2094 1024 958 2219
13442 4 2 16 28 2455 333 573 2630
13443 4 2 16 28 1196 2601 1178 2318
13444 4 2 16 28 903 861 904 3745
13445 4 2 16 28 908 907 1060 3746
13446 4 2 16 28 2274 2092 3751 3772
13447 4 2 16 28 2440 2734 2850 3773
13448 4 2 16 28 955 2220 1025 1026
13449 4 2 16 28 2398 3726 827 3727
13450 4 2 16 28 1184 1183 2668 1167
13451 4 2 16 28 1121 2148 2232 3658
13452 4 2 16 28 2705 3710 3703 3776
13453 4 2 16 28 2213 1114 1107 1691
13454 4 2 16 28 2395 3647 2701 3693
13455 4 2 16 28 2125 2272 2273 950
13456 4 2 16 28 1554 945 2151 946
13457 4 2 16 28 607 608 367 2655
13458 4 2 16 28 529 667 2603 668
13459 4 2 16 28 460 2599 2523 737
13460 4 2 16 28 1301 239 3407 3699
13461 4 2 16 28 214 1276 3374 3700
13462 4 2 16 28 2105 2305 2240 934
13463 4 2 16 28 140 129 1009 2174
13464 4 2 16 28 2290 1006 1007 3754
13465 4 2 16 28 2457 2519 1418 522
13466 4 2 16 28 2734 3419 1300 3771
13467 4 2 16 28 614 613 2376 3682
13468 4 2 16 28 2741 3726 2797 3729
13469 4 2 16 28 744 452 2378 453
13470 4 2 16 28 121 148 932 2242
13471 4 2 16 28 1381 320 2509 2553
13472 4 2 16 28 1554 2151 822 3715
13473 4 2 16 28 791 3342 792 3740
13474 4 2 16 28 2579 3648 18 3669
13475 4 2 16 28 2110 3647 2431 3671
13476 4 2 16 28 2125 3705 238 3751
13477 4 2 16 28 28 1315 20 3694
13478 4 2 16 28 24 1309 16 3684
13479 4 2 16 28 478 1328 2510 1475
13480 4 2 16 28 1392 2445 1441 355
13481 4 2 16 28 2714 2715 2616 3755
13482 4 2 16 28 731 2145 2299 2300
13483 4 2 16 28 2317 2526 2149 2184
13484 4 2 16 28 687 412 2477 688
13485 4 2 16 28 513 512 788 2713
13486 4 2 16 28 983 137 998 2302
13487 4 2 16 28 809 2705 3722 3723
13488 4 2 16 28 1455 376 2516 2562
13489 4 2 16 28 2350 2278 2351 964
13490 4 2 16 28 450 746 2681 747
13491 4 2 16 28 1642 2261 2276 3659
13492 4 2 16 28 374 613 2376 614
13493 4 2 16 28 2311 945 1036 946
13494 4 2 16 28 1373 318 319 2553
13495 4 2 16 28 436 437 2522 2779
13496 4 2 16 28 152 134 1678 3766
13497 4 2 16 28 13 3653 14 3740
13498 4 2 16 28 789 513 788 2713
13499 4 2 16 28 2208 3655 2324 3682
13500 4 2 16 28 2592 3698 3674 3762
13501 4 2 16 28 2455 574 334 2693
13502 4 2 16 28 2836 3728 3696 3761
13503 4 2 16 28 1292 223 1285 3396
13504 4 2 16 28 223 1285 3380 1292
13505 4 2 16 28 1292 230 223 3396
13506 4 2 16 28 3380 230 223 1292
13507 4 2 16 28 1291 1286 229 3399
13508 4 2 16 28 224 229 1286 3399
13509 4 2 16 28 1284 222 3383 1293
13510 4 2 16 28 222 231 3383 1293
13511 4 2 16 28 1291 229 1286 3397
13512 4 2 16 28 229 224 1286 3397
13513 4 2 16 28 1283 232 3386 1294
13514 4 2 16 28 1287 3403 228 1290
13515 4 2 16 28 3386 221 232 1283
13516 4 2 16 28 3398 232 1283 1294
13517 4 2 16 28 9 6 2 3385
13518 4 2 16 28 3384 233 1295 220
13519 4 2 16 28 3401 226 1288 227
13520 4 2 16 28 7 9 2 3385
13521 4 2 16 28 1289 1288 227 3401
13522 4 2 16 28 1295 3384 220 1282
13523 4 2 16 28 220 1282 3386 1295
13524 4 2 16 28 226 227 3387 1288
13525 4 2 16 28 650 2169 2319 2171
13526 4 2 16 28 1464 2545 444 445
13527 4 2 16 28 2221 2116 2152 3675
13528 4 2 16 28 1278 3650 2850 3691
13529 4 2 16 28 2746 1370 2697 2479
13530 4 2 16 28 2427 2255 2532 2531
13531 4 2 16 28 2145 2558 2423 2557
13532 4 2 16 28 2193 3697 626 3777
13533 4 2 16 28 2526 2672 2149 2527
13534 4 2 16 28 2650 657 540 2552
13535 4 2 16 28 1202 1201 2677 1182
13536 4 2 16 28 330 331 1436 2460
13537 4 2 16 28 2782 2740 250 251
13538 4 2 16 28 543 654 2576 2851
13539 4 2 16 28 2755 2757 374 2376
13540 4 2 16 28 79 629 1296 2670
13541 4 2 16 28 159 3669 3652 3681
13542 4 2 16 28 2172 1007 1636 3673
13543 4 2 16 28 3369 3388 206 3778
13544 4 2 16 28 3370 207 3413 3778
13545 4 2 16 28 794 793 973 2353
13546 4 2 16 28 2836 2719 3696 3728
13547 4 2 16 28 309 278 2487 2710
13548 4 2 16 28 155 3739 3651 3744
13549 4 2 16 28 2598 2129 2599 2485
13550 4 2 16 28 2477 2500 2251 2139
13551 4 2 16 28 368 367 608 2655
13552 4 2 16 28 812 3714 2111 3753
13553 4 2 16 28 383 1446 384 2689
13554 4 2 16 28 2175 2110 2187 3719
13555 4 2 16 28 1199 1198 2469 1179
13556 4 2 16 28 1095 1096 2138 1029
13557 4 2 16 28 2322 2447 2590 2518
13558 4 2 16 28 3656 2584 3712 3721
13559 4 2 16 28 219 2208 3763 3764
13560 4 2 16 28 2783 2784 393 1443
13561 4 2 16 28 856 3712 2585 3736
13562 4 2 16 28 3354 159 162 3681
13563 4 2 16 28 1024 2094 2339 2219
13564 4 2 16 28 2221 2159 2116 3675
13565 4 2 16 28 1394 1397 2451 2716
13566 4 2 16 28 385 384 2481 2583
13567 4 2 16 28 1061 1062 2143 1032
13568 4 2 16 28 2108 1733 2207 3657
13569 4 2 16 28 2228 2397 1190 2659
13570 4 2 16 28 2177 2109 2108 3762
13571 4 2 16 28 1637 875 2261 3659
13572 4 2 16 28 3661 3680 3654 3742
13573 4 2 16 28 2752 547 2404 650
13574 4 2 16 28 2315 2373 2565 2304
13575 4 2 16 28 547 548 2749 2404
13576 4 2 16 28 2206 2489 2490 2743
13577 4 2 16 28 613 374 2376 373
13578 4 2 16 28 102 3664 3653 3740
13579 4 2 16 28 2720 504 780 2824
13580 4 2 16 28 3661 3681 3652 3742
13581 4 2 16 28 2094 1024 2339 1023
13582 4 2 16 28 2393 1371 2839 1424
13583 4 2 16 28 2802 2375 2667 3687
13584 4 2 16 28 1556 820 2250 3715
13585 4 2 16 28 1301 3699 2399 3746
13586 4 2 16 28 2121 2301 2321 3680
13587 4 2 16 28 2307 2636 2264 2790
13588 4 2 16 28 1631 1010 882 3750
13589 4 2 16 28 2797 3674 3658 3727
13590 4 2 16 28 338 337 2456 2800
13591 4 2 16 28 3721 3722 2830 3723
13592 4 2 16 28 2227 2341 2355 1125
13593 4 2 16 28 304 274 2478 305
13594 4 2 16 28 2206 2126 2411 2304
13595 4 2 16 28 815 3733 2703 3735
13596 4 2 16 28 2153 2668 2204 3687
13597 4 2 16 28 2582 624 383 623
13598 4 2 16 28 318 317 2809 2499
13599 4 2 16 28 1194 1193 2500 1175
13600 4 2 16 28 23 1308 15 3679
13601 4 2 16 28 977 978 1513 2253
13602 4 2 16 28 1310 23 15 3679
13603 4 2 16 28 935 936 1488 2257
13604 4 2 16 28 2723 82 74 682
13605 4 2 16 28 3307 22 792 3740
13606 4 2 16 28 2250 2092 2151 3715
13607 4 2 16 28 2307 2196 2458 2197
13608 4 2 16 28 505 2550 2436 1369
13609 4 2 16 28 1096 1097 2222 1028
13610 4 2 16 28 2385 428 427 2815
13611 4 2 16 28 988 136 993 2115
13612 4 2 16 28 206 3400 10 207
13613 4 2 16 28 1190 2659 2407 2228
13614 4 2 16 28 2836 3706 3728 3761
13615 4 2 16 28 1601 2137 825 3747
13616 4 2 16 28 2261 2113 2276 3659
13617 4 2 16 28 1367 1415 2768 2846
13618 4 2 16 28 1365 376 1455 2562
13619 4 2 16 28 963 964 1018 2135
13620 4 2 16 28 2346 652 2171 2169
13621 4 2 16 28 2548 2385 2149 702
13622 4 2 16 28 1354 381 2820 1447
13623 4 2 16 28 533 663 534 2391
13624 4 2 16 28 2531 440 439 2798
13625 4 2 16 28 991 2205 2133 3737
13626 4 2 16 28 1394 2451 328 1442
13627 4 2 16 28 7 2634 8 3765
13628 4 2 16 28 2228 2397 1172 1190
13629 4 2 16 28 543 654 653 2576
13630 4 2 16 28 1008 2172 3673 3695
13631 4 2 16 28 1184 2204 2668 2489
13632 4 2 16 28 2145 2129 2420 2299
13633 4 2 16 28 629 3770 630 3778
13634 4 2 16 28 1116 171 1105 2296
13635 4 2 16 28 3388 206 205 3369
13636 4 2 16 28 207 208 3370 3413
13637 4 2 16 28 25 3661 1079 3742
13638 4 2 16 28 2232 1123 2227 3730
13639 4 2 16 28 2096 2351 3689 3718
13640 4 2 16 28 2677 2194 2577 1182
13641 4 2 16 28 933 934 1048 2105
13642 4 2 16 28 676 2769 675 521
13643 4 2 16 28 2540 3668 3667 3737
13644 4 2 16 28 1379 259 1432 2507
13645 4 2 16 28 270 301 2386 2696
13646 4 2 16 28 1399 2564 2410 497
13647 4 2 16 28 2591 2576 2141 2406
13648 4 2 16 28 634 394 2745 2466
13649 4 2 16 28 384 625 2583 385
13650 4 2 16 28 2375 2668 2667 3687
13651 4 2 16 28 931 2221 1503 930
13652 4 2 16 28 1197 1196 2601 1178
13653 4 2 16 28 590 350 2433 2365
13654 4 2 16 28 2847 263 294 2638
13655 4 2 16 28 1383 418 419 2454
13656 4 2 16 28 2098 2167 2147 3686
13657 4 2 16 28 1455 2657 375 1364
13658 4 2 16 28 860 3668 2703 3733
13659 4 2 16 28 519 1350 1472 2366
13660 4 2 16 28 1062 154 1057 2198
13661 4 2 16 28 137 984 997 2161
13662 4 2 16 28 1105 171 166 2296
13663 4 2 16 28 493 1390 2537 494
13664 4 2 16 28 126 2201 2349 2343
13665 4 2 16 28 2406 1191 2407 1173
13666 4 2 16 28 2131 2291 2111 3692
13667 4 2 16 28 992 864 3663 3737
13668 4 2 16 28 2593 3666 1074 3716
13669 4 2 16 28 162 3661 1079 3681
13670 4 2 16 28 383 384 624 2582
13671 4 2 16 28 2156 2397 2603 2602
13672 4 2 16 28 1189 1188 2758 1171
13673 4 2 16 28 255 285 2574 254
13674 4 2 16 28 2240 934 2305 3710
13675 4 2 16 28 828 2398 3727 3752
13676 4 2 16 28 2529 2621 2595 3654
13677 4 2 16 28 274 304 2478 273
13678 4 2 16 28 2251 2763 2788 2252
13679 4 2 16 28 1364 2766 2419 463
13680 4 2 16 28 2602 2264 2397 2392
13681 4 2 16 28 2160 2104 2294 3656
13682 4 2 16 28 1187 1186 2675 1170
13683 4 2 16 28 377 378 2562 1453
13684 4 2 16 28 727 2557 2559 470
13685 4 2 16 28 2266 2265 2104 3731
13686 4 2 16 28 132 984 2161 1042
13687 4 2 16 28 2385 2548 426 702
13688 4 2 16 28 2437 2534 2610 2251
13689 4 2 16 28 318 1373 1422 2499
13690 4 2 16 28 2406 1173 2141 1191
13691 4 2 16 28 2659 2156 2604 2308
13692 4 2 16 28 487 2503 488 1371
13693 4 2 16 28 2766 2811 464 465
13694 4 2 16 28 2172 2122 2173 3754
13695 4 2 16 28 973 2174 1008 972
13696 4 2 16 28 464 732 2811 733
13697 4 2 16 28 1363 2379 456 457
13698 4 2 16 28 2512 2304 2373 2447
13699 4 2 16 28 77 3421 628 3720
13700 4 2 16 28 2261 1003 1004 1640
13701 4 2 16 28 1440 1385 261 2760
13702 4 2 16 28 545 544 652 2576
13703 4 2 16 28 591 350 2365 351
13704 4 2 16 28 2186 969 1012 970
13705 4 2 16 28 3652 2529 3662 3742
13706 4 2 16 28 2286 1020 1104 1019
13707 4 2 16 28 1048 933 2105 2242
13708 4 2 16 28 733 463 2420 464
13709 4 2 16 28 1025 1026 2220 1581
13710 4 2 16 28 994 2342 987 1514
13711 4 2 16 28 968 127 2263 1610
13712 4 2 16 28 227 240 906 3364
13713 4 2 16 28 226 213 3302 905
13714 4 2 16 28 2729 2546 2225 2728
13715 4 2 16 28 2669 2475 1408 412
13716 4 2 16 28 216 3751 2092 3772
13717 4 2 16 28 1448 398 2654 1353
13718 4 2 16 28 2632 2654 398 1353
13719 4 2 16 28 391 392 632 2359
13720 4 2 16 28 983 132 137 2302
13721 4 2 16 28 2141 2407 2245 1173
13722 4 2 16 28 1171 1189 2196 2758
13723 4 2 16 28 1449 374 2755 1364
13724 4 2 16 28 224 3705 3715 3751
13725 4 2 16 28 1125 1126 1697 2355
13726 4 2 16 28 2483 3649 2399 3774
13727 4 2 16 28 2232 1121 3658 3698
13728 4 2 16 28 1192 1191 2662 1174
13729 4 2 16 28 418 1383 1427 2454
13730 4 2 16 28 2153 758 2667 3687
13731 4 2 16 28 2250 2151 2311 946
13732 4 2 16 28 1037 2216 988 1038
13733 4 2 16 28 701 426 2548 702
13734 4 2 16 28 2359 632 391 631
13735 4 2 16 28 2672 1177 1195 2149
13736 4 2 16 28 206 3379 205 3720
13737 4 2 16 28 1431 1380 352 2607
13738 4 2 16 28 2247 2271 2152 3707
13739 4 2 16 28 1178 2176 2255 2427
13740 4 2 16 28 2215 2469 2569 2568
13741 4 2 16 28 2518 2330 2322 2128
13742 4 2 16 28 2489 2206 2488 2743
13743 4 2 16 28 1004 977 2114 1493
13744 4 2 16 28 2598 2182 2129 2249
13745 4 2 16 28 2478 274 273 2746
13746 4 2 16 28 2622 83 72 2729
13747 4 2 16 28 731 466 2811 2812
13748 4 2 16 28 3306 2092 217 3772
13749 4 2 16 28 26 18 3669 3681
13750 4 2 16 28 1199 2215 2569 1180
13751 4 2 16 28 625 384 2583 624
13752 4 2 16 28 990 134 2093 1660
13753 4 2 16 28 3341 2585 3734 3736
13754 4 2 16 28 2397 1190 2661 1172
13755 4 2 16 28 350 591 2365 590
13756 4 2 16 28 507 2400 2803 783
13757 4 2 16 28 285 255 2574 286
13758 4 2 16 28 2517 315 316 556
13759 4 2 16 28 2187 2110 3671 3719
13760 4 2 16 28 2335 2535 2140 3749
13761 4 2 16 28 1178 2601 2427 2255
13762 4 2 16 28 1019 961 2134 1020
13763 4 2 16 28 2172 2173 2290 3754
13764 4 2 16 28 1514 2115 988 993
13765 4 2 16 28 408 409 2476 2610
13766 4 2 16 28 2380 3716 3701 3717
13767 4 2 16 28 2828 3667 2575 3745
13768 4 2 16 28 781 506 2803 782
13769 4 2 16 28 2129 1181 2145 2708
13770 4 2 16 28 1054 928 2271 927
13771 4 2 16 28 819 228 3365 3705
13772 4 2 16 28 3303 225 820 3705
13773 4 2 16 28 147 1043 938 2237
13774 4 2 16 28 139 1007 2270 974
13775 4 2 16 28 446 2545 751 2588
13776 4 2 16 28 2353 793 90 798
13777 4 2 16 28 990 134 1517 2093
13778 4 2 16 28 498 775 499 2373
13779 4 2 16 28 2753 367 368 2655
13780 4 2 16 28 100 2187 3671 3719
13781 4 2 16 28 311 312 2678 2710
13782 4 2 16 28 1388 528 2396 2642
13783 4 2 16 28 2215 1179 2469 2225
13784 4 2 16 28 62 1343 2408 2524
13785 4 2 16 28 2444 84 2309 2453
13786 4 2 16 28 2423 1201 2708 1181
13787 4 2 16 28 2556 2282 2150 2139
13788 4 2 16 28 2399 2634 2848 3651
13789 4 2 16 28 2173 1006 2290 3754
13790 4 2 16 28 2469 2546 2225 1179
13791 4 2 16 28 2328 2291 2088 3711
13792 4 2 16 28 768 491 2488 492
13793 4 2 16 28 448 449 2742 2567
13794 4 2 16 28 125 2219 957 144
13795 4 2 16 28 541 655 2552 656
13796 4 2 16 28 297 266 265 2384
13797 4 2 16 28 821 1556 946 3715
13798 4 2 16 28 1446 2689 1345 2486
13799 4 2 16 28 758 3687 2153 3688
13800 4 2 16 28 2360 290 260 291
13801 4 2 16 28 2836 3701 2593 3761
13802 4 2 16 28 948 2125 2250 3705
13803 4 2 16 28 1052 1053 1497 2211
13804 4 2 16 28 1345 471 2804 2422
13805 4 2 16 28 352 591 2365 351
13806 4 2 16 28 1175 2251 2437 2500
13807 4 2 16 28 2624 692 691 2612
13808 4 2 16 28 532 2543 2604 2391
13809 4 2 16 28 2477 2717 2500 2139
13810 4 2 16 28 2321 2136 2121 3661
13811 4 2 16 28 315 2517 555 556
13812 4 2 16 28 2687 266 297 2384
13813 4 2 16 28 2221 2152 929 3675
13814 4 2 16 28 2118 2532 2255 2179
13815 4 2 16 28 265 296 297 2384
13816 4 2 16 28 2495 2236 2616 2713
13817 4 2 16 28 1017 1018 2135 1105
13818 4 2 16 28 88 2175 2187 3719
13819 4 2 16 28 343 2448 583 2738
13820 4 2 16 28 101 880 845 3679
13821 4 2 16 28 2751 2618 2832 536
13822 4 2 16 28 2100 2254 2133 3709
13823 4 2 16 28 2672 1195 1177 2501
13824 4 2 16 28 1038 1039 2342 987
13825 4 2 16 28 1342 511 512 2415
13826 4 2 16 28 3694 3719 3671 3758
13827 4 2 16 28 2355 2198 2256 3672
13828 4 2 16 28 100 1630 128 3719
13829 4 2 16 28 452 744 2378 745
13830 4 2 16 28 742 2825 455 454
13831 4 2 16 28 415 692 2612 691
13832 4 2 16 28 1185 2512 2590 1169
13833 4 2 16 28 2834 2663 361 362
13834 4 2 16 28 2251 2610 2437 2477
13835 4 2 16 28 2710 311 279 2408
13836 4 2 16 28 2430 2840 2525 433
13837 4 2 16 28 2296 2277 166 1105
13838 4 2 16 28 2163 2723 2439 2288
13839 4 2 16 28 591 352 2365 592
13840 4 2 16 28 977 976 2114 1493
13841 4 2 16 28 130 90 1523 2270
13842 4 2 16 28 1368 435 2849 2430
13843 4 2 16 28 86 2123 971 2347
13844 4 2 16 28 172 165 1100 2148
13845 4 2 16 28 525 526 1378 2778
13846 4 2 16 28 259 260 2360 290
13847 4 2 16 28 107 149 1678 3766
13848 4 2 16 28 1585 2277 166 1019
13849 4 2 16 28 1470 410 2845 2589
13850 4 2 16 28 1647 2160 3656 3685
13851 4 2 16 28 2495 1170 2675 2236
13852 4 2 16 28 1510 959 1022 2094
13853 4 2 16 28 1107 1106 2213 1691
13854 4 2 16 28 1042 939 940 2283
13855 4 2 16 28 2692 2389 2556 2150
13856 4 2 16 28 2848 3765 2828 3775
13857 4 2 16 28 902 3743 3739 3744
13858 4 2 16 28 2220 165 1025 1707
13859 4 2 16 28 2336 2247 2152 3707
13860 4 2 16 28 2813 1384 491 2805
13861 4 2 16 28 152 1679 151 3766
13862 4 2 16 28 1678 134 106 3766
13863 4 2 16 28 939 1042 147 2283
13864 4 2 16 28 472 724 2676 725
13865 4 2 16 28 1184 2204 2490 1168
13866 4 2 16 28 2775 560 320 2737
13867 4 2 16 28 2402 2502 2780 435
13868 4 2 16 28 2404 2171 650 3749
13869 4 2 16 28 3660 3709 2133 3737
13870 4 2 16 28 2304 1169 2322 2590
13871 4 2 16 28 89 3653 796 3740
13872 4 2 16 28 421 1389 2761 2528
13873 4 2 16 28 1061 1062 1700 2143
13874 4 2 16 28 2206 2411 2371 2743
13875 4 2 16 28 1100 165 1024 2219
13876 4 2 16 28 1180 2485 2249 2569
13877 4 2 16 28 2743 2206 2411 2490
13878 4 2 16 28 2783 394 1340 1443
13879 4 2 16 28 2175 3719 87 3758
13880 4 2 16 28 2369 2666 2850 3691
13881 4 2 16 28 2444 84 73 2605
13882 4 2 16 28 2116 2159 2166 3702
13883 4 2 16 28 2764 3677 3659 3724
13884 4 2 16 28 81 71 2534 683
13885 4 2 16 28 1387 322 2735 1433
13886 4 2 16 28 2389 2139 2556 2150
13887 4 2 16 28 2740 283 252 2417
13888 4 2 16 28 754 443 2729 2728
13889 4 2 16 28 315 2517 2765 555
13890 4 2 16 28 2398 2797 3726 3727
13891 4 2 16 28 369 610 370 2482
13892 4 2 16 28 129 1010 971 2123
13893 4 2 16 28 1054 1523 90 2270
13894 4 2 16 28 126 963 143 2349
13895 4 2 16 28 215 3700 3650 3715
13896 4 2 16 28 2700 2377 460 461
13897 4 2 16 28 533 664 663 2391
13898 4 2 16 28 2612 2139 2717 690
13899 4 2 16 28 80 631 3421 3670
13900 4 2 16 28 525 671 2392 672
13901 4 2 16 28 1503 930 2221 1051
13902 4 2 16 28 2592 3674 3706 3762
13903 4 2 16 28 2315 2304 2565 2126
13904 4 2 16 28 2194 2577 2794 2323
13905 4 2 16 28 336 2699 1372 2521
13906 4 2 16 28 1476 1331 2854 2748
13907 4 2 16 28 1048 131 148 2242
13908 4 2 16 28 2258 2136 1111 170
13909 4 2 16 28 2119 2518 2322 2400
13910 4 2 16 28 818 817 3699 3746
13911 4 2 16 28 822 821 3700 3745
13912 4 2 16 28 1172 2397 2156 2661
13913 4 2 16 28 1564 1037 146 2327
13914 4 2 16 28 1006 1007 1515 2290
13915 4 2 16 28 3491 628 3421 3720
13916 4 2 16 28 2184 2149 2318 2501
13917 4 2 16 28 171 1117 1104 2207
13918 4 2 16 28 2466 281 250 2740
13919 4 2 16 28 373 67 2756 388
13920 4 2 16 28 2456 578 338 2606
13921 4 2 16 28 2399 3699 3649 3739
13922 4 2 16 28 2830 3722 2705 3723
13923 4 2 16 28 107 6 149 3766
13924 4 2 16 28 2096 2350 2351 3718
13925 4 2 16 28 2196 1172 2264 2661
13926 4 2 16 28 2708 2558 2145 2420
13927 4 2 16 28 1525 1049 2253 1050
13928 4 2 16 28 704 427 2385 428
13929 4 2 16 28 2560 326 2787 566
13930 4 2 16 28 2529 3680 3662 3742
13931 4 2 16 28 2153 2667 757 2452
13932 4 2 16 28 3647 3694 3671 3758
13933 4 2 16 28 1099 1122 1695 2356
13934 4 2 16 28 441 2726 2531 717
13935 4 2 16 28 969 2188 127 1607
13936 4 2 16 28 2130 2825 744 2378
13937 4 2 16 28 408 407 2610 2609
13938 4 2 16 28 369 610 2482 609
13939 4 2 16 28 320 1381 1428 2553
13940 4 2 16 28 1110 170 2258 1111
13941 4 2 16 28 2119 2616 2675 2236
13942 4 2 16 28 3342 791 796 3740
13943 4 2 16 28 2229 2175 2354 3693
13944 4 2 16 28 2411 1185 2304 2512
13945 4 2 16 28 261 292 262 2637
13946 4 2 16 28 241 3679 2621 3684
13947 4 2 16 28 2094 1024 1023 958
13948 4 2 16 28 313 2450 553 554
13949 4 2 16 28 234 3763 2260 3764
13950 4 2 16 28 1378 526 2461 2778
13951 4 2 16 28 1170 2495 1187 2163
13952 4 2 16 28 2264 1172 2156 2661
13953 4 2 16 28 2111 2289 2162 3753
13954 4 2 16 28 2802 761 485 2375
13955 4 2 16 28 971 1010 141 2123
13956 4 2 16 28 292 293 262 2637
13957 4 2 16 28 1175 2437 2251 2763
13958 4 2 16 28 1410 1349 344 2497
13959 4 2 16 28 2734 1300 1291 3771
13960 4 2 16 28 426 701 2548 425
13961 4 2 16 28 786 511 2715 787
13962 4 2 16 28 2500 2477 2251 2437
13963 4 2 16 28 2419 2755 1364 1449
13964 4 2 16 28 665 532 2604 2391
13965 4 2 16 28 2175 3647 2110 3758
13966 4 2 16 28 2129 2599 2181 2182
13967 4 2 16 28 1041 1040 2210 1498
13968 4 2 16 28 667 529 2603 530
13969 4 2 16 28 2566 396 395 2745
13970 4 2 16 28 2263 2188 2132 3683
13971 4 2 16 28 394 393 1443 2783
13972 4 2 16 28 152 2093 2344 134
13973 4 2 16 28 2432 2724 267 268
13974 4 2 16 28 2743 2206 2488 2371
13975 4 2 16 28 77 3655 3421 3720
13976 4 2 16 28 2569 2378 2130 2568
13977 4 2 16 28 2127 2489 2816 2204
13978 4 2 16 28 2440 3769 1280 3770
13979 4 2 16 28 375 374 2755 2757
13980 4 2 16 28 820 225 214 3302
13981 4 2 16 28 819 239 228 3364
13982 4 2 16 28 360 1437 359 2434
13983 4 2 16 28 2140 2333 2319 3748
13984 4 2 16 28 553 2450 312 552
13985 4 2 16 28 2692 2389 1176 1194
13986 4 2 16 28 1036 146 945 2192
13987 4 2 16 28 1119 1686 2314 1102
13988 4 2 16 28 760 485 2802 761
13989 4 2 16 28 2166 3702 2243 3776
13990 4 2 16 28 2403 431 432 2841
13991 4 2 16 28 2197 2458 2520 2758
13992 4 2 16 28 463 733 2420 734
13993 4 2 16 28 2245 2235 2617 2141
13994 4 2 16 28 438 2532 713 714
13995 4 2 16 28 339 340 1350 2801
13996 4 2 16 28 2444 2309 2605 2452
13997 4 2 16 28 2385 428 2526 704
13998 4 2 16 28 205 3369 206 3720
13999 4 2 16 28 1476 74 515 2494
14000 4 2 16 28 1167 2153 2269 2688
14001 4 2 16 28 249 61 64 3645
14002 4 2 16 28 2368 3714 3713 3753
14003 4 2 16 28 2805 2393 1377 489
14004 4 2 16 28 2587 2215 2469 2588
14005 4 2 16 28 2309 2605 2452 2153
14006 4 2 16 28 2662 2171 1174 2591
14007 4 2 16 28 2450 313 314 554
14008 4 2 16 28 2825 453 2772 454
14009 4 2 16 28 2304 2590 2447 2512
14010 4 2 16 28 1275 3667 2828 3745
14011 4 2 16 28 2495 2163 2236 2563
14012 4 2 16 28 2304 1169 2590 2512
14013 4 2 16 28 2239 1539 979 1047
14014 4 2 16 28 371 612 2684 611
14015 4 2 16 28 2093 1573 1034 134
14016 4 2 16 28 2149 1177 2318 2501
14017 4 2 16 28 946 2250 2151 3715
14018 4 2 16 28 1118 1119 2177 1715
14019 4 2 16 28 522 675 2769 521
14020 4 2 16 28 1109 170 1112 2258
14021 4 2 16 28 1699 2143 2344 1061
14022 4 2 16 28 1171 2196 2197 2758
14023 4 2 16 28 732 464 2811 465
14024 4 2 16 28 1057 1058 2256 1682
14025 4 2 16 28 2119 2518 2330 2322
14026 4 2 16 28 2346 2141 2171 2576
14027 4 2 16 28 2708 2129 1181 1200
14028 4 2 16 28 2567 448 2807 2742
14029 4 2 16 28 2430 433 2525 1421
14030 4 2 16 28 136 2327 988 133
14031 4 2 16 28 988 2216 2342 1038
14032 4 2 16 28 2719 3674 3727 3752
14033 4 2 16 28 1587 2314 1102 1022
14034 4 2 16 28 615 374 2757 614
14035 4 2 16 28 2440 2734 3773 3774
14036 4 2 16 28 2611 401 1454 2831
14037 4 2 16 28 2730 678 519 2647
14038 4 2 16 28 390 2671 630 3770
14039 4 2 16 28 945 146 123 2192
14040 4 2 16 28 2681 745 452 2378
14041 4 2 16 28 2343 2102 2248 3732
14042 4 2 16 28 2723 82 2163 2563
14043 4 2 16 28 1284 3769 2440 3773
14044 4 2 16 28 2104 2265 995 3731
14045 4 2 16 28 2780 435 2849 1356
14046 4 2 16 28 1383 420 1434 2454
14047 4 2 16 28 1121 172 1100 2148
14048 4 2 16 28 964 1500 1017 2278
14049 4 2 16 28 466 465 2811 2370
14050 4 2 16 28 312 313 2450 553
14051 4 2 16 28 993 2115 136 3663
14052 4 2 16 28 374 615 2757 375
14053 4 2 16 28 2411 2126 2565 2304
14054 4 2 16 28 2160 2294 2302 998
14055 4 2 16 28 1031 1032 949 2272
14056 4 2 16 28 1101 2339 1023 2094
14057 4 2 16 28 3421 3496 3491 3720
14058 4 2 16 28 1110 168 2186 1725
14059 4 2 16 28 239 818 3699 3746
14060 4 2 16 28 214 3700 821 3745
14061 4 2 16 28 2437 2534 2251 2140
14062 4 2 16 28 2215 2587 2225 2588
14063 4 2 16 28 480 2452 2605 756
14064 4 2 16 28 1344 518 1472 2366
14065 4 2 16 28 417 694 2556 693
14066 4 2 16 28 483 1471 482 2496
14067 4 2 16 28 2601 2118 2402 2255
14068 4 2 16 28 2677 2194 1182 2144
14069 4 2 16 28 1197 2176 2427 2426
14070 4 2 16 28 2359 391 392 2838
14071 4 2 16 28 2485 2598 2129 2249
14072 4 2 16 28 793 797 798 2353
14073 4 2 16 28 1401 1467 2418 1348
14074 4 2 16 28 2854 2722 514 1476
14075 4 2 16 28 2167 2098 2137 3747
14076 4 2 16 28 2575 2369 2850 3650
14077 4 2 16 28 400 401 2462 2831
14078 4 2 16 28 2481 384 1446 2689
14079 4 2 16 28 2680 2405 314 1412
14080 4 2 16 28 2240 2166 2243 3776
14081 4 2 16 28 2741 3743 3729 3744
14082 4 2 16 28 265 296 2384 2847
14083 4 2 16 28 2350 2096 2201 3718
14084 4 2 16 28 2369 2850 3650 3691
14085 4 2 16 28 2215 1199 2569 2469
14086 4 2 16 28 2129 2708 2485 1200
14087 4 2 16 28 2140 2251 2437 2788
14088 4 2 16 28 28 3694 20 3758
14089 4 2 16 28 1418 1360 2519 2699
14090 4 2 16 28 3659 3677 2764 3678
14091 4 2 16 28 209 210 3492 3370
14092 4 2 16 28 211 212 3491 3369
14093 4 2 16 28 2304 1169 2512 1185
14094 4 2 16 28 1043 937 938 2112
14095 4 2 16 28 1118 1119 1686 2177
14096 4 2 16 28 166 171 2277 2296
14097 4 2 16 28 2799 2798 438 1467
14098 4 2 16 28 371 612 372 2684
14099 4 2 16 28 58 3 54 3308
14100 4 2 16 28 45 12 49 3347
14101 4 2 16 28 2171 2404 2752 2576
14102 4 2 16 28 1043 1044 937 2112
14103 4 2 16 28 2284 147 938 2237
14104 4 2 16 28 2229 3647 2175 3693
14105 4 2 16 28 222 2092 217 3767
14106 4 2 16 28 1028 1027 1097 2222
14107 4 2 16 28 954 955 1502 2167
14108 4 2 16 28 667 2603 2543 530
14109 4 2 16 28 167 170 1109 2258
14110 4 2 16 28 770 2664 494 2371
14111 4 2 16 28 2636 2264 2196 2307
14112 4 2 16 28 2167 3686 2098 3747
14113 4 2 16 28 2461 2629 1382 1426
14114 4 2 16 28 333 332 572 2630
14115 4 2 16 28 550 2750 549 647
14116 4 2 16 28 2618 2308 2245 2659
14117 4 2 16 28 2311 1036 1035 946
14118 4 2 16 28 2780 2849 435 2430
14119 4 2 16 28 2115 1514 988 2342
14120 4 2 16 28 2444 73 84 2453
14121 4 2 16 28 645 405 2359 2744
14122 4 2 16 28 3647 3671 2110 3758
14123 4 2 16 28 2664 772 496 2565
14124 4 2 16 28 435 436 1356 2780
14125 4 2 16 28 2149 2672 1177 2501
14126 4 2 16 28 1001 1002 1511 2276
14127 4 2 16 28 932 1532 2159 931
14128 4 2 16 28 2601 1178 2427 1197
14129 4 2 16 28 1170 2495 2675 1187
14130 4 2 16 28 2734 1299 3771 3774
14131 4 2 16 28 3653 3664 14 3740
14132 4 2 16 28 3726 3729 2741 3743
14133 4 2 16 28 794 797 793 2353
14134 4 2 16 28 2443 1359 2674 1407
14135 4 2 16 28 2750 648 549 647
14136 4 2 16 28 2825 742 743 454
14137 4 2 16 28 340 2606 580 2448
14138 4 2 16 28 506 781 2803 505
14139 4 2 16 28 1446 1339 2481 2683
14140 4 2 16 28 366 1424 365 2839
14141 4 2 16 28 472 724 473 2676
14142 4 2 16 28 1282 3770 1295 3778
14143 4 2 16 28 2395 3653 13 3693
14144 4 2 16 28 2392 526 671 525
14145 4 2 16 28 572 573 333 2630
14146 4 2 16 28 170 167 1110 2258
14147 4 2 16 28 1283 3769 1294 3770
14148 4 2 16 28 269 270 1383 2454
14149 4 2 16 28 2219 1024 1100 2339
14150 4 2 16 28 275 274 2746 1414
14151 4 2 16 28 1383 419 420 2454
14152 4 2 16 28 143 1585 2277 166
14153 4 2 16 28 310 279 2710 551
14154 4 2 16 28 2710 279 311 551
14155 4 2 16 28 2306 2160 999 3685
14156 4 2 16 28 2229 2110 2175 3647
14157 4 2 16 28 2352 2096 2351 3689
14158 4 2 16 28 515 2723 74 682
14159 4 2 16 28 453 744 2825 2378
14160 4 2 16 28 2148 2339 1100 1121
14161 4 2 16 28 2339 1693 1100 1121
14162 4 2 16 28 217 2092 222 3772
14163 4 2 16 28 2672 2149 2527 2501
14164 4 2 16 28 2352 2351 966 3689
14165 4 2 16 28 395 394 2745 634
14166 4 2 16 28 2160 2306 2113 3685
14167 4 2 16 28 700 424 2652 2548
14168 4 2 16 28 437 438 2532 713
14169 4 2 16 28 1275 3378 213 3745
14170 4 2 16 28 240 3412 1302 3746
14171 4 2 16 28 2175 3693 3647 3758
14172 4 2 16 28 2529 2711 3662 3680
14173 4 2 16 28 442 83 72 2622
14174 4 2 16 28 2600 2224 2374 2791
14175 4 2 16 28 25 3681 3661 3742
14176 4 2 16 28 148 1049 932 2242
14177 4 2 16 28 2140 3748 2319 3749
14178 4 2 16 28 209 210 3370 629
14179 4 2 16 28 2251 1175 2763 2252
14180 4 2 16 28 1411 338 339 2800
14181 4 2 16 28 500 776 2823 2373
14182 4 2 16 28 1110 168 1692 2186
14183 4 2 16 28 940 1042 2283 1041
14184 4 2 16 28 1183 2444 2688 2269
14185 4 2 16 28 2406 2407 2617 2141
14186 4 2 16 28 399 398 2632 2844
14187 4 2 16 28 2380 3701 3696 3732
14188 4 2 16 28 211 212 3369 630
14189 4 2 16 28 2196 2458 2636 2307
14190 4 2 16 28 2504 350 2829 1429
14191 4 2 16 28 2675 2495 2236 2616
14192 4 2 16 28 2601 2402 2532 2255
14193 4 2 16 28 130 974 139 2270
14194 4 2 16 28 2821 619 379 618
14195 4 2 16 28 144 2219 957 1024
14196 4 2 16 28 692 415 2612 416
14197 4 2 16 28 2171 2591 2576 2141
14198 4 2 16 28 274 305 306 2682
14199 4 2 16 28 945 2311 1036 2192
14200 4 2 16 28 1476 2854 2494 2748
14201 4 2 16 28 1516 2161 997 984
14202 4 2 16 28 2545 444 753 2728
14203 4 2 16 28 2624 2139 2717 2612
14204 4 2 16 28 315 316 1415 2768
14205 4 2 16 28 2821 379 378 618
14206 4 2 16 28 1057 1058 1700 2256
14207 4 2 16 28 2489 2206 2204 2127
14208 4 2 16 28 2334 154 156 2198
14209 4 2 16 28 2485 2569 2597 2249
14210 4 2 16 28 274 275 2746 2682
14211 4 2 16 28 258 1430 257 2507
14212 4 2 16 28 634 2745 395 635
14213 4 2 16 28 460 2599 2377 2523
14214 4 2 16 28 2263 2132 2352 3683
14215 4 2 16 28 2334 154 2198 1095
14216 4 2 16 28 401 2774 641 2462
14217 4 2 16 28 2280 1014 1108 2189
14218 4 2 16 28 2088 123 1558 944
14219 4 2 16 28 773 497 772 2565
14220 4 2 16 28 497 496 772 2565
14221 4 2 16 28 274 306 275 2682
14222 4 2 16 28 2309 2794 2444 2453
14223 4 2 16 28 100 3694 28 3719
14224 4 2 16 28 2646 2372 358 598
14225 4 2 16 28 2469 2546 2588 2225
14226 4 2 16 28 1126 154 1095 2198
14227 4 2 16 28 1362 1454 2831 2465
14228 4 2 16 28 2150 2149 2279 2413
14229 4 2 16 28 2256 2100 2355 3672
14230 4 2 16 28 2130 2249 2182 2597
14231 4 2 16 28 2798 439 438 1467
14232 4 2 16 28 2555 333 334 2455
14233 4 2 16 28 2228 1173 2407 1190
14234 4 2 16 28 2375 2489 2668 2204
14235 4 2 16 28 646 405 2359 645
14236 4 2 16 28 9 149 6 3766
14237 4 2 16 28 2118 2318 2502 2184
14238 4 2 16 28 629 210 3370 3778
14239 4 2 16 28 267 1438 266 2432
14240 4 2 16 28 427 704 2385 703
14241 4 2 16 28 1173 2407 2245 2228
14242 4 2 16 28 3369 211 630 3778
14243 4 2 16 28 2160 2294 998 3656
14244 4 2 16 28 1108 1109 2189 1732
14245 4 2 16 28 2781 61 2530 1337
14246 4 2 16 28 2269 2153 2309 2452
14247 4 2 16 28 3726 3727 2797 3729
14248 4 2 16 28 993 2265 2115 3663
14249 4 2 16 28 380 379 1452 2513
14250 4 2 16 28 659 538 2751 2771
14251 4 2 16 28 2407 2245 2617 2141
14252 4 2 16 28 363 2792 2663 603
14253 4 2 16 28 1502 2167 955 1026
14254 4 2 16 28 1001 1002 2276 1646
14255 4 2 16 28 2467 636 396 2745
14256 4 2 16 28 2305 2218 2240 3710
14257 4 2 16 28 230 3751 223 3772
14258 4 2 16 28 229 3705 224 3751
14259 4 2 16 28 2845 2475 411 1470
14260 4 2 16 28 232 221 3764 3767
14261 4 2 16 28 220 3763 233 3764
14262 4 2 16 28 322 321 2509 1433
14263 4 2 16 28 454 1362 2772 2465
14264 4 2 16 28 2321 3661 3654 3742
14265 4 2 16 28 694 417 2556 418
14266 4 2 16 28 1043 2284 938 2237
14267 4 2 16 28 406 405 2359 646
14268 4 2 16 28 340 341 2712 2448
14269 4 2 16 28 2485 2599 2708 2129
14270 4 2 16 28 2341 1096 1125 1690
14271 4 2 16 28 2284 938 2112 1043
14272 4 2 16 28 2176 1197 2427 1178
14273 4 2 16 28 660 659 2751 2771
14274 4 2 16 28 2458 2636 2661 2196
14275 4 2 16 28 2145 2129 2708 2420
14276 4 2 16 28 1556 2250 946 3715
14277 4 2 16 28 3646 3690 2483 3774
14278 4 2 16 28 661 2751 536 2618
14279 4 2 16 28 2163 2495 2614 2563
14280 4 2 16 28 2204 2668 2375 3687
14281 4 2 16 28 2153 2667 2668 3687
14282 4 2 16 28 2774 402 641 642
14283 4 2 16 28 2314 1021 1587 1102
14284 4 2 16 28 435 434 2780 2430
14285 4 2 16 28 2688 1183 1167 2668
14286 4 2 16 28 1435 2834 362 2435
14287 4 2 16 28 1741 169 2340 3750
14288 4 2 16 28 774 498 773 2565
14289 4 2 16 28 960 961 1507 2178
14290 4 2 16 28 2534 71 407 683
14291 4 2 16 28 2407 2618 2617 2245
14292 4 2 16 28 710 2502 434 709
14293 4 2 16 28 2340 169 168 1692
14294 4 2 16 28 485 760 2802 484
14295 4 2 16 28 1175 2437 1193 2500
14296 4 2 16 28 2250 820 947 3705
14297 4 2 16 28 459 458 738 2523
14298 4 2 16 28 942 943 1501 2131
14299 4 2 16 28 630 210 629 3778
14300 4 2 16 28 2729 2622 83 2176
14301 4 2 16 28 882 1010 1632 3750
14302 4 2 16 28 2799 2418 1467 1348
14303 4 2 16 28 3696 3701 2836 3761
14304 4 2 16 28 2379 1363 456 2627
14305 4 2 16 28 2604 2397 2156 2659
14306 4 2 16 28 958 959 1510 2094
14307 4 2 16 28 2774 402 401 641
14308 4 2 16 28 779 503 2822 2824
14309 4 2 16 28 2512 2373 2304 2565
14310 4 2 16 28 2671 390 68 1465
14311 4 2 16 28 369 2443 2852 1407
14312 4 2 16 28 285 254 2417 2574
14313 4 2 16 28 3655 3670 3421 3720
14314 4 2 16 28 365 605 606 2791
14315 4 2 16 28 2827 414 415 2612
14316 4 2 16 28 1416 253 254 2849
14317 4 2 16 28 2752 651 546 650
14318 4 2 16 28 371 610 611 2482
14319 4 2 16 28 2250 947 1552 3705
14320 4 2 16 28 341 580 2448 340
14321 4 2 16 28 2414 587 347 2581
14322 4 2 16 28 2327 136 988 2115
14323 4 2 16 28 697 421 2817 698
14324 4 2 16 28 2810 471 2422 2804
14325 4 2 16 28 2383 2692 2150 2796
14326 4 2 16 28 3308 58 3 863
14327 4 2 16 28 1056 49 12 3347
14328 4 2 16 28 1435 2834 2706 1390
14329 4 2 16 28 2483 3690 3649 3774
14330 4 2 16 28 2372 357 358 597
14331 4 2 16 28 2264 2602 2397 2156
14332 4 2 16 28 1417 346 347 2580
14333 4 2 16 28 547 2752 546 650
14334 4 2 16 28 2121 1696 1113 1112
14335 4 2 16 28 74 2723 515 2494
14336 4 2 16 28 2340 2275 1010 3750
14337 4 2 16 28 1192 2335 2662 2472
14338 4 2 16 28 2433 348 588 2581
14339 4 2 16 28 2147 125 1600 956
14340 4 2 16 28 347 346 587 2414
14341 4 2 16 28 699 422 2652 423
14342 4 2 16 28 368 369 2443 2853
14343 4 2 16 28 538 659 2751 537
14344 4 2 16 28 1424 2551 365 2839
14345 4 2 16 28 2636 2264 2661 2196
14346 4 2 16 28 1113 2121 1112 1737
14347 4 2 16 28 662 535 2754 2618
14348 4 2 16 28 580 341 2448 581
14349 4 2 16 28 2197 2196 2458 2758
14350 4 2 16 28 1052 1053 2211 975
14351 4 2 16 28 1110 2186 1011 1725
14352 4 2 16 28 1024 144 2219 165
14353 4 2 16 28 2143 1061 1058 1700
14354 4 2 16 28 610 371 370 2482
14355 4 2 16 28 1106 1107 2213 1016
14356 4 2 16 28 366 365 606 2791
14357 4 2 16 28 2144 2676 2559 2423
14358 4 2 16 28 87 3719 28 3758
14359 4 2 16 28 2192 133 1036 146
14360 4 2 16 28 2091 1031 145 950
14361 4 2 16 28 3701 3716 2593 3761
14362 4 2 16 28 2569 2130 2215 2568
14363 4 2 16 28 385 626 625 2684
14364 4 2 16 28 169 1741 161 3750
14365 4 2 16 28 308 278 2487 309
14366 4 2 16 28 992 136 2205 3663
14367 4 2 16 28 2153 2452 2668 2667
14368 4 2 16 28 3733 2585 3735 3736
14369 4 2 16 28 1120 1121 1693 2200
14370 4 2 16 28 2469 1198 2546 1179
14371 4 2 16 28 2597 2825 2130 2378
14372 4 2 16 28 346 586 587 2414
14373 4 2 16 28 318 317 2499 1422
14374 4 2 16 28 2577 1202 2677 1182
14375 4 2 16 28 385 626 2684 386
14376 4 2 16 28 3699 3739 2399 3746
14377 4 2 16 28 2153 2452 2688 2668
14378 4 2 16 28 1031 2091 2272 950
14379 4 2 16 28 376 615 2757 616
14380 4 2 16 28 2211 1497 1052 929
14381 4 2 16 28 1554 946 2151 3715
14382 4 2 16 28 2093 1660 134 1034
14383 4 2 16 28 820 3705 2250 3715
14384 4 2 16 28 391 70 1334 2837
14385 4 2 16 28 615 376 2757 375
14386 4 2 16 28 2552 2406 2141 2851
14387 4 2 16 28 2413 2692 2796 2150
14388 4 2 16 28 628 67 613 388
14389 4 2 16 28 2290 1007 2172 3754
14390 4 2 16 28 2535 2472 2662 2335
14391 4 2 16 28 2758 1171 1188 2439
14392 4 2 16 28 1427 1383 270 2454
14393 4 2 16 28 2610 2534 407 683
14394 4 2 16 28 929 930 1486 2221
14395 4 2 16 28 2250 3705 2125 3751
14396 4 2 16 28 692 2624 416 2612
14397 4 2 16 28 2472 2763 2252 2788
14398 4 2 16 28 2151 3650 822 3715
14399 4 2 16 28 145 156 1031 2091
14400 4 2 16 28 2729 2325 2225 2176
14401 4 2 16 28 1001 2157 980 1492
14402 4 2 16 28 2141 2617 2406 2552
14403 4 2 16 28 1040 1041 2210 985
14404 4 2 16 28 1404 371 372 2561
14405 4 2 16 28 308 278 277 2487
14406 4 2 16 28 2100 2256 2254 3709
14407 4 2 16 28 1099 1026 1581 2220
14408 4 2 16 28 2458 2661 1189 2196
14409 4 2 16 28 2518 2675 2590 2322
14410 4 2 16 28 2269 2153 2452 2688
14411 4 2 16 28 498 497 773 2565
14412 4 2 16 28 505 2803 2720 781
14413 4 2 16 28 65 342 581 582
14414 4 2 16 28 2236 2322 2675 2119
14415 4 2 16 28 742 455 2825 2597
14416 4 2 16 28 2322 2119 2400 2675
14417 4 2 16 28 62 310 551 279
14418 4 2 16 28 62 311 279 551
14419 4 2 16 28 442 83 2622 718
14420 4 2 16 28 124 950 2091 145
14421 4 2 16 28 347 588 2581 587
14422 4 2 16 28 952 1030 951 2246
14423 4 2 16 28 2205 3663 2133 3737
14424 4 2 16 28 506 2803 2720 505
14425 4 2 16 28 1429 2698 2504 1380
14426 4 2 16 28 2197 2163 2439 2288
14427 4 2 16 28 976 977 2114 1051
14428 4 2 16 28 168 1011 2186 1725
14429 4 2 16 28 2378 2130 2597 2569
14430 4 2 16 28 1175 1193 2437 2763
14431 4 2 16 28 2397 2661 2264 2156
14432 4 2 16 28 2516 376 375 2757
14433 4 2 16 28 169 2136 1740 1111
14434 4 2 16 28 365 366 2473 2791
14435 4 2 16 28 404 403 1456 2464
14436 4 2 16 28 2734 3771 3773 3774
14437 4 2 16 28 3712 3713 2585 3736
14438 4 2 16 28 398 638 2467 2844
14439 4 2 16 28 169 168 1741 2340
14440 4 2 16 28 433 434 2502 709
14441 4 2 16 28 2118 2601 2502 2318
14442 4 2 16 28 588 347 2581 348
14443 4 2 16 28 2375 2204 2626 2489
14444 4 2 16 28 1490 2178 960 1021
14445 4 2 16 28 278 309 310 2710
14446 4 2 16 28 22 1307 14 3740
14447 4 2 16 28 2440 3773 3769 3774
14448 4 2 16 28 364 2792 604 2791
14449 4 2 16 28 210 630 211 3778
14450 4 2 16 28 2334 2246 1030 1029
14451 4 2 16 28 1043 1044 2112 983
14452 4 2 16 28 2661 2264 2636 2392
14453 4 2 16 28 1474 72 2498 442
14454 4 2 16 28 2192 133 146 2327
14455 4 2 16 28 308 276 2487 277
14456 4 2 16 28 1047 2305 934 1508
14457 4 2 16 28 581 582 342 2448
14458 4 2 16 28 251 250 281 2740
14459 4 2 16 28 2308 2659 2156 2228
14460 4 2 16 28 2171 2404 2662 3749
14461 4 2 16 28 598 2372 358 597
14462 4 2 16 28 1172 1189 2661 2196
14463 4 2 16 28 2243 2166 2159 3702
14464 4 2 16 28 1012 2186 1011 1110
14465 4 2 16 28 2556 2383 2692 2150
14466 4 2 16 28 1022 1023 1510 2094
14467 4 2 16 28 2311 946 947 2250
14468 4 2 16 28 386 385 1444 2549
14469 4 2 16 28 2246 1029 1499 952
14470 4 2 16 28 2618 2407 2659 2245
14471 4 2 16 28 2643 2750 549 550
14472 4 2 16 28 279 311 62 2408
14473 4 2 16 28 2599 2708 2129 2420
14474 4 2 16 28 515 2748 1476 2494
14475 4 2 16 28 2641 2520 2758 2197
14476 4 2 16 28 2748 515 516 2494
14477 4 2 16 28 2843 2462 400 640
14478 4 2 16 28 2768 2405 1415 315
14479 4 2 16 28 2473 366 606 2791
14480 4 2 16 28 276 308 2487 307
14481 4 2 16 28 765 488 2816 489
14482 4 2 16 28 278 310 279 2710
14483 4 2 16 28 1291 3768 2734 3771
14484 4 2 16 28 2546 2176 2729 2225
14485 4 2 16 28 2795 431 2841 707
14486 4 2 16 28 2794 2194 2323 2309
14487 4 2 16 28 2395 3647 3693 3758
14488 4 2 16 28 1496 2259 996 985
14489 4 2 16 28 2529 3654 3680 3742
14490 4 2 16 28 2187 100 128 3719
14491 4 2 16 28 281 282 251 2740
14492 4 2 16 28 2392 2397 2661 2264
14493 4 2 16 28 2532 2427 2601 2255
14494 4 2 16 28 942 1501 1039 2131
14495 4 2 16 28 169 2136 1111 1692
14496 4 2 16 28 3708 3726 2741 3743
14497 4 2 16 28 1500 1016 2278 965
14498 4 2 16 28 2174 129 1009 972
14499 4 2 16 28 1422 2499 2673 1367
14500 4 2 16 28 2739 2738 343 344
14501 4 2 16 28 222 2092 3767 3772
14502 4 2 16 28 2728 2546 2225 2588
14503 4 2 16 28 483 759 2802 2667
14504 4 2 16 28 418 419 2556 695
14505 4 2 16 28 566 2560 326 565
14506 4 2 16 28 2518 2400 2675 2322
14507 4 2 16 28 2817 422 2652 698
14508 4 2 16 28 271 1427 270 2620
14509 4 2 16 28 2245 2659 2308 2228
14510 4 2 16 28 2641 2758 2439 2197
14511 4 2 16 28 295 265 264 2847
14512 4 2 16 28 1108 1109 1696 2189
14513 4 2 16 28 2662 2171 2335 1174
14514 4 2 16 28 2542 388 67 1334
14515 4 2 16 28 930 1486 2221 1051
14516 4 2 16 28 2205 1521 989 992
14517 4 2 16 28 537 659 2751 660
14518 4 2 16 28 1013 1014 967 2189
14519 4 2 16 28 146 133 1564 2327
14520 4 2 16 28 2225 2469 2215 2588
14521 4 2 16 28 377 376 2773 617
14522 4 2 16 28 666 2543 665 531
14523 4 2 16 28 376 2773 617 616
14524 4 2 16 28 1285 3771 1292 3773
14525 4 2 16 28 222 3767 231 3772
14526 4 2 16 28 1286 3768 1291 3771
14527 4 2 16 28 1284 1293 3769 3773
14528 4 2 16 28 1290 3768 1287 3775
14529 4 2 16 28 1289 1288 3765 3775
14530 4 2 16 28 2753 2443 368 1413
14531 4 2 16 28 2130 2249 2597 2569
14532 4 2 16 28 2100 3672 2256 3709
14533 4 2 16 28 2322 1186 2675 2590
14534 4 2 16 28 1029 1030 952 2246
14535 4 2 16 28 2501 2502 2601 2318
14536 4 2 16 28 2220 1025 1099 1707
14537 4 2 16 28 657 540 539 2650
14538 4 2 16 28 519 1472 518 2366
14539 4 2 16 28 2827 413 414 2387
14540 4 2 16 28 422 699 2652 698
14541 4 2 16 28 2156 2603 2397 2604
14542 4 2 16 28 421 422 2817 698
14543 4 2 16 28 779 504 2824 780
14544 4 2 16 28 495 771 2664 770
14545 4 2 16 28 608 2853 368 2655
14546 4 2 16 28 78 68 2671 630
14547 4 2 16 28 1525 1049 978 2253
14548 4 2 16 28 687 2477 411 686
14549 4 2 16 28 2144 2416 2676 2677
14550 4 2 16 28 2280 1689 1113 1108
14551 4 2 16 28 2250 3715 3705 3751
14552 4 2 16 28 2407 2659 2245 2228
14553 4 2 16 28 2662 2335 2171 3749
14554 4 2 16 28 462 2377 461 735
14555 4 2 16 28 410 411 2477 686
14556 4 2 16 28 2309 2444 2269 2452
14557 4 2 16 28 1475 73 479 2605
14558 4 2 16 28 67 628 613 77
14559 4 2 16 28 2423 2676 2677 2144
14560 4 2 16 28 504 2401 503 2824
14561 4 2 16 28 442 441 2726 2725
14562 4 2 16 28 2139 2717 2500 2389
14563 4 2 16 28 636 397 2467 396
14564 4 2 16 28 2138 1125 1096 1697
14565 4 2 16 28 2845 2477 410 411
14566 4 2 16 28 948 1033 1489 2281
14567 4 2 16 28 2526 2672 2385 2149
14568 4 2 16 28 373 67 388 613
14569 4 2 16 28 1196 2501 2601 2318
14570 4 2 16 28 2601 2318 2118 2255
14571 4 2 16 28 3651 2399 3739 3746
14572 4 2 16 28 612 66 372 2684
14573 4 2 16 28 2448 582 343 583
14574 4 2 16 28 2228 2397 2659 2156
14575 4 2 16 28 1495 975 2290 1006
14576 4 2 16 28 638 399 2844 398
14577 4 2 16 28 1012 142 1520 2107
14578 4 2 16 28 397 636 2467 637
14579 4 2 16 28 752 445 2545 751
14580 4 2 16 28 325 326 2560 565
14581 4 2 16 28 2568 2215 2469 2587
14582 4 2 16 28 2512 2411 2565 2304
14583 4 2 16 28 694 418 2556 695
14584 4 2 16 28 488 765 2816 764
14585 4 2 16 28 2563 2439 2163 2723
14586 4 2 16 28 2341 1096 2138 1125
14587 4 2 16 28 1186 2322 1169 2590
14588 4 2 16 28 582 65 75 581
14589 4 2 16 28 141 1011 1519 2186
14590 4 2 16 28 941 2210 1040 1498
14591 4 2 16 28 582 343 342 2448
14592 4 2 16 28 310 62 551 63
14593 4 2 16 28 399 638 2844 639
14594 4 2 16 28 295 265 2847 296
14595 4 2 16 28 1698 1105 2296 1116
14596 4 2 16 28 28 3719 3694 3758
14597 4 2 16 28 407 408 2610 683
14598 4 2 16 28 991 992 1521 2205
14599 4 2 16 28 1115 1106 2213 1698
14600 4 2 16 28 2724 267 298 2687
14601 4 2 16 28 571 572 332 2630
14602 4 2 16 28 1012 142 2107 167
14603 4 2 16 28 684 2610 408 683
14604 4 2 16 28 2591 2171 2576 2404
14605 4 2 16 28 1108 1014 1732 2189
14606 4 2 16 28 2340 169 2275 3750
14607 4 2 16 28 386 66 626 2684
14608 4 2 16 28 2543 532 665 531
14609 4 2 16 28 2107 127 142 1520
14610 4 2 16 28 151 1679 149 3766
14611 4 2 16 28 107 1678 106 3766
14612 4 2 16 28 776 500 499 2373
14613 4 2 16 28 443 753 2728 754
14614 4 2 16 28 2091 951 124 145
14615 4 2 16 28 2176 2546 2729 2426
14616 4 2 16 28 2731 3676 3725 3738
14617 4 2 16 28 767 491 490 2488
14618 4 2 16 28 2114 1005 976 1495
14619 4 2 16 28 1498 2210 1041 940
14620 4 2 16 28 426 703 2385 702
14621 4 2 16 28 332 331 571 2630
14622 4 2 16 28 443 753 444 2728
14623 4 2 16 28 2763 1175 1193 2252
14624 4 2 16 28 1028 1499 953 2222
14625 4 2 16 28 758 483 2667 759
14626 4 2 16 28 2671 68 390 630
14627 4 2 16 28 1505 2112 937 1044
14628 4 2 16 28 483 758 2667 482
14629 4 2 16 28 156 2091 1030 2334
14630 4 2 16 28 656 540 657 2552
14631 4 2 16 28 428 2526 704 705
14632 4 2 16 28 1101 1120 2200 1687
14633 4 2 16 28 2344 152 150 1699
14634 4 2 16 28 442 2622 2726 718
14635 4 2 16 28 2377 736 461 735
14636 4 2 16 28 2672 2548 2385 2149
14637 4 2 16 28 492 769 493 2371
14638 4 2 16 28 504 779 2824 503
14639 4 2 16 28 470 726 2559 727
14640 4 2 16 28 2822 502 778 501
14641 4 2 16 28 539 658 657 2650
14642 4 2 16 28 300 268 2696 269
14643 4 2 16 28 2765 315 314 2405
14644 4 2 16 28 2806 766 490 2488
14645 4 2 16 28 2688 2269 2444 2452
14646 4 2 16 28 1028 953 1485 2222
14647 4 2 16 28 408 409 1460 2476
14648 4 2 16 28 82 514 2722 74
14649 4 2 16 28 3733 3734 2585 3736
14650 4 2 16 28 494 495 2664 770
14651 4 2 16 28 2366 1472 1344 1406
14652 4 2 16 28 487 763 2816 2626
14653 4 2 16 28 514 74 1476 2722
14654 4 2 16 28 601 361 2691 2663
14655 4 2 16 28 400 399 2842 2843
14656 4 2 16 28 2389 2139 2717 2624
14657 4 2 16 28 2814 1389 2761 1434
14658 4 2 16 28 2787 326 327 566
14659 4 2 16 28 765 2816 2806 489
14660 4 2 16 28 1030 145 2091 156
14661 4 2 16 28 2366 1350 1472 1406
14662 4 2 16 28 445 446 2545 751
14663 4 2 16 28 717 442 2726 718
14664 4 2 16 28 470 2559 471 2810
14665 4 2 16 28 972 1008 1009 2174
14666 4 2 16 28 2501 1196 1177 2318
14667 4 2 16 28 2726 441 442 717
14668 4 2 16 28 1030 145 951 2091
14669 4 2 16 28 708 431 2841 432
14670 4 2 16 28 389 629 2670 3770
14671 4 2 16 28 479 755 480 2605
14672 4 2 16 28 637 398 638 2467
14673 4 2 16 28 362 601 2663 361
14674 4 2 16 28 2817 421 697 2383
14675 4 2 16 28 767 490 766 2488
14676 4 2 16 28 756 480 755 2605
14677 4 2 16 28 1022 1023 2094 1101
14678 4 2 16 28 1025 1099 1581 2220
14679 4 2 16 28 365 604 605 2791
14680 4 2 16 28 601 362 2663 602
14681 4 2 16 28 637 397 398 2467
14682 4 2 16 28 2745 636 396 635
14683 4 2 16 28 2526 428 429 705
14684 4 2 16 28 507 782 2803 506
14685 4 2 16 28 2737 321 322 562
14686 4 2 16 28 769 492 768 2371
14687 4 2 16 28 604 365 364 2791
14688 4 2 16 28 776 499 775 2373
14689 4 2 16 28 1021 1507 2178 960
14690 4 2 16 28 2347 88 86 1518
14691 4 2 16 28 2844 2843 399 639
14692 4 2 16 28 540 656 541 2552
14693 4 2 16 28 1504 966 2120 1015
14694 4 2 16 28 703 426 2385 427
14695 4 2 16 28 2737 561 321 562
14696 4 2 16 28 550 71 1473 2643
14697 4 2 16 28 619 379 380 2821
14698 4 2 16 28 396 395 2745 635
14699 4 2 16 28 1182 2194 2577 1202
14700 4 2 16 28 2270 1054 1655 974
14701 4 2 16 28 726 470 2559 471
14702 4 2 16 28 455 742 741 2597
14703 4 2 16 28 689 413 2387 690
14704 4 2 16 28 620 619 380 2821
14705 4 2 16 28 2335 1192 2662 1174
14706 4 2 16 28 360 2691 2646 600
14707 4 2 16 28 567 2787 327 566
14708 4 2 16 28 2426 2427 2622 2176
14709 4 2 16 28 603 2663 363 602
14710 4 2 16 28 1183 2269 2688 1167
14711 4 2 16 28 399 2632 2843 2844
14712 4 2 16 28 536 660 2751 661
14713 4 2 16 28 2662 2171 2591 2404
14714 4 2 16 28 431 706 2795 430
14715 4 2 16 28 569 330 2789 570
14716 4 2 16 28 548 649 648 2750
14717 4 2 16 28 700 425 2548 701
14718 4 2 16 28 700 425 424 2548
14719 4 2 16 28 362 363 2663 602
14720 4 2 16 28 648 549 548 2750
14721 4 2 16 28 2259 1516 996 985
14722 4 2 16 28 493 770 2371 769
14723 4 2 16 28 466 2811 465 731
14724 4 2 16 28 528 668 529 2602
14725 4 2 16 28 431 708 2841 707
14726 4 2 16 28 476 720 2640 721
14727 4 2 16 28 330 569 2789 329
14728 4 2 16 28 765 2806 766 489
14729 4 2 16 28 513 1459 512 2544
14730 4 2 16 28 741 456 455 2597
14731 4 2 16 28 2194 2794 2444 2309
14732 4 2 16 28 2577 2444 2194 2794
14733 4 2 16 28 720 476 2640 477
14734 4 2 16 28 2211 1497 928 1053
14735 4 2 16 28 272 303 304 2478
14736 4 2 16 28 2548 2672 2413 2149
14737 4 2 16 28 2563 2439 2614 2163
14738 4 2 16 28 782 507 2803 783
14739 4 2 16 28 514 82 2722 790
14740 4 2 16 28 453 743 2825 744
14741 4 2 16 28 576 337 336 2456
14742 4 2 16 28 645 644 405 2744
14743 4 2 16 28 404 405 644 2744
14744 4 2 16 28 413 414 2387 690
14745 4 2 16 28 444 445 2545 752
14746 4 2 16 28 304 273 272 2478
14747 4 2 16 28 778 502 2822 779
14748 4 2 16 28 633 61 393 3645
14749 4 2 16 28 576 337 2456 577
14750 4 2 16 28 787 512 2715 788
14751 4 2 16 28 946 2311 1509 1035
14752 4 2 16 28 559 560 320 2775
14753 4 2 16 28 787 512 511 2715
14754 4 2 16 28 771 2664 772 495
14755 4 2 16 28 298 268 2724 299
14756 4 2 16 28 559 320 319 2775
14757 4 2 16 28 677 519 678 2647
14758 4 2 16 28 297 267 2687 298
14759 4 2 16 28 531 666 2543 530
14760 4 2 16 28 753 444 2545 752
14761 4 2 16 28 267 297 2687 266
14762 4 2 16 28 391 631 80 3644
14763 4 2 16 28 2281 948 1033 1506
14764 4 2 16 28 268 298 2724 267
14765 4 2 16 28 1491 2287 982 999
14766 4 2 16 28 668 528 669 2602
14767 4 2 16 28 660 2751 537 536
14768 4 2 16 28 732 465 2811 731
14769 4 2 16 28 577 338 2456 578
14770 4 2 16 28 580 2606 340 579
14771 4 2 16 28 706 431 2795 707
14772 4 2 16 28 1515 2290 975 1006
14773 4 2 16 28 763 486 2626 487
14774 4 2 16 28 2209 995 986 1496
14775 4 2 16 28 770 493 2371 494
14776 4 2 16 28 490 766 2806 489
14777 4 2 16 28 589 348 2433 349
14778 4 2 16 28 516 517 1462 2594
14779 4 2 16 28 986 995 2209 1494
14780 4 2 16 28 2099 1098 1688 1123
14781 4 2 16 28 338 577 2456 337
14782 4 2 16 28 2606 578 339 579
14783 4 2 16 28 2606 339 340 579
14784 4 2 16 28 294 264 2847 295
14785 4 2 16 28 2765 314 315 554
14786 4 2 16 28 483 759 760 2802
14787 4 2 16 28 639 2843 400 640
14788 4 2 16 28 449 747 2732 748
14789 4 2 16 28 518 678 519 2730
14790 4 2 16 28 360 2646 599 600
14791 4 2 16 28 519 677 520 2647
14792 4 2 16 28 966 1487 2120 1015
14793 4 2 16 28 359 360 2646 599
14794 4 2 16 28 348 589 2433 588
14795 4 2 16 28 578 339 338 2606
14796 4 2 16 28 496 772 2664 495
14797 4 2 16 28 2622 2729 2426 2176
14798 4 2 16 28 1098 2099 1695 1123
14799 4 2 16 28 518 678 2730 679
14800 4 2 16 28 400 399 2843 639
14801 4 2 16 28 670 2602 669 527
14802 4 2 16 28 453 743 454 2825
14803 4 2 16 28 555 2765 315 554
14804 4 2 16 28 283 253 252 2417
14805 4 2 16 28 618 377 2773 617
14806 4 2 16 28 503 2822 502 779
14807 4 2 16 28 523 673 2790 674
14808 4 2 16 28 466 730 2812 731
14809 4 2 16 28 377 618 2773 378
14810 4 2 16 28 283 284 253 2417
14811 4 2 16 28 2823 776 500 777
14812 4 2 16 28 284 285 254 2417
14813 4 2 16 28 2287 982 999 1512
14814 4 2 16 28 328 567 2787 327
14815 4 2 16 28 487 764 2816 763
14816 4 2 16 28 2194 2269 2309 2444
14817 4 2 16 28 1691 1115 1106 2213
14818 4 2 16 28 1120 2200 1693 1101
14819 4 2 16 28 284 254 253 2417
14820 4 2 16 28 484 483 760 2802
14821 4 2 16 28 674 522 2769 523
14822 4 2 16 28 61 633 64 3645
14823 4 2 16 28 2186 970 1011 1519
14824 4 2 16 28 478 84 73 2453
14825 4 2 16 28 1488 2257 936 1045
14826 4 2 16 28 486 763 2626 762
14827 4 2 16 28 288 289 258 2733
14828 4 2 16 28 415 414 691 2612
14829 4 2 16 28 264 294 2847 263
14830 4 2 16 28 468 728 2557 729
14831 4 2 16 28 745 451 746 2681
14832 4 2 16 28 667 2543 666 530
14833 4 2 16 28 1505 936 2257 1045
14834 4 2 16 28 1461 480 481 2539
14835 4 2 16 28 257 288 258 2733
14836 4 2 16 28 608 369 368 2853
14837 4 2 16 28 600 361 2691 601
14838 4 2 16 28 600 361 360 2691
14839 4 2 16 28 528 669 2602 527
14840 4 2 16 28 2114 1005 1493 976
14841 4 2 16 28 747 2732 450 449
14842 4 2 16 28 780 505 504 2720
14843 4 2 16 28 466 730 467 2812
14844 4 2 16 28 2792 363 364 603
14845 4 2 16 28 440 441 2531 716
14846 4 2 16 28 737 459 738 2523
14847 4 2 16 28 441 2531 716 717
14848 4 2 16 28 603 364 2792 604
14849 4 2 16 28 584 585 344 2738
14850 4 2 16 28 523 673 524 2790
14851 4 2 16 28 777 500 2823 501
14852 4 2 16 28 391 80 70 3644
14853 4 2 16 28 345 344 585 2738
14854 4 2 16 28 389 69 1466 2670
14855 4 2 16 28 764 487 2816 488
14856 4 2 16 28 79 69 389 2670
14857 4 2 16 28 629 79 389 2670
14858 4 2 16 28 728 468 2557 469
14859 4 2 16 28 676 520 2647 521
14860 4 2 16 28 479 73 84 2605
14861 4 2 16 28 688 413 2387 689
14862 4 2 16 28 2793 723 474 722
14863 4 2 16 28 522 674 2769 675
14864 4 2 16 28 745 452 451 2681
14865 4 2 16 28 585 346 345 2414
14866 4 2 16 28 2612 414 691 690
14867 4 2 16 28 585 346 2414 586
14868 4 2 16 28 478 719 84 2453
14869 4 2 16 28 333 574 334 2455
14870 4 2 16 28 583 344 343 2738
14871 4 2 16 28 287 257 256 2429
14872 4 2 16 28 785 510 2714 786
14873 4 2 16 28 780 505 2720 781
14874 4 2 16 28 459 737 460 2523
14875 4 2 16 28 333 574 2455 573
14876 4 2 16 28 641 400 2462 640
14877 4 2 16 28 287 257 2429 288
14878 4 2 16 28 546 651 2752 545
14879 4 2 16 28 400 641 2462 401
14880 4 2 16 28 583 584 344 2738
14881 4 2 16 28 697 421 420 2383
14882 4 2 16 28 532 665 664 2391
14883 4 2 16 28 532 664 533 2391
14884 4 2 16 28 300 270 2696 301
14885 4 2 16 28 520 676 2647 677
14886 4 2 16 28 270 300 2696 269
14887 4 2 16 28 413 688 2387 412
14888 4 2 16 28 261 291 2637 260
14889 4 2 16 28 475 2793 474 722
14890 4 2 16 28 785 510 509 2714
14891 4 2 16 28 291 261 2637 292
14892 4 2 16 28 652 2752 651 545
14893 4 2 16 28 755 479 84 2605
14894 4 2 16 28 366 367 2473 607
14895 4 2 16 28 534 662 2754 663
14896 4 2 16 28 557 318 2809 558
14897 4 2 16 28 697 420 696 2383
14898 4 2 16 28 2473 606 366 607
14899 4 2 16 28 318 557 2809 317
14900 4 2 16 28 2094 1023 1510 958
14901 4 2 16 28 252 282 2740 251
14902 4 2 16 28 662 534 2754 535
14903 4 2 16 28 282 252 2740 283
14904 4 2 16 28 590 2433 349 589
14905 4 2 16 28 622 2582 383 623
14906 4 2 16 28 349 350 2433 590
14907 4 2 16 28 736 460 2377 461
14908 4 2 16 28 2582 383 382 622
14909 4 2 16 28 2793 473 2676 2486
14910 4 2 16 28 2379 2523 2598 458
14911 4 2 16 28 2809 2768 2499 317
14912 4 2 16 28 2562 2516 2773 377
14913 4 2 16 28 387 2671 1465 2542
14914 4 2 16 28 2393 2551 2805 1377
14915 4 2 16 28 2497 2786 2826 1357
14916 4 2 16 28 2537 2371 493 494
14917 4 2 16 28 353 2445 2644 354
14918 4 2 16 28 2451 2631 2716 1397
14919 4 2 16 28 2573 2417 2849 254
14920 4 2 16 28 2412 2548 2652 424
14921 4 2 16 28 2388 2624 416 417
14922 4 2 16 28 1370 2388 2697 2479
14923 4 2 16 28 1427 2388 2620 1376
14924 4 2 16 28 2419 2657 2766 1364
14925 4 2 16 28 2531 2798 2818 440
14926 4 2 16 28 242 16 19 2621
14927 4 2 16 28 2615 2419 2718 1333
14928 4 2 16 28 2420 2718 2766 463
14929 4 2 16 28 2654 2467 397 2566
14930 4 2 16 28 2507 2403 2653 1379
14931 4 2 16 28 2663 2435 2792 363
14932 4 2 16 28 1475 2453 2510 478
14933 4 2 16 28 2597 2465 455 2825
14934 4 2 16 28 2744 404 2541 2464
14935 4 2 16 28 2421 2736 1393 2631
14936 4 2 16 28 2419 2615 2756 1333
14937 4 2 16 28 2420 2377 2718 462
14938 4 2 16 28 2436 2550 2580 1369
14939 4 2 16 28 465 466 1365 2370
14940 4 2 16 28 1354 2422 2820 2648
14941 4 2 16 28 490 1384 1425 2805
14942 4 2 16 28 467 468 1361 2645
14943 4 2 16 28 2510 2453 477 478
14944 4 2 16 28 469 1354 1452 2648
14945 4 2 16 28 2645 2513 1453 2562
14946 4 2 16 28 2773 2562 378 2513
14947 4 2 16 28 378 2513 2821 2773
14948 4 2 16 28 2376 2542 387 388
14949 4 2 16 28 2671 387 1465 68
14950 4 2 16 28 2542 2670 2671 390
14951 4 2 16 28 2671 387 68 2376
14952 4 2 16 28 2254 1517 135 2093
14953 4 2 16 28 2579 1306 17 18
14954 4 2 16 28 2547 2514 2760 1391
14955 4 2 16 28 2254 1517 2205 991
14956 4 2 16 28 2572 2434 2646 359
14957 4 2 16 28 1463 2640 476 477
14958 4 2 16 28 2564 2410 2570 1399
14959 4 2 16 28 494 495 1396 2537
14960 4 2 16 28 2410 2564 2565 497
14961 4 2 16 28 2537 2410 2664 495
14962 4 2 16 28 2410 2537 2572 1396
14963 4 2 16 28 494 1396 1437 2537
14964 4 2 16 28 362 363 1384 2435
14965 4 2 16 28 2537 2434 2572 1437
14966 4 2 16 28 2488 2805 2813 491
14967 4 2 16 28 2706 2435 2834 1435
14968 4 2 16 28 2551 2435 2805 1425
14969 4 2 16 28 2537 2371 2706 493
14970 4 2 16 28 2805 2435 2813 1384
14971 4 2 16 28 364 365 1377 2551
14972 4 2 16 28 2839 365 2473 2551
14973 4 2 16 28 2626 2503 2816 487
14974 4 2 16 28 488 1377 1424 2393
14975 4 2 16 28 488 489 1377 2393
14976 4 2 16 28 2674 2802 484 2625
14977 4 2 16 28 382 2820 2422 2582
14978 4 2 16 28 2510 2640 1463 477
14979 4 2 16 28 2503 2443 2753 1413
14980 4 2 16 28 1461 480 2510 1328
14981 4 2 16 28 2482 2561 2684 371
14982 4 2 16 28 475 476 1335 2480
14983 4 2 16 28 1468 2714 510 2415
14984 4 2 16 28 382 2820 2582 381
14985 4 2 16 28 2648 2422 2810 1354
14986 4 2 16 28 2559 2557 2810 470
14987 4 2 16 28 480 2605 2510 479
14988 4 2 16 28 2799 2782 2418 1348
14989 4 2 16 28 2605 480 2510 2539
14990 4 2 16 28 2461 2555 2629 1426
14991 4 2 16 28 2539 2510 1461 480
14992 4 2 16 28 2510 479 1475 1328
14993 4 2 16 28 2452 2539 2667 481
14994 4 2 16 28 2452 480 2539 481
14995 4 2 16 28 2496 2561 2674 1352
14996 4 2 16 28 480 2452 2539 2605
14997 4 2 16 28 2510 2453 2640 477
14998 4 2 16 28 2480 1463 2640 476
14999 4 2 16 28 348 2550 349 1420
15000 4 2 16 28 2453 1475 2510 2605
15001 4 2 16 28 493 2813 2371 2706
15002 4 2 16 28 2607 2365 352 2644
15003 4 2 16 28 2366 2506 2712 1344
15004 4 2 16 28 2715 2544 2713 512
15005 4 2 16 28 20 2621 243 15
15006 4 2 16 28 1468 2714 2415 2497
15007 4 2 16 28 2415 2715 512 2544
15008 4 2 16 28 2388 1427 418 1376
15009 4 2 16 28 1369 506 507 2436
15010 4 2 16 28 2671 387 2376 2542
15011 4 2 16 28 65 1331 1344 2506
15012 4 2 16 28 2519 2647 2801 520
15013 4 2 16 28 2594 2494 2748 516
15014 4 2 16 28 2519 2647 520 521
15015 4 2 16 28 2366 2647 2730 519
15016 4 2 16 28 2594 2366 2730 518
15017 4 2 16 28 2647 2366 520 519
15018 4 2 16 28 2647 2519 2769 521
15019 4 2 16 28 2461 2392 2778 526
15020 4 2 16 28 2647 2366 2801 520
15021 4 2 16 28 2506 2366 2594 1344
15022 4 2 16 28 2712 2606 2801 340
15023 4 2 16 28 2580 2414 2826 346
15024 4 2 16 28 2564 2445 2702 1441
15025 4 2 16 28 2506 2415 2759 1342
15026 4 2 16 28 2497 2714 2786 509
15027 4 2 16 28 2543 2396 2685 530
15028 4 2 16 28 2543 2396 530 2603
15029 4 2 16 28 2533 2364 2787 328
15030 4 2 16 28 2533 2396 2642 1388
15031 4 2 16 28 330 2533 2789 2460
15032 4 2 16 28 2396 2602 2642 528
15033 4 2 16 28 2445 2607 2702 1386
15034 4 2 16 28 2769 2457 2790 523
15035 4 2 16 28 2457 2778 2790 524
15036 4 2 16 28 2699 336 2456 2521
15037 4 2 16 28 2609 71 2534 2643
15038 4 2 16 28 130 974 2270 1655
15039 4 2 16 28 2270 2174 973 2353
15040 4 2 16 28 2270 139 973 2174
15041 4 2 16 28 2211 2114 1486 1052
15042 4 2 16 28 493 2813 492 2371
15043 4 2 16 28 2550 348 2433 2580
15044 4 2 16 28 352 2607 2644 353
15045 4 2 16 28 2365 2504 2607 352
15046 4 2 16 28 2436 2580 2826 1417
15047 4 2 16 28 2445 356 2571 355
15048 4 2 16 28 2445 1386 2702 1441
15049 4 2 16 28 353 2445 2607 2644
15050 4 2 16 28 2445 2570 2571 356
15051 4 2 16 28 2564 2565 497 498
15052 4 2 16 28 2410 2565 496 497
15053 4 2 16 28 501 1386 2446 1431
15054 4 2 16 28 1392 2445 2570 2564
15055 4 2 16 28 2564 2373 2565 498
15056 4 2 16 28 1396 496 1399 2410
15057 4 2 16 28 2570 2410 2572 1399
15058 4 2 16 28 2373 2564 2702 499
15059 4 2 16 28 2589 2475 2845 1470
15060 4 2 16 28 2408 2710 2808 279
15061 4 2 16 28 2727 2545 2728 444
15062 4 2 16 28 2612 2388 2624 416
15063 4 2 16 28 1427 2388 418 2454
15064 4 2 16 28 2454 2556 418 419
15065 4 2 16 28 2652 2412 424 423
15066 4 2 16 28 1427 2388 2454 2620
15067 4 2 16 28 2454 2383 419 420
15068 4 2 16 28 2528 2383 2761 421
15069 4 2 16 28 2498 2727 2728 443
15070 4 2 16 28 2528 2412 2652 423
15071 4 2 16 28 1395 424 1398 2412
15072 4 2 16 28 2724 2432 2814 268
15073 4 2 16 28 266 2687 2432 2623
15074 4 2 16 28 2388 2454 2556 418
15075 4 2 16 28 1376 416 2388 1423
15076 4 2 16 28 2454 2620 2696 270
15077 4 2 16 28 2478 2620 2697 272
15078 4 2 16 28 416 417 1376 2388
15079 4 2 16 28 2454 2383 2556 419
15080 4 2 16 28 2383 2454 2761 420
15081 4 2 16 28 2388 2556 2624 417
15082 4 2 16 28 2388 1370 2697 1423
15083 4 2 16 28 1114 2213 2108 1115
15084 4 2 16 28 2120 2189 2352 967
15085 4 2 16 28 1114 2213 2280 2121
15086 4 2 16 28 1114 1689 1113 2280
15087 4 2 16 28 2189 2263 2352 967
15088 4 2 16 28 2621 19 242 1306
15089 4 2 16 28 2679 2471 2749 1457
15090 4 2 16 28 2553 319 2809 318
15091 4 2 16 28 541 1367 1422 2673
15092 4 2 16 28 2553 2382 2628 1381
15093 4 2 16 28 2553 2509 2775 320
15094 4 2 16 28 1394 532 1397 2716
15095 4 2 16 28 2391 2631 2754 534
15096 4 2 16 28 2631 2451 2767 1397
15097 4 2 16 28 2487 2474 2695 276
15098 4 2 16 28 2475 2387 2477 412
15099 4 2 16 28 2475 2477 411 412
15100 4 2 16 28 2475 2477 2845 411
15101 4 2 16 28 2589 1351 2475 1470
15102 4 2 16 28 2695 2475 2808 1351
15103 4 2 16 28 1351 2589 2808 1405
15104 4 2 16 28 1414 2669 2479 2474
15105 4 2 16 28 1358 414 1414 2827
15106 4 2 16 28 2710 2487 2808 278
15107 4 2 16 28 2576 2686 2752 545
15108 4 2 16 28 2576 2613 2686 544
15109 4 2 16 28 544 545 1355 2686
15110 4 2 16 28 2679 1403 2449 2678
15111 4 2 16 28 2471 2524 2609 1330
15112 4 2 16 28 2441 1379 2507 2653
15113 4 2 16 28 1330 1343 2524 1460
15114 4 2 16 28 2613 2552 2673 542
15115 4 2 16 28 2725 2531 1458 441
15116 4 2 16 28 2745 2566 2783 395
15117 4 2 16 28 2783 2781 393 2784
15118 4 2 16 28 1329 61 1337 2530
15119 4 2 16 28 2725 2531 2818 1458
15120 4 2 16 28 61 1329 1336 2530
15121 4 2 16 28 389 2838 1400 2542
15122 4 2 16 28 2732 2567 2742 449
15123 4 2 16 28 450 1353 1448 2463
15124 4 2 16 28 2681 2508 2772 452
15125 4 2 16 28 393 61 1336 2784
15126 4 2 16 28 393 1336 1443 2784
15127 4 2 16 28 2417 2522 253 252
15128 4 2 16 28 2740 2466 2782 250
15129 4 2 16 28 2781 2418 2782 1401
15130 4 2 16 28 2733 2507 257 2429
15131 4 2 16 28 2522 2780 2849 1356
15132 4 2 16 28 2532 2799 2798 438
15133 4 2 16 28 2430 2525 2573 1421
15134 4 2 16 28 2548 426 2547 2385
15135 4 2 16 28 2573 2429 2574 255
15136 4 2 16 28 2403 2525 1430 2507
15137 4 2 16 28 2385 2547 2815 427
15138 4 2 16 28 426 2548 2547 425
15139 4 2 16 28 2412 2547 2548 425
15140 4 2 16 28 2623 2412 2833 1395
15141 4 2 16 28 2760 2441 2815 1385
15142 4 2 16 28 2653 2526 2815 429
15143 4 2 16 28 2637 2514 2638 262
15144 4 2 16 28 2838 69 392 2359
15145 4 2 16 28 2222 1027 954 1485
15146 4 2 16 28 2254 1517 991 135
15147 4 2 16 28 484 1407 1352 2674
15148 4 2 16 28 2542 2670 390 389
15149 4 2 16 28 389 2838 2542 2670
15150 4 2 16 28 390 389 1400 2542
15151 4 2 16 28 389 2838 2670 1466
15152 4 2 16 28 2838 389 1400 1466
15153 4 2 16 28 450 451 1353 2463
15154 4 2 16 28 2464 2611 2774 402
15155 4 2 16 28 454 1366 1454 2465
15156 4 2 16 28 2541 2379 2627 1363
15157 4 2 16 28 2597 2465 2627 455
15158 4 2 16 28 458 1332 1450 2721
15159 4 2 16 28 2615 2542 2756 67
15160 4 2 16 28 2615 2542 67 1334
15161 4 2 16 28 2542 2615 2837 1334
15162 4 2 16 28 2379 2597 2627 456
15163 4 2 16 28 2627 2597 455 456
15164 4 2 16 28 2628 2421 2735 1387
15165 4 2 16 28 2561 2442 2684 372
15166 4 2 16 28 2531 2725 2726 441
15167 4 2 16 28 2553 2499 2649 1373
15168 4 2 16 28 2435 2663 2834 362
15169 4 2 16 28 2213 1114 2108 2121
15170 4 2 16 28 2510 2442 2539 1461
15171 4 2 16 28 2510 480 479 1328
15172 4 2 16 28 1353 2654 2463 2508
15173 4 2 16 28 501 1380 1431 2446
15174 4 2 16 28 2417 2522 2849 253
15175 4 2 16 28 2522 2417 2740 252
15176 4 2 16 28 2648 2513 2820 1452
15177 4 2 16 28 2391 2631 534 533
15178 4 2 16 28 2414 2738 2826 345
15179 4 2 16 28 2441 2637 2777 260
15180 4 2 16 28 2602 2396 2603 529
15181 4 2 16 28 1463 2480 2640 2510
15182 4 2 16 28 533 1393 1397 2631
15183 4 2 16 28 2576 2686 545 544
15184 4 2 16 28 2547 2385 426 427
15185 4 2 16 28 2464 2541 2627 1456
15186 4 2 16 28 2523 2379 2721 458
15187 4 2 16 28 2499 318 2553 2809
15188 4 2 16 28 510 2415 511 1468
15189 4 2 16 28 2625 2503 2626 486
15190 4 2 16 28 2551 2473 2791 365
15191 4 2 16 28 2766 2370 2811 465
15192 4 2 16 28 545 1412 1355 2686
15193 4 2 16 28 530 1394 1442 2685
15194 4 2 16 28 2542 2376 2756 388
15195 4 2 16 28 2410 2565 2664 496
15196 4 2 16 28 2436 2786 2803 507
15197 4 2 16 28 327 1394 1397 2451
15198 4 2 16 28 460 1327 1332 2700
15199 4 2 16 28 1381 2509 2628 2553
15200 4 2 16 28 2553 2775 2809 319
15201 4 2 16 28 2735 2421 2736 1439
15202 4 2 16 28 2373 2702 2823 500
15203 4 2 16 28 458 459 1332 2721
15204 4 2 16 28 2422 2689 2804 1345
15205 4 2 16 28 535 1387 1439 2421
15206 4 2 16 28 2510 2480 2549 1335
15207 4 2 16 28 2812 468 2645 2557
15208 4 2 16 28 2371 2537 2664 494
15209 4 2 16 28 2539 2442 2660 1338
15210 4 2 16 28 2510 2605 1475 479
15211 4 2 16 28 2541 2359 2837 406
15212 4 2 16 28 2620 2386 2696 270
15213 4 2 16 28 2580 2433 2581 348
15214 4 2 16 28 2388 418 2556 417
15215 4 2 16 28 2412 2548 424 425
15216 4 2 16 28 2542 390 2671 1465
15217 4 2 16 28 2722 2494 2723 74
15218 4 2 16 28 2626 2503 487 486
15219 4 2 16 28 2720 2436 2803 506
15220 4 2 16 28 2589 1351 1470 1405
15221 4 2 16 28 2539 2496 2667 482
15222 4 2 16 28 2733 2507 2777 258
15223 4 2 16 28 62 1330 1343 2524
15224 4 2 16 28 2373 2564 499 498
15225 4 2 16 28 2524 2476 2609 1460
15226 4 2 16 28 2457 2521 2555 1419
15227 4 2 16 28 2502 2430 2780 434
15228 4 2 16 28 2579 1306 18 19
15229 4 2 16 28 2564 2445 1441 1392
15230 4 2 16 28 18 17 2579 3652
15231 4 2 16 28 2690 2529 2593 3662
15232 4 2 16 28 2265 2133 2205 3663
15233 4 2 16 28 2115 2265 2205 3663
15234 4 2 16 28 2690 2593 2492 3666
15235 4 2 16 28 2719 2592 2797 3674
15236 4 2 16 28 2394 2731 2538 3676
15237 4 2 16 28 2764 2394 2705 3678
15238 4 2 16 28 2764 3677 2394 3678
15239 4 2 16 28 2153 2203 2193 3688
15240 4 2 16 28 2309 2153 2193 3688
15241 4 2 16 28 2511 2398 2741 3708
15242 4 2 16 28 2224 2078 2203 3759
15243 4 2 16 28 2440 2483 2734 3774
15244 4 2 16 28 2483 2399 2734 3774
15245 4 2 16 28 2440 2670 2483 3774
15246 4 2 16 28 2821 2513 380 2820
15247 4 2 16 28 2821 380 2513 379
15248 4 2 16 28 690 2387 2139 2717
15249 4 2 16 28 690 2139 2387 689
15250 4 2 16 28 688 2387 2139 689
15251 4 2 16 28 2081 2765 2450 2517
15252 4 2 16 28 2081 2450 2765 554
15253 4 2 16 28 2202 555 2081 2517
15254 4 2 16 28 2202 2081 555 554
15255 4 2 16 28 555 2765 2081 2517
15256 4 2 16 28 555 2081 2765 554
15257 4 2 16 28 1347 2680 2686 2449
15258 4 2 16 28 1347 2686 2680 1412
15259 4 2 16 28 2415 1459 2506 2544
15260 4 2 16 28 2506 1459 2415 1342
15261 4 2 16 28 602 603 2224 2214
15262 4 2 16 28 602 2224 603 2663
15263 4 2 16 28 2089 602 2224 2214
15264 4 2 16 28 2089 2224 602 2663
15265 4 2 16 28 601 602 2089 2214
15266 4 2 16 28 601 2089 602 2663
15267 4 2 16 28 2532 2799 437 2779
15268 4 2 16 28 437 2799 2532 438
15269 4 2 16 28 2689 2582 384 383
15270 4 2 16 28 2689 384 2582 2481
15271 4 2 16 28 2533 2396 1442 2685
15272 4 2 16 28 2533 1442 2396 1388
15273 4 2 16 28 530 1442 2396 2685
15274 4 2 16 28 530 2396 1442 1388
15275 4 2 16 28 2188 842 2762 99
15276 4 2 16 28 2188 2762 842 3671
15277 4 2 16 28 2579 2762 842 99
15278 4 2 16 28 2579 842 2762 3671
15279 4 2 16 28 2480 2640 475 476
15280 4 2 16 28 2480 475 2640 2793
15281 4 2 16 28 2654 398 2467 2632
15282 4 2 16 28 2654 2467 398 397
15283 4 2 16 28 2479 2612 416 2388
15284 4 2 16 28 416 2612 2479 415
15285 4 2 16 28 416 1370 2479 2388
15286 4 2 16 28 2479 1370 416 415
15287 4 2 16 28 2482 370 2561 371
15288 4 2 16 28 2482 2561 370 2852
15289 4 2 16 28 1104 1103 1020 2286
15290 4 2 16 28 1104 1020 1103 1723
15291 4 2 16 28 333 2629 2630 2455
15292 4 2 16 28 333 2630 2629 332
15293 4 2 16 28 2722 82 2163 790
15294 4 2 16 28 2163 82 2722 2563
15295 4 2 16 28 2163 2713 2722 790
15296 4 2 16 28 2722 2713 2163 2563
15297 4 2 16 28 2524 2476 1343 2589
15298 4 2 16 28 2524 1343 2476 1460
15299 4 2 16 28 409 1343 2476 2589
15300 4 2 16 28 409 2476 1343 1460
15301 4 2 16 28 824 952 2199 2137
15302 4 2 16 28 824 2199 952 1603
15303 4 2 16 28 532 1397 2631 533
15304 4 2 16 28 2631 1397 532 2716
15305 4 2 16 28 2631 2391 532 533
15306 4 2 16 28 532 2391 2631 2716
15307 4 2 16 28 1740 169 2321 2136
15308 4 2 16 28 1740 2321 169 161
15309 4 2 16 28 2760 2637 262 2514
15310 4 2 16 28 2760 262 2637 261
15311 4 2 16 28 1282 206 1295 3384
15312 4 2 16 28 1282 1295 206 3778
15313 4 2 16 28 3400 1295 206 3384
15314 4 2 16 28 207 1295 206 3400
15315 4 2 16 28 206 1295 207 3778
15316 4 2 16 28 1049 148 131 2242
15317 4 2 16 28 1049 131 148 1522
15318 4 2 16 28 535 1393 2754 2421
15319 4 2 16 28 535 2754 1393 534
15320 4 2 16 28 2631 2754 1393 2421
15321 4 2 16 28 2631 1393 2754 534
15322 4 2 16 28 228 229 224 3399
15323 4 2 16 28 224 229 228 3705
15324 4 2 16 28 228 225 224 3705
15325 4 2 16 28 7 3385 1288 3401
15326 4 2 16 28 1288 1289 7 3401
15327 4 2 16 28 7 1289 1288 3765
15328 4 2 16 28 2 1288 7 3385
15329 4 2 16 28 2 7 1288 3765
15330 4 2 16 28 1294 1293 1283 3398
15331 4 2 16 28 1294 1283 1293 3769
15332 4 2 16 28 3383 1283 1293 3398
15333 4 2 16 28 1284 1283 1293 3383
15334 4 2 16 28 1284 1293 1283 3769
15335 4 2 16 28 221 222 231 3383
15336 4 2 16 28 231 222 221 3767
15337 4 2 16 28 221 232 231 3767
15338 4 2 16 28 1291 1290 1286 3399
15339 4 2 16 28 1291 1286 1290 3768
15340 4 2 16 28 1287 1290 1286 3768
15341 4 2 16 28 1286 1285 1292 3380
15342 4 2 16 28 1292 1285 1286 3771
15343 4 2 16 28 1292 3397 1286 3380
15344 4 2 16 28 1292 1291 1286 3397
15345 4 2 16 28 1292 1286 1291 3771
15346 4 2 16 28 2549 385 2684 386
15347 4 2 16 28 2549 2684 385 2481
15348 4 2 16 28 554 553 2081 2450
15349 4 2 16 28 554 2081 553 2169
15350 4 2 16 28 2081 553 2345 2450
15351 4 2 16 28 2081 2345 553 2169
15352 4 2 16 28 2345 553 552 2450
15353 4 2 16 28 2345 552 553 2169
15354 4 2 16 28 1378 2555 524 2778
15355 4 2 16 28 1378 524 2555 1419
15356 4 2 16 28 2457 524 2555 2778
15357 4 2 16 28 2457 2555 524 1419
15358 4 2 16 28 2502 433 2430 434
15359 4 2 16 28 2502 2430 433 2840
15360 4 2 16 28 2388 1423 2620 1376
15361 4 2 16 28 2388 2620 1423 2697
15362 4 2 16 28 272 2620 1423 1376
15363 4 2 16 28 272 1423 2620 2697
15364 4 2 16 28 294 2847 2312 295
15365 4 2 16 28 294 2312 2847 2638
15366 4 2 16 28 3760 2224 2203 3759
15367 4 2 16 28 3760 2203 2224 2127
15368 4 2 16 28 2613 544 1355 2686
15369 4 2 16 28 1355 544 2613 543
15370 4 2 16 28 128 2123 2186 2187
15371 4 2 16 28 128 2186 2123 141
15372 4 2 16 28 2549 2510 66 2442
15373 4 2 16 28 2549 66 2510 1335
15374 4 2 16 28 1386 501 2702 500
15375 4 2 16 28 1386 2702 501 2446
15376 4 2 16 28 2823 2702 501 500
15377 4 2 16 28 2823 501 2702 2446
15378 4 2 16 28 1065 3729 3744 3352
15379 4 2 16 28 3744 3729 1065 3743
15380 4 2 16 28 3744 1064 1065 3352
15381 4 2 16 28 1065 1064 3744 3743
15382 4 2 16 28 2210 2131 1039 2209
15383 4 2 16 28 1039 2131 2210 1484
15384 4 2 16 28 2210 1040 1039 1484
15385 4 2 16 28 260 2441 259 2777
15386 4 2 16 28 260 259 2441 1432
15387 4 2 16 28 2507 259 2441 2777
15388 4 2 16 28 2507 2441 259 1432
15389 4 2 16 28 3770 390 2670 389
15390 4 2 16 28 3770 2670 390 2671
15391 4 2 16 28 405 2541 2359 2744
15392 4 2 16 28 405 2359 2541 406
15393 4 2 16 28 161 246 3654 24
15394 4 2 16 28 161 3654 246 3742
15395 4 2 16 28 1312 3654 246 24
15396 4 2 16 28 242 17 2621 1306
15397 4 2 16 28 2579 2621 17 1306
15398 4 2 16 28 2579 17 2621 2529
15399 4 2 16 28 2552 655 2141 656
15400 4 2 16 28 2552 2141 655 2851
15401 4 2 16 28 2346 2141 655 656
15402 4 2 16 28 2346 655 2141 2851
15403 4 2 16 28 16 24 3654 1312
15404 4 2 16 28 3654 24 16 3684
15405 4 2 16 28 314 2450 2680 313
15406 4 2 16 28 314 2680 2450 2765
15407 4 2 16 28 1471 1404 2561 1352
15408 4 2 16 28 2561 1404 1471 2660
15409 4 2 16 28 2561 2496 1471 1352
15410 4 2 16 28 1471 2496 2561 2660
15411 4 2 16 28 1341 2749 2449 1469
15412 4 2 16 28 1341 2449 2749 2679
15413 4 2 16 28 1338 2660 372 2442
15414 4 2 16 28 1338 372 2660 1404
15415 4 2 16 28 2561 372 2660 2442
15416 4 2 16 28 2561 2660 372 1404
15417 4 2 16 28 876 1004 2173 1638
15418 4 2 16 28 876 2173 1004 2261
15419 4 2 16 28 807 3710 2212 2218
15420 4 2 16 28 807 2212 3710 3723
15421 4 2 16 28 2802 2674 483 2496
15422 4 2 16 28 2802 483 2674 484
15423 4 2 16 28 1352 483 2674 2496
15424 4 2 16 28 1352 2674 483 484
15425 4 2 16 28 1281 205 3665 78
15426 4 2 16 28 1281 3665 205 3375
15427 4 2 16 28 208 1296 3704 79
15428 4 2 16 28 208 3704 1296 3409
15429 4 2 16 28 2725 2498 1329 2727
15430 4 2 16 28 2725 1329 2498 1474
15431 4 2 16 28 443 1329 2498 2727
15432 4 2 16 28 443 2498 1329 1474
15433 4 2 16 28 2792 604 2224 603
15434 4 2 16 28 2224 2663 2792 603
15435 4 2 16 28 2792 2663 2224 2374
15436 4 2 16 28 1435 1390 2813 492
15437 4 2 16 28 1435 2813 1390 2706
15438 4 2 16 28 493 2813 1390 492
15439 4 2 16 28 493 1390 2813 2706
15440 4 2 16 28 3754 879 2731 878
15441 4 2 16 28 3754 2731 879 3673
15442 4 2 16 28 701 700 2149 2548
15443 4 2 16 28 2413 2149 2652 2548
15444 4 2 16 28 2413 2652 2149 2279
15445 4 2 16 28 2149 700 2652 2548
15446 4 2 16 28 2149 2652 700 2279
15447 4 2 16 28 2134 1020 2178 2286
15448 4 2 16 28 2134 2178 1020 961
15449 4 2 16 28 509 2786 2400 2714
15450 4 2 16 28 509 2400 2786 508
15451 4 2 16 28 763 2816 2204 2127
15452 4 2 16 28 763 2204 2816 2626
15453 4 2 16 28 302 2478 2190 303
15454 4 2 16 28 2190 2478 302 2386
15455 4 2 16 28 2720 505 1375 2550
15456 4 2 16 28 1375 505 2720 504
15457 4 2 16 28 1375 2401 2720 2550
15458 4 2 16 28 2720 2401 1375 504
15459 4 2 16 28 450 1448 2742 2463
15460 4 2 16 28 450 2742 1448 1346
15461 4 2 16 28 1551 123 3650 2151
15462 4 2 16 28 1551 3650 123 95
15463 4 2 16 28 2088 3650 123 2151
15464 4 2 16 28 2088 123 3650 95
15465 4 2 16 28 2393 2551 1424 2839
15466 4 2 16 28 2393 1424 2551 1377
15467 4 2 16 28 1450 458 2379 1363
15468 4 2 16 28 2379 458 1450 2721
15469 4 2 16 28 2379 2541 1450 1363
15470 4 2 16 28 1450 2541 2379 2721
15471 4 2 16 28 975 974 2290 1515
15472 4 2 16 28 975 2290 974 2211
15473 4 2 16 28 2622 2176 2531 717
15474 4 2 16 28 2179 2176 2531 2255
15475 4 2 16 28 2179 2531 2176 717
15476 4 2 16 28 2837 2542 391 2838
15477 4 2 16 28 2837 391 2542 1334
15478 4 2 16 28 1400 391 2542 2838
15479 4 2 16 28 1400 2542 391 1334
15480 4 2 16 28 1379 429 2441 1432
15481 4 2 16 28 1379 2441 429 2653
15482 4 2 16 28 2221 3675 931 2159
15483 4 2 16 28 803 3675 931 1534
15484 4 2 16 28 803 931 3675 2159
15485 4 2 16 28 2820 382 1447 381
15486 4 2 16 28 2820 1447 382 2422
15487 4 2 16 28 745 2130 746 2223
15488 4 2 16 28 745 746 2130 2681
15489 4 2 16 28 2220 955 2147 2167
15490 4 2 16 28 2220 2147 955 956
15491 4 2 16 28 976 975 2114 1495
15492 4 2 16 28 2290 2114 975 1495
15493 4 2 16 28 2290 975 2114 2211
15494 4 2 16 28 236 237 3690 3406
15495 4 2 16 28 236 3690 237 2274
15496 4 2 16 28 2773 2757 2090 616
15497 4 2 16 28 2773 2090 2757 2536
15498 4 2 16 28 1438 1395 2528 422
15499 4 2 16 28 1438 2528 1395 2833
15500 4 2 16 28 6 3 3660 1303
15501 4 2 16 28 6 3660 3 3737
15502 4 2 16 28 1 3660 3 1303
15503 4 2 16 28 1 3 3660 3737
15504 4 2 16 28 3746 1055 1059 1060
15505 4 2 16 28 2080 2637 2146 292
15506 4 2 16 28 2080 2146 2637 2709
15507 4 2 16 28 2638 2637 2146 2709
15508 4 2 16 28 2623 2412 1398 2665
15509 4 2 16 28 2623 1398 2412 1395
15510 4 2 16 28 1280 1281 3665 2666
15511 4 2 16 28 1280 3665 1281 3377
15512 4 2 16 28 2557 2812 2145 2558
15513 4 2 16 28 2771 538 658 659
15514 4 2 16 28 239 238 3699 818
15515 4 2 16 28 239 3699 238 3407
15516 4 2 16 28 954 2222 953 2137
15517 4 2 16 28 954 953 2222 1485
15518 4 2 16 28 875 876 3677 3338
15519 4 2 16 28 875 3677 876 3724
15520 4 2 16 28 849 3677 876 3338
15521 4 2 16 28 849 876 3677 3724
15522 4 2 16 28 942 1562 3692 814
15523 4 2 16 28 942 3692 1562 2131
15524 4 2 16 28 1279 1280 3691 2666
15525 4 2 16 28 1279 3691 1280 3373
15526 4 2 16 28 753 2545 2225 752
15527 4 2 16 28 753 2225 2545 2728
15528 4 2 16 28 2588 2545 2225 2728
15529 4 2 16 28 436 2402 711 712
15530 4 2 16 28 777 2823 2315 2128
15531 4 2 16 28 777 2315 2823 776
15532 4 2 16 28 2373 2315 2823 2128
15533 4 2 16 28 2373 2823 2315 776
15534 4 2 16 28 2625 2443 1413 1359
15535 4 2 16 28 2625 1413 2443 2503
15536 4 2 16 28 1338 1471 2539 482
15537 4 2 16 28 1338 2539 1471 2660
15538 4 2 16 28 2496 2539 1471 482
15539 4 2 16 28 2496 1471 2539 2660
15540 4 2 16 28 100 841 3671 1606
15541 4 2 16 28 100 3671 841 3694
15542 4 2 16 28 2738 585 2459 584
15543 4 2 16 28 2459 585 2738 2414
15544 4 2 16 28 2771 2751 2245 2618
15545 4 2 16 28 2245 2751 2142 2618
15546 4 2 16 28 2142 2751 661 2618
15547 4 2 16 28 2142 661 2751 660
15548 4 2 16 28 142 968 2107 1013
15549 4 2 16 28 142 2107 968 2263
15550 4 2 16 28 2189 2107 968 1013
15551 4 2 16 28 2189 968 2107 2263
15552 4 2 16 28 3644 631 2359 391
15553 4 2 16 28 2837 3644 2359 391
15554 4 2 16 28 2837 2359 3644 406
15555 4 2 16 28 70 3644 2837 391
15556 4 2 16 28 70 2837 3644 406
15557 4 2 16 28 1314 884 27 26
15558 4 2 16 28 1314 27 884 113
15559 4 2 16 28 160 27 884 26
15560 4 2 16 28 160 884 27 113
15561 4 2 16 28 1118 1686 2286 2177
15562 4 2 16 28 1118 2286 1686 1103
15563 4 2 16 28 2314 2286 1686 2177
15564 4 2 16 28 2314 1686 2286 1103
15565 4 2 16 28 2146 292 2185 2080
15566 4 2 16 28 2185 292 2146 293
15567 4 2 16 28 2582 2422 383 2689
15568 4 2 16 28 2582 383 2422 382
15569 4 2 16 28 1345 383 2422 2689
15570 4 2 16 28 1345 2422 383 382
15571 4 2 16 28 1354 471 2422 2810
15572 4 2 16 28 1354 2422 471 1447
15573 4 2 16 28 729 2812 2145 2557
15574 4 2 16 28 729 2145 2812 730
15575 4 2 16 28 1360 2800 2801 2519
15576 4 2 16 28 1360 2801 2800 1411
15577 4 2 16 28 2821 2773 2298 618
15578 4 2 16 28 2821 2298 2773 2424
15579 4 2 16 28 20 3648 1315 243
15580 4 2 16 28 20 1315 3648 3694
15581 4 2 16 28 247 1315 3648 243
15582 4 2 16 28 247 3648 1315 3694
15583 4 2 16 28 590 589 2085 2433
15584 4 2 16 28 2085 589 590 2217
15585 4 2 16 28 589 2297 2085 2433
15586 4 2 16 28 2085 2297 589 2217
15587 4 2 16 28 589 2581 2297 2433
15588 4 2 16 28 2297 2581 589 2217
15589 4 2 16 28 2305 2257 1046 2157
15590 4 2 16 28 1045 2257 1046 1488
15591 4 2 16 28 1045 1046 2257 2157
15592 4 2 16 28 172 3658 164 1702
15593 4 2 16 28 164 3658 172 1713
15594 4 2 16 28 2721 2523 1332 2700
15595 4 2 16 28 2721 1332 2523 459
15596 4 2 16 28 460 1332 2523 2700
15597 4 2 16 28 460 2523 1332 459
15598 4 2 16 28 1277 1278 3650 2850
15599 4 2 16 28 3650 1278 1277 3372
15600 4 2 16 28 2094 958 2226 2244
15601 4 2 16 28 2094 2226 958 959
15602 4 2 16 28 3757 2226 958 2244
15603 4 2 16 28 3757 958 2226 959
15604 4 2 16 28 2786 2826 1417 2436
15605 4 2 16 28 1417 2826 2786 1357
15606 4 2 16 28 1417 507 2786 2436
15607 4 2 16 28 2786 507 1417 1357
15608 4 2 16 28 436 435 2402 2780
15609 4 2 16 28 436 2402 435 711
15610 4 2 16 28 1117 171 3657 2207
15611 4 2 16 28 1117 3657 171 1714
15612 4 2 16 28 1733 3657 171 2207
15613 4 2 16 28 360 1390 2834 361
15614 4 2 16 28 2834 1390 360 2434
15615 4 2 16 28 2834 2691 360 361
15616 4 2 16 28 360 2691 2834 2434
15617 4 2 16 28 224 3397 230 3380
15618 4 2 16 28 230 223 224 3380
15619 4 2 16 28 224 223 230 3751
15620 4 2 16 28 2320 688 2139 689
15621 4 2 16 28 2320 2139 688 2170
15622 4 2 16 28 3391 3775 2828 1275
15623 4 2 16 28 2828 3775 3391 2848
15624 4 2 16 28 2727 2785 1329 2530
15625 4 2 16 28 2727 1329 2785 1464
15626 4 2 16 28 1336 1329 2785 2530
15627 4 2 16 28 1336 2785 1329 1464
15628 4 2 16 28 2493 3713 3735 2585
15629 4 2 16 28 2493 3735 3713 3714
15630 4 2 16 28 3736 3735 3713 2585
15631 4 2 16 28 3736 3713 3735 3714
15632 4 2 16 28 622 623 2078 2582
15633 4 2 16 28 622 2078 623 2195
15634 4 2 16 28 2525 2573 256 2429
15635 4 2 16 28 256 2573 2525 1421
15636 4 2 16 28 2186 2123 168 2340
15637 4 2 16 28 2186 168 2123 141
15638 4 2 16 28 1010 168 2123 2340
15639 4 2 16 28 1010 2123 168 141
15640 4 2 16 28 3707 927 1533 799
15641 4 2 16 28 3731 2540 3734 2747
15642 4 2 16 28 3731 3734 2540 3668
15643 4 2 16 28 2585 3734 2540 2747
15644 4 2 16 28 2585 2540 3734 3668
15645 4 2 16 28 2703 2540 3667 2828
15646 4 2 16 28 2703 3667 2540 3668
15647 4 2 16 28 2325 2729 754 83
15648 4 2 16 28 2725 2498 442 1474
15649 4 2 16 28 2725 442 2498 2726
15650 4 2 16 28 3757 959 1594 832
15651 4 2 16 28 1594 959 3757 3756
15652 4 2 16 28 1594 831 3757 832
15653 4 2 16 28 3757 831 1594 3756
15654 4 2 16 28 286 2168 2316 2267
15655 4 2 16 28 286 2316 2168 285
15656 4 2 16 28 780 2217 781 2330
15657 4 2 16 28 780 781 2217 3468
15658 4 2 16 28 2637 2360 2080 2709
15659 4 2 16 28 2080 2360 2637 291
15660 4 2 16 28 366 1371 2473 367
15661 4 2 16 28 366 2473 1371 2839
15662 4 2 16 28 2503 2473 1371 367
15663 4 2 16 28 2503 1371 2473 2839
15664 4 2 16 28 567 2238 2560 566
15665 4 2 16 28 567 2560 2238 2084
15666 4 2 16 28 93 121 3702 2243
15667 4 2 16 28 93 3702 121 1530
15668 4 2 16 28 2159 3702 121 2243
15669 4 2 16 28 2159 121 3702 1530
15670 4 2 16 28 3651 3744 2399 2741
15671 4 2 16 28 3651 2399 3744 3739
15672 4 2 16 28 2499 1422 2649 1373
15673 4 2 16 28 2499 2649 1422 2673
15674 4 2 16 28 541 2649 1422 1373
15675 4 2 16 28 541 1422 2649 2673
15676 4 2 16 28 2637 293 2146 292
15677 4 2 16 28 2637 2146 293 2638
15678 4 2 16 28 2224 603 2127 2214
15679 4 2 16 28 2224 2127 603 604
15680 4 2 16 28 3644 2359 646 406
15681 4 2 16 28 2435 2792 1425 2551
15682 4 2 16 28 2435 1425 2792 363
15683 4 2 16 28 364 1425 2792 2551
15684 4 2 16 28 364 2792 1425 363
15685 4 2 16 28 2543 2716 1394 2685
15686 4 2 16 28 1394 2716 2543 531
15687 4 2 16 28 1394 530 2543 2685
15688 4 2 16 28 2543 530 1394 531
15689 4 2 16 28 819 818 3365 239
15690 4 2 16 28 819 3365 818 1555
15691 4 2 16 28 81 2535 647 3749
15692 4 2 16 28 1295 1294 3386 3402
15693 4 2 16 28 1546 2240 3776 3710
15694 4 2 16 28 1546 809 3776 810
15695 4 2 16 28 3776 809 1546 3710
15696 4 2 16 28 747 2681 2130 746
15697 4 2 16 28 2130 2223 747 746
15698 4 2 16 28 634 2292 2082 2310
15699 4 2 16 28 634 2082 2292 635
15700 4 2 16 28 3645 2781 61 393
15701 4 2 16 28 3645 61 2781 249
15702 4 2 16 28 280 3645 2466 249
15703 4 2 16 28 2466 2781 3645 393
15704 4 2 16 28 2466 3645 2781 249
15705 4 2 16 28 465 1365 2657 2370
15706 4 2 16 28 465 2657 1365 1455
15707 4 2 16 28 2127 765 2816 2806
15708 4 2 16 28 2127 2816 765 764
15709 4 2 16 28 2198 2138 1095 1126
15710 4 2 16 28 2198 1095 2138 2334
15711 4 2 16 28 2752 2686 1347 545
15712 4 2 16 28 1347 2686 2752 2449
15713 4 2 16 28 1347 546 2752 545
15714 4 2 16 28 2740 2292 281 282
15715 4 2 16 28 2740 281 2292 2466
15716 4 2 16 28 2310 281 2292 282
15717 4 2 16 28 2310 2292 281 2466
15718 4 2 16 28 2212 807 936 1548
15719 4 2 16 28 2212 936 807 2218
15720 4 2 16 28 2298 620 2300 2195
15721 4 2 16 28 2300 620 2298 619
15722 4 2 16 28 3693 3707 3653 91
15723 4 2 16 28 3653 3707 3693 2538
15724 4 2 16 28 2224 605 2127 604
15725 4 2 16 28 2224 2127 605 3760
15726 4 2 16 28 3471 2127 605 604
15727 4 2 16 28 3471 605 2127 3760
15728 4 2 16 28 128 970 2186 1519
15729 4 2 16 28 128 2186 970 2187
15730 4 2 16 28 3648 884 3669 883
15731 4 2 16 28 26 3669 884 883
15732 4 2 16 28 122 938 2162 2284
15733 4 2 16 28 122 2162 938 1544
15734 4 2 16 28 2212 2162 938 2284
15735 4 2 16 28 2212 938 2162 1544
15736 4 2 16 28 501 1380 2698 502
15737 4 2 16 28 2698 1380 501 2446
15738 4 2 16 28 2698 2822 501 502
15739 4 2 16 28 501 2822 2698 2446
15740 4 2 16 28 958 2219 2244 2094
15741 4 2 16 28 958 2244 2219 957
15742 4 2 16 28 245 23 3679 101
15743 4 2 16 28 245 3679 23 1310
15744 4 2 16 28 2665 2847 265 2623
15745 4 2 16 28 265 2847 2665 264
15746 4 2 16 28 2730 2197 2647 2520
15747 4 2 16 28 2730 2647 2197 678
15748 4 2 16 28 1360 337 2699 1418
15749 4 2 16 28 1360 2699 337 2800
15750 4 2 16 28 1375 503 2829 1429
15751 4 2 16 28 1375 2829 503 2401
15752 4 2 16 28 2698 2829 503 1429
15753 4 2 16 28 2698 503 2829 2401
15754 4 2 16 28 2841 2795 2184 2527
15755 4 2 16 28 2841 2184 2795 707
15756 4 2 16 28 2599 736 460 2377
15757 4 2 16 28 2599 460 736 737
15758 4 2 16 28 2348 3439 3544 637
15759 4 2 16 28 2348 3544 3439 2223
15760 4 2 16 28 2466 3645 633 393
15761 4 2 16 28 2693 2332 2630 2455
15762 4 2 16 28 2693 2630 2332 2285
15763 4 2 16 28 573 2630 2332 2455
15764 4 2 16 28 573 2332 2630 2285
15765 4 2 16 28 3774 1297 3690 1298
15766 4 2 16 28 3774 3690 1297 3646
15767 4 2 16 28 1001 1000 2157 1492
15768 4 2 16 28 1001 2157 1000 2306
15769 4 2 16 28 340 1406 2801 2712
15770 4 2 16 28 340 2801 1406 1350
15771 4 2 16 28 2366 2801 1406 2712
15772 4 2 16 28 2366 1406 2801 1350
15773 4 2 16 28 1359 484 2625 2674
15774 4 2 16 28 1359 2625 484 485
15775 4 2 16 28 215 216 3650 3372
15776 4 2 16 28 3650 216 215 3715
15777 4 2 16 28 2732 2681 2130 747
15778 4 2 16 28 2130 2681 2732 2568
15779 4 2 16 28 2130 2223 2732 747
15780 4 2 16 28 2769 2647 2307 2636
15781 4 2 16 28 2769 2307 2647 676
15782 4 2 16 28 1350 2366 520 2801
15783 4 2 16 28 1350 520 2366 519
15784 4 2 16 28 781 2217 3462 2330
15785 4 2 16 28 781 3462 2217 3516
15786 4 2 16 28 2183 745 2130 744
15787 4 2 16 28 2130 745 2183 2223
15788 4 2 16 28 3654 3750 2321 161
15789 4 2 16 28 3654 2321 3750 2275
15790 4 2 16 28 169 2321 3750 161
15791 4 2 16 28 169 3750 2321 2275
15792 4 2 16 28 1052 2114 975 2211
15793 4 2 16 28 1052 975 2114 976
15794 4 2 16 28 2547 1398 2514 1391
15795 4 2 16 28 2547 2514 1398 2665
15796 4 2 16 28 263 2514 1398 1391
15797 4 2 16 28 263 1398 2514 2665
15798 4 2 16 28 2232 2356 172 2148
15799 4 2 16 28 2232 3658 172 1702
15800 4 2 16 28 172 3658 2232 2148
15801 4 2 16 28 644 403 2776 643
15802 4 2 16 28 2774 2776 403 643
15803 4 2 16 28 2774 403 2776 2464
15804 4 2 16 28 403 404 2776 2464
15805 4 2 16 28 403 2776 404 644
15806 4 2 16 28 2744 2776 404 2464
15807 4 2 16 28 2744 404 2776 644
15808 4 2 16 28 2080 288 2317 2267
15809 4 2 16 28 2080 2317 288 289
15810 4 2 16 28 3525 2317 288 2267
15811 4 2 16 28 3525 288 2317 289
15812 4 2 16 28 2841 709 2184 708
15813 4 2 16 28 2841 2184 709 2502
15814 4 2 16 28 2086 578 2293 579
15815 4 2 16 28 2086 2293 578 2331
15816 4 2 16 28 2683 2793 475 2480
15817 4 2 16 28 2683 475 2793 474
15818 4 2 16 28 1103 1102 1021 2314
15819 4 2 16 28 1103 1021 1102 1722
15820 4 2 16 28 2312 2847 296 295
15821 4 2 16 28 296 2847 2312 2384
15822 4 2 16 28 463 1333 2419 1449
15823 4 2 16 28 463 2419 1333 2718
15824 4 2 16 28 3745 2575 118 3667
15825 4 2 16 28 3745 118 2575 3700
15826 4 2 16 28 3648 26 3669 884
15827 4 2 16 28 3648 3669 26 18
15828 4 2 16 28 2155 670 2264 2303
15829 4 2 16 28 2155 2264 670 671
15830 4 2 16 28 1054 2211 928 1053
15831 4 2 16 28 1054 928 2211 2271
15832 4 2 16 28 2082 748 2215 2223
15833 4 2 16 28 2082 2215 748 749
15834 4 2 16 28 2088 3650 2369 95
15835 4 2 16 28 2369 3650 2088 2328
15836 4 2 16 28 2369 3711 2088 95
15837 4 2 16 28 2088 3711 2369 2328
15838 4 2 16 28 2793 2323 2640 2416
15839 4 2 16 28 2640 2323 2793 722
15840 4 2 16 28 1095 156 1030 2334
15841 4 2 16 28 1095 1030 156 1708
15842 4 2 16 28 2348 2843 2295 2633
15843 4 2 16 28 2348 2295 2843 640
15844 4 2 16 28 2462 2295 2843 2633
15845 4 2 16 28 2462 2843 2295 640
15846 4 2 16 28 554 3454 2346 2169
15847 4 2 16 28 2346 3454 554 555
15848 4 2 16 28 2346 2202 554 2169
15849 4 2 16 28 554 2202 2346 555
15850 4 2 16 28 2511 3739 2741 2399
15851 4 2 16 28 2511 2741 3739 3743
15852 4 2 16 28 3744 2741 3739 2399
15853 4 2 16 28 3744 3739 2741 3743
15854 4 2 16 28 3752 828 3686 97
15855 4 2 16 28 3752 3686 828 2398
15856 4 2 16 28 2605 756 2153 755
15857 4 2 16 28 2605 2153 756 2452
15858 4 2 16 28 262 1391 2760 2514
15859 4 2 16 28 262 2760 1391 1440
15860 4 2 16 28 941 942 3692 1559
15861 4 2 16 28 941 3692 942 2131
15862 4 2 16 28 1278 1279 3691 2850
15863 4 2 16 28 1278 3691 1279 3371
15864 4 2 16 28 3648 113 1314 3344
15865 4 2 16 28 3648 1314 113 1316
15866 4 2 16 28 3718 963 2201 2350
15867 4 2 16 28 3718 2201 963 1609
15868 4 2 16 28 1117 2286 2177 1694
15869 4 2 16 28 1117 2177 2286 2207
15870 4 2 16 28 974 2211 1054 1053
15871 4 2 16 28 974 1054 2211 2270
15872 4 2 16 28 106 862 905 1660
15873 4 2 16 28 106 905 862 3299
15874 4 2 16 28 2095 302 2282 301
15875 4 2 16 28 2095 2282 302 2190
15876 4 2 16 28 3523 2282 302 301
15877 4 2 16 28 1080 3662 3358 1081
15878 4 2 16 28 3358 3662 1080 3652
15879 4 2 16 28 2791 2473 3759 606
15880 4 2 16 28 2791 3759 2473 2600
15881 4 2 16 28 2594 2520 517 2730
15882 4 2 16 28 2197 2520 679 680
15883 4 2 16 28 2197 679 2520 2730
15884 4 2 16 28 2520 517 679 680
15885 4 2 16 28 2520 679 517 2730
15886 4 2 16 28 2323 719 3424 720
15887 4 2 16 28 2323 3424 719 2309
15888 4 2 16 28 2655 2473 3759 2600
15889 4 2 16 28 2655 3759 2473 607
15890 4 2 16 28 632 69 2359 392
15891 4 2 16 28 234 11 2260 3362
15892 4 2 16 28 234 2260 11 3741
15893 4 2 16 28 646 2338 2079 2326
15894 4 2 16 28 646 2079 2338 645
15895 4 2 16 28 2557 469 2810 470
15896 4 2 16 28 2557 2810 469 2648
15897 4 2 16 28 1354 2810 469 470
15898 4 2 16 28 1354 469 2810 2648
15899 4 2 16 28 3565 2345 3438 3501
15900 4 2 16 28 3565 3438 2345 2170
15901 4 2 16 28 961 960 2248 2178
15902 4 2 16 28 961 2248 960 1597
15903 4 2 16 28 3756 2248 960 2178
15904 4 2 16 28 3756 960 2248 1597
15905 4 2 16 28 1105 1106 2296 2135
15906 4 2 16 28 1105 2296 1106 1698
15907 4 2 16 28 2213 2296 1106 2135
15908 4 2 16 28 2213 1106 2296 1698
15909 4 2 16 28 6 57 3 54
15910 4 2 16 28 6 3 57 107
15911 4 2 16 28 58 3 57 54
15912 4 2 16 28 58 57 3 107
15913 4 2 16 28 229 230 224 3397
15914 4 2 16 28 224 230 229 3751
15915 4 2 16 28 3727 1085 3658 164
15916 4 2 16 28 3727 3658 1085 3674
15917 4 2 16 28 1397 327 2767 326
15918 4 2 16 28 1397 2767 327 2451
15919 4 2 16 28 2482 2655 369 609
15920 4 2 16 28 2482 369 2655 2853
15921 4 2 16 28 608 369 2655 609
15922 4 2 16 28 608 2655 369 2853
15923 4 2 16 28 446 1340 2586 447
15924 4 2 16 28 446 2586 1340 2362
15925 4 2 16 28 2807 2586 1340 447
15926 4 2 16 28 2807 1340 2586 2362
15927 4 2 16 28 2128 2373 2304 2447
15928 4 2 16 28 2128 2304 2373 2315
15929 4 2 16 28 737 2182 3427 2181
15930 4 2 16 28 737 3427 2182 738
15931 4 2 16 28 1564 133 1037 2327
15932 4 2 16 28 1564 1037 133 1663
15933 4 2 16 28 988 1037 133 2327
15934 4 2 16 28 988 133 1037 1663
15935 4 2 16 28 2690 887 838 3329
15936 4 2 16 28 2690 838 887 3666
15937 4 2 16 28 2387 2477 2139 2717
15938 4 2 16 28 2387 2139 2477 688
15939 4 2 16 28 2521 334 2693 2455
15940 4 2 16 28 2521 2693 334 335
15941 4 2 16 28 934 933 2240 2105
15942 4 2 16 28 934 2240 933 1546
15943 4 2 16 28 2432 1438 2761 1389
15944 4 2 16 28 2432 2761 1438 2833
15945 4 2 16 28 2528 2761 1438 1389
15946 4 2 16 28 2528 1438 2761 2833
15947 4 2 16 28 1299 1298 3690 3406
15948 4 2 16 28 1299 3690 1298 3774
15949 4 2 16 28 3646 2295 2484 2101
15950 4 2 16 28 3646 2484 2295 2776
15951 4 2 16 28 2773 2090 618 617
15952 4 2 16 28 2773 618 2090 2298
15953 4 2 16 28 3711 2493 2124 3692
15954 4 2 16 28 3711 2124 2493 2694
15955 4 2 16 28 2190 693 2139 2282
15956 4 2 16 28 2139 693 2190 692
15957 4 2 16 28 2316 3517 286 2267
15958 4 2 16 28 2316 286 3517 3461
15959 4 2 16 28 862 3 213 3376
15960 4 2 16 28 37 25 44 40
15961 4 2 16 28 44 25 37 1079
15962 4 2 16 28 1395 266 2833 2623
15963 4 2 16 28 1395 2833 266 1438
15964 4 2 16 28 2432 2833 266 2623
15965 4 2 16 28 2432 266 2833 1438
15966 4 2 16 28 2202 2639 2081 2234
15967 4 2 16 28 2202 2081 2639 2517
15968 4 2 16 28 3756 830 3696 831
15969 4 2 16 28 3756 3696 830 3732
15970 4 2 16 28 2124 3711 2328 2694
15971 4 2 16 28 2328 3711 2124 2291
15972 4 2 16 28 2674 2561 1407 1352
15973 4 2 16 28 2674 1407 2561 2852
15974 4 2 16 28 370 1407 2561 1352
15975 4 2 16 28 370 2561 1407 2852
15976 4 2 16 28 2784 1443 2785 1336
15977 4 2 16 28 2784 2785 1443 2362
15978 4 2 16 28 446 2785 1443 1336
15979 4 2 16 28 446 1443 2785 2362
15980 4 2 16 28 1673 3663 3731 2265
15981 4 2 16 28 3731 3663 1673 865
15982 4 2 16 28 3739 2199 3649 2511
15983 4 2 16 28 3739 3649 2199 96
15984 4 2 16 28 3443 2180 786 2329
15985 4 2 16 28 786 2180 3443 3562
15986 4 2 16 28 2155 3475 572 3521
15987 4 2 16 28 2155 572 3475 2303
15988 4 2 16 28 680 2086 2197 2288
15989 4 2 16 28 2197 2086 680 679
15990 4 2 16 28 509 1349 2714 510
15991 4 2 16 28 509 2714 1349 2497
15992 4 2 16 28 1468 2714 1349 510
15993 4 2 16 28 1468 1349 2714 2497
15994 4 2 16 28 3762 1086 1716 3698
15995 4 2 16 28 3762 1716 1086 1087
15996 4 2 16 28 20 2579 243 2621
15997 4 2 16 28 20 243 2579 3648
15998 4 2 16 28 19 243 2579 2621
15999 4 2 16 28 19 2579 243 3648
16000 4 2 16 28 802 3725 3738 3311
16001 4 2 16 28 3738 3725 802 3676
16002 4 2 16 28 1676 2254 991 135
16003 4 2 16 28 1676 991 2254 2133
16004 4 2 16 28 955 954 3686 2167
16005 4 2 16 28 955 3686 954 1604
16006 4 2 16 28 3747 3686 954 2167
16007 4 2 16 28 2627 1366 2464 1456
16008 4 2 16 28 2627 2464 1366 2611
16009 4 2 16 28 403 2464 1366 1456
16010 4 2 16 28 403 1366 2464 2611
16011 4 2 16 28 2588 446 750 751
16012 4 2 16 28 1345 473 2804 472
16013 4 2 16 28 1345 2804 473 2486
16014 4 2 16 28 2676 2804 473 472
16015 4 2 16 28 2676 473 2804 2486
16016 4 2 16 28 1043 147 132 2237
16017 4 2 16 28 1043 132 147 1536
16018 4 2 16 28 780 2720 2330 781
16019 4 2 16 28 2803 2330 2720 781
16020 4 2 16 28 2803 2720 2330 2518
16021 4 2 16 28 709 2502 2118 710
16022 4 2 16 28 2118 2502 709 2184
16023 4 2 16 28 2118 2316 709 710
16024 4 2 16 28 709 2316 2118 2184
16025 4 2 16 28 3648 113 100 247
16026 4 2 16 28 3648 100 113 3344
16027 4 2 16 28 3517 2184 2316 709
16028 4 2 16 28 2316 2184 3517 2267
16029 4 2 16 28 2282 3482 2095 3530
16030 4 2 16 28 2282 2095 3482 2279
16031 4 2 16 28 299 2095 3482 3530
16032 4 2 16 28 32 35 85 36
16033 4 2 16 28 85 35 32 22
16034 4 2 16 28 41 38 160 26
16035 4 2 16 28 41 160 38 42
16036 4 2 16 28 1282 1295 1294 3386
16037 4 2 16 28 1294 1295 1282 3770
16038 4 2 16 28 1294 1283 1282 3386
16039 4 2 16 28 1282 1283 1294 3770
16040 4 2 16 28 2431 3694 2395 2579
16041 4 2 16 28 2395 3694 2431 3647
16042 4 2 16 28 2736 325 2631 2767
16043 4 2 16 28 2736 2631 325 1393
16044 4 2 16 28 1397 2631 325 2767
16045 4 2 16 28 1397 325 2631 1393
16046 4 2 16 28 2246 1030 2091 2334
16047 4 2 16 28 2246 2091 1030 951
16048 4 2 16 28 1386 2445 353 354
16049 4 2 16 28 353 2445 1386 2607
16050 4 2 16 28 3713 104 920 119
16051 4 2 16 28 3713 920 104 3712
16052 4 2 16 28 2118 713 2316 712
16053 4 2 16 28 2118 2316 713 2179
16054 4 2 16 28 2502 2841 433 709
16055 4 2 16 28 2502 433 2841 2840
16056 4 2 16 28 708 433 2841 709
16057 4 2 16 28 2359 3646 2776 69
16058 4 2 16 28 2359 2776 3646 3704
16059 4 2 16 28 632 79 2359 69
16060 4 2 16 28 632 2359 79 3704
16061 4 2 16 28 79 3646 2359 69
16062 4 2 16 28 79 2359 3646 3704
16063 4 2 16 28 3698 1085 3674 1086
16064 4 2 16 28 3698 3674 1085 3658
16065 4 2 16 28 2200 2177 3698 2109
16066 4 2 16 28 2200 3698 2177 1119
16067 4 2 16 28 3762 3698 2177 2109
16068 4 2 16 28 3762 2177 3698 1119
16069 4 2 16 28 1531 930 3675 802
16070 4 2 16 28 3667 3 3737 864
16071 4 2 16 28 3667 3737 3 1
16072 4 2 16 28 2545 751 2225 752
16073 4 2 16 28 2545 2225 751 2588
16074 4 2 16 28 3709 1682 1058 1056
16075 4 2 16 28 3709 1058 1682 2256
16076 4 2 16 28 2403 2840 1374 2525
16077 4 2 16 28 1374 2840 2403 432
16078 4 2 16 28 1370 273 2746 2697
16079 4 2 16 28 1370 2746 273 274
16080 4 2 16 28 3670 3370 632 3492
16081 4 2 16 28 3670 632 3370 208
16082 4 2 16 28 3743 3310 3726 900
16083 4 2 16 28 3743 3726 3310 3708
16084 4 2 16 28 2648 468 2557 2645
16085 4 2 16 28 2648 2557 468 469
16086 4 2 16 28 2622 2498 442 2726
16087 4 2 16 28 2622 442 2498 72
16088 4 2 16 28 1123 1122 2232 2356
16089 4 2 16 28 1123 2232 1122 1705
16090 4 2 16 28 2193 3542 724 3434
16091 4 2 16 28 2193 724 3542 2195
16092 4 2 16 28 3701 830 3732 829
16093 4 2 16 28 3701 3732 830 3696
16094 4 2 16 28 928 927 3707 2271
16095 4 2 16 28 928 3707 927 1533
16096 4 2 16 28 2358 3759 3697 2078
16097 4 2 16 28 3697 3759 2358 2655
16098 4 2 16 28 1382 2461 528 2642
16099 4 2 16 28 1382 528 2461 527
16100 4 2 16 28 2602 528 2461 2642
16101 4 2 16 28 2602 2461 528 527
16102 4 2 16 28 477 719 2453 2640
16103 4 2 16 28 477 2453 719 478
16104 4 2 16 28 3313 225 819 820
16105 4 2 16 28 3313 819 225 228
16106 4 2 16 28 49 46 149 12
16107 4 2 16 28 49 149 46 50
16108 4 2 16 28 214 904 3745 821
16109 4 2 16 28 239 3746 907 818
16110 4 2 16 28 2173 3724 2595 2764
16111 4 2 16 28 2595 3724 2173 3754
16112 4 2 16 28 2323 2453 2640 2794
16113 4 2 16 28 2640 2453 2323 719
16114 4 2 16 28 2823 2447 778 2822
16115 4 2 16 28 2823 501 778 777
16116 4 2 16 28 778 501 2823 2822
16117 4 2 16 28 1535 3675 929 2152
16118 4 2 16 28 929 3675 1535 801
16119 4 2 16 28 2400 2330 783 2119
16120 4 2 16 28 2400 783 2330 2803
16121 4 2 16 28 3732 1592 962 2343
16122 4 2 16 28 3732 962 1592 829
16123 4 2 16 28 2557 2145 727 2559
16124 4 2 16 28 2144 2145 727 2300
16125 4 2 16 28 2144 727 2145 2559
16126 4 2 16 28 2244 2147 97 2230
16127 4 2 16 28 2244 97 2147 125
16128 4 2 16 28 2258 1012 2186 2107
16129 4 2 16 28 2258 2186 1012 1110
16130 4 2 16 28 2202 2809 2517 2409
16131 4 2 16 28 2202 2517 2809 557
16132 4 2 16 28 2081 2639 2619 2234
16133 4 2 16 28 2081 2619 2639 2361
16134 4 2 16 28 1275 1 3667 3376
16135 4 2 16 28 1275 3667 1 2828
16136 4 2 16 28 166 1104 1019 2277
16137 4 2 16 28 166 1019 1104 1720
16138 4 2 16 28 227 905 3766 226
16139 4 2 16 28 2466 2781 250 249
16140 4 2 16 28 2466 250 2781 2782
16141 4 2 16 28 1401 250 2781 249
16142 4 2 16 28 1401 2781 250 2782
16143 4 2 16 28 712 437 2402 713
16144 4 2 16 28 2532 437 2402 2779
16145 4 2 16 28 2532 2402 437 713
16146 4 2 16 28 652 2346 3454 2169
16147 4 2 16 28 652 3454 2346 653
16148 4 2 16 28 3685 2764 871 3659
16149 4 2 16 28 3685 871 2764 2584
16150 4 2 16 28 3678 871 2764 3659
16151 4 2 16 28 3678 2764 871 2584
16152 4 2 16 28 3756 830 2248 3732
16153 4 2 16 28 3756 2248 830 1597
16154 4 2 16 28 2802 761 3687 760
16155 4 2 16 28 3687 761 2802 2375
16156 4 2 16 28 2204 762 2375 2626
16157 4 2 16 28 2204 2375 762 3687
16158 4 2 16 28 2587 447 2588 2586
16159 4 2 16 28 2587 2588 447 750
16160 4 2 16 28 446 2588 447 2586
16161 4 2 16 28 446 447 2588 750
16162 4 2 16 28 2082 752 2225 751
16163 4 2 16 28 2082 2225 752 2325
16164 4 2 16 28 749 2215 750 2082
16165 4 2 16 28 749 750 2215 2587
16166 4 2 16 28 2225 750 2215 2082
16167 4 2 16 28 2225 2215 750 2587
16168 4 2 16 28 3725 3677 2731 3724
16169 4 2 16 28 3725 2731 3677 3676
16170 4 2 16 28 2190 306 3510 305
16171 4 2 16 28 2190 3510 306 2320
16172 4 2 16 28 2752 650 2171 651
16173 4 2 16 28 2171 650 2752 2404
16174 4 2 16 28 2078 2582 3697 2583
16175 4 2 16 28 2078 3697 2582 623
16176 4 2 16 28 624 3697 2582 2583
16177 4 2 16 28 624 2582 3697 623
16178 4 2 16 28 707 2317 3525 2184
16179 4 2 16 28 3525 2317 707 3473
16180 4 2 16 28 962 3732 2248 1595
16181 4 2 16 28 2248 3732 962 2343
16182 4 2 16 28 3710 1545 935 2218
16183 4 2 16 28 3710 935 1545 808
16184 4 2 16 28 2673 2613 1367 2846
16185 4 2 16 28 2673 1367 2613 542
16186 4 2 16 28 2734 3417 1291 1300
16187 4 2 16 28 1291 3417 2734 3768
16188 4 2 16 28 3707 1535 928 2152
16189 4 2 16 28 3707 928 1535 800
16190 4 2 16 28 930 3675 931 2221
16191 4 2 16 28 931 3675 930 1534
16192 4 2 16 28 762 485 2375 2626
16193 4 2 16 28 762 2375 485 761
16194 4 2 16 28 2259 985 2209 2210
16195 4 2 16 28 2259 2209 985 1496
16196 4 2 16 28 986 985 2209 1496
16197 4 2 16 28 2725 2818 1329 1458
16198 4 2 16 28 2725 1329 2818 2530
16199 4 2 16 28 1337 1329 2818 1458
16200 4 2 16 28 1337 2818 1329 2530
16201 4 2 16 28 2825 742 2130 743
16202 4 2 16 28 2825 2130 742 2597
16203 4 2 16 28 2549 1444 2481 385
16204 4 2 16 28 2549 2481 1444 2683
16205 4 2 16 28 1339 2481 1444 385
16206 4 2 16 28 1339 1444 2481 2683
16207 4 2 16 28 680 2641 516 681
16208 4 2 16 28 693 2139 2556 2624
16209 4 2 16 28 693 2556 2139 2282
16210 4 2 16 28 2647 2197 2458 2520
16211 4 2 16 28 2647 2458 2197 2307
16212 4 2 16 28 3721 874 851 3712
16213 4 2 16 28 3721 851 874 3336
16214 4 2 16 28 3760 3453 608 2203
16215 4 2 16 28 3760 608 3453 3509
16216 4 2 16 28 26 1079 3354 1078
16217 4 2 16 28 3354 1079 26 25
16218 4 2 16 28 2792 2791 2224 604
16219 4 2 16 28 2224 2791 2792 2374
16220 4 2 16 28 2482 2852 369 2853
16221 4 2 16 28 2482 369 2852 370
16222 4 2 16 28 3678 3722 3703 2705
16223 4 2 16 28 3678 3703 3722 916
16224 4 2 16 28 809 3703 3722 2705
16225 4 2 16 28 809 3722 3703 916
16226 4 2 16 28 937 938 2212 1547
16227 4 2 16 28 907 906 1059 240
16228 4 2 16 28 907 1059 906 1577
16229 4 2 16 28 905 904 862 213
16230 4 2 16 28 905 862 904 1576
16231 4 2 16 28 1347 1469 2752 546
16232 4 2 16 28 2752 1469 1347 2449
16233 4 2 16 28 1344 518 2594 517
16234 4 2 16 28 2594 518 1344 2366
16235 4 2 16 28 2487 277 2808 278
16236 4 2 16 28 2487 2808 277 2695
16237 4 2 16 28 1351 2808 277 278
16238 4 2 16 28 1351 277 2808 2695
16239 4 2 16 28 1171 2614 2439 2163
16240 4 2 16 28 1171 2439 2614 1188
16241 4 2 16 28 2719 2635 3757 2425
16242 4 2 16 28 2719 3757 2635 3696
16243 4 2 16 28 1029 1028 2222 1499
16244 4 2 16 28 2646 598 2089 2372
16245 4 2 16 28 2646 2089 598 599
16246 4 2 16 28 2154 2089 598 2372
16247 4 2 16 28 2154 598 2089 599
16248 4 2 16 28 3723 3330 917 3722
16249 4 2 16 28 3723 917 3330 808
16250 4 2 16 28 1368 254 2849 1416
16251 4 2 16 28 1368 2849 254 2573
16252 4 2 16 28 2418 2798 1337 2818
16253 4 2 16 28 2418 1337 2798 1467
16254 4 2 16 28 439 2798 1337 1467
16255 4 2 16 28 3735 3327 911 814
16256 4 2 16 28 3735 911 3327 3733
16257 4 2 16 28 3710 935 2305 2218
16258 4 2 16 28 3672 154 1057 1681
16259 4 2 16 28 3672 1057 154 2198
16260 4 2 16 28 1525 978 1050 2253
16261 4 2 16 28 1525 1050 978 1659
16262 4 2 16 28 977 1050 978 2253
16263 4 2 16 28 977 978 1050 1659
16264 4 2 16 28 3731 3663 2133 2265
16265 4 2 16 28 3731 2133 3663 3737
16266 4 2 16 28 536 535 2421 1387
16267 4 2 16 28 536 2421 535 2832
16268 4 2 16 28 2628 536 2421 1387
16269 4 2 16 28 2628 2421 536 2832
16270 4 2 16 28 537 536 2628 1387
16271 4 2 16 28 2782 1348 2522 1409
16272 4 2 16 28 2782 2522 1348 2799
16273 4 2 16 28 437 2522 1348 1409
16274 4 2 16 28 437 1348 2522 2799
16275 4 2 16 28 3734 3319 858 3733
16276 4 2 16 28 3734 858 3319 867
16277 4 2 16 28 714 439 2532 715
16278 4 2 16 28 2531 2532 439 715
16279 4 2 16 28 2531 439 2532 2798
16280 4 2 16 28 960 959 3756 2178
16281 4 2 16 28 960 3756 959 1594
16282 4 2 16 28 2488 2127 767 2206
16283 4 2 16 28 2488 767 2127 766
16284 4 2 16 28 513 790 2713 789
16285 4 2 16 28 2574 255 256 286
16286 4 2 16 28 256 255 2574 2429
16287 4 2 16 28 256 287 2574 286
16288 4 2 16 28 2574 287 256 2429
16289 4 2 16 28 3649 238 818 3699
16290 4 2 16 28 3649 817 818 1553
16291 4 2 16 28 818 817 3649 3699
16292 4 2 16 28 821 822 3715 1554
16293 4 2 16 28 821 3715 822 3700
16294 4 2 16 28 902 3744 155 1063
16295 4 2 16 28 155 3744 902 3739
16296 4 2 16 28 452 1362 2508 2772
16297 4 2 16 28 452 2508 1362 1451
16298 4 2 16 28 2831 2508 1362 2772
16299 4 2 16 28 2831 1362 2508 1451
16300 4 2 16 28 3424 755 3688 756
16301 4 2 16 28 3424 3688 755 2309
16302 4 2 16 28 2153 3688 755 756
16303 4 2 16 28 2153 755 3688 2309
16304 4 2 16 28 23 845 101 85
16305 4 2 16 28 23 101 845 3679
16306 4 2 16 28 3695 881 1008 1635
16307 4 2 16 28 3695 1008 881 3673
16308 4 2 16 28 933 121 2243 2105
16309 4 2 16 28 933 2243 121 1543
16310 4 2 16 28 3760 3471 764 2127
16311 4 2 16 28 3760 764 3471 3520
16312 4 2 16 28 121 2159 2242 932
16313 4 2 16 28 121 2242 2159 2243
16314 4 2 16 28 3740 792 844 22
16315 4 2 16 28 3740 844 792 791
16316 4 2 16 28 2769 2790 2307 674
16317 4 2 16 28 2307 2790 2769 2636
16318 4 2 16 28 3730 1704 1124 2227
16319 4 2 16 28 3730 1124 1704 1092
16320 4 2 16 28 2325 2728 2729 2225
16321 4 2 16 28 2729 2728 2325 754
16322 4 2 16 28 1358 2669 276 1408
16323 4 2 16 28 1358 276 2669 2474
16324 4 2 16 28 2695 276 2669 1408
16325 4 2 16 28 2695 2669 276 2474
16326 4 2 16 28 3738 924 3311 3725
16327 4 2 16 28 3738 3311 924 801
16328 4 2 16 28 3698 1085 1121 3658
16329 4 2 16 28 3698 1121 1085 1717
16330 4 2 16 28 172 1122 2232 1702
16331 4 2 16 28 172 2232 1122 2356
16332 4 2 16 28 3730 1124 1123 2227
16333 4 2 16 28 3730 1123 1124 1703
16334 4 2 16 28 2302 983 2287 1512
16335 4 2 16 28 2302 2287 983 2112
16336 4 2 16 28 982 2287 983 1512
16337 4 2 16 28 982 983 2287 2112
16338 4 2 16 28 1016 1017 2278 2213
16339 4 2 16 28 1016 2278 1017 1500
16340 4 2 16 28 2723 515 2641 682
16341 4 2 16 28 2723 2641 515 2494
16342 4 2 16 28 681 2641 515 682
16343 4 2 16 28 81 2535 550 647
16344 4 2 16 28 2750 550 2535 647
16345 4 2 16 28 2750 2535 550 2643
16346 4 2 16 28 328 569 2364 568
16347 4 2 16 28 2585 2584 3734 2747
16348 4 2 16 28 2585 3734 2584 3712
16349 4 2 16 28 3656 3734 2584 2747
16350 4 2 16 28 3656 2584 3734 3712
16351 4 2 16 28 1087 3728 3349 1070
16352 4 2 16 28 3349 3728 1087 3706
16353 4 2 16 28 3722 2830 2584 3721
16354 4 2 16 28 3722 2584 2830 2705
16355 4 2 16 28 2276 1642 870 1002
16356 4 2 16 28 2276 870 1642 3659
16357 4 2 16 28 3720 77 3682 628
16358 4 2 16 28 3720 3682 77 3655
16359 4 2 16 28 516 2641 517 2594
16360 4 2 16 28 516 517 2641 680
16361 4 2 16 28 2520 517 2641 2594
16362 4 2 16 28 2520 2641 517 680
16363 4 2 16 28 2444 181 1183 185
16364 4 2 16 28 2444 1183 181 2269
16365 4 2 16 28 881 3695 3684 880
16366 4 2 16 28 3684 3695 881 3673
16367 4 2 16 28 3684 3679 881 880
16368 4 2 16 28 881 3679 3684 3673
16369 4 2 16 28 436 437 2402 712
16370 4 2 16 28 436 2402 437 2779
16371 4 2 16 28 567 2364 328 2787
16372 4 2 16 28 328 2364 567 568
16373 4 2 16 28 2509 320 2737 2775
16374 4 2 16 28 2737 320 2509 321
16375 4 2 16 28 848 3724 3320 877
16376 4 2 16 28 848 3320 3724 3725
16377 4 2 16 28 1353 2508 399 2632
16378 4 2 16 28 1353 399 2508 1451
16379 4 2 16 28 2842 399 2508 2632
16380 4 2 16 28 2842 2508 399 1451
16381 4 2 16 28 3715 224 3303 3705
16382 4 2 16 28 3715 3303 224 215
16383 4 2 16 28 3661 1111 170 1739
16384 4 2 16 28 3661 170 1111 2136
16385 4 2 16 28 397 1346 2566 396
16386 4 2 16 28 397 2566 1346 2654
16387 4 2 16 28 1649 2239 1539 979
16388 4 2 16 28 1539 2239 1649 1048
16389 4 2 16 28 2759 2712 65 341
16390 4 2 16 28 2759 65 2712 2506
16391 4 2 16 28 1344 65 2712 341
16392 4 2 16 28 1344 2712 65 2506
16393 4 2 16 28 289 259 2360 290
16394 4 2 16 28 1062 2272 1032 1031
16395 4 2 16 28 1032 2272 1062 2143
16396 4 2 16 28 1096 2222 1029 1028
16397 4 2 16 28 1096 1029 2222 2138
16398 4 2 16 28 571 2651 330 570
16399 4 2 16 28 3737 992 2205 3663
16400 4 2 16 28 3672 1126 154 1701
16401 4 2 16 28 160 3750 1631 882
16402 4 2 16 28 1631 3750 160 1741
16403 4 2 16 28 963 3718 1613 2350
16404 4 2 16 28 1613 3718 963 835
16405 4 2 16 28 2148 1099 165 2220
16406 4 2 16 28 2148 165 1099 172
16407 4 2 16 28 2587 448 748 749
16408 4 2 16 28 2184 706 2526 2795
16409 4 2 16 28 2184 2526 706 705
16410 4 2 16 28 429 2526 706 2795
16411 4 2 16 28 429 706 2526 705
16412 4 2 16 28 2372 596 2154 2571
16413 4 2 16 28 2372 2154 596 597
16414 4 2 16 28 2768 2499 1367 2846
16415 4 2 16 28 3673 1007 3754 2172
16416 4 2 16 28 3673 3754 1007 879
16417 4 2 16 28 2788 2335 2535 2140
16418 4 2 16 28 2788 2535 2335 2472
16419 4 2 16 28 2224 2468 2663 2089
16420 4 2 16 28 2663 2468 2224 2374
16421 4 2 16 28 1434 269 2454 2814
16422 4 2 16 28 1434 2454 269 1383
16423 4 2 16 28 516 515 2641 2494
16424 4 2 16 28 516 2641 515 681
16425 4 2 16 28 2754 2391 2308 2659
16426 4 2 16 28 2754 2308 2391 663
16427 4 2 16 28 535 2832 2618 536
16428 4 2 16 28 535 2618 2832 2754
16429 4 2 16 28 317 1367 2499 1422
16430 4 2 16 28 2499 1367 317 2768
16431 4 2 16 28 2360 2777 258 2733
16432 4 2 16 28 258 2777 2360 259
16433 4 2 16 28 258 289 2360 2733
16434 4 2 16 28 2360 289 258 259
16435 4 2 16 28 1333 373 2419 1449
16436 4 2 16 28 1333 2419 373 2756
16437 4 2 16 28 2755 2419 373 1449
16438 4 2 16 28 2755 373 2419 2756
16439 4 2 16 28 537 2382 1381 2628
16440 4 2 16 28 537 1381 2382 538
16441 4 2 16 28 2501 2184 2502 2318
16442 4 2 16 28 2502 2184 2501 2527
16443 4 2 16 28 2252 187 1193 2763
16444 4 2 16 28 2252 1193 187 183
16445 4 2 16 28 410 2589 2476 2845
16446 4 2 16 28 2476 2589 410 409
16447 4 2 16 28 2476 2477 410 2845
16448 4 2 16 28 410 2477 2476 409
16449 4 2 16 28 3746 1301 239 3412
16450 4 2 16 28 3746 239 1301 3699
16451 4 2 16 28 1276 3745 214 3378
16452 4 2 16 28 214 3745 1276 3700
16453 4 2 16 28 2242 933 121 148
16454 4 2 16 28 2242 121 933 2105
16455 4 2 16 28 2746 1370 1414 274
16456 4 2 16 28 1414 1370 2746 2479
16457 4 2 16 28 1732 1014 1109 2189
16458 4 2 16 28 1732 1109 1014 1619
16459 4 2 16 28 1013 1109 1014 2189
16460 4 2 16 28 1013 1014 1109 1619
16461 4 2 16 28 930 929 3675 2221
16462 4 2 16 28 930 3675 929 1531
16463 4 2 16 28 979 1047 980 2239
16464 4 2 16 28 980 1047 979 1653
16465 4 2 16 28 128 3719 971 2187
16466 4 2 16 28 971 3719 128 1630
16467 4 2 16 28 3750 140 1010 1632
16468 4 2 16 28 3750 1010 140 2275
16469 4 2 16 28 57 6 60 53
16470 4 2 16 28 56 60 6 53
16471 4 2 16 28 47 9 149 46
16472 4 2 16 28 149 50 47 46
16473 4 2 16 28 992 991 3737 2205
16474 4 2 16 28 992 3737 991 1677
16475 4 2 16 28 432 2841 433 2840
16476 4 2 16 28 433 2841 432 708
16477 4 2 16 28 2095 2724 300 299
16478 4 2 16 28 2095 300 2724 2696
16479 4 2 16 28 268 300 2724 299
16480 4 2 16 28 268 2724 300 2696
16481 4 2 16 28 2163 1187 182 2614
16482 4 2 16 28 182 1187 2163 1170
16483 4 2 16 28 1011 141 168 2186
16484 4 2 16 28 1011 168 141 1624
16485 4 2 16 28 2382 539 2771 538
16486 4 2 16 28 2382 2771 539 2650
16487 4 2 16 28 658 2771 539 538
16488 4 2 16 28 658 539 2771 2650
16489 4 2 16 28 2182 2598 738 739
16490 4 2 16 28 2182 738 2598 2523
16491 4 2 16 28 458 738 2598 739
16492 4 2 16 28 458 2598 738 2523
16493 4 2 16 28 60 107 6 57
16494 4 2 16 28 149 51 47 50
16495 4 2 16 28 438 2532 439 2798
16496 4 2 16 28 438 439 2532 714
16497 4 2 16 28 2270 1523 1655 1054
16498 4 2 16 28 2270 1655 1523 130
16499 4 2 16 28 71 550 2535 2643
16500 4 2 16 28 71 2535 550 81
16501 4 2 16 28 65 341 342 2759
16502 4 2 16 28 65 342 341 581
16503 4 2 16 28 2448 342 341 2759
16504 4 2 16 28 2448 341 342 581
16505 4 2 16 28 612 66 626 76
16506 4 2 16 28 626 66 612 2684
16507 4 2 16 28 2461 527 2392 526
16508 4 2 16 28 2461 2392 527 2602
16509 4 2 16 28 670 2392 527 526
16510 4 2 16 28 670 527 2392 2602
16511 4 2 16 28 2533 2364 329 2789
16512 4 2 16 28 2533 329 2364 328
16513 4 2 16 28 569 329 2364 2789
16514 4 2 16 28 569 2364 329 328
16515 4 2 16 28 988 987 1038 2342
16516 4 2 16 28 988 1038 987 1668
16517 4 2 16 28 790 514 2713 2722
16518 4 2 16 28 790 2713 514 513
16519 4 2 16 28 1344 1331 2748 2506
16520 4 2 16 28 2748 1331 1344 1462
16521 4 2 16 28 2748 2594 1344 2506
16522 4 2 16 28 1344 2594 2748 1462
16523 4 2 16 28 510 786 2715 2714
16524 4 2 16 28 2715 786 510 511
16525 4 2 16 28 2715 2415 510 2714
16526 4 2 16 28 510 2415 2715 511
16527 4 2 16 28 2572 1399 357 2570
16528 4 2 16 28 357 1399 2572 358
16529 4 2 16 28 357 2372 2572 2570
16530 4 2 16 28 2572 2372 357 358
16531 4 2 16 28 963 126 2201 2349
16532 4 2 16 28 963 2201 126 1609
16533 4 2 16 28 1121 1120 3698 2200
16534 4 2 16 28 1121 3698 1120 1717
16535 4 2 16 28 2680 1347 312 2678
16536 4 2 16 28 312 1347 2680 313
16537 4 2 16 28 312 2450 2680 2678
16538 4 2 16 28 2680 2450 312 313
16539 4 2 16 28 1101 1100 1023 2339
16540 4 2 16 28 1101 1023 1100 1724
16541 4 2 16 28 12 240 1055 1059
16542 4 2 16 28 12 1055 240 3410
16543 4 2 16 28 3746 1055 240 1059
16544 4 2 16 28 3746 240 1055 3410
16545 4 2 16 28 2630 331 2651 2460
16546 4 2 16 28 2630 2651 331 571
16547 4 2 16 28 330 2651 331 2460
16548 4 2 16 28 330 331 2651 571
16549 4 2 16 28 2466 3645 2310 633
16550 4 2 16 28 2466 2310 3645 280
16551 4 2 16 28 64 2310 3645 633
16552 4 2 16 28 64 3645 2310 280
16553 4 2 16 28 2538 2394 3675 2770
16554 4 2 16 28 2538 3675 2394 3676
16555 4 2 16 28 3677 2731 2394 3676
16556 4 2 16 28 3677 2394 2731 2764
16557 4 2 16 28 3687 2153 2203 2204
16558 4 2 16 28 3687 2203 2153 3688
16559 4 2 16 28 226 6 9 3385
16560 4 2 16 28 9 6 226 3766
16561 4 2 16 28 9 3401 226 3385
16562 4 2 16 28 9 227 226 3401
16563 4 2 16 28 226 227 9 3766
16564 4 2 16 28 5 220 233 3384
16565 4 2 16 28 233 220 5 3763
16566 4 2 16 28 5 10 233 3763
16567 4 2 16 28 1284 1285 1293 3773
16568 4 2 16 28 1292 1285 1293 3396
16569 4 2 16 28 1292 1293 1285 3773
16570 4 2 16 28 223 222 231 3772
16571 4 2 16 28 223 230 231 3396
16572 4 2 16 28 231 230 223 3772
16573 4 2 16 28 1287 1288 1289 3775
16574 4 2 16 28 1287 1290 1289 3403
16575 4 2 16 28 1289 1290 1287 3775
16576 4 2 16 28 240 239 3746 907
16577 4 2 16 28 240 3746 239 3412
16578 4 2 16 28 214 213 3745 904
16579 4 2 16 28 214 3745 213 3378
16580 4 2 16 28 935 934 3710 2305
16581 4 2 16 28 935 3710 934 1549
16582 4 2 16 28 826 1604 3686 827
16583 4 2 16 28 3686 3708 826 827
16584 4 2 16 28 826 3708 3686 3747
16585 4 2 16 28 2720 2824 2330 2518
16586 4 2 16 28 2720 2330 2824 780
16587 4 2 16 28 233 232 220 3764
16588 4 2 16 28 221 232 220 3386
16589 4 2 16 28 221 220 232 3764
16590 4 2 16 28 3777 3566 2203 3446
16591 4 2 16 28 3777 2203 3566 3688
16592 4 2 16 28 759 2203 3566 3446
16593 4 2 16 28 759 3566 2203 3688
16594 4 2 16 28 2722 513 2713 2544
16595 4 2 16 28 2713 513 2722 514
16596 4 2 16 28 3299 862 55 213
16597 4 2 16 28 3299 55 862 3308
16598 4 2 16 28 3 55 862 213
16599 4 2 16 28 3 862 55 3308
16600 4 2 16 28 2112 2212 938 2284
16601 4 2 16 28 2112 938 2212 937
16602 4 2 16 28 2128 2823 778 777
16603 4 2 16 28 2128 778 2823 2447
16604 4 2 16 28 1074 3716 888 889
16605 4 2 16 28 1074 888 3716 3666
16606 4 2 16 28 3325 888 3716 889
16607 4 2 16 28 3325 3716 888 3666
16608 4 2 16 28 2732 449 2587 2567
16609 4 2 16 28 2732 2587 449 748
16610 4 2 16 28 448 2587 449 2567
16611 4 2 16 28 448 449 2587 748
16612 4 2 16 28 905 906 3766 1573
16613 4 2 16 28 3766 906 905 227
16614 4 2 16 28 1337 440 2798 439
16615 4 2 16 28 1337 2798 440 2818
16616 4 2 16 28 3774 3770 3769 2440
16617 4 2 16 28 3774 3769 3770 1297
16618 4 2 16 28 149 151 47 51
16619 4 2 16 28 56 106 6 60
16620 4 2 16 28 107 6 106 60
16621 4 2 16 28 107 106 6 3766
16622 4 2 16 28 226 225 227 3313
16623 4 2 16 28 226 227 225 3387
16624 4 2 16 28 228 227 225 3313
16625 4 2 16 28 728 729 2145 2557
16626 4 2 16 28 2145 729 728 2300
16627 4 2 16 28 2145 727 728 2557
16628 4 2 16 28 728 727 2145 2300
16629 4 2 16 28 228 1287 3382 225
16630 4 2 16 28 3382 224 228 225
16631 4 2 16 28 228 224 3382 3399
16632 4 2 16 28 221 1283 3398 232
16633 4 2 16 28 3398 1283 221 3383
16634 4 2 16 28 3398 231 221 232
16635 4 2 16 28 221 231 3398 3383
16636 4 2 16 28 228 1290 3382 1287
16637 4 2 16 28 228 3382 1290 3399
16638 4 2 16 28 1286 3382 1290 1287
16639 4 2 16 28 1286 1290 3382 3399
16640 4 2 16 28 17 2621 3742 242
16641 4 2 16 28 17 3742 2621 2529
16642 4 2 16 28 3654 2621 3742 2529
16643 4 2 16 28 3493 700 2185 701
16644 4 2 16 28 3493 2185 700 2279
16645 4 2 16 28 2149 2185 700 701
16646 4 2 16 28 2149 700 2185 2279
16647 4 2 16 28 3742 1312 246 242
16648 4 2 16 28 3742 246 1312 3654
16649 4 2 16 28 2621 16 3742 242
16650 4 2 16 28 2621 3742 16 3654
16651 4 2 16 28 16 1312 3742 242
16652 4 2 16 28 16 3742 1312 3654
16653 4 2 16 28 1046 935 2257 2305
16654 4 2 16 28 1046 2257 935 1488
16655 4 2 16 28 2176 2531 2427 2622
16656 4 2 16 28 2176 2427 2531 2255
16657 4 2 16 28 2771 2751 2142 2245
16658 4 2 16 28 2142 2751 2771 660
16659 4 2 16 28 2142 2235 2771 2245
16660 4 2 16 28 2771 2235 2142 660
16661 4 2 16 28 3657 171 163 1733
16662 4 2 16 28 3657 163 171 1714
16663 4 2 16 28 1040 985 2209 986
16664 4 2 16 28 2209 985 1040 2210
16665 4 2 16 28 2209 1039 1040 986
16666 4 2 16 28 1040 1039 2209 2210
16667 4 2 16 28 2359 3644 3704 631
16668 4 2 16 28 2359 3704 3644 646
16669 4 2 16 28 3670 3704 3644 631
16670 4 2 16 28 3670 3644 3704 646
16671 4 2 16 28 3776 1546 933 2240
16672 4 2 16 28 933 1546 3776 810
16673 4 2 16 28 3776 1543 933 810
16674 4 2 16 28 669 670 2264 2602
16675 4 2 16 28 669 2264 670 2303
16676 4 2 16 28 2156 669 2264 2602
16677 4 2 16 28 2156 2264 669 2303
16678 4 2 16 28 668 669 2156 2602
16679 4 2 16 28 668 2156 669 2303
16680 4 2 16 28 2732 2130 2215 2223
16681 4 2 16 28 2215 2130 2732 2568
16682 4 2 16 28 2282 302 3470 3523
16683 4 2 16 28 2282 3470 302 2190
16684 4 2 16 28 3666 3718 836 3716
16685 4 2 16 28 836 3718 3666 837
16686 4 2 16 28 836 3325 3666 3716
16687 4 2 16 28 3666 3325 836 837
16688 4 2 16 28 2198 3672 1126 154
16689 4 2 16 28 2198 1126 3672 2355
16690 4 2 16 28 215 3700 214 3374
16691 4 2 16 28 214 3715 3700 215
16692 4 2 16 28 3700 3715 214 821
16693 4 2 16 28 3686 954 826 3747
16694 4 2 16 28 3686 826 954 1604
16695 4 2 16 28 2095 3482 298 299
16696 4 2 16 28 2095 298 3482 2279
16697 4 2 16 28 819 3705 225 228
16698 4 2 16 28 3389 2 2828 1
16699 4 2 16 28 3389 2828 2 3765
16700 4 2 16 28 2540 2828 2 1
16701 4 2 16 28 2628 2751 536 537
16702 4 2 16 28 2628 536 2751 2832
16703 4 2 16 28 818 3649 2125 238
16704 4 2 16 28 2125 3649 818 1553
16705 4 2 16 28 994 1494 2342 2209
16706 4 2 16 28 2342 1494 994 987
16707 4 2 16 28 986 1039 2342 2209
16708 4 2 16 28 2342 1039 986 987
16709 4 2 16 28 1494 986 2342 2209
16710 4 2 16 28 2342 986 1494 987
16711 4 2 16 28 1297 3415 2670 1296
16712 4 2 16 28 2670 3415 1297 3770
16713 4 2 16 28 3415 629 2670 1296
16714 4 2 16 28 2670 629 3415 3770
16715 4 2 16 28 3415 1295 629 1296
16716 4 2 16 28 629 1295 3415 3770
16717 4 2 16 28 227 9 151 47
16718 4 2 16 28 227 151 9 3766
16719 4 2 16 28 149 151 9 47
16720 4 2 16 28 149 9 151 3766
16721 4 2 16 28 6 226 106 56
16722 4 2 16 28 6 106 226 3766
16723 4 2 16 28 819 820 3705 1552
16724 4 2 16 28 3705 820 819 225
16725 4 2 16 28 5 206 3400 10
16726 4 2 16 28 3400 206 5 3384
16727 4 2 16 28 3400 233 5 10
16728 4 2 16 28 5 233 3400 3384
16729 4 2 16 28 1285 1293 3381 1284
16730 4 2 16 28 1285 3381 1293 3396
16731 4 2 16 28 222 3381 1293 1284
16732 4 2 16 28 231 223 3381 222
16733 4 2 16 28 3381 223 231 3396
16734 4 2 16 28 3381 1293 231 222
16735 4 2 16 28 231 1293 3381 3396
16736 4 2 16 28 1289 1287 3387 1288
16737 4 2 16 28 3387 1287 1289 3403
16738 4 2 16 28 3387 227 1289 1288
16739 4 2 16 28 1289 227 3387 3403
16740 4 2 16 28 232 220 3402 233
16741 4 2 16 28 232 3402 220 3386
16742 4 2 16 28 1295 3402 220 233
16743 4 2 16 28 1295 220 3402 3386
16744 4 2 16 28 2544 2722 514 2854
16745 4 2 16 28 514 2722 2544 513
16746 4 2 16 28 514 1331 2544 2854
16747 4 2 16 28 2544 1331 514 513
16748 4 2 16 28 227 225 3403 228
16749 4 2 16 28 227 3403 225 3387
16750 4 2 16 28 1287 3403 225 228
16751 4 2 16 28 1287 225 3403 3387
16752 4 2 16 28 933 3776 2243 1543
16753 4 2 16 28 2243 3776 933 2240
16754 4 2 16 28 2828 2 2634 2540
16755 4 2 16 28 2828 2634 2 3765
16756 4 2 16 28 1573 3766 152 151
16757 4 2 16 28 134 3766 1573 106
16758 4 2 16 28 134 1573 3766 152
16759 4 2 17 29 2568 2469 2569 3031
16760 4 2 17 29 2862 2965 2972 2425
16761 4 2 17 29 1190 2397 2661 3078
16762 4 2 17 29 190 2914 1208 2614
16763 4 2 17 29 2394 3114 2892 2976
16764 4 2 17 29 2855 2608 3001 3084
16765 4 2 17 29 3108 2886 2538 3114
16766 4 2 17 29 188 1198 2426 3068
16767 4 2 17 29 2428 2857 2976 2977
16768 4 2 17 29 3053 2707 2948 2856
16769 4 2 17 29 2915 2914 3096 2439
16770 4 2 17 29 1206 2949 2971 2675
16771 4 2 17 29 2932 1213 3060 2763
16772 4 2 17 29 3010 2595 3069 2855
16773 4 2 17 29 3000 2585 3076 3161
16774 4 2 17 29 1219 2921 3031 2469
16775 4 2 17 29 2703 2493 2585 3161
16776 4 2 17 29 2788 2932 2926 3060
16777 4 2 17 29 1208 2914 2915 2439
16778 4 2 17 29 2971 2914 2495 3100
16779 4 2 17 29 2600 2919 3124 2856
16780 4 2 17 29 2919 2600 3043 2856
16781 4 2 17 29 2363 2982 2865 3020
16782 4 2 17 29 2374 2493 2600 3124
16783 4 2 17 29 2855 3009 2711 3156
16784 4 2 17 29 2873 3172 2966 2423
16785 4 2 17 29 2529 2579 2690 3152
16786 4 2 17 29 1212 2926 3060 2472
16787 4 2 17 29 3114 2886 2731 3069
16788 4 2 17 29 2394 2892 3114 3069
16789 4 2 17 29 2358 3039 2583 3038
16790 4 2 17 29 3124 2948 2707 2856
16791 4 2 17 29 3114 2770 2861 2976
16792 4 2 17 29 2538 2394 2770 3114
16793 4 2 17 29 2741 3084 3110 2880
16794 4 2 17 29 2593 3082 3009 3153
16795 4 2 17 29 2596 2972 2953 3050
16796 4 2 17 29 2492 2381 2639 2973
16797 4 2 17 29 2948 2493 3161 3124
16798 4 2 17 29 1191 2406 2407 2895
16799 4 2 17 29 2865 2511 3110 2982
16800 4 2 17 29 2983 3088 2874 2762
16801 4 2 17 29 2759 3030 2947 2860
16802 4 2 17 29 2406 2895 2986 3004
16803 4 2 17 29 1196 1197 2601 3113
16804 4 2 17 29 2895 1210 3006 2407
16805 4 2 17 29 3076 2705 2892 2977
16806 4 2 17 29 2575 2866 3134 3079
16807 4 2 17 29 3020 2484 2982 2863
16808 4 2 17 29 2856 3039 2358 3038
16809 4 2 17 29 2484 2483 2511 2982
16810 4 2 17 29 2893 3110 2972 2398
16811 4 2 17 29 1198 2426 3068 2546
16812 4 2 17 29 3063 2701 3108 2929
16813 4 2 17 29 2389 1194 2692 2902
16814 4 2 17 29 2491 2635 2835 3171
16815 4 2 17 29 2368 3076 3161 2867
16816 4 2 17 29 1187 2495 2675 2971
16817 4 2 17 29 2367 2988 3114 2861
16818 4 2 17 29 2914 1207 2971 2495
16819 4 2 17 29 2875 3082 2965 2380
16820 4 2 17 29 2712 2759 3030 2947
16821 4 2 17 29 3000 3130 2747 2855
16822 4 2 17 29 2880 3110 2511 2982
16823 4 2 17 29 2374 2468 2493 3124
16824 4 2 17 29 2538 2470 2701 3108
16825 4 2 17 29 2511 2398 2656 3110
16826 4 2 17 29 3010 2886 2621 3146
16827 4 2 17 29 1194 1195 2692 2902
16828 4 2 17 29 2986 1212 1211 2662
16829 4 2 17 29 2381 2579 2762 2874
16830 4 2 17 29 2967 3017 2909 2783
16831 4 2 17 29 2948 2369 2866 3161
16832 4 2 17 29 1205 1204 2918 2490
16833 4 2 17 29 2866 2703 3134 3161
16834 4 2 17 29 2492 2593 2690 3153
16835 4 2 17 29 2566 2745 2783 2967
16836 4 2 17 29 2850 3022 2866 3079
16837 4 2 17 29 3001 2828 3134 3079
16838 4 2 17 29 2856 3039 3116 2358
16839 4 2 17 29 1200 2485 2569 2959
16840 4 2 17 29 2925 2937 2794 3138
16841 4 2 17 29 3133 2739 2759 2860
16842 4 2 17 29 3153 2874 3152 2690
16843 4 2 17 29 2972 2709 2862 2425
16844 4 2 17 29 2538 2395 2731 2886
16845 4 2 17 29 2967 2781 3032 2864
16846 4 2 17 29 2567 3017 3058 2883
16847 4 2 17 29 2857 2977 2571 3029
16848 4 2 17 29 3024 2900 2827 3158
16849 4 2 17 29 2784 3032 2909 2967
16850 4 2 17 29 2423 2558 2708 2966
16851 4 2 17 29 2398 2511 2741 3110
16852 4 2 17 29 2431 2395 2701 2929
16853 4 2 17 29 2886 2929 2395 3146
16854 4 2 17 29 2552 2649 2650 2894
16855 4 2 17 29 1201 1202 2677 3172
16856 4 2 17 29 2783 2566 2967 3017
16857 4 2 17 29 3030 2913 2712 2947
16858 4 2 17 29 3089 2645 2944 2562
16859 4 2 17 29 2651 3108 2858 3063
16860 4 2 17 29 2380 2492 2835 2875
16861 4 2 17 29 2645 2370 2812 2944
16862 4 2 17 29 3089 2944 3126 2562
16863 4 2 17 29 2880 2399 3079 2922
16864 4 2 17 29 2395 2579 3146 2431
16865 4 2 17 29 3064 2918 2743 3065
16866 4 2 17 29 1202 2444 2577 2925
16867 4 2 17 29 2619 2492 2639 3061
16868 4 2 17 29 3097 2401 3131 3045
16869 4 2 17 29 2857 2976 2952 2644
16870 4 2 17 29 2477 2437 2500 2889
16871 4 2 17 29 2392 2397 2602 3081
16872 4 2 17 29 2395 2579 2621 3146
16873 4 2 17 29 2705 3076 2830 2977
16874 4 2 17 29 2699 2800 3008 3105
16875 4 2 17 29 2515 2367 2770 2861
16876 4 2 17 29 2374 2468 3124 3042
16877 4 2 17 29 2919 2999 3123 2792
16878 4 2 17 29 2401 3097 2890 3045
16879 4 2 17 29 2894 3005 2552 3004
16880 4 2 17 29 3156 2893 2797 3084
16881 4 2 17 29 2512 1185 2590 2951
16882 4 2 17 29 2529 2579 3152 2621
16883 4 2 17 29 2390 2983 2878 2941
16884 4 2 17 29 2764 3130 2892 3069
16885 4 2 17 29 3120 2982 2484 2863
16886 4 2 17 29 1202 2577 2677 3138
16887 4 2 17 29 2884 2825 2975 2378
16888 4 2 17 29 2381 2973 2874 2983
16889 4 2 17 29 2557 2891 2966 3019
16890 4 2 17 29 2505 2363 2511 2865
16891 4 2 17 29 2466 2967 2745 3094
16892 4 2 17 29 2770 2367 3114 2861
16893 4 2 17 29 2459 3127 2912 2988
16894 4 2 17 29 2800 2456 3105 2699
16895 4 2 17 29 2581 3139 3127 3052
16896 4 2 17 29 3095 3027 2969 2665
16897 4 2 17 29 2862 3027 2965 2638
16898 4 2 17 29 2483 2484 2776 3120
16899 4 2 17 29 2881 2983 2973 2554
16900 4 2 17 29 2855 2540 3000 3001
16901 4 2 17 29 3146 3152 2874 2579
16902 4 2 17 29 2991 2746 2900 2993
16903 4 2 17 29 2367 2988 3108 3114
16904 4 2 17 29 3005 2650 2894 2552
16905 4 2 17 29 2434 2572 2646 3085
16906 4 2 17 29 2630 2470 2693 3107
16907 4 2 17 29 3072 2653 3044 2795
16908 4 2 17 29 2493 3161 3124 2867
16909 4 2 17 29 2454 2388 2556 2876
16910 4 2 17 29 2997 2894 2673 2552
16911 4 2 17 29 2357 2584 2764 3130
16912 4 2 17 29 2942 2462 2831 2842
16913 4 2 17 29 2566 3017 3118 2908
16914 4 2 17 29 2694 2872 2948 2939
16915 4 2 17 29 2893 2965 3082 2719
16916 4 2 17 29 2468 2867 3124 3042
16917 4 2 17 29 1199 1200 2569 2959
16918 4 2 17 29 2579 2381 2690 2874
16919 4 2 17 29 2734 3022 3079 2922
16920 4 2 17 29 2538 2367 3108 3114
16921 4 2 17 29 3133 2759 2947 2860
16922 4 2 17 29 3100 2970 2914 2563
16923 4 2 17 29 2357 2584 3130 2747
16924 4 2 17 29 2741 2634 3084 2880
16925 4 2 17 29 2940 2834 2999 2434
16926 4 2 17 29 1217 2427 2958 2920
16927 4 2 17 29 3044 3073 3072 2795
16928 4 2 17 29 3062 2973 3061 2639
16929 4 2 17 29 3049 3026 2471 2931
16930 4 2 17 29 2896 3012 2980 2667
16931 4 2 17 29 2842 2831 2942 3101
16932 4 2 17 29 3127 2912 2947 2459
16933 4 2 17 29 3044 2653 3072 2899
16934 4 2 17 29 2427 2426 2622 2920
16935 4 2 17 29 3153 2381 2973 2874
16936 4 2 17 29 3027 2969 2514 2862
16937 4 2 17 29 2511 2399 2741 2880
16938 4 2 17 29 2477 2387 3023 2717
16939 4 2 17 29 2416 2577 3173 2677
16940 4 2 17 29 2433 3052 2515 2365
16941 4 2 17 29 2505 3050 3094 2865
16942 4 2 17 29 3032 2784 2781 2967
16943 4 2 17 29 3075 2573 3160 3050
16944 4 2 17 29 2369 2939 2948 2866
16945 4 2 17 29 2965 2384 3027 2897
16946 4 2 17 29 2798 3014 3034 2864
16947 4 2 17 29 3014 3007 2799 2779
16948 4 2 17 29 2908 2745 2967 3094
16949 4 2 17 29 3094 2466 2967 3109
16950 4 2 17 29 3009 3010 2529 3152
16951 4 2 17 29 2905 2940 2999 2434
16952 4 2 17 29 2675 2495 2616 2971
16953 4 2 17 29 3024 2827 2387 3158
16954 4 2 17 29 3018 2980 2802 2667
16955 4 2 17 29 3134 3000 2540 3001
16956 4 2 17 29 3070 2716 3086 2451
16957 4 2 17 29 2832 2751 2985 2877
16958 4 2 17 29 3056 2796 3055 3159
16959 4 2 17 29 2858 3170 2651 3063
16960 4 2 17 29 3167 2870 3022 2671
16961 4 2 17 29 2488 2489 2743 3064
16962 4 2 17 29 2703 2493 3161 2369
16963 4 2 17 29 3001 2828 3079 2848
16964 4 2 17 29 2799 3014 2798 2864
16965 4 2 17 29 2400 2518 2675 2949
16966 4 2 17 29 3061 3051 2835 2875
16967 4 2 17 29 2777 3044 2441 2507
16968 4 2 17 29 2394 2538 2731 3114
16969 4 2 17 29 2651 2701 3108 3063
16970 4 2 17 29 2705 2394 2764 2892
16971 4 2 17 29 2691 2905 2999 2434
16972 4 2 17 29 2359 2670 2776 3002
16973 4 2 17 29 2478 2991 2904 2993
16974 4 2 17 29 2678 3016 2964 2903
16975 4 2 17 29 2516 3126 2944 2562
16976 4 2 17 29 2942 3118 2842 3101
16977 4 2 17 29 2665 2514 2847 2969
16978 4 2 17 29 3062 2639 2361 2517
16979 4 2 17 29 2907 2564 2974 2702
16980 4 2 17 29 2367 2459 2693 2988
16981 4 2 17 29 2953 2507 3044 2777
16982 4 2 17 29 2867 2905 2658 2977
16983 4 2 17 29 2452 2938 3015 2896
16984 4 2 17 29 2540 2608 2634 3001
16985 4 2 17 29 2505 2511 2656 2865
16986 4 2 17 29 2680 3016 2963 2964
16987 4 2 17 29 3042 2905 2468 2867
16988 4 2 17 29 2573 3075 2968 3050
16989 4 2 17 29 2507 3160 2953 3044
16990 4 2 17 29 3035 2730 2366 2913
16991 4 2 17 29 2472 2763 2788 3060
16992 4 2 17 29 3089 2773 3126 2872
16993 4 2 17 29 2377 2420 2718 3111
16994 4 2 17 29 2679 2449 3026 2903
16995 4 2 17 29 2529 2593 2711 3009
16996 4 2 17 29 2516 2933 2657 2944
16997 4 2 17 29 2485 2597 2975 2598
16998 4 2 17 29 2782 2781 2967 2864
16999 4 2 17 29 2909 2784 2967 2783
17000 4 2 17 29 2712 2913 3168 2947
17001 4 2 17 29 1206 1205 2951 2590
17002 4 2 17 29 3040 2953 3044 2777
17003 4 2 17 29 2632 3118 2842 2843
17004 4 2 17 29 2540 2585 2747 3000
17005 4 2 17 29 3014 3007 2864 2799
17006 4 2 17 29 2710 3154 3016 2903
17007 4 2 17 29 2499 2984 2894 3179
17008 4 2 17 29 3176 2814 3150 2996
17009 4 2 17 29 2991 2478 2746 2993
17010 4 2 17 29 2938 3012 2896 2667
17011 4 2 17 29 2418 2798 2818 2864
17012 4 2 17 29 3153 2381 2874 2690
17013 4 2 17 29 3001 3084 2634 2880
17014 4 2 17 29 1202 185 2444 2925
17015 4 2 17 29 2985 2751 2832 2628
17016 4 2 17 29 3027 2969 2665 2847
17017 4 2 17 29 2548 2898 2955 3047
17018 4 2 17 29 2656 2511 3110 2865
17019 4 2 17 29 2935 3070 2787 3063
17020 4 2 17 29 3160 2733 2953 3050
17021 4 2 17 29 3086 2716 3070 2927
17022 4 2 17 29 3044 2777 2441 3040
17023 4 2 17 29 2661 1190 3078 2979
17024 4 2 17 29 3074 2832 2985 2877
17025 4 2 17 29 2950 2518 3097 2949
17026 4 2 17 29 3041 2857 2445 2974
17027 4 2 17 29 2710 3154 2962 3016
17028 4 2 17 29 2363 2865 3094 3020
17029 4 2 17 29 2443 2674 2916 3166
17030 4 2 17 29 2679 3049 2471 2524
17031 4 2 17 29 2891 2645 2944 3089
17032 4 2 17 29 2985 2553 2649 2382
17033 4 2 17 29 3050 3094 2968 2574
17034 4 2 17 29 2907 2974 3041 2702
17035 4 2 17 29 2912 3008 2800 3105
17036 4 2 17 29 2907 3041 3045 2446
17037 4 2 17 29 2424 2872 3053 2694
17038 4 2 17 29 3063 3070 2560 2878
17039 4 2 17 29 2903 2964 2449 3026
17040 4 2 17 29 2624 2901 3025 3024
17041 4 2 17 29 2703 2866 2369 3161
17042 4 2 17 29 2647 2769 2885 2636
17043 4 2 17 29 3037 1209 1208 2758
17044 4 2 17 29 3165 2940 2834 2999
17045 4 2 17 29 2989 2602 3081 2888
17046 4 2 17 29 2850 3022 3167 2866
17047 4 2 17 29 3032 2818 3034 2864
17048 4 2 17 29 2493 2585 3161 2368
17049 4 2 17 29 3089 2981 2821 2872
17050 4 2 17 29 2403 2840 2887 2841
17051 4 2 17 29 2546 2469 2588 2921
17052 4 2 17 29 2933 2516 3126 2944
17053 4 2 17 29 2949 2616 3021 2971
17054 4 2 17 29 2974 2564 2907 3028
17055 4 2 17 29 2903 2679 3049 3026
17056 4 2 17 29 2895 2986 2591 2406
17057 4 2 17 29 2691 2999 2834 2434
17058 4 2 17 29 3077 2820 2981 2924
17059 4 2 17 29 2515 2459 2367 2861
17060 4 2 17 29 2763 2437 2788 2932
17061 4 2 17 29 2587 2883 3058 2921
17062 4 2 17 29 3168 3008 2800 2912
17063 4 2 17 29 3063 3070 2787 2560
17064 4 2 17 29 2654 3017 3118 2566
17065 4 2 17 29 2730 3035 3036 2913
17066 4 2 17 29 2721 3054 2934 2945
17067 4 2 17 29 2633 2363 2704 3020
17068 4 2 17 29 3069 2886 2731 3010
17069 4 2 17 29 3100 2914 2495 2563
17070 4 2 17 29 3085 2906 2410 2974
17071 4 2 17 29 2472 2788 2926 3060
17072 4 2 17 29 3080 2869 2766 2944
17073 4 2 17 29 2827 2900 2669 3158
17074 4 2 17 29 2737 3143 2983 2941
17075 4 2 17 29 3027 2969 2847 2514
17076 4 2 17 29 3107 2858 2470 3108
17077 4 2 17 29 2362 2586 2807 2909
17078 4 2 17 29 3040 2514 2969 2862
17079 4 2 17 29 3118 2946 3017 2654
17080 4 2 17 29 2362 2784 2909 2783
17081 4 2 17 29 2397 2879 3081 3078
17082 4 2 17 29 3052 2581 2433 2515
17083 4 2 17 29 2541 2721 2934 2945
17084 4 2 17 29 2670 2483 2776 3002
17085 4 2 17 29 2792 3123 2919 2994
17086 4 2 17 29 2363 2484 2511 2982
17087 4 2 17 29 3116 2578 2358 2582
17088 4 2 17 29 3026 2964 2749 3098
17089 4 2 17 29 3011 2942 2831 3101
17090 4 2 17 29 2909 3058 2807 3017
17091 4 2 17 29 2370 2944 2645 2562
17092 4 2 17 29 2945 2379 3054 2871
17093 4 2 17 29 3101 2772 2884 3003
17094 4 2 17 29 2943 2990 2629 2858
17095 4 2 17 29 2540 3000 2747 2855
17096 4 2 17 29 2493 2694 2707 2948
17097 4 2 17 29 3011 2942 2462 2831
17098 4 2 17 29 3074 2985 2832 2628
17099 4 2 17 29 2493 2369 2694 2948
17100 4 2 17 29 2601 1197 2427 3113
17101 4 2 17 29 2390 2554 2762 2983
17102 4 2 17 29 3058 2807 3017 2567
17103 4 2 17 29 3058 2586 2909 2807
17104 4 2 17 29 3104 2553 2894 2985
17105 4 2 17 29 2400 3021 2995 2949
17106 4 2 17 29 2778 2888 2392 2461
17107 4 2 17 29 2970 3035 2748 3030
17108 4 2 17 29 3003 2884 2975 2378
17109 4 2 17 29 3054 2438 2910 2700
17110 4 2 17 29 3127 2459 2581 2515
17111 4 2 17 29 2791 2792 2919 2994
17112 4 2 17 29 2865 2656 2972 3110
17113 4 2 17 29 2553 2649 2894 2985
17114 4 2 17 29 3066 2951 2512 3028
17115 4 2 17 29 2792 2551 3123 2994
17116 4 2 17 29 2822 3131 3045 2446
17117 4 2 17 29 2386 3051 2904 2996
17118 4 2 17 29 2906 2664 3066 3065
17119 4 2 17 29 3179 2894 2846 2997
17120 4 2 17 29 3016 2680 2678 2964
17121 4 2 17 29 2564 2974 2906 3028
17122 4 2 17 29 2933 3080 2657 2944
17123 4 2 17 29 2894 2984 2499 3104
17124 4 2 17 29 3088 3063 2929 2431
17125 4 2 17 29 2876 2383 2556 2454
17126 4 2 17 29 2542 3162 3112 2756
17127 4 2 17 29 2967 3109 2782 2864
17128 4 2 17 29 2579 3088 2431 2762
17129 4 2 17 29 2357 3069 2595 2855
17130 4 2 17 29 2856 2707 2600 2358
17131 4 2 17 29 2394 3114 2731 3069
17132 4 2 17 29 2388 2454 2620 3115
17133 4 2 17 29 2895 2591 2986 1211
17134 4 2 17 29 2438 3059 2934 3054
17135 4 2 17 29 2493 2600 3124 2707
17136 4 2 17 29 2770 3114 2394 2976
17137 4 2 17 29 2990 3151 2460 2858
17138 4 2 17 29 2900 2991 3024 2479
17139 4 2 17 29 2629 2460 2858 2990
17140 4 2 17 29 2965 2862 2638 2425
17141 4 2 17 29 2459 2912 2456 2693
17142 4 2 17 29 3171 2835 3051 2875
17143 4 2 17 29 3008 2956 2699 3105
17144 4 2 17 29 2749 2449 2964 3026
17145 4 2 17 29 3056 2413 1195 2692
17146 4 2 17 29 2978 3129 2622 3067
17147 4 2 17 29 3049 2903 3154 2408
17148 4 2 17 29 2866 2575 2850 3079
17149 4 2 17 29 2391 2927 3087 3141
17150 4 2 17 29 2429 2573 3050 3160
17151 4 2 17 29 2621 2731 2886 3010
17152 4 2 17 29 3072 2526 3149 2899
17153 4 2 17 29 3094 2704 2363 3020
17154 4 2 17 29 2674 2980 2916 3166
17155 4 2 17 29 2932 2437 3137 2889
17156 4 2 17 29 2704 3094 2908 3020
17157 4 2 17 29 2791 2551 2792 2994
17158 4 2 17 29 2927 3087 3086 2391
17159 4 2 17 29 2685 3086 2935 2396
17160 4 2 17 29 2952 3164 3045 2504
17161 4 2 17 29 3028 3066 2906 2565
17162 4 2 17 29 2386 2491 2835 3051
17163 4 2 17 29 2931 3026 2471 3099
17164 4 2 17 29 2975 3003 2378 2959
17165 4 2 17 29 2679 3049 3026 2471
17166 4 2 17 29 2986 2882 2576 3004
17167 4 2 17 29 2542 3059 2837 2615
17168 4 2 17 29 2707 3053 2424 2578
17169 4 2 17 29 3052 2952 2976 2365
17170 4 2 17 29 2596 2953 2972 2360
17171 4 2 17 29 2366 2647 2801 2913
17172 4 2 17 29 2760 3040 2969 2899
17173 4 2 17 29 2764 3069 2595 2357
17174 4 2 17 29 2655 3125 3043 2856
17175 4 2 17 29 2905 2372 2977 3029
17176 4 2 17 29 2992 2558 2966 2869
17177 4 2 17 29 2907 3045 3131 2446
17178 4 2 17 29 2402 2502 2601 2957
17179 4 2 17 29 2743 2918 2411 3065
17180 4 2 17 29 2937 2873 2987 2416
17181 4 2 17 29 2414 3127 2459 2581
17182 4 2 17 29 2983 2878 3088 2390
17183 4 2 17 29 3173 2577 3138 2677
17184 4 2 17 29 2978 2725 3034 3032
17185 4 2 17 29 3086 3070 2451 2935
17186 4 2 17 29 2818 3034 2725 3032
17187 4 2 17 29 1201 2423 2708 2966
17188 4 2 17 29 3107 2455 2693 2630
17189 4 2 17 29 2461 2392 2602 2888
17190 4 2 17 29 2647 3036 2885 3008
17191 4 2 17 29 2599 2485 2708 2911
17192 4 2 17 29 2971 2616 3021 3100
17193 4 2 17 29 2450 3147 2517 2765
17194 4 2 17 29 2900 2474 3157 2993
17195 4 2 17 29 2456 2800 3105 2912
17196 4 2 17 29 2596 2953 2733 3050
17197 4 2 17 29 3043 2994 2916 2753
17198 4 2 17 29 3130 3069 2357 2855
17199 4 2 17 29 2524 2471 2931 3049
17200 4 2 17 29 3000 3134 2703 3161
17201 4 2 17 29 2438 2910 3059 3054
17202 4 2 17 29 3102 2998 2956 2790
17203 4 2 17 29 2637 3040 2953 2862
17204 4 2 17 29 3048 2714 2860 3021
17205 4 2 17 29 2985 3143 2509 2941
17206 4 2 17 29 3062 2409 2639 2517
17207 4 2 17 29 2602 3081 2879 2989
17208 4 2 17 29 2948 2694 2939 2369
17209 4 2 17 29 3079 2850 3022 2734
17210 4 2 17 29 2619 2492 3061 2835
17211 4 2 17 29 2929 2395 3146 2431
17212 4 2 17 29 2977 2428 2857 2571
17213 4 2 17 29 3043 2916 3125 2753
17214 4 2 17 29 3076 2585 2368 3161
17215 4 2 17 29 2660 2980 3142 3012
17216 4 2 17 29 2714 3048 2995 3021
17217 4 2 17 29 2969 2514 3040 2760
17218 4 2 17 29 2552 2613 2673 2997
17219 4 2 17 29 2441 3044 3040 2899
17220 4 2 17 29 2543 2396 2603 3086
17221 4 2 17 29 2679 2449 2749 3026
17222 4 2 17 29 2567 2586 3058 2807
17223 4 2 17 29 2998 3081 2392 2888
17224 4 2 17 29 2644 2857 2976 2428
17225 4 2 17 29 2628 3074 2985 2941
17226 4 2 17 29 2815 2547 2899 2760
17227 4 2 17 29 3151 3170 2460 2858
17228 4 2 17 29 2674 2980 2625 2916
17229 4 2 17 29 3091 2624 3025 3024
17230 4 2 17 29 2822 3045 2698 2446
17231 4 2 17 29 3118 2942 2842 2843
17232 4 2 17 29 2547 3095 2665 2412
17233 4 2 17 29 1189 1190 2661 2979
17234 4 2 17 29 3147 2450 2859 3016
17235 4 2 17 29 1203 2925 3015 2444
17236 4 2 17 29 2571 2428 2658 2977
17237 4 2 17 29 2503 2994 2753 2916
17238 4 2 17 29 2654 2467 2566 3118
17239 4 2 17 29 2630 2629 2858 2943
17240 4 2 17 29 2387 3023 3024 3158
17241 4 2 17 29 3080 2766 2657 2944
17242 4 2 17 29 2983 2381 2973 2554
17243 4 2 17 29 2890 2829 2401 3045
17244 4 2 17 29 2451 2685 3086 2935
17245 4 2 17 29 2596 2656 2972 2505
17246 4 2 17 29 2516 2562 2773 3126
17247 4 2 17 29 2904 3061 2619 2993
17248 4 2 17 29 2526 2653 2899 3072
17249 4 2 17 29 3161 2493 2368 2867
17250 4 2 17 29 2754 3074 2927 3141
17251 4 2 17 29 2474 2962 2487 3157
17252 4 2 17 29 2909 2785 2530 2784
17253 4 2 17 29 2689 2924 3117 3148
17254 4 2 17 29 2593 2529 2690 3009
17255 4 2 17 29 3013 2640 2937 3135
17256 4 2 17 29 2575 3134 2828 3079
17257 4 2 17 29 2814 3150 2996 2454
17258 4 2 17 29 2994 2503 3155 2916
17259 4 2 17 29 2499 2894 2846 3179
17260 4 2 17 29 2801 2647 3008 2913
17261 4 2 17 29 2856 2600 2655 2358
17262 4 2 17 29 3069 2764 3130 2357
17263 4 2 17 29 2946 2742 3017 2654
17264 4 2 17 29 2633 2704 2467 3020
17265 4 2 17 29 2615 2438 2700 2910
17266 4 2 17 29 2978 2498 3128 3067
17267 4 2 17 29 2476 2524 2609 2931
17268 4 2 17 29 2428 2892 2705 2977
17269 4 2 17 29 2568 3031 3003 2883
17270 4 2 17 29 2653 2526 2795 3072
17271 4 2 17 29 3016 2678 2710 2903
17272 4 2 17 29 2607 2446 3045 3041
17273 4 2 17 29 2874 2381 2983 2762
17274 4 2 17 29 2773 2562 3089 3126
17275 4 2 17 29 2667 2496 3012 2980
17276 4 2 17 29 2407 2618 2659 3006
17277 4 2 17 29 2774 3011 2942 2462
17278 4 2 17 29 3011 2627 2945 2884
17279 4 2 17 29 3085 3029 2974 2570
17280 4 2 17 29 2757 3126 2939 3162
17281 4 2 17 29 2896 2452 2938 2667
17282 4 2 17 29 2383 2692 2796 3055
17283 4 2 17 29 2478 2904 2619 2993
17284 4 2 17 29 2585 2540 2703 3000
17285 4 2 17 29 2539 2938 2667 3012
17286 4 2 17 29 2445 3029 2570 2974
17287 4 2 17 29 2798 3034 2818 2864
17288 4 2 17 29 2396 3086 2935 2989
17289 4 2 17 29 2901 2717 3023 3024
17290 4 2 17 29 1197 2426 2427 2920
17291 4 2 17 29 2599 2911 3093 2871
17292 4 2 17 29 2749 2449 2752 2964
17293 4 2 17 29 2653 3044 2441 2899
17294 4 2 17 29 2749 2752 3098 2964
17295 4 2 17 29 2929 2701 3108 2395
17296 4 2 17 29 2731 2595 2764 3069
17297 4 2 17 29 3105 2555 2943 3102
17298 4 2 17 29 3162 2671 2870 3167
17299 4 2 17 29 2543 2879 2604 3086
17300 4 2 17 29 2547 2898 3047 2969
17301 4 2 17 29 3018 2625 2980 2916
17302 4 2 17 29 2439 2563 2614 2914
17303 4 2 17 29 2369 2493 3161 2948
17304 4 2 17 29 3142 3039 2684 2923
17305 4 2 17 29 3082 3009 3156 2593
17306 4 2 17 29 2515 3052 3127 2861
17307 4 2 17 29 2364 2533 3170 2789
17308 4 2 17 29 2936 2761 2528 3150
17309 4 2 17 29 2394 2705 2428 2892
17310 4 2 17 29 2863 2774 3011 2942
17311 4 2 17 29 3010 2595 2855 2529
17312 4 2 17 29 2712 2448 2759 2947
17313 4 2 17 29 3098 2752 2404 2576
17314 4 2 17 29 2758 1208 2915 2439
17315 4 2 17 29 2654 2463 2946 2742
17316 4 2 17 29 2860 2715 2714 2415
17317 4 2 17 29 2542 2615 2756 3112
17318 4 2 17 29 3062 2984 2517 3147
17319 4 2 17 29 2431 3088 3063 2878
17320 4 2 17 29 2560 2431 3063 2878
17321 4 2 17 29 2700 3093 2910 3054
17322 4 2 17 29 3124 2707 2600 2856
17323 4 2 17 29 2537 3065 2906 2940
17324 4 2 17 29 2395 2621 2731 2886
17325 4 2 17 29 3041 2952 3045 2607
17326 4 2 17 29 2983 2390 2737 2941
17327 4 2 17 29 2860 2715 2415 3046
17328 4 2 17 29 2741 2608 2797 3084
17329 4 2 17 29 3024 2900 2479 2827
17330 4 2 17 29 2574 3050 3094 2505
17331 4 2 17 29 2704 2908 2467 3020
17332 4 2 17 29 2409 3062 2881 2984
17333 4 2 17 29 2637 2514 2760 3040
17334 4 2 17 29 3122 2744 3121 2464
17335 4 2 17 29 2888 2778 2998 3102
17336 4 2 17 29 2705 2658 2428 2977
17337 4 2 17 29 2386 3051 2619 2904
17338 4 2 17 29 2892 2394 2976 2428
17339 4 2 17 29 2473 2753 2994 3043
17340 4 2 17 29 2579 2874 3146 3088
17341 4 2 17 29 2860 2715 3046 3021
17342 4 2 17 29 2607 2446 2698 3045
17343 4 2 17 29 3054 2721 2379 2945
17344 4 2 17 29 3095 2623 3175 3027
17345 4 2 17 29 2514 2637 2862 3040
17346 4 2 17 29 2855 2357 2608 2592
17347 4 2 17 29 2994 2503 2753 2473
17348 4 2 17 29 3103 2625 3018 2916
17349 4 2 17 29 2425 2965 2893 2719
17350 4 2 17 29 2471 2643 2931 3099
17351 4 2 17 29 2564 2410 2906 2974
17352 4 2 17 29 2820 2582 2981 2924
17353 4 2 17 29 2988 3107 2470 3108
17354 4 2 17 29 2638 2862 2709 2425
17355 4 2 17 29 2921 3058 2588 3057
17356 4 2 17 29 2948 3053 2872 2694
17357 4 2 17 29 2768 2984 2499 3179
17358 4 2 17 29 3062 2881 2973 2639
17359 4 2 17 29 2943 2555 2990 3102
17360 4 2 17 29 2599 2708 2420 2911
17361 4 2 17 29 2427 2532 2601 2958
17362 4 2 17 29 2363 2484 2982 3020
17363 4 2 17 29 2443 2625 2916 2674
17364 4 2 17 29 3149 2526 2672 2385
17365 4 2 17 29 2677 1202 3138 3172
17366 4 2 17 29 3108 2929 2395 2886
17367 4 2 17 29 2904 2996 3115 2620
17368 4 2 17 29 2438 2615 2837 3059
17369 4 2 17 29 2818 3032 2418 2864
17370 4 2 17 29 2452 2539 2938 2667
17371 4 2 17 29 2414 2960 3127 3139
17372 4 2 17 29 2442 2549 2510 2923
17373 4 2 17 29 2914 2614 1207 2495
17374 4 2 17 29 2513 3077 2981 3089
17375 4 2 17 29 3066 2411 2918 3065
17376 4 2 17 29 2445 2644 2571 2857
17377 4 2 17 29 2907 2373 3132 3028
17378 4 2 17 29 2937 2873 2416 3173
17379 4 2 17 29 3118 2467 2566 2908
17380 4 2 17 29 2530 3032 2909 2784
17381 4 2 17 29 1185 1184 1205 2490
17382 4 2 17 29 3011 2627 3121 2945
17383 4 2 17 29 2468 2905 2658 2867
17384 4 2 17 29 2388 2454 3091 2876
17385 4 2 17 29 2521 2555 2943 3105
17386 4 2 17 29 2357 2855 2711 2592
17387 4 2 17 29 2975 2379 2945 2871
17388 4 2 17 29 2582 3039 3116 2924
17389 4 2 17 29 2528 2936 3150 3159
17390 4 2 17 29 1192 1212 187 3060
17391 4 2 17 29 3147 2984 2768 3179
17392 4 2 17 29 2924 3077 2820 2422
17393 4 2 17 29 3162 2542 3112 2870
17394 4 2 17 29 3045 2952 2504 2607
17395 4 2 17 29 2875 2835 3061 2492
17396 4 2 17 29 2367 2988 2693 2470
17397 4 2 17 29 3002 2440 2670 2922
17398 4 2 17 29 3123 2805 2868 3144
17399 4 2 17 29 3039 3038 3142 2684
17400 4 2 17 29 2703 2540 2828 3134
17401 4 2 17 29 2395 2701 3108 2538
17402 4 2 17 29 2451 2631 3070 2716
17403 4 2 17 29 2980 3142 2561 2660
17404 4 2 17 29 2744 3122 2776 2464
17405 4 2 17 29 2529 2595 2621 3010
17406 4 2 17 29 2836 3082 2380 2719
17407 4 2 17 29 2503 2839 2994 3155
17408 4 2 17 29 2775 3104 2881 3143
17409 4 2 17 29 3048 3071 2960 2826
17410 4 2 17 29 2544 2415 2715 3046
17411 4 2 17 29 2438 2615 3059 2910
17412 4 2 17 29 2910 3112 2615 3059
17413 4 2 17 29 2984 2809 2499 3104
17414 4 2 17 29 3127 2459 2515 2861
17415 4 2 17 29 2768 2499 2846 3179
17416 4 2 17 29 3146 2579 3088 2431
17417 4 2 17 29 3131 2401 3097 2824
17418 4 2 17 29 2901 2389 2902 1214
17419 4 2 17 29 3091 2454 3115 2876
17420 4 2 17 29 2769 2956 2885 2790
17421 4 2 17 29 185 2925 1202 1222
17422 4 2 17 29 2775 2553 2809 3104
17423 4 2 17 29 2383 3150 3055 3159
17424 4 2 17 29 2793 2676 2416 2987
17425 4 2 17 29 2835 2386 3051 2619
17426 4 2 17 29 2450 2487 2361 2962
17427 4 2 17 29 2562 2513 2773 3089
17428 4 2 17 29 2520 2641 2758 2915
17429 4 2 17 29 2620 3115 2904 2991
17430 4 2 17 29 2542 3162 2756 2376
17431 4 2 17 29 2540 2855 2608 3001
17432 4 2 17 29 2473 2503 2839 2994
17433 4 2 17 29 3011 2465 3101 2831
17434 4 2 17 29 2650 2382 2771 3005
17435 4 2 17 29 2508 3118 2946 3101
17436 4 2 17 29 2554 2381 2973 2639
17437 4 2 17 29 3026 2750 3099 2930
17438 4 2 17 29 2418 3032 2781 2864
17439 4 2 17 29 2457 3105 2555 2521
17440 4 2 17 29 2529 2357 2855 2711
17441 4 2 17 29 2662 2986 2591 1211
17442 4 2 17 29 2813 3123 2435 2805
17443 4 2 17 29 2383 2556 2692 3055
17444 4 2 17 29 3095 2547 2665 2969
17445 4 2 17 29 2552 2997 2894 3004
17446 4 2 17 29 3115 2996 3150 2454
17447 4 2 17 29 2933 2756 3112 3162
17448 4 2 17 29 2878 2560 2431 2390
17449 4 2 17 29 2893 2972 2425 2398
17450 4 2 17 29 2631 2421 3092 3074
17451 4 2 17 29 2388 2454 3115 3091
17452 4 2 17 29 2527 2526 2672 3072
17453 4 2 17 29 2374 2999 2792 2663
17454 4 2 17 29 2946 2681 3101 3003
17455 4 2 17 29 3121 3011 2863 2464
17456 4 2 17 29 3095 2623 3027 2665
17457 4 2 17 29 3094 2704 2417 2574
17458 4 2 17 29 3113 1217 2427 2958
17459 4 2 17 29 2504 2365 2607 2952
17460 4 2 17 29 2731 2621 2595 3010
17461 4 2 17 29 2855 2357 2540 2608
17462 4 2 17 29 2463 2508 2654 2946
17463 4 2 17 29 2429 2507 2525 3160
17464 4 2 17 29 2511 2483 2399 2982
17465 4 2 17 29 2564 2445 2570 2974
17466 4 2 17 29 2505 2656 2972 2865
17467 4 2 17 29 2463 2732 2946 2742
17468 4 2 17 29 3154 2961 3049 2589
17469 4 2 17 29 2434 2646 2691 2905
17470 4 2 17 29 2870 2376 2671 3162
17471 4 2 17 29 2862 2847 2514 3027
17472 4 2 17 29 2910 2718 2377 2615
17473 4 2 17 29 2607 2365 2644 2952
17474 4 2 17 29 2940 2371 2706 2537
17475 4 2 17 29 2408 3154 3049 2589
17476 4 2 17 29 2894 2673 2846 2997
17477 4 2 17 29 2988 2367 2459 2861
17478 4 2 17 29 2686 3169 2882 2964
17479 4 2 17 29 2915 2641 3096 3035
17480 4 2 17 29 2419 2615 3112 2756
17481 4 2 17 29 2615 3080 3112 2910
17482 4 2 17 29 3152 3010 2621 3146
17483 4 2 17 29 3121 2541 2934 2945
17484 4 2 17 29 2357 2529 2855 2595
17485 4 2 17 29 2480 2510 2549 2923
17486 4 2 17 29 2445 3029 2974 2857
17487 4 2 17 29 3104 2509 2985 3143
17488 4 2 17 29 2635 2425 2719 2965
17489 4 2 17 29 2400 2995 2803 2949
17490 4 2 17 29 3049 2961 3178 2589
17491 4 2 17 29 2420 2377 2599 3111
17492 4 2 17 29 3178 2961 2845 2589
17493 4 2 17 29 3075 3160 2525 2887
17494 4 2 17 29 186 2614 1187 1207
17495 4 2 17 29 2419 3112 3080 2933
17496 4 2 17 29 2476 2931 3049 2524
17497 4 2 17 29 2526 3149 2672 3072
17498 4 2 17 29 2919 3043 2791 2994
17499 4 2 17 29 2983 2390 2554 2737
17500 4 2 17 29 2728 2498 3067 3128
17501 4 2 17 29 3007 2522 3163 2864
17502 4 2 17 29 2778 2998 3102 2790
17503 4 2 17 29 2615 3080 2419 3112
17504 4 2 17 29 3118 3119 2942 2843
17505 4 2 17 29 3071 2803 2995 3097
17506 4 2 17 29 2716 3086 2391 2927
17507 4 2 17 29 2405 2613 2686 3169
17508 4 2 17 29 2631 2421 2736 3092
17509 4 2 17 29 2776 3002 2483 3120
17510 4 2 17 29 3147 2765 2963 3179
17511 4 2 17 29 2524 2408 2679 3049
17512 4 2 17 29 2525 3044 2403 2887
17513 4 2 17 29 2459 3127 2988 2861
17514 4 2 17 29 2496 2667 2802 2980
17515 4 2 17 29 2628 2509 2941 2985
17516 4 2 17 29 2956 2519 2885 3008
17517 4 2 17 29 2697 2478 2746 2991
17518 4 2 17 29 2380 3082 2965 2719
17519 4 2 17 29 2838 2870 2670 3174
17520 4 2 17 29 3160 2429 2733 3050
17521 4 2 17 29 3127 3133 2960 2414
17522 4 2 17 29 3056 2898 2955 2548
17523 4 2 17 29 2450 3147 2765 2963
17524 4 2 17 29 2864 3007 2522 2799
17525 4 2 17 29 2524 2471 2609 2931
17526 4 2 17 29 2897 2724 3176 2996
17527 4 2 17 29 2912 2456 2606 2459
17528 4 2 17 29 2379 2523 2721 3054
17529 4 2 17 29 2826 3071 2580 2436
17530 4 2 17 29 2913 2647 3008 3036
17531 4 2 17 29 2845 3177 2961 3178
17532 4 2 17 29 2631 3074 3092 2927
17533 4 2 17 29 2593 2380 2836 3082
17534 4 2 17 29 2657 2419 3080 2933
17535 4 2 17 29 2733 2507 3160 2953
17536 4 2 17 29 191 187 1212 3060
17537 4 2 17 29 2525 3044 2507 2403
17538 4 2 17 29 2380 2635 2719 2965
17539 4 2 17 29 3108 2470 2367 2538
17540 4 2 17 29 2787 2935 3063 2364
17541 4 2 17 29 192 188 1217 3068
17542 4 2 17 29 2497 2714 2860 3048
17543 4 2 17 29 2829 2550 3164 2890
17544 4 2 17 29 3082 2593 2875 3153
17545 4 2 17 29 3022 2440 3002 2922
17546 4 2 17 29 2528 2936 3159 3095
17547 4 2 17 29 2536 2872 2773 2424
17548 4 2 17 29 2390 2431 3088 2762
17549 4 2 17 29 3163 2849 3007 3075
17550 4 2 17 29 2644 3041 2445 2607
17551 4 2 17 29 2474 2962 3157 2993
17552 4 2 17 29 2870 2376 2542 2671
17553 4 2 17 29 2907 2823 3131 3132
17554 4 2 17 29 1191 1210 2407 1190
17555 4 2 17 29 2925 185 189 1222
17556 4 2 17 29 2566 2783 2807 3017
17557 4 2 17 29 2858 2470 3108 2651
17558 4 2 17 29 2457 3105 2956 3102
17559 4 2 17 29 2628 2509 2735 2941
17560 4 2 17 29 1212 2662 2926 2472
17561 4 2 17 29 3059 2542 3112 2615
17562 4 2 17 29 2538 2886 2731 3114
17563 4 2 17 29 2861 2515 3052 2976
17564 4 2 17 29 2623 2665 2847 3027
17565 4 2 17 29 3014 2402 2957 3007
17566 4 2 17 29 2632 2842 3118 2508
17567 4 2 17 29 2681 2772 3101 3003
17568 4 2 17 29 2929 3146 3088 2431
17569 4 2 17 29 2533 2460 2642 3151
17570 4 2 17 29 3094 2745 2466 2704
17571 4 2 17 29 2382 2553 2628 2985
17572 4 2 17 29 3160 3075 2525 2573
17573 4 2 17 29 2696 2724 2491 2996
17574 4 2 17 29 2386 2478 2620 2904
17575 4 2 17 29 2454 3150 3115 2876
17576 4 2 17 29 2863 3020 2633 2942
17577 4 2 17 29 2509 3104 2985 2553
17578 4 2 17 29 2434 2706 2940 2834
17579 4 2 17 29 2961 2695 2808 3157
17580 4 2 17 29 3014 2957 2601 3113
17581 4 2 17 29 1195 2413 3056 2672
17582 4 2 17 29 2930 2750 2535 2404
17583 4 2 17 29 2508 2842 3118 3101
17584 4 2 17 29 2869 2992 2811 2944
17585 4 2 17 29 2595 3069 2731 3010
17586 4 2 17 29 2908 2467 2745 2704
17587 4 2 17 29 2376 2671 3162 3167
17588 4 2 17 29 1195 1194 1215 2902
17589 4 2 17 29 2725 2531 2726 2978
17590 4 2 17 29 2460 2533 2789 3170
17591 4 2 17 29 2468 2658 2368 2867
17592 4 2 17 29 3048 2786 2995 3071
17593 4 2 17 29 3141 2754 3074 2877
17594 4 2 17 29 2575 2703 2828 3134
17595 4 2 17 29 2773 2513 2821 3089
17596 4 2 17 29 3141 2659 2754 2618
17597 4 2 17 29 2474 2962 2993 2487
17598 4 2 17 29 3059 2838 2837 3174
17599 4 2 17 29 2732 2681 2946 2883
17600 4 2 17 29 2482 2561 2852 3166
17601 4 2 17 29 2401 2550 2829 2890
17602 4 2 17 29 2523 3093 3054 2871
17603 4 2 17 29 3080 2615 2718 2910
17604 4 2 17 29 2927 3070 3092 2631
17605 4 2 17 29 2886 2395 3108 2538
17606 4 2 17 29 2774 2464 3011 2611
17607 4 2 17 29 2419 2615 2718 3080
17608 4 2 17 29 2536 2872 2694 2939
17609 4 2 17 29 2513 2820 2981 3077
17610 4 2 17 29 2357 2747 3130 2855
17611 4 2 17 29 2876 2388 2556 3091
17612 4 2 17 29 3086 2716 2391 2543
17613 4 2 17 29 2767 2878 3070 3092
17614 4 2 17 29 2616 2715 3021 2713
17615 4 2 17 29 2508 2681 2772 3101
17616 4 2 17 29 2915 3036 2520 3035
17617 4 2 17 29 2436 2786 2826 3071
17618 4 2 17 29 2519 2956 2699 3008
17619 4 2 17 29 2395 2621 2886 3146
17620 4 2 17 29 2924 2689 3039 3148
17621 4 2 17 29 2728 3128 3067 3057
17622 4 2 17 29 2381 3153 2492 2690
17623 4 2 17 29 2584 2585 2830 3076
17624 4 2 17 29 2396 3151 2533 2642
17625 4 2 17 29 2357 2540 2747 2855
17626 4 2 17 29 2408 2678 2679 2903
17627 4 2 17 29 2615 2377 2910 2700
17628 4 2 17 29 2462 2611 2774 3011
17629 4 2 17 29 2760 2547 2899 2969
17630 4 2 17 29 2492 2380 2593 2875
17631 4 2 17 29 1201 1202 3172 1221
17632 4 2 17 29 2813 3123 2805 2868
17633 4 2 17 29 2432 2724 2814 3176
17634 4 2 17 29 1201 3172 2677 2423
17635 4 2 17 29 2450 2710 2487 2962
17636 4 2 17 29 1199 1200 2959 1220
17637 4 2 17 29 2421 2628 2941 3074
17638 4 2 17 29 2678 2449 2903 2964
17639 4 2 17 29 2389 3025 2556 2624
17640 4 2 17 29 1200 1201 2708 1220
17641 4 2 17 29 2561 3142 2980 3166
17642 4 2 17 29 2600 2473 3043 2655
17643 4 2 17 29 2621 2579 3152 3146
17644 4 2 17 29 2614 186 190 1207
17645 4 2 17 29 1186 1205 2590 1185
17646 4 2 17 29 2912 2459 2988 2693
17647 4 2 17 29 2399 2880 2511 2982
17648 4 2 17 29 2527 3072 2954 3073
17649 4 2 17 29 3036 2520 3037 2915
17650 4 2 17 29 2556 2624 3091 2388
17651 4 2 17 29 3046 2722 2713 2544
17652 4 2 17 29 2657 2516 2755 2933
17653 4 2 17 29 3147 2450 3016 2963
17654 4 2 17 29 2981 2821 2872 3053
17655 4 2 17 29 2909 2785 3128 2530
17656 4 2 17 29 3047 2815 2547 2899
17657 4 2 17 29 3076 3000 3130 2584
17658 4 2 17 29 1183 2444 185 1203
17659 4 2 17 29 2998 2885 2956 2790
17660 4 2 17 29 2542 3059 3112 2870
17661 4 2 17 29 3157 2961 3154 2808
17662 4 2 17 29 3094 2908 2745 2704
17663 4 2 17 29 2786 2497 2826 3048
17664 4 2 17 29 3107 2693 2988 2470
17665 4 2 17 29 3127 2581 3052 2515
17666 4 2 17 29 1189 1190 2979 1210
17667 4 2 17 29 2799 3007 2522 2779
17668 4 2 17 29 2679 2408 2903 3049
17669 4 2 17 29 2361 2487 2682 2962
17670 4 2 17 29 2863 2484 2776 2774
17671 4 2 17 29 3059 2838 3174 2870
17672 4 2 17 29 2774 2863 2633 2942
17673 4 2 17 29 2522 2417 2849 3163
17674 4 2 17 29 2502 3140 2780 2430
17675 4 2 17 29 2920 2622 3129 3067
17676 4 2 17 29 2903 2710 3154 2408
17677 4 2 17 29 2386 2996 2620 2696
17678 4 2 17 29 2935 3170 3063 2364
17679 4 2 17 29 2680 3169 2964 2963
17680 4 2 17 29 2747 3130 3000 2584
17681 4 2 17 29 2897 3171 2491 3051
17682 4 2 17 29 3167 2666 2850 2866
17683 4 2 17 29 2727 2498 2728 3128
17684 4 2 17 29 2876 2383 3150 3055
17685 4 2 17 29 1196 1215 2501 1195
17686 4 2 17 29 2691 2999 3042 2663
17687 4 2 17 29 2623 2687 3175 2384
17688 4 2 17 29 1208 186 2614 1188
17689 4 2 17 29 2403 2507 2653 3044
17690 4 2 17 29 2506 2712 2759 3030
17691 4 2 17 29 2657 2419 2766 3080
17692 4 2 17 29 3027 2384 2965 2638
17693 4 2 17 29 2409 2554 2881 2639
17694 4 2 17 29 2503 2443 2625 2916
17695 4 2 17 29 3061 2619 3051 2904
17696 4 2 17 29 2923 2442 3142 3012
17697 4 2 17 29 2448 2947 2606 2459
17698 4 2 17 29 2485 3083 2959 1220
17699 4 2 17 29 3044 2525 3160 2887
17700 4 2 17 29 2767 3070 2631 3092
17701 4 2 17 29 3116 3053 2856 2358
17702 4 2 17 29 2577 2444 2794 2925
17703 4 2 17 29 2781 2418 2818 3032
17704 4 2 17 29 2586 2545 3058 2909
17705 4 2 17 29 3071 3139 2580 2890
17706 4 2 17 29 2796 3056 2652 3159
17707 4 2 17 29 2890 2829 3045 3164
17708 4 2 17 29 3121 2863 3122 2464
17709 4 2 17 29 2776 3122 3120 2863
17710 4 2 17 29 2631 3070 2716 2927
17711 4 2 17 29 2777 2637 3040 2953
17712 4 2 17 29 3053 3116 2578 2358
17713 4 2 17 29 3059 2838 2542 2837
17714 4 2 17 29 2752 2964 2882 3098
17715 4 2 17 29 3155 2839 2994 2393
17716 4 2 17 29 2657 2562 2516 2944
17717 4 2 17 29 3105 2457 2555 3102
17718 4 2 17 29 2735 2509 2737 3143
17719 4 2 17 29 2460 3170 2789 2651
17720 4 2 17 29 2765 2768 3179 3147
17721 4 2 17 29 3125 2443 2916 3166
17722 4 2 17 29 3139 2960 3071 2580
17723 4 2 17 29 2715 2860 2714 3021
17724 4 2 17 29 2589 2475 2808 2961
17725 4 2 17 29 2405 2846 3169 3179
17726 4 2 17 29 2393 2551 2839 2994
17727 4 2 17 29 2830 2658 2705 2977
17728 4 2 17 29 2393 2503 2816 3155
17729 4 2 17 29 3088 2579 2874 2762
17730 4 2 17 29 3094 2704 2574 2505
17731 4 2 17 29 2837 2934 2359 2541
17732 4 2 17 29 2981 2582 3116 2924
17733 4 2 17 29 2608 3001 3084 2634
17734 4 2 17 29 2979 1190 3078 1210
17735 4 2 17 29 2999 2834 3165 2435
17736 4 2 17 29 2678 2449 2679 2903
17737 4 2 17 29 3105 2943 2521 3106
17738 4 2 17 29 3145 3064 2806 2488
17739 4 2 17 29 2390 2560 2736 2878
17740 4 2 17 29 2898 2652 3056 3159
17741 4 2 17 29 3099 2535 2926 2930
17742 4 2 17 29 3121 2744 3122 2934
17743 4 2 17 29 3013 2937 2640 3090
17744 4 2 17 29 2467 2633 3119 2844
17745 4 2 17 29 2542 3162 2376 2870
17746 4 2 17 29 3177 2387 2477 2475
17747 4 2 17 29 2891 3077 2513 3089
17748 4 2 17 29 2819 2770 2394 2976
17749 4 2 17 29 2553 2509 2628 2985
17750 4 2 17 29 2896 2375 3018 2917
17751 4 2 17 29 2885 2636 2458 2647
17752 4 2 17 29 2648 2422 2820 3077
17753 4 2 17 29 2629 2555 2943 2455
17754 4 2 17 29 2537 3065 2664 2906
17755 4 2 17 29 2796 2817 3055 3159
17756 4 2 17 29 3084 2608 2634 2741
17757 4 2 17 29 2471 2750 3099 3026
17758 4 2 17 29 2715 2544 3046 2713
17759 4 2 17 29 1221 1202 3172 1222
17760 4 2 17 29 2508 2681 3101 2946
17761 4 2 17 29 2421 3074 2941 3092
17762 4 2 17 29 2408 2589 2808 3154
17763 4 2 17 29 2547 3095 2898 2969
17764 4 2 17 29 3091 2388 3024 2991
17765 4 2 17 29 2518 2447 2590 2950
17766 4 2 17 29 2714 2497 2860 2415
17767 4 2 17 29 2553 2499 2809 3104
17768 4 2 17 29 2590 2512 2951 2447
17769 4 2 17 29 3013 2480 2510 2640
17770 4 2 17 29 2465 3011 2884 2627
17771 4 2 17 29 2464 2774 3011 2863
17772 4 2 17 29 2909 2785 2545 3128
17773 4 2 17 29 2630 3107 2943 2858
17774 4 2 17 29 2412 2528 3159 3095
17775 4 2 17 29 2384 2687 3175 2897
17776 4 2 17 29 2755 2756 2933 3162
17777 4 2 17 29 2513 2821 3089 2981
17778 4 2 17 29 2719 2893 2425 2398
17779 4 2 17 29 2419 2657 2755 2933
17780 4 2 17 29 2757 2516 2773 3126
17781 4 2 17 29 2445 3029 2571 2570
17782 4 2 17 29 2394 2819 2976 2428
17783 4 2 17 29 3094 2704 2740 2417
17784 4 2 17 29 2994 3144 3155 2393
17785 4 2 17 29 2813 3123 3165 2435
17786 4 2 17 29 2525 3044 3160 2507
17787 4 2 17 29 2885 2519 2956 2769
17788 4 2 17 29 2734 3079 2399 2922
17789 4 2 17 29 2820 2821 2981 2578
17790 4 2 17 29 2366 2506 3035 2913
17791 4 2 17 29 1198 2469 2546 2921
17792 4 2 17 29 2551 2393 2805 3144
17793 4 2 17 29 3158 2900 2669 3157
17794 4 2 17 29 2466 3094 2740 3109
17795 4 2 17 29 2451 2685 2716 3086
17796 4 2 17 29 2714 2786 2995 3048
17797 4 2 17 29 2962 2859 2450 3016
17798 4 2 17 29 2987 2480 2683 3148
17799 4 2 17 29 1216 3113 1197 1196
17800 4 2 17 29 2999 3042 2905 2691
17801 4 2 17 29 3140 2840 3073 2887
17802 4 2 17 29 3156 2711 2855 2592
17803 4 2 17 29 2981 3053 3116 2578
17804 4 2 17 29 2449 2678 2680 2964
17805 4 2 17 29 2449 2680 2686 2964
17806 4 2 17 29 3018 2626 3103 2917
17807 4 2 17 29 2680 2450 2765 2963
17808 4 2 17 29 2428 2644 2857 2571
17809 4 2 17 29 3144 2805 2868 3145
17810 4 2 17 29 2706 3165 2940 2834
17811 4 2 17 29 3139 3127 2414 2581
17812 4 2 17 29 1218 1198 188 3068
17813 4 2 17 29 2466 2781 2783 2967
17814 4 2 17 29 2736 2941 2878 3092
17815 4 2 17 29 2482 3125 2655 3038
17816 4 2 17 29 2464 2541 2744 3121
17817 4 2 17 29 2394 2731 2764 3069
17818 4 2 17 29 2961 2695 3158 2475
17819 4 2 17 29 2391 2659 2754 3141
17820 4 2 17 29 3169 2846 2997 3179
17821 4 2 17 29 2828 3001 2634 2848
17822 4 2 17 29 2490 2917 2489 1184
17823 4 2 17 29 2674 2443 2852 3166
17824 4 2 17 29 2442 2561 2684 3142
17825 4 2 17 29 2666 2939 2536 2369
17826 4 2 17 29 2412 2623 3095 2665
17827 4 2 17 29 2736 2631 3092 2767
17828 4 2 17 29 1186 1205 1206 2590
17829 4 2 17 29 2934 2438 3054 2721
17830 4 2 17 29 3058 2909 2545 3057
17831 4 2 17 29 2695 2961 3158 3157
17832 4 2 17 29 2454 2383 2761 3150
17833 4 2 17 29 2435 3165 2999 3123
17834 4 2 17 29 2594 3035 2520 2730
17835 4 2 17 29 2856 2655 3125 3038
17836 4 2 17 29 2837 3174 2934 3059
17837 4 2 17 29 2547 2899 2969 3047
17838 4 2 17 29 2552 3005 2617 3004
17839 4 2 17 29 2372 2905 2468 2646
17840 4 2 17 29 2620 2478 2697 2991
17841 4 2 17 29 2365 2952 2976 2644
17842 4 2 17 29 2675 1187 1206 1186
17843 4 2 17 29 2939 2666 3167 2866
17844 4 2 17 29 3110 2656 2972 2398
17845 4 2 17 29 2555 2629 2943 2990
17846 4 2 17 29 2697 2388 2620 2991
17847 4 2 17 29 3128 2545 2909 3057
17848 4 2 17 29 2859 2450 2361 2962
17849 4 2 17 29 2475 2695 2808 2961
17850 4 2 17 29 2429 2525 2573 3160
17851 4 2 17 29 2410 2570 2572 3085
17852 4 2 17 29 3053 2821 2872 2424
17853 4 2 17 29 2379 2541 2945 2721
17854 4 2 17 29 3151 2642 2989 2990
17855 4 2 17 29 1213 1193 187 2763
17856 4 2 17 29 2547 3095 2412 2898
17857 4 2 17 29 3103 3155 2503 2916
17858 4 2 17 29 2982 2865 2511 2363
17859 4 2 17 29 2946 2508 2654 3118
17860 4 2 17 29 3121 2541 2627 2464
17861 4 2 17 29 2364 2533 2787 2935
17862 4 2 17 29 2603 2879 2543 3086
17863 4 2 17 29 2905 2372 2658 2977
17864 4 2 17 29 3132 2373 2823 2447
17865 4 2 17 29 2768 2517 2809 2984
17866 4 2 17 29 2389 2902 3025 2901
17867 4 2 17 29 1208 2614 2914 2439
17868 4 2 17 29 3070 2767 2631 2451
17869 4 2 17 29 3085 2537 2906 2940
17870 4 2 17 29 2408 2678 2903 2710
17871 4 2 17 29 3168 2606 2947 2912
17872 4 2 17 29 1211 2591 2662 1191
17873 4 2 17 29 2934 2359 3122 3174
17874 4 2 17 29 2513 2562 2645 3089
17875 4 2 17 29 2817 2796 2652 3159
17876 4 2 17 29 2482 2358 2583 3038
17877 4 2 17 29 2367 2988 2470 3108
17878 4 2 17 29 2607 2445 2702 3041
17879 4 2 17 29 2786 2826 3071 3048
17880 4 2 17 29 2934 2837 3059 2438
17881 4 2 17 29 2629 2460 2630 2858
17882 4 2 17 29 2662 1192 1211 1191
17883 4 2 17 29 2573 2574 3050 2968
17884 4 2 17 29 2554 2881 2983 3143
17885 4 2 17 29 2381 2983 2762 2554
17886 4 2 17 29 2408 2524 2589 3049
17887 4 2 17 29 190 186 2614 1208
17888 4 2 17 29 3177 2845 2475 2477
17889 4 2 17 29 2836 3156 2719 2592
17890 4 2 17 29 2643 2471 2750 3099
17891 4 2 17 29 3144 3123 2551 2994
17892 4 2 17 29 3063 2364 2431 2560
17893 4 2 17 29 2814 2724 2996 3176
17894 4 2 17 29 2699 2457 3105 2956
17895 4 2 17 29 2507 2441 2653 3044
17896 4 2 17 29 2419 2756 3112 2933
17897 4 2 17 29 2946 2681 3003 2883
17898 4 2 17 29 2719 2398 2797 2893
17899 4 2 17 29 3083 2485 2911 1220
17900 4 2 17 29 2459 2448 2947 2738
17901 4 2 17 29 2491 2897 3051 2996
17902 4 2 17 29 2410 2570 3085 2974
17903 4 2 17 29 2507 2429 2733 3160
17904 4 2 17 29 2480 2987 2683 2793
17905 4 2 17 29 2987 2937 2640 3135
17906 4 2 17 29 3126 2872 2536 2939
17907 4 2 17 29 2492 3061 2973 2639
17908 4 2 17 29 2432 2623 2687 3175
17909 4 2 17 29 2781 2530 2784 3032
17910 4 2 17 29 2551 2473 2839 2994
17911 4 2 17 29 3056 1195 2902 2692
17912 4 2 17 29 2412 2623 2833 3095
17913 4 2 17 29 2480 2510 2923 3135
17914 4 2 17 29 2879 3087 2604 3086
17915 4 2 17 29 3030 2415 2759 2506
17916 4 2 17 29 2680 2405 2686 3169
17917 4 2 17 29 3114 2538 2367 2770
17918 4 2 17 29 2537 3085 2906 2410
17919 4 2 17 29 3095 2833 2936 3175
17920 4 2 17 29 2387 2612 2827 3024
17921 4 2 17 29 2676 2423 2677 2873
17922 4 2 17 29 2555 2521 2943 2455
17923 4 2 17 29 2537 3085 2410 2572
17924 4 2 17 29 3020 3119 2633 2942
17925 4 2 17 29 2496 2667 3012 2539
17926 4 2 17 29 2611 2462 2831 3011
17927 4 2 17 29 2585 2747 3000 2584
17928 4 2 17 29 2693 2988 2912 3106
17929 4 2 17 29 2725 2978 3128 3032
17930 4 2 17 29 2513 2820 2821 2981
17931 4 2 17 29 2902 3056 2692 3055
17932 4 2 17 29 2840 2887 2841 3073
17933 4 2 17 29 2649 2552 2673 2894
17934 4 2 17 29 2541 2359 2744 2934
17935 4 2 17 29 2518 2950 2824 2447
17936 4 2 17 29 2481 3039 2689 3148
17937 4 2 17 29 2496 2980 2660 3012
17938 4 2 17 29 2492 2875 2593 3153
17939 4 2 17 29 2838 3059 2542 2870
17940 4 2 17 29 2881 2809 3104 2775
17941 4 2 17 29 2433 2580 2890 2550
17942 4 2 17 29 2868 3064 3145 2488
17943 4 2 17 29 3051 2386 2696 2996
17944 4 2 17 29 2714 2497 2786 3048
17945 4 2 17 29 2684 3038 2561 2482
17946 4 2 17 29 2545 2586 2785 2909
17947 4 2 17 29 3113 1216 1197 1217
17948 4 2 17 29 2441 2637 2760 3040
17949 4 2 17 29 2655 2856 2482 3038
17950 4 2 17 29 2930 3026 2749 3098
17951 4 2 17 29 2422 2582 2820 2924
17952 4 2 17 29 2869 2420 2911 3111
17953 4 2 17 29 2819 2515 3052 2365
17954 4 2 17 29 2738 2947 3127 3133
17955 4 2 17 29 2479 2474 2669 2900
17956 4 2 17 29 3008 3168 2801 2913
17957 4 2 17 29 2364 2533 2935 3170
17958 4 2 17 29 2686 2752 2964 2882
17959 4 2 17 29 3035 2494 2970 2748
17960 4 2 17 29 2465 3011 3101 2884
17961 4 2 17 29 2670 3002 2922 2483
17962 4 2 17 29 2707 3053 2578 2358
17963 4 2 17 29 3022 2666 2850 3167
17964 4 2 17 29 2503 2393 2839 3155
17965 4 2 17 29 2597 2945 2884 2975
17966 4 2 17 29 2840 3140 2502 2430
17967 4 2 17 29 3123 2805 2551 2435
17968 4 2 17 29 2628 2421 2832 3074
17969 4 2 17 29 2701 3063 2364 2431
17970 4 2 17 29 2477 2476 2610 3178
17971 4 2 17 29 2438 2541 2721 2934
17972 4 2 17 29 2746 2697 2991 2479
17973 4 2 17 29 2761 2432 2814 3176
17974 4 2 17 29 2388 2479 3024 2991
17975 4 2 17 29 2359 3002 3122 3174
17976 4 2 17 29 3013 2480 2640 3135
17977 4 2 17 29 2883 2568 3031 2587
17978 4 2 17 29 2922 2483 3120 2982
17979 4 2 17 29 2644 3041 2607 2952
17980 4 2 17 29 2396 2533 2935 2685
17981 4 2 17 29 2551 2393 3144 2994
17982 4 2 17 29 2376 2666 2671 3167
17983 4 2 17 29 2776 3122 2863 2464
17984 4 2 17 29 2577 2925 2794 3138
17985 4 2 17 29 2995 2436 2803 3071
17986 4 2 17 29 2508 2463 2681 2946
17987 4 2 17 29 3034 2532 3014 2798
17988 4 2 17 29 2633 2774 2942 2462
17989 4 2 17 29 2962 2450 2710 3016
17990 4 2 17 29 2366 2506 2594 3035
17991 4 2 17 29 2833 3095 2623 3175
17992 4 2 17 29 3066 2664 2906 2565
17993 4 2 17 29 2376 2939 2536 2666
17994 4 2 17 29 2859 2682 2993 2962
17995 4 2 17 29 188 192 1218 3068
17996 4 2 17 29 2791 3043 2473 2994
17997 4 2 17 29 2696 2491 3051 2996
17998 4 2 17 29 2436 2890 3097 3071
17999 4 2 17 29 2453 3013 2510 2640
18000 4 2 17 29 2845 2476 3178 2589
18001 4 2 17 29 2436 2890 2550 3097
18002 4 2 17 29 2550 2401 3097 2890
18003 4 2 17 29 2396 2543 2685 3086
18004 4 2 17 29 2913 2506 3035 3030
18005 4 2 17 29 2957 3007 2780 3140
18006 4 2 17 29 2502 3073 2954 2957
18007 4 2 17 29 2509 3104 2553 2775
18008 4 2 17 29 1192 2662 1211 1212
18009 4 2 17 29 2989 2461 2888 2990
18010 4 2 17 29 3100 2616 3021 2713
18011 4 2 17 29 2900 2746 2991 2479
18012 4 2 17 29 2863 2633 2484 2774
18013 4 2 17 29 2689 2422 2804 2924
18014 4 2 17 29 2736 2878 2767 3092
18015 4 2 17 29 2410 2564 2570 2974
18016 4 2 17 29 2406 2407 2895 2617
18017 4 2 17 29 2727 2978 2725 2498
18018 4 2 17 29 2576 3098 2882 2986
18019 4 2 17 29 2598 2379 2975 2871
18020 4 2 17 29 2421 2628 2735 2941
18021 4 2 17 29 2541 2837 2934 2438
18022 4 2 17 29 3123 2813 3165 2868
18023 4 2 17 29 2809 2768 2984 2499
18024 4 2 17 29 2801 3168 2712 2913
18025 4 2 17 29 2825 2884 2975 2597
18026 4 2 17 29 2625 3103 2503 2916
18027 4 2 17 29 2418 2781 2782 2864
18028 4 2 17 29 2483 2440 2734 2922
18029 4 2 17 29 2831 2772 2465 3101
18030 4 2 17 29 2878 2431 3088 2390
18031 4 2 17 29 2982 2483 3120 2484
18032 4 2 17 29 3071 2826 2580 2960
18033 4 2 17 29 2443 2503 2753 2916
18034 4 2 17 29 2862 2709 2637 2638
18035 4 2 17 29 2809 2984 2881 3104
18036 4 2 17 29 2549 2481 2683 3148
18037 4 2 17 29 2832 3074 2754 2877
18038 4 2 17 29 2390 3088 2983 2762
18039 4 2 17 29 2494 2854 2970 2748
18040 4 2 17 29 1205 1184 1204 2490
18041 4 2 17 29 2981 2821 3053 2578
18042 4 2 17 29 2409 2984 2809 2517
18043 4 2 17 29 2978 2726 3129 2531
18044 4 2 17 29 2718 3111 3080 2910
18045 4 2 17 29 2819 2861 2770 2976
18046 4 2 17 29 2656 2425 2972 2398
18047 4 2 17 29 2516 2755 2933 3126
18048 4 2 17 29 3115 2696 2620 2996
18049 4 2 17 29 3089 2821 2773 2872
18050 4 2 17 29 2623 2432 2833 3175
18051 4 2 17 29 2471 2679 2749 3026
18052 4 2 17 29 2440 3022 2734 2922
18053 4 2 17 29 3097 2803 2436 3071
18054 4 2 17 29 3143 2554 2775 2737
18055 4 2 17 29 2780 3007 2849 3075
18056 4 2 17 29 2399 2483 2734 2922
18057 4 2 17 29 2680 2405 3169 2963
18058 4 2 17 29 2396 3151 2935 2533
18059 4 2 17 29 3152 2529 3009 2690
18060 4 2 17 29 2922 2440 2670 2483
18061 4 2 17 29 2619 3051 2835 3061
18062 4 2 17 29 3030 2415 3046 2860
18063 4 2 17 29 3032 2909 3128 2530
18064 4 2 17 29 3076 2585 3000 2584
18065 4 2 17 29 2678 2450 2680 3016
18066 4 2 17 29 2445 2564 2702 2974
18067 4 2 17 29 3007 2780 3140 3075
18068 4 2 17 29 3094 2740 3109 2968
18069 4 2 17 29 2400 2616 3021 2949
18070 4 2 17 29 2654 2508 2632 3118
18071 4 2 17 29 2613 2882 2576 2686
18072 4 2 17 29 2445 2702 3041 2974
18073 4 2 17 29 2374 3042 2999 2663
18074 4 2 17 29 2696 2454 2814 2996
18075 4 2 17 29 2401 2822 3131 3045
18076 4 2 17 29 2401 2550 3097 2720
18077 4 2 17 29 3038 2684 2561 3142
18078 4 2 17 29 2689 3117 2486 3148
18079 4 2 17 29 2757 3126 2773 2536
18080 4 2 17 29 2474 2479 2746 2900
18081 4 2 17 29 2479 2388 2697 2991
18082 4 2 17 29 2480 2923 2549 3135
18083 4 2 17 29 3133 2860 3048 2497
18084 4 2 17 29 2585 3000 2703 3161
18085 4 2 17 29 2401 2698 2822 3045
18086 4 2 17 29 2702 2446 3041 2907
18087 4 2 17 29 2571 2977 2372 3029
18088 4 2 17 29 2755 2516 2757 3126
18089 4 2 17 29 2379 2541 2627 2945
18090 4 2 17 29 2881 2554 2409 2775
18091 4 2 17 29 2366 2594 2730 3035
18092 4 2 17 29 2808 2487 3157 2695
18093 4 2 17 29 2456 2912 3105 3106
18094 4 2 17 29 3115 2696 2454 2620
18095 4 2 17 29 2897 2491 2724 2996
18096 4 2 17 29 2672 1215 1195 2501
18097 4 2 17 29 3147 2517 3062 2859
18098 4 2 17 29 2976 2819 3052 2365
18099 4 2 17 29 2735 2737 2390 2941
18100 4 2 17 29 2892 2394 2764 3069
18101 4 2 17 29 1193 2932 2437 2763
18102 4 2 17 29 2539 2510 2605 3013
18103 4 2 17 29 3133 2826 2497 3048
18104 4 2 17 29 2466 3094 2704 2740
18105 4 2 17 29 2648 2513 2891 3077
18106 4 2 17 29 2536 2872 2424 2694
18107 4 2 17 29 2680 3169 2686 2964
18108 4 2 17 29 2533 2787 2935 2451
18109 4 2 17 29 2506 2366 2712 2913
18110 4 2 17 29 3150 2936 2761 3176
18111 4 2 17 29 2524 2476 2589 3049
18112 4 2 17 29 2919 2374 2999 2792
18113 4 2 17 29 2521 2456 3105 3106
18114 4 2 17 29 2766 2811 2944 2869
18115 4 2 17 29 2913 2506 3030 2712
18116 4 2 17 29 2781 2466 2782 2967
18117 4 2 17 29 2643 3136 2535 2534
18118 4 2 17 29 2771 2877 2618 3005
18119 4 2 17 29 2504 2607 2698 3045
18120 4 2 17 29 2589 2808 3154 2961
18121 4 2 17 29 2872 2821 2773 2424
18122 4 2 17 29 2432 2687 2724 3176
18123 4 2 17 29 3164 2952 3052 2365
18124 4 2 17 29 2735 2509 3143 2941
18125 4 2 17 29 2786 2436 2995 3071
18126 4 2 17 29 2487 2710 2808 3154
18127 4 2 17 29 2793 2937 2640 2987
18128 4 2 17 29 2383 2528 2761 3150
18129 4 2 17 29 2484 2363 2633 3020
18130 4 2 17 29 2474 2487 2695 3157
18131 4 2 17 29 2513 2648 2820 3077
18132 4 2 17 29 2923 3012 3013 2510
18133 4 2 17 29 2904 2619 2386 2478
18134 4 2 17 29 2893 3156 2797 2592
18135 4 2 17 29 2493 2948 2707 3124
18136 4 2 17 29 3168 2801 2712 2606
18137 4 2 17 29 2597 2465 2825 2884
18138 4 2 17 29 2811 2766 2944 2370
18139 4 2 17 29 2550 2433 2829 3164
18140 4 2 17 29 3051 2386 2491 2696
18141 4 2 17 29 3043 2473 2600 2791
18142 4 2 17 29 2599 2911 2871 3083
18143 4 2 17 29 2375 2667 2668 2896
18144 4 2 17 29 2746 2474 2900 2993
18145 4 2 17 29 2457 2555 3102 2778
18146 4 2 17 29 2561 2674 2852 3166
18147 4 2 17 29 3133 3127 2738 2414
18148 4 2 17 29 2849 3163 2968 3075
18149 4 2 17 29 2859 2361 2682 2962
18150 4 2 17 29 2885 2458 3036 2647
18151 4 2 17 29 2783 2781 2784 2967
18152 4 2 17 29 2655 2856 2358 2482
18153 4 2 17 29 2900 2474 2669 3157
18154 4 2 17 29 2924 2804 2689 3117
18155 4 2 17 29 2687 2432 3175 3176
18156 4 2 17 29 3009 3153 3152 2690
18157 4 2 17 29 2421 2631 2754 3074
18158 4 2 17 29 2678 2450 3016 2710
18159 4 2 17 29 3079 2828 2575 2848
18160 4 2 17 29 2388 2620 2991 3115
18161 4 2 17 29 3156 2836 3082 2593
18162 4 2 17 29 2881 2409 2809 2775
18163 4 2 17 29 2540 2634 2828 3001
18164 4 2 17 29 2564 2565 2906 2410
18165 4 2 17 29 2851 2406 2576 3004
18166 4 2 17 29 3084 2608 2797 2592
18167 4 2 17 29 2432 2761 2936 3176
18168 4 2 17 29 2923 3148 3039 2549
18169 4 2 17 29 3015 2444 2925 2938
18170 4 2 17 29 2499 2553 2649 2894
18171 4 2 17 29 3036 2458 2520 2647
18172 4 2 17 29 2853 3125 2443 2753
18173 4 2 17 29 2540 2828 3134 3001
18174 4 2 17 29 2996 2386 2620 2904
18175 4 2 17 29 2635 2965 2638 2425
18176 4 2 17 29 2585 2830 3076 2368
18177 4 2 17 29 2532 2799 3014 2798
18178 4 2 17 29 2531 2725 3034 2978
18179 4 2 17 29 2521 2455 3106 2943
18180 4 2 17 29 2880 2741 2634 2399
18181 4 2 17 29 2661 2979 2998 3037
18182 4 2 17 29 2383 2876 3150 2454
18183 4 2 17 29 2645 2513 3089 2891
18184 4 2 17 29 2457 2521 2699 3105
18185 4 2 17 29 3151 2396 2935 2989
18186 4 2 17 29 2382 2628 2751 2985
18187 4 2 17 29 2388 3024 2624 3091
18188 4 2 17 29 3012 2923 2442 2510
18189 4 2 17 29 2626 3018 2375 2917
18190 4 2 17 29 3024 2624 2717 2612
18191 4 2 17 29 2514 2638 2847 2862
18192 4 2 17 29 3063 2701 2929 2431
18193 4 2 17 29 3020 2633 2484 2863
18194 4 2 17 29 2776 2863 2774 2464
18195 4 2 17 29 2689 2683 2481 3148
18196 4 2 17 29 3002 2670 2870 3174
18197 4 2 17 29 3035 3036 2520 2730
18198 4 2 17 29 2593 3082 2875 2380
18199 4 2 17 29 3178 2476 3049 2589
18200 4 2 17 29 2669 2479 2900 2827
18201 4 2 17 29 2597 2975 2825 2378
18202 4 2 17 29 3083 2871 2598 2975
18203 4 2 17 29 2456 2521 2693 3106
18204 4 2 17 29 2507 2733 2777 2953
18205 4 2 17 29 3156 2836 2593 2592
18206 4 2 17 29 2786 2436 2803 2995
18207 4 2 17 29 2481 2582 2689 3039
18208 4 2 17 29 3098 2404 2930 2986
18209 4 2 17 29 2814 3150 2761 3176
18210 4 2 17 29 2770 2515 2861 2819
18211 4 2 17 29 2874 3152 2690 2579
18212 4 2 17 29 2779 2522 2780 3007
18213 4 2 17 29 2494 2970 3096 3035
18214 4 2 17 29 2797 2719 2893 2592
18215 4 2 17 29 2670 2542 2671 2870
18216 4 2 17 29 2676 2873 2559 2423
18217 4 2 17 29 2519 2457 2699 2956
18218 4 2 17 29 2873 2416 2676 2987
18219 4 2 17 29 2644 3041 2952 2857
18220 4 2 17 29 2755 2376 2756 3162
18221 4 2 17 29 2506 3035 2748 2594
18222 4 2 17 29 2637 2441 2777 3040
18223 4 2 17 29 2609 2471 2643 2931
18224 4 2 17 29 2943 2455 3107 2630
18225 4 2 17 29 1184 1183 1204 2668
18226 4 2 17 29 2665 2547 2514 2969
18227 4 2 17 29 2549 2923 3148 3135
18228 4 2 17 29 2706 2435 2813 3165
18229 4 2 17 29 2422 2582 2924 2689
18230 4 2 17 29 2955 1215 3056 2672
18231 4 2 17 29 2487 3157 3154 2808
18232 4 2 17 29 2487 2474 2682 2993
18233 4 2 17 29 2359 3122 2744 2934
18234 4 2 17 29 3041 2644 2445 2857
18235 4 2 17 29 2796 2692 3056 3055
18236 4 2 17 29 2435 2706 2834 3165
18237 4 2 17 29 3005 2618 2771 2617
18238 4 2 17 29 2419 2755 2756 2933
18239 4 2 17 29 2918 2917 2490 1204
18240 4 2 17 29 2388 2479 2612 3024
18241 4 2 17 29 2422 2924 3077 3019
18242 4 2 17 29 3007 2522 2849 3163
18243 4 2 17 29 2695 2669 2474 3157
18244 4 2 17 29 2701 3108 2470 2651
18245 4 2 17 29 2685 2543 2716 3086
18246 4 2 17 29 2556 3025 3055 2876
18247 4 2 17 29 2400 2714 2786 2995
18248 4 2 17 29 2522 3007 2849 2780
18249 4 2 17 29 2993 2619 2478 2682
18250 4 2 17 29 1183 2688 3015 2668
18251 4 2 17 29 2411 2512 2565 3066
18252 4 2 17 29 2488 2371 2813 2868
18253 4 2 17 29 2984 2409 3062 2517
18254 4 2 17 29 2427 3129 2622 2531
18255 4 2 17 29 2446 2702 3041 2607
18256 4 2 17 29 2686 2576 2752 2882
18257 4 2 17 29 1200 2485 2959 1220
18258 4 2 17 29 2951 1205 1185 2590
18259 4 2 17 29 2387 2612 3024 3023
18260 4 2 17 29 2430 2887 3140 3075
18261 4 2 17 29 2461 2888 2990 3102
18262 4 2 17 29 2525 2403 2840 2887
18263 4 2 17 29 2782 3163 2522 2864
18264 4 2 17 29 2931 2476 3049 3178
18265 4 2 17 29 2681 2732 2946 2463
18266 4 2 17 29 3034 2818 2725 2531
18267 4 2 17 29 2792 2435 2999 3123
18268 4 2 17 29 2435 2663 2792 2999
18269 4 2 17 29 2749 2750 3026 2930
18270 4 2 17 29 2641 2915 2520 3035
18271 4 2 17 29 2384 3175 3027 2897
18272 4 2 17 29 2550 2433 3164 2890
18273 4 2 17 29 2642 2461 2989 2990
18274 4 2 17 29 2596 2733 2429 3050
18275 4 2 17 29 2542 2670 2838 2870
18276 4 2 17 29 3070 2560 2878 2767
18277 4 2 17 29 2492 3153 2381 2973
18278 4 2 17 29 2482 2856 2358 3038
18279 4 2 17 29 2724 2696 2814 2996
18280 4 2 17 29 2551 2435 2792 3123
18281 4 2 17 29 2510 3013 2923 3135
18282 4 2 17 29 2718 2869 2766 3080
18283 4 2 17 29 2815 3149 2899 2385
18284 4 2 17 29 1199 1198 1219 2469
18285 4 2 17 29 3164 3139 2433 3052
18286 4 2 17 29 2819 3052 2515 2976
18287 4 2 17 29 2404 2591 2662 2986
18288 4 2 17 29 2460 2533 3170 3151
18289 4 2 17 29 2519 2647 2885 3008
18290 4 2 17 29 3129 2978 2531 3034
18291 4 2 17 29 2652 3159 2412 2528
18292 4 2 17 29 2383 2528 3150 3159
18293 4 2 17 29 2424 3053 2821 2578
18294 4 2 17 29 2674 2802 2625 2980
18295 4 2 17 29 2417 2522 2740 3163
18296 4 2 17 29 1215 1194 1214 2902
18297 4 2 17 29 3103 2625 2503 2626
18298 4 2 17 29 2502 2601 2957 2954
18299 4 2 17 29 2586 2587 3058 2588
18300 4 2 17 29 3158 2475 3177 2961
18301 4 2 17 29 2868 3064 2488 3065
18302 4 2 17 29 2583 2482 3038 2684
18303 4 2 17 29 2491 2687 2384 2897
18304 4 2 17 29 2776 2359 3002 3122
18305 4 2 17 29 2485 2708 2911 1220
18306 4 2 17 29 3100 2495 2616 2713
18307 4 2 17 29 2388 3115 2991 3091
18308 4 2 17 29 2417 2968 3094 2574
18309 4 2 17 29 2823 2907 2373 3132
18310 4 2 17 29 3093 2700 2523 3054
18311 4 2 17 29 1194 1193 1214 2500
18312 4 2 17 29 2653 2815 2899 2441
18313 4 2 17 29 2373 2564 2565 3028
18314 4 2 17 29 2433 2504 2829 3164
18315 4 2 17 29 3179 2405 2963 3169
18316 4 2 17 29 2499 2553 2894 3104
18317 4 2 17 29 2826 3133 2497 2738
18318 4 2 17 29 2496 2539 3012 2660
18319 4 2 17 29 2455 2629 2630 2943
18320 4 2 17 29 2840 3140 2430 2887
18321 4 2 17 29 2980 3018 2896 2667
18322 4 2 17 29 2644 2976 2819 2428
18323 4 2 17 29 2396 2602 2603 2989
18324 4 2 17 29 2891 2810 2557 2648
18325 4 2 17 29 2449 2686 2752 2964
18326 4 2 17 29 2881 2409 2984 2809
18327 4 2 17 29 2436 2550 2720 3097
18328 4 2 17 29 3142 2442 2660 3012
18329 4 2 17 29 2575 2866 2703 3134
18330 4 2 17 29 2514 2547 2760 2969
18331 4 2 17 29 2414 2580 2826 2960
18332 4 2 17 29 2908 3118 2467 3119
18333 4 2 17 29 2717 2901 2624 3024
18334 4 2 17 29 2515 2861 2819 2976
18335 4 2 17 29 3047 2815 2385 2547
18336 4 2 17 29 2480 2987 3135 3148
18337 4 2 17 29 2958 2427 2532 2531
18338 4 2 17 29 1220 1199 1219 2959
18339 4 2 17 29 2606 2947 2912 2459
18340 4 2 17 29 2597 2379 2627 2945
18341 4 2 17 29 2486 2676 2793 2987
18342 4 2 17 29 3035 2506 2748 3030
18343 4 2 17 29 3157 2487 3154 2962
18344 4 2 17 29 2534 2609 2643 2931
18345 4 2 17 29 2509 3104 2775 3143
18346 4 2 17 29 2450 2680 3016 2963
18347 4 2 17 29 2379 2598 2975 2597
18348 4 2 17 29 2433 2504 3164 2365
18349 4 2 17 29 2472 2535 2662 2926
18350 4 2 17 29 2872 2773 3126 2536
18351 4 2 17 29 2541 3121 2627 2945
18352 4 2 17 29 2462 2942 2633 2843
18353 4 2 17 29 2916 2443 3125 2753
18354 4 2 17 29 2676 2486 2804 3117
18355 4 2 17 29 2487 2710 3154 2962
18356 4 2 17 29 2892 2584 3130 2764
18357 4 2 17 29 2684 2442 2923 2549
18358 4 2 17 29 1188 1189 2758 1209
18359 4 2 17 29 2597 2379 2945 2975
18360 4 2 17 29 3176 3175 2936 2432
18361 4 2 17 29 2940 2371 2537 3065
18362 4 2 17 29 2416 2937 2793 2987
18363 4 2 17 29 2441 2760 2815 2899
18364 4 2 17 29 2627 2884 2465 2597
18365 4 2 17 29 3024 2388 2624 2612
18366 4 2 17 29 2869 2718 3111 3080
18367 4 2 17 29 2430 2780 2849 3075
18368 4 2 17 29 2442 2684 2923 3142
18369 4 2 17 29 2786 2400 2995 2803
18370 4 2 17 29 2598 2485 3083 2975
18371 4 2 17 29 2470 2858 2630 2651
18372 4 2 17 29 2451 3070 2787 2935
18373 4 2 17 29 2680 2765 2405 2963
18374 4 2 17 29 2624 2556 3091 3025
18375 4 2 17 29 1210 2979 1189 1209
18376 4 2 17 29 3115 2696 2996 2454
18377 4 2 17 29 2565 2564 2906 3028
18378 4 2 17 29 2415 3030 2759 2860
18379 4 2 17 29 2694 2536 2939 2369
18380 4 2 17 29 1197 3113 1217 2427
18381 4 2 17 29 2444 1183 2688 3015
18382 4 2 17 29 2735 2390 2736 2941
18383 4 2 17 29 2931 2643 3136 3099
18384 4 2 17 29 2785 2727 3128 2530
18385 4 2 17 29 2781 2818 2530 3032
18386 4 2 17 29 2451 2533 2685 2935
18387 4 2 17 29 2561 2496 2980 2660
18388 4 2 17 29 2570 2571 2372 3029
18389 4 2 17 29 2635 2965 2384 2638
18390 4 2 17 29 2744 2541 2934 3121
18391 4 2 17 29 3035 2520 2641 2594
18392 4 2 17 29 2647 2519 2801 3008
18393 4 2 17 29 2475 2387 2669 3158
18394 4 2 17 29 2432 2761 2833 2936
18395 4 2 17 29 2627 3011 2464 2611
18396 4 2 17 29 2364 3063 2787 2560
18397 4 2 17 29 2459 2947 3127 2738
18398 4 2 17 29 3024 2717 3023 2612
18399 4 2 17 29 2712 2606 2947 3168
18400 4 2 17 29 2927 2754 2391 2631
18401 4 2 17 29 2658 2372 2905 2468
18402 4 2 17 29 2717 2889 3023 2477
18403 4 2 17 29 2475 2669 2695 3158
18404 4 2 17 29 2554 2973 2881 2639
18405 4 2 17 29 3029 2445 2571 2857
18406 4 2 17 29 2805 2393 2806 3144
18407 4 2 17 29 2466 2782 2967 3109
18408 4 2 17 29 3094 2740 2968 2417
18409 4 2 17 29 2530 2725 2727 3128
18410 4 2 17 29 2711 3156 2593 2592
18411 4 2 17 29 3167 2440 2666 2671
18412 4 2 17 29 2432 2833 3175 2936
18413 4 2 17 29 2473 2655 2753 3043
18414 4 2 17 29 2586 2785 2909 2362
18415 4 2 17 29 2417 2573 2968 2574
18416 4 2 17 29 2879 2603 2602 2989
18417 4 2 17 29 2523 2379 2871 3054
18418 4 2 17 29 2521 2455 2693 3106
18419 4 2 17 29 2860 3133 2739 2497
18420 4 2 17 29 2826 3133 2960 3048
18421 4 2 17 29 2803 2518 2400 2949
18422 4 2 17 29 2654 2566 2742 3017
18423 4 2 17 29 2467 3118 2844 3119
18424 4 2 17 29 2957 2502 3073 3140
18425 4 2 17 29 2741 3110 2511 2880
18426 4 2 17 29 3021 2995 2714 2400
18427 4 2 17 29 2508 2772 2831 3101
18428 4 2 17 29 2430 3140 2780 3075
18429 4 2 17 29 2468 3042 2374 2663
18430 4 2 17 29 3013 2480 3135 2510
18431 4 2 17 29 3129 2958 2427 2920
18432 4 2 17 29 3143 2983 2554 2737
18433 4 2 17 29 3145 2805 2806 3144
18434 4 2 17 29 2387 2612 3023 2717
18435 4 2 17 29 2457 2519 2769 2956
18436 4 2 17 29 2369 2575 2850 2866
18437 4 2 17 29 2441 2760 2899 3040
18438 4 2 17 29 2862 2847 3027 2638
18439 4 2 17 29 2610 2534 2931 2609
18440 4 2 17 29 2738 3127 2459 2414
18441 4 2 17 29 3163 2417 2849 2968
18442 4 2 17 29 2535 2926 3136 3099
18443 4 2 17 29 2365 2976 2819 2644
18444 4 2 17 29 2429 2596 3050 2574
18445 4 2 17 29 3053 2707 2856 2358
18446 4 2 17 29 2514 2637 2638 2862
18447 4 2 17 29 2782 3163 2864 3109
18448 4 2 17 29 2583 3038 3039 2684
18449 4 2 17 29 3090 2605 3013 2938
18450 4 2 17 29 2475 2589 2845 2961
18451 4 2 17 29 2602 2396 2642 2989
18452 4 2 17 29 3162 2939 2757 2376
18453 4 2 17 29 2613 2673 2997 2846
18454 4 2 17 29 2552 2613 2997 3004
18455 4 2 17 29 2473 2551 2791 2994
18456 4 2 17 29 2892 2705 2584 2764
18457 4 2 17 29 3013 2539 2510 3012
18458 4 2 17 29 2603 2879 2604 2543
18459 4 2 17 29 2389 2556 3025 2692
18460 4 2 17 29 2497 2415 2739 2860
18461 4 2 17 29 2627 2884 2597 2945
18462 4 2 17 29 2815 3149 2526 2899
18463 4 2 17 29 2757 2755 3162 2376
18464 4 2 17 29 2782 3163 3109 2522
18465 4 2 17 29 2529 2621 3152 3010
18466 4 2 17 29 2632 2467 2654 3118
18467 4 2 17 29 3011 2627 2464 3121
18468 4 2 17 29 2736 2421 2941 3092
18469 4 2 17 29 2487 2993 2682 2962
18470 4 2 17 29 2561 2442 2660 3142
18471 4 2 17 29 2765 2517 2768 3147
18472 4 2 17 29 3131 3097 2950 2824
18473 4 2 17 29 2513 2648 2891 2645
18474 4 2 17 29 2815 3149 2385 2526
18475 4 2 17 29 2987 2683 2793 2486
18476 4 2 17 29 2384 3027 2847 2638
18477 4 2 17 29 2735 3143 2737 2941
18478 4 2 17 29 3056 2902 1195 1215
18479 4 2 17 29 2846 2673 2894 2499
18480 4 2 17 29 1205 3066 2951 2512
18481 4 2 17 29 2632 2467 3118 2844
18482 4 2 17 29 2370 2562 2657 2944
18483 4 2 17 29 2631 2391 2927 2716
18484 4 2 17 29 2883 2732 2568 2587
18485 4 2 17 29 2912 2456 2693 3106
18486 4 2 17 29 2471 2749 2750 3026
18487 4 2 17 29 3156 2893 2719 2592
18488 4 2 17 29 2934 2837 2359 3174
18489 4 2 17 29 3141 3087 2659 2928
18490 4 2 17 29 3009 2711 3156 2593
18491 4 2 17 29 2919 2374 3042 2999
18492 4 2 17 29 2369 2850 2666 2866
18493 4 2 17 29 2482 2852 2853 3125
18494 4 2 17 29 2385 2548 2955 3047
18495 4 2 17 29 2761 2833 2936 2528
18496 4 2 17 29 3079 2575 2850 2734
18497 4 2 17 29 3064 2489 2806 2488
18498 4 2 17 29 3039 2582 2689 2924
18499 4 2 17 29 2736 2390 2878 2941
18500 4 2 17 29 2734 2575 2848 3079
18501 4 2 17 29 2829 3045 3164 2504
18502 4 2 17 29 2517 2361 3062 2859
18503 4 2 17 29 1212 1192 2472 3060
18504 4 2 17 29 2537 2434 2706 2940
18505 4 2 17 29 2561 2482 3038 3166
18506 4 2 17 29 3042 2374 2919 3124
18507 4 2 17 29 2430 2840 2887 2525
18508 4 2 17 29 2549 2684 3039 2923
18509 4 2 17 29 2689 2804 2486 3117
18510 4 2 17 29 2442 2510 2539 3012
18511 4 2 17 29 2596 2733 2953 2360
18512 4 2 17 29 3101 2772 2465 2884
18513 4 2 17 29 2403 2653 2795 3044
18514 4 2 17 29 2987 2683 2486 3148
18515 4 2 17 29 2707 2424 3053 2694
18516 4 2 17 29 2498 2622 3067 2978
18517 4 2 17 29 2687 3176 3175 2897
18518 4 2 17 29 2406 2591 2895 1191
18519 4 2 17 29 2805 2488 2813 2868
18520 4 2 17 29 2921 3058 2587 2588
18521 4 2 17 29 3123 2805 3144 2551
18522 4 2 17 29 2421 2735 2736 2941
18523 4 2 17 29 2754 2631 2927 3074
18524 4 2 17 29 2387 3177 3158 2475
18525 4 2 17 29 3014 2402 3007 2779
18526 4 2 17 29 2580 2433 2890 3139
18527 4 2 17 29 3034 2531 2532 2798
18528 4 2 17 29 2616 3021 2714 2400
18529 4 2 17 29 2676 2486 3117 2987
18530 4 2 17 29 2405 2768 2846 3179
18531 4 2 17 29 3122 2776 2359 2744
18532 4 2 17 29 2502 2501 2601 2954
18533 4 2 17 29 3003 2378 3031 2568
18534 4 2 17 29 2385 2547 2548 3047
18535 4 2 17 29 2722 2970 3046 3100
18536 4 2 17 29 2573 2968 2849 2417
18537 4 2 17 29 2466 2740 2782 3109
18538 4 2 17 29 2396 3151 2642 2989
18539 4 2 17 29 2636 2998 2392 2790
18540 4 2 17 29 2768 2517 2984 3147
18541 4 2 17 29 2824 3131 2822 2447
18542 4 2 17 29 3137 2610 2931 3178
18543 4 2 17 29 2663 2435 2834 2999
18544 4 2 17 29 3138 3172 1202 1222
18545 4 2 17 29 3117 2486 3148 2987
18546 4 2 17 29 2407 2618 3006 2617
18547 4 2 17 29 2754 2927 2391 3141
18548 4 2 17 29 2641 2758 2915 2439
18549 4 2 17 29 3043 2600 2655 2856
18550 4 2 17 29 2805 3145 2806 2488
18551 4 2 17 29 2617 3005 3006 2895
18552 4 2 17 29 2800 2606 2801 3168
18553 4 2 17 29 2871 2598 2599 3083
18554 4 2 17 29 2558 2420 2869 2811
18555 4 2 17 29 3009 2593 3153 2690
18556 4 2 17 29 2561 2980 2674 3166
18557 4 2 17 29 2596 3050 2574 2505
18558 4 2 17 29 2852 2482 3166 3125
18559 4 2 17 29 3136 2932 2534 3137
18560 4 2 17 29 2878 2736 2767 2560
18561 4 2 17 29 2798 2418 2799 2864
18562 4 2 17 29 3177 2387 3023 2477
18563 4 2 17 29 2566 2467 2745 2908
18564 4 2 17 29 3113 2601 3014 2958
18565 4 2 17 29 2980 2561 2674 2496
18566 4 2 17 29 3144 3155 2393 3033
18567 4 2 17 29 3158 2669 2695 3157
18568 4 2 17 29 2710 2408 2808 3154
18569 4 2 17 29 3065 2537 2664 2371
18570 4 2 17 29 2798 2531 2818 3034
18571 4 2 17 29 2807 3017 2567 2742
18572 4 2 17 29 2718 2766 2419 3080
18573 4 2 17 29 2881 2554 2775 3143
18574 4 2 17 29 2767 2560 2787 3070
18575 4 2 17 29 2726 2498 2978 2622
18576 4 2 17 29 2521 2456 2699 3105
18577 4 2 17 29 3002 2922 2483 3120
18578 4 2 17 29 2702 2373 2823 2907
18579 4 2 17 29 2548 2412 2652 2898
18580 4 2 17 29 2968 2573 2849 3075
18581 4 2 17 29 2376 3162 2939 3167
18582 4 2 17 29 2405 2765 3179 2963
18583 4 2 17 29 2504 3164 2365 2952
18584 4 2 17 29 3058 2567 2883 2587
18585 4 2 17 29 2703 3134 3000 2540
18586 4 2 17 29 2453 3013 2640 3090
18587 4 2 17 29 2727 2978 2498 3128
18588 4 2 17 29 2823 2822 3131 2447
18589 4 2 17 29 2370 2766 2944 2657
18590 4 2 17 29 2650 3005 2617 2552
18591 4 2 17 29 2712 2366 2801 2913
18592 4 2 17 29 2722 3046 2713 3100
18593 4 2 17 29 2372 2658 2977 2571
18594 4 2 17 29 2898 3159 3095 2412
18595 4 2 17 29 2440 2666 2850 3022
18596 4 2 17 29 2384 2623 3027 3175
18597 4 2 17 29 2555 2461 2629 2990
18598 4 2 17 29 2528 2383 2817 3159
18599 4 2 17 29 2561 3038 3142 3166
18600 4 2 17 29 2620 2478 2991 2904
18601 4 2 17 29 2726 2622 3129 2531
18602 4 2 17 29 2782 2522 2799 2864
18603 4 2 17 29 2975 2485 3083 2959
18604 4 2 17 29 2776 3120 2484 2863
18605 4 2 17 29 2850 2440 3022 2734
18606 4 2 17 29 2830 2584 3076 2705
18607 4 2 17 29 2672 2527 3072 2501
18608 4 2 17 29 2479 2612 3024 2827
18609 4 2 17 29 2848 3079 2399 2734
18610 4 2 17 29 2651 2701 3063 2364
18611 4 2 17 29 2477 3178 2845 2476
18612 4 2 17 29 2387 2669 3158 2827
18613 4 2 17 29 3122 3002 2776 3120
18614 4 2 17 29 2655 2853 3125 2482
18615 4 2 17 29 1215 1195 3056 2672
18616 4 2 17 29 2645 2557 2648 2891
18617 4 2 17 29 2565 2410 2664 2906
18618 4 2 17 29 2614 1208 1188 2439
18619 4 2 17 29 2461 2602 2642 2989
18620 4 2 17 29 3052 2433 3164 2365
18621 4 2 17 29 2718 2910 2377 3111
18622 4 2 17 29 2405 2765 2768 3179
18623 4 2 17 29 2486 2683 2689 3148
18624 4 2 17 29 2727 2978 3128 2725
18625 4 2 17 29 2359 2837 2838 3174
18626 4 2 17 29 3167 3022 2440 2671
18627 4 2 17 29 3021 2714 2715 2616
18628 4 2 17 29 2402 2957 3007 2780
18629 4 2 17 29 2567 2586 2587 3058
18630 4 2 17 29 2478 2746 2993 2682
18631 4 2 17 29 2757 3126 2536 2939
18632 4 2 17 29 3084 2797 3156 2592
18633 4 2 17 29 3072 2527 2526 2795
18634 4 2 17 29 2739 2415 2759 2860
18635 4 2 17 29 2769 2885 2636 2790
18636 4 2 17 29 2939 2536 2757 2376
18637 4 2 17 29 2547 2412 2548 2898
18638 4 2 17 29 3136 2643 2535 3099
18639 4 2 17 29 2727 2545 2785 3128
18640 4 2 17 29 2429 2573 2574 3050
18641 4 2 17 29 3012 2605 2938 3013
18642 4 2 17 29 2555 2461 2990 3102
18643 4 2 17 29 2526 2653 2815 2899
18644 4 2 17 29 3077 2891 2648 3019
18645 4 2 17 29 2943 2455 2693 3107
18646 4 2 17 29 2360 2637 2777 2953
18647 4 2 17 29 3033 2806 3144 3145
18648 4 2 17 29 2881 3062 2409 2639
18649 4 2 17 29 3011 2465 2831 2611
18650 4 2 17 29 2469 3031 2568 2587
18651 4 2 17 29 2672 3149 2955 3072
18652 4 2 17 29 2498 2725 2726 2978
18653 4 2 17 29 3149 2385 3047 2899
18654 4 2 17 29 2525 2430 2573 3075
18655 4 2 17 29 1209 1188 1208 2758
18656 4 2 17 29 2972 2709 2425 2656
18657 4 2 17 29 2457 2769 2790 2956
18658 4 2 17 29 2523 2700 2721 3054
18659 4 2 17 29 2433 2580 2581 3139
18660 4 2 17 29 3106 2693 2988 3107
18661 4 2 17 29 2500 2389 2901 1214
18662 4 2 17 29 2545 2727 2728 3057
18663 4 2 17 29 2416 2640 2937 2794
18664 4 2 17 29 2693 2455 2943 3106
18665 4 2 17 29 2385 2955 3149 3047
18666 4 2 17 29 3170 2460 2858 2651
18667 4 2 17 29 2488 2805 3145 2868
18668 4 2 17 29 2599 3093 2523 2871
18669 4 2 17 29 2530 2725 3128 3032
18670 4 2 17 29 2411 3066 2664 3065
18671 4 2 17 29 2556 3025 2692 3055
18672 4 2 17 29 2402 2532 3014 2601
18673 4 2 17 29 2788 2763 2932 3060
18674 4 2 17 29 3177 2387 3158 3023
18675 4 2 17 29 2535 2643 2750 3099
18676 4 2 17 29 2598 2599 2523 2871
18677 4 2 17 29 2742 2566 2807 3017
18678 4 2 17 29 3177 2477 2889 3178
18679 4 2 17 29 2766 2420 2811 2869
18680 4 2 17 29 2826 3133 2738 2960
18681 4 2 17 29 2738 2414 2826 2960
18682 4 2 17 29 1205 2490 2411 1185
18683 4 2 17 29 2737 2509 2775 3143
18684 4 2 17 29 2453 3013 2605 2510
18685 4 2 17 29 2804 2676 3117 3019
18686 4 2 17 29 2591 2404 2576 2986
18687 4 2 17 29 2481 2549 3039 3148
18688 4 2 17 29 3029 2572 2570 3085
18689 4 2 17 29 2666 2376 2939 3167
18690 4 2 17 29 2613 2552 2851 3004
18691 4 2 17 29 2713 3100 2495 2563
18692 4 2 17 29 2617 2406 2552 3004
18693 4 2 17 29 3055 2817 2383 3159
18694 4 2 17 29 2602 2461 2888 2989
18695 4 2 17 29 2371 2411 2664 3065
18696 4 2 17 29 2687 2724 3176 2897
18697 4 2 17 29 2404 2749 2752 3098
18698 4 2 17 29 2519 2647 2769 2885
18699 4 2 17 29 3117 2873 2676 2987
18700 4 2 17 29 2926 2535 2788 2472
18701 4 2 17 29 2718 2869 2420 2766
18702 4 2 17 29 2465 3011 2627 2611
18703 4 2 17 29 2525 2430 3075 2887
18704 4 2 17 29 2373 2512 3028 2565
18705 4 2 17 29 2605 2539 3013 3012
18706 4 2 17 29 2594 2494 2641 3035
18707 4 2 17 29 1207 2614 1187 2495
18708 4 2 17 29 2891 2810 2648 3019
18709 4 2 17 29 2890 2433 3164 3139
18710 4 2 17 29 2534 3136 3137 2931
18711 4 2 17 29 2661 2636 2998 2392
18712 4 2 17 29 2910 2377 3111 3093
18713 4 2 17 29 2508 2831 2842 3101
18714 4 2 17 29 3100 2722 2970 2563
18715 4 2 17 29 2779 2532 2799 3014
18716 4 2 17 29 2586 2545 2588 3058
18717 4 2 17 29 2858 2630 3107 2470
18718 4 2 17 29 2570 2372 2572 3029
18719 4 2 17 29 2596 2972 2656 2360
18720 4 2 17 29 2461 2555 2778 3102
18721 4 2 17 29 2401 2822 2824 3131
18722 4 2 17 29 2378 3003 2681 2568
18723 4 2 17 29 2377 2523 2599 3093
18724 4 2 17 29 2708 2485 1200 1220
18725 4 2 17 29 2545 2728 2588 3057
18726 4 2 17 29 3087 2604 2391 2659
18727 4 2 17 29 2730 3036 2520 2647
18728 4 2 17 29 2548 2547 2898 3047
18729 4 2 17 29 2437 2534 3137 2610
18730 4 2 17 29 2649 2499 2894 2673
18731 4 2 17 29 2681 2732 2568 2883
18732 4 2 17 29 2700 2438 2721 3054
18733 4 2 17 29 3043 2600 2919 2791
18734 4 2 17 29 2725 2818 3032 2530
18735 4 2 17 29 3093 2700 2910 2377
18736 4 2 17 29 2414 2580 2960 3139
18737 4 2 17 29 2582 2481 2583 3039
18738 4 2 17 29 2778 2888 2461 3102
18739 4 2 17 29 2601 3113 2427 2958
18740 4 2 17 29 2481 2549 2684 3039
18741 4 2 17 29 2866 2369 2575 2703
18742 4 2 17 29 2674 2496 2802 2980
18743 4 2 17 29 2454 2761 2814 3150
18744 4 2 17 29 2643 2534 2931 3136
18745 4 2 17 29 2613 2882 2851 2576
18746 4 2 17 29 2718 2869 3111 2420
18747 4 2 17 29 2980 2802 2625 3018
18748 4 2 17 29 2885 2998 2636 2790
18749 4 2 17 29 2468 2905 3042 2691
18750 4 2 17 29 2374 2600 2919 3124
18751 4 2 17 29 2677 3173 2873 3172
18752 4 2 17 29 1217 1197 2427 2920
18753 4 2 17 29 2845 3177 2475 2961
18754 4 2 17 29 2384 2623 2847 3027
18755 4 2 17 29 2436 2720 2803 3097
18756 4 2 17 29 2935 2533 3151 3170
18757 4 2 17 29 2800 3008 3168 2801
18758 4 2 17 29 2972 2709 2656 2360
18759 4 2 17 29 2968 2740 3163 2417
18760 4 2 17 29 2843 3119 2633 2844
18761 4 2 17 29 2523 2379 2598 2871
18762 4 2 17 29 3042 2468 2691 2663
18763 4 2 17 29 2452 2539 2605 2938
18764 4 2 17 29 2378 2569 3031 2568
18765 4 2 17 29 2924 3019 2804 3117
18766 4 2 17 29 2460 2630 2858 2651
18767 4 2 17 29 2374 2919 2600 2791
18768 4 2 17 29 1219 2959 2569 3031
18769 4 2 17 29 2422 2924 3019 2804
18770 4 2 17 29 2389 2717 2500 2901
18771 4 2 17 29 3022 2440 2666 3167
18772 4 2 17 29 3106 2943 2693 3107
18773 4 2 17 29 2869 2992 2558 2811
18774 4 2 17 29 2629 2461 2642 2990
18775 4 2 17 29 2727 3057 2545 3128
18776 4 2 17 29 2720 2401 2824 3097
18777 4 2 17 29 2954 2527 3073 2502
18778 4 2 17 29 3172 2873 2677 2423
18779 4 2 17 29 3141 3006 2618 2877
18780 4 2 17 29 2722 2723 2970 2563
18781 4 2 17 29 2917 2490 1204 1184
18782 4 2 17 29 2889 3023 2477 3177
18783 4 2 17 29 2799 2782 2864 2418
18784 4 2 17 29 2767 2787 2451 3070
18785 4 2 17 29 2749 2404 2750 2930
18786 4 2 17 29 2559 2676 2804 3019
18787 4 2 17 29 2534 2610 2931 3137
18788 4 2 17 29 2778 2888 2998 2392
18789 4 2 17 29 2937 2640 2416 2793
18790 4 2 17 29 2580 2414 2581 3139
18791 4 2 17 29 2442 2539 2660 3012
18792 4 2 17 29 2823 2446 2702 2907
18793 4 2 17 29 2722 3100 2713 2563
18794 4 2 17 29 2371 2868 2488 3065
18795 4 2 17 29 2576 2882 2851 3004
18796 4 2 17 29 2954 2501 2527 2502
18797 4 2 17 29 2948 2707 3053 2694
18798 4 2 17 29 2557 2559 2810 3019
18799 4 2 17 29 2404 3098 2576 2986
18800 4 2 17 29 2726 3129 2622 2978
18801 4 2 17 29 2800 2519 2699 3008
18802 4 2 17 29 3006 2618 2877 3005
18803 4 2 17 29 2876 2383 3055 2556
18804 4 2 17 29 2375 2625 2802 3018
18805 4 2 17 29 2743 2488 3064 3065
18806 4 2 17 29 2666 2939 2369 2866
18807 4 2 17 29 2606 2448 2712 2947
18808 4 2 17 29 2502 2402 2780 2957
18809 4 2 17 29 2780 2779 3007 2402
18810 4 2 17 29 2949 2675 2616 2971
18811 4 2 17 29 2745 2466 2783 2967
18812 4 2 17 29 2682 2474 2746 2993
18813 4 2 17 29 2495 2914 2614 2563
18814 4 2 17 29 3057 2727 2728 3128
18815 4 2 17 29 2938 2444 2605 2452
18816 4 2 17 29 2601 2957 2954 3113
18817 4 2 17 29 2618 2832 2754 2877
18818 4 2 17 29 2626 2375 2489 2917
18819 4 2 17 29 2842 2462 2843 2942
18820 4 2 17 29 2371 2743 2411 3065
18821 4 2 17 29 2421 2754 2832 3074
18822 4 2 17 29 2573 2430 2849 3075
18823 4 2 17 29 2626 2816 3033 2917
18824 4 2 17 29 2740 2968 3163 3109
18825 4 2 17 29 2362 2784 2785 2909
18826 4 2 17 29 2458 3037 2520 2758
18827 4 2 17 29 2738 2497 2739 3133
18828 4 2 17 29 2891 2810 3019 2557
18829 4 2 17 29 3047 2815 2899 2385
18830 4 2 17 29 3067 2920 2426 3068
18831 4 2 17 29 2625 2375 2626 3018
18832 4 2 17 29 2488 2743 2371 3065
18833 4 2 17 29 2410 2537 2664 2906
18834 4 2 17 29 2556 3091 3025 2876
18835 4 2 17 29 2557 2645 2812 2891
18836 4 2 17 29 3035 2494 2641 3096
18837 4 2 17 29 3098 2882 2752 2576
18838 4 2 17 29 2519 2800 2801 3008
18839 4 2 17 29 2958 2532 3014 3034
18840 4 2 17 29 2684 2481 3039 2583
18841 4 2 17 29 2393 2806 3144 3033
18842 4 2 17 29 3132 2823 3131 2447
18843 4 2 17 29 2652 2528 2817 3159
18844 4 2 17 29 2951 3132 2950 2447
18845 4 2 17 29 2626 3033 3103 2917
18846 4 2 17 29 3171 2835 2491 3051
18847 4 2 17 29 3045 2829 2401 2698
18848 4 2 17 29 2465 2825 2884 2772
18849 4 2 17 29 3099 2750 2535 2930
18850 4 2 17 29 2581 2433 3139 3052
18851 4 2 17 29 3140 2502 2780 2957
18852 4 2 17 29 2957 2402 3014 2601
18853 4 2 17 29 2738 2960 3133 2414
18854 4 2 17 29 1211 2895 2591 1191
18855 4 2 17 29 2816 2393 3155 3033
18856 4 2 17 29 2951 1185 1205 2512
18857 4 2 17 29 3178 2477 2845 3177
18858 4 2 17 29 2448 2738 2739 3133
18859 4 2 17 29 3103 2625 2626 3018
18860 4 2 17 29 2753 2655 2853 3125
18861 4 2 17 29 1183 3015 2444 1203
18862 4 2 17 29 2602 2392 3081 2888
18863 4 2 17 29 2494 2594 2748 3035
18864 4 2 17 29 2754 3141 2618 2877
18865 4 2 17 29 2599 3111 2377 3093
18866 4 2 17 29 2411 2918 2743 2490
18867 4 2 17 29 2659 3141 2928 3006
18868 4 2 17 29 2717 2500 2889 2477
18869 4 2 17 29 2942 3119 2633 2843
18870 4 2 17 29 2740 2522 2782 3109
18871 4 2 17 29 2885 2458 3037 3036
18872 4 2 17 29 2692 3025 2902 3055
18873 4 2 17 29 3072 2955 2672 2954
18874 4 2 17 29 2938 2539 2605 3012
18875 4 2 17 29 2392 2778 2790 2998
18876 4 2 17 29 3028 2512 3066 2565
18877 4 2 17 29 2404 2930 2749 3098
18878 4 2 17 29 2590 1206 1186 2675
18879 4 2 17 29 3159 2652 2412 2898
18880 4 2 17 29 2877 2618 2751 2771
18881 4 2 17 29 2955 2672 2548 2385
18882 4 2 17 29 2568 3003 2681 2883
18883 4 2 17 29 3078 2928 1210 1190
18884 4 2 17 29 2677 3138 3173 3172
18885 4 2 17 29 2618 2751 2832 2877
18886 4 2 17 29 2723 3096 2641 2494
18887 4 2 17 29 2753 3125 3043 2655
18888 4 2 17 29 2518 3097 2720 2824
18889 4 2 17 29 2485 2599 2598 3083
18890 4 2 17 29 2482 3166 3125 3038
18891 4 2 17 29 2803 3097 2720 2518
18892 4 2 17 29 3006 2618 3005 2617
18893 4 2 17 29 2520 3037 2458 3036
18894 4 2 17 29 3093 2700 2377 2523
18895 4 2 17 29 2950 3132 3131 2447
18896 4 2 17 29 2599 2911 3111 3093
18897 4 2 17 29 2896 2668 2452 2667
18898 4 2 17 29 2588 3058 2545 3057
18899 4 2 17 29 3025 2902 2389 2692
18900 4 2 17 29 2616 2400 2675 2949
18901 4 2 17 29 2532 2779 2402 3014
18902 4 2 17 29 2641 3096 2723 2439
18903 4 2 17 29 2811 2992 2558 2812
18904 4 2 17 29 2851 2552 2406 3004
18905 4 2 17 29 2740 2522 3109 3163
18906 4 2 17 29 2971 2495 2616 3100
18907 4 2 17 29 2733 2360 2777 2953
18908 4 2 17 29 2738 2448 2947 3133
18909 4 2 17 29 2411 2664 3066 2565
18910 4 2 17 29 2806 3033 2816 2489
18911 4 2 17 29 2494 2722 2723 2970
18912 4 2 17 29 2605 2444 3090 2453
18913 4 2 17 29 2527 3073 2502 2841
18914 4 2 17 29 3055 2817 2796 2383
18915 4 2 17 29 2917 2489 3033 3064
18916 4 2 17 29 1194 2902 2389 1214
18917 4 2 17 29 2901 2389 2717 2624
18918 4 2 17 29 3013 2453 2605 3090
18919 4 2 17 29 2681 2378 2772 3003
18920 4 2 17 29 2501 3072 2672 2954
18921 4 2 17 29 2806 2393 2816 3033
18922 4 2 17 29 3019 2873 2676 3117
18923 4 2 17 29 2567 2732 2883 2587
18924 4 2 17 29 2966 2423 2558 2557
18925 4 2 17 29 2668 2452 3015 2896
18926 4 2 17 29 2691 2468 2905 2646
18927 4 2 17 29 2921 2587 2469 2588
18928 4 2 17 29 3005 2771 2650 2617
18929 4 2 17 29 2722 2494 2854 2970
18930 4 2 17 29 2724 2687 2491 2897
18931 4 2 17 29 2504 2698 2829 3045
18932 4 2 17 29 2958 3129 2531 3034
18933 4 2 17 29 1187 1207 2495 2971
18934 4 2 17 29 2389 2500 1194 1214
18935 4 2 17 29 2498 2622 2729 3067
18936 4 2 17 29 3096 2641 2915 2439
18937 4 2 17 29 2840 3140 3073 2502
18938 4 2 17 29 2532 2958 2531 3034
18939 4 2 17 29 2546 2729 3067 2728
18940 4 2 17 29 2932 2437 2534 3137
18941 4 2 17 29 2534 2437 2932 2788
18942 4 2 17 29 2444 2605 3090 2938
18943 4 2 17 29 2728 2498 2729 3067
18944 4 2 17 29 2527 3072 2501 2954
18945 4 2 17 29 2659 2391 3087 3141
18946 4 2 17 29 2652 2413 3056 2796
18947 4 2 17 29 2599 2911 2420 3111
18948 4 2 17 29 2692 3056 2413 2796
18949 4 2 17 29 2559 2873 2676 3019
18950 4 2 17 29 2691 2663 2834 2999
18951 4 2 17 29 2758 1188 1208 2439
18952 4 2 17 29 2502 3073 2840 2841
18953 4 2 17 29 3015 2688 2452 2668
18954 4 2 17 29 2601 2532 3014 2958
18955 4 2 17 29 2662 1212 1192 2472
18956 4 2 17 29 2603 2879 2397 2604
18957 4 2 17 29 3025 2389 2901 2624
18958 4 2 17 29 3006 2617 2895 2407
18959 4 2 17 29 2520 3037 2915 2758
18960 4 2 17 29 2970 3096 2723 2494
18961 4 2 17 29 3019 2810 2422 2804
18962 4 2 17 29 3090 2925 2444 2938
18963 4 2 17 29 2911 2599 2485 3083
18964 4 2 17 29 2672 2955 3149 2385
18965 4 2 17 29 3006 2659 3141 2618
18966 4 2 17 29 2932 1193 1213 2763
18967 4 2 17 29 3015 2444 2938 2452
18968 4 2 17 29 2427 2958 3129 2531
18969 4 2 17 29 3097 2518 2950 2824
18970 4 2 17 29 2950 2590 2951 2447
18971 4 2 17 29 2824 2950 3131 2447
18972 4 2 17 29 2444 3015 2688 2452
18973 4 2 17 29 1199 2959 2569 1219
18974 4 2 17 29 2559 2804 2810 3019
18975 4 2 17 29 2816 2626 2489 2917
18976 4 2 17 29 2925 2444 2794 2453
18977 4 2 17 29 2489 3033 2816 2917
18978 4 2 17 29 2919 2374 2792 2791
18979 4 2 17 29 2622 3129 2427 2920
18980 4 2 17 29 3090 2444 2925 2453
18981 4 2 17 29 1220 2911 2966 2708
18982 4 2 17 29 2976 2892 2428 2977
18983 4 2 17 29 2896 1204 3015 2668
18984 4 2 17 29 190 1207 2914 2614
18985 4 2 17 29 1208 2915 3037 2758
18986 4 2 17 29 2950 1206 2951 2590
18987 4 2 17 29 1192 2763 3060 187
18988 4 2 17 29 1214 2889 2901 2500
18989 4 2 17 29 2492 3061 2875 2973
18990 4 2 17 29 3153 2492 2875 2973
18991 4 2 17 29 2763 1192 3060 2472
18992 4 2 17 29 2926 1212 2986 2662
18993 4 2 17 29 3068 2921 2546 3067
18994 4 2 17 29 2965 2972 2425 2893
18995 4 2 17 29 1193 2437 2889 2500
18996 4 2 17 29 1193 1214 2889 1213
18997 4 2 17 29 2889 1214 1193 2500
18998 4 2 17 29 2650 2649 2985 2894
18999 4 2 17 29 2985 2649 2650 2382
19000 4 2 17 29 2985 3005 2650 2894
19001 4 2 17 29 2650 3005 2985 2382
19002 4 2 17 29 2986 2926 2404 2930
19003 4 2 17 29 2986 2404 2926 2662
19004 4 2 17 29 2535 2404 2926 2930
19005 4 2 17 29 2535 2926 2404 2662
19006 4 2 17 29 1206 2950 2675 2590
19007 4 2 17 29 1206 2675 2950 2949
19008 4 2 17 29 2518 2675 2950 2590
19009 4 2 17 29 2518 2950 2675 2949
19010 4 2 17 29 2883 2732 3017 2946
19011 4 2 17 29 2883 3017 2732 2567
19012 4 2 17 29 2742 3017 2732 2946
19013 4 2 17 29 2742 2732 3017 2567
19014 4 2 17 29 3039 2358 2582 3116
19015 4 2 17 29 3039 2582 2358 2583
19016 4 2 17 29 2896 1204 1184 2917
19017 4 2 17 29 1184 1204 2896 2668
19018 4 2 17 29 2896 1184 2489 2917
19019 4 2 17 29 2489 1184 2896 2668
19020 4 2 17 29 2896 2489 2375 2917
19021 4 2 17 29 2375 2489 2896 2668
19022 4 2 17 29 2558 2966 2420 2708
19023 4 2 17 29 2558 2420 2966 2869
19024 4 2 17 29 2911 2420 2966 2708
19025 4 2 17 29 2911 2966 2420 2869
19026 4 2 17 29 2921 3068 1198 1218
19027 4 2 17 29 1198 3068 2921 2546
19028 4 2 17 29 2640 2937 2453 3090
19029 4 2 17 29 2640 2453 2937 2794
19030 4 2 17 29 2925 2453 2937 3090
19031 4 2 17 29 2925 2937 2453 2794
19032 4 2 17 29 3015 1204 1183 2668
19033 4 2 17 29 3015 1183 1204 1203
19034 4 2 17 29 3005 2382 2877 2985
19035 4 2 17 29 3005 2877 2382 2771
19036 4 2 17 29 2751 2877 2382 2985
19037 4 2 17 29 2751 2382 2877 2771
19038 4 2 17 29 2468 2493 2867 2368
19039 4 2 17 29 2468 2867 2493 3124
19040 4 2 17 29 2659 1190 3006 2928
19041 4 2 17 29 2659 3006 1190 2407
19042 4 2 17 29 1210 3006 1190 2928
19043 4 2 17 29 1210 1190 3006 2407
19044 4 2 17 29 2566 2908 2967 3017
19045 4 2 17 29 2967 2908 2566 2745
19046 4 2 17 29 2569 2469 1219 3031
19047 4 2 17 29 2569 1219 2469 1199
19048 4 2 17 29 2873 3019 2423 2966
19049 4 2 17 29 2873 2423 3019 2559
19050 4 2 17 29 2557 2423 3019 2966
19051 4 2 17 29 2557 3019 2423 2559
19052 4 2 17 29 2921 1219 1198 2469
19053 4 2 17 29 2921 1198 1219 1218
19054 4 2 17 29 2855 3084 2592 2608
19055 4 2 17 29 2592 3084 2855 3156
19056 4 2 17 29 2505 3050 2972 2596
19057 4 2 17 29 2505 2972 3050 2865
19058 4 2 17 29 2921 3067 2728 2546
19059 4 2 17 29 2728 3067 2921 3057
19060 4 2 17 29 2728 2588 2921 2546
19061 4 2 17 29 2921 2588 2728 3057
19062 4 2 17 29 2759 3133 2448 2739
19063 4 2 17 29 2448 3133 2759 2947
19064 4 2 17 29 2434 3085 2905 2940
19065 4 2 17 29 2434 2905 3085 2646
19066 4 2 17 29 3009 2855 2529 3010
19067 4 2 17 29 2529 2855 3009 2711
19068 4 2 17 29 3060 1213 187 2763
19069 4 2 17 29 3060 187 1213 191
19070 4 2 17 29 2970 2748 3046 3030
19071 4 2 17 29 2970 3046 2748 2854
19072 4 2 17 29 2544 2748 3046 2854
19073 4 2 17 29 2965 2875 2635 3171
19074 4 2 17 29 2965 2635 2875 2380
19075 4 2 17 29 2835 2635 2875 3171
19076 4 2 17 29 2835 2875 2635 2380
19077 4 2 17 29 3172 2966 1201 1221
19078 4 2 17 29 3172 1201 2966 2423
19079 4 2 17 29 2399 2848 2880 3079
19080 4 2 17 29 2399 2880 2848 2634
19081 4 2 17 29 3001 2880 2848 3079
19082 4 2 17 29 3001 2848 2880 2634
19083 4 2 17 29 2807 2909 2783 2362
19084 4 2 17 29 2783 2909 2807 3017
19085 4 2 17 29 2812 2944 2811 2992
19086 4 2 17 29 2812 2811 2944 2370
19087 4 2 17 29 2658 2368 2977 2830
19088 4 2 17 29 2658 2977 2368 2867
19089 4 2 17 29 3076 2977 2368 2830
19090 4 2 17 29 3076 2368 2977 2867
19091 4 2 17 29 2434 3085 2537 2572
19092 4 2 17 29 2537 3085 2434 2940
19093 4 2 17 29 3173 2937 2794 2416
19094 4 2 17 29 2794 2937 3173 3138
19095 4 2 17 29 2794 2577 3173 2416
19096 4 2 17 29 3173 2577 2794 3138
19097 4 2 17 29 3138 2925 1202 2577
19098 4 2 17 29 1202 2925 3138 1222
19099 4 2 17 29 2954 1215 2672 2501
19100 4 2 17 29 2954 2672 1215 2955
19101 4 2 17 29 2803 2949 3097 2518
19102 4 2 17 29 3097 2949 2803 2995
19103 4 2 17 29 2446 3131 2823 2822
19104 4 2 17 29 2446 2823 3131 2907
19105 4 2 17 29 2897 2491 2635 2384
19106 4 2 17 29 2635 2491 2897 3171
19107 4 2 17 29 2635 2965 2897 2384
19108 4 2 17 29 2897 2965 2635 3171
19109 4 2 17 29 2730 2913 2647 2366
19110 4 2 17 29 2647 2913 2730 3036
19111 4 2 17 29 2884 2378 2772 2825
19112 4 2 17 29 2772 2378 2884 3003
19113 4 2 17 29 2741 2398 3084 2797
19114 4 2 17 29 2741 3084 2398 3110
19115 4 2 17 29 2893 3084 2398 2797
19116 4 2 17 29 2893 2398 3084 3110
19117 4 2 17 29 3031 2921 2587 2469
19118 4 2 17 29 2587 2921 3031 2883
19119 4 2 17 29 2901 2889 2717 2500
19120 4 2 17 29 2901 2717 2889 3023
19121 4 2 17 29 2891 2812 2944 2645
19122 4 2 17 29 2891 2944 2812 2992
19123 4 2 17 29 2895 1210 1191 1211
19124 4 2 17 29 2895 1191 1210 2407
19125 4 2 17 29 2363 3094 2505 2704
19126 4 2 17 29 2363 2505 3094 2865
19127 4 2 17 29 2636 2885 3037 2998
19128 4 2 17 29 3037 2885 2636 2458
19129 4 2 17 29 3037 2661 2636 2998
19130 4 2 17 29 2636 2661 3037 2458
19131 4 2 17 29 2426 188 1217 1197
19132 4 2 17 29 1217 188 2426 3068
19133 4 2 17 29 1217 2920 2426 1197
19134 4 2 17 29 2426 2920 1217 3068
19135 4 2 17 29 2925 1203 185 2444
19136 4 2 17 29 2925 185 1203 189
19137 4 2 17 29 2584 2892 3076 2705
19138 4 2 17 29 3076 2892 2584 3130
19139 4 2 17 29 2604 3086 2391 2543
19140 4 2 17 29 2391 3086 2604 3087
19141 4 2 17 29 2966 2891 2558 2992
19142 4 2 17 29 2966 2558 2891 2557
19143 4 2 17 29 2812 2558 2891 2992
19144 4 2 17 29 2812 2891 2558 2557
19145 4 2 17 29 2907 2564 2373 3028
19146 4 2 17 29 2907 2373 2564 2702
19147 4 2 17 29 2603 2989 3086 2396
19148 4 2 17 29 2603 3086 2989 2879
19149 4 2 17 29 2619 3061 2859 2993
19150 4 2 17 29 2619 2682 2859 2361
19151 4 2 17 29 2859 2682 2619 2993
19152 4 2 17 29 2440 3002 2870 3022
19153 4 2 17 29 2870 3002 2440 2670
19154 4 2 17 29 2870 2671 2440 3022
19155 4 2 17 29 2440 2671 2870 2670
19156 4 2 17 29 2411 2918 1205 3066
19157 4 2 17 29 2411 1205 2918 2490
19158 4 2 17 29 2399 2982 2922 2880
19159 4 2 17 29 2922 2982 2399 2483
19160 4 2 17 29 2971 1206 1187 1207
19161 4 2 17 29 2971 1187 1206 2675
19162 4 2 17 29 2841 2795 3044 2403
19163 4 2 17 29 3044 2795 2841 3073
19164 4 2 17 29 3044 2887 2841 2403
19165 4 2 17 29 2841 2887 3044 3073
19166 4 2 17 29 2889 2932 1193 1213
19167 4 2 17 29 2889 1193 2932 2437
19168 4 2 17 29 2503 2626 3155 3103
19169 4 2 17 29 2503 3155 2626 2816
19170 4 2 17 29 3033 3155 2626 3103
19171 4 2 17 29 3033 2626 3155 2816
19172 4 2 17 29 3021 2713 3046 3100
19173 4 2 17 29 3046 2713 3021 2715
19174 4 2 17 29 2528 3095 2833 2936
19175 4 2 17 29 2528 2833 3095 2412
19176 4 2 17 29 3169 2846 2613 2997
19177 4 2 17 29 3169 2613 2846 2405
19178 4 2 17 29 3174 2670 2359 3002
19179 4 2 17 29 3174 2359 2670 2838
19180 4 2 17 29 2411 2512 1205 1185
19181 4 2 17 29 1205 2512 2411 3066
19182 4 2 17 29 2854 3046 2722 2970
19183 4 2 17 29 2854 2722 3046 2544
19184 4 2 17 29 3082 2719 3156 2893
19185 4 2 17 29 3156 2719 3082 2836
19186 4 2 17 29 2895 3004 2617 3005
19187 4 2 17 29 2617 3004 2895 2406
19188 4 2 17 29 2795 3073 2527 2841
19189 4 2 17 29 2795 2527 3073 3072
19190 4 2 17 29 2981 2582 2578 3116
19191 4 2 17 29 2981 2578 2582 2820
19192 4 2 17 29 2755 3126 3162 2933
19193 4 2 17 29 2755 3162 3126 2757
19194 4 2 17 29 1201 1220 2966 2708
19195 4 2 17 29 1201 2966 1220 1221
19196 4 2 17 29 2951 3028 2373 2512
19197 4 2 17 29 2373 3028 2951 3132
19198 4 2 17 29 2373 2447 2951 2512
19199 4 2 17 29 2951 2447 2373 3132
19200 4 2 17 29 2661 3078 3081 2979
19201 4 2 17 29 3081 3078 2661 2397
19202 4 2 17 29 2661 2392 3081 2397
19203 4 2 17 29 2436 2890 2580 2550
19204 4 2 17 29 2436 2580 2890 3071
19205 4 2 17 29 2517 2859 2450 2361
19206 4 2 17 29 2450 2859 2517 3147
19207 4 2 17 29 3169 2613 2882 2997
19208 4 2 17 29 3169 2882 2613 2686
19209 4 2 17 29 3064 3033 2806 2489
19210 4 2 17 29 2806 3033 3064 3145
19211 4 2 17 29 2986 2406 2576 2591
19212 4 2 17 29 2986 2576 2406 3004
19213 4 2 17 29 3102 2790 2457 2778
19214 4 2 17 29 3102 2457 2790 2956
19215 4 2 17 29 2490 2743 3064 2918
19216 4 2 17 29 3064 2743 2490 2489
19217 4 2 17 29 3064 2917 2490 2918
19218 4 2 17 29 2490 2917 3064 2489
19219 4 2 17 29 2844 3118 2843 3119
19220 4 2 17 29 2844 2843 3118 2632
19221 4 2 17 29 2467 3020 3119 2633
19222 4 2 17 29 3119 3020 2467 2908
19223 4 2 17 29 3148 2480 2549 3135
19224 4 2 17 29 3148 2549 2480 2683
19225 4 2 17 29 2931 2476 2610 2609
19226 4 2 17 29 2931 2610 2476 3178
19227 4 2 17 29 2990 2460 2642 2629
19228 4 2 17 29 2990 2642 2460 3151
19229 4 2 17 29 2378 2959 3031 2569
19230 4 2 17 29 3031 2959 2378 3003
19231 4 2 17 29 2852 3125 2443 2853
19232 4 2 17 29 2852 2443 3125 3166
19233 4 2 17 29 2602 2397 2879 3081
19234 4 2 17 29 2602 2879 2397 2603
19235 4 2 17 29 3019 2648 2422 2810
19236 4 2 17 29 3019 2422 2648 3077
19237 4 2 17 29 2873 2416 2677 2676
19238 4 2 17 29 2677 2416 2873 3173
19239 4 2 17 29 2604 2659 3078 2397
19240 4 2 17 29 1190 3078 2659 2397
19241 4 2 17 29 1190 2659 3078 2928
19242 4 2 17 29 2439 2563 3096 2723
19243 4 2 17 29 2439 3096 2563 2914
19244 4 2 17 29 2970 3096 2563 2723
19245 4 2 17 29 2970 2563 3096 2914
19246 4 2 17 29 2477 3178 3137 2889
19247 4 2 17 29 3137 3178 2477 2610
19248 4 2 17 29 3137 2437 2477 2889
19249 4 2 17 29 2477 2437 3137 2610
19250 4 2 17 29 2572 3029 2646 3085
19251 4 2 17 29 2572 2646 3029 2372
19252 4 2 17 29 2905 2646 3029 3085
19253 4 2 17 29 2905 3029 2646 2372
19254 4 2 17 29 3004 2613 2882 2851
19255 4 2 17 29 3004 2882 2613 2997
19256 4 2 17 29 3018 2667 2375 2896
19257 4 2 17 29 2375 2667 3018 2802
19258 4 2 17 29 3078 2604 2879 3087
19259 4 2 17 29 2879 2604 3078 2397
19260 4 2 17 29 3056 2548 2652 2898
19261 4 2 17 29 2652 2548 3056 2413
19262 4 2 17 29 2912 2800 2606 2456
19263 4 2 17 29 2912 2606 2800 3168
19264 4 2 17 29 2868 2371 3165 3065
19265 4 2 17 29 2868 3165 2371 2813
19266 4 2 17 29 2706 2371 3165 2813
19267 4 2 17 29 2485 2959 2597 2569
19268 4 2 17 29 2485 2597 2959 2975
19269 4 2 17 29 2378 2597 2959 2569
19270 4 2 17 29 2378 2959 2597 2975
19271 4 2 17 29 2987 2480 2640 2793
19272 4 2 17 29 2987 2640 2480 3135
19273 4 2 17 29 3170 2364 2651 3063
19274 4 2 17 29 2651 2364 3170 2789
19275 4 2 17 29 2622 2426 3067 2920
19276 4 2 17 29 3067 2426 2622 2729
19277 4 2 17 29 2546 2426 3067 2729
19278 4 2 17 29 2546 3067 2426 3068
19279 4 2 17 29 2661 1189 3037 2458
19280 4 2 17 29 2758 1189 3037 1209
19281 4 2 17 29 2758 3037 1189 2458
19282 4 2 17 29 3056 2672 2548 2955
19283 4 2 17 29 2548 2672 3056 2413
19284 4 2 17 29 1189 2979 3037 1209
19285 4 2 17 29 3037 2979 1189 2661
19286 4 2 17 29 2926 2932 2534 3136
19287 4 2 17 29 2534 2932 2926 2788
19288 4 2 17 29 2534 2535 2926 3136
19289 4 2 17 29 2926 2535 2534 2788
19290 4 2 17 29 2748 3046 2506 2544
19291 4 2 17 29 2748 2506 3046 3030
19292 4 2 17 29 2415 2506 3046 2544
19293 4 2 17 29 2415 3046 2506 3030
19294 4 2 17 29 2501 1215 1216 2954
19295 4 2 17 29 2501 1216 1215 1196
19296 4 2 17 29 3113 2501 1216 2954
19297 4 2 17 29 3113 1216 2501 1196
19298 4 2 17 29 2601 2501 3113 2954
19299 4 2 17 29 2601 3113 2501 1196
19300 4 2 17 29 2619 2639 3062 3061
19301 4 2 17 29 3062 2639 2619 2361
19302 4 2 17 29 3062 2859 2619 3061
19303 4 2 17 29 2619 2859 3062 2361
19304 4 2 17 29 3081 2661 2998 2392
19305 4 2 17 29 2998 2661 3081 2979
19306 4 2 17 29 2709 2637 2953 2862
19307 4 2 17 29 2953 2637 2709 2360
19308 4 2 17 29 2953 2972 2709 2862
19309 4 2 17 29 2709 2972 2953 2360
19310 4 2 17 29 2659 3078 3087 2604
19311 4 2 17 29 2659 3087 3078 2928
19312 4 2 17 29 2371 3165 2940 2706
19313 4 2 17 29 2371 2940 3165 3065
19314 4 2 18 30 3017 2946 3118 3850
19315 4 2 18 30 3122 3121 2934 3802
19316 4 2 18 30 3779 3782 3236 3792
19317 4 2 18 30 3014 2957 3113 3830
19318 4 2 18 30 3003 2883 3031 3809
19319 4 2 18 30 2889 3805 2901 3845
19320 4 2 18 30 3054 3059 2934 3837
19321 4 2 18 30 3023 2889 2901 3845
19322 4 2 18 30 3779 3787 3792 3858
19323 4 2 18 30 2953 2862 3040 3825
19324 4 2 18 30 3003 2946 2883 3850
19325 4 2 18 30 3236 3792 3782 3858
19326 4 2 18 30 3779 3792 3236 3858
19327 4 2 18 30 2855 3009 3156 3841
19328 4 2 18 30 3007 3140 2957 3821
19329 4 2 18 30 2870 3174 3059 3838
19330 4 2 18 30 2945 3054 2934 3809
19331 4 2 18 30 3001 3079 3134 3839
19332 4 2 18 30 2945 2934 3121 3809
19333 4 2 18 30 3785 3787 3241 3789
19334 4 2 18 30 3244 3236 3779 3782
19335 4 2 18 30 3122 2863 3121 3850
19336 4 2 18 30 3122 2934 3174 3802
19337 4 2 18 30 3244 3782 3779 3784
19338 4 2 18 30 3235 3790 3779 3834
19339 4 2 18 30 3779 3241 3785 3787
19340 4 2 18 30 3779 3784 3782 3792
19341 4 2 18 30 3069 3010 2855 3836
19342 4 2 18 30 3779 3236 3787 3858
19343 4 2 18 30 3187 3785 3241 3789
19344 4 2 18 30 3002 3122 3174 3802
19345 4 2 18 30 3059 3174 2934 3802
19346 4 2 18 30 2868 3144 3145 3842
19347 4 2 18 30 3187 3180 3785 3789
19348 4 2 18 30 3007 3075 3140 3821
19349 4 2 18 30 2946 3833 2883 3850
19350 4 2 18 30 2926 2930 2986 3846
19351 4 2 18 30 2972 2953 3050 3825
19352 4 2 18 30 3098 2930 3026 3846
19353 4 2 18 30 3241 3787 3781 3789
19354 4 2 18 30 3005 3807 3004 3835
19355 4 2 18 30 3095 3027 3175 3857
19356 4 2 18 30 3124 2867 3161 3849
19357 4 2 18 30 2874 3152 3146 3803
19358 4 2 18 30 3152 2874 3153 3841
19359 4 2 18 30 2957 3140 3073 3825
19360 4 2 18 30 3025 3055 2876 3860
19361 4 2 18 30 3144 3123 2994 3843
19362 4 2 18 30 3229 3782 3244 3784
19363 4 2 18 30 3143 2881 2983 3867
19364 4 2 18 30 3068 3067 3830 3833
19365 4 2 18 30 2946 3017 3833 3850
19366 4 2 18 30 2999 2940 2905 3817
19367 4 2 18 30 3041 2974 2907 3816
19368 4 2 18 30 3066 3028 2906 3817
19369 4 2 18 30 3031 3228 3796 3833
19370 4 2 18 30 3233 3235 3226 3779
19371 4 2 18 30 3142 2923 3012 3862
19372 4 2 18 30 2946 3017 2883 3833
19373 4 2 18 30 2882 3004 2986 3829
19374 4 2 18 30 3187 3241 3781 3789
19375 4 2 18 30 3123 3144 2868 3817
19376 4 2 18 30 3241 3237 3779 3785
19377 4 2 18 30 3120 3122 3002 3819
19378 4 2 18 30 3031 2921 3224 3833
19379 4 2 18 30 3055 3056 3159 3857
19380 4 2 18 30 3009 2855 3010 3803
19381 4 2 18 30 2870 3002 3174 3802
19382 4 2 18 30 3187 3781 3184 3789
19383 4 2 18 30 2895 3004 3005 3807
19384 4 2 18 30 3243 3783 3780 3858
19385 4 2 18 30 2898 3159 3056 3857
19386 4 2 18 30 3002 2922 3120 3819
19387 4 2 18 30 3030 2947 2860 3865
19388 4 2 18 30 3241 3187 3237 3785
19389 4 2 18 30 2929 3063 3088 3808
19390 4 2 18 30 3244 3240 3236 3782
19391 4 2 18 30 2895 3204 2986 3004
19392 4 2 18 30 3215 3780 3243 3783
19393 4 2 18 30 2922 3002 3022 3839
19394 4 2 18 30 2898 2969 3095 3814
19395 4 2 18 30 2910 3112 3059 3838
19396 4 2 18 30 3007 3163 3075 3821
19397 4 2 18 30 3236 3782 3240 3858
19398 4 2 18 30 3088 3146 2929 3824
19399 4 2 18 30 3177 3178 2889 3846
19400 4 2 18 30 3784 3792 3779 3800
19401 4 2 18 30 3068 3830 3230 3833
19402 4 2 18 30 2862 3814 3040 3825
19403 4 2 18 30 3028 3816 2906 3817
19404 4 2 18 30 3779 3790 3785 3834
19405 4 2 18 30 2947 3127 3133 3866
19406 4 2 18 30 2967 3032 2909 3833
19407 4 2 18 30 3180 3185 3187 3785
19408 4 2 18 30 3068 2921 3067 3833
19409 4 2 18 30 3168 2912 2947 3811
19410 4 2 18 30 2986 3829 3204 3846
19411 4 2 18 30 3233 3185 3235 3779
19412 4 2 18 30 3245 3233 3226 3779
19413 4 2 18 30 3781 3787 3238 3858
19414 4 2 18 30 3165 2940 2999 3817
19415 4 2 18 30 2945 3121 3011 3850
19416 4 2 18 30 3241 3787 3236 3858
19417 4 2 18 30 2855 3841 3156 3847
19418 4 2 18 30 3196 3811 3848 3864
19419 4 2 18 30 3243 3782 3783 3858
19420 4 2 18 30 3215 3208 3780 3783
19421 4 2 18 30 3163 2968 3075 3821
19422 4 2 18 30 3237 3185 3779 3785
19423 4 2 18 30 2971 2914 3100 3864
19424 4 2 18 30 2999 2905 3042 3813
19425 4 2 18 30 3221 3212 3219 3782
19426 4 2 18 30 2910 3059 3054 3837
19427 4 2 18 30 3156 3084 2855 3847
19428 4 2 18 30 3171 2897 2965 3806
19429 4 2 18 30 3165 2999 3123 3817
19430 4 2 18 30 3237 3187 3185 3785
19431 4 2 18 30 3834 3842 2896 3843
19432 4 2 18 30 3237 3779 3236 3787
19433 4 2 18 30 2967 2909 3017 3833
19434 4 2 18 30 3027 2897 3175 3857
19435 4 2 18 30 3237 3241 3779 3787
19436 4 2 18 30 3229 3240 3244 3782
19437 4 2 18 30 2995 3097 2949 3866
19438 4 2 18 30 3793 3826 3845 3846
19439 4 2 18 30 2962 3016 3154 3826
19440 4 2 18 30 3210 3805 2889 3845
19441 4 2 18 30 3210 2889 2932 3846
19442 4 2 18 30 3152 3009 3010 3803
19443 4 2 18 30 2982 3110 2865 3819
19444 4 2 18 30 3122 3121 3802 3850
19445 4 2 18 30 2866 3161 3134 3839
19446 4 2 18 30 2945 2871 3054 3809
19447 4 2 18 30 2997 3004 2882 3829
19448 4 2 18 30 3002 2870 3022 3839
19449 4 2 18 30 3026 2903 2964 3829
19450 4 2 18 30 3143 3835 2881 3867
19451 4 2 18 30 3146 3152 3010 3803
19452 4 2 18 30 3241 3238 3787 3858
19453 4 2 18 30 3235 3779 3185 3834
19454 4 2 18 30 3031 3796 2883 3833
19455 4 2 18 30 2908 2967 3017 3851
19456 4 2 18 30 3056 1215 2955 3814
19457 4 2 18 30 3782 3224 3788 3796
19458 4 2 18 30 3023 3177 2889 3845
19459 4 2 18 30 3094 3109 2967 3821
19460 4 2 18 30 2947 2912 3127 3856
19461 4 2 18 30 3187 3241 3184 3781
19462 4 2 18 30 3210 2901 2889 3805
19463 4 2 18 30 3198 3780 3786 3858
19464 4 2 18 30 3779 3792 3787 3800
19465 4 2 18 30 2981 3089 3077 3844
19466 4 2 18 30 2901 3024 3023 3845
19467 4 2 18 30 3248 3219 3212 3782
19468 4 2 18 30 2941 3074 2985 3868
19469 4 2 18 30 3241 3238 3781 3787
19470 4 2 18 30 2905 2940 3085 3816
19471 4 2 18 30 3198 3786 3201 3858
19472 4 2 18 30 3140 2957 3821 3825
19473 4 2 18 30 3221 3219 3227 3782
19474 4 2 18 30 2866 2948 3161 3839
19475 4 2 18 30 3142 3853 2923 3862
19476 4 2 18 30 2855 3130 3069 3836
19477 4 2 18 30 3109 3094 2968 3821
19478 4 2 18 30 3011 2884 2945 3850
19479 4 2 18 30 3194 3781 3201 3786
19480 4 2 18 30 3104 3143 2985 3835
19481 4 2 18 30 3240 3229 3227 3782
19482 4 2 18 30 3245 3185 3233 3779
19483 4 2 18 30 3186 3815 3066 3817
19484 4 2 18 30 3031 3224 3228 3833
19485 4 2 18 30 3077 3089 2891 3844
19486 4 2 18 30 3779 3785 3185 3834
19487 4 2 18 30 3243 3782 3215 3783
19488 4 2 18 30 2957 3797 3113 3830
19489 4 2 18 30 3123 2868 3165 3817
19490 4 2 18 30 2986 3098 2882 3829
19491 4 2 18 30 3229 3244 3779 3784
19492 4 2 18 30 3144 2994 3155 3843
19493 4 2 18 30 3082 2893 3156 3840
19494 4 2 18 30 3215 3239 3243 3780
19495 4 2 18 30 2943 3102 2990 3832
19496 4 2 18 30 2957 3821 3797 3830
19497 4 2 18 30 2895 3204 3004 3794
19498 4 2 18 30 3072 2954 3073 3825
19499 4 2 18 30 2892 3076 2977 3836
19500 4 2 18 30 3114 2861 2988 3856
19501 4 2 18 30 3117 3148 2924 3828
19502 4 2 18 30 3068 3230 2921 3833
19503 4 2 18 30 3179 2963 3147 3829
19504 4 2 18 30 3040 2969 2899 3814
19505 4 2 18 30 3097 2950 2949 3866
19506 4 2 18 30 3243 3240 3782 3858
19507 4 2 18 30 3088 3063 2878 3867
19508 4 2 18 30 3001 2855 3084 3847
19509 4 2 18 30 3168 2947 2913 3811
19510 4 2 18 30 3237 3236 3241 3787
19511 4 2 18 30 3026 3049 2903 3826
19512 4 2 18 30 2963 3016 3147 3829
19513 4 2 18 30 3049 3026 2931 3846
19514 4 2 18 30 2972 2865 3110 3840
19515 4 2 18 30 3790 3804 3785 3834
19516 4 2 18 30 3000 3001 3134 3836
19517 4 2 18 30 3145 3064 2868 3842
19518 4 2 18 30 3031 3796 3228 3809
19519 4 2 18 30 2887 3140 3075 3825
19520 4 2 18 30 3040 2899 3044 3825
19521 4 2 18 30 3205 3198 3247 3780
19522 4 2 18 30 2941 2985 3143 3867
19523 4 2 18 30 3843 3853 2980 3862
19524 4 2 18 30 3204 3829 3794 3846
19525 4 2 18 30 3154 3016 2903 3826
19526 4 2 18 30 3157 2962 3154 3845
19527 4 2 18 30 3781 3811 3798 3848
19528 4 2 18 30 3243 3780 3239 3858
19529 4 2 18 30 2906 3085 2940 3816
19530 4 2 18 30 3230 3830 3788 3833
19531 4 2 18 30 3179 2997 3169 3829
19532 4 2 18 30 3010 3069 2886 3824
19533 4 2 18 30 3036 2913 3035 3864
19534 4 2 18 30 2968 3163 3109 3821
19535 4 2 18 30 2891 3019 3827 3861
19536 4 2 18 30 2859 2962 2993 3852
19537 4 2 18 30 3184 3191 3193 3781
19538 4 2 18 30 3105 3102 2943 3854
19539 4 2 18 30 3146 3010 2886 3824
19540 4 2 18 30 3098 3026 3829 3846
19541 4 2 18 30 3098 3026 2964 3829
19542 4 2 18 30 3054 2934 3809 3837
19543 4 2 18 30 3017 3850 3118 3851
19544 4 2 18 30 3198 3205 3207 3780
19545 4 2 18 30 3039 2923 3142 3853
19546 4 2 18 30 2923 3135 3013 3828
19547 4 2 18 30 2873 3019 2966 3861
19548 4 2 18 30 2933 2944 3126 3844
19549 4 2 18 30 3014 3034 2864 3830
19550 4 2 18 30 3074 2877 2985 3868
19551 4 2 18 30 3045 3041 2907 3855
19552 4 2 18 30 3227 3219 3248 3782
19553 4 2 18 30 2967 2864 3032 3821
19554 4 2 18 30 3006 3810 3807 3868
19555 4 2 18 30 3244 3236 3237 3779
19556 4 2 18 30 3196 3791 3811 3864
19557 4 2 18 30 2892 3836 2977 3859
19558 4 2 18 30 3246 3191 3184 3781
19559 4 2 18 30 2931 3178 3049 3846
19560 4 2 18 30 3017 3118 2908 3851
19561 4 2 18 30 3241 3236 3238 3858
19562 4 2 18 30 2932 3216 3210 3846
19563 4 2 18 30 3060 3216 2932 3846
19564 4 2 18 30 3210 3795 3805 3845
19565 4 2 18 30 3239 3215 3213 3780
19566 4 2 18 30 3198 3780 3195 3794
19567 4 2 18 30 3095 3175 2936 3857
19568 4 2 18 30 2965 2897 3027 3806
19569 4 2 18 30 3182 3185 3785 3834
19570 4 2 18 30 3198 3201 3242 3858
19571 4 2 18 30 3027 3095 2969 3806
19572 4 2 18 30 2874 3088 2983 3822
19573 4 2 18 30 3208 3213 3215 3780
19574 4 2 18 30 2977 2905 3029 3816
19575 4 2 18 30 2967 3833 3017 3851
19576 4 2 18 30 3238 3242 3201 3781
19577 4 2 18 30 3131 3045 2907 3855
19578 4 2 18 30 2883 3796 3031 3809
19579 4 2 18 30 3198 3239 3780 3858
19580 4 2 18 30 3007 2864 3163 3821
19581 4 2 18 30 2913 2947 3030 3811
19582 4 2 18 30 3168 2913 3008 3854
19583 4 2 18 30 2919 3042 3124 3818
19584 4 2 18 30 3137 2932 2889 3846
19585 4 2 18 30 3221 3782 3227 3788
19586 4 2 18 30 3834 3843 2896 3862
19587 4 2 18 30 3053 2948 2872 3844
19588 4 2 18 30 2900 2991 2993 3860
19589 4 2 18 30 3782 3784 3227 3796
19590 4 2 18 30 2985 3005 2894 3835
19591 4 2 18 30 2894 3004 2997 3835
19592 4 2 18 30 2894 3005 3004 3835
19593 4 2 18 30 2880 3079 3001 3847
19594 4 2 18 30 2876 3055 3857 3860
19595 4 2 18 30 3027 2969 2862 3806
19596 4 2 18 30 3152 3153 3009 3841
19597 4 2 18 30 3061 2993 2904 3823
19598 4 2 18 30 2888 3102 2998 3831
19599 4 2 18 30 3006 3005 2877 3868
19600 4 2 18 30 3215 3243 3212 3782
19601 4 2 18 30 3197 3198 3195 3794
19602 4 2 18 30 2935 3170 3151 3869
19603 4 2 18 30 3032 2864 3034 3830
19604 4 2 18 30 3004 3807 3794 3835
19605 4 2 18 30 3181 3789 3781 3791
19606 4 2 18 30 3128 2978 3067 3830
19607 4 2 18 30 3075 2968 3050 3825
19608 4 2 18 30 3130 2892 3069 3836
19609 4 2 18 30 3212 3221 3209 3788
19610 4 2 18 30 2898 3056 3814 3857
19611 4 2 18 30 3205 3213 3207 3780
19612 4 2 18 30 3171 2875 3051 3823
19613 4 2 18 30 3182 2896 3834 3842
19614 4 2 18 30 2946 3003 3101 3850
19615 4 2 18 30 3101 3118 2946 3850
19616 4 2 18 30 3199 3193 3191 3781
19617 4 2 18 30 3030 3035 2913 3864
19618 4 2 18 30 2855 3001 3000 3836
19619 4 2 18 30 3196 3848 2915 3864
19620 4 2 18 30 2873 3790 3172 3863
19621 4 2 18 30 2910 3080 3112 3838
19622 4 2 18 30 3036 3854 2913 3864
19623 4 2 18 30 3181 3781 3193 3791
19624 4 2 18 30 3144 3155 3033 3843
19625 4 2 18 30 3154 3049 2961 3826
19626 4 2 18 30 3782 3792 3783 3858
19627 4 2 18 30 3069 2892 3114 3812
19628 4 2 18 30 2999 3042 2919 3818
19629 4 2 18 30 3140 2887 3073 3825
19630 4 2 18 30 3004 3829 2997 3835
19631 4 2 18 30 3036 3008 2913 3854
19632 4 2 18 30 2942 3119 3118 3850
19633 4 2 18 30 3145 3144 3033 3842
19634 4 2 18 30 3196 3193 3781 3791
19635 4 2 18 30 3238 3184 3241 3781
19636 4 2 18 30 2980 3142 3012 3853
19637 4 2 18 30 3201 3199 3238 3781
19638 4 2 18 30 2895 3794 3004 3807
19639 4 2 18 30 2981 3116 3053 3827
19640 4 2 18 30 3161 3836 3134 3839
19641 4 2 18 30 3144 3817 3123 3843
19642 4 2 18 30 3020 2982 2865 3851
19643 4 2 18 30 3079 3839 3001 3847
19644 4 2 18 30 3112 2870 3059 3838
19645 4 2 18 30 3198 3786 3780 3794
19646 4 2 18 30 3205 3247 3213 3780
19647 4 2 18 30 3238 3242 3781 3858
19648 4 2 18 30 2924 3148 3039 3828
19649 4 2 18 30 3172 2873 2966 3790
19650 4 2 18 30 3080 2944 2933 3861
19651 4 2 18 30 3235 3185 3182 3834
19652 4 2 18 30 2898 3047 2969 3814
19653 4 2 18 30 3012 2980 3853 3862
19654 4 2 18 30 2934 3802 3121 3809
19655 4 2 18 30 2926 2986 3204 3846
19656 4 2 18 30 3122 3120 2863 3819
19657 4 2 18 30 3087 3086 2879 3869
19658 4 2 18 30 3159 3095 2936 3857
19659 4 2 18 30 3212 3782 3221 3788
19660 4 2 18 30 3113 2957 2954 3797
19661 4 2 18 30 3189 3791 3202 3864
19662 4 2 18 30 3061 3051 2875 3823
19663 4 2 18 30 3109 2864 2967 3821
19664 4 2 18 30 2948 2939 2872 3844
19665 4 2 18 30 3028 2974 2906 3816
19666 4 2 18 30 3042 2905 2867 3813
19667 4 2 18 30 2975 2884 3003 3809
19668 4 2 18 30 3785 3842 3834 3843
19669 4 2 18 30 2863 3011 3121 3850
19670 4 2 18 30 3157 3154 2961 3845
19671 4 2 18 30 3179 3147 2984 3835
19672 4 2 18 30 3014 3113 2958 3830
19673 4 2 18 30 3128 3032 2978 3830
19674 4 2 18 30 2901 3024 3845 3860
19675 4 2 18 30 3031 2883 2921 3833
19676 4 2 18 30 3222 3227 3784 3796
19677 4 2 18 30 2858 3063 3108 3824
19678 4 2 18 30 3198 3242 3239 3858
19679 4 2 18 30 3115 2876 3150 3860
19680 4 2 18 30 3170 3831 3151 3869
19681 4 2 18 30 3079 2922 3022 3839
19682 4 2 18 30 3069 3114 2886 3824
19683 4 2 18 30 3199 3191 3246 3781
19684 4 2 18 30 3032 3128 2909 3833
19685 4 2 18 30 2901 3210 3214 3805
19686 4 2 18 30 3091 3024 3025 3860
19687 4 2 18 30 2862 3825 2953 3840
19688 4 2 18 30 2889 3178 3137 3846
19689 4 2 18 30 3161 2867 3076 3836
19690 4 2 18 30 2891 2966 3019 3861
19691 4 2 18 30 2943 2990 2858 3832
19692 4 2 18 30 2956 2998 3102 3854
19693 4 2 18 30 3143 2985 3835 3867
19694 4 2 18 30 3081 2888 2998 3831
19695 4 2 18 30 3196 3811 3781 3848
19696 4 2 18 30 3143 3104 2881 3835
19697 4 2 18 30 2903 3049 3154 3826
19698 4 2 18 30 2974 3041 2857 3816
19699 4 2 18 30 3215 3782 3212 3783
19700 4 2 18 30 3150 2876 3055 3857
19701 4 2 18 30 3158 2961 3177 3845
19702 4 2 18 30 3229 3244 3226 3779
19703 4 2 18 30 3025 3024 2901 3860
19704 4 2 18 30 2988 2912 3106 3832
19705 4 2 18 30 2897 3806 3171 3823
19706 4 2 18 30 3149 2955 3072 3814
19707 4 2 18 30 2972 2862 2953 3840
19708 4 2 18 30 3224 3782 3227 3796
19709 4 2 18 30 3086 2989 2879 3869
19710 4 2 18 30 3197 3786 3198 3794
19711 4 2 18 30 3201 3194 3199 3781
19712 4 2 18 30 3077 2924 2981 3827
19713 4 2 18 30 3072 2899 3149 3814
19714 4 2 18 30 2855 3803 3009 3841
19715 4 2 18 30 2926 3203 3060 3846
19716 4 2 18 30 3160 3050 2953 3825
19717 4 2 18 30 2858 3108 3107 3832
19718 4 2 18 30 3243 3240 3212 3782
19719 4 2 18 30 2959 3003 3031 3809
19720 4 2 18 30 2950 3815 2949 3866
19721 4 2 18 30 3052 3164 3139 3855
19722 4 2 18 30 3108 3114 2988 3824
19723 4 2 18 30 3022 2870 3167 3839
19724 4 2 18 30 2980 2896 3018 3843
19725 4 2 18 30 3002 2922 3819 3839
19726 4 2 18 30 2884 2975 2945 3809
19727 4 2 18 30 2897 3171 3051 3823
19728 4 2 18 30 3052 2952 3164 3855
19729 4 2 18 30 3083 3809 3228 3837
19730 4 2 18 30 3101 3003 2884 3850
19731 4 2 18 30 2980 2916 3166 3853
19732 4 2 18 30 2911 3837 3225 3861
19733 4 2 18 30 3139 2960 3127 3866
19734 4 2 18 30 3004 3794 3829 3835
19735 4 2 18 30 2959 3031 3228 3809
19736 4 2 18 30 2948 3839 2939 3844
19737 4 2 18 30 3123 2999 2919 3818
19738 4 2 18 30 3223 3790 3235 3834
19739 4 2 18 30 3210 3793 3795 3845
19740 4 2 18 30 3075 3050 3160 3825
19741 4 2 18 30 3070 2878 3063 3869
19742 4 2 18 30 3047 2899 2969 3814
19743 4 2 18 30 3224 2921 3230 3833
19744 4 2 18 30 2942 2863 3020 3851
19745 4 2 18 30 3195 3780 3207 3793
19746 4 2 18 30 3184 3193 3181 3781
19747 4 2 18 30 2920 2958 3218 3830
19748 4 2 18 30 2977 3029 2857 3859
19749 4 2 18 30 3202 3791 3196 3864
19750 4 2 18 30 3184 3781 3181 3789
19751 4 2 18 30 3140 3821 3075 3825
19752 4 2 18 30 3163 2864 3109 3821
19753 4 2 18 30 2960 3133 3127 3866
19754 4 2 18 30 3804 3843 3834 3862
19755 4 2 18 30 2883 3017 3058 3833
19756 4 2 18 30 3833 3850 3017 3851
19757 4 2 18 30 2928 3810 3006 3868
19758 4 2 18 30 2945 3809 3121 3850
19759 4 2 18 30 3243 3236 3240 3858
19760 4 2 18 30 2932 3136 2926 3846
19761 4 2 18 30 2948 3161 3839 3849
19762 4 2 18 30 2875 3171 2965 3841
19763 4 2 18 30 3158 3177 3023 3845
19764 4 2 18 30 3107 3108 2988 3832
19765 4 2 18 30 2912 3811 3168 3854
19766 4 2 18 30 3161 3000 3134 3836
19767 4 2 18 30 3054 2871 3093 3837
19768 4 2 18 30 3237 3185 3245 3779
19769 4 2 18 30 2974 3085 2906 3816
19770 4 2 18 30 2939 2948 2866 3839
19771 4 2 18 30 3086 3087 2927 3868
19772 4 2 18 30 2963 3179 3169 3829
19773 4 2 18 30 3085 3029 2905 3816
19774 4 2 18 30 3039 3116 2924 3827
19775 4 2 18 30 2961 3826 3177 3845
19776 4 2 18 30 2871 2945 2975 3809
19777 4 2 18 30 3798 3810 3200 3848
19778 4 2 18 30 2904 2993 2991 3860
19779 4 2 18 30 3174 3802 3059 3838
19780 4 2 18 30 2973 2881 3062 3852
19781 4 2 18 30 2915 1208 3037 3848
19782 4 2 18 30 3142 3012 3853 3862
19783 4 2 18 30 3225 3837 3799 3861
19784 4 2 18 30 3226 3244 3237 3779
19785 4 2 18 30 3161 2867 3836 3849
19786 4 2 18 30 3226 3237 3245 3779
19787 4 2 18 30 2910 3054 3093 3837
19788 4 2 18 30 2882 3169 2997 3829
19789 4 2 18 30 2856 3043 2919 3818
19790 4 2 18 30 2898 3095 3159 3857
19791 4 2 18 30 3088 3808 3063 3867
19792 4 2 18 30 3190 3801 3791 3865
19793 4 2 18 30 2930 3099 3026 3846
19794 4 2 18 30 3167 2870 3162 3838
19795 4 2 18 30 3066 3183 2951 3815
19796 4 2 18 30 3230 3068 3217 3830
19797 4 2 18 30 3105 3106 2912 3854
19798 4 2 18 30 3176 2897 2996 3857
19799 4 2 18 30 3198 3239 3247 3780
19800 4 2 18 30 3010 3803 2855 3836
19801 4 2 18 30 3131 2907 3132 3815
19802 4 2 18 30 3222 3224 3227 3796
19803 4 2 18 30 3176 3175 2897 3857
19804 4 2 18 30 2972 2953 3825 3840
19805 4 2 18 30 2967 2908 3094 3851
19806 4 2 18 30 3071 3139 2890 3866
19807 4 2 18 30 3069 3803 3010 3836
19808 4 2 18 30 2923 3148 3135 3828
19809 4 2 18 30 3240 3248 3212 3782
19810 4 2 18 30 3217 3068 2920 3830
19811 4 2 18 30 3016 2964 2903 3829
19812 4 2 18 30 2904 3115 2996 3860
19813 4 2 18 30 2896 3843 2980 3862
19814 4 2 18 30 2873 2966 3790 3861
19815 4 2 18 30 3001 3836 2855 3847
19816 4 2 18 30 2999 3813 3042 3818
19817 4 2 18 30 3125 2916 3043 3853
19818 4 2 18 30 3198 3207 3195 3780
19819 4 2 18 30 3075 3160 2887 3825
19820 4 2 18 30 2905 2977 2867 3813
19821 4 2 18 30 2891 3089 2944 3861
19822 4 2 18 30 3229 3779 3222 3784
19823 4 2 18 30 2936 3175 3176 3857
19824 4 2 18 30 3013 3012 2923 3862
19825 4 2 18 30 3059 3802 2934 3837
19826 4 2 18 30 2871 2975 3083 3809
19827 4 2 18 30 3166 3142 2980 3853
19828 4 2 18 30 2904 3823 2993 3860
19829 4 2 18 30 2990 3102 2888 3831
19830 4 2 18 30 3224 3227 3782 3788
19831 4 2 18 30 3061 3841 2973 3852
19832 4 2 18 30 3203 3216 3060 3846
19833 4 2 18 30 2873 3117 3019 3828
19834 4 2 18 30 3034 2978 3032 3830
19835 4 2 18 30 3025 2876 3091 3860
19836 4 2 18 30 3187 3184 3180 3789
19837 4 2 18 30 3210 2901 1214 2889
19838 4 2 18 30 3039 3038 2856 3853
19839 4 2 18 30 3100 2970 3046 3865
19840 4 2 18 30 3065 3066 2906 3817
19841 4 2 18 30 2891 3019 3077 3827
19842 4 2 18 30 3204 3203 2926 3846
19843 4 2 18 30 2953 3040 3044 3825
19844 4 2 18 30 3056 3805 3214 3814
19845 4 2 18 30 2947 3856 3127 3866
19846 4 2 18 30 2918 3186 3066 3817
19847 4 2 18 30 3061 2993 3823 3852
19848 4 2 18 30 2940 3816 2905 3817
19849 4 2 18 30 3212 3209 3211 3797
19850 4 2 18 30 3028 3132 2907 3815
19851 4 2 18 30 3113 3797 3218 3830
19852 4 2 18 30 3224 3796 3228 3833
19853 4 2 18 30 2999 2905 3813 3817
19854 4 2 18 30 3238 3246 3184 3781
19855 4 2 18 30 2950 3183 2949 3815
19856 4 2 18 30 3157 2993 2962 3845
19857 4 2 18 30 3072 3814 2954 3825
19858 4 2 18 30 3149 2899 3047 3814
19859 4 2 18 30 2968 3094 3050 3820
19860 4 2 18 30 3027 2862 2965 3840
19861 4 2 18 30 3148 2923 3039 3828
19862 4 2 18 30 2885 2998 2956 3854
19863 4 2 18 30 3207 3780 3213 3793
19864 4 2 18 30 3016 2962 2859 3852
19865 4 2 18 30 3003 2959 2975 3809
19866 4 2 18 30 3056 3214 1215 3814
19867 4 2 18 30 3785 3790 3779 3804
19868 4 2 18 30 2893 3084 3156 3847
19869 4 2 18 30 2943 3106 3105 3832
19870 4 2 18 30 3240 3227 3248 3782
19871 4 2 18 30 2962 3845 2993 3852
19872 4 2 18 30 2983 3822 3088 3867
19873 4 2 18 30 2967 3821 3032 3833
19874 4 2 18 30 3116 2981 2924 3827
19875 4 2 18 30 2955 3047 2898 3814
19876 4 2 18 30 2879 2989 3081 3831
19877 4 2 18 30 3063 2929 3108 3824
19878 4 2 18 30 3061 2859 2993 3852
19879 4 2 18 30 3170 3832 3831 3869
19880 4 2 18 30 2982 3120 2922 3819
19881 4 2 18 30 3065 2868 3064 3817
19882 4 2 18 30 3080 2910 3111 3837
19883 4 2 18 30 2921 1219 3031 3224
19884 4 2 18 30 3182 1204 2896 3842
19885 4 2 18 30 2883 3833 3796 3850
19886 4 2 18 30 3057 3128 3067 3833
19887 4 2 18 30 2971 2949 3190 3865
19888 4 2 18 30 3208 3215 3212 3783
19889 4 2 18 30 2870 3802 3174 3838
19890 4 2 18 30 2855 3803 3841 3847
19891 4 2 18 30 3064 2918 3065 3817
19892 4 2 18 30 2968 3075 3821 3825
19893 4 2 18 30 3167 3162 2939 3838
19894 4 2 18 30 3050 2865 2972 3820
19895 4 2 18 30 2937 2987 2873 3828
19896 4 2 18 30 3822 3824 3088 3867
19897 4 2 18 30 3146 2886 2929 3824
19898 4 2 18 30 3196 3791 3781 3811
19899 4 2 18 30 3045 2952 3041 3855
19900 4 2 18 30 2892 2977 2976 3859
19901 4 2 18 30 2868 3817 3144 3842
19902 4 2 18 30 2991 2900 3024 3860
19903 4 2 18 30 2855 3836 3803 3847
19904 4 2 18 30 3046 3030 2860 3865
19905 4 2 18 30 3065 2906 2940 3817
19906 4 2 18 30 3182 2896 3015 3834
19907 4 2 18 30 2996 3115 3150 3857
19908 4 2 18 30 2901 3845 3805 3860
19909 4 2 18 30 2855 3000 3130 3836
19910 4 2 18 30 2981 3053 2872 3844
19911 4 2 18 30 3148 3117 2987 3828
19912 4 2 18 30 3171 3806 2965 3840
19913 4 2 18 30 2931 3137 3178 3846
19914 4 2 18 30 3063 3808 3170 3869
19915 4 2 18 30 3051 2996 2897 3823
19916 4 2 18 30 2912 2988 3127 3856
19917 4 2 18 30 2894 3104 2985 3835
19918 4 2 18 30 3186 3789 3815 3817
19919 4 2 18 30 2947 3811 2912 3856
19920 4 2 18 30 3781 3812 3803 3824
19921 4 2 18 30 2939 3162 3126 3838
19922 4 2 18 30 3223 3225 3226 3790
19923 4 2 18 30 3055 3805 3056 3857
19924 4 2 18 30 3785 3818 3804 3849
19925 4 2 18 30 3099 2931 3026 3846
19926 4 2 18 30 2909 3058 3017 3833
19927 4 2 18 30 3780 3841 3803 3858
19928 4 2 18 30 3117 2873 2987 3828
19929 4 2 18 30 3119 2908 3118 3851
19930 4 2 18 30 2916 2994 3043 3843
19931 4 2 18 30 2997 3179 2894 3835
19932 4 2 18 30 3016 3826 2962 3852
19933 4 2 18 30 3082 3156 3009 3841
19934 4 2 18 30 2994 3123 2919 3818
19935 4 2 18 30 3173 2873 3172 3863
19936 4 2 18 30 3048 2995 3021 3866
19937 4 2 18 30 3006 2895 3005 3807
19938 4 2 18 30 2989 2888 3081 3831
19939 4 2 18 30 3054 3809 2871 3837
19940 4 2 18 30 3028 3066 2951 3815
19941 4 2 18 30 3786 3794 3197 3807
19942 4 2 18 30 2879 3081 3078 3810
19943 4 2 18 30 2969 3806 3095 3814
19944 4 2 18 30 3130 3076 2892 3836
19945 4 2 18 30 3805 3814 3056 3857
19946 4 2 18 30 2972 3050 3820 3825
19947 4 2 18 30 3067 2978 3129 3830
19948 4 2 18 30 3781 3798 3812 3824
19949 4 2 18 30 3803 3841 3792 3858
19950 4 2 18 30 3123 3817 2999 3818
19951 4 2 18 30 3780 3822 3803 3841
19952 4 2 18 30 3010 3803 3069 3824
19953 4 2 18 30 2873 3828 3790 3863
19954 4 2 18 30 2932 3210 1213 2889
19955 4 2 18 30 2898 3806 3095 3857
19956 4 2 18 30 3198 3194 3201 3786
19957 4 2 18 30 3239 3213 3247 3780
19958 4 2 18 30 2885 3008 3036 3854
19959 4 2 18 30 2878 2983 3088 3867
19960 4 2 18 30 3184 3181 3183 3789
19961 4 2 18 30 2869 3080 3111 3861
19962 4 2 18 30 3215 3239 1240 3243
19963 4 2 18 30 3187 3241 3237 1228
19964 4 2 18 30 1234 3201 3238 3242
19965 4 2 18 30 3229 3244 3240 1244
19966 4 2 18 30 2971 3791 2914 3864
19967 4 2 18 30 2892 3812 3069 3836
19968 4 2 18 30 2967 3094 3821 3851
19969 4 2 18 30 3057 3067 2921 3833
19970 4 2 18 30 3116 3827 3039 3853
19971 4 2 18 30 2920 3068 3067 3830
19972 4 2 18 30 2871 3809 3083 3837
19973 4 2 18 30 3041 2907 3815 3816
19974 4 2 18 30 3785 3813 3818 3849
19975 4 2 18 30 3797 3814 3806 3825
19976 4 2 18 30 3126 3162 2933 3838
19977 4 2 18 30 2944 3089 3126 3844
19978 4 2 18 30 3196 2915 1208 3864
19979 4 2 18 30 3041 3815 2907 3855
19980 4 2 18 30 3218 3217 2920 3830
19981 4 2 18 30 2929 3808 3088 3824
19982 4 2 18 30 3061 2875 2973 3841
19983 4 2 18 30 3016 2963 2964 3829
19984 4 2 18 30 3113 2954 3218 3797
19985 4 2 18 30 3164 2890 3139 3855
19986 4 2 18 30 3122 3802 3002 3819
19987 4 2 18 30 3787 3789 3785 3813
19988 4 2 18 30 3196 3193 3199 3781
19989 4 2 18 30 3793 3826 3795 3845
19990 4 2 18 30 2993 3845 3823 3852
19991 4 2 18 30 3786 3787 3781 3858
19992 4 2 18 30 3786 3803 3787 3858
19993 4 2 18 30 2995 3071 3097 3866
19994 4 2 18 30 2937 3013 3135 3828
19995 4 2 18 30 3229 3226 3222 3779
19996 4 2 18 30 3781 3786 3194 3798
19997 4 2 18 30 3065 3165 2868 3817
19998 4 2 18 30 3202 3189 3196 3791
19999 4 2 18 30 3781 3791 3789 3801
20000 4 2 18 30 3780 3210 3793 3795
20001 4 2 18 30 3065 2940 3165 3817
20002 4 2 18 30 3190 2949 3183 3815
20003 4 2 18 30 3224 3221 3227 3788
20004 4 2 18 30 2911 1220 3225 3837
20005 4 2 18 30 3172 3790 3232 3863
20006 4 2 18 30 2982 2880 3110 3847
20007 4 2 18 30 3823 3845 2993 3860
20008 4 2 18 30 3024 3158 3023 3845
20009 4 2 18 30 2985 3807 3005 3835
20010 4 2 18 30 3806 3814 2862 3825
20011 4 2 18 30 3780 3792 3841 3858
20012 4 2 18 30 3028 2951 3132 3815
20013 4 2 18 30 3168 3811 2913 3854
20014 4 2 18 30 3172 2966 3232 3790
20015 4 2 18 30 3074 3092 2927 3868
20016 4 2 18 30 2935 3063 3170 3869
20017 4 2 18 30 2916 3155 2994 3843
20018 4 2 18 30 3228 3809 3784 3837
20019 4 2 18 30 2961 3158 3157 3845
20020 4 2 18 30 3230 3217 3788 3830
20021 4 2 18 30 3134 3079 2866 3839
20022 4 2 18 30 3029 3085 2974 3816
20023 4 2 18 30 3108 3824 2988 3832
20024 4 2 18 30 2989 3151 2990 3831
20025 4 2 18 30 3122 3819 2863 3850
20026 4 2 18 30 3204 3794 3793 3846
20027 4 2 18 30 2857 3029 2974 3816
20028 4 2 18 30 3214 3805 3783 3814
20029 4 2 18 30 3210 3207 3213 3793
20030 4 2 18 30 2935 3151 2989 3869
20031 4 2 18 30 3048 2860 3133 3866
20032 4 2 18 30 3234 3248 3227 3219
20033 4 2 18 30 3247 3220 3205 3213
20034 4 2 18 30 3245 3192 3233 3185
20035 4 2 18 30 3246 3199 3206 3191
20036 4 2 18 30 3208 3212 3211 3783
20037 4 2 18 30 2932 2926 3060 3846
20038 4 2 18 30 3196 3189 3193 3791
20039 4 2 18 30 2901 3214 2902 3805
20040 4 2 18 30 3061 2904 3051 3823
20041 4 2 18 30 3006 3807 3005 3868
20042 4 2 18 30 3061 3823 3841 3852
20043 4 2 18 30 2912 3854 3832 3856
20044 4 2 18 30 2902 3056 3055 3805
20045 4 2 18 30 3185 3187 3237 1228
20046 4 2 18 30 3201 3238 3199 1234
20047 4 2 18 30 3213 3239 1240 3215
20048 4 2 18 30 3240 3229 1244 3227
20049 4 2 18 30 3238 3199 3246 3781
20050 4 2 18 30 3012 2896 2980 3862
20051 4 2 18 30 3785 3834 3804 3843
20052 4 2 18 30 3224 3230 3788 3833
20053 4 2 18 30 3073 2887 3044 3825
20054 4 2 18 30 3190 3183 3801 3815
20055 4 2 18 30 2902 3055 3025 3805
20056 4 2 18 30 3141 3087 2928 3868
20057 4 2 18 30 3176 2996 3150 3857
20058 4 2 18 30 3026 3826 2903 3829
20059 4 2 18 30 3027 3806 2897 3857
20060 4 2 18 30 2910 3059 3837 3838
20061 4 2 18 30 3150 3055 3159 3857
20062 4 2 18 30 2975 2959 3083 3809
20063 4 2 18 30 3112 3162 2870 3838
20064 4 2 18 30 2982 3819 2865 3851
20065 4 2 18 30 2942 3020 3119 3851
20066 4 2 18 30 2912 3832 2988 3856
20067 4 2 18 30 3002 3802 2870 3839
20068 4 2 18 30 3036 2915 3848 3864
20069 4 2 18 30 2942 3011 2863 3850
20070 4 2 18 30 2962 3826 3154 3845
20071 4 2 18 30 3160 2953 3044 3825
20072 4 2 18 30 3065 2918 3066 3817
20073 4 2 18 30 3080 2933 3112 3838
20074 4 2 18 30 3194 3798 3200 3848
20075 4 2 18 30 3780 3792 3783 3841
20076 4 2 18 30 2918 3186 3817 3842
20077 4 2 18 30 3216 3793 3210 3846
20078 4 2 18 30 2858 3824 3108 3832
20079 4 2 18 30 3797 3825 3806 3840
20080 4 2 18 30 3073 3044 3072 3825
20081 4 2 18 30 2873 3173 2937 3828
20082 4 2 18 30 2892 2976 3114 3812
20083 4 2 18 30 3189 3202 2914 3864
20084 4 2 18 30 2927 3092 3070 3869
20085 4 2 18 30 3152 3009 3803 3841
20086 4 2 18 30 2981 3827 3053 3844
20087 4 2 18 30 2904 2996 3051 3823
20088 4 2 18 30 3011 3101 2884 3850
20089 4 2 18 30 3101 2942 3118 3850
20090 4 2 18 30 2984 3062 2881 3852
20091 4 2 18 30 3225 3779 3790 3799
20092 4 2 18 30 2967 3821 3833 3851
20093 4 2 18 30 3819 3820 3792 3847
20094 4 2 18 30 3781 3786 3798 3824
20095 4 2 18 30 3104 2984 2881 3835
20096 4 2 18 30 2893 3156 3840 3847
20097 4 2 18 30 2885 3036 3848 3854
20098 4 2 18 30 2875 2965 3082 3841
20099 4 2 18 30 2911 3225 2966 3861
20100 4 2 18 30 3781 3787 3786 3803
20101 4 2 18 30 2915 3096 2914 3864
20102 4 2 18 30 2989 2990 2888 3831
20103 4 2 18 30 2865 3819 3110 3847
20104 4 2 18 30 3077 2891 3827 3844
20105 4 2 18 30 3081 3831 2998 3848
20106 4 2 18 30 3038 3039 3142 3853
20107 4 2 18 30 2875 3153 2973 3841
20108 4 2 18 30 3183 3789 3181 3791
20109 4 2 18 30 3039 3828 2923 3853
20110 4 2 18 30 3077 3019 2924 3827
20111 4 2 18 30 2900 3158 3024 3845
20112 4 2 18 30 3113 3218 2958 3830
20113 4 2 18 30 2876 3115 3091 3860
20114 4 2 18 30 3225 3222 3226 3779
20115 4 2 18 30 3097 3131 2950 3855
20116 4 2 18 30 2968 3820 3050 3825
20117 4 2 18 30 3225 3779 3226 3790
20118 4 2 18 30 2948 3124 3161 3849
20119 4 2 18 30 3228 3796 3784 3809
20120 4 2 18 30 2941 2985 3867 3868
20121 4 2 18 30 3197 3194 3198 3786
20122 4 2 18 30 2998 3831 3102 3854
20123 4 2 18 30 3061 2973 3062 3852
20124 4 2 18 30 2988 3832 3824 3856
20125 4 2 18 30 2901 3210 1214 3214
20126 4 2 18 30 2972 3820 2865 3840
20127 4 2 18 30 3025 2901 3805 3860
20128 4 2 18 30 3123 3818 2994 3843
20129 4 2 18 30 2901 2902 3025 3805
20130 4 2 18 30 3225 3784 3779 3799
20131 4 2 18 30 3030 3811 2947 3865
20132 4 2 18 30 2963 3169 2964 3829
20133 4 2 18 30 3222 3779 3225 3784
20134 4 2 18 30 2910 3093 3111 3837
20135 4 2 18 30 3169 2882 2964 3829
20136 4 2 18 30 2896 1204 2917 3842
20137 4 2 18 30 3157 2900 2993 3845
20138 4 2 18 30 3781 3803 3786 3824
20139 4 2 18 30 3003 3809 2884 3850
20140 4 2 18 30 3105 2956 3102 3854
20141 4 2 18 30 3780 3793 3195 3794
20142 4 2 18 30 3078 3087 2879 3810
20143 4 2 18 30 3779 3787 3785 3813
20144 4 2 18 30 2915 3196 1208 3848
20145 4 2 18 30 2941 3143 2983 3867
20146 4 2 18 30 2923 3853 3828 3862
20147 4 2 18 30 3784 3792 3800 3819
20148 4 2 18 30 2919 3043 2994 3818
20149 4 2 18 30 2898 3095 3806 3814
20150 4 2 18 30 2987 3135 3148 3828
20151 4 2 18 30 3149 3047 2955 3814
20152 4 2 18 30 2916 3125 3166 3853
20153 4 2 18 30 2932 3137 3136 3846
20154 4 2 18 30 2856 3116 3039 3853
20155 4 2 18 30 2942 3850 2863 3851
20156 4 2 18 30 3170 3808 3832 3869
20157 4 2 18 30 2870 3838 3167 3839
20158 4 2 18 30 3182 3834 3785 3842
20159 4 2 18 30 1218 2921 3068 3230
20160 4 2 18 30 3210 3213 3780 3793
20161 4 2 18 30 3186 3183 3066 3815
20162 4 2 18 30 2951 3066 1205 3183
20163 4 2 18 30 2982 3110 3819 3847
20164 4 2 18 30 3210 2932 1213 3216
20165 4 2 18 30 3069 3812 3114 3824
20166 4 2 18 30 3160 3044 2887 3825
20167 4 2 18 30 2933 3126 3838 3844
20168 4 2 18 30 3093 2871 2911 3837
20169 4 2 18 30 3040 3814 2899 3825
20170 4 2 18 30 2989 3831 2879 3869
20171 4 2 18 30 2856 3043 3818 3853
20172 4 2 18 30 3050 3094 2865 3820
20173 4 2 18 30 2977 3813 2905 3816
20174 4 2 18 30 3031 1219 3228 3224
20175 4 2 18 30 2943 2858 3107 3832
20176 4 2 18 30 3150 3159 2936 3857
20177 4 2 18 30 3082 3840 3156 3841
20178 4 2 18 30 3848 3854 3036 3864
20179 4 2 18 30 3030 2913 3811 3864
20180 4 2 18 30 3789 3791 3183 3801
20181 4 2 18 30 2878 3867 3063 3869
20182 4 2 18 30 2861 2976 3052 3856
20183 4 2 18 30 3098 2964 2882 3829
20184 4 2 18 30 2950 1206 2949 3183
20185 4 2 18 30 3032 3821 2864 3830
20186 4 2 18 30 3063 3808 2929 3824
20187 4 2 18 30 3200 3798 3194 3810
20188 4 2 18 30 3087 2879 3810 3869
20189 4 2 18 30 3025 3805 3055 3860
20190 4 2 18 30 2926 3099 2930 3846
20191 4 2 18 30 2906 3816 2940 3817
20192 4 2 18 30 3146 3803 3010 3824
20193 4 2 18 30 2921 2883 3058 3833
20194 4 2 18 30 3091 2991 3024 3860
20195 4 2 18 30 3184 3183 3180 3789
20196 4 2 18 30 2977 3816 3029 3859
20197 4 2 18 30 3214 3210 3208 3805
20198 4 2 18 30 3810 3831 3081 3848
20199 4 2 18 30 3179 3829 3147 3835
20200 4 2 18 30 2971 3021 2949 3865
20201 4 2 18 30 1204 2896 3015 3182
20202 4 2 18 30 3228 3224 3222 3796
20203 4 2 18 30 3782 3792 3784 3819
20204 4 2 18 30 2977 3836 3813 3859
20205 4 2 18 30 2875 3823 3171 3841
20206 4 2 18 30 3783 3792 3780 3858
20207 4 2 18 30 3232 3172 1221 2966
20208 4 2 18 30 3129 2978 3034 3830
20209 4 2 18 30 3016 2859 3147 3852
20210 4 2 18 30 3114 2988 3812 3856
20211 4 2 18 30 3018 2917 3103 3843
20212 4 2 18 30 3120 2982 2863 3819
20213 4 2 18 30 3121 3809 3802 3850
20214 4 2 18 30 3145 3033 3064 3842
20215 4 2 18 30 3194 3798 3786 3810
20216 4 2 18 30 2884 3809 2945 3850
20217 4 2 18 30 3095 3806 3027 3857
20218 4 2 18 30 2879 3081 3810 3831
20219 4 2 18 30 3203 3793 3216 3846
20220 4 2 18 30 3781 3787 3803 3812
20221 4 2 18 30 2937 3090 3013 3862
20222 4 2 18 30 2893 3082 2965 3840
20223 4 2 18 30 3049 3826 3026 3846
20224 4 2 18 30 3061 3823 2875 3841
20225 4 2 18 30 3806 3825 2862 3840
20226 4 2 18 30 3103 3033 3155 3843
20227 4 2 18 30 3013 2923 3828 3862
20228 4 2 18 30 3161 3076 3000 3836
20229 4 2 18 30 2937 3135 2987 3828
20230 4 2 18 30 1215 3211 2955 3814
20231 4 2 18 30 3779 3800 3813 3849
20232 4 2 18 30 3089 3844 2944 3861
20233 4 2 18 30 3171 3840 2965 3841
20234 4 2 18 30 3045 3164 2952 3855
20235 4 2 18 30 2951 3183 2950 3815
20236 4 2 18 30 2972 3110 2893 3840
20237 4 2 18 30 3016 2903 3826 3829
20238 4 2 18 30 3782 3820 3797 3840
20239 4 2 18 30 3797 3820 3825 3840
20240 4 2 18 30 3153 3082 3009 3841
20241 4 2 18 30 2944 2992 2891 3861
20242 4 2 18 30 3210 3213 3208 3780
20243 4 2 18 30 2981 3077 3827 3844
20244 4 2 18 30 3094 3820 2968 3821
20245 4 2 18 30 2918 3817 3064 3842
20246 4 2 18 30 2979 3081 2998 3848
20247 4 2 18 30 3780 3795 3822 3841
20248 4 2 18 30 2936 3176 3150 3857
20249 4 2 18 30 3800 3819 3792 3847
20250 4 2 18 30 3806 3823 2897 3857
20251 4 2 18 30 3186 1204 3182 3842
20252 4 2 18 30 3086 2935 2989 3869
20253 4 2 18 30 2966 3225 3790 3861
20254 4 2 18 30 2928 3197 3006 3810
20255 4 2 18 30 3780 3786 3803 3822
20256 4 2 18 30 3788 3796 3224 3833
20257 4 2 18 30 3231 3790 3834 3863
20258 4 2 18 30 3083 2959 3228 3809
20259 4 2 18 30 2952 2857 3041 3859
20260 4 2 18 30 3100 3046 3021 3865
20261 4 2 18 30 3228 3222 3784 3796
20262 4 2 18 30 3182 3785 3186 3842
20263 4 2 18 30 3029 3816 2857 3859
20264 4 2 18 30 2892 3812 3836 3859
20265 4 2 18 30 2856 3125 3043 3853
20266 4 2 18 30 2900 2993 3845 3860
20267 4 2 18 30 3197 3794 2895 3807
20268 4 2 18 30 2966 2891 2992 3861
20269 4 2 18 30 3080 2933 3838 3861
20270 4 2 18 30 3027 3806 2862 3840
20271 4 2 18 30 3032 3830 3128 3833
20272 4 2 18 30 2920 2958 1217 3218
20273 4 2 18 30 2916 2980 3018 3843
20274 4 2 18 30 3011 2942 3101 3850
20275 4 2 18 30 2954 3072 2955 3814
20276 4 2 18 30 3069 3812 3824 3836
20277 4 2 18 30 2981 2872 3089 3844
20278 4 2 18 30 2973 2874 2983 3822
20279 4 2 18 30 3782 3792 3819 3820
20280 4 2 18 30 3225 3784 3799 3837
20281 4 2 18 30 3244 1245 3226 3237
20282 4 2 18 30 3239 3198 1235 3242
20283 4 2 18 30 3184 3241 1229 3238
20284 4 2 18 30 3243 1241 3212 3240
20285 4 2 18 30 3196 3194 3200 3848
20286 4 2 18 30 2997 3829 3179 3835
20287 4 2 18 30 3202 3196 1208 3864
20288 4 2 18 30 3086 3868 2927 3869
20289 4 2 18 30 3071 2960 3139 3866
20290 4 2 18 30 2902 3214 3056 3805
20291 4 2 18 30 3808 3088 3824 3867
20292 4 2 18 30 1208 1209 3037 3848
20293 4 2 18 30 3234 3227 1237 3219
20294 4 2 18 30 3220 1231 3205 3213
20295 4 2 18 30 1223 3233 3192 3185
20296 4 2 18 30 1225 3206 3199 3191
20297 4 2 18 30 3804 3853 3843 3862
20298 4 2 18 30 3045 3131 3097 3855
20299 4 2 18 30 3238 3236 3242 3858
20300 4 2 18 30 3102 3832 2943 3854
20301 4 2 18 30 3815 3855 3801 3866
20302 4 2 18 30 3804 3827 3779 3849
20303 4 2 18 30 3102 3831 2990 3832
20304 4 2 18 30 2895 3197 3204 3794
20305 4 2 18 30 2886 3114 3108 3824
20306 4 2 18 30 2909 3128 3057 3833
20307 4 2 18 30 3819 3839 2922 3847
20308 4 2 18 30 3045 3097 2890 3855
20309 4 2 18 30 2912 3811 3854 3856
20310 4 2 18 30 3084 2880 3001 3847
20311 4 2 18 30 2948 3839 3844 3849
20312 4 2 18 30 3137 2931 3136 3846
20313 4 2 18 30 2979 3078 3081 3810
20314 4 2 18 30 3189 2914 3791 3864
20315 4 2 18 30 3194 3196 3199 3781
20316 4 2 18 30 2928 3078 1210 3810
20317 4 2 18 30 2952 3041 3855 3859
20318 4 2 18 30 2921 1218 3224 3230
20319 4 2 18 30 2919 3124 2856 3849
20320 4 2 18 30 3785 3789 3186 3817
20321 4 2 18 30 2881 3822 2983 3867
20322 4 2 18 30 3144 3842 3817 3843
20323 4 2 18 30 2979 3810 3081 3848
20324 4 2 18 30 3789 3801 3183 3815
20325 4 2 18 30 2860 3048 3021 3865
20326 4 2 18 30 3131 2907 3815 3855
20327 4 2 18 30 2935 3070 3063 3869
20328 4 2 18 30 3020 2865 3094 3851
20329 4 2 18 30 3062 2984 3147 3852
20330 4 2 18 30 2869 2911 2966 3861
20331 4 2 18 30 3797 3821 2957 3825
20332 4 2 18 30 3069 3824 3803 3836
20333 4 2 18 30 3122 3802 3819 3850
20334 4 2 18 30 3035 3030 2970 3864
20335 4 2 18 30 3223 3790 3231 3863
20336 4 2 18 30 3154 3826 2961 3845
20337 4 2 18 30 3106 2943 3107 3832
20338 4 2 18 30 3813 3816 2977 3859
20339 4 2 18 30 3064 3817 2868 3842
20340 4 2 18 30 3204 3793 3203 3846
20341 4 2 18 30 3218 3797 3788 3830
20342 4 2 18 30 1206 2949 3183 3190
20343 4 2 18 30 3106 3107 2988 3832
20344 4 2 18 30 3215 1241 3212 3243
20345 4 2 18 30 3184 3241 3187 1229
20346 4 2 18 30 3198 3201 1235 3242
20347 4 2 18 30 3226 1245 3244 3229
20348 4 2 18 30 3008 2912 3168 3854
20349 4 2 18 30 3195 3793 3204 3794
20350 4 2 18 30 3796 3782 3819 3820
20351 4 2 18 30 2999 3817 3813 3818
20352 4 2 18 30 2954 2955 3211 3814
20353 4 2 18 30 2933 3162 3112 3838
20354 4 2 18 30 2925 3138 1222 3863
20355 4 2 18 30 2892 2976 3812 3859
20356 4 2 18 30 2897 3823 2996 3857
20357 4 2 18 30 2856 3053 3116 3849
20358 4 2 18 30 3223 3235 3231 3834
20359 4 2 18 30 2973 2983 2881 3822
20360 4 2 18 30 3105 2943 3832 3854
20361 4 2 18 30 3246 1230 3184 3191
20362 4 2 18 30 1246 3233 3226 3245
20363 4 2 18 30 3205 3198 1236 3247
20364 4 2 18 30 1242 3212 3248 3219
20365 4 2 18 30 2857 3816 3041 3859
20366 4 2 18 30 2954 3814 3797 3825
20367 4 2 18 30 2955 2898 3056 3814
20368 4 2 18 30 2947 3811 3856 3866
20369 4 2 18 30 3785 3804 3779 3849
20370 4 2 18 30 2856 3849 3116 3853
20371 4 2 18 30 3802 3809 2934 3837
20372 4 2 18 30 3248 3212 1241 3240
20373 4 2 18 30 3246 3184 1229 3238
20374 4 2 18 30 3237 1245 3226 3245
20375 4 2 18 30 3239 1235 3198 3247
20376 4 2 18 30 2891 3844 3089 3861
20377 4 2 18 30 3799 3779 3827 3849
20378 4 2 18 30 3113 2954 1216 3218
20379 4 2 18 30 3021 2971 3100 3865
20380 4 2 18 30 3179 2984 2894 3835
20381 4 2 18 30 3238 3246 3199 1234
20382 4 2 18 30 1240 3247 3239 3213
20383 4 2 18 30 1244 3248 3240 3227
20384 4 2 18 30 3185 3237 3245 1228
20385 4 2 18 30 3128 3830 3067 3833
20386 4 2 18 30 2924 3039 3827 3828
20387 4 2 18 30 3190 3183 3791 3801
20388 4 2 18 30 3080 3837 3111 3861
20389 4 2 18 30 3164 3045 2890 3855
20390 4 2 18 30 2913 3854 3811 3864
20391 4 2 18 30 3142 3166 3038 3853
20392 4 2 18 30 3036 3035 2915 3864
20393 4 2 18 30 3786 3780 3803 3858
20394 4 2 18 30 2904 2991 3115 3860
20395 4 2 18 30 3186 2918 3066 1205
20396 4 2 18 30 3197 3786 3807 3810
20397 4 2 18 30 3106 3832 2912 3854
20398 4 2 18 30 2871 3083 2911 3837
20399 4 2 18 30 3119 3118 3850 3851
20400 4 2 18 30 2971 3189 2914 3791
20401 4 2 18 30 3785 3779 3813 3849
20402 4 2 18 30 2984 2881 3835 3852
20403 4 2 18 30 2857 2976 2977 3859
20404 4 2 18 30 3144 3033 3842 3843
20405 4 2 18 30 3783 3797 3806 3840
20406 4 2 18 30 3108 2929 2886 3824
20407 4 2 18 30 3087 3141 2927 3868
20408 4 2 18 30 3783 3797 3211 3814
20409 4 2 18 30 2971 3190 3189 3791
20410 4 2 18 30 3021 3046 2860 3865
20411 4 2 18 30 2971 3190 3791 3865
20412 4 2 18 30 2900 3157 3158 3845
20413 4 2 18 30 3036 2915 3037 3848
20414 4 2 18 30 3015 3834 2896 3862
20415 4 2 18 30 3027 2965 3806 3840
20416 4 2 18 30 2996 3115 3857 3860
20417 4 2 18 30 3197 2928 3006 1210
20418 4 2 18 30 1217 2920 3218 3217
20419 4 2 18 30 3087 3810 2928 3868
20420 4 2 18 30 2941 2983 2878 3867
20421 4 2 18 30 2973 3841 3822 3852
20422 4 2 18 30 3131 3132 2950 3815
20423 4 2 18 30 2885 2956 3008 3854
20424 4 2 18 30 3130 3000 3076 3836
20425 4 2 18 30 3087 3868 3086 3869
20426 4 2 18 30 3236 3243 3239 3858
20427 4 2 18 30 3080 2869 2944 3861
20428 4 2 18 30 2926 1212 3060 3203
20429 4 2 18 30 3092 2941 2878 3867
20430 4 2 18 30 3114 3812 2988 3824
20431 4 2 18 30 2928 3006 3141 3868
20432 4 2 18 30 3826 3829 3026 3846
20433 4 2 18 30 2905 3816 3813 3817
20434 4 2 18 30 3806 3814 3805 3857
20435 4 2 18 30 3078 2928 3087 3810
20436 4 2 18 30 2994 3818 3043 3843
20437 4 2 18 30 3197 2895 3006 3807
20438 4 2 18 30 2910 3837 3080 3838
20439 4 2 18 30 3799 3844 3839 3849
20440 4 2 18 30 3225 3799 3790 3861
20441 4 2 18 30 2916 3843 3043 3853
20442 4 2 18 30 3204 1212 2926 3203
20443 4 2 18 30 2927 3868 3092 3869
20444 4 2 18 30 3813 3836 2867 3849
20445 4 2 18 30 3074 3141 2877 3868
20446 4 2 18 30 2916 3103 3155 3843
20447 4 2 18 30 3197 3195 3204 3794
20448 4 2 18 30 3058 2909 3057 3833
20449 4 2 18 30 3189 3181 3193 3791
20450 4 2 18 30 3071 2995 3048 3866
20451 4 2 18 30 3053 2948 3844 3849
20452 4 2 18 30 2912 3008 3105 3854
20453 4 2 18 30 1227 3185 3245 1228
20454 4 2 18 30 3247 1240 1239 3213
20455 4 2 18 30 3199 3246 1233 1234
20456 4 2 18 30 1243 3248 1244 3227
20457 4 2 18 30 2988 2861 3127 3856
20458 4 2 18 30 3789 3816 3815 3817
20459 4 2 18 30 3002 3819 3802 3839
20460 4 2 18 30 2894 2984 3104 3835
20461 4 2 18 30 1245 1246 3226 3245
20462 4 2 18 30 1241 1242 3212 3248
20463 4 2 18 30 1229 1230 3184 3246
20464 4 2 18 30 1236 3198 1235 3247
20465 4 2 18 30 3110 3084 2893 3847
20466 4 2 18 30 3233 1223 3235 3185
20467 4 2 18 30 3191 3199 1225 3193
20468 4 2 18 30 1231 3207 3205 3213
20469 4 2 18 30 3227 3221 1237 3219
20470 4 2 18 30 1212 2926 2986 3204
20471 4 2 18 30 2937 3828 3173 3863
20472 4 2 18 30 3151 3831 2989 3869
20473 4 2 18 30 3115 2991 3091 3860
20474 4 2 18 30 3225 1220 3228 3837
20475 4 2 18 30 3228 3784 3225 3837
20476 4 2 18 30 3105 3832 3106 3854
20477 4 2 18 30 3052 2952 3855 3859
20478 4 2 18 30 3136 2931 3099 3846
20479 4 2 18 30 2962 3826 3845 3852
20480 4 2 18 30 2972 3825 3820 3840
20481 4 2 18 30 2972 2965 2862 3840
20482 4 2 18 30 3779 3800 3787 3813
20483 4 2 18 30 3032 3821 3830 3833
20484 4 2 18 30 3167 3838 2939 3839
20485 4 2 18 30 2960 3048 3133 3866
20486 4 2 18 30 3061 3062 2859 3852
20487 4 2 18 30 3819 3820 2865 3851
20488 4 2 18 30 1206 2950 2951 3183
20489 4 2 18 30 2876 3857 3150 3860
20490 4 2 18 30 2881 3835 3822 3867
20491 4 2 18 30 2942 3119 3850 3851
20492 4 2 18 30 3016 3147 3829 3852
20493 4 2 18 30 3214 3783 3211 3814
20494 4 2 18 30 3782 3784 3796 3819
20495 4 2 18 30 2865 3820 3094 3851
20496 4 2 18 30 3182 3185 3180 3785
20497 4 2 18 30 1213 1214 2889 3210
20498 4 2 18 30 3052 3139 3127 3856
20499 4 2 18 30 2900 3845 3024 3860
20500 4 2 18 30 3197 3807 3006 3810
20501 4 2 18 30 2947 3865 3811 3866
20502 4 2 18 30 2872 2939 3126 3844
20503 4 2 18 30 2939 3838 3126 3844
20504 4 2 18 30 3067 3129 2920 3830
20505 4 2 18 30 3053 3827 3116 3849
20506 4 2 18 30 3173 3828 2873 3863
20507 4 2 18 30 2891 3827 3844 3861
20508 4 2 18 30 3234 196 1242 3219
20509 4 2 18 30 3220 3205 195 1236
20510 4 2 18 30 193 3192 3233 1246
20511 4 2 18 30 194 1230 3206 3191
20512 4 2 18 30 2980 3843 2916 3853
20513 4 2 18 30 2968 3821 3820 3825
20514 4 2 18 30 2904 2996 3823 3860
20515 4 2 18 30 3066 3186 1205 3183
20516 4 2 18 30 3115 3150 3857 3860
20517 4 2 18 30 2938 2896 3012 3862
20518 4 2 18 30 3052 2976 2952 3859
20519 4 2 18 30 1217 2920 3217 3068
20520 4 2 18 30 2916 3018 3103 3843
20521 4 2 18 30 2911 1220 2966 3225
20522 4 2 18 30 3202 3189 1226 3196
20523 4 2 18 30 3218 3209 3788 3797
20524 4 2 18 30 3006 2877 3141 3868
20525 4 2 18 30 2866 3079 3022 3839
20526 4 2 18 30 3805 3857 3055 3860
20527 4 2 18 30 1219 2921 1218 3224
20528 4 2 18 30 3232 2966 3225 3790
20529 4 2 18 30 3139 3855 2890 3866
20530 4 2 18 30 3827 3828 3039 3853
20531 4 2 18 30 3817 3818 3123 3843
20532 4 2 18 30 1207 2914 2971 3189
20533 4 2 18 30 3087 3810 3868 3869
20534 4 2 18 30 3802 3837 3059 3838
20535 4 2 18 30 3194 3786 3197 3810
20536 4 2 18 30 3797 3821 3788 3830
20537 4 2 18 30 3015 1203 3182 3834
20538 4 2 18 30 1238 3217 3221 3788
20539 4 2 18 30 3785 3817 3186 3842
20540 4 2 18 30 2902 2901 1214 3214
20541 4 2 18 30 3153 2875 3082 3841
20542 4 2 18 30 3056 3214 2902 1215
20543 4 2 18 30 3138 3172 3232 3863
20544 4 2 18 30 3787 3803 3792 3858
20545 4 2 18 30 3001 3839 3800 3847
20546 4 2 18 30 3794 3822 3795 3852
20547 4 2 18 30 3096 2915 3035 3864
20548 4 2 18 30 3218 3788 3217 3830
20549 4 2 18 30 2984 3835 3147 3852
20550 4 2 18 30 2885 3848 2998 3854
20551 4 2 18 30 3132 2951 2950 3815
20552 4 2 18 30 3156 3841 3840 3847
20553 4 2 18 30 2885 3036 3037 3848
20554 4 2 18 30 3218 2954 3211 3797
20555 4 2 18 30 3116 3849 3827 3853
20556 4 2 18 30 2960 3071 3048 3866
20557 4 2 18 30 3100 3864 2970 3865
20558 4 2 18 30 3808 3824 3822 3867
20559 4 2 18 30 3783 3782 3797 3840
20560 4 2 18 30 2971 1207 3189 3190
20561 4 2 18 30 2865 3820 3819 3847
20562 4 2 18 30 3138 3173 3172 3863
20563 4 2 18 30 3086 2927 3070 3869
20564 4 2 18 30 3186 3789 3183 3815
20565 4 2 18 30 2928 1210 3197 3810
20566 4 2 18 30 2898 3814 3806 3857
20567 4 2 18 30 2965 3840 3082 3841
20568 4 2 18 30 3038 3125 2856 3853
20569 4 2 18 30 3223 3231 3790 3834
20570 4 2 18 30 2954 3211 3797 3814
20571 4 2 18 30 3167 2939 2866 3839
20572 4 2 18 30 3052 3855 3139 3856
20573 4 2 18 30 3089 2872 3126 3844
20574 4 2 18 30 3242 3236 3239 3858
20575 4 2 18 30 3228 2959 1219 3031
20576 4 2 18 30 2986 3204 2895 1211
20577 4 2 18 30 2937 3013 3828 3862
20578 4 2 18 30 3131 3815 2950 3855
20579 4 2 18 30 2956 3105 3008 3854
20580 4 2 18 30 3807 3835 2985 3867
20581 4 2 18 30 3781 3801 3798 3811
20582 4 2 18 30 3807 3867 2985 3868
20583 4 2 18 30 3802 3838 2870 3839
20584 4 2 18 30 1208 3196 1209 3848
20585 4 2 18 30 1204 3015 1203 3182
20586 4 2 18 30 3190 3183 3181 3791
20587 4 2 18 30 3196 3200 1209 3848
20588 4 2 18 30 3214 3211 1215 3814
20589 4 2 18 30 2927 3141 3074 3868
20590 4 2 18 30 1224 3185 3235 1223
20591 4 2 18 30 1226 3199 3193 1225
20592 4 2 18 30 1232 3213 3207 1231
20593 4 2 18 30 1238 3227 3221 1237
20594 4 2 18 30 2973 3822 2881 3852
20595 4 2 18 30 3790 3779 3804 3827
20596 4 2 18 30 2893 2965 2972 3840
20597 4 2 18 30 3811 3798 3832 3856
20598 4 2 18 30 3099 2926 3136 3846
20599 4 2 18 30 3084 3110 2880 3847
20600 4 2 18 30 2920 3129 2958 3830
20601 4 2 18 30 3189 3193 1226 3196
20602 4 2 18 30 2879 3831 3810 3869
20603 4 2 18 30 3232 3223 3231 3863
20604 4 2 18 30 3799 3827 3790 3861
20605 4 2 18 30 2954 2955 1215 3211
20606 4 2 18 30 3063 3867 3808 3869
20607 4 2 18 30 2919 3818 3124 3849
20608 4 2 18 30 2958 3034 3014 3830
20609 4 2 18 30 2970 3100 2914 3864
20610 4 2 18 30 3783 3806 3823 3841
20611 4 2 18 30 3060 1212 191 3203
20612 4 2 18 30 3781 3789 3787 3812
20613 4 2 18 30 3139 3127 3856 3866
20614 4 2 18 30 190 2914 3189 3202
20615 4 2 18 30 3016 3829 3826 3852
20616 4 2 18 30 3195 3207 3203 3793
20617 4 2 18 30 3783 3805 3806 3814
20618 4 2 18 30 3188 2925 189 3231
20619 4 2 18 30 3783 3806 3797 3814
20620 4 2 18 30 2939 3839 3838 3844
20621 4 2 18 30 3048 3021 3865 3866
20622 4 2 18 30 3048 3865 2860 3866
20623 4 2 18 30 3020 3094 2908 3851
20624 4 2 18 30 3052 3856 2976 3859
20625 4 2 18 30 1224 3185 3182 3235
20626 4 2 18 30 1238 3227 3224 3221
20627 4 2 18 30 1232 3213 3210 3207
20628 4 2 18 30 3199 1226 3193 3196
20629 4 2 18 30 3792 3820 3782 3840
20630 4 2 18 30 3203 1232 3216 3793
20631 4 2 18 30 3217 3230 192 3068
20632 4 2 18 30 3200 3078 2979 3810
20633 4 2 18 30 2911 3111 3093 3837
20634 4 2 18 30 3799 3800 3779 3849
20635 4 2 18 30 3217 192 1217 3068
20636 4 2 18 30 2914 190 3189 1207
20637 4 2 18 30 3800 3836 3001 3847
20638 4 2 18 30 2970 3096 3035 3864
20639 4 2 18 30 3167 2866 3022 3839
20640 4 2 18 30 3231 2925 189 1222
20641 4 2 18 30 3800 3836 3813 3849
20642 4 2 18 30 3186 3785 3180 3789
20643 4 2 18 30 3232 3790 3223 3863
20644 4 2 18 30 3200 2979 3078 1210
20645 4 2 18 30 2925 3231 3834 3863
20646 4 2 18 30 3221 3217 3209 3788
20647 4 2 18 30 3057 2921 3058 3833
20648 4 2 18 30 3203 191 3060 3216
20649 4 2 18 30 2988 3824 3812 3856
20650 4 2 18 30 2966 1221 3232 3225
20651 4 2 18 30 1210 2895 3006 3197
20652 4 2 18 30 3224 1238 3221 3788
20653 4 2 18 30 3803 3836 3792 3847
20654 4 2 18 30 2919 2856 3818 3849
20655 4 2 18 30 3787 3813 3800 3836
20656 4 2 18 30 3792 3841 3803 3847
20657 4 2 18 30 2998 3848 3831 3854
20658 4 2 18 30 3801 3855 3815 3859
20659 4 2 18 30 3812 3832 3798 3856
20660 4 2 18 30 3218 3211 3209 3797
20661 4 2 18 30 3832 3854 3811 3856
20662 4 2 18 30 3790 3799 3779 3827
20663 4 2 18 30 3192 3233 1246 3245
20664 4 2 18 30 1236 3220 3205 3247
20665 4 2 18 30 3234 1242 3248 3219
20666 4 2 18 30 1230 3246 3206 3191
20667 4 2 18 30 3113 1217 2958 3218
20668 4 2 18 30 2959 3083 3228 1220
20669 4 2 18 30 3232 1222 3138 3863
20670 4 2 18 30 3782 3820 3796 3821
20671 4 2 18 30 3798 3786 3808 3824
20672 4 2 18 30 3030 3864 3811 3865
20673 4 2 18 30 3015 2896 2938 3862
20674 4 2 18 30 3790 3828 3804 3862
20675 4 2 18 30 3103 3842 3033 3843
20676 4 2 18 30 3210 3216 1232 3793
20677 4 2 18 30 3231 3188 2925 3834
20678 4 2 18 30 3798 3831 3810 3848
20679 4 2 18 30 3185 3245 3192 1227
20680 4 2 18 30 3199 1233 3246 3206
20681 4 2 18 30 3227 1243 3248 3234
20682 4 2 18 30 3220 3247 1239 3213
20683 4 2 18 30 3781 3801 3789 3812
20684 4 2 18 30 3822 3835 2881 3852
20685 4 2 18 30 3783 3792 3782 3840
20686 4 2 18 30 3820 3821 3094 3851
20687 4 2 18 30 3808 3810 3798 3831
20688 4 2 18 30 3052 3127 2861 3856
20689 4 2 18 30 3053 2856 2948 3849
20690 4 2 18 30 3203 3207 1232 3793
20691 4 2 18 30 3828 3862 3790 3863
20692 4 2 18 30 3784 3800 3799 3802
20693 4 2 18 30 3096 2970 2914 3864
20694 4 2 18 30 3110 2893 3840 3847
20695 4 2 18 30 3195 3203 3204 3793
20696 4 2 18 30 3210 1232 3207 3793
20697 4 2 18 30 2992 2944 2869 3861
20698 4 2 18 30 3783 3840 3806 3841
20699 4 2 18 30 3831 3832 3102 3854
20700 4 2 18 30 3820 3840 3792 3847
20701 4 2 18 30 3070 2935 3086 3869
20702 4 2 18 30 2966 2992 2869 3861
20703 4 2 18 30 3038 3166 3125 3853
20704 4 2 18 30 3020 2908 3119 3851
20705 4 2 18 30 3090 2938 3013 3862
20706 4 2 18 30 3214 3208 3783 3805
20707 4 2 18 30 3180 3186 3182 3785
20708 4 2 18 30 3235 3182 1224 3834
20709 4 2 18 30 3796 3819 3809 3850
20710 4 2 18 30 3780 3794 3786 3822
20711 4 2 18 30 3218 2954 1216 3211
20712 4 2 18 30 3124 2948 2856 3849
20713 4 2 18 30 3172 3138 3232 1222
20714 4 2 18 30 3789 3816 3813 3859
20715 4 2 18 30 3013 2938 3012 3862
20716 4 2 18 30 3796 3850 3833 3851
20717 4 2 18 30 3813 3836 3812 3859
20718 4 2 18 30 3811 3854 3848 3864
20719 4 2 18 30 2925 1222 3231 3863
20720 4 2 18 30 2949 1206 2971 3190
20721 4 2 18 30 2917 3842 3103 3843
20722 4 2 18 30 3781 3798 3801 3812
20723 4 2 18 30 3062 3147 2859 3852
20724 4 2 18 30 3812 3824 3798 3832
20725 4 2 18 30 3800 3802 3784 3819
20726 4 2 18 30 3204 3197 2895 1211
20727 4 2 18 30 2979 3200 3810 3848
20728 4 2 18 30 3200 1210 3078 3810
20729 4 2 18 30 3129 3034 2958 3830
20730 4 2 18 30 3186 3180 3183 3789
20731 4 2 18 30 3246 194 1230 3206
20732 4 2 18 30 3248 196 1242 3234
20733 4 2 18 30 193 3192 1246 3245
20734 4 2 18 30 195 3220 1236 3247
20735 4 2 18 30 3831 3832 3808 3869
20736 4 2 18 30 3090 3862 2937 3863
20737 4 2 18 30 193 3192 3245 1227
20738 4 2 18 30 1233 194 3246 3206
20739 4 2 18 30 195 3220 3247 1239
20740 4 2 18 30 196 3248 1243 3234
20741 4 2 18 30 3182 1203 3188 3834
20742 4 2 18 30 3784 3802 3799 3837
20743 4 2 18 30 1220 2966 3225 1221
20744 4 2 18 30 2952 2976 2857 3859
20745 4 2 18 30 3782 3797 3820 3821
20746 4 2 18 30 3803 3824 3812 3836
20747 4 2 18 30 3800 3799 3839 3849
20748 4 2 18 30 1213 2932 3060 3216
20749 4 2 18 30 3053 3844 3827 3849
20750 4 2 18 30 3786 3794 3807 3822
20751 4 2 18 30 2918 1204 3186 3842
20752 4 2 18 30 3784 3779 3799 3800
20753 4 2 18 30 3037 2998 2885 3848
20754 4 2 18 30 1206 2951 1205 3183
20755 4 2 18 30 3781 3791 3801 3811
20756 4 2 18 30 3043 3843 3818 3853
20757 4 2 18 30 3823 3845 3795 3852
20758 4 2 18 30 2863 3850 3819 3851
20759 4 2 18 30 2918 3064 2917 3842
20760 4 2 18 30 3838 3839 3799 3844
20761 4 2 18 30 3780 3795 3794 3822
20762 4 2 18 30 2917 1204 2918 3842
20763 4 2 18 30 3824 3832 3812 3856
20764 4 2 18 30 3782 3796 3788 3821
20765 4 2 18 30 3139 3856 3855 3866
20766 4 2 18 30 3796 3833 3821 3851
20767 4 2 18 30 3813 3816 3789 3817
20768 4 2 18 30 3033 3103 2917 3842
20769 4 2 18 30 3208 3211 3214 3783
20770 4 2 18 30 3235 1224 3231 3834
20771 4 2 18 30 2954 1215 1216 3211
20772 4 2 18 30 1222 3232 3172 1221
20773 4 2 18 30 1211 3197 2895 1210
20774 4 2 18 30 3194 3197 3200 3810
20775 4 2 18 30 3080 3838 3837 3861
20776 4 2 18 30 3783 3805 3795 3823
20777 4 2 18 30 3052 3855 3856 3859
20778 4 2 18 30 3015 2925 3188 3834
20779 4 2 18 30 3790 3804 3834 3862
20780 4 2 18 30 3789 3813 3812 3859
20781 4 2 18 30 3225 3223 3232 3790
20782 4 2 18 30 3222 3225 3228 3784
20783 4 2 18 30 3147 3835 3829 3852
20784 4 2 18 30 3790 3862 3834 3863
20785 4 2 18 30 1225 194 3206 3191
20786 4 2 18 30 3233 3192 193 1223
20787 4 2 18 30 1231 3205 195 3220
20788 4 2 18 30 3234 1237 196 3219
20789 4 2 18 30 3209 3217 3218 3788
20790 4 2 18 30 3092 3868 3867 3869
20791 4 2 18 30 2925 3834 3862 3863
20792 4 2 18 30 2996 3857 3823 3860
20793 4 2 18 30 2856 3818 3849 3853
20794 4 2 18 30 3783 3792 3840 3841
20795 4 2 18 30 2998 3037 2979 3848
20796 4 2 18 30 3810 3808 3868 3869
20797 4 2 18 30 2986 1212 3204 1211
20798 4 2 18 30 3795 3805 3845 3860
20799 4 2 18 30 3798 3824 3808 3832
20800 4 2 18 30 3826 3829 3794 3852
20801 4 2 18 30 3782 3788 3797 3821
20802 4 2 18 30 3812 2976 3856 3859
20803 4 2 18 30 3231 1222 3232 3863
20804 4 2 18 30 3138 2937 3173 3863
20805 4 2 18 30 3796 3820 3819 3851
20806 4 2 18 30 1217 3113 1216 3218
20807 4 2 18 30 3188 1224 3182 3834
20808 4 2 18 30 2971 1206 1207 3190
20809 4 2 18 30 3190 3181 3189 3791
20810 4 2 18 30 3798 3808 3786 3810
20811 4 2 18 30 1203 2925 189 3188
20812 4 2 18 30 3090 2925 2938 3862
20813 4 2 18 30 3015 3188 1203 3834
20814 4 2 18 30 3807 3810 3808 3868
20815 4 2 18 30 3787 3800 3792 3836
20816 4 2 18 30 3785 3813 3789 3817
20817 4 2 18 30 3802 3819 3800 3839
20818 4 2 18 30 3794 3795 3793 3826
20819 4 2 18 30 3827 3844 3799 3849
20820 4 2 18 30 3803 3822 3808 3824
20821 4 2 18 30 3787 3792 3803 3836
20822 4 2 18 30 3188 3231 1224 3834
20823 4 2 18 30 3787 3812 3789 3813
20824 4 2 18 30 3799 3802 3800 3839
20825 4 2 18 30 190 2914 3202 1208
20826 4 2 18 30 3799 3838 3802 3839
20827 4 2 18 30 3197 1210 3200 3810
20828 4 2 18 30 3015 2938 2925 3862
20829 4 2 18 30 3792 3836 3800 3847
20830 4 2 18 30 3800 3839 3819 3847
20831 4 2 18 30 3803 3812 3787 3836
20832 4 2 18 30 3808 3822 3786 3867
20833 4 2 18 30 3828 3853 3804 3862
20834 4 2 18 30 3807 3786 3822 3867
20835 4 2 18 30 2979 1209 3200 3848
20836 4 2 18 30 3807 3808 3786 3867
20837 4 2 18 30 3796 3821 3820 3851
20838 4 2 18 30 1213 3060 191 3216
20839 4 2 18 30 3015 2925 3834 3862
20840 4 2 18 30 3189 1226 190 3202
20841 4 2 18 30 189 3188 3231 1224
20842 4 2 18 30 3216 3203 191 1232
20843 4 2 18 30 192 1238 3230 3217
20844 4 2 18 30 3796 3819 3850 3851
20845 4 2 18 30 2937 3862 3828 3863
20846 4 2 18 30 3809 3819 3802 3850
20847 4 2 18 30 2925 1203 3015 3188
20848 4 2 18 30 3867 3868 3808 3869
20849 4 2 18 30 1204 1205 2918 3186
20850 4 2 18 30 3788 3821 3796 3833
20851 4 2 18 30 3807 3822 3794 3835
20852 4 2 18 30 2925 3862 3090 3863
20853 4 2 18 30 3822 3835 3807 3867
20854 4 2 18 30 3784 3809 3802 3837
20855 4 2 18 30 1214 2902 3214 1215
20856 4 2 18 30 3789 3812 3801 3859
20857 4 2 18 30 3804 3828 3827 3853
20858 4 2 18 30 3801 3856 3855 3859
20859 4 2 18 30 3795 3826 3794 3852
20860 4 2 18 30 3795 3845 3823 3860
20861 4 2 18 30 3822 3794 3835 3852
20862 4 2 18 30 3788 3830 3821 3833
20863 4 2 18 30 2925 3090 2937 3863
20864 4 2 18 30 3837 3838 3799 3861
20865 4 2 18 30 3801 3811 3865 3866
20866 4 2 18 30 3812 3813 3787 3836
20867 4 2 18 30 3230 1218 192 3068
20868 4 2 18 30 1219 2959 3228 1220
20869 4 2 18 30 3805 3823 3806 3857
20870 4 2 18 30 3827 3849 3804 3853
20871 4 2 18 30 2979 3200 1209 1210
20872 4 2 18 30 3803 3808 3786 3824
20873 4 2 18 30 3789 3801 3815 3859
20874 4 2 18 30 3786 3808 3807 3810
20875 4 2 18 30 3807 3808 3867 3868
20876 4 2 18 30 3798 3848 3811 3854
20877 4 2 18 30 3064 3033 2917 3842
20878 4 2 18 30 3801 3856 3811 3866
20879 4 2 18 30 3789 3815 3816 3859
20880 4 2 18 30 3796 3784 3809 3819
20881 4 2 18 30 3803 3786 3808 3822
20882 4 2 18 30 3795 3823 3805 3860
20883 4 2 18 30 2979 3037 1209 3848
20884 4 2 18 30 3799 3837 3802 3838
20885 4 2 18 30 3810 3831 3808 3869
20886 4 2 18 30 3798 3811 3832 3854
20887 4 2 18 30 3801 3812 3856 3859
20888 4 2 18 30 3813 3817 3785 3818
20889 4 2 18 30 3783 3806 3805 3823
20890 4 2 18 30 3793 3794 3780 3795
20891 4 2 18 30 3804 3818 3785 3843
20892 4 2 18 30 3826 3795 3845 3852
20893 4 2 18 30 3801 3811 3791 3865
20894 4 2 18 30 3802 3809 3784 3819
20895 4 2 18 30 3798 3808 3831 3832
20896 4 2 18 30 1228 3187 3241 1229
20897 4 2 18 30 3229 1245 3244 1244
20898 4 2 18 30 1241 3215 1240 3243
20899 4 2 18 30 3201 1234 1235 3242
20900 4 2 18 30 3790 3827 3804 3828
20901 4 2 18 30 3804 3849 3818 3853
20902 4 2 18 30 3799 3844 3827 3861
20903 4 2 18 30 2937 3138 2925 3863
20904 4 2 18 30 3798 3831 3848 3854
20905 4 2 18 30 3840 3841 3792 3847
20906 4 2 18 30 3820 3821 3797 3825
20907 4 2 18 30 3805 3823 3857 3860
20908 4 2 18 30 3818 3843 3804 3853
20909 4 2 18 30 3829 3835 3794 3852
20910 4 2 18 30 3811 3864 3791 3865
20911 4 2 18 30 3798 3832 3831 3854
20912 4 2 18 30 3838 3844 3799 3861
20913 4 2 18 30 3855 3856 3801 3866
20914 4 2 18 30 3846 3098 2986 3829
20915 4 2 18 30 3846 2986 3098 2930
20916 4 2 18 30 2864 3830 3007 3014
20917 4 2 18 30 2864 3007 3830 3821
20918 4 2 18 30 2957 3007 3830 3014
20919 4 2 18 30 2957 3830 3007 3821
20920 4 2 18 30 3049 3846 2961 3826
20921 4 2 18 30 3049 2961 3846 3178
20922 4 2 18 30 3177 2961 3846 3826
20923 4 2 18 30 3177 3846 2961 3178
20924 4 2 18 30 3866 3865 3190 2949
20925 4 2 18 30 3190 3865 3866 3801
20926 4 2 18 30 3190 3815 3866 2949
20927 4 2 18 30 3866 3815 3190 3801
20928 4 2 18 30 3227 3784 3229 3222
20929 4 2 18 30 3229 3784 3227 3782
20930 4 2 18 30 3809 2883 3850 3003
20931 4 2 18 30 3809 3850 2883 3796
20932 4 2 18 30 3864 2971 3865 3100
20933 4 2 18 30 3864 3865 2971 3791
20934 4 2 18 30 3825 2957 2954 3073
20935 4 2 18 30 3825 2954 2957 3797
20936 4 2 18 30 3858 3201 3781 3786
20937 4 2 18 30 3858 3781 3201 3242
20938 4 2 18 30 3866 2950 3855 3097
20939 4 2 18 30 3866 3855 2950 3815
20940 4 2 18 30 3817 3028 3815 3066
20941 4 2 18 30 3817 3815 3028 3816
20942 4 2 18 30 2990 3832 3151 2858
20943 4 2 18 30 2990 3151 3832 3831
20944 4 2 18 30 3170 3151 3832 2858
20945 4 2 18 30 3170 3832 3151 3831
20946 4 2 18 30 3019 3828 3790 2873
20947 4 2 18 30 3790 3828 3019 3827
20948 4 2 18 30 3790 3861 3019 2873
20949 4 2 18 30 3019 3861 3790 3827
20950 4 2 18 30 3824 3832 3063 3808
20951 4 2 18 30 3824 3063 3832 2858
20952 4 2 18 30 3170 3063 3832 3808
20953 4 2 18 30 3170 3832 3063 2858
20954 4 2 18 30 3788 3212 3797 3209
20955 4 2 18 30 3788 3797 3212 3782
20956 4 2 18 30 3847 3079 2922 2880
20957 4 2 18 30 3847 2922 3079 3839
20958 4 2 18 30 3837 1220 3083 2911
20959 4 2 18 30 3837 3083 1220 3228
20960 4 2 18 30 3797 3212 3783 3211
20961 4 2 18 30 3797 3783 3212 3782
20962 4 2 18 30 3829 3204 3004 2986
20963 4 2 18 30 3829 3004 3204 3794
20964 4 2 18 30 3814 2862 2969 3806
20965 4 2 18 30 3814 2969 2862 3040
20966 4 2 18 30 3841 2874 3803 3152
20967 4 2 18 30 3841 3803 2874 3822
20968 4 2 18 30 3846 3210 3845 3793
20969 4 2 18 30 3846 3845 3210 2889
20970 4 2 18 30 3841 3795 3783 3780
20971 4 2 18 30 3841 3783 3795 3823
20972 4 2 18 30 3781 3848 3194 3196
20973 4 2 18 30 3194 3848 3781 3798
20974 4 2 18 30 3824 3803 3088 3146
20975 4 2 18 30 3824 3088 3803 3822
20976 4 2 18 30 2874 3088 3803 3146
20977 4 2 18 30 2874 3803 3088 3822
20978 4 2 18 30 3783 3795 3208 3780
20979 4 2 18 30 3783 3208 3795 3805
20980 4 2 18 30 3210 3208 3795 3780
20981 4 2 18 30 3210 3795 3208 3805
20982 4 2 18 30 3849 2867 3818 3124
20983 4 2 18 30 3849 3818 2867 3813
20984 4 2 18 30 3042 3818 2867 3124
20985 4 2 18 30 3042 2867 3818 3813
20986 4 2 18 30 3868 3005 2985 3807
20987 4 2 18 30 3868 2985 3005 2877
20988 4 2 18 30 3226 3790 3235 3223
20989 4 2 18 30 3235 3790 3226 3779
20990 4 2 18 30 3816 2907 3028 2974
20991 4 2 18 30 3816 3028 2907 3815
20992 4 2 18 30 3845 3846 3177 2889
20993 4 2 18 30 3177 3846 3845 3826
20994 4 2 18 30 3847 2865 3840 3110
20995 4 2 18 30 3847 3840 2865 3820
20996 4 2 18 30 3841 2874 2973 3822
20997 4 2 18 30 3841 2973 2874 3153
20998 4 2 18 30 1208 3864 2914 3202
20999 4 2 18 30 2914 3864 1208 2915
21000 4 2 18 30 3847 2922 2982 2880
21001 4 2 18 30 3847 2982 2922 3819
21002 4 2 18 30 3866 2860 2947 3865
21003 4 2 18 30 3866 2947 2860 3133
21004 4 2 18 30 3846 3794 3826 3829
21005 4 2 18 30 3846 3826 3794 3793
21006 4 2 18 30 3856 3798 3801 3811
21007 4 2 18 30 3856 3801 3798 3812
21008 4 2 18 30 3843 2917 2896 3018
21009 4 2 18 30 3843 2896 2917 3842
21010 4 2 18 30 3825 2899 3072 3814
21011 4 2 18 30 3825 3072 2899 3044
21012 4 2 18 30 2890 3866 3097 3071
21013 4 2 18 30 3097 3866 2890 3855
21014 4 2 18 30 3836 2867 2977 3813
21015 4 2 18 30 3836 2977 2867 3076
21016 4 2 18 30 3861 2933 3844 2944
21017 4 2 18 30 3861 3844 2933 3838
21018 4 2 18 30 3865 2970 3030 3864
21019 4 2 18 30 3865 3030 2970 3046
21020 4 2 18 30 3828 3019 2924 3117
21021 4 2 18 30 3828 2924 3019 3827
21022 4 2 18 30 3868 2941 3092 3867
21023 4 2 18 30 3868 3092 2941 3074
21024 4 2 18 30 3869 2878 3092 3070
21025 4 2 18 30 3869 3092 2878 3867
21026 4 2 18 30 3111 3861 2911 2869
21027 4 2 18 30 2911 3861 3111 3837
21028 4 2 18 30 3866 3021 2949 2995
21029 4 2 18 30 3866 2949 3021 3865
21030 4 2 18 30 3851 2982 2863 3020
21031 4 2 18 30 3851 2863 2982 3819
21032 4 2 18 30 3839 3836 3849 3161
21033 4 2 18 30 3839 3849 3836 3800
21034 4 2 18 30 3836 3839 3001 3134
21035 4 2 18 30 3001 3839 3836 3800
21036 4 2 18 30 3856 3114 2976 3812
21037 4 2 18 30 3856 2976 3114 2861
21038 4 2 18 30 3841 3852 3795 3822
21039 4 2 18 30 3795 3852 3841 3823
21040 4 2 18 30 3788 1238 3230 3224
21041 4 2 18 30 3788 3230 1238 3217
21042 4 2 18 30 3841 3806 3171 3840
21043 4 2 18 30 3841 3171 3806 3823
21044 4 2 18 30 3843 3817 3785 3842
21045 4 2 18 30 3843 3785 3817 3818
21046 4 2 18 30 3859 3815 3041 3855
21047 4 2 18 30 3859 3041 3815 3816
21048 4 2 19 31 1169 1168 3249 1185
21049 4 2 19 31 1173 1172 3274 1190
21050 4 2 19 31 1181 1180 3259 1200
21051 4 2 19 31 1177 1176 3289 1195
21052 4 2 19 31 1777 1783 3294 1152
21053 4 2 19 31 1142 1768 1762 3279
21054 4 2 19 31 3253 1132 1747 1753
21055 4 2 19 31 1798 3263 1792 1160
21056 4 2 19 31 1777 3293 1784 1153
21057 4 2 19 31 1799 1161 1792 3264
21058 4 2 19 31 1754 3254 1133 1747
21059 4 2 19 31 1762 3278 1769 1143
21060 4 2 19 31 3187 1228 1256 1229
21061 4 2 19 31 3201 1234 1269 1235
21062 4 2 19 31 1223 3192 193 1247
21063 4 2 19 31 1225 3206 194 1252
21064 4 2 19 31 1231 195 1270 3220
21065 4 2 19 31 1237 196 1259 3234
21066 4 2 19 31 3259 1160 1161 1792
21067 4 2 19 31 1142 1143 3274 1762
21068 4 2 19 31 1133 1132 1747 3249
21069 4 2 19 31 3289 1152 1153 1777
21070 4 2 19 31 3262 196 1243 3234
21071 4 2 19 31 195 3220 1239 3291
21072 4 2 19 31 1768 1758 1762 3279
21073 4 2 19 31 1743 3253 1747 1753
21074 4 2 19 31 1777 1783 1773 3294
21075 4 2 19 31 1792 1788 3263 1798
21076 4 2 19 31 1784 1774 3293 1777
21077 4 2 19 31 1792 1799 3264 1789
21078 4 2 19 31 1754 1744 3254 1747
21079 4 2 19 31 1762 3278 1759 1769
21080 4 2 19 31 3285 3244 1245 1244
21081 4 2 19 31 1165 2072 3270 1164
21082 4 2 19 31 1257 1244 3285 1245
21083 4 2 19 31 1274 3215 1240 1273
21084 4 2 19 31 1244 3229 1257 1258
21085 4 2 19 31 1228 3241 3285 1229
21086 4 2 19 31 3270 1136 1137 2069
21087 4 2 19 31 1207 1206 3257 3190
21088 4 2 19 31 1212 3204 1211 3283
21089 4 2 19 31 1222 3267 3232 1221
21090 4 2 19 31 1216 1217 3218 3298
21091 4 2 19 31 3293 1777 3289 1153
21092 4 2 19 31 1161 1792 3264 3259
21093 4 2 19 31 3279 1762 1142 3274
21094 4 2 19 31 1747 3249 1132 3253
21095 4 2 19 31 3249 1133 3254 1747
21096 4 2 19 31 3289 1777 3294 1152
21097 4 2 19 31 1160 3263 1792 3259
21098 4 2 19 31 1762 3278 1143 3274
21099 4 2 19 31 1164 1262 3270 1165
21100 4 2 19 31 3276 194 1233 3206
21101 4 2 19 31 3192 193 3251 1227
21102 4 2 19 31 1250 1136 1137 3270
21103 4 2 19 31 3271 3270 2072 1164
21104 4 2 19 31 3244 3285 3286 1244
21105 4 2 19 31 1202 1201 1182 3264
21106 4 2 19 31 1186 1187 3254 1170
21107 4 2 19 31 1197 1196 1178 3293
21108 4 2 19 31 1191 1192 3278 1174
21109 4 2 19 31 1193 1194 3294 1175
21110 4 2 19 31 1189 1188 1171 3279
21111 4 2 19 31 1198 1199 3263 1179
21112 4 2 19 31 1183 1184 3253 1167
21113 4 2 19 31 1273 1241 1240 3286
21114 4 2 19 31 3291 3215 1240 1274
21115 4 2 19 31 3229 1244 3262 1258
21116 4 2 19 31 1256 1228 3285 1229
21117 4 2 19 31 2071 3271 1156 3272
21118 4 2 19 31 3243 3287 1240 3286
21119 4 2 19 31 1150 1801 1149 3266
21120 4 2 19 31 1786 1140 3296 1139
21121 4 2 19 31 3281 1129 1771 1130
21122 4 2 19 31 3295 1785 1149 1150
21123 4 2 19 31 1755 1129 3256 1130
21124 4 2 19 31 3265 1128 1800 1127
21125 4 2 19 31 1128 3255 1756 1127
21126 4 2 19 31 3280 1140 1770 1139
21127 4 2 19 31 3261 1258 1257 3229
21128 4 2 19 31 1274 3292 3215 1273
21129 4 2 19 31 1255 193 3285 1227
21130 4 2 19 31 1229 3241 3285 3288
21131 4 2 19 31 3270 1137 3273 2069
21132 4 2 19 31 1747 3254 3249 3250
21133 4 2 19 31 3253 1747 3249 3250
21134 4 2 19 31 3290 3293 1777 3289
21135 4 2 19 31 3275 1762 3279 3274
21136 4 2 19 31 3260 3264 1792 3259
21137 4 2 19 31 3275 3278 1762 3274
21138 4 2 19 31 3263 3260 1792 3259
21139 4 2 19 31 3294 3290 1777 3289
21140 4 2 19 31 1246 1257 193 3285
21141 4 2 19 31 1136 1137 1748 3250
21142 4 2 19 31 1156 1157 1778 3290
21143 4 2 19 31 1164 3260 1165 1793
21144 4 2 19 31 1147 1763 1146 3275
21145 4 2 19 31 3245 3285 193 1227
21146 4 2 19 31 1257 198 193 3285
21147 4 2 19 31 3285 198 193 1255
21148 4 2 19 31 1267 1157 3271 1156
21149 4 2 19 31 1192 183 187 3283
21150 4 2 19 31 3257 186 182 1187
21151 4 2 19 31 184 188 1197 3298
21152 4 2 19 31 1231 195 3205 3277
21153 4 2 19 31 1225 3252 194 3191
21154 4 2 19 31 3210 1214 3214 3297
21155 4 2 19 31 1219 3228 3224 3268
21156 4 2 19 31 3186 3258 3182 1204
21157 4 2 19 31 3282 3200 1209 3196
21158 4 2 19 31 1165 1262 3260 1164
21159 4 2 19 31 1137 1136 1250 3250
21160 4 2 19 31 2071 3271 1157 1156
21161 4 2 19 31 3243 1240 1241 3286
21162 4 2 19 31 1256 3251 3187 3252
21163 4 2 19 31 3276 1269 3277 3201
21164 4 2 19 31 1274 3292 3291 3215
21165 4 2 19 31 3261 1258 3229 3262
21166 4 2 19 31 1244 1257 3285 1258
21167 4 2 19 31 185 181 3267 1202
21168 4 2 19 31 181 185 3258 1183
21169 4 2 19 31 196 3262 1259 3234
21170 4 2 19 31 3220 195 1270 3291
21171 4 2 19 31 174 1166 2073 3270
21172 4 2 19 31 3272 1146 1264 1147
21173 4 2 19 31 2073 1135 174 3270
21174 4 2 19 31 1166 174 1262 3270
21175 4 2 19 31 1250 174 1135 3270
21176 4 2 19 31 1228 1256 3285 1255
21177 4 2 19 31 3285 193 1246 3245
21178 4 2 19 31 201 196 1273 3286
21179 4 2 19 31 1270 1231 3220 3291
21180 4 2 19 31 1237 1259 3262 3234
21181 4 2 19 31 1262 174 197 3270
21182 4 2 19 31 1250 197 174 3270
21183 4 2 19 31 3247 3287 195 1239
21184 4 2 19 31 1273 196 1242 3286
21185 4 2 19 31 1262 1164 3270 1263
21186 4 2 19 31 1147 1264 3275 1146
21187 4 2 19 31 2070 1146 3272 1147
21188 4 2 19 31 3287 1235 1234 3242
21189 4 2 19 31 1234 1269 1235 3287
21190 4 2 19 31 1164 3271 3270 1263
21191 4 2 19 31 3285 3286 1244 1258
21192 4 2 19 31 1267 1157 1156 3290
21193 4 2 19 31 1137 1251 1250 3270
21194 4 2 19 31 194 200 3252 1252
21195 4 2 19 31 1173 1172 1142 3274
21196 4 2 19 31 1168 1169 3249 1132
21197 4 2 19 31 1181 1180 1160 3259
21198 4 2 19 31 1177 1176 1152 3289
21199 4 2 19 31 1169 1132 1133 3249
21200 4 2 19 31 1173 1142 1143 3274
21201 4 2 19 31 1181 1160 1161 3259
21202 4 2 19 31 1177 1152 1153 3289
21203 4 2 19 31 195 204 1270 3291
21204 4 2 19 31 204 195 1270 3277
21205 4 2 19 31 3262 201 196 1259
21206 4 2 19 31 1156 3271 1267 3272
21207 4 2 19 31 1155 1267 178 3272
21208 4 2 19 31 3277 195 3205 1236
21209 4 2 19 31 1230 194 3252 3191
21210 4 2 19 31 203 178 3272 1265
21211 4 2 19 31 3286 196 3248 1243
21212 4 2 19 31 2075 1155 178 3272
21213 4 2 19 31 1223 193 3233 3261
21214 4 2 19 31 1237 3292 196 3219
21215 4 2 19 31 3271 202 180 1266
21216 4 2 19 31 1247 3192 193 3251
21217 4 2 19 31 3206 3276 194 1252
21218 4 2 19 31 1251 1137 3273 3270
21219 4 2 19 31 3277 3194 3201 3198
21220 4 2 19 31 3180 3187 3252 3184
21221 4 2 19 31 3285 1256 1229 3288
21222 4 2 19 31 1139 3296 1786 3294
21223 4 2 19 31 3279 1129 1771 3281
21224 4 2 19 31 3263 1149 1801 3266
21225 4 2 19 31 1755 1129 3254 3256
21226 4 2 19 31 1785 1149 3293 3295
21227 4 2 19 31 3255 1756 1127 3253
21228 4 2 19 31 1127 1800 3265 3264
21229 4 2 19 31 1139 1770 3280 3278
21230 4 2 19 31 1239 3287 195 1274
21231 4 2 19 31 203 178 1267 3272
21232 4 2 19 31 3263 1160 1180 3259
21233 4 2 19 31 3249 1168 1132 3253
21234 4 2 19 31 3279 1142 1172 3274
21235 4 2 19 31 1152 3294 3289 1176
21236 4 2 19 31 3264 1181 1161 3259
21237 4 2 19 31 3249 1133 1169 3254
21238 4 2 19 31 1153 3289 3293 1177
21239 4 2 19 31 3278 1173 1143 3274
21240 4 2 19 31 1148 3272 178 1265
21241 4 2 19 31 1255 3251 193 1227
21242 4 2 19 31 1270 195 1231 3277
21243 4 2 19 31 1225 194 3252 1252
21244 4 2 19 31 1274 1240 3287 3286
21245 4 2 19 31 1266 180 3271 1158
21246 4 2 19 31 1176 1175 1152 3294
21247 4 2 19 31 1180 1179 1160 3263
21248 4 2 19 31 1142 1171 3279 1172
21249 4 2 19 31 1167 1168 3253 1132
21250 4 2 19 31 1178 1177 1153 3293
21251 4 2 19 31 1170 1133 3254 1169
21252 4 2 19 31 1174 1143 3278 1173
21253 4 2 19 31 1182 1161 3264 1181
21254 4 2 19 31 180 3271 2076 1163
21255 4 2 19 31 1233 3288 194 1268
21256 4 2 19 31 1243 3286 196 1258
21257 4 2 19 31 1194 3289 3294 1176
21258 4 2 19 31 3249 1184 1168 3253
21259 4 2 19 31 3279 1172 1189 3274
21260 4 2 19 31 1199 3263 1180 3259
21261 4 2 19 31 1201 1181 3264 3259
21262 4 2 19 31 1196 3293 3289 1177
21263 4 2 19 31 1186 3249 1169 3254
21264 4 2 19 31 1173 3278 1191 3274
21265 4 2 19 31 1247 1223 3192 3251
21266 4 2 19 31 3276 3206 1225 1252
21267 4 2 19 31 1744 1755 3256 1746
21268 4 2 19 31 1789 1800 3265 1791
21269 4 2 19 31 1774 1785 3295 1776
21270 4 2 19 31 1786 3296 1775 1773
21271 4 2 19 31 3281 1771 1758 1760
21272 4 2 19 31 1790 1788 1801 3266
21273 4 2 19 31 1761 3280 1770 1759
21274 4 2 19 31 1756 3255 1745 1743
21275 4 2 19 31 1253 3254 1129 1254
21276 4 2 19 31 1129 3279 1253 1254
21277 4 2 19 31 1149 1261 3263 1260
21278 4 2 19 31 1272 1139 3278 1271
21279 4 2 19 31 3293 1261 1149 1260
21280 4 2 19 31 1249 1127 1248 3253
21281 4 2 19 31 1248 1127 1249 3264
21282 4 2 19 31 3294 1139 1272 1271
21283 4 2 19 31 3271 2071 3269 3272
21284 4 2 19 31 3243 3284 3287 3286
21285 4 2 19 31 3276 200 194 1252
21286 4 2 19 31 1264 199 176 3273
21287 4 2 19 31 3288 200 194 1268
21288 4 2 19 31 196 201 3292 1259
21289 4 2 19 31 3287 204 195 1274
21290 4 2 19 31 180 3271 1163 1263
21291 4 2 19 31 1273 1240 1274 3286
21292 4 2 19 31 1145 1264 176 3273
21293 4 2 19 31 1273 196 201 3292
21294 4 2 19 31 3261 1257 193 1246
21295 4 2 19 31 1273 1242 196 3292
21296 4 2 19 31 1146 3273 2070 3272
21297 4 2 19 31 3287 1234 3288 3242
21298 4 2 19 31 1152 1151 3294 1175
21299 4 2 19 31 1160 1159 3263 1179
21300 4 2 19 31 1171 1142 3279 1141
21301 4 2 19 31 1167 1132 3253 1131
21302 4 2 19 31 1161 1182 3264 1162
21303 4 2 19 31 1178 1153 1154 3293
21304 4 2 19 31 1133 1170 3254 1134
21305 4 2 19 31 1143 1174 3278 1144
21306 4 2 19 31 3271 180 202 1263
21307 4 2 19 31 201 196 3286 1258
21308 4 2 19 31 1157 3271 1266 1267
21309 4 2 19 31 1247 193 198 3251
21310 4 2 19 31 198 193 1247 3261
21311 4 2 19 31 1206 3249 3257 3190
21312 4 2 19 31 3274 1211 3204 3283
21313 4 2 19 31 1221 3267 3232 3259
21314 4 2 19 31 3218 3289 1216 3298
21315 4 2 19 31 193 198 1257 3261
21316 4 2 19 31 3251 193 198 1255
21317 4 2 19 31 199 176 3273 1251
21318 4 2 19 31 3261 193 3233 1246
21319 4 2 19 31 3292 1242 196 3219
21320 4 2 19 31 1268 1234 3288 3287
21321 4 2 19 31 3273 1146 1264 3272
21322 4 2 19 31 3288 194 3246 1233
21323 4 2 19 31 1270 1232 3207 1231
21324 4 2 19 31 1224 1247 1223 3235
21325 4 2 19 31 1226 1252 1225 3193
21326 4 2 19 31 1238 3221 1259 1237
21327 4 2 19 31 1256 200 194 3288
21328 4 2 19 31 1800 3265 3264 1789
21329 4 2 19 31 3254 1744 1755 3256
21330 4 2 19 31 1785 3293 1774 3295
21331 4 2 19 31 1771 1758 3279 3281
21332 4 2 19 31 1788 3263 1801 3266
21333 4 2 19 31 1773 1786 3296 3294
21334 4 2 19 31 3278 1770 3280 1759
21335 4 2 19 31 3255 1756 3253 1743
21336 4 2 19 31 1147 1264 3272 1265
21337 4 2 19 31 1138 3273 176 1251
21338 4 2 19 31 3208 3215 3292 3212
21339 4 2 19 31 3272 178 2075 1148
21340 4 2 19 31 3244 3285 3284 3286
21341 4 2 19 31 3271 2072 3270 3269
21342 4 2 19 31 204 195 1269 3287
21343 4 2 19 31 193 1223 1247 3261
21344 4 2 19 31 3292 196 1259 1237
21345 4 2 19 31 1187 3257 186 1207
21346 4 2 19 31 1192 187 1212 3283
21347 4 2 19 31 188 1217 1197 3298
21348 4 2 19 31 2074 3273 176 1138
21349 4 2 19 31 183 187 3283 1271
21350 4 2 19 31 188 184 1260 3298
21351 4 2 19 31 3257 182 186 1253
21352 4 2 19 31 3229 3262 3222 3259
21353 4 2 19 31 2076 3271 180 1158
21354 4 2 19 31 1230 1256 194 3288
21355 4 2 19 31 3287 195 1236 3247
21356 4 2 19 31 1202 3267 185 1222
21357 4 2 19 31 3273 176 1145 2074
21358 4 2 19 31 185 181 3258 1248
21359 4 2 19 31 1248 185 181 3267
21360 4 2 19 31 3246 1230 194 3288
21361 4 2 19 31 1149 1261 3295 1150
21362 4 2 19 31 3256 1129 1254 1130
21363 4 2 19 31 1149 1261 1150 3266
21364 4 2 19 31 1272 3296 1140 1139
21365 4 2 19 31 3265 1128 1127 1249
21366 4 2 19 31 3281 1254 1129 1130
21367 4 2 19 31 1140 3280 1272 1139
21368 4 2 19 31 1128 3255 1127 1249
21369 4 2 19 31 1162 3264 1161 1799
21370 4 2 19 31 3293 1153 1154 1784
21371 4 2 19 31 1152 1151 1783 3294
21372 4 2 19 31 3278 1143 1144 1769
21373 4 2 19 31 1141 1142 3279 1768
21374 4 2 19 31 1160 1159 1798 3263
21375 4 2 19 31 1133 1134 3254 1754
21376 4 2 19 31 1131 1132 3253 1753
21377 4 2 19 31 3248 1242 196 3286
21378 4 2 19 31 1778 1775 1156 3290
21379 4 2 19 31 1790 3260 1164 1793
21380 4 2 19 31 1763 1760 1146 3275
21381 4 2 19 31 1745 1136 1748 3250
21382 4 2 19 31 1137 1746 1748 3250
21383 4 2 19 31 1165 3260 1791 1793
21384 4 2 19 31 1761 1763 1147 3275
21385 4 2 19 31 1778 1157 1776 3290
21386 4 2 19 31 3250 3253 1747 1743
21387 4 2 19 31 1777 1774 3293 3290
21388 4 2 19 31 3260 1792 3264 1789
21389 4 2 19 31 1747 1744 3254 3250
21390 4 2 19 31 3275 1762 3278 1759
21391 4 2 19 31 3290 1777 1773 3294
21392 4 2 19 31 1788 3260 1792 3263
21393 4 2 19 31 3279 1758 1762 3275
21394 4 2 19 31 3262 1243 196 1258
21395 4 2 19 31 3291 1239 195 1274
21396 4 2 19 31 1264 1147 3275 1265
21397 4 2 19 31 1217 188 192 3298
21398 4 2 19 31 1212 187 191 3283
21399 4 2 19 31 3257 190 186 1207
21400 4 2 19 31 1266 1157 1267 3290
21401 4 2 19 31 194 200 1256 3252
21402 4 2 19 31 3210 1213 1214 3297
21403 4 2 19 31 3224 1218 1219 3268
21404 4 2 19 31 3196 1209 3282 1208
21405 4 2 19 31 1203 3182 3258 1204
21406 4 2 19 31 3291 195 204 1274
21407 4 2 19 31 195 204 1269 3277
21408 4 2 19 31 3262 196 201 1258
21409 4 2 19 31 3276 1233 194 1268
21410 4 2 19 31 1236 1269 195 3287
21411 4 2 19 31 3267 189 185 1222
21412 4 2 19 31 3276 194 200 1268
21413 4 2 19 31 1176 1175 3294 1194
21414 4 2 19 31 1172 1171 3279 1189
21415 4 2 19 31 1180 1179 3263 1199
21416 4 2 19 31 1168 1167 3253 1184
21417 4 2 19 31 1182 1181 3264 1201
21418 4 2 19 31 1170 1169 3254 1186
21419 4 2 19 31 1178 1177 3293 1196
21420 4 2 19 31 1174 1173 3278 1191
21421 4 2 19 31 3277 1269 195 1236
21422 4 2 19 31 3252 1256 194 1230
21423 4 2 19 31 1135 174 1250 3255
21424 4 2 19 31 1265 178 1148 3280
21425 4 2 19 31 1262 3265 174 1166
21426 4 2 19 31 3295 180 1266 1158
21427 4 2 19 31 3209 3218 3289 3211
21428 4 2 19 31 3181 3190 3249 3183
21429 4 2 19 31 3204 3195 3197 3274
21430 4 2 19 31 3225 3232 3223 3259
21431 4 2 19 31 1254 3254 1129 3256
21432 4 2 19 31 1149 1261 3293 3295
21433 4 2 19 31 3280 1272 1139 3278
21434 4 2 19 31 1129 3279 1254 3281
21435 4 2 19 31 1149 3263 1261 3266
21436 4 2 19 31 3255 1127 1249 3253
21437 4 2 19 31 1139 1272 3296 3294
21438 4 2 19 31 1249 1127 3265 3264
21439 4 2 19 31 1250 1251 1137 3250
21440 4 2 19 31 3267 3223 3232 3259
21441 4 2 19 31 3249 3257 3190 3181
21442 4 2 19 31 3204 3195 3274 3283
21443 4 2 19 31 3289 3218 3209 3298
21444 4 2 19 31 1164 1262 3260 1263
21445 4 2 19 31 3262 3229 3261 3259
21446 4 2 19 31 185 3258 1183 1203
21447 4 2 19 31 1234 1268 1269 3287
21448 4 2 19 31 3195 3197 3277 3198
21449 4 2 19 31 3252 3184 3181 3183
21450 4 2 19 31 3273 3270 2069 3269
21451 4 2 19 31 3288 3241 3285 3284
21452 4 2 19 31 3236 3244 3237 3284
21453 4 2 19 31 2065 2072 2064 3269
21454 4 2 19 31 3294 183 177 1271
21455 4 2 19 31 1248 181 173 3264
21456 4 2 19 31 177 183 3278 1271
21457 4 2 19 31 175 182 1253 3279
21458 4 2 19 31 184 179 3263 1260
21459 4 2 19 31 1253 182 175 3254
21460 4 2 19 31 173 181 1248 3253
21461 4 2 19 31 3293 179 184 1260
21462 4 2 19 31 1213 191 187 3297
21463 4 2 19 31 1218 192 188 3268
21464 4 2 19 31 186 190 3282 1208
21465 4 2 19 31 1254 199 176 3281
21466 4 2 19 31 176 199 1254 3256
21467 4 2 19 31 1185 1184 3249 1205
21468 4 2 19 31 1190 1189 3274 1210
21469 4 2 19 31 1200 1199 3259 1220
21470 4 2 19 31 1195 1194 3289 1215
21471 4 2 19 31 1186 1185 3249 1205
21472 4 2 19 31 1210 1191 3274 1190
21473 4 2 19 31 1196 1195 3289 1215
21474 4 2 19 31 1201 1200 3259 1220
21475 4 2 19 31 203 178 3280 1272
21476 4 2 19 31 3296 178 203 1272
21477 4 2 19 31 180 202 1261 3295
21478 4 2 19 31 202 180 1261 3266
21479 4 2 19 31 2068 2064 2072 3269
21480 4 2 19 31 3284 3236 3244 3240
21481 4 2 19 31 3287 3247 1240 1239
21482 4 2 19 31 203 178 1265 3280
21483 4 2 19 31 3295 180 202 1266
21484 4 2 19 31 3258 185 189 1203
21485 4 2 19 31 1129 1764 3279 1771
21486 4 2 19 31 1756 1127 3253 1749
21487 4 2 19 31 1149 1794 3263 1801
21488 4 2 19 31 3278 1139 1770 1765
21489 4 2 19 31 1149 3293 1780 1785
21490 4 2 19 31 1129 3254 1750 1755
21491 4 2 19 31 1779 1139 1786 3294
21492 4 2 19 31 1800 1127 1795 3264
21493 4 2 19 31 2064 2069 2065 3269
21494 4 2 19 31 3236 3237 3241 3284
21495 4 2 19 31 1264 176 3281 1145
21496 4 2 19 31 3255 174 197 1249
21497 4 2 19 31 197 174 3265 1249
21498 4 2 19 31 1271 187 191 3297
21499 4 2 19 31 187 191 3283 1271
21500 4 2 19 31 1260 192 188 3298
21501 4 2 19 31 186 190 1253 3282
21502 4 2 19 31 192 188 3268 1260
21503 4 2 19 31 3257 186 190 1253
21504 4 2 19 31 1248 3258 189 1224
21505 4 2 19 31 1271 191 3283 1232
21506 4 2 19 31 1238 192 1260 3298
21507 4 2 19 31 1253 190 1226 3282
21508 4 2 19 31 3267 1248 189 1224
21509 4 2 19 31 3257 190 1226 1253
21510 4 2 19 31 191 1271 3297 1232
21511 4 2 19 31 3268 1238 192 1260
21512 4 2 19 31 1191 1210 3274 1211
21513 4 2 19 31 1196 1215 3289 1216
21514 4 2 19 31 1201 1220 3259 1221
21515 4 2 19 31 1205 3249 1186 1206
21516 4 2 19 31 1250 174 197 3255
21517 4 2 19 31 174 197 3265 1262
21518 4 2 19 31 3286 3284 3244 3240
21519 4 2 19 31 2072 3271 2068 3269
21520 4 2 19 31 1157 1266 3295 3290
21521 4 2 19 31 3255 1250 1136 3250
21522 4 2 19 31 1262 3260 3265 1165
21523 4 2 19 31 1147 1265 3280 3275
21524 4 2 19 31 1224 3267 1247 3235
21525 4 2 19 31 3193 1226 1252 3257
21526 4 2 19 31 1232 3207 3283 1270
21527 4 2 19 31 1238 3221 3298 1259
21528 4 2 19 31 2075 1156 1155 3272
21529 4 2 19 31 1155 178 1267 3296
21530 4 2 19 31 3269 2070 3273 3272
21531 4 2 19 31 3288 3287 3242 3284
21532 4 2 19 31 3278 1139 177 1271
21533 4 2 19 31 3279 1253 175 1129
21534 4 2 19 31 1248 173 1127 3264
21535 4 2 19 31 177 1139 3294 1271
21536 4 2 19 31 175 1253 3254 1129
21537 4 2 19 31 1149 179 3293 1260
21538 4 2 19 31 1149 3263 179 1260
21539 4 2 19 31 1127 173 1248 3253
21540 4 2 19 31 189 185 1248 3267
21541 4 2 19 31 3258 189 185 1248
21542 4 2 19 31 3210 3208 3289 3214
21543 4 2 19 31 3180 3182 3186 3249
21544 4 2 19 31 3222 3228 3259 3224
21545 4 2 19 31 3200 3194 3196 3274
21546 4 2 19 31 3281 199 176 1264
21547 4 2 19 31 184 1154 3293 1178
21548 4 2 19 31 1182 181 3264 1162
21549 4 2 19 31 1174 183 3278 1144
21550 4 2 19 31 1170 182 3254 1134
21551 4 2 19 31 181 1167 3253 1131
21552 4 2 19 31 182 1171 3279 1141
21553 4 2 19 31 184 1179 3263 1159
21554 4 2 19 31 183 1175 3294 1151
21555 4 2 19 31 3256 1254 176 1130
21556 4 2 19 31 3296 1140 178 1272
21557 4 2 19 31 3255 1128 174 1249
21558 4 2 19 31 3280 178 1140 1272
21559 4 2 19 31 1150 1261 180 3266
21560 4 2 19 31 1128 3265 174 1249
21561 4 2 19 31 3281 176 1254 1130
21562 4 2 19 31 1261 180 3295 1150
21563 4 2 19 31 1138 1137 3256 1746
21564 4 2 19 31 1166 3265 1791 1165
21565 4 2 19 31 3295 1776 1158 1157
21566 4 2 19 31 1148 1761 1147 3280
21567 4 2 19 31 1775 1155 1156 3296
21568 4 2 19 31 1745 1135 1136 3255
21569 4 2 19 31 1760 1146 3281 1145
21570 4 2 19 31 1163 1164 1790 3266
21571 4 2 19 31 1743 1756 3253 1749
21572 4 2 19 31 1764 1758 3279 1771
21573 4 2 19 31 3293 1774 1780 1785
21574 4 2 19 31 3254 1744 1750 1755
21575 4 2 19 31 1788 3263 1794 1801
21576 4 2 19 31 3264 1795 1800 1789
21577 4 2 19 31 1759 3278 1770 1765
21578 4 2 19 31 1773 1779 1786 3294
21579 4 2 19 31 3287 3239 3284 3243
21580 4 2 19 31 2067 3269 2071 3272
21581 4 2 19 31 3225 3226 3222 3259
21582 4 2 19 31 3274 3197 3194 3198
21583 4 2 19 31 3184 3249 3180 3183
21584 4 2 19 31 3212 3289 3208 3211
21585 4 2 19 31 3298 1260 1238 1259
21586 4 2 19 31 3283 1271 1232 1270
21587 4 2 19 31 1247 3258 1248 1224
21588 4 2 19 31 1247 1248 3267 1224
21589 4 2 19 31 1226 1252 1253 3282
21590 4 2 19 31 3257 1226 1252 1253
21591 4 2 19 31 1271 3297 1232 1270
21592 4 2 19 31 1260 3268 1238 1259
21593 4 2 19 31 3252 1225 1252 3193
21594 4 2 19 31 1231 3207 1270 3277
21595 4 2 19 31 2071 2064 2068 3269
21596 4 2 19 31 3236 3284 3243 3240
21597 4 2 19 31 3292 3212 3209 3211
21598 4 2 19 31 3223 3225 3261 3226
21599 4 2 19 31 1267 178 203 3296
21600 4 2 19 31 1267 1155 1156 3272
21601 4 2 19 31 1244 3286 3248 1243
21602 4 2 19 31 2071 1156 2067 3272
21603 4 2 19 31 3239 3287 1240 3243
21604 4 2 19 31 1138 176 3256 1251
21605 4 2 19 31 1146 3281 1264 3275
21606 4 2 19 31 1263 1163 180 3266
21607 4 2 19 31 2066 2069 2064 3269
21608 4 2 19 31 3236 3241 3238 3284
21609 4 2 19 31 1267 1156 3296 3290
21610 4 2 19 31 1239 1240 3287 1274
21611 4 2 19 31 1746 1137 3256 3250
21612 4 2 19 31 1791 3265 3260 1165
21613 4 2 19 31 3280 1761 1147 3275
21614 4 2 19 31 3295 1776 1157 3290
21615 4 2 19 31 3296 1156 1775 3290
21616 4 2 19 31 1790 1164 3260 3266
21617 4 2 19 31 1136 1745 3255 3250
21618 4 2 19 31 1760 3281 1146 3275
21619 4 2 19 31 1202 181 3267 3264
21620 4 2 19 31 1192 3278 183 3283
21621 4 2 19 31 182 3257 1187 3254
21622 4 2 19 31 1183 3258 181 3253
21623 4 2 19 31 1197 3293 184 3298
21624 4 2 19 31 176 199 3256 1251
21625 4 2 19 31 1144 183 3278 177
21626 4 2 19 31 1154 184 3293 179
21627 4 2 19 31 1134 182 3254 175
21628 4 2 19 31 1162 181 3264 173
21629 4 2 19 31 183 1151 3294 177
21630 4 2 19 31 181 1131 3253 173
21631 4 2 19 31 1141 182 175 3279
21632 4 2 19 31 1159 184 179 3263
21633 4 2 19 31 3223 3231 3267 3232
21634 4 2 19 31 3204 3195 3283 3203
21635 4 2 19 31 3190 3257 3189 3181
21636 4 2 19 31 3217 3209 3218 3298
21637 4 2 19 31 1164 2076 3271 1163
21638 4 2 19 31 180 202 1263 3266
21639 4 2 19 31 3214 1214 3289 3297
21640 4 2 19 31 3228 1219 3259 3268
21641 4 2 19 31 3186 3258 1204 3249
21642 4 2 19 31 3200 3282 1209 3274
21643 4 2 19 31 3188 3258 189 1203
21644 4 2 19 31 3282 190 3202 1208
21645 4 2 19 31 192 1218 3230 3268
21646 4 2 19 31 3297 1213 191 3216
21647 4 2 19 31 3214 3289 3210 3297
21648 4 2 19 31 3224 3228 3259 3268
21649 4 2 19 31 3186 3182 3258 3249
21650 4 2 19 31 3282 3200 3196 3274
21651 4 2 19 31 1215 1194 3289 1214
21652 4 2 19 31 1205 1184 3249 1204
21653 4 2 19 31 1220 1199 3259 1219
21654 4 2 19 31 1210 1189 3274 1209
21655 4 2 19 31 1251 3256 1137 3250
21656 4 2 19 31 3239 3236 3284 3243
21657 4 2 19 31 3269 2071 2064 2067
21658 4 2 19 31 1263 3260 1164 3266
21659 4 2 19 31 3285 1255 1227 1228
21660 4 2 19 31 176 3281 1767 1130
21661 4 2 19 31 1752 1128 174 3255
21662 4 2 19 31 180 1797 1150 3266
21663 4 2 19 31 1782 1140 178 3296
21664 4 2 19 31 1781 3295 180 1150
21665 4 2 19 31 1766 178 1140 3280
21666 4 2 19 31 174 3265 1128 1796
21667 4 2 19 31 1751 3256 176 1130
21668 4 2 19 31 1175 183 3294 1193
21669 4 2 19 31 1171 182 3279 1188
21670 4 2 19 31 1179 184 3263 1198
21671 4 2 19 31 1167 181 3253 1183
21672 4 2 19 31 181 1182 3264 1202
21673 4 2 19 31 182 1170 3254 1187
21674 4 2 19 31 183 1174 3278 1192
21675 4 2 19 31 1178 3293 184 1197
21676 4 2 19 31 1243 1244 3286 1258
21677 4 2 19 31 3283 3278 183 1271
21678 4 2 19 31 1253 3257 182 3254
21679 4 2 19 31 181 1248 3267 3264
21680 4 2 19 31 1248 181 3258 3253
21681 4 2 19 31 1260 184 3293 3298
21682 4 2 19 31 3235 1247 1223 3261
21683 4 2 19 31 1259 3221 3292 1237
21684 4 2 19 31 1207 3257 3189 3190
21685 4 2 19 31 3232 3231 3267 1222
21686 4 2 19 31 3217 3218 1217 3298
21687 4 2 19 31 3283 1212 3204 3203
21688 4 2 19 31 3290 1773 3296 3294
21689 4 2 19 31 3256 3254 1744 3250
21690 4 2 19 31 3250 3255 3253 1743
21691 4 2 19 31 3295 3293 1774 3290
21692 4 2 19 31 3263 1788 3260 3266
21693 4 2 19 31 3260 3264 3265 1789
21694 4 2 19 31 3275 3278 3280 1759
21695 4 2 19 31 3281 1758 3279 3275
21696 4 2 19 31 2064 2070 2066 3269
21697 4 2 19 31 3236 3238 3242 3284
21698 4 2 19 31 3217 3221 3209 3298
21699 4 2 19 31 3235 3231 3267 3223
21700 4 2 19 31 3193 3189 3257 3181
21701 4 2 19 31 3195 3283 3203 3207
21702 4 2 19 31 1184 1185 3249 1168
21703 4 2 19 31 1200 1199 1180 3259
21704 4 2 19 31 1190 1189 1172 3274
21705 4 2 19 31 1194 1195 3289 1176
21706 4 2 19 31 1185 1186 3249 1169
21707 4 2 19 31 1201 1200 1181 3259
21708 4 2 19 31 1190 1191 3274 1173
21709 4 2 19 31 1195 1196 3289 1177
21710 4 2 19 31 3278 177 1139 1765
21711 4 2 19 31 177 1139 1779 3294
21712 4 2 19 31 175 1764 3279 1129
21713 4 2 19 31 1794 3263 179 1149
21714 4 2 19 31 1795 1127 173 3264
21715 4 2 19 31 3253 1127 173 1749
21716 4 2 19 31 1750 175 3254 1129
21717 4 2 19 31 3293 1780 179 1149
21718 4 2 19 31 3244 3286 3240 1244
21719 4 2 19 31 2068 3271 2072 1164
21720 4 2 19 31 2069 2066 3273 3269
21721 4 2 19 31 3288 3238 3241 3284
21722 4 2 19 31 3252 3249 3180 3184
21723 4 2 19 31 3277 3274 3194 3198
21724 4 2 19 31 1257 1246 1245 3285
21725 4 2 19 31 3236 3242 3239 3284
21726 4 2 19 31 2064 2070 3269 2067
21727 4 2 19 31 3271 1164 1163 1263
21728 4 2 19 31 3247 3239 3287 1240
21729 4 2 19 31 1156 2075 2067 3272
21730 4 2 19 31 3210 1213 3297 3216
21731 4 2 19 31 3196 3282 3202 1208
21732 4 2 19 31 3182 3258 3188 1203
21733 4 2 19 31 1218 3224 3230 3268
21734 4 2 19 31 1166 1262 3265 1165
21735 4 2 19 31 1158 1266 3295 1157
21736 4 2 19 31 1265 1148 1147 3280
21737 4 2 19 31 1250 1136 1135 3255
21738 4 2 19 31 3202 1226 190 3282
21739 4 2 19 31 3188 189 3258 1224
21740 4 2 19 31 3230 1238 192 3268
21741 4 2 19 31 191 3297 3216 1232
21742 4 2 19 31 1773 3296 1775 3290
21743 4 2 19 31 1746 3256 1744 3250
21744 4 2 19 31 1788 1790 3260 3266
21745 4 2 19 31 1760 1758 3281 3275
21746 4 2 19 31 3265 3260 1789 1791
21747 4 2 19 31 1776 3295 1774 3290
21748 4 2 19 31 3280 1761 3275 1759
21749 4 2 19 31 3250 1745 3255 1743
21750 4 2 19 31 1777 1773 1772 3290
21751 4 2 19 31 1747 3250 1743 1742
21752 4 2 19 31 1787 3260 1792 1788
21753 4 2 19 31 1758 1757 1762 3275
21754 4 2 19 31 3250 1747 1744 1742
21755 4 2 19 31 1757 1762 3275 1759
21756 4 2 19 31 1789 3260 1792 1787
21757 4 2 19 31 1774 1777 1772 3290
21758 4 2 19 31 3204 3197 1211 3274
21759 4 2 19 31 3190 1206 3249 3183
21760 4 2 19 31 1216 3289 3218 3211
21761 4 2 19 31 3225 1221 3232 3259
21762 4 2 19 31 1766 1148 178 3280
21763 4 2 19 31 1767 3281 176 1145
21764 4 2 19 31 174 1135 1752 3255
21765 4 2 19 31 1797 180 1163 3266
21766 4 2 19 31 1796 174 3265 1166
21767 4 2 19 31 178 1155 1782 3296
21768 4 2 19 31 180 3295 1781 1158
21769 4 2 19 31 176 3256 1751 1138
21770 4 2 19 31 3283 191 1212 3203
21771 4 2 19 31 3217 1217 192 3298
21772 4 2 19 31 189 3267 3231 1222
21773 4 2 19 31 3257 3189 190 1207
21774 4 2 19 31 1165 1166 1262 3270
21775 4 2 19 31 3193 1252 3252 3257
21776 4 2 19 31 1270 3207 3283 3277
21777 4 2 19 31 1250 1135 1136 3270
21778 4 2 19 31 3240 3286 3248 1244
21779 4 2 19 31 3271 2068 2076 1164
21780 4 2 19 31 1227 1255 3251 1228
21781 4 2 19 31 3289 3208 3292 3212
21782 4 2 19 31 2068 3271 2071 3269
21783 4 2 19 31 3286 3243 3284 3240
21784 4 2 19 31 3273 2066 2070 3269
21785 4 2 19 31 3238 3288 3242 3284
21786 4 2 19 31 1146 1264 3281 1145
21787 4 2 19 31 1156 1155 1267 3296
21788 4 2 19 31 1774 1780 1784 3293
21789 4 2 19 31 3254 1744 1754 1750
21790 4 2 19 31 3264 1799 1795 1789
21791 4 2 19 31 3278 1759 1769 1765
21792 4 2 19 31 3253 1743 1749 1753
21793 4 2 19 31 1783 1779 1773 3294
21794 4 2 19 31 1758 1768 1764 3279
21795 4 2 19 31 1788 3263 1798 1794
21796 4 2 19 31 1138 3256 1751 1746
21797 4 2 19 31 1791 1796 3265 1166
21798 4 2 19 31 1761 1148 1766 3280
21799 4 2 19 31 1781 3295 1776 1158
21800 4 2 19 31 1752 1135 1745 3255
21801 4 2 19 31 1782 1155 1775 3296
21802 4 2 19 31 1797 1163 1790 3266
21803 4 2 19 31 1760 3281 1767 1145
21804 4 2 19 31 3257 3249 3252 3181
21805 4 2 19 31 3195 3274 3283 3277
21806 4 2 19 31 3285 3237 3244 3284
21807 4 2 19 31 2072 2065 3270 3269
21808 4 2 19 31 3254 1134 175 1750
21809 4 2 19 31 173 1162 1795 3264
21810 4 2 19 31 1765 3278 177 1144
21811 4 2 19 31 179 1780 3293 1154
21812 4 2 19 31 3294 1779 177 1151
21813 4 2 19 31 179 3263 1794 1159
21814 4 2 19 31 1764 1141 175 3279
21815 4 2 19 31 3253 173 1131 1749
21816 4 2 19 31 3273 2074 1137 1138
21817 4 2 19 31 3288 1233 1234 1268
21818 4 2 19 31 3235 3267 1247 3261
21819 4 2 19 31 3298 3221 3292 1259
21820 4 2 19 31 3256 1137 1138 1251
21821 4 2 19 31 1138 1137 3273 1251
21822 4 2 19 31 1164 1163 1263 3266
21823 4 2 19 31 3195 3197 3274 3277
21824 4 2 19 31 3181 3249 3252 3183
21825 4 2 19 31 3246 1229 1230 3288
21826 4 2 19 31 3213 1232 3291 1231
21827 4 2 19 31 3227 1238 3262 1237
21828 4 2 19 31 2069 3270 2065 3269
21829 4 2 19 31 3237 3285 3241 3284
21830 4 2 19 31 2067 2070 3269 3272
21831 4 2 19 31 3287 3239 3242 3284
21832 4 2 19 31 1145 1146 1264 3273
21833 4 2 19 31 3241 1229 3238 3288
21834 4 2 19 31 1137 2066 3273 2069
21835 4 2 19 31 1256 1230 1229 3288
21836 4 2 19 31 1244 1243 3227 3262
21837 4 2 19 31 1240 1239 3213 3291
21838 4 2 19 31 1232 3213 3291 3210
21839 4 2 19 31 1238 3227 3262 3224
21840 4 2 19 31 3245 3285 1227 1228
21841 4 2 19 31 1233 3246 3288 1234
21842 4 2 19 31 3229 1244 3227 3262
21843 4 2 19 31 1240 3213 3215 3291
21844 4 2 19 31 3289 3208 3210 3291
21845 4 2 19 31 3259 3262 3222 3224
21846 4 2 19 31 3224 3259 3262 3268
21847 4 2 19 31 3297 3289 3210 3291
21848 4 2 19 31 1166 1165 2073 3270
21849 4 2 19 31 1244 1243 3262 1258
21850 4 2 19 31 1240 1239 3291 1274
21851 4 2 19 31 3197 3274 3277 3198
21852 4 2 19 31 3184 3252 3249 3183
21853 4 2 19 31 3215 3213 3208 3291
21854 4 2 19 31 3262 3227 3229 3222
21855 4 2 19 31 3209 3292 3289 3298
21856 4 2 19 31 3223 3267 3261 3259
21857 4 2 19 31 3191 1225 3252 3193
21858 4 2 19 31 1231 3205 3207 3277
21859 4 2 19 31 1273 1242 1241 3286
21860 4 2 19 31 2073 1136 1135 3270
21861 4 2 19 31 3285 1246 1245 3245
21862 4 2 19 31 3276 1234 1233 1268
21863 4 2 19 31 3273 1145 1146 2074
21864 4 2 19 31 1800 1796 3265 1791
21865 4 2 19 31 1751 3256 1755 1746
21866 4 2 19 31 1781 3295 1785 1776
21867 4 2 19 31 3280 1766 1761 1770
21868 4 2 19 31 1771 3281 1767 1760
21869 4 2 19 31 1775 1782 3296 1786
21870 4 2 19 31 1790 1801 1797 3266
21871 4 2 19 31 1745 1752 3255 1756
21872 4 2 19 31 1772 1773 1775 3290
21873 4 2 19 31 3260 1787 1790 1788
21874 4 2 19 31 1757 1758 1760 3275
21875 4 2 19 31 1743 3250 1745 1742
21876 4 2 19 31 3275 1761 1757 1759
21877 4 2 19 31 3250 1744 1746 1742
21878 4 2 19 31 1787 1789 3260 1791
21879 4 2 19 31 1772 1776 1774 3290
21880 4 2 19 31 1150 1797 1801 3266
21881 4 2 19 31 3296 1782 1140 1786
21882 4 2 19 31 1751 1755 3256 1130
21883 4 2 19 31 1767 3281 1771 1130
21884 4 2 19 31 3265 1128 1796 1800
21885 4 2 19 31 1785 3295 1781 1150
21886 4 2 19 31 1140 1766 3280 1770
21887 4 2 19 31 3255 1752 1128 1756
21888 4 2 19 31 2074 2066 3273 1137
21889 4 2 19 31 1229 3246 3238 3288
21890 4 2 19 31 1146 3273 2066 2070
21891 4 2 19 31 3238 3288 1234 3242
21892 4 2 19 31 3261 3225 3223 3259
21893 4 2 19 31 3209 3289 3292 3211
21894 4 2 19 31 3282 3202 1226 3196
21895 4 2 19 31 3216 3297 3210 1232
21896 4 2 19 31 3224 1238 3230 3268
21897 4 2 19 31 3258 3188 1224 3182
21898 4 2 19 31 3231 3267 189 1224
21899 4 2 19 31 3203 3283 191 1232
21900 4 2 19 31 3189 190 1226 3257
21901 4 2 19 31 192 1238 3217 3298
21902 4 2 19 31 1226 3199 1225 3276
21903 4 2 19 31 3185 1224 3251 1223
21904 4 2 19 31 3196 3276 3282 3274
21905 4 2 19 31 3249 3182 3258 3251
21906 4 2 19 31 1224 3185 3251 3182
21907 4 2 19 31 1226 3199 3276 3196
21908 4 2 19 31 1233 3199 1234 3276
21909 4 2 19 31 1227 3251 3185 1228
21910 4 2 19 31 1232 3297 3210 3291
21911 4 2 19 31 1238 3224 3262 3268
21912 4 2 19 31 3180 3182 3249 3251
21913 4 2 19 31 3196 3194 3276 3274
21914 4 2 19 31 1158 3271 1266 1157
21915 4 2 19 31 3246 3238 3288 1234
21916 4 2 19 31 2066 3273 1146 2074
21917 4 2 19 31 3198 3277 3205 1236
21918 4 2 19 31 3252 3184 1230 3191
21919 4 2 19 31 3226 3225 3261 3259
21920 4 2 19 31 3212 3292 3289 3211
21921 4 2 19 31 3199 3201 1234 3276
21922 4 2 19 31 3187 3185 3251 1228
21923 4 2 19 31 3257 3252 3193 3181
21924 4 2 19 31 3195 3283 3207 3277
21925 4 2 19 31 3237 3244 1245 3285
21926 4 2 19 31 1165 2072 2065 3270
21927 4 2 19 31 3199 3201 3276 3194
21928 4 2 19 31 3185 3180 3187 3251
21929 4 2 19 31 1238 3221 3217 3298
21930 4 2 19 31 1224 3231 3267 3235
21931 4 2 19 31 3207 3283 3203 1232
21932 4 2 19 31 1226 3193 3189 3257
21933 4 2 19 31 3272 1148 1147 1265
21934 4 2 19 31 3213 1239 3220 3291
21935 4 2 19 31 1243 3227 3262 3234
21936 4 2 19 31 3222 3262 3227 3224
21937 4 2 19 31 3213 3210 3208 3291
21938 4 2 19 31 3285 3237 3241 1228
21939 4 2 19 31 3270 2065 1136 2069
21940 4 2 19 31 2065 2073 1165 3270
21941 4 2 19 31 1245 3237 3285 3245
21942 4 2 19 31 1223 3233 3235 3261
21943 4 2 19 31 1237 3221 3292 3219
21944 4 2 19 31 2065 1136 2073 3270
21945 4 2 19 31 3237 3285 3245 1228
21946 4 2 19 31 3213 3220 1231 3291
21947 4 2 19 31 1237 3262 3227 3234
21948 4 2 19 31 1204 1205 3186 3249
21949 4 2 19 31 3214 3289 1214 1215
21950 4 2 19 31 3228 1219 1220 3259
21951 4 2 19 31 1210 3200 1209 3274
21952 4 2 19 31 1205 3249 1206 3183
21953 4 2 19 31 1210 1211 3197 3274
21954 4 2 19 31 3289 1216 1215 3211
21955 4 2 19 31 1221 3225 1220 3259
21956 4 2 19 31 1748 1745 3250 1742
21957 4 2 19 31 1763 1757 1760 3275
21958 4 2 19 31 1775 1778 1772 3290
21959 4 2 19 31 1787 3260 1790 1793
21960 4 2 19 31 3260 1787 1791 1793
21961 4 2 19 31 1772 1778 1776 3290
21962 4 2 19 31 1746 1748 3250 1742
21963 4 2 19 31 1763 1761 1757 3275
21964 4 2 19 31 1158 2076 3271 1157
21965 4 2 19 31 2075 3272 1148 1147
21966 4 2 19 31 3282 1226 3276 3196
21967 4 2 19 31 3182 1224 3258 3251
21968 4 2 19 31 2071 3271 2068 1157
21969 4 2 19 31 3286 1241 3243 3240
21970 4 2 19 31 3248 1241 1242 3286
21971 4 2 19 31 2075 2067 3272 1147
21972 4 2 19 31 3239 3287 1235 3247
21973 4 2 19 31 3272 2067 2070 1147
21974 4 2 19 31 1235 3287 3239 3242
21975 4 2 19 31 2076 2068 3271 1157
21976 4 2 19 31 3286 3248 1241 3240
21977 4 2 19 31 3287 1236 1235 3247
21978 4 2 19 31 1799 1795 1162 3264
21979 4 2 19 31 3293 1780 1784 1154
21980 4 2 19 31 1754 1134 3254 1750
21981 4 2 19 31 1765 1769 3278 1144
21982 4 2 19 31 1783 1779 3294 1151
21983 4 2 19 31 3263 1798 1794 1159
21984 4 2 19 31 1141 1764 1768 3279
21985 4 2 19 31 1749 1131 3253 1753
21986 4 2 19 31 3267 3235 3223 3261
21987 4 2 19 31 3221 3292 3209 3298
21988 4 2 19 31 3226 3261 3233 1246
21989 4 2 19 31 1242 3292 3212 3219
21990 4 2 19 31 3182 3180 3185 3251
21991 4 2 19 31 3194 3276 3199 3196
21992 4 2 19 31 1233 3199 3276 3206
21993 4 2 19 31 3251 3185 3192 1227
21994 4 2 19 31 3185 3192 1223 3251
21995 4 2 19 31 3199 3276 3206 1225
21996 4 2 19 31 3277 3207 3195 3198
21997 4 2 19 31 3252 3184 3193 3181
21998 4 2 19 31 1236 1235 1269 3287
21999 4 2 19 31 3252 3184 3191 3193
22000 4 2 19 31 3277 3205 3207 3198
22001 4 2 19 31 3235 3223 3261 3226
22002 4 2 19 31 3209 3212 3292 3221
22003 4 2 19 31 3214 3208 3289 3211
22004 4 2 19 31 3197 3194 3200 3274
22005 4 2 19 31 3228 3225 3222 3259
22006 4 2 19 31 3186 3180 3249 3183
22007 4 2 19 31 3221 3212 3292 3219
22008 4 2 19 31 3261 3233 3235 3226
22009 4 2 19 31 1215 3214 3289 3211
22010 4 2 19 31 1210 3197 3200 3274
22011 4 2 19 31 3249 1205 3186 3183
22012 4 2 19 31 3225 3228 1220 3259
22013 4 2 19 31 1241 1240 3215 1273
22014 4 2 19 31 1257 1245 3229 1244
22015 4 2 19 31 1256 1228 3251 1255
22016 4 2 19 31 1256 3251 1228 3187
22017 4 2 19 31 3229 1257 3226 1245
22018 4 2 19 31 3229 3226 1257 3261
22019 4 2 19 31 1246 3226 1257 1245
22020 4 2 19 31 1246 1257 3226 3261
22021 4 2 19 31 3215 1273 3212 1241
22022 4 2 19 31 3215 3212 1273 3292
22023 4 2 19 31 1242 3212 1273 1241
22024 4 2 19 31 1242 1273 3212 3292
22025 4 2 19 31 1221 3267 1202 1222
22026 4 2 19 31 1216 3298 1197 1217
22027 4 2 19 31 1206 3257 1187 1207
22028 4 2 19 31 1211 3283 1192 1212
22029 4 2 19 31 1236 1269 3198 3277
22030 4 2 19 31 1236 3198 1269 1235
22031 4 2 19 31 3201 3198 1269 3277
22032 4 2 19 31 3201 1269 3198 1235
22033 4 2 19 31 1230 1256 3184 3252
22034 4 2 19 31 1230 3184 1256 1229
22035 4 2 19 31 3187 3184 1256 3252
22036 4 2 19 31 3187 1256 3184 1229
22037 4 2 19 31 1234 1269 3276 3201
22038 4 2 19 31 3276 1269 1234 1268
22039 4 2 19 31 187 3297 1193 1213
22040 4 2 19 31 1214 1193 3297 1213
22041 4 2 19 31 186 3282 1188 1208
22042 4 2 19 31 1209 1188 3282 1208
22043 4 2 19 31 188 3268 1198 1218
22044 4 2 19 31 1219 1198 3268 1218
22045 4 2 19 31 1183 3258 1204 1203
22046 4 2 19 31 3259 1201 3267 3264
22047 4 2 19 31 3259 3267 1201 1221
22048 4 2 19 31 1202 3267 1201 3264
22049 4 2 19 31 1202 1201 3267 1221
22050 4 2 19 31 1196 1197 3298 3293
22051 4 2 19 31 3298 1197 1196 1216
22052 4 2 19 31 3298 3289 1196 3293
22053 4 2 19 31 1196 3289 3298 1216
22054 4 2 19 31 1186 3249 3257 1206
22055 4 2 19 31 3257 3249 1186 3254
22056 4 2 19 31 3257 1187 1186 1206
22057 4 2 19 31 1186 1187 3257 3254
22058 4 2 19 31 3274 1191 3283 3278
22059 4 2 19 31 3274 3283 1191 1211
22060 4 2 19 31 1192 3283 1191 3278
22061 4 2 19 31 1192 1191 3283 1211
22062 4 2 19 31 1189 3274 3282 3279
22063 4 2 19 31 3282 3274 1189 1209
22064 4 2 19 31 3282 1188 1189 3279
22065 4 2 19 31 1189 1188 3282 1209
22066 4 2 19 31 1194 3289 3297 3294
22067 4 2 19 31 3297 3289 1194 1214
22068 4 2 19 31 3297 1193 1194 3294
22069 4 2 19 31 1194 1193 3297 1214
22070 4 2 19 31 1199 3259 3268 3263
22071 4 2 19 31 3268 3259 1199 1219
22072 4 2 19 31 3268 1198 1199 3263
22073 4 2 19 31 1199 1198 3268 1219
22074 4 2 19 31 3249 1184 3258 1204
22075 4 2 19 31 3249 3258 1184 3253
22076 4 2 19 31 1183 3258 1184 1204
22077 4 2 19 31 1183 1184 3258 3253
22078 4 2 19 31 3194 3277 3276 3274
22079 4 2 19 31 3276 3277 3194 3201
22080 4 2 19 31 3252 3180 3251 3187
22081 4 2 19 31 3252 3251 3180 3249
22082 4 2 19 31 3208 3292 3291 3289
22083 4 2 19 31 3291 3292 3208 3215
22084 4 2 19 31 3259 3229 3226 3222
22085 4 2 19 31 3259 3226 3229 3261
22086 4 2 19 31 1238 3262 1259 3268
22087 4 2 19 31 1238 1259 3262 1237
22088 4 2 19 31 1232 3291 1270 3297
22089 4 2 19 31 1270 3291 1232 1231
22090 4 2 19 31 3276 1226 1252 1225
22091 4 2 19 31 3276 1252 1226 3282
22092 4 2 19 31 3251 1224 1247 1223
22093 4 2 19 31 3251 1247 1224 3258
22094 4 2 19 31 1188 182 3282 186
22095 4 2 19 31 1188 3282 182 3279
22096 4 2 19 31 1253 3282 182 186
22097 4 2 19 31 1253 182 3282 3279
22098 4 2 19 31 1198 184 3268 188
22099 4 2 19 31 1198 3268 184 3263
22100 4 2 19 31 1260 3268 184 188
22101 4 2 19 31 1260 184 3268 3263
22102 4 2 19 31 1193 183 3297 187
22103 4 2 19 31 1193 3297 183 3294
22104 4 2 19 31 1271 3297 183 187
22105 4 2 19 31 1271 183 3297 3294
$EndElements
